90000 623
90001 331
90002 988
90003 1084
90004 790
90005 39
90006 86
90007 724
90008 830
90009 902
90010 714
90011 1078
90012 678
90013 476
90014 371
90015 316
90016 263
90017 640
90018 370
90019 369
90020 730
90021 524
90022 1068
90023 593
90024 228
90025 979
90026 606
90027 1155
90028 553
90029 1023
90030 528
90031 79
90032 998
90033 855
90034 230
90035 1107
90036 752
90037 475
90038 890
90039 316
90040 180
90041 1072
90042 658
90043 594
90044 129
90045 726
90046 235
90047 428
90048 65
90049 900
90050 221
90051 879
90052 120
90053 898
90054 693
90055 220
90056 568
90057 440
90058 968
90059 419
90060 1038
90061 775
90062 1062
90063 707
90064 722
90065 736
90066 1069
90067 425
90068 405
90069 347
90070 382
90071 22
90072 595
90073 400
90074 1055
90075 734
90076 1058
90077 1009
90078 998
90079 259
90080 1063
90081 70
90082 434
90083 967
90084 1011
90085 965
90086 574
90087 619
90088 656
90089 75
90090 95
90091 664
90092 950
90093 864
90094 1034
90095 1084
90096 124
90097 125
90098 761
90099 73
90100 316
90101 766
90102 10
90103 562
90104 893
90105 171
90106 928
90107 1141
90108 351
90109 96
90110 115
90111 116
90112 1117
90113 621
90114 677
90115 430
90116 1129
90117 1004
90118 235
90119 157
90120 283
90121 910
90122 395
90123 928
90124 36
90125 931
90126 852
90127 762
90128 773
90129 269
90130 127
90131 269
90132 563
90133 978
90134 212
90135 383
90136 470
90137 342
90138 132
90139 800
90140 535
90141 433
90142 497
90143 919
90144 122
90145 1096
90146 256
90147 984
90148 919
90149 245
90150 425
90151 308
90152 129
90153 1071
90154 1092
90155 767
90156 1140
90157 1027
90158 35
90159 444
90160 266
90161 877
90162 926
90163 282
90164 941
90165 1152
90166 797
90167 584
90168 2
90169 772
90170 587
90171 84
90172 763
90173 746
90174 542
90175 428
90176 293
90177 1127
90178 872
90179 268
90180 377
90181 119
90182 29
90183 1158
90184 1011
90185 1117
90186 987
90187 527
90188 731
90189 665
90190 382
90191 762
90192 273
90193 864
90194 240
90195 428
90196 170
90197 636
90198 1058
90199 539
90200 977
90201 779
90202 870
90203 502
90204 10
90205 182
90206 933
90207 332
90208 1059
90209 573
90210 875
90211 278
90212 343
90213 570
90214 1117
90215 1047
90216 123
90217 1157
90218 463
90219 717
90220 943
90221 541
90222 1048
90223 529
90224 831
90225 706
90226 619
90227 127
90228 641
90229 270
90230 469
90231 680
90232 351
90233 884
90234 884
90235 1002
90236 385
90237 811
90238 49
90239 111
90240 389
90241 664
90242 747
90243 187
90244 473
90245 534
90246 238
90247 462
90248 658
90249 550
90250 789
90251 1134
90252 809
90253 785
90254 460
90255 254
90256 834
90257 1113
90258 337
90259 441
90260 1032
90261 250
90262 603
90263 1000
90264 1170
90265 876
90266 555
90267 130
90268 86
90269 100
90270 270
90271 333
90272 791
90273 1058
90274 288
90275 738
90276 1150
90277 423
90278 323
90279 1074
90280 156
90281 137
90282 1158
90283 888
90284 786
90285 1166
90286 709
90287 1010
90288 120
90289 939
90290 139
90291 923
90292 923
90293 741
90294 94
90295 4
90296 141
90297 791
90298 670
90299 256
90300 708
90301 118
90302 179
90303 1124
90304 243
90305 76
90306 905
90307 324
90308 321
90309 806
90310 507
90311 780
90312 106
90313 701
90314 620
90315 749
90316 164
90317 967
90318 274
90319 963
90320 648
90321 722
90322 779
90323 991
90324 183
90325 952
90326 793
90327 669
90328 527
90329 1009
90330 291
90331 263
90332 197
90333 190
90334 307
90335 1109
90336 241
90337 93
90338 767
90339 387
90340 416
90341 1125
90342 40
90343 756
90344 520
90345 1118
90346 248
90347 547
90348 1143
90349 187
90350 1004
90351 676
90352 370
90353 142
90354 1000
90355 780
90356 183
90357 469
90358 1051
90359 911
90360 689
90361 220
90362 563
90363 20
90364 175
90365 1064
90366 622
90367 989
90368 465
90369 933
90370 882
90371 888
90372 128
90373 849
90374 492
90375 326
90376 999
90377 741
90378 878
90379 334
90380 782
90381 74
90382 99
90383 742
90384 344
90385 884
90386 978
90387 459
90388 314
90389 1011
90390 895
90391 784
90392 395
90393 498
90394 978
90395 118
90396 698
90397 312
90398 617
90399 1159
90400 271
90401 942
90402 187
90403 853
90404 896
90405 402
90406 423
90407 73
90408 835
90409 1013
90410 915
90411 804
90412 632
90413 550
90414 861
90415 324
90416 53
90417 1017
90418 902
90419 621
90420 359
90421 201
90422 729
90423 259
90424 459
90425 816
90426 543
90427 197
90428 644
90429 502
90430 972
90431 662
90432 595
90433 973
90434 818
90435 543
90436 587
90437 339
90438 1168
90439 1160
90440 138
90441 507
90442 819
90443 75
90444 89
90445 521
90446 1145
90447 1127
90448 1056
90449 259
90450 207
90451 1092
90452 312
90453 1095
90454 274
90455 529
90456 561
90457 620
90458 1120
90459 1091
90460 1139
90461 1011
90462 306
90463 1011
90464 752
90465 175
90466 461
90467 849
90468 269
90469 313
90470 523
90471 926
90472 653
90473 716
90474 760
90475 101
90476 382
90477 707
90478 607
90479 589
90480 904
90481 1161
90482 987
90483 6
90484 3
90485 550
90486 181
90487 941
90488 295
90489 115
90490 584
90491 1014
90492 575
90493 1013
90494 536
90495 117
90496 647
90497 1152
90498 845
90499 98
90500 839
90501 243
90502 863
90503 918
90504 15
90505 466
90506 436
90507 580
90508 726
90509 561
90510 563
90511 776
90512 199
90513 78
90514 1129
90515 802
90516 1061
90517 114
90518 1097
90519 66
90520 183
90521 923
90522 442
90523 467
90524 699
90525 577
90526 834
90527 282
90528 768
90529 592
90530 876
90531 120
90532 697
90533 896
90534 253
90535 1055
90536 952
90537 895
90538 875
90539 910
90540 507
90541 406
90542 112
90543 1095
90544 649
90545 391
90546 749
90547 31
90548 729
90549 109
90550 915
90551 986
90552 617
90553 672
90554 53
90555 819
90556 309
90557 284
90558 233
90559 1108
90560 475
90561 832
90562 475
90563 328
90564 400
90565 975
90566 1043
90567 818
90568 805
90569 755
90570 518
90571 105
90572 789
90573 310
90574 1124
90575 515
90576 549
90577 391
90578 355
90579 1105
90580 537
90581 255
90582 844
90583 1126
90584 522
90585 424
90586 936
90587 937
90588 659
90589 41
90590 350
90591 268
90592 796
90593 62
90594 1089
90595 482
90596 549
90597 301
90598 775
90599 370
90600 153
90601 999
90602 652
90603 635
90604 1096
90605 912
90606 897
90607 773
90608 239
90609 529
90610 824
90611 1088
90612 1145
90613 164
90614 1096
90615 975
90616 587
90617 541
90618 188
90619 221
90620 716
90621 467
90622 837
90623 110
90624 351
90625 1115
90626 372
90627 405
90628 1049
90629 745
90630 1072
90631 461
90632 340
90633 443
90634 1124
90635 227
90636 807
90637 769
90638 758
90639 264
90640 690
90641 217
90642 22
90643 141
90644 13
90645 1079
90646 621
90647 934
90648 757
90649 79
90650 446
90651 160
90652 702
90653 839
90654 1034
90655 924
90656 696
90657 559
90658 408
90659 969
90660 520
90661 754
90662 448
90663 355
90664 81
90665 297
90666 757
90667 805
90668 14
90669 117
90670 859
90671 685
90672 24
90673 524
90674 319
90675 339
90676 1113
90677 639
90678 940
90679 140
90680 35
90681 960
90682 187
90683 1068
90684 265
90685 144
90686 189
90687 3
90688 368
90689 576
90690 855
90691 118
90692 277
90693 690
90694 61
90695 390
90696 171
90697 925
90698 492
90699 241
90700 756
90701 66
90702 820
90703 1122
90704 838
90705 921
90706 991
90707 203
90708 838
90709 1089
90710 624
90711 1047
90712 974
90713 463
90714 167
90715 137
90716 792
90717 802
90718 914
90719 374
90720 315
90721 100
90722 512
90723 570
90724 317
90725 919
90726 559
90727 73
90728 135
90729 461
90730 557
90731 463
90732 95
90733 57
90734 147
90735 864
90736 452
90737 264
90738 55
90739 960
90740 570
90741 1035
90742 23
90743 779
90744 489
90745 834
90746 343
90747 857
90748 220
90749 919
90750 344
90751 679
90752 10
90753 421
90754 812
90755 857
90756 1160
90757 618
90758 474
90759 919
90760 1124
90761 866
90762 432
90763 113
90764 667
90765 675
90766 897
90767 936
90768 783
90769 1147
90770 235
90771 28
90772 284
90773 844
90774 562
90775 893
90776 555
90777 265
90778 66
90779 839
90780 46
90781 469
90782 522
90783 399
90784 879
90785 759
90786 654
90787 655
90788 393
90789 659
90790 176
90791 902
90792 38
90793 84
90794 839
90795 189
90796 207
90797 1105
90798 47
90799 114
90800 814
90801 1067
90802 1105
90803 303
90804 587
90805 890
90806 65
90807 81
90808 612
90809 47
90810 641
90811 674
90812 777
90813 499
90814 720
90815 737
90816 684
90817 835
90818 342
90819 329
90820 921
90821 903
90822 285
90823 6
90824 677
90825 296
90826 1162
90827 284
90828 44
90829 502
90830 161
90831 588
90832 1119
90833 934
90834 91
90835 709
90836 587
90837 399
90838 478
90839 221
90840 739
90841 584
90842 773
90843 1103
90844 167
90845 265
90846 253
90847 164
90848 982
90849 644
90850 545
90851 463
90852 1085
90853 415
90854 516
90855 1009
90856 6
90857 682
90858 673
90859 369
90860 915
90861 611
90862 446
90863 888
90864 664
90865 953
90866 62
90867 554
90868 182
90869 825
90870 152
90871 947
90872 236
90873 550
90874 1035
90875 2
90876 1129
90877 204
90878 1117
90879 28
90880 585
90881 1125
90882 109
90883 630
90884 1030
90885 459
90886 833
90887 99
90888 921
90889 1139
90890 1119
90891 813
90892 794
90893 1145
90894 832
90895 930
90896 400
90897 294
90898 451
90899 859
90900 174
90901 274
90902 687
90903 483
90904 744
90905 880
90906 221
90907 262
90908 390
90909 448
90910 149
90911 382
90912 881
90913 1033
90914 55
90915 98
90916 676
90917 654
90918 858
90919 667
90920 213
90921 192
90922 175
90923 682
90924 651
90925 36
90926 863
90927 259
90928 617
90929 99
90930 844
90931 597
90932 788
90933 541
90934 563
90935 1117
90936 644
90937 279
90938 566
90939 523
90940 965
90941 1150
90942 736
90943 350
90944 186
90945 1005
90946 920
90947 501
90948 370
90949 1038
90950 555
90951 736
90952 551
90953 403
90954 665
90955 430
90956 644
90957 245
90958 534
90959 112
90960 972
90961 485
90962 340
90963 657
90964 317
90965 368
90966 148
90967 925
90968 299
90969 344
90970 280
90971 668
90972 103
90973 838
90974 490
90975 904
90976 217
90977 685
90978 541
90979 842
90980 402
90981 552
90982 749
90983 296
90984 24
90985 912
90986 1151
90987 191
90988 544
90989 526
90990 1085
90991 266
90992 571
90993 929
90994 183
90995 649
90996 708
90997 536
90998 211
90999 228
91000 303
91001 76
91002 83
91003 616
91004 934
91005 221
91006 178
91007 563
91008 276
91009 456
91010 638
91011 335
91012 797
91013 1071
91014 826
91015 976
91016 1162
91017 920
91018 185
91019 858
91020 909
91021 1135
91022 873
91023 296
91024 300
91025 421
91026 395
91027 921
91028 152
91029 195
91030 1064
91031 1058
91032 1032
91033 1031
91034 1138
91035 213
91036 401
91037 12
91038 1052
91039 713
91040 269
91041 318
91042 547
91043 226
91044 179
91045 703
91046 79
91047 657
91048 930
91049 429
91050 616
91051 110
91052 653
91053 398
91054 306
91055 58
91056 15
91057 973
91058 283
91059 970
91060 166
91061 30
91062 775
91063 1132
91064 767
91065 278
91066 307
91067 486
91068 390
91069 843
91070 40
91071 1013
91072 690
91073 325
91074 81
91075 202
91076 67
91077 469
91078 1076
91079 200
91080 271
91081 983
91082 251
91083 1035
91084 865
91085 318
91086 927
91087 813
91088 472
91089 302
91090 848
91091 123
91092 584
91093 108
91094 996
91095 237
91096 796
91097 859
91098 199
91099 503
91100 422
91101 28
91102 1043
91103 254
91104 666
91105 692
91106 456
91107 787
91108 43
91109 961
91110 361
91111 564
91112 714
91113 148
91114 28
91115 458
91116 907
91117 1043
91118 44
91119 636
91120 878
91121 455
91122 1051
91123 60
91124 106
91125 589
91126 417
91127 594
91128 831
91129 451
91130 634
91131 545
91132 1036
91133 560
91134 395
91135 878
91136 563
91137 292
91138 1042
91139 713
91140 575
91141 793
91142 920
91143 773
91144 176
91145 1113
91146 152
91147 99
91148 1103
91149 277
91150 303
91151 727
91152 1109
91153 818
91154 783
91155 1105
91156 409
91157 561
91158 849
91159 993
91160 1166
91161 110
91162 11
91163 425
91164 301
91165 998
91166 19
91167 1131
91168 953
91169 386
91170 733
91171 931
91172 718
91173 714
91174 44
91175 247
91176 285
91177 143
91178 568
91179 759
91180 820
91181 735
91182 900
91183 597
91184 826
91185 516
91186 291
91187 71
91188 2
91189 59
91190 493
91191 851
91192 630
91193 1085
91194 461
91195 668
91196 1045
91197 337
91198 339
91199 1023
91200 535
91201 443
91202 993
91203 525
91204 568
91205 727
91206 441
91207 569
91208 1138
91209 635
91210 1060
91211 96
91212 446
91213 630
91214 546
91215 1104
91216 483
91217 926
91218 1138
91219 656
91220 67
91221 705
91222 997
91223 94
91224 457
91225 813
91226 391
91227 479
91228 688
91229 739
91230 150
91231 733
91232 1056
91233 389
91234 904
91235 201
91236 871
91237 1124
91238 1110
91239 528
91240 12
91241 95
91242 370
91243 586
91244 763
91245 332
91246 440
91247 910
91248 180
91249 364
91250 923
91251 173
91252 560
91253 9
91254 495
91255 646
91256 1104
91257 221
91258 918
91259 240
91260 423
91261 6
91262 180
91263 565
91264 642
91265 121
91266 1162
91267 658
91268 97
91269 111
91270 857
91271 723
91272 902
91273 871
91274 208
91275 26
91276 394
91277 917
91278 914
91279 83
91280 695
91281 1162
91282 65
91283 262
91284 1131
91285 749
91286 434
91287 958
91288 995
91289 21
91290 238
91291 927
91292 599
91293 921
91294 576
91295 950
91296 1011
91297 739
91298 1113
91299 796
91300 454
91301 763
91302 144
91303 25
91304 636
91305 480
91306 637
91307 372
91308 767
91309 280
91310 104
91311 707
91312 601
91313 982
91314 1026
91315 494
91316 208
91317 432
91318 1132
91319 271
91320 827
91321 657
91322 245
91323 127
91324 522
91325 471
91326 493
91327 426
91328 607
91329 411
91330 429
91331 979
91332 787
91333 418
91334 374
91335 196
91336 966
91337 812
91338 620
91339 1106
91340 286
91341 1086
91342 542
91343 353
91344 343
91345 503
91346 852
91347 615
91348 723
91349 20
91350 1066
91351 348
91352 851
91353 1008
91354 776
91355 87
91356 952
91357 678
91358 540
91359 1144
91360 54
91361 902
91362 607
91363 625
91364 246
91365 845
91366 419
91367 728
91368 705
91369 355
91370 616
91371 398
91372 215
91373 833
91374 586
91375 991
91376 62
91377 783
91378 240
91379 285
91380 126
91381 783
91382 216
91383 1037
91384 295
91385 428
91386 161
91387 993
91388 784
91389 613
91390 56
91391 424
91392 363
91393 325
91394 411
91395 894
91396 454
91397 652
91398 22
91399 8
91400 1013
91401 584
91402 715
91403 1125
91404 397
91405 541
91406 586
91407 608
91408 700
91409 548
91410 962
91411 509
91412 44
91413 245
91414 978
91415 689
91416 910
91417 1123
91418 619
91419 315
91420 510
91421 722
91422 516
91423 313
91424 793
91425 347
91426 250
91427 607
91428 707
91429 197
91430 369
91431 484
91432 871
91433 931
91434 548
91435 1150
91436 1094
91437 650
91438 323
91439 270
91440 222
91441 1124
91442 1033
91443 1157
91444 629
91445 900
91446 941
91447 14
91448 1046
91449 501
91450 558
91451 333
91452 697
91453 1017
91454 1008
91455 78
91456 259
91457 993
91458 25
91459 819
91460 726
91461 243
91462 678
91463 604
91464 1046
91465 205
91466 545
91467 279
91468 790
91469 481
91470 916
91471 285
91472 132
91473 567
91474 588
91475 1010
91476 800
91477 692
91478 105
91479 141
91480 538
91481 602
91482 903
91483 430
91484 447
91485 487
91486 414
91487 815
91488 397
91489 399
91490 399
91491 515
91492 1089
91493 0
91494 1039
91495 1112
91496 727
91497 25
91498 285
91499 664
91500 604
91501 1067
91502 959
91503 716
91504 1082
91505 1157
91506 111
91507 87
91508 339
91509 174
91510 554
91511 1099
91512 958
91513 1071
91514 599
91515 552
91516 395
91517 614
91518 1152
91519 264
91520 561
91521 356
91522 699
91523 211
91524 818
91525 167
91526 539
91527 527
91528 99
91529 793
91530 691
91531 836
91532 278
91533 497
91534 927
91535 761
91536 1084
91537 910
91538 494
91539 117
91540 455
91541 460
91542 223
91543 1041
91544 335
91545 765
91546 352
91547 545
91548 762
91549 810
91550 52
91551 183
91552 766
91553 764
91554 45
91555 376
91556 162
91557 18
91558 158
91559 765
91560 549
91561 406
91562 723
91563 75
91564 577
91565 769
91566 834
91567 171
91568 979
91569 791
91570 255
91571 916
91572 791
91573 84
91574 601
91575 201
91576 479
91577 10
91578 725
91579 299
91580 910
91581 924
91582 542
91583 478
91584 439
91585 105
91586 180
91587 501
91588 576
91589 99
91590 435
91591 471
91592 737
91593 863
91594 417
91595 321
91596 972
91597 96
91598 885
91599 308
91600 23
91601 253
91602 851
91603 300
91604 191
91605 1002
91606 1043
91607 1056
91608 135
91609 484
91610 591
91611 505
91612 202
91613 1143
91614 1137
91615 1116
91616 750
91617 1035
91618 62
91619 1094
91620 344
91621 973
91622 723
91623 97
91624 317
91625 993
91626 541
91627 589
91628 826
91629 708
91630 699
91631 1123
91632 24
91633 273
91634 401
91635 705
91636 788
91637 469
91638 356
91639 198
91640 377
91641 706
91642 285
91643 81
91644 190
91645 987
91646 390
91647 45
91648 383
91649 388
91650 579
91651 551
91652 783
91653 843
91654 1152
91655 956
91656 143
91657 658
91658 155
91659 525
91660 1113
91661 312
91662 653
91663 462
91664 805
91665 332
91666 987
91667 182
91668 89
91669 396
91670 362
91671 382
91672 45
91673 757
91674 229
91675 1112
91676 151
91677 773
91678 294
91679 425
91680 528
91681 1071
91682 872
91683 13
91684 1052
91685 65
91686 735
91687 112
91688 420
91689 228
91690 952
91691 633
91692 1085
91693 451
91694 1072
91695 511
91696 906
91697 852
91698 80
91699 642
91700 930
91701 796
91702 714
91703 506
91704 23
91705 971
91706 714
91707 1027
91708 626
91709 1027
91710 870
91711 239
91712 242
91713 889
91714 98
91715 1067
91716 853
91717 493
91718 137
91719 474
91720 302
91721 836
91722 134
91723 17
91724 513
91725 700
91726 536
91727 1009
91728 403
91729 892
91730 126
91731 544
91732 814
91733 238
91734 146
91735 1041
91736 995
91737 195
91738 484
91739 931
91740 480
91741 866
91742 519
91743 17
91744 623
91745 223
91746 1064
91747 440
91748 312
91749 1172
91750 807
91751 556
91752 252
91753 232
91754 189
91755 1082
91756 748
91757 226
91758 165
91759 1015
91760 1085
91761 111
91762 656
91763 598
91764 167
91765 601
91766 419
91767 814
91768 300
91769 604
91770 1004
91771 212
91772 262
91773 77
91774 1005
91775 613
91776 1035
91777 721
91778 1083
91779 30
91780 721
91781 809
91782 908
91783 808
91784 69
91785 713
91786 8
91787 1015
91788 558
91789 679
91790 260
91791 611
91792 702
91793 1004
91794 1093
91795 1033
91796 194
91797 1058
91798 230
91799 458
91800 457
91801 340
91802 688
91803 829
91804 1122
91805 1110
91806 131
91807 414
91808 715
91809 176
91810 59
91811 730
91812 668
91813 733
91814 268
91815 287
91816 704
91817 831
91818 68
91819 4
91820 773
91821 111
91822 42
91823 692
91824 818
91825 795
91826 742
91827 763
91828 1137
91829 626
91830 277
91831 96
91832 583
91833 281
91834 722
91835 165
91836 89
91837 1133
91838 867
91839 337
91840 1139
91841 1125
91842 1140
91843 580
91844 496
91845 105
91846 1015
91847 288
91848 827
91849 453
91850 831
91851 424
91852 103
91853 281
91854 705
91855 361
91856 980
91857 743
91858 393
91859 67
91860 916
91861 738
91862 201
91863 50
91864 917
91865 136
91866 748
91867 917
91868 745
91869 222
91870 1012
91871 272
91872 952
91873 548
91874 920
91875 216
91876 215
91877 564
91878 391
91879 1141
91880 563
91881 545
91882 823
91883 217
91884 853
91885 767
91886 575
91887 486
91888 268
91889 1056
91890 258
91891 7
91892 495
91893 719
91894 210
91895 564
91896 1141
91897 932
91898 645
91899 1167
91900 770
91901 86
91902 158
91903 441
91904 1130
91905 1131
91906 772
91907 455
91908 770
91909 507
91910 759
91911 995
91912 715
91913 1087
91914 1105
91915 778
91916 66
91917 1093
91918 442
91919 765
91920 997
91921 526
91922 391
91923 418
91924 353
91925 1142
91926 958
91927 926
91928 873
91929 199
91930 91
91931 810
91932 720
91933 199
91934 200
91935 578
91936 240
91937 168
91938 1102
91939 1058
91940 1142
91941 665
91942 747
91943 418
91944 338
91945 311
91946 839
91947 245
91948 622
91949 600
91950 6
91951 52
91952 451
91953 753
91954 454
91955 378
91956 546
91957 1038
91958 553
91959 455
91960 763
91961 547
91962 814
91963 745
91964 283
91965 754
91966 815
91967 1105
91968 1122
91969 356
91970 229
91971 651
91972 923
91973 403
91974 893
91975 226
91976 465
91977 323
91978 116
91979 592
91980 249
91981 71
91982 1010
91983 889
91984 944
91985 623
91986 290
91987 999
91988 716
91989 506
91990 130
91991 196
91992 135
91993 289
91994 694
91995 614
91996 344
91997 444
91998 823
91999 612
92000 814
92001 1059
92002 723
92003 767
92004 520
92005 784
92006 647
92007 959
92008 632
92009 783
92010 644
92011 712
92012 122
92013 189
92014 493
92015 639
92016 829
92017 964
92018 1153
92019 322
92020 922
92021 458
92022 770
92023 1166
92024 523
92025 422
92026 2
92027 347
92028 1011
92029 249
92030 426
92031 194
92032 1028
92033 41
92034 146
92035 675
92036 545
92037 1012
92038 1081
92039 555
92040 604
92041 653
92042 715
92043 957
92044 638
92045 673
92046 754
92047 185
92048 971
92049 158
92050 838
92051 491
92052 783
92053 1040
92054 962
92055 975
92056 230
92057 1094
92058 1071
92059 519
92060 750
92061 1031
92062 901
92063 954
92064 827
92065 410
92066 579
92067 464
92068 518
92069 861
92070 199
92071 290
92072 686
92073 951
92074 39
92075 158
92076 131
92077 1002
92078 1108
92079 344
92080 592
92081 716
92082 737
92083 957
92084 960
92085 445
92086 1058
92087 733
92088 616
92089 314
92090 857
92091 763
92092 643
92093 1091
92094 1069
92095 871
92096 170
92097 170
92098 640
92099 921
92100 935
92101 392
92102 274
92103 249
92104 131
92105 700
92106 389
92107 926
92108 752
92109 317
92110 49
92111 247
92112 907
92113 1074
92114 139
92115 58
92116 923
92117 398
92118 949
92119 727
92120 607
92121 770
92122 17
92123 406
92124 402
92125 858
92126 935
92127 798
92128 999
92129 874
92130 447
92131 147
92132 1007
92133 400
92134 989
92135 749
92136 775
92137 637
92138 546
92139 37
92140 477
92141 447
92142 126
92143 531
92144 248
92145 1157
92146 913
92147 375
92148 170
92149 470
92150 1160
92151 34
92152 509
92153 744
92154 382
92155 615
92156 178
92157 841
92158 453
92159 356
92160 891
92161 236
92162 77
92163 1014
92164 1075
92165 1002
92166 201
92167 1157
92168 712
92169 677
92170 584
92171 415
92172 113
92173 959
92174 975
92175 1153
92176 264
92177 964
92178 1110
92179 871
92180 620
92181 96
92182 725
92183 865
92184 450
92185 136
92186 240
92187 999
92188 605
92189 604
92190 1049
92191 747
92192 69
92193 97
92194 695
92195 932
92196 41
92197 494
92198 355
92199 496
92200 1157
92201 844
92202 804
92203 1036
92204 1113
92205 180
92206 4
92207 338
92208 1127
92209 772
92210 451
92211 378
92212 70
92213 1074
92214 51
92215 194
92216 1026
92217 1041
92218 30
92219 813
92220 125
92221 1060
92222 214
92223 543
92224 745
92225 176
92226 190
92227 669
92228 266
92229 970
92230 135
92231 713
92232 163
92233 479
92234 646
92235 15
92236 8
92237 912
92238 615
92239 263
92240 726
92241 259
92242 130
92243 997
92244 708
92245 276
92246 923
92247 39
92248 852
92249 120
92250 80
92251 1016
92252 422
92253 840
92254 172
92255 408
92256 638
92257 1158
92258 215
92259 371
92260 976
92261 1009
92262 350
92263 143
92264 736
92265 163
92266 957
92267 344
92268 713
92269 847
92270 760
92271 342
92272 25
92273 25
92274 685
92275 238
92276 963
92277 216
92278 1153
92279 465
92280 835
92281 324
92282 812
92283 1143
92284 1091
92285 207
92286 692
92287 464
92288 281
92289 1048
92290 40
92291 945
92292 694
92293 537
92294 28
92295 343
92296 586
92297 917
92298 399
92299 389
92300 162
92301 691
92302 907
92303 995
92304 137
92305 858
92306 0
92307 1042
92308 582
92309 615
92310 393
92311 915
92312 896
92313 696
92314 657
92315 274
92316 169
92317 65
92318 212
92319 113
92320 1150
92321 462
92322 276
92323 359
92324 224
92325 393
92326 525
92327 325
92328 459
92329 1122
92330 1167
92331 1090
92332 767
92333 447
92334 481
92335 1149
92336 129
92337 273
92338 949
92339 142
92340 1075
92341 261
92342 1167
92343 261
92344 1170
92345 786
92346 348
92347 49
92348 267
92349 124
92350 13
92351 105
92352 360
92353 1104
92354 448
92355 423
92356 551
92357 1015
92358 998
92359 453
92360 29
92361 605
92362 654
92363 698
92364 598
92365 984
92366 1078
92367 185
92368 687
92369 231
92370 209
92371 1009
92372 804
92373 985
92374 964
92375 896
92376 313
92377 373
92378 526
92379 690
92380 162
92381 617
92382 1016
92383 348
92384 1101
92385 247
92386 161
92387 195
92388 1092
92389 688
92390 790
92391 14
92392 927
92393 745
92394 980
92395 83
92396 1049
92397 905
92398 631
92399 406
92400 69
92401 83
92402 1007
92403 621
92404 1166
92405 1120
92406 851
92407 915
92408 824
92409 661
92410 689
92411 1034
92412 71
92413 249
92414 868
92415 66
92416 889
92417 1150
92418 1154
92419 1052
92420 462
92421 597
92422 482
92423 833
92424 259
92425 842
92426 547
92427 282
92428 438
92429 950
92430 853
92431 1139
92432 692
92433 679
92434 123
92435 563
92436 32
92437 971
92438 1157
92439 571
92440 122
92441 1092
92442 554
92443 1148
92444 1050
92445 865
92446 961
92447 329
92448 939
92449 1084
92450 155
92451 145
92452 682
92453 371
92454 52
92455 617
92456 51
92457 327
92458 168
92459 579
92460 391
92461 1121
92462 154
92463 504
92464 1125
92465 525
92466 154
92467 436
92468 451
92469 314
92470 913
92471 1101
92472 44
92473 253
92474 341
92475 1080
92476 24
92477 882
92478 449
92479 593
92480 314
92481 645
92482 404
92483 1051
92484 1094
92485 647
92486 706
92487 1030
92488 323
92489 801
92490 925
92491 348
92492 467
92493 497
92494 881
92495 932
92496 630
92497 661
92498 359
92499 457
92500 1162
92501 151
92502 713
92503 33
92504 205
92505 1081
92506 888
92507 120
92508 56
92509 685
92510 929
92511 427
92512 307
92513 182
92514 971
92515 100
92516 627
92517 611
92518 713
92519 462
92520 1053
92521 694
92522 683
92523 238
92524 65
92525 166
92526 425
92527 1113
92528 1152
92529 946
92530 446
92531 257
92532 1040
92533 158
92534 142
92535 924
92536 911
92537 118
92538 157
92539 849
92540 97
92541 152
92542 189
92543 910
92544 712
92545 1153
92546 203
92547 754
92548 528
92549 878
92550 110
92551 115
92552 116
92553 886
92554 300
92555 571
92556 756
92557 504
92558 1086
92559 575
92560 510
92561 778
92562 419
92563 446
92564 228
92565 92
92566 556
92567 191
92568 545
92569 642
92570 465
92571 210
92572 798
92573 765
92574 820
92575 415
92576 650
92577 273
92578 861
92579 225
92580 1042
92581 486
92582 594
92583 65
92584 264
92585 352
92586 557
92587 1133
92588 257
92589 621
92590 545
92591 1138
92592 188
92593 1108
92594 26
92595 50
92596 545
92597 1099
92598 15
92599 710
92600 233
92601 1090
92602 234
92603 641
92604 260
92605 35
92606 181
92607 646
92608 965
92609 899
92610 898
92611 369
92612 7
92613 110
92614 309
92615 13
92616 995
92617 92
92618 270
92619 877
92620 874
92621 657
92622 657
92623 977
92624 227
92625 688
92626 203
92627 274
92628 278
92629 320
92630 27
92631 343
92632 577
92633 914
92634 411
92635 1169
92636 1094
92637 1065
92638 26
92639 661
92640 137
92641 491
92642 472
92643 790
92644 316
92645 1092
92646 346
92647 579
92648 124
92649 90
92650 988
92651 60
92652 25
92653 346
92654 729
92655 559
92656 123
92657 369
92658 905
92659 886
92660 144
92661 493
92662 522
92663 601
92664 498
92665 265
92666 60
92667 1082
92668 746
92669 59
92670 1042
92671 995
92672 20
92673 1125
92674 377
92675 998
92676 878
92677 88
92678 483
92679 1112
92680 665
92681 120
92682 975
92683 1038
92684 817
92685 512
92686 93
92687 714
92688 75
92689 1123
92690 735
92691 987
92692 540
92693 1054
92694 54
92695 437
92696 828
92697 700
92698 780
92699 933
92700 240
92701 908
92702 617
92703 697
92704 57
92705 985
92706 1070
92707 588
92708 1134
92709 554
92710 83
92711 72
92712 36
92713 921
92714 405
92715 409
92716 938
92717 148
92718 577
92719 1059
92720 626
92721 686
92722 49
92723 260
92724 659
92725 626
92726 623
92727 524
92728 528
92729 1037
92730 592
92731 121
92732 136
92733 2
92734 645
92735 550
92736 315
92737 301
92738 916
92739 7
92740 913
92741 316
92742 960
92743 504
92744 629
92745 25
92746 1053
92747 856
92748 704
92749 29
92750 334
92751 809
92752 111
92753 801
92754 209
92755 721
92756 84
92757 595
92758 93
92759 498
92760 311
92761 652
92762 983
92763 86
92764 308
92765 87
92766 258
92767 585
92768 32
92769 650
92770 130
92771 685
92772 449
92773 559
92774 951
92775 312
92776 227
92777 678
92778 899
92779 280
92780 814
92781 863
92782 935
92783 619
92784 822
92785 634
92786 701
92787 30
92788 891
92789 592
92790 1073
92791 264
92792 197
92793 863
92794 217
92795 730
92796 541
92797 660
92798 950
92799 940
92800 306
92801 423
92802 48
92803 537
92804 825
92805 257
92806 667
92807 235
92808 233
92809 150
92810 918
92811 550
92812 825
92813 704
92814 110
92815 755
92816 654
92817 520
92818 271
92819 94
92820 652
92821 1089
92822 1021
92823 811
92824 691
92825 878
92826 386
92827 992
92828 910
92829 352
92830 914
92831 22
92832 677
92833 332
92834 674
92835 776
92836 1103
92837 94
92838 858
92839 1153
92840 924
92841 873
92842 461
92843 891
92844 482
92845 1017
92846 315
92847 43
92848 275
92849 761
92850 1118
92851 591
92852 901
92853 97
92854 638
92855 204
92856 250
92857 441
92858 720
92859 264
92860 248
92861 655
92862 736
92863 60
92864 705
92865 778
92866 666
92867 523
92868 69
92869 1053
92870 493
92871 793
92872 405
92873 157
92874 954
92875 248
92876 377
92877 31
92878 534
92879 1150
92880 942
92881 949
92882 938
92883 357
92884 229
92885 868
92886 1109
92887 182
92888 72
92889 983
92890 1015
92891 557
92892 177
92893 703
92894 933
92895 167
92896 425
92897 801
92898 563
92899 438
92900 1024
92901 689
92902 702
92903 1001
92904 547
92905 436
92906 244
92907 717
92908 479
92909 718
92910 277
92911 994
92912 1037
92913 705
92914 982
92915 355
92916 1092
92917 1118
92918 436
92919 13
92920 955
92921 312
92922 735
92923 1003
92924 402
92925 226
92926 679
92927 476
92928 1112
92929 692
92930 261
92931 1060
92932 426
92933 60
92934 877
92935 102
92936 884
92937 991
92938 47
92939 727
92940 345
92941 184
92942 337
92943 1069
92944 462
92945 133
92946 922
92947 359
92948 205
92949 968
92950 132
92951 134
92952 268
92953 157
92954 379
92955 904
92956 1087
92957 929
92958 954
92959 597
92960 915
92961 419
92962 869
92963 393
92964 687
92965 1153
92966 1146
92967 419
92968 501
92969 5
92970 58
92971 667
92972 734
92973 149
92974 532
92975 1158
92976 28
92977 309
92978 1017
92979 980
92980 514
92981 493
92982 558
92983 347
92984 1015
92985 1117
92986 1080
92987 133
92988 1011
92989 1116
92990 241
92991 674
92992 624
92993 649
92994 1095
92995 951
92996 1106
92997 851
92998 674
92999 858
93000 25
93001 660
93002 524
93003 135
93004 1108
93005 39
93006 206
93007 972
93008 436
93009 1089
93010 338
93011 425
93012 835
93013 10
93014 789
93015 11
93016 996
93017 1102
93018 485
93019 1094
93020 671
93021 156
93022 531
93023 14
93024 1036
93025 737
93026 219
93027 531
93028 334
93029 1114
93030 444
93031 925
93032 96
93033 711
93034 514
93035 616
93036 1067
93037 271
93038 197
93039 811
93040 86
93041 271
93042 545
93043 797
93044 436
93045 757
93046 913
93047 1106
93048 588
93049 642
93050 221
93051 669
93052 1120
93053 674
93054 569
93055 193
93056 172
93057 961
93058 1
93059 316
93060 688
93061 132
93062 991
93063 183
93064 122
93065 320
93066 872
93067 984
93068 1003
93069 1019
93070 35
93071 714
93072 723
93073 1126
93074 413
93075 535
93076 1003
93077 0
93078 230
93079 698
93080 414
93081 255
93082 202
93083 787
93084 781
93085 988
93086 808
93087 551
93088 1099
93089 290
93090 114
93091 723
93092 1002
93093 418
93094 967
93095 116
93096 885
93097 80
93098 824
93099 439
93100 324
93101 577
93102 1051
93103 219
93104 352
93105 503
93106 648
93107 389
93108 480
93109 1056
93110 1051
93111 80
93112 732
93113 832
93114 835
93115 948
93116 306
93117 842
93118 896
93119 1032
93120 382
93121 974
93122 61
93123 1009
93124 150
93125 889
93126 185
93127 1169
93128 656
93129 509
93130 806
93131 1131
93132 798
93133 252
93134 914
93135 98
93136 971
93137 2
93138 740
93139 241
93140 297
93141 524
93142 346
93143 761
93144 401
93145 54
93146 660
93147 781
93148 774
93149 918
93150 1158
93151 768
93152 655
93153 648
93154 1063
93155 673
93156 628
93157 763
93158 198
93159 630
93160 286
93161 393
93162 249
93163 1033
93164 1094
93165 1053
93166 1093
93167 1144
93168 393
93169 68
93170 498
93171 379
93172 1013
93173 139
93174 314
93175 876
93176 658
93177 518
93178 102
93179 561
93180 1036
93181 6
93182 1167
93183 1095
93184 252
93185 965
93186 251
93187 818
93188 356
93189 339
93190 664
93191 559
93192 662
93193 472
93194 920
93195 273
93196 642
93197 1111
93198 1122
93199 725
93200 534
93201 232
93202 1133
93203 510
93204 158
93205 1012
93206 860
93207 78
93208 928
93209 707
93210 1147
93211 866
93212 336
93213 964
93214 349
93215 655
93216 637
93217 730
93218 565
93219 478
93220 590
93221 568
93222 696
93223 1105
93224 12
93225 684
93226 971
93227 29
93228 1081
93229 288
93230 746
93231 959
93232 123
93233 609
93234 228
93235 761
93236 1064
93237 479
93238 242
93239 856
93240 598
93241 735
93242 892
93243 184
93244 786
93245 41
93246 618
93247 216
93248 832
93249 125
93250 899
93251 626
93252 502
93253 833
93254 1108
93255 1064
93256 567
93257 807
93258 598
93259 1091
93260 697
93261 1125
93262 268
93263 85
93264 541
93265 299
93266 493
93267 656
93268 359
93269 845
93270 599
93271 389
93272 378
93273 1068
93274 716
93275 433
93276 732
93277 961
93278 195
93279 70
93280 1095
93281 530
93282 895
93283 298
93284 463
93285 269
93286 327
93287 929
93288 800
93289 1028
93290 960
93291 944
93292 707
93293 623
93294 433
93295 650
93296 77
93297 307
93298 176
93299 845
93300 819
93301 884
93302 70
93303 752
93304 90
93305 939
93306 131
93307 637
93308 436
93309 885
93310 129
93311 590
93312 1045
93313 636
93314 1109
93315 88
93316 52
93317 290
93318 636
93319 105
93320 763
93321 1067
93322 1168
93323 393
93324 531
93325 53
93326 1021
93327 440
93328 607
93329 524
93330 883
93331 693
93332 223
93333 285
93334 653
93335 723
93336 565
93337 957
93338 275
93339 380
93340 904
93341 100
93342 300
93343 502
93344 575
93345 240
93346 642
93347 868
93348 1023
93349 485
93350 518
93351 1114
93352 1053
93353 303
93354 666
93355 564
93356 1110
93357 433
93358 192
93359 890
93360 166
93361 613
93362 459
93363 827
93364 203
93365 155
93366 1145
93367 200
93368 617
93369 502
93370 879
93371 159
93372 569
93373 609
93374 375
93375 875
93376 470
93377 27
93378 706
93379 736
93380 499
93381 414
93382 432
93383 980
93384 1057
93385 165
93386 759
93387 108
93388 489
93389 993
93390 517
93391 939
93392 981
93393 72
93394 706
93395 610
93396 779
93397 9
93398 991
93399 592
93400 630
93401 865
93402 895
93403 303
93404 612
93405 886
93406 452
93407 936
93408 266
93409 1069
93410 521
93411 175
93412 761
93413 750
93414 1078
93415 47
93416 1064
93417 932
93418 968
93419 48
93420 161
93421 783
93422 85
93423 861
93424 1162
93425 680
93426 486
93427 151
93428 67
93429 726
93430 221
93431 410
93432 443
93433 689
93434 438
93435 30
93436 758
93437 641
93438 523
93439 905
93440 814
93441 646
93442 964
93443 1117
93444 1075
93445 198
93446 411
93447 229
93448 670
93449 646
93450 975
93451 827
93452 1044
93453 73
93454 539
93455 835
93456 81
93457 266
93458 828
93459 976
93460 150
93461 130
93462 1068
93463 38
93464 23
93465 487
93466 891
93467 998
93468 751
93469 471
93470 398
93471 909
93472 1009
93473 320
93474 645
93475 1148
93476 353
93477 691
93478 1007
93479 650
93480 768
93481 296
93482 913
93483 578
93484 567
93485 275
93486 420
93487 690
93488 1089
93489 573
93490 731
93491 232
93492 606
93493 609
93494 12
93495 776
93496 462
93497 1086
93498 156
93499 951
93500 797
93501 730
93502 782
93503 1108
93504 506
93505 317
93506 636
93507 1167
93508 142
93509 731
93510 649
93511 361
93512 453
93513 553
93514 988
93515 903
93516 386
93517 198
93518 512
93519 775
93520 757
93521 701
93522 1032
93523 35
93524 25
93525 267
93526 866
93527 355
93528 833
93529 190
93530 766
93531 1162
93532 902
93533 314
93534 775
93535 708
93536 871
93537 597
93538 877
93539 1065
93540 370
93541 771
93542 1141
93543 196
93544 9
93545 430
93546 1057
93547 574
93548 447
93549 450
93550 46
93551 504
93552 755
93553 653
93554 999
93555 896
93556 691
93557 166
93558 1006
93559 449
93560 887
93561 585
93562 920
93563 333
93564 996
93565 1060
93566 387
93567 945
93568 1126
93569 951
93570 173
93571 848
93572 1159
93573 125
93574 107
93575 41
93576 796
93577 1061
93578 257
93579 910
93580 1068
93581 125
93582 819
93583 1030
93584 333
93585 206
93586 494
93587 1118
93588 1121
93589 484
93590 123
93591 500
93592 1076
93593 84
93594 630
93595 735
93596 625
93597 501
93598 88
93599 421
93600 197
93601 788
93602 1128
93603 774
93604 164
93605 525
93606 952
93607 717
93608 1153
93609 961
93610 1051
93611 711
93612 50
93613 562
93614 889
93615 1102
93616 1028
93617 113
93618 508
93619 242
93620 83
93621 149
93622 461
93623 87
93624 299
93625 783
93626 944
93627 513
93628 1135
93629 103
93630 1122
93631 9
93632 17
93633 919
93634 257
93635 978
93636 302
93637 571
93638 952
93639 104
93640 439
93641 410
93642 155
93643 309
93644 277
93645 882
93646 470
93647 538
93648 1096
93649 296
93650 252
93651 944
93652 404
93653 294
93654 132
93655 506
93656 1057
93657 1125
93658 1121
93659 774
93660 748
93661 215
93662 572
93663 103
93664 96
93665 1159
93666 1044
93667 374
93668 1133
93669 707
93670 1104
93671 1110
93672 651
93673 1
93674 893
93675 799
93676 126
93677 658
93678 1004
93679 609
93680 530
93681 1009
93682 1168
93683 613
93684 613
93685 1023
93686 498
93687 1088
93688 170
93689 885
93690 927
93691 605
93692 1037
93693 1064
93694 440
93695 643
93696 979
93697 1048
93698 65
93699 158
93700 206
93701 914
93702 9
93703 69
93704 873
93705 270
93706 952
93707 1162
93708 1105
93709 120
93710 494
93711 609
93712 326
93713 538
93714 173
93715 548
93716 756
93717 26
93718 780
93719 944
93720 1086
93721 256
93722 802
93723 565
93724 530
93725 706
93726 872
93727 285
93728 957
93729 535
93730 1004
93731 1120
93732 707
93733 20
93734 414
93735 533
93736 76
93737 1067
93738 191
93739 732
93740 1049
93741 373
93742 951
93743 916
93744 14
93745 1116
93746 882
93747 490
93748 83
93749 583
93750 52
93751 378
93752 319
93753 894
93754 856
93755 639
93756 787
93757 972
93758 359
93759 807
93760 736
93761 86
93762 703
93763 395
93764 584
93765 11
93766 1044
93767 565
93768 189
93769 945
93770 831
93771 897
93772 73
93773 877
93774 1023
93775 580
93776 595
93777 230
93778 910
93779 1162
93780 1052
93781 868
93782 765
93783 788
93784 1052
93785 398
93786 1060
93787 451
93788 1151
93789 985
93790 947
93791 250
93792 1033
93793 987
93794 782
93795 1111
93796 649
93797 904
93798 856
93799 787
93800 898
93801 480
93802 9
93803 187
93804 802
93805 821
93806 724
93807 823
93808 895
93809 453
93810 244
93811 815
93812 960
93813 287
93814 932
93815 368
93816 250
93817 781
93818 284
93819 207
93820 34
93821 206
93822 35
93823 15
93824 972
93825 66
93826 1010
93827 812
93828 23
93829 1107
93830 462
93831 962
93832 703
93833 21
93834 617
93835 425
93836 95
93837 1095
93838 740
93839 407
93840 737
93841 305
93842 224
93843 1162
93844 79
93845 842
93846 618
93847 719
93848 656
93849 508
93850 462
93851 658
93852 386
93853 1023
93854 643
93855 95
93856 731
93857 636
93858 821
93859 1106
93860 52
93861 818
93862 986
93863 1042
93864 768
93865 327
93866 532
93867 121
93868 1120
93869 688
93870 405
93871 247
93872 1081
93873 480
93874 597
93875 409
93876 44
93877 222
93878 29
93879 254
93880 771
93881 346
93882 968
93883 646
93884 1074
93885 1102
93886 1135
93887 465
93888 123
93889 778
93890 311
93891 293
93892 297
93893 436
93894 530
93895 252
93896 841
93897 773
93898 533
93899 92
93900 43
93901 468
93902 615
93903 1024
93904 350
93905 165
93906 79
93907 684
93908 94
93909 784
93910 479
93911 912
93912 320
93913 1012
93914 39
93915 858
93916 334
93917 356
93918 240
93919 760
93920 689
93921 639
93922 795
93923 725
93924 270
93925 374
93926 250
93927 638
93928 950
93929 976
93930 1134
93931 1140
93932 108
93933 169
93934 1159
93935 608
93936 355
93937 316
93938 934
93939 181
93940 1059
93941 762
93942 418
93943 480
93944 559
93945 855
93946 1074
93947 332
93948 804
93949 527
93950 43
93951 55
93952 1147
93953 322
93954 1117
93955 261
93956 149
93957 185
93958 758
93959 470
93960 793
93961 498
93962 831
93963 629
93964 44
93965 301
93966 464
93967 207
93968 256
93969 1074
93970 628
93971 1073
93972 264
93973 400
93974 574
93975 446
93976 852
93977 529
93978 427
93979 860
93980 347
93981 619
93982 130
93983 384
93984 654
93985 749
93986 224
93987 982
93988 869
93989 830
93990 348
93991 318
93992 816
93993 1061
93994 123
93995 636
93996 747
93997 595
93998 50
93999 935
94000 279
94001 916
94002 77
94003 671
94004 508
94005 551
94006 1020
94007 841
94008 1066
94009 1
94010 982
94011 1124
94012 380
94013 7
94014 52
94015 331
94016 853
94017 1026
94018 28
94019 221
94020 382
94021 960
94022 1140
94023 810
94024 913
94025 767
94026 268
94027 864
94028 129
94029 863
94030 1168
94031 322
94032 810
94033 554
94034 474
94035 804
94036 669
94037 958
94038 352
94039 324
94040 693
94041 7
94042 1029
94043 1005
94044 453
94045 19
94046 524
94047 406
94048 69
94049 899
94050 1142
94051 98
94052 1124
94053 245
94054 489
94055 1104
94056 465
94057 371
94058 249
94059 491
94060 651
94061 403
94062 867
94063 153
94064 915
94065 286
94066 91
94067 879
94068 422
94069 860
94070 1127
94071 1008
94072 905
94073 1136
94074 921
94075 452
94076 805
94077 921
94078 941
94079 1126
94080 1166
94081 588
94082 113
94083 364
94084 554
94085 479
94086 1017
94087 386
94088 877
94089 867
94090 1074
94091 1152
94092 576
94093 15
94094 265
94095 302
94096 752
94097 617
94098 1053
94099 144
94100 433
94101 779
94102 483
94103 509
94104 446
94105 921
94106 600
94107 565
94108 969
94109 400
94110 339
94111 453
94112 134
94113 940
94114 562
94115 413
94116 661
94117 683
94118 8
94119 745
94120 930
94121 90
94122 862
94123 1158
94124 769
94125 618
94126 417
94127 1172
94128 310
94129 746
94130 801
94131 1151
94132 213
94133 559
94134 1030
94135 43
94136 114
94137 758
94138 416
94139 767
94140 38
94141 525
94142 741
94143 1099
94144 767
94145 356
94146 728
94147 98
94148 1103
94149 445
94150 594
94151 559
94152 3
94153 1111
94154 199
94155 245
94156 1066
94157 719
94158 789
94159 1134
94160 914
94161 1121
94162 725
94163 96
94164 69
94165 593
94166 829
94167 1129
94168 544
94169 155
94170 611
94171 224
94172 630
94173 949
94174 743
94175 947
94176 155
94177 269
94178 1026
94179 116
94180 637
94181 1029
94182 159
94183 1161
94184 840
94185 1064
94186 413
94187 540
94188 318
94189 779
94190 42
94191 44
94192 1006
94193 666
94194 1005
94195 599
94196 1013
94197 466
94198 1045
94199 1041
94200 645
94201 804
94202 1076
94203 523
94204 782
94205 203
94206 479
94207 699
94208 340
94209 919
94210 340
94211 1090
94212 762
94213 787
94214 442
94215 804
94216 183
94217 501
94218 803
94219 114
94220 329
94221 598
94222 332
94223 188
94224 942
94225 144
94226 146
94227 1015
94228 497
94229 797
94230 789
94231 814
94232 823
94233 1079
94234 500
94235 407
94236 1014
94237 713
94238 1085
94239 150
94240 764
94241 95
94242 1005
94243 548
94244 162
94245 338
94246 36
94247 602
94248 431
94249 357
94250 722
94251 825
94252 1102
94253 586
94254 594
94255 879
94256 574
94257 88
94258 863
94259 1074
94260 567
94261 388
94262 219
94263 639
94264 396
94265 517
94266 157
94267 303
94268 300
94269 229
94270 43
94271 729
94272 425
94273 503
94274 754
94275 1089
94276 538
94277 69
94278 258
94279 399
94280 389
94281 460
94282 792
94283 582
94284 620
94285 39
94286 563
94287 589
94288 303
94289 310
94290 646
94291 790
94292 794
94293 864
94294 1125
94295 843
94296 1003
94297 894
94298 351
94299 945
94300 1168
94301 273
94302 809
94303 296
94304 302
94305 946
94306 1161
94307 559
94308 232
94309 1109
94310 707
94311 521
94312 1147
94313 745
94314 194
94315 931
94316 522
94317 1049
94318 1015
94319 912
94320 980
94321 935
94322 1022
94323 398
94324 351
94325 576
94326 664
94327 8
94328 750
94329 945
94330 1028
94331 987
94332 45
94333 194
94334 977
94335 166
94336 531
94337 872
94338 841
94339 636
94340 810
94341 503
94342 543
94343 306
94344 1050
94345 760
94346 31
94347 962
94348 879
94349 370
94350 948
94351 640
94352 433
94353 744
94354 578
94355 239
94356 943
94357 304
94358 283
94359 346
94360 1003
94361 110
94362 372
94363 681
94364 1089
94365 918
94366 839
94367 260
94368 429
94369 507
94370 478
94371 627
94372 515
94373 550
94374 48
94375 1045
94376 152
94377 986
94378 1019
94379 62
94380 1137
94381 505
94382 911
94383 930
94384 926
94385 611
94386 1110
94387 650
94388 557
94389 920
94390 537
94391 995
94392 916
94393 564
94394 27
94395 42
94396 140
94397 530
94398 1089
94399 1149
94400 33
94401 388
94402 427
94403 684
94404 652
94405 759
94406 212
94407 284
94408 1129
94409 168
94410 415
94411 561
94412 469
94413 1097
94414 80
94415 1113
94416 902
94417 646
94418 807
94419 448
94420 9
94421 783
94422 469
94423 776
94424 353
94425 111
94426 63
94427 682
94428 1030
94429 2
94430 1172
94431 1121
94432 284
94433 842
94434 887
94435 1111
94436 682
94437 934
94438 556
94439 301
94440 883
94441 670
94442 92
94443 654
94444 1001
94445 364
94446 938
94447 75
94448 941
94449 1038
94450 249
94451 1078
94452 1083
94453 724
94454 1162
94455 95
94456 18
94457 1151
94458 1149
94459 740
94460 400
94461 100
94462 1013
94463 307
94464 12
94465 1153
94466 1116
94467 131
94468 90
94469 759
94470 624
94471 703
94472 65
94473 642
94474 62
94475 311
94476 415
94477 597
94478 115
94479 377
94480 816
94481 463
94482 195
94483 760
94484 447
94485 290
94486 796
94487 742
94488 364
94489 27
94490 320
94491 455
94492 1130
94493 450
94494 135
94495 558
94496 1102
94497 1088
94498 546
94499 739
94500 957
94501 0
94502 61
94503 443
94504 717
94505 912
94506 34
94507 557
94508 30
94509 13
94510 725
94511 871
94512 42
94513 674
94514 898
94515 1090
94516 799
94517 746
94518 509
94519 1079
94520 75
94521 734
94522 82
94523 621
94524 746
94525 743
94526 797
94527 971
94528 659
94529 21
94530 626
94531 79
94532 680
94533 480
94534 223
94535 1091
94536 339
94537 1122
94538 387
94539 643
94540 510
94541 510
94542 113
94543 798
94544 470
94545 995
94546 960
94547 1084
94548 1032
94549 665
94550 499
94551 205
94552 185
94553 9
94554 660
94555 1132
94556 702
94557 750
94558 414
94559 718
94560 849
94561 762
94562 1034
94563 573
94564 582
94565 924
94566 522
94567 1042
94568 241
94569 233
94570 1032
94571 742
94572 245
94573 377
94574 368
94575 532
94576 1064
94577 360
94578 278
94579 770
94580 279
94581 175
94582 369
94583 687
94584 56
94585 732
94586 594
94587 336
94588 826
94589 1061
94590 958
94591 958
94592 694
94593 845
94594 260
94595 422
94596 1027
94597 23
94598 1147
94599 9
94600 642
94601 166
94602 213
94603 1048
94604 1116
94605 741
94606 971
94607 517
94608 1048
94609 884
94610 354
94611 697
94612 387
94613 376
94614 253
94615 278
94616 992
94617 665
94618 23
94619 1122
94620 761
94621 210
94622 957
94623 582
94624 1006
94625 475
94626 100
94627 896
94628 179
94629 793
94630 1032
94631 462
94632 993
94633 79
94634 802
94635 734
94636 1103
94637 1004
94638 1007
94639 1154
94640 119
94641 1162
94642 389
94643 902
94644 357
94645 814
94646 990
94647 27
94648 379
94649 260
94650 548
94651 918
94652 634
94653 678
94654 375
94655 862
94656 235
94657 1150
94658 447
94659 466
94660 915
94661 368
94662 289
94663 907
94664 148
94665 905
94666 736
94667 564
94668 23
94669 1060
94670 522
94671 47
94672 1050
94673 1008
94674 980
94675 378
94676 969
94677 107
94678 263
94679 1115
94680 391
94681 913
94682 602
94683 352
94684 617
94685 897
94686 537
94687 547
94688 727
94689 222
94690 851
94691 487
94692 586
94693 478
94694 130
94695 441
94696 1026
94697 739
94698 960
94699 628
94700 102
94701 747
94702 736
94703 98
94704 632
94705 1029
94706 1145
94707 380
94708 217
94709 7
94710 1006
94711 55
94712 711
94713 298
94714 868
94715 1023
94716 701
94717 122
94718 99
94719 786
94720 1118
94721 421
94722 453
94723 862
94724 605
94725 1028
94726 781
94727 1007
94728 546
94729 303
94730 628
94731 1098
94732 537
94733 649
94734 42
94735 954
94736 377
94737 1134
94738 666
94739 417
94740 1114
94741 845
94742 153
94743 134
94744 1099
94745 532
94746 384
94747 568
94748 1038
94749 690
94750 692
94751 1011
94752 271
94753 137
94754 484
94755 953
94756 709
94757 266
94758 150
94759 973
94760 741
94761 24
94762 522
94763 852
94764 55
94765 830
94766 202
94767 841
94768 622
94769 604
94770 413
94771 545
94772 661
94773 1039
94774 251
94775 959
94776 682
94777 1119
94778 915
94779 149
94780 1040
94781 450
94782 724
94783 880
94784 439
94785 232
94786 965
94787 884
94788 497
94789 472
94790 839
94791 901
94792 682
94793 733
94794 125
94795 849
94796 285
94797 416
94798 1043
94799 504
94800 866
94801 938
94802 165
94803 74
94804 397
94805 824
94806 701
94807 257
94808 1105
94809 896
94810 847
94811 430
94812 23
94813 843
94814 1160
94815 106
94816 993
94817 1092
94818 820
94819 493
94820 183
94821 324
94822 294
94823 971
94824 1016
94825 867
94826 628
94827 550
94828 765
94829 292
94830 1127
94831 18
94832 638
94833 255
94834 818
94835 580
94836 348
94837 774
94838 135
94839 576
94840 810
94841 773
94842 809
94843 411
94844 495
94845 82
94846 398
94847 793
94848 480
94849 939
94850 1121
94851 1167
94852 249
94853 953
94854 229
94855 868
94856 460
94857 732
94858 1077
94859 218
94860 1145
94861 901
94862 329
94863 562
94864 1058
94865 575
94866 266
94867 991
94868 636
94869 145
94870 780
94871 506
94872 662
94873 501
94874 989
94875 679
94876 13
94877 250
94878 454
94879 457
94880 664
94881 224
94882 473
94883 564
94884 676
94885 517
94886 47
94887 932
94888 602
94889 474
94890 795
94891 767
94892 146
94893 291
94894 894
94895 128
94896 532
94897 114
94898 637
94899 761
94900 91
94901 929
94902 743
94903 532
94904 614
94905 857
94906 1092
94907 928
94908 1018
94909 79
94910 834
94911 1066
94912 654
94913 817
94914 391
94915 680
94916 98
94917 975
94918 516
94919 972
94920 942
94921 866
94922 796
94923 1071
94924 17
94925 865
94926 568
94927 590
94928 61
94929 798
94930 589
94931 1032
94932 340
94933 559
94934 147
94935 788
94936 40
94937 299
94938 497
94939 511
94940 617
94941 683
94942 130
94943 916
94944 932
94945 87
94946 1012
94947 346
94948 126
94949 1130
94950 281
94951 58
94952 966
94953 499
94954 719
94955 990
94956 931
94957 1139
94958 49
94959 443
94960 492
94961 342
94962 257
94963 906
94964 907
94965 523
94966 601
94967 376
94968 491
94969 498
94970 242
94971 453
94972 779
94973 384
94974 1030
94975 125
94976 312
94977 1000
94978 286
94979 659
94980 1158
94981 430
94982 490
94983 858
94984 847
94985 321
94986 570
94987 543
94988 500
94989 370
94990 645
94991 590
94992 371
94993 121
94994 843
94995 474
94996 327
94997 364
94998 743
94999 1055
95000 164
95001 888
95002 997
95003 1106
95004 122
95005 605
95006 783
95007 1145
95008 964
95009 503
95010 192
95011 502
95012 237
95013 533
95014 924
95015 907
95016 523
95017 908
95018 782
95019 305
95020 1009
95021 795
95022 396
95023 424
95024 461
95025 662
95026 873
95027 196
95028 88
95029 267
95030 795
95031 368
95032 996
95033 775
95034 993
95035 709
95036 364
95037 638
95038 964
95039 203
95040 689
95041 784
95042 813
95043 1027
95044 810
95045 60
95046 104
95047 978
95048 337
95049 287
95050 368
95051 507
95052 811
95053 336
95054 679
95055 1087
95056 396
95057 106
95058 835
95059 616
95060 583
95061 52
95062 856
95063 228
95064 94
95065 1054
95066 120
95067 495
95068 315
95069 900
95070 1105
95071 236
95072 821
95073 1158
95074 68
95075 464
95076 659
95077 350
95078 583
95079 361
95080 1167
95081 1120
95082 816
95083 568
95084 317
95085 998
95086 650
95087 882
95088 15
95089 757
95090 136
95091 272
95092 172
95093 114
95094 71
95095 346
95096 268
95097 91
95098 531
95099 735
95100 654
95101 617
95102 178
95103 41
95104 779
95105 1079
95106 383
95107 824
95108 283
95109 1169
95110 1098
95111 993
95112 1057
95113 836
95114 699
95115 339
95116 923
95117 127
95118 200
95119 927
95120 408
95121 778
95122 254
95123 36
95124 176
95125 431
95126 930
95127 255
95128 556
95129 46
95130 678
95131 431
95132 629
95133 742
95134 1087
95135 1168
95136 488
95137 378
95138 589
95139 893
95140 28
95141 897
95142 770
95143 317
95144 250
95145 247
95146 216
95147 256
95148 925
95149 83
95150 925
95151 128
95152 340
95153 558
95154 576
95155 102
95156 797
95157 809
95158 200
95159 847
95160 1000
95161 1125
95162 735
95163 913
95164 232
95165 810
95166 440
95167 989
95168 607
95169 1167
95170 353
95171 322
95172 513
95173 398
95174 1065
95175 576
95176 1059
95177 42
95178 625
95179 457
95180 913
95181 564
95182 329
95183 1077
95184 694
95185 916
95186 396
95187 779
95188 10
95189 291
95190 537
95191 90
95192 450
95193 421
95194 885
95195 446
95196 191
95197 606
95198 14
95199 788
95200 742
95201 920
95202 544
95203 341
95204 1063
95205 942
95206 57
95207 1109
95208 653
95209 1120
95210 993
95211 268
95212 210
95213 231
95214 548
95215 179
95216 860
95217 536
95218 812
95219 139
95220 838
95221 915
95222 227
95223 207
95224 322
95225 108
95226 1032
95227 988
95228 269
95229 163
95230 920
95231 863
95232 603
95233 578
95234 966
95235 6
95236 75
95237 71
95238 143
95239 525
95240 750
95241 1122
95242 766
95243 71
95244 135
95245 58
95246 919
95247 477
95248 938
95249 392
95250 72
95251 805
95252 690
95253 206
95254 1031
95255 175
95256 535
95257 173
95258 332
95259 840
95260 1044
95261 1119
95262 1104
95263 182
95264 351
95265 836
95266 764
95267 14
95268 1154
95269 635
95270 1055
95271 250
95272 1040
95273 643
95274 160
95275 92
95276 403
95277 128
95278 910
95279 78
95280 505
95281 9
95282 126
95283 199
95284 469
95285 575
95286 504
95287 888
95288 171
95289 280
95290 922
95291 101
95292 479
95293 647
95294 255
95295 1127
95296 229
95297 490
95298 14
95299 52
95300 174
95301 935
95302 1140
95303 426
95304 231
95305 218
95306 508
95307 247
95308 438
95309 339
95310 912
95311 200
95312 1137
95313 1158
95314 141
95315 931
95316 675
95317 882
95318 424
95319 518
95320 532
95321 795
95322 113
95323 1093
95324 875
95325 337
95326 276
95327 781
95328 1067
95329 338
95330 747
95331 723
95332 314
95333 688
95334 770
95335 325
95336 575
95337 1037
95338 25
95339 319
95340 484
95341 909
95342 619
95343 633
95344 11
95345 310
95346 666
95347 951
95348 764
95349 162
95350 292
95351 861
95352 891
95353 279
95354 17
95355 242
95356 271
95357 609
95358 318
95359 928
95360 418
95361 861
95362 74
95363 272
95364 879
95365 718
95366 802
95367 889
95368 734
95369 1023
95370 1062
95371 432
95372 210
95373 845
95374 618
95375 839
95376 115
95377 1109
95378 819
95379 996
95380 635
95381 127
95382 1135
95383 342
95384 738
95385 11
95386 868
95387 739
95388 463
95389 1106
95390 838
95391 110
95392 746
95393 886
95394 484
95395 129
95396 427
95397 868
95398 129
95399 183
95400 28
95401 321
95402 717
95403 570
95404 930
95405 739
95406 706
95407 975
95408 666
95409 6
95410 957
95411 1086
95412 742
95413 706
95414 516
95415 624
95416 827
95417 44
95418 351
95419 740
95420 647
95421 273
95422 181
95423 148
95424 9
95425 447
95426 592
95427 241
95428 18
95429 334
95430 519
95431 447
95432 1156
95433 74
95434 630
95435 917
95436 19
95437 1004
95438 1010
95439 1064
95440 1120
95441 1095
95442 12
95443 325
95444 544
95445 890
95446 704
95447 415
95448 384
95449 254
95450 765
95451 284
95452 1038
95453 814
95454 722
95455 14
95456 570
95457 1020
95458 768
95459 339
95460 972
95461 725
95462 350
95463 686
95464 1155
95465 1166
95466 226
95467 673
95468 29
95469 199
95470 793
95471 257
95472 117
95473 832
95474 972
95475 933
95476 452
95477 439
95478 1085
95479 294
95480 302
95481 883
95482 839
95483 308
95484 1114
95485 184
95486 39
95487 637
95488 898
95489 1014
95490 981
95491 1097
95492 86
95493 494
95494 141
95495 917
95496 195
95497 843
95498 1153
95499 936
95500 120
95501 147
95502 769
95503 801
95504 880
95505 965
95506 11
95507 448
95508 85
95509 451
95510 48
95511 191
95512 82
95513 559
95514 461
95515 239
95516 857
95517 705
95518 782
95519 1048
95520 826
95521 91
95522 374
95523 426
95524 193
95525 496
95526 305
95527 527
95528 214
95529 403
95530 526
95531 290
95532 135
95533 884
95534 307
95535 940
95536 76
95537 598
95538 1079
95539 426
95540 959
95541 141
95542 850
95543 132
95544 1160
95545 451
95546 1077
95547 989
95548 1147
95549 608
95550 398
95551 923
95552 305
95553 1166
95554 928
95555 99
95556 44
95557 763
95558 762
95559 731
95560 385
95561 578
95562 920
95563 568
95564 790
95565 506
95566 980
95567 701
95568 126
95569 130
95570 102
95571 289
95572 29
95573 1113
95574 919
95575 192
95576 534
95577 761
95578 809
95579 318
95580 1017
95581 770
95582 703
95583 676
95584 877
95585 253
95586 964
95587 442
95588 468
95589 120
95590 155
95591 1050
95592 614
95593 591
95594 1114
95595 536
95596 896
95597 898
95598 109
95599 689
95600 830
95601 259
95602 941
95603 705
95604 1100
95605 515
95606 936
95607 587
95608 387
95609 491
95610 301
95611 326
95612 384
95613 212
95614 77
95615 156
95616 1071
95617 1110
95618 506
95619 357
95620 161
95621 724
95622 747
95623 1052
95624 530
95625 711
95626 917
95627 536
95628 62
95629 1038
95630 151
95631 221
95632 1124
95633 202
95634 1015
95635 498
95636 233
95637 200
95638 519
95639 305
95640 520
95641 116
95642 1151
95643 625
95644 348
95645 12
95646 34
95647 393
95648 542
95649 135
95650 986
95651 884
95652 431
95653 806
95654 866
95655 158
95656 942
95657 491
95658 276
95659 178
95660 1039
95661 114
95662 1097
95663 488
95664 212
95665 726
95666 950
95667 707
95668 633
95669 951
95670 1004
95671 346
95672 976
95673 124
95674 508
95675 709
95676 249
95677 623
95678 311
95679 473
95680 976
95681 240
95682 1141
95683 445
95684 520
95685 855
95686 548
95687 1105
95688 69
95689 770
95690 1163
95691 951
95692 196
95693 282
95694 885
95695 24
95696 1135
95697 800
95698 751
95699 527
95700 754
95701 168
95702 1159
95703 872
95704 726
95705 1148
95706 1109
95707 290
95708 669
95709 772
95710 89
95711 780
95712 692
95713 253
95714 884
95715 1078
95716 165
95717 525
95718 752
95719 714
95720 985
95721 323
95722 27
95723 752
95724 1017
95725 711
95726 124
95727 466
95728 1062
95729 471
95730 450
95731 922
95732 597
95733 214
95734 361
95735 243
95736 274
95737 815
95738 841
95739 230
95740 368
95741 546
95742 169
95743 908
95744 794
95745 273
95746 1034
95747 1084
95748 736
95749 896
95750 12
95751 1086
95752 523
95753 1040
95754 1098
95755 154
95756 950
95757 176
95758 381
95759 145
95760 802
95761 128
95762 312
95763 750
95764 374
95765 89
95766 1135
95767 362
95768 131
95769 546
95770 773
95771 560
95772 1120
95773 578
95774 847
95775 37
95776 224
95777 544
95778 419
95779 1121
95780 1148
95781 337
95782 256
95783 298
95784 133
95785 707
95786 659
95787 398
95788 528
95789 20
95790 547
95791 228
95792 504
95793 1092
95794 388
95795 236
95796 992
95797 674
95798 371
95799 1035
95800 1031
95801 1111
95802 652
95803 384
95804 1045
95805 663
95806 301
95807 230
95808 863
95809 846
95810 322
95811 394
95812 881
95813 990
95814 324
95815 196
95816 378
95817 1028
95818 1010
95819 754
95820 71
95821 84
95822 660
95823 839
95824 633
95825 51
95826 572
95827 411
95828 606
95829 123
95830 515
95831 640
95832 123
95833 492
95834 727
95835 1077
95836 563
95837 23
95838 370
95839 537
95840 1014
95841 912
95842 105
95843 716
95844 98
95845 992
95846 515
95847 584
95848 757
95849 623
95850 157
95851 820
95852 446
95853 437
95854 386
95855 911
95856 24
95857 97
95858 479
95859 1034
95860 152
95861 1069
95862 1121
95863 781
95864 192
95865 1115
95866 813
95867 164
95868 1027
95869 956
95870 213
95871 697
95872 920
95873 1010
95874 634
95875 9
95876 573
95877 734
95878 108
95879 257
95880 1009
95881 152
95882 551
95883 350
95884 523
95885 452
95886 528
95887 834
95888 183
95889 994
95890 727
95891 41
95892 503
95893 832
95894 524
95895 323
95896 437
95897 485
95898 1069
95899 988
95900 765
95901 1043
95902 612
95903 751
95904 914
95905 807
95906 932
95907 1154
95908 552
95909 773
95910 640
95911 1025
95912 154
95913 147
95914 687
95915 716
95916 647
95917 284
95918 904
95919 647
95920 450
95921 228
95922 991
95923 316
95924 57
95925 800
95926 305
95927 161
95928 102
95929 324
95930 375
95931 19
95932 407
95933 1118
95934 499
95935 1144
95936 618
95937 4
95938 1087
95939 168
95940 370
95941 347
95942 297
95943 617
95944 998
95945 391
95946 604
95947 1099
95948 773
95949 719
95950 856
95951 557
95952 469
95953 711
95954 1023
95955 1094
95956 836
95957 1112
95958 188
95959 313
95960 325
95961 622
95962 368
95963 1071
95964 832
95965 1037
95966 920
95967 140
95968 755
95969 334
95970 646
95971 283
95972 484
95973 985
95974 825
95975 1130
95976 834
95977 923
95978 1007
95979 511
95980 594
95981 850
95982 61
95983 930
95984 502
95985 920
95986 449
95987 715
95988 277
95989 698
95990 750
95991 536
95992 1010
95993 930
95994 512
95995 391
95996 899
95997 450
95998 596
95999 428
96000 1070
96001 856
96002 323
96003 1154
96004 340
96005 752
96006 839
96007 598
96008 251
96009 947
96010 590
96011 705
96012 39
96013 43
96014 56
96015 162
96016 514
96017 312
96018 712
96019 857
96020 336
96021 95
96022 616
96023 225
96024 698
96025 955
96026 315
96027 415
96028 543
96029 1100
96030 30
96031 1034
96032 412
96033 601
96034 107
96035 803
96036 104
96037 144
96038 121
96039 1148
96040 441
96041 1029
96042 74
96043 973
96044 872
96045 719
96046 218
96047 618
96048 154
96049 900
96050 406
96051 135
96052 327
96053 617
96054 1134
96055 405
96056 810
96057 163
96058 416
96059 237
96060 148
96061 773
96062 449
96063 430
96064 143
96065 622
96066 856
96067 321
96068 840
96069 872
96070 336
96071 169
96072 1052
96073 966
96074 540
96075 910
96076 56
96077 789
96078 501
96079 905
96080 836
96081 10
96082 126
96083 212
96084 1131
96085 1132
96086 184
96087 755
96088 297
96089 484
96090 185
96091 198
96092 245
96093 182
96094 1119
96095 1112
96096 751
96097 917
96098 191
96099 1141
96100 1101
96101 266
96102 375
96103 523
96104 347
96105 886
96106 480
96107 294
96108 659
96109 635
96110 1049
96111 770
96112 54
96113 169
96114 1136
96115 1099
96116 914
96117 792
96118 82
96119 1043
96120 1064
96121 61
96122 922
96123 1048
96124 49
96125 375
96126 796
96127 489
96128 556
96129 220
96130 549
96131 381
96132 986
96133 807
96134 726
96135 445
96136 388
96137 132
96138 168
96139 80
96140 354
96141 979
96142 24
96143 668
96144 453
96145 49
96146 123
96147 14
96148 12
96149 1036
96150 863
96151 291
96152 963
96153 258
96154 465
96155 51
96156 807
96157 910
96158 703
96159 1168
96160 794
96161 680
96162 5
96163 558
96164 1047
96165 22
96166 164
96167 258
96168 581
96169 772
96170 600
96171 315
96172 974
96173 597
96174 450
96175 40
96176 594
96177 746
96178 166
96179 272
96180 932
96181 899
96182 737
96183 151
96184 319
96185 212
96186 364
96187 796
96188 815
96189 763
96190 116
96191 370
96192 623
96193 452
96194 1014
96195 4
96196 706
96197 1082
96198 228
96199 323
96200 921
96201 514
96202 952
96203 21
96204 89
96205 983
96206 766
96207 209
96208 1127
96209 285
96210 1132
96211 1115
96212 225
96213 865
96214 643
96215 498
96216 172
96217 969
96218 575
96219 616
96220 505
96221 1168
96222 257
96223 110
96224 592
96225 122
96226 329
96227 416
96228 265
96229 594
96230 6
96231 158
96232 189
96233 892
96234 1007
96235 911
96236 976
96237 608
96238 489
96239 46
96240 454
96241 641
96242 144
96243 547
96244 97
96245 612
96246 1011
96247 1002
96248 303
96249 1047
96250 235
96251 336
96252 512
96253 1015
96254 952
96255 412
96256 434
96257 739
96258 136
96259 442
96260 510
96261 1088
96262 947
96263 30
96264 851
96265 166
96266 988
96267 1043
96268 932
96269 274
96270 119
96271 535
96272 804
96273 12
96274 733
96275 700
96276 446
96277 143
96278 1031
96279 622
96280 676
96281 93
96282 431
96283 22
96284 424
96285 885
96286 185
96287 906
96288 254
96289 217
96290 704
96291 677
96292 495
96293 908
96294 609
96295 359
96296 264
96297 698
96298 236
96299 20
96300 895
96301 188
96302 510
96303 134
96304 567
96305 398
96306 543
96307 0
96308 338
96309 221
96310 1167
96311 394
96312 591
96313 972
96314 269
96315 1005
96316 965
96317 14
96318 272
96319 846
96320 956
96321 315
96322 424
96323 287
96324 347
96325 1007
96326 663
96327 1064
96328 262
96329 266
96330 876
96331 1034
96332 441
96333 462
96334 186
96335 4
96336 229
96337 731
96338 1134
96339 334
96340 0
96341 558
96342 156
96343 950
96344 465
96345 70
96346 3
96347 336
96348 614
96349 1026
96350 566
96351 488
96352 501
96353 319
96354 56
96355 1064
96356 1029
96357 915
96358 599
96359 433
96360 313
96361 172
96362 22
96363 113
96364 153
96365 559
96366 839
96367 397
96368 669
96369 1066
96370 1121
96371 1026
96372 988
96373 473
96374 264
96375 728
96376 230
96377 581
96378 800
96379 556
96380 1054
96381 997
96382 83
96383 4
96384 827
96385 82
96386 429
96387 215
96388 502
96389 846
96390 763
96391 778
96392 197
96393 85
96394 643
96395 671
96396 1026
96397 102
96398 499
96399 171
96400 898
96401 531
96402 519
96403 633
96404 608
96405 1100
96406 453
96407 149
96408 377
96409 1070
96410 654
96411 390
96412 843
96413 741
96414 713
96415 1006
96416 326
96417 420
96418 120
96419 565
96420 533
96421 233
96422 755
96423 324
96424 962
96425 1168
96426 780
96427 1127
96428 999
96429 605
96430 625
96431 48
96432 436
96433 419
96434 184
96435 936
96436 574
96437 930
96438 819
96439 934
96440 1059
96441 704
96442 451
96443 450
96444 172
96445 529
96446 857
96447 696
96448 381
96449 115
96450 380
96451 103
96452 1021
96453 55
96454 765
96455 271
96456 714
96457 363
96458 251
96459 592
96460 171
96461 946
96462 118
96463 4
96464 1061
96465 617
96466 878
96467 1078
96468 370
96469 112
96470 603
96471 938
96472 473
96473 246
96474 648
96475 119
96476 392
96477 427
96478 1064
96479 661
96480 521
96481 769
96482 345
96483 996
96484 265
96485 64
96486 1129
96487 14
96488 2
96489 866
96490 357
96491 512
96492 524
96493 1149
96494 540
96495 584
96496 124
96497 1169
96498 660
96499 410
96500 997
96501 1054
96502 198
96503 461
96504 1102
96505 681
96506 234
96507 1105
96508 791
96509 759
96510 5
96511 1002
96512 35
96513 1020
96514 1141
96515 217
96516 789
96517 1015
96518 521
96519 362
96520 221
96521 504
96522 163
96523 296
96524 700
96525 808
96526 410
96527 660
96528 682
96529 430
96530 882
96531 946
96532 738
96533 798
96534 587
96535 993
96536 1
96537 434
96538 180
96539 510
96540 278
96541 31
96542 1155
96543 908
96544 848
96545 1154
96546 840
96547 600
96548 942
96549 763
96550 50
96551 483
96552 881
96553 511
96554 363
96555 851
96556 1099
96557 305
96558 28
96559 114
96560 249
96561 963
96562 1031
96563 934
96564 630
96565 1124
96566 739
96567 1145
96568 1134
96569 809
96570 276
96571 1105
96572 441
96573 15
96574 553
96575 941
96576 1100
96577 479
96578 927
96579 270
96580 1079
96581 1021
96582 1
96583 1143
96584 851
96585 724
96586 633
96587 1064
96588 464
96589 494
96590 718
96591 523
96592 928
96593 1068
96594 590
96595 17
96596 750
96597 334
96598 47
96599 813
96600 958
96601 987
96602 958
96603 708
96604 207
96605 712
96606 489
96607 262
96608 316
96609 1172
96610 682
96611 236
96612 754
96613 650
96614 68
96615 13
96616 451
96617 910
96618 1098
96619 668
96620 932
96621 342
96622 355
96623 574
96624 163
96625 678
96626 115
96627 45
96628 448
96629 212
96630 1001
96631 416
96632 692
96633 1012
96634 1153
96635 760
96636 73
96637 757
96638 936
96639 605
96640 5
96641 199
96642 218
96643 269
96644 888
96645 778
96646 423
96647 634
96648 494
96649 368
96650 727
96651 5
96652 1077
96653 423
96654 918
96655 344
96656 1132
96657 721
96658 976
96659 632
96660 943
96661 521
96662 1090
96663 536
96664 27
96665 1157
96666 201
96667 710
96668 1125
96669 660
96670 213
96671 691
96672 911
96673 974
96674 800
96675 992
96676 546
96677 776
96678 248
96679 52
96680 766
96681 499
96682 1116
96683 813
96684 940
96685 596
96686 388
96687 605
96688 1158
96689 1104
96690 419
96691 558
96692 958
96693 206
96694 639
96695 16
96696 898
96697 141
96698 11
96699 411
96700 629
96701 666
96702 664
96703 605
96704 19
96705 40
96706 900
96707 642
96708 820
96709 1112
96710 405
96711 782
96712 360
96713 891
96714 164
96715 703
96716 496
96717 806
96718 902
96719 54
96720 1039
96721 129
96722 318
96723 640
96724 499
96725 10
96726 437
96727 916
96728 244
96729 522
96730 962
96731 912
96732 711
96733 769
96734 485
96735 766
96736 941
96737 995
96738 829
96739 170
96740 421
96741 1055
96742 901
96743 694
96744 901
96745 643
96746 977
96747 454
96748 548
96749 1048
96750 798
96751 1078
96752 286
96753 467
96754 475
96755 776
96756 318
96757 261
96758 283
96759 1149
96760 880
96761 256
96762 82
96763 808
96764 278
96765 445
96766 903
96767 302
96768 1020
96769 765
96770 907
96771 6
96772 946
96773 903
96774 0
96775 254
96776 190
96777 879
96778 370
96779 861
96780 90
96781 805
96782 134
96783 567
96784 763
96785 1068
96786 398
96787 478
96788 156
96789 884
96790 231
96791 433
96792 1144
96793 178
96794 1088
96795 826
96796 425
96797 665
96798 821
96799 795
96800 255
96801 373
96802 179
96803 744
96804 498
96805 375
96806 599
96807 851
96808 373
96809 879
96810 652
96811 875
96812 413
96813 81
96814 934
96815 1158
96816 832
96817 1104
96818 1139
96819 977
96820 818
96821 90
96822 782
96823 528
96824 188
96825 212
96826 1082
96827 706
96828 1089
96829 66
96830 527
96831 1106
96832 1055
96833 1136
96834 632
96835 73
96836 101
96837 884
96838 11
96839 132
96840 197
96841 665
96842 21
96843 232
96844 904
96845 102
96846 944
96847 918
96848 520
96849 927
96850 275
96851 883
96852 78
96853 943
96854 517
96855 792
96856 17
96857 356
96858 212
96859 48
96860 12
96861 1041
96862 430
96863 888
96864 1140
96865 601
96866 209
96867 460
96868 104
96869 488
96870 311
96871 162
96872 92
96873 349
96874 267
96875 609
96876 528
96877 815
96878 377
96879 389
96880 453
96881 705
96882 241
96883 397
96884 758
96885 1031
96886 635
96887 95
96888 696
96889 1120
96890 130
96891 616
96892 353
96893 133
96894 248
96895 761
96896 986
96897 1118
96898 826
96899 208
96900 233
96901 332
96902 67
96903 395
96904 356
96905 624
96906 578
96907 849
96908 188
96909 1085
96910 927
96911 1061
96912 615
96913 538
96914 750
96915 275
96916 100
96917 275
96918 927
96919 83
96920 339
96921 221
96922 701
96923 806
96924 278
96925 1077
96926 604
96927 1118
96928 220
96929 448
96930 1000
96931 895
96932 1125
96933 597
96934 616
96935 107
96936 999
96937 718
96938 943
96939 459
96940 997
96941 1064
96942 1158
96943 935
96944 344
96945 1159
96946 664
96947 1092
96948 276
96949 651
96950 279
96951 594
96952 552
96953 1072
96954 514
96955 871
96956 108
96957 916
96958 1064
96959 909
96960 841
96961 475
96962 853
96963 810
96964 119
96965 12
96966 953
96967 879
96968 351
96969 1022
96970 1150
96971 71
96972 553
96973 860
96974 341
96975 114
96976 290
96977 147
96978 237
96979 30
96980 938
96981 520
96982 863
96983 804
96984 870
96985 849
96986 904
96987 982
96988 558
96989 131
96990 761
96991 204
96992 342
96993 615
96994 730
96995 544
96996 601
96997 322
96998 702
96999 275
97000 788
97001 307
97002 337
97003 41
97004 31
97005 353
97006 464
97007 556
97008 694
97009 554
97010 427
97011 1050
97012 884
97013 687
97014 76
97015 377
97016 513
97017 1134
97018 623
97019 807
97020 606
97021 1013
97022 237
97023 149
97024 344
97025 1082
97026 643
97027 679
97028 1011
97029 500
97030 114
97031 764
97032 1123
97033 436
97034 807
97035 925
97036 1132
97037 540
97038 208
97039 876
97040 15
97041 1018
97042 904
97043 802
97044 507
97045 941
97046 962
97047 4
97048 259
97049 339
97050 866
97051 617
97052 481
97053 84
97054 922
97055 88
97056 649
97057 416
97058 1024
97059 950
97060 234
97061 962
97062 1100
97063 426
97064 582
97065 863
97066 1096
97067 56
97068 1100
97069 1022
97070 546
97071 519
97072 454
97073 306
97074 815
97075 553
97076 1142
97077 282
97078 176
97079 1080
97080 960
97081 1054
97082 464
97083 405
97084 981
97085 199
97086 945
97087 1152
97088 81
97089 619
97090 758
97091 354
97092 941
97093 1013
97094 1083
97095 1022
97096 333
97097 192
97098 659
97099 445
97100 749
97101 832
97102 1126
97103 248
97104 73
97105 154
97106 874
97107 464
97108 1005
97109 444
97110 83
97111 357
97112 910
97113 1089
97114 333
97115 955
97116 100
97117 520
97118 750
97119 133
97120 877
97121 489
97122 907
97123 421
97124 17
97125 319
97126 1118
97127 554
97128 334
97129 553
97130 87
97131 899
97132 1066
97133 765
97134 1039
97135 126
97136 54
97137 1130
97138 577
97139 400
97140 332
97141 164
97142 1131
97143 1006
97144 452
97145 792
97146 410
97147 545
97148 40
97149 161
97150 1060
97151 1103
97152 918
97153 498
97154 792
97155 62
97156 931
97157 312
97158 889
97159 404
97160 568
97161 313
97162 745
97163 841
97164 491
97165 768
97166 578
97167 286
97168 140
97169 117
97170 7
97171 719
97172 937
97173 452
97174 370
97175 775
97176 597
97177 526
97178 1034
97179 280
97180 174
97181 276
97182 1074
97183 1121
97184 793
97185 871
97186 932
97187 268
97188 1063
97189 695
97190 899
97191 94
97192 162
97193 958
97194 546
97195 896
97196 908
97197 188
97198 383
97199 969
97200 480
97201 845
97202 1072
97203 136
97204 698
97205 437
97206 132
97207 384
97208 916
97209 464
97210 335
97211 18
97212 128
97213 76
97214 890
97215 194
97216 356
97217 828
97218 111
97219 301
97220 1096
97221 486
97222 254
97223 627
97224 339
97225 216
97226 27
97227 552
97228 609
97229 754
97230 536
97231 561
97232 392
97233 186
97234 74
97235 887
97236 1159
97237 783
97238 372
97239 930
97240 1131
97241 119
97242 676
97243 713
97244 384
97245 347
97246 64
97247 1118
97248 143
97249 240
97250 490
97251 77
97252 923
97253 1098
97254 856
97255 643
97256 313
97257 1068
97258 1108
97259 8
97260 497
97261 842
97262 513
97263 880
97264 222
97265 996
97266 611
97267 678
97268 671
97269 274
97270 888
97271 183
97272 917
97273 849
97274 110
97275 587
97276 385
97277 554
97278 976
97279 137
97280 785
97281 823
97282 202
97283 262
97284 1148
97285 57
97286 954
97287 523
97288 225
97289 1102
97290 1
97291 110
97292 540
97293 480
97294 587
97295 1040
97296 312
97297 0
97298 662
97299 1153
97300 1134
97301 603
97302 59
97303 150
97304 835
97305 544
97306 384
97307 1037
97308 521
97309 49
97310 630
97311 978
97312 4
97313 946
97314 812
97315 1133
97316 525
97317 993
97318 660
97319 169
97320 306
97321 306
97322 912
97323 821
97324 884
97325 432
97326 469
97327 642
97328 568
97329 1017
97330 915
97331 574
97332 959
97333 813
97334 185
97335 1124
97336 285
97337 598
97338 709
97339 1092
97340 13
97341 954
97342 490
97343 1057
97344 835
97345 1112
97346 616
97347 91
97348 1006
97349 23
97350 860
97351 816
97352 92
97353 141
97354 418
97355 161
97356 414
97357 146
97358 955
97359 76
97360 170
97361 361
97362 158
97363 82
97364 271
97365 817
97366 169
97367 588
97368 410
97369 633
97370 237
97371 592
97372 787
97373 542
97374 932
97375 1103
97376 161
97377 898
97378 1037
97379 385
97380 677
97381 284
97382 456
97383 714
97384 850
97385 528
97386 594
97387 1011
97388 308
97389 209
97390 903
97391 877
97392 568
97393 845
97394 199
97395 1046
97396 658
97397 796
97398 686
97399 1105
97400 209
97401 61
97402 841
97403 1070
97404 1136
97405 741
97406 356
97407 25
97408 116
97409 1090
97410 809
97411 605
97412 266
97413 813
97414 74
97415 542
97416 692
97417 519
97418 580
97419 704
97420 1032
97421 502
97422 134
97423 897
97424 1023
97425 414
97426 507
97427 145
97428 111
97429 37
97430 934
97431 859
97432 388
97433 165
97434 708
97435 870
97436 565
97437 172
97438 488
97439 909
97440 679
97441 382
97442 584
97443 266
97444 1132
97445 534
97446 779
97447 517
97448 14
97449 115
97450 950
97451 954
97452 825
97453 429
97454 305
97455 276
97456 552
97457 948
97458 1041
97459 22
97460 826
97461 1069
97462 779
97463 1072
97464 378
97465 625
97466 461
97467 591
97468 508
97469 408
97470 448
97471 161
97472 1108
97473 903
97474 965
97475 840
97476 472
97477 902
97478 714
97479 734
97480 977
97481 81
97482 559
97483 481
97484 1095
97485 987
97486 1120
97487 1008
97488 176
97489 634
97490 866
97491 973
97492 195
97493 231
97494 572
97495 25
97496 1123
97497 1062
97498 1144
97499 163
97500 311
97501 286
97502 571
97503 720
97504 745
97505 758
97506 973
97507 274
97508 1093
97509 816
97510 139
97511 466
97512 672
97513 1029
97514 273
97515 1128
97516 27
97517 635
97518 504
97519 609
97520 1121
97521 992
97522 635
97523 559
97524 66
97525 37
97526 30
97527 67
97528 597
97529 1014
97530 740
97531 1048
97532 339
97533 59
97534 52
97535 100
97536 965
97537 843
97538 633
97539 14
97540 249
97541 423
97542 419
97543 1129
97544 600
97545 1119
97546 254
97547 857
97548 828
97549 62
97550 848
97551 162
97552 452
97553 524
97554 1102
97555 935
97556 108
97557 507
97558 645
97559 316
97560 34
97561 381
97562 35
97563 193
97564 1146
97565 114
97566 876
97567 971
97568 497
97569 685
97570 578
97571 590
97572 346
97573 597
97574 1126
97575 216
97576 1004
97577 773
97578 1139
97579 362
97580 324
97581 1057
97582 381
97583 645
97584 977
97585 690
97586 344
97587 364
97588 697
97589 692
97590 692
97591 948
97592 292
97593 350
97594 502
97595 412
97596 352
97597 187
97598 300
97599 873
97600 140
97601 40
97602 252
97603 44
97604 797
97605 925
97606 901
97607 972
97608 38
97609 514
97610 1025
97611 967
97612 765
97613 389
97614 200
97615 816
97616 139
97617 1167
97618 1106
97619 99
97620 756
97621 280
97622 854
97623 587
97624 809
97625 535
97626 393
97627 564
97628 572
97629 149
97630 529
97631 1116
97632 697
97633 643
97634 624
97635 989
97636 280
97637 193
97638 528
97639 1038
97640 614
97641 282
97642 299
97643 498
97644 905
97645 883
97646 820
97647 1124
97648 1091
97649 427
97650 515
97651 391
97652 833
97653 95
97654 530
97655 87
97656 389
97657 1009
97658 753
97659 50
97660 647
97661 1002
97662 822
97663 548
97664 500
97665 1039
97666 316
97667 722
97668 838
97669 998
97670 743
97671 942
97672 403
97673 900
97674 418
97675 1059
97676 288
97677 256
97678 1125
97679 468
97680 796
97681 901
97682 967
97683 687
97684 185
97685 492
97686 976
97687 733
97688 715
97689 431
97690 338
97691 739
97692 27
97693 386
97694 778
97695 847
97696 979
97697 496
97698 1012
97699 44
97700 775
97701 498
97702 171
97703 655
97704 63
97705 1128
97706 779
97707 674
97708 245
97709 952
97710 1031
97711 837
97712 401
97713 699
97714 210
97715 184
97716 691
97717 125
97718 720
97719 858
97720 192
97721 43
97722 160
97723 844
97724 147
97725 933
97726 756
97727 252
97728 968
97729 1051
97730 990
97731 1141
97732 123
97733 290
97734 665
97735 314
97736 596
97737 232
97738 38
97739 866
97740 663
97741 192
97742 138
97743 236
97744 402
97745 1085
97746 1091
97747 214
97748 697
97749 88
97750 1162
97751 43
97752 435
97753 603
97754 987
97755 617
97756 465
97757 213
97758 508
97759 804
97760 662
97761 520
97762 372
97763 718
97764 1115
97765 85
97766 1101
97767 780
97768 554
97769 642
97770 230
97771 368
97772 515
97773 22
97774 337
97775 749
97776 155
97777 420
97778 177
97779 192
97780 52
97781 472
97782 177
97783 933
97784 960
97785 18
97786 1010
97787 1055
97788 404
97789 929
97790 309
97791 784
97792 1020
97793 7
97794 161
97795 714
97796 393
97797 743
97798 447
97799 184
97800 1058
97801 1140
97802 372
97803 152
97804 86
97805 212
97806 211
97807 551
97808 968
97809 110
97810 23
97811 907
97812 250
97813 208
97814 168
97815 556
97816 586
97817 753
97818 1072
97819 745
97820 420
97821 436
97822 545
97823 833
97824 253
97825 517
97826 857
97827 694
97828 387
97829 706
97830 134
97831 173
97832 709
97833 823
97834 200
97835 269
97836 1162
97837 1034
97838 85
97839 464
97840 231
97841 555
97842 601
97843 1035
97844 583
97845 997
97846 1
97847 439
97848 291
97849 675
97850 689
97851 739
97852 1102
97853 39
97854 1107
97855 662
97856 793
97857 184
97858 708
97859 140
97860 513
97861 618
97862 276
97863 971
97864 396
97865 90
97866 827
97867 1022
97868 171
97869 851
97870 415
97871 1067
97872 30
97873 263
97874 1020
97875 321
97876 954
97877 777
97878 270
97879 941
97880 942
97881 369
97882 154
97883 1070
97884 538
97885 632
97886 921
97887 47
97888 119
97889 197
97890 31
97891 565
97892 493
97893 1067
97894 770
97895 49
97896 123
97897 586
97898 4
97899 111
97900 250
97901 9
97902 864
97903 596
97904 897
97905 829
97906 730
97907 36
97908 261
97909 851
97910 612
97911 1163
97912 598
97913 513
97914 104
97915 170
97916 480
97917 314
97918 546
97919 868
97920 414
97921 709
97922 833
97923 175
97924 815
97925 31
97926 1145
97927 378
97928 251
97929 1096
97930 499
97931 716
97932 1049
97933 269
97934 455
97935 189
97936 952
97937 749
97938 1078
97939 1142
97940 1106
97941 459
97942 659
97943 1148
97944 791
97945 968
97946 680
97947 210
97948 208
97949 1048
97950 804
97951 137
97952 556
97953 1044
97954 1003
97955 379
97956 379
97957 633
97958 781
97959 204
97960 723
97961 18
97962 177
97963 1037
97964 1099
97965 145
97966 740
97967 710
97968 530
97969 986
97970 278
97971 193
97972 410
97973 676
97974 1041
97975 801
97976 1023
97977 235
97978 311
97979 765
97980 945
97981 1088
97982 1042
97983 1143
97984 913
97985 723
97986 1154
97987 938
97988 865
97989 422
97990 530
97991 722
97992 538
97993 820
97994 668
97995 883
97996 725
97997 971
97998 8
97999 389
98000 1078
98001 1012
98002 446
98003 312
98004 616
98005 359
98006 491
98007 1044
98008 591
98009 935
98010 441
98011 756
98012 314
98013 274
98014 464
98015 164
98016 1055
98017 84
98018 476
98019 901
98020 747
98021 1116
98022 244
98023 363
98024 856
98025 851
98026 928
98027 49
98028 642
98029 196
98030 89
98031 158
98032 1035
98033 1038
98034 699
98035 115
98036 974
98037 280
98038 162
98039 1019
98040 230
98041 83
98042 140
98043 862
98044 442
98045 1094
98046 116
98047 1169
98048 563
98049 1154
98050 1166
98051 84
98052 825
98053 560
98054 360
98055 792
98056 522
98057 556
98058 674
98059 154
98060 1155
98061 49
98062 1168
98063 1041
98064 828
98065 920
98066 690
98067 34
98068 1052
98069 511
98070 227
98071 380
98072 205
98073 823
98074 37
98075 323
98076 150
98077 611
98078 89
98079 176
98080 28
98081 462
98082 192
98083 369
98084 779
98085 490
98086 1035
98087 309
98088 822
98089 191
98090 110
98091 473
98092 1035
98093 124
98094 615
98095 139
98096 845
98097 83
98098 1037
98099 681
98100 748
98101 461
98102 517
98103 496
98104 262
98105 434
98106 340
98107 890
98108 413
98109 1066
98110 985
98111 689
98112 31
98113 536
98114 336
98115 1029
98116 273
98117 413
98118 209
98119 503
98120 1115
98121 1137
98122 873
98123 284
98124 149
98125 314
98126 270
98127 470
98128 567
98129 592
98130 449
98131 677
98132 466
98133 724
98134 1140
98135 289
98136 931
98137 308
98138 475
98139 528
98140 172
98141 492
98142 245
98143 622
98144 769
98145 145
98146 507
98147 439
98148 474
98149 19
98150 837
98151 411
98152 67
98153 809
98154 978
98155 844
98156 387
98157 516
98158 589
98159 597
98160 512
98161 1106
98162 619
98163 1078
98164 155
98165 609
98166 971
98167 728
98168 205
98169 857
98170 249
98171 827
98172 424
98173 262
98174 53
98175 772
98176 1028
98177 187
98178 438
98179 1132
98180 312
98181 531
98182 1108
98183 333
98184 501
98185 486
98186 39
98187 1053
98188 0
98189 308
98190 457
98191 675
98192 900
98193 410
98194 82
98195 637
98196 78
98197 1053
98198 756
98199 1085
98200 480
98201 88
98202 301
98203 290
98204 787
98205 876
98206 339
98207 46
98208 402
98209 579
98210 217
98211 1051
98212 1098
98213 67
98214 581
98215 163
98216 781
98217 987
98218 543
98219 675
98220 481
98221 15
98222 688
98223 805
98224 23
98225 58
98226 565
98227 39
98228 618
98229 239
98230 320
98231 859
98232 499
98233 719
98234 1097
98235 758
98236 321
98237 1152
98238 259
98239 867
98240 1130
98241 132
98242 427
98243 279
98244 385
98245 299
98246 199
98247 168
98248 274
98249 584
98250 1000
98251 421
98252 597
98253 319
98254 267
98255 578
98256 381
98257 318
98258 100
98259 178
98260 973
98261 320
98262 396
98263 1043
98264 205
98265 15
98266 679
98267 393
98268 631
98269 400
98270 835
98271 820
98272 261
98273 388
98274 922
98275 572
98276 303
98277 1061
98278 793
98279 388
98280 98
98281 66
98282 671
98283 835
98284 275
98285 607
98286 828
98287 1046
98288 312
98289 13
98290 507
98291 254
98292 1047
98293 645
98294 608
98295 895
98296 143
98297 1097
98298 1099
98299 512
98300 845
98301 817
98302 55
98303 109
98304 135
98305 1036
98306 99
98307 1085
98308 198
98309 281
98310 725
98311 867
98312 535
98313 947
98314 772
98315 99
98316 799
98317 432
98318 1093
98319 1100
98320 255
98321 724
98322 449
98323 235
98324 888
98325 881
98326 784
98327 1051
98328 994
98329 32
98330 253
98331 130
98332 639
98333 56
98334 81
98335 727
98336 440
98337 413
98338 61
98339 67
98340 973
98341 929
98342 492
98343 445
98344 1129
98345 369
98346 549
98347 1055
98348 461
98349 893
98350 860
98351 320
98352 858
98353 250
98354 355
98355 890
98356 737
98357 859
98358 416
98359 1129
98360 424
98361 703
98362 894
98363 1114
98364 183
98365 1105
98366 1118
98367 978
98368 993
98369 75
98370 24
98371 1046
98372 120
98373 709
98374 932
98375 341
98376 423
98377 750
98378 390
98379 48
98380 326
98381 745
98382 814
98383 1046
98384 933
98385 390
98386 62
98387 957
98388 649
98389 760
98390 797
98391 1094
98392 886
98393 631
98394 581
98395 111
98396 219
98397 182
98398 325
98399 451
98400 110
98401 912
98402 801
98403 930
98404 781
98405 260
98406 1081
98407 838
98408 720
98409 996
98410 440
98411 221
98412 500
98413 517
98414 420
98415 581
98416 763
98417 958
98418 403
98419 1090
98420 725
98421 523
98422 528
98423 1161
98424 328
98425 1127
98426 729
98427 1029
98428 1076
98429 266
98430 1139
98431 599
98432 757
98433 444
98434 1110
98435 223
98436 479
98437 89
98438 629
98439 266
98440 883
98441 0
98442 1027
98443 841
98444 461
98445 518
98446 812
98447 918
98448 61
98449 568
98450 315
98451 992
98452 667
98453 735
98454 792
98455 36
98456 233
98457 657
98458 798
98459 663
98460 558
98461 1150
98462 513
98463 336
98464 982
98465 592
98466 719
98467 883
98468 316
98469 824
98470 602
98471 243
98472 413
98473 133
98474 531
98475 813
98476 148
98477 260
98478 482
98479 1046
98480 44
98481 688
98482 208
98483 782
98484 260
98485 143
98486 357
98487 666
98488 706
98489 997
98490 119
98491 1151
98492 433
98493 881
98494 1133
98495 73
98496 346
98497 662
98498 1077
98499 511
98500 699
98501 229
98502 667
98503 210
98504 165
98505 251
98506 433
98507 960
98508 570
98509 601
98510 78
98511 728
98512 1
98513 761
98514 818
98515 687
98516 814
98517 221
98518 632
98519 1130
98520 918
98521 1101
98522 438
98523 148
98524 401
98525 483
98526 750
98527 38
98528 892
98529 598
98530 713
98531 126
98532 621
98533 286
98534 645
98535 947
98536 186
98537 814
98538 822
98539 780
98540 303
98541 518
98542 871
98543 803
98544 900
98545 696
98546 645
98547 373
98548 1158
98549 559
98550 937
98551 218
98552 350
98553 1098
98554 616
98555 296
98556 1107
98557 387
98558 580
98559 988
98560 307
98561 167
98562 677
98563 210
98564 933
98565 270
98566 1066
98567 1129
98568 1098
98569 317
98570 848
98571 55
98572 885
98573 1053
98574 79
98575 30
98576 867
98577 681
98578 1112
98579 744
98580 89
98581 881
98582 1024
98583 280
98584 884
98585 66
98586 233
98587 923
98588 232
98589 519
98590 666
98591 725
98592 653
98593 890
98594 1025
98595 1046
98596 1121
98597 106
98598 963
98599 721
98600 1080
98601 374
98602 1016
98603 681
98604 1034
98605 644
98606 667
98607 356
98608 1077
98609 349
98610 679
98611 793
98612 648
98613 68
98614 773
98615 624
98616 175
98617 977
98618 516
98619 177
98620 288
98621 122
98622 297
98623 525
98624 42
98625 38
98626 303
98627 646
98628 456
98629 661
98630 620
98631 772
98632 1059
98633 511
98634 346
98635 197
98636 424
98637 355
98638 570
98639 45
98640 443
98641 43
98642 934
98643 282
98644 626
98645 227
98646 268
98647 1052
98648 58
98649 1004
98650 623
98651 287
98652 243
98653 122
98654 269
98655 174
98656 1159
98657 1104
98658 6
98659 707
98660 773
98661 1
98662 71
98663 324
98664 350
98665 395
98666 939
98667 1089
98668 975
98669 236
98670 474
98671 1078
98672 153
98673 160
98674 589
98675 775
98676 585
98677 625
98678 341
98679 577
98680 54
98681 938
98682 55
98683 499
98684 219
98685 472
98686 262
98687 635
98688 68
98689 957
98690 402
98691 735
98692 971
98693 270
98694 732
98695 835
98696 206
98697 963
98698 398
98699 145
98700 784
98701 953
98702 241
98703 734
98704 459
98705 5
98706 208
98707 307
98708 613
98709 45
98710 252
98711 57
98712 403
98713 979
98714 814
98715 297
98716 995
98717 857
98718 939
98719 135
98720 1138
98721 235
98722 1046
98723 703
98724 359
98725 63
98726 1049
98727 8
98728 709
98729 906
98730 424
98731 1033
98732 557
98733 876
98734 1046
98735 409
98736 147
98737 700
98738 38
98739 250
98740 619
98741 470
98742 940
98743 556
98744 333
98745 194
98746 511
98747 985
98748 187
98749 5
98750 408
98751 459
98752 634
98753 761
98754 31
98755 386
98756 355
98757 631
98758 714
98759 232
98760 473
98761 13
98762 545
98763 114
98764 404
98765 874
98766 247
98767 92
98768 195
98769 1082
98770 775
98771 750
98772 613
98773 846
98774 679
98775 271
98776 660
98777 1153
98778 47
98779 935
98780 415
98781 1017
98782 726
98783 193
98784 1116
98785 931
98786 1123
98787 175
98788 1071
98789 76
98790 657
98791 176
98792 1172
98793 1064
98794 811
98795 395
98796 679
98797 580
98798 185
98799 700
98800 1095
98801 492
98802 357
98803 404
98804 540
98805 160
98806 322
98807 940
98808 783
98809 1149
98810 868
98811 1016
98812 941
98813 970
98814 63
98815 213
98816 1151
98817 707
98818 342
98819 1006
98820 331
98821 424
98822 472
98823 802
98824 755
98825 449
98826 669
98827 27
98828 812
98829 687
98830 198
98831 77
98832 795
98833 1080
98834 1069
98835 788
98836 458
98837 704
98838 828
98839 594
98840 62
98841 612
98842 49
98843 301
98844 972
98845 323
98846 897
98847 417
98848 353
98849 175
98850 1124
98851 1058
98852 273
98853 781
98854 957
98855 511
98856 76
98857 733
98858 409
98859 568
98860 286
98861 903
98862 772
98863 683
98864 953
98865 1043
98866 574
98867 1135
98868 854
98869 1007
98870 762
98871 304
98872 752
98873 540
98874 159
98875 295
98876 1110
98877 287
98878 164
98879 847
98880 1071
98881 1077
98882 550
98883 973
98884 515
98885 1099
98886 233
98887 429
98888 799
98889 763
98890 78
98891 928
98892 368
98893 661
98894 566
98895 234
98896 1166
98897 669
98898 654
98899 730
98900 284
98901 474
98902 983
98903 340
98904 1001
98905 764
98906 758
98907 249
98908 633
98909 308
98910 688
98911 539
98912 128
98913 353
98914 438
98915 39
98916 265
98917 929
98918 520
98919 203
98920 140
98921 237
98922 319
98923 658
98924 168
98925 382
98926 677
98927 115
98928 321
98929 150
98930 1053
98931 752
98932 649
98933 598
98934 840
98935 1142
98936 124
98937 977
98938 544
98939 923
98940 736
98941 534
98942 169
98943 822
98944 897
98945 782
98946 144
98947 1103
98948 800
98949 161
98950 521
98951 532
98952 888
98953 395
98954 378
98955 960
98956 699
98957 435
98958 316
98959 267
98960 1074
98961 804
98962 1062
98963 887
98964 899
98965 271
98966 874
98967 480
98968 976
98969 768
98970 660
98971 470
98972 189
98973 49
98974 1158
98975 618
98976 718
98977 1109
98978 459
98979 1093
98980 29
98981 960
98982 331
98983 104
98984 976
98985 533
98986 215
98987 934
98988 115
98989 684
98990 388
98991 1063
98992 192
98993 788
98994 482
98995 968
98996 781
98997 744
98998 793
98999 224
99000 103
99001 977
99002 1161
99003 996
99004 765
99005 184
99006 887
99007 676
99008 519
99009 850
99010 54
99011 268
99012 338
99013 943
99014 344
99015 420
99016 396
99017 868
99018 763
99019 745
99020 1002
99021 467
99022 887
99023 338
99024 206
99025 298
99026 114
99027 138
99028 849
99029 802
99030 252
99031 843
99032 177
99033 179
99034 1150
99035 400
99036 710
99037 639
99038 721
99039 16
99040 535
99041 746
99042 439
99043 540
99044 170
99045 870
99046 349
99047 163
99048 199
99049 923
99050 257
99051 699
99052 563
99053 988
99054 1097
99055 1112
99056 550
99057 348
99058 542
99059 488
99060 159
99061 177
99062 871
99063 948
99064 870
99065 727
99066 335
99067 853
99068 322
99069 49
99070 1081
99071 279
99072 399
99073 907
99074 1044
99075 326
99076 29
99077 506
99078 973
99079 1066
99080 14
99081 799
99082 253
99083 835
99084 575
99085 360
99086 830
99087 566
99088 665
99089 100
99090 490
99091 165
99092 847
99093 879
99094 865
99095 581
99096 326
99097 6
99098 1138
99099 757
99100 297
99101 1132
99102 1088
99103 134
99104 1043
99105 782
99106 34
99107 316
99108 85
99109 1055
99110 532
99111 230
99112 585
99113 824
99114 129
99115 998
99116 555
99117 41
99118 784
99119 879
99120 179
99121 1159
99122 774
99123 690
99124 440
99125 695
99126 408
99127 607
99128 1030
99129 684
99130 660
99131 1110
99132 633
99133 864
99134 405
99135 654
99136 487
99137 48
99138 945
99139 1133
99140 278
99141 203
99142 395
99143 124
99144 45
99145 419
99146 716
99147 742
99148 995
99149 244
99150 1145
99151 885
99152 1008
99153 509
99154 1130
99155 371
99156 656
99157 18
99158 945
99159 807
99160 74
99161 1074
99162 680
99163 1012
99164 7
99165 772
99166 68
99167 593
99168 585
99169 851
99170 577
99171 504
99172 1030
99173 775
99174 168
99175 126
99176 522
99177 313
99178 234
99179 98
99180 515
99181 1098
99182 964
99183 114
99184 104
99185 666
99186 778
99187 964
99188 43
99189 569
99190 432
99191 848
99192 1106
99193 774
99194 774
99195 811
99196 573
99197 931
99198 851
99199 63
99200 490
99201 837
99202 125
99203 580
99204 372
99205 1146
99206 187
99207 178
99208 925
99209 634
99210 218
99211 834
99212 738
99213 166
99214 342
99215 1031
99216 667
99217 638
99218 685
99219 1042
99220 117
99221 120
99222 724
99223 870
99224 957
99225 607
99226 280
99227 645
99228 178
99229 1144
99230 521
99231 1044
99232 424
99233 141
99234 878
99235 805
99236 496
99237 1150
99238 780
99239 86
99240 780
99241 705
99242 645
99243 885
99244 566
99245 830
99246 775
99247 643
99248 766
99249 628
99250 1072
99251 337
99252 195
99253 1080
99254 721
99255 9
99256 757
99257 508
99258 883
99259 255
99260 445
99261 161
99262 106
99263 1006
99264 37
99265 166
99266 884
99267 4
99268 130
99269 786
99270 12
99271 370
99272 209
99273 758
99274 572
99275 919
99276 894
99277 53
99278 359
99279 983
99280 838
99281 602
99282 1106
99283 80
99284 504
99285 1119
99286 1131
99287 987
99288 382
99289 267
99290 504
99291 623
99292 1024
99293 1069
99294 801
99295 394
99296 259
99297 204
99298 959
99299 249
99300 999
99301 1128
99302 1130
99303 674
99304 979
99305 1163
99306 607
99307 871
99308 1127
99309 397
99310 922
99311 1018
99312 675
99313 637
99314 342
99315 771
99316 91
99317 369
99318 143
99319 791
99320 1044
99321 436
99322 542
99323 411
99324 852
99325 40
99326 556
99327 355
99328 306
99329 53
99330 730
99331 90
99332 510
99333 999
99334 236
99335 1146
99336 1093
99337 975
99338 433
99339 247
99340 727
99341 77
99342 291
99343 135
99344 124
99345 693
99346 1159
99347 422
99348 320
99349 174
99350 858
99351 721
99352 204
99353 1158
99354 844
99355 45
99356 1012
99357 575
99358 40
99359 203
99360 1083
99361 401
99362 576
99363 1030
99364 1168
99365 1115
99366 701
99367 230
99368 959
99369 714
99370 375
99371 224
99372 224
99373 478
99374 759
99375 84
99376 179
99377 1076
99378 942
99379 703
99380 889
99381 1070
99382 1102
99383 876
99384 683
99385 923
99386 137
99387 377
99388 673
99389 1150
99390 56
99391 817
99392 1147
99393 759
99394 1021
99395 158
99396 161
99397 447
99398 1151
99399 906
99400 176
99401 709
99402 836
99403 620
99404 0
99405 68
99406 250
99407 746
99408 542
99409 744
99410 1109
99411 93
99412 212
99413 664
99414 392
99415 1092
99416 869
99417 812
99418 624
99419 800
99420 383
99421 533
99422 546
99423 968
99424 664
99425 1142
99426 572
99427 159
99428 235
99429 113
99430 464
99431 719
99432 225
99433 527
99434 996
99435 701
99436 156
99437 1038
99438 33
99439 1123
99440 329
99441 151
99442 112
99443 272
99444 344
99445 688
99446 727
99447 241
99448 452
99449 478
99450 712
99451 269
99452 22
99453 1110
99454 351
99455 216
99456 549
99457 655
99458 1052
99459 374
99460 953
99461 62
99462 867
99463 21
99464 921
99465 138
99466 967
99467 1044
99468 970
99469 997
99470 239
99471 818
99472 39
99473 327
99474 105
99475 56
99476 906
99477 542
99478 545
99479 388
99480 237
99481 612
99482 234
99483 552
99484 1142
99485 1053
99486 403
99487 42
99488 1111
99489 1135
99490 41
99491 754
99492 84
99493 288
99494 10
99495 909
99496 575
99497 149
99498 130
99499 27
99500 564
99501 886
99502 375
99503 277
99504 1124
99505 113
99506 86
99507 702
99508 614
99509 455
99510 483
99511 597
99512 1054
99513 882
99514 1167
99515 341
99516 768
99517 651
99518 1147
99519 782
99520 663
99521 32
99522 267
99523 796
99524 368
99525 123
99526 127
99527 262
99528 688
99529 618
99530 813
99531 436
99532 731
99533 143
99534 917
99535 827
99536 309
99537 135
99538 227
99539 696
99540 714
99541 288
99542 55
99543 262
99544 493
99545 907
99546 955
99547 1095
99548 122
99549 672
99550 32
99551 1158
99552 240
99553 585
99554 56
99555 211
99556 1115
99557 165
99558 474
99559 737
99560 184
99561 86
99562 424
99563 1001
99564 553
99565 425
99566 276
99567 523
99568 146
99569 970
99570 188
99571 257
99572 129
99573 615
99574 834
99575 649
99576 771
99577 152
99578 1034
99579 831
99580 209
99581 953
99582 395
99583 1142
99584 283
99585 112
99586 375
99587 558
99588 190
99589 520
99590 45
99591 15
99592 558
99593 798
99594 181
99595 311
99596 1055
99597 774
99598 730
99599 587
99600 33
99601 211
99602 798
99603 0
99604 189
99605 687
99606 852
99607 1072
99608 122
99609 923
99610 809
99611 849
99612 156
99613 876
99614 980
99615 778
99616 455
99617 716
99618 877
99619 974
99620 126
99621 848
99622 1167
99623 222
99624 778
99625 250
99626 1137
99627 660
99628 762
99629 1066
99630 698
99631 997
99632 444
99633 499
99634 541
99635 575
99636 286
99637 427
99638 19
99639 1016
99640 13
99641 133
99642 535
99643 1055
99644 906
99645 572
99646 342
99647 70
99648 832
99649 940
99650 416
99651 828
99652 1016
99653 952
99654 743
99655 94
99656 655
99657 515
99658 790
99659 691
99660 824
99661 170
99662 59
99663 672
99664 997
99665 888
99666 1070
99667 450
99668 502
99669 605
99670 373
99671 715
99672 1126
99673 879
99674 986
99675 6
99676 938
99677 183
99678 871
99679 276
99680 801
99681 176
99682 395
99683 91
99684 857
99685 1034
99686 897
99687 846
99688 152
99689 943
99690 432
99691 1031
99692 627
99693 491
99694 116
99695 663
99696 565
99697 665
99698 835
99699 733
99700 455
99701 505
99702 888
99703 943
99704 999
99705 573
99706 129
99707 596
99708 218
99709 475
99710 251
99711 271
99712 460
99713 186
99714 411
99715 777
99716 1060
99717 720
99718 1125
99719 647
99720 224
99721 420
99722 1017
99723 690
99724 51
99725 1043
99726 280
99727 248
99728 853
99729 417
99730 938
99731 394
99732 910
99733 678
99734 773
99735 1140
99736 937
99737 1151
99738 768
99739 300
99740 502
99741 1071
99742 311
99743 853
99744 709
99745 759
99746 258
99747 1115
99748 419
99749 1066
99750 1043
99751 501
99752 624
99753 155
99754 202
99755 783
99756 495
99757 407
99758 1044
99759 134
99760 862
99761 81
99762 639
99763 1058
99764 423
99765 458
99766 812
99767 558
99768 270
99769 40
99770 810
99771 588
99772 557
99773 816
99774 543
99775 1146
99776 731
99777 212
99778 133
99779 218
99780 100
99781 13
99782 127
99783 951
99784 29
99785 461
99786 623
99787 173
99788 823
99789 305
99790 341
99791 520
99792 835
99793 937
99794 974
99795 738
99796 205
99797 724
99798 664
99799 710
99800 516
99801 238
99802 653
99803 505
99804 21
99805 82
99806 839
99807 759
99808 695
99809 484
99810 147
99811 895
99812 851
99813 31
99814 878
99815 828
99816 1072
99817 312
99818 220
99819 815
99820 681
99821 317
99822 18
99823 360
99824 1121
99825 954
99826 1023
99827 278
99828 680
99829 691
99830 825
99831 916
99832 618
99833 84
99834 856
99835 788
99836 525
99837 696
99838 677
99839 45
99840 994
99841 1128
99842 433
99843 244
99844 409
99845 731
99846 211
99847 993
99848 328
99849 184
99850 174
99851 1064
99852 192
99853 541
99854 0
99855 410
99856 7
99857 645
99858 188
99859 498
99860 1121
99861 177
99862 405
99863 634
99864 533
99865 771
99866 162
99867 121
99868 823
99869 1070
99870 607
99871 960
99872 742
99873 377
99874 1129
99875 19
99876 498
99877 1085
99878 216
99879 861
99880 1097
99881 198
99882 807
99883 848
99884 684
99885 507
99886 823
99887 344
99888 101
99889 621
99890 338
99891 269
99892 1054
99893 867
99894 422
99895 159
99896 464
99897 755
99898 776
99899 1149
99900 763
99901 1036
99902 258
99903 672
99904 196
99905 163
99906 411
99907 23
99908 332
99909 949
99910 1111
99911 294
99912 377
99913 268
99914 590
99915 411
99916 250
99917 15
99918 988
99919 805
99920 95
99921 944
99922 994
99923 1124
99924 599
99925 897
99926 748
99927 811
99928 472
99929 31
99930 198
99931 4
99932 732
99933 771
99934 1008
99935 105
99936 1135
99937 96
99938 243
99939 695
99940 78
99941 194
99942 841
99943 496
99944 18
99945 674
99946 556
99947 479
99948 969
99949 157
99950 1076
99951 89
99952 150
99953 864
99954 768
99955 676
99956 125
99957 11
99958 459
99959 466
99960 785
99961 520
99962 506
99963 438
99964 597
99965 509
99966 289
99967 644
99968 958
99969 857
99970 855
99971 1097
99972 353
99973 516
99974 53
99975 24
99976 327
99977 101
99978 539
99979 759
99980 710
99981 138
99982 648
99983 1144
99984 691
99985 133
99986 66
99987 77
99988 402
99989 225
99990 890
99991 976
99992 141
99993 252
99994 605
99995 899
99996 188
99997 685
99998 368
99999 1041
100000 604
100001 885
100002 962
100003 446
100004 985
100005 522
100006 863
100007 287
100008 790
100009 993
100010 382
100011 487
100012 125
100013 504
100014 510
100015 926
100016 471
100017 207
100018 629
100019 612
100020 840
100021 0
100022 1034
100023 1085
100024 676
100025 442
100026 380
100027 564
100028 1062
100029 1020
100030 238
100031 518
100032 461
100033 896
100034 817
100035 455
100036 838
100037 971
100038 523
100039 673
100040 828
100041 936
100042 48
100043 339
100044 685
100045 129
100046 573
100047 259
100048 884
100049 16
100050 747
100051 483
100052 811
100053 734
100054 320
100055 301
100056 977
100057 740
100058 342
100059 602
100060 765
100061 1061
100062 427
100063 671
100064 315
100065 843
100066 1038
100067 724
100068 103
100069 339
100070 1017
100071 739
100072 806
100073 28
100074 848
100075 1
100076 974
100077 811
100078 951
100079 308
100080 564
100081 988
100082 495
100083 409
100084 642
100085 865
100086 2
100087 125
100088 1051
100089 796
100090 1131
100091 879
100092 612
100093 338
100094 484
100095 744
100096 390
100097 435
100098 763
100099 86
100100 252
100101 950
100102 1083
100103 877
100104 724
100105 763
100106 1097
100107 398
100108 636
100109 636
100110 889
100111 150
100112 278
100113 811
100114 994
100115 885
100116 178
100117 786
100118 1088
100119 612
100120 1068
100121 1120
100122 921
100123 1026
100124 58
100125 523
100126 119
100127 808
100128 361
100129 955
100130 657
100131 127
100132 60
100133 731
100134 235
100135 1141
100136 244
100137 961
100138 356
100139 873
100140 89
100141 299
100142 1167
100143 425
100144 604
100145 1008
100146 256
100147 18
100148 813
100149 719
100150 1023
100151 846
100152 316
100153 136
100154 544
100155 524
100156 719
100157 744
100158 966
100159 1094
100160 134
100161 156
100162 779
100163 1041
100164 806
100165 290
100166 1139
100167 1050
100168 628
100169 722
100170 939
100171 525
100172 543
100173 629
100174 645
100175 837
100176 413
100177 347
100178 164
100179 157
100180 225
100181 1004
100182 332
100183 456
100184 414
100185 864
100186 777
100187 136
100188 985
100189 141
100190 603
100191 235
100192 159
100193 343
100194 1028
100195 872
100196 828
100197 1112
100198 245
100199 1107
100200 820
100201 13
100202 325
100203 1143
100204 630
100205 785
100206 472
100207 1138
100208 241
100209 685
100210 373
100211 232
100212 475
100213 986
100214 883
100215 749
100216 725
100217 773
100218 1123
100219 872
100220 537
100221 775
100222 205
100223 129
100224 809
100225 173
100226 837
100227 137
100228 809
100229 972
100230 223
100231 664
100232 210
100233 474
100234 731
100235 801
100236 96
100237 1167
100238 1123
100239 725
100240 97
100241 397
100242 738
100243 250
100244 1048
100245 49
100246 369
100247 219
100248 26
100249 734
100250 128
100251 460
100252 119
100253 931
100254 711
100255 549
100256 907
100257 830
100258 526
100259 572
100260 1040
100261 1147
100262 427
100263 321
100264 1089
100265 815
100266 73
100267 285
100268 712
100269 816
100270 640
100271 391
100272 457
100273 1043
100274 903
100275 903
100276 254
100277 381
100278 1049
100279 739
100280 618
100281 296
100282 850
100283 1154
100284 1130
100285 906
100286 671
100287 411
100288 503
100289 435
100290 832
100291 794
100292 1121
100293 968
100294 943
100295 1056
100296 649
100297 716
100298 779
100299 1005
100300 1031
100301 706
100302 830
100303 308
100304 637
100305 674
100306 249
100307 575
100308 1153
100309 1063
100310 862
100311 670
100312 654
100313 892
100314 42
100315 768
100316 281
100317 811
100318 1088
100319 1160
100320 1144
100321 1083
100322 754
100323 324
100324 33
100325 392
100326 1005
100327 1135
100328 228
100329 740
100330 611
100331 741
100332 1157
100333 526
100334 597
100335 3
100336 578
100337 181
100338 629
100339 1032
100340 702
100341 88
100342 676
100343 1084
100344 749
100345 1157
100346 1130
100347 594
100348 255
100349 676
100350 463
100351 422
100352 937
100353 929
100354 415
100355 1170
100356 1040
100357 77
100358 1049
100359 828
100360 536
100361 555
100362 652
100363 706
100364 213
100365 380
100366 149
100367 126
100368 1128
100369 879
100370 741
100371 832
100372 161
100373 1073
100374 588
100375 702
100376 420
100377 482
100378 434
100379 841
100380 209
100381 1106
100382 193
100383 1047
100384 1121
100385 719
100386 1123
100387 1141
100388 790
100389 628
100390 189
100391 735
100392 303
100393 1163
100394 625
100395 1106
100396 471
100397 1106
100398 161
100399 1145
100400 767
100401 536
100402 966
100403 240
100404 517
100405 1119
100406 1097
100407 945
100408 1047
100409 1010
100410 24
100411 1170
100412 763
100413 756
100414 793
100415 576
100416 269
100417 368
100418 983
100419 1094
100420 446
100421 995
100422 96
100423 155
100424 10
100425 200
100426 1021
100427 329
100428 405
100429 410
100430 975
100431 827
100432 774
100433 708
100434 290
100435 770
100436 1009
100437 386
100438 153
100439 533
100440 77
100441 1072
100442 906
100443 375
100444 662
100445 935
100446 684
100447 208
100448 985
100449 719
100450 471
100451 347
100452 657
100453 407
100454 167
100455 292
100456 106
100457 164
100458 576
100459 214
100460 57
100461 203
100462 563
100463 487
100464 159
100465 398
100466 1006
100467 883
100468 286
100469 422
100470 559
100471 1110
100472 343
100473 734
100474 343
100475 963
100476 1076
100477 383
100478 859
100479 539
100480 1011
100481 808
100482 44
100483 735
100484 1104
100485 162
100486 374
100487 466
100488 1043
100489 526
100490 958
100491 348
100492 645
100493 71
100494 1006
100495 811
100496 534
100497 152
100498 214
100499 953
100500 454
100501 406
100502 682
100503 241
100504 632
100505 200
100506 429
100507 671
100508 804
100509 783
100510 949
100511 684
100512 874
100513 899
100514 300
100515 323
100516 648
100517 109
100518 476
100519 1059
100520 549
100521 494
100522 937
100523 40
100524 965
100525 664
100526 1132
100527 229
100528 727
100529 1136
100530 439
100531 951
100532 226
100533 261
100534 134
100535 958
100536 980
100537 431
100538 896
100539 368
100540 929
100541 280
100542 1115
100543 1020
100544 1137
100545 704
100546 908
100547 927
100548 5
100549 439
100550 843
100551 389
100552 265
100553 563
100554 425
100555 571
100556 151
100557 1151
100558 492
100559 802
100560 1028
100561 599
100562 901
100563 101
100564 873
100565 684
100566 46
100567 484
100568 761
100569 84
100570 252
100571 856
100572 764
100573 1036
100574 674
100575 542
100576 63
100577 1148
100578 461
100579 437
100580 267
100581 462
100582 763
100583 988
100584 213
100585 103
100586 521
100587 430
100588 374
100589 329
100590 1115
100591 29
100592 476
100593 975
100594 768
100595 224
100596 1021
100597 905
100598 397
100599 884
100600 860
100601 1133
100602 113
100603 90
100604 356
100605 100
100606 1151
100607 773
100608 571
100609 859
100610 1105
100611 726
100612 343
100613 537
100614 1064
100615 738
100616 793
100617 56
100618 622
100619 569
100620 692
100621 798
100622 451
100623 1099
100624 990
100625 156
100626 34
100627 966
100628 132
100629 360
100630 1141
100631 812
100632 371
100633 948
100634 121
100635 726
100636 877
100637 505
100638 104
100639 1076
100640 1161
100641 885
100642 746
100643 142
100644 1047
100645 867
100646 800
100647 664
100648 279
100649 482
100650 832
100651 174
100652 536
100653 626
100654 929
100655 551
100656 972
100657 512
100658 41
100659 276
100660 336
100661 636
100662 790
100663 200
100664 792
100665 540
100666 251
100667 67
100668 800
100669 471
100670 203
100671 822
100672 506
100673 909
100674 557
100675 555
100676 812
100677 866
100678 237
100679 345
100680 1088
100681 395
100682 944
100683 240
100684 736
100685 462
100686 105
100687 828
100688 852
100689 111
100690 118
100691 579
100692 144
100693 176
100694 448
100695 396
100696 505
100697 1022
100698 887
100699 206
100700 474
100701 824
100702 1141
100703 1091
100704 173
100705 268
100706 783
100707 111
100708 596
100709 15
100710 169
100711 633
100712 1083
100713 541
100714 155
100715 270
100716 449
100717 380
100718 854
100719 590
100720 631
100721 900
100722 7
100723 812
100724 564
100725 68
100726 123
100727 359
100728 534
100729 732
100730 689
100731 666
100732 1154
100733 237
100734 602
100735 2
100736 492
100737 838
100738 1092
100739 84
100740 288
100741 491
100742 1041
100743 1022
100744 624
100745 388
100746 748
100747 590
100748 23
100749 774
100750 733
100751 920
100752 1137
100753 462
100754 537
100755 26
100756 938
100757 39
100758 427
100759 337
100760 448
100761 209
100762 534
100763 104
100764 637
100765 83
100766 998
100767 1157
100768 873
100769 639
100770 649
100771 537
100772 692
100773 75
100774 1129
100775 1167
100776 895
100777 889
100778 934
100779 936
100780 946
100781 56
100782 651
100783 1135
100784 650
100785 1001
100786 21
100787 550
100788 800
100789 967
100790 567
100791 1036
100792 33
100793 526
100794 325
100795 463
100796 667
100797 916
100798 920
100799 1024
100800 839
100801 186
100802 933
100803 607
100804 458
100805 710
100806 407
100807 191
100808 691
100809 178
100810 882
100811 620
100812 569
100813 984
100814 707
100815 416
100816 1010
100817 1024
100818 287
100819 294
100820 149
100821 1114
100822 120
100823 760
100824 1006
100825 236
100826 510
100827 203
100828 808
100829 429
100830 433
100831 183
100832 671
100833 59
100834 553
100835 390
100836 698
100837 392
100838 751
100839 588
100840 1060
100841 457
100842 1136
100843 142
100844 0
100845 1172
100846 454
100847 1092
100848 304
100849 912
100850 949
100851 1084
100852 587
100853 1056
100854 301
100855 646
100856 422
100857 611
100858 683
100859 1116
100860 936
100861 158
100862 1038
100863 670
100864 46
100865 438
100866 1152
100867 746
100868 1093
100869 155
100870 875
100871 592
100872 555
100873 719
100874 1081
100875 833
100876 619
100877 863
100878 950
100879 219
100880 357
100881 1053
100882 373
100883 339
100884 87
100885 884
100886 13
100887 74
100888 886
100889 125
100890 464
100891 1121
100892 202
100893 1130
100894 1030
100895 162
100896 707
100897 172
100898 950
100899 301
100900 969
100901 66
100902 157
100903 52
100904 270
100905 779
100906 611
100907 506
100908 893
100909 107
100910 642
100911 465
100912 1
100913 322
100914 220
100915 314
100916 307
100917 79
100918 158
100919 253
100920 647
100921 22
100922 1
100923 1074
100924 502
100925 129
100926 208
100927 402
100928 497
100929 584
100930 469
100931 1129
100932 604
100933 894
100934 208
100935 531
100936 543
100937 1031
100938 1036
100939 173
100940 968
100941 1086
100942 142
100943 308
100944 73
100945 1134
100946 888
100947 780
100948 514
100949 506
100950 6
100951 564
100952 776
100953 122
100954 441
100955 479
100956 805
100957 845
100958 459
100959 728
100960 489
100961 630
100962 580
100963 952
100964 59
100965 91
100966 554
100967 128
100968 1037
100969 1055
100970 1034
100971 377
100972 877
100973 662
100974 876
100975 653
100976 1116
100977 176
100978 892
100979 312
100980 583
100981 175
100982 182
100983 456
100984 840
100985 282
100986 658
100987 906
100988 447
100989 36
100990 262
100991 533
100992 60
100993 785
100994 1052
100995 1068
100996 93
100997 1134
100998 453
100999 451
101000 354
101001 650
101002 812
101003 511
101004 168
101005 572
101006 498
101007 155
101008 244
101009 16
101010 233
101011 755
101012 341
101013 1061
101014 512
101015 54
101016 1030
101017 933
101018 1039
101019 269
101020 476
101021 902
101022 1078
101023 669
101024 750
101025 997
101026 564
101027 924
101028 151
101029 369
101030 747
101031 1053
101032 104
101033 409
101034 437
101035 267
101036 596
101037 694
101038 1069
101039 428
101040 87
101041 961
101042 1005
101043 1034
101044 234
101045 753
101046 712
101047 1038
101048 1019
101049 113
101050 604
101051 918
101052 584
101053 69
101054 724
101055 687
101056 165
101057 845
101058 277
101059 281
101060 1077
101061 405
101062 200
101063 272
101064 300
101065 1149
101066 118
101067 168
101068 835
101069 885
101070 162
101071 495
101072 348
101073 47
101074 646
101075 1141
101076 81
101077 883
101078 789
101079 971
101080 531
101081 8
101082 904
101083 844
101084 758
101085 1012
101086 755
101087 174
101088 264
101089 909
101090 1145
101091 141
101092 28
101093 98
101094 730
101095 51
101096 146
101097 989
101098 804
101099 651
101100 327
101101 240
101102 299
101103 204
101104 180
101105 992
101106 144
101107 474
101108 377
101109 950
101110 949
101111 699
101112 628
101113 174
101114 1092
101115 185
101116 721
101117 119
101118 173
101119 1038
101120 310
101121 930
101122 415
101123 1106
101124 37
101125 28
101126 1061
101127 217
101128 369
101129 530
101130 533
101131 468
101132 271
101133 780
101134 61
101135 519
101136 236
101137 669
101138 593
101139 916
101140 278
101141 910
101142 552
101143 60
101144 1166
101145 601
101146 989
101147 784
101148 400
101149 1125
101150 88
101151 706
101152 84
101153 1021
101154 1116
101155 777
101156 504
101157 52
101158 741
101159 246
101160 1158
101161 188
101162 903
101163 813
101164 844
101165 965
101166 481
101167 53
101168 497
101169 472
101170 1109
101171 111
101172 279
101173 788
101174 170
101175 647
101176 882
101177 114
101178 460
101179 211
101180 626
101181 758
101182 106
101183 123
101184 911
101185 41
101186 571
101187 484
101188 979
101189 105
101190 82
101191 382
101192 595
101193 585
101194 141
101195 847
101196 806
101197 708
101198 503
101199 785
101200 901
101201 929
101202 631
101203 759
101204 364
101205 1026
101206 454
101207 121
101208 577
101209 837
101210 340
101211 998
101212 259
101213 102
101214 884
101215 772
101216 1017
101217 21
101218 628
101219 843
101220 788
101221 750
101222 1010
101223 259
101224 457
101225 151
101226 1063
101227 1021
101228 819
101229 884
101230 495
101231 511
101232 1114
101233 861
101234 390
101235 93
101236 268
101237 887
101238 1066
101239 280
101240 417
101241 1028
101242 1015
101243 1028
101244 519
101245 146
101246 650
101247 192
101248 138
101249 233
101250 1142
101251 371
101252 182
101253 1163
101254 899
101255 802
101256 951
101257 64
101258 333
101259 1026
101260 1037
101261 910
101262 841
101263 1113
101264 874
101265 47
101266 352
101267 1104
101268 1076
101269 886
101270 171
101271 656
101272 1085
101273 1008
101274 562
101275 125
101276 1166
101277 343
101278 952
101279 652
101280 87
101281 413
101282 32
101283 247
101284 315
101285 42
101286 715
101287 825
101288 1025
101289 1078
101290 467
101291 969
101292 1003
101293 197
101294 901
101295 194
101296 250
101297 940
101298 444
101299 525
101300 832
101301 347
101302 222
101303 641
101304 2
101305 907
101306 24
101307 1146
101308 1126
101309 174
101310 275
101311 441
101312 362
101313 1079
101314 116
101315 417
101316 165
101317 812
101318 756
101319 520
101320 518
101321 478
101322 101
101323 1083
101324 116
101325 0
101326 730
101327 517
101328 383
101329 1128
101330 1030
101331 79
101332 161
101333 897
101334 220
101335 337
101336 714
101337 1086
101338 479
101339 927
101340 179
101341 278
101342 734
101343 173
101344 635
101345 682
101346 1154
101347 743
101348 696
101349 482
101350 156
101351 270
101352 312
101353 629
101354 1137
101355 967
101356 696
101357 30
101358 1023
101359 784
101360 828
101361 1169
101362 941
101363 120
101364 469
101365 799
101366 479
101367 966
101368 1102
101369 1043
101370 1052
101371 653
101372 190
101373 628
101374 1101
101375 378
101376 454
101377 666
101378 669
101379 43
101380 861
101381 914
101382 339
101383 1122
101384 342
101385 655
101386 122
101387 391
101388 644
101389 974
101390 861
101391 861
101392 362
101393 194
101394 2
101395 1050
101396 1066
101397 206
101398 1006
101399 750
101400 681
101401 825
101402 232
101403 623
101404 506
101405 584
101406 406
101407 937
101408 294
101409 756
101410 775
101411 222
101412 839
101413 258
101414 156
101415 1
101416 751
101417 454
101418 794
101419 1121
101420 348
101421 294
101422 45
101423 941
101424 739
101425 515
101426 268
101427 699
101428 813
101429 586
101430 191
101431 1020
101432 816
101433 369
101434 877
101435 1060
101436 383
101437 149
101438 532
101439 921
101440 1150
101441 331
101442 356
101443 76
101444 350
101445 591
101446 556
101447 741
101448 707
101449 918
101450 841
101451 731
101452 97
101453 622
101454 269
101455 660
101456 205
101457 71
101458 1133
101459 7
101460 752
101461 545
101462 195
101463 163
101464 310
101465 759
101466 614
101467 344
101468 1017
101469 1149
101470 499
101471 733
101472 1010
101473 1076
101474 449
101475 476
101476 423
101477 714
101478 396
101479 747
101480 238
101481 959
101482 754
101483 263
101484 545
101485 931
101486 999
101487 92
101488 27
101489 628
101490 889
101491 102
101492 501
101493 1142
101494 747
101495 267
101496 1145
101497 329
101498 986
101499 812
101500 132
101501 555
101502 820
101503 1087
101504 1116
101505 941
101506 999
101507 812
101508 302
101509 722
101510 168
101511 220
101512 1048
101513 900
101514 936
101515 432
101516 907
101517 1166
101518 256
101519 964
101520 1127
101521 202
101522 193
101523 121
101524 702
101525 673
101526 752
101527 228
101528 933
101529 652
101530 262
101531 475
101532 374
101533 322
101534 146
101535 148
101536 603
101537 437
101538 275
101539 84
101540 974
101541 853
101542 290
101543 253
101544 543
101545 413
101546 586
101547 155
101548 825
101549 148
101550 1093
101551 1131
101552 167
101553 690
101554 934
101555 405
101556 646
101557 979
101558 180
101559 547
101560 974
101561 79
101562 153
101563 127
101564 131
101565 432
101566 674
101567 526
101568 722
101569 966
101570 748
101571 818
101572 795
101573 828
101574 1003
101575 299
101576 700
101577 446
101578 221
101579 939
101580 971
101581 627
101582 770
101583 828
101584 151
101585 491
101586 338
101587 907
101588 261
101589 291
101590 1015
101591 1080
101592 68
101593 1100
101594 343
101595 1085
101596 749
101597 584
101598 513
101599 534
101600 1093
101601 857
101602 619
101603 1119
101604 303
101605 582
101606 869
101607 332
101608 772
101609 484
101610 329
101611 340
101612 360
101613 726
101614 1153
101615 971
101616 675
101617 443
101618 620
101619 647
101620 469
101621 948
101622 714
101623 824
101624 999
101625 634
101626 780
101627 970
101628 970
101629 573
101630 856
101631 799
101632 67
101633 54
101634 753
101635 773
101636 526
101637 1066
101638 261
101639 854
101640 364
101641 1070
101642 587
101643 744
101644 526
101645 860
101646 138
101647 231
101648 1091
101649 90
101650 104
101651 1148
101652 748
101653 237
101654 100
101655 1140
101656 60
101657 118
101658 354
101659 735
101660 1079
101661 593
101662 850
101663 340
101664 504
101665 76
101666 424
101667 855
101668 1034
101669 982
101670 687
101671 259
101672 84
101673 584
101674 618
101675 908
101676 271
101677 851
101678 991
101679 982
101680 170
101681 386
101682 380
101683 1
101684 446
101685 451
101686 1045
101687 173
101688 65
101689 1060
101690 216
101691 876
101692 544
101693 110
101694 201
101695 849
101696 572
101697 990
101698 897
101699 186
101700 960
101701 83
101702 766
101703 658
101704 290
101705 818
101706 35
101707 788
101708 582
101709 905
101710 8
101711 146
101712 920
101713 955
101714 1169
101715 53
101716 96
101717 556
101718 19
101719 697
101720 768
101721 1026
101722 145
101723 590
101724 950
101725 636
101726 713
101727 416
101728 1070
101729 1146
101730 562
101731 233
101732 322
101733 129
101734 696
101735 85
101736 705
101737 551
101738 407
101739 813
101740 596
101741 1010
101742 727
101743 142
101744 370
101745 1069
101746 619
101747 224
101748 1025
101749 441
101750 1030
101751 78
101752 684
101753 187
101754 288
101755 41
101756 735
101757 971
101758 536
101759 355
101760 357
101761 73
101762 622
101763 636
101764 136
101765 374
101766 1063
101767 576
101768 688
101769 617
101770 732
101771 94
101772 179
101773 1140
101774 2
101775 394
101776 1122
101777 717
101778 619
101779 1036
101780 376
101781 946
101782 1060
101783 1117
101784 248
101785 1147
101786 746
101787 118
101788 1152
101789 291
101790 732
101791 229
101792 1094
101793 1042
101794 19
101795 314
101796 523
101797 523
101798 1134
101799 852
101800 1104
101801 861
101802 1031
101803 104
101804 198
101805 781
101806 187
101807 176
101808 432
101809 1102
101810 888
101811 1125
101812 596
101813 486
101814 431
101815 180
101816 627
101817 249
101818 54
101819 144
101820 25
101821 550
101822 453
101823 232
101824 407
101825 813
101826 532
101827 502
101828 317
101829 531
101830 938
101831 607
101832 233
101833 840
101834 1006
101835 697
101836 1172
101837 491
101838 530
101839 708
101840 1040
101841 987
101842 377
101843 170
101844 764
101845 109
101846 1172
101847 777
101848 113
101849 969
101850 455
101851 743
101852 414
101853 73
101854 705
101855 610
101856 327
101857 684
101858 92
101859 745
101860 394
101861 701
101862 1122
101863 841
101864 29
101865 1057
101866 565
101867 175
101868 567
101869 812
101870 233
101871 322
101872 133
101873 77
101874 67
101875 389
101876 755
101877 313
101878 94
101879 526
101880 1166
101881 541
101882 346
101883 524
101884 288
101885 275
101886 376
101887 1139
101888 371
101889 390
101890 635
101891 856
101892 1104
101893 435
101894 486
101895 511
101896 289
101897 588
101898 718
101899 445
101900 706
101901 1061
101902 100
101903 1087
101904 607
101905 845
101906 560
101907 557
101908 672
101909 764
101910 291
101911 761
101912 961
101913 819
101914 693
101915 943
101916 717
101917 937
101918 519
101919 557
101920 221
101921 1160
101922 823
101923 946
101924 888
101925 792
101926 238
101927 891
101928 435
101929 784
101930 339
101931 1076
101932 517
101933 581
101934 740
101935 495
101936 295
101937 704
101938 438
101939 47
101940 177
101941 485
101942 760
101943 843
101944 298
101945 468
101946 791
101947 217
101948 49
101949 775
101950 600
101951 55
101952 474
101953 1150
101954 622
101955 1157
101956 115
101957 416
101958 128
101959 315
101960 286
101961 230
101962 867
101963 1091
101964 745
101965 950
101966 46
101967 39
101968 955
101969 321
101970 1024
101971 1089
101972 201
101973 1111
101974 838
101975 435
101976 514
101977 920
101978 1002
101979 970
101980 625
101981 385
101982 395
101983 1167
101984 561
101985 213
101986 917
101987 822
101988 760
101989 1040
101990 886
101991 641
101992 746
101993 277
101994 292
101995 1020
101996 577
101997 840
101998 299
101999 235
102000 427
102001 531
102002 1172
102003 456
102004 990
102005 236
102006 788
102007 825
102008 836
102009 1148
102010 937
102011 1067
102012 735
102013 704
102014 213
102015 12
102016 315
102017 67
102018 86
102019 95
102020 566
102021 494
102022 1003
102023 499
102024 194
102025 55
102026 452
102027 729
102028 697
102029 632
102030 1000
102031 49
102032 133
102033 320
102034 826
102035 76
102036 362
102037 546
102038 43
102039 948
102040 640
102041 903
102042 295
102043 728
102044 1085
102045 729
102046 932
102047 145
102048 918
102049 791
102050 1155
102051 453
102052 1121
102053 924
102054 27
102055 119
102056 966
102057 501
102058 1012
102059 1112
102060 834
102061 621
102062 1062
102063 231
102064 219
102065 241
102066 551
102067 259
102068 886
102069 379
102070 689
102071 1042
102072 263
102073 210
102074 1027
102075 509
102076 1127
102077 731
102078 829
102079 849
102080 811
102081 872
102082 266
102083 819
102084 2
102085 0
102086 858
102087 942
102088 1003
102089 722
102090 142
102091 45
102092 259
102093 151
102094 49
102095 65
102096 446
102097 515
102098 398
102099 965
102100 612
102101 929
102102 237
102103 697
102104 177
102105 744
102106 381
102107 342
102108 1141
102109 1116
102110 589
102111 530
102112 1134
102113 643
102114 155
102115 823
102116 1010
102117 554
102118 230
102119 1091
102120 1063
102121 278
102122 524
102123 770
102124 68
102125 206
102126 542
102127 1016
102128 116
102129 85
102130 807
102131 178
102132 511
102133 86
102134 572
102135 1136
102136 1020
102137 983
102138 1004
102139 985
102140 869
102141 69
102142 673
102143 678
102144 494
102145 20
102146 280
102147 898
102148 368
102149 468
102150 674
102151 483
102152 735
102153 1014
102154 216
102155 94
102156 771
102157 21
102158 1022
102159 386
102160 490
102161 316
102162 626
102163 1125
102164 469
102165 806
102166 502
102167 994
102168 142
102169 616
102170 651
102171 777
102172 518
102173 226
102174 474
102175 338
102176 123
102177 1099
102178 376
102179 909
102180 993
102181 1010
102182 1102
102183 777
102184 598
102185 418
102186 115
102187 832
102188 255
102189 292
102190 618
102191 857
102192 908
102193 981
102194 449
102195 826
102196 685
102197 489
102198 697
102199 892
102200 817
102201 595
102202 1005
102203 915
102204 496
102205 412
102206 930
102207 1052
102208 938
102209 100
102210 381
102211 59
102212 241
102213 259
102214 435
102215 271
102216 1041
102217 140
102218 1168
102219 651
102220 177
102221 339
102222 282
102223 153
102224 345
102225 1111
102226 611
102227 426
102228 866
102229 745
102230 1079
102231 877
102232 104
102233 897
102234 419
102235 1137
102236 313
102237 646
102238 1077
102239 1103
102240 397
102241 24
102242 1137
102243 1072
102244 596
102245 845
102246 460
102247 933
102248 638
102249 380
102250 973
102251 472
102252 1053
102253 954
102254 215
102255 12
102256 43
102257 189
102258 1003
102259 413
102260 701
102261 548
102262 52
102263 685
102264 1102
102265 77
102266 762
102267 628
102268 678
102269 64
102270 969
102271 148
102272 450
102273 338
102274 1042
102275 30
102276 1097
102277 20
102278 788
102279 1153
102280 17
102281 562
102282 250
102283 151
102284 950
102285 669
102286 114
102287 118
102288 291
102289 61
102290 489
102291 117
102292 1045
102293 720
102294 451
102295 968
102296 568
102297 257
102298 479
102299 780
102300 661
102301 92
102302 1149
102303 562
102304 541
102305 44
102306 348
102307 389
102308 746
102309 773
102310 652
102311 1080
102312 146
102313 688
102314 513
102315 851
102316 209
102317 175
102318 348
102319 49
102320 1144
102321 1085
102322 539
102323 263
102324 743
102325 736
102326 392
102327 247
102328 328
102329 136
102330 2
102331 414
102332 503
102333 1116
102334 946
102335 29
102336 1152
102337 483
102338 316
102339 977
102340 651
102341 95
102342 646
102343 68
102344 844
102345 1084
102346 629
102347 1100
102348 150
102349 15
102350 870
102351 35
102352 454
102353 596
102354 786
102355 682
102356 1000
102357 228
102358 712
102359 719
102360 418
102361 107
102362 723
102363 349
102364 124
102365 65
102366 464
102367 99
102368 88
102369 247
102370 260
102371 898
102372 419
102373 678
102374 1039
102375 911
102376 707
102377 73
102378 265
102379 190
102380 690
102381 742
102382 923
102383 633
102384 345
102385 257
102386 3
102387 692
102388 1017
102389 125
102390 637
102391 930
102392 511
102393 518
102394 497
102395 79
102396 3
102397 829
102398 101
102399 895
102400 313
102401 714
102402 1114
102403 493
102404 66
102405 208
102406 195
102407 974
102408 1056
102409 716
102410 19
102411 968
102412 321
102413 970
102414 417
102415 122
102416 100
102417 552
102418 1034
102419 1151
102420 773
102421 819
102422 439
102423 994
102424 88
102425 614
102426 506
102427 869
102428 527
102429 137
102430 28
102431 192
102432 85
102433 1111
102434 631
102435 466
102436 105
102437 862
102438 487
102439 455
102440 84
102441 1024
102442 611
102443 403
102444 81
102445 118
102446 777
102447 282
102448 238
102449 619
102450 294
102451 672
102452 801
102453 627
102454 901
102455 1050
102456 589
102457 481
102458 263
102459 1153
102460 304
102461 900
102462 1156
102463 713
102464 462
102465 481
102466 582
102467 943
102468 946
102469 271
102470 773
102471 883
102472 228
102473 896
102474 516
102475 640
102476 751
102477 381
102478 949
102479 389
102480 654
102481 802
102482 614
102483 878
102484 454
102485 775
102486 660
102487 652
102488 260
102489 662
102490 974
102491 724
102492 631
102493 945
102494 926
102495 852
102496 26
102497 235
102498 736
102499 854
102500 720
102501 532
102502 277
102503 958
102504 341
102505 57
102506 583
102507 805
102508 774
102509 354
102510 970
102511 804
102512 1149
102513 634
102514 82
102515 667
102516 232
102517 523
102518 261
102519 590
102520 1006
102521 570
102522 55
102523 395
102524 880
102525 527
102526 641
102527 1074
102528 983
102529 729
102530 558
102531 244
102532 510
102533 793
102534 670
102535 1117
102536 1120
102537 570
102538 498
102539 778
102540 317
102541 864
102542 925
102543 1161
102544 13
102545 189
102546 906
102547 351
102548 646
102549 76
102550 1003
102551 505
102552 735
102553 968
102554 873
102555 1103
102556 154
102557 345
102558 1092
102559 165
102560 568
102561 929
102562 150
102563 1090
102564 860
102565 408
102566 374
102567 1057
102568 716
102569 620
102570 207
102571 464
102572 92
102573 762
102574 652
102575 984
102576 483
102577 384
102578 918
102579 738
102580 706
102581 1136
102582 991
102583 613
102584 686
102585 807
102586 440
102587 218
102588 268
102589 795
102590 715
102591 1119
102592 90
102593 1048
102594 632
102595 592
102596 807
102597 1019
102598 975
102599 844
102600 522
102601 1039
102602 593
102603 748
102604 1004
102605 314
102606 520
102607 776
102608 982
102609 24
102610 360
102611 998
102612 962
102613 845
102614 258
102615 957
102616 1024
102617 951
102618 4
102619 129
102620 871
102621 691
102622 1060
102623 786
102624 185
102625 1129
102626 167
102627 554
102628 224
102629 526
102630 744
102631 588
102632 520
102633 591
102634 386
102635 1029
102636 251
102637 266
102638 644
102639 273
102640 922
102641 172
102642 514
102643 457
102644 69
102645 870
102646 221
102647 249
102648 880
102649 359
102650 277
102651 591
102652 93
102653 1084
102654 780
102655 384
102656 863
102657 916
102658 83
102659 625
102660 425
102661 818
102662 1064
102663 470
102664 469
102665 744
102666 612
102667 1044
102668 119
102669 54
102670 8
102671 1153
102672 709
102673 452
102674 336
102675 116
102676 843
102677 303
102678 692
102679 480
102680 815
102681 230
102682 313
102683 998
102684 5
102685 70
102686 112
102687 434
102688 483
102689 361
102690 191
102691 1076
102692 792
102693 146
102694 700
102695 558
102696 1000
102697 119
102698 797
102699 22
102700 706
102701 428
102702 1166
102703 505
102704 1037
102705 649
102706 614
102707 1092
102708 514
102709 658
102710 636
102711 26
102712 624
102713 864
102714 834
102715 453
102716 305
102717 636
102718 63
102719 1140
102720 103
102721 271
102722 340
102723 667
102724 230
102725 625
102726 342
102727 1152
102728 732
102729 789
102730 207
102731 634
102732 987
102733 1121
102734 999
102735 217
102736 651
102737 922
102738 428
102739 32
102740 519
102741 290
102742 29
102743 627
102744 1009
102745 978
102746 67
102747 469
102748 96
102749 478
102750 629
102751 459
102752 26
102753 140
102754 665
102755 841
102756 524
102757 916
102758 135
102759 1125
102760 541
102761 93
102762 189
102763 148
102764 66
102765 952
102766 286
102767 1054
102768 320
102769 369
102770 741
102771 414
102772 699
102773 380
102774 1157
102775 464
102776 236
102777 241
102778 1070
102779 399
102780 454
102781 946
102782 168
102783 489
102784 743
102785 7
102786 563
102787 27
102788 1076
102789 1140
102790 812
102791 719
102792 757
102793 1077
102794 226
102795 142
102796 721
102797 1055
102798 850
102799 865
102800 598
102801 985
102802 33
102803 59
102804 74
102805 43
102806 188
102807 934
102808 737
102809 624
102810 333
102811 822
102812 467
102813 239
102814 767
102815 111
102816 547
102817 993
102818 1037
102819 635
102820 774
102821 797
102822 291
102823 931
102824 1080
102825 1159
102826 794
102827 280
102828 70
102829 140
102830 155
102831 161
102832 986
102833 693
102834 775
102835 935
102836 487
102837 2
102838 412
102839 1027
102840 417
102841 633
102842 417
102843 416
102844 1045
102845 99
102846 924
102847 300
102848 448
102849 657
102850 10
102851 63
102852 14
102853 694
102854 642
102855 911
102856 432
102857 575
102858 78
102859 557
102860 891
102861 617
102862 1041
102863 1114
102864 58
102865 1117
102866 859
102867 1078
102868 646
102869 383
102870 1029
102871 1070
102872 997
102873 861
102874 1011
102875 492
102876 1032
102877 30
102878 124
102879 301
102880 168
102881 163
102882 287
102883 798
102884 843
102885 466
102886 268
102887 929
102888 854
102889 532
102890 386
102891 140
102892 9
102893 787
102894 702
102895 988
102896 63
102897 639
102898 621
102899 134
102900 918
102901 153
102902 1140
102903 171
102904 123
102905 237
102906 602
102907 449
102908 1115
102909 949
102910 860
102911 979
102912 320
102913 2
102914 299
102915 756
102916 57
102917 535
102918 769
102919 466
102920 834
102921 297
102922 997
102923 1110
102924 229
102925 100
102926 21
102927 1055
102928 877
102929 361
102930 400
102931 707
102932 801
102933 547
102934 1132
102935 824
102936 696
102937 1070
102938 90
102939 599
102940 91
102941 539
102942 130
102943 369
102944 984
102945 1111
102946 555
102947 873
102948 416
102949 376
102950 253
102951 546
102952 21
102953 771
102954 181
102955 929
102956 952
102957 360
102958 697
102959 220
102960 1044
102961 882
102962 911
102963 204
102964 88
102965 566
102966 674
102967 504
102968 614
102969 829
102970 48
102971 627
102972 630
102973 396
102974 438
102975 675
102976 199
102977 235
102978 285
102979 311
102980 38
102981 664
102982 22
102983 206
102984 459
102985 1114
102986 866
102987 125
102988 680
102989 37
102990 583
102991 616
102992 140
102993 715
102994 1048
102995 767
102996 556
102997 81
102998 592
102999 200
103000 123
103001 863
103002 1
103003 515
103004 1141
103005 564
103006 792
103007 164
103008 72
103009 894
103010 810
103011 1011
103012 233
103013 192
103014 233
103015 125
103016 873
103017 199
103018 1151
103019 46
103020 1051
103021 60
103022 752
103023 309
103024 896
103025 393
103026 419
103027 512
103028 809
103029 103
103030 338
103031 818
103032 1096
103033 316
103034 924
103035 322
103036 1006
103037 460
103038 730
103039 431
103040 1149
103041 541
103042 807
103043 819
103044 408
103045 1121
103046 300
103047 111
103048 1039
103049 102
103050 539
103051 884
103052 343
103053 58
103054 986
103055 625
103056 147
103057 12
103058 919
103059 440
103060 859
103061 448
103062 842
103063 865
103064 142
103065 530
103066 959
103067 14
103068 554
103069 744
103070 236
103071 1096
103072 908
103073 1059
103074 222
103075 607
103076 23
103077 194
103078 158
103079 530
103080 734
103081 92
103082 987
103083 392
103084 195
103085 84
103086 589
103087 672
103088 130
103089 74
103090 227
103091 722
103092 1048
103093 1037
103094 766
103095 286
103096 871
103097 957
103098 579
103099 843
103100 579
103101 246
103102 649
103103 1024
103104 300
103105 86
103106 869
103107 668
103108 874
103109 354
103110 235
103111 401
103112 827
103113 398
103114 853
103115 371
103116 57
103117 532
103118 914
103119 1124
103120 909
103121 1145
103122 766
103123 223
103124 241
103125 1039
103126 531
103127 397
103128 793
103129 5
103130 1019
103131 55
103132 1153
103133 85
103134 654
103135 1155
103136 489
103137 800
103138 1024
103139 745
103140 202
103141 1114
103142 905
103143 258
103144 672
103145 850
103146 1063
103147 615
103148 137
103149 928
103150 68
103151 533
103152 325
103153 971
103154 763
103155 440
103156 273
103157 882
103158 988
103159 685
103160 382
103161 656
103162 178
103163 489
103164 272
103165 1113
103166 1113
103167 618
103168 763
103169 868
103170 448
103171 328
103172 343
103173 466
103174 592
103175 821
103176 590
103177 702
103178 658
103179 113
103180 431
103181 67
103182 921
103183 698
103184 825
103185 798
103186 1037
103187 1031
103188 1074
103189 397
103190 40
103191 1126
103192 532
103193 669
103194 733
103195 1026
103196 298
103197 958
103198 477
103199 910
103200 213
103201 472
103202 734
103203 1167
103204 136
103205 536
103206 2
103207 1053
103208 409
103209 437
103210 219
103211 879
103212 158
103213 167
103214 461
103215 1141
103216 602
103217 575
103218 662
103219 384
103220 975
103221 300
103222 533
103223 651
103224 426
103225 683
103226 415
103227 1148
103228 236
103229 70
103230 18
103231 295
103232 1080
103233 2
103234 638
103235 84
103236 319
103237 851
103238 166
103239 548
103240 933
103241 375
103242 502
103243 479
103244 814
103245 1057
103246 823
103247 952
103248 348
103249 697
103250 468
103251 733
103252 211
103253 730
103254 230
103255 573
103256 924
103257 531
103258 771
103259 130
103260 1056
103261 152
103262 1110
103263 416
103264 870
103265 617
103266 909
103267 1056
103268 258
103269 904
103270 183
103271 1048
103272 1106
103273 309
103274 862
103275 435
103276 66
103277 974
103278 662
103279 601
103280 917
103281 150
103282 173
103283 660
103284 663
103285 231
103286 48
103287 187
103288 862
103289 904
103290 586
103291 158
103292 462
103293 187
103294 958
103295 829
103296 1153
103297 860
103298 590
103299 341
103300 326
103301 333
103302 959
103303 1032
103304 630
103305 259
103306 851
103307 150
103308 97
103309 94
103310 78
103311 406
103312 2
103313 192
103314 207
103315 799
103316 972
103317 34
103318 52
103319 1040
103320 581
103321 695
103322 380
103323 849
103324 545
103325 318
103326 889
103327 1008
103328 704
103329 842
103330 983
103331 449
103332 383
103333 369
103334 604
103335 905
103336 1113
103337 180
103338 272
103339 595
103340 124
103341 928
103342 627
103343 107
103344 1024
103345 432
103346 124
103347 259
103348 855
103349 625
103350 1057
103351 672
103352 632
103353 453
103354 1031
103355 923
103356 968
103357 622
103358 374
103359 249
103360 25
103361 209
103362 559
103363 763
103364 97
103365 1115
103366 72
103367 687
103368 676
103369 842
103370 37
103371 749
103372 1013
103373 103
103374 581
103375 1095
103376 40
103377 713
103378 492
103379 933
103380 886
103381 634
103382 1084
103383 299
103384 576
103385 923
103386 106
103387 386
103388 661
103389 911
103390 591
103391 1167
103392 742
103393 564
103394 503
103395 211
103396 578
103397 173
103398 828
103399 433
103400 684
103401 877
103402 1080
103403 326
103404 511
103405 867
103406 824
103407 38
103408 930
103409 1084
103410 679
103411 245
103412 1148
103413 699
103414 800
103415 767
103416 993
103417 720
103418 698
103419 422
103420 916
103421 709
103422 1142
103423 398
103424 964
103425 165
103426 21
103427 66
103428 827
103429 610
103430 42
103431 64
103432 562
103433 516
103434 900
103435 3
103436 412
103437 573
103438 119
103439 399
103440 444
103441 855
103442 846
103443 791
103444 870
103445 934
103446 275
103447 740
103448 698
103449 101
103450 650
103451 1131
103452 890
103453 1035
103454 642
103455 706
103456 418
103457 430
103458 470
103459 791
103460 465
103461 384
103462 961
103463 875
103464 456
103465 565
103466 446
103467 1108
103468 0
103469 499
103470 814
103471 911
103472 773
103473 253
103474 398
103475 886
103476 655
103477 55
103478 784
103479 796
103480 922
103481 184
103482 308
103483 816
103484 531
103485 810
103486 86
103487 509
103488 246
103489 1002
103490 269
103491 758
103492 731
103493 342
103494 191
103495 744
103496 34
103497 713
103498 944
103499 355
103500 53
103501 1136
103502 172
103503 799
103504 84
103505 206
103506 646
103507 675
103508 814
103509 252
103510 393
103511 738
103512 360
103513 859
103514 591
103515 269
103516 54
103517 679
103518 204
103519 1088
103520 965
103521 815
103522 334
103523 502
103524 670
103525 853
103526 23
103527 991
103528 1062
103529 137
103530 899
103531 783
103532 578
103533 162
103534 526
103535 319
103536 1123
103537 1145
103538 836
103539 13
103540 914
103541 232
103542 231
103543 833
103544 421
103545 717
103546 516
103547 737
103548 410
103549 217
103550 169
103551 567
103552 606
103553 856
103554 1111
103555 223
103556 940
103557 561
103558 511
103559 964
103560 592
103561 266
103562 101
103563 318
103564 98
103565 945
103566 603
103567 1166
103568 121
103569 318
103570 1057
103571 301
103572 165
103573 838
103574 1001
103575 1048
103576 375
103577 0
103578 398
103579 1013
103580 118
103581 270
103582 430
103583 272
103584 106
103585 208
103586 509
103587 613
103588 989
103589 473
103590 226
103591 5
103592 334
103593 902
103594 727
103595 324
103596 541
103597 567
103598 165
103599 929
103600 262
103601 232
103602 512
103603 77
103604 146
103605 550
103606 566
103607 858
103608 936
103609 951
103610 198
103611 507
103612 57
103613 190
103614 381
103615 527
103616 435
103617 397
103618 185
103619 396
103620 1169
103621 656
103622 538
103623 395
103624 741
103625 1158
103626 445
103627 581
103628 293
103629 278
103630 909
103631 779
103632 124
103633 597
103634 16
103635 143
103636 37
103637 501
103638 707
103639 797
103640 31
103641 247
103642 785
103643 820
103644 143
103645 37
103646 542
103647 405
103648 596
103649 210
103650 605
103651 1084
103652 465
103653 11
103654 682
103655 830
103656 68
103657 941
103658 259
103659 1049
103660 274
103661 560
103662 626
103663 484
103664 204
103665 593
103666 769
103667 921
103668 624
103669 77
103670 547
103671 844
103672 1166
103673 831
103674 91
103675 471
103676 978
103677 53
103678 896
103679 336
103680 92
103681 907
103682 613
103683 23
103684 30
103685 609
103686 494
103687 383
103688 610
103689 803
103690 482
103691 694
103692 749
103693 255
103694 176
103695 889
103696 53
103697 1162
103698 624
103699 749
103700 936
103701 1123
103702 208
103703 72
103704 626
103705 562
103706 966
103707 1066
103708 647
103709 1136
103710 870
103711 612
103712 225
103713 656
103714 1142
103715 1015
103716 194
103717 306
103718 409
103719 224
103720 226
103721 492
103722 780
103723 1133
103724 188
103725 461
103726 768
103727 937
103728 63
103729 1055
103730 674
103731 574
103732 91
103733 306
103734 268
103735 368
103736 1139
103737 946
103738 512
103739 383
103740 31
103741 250
103742 562
103743 1155
103744 15
103745 1084
103746 762
103747 534
103748 725
103749 399
103750 559
103751 977
103752 814
103753 310
103754 899
103755 1024
103756 207
103757 501
103758 756
103759 838
103760 204
103761 208
103762 789
103763 144
103764 32
103765 987
103766 1158
103767 879
103768 68
103769 917
103770 953
103771 72
103772 541
103773 290
103774 692
103775 588
103776 401
103777 661
103778 614
103779 253
103780 64
103781 881
103782 1150
103783 282
103784 646
103785 26
103786 215
103787 23
103788 171
103789 1046
103790 338
103791 1136
103792 807
103793 1100
103794 310
103795 638
103796 777
103797 770
103798 1055
103799 880
103800 567
103801 415
103802 653
103803 779
103804 263
103805 325
103806 545
103807 253
103808 909
103809 138
103810 150
103811 853
103812 418
103813 1027
103814 1108
103815 566
103816 503
103817 900
103818 1095
103819 383
103820 515
103821 666
103822 470
103823 311
103824 539
103825 125
103826 45
103827 1161
103828 785
103829 310
103830 920
103831 1094
103832 1068
103833 321
103834 41
103835 277
103836 866
103837 754
103838 770
103839 445
103840 678
103841 41
103842 1086
103843 681
103844 516
103845 488
103846 393
103847 1036
103848 838
103849 910
103850 707
103851 403
103852 94
103853 1057
103854 1155
103855 775
103856 83
103857 298
103858 202
103859 1002
103860 1098
103861 1073
103862 1035
103863 840
103864 206
103865 837
103866 266
103867 771
103868 223
103869 490
103870 1073
103871 870
103872 721
103873 1005
103874 583
103875 983
103876 735
103877 507
103878 433
103879 177
103880 778
103881 329
103882 180
103883 402
103884 980
103885 1133
103886 90
103887 28
103888 817
103889 1145
103890 1037
103891 886
103892 686
103893 72
103894 822
103895 410
103896 391
103897 97
103898 708
103899 1120
103900 990
103901 1106
103902 666
103903 485
103904 628
103905 825
103906 69
103907 652
103908 335
103909 36
103910 154
103911 791
103912 450
103913 896
103914 9
103915 421
103916 564
103917 1143
103918 692
103919 787
103920 361
103921 1060
103922 498
103923 982
103924 1045
103925 1009
103926 648
103927 235
103928 65
103929 154
103930 759
103931 125
103932 104
103933 1142
103934 1056
103935 33
103936 822
103937 869
103938 161
103939 554
103940 722
103941 991
103942 383
103943 251
103944 541
103945 576
103946 546
103947 962
103948 871
103949 85
103950 533
103951 1086
103952 840
103953 868
103954 846
103955 1004
103956 741
103957 940
103958 485
103959 807
103960 976
103961 917
103962 169
103963 254
103964 158
103965 170
103966 1069
103967 813
103968 460
103969 980
103970 556
103971 400
103972 890
103973 812
103974 663
103975 327
103976 214
103977 1035
103978 578
103979 1029
103980 402
103981 814
103982 699
103983 200
103984 169
103985 496
103986 205
103987 1104
103988 460
103989 102
103990 519
103991 587
103992 579
103993 882
103994 59
103995 118
103996 816
103997 638
103998 68
103999 278
104000 302
104001 153
104002 627
104003 146
104004 377
104005 10
104006 946
104007 33
104008 899
104009 1052
104010 1121
104011 914
104012 937
104013 171
104014 744
104015 915
104016 979
104017 231
104018 1147
104019 858
104020 993
104021 300
104022 227
104023 26
104024 318
104025 1014
104026 874
104027 941
104028 122
104029 156
104030 346
104031 898
104032 1065
104033 1141
104034 157
104035 1032
104036 906
104037 301
104038 24
104039 981
104040 833
104041 30
104042 694
104043 288
104044 702
104045 325
104046 519
104047 299
104048 1062
104049 1137
104050 300
104051 718
104052 1166
104053 937
104054 386
104055 4
104056 450
104057 55
104058 666
104059 881
104060 195
104061 805
104062 922
104063 308
104064 264
104065 246
104066 360
104067 979
104068 686
104069 262
104070 693
104071 126
104072 643
104073 1062
104074 872
104075 1153
104076 48
104077 716
104078 576
104079 435
104080 989
104081 105
104082 600
104083 396
104084 542
104085 182
104086 543
104087 704
104088 426
104089 1077
104090 737
104091 177
104092 720
104093 979
104094 422
104095 212
104096 249
104097 1037
104098 262
104099 624
104100 153
104101 205
104102 293
104103 378
104104 299
104105 908
104106 325
104107 719
104108 686
104109 593
104110 502
104111 1100
104112 696
104113 177
104114 602
104115 906
104116 948
104117 1142
104118 622
104119 681
104120 341
104121 761
104122 115
104123 1015
104124 874
104125 459
104126 146
104127 1085
104128 704
104129 1170
104130 1121
104131 221
104132 704
104133 969
104134 67
104135 32
104136 728
104137 37
104138 591
104139 394
104140 436
104141 232
104142 321
104143 302
104144 637
104145 707
104146 377
104147 938
104148 1041
104149 253
104150 411
104151 617
104152 317
104153 510
104154 1092
104155 638
104156 786
104157 429
104158 886
104159 882
104160 399
104161 201
104162 587
104163 297
104164 260
104165 628
104166 251
104167 47
104168 156
104169 208
104170 832
104171 257
104172 538
104173 348
104174 464
104175 536
104176 1043
104177 356
104178 602
104179 481
104180 915
104181 276
104182 601
104183 64
104184 169
104185 873
104186 1088
104187 1061
104188 179
104189 681
104190 855
104191 830
104192 1140
104193 298
104194 1135
104195 333
104196 315
104197 1034
104198 354
104199 1109
104200 1016
104201 949
104202 555
104203 515
104204 169
104205 38
104206 974
104207 1025
104208 1003
104209 967
104210 942
104211 1131
104212 770
104213 748
104214 577
104215 776
104216 722
104217 793
104218 550
104219 640
104220 223
104221 309
104222 206
104223 1112
104224 763
104225 750
104226 1003
104227 219
104228 548
104229 617
104230 969
104231 929
104232 1159
104233 1144
104234 282
104235 120
104236 12
104237 746
104238 742
104239 48
104240 916
104241 619
104242 845
104243 476
104244 571
104245 583
104246 884
104247 256
104248 500
104249 603
104250 278
104251 104
104252 527
104253 772
104254 865
104255 120
104256 251
104257 324
104258 912
104259 867
104260 244
104261 880
104262 645
104263 8
104264 1067
104265 385
104266 788
104267 609
104268 986
104269 756
104270 856
104271 661
104272 139
104273 172
104274 1019
104275 778
104276 292
104277 1097
104278 559
104279 1160
104280 637
104281 840
104282 846
104283 1021
104284 36
104285 151
104286 250
104287 24
104288 749
104289 396
104290 71
104291 246
104292 502
104293 558
104294 1035
104295 290
104296 723
104297 713
104298 30
104299 425
104300 200
104301 419
104302 600
104303 379
104304 316
104305 839
104306 621
104307 701
104308 609
104309 716
104310 645
104311 479
104312 958
104313 611
104314 72
104315 525
104316 357
104317 445
104318 44
104319 839
104320 194
104321 440
104322 231
104323 187
104324 797
104325 258
104326 560
104327 125
104328 704
104329 638
104330 901
104331 937
104332 452
104333 381
104334 602
104335 1162
104336 571
104337 808
104338 403
104339 665
104340 307
104341 396
104342 439
104343 747
104344 733
104345 80
104346 1029
104347 139
104348 654
104349 158
104350 829
104351 776
104352 779
104353 530
104354 637
104355 186
104356 447
104357 287
104358 286
104359 781
104360 721
104361 903
104362 192
104363 428
104364 139
104365 566
104366 171
104367 1072
104368 53
104369 966
104370 560
104371 752
104372 317
104373 272
104374 142
104375 627
104376 860
104377 983
104378 719
104379 236
104380 904
104381 811
104382 909
104383 353
104384 811
104385 1069
104386 925
104387 862
104388 266
104389 1050
104390 409
104391 920
104392 976
104393 261
104394 337
104395 621
104396 29
104397 675
104398 132
104399 1111
104400 970
104401 710
104402 922
104403 1081
104404 31
104405 93
104406 797
104407 169
104408 493
104409 402
104410 948
104411 638
104412 71
104413 107
104414 204
104415 353
104416 656
104417 327
104418 1038
104419 899
104420 1127
104421 496
104422 917
104423 920
104424 983
104425 652
104426 256
104427 945
104428 130
104429 617
104430 674
104431 60
104432 237
104433 99
104434 267
104435 1149
104436 1054
104437 862
104438 584
104439 883
104440 133
104441 347
104442 171
104443 113
104444 628
104445 1035
104446 538
104447 415
104448 368
104449 1022
104450 345
104451 0
104452 17
104453 496
104454 402
104455 991
104456 252
104457 548
104458 252
104459 773
104460 745
104461 1035
104462 265
104463 1036
104464 433
104465 500
104466 283
104467 982
104468 462
104469 1138
104470 30
104471 47
104472 328
104473 438
104474 240
104475 950
104476 1046
104477 294
104478 38
104479 915
104480 930
104481 728
104482 1001
104483 214
104484 614
104485 941
104486 397
104487 985
104488 521
104489 174
104490 62
104491 840
104492 333
104493 808
104494 900
104495 246
104496 892
104497 906
104498 837
104499 378
104500 468
104501 715
104502 521
104503 236
104504 687
104505 402
104506 1012
104507 764
104508 1023
104509 1100
104510 1144
104511 270
104512 722
104513 895
104514 1008
104515 528
104516 49
104517 849
104518 596
104519 428
104520 1132
104521 756
104522 478
104523 811
104524 919
104525 38
104526 37
104527 530
104528 1046
104529 108
104530 576
104531 1157
104532 902
104533 1026
104534 452
104535 452
104536 322
104537 481
104538 635
104539 519
104540 281
104541 758
104542 509
104543 296
104544 686
104545 312
104546 310
104547 1146
104548 497
104549 1
104550 983
104551 788
104552 542
104553 240
104554 1114
104555 1060
104556 157
104557 1
104558 61
104559 352
104560 909
104561 102
104562 612
104563 567
104564 685
104565 57
104566 745
104567 1084
104568 264
104569 968
104570 961
104571 532
104572 214
104573 481
104574 430
104575 992
104576 600
104577 500
104578 586
104579 146
104580 230
104581 1033
104582 379
104583 982
104584 851
104585 351
104586 772
104587 634
104588 463
104589 162
104590 1054
104591 748
104592 259
104593 190
104594 931
104595 43
104596 646
104597 117
104598 245
104599 207
104600 507
104601 907
104602 301
104603 442
104604 763
104605 385
104606 210
104607 301
104608 86
104609 317
104610 929
104611 1148
104612 219
104613 631
104614 124
104615 807
104616 66
104617 515
104618 1096
104619 321
104620 233
104621 2
104622 51
104623 516
104624 879
104625 257
104626 786
104627 1068
104628 331
104629 3
104630 841
104631 740
104632 285
104633 68
104634 211
104635 1070
104636 195
104637 642
104638 217
104639 1011
104640 28
104641 201
104642 663
104643 66
104644 192
104645 1102
104646 1081
104647 741
104648 76
104649 109
104650 17
104651 928
104652 248
104653 281
104654 191
104655 965
104656 246
104657 682
104658 789
104659 325
104660 314
104661 624
104662 389
104663 352
104664 736
104665 912
104666 277
104667 832
104668 949
104669 530
104670 513
104671 957
104672 861
104673 133
104674 271
104675 335
104676 623
104677 711
104678 612
104679 812
104680 610
104681 267
104682 705
104683 128
104684 241
104685 529
104686 432
104687 1105
104688 580
104689 340
104690 926
104691 405
104692 1068
104693 624
104694 561
104695 808
104696 941
104697 555
104698 823
104699 811
104700 1056
104701 198
104702 95
104703 679
104704 395
104705 53
104706 860
104707 419
104708 183
104709 961
104710 663
104711 638
104712 1143
104713 186
104714 190
104715 1063
104716 21
104717 437
104718 721
104719 1081
104720 212
104721 963
104722 223
104723 503
104724 193
104725 816
104726 184
104727 311
104728 1051
104729 254
104730 956
104731 853
104732 567
104733 2
104734 907
104735 327
104736 353
104737 989
104738 1015
104739 1047
104740 872
104741 607
104742 860
104743 1020
104744 1021
104745 295
104746 691
104747 542
104748 489
104749 720
104750 797
104751 346
104752 106
104753 899
104754 155
104755 268
104756 736
104757 287
104758 838
104759 538
104760 785
104761 946
104762 439
104763 921
104764 905
104765 712
104766 260
104767 1166
104768 1049
104769 671
104770 692
104771 917
104772 959
104773 679
104774 333
104775 173
104776 258
104777 1029
104778 703
104779 1064
104780 783
104781 602
104782 124
104783 208
104784 600
104785 606
104786 165
104787 920
104788 242
104789 648
104790 685
104791 641
104792 948
104793 1166
104794 461
104795 408
104796 504
104797 811
104798 1047
104799 560
104800 519
104801 68
104802 666
104803 757
104804 698
104805 14
104806 1099
104807 978
104808 969
104809 430
104810 936
104811 45
104812 102
104813 1170
104814 646
104815 67
104816 451
104817 585
104818 306
104819 268
104820 520
104821 642
104822 146
104823 853
104824 151
104825 245
104826 817
104827 881
104828 466
104829 559
104830 188
104831 860
104832 163
104833 484
104834 1157
104835 542
104836 895
104837 937
104838 282
104839 522
104840 578
104841 992
104842 720
104843 1018
104844 523
104845 653
104846 1131
104847 682
104848 396
104849 421
104850 509
104851 664
104852 419
104853 650
104854 333
104855 947
104856 239
104857 48
104858 618
104859 1090
104860 180
104861 406
104862 588
104863 576
104864 421
104865 868
104866 280
104867 1049
104868 1024
104869 923
104870 347
104871 635
104872 695
104873 1130
104874 130
104875 230
104876 183
104877 592
104878 324
104879 174
104880 710
104881 152
104882 485
104883 1119
104884 179
104885 793
104886 590
104887 619
104888 946
104889 186
104890 62
104891 83
104892 487
104893 699
104894 656
104895 516
104896 20
104897 522
104898 1000
104899 379
104900 600
104901 792
104902 55
104903 1092
104904 922
104905 414
104906 600
104907 1141
104908 755
104909 444
104910 264
104911 81
104912 782
104913 621
104914 20
104915 1013
104916 1012
104917 626
104918 939
104919 712
104920 793
104921 1153
104922 595
104923 154
104924 420
104925 803
104926 824
104927 75
104928 474
104929 375
104930 1051
104931 1019
104932 340
104933 6
104934 609
104935 815
104936 448
104937 691
104938 262
104939 687
104940 956
104941 74
104942 196
104943 261
104944 1155
104945 484
104946 34
104947 169
104948 941
104949 394
104950 69
104951 528
104952 211
104953 862
104954 494
104955 931
104956 863
104957 725
104958 585
104959 498
104960 948
104961 563
104962 468
104963 888
104964 418
104965 218
104966 1087
104967 738
104968 312
104969 818
104970 332
104971 8
104972 108
104973 661
104974 788
104975 1016
104976 141
104977 401
104978 176
104979 1057
104980 436
104981 1096
104982 1006
104983 538
104984 765
104985 564
104986 1159
104987 884
104988 608
104989 891
104990 552
104991 184
104992 333
104993 445
104994 581
104995 1069
104996 967
104997 338
104998 447
104999 640
105000 515
105001 107
105002 248
105003 435
105004 683
105005 917
105006 880
105007 1096
105008 880
105009 343
105010 550
105011 1112
105012 671
105013 685
105014 430
105015 1153
105016 846
105017 3
105018 482
105019 527
105020 748
105021 208
105022 380
105023 1139
105024 59
105025 876
105026 264
105027 1060
105028 1021
105029 709
105030 790
105031 1094
105032 88
105033 982
105034 422
105035 20
105036 650
105037 560
105038 742
105039 720
105040 864
105041 493
105042 733
105043 386
105044 964
105045 311
105046 411
105047 612
105048 619
105049 226
105050 856
105051 235
105052 575
105053 763
105054 419
105055 661
105056 484
105057 579
105058 50
105059 428
105060 296
105061 698
105062 113
105063 939
105064 1136
105065 875
105066 399
105067 1172
105068 1078
105069 291
105070 304
105071 568
105072 1092
105073 53
105074 436
105075 846
105076 775
105077 610
105078 267
105079 840
105080 669
105081 755
105082 89
105083 418
105084 643
105085 599
105086 860
105087 246
105088 986
105089 1099
105090 720
105091 935
105092 411
105093 654
105094 464
105095 919
105096 701
105097 804
105098 736
105099 846
105100 1093
105101 400
105102 416
105103 889
105104 1104
105105 535
105106 543
105107 698
105108 439
105109 671
105110 1118
105111 996
105112 111
105113 325
105114 307
105115 359
105116 973
105117 866
105118 114
105119 184
105120 478
105121 122
105122 173
105123 890
105124 780
105125 78
105126 447
105127 265
105128 935
105129 746
105130 169
105131 214
105132 445
105133 762
105134 1046
105135 180
105136 831
105137 1139
105138 375
105139 1025
105140 703
105141 931
105142 1011
105143 210
105144 755
105145 914
105146 1048
105147 1054
105148 602
105149 441
105150 601
105151 90
105152 282
105153 997
105154 271
105155 670
105156 511
105157 106
105158 907
105159 578
105160 601
105161 410
105162 257
105163 518
105164 426
105165 116
105166 283
105167 451
105168 497
105169 92
105170 447
105171 24
105172 971
105173 665
105174 517
105175 653
105176 44
105177 465
105178 1067
105179 672
105180 310
105181 821
105182 759
105183 1111
105184 969
105185 795
105186 53
105187 710
105188 351
105189 377
105190 313
105191 688
105192 200
105193 517
105194 463
105195 363
105196 677
105197 608
105198 950
105199 1127
105200 1062
105201 522
105202 1081
105203 573
105204 295
105205 237
105206 379
105207 633
105208 316
105209 1162
105210 610
105211 495
105212 475
105213 1079
105214 581
105215 397
105216 734
105217 1115
105218 66
105219 173
105220 157
105221 486
105222 346
105223 783
105224 754
105225 905
105226 308
105227 228
105228 424
105229 966
105230 251
105231 825
105232 1022
105233 848
105234 1160
105235 1076
105236 754
105237 1039
105238 706
105239 572
105240 20
105241 875
105242 130
105243 470
105244 1058
105245 895
105246 349
105247 436
105248 51
105249 280
105250 724
105251 394
105252 231
105253 558
105254 211
105255 1056
105256 346
105257 110
105258 389
105259 212
105260 1064
105261 754
105262 549
105263 150
105264 539
105265 700
105266 85
105267 989
105268 952
105269 699
105270 919
105271 568
105272 110
105273 304
105274 802
105275 718
105276 832
105277 1150
105278 519
105279 386
105280 696
105281 171
105282 760
105283 912
105284 342
105285 522
105286 247
105287 318
105288 3
105289 94
105290 516
105291 320
105292 440
105293 1108
105294 427
105295 639
105296 696
105297 202
105298 530
105299 413
105300 937
105301 424
105302 60
105303 359
105304 751
105305 472
105306 1006
105307 638
105308 457
105309 780
105310 109
105311 719
105312 556
105313 473
105314 201
105315 101
105316 551
105317 280
105318 964
105319 847
105320 1117
105321 665
105322 1069
105323 1117
105324 843
105325 312
105326 576
105327 1146
105328 919
105329 526
105330 695
105331 1162
105332 353
105333 439
105334 777
105335 1080
105336 165
105337 1013
105338 949
105339 70
105340 321
105341 14
105342 563
105343 600
105344 1141
105345 964
105346 499
105347 1032
105348 517
105349 54
105350 615
105351 417
105352 647
105353 253
105354 298
105355 32
105356 622
105357 146
105358 846
105359 295
105360 525
105361 275
105362 624
105363 1066
105364 418
105365 620
105366 1001
105367 1067
105368 118
105369 198
105370 744
105371 380
105372 85
105373 748
105374 305
105375 711
105376 897
105377 780
105378 1150
105379 883
105380 240
105381 828
105382 224
105383 776
105384 1127
105385 372
105386 442
105387 900
105388 721
105389 1002
105390 438
105391 1027
105392 217
105393 539
105394 527
105395 1115
105396 838
105397 215
105398 829
105399 690
105400 379
105401 103
105402 926
105403 869
105404 448
105405 1116
105406 416
105407 945
105408 886
105409 594
105410 638
105411 338
105412 1131
105413 723
105414 40
105415 313
105416 1082
105417 174
105418 869
105419 1153
105420 854
105421 814
105422 916
105423 443
105424 728
105425 1151
105426 477
105427 230
105428 1030
105429 1004
105430 1097
105431 1095
105432 466
105433 847
105434 826
105435 1078
105436 1109
105437 883
105438 733
105439 562
105440 118
105441 80
105442 520
105443 743
105444 284
105445 0
105446 837
105447 607
105448 32
105449 709
105450 693
105451 605
105452 281
105453 1058
105454 984
105455 1066
105456 338
105457 208
105458 500
105459 338
105460 1003
105461 76
105462 287
105463 646
105464 428
105465 976
105466 993
105467 924
105468 420
105469 893
105470 191
105471 470
105472 395
105473 533
105474 641
105475 1075
105476 145
105477 245
105478 838
105479 1082
105480 756
105481 15
105482 523
105483 160
105484 623
105485 880
105486 226
105487 353
105488 887
105489 608
105490 160
105491 1076
105492 528
105493 316
105494 767
105495 596
105496 747
105497 237
105498 7
105499 151
105500 799
105501 1103
105502 138
105503 92
105504 1102
105505 12
105506 353
105507 54
105508 262
105509 527
105510 782
105511 44
105512 1039
105513 262
105514 160
105515 862
105516 762
105517 902
105518 483
105519 1083
105520 719
105521 268
105522 840
105523 120
105524 629
105525 152
105526 537
105527 1082
105528 392
105529 865
105530 341
105531 442
105532 534
105533 445
105534 158
105535 994
105536 1031
105537 131
105538 481
105539 612
105540 916
105541 1040
105542 452
105543 133
105544 66
105545 197
105546 800
105547 862
105548 77
105549 581
105550 264
105551 852
105552 424
105553 966
105554 376
105555 1077
105556 1012
105557 989
105558 607
105559 1034
105560 699
105561 163
105562 1046
105563 577
105564 633
105565 805
105566 191
105567 201
105568 1002
105569 16
105570 400
105571 528
105572 52
105573 711
105574 705
105575 956
105576 651
105577 1166
105578 550
105579 558
105580 1136
105581 513
105582 977
105583 660
105584 438
105585 574
105586 910
105587 143
105588 636
105589 1001
105590 756
105591 990
105592 717
105593 176
105594 160
105595 97
105596 259
105597 249
105598 905
105599 146
105600 933
105601 542
105602 685
105603 666
105604 547
105605 911
105606 714
105607 327
105608 476
105609 1101
105610 703
105611 398
105612 0
105613 498
105614 883
105615 597
105616 237
105617 795
105618 647
105619 162
105620 188
105621 823
105622 984
105623 1147
105624 469
105625 649
105626 959
105627 163
105628 489
105629 990
105630 94
105631 419
105632 93
105633 898
105634 1085
105635 850
105636 254
105637 942
105638 635
105639 613
105640 332
105641 864
105642 951
105643 14
105644 64
105645 398
105646 680
105647 883
105648 317
105649 778
105650 340
105651 886
105652 234
105653 895
105654 208
105655 685
105656 722
105657 1027
105658 27
105659 546
105660 686
105661 493
105662 510
105663 266
105664 726
105665 512
105666 505
105667 449
105668 80
105669 405
105670 1091
105671 765
105672 497
105673 130
105674 397
105675 1080
105676 37
105677 29
105678 795
105679 921
105680 346
105681 269
105682 492
105683 979
105684 198
105685 351
105686 1033
105687 837
105688 860
105689 25
105690 1082
105691 1028
105692 828
105693 578
105694 771
105695 183
105696 587
105697 716
105698 832
105699 329
105700 233
105701 1110
105702 749
105703 71
105704 591
105705 643
105706 790
105707 555
105708 78
105709 30
105710 879
105711 1073
105712 656
105713 1162
105714 568
105715 1029
105716 265
105717 879
105718 18
105719 436
105720 515
105721 1157
105722 392
105723 957
105724 238
105725 267
105726 588
105727 609
105728 28
105729 734
105730 45
105731 148
105732 246
105733 151
105734 593
105735 579
105736 71
105737 278
105738 619
105739 833
105740 587
105741 994
105742 1128
105743 1071
105744 347
105745 779
105746 192
105747 708
105748 820
105749 63
105750 63
105751 815
105752 796
105753 247
105754 782
105755 562
105756 597
105757 359
105758 726
105759 850
105760 580
105761 1057
105762 481
105763 984
105764 1010
105765 265
105766 407
105767 880
105768 957
105769 534
105770 111
105771 630
105772 694
105773 464
105774 834
105775 447
105776 581
105777 1006
105778 596
105779 1129
105780 267
105781 768
105782 392
105783 38
105784 15
105785 384
105786 647
105787 138
105788 859
105789 381
105790 508
105791 703
105792 244
105793 988
105794 426
105795 542
105796 916
105797 779
105798 118
105799 1069
105800 898
105801 390
105802 842
105803 449
105804 276
105805 703
105806 991
105807 635
105808 165
105809 206
105810 10
105811 335
105812 426
105813 324
105814 156
105815 452
105816 279
105817 729
105818 764
105819 952
105820 338
105821 1043
105822 983
105823 852
105824 754
105825 399
105826 363
105827 534
105828 157
105829 592
105830 361
105831 653
105832 254
105833 269
105834 378
105835 843
105836 562
105837 433
105838 707
105839 642
105840 897
105841 681
105842 927
105843 283
105844 318
105845 314
105846 84
105847 898
105848 625
105849 379
105850 399
105851 681
105852 1107
105853 755
105854 23
105855 1033
105856 929
105857 636
105858 580
105859 737
105860 599
105861 899
105862 1112
105863 66
105864 696
105865 578
105866 1024
105867 888
105868 325
105869 28
105870 648
105871 577
105872 1045
105873 332
105874 745
105875 1163
105876 197
105877 1127
105878 884
105879 468
105880 642
105881 1005
105882 1133
105883 593
105884 122
105885 680
105886 10
105887 20
105888 347
105889 368
105890 775
105891 446
105892 662
105893 838
105894 893
105895 984
105896 895
105897 163
105898 35
105899 293
105900 151
105901 840
105902 627
105903 305
105904 731
105905 10
105906 858
105907 359
105908 16
105909 1002
105910 835
105911 972
105912 622
105913 694
105914 1131
105915 738
105916 813
105917 1106
105918 216
105919 1036
105920 125
105921 206
105922 270
105923 353
105924 415
105925 17
105926 762
105927 155
105928 626
105929 1067
105930 1031
105931 899
105932 496
105933 279
105934 1073
105935 810
105936 305
105937 17
105938 61
105939 127
105940 194
105941 230
105942 610
105943 171
105944 164
105945 249
105946 391
105947 988
105948 442
105949 671
105950 200
105951 736
105952 1012
105953 566
105954 226
105955 185
105956 430
105957 712
105958 1103
105959 195
105960 1129
105961 805
105962 262
105963 420
105964 7
105965 936
105966 534
105967 993
105968 195
105969 847
105970 42
105971 1014
105972 1032
105973 42
105974 663
105975 42
105976 229
105977 919
105978 572
105979 18
105980 693
105981 79
105982 739
105983 397
105984 931
105985 598
105986 782
105987 668
105988 685
105989 18
105990 774
105991 103
105992 960
105993 1014
105994 735
105995 488
105996 195
105997 96
105998 881
105999 1035
106000 459
106001 117
106002 677
106003 717
106004 1105
106005 64
106006 343
106007 303
106008 900
106009 333
106010 565
106011 1161
106012 604
106013 96
106014 436
106015 795
106016 223
106017 329
106018 1046
106019 754
106020 718
106021 476
106022 523
106023 660
106024 897
106025 663
106026 596
106027 1118
106028 124
106029 435
106030 353
106031 860
106032 131
106033 249
106034 778
106035 756
106036 1127
106037 726
106038 527
106039 106
106040 286
106041 515
106042 409
106043 1128
106044 261
106045 838
106046 935
106047 1052
106048 30
106049 249
106050 53
106051 25
106052 535
106053 497
106054 96
106055 68
106056 235
106057 649
106058 299
106059 883
106060 460
106061 25
106062 642
106063 933
106064 744
106065 704
106066 80
106067 981
106068 1071
106069 1015
106070 749
106071 111
106072 1000
106073 554
106074 559
106075 12
106076 378
106077 977
106078 125
106079 1074
106080 833
106081 701
106082 135
106083 428
106084 876
106085 1149
106086 124
106087 794
106088 959
106089 1080
106090 771
106091 744
106092 500
106093 206
106094 1073
106095 928
106096 331
106097 263
106098 8
106099 1116
106100 918
106101 878
106102 1031
106103 390
106104 316
106105 75
106106 177
106107 785
106108 94
106109 240
106110 827
106111 670
106112 988
106113 61
106114 17
106115 877
106116 382
106117 152
106118 588
106119 514
106120 235
106121 1152
106122 281
106123 1105
106124 632
106125 207
106126 0
106127 279
106128 1025
106129 388
106130 364
106131 174
106132 102
106133 1057
106134 909
106135 965
106136 286
106137 869
106138 683
106139 1138
106140 596
106141 1094
106142 26
106143 620
106144 1147
106145 348
106146 1111
106147 489
106148 256
106149 751
106150 681
106151 264
106152 552
106153 821
106154 263
106155 547
106156 229
106157 954
106158 248
106159 111
106160 554
106161 706
106162 497
106163 131
106164 725
106165 669
106166 742
106167 399
106168 237
106169 312
106170 1068
106171 466
106172 206
106173 1169
106174 989
106175 252
106176 466
106177 283
106178 1100
106179 579
106180 551
106181 836
106182 1062
106183 1041
106184 945
106185 650
106186 38
106187 882
106188 475
106189 183
106190 758
106191 338
106192 284
106193 859
106194 663
106195 30
106196 491
106197 1019
106198 504
106199 580
106200 155
106201 1014
106202 956
106203 128
106204 1080
106205 446
106206 620
106207 1113
106208 30
106209 167
106210 786
106211 979
106212 356
106213 764
106214 809
106215 1107
106216 300
106217 799
106218 889
106219 344
106220 563
106221 332
106222 788
106223 539
106224 234
106225 883
106226 776
106227 150
106228 369
106229 541
106230 371
106231 714
106232 446
106233 434
106234 176
106235 437
106236 457
106237 859
106238 839
106239 988
106240 987
106241 1006
106242 175
106243 611
106244 620
106245 80
106246 190
106247 102
106248 593
106249 20
106250 692
106251 979
106252 762
106253 1059
106254 1120
106255 892
106256 702
106257 412
106258 692
106259 512
106260 141
106261 337
106262 97
106263 769
106264 239
106265 91
106266 746
106267 559
106268 420
106269 146
106270 356
106271 117
106272 1013
106273 663
106274 496
106275 96
106276 1135
106277 1103
106278 1041
106279 185
106280 617
106281 304
106282 695
106283 641
106284 588
106285 759
106286 201
106287 398
106288 556
106289 311
106290 956
106291 466
106292 378
106293 80
106294 272
106295 150
106296 751
106297 714
106298 600
106299 36
106300 144
106301 224
106302 992
106303 344
106304 614
106305 681
106306 115
106307 163
106308 893
106309 1054
106310 482
106311 821
106312 203
106313 281
106314 1063
106315 780
106316 916
106317 55
106318 811
106319 849
106320 701
106321 1039
106322 1147
106323 1037
106324 928
106325 602
106326 518
106327 259
106328 1088
106329 151
106330 558
106331 109
106332 955
106333 119
106334 660
106335 507
106336 524
106337 608
106338 1046
106339 802
106340 558
106341 54
106342 735
106343 759
106344 237
106345 890
106346 1080
106347 213
106348 483
106349 876
106350 597
106351 189
106352 532
106353 924
106354 734
106355 705
106356 501
106357 467
106358 302
106359 868
106360 1169
106361 1109
106362 1078
106363 391
106364 670
106365 517
106366 750
106367 210
106368 185
106369 42
106370 1119
106371 265
106372 757
106373 1037
106374 443
106375 1166
106376 360
106377 794
106378 123
106379 179
106380 181
106381 759
106382 697
106383 24
106384 843
106385 829
106386 1137
106387 194
106388 785
106389 717
106390 732
106391 373
106392 139
106393 425
106394 383
106395 169
106396 158
106397 619
106398 177
106399 710
106400 651
106401 966
106402 193
106403 151
106404 105
106405 537
106406 586
106407 907
106408 546
106409 65
106410 669
106411 1019
106412 616
106413 222
106414 1106
106415 571
106416 110
106417 433
106418 921
106419 674
106420 249
106421 473
106422 180
106423 60
106424 70
106425 90
106426 724
106427 1102
106428 1047
106429 480
106430 1128
106431 171
106432 114
106433 974
106434 769
106435 860
106436 418
106437 1044
106438 978
106439 566
106440 151
106441 296
106442 750
106443 1118
106444 741
106445 943
106446 176
106447 457
106448 549
106449 286
106450 759
106451 109
106452 1110
106453 1079
106454 769
106455 106
106456 517
106457 738
106458 624
106459 939
106460 521
106461 776
106462 301
106463 908
106464 593
106465 97
106466 1126
106467 430
106468 906
106469 990
106470 939
106471 1151
106472 697
106473 405
106474 194
106475 411
106476 317
106477 90
106478 396
106479 906
106480 514
106481 407
106482 712
106483 1093
106484 239
106485 182
106486 980
106487 421
106488 398
106489 140
106490 835
106491 926
106492 1147
106493 565
106494 119
106495 340
106496 684
106497 844
106498 874
106499 99
106500 324
106501 528
106502 331
106503 573
106504 185
106505 234
106506 1009
106507 183
106508 322
106509 693
106510 419
106511 965
106512 664
106513 452
106514 129
106515 51
106516 423
106517 1112
106518 824
106519 802
106520 244
106521 234
106522 191
106523 1078
106524 253
106525 553
106526 216
106527 1122
106528 1169
106529 646
106530 562
106531 696
106532 1066
106533 738
106534 783
106535 452
106536 486
106537 22
106538 584
106539 379
106540 463
106541 1123
106542 1108
106543 1170
106544 8
106545 1142
106546 142
106547 342
106548 21
106549 848
106550 796
106551 954
106552 403
106553 966
106554 276
106555 110
106556 468
106557 14
106558 819
106559 108
106560 442
106561 600
106562 997
106563 919
106564 505
106565 290
106566 775
106567 600
106568 88
106569 92
106570 1101
106571 582
106572 1066
106573 79
106574 135
106575 1093
106576 689
106577 208
106578 644
106579 793
106580 1045
106581 233
106582 315
106583 747
106584 666
106585 1112
106586 119
106587 768
106588 479
106589 153
106590 1101
106591 636
106592 582
106593 49
106594 75
106595 22
106596 306
106597 115
106598 9
106599 812
106600 405
106601 41
106602 568
106603 200
106604 549
106605 973
106606 576
106607 45
106608 624
106609 48
106610 81
106611 422
106612 631
106613 516
106614 432
106615 1155
106616 2
106617 666
106618 92
106619 756
106620 133
106621 353
106622 118
106623 581
106624 221
106625 424
106626 898
106627 326
106628 1070
106629 1048
106630 1154
106631 136
106632 333
106633 1
106634 939
106635 1061
106636 975
106637 966
106638 190
106639 474
106640 26
106641 1062
106642 776
106643 558
106644 117
106645 361
106646 723
106647 1032
106648 359
106649 308
106650 418
106651 68
106652 343
106653 262
106654 944
106655 1053
106656 859
106657 421
106658 171
106659 215
106660 899
106661 397
106662 117
106663 817
106664 1095
106665 1030
106666 402
106667 986
106668 893
106669 892
106670 1131
106671 785
106672 646
106673 416
106674 954
106675 79
106676 419
106677 182
106678 997
106679 534
106680 184
106681 373
106682 817
106683 948
106684 101
106685 662
106686 566
106687 981
106688 699
106689 1036
106690 996
106691 48
106692 457
106693 262
106694 240
106695 63
106696 428
106697 136
106698 396
106699 189
106700 658
106701 692
106702 1049
106703 625
106704 966
106705 727
106706 1170
106707 387
106708 674
106709 732
106710 957
106711 623
106712 651
106713 1150
106714 583
106715 402
106716 659
106717 251
106718 384
106719 902
106720 833
106721 448
106722 57
106723 1009
106724 265
106725 363
106726 763
106727 711
106728 474
106729 1031
106730 300
106731 1149
106732 431
106733 1105
106734 1119
106735 455
106736 1
106737 592
106738 487
106739 401
106740 777
106741 973
106742 342
106743 160
106744 948
106745 874
106746 36
106747 814
106748 1129
106749 888
106750 680
106751 576
106752 999
106753 786
106754 42
106755 789
106756 1011
106757 809
106758 694
106759 779
106760 97
106761 890
106762 845
106763 1045
106764 112
106765 89
106766 648
106767 1082
106768 473
106769 629
106770 565
106771 690
106772 601
106773 1090
106774 260
106775 176
106776 1003
106777 622
106778 976
106779 202
106780 1098
106781 338
106782 1083
106783 376
106784 142
106785 958
106786 1041
106787 600
106788 94
106789 600
106790 633
106791 639
106792 273
106793 449
106794 23
106795 534
106796 800
106797 759
106798 341
106799 1072
106800 353
106801 244
106802 938
106803 980
106804 578
106805 714
106806 471
106807 526
106808 393
106809 704
106810 500
106811 1040
106812 783
106813 694
106814 380
106815 847
106816 1152
106817 1012
106818 445
106819 482
106820 50
106821 241
106822 18
106823 908
106824 686
106825 875
106826 960
106827 966
106828 489
106829 899
106830 604
106831 437
106832 581
106833 258
106834 318
106835 1160
106836 322
106837 159
106838 824
106839 484
106840 133
106841 996
106842 1116
106843 989
106844 965
106845 265
106846 259
106847 670
106848 723
106849 900
106850 1030
106851 229
106852 76
106853 410
106854 136
106855 259
106856 910
106857 969
106858 165
106859 929
106860 966
106861 772
106862 87
106863 786
106864 878
106865 747
106866 234
106867 400
106868 1014
106869 239
106870 555
106871 581
106872 538
106873 479
106874 98
106875 1139
106876 250
106877 399
106878 1021
106879 877
106880 965
106881 569
106882 915
106883 246
106884 1030
106885 1005
106886 250
106887 77
106888 345
106889 150
106890 133
106891 56
106892 733
106893 334
106894 371
106895 456
106896 982
106897 8
106898 1139
106899 479
106900 383
106901 967
106902 1090
106903 690
106904 42
106905 829
106906 1081
106907 1130
106908 490
106909 888
106910 92
106911 925
106912 731
106913 961
106914 410
106915 80
106916 42
106917 973
106918 388
106919 565
106920 350
106921 634
106922 221
106923 223
106924 553
106925 95
106926 1003
106927 1017
106928 911
106929 506
106930 69
106931 941
106932 539
106933 803
106934 216
106935 1031
106936 530
106937 288
106938 28
106939 559
106940 107
106941 451
106942 57
106943 178
106944 134
106945 756
106946 28
106947 893
106948 494
106949 1090
106950 181
106951 117
106952 343
106953 581
106954 108
106955 98
106956 719
106957 130
106958 703
106959 142
106960 711
106961 1106
106962 824
106963 580
106964 176
106965 737
106966 1121
106967 1008
106968 384
106969 9
106970 740
106971 132
106972 991
106973 874
106974 285
106975 1146
106976 92
106977 858
106978 928
106979 977
106980 317
106981 820
106982 1160
106983 580
106984 713
106985 1014
106986 431
106987 737
106988 1032
106989 623
106990 495
106991 1126
106992 331
106993 280
106994 180
106995 10
106996 449
106997 216
106998 470
106999 300
107000 1069
107001 40
107002 240
107003 602
107004 775
107005 1044
107006 230
107007 947
107008 1135
107009 697
107010 111
107011 455
107012 315
107013 925
107014 38
107015 1008
107016 805
107017 671
107018 495
107019 746
107020 1157
107021 1081
107022 1072
107023 147
107024 495
107025 923
107026 277
107027 167
107028 465
107029 684
107030 556
107031 528
107032 705
107033 858
107034 471
107035 678
107036 1053
107037 513
107038 836
107039 795
107040 834
107041 928
107042 828
107043 920
107044 754
107045 182
107046 371
107047 1126
107048 885
107049 606
107050 268
107051 444
107052 225
107053 634
107054 3
107055 1096
107056 849
107057 158
107058 226
107059 779
107060 58
107061 1118
107062 538
107063 432
107064 141
107065 699
107066 501
107067 246
107068 577
107069 1155
107070 765
107071 853
107072 213
107073 390
107074 263
107075 454
107076 969
107077 21
107078 511
107079 31
107080 1130
107081 543
107082 725
107083 665
107084 574
107085 898
107086 300
107087 133
107088 850
107089 1149
107090 971
107091 180
107092 416
107093 27
107094 381
107095 399
107096 310
107097 157
107098 644
107099 17
107100 188
107101 480
107102 48
107103 642
107104 706
107105 898
107106 1021
107107 518
107108 845
107109 185
107110 631
107111 220
107112 19
107113 105
107114 694
107115 188
107116 174
107117 553
107118 774
107119 878
107120 891
107121 155
107122 29
107123 543
107124 150
107125 739
107126 916
107127 994
107128 414
107129 802
107130 596
107131 257
107132 824
107133 434
107134 1027
107135 878
107136 1091
107137 381
107138 924
107139 189
107140 703
107141 344
107142 585
107143 37
107144 25
107145 307
107146 1059
107147 570
107148 722
107149 116
107150 1037
107151 731
107152 193
107153 418
107154 180
107155 631
107156 770
107157 1055
107158 853
107159 275
107160 575
107161 190
107162 566
107163 1144
107164 525
107165 902
107166 478
107167 359
107168 1101
107169 549
107170 347
107171 1001
107172 360
107173 514
107174 1139
107175 233
107176 296
107177 835
107178 882
107179 10
107180 261
107181 83
107182 632
107183 899
107184 1120
107185 280
107186 633
107187 957
107188 483
107189 256
107190 650
107191 505
107192 4
107193 260
107194 219
107195 827
107196 290
107197 543
107198 372
107199 1122
107200 157
107201 245
107202 152
107203 629
107204 132
107205 921
107206 73
107207 160
107208 992
107209 147
107210 122
107211 888
107212 914
107213 461
107214 274
107215 414
107216 688
107217 982
107218 1055
107219 227
107220 1133
107221 874
107222 34
107223 372
107224 236
107225 1083
107226 1073
107227 1107
107228 537
107229 556
107230 236
107231 958
107232 829
107233 825
107234 525
107235 770
107236 1023
107237 510
107238 1078
107239 863
107240 87
107241 947
107242 480
107243 857
107244 1023
107245 1148
107246 282
107247 666
107248 1038
107249 66
107250 1021
107251 437
107252 959
107253 69
107254 615
107255 578
107256 287
107257 683
107258 889
107259 590
107260 451
107261 1014
107262 351
107263 1136
107264 378
107265 402
107266 128
107267 148
107268 461
107269 1017
107270 897
107271 428
107272 859
107273 1079
107274 793
107275 1091
107276 588
107277 929
107278 912
107279 200
107280 183
107281 46
107282 43
107283 182
107284 455
107285 214
107286 855
107287 288
107288 1051
107289 375
107290 876
107291 513
107292 709
107293 3
107294 1113
107295 967
107296 58
107297 998
107298 743
107299 1012
107300 541
107301 950
107302 678
107303 26
107304 517
107305 289
107306 219
107307 655
107308 823
107309 1150
107310 368
107311 522
107312 713
107313 246
107314 780
107315 498
107316 429
107317 771
107318 806
107319 411
107320 199
107321 899
107322 89
107323 889
107324 924
107325 139
107326 108
107327 623
107328 156
107329 105
107330 458
107331 14
107332 454
107333 1127
107334 476
107335 62
107336 615
107337 723
107338 129
107339 608
107340 264
107341 289
107342 1119
107343 95
107344 1162
107345 1073
107346 649
107347 1093
107348 1033
107349 552
107350 435
107351 577
107352 152
107353 447
107354 261
107355 756
107356 238
107357 772
107358 866
107359 1010
107360 687
107361 106
107362 454
107363 422
107364 167
107365 806
107366 940
107367 475
107368 171
107369 295
107370 28
107371 935
107372 948
107373 867
107374 320
107375 802
107376 101
107377 183
107378 578
107379 355
107380 356
107381 608
107382 84
107383 76
107384 594
107385 39
107386 1160
107387 517
107388 209
107389 920
107390 279
107391 1144
107392 675
107393 176
107394 748
107395 37
107396 558
107397 666
107398 295
107399 699
107400 717
107401 689
107402 309
107403 526
107404 619
107405 1166
107406 1099
107407 427
107408 806
107409 476
107410 500
107411 676
107412 371
107413 884
107414 889
107415 704
107416 226
107417 675
107418 18
107419 980
107420 1030
107421 779
107422 145
107423 1080
107424 659
107425 59
107426 927
107427 657
107428 567
107429 678
107430 669
107431 615
107432 630
107433 121
107434 361
107435 992
107436 1053
107437 761
107438 156
107439 283
107440 1113
107441 423
107442 889
107443 108
107444 828
107445 880
107446 123
107447 78
107448 331
107449 466
107450 11
107451 69
107452 57
107453 226
107454 209
107455 131
107456 236
107457 266
107458 298
107459 723
107460 36
107461 320
107462 501
107463 741
107464 620
107465 6
107466 582
107467 21
107468 860
107469 370
107470 86
107471 273
107472 287
107473 947
107474 252
107475 201
107476 722
107477 473
107478 110
107479 557
107480 745
107481 200
107482 687
107483 751
107484 120
107485 277
107486 726
107487 129
107488 927
107489 1102
107490 47
107491 712
107492 105
107493 511
107494 52
107495 524
107496 460
107497 607
107498 114
107499 561
107500 842
107501 639
107502 455
107503 68
107504 1005
107505 137
107506 1127
107507 610
107508 966
107509 38
107510 108
107511 994
107512 1032
107513 915
107514 177
107515 897
107516 885
107517 844
107518 433
107519 416
107520 182
107521 445
107522 880
107523 449
107524 591
107525 457
107526 1053
107527 679
107528 990
107529 453
107530 175
107531 589
107532 134
107533 1118
107534 371
107535 166
107536 704
107537 794
107538 85
107539 581
107540 941
107541 575
107542 790
107543 594
107544 680
107545 444
107546 118
107547 127
107548 909
107549 324
107550 960
107551 922
107552 196
107553 859
107554 275
107555 810
107556 238
107557 1024
107558 821
107559 910
107560 554
107561 387
107562 1155
107563 66
107564 156
107565 339
107566 836
107567 842
107568 417
107569 981
107570 661
107571 693
107572 599
107573 506
107574 664
107575 271
107576 1070
107577 1084
107578 619
107579 32
107580 734
107581 3
107582 258
107583 733
107584 1090
107585 75
107586 650
107587 530
107588 1089
107589 603
107590 247
107591 3
107592 469
107593 431
107594 716
107595 984
107596 415
107597 1013
107598 1140
107599 1084
107600 1
107601 165
107602 273
107603 892
107604 229
107605 749
107606 643
107607 835
107608 710
107609 1095
107610 575
107611 560
107612 489
107613 229
107614 258
107615 935
107616 154
107617 654
107618 1127
107619 175
107620 1063
107621 353
107622 778
107623 820
107624 1028
107625 965
107626 343
107627 288
107628 898
107629 899
107630 241
107631 853
107632 251
107633 842
107634 794
107635 158
107636 635
107637 573
107638 171
107639 925
107640 990
107641 300
107642 1104
107643 530
107644 823
107645 1005
107646 802
107647 781
107648 126
107649 318
107650 976
107651 813
107652 48
107653 814
107654 467
107655 984
107656 546
107657 943
107658 785
107659 79
107660 548
107661 71
107662 974
107663 1161
107664 237
107665 848
107666 130
107667 223
107668 1097
107669 1037
107670 212
107671 71
107672 931
107673 1137
107674 191
107675 282
107676 1149
107677 858
107678 633
107679 999
107680 459
107681 1064
107682 894
107683 960
107684 405
107685 153
107686 1024
107687 914
107688 195
107689 934
107690 311
107691 425
107692 170
107693 69
107694 704
107695 449
107696 958
107697 877
107698 259
107699 601
107700 104
107701 301
107702 214
107703 457
107704 484
107705 599
107706 493
107707 237
107708 96
107709 449
107710 199
107711 931
107712 498
107713 1047
107714 473
107715 746
107716 603
107717 993
107718 515
107719 662
107720 659
107721 701
107722 623
107723 889
107724 467
107725 549
107726 933
107727 256
107728 500
107729 906
107730 360
107731 996
107732 291
107733 575
107734 976
107735 231
107736 659
107737 348
107738 629
107739 886
107740 551
107741 1149
107742 486
107743 271
107744 391
107745 1160
107746 299
107747 927
107748 493
107749 417
107750 1072
107751 538
107752 160
107753 107
107754 981
107755 83
107756 669
107757 180
107758 55
107759 1012
107760 955
107761 435
107762 1088
107763 1044
107764 973
107765 117
107766 599
107767 302
107768 558
107769 1036
107770 1112
107771 305
107772 524
107773 1103
107774 487
107775 78
107776 17
107777 959
107778 44
107779 402
107780 300
107781 162
107782 1111
107783 3
107784 1127
107785 410
107786 560
107787 115
107788 699
107789 691
107790 834
107791 460
107792 129
107793 1017
107794 55
107795 223
107796 1040
107797 1170
107798 1014
107799 1070
107800 564
107801 576
107802 745
107803 191
107804 492
107805 231
107806 710
107807 1019
107808 485
107809 84
107810 7
107811 782
107812 1042
107813 268
107814 513
107815 193
107816 1129
107817 609
107818 1143
107819 239
107820 63
107821 675
107822 1052
107823 193
107824 574
107825 65
107826 859
107827 447
107828 217
107829 580
107830 839
107831 121
107832 419
107833 810
107834 651
107835 342
107836 1015
107837 496
107838 641
107839 572
107840 414
107841 225
107842 874
107843 646
107844 30
107845 550
107846 608
107847 868
107848 216
107849 55
107850 798
107851 295
107852 154
107853 219
107854 130
107855 46
107856 521
107857 387
107858 1049
107859 394
107860 84
107861 154
107862 571
107863 331
107864 369
107865 920
107866 792
107867 590
107868 40
107869 620
107870 968
107871 632
107872 866
107873 1052
107874 265
107875 1134
107876 587
107877 413
107878 1071
107879 933
107880 163
107881 701
107882 851
107883 149
107884 912
107885 796
107886 756
107887 712
107888 521
107889 109
107890 491
107891 961
107892 624
107893 750
107894 891
107895 1015
107896 1128
107897 9
107898 778
107899 707
107900 556
107901 286
107902 953
107903 1172
107904 879
107905 1087
107906 506
107907 192
107908 777
107909 384
107910 253
107911 243
107912 780
107913 1080
107914 1131
107915 99
107916 971
107917 383
107918 145
107919 372
107920 920
107921 394
107922 745
107923 196
107924 104
107925 292
107926 999
107927 809
107928 516
107929 1075
107930 539
107931 227
107932 383
107933 978
107934 1033
107935 946
107936 697
107937 923
107938 230
107939 533
107940 888
107941 635
107942 112
107943 672
107944 922
107945 564
107946 835
107947 963
107948 931
107949 620
107950 1088
107951 783
107952 1145
107953 502
107954 4
107955 553
107956 1154
107957 940
107958 67
107959 237
107960 834
107961 457
107962 677
107963 478
107964 829
107965 267
107966 952
107967 822
107968 741
107969 542
107970 676
107971 481
107972 834
107973 155
107974 751
107975 688
107976 511
107977 214
107978 430
107979 928
107980 994
107981 792
107982 735
107983 371
107984 227
107985 132
107986 167
107987 945
107988 612
107989 269
107990 103
107991 515
107992 827
107993 718
107994 409
107995 1029
107996 279
107997 46
107998 182
107999 183
108000 1018
108001 52
108002 82
108003 561
108004 889
108005 800
108006 982
108007 594
108008 651
108009 848
108010 1078
108011 199
108012 481
108013 115
108014 588
108015 485
108016 440
108017 34
108018 296
108019 652
108020 777
108021 25
108022 655
108023 911
108024 618
108025 191
108026 269
108027 204
108028 288
108029 925
108030 688
108031 710
108032 1008
108033 824
108034 43
108035 121
108036 1127
108037 915
108038 497
108039 334
108040 608
108041 803
108042 637
108043 443
108044 794
108045 635
108046 1047
108047 125
108048 901
108049 1129
108050 273
108051 188
108052 850
108053 290
108054 646
108055 45
108056 332
108057 88
108058 47
108059 906
108060 327
108061 1019
108062 352
108063 407
108064 630
108065 902
108066 703
108067 100
108068 323
108069 471
108070 617
108071 982
108072 668
108073 167
108074 223
108075 782
108076 531
108077 948
108078 777
108079 656
108080 1016
108081 496
108082 133
108083 87
108084 1000
108085 271
108086 965
108087 1166
108088 414
108089 634
108090 1044
108091 1166
108092 803
108093 1015
108094 1152
108095 855
108096 1072
108097 659
108098 1109
108099 737
108100 411
108101 804
108102 895
108103 226
108104 275
108105 243
108106 389
108107 1079
108108 304
108109 674
108110 1004
108111 742
108112 546
108113 403
108114 901
108115 423
108116 1044
108117 25
108118 198
108119 799
108120 765
108121 819
108122 267
108123 296
108124 804
108125 268
108126 17
108127 953
108128 956
108129 461
108130 1006
108131 461
108132 408
108133 163
108134 903
108135 552
108136 171
108137 85
108138 431
108139 1077
108140 130
108141 964
108142 754
108143 74
108144 313
108145 1003
108146 74
108147 86
108148 364
108149 758
108150 1057
108151 1016
108152 467
108153 273
108154 481
108155 279
108156 939
108157 233
108158 599
108159 187
108160 1067
108161 271
108162 88
108163 105
108164 19
108165 627
108166 1069
108167 256
108168 1072
108169 448
108170 746
108171 1034
108172 482
108173 882
108174 765
108175 198
108176 1167
108177 470
108178 328
108179 944
108180 760
108181 727
108182 568
108183 1096
108184 939
108185 352
108186 6
108187 657
108188 983
108189 292
108190 496
108191 869
108192 513
108193 14
108194 64
108195 769
108196 718
108197 563
108198 309
108199 551
108200 76
108201 393
108202 399
108203 965
108204 836
108205 342
108206 557
108207 707
108208 513
108209 539
108210 970
108211 778
108212 1144
108213 743
108214 163
108215 478
108216 945
108217 212
108218 1136
108219 1136
108220 316
108221 225
108222 654
108223 452
108224 341
108225 941
108226 796
108227 431
108228 787
108229 146
108230 178
108231 28
108232 557
108233 717
108234 724
108235 584
108236 428
108237 1125
108238 653
108239 56
108240 864
108241 335
108242 1091
108243 513
108244 474
108245 600
108246 206
108247 408
108248 388
108249 884
108250 644
108251 789
108252 928
108253 64
108254 1147
108255 524
108256 1109
108257 159
108258 264
108259 428
108260 233
108261 258
108262 982
108263 623
108264 861
108265 995
108266 229
108267 925
108268 1078
108269 1081
108270 836
108271 1042
108272 621
108273 197
108274 680
108275 190
108276 928
108277 320
108278 181
108279 819
108280 326
108281 653
108282 18
108283 266
108284 766
108285 165
108286 888
108287 178
108288 744
108289 862
108290 617
108291 872
108292 913
108293 32
108294 775
108295 483
108296 789
108297 297
108298 107
108299 36
108300 60
108301 988
108302 943
108303 1078
108304 663
108305 163
108306 632
108307 786
108308 91
108309 760
108310 344
108311 74
108312 555
108313 346
108314 1098
108315 476
108316 149
108317 929
108318 930
108319 398
108320 839
108321 812
108322 797
108323 1049
108324 547
108325 961
108326 506
108327 160
108328 333
108329 607
108330 435
108331 817
108332 113
108333 533
108334 1145
108335 272
108336 522
108337 8
108338 937
108339 652
108340 640
108341 708
108342 733
108343 68
108344 105
108345 470
108346 653
108347 171
108348 965
108349 622
108350 559
108351 795
108352 636
108353 81
108354 955
108355 647
108356 97
108357 217
108358 620
108359 285
108360 346
108361 310
108362 652
108363 964
108364 265
108365 298
108366 905
108367 1069
108368 1139
108369 218
108370 1015
108371 255
108372 297
108373 931
108374 598
108375 447
108376 168
108377 1031
108378 605
108379 898
108380 936
108381 223
108382 645
108383 873
108384 519
108385 694
108386 116
108387 217
108388 270
108389 678
108390 19
108391 500
108392 432
108393 890
108394 69
108395 478
108396 259
108397 814
108398 274
108399 441
108400 1169
108401 1150
108402 669
108403 882
108404 457
108405 927
108406 920
108407 804
108408 781
108409 492
108410 486
108411 942
108412 187
108413 269
108414 160
108415 394
108416 155
108417 1044
108418 742
108419 182
108420 280
108421 534
108422 65
108423 797
108424 47
108425 1142
108426 656
108427 1
108428 1008
108429 525
108430 926
108431 776
108432 200
108433 1139
108434 763
108435 964
108436 691
108437 165
108438 577
108439 179
108440 21
108441 458
108442 207
108443 75
108444 190
108445 500
108446 454
108447 91
108448 1135
108449 416
108450 837
108451 597
108452 352
108453 197
108454 840
108455 554
108456 144
108457 279
108458 258
108459 380
108460 1062
108461 793
108462 517
108463 1124
108464 80
108465 528
108466 301
108467 980
108468 150
108469 2
108470 634
108471 22
108472 66
108473 553
108474 101
108475 631
108476 1032
108477 49
108478 730
108479 211
108480 369
108481 168
108482 656
108483 841
108484 569
108485 1075
108486 270
108487 309
108488 509
108489 646
108490 130
108491 130
108492 940
108493 253
108494 917
108495 536
108496 2
108497 816
108498 1117
108499 580
108500 442
108501 673
108502 777
108503 444
108504 387
108505 1099
108506 865
108507 322
108508 664
108509 944
108510 309
108511 970
108512 249
108513 1014
108514 299
108515 932
108516 200
108517 214
108518 707
108519 3
108520 105
108521 1113
108522 1139
108523 375
108524 1008
108525 956
108526 651
108527 579
108528 317
108529 50
108530 724
108531 594
108532 707
108533 1041
108534 977
108535 1093
108536 359
108537 536
108538 472
108539 740
108540 123
108541 827
108542 581
108543 1107
108544 750
108545 587
108546 117
108547 214
108548 604
108549 1011
108550 191
108551 238
108552 774
108553 769
108554 682
108555 185
108556 254
108557 1016
108558 370
108559 340
108560 976
108561 738
108562 95
108563 441
108564 15
108565 843
108566 402
108567 1080
108568 1042
108569 758
108570 539
108571 445
108572 326
108573 389
108574 572
108575 674
108576 856
108577 108
108578 86
108579 354
108580 0
108581 687
108582 269
108583 605
108584 450
108585 38
108586 424
108587 785
108588 263
108589 56
108590 874
108591 20
108592 502
108593 939
108594 809
108595 653
108596 254
108597 898
108598 497
108599 754
108600 129
108601 775
108602 473
108603 1013
108604 974
108605 764
108606 1004
108607 262
108608 198
108609 648
108610 1109
108611 852
108612 841
108613 421
108614 567
108615 855
108616 680
108617 417
108618 335
108619 371
108620 587
108621 987
108622 738
108623 1076
108624 169
108625 687
108626 792
108627 1111
108628 818
108629 1048
108630 1058
108631 96
108632 583
108633 529
108634 866
108635 1120
108636 440
108637 829
108638 457
108639 166
108640 390
108641 781
108642 161
108643 951
108644 558
108645 582
108646 91
108647 326
108648 409
108649 949
108650 703
108651 1085
108652 218
108653 216
108654 179
108655 227
108656 632
108657 487
108658 614
108659 1084
108660 475
108661 278
108662 229
108663 362
108664 131
108665 935
108666 527
108667 53
108668 553
108669 1153
108670 856
108671 423
108672 673
108673 493
108674 862
108675 757
108676 184
108677 997
108678 143
108679 917
108680 329
108681 738
108682 228
108683 294
108684 969
108685 134
108686 475
108687 210
108688 870
108689 980
108690 227
108691 615
108692 494
108693 835
108694 921
108695 1142
108696 40
108697 951
108698 518
108699 247
108700 807
108701 170
108702 85
108703 1069
108704 616
108705 975
108706 945
108707 426
108708 451
108709 778
108710 827
108711 208
108712 1116
108713 84
108714 244
108715 20
108716 481
108717 689
108718 469
108719 408
108720 134
108721 1029
108722 850
108723 279
108724 403
108725 737
108726 26
108727 660
108728 1070
108729 64
108730 149
108731 255
108732 688
108733 327
108734 1052
108735 325
108736 684
108737 174
108738 512
108739 456
108740 147
108741 654
108742 92
108743 965
108744 396
108745 1084
108746 247
108747 636
108748 612
108749 463
108750 159
108751 591
108752 663
108753 834
108754 827
108755 510
108756 648
108757 363
108758 1103
108759 733
108760 99
108761 156
108762 1059
108763 279
108764 96
108765 230
108766 801
108767 1108
108768 192
108769 743
108770 445
108771 753
108772 614
108773 900
108774 652
108775 982
108776 299
108777 1125
108778 871
108779 1166
108780 259
108781 548
108782 174
108783 372
108784 970
108785 212
108786 199
108787 179
108788 705
108789 229
108790 393
108791 1112
108792 715
108793 1050
108794 48
108795 108
108796 845
108797 945
108798 142
108799 650
108800 641
108801 639
108802 156
108803 912
108804 120
108805 1050
108806 204
108807 597
108808 927
108809 762
108810 942
108811 687
108812 408
108813 168
108814 1049
108815 807
108816 728
108817 979
108818 745
108819 68
108820 329
108821 1074
108822 513
108823 88
108824 10
108825 510
108826 493
108827 775
108828 544
108829 504
108830 929
108831 954
108832 531
108833 714
108834 581
108835 638
108836 1102
108837 100
108838 77
108839 102
108840 328
108841 1139
108842 841
108843 896
108844 932
108845 957
108846 1068
108847 6
108848 583
108849 854
108850 768
108851 254
108852 758
108853 113
108854 627
108855 223
108856 342
108857 560
108858 787
108859 388
108860 993
108861 346
108862 503
108863 865
108864 651
108865 572
108866 708
108867 726
108868 71
108869 95
108870 613
108871 997
108872 111
108873 726
108874 856
108875 128
108876 532
108877 258
108878 327
108879 709
108880 962
108881 1057
108882 340
108883 213
108884 1010
108885 459
108886 545
108887 337
108888 613
108889 578
108890 629
108891 1028
108892 837
108893 16
108894 85
108895 425
108896 1024
108897 571
108898 1041
108899 19
108900 380
108901 180
108902 509
108903 1136
108904 625
108905 181
108906 285
108907 604
108908 768
108909 67
108910 937
108911 213
108912 234
108913 756
108914 860
108915 668
108916 338
108917 885
108918 975
108919 165
108920 322
108921 533
108922 827
108923 1125
108924 51
108925 1085
108926 454
108927 1046
108928 1021
108929 943
108930 743
108931 476
108932 154
108933 578
108934 334
108935 171
108936 2
108937 637
108938 489
108939 1002
108940 1138
108941 397
108942 1152
108943 574
108944 764
108945 899
108946 552
108947 339
108948 55
108949 215
108950 139
108951 990
108952 577
108953 1093
108954 11
108955 143
108956 844
108957 90
108958 190
108959 1034
108960 649
108961 616
108962 150
108963 81
108964 239
108965 643
108966 560
108967 223
108968 774
108969 880
108970 1021
108971 508
108972 36
108973 418
108974 643
108975 222
108976 547
108977 969
108978 877
108979 1087
108980 356
108981 504
108982 1133
108983 1010
108984 699
108985 304
108986 37
108987 471
108988 690
108989 904
108990 897
108991 1070
108992 933
108993 785
108994 51
108995 288
108996 436
108997 537
108998 627
108999 720
109000 1050
109001 612
109002 1042
109003 925
109004 760
109005 373
109006 103
109007 267
109008 497
109009 452
109010 832
109011 129
109012 152
109013 684
109014 38
109015 727
109016 91
109017 152
109018 1040
109019 46
109020 1030
109021 570
109022 1158
109023 746
109024 185
109025 831
109026 27
109027 1096
109028 1133
109029 659
109030 176
109031 1070
109032 1120
109033 952
109034 956
109035 1066
109036 91
109037 312
109038 697
109039 922
109040 377
109041 162
109042 991
109043 853
109044 213
109045 1168
109046 994
109047 203
109048 376
109049 809
109050 237
109051 1006
109052 32
109053 1116
109054 79
109055 698
109056 333
109057 416
109058 643
109059 920
109060 421
109061 1127
109062 450
109063 1011
109064 244
109065 513
109066 685
109067 687
109068 815
109069 1053
109070 29
109071 186
109072 852
109073 903
109074 687
109075 243
109076 713
109077 759
109078 511
109079 311
109080 935
109081 443
109082 1034
109083 963
109084 782
109085 482
109086 321
109087 333
109088 502
109089 300
109090 1132
109091 1105
109092 1081
109093 1020
109094 395
109095 561
109096 1014
109097 477
109098 280
109099 598
109100 762
109101 38
109102 39
109103 549
109104 720
109105 479
109106 1155
109107 545
109108 1094
109109 469
109110 500
109111 448
109112 952
109113 1129
109114 468
109115 1045
109116 0
109117 1102
109118 221
109119 255
109120 989
109121 180
109122 39
109123 31
109124 757
109125 137
109126 72
109127 129
109128 581
109129 212
109130 172
109131 125
109132 1109
109133 981
109134 92
109135 1
109136 139
109137 837
109138 360
109139 705
109140 125
109141 892
109142 436
109143 422
109144 190
109145 122
109146 574
109147 56
109148 688
109149 1056
109150 424
109151 12
109152 802
109153 496
109154 812
109155 226
109156 156
109157 97
109158 1141
109159 679
109160 781
109161 465
109162 52
109163 304
109164 80
109165 800
109166 372
109167 311
109168 674
109169 776
109170 1083
109171 285
109172 589
109173 1161
109174 265
109175 803
109176 31
109177 698
109178 263
109179 1036
109180 1169
109181 21
109182 216
109183 498
109184 705
109185 1036
109186 33
109187 537
109188 38
109189 522
109190 1058
109191 666
109192 417
109193 511
109194 864
109195 411
109196 793
109197 540
109198 1090
109199 482
109200 868
109201 666
109202 196
109203 489
109204 1032
109205 690
109206 708
109207 805
109208 466
109209 620
109210 325
109211 584
109212 527
109213 201
109214 241
109215 769
109216 888
109217 762
109218 553
109219 403
109220 742
109221 573
109222 876
109223 615
109224 829
109225 476
109226 291
109227 288
109228 202
109229 1127
109230 514
109231 100
109232 1012
109233 560
109234 1112
109235 182
109236 1076
109237 464
109238 242
109239 928
109240 202
109241 85
109242 221
109243 420
109244 580
109245 363
109246 244
109247 853
109248 298
109249 400
109250 165
109251 845
109252 69
109253 850
109254 1123
109255 156
109256 581
109257 393
109258 678
109259 801
109260 535
109261 298
109262 851
109263 172
109264 715
109265 143
109266 905
109267 822
109268 755
109269 1012
109270 384
109271 705
109272 906
109273 530
109274 345
109275 368
109276 550
109277 360
109278 501
109279 948
109280 932
109281 784
109282 731
109283 837
109284 527
109285 658
109286 615
109287 133
109288 913
109289 838
109290 72
109291 177
109292 798
109293 1094
109294 306
109295 1050
109296 428
109297 593
109298 776
109299 380
109300 469
109301 124
109302 1094
109303 305
109304 666
109305 35
109306 426
109307 53
109308 765
109309 1167
109310 469
109311 1139
109312 465
109313 516
109314 99
109315 677
109316 1081
109317 392
109318 567
109319 438
109320 904
109321 910
109322 526
109323 140
109324 923
109325 387
109326 1109
109327 208
109328 348
109329 602
109330 107
109331 950
109332 231
109333 662
109334 469
109335 295
109336 595
109337 750
109338 427
109339 700
109340 150
109341 90
109342 22
109343 895
109344 742
109345 140
109346 805
109347 560
109348 772
109349 124
109350 848
109351 1022
109352 258
109353 258
109354 5
109355 502
109356 832
109357 36
109358 628
109359 48
109360 840
109361 681
109362 274
109363 704
109364 1069
109365 831
109366 724
109367 564
109368 1085
109369 444
109370 514
109371 1033
109372 547
109373 569
109374 827
109375 1154
109376 327
109377 796
109378 708
109379 208
109380 982
109381 20
109382 139
109383 380
109384 489
109385 186
109386 272
109387 139
109388 579
109389 1132
109390 913
109391 264
109392 93
109393 233
109394 592
109395 936
109396 696
109397 1145
109398 152
109399 894
109400 743
109401 612
109402 170
109403 476
109404 861
109405 677
109406 186
109407 239
109408 374
109409 251
109410 52
109411 1152
109412 1123
109413 508
109414 343
109415 1132
109416 615
109417 1098
109418 801
109419 346
109420 827
109421 677
109422 568
109423 1070
109424 729
109425 142
109426 446
109427 855
109428 824
109429 917
109430 663
109431 1035
109432 241
109433 29
109434 393
109435 790
109436 73
109437 422
109438 213
109439 780
109440 723
109441 972
109442 550
109443 576
109444 788
109445 1069
109446 982
109447 335
109448 701
109449 640
109450 626
109451 900
109452 875
109453 1026
109454 88
109455 845
109456 505
109457 479
109458 169
109459 416
109460 158
109461 631
109462 942
109463 1011
109464 1039
109465 896
109466 724
109467 643
109468 356
109469 991
109470 468
109471 669
109472 822
109473 49
109474 1041
109475 939
109476 638
109477 337
109478 872
109479 884
109480 629
109481 622
109482 874
109483 568
109484 957
109485 263
109486 393
109487 756
109488 74
109489 1052
109490 668
109491 127
109492 788
109493 945
109494 361
109495 327
109496 604
109497 695
109498 45
109499 849
109500 503
109501 595
109502 191
109503 478
109504 1151
109505 20
109506 444
109507 666
109508 508
109509 957
109510 536
109511 166
109512 994
109513 650
109514 987
109515 626
109516 449
109517 41
109518 983
109519 462
109520 274
109521 402
109522 110
109523 853
109524 738
109525 535
109526 1048
109527 522
109528 1015
109529 925
109530 1045
109531 1163
109532 889
109533 314
109534 65
109535 436
109536 908
109537 457
109538 754
109539 93
109540 1106
109541 844
109542 1073
109543 954
109544 520
109545 732
109546 721
109547 739
109548 362
109549 18
109550 38
109551 143
109552 639
109553 734
109554 18
109555 739
109556 878
109557 176
109558 96
109559 775
109560 295
109561 1094
109562 525
109563 135
109564 137
109565 1002
109566 450
109567 1140
109568 837
109569 362
109570 673
109571 96
109572 948
109573 675
109574 1132
109575 931
109576 1104
109577 156
109578 585
109579 188
109580 593
109581 814
109582 428
109583 633
109584 971
109585 731
109586 326
109587 752
109588 704
109589 42
109590 905
109591 481
109592 436
109593 796
109594 751
109595 1063
109596 136
109597 846
109598 807
109599 1012
109600 1050
109601 977
109602 963
109603 786
109604 913
109605 439
109606 4
109607 14
109608 667
109609 567
109610 1082
109611 167
109612 8
109613 742
109614 457
109615 306
109616 773
109617 617
109618 375
109619 179
109620 685
109621 1152
109622 44
109623 106
109624 1119
109625 736
109626 211
109627 1075
109628 750
109629 1066
109630 847
109631 420
109632 699
109633 337
109634 473
109635 417
109636 21
109637 58
109638 1096
109639 256
109640 934
109641 418
109642 565
109643 472
109644 389
109645 284
109646 964
109647 582
109648 867
109649 39
109650 423
109651 258
109652 846
109653 557
109654 388
109655 140
109656 314
109657 750
109658 670
109659 1039
109660 541
109661 759
109662 887
109663 1106
109664 432
109665 413
109666 762
109667 649
109668 506
109669 115
109670 251
109671 1152
109672 53
109673 364
109674 829
109675 954
109676 722
109677 1106
109678 359
109679 632
109680 943
109681 289
109682 581
109683 972
109684 729
109685 264
109686 111
109687 214
109688 1040
109689 443
109690 895
109691 445
109692 716
109693 90
109694 203
109695 1049
109696 1091
109697 1144
109698 683
109699 1052
109700 270
109701 1033
109702 437
109703 1109
109704 411
109705 420
109706 233
109707 787
109708 149
109709 994
109710 328
109711 860
109712 488
109713 149
109714 412
109715 921
109716 353
109717 562
109718 958
109719 684
109720 42
109721 869
109722 509
109723 1057
109724 295
109725 875
109726 1051
109727 369
109728 423
109729 765
109730 964
109731 899
109732 805
109733 294
109734 804
109735 855
109736 169
109737 346
109738 547
109739 747
109740 222
109741 25
109742 999
109743 494
109744 616
109745 1154
109746 934
109747 277
109748 1102
109749 300
109750 245
109751 324
109752 118
109753 838
109754 908
109755 184
109756 1014
109757 645
109758 930
109759 783
109760 313
109761 240
109762 1142
109763 825
109764 597
109765 239
109766 1159
109767 454
109768 857
109769 766
109770 951
109771 469
109772 528
109773 629
109774 935
109775 984
109776 506
109777 379
109778 428
109779 547
109780 293
109781 859
109782 1060
109783 370
109784 225
109785 599
109786 797
109787 896
109788 899
109789 435
109790 993
109791 481
109792 657
109793 999
109794 922
109795 964
109796 112
109797 736
109798 840
109799 789
109800 550
109801 78
109802 978
109803 1055
109804 684
109805 765
109806 422
109807 605
109808 985
109809 580
109810 191
109811 435
109812 106
109813 281
109814 345
109815 1111
109816 91
109817 640
109818 1044
109819 295
109820 652
109821 811
109822 62
109823 1073
109824 670
109825 166
109826 54
109827 282
109828 677
109829 378
109830 211
109831 464
109832 103
109833 495
109834 207
109835 307
109836 433
109837 616
109838 433
109839 687
109840 430
109841 704
109842 341
109843 130
109844 1102
109845 226
109846 451
109847 793
109848 211
109849 628
109850 1145
109851 668
109852 396
109853 635
109854 905
109855 705
109856 738
109857 1144
109858 596
109859 580
109860 580
109861 430
109862 88
109863 997
109864 1058
109865 1124
109866 555
109867 481
109868 256
109869 538
109870 276
109871 857
109872 540
109873 1030
109874 231
109875 151
109876 105
109877 1093
109878 740
109879 927
109880 850
109881 673
109882 916
109883 194
109884 759
109885 316
109886 798
109887 97
109888 385
109889 896
109890 756
109891 891
109892 10
109893 538
109894 569
109895 149
109896 24
109897 305
109898 962
109899 571
109900 894
109901 182
109902 777
109903 1071
109904 488
109905 648
109906 412
109907 591
109908 393
109909 147
109910 5
109911 382
109912 199
109913 799
109914 141
109915 798
109916 873
109917 1042
109918 974
109919 460
109920 617
109921 431
109922 705
109923 712
109924 63
109925 812
109926 78
109927 968
109928 826
109929 359
109930 417
109931 719
109932 635
109933 1091
109934 783
109935 348
109936 232
109937 273
109938 1046
109939 997
109940 136
109941 702
109942 1092
109943 678
109944 1081
109945 823
109946 318
109947 410
109948 926
109949 653
109950 1029
109951 781
109952 1149
109953 799
109954 192
109955 593
109956 262
109957 1110
109958 280
109959 341
109960 817
109961 845
109962 726
109963 585
109964 626
109965 268
109966 916
109967 20
109968 588
109969 266
109970 290
109971 760
109972 28
109973 1018
109974 146
109975 356
109976 274
109977 952
109978 704
109979 1072
109980 15
109981 883
109982 299
109983 457
109984 561
109985 700
109986 724
109987 781
109988 360
109989 144
109990 428
109991 351
109992 1075
109993 926
109994 6
109995 51
109996 12
109997 660
109998 876
109999 343
110000 1131
110001 1107
110002 397
110003 706
110004 43
110005 57
110006 586
110007 242
110008 952
110009 702
110010 290
110011 1009
110012 807
110013 915
110014 479
110015 1111
110016 809
110017 759
110018 241
110019 227
110020 674
110021 816
110022 764
110023 106
110024 869
110025 1148
110026 510
110027 9
110028 734
110029 1042
110030 925
110031 335
110032 772
110033 513
110034 892
110035 334
110036 976
110037 671
110038 18
110039 783
110040 609
110041 204
110042 449
110043 779
110044 1133
110045 774
110046 299
110047 614
110048 247
110049 547
110050 780
110051 194
110052 1007
110053 670
110054 615
110055 1045
110056 27
110057 225
110058 859
110059 151
110060 827
110061 534
110062 183
110063 713
110064 165
110065 306
110066 1028
110067 88
110068 1058
110069 419
110070 603
110071 1092
110072 165
110073 102
110074 853
110075 285
110076 563
110077 541
110078 798
110079 540
110080 654
110081 285
110082 32
110083 239
110084 1011
110085 311
110086 650
110087 431
110088 441
110089 50
110090 811
110091 466
110092 830
110093 214
110094 1001
110095 924
110096 929
110097 96
110098 695
110099 190
110100 386
110101 537
110102 565
110103 570
110104 962
110105 1075
110106 704
110107 809
110108 38
110109 80
110110 688
110111 1030
110112 496
110113 276
110114 187
110115 134
110116 81
110117 777
110118 711
110119 984
110120 1172
110121 710
110122 121
110123 1019
110124 1024
110125 944
110126 1031
110127 213
110128 1088
110129 838
110130 305
110131 296
110132 64
110133 77
110134 235
110135 995
110136 1023
110137 345
110138 1104
110139 846
110140 260
110141 169
110142 1089
110143 278
110144 1149
110145 332
110146 202
110147 82
110148 820
110149 588
110150 79
110151 59
110152 1019
110153 427
110154 731
110155 122
110156 292
110157 660
110158 953
110159 792
110160 63
110161 893
110162 28
110163 594
110164 86
110165 1040
110166 610
110167 19
110168 1162
110169 58
110170 495
110171 1141
110172 101
110173 22
110174 595
110175 240
110176 519
110177 1130
110178 809
110179 1091
110180 158
110181 1080
110182 551
110183 209
110184 1146
110185 308
110186 169
110187 1116
110188 1099
110189 1083
110190 224
110191 791
110192 230
110193 537
110194 325
110195 941
110196 76
110197 360
110198 217
110199 246
110200 259
110201 660
110202 288
110203 873
110204 401
110205 328
110206 889
110207 756
110208 281
110209 1111
110210 98
110211 50
110212 234
110213 298
110214 1073
110215 833
110216 562
110217 449
110218 238
110219 757
110220 984
110221 489
110222 1005
110223 383
110224 43
110225 636
110226 830
110227 728
110228 1153
110229 1007
110230 908
110231 819
110232 424
110233 1095
110234 544
110235 1000
110236 629
110237 886
110238 505
110239 726
110240 714
110241 598
110242 757
110243 920
110244 357
110245 977
110246 952
110247 893
110248 1134
110249 322
110250 250
110251 985
110252 823
110253 982
110254 651
110255 543
110256 1071
110257 662
110258 847
110259 394
110260 861
110261 1034
110262 1001
110263 664
110264 617
110265 670
110266 1114
110267 655
110268 430
110269 313
110270 969
110271 689
110272 97
110273 1016
110274 1158
110275 237
110276 618
110277 958
110278 54
110279 311
110280 882
110281 408
110282 69
110283 909
110284 356
110285 920
110286 675
110287 306
110288 449
110289 593
110290 190
110291 355
110292 929
110293 551
110294 373
110295 524
110296 63
110297 384
110298 856
110299 155
110300 71
110301 36
110302 724
110303 234
110304 1111
110305 1074
110306 275
110307 272
110308 1124
110309 619
110310 731
110311 311
110312 640
110313 1127
110314 234
110315 614
110316 809
110317 244
110318 977
110319 518
110320 594
110321 139
110322 481
110323 80
110324 884
110325 545
110326 1113
110327 484
110328 673
110329 771
110330 1131
110331 919
110332 233
110333 1032
110334 65
110335 521
110336 957
110337 950
110338 178
110339 889
110340 1143
110341 652
110342 887
110343 17
110344 1093
110345 473
110346 883
110347 706
110348 17
110349 1104
110350 227
110351 58
110352 665
110353 1053
110354 237
110355 353
110356 329
110357 850
110358 714
110359 1038
110360 426
110361 779
110362 8
110363 341
110364 612
110365 360
110366 195
110367 426
110368 1167
110369 517
110370 331
110371 377
110372 380
110373 953
110374 102
110375 326
110376 1147
110377 199
110378 1007
110379 790
110380 813
110381 1108
110382 905
110383 1152
110384 604
110385 906
110386 635
110387 473
110388 986
110389 722
110390 897
110391 806
110392 372
110393 284
110394 314
110395 1114
110396 538
110397 1105
110398 636
110399 909
110400 350
110401 877
110402 222
110403 490
110404 935
110405 845
110406 457
110407 155
110408 113
110409 382
110410 544
110411 1066
110412 180
110413 753
110414 1018
110415 715
110416 856
110417 245
110418 675
110419 1113
110420 690
110421 1058
110422 82
110423 703
110424 292
110425 968
110426 312
110427 1125
110428 1015
110429 942
110430 1110
110431 406
110432 123
110433 655
110434 994
110435 1118
110436 1083
110437 962
110438 773
110439 903
110440 827
110441 901
110442 179
110443 227
110444 243
110445 693
110446 396
110447 975
110448 313
110449 22
110450 823
110451 1015
110452 761
110453 973
110454 342
110455 1166
110456 66
110457 578
110458 748
110459 781
110460 30
110461 216
110462 89
110463 416
110464 545
110465 299
110466 168
110467 444
110468 709
110469 58
110470 1092
110471 498
110472 678
110473 235
110474 548
110475 374
110476 13
110477 598
110478 1157
110479 953
110480 71
110481 340
110482 306
110483 1062
110484 932
110485 816
110486 417
110487 257
110488 1000
110489 516
110490 110
110491 222
110492 86
110493 1153
110494 846
110495 649
110496 88
110497 514
110498 1121
110499 215
110500 1149
110501 1000
110502 536
110503 683
110504 583
110505 253
110506 328
110507 628
110508 312
110509 94
110510 168
110511 704
110512 428
110513 103
110514 175
110515 513
110516 741
110517 1161
110518 167
110519 422
110520 394
110521 260
110522 1086
110523 224
110524 256
110525 994
110526 1169
110527 610
110528 865
110529 520
110530 154
110531 933
110532 637
110533 830
110534 551
110535 515
110536 178
110537 1095
110538 841
110539 491
110540 49
110541 1103
110542 893
110543 774
110544 52
110545 1029
110546 756
110547 940
110548 789
110549 740
110550 419
110551 279
110552 810
110553 967
110554 532
110555 1148
110556 210
110557 138
110558 399
110559 218
110560 860
110561 356
110562 766
110563 982
110564 763
110565 989
110566 140
110567 571
110568 767
110569 682
110570 515
110571 53
110572 756
110573 72
110574 812
110575 98
110576 446
110577 796
110578 1118
110579 41
110580 1132
110581 1018
110582 914
110583 531
110584 1132
110585 210
110586 379
110587 488
110588 995
110589 308
110590 114
110591 161
110592 407
110593 718
110594 471
110595 1039
110596 19
110597 895
110598 1141
110599 1124
110600 208
110601 334
110602 74
110603 472
110604 872
110605 457
110606 836
110607 922
110608 78
110609 533
110610 551
110611 1119
110612 601
110613 904
110614 811
110615 486
110616 403
110617 962
110618 155
110619 245
110620 616
110621 857
110622 74
110623 640
110624 858
110625 201
110626 858
110627 95
110628 839
110629 392
110630 455
110631 3
110632 793
110633 1025
110634 501
110635 446
110636 487
110637 467
110638 578
110639 341
110640 52
110641 654
110642 919
110643 858
110644 741
110645 84
110646 651
110647 727
110648 661
110649 794
110650 558
110651 835
110652 804
110653 507
110654 55
110655 985
110656 683
110657 294
110658 261
110659 708
110660 765
110661 251
110662 396
110663 1132
110664 918
110665 169
110666 434
110667 221
110668 575
110669 544
110670 415
110671 230
110672 203
110673 241
110674 980
110675 710
110676 764
110677 80
110678 1102
110679 332
110680 610
110681 243
110682 676
110683 1135
110684 359
110685 734
110686 905
110687 571
110688 379
110689 294
110690 431
110691 174
110692 781
110693 1150
110694 53
110695 999
110696 33
110697 989
110698 742
110699 681
110700 263
110701 1122
110702 608
110703 778
110704 623
110705 733
110706 133
110707 170
110708 1027
110709 173
110710 338
110711 618
110712 122
110713 807
110714 763
110715 443
110716 542
110717 32
110718 521
110719 611
110720 635
110721 207
110722 163
110723 295
110724 297
110725 588
110726 302
110727 309
110728 699
110729 1103
110730 873
110731 312
110732 57
110733 376
110734 571
110735 187
110736 352
110737 433
110738 730
110739 744
110740 408
110741 260
110742 655
110743 771
110744 773
110745 984
110746 941
110747 817
110748 227
110749 6
110750 1007
110751 372
110752 200
110753 919
110754 465
110755 185
110756 487
110757 239
110758 159
110759 1048
110760 620
110761 761
110762 111
110763 216
110764 936
110765 907
110766 411
110767 773
110768 458
110769 611
110770 56
110771 452
110772 700
110773 744
110774 270
110775 590
110776 612
110777 191
110778 109
110779 672
110780 77
110781 1039
110782 770
110783 170
110784 237
110785 441
110786 58
110787 248
110788 980
110789 75
110790 922
110791 1006
110792 468
110793 594
110794 1052
110795 217
110796 754
110797 502
110798 392
110799 94
110800 331
110801 258
110802 1138
110803 848
110804 575
110805 1147
110806 534
110807 820
110808 594
110809 532
110810 155
110811 1080
110812 633
110813 557
110814 318
110815 161
110816 855
110817 792
110818 609
110819 119
110820 868
110821 434
110822 658
110823 514
110824 1008
110825 683
110826 32
110827 279
110828 214
110829 599
110830 796
110831 584
110832 680
110833 102
110834 658
110835 970
110836 828
110837 750
110838 418
110839 423
110840 71
110841 384
110842 934
110843 383
110844 31
110845 732
110846 951
110847 473
110848 585
110849 481
110850 919
110851 11
110852 312
110853 400
110854 30
110855 313
110856 303
110857 128
110858 846
110859 1117
110860 571
110861 384
110862 2
110863 113
110864 137
110865 68
110866 1
110867 205
110868 91
110869 130
110870 753
110871 449
110872 392
110873 671
110874 839
110875 101
110876 472
110877 204
110878 240
110879 352
110880 491
110881 905
110882 254
110883 301
110884 22
110885 108
110886 732
110887 787
110888 231
110889 1133
110890 816
110891 27
110892 953
110893 679
110894 860
110895 296
110896 489
110897 342
110898 514
110899 347
110900 316
110901 313
110902 67
110903 896
110904 658
110905 197
110906 338
110907 439
110908 884
110909 306
110910 510
110911 479
110912 535
110913 221
110914 1095
110915 414
110916 442
110917 428
110918 1044
110919 1055
110920 854
110921 1151
110922 512
110923 161
110924 1050
110925 812
110926 563
110927 828
110928 502
110929 975
110930 297
110931 243
110932 181
110933 937
110934 495
110935 482
110936 661
110937 723
110938 811
110939 54
110940 133
110941 81
110942 627
110943 131
110944 538
110945 610
110946 1145
110947 236
110948 963
110949 109
110950 961
110951 1103
110952 136
110953 106
110954 362
110955 1089
110956 775
110957 66
110958 0
110959 236
110960 45
110961 611
110962 1153
110963 156
110964 803
110965 1016
110966 317
110967 474
110968 588
110969 1066
110970 313
110971 863
110972 199
110973 887
110974 378
110975 158
110976 1094
110977 884
110978 442
110979 335
110980 23
110981 523
110982 1067
110983 229
110984 656
110985 816
110986 711
110987 496
110988 285
110989 373
110990 558
110991 1019
110992 142
110993 1127
110994 478
110995 347
110996 413
110997 977
110998 11
110999 824
111000 150
111001 383
111002 873
111003 745
111004 1023
111005 998
111006 269
111007 1047
111008 186
111009 684
111010 717
111011 8
111012 246
111013 964
111014 324
111015 916
111016 263
111017 932
111018 861
111019 615
111020 211
111021 680
111022 851
111023 160
111024 549
111025 938
111026 910
111027 160
111028 609
111029 618
111030 111
111031 529
111032 753
111033 880
111034 464
111035 403
111036 281
111037 987
111038 106
111039 64
111040 84
111041 1097
111042 556
111043 181
111044 48
111045 969
111046 1101
111047 282
111048 966
111049 571
111050 908
111051 596
111052 30
111053 959
111054 508
111055 62
111056 830
111057 114
111058 323
111059 548
111060 603
111061 156
111062 573
111063 911
111064 882
111065 647
111066 662
111067 322
111068 1133
111069 539
111070 43
111071 93
111072 452
111073 887
111074 433
111075 442
111076 435
111077 496
111078 310
111079 1004
111080 954
111081 431
111082 276
111083 1061
111084 87
111085 701
111086 515
111087 569
111088 682
111089 981
111090 828
111091 802
111092 363
111093 570
111094 699
111095 1057
111096 1028
111097 549
111098 869
111099 921
111100 145
111101 794
111102 934
111103 266
111104 731
111105 435
111106 173
111107 425
111108 244
111109 643
111110 397
111111 309
111112 448
111113 591
111114 357
111115 617
111116 1057
111117 391
111118 312
111119 500
111120 945
111121 176
111122 185
111123 674
111124 98
111125 556
111126 334
111127 994
111128 977
111129 629
111130 242
111131 51
111132 1096
111133 207
111134 421
111135 865
111136 398
111137 541
111138 432
111139 339
111140 553
111141 69
111142 1054
111143 986
111144 694
111145 335
111146 922
111147 497
111148 149
111149 326
111150 388
111151 911
111152 1115
111153 687
111154 1088
111155 467
111156 594
111157 217
111158 1017
111159 403
111160 688
111161 940
111162 837
111163 515
111164 120
111165 419
111166 971
111167 348
111168 737
111169 547
111170 1058
111171 970
111172 821
111173 1029
111174 432
111175 18
111176 299
111177 700
111178 362
111179 714
111180 32
111181 854
111182 615
111183 711
111184 949
111185 286
111186 84
111187 1049
111188 45
111189 132
111190 744
111191 992
111192 845
111193 961
111194 332
111195 817
111196 418
111197 877
111198 1063
111199 1095
111200 166
111201 152
111202 627
111203 937
111204 561
111205 275
111206 313
111207 799
111208 191
111209 407
111210 961
111211 843
111212 251
111213 194
111214 838
111215 459
111216 530
111217 34
111218 884
111219 613
111220 398
111221 720
111222 45
111223 932
111224 399
111225 976
111226 456
111227 585
111228 742
111229 65
111230 1038
111231 83
111232 720
111233 757
111234 173
111235 296
111236 903
111237 851
111238 273
111239 166
111240 38
111241 955
111242 637
111243 872
111244 133
111245 540
111246 907
111247 79
111248 627
111249 265
111250 194
111251 451
111252 553
111253 295
111254 923
111255 498
111256 126
111257 381
111258 497
111259 599
111260 201
111261 891
111262 525
111263 644
111264 473
111265 641
111266 328
111267 476
111268 718
111269 1070
111270 876
111271 620
111272 190
111273 724
111274 211
111275 116
111276 492
111277 871
111278 1003
111279 756
111280 103
111281 707
111282 303
111283 34
111284 1104
111285 627
111286 7
111287 202
111288 770
111289 100
111290 851
111291 1022
111292 932
111293 652
111294 115
111295 1087
111296 172
111297 428
111298 621
111299 583
111300 267
111301 181
111302 364
111303 849
111304 263
111305 807
111306 697
111307 768
111308 587
111309 382
111310 1017
111311 329
111312 501
111313 1068
111314 979
111315 1152
111316 1061
111317 983
111318 1141
111319 613
111320 408
111321 306
111322 488
111323 652
111324 502
111325 741
111326 224
111327 191
111328 1103
111329 1109
111330 957
111331 63
111332 885
111333 193
111334 657
111335 478
111336 181
111337 290
111338 59
111339 425
111340 725
111341 557
111342 692
111343 822
111344 620
111345 655
111346 76
111347 138
111348 740
111349 52
111350 217
111351 357
111352 251
111353 1032
111354 293
111355 784
111356 199
111357 461
111358 434
111359 611
111360 282
111361 678
111362 459
111363 1077
111364 395
111365 286
111366 974
111367 556
111368 580
111369 1113
111370 444
111371 1061
111372 517
111373 773
111374 505
111375 67
111376 369
111377 624
111378 293
111379 262
111380 391
111381 109
111382 171
111383 731
111384 696
111385 249
111386 544
111387 584
111388 103
111389 383
111390 379
111391 257
111392 242
111393 928
111394 943
111395 867
111396 1109
111397 833
111398 443
111399 1072
111400 497
111401 327
111402 79
111403 1125
111404 1154
111405 624
111406 97
111407 458
111408 450
111409 555
111410 831
111411 470
111412 415
111413 1013
111414 1083
111415 1114
111416 568
111417 280
111418 670
111419 816
111420 453
111421 588
111422 250
111423 894
111424 331
111425 1143
111426 436
111427 352
111428 287
111429 136
111430 1075
111431 406
111432 901
111433 248
111434 246
111435 53
111436 663
111437 369
111438 23
111439 458
111440 115
111441 471
111442 342
111443 263
111444 444
111445 947
111446 391
111447 516
111448 50
111449 417
111450 29
111451 969
111452 1086
111453 377
111454 551
111455 815
111456 700
111457 482
111458 259
111459 154
111460 225
111461 888
111462 464
111463 957
111464 634
111465 610
111466 956
111467 48
111468 209
111469 226
111470 602
111471 594
111472 930
111473 653
111474 285
111475 931
111476 284
111477 117
111478 417
111479 515
111480 1118
111481 562
111482 143
111483 255
111484 83
111485 1092
111486 88
111487 703
111488 124
111489 975
111490 1151
111491 465
111492 46
111493 73
111494 784
111495 251
111496 1167
111497 660
111498 285
111499 321
111500 543
111501 988
111502 736
111503 412
111504 2
111505 879
111506 582
111507 679
111508 143
111509 1008
111510 870
111511 922
111512 690
111513 295
111514 319
111515 547
111516 711
111517 112
111518 208
111519 969
111520 448
111521 629
111522 1048
111523 935
111524 1094
111525 1050
111526 880
111527 588
111528 77
111529 295
111530 810
111531 42
111532 370
111533 583
111534 484
111535 832
111536 85
111537 425
111538 299
111539 946
111540 192
111541 1086
111542 229
111543 884
111544 878
111545 135
111546 190
111547 639
111548 150
111549 1085
111550 1109
111551 807
111552 1051
111553 9
111554 229
111555 158
111556 662
111557 46
111558 1099
111559 99
111560 0
111561 1089
111562 1145
111563 26
111564 307
111565 875
111566 1075
111567 413
111568 250
111569 601
111570 409
111571 566
111572 370
111573 741
111574 1144
111575 28
111576 784
111577 579
111578 304
111579 1089
111580 283
111581 926
111582 162
111583 143
111584 98
111585 672
111586 729
111587 985
111588 1110
111589 778
111590 777
111591 417
111592 423
111593 668
111594 586
111595 839
111596 33
111597 450
111598 393
111599 109
111600 1125
111601 498
111602 911
111603 300
111604 550
111605 237
111606 118
111607 343
111608 144
111609 411
111610 558
111611 305
111612 35
111613 381
111614 1155
111615 354
111616 351
111617 655
111618 800
111619 614
111620 141
111621 738
111622 990
111623 669
111624 1154
111625 236
111626 916
111627 1053
111628 195
111629 556
111630 1008
111631 1142
111632 676
111633 697
111634 713
111635 1093
111636 756
111637 539
111638 724
111639 778
111640 71
111641 753
111642 947
111643 796
111644 357
111645 875
111646 83
111647 732
111648 994
111649 1112
111650 1082
111651 876
111652 1101
111653 1085
111654 967
111655 697
111656 1012
111657 197
111658 807
111659 620
111660 1013
111661 834
111662 183
111663 1112
111664 1005
111665 277
111666 47
111667 467
111668 558
111669 339
111670 42
111671 483
111672 304
111673 1104
111674 842
111675 456
111676 491
111677 1157
111678 310
111679 877
111680 124
111681 8
111682 1073
111683 543
111684 324
111685 126
111686 473
111687 117
111688 66
111689 147
111690 389
111691 941
111692 45
111693 14
111694 1052
111695 820
111696 675
111697 627
111698 421
111699 755
111700 94
111701 473
111702 526
111703 741
111704 953
111705 304
111706 212
111707 575
111708 66
111709 229
111710 696
111711 958
111712 956
111713 414
111714 714
111715 1018
111716 994
111717 472
111718 667
111719 744
111720 78
111721 836
111722 884
111723 63
111724 1101
111725 152
111726 318
111727 805
111728 697
111729 228
111730 79
111731 1045
111732 66
111733 396
111734 63
111735 950
111736 1089
111737 814
111738 968
111739 675
111740 299
111741 638
111742 737
111743 23
111744 413
111745 1136
111746 82
111747 920
111748 506
111749 866
111750 416
111751 945
111752 432
111753 839
111754 249
111755 926
111756 748
111757 777
111758 123
111759 1115
111760 1111
111761 329
111762 745
111763 28
111764 56
111765 1096
111766 313
111767 1139
111768 3
111769 296
111770 565
111771 842
111772 154
111773 666
111774 1021
111775 340
111776 486
111777 408
111778 396
111779 785
111780 147
111781 826
111782 945
111783 486
111784 772
111785 611
111786 116
111787 272
111788 787
111789 1015
111790 595
111791 337
111792 250
111793 1075
111794 505
111795 462
111796 649
111797 292
111798 219
111799 972
111800 265
111801 1000
111802 378
111803 922
111804 448
111805 325
111806 875
111807 997
111808 174
111809 770
111810 1129
111811 889
111812 693
111813 619
111814 504
111815 297
111816 239
111817 10
111818 130
111819 548
111820 91
111821 480
111822 302
111823 984
111824 1087
111825 458
111826 1029
111827 1135
111828 515
111829 1015
111830 975
111831 617
111832 935
111833 1156
111834 1121
111835 298
111836 1003
111837 917
111838 530
111839 434
111840 999
111841 1048
111842 918
111843 790
111844 700
111845 965
111846 143
111847 991
111848 563
111849 258
111850 281
111851 275
111852 250
111853 1071
111854 283
111855 13
111856 867
111857 903
111858 211
111859 148
111860 802
111861 375
111862 1009
111863 616
111864 221
111865 310
111866 956
111867 61
111868 127
111869 659
111870 66
111871 608
111872 503
111873 751
111874 415
111875 455
111876 274
111877 915
111878 43
111879 819
111880 81
111881 117
111882 1095
111883 429
111884 488
111885 719
111886 140
111887 659
111888 575
111889 1009
111890 152
111891 988
111892 137
111893 337
111894 457
111895 208
111896 949
111897 406
111898 832
111899 1055
111900 316
111901 803
111902 103
111903 363
111904 245
111905 459
111906 459
111907 351
111908 697
111909 1111
111910 156
111911 909
111912 601
111913 226
111914 981
111915 1110
111916 641
111917 948
111918 348
111919 1060
111920 120
111921 515
111922 1021
111923 1002
111924 489
111925 485
111926 729
111927 706
111928 595
111929 1159
111930 1016
111931 647
111932 932
111933 1041
111934 945
111935 4
111936 753
111937 996
111938 939
111939 587
111940 1006
111941 470
111942 614
111943 958
111944 834
111945 458
111946 175
111947 312
111948 1074
111949 631
111950 169
111951 971
111952 776
111953 646
111954 600
111955 276
111956 118
111957 70
111958 1097
111959 970
111960 247
111961 744
111962 923
111963 1157
111964 613
111965 50
111966 0
111967 1062
111968 566
111969 1014
111970 777
111971 390
111972 371
111973 302
111974 800
111975 499
111976 206
111977 284
111978 622
111979 256
111980 830
111981 713
111982 667
111983 1124
111984 423
111985 815
111986 897
111987 748
111988 176
111989 519
111990 9
111991 170
111992 237
111993 812
111994 513
111995 954
111996 990
111997 869
111998 807
111999 403
112000 677
112001 1110
112002 149
112003 1132
112004 652
112005 1163
112006 547
112007 659
112008 516
112009 793
112010 1143
112011 15
112012 628
112013 154
112014 1079
112015 846
112016 745
112017 484
112018 628
112019 910
112020 533
112021 1003
112022 315
112023 783
112024 341
112025 816
112026 441
112027 698
112028 1054
112029 847
112030 645
112031 252
112032 179
112033 480
112034 924
112035 1
112036 693
112037 1001
112038 748
112039 994
112040 502
112041 858
112042 361
112043 446
112044 779
112045 280
112046 147
112047 986
112048 966
112049 309
112050 203
112051 200
112052 347
112053 450
112054 887
112055 474
112056 824
112057 584
112058 900
112059 709
112060 749
112061 1092
112062 775
112063 461
112064 1088
112065 771
112066 1071
112067 279
112068 959
112069 556
112070 849
112071 537
112072 410
112073 1146
112074 638
112075 754
112076 596
112077 1098
112078 398
112079 780
112080 1116
112081 1137
112082 1010
112083 15
112084 595
112085 33
112086 102
112087 479
112088 379
112089 465
112090 44
112091 946
112092 352
112093 484
112094 258
112095 829
112096 996
112097 678
112098 133
112099 1090
112100 233
112101 885
112102 84
112103 770
112104 548
112105 637
112106 116
112107 19
112108 256
112109 1108
112110 374
112111 526
112112 434
112113 1116
112114 487
112115 428
112116 324
112117 635
112118 829
112119 471
112120 602
112121 43
112122 932
112123 350
112124 1062
112125 540
112126 528
112127 1003
112128 725
112129 729
112130 985
112131 592
112132 604
112133 646
112134 836
112135 259
112136 885
112137 1142
112138 775
112139 963
112140 491
112141 546
112142 309
112143 785
112144 105
112145 491
112146 346
112147 925
112148 806
112149 602
112150 911
112151 871
112152 809
112153 86
112154 38
112155 787
112156 569
112157 695
112158 470
112159 710
112160 826
112161 823
112162 618
112163 881
112164 133
112165 171
112166 522
112167 820
112168 117
112169 393
112170 739
112171 556
112172 248
112173 238
112174 169
112175 448
112176 342
112177 599
112178 368
112179 695
112180 68
112181 562
112182 972
112183 53
112184 1028
112185 93
112186 20
112187 461
112188 1018
112189 1020
112190 874
112191 340
112192 388
112193 389
112194 754
112195 530
112196 181
112197 954
112198 1146
112199 451
112200 684
112201 722
112202 287
112203 600
112204 279
112205 802
112206 183
112207 224
112208 293
112209 506
112210 504
112211 1154
112212 403
112213 322
112214 2
112215 282
112216 378
112217 249
112218 266
112219 584
112220 105
112221 2
112222 658
112223 938
112224 203
112225 728
112226 446
112227 1040
112228 491
112229 784
112230 613
112231 831
112232 1094
112233 853
112234 536
112235 1042
112236 1124
112237 127
112238 437
112239 518
112240 252
112241 172
112242 371
112243 828
112244 779
112245 735
112246 1009
112247 825
112248 613
112249 850
112250 269
112251 508
112252 902
112253 13
112254 1088
112255 635
112256 1061
112257 445
112258 154
112259 424
112260 826
112261 754
112262 1051
112263 15
112264 283
112265 1147
112266 230
112267 949
112268 1011
112269 62
112270 535
112271 1000
112272 158
112273 636
112274 1138
112275 360
112276 729
112277 206
112278 719
112279 570
112280 52
112281 731
112282 1114
112283 702
112284 485
112285 568
112286 572
112287 576
112288 1040
112289 1076
112290 1063
112291 723
112292 132
112293 312
112294 1090
112295 403
112296 477
112297 93
112298 113
112299 1027
112300 991
112301 715
112302 160
112303 927
112304 56
112305 472
112306 53
112307 986
112308 18
112309 312
112310 804
112311 1117
112312 1125
112313 45
112314 1022
112315 661
112316 399
112317 754
112318 815
112319 769
112320 649
112321 554
112322 671
112323 227
112324 207
112325 320
112326 637
112327 537
112328 631
112329 771
112330 307
112331 591
112332 161
112333 1095
112334 146
112335 842
112336 17
112337 5
112338 1111
112339 417
112340 863
112341 506
112342 1009
112343 137
112344 568
112345 487
112346 949
112347 998
112348 772
112349 2
112350 1128
112351 162
112352 54
112353 992
112354 653
112355 894
112356 265
112357 17
112358 747
112359 258
112360 984
112361 732
112362 690
112363 344
112364 196
112365 415
112366 1085
112367 1094
112368 327
112369 458
112370 499
112371 113
112372 551
112373 1157
112374 393
112375 611
112376 363
112377 1129
112378 569
112379 874
112380 1123
112381 434
112382 51
112383 58
112384 1139
112385 1053
112386 363
112387 948
112388 193
112389 128
112390 660
112391 610
112392 334
112393 315
112394 1034
112395 1114
112396 459
112397 759
112398 940
112399 589
112400 1153
112401 454
112402 546
112403 1130
112404 587
112405 143
112406 1131
112407 967
112408 66
112409 254
112410 768
112411 552
112412 810
112413 439
112414 285
112415 589
112416 457
112417 288
112418 964
112419 711
112420 1045
112421 641
112422 170
112423 811
112424 411
112425 741
112426 745
112427 1003
112428 199
112429 1134
112430 671
112431 354
112432 91
112433 318
112434 1027
112435 1043
112436 675
112437 1148
112438 193
112439 968
112440 595
112441 505
112442 104
112443 63
112444 971
112445 398
112446 721
112447 11
112448 60
112449 362
112450 865
112451 179
112452 1168
112453 390
112454 193
112455 931
112456 82
112457 967
112458 387
112459 1162
112460 1095
112461 912
112462 653
112463 767
112464 108
112465 457
112466 316
112467 1093
112468 1118
112469 168
112470 503
112471 847
112472 255
112473 484
112474 1038
112475 833
112476 1021
112477 445
112478 164
112479 49
112480 271
112481 316
112482 397
112483 154
112484 245
112485 284
112486 13
112487 1116
112488 137
112489 894
112490 386
112491 494
112492 363
112493 1149
112494 921
112495 44
112496 187
112497 52
112498 69
112499 680
112500 681
112501 807
112502 1162
112503 457
112504 254
112505 523
112506 785
112507 377
112508 8
112509 829
112510 252
112511 1104
112512 1106
112513 713
112514 257
112515 295
112516 980
112517 1118
112518 302
112519 351
112520 604
112521 606
112522 110
112523 347
112524 932
112525 841
112526 375
112527 110
112528 470
112529 947
112530 493
112531 259
112532 844
112533 947
112534 1067
112535 578
112536 220
112537 1083
112538 254
112539 387
112540 904
112541 996
112542 668
112543 16
112544 1068
112545 80
112546 1091
112547 928
112548 1108
112549 733
112550 970
112551 665
112552 930
112553 709
112554 709
112555 502
112556 634
112557 361
112558 858
112559 957
112560 657
112561 956
112562 168
112563 407
112564 984
112565 90
112566 706
112567 417
112568 476
112569 93
112570 801
112571 966
112572 769
112573 428
112574 121
112575 286
112576 63
112577 115
112578 145
112579 259
112580 1066
112581 872
112582 107
112583 420
112584 466
112585 407
112586 235
112587 207
112588 988
112589 759
112590 1139
112591 154
112592 567
112593 932
112594 218
112595 258
112596 1007
112597 383
112598 213
112599 1060
112600 744
112601 121
112602 368
112603 1145
112604 953
112605 918
112606 1045
112607 207
112608 207
112609 914
112610 736
112611 1116
112612 351
112613 933
112614 148
112615 193
112616 244
112617 1045
112618 128
112619 503
112620 678
112621 990
112622 689
112623 955
112624 400
112625 999
112626 795
112627 15
112628 831
112629 576
112630 79
112631 615
112632 547
112633 354
112634 882
112635 695
112636 747
112637 149
112638 188
112639 327
112640 867
112641 1081
112642 540
112643 80
112644 775
112645 1076
112646 673
112647 1040
112648 1005
112649 247
112650 242
112651 417
112652 251
112653 800
112654 162
112655 863
112656 61
112657 787
112658 924
112659 988
112660 826
112661 1005
112662 630
112663 593
112664 781
112665 707
112666 948
112667 7
112668 834
112669 1096
112670 785
112671 1146
112672 617
112673 1040
112674 262
112675 662
112676 488
112677 1075
112678 1011
112679 981
112680 472
112681 837
112682 484
112683 1080
112684 408
112685 491
112686 448
112687 731
112688 863
112689 230
112690 389
112691 837
112692 952
112693 911
112694 487
112695 276
112696 562
112697 904
112698 648
112699 895
112700 778
112701 497
112702 918
112703 112
112704 1017
112705 592
112706 1018
112707 426
112708 658
112709 338
112710 808
112711 797
112712 946
112713 355
112714 98
112715 247
112716 50
112717 742
112718 609
112719 995
112720 943
112721 235
112722 471
112723 894
112724 1054
112725 1149
112726 980
112727 1010
112728 843
112729 830
112730 724
112731 1168
112732 1141
112733 204
112734 122
112735 164
112736 15
112737 661
112738 835
112739 438
112740 850
112741 955
112742 1084
112743 1096
112744 355
112745 684
112746 718
112747 607
112748 918
112749 28
112750 538
112751 858
112752 64
112753 136
112754 785
112755 226
112756 1158
112757 638
112758 84
112759 401
112760 1141
112761 8
112762 409
112763 10
112764 484
112765 429
112766 950
112767 525
112768 833
112769 317
112770 917
112771 791
112772 519
112773 466
112774 907
112775 438
112776 785
112777 585
112778 669
112779 632
112780 296
112781 971
112782 1008
112783 268
112784 973
112785 700
112786 98
112787 134
112788 1016
112789 83
112790 944
112791 1002
112792 305
112793 299
112794 580
112795 530
112796 705
112797 8
112798 639
112799 680
112800 342
112801 241
112802 429
112803 1009
112804 502
112805 337
112806 449
112807 82
112808 585
112809 563
112810 1144
112811 475
112812 1118
112813 911
112814 244
112815 622
112816 915
112817 319
112818 978
112819 909
112820 336
112821 811
112822 166
112823 672
112824 69
112825 368
112826 615
112827 852
112828 63
112829 1084
112830 267
112831 1051
112832 1038
112833 1004
112834 324
112835 904
112836 514
112837 44
112838 35
112839 379
112840 9
112841 1004
112842 1125
112843 490
112844 390
112845 869
112846 342
112847 194
112848 618
112849 772
112850 230
112851 98
112852 1092
112853 768
112854 102
112855 67
112856 710
112857 486
112858 26
112859 910
112860 170
112861 107
112862 616
112863 806
112864 596
112865 391
112866 397
112867 107
112868 95
112869 648
112870 16
112871 43
112872 683
112873 335
112874 21
112875 394
112876 912
112877 48
112878 47
112879 478
112880 847
112881 1004
112882 265
112883 527
112884 7
112885 528
112886 263
112887 240
112888 794
112889 511
112890 670
112891 129
112892 950
112893 402
112894 994
112895 869
112896 738
112897 336
112898 1158
112899 1077
112900 413
112901 431
112902 942
112903 1070
112904 854
112905 812
112906 34
112907 74
112908 228
112909 673
112910 904
112911 600
112912 600
112913 702
112914 406
112915 776
112916 205
112917 262
112918 1126
112919 994
112920 1095
112921 118
112922 1139
112923 762
112924 157
112925 947
112926 819
112927 996
112928 825
112929 119
112930 5
112931 219
112932 157
112933 376
112934 683
112935 297
112936 909
112937 820
112938 125
112939 475
112940 737
112941 119
112942 282
112943 89
112944 561
112945 939
112946 907
112947 969
112948 503
112949 113
112950 666
112951 106
112952 763
112953 686
112954 591
112955 989
112956 174
112957 302
112958 541
112959 58
112960 867
112961 530
112962 877
112963 965
112964 78
112965 845
112966 754
112967 926
112968 944
112969 935
112970 1150
112971 400
112972 999
112973 319
112974 1140
112975 889
112976 1003
112977 188
112978 1068
112979 148
112980 261
112981 725
112982 1070
112983 67
112984 413
112985 345
112986 201
112987 598
112988 267
112989 240
112990 1100
112991 862
112992 633
112993 272
112994 1146
112995 427
112996 851
112997 854
112998 380
112999 180
113000 779
113001 901
113002 434
113003 853
113004 1072
113005 558
113006 935
113007 542
113008 87
113009 511
113010 958
113011 1155
113012 615
113013 1170
113014 911
113015 36
113016 1143
113017 670
113018 775
113019 814
113020 31
113021 1033
113022 1151
113023 1143
113024 618
113025 211
113026 970
113027 101
113028 53
113029 823
113030 652
113031 572
113032 529
113033 380
113034 225
113035 556
113036 852
113037 852
113038 1031
113039 188
113040 625
113041 306
113042 321
113043 125
113044 549
113045 40
113046 826
113047 427
113048 155
113049 615
113050 827
113051 1119
113052 1152
113053 105
113054 450
113055 1035
113056 850
113057 862
113058 1116
113059 1112
113060 1074
113061 635
113062 419
113063 925
113064 305
113065 283
113066 1070
113067 922
113068 517
113069 55
113070 241
113071 973
113072 173
113073 486
113074 608
113075 265
113076 685
113077 1151
113078 327
113079 797
113080 302
113081 381
113082 1042
113083 647
113084 44
113085 180
113086 820
113087 1001
113088 275
113089 941
113090 68
113091 866
113092 116
113093 837
113094 445
113095 791
113096 289
113097 88
113098 16
113099 898
113100 1139
113101 794
113102 237
113103 122
113104 286
113105 113
113106 551
113107 896
113108 58
113109 853
113110 381
113111 602
113112 200
113113 301
113114 709
113115 149
113116 322
113117 347
113118 836
113119 673
113120 975
113121 62
113122 132
113123 597
113124 350
113125 260
113126 433
113127 420
113128 102
113129 187
113130 1170
113131 740
113132 583
113133 1172
113134 453
113135 1109
113136 848
113137 61
113138 357
113139 202
113140 238
113141 610
113142 909
113143 1015
113144 827
113145 847
113146 1151
113147 175
113148 7
113149 597
113150 1135
113151 657
113152 77
113153 712
113154 490
113155 678
113156 681
113157 873
113158 951
113159 265
113160 842
113161 731
113162 518
113163 189
113164 30
113165 759
113166 134
113167 481
113168 1032
113169 963
113170 638
113171 423
113172 321
113173 970
113174 407
113175 875
113176 882
113177 189
113178 722
113179 285
113180 29
113181 942
113182 1136
113183 276
113184 14
113185 1032
113186 908
113187 708
113188 37
113189 328
113190 622
113191 74
113192 1010
113193 116
113194 259
113195 751
113196 220
113197 324
113198 737
113199 502
113200 326
113201 1081
113202 1090
113203 869
113204 1095
113205 295
113206 1098
113207 33
113208 1169
113209 308
113210 382
113211 741
113212 590
113213 667
113214 1125
113215 379
113216 356
113217 804
113218 1127
113219 923
113220 1020
113221 707
113222 237
113223 19
113224 229
113225 558
113226 338
113227 523
113228 1011
113229 1013
113230 1063
113231 994
113232 1057
113233 730
113234 1076
113235 517
113236 903
113237 693
113238 667
113239 1006
113240 769
113241 897
113242 994
113243 996
113244 378
113245 1062
113246 443
113247 1119
113248 526
113249 303
113250 329
113251 1028
113252 1140
113253 649
113254 547
113255 249
113256 890
113257 320
113258 419
113259 579
113260 1081
113261 516
113262 957
113263 665
113264 343
113265 40
113266 352
113267 311
113268 188
113269 1107
113270 521
113271 876
113272 380
113273 628
113274 223
113275 355
113276 1004
113277 68
113278 518
113279 657
113280 1153
113281 755
113282 692
113283 840
113284 314
113285 775
113286 1116
113287 673
113288 1038
113289 145
113290 539
113291 12
113292 92
113293 438
113294 666
113295 46
113296 922
113297 571
113298 812
113299 577
113300 928
113301 811
113302 15
113303 225
113304 371
113305 1092
113306 606
113307 957
113308 831
113309 435
113310 596
113311 965
113312 597
113313 215
113314 1062
113315 729
113316 109
113317 971
113318 909
113319 627
113320 1040
113321 438
113322 559
113323 651
113324 89
113325 239
113326 228
113327 1128
113328 294
113329 1127
113330 1029
113331 450
113332 749
113333 67
113334 189
113335 744
113336 156
113337 62
113338 765
113339 26
113340 147
113341 111
113342 183
113343 325
113344 1131
113345 189
113346 304
113347 992
113348 333
113349 643
113350 1154
113351 477
113352 303
113353 51
113354 890
113355 1082
113356 527
113357 562
113358 1128
113359 148
113360 275
113361 644
113362 947
113363 616
113364 374
113365 681
113366 408
113367 786
113368 1102
113369 1059
113370 315
113371 598
113372 1137
113373 830
113374 507
113375 886
113376 721
113377 1152
113378 793
113379 1138
113380 323
113381 350
113382 734
113383 459
113384 158
113385 262
113386 1131
113387 1137
113388 143
113389 319
113390 55
113391 462
113392 837
113393 575
113394 452
113395 460
113396 954
113397 1122
113398 35
113399 724
113400 1151
113401 499
113402 540
113403 82
113404 561
113405 880
113406 508
113407 198
113408 152
113409 155
113410 924
113411 10
113412 869
113413 171
113414 829
113415 252
113416 410
113417 1118
113418 266
113419 371
113420 466
113421 381
113422 307
113423 49
113424 795
113425 282
113426 255
113427 806
113428 602
113429 319
113430 852
113431 718
113432 269
113433 207
113434 125
113435 114
113436 1031
113437 475
113438 955
113439 634
113440 21
113441 216
113442 945
113443 596
113444 355
113445 284
113446 206
113447 472
113448 674
113449 621
113450 228
113451 486
113452 534
113453 698
113454 371
113455 399
113456 925
113457 207
113458 175
113459 594
113460 822
113461 392
113462 613
113463 534
113464 520
113465 418
113466 942
113467 214
113468 186
113469 1090
113470 35
113471 546
113472 507
113473 8
113474 1087
113475 1024
113476 512
113477 271
113478 22
113479 615
113480 987
113481 1140
113482 1157
113483 1011
113484 1172
113485 1124
113486 797
113487 642
113488 268
113489 400
113490 1151
113491 89
113492 1155
113493 885
113494 949
113495 1133
113496 641
113497 342
113498 86
113499 654
113500 796
113501 688
113502 112
113503 855
113504 52
113505 598
113506 821
113507 701
113508 746
113509 406
113510 1129
113511 375
113512 989
113513 831
113514 600
113515 596
113516 851
113517 484
113518 1079
113519 197
113520 621
113521 912
113522 421
113523 846
113524 1084
113525 868
113526 1016
113527 408
113528 1159
113529 44
113530 409
113531 261
113532 697
113533 768
113534 1018
113535 76
113536 5
113537 864
113538 272
113539 971
113540 141
113541 534
113542 511
113543 373
113544 930
113545 799
113546 672
113547 691
113548 1172
113549 755
113550 94
113551 746
113552 24
113553 820
113554 262
113555 1038
113556 808
113557 486
113558 857
113559 231
113560 163
113561 375
113562 346
113563 1068
113564 942
113565 342
113566 1060
113567 11
113568 925
113569 1044
113570 356
113571 836
113572 991
113573 75
113574 679
113575 686
113576 863
113577 502
113578 1057
113579 1105
113580 1124
113581 175
113582 76
113583 375
113584 33
113585 29
113586 470
113587 727
113588 511
113589 277
113590 1137
113591 9
113592 185
113593 44
113594 845
113595 714
113596 387
113597 616
113598 648
113599 730
113600 553
113601 64
113602 939
113603 443
113604 1143
113605 287
113606 213
113607 885
113608 924
113609 897
113610 1018
113611 340
113612 1140
113613 248
113614 626
113615 104
113616 1046
113617 111
113618 424
113619 567
113620 1054
113621 871
113622 427
113623 1169
113624 92
113625 835
113626 711
113627 406
113628 442
113629 521
113630 140
113631 981
113632 488
113633 498
113634 1010
113635 770
113636 1010
113637 773
113638 446
113639 701
113640 792
113641 1030
113642 389
113643 155
113644 413
113645 1122
113646 43
113647 1123
113648 161
113649 446
113650 756
113651 435
113652 546
113653 517
113654 564
113655 495
113656 701
113657 897
113658 892
113659 287
113660 1017
113661 290
113662 806
113663 48
113664 694
113665 854
113666 442
113667 336
113668 658
113669 1114
113670 168
113671 656
113672 364
113673 615
113674 370
113675 774
113676 936
113677 663
113678 486
113679 352
113680 465
113681 223
113682 112
113683 863
113684 766
113685 1139
113686 424
113687 655
113688 588
113689 939
113690 594
113691 351
113692 1130
113693 863
113694 930
113695 912
113696 935
113697 1078
113698 159
113699 135
113700 447
113701 274
113702 674
113703 953
113704 734
113705 750
113706 305
113707 515
113708 821
113709 868
113710 94
113711 938
113712 885
113713 207
113714 184
113715 194
113716 657
113717 792
113718 679
113719 831
113720 300
113721 1072
113722 731
113723 171
113724 530
113725 674
113726 293
113727 931
113728 535
113729 966
113730 966
113731 502
113732 57
113733 896
113734 163
113735 623
113736 91
113737 1067
113738 687
113739 35
113740 998
113741 837
113742 422
113743 1130
113744 968
113745 1107
113746 1127
113747 771
113748 615
113749 546
113750 1069
113751 659
113752 636
113753 83
113754 616
113755 512
113756 466
113757 138
113758 703
113759 803
113760 9
113761 418
113762 1082
113763 955
113764 459
113765 877
113766 881
113767 832
113768 609
113769 770
113770 473
113771 814
113772 618
113773 236
113774 139
113775 720
113776 1054
113777 18
113778 39
113779 851
113780 207
113781 609
113782 26
113783 599
113784 297
113785 568
113786 293
113787 383
113788 1030
113789 488
113790 884
113791 638
113792 729
113793 381
113794 181
113795 833
113796 917
113797 98
113798 92
113799 908
113800 78
113801 944
113802 938
113803 305
113804 467
113805 329
113806 612
113807 844
113808 543
113809 1048
113810 1161
113811 52
113812 762
113813 834
113814 1158
113815 138
113816 551
113817 982
113818 401
113819 361
113820 884
113821 1067
113822 823
113823 554
113824 374
113825 1147
113826 1132
113827 34
113828 291
113829 551
113830 1031
113831 690
113832 652
113833 786
113834 834
113835 655
113836 359
113837 34
113838 959
113839 34
113840 408
113841 170
113842 764
113843 39
113844 334
113845 90
113846 241
113847 7
113848 615
113849 1142
113850 193
113851 543
113852 667
113853 219
113854 700
113855 290
113856 51
113857 409
113858 823
113859 29
113860 291
113861 686
113862 675
113863 675
113864 148
113865 866
113866 210
113867 664
113868 429
113869 36
113870 560
113871 1089
113872 231
113873 962
113874 1141
113875 261
113876 144
113877 780
113878 970
113879 1058
113880 805
113881 823
113882 856
113883 1002
113884 427
113885 202
113886 869
113887 232
113888 380
113889 933
113890 471
113891 947
113892 790
113893 582
113894 334
113895 1030
113896 691
113897 667
113898 764
113899 248
113900 888
113901 80
113902 575
113903 949
113904 1076
113905 131
113906 679
113907 778
113908 981
113909 136
113910 870
113911 692
113912 451
113913 974
113914 967
113915 651
113916 680
113917 969
113918 364
113919 603
113920 190
113921 265
113922 915
113923 46
113924 898
113925 152
113926 593
113927 350
113928 190
113929 841
113930 590
113931 1116
113932 397
113933 931
113934 902
113935 483
113936 231
113937 653
113938 89
113939 401
113940 1058
113941 1076
113942 946
113943 978
113944 172
113945 445
113946 1125
113947 353
113948 171
113949 940
113950 459
113951 90
113952 753
113953 236
113954 1162
113955 581
113956 598
113957 159
113958 28
113959 227
113960 748
113961 399
113962 82
113963 1084
113964 374
113965 1137
113966 259
113967 1068
113968 1013
113969 1090
113970 264
113971 523
113972 486
113973 794
113974 424
113975 87
113976 321
113977 571
113978 305
113979 1095
113980 278
113981 76
113982 98
113983 1140
113984 1128
113985 450
113986 573
113987 1
113988 201
113989 342
113990 968
113991 419
113992 147
113993 541
113994 484
113995 603
113996 139
113997 772
113998 936
113999 408
114000 150
114001 22
114002 41
114003 300
114004 211
114005 999
114006 864
114007 369
114008 1011
114009 701
114010 529
114011 1124
114012 295
114013 1130
114014 857
114015 1145
114016 202
114017 708
114018 922
114019 246
114020 128
114021 915
114022 530
114023 417
114024 419
114025 125
114026 821
114027 586
114028 428
114029 686
114030 847
114031 884
114032 535
114033 103
114034 65
114035 76
114036 1011
114037 612
114038 507
114039 169
114040 857
114041 520
114042 882
114043 882
114044 11
114045 946
114046 586
114047 564
114048 1145
114049 572
114050 102
114051 901
114052 145
114053 976
114054 591
114055 5
114056 1098
114057 562
114058 476
114059 362
114060 690
114061 1086
114062 64
114063 362
114064 985
114065 249
114066 1061
114067 532
114068 961
114069 161
114070 1131
114071 540
114072 46
114073 504
114074 258
114075 284
114076 812
114077 39
114078 1047
114079 1003
114080 376
114081 76
114082 858
114083 62
114084 1118
114085 595
114086 401
114087 111
114088 743
114089 41
114090 906
114091 1112
114092 978
114093 663
114094 28
114095 1097
114096 471
114097 923
114098 575
114099 481
114100 122
114101 844
114102 316
114103 1045
114104 750
114105 635
114106 1069
114107 38
114108 115
114109 214
114110 271
114111 674
114112 1120
114113 277
114114 947
114115 672
114116 526
114117 720
114118 855
114119 984
114120 867
114121 105
114122 329
114123 443
114124 136
114125 313
114126 389
114127 400
114128 281
114129 249
114130 483
114131 1166
114132 786
114133 906
114134 109
114135 760
114136 514
114137 508
114138 265
114139 477
114140 288
114141 1084
114142 32
114143 972
114144 664
114145 276
114146 290
114147 1065
114148 764
114149 59
114150 420
114151 139
114152 139
114153 690
114154 383
114155 33
114156 602
114157 451
114158 1108
114159 356
114160 8
114161 652
114162 1172
114163 373
114164 34
114165 1104
114166 609
114167 779
114168 289
114169 558
114170 913
114171 651
114172 576
114173 847
114174 846
114175 966
114176 603
114177 61
114178 849
114179 565
114180 627
114181 847
114182 232
114183 572
114184 855
114185 167
114186 157
114187 737
114188 642
114189 314
114190 84
114191 795
114192 233
114193 702
114194 662
114195 1168
114196 757
114197 1095
114198 1114
114199 1104
114200 50
114201 155
114202 1072
114203 108
114204 264
114205 1086
114206 1037
114207 731
114208 1052
114209 962
114210 945
114211 801
114212 724
114213 37
114214 359
114215 665
114216 753
114217 1033
114218 421
114219 731
114220 535
114221 18
114222 176
114223 569
114224 204
114225 224
114226 688
114227 1149
114228 860
114229 988
114230 1126
114231 377
114232 636
114233 456
114234 1071
114235 164
114236 342
114237 937
114238 758
114239 242
114240 715
114241 719
114242 112
114243 621
114244 135
114245 153
114246 766
114247 209
114248 1021
114249 735
114250 498
114251 573
114252 984
114253 900
114254 975
114255 575
114256 627
114257 55
114258 1018
114259 424
114260 598
114261 302
114262 275
114263 578
114264 338
114265 389
114266 752
114267 552
114268 776
114269 810
114270 974
114271 462
114272 496
114273 1143
114274 48
114275 1033
114276 1060
114277 1001
114278 821
114279 402
114280 248
114281 184
114282 416
114283 404
114284 832
114285 627
114286 873
114287 335
114288 1039
114289 580
114290 1140
114291 889
114292 1139
114293 175
114294 705
114295 756
114296 236
114297 1050
114298 418
114299 297
114300 516
114301 745
114302 912
114303 201
114304 211
114305 371
114306 825
114307 943
114308 648
114309 76
114310 554
114311 772
114312 333
114313 934
114314 668
114315 191
114316 963
114317 817
114318 701
114319 101
114320 546
114321 139
114322 678
114323 1128
114324 147
114325 1131
114326 99
114327 578
114328 496
114329 281
114330 543
114331 308
114332 542
114333 752
114334 536
114335 752
114336 1042
114337 1047
114338 842
114339 832
114340 776
114341 762
114342 1110
114343 678
114344 1108
114345 458
114346 508
114347 93
114348 485
114349 1096
114350 185
114351 185
114352 497
114353 342
114354 1108
114355 963
114356 798
114357 135
114358 779
114359 844
114360 587
114361 1079
114362 733
114363 821
114364 1082
114365 1155
114366 1038
114367 409
114368 858
114369 193
114370 315
114371 379
114372 176
114373 59
114374 729
114375 207
114376 138
114377 344
114378 616
114379 710
114380 258
114381 498
114382 418
114383 20
114384 1130
114385 108
114386 418
114387 614
114388 295
114389 1089
114390 646
114391 1166
114392 596
114393 618
114394 633
114395 139
114396 204
114397 1156
114398 621
114399 442
114400 245
114401 670
114402 187
114403 1000
114404 723
114405 892
114406 793
114407 813
114408 263
114409 1067
114410 469
114411 510
114412 651
114413 180
114414 14
114415 459
114416 1123
114417 1044
114418 76
114419 176
114420 674
114421 242
114422 749
114423 128
114424 107
114425 988
114426 55
114427 168
114428 190
114429 293
114430 234
114431 499
114432 186
114433 253
114434 66
114435 99
114436 1097
114437 444
114438 760
114439 420
114440 211
114441 614
114442 1119
114443 883
114444 116
114445 95
114446 11
114447 914
114448 1109
114449 975
114450 37
114451 1120
114452 387
114453 936
114454 970
114455 604
114456 856
114457 63
114458 1042
114459 926
114460 883
114461 690
114462 14
114463 133
114464 22
114465 549
114466 191
114467 1104
114468 1014
114469 812
114470 193
114471 15
114472 1038
114473 857
114474 931
114475 312
114476 757
114477 276
114478 1153
114479 1093
114480 819
114481 71
114482 198
114483 645
114484 492
114485 274
114486 239
114487 409
114488 756
114489 453
114490 706
114491 471
114492 794
114493 431
114494 808
114495 327
114496 546
114497 873
114498 1091
114499 386
114500 24
114501 228
114502 354
114503 1048
114504 560
114505 490
114506 578
114507 1034
114508 986
114509 247
114510 158
114511 27
114512 189
114513 1102
114514 253
114515 164
114516 718
114517 711
114518 63
114519 446
114520 554
114521 818
114522 687
114523 714
114524 825
114525 935
114526 1001
114527 792
114528 987
114529 334
114530 787
114531 632
114532 383
114533 995
114534 167
114535 253
114536 620
114537 1026
114538 83
114539 539
114540 926
114541 355
114542 352
114543 203
114544 902
114545 745
114546 426
114547 590
114548 809
114549 104
114550 314
114551 305
114552 492
114553 277
114554 638
114555 593
114556 936
114557 767
114558 86
114559 537
114560 596
114561 1120
114562 234
114563 971
114564 590
114565 579
114566 1051
114567 13
114568 743
114569 48
114570 685
114571 176
114572 503
114573 794
114574 562
114575 824
114576 1095
114577 145
114578 470
114579 117
114580 955
114581 227
114582 548
114583 560
114584 612
114585 476
114586 37
114587 274
114588 44
114589 138
114590 1100
114591 1097
114592 666
114593 136
114594 544
114595 809
114596 1050
114597 416
114598 314
114599 814
114600 842
114601 810
114602 472
114603 441
114604 869
114605 451
114606 1137
114607 902
114608 554
114609 1061
114610 844
114611 99
114612 543
114613 252
114614 926
114615 844
114616 229
114617 890
114618 267
114619 494
114620 429
114621 196
114622 624
114623 987
114624 297
114625 569
114626 763
114627 1073
114628 89
114629 310
114630 438
114631 145
114632 1024
114633 1086
114634 593
114635 409
114636 212
114637 793
114638 873
114639 709
114640 1136
114641 906
114642 554
114643 1017
114644 1163
114645 185
114646 1089
114647 999
114648 878
114649 103
114650 254
114651 195
114652 379
114653 565
114654 208
114655 844
114656 460
114657 589
114658 887
114659 984
114660 934
114661 820
114662 655
114663 1108
114664 1051
114665 646
114666 817
114667 864
114668 509
114669 200
114670 130
114671 442
114672 27
114673 893
114674 924
114675 355
114676 603
114677 240
114678 254
114679 543
114680 1039
114681 760
114682 238
114683 438
114684 587
114685 459
114686 915
114687 603
114688 320
114689 1122
114690 869
114691 888
114692 491
114693 523
114694 257
114695 505
114696 560
114697 220
114698 805
114699 531
114700 493
114701 209
114702 1093
114703 528
114704 1167
114705 387
114706 418
114707 408
114708 824
114709 1090
114710 539
114711 794
114712 824
114713 325
114714 1050
114715 482
114716 1062
114717 872
114718 880
114719 546
114720 570
114721 491
114722 527
114723 1116
114724 1170
114725 983
114726 702
114727 40
114728 355
114729 701
114730 467
114731 1029
114732 986
114733 387
114734 109
114735 724
114736 159
114737 771
114738 292
114739 1068
114740 1052
114741 1005
114742 145
114743 301
114744 1130
114745 96
114746 238
114747 211
114748 664
114749 382
114750 725
114751 252
114752 250
114753 984
114754 689
114755 432
114756 1055
114757 953
114758 698
114759 706
114760 434
114761 213
114762 168
114763 321
114764 918
114765 1000
114766 1169
114767 130
114768 702
114769 846
114770 531
114771 230
114772 291
114773 535
114774 313
114775 195
114776 863
114777 604
114778 887
114779 663
114780 61
114781 895
114782 66
114783 974
114784 371
114785 958
114786 343
114787 543
114788 558
114789 260
114790 791
114791 104
114792 622
114793 847
114794 843
114795 740
114796 441
114797 458
114798 850
114799 198
114800 215
114801 412
114802 507
114803 13
114804 1039
114805 492
114806 348
114807 813
114808 804
114809 736
114810 803
114811 900
114812 527
114813 618
114814 469
114815 260
114816 112
114817 410
114818 390
114819 874
114820 1039
114821 936
114822 969
114823 590
114824 322
114825 230
114826 391
114827 443
114828 936
114829 471
114830 343
114831 636
114832 676
114833 431
114834 167
114835 601
114836 565
114837 775
114838 470
114839 154
114840 319
114841 184
114842 1069
114843 91
114844 205
114845 398
114846 695
114847 1064
114848 371
114849 740
114850 139
114851 985
114852 849
114853 555
114854 401
114855 140
114856 354
114857 555
114858 1102
114859 180
114860 965
114861 164
114862 515
114863 673
114864 424
114865 86
114866 1169
114867 991
114868 928
114869 818
114870 549
114871 231
114872 721
114873 446
114874 792
114875 431
114876 227
114877 253
114878 880
114879 577
114880 937
114881 386
114882 238
114883 995
114884 570
114885 149
114886 639
114887 314
114888 555
114889 912
114890 360
114891 454
114892 456
114893 1121
114894 149
114895 253
114896 1072
114897 622
114898 195
114899 202
114900 667
114901 359
114902 1118
114903 417
114904 204
114905 257
114906 746
114907 1044
114908 962
114909 949
114910 689
114911 458
114912 930
114913 68
114914 384
114915 382
114916 577
114917 1044
114918 1154
114919 150
114920 434
114921 637
114922 1029
114923 946
114924 939
114925 529
114926 1061
114927 729
114928 687
114929 1036
114930 94
114931 223
114932 843
114933 899
114934 261
114935 64
114936 17
114937 467
114938 3
114939 285
114940 843
114941 498
114942 534
114943 743
114944 160
114945 785
114946 672
114947 862
114948 635
114949 658
114950 885
114951 737
114952 672
114953 58
114954 1019
114955 875
114956 135
114957 202
114958 551
114959 103
114960 752
114961 21
114962 104
114963 1044
114964 622
114965 946
114966 527
114967 1130
114968 555
114969 887
114970 752
114971 562
114972 970
114973 1104
114974 21
114975 908
114976 729
114977 359
114978 662
114979 449
114980 857
114981 961
114982 425
114983 145
114984 241
114985 462
114986 888
114987 587
114988 791
114989 1028
114990 91
114991 500
114992 463
114993 55
114994 48
114995 267
114996 704
114997 600
114998 517
114999 1134
115000 570
115001 187
115002 930
115003 705
115004 1084
115005 31
115006 192
115007 986
115008 353
115009 332
115010 692
115011 269
115012 112
115013 854
115014 1075
115015 528
115016 1143
115017 1121
115018 399
115019 646
115020 544
115021 474
115022 522
115023 786
115024 465
115025 981
115026 191
115027 906
115028 913
115029 302
115030 751
115031 369
115032 745
115033 1132
115034 210
115035 428
115036 489
115037 132
115038 737
115039 405
115040 571
115041 624
115042 558
115043 449
115044 638
115045 80
115046 743
115047 9
115048 432
115049 1007
115050 65
115051 584
115052 699
115053 1003
115054 968
115055 326
115056 241
115057 504
115058 219
115059 615
115060 558
115061 877
115062 923
115063 314
115064 253
115065 582
115066 513
115067 758
115068 2
115069 1052
115070 381
115071 1130
115072 6
115073 283
115074 520
115075 116
115076 887
115077 354
115078 940
115079 272
115080 359
115081 749
115082 7
115083 634
115084 606
115085 883
115086 1074
115087 684
115088 1044
115089 851
115090 372
115091 650
115092 1008
115093 765
115094 265
115095 834
115096 758
115097 1128
115098 897
115099 422
115100 120
115101 974
115102 796
115103 601
115104 499
115105 350
115106 500
115107 904
115108 89
115109 1011
115110 966
115111 543
115112 867
115113 1005
115114 264
115115 672
115116 251
115117 213
115118 424
115119 1131
115120 1036
115121 953
115122 83
115123 1148
115124 754
115125 1022
115126 851
115127 1024
115128 31
115129 741
115130 71
115131 425
115132 288
115133 677
115134 788
115135 923
115136 41
115137 932
115138 547
115139 1150
115140 844
115141 1169
115142 674
115143 646
115144 386
115145 983
115146 298
115147 761
115148 70
115149 593
115150 1098
115151 653
115152 1001
115153 1024
115154 126
115155 550
115156 5
115157 483
115158 1139
115159 662
115160 619
115161 626
115162 316
115163 476
115164 1016
115165 148
115166 243
115167 123
115168 313
115169 646
115170 431
115171 203
115172 549
115173 227
115174 673
115175 290
115176 502
115177 753
115178 245
115179 512
115180 1061
115181 127
115182 291
115183 127
115184 1064
115185 208
115186 233
115187 967
115188 904
115189 1160
115190 636
115191 583
115192 467
115193 441
115194 800
115195 34
115196 757
115197 359
115198 771
115199 787
115200 543
115201 881
115202 305
115203 14
115204 478
115205 746
115206 545
115207 888
115208 923
115209 1080
115210 175
115211 840
115212 381
115213 107
115214 996
115215 6
115216 100
115217 1119
115218 682
115219 827
115220 631
115221 114
115222 25
115223 462
115224 557
115225 827
115226 430
115227 689
115228 26
115229 176
115230 533
115231 150
115232 552
115233 796
115234 304
115235 1116
115236 466
115237 447
115238 553
115239 108
115240 525
115241 26
115242 758
115243 341
115244 772
115245 343
115246 199
115247 92
115248 931
115249 255
115250 710
115251 310
115252 726
115253 1042
115254 282
115255 196
115256 932
115257 508
115258 891
115259 777
115260 743
115261 42
115262 450
115263 47
115264 992
115265 74
115266 850
115267 242
115268 228
115269 193
115270 462
115271 569
115272 128
115273 488
115274 506
115275 1169
115276 486
115277 664
115278 195
115279 780
115280 1090
115281 890
115282 1146
115283 237
115284 698
115285 243
115286 201
115287 813
115288 958
115289 172
115290 183
115291 491
115292 25
115293 455
115294 520
115295 610
115296 448
115297 714
115298 71
115299 788
115300 160
115301 553
115302 627
115303 394
115304 668
115305 277
115306 527
115307 619
115308 766
115309 276
115310 486
115311 703
115312 986
115313 1047
115314 1046
115315 350
115316 462
115317 974
115318 514
115319 368
115320 1078
115321 910
115322 214
115323 21
115324 349
115325 93
115326 1003
115327 527
115328 167
115329 203
115330 1029
115331 430
115332 994
115333 54
115334 817
115335 960
115336 305
115337 301
115338 1015
115339 874
115340 224
115341 618
115342 98
115343 682
115344 516
115345 392
115346 565
115347 751
115348 220
115349 713
115350 577
115351 453
115352 532
115353 680
115354 263
115355 463
115356 284
115357 729
115358 570
115359 848
115360 645
115361 1104
115362 1080
115363 529
115364 716
115365 624
115366 276
115367 280
115368 318
115369 643
115370 266
115371 414
115372 373
115373 694
115374 618
115375 722
115376 1127
115377 768
115378 187
115379 329
115380 625
115381 611
115382 204
115383 335
115384 964
115385 899
115386 240
115387 572
115388 207
115389 138
115390 552
115391 480
115392 970
115393 390
115394 941
115395 1121
115396 219
115397 489
115398 25
115399 327
115400 715
115401 522
115402 536
115403 903
115404 146
115405 185
115406 222
115407 959
115408 429
115409 71
115410 23
115411 297
115412 676
115413 504
115414 602
115415 840
115416 761
115417 660
115418 170
115419 203
115420 928
115421 323
115422 811
115423 818
115424 255
115425 80
115426 962
115427 453
115428 66
115429 877
115430 880
115431 705
115432 686
115433 1101
115434 445
115435 160
115436 674
115437 712
115438 1012
115439 740
115440 1156
115441 896
115442 60
115443 967
115444 739
115445 816
115446 985
115447 420
115448 20
115449 71
115450 873
115451 179
115452 832
115453 716
115454 1108
115455 1040
115456 433
115457 993
115458 405
115459 674
115460 125
115461 576
115462 946
115463 60
115464 315
115465 282
115466 478
115467 423
115468 1056
115469 1083
115470 417
115471 852
115472 328
115473 54
115474 969
115475 1086
115476 704
115477 724
115478 1015
115479 1072
115480 283
115481 614
115482 137
115483 434
115484 255
115485 578
115486 823
115487 874
115488 81
115489 730
115490 932
115491 1141
115492 902
115493 294
115494 941
115495 832
115496 1163
115497 827
115498 17
115499 103
115500 150
115501 653
115502 359
115503 1059
115504 710
115505 1102
115506 334
115507 949
115508 577
115509 731
115510 140
115511 165
115512 720
115513 903
115514 1078
115515 664
115516 543
115517 8
115518 98
115519 40
115520 955
115521 1009
115522 727
115523 568
115524 94
115525 1158
115526 424
115527 99
115528 362
115529 1115
115530 545
115531 871
115532 1135
115533 26
115534 127
115535 888
115536 752
115537 908
115538 467
115539 473
115540 587
115541 318
115542 1015
115543 1007
115544 34
115545 84
115546 141
115547 500
115548 791
115549 253
115550 440
115551 408
115552 136
115553 327
115554 344
115555 633
115556 788
115557 273
115558 36
115559 409
115560 184
115561 174
115562 313
115563 753
115564 7
115565 669
115566 880
115567 922
115568 377
115569 572
115570 660
115571 999
115572 50
115573 681
115574 511
115575 156
115576 86
115577 11
115578 595
115579 590
115580 797
115581 483
115582 565
115583 786
115584 878
115585 1105
115586 757
115587 1156
115588 60
115589 670
115590 766
115591 1100
115592 142
115593 325
115594 637
115595 508
115596 109
115597 687
115598 948
115599 121
115600 127
115601 1161
115602 212
115603 484
115604 1033
115605 401
115606 907
115607 251
115608 633
115609 775
115610 199
115611 548
115612 309
115613 453
115614 912
115615 521
115616 184
115617 951
115618 449
115619 1096
115620 44
115621 219
115622 673
115623 351
115624 286
115625 11
115626 116
115627 144
115628 982
115629 1050
115630 701
115631 895
115632 511
115633 518
115634 748
115635 1116
115636 205
115637 724
115638 291
115639 616
115640 1
115641 253
115642 625
115643 111
115644 104
115645 1054
115646 521
115647 495
115648 981
115649 751
115650 485
115651 687
115652 895
115653 1116
115654 594
115655 210
115656 145
115657 749
115658 750
115659 762
115660 1166
115661 967
115662 712
115663 488
115664 421
115665 149
115666 778
115667 641
115668 694
115669 383
115670 1067
115671 1029
115672 61
115673 272
115674 1042
115675 250
115676 1066
115677 1022
115678 1089
115679 1103
115680 841
115681 961
115682 850
115683 459
115684 584
115685 538
115686 40
115687 195
115688 605
115689 26
115690 127
115691 779
115692 252
115693 628
115694 147
115695 1060
115696 626
115697 787
115698 267
115699 961
115700 258
115701 71
115702 766
115703 108
115704 1096
115705 268
115706 218
115707 181
115708 1067
115709 927
115710 587
115711 1124
115712 908
115713 1091
115714 468
115715 1133
115716 1053
115717 334
115718 158
115719 20
115720 1111
115721 704
115722 75
115723 206
115724 223
115725 893
115726 1129
115727 636
115728 639
115729 217
115730 590
115731 413
115732 472
115733 796
115734 477
115735 329
115736 555
115737 925
115738 1084
115739 876
115740 1057
115741 992
115742 953
115743 361
115744 217
115745 399
115746 1143
115747 254
115748 656
115749 591
115750 294
115751 41
115752 599
115753 385
115754 514
115755 438
115756 225
115757 176
115758 585
115759 88
115760 679
115761 243
115762 136
115763 495
115764 1084
115765 112
115766 25
115767 660
115768 5
115769 1028
115770 859
115771 197
115772 336
115773 58
115774 469
115775 847
115776 228
115777 694
115778 117
115779 117
115780 382
115781 320
115782 224
115783 1033
115784 961
115785 661
115786 1003
115787 320
115788 372
115789 595
115790 164
115791 1145
115792 228
115793 891
115794 384
115795 213
115796 282
115797 668
115798 405
115799 44
115800 179
115801 809
115802 972
115803 543
115804 562
115805 1035
115806 147
115807 1103
115808 932
115809 135
115810 72
115811 444
115812 639
115813 855
115814 298
115815 140
115816 1113
115817 269
115818 48
115819 1083
115820 5
115821 894
115822 807
115823 468
115824 722
115825 969
115826 1003
115827 1084
115828 1026
115829 501
115830 897
115831 512
115832 696
115833 624
115834 263
115835 394
115836 747
115837 734
115838 1107
115839 279
115840 554
115841 1133
115842 304
115843 824
115844 177
115845 778
115846 67
115847 932
115848 224
115849 714
115850 182
115851 1118
115852 951
115853 64
115854 268
115855 613
115856 292
115857 240
115858 901
115859 677
115860 1004
115861 773
115862 1089
115863 347
115864 409
115865 976
115866 888
115867 400
115868 71
115869 295
115870 705
115871 126
115872 20
115873 419
115874 667
115875 652
115876 519
115877 726
115878 1070
115879 376
115880 759
115881 1084
115882 1090
115883 1133
115884 360
115885 540
115886 749
115887 321
115888 480
115889 887
115890 1042
115891 69
115892 530
115893 483
115894 966
115895 396
115896 959
115897 192
115898 579
115899 181
115900 103
115901 842
115902 56
115903 1137
115904 1077
115905 604
115906 875
115907 418
115908 819
115909 542
115910 55
115911 647
115912 1081
115913 122
115914 913
115915 587
115916 1036
115917 57
115918 116
115919 480
115920 201
115921 430
115922 440
115923 273
115924 1090
115925 826
115926 135
115927 138
115928 298
115929 44
115930 616
115931 1072
115932 716
115933 386
115934 1154
115935 609
115936 162
115937 990
115938 499
115939 818
115940 927
115941 909
115942 597
115943 952
115944 309
115945 942
115946 338
115947 82
115948 385
115949 442
115950 442
115951 306
115952 976
115953 255
115954 801
115955 260
115956 128
115957 801
115958 184
115959 626
115960 1155
115961 1082
115962 1172
115963 6
115964 175
115965 770
115966 823
115967 957
115968 447
115969 1131
115970 956
115971 294
115972 516
115973 404
115974 466
115975 177
115976 501
115977 881
115978 389
115979 394
115980 482
115981 679
115982 49
115983 198
115984 752
115985 254
115986 945
115987 667
115988 230
115989 406
115990 439
115991 115
115992 107
115993 1114
115994 916
115995 812
115996 1104
115997 166
115998 267
115999 1052
116000 727
116001 556
116002 6
116003 806
116004 222
116005 1042
116006 799
116007 735
116008 1
116009 623
116010 43
116011 65
116012 713
116013 757
116014 121
116015 356
116016 235
116017 1076
116018 707
116019 507
116020 276
116021 153
116022 670
116023 655
116024 1005
116025 979
116026 388
116027 987
116028 509
116029 982
116030 854
116031 892
116032 59
116033 825
116034 549
116035 622
116036 378
116037 68
116038 5
116039 461
116040 79
116041 1115
116042 49
116043 62
116044 535
116045 509
116046 658
116047 676
116048 700
116049 1090
116050 21
116051 1108
116052 456
116053 318
116054 856
116055 127
116056 726
116057 228
116058 945
116059 897
116060 798
116061 490
116062 242
116063 956
116064 406
116065 647
116066 550
116067 800
116068 26
116069 1139
116070 307
116071 996
116072 550
116073 433
116074 524
116075 106
116076 436
116077 856
116078 63
116079 1042
116080 485
116081 619
116082 552
116083 1106
116084 632
116085 1105
116086 697
116087 14
116088 957
116089 184
116090 317
116091 1124
116092 540
116093 1090
116094 478
116095 492
116096 985
116097 927
116098 396
116099 784
116100 275
116101 737
116102 982
116103 931
116104 237
116105 611
116106 703
116107 336
116108 1056
116109 985
116110 59
116111 911
116112 708
116113 821
116114 859
116115 867
116116 264
116117 101
116118 114
116119 1134
116120 495
116121 145
116122 327
116123 980
116124 1085
116125 707
116126 19
116127 389
116128 469
116129 1148
116130 299
116131 888
116132 243
116133 810
116134 452
116135 728
116136 589
116137 1102
116138 19
116139 647
116140 163
116141 288
116142 1004
116143 93
116144 182
116145 723
116146 128
116147 1151
116148 516
116149 605
116150 936
116151 573
116152 850
116153 824
116154 718
116155 1095
116156 1056
116157 1102
116158 687
116159 78
116160 1162
116161 550
116162 178
116163 604
116164 670
116165 839
116166 163
116167 1128
116168 1035
116169 715
116170 440
116171 665
116172 933
116173 423
116174 810
116175 39
116176 623
116177 119
116178 255
116179 835
116180 323
116181 446
116182 1034
116183 72
116184 767
116185 303
116186 653
116187 17
116188 600
116189 420
116190 95
116191 954
116192 1045
116193 67
116194 103
116195 439
116196 1059
116197 1117
116198 979
116199 792
116200 1172
116201 939
116202 659
116203 565
116204 645
116205 972
116206 893
116207 1100
116208 534
116209 30
116210 937
116211 275
116212 1078
116213 296
116214 973
116215 430
116216 512
116217 548
116218 942
116219 806
116220 956
116221 698
116222 1029
116223 995
116224 191
116225 426
116226 372
116227 981
116228 813
116229 812
116230 250
116231 58
116232 105
116233 739
116234 226
116235 120
116236 702
116237 592
116238 249
116239 221
116240 296
116241 282
116242 565
116243 301
116244 486
116245 94
116246 320
116247 378
116248 5
116249 381
116250 244
116251 462
116252 990
116253 191
116254 837
116255 462
116256 846
116257 295
116258 240
116259 81
116260 669
116261 1050
116262 1117
116263 315
116264 342
116265 678
116266 941
116267 416
116268 718
116269 1080
116270 892
116271 757
116272 1119
116273 993
116274 391
116275 1149
116276 249
116277 621
116278 454
116279 696
116280 925
116281 520
116282 1109
116283 304
116284 334
116285 194
116286 86
116287 747
116288 985
116289 988
116290 103
116291 771
116292 641
116293 546
116294 8
116295 852
116296 91
116297 692
116298 892
116299 869
116300 40
116301 12
116302 175
116303 919
116304 844
116305 701
116306 573
116307 996
116308 776
116309 690
116310 790
116311 1012
116312 255
116313 511
116314 695
116315 591
116316 978
116317 356
116318 740
116319 438
116320 238
116321 397
116322 601
116323 542
116324 43
116325 423
116326 592
116327 439
116328 170
116329 1143
116330 672
116331 52
116332 1135
116333 94
116334 234
116335 920
116336 1158
116337 81
116338 852
116339 11
116340 627
116341 1172
116342 943
116343 30
116344 226
116345 864
116346 591
116347 549
116348 853
116349 270
116350 1149
116351 751
116352 552
116353 145
116354 1080
116355 649
116356 331
116357 514
116358 237
116359 1061
116360 732
116361 532
116362 532
116363 765
116364 771
116365 858
116366 1111
116367 455
116368 603
116369 959
116370 194
116371 573
116372 88
116373 99
116374 451
116375 515
116376 108
116377 586
116378 862
116379 1064
116380 250
116381 222
116382 427
116383 664
116384 392
116385 794
116386 321
116387 0
116388 243
116389 216
116390 1122
116391 725
116392 190
116393 302
116394 936
116395 707
116396 76
116397 895
116398 231
116399 785
116400 959
116401 602
116402 683
116403 109
116404 169
116405 695
116406 786
116407 614
116408 489
116409 518
116410 290
116411 1141
116412 1020
116413 524
116414 1025
116415 794
116416 601
116417 321
116418 247
116419 317
116420 59
116421 252
116422 573
116423 754
116424 219
116425 487
116426 1039
116427 196
116428 56
116429 555
116430 338
116431 584
116432 1018
116433 633
116434 154
116435 68
116436 148
116437 715
116438 1105
116439 818
116440 885
116441 658
116442 261
116443 1096
116444 887
116445 591
116446 1054
116447 894
116448 883
116449 1128
116450 563
116451 1119
116452 736
116453 739
116454 329
116455 114
116456 260
116457 639
116458 259
116459 1010
116460 807
116461 288
116462 906
116463 260
116464 43
116465 1066
116466 518
116467 788
116468 198
116469 37
116470 115
116471 679
116472 949
116473 989
116474 377
116475 1169
116476 584
116477 868
116478 1172
116479 711
116480 661
116481 1025
116482 138
116483 30
116484 265
116485 215
116486 801
116487 557
116488 203
116489 5
116490 975
116491 708
116492 429
116493 1084
116494 616
116495 967
116496 799
116497 641
116498 771
116499 149
116500 1157
116501 1072
116502 917
116503 761
116504 399
116505 503
116506 871
116507 1022
116508 733
116509 1082
116510 642
116511 343
116512 950
116513 24
116514 26
116515 450
116516 694
116517 940
116518 435
116519 817
116520 369
116521 876
116522 959
116523 252
116524 115
116525 1048
116526 169
116527 837
116528 505
116529 230
116530 510
116531 245
116532 400
116533 686
116534 1090
116535 62
116536 1098
116537 208
116538 1078
116539 34
116540 234
116541 1045
116542 673
116543 1072
116544 65
116545 85
116546 887
116547 648
116548 383
116549 224
116550 437
116551 1036
116552 877
116553 837
116554 499
116555 90
116556 664
116557 138
116558 613
116559 505
116560 286
116561 1
116562 785
116563 980
116564 870
116565 482
116566 1097
116567 318
116568 786
116569 487
116570 985
116571 206
116572 1026
116573 218
116574 751
116575 299
116576 135
116577 996
116578 818
116579 692
116580 280
116581 847
116582 497
116583 680
116584 553
116585 755
116586 270
116587 1143
116588 332
116589 1157
116590 844
116591 613
116592 85
116593 45
116594 1028
116595 1071
116596 494
116597 802
116598 92
116599 23
116600 203
116601 972
116602 914
116603 208
116604 94
116605 1098
116606 964
116607 912
116608 1120
116609 407
116610 760
116611 740
116612 836
116613 745
116614 995
116615 172
116616 665
116617 1048
116618 984
116619 222
116620 360
116621 272
116622 313
116623 183
116624 916
116625 1072
116626 1064
116627 1002
116628 777
116629 803
116630 904
116631 79
116632 195
116633 537
116634 296
116635 660
116636 876
116637 980
116638 1055
116639 972
116640 1146
116641 336
116642 613
116643 706
116644 977
116645 848
116646 731
116647 1078
116648 536
116649 129
116650 970
116651 893
116652 1031
116653 37
116654 667
116655 1012
116656 917
116657 364
116658 874
116659 935
116660 143
116661 97
116662 1106
116663 785
116664 296
116665 337
116666 793
116667 413
116668 764
116669 845
116670 997
116671 782
116672 462
116673 137
116674 723
116675 1060
116676 827
116677 30
116678 213
116679 132
116680 995
116681 517
116682 80
116683 657
116684 897
116685 848
116686 1063
116687 585
116688 618
116689 424
116690 864
116691 566
116692 453
116693 895
116694 957
116695 995
116696 914
116697 701
116698 205
116699 532
116700 583
116701 483
116702 1088
116703 1047
116704 859
116705 792
116706 519
116707 147
116708 92
116709 623
116710 721
116711 1023
116712 481
116713 39
116714 292
116715 1084
116716 83
116717 327
116718 39
116719 736
116720 408
116721 619
116722 705
116723 158
116724 49
116725 385
116726 168
116727 1074
116728 920
116729 1034
116730 153
116731 635
116732 797
116733 20
116734 762
116735 761
116736 179
116737 304
116738 1140
116739 660
116740 131
116741 213
116742 743
116743 465
116744 288
116745 1054
116746 1172
116747 460
116748 323
116749 350
116750 155
116751 852
116752 945
116753 847
116754 652
116755 958
116756 295
116757 1060
116758 493
116759 597
116760 1086
116761 877
116762 273
116763 981
116764 711
116765 355
116766 975
116767 965
116768 360
116769 44
116770 711
116771 1153
116772 1085
116773 517
116774 166
116775 5
116776 179
116777 1064
116778 540
116779 715
116780 108
116781 897
116782 741
116783 385
116784 131
116785 899
116786 67
116787 202
116788 56
116789 189
116790 430
116791 253
116792 570
116793 547
116794 857
116795 122
116796 915
116797 590
116798 505
116799 254
116800 788
116801 656
116802 942
116803 611
116804 226
116805 1091
116806 102
116807 555
116808 229
116809 596
116810 915
116811 314
116812 1068
116813 1139
116814 302
116815 11
116816 329
116817 368
116818 31
116819 923
116820 944
116821 413
116822 142
116823 1005
116824 810
116825 429
116826 705
116827 950
116828 348
116829 882
116830 446
116831 949
116832 693
116833 1028
116834 45
116835 972
116836 311
116837 16
116838 292
116839 320
116840 716
116841 43
116842 282
116843 440
116844 615
116845 825
116846 86
116847 372
116848 732
116849 392
116850 352
116851 395
116852 1077
116853 693
116854 543
116855 869
116856 939
116857 1120
116858 1073
116859 945
116860 385
116861 665
116862 1084
116863 163
116864 376
116865 1102
116866 356
116867 584
116868 145
116869 489
116870 679
116871 15
116872 1050
116873 1001
116874 719
116875 45
116876 196
116877 420
116878 903
116879 1015
116880 969
116881 137
116882 840
116883 72
116884 831
116885 891
116886 861
116887 498
116888 454
116889 37
116890 1089
116891 501
116892 327
116893 248
116894 64
116895 803
116896 871
116897 926
116898 599
116899 760
116900 554
116901 87
116902 1139
116903 944
116904 911
116905 569
116906 206
116907 171
116908 363
116909 161
116910 269
116911 1098
116912 843
116913 738
116914 409
116915 20
116916 228
116917 195
116918 618
116919 877
116920 773
116921 274
116922 899
116923 854
116924 108
116925 75
116926 437
116927 642
116928 470
116929 1109
116930 806
116931 497
116932 742
116933 519
116934 943
116935 492
116936 193
116937 862
116938 963
116939 98
116940 465
116941 426
116942 565
116943 424
116944 264
116945 304
116946 99
116947 205
116948 489
116949 71
116950 333
116951 659
116952 372
116953 675
116954 578
116955 1032
116956 1031
116957 411
116958 871
116959 937
116960 650
116961 1094
116962 616
116963 275
116964 1091
116965 32
116966 356
116967 867
116968 328
116969 592
116970 940
116971 1168
116972 524
116973 750
116974 957
116975 44
116976 453
116977 308
116978 730
116979 85
116980 483
116981 670
116982 548
116983 242
116984 412
116985 696
116986 142
116987 752
116988 908
116989 747
116990 610
116991 517
116992 1057
116993 1017
116994 667
116995 306
116996 983
116997 859
116998 105
116999 715
117000 697
117001 572
117002 243
117003 476
117004 486
117005 273
117006 140
117007 892
117008 730
117009 89
117010 36
117011 526
117012 519
117013 776
117014 418
117015 116
117016 653
117017 1049
117018 808
117019 810
117020 660
117021 819
117022 1059
117023 785
117024 411
117025 1127
117026 384
117027 431
117028 568
117029 769
117030 273
117031 42
117032 33
117033 22
117034 1098
117035 97
117036 431
117037 450
117038 997
117039 1020
117040 918
117041 683
117042 1051
117043 341
117044 567
117045 506
117046 187
117047 376
117048 563
117049 258
117050 961
117051 436
117052 641
117053 605
117054 1067
117055 133
117056 1075
117057 362
117058 371
117059 864
117060 120
117061 944
117062 1028
117063 1001
117064 729
117065 74
117066 81
117067 894
117068 30
117069 939
117070 222
117071 802
117072 523
117073 794
117074 406
117075 974
117076 243
117077 878
117078 490
117079 214
117080 1154
117081 829
117082 786
117083 920
117084 224
117085 303
117086 1126
117087 118
117088 1018
117089 713
117090 373
117091 867
117092 164
117093 1096
117094 760
117095 710
117096 639
117097 840
117098 1160
117099 753
117100 119
117101 7
117102 327
117103 182
117104 799
117105 801
117106 135
117107 970
117108 597
117109 117
117110 797
117111 721
117112 585
117113 497
117114 1138
117115 698
117116 59
117117 882
117118 1036
117119 795
117120 1045
117121 930
117122 983
117123 879
117124 230
117125 197
117126 827
117127 224
117128 999
117129 314
117130 1056
117131 693
117132 798
117133 523
117134 373
117135 771
117136 489
117137 1143
117138 512
117139 294
117140 637
117141 198
117142 669
117143 1024
117144 716
117145 994
117146 1015
117147 491
117148 8
117149 937
117150 138
117151 277
117152 742
117153 783
117154 739
117155 678
117156 246
117157 597
117158 40
117159 936
117160 210
117161 400
117162 485
117163 933
117164 256
117165 413
117166 828
117167 1085
117168 475
117169 797
117170 790
117171 1089
117172 904
117173 743
117174 121
117175 673
117176 838
117177 945
117178 1126
117179 331
117180 966
117181 564
117182 979
117183 510
117184 516
117185 950
117186 198
117187 29
117188 337
117189 68
117190 72
117191 122
117192 1123
117193 127
117194 32
117195 467
117196 582
117197 1118
117198 1112
117199 682
117200 11
117201 1078
117202 718
117203 942
117204 747
117205 1141
117206 1066
117207 1071
117208 438
117209 228
117210 1159
117211 346
117212 658
117213 1157
117214 426
117215 430
117216 87
117217 1061
117218 649
117219 741
117220 144
117221 716
117222 362
117223 1042
117224 480
117225 670
117226 725
117227 197
117228 640
117229 177
117230 550
117231 226
117232 1057
117233 11
117234 925
117235 174
117236 704
117237 628
117238 527
117239 697
117240 516
117241 837
117242 482
117243 397
117244 128
117245 199
117246 770
117247 81
117248 610
117249 818
117250 202
117251 639
117252 144
117253 891
117254 771
117255 391
117256 1119
117257 467
117258 713
117259 106
117260 779
117261 1015
117262 519
117263 179
117264 30
117265 955
117266 213
117267 1075
117268 1140
117269 1052
117270 386
117271 60
117272 767
117273 865
117274 70
117275 978
117276 208
117277 566
117278 157
117279 281
117280 431
117281 803
117282 693
117283 373
117284 296
117285 340
117286 587
117287 1084
117288 463
117289 421
117290 243
117291 437
117292 665
117293 1124
117294 372
117295 934
117296 597
117297 147
117298 298
117299 1090
117300 848
117301 760
117302 981
117303 327
117304 936
117305 412
117306 1038
117307 830
117308 73
117309 419
117310 908
117311 745
117312 402
117313 435
117314 858
117315 646
117316 906
117317 13
117318 264
117319 622
117320 953
117321 386
117322 540
117323 69
117324 683
117325 479
117326 906
117327 599
117328 481
117329 570
117330 270
117331 240
117332 486
117333 202
117334 141
117335 575
117336 226
117337 861
117338 529
117339 965
117340 1039
117341 880
117342 267
117343 739
117344 777
117345 1095
117346 1121
117347 932
117348 143
117349 1086
117350 279
117351 207
117352 164
117353 181
117354 167
117355 411
117356 482
117357 341
117358 212
117359 970
117360 141
117361 910
117362 413
117363 187
117364 107
117365 571
117366 526
117367 113
117368 408
117369 620
117370 1082
117371 626
117372 296
117373 591
117374 674
117375 67
117376 168
117377 34
117378 392
117379 808
117380 549
117381 878
117382 83
117383 141
117384 398
117385 165
117386 132
117387 331
117388 212
117389 361
117390 362
117391 253
117392 434
117393 50
117394 913
117395 817
117396 964
117397 777
117398 678
117399 1058
117400 967
117401 674
117402 928
117403 156
117404 776
117405 75
117406 236
117407 855
117408 305
117409 237
117410 854
117411 839
117412 180
117413 842
117414 163
117415 39
117416 1033
117417 125
117418 835
117419 817
117420 912
117421 682
117422 738
117423 430
117424 831
117425 203
117426 1136
117427 901
117428 733
117429 186
117430 374
117431 1138
117432 570
117433 1069
117434 235
117435 634
117436 328
117437 902
117438 1091
117439 419
117440 997
117441 179
117442 250
117443 248
117444 1094
117445 962
117446 291
117447 465
117448 1054
117449 75
117450 1092
117451 659
117452 689
117453 140
117454 326
117455 718
117456 45
117457 122
117458 434
117459 675
117460 279
117461 66
117462 892
117463 597
117464 324
117465 255
117466 70
117467 65
117468 533
117469 548
117470 405
117471 333
117472 546
117473 287
117474 537
117475 550
117476 739
117477 522
117478 990
117479 1128
117480 233
117481 905
117482 495
117483 623
117484 114
117485 903
117486 1073
117487 671
117488 254
117489 1022
117490 271
117491 227
117492 1034
117493 601
117494 80
117495 838
117496 336
117497 837
117498 185
117499 1163
117500 602
117501 824
117502 16
117503 505
117504 1001
117505 491
117506 328
117507 44
117508 594
117509 1037
117510 423
117511 914
117512 553
117513 1014
117514 203
117515 631
117516 382
117517 507
117518 946
117519 935
117520 310
117521 663
117522 338
117523 135
117524 706
117525 192
117526 517
117527 306
117528 9
117529 435
117530 53
117531 494
117532 857
117533 249
