60000 440
60001 981
60002 709
60003 1044
60004 1133
60005 911
60006 59
60007 1495
60008 887
60009 1663
60010 1033
60011 737
60012 792
60013 537
60014 1560
60015 1729
60016 1502
60017 65
60018 1092
60019 1246
60020 790
60021 713
60022 1396
60023 1441
60024 703
60025 421
60026 432
60027 1364
60028 839
60029 249
60030 1509
60031 445
60032 1979
60033 940
60034 1288
60035 576
60036 1389
60037 428
60038 1758
60039 1722
60040 1865
60041 237
60042 683
60043 465
60044 1152
60045 1405
60046 1226
60047 924
60048 1354
60049 412
60050 1167
60051 861
60052 966
60053 1083
60054 1170
60055 241
60056 682
60057 884
60058 1147
60059 1765
60060 712
60061 147
60062 28
60063 1811
60064 523
60065 1429
60066 1854
60067 1530
60068 804
60069 348
60070 558
60071 1953
60072 265
60073 232
60074 1420
60075 440
60076 99
60077 1517
60078 378
60079 486
60080 455
60081 41
60082 436
60083 1384
60084 1475
60085 858
60086 1024
60087 1335
60088 1380
60089 1655
60090 1809
60091 60
60092 1438
60093 487
60094 193
60095 894
60096 504
60097 82
60098 1317
60099 1253
60100 388
60101 1605
60102 1938
60103 570
60104 426
60105 835
60106 467
60107 477
60108 944
60109 300
60110 1760
60111 1041
60112 1267
60113 1240
60114 1769
60115 649
60116 1161
60117 235
60118 682
60119 1097
60120 775
60121 796
60122 1683
60123 661
60124 1942
60125 8
60126 1969
60127 803
60128 1477
60129 623
60130 1519
60131 1321
60132 377
60133 756
60134 1900
60135 1088
60136 1316
60137 95
60138 1535
60139 648
60140 1914
60141 1164
60142 1351
60143 1313
60144 1243
60145 1902
60146 1404
60147 1938
60148 1453
60149 1526
60150 1862
60151 944
60152 1120
60153 787
60154 886
60155 1587
60156 101
60157 536
60158 1701
60159 775
60160 1366
60161 112
60162 1038
60163 240
60164 1889
60165 1436
60166 127
60167 1862
60168 1373
60169 1854
60170 1006
60171 90
60172 595
60173 1620
60174 849
60175 751
60176 552
60177 1232
60178 1875
60179 155
60180 1271
60181 1314
60182 70
60183 858
60184 516
60185 91
60186 833
60187 683
60188 242
60189 1120
60190 1648
60191 1305
60192 245
60193 679
60194 838
60195 1931
60196 1074
60197 1269
60198 877
60199 768
60200 261
60201 861
60202 47
60203 768
60204 1152
60205 252
60206 483
60207 1568
60208 704
60209 1763
60210 157
60211 1002
60212 1033
60213 445
60214 1943
60215 1295
60216 119
60217 1882
60218 692
60219 421
60220 833
60221 783
60222 229
60223 1431
60224 642
60225 543
60226 116
60227 426
60228 1836
60229 501
60230 739
60231 373
60232 681
60233 1478
60234 66
60235 1096
60236 317
60237 1403
60238 528
60239 1140
60240 1418
60241 1679
60242 526
60243 1270
60244 687
60245 644
60246 555
60247 163
60248 1339
60249 1256
60250 1676
60251 1625
60252 1280
60253 1608
60254 1217
60255 32
60256 1416
60257 1140
60258 1791
60259 1229
60260 317
60261 527
60262 474
60263 1531
60264 660
60265 894
60266 419
60267 47
60268 317
60269 445
60270 211
60271 583
60272 1521
60273 1126
60274 650
60275 637
60276 1155
60277 1427
60278 1084
60279 941
60280 1210
60281 311
60282 944
60283 240
60284 1317
60285 1915
60286 1554
60287 1123
60288 525
60289 718
60290 1737
60291 1907
60292 1347
60293 1857
60294 1557
60295 641
60296 720
60297 475
60298 875
60299 1535
60300 1623
60301 1561
60302 1117
60303 806
60304 1318
60305 1619
60306 945
60307 373
60308 865
60309 139
60310 77
60311 1793
60312 1448
60313 1730
60314 366
60315 359
60316 408
60317 697
60318 400
60319 330
60320 754
60321 857
60322 535
60323 986
60324 1490
60325 107
60326 492
60327 703
60328 84
60329 1077
60330 1606
60331 260
60332 1428
60333 627
60334 455
60335 1741
60336 1798
60337 704
60338 614
60339 1544
60340 1364
60341 1436
60342 604
60343 1628
60344 1170
60345 104
60346 1482
60347 1424
60348 665
60349 1118
60350 690
60351 1267
60352 576
60353 486
60354 1715
60355 1882
60356 1202
60357 113
60358 1810
60359 765
60360 528
60361 752
60362 1875
60363 1358
60364 1501
60365 1380
60366 273
60367 1345
60368 1149
60369 131
60370 890
60371 517
60372 1820
60373 1585
60374 1856
60375 1160
60376 0
60377 1839
60378 1166
60379 1199
60380 1702
60381 1390
60382 1904
60383 1572
60384 1316
60385 142
60386 73
60387 1203
60388 277
60389 1739
60390 1899
60391 457
60392 363
60393 1499
60394 355
60395 1931
60396 919
60397 139
60398 298
60399 1906
60400 1375
60401 1776
60402 618
60403 166
60404 1821
60405 486
60406 361
60407 1296
60408 1223
60409 618
60410 987
60411 885
60412 302
60413 301
60414 359
60415 1541
60416 1552
60417 867
60418 1145
60419 1556
60420 1830
60421 374
60422 1407
60423 920
60424 1745
60425 283
60426 845
60427 1830
60428 95
60429 838
60430 1858
60431 1194
60432 1153
60433 1907
60434 1492
60435 1127
60436 234
60437 1755
60438 798
60439 960
60440 1394
60441 1633
60442 1245
60443 423
60444 155
60445 1285
60446 16
60447 192
60448 1145
60449 1213
60450 1560
60451 1117
60452 267
60453 842
60454 348
60455 1412
60456 894
60457 1305
60458 447
60459 696
60460 1977
60461 166
60462 56
60463 1596
60464 1364
60465 165
60466 453
60467 789
60468 1443
60469 622
60470 333
60471 1431
60472 1621
60473 1037
60474 1098
60475 293
60476 1581
60477 1145
60478 364
60479 1835
60480 294
60481 1796
60482 1255
60483 0
60484 1325
60485 1180
60486 1125
60487 1712
60488 1180
60489 521
60490 707
60491 1093
60492 1860
60493 1547
60494 360
60495 1693
60496 1031
60497 1029
60498 1666
60499 1908
60500 1957
60501 92
60502 1457
60503 1593
60504 363
60505 1299
60506 168
60507 1738
60508 360
60509 1494
60510 1098
60511 1887
60512 357
60513 697
60514 939
60515 1495
60516 1492
60517 890
60518 1193
60519 1368
60520 664
60521 1947
60522 1270
60523 1077
60524 2
60525 140
60526 1284
60527 103
60528 1292
60529 398
60530 844
60531 1911
60532 1334
60533 147
60534 906
60535 560
60536 121
60537 116
60538 81
60539 1489
60540 1331
60541 842
60542 1643
60543 1303
60544 921
60545 1376
60546 271
60547 1752
60548 43
60549 365
60550 1006
60551 382
60552 744
60553 662
60554 798
60555 1685
60556 1182
60557 1695
60558 1528
60559 1876
60560 732
60561 44
60562 687
60563 1038
60564 107
60565 1893
60566 1671
60567 514
60568 79
60569 1780
60570 199
60571 1208
60572 1038
60573 103
60574 484
60575 283
60576 49
60577 437
60578 1763
60579 511
60580 432
60581 70
60582 535
60583 57
60584 743
60585 1481
60586 1421
60587 1701
60588 89
60589 528
60590 1411
60591 1401
60592 1274
60593 1834
60594 103
60595 1732
60596 317
60597 1816
60598 734
60599 1216
60600 1733
60601 5
60602 1084
60603 1919
60604 1674
60605 619
60606 549
60607 1200
60608 1671
60609 439
60610 885
60611 1259
60612 1185
60613 1624
60614 1400
60615 382
60616 790
60617 768
60618 1305
60619 845
60620 1014
60621 101
60622 1875
60623 145
60624 904
60625 1260
60626 735
60627 972
60628 1862
60629 1716
60630 393
60631 636
60632 757
60633 1013
60634 352
60635 1576
60636 1973
60637 188
60638 1844
60639 1365
60640 1405
60641 164
60642 282
60643 1144
60644 657
60645 1525
60646 1503
60647 262
60648 429
60649 92
60650 753
60651 1120
60652 1127
60653 1535
60654 78
60655 900
60656 540
60657 733
60658 1771
60659 704
60660 439
60661 1697
60662 1091
60663 1399
60664 105
60665 1152
60666 919
60667 1863
60668 1975
60669 569
60670 1643
60671 428
60672 1184
60673 959
60674 205
60675 798
60676 2
60677 73
60678 1794
60679 1954
60680 1076
60681 1186
60682 440
60683 594
60684 602
60685 1770
60686 573
60687 147
60688 178
60689 1411
60690 1844
60691 942
60692 869
60693 1194
60694 1516
60695 1851
60696 512
60697 887
60698 1918
60699 760
60700 169
60701 1832
60702 237
60703 1123
60704 378
60705 1905
60706 644
60707 1064
60708 1604
60709 1250
60710 1633
60711 0
60712 84
60713 315
60714 1751
60715 124
60716 178
60717 1251
60718 1733
60719 1908
60720 332
60721 529
60722 65
60723 1531
60724 360
60725 1490
60726 1836
60727 108
60728 1444
60729 1281
60730 1423
60731 1884
60732 1398
60733 1498
60734 1711
60735 766
60736 1080
60737 409
60738 830
60739 844
60740 602
60741 493
60742 236
60743 861
60744 715
60745 188
60746 1046
60747 209
60748 1453
60749 296
60750 1142
60751 353
60752 247
60753 1423
60754 1122
60755 1016
60756 1546
60757 155
60758 655
60759 1028
60760 1294
60761 1555
60762 331
60763 1500
60764 97
60765 1085
60766 1517
60767 669
60768 1975
60769 1454
60770 1750
60771 8
60772 149
60773 39
60774 1044
60775 1408
60776 1231
60777 459
60778 1875
60779 1388
60780 1927
60781 1579
60782 330
60783 1584
60784 1633
60785 1726
60786 199
60787 351
60788 885
60789 1626
60790 610
60791 589
60792 1483
60793 1298
60794 706
60795 794
60796 100
60797 871
60798 746
60799 1812
60800 189
60801 824
60802 937
60803 379
60804 1123
60805 245
60806 1032
60807 1202
60808 89
60809 622
60810 775
60811 423
60812 1026
60813 1017
60814 452
60815 588
60816 1015
60817 1755
60818 468
60819 839
60820 1255
60821 955
60822 1129
60823 1658
60824 174
60825 907
60826 166
60827 953
60828 1844
60829 564
60830 245
60831 177
60832 1388
60833 891
60834 1839
60835 1510
60836 644
60837 393
60838 1478
60839 109
60840 265
60841 1188
60842 1202
60843 344
60844 1435
60845 1848
60846 1961
60847 213
60848 1159
60849 343
60850 1638
60851 1039
60852 419
60853 502
60854 1123
60855 263
60856 1685
60857 13
60858 289
60859 0
60860 486
60861 1965
60862 1854
60863 44
60864 62
60865 574
60866 1789
60867 1725
60868 1418
60869 1090
60870 1458
60871 1025
60872 14
60873 24
60874 552
60875 1228
60876 570
60877 884
60878 640
60879 1122
60880 1656
60881 479
60882 1552
60883 383
60884 1067
60885 1214
60886 699
60887 1075
60888 1648
60889 1789
60890 1713
60891 1319
60892 1777
60893 1246
60894 596
60895 190
60896 1588
60897 1034
60898 791
60899 1408
60900 1267
60901 75
60902 1958
60903 581
60904 149
60905 1021
60906 730
60907 1006
60908 1893
60909 1581
60910 527
60911 12
60912 411
60913 1041
60914 990
60915 849
60916 243
60917 681
60918 330
60919 368
60920 719
60921 854
60922 263
60923 361
60924 865
60925 1495
60926 920
60927 296
60928 180
60929 11
60930 1966
60931 1055
60932 1959
60933 1048
60934 1946
60935 1176
60936 1478
60937 1241
60938 763
60939 1216
60940 647
60941 1195
60942 217
60943 1203
60944 313
60945 1294
60946 970
60947 154
60948 128
60949 567
60950 241
60951 1581
60952 1608
60953 375
60954 1923
60955 10
60956 1013
60957 373
60958 1257
60959 1567
60960 1780
60961 1782
60962 1889
60963 645
60964 465
60965 1451
60966 496
60967 289
60968 1752
60969 1350
60970 1097
60971 101
60972 882
60973 1498
60974 33
60975 466
60976 303
60977 1943
60978 412
60979 1744
60980 1172
60981 1276
60982 1825
60983 855
60984 409
60985 891
60986 1219
60987 944
60988 769
60989 1642
60990 1622
60991 1754
60992 755
60993 1932
60994 414
60995 1665
60996 474
60997 1049
60998 412
60999 1387
61000 660
61001 285
61002 1589
61003 1301
61004 1722
61005 1384
61006 151
61007 811
61008 395
61009 1799
61010 568
61011 694
61012 286
61013 222
61014 1069
61015 394
61016 773
61017 866
61018 1979
61019 551
61020 304
61021 933
61022 1527
61023 71
61024 942
61025 876
61026 110
61027 1025
61028 1911
61029 1481
61030 285
61031 1067
61032 985
61033 1265
61034 1981
61035 1366
61036 1568
61037 1891
61038 908
61039 1878
61040 1528
61041 333
61042 160
61043 1125
61044 1679
61045 197
61046 1255
61047 1816
61048 298
61049 1550
61050 853
61051 1922
61052 1879
61053 259
61054 862
61055 973
61056 1392
61057 103
61058 1516
61059 1201
61060 1200
61061 381
61062 618
61063 1708
61064 734
61065 1584
61066 716
61067 1758
61068 1635
61069 556
61070 1069
61071 99
61072 890
61073 305
61074 932
61075 1186
61076 1864
61077 355
61078 121
61079 1818
61080 1664
61081 1187
61082 213
61083 1882
61084 1698
61085 1675
61086 627
61087 1852
61088 662
61089 580
61090 1973
61091 847
61092 1964
61093 1073
61094 1275
61095 1879
61096 1170
61097 1817
61098 158
61099 717
61100 541
61101 162
61102 530
61103 514
61104 1410
61105 1750
61106 1490
61107 297
61108 540
61109 1821
61110 275
61111 335
61112 1727
61113 1157
61114 206
61115 38
61116 1261
61117 1369
61118 1935
61119 1405
61120 617
61121 1333
61122 1954
61123 448
61124 1366
61125 401
61126 1865
61127 90
61128 1080
61129 459
61130 57
61131 1129
61132 1043
61133 698
61134 249
61135 209
61136 906
61137 1655
61138 655
61139 1163
61140 715
61141 1702
61142 655
61143 1071
61144 1783
61145 227
61146 348
61147 1014
61148 385
61149 483
61150 1686
61151 1242
61152 765
61153 972
61154 727
61155 415
61156 1918
61157 1560
61158 170
61159 1141
61160 1827
61161 529
61162 1829
61163 816
61164 1251
61165 810
61166 1440
61167 98
61168 791
61169 1138
61170 1883
61171 941
61172 1167
61173 964
61174 1338
61175 665
61176 383
61177 32
61178 442
61179 1499
61180 440
61181 671
61182 816
61183 635
61184 486
61185 427
61186 1353
61187 379
61188 1848
61189 1359
61190 1704
61191 267
61192 1554
61193 315
61194 803
61195 1468
61196 559
61197 490
61198 475
61199 1369
61200 764
61201 74
61202 430
61203 1858
61204 338
61205 1282
61206 402
61207 474
61208 1868
61209 1481
61210 145
61211 1973
61212 818
61213 1886
61214 994
61215 1414
61216 495
61217 1681
61218 1041
61219 172
61220 969
61221 1431
61222 1653
61223 480
61224 277
61225 798
61226 158
61227 651
61228 1298
61229 1835
61230 1140
61231 669
61232 155
61233 481
61234 1437
61235 1317
61236 1386
61237 1509
61238 1423
61239 1418
61240 871
61241 1448
61242 146
61243 1906
61244 1343
61245 1880
61246 722
61247 1528
61248 735
61249 643
61250 925
61251 1283
61252 1052
61253 509
61254 123
61255 1820
61256 1909
61257 19
61258 432
61259 302
61260 659
61261 1600
61262 896
61263 1959
61264 1178
61265 347
61266 428
61267 130
61268 995
61269 1309
61270 746
61271 1582
61272 309
61273 121
61274 299
61275 85
61276 872
61277 141
61278 1831
61279 979
61280 1381
61281 513
61282 1634
61283 104
61284 145
61285 70
61286 1335
61287 700
61288 1569
61289 100
61290 112
61291 1728
61292 1633
61293 1130
61294 1507
61295 1119
61296 976
61297 927
61298 734
61299 1167
61300 1429
61301 1180
61302 1901
61303 834
61304 1900
61305 1521
61306 476
61307 1331
61308 1893
61309 403
61310 1873
61311 1562
61312 1667
61313 1468
61314 735
61315 75
61316 1240
61317 1925
61318 686
61319 1416
61320 1164
61321 304
61322 1180
61323 861
61324 1957
61325 110
61326 1553
61327 1430
61328 1057
61329 130
61330 238
61331 1526
61332 617
61333 894
61334 1566
61335 1002
61336 1699
61337 522
61338 852
61339 847
61340 415
61341 653
61342 1077
61343 198
61344 679
61345 1375
61346 1618
61347 1156
61348 418
61349 531
61350 1298
61351 1106
61352 621
61353 978
61354 373
61355 512
61356 535
61357 1473
61358 262
61359 1285
61360 383
61361 1349
61362 158
61363 19
61364 1773
61365 1434
61366 1131
61367 731
61368 496
61369 369
61370 108
61371 1734
61372 289
61373 1812
61374 222
61375 1654
61376 1726
61377 719
61378 1878
61379 14
61380 1618
61381 222
61382 1421
61383 975
61384 410
61385 967
61386 1977
61387 1013
61388 531
61389 569
61390 817
61391 995
61392 1057
61393 1523
61394 662
61395 1824
61396 777
61397 1970
61398 847
61399 791
61400 319
61401 1611
61402 714
61403 1495
61404 455
61405 1714
61406 948
61407 102
61408 1221
61409 1050
61410 315
61411 1190
61412 624
61413 1448
61414 123
61415 1206
61416 419
61417 1627
61418 1465
61419 1252
61420 1880
61421 1595
61422 253
61423 1280
61424 1217
61425 867
61426 1702
61427 1895
61428 1345
61429 1153
61430 226
61431 229
61432 139
61433 953
61434 461
61435 698
61436 1089
61437 1925
61438 1042
61439 1514
61440 630
61441 1791
61442 856
61443 33
61444 7
61445 1537
61446 1300
61447 604
61448 71
61449 949
61450 1617
61451 1045
61452 602
61453 1909
61454 1643
61455 946
61456 1480
61457 1923
61458 1701
61459 1671
61460 251
61461 1827
61462 248
61463 1970
61464 1740
61465 1260
61466 472
61467 766
61468 1108
61469 730
61470 1527
61471 748
61472 484
61473 1958
61474 1127
61475 869
61476 658
61477 535
61478 1293
61479 1915
61480 1972
61481 150
61482 552
61483 1978
61484 71
61485 1825
61486 1316
61487 1145
61488 252
61489 1781
61490 278
61491 1084
61492 1139
61493 1520
61494 1566
61495 168
61496 207
61497 970
61498 239
61499 460
61500 1089
61501 1601
61502 252
61503 1304
61504 1133
61505 1255
61506 1494
61507 1522
61508 744
61509 126
61510 1552
61511 916
61512 345
61513 665
61514 19
61515 1558
61516 450
61517 652
61518 486
61519 747
61520 1716
61521 276
61522 901
61523 961
61524 73
61525 1939
61526 1134
61527 1121
61528 762
61529 1743
61530 325
61531 871
61532 1449
61533 1906
61534 124
61535 761
61536 753
61537 86
61538 424
61539 1722
61540 419
61541 191
61542 1152
61543 196
61544 956
61545 325
61546 1486
61547 74
61548 1587
61549 822
61550 563
61551 792
61552 1147
61553 661
61554 27
61555 1197
61556 354
61557 122
61558 1036
61559 1596
61560 1502
61561 537
61562 372
61563 351
61564 436
61565 896
61566 26
61567 1537
61568 1381
61569 1687
61570 106
61571 1070
61572 1598
61573 373
61574 1563
61575 4
61576 1750
61577 419
61578 15
61579 1448
61580 1981
61581 380
61582 308
61583 855
61584 997
61585 1762
61586 10
61587 880
61588 1781
61589 1536
61590 224
61591 20
61592 295
61593 1096
61594 1564
61595 393
61596 752
61597 466
61598 1074
61599 828
61600 300
61601 1449
61602 1746
61603 698
61604 1366
61605 1536
61606 1345
61607 1351
61608 1973
61609 400
61610 415
61611 335
61612 1842
61613 1065
61614 1460
61615 1219
61616 1644
61617 1780
61618 1062
61619 1219
61620 1057
61621 464
61622 944
61623 360
61624 1494
61625 450
61626 24
61627 596
61628 1438
61629 987
61630 1379
61631 1748
61632 1965
61633 164
61634 838
61635 1165
61636 774
61637 1947
61638 120
61639 1727
61640 211
61641 1634
61642 1894
61643 1464
61644 1345
61645 540
61646 234
61647 1515
61648 1954
61649 423
61650 1777
61651 533
61652 314
61653 353
61654 1883
61655 523
61656 803
61657 831
61658 59
61659 1010
61660 1023
61661 1594
61662 1158
61663 237
61664 819
61665 1454
61666 1021
61667 1380
61668 1185
61669 462
61670 655
61671 1300
61672 1722
61673 100
61674 1693
61675 1783
61676 1477
61677 713
61678 1470
61679 1355
61680 908
61681 482
61682 1156
61683 1806
61684 921
61685 593
61686 1381
61687 1480
61688 720
61689 133
61690 1809
61691 141
61692 988
61693 1676
61694 1
61695 971
61696 1676
61697 667
61698 1121
61699 1619
61700 324
61701 527
61702 941
61703 1586
61704 903
61705 1179
61706 437
61707 453
61708 1167
61709 662
61710 1418
61711 886
61712 356
61713 370
61714 294
61715 1321
61716 637
61717 370
61718 599
61719 845
61720 1533
61721 1357
61722 1587
61723 274
61724 1614
61725 1362
61726 268
61727 1272
61728 1153
61729 1475
61730 1858
61731 563
61732 624
61733 1207
61734 755
61735 1252
61736 1079
61737 340
61738 659
61739 1081
61740 1979
61741 1296
61742 1527
61743 582
61744 813
61745 170
61746 1710
61747 1733
61748 417
61749 627
61750 776
61751 742
61752 1802
61753 1365
61754 350
61755 1707
61756 1725
61757 1297
61758 1525
61759 822
61760 1816
61761 735
61762 24
61763 1392
61764 897
61765 301
61766 658
61767 1269
61768 303
61769 1710
61770 392
61771 426
61772 1851
61773 629
61774 893
61775 570
61776 1940
61777 151
61778 1157
61779 1192
61780 1190
61781 411
61782 1285
61783 1902
61784 575
61785 1321
61786 1108
61787 990
61788 274
61789 445
61790 458
61791 1731
61792 1316
61793 1309
61794 432
61795 986
61796 339
61797 343
61798 1431
61799 1401
61800 837
61801 417
61802 1905
61803 885
61804 1094
61805 1784
61806 1955
61807 807
61808 1970
61809 1366
61810 414
61811 1434
61812 918
61813 242
61814 1394
61815 188
61816 1075
61817 805
61818 1471
61819 1325
61820 1334
61821 1732
61822 263
61823 1933
61824 989
61825 72
61826 456
61827 1739
61828 1213
61829 226
61830 1675
61831 837
61832 127
61833 681
61834 209
61835 603
61836 778
61837 1947
61838 1722
61839 433
61840 822
61841 1863
61842 26
61843 1442
61844 1181
61845 1817
61846 318
61847 1127
61848 687
61849 1331
61850 1861
61851 510
61852 151
61853 582
61854 735
61855 443
61856 43
61857 1629
61858 638
61859 57
61860 1883
61861 762
61862 1002
61863 1083
61864 1737
61865 1601
61866 1602
61867 934
61868 1420
61869 747
61870 1078
61871 1378
61872 825
61873 65
61874 578
61875 1448
61876 344
61877 1529
61878 717
61879 943
61880 538
61881 1819
61882 598
61883 1582
61884 297
61885 1453
61886 66
61887 1461
61888 552
61889 600
61890 1194
61891 1405
61892 1593
61893 1733
61894 434
61895 1381
61896 845
61897 585
61898 645
61899 1253
61900 1236
61901 1169
61902 1911
61903 1595
61904 1629
61905 162
61906 99
61907 130
61908 1326
61909 747
61910 219
61911 949
61912 432
61913 1461
61914 1187
61915 1942
61916 873
61917 1268
61918 1710
61919 515
61920 1344
61921 1005
61922 384
61923 1641
61924 306
61925 490
61926 1400
61927 1454
61928 1941
61929 1320
61930 1979
61931 181
61932 1532
61933 1319
61934 520
61935 111
61936 1148
61937 324
61938 572
61939 1973
61940 1942
61941 1043
61942 1642
61943 643
61944 1277
61945 1456
61946 1037
61947 1021
61948 141
61949 1284
61950 546
61951 604
61952 1036
61953 267
61954 592
61955 960
61956 889
61957 69
61958 1356
61959 1963
61960 639
61961 1933
61962 1697
61963 1645
61964 1887
61965 1018
61966 1817
61967 1200
61968 1383
61969 150
61970 1543
61971 1412
61972 1709
61973 702
61974 1814
61975 1004
61976 846
61977 831
61978 434
61979 532
61980 899
61981 1380
61982 1051
61983 300
61984 1452
61985 31
61986 334
61987 1868
61988 1761
61989 1888
61990 1573
61991 1731
61992 430
61993 1970
61994 1651
61995 224
61996 415
61997 66
61998 107
61999 701
62000 521
62001 1702
62002 1394
62003 221
62004 1474
62005 123
62006 522
62007 123
62008 1015
62009 1609
62010 1545
62011 622
62012 1126
62013 9
62014 1697
62015 522
62016 448
62017 1494
62018 1701
62019 1644
62020 1659
62021 1208
62022 805
62023 178
62024 1620
62025 1729
62026 1439
62027 1334
62028 361
62029 321
62030 616
62031 1493
62032 12
62033 875
62034 1972
62035 1541
62036 669
62037 1109
62038 394
62039 1659
62040 1829
62041 85
62042 317
62043 1039
62044 101
62045 592
62046 1507
62047 1610
62048 767
62049 1427
62050 204
62051 1952
62052 1866
62053 718
62054 920
62055 1833
62056 1970
62057 440
62058 5
62059 309
62060 1509
62061 1598
62062 1728
62063 1657
62064 379
62065 892
62066 1029
62067 1906
62068 46
62069 1026
62070 485
62071 1387
62072 383
62073 1169
62074 73
62075 1838
62076 1326
62077 636
62078 949
62079 526
62080 1237
62081 241
62082 1973
62083 1169
62084 985
62085 820
62086 783
62087 1675
62088 96
62089 488
62090 820
62091 1513
62092 1536
62093 290
62094 1536
62095 1394
62096 1119
62097 1279
62098 658
62099 176
62100 876
62101 1219
62102 38
62103 524
62104 1383
62105 1101
62106 1830
62107 1329
62108 32
62109 1483
62110 896
62111 1164
62112 659
62113 1707
62114 1331
62115 293
62116 978
62117 1485
62118 348
62119 1318
62120 578
62121 640
62122 1157
62123 1570
62124 560
62125 1271
62126 1719
62127 1271
62128 1021
62129 274
62130 1221
62131 1895
62132 503
62133 1656
62134 1350
62135 1289
62136 545
62137 1046
62138 1951
62139 143
62140 354
62141 79
62142 1502
62143 151
62144 1406
62145 1349
62146 12
62147 332
62148 1146
62149 340
62150 1445
62151 1223
62152 1557
62153 848
62154 233
62155 821
62156 1124
62157 828
62158 792
62159 1917
62160 260
62161 155
62162 719
62163 1202
62164 209
62165 1393
62166 766
62167 1878
62168 1127
62169 114
62170 82
62171 732
62172 948
62173 889
62174 1251
62175 1476
62176 795
62177 492
62178 344
62179 1396
62180 20
62181 1186
62182 879
62183 640
62184 1550
62185 935
62186 371
62187 885
62188 1759
62189 881
62190 1105
62191 1503
62192 1876
62193 1333
62194 240
62195 1944
62196 1871
62197 1033
62198 986
62199 592
62200 962
62201 1430
62202 218
62203 1417
62204 770
62205 139
62206 1537
62207 578
62208 854
62209 1105
62210 671
62211 1123
62212 237
62213 328
62214 1854
62215 451
62216 912
62217 1056
62218 797
62219 1503
62220 1564
62221 1265
62222 793
62223 952
62224 528
62225 1829
62226 763
62227 823
62228 1613
62229 1706
62230 1162
62231 1886
62232 1865
62233 16
62234 280
62235 339
62236 1948
62237 451
62238 1539
62239 1953
62240 386
62241 1913
62242 780
62243 363
62244 189
62245 556
62246 884
62247 1134
62248 748
62249 381
62250 1544
62251 1981
62252 199
62253 1433
62254 282
62255 1114
62256 184
62257 516
62258 1303
62259 900
62260 1614
62261 1856
62262 17
62263 1120
62264 587
62265 1653
62266 1140
62267 638
62268 412
62269 1078
62270 796
62271 502
62272 671
62273 1724
62274 340
62275 1918
62276 1889
62277 1275
62278 394
62279 1611
62280 398
62281 119
62282 69
62283 116
62284 361
62285 936
62286 1505
62287 636
62288 866
62289 877
62290 1109
62291 1565
62292 1009
62293 247
62294 442
62295 1298
62296 1977
62297 1936
62298 1175
62299 964
62300 1855
62301 751
62302 1798
62303 1239
62304 1906
62305 175
62306 277
62307 1373
62308 1459
62309 308
62310 1696
62311 1895
62312 1415
62313 1372
62314 342
62315 624
62316 552
62317 1222
62318 313
62319 1676
62320 1761
62321 1409
62322 528
62323 667
62324 974
62325 593
62326 854
62327 1904
62328 1218
62329 1839
62330 738
62331 1816
62332 709
62333 865
62334 1540
62335 805
62336 1714
62337 772
62338 249
62339 1480
62340 1861
62341 915
62342 1963
62343 615
62344 1457
62345 225
62346 740
62347 1257
62348 589
62349 1802
62350 1263
62351 769
62352 1346
62353 912
62354 189
62355 1656
62356 1039
62357 597
62358 1812
62359 1717
62360 432
62361 346
62362 1265
62363 948
62364 2
62365 1132
62366 1548
62367 553
62368 82
62369 904
62370 1760
62371 721
62372 1726
62373 727
62374 1071
62375 1190
62376 1155
62377 1565
62378 281
62379 253
62380 373
62381 1300
62382 162
62383 579
62384 1589
62385 1086
62386 428
62387 1690
62388 1233
62389 811
62390 855
62391 869
62392 1789
62393 704
62394 930
62395 1553
62396 780
62397 1404
62398 611
62399 1569
62400 1045
62401 449
62402 1400
62403 963
62404 488
62405 1179
62406 1225
62407 1238
62408 1855
62409 1266
62410 514
62411 126
62412 1961
62413 1116
62414 1815
62415 881
62416 945
62417 788
62418 1737
62419 526
62420 1065
62421 867
62422 447
62423 1569
62424 708
62425 843
62426 610
62427 1960
62428 525
62429 98
62430 53
62431 1877
62432 1786
62433 841
62434 682
62435 1503
62436 1521
62437 1818
62438 767
62439 223
62440 1707
62441 599
62442 1420
62443 139
62444 617
62445 1175
62446 1825
62447 237
62448 749
62449 1797
62450 1832
62451 351
62452 1667
62453 909
62454 90
62455 1497
62456 1831
62457 1018
62458 1753
62459 967
62460 951
62461 1269
62462 911
62463 1414
62464 80
62465 152
62466 747
62467 1421
62468 1685
62469 1713
62470 1121
62471 40
62472 1680
62473 115
62474 262
62475 829
62476 1818
62477 461
62478 252
62479 894
62480 420
62481 236
62482 389
62483 230
62484 569
62485 1582
62486 676
62487 224
62488 639
62489 687
62490 1386
62491 1025
62492 359
62493 1983
62494 663
62495 747
62496 88
62497 278
62498 1104
62499 1550
62500 1259
62501 569
62502 1541
62503 769
62504 1592
62505 107
62506 25
62507 1221
62508 1435
62509 1972
62510 718
62511 865
62512 396
62513 978
62514 230
62515 852
62516 913
62517 73
62518 36
62519 756
62520 674
62521 1244
62522 680
62523 1281
62524 761
62525 1792
62526 602
62527 932
62528 23
62529 307
62530 1019
62531 377
62532 1077
62533 848
62534 1195
62535 1128
62536 579
62537 1126
62538 15
62539 1630
62540 385
62541 120
62542 1587
62543 851
62544 1412
62545 1384
62546 1446
62547 934
62548 1105
62549 289
62550 610
62551 1920
62552 1932
62553 1088
62554 1159
62555 854
62556 1058
62557 780
62558 581
62559 1714
62560 620
62561 1819
62562 1567
62563 1031
62564 1319
62565 135
62566 70
62567 1838
62568 1955
62569 461
62570 272
62571 1490
62572 992
62573 290
62574 1078
62575 186
62576 1689
62577 342
62578 1167
62579 78
62580 1143
62581 924
62582 716
62583 1761
62584 1911
62585 1416
62586 931
62587 1828
62588 1207
62589 578
62590 355
62591 515
62592 1208
62593 1530
62594 243
62595 536
62596 898
62597 1425
62598 1598
62599 753
62600 1205
62601 1317
62602 947
62603 280
62604 1494
62605 1217
62606 674
62607 1691
62608 380
62609 219
62610 138
62611 1257
62612 1482
62613 513
62614 103
62615 1200
62616 1696
62617 634
62618 656
62619 409
62620 88
62621 853
62622 1465
62623 64
62624 1492
62625 154
62626 1311
62627 414
62628 753
62629 64
62630 139
62631 747
62632 810
62633 1844
62634 1958
62635 1913
62636 1235
62637 1628
62638 1011
62639 1210
62640 330
62641 1963
62642 823
62643 87
62644 1860
62645 1206
62646 1017
62647 1743
62648 692
62649 172
62650 834
62651 954
62652 1055
62653 1858
62654 1168
62655 950
62656 1046
62657 483
62658 13
62659 1617
62660 1025
62661 777
62662 933
62663 994
62664 159
62665 11
62666 821
62667 1469
62668 294
62669 1475
62670 108
62671 983
62672 685
62673 48
62674 918
62675 386
62676 1729
62677 936
62678 1587
62679 1705
62680 118
62681 309
62682 1644
62683 1800
62684 1779
62685 546
62686 1443
62687 631
62688 18
62689 1920
62690 718
62691 994
62692 734
62693 1091
62694 501
62695 395
62696 1579
62697 980
62698 838
62699 437
62700 1563
62701 1148
62702 1106
62703 1621
62704 1668
62705 1334
62706 189
62707 1813
62708 159
62709 1226
62710 895
62711 1611
62712 147
62713 1901
62714 77
62715 114
62716 1725
62717 908
62718 859
62719 789
62720 566
62721 927
62722 1186
62723 864
62724 1607
62725 1266
62726 758
62727 1586
62728 1905
62729 313
62730 1926
62731 926
62732 544
62733 1264
62734 825
62735 180
62736 456
62737 632
62738 1859
62739 1545
62740 718
62741 1246
62742 1802
62743 494
62744 526
62745 1283
62746 472
62747 148
62748 1900
62749 127
62750 1057
62751 1332
62752 148
62753 1395
62754 1574
62755 1262
62756 996
62757 815
62758 1054
62759 286
62760 1216
62761 1099
62762 1335
62763 84
62764 1419
62765 749
62766 1656
62767 449
62768 648
62769 1979
62770 1390
62771 967
62772 277
62773 461
62774 1106
62775 1367
62776 1288
62777 1939
62778 1244
62779 1285
62780 1651
62781 651
62782 1411
62783 854
62784 966
62785 9
62786 205
62787 525
62788 701
62789 432
62790 498
62791 1358
62792 1892
62793 1453
62794 1508
62795 357
62796 578
62797 843
62798 1151
62799 1620
62800 1613
62801 1540
62802 659
62803 939
62804 1551
62805 442
62806 412
62807 867
62808 511
62809 1410
62810 897
62811 1236
62812 98
62813 1137
62814 1058
62815 1597
62816 995
62817 479
62818 1806
62819 1536
62820 941
62821 352
62822 960
62823 1494
62824 100
62825 33
62826 752
62827 1530
62828 1032
62829 456
62830 1295
62831 1705
62832 1268
62833 711
62834 160
62835 878
62836 534
62837 470
62838 1301
62839 224
62840 287
62841 1908
62842 1654
62843 139
62844 1048
62845 1450
62846 199
62847 1552
62848 519
62849 1961
62850 1931
62851 496
62852 615
62853 81
62854 1131
62855 1034
62856 1189
62857 1086
62858 1293
62859 1077
62860 474
62861 169
62862 1257
62863 292
62864 1336
62865 762
62866 1059
62867 1470
62868 242
62869 894
62870 980
62871 1437
62872 1444
62873 1454
62874 363
62875 1213
62876 1885
62877 1983
62878 1234
62879 1182
62880 160
62881 1074
62882 1742
62883 732
62884 6
62885 1125
62886 54
62887 260
62888 1840
62889 127
62890 126
62891 1723
62892 749
62893 1707
62894 1
62895 723
62896 1288
62897 112
62898 868
62899 1960
62900 466
62901 278
62902 165
62903 325
62904 1741
62905 1772
62906 264
62907 478
62908 5
62909 144
62910 512
62911 1645
62912 1585
62913 636
62914 465
62915 601
62916 1697
62917 603
62918 813
62919 237
62920 790
62921 1795
62922 1155
62923 1232
62924 1316
62925 1666
62926 491
62927 1576
62928 1036
62929 1113
62930 412
62931 156
62932 1062
62933 1450
62934 572
62935 1294
62936 871
62937 192
62938 326
62939 509
62940 1457
62941 310
62942 760
62943 927
62944 1408
62945 255
62946 701
62947 1900
62948 915
62949 708
62950 698
62951 1303
62952 1079
62953 1126
62954 1396
62955 1075
62956 747
62957 1933
62958 588
62959 271
62960 1353
62961 56
62962 746
62963 1292
62964 1698
62965 970
62966 1949
62967 324
62968 553
62969 1474
62970 1926
62971 1430
62972 809
62973 757
62974 1920
62975 1679
62976 947
62977 580
62978 1326
62979 1325
62980 587
62981 1343
62982 1114
62983 1862
62984 1873
62985 1115
62986 904
62987 166
62988 977
62989 1644
62990 1058
62991 726
62992 148
62993 407
62994 342
62995 1791
62996 1424
62997 833
62998 1356
62999 1711
63000 1215
63001 1284
63002 337
63003 497
63004 1757
63005 1221
63006 526
63007 185
63008 1690
63009 49
63010 1584
63011 761
63012 992
63013 121
63014 1109
63015 25
63016 1206
63017 83
63018 805
63019 584
63020 1367
63021 494
63022 1962
63023 547
63024 1415
63025 1755
63026 1343
63027 1170
63028 1549
63029 1476
63030 1278
63031 1838
63032 692
63033 1818
63034 1426
63035 488
63036 431
63037 358
63038 284
63039 1621
63040 200
63041 360
63042 1956
63043 1535
63044 1753
63045 985
63046 1718
63047 362
63048 1310
63049 1406
63050 1048
63051 522
63052 1354
63053 55
63054 176
63055 861
63056 734
63057 915
63058 969
63059 1279
63060 1165
63061 371
63062 938
63063 345
63064 1512
63065 1419
63066 292
63067 1049
63068 26
63069 507
63070 1491
63071 1018
63072 886
63073 598
63074 1679
63075 94
63076 57
63077 1625
63078 490
63079 925
63080 1490
63081 1500
63082 1906
63083 332
63084 914
63085 261
63086 241
63087 772
63088 899
63089 1260
63090 1964
63091 587
63092 185
63093 217
63094 1015
63095 541
63096 805
63097 1823
63098 67
63099 891
63100 507
63101 582
63102 143
63103 189
63104 1944
63105 1802
63106 681
63107 1116
63108 739
63109 1447
63110 992
63111 1388
63112 1953
63113 109
63114 1
63115 707
63116 1475
63117 1768
63118 917
63119 244
63120 1932
63121 1908
63122 1358
63123 269
63124 1346
63125 959
63126 297
63127 1630
63128 965
63129 233
63130 1408
63131 1525
63132 1319
63133 1591
63134 700
63135 1390
63136 334
63137 1953
63138 1471
63139 381
63140 6
63141 1188
63142 497
63143 1393
63144 909
63145 442
63146 1517
63147 1245
63148 280
63149 10
63150 153
63151 557
63152 1350
63153 341
63154 817
63155 927
63156 901
63157 252
63158 646
63159 1405
63160 292
63161 582
63162 631
63163 1280
63164 1214
63165 1004
63166 418
63167 596
63168 442
63169 1961
63170 1524
63171 166
63172 101
63173 1033
63174 1892
63175 1331
63176 1408
63177 39
63178 662
63179 1808
63180 1680
63181 911
63182 1337
63183 1396
63184 922
63185 1393
63186 1755
63187 2
63188 1527
63189 1008
63190 109
63191 1435
63192 1717
63193 670
63194 175
63195 887
63196 966
63197 513
63198 1524
63199 154
63200 719
63201 1520
63202 219
63203 445
63204 232
63205 147
63206 284
63207 30
63208 545
63209 705
63210 828
63211 1340
63212 1130
63213 1647
63214 1647
63215 618
63216 1939
63217 946
63218 46
63219 1811
63220 1387
63221 232
63222 51
63223 1056
63224 324
63225 1977
63226 1198
63227 1464
63228 865
63229 868
63230 443
63231 58
63232 1471
63233 886
63234 1957
63235 830
63236 195
63237 1529
63238 226
63239 40
63240 724
63241 689
63242 1218
63243 104
63244 1246
63245 1628
63246 1702
63247 1871
63248 8
63249 1183
63250 1974
63251 1763
63252 813
63253 1776
63254 781
63255 1192
63256 756
63257 1026
63258 8
63259 811
63260 406
63261 841
63262 1079
63263 546
63264 1549
63265 1209
63266 229
63267 1448
63268 1138
63269 1418
63270 1847
63271 412
63272 1528
63273 908
63274 936
63275 1416
63276 435
63277 327
63278 1235
63279 1084
63280 1399
63281 960
63282 1414
63283 1561
63284 1393
63285 993
63286 1469
63287 1298
63288 1964
63289 1884
63290 282
63291 1821
63292 902
63293 1269
63294 553
63295 819
63296 1687
63297 149
63298 784
63299 990
63300 1733
63301 1105
63302 1359
63303 1857
63304 666
63305 1887
63306 1267
63307 1494
63308 1216
63309 44
63310 647
63311 1265
63312 530
63313 891
63314 1428
63315 894
63316 562
63317 1400
63318 1122
63319 316
63320 1232
63321 351
63322 1782
63323 464
63324 920
63325 1187
63326 786
63327 833
63328 1689
63329 832
63330 795
63331 1804
63332 1694
63333 1545
63334 1665
63335 1212
63336 1888
63337 504
63338 1153
63339 1811
63340 1406
63341 788
63342 1498
63343 1221
63344 1293
63345 1435
63346 1743
63347 520
63348 1374
63349 1670
63350 1784
63351 1960
63352 164
63353 1237
63354 1757
63355 162
63356 1230
63357 1464
63358 587
63359 852
63360 747
63361 1098
63362 848
63363 581
63364 508
63365 916
63366 480
63367 1140
63368 590
63369 1712
63370 1642
63371 273
63372 871
63373 556
63374 850
63375 1969
63376 728
63377 66
63378 562
63379 801
63380 697
63381 1198
63382 154
63383 1125
63384 314
63385 1766
63386 1237
63387 501
63388 1845
63389 1366
63390 1504
63391 1933
63392 947
63393 1754
63394 1124
63395 1678
63396 222
63397 164
63398 1884
63399 933
63400 1424
63401 1074
63402 430
63403 1661
63404 1119
63405 1171
63406 675
63407 937
63408 1950
63409 1357
63410 553
63411 1106
63412 442
63413 1412
63414 936
63415 650
63416 1821
63417 1938
63418 1842
63419 166
63420 1391
63421 1319
63422 324
63423 73
63424 1838
63425 1837
63426 902
63427 789
63428 315
63429 388
63430 950
63431 777
63432 1714
63433 1119
63434 1405
63435 114
63436 1629
63437 248
63438 822
63439 92
63440 1831
63441 620
63442 1231
63443 546
63444 1103
63445 1035
63446 508
63447 385
63448 157
63449 1667
63450 119
63451 981
63452 207
63453 718
63454 277
63455 1575
63456 1190
63457 824
63458 68
63459 1361
63460 1253
63461 1598
63462 1963
63463 1690
63464 1207
63465 1849
63466 522
63467 1836
63468 302
63469 734
63470 221
63471 1422
63472 1010
63473 1028
63474 1248
63475 206
63476 340
63477 1829
63478 446
63479 1652
63480 264
63481 1549
63482 1262
63483 1622
63484 1917
63485 1962
63486 497
63487 155
63488 407
63489 1896
63490 1025
63491 1508
63492 193
63493 684
63494 754
63495 308
63496 510
63497 1320
63498 1952
63499 1488
63500 204
63501 1595
63502 665
63503 518
63504 1515
63505 164
63506 1656
63507 1849
63508 1117
63509 562
63510 1085
63511 338
63512 714
63513 1419
63514 1302
63515 1041
63516 898
63517 455
63518 1103
63519 933
63520 1669
63521 877
63522 1462
63523 434
63524 1800
63525 1828
63526 489
63527 735
63528 387
63529 392
63530 1828
63531 1719
63532 473
63533 1564
63534 1632
63535 654
63536 401
63537 939
63538 1957
63539 665
63540 1124
63541 1806
63542 1282
63543 1608
63544 1194
63545 1427
63546 886
63547 660
63548 1811
63549 178
63550 517
63551 1887
63552 1599
63553 554
63554 900
63555 174
63556 1787
63557 1679
63558 622
63559 1567
63560 1076
63561 579
63562 628
63563 1586
63564 1659
63565 60
63566 1900
63567 189
63568 544
63569 36
63570 77
63571 433
63572 1976
63573 1899
63574 1235
63575 53
63576 725
63577 1310
63578 1972
63579 1418
63580 995
63581 1122
63582 1645
63583 617
63584 1214
63585 835
63586 1891
63587 1536
63588 1619
63589 64
63590 1862
63591 1195
63592 1853
63593 190
63594 1502
63595 938
63596 840
63597 435
63598 813
63599 954
63600 143
63601 1968
63602 816
63603 648
63604 204
63605 124
63606 1329
63607 1704
63608 821
63609 1215
63610 624
63611 17
63612 741
63613 1325
63614 1789
63615 1948
63616 872
63617 1180
63618 1498
63619 1187
63620 591
63621 1643
63622 1758
63623 91
63624 1436
63625 1657
63626 18
63627 1593
63628 937
63629 30
63630 439
63631 991
63632 462
63633 596
63634 1829
63635 1639
63636 633
63637 1483
63638 1293
63639 45
63640 385
63641 712
63642 400
63643 290
63644 1425
63645 351
63646 176
63647 1177
63648 1451
63649 1501
63650 1823
63651 1508
63652 1628
63653 1751
63654 404
63655 409
63656 422
63657 502
63658 1621
63659 1586
63660 471
63661 838
63662 1056
63663 1915
63664 632
63665 1038
63666 675
63667 1859
63668 1817
63669 1295
63670 556
63671 1875
63672 1045
63673 228
63674 1764
63675 1482
63676 1291
63677 181
63678 392
63679 150
63680 1386
63681 1546
63682 550
63683 1982
63684 163
63685 866
63686 465
63687 1063
63688 117
63689 529
63690 1087
63691 1197
63692 1924
63693 48
63694 1852
63695 1283
63696 87
63697 1835
63698 1410
63699 1755
63700 626
63701 1026
63702 1902
63703 861
63704 1644
63705 1289
63706 1983
63707 1833
63708 35
63709 903
63710 974
63711 1506
63712 1969
63713 1335
63714 1716
63715 934
63716 863
63717 1310
63718 251
63719 1218
63720 795
63721 1447
63722 1673
63723 1706
63724 707
63725 1171
63726 1210
63727 1489
63728 772
63729 1806
63730 610
63731 1319
63732 1853
63733 1223
63734 765
63735 496
63736 1373
63737 974
63738 25
63739 1624
63740 493
63741 142
63742 565
63743 1340
63744 1476
63745 1344
63746 1359
63747 337
63748 1277
63749 1406
63750 1776
63751 279
63752 1269
63753 1064
63754 224
63755 354
63756 1790
63757 1221
63758 137
63759 1502
63760 1499
63761 1323
63762 1941
63763 481
63764 1839
63765 65
63766 202
63767 45
63768 1961
63769 1581
63770 1886
63771 323
63772 1852
63773 20
63774 235
63775 723
63776 114
63777 770
63778 589
63779 960
63780 1581
63781 1525
63782 1786
63783 364
63784 851
63785 1492
63786 1861
63787 1246
63788 406
63789 1417
63790 1685
63791 1239
63792 1644
63793 528
63794 833
63795 253
63796 1861
63797 1409
63798 1074
63799 807
63800 1712
63801 125
63802 401
63803 691
63804 1249
63805 946
63806 686
63807 326
63808 631
63809 766
63810 1662
63811 1281
63812 1652
63813 1517
63814 706
63815 759
63816 987
63817 1776
63818 1713
63819 289
63820 149
63821 630
63822 1877
63823 1774
63824 1682
63825 1792
63826 657
63827 1569
63828 1939
63829 1421
63830 1254
63831 939
63832 1197
63833 159
63834 357
63835 1051
63836 1276
63837 1776
63838 1686
63839 250
63840 516
63841 551
63842 321
63843 500
63844 416
63845 1560
63846 320
63847 1191
63848 1131
63849 1566
63850 332
63851 1610
63852 1391
63853 1786
63854 1650
63855 1186
63856 590
63857 588
63858 1307
63859 1681
63860 1905
63861 1626
63862 142
63863 1530
63864 970
63865 1000
63866 1553
63867 28
63868 312
63869 455
63870 169
63871 735
63872 1918
63873 1232
63874 1359
63875 360
63876 879
63877 150
63878 876
63879 1181
63880 459
63881 838
63882 1951
63883 1667
63884 1207
63885 203
63886 1042
63887 505
63888 1673
63889 1029
63890 1554
63891 1908
63892 1729
63893 640
63894 1503
63895 403
63896 1265
63897 309
63898 1861
63899 1717
63900 1631
63901 67
63902 1094
63903 700
63904 1083
63905 671
63906 592
63907 1727
63908 788
63909 1883
63910 1630
63911 1515
63912 30
63913 893
63914 1649
63915 1535
63916 1959
63917 1855
63918 161
63919 1761
63920 720
63921 287
63922 1291
63923 1187
63924 587
63925 1709
63926 374
63927 579
63928 232
63929 1191
63930 1647
63931 1590
63932 1638
63933 1577
63934 1100
63935 853
63936 1134
63937 340
63938 136
63939 1887
63940 789
63941 993
63942 198
63943 527
63944 450
63945 1205
63946 1942
63947 417
63948 1323
63949 1205
63950 444
63951 1636
63952 1320
63953 627
63954 1402
63955 1440
63956 1358
63957 840
63958 226
63959 857
63960 664
63961 776
63962 822
63963 1526
63964 1247
63965 163
63966 1279
63967 1792
63968 1962
63969 1510
63970 786
63971 782
63972 375
63973 1755
63974 826
63975 665
63976 1044
63977 926
63978 1892
63979 843
63980 548
63981 857
63982 1491
63983 733
63984 724
63985 250
63986 1450
63987 1654
63988 1566
63989 1336
63990 1446
63991 600
63992 1906
63993 252
63994 1217
63995 1883
63996 643
63997 447
63998 1048
63999 882
64000 1824
64001 265
64002 31
64003 1731
64004 1327
64005 918
64006 1189
64007 161
64008 390
64009 1273
64010 1222
64011 1585
64012 645
64013 1684
64014 1029
64015 1167
64016 1690
64017 1648
64018 1474
64019 190
64020 1451
64021 1972
64022 11
64023 942
64024 183
64025 406
64026 635
64027 523
64028 1243
64029 856
64030 110
64031 1672
64032 278
64033 1352
64034 779
64035 446
64036 230
64037 1751
64038 1005
64039 1657
64040 957
64041 896
64042 1763
64043 494
64044 858
64045 689
64046 1929
64047 1857
64048 326
64049 731
64050 1889
64051 1553
64052 801
64053 1429
64054 713
64055 1776
64056 444
64057 1769
64058 1885
64059 160
64060 166
64061 733
64062 521
64063 1537
64064 793
64065 1261
64066 363
64067 1231
64068 260
64069 1518
64070 416
64071 1115
64072 974
64073 814
64074 1470
64075 1670
64076 1012
64077 1698
64078 725
64079 673
64080 519
64081 685
64082 1315
64083 1193
64084 1151
64085 1880
64086 494
64087 1104
64088 520
64089 747
64090 791
64091 1184
64092 206
64093 1460
64094 816
64095 1003
64096 1447
64097 827
64098 1155
64099 147
64100 1418
64101 140
64102 1416
64103 24
64104 755
64105 408
64106 1893
64107 415
64108 1731
64109 706
64110 148
64111 1799
64112 1408
64113 958
64114 53
64115 257
64116 930
64117 1190
64118 459
64119 1595
64120 719
64121 1580
64122 1309
64123 165
64124 547
64125 1424
64126 1553
64127 142
64128 963
64129 1722
64130 1748
64131 1457
64132 1849
64133 182
64134 1108
64135 787
64136 439
64137 1816
64138 225
64139 866
64140 679
64141 611
64142 1959
64143 721
64144 1406
64145 4
64146 1104
64147 1473
64148 1975
64149 549
64150 1313
64151 1015
64152 1339
64153 1140
64154 1753
64155 1340
64156 1132
64157 873
64158 806
64159 1825
64160 425
64161 171
64162 1349
64163 1413
64164 220
64165 255
64166 1398
64167 959
64168 1584
64169 1254
64170 487
64171 735
64172 380
64173 1843
64174 32
64175 804
64176 1547
64177 543
64178 347
64179 1316
64180 1181
64181 1510
64182 1972
64183 640
64184 117
64185 230
64186 568
64187 726
64188 1578
64189 1879
64190 1704
64191 1617
64192 675
64193 1880
64194 875
64195 500
64196 516
64197 1375
64198 1590
64199 206
64200 1686
64201 324
64202 1849
64203 517
64204 455
64205 376
64206 1009
64207 590
64208 656
64209 892
64210 117
64211 1821
64212 1627
64213 549
64214 791
64215 375
64216 1164
64217 82
64218 501
64219 1048
64220 1511
64221 1047
64222 1629
64223 337
64224 691
64225 1288
64226 418
64227 1695
64228 1230
64229 394
64230 1017
64231 1862
64232 1086
64233 335
64234 1136
64235 735
64236 481
64237 1140
64238 697
64239 646
64240 1507
64241 1727
64242 752
64243 716
64244 16
64245 802
64246 1880
64247 338
64248 14
64249 1672
64250 1362
64251 1035
64252 474
64253 485
64254 457
64255 636
64256 687
64257 270
64258 1316
64259 1917
64260 955
64261 1869
64262 1273
64263 1239
64264 438
64265 1443
64266 802
64267 1005
64268 865
64269 1369
64270 1156
64271 1792
64272 1889
64273 524
64274 878
64275 1043
64276 217
64277 589
64278 1033
64279 1366
64280 899
64281 1634
64282 598
64283 308
64284 1811
64285 1906
64286 0
64287 1870
64288 1685
64289 860
64290 135
64291 1838
64292 1201
64293 1125
64294 436
64295 129
64296 1383
64297 888
64298 414
64299 531
64300 603
64301 1257
64302 1628
64303 1340
64304 1828
64305 1452
64306 991
64307 1766
64308 18
64309 1969
64310 425
64311 1885
64312 1219
64313 1277
64314 40
64315 1942
64316 472
64317 174
64318 1822
64319 1307
64320 281
64321 1288
64322 889
64323 31
64324 205
64325 1375
64326 56
64327 1803
64328 561
64329 845
64330 691
64331 3
64332 1604
64333 1835
64334 870
64335 1667
64336 732
64337 1264
64338 1713
64339 722
64340 1170
64341 1145
64342 439
64343 1151
64344 1060
64345 960
64346 1691
64347 842
64348 331
64349 1550
64350 1012
64351 938
64352 20
64353 56
64354 1298
64355 219
64356 1508
64357 1547
64358 1557
64359 379
64360 1438
64361 1092
64362 1561
64363 37
64364 245
64365 341
64366 419
64367 1408
64368 139
64369 1235
64370 1482
64371 1940
64372 863
64373 500
64374 341
64375 1453
64376 765
64377 1027
64378 1381
64379 1159
64380 1817
64381 939
64382 1035
64383 321
64384 1495
64385 1593
64386 367
64387 633
64388 529
64389 1816
64390 847
64391 1839
64392 376
64393 1844
64394 1229
64395 1811
64396 219
64397 666
64398 657
64399 1429
64400 1333
64401 686
64402 1302
64403 1223
64404 1206
64405 1684
64406 1692
64407 1775
64408 116
64409 1298
64410 72
64411 137
64412 513
64413 822
64414 375
64415 395
64416 1546
64417 734
64418 924
64419 672
64420 20
64421 1845
64422 1769
64423 1329
64424 595
64425 1528
64426 1214
64427 1015
64428 269
64429 1461
64430 1307
64431 1150
64432 491
64433 1891
64434 1162
64435 682
64436 405
64437 1033
64438 1137
64439 1056
64440 187
64441 1626
64442 1962
64443 398
64444 580
64445 1499
64446 1893
64447 1756
64448 407
64449 1032
64450 1428
64451 1700
64452 1351
64453 650
64454 1020
64455 1884
64456 1639
64457 1325
64458 658
64459 690
64460 1266
64461 1392
64462 860
64463 11
64464 1384
64465 1106
64466 1959
64467 1903
64468 1491
64469 1431
64470 1348
64471 1454
64472 1336
64473 215
64474 34
64475 1405
64476 550
64477 135
64478 886
64479 1288
64480 87
64481 270
64482 1041
64483 769
64484 674
64485 422
64486 1503
64487 719
64488 662
64489 1649
64490 1457
64491 793
64492 217
64493 1494
64494 478
64495 1250
64496 71
64497 623
64498 1084
64499 1767
64500 1832
64501 793
64502 141
64503 178
64504 1313
64505 825
64506 1443
64507 800
64508 422
64509 1729
64510 1347
64511 563
64512 1740
64513 690
64514 1621
64515 280
64516 638
64517 456
64518 1453
64519 152
64520 207
64521 1686
64522 1577
64523 148
64524 1015
64525 380
64526 1120
64527 1864
64528 665
64529 1978
64530 1025
64531 1468
64532 959
64533 530
64534 84
64535 151
64536 1297
64537 884
64538 1036
64539 1168
64540 1684
64541 430
64542 1073
64543 1433
64544 1684
64545 1607
64546 744
64547 382
64548 683
64549 1007
64550 851
64551 539
64552 753
64553 543
64554 867
64555 867
64556 541
64557 2
64558 1806
64559 790
64560 1838
64561 1011
64562 379
64563 270
64564 1003
64565 15
64566 871
64567 1492
64568 1317
64569 1209
64570 1504
64571 369
64572 123
64573 1848
64574 903
64575 1169
64576 767
64577 1954
64578 1241
64579 131
64580 98
64581 1899
64582 746
64583 1645
64584 1622
64585 1323
64586 695
64587 447
64588 962
64589 1524
64590 282
64591 1405
64592 366
64593 558
64594 111
64595 15
64596 1464
64597 1207
64598 239
64599 1395
64600 1778
64601 555
64602 1754
64603 1773
64604 1050
64605 938
64606 1880
64607 1307
64608 902
64609 1079
64610 128
64611 1005
64612 1031
64613 1433
64614 1269
64615 1247
64616 49
64617 1924
64618 473
64619 245
64620 1128
64621 693
64622 1358
64623 1642
64624 1347
64625 1059
64626 762
64627 780
64628 448
64629 394
64630 566
64631 484
64632 1307
64633 1785
64634 309
64635 1360
64636 1029
64637 1058
64638 1673
64639 1746
64640 963
64641 1407
64642 1237
64643 1533
64644 868
64645 517
64646 1285
64647 1961
64648 1652
64649 1858
64650 1181
64651 1523
64652 204
64653 1261
64654 1356
64655 120
64656 149
64657 259
64658 1204
64659 674
64660 342
64661 1555
64662 1484
64663 730
64664 1005
64665 664
64666 1548
64667 1933
64668 1641
64669 317
64670 1448
64671 1289
64672 1144
64673 859
64674 489
64675 1269
64676 1409
64677 371
64678 1871
64679 591
64680 1870
64681 166
64682 1608
64683 1185
64684 213
64685 990
64686 1460
64687 1129
64688 1052
64689 1080
64690 785
64691 875
64692 1542
64693 921
64694 384
64695 950
64696 1956
64697 1909
64698 348
64699 300
64700 1902
64701 1536
64702 581
64703 1185
64704 1292
64705 1138
64706 215
64707 250
64708 1608
64709 1089
64710 298
64711 172
64712 1800
64713 76
64714 1426
64715 62
64716 1139
64717 1636
64718 1176
64719 1447
64720 1206
64721 101
64722 1789
64723 1240
64724 894
64725 1202
64726 185
64727 906
64728 1502
64729 274
64730 726
64731 597
64732 1602
64733 1479
64734 976
64735 1194
64736 1941
64737 747
64738 938
64739 61
64740 382
64741 1532
64742 1135
64743 1660
64744 1328
64745 147
64746 548
64747 558
64748 1911
64749 1067
64750 1567
64751 1859
64752 964
64753 941
64754 1402
64755 1004
64756 1006
64757 1515
64758 1185
64759 292
64760 1792
64761 1746
64762 330
64763 1465
64764 46
64765 1281
64766 1159
64767 81
64768 293
64769 1187
64770 560
64771 1079
64772 621
64773 624
64774 498
64775 1824
64776 1862
64777 456
64778 438
64779 1979
64780 1301
64781 1352
64782 150
64783 1901
64784 1041
64785 406
64786 1908
64787 846
64788 1735
64789 1590
64790 1428
64791 901
64792 1483
64793 1377
64794 1969
64795 220
64796 986
64797 13
64798 781
64799 1277
64800 21
64801 785
64802 1250
64803 1040
64804 1916
64805 1586
64806 821
64807 42
64808 630
64809 1372
64810 131
64811 1700
64812 1409
64813 1098
64814 115
64815 1267
64816 527
64817 1241
64818 188
64819 523
64820 1639
64821 1718
64822 1031
64823 407
64824 1894
64825 145
64826 1578
64827 1903
64828 1003
64829 1900
64830 382
64831 1006
64832 1401
64833 1728
64834 1053
64835 621
64836 548
64837 1300
64838 1392
64839 674
64840 1545
64841 1612
64842 304
64843 697
64844 87
64845 399
64846 833
64847 1309
64848 73
64849 1672
64850 1206
64851 881
64852 507
64853 1637
64854 511
64855 699
64856 1560
64857 1379
64858 1411
64859 1857
64860 1767
64861 371
64862 50
64863 446
64864 1830
64865 1151
64866 1064
64867 1174
64868 989
64869 505
64870 1765
64871 293
64872 1518
64873 53
64874 292
64875 425
64876 587
64877 1971
64878 603
64879 328
64880 1321
64881 1817
64882 1368
64883 228
64884 1858
64885 656
64886 275
64887 114
64888 1391
64889 373
64890 1326
64891 216
64892 1187
64893 477
64894 84
64895 1002
64896 42
64897 1452
64898 406
64899 1445
64900 1599
64901 972
64902 179
64903 581
64904 1548
64905 1231
64906 401
64907 1183
64908 1008
64909 1609
64910 1206
64911 354
64912 21
64913 981
64914 881
64915 1907
64916 1158
64917 1912
64918 688
64919 484
64920 1125
64921 1473
64922 1075
64923 660
64924 1189
64925 1435
64926 1971
64927 1203
64928 1790
64929 1613
64930 110
64931 616
64932 1125
64933 1526
64934 511
64935 601
64936 84
64937 233
64938 1738
64939 536
64940 1431
64941 1201
64942 965
64943 1907
64944 429
64945 39
64946 436
64947 296
64948 1141
64949 944
64950 1118
64951 1417
64952 1187
64953 1853
64954 1408
64955 1559
64956 1055
64957 1214
64958 1279
64959 1801
64960 202
64961 878
64962 1571
64963 497
64964 459
64965 733
64966 308
64967 1210
64968 1642
64969 103
64970 1177
64971 809
64972 1841
64973 972
64974 1461
64975 592
64976 954
64977 889
64978 515
64979 477
64980 373
64981 383
64982 1795
64983 83
64984 880
64985 67
64986 861
64987 145
64988 1673
64989 1839
64990 1917
64991 569
64992 865
64993 1883
64994 1767
64995 1649
64996 1456
64997 1515
64998 912
64999 368
65000 1543
65001 408
65002 131
65003 1182
65004 423
65005 1404
65006 1100
65007 368
65008 1463
65009 1673
65010 1078
65011 941
65012 1190
65013 1661
65014 1374
65015 1529
65016 531
65017 151
65018 1404
65019 153
65020 851
65021 1635
65022 154
65023 720
65024 1694
65025 1903
65026 802
65027 1077
65028 1527
65029 547
65030 1709
65031 1372
65032 240
65033 1558
65034 1208
65035 856
65036 959
65037 1777
65038 1419
65039 1919
65040 1596
65041 433
65042 1602
65043 557
65044 1699
65045 57
65046 703
65047 1647
65048 1711
65049 1084
65050 912
65051 488
65052 380
65053 552
65054 969
65055 808
65056 57
65057 138
65058 706
65059 1498
65060 1194
65061 1223
65062 699
65063 601
65064 1101
65065 677
65066 1417
65067 1419
65068 1413
65069 833
65070 1903
65071 858
65072 362
65073 84
65074 1964
65075 1564
65076 1636
65077 100
65078 1690
65079 1543
65080 854
65081 323
65082 61
65083 1963
65084 1181
65085 991
65086 378
65087 1532
65088 59
65089 1923
65090 1807
65091 422
65092 1976
65093 1056
65094 769
65095 732
65096 958
65097 724
65098 171
65099 1970
65100 1960
65101 1606
65102 562
65103 1262
65104 1862
65105 1243
65106 248
65107 523
65108 54
65109 23
65110 1886
65111 754
65112 177
65113 1061
65114 257
65115 375
65116 1180
65117 842
65118 1980
65119 1179
65120 1722
65121 611
65122 192
65123 159
65124 44
65125 170
65126 727
65127 1664
65128 194
65129 799
65130 1919
65131 803
65132 653
65133 1832
65134 1152
65135 15
65136 1708
65137 1107
65138 259
65139 1183
65140 60
65141 133
65142 165
65143 591
65144 1770
65145 244
65146 1825
65147 1414
65148 1122
65149 1590
65150 68
65151 1230
65152 562
65153 150
65154 685
65155 1421
65156 865
65157 501
65158 1354
65159 1008
65160 1740
65161 1331
65162 1130
65163 403
65164 1576
65165 1352
65166 1664
65167 49
65168 1775
65169 1061
65170 781
65171 1151
65172 597
65173 182
65174 1342
65175 1821
65176 1781
65177 1368
65178 1655
65179 1546
65180 288
65181 712
65182 1503
65183 920
65184 802
65185 267
65186 1481
65187 1871
65188 1222
65189 1108
65190 1745
65191 1576
65192 484
65193 414
65194 125
65195 1003
65196 695
65197 884
65198 1457
65199 1853
65200 150
65201 1096
65202 16
65203 1801
65204 1399
65205 570
65206 19
65207 418
65208 832
65209 369
65210 1226
65211 1960
65212 1685
65213 1847
65214 365
65215 608
65216 701
65217 1664
65218 1114
65219 1891
65220 344
65221 916
65222 736
65223 623
65224 699
65225 1175
65226 1063
65227 225
65228 915
65229 1070
65230 34
65231 1346
65232 852
65233 447
65234 631
65235 742
65236 952
65237 1573
65238 1659
65239 835
65240 870
65241 1609
65242 1132
65243 1097
65244 574
65245 864
65246 1072
65247 483
65248 197
65249 727
65250 900
65251 1359
65252 680
65253 3
65254 66
65255 606
65256 363
65257 19
65258 988
65259 1840
65260 1127
65261 1492
65262 553
65263 1938
65264 30
65265 1629
65266 1971
65267 339
65268 819
65269 1186
65270 1096
65271 513
65272 1344
65273 342
65274 79
65275 886
65276 1847
65277 898
65278 1360
65279 1831
65280 559
65281 987
65282 1346
65283 618
65284 1549
65285 754
65286 239
65287 989
65288 1444
65289 521
65290 1651
65291 352
65292 1430
65293 1373
65294 1497
65295 233
65296 1740
65297 686
65298 1451
65299 693
65300 1623
65301 795
65302 1678
65303 594
65304 1153
65305 1358
65306 1234
65307 1355
65308 1135
65309 31
65310 386
65311 216
65312 1869
65313 1716
65314 1028
65315 1201
65316 317
65317 38
65318 198
65319 1603
65320 1954
65321 332
65322 1051
65323 792
65324 74
65325 1362
65326 943
65327 470
65328 1119
65329 64
65330 1200
65331 341
65332 1398
65333 875
65334 587
65335 70
65336 599
65337 205
65338 1722
65339 1211
65340 1572
65341 244
65342 1403
65343 1042
65344 896
65345 288
65346 420
65347 1746
65348 162
65349 65
65350 722
65351 1970
65352 688
65353 77
65354 1580
65355 169
65356 98
65357 1705
65358 1743
65359 292
65360 235
65361 1889
65362 703
65363 577
65364 1119
65365 165
65366 1575
65367 921
65368 1710
65369 346
65370 1425
65371 1618
65372 517
65373 186
65374 1657
65375 407
65376 1165
65377 595
65378 243
65379 468
65380 1684
65381 1441
65382 714
65383 1237
65384 377
65385 533
65386 1826
65387 1258
65388 1365
65389 1492
65390 621
65391 1640
65392 1378
65393 840
65394 1188
65395 1234
65396 1168
65397 954
65398 1430
65399 1377
65400 1678
65401 1658
65402 1759
65403 1703
65404 1361
65405 620
65406 1930
65407 651
65408 1054
65409 1934
65410 1114
65411 1659
65412 238
65413 1770
65414 1495
65415 1376
65416 1880
65417 1641
65418 21
65419 3
65420 1588
65421 1803
65422 1946
65423 728
65424 1430
65425 1557
65426 1965
65427 740
65428 1544
65429 677
65430 1680
65431 71
65432 1162
65433 180
65434 805
65435 1165
65436 1565
65437 1613
65438 1061
65439 1100
65440 1148
65441 1425
65442 1221
65443 1177
65444 358
65445 615
65446 1008
65447 1375
65448 1351
65449 321
65450 191
65451 1617
65452 1500
65453 1910
65454 885
65455 1584
65456 1114
65457 1709
65458 798
65459 496
65460 1824
65461 1173
65462 400
65463 953
65464 606
65465 126
65466 1834
65467 654
65468 166
65469 268
65470 964
65471 456
65472 257
65473 586
65474 835
65475 972
65476 33
65477 936
65478 520
65479 1291
65480 829
65481 963
65482 620
65483 67
65484 1327
65485 238
65486 392
65487 1398
65488 1493
65489 1974
65490 1836
65491 154
65492 1168
65493 1112
65494 1263
65495 1731
65496 1286
65497 1980
65498 1328
65499 520
65500 1414
65501 1062
65502 882
65503 1827
65504 735
65505 521
65506 580
65507 1095
65508 903
65509 939
65510 1936
65511 1919
65512 1103
65513 385
65514 174
65515 399
65516 711
65517 236
65518 1445
65519 602
65520 1016
65521 215
65522 780
65523 264
65524 1727
65525 884
65526 967
65527 609
65528 1563
65529 108
65530 30
65531 174
65532 1204
65533 492
65534 1756
65535 942
65536 1375
65537 667
65538 1697
65539 448
65540 622
65541 1627
65542 1719
65543 129
65544 271
65545 1942
65546 1461
65547 1356
65548 1600
65549 846
65550 1421
65551 201
65552 35
65553 1312
65554 911
65555 1693
65556 1696
65557 452
65558 963
65559 993
65560 1895
65561 1655
65562 106
65563 605
65564 618
65565 804
65566 1465
65567 1175
65568 505
65569 787
65570 538
65571 635
65572 482
65573 1275
65574 1374
65575 1853
65576 923
65577 1306
65578 1151
65579 149
65580 106
65581 18
65582 1252
65583 370
65584 300
65585 1060
65586 1721
65587 1716
65588 45
65589 162
65590 612
65591 1783
65592 948
65593 1335
65594 1160
65595 66
65596 674
65597 1349
65598 1416
65599 1083
65600 909
65601 1965
65602 888
65603 1559
65604 1017
65605 817
65606 1412
65607 510
65608 190
65609 1694
65610 265
65611 1751
65612 1303
65613 608
65614 1033
65615 144
65616 1760
65617 1983
65618 904
65619 661
65620 89
65621 1100
65622 1708
65623 32
65624 1893
65625 1451
65626 147
65627 565
65628 1094
65629 192
65630 602
65631 1087
65632 1667
65633 1229
65634 190
65635 1490
65636 1761
65637 1907
65638 1936
65639 299
65640 692
65641 527
65642 1260
65643 1415
65644 202
65645 778
65646 158
65647 16
65648 1944
65649 1614
65650 1940
65651 66
65652 409
65653 1491
65654 1012
65655 350
65656 590
65657 898
65658 1654
65659 96
65660 1353
65661 1891
65662 1305
65663 705
65664 968
65665 1127
65666 916
65667 224
65668 1510
65669 16
65670 1873
65671 666
65672 7
65673 305
65674 644
65675 449
65676 1791
65677 1971
65678 1172
65679 836
65680 1635
65681 1377
65682 1389
65683 1106
65684 411
65685 1861
65686 582
65687 739
65688 1753
65689 624
65690 1525
65691 1522
65692 448
65693 325
65694 1813
65695 425
65696 159
65697 1276
65698 658
65699 1829
65700 1604
65701 1020
65702 974
65703 574
65704 244
65705 1553
65706 1906
65707 45
65708 198
65709 1251
65710 868
65711 1634
65712 1224
65713 1926
65714 1450
65715 916
65716 1079
65717 481
65718 1841
65719 720
65720 40
65721 1932
65722 42
65723 204
65724 1653
65725 1892
65726 1696
65727 992
65728 498
65729 4
65730 1432
65731 1225
65732 355
65733 844
65734 429
65735 1920
65736 1897
65737 1307
65738 1482
65739 1395
65740 1773
65741 1455
65742 1438
65743 1270
65744 350
65745 210
65746 635
65747 1337
65748 1003
65749 1824
65750 1754
65751 6
65752 695
65753 612
65754 1015
65755 1303
65756 103
65757 1330
65758 517
65759 405
65760 1549
65761 605
65762 1618
65763 186
65764 1564
65765 371
65766 1503
65767 1362
65768 1923
65769 757
65770 1573
65771 907
65772 373
65773 1162
65774 1935
65775 1072
65776 532
65777 610
65778 1405
65779 1636
65780 1602
65781 1206
65782 19
65783 1708
65784 1206
65785 204
65786 1870
65787 1559
65788 334
65789 1660
65790 1119
65791 963
65792 1053
65793 1562
65794 1432
65795 1888
65796 1478
65797 179
65798 955
65799 1140
65800 797
65801 958
65802 234
65803 1321
65804 1541
65805 203
65806 970
65807 1970
65808 103
65809 1925
65810 482
65811 681
65812 904
65813 457
65814 137
65815 1126
65816 259
65817 930
65818 1715
65819 964
65820 1413
65821 71
65822 1567
65823 289
65824 935
65825 1978
65826 1569
65827 869
65828 363
65829 492
65830 231
65831 1746
65832 536
65833 710
65834 709
65835 1549
65836 1472
65837 938
65838 1021
65839 177
65840 1777
65841 696
65842 205
65843 1506
65844 756
65845 977
65846 1909
65847 1714
65848 1344
65849 1516
65850 1714
65851 272
65852 208
65853 2
65854 1343
65855 1056
65856 1526
65857 1132
65858 722
65859 96
65860 1242
65861 1077
65862 767
65863 1828
65864 685
65865 543
65866 1211
65867 80
65868 1729
65869 1094
65870 1133
65871 365
65872 1771
65873 1800
65874 38
65875 329
65876 1634
65877 116
65878 147
65879 367
65880 604
65881 124
65882 1262
65883 13
65884 845
65885 1056
65886 208
65887 1593
65888 462
65889 565
65890 554
65891 1592
65892 237
65893 1546
65894 393
65895 1072
65896 841
65897 1801
65898 1897
65899 1088
65900 1101
65901 129
65902 671
65903 452
65904 1092
65905 579
65906 1435
65907 825
65908 44
65909 1001
65910 404
65911 1277
65912 376
65913 166
65914 1836
65915 1015
65916 887
65917 1719
65918 8
65919 1073
65920 741
65921 1841
65922 777
65923 30
65924 224
65925 536
65926 63
65927 439
65928 38
65929 1576
65930 1019
65931 1143
65932 808
65933 1485
65934 1071
65935 481
65936 1915
65937 1134
65938 209
65939 300
65940 502
65941 1310
65942 1193
65943 1744
65944 105
65945 681
65946 1948
65947 1219
65948 1000
65949 1952
65950 1240
65951 1389
65952 598
65953 1766
65954 943
65955 1545
65956 562
65957 148
65958 685
65959 1562
65960 750
65961 1675
65962 1011
65963 864
65964 1616
65965 203
65966 1896
65967 1077
65968 750
65969 764
65970 925
65971 992
65972 551
65973 1626
65974 810
65975 745
65976 1182
65977 779
65978 834
65979 1368
65980 1314
65981 1364
65982 60
65983 1463
65984 804
65985 337
65986 290
65987 667
65988 213
65989 1250
65990 743
65991 270
65992 1549
65993 1092
65994 959
65995 390
65996 555
65997 832
65998 282
65999 330
66000 819
66001 281
66002 166
66003 1907
66004 1344
66005 355
66006 907
66007 217
66008 1775
66009 776
66010 1795
66011 823
66012 1590
66013 1175
66014 922
66015 1782
66016 1454
66017 10
66018 819
66019 542
66020 1628
66021 772
66022 89
66023 1462
66024 1680
66025 1777
66026 446
66027 1325
66028 1648
66029 697
66030 1979
66031 867
66032 143
66033 1875
66034 874
66035 1484
66036 974
66037 410
66038 1307
66039 1123
66040 1082
66041 1929
66042 1637
66043 1752
66044 1055
66045 164
66046 647
66047 1644
66048 460
66049 711
66050 1114
66051 1690
66052 569
66053 1420
66054 52
66055 465
66056 740
66057 700
66058 490
66059 711
66060 68
66061 1652
66062 2
66063 365
66064 1251
66065 318
66066 651
66067 239
66068 1649
66069 774
66070 1652
66071 234
66072 937
66073 1160
66074 1112
66075 324
66076 1684
66077 882
66078 1308
66079 851
66080 1087
66081 1886
66082 418
66083 1130
66084 1557
66085 120
66086 1492
66087 1262
66088 1396
66089 931
66090 566
66091 1503
66092 1501
66093 405
66094 702
66095 506
66096 1824
66097 1467
66098 15
66099 1253
66100 377
66101 484
66102 1127
66103 915
66104 932
66105 778
66106 1534
66107 97
66108 916
66109 609
66110 513
66111 387
66112 252
66113 837
66114 1473
66115 1699
66116 1846
66117 1626
66118 895
66119 1340
66120 1370
66121 597
66122 1157
66123 231
66124 1139
66125 1649
66126 88
66127 1158
66128 567
66129 1416
66130 22
66131 1090
66132 1338
66133 692
66134 1929
66135 1004
66136 135
66137 719
66138 297
66139 1444
66140 1934
66141 200
66142 334
66143 1096
66144 79
66145 1039
66146 439
66147 1741
66148 1198
66149 768
66150 1631
66151 1191
66152 1171
66153 1822
66154 389
66155 1568
66156 1058
66157 1704
66158 1622
66159 1965
66160 1586
66161 151
66162 1441
66163 18
66164 313
66165 867
66166 1775
66167 1714
66168 1573
66169 10
66170 545
66171 61
66172 551
66173 1819
66174 1836
66175 1693
66176 555
66177 662
66178 838
66179 1775
66180 1804
66181 1109
66182 1682
66183 614
66184 114
66185 911
66186 1601
66187 247
66188 384
66189 642
66190 864
66191 918
66192 1207
66193 807
66194 622
66195 409
66196 327
66197 517
66198 1220
66199 490
66200 958
66201 1646
66202 548
66203 52
66204 1537
66205 1950
66206 1223
66207 1924
66208 767
66209 1949
66210 1935
66211 1482
66212 901
66213 227
66214 1033
66215 184
66216 977
66217 74
66218 1137
66219 1783
66220 739
66221 1245
66222 1735
66223 1151
66224 863
66225 139
66226 1339
66227 1845
66228 1534
66229 1754
66230 1412
66231 996
66232 1737
66233 522
66234 133
66235 1192
66236 460
66237 1736
66238 186
66239 1958
66240 310
66241 115
66242 1359
66243 1743
66244 523
66245 1045
66246 1971
66247 899
66248 1207
66249 1343
66250 353
66251 971
66252 345
66253 1697
66254 177
66255 1877
66256 1009
66257 531
66258 177
66259 1112
66260 421
66261 32
66262 1259
66263 1567
66264 1529
66265 1273
66266 751
66267 1336
66268 1672
66269 804
66270 219
66271 412
66272 1571
66273 1583
66274 1036
66275 1159
66276 1960
66277 1803
66278 1914
66279 1284
66280 5
66281 782
66282 755
66283 843
66284 1899
66285 1086
66286 969
66287 1592
66288 558
66289 672
66290 1329
66291 353
66292 1790
66293 981
66294 394
66295 495
66296 430
66297 1508
66298 1550
66299 757
66300 12
66301 90
66302 1924
66303 1696
66304 1273
66305 834
66306 1688
66307 441
66308 670
66309 688
66310 60
66311 80
66312 574
66313 321
66314 0
66315 224
66316 119
66317 573
66318 1425
66319 1909
66320 397
66321 1193
66322 820
66323 1693
66324 1116
66325 363
66326 278
66327 597
66328 1504
66329 1179
66330 1354
66331 217
66332 1408
66333 285
66334 26
66335 535
66336 1438
66337 1247
66338 1190
66339 1633
66340 1803
66341 1541
66342 7
66343 646
66344 369
66345 507
66346 1520
66347 1775
66348 731
66349 231
66350 284
66351 191
66352 924
66353 154
66354 420
66355 281
66356 457
66357 1764
66358 744
66359 1885
66360 928
66361 895
66362 1225
66363 1786
66364 1891
66365 424
66366 976
66367 941
66368 1113
66369 1886
66370 486
66371 295
66372 57
66373 1246
66374 418
66375 1253
66376 1464
66377 1367
66378 92
66379 1089
66380 482
66381 1311
66382 118
66383 126
66384 1491
66385 239
66386 170
66387 814
66388 1079
66389 1897
66390 15
66391 780
66392 923
66393 206
66394 1175
66395 912
66396 1554
66397 1867
66398 368
66399 1950
66400 1882
66401 454
66402 1308
66403 682
66404 1340
66405 1836
66406 1129
66407 1462
66408 305
66409 1927
66410 786
66411 1735
66412 934
66413 728
66414 453
66415 1809
66416 1194
66417 1138
66418 1602
66419 1943
66420 1049
66421 1450
66422 799
66423 1919
66424 1602
66425 1885
66426 780
66427 1363
66428 645
66429 1039
66430 571
66431 1183
66432 1891
66433 222
66434 705
66435 1727
66436 1945
66437 600
66438 1174
66439 888
66440 1469
66441 1755
66442 1733
66443 1815
66444 1457
66445 1086
66446 1230
66447 1427
66448 1619
66449 717
66450 1053
66451 77
66452 1387
66453 528
66454 1620
66455 315
66456 41
66457 1788
66458 1773
66459 1463
66460 69
66461 1655
66462 1849
66463 72
66464 817
66465 375
66466 1275
66467 1655
66468 189
66469 628
66470 244
66471 1955
66472 686
66473 1785
66474 175
66475 1772
66476 1879
66477 1214
66478 1498
66479 492
66480 598
66481 1220
66482 728
66483 1829
66484 1263
66485 1729
66486 684
66487 1790
66488 1144
66489 1665
66490 735
66491 1379
66492 1327
66493 994
66494 132
66495 1840
66496 946
66497 943
66498 1884
66499 96
66500 1091
66501 1123
66502 189
66503 349
66504 396
66505 1752
66506 684
66507 453
66508 1606
66509 1699
66510 1440
66511 1586
66512 510
66513 742
66514 119
66515 754
66516 574
66517 745
66518 62
66519 853
66520 136
66521 320
66522 989
66523 1928
66524 1343
66525 1287
66526 1063
66527 1845
66528 721
66529 1049
66530 277
66531 389
66532 1697
66533 428
66534 1116
66535 1858
66536 393
66537 820
66538 460
66539 716
66540 1635
66541 1762
66542 1302
66543 924
66544 347
66545 134
66546 692
66547 159
66548 1174
66549 1726
66550 12
66551 571
66552 190
66553 1918
66554 888
66555 82
66556 1860
66557 768
66558 659
66559 1444
66560 115
66561 651
66562 1768
66563 53
66564 979
66565 627
66566 1446
66567 1166
66568 1181
66569 1105
66570 135
66571 415
66572 265
66573 367
66574 1114
66575 329
66576 226
66577 1397
66578 1125
66579 703
66580 505
66581 520
66582 1347
66583 1688
66584 1212
66585 1202
66586 727
66587 870
66588 153
66589 1564
66590 162
66591 442
66592 1627
66593 251
66594 1133
66595 1181
66596 1964
66597 1538
66598 1791
66599 1050
66600 1591
66601 504
66602 214
66603 195
66604 400
66605 1054
66606 1939
66607 1033
66608 1308
66609 1872
66610 1238
66611 1456
66612 330
66613 169
66614 898
66615 1765
66616 972
66617 1738
66618 903
66619 1854
66620 1057
66621 841
66622 885
66623 247
66624 1453
66625 218
66626 1702
66627 1418
66628 1085
66629 1981
66630 410
66631 1339
66632 15
66633 1076
66634 712
66635 1136
66636 1882
66637 1483
66638 1185
66639 345
66640 374
66641 1454
66642 1620
66643 1283
66644 316
66645 1594
66646 201
66647 1463
66648 1728
66649 479
66650 729
66651 67
66652 1291
66653 151
66654 931
66655 760
66656 268
66657 549
66658 1368
66659 1135
66660 515
66661 744
66662 1604
66663 1652
66664 1845
66665 1760
66666 320
66667 1262
66668 347
66669 1398
66670 122
66671 534
66672 1580
66673 1688
66674 1054
66675 287
66676 1142
66677 1770
66678 1889
66679 172
66680 601
66681 428
66682 1721
66683 582
66684 17
66685 792
66686 1135
66687 1339
66688 183
66689 1250
66690 650
66691 1115
66692 842
66693 350
66694 975
66695 1077
66696 1376
66697 316
66698 70
66699 1690
66700 1476
66701 1138
66702 401
66703 265
66704 1673
66705 119
66706 1555
66707 240
66708 246
66709 1416
66710 903
66711 453
66712 1542
66713 379
66714 378
66715 1568
66716 110
66717 1698
66718 494
66719 66
66720 93
66721 1372
66722 536
66723 1118
66724 1914
66725 1687
66726 177
66727 6
66728 50
66729 1046
66730 946
66731 1889
66732 932
66733 1428
66734 1453
66735 1170
66736 1116
66737 809
66738 1616
66739 11
66740 97
66741 696
66742 1495
66743 1460
66744 158
66745 1009
66746 936
66747 1462
66748 845
66749 226
66750 1701
66751 260
66752 1545
66753 909
66754 1433
66755 1269
66756 1103
66757 1695
66758 980
66759 125
66760 366
66761 1228
66762 1900
66763 707
66764 1467
66765 406
66766 305
66767 1742
66768 1357
66769 1082
66770 1828
66771 1776
66772 1144
66773 640
66774 923
66775 1825
66776 1357
66777 1511
66778 1876
66779 1900
66780 261
66781 1651
66782 1314
66783 17
66784 1077
66785 869
66786 1823
66787 237
66788 420
66789 720
66790 890
66791 597
66792 334
66793 757
66794 975
66795 1222
66796 1104
66797 1939
66798 1728
66799 1248
66800 487
66801 1328
66802 1501
66803 419
66804 1728
66805 1070
66806 1185
66807 250
66808 1301
66809 1910
66810 1622
66811 133
66812 1963
66813 760
66814 1687
66815 1665
66816 816
66817 1548
66818 1038
66819 495
66820 1819
66821 1812
66822 925
66823 1927
66824 99
66825 35
66826 514
66827 489
66828 1779
66829 898
66830 1343
66831 437
66832 170
66833 1440
66834 890
66835 763
66836 1478
66837 463
66838 1103
66839 326
66840 1606
66841 275
66842 112
66843 625
66844 1955
66845 1390
66846 1731
66847 733
66848 1051
66849 1542
66850 1389
66851 592
66852 1643
66853 704
66854 262
66855 795
66856 717
66857 1743
66858 1108
66859 1789
66860 257
66861 1311
66862 1
66863 491
66864 1684
66865 932
66866 593
66867 1437
66868 1410
66869 700
66870 1434
66871 450
66872 1949
66873 1517
66874 1185
66875 460
66876 124
66877 1370
66878 236
66879 646
66880 1616
66881 1758
66882 343
66883 1135
66884 600
66885 489
66886 906
66887 1337
66888 698
66889 1434
66890 1984
66891 907
66892 683
66893 1678
66894 494
66895 995
66896 1786
66897 1861
66898 1310
66899 1244
66900 1472
66901 479
66902 928
66903 931
66904 1080
66905 777
66906 1160
66907 848
66908 165
66909 1041
66910 1960
66911 373
66912 1538
66913 940
66914 412
66915 1413
66916 1811
66917 1510
66918 1912
66919 87
66920 1580
66921 172
66922 601
66923 243
66924 336
66925 576
66926 1687
66927 440
66928 680
66929 1094
66930 597
66931 134
66932 1966
66933 35
66934 429
66935 967
66936 1652
66937 1193
66938 1575
66939 1771
66940 1869
66941 647
66942 1551
66943 1382
66944 59
66945 135
66946 879
66947 1098
66948 1077
66949 1150
66950 1380
66951 64
66952 446
66953 824
66954 1243
66955 1799
66956 1582
66957 1521
66958 1102
66959 1097
66960 250
66961 1236
66962 1946
66963 1265
66964 1931
66965 1725
66966 323
66967 8
66968 660
66969 137
66970 129
66971 361
66972 72
66973 345
66974 782
66975 569
66976 201
66977 278
66978 1149
66979 259
66980 1752
66981 817
66982 604
66983 814
66984 857
66985 71
66986 1017
66987 1636
66988 345
66989 156
66990 1669
66991 817
66992 1185
66993 352
66994 1477
66995 517
66996 1288
66997 1404
66998 638
66999 1597
67000 718
67001 1655
67002 1792
67003 939
67004 80
67005 730
67006 410
67007 897
67008 1625
67009 1146
67010 1038
67011 565
67012 254
67013 1476
67014 860
67015 1593
67016 530
67017 1239
67018 1671
67019 1369
67020 1859
67021 551
67022 155
67023 1845
67024 405
67025 1330
67026 413
67027 1556
67028 403
67029 1703
67030 985
67031 365
67032 1399
67033 1325
67034 251
67035 1174
67036 1030
67037 174
67038 882
67039 838
67040 1255
67041 1565
67042 1141
67043 759
67044 790
67045 1662
67046 1234
67047 1470
67048 689
67049 701
67050 1766
67051 761
67052 1518
67053 1827
67054 1840
67055 589
67056 664
67057 1357
67058 605
67059 911
67060 959
67061 408
67062 9
67063 1244
67064 919
67065 1518
67066 1605
67067 1156
67068 267
67069 1896
67070 1368
67071 153
67072 699
67073 1756
67074 1029
67075 1621
67076 1603
67077 1930
67078 1931
67079 1432
67080 1236
67081 1240
67082 1721
67083 502
67084 183
67085 434
67086 789
67087 353
67088 534
67089 1836
67090 1565
67091 1149
67092 255
67093 455
67094 412
67095 677
67096 1519
67097 103
67098 1797
67099 1705
67100 1604
67101 1656
67102 991
67103 1618
67104 1320
67105 469
67106 1228
67107 397
67108 1710
67109 1402
67110 571
67111 180
67112 798
67113 1002
67114 1581
67115 353
67116 1682
67117 1737
67118 108
67119 1056
67120 629
67121 1150
67122 1435
67123 1231
67124 1429
67125 1950
67126 636
67127 1748
67128 1002
67129 1661
67130 314
67131 1162
67132 172
67133 1339
67134 1235
67135 491
67136 725
67137 655
67138 966
67139 1383
67140 916
67141 1213
67142 1659
67143 812
67144 1130
67145 1081
67146 1359
67147 1544
67148 1869
67149 0
67150 655
67151 316
67152 1640
67153 556
67154 1693
67155 213
67156 1716
67157 260
67158 217
67159 1264
67160 1421
67161 236
67162 1307
67163 1298
67164 1267
67165 1231
67166 27
67167 640
67168 636
67169 951
67170 1133
67171 1945
67172 1394
67173 1481
67174 1620
67175 654
67176 1733
67177 1947
67178 1567
67179 851
67180 143
67181 1527
67182 1294
67183 12
67184 543
67185 1892
67186 1441
67187 1822
67188 514
67189 1055
67190 370
67191 1283
67192 1759
67193 211
67194 984
67195 635
67196 1220
67197 1148
67198 959
67199 858
67200 1807
67201 955
67202 326
67203 486
67204 417
67205 1582
67206 1241
67207 664
67208 1736
67209 1068
67210 45
67211 1788
67212 1797
67213 417
67214 1217
67215 197
67216 468
67217 689
67218 860
67219 64
67220 1488
67221 286
67222 1121
67223 1522
67224 1896
67225 779
67226 1407
67227 1130
67228 212
67229 54
67230 841
67231 1668
67232 1564
67233 1264
67234 1389
67235 1761
67236 13
67237 1193
67238 1469
67239 71
67240 1716
67241 1169
67242 396
67243 1512
67244 1981
67245 1901
67246 885
67247 1534
67248 1494
67249 1328
67250 1446
67251 1211
67252 1505
67253 1143
67254 564
67255 867
67256 637
67257 1405
67258 1562
67259 828
67260 1281
67261 1906
67262 859
67263 1806
67264 1070
67265 1185
67266 738
67267 359
67268 1931
67269 357
67270 16
67271 786
67272 1051
67273 241
67274 1573
67275 1507
67276 373
67277 725
67278 1233
67279 313
67280 288
67281 855
67282 702
67283 49
67284 758
67285 1376
67286 1910
67287 1529
67288 1362
67289 889
67290 1104
67291 550
67292 1034
67293 1933
67294 745
67295 1779
67296 874
67297 661
67298 1559
67299 1696
67300 1663
67301 749
67302 1166
67303 223
67304 1605
67305 1950
67306 1678
67307 1556
67308 1338
67309 949
67310 1879
67311 168
67312 389
67313 233
67314 1080
67315 756
67316 1683
67317 1363
67318 1171
67319 1697
67320 577
67321 532
67322 88
67323 1975
67324 1494
67325 1154
67326 51
67327 899
67328 751
67329 782
67330 1514
67331 415
67332 1414
67333 1368
67334 1109
67335 1576
67336 1942
67337 976
67338 1504
67339 1718
67340 448
67341 1095
67342 1472
67343 1883
67344 1608
67345 207
67346 1386
67347 1232
67348 267
67349 1585
67350 1907
67351 411
67352 1254
67353 868
67354 1332
67355 613
67356 1388
67357 157
67358 1855
67359 1177
67360 194
67361 422
67362 1772
67363 1483
67364 433
67365 855
67366 494
67367 595
67368 1754
67369 1870
67370 1831
67371 501
67372 785
67373 166
67374 1621
67375 1856
67376 1361
67377 682
67378 1892
67379 733
67380 1077
67381 1516
67382 123
67383 1794
67384 1219
67385 1167
67386 1014
67387 1625
67388 373
67389 1854
67390 564
67391 945
67392 1726
67393 1824
67394 1615
67395 1490
67396 1092
67397 678
67398 1822
67399 277
67400 1065
67401 397
67402 323
67403 929
67404 1273
67405 1031
67406 1271
67407 1793
67408 597
67409 699
67410 711
67411 90
67412 1175
67413 527
67414 1060
67415 402
67416 221
67417 481
67418 909
67419 222
67420 1303
67421 1658
67422 616
67423 382
67424 262
67425 91
67426 144
67427 46
67428 1197
67429 1703
67430 487
67431 905
67432 1797
67433 945
67434 465
67435 1927
67436 1053
67437 1253
67438 748
67439 348
67440 1764
67441 945
67442 854
67443 1533
67444 336
67445 167
67446 1903
67447 1361
67448 729
67449 1285
67450 875
67451 294
67452 733
67453 589
67454 1551
67455 1401
67456 1330
67457 981
67458 1328
67459 1035
67460 1559
67461 1574
67462 428
67463 51
67464 538
67465 724
67466 399
67467 433
67468 1551
67469 1297
67470 1799
67471 1440
67472 521
67473 306
67474 1954
67475 1728
67476 108
67477 145
67478 1033
67479 808
67480 251
67481 373
67482 1636
67483 1763
67484 1873
67485 863
67486 1921
67487 784
67488 1647
67489 1234
67490 1678
67491 452
67492 983
67493 258
67494 110
67495 1285
67496 187
67497 110
67498 1208
67499 1460
67500 1605
67501 500
67502 288
67503 727
67504 14
67505 855
67506 584
67507 208
67508 671
67509 1052
67510 69
67511 873
67512 1833
67513 1055
67514 543
67515 1038
67516 957
67517 1676
67518 438
67519 1873
67520 240
67521 662
67522 1259
67523 1213
67524 1247
67525 427
67526 1716
67527 1733
67528 156
67529 1088
67530 877
67531 1231
67532 1877
67533 607
67534 488
67535 1917
67536 557
67537 1533
67538 1509
67539 135
67540 293
67541 1178
67542 1493
67543 1429
67544 669
67545 198
67546 1808
67547 679
67548 305
67549 1227
67550 1943
67551 1564
67552 1648
67553 1810
67554 1556
67555 133
67556 1116
67557 48
67558 1621
67559 528
67560 1653
67561 347
67562 455
67563 1773
67564 1750
67565 1843
67566 547
67567 907
67568 302
67569 1832
67570 1188
67571 740
67572 928
67573 1485
67574 1813
67575 1820
67576 477
67577 1555
67578 799
67579 1030
67580 719
67581 1882
67582 1856
67583 631
67584 583
67585 573
67586 178
67587 1205
67588 1834
67589 14
67590 1982
67591 1723
67592 728
67593 725
67594 494
67595 878
67596 544
67597 1570
67598 605
67599 790
67600 1183
67601 1455
67602 682
67603 139
67604 1606
67605 314
67606 1089
67607 514
67608 144
67609 1936
67610 576
67611 1793
67612 890
67613 1655
67614 537
67615 1527
67616 1586
67617 1770
67618 1887
67619 1401
67620 283
67621 1506
67622 1260
67623 403
67624 450
67625 312
67626 1776
67627 1259
67628 241
67629 223
67630 803
67631 1625
67632 1385
67633 404
67634 1821
67635 885
67636 96
67637 135
67638 940
67639 189
67640 752
67641 312
67642 1019
67643 1602
67644 370
67645 1155
67646 1731
67647 906
67648 30
67649 1364
67650 1775
67651 972
67652 988
67653 1907
67654 515
67655 108
67656 731
67657 1121
67658 756
67659 864
67660 1303
67661 1100
67662 261
67663 1438
67664 86
67665 633
67666 604
67667 492
67668 1133
67669 425
67670 629
67671 1423
67672 554
67673 859
67674 797
67675 1338
67676 426
67677 73
67678 1334
67679 1525
67680 1509
67681 817
67682 1614
67683 829
67684 1415
67685 270
67686 560
67687 1496
67688 1956
67689 194
67690 1688
67691 1954
67692 1796
67693 1796
67694 536
67695 1641
67696 915
67697 1297
67698 398
67699 1817
67700 768
67701 385
67702 1237
67703 1595
67704 1045
67705 1293
67706 89
67707 1829
67708 1976
67709 790
67710 1725
67711 1684
67712 1949
67713 1763
67714 1312
67715 1795
67716 112
67717 851
67718 400
67719 1709
67720 1786
67721 1125
67722 1171
67723 78
67724 59
67725 741
67726 1595
67727 921
67728 893
67729 1131
67730 453
67731 45
67732 943
67733 886
67734 800
67735 878
67736 1316
67737 591
67738 1149
67739 548
67740 507
67741 831
67742 353
67743 887
67744 702
67745 1970
67746 1824
67747 1109
67748 437
67749 92
67750 1355
67751 1054
67752 791
67753 844
67754 1726
67755 1696
67756 823
67757 205
67758 550
67759 1202
67760 368
67761 24
67762 1971
67763 1010
67764 1261
67765 988
67766 1385
67767 1046
67768 1667
67769 289
67770 1789
67771 1717
67772 1681
67773 475
67774 35
67775 47
67776 1943
67777 320
67778 194
67779 1284
67780 924
67781 600
67782 984
67783 762
67784 525
67785 1607
67786 288
67787 28
67788 1464
67789 446
67790 1656
67791 704
67792 327
67793 1686
67794 1014
67795 548
67796 286
67797 77
67798 1386
67799 1378
67800 1261
67801 1192
67802 901
67803 485
67804 446
67805 1930
67806 34
67807 547
67808 1140
67809 869
67810 38
67811 604
67812 683
67813 1368
67814 1698
67815 1366
67816 505
67817 157
67818 855
67819 1645
67820 1248
67821 724
67822 98
67823 693
67824 911
67825 728
67826 409
67827 563
67828 175
67829 524
67830 1882
67831 633
67832 1314
67833 1800
67834 135
67835 1052
67836 109
67837 406
67838 1257
67839 527
67840 1241
67841 356
67842 775
67843 1169
67844 939
67845 1515
67846 1184
67847 1471
67848 211
67849 1074
67850 165
67851 524
67852 221
67853 1905
67854 1934
67855 278
67856 276
67857 1110
67858 1502
67859 954
67860 728
67861 969
67862 183
67863 1522
67864 916
67865 1431
67866 1097
67867 589
67868 951
67869 493
67870 401
67871 1211
67872 1058
67873 763
67874 1332
67875 1171
67876 45
67877 1447
67878 177
67879 1569
67880 1176
67881 62
67882 744
67883 664
67884 30
67885 669
67886 20
67887 665
67888 1910
67889 693
67890 1159
67891 1185
67892 692
67893 1616
67894 1550
67895 120
67896 325
67897 249
67898 1635
67899 734
67900 1293
67901 113
67902 1137
67903 1557
67904 1564
67905 230
67906 1258
67907 1946
67908 1947
67909 1726
67910 1789
67911 1883
67912 918
67913 1675
67914 1111
67915 820
67916 280
67917 332
67918 1907
67919 576
67920 1100
67921 1836
67922 805
67923 551
67924 352
67925 295
67926 879
67927 721
67928 851
67929 1699
67930 960
67931 1078
67932 1228
67933 1231
67934 1742
67935 1497
67936 644
67937 118
67938 1861
67939 434
67940 869
67941 710
67942 283
67943 627
67944 606
67945 1817
67946 1839
67947 1066
67948 948
67949 1538
67950 303
67951 326
67952 816
67953 1882
67954 1181
67955 1600
67956 1474
67957 1496
67958 886
67959 306
67960 1570
67961 1305
67962 1075
67963 141
67964 1727
67965 917
67966 1043
67967 1139
67968 796
67969 257
67970 201
67971 1120
67972 1125
67973 332
67974 1700
67975 1183
67976 991
67977 1268
67978 959
67979 358
67980 507
67981 723
67982 891
67983 1717
67984 589
67985 727
67986 1410
67987 117
67988 367
67989 710
67990 15
67991 796
67992 1236
67993 579
67994 1866
67995 1622
67996 1363
67997 1372
67998 1186
67999 610
68000 993
68001 1614
68002 621
68003 1916
68004 962
68005 1245
68006 1628
68007 922
68008 340
68009 763
68010 907
68011 1482
68012 947
68013 1612
68014 1066
68015 21
68016 546
68017 8
68018 805
68019 1931
68020 1406
68021 1931
68022 1040
68023 472
68024 119
68025 569
68026 1758
68027 1856
68028 1878
68029 190
68030 904
68031 765
68032 1256
68033 1681
68034 1763
68035 1459
68036 1974
68037 1400
68038 1113
68039 583
68040 1912
68041 177
68042 962
68043 1385
68044 1661
68045 1461
68046 1419
68047 1558
68048 1073
68049 383
68050 1427
68051 687
68052 233
68053 1152
68054 579
68055 443
68056 761
68057 1662
68058 1215
68059 1917
68060 1361
68061 716
68062 441
68063 1126
68064 908
68065 53
68066 1025
68067 797
68068 1563
68069 1626
68070 1502
68071 824
68072 766
68073 1100
68074 788
68075 1514
68076 1730
68077 36
68078 1548
68079 120
68080 1079
68081 1505
68082 1944
68083 1948
68084 1252
68085 947
68086 160
68087 1083
68088 1171
68089 1981
68090 130
68091 1515
68092 1080
68093 385
68094 684
68095 1516
68096 1348
68097 1413
68098 407
68099 1697
68100 1742
68101 1109
68102 1969
68103 746
68104 223
68105 1738
68106 1584
68107 370
68108 1668
68109 519
68110 142
68111 327
68112 108
68113 1264
68114 1522
68115 464
68116 650
68117 1394
68118 1761
68119 1489
68120 1102
68121 1006
68122 1005
68123 538
68124 537
68125 620
68126 788
68127 1656
68128 589
68129 1607
68130 457
68131 792
68132 1199
68133 791
68134 1628
68135 1421
68136 491
68137 1047
68138 1565
68139 1860
68140 1067
68141 151
68142 1964
68143 157
68144 1785
68145 1426
68146 733
68147 956
68148 819
68149 19
68150 1184
68151 734
68152 1668
68153 109
68154 739
68155 1447
68156 601
68157 1735
68158 331
68159 1807
68160 1186
68161 273
68162 577
68163 1642
68164 850
68165 1908
68166 519
68167 1005
68168 1712
68169 1506
68170 751
68171 1701
68172 1225
68173 1235
68174 945
68175 747
68176 178
68177 1239
68178 645
68179 1151
68180 1496
68181 1799
68182 573
68183 1216
68184 1267
68185 463
68186 1502
68187 1776
68188 1147
68189 1662
68190 1795
68191 806
68192 1794
68193 578
68194 1308
68195 234
68196 566
68197 1314
68198 1205
68199 490
68200 1531
68201 924
68202 1684
68203 185
68204 457
68205 630
68206 1622
68207 275
68208 180
68209 829
68210 45
68211 449
68212 1691
68213 1438
68214 1911
68215 1198
68216 485
68217 1488
68218 713
68219 609
68220 695
68221 1367
68222 1757
68223 891
68224 130
68225 1448
68226 1603
68227 1166
68228 117
68229 1282
68230 650
68231 1861
68232 51
68233 1482
68234 880
68235 203
68236 1112
68237 1007
68238 481
68239 1669
68240 926
68241 526
68242 291
68243 554
68244 1894
68245 1302
68246 648
68247 82
68248 429
68249 1272
68250 41
68251 1745
68252 481
68253 71
68254 906
68255 1037
68256 497
68257 508
68258 1250
68259 83
68260 1078
68261 508
68262 1062
68263 1938
68264 1570
68265 746
68266 434
68267 1972
68268 215
68269 396
68270 298
68271 1728
68272 458
68273 525
68274 1703
68275 1787
68276 1384
68277 36
68278 1705
68279 325
68280 1275
68281 209
68282 219
68283 225
68284 725
68285 1546
68286 1532
68287 1698
68288 1692
68289 447
68290 716
68291 1030
68292 1627
68293 1650
68294 1586
68295 783
68296 1232
68297 1333
68298 353
68299 654
68300 1179
68301 491
68302 1486
68303 1081
68304 339
68305 380
68306 1824
68307 839
68308 1718
68309 1669
68310 1897
68311 15
68312 1140
68313 1484
68314 44
68315 260
68316 779
68317 1720
68318 957
68319 216
68320 1547
68321 213
68322 376
68323 1761
68324 421
68325 647
68326 1337
68327 990
68328 116
68329 31
68330 966
68331 940
68332 336
68333 766
68334 770
68335 438
68336 1927
68337 942
68338 1673
68339 1860
68340 823
68341 1829
68342 1012
68343 1681
68344 1401
68345 1922
68346 1673
68347 740
68348 197
68349 588
68350 545
68351 210
68352 1339
68353 1869
68354 386
68355 1832
68356 101
68357 1087
68358 602
68359 1099
68360 1784
68361 871
68362 1342
68363 1631
68364 1910
68365 458
68366 1751
68367 485
68368 1448
68369 812
68370 1501
68371 591
68372 1185
68373 193
68374 685
68375 1713
68376 157
68377 1908
68378 1466
68379 847
68380 1132
68381 1701
68382 927
68383 1314
68384 961
68385 1606
68386 194
68387 486
68388 1233
68389 874
68390 1402
68391 623
68392 1349
68393 1537
68394 1970
68395 1735
68396 617
68397 267
68398 1414
68399 202
68400 1040
68401 1160
68402 775
68403 1399
68404 1752
68405 886
68406 1363
68407 1219
68408 382
68409 64
68410 1423
68411 1658
68412 1869
68413 1751
68414 1625
68415 1218
68416 1710
68417 1491
68418 714
68419 670
68420 1831
68421 1276
68422 1404
68423 184
68424 173
68425 1124
68426 650
68427 1760
68428 1090
68429 575
68430 464
68431 1690
68432 684
68433 1552
68434 1850
68435 622
68436 869
68437 1276
68438 1582
68439 1049
68440 1702
68441 843
68442 1853
68443 70
68444 707
68445 1127
68446 649
68447 367
68448 1620
68449 624
68450 1351
68451 1855
68452 1347
68453 153
68454 1153
68455 1416
68456 449
68457 1867
68458 583
68459 303
68460 495
68461 1018
68462 1263
68463 30
68464 1823
68465 1824
68466 108
68467 1806
68468 188
68469 1407
68470 1778
68471 12
68472 995
68473 1838
68474 73
68475 150
68476 221
68477 584
68478 1941
68479 151
68480 1222
68481 1388
68482 1950
68483 1299
68484 928
68485 134
68486 1141
68487 172
68488 17
68489 1179
68490 894
68491 1930
68492 1391
68493 505
68494 1778
68495 417
68496 179
68497 848
68498 1757
68499 1873
68500 1736
68501 952
68502 713
68503 803
68504 811
68505 448
68506 89
68507 1161
68508 178
68509 1650
68510 1053
68511 1598
68512 697
68513 1660
68514 397
68515 1158
68516 269
68517 134
68518 140
68519 1189
68520 903
68521 363
68522 753
68523 1369
68524 185
68525 414
68526 564
68527 1522
68528 1278
68529 1260
68530 809
68531 1403
68532 498
68533 1889
68534 713
68535 12
68536 1531
68537 1785
68538 1804
68539 130
68540 660
68541 197
68542 236
68543 1411
68544 1471
68545 1604
68546 1959
68547 826
68548 1432
68549 753
68550 620
68551 1603
68552 1726
68553 651
68554 819
68555 1122
68556 147
68557 436
68558 1443
68559 1887
68560 45
68561 1782
68562 1925
68563 558
68564 351
68565 239
68566 1318
68567 599
68568 1085
68569 769
68570 1530
68571 1371
68572 580
68573 220
68574 1346
68575 1882
68576 103
68577 1516
68578 834
68579 37
68580 1132
68581 606
68582 312
68583 1782
68584 487
68585 1108
68586 358
68587 1468
68588 568
68589 1894
68590 99
68591 1636
68592 1464
68593 1074
68594 900
68595 481
68596 1113
68597 1528
68598 1217
68599 535
68600 1138
68601 932
68602 1750
68603 1182
68604 881
68605 1723
68606 1120
68607 187
68608 552
68609 835
68610 1681
68611 1443
68612 1916
68613 1758
68614 905
68615 1427
68616 225
68617 1772
68618 445
68619 1172
68620 1430
68621 8
68622 1041
68623 1239
68624 124
68625 1906
68626 1615
68627 427
68628 520
68629 101
68630 210
68631 1690
68632 891
68633 1913
68634 672
68635 900
68636 696
68637 1302
68638 1528
68639 1046
68640 723
68641 954
68642 544
68643 638
68644 1048
68645 1907
68646 168
68647 1275
68648 762
68649 213
68650 1502
68651 78
68652 1677
68653 334
68654 1397
68655 1763
68656 1470
68657 1947
68658 24
68659 1389
68660 1094
68661 1929
68662 933
68663 1746
68664 236
68665 1346
68666 1402
68667 104
68668 1190
68669 739
68670 1335
68671 683
68672 1371
68673 373
68674 837
68675 217
68676 1027
68677 1395
68678 1446
68679 1531
68680 1402
68681 1268
68682 1845
68683 1663
68684 549
68685 935
68686 869
68687 872
68688 1237
68689 1292
68690 836
68691 1518
68692 1802
68693 1017
68694 17
68695 925
68696 85
68697 1116
68698 1838
68699 1623
68700 281
68701 1888
68702 348
68703 102
68704 1470
68705 137
68706 908
68707 1730
68708 1138
68709 630
68710 88
68711 1861
68712 424
68713 866
68714 1026
68715 1187
68716 1783
68717 1176
68718 840
68719 1836
68720 943
68721 1435
68722 1690
68723 1678
68724 487
68725 1768
68726 230
68727 1441
68728 1444
68729 724
68730 159
68731 457
68732 665
68733 833
68734 322
68735 1515
68736 420
68737 800
68738 1032
68739 827
68740 1401
68741 908
68742 676
68743 1683
68744 476
68745 1083
68746 1169
68747 1583
68748 606
68749 1270
68750 1348
68751 1963
68752 1327
68753 119
68754 514
68755 1636
68756 1761
68757 1062
68758 146
68759 1416
68760 223
68761 376
68762 1026
68763 1199
68764 897
68765 1281
68766 827
68767 367
68768 270
68769 36
68770 1964
68771 1792
68772 989
68773 1080
68774 995
68775 623
68776 1636
68777 692
68778 149
68779 1145
68780 806
68781 1324
68782 995
68783 80
68784 764
68785 25
68786 808
68787 116
68788 823
68789 1608
68790 1137
68791 1440
68792 576
68793 438
68794 957
68795 181
68796 1190
68797 1513
68798 1430
68799 400
68800 1800
68801 236
68802 811
68803 525
68804 1826
68805 305
68806 617
68807 141
68808 718
68809 1326
68810 1870
68811 898
68812 1503
68813 1137
68814 855
68815 1565
68816 182
68817 801
68818 312
68819 1781
68820 1934
68821 1679
68822 469
68823 135
68824 281
68825 451
68826 618
68827 1280
68828 1109
68829 1927
68830 1109
68831 1348
68832 1562
68833 847
68834 1096
68835 1904
68836 935
68837 406
68838 1835
68839 607
68840 1973
68841 395
68842 1290
68843 163
68844 160
68845 1607
68846 1350
68847 1262
68848 1570
68849 899
68850 667
68851 1887
68852 1272
68853 478
68854 759
68855 1493
68856 521
68857 1386
68858 894
68859 1492
68860 1301
68861 166
68862 1276
68863 1221
68864 1914
68865 1700
68866 1163
68867 1529
68868 1209
68869 252
68870 1542
68871 145
68872 739
68873 1185
68874 1947
68875 665
68876 187
68877 593
68878 1253
68879 1175
68880 1110
68881 1550
68882 1325
68883 1823
68884 1121
68885 113
68886 656
68887 1081
68888 131
68889 1521
68890 1128
68891 138
68892 946
68893 86
68894 1056
68895 113
68896 1922
68897 658
68898 680
68899 379
68900 1512
68901 884
68902 475
68903 1030
68904 1733
68905 311
68906 89
68907 1829
68908 903
68909 693
68910 489
68911 1091
68912 241
68913 1965
68914 53
68915 1074
68916 1477
68917 1288
68918 1190
68919 397
68920 720
68921 1370
68922 985
68923 895
68924 1528
68925 1610
68926 1014
68927 1738
68928 468
68929 1971
68930 939
68931 941
68932 184
68933 1485
68934 1829
68935 151
68936 1862
68937 1506
68938 404
68939 625
68940 1802
68941 1368
68942 1529
68943 617
68944 1391
68945 1503
68946 695
68947 308
68948 906
68949 206
68950 499
68951 630
68952 716
68953 749
68954 1700
68955 981
68956 372
68957 187
68958 1938
68959 1673
68960 205
68961 1892
68962 1682
68963 1188
68964 1155
68965 605
68966 20
68967 1731
68968 1635
68969 738
68970 1936
68971 262
68972 1764
68973 1005
68974 1259
68975 1942
68976 70
68977 1166
68978 1626
68979 445
68980 106
68981 713
68982 1002
68983 1483
68984 873
68985 1174
68986 1380
68987 355
68988 1398
68989 1509
68990 1394
68991 414
68992 337
68993 154
68994 474
68995 889
68996 628
68997 1780
68998 643
68999 1680
69000 1845
69001 591
69002 882
69003 1207
69004 1037
69005 1512
69006 981
69007 1311
69008 823
69009 646
69010 679
69011 692
69012 1260
69013 437
69014 522
69015 1032
69016 1757
69017 1308
69018 136
69019 899
69020 1064
69021 1615
69022 390
69023 59
69024 186
69025 364
69026 1450
69027 866
69028 1043
69029 1202
69030 607
69031 76
69032 504
69033 1205
69034 835
69035 1425
69036 356
69037 1176
69038 1674
69039 556
69040 1259
69041 347
69042 541
69043 623
69044 1312
69045 1180
69046 7
69047 1603
69048 1805
69049 1007
69050 313
69051 1259
69052 140
69053 164
69054 1133
69055 17
69056 3
69057 565
69058 1330
69059 174
69060 1177
69061 581
69062 592
69063 520
69064 564
69065 820
69066 276
69067 1810
69068 1190
69069 925
69070 1519
69071 1032
69072 913
69073 623
69074 862
69075 655
69076 1942
69077 510
69078 1883
69079 1214
69080 97
69081 186
69082 425
69083 1683
69084 154
69085 1380
69086 1856
69087 5
69088 218
69089 544
69090 1970
69091 1431
69092 441
69093 163
69094 1375
69095 826
69096 698
69097 1392
69098 251
69099 893
69100 1688
69101 1756
69102 1671
69103 915
69104 556
69105 356
69106 1425
69107 625
69108 857
69109 1385
69110 35
69111 1963
69112 1559
69113 649
69114 1370
69115 1214
69116 658
69117 128
69118 1281
69119 81
69120 1758
69121 745
69122 588
69123 871
69124 1660
69125 1437
69126 459
69127 57
69128 1920
69129 64
69130 49
69131 806
69132 416
69133 908
69134 179
69135 1789
69136 1490
69137 927
69138 895
69139 1546
69140 1677
69141 1387
69142 1159
69143 993
69144 1687
69145 1629
69146 1778
69147 80
69148 1039
69149 1055
69150 1750
69151 245
69152 876
69153 1018
69154 37
69155 568
69156 239
69157 1788
69158 713
69159 1438
69160 1238
69161 684
69162 389
69163 667
69164 739
69165 76
69166 1048
69167 1231
69168 821
69169 1516
69170 1139
69171 934
69172 613
69173 1267
69174 1489
69175 822
69176 451
69177 1296
69178 997
69179 1457
69180 43
69181 954
69182 200
69183 1139
69184 129
69185 697
69186 234
69187 1354
69188 1317
69189 1230
69190 822
69191 784
69192 686
69193 679
69194 1868
69195 304
69196 414
69197 1386
69198 284
69199 120
69200 1488
69201 827
69202 1082
69203 751
69204 128
69205 1468
69206 1701
69207 437
69208 1593
69209 814
69210 1697
69211 1898
69212 81
69213 1265
69214 1093
69215 651
69216 1011
69217 938
69218 1261
69219 990
69220 1386
69221 156
69222 1689
69223 1879
69224 164
69225 58
69226 1323
69227 683
69228 1653
69229 231
69230 365
69231 1823
69232 642
69233 331
69234 1495
69235 12
69236 1041
69237 217
69238 644
69239 1691
69240 1886
69241 952
69242 339
69243 1301
69244 970
69245 264
69246 1929
69247 1475
69248 160
69249 1739
69250 1909
69251 1694
69252 1614
69253 1857
69254 151
69255 782
69256 368
69257 1291
69258 1143
69259 59
69260 817
69261 1334
69262 1123
69263 348
69264 239
69265 1423
69266 1549
69267 1926
69268 1841
69269 304
69270 1441
69271 777
69272 1487
69273 1589
69274 889
69275 870
69276 1450
69277 740
69278 227
69279 1671
69280 377
69281 1761
69282 1525
69283 1205
69284 1967
69285 1473
69286 1296
69287 971
69288 795
69289 1333
69290 1444
69291 1313
69292 1272
69293 750
69294 1229
69295 642
69296 215
69297 669
69298 985
69299 196
69300 1440
69301 1563
69302 777
69303 255
69304 322
69305 397
69306 244
69307 563
69308 1721
69309 128
69310 651
69311 541
69312 313
69313 202
69314 1484
69315 139
69316 1464
69317 312
69318 318
69319 1735
69320 1715
69321 1891
69322 1156
69323 1418
69324 762
69325 1820
69326 868
69327 1243
69328 548
69329 743
69330 1262
69331 1620
69332 711
69333 1147
69334 654
69335 794
69336 1809
69337 300
69338 1140
69339 319
69340 1297
69341 1801
69342 1151
69343 757
69344 992
69345 39
69346 618
69347 709
69348 1879
69349 1360
69350 949
69351 1777
69352 1067
69353 994
69354 1506
69355 1472
69356 370
69357 892
69358 76
69359 1703
69360 787
69361 1877
69362 1960
69363 1592
69364 1619
69365 1694
69366 896
69367 554
69368 1808
69369 1856
69370 1479
69371 240
69372 555
69373 1721
69374 1362
69375 1409
69376 619
69377 182
69378 1948
69379 602
69380 709
69381 708
69382 147
69383 56
69384 1545
69385 1491
69386 1741
69387 1015
69388 754
69389 1220
69390 1192
69391 1398
69392 901
69393 43
69394 1867
69395 857
69396 1808
69397 1979
69398 1173
69399 292
69400 106
69401 463
69402 1314
69403 1165
69404 618
69405 1135
69406 1485
69407 114
69408 171
69409 1196
69410 607
69411 245
69412 1408
69413 1400
69414 1571
69415 559
69416 585
69417 1449
69418 1429
69419 1026
69420 1349
69421 1184
69422 1103
69423 1853
69424 470
69425 1494
69426 1413
69427 1928
69428 29
69429 1473
69430 630
69431 1824
69432 1648
69433 1739
69434 1346
69435 726
69436 1533
69437 1871
69438 1666
69439 873
69440 1443
69441 38
69442 1873
69443 1368
69444 1461
69445 1015
69446 921
69447 727
69448 482
69449 1380
69450 965
69451 477
69452 1738
69453 1601
69454 1253
69455 1032
69456 1130
69457 1826
69458 52
69459 1708
69460 790
69461 81
69462 1212
69463 1902
69464 1412
69465 1846
69466 1058
69467 1539
69468 470
69469 271
69470 115
69471 1069
69472 1592
69473 1431
69474 906
69475 1533
69476 1371
69477 291
69478 1192
69479 661
69480 38
69481 1052
69482 1740
69483 1564
69484 1046
69485 1823
69486 1971
69487 599
69488 1491
69489 208
69490 829
69491 1336
69492 879
69493 311
69494 209
69495 1747
69496 1091
69497 821
69498 44
69499 667
69500 272
69501 1689
69502 744
69503 14
69504 517
69505 1139
69506 1812
69507 885
69508 1659
69509 428
69510 879
69511 1521
69512 1508
69513 365
69514 1090
69515 692
69516 1643
69517 583
69518 874
69519 1191
69520 310
69521 377
69522 1804
69523 1600
69524 1909
69525 18
69526 1940
69527 1229
69528 61
69529 695
69530 318
69531 1101
69532 1655
69533 893
69534 1266
69535 1280
69536 950
69537 1809
69538 1725
69539 331
69540 916
69541 368
69542 906
69543 1810
69544 523
69545 426
69546 590
69547 784
69548 1057
69549 742
69550 297
69551 121
69552 1815
69553 1851
69554 1176
69555 281
69556 834
69557 1261
69558 1214
69559 363
69560 55
69561 1260
69562 1899
69563 1264
69564 366
69565 766
69566 1670
69567 1633
69568 1193
69569 493
69570 1825
69571 1975
69572 742
69573 15
69574 992
69575 515
69576 1684
69577 781
69578 158
69579 696
69580 1531
69581 9
69582 51
69583 905
69584 568
69585 1381
69586 1161
69587 1733
69588 43
69589 1716
69590 609
69591 1440
69592 383
69593 1173
69594 1444
69595 319
69596 438
69597 1330
69598 1442
69599 1833
69600 1819
69601 753
69602 408
69603 1751
69604 822
69605 94
69606 726
69607 193
69608 1122
69609 1426
69610 1512
69611 1108
69612 1763
69613 450
69614 222
69615 732
69616 1178
69617 1896
69618 165
69619 164
69620 629
69621 1916
69622 1502
69623 1808
69624 1716
69625 1790
69626 979
69627 502
69628 1229
69629 1478
69630 344
69631 913
69632 1707
69633 846
69634 1458
69635 728
69636 1610
69637 390
69638 1764
69639 341
69640 55
69641 1115
69642 436
69643 806
69644 419
69645 782
69646 1422
69647 1082
69648 1833
69649 1317
69650 90
69651 6
69652 1606
69653 969
69654 375
69655 1237
69656 1491
69657 1040
69658 633
69659 183
69660 274
69661 29
69662 1835
69663 830
69664 1610
69665 706
69666 29
69667 1430
69668 1414
69669 680
69670 1064
69671 1223
69672 28
69673 1121
69674 376
69675 991
69676 661
69677 1508
69678 1426
69679 138
69680 1352
69681 1675
69682 1545
69683 506
69684 1597
69685 779
69686 1712
69687 183
69688 1290
69689 169
69690 1587
69691 910
69692 851
69693 560
69694 343
69695 1412
69696 909
69697 1569
69698 1809
69699 294
69700 1150
69701 938
69702 1658
69703 380
69704 570
69705 1763
69706 439
69707 1497
69708 939
69709 497
69710 460
69711 1664
69712 345
69713 155
69714 417
69715 1042
69716 1046
69717 362
69718 1224
69719 1962
69720 663
69721 553
69722 673
69723 503
69724 1122
69725 1201
69726 1379
69727 774
69728 1114
69729 1552
69730 1341
69731 254
69732 790
69733 41
69734 1772
69735 1147
69736 255
69737 746
69738 371
69739 649
69740 21
69741 1448
69742 1646
69743 1374
69744 1276
69745 463
69746 965
69747 635
69748 89
69749 720
69750 823
69751 805
69752 994
69753 1430
69754 218
69755 1630
69756 309
69757 676
69758 1554
69759 229
69760 1922
69761 1333
69762 1497
69763 1129
69764 1487
69765 1669
69766 1259
69767 1822
69768 515
69769 525
69770 670
69771 829
69772 1849
69773 1863
69774 1070
69775 1509
69776 383
69777 57
69778 951
69779 392
69780 1352
69781 1603
69782 1256
69783 1595
69784 311
69785 416
69786 236
69787 124
69788 1908
69789 1059
69790 1240
69791 381
69792 1381
69793 1948
69794 1738
69795 728
69796 1663
69797 1140
69798 1508
69799 1347
69800 1813
69801 464
69802 1461
69803 703
69804 574
69805 1891
69806 760
69807 1076
69808 858
69809 920
69810 606
69811 671
69812 112
69813 1735
69814 1519
69815 297
69816 1007
69817 975
69818 1614
69819 1664
69820 69
69821 1567
69822 1125
69823 262
69824 601
69825 733
69826 1001
69827 762
69828 1981
69829 970
69830 1118
69831 1256
69832 1313
69833 43
69834 595
69835 1550
69836 1319
69837 1348
69838 298
69839 437
69840 983
69841 309
69842 1135
69843 996
69844 1768
69845 1797
69846 1047
69847 1574
69848 633
69849 1188
69850 1584
69851 1301
69852 708
69853 1940
69854 1030
69855 1510
69856 86
69857 1308
69858 1764
69859 1499
69860 58
69861 46
69862 1087
69863 1772
69864 1624
69865 1605
69866 449
69867 1729
69868 497
69869 1660
69870 1871
69871 1844
69872 454
69873 1453
69874 903
69875 1205
69876 1731
69877 1388
69878 416
69879 1754
69880 1226
69881 1324
69882 1314
69883 1082
69884 391
69885 1590
69886 1049
69887 1933
69888 38
69889 1525
69890 1095
69891 599
69892 1883
69893 1628
69894 1252
69895 1553
69896 749
69897 123
69898 1161
69899 379
69900 1875
69901 1288
69902 1913
69903 973
69904 614
69905 186
69906 338
69907 1980
69908 106
69909 1148
69910 1434
69911 1669
69912 663
69913 41
69914 788
69915 1279
69916 724
69917 609
69918 437
69919 1635
69920 818
69921 1009
69922 2
69923 889
69924 2
69925 1912
69926 1603
69927 756
69928 1406
69929 161
69930 123
69931 1451
69932 851
69933 1793
69934 1601
69935 403
69936 110
69937 1
69938 732
69939 454
69940 494
69941 1391
69942 1378
69943 638
69944 812
69945 1797
69946 1255
69947 484
69948 1180
69949 666
69950 108
69951 1357
69952 1410
69953 1156
69954 1205
69955 1863
69956 1500
69957 213
69958 69
69959 1314
69960 162
69961 322
69962 1376
69963 970
69964 977
69965 1650
69966 1902
69967 503
69968 456
69969 1908
69970 958
69971 1930
69972 461
69973 1775
69974 1198
69975 1654
69976 1606
69977 1044
69978 550
69979 544
69980 138
69981 714
69982 879
69983 1792
69984 1686
69985 552
69986 1022
69987 1449
69988 621
69989 1255
69990 1753
69991 1531
69992 111
69993 552
69994 1115
69995 1371
69996 1042
69997 1992
69998 763
69999 1251
70000 1513
70001 828
70002 763
70003 207
70004 579
70005 1188
70006 805
70007 1881
70008 1024
70009 639
70010 54
70011 1183
70012 744
70013 1882
70014 1612
70015 1890
70016 89
70017 312
70018 1277
70019 1458
70020 1577
70021 637
70022 1347
70023 1772
70024 142
70025 851
70026 1510
70027 952
70028 1142
70029 526
70030 1653
70031 1496
70032 1813
70033 843
70034 1813
70035 1867
70036 681
70037 447
70038 1443
70039 1318
70040 860
70041 348
70042 611
70043 881
70044 655
70045 1118
70046 1645
70047 1086
70048 1704
70049 179
70050 1744
70051 739
70052 1103
70053 1980
70054 1147
70055 1275
70056 1592
70057 1131
70058 1049
70059 1731
70060 96
70061 79
70062 1040
70063 852
70064 618
70065 1481
70066 697
70067 873
70068 601
70069 1323
70070 1106
70071 976
70072 1411
70073 460
70074 1309
70075 1516
70076 1948
70077 200
70078 1616
70079 212
70080 1584
70081 782
70082 1637
70083 1241
70084 988
70085 1515
70086 1590
70087 1950
70088 237
70089 1587
70090 335
70091 1431
70092 585
70093 751
70094 1860
70095 1654
70096 196
70097 1864
70098 1331
70099 1391
70100 1261
70101 709
70102 1708
70103 1485
70104 328
70105 1515
70106 1943
70107 1814
70108 1342
70109 862
70110 884
70111 846
70112 1365
70113 141
70114 1414
70115 1278
70116 782
70117 1908
70118 270
70119 1061
70120 222
70121 702
70122 1924
70123 962
70124 235
70125 1865
70126 613
70127 1093
70128 1703
70129 1653
70130 488
70131 180
70132 1345
70133 1580
70134 100
70135 1491
70136 1439
70137 1883
70138 946
70139 882
70140 1076
70141 108
70142 1776
70143 809
70144 1688
70145 30
70146 881
70147 837
70148 1682
70149 1359
70150 721
70151 403
70152 551
70153 1425
70154 253
70155 1601
70156 343
70157 387
70158 787
70159 396
70160 375
70161 497
70162 1976
70163 737
70164 487
70165 263
70166 303
70167 1738
70168 342
70169 1111
70170 132
70171 3
70172 60
70173 240
70174 232
70175 346
70176 412
70177 1539
70178 886
70179 115
70180 860
70181 1745
70182 582
70183 1353
70184 1608
70185 507
70186 1502
70187 35
70188 253
70189 1298
70190 1049
70191 1021
70192 597
70193 1180
70194 530
70195 1616
70196 1887
70197 932
70198 1970
70199 1482
70200 1936
70201 1074
70202 1281
70203 1816
70204 1537
70205 11
70206 1914
70207 513
70208 1400
70209 857
70210 1925
70211 851
70212 1848
70213 1643
70214 772
70215 1061
70216 1432
70217 1083
70218 129
70219 1829
70220 1181
70221 928
70222 1227
70223 1112
70224 1566
70225 278
70226 16
70227 819
70228 1080
70229 1855
70230 940
70231 345
70232 0
70233 1232
70234 1204
70235 933
70236 319
70237 707
70238 149
70239 371
70240 1622
70241 302
70242 1678
70243 1549
70244 1081
70245 1901
70246 1407
70247 1572
70248 1532
70249 1976
70250 1520
70251 572
70252 631
70253 181
70254 507
70255 1687
70256 1892
70257 278
70258 1772
70259 1647
70260 363
70261 119
70262 723
70263 224
70264 20
70265 1839
70266 652
70267 537
70268 729
70269 1642
70270 1829
70271 381
70272 712
70273 1370
70274 481
70275 324
70276 202
70277 697
70278 1363
70279 1627
70280 1756
70281 1819
70282 885
70283 202
70284 1079
70285 458
70286 1370
70287 1900
70288 1647
70289 533
70290 1047
70291 911
70292 801
70293 1260
70294 1746
70295 1628
70296 1871
70297 1442
70298 170
70299 775
70300 1975
70301 1853
70302 680
70303 1850
70304 477
70305 1953
70306 374
70307 1156
70308 1489
70309 917
70310 514
70311 683
70312 45
70313 593
70314 971
70315 1620
70316 1958
70317 768
70318 1237
70319 177
70320 1594
70321 1242
70322 866
70323 1631
70324 1552
70325 1034
70326 255
70327 1735
70328 1702
70329 804
70330 1761
70331 1346
70332 181
70333 417
70334 1185
70335 1137
70336 134
70337 1914
70338 1905
70339 1124
70340 41
70341 1704
70342 1741
70343 390
70344 1567
70345 574
70346 1476
70347 180
70348 855
70349 1807
70350 1698
70351 1435
70352 938
70353 386
70354 647
70355 512
70356 1450
70357 893
70358 1137
70359 612
70360 769
70361 1287
70362 1017
70363 1200
70364 47
70365 1958
70366 1664
70367 773
70368 44
70369 1111
70370 79
70371 1561
70372 1212
70373 371
70374 895
70375 293
70376 1187
70377 1960
70378 1647
70379 395
70380 1278
70381 1780
70382 572
70383 1374
70384 1650
70385 1918
70386 631
70387 598
70388 1312
70389 541
70390 1178
70391 343
70392 318
70393 809
70394 1619
70395 126
70396 357
70397 1172
70398 875
70399 790
70400 1669
70401 502
70402 1053
70403 1385
70404 1045
70405 324
70406 1046
70407 912
70408 1027
70409 659
70410 127
70411 957
70412 1634
70413 892
70414 366
70415 1434
70416 1051
70417 1498
70418 73
70419 1260
70420 368
70421 752
70422 1897
70423 442
70424 686
70425 1504
70426 1194
70427 1916
70428 1192
70429 1745
70430 81
70431 156
70432 476
70433 102
70434 577
70435 1774
70436 1511
70437 1470
70438 1766
70439 1289
70440 1896
70441 1398
70442 1051
70443 1444
70444 247
70445 471
70446 1910
70447 1435
70448 1604
70449 429
70450 324
70451 914
70452 1532
70453 1109
70454 847
70455 1461
70456 577
70457 695
70458 1247
70459 1288
70460 1256
70461 977
70462 847
70463 1340
70464 121
70465 242
70466 1877
70467 179
70468 1854
70469 131
70470 432
70471 805
70472 1134
70473 1526
70474 1528
70475 620
70476 1771
70477 1373
70478 1289
70479 1377
70480 386
70481 1212
70482 1642
70483 809
70484 57
70485 524
70486 481
70487 1408
70488 1383
70489 413
70490 683
70491 1052
70492 32
70493 24
70494 1594
70495 333
70496 1774
70497 1452
70498 246
70499 185
70500 1416
70501 736
70502 1804
70503 424
70504 753
70505 1491
70506 239
70507 348
70508 42
70509 1909
70510 524
70511 1388
70512 1212
70513 444
70514 383
70515 435
70516 1732
70517 933
70518 1632
70519 749
70520 116
70521 128
70522 836
70523 286
70524 1917
70525 350
70526 1718
70527 1041
70528 1369
70529 1507
70530 256
70531 406
70532 785
70533 1716
70534 682
70535 811
70536 684
70537 1425
70538 1844
70539 687
70540 888
70541 1337
70542 1226
70543 702
70544 1666
70545 324
70546 677
70547 1221
70548 1564
70549 815
70550 740
70551 295
70552 1576
70553 853
70554 1423
70555 1954
70556 175
70557 1602
70558 449
70559 368
70560 570
70561 1529
70562 1839
70563 1114
70564 163
70565 37
70566 644
70567 1364
70568 1402
70569 786
70570 395
70571 164
70572 1639
70573 455
70574 310
70575 254
70576 769
70577 1604
70578 1228
70579 1163
70580 1434
70581 387
70582 621
70583 756
70584 1527
70585 102
70586 1768
70587 674
70588 1415
70589 1152
70590 995
70591 1924
70592 1165
70593 1350
70594 1845
70595 1159
70596 1603
70597 1775
70598 1280
70599 1571
70600 1441
70601 1695
70602 1136
70603 1453
70604 1706
70605 28
70606 1437
70607 20
70608 1968
70609 1912
70610 787
70611 228
70612 475
70613 1642
70614 280
70615 606
70616 47
70617 1765
70618 1603
70619 820
70620 362
70621 967
70622 1844
70623 1791
70624 1632
70625 173
70626 336
70627 1689
70628 1226
70629 526
70630 4
70631 1683
70632 103
70633 619
70634 664
70635 1697
70636 775
70637 743
70638 1785
70639 1463
70640 219
70641 1694
70642 239
70643 1737
70644 823
70645 1330
70646 60
70647 1157
70648 139
70649 1977
70650 996
70651 1251
70652 1904
70653 251
70654 622
70655 1563
70656 710
70657 640
70658 1824
70659 1373
70660 432
70661 1660
70662 755
70663 1257
70664 109
70665 296
70666 1039
70667 12
70668 396
70669 1678
70670 578
70671 1524
70672 1857
70673 912
70674 1948
70675 195
70676 318
70677 1610
70678 1765
70679 1662
70680 411
70681 1000
70682 517
70683 1514
70684 202
70685 386
70686 96
70687 1757
70688 323
70689 121
70690 90
70691 1382
70692 1697
70693 573
70694 1058
70695 1835
70696 195
70697 1395
70698 544
70699 115
70700 92
70701 1424
70702 146
70703 1090
70704 1454
70705 897
70706 384
70707 1835
70708 991
70709 1432
70710 308
70711 1095
70712 425
70713 1574
70714 274
70715 980
70716 1519
70717 310
70718 1841
70719 1042
70720 1358
70721 350
70722 381
70723 127
70724 1273
70725 1032
70726 1147
70727 144
70728 1016
70729 912
70730 1792
70731 1708
70732 385
70733 572
70734 801
70735 144
70736 973
70737 1595
70738 521
70739 892
70740 833
70741 1655
70742 1847
70743 1665
70744 1983
70745 1758
70746 610
70747 1807
70748 504
70749 1015
70750 277
70751 31
70752 207
70753 368
70754 263
70755 1578
70756 502
70757 753
70758 1018
70759 878
70760 795
70761 423
70762 1152
70763 1626
70764 1589
70765 1273
70766 27
70767 1160
70768 1149
70769 1418
70770 1748
70771 1718
70772 1085
70773 274
70774 1050
70775 56
70776 966
70777 1330
70778 1438
70779 423
70780 370
70781 519
70782 1799
70783 647
70784 642
70785 1589
70786 55
70787 1192
70788 1553
70789 1586
70790 1459
70791 400
70792 1265
70793 1087
70794 1970
70795 271
70796 1709
70797 252
70798 273
70799 1585
70800 1402
70801 197
70802 937
70803 1861
70804 1549
70805 1150
70806 838
70807 1580
70808 1014
70809 1753
70810 80
70811 1617
70812 123
70813 7
70814 94
70815 93
70816 589
70817 446
70818 498
70819 561
70820 1953
70821 375
70822 302
70823 325
70824 1896
70825 1704
70826 899
70827 1785
70828 650
70829 1639
70830 574
70831 661
70832 697
70833 1272
70834 328
70835 1914
70836 118
70837 1676
70838 19
70839 744
70840 718
70841 272
70842 1135
70843 370
70844 1036
70845 835
70846 1272
70847 122
70848 32
70849 1296
70850 1922
70851 1540
70852 1636
70853 1093
70854 1165
70855 567
70856 179
70857 1087
70858 1384
70859 1947
70860 1462
70861 527
70862 1523
70863 764
70864 265
70865 1103
70866 1854
70867 960
70868 299
70869 1926
70870 1326
70871 770
70872 737
70873 851
70874 245
70875 909
70876 868
70877 1650
70878 1158
70879 669
70880 1215
70881 94
70882 775
70883 1632
70884 867
70885 959
70886 1798
70887 1924
70888 1332
70889 1083
70890 1071
70891 634
70892 670
70893 843
70894 1621
70895 1656
70896 763
70897 1647
70898 1257
70899 1688
70900 1751
70901 241
70902 250
70903 1221
70904 1161
70905 1564
70906 1691
70907 876
70908 223
70909 1934
70910 438
70911 494
70912 1118
70913 321
70914 9
70915 1142
70916 234
70917 1083
70918 1058
70919 1924
70920 1479
70921 1561
70922 706
70923 111
70924 287
70925 158
70926 1360
70927 578
70928 484
70929 524
70930 1253
70931 63
70932 231
70933 929
70934 1818
70935 1418
70936 978
70937 1633
70938 341
70939 144
70940 97
70941 1606
70942 917
70943 670
70944 373
70945 392
70946 1529
70947 1010
70948 1217
70949 1618
70950 436
70951 1024
70952 1948
70953 1490
70954 1435
70955 1549
70956 1768
70957 1932
70958 194
70959 1796
70960 16
70961 1542
70962 931
70963 1694
70964 896
70965 401
70966 356
70967 730
70968 1957
70969 568
70970 1446
70971 1127
70972 115
70973 472
70974 1580
70975 1728
70976 874
70977 1672
70978 1092
70979 1325
70980 1465
70981 1888
70982 423
70983 625
70984 1571
70985 825
70986 1198
70987 324
70988 1922
70989 1192
70990 321
70991 1395
70992 217
70993 74
70994 650
70995 167
70996 518
70997 1927
70998 921
70999 574
71000 920
71001 212
71002 708
71003 1013
71004 400
71005 862
71006 1105
71007 1044
71008 1458
71009 1387
71010 1631
71011 1581
71012 183
71013 1489
71014 832
71015 1407
71016 775
71017 1846
71018 954
71019 374
71020 1396
71021 1044
71022 1276
71023 1050
71024 731
71025 597
71026 1603
71027 729
71028 213
71029 1031
71030 1402
71031 1328
71032 368
71033 1070
71034 934
71035 577
71036 900
71037 791
71038 1304
71039 165
71040 813
71041 358
71042 571
71043 878
71044 348
71045 1955
71046 836
71047 331
71048 1233
71049 1005
71050 328
71051 610
71052 1751
71053 1473
71054 165
71055 1000
71056 1465
71057 1165
71058 1147
71059 1887
71060 1279
71061 1030
71062 829
71063 1283
71064 907
71065 1299
71066 1913
71067 1426
71068 1901
71069 587
71070 327
71071 25
71072 147
71073 778
71074 303
71075 1200
71076 948
71077 656
71078 144
71079 739
71080 58
71081 1972
71082 1692
71083 1169
71084 240
71085 1586
71086 1469
71087 314
71088 1
71089 1009
71090 1030
71091 480
71092 1016
71093 1491
71094 1723
71095 1523
71096 1724
71097 436
71098 1637
71099 895
71100 315
71101 1326
71102 548
71103 1386
71104 1544
71105 503
71106 352
71107 785
71108 289
71109 58
71110 393
71111 472
71112 1311
71113 1124
71114 1033
71115 148
71116 1024
71117 1669
71118 356
71119 1255
71120 1178
71121 367
71122 1572
71123 416
71124 1727
71125 1249
71126 732
71127 794
71128 236
71129 1977
71130 1766
71131 1642
71132 789
71133 1284
71134 1138
71135 993
71136 64
71137 746
71138 873
71139 657
71140 324
71141 1505
71142 1501
71143 1096
71144 1062
71145 363
71146 533
71147 1591
71148 830
71149 844
71150 1855
71151 358
71152 1101
71153 1472
71154 5
71155 1659
71156 559
71157 1154
71158 1227
71159 639
71160 1301
71161 1185
71162 1108
71163 1258
71164 776
71165 514
71166 1044
71167 1222
71168 1500
71169 1138
71170 1548
71171 539
71172 941
71173 327
71174 1048
71175 348
71176 1719
71177 466
71178 1834
71179 392
71180 1236
71181 43
71182 1899
71183 1900
71184 1537
71185 783
71186 305
71187 356
71188 1414
71189 432
71190 830
71191 284
71192 753
71193 1890
71194 1836
71195 1640
71196 192
71197 3
71198 1439
71199 268
71200 1637
71201 1740
71202 500
71203 124
71204 1134
71205 557
71206 603
71207 1388
71208 1057
71209 1284
71210 374
71211 483
71212 877
71213 1100
71214 1724
71215 1396
71216 357
71217 391
71218 1519
71219 1579
71220 863
71221 1345
71222 1548
71223 1133
71224 1696
71225 45
71226 794
71227 631
71228 997
71229 1201
71230 1839
71231 1331
71232 824
71233 226
71234 801
71235 486
71236 354
71237 1097
71238 1446
71239 508
71240 426
71241 1133
71242 41
71243 1555
71244 1318
71245 137
71246 898
71247 30
71248 1695
71249 579
71250 622
71251 163
71252 1759
71253 677
71254 1680
71255 1513
71256 1000
71257 1910
71258 1449
71259 1741
71260 97
71261 535
71262 510
71263 13
71264 257
71265 573
71266 374
71267 1562
71268 730
71269 1623
71270 288
71271 43
71272 845
71273 1658
71274 947
71275 1067
71276 1894
71277 1515
71278 1479
71279 919
71280 123
71281 839
71282 1892
71283 949
71284 1092
71285 1789
71286 1351
71287 959
71288 1253
71289 830
71290 1139
71291 855
71292 896
71293 1661
71294 266
71295 3
71296 1658
71297 923
71298 768
71299 766
71300 1114
71301 374
71302 1333
71303 1657
71304 1297
71305 194
71306 441
71307 1281
71308 368
71309 1699
71310 445
71311 153
71312 678
71313 381
71314 823
71315 1071
71316 1181
71317 1521
71318 1939
71319 1062
71320 776
71321 393
71322 37
71323 701
71324 317
71325 1637
71326 116
71327 2
71328 711
71329 1170
71330 1046
71331 405
71332 800
71333 527
71334 1332
71335 514
71336 1204
71337 629
71338 1679
71339 1964
71340 866
71341 1074
71342 394
71343 12
71344 1620
71345 260
71346 743
71347 1606
71348 560
71349 1467
71350 1036
71351 20
71352 358
71353 1148
71354 1467
71355 1116
71356 652
71357 536
71358 177
71359 1455
71360 1581
71361 131
71362 325
71363 1326
71364 708
71365 1796
71366 63
71367 1485
71368 237
71369 816
71370 209
71371 663
71372 273
71373 1451
71374 1634
71375 1923
71376 933
71377 364
71378 1310
71379 345
71380 1169
71381 325
71382 360
71383 116
71384 122
71385 1238
71386 422
71387 253
71388 1474
71389 1617
71390 936
71391 1105
71392 1884
71393 1402
71394 813
71395 436
71396 1232
71397 450
71398 1195
71399 1741
71400 1768
71401 1842
71402 1608
71403 1447
71404 1368
71405 1955
71406 1470
71407 232
71408 285
71409 694
71410 1582
71411 1341
71412 511
71413 824
71414 101
71415 1051
71416 1836
71417 204
71418 1914
71419 488
71420 1695
71421 251
71422 1580
71423 727
71424 1077
71425 1868
71426 1655
71427 1099
71428 65
71429 643
71430 1242
71431 1219
71432 576
71433 263
71434 472
71435 1842
71436 554
71437 228
71438 1351
71439 482
71440 844
71441 694
71442 1693
71443 1576
71444 1932
71445 952
71446 1360
71447 682
71448 2
71449 1351
71450 205
71451 1251
71452 845
71453 1301
71454 205
71455 915
71456 1814
71457 435
71458 984
71459 1238
71460 553
71461 1782
71462 1480
71463 1943
71464 1523
71465 656
71466 1112
71467 592
71468 203
71469 1206
71470 124
71471 204
71472 979
71473 1390
71474 14
71475 1149
71476 209
71477 1735
71478 39
71479 1957
71480 1784
71481 885
71482 110
71483 1850
71484 637
71485 1899
71486 1554
71487 282
71488 504
71489 452
71490 191
71491 1537
71492 1022
71493 1651
71494 469
71495 131
71496 1707
71497 457
71498 242
71499 55
71500 811
71501 1315
71502 889
71503 183
71504 840
71505 1038
71506 52
71507 413
71508 1764
71509 75
71510 1413
71511 1381
71512 962
71513 1714
71514 1659
71515 272
71516 236
71517 453
71518 1713
71519 642
71520 1764
71521 1020
71522 1168
71523 228
71524 252
71525 1393
71526 1466
71527 628
71528 756
71529 1227
71530 1895
71531 395
71532 1970
71533 1855
71534 1480
71535 1350
71536 634
71537 341
71538 1429
71539 1473
71540 975
71541 1940
71542 1353
71543 983
71544 765
71545 1218
71546 253
71547 1497
71548 521
71549 1322
71550 786
71551 987
71552 712
71553 1172
71554 1237
71555 415
71556 468
71557 1782
71558 1839
71559 300
71560 1201
71561 380
71562 77
71563 313
71564 166
71565 1962
71566 592
71567 499
71568 819
71569 1770
71570 490
71571 420
71572 1661
71573 1184
71574 323
71575 1060
71576 543
71577 520
71578 957
71579 829
71580 1428
71581 338
71582 760
71583 1703
71584 867
71585 865
71586 1888
71587 392
71588 1539
71589 385
71590 247
71591 59
71592 1766
71593 952
71594 1330
71595 1098
71596 1975
71597 1338
71598 1786
71599 757
71600 1812
71601 964
71602 1421
71603 77
71604 859
71605 1764
71606 1017
71607 282
71608 291
71609 380
71610 1620
71611 36
71612 783
71613 217
71614 154
71615 1383
71616 1880
71617 1738
71618 921
71619 1879
71620 724
71621 353
71622 400
71623 862
71624 1093
71625 266
71626 1450
71627 509
71628 445
71629 367
71630 927
71631 1935
71632 615
71633 1479
71634 1159
71635 1017
71636 558
71637 922
71638 804
71639 1603
71640 1103
71641 1586
71642 1946
71643 475
71644 573
71645 230
71646 921
71647 1316
71648 285
71649 1606
71650 271
71651 1545
71652 1358
71653 1582
71654 1169
71655 1114
71656 1392
71657 1891
71658 1152
71659 1803
71660 1733
71661 1855
71662 968
71663 1646
71664 719
71665 1632
71666 1024
71667 1884
71668 1855
71669 1278
71670 537
71671 555
71672 1295
71673 1617
71674 990
71675 559
71676 361
71677 645
71678 1981
71679 1943
71680 960
71681 1483
71682 1657
71683 1975
71684 1710
71685 359
71686 226
71687 1258
71688 1862
71689 1650
71690 1823
71691 67
71692 1907
71693 1263
71694 588
71695 84
71696 1681
71697 1772
71698 1524
71699 569
71700 187
71701 856
71702 1211
71703 776
71704 389
71705 565
71706 1214
71707 98
71708 99
71709 986
71710 298
71711 563
71712 1136
71713 1173
71714 1071
71715 1094
71716 1270
71717 1614
71718 1437
71719 496
71720 593
71721 683
71722 1124
71723 758
71724 917
71725 1543
71726 1795
71727 151
71728 928
71729 921
71730 1471
71731 1404
71732 452
71733 563
71734 458
71735 651
71736 795
71737 1189
71738 1809
71739 1158
71740 1375
71741 535
71742 633
71743 1502
71744 1626
71745 565
71746 1564
71747 1033
71748 102
71749 858
71750 533
71751 1671
71752 518
71753 677
71754 12
71755 1406
71756 1846
71757 1641
71758 370
71759 1702
71760 1883
71761 1790
71762 1099
71763 562
71764 98
71765 1417
71766 417
71767 1554
71768 1292
71769 193
71770 316
71771 190
71772 916
71773 24
71774 1231
71775 635
71776 216
71777 1407
71778 1711
71779 816
71780 475
71781 1689
71782 15
71783 1960
71784 1428
71785 1938
71786 1189
71787 1826
71788 812
71789 1587
71790 84
71791 1346
71792 1576
71793 1366
71794 15
71795 1183
71796 1215
71797 652
71798 1710
71799 1212
71800 961
71801 1058
71802 409
71803 1576
71804 1645
71805 1798
71806 751
71807 647
71808 1094
71809 880
71810 1449
71811 1973
71812 817
71813 1141
71814 686
71815 727
71816 1903
71817 949
71818 108
71819 1057
71820 905
71821 1341
71822 1599
71823 1299
71824 462
71825 1956
71826 366
71827 553
71828 1981
71829 1962
71830 376
71831 8
71832 643
71833 688
71834 1956
71835 1859
71836 1724
71837 1226
71838 1130
71839 816
71840 646
71841 278
71842 759
71843 392
71844 1172
71845 1701
71846 1566
71847 298
71848 661
71849 564
71850 1333
71851 847
71852 70
71853 1107
71854 1508
71855 1690
71856 1389
71857 1351
71858 1287
71859 501
71860 1069
71861 723
71862 1839
71863 1386
71864 1603
71865 364
71866 799
71867 1833
71868 1033
71869 1897
71870 1378
71871 274
71872 1720
71873 669
71874 80
71875 1762
71876 1281
71877 6
71878 1566
71879 1532
71880 763
71881 31
71882 1146
71883 970
71884 557
71885 142
71886 1005
71887 530
71888 308
71889 65
71890 1250
71891 1866
71892 1345
71893 1519
71894 342
71895 109
71896 1152
71897 25
71898 399
71899 912
71900 1691
71901 518
71902 317
71903 836
71904 1451
71905 889
71906 856
71907 694
71908 731
71909 1462
71910 1373
71911 1352
71912 462
71913 540
71914 1425
71915 844
71916 1102
71917 686
71918 1150
71919 256
71920 1363
71921 1216
71922 1499
71923 414
71924 1197
71925 217
71926 624
71927 382
71928 493
71929 753
71930 270
71931 828
71932 510
71933 84
71934 1845
71935 178
71936 527
71937 193
71938 1354
71939 1372
71940 1215
71941 1761
71942 1512
71943 1289
71944 1258
71945 66
71946 710
71947 112
71948 1505
71949 827
71950 1862
71951 375
71952 1491
71953 381
71954 284
71955 1926
71956 414
71957 218
71958 1218
71959 825
71960 1103
71961 343
71962 1671
71963 823
71964 512
71965 1597
71966 59
71967 1315
71968 942
71969 1911
71970 256
71971 1311
71972 302
71973 1158
71974 295
71975 5
71976 22
71977 1561
71978 381
71979 1345
71980 1933
71981 1002
71982 1206
71983 65
71984 451
71985 693
71986 1900
71987 43
71988 1563
71989 477
71990 528
71991 144
71992 887
71993 1735
71994 508
71995 1675
71996 774
71997 1167
71998 472
71999 1113
72000 1409
72001 1280
72002 1313
72003 1488
72004 1945
72005 1686
72006 495
72007 1256
72008 1838
72009 821
72010 109
72011 368
72012 1031
72013 1835
72014 1738
72015 726
72016 1327
72017 803
72018 1062
72019 407
72020 1503
72021 300
72022 538
72023 913
72024 160
72025 516
72026 1807
72027 1213
72028 669
72029 518
72030 1654
72031 660
72032 1932
72033 892
72034 403
72035 988
72036 1737
72037 1948
72038 1773
72039 46
72040 1626
72041 563
72042 1263
72043 533
72044 193
72045 1545
72046 1531
72047 479
72048 1635
72049 760
72050 1871
72051 1812
72052 837
72053 349
72054 1954
72055 1979
72056 1241
72057 397
72058 1827
72059 347
72060 488
72061 752
72062 1248
72063 231
72064 184
72065 1585
72066 288
72067 239
72068 71
72069 741
72070 255
72071 1790
72072 1355
72073 532
72074 1244
72075 1737
72076 1631
72077 1036
72078 1764
72079 1756
72080 748
72081 1015
72082 117
72083 392
72084 20
72085 1358
72086 994
72087 891
72088 1143
72089 309
72090 447
72091 1884
72092 1778
72093 355
72094 35
72095 764
72096 1713
72097 1406
72098 1174
72099 1658
72100 3
72101 701
72102 1318
72103 812
72104 1400
72105 455
72106 1533
72107 1510
72108 543
72109 1710
72110 802
72111 150
72112 587
72113 82
72114 1704
72115 780
72116 338
72117 537
72118 1217
72119 387
72120 1459
72121 659
72122 251
72123 779
72124 1562
72125 1020
72126 1580
72127 1882
72128 18
72129 913
72130 1537
72131 93
72132 1945
72133 1934
72134 1387
72135 439
72136 1571
72137 1160
72138 893
72139 639
72140 585
72141 59
72142 644
72143 377
72144 933
72145 1294
72146 1699
72147 1941
72148 1807
72149 837
72150 942
72151 589
72152 228
72153 68
72154 235
72155 602
72156 1058
72157 668
72158 1012
72159 1735
72160 1784
72161 745
72162 556
72163 3
72164 771
72165 690
72166 63
72167 414
72168 1311
72169 1384
72170 134
72171 1601
72172 254
72173 399
72174 971
72175 792
72176 1495
72177 883
72178 318
72179 408
72180 1663
72181 1010
72182 245
72183 1252
72184 1444
72185 336
72186 831
72187 778
72188 1037
72189 1875
72190 1206
72191 185
72192 1639
72193 1905
72194 1960
72195 741
72196 1952
72197 1481
72198 186
72199 1897
72200 1320
72201 1039
72202 301
72203 1952
72204 733
72205 1211
72206 495
72207 1839
72208 470
72209 1737
72210 859
72211 215
72212 1193
72213 1700
72214 172
72215 177
72216 1637
72217 1457
72218 380
72219 663
72220 617
72221 369
72222 678
72223 1028
72224 502
72225 1891
72226 1466
72227 84
72228 1580
72229 1555
72230 309
72231 1731
72232 1439
72233 1682
72234 1707
72235 1202
72236 1102
72237 98
72238 637
72239 1537
72240 401
72241 291
72242 1125
72243 1026
72244 1016
72245 738
72246 1359
72247 309
72248 334
72249 1530
72250 677
72251 275
72252 1271
72253 1391
72254 1517
72255 1819
72256 384
72257 1976
72258 140
72259 780
72260 1272
72261 647
72262 1384
72263 1944
72264 700
72265 1468
72266 1305
72267 1678
72268 641
72269 1323
72270 684
72271 1965
72272 304
72273 2
72274 1799
72275 362
72276 103
72277 1234
72278 1231
72279 1759
72280 963
72281 396
72282 1884
72283 447
72284 872
72285 1353
72286 1481
72287 738
72288 1021
72289 891
72290 1279
72291 609
72292 1152
72293 364
72294 1732
72295 694
72296 1854
72297 1815
72298 1739
72299 1006
72300 78
72301 165
72302 1099
72303 713
72304 1188
72305 1349
72306 739
72307 371
72308 1589
72309 168
72310 1474
72311 1463
72312 26
72313 545
72314 1112
72315 1907
72316 126
72317 1842
72318 1569
72319 641
72320 634
72321 1620
72322 899
72323 1774
72324 1383
72325 776
72326 688
72327 1029
72328 384
72329 699
72330 1930
72331 1709
72332 1356
72333 1877
72334 130
72335 1228
72336 536
72337 328
72338 1773
72339 321
72340 60
72341 258
72342 1704
72343 1761
72344 1351
72345 1177
72346 479
72347 1631
72348 644
72349 709
72350 1298
72351 1925
72352 1577
72353 1434
72354 1329
72355 1527
72356 1637
72357 90
72358 246
72359 1539
72360 1415
72361 1604
72362 1768
72363 224
72364 387
72365 48
72366 805
72367 959
72368 1778
72369 1940
72370 262
72371 472
72372 141
72373 627
72374 95
72375 940
72376 138
72377 723
72378 1979
72379 1836
72380 441
72381 749
72382 143
72383 1483
72384 564
72385 1842
72386 1709
72387 865
72388 1922
72389 1140
72390 233
72391 707
72392 1031
72393 1308
72394 1881
72395 1486
72396 858
72397 443
72398 215
72399 957
72400 196
72401 1377
72402 129
72403 1885
72404 270
72405 549
72406 1046
72407 1524
72408 849
72409 1723
72410 874
72411 474
72412 454
72413 1548
72414 127
72415 1939
72416 1923
72417 1006
72418 70
72419 1484
72420 469
72421 1200
72422 1563
72423 11
72424 747
72425 1040
72426 603
72427 145
72428 598
72429 1711
72430 906
72431 1940
72432 158
72433 518
72434 250
72435 1189
72436 1436
72437 709
72438 986
72439 1795
72440 359
72441 415
72442 450
72443 120
72444 1041
72445 1050
72446 438
72447 1028
72448 1110
72449 1488
72450 1856
72451 1362
72452 1187
72453 687
72454 1789
72455 1226
72456 1571
72457 592
72458 958
72459 873
72460 226
72461 1451
72462 1275
72463 561
72464 1972
72465 1413
72466 1387
72467 807
72468 377
72469 1038
72470 1930
72471 1284
72472 1141
72473 1717
72474 1382
72475 1042
72476 400
72477 546
72478 1624
72479 832
72480 408
72481 228
72482 1453
72483 152
72484 416
72485 1842
72486 1092
72487 738
72488 1052
72489 1717
72490 1946
72491 903
72492 671
72493 976
72494 19
72495 631
72496 380
72497 1149
72498 588
72499 1835
72500 514
72501 582
72502 739
72503 584
72504 1472
72505 652
72506 1511
72507 1104
72508 705
72509 1960
72510 350
72511 1025
72512 1251
72513 348
72514 1677
72515 1311
72516 1730
72517 384
72518 1291
72519 1381
72520 775
72521 324
72522 1285
72523 200
72524 731
72525 1525
72526 374
72527 1079
72528 1078
72529 1512
72530 475
72531 671
72532 1447
72533 980
72534 250
72535 521
72536 57
72537 624
72538 1285
72539 785
72540 871
72541 212
72542 714
72543 185
72544 359
72545 811
72546 1162
72547 309
72548 906
72549 1203
72550 320
72551 945
72552 1812
72553 871
72554 132
72555 1645
72556 1431
72557 1752
72558 979
72559 263
72560 1871
72561 920
72562 1255
72563 858
72564 383
72565 1962
72566 557
72567 809
72568 819
72569 1349
72570 488
72571 1257
72572 908
72573 990
72574 361
72575 1295
72576 5
72577 554
72578 184
72579 696
72580 436
72581 766
72582 1220
72583 1580
72584 1652
72585 250
72586 1810
72587 385
72588 1385
72589 143
72590 572
72591 1365
72592 1390
72593 824
72594 1871
72595 1623
72596 1846
72597 1851
72598 1334
72599 82
72600 334
72601 1450
72602 32
72603 1247
72604 956
72605 347
72606 821
72607 507
72608 1246
72609 872
72610 1547
72611 932
72612 1378
72613 207
72614 393
72615 615
72616 1196
72617 661
72618 1785
72619 1817
72620 1942
72621 192
72622 1200
72623 1376
72624 446
72625 1676
72626 585
72627 552
72628 1054
72629 553
72630 542
72631 705
72632 1652
72633 599
72634 233
72635 1160
72636 1418
72637 991
72638 1774
72639 1549
72640 65
72641 765
72642 1281
72643 1977
72644 277
72645 1921
72646 749
72647 160
72648 46
72649 922
72650 64
72651 161
72652 1819
72653 596
72654 1093
72655 804
72656 1435
72657 408
72658 350
72659 780
72660 1615
72661 402
72662 1408
72663 1339
72664 648
72665 1615
72666 1401
72667 1974
72668 35
72669 1701
72670 1766
72671 1382
72672 144
72673 894
72674 1117
72675 1923
72676 1506
72677 1463
72678 620
72679 1779
72680 1226
72681 1199
72682 1750
72683 704
72684 1676
72685 960
72686 1115
72687 367
72688 1332
72689 588
72690 504
72691 892
72692 828
72693 140
72694 799
72695 1010
72696 1969
72697 1364
72698 1581
72699 1932
72700 709
72701 733
72702 1124
72703 647
72704 658
72705 320
72706 756
72707 1351
72708 592
72709 332
72710 331
72711 1616
72712 1396
72713 408
72714 442
72715 542
72716 413
72717 599
72718 1257
72719 718
72720 1020
72721 15
72722 567
72723 813
72724 1641
72725 1606
72726 716
72727 1561
72728 600
72729 1094
72730 295
72731 1011
72732 394
72733 25
72734 1385
72735 919
72736 362
72737 1752
72738 1584
72739 479
72740 578
72741 1071
72742 942
72743 33
72744 605
72745 1268
72746 1008
72747 451
72748 831
72749 1366
72750 461
72751 1907
72752 16
72753 1939
72754 739
72755 15
72756 140
72757 1719
72758 1896
72759 1024
72760 308
72761 411
72762 657
72763 373
72764 656
72765 1134
72766 1585
72767 64
72768 1208
72769 1037
72770 793
72771 665
72772 128
72773 677
72774 42
72775 339
72776 1216
72777 1000
72778 177
72779 657
72780 1889
72781 1562
72782 270
72783 4
72784 625
72785 1039
72786 343
72787 509
72788 1943
72789 551
72790 847
72791 75
72792 1112
72793 667
72794 421
72795 454
72796 1634
72797 1204
72798 812
72799 1108
72800 1341
72801 837
72802 1557
72803 900
72804 1031
72805 1488
72806 446
72807 1082
72808 502
72809 1151
72810 1486
72811 1110
72812 716
72813 804
72814 1415
72815 783
72816 1977
72817 32
72818 698
72819 235
72820 1308
72821 1348
72822 1270
72823 1226
72824 227
72825 1499
72826 737
72827 1179
72828 1021
72829 705
72830 219
72831 565
72832 332
72833 1314
72834 1465
72835 494
72836 441
72837 145
72838 1603
72839 464
72840 787
72841 1681
72842 1497
72843 662
72844 1616
72845 1147
72846 1065
72847 1651
72848 1741
72849 1011
72850 1902
72851 717
72852 95
72853 1934
72854 1126
72855 1428
72856 720
72857 531
72858 1257
72859 22
72860 1017
72861 190
72862 1664
72863 1193
72864 257
72865 1585
72866 1556
72867 1544
72868 911
72869 1767
72870 955
72871 1176
72872 89
72873 460
72874 1733
72875 301
72876 572
72877 397
72878 803
72879 1329
72880 1534
72881 553
72882 583
72883 820
72884 1460
72885 695
72886 1863
72887 1736
72888 677
72889 1338
72890 960
72891 1921
72892 607
72893 26
72894 514
72895 358
72896 1286
72897 1095
72898 480
72899 1229
72900 401
72901 1537
72902 1019
72903 1963
72904 186
72905 76
72906 122
72907 1698
72908 1897
72909 1778
72910 1756
72911 184
72912 118
72913 238
72914 182
72915 1522
72916 133
72917 31
72918 1006
72919 226
72920 1062
72921 483
72922 783
72923 733
72924 1215
72925 1177
72926 1186
72927 821
72928 178
72929 1112
72930 272
72931 1939
72932 1090
72933 1924
72934 1470
72935 883
72936 1522
72937 1223
72938 1381
72939 1166
72940 1502
72941 113
72942 1698
72943 1869
72944 1120
72945 1577
72946 1399
72947 649
72948 80
72949 1532
72950 1419
72951 379
72952 1118
72953 757
72954 1116
72955 1887
72956 948
72957 1549
72958 1111
72959 469
72960 894
72961 1459
72962 1452
72963 125
72964 162
72965 1591
72966 433
72967 546
72968 657
72969 740
72970 1497
72971 319
72972 1587
72973 809
72974 695
72975 785
72976 711
72977 1800
72978 1715
72979 99
72980 1057
72981 405
72982 177
72983 623
72984 468
72985 1877
72986 544
72987 400
72988 719
72989 1833
72990 551
72991 1242
72992 809
72993 1770
72994 1570
72995 1092
72996 1667
72997 323
72998 570
72999 286
73000 649
73001 1245
73002 1314
73003 1981
73004 459
73005 1085
73006 852
73007 63
73008 1418
73009 1572
73010 1885
73011 660
73012 1733
73013 221
73014 664
73015 1782
73016 703
73017 1957
73018 839
73019 1914
73020 996
73021 796
73022 302
73023 1122
73024 1110
73025 78
73026 529
73027 50
73028 764
73029 1824
73030 1566
73031 340
73032 1659
73033 502
73034 366
73035 749
73036 1195
73037 348
73038 1618
73039 624
73040 1569
73041 281
73042 826
73043 325
73044 970
73045 1752
73046 1302
73047 1807
73048 1054
73049 1663
73050 555
73051 371
73052 1166
73053 1647
73054 723
73055 1397
73056 1453
73057 310
73058 170
73059 1028
73060 764
73061 1350
73062 1313
73063 249
73064 1153
73065 1687
73066 340
73067 300
73068 1480
73069 1242
73070 837
73071 1824
73072 1735
73073 1880
73074 493
73075 811
73076 1649
73077 645
73078 861
73079 318
73080 62
73081 1979
73082 1098
73083 1045
73084 1885
73085 1302
73086 1878
73087 411
73088 1477
73089 102
73090 280
73091 201
73092 1329
73093 1007
73094 575
73095 222
73096 469
73097 1515
73098 85
73099 1204
73100 1508
73101 1892
73102 1561
73103 1615
73104 99
73105 820
73106 950
73107 952
73108 1789
73109 439
73110 5
73111 136
73112 207
73113 728
73114 307
73115 584
73116 392
73117 480
73118 209
73119 1300
73120 540
73121 555
73122 1718
73123 239
73124 41
73125 464
73126 1573
73127 518
73128 918
73129 680
73130 592
73131 1875
73132 1441
73133 1688
73134 1508
73135 416
73136 213
73137 422
73138 149
73139 1381
73140 1076
73141 1008
73142 1347
73143 1061
73144 1107
73145 762
73146 897
73147 323
73148 1456
73149 107
73150 1909
73151 1072
73152 1287
73153 605
73154 548
73155 39
73156 939
73157 1906
73158 1915
73159 533
73160 1718
73161 725
73162 993
73163 95
73164 1569
73165 415
73166 1563
73167 85
73168 584
73169 1124
73170 864
73171 1275
73172 43
73173 53
73174 703
73175 367
73176 1706
73177 614
73178 1209
73179 110
73180 1023
73181 1044
73182 1492
73183 297
73184 786
73185 136
73186 1666
73187 1244
73188 441
73189 1673
73190 1726
73191 1933
73192 185
73193 1364
73194 383
73195 1680
73196 135
73197 1766
73198 1066
73199 1492
73200 664
73201 127
73202 312
73203 1887
73204 1047
73205 981
73206 418
73207 1071
73208 267
73209 75
73210 594
73211 1455
73212 1102
73213 630
73214 1423
73215 1596
73216 538
73217 257
73218 1551
73219 715
73220 1469
73221 1459
73222 1397
73223 1067
73224 265
73225 1253
73226 1671
73227 359
73228 1022
73229 1852
73230 427
73231 1000
73232 86
73233 321
73234 1465
73235 1227
73236 759
73237 1652
73238 921
73239 214
73240 1695
73241 1901
73242 946
73243 1075
73244 1297
73245 289
73246 1142
73247 413
73248 1177
73249 1685
73250 202
73251 670
73252 1925
73253 169
73254 1770
73255 797
73256 418
73257 1641
73258 331
73259 492
73260 1688
73261 931
73262 671
73263 404
73264 760
73265 1769
73266 51
73267 1149
73268 1085
73269 1950
73270 1075
73271 14
73272 1100
73273 672
73274 175
73275 294
73276 1510
73277 752
73278 1562
73279 1043
73280 1933
73281 292
73282 1657
73283 597
73284 298
73285 1195
73286 781
73287 1953
73288 1644
73289 1212
73290 1518
73291 1459
73292 984
73293 344
73294 724
73295 1594
73296 1343
73297 419
73298 1804
73299 1890
73300 1612
73301 921
73302 1357
73303 9
73304 926
73305 1243
73306 554
73307 402
73308 1601
73309 1806
73310 554
73311 1209
73312 1336
73313 1279
73314 1209
73315 1088
73316 1425
73317 983
73318 579
73319 336
73320 1219
73321 952
73322 1582
73323 1340
73324 584
73325 1183
73326 844
73327 1370
73328 1292
73329 1300
73330 209
73331 1216
73332 1764
73333 664
73334 323
73335 1529
73336 919
73337 1698
73338 1670
73339 1677
73340 1120
73341 942
73342 1585
73343 166
73344 1612
73345 858
73346 831
73347 1957
73348 79
73349 1979
73350 370
73351 1026
73352 1704
73353 1371
73354 744
73355 1746
73356 1108
73357 495
73358 1432
73359 1358
73360 1882
73361 1890
73362 1287
73363 97
73364 807
73365 848
73366 1388
73367 258
73368 1277
73369 237
73370 842
73371 1976
73372 78
73373 522
73374 853
73375 1621
73376 1897
73377 1425
73378 225
73379 1676
73380 155
73381 191
73382 1530
73383 1086
73384 490
73385 1675
73386 1285
73387 1277
73388 1707
73389 675
73390 1045
73391 1246
73392 1229
73393 124
73394 451
73395 1197
73396 283
73397 1958
73398 1231
73399 1668
73400 1021
73401 988
73402 260
73403 1507
73404 181
73405 1428
73406 1305
73407 1753
73408 181
73409 1446
73410 826
73411 1230
73412 671
73413 62
73414 671
73415 1520
73416 1740
73417 356
73418 416
73419 58
73420 532
73421 109
73422 1788
73423 512
73424 1465
73425 1346
73426 937
73427 401
73428 1295
73429 653
73430 1065
73431 1050
73432 1479
73433 1089
73434 1631
73435 830
73436 493
73437 453
73438 1217
73439 204
73440 529
73441 1273
73442 1634
73443 1619
73444 1410
73445 500
73446 55
73447 554
73448 62
73449 878
73450 1356
73451 728
73452 1978
73453 1115
73454 1867
73455 1514
73456 1286
73457 1590
73458 1833
73459 263
73460 848
73461 1979
73462 36
73463 879
73464 1435
73465 1594
73466 770
73467 512
73468 1020
73469 1575
73470 201
73471 344
73472 1014
73473 431
73474 417
73475 1623
73476 1889
73477 1540
73478 1283
73479 342
73480 771
73481 583
73482 1618
73483 1201
73484 1006
73485 171
73486 1929
73487 1743
73488 375
73489 1596
73490 944
73491 1641
73492 800
73493 1401
73494 1140
73495 975
73496 1563
73497 943
73498 1613
73499 1271
73500 1711
73501 1073
73502 640
73503 1462
73504 376
73505 759
73506 1741
73507 1504
73508 616
73509 1920
73510 626
73511 1405
73512 24
73513 279
73514 1717
73515 374
73516 185
73517 854
73518 1292
73519 321
73520 8
73521 322
73522 23
73523 357
73524 1558
73525 1791
73526 916
73527 1090
73528 554
73529 338
73530 64
73531 1625
73532 924
73533 103
73534 875
73535 1848
73536 1036
73537 1842
73538 1375
73539 1533
73540 1820
73541 614
73542 978
73543 847
73544 1537
73545 1529
73546 636
73547 350
73548 976
73549 1399
73550 390
73551 858
73552 634
73553 342
73554 1162
73555 1287
73556 299
73557 1535
73558 151
73559 411
73560 612
73561 1397
73562 1912
73563 253
73564 1559
73565 258
73566 1502
73567 1587
73568 183
73569 101
73570 864
73571 523
73572 1385
73573 847
73574 466
73575 1417
73576 787
73577 674
73578 1474
73579 1979
73580 1344
73581 1554
73582 1297
73583 351
73584 1455
73585 927
73586 243
73587 364
73588 1585
73589 70
73590 1250
73591 794
73592 843
73593 1769
73594 62
73595 628
73596 537
73597 466
73598 1907
73599 833
73600 322
73601 388
73602 1399
73603 1813
73604 647
73605 160
73606 244
73607 337
73608 1627
73609 1704
73610 1076
73611 496
73612 1656
73613 1495
73614 301
73615 1528
73616 499
73617 1312
73618 1194
73619 859
73620 1333
73621 1743
73622 162
73623 1853
73624 1784
73625 81
73626 729
73627 1267
73628 1105
73629 871
73630 311
73631 473
73632 1836
73633 99
73634 536
73635 1194
73636 331
73637 705
73638 1528
73639 626
73640 105
73641 911
73642 615
73643 1728
73644 1706
73645 727
73646 1316
73647 232
73648 564
73649 88
73650 325
73651 1784
73652 330
73653 750
73654 48
73655 1842
73656 1927
73657 588
73658 626
73659 1549
73660 417
73661 133
73662 956
73663 1940
73664 1586
73665 1453
73666 449
73667 940
73668 30
73669 564
73670 1475
73671 367
73672 1569
73673 1569
73674 844
73675 1060
73676 484
73677 1425
73678 336
73679 1191
73680 1668
73681 915
73682 409
73683 1499
73684 1235
73685 1555
73686 1309
73687 282
73688 925
73689 1255
73690 533
73691 158
73692 319
73693 1697
73694 707
73695 588
73696 373
73697 579
73698 1744
73699 1567
73700 88
73701 1002
73702 1274
73703 1554
73704 345
73705 1526
73706 357
73707 1459
73708 329
73709 1188
73710 245
73711 1621
73712 1829
73713 1916
73714 241
73715 1869
73716 133
73717 1161
73718 25
73719 1398
73720 586
73721 1753
73722 640
73723 369
73724 821
73725 1154
73726 1124
73727 1169
73728 1627
73729 1634
73730 853
73731 1689
73732 1929
73733 623
73734 1696
73735 1523
73736 1487
73737 954
73738 19
73739 1067
73740 1818
73741 1903
73742 1500
73743 725
73744 1538
73745 747
73746 101
73747 988
73748 1691
73749 808
73750 1044
73751 399
73752 678
73753 556
73754 1034
73755 952
73756 1373
73757 143
73758 118
73759 585
73760 15
73761 1025
73762 738
73763 105
73764 1050
73765 510
73766 389
73767 1351
73768 562
73769 1719
73770 1043
73771 1897
73772 1417
73773 1720
73774 600
73775 1484
73776 557
73777 1423
73778 1097
73779 1411
73780 1559
73781 1744
73782 1977
73783 224
73784 1468
73785 1737
73786 455
73787 1740
73788 1024
73789 1673
73790 693
73791 1866
73792 1591
73793 1959
73794 443
73795 1385
73796 1138
73797 798
73798 38
73799 1900
73800 6
73801 1132
73802 136
73803 16
73804 1670
73805 732
73806 843
73807 127
73808 264
73809 1346
73810 1736
73811 1830
73812 1891
73813 1196
73814 469
73815 1217
73816 627
73817 729
73818 1132
73819 1212
73820 1082
73821 1295
73822 482
73823 1647
73824 1270
73825 1528
73826 1976
73827 1708
73828 1763
73829 1003
73830 449
73831 539
73832 1107
73833 268
73834 1125
73835 1529
73836 1277
73837 1091
73838 1150
73839 1595
73840 337
73841 1470
73842 1073
73843 607
73844 349
73845 1930
73846 95
73847 1228
73848 1264
73849 740
73850 409
73851 842
73852 21
73853 1845
73854 384
73855 699
73856 1236
73857 112
73858 686
73859 1336
73860 397
73861 55
73862 1285
73863 1014
73864 1116
73865 1103
73866 129
73867 506
73868 1448
73869 201
73870 1926
73871 1892
73872 587
73873 1312
73874 930
73875 799
73876 1285
73877 463
73878 1313
73879 424
73880 2
73881 173
73882 1006
73883 525
73884 600
73885 617
73886 465
73887 220
73888 15
73889 1085
73890 1775
73891 91
73892 665
73893 356
73894 310
73895 1594
73896 97
73897 1290
73898 683
73899 1062
73900 1962
73901 1332
73902 673
73903 304
73904 1649
73905 35
73906 1751
73907 1175
73908 1743
73909 420
73910 1406
73911 1114
73912 1330
73913 597
73914 266
73915 1811
73916 1076
73917 239
73918 1429
73919 818
73920 917
73921 803
73922 1001
73923 428
73924 259
73925 629
73926 124
73927 1383
73928 1346
73929 1616
73930 1419
73931 325
73932 219
73933 738
73934 1867
73935 1610
73936 1755
73937 1254
73938 642
73939 1177
73940 487
73941 61
73942 1369
73943 737
73944 1945
73945 115
73946 867
73947 1907
73948 1654
73949 1903
73950 878
73951 1781
73952 606
73953 1616
73954 23
73955 1782
73956 821
73957 454
73958 668
73959 716
73960 1403
73961 1632
73962 1260
73963 1030
73964 552
73965 1923
73966 715
73967 526
73968 405
73969 160
73970 1834
73971 176
73972 577
73973 690
73974 1585
73975 736
73976 1851
73977 1066
73978 1533
73979 1368
73980 946
73981 1049
73982 770
73983 277
73984 1981
73985 1886
73986 1642
73987 319
73988 1640
73989 173
73990 303
73991 1722
73992 509
73993 121
73994 367
73995 1716
73996 1143
73997 883
73998 1447
73999 23
74000 1042
74001 1194
74002 408
74003 789
74004 376
74005 906
74006 1836
74007 865
74008 1828
74009 1643
74010 300
74011 257
74012 1876
74013 1645
74014 139
74015 721
74016 486
74017 823
74018 1632
74019 653
74020 614
74021 531
74022 1461
74023 1198
74024 1888
74025 1158
74026 369
74027 1932
74028 1932
74029 1812
74030 238
74031 1425
74032 289
74033 853
74034 1669
74035 908
74036 387
74037 1845
74038 636
74039 161
74040 1035
74041 791
74042 707
74043 1234
74044 1766
74045 1559
74046 839
74047 579
74048 1721
74049 1647
74050 1071
74051 857
74052 1502
74053 1226
74054 428
74055 1962
74056 1697
74057 663
74058 109
74059 66
74060 1018
74061 1941
74062 1628
74063 1104
74064 603
74065 587
74066 962
74067 1788
74068 1277
74069 1608
74070 1292
74071 1701
74072 1744
74073 1711
74074 318
74075 918
74076 469
74077 85
74078 1408
74079 1591
74080 982
74081 255
74082 804
74083 204
74084 486
74085 931
74086 600
74087 557
74088 1063
74089 1148
74090 1088
74091 832
74092 1652
74093 1917
74094 269
74095 1360
74096 483
74097 553
74098 748
74099 875
74100 345
74101 399
74102 1804
74103 1208
74104 1088
74105 1152
74106 1310
74107 153
74108 487
74109 1443
74110 193
74111 1323
74112 1439
74113 1708
74114 186
74115 1505
74116 1646
74117 682
74118 766
74119 1973
74120 336
74121 1541
74122 668
74123 324
74124 1049
74125 370
74126 1938
74127 903
74128 1188
74129 669
74130 638
74131 1871
74132 430
74133 1097
74134 1665
74135 947
74136 14
74137 879
74138 570
74139 946
74140 634
74141 1569
74142 621
74143 1897
74144 1003
74145 204
74146 261
74147 797
74148 46
74149 1977
74150 1206
74151 176
74152 226
74153 1231
74154 1075
74155 1944
74156 1174
74157 1943
74158 991
74159 1325
74160 758
74161 1499
74162 554
74163 1422
74164 1479
74165 1004
74166 1354
74167 1728
74168 842
74169 361
74170 1806
74171 394
74172 75
74173 1818
74174 600
74175 438
74176 1420
74177 1364
74178 326
74179 1180
74180 1948
74181 1709
74182 237
74183 1370
74184 1279
74185 1695
74186 50
74187 1743
74188 727
74189 181
74190 781
74191 471
74192 974
74193 1730
74194 198
74195 1521
74196 1094
74197 533
74198 1215
74199 1351
74200 841
74201 883
74202 184
74203 440
74204 1788
74205 1506
74206 1341
74207 1388
74208 191
74209 208
74210 750
74211 591
74212 291
74213 1921
74214 1176
74215 422
74216 1884
74217 1283
74218 1066
74219 986
74220 1408
74221 1892
74222 37
74223 28
74224 1543
74225 955
74226 89
74227 1315
74228 1735
74229 1215
74230 1721
74231 1742
74232 331
74233 1471
74234 1583
74235 730
74236 1808
74237 202
74238 261
74239 1423
74240 242
74241 18
74242 1516
74243 1605
74244 814
74245 1175
74246 467
74247 717
74248 475
74249 684
74250 823
74251 1279
74252 1651
74253 1714
74254 1779
74255 410
74256 731
74257 1974
74258 1536
74259 1038
74260 1813
74261 418
74262 204
74263 1138
74264 1894
74265 605
74266 1220
74267 1142
74268 1740
74269 1013
74270 1949
74271 123
74272 392
74273 563
74274 874
74275 1218
74276 732
74277 512
74278 548
74279 444
74280 927
74281 1689
74282 565
74283 826
74284 884
74285 1012
74286 319
74287 343
74288 145
74289 1369
74290 1031
74291 1015
74292 612
74293 1431
74294 1345
74295 1277
74296 1314
74297 478
74298 1942
74299 1011
74300 1892
74301 718
74302 1561
74303 1076
74304 1133
74305 660
74306 1288
74307 1940
74308 264
74309 1334
74310 1951
74311 245
74312 890
74313 1178
74314 763
74315 1114
74316 1722
74317 1265
74318 1949
74319 1002
74320 753
74321 1685
74322 676
74323 1266
74324 1303
74325 1427
74326 257
74327 882
74328 1642
74329 1886
74330 351
74331 811
74332 950
74333 1030
74334 1641
74335 126
74336 67
74337 46
74338 1723
74339 1198
74340 1567
74341 972
74342 1080
74343 56
74344 672
74345 165
74346 1046
74347 1406
74348 1192
74349 1928
74350 802
74351 1854
74352 646
74353 1343
74354 1568
74355 1623
74356 1779
74357 690
74358 36
74359 95
74360 1865
74361 590
74362 984
74363 1447
74364 413
74365 1379
74366 444
74367 1502
74368 750
74369 942
74370 1841
74371 16
74372 611
74373 881
74374 924
74375 1209
74376 1308
74377 926
74378 1074
74379 435
74380 244
74381 1037
74382 488
74383 1414
74384 683
74385 27
74386 1450
74387 118
74388 585
74389 326
74390 1395
74391 1733
74392 971
74393 1345
74394 1213
74395 1324
74396 40
74397 757
74398 1768
74399 409
74400 352
74401 1224
74402 1839
74403 297
74404 476
74405 996
74406 261
74407 665
74408 662
74409 48
74410 1717
74411 794
74412 306
74413 1801
74414 1834
74415 1956
74416 1073
74417 131
74418 1466
74419 1119
74420 708
74421 1006
74422 1222
74423 117
74424 662
74425 129
74426 1539
74427 896
74428 1595
74429 1144
74430 1792
74431 164
74432 1270
74433 1390
74434 1172
74435 683
74436 1606
74437 1740
74438 1460
74439 538
74440 798
74441 174
74442 170
74443 1144
74444 1261
74445 117
74446 1005
74447 870
74448 1917
74449 1554
74450 1146
74451 991
74452 283
74453 1032
74454 460
74455 459
74456 1606
74457 1619
74458 358
74459 1160
74460 542
74461 438
74462 871
74463 775
74464 1659
74465 996
74466 335
74467 1152
74468 1451
74469 1673
74470 1257
74471 309
74472 236
74473 719
74474 832
74475 300
74476 1103
74477 63
74478 447
74479 1250
74480 150
74481 624
74482 1880
74483 1847
74484 1968
74485 1203
74486 242
74487 63
74488 1736
74489 816
74490 614
74491 1904
74492 1364
74493 280
74494 966
74495 65
74496 1123
74497 403
74498 1920
74499 719
74500 456
74501 508
74502 736
74503 294
74504 1850
74505 942
74506 541
74507 85
74508 1569
74509 441
74510 1321
74511 1105
74512 1003
74513 1216
74514 407
74515 638
74516 1850
74517 363
74518 988
74519 698
74520 1743
74521 598
74522 1541
74523 43
74524 150
74525 179
74526 417
74527 1629
74528 1362
74529 1865
74530 1752
74531 1566
74532 657
74533 294
74534 1306
74535 1019
74536 563
74537 543
74538 1881
74539 199
74540 1479
74541 964
74542 1205
74543 439
74544 661
74545 1754
74546 292
74547 219
74548 47
74549 869
74550 1148
74551 1791
74552 1822
74553 1155
74554 657
74555 137
74556 1955
74557 568
74558 732
74559 333
74560 816
74561 1315
74562 1811
74563 36
74564 555
74565 1778
74566 177
74567 299
74568 1126
74569 26
74570 732
74571 1302
74572 771
74573 230
74574 54
74575 699
74576 755
74577 263
74578 633
74579 827
74580 1572
74581 584
74582 1307
74583 180
74584 1635
74585 1326
74586 388
74587 49
74588 281
74589 436
74590 1259
74591 1850
74592 615
74593 442
74594 990
74595 1386
74596 964
74597 1025
74598 333
74599 434
74600 1892
74601 1075
74602 963
74603 1002
74604 885
74605 1743
74606 269
74607 1402
74608 549
74609 1806
74610 824
74611 1370
74612 1132
74613 376
74614 617
74615 212
74616 1903
74617 1812
74618 1068
74619 1778
74620 173
74621 1184
74622 249
74623 298
74624 434
74625 1194
74626 1412
74627 1621
74628 1906
74629 1612
74630 761
74631 519
74632 1162
74633 560
74634 866
74635 392
74636 638
74637 712
74638 1243
74639 1980
74640 1706
74641 1971
74642 410
74643 1556
74644 1389
74645 970
74646 1959
74647 1249
74648 148
74649 588
74650 1834
74651 723
74652 718
74653 510
74654 1647
74655 166
74656 848
74657 1712
74658 440
74659 413
74660 511
74661 1706
74662 1376
74663 1192
74664 1775
74665 1120
74666 1298
74667 1790
74668 1172
74669 1938
74670 631
74671 51
74672 901
74673 1585
74674 1086
74675 326
74676 1248
74677 1257
74678 645
74679 85
74680 1219
74681 943
74682 762
74683 404
74684 109
74685 61
74686 362
74687 1767
74688 490
74689 1331
74690 487
74691 1291
74692 562
74693 1190
74694 1070
74695 1852
74696 513
74697 1264
74698 3
74699 604
74700 196
74701 452
74702 990
74703 95
74704 1584
74705 129
74706 461
74707 919
74708 1258
74709 714
74710 1404
74711 1642
74712 195
74713 1427
74714 1043
74715 1374
74716 355
74717 1093
74718 1191
74719 234
74720 1676
74721 1736
74722 1588
74723 1463
74724 9
74725 1488
74726 1723
74727 1039
74728 87
74729 1703
74730 1067
74731 1331
74732 1580
74733 1157
74734 416
74735 545
74736 1693
74737 862
74738 1878
74739 1133
74740 240
74741 128
74742 383
74743 1413
74744 624
74745 1825
74746 211
74747 321
74748 29
74749 1487
74750 945
74751 853
74752 1508
74753 1012
74754 1812
74755 1941
74756 912
74757 927
74758 767
74759 379
74760 1379
74761 784
74762 231
74763 1046
74764 355
74765 1747
74766 599
74767 1008
74768 1919
74769 1156
74770 1048
74771 906
74772 332
74773 27
74774 573
74775 715
74776 1115
74777 1168
74778 1524
74779 215
74780 1611
74781 1576
74782 129
74783 261
74784 135
74785 612
74786 1683
74787 1921
74788 0
74789 628
74790 1102
74791 980
74792 1941
74793 156
74794 1291
74795 178
74796 839
74797 1460
74798 1625
74799 103
74800 265
74801 1753
74802 1813
74803 632
74804 1244
74805 1623
74806 320
74807 730
74808 704
74809 1221
74810 1643
74811 695
74812 299
74813 659
74814 119
74815 932
74816 1172
74817 1900
74818 1770
74819 1924
74820 329
74821 1324
74822 1745
74823 1589
74824 1401
74825 1730
74826 1691
74827 1378
74828 1179
74829 41
74830 1058
74831 1407
74832 586
74833 1573
74834 1376
74835 1681
74836 354
74837 591
74838 1865
74839 1103
74840 40
74841 760
74842 1938
74843 738
74844 505
74845 1684
74846 1581
74847 615
74848 1162
74849 892
74850 207
74851 175
74852 1716
74853 1838
74854 254
74855 417
74856 1776
74857 1313
74858 598
74859 1110
74860 849
74861 1
74862 1385
74863 549
74864 1491
74865 1567
74866 45
74867 1072
74868 1569
74869 1002
74870 1123
74871 1594
74872 1385
74873 56
74874 73
74875 237
74876 1228
74877 43
74878 338
74879 1072
74880 863
74881 1115
74882 1931
74883 448
74884 1866
74885 1846
74886 308
74887 1091
74888 485
74889 1728
74890 1730
74891 1097
74892 1189
74893 593
74894 1146
74895 599
74896 152
74897 1917
74898 1180
74899 15
74900 214
74901 1435
74902 97
74903 1021
74904 110
74905 1191
74906 115
74907 416
74908 1868
74909 1635
74910 1840
74911 924
74912 1909
74913 1119
74914 788
74915 1519
74916 1227
74917 121
74918 142
74919 1697
74920 382
74921 137
74922 1827
74923 546
74924 1979
74925 905
74926 478
74927 542
74928 743
74929 891
74930 426
74931 1262
74932 472
74933 1318
74934 1348
74935 1704
74936 1632
74937 1292
74938 1440
74939 884
74940 504
74941 253
74942 1001
74943 393
74944 1625
74945 1929
74946 1786
74947 1254
74948 1916
74949 1598
74950 989
74951 642
74952 359
74953 461
74954 428
74955 555
74956 196
74957 1156
74958 1574
74959 1910
74960 609
74961 320
74962 1097
74963 1929
74964 1590
74965 1658
74966 1757
74967 334
74968 980
74969 1710
74970 248
74971 1139
74972 1465
74973 1334
74974 1078
74975 1075
74976 1794
74977 1543
74978 1654
74979 61
74980 1977
74981 1366
74982 760
74983 1606
74984 1530
74985 294
74986 1795
74987 1362
74988 1284
74989 30
74990 827
74991 423
74992 1340
74993 1319
74994 224
74995 216
74996 817
74997 1226
74998 1492
74999 448
75000 1225
75001 1890
75002 494
75003 554
75004 1905
75005 722
75006 167
75007 893
75008 641
75009 575
75010 1256
75011 410
75012 1528
75013 1264
75014 1385
75015 1734
75016 107
75017 1447
75018 1341
75019 1837
75020 389
75021 571
75022 538
75023 581
75024 1579
75025 119
75026 283
75027 1241
75028 326
75029 1725
75030 291
75031 1384
75032 1367
75033 127
75034 1375
75035 717
75036 1274
75037 1425
75038 569
75039 1101
75040 271
75041 742
75042 750
75043 744
75044 1820
75045 1778
75046 1203
75047 247
75048 1819
75049 1613
75050 1028
75051 1138
75052 1660
75053 1909
75054 300
75055 730
75056 1520
75057 718
75058 1652
75059 610
75060 463
75061 243
75062 197
75063 234
75064 1306
75065 398
75066 320
75067 1783
75068 1140
75069 1908
75070 820
75071 261
75072 401
75073 560
75074 1659
75075 411
75076 743
75077 1206
75078 165
75079 691
75080 507
75081 707
75082 548
75083 900
75084 4
75085 137
75086 726
75087 855
75088 1572
75089 1332
75090 357
75091 148
75092 892
75093 21
75094 702
75095 413
75096 1320
75097 1528
75098 645
75099 111
75100 1028
75101 839
75102 1766
75103 226
75104 372
75105 1338
75106 1478
75107 625
75108 1081
75109 581
75110 1281
75111 705
75112 1789
75113 857
75114 916
75115 1252
75116 310
75117 164
75118 1700
75119 1795
75120 1812
75121 90
75122 1531
75123 813
75124 1973
75125 1544
75126 762
75127 85
75128 348
75129 996
75130 268
75131 1793
75132 840
75133 78
75134 820
75135 309
75136 30
75137 709
75138 741
75139 573
75140 762
75141 1477
75142 703
75143 1685
75144 1659
75145 1366
75146 1287
75147 544
75148 1828
75149 1361
75150 184
75151 1907
75152 1662
75153 529
75154 663
75155 1378
75156 1235
75157 1018
75158 726
75159 1497
75160 90
75161 842
75162 95
75163 1694
75164 249
75165 12
75166 1293
75167 905
75168 289
75169 1320
75170 857
75171 609
75172 940
75173 1331
75174 192
75175 1452
75176 225
75177 143
75178 961
75179 474
75180 1951
75181 245
75182 1000
75183 140
75184 1878
75185 792
75186 1388
75187 852
75188 1923
75189 1680
75190 756
75191 272
75192 347
75193 1860
75194 1842
75195 1363
75196 345
75197 901
75198 1409
75199 447
75200 1738
75201 1144
75202 1088
75203 84
75204 831
75205 1030
75206 1583
75207 205
75208 1184
75209 512
75210 1729
75211 521
75212 173
75213 1908
75214 28
75215 1952
75216 848
75217 1940
75218 936
75219 27
75220 1194
75221 511
75222 1487
75223 585
75224 1106
75225 1565
75226 1450
75227 20
75228 1859
75229 1222
75230 154
75231 792
75232 1219
75233 827
75234 1767
75235 265
75236 1041
75237 1435
75238 1033
75239 1795
75240 1362
75241 857
75242 100
75243 1811
75244 28
75245 181
75246 1685
75247 906
75248 1321
75249 615
75250 1918
75251 1928
75252 943
75253 1694
75254 1010
75255 21
75256 393
75257 193
75258 1461
75259 1247
75260 1489
75261 1692
75262 156
75263 414
75264 1826
75265 129
75266 1030
75267 1798
75268 1518
75269 782
75270 1662
75271 628
75272 1861
75273 238
75274 614
75275 1717
75276 881
75277 274
75278 103
75279 1917
75280 22
75281 921
75282 474
75283 435
75284 761
75285 15
75286 649
75287 1519
75288 1403
75289 173
75290 1373
75291 1659
75292 1954
75293 88
75294 1286
75295 25
75296 1692
75297 954
75298 1619
75299 161
75300 1744
75301 253
75302 829
75303 1506
75304 751
75305 1484
75306 42
75307 1477
75308 459
75309 1348
75310 919
75311 1495
75312 1972
75313 149
75314 152
75315 1635
75316 1158
75317 535
75318 146
75319 682
75320 1643
75321 785
75322 955
75323 1055
75324 493
75325 27
75326 1656
75327 444
75328 863
75329 294
75330 1187
75331 1739
75332 531
75333 329
75334 802
75335 1444
75336 45
75337 625
75338 111
75339 1232
75340 494
75341 214
75342 1456
75343 147
75344 1229
75345 1500
75346 1176
75347 190
75348 786
75349 1647
75350 321
75351 1676
75352 1478
75353 169
75354 956
75355 899
75356 424
75357 39
75358 1935
75359 100
75360 1254
75361 671
75362 1446
75363 815
75364 988
75365 1847
75366 1116
75367 726
75368 1046
75369 216
75370 471
75371 1367
75372 1310
75373 76
75374 1579
75375 1333
75376 1890
75377 552
75378 583
75379 815
75380 1382
75381 1737
75382 331
75383 920
75384 965
75385 399
75386 832
75387 1113
75388 942
75389 1751
75390 386
75391 932
75392 1785
75393 952
75394 712
75395 1923
75396 1695
75397 1740
75398 1195
75399 1203
75400 64
75401 144
75402 142
75403 212
75404 160
75405 166
75406 759
75407 1641
75408 1620
75409 979
75410 1399
75411 335
75412 892
75413 1915
75414 868
75415 1068
75416 1674
75417 497
75418 1713
75419 1801
75420 555
75421 420
75422 986
75423 1112
75424 1169
75425 1630
75426 709
75427 395
75428 698
75429 802
75430 951
75431 1134
75432 606
75433 714
75434 633
75435 1929
75436 1145
75437 990
75438 1042
75439 1797
75440 86
75441 1701
75442 1094
75443 1474
75444 1622
75445 1409
75446 1067
75447 1895
75448 1550
75449 1111
75450 1470
75451 1398
75452 1217
75453 1796
75454 1935
75455 1392
75456 666
75457 1592
75458 520
75459 1272
75460 806
75461 503
75462 1183
75463 1976
75464 1436
75465 271
75466 1028
75467 231
75468 1244
75469 1659
75470 684
75471 184
75472 770
75473 351
75474 1390
75475 262
75476 748
75477 1588
75478 1757
75479 1661
75480 1810
75481 1225
75482 566
75483 1422
75484 228
75485 947
75486 913
75487 901
75488 1552
75489 269
75490 1923
75491 405
75492 1946
75493 1604
75494 1689
75495 1416
75496 1664
75497 355
75498 204
75499 643
75500 1300
75501 1282
75502 705
75503 1304
75504 768
75505 16
75506 0
75507 1424
75508 694
75509 1724
75510 1706
75511 677
75512 1140
75513 353
75514 228
75515 1828
75516 1926
75517 1095
75518 487
75519 1455
75520 1721
75521 1050
75522 1014
75523 818
75524 167
75525 1887
75526 1736
75527 8
75528 915
75529 391
75530 1526
75531 1409
75532 703
75533 1405
75534 1038
75535 989
75536 1654
75537 936
75538 1768
75539 692
75540 114
75541 871
75542 1162
75543 157
75544 1940
75545 1752
75546 1404
75547 716
75548 172
75549 400
75550 1071
75551 189
75552 1440
75553 1323
75554 1088
75555 1667
75556 1946
75557 1039
75558 93
75559 1858
75560 168
75561 207
75562 40
75563 327
75564 1545
75565 272
75566 155
75567 375
75568 908
75569 900
75570 773
75571 782
75572 1832
75573 1103
75574 1202
75575 728
75576 468
75577 1482
75578 1252
75579 1072
75580 590
75581 459
75582 771
75583 1363
75584 1953
75585 1694
75586 312
75587 959
75588 1524
75589 1504
75590 988
75591 626
75592 1690
75593 1878
75594 940
75595 542
75596 1904
75597 1152
75598 1334
75599 632
75600 1609
75601 1883
75602 981
75603 1074
75604 1192
75605 1223
75606 105
75607 1768
75608 1840
75609 1325
75610 645
75611 1590
75612 1029
75613 883
75614 637
75615 777
75616 1258
75617 1221
75618 313
75619 979
75620 1286
75621 1806
75622 427
75623 452
75624 1619
75625 1882
75626 1172
75627 1847
75628 1606
75629 122
75630 1946
75631 1354
75632 811
75633 784
75634 1609
75635 553
75636 1109
75637 1780
75638 131
75639 720
75640 1126
75641 1149
75642 1617
75643 154
75644 744
75645 1979
75646 1433
75647 699
75648 1693
75649 531
75650 1807
75651 70
75652 939
75653 1821
75654 245
75655 1480
75656 1620
75657 1189
75658 1429
75659 699
75660 476
75661 945
75662 551
75663 1454
75664 1969
75665 981
75666 1041
75667 1133
75668 237
75669 1622
75670 857
75671 1556
75672 1064
75673 145
75674 226
75675 1667
75676 1420
75677 695
75678 1788
75679 278
75680 1786
75681 1922
75682 887
75683 742
75684 1058
75685 1645
75686 1983
75687 856
75688 267
75689 1779
75690 1687
75691 216
75692 69
75693 1162
75694 727
75695 111
75696 1969
75697 1377
75698 416
75699 957
75700 529
75701 1014
75702 1391
75703 1636
75704 14
75705 789
75706 377
75707 249
75708 1121
75709 1285
75710 147
75711 1173
75712 1615
75713 1093
75714 1253
75715 1171
75716 142
75717 690
75718 1481
75719 402
75720 1237
75721 1893
75722 1691
75723 519
75724 617
75725 800
75726 938
75727 1431
75728 1428
75729 722
75730 986
75731 1106
75732 230
75733 1678
75734 860
75735 1540
75736 1547
75737 1599
75738 829
75739 897
75740 268
75741 846
75742 1893
75743 209
75744 694
75745 458
75746 639
75747 1666
75748 136
75749 1983
75750 435
75751 1788
75752 1071
75753 462
75754 518
75755 1484
75756 1126
75757 722
75758 151
75759 441
75760 86
75761 1065
75762 1838
75763 1125
75764 199
75765 311
75766 67
75767 529
75768 975
75769 1632
75770 279
75771 1508
75772 1162
75773 263
75774 1387
75775 605
75776 1677
75777 1571
75778 1279
75779 781
75780 897
75781 1841
75782 725
75783 937
75784 413
75785 188
75786 131
75787 519
75788 789
75789 644
75790 965
75791 304
75792 1657
75793 88
75794 377
75795 318
75796 45
75797 495
75798 544
75799 844
75800 1538
75801 1921
75802 754
75803 1640
75804 1915
75805 691
75806 184
75807 1632
75808 747
75809 1784
75810 961
75811 714
75812 935
75813 1483
75814 1290
75815 298
75816 202
75817 1760
75818 515
75819 830
75820 1961
75821 1529
75822 6
75823 1153
75824 1510
75825 1774
75826 1542
75827 1379
75828 1754
75829 1935
75830 1469
75831 118
75832 887
75833 1828
75834 370
75835 1610
75836 380
75837 1073
75838 1751
75839 1788
75840 1497
75841 1906
75842 465
75843 1381
75844 1526
75845 69
75846 1448
75847 1041
75848 1445
75849 1552
75850 704
75851 1322
75852 1903
75853 1827
75854 1492
75855 1565
75856 1015
75857 1507
75858 1469
75859 1911
75860 568
75861 1434
75862 1403
75863 117
75864 272
75865 1234
75866 1294
75867 1202
75868 966
75869 1098
75870 1816
75871 432
75872 179
75873 534
75874 406
75875 1914
75876 281
75877 327
75878 188
75879 1299
75880 1224
75881 1298
75882 1293
75883 726
75884 1102
75885 1934
75886 1141
75887 1140
75888 1882
75889 802
75890 1328
75891 1326
75892 1852
75893 1196
75894 626
75895 870
75896 420
75897 1070
75898 102
75899 1088
75900 611
75901 90
75902 798
75903 951
75904 1781
75905 1142
75906 1901
75907 362
75908 677
75909 1809
75910 965
75911 238
75912 1143
75913 279
75914 128
75915 1656
75916 1919
75917 542
75918 1155
75919 1421
75920 46
75921 1977
75922 573
75923 989
75924 257
75925 1833
75926 917
75927 1562
75928 1061
75929 1658
75930 198
75931 1376
75932 1647
75933 320
75934 884
75935 1805
75936 1519
75937 1303
75938 1154
75939 1367
75940 633
75941 416
75942 750
75943 1004
75944 1433
75945 1116
75946 402
75947 1585
75948 1478
75949 1469
75950 57
75951 83
75952 1315
75953 78
75954 488
75955 1271
75956 80
75957 1841
75958 572
75959 1681
75960 573
75961 689
75962 882
75963 944
75964 1591
75965 1533
75966 1325
75967 414
75968 386
75969 289
75970 496
75971 1000
75972 284
75973 1046
75974 1687
75975 922
75976 909
75977 970
75978 1286
75979 334
75980 1729
75981 94
75982 695
75983 1659
75984 1643
75985 1440
75986 1891
75987 1357
75988 1194
75989 1497
75990 1197
75991 1556
75992 1944
75993 186
75994 1864
75995 1139
75996 1582
75997 438
75998 458
75999 463
76000 1718
76001 384
76002 607
76003 1863
76004 1695
76005 1692
76006 809
76007 1439
76008 1292
76009 1924
76010 90
76011 49
76012 624
76013 254
76014 892
76015 948
76016 929
76017 1080
76018 912
76019 136
76020 693
76021 1553
76022 1648
76023 1437
76024 463
76025 1740
76026 640
76027 1467
76028 1368
76029 1953
76030 107
76031 585
76032 1707
76033 1842
76034 673
76035 1515
76036 753
76037 693
76038 906
76039 1888
76040 768
76041 728
76042 1108
76043 1424
76044 574
76045 1355
76046 441
76047 1620
76048 114
76049 970
76050 532
76051 768
76052 42
76053 1057
76054 1102
76055 737
76056 746
76057 1299
76058 1660
76059 1481
76060 1539
76061 1324
76062 272
76063 1996
76064 196
76065 105
76066 1182
76067 908
76068 1250
76069 1592
76070 243
76071 762
76072 1912
76073 961
76074 1418
76075 1496
76076 190
76077 675
76078 1816
76079 879
76080 1529
76081 282
76082 1172
76083 168
76084 744
76085 1413
76086 548
76087 723
76088 382
76089 1457
76090 1976
76091 1750
76092 1004
76093 219
76094 213
76095 1686
76096 611
76097 792
76098 640
76099 816
76100 1869
76101 855
76102 770
76103 368
76104 1148
76105 1332
76106 785
76107 185
76108 272
76109 796
76110 1449
76111 1160
76112 1423
76113 39
76114 1107
76115 804
76116 1179
76117 1167
76118 673
76119 444
76120 131
76121 224
76122 1272
76123 1911
76124 996
76125 1180
76126 822
76127 1445
76128 145
76129 1367
76130 1423
76131 1125
76132 299
76133 1225
76134 1944
76135 395
76136 1271
76137 391
76138 1838
76139 523
76140 433
76141 361
76142 906
76143 1209
76144 1837
76145 1178
76146 1884
76147 448
76148 714
76149 398
76150 1840
76151 1347
76152 786
76153 633
76154 1740
76155 206
76156 277
76157 1058
76158 1950
76159 1690
76160 364
76161 1963
76162 1816
76163 709
76164 1562
76165 918
76166 815
76167 1369
76168 648
76169 385
76170 1961
76171 1612
76172 1025
76173 505
76174 1669
76175 798
76176 1828
76177 918
76178 439
76179 1065
76180 687
76181 1445
76182 1795
76183 391
76184 590
76185 1339
76186 1963
76187 800
76188 53
76189 263
76190 819
76191 528
76192 639
76193 1262
76194 1357
76195 1597
76196 815
76197 500
76198 861
76199 501
76200 547
76201 1013
76202 1030
76203 981
76204 1240
76205 664
76206 322
76207 859
76208 1113
76209 1751
76210 554
76211 57
76212 561
76213 131
76214 598
76215 1547
76216 1202
76217 184
76218 847
76219 1851
76220 444
76221 1065
76222 1343
76223 1245
76224 1094
76225 710
76226 1489
76227 955
76228 1664
76229 863
76230 1803
76231 674
76232 620
76233 1741
76234 727
76235 69
76236 259
76237 805
76238 965
76239 163
76240 273
76241 607
76242 1466
76243 1438
76244 216
76245 193
76246 1267
76247 214
76248 929
76249 1044
76250 795
76251 415
76252 1299
76253 650
76254 662
76255 676
76256 284
76257 1054
76258 1298
76259 126
76260 310
76261 810
76262 1876
76263 158
76264 1965
76265 141
76266 1148
76267 652
76268 631
76269 1948
76270 412
76271 1254
76272 1141
76273 623
76274 761
76275 1301
76276 480
76277 1202
76278 24
76279 433
76280 537
76281 1036
76282 921
76283 314
76284 941
76285 1124
76286 1542
76287 1950
76288 1634
76289 236
76290 289
76291 1099
76292 1698
76293 1178
76294 14
76295 1862
76296 1180
76297 89
76298 775
76299 1393
76300 587
76301 666
76302 710
76303 438
76304 418
76305 1014
76306 76
76307 1938
76308 1239
76309 71
76310 1315
76311 1154
76312 196
76313 1107
76314 584
76315 1763
76316 1688
76317 40
76318 231
76319 1455
76320 930
76321 819
76322 1743
76323 462
76324 1618
76325 1890
76326 1495
76327 1591
76328 1
76329 1750
76330 310
76331 1119
76332 1768
76333 1457
76334 888
76335 0
76336 685
76337 1054
76338 547
76339 216
76340 1819
76341 1829
76342 351
76343 4
76344 378
76345 1845
76346 1181
76347 1314
76348 920
76349 1217
76350 297
76351 486
76352 1504
76353 352
76354 663
76355 12
76356 418
76357 1323
76358 1663
76359 1720
76360 31
76361 666
76362 1258
76363 441
76364 1287
76365 1873
76366 1031
76367 1496
76368 1333
76369 1776
76370 1310
76371 536
76372 1410
76373 1326
76374 1099
76375 1079
76376 1664
76377 873
76378 722
76379 1146
76380 112
76381 290
76382 1438
76383 365
76384 1271
76385 777
76386 1850
76387 1561
76388 723
76389 189
76390 1796
76391 133
76392 497
76393 93
76394 821
76395 604
76396 1836
76397 1351
76398 473
76399 1170
76400 717
76401 1803
76402 337
76403 433
76404 1429
76405 468
76406 1473
76407 573
76408 96
76409 1199
76410 759
76411 176
76412 420
76413 1753
76414 1447
76415 1943
76416 819
76417 1779
76418 31
76419 1584
76420 921
76421 1323
76422 769
76423 942
76424 190
76425 436
76426 1900
76427 149
76428 1608
76429 1386
76430 1801
76431 1916
76432 58
76433 1706
76434 1801
76435 1970
76436 1503
76437 1918
76438 1301
76439 1680
76440 132
76441 1713
76442 261
76443 1683
76444 101
76445 798
76446 902
76447 1731
76448 1066
76449 344
76450 1052
76451 118
76452 913
76453 818
76454 19
76455 107
76456 1448
76457 1757
76458 1838
76459 83
76460 905
76461 1325
76462 1
76463 1456
76464 408
76465 1799
76466 1811
76467 358
76468 597
76469 234
76470 717
76471 1434
76472 184
76473 453
76474 1343
76475 1598
76476 354
76477 1911
76478 1849
76479 1390
76480 1368
76481 192
76482 110
76483 295
76484 996
76485 382
76486 1701
76487 1744
76488 555
76489 1318
76490 1385
76491 1729
76492 1277
76493 103
76494 104
76495 608
76496 996
76497 1595
76498 1677
76499 165
76500 714
76501 33
76502 875
76503 1648
76504 186
76505 836
76506 1912
76507 689
76508 636
76509 219
76510 1711
76511 42
76512 323
76513 511
76514 1799
76515 334
76516 1178
76517 278
76518 414
76519 647
76520 856
76521 1539
76522 1601
76523 1274
76524 934
76525 70
76526 1360
76527 66
76528 1015
76529 751
76530 867
76531 1555
76532 1755
76533 1459
76534 1469
76535 770
76536 1074
76537 963
76538 799
76539 1957
76540 590
76541 1485
76542 1996
76543 1440
76544 382
76545 392
76546 1711
76547 759
76548 1398
76549 870
76550 774
76551 192
76552 1724
76553 1504
76554 699
76555 304
76556 1305
76557 1786
76558 1027
76559 1897
76560 1469
76561 1882
76562 1495
76563 780
76564 1472
76565 1595
76566 470
76567 847
76568 779
76569 222
76570 474
76571 1869
76572 445
76573 1838
76574 1611
76575 376
76576 249
76577 1404
76578 202
76579 193
76580 1982
76581 1312
76582 1417
76583 1913
76584 1679
76585 785
76586 622
76587 382
76588 271
76589 588
76590 170
76591 871
76592 634
76593 916
76594 567
76595 1670
76596 154
76597 532
76598 1413
76599 616
76600 1500
76601 380
76602 1518
76603 650
76604 748
76605 1847
76606 1822
76607 1965
76608 135
76609 823
76610 403
76611 873
76612 1410
76613 469
76614 1289
76615 1305
76616 1022
76617 668
76618 1864
76619 781
76620 1227
76621 277
76622 1847
76623 1760
76624 680
76625 64
76626 1291
76627 502
76628 767
76629 1491
76630 1645
76631 754
76632 1156
76633 528
76634 978
76635 1422
76636 184
76637 1230
76638 261
76639 1853
76640 1502
76641 204
76642 118
76643 1214
76644 477
76645 534
76646 663
76647 700
76648 909
76649 117
76650 1659
76651 654
76652 1156
76653 442
76654 301
76655 1922
76656 82
76657 1476
76658 459
76659 1539
76660 684
76661 226
76662 1619
76663 1097
76664 1914
76665 81
76666 196
76667 1929
76668 1797
76669 1811
76670 1208
76671 201
76672 1228
76673 1804
76674 1587
76675 1158
76676 1445
76677 1488
76678 1282
76679 415
76680 1928
76681 669
76682 1364
76683 1635
76684 464
76685 638
76686 231
76687 1581
76688 419
76689 452
76690 1439
76691 560
76692 817
76693 1497
76694 225
76695 1739
76696 532
76697 65
76698 604
76699 904
76700 22
76701 376
76702 1890
76703 674
76704 1017
76705 66
76706 1466
76707 422
76708 704
76709 1858
76710 753
76711 1090
76712 988
76713 1976
76714 1127
76715 1509
76716 964
76717 1234
76718 455
76719 664
76720 1859
76721 175
76722 720
76723 1871
76724 947
76725 459
76726 137
76727 531
76728 433
76729 1069
76730 901
76731 1353
76732 96
76733 1520
76734 1855
76735 1719
76736 1168
76737 1584
76738 1328
76739 1120
76740 1175
76741 1296
76742 504
76743 1846
76744 867
76745 1508
76746 1843
76747 1590
76748 395
76749 737
76750 1709
76751 1689
76752 1070
76753 863
76754 229
76755 1089
76756 1608
76757 296
76758 458
76759 83
76760 1780
76761 344
76762 1931
76763 451
76764 1281
76765 975
76766 1491
76767 1304
76768 556
76769 597
76770 1703
76771 1217
76772 1795
76773 810
76774 1560
76775 1875
76776 1591
76777 444
76778 1440
76779 1947
76780 159
76781 1889
76782 881
76783 1470
76784 622
76785 287
76786 1810
76787 495
76788 1112
76789 301
76790 1302
76791 644
76792 1134
76793 1111
76794 503
76795 685
76796 1914
76797 1360
76798 327
76799 1796
76800 408
76801 1224
76802 1438
76803 763
76804 203
76805 448
76806 1562
76807 309
76808 330
76809 421
76810 666
76811 261
76812 1441
76813 1008
76814 512
76815 1733
76816 1353
76817 1651
76818 195
76819 13
76820 1335
76821 897
76822 338
76823 1248
76824 99
76825 84
76826 1405
76827 1400
76828 1801
76829 1944
76830 818
76831 525
76832 405
76833 1878
76834 414
76835 764
76836 1832
76837 229
76838 1662
76839 476
76840 233
76841 1698
76842 180
76843 1629
76844 350
76845 916
76846 1298
76847 256
76848 540
76849 599
76850 772
76851 637
76852 562
76853 1931
76854 1785
76855 15
76856 948
76857 638
76858 828
76859 1609
76860 190
76861 969
76862 477
76863 214
76864 418
76865 273
76866 341
76867 662
76868 1684
76869 455
76870 820
76871 750
76872 675
76873 11
76874 1507
76875 1912
76876 833
76877 1766
76878 287
76879 1800
76880 618
76881 1088
76882 1680
76883 875
76884 32
76885 66
76886 1239
76887 96
76888 1792
76889 1626
76890 1802
76891 1942
76892 1276
76893 1926
76894 1387
76895 628
76896 516
76897 1221
76898 812
76899 1467
76900 88
76901 1753
76902 426
76903 1278
76904 606
76905 953
76906 767
76907 127
76908 333
76909 617
76910 1563
76911 327
76912 1490
76913 366
76914 760
76915 1270
76916 1836
76917 902
76918 383
76919 625
76920 206
76921 1123
76922 870
76923 948
76924 1194
76925 1668
76926 1870
76927 1618
76928 205
76929 1581
76930 1115
76931 1167
76932 1029
76933 1298
76934 1938
76935 820
76936 412
76937 1169
76938 1023
76939 995
76940 1660
76941 676
76942 123
76943 1801
76944 52
76945 1542
76946 979
76947 358
76948 287
76949 1141
76950 81
76951 1750
76952 256
76953 1519
76954 1840
76955 1095
76956 743
76957 1901
76958 48
76959 328
76960 601
76961 1197
76962 1847
76963 1926
76964 527
76965 1477
76966 1441
76967 1411
76968 948
76969 1409
76970 1316
76971 1580
76972 686
76973 36
76974 1955
76975 60
76976 1647
76977 495
76978 1921
76979 251
76980 1180
76981 1376
76982 1619
76983 1599
76984 700
76985 1762
76986 236
76987 1643
76988 112
76989 1792
76990 1644
76991 620
76992 800
76993 452
76994 1660
76995 993
76996 1457
76997 456
76998 1538
76999 1618
77000 24
77001 573
77002 1092
77003 1318
77004 521
77005 925
77006 703
77007 1384
77008 519
77009 1687
77010 735
77011 1407
77012 1706
77013 1463
77014 724
77015 1818
77016 1546
77017 1850
77018 599
77019 1715
77020 715
77021 1440
77022 1089
77023 303
77024 1929
77025 546
77026 1271
77027 1876
77028 1312
77029 1254
77030 503
77031 1529
77032 583
77033 629
77034 1036
77035 238
77036 48
77037 413
77038 1725
77039 66
77040 1085
77041 1864
77042 607
77043 1597
77044 622
77045 1295
77046 1078
77047 29
77048 1294
77049 1787
77050 706
77051 564
77052 910
77053 114
77054 276
77055 1714
77056 1972
77057 1064
77058 582
77059 190
77060 1255
77061 1391
77062 925
77063 1612
77064 771
77065 733
77066 1107
77067 1336
77068 1693
77069 1615
77070 1944
77071 1774
77072 1447
77073 1816
77074 1022
77075 1830
77076 1811
77077 1728
77078 8
77079 492
77080 500
77081 456
77082 45
77083 975
77084 1109
77085 1021
77086 1822
77087 1905
77088 1808
77089 248
77090 1649
77091 1138
77092 1218
77093 1351
77094 225
77095 702
77096 1182
77097 91
77098 637
77099 1072
77100 206
77101 236
77102 254
77103 1831
77104 1156
77105 514
77106 459
77107 881
77108 1960
77109 1176
77110 1186
77111 1390
77112 1603
77113 904
77114 1648
77115 1844
77116 1319
77117 1478
77118 772
77119 1121
77120 776
77121 1600
77122 1505
77123 954
77124 1420
77125 380
77126 1355
77127 94
77128 303
77129 845
77130 1070
77131 79
77132 1135
77133 255
77134 248
77135 325
77136 104
77137 1190
77138 1582
77139 1088
77140 86
77141 537
77142 136
77143 579
77144 705
77145 1770
77146 1285
77147 1483
77148 807
77149 511
77150 1128
77151 1067
77152 312
77153 1321
77154 358
77155 1590
77156 595
77157 860
77158 1406
77159 785
77160 888
77161 945
77162 790
77163 842
77164 70
77165 310
77166 118
77167 809
77168 363
77169 895
77170 1494
77171 509
77172 226
77173 1240
77174 335
77175 1272
77176 139
77177 908
77178 190
77179 1238
77180 342
77181 194
77182 1508
77183 1632
77184 1562
77185 68
77186 1899
77187 1771
77188 1734
77189 510
77190 1141
77191 1419
77192 1957
77193 1076
77194 1910
77195 948
77196 1689
77197 975
77198 1668
77199 920
77200 446
77201 1740
77202 372
77203 835
77204 1316
77205 846
77206 507
77207 1153
77208 209
77209 649
77210 1261
77211 1477
77212 1837
77213 388
77214 881
77215 1754
77216 865
77217 1810
77218 1731
77219 1245
77220 1245
77221 1195
77222 751
77223 1291
77224 332
77225 1147
77226 1149
77227 1352
77228 15
77229 1496
77230 1259
77231 1377
77232 1649
77233 537
77234 251
77235 1323
77236 1943
77237 1734
77238 1505
77239 1636
77240 656
77241 760
77242 1601
77243 1966
77244 839
77245 1085
77246 740
77247 13
77248 1845
77249 201
77250 747
77251 217
77252 479
77253 781
77254 1353
77255 762
77256 819
77257 1633
77258 1955
77259 1416
77260 51
77261 1660
77262 606
77263 1721
77264 240
77265 1561
77266 610
77267 1334
77268 677
77269 471
77270 927
77271 268
77272 1471
77273 24
77274 296
77275 1816
77276 1520
77277 1578
77278 1230
77279 1547
77280 176
77281 1189
77282 252
77283 1963
77284 794
77285 638
77286 1432
77287 1310
77288 1305
77289 613
77290 1478
77291 1002
77292 1296
77293 1946
77294 1203
77295 624
77296 648
77297 1520
77298 1943
77299 141
77300 931
77301 1267
77302 1774
77303 1244
77304 1149
77305 9
77306 1486
77307 1443
77308 302
77309 652
77310 1488
77311 819
77312 3
77313 750
77314 585
77315 782
77316 1748
77317 964
77318 1333
77319 648
77320 858
77321 1335
77322 1661
77323 1463
77324 1834
77325 682
77326 374
77327 1552
77328 354
77329 151
77330 565
77331 1680
77332 221
77333 1551
77334 1879
77335 1457
77336 127
77337 1926
77338 1834
77339 223
77340 913
77341 1891
77342 1502
77343 639
77344 1877
77345 1641
77346 1556
77347 79
77348 861
77349 1129
77350 828
77351 634
77352 1031
77353 1136
77354 321
77355 1579
77356 742
77357 1619
77358 1458
77359 622
77360 1229
77361 895
77362 945
77363 705
77364 1951
77365 1625
77366 154
77367 1864
77368 415
77369 1963
77370 482
77371 752
77372 661
77373 1896
77374 776
77375 1345
77376 1456
77377 795
77378 1297
77379 1583
77380 178
77381 154
77382 856
77383 0
77384 1697
77385 398
77386 361
77387 830
77388 1640
77389 900
77390 1053
77391 1100
77392 148
77393 1354
77394 1150
77395 27
77396 510
77397 241
77398 1752
77399 1556
77400 583
77401 452
77402 134
77403 256
77404 590
77405 377
77406 1298
77407 1054
77408 804
77409 1341
77410 1002
77411 1408
77412 971
77413 396
77414 587
77415 1862
77416 264
77417 876
77418 558
77419 234
77420 663
77421 1877
77422 274
77423 1218
77424 398
77425 1040
77426 421
77427 615
77428 620
77429 1044
77430 1413
77431 943
77432 486
77433 1032
77434 1501
77435 368
77436 48
77437 678
77438 1048
77439 247
77440 687
77441 1016
77442 490
77443 1804
77444 783
77445 926
77446 1296
77447 1150
77448 613
77449 921
77450 1364
77451 1084
77452 1427
77453 1503
77454 253
77455 1397
77456 617
77457 1701
77458 1103
77459 167
77460 1654
77461 1551
77462 894
77463 1136
77464 1638
77465 879
77466 774
77467 1383
77468 1476
77469 521
77470 1903
77471 580
77472 1802
77473 1257
77474 717
77475 1197
77476 1417
77477 131
77478 1543
77479 813
77480 1244
77481 28
77482 1315
77483 1538
77484 171
77485 268
77486 849
77487 234
77488 1185
77489 1297
77490 1613
77491 1579
77492 1864
77493 1453
77494 841
77495 944
77496 798
77497 140
77498 1373
77499 1892
77500 446
77501 1589
77502 1404
77503 69
77504 326
77505 1178
77506 427
77507 1383
77508 318
77509 614
77510 1368
77511 390
77512 1420
77513 1983
77514 859
77515 1804
77516 811
77517 648
77518 1723
77519 1032
77520 1257
77521 211
77522 121
77523 947
77524 1634
77525 781
77526 1143
77527 476
77528 1250
77529 1852
77530 666
77531 1575
77532 1119
77533 121
77534 675
77535 509
77536 265
77537 1220
77538 1348
77539 1792
77540 285
77541 1299
77542 124
77543 626
77544 509
77545 548
77546 1598
77547 987
77548 1508
77549 701
77550 487
77551 217
77552 467
77553 1753
77554 1944
77555 1607
77556 158
77557 1788
77558 9
77559 1451
77560 1393
77561 1894
77562 258
77563 154
77564 1059
77565 654
77566 1290
77567 877
77568 1324
77569 99
77570 373
77571 1715
77572 1491
77573 1685
77574 1048
77575 1835
77576 976
77577 1632
77578 1792
77579 1297
77580 332
77581 1223
77582 474
77583 743
77584 1625
77585 1283
77586 1495
77587 1694
77588 388
77589 1598
77590 151
77591 568
77592 1699
77593 370
77594 260
77595 955
77596 1729
77597 726
77598 794
77599 1457
77600 10
77601 320
77602 1630
77603 472
77604 294
77605 1392
77606 126
77607 1069
77608 860
77609 817
77610 1123
77611 544
77612 704
77613 1709
77614 813
77615 343
77616 1152
77617 589
77618 1311
77619 541
77620 232
77621 1545
77622 2
77623 462
77624 1532
77625 952
77626 1325
77627 386
77628 1979
77629 905
77630 1951
77631 842
77632 655
77633 1891
77634 1289
77635 1182
77636 1868
77637 1887
77638 1326
77639 848
77640 1459
77641 1163
77642 585
77643 49
77644 1611
77645 534
77646 224
77647 1265
77648 994
77649 1599
77650 1235
77651 1314
77652 368
77653 1489
77654 636
77655 1768
77656 639
77657 439
77658 969
77659 1425
77660 496
77661 1498
77662 467
77663 1314
77664 1913
77665 1403
77666 215
77667 241
77668 1774
77669 80
77670 891
77671 1750
77672 1794
77673 125
77674 1169
77675 262
77676 1368
77677 1288
77678 1291
77679 1300
77680 1519
77681 57
77682 820
77683 613
77684 413
77685 1194
77686 805
77687 1110
77688 1347
77689 414
77690 301
77691 465
77692 189
77693 65
77694 1608
77695 995
77696 1030
77697 439
77698 730
77699 592
77700 712
77701 108
77702 1383
77703 1070
77704 105
77705 1517
77706 1199
77707 708
77708 9
77709 125
77710 1740
77711 1945
77712 458
77713 91
77714 619
77715 48
77716 882
77717 1002
77718 253
77719 906
77720 690
77721 430
77722 1884
77723 954
77724 1769
77725 745
77726 632
77727 1951
77728 401
77729 1349
77730 1201
77731 1842
77732 1547
77733 834
77734 123
77735 178
77736 1795
77737 1454
77738 1860
77739 1912
77740 629
77741 1277
77742 1112
77743 1619
77744 208
77745 1112
77746 1056
77747 1536
77748 1148
77749 597
77750 1481
77751 352
77752 399
77753 1726
77754 473
77755 379
77756 692
77757 1351
77758 1037
77759 1156
77760 1452
77761 908
77762 1719
77763 507
77764 993
77765 1220
77766 1624
77767 1122
77768 51
77769 192
77770 701
77771 1880
77772 1354
77773 887
77774 92
77775 1597
77776 1251
77777 1001
77778 1689
77779 1068
77780 1196
77781 427
77782 1507
77783 933
77784 1557
77785 1038
77786 1500
77787 501
77788 1970
77789 811
77790 1397
77791 261
77792 1335
77793 1425
77794 1203
77795 1666
77796 761
77797 116
77798 208
77799 935
77800 258
77801 1101
77802 1703
77803 1355
77804 173
77805 1387
77806 956
77807 1762
77808 1450
77809 133
77810 909
77811 205
77812 1138
77813 1601
77814 906
77815 241
77816 522
77817 1664
77818 648
77819 1842
77820 726
77821 1075
77822 1125
77823 652
77824 1451
77825 1117
77826 922
77827 599
77828 1097
77829 1535
77830 85
77831 921
77832 1965
77833 762
77834 1380
77835 1876
77836 1444
77837 1520
77838 506
77839 518
77840 800
77841 731
77842 210
77843 665
77844 22
77845 1119
77846 1750
77847 287
77848 1576
77849 1092
77850 1215
77851 248
77852 397
77853 1821
77854 1236
77855 1185
77856 1554
77857 835
77858 332
77859 589
77860 1476
77861 1692
77862 323
77863 101
77864 232
77865 348
77866 1730
77867 996
77868 1365
77869 91
77870 910
77871 1664
77872 1146
77873 1917
77874 841
77875 468
77876 166
77877 708
77878 761
77879 217
77880 127
77881 1074
77882 159
77883 1880
77884 984
77885 401
77886 347
77887 1877
77888 1115
77889 395
77890 1513
77891 244
77892 952
77893 1466
77894 388
77895 1182
77896 588
77897 1420
77898 1758
77899 156
77900 821
77901 1268
77902 638
77903 902
77904 972
77905 1179
77906 967
77907 911
77908 254
77909 592
77910 1349
77911 1650
77912 1523
77913 219
77914 691
77915 1248
77916 518
77917 1975
77918 566
77919 1730
77920 178
77921 1145
77922 765
77923 1550
77924 489
77925 1935
77926 1790
77927 1572
77928 1181
77929 1550
77930 545
77931 380
77932 616
77933 1588
77934 452
77935 888
77936 1558
77937 1144
77938 1179
77939 649
77940 423
77941 1212
77942 372
77943 545
77944 1045
77945 769
77946 463
77947 1446
77948 1628
77949 688
77950 155
77951 1248
77952 1373
77953 173
77954 1394
77955 390
77956 1759
77957 709
77958 366
77959 692
77960 576
77961 491
77962 1287
77963 137
77964 330
77965 1790
77966 266
77967 883
77968 328
77969 25
77970 1684
77971 1294
77972 645
77973 817
77974 377
77975 1894
77976 1939
77977 713
77978 1207
77979 661
77980 133
77981 486
77982 1364
77983 1681
77984 231
77985 1568
77986 968
77987 489
77988 961
77989 1507
77990 218
77991 1853
77992 80
77993 553
77994 782
77995 1423
77996 742
77997 55
77998 1130
77999 281
78000 1562
78001 1427
78002 722
78003 1433
78004 1445
78005 910
78006 1204
78007 1466
78008 1361
78009 71
78010 28
78011 117
78012 1814
78013 1230
78014 116
78015 1778
78016 171
78017 727
78018 499
78019 41
78020 1803
78021 1911
78022 1655
78023 1838
78024 1774
78025 266
78026 887
78027 218
78028 348
78029 1641
78030 1886
78031 449
78032 730
78033 1170
78034 678
78035 1342
78036 52
78037 79
78038 1491
78039 1434
78040 312
78041 940
78042 836
78043 1803
78044 1743
78045 1811
78046 1334
78047 1751
78048 1131
78049 1728
78050 1789
78051 886
78052 198
78053 1686
78054 288
78055 1854
78056 1668
78057 1042
78058 59
78059 366
78060 1147
78061 1816
78062 1134
78063 1302
78064 1148
78065 877
78066 1733
78067 526
78068 1395
78069 173
78070 994
78071 172
78072 1543
78073 1912
78074 1323
78075 267
78076 1135
78077 195
78078 645
78079 318
78080 399
78081 928
78082 254
78083 167
78084 661
78085 1310
78086 752
78087 714
78088 1507
78089 1787
78090 940
78091 1958
78092 387
78093 1663
78094 1560
78095 302
78096 1731
78097 1715
78098 1922
78099 96
78100 1813
78101 295
78102 1411
78103 1399
78104 1457
78105 1001
78106 853
78107 1888
78108 1566
78109 1924
78110 1946
78111 1721
78112 191
78113 97
78114 770
78115 219
78116 252
78117 678
78118 593
78119 63
78120 1328
78121 1770
78122 106
78123 1951
78124 879
78125 272
78126 275
78127 1629
78128 1509
78129 133
78130 552
78131 1584
78132 290
78133 882
78134 1334
78135 1494
78136 1943
78137 474
78138 1909
78139 576
78140 264
78141 1380
78142 490
78143 1126
78144 610
78145 667
78146 151
78147 84
78148 669
78149 883
78150 1281
78151 423
78152 719
78153 1429
78154 593
78155 1503
78156 381
78157 1277
78158 1535
78159 11
78160 1215
78161 133
78162 1711
78163 491
78164 872
78165 1792
78166 750
78167 466
78168 624
78169 1117
78170 1276
78171 1830
78172 29
78173 812
78174 1129
78175 755
78176 1427
78177 791
78178 1542
78179 1078
78180 1709
78181 853
78182 227
78183 1428
78184 437
78185 1088
78186 966
78187 1759
78188 1443
78189 1836
78190 1279
78191 1404
78192 365
78193 156
78194 62
78195 670
78196 1293
78197 45
78198 426
78199 927
78200 1122
78201 1257
78202 395
78203 759
78204 1705
78205 1934
78206 673
78207 1342
78208 1925
78209 780
78210 884
78211 1603
78212 1177
78213 865
78214 850
78215 1401
78216 1385
78217 457
78218 1100
78219 1692
78220 1487
78221 869
78222 1549
78223 125
78224 1301
78225 730
78226 1047
78227 721
78228 1292
78229 94
78230 1602
78231 1227
78232 1316
78233 699
78234 1774
78235 434
78236 138
78237 1017
78238 95
78239 1421
78240 666
78241 736
78242 218
78243 576
78244 843
78245 1109
78246 764
78247 1172
78248 737
78249 307
78250 1757
78251 239
78252 390
78253 478
78254 1658
78255 442
78256 1558
78257 519
78258 377
78259 249
78260 414
78261 1690
78262 1439
78263 533
78264 1678
78265 1099
78266 676
78267 820
78268 1703
78269 1466
78270 1242
78271 28
78272 279
78273 1635
78274 1656
78275 119
78276 1161
78277 669
78278 1743
78279 1485
78280 727
78281 852
78282 492
78283 1951
78284 62
78285 190
78286 1110
78287 1464
78288 595
78289 643
78290 947
78291 1730
78292 109
78293 566
78294 714
78295 1660
78296 296
78297 233
78298 1277
78299 1058
78300 914
78301 1449
78302 1256
78303 460
78304 1848
78305 1182
78306 1334
78307 987
78308 84
78309 734
78310 1811
78311 1256
78312 174
78313 693
78314 379
78315 1295
78316 256
78317 1701
78318 1918
78319 1078
78320 1270
78321 1897
78322 1911
78323 641
78324 787
78325 1801
78326 949
78327 1230
78328 436
78329 1919
78330 864
78331 1912
78332 1693
78333 446
78334 1641
78335 927
78336 1396
78337 740
78338 1453
78339 1006
78340 706
78341 867
78342 310
78343 334
78344 1707
78345 1653
78346 780
78347 45
78348 396
78349 1290
78350 727
78351 1001
78352 760
78353 534
78354 1366
78355 358
78356 1811
78357 879
78358 757
78359 299
78360 154
78361 1572
78362 962
78363 1948
78364 599
78365 1395
78366 1075
78367 915
78368 311
78369 1366
78370 209
78371 1166
78372 1419
78373 391
78374 795
78375 1203
78376 757
78377 1335
78378 1489
78379 406
78380 1979
78381 40
78382 151
78383 735
78384 1074
78385 45
78386 1625
78387 1744
78388 1501
78389 255
78390 1473
78391 1873
78392 426
78393 793
78394 452
78395 1042
78396 1112
78397 1505
78398 1615
78399 508
78400 943
78401 64
78402 1024
78403 620
78404 458
78405 1491
78406 1650
78407 148
78408 285
78409 1971
78410 512
78411 1234
78412 459
78413 448
78414 1771
78415 55
78416 457
78417 1345
78418 1413
78419 354
78420 407
78421 819
78422 1383
78423 695
78424 690
78425 1505
78426 829
78427 1246
78428 1146
78429 595
78430 1690
78431 670
78432 520
78433 283
78434 1638
78435 1830
78436 888
78437 1740
78438 1835
78439 1983
78440 1578
78441 352
78442 544
78443 1556
78444 1711
78445 119
78446 1425
78447 787
78448 1804
78449 837
78450 1881
78451 105
78452 1759
78453 1701
78454 1005
78455 479
78456 430
78457 426
78458 977
78459 1913
78460 358
78461 1441
78462 966
78463 868
78464 1881
78465 1607
78466 549
78467 780
78468 1549
78469 1572
78470 435
78471 546
78472 516
78473 1278
78474 621
78475 140
78476 836
78477 1863
78478 943
78479 1265
78480 453
78481 1123
78482 341
78483 1585
78484 1014
78485 1739
78486 1328
78487 103
78488 651
78489 1430
78490 120
78491 1312
78492 989
78493 1720
78494 1520
78495 1210
78496 176
78497 1875
78498 575
78499 1544
78500 1535
78501 268
78502 630
78503 103
78504 720
78505 210
78506 0
78507 1992
78508 736
78509 1320
78510 1150
78511 386
78512 743
78513 1689
78514 1820
78515 1115
78516 1907
78517 157
78518 810
78519 1941
78520 705
78521 728
78522 605
78523 360
78524 1127
78525 489
78526 707
78527 1247
78528 238
78529 1500
78530 1779
78531 478
78532 1551
78533 80
78534 310
78535 1327
78536 310
78537 444
78538 745
78539 1218
78540 1932
78541 1754
78542 1385
78543 1753
78544 1603
78545 1421
78546 1902
78547 452
78548 830
78549 1630
78550 356
78551 991
78552 1274
78553 685
78554 249
78555 939
78556 603
78557 1822
78558 1614
78559 1643
78560 1201
78561 501
78562 1836
78563 1392
78564 201
78565 1683
78566 698
78567 1395
78568 1871
78569 464
78570 448
78571 549
78572 498
78573 235
78574 635
78575 1631
78576 887
78577 1423
78578 1005
78579 1708
78580 585
78581 816
78582 553
78583 1448
78584 1617
78585 1508
78586 575
78587 136
78588 1671
78589 1183
78590 1872
78591 1337
78592 1526
78593 940
78594 1417
78595 1925
78596 1395
78597 963
78598 1642
78599 1484
78600 541
78601 594
78602 1798
78603 674
78604 1868
78605 1372
78606 1109
78607 929
78608 1255
78609 1368
78610 892
78611 299
78612 916
78613 393
78614 1628
78615 454
78616 1013
78617 704
78618 1040
78619 1858
78620 450
78621 870
78622 175
78623 1452
78624 611
78625 301
78626 628
78627 214
78628 1804
78629 1772
78630 933
78631 330
78632 102
78633 226
78634 1929
78635 118
78636 717
78637 47
78638 199
78639 1084
78640 1862
78641 1206
78642 300
78643 845
78644 1752
78645 991
78646 289
78647 1206
78648 1766
78649 655
78650 1195
78651 542
78652 1771
78653 1830
78654 1214
78655 711
78656 915
78657 1772
78658 1805
78659 1333
78660 1260
78661 1269
78662 913
78663 1964
78664 452
78665 520
78666 346
78667 1592
78668 991
78669 840
78670 1642
78671 676
78672 116
78673 725
78674 880
78675 538
78676 201
78677 927
78678 282
78679 728
78680 1735
78681 727
78682 1479
78683 966
78684 1868
78685 524
78686 610
78687 1933
78688 1283
78689 161
78690 571
78691 409
78692 314
78693 158
78694 1488
78695 1288
78696 1726
78697 201
78698 87
78699 344
78700 1568
78701 1939
78702 40
78703 1549
78704 258
78705 1451
78706 549
78707 1378
78708 872
78709 360
78710 1454
78711 258
78712 931
78713 245
78714 431
78715 439
78716 503
78717 1414
78718 1892
78719 1472
78720 387
78721 503
78722 13
78723 1979
78724 1548
78725 381
78726 16
78727 978
78728 637
78729 393
78730 181
78731 1189
78732 816
78733 1911
78734 1382
78735 1376
78736 147
78737 1252
78738 1391
78739 1272
78740 1667
78741 1114
78742 1685
78743 494
78744 367
78745 1250
78746 1588
78747 1357
78748 1345
78749 1648
78750 404
78751 1011
78752 1976
78753 1974
78754 59
78755 1432
78756 1481
78757 757
78758 1059
78759 1106
78760 312
78761 895
78762 1230
78763 285
78764 815
78765 1850
78766 664
78767 693
78768 1410
78769 734
78770 448
78771 614
78772 731
78773 1693
78774 768
78775 1454
78776 1336
78777 896
78778 776
78779 1110
78780 1562
78781 421
78782 1256
78783 1055
78784 165
78785 1402
78786 918
78787 1051
78788 135
78789 724
78790 1223
78791 678
78792 965
78793 167
78794 939
78795 483
78796 640
78797 1040
78798 1950
78799 729
78800 233
78801 1371
78802 1132
78803 1800
78804 1362
78805 313
78806 1308
78807 996
78808 288
78809 642
78810 21
78811 1235
78812 229
78813 1
78814 520
78815 1422
78816 1373
78817 1579
78818 210
78819 389
78820 915
78821 1277
78822 356
78823 926
78824 64
78825 279
78826 1405
78827 1328
78828 399
78829 1186
78830 641
78831 1681
78832 1105
78833 15
78834 949
78835 1473
78836 50
78837 1055
78838 920
78839 583
78840 1463
78841 1796
78842 1798
78843 513
78844 648
78845 517
78846 1774
78847 530
78848 1295
78849 158
78850 1441
78851 1311
78852 139
78853 149
78854 222
78855 469
78856 1377
78857 1062
78858 1914
78859 1264
78860 1805
78861 1607
78862 961
78863 1443
78864 566
78865 287
78866 1635
78867 1438
78868 311
78869 1340
78870 8
78871 679
78872 1728
78873 1017
78874 436
78875 1364
78876 1661
78877 372
78878 735
78879 196
78880 1724
78881 2
78882 970
78883 504
78884 395
78885 573
78886 1906
78887 887
78888 1523
78889 280
78890 593
78891 447
78892 265
78893 279
78894 1665
78895 400
78896 1332
78897 1040
78898 632
78899 1825
78900 1945
78901 1394
78902 1022
78903 513
78904 180
78905 1727
78906 583
78907 186
78908 362
78909 1334
78910 731
78911 94
78912 1473
78913 1465
78914 57
78915 1297
78916 87
78917 1638
78918 373
78919 467
78920 1166
78921 1007
78922 1815
78923 949
78924 1574
78925 1767
78926 122
78927 1913
78928 9
78929 196
78930 1554
78931 1553
78932 1449
78933 221
78934 1318
78935 824
78936 1804
78937 1692
78938 864
78939 1763
78940 822
78941 840
78942 9
78943 781
78944 1107
78945 911
78946 450
78947 840
78948 1258
78949 617
78950 926
78951 186
78952 1064
78953 1134
78954 944
78955 874
78956 308
78957 718
78958 1236
78959 1244
78960 1788
78961 1205
78962 603
78963 1256
78964 1029
78965 583
78966 989
78967 115
78968 202
78969 364
78970 1123
78971 22
78972 547
78973 135
78974 1599
78975 1263
78976 155
78977 867
78978 1142
78979 696
78980 214
78981 1431
78982 988
78983 765
78984 1817
78985 44
78986 4
78987 1773
78988 1183
78989 1224
78990 1374
78991 1712
78992 1042
78993 1609
78994 1182
78995 543
78996 299
78997 1462
78998 1412
78999 1225
79000 944
79001 1380
79002 663
79003 566
79004 160
79005 839
79006 1741
79007 12
79008 789
79009 1548
79010 1123
79011 1505
79012 1264
79013 1208
79014 661
79015 1830
79016 965
79017 177
79018 951
79019 1559
79020 1306
79021 549
79022 605
79023 1070
79024 940
79025 1334
79026 1265
79027 760
79028 911
79029 1606
79030 1288
79031 1356
79032 1614
79033 706
79034 594
79035 1677
79036 321
79037 107
79038 1630
79039 136
79040 1454
79041 1653
79042 1288
79043 1193
79044 1887
79045 1458
79046 609
79047 1667
79048 733
79049 729
79050 1497
79051 246
79052 1782
79053 602
79054 357
79055 1147
79056 1286
79057 1326
79058 1896
79059 1203
79060 427
79061 1687
79062 19
79063 41
79064 1513
79065 1461
79066 1424
79067 1907
79068 405
79069 798
79070 1110
79071 770
79072 1508
79073 519
79074 1645
79075 1541
79076 576
79077 1626
79078 1522
79079 170
79080 67
79081 772
79082 894
79083 575
79084 370
79085 1303
79086 71
79087 1510
79088 377
79089 924
79090 414
79091 1414
79092 1952
79093 829
79094 1554
79095 663
79096 538
79097 1449
79098 1255
79099 1812
79100 272
79101 1525
79102 222
79103 259
79104 108
79105 1754
79106 383
79107 887
79108 678
79109 130
79110 1768
79111 1942
79112 685
79113 1621
79114 242
79115 239
79116 1243
79117 1379
79118 245
79119 1938
79120 1844
79121 1023
79122 736
79123 1663
79124 1346
79125 819
79126 1150
79127 1495
79128 1009
79129 1799
79130 873
79131 256
79132 425
79133 1813
79134 1772
79135 241
79136 1759
79137 1059
79138 1568
79139 444
79140 1896
79141 1834
79142 1466
79143 1934
79144 248
79145 373
79146 924
79147 937
79148 1808
79149 1252
79150 1634
79151 307
79152 1613
79153 1239
79154 321
79155 1849
79156 375
79157 174
79158 1865
79159 1296
79160 136
79161 1714
79162 1194
79163 1516
79164 889
79165 906
79166 514
79167 1444
79168 125
79169 703
79170 469
79171 556
79172 1303
79173 1573
79174 1894
79175 1456
79176 1531
79177 169
79178 1400
79179 1591
79180 1678
79181 1463
79182 953
79183 1523
79184 1817
79185 1691
79186 293
79187 1365
79188 852
79189 56
79190 1783
79191 402
79192 248
79193 1480
79194 24
79195 936
79196 418
79197 1783
79198 251
79199 837
79200 375
79201 588
79202 1456
79203 1577
79204 1346
79205 1035
79206 1164
79207 1304
79208 1971
79209 781
79210 111
79211 635
79212 1765
79213 800
79214 139
79215 804
79216 1800
79217 1905
79218 1665
79219 703
79220 1057
79221 413
79222 1062
79223 1590
79224 309
79225 501
79226 1546
79227 673
79228 522
79229 846
79230 1601
79231 611
79232 1636
79233 1295
79234 1784
79235 450
79236 1202
79237 612
79238 80
79239 1350
79240 1750
79241 236
79242 140
79243 1072
79244 752
79245 168
79246 131
79247 1167
79248 302
79249 540
79250 1451
79251 1371
79252 1744
79253 1157
79254 75
79255 1958
79256 381
79257 615
79258 238
79259 785
79260 1280
79261 1148
79262 965
79263 1270
79264 1503
79265 1299
79266 1687
79267 96
79268 1543
79269 1353
79270 1414
79271 1823
79272 899
79273 1000
79274 168
79275 297
79276 153
79277 1378
79278 1364
79279 496
79280 821
79281 1893
79282 1666
79283 388
79284 139
79285 806
79286 651
79287 311
79288 1194
79289 1931
79290 1484
79291 463
79292 332
79293 1174
79294 440
79295 1250
79296 1724
79297 488
79298 1209
79299 110
79300 237
79301 618
79302 1775
79303 1659
79304 1094
79305 1570
79306 138
79307 1643
79308 1180
79309 1170
79310 516
79311 1842
79312 86
79313 1298
79314 1536
79315 1674
79316 965
79317 743
79318 1725
79319 1305
79320 937
79321 1389
79322 1825
79323 469
79324 672
79325 1727
79326 1352
79327 337
79328 1756
79329 1302
79330 1013
79331 1660
79332 1332
79333 929
79334 636
79335 643
79336 1262
79337 1457
79338 1484
79339 1215
79340 744
79341 278
79342 1635
79343 1630
79344 595
79345 1786
79346 523
79347 297
79348 675
79349 952
79350 107
79351 722
79352 688
79353 1110
79354 1917
79355 990
79356 380
79357 540
79358 645
79359 975
79360 1307
79361 1782
79362 408
79363 818
79364 597
79365 945
79366 1451
79367 196
79368 59
79369 1455
79370 921
79371 1832
79372 428
79373 1912
79374 1040
79375 1919
79376 788
79377 357
79378 492
79379 1815
79380 1012
79381 503
79382 112
79383 121
79384 1746
79385 1583
79386 203
79387 1618
79388 1793
79389 1585
79390 32
79391 885
79392 1755
79393 1342
79394 330
79395 369
79396 1531
79397 721
79398 286
79399 684
79400 755
79401 1473
79402 1215
79403 1217
79404 1216
79405 1716
79406 1404
79407 1197
79408 1350
79409 4
79410 271
79411 1097
79412 981
79413 635
79414 267
79415 101
79416 1965
79417 1319
79418 1397
79419 1210
79420 98
79421 1880
79422 281
79423 1972
79424 1290
79425 1102
79426 1377
79427 1587
79428 403
79429 734
79430 1374
79431 38
79432 846
79433 326
79434 1545
79435 1543
79436 1673
79437 806
79438 1733
79439 1491
79440 96
79441 800
79442 535
79443 657
79444 178
79445 1304
79446 701
79447 1895
79448 498
79449 971
79450 792
79451 12
79452 1374
79453 97
79454 1250
79455 141
79456 433
79457 1208
79458 535
79459 311
79460 517
79461 1960
79462 1983
79463 940
79464 1691
79465 1213
79466 1837
79467 879
79468 884
79469 541
79470 1825
79471 862
79472 879
79473 767
79474 1864
79475 676
79476 1035
79477 711
79478 1964
79479 1403
79480 848
79481 217
79482 745
79483 965
79484 1165
79485 1883
79486 398
79487 1767
79488 791
79489 1946
79490 1427
79491 793
79492 958
79493 3
79494 1615
79495 430
79496 1061
79497 765
79498 1088
79499 616
79500 1272
79501 1411
79502 1764
79503 1087
79504 1795
79505 1693
79506 624
79507 220
79508 1613
79509 179
79510 26
79511 1236
79512 216
79513 1053
79514 1278
79515 967
79516 316
79517 74
79518 168
79519 675
79520 479
79521 1248
79522 1746
79523 556
79524 1070
79525 1195
79526 575
79527 530
79528 888
79529 650
79530 927
79531 330
79532 692
79533 1756
79534 1259
79535 1261
79536 1942
79537 1919
79538 1553
79539 647
79540 1610
79541 675
79542 512
79543 1655
79544 524
79545 152
79546 1527
79547 925
79548 117
79549 1161
79550 491
79551 436
79552 1177
79553 390
79554 1866
79555 550
79556 584
79557 1075
79558 277
79559 1841
79560 1215
79561 619
79562 1419
79563 180
79564 955
79565 321
79566 201
79567 866
79568 460
79569 1332
79570 1884
79571 1310
79572 89
79573 1677
79574 1381
79575 31
79576 830
79577 631
79578 405
79579 490
79580 1816
79581 1166
79582 1466
79583 407
79584 921
79585 376
79586 1911
79587 1879
79588 634
79589 1354
79590 1145
79591 632
79592 847
79593 1032
79594 1070
79595 85
79596 1574
79597 1182
79598 1024
79599 1511
79600 1714
79601 1829
79602 111
79603 170
79604 279
79605 1868
79606 35
79607 1380
79608 860
79609 1160
79610 734
79611 1819
79612 1696
79613 1709
79614 1591
79615 314
79616 22
79617 1016
79618 1217
79619 1004
79620 92
79621 419
79622 1225
79623 1274
79624 1325
79625 1079
79626 420
79627 1882
79628 1160
79629 1735
79630 148
79631 1345
79632 432
79633 26
79634 985
79635 1753
79636 509
79637 677
79638 633
79639 1518
79640 718
79641 717
79642 64
79643 1829
79644 119
79645 292
79646 774
79647 187
79648 608
79649 683
79650 313
79651 1927
79652 1511
79653 1887
79654 352
79655 1115
79656 1957
79657 848
79658 660
79659 868
79660 24
79661 747
79662 1615
79663 149
79664 244
79665 1175
79666 1677
79667 1944
79668 830
79669 1329
79670 228
79671 747
79672 421
79673 618
79674 1595
79675 1475
79676 1536
79677 1535
79678 1881
79679 894
79680 181
79681 595
79682 1315
79683 132
79684 715
79685 942
79686 1955
79687 1142
79688 1616
79689 770
79690 1468
79691 1041
79692 980
79693 1864
79694 465
79695 545
79696 1844
79697 1491
79698 808
79699 1764
79700 1224
79701 167
79702 66
79703 1448
79704 1492
79705 576
79706 1161
79707 1191
79708 1806
79709 604
79710 1337
79711 588
79712 1913
79713 1862
79714 845
79715 788
79716 1798
79717 891
79718 1015
79719 1630
79720 1523
79721 128
79722 1885
79723 1453
79724 1413
79725 784
79726 943
79727 277
79728 1508
79729 51
79730 1795
79731 282
79732 475
79733 1825
79734 52
79735 234
79736 1818
79737 369
79738 1157
79739 1184
79740 1384
79741 1609
79742 191
79743 1475
79744 1675
79745 1296
79746 1255
79747 1512
79748 880
79749 409
79750 1117
79751 331
79752 335
79753 131
79754 1720
79755 1264
79756 1603
79757 1051
79758 23
79759 1198
79760 1822
79761 314
79762 1682
79763 195
79764 785
79765 1111
79766 1678
79767 1638
79768 163
79769 1303
79770 451
79771 1554
79772 1364
79773 1318
79774 1013
79775 1458
79776 1239
79777 1264
79778 1359
79779 1222
79780 390
79781 168
79782 1688
79783 263
79784 210
79785 1755
79786 1296
79787 240
79788 1385
79789 290
79790 1188
79791 1066
79792 669
79793 469
79794 153
79795 919
79796 1145
79797 300
79798 1916
79799 1956
79800 747
79801 785
79802 1175
79803 511
79804 781
79805 596
79806 323
79807 1142
79808 269
79809 1558
79810 905
79811 113
79812 387
79813 489
79814 1174
79815 836
79816 1852
79817 291
79818 712
79819 1913
79820 569
79821 1185
79822 898
79823 680
79824 1949
79825 1866
79826 1629
79827 1189
79828 1058
79829 1695
79830 1152
79831 109
79832 264
79833 1825
79834 1018
79835 171
79836 150
79837 1390
79838 1415
79839 608
79840 855
79841 285
79842 1577
79843 1671
79844 789
79845 976
79846 274
79847 209
79848 859
79849 1543
79850 756
79851 1801
79852 1031
79853 718
79854 1952
79855 1611
79856 443
79857 940
79858 1013
79859 1957
79860 877
79861 473
79862 1385
79863 1957
79864 451
79865 1479
79866 1279
79867 50
79868 981
79869 1811
79870 1118
79871 1536
79872 1566
79873 331
79874 1752
79875 1636
79876 66
79877 1643
79878 753
79879 227
79880 640
79881 489
79882 1332
79883 1404
79884 550
79885 301
79886 1641
79887 1910
79888 397
79889 1823
79890 753
79891 1896
79892 1146
79893 1474
79894 629
79895 1759
79896 1576
79897 1520
79898 1547
79899 388
79900 497
79901 1439
79902 563
79903 311
79904 1822
79905 1412
79906 1501
79907 95
79908 149
79909 1951
79910 1540
79911 598
79912 1945
79913 240
79914 773
79915 939
79916 1766
79917 960
79918 358
79919 1332
79920 1511
79921 568
79922 431
79923 990
79924 1711
79925 649
79926 381
79927 1691
79928 886
79929 1032
79930 1384
79931 1525
79932 1123
79933 1482
79934 659
79935 1183
79936 322
79937 406
79938 1877
79939 1571
79940 1192
79941 235
79942 665
79943 323
79944 263
79945 1850
79946 1398
79947 1694
79948 1146
79949 641
79950 467
79951 1916
79952 1472
79953 1128
79954 1806
79955 1700
79956 1664
79957 1211
79958 1296
79959 1571
79960 162
79961 1345
79962 340
79963 827
79964 1099
79965 848
79966 813
79967 1700
79968 649
79969 1908
79970 512
79971 1768
79972 204
79973 1515
79974 330
79975 1725
79976 1639
79977 1304
79978 1061
79979 1373
79980 529
79981 293
79982 1122
79983 1274
79984 1193
79985 1268
79986 526
79987 305
79988 14
79989 1382
79990 1694
79991 248
79992 1415
79993 1962
79994 166
79995 210
79996 843
79997 485
79998 397
79999 1903
80000 102
80001 502
80002 1493
80003 1669
80004 1330
80005 1600
80006 1359
80007 1275
80008 1181
80009 1552
80010 477
80011 1695
80012 911
80013 1363
80014 1828
80015 1890
80016 113
80017 1208
80018 1234
80019 492
80020 628
80021 1642
80022 1711
80023 182
80024 680
80025 1766
80026 1522
80027 667
80028 1520
80029 961
80030 102
80031 336
80032 858
80033 733
80034 268
80035 129
80036 478
80037 1882
80038 518
80039 877
80040 1953
80041 516
80042 1906
80043 800
80044 48
80045 1775
80046 1147
80047 1366
80048 1764
80049 1607
80050 618
80051 1407
80052 538
80053 582
80054 572
80055 1670
80056 1194
80057 258
80058 669
80059 1277
80060 633
80061 1514
80062 268
80063 698
80064 1001
80065 303
80066 1712
80067 1280
80068 1833
80069 1545
80070 512
80071 936
80072 1186
80073 389
80074 174
80075 1847
80076 1761
80077 1682
80078 1759
80079 585
80080 460
80081 557
80082 1947
80083 1641
80084 1921
80085 1126
80086 1823
80087 60
80088 1932
80089 538
80090 1157
80091 1172
80092 348
80093 1763
80094 540
80095 1555
80096 809
80097 1034
80098 1358
80099 740
80100 661
80101 890
80102 470
80103 255
80104 541
80105 1468
80106 1201
80107 47
80108 1839
80109 1642
80110 1082
80111 1600
80112 790
80113 100
80114 872
80115 18
80116 1769
80117 387
80118 1944
80119 626
80120 833
80121 1586
80122 1777
80123 261
80124 509
80125 350
80126 1585
80127 405
80128 1919
80129 1543
80130 758
80131 1059
80132 890
80133 1671
80134 1229
80135 1084
80136 1174
80137 1166
80138 950
80139 573
80140 128
80141 1140
80142 1596
80143 1654
80144 317
80145 220
80146 1179
80147 1313
80148 47
80149 1841
80150 13
80151 1247
80152 1674
80153 782
80154 1548
80155 511
80156 2
80157 1081
80158 1188
80159 1973
80160 1247
80161 300
80162 1298
80163 1365
80164 957
80165 1525
80166 180
80167 1862
80168 1449
80169 924
80170 1855
80171 1866
80172 501
80173 1560
80174 310
80175 15
80176 1422
80177 782
80178 1495
80179 1681
80180 1348
80181 285
80182 1896
80183 1385
80184 1308
80185 869
80186 1565
80187 386
80188 639
80189 443
80190 1582
80191 421
80192 527
80193 1776
80194 851
80195 933
80196 1409
80197 969
80198 304
80199 134
80200 250
80201 707
80202 1471
80203 18
80204 378
80205 1958
80206 854
80207 909
80208 328
80209 1425
80210 235
80211 918
80212 485
80213 265
80214 1394
80215 1418
80216 1519
80217 978
80218 1441
80219 1508
80220 329
80221 750
80222 1141
80223 1289
80224 1816
80225 1174
80226 1795
80227 1943
80228 541
80229 1930
80230 1426
80231 44
80232 465
80233 810
80234 476
80235 847
80236 1972
80237 1640
80238 990
80239 139
80240 224
80241 1461
80242 1134
80243 1818
80244 1427
80245 1467
80246 1739
80247 882
80248 596
80249 694
80250 1123
80251 107
80252 1254
80253 1703
80254 1755
80255 1838
80256 335
80257 187
80258 746
80259 305
80260 1134
80261 1818
80262 130
80263 528
80264 1189
80265 1978
80266 1599
80267 1908
80268 975
80269 1274
80270 1276
80271 468
80272 1635
80273 1012
80274 613
80275 299
80276 1044
80277 1277
80278 1940
80279 76
80280 1933
80281 1544
80282 1513
80283 401
80284 1220
80285 375
80286 1886
80287 1226
80288 684
80289 1097
80290 993
80291 500
80292 457
80293 1060
80294 243
80295 1709
80296 816
80297 1866
80298 1974
80299 1018
80300 1715
80301 132
80302 887
80303 1899
80304 235
80305 467
80306 359
80307 1869
80308 1901
80309 430
80310 696
80311 126
80312 889
80313 86
80314 898
80315 1928
80316 1501
80317 248
80318 1445
80319 1734
80320 1056
80321 75
80322 186
80323 1248
80324 952
80325 1316
80326 1004
80327 569
80328 1544
80329 77
80330 1629
80331 845
80332 1242
80333 1179
80334 1360
80335 1245
80336 1221
80337 983
80338 347
80339 338
80340 1573
80341 111
80342 219
80343 472
80344 1927
80345 1067
80346 1489
80347 824
80348 1170
80349 566
80350 637
80351 129
80352 232
80353 287
80354 478
80355 487
80356 1027
80357 242
80358 256
80359 1641
80360 1200
80361 1032
80362 890
80363 94
80364 1313
80365 223
80366 42
80367 1790
80368 40
80369 1000
80370 1854
80371 1440
80372 556
80373 264
80374 1917
80375 30
80376 570
80377 361
80378 218
80379 1501
80380 1728
80381 785
80382 1814
80383 1062
80384 1773
80385 1517
80386 183
80387 1124
80388 564
80389 165
80390 725
80391 968
80392 1924
80393 1640
80394 487
80395 1006
80396 842
80397 1776
80398 1859
80399 1027
80400 1850
80401 340
80402 1773
80403 427
80404 961
80405 694
80406 216
80407 266
80408 1003
80409 737
80410 723
80411 963
80412 1005
80413 1631
80414 143
80415 916
80416 1588
80417 25
80418 1211
80419 763
80420 1491
80421 1866
80422 512
80423 1361
80424 1101
80425 523
80426 1780
80427 423
80428 1601
80429 1
80430 1595
80431 945
80432 1609
80433 1464
80434 307
80435 486
80436 177
80437 1810
80438 1263
80439 872
80440 1691
80441 799
80442 327
80443 327
80444 1227
80445 922
80446 1019
80447 1940
80448 1140
80449 96
80450 918
80451 1151
80452 1469
80453 1959
80454 1268
80455 1444
80456 1613
80457 828
80458 533
80459 1320
80460 799
80461 975
80462 430
80463 1841
80464 405
80465 1835
80466 1437
80467 1030
80468 1736
80469 1475
80470 1661
80471 104
80472 994
80473 1257
80474 1833
80475 1014
80476 1592
80477 481
80478 1707
80479 741
80480 1462
80481 1409
80482 1200
80483 1111
80484 909
80485 758
80486 1803
80487 15
80488 987
80489 1644
80490 1229
80491 1152
80492 465
80493 1016
80494 922
80495 1725
80496 775
80497 1052
80498 619
80499 806
80500 1824
80501 436
80502 1084
80503 198
80504 358
80505 1414
80506 1802
80507 1553
80508 1610
80509 1831
80510 449
80511 927
80512 1259
80513 897
80514 1209
80515 681
80516 920
80517 566
80518 974
80519 1282
80520 290
80521 1818
80522 617
80523 1303
80524 1706
80525 304
80526 323
80527 169
80528 1596
80529 1666
80530 479
80531 1253
80532 1676
80533 1327
80534 1660
80535 431
80536 221
80537 1734
80538 240
80539 333
80540 1284
80541 112
80542 46
80543 960
80544 129
80545 217
80546 1086
80547 1056
80548 1061
80549 1222
80550 1363
80551 1593
80552 1580
80553 126
80554 1850
80555 1873
80556 341
80557 282
80558 1763
80559 1376
80560 603
80561 1349
80562 811
80563 738
80564 320
80565 1150
80566 1187
80567 1192
80568 1915
80569 501
80570 1259
80571 431
80572 1113
80573 406
80574 601
80575 1973
80576 761
80577 1142
80578 1700
80579 1973
80580 328
80581 1416
80582 84
80583 1484
80584 777
80585 374
80586 1253
80587 1471
80588 1133
80589 1558
80590 1451
80591 72
80592 852
80593 1849
80594 834
80595 229
80596 864
80597 1606
80598 263
80599 759
80600 1804
80601 250
80602 1622
80603 377
80604 876
80605 1529
80606 619
80607 1186
80608 1527
80609 614
80610 533
80611 774
80612 139
80613 239
80614 497
80615 82
80616 701
80617 113
80618 609
80619 1253
80620 1446
80621 920
80622 1549
80623 368
80624 700
80625 811
80626 1033
80627 1260
80628 1100
80629 1856
80630 886
80631 238
80632 1905
80633 515
80634 766
80635 157
80636 165
80637 912
80638 582
80639 527
80640 1434
80641 1488
80642 1270
80643 1036
80644 1744
80645 351
80646 1273
80647 978
80648 1585
80649 344
80650 1541
80651 1158
80652 1245
80653 1913
80654 169
80655 1710
80656 189
80657 609
80658 1239
80659 800
80660 276
80661 1450
80662 1507
80663 684
80664 830
80665 654
80666 333
80667 709
80668 1223
80669 1616
80670 18
80671 1944
80672 542
80673 1233
80674 1345
80675 477
80676 790
80677 330
80678 1644
80679 1583
80680 359
80681 1947
80682 139
80683 1210
80684 94
80685 870
80686 89
80687 1183
80688 813
80689 1381
80690 1732
80691 1055
80692 15
80693 172
80694 604
80695 1643
80696 70
80697 1903
80698 857
80699 1354
80700 931
80701 46
80702 991
80703 164
80704 190
80705 1522
80706 1867
80707 1543
80708 1553
80709 1784
80710 279
80711 1825
80712 1642
80713 1710
80714 1091
80715 1185
80716 1574
80717 340
80718 914
80719 961
80720 1390
80721 698
80722 1596
80723 1364
80724 891
80725 573
80726 548
80727 1380
80728 1411
80729 903
80730 1344
80731 1050
80732 39
80733 1525
80734 1115
80735 1923
80736 526
80737 1821
80738 1740
80739 1127
80740 633
80741 1289
80742 1063
80743 814
80744 659
80745 156
80746 1397
80747 489
80748 175
80749 591
80750 1353
80751 329
80752 1464
80753 1873
80754 1340
80755 1531
80756 792
80757 1052
80758 387
80759 735
80760 792
80761 207
80762 442
80763 1537
80764 1148
80765 376
80766 837
80767 534
80768 1354
80769 956
80770 114
80771 212
80772 1312
80773 866
80774 1174
80775 1735
80776 1156
80777 1008
80778 201
80779 710
80780 1615
80781 528
80782 64
80783 557
80784 611
80785 1319
80786 272
80787 1101
80788 1518
80789 1203
80790 1157
80791 1492
80792 154
80793 1148
80794 96
80795 893
80796 142
80797 391
80798 365
80799 1045
80800 1294
80801 1350
80802 1189
80803 1677
80804 1850
80805 85
80806 1298
80807 255
80808 1616
80809 1884
80810 882
80811 793
80812 439
80813 251
80814 501
80815 609
80816 1052
80817 656
80818 341
80819 134
80820 865
80821 1344
80822 1522
80823 1012
80824 1868
80825 1574
80826 1326
80827 13
80828 1006
80829 1390
80830 1532
80831 621
80832 1745
80833 778
80834 1210
80835 1969
80836 834
80837 193
80838 515
80839 715
80840 832
80841 1311
80842 270
80843 1135
80844 555
80845 1207
80846 28
80847 1648
80848 1819
80849 1225
80850 1238
80851 1427
80852 1734
80853 68
80854 113
80855 715
80856 658
80857 1643
80858 553
80859 159
80860 244
80861 243
80862 1662
80863 1714
80864 224
80865 1353
80866 700
80867 1099
80868 96
80869 1932
80870 993
80871 1072
80872 502
80873 176
80874 1420
80875 293
80876 527
80877 242
80878 1260
80879 632
80880 745
80881 1826
80882 1662
80883 1088
80884 1376
80885 634
80886 1636
80887 667
80888 1254
80889 1474
80890 1898
80891 905
80892 722
80893 1531
80894 1959
80895 546
80896 1171
80897 742
80898 1800
80899 951
80900 1073
80901 661
80902 1053
80903 292
80904 192
80905 797
80906 706
80907 931
80908 1035
80909 128
80910 857
80911 1318
80912 73
80913 270
80914 599
80915 1712
80916 44
80917 419
80918 1503
80919 1580
80920 1649
80921 32
80922 35
80923 619
80924 1871
80925 176
80926 969
80927 594
80928 122
80929 1122
80930 1613
80931 1067
80932 221
80933 1435
80934 57
80935 566
80936 1418
80937 217
80938 653
80939 375
80940 504
80941 1577
80942 820
80943 335
80944 104
80945 378
80946 483
80947 1885
80948 1250
80949 1983
80950 832
80951 414
80952 455
80953 1228
80954 145
80955 554
80956 608
80957 189
80958 1865
80959 314
80960 868
80961 1267
80962 171
80963 1067
80964 1052
80965 1182
80966 1541
80967 206
80968 463
80969 505
80970 1261
80971 1215
80972 540
80973 117
80974 483
80975 1381
80976 1739
80977 1087
80978 850
80979 175
80980 1499
80981 983
80982 1010
80983 1010
80984 85
80985 370
80986 1644
80987 776
80988 1792
80989 1778
80990 1832
80991 1013
80992 914
80993 910
80994 1134
80995 1433
80996 1557
80997 1898
80998 288
80999 493
81000 296
81001 1837
81002 659
81003 1277
81004 972
81005 1
81006 495
81007 1020
81008 332
81009 296
81010 650
81011 906
81012 129
81013 1618
81014 1616
81015 1426
81016 405
81017 425
81018 918
81019 888
81020 967
81021 1775
81022 1822
81023 333
81024 908
81025 1309
81026 213
81027 1755
81028 1019
81029 227
81030 1730
81031 1256
81032 166
81033 888
81034 1238
81035 1513
81036 1737
81037 1832
81038 411
81039 1399
81040 1475
81041 1180
81042 32
81043 632
81044 51
81045 953
81046 950
81047 1112
81048 1645
81049 54
81050 857
81051 1794
81052 173
81053 959
81054 678
81055 1728
81056 117
81057 825
81058 1049
81059 492
81060 961
81061 452
81062 951
81063 782
81064 668
81065 1127
81066 539
81067 549
81068 594
81069 300
81070 1256
81071 1022
81072 566
81073 966
81074 1009
81075 1510
81076 242
81077 1974
81078 240
81079 390
81080 1779
81081 1517
81082 134
81083 1298
81084 1815
81085 1770
81086 460
81087 1293
81088 1429
81089 227
81090 787
81091 1541
81092 1661
81093 1607
81094 1438
81095 1571
81096 845
81097 421
81098 270
81099 1087
81100 1066
81101 1732
81102 1073
81103 1039
81104 724
81105 1795
81106 1935
81107 449
81108 955
81109 1214
81110 574
81111 833
81112 68
81113 62
81114 176
81115 1355
81116 462
81117 830
81118 824
81119 1075
81120 1218
81121 1765
81122 1550
81123 1238
81124 1525
81125 372
81126 324
81127 17
81128 253
81129 252
81130 426
81131 462
81132 384
81133 346
81134 1183
81135 1958
81136 910
81137 1286
81138 1063
81139 1474
81140 601
81141 162
81142 281
81143 279
81144 1427
81145 1054
81146 789
81147 1260
81148 356
81149 1429
81150 87
81151 1685
81152 271
81153 448
81154 1056
81155 47
81156 1331
81157 1713
81158 1034
81159 409
81160 943
81161 1315
81162 506
81163 236
81164 641
81165 1486
81166 121
81167 673
81168 113
81169 498
81170 1095
81171 877
81172 1139
81173 1342
81174 1196
81175 309
81176 258
81177 1746
81178 653
81179 1634
81180 27
81181 1344
81182 784
81183 1209
81184 1396
81185 385
81186 1608
81187 1850
81188 1192
81189 1410
81190 1778
81191 1
81192 437
81193 31
81194 1737
81195 1392
81196 1388
81197 1573
81198 1475
81199 1444
81200 161
81201 1928
81202 1237
81203 1753
81204 1763
81205 203
81206 1606
81207 576
81208 996
81209 636
81210 1808
81211 1451
81212 1302
81213 1068
81214 1247
81215 856
81216 305
81217 1233
81218 742
81219 1229
81220 90
81221 144
81222 1267
81223 605
81224 220
81225 1109
81226 1729
81227 1317
81228 113
81229 1722
81230 1343
81231 71
81232 726
81233 1602
81234 833
81235 1934
81236 1341
81237 881
81238 55
81239 1464
81240 1768
81241 450
81242 656
81243 1560
81244 1216
81245 1204
81246 1622
81247 1637
81248 1769
81249 1355
81250 1273
81251 138
81252 1496
81253 1204
81254 1038
81255 156
81256 489
81257 45
81258 1954
81259 1157
81260 7
81261 942
81262 1611
81263 1275
81264 90
81265 519
81266 764
81267 1691
81268 473
81269 873
81270 866
81271 1488
81272 1351
81273 336
81274 19
81275 701
81276 387
81277 1840
81278 256
81279 1044
81280 457
81281 1290
81282 893
81283 618
81284 1314
81285 44
81286 1168
81287 742
81288 24
81289 1741
81290 1184
81291 656
81292 372
81293 716
81294 1322
81295 403
81296 1630
81297 1878
81298 1283
81299 1127
81300 1388
81301 689
81302 1083
81303 793
81304 1153
81305 118
81306 1790
81307 1460
81308 68
81309 311
81310 1395
81311 112
81312 254
81313 394
81314 73
81315 1331
81316 1092
81317 1837
81318 1942
81319 386
81320 1750
81321 1502
81322 1421
81323 1571
81324 674
81325 762
81326 1620
81327 348
81328 970
81329 1423
81330 1498
81331 1400
81332 101
81333 1453
81334 1540
81335 443
81336 540
81337 691
81338 1608
81339 1577
81340 595
81341 696
81342 1697
81343 844
81344 120
81345 1745
81346 666
81347 328
81348 1551
81349 1241
81350 1216
81351 396
81352 858
81353 1077
81354 1799
81355 452
81356 1116
81357 173
81358 1082
81359 682
81360 1802
81361 155
81362 78
81363 1667
81364 409
81365 1901
81366 1044
81367 1611
81368 1104
81369 1537
81370 226
81371 1732
81372 278
81373 1872
81374 971
81375 1510
81376 1541
81377 1076
81378 200
81379 257
81380 446
81381 609
81382 663
81383 1175
81384 1846
81385 641
81386 1066
81387 21
81388 1951
81389 536
81390 836
81391 769
81392 587
81393 1853
81394 22
81395 186
81396 313
81397 1415
81398 1981
81399 1190
81400 297
81401 486
81402 681
81403 977
81404 1917
81405 1960
81406 946
81407 1684
81408 587
81409 793
81410 1971
81411 100
81412 576
81413 595
81414 1331
81415 388
81416 1596
81417 1905
81418 1101
81419 544
81420 1723
81421 963
81422 1157
81423 691
81424 1331
81425 252
81426 814
81427 789
81428 1826
81429 1469
81430 1585
81431 760
81432 1125
81433 664
81434 1831
81435 1442
81436 530
81437 344
81438 443
81439 707
81440 1699
81441 1322
81442 1969
81443 207
81444 1446
81445 1020
81446 1430
81447 84
81448 44
81449 747
81450 300
81451 385
81452 1153
81453 777
81454 287
81455 88
81456 292
81457 927
81458 1616
81459 1802
81460 482
81461 1703
81462 1689
81463 482
81464 1701
81465 122
81466 1280
81467 74
81468 1101
81469 154
81470 1152
81471 440
81472 684
81473 406
81474 1480
81475 1814
81476 1123
81477 783
81478 1804
81479 148
81480 558
81481 540
81482 796
81483 691
81484 1011
81485 1221
81486 1798
81487 1928
81488 85
81489 186
81490 375
81491 327
81492 237
81493 1699
81494 732
81495 1364
81496 468
81497 1803
81498 1194
81499 627
81500 286
81501 1948
81502 105
81503 1053
81504 1811
81505 726
81506 1646
81507 1260
81508 434
81509 241
81510 1245
81511 493
81512 1893
81513 154
81514 1204
81515 1218
81516 620
81517 787
81518 654
81519 569
81520 1453
81521 1122
81522 1086
81523 18
81524 1723
81525 553
81526 1392
81527 805
81528 1234
81529 1677
81530 1783
81531 1124
81532 905
81533 252
81534 809
81535 618
81536 653
81537 1888
81538 1330
81539 989
81540 1162
81541 741
81542 65
81543 238
81544 1576
81545 1964
81546 1017
81547 239
81548 1272
81549 698
81550 808
81551 1341
81552 1393
81553 969
81554 1092
81555 1495
81556 1575
81557 296
81558 1595
81559 822
81560 618
81561 1625
81562 1206
81563 1238
81564 21
81565 1265
81566 1328
81567 1315
81568 603
81569 1173
81570 124
81571 248
81572 877
81573 831
81574 929
81575 634
81576 815
81577 1720
81578 320
81579 836
81580 1757
81581 1094
81582 158
81583 967
81584 1414
81585 52
81586 120
81587 1083
81588 1234
81589 638
81590 232
81591 1883
81592 910
81593 1543
81594 443
81595 424
81596 1878
81597 545
81598 1464
81599 1924
81600 1022
81601 359
81602 553
81603 625
81604 1128
81605 1821
81606 1083
81607 1346
81608 1282
81609 362
81610 494
81611 1227
81612 684
81613 1586
81614 638
81615 799
81616 1934
81617 777
81618 569
81619 827
81620 496
81621 1755
81622 1886
81623 1158
81624 795
81625 420
81626 169
81627 1714
81628 851
81629 827
81630 556
81631 1462
81632 124
81633 171
81634 461
81635 1217
81636 1033
81637 1250
81638 463
81639 398
81640 1920
81641 843
81642 996
81643 1086
81644 1143
81645 899
81646 1437
81647 887
81648 1450
81649 1079
81650 39
81651 128
81652 1044
81653 17
81654 177
81655 1616
81656 571
81657 1354
81658 1603
81659 1612
81660 1754
81661 285
81662 427
81663 206
81664 270
81665 272
81666 561
81667 1416
81668 331
81669 788
81670 899
81671 316
81672 948
81673 446
81674 1306
81675 335
81676 816
81677 1579
81678 956
81679 1591
81680 1124
81681 538
81682 616
81683 1642
81684 551
81685 1684
81686 461
81687 1164
81688 548
81689 1211
81690 581
81691 1129
81692 1031
81693 1263
81694 375
81695 493
81696 1684
81697 338
81698 247
81699 799
81700 962
81701 1664
81702 1142
81703 858
81704 670
81705 205
81706 1419
81707 461
81708 1914
81709 1504
81710 1430
81711 1268
81712 367
81713 1502
81714 1717
81715 1838
81716 792
81717 1755
81718 139
81719 1863
81720 208
81721 986
81722 1434
81723 626
81724 1215
81725 1031
81726 1505
81727 1304
81728 1246
81729 138
81730 764
81731 795
81732 1880
81733 1150
81734 1529
81735 1051
81736 768
81737 891
81738 1328
81739 1583
81740 1685
81741 1235
81742 1700
81743 1423
81744 778
81745 1220
81746 1530
81747 1661
81748 1386
81749 825
81750 365
81751 13
81752 1381
81753 1011
81754 1845
81755 763
81756 188
81757 92
81758 1301
81759 1382
81760 1524
81761 118
81762 229
81763 1803
81764 1589
81765 1848
81766 1391
81767 890
81768 1862
81769 1070
81770 1698
81771 684
81772 994
81773 1751
81774 157
81775 21
81776 1471
81777 1280
81778 816
81779 306
81780 711
81781 1256
81782 34
81783 862
81784 1100
81785 1125
81786 1831
81787 557
81788 449
81789 570
81790 572
81791 172
81792 33
81793 69
81794 1293
81795 670
81796 923
81797 316
81798 959
81799 363
81800 570
81801 69
81802 770
81803 1660
81804 1427
81805 1401
81806 614
81807 1765
81808 1429
81809 1717
81810 84
81811 1087
81812 340
81813 434
81814 279
81815 201
81816 986
81817 541
81818 1839
81819 1378
81820 526
81821 1188
81822 905
81823 1183
81824 1684
81825 1104
81826 1128
81827 202
81828 440
81829 637
81830 1902
81831 1945
81832 249
81833 1029
81834 1474
81835 26
81836 701
81837 1430
81838 198
81839 1866
81840 1174
81841 1951
81842 361
81843 273
81844 1169
81845 1028
81846 1253
81847 1434
81848 763
81849 1068
81850 1705
81851 1901
81852 1418
81853 1725
81854 528
81855 116
81856 1828
81857 1039
81858 454
81859 773
81860 838
81861 986
81862 736
81863 712
81864 742
81865 750
81866 713
81867 62
81868 1461
81869 276
81870 400
81871 976
81872 393
81873 1973
81874 1027
81875 15
81876 1323
81877 610
81878 153
81879 1885
81880 781
81881 230
81882 398
81883 31
81884 494
81885 1515
81886 1863
81887 1778
81888 1819
81889 1810
81890 1433
81891 499
81892 196
81893 1581
81894 1391
81895 1261
81896 103
81897 1649
81898 375
81899 1766
81900 389
81901 45
81902 406
81903 1091
81904 1432
81905 1105
81906 836
81907 453
81908 510
81909 793
81910 1246
81911 607
81912 548
81913 160
81914 180
81915 407
81916 748
81917 470
81918 545
81919 696
81920 1131
81921 339
81922 974
81923 337
81924 1581
81925 1306
81926 962
81927 1256
81928 709
81929 591
81930 324
81931 1488
81932 1808
81933 668
81934 834
81935 1487
81936 124
81937 213
81938 571
81939 1791
81940 1693
81941 1973
81942 1577
81943 56
81944 1059
81945 628
81946 832
81947 829
81948 469
81949 741
81950 426
81951 651
81952 505
81953 206
81954 1451
81955 427
81956 483
81957 821
81958 435
81959 884
81960 601
81961 1353
81962 518
81963 192
81964 558
81965 1305
81966 1959
81967 1305
81968 1223
81969 563
81970 478
81971 1105
81972 178
81973 1341
81974 651
81975 54
81976 1827
81977 196
81978 600
81979 1489
81980 1396
81981 1695
81982 520
81983 1776
81984 164
81985 754
81986 1290
81987 92
81988 75
81989 1040
81990 341
81991 1297
81992 1684
81993 580
81994 674
81995 345
81996 1850
81997 1737
81998 792
81999 1435
82000 1973
82001 943
82002 135
82003 1400
82004 1880
82005 872
82006 826
82007 433
82008 1122
82009 1524
82010 82
82011 1783
82012 32
82013 1518
82014 751
82015 275
82016 1810
82017 29
82018 1743
82019 1042
82020 21
82021 1773
82022 856
82023 309
82024 658
82025 1367
82026 119
82027 1466
82028 1170
82029 1042
82030 1859
82031 1353
82032 145
82033 1403
82034 1835
82035 1692
82036 1075
82037 134
82038 1427
82039 1133
82040 1573
82041 550
82042 1611
82043 438
82044 669
82045 1801
82046 1086
82047 581
82048 748
82049 1771
82050 1828
82051 1225
82052 53
82053 344
82054 269
82055 805
82056 1138
82057 971
82058 1246
82059 524
82060 106
82061 588
82062 1145
82063 1809
82064 467
82065 727
82066 249
82067 1960
82068 704
82069 106
82070 1699
82071 1837
82072 694
82073 1118
82074 274
82075 22
82076 686
82077 1187
82078 1082
82079 1861
82080 707
82081 210
82082 1664
82083 292
82084 1440
82085 137
82086 1190
82087 808
82088 1111
82089 245
82090 1307
82091 619
82092 556
82093 525
82094 608
82095 1428
82096 485
82097 698
82098 462
82099 762
82100 1522
82101 307
82102 676
82103 1595
82104 1260
82105 155
82106 1753
82107 350
82108 229
82109 1523
82110 724
82111 1674
82112 1058
82113 1418
82114 562
82115 620
82116 298
82117 426
82118 38
82119 1320
82120 1544
82121 1199
82122 796
82123 902
82124 1584
82125 365
82126 782
82127 1955
82128 1889
82129 1214
82130 1260
82131 1888
82132 68
82133 872
82134 218
82135 583
82136 376
82137 779
82138 1122
82139 1259
82140 1453
82141 99
82142 326
82143 36
82144 256
82145 1723
82146 970
82147 1540
82148 900
82149 1007
82150 38
82151 574
82152 1917
82153 237
82154 509
82155 400
82156 1157
82157 980
82158 1570
82159 1419
82160 106
82161 728
82162 423
82163 482
82164 473
82165 37
82166 1544
82167 891
82168 827
82169 1737
82170 618
82171 1882
82172 1788
82173 488
82174 1043
82175 471
82176 903
82177 1227
82178 53
82179 669
82180 724
82181 1355
82182 1228
82183 905
82184 761
82185 534
82186 553
82187 1598
82188 1865
82189 158
82190 61
82191 1458
82192 375
82193 1338
82194 1797
82195 1669
82196 306
82197 380
82198 1464
82199 690
82200 18
82201 1181
82202 1487
82203 862
82204 1607
82205 37
82206 1176
82207 1528
82208 1070
82209 837
82210 180
82211 1300
82212 332
82213 1855
82214 475
82215 869
82216 1365
82217 865
82218 716
82219 84
82220 1958
82221 1446
82222 377
82223 34
82224 1640
82225 985
82226 1727
82227 1509
82228 1408
82229 1241
82230 1029
82231 1117
82232 1557
82233 1025
82234 297
82235 388
82236 1542
82237 223
82238 1170
82239 1520
82240 1351
82241 857
82242 1791
82243 1220
82244 302
82245 618
82246 1279
82247 65
82248 134
82249 1595
82250 384
82251 325
82252 909
82253 563
82254 1659
82255 1534
82256 1879
82257 1852
82258 1230
82259 582
82260 1492
82261 1275
82262 1044
82263 593
82264 955
82265 1391
82266 822
82267 732
82268 819
82269 1364
82270 16
82271 1301
82272 1159
82273 165
82274 470
82275 1846
82276 803
82277 1129
82278 1630
82279 1557
82280 759
82281 1054
82282 929
82283 609
82284 821
82285 579
82286 1094
82287 1238
82288 97
82289 285
82290 1936
82291 814
82292 256
82293 1176
82294 990
82295 1008
82296 786
82297 135
82298 1335
82299 853
82300 1789
82301 1736
82302 1144
82303 1566
82304 626
82305 132
82306 490
82307 1172
82308 394
82309 1003
82310 256
82311 1016
82312 481
82313 604
82314 1679
82315 1217
82316 1806
82317 824
82318 1635
82319 1713
82320 1769
82321 68
82322 735
82323 1424
82324 981
82325 160
82326 85
82327 1774
82328 259
82329 493
82330 1586
82331 646
82332 479
82333 1104
82334 1182
82335 1289
82336 334
82337 1627
82338 1352
82339 736
82340 1565
82341 83
82342 298
82343 561
82344 327
82345 39
82346 1128
82347 1826
82348 1280
82349 299
82350 1046
82351 1384
82352 1518
82353 694
82354 245
82355 1287
82356 480
82357 1066
82358 1287
82359 724
82360 1382
82361 1614
82362 89
82363 1259
82364 1760
82365 864
82366 15
82367 105
82368 1972
82369 1905
82370 1918
82371 1089
82372 1887
82373 1212
82374 353
82375 1710
82376 1916
82377 1367
82378 51
82379 52
82380 1043
82381 505
82382 21
82383 1282
82384 1011
82385 1802
82386 1682
82387 796
82388 814
82389 500
82390 1422
82391 1336
82392 1581
82393 319
82394 1079
82395 1662
82396 1465
82397 125
82398 817
82399 1275
82400 1137
82401 283
82402 1925
82403 640
82404 501
82405 1080
82406 274
82407 344
82408 289
82409 806
82410 722
82411 676
82412 267
82413 1143
82414 402
82415 258
82416 679
82417 1754
82418 1212
82419 632
82420 1227
82421 1152
82422 1368
82423 241
82424 1187
82425 1919
82426 1403
82427 1477
82428 1415
82429 449
82430 1254
82431 4
82432 1064
82433 298
82434 1841
82435 1607
82436 591
82437 1595
82438 1522
82439 484
82440 1295
82441 1919
82442 402
82443 617
82444 1536
82445 303
82446 20
82447 325
82448 1301
82449 1716
82450 866
82451 893
82452 408
82453 1144
82454 432
82455 1444
82456 1086
82457 1476
82458 1611
82459 1271
82460 1403
82461 1674
82462 799
82463 151
82464 468
82465 1617
82466 500
82467 1811
82468 506
82469 1941
82470 891
82471 1286
82472 1673
82473 260
82474 584
82475 164
82476 1786
82477 109
82478 726
82479 774
82480 946
82481 633
82482 943
82483 534
82484 1718
82485 1239
82486 1804
82487 1699
82488 893
82489 1730
82490 1652
82491 285
82492 1888
82493 1754
82494 1589
82495 736
82496 453
82497 1761
82498 850
82499 874
82500 129
82501 736
82502 1456
82503 569
82504 1268
82505 397
82506 1838
82507 372
82508 755
82509 1663
82510 616
82511 1808
82512 1273
82513 451
82514 335
82515 347
82516 445
82517 1758
82518 266
82519 965
82520 415
82521 862
82522 1786
82523 1290
82524 1372
82525 281
82526 337
82527 1382
82528 357
82529 1091
82530 277
82531 872
82532 663
82533 1820
82534 1808
82535 1898
82536 1481
82537 1212
82538 1882
82539 1159
82540 990
82541 1594
82542 667
82543 235
82544 600
82545 1352
82546 270
82547 255
82548 690
82549 240
82550 687
82551 1530
82552 1983
82553 1274
82554 1061
82555 1834
82556 123
82557 545
82558 1679
82559 1851
82560 782
82561 1802
82562 1255
82563 995
82564 1112
82565 1372
82566 1680
82567 1784
82568 508
82569 109
82570 1384
82571 1781
82572 1528
82573 625
82574 1048
82575 1798
82576 1287
82577 1599
82578 484
82579 295
82580 388
82581 520
82582 1504
82583 1240
82584 1597
82585 914
82586 1018
82587 227
82588 1168
82589 347
82590 790
82591 503
82592 388
82593 655
82594 730
82595 950
82596 844
82597 1373
82598 1497
82599 1580
82600 1204
82601 398
82602 352
82603 694
82604 4
82605 211
82606 29
82607 1794
82608 751
82609 849
82610 206
82611 879
82612 1183
82613 1946
82614 1160
82615 1138
82616 1696
82617 1787
82618 681
82619 23
82620 1083
82621 966
82622 150
82623 887
82624 839
82625 1446
82626 1271
82627 263
82628 1175
82629 378
82630 334
82631 1941
82632 1959
82633 1967
82634 745
82635 792
82636 1243
82637 417
82638 93
82639 1979
82640 1648
82641 87
82642 207
82643 313
82644 1438
82645 1214
82646 553
82647 53
82648 1596
82649 1226
82650 147
82651 59
82652 270
82653 669
82654 1211
82655 1072
82656 1832
82657 1961
82658 1449
82659 710
82660 1397
82661 804
82662 442
82663 1395
82664 1737
82665 369
82666 570
82667 1452
82668 1625
82669 501
82670 1697
82671 1695
82672 809
82673 640
82674 1303
82675 296
82676 776
82677 1658
82678 54
82679 660
82680 1514
82681 1541
82682 157
82683 862
82684 948
82685 1976
82686 124
82687 453
82688 1214
82689 1308
82690 460
82691 1926
82692 1160
82693 255
82694 1884
82695 834
82696 1405
82697 570
82698 1952
82699 794
82700 164
82701 312
82702 991
82703 936
82704 1182
82705 467
82706 1903
82707 1194
82708 1490
82709 366
82710 1243
82711 713
82712 1484
82713 615
82714 559
82715 255
82716 319
82717 1505
82718 1645
82719 1780
82720 601
82721 507
82722 1857
82723 1387
82724 389
82725 316
82726 1556
82727 957
82728 632
82729 1395
82730 1419
82731 1631
82732 827
82733 823
82734 1199
82735 1208
82736 1016
82737 1714
82738 1075
82739 286
82740 621
82741 1980
82742 419
82743 1694
82744 1971
82745 852
82746 288
82747 1729
82748 737
82749 1531
82750 520
82751 1827
82752 926
82753 1908
82754 292
82755 237
82756 1634
82757 1560
82758 382
82759 1020
82760 1609
82761 1102
82762 873
82763 902
82764 1489
82765 193
82766 1828
82767 1832
82768 1057
82769 1786
82770 527
82771 1220
82772 1554
82773 672
82774 1976
82775 1028
82776 1955
82777 220
82778 797
82779 1097
82780 878
82781 1370
82782 216
82783 733
82784 1253
82785 1030
82786 622
82787 36
82788 705
82789 1813
82790 1400
82791 1217
82792 293
82793 1707
82794 1427
82795 1518
82796 926
82797 755
82798 1533
82799 1729
82800 1314
82801 211
82802 691
82803 521
82804 19
82805 1888
82806 1172
82807 1176
82808 1085
82809 1214
82810 990
82811 348
82812 1165
82813 471
82814 853
82815 789
82816 880
82817 1131
82818 745
82819 610
82820 1826
82821 1845
82822 718
82823 961
82824 274
82825 1545
82826 1669
82827 1613
82828 1800
82829 783
82830 440
82831 788
82832 294
82833 498
82834 779
82835 1049
82836 133
82837 1435
82838 186
82839 1669
82840 1235
82841 1015
82842 431
82843 1013
82844 617
82845 1577
82846 1387
82847 1360
82848 1352
82849 340
82850 1106
82851 1085
82852 1609
82853 577
82854 63
82855 1310
82856 1840
82857 610
82858 333
82859 814
82860 112
82861 1310
82862 649
82863 588
82864 815
82865 1657
82866 785
82867 482
82868 467
82869 1063
82870 1107
82871 1243
82872 1394
82873 153
82874 1051
82875 170
82876 1923
82877 1738
82878 1000
82879 1078
82880 81
82881 1142
82882 964
82883 1889
82884 1603
82885 673
82886 1257
82887 1844
82888 1119
82889 821
82890 314
82891 932
82892 1290
82893 1533
82894 311
82895 1041
82896 1437
82897 1261
82898 736
82899 703
82900 411
82901 8
82902 1182
82903 1126
82904 1857
82905 1240
82906 1658
82907 791
82908 1579
82909 398
82910 1905
82911 1541
82912 1185
82913 96
82914 1525
82915 150
82916 227
82917 1060
82918 1666
82919 1591
82920 1242
82921 438
82922 1904
82923 1688
82924 1401
82925 859
82926 1952
82927 50
82928 1236
82929 123
82930 1616
82931 474
82932 222
82933 1169
82934 65
82935 1389
82936 841
82937 1008
82938 1131
82939 1512
82940 1964
82941 1888
82942 149
82943 18
82944 580
82945 1544
82946 886
82947 561
82948 1825
82949 295
82950 327
82951 720
82952 970
82953 0
82954 908
82955 866
82956 528
82957 794
82958 1909
82959 1583
82960 620
82961 1784
82962 1307
82963 1366
82964 1052
82965 211
82966 28
82967 1281
82968 600
82969 1400
82970 65
82971 1821
82972 1163
82973 239
82974 1165
82975 402
82976 1109
82977 883
82978 1620
82979 773
82980 1180
82981 895
82982 117
82983 864
82984 773
82985 207
82986 832
82987 1583
82988 1020
82989 1020
82990 1639
82991 1071
82992 1216
82993 567
82994 1610
82995 1714
82996 1102
82997 846
82998 214
82999 1275
83000 1741
83001 1111
83002 1909
83003 333
83004 1452
83005 3
83006 197
83007 852
83008 584
83009 1956
83010 1349
83011 1353
83012 1192
83013 1585
83014 1655
83015 923
83016 654
83017 1035
83018 1765
83019 67
83020 1161
83021 216
83022 1326
83023 508
83024 237
83025 317
83026 1062
83027 821
83028 742
83029 1153
83030 963
83031 820
83032 926
83033 1205
83034 253
83035 172
83036 212
83037 1893
83038 1818
83039 225
83040 1201
83041 215
83042 1864
83043 211
83044 978
83045 1371
83046 1099
83047 422
83048 1690
83049 1167
83050 1921
83051 1075
83052 1215
83053 574
83054 1216
83055 1712
83056 1565
83057 475
83058 621
83059 706
83060 986
83061 1178
83062 1584
83063 1254
83064 52
83065 1548
83066 1047
83067 670
83068 681
83069 1859
83070 870
83071 536
83072 1850
83073 1686
83074 1066
83075 657
83076 1497
83077 1268
83078 18
83079 513
83080 1767
83081 773
83082 238
83083 1001
83084 781
83085 641
83086 712
83087 309
83088 169
83089 1208
83090 1104
83091 1023
83092 1766
83093 529
83094 43
83095 1944
83096 1912
83097 1304
83098 71
83099 265
83100 236
83101 1190
83102 1479
83103 1260
83104 311
83105 168
83106 1720
83107 910
83108 1798
83109 303
83110 491
83111 632
83112 1724
83113 1683
83114 1896
83115 1459
83116 360
83117 1488
83118 521
83119 63
83120 834
83121 997
83122 436
83123 1143
83124 448
83125 713
83126 775
83127 1745
83128 1848
83129 1337
83130 1121
83131 96
83132 1904
83133 945
83134 1291
83135 1023
83136 1282
83137 1318
83138 448
83139 575
83140 140
83141 1532
83142 1313
83143 1099
83144 1338
83145 105
83146 1544
83147 245
83148 32
83149 541
83150 216
83151 1124
83152 1840
83153 1784
83154 1824
83155 65
83156 1616
83157 767
83158 1446
83159 1291
83160 1160
83161 328
83162 538
83163 766
83164 987
83165 1767
83166 403
83167 995
83168 1234
83169 381
83170 1086
83171 576
83172 984
83173 826
83174 1248
83175 927
83176 80
83177 1096
83178 834
83179 1052
83180 1447
83181 1620
83182 1597
83183 1653
83184 1893
83185 75
83186 1870
83187 1886
83188 693
83189 175
83190 1085
83191 1064
83192 391
83193 1790
83194 4
83195 1259
83196 868
83197 1025
83198 1106
83199 678
83200 671
83201 1948
83202 935
83203 391
83204 786
83205 42
83206 1346
83207 676
83208 202
83209 215
83210 18
83211 867
83212 829
83213 1772
83214 1714
83215 1055
83216 1814
83217 1409
83218 104
83219 1089
83220 1786
83221 1649
83222 1052
83223 1376
83224 389
83225 390
83226 1670
83227 1624
83228 1404
83229 1591
83230 1393
83231 1559
83232 461
83233 1203
83234 990
83235 693
83236 267
83237 1507
83238 675
83239 1475
83240 1680
83241 1627
83242 1274
83243 179
83244 1717
83245 26
83246 1970
83247 264
83248 1283
83249 1682
83250 334
83251 992
83252 268
83253 1072
83254 741
83255 1475
83256 926
83257 1764
83258 1155
83259 1030
83260 1455
83261 1590
83262 170
83263 648
83264 1122
83265 181
83266 646
83267 1454
83268 1762
83269 1518
83270 859
83271 368
83272 1823
83273 1740
83274 1304
83275 1611
83276 269
83277 903
83278 1463
83279 1016
83280 236
83281 660
83282 770
83283 1372
83284 253
83285 783
83286 1365
83287 1550
83288 313
83289 667
83290 1941
83291 471
83292 1978
83293 197
83294 1378
83295 1089
83296 1913
83297 1427
83298 740
83299 1800
83300 1092
83301 21
83302 411
83303 218
83304 383
83305 1436
83306 1199
83307 1220
83308 634
83309 440
83310 83
83311 571
83312 1138
83313 1918
83314 1925
83315 436
83316 1914
83317 198
83318 1353
83319 1884
83320 1068
83321 365
83322 1645
83323 1251
83324 713
83325 437
83326 1397
83327 1580
83328 485
83329 1707
83330 1923
83331 787
83332 424
83333 203
83334 1679
83335 1917
83336 528
83337 1660
83338 276
83339 1935
83340 479
83341 1011
83342 1489
83343 1978
83344 1260
83345 1000
83346 557
83347 281
83348 1373
83349 1090
83350 1886
83351 466
83352 140
83353 1406
83354 1153
83355 1179
83356 1117
83357 572
83358 216
83359 656
83360 886
83361 902
83362 454
83363 94
83364 477
83365 1739
83366 63
83367 383
83368 936
83369 645
83370 191
83371 699
83372 916
83373 1775
83374 730
83375 1115
83376 679
83377 1746
83378 460
83379 1560
83380 1750
83381 28
83382 40
83383 1535
83384 1860
83385 1833
83386 1694
83387 1065
83388 1317
83389 966
83390 61
83391 1439
83392 1608
83393 581
83394 1562
83395 879
83396 380
83397 1296
83398 1653
83399 412
83400 1598
83401 928
83402 1006
83403 32
83404 204
83405 624
83406 323
83407 602
83408 315
83409 288
83410 1583
83411 1949
83412 603
83413 276
83414 1126
83415 1552
83416 1541
83417 1950
83418 290
83419 1425
83420 1450
83421 1363
83422 1610
83423 1785
83424 776
83425 1383
83426 357
83427 390
83428 901
83429 916
83430 561
83431 1424
83432 758
83433 1621
83434 575
83435 1387
83436 1810
83437 1197
83438 75
83439 957
83440 637
83441 313
83442 1582
83443 1321
83444 1356
83445 415
83446 968
83447 953
83448 671
83449 980
83450 1843
83451 1770
83452 1149
83453 1627
83454 798
83455 400
83456 633
83457 96
83458 1283
83459 942
83460 309
83461 1618
83462 1169
83463 319
83464 1157
83465 613
83466 375
83467 880
83468 1917
83469 976
83470 1496
83471 69
83472 1106
83473 1751
83474 62
83475 550
83476 759
83477 1213
83478 1879
83479 333
83480 1805
83481 1625
83482 1646
83483 330
83484 1841
83485 987
83486 522
83487 960
83488 93
83489 538
83490 1766
83491 81
83492 1289
83493 15
83494 316
83495 652
83496 164
83497 520
83498 891
83499 710
83500 369
83501 547
83502 835
83503 1472
83504 1554
83505 452
83506 758
83507 226
83508 1299
83509 1707
83510 1261
83511 906
83512 91
83513 1287
83514 1573
83515 298
83516 1846
83517 1787
83518 703
83519 36
83520 235
83521 295
83522 1866
83523 847
83524 1327
83525 1452
83526 1881
83527 1679
83528 567
83529 1811
83530 1645
83531 651
83532 513
83533 1738
83534 1211
83535 189
83536 745
83537 1607
83538 1136
83539 885
83540 1660
83541 1372
83542 792
83543 167
83544 406
83545 147
83546 1629
83547 739
83548 1477
83549 611
83550 1351
83551 750
83552 38
83553 1167
83554 375
83555 863
83556 1344
83557 1702
83558 798
83559 61
83560 1795
83561 1576
83562 1260
83563 1106
83564 415
83565 1191
83566 1643
83567 708
83568 1262
83569 1546
83570 1412
83571 793
83572 64
83573 504
83574 903
83575 731
83576 1098
83577 1110
83578 1708
83579 518
83580 1018
83581 1316
83582 785
83583 1379
83584 1727
83585 1119
83586 858
83587 453
83588 831
83589 1740
83590 735
83591 1876
83592 451
83593 1347
83594 1375
83595 374
83596 1035
83597 1764
83598 1504
83599 460
83600 1854
83601 1367
83602 82
83603 1885
83604 531
83605 1444
83606 465
83607 365
83608 1377
83609 1752
83610 57
83611 1877
83612 1655
83613 415
83614 190
83615 1543
83616 1203
83617 1373
83618 1759
83619 1864
83620 157
83621 1900
83622 1030
83623 157
83624 11
83625 1877
83626 1389
83627 605
83628 1345
83629 451
83630 1126
83631 408
83632 1535
83633 1765
83634 1050
83635 1238
83636 1850
83637 1345
83638 754
83639 56
83640 973
83641 1098
83642 1077
83643 493
83644 1563
83645 629
83646 1091
83647 212
83648 1040
83649 1895
83650 1356
83651 1859
83652 197
83653 742
83654 754
83655 1089
83656 425
83657 1196
83658 1635
83659 60
83660 1947
83661 150
83662 1076
83663 1252
83664 1856
83665 1834
83666 1558
83667 531
83668 469
83669 736
83670 1702
83671 925
83672 1462
83673 763
83674 911
83675 584
83676 1856
83677 104
83678 577
83679 766
83680 986
83681 1929
83682 251
83683 1619
83684 1597
83685 1501
83686 1239
83687 1251
83688 326
83689 1384
83690 1820
83691 288
83692 985
83693 864
83694 1418
83695 1733
83696 1046
83697 698
83698 1984
83699 539
83700 103
83701 1579
83702 40
83703 351
83704 1071
83705 954
83706 1227
83707 523
83708 45
83709 1899
83710 1923
83711 902
83712 1806
83713 118
83714 1068
83715 114
83716 1097
83717 528
83718 212
83719 1591
83720 1470
83721 809
83722 1917
83723 1075
83724 961
83725 262
83726 1771
83727 336
83728 827
83729 603
83730 954
83731 420
83732 1299
83733 806
83734 1613
83735 558
83736 1908
83737 1548
83738 518
83739 425
83740 1114
83741 1594
83742 1858
83743 1545
83744 787
83745 1206
83746 519
83747 338
83748 1217
83749 463
83750 1024
83751 1720
83752 1672
83753 352
83754 252
83755 66
83756 452
83757 35
83758 1291
83759 1556
83760 123
83761 1821
83762 795
83763 1397
83764 1011
83765 1211
83766 1956
83767 755
83768 619
83769 1568
83770 521
83771 375
83772 554
83773 326
83774 1068
83775 1696
83776 346
83777 559
83778 1522
83779 1646
83780 357
83781 1084
83782 1619
83783 715
83784 1228
83785 1155
83786 893
83787 1081
83788 640
83789 217
83790 755
83791 1925
83792 1268
83793 1926
83794 1765
83795 743
83796 1306
83797 451
83798 460
83799 760
83800 1427
83801 455
83802 836
83803 648
83804 1120
83805 729
83806 2
83807 1681
83808 1201
83809 600
83810 1600
83811 1701
83812 869
83813 368
83814 1645
83815 509
83816 102
83817 156
83818 983
83819 466
83820 1019
83821 1665
83822 711
83823 784
83824 699
83825 1184
83826 1951
83827 1347
83828 1085
83829 371
83830 1318
83831 1803
83832 1668
83833 454
83834 909
83835 1344
83836 650
83837 1777
83838 1882
83839 1524
83840 37
83841 1104
83842 1203
83843 1525
83844 829
83845 698
83846 836
83847 1262
83848 865
83849 1566
83850 121
83851 71
83852 589
83853 495
83854 351
83855 336
83856 1905
83857 774
83858 1017
83859 436
83860 105
83861 490
83862 1472
83863 1304
83864 1004
83865 173
83866 235
83867 245
83868 577
83869 1146
83870 1367
83871 665
83872 1003
83873 1664
83874 38
83875 1565
83876 1059
83877 1894
83878 1018
83879 354
83880 1923
83881 529
83882 944
83883 722
83884 1970
83885 1229
83886 1068
83887 989
83888 1643
83889 889
83890 1505
83891 863
83892 1028
83893 867
83894 1330
83895 658
83896 952
83897 527
83898 1115
83899 716
83900 140
83901 458
83902 1576
83903 583
83904 1688
83905 1884
83906 1841
83907 1813
83908 607
83909 69
83910 898
83911 102
83912 58
83913 1482
83914 554
83915 918
83916 1336
83917 718
83918 1971
83919 1036
83920 1455
83921 230
83922 1220
83923 1974
83924 448
83925 80
83926 80
83927 55
83928 1724
83929 1556
83930 880
83931 1570
83932 1757
83933 1018
83934 1501
83935 766
83936 698
83937 1178
83938 1129
83939 739
83940 10
83941 504
83942 1623
83943 335
83944 1497
83945 952
83946 1559
83947 587
83948 701
83949 903
83950 9
83951 1712
83952 1138
83953 1858
83954 838
83955 1576
83956 1939
83957 1544
83958 1487
83959 1491
83960 784
83961 576
83962 979
83963 693
83964 13
83965 489
83966 97
83967 1603
83968 1488
83969 469
83970 1663
83971 1728
83972 1068
83973 1580
83974 1695
83975 1081
83976 860
83977 1437
83978 12
83979 364
83980 756
83981 1341
83982 673
83983 292
83984 848
83985 1648
83986 426
83987 1138
83988 243
83989 9
83990 1944
83991 780
83992 178
83993 1779
83994 1939
83995 1288
83996 641
83997 1600
83998 1435
83999 1930
84000 908
84001 68
84002 1523
84003 1103
84004 1891
84005 1352
84006 1330
84007 238
84008 943
84009 1655
84010 1743
84011 1526
84012 1438
84013 1674
84014 1943
84015 1443
84016 1523
84017 151
84018 721
84019 1316
84020 536
84021 1524
84022 1590
84023 1894
84024 1929
84025 1116
84026 142
84027 95
84028 737
84029 1347
84030 53
84031 1726
84032 1629
84033 557
84034 782
84035 187
84036 1146
84037 860
84038 300
84039 826
84040 196
84041 241
84042 820
84043 97
84044 1950
84045 1542
84046 102
84047 213
84048 1324
84049 288
84050 1207
84051 1616
84052 1135
84053 1956
84054 1327
84055 1342
84056 19
84057 1406
84058 1819
84059 1757
84060 815
84061 1386
84062 1302
84063 1253
84064 482
84065 542
84066 1355
84067 956
84068 153
84069 1159
84070 1163
84071 1683
84072 1695
84073 1808
84074 1631
84075 1578
84076 1637
84077 1664
84078 708
84079 1981
84080 19
84081 1075
84082 1293
84083 596
84084 1017
84085 1074
84086 151
84087 1379
84088 527
84089 778
84090 690
84091 115
84092 1950
84093 360
84094 1420
84095 1134
84096 1596
84097 598
84098 596
84099 574
84100 1927
84101 48
84102 77
84103 639
84104 292
84105 1624
84106 1885
84107 27
84108 425
84109 176
84110 31
84111 1892
84112 56
84113 339
84114 176
84115 1251
84116 1942
84117 1848
84118 804
84119 720
84120 831
84121 1824
84122 291
84123 494
84124 1453
84125 406
84126 1335
84127 616
84128 1228
84129 916
84130 229
84131 1362
84132 286
84133 933
84134 184
84135 442
84136 331
84137 1839
84138 1024
84139 1875
84140 812
84141 907
84142 1074
84143 1106
84144 1615
84145 600
84146 1337
84147 1702
84148 583
84149 1684
84150 938
84151 642
84152 1519
84153 1561
84154 1071
84155 250
84156 737
84157 736
84158 1709
84159 1858
84160 1212
84161 1066
84162 1402
84163 933
84164 1402
84165 356
84166 1070
84167 384
84168 179
84169 925
84170 1014
84171 1718
84172 395
84173 688
84174 21
84175 1066
84176 120
84177 1692
84178 1688
84179 1434
84180 1863
84181 1740
84182 641
84183 1395
84184 356
84185 1350
84186 1887
84187 99
84188 416
84189 181
84190 236
84191 1363
84192 1013
84193 1558
84194 1141
84195 1237
84196 37
84197 1642
84198 368
84199 1385
84200 143
84201 1792
84202 346
84203 1644
84204 1069
84205 7
84206 1788
84207 1926
84208 280
84209 1558
84210 386
84211 1726
84212 1950
84213 989
84214 487
84215 114
84216 1412
84217 1767
84218 996
84219 721
84220 15
84221 1163
84222 833
84223 1037
84224 1120
84225 897
84226 925
84227 780
84228 1861
84229 1719
84230 1699
84231 580
84232 354
84233 616
84234 1540
84235 912
84236 412
84237 1142
84238 724
84239 439
84240 1443
84241 1325
84242 796
84243 1720
84244 1380
84245 1091
84246 833
84247 253
84248 964
84249 1654
84250 1732
84251 1673
84252 1089
84253 729
84254 1184
84255 1225
84256 1274
84257 1472
84258 452
84259 705
84260 334
84261 1130
84262 1962
84263 748
84264 1020
84265 210
84266 40
84267 387
84268 916
84269 516
84270 845
84271 652
84272 1789
84273 729
84274 647
84275 1539
84276 772
84277 693
84278 1076
84279 675
84280 1630
84281 1593
84282 1700
84283 1257
84284 565
84285 1026
84286 178
84287 1926
84288 1316
84289 901
84290 1037
84291 896
84292 1663
84293 751
84294 1288
84295 1425
84296 1786
84297 1282
84298 1783
84299 555
84300 1212
84301 444
84302 173
84303 1934
84304 1955
84305 1831
84306 1065
84307 956
84308 1175
84309 1188
84310 1511
84311 118
84312 1207
84313 1067
84314 773
84315 1964
84316 268
84317 68
84318 660
84319 227
84320 818
84321 983
84322 821
84323 133
84324 134
84325 782
84326 1265
84327 972
84328 265
84329 1112
84330 1367
84331 453
84332 1714
84333 858
84334 946
84335 591
84336 293
84337 1974
84338 1915
84339 678
84340 370
84341 838
84342 294
84343 1387
84344 1456
84345 1222
84346 533
84347 1302
84348 29
84349 1303
84350 1376
84351 1725
84352 1542
84353 1904
84354 1051
84355 502
84356 1393
84357 421
84358 1027
84359 200
84360 814
84361 113
84362 1400
84363 1900
84364 1481
84365 306
84366 125
84367 1719
84368 1116
84369 1076
84370 1351
84371 689
84372 1651
84373 1685
84374 1592
84375 1263
84376 527
84377 1680
84378 1189
84379 1656
84380 425
84381 199
84382 234
84383 344
84384 471
84385 1075
84386 1462
84387 1068
84388 1730
84389 1525
84390 522
84391 249
84392 1850
84393 1844
84394 1433
84395 1829
84396 276
84397 1336
84398 1461
84399 1120
84400 1384
84401 572
84402 1495
84403 1082
84404 935
84405 798
84406 87
84407 172
84408 1626
84409 972
84410 312
84411 1809
84412 407
84413 1954
84414 520
84415 1594
84416 422
84417 973
84418 756
84419 653
84420 1767
84421 1971
84422 374
84423 281
84424 256
84425 1128
84426 866
84427 1787
84428 1148
84429 1591
84430 1945
84431 1349
84432 783
84433 985
84434 435
84435 895
84436 636
84437 296
84438 987
84439 1520
84440 551
84441 1602
84442 364
84443 1073
84444 354
84445 1117
84446 357
84447 1310
84448 807
84449 1711
84450 274
84451 269
84452 1872
84453 525
84454 687
84455 610
84456 145
84457 306
84458 482
84459 436
84460 1581
84461 1760
84462 1016
84463 829
84464 743
84465 1527
84466 264
84467 681
84468 469
84469 1087
84470 1354
84471 501
84472 819
84473 1430
84474 1598
84475 1351
84476 1738
84477 1110
84478 285
84479 737
84480 1390
84481 394
84482 1233
84483 1103
84484 300
84485 459
84486 889
84487 1569
84488 103
84489 873
84490 107
84491 572
84492 1304
84493 1449
84494 173
84495 1008
84496 737
84497 1916
84498 311
84499 1330
84500 429
84501 959
84502 1843
84503 26
84504 379
84505 1796
84506 1139
84507 1713
84508 407
84509 1220
84510 1138
84511 129
84512 1583
84513 443
84514 780
84515 315
84516 1601
84517 1793
84518 1469
84519 1596
84520 78
84521 241
84522 1152
84523 1171
84524 211
84525 661
84526 1855
84527 1598
84528 1158
84529 553
84530 1800
84531 1132
84532 802
84533 1503
84534 1745
84535 1285
84536 1940
84537 1490
84538 1460
84539 1399
84540 113
84541 983
84542 1551
84543 783
84544 1568
84545 680
84546 248
84547 878
84548 54
84549 438
84550 670
84551 1380
84552 210
84553 1599
84554 1909
84555 1729
84556 1555
84557 809
84558 187
84559 936
84560 1371
84561 250
84562 693
84563 1633
84564 931
84565 1121
84566 683
84567 1762
84568 543
84569 851
84570 172
84571 438
84572 833
84573 123
84574 631
84575 726
84576 526
84577 1276
84578 1483
84579 460
84580 1711
84581 1028
84582 1081
84583 878
84584 1287
84585 1553
84586 1147
84587 571
84588 1799
84589 1092
84590 1789
84591 1605
84592 1002
84593 241
84594 961
84595 1517
84596 894
84597 1816
84598 235
84599 1642
84600 1558
84601 1010
84602 287
84603 334
84604 155
84605 1945
84606 1963
84607 90
84608 115
84609 700
84610 1319
84611 1220
84612 1
84613 257
84614 648
84615 684
84616 1615
84617 825
84618 1290
84619 286
84620 308
84621 1983
84622 953
84623 1621
84624 611
84625 621
84626 1053
84627 937
84628 569
84629 1770
84630 103
84631 1513
84632 832
84633 31
84634 1115
84635 151
84636 976
84637 28
84638 590
84639 1008
84640 610
84641 1154
84642 701
84643 1324
84644 240
84645 807
84646 776
84647 929
84648 208
84649 1401
84650 581
84651 1626
84652 1232
84653 403
84654 1755
84655 1104
84656 302
84657 771
84658 360
84659 1288
84660 553
84661 780
84662 1667
84663 1140
84664 1622
84665 276
84666 247
84667 926
84668 1181
84669 406
84670 1818
84671 1742
84672 1296
84673 951
84674 1777
84675 63
84676 344
84677 1602
84678 623
84679 1182
84680 1425
84681 1737
84682 11
84683 71
84684 1716
84685 152
84686 963
84687 585
84688 898
84689 1233
84690 1015
84691 265
84692 1261
84693 1502
84694 586
84695 471
84696 1235
84697 1318
84698 790
84699 1417
84700 433
84701 202
84702 747
84703 1904
84704 1596
84705 1061
84706 1680
84707 356
84708 1367
84709 332
84710 1735
84711 78
84712 1327
84713 800
84714 35
84715 1354
84716 150
84717 323
84718 643
84719 1840
84720 238
84721 1273
84722 951
84723 1377
84724 1898
84725 1690
84726 209
84727 163
84728 62
84729 954
84730 605
84731 881
84732 1476
84733 1114
84734 873
84735 677
84736 1718
84737 674
84738 629
84739 1327
84740 898
84741 37
84742 1112
84743 1478
84744 1160
84745 243
84746 810
84747 175
84748 213
84749 361
84750 1005
84751 1087
84752 1342
84753 198
84754 1400
84755 1360
84756 35
84757 1776
84758 1801
84759 575
84760 1803
84761 318
84762 317
84763 1704
84764 1913
84765 562
84766 1072
84767 180
84768 1442
84769 763
84770 1795
84771 666
84772 1245
84773 915
84774 1579
84775 1958
84776 590
84777 521
84778 651
84779 1284
84780 822
84781 830
84782 973
84783 690
84784 1178
84785 1078
84786 1768
84787 53
84788 1205
84789 946
84790 318
84791 1853
84792 155
84793 1840
84794 54
84795 898
84796 770
84797 500
84798 1229
84799 659
84800 208
84801 505
84802 794
84803 627
84804 1397
84805 622
84806 197
84807 1658
84808 1489
84809 866
84810 1771
84811 1852
84812 945
84813 1497
84814 1786
84815 1314
84816 80
84817 1843
84818 1889
84819 1439
84820 530
84821 1964
84822 1765
84823 836
84824 902
84825 1224
84826 1495
84827 1421
84828 323
84829 1194
84830 650
84831 1223
84832 1693
84833 1811
84834 113
84835 226
84836 250
84837 792
84838 1933
84839 1724
84840 1211
84841 735
84842 1328
84843 832
84844 1716
84845 1159
84846 1255
84847 1829
84848 38
84849 700
84850 963
84851 1202
84852 1780
84853 1473
84854 159
84855 1766
84856 1579
84857 446
84858 72
84859 1435
84860 637
84861 1273
84862 1767
84863 1574
84864 1913
84865 1681
84866 245
84867 1500
84868 1287
84869 775
84870 777
84871 1868
84872 913
84873 944
84874 1542
84875 1794
84876 1185
84877 1183
84878 477
84879 1888
84880 941
84881 1018
84882 978
84883 759
84884 652
84885 624
84886 1015
84887 1835
84888 497
84889 812
84890 1262
84891 796
84892 932
84893 923
84894 1505
84895 1005
84896 614
84897 534
84898 1653
84899 698
84900 362
84901 933
84902 1167
84903 1568
84904 1434
84905 186
84906 48
84907 660
84908 1081
84909 1375
84910 183
84911 1835
84912 1161
84913 1177
84914 167
84915 1136
84916 458
84917 99
84918 845
84919 1104
84920 203
84921 1193
84922 170
84923 643
84924 1
84925 504
84926 1963
84927 1804
84928 1717
84929 1322
84930 703
84931 1343
84932 1221
84933 1296
84934 734
84935 112
84936 154
84937 1635
84938 1048
84939 1901
84940 697
84941 652
84942 1755
84943 1507
84944 1949
84945 1169
84946 338
84947 644
84948 961
84949 519
84950 1271
84951 1567
84952 1494
84953 888
84954 1730
84955 43
84956 1394
84957 1837
84958 1702
84959 1545
84960 462
84961 609
84962 440
84963 1189
84964 1743
84965 347
84966 1722
84967 1071
84968 880
84969 1942
84970 1714
84971 37
84972 754
84973 1242
84974 1738
84975 557
84976 699
84977 384
84978 40
84979 1004
84980 342
84981 1217
84982 1380
84983 1055
84984 1049
84985 501
84986 737
84987 1073
84988 476
84989 990
84990 781
84991 774
84992 405
84993 776
84994 1506
84995 1298
84996 1779
84997 1726
84998 242
84999 551
85000 1610
85001 500
85002 1282
85003 1620
85004 1206
85005 481
85006 1038
85007 1958
85008 1285
85009 671
85010 643
85011 833
85012 1269
85013 527
85014 315
85015 307
85016 514
85017 919
85018 775
85019 258
85020 1927
85021 385
85022 68
85023 881
85024 213
85025 868
85026 462
85027 1570
85028 1453
85029 1469
85030 272
85031 771
85032 1056
85033 79
85034 161
85035 936
85036 708
85037 1112
85038 1476
85039 1692
85040 756
85041 632
85042 183
85043 379
85044 1498
85045 549
85046 700
85047 1564
85048 1582
85049 881
85050 1506
85051 442
85052 212
85053 223
85054 283
85055 939
85056 1703
85057 787
85058 53
85059 1028
85060 232
85061 421
85062 423
85063 938
85064 859
85065 1445
85066 275
85067 905
85068 1953
85069 1565
85070 641
85071 985
85072 1959
85073 789
85074 940
85075 614
85076 78
85077 771
85078 91
85079 531
85080 15
85081 1889
85082 217
85083 909
85084 1799
85085 613
85086 1659
85087 1710
85088 79
85089 1224
85090 899
85091 599
85092 606
85093 804
85094 1583
85095 1120
85096 1213
85097 161
85098 1794
85099 54
85100 89
85101 80
85102 1894
85103 62
85104 301
85105 260
85106 506
85107 707
85108 671
85109 201
85110 1545
85111 1320
85112 1019
85113 651
85114 138
85115 1959
85116 784
85117 948
85118 1586
85119 1570
85120 1454
85121 1335
85122 397
85123 1432
85124 246
85125 826
85126 1960
85127 1624
85128 556
85129 680
85130 1332
85131 1236
85132 795
85133 641
85134 1879
85135 779
85136 261
85137 498
85138 841
85139 1511
85140 603
85141 1818
85142 151
85143 622
85144 1075
85145 246
85146 730
85147 197
85148 1119
85149 1111
85150 1238
85151 71
85152 97
85153 1855
85154 10
85155 956
85156 1742
85157 96
85158 1341
85159 1960
85160 154
85161 1161
85162 905
85163 572
85164 303
85165 691
85166 512
85167 1855
85168 1767
85169 1312
85170 318
85171 652
85172 494
85173 1504
85174 576
85175 1587
85176 1865
85177 822
85178 1853
85179 1720
85180 1724
85181 713
85182 1464
85183 529
85184 981
85185 1774
85186 1083
85187 592
85188 1377
85189 619
85190 1753
85191 1671
85192 415
85193 1488
85194 1363
85195 595
85196 340
85197 172
85198 1440
85199 1557
85200 954
85201 319
85202 737
85203 376
85204 1941
85205 1039
85206 743
85207 1902
85208 541
85209 1089
85210 267
85211 1372
85212 1454
85213 52
85214 1015
85215 1267
85216 223
85217 1316
85218 327
85219 79
85220 296
85221 943
85222 1406
85223 760
85224 10
85225 1791
85226 561
85227 1332
85228 654
85229 1339
85230 1404
85231 847
85232 549
85233 1852
85234 1635
85235 1115
85236 1004
85237 1314
85238 740
85239 909
85240 1175
85241 25
85242 1055
85243 59
85244 943
85245 1838
85246 1257
85247 360
85248 1576
85249 1001
85250 806
85251 1247
85252 1423
85253 140
85254 1159
85255 1263
85256 478
85257 1843
85258 259
85259 1216
85260 1781
85261 467
85262 987
85263 533
85264 1804
85265 781
85266 1612
85267 829
85268 675
85269 155
85270 1181
85271 1246
85272 1381
85273 828
85274 849
85275 767
85276 845
85277 1189
85278 1174
85279 1295
85280 246
85281 471
85282 668
85283 1530
85284 930
85285 1945
85286 1258
85287 1635
85288 1651
85289 1364
85290 415
85291 1603
85292 1072
85293 1140
85294 776
85295 516
85296 1806
85297 919
85298 1130
85299 635
85300 663
85301 1730
85302 632
85303 321
85304 1248
85305 1383
85306 1438
85307 854
85308 1350
85309 45
85310 1538
85311 1633
85312 687
85313 678
85314 1510
85315 1260
85316 1910
85317 1724
85318 1049
85319 280
85320 1863
85321 467
85322 301
85323 1509
85324 766
85325 1151
85326 102
85327 230
85328 378
85329 428
85330 1470
85331 1554
85332 537
85333 1924
85334 1056
85335 1077
85336 485
85337 208
85338 1045
85339 1426
85340 1072
85341 1251
85342 1883
85343 765
85344 31
85345 1536
85346 1177
85347 1982
85348 123
85349 1834
85350 121
85351 1560
85352 348
85353 318
85354 1390
85355 126
85356 1228
85357 1092
85358 634
85359 1265
85360 1716
85361 1337
85362 22
85363 462
85364 1152
85365 1191
85366 801
85367 954
85368 1237
85369 909
85370 1346
85371 1805
85372 1721
85373 856
85374 1664
85375 339
85376 1213
85377 188
85378 1756
85379 1426
85380 1584
85381 1236
85382 390
85383 373
85384 1519
85385 320
85386 1920
85387 555
85388 949
85389 1021
85390 1295
85391 606
85392 853
85393 909
85394 309
85395 1190
85396 1362
85397 1637
85398 1761
85399 781
85400 289
85401 1077
85402 401
85403 880
85404 662
85405 1977
85406 781
85407 540
85408 460
85409 856
85410 181
85411 185
85412 703
85413 209
85414 1526
85415 203
85416 225
85417 1267
85418 1132
85419 960
85420 69
85421 491
85422 1700
85423 178
85424 597
85425 287
85426 1427
85427 991
85428 114
85429 319
85430 565
85431 429
85432 1958
85433 827
85434 830
85435 426
85436 214
85437 774
85438 336
85439 311
85440 1477
85441 329
85442 198
85443 720
85444 1320
85445 485
85446 198
85447 905
85448 1714
85449 688
85450 1484
85451 710
85452 949
85453 1839
85454 1136
85455 582
85456 1477
85457 445
85458 1514
85459 1431
85460 1485
85461 345
85462 362
85463 100
85464 1111
85465 802
85466 722
85467 495
85468 1025
85469 203
85470 583
85471 1548
85472 110
85473 726
85474 1553
85475 1076
85476 1629
85477 1368
85478 709
85479 526
85480 61
85481 1179
85482 1130
85483 700
85484 617
85485 234
85486 798
85487 588
85488 343
85489 1982
85490 1119
85491 936
85492 1106
85493 1552
85494 960
85495 1706
85496 1577
85497 1300
85498 1860
85499 794
85500 1928
85501 713
85502 451
85503 284
85504 1448
85505 969
85506 1087
85507 73
85508 533
85509 463
85510 242
85511 129
85512 770
85513 1935
85514 53
85515 1658
85516 930
85517 1700
85518 930
85519 732
85520 625
85521 1517
85522 1519
85523 1072
85524 599
85525 1952
85526 1179
85527 1972
85528 1710
85529 74
85530 1396
85531 912
85532 17
85533 1100
85534 571
85535 907
85536 1349
85537 358
85538 1365
85539 1692
85540 828
85541 1393
85542 1605
85543 948
85544 1259
85545 659
85546 662
85547 731
85548 172
85549 1410
85550 1053
85551 1415
85552 1935
85553 308
85554 1601
85555 1167
85556 1680
85557 758
85558 347
85559 1064
85560 768
85561 27
85562 590
85563 1546
85564 1834
85565 1400
85566 1056
85567 1639
85568 227
85569 186
85570 1361
85571 957
85572 229
85573 206
85574 334
85575 492
85576 861
85577 1951
85578 979
85579 1344
85580 1299
85581 341
85582 434
85583 741
85584 281
85585 946
85586 1459
85587 1706
85588 15
85589 1575
85590 527
85591 1426
85592 917
85593 68
85594 99
85595 29
85596 217
85597 1746
85598 1356
85599 960
85600 543
85601 1103
85602 1738
85603 470
85604 1145
85605 956
85606 834
85607 965
85608 1596
85609 990
85610 90
85611 1846
85612 750
85613 321
85614 1399
85615 542
85616 1018
85617 1939
85618 1394
85619 1184
85620 257
85621 1478
85622 1288
85623 971
85624 1086
85625 311
85626 56
85627 1055
85628 35
85629 430
85630 1030
85631 282
85632 1547
85633 694
85634 724
85635 1668
85636 220
85637 1891
85638 107
85639 804
85640 1439
85641 692
85642 1286
85643 1636
85644 809
85645 1129
85646 371
85647 445
85648 1513
85649 144
85650 1279
85651 1118
85652 1013
85653 301
85654 1074
85655 839
85656 491
85657 752
85658 139
85659 1135
85660 1965
85661 1121
85662 173
85663 1387
85664 1651
85665 537
85666 1085
85667 783
85668 1092
85669 1414
85670 803
85671 1662
85672 1261
85673 33
85674 1002
85675 1246
85676 154
85677 563
85678 1893
85679 1806
85680 1550
85681 1299
85682 786
85683 331
85684 1911
85685 282
85686 1664
85687 41
85688 1143
85689 1294
85690 53
85691 1758
85692 1822
85693 188
85694 1184
85695 1654
85696 193
85697 1449
85698 1603
85699 1144
85700 259
85701 1632
85702 1858
85703 923
85704 1545
85705 450
85706 105
85707 1877
85708 1236
85709 241
85710 1171
85711 209
85712 211
85713 1305
85714 38
85715 1169
85716 873
85717 1564
85718 582
85719 258
85720 1626
85721 1254
85722 83
85723 237
85724 210
85725 1799
85726 63
85727 1048
85728 1552
85729 176
85730 1713
85731 389
85732 1303
85733 1546
85734 651
85735 1760
85736 525
85737 1190
85738 1269
85739 667
85740 1617
85741 23
85742 666
85743 1412
85744 954
85745 1956
85746 1235
85747 407
85748 1133
85749 951
85750 1853
85751 110
85752 621
85753 1084
85754 650
85755 1151
85756 364
85757 852
85758 1128
85759 1319
85760 1574
85761 1290
85762 942
85763 308
85764 1398
85765 311
85766 808
85767 201
85768 643
85769 620
85770 1896
85771 734
85772 1222
85773 1019
85774 795
85775 1909
85776 676
85777 714
85778 1808
85779 311
85780 1276
85781 26
85782 387
85783 340
85784 746
85785 1026
85786 48
85787 169
85788 1096
85789 1367
85790 275
85791 1818
85792 308
85793 102
85794 836
85795 243
85796 1030
85797 666
85798 211
85799 443
85800 138
85801 1370
85802 640
85803 1425
85804 1452
85805 1678
85806 1217
85807 271
85808 570
85809 1015
85810 778
85811 15
85812 1731
85813 1053
85814 297
85815 1701
85816 327
85817 1270
85818 399
85819 98
85820 917
85821 1790
85822 981
85823 681
85824 1404
85825 176
85826 647
85827 1781
85828 264
85829 1392
85830 1377
85831 1658
85832 315
85833 62
85834 405
85835 666
85836 1728
85837 820
85838 1418
85839 336
85840 1648
85841 628
85842 76
85843 245
85844 1361
85845 369
85846 536
85847 1944
85848 28
85849 567
85850 672
85851 698
85852 298
85853 936
85854 52
85855 883
85856 1826
85857 1184
85858 187
85859 1841
85860 416
85861 783
85862 1133
85863 108
85864 1084
85865 1139
85866 1190
85867 268
85868 387
85869 435
85870 1844
85871 993
85872 71
85873 1450
85874 39
85875 1301
85876 165
85877 545
85878 1205
85879 505
85880 1567
85881 626
85882 1359
85883 694
85884 1888
85885 1023
85886 1231
85887 1649
85888 1171
85889 311
85890 1011
85891 1194
85892 1287
85893 1791
85894 53
85895 1090
85896 751
85897 1402
85898 83
85899 605
85900 92
85901 359
85902 320
85903 19
85904 1435
85905 244
85906 1832
85907 398
85908 535
85909 1038
85910 460
85911 2
85912 678
85913 818
85914 1513
85915 870
85916 944
85917 52
85918 1056
85919 1761
85920 132
85921 1857
85922 478
85923 1686
85924 652
85925 1964
85926 251
85927 1579
85928 1318
85929 1657
85930 1547
85931 680
85932 808
85933 1136
85934 802
85935 434
85936 1430
85937 36
85938 411
85939 786
85940 240
85941 1727
85942 477
85943 901
85944 665
85945 1142
85946 1087
85947 1199
85948 589
85949 1000
85950 1071
85951 913
85952 1871
85953 936
85954 821
85955 1419
85956 323
85957 1335
85958 1350
85959 1319
85960 178
85961 1679
85962 754
85963 1053
85964 181
85965 1689
85966 762
85967 1168
85968 1466
85969 1019
85970 1589
85971 156
85972 351
85973 1633
85974 1192
85975 1563
85976 1228
85977 721
85978 1504
85979 946
85980 541
85981 1191
85982 972
85983 1391
85984 1298
85985 1211
85986 1784
85987 1668
85988 467
85989 1346
85990 332
85991 1601
85992 464
85993 445
85994 1172
85995 1423
85996 1556
85997 906
85998 350
85999 53
86000 166
86001 1768
86002 546
86003 78
86004 1315
86005 1377
86006 469
86007 548
86008 1493
86009 248
86010 1032
86011 1955
86012 541
86013 1790
86014 1926
86015 1184
86016 1115
86017 763
86018 1252
86019 740
86020 1061
86021 1049
86022 1297
86023 1111
86024 1672
86025 365
86026 102
86027 767
86028 966
86029 1793
86030 384
86031 270
86032 837
86033 1896
86034 357
86035 455
86036 1662
86037 66
86038 118
86039 1740
86040 117
86041 1919
86042 93
86043 1316
86044 1659
86045 1010
86046 1806
86047 113
86048 1351
86049 649
86050 143
86051 1745
86052 1615
86053 161
86054 661
86055 276
86056 522
86057 519
86058 381
86059 842
86060 713
86061 1409
86062 62
86063 1650
86064 1366
86065 1219
86066 431
86067 1889
86068 708
86069 1303
86070 970
86071 1545
86072 1255
86073 992
86074 1076
86075 1227
86076 1100
86077 1431
86078 1398
86079 1415
86080 863
86081 747
86082 1683
86083 1913
86084 288
86085 68
86086 1643
86087 1168
86088 1606
86089 687
86090 545
86091 1001
86092 1968
86093 694
86094 1571
86095 1213
86096 263
86097 1681
86098 247
86099 473
86100 1381
86101 486
86102 1948
86103 736
86104 1049
86105 393
86106 1258
86107 993
86108 330
86109 9
86110 407
86111 981
86112 753
86113 1155
86114 1704
86115 1151
86116 207
86117 1419
86118 1268
86119 584
86120 318
86121 463
86122 192
86123 1410
86124 127
86125 1574
86126 255
86127 253
86128 418
86129 1551
86130 1037
86131 976
86132 1210
86133 280
86134 339
86135 1505
86136 1448
86137 1942
86138 1404
86139 719
86140 1814
86141 451
86142 911
86143 696
86144 1041
86145 867
86146 1560
86147 268
86148 1364
86149 1819
86150 1388
86151 1941
86152 643
86153 301
86154 1304
86155 964
86156 60
86157 1954
86158 1331
86159 691
86160 915
86161 1625
86162 520
86163 1585
86164 444
86165 1551
86166 1333
86167 1151
86168 499
86169 1203
86170 1718
86171 96
86172 527
86173 489
86174 145
86175 858
86176 148
86177 1026
86178 974
86179 304
86180 1090
86181 425
86182 1494
86183 543
86184 591
86185 1125
86186 1204
86187 74
86188 1013
86189 1125
86190 689
86191 415
86192 896
86193 698
86194 1950
86195 1125
86196 1926
86197 1493
86198 1038
86199 1111
86200 66
86201 75
86202 1284
86203 1533
86204 1276
86205 31
86206 378
86207 1899
86208 136
86209 116
86210 1165
86211 1072
86212 1472
86213 136
86214 1414
86215 988
86216 360
86217 1189
86218 1103
86219 1500
86220 552
86221 757
86222 1835
86223 641
86224 1460
86225 1833
86226 1793
86227 1818
86228 38
86229 1782
86230 692
86231 1033
86232 309
86233 831
86234 1183
86235 668
86236 103
86237 1389
86238 1141
86239 1883
86240 1670
86241 246
86242 1798
86243 1837
86244 421
86245 378
86246 1964
86247 108
86248 694
86249 391
86250 312
86251 1175
86252 592
86253 211
86254 818
86255 235
86256 1714
86257 6
86258 379
86259 1380
86260 920
86261 1134
86262 488
86263 353
86264 645
86265 139
86266 1528
86267 1893
86268 1154
86269 1771
86270 694
86271 1852
86272 595
86273 489
86274 97
86275 1047
86276 1842
86277 1137
86278 414
86279 1944
86280 784
86281 1308
86282 1795
86283 939
86284 1121
86285 926
86286 381
86287 1267
86288 1674
86289 1095
86290 989
86291 539
86292 741
86293 1504
86294 644
86295 934
86296 1128
86297 1449
86298 1251
86299 216
86300 816
86301 637
86302 1297
86303 144
86304 1110
86305 46
86306 1424
86307 1189
86308 350
86309 880
86310 1596
86311 1241
86312 1565
86313 1951
86314 1378
86315 379
86316 701
86317 107
86318 414
86319 819
86320 1551
86321 343
86322 18
86323 1097
86324 1104
86325 1540
86326 1206
86327 892
86328 369
86329 140
86330 1338
86331 1080
86332 466
86333 480
86334 1040
86335 70
86336 750
86337 124
86338 662
86339 1953
86340 1304
86341 1529
86342 1649
86343 440
86344 919
86345 1576
86346 1647
86347 406
86348 316
86349 83
86350 168
86351 432
86352 1762
86353 481
86354 1777
86355 366
86356 1509
86357 54
86358 841
86359 1158
86360 567
86361 1963
86362 1470
86363 1027
86364 1087
86365 433
86366 327
86367 731
86368 1512
86369 536
86370 1328
86371 791
86372 44
86373 889
86374 907
86375 869
86376 92
86377 130
86378 662
86379 1569
86380 1477
86381 1103
86382 753
86383 545
86384 104
86385 323
86386 1260
86387 384
86388 1642
86389 1884
86390 806
86391 980
86392 1451
86393 212
86394 492
86395 399
86396 1563
86397 1160
86398 1683
86399 1241
86400 1069
86401 1416
86402 1879
86403 1704
86404 498
86405 914
86406 1691
86407 660
86408 1890
86409 575
86410 83
86411 1164
86412 817
86413 1330
86414 1200
86415 100
86416 810
86417 349
86418 140
86419 1742
86420 1675
86421 1051
86422 1982
86423 531
86424 1424
86425 1754
86426 1178
86427 654
86428 1751
86429 1560
86430 1240
86431 314
86432 1184
86433 1771
86434 537
86435 1460
86436 1613
86437 1421
86438 1013
86439 1925
86440 1316
86441 22
86442 1302
86443 1481
86444 1143
86445 936
86446 1131
86447 1601
86448 1713
86449 475
86450 1595
86451 329
86452 334
86453 1903
86454 1047
86455 1383
86456 1919
86457 910
86458 436
86459 906
86460 577
86461 1430
86462 545
86463 1471
86464 1214
86465 361
86466 1433
86467 1380
86468 1009
86469 176
86470 178
86471 1260
86472 1169
86473 755
86474 1897
86475 1378
86476 1483
86477 855
86478 1167
86479 1113
86480 1685
86481 585
86482 413
86483 799
86484 252
86485 238
86486 1912
86487 1045
86488 47
86489 502
86490 1399
86491 362
86492 1667
86493 919
86494 403
86495 1893
86496 1638
86497 98
86498 597
86499 1172
86500 1649
86501 415
86502 1417
86503 88
86504 1186
86505 1012
86506 1207
86507 479
86508 1711
86509 1025
86510 268
86511 420
86512 1507
86513 683
86514 1646
86515 1801
86516 822
86517 238
86518 876
86519 1608
86520 1951
86521 387
86522 1594
86523 371
86524 1050
86525 488
86526 1375
86527 1387
86528 1089
86529 1129
86530 546
86531 1865
86532 858
86533 1828
86534 1495
86535 1829
86536 808
86537 1380
86538 1441
86539 1751
86540 324
86541 19
86542 519
86543 1029
86544 966
86545 320
86546 1460
86547 1284
86548 1500
86549 1587
86550 362
86551 291
86552 127
86553 1795
86554 1856
86555 1744
86556 1100
86557 196
86558 1911
86559 762
86560 1718
86561 742
86562 103
86563 1387
86564 1721
86565 827
86566 67
86567 1002
86568 1384
86569 1
86570 918
86571 1294
86572 1852
86573 1023
86574 211
86575 1394
86576 900
86577 1847
86578 1462
86579 1553
86580 977
86581 1767
86582 642
86583 1440
86584 12
86585 666
86586 985
86587 58
86588 695
86589 1886
86590 1037
86591 908
86592 222
86593 222
86594 938
86595 1687
86596 1533
86597 1895
86598 1010
86599 1502
86600 1228
86601 1159
86602 1583
86603 404
86604 1254
86605 373
86606 1658
86607 751
86608 91
86609 812
86610 1922
86611 29
86612 215
86613 1028
86614 676
86615 406
86616 466
86617 471
86618 295
86619 758
86620 28
86621 953
86622 1387
86623 1516
86624 414
86625 1141
86626 1851
86627 438
86628 948
86629 833
86630 1024
86631 712
86632 168
86633 954
86634 1022
86635 1439
86636 133
86637 680
86638 609
86639 1027
86640 651
86641 1215
86642 69
86643 244
86644 1376
86645 1061
86646 1405
86647 100
86648 1703
86649 616
86650 1493
86651 684
86652 1819
86653 344
86654 276
86655 1905
86656 1558
86657 1182
86658 475
86659 1924
86660 624
86661 1872
86662 863
86663 794
86664 279
86665 72
86666 885
86667 1335
86668 1768
86669 1730
86670 1179
86671 867
86672 291
86673 440
86674 947
86675 1860
86676 460
86677 106
86678 610
86679 671
86680 467
86681 1793
86682 1657
86683 689
86684 1822
86685 358
86686 1297
86687 1133
86688 837
86689 100
86690 1163
86691 706
86692 464
86693 635
86694 1013
86695 1258
86696 1315
86697 370
86698 356
86699 802
86700 835
86701 644
86702 1287
86703 1709
86704 820
86705 1814
86706 29
86707 860
86708 1646
86709 151
86710 296
86711 1851
86712 389
86713 335
86714 1504
86715 450
86716 139
86717 1954
86718 240
86719 1586
86720 168
86721 631
86722 253
86723 77
86724 1725
86725 401
86726 1855
86727 782
86728 1552
86729 668
86730 90
86731 1711
86732 961
86733 276
86734 1836
86735 1925
86736 1480
86737 369
86738 24
86739 1666
86740 115
86741 196
86742 1682
86743 1281
86744 868
86745 1849
86746 622
86747 1083
86748 1902
86749 1540
86750 1538
86751 1391
86752 830
86753 595
86754 1119
86755 983
86756 591
86757 1144
86758 1929
86759 979
86760 1388
86761 1709
86762 1680
86763 1771
86764 116
86765 1664
86766 1134
86767 1383
86768 1759
86769 492
86770 322
86771 1920
86772 545
86773 1261
86774 967
86775 1126
86776 1278
86777 61
86778 633
86779 177
86780 195
86781 432
86782 1905
86783 70
86784 1483
86785 668
86786 1313
86787 214
86788 919
86789 860
86790 576
86791 22
86792 1236
86793 1969
86794 1934
86795 50
86796 1315
86797 742
86798 1621
86799 1598
86800 327
86801 880
86802 84
86803 530
86804 898
86805 580
86806 26
86807 777
86808 1398
86809 1310
86810 1736
86811 1520
86812 1063
86813 75
86814 688
86815 1231
86816 1349
86817 587
86818 607
86819 215
86820 792
86821 1752
86822 46
86823 1048
86824 1725
86825 388
86826 1557
86827 1957
86828 221
86829 326
86830 736
86831 824
86832 1743
86833 1952
86834 731
86835 522
86836 791
86837 1504
86838 853
86839 499
86840 814
86841 1841
86842 1340
86843 230
86844 1259
86845 510
86846 491
86847 117
86848 758
86849 156
86850 1911
86851 1679
86852 641
86853 646
86854 784
86855 882
86856 1213
86857 1859
86858 1283
86859 1000
86860 564
86861 1467
86862 1433
86863 710
86864 1381
86865 113
86866 1852
86867 714
86868 328
86869 1225
86870 1273
86871 9
86872 1584
86873 746
86874 1784
86875 1972
86876 625
86877 1846
86878 1590
86879 1891
86880 571
86881 0
86882 897
86883 657
86884 650
86885 671
86886 1174
86887 1296
86888 727
86889 679
86890 1784
86891 1798
86892 1193
86893 1578
86894 532
86895 1642
86896 535
86897 133
86898 1503
86899 1418
86900 744
86901 1790
86902 517
86903 1239
86904 1026
86905 1344
86906 1475
86907 1889
86908 1203
86909 1314
86910 448
86911 1947
86912 1094
86913 1059
86914 713
86915 759
86916 298
86917 20
86918 1318
86919 88
86920 744
86921 1596
86922 443
86923 1386
86924 165
86925 1753
86926 829
86927 1560
86928 1734
86929 1752
86930 386
86931 1753
86932 1408
86933 774
86934 1843
86935 18
86936 704
86937 408
86938 602
86939 409
86940 1223
86941 1365
86942 1875
86943 1525
86944 1415
86945 1192
86946 1505
86947 1662
86948 1263
86949 980
86950 1162
86951 237
86952 241
86953 1455
86954 185
86955 132
86956 644
86957 1551
86958 162
86959 1473
86960 270
86961 1493
86962 569
86963 757
86964 1473
86965 1327
86966 1841
86967 1922
86968 61
86969 1274
86970 515
86971 1431
86972 316
86973 904
86974 338
86975 96
86976 683
86977 137
86978 66
86979 647
86980 524
86981 577
86982 1064
86983 863
86984 1453
86985 853
86986 993
86987 1506
86988 1655
86989 1662
86990 722
86991 746
86992 1145
86993 1821
86994 161
86995 377
86996 113
86997 1135
86998 1849
86999 1114
87000 296
87001 1050
87002 542
87003 1294
87004 1440
87005 1087
87006 722
87007 718
87008 1185
87009 1540
87010 1637
87011 1614
87012 1335
87013 410
87014 1524
87015 1188
87016 287
87017 111
87018 1435
87019 94
87020 1065
87021 1056
87022 1951
87023 118
87024 728
87025 562
87026 388
87027 946
87028 1022
87029 1104
87030 1434
87031 329
87032 1736
87033 863
87034 907
87035 567
87036 1476
87037 1715
87038 127
87039 31
87040 897
87041 1695
87042 724
87043 1722
87044 363
87045 1862
87046 1178
87047 1226
87048 1688
87049 1244
87050 1177
87051 1739
87052 535
87053 1123
87054 1500
87055 670
87056 1893
87057 1063
87058 22
87059 5
87060 1457
87061 382
87062 1845
87063 958
87064 1767
87065 1515
87066 106
87067 94
87068 1196
87069 1885
87070 847
87071 208
87072 1497
87073 510
87074 1061
87075 1949
87076 1030
87077 963
87078 509
87079 1579
87080 86
87081 745
87082 1126
87083 425
87084 130
87085 1328
87086 1506
87087 495
87088 1831
87089 746
87090 1638
87091 1920
87092 1896
87093 1423
87094 1290
87095 586
87096 959
87097 984
87098 1156
87099 683
87100 932
87101 19
87102 876
87103 741
87104 843
87105 403
87106 145
87107 325
87108 1228
87109 374
87110 1057
87111 1367
87112 1220
87113 215
87114 90
87115 1489
87116 1837
87117 1283
87118 404
87119 1571
87120 1156
87121 1191
87122 1083
87123 1913
87124 1695
87125 901
87126 986
87127 883
87128 1198
87129 1601
87130 1321
87131 669
87132 450
87133 1779
87134 1663
87135 1814
87136 831
87137 1319
87138 694
87139 1296
87140 1037
87141 813
87142 48
87143 1404
87144 849
87145 1316
87146 1184
87147 1250
87148 1722
87149 431
87150 1730
87151 108
87152 404
87153 1888
87154 1299
87155 1673
87156 472
87157 783
87158 1929
87159 1431
87160 587
87161 1295
87162 1408
87163 811
87164 347
87165 1583
87166 919
87167 913
87168 474
87169 1600
87170 761
87171 1806
87172 36
87173 1550
87174 1448
87175 215
87176 746
87177 626
87178 1136
87179 1098
87180 1052
87181 1357
87182 1521
87183 1251
87184 1803
87185 34
87186 129
87187 1588
87188 1104
87189 1180
87190 1948
87191 1778
87192 1908
87193 879
87194 1114
87195 216
87196 705
87197 1241
87198 291
87199 1072
87200 174
87201 1096
87202 134
87203 49
87204 1862
87205 668
87206 498
87207 1646
87208 349
87209 111
87210 1713
87211 814
87212 1298
87213 276
87214 1180
87215 875
87216 625
87217 1449
87218 1258
87219 460
87220 1263
87221 1296
87222 434
87223 11
87224 1040
87225 812
87226 396
87227 276
87228 1327
87229 1657
87230 1032
87231 1539
87232 609
87233 371
87234 646
87235 1064
87236 1550
87237 1365
87238 141
87239 867
87240 1708
87241 1423
87242 1422
87243 564
87244 656
87245 1202
87246 1150
87247 99
87248 1634
87249 1081
87250 291
87251 327
87252 919
87253 1453
87254 131
87255 1564
87256 1596
87257 660
87258 215
87259 1492
87260 1726
87261 1033
87262 1905
87263 544
87264 1653
87265 1347
87266 1816
87267 1761
87268 1643
87269 128
87270 1611
87271 384
87272 80
87273 1033
87274 1692
87275 1668
87276 1184
87277 1449
87278 1132
87279 1394
87280 54
87281 1049
87282 200
87283 666
87284 1385
87285 1187
87286 941
87287 282
87288 1552
87289 61
87290 607
87291 595
87292 842
87293 491
87294 241
87295 1768
87296 248
87297 965
87298 122
87299 1029
87300 1308
87301 520
87302 1114
87303 1868
87304 894
87305 771
87306 1786
87307 1904
87308 1311
87309 1404
87310 1013
87311 1430
87312 980
87313 1054
87314 1553
87315 489
87316 1973
87317 1256
87318 899
87319 25
87320 1224
87321 1352
87322 1353
87323 900
87324 19
87325 622
87326 692
87327 547
87328 1864
87329 1729
87330 1845
87331 111
87332 781
87333 89
87334 1791
87335 85
87336 654
87337 1510
87338 265
87339 969
87340 1020
87341 646
87342 296
87343 1588
87344 1854
87345 352
87346 1837
87347 1354
87348 836
87349 201
87350 120
87351 1666
87352 562
87353 0
87354 332
87355 1045
87356 717
87357 1328
87358 655
87359 388
87360 1361
87361 199
87362 362
87363 659
87364 792
87365 1645
87366 1120
87367 575
87368 199
87369 1676
87370 671
87371 189
87372 1317
87373 320
87374 1308
87375 666
87376 571
87377 1679
87378 1189
87379 1362
87380 1137
87381 1269
87382 595
87383 851
87384 1641
87385 977
87386 1414
87387 658
87388 1793
87389 780
87390 1230
87391 1067
87392 1246
87393 1110
87394 1328
87395 107
87396 1782
87397 701
87398 570
87399 518
87400 991
87401 1981
87402 338
87403 549
87404 1026
87405 94
87406 1088
87407 753
87408 1684
87409 405
87410 1601
87411 1394
87412 104
87413 844
87414 882
87415 1135
87416 770
87417 286
87418 886
87419 691
87420 233
87421 1134
87422 1505
87423 1428
87424 1625
87425 1286
87426 1708
87427 1509
87428 1973
87429 420
87430 1144
87431 121
87432 1375
87433 1278
87434 82
87435 250
87436 1648
87437 1572
87438 594
87439 1571
87440 77
87441 748
87442 1476
87443 1086
87444 1794
87445 1438
87446 1635
87447 570
87448 1819
87449 711
87450 1440
87451 0
87452 1851
87453 1054
87454 1133
87455 868
87456 1477
87457 1340
87458 1438
87459 1344
87460 1675
87461 1913
87462 123
87463 1606
87464 1283
87465 743
87466 77
87467 1435
87468 1768
87469 786
87470 754
87471 1178
87472 1453
87473 756
87474 1780
87475 1557
87476 1536
87477 1182
87478 1826
87479 104
87480 268
87481 1256
87482 1360
87483 1569
87484 1341
87485 891
87486 1323
87487 74
87488 1212
87489 1793
87490 456
87491 777
87492 1890
87493 1295
87494 1080
87495 1328
87496 972
87497 175
87498 778
87499 1917
87500 39
87501 1107
87502 1224
87503 764
87504 662
87505 1513
87506 785
87507 575
87508 682
87509 1157
87510 255
87511 1932
87512 1150
87513 258
87514 330
87515 909
87516 347
87517 39
87518 1785
87519 839
87520 108
87521 1236
87522 1816
87523 1355
87524 1539
87525 1447
87526 1752
87527 831
87528 1684
87529 520
87530 1670
87531 1824
87532 1214
87533 1862
87534 576
87535 1310
87536 29
87537 214
87538 1764
87539 86
87540 312
87541 1718
87542 1043
87543 570
87544 608
87545 893
87546 1247
87547 19
87548 1527
87549 735
87550 950
87551 34
87552 1409
87553 1679
87554 139
87555 800
87556 364
87557 725
87558 510
87559 1275
87560 993
87561 957
87562 1464
87563 184
87564 597
87565 187
87566 1925
87567 1911
87568 842
87569 1495
87570 1323
87571 1353
87572 1398
87573 1301
87574 180
87575 1483
87576 1103
87577 1802
87578 522
87579 85
87580 501
87581 1237
87582 915
87583 1131
87584 1196
87585 869
87586 296
87587 1726
87588 961
87589 533
87590 1471
87591 604
87592 149
87593 664
87594 164
87595 1759
87596 861
87597 894
87598 1973
87599 694
87600 885
87601 1547
87602 1953
87603 1747
87604 972
87605 981
87606 1764
87607 689
87608 1222
87609 1839
87610 1519
87611 844
87612 1858
87613 1032
87614 1293
87615 1685
87616 1034
87617 1656
87618 608
87619 989
87620 444
87621 224
87622 1932
87623 1784
87624 1095
87625 1588
87626 1599
87627 1507
87628 860
87629 516
87630 749
87631 1670
87632 517
87633 175
87634 1395
87635 1504
87636 1561
87637 1195
87638 1250
87639 158
87640 435
87641 1066
87642 2
87643 1021
87644 128
87645 1708
87646 399
87647 1624
87648 1002
87649 187
87650 1210
87651 1034
87652 243
87653 1775
87654 1711
87655 1265
87656 771
87657 117
87658 1344
87659 1900
87660 655
87661 1083
87662 731
87663 555
87664 1715
87665 1403
87666 1812
87667 1266
87668 323
87669 290
87670 1299
87671 986
87672 302
87673 125
87674 1365
87675 569
87676 498
87677 101
87678 1707
87679 398
87680 390
87681 1529
87682 604
87683 796
87684 1583
87685 1935
87686 1403
87687 904
87688 687
87689 297
87690 1963
87691 1
87692 1530
87693 657
87694 35
87695 1625
87696 1706
87697 131
87698 904
87699 1221
87700 1515
87701 345
87702 1780
87703 671
87704 976
87705 107
87706 1065
87707 790
87708 481
87709 175
87710 528
87711 1237
87712 293
87713 963
87714 296
87715 456
87716 881
87717 1171
87718 41
87719 1791
87720 1362
87721 1885
87722 196
87723 657
87724 1070
87725 251
87726 153
87727 750
87728 349
87729 1173
87730 1690
87731 580
87732 1876
87733 1095
87734 1112
87735 1071
87736 757
87737 1365
87738 1204
87739 1485
87740 1949
87741 1447
87742 1759
87743 140
87744 148
87745 98
87746 1714
87747 693
87748 1398
87749 677
87750 1071
87751 1821
87752 770
87753 21
87754 92
87755 499
87756 112
87757 433
87758 1959
87759 1217
87760 1266
87761 1883
87762 357
87763 433
87764 759
87765 1450
87766 207
87767 1022
87768 701
87769 1402
87770 1613
87771 243
87772 914
87773 1577
87774 1828
87775 79
87776 510
87777 707
87778 1905
87779 76
87780 1308
87781 1231
87782 217
87783 1282
87784 496
87785 126
87786 1308
87787 199
87788 384
87789 939
87790 1239
87791 1202
87792 76
87793 742
87794 114
87795 1824
87796 1284
87797 1373
87798 245
87799 436
87800 1672
87801 1873
87802 1866
87803 1915
87804 1078
87805 1458
87806 18
87807 1718
87808 1533
87809 653
87810 42
87811 72
87812 1836
87813 258
87814 1224
87815 789
87816 594
87817 784
87818 471
87819 411
87820 580
87821 1023
87822 617
87823 961
87824 191
87825 1638
87826 993
87827 183
87828 1455
87829 1857
87830 243
87831 1956
87832 1151
87833 378
87834 1722
87835 139
87836 673
87837 53
87838 1045
87839 307
87840 976
87841 93
87842 228
87843 783
87844 966
87845 1896
87846 476
87847 1581
87848 838
87849 1446
87850 121
87851 1334
87852 1445
87853 1822
87854 1040
87855 1694
87856 814
87857 1926
87858 790
87859 633
87860 1516
87861 372
87862 1711
87863 1490
87864 1449
87865 1532
87866 380
87867 1320
87868 769
87869 305
87870 1666
87871 1294
87872 29
87873 713
87874 1073
87875 134
87876 335
87877 689
87878 1102
87879 796
87880 536
87881 280
87882 1810
87883 1066
87884 1957
87885 1356
87886 1795
87887 1586
87888 1103
87889 1562
87890 536
87891 1083
87892 1244
87893 1173
87894 1754
87895 778
87896 1447
87897 1194
87898 1914
87899 1043
87900 702
87901 1863
87902 1674
87903 1575
87904 1103
87905 593
87906 1135
87907 802
87908 325
87909 1829
87910 1955
87911 1581
87912 917
87913 1841
87914 1198
87915 1110
87916 1358
87917 958
87918 39
87919 1263
87920 17
87921 1875
87922 182
87923 916
87924 1163
87925 893
87926 118
87927 1910
87928 1784
87929 686
87930 1780
87931 1757
87932 1509
87933 1370
87934 1329
87935 1982
87936 619
87937 1174
87938 1514
87939 1773
87940 409
87941 790
87942 947
87943 803
87944 420
87945 908
87946 945
87947 1418
87948 1781
87949 121
87950 1503
87951 812
87952 693
87953 883
87954 286
87955 1181
87956 974
87957 621
87958 1605
87959 1762
87960 1024
87961 1643
87962 1010
87963 1495
87964 1373
87965 1181
87966 172
87967 651
87968 418
87969 51
87970 328
87971 485
87972 926
87973 1948
87974 608
87975 1334
87976 667
87977 578
87978 1779
87979 1946
87980 1848
87981 172
87982 513
87983 218
87984 758
87985 1496
87986 853
87987 428
87988 432
87989 395
87990 752
87991 377
87992 831
87993 47
87994 1208
87995 1322
87996 642
87997 1652
87998 1367
87999 475
88000 823
88001 740
88002 1489
88003 631
88004 800
88005 271
88006 1465
88007 1022
88008 85
88009 1141
88010 1567
88011 320
88012 1838
88013 1392
88014 440
88015 893
88016 1763
88017 170
88018 408
88019 1448
88020 1919
88021 1574
88022 947
88023 1929
88024 1630
88025 1908
88026 544
88027 533
88028 685
88029 719
88030 1871
88031 1630
88032 367
88033 543
88034 1376
88035 1921
88036 550
88037 880
88038 8
88039 1840
88040 709
88041 1142
88042 1284
88043 1557
88044 1469
88045 1200
88046 731
88047 1259
88048 653
88049 656
88050 1303
88051 217
88052 87
88053 1260
88054 642
88055 924
88056 328
88057 412
88058 406
88059 398
88060 1283
88061 1848
88062 1153
88063 1742
88064 461
88065 208
88066 419
88067 1573
88068 1904
88069 765
88070 897
88071 1765
88072 1129
88073 1473
88074 166
88075 226
88076 1158
88077 1916
88078 1369
88079 1594
88080 384
88081 362
88082 536
88083 219
88084 769
88085 345
88086 1614
88087 336
88088 414
88089 1240
88090 1392
88091 1100
88092 1628
88093 341
88094 1273
88095 1932
88096 881
88097 729
88098 936
88099 836
88100 383
88101 42
88102 621
88103 1423
88104 1378
88105 188
88106 626
88107 520
88108 197
88109 438
88110 613
88111 238
88112 695
88113 1958
88114 1847
88115 1441
88116 1466
88117 312
88118 498
88119 968
88120 375
88121 1662
88122 743
88123 68
88124 1892
88125 349
88126 1716
88127 1386
88128 1431
88129 1770
88130 220
88131 305
88132 1545
88133 544
88134 1398
88135 658
88136 298
88137 1107
88138 800
88139 214
88140 1658
88141 1251
88142 587
88143 1540
88144 949
88145 111
88146 1663
88147 253
88148 1246
88149 1559
88150 760
88151 1077
88152 208
88153 1664
88154 1122
88155 788
88156 705
88157 829
88158 990
88159 1126
88160 658
88161 1066
88162 92
88163 506
88164 707
88165 1875
88166 236
88167 174
88168 1070
88169 560
88170 858
88171 520
88172 922
88173 1979
88174 533
88175 1925
88176 1564
88177 1066
88178 1023
88179 2
88180 701
88181 1560
88182 230
88183 306
88184 1537
88185 1456
88186 216
88187 1001
88188 209
88189 1666
88190 1330
88191 1135
88192 1606
88193 256
88194 1126
88195 286
88196 749
88197 1963
88198 289
88199 303
88200 1528
88201 671
88202 1446
88203 1608
88204 977
88205 1381
88206 1710
88207 1175
88208 1702
88209 1386
88210 823
88211 1268
88212 1820
88213 1530
88214 1659
88215 546
88216 1487
88217 1346
88218 887
88219 1674
88220 907
88221 1007
88222 1311
88223 156
88224 27
88225 1351
88226 634
88227 1977
88228 62
88229 135
88230 952
88231 577
88232 896
88233 56
88234 1866
88235 1683
88236 552
88237 961
88238 186
88239 817
88240 657
88241 915
88242 1915
88243 292
88244 875
88245 292
88246 1370
88247 1779
88248 1382
88249 170
88250 459
88251 1674
88252 1037
88253 489
88254 1655
88255 1723
88256 1551
88257 1379
88258 1682
88259 1351
88260 473
88261 1974
88262 1900
88263 462
88264 1615
88265 598
88266 620
88267 815
88268 1035
88269 1584
88270 1737
88271 612
88272 1259
88273 300
88274 1603
88275 943
88276 212
88277 1888
88278 1076
88279 1760
88280 1407
88281 1549
88282 1269
88283 407
88284 748
88285 1946
88286 188
88287 1267
88288 583
88289 1372
88290 1452
88291 669
88292 1950
88293 840
88294 1633
88295 1654
88296 66
88297 1710
88298 66
88299 1661
88300 315
88301 1014
88302 475
88303 1227
88304 417
88305 471
88306 1136
88307 278
88308 33
88309 585
88310 1896
88311 1154
88312 940
88313 1273
88314 1408
88315 138
88316 1589
88317 354
88318 1933
88319 1140
88320 1766
88321 1687
88322 1252
88323 124
88324 1862
88325 1518
88326 1114
88327 1661
88328 1341
88329 1163
88330 1046
88331 1429
88332 1744
88333 1870
88334 1643
88335 412
88336 412
88337 1327
88338 950
88339 883
88340 1337
88341 1629
88342 1445
88343 786
88344 560
88345 1741
88346 404
88347 680
88348 1183
88349 150
88350 137
88351 945
88352 1026
88353 1594
88354 1373
88355 1423
88356 1716
88357 1758
88358 313
88359 628
88360 1638
88361 282
88362 1455
88363 187
88364 563
88365 395
88366 654
88367 1468
88368 1316
88369 1091
88370 1266
88371 1623
88372 1657
88373 1319
88374 717
88375 1404
88376 458
88377 1799
88378 1487
88379 1574
88380 1430
88381 1391
88382 807
88383 912
88384 1026
88385 1142
88386 210
88387 1120
88388 1795
88389 574
88390 809
88391 293
88392 382
88393 1137
88394 465
88395 1329
88396 1535
88397 1078
88398 1364
88399 1360
88400 1921
88401 1139
88402 157
88403 1570
88404 1693
88405 991
88406 1765
88407 1397
88408 1442
88409 1634
88410 65
88411 860
88412 1701
88413 1147
88414 1399
88415 1531
88416 734
88417 45
88418 1316
88419 332
88420 1740
88421 1811
88422 886
88423 1563
88424 715
88425 146
88426 991
88427 1300
88428 1773
88429 1200
88430 411
88431 574
88432 364
88433 1172
88434 1501
88435 509
88436 1375
88437 909
88438 1505
88439 974
88440 472
88441 1022
88442 1020
88443 646
88444 985
88445 1015
88446 799
88447 1768
88448 1960
88449 108
88450 1808
88451 1798
88452 462
88453 258
88454 605
88455 1044
88456 295
88457 287
88458 1319
88459 1798
88460 1605
88461 901
88462 546
88463 792
88464 1092
88465 544
88466 1089
88467 1756
88468 952
88469 56
88470 535
88471 124
88472 1073
88473 360
88474 358
88475 1495
88476 810
88477 652
88478 1595
88479 1706
88480 1740
88481 1924
88482 1326
88483 1842
88484 1606
88485 400
88486 1155
88487 1389
88488 518
88489 538
88490 1398
88491 1520
88492 1820
88493 1925
88494 227
88495 1287
88496 957
88497 1335
88498 1014
88499 940
88500 1102
88501 1078
88502 776
88503 1322
88504 365
88505 138
88506 582
88507 390
88508 1701
88509 1978
88510 1676
88511 1174
88512 1164
88513 174
88514 255
88515 375
88516 249
88517 660
88518 1610
88519 1416
88520 1820
88521 406
88522 1902
88523 1881
88524 1412
88525 1644
88526 697
88527 1596
88528 1511
88529 793
88530 1700
88531 1100
88532 182
88533 1445
88534 1439
88535 453
88536 1415
88537 1750
88538 748
88539 850
88540 16
88541 486
88542 918
88543 1736
88544 1454
88545 361
88546 1984
88547 244
88548 120
88549 58
88550 1368
88551 451
88552 934
88553 913
88554 1636
88555 1587
88556 879
88557 138
88558 1610
88559 89
88560 1454
88561 1661
88562 243
88563 580
88564 1196
88565 1540
88566 731
88567 1146
88568 1021
88569 1151
88570 413
88571 1779
88572 1945
88573 1418
88574 1042
88575 241
88576 171
88577 413
88578 517
88579 391
88580 217
88581 1206
88582 1056
88583 1419
88584 294
88585 1022
88586 1868
88587 278
88588 1461
88589 1651
88590 1097
88591 170
88592 1540
88593 1179
88594 880
88595 1167
88596 1387
88597 1893
88598 738
88599 1187
88600 1952
88601 843
88602 1501
88603 1431
88604 756
88605 1889
88606 692
88607 280
88608 730
88609 484
88610 1024
88611 1526
88612 1951
88613 1021
88614 616
88615 1918
88616 888
88617 286
88618 1276
88619 408
88620 987
88621 882
88622 66
88623 254
88624 299
88625 1095
88626 1964
88627 1375
88628 1794
88629 648
88630 1362
88631 32
88632 727
88633 1325
88634 755
88635 320
88636 655
88637 1916
88638 637
88639 1353
88640 1836
88641 1026
88642 1579
88643 1430
88644 207
88645 664
88646 1176
88647 1368
88648 1486
88649 1221
88650 1284
88651 506
88652 1144
88653 1946
88654 1422
88655 1578
88656 264
88657 1281
88658 1983
88659 1832
88660 1821
88661 1344
88662 807
88663 795
88664 773
88665 1785
88666 905
88667 1569
88668 972
88669 1890
88670 725
88671 43
88672 418
88673 766
88674 58
88675 759
88676 553
88677 1559
88678 1737
88679 959
88680 1760
88681 1115
88682 368
88683 1428
88684 1105
88685 919
88686 1823
88687 346
88688 1942
88689 1598
88690 1288
88691 1037
88692 684
88693 1207
88694 1520
88695 1442
88696 622
88697 438
88698 112
88699 1893
88700 1480
88701 141
88702 1191
88703 277
88704 1592
88705 763
88706 917
88707 1152
88708 91
88709 810
88710 1354
88711 1361
88712 1888
88713 1726
88714 1165
88715 1372
88716 1117
88717 1345
88718 877
88719 59
88720 1489
88721 1283
88722 329
88723 1407
88724 684
88725 1836
88726 1533
88727 281
88728 559
88729 1515
88730 1535
88731 546
88732 577
88733 1323
88734 1381
88735 772
88736 1460
88737 946
88738 493
88739 1130
88740 1593
88741 1204
88742 460
88743 1267
88744 198
88745 1150
88746 699
88747 1569
88748 1942
88749 1415
88750 190
88751 1599
88752 1508
88753 88
88754 147
88755 1783
88756 716
88757 1471
88758 1142
88759 1938
88760 0
88761 649
88762 1532
88763 893
88764 785
88765 74
88766 1163
88767 296
88768 1111
88769 1318
88770 1479
88771 718
88772 1497
88773 1632
88774 1819
88775 534
88776 1728
88777 407
88778 580
88779 43
88780 551
88781 1456
88782 23
88783 1001
88784 1462
88785 1437
88786 1943
88787 410
88788 1512
88789 1958
88790 289
88791 586
88792 955
88793 77
88794 1436
88795 422
88796 608
88797 820
88798 898
88799 1924
88800 1397
88801 1441
88802 1459
88803 1861
88804 1611
88805 1950
88806 518
88807 608
88808 868
88809 1208
88810 1983
88811 252
88812 1868
88813 1762
88814 851
88815 1175
88816 1166
88817 130
88818 194
88819 411
88820 325
88821 502
88822 971
88823 900
88824 1897
88825 1596
88826 14
88827 719
88828 1112
88829 1349
88830 596
88831 695
88832 465
88833 871
88834 1097
88835 1886
88836 1001
88837 1373
88838 847
88839 955
88840 987
88841 1438
88842 1594
88843 1956
88844 429
88845 219
88846 1126
88847 1369
88848 1147
88849 1511
88850 1420
88851 821
88852 1253
88853 1030
88854 1445
88855 181
88856 769
88857 1006
88858 537
88859 847
88860 1413
88861 877
88862 1439
88863 583
88864 1432
88865 845
88866 642
88867 643
88868 1307
88869 53
88870 118
88871 736
88872 1250
88873 1180
88874 659
88875 435
88876 1962
88877 904
88878 12
88879 1773
88880 427
88881 1710
88882 780
88883 965
88884 878
88885 1679
88886 1491
88887 1486
88888 1887
88889 1563
88890 95
88891 1835
88892 1657
88893 713
88894 1695
88895 1426
88896 612
88897 950
88898 1806
88899 639
88900 1126
88901 1076
88902 1442
88903 1670
88904 684
88905 1464
88906 1042
88907 82
88908 931
88909 98
88910 1338
88911 1834
88912 1254
88913 4
88914 1540
88915 1029
88916 922
88917 1944
88918 1055
88919 654
88920 760
88921 1516
88922 1034
88923 1888
88924 544
88925 993
88926 1391
88927 1330
88928 906
88929 1847
88930 539
88931 767
88932 1760
88933 1447
88934 502
88935 1393
88936 390
88937 518
88938 1973
88939 152
88940 1467
88941 880
88942 777
88943 1611
88944 1145
88945 1546
88946 1789
88947 295
88948 1668
88949 115
88950 2
88951 1700
88952 1071
88953 979
88954 27
88955 1644
88956 362
88957 1346
88958 484
88959 788
88960 1614
88961 1348
88962 219
88963 1329
88964 812
88965 360
88966 424
88967 1603
88968 604
88969 110
88970 582
88971 746
88972 91
88973 1073
88974 326
88975 751
88976 301
88977 424
88978 653
88979 43
88980 1086
88981 1906
88982 814
88983 886
88984 98
88985 1598
88986 667
88987 1635
88988 414
88989 1147
88990 403
88991 1068
88992 1565
88993 402
88994 1518
88995 124
88996 1736
88997 541
88998 1209
88999 982
89000 1659
89001 839
89002 1694
89003 1434
89004 1642
89005 1904
89006 370
89007 786
89008 98
89009 424
89010 604
89011 194
89012 1252
89013 1516
89014 234
89015 812
89016 259
89017 1384
89018 893
89019 450
89020 967
89021 1678
89022 1326
89023 1591
89024 1459
89025 1504
89026 1696
89027 1686
89028 1651
89029 132
89030 1275
89031 1887
89032 871
89033 466
89034 824
89035 967
89036 534
89037 472
89038 1778
89039 1669
89040 76
89041 1857
89042 213
89043 328
89044 1699
89045 1651
89046 1447
89047 456
89048 404
89049 1792
89050 1151
89051 73
89052 842
89053 497
89054 1690
89055 1300
89056 1334
89057 1262
89058 1676
89059 429
89060 748
89061 1839
89062 1516
89063 892
89064 1507
89065 440
89066 1258
89067 1410
89068 1787
89069 784
89070 1211
89071 541
89072 1476
89073 826
89074 278
89075 1213
89076 1714
89077 1082
89078 386
89079 1695
89080 546
89081 952
89082 503
89083 455
89084 259
89085 618
89086 1165
89087 1906
89088 385
89089 718
89090 692
89091 1115
89092 216
89093 50
89094 788
89095 1260
89096 679
89097 720
89098 745
89099 1177
89100 653
89101 693
89102 367
89103 1433
89104 970
89105 1333
89106 152
89107 700
89108 848
89109 1622
89110 1315
89111 299
89112 1702
89113 837
89114 92
89115 1269
89116 1105
89117 260
89118 1051
89119 1089
89120 1459
89121 73
89122 323
89123 227
89124 1133
89125 1539
89126 1719
89127 1712
89128 442
89129 382
89130 504
89131 1278
89132 1127
89133 542
89134 930
89135 1505
89136 226
89137 598
89138 1427
89139 623
89140 621
89141 433
89142 850
89143 873
89144 365
89145 1105
89146 267
89147 1689
89148 1705
89149 1525
89150 539
89151 1757
89152 787
89153 646
89154 86
89155 1128
89156 1981
89157 25
89158 886
89159 1240
89160 238
89161 519
89162 1853
89163 1708
89164 951
89165 1503
89166 1611
89167 1835
89168 1894
89169 1483
89170 1057
89171 947
89172 1942
89173 1191
89174 263
89175 1702
89176 1419
89177 1477
89178 1021
89179 1272
89180 705
89181 573
89182 1311
89183 1715
89184 1970
89185 850
89186 161
89187 30
89188 608
89189 1095
89190 1343
89191 1683
89192 634
89193 76
89194 749
89195 206
89196 1782
89197 1586
89198 46
89199 1586
89200 310
89201 1777
89202 43
89203 1737
89204 408
89205 294
89206 1250
89207 1436
89208 1230
89209 361
89210 1666
89211 133
89212 1066
89213 572
89214 712
89215 825
89216 145
89217 1368
89218 578
89219 514
89220 677
89221 31
89222 1844
89223 1415
89224 1787
89225 388
89226 701
89227 1616
89228 69
89229 147
89230 1203
89231 455
89232 1512
89233 1798
89234 143
89235 1373
89236 400
89237 707
89238 360
89239 925
89240 395
89241 771
89242 1545
89243 1436
89244 120
89245 842
89246 1
89247 1317
89248 1843
89249 866
89250 731
89251 926
89252 250
89253 966
89254 161
89255 1671
89256 510
89257 782
89258 93
89259 536
89260 1750
89261 1005
89262 1397
89263 1032
89264 316
89265 85
89266 1324
89267 1601
89268 655
89269 1186
89270 1595
89271 1116
89272 106
89273 1462
89274 383
89275 803
89276 82
89277 951
89278 1515
89279 311
89280 232
89281 1781
89282 581
89283 1008
89284 794
89285 265
89286 245
89287 681
89288 1019
89289 1774
89290 1308
89291 631
89292 1187
89293 1452
89294 866
89295 12
89296 87
89297 19
89298 1326
89299 1009
89300 918
89301 1939
89302 987
89303 25
89304 143
89305 746
89306 146
89307 735
89308 674
89309 1637
89310 1849
89311 528
89312 1898
89313 1900
89314 230
89315 1864
89316 963
89317 1053
89318 1407
89319 972
89320 606
89321 1480
89322 814
89323 1977
89324 1332
89325 1326
89326 1827
89327 737
89328 692
89329 796
89330 1848
89331 1427
89332 386
89333 447
89334 1143
89335 1709
89336 57
89337 789
89338 1482
89339 1504
89340 1717
89341 204
89342 948
89343 1724
89344 1723
89345 942
89346 1743
89347 111
89348 660
89349 1213
89350 1597
89351 809
89352 187
89353 1166
89354 1216
89355 1753
89356 1592
89357 1938
89358 394
89359 1771
89360 511
89361 1817
89362 1195
89363 1631
89364 1840
89365 1047
89366 567
89367 1737
89368 1949
89369 1637
89370 847
89371 288
89372 654
89373 782
89374 437
89375 1839
89376 1301
89377 1045
89378 1695
89379 602
89380 1213
89381 1622
89382 837
89383 517
89384 557
89385 1766
89386 770
89387 1955
89388 1593
89389 61
89390 431
89391 200
89392 140
89393 952
89394 523
89395 1396
89396 1201
89397 1147
89398 1097
89399 772
89400 1061
89401 697
89402 171
89403 636
89404 1942
89405 751
89406 1818
89407 49
89408 630
89409 229
89410 385
89411 1111
89412 445
89413 860
89414 847
89415 39
89416 486
89417 1052
89418 197
89419 1245
89420 1780
89421 1674
89422 107
89423 450
89424 39
89425 1756
89426 15
89427 1184
89428 1226
89429 1010
89430 315
89431 878
89432 1342
89433 847
89434 1390
89435 1367
89436 1877
89437 44
89438 1917
89439 899
89440 303
89441 764
89442 640
89443 972
89444 479
89445 550
89446 1856
89447 1137
89448 494
89449 1916
89450 839
89451 1623
89452 384
89453 663
89454 714
89455 1166
89456 453
89457 1330
89458 1652
89459 8
89460 1786
89461 1465
89462 732
89463 119
89464 865
89465 449
89466 1775
89467 1560
89468 232
89469 232
89470 555
89471 300
89472 1118
89473 937
89474 679
89475 1407
89476 811
89477 141
89478 1367
89479 1513
89480 1217
89481 800
89482 25
89483 93
89484 297
89485 130
89486 430
89487 455
89488 350
89489 942
89490 1272
89491 1881
89492 855
89493 278
89494 855
89495 320
89496 1219
89497 1781
89498 342
89499 791
89500 506
89501 355
89502 649
89503 371
89504 572
89505 1579
89506 1556
89507 854
89508 1424
89509 1193
89510 915
89511 996
89512 871
89513 744
89514 1899
89515 1199
89516 1536
89517 1483
89518 1164
89519 1741
89520 1726
89521 908
89522 557
89523 556
89524 551
89525 1066
89526 223
89527 1165
89528 1298
89529 975
89530 1562
89531 1942
89532 652
89533 1449
89534 158
89535 1422
89536 1861
89537 6
89538 1453
89539 487
89540 1098
89541 1011
89542 988
89543 1626
89544 1737
89545 1755
89546 71
89547 1733
89548 1722
89549 191
89550 474
89551 429
89552 1731
89553 355
89554 1020
89555 93
89556 473
89557 1971
89558 1490
89559 308
89560 979
89561 557
89562 168
89563 1314
89564 788
89565 1658
89566 1395
89567 632
89568 1136
89569 766
89570 1660
89571 1892
89572 1047
89573 1298
89574 1415
89575 1240
89576 588
89577 1454
89578 1824
89579 1251
89580 584
89581 1981
89582 247
89583 217
89584 601
89585 1303
89586 918
89587 488
89588 1712
89589 1225
89590 1846
89591 1850
89592 1065
89593 1756
89594 1219
89595 500
89596 412
89597 1427
89598 392
89599 430
89600 483
89601 1050
89602 1817
89603 312
89604 146
89605 1187
89606 94
89607 188
89608 607
89609 399
89610 96
89611 1302
89612 829
89613 523
89614 1649
89615 1663
89616 609
89617 1663
89618 1161
89619 1934
89620 1626
89621 1485
89622 1238
89623 670
89624 42
89625 554
89626 1571
89627 1190
89628 1124
89629 527
89630 829
89631 1821
89632 1444
89633 1720
89634 1816
89635 1952
89636 1128
89637 1369
89638 1225
89639 862
89640 36
89641 1149
89642 301
89643 1894
89644 866
89645 685
89646 62
89647 1769
89648 1588
89649 1130
89650 1463
89651 453
89652 427
89653 287
89654 1912
89655 354
89656 259
89657 1445
89658 682
89659 505
89660 1827
89661 371
89662 243
89663 17
89664 1604
89665 1725
89666 376
89667 1181
89668 475
89669 1849
89670 1205
89671 160
89672 312
89673 8
89674 613
89675 311
89676 1484
89677 1279
89678 262
89679 452
89680 787
89681 1565
89682 1694
89683 1588
89684 1406
89685 593
89686 1797
89687 1832
89688 42
89689 1751
89690 1520
89691 1829
89692 115
89693 1191
89694 1865
89695 1945
89696 1014
89697 1525
89698 1248
89699 1266
89700 1884
89701 1134
89702 903
89703 947
89704 583
89705 933
89706 432
89707 447
89708 318
89709 1510
89710 1107
89711 457
89712 1080
89713 1982
89714 774
89715 540
89716 1813
89717 1166
89718 1858
89719 1610
89720 824
89721 1313
89722 831
89723 596
89724 852
89725 1583
89726 483
89727 1696
89728 1601
89729 550
89730 1463
89731 1411
89732 1491
89733 1614
89734 1365
89735 1042
89736 476
89737 1094
89738 1164
89739 1230
89740 1450
89741 1426
89742 927
89743 420
89744 1169
89745 877
89746 1479
89747 1183
89748 1445
89749 183
89750 225
89751 1482
89752 1045
89753 265
89754 1129
89755 65
89756 1709
89757 837
89758 392
89759 843
89760 1170
89761 1438
89762 1864
89763 726
89764 391
89765 926
89766 1923
89767 280
89768 1098
89769 1732
89770 1593
89771 1515
89772 1470
89773 521
89774 1712
89775 292
89776 10
89777 1817
89778 760
89779 1682
89780 613
89781 1246
89782 1538
89783 1781
89784 996
89785 1849
89786 980
89787 285
89788 1361
89789 1597
89790 958
89791 1417
89792 1977
89793 1631
89794 683
89795 175
89796 1605
89797 228
89798 679
89799 16
89800 1598
89801 355
89802 379
89803 1389
89804 1397
89805 1298
89806 716
89807 1626
89808 1004
89809 1278
89810 986
89811 618
89812 692
89813 774
89814 773
89815 1352
89816 396
89817 1239
89818 1078
89819 1852
89820 282
89821 1754
89822 1842
89823 570
89824 1979
89825 386
89826 687
89827 1157
89828 820
89829 735
89830 597
89831 1228
89832 1747
89833 949
89834 1336
89835 1883
89836 36
89837 1609
89838 702
89839 417
89840 757
89841 1189
89842 69
89843 1642
89844 1095
89845 1116
89846 1090
89847 1565
89848 341
89849 1642
89850 1268
89851 33
89852 247
89853 1099
89854 771
89855 1300
89856 1894
89857 951
89858 347
89859 1689
89860 1121
89861 1912
89862 405
89863 672
89864 123
89865 432
89866 1325
89867 1867
89868 1098
89869 1152
89870 1844
89871 207
89872 796
89873 1057
89874 849
89875 753
89876 1601
89877 884
89878 1863
89879 47
89880 1807
89881 2
89882 27
89883 1511
89884 517
89885 399
89886 110
89887 1306
89888 937
89889 395
89890 679
89891 1429
89892 657
89893 1057
89894 1309
89895 885
89896 716
89897 1767
89898 432
89899 188
89900 1983
89901 624
89902 301
89903 1763
89904 863
89905 1636
89906 769
89907 1812
89908 1895
89909 99
89910 1591
89911 1431
89912 1155
89913 1227
89914 1695
89915 523
89916 1894
89917 1077
89918 1035
89919 1387
89920 1153
89921 189
89922 1528
89923 1794
89924 1800
89925 169
89926 225
89927 1781
89928 525
89929 66
89930 1028
89931 781
89932 820
89933 1116
89934 1248
89935 845
89936 1050
89937 1549
89938 1700
89939 1432
89940 1300
89941 1506
89942 229
89943 1827
89944 1380
89945 1951
89946 1156
89947 1591
89948 653
89949 440
89950 900
89951 1109
89952 368
89953 1591
89954 1762
89955 1153
89956 115
89957 146
89958 185
89959 1775
89960 621
89961 1146
89962 1096
89963 1408
89964 774
89965 667
89966 505
89967 327
89968 1449
89969 1068
89970 42
89971 865
89972 1427
89973 761
89974 59
89975 676
89976 985
89977 419
89978 503
89979 124
89980 1060
89981 132
89982 1881
89983 1883
89984 481
89985 1503
89986 1073
89987 156
89988 643
89989 692
89990 896
89991 1103
89992 437
89993 1228
89994 1261
89995 895
89996 289
89997 1405
89998 391
89999 58
