✓ Initialized. View run at
https://modal.com/apps/darkphoenix696969696969/main/ap-8G3PhXSA4qNbf2nSPWbNE8
🚀 Pushing C-RAG benchmark to Modal cloud. Dataset=musique...
🧹 Fresh start requested! Clearing local stale cached directories for dataset 'musique'...
🧹 Modal persistent volume dataset cache will also be cleared!
INFO:faiss.loader:Loading faiss with AVX2 support.
INFO:faiss.loader:Could not load library with AVX2 support due to:
ModuleNotFoundError("No module named 'faiss.swigfaiss_avx2'")
INFO:faiss.loader:Loading faiss.
INFO:faiss.loader:Successfully loaded faiss.
INFO:modal_runner:GPU Diagnostic: Torch CUDA=True, FAISS GPUs=1
INFO:modal_runner:Clearing remote storage dir for ['musique'] inside /root/CRAG/storage/data
INFO:modal_runner:Symlinked /root/CRAG/data -> /root/CRAG/storage/data
INFO:modal_runner:Clearing remote storage dir for ['musique'] inside /root/CRAG/storage/checkpoints
INFO:modal_runner:Syncing local /root/CRAG/checkpoints -> volume /root/CRAG/storage/checkpoints (local overwrites cloud)
INFO:modal_runner:  Syncing /root/CRAG/checkpoints/squad/alignment_gin.pth -> /root/CRAG/storage/checkpoints/squad/alignment_gin.pth
INFO:modal_runner:  Syncing /root/CRAG/checkpoints/squad/alignment_mlp.pth -> /root/CRAG/storage/checkpoints/squad/alignment_mlp.pth
INFO:modal_runner:  Syncing /root/CRAG/checkpoints/squad/alignment_sage.pth -> /root/CRAG/storage/checkpoints/squad/alignment_sage.pth
INFO:modal_runner:  Syncing /root/CRAG/checkpoints/squad/alignment_gcn.pth -> /root/CRAG/storage/checkpoints/squad/alignment_gcn.pth
INFO:modal_runner:  Syncing /root/CRAG/checkpoints/squad/alignment_mlp_topo.pth -> /root/CRAG/storage/checkpoints/squad/alignment_mlp_topo.pth
INFO:modal_runner:Symlinked /root/CRAG/checkpoints -> /root/CRAG/storage/checkpoints
INFO:modal_runner:Clearing remote storage dir for ['musique'] inside /root/CRAG/storage/results
INFO:modal_runner:Symlinked /root/CRAG/results -> /root/CRAG/storage/results
INFO:modal_runner:Syncing MetaQA temp data /root/CRAG/metaqa_temp -> /root/CRAG/data/raw/metaqa
INFO:modal_runner:  Syncing /root/CRAG/metaqa_temp/2-hop/ntm/qa_train.txt -> /root/CRAG/data/raw/metaqa/2-hop/ntm/qa_train.txt
INFO:modal_runner:  Syncing /root/CRAG/metaqa_temp/2-hop/ntm/qa_test.txt -> /root/CRAG/data/raw/metaqa/2-hop/ntm/qa_test.txt
INFO:modal_runner:  Syncing /root/CRAG/metaqa_temp/2-hop/ntm/qa_dev.txt -> /root/CRAG/data/raw/metaqa/2-hop/ntm/qa_dev.txt
INFO:modal_runner:  Syncing /root/CRAG/metaqa_temp/2-hop/qa_dev_qtype.txt -> /root/CRAG/data/raw/metaqa/2-hop/qa_dev_qtype.txt
INFO:modal_runner:  Syncing /root/CRAG/metaqa_temp/2-hop/qa_train_qtype.txt -> /root/CRAG/data/raw/metaqa/2-hop/qa_train_qtype.txt
INFO:modal_runner:  Syncing /root/CRAG/metaqa_temp/2-hop/qa_test_qtype.txt -> /root/CRAG/data/raw/metaqa/2-hop/qa_test_qtype.txt
INFO:modal_runner:  Syncing /root/CRAG/metaqa_temp/2-hop/vanilla/qa_test.txt -> /root/CRAG/data/raw/metaqa/2-hop/vanilla/qa_test.txt
INFO:modal_runner:  Syncing /root/CRAG/metaqa_temp/2-hop/vanilla/qa_dev.txt -> /root/CRAG/data/raw/metaqa/2-hop/vanilla/qa_dev.txt
INFO:modal_runner:  Syncing /root/CRAG/metaqa_temp/2-hop/vanilla/qa_train.txt -> /root/CRAG/data/raw/metaqa/2-hop/vanilla/qa_train.txt
INFO:modal_runner:  Syncing /root/CRAG/metaqa_temp/3-hop/vanilla/qa_test.txt -> /root/CRAG/data/raw/metaqa/3-hop/vanilla/qa_test.txt
INFO:modal_runner:  Syncing /root/CRAG/metaqa_temp/3-hop/vanilla/qa_dev.txt -> /root/CRAG/data/raw/metaqa/3-hop/vanilla/qa_dev.txt
INFO:modal_runner:  Syncing /root/CRAG/metaqa_temp/3-hop/vanilla/qa_train.txt -> /root/CRAG/data/raw/metaqa/3-hop/vanilla/qa_train.txt
INFO:modal_runner:  Syncing /root/CRAG/metaqa_temp/3-hop/qa_test_qtype.txt -> /root/CRAG/data/raw/metaqa/3-hop/qa_test_qtype.txt
INFO:modal_runner:  Syncing /root/CRAG/metaqa_temp/3-hop/qa_dev_qtype.txt -> /root/CRAG/data/raw/metaqa/3-hop/qa_dev_qtype.txt
INFO:modal_runner:  Syncing /root/CRAG/metaqa_temp/3-hop/ntm/qa_train.txt -> /root/CRAG/data/raw/metaqa/3-hop/ntm/qa_train.txt
INFO:modal_runner:  Syncing /root/CRAG/metaqa_temp/3-hop/ntm/qa_test.txt -> /root/CRAG/data/raw/metaqa/3-hop/ntm/qa_test.txt
INFO:modal_runner:  Syncing /root/CRAG/metaqa_temp/3-hop/ntm/qa_dev.txt -> /root/CRAG/data/raw/metaqa/3-hop/ntm/qa_dev.txt
INFO:modal_runner:  Syncing /root/CRAG/metaqa_temp/3-hop/qa_train_qtype.txt -> /root/CRAG/data/raw/metaqa/3-hop/qa_train_qtype.txt
INFO:modal_runner:  Syncing /root/CRAG/metaqa_temp/kb.txt -> /root/CRAG/data/raw/metaqa/kb.txt
INFO:modal_runner:  Syncing /root/CRAG/metaqa_temp/entity/kb_entity_dict.txt -> /root/CRAG/data/raw/metaqa/entity/kb_entity_dict.txt
INFO:modal_runner:  Syncing /root/CRAG/metaqa_temp/LICENSE.txt -> /root/CRAG/data/raw/metaqa/LICENSE.txt
INFO:modal_runner:  Syncing /root/CRAG/metaqa_temp/1-hop/qa_test_qtype.txt -> /root/CRAG/data/raw/metaqa/1-hop/qa_test_qtype.txt
INFO:modal_runner:  Syncing /root/CRAG/metaqa_temp/1-hop/qa_train_qtype.txt -> /root/CRAG/data/raw/metaqa/1-hop/qa_train_qtype.txt
INFO:modal_runner:  Syncing /root/CRAG/metaqa_temp/1-hop/vanilla/qa_test.txt -> /root/CRAG/data/raw/metaqa/1-hop/vanilla/qa_test.txt
INFO:modal_runner:  Syncing /root/CRAG/metaqa_temp/1-hop/vanilla/qa_train.txt -> /root/CRAG/data/raw/metaqa/1-hop/vanilla/qa_train.txt
INFO:modal_runner:  Syncing /root/CRAG/metaqa_temp/1-hop/vanilla/qa_dev.txt -> /root/CRAG/data/raw/metaqa/1-hop/vanilla/qa_dev.txt
INFO:modal_runner:  Syncing /root/CRAG/metaqa_temp/1-hop/ntm/qa_dev.txt -> /root/CRAG/data/raw/metaqa/1-hop/ntm/qa_dev.txt
INFO:modal_runner:  Syncing /root/CRAG/metaqa_temp/1-hop/ntm/qa_test.txt -> /root/CRAG/data/raw/metaqa/1-hop/ntm/qa_test.txt
INFO:modal_runner:  Syncing /root/CRAG/metaqa_temp/1-hop/ntm/qa_train.txt -> /root/CRAG/data/raw/metaqa/1-hop/ntm/qa_train.txt
INFO:modal_runner:  Syncing /root/CRAG/metaqa_temp/1-hop/qa_dev_qtype.txt -> /root/CRAG/data/raw/metaqa/1-hop/qa_dev_qtype.txt
INFO:modal_runner:  Syncing /root/CRAG/metaqa_temp/README.txt -> /root/CRAG/data/raw/metaqa/README.txt
INFO:modal_runner:Checking for master nodes in cloud-mounted storage: /root/CRAG/data/processed/master_nodes.json (Exists: True)
INFO:modal_runner:--- 1. BUILDING UNIFIED DATABASE (musique) ---
INFO:src.pipeline.loaders:Loading SQuAD...
INFO:src.pipeline.loaders:  SQuAD: 19035 document nodes, 130319 question nodes, 149354 total
INFO:src.pipeline.loaders:Loading MuSiQue...
INFO:src.pipeline.loaders:  MuSiQue: 66551 total nodes parsed
INFO:src.pipeline.loaders:Loading 2WikiMultiHopQA...
INFO:src.pipeline.loaders:  2Wiki: 165000 total nodes parsed
INFO:src.pipeline.loaders:MetaQA already downloaded.
INFO:src.pipeline.loaders:Loading MetaQA...
INFO:src.pipeline.loaders:Parsing MetaQA knowledge base from data/raw/metaqa/kb.txt...
INFO:src.pipeline.loaders:  MetaQA KB: 40151 entity nodes, 109603 unique relation edges
INFO:src.pipeline.loaders:  Parsing MetaQA 1-hop train questions...
INFO:src.pipeline.loaders:  Parsing MetaQA 1-hop dev questions...
INFO:src.pipeline.loaders:  Parsing MetaQA 1-hop test questions...
INFO:src.pipeline.loaders:  Parsing MetaQA 2-hop train questions...
INFO:src.pipeline.loaders:  Parsing MetaQA 2-hop dev questions...
INFO:src.pipeline.loaders:  Parsing MetaQA 2-hop test questions...
INFO:src.pipeline.loaders:  Parsing MetaQA 3-hop train questions...
INFO:src.pipeline.loaders:  Parsing MetaQA 3-hop dev questions...
INFO:src.pipeline.loaders:  Parsing MetaQA 3-hop test questions...
INFO:src.pipeline.loaders:  MetaQA QA: 407513 question nodes across 3 hops
INFO:src.pipeline.loaders:  MetaQA Total: 447664 nodes
INFO:src.pipeline.loaders:Total Unified Nodes: 828569
INFO:src.pipeline.loaders:Saved to data/processed/master_nodes.json
INFO:modal_runner:--- 2. BUILDING FAISS/BM25 INDICES ---
INFO:src.core.indexers:════════════════════════════════════════════════════════════
INFO:src.core.indexers:  C-RAG  ·  Step 3: Per-Dataset UKB Indexing
INFO:src.core.indexers:════════════════════════════════════════════════════════════
INFO:src.core.indexers:Loading nodes from  data/processed/master_nodes.json …
INFO:src.core.indexers:  828569 StandardNodes loaded.
INFO:src.core.indexers:  Targeting 1 sources: ['musique']
INFO:sentence_transformers.SentenceTransformer:Load pretrained SentenceTransformer: multi-qa-MiniLM-L6-cos-v1
INFO:src.core.indexers:────────────────────────────────────────────────────────────
INFO:src.core.indexers:  Building indices for source: musique (66551 nodes)
INFO:src.core.indexers:────────────────────────────────────────────────────────────
INFO:src.core.indexers:[1/6] Building FAISS Node Index  (46613 document/entity nodes)…
Batches:   1%|          | 8/1457 [00:00<02:05, 11.58it/s]
Batches:   1%|          | 10/1457 [00:01<01:49, 13.27it/s]
Batches:   1%|          | 12/1457 [00:01<01:42, 14.05it/s]
Batches:   1%|          | 14/1457 [00:01<01:33, 15.45it/s]
Batches:   1%|          | 16/1457 [00:01<01:28, 16.35it/s]
Batches:   1%|          | 18/1457 [00:01<01:23, 17.21it/s]
Batches:   1%|▏         | 20/1457 [00:01<01:22, 17.38it/s]
Batches:   2%|▏         | 23/1457 [00:01<01:15, 19.01it/s]
Batches:   2%|▏         | 26/1457 [00:01<01:09, 20.60it/s]
Batches:   2%|▏         | 29/1457 [00:02<01:07, 21.17it/s]
Batches:   2%|▏         | 32/1457 [00:02<01:07, 21.22it/s]
Batches:   2%|▏         | 35/1457 [00:02<01:10, 20.26it/s]
Batches:   3%|▎         | 38/1457 [00:02<01:11, 19.97it/s]
Batches:   3%|▎         | 41/1457 [00:02<01:08, 20.81it/s]
Batches:   3%|▎         | 44/1457 [00:02<01:05, 21.50it/s]
Batches:   3%|▎         | 47/1457 [00:02<01:05, 21.39it/s]
Batches:   3%|▎         | 50/1457 [00:03<01:01, 22.74it/s]
Batches:   4%|▎         | 53/1457 [00:03<01:00, 23.28it/s]
Batches:   4%|▍         | 56/1457 [00:03<00:59, 23.53it/s]
Batches:   4%|▍         | 59/1457 [00:03<00:58, 23.90it/s]
Batches:   4%|▍         | 62/1457 [00:03<00:55, 25.16it/s]
Batches:   4%|▍         | 65/1457 [00:03<00:53, 26.03it/s]
Batches:   5%|▍         | 68/1457 [00:03<00:52, 26.47it/s]
Batches:   5%|▍         | 72/1457 [00:03<00:49, 27.74it/s]
Batches:   5%|▌         | 75/1457 [00:03<00:49, 27.95it/s]
Batches:   5%|▌         | 79/1457 [00:04<00:48, 28.70it/s]
Batches:   6%|▌         | 82/1457 [00:04<00:48, 28.59it/s]
Batches:   6%|▌         | 85/1457 [00:04<00:48, 28.57it/s]
Batches:   6%|▌         | 89/1457 [00:04<00:46, 29.43it/s]
Batches:   6%|▋         | 93/1457 [00:04<00:45, 30.15it/s]
Batches:   7%|▋         | 97/1457 [00:04<00:45, 29.65it/s]
Batches:   7%|▋         | 100/1457 [00:04<00:49, 27.69it/s]
Batches:   7%|▋         | 104/1457 [00:04<00:47, 28.51it/s]
Batches:   7%|▋         | 108/1457 [00:05<00:46, 28.77it/s]
Batches:   8%|▊         | 111/1457 [00:05<00:49, 27.46it/s]
Batches:   8%|▊         | 115/1457 [00:05<00:45, 29.60it/s]
Batches:   8%|▊         | 119/1457 [00:05<00:44, 30.37it/s]
Batches:   8%|▊         | 123/1457 [00:05<00:44, 29.67it/s]
Batches:   9%|▊         | 127/1457 [00:05<00:43, 30.24it/s]
Batches:   9%|▉         | 131/1457 [00:05<00:42, 31.06it/s]
Batches:   9%|▉         | 135/1457 [00:05<00:42, 31.35it/s]
Batches:  10%|▉         | 139/1457 [00:06<00:41, 32.08it/s]
Batches:  10%|▉         | 143/1457 [00:06<00:39, 33.05it/s]
Batches:  10%|█         | 147/1457 [00:06<00:38, 33.78it/s]
Batches:  10%|█         | 151/1457 [00:06<00:38, 33.60it/s]
Batches:  11%|█         | 155/1457 [00:06<00:37, 34.54it/s]
Batches:  11%|█         | 159/1457 [00:06<00:37, 34.28it/s]
Batches:  11%|█         | 163/1457 [00:06<00:36, 35.05it/s]
Batches:  11%|█▏        | 167/1457 [00:06<00:36, 35.42it/s]
Batches:  12%|█▏        | 171/1457 [00:06<00:39, 32.92it/s]
Batches:  12%|█▏        | 175/1457 [00:07<00:38, 32.91it/s]
Batches:  12%|█▏        | 179/1457 [00:07<00:37, 33.72it/s]
Batches:  13%|█▎        | 183/1457 [00:07<00:38, 33.07it/s]
Batches:  13%|█▎        | 187/1457 [00:07<00:36, 34.41it/s]
Batches:  13%|█▎        | 191/1457 [00:07<00:35, 35.28it/s]
Batches:  13%|█▎        | 196/1457 [00:07<00:34, 36.81it/s]
Batches:  14%|█▎        | 200/1457 [00:07<00:34, 36.90it/s]
Batches:  14%|█▍        | 204/1457 [00:07<00:34, 36.61it/s]
Batches:  14%|█▍        | 208/1457 [00:08<00:34, 36.14it/s]
Batches:  15%|█▍        | 212/1457 [00:08<00:35, 35.28it/s]
Batches:  15%|█▍        | 216/1457 [00:08<00:34, 36.37it/s]
Batches:  15%|█▌        | 221/1457 [00:08<00:33, 37.26it/s]
Batches:  16%|█▌        | 226/1457 [00:08<00:32, 37.82it/s]
Batches:  16%|█▌        | 230/1457 [00:08<00:32, 38.12it/s]
Batches:  16%|█▌        | 234/1457 [00:08<00:32, 38.21it/s]
Batches:  16%|█▋        | 238/1457 [00:08<00:33, 36.57it/s]
Batches:  17%|█▋        | 242/1457 [00:08<00:34, 34.94it/s]
Batches:  17%|█▋        | 246/1457 [00:09<00:33, 36.28it/s]
Batches:  17%|█▋        | 250/1457 [00:09<00:33, 36.53it/s]
Batches:  17%|█▋        | 254/1457 [00:09<00:32, 37.18it/s]
Batches:  18%|█▊        | 259/1457 [00:09<00:30, 38.69it/s]
Batches:  18%|█▊        | 263/1457 [00:09<00:30, 38.85it/s]
Batches:  18%|█▊        | 268/1457 [00:09<00:29, 39.88it/s]
Batches:  19%|█▊        | 273/1457 [00:09<00:29, 40.67it/s]
Batches:  19%|█▉        | 278/1457 [00:09<00:29, 40.30it/s]
Batches:  19%|█▉        | 283/1457 [00:09<00:28, 40.76it/s]
Batches:  20%|█▉        | 288/1457 [00:10<00:28, 41.75it/s]
Batches:  20%|██        | 293/1457 [00:10<00:27, 42.20it/s]
Batches:  20%|██        | 298/1457 [00:10<00:26, 42.97it/s]
Batches:  21%|██        | 303/1457 [00:10<00:27, 42.58it/s]
Batches:  21%|██        | 308/1457 [00:10<00:27, 42.25it/s]
Batches:  21%|██▏       | 313/1457 [00:10<00:26, 43.28it/s]
Batches:  22%|██▏       | 318/1457 [00:10<00:26, 42.92it/s]
Batches:  22%|██▏       | 323/1457 [00:10<00:25, 43.82it/s]
Batches:  23%|██▎       | 328/1457 [00:11<00:25, 44.16it/s]
Batches:  23%|██▎       | 333/1457 [00:11<00:25, 44.43it/s]
Batches:  23%|██▎       | 338/1457 [00:11<00:24, 45.04it/s]
Batches:  24%|██▎       | 343/1457 [00:11<00:24, 45.89it/s]
Batches:  24%|██▍       | 348/1457 [00:11<00:24, 44.39it/s]
Batches:  24%|██▍       | 353/1457 [00:11<00:24, 45.24it/s]
Batches:  25%|██▍       | 358/1457 [00:11<00:24, 45.18it/s]
Batches:  25%|██▍       | 363/1457 [00:11<00:24, 45.53it/s]
Batches:  25%|██▌       | 368/1457 [00:11<00:23, 46.42it/s]
Batches:  26%|██▌       | 373/1457 [00:11<00:22, 47.29it/s]
Batches:  26%|██▌       | 378/1457 [00:12<00:22, 47.39it/s]
Batches:  26%|██▋       | 383/1457 [00:12<00:22, 47.45it/s]
Batches:  27%|██▋       | 388/1457 [00:12<00:22, 47.96it/s]
Batches:  27%|██▋       | 394/1457 [00:12<00:21, 48.95it/s]
Batches:  27%|██▋       | 400/1457 [00:12<00:21, 49.64it/s]
Batches:  28%|██▊       | 405/1457 [00:12<00:21, 48.05it/s]
Batches:  28%|██▊       | 410/1457 [00:12<00:21, 48.37it/s]
Batches:  28%|██▊       | 415/1457 [00:12<00:21, 48.20it/s]
Batches:  29%|██▉       | 421/1457 [00:12<00:21, 48.79it/s]
Batches:  29%|██▉       | 427/1457 [00:13<00:20, 49.56it/s]
Batches:  30%|██▉       | 433/1457 [00:13<00:20, 50.87it/s]
Batches:  30%|███       | 439/1457 [00:13<00:19, 51.25it/s]
Batches:  31%|███       | 445/1457 [00:13<00:19, 52.94it/s]
Batches:  31%|███       | 451/1457 [00:13<00:19, 52.32it/s]
Batches:  31%|███▏      | 457/1457 [00:13<00:19, 51.29it/s]
Batches:  32%|███▏      | 463/1457 [00:13<00:19, 52.03it/s]
Batches:  32%|███▏      | 469/1457 [00:13<00:18, 52.83it/s]
Batches:  33%|███▎      | 475/1457 [00:13<00:18, 53.14it/s]
Batches:  33%|███▎      | 481/1457 [00:14<00:18, 52.75it/s]
Batches:  33%|███▎      | 487/1457 [00:14<00:18, 53.39it/s]
Batches:  34%|███▍      | 493/1457 [00:14<00:18, 52.95it/s]
Batches:  34%|███▍      | 499/1457 [00:14<00:18, 52.28it/s]
Batches:  35%|███▍      | 505/1457 [00:14<00:18, 51.20it/s]
Batches:  35%|███▌      | 511/1457 [00:14<00:18, 52.14it/s]
Batches:  35%|███▌      | 517/1457 [00:14<00:18, 52.08it/s]
Batches:  36%|███▌      | 523/1457 [00:14<00:17, 52.82it/s]
Batches:  36%|███▋      | 529/1457 [00:15<00:17, 53.96it/s]
Batches:  37%|███▋      | 535/1457 [00:15<00:17, 53.43it/s]
Batches:  37%|███▋      | 541/1457 [00:15<00:16, 54.45it/s]
Batches:  38%|███▊      | 547/1457 [00:15<00:16, 54.46it/s]
Batches:  38%|███▊      | 553/1457 [00:15<00:16, 54.00it/s]
Batches:  38%|███▊      | 559/1457 [00:15<00:16, 54.69it/s]
Batches:  39%|███▉      | 565/1457 [00:15<00:16, 54.73it/s]
Batches:  39%|███▉      | 571/1457 [00:15<00:15, 55.98it/s]
Batches:  40%|███▉      | 577/1457 [00:15<00:15, 56.52it/s]
Batches:  40%|████      | 583/1457 [00:15<00:15, 55.45it/s]
Batches:  40%|████      | 589/1457 [00:16<00:15, 56.49it/s]
Batches:  41%|████      | 595/1457 [00:16<00:15, 57.27it/s]
Batches:  41%|████      | 601/1457 [00:16<00:15, 57.06it/s]
Batches:  42%|████▏     | 608/1457 [00:16<00:14, 58.65it/s]
Batches:  42%|████▏     | 614/1457 [00:16<00:14, 58.93it/s]
Batches:  43%|████▎     | 620/1457 [00:16<00:14, 57.63it/s]
Batches:  43%|████▎     | 626/1457 [00:16<00:14, 57.06it/s]
Batches:  43%|████▎     | 633/1457 [00:16<00:14, 58.32it/s]
Batches:  44%|████▍     | 640/1457 [00:16<00:13, 59.27it/s]
Batches:  44%|████▍     | 647/1457 [00:17<00:13, 60.72it/s]
Batches:  45%|████▍     | 654/1457 [00:17<00:13, 59.98it/s]
Batches:  45%|████▌     | 661/1457 [00:17<00:13, 60.20it/s]
Batches:  46%|████▌     | 668/1457 [00:17<00:12, 62.25it/s]
Batches:  46%|████▋     | 675/1457 [00:17<00:12, 62.40it/s]
Batches:  47%|████▋     | 682/1457 [00:17<00:12, 61.88it/s]
Batches:  47%|████▋     | 689/1457 [00:17<00:12, 60.66it/s]
Batches:  48%|████▊     | 696/1457 [00:17<00:12, 61.25it/s]
Batches:  48%|████▊     | 703/1457 [00:17<00:12, 62.55it/s]
Batches:  49%|████▊     | 710/1457 [00:18<00:11, 64.28it/s]
Batches:  49%|████▉     | 717/1457 [00:18<00:11, 64.28it/s]
Batches:  50%|████▉     | 724/1457 [00:18<00:11, 65.87it/s]
Batches:  50%|█████     | 732/1457 [00:18<00:10, 67.45it/s]
Batches:  51%|█████     | 739/1457 [00:18<00:10, 67.57it/s]
Batches:  51%|█████     | 746/1457 [00:18<00:10, 67.24it/s]
Batches:  52%|█████▏    | 753/1457 [00:18<00:10, 67.74it/s]
Batches:  52%|█████▏    | 760/1457 [00:18<00:10, 67.30it/s]
Batches:  53%|█████▎    | 767/1457 [00:18<00:10, 67.85it/s]
Batches:  53%|█████▎    | 774/1457 [00:19<00:09, 68.41it/s]
Batches:  54%|█████▎    | 781/1457 [00:19<00:09, 68.57it/s]
Batches:  54%|█████▍    | 788/1457 [00:19<00:09, 68.14it/s]
Batches:  55%|█████▍    | 796/1457 [00:19<00:09, 69.41it/s]
Batches:  55%|█████▌    | 803/1457 [00:19<00:09, 69.11it/s]
Batches:  56%|█████▌    | 811/1457 [00:19<00:09, 69.52it/s]
Batches:  56%|█████▌    | 819/1457 [00:19<00:08, 70.91it/s]
Batches:  57%|█████▋    | 827/1457 [00:19<00:08, 70.77it/s]
Batches:  57%|█████▋    | 835/1457 [00:19<00:08, 72.03it/s]
Batches:  58%|█████▊    | 843/1457 [00:19<00:08, 72.20it/s]
Batches:  58%|█████▊    | 851/1457 [00:20<00:08, 73.83it/s]
Batches:  59%|█████▉    | 859/1457 [00:20<00:08, 73.05it/s]
Batches:  60%|█████▉    | 867/1457 [00:20<00:08, 72.96it/s]
Batches:  60%|██████    | 875/1457 [00:20<00:07, 73.69it/s]
Batches:  61%|██████    | 883/1457 [00:20<00:07, 75.23it/s]
Batches:  61%|██████    | 891/1457 [00:20<00:07, 74.89it/s]
Batches:  62%|██████▏   | 900/1457 [00:20<00:07, 76.82it/s]
Batches:  62%|██████▏   | 909/1457 [00:20<00:07, 77.95it/s]
Batches:  63%|██████▎   | 918/1457 [00:20<00:06, 79.11it/s]
Batches:  64%|██████▎   | 926/1457 [00:21<00:06, 79.12it/s]
Batches:  64%|██████▍   | 935/1457 [00:21<00:06, 79.45it/s]
Batches:  65%|██████▍   | 944/1457 [00:21<00:06, 80.34it/s]
Batches:  65%|██████▌   | 953/1457 [00:21<00:06, 80.87it/s]
Batches:  66%|██████▌   | 962/1457 [00:21<00:06, 81.49it/s]
Batches:  67%|██████▋   | 971/1457 [00:21<00:05, 82.51it/s]
Batches:  67%|██████▋   | 980/1457 [00:21<00:05, 81.94it/s]
Batches:  68%|██████▊   | 989/1457 [00:21<00:05, 81.83it/s]
Batches:  68%|██████▊   | 998/1457 [00:21<00:05, 82.04it/s]
Batches:  69%|██████▉   | 1007/1457 [00:22<00:05, 81.94it/s]
Batches:  70%|██████▉   | 1016/1457 [00:22<00:05, 82.76it/s]
Batches:  70%|███████   | 1025/1457 [00:22<00:05, 82.82it/s]
Batches:  71%|███████   | 1034/1457 [00:22<00:05, 83.69it/s]
Batches:  72%|███████▏  | 1043/1457 [00:22<00:04, 83.56it/s]
Batches:  72%|███████▏  | 1052/1457 [00:22<00:04, 84.07it/s]
Batches:  73%|███████▎  | 1061/1457 [00:22<00:04, 85.11it/s]
Batches:  74%|███████▎  | 1071/1457 [00:22<00:04, 86.68it/s]
Batches:  74%|███████▍  | 1080/1457 [00:22<00:04, 85.18it/s]
Batches:  75%|███████▍  | 1089/1457 [00:22<00:04, 86.40it/s]
Batches:  75%|███████▌  | 1099/1457 [00:23<00:04, 88.88it/s]
Batches:  76%|███████▌  | 1109/1457 [00:23<00:03, 90.42it/s]
Batches:  77%|███████▋  | 1119/1457 [00:23<00:03, 89.90it/s]
Batches:  77%|███████▋  | 1129/1457 [00:23<00:03, 91.35it/s]
Batches:  78%|███████▊  | 1139/1457 [00:23<00:03, 93.02it/s]
Batches:  79%|███████▉  | 1150/1457 [00:23<00:03, 96.05it/s]
Batches:  80%|███████▉  | 1161/1457 [00:23<00:03, 98.06it/s]
Batches:  80%|████████  | 1172/1457 [00:23<00:02, 98.97it/s]
Batches:  81%|████████  | 1183/1457 [00:23<00:02, 100.08it/s]
Batches:  82%|████████▏ | 1194/1457 [00:24<00:02, 100.02it/s]
Batches:  83%|████████▎ | 1205/1457 [00:24<00:02, 99.26it/s]
Batches:  83%|████████▎ | 1216/1457 [00:24<00:02, 100.12it/s]
Batches:  84%|████████▍ | 1228/1457 [00:24<00:02, 104.81it/s]
Batches:  85%|████████▌ | 1240/1457 [00:24<00:02, 106.59it/s]
Batches:  86%|████████▌ | 1252/1457 [00:24<00:01, 109.13it/s]
Batches:  87%|████████▋ | 1264/1457 [00:24<00:01, 111.88it/s]
Batches:  88%|████████▊ | 1277/1457 [00:24<00:01, 114.34it/s]
Batches:  88%|████████▊ | 1289/1457 [00:24<00:01, 115.96it/s]
Batches:  89%|████████▉ | 1301/1457 [00:25<00:01, 116.98it/s]
Batches:  90%|█████████ | 1314/1457 [00:25<00:01, 119.39it/s]
Batches:  91%|█████████ | 1327/1457 [00:25<00:01, 121.88it/s]
Batches:  92%|█████████▏| 1341/1457 [00:25<00:00, 124.81it/s]
Batches:  93%|█████████▎| 1355/1457 [00:25<00:00, 128.34it/s]
Batches:  94%|█████████▍| 1369/1457 [00:25<00:00, 130.99it/s]
Batches:  95%|█████████▍| 1383/1457 [00:25<00:00, 132.70it/s]
Batches:  96%|█████████▌| 1398/1457 [00:25<00:00, 135.01it/s]
Batches:  97%|█████████▋| 1413/1457 [00:25<00:00, 136.63it/s]
Batches:  98%|█████████▊| 1428/1457 [00:25<00:00, 138.68it/s]
Batches:  99%|█████████▉| 1443/1457 [00:26<00:00, 140.95it/s]
INFO:src.core.indexers:    ✔  Saved  data/ukb_storage/musique/nodes.index  (46613 vectors, dim=384)
INFO:src.core.indexers:[2/6] Building BM25 Index (46613 nodes)…
INFO:src.core.indexers:    ✔  Saved  data/ukb_storage/musique/bm25.pkl
INFO:src.core.indexers:[3/6] Building PyG Graph (46613 nodes) with Dense KNN Fallback...
INFO:src.core.indexers:    Weaving universal semantic edges (KNN, k=3) for all 46613 nodes...
INFO:src.core.indexers:    ✔  Added 111595 universal semantic edges.
INFO:src.core.indexers:    ✔  Saved  data/ukb_storage/musique/graph.pt  (46613 nodes, 196246 edges)
INFO:src.core.indexers:[4/6] Building Partition Map (46613 nodes)…
INFO:src.core.indexers:    Using PyMETIS for graph partitioning (Target: ~1000 nodes/partition)…
INFO:src.core.indexers:    PyMETIS created 46 partitions with 12691 edge cuts.
INFO:src.core.indexers:    ✔ Partition Stats (Docs): Min=983, Max=1043, Median=1010.0
INFO:src.core.indexers:    ✔  Saved  data/ukb_storage/musique/partition_map.json  (46 partitions)
INFO:src.core.indexers:[5/6] Building FAISS Centroid Index…
INFO:src.core.indexers:    ✔  Saved  data/ukb_storage/musique/centroids.index  (46 centroids, dim=384)
INFO:src.core.indexers:[6/6] Building ColBERT Index via Ragatouille (46613 nodes)…
[Apr 03, 11:19:22] #> Creating directory .ragatouille/colbert/indexes/colbert_ukb
[Apr 03, 11:19:23] [0]           #> Encoding 37849 passages..
[Apr 03, 11:20:11] [0]           avg_doclen_est = 75.13667297363281      len(local_sample) = 37,849
[Apr 03, 11:20:11] [0]           Creating 16,384 partitions.
[Apr 03, 11:20:11] [0]           *Estimated* 3,503,698 embeddings.
[Apr 03, 11:20:11] [0]           #> Saving the indexing plan to .ragatouille/colbert/indexes/colbert_ukb/plan.json ..
Clustering 2793848 points in 128D to 16384 clusters, redo 1 times, 20 iterations
Preprocessing in 0.18 s
Iteration 0 (1.30 s, search 1.13 s): objective=1.30874e+06 imbalance=1.554 nsplit=388
Iteration 1 (2.51 s, search 2.26 s): objective=847707 imbalance=1.438 nsplit=7
Iteration 2 (3.72 s, search 3.39 s): objective=789790 imbalance=1.411 nsplit=0
Iteration 3 (4.92 s, search 4.52 s): objective=765312 imbalance=1.401 nsplit=0
Iteration 4 (6.12 s, search 5.65 s): objective=752257 imbalance=1.396 nsplit=0
Iteration 5 (7.32 s, search 6.78 s): objective=744504 imbalance=1.392 nsplit=0
Iteration 6 (8.52 s, search 7.91 s): objective=739489 imbalance=1.390 nsplit=0
Iteration 7 (9.73 s, search 9.04 s): objective=736212 imbalance=1.388 nsplit=0
Iteration 8 (10.93 s, search 10.18 s): objective=733754 imbalance=1.388 nsplit=0
Iteration 9 (12.13 s, search 11.31 s): objective=731968 imbalance=1.387 nsplit=0
Iteration 10 (13.33 s, search 12.44 s): objective=730718 imbalance=1.387 nsplit=0
Iteration 11 (14.53 s, search 13.57 s): objective=729827 imbalance=1.386 nsplit=0
Iteration 12 (15.74 s, search 14.70 s): objective=729147 imbalance=1.386 nsplit=0
Iteration 13 (16.95 s, search 15.83 s): objective=728648 imbalance=1.386 nsplit=0
Iteration 14 (18.15 s, search 16.97 s): objective=728243 imbalance=1.386 nsplit=0
Iteration 15 (19.36 s, search 18.10 s): objective=727916 imbalance=1.386 nsplit=0
Iteration 16 (20.56 s, search 19.23 s): objective=727693 imbalance=1.386 nsplit=0
Iteration 17 (21.76 s, search 20.37 s): objective=727488 imbalance=1.386 nsplit=0
Iteration 18 (22.96 s, search 21.50 s): objective=727311 imbalance=1.386 nsplit=0
Iteration 19 (24.16 s, search 22.63 s): objective=727140 imbalance=1.386 nsplit=0
[Apr 03, 11:20:36] Loading decompress_residuals_cpp extension (set COLBERT_LOAD_TORCH_EXTENSION_VERBOSE=True for more info)...
[Apr 03, 11:22:44] Loading packbits_cpp extension (set COLBERT_LOAD_TORCH_EXTENSION_VERBOSE=True for more info)...
[0.036, 0.037, 0.038, 0.036, 0.036, 0.036, 0.035, 0.034, 0.034, 0.036, 0.034, 0.036, 0.034, 0.036, 0.036, 0.036, 0.032, 0.033, 0.034, 0.035, 0.037, 0.036, 0.036, 0.035, 0.035, 0.035, 0.037, 0.037, 0.034, 0.038, 0.037, 0.036, 0.039, 0.035, 0.034, 0.033, 0.037, 0.036, 0.036, 0.041, 0.037, 0.035, 0.037, 0.034, 0.035, 0.036, 0.034, 0.038, 0.037, 0.034, 0.035, 0.035, 0.034, 0.036, 0.036, 0.037, 0.041, 0.036, 0.04, 0.033, 0.033, 0.036, 0.036, 0.038, 0.039, 0.036, 0.036, 0.038, 0.033, 0.035, 0.038, 0.035, 0.035, 0.036, 0.034, 0.035, 0.036, 0.039, 0.035, 0.036, 0.035, 0.036, 0.037, 0.037, 0.034, 0.036, 0.037, 0.037, 0.035, 0.04, 0.035, 0.037, 0.036, 0.036, 0.036, 0.035, 0.04, 0.035, 0.036, 0.036, 0.037, 0.039, 0.035, 0.036, 0.037, 0.037, 0.036, 0.035, 0.035, 0.034, 0.036, 0.037, 0.038, 0.034, 0.036, 0.035, 0.035, 0.036, 0.039, 0.037, 0.035, 0.035, 0.035, 0.038, 0.033, 0.035, 0.036, 0.034]
[Apr 03, 11:24:52] [0]           #> Encoding 25000 passages..
0it [00:00, ?it/s]
[Apr 03, 11:25:23] [0]           #> Encoding 21631 passages..
1it [00:30, 30.64s/it]
2it [00:57, 28.47s/it]
2it [00:57, 28.82s/it]
[Apr 03, 11:25:50] #> Optimizing IVF to store map from centroids to list of pids..
[Apr 03, 11:25:50] #> Building the emb2pid mapping..
[Apr 03, 11:25:50] len(emb2pid) = 3502785
0%|          | 0/16384 [00:00<?, ?it/s]
38%|███▊      | 6266/16384 [00:00<00:00, 62652.74it/s]
76%|███████▋  | 12532/16384 [00:00<00:00, 62457.69it/s]100%|██████████| 16384/16384 [00:00<00:00, 62252.61it/s]
[Apr 03, 11:25:50] #> Saved optimized IVF to .ragatouille/colbert/indexes/colbert_ukb/ivf.pid.pt
Done indexing!
INFO:src.core.indexers:    Building ColBERT Centroid partition view…
INFO:src.core.indexers:    Aggregating Top-3 Hubs per partition for ColBERT Centroids…
[Apr 03, 11:25:51] #> Creating directory .ragatouille/colbert/indexes/colbert_centroids
[Apr 03, 11:25:52] [0]           #> Encoding 46 passages..
[Apr 03, 11:25:52] [0]           avg_doclen_est = 98.65217590332031      len(local_sample) = 46
[Apr 03, 11:25:52] [0]           Creating 1,024 partitions.
[Apr 03, 11:25:52] [0]           *Estimated* 4,538 embeddings.
[Apr 03, 11:25:52] [0]           #> Saving the indexing plan to .ragatouille/colbert/indexes/colbert_centroids/plan.json ..
WARNING clustering 4312 points to 1024 centroids: please provide at least 39936 training points
Clustering 4312 points in 128D to 1024 clusters, redo 1 times, 20 iterations
Preprocessing in 0.00 s
Iteration 0 (0.01 s, search 0.00 s): objective=1646.19 imbalance=1.599 nsplit=0
Iteration 1 (0.01 s, search 0.00 s): objective=1012.59 imbalance=1.553 nsplit=0
Iteration 2 (0.01 s, search 0.00 s): objective=967.614 imbalance=1.537 nsplit=0
Iteration 3 (0.01 s, search 0.00 s): objective=951.525 imbalance=1.528 nsplit=0
Iteration 4 (0.01 s, search 0.00 s): objective=946.436 imbalance=1.529 nsplit=0
Iteration 5 (0.01 s, search 0.00 s): objective=944.296 imbalance=1.530 nsplit=0
Iteration 6 (0.01 s, search 0.00 s): objective=942.819 imbalance=1.531 nsplit=0
Iteration 7 (0.01 s, search 0.00 s): objective=942.443 imbalance=1.531 nsplit=0
Iteration 8 (0.01 s, search 0.00 s): objective=942.4 imbalance=1.531 nsplit=0
Iteration 9 (0.01 s, search 0.00 s): objective=942.321 imbalance=1.531 nsplit=0
Iteration 10 (0.01 s, search 0.01 s): objective=942.278 imbalance=1.532 nsplit=0
Iteration 11 (0.01 s, search 0.01 s): objective=942.231 imbalance=1.532 nsplit=0
Iteration 12 (0.01 s, search 0.01 s): objective=942.231 imbalance=1.532 nsplit=0
Iteration 13 (0.01 s, search 0.01 s): objective=942.231 imbalance=1.532 nsplit=0
Iteration 14 (0.02 s, search 0.01 s): objective=942.231 imbalance=1.532 nsplit=0
Iteration 15 (0.02 s, search 0.01 s): objective=942.231 imbalance=1.532 nsplit=0
Iteration 16 (0.02 s, search 0.01 s): objective=942.231 imbalance=1.532 nsplit=0
Iteration 17 (0.02 s, search 0.01 s): objective=942.231 imbalance=1.532 nsplit=0
Iteration 18 (0.02 s, search 0.01 s): objective=942.231 imbalance=1.532 nsplit=0
Iteration 19 (0.02 s, search 0.01 s): objective=942.231 imbalance=1.532 nsplit=0
[0.044, 0.04, 0.045, 0.041, 0.04, 0.039, 0.042, 0.041, 0.038, 0.038, 0.042, 0.041, 0.041, 0.038, 0.042, 0.043, 0.034, 0.038, 0.039, 0.038, 0.046, 0.038, 0.04, 0.043, 0.039, 0.045, 0.039, 0.046, 0.038, 0.039, 0.042, 0.038, 0.043, 0.041, 0.038, 0.037, 0.041, 0.044, 0.04, 0.044, 0.042, 0.038, 0.046, 0.038, 0.041, 0.042, 0.041, 0.046, 0.042, 0.041, 0.041, 0.039, 0.039, 0.039, 0.042, 0.045, 0.046, 0.044, 0.042, 0.035, 0.041, 0.042, 0.045, 0.042, 0.041, 0.041, 0.042, 0.046, 0.038, 0.044, 0.046, 0.036, 0.042, 0.042, 0.038, 0.042, 0.039, 0.041, 0.039, 0.045, 0.042, 0.042, 0.042, 0.043, 0.037, 0.038, 0.041, 0.044, 0.041, 0.046, 0.038, 0.038, 0.04, 0.045, 0.043, 0.038, 0.044, 0.039, 0.045, 0.043, 0.041, 0.044, 0.038, 0.039, 0.042, 0.039, 0.039, 0.04, 0.038, 0.04, 0.044, 0.042, 0.049, 0.038, 0.042, 0.045, 0.039, 0.04, 0.045, 0.042, 0.038, 0.038, 0.037, 0.037, 0.038, 0.04, 0.04, 0.038]
[Apr 03, 11:25:52] [0]           #> Encoding 46 passages..
0it [00:00, ?it/s]
1it [00:00, 17.28it/s]
[Apr 03, 11:25:52] #> Optimizing IVF to store map from centroids to list of pids..
[Apr 03, 11:25:52] #> Building the emb2pid mapping..
[Apr 03, 11:25:52] len(emb2pid) = 4538
0%|          | 0/1024 [00:00<?, ?it/s]
100%|██████████| 1024/1024 [00:00<00:00, 73960.62it/s]
[Apr 03, 11:25:52] #> Saved optimized IVF to .ragatouille/colbert/indexes/colbert_centroids/ivf.pid.pt
Done indexing!
INFO:src.core.indexers:    ✔  ColBERT Node index + Centroid partition index complete.
INFO:src.core.indexers:  ✔  Source 'musique' complete → /root/CRAG/data/ukb_storage/musique
INFO:src.core.indexers:════════════════════════════════════════════════════════════
INFO:src.core.indexers:  ✔  All requested per-dataset UKB views processed!
INFO:src.core.indexers:  Output root: /root/CRAG/data/ukb_storage
INFO:src.core.indexers:════════════════════════════════════════════════════════════
INFO:modal_runner:--- 3. TRAINING MLP ALIGNMENT: MUSIQUE (100 Epochs) ---
INFO:src.alignment.train_alignment:Training mlp for musique on cuda...
INFO:src.alignment.train_alignment:Filtered to 66551 nodes for source 'musique' (from 828569 total)
INFO:sentence_transformers.SentenceTransformer:Load pretrained SentenceTransformer: multi-qa-MiniLM-L6-cos-v1
INFO:src.alignment.train_alignment:Loading node features directly from FAISS index to save time...
INFO:src.alignment.train_alignment:Aligned doc-only nodes (46613) to FAISS index (46613 vectors)
INFO:src.alignment.train_alignment:Using raw node features for mlp. Shape: torch.Size([46613, 384])
INFO:src.alignment.train_alignment:Split musique: 13956 train / 3987 val / 1995 test
INFO:src.alignment.train_alignment:Pre-encoding 13956 musique/train queries...
Batches:   3%|▎         | 14/437 [00:00<00:03, 135.84it/s]
Batches:   7%|▋         | 30/437 [00:00<00:02, 145.79it/s]
Batches:  11%|█         | 46/437 [00:00<00:02, 150.61it/s]
Batches:  14%|█▍        | 63/437 [00:00<00:02, 154.71it/s]
Batches:  18%|█▊        | 80/437 [00:00<00:02, 157.53it/s]
Batches:  22%|██▏       | 97/437 [00:00<00:02, 159.49it/s]
Batches:  26%|██▌       | 114/437 [00:00<00:02, 160.72it/s]
Batches:  30%|██▉       | 131/437 [00:00<00:01, 161.28it/s]
Batches:  34%|███▍      | 148/437 [00:00<00:01, 163.43it/s]
Batches:  38%|███▊      | 166/437 [00:01<00:01, 165.78it/s]
Batches:  42%|████▏     | 183/437 [00:01<00:01, 166.24it/s]
Batches:  46%|████▌     | 200/437 [00:01<00:01, 167.02it/s]
Batches:  50%|████▉     | 217/437 [00:01<00:01, 167.32it/s]
Batches:  54%|█████▎    | 234/437 [00:01<00:01, 167.26it/s]
Batches:  58%|█████▊    | 252/437 [00:01<00:01, 168.79it/s]
Batches:  62%|██████▏   | 270/437 [00:01<00:00, 169.47it/s]
Batches:  66%|██████▌   | 288/437 [00:01<00:00, 169.69it/s]
Batches:  70%|███████   | 306/437 [00:01<00:00, 170.01it/s]
Batches:  74%|███████▍  | 324/437 [00:01<00:00, 171.31it/s]
Batches:  78%|███████▊  | 342/437 [00:02<00:00, 171.99it/s]
Batches:  82%|████████▏ | 360/437 [00:02<00:00, 171.27it/s]
Batches:  86%|████████▋ | 378/437 [00:02<00:00, 172.59it/s]
Batches:  91%|█████████ | 396/437 [00:02<00:00, 173.60it/s]
Batches:  95%|█████████▍| 414/437 [00:02<00:00, 174.76it/s]
Batches:  99%|█████████▉| 433/437 [00:02<00:00, 176.81it/s]
INFO:src.alignment.train_alignment:Dataset (musique/train): 13956 samples
INFO:src.alignment.train_alignment:Pre-encoding 3987 musique/val queries...
Batches:  13%|█▎        | 16/125 [00:00<00:00, 155.30it/s]
Batches:  26%|██▋       | 33/125 [00:00<00:00, 160.11it/s]
Batches:  40%|████      | 50/125 [00:00<00:00, 163.10it/s]
Batches:  54%|█████▍    | 68/125 [00:00<00:00, 168.02it/s]
Batches:  69%|██████▉   | 86/125 [00:00<00:00, 169.53it/s]
Batches:  82%|████████▏ | 103/125 [00:00<00:00, 169.38it/s]
Batches:  97%|█████████▋| 121/125 [00:00<00:00, 171.95it/s]
INFO:src.alignment.train_alignment:Dataset (musique/val): 3987 samples
INFO:src.alignment.train_alignment:Pre-encoding 1995 musique/test queries...
Batches:  25%|██▌       | 16/63 [00:00<00:00, 157.89it/s]
Batches:  52%|█████▏    | 33/63 [00:00<00:00, 164.03it/s]
Batches:  81%|████████  | 51/63 [00:00<00:00, 168.35it/s]
INFO:src.alignment.train_alignment:Dataset (musique/test): 1995 samples
INFO:src.alignment.train_alignment:Loading pre-computed centroids for musique alignment...
INFO:src.alignment.train_alignment:Using LR=1.0e-04 for mlp (scheduler will adapt)
Training MLP (musique):   0%|          | 0/100 [00:00<?, ?it/s]
Training MLP (musique):   0%|          | 0/100 [00:01<?, ?it/s, TrL=3.2425, VaL=2.8273, TeL=2.8006, ★=best]
Training MLP (musique):   1%|          | 1/100 [00:01<02:42,  1.65s/it, TrL=3.2425, VaL=2.8273, TeL=2.8006, ★=best]
Training MLP (musique):   1%|          | 1/100 [00:02<02:42,  1.65s/it, TrL=2.6911, VaL=2.4427, TeL=2.4008, ★=best]
Training MLP (musique):   2%|▏         | 2/100 [00:02<02:15,  1.38s/it, TrL=2.6911, VaL=2.4427, TeL=2.4008, ★=best]
Training MLP (musique):   2%|▏         | 2/100 [00:04<02:15,  1.38s/it, TrL=2.4308, VaL=2.2321, TeL=2.1895, ★=best]
Training MLP (musique):   3%|▎         | 3/100 [00:04<02:06,  1.30s/it, TrL=2.4308, VaL=2.2321, TeL=2.1895, ★=best]
Training MLP (musique):   3%|▎         | 3/100 [00:05<02:06,  1.30s/it, TrL=2.2531, VaL=2.1005, TeL=2.0640, ★=best]
Training MLP (musique):   4%|▍         | 4/100 [00:05<02:00,  1.26s/it, TrL=2.2531, VaL=2.1005, TeL=2.0640, ★=best]
Training MLP (musique):   4%|▍         | 4/100 [00:06<02:00,  1.26s/it, TrL=2.1355, VaL=1.9992, TeL=1.9632, ★=best]
Training MLP (musique):   5%|▌         | 5/100 [00:06<01:56,  1.23s/it, TrL=2.1355, VaL=1.9992, TeL=1.9632, ★=best]
Training MLP (musique):   5%|▌         | 5/100 [00:07<01:56,  1.23s/it, TrL=2.0326, VaL=1.9134, TeL=1.8776, ★=best]
Training MLP (musique):   6%|▌         | 6/100 [00:07<01:54,  1.21s/it, TrL=2.0326, VaL=1.9134, TeL=1.8776, ★=best]
Training MLP (musique):   6%|▌         | 6/100 [00:08<01:54,  1.21s/it, TrL=1.9433, VaL=1.8410, TeL=1.8004, ★=best]
Training MLP (musique):   7%|▋         | 7/100 [00:08<01:52,  1.21s/it, TrL=1.9433, VaL=1.8410, TeL=1.8004, ★=best]
Training MLP (musique):   7%|▋         | 7/100 [00:09<01:52,  1.21s/it, TrL=1.8654, VaL=1.7820, TeL=1.7454, ★=best]
Training MLP (musique):   8%|▊         | 8/100 [00:09<01:50,  1.20s/it, TrL=1.8654, VaL=1.7820, TeL=1.7454, ★=best]
Training MLP (musique):   8%|▊         | 8/100 [00:11<01:50,  1.20s/it, TrL=1.8000, VaL=1.7288, TeL=1.6928, ★=best]
Training MLP (musique):   9%|▉         | 9/100 [00:11<01:49,  1.20s/it, TrL=1.8000, VaL=1.7288, TeL=1.6928, ★=best]
Training MLP (musique):   9%|▉         | 9/100 [00:12<01:49,  1.20s/it, TrL=1.7271, VaL=1.6784, TeL=1.6370, ★=best]
Training MLP (musique):  10%|█         | 10/100 [00:12<01:47,  1.20s/it, TrL=1.7271, VaL=1.6784, TeL=1.6370, ★=best]
Training MLP (musique):  10%|█         | 10/100 [00:13<01:47,  1.20s/it, TrL=1.6758, VaL=1.6263, TeL=1.5867, ★=best]
Training MLP (musique):  11%|█         | 11/100 [00:13<01:46,  1.20s/it, TrL=1.6758, VaL=1.6263, TeL=1.5867, ★=best]
Training MLP (musique):  11%|█         | 11/100 [00:14<01:46,  1.20s/it, TrL=1.6188, VaL=1.5872, TeL=1.5407, ★=best]
Training MLP (musique):  12%|█▏        | 12/100 [00:14<01:45,  1.20s/it, TrL=1.6188, VaL=1.5872, TeL=1.5407, ★=best]
Training MLP (musique):  12%|█▏        | 12/100 [00:15<01:45,  1.20s/it, TrL=1.5705, VaL=1.5485, TeL=1.5071, ★=best]
Training MLP (musique):  13%|█▎        | 13/100 [00:15<01:43,  1.19s/it, TrL=1.5705, VaL=1.5485, TeL=1.5071, ★=best]
Training MLP (musique):  13%|█▎        | 13/100 [00:17<01:43,  1.19s/it, TrL=1.5187, VaL=1.5090, TeL=1.4631, ★=best]
Training MLP (musique):  14%|█▍        | 14/100 [00:17<01:42,  1.19s/it, TrL=1.5187, VaL=1.5090, TeL=1.4631, ★=best]
Training MLP (musique):  14%|█▍        | 14/100 [00:18<01:42,  1.19s/it, TrL=1.4753, VaL=1.4779, TeL=1.4345, ★=best]
Training MLP (musique):  15%|█▌        | 15/100 [00:18<01:41,  1.20s/it, TrL=1.4753, VaL=1.4779, TeL=1.4345, ★=best]
Training MLP (musique):  15%|█▌        | 15/100 [00:19<01:41,  1.20s/it, TrL=1.4254, VaL=1.4439, TeL=1.3995, ★=best]
Training MLP (musique):  16%|█▌        | 16/100 [00:19<01:40,  1.20s/it, TrL=1.4254, VaL=1.4439, TeL=1.3995, ★=best]
Training MLP (musique):  16%|█▌        | 16/100 [00:20<01:40,  1.20s/it, TrL=1.3879, VaL=1.4138, TeL=1.3669, ★=best]
Training MLP (musique):  17%|█▋        | 17/100 [00:20<01:38,  1.19s/it, TrL=1.3879, VaL=1.4138, TeL=1.3669, ★=best]
Training MLP (musique):  17%|█▋        | 17/100 [00:21<01:38,  1.19s/it, TrL=1.3432, VaL=1.3806, TeL=1.3378, ★=best]
Training MLP (musique):  18%|█▊        | 18/100 [00:21<01:37,  1.19s/it, TrL=1.3432, VaL=1.3806, TeL=1.3378, ★=best]
Training MLP (musique):  18%|█▊        | 18/100 [00:23<01:37,  1.19s/it, TrL=1.3039, VaL=1.3535, TeL=1.3092, ★=best]
Training MLP (musique):  19%|█▉        | 19/100 [00:23<01:36,  1.19s/it, TrL=1.3039, VaL=1.3535, TeL=1.3092, ★=best]
Training MLP (musique):  19%|█▉        | 19/100 [00:24<01:36,  1.19s/it, TrL=1.2627, VaL=1.3291, TeL=1.2805, ★=best]
Training MLP (musique):  20%|██        | 20/100 [00:24<01:35,  1.19s/it, TrL=1.2627, VaL=1.3291, TeL=1.2805, ★=best]
Training MLP (musique):  20%|██        | 20/100 [00:25<01:35,  1.19s/it, TrL=1.2297, VaL=1.2992, TeL=1.2512, ★=best]
Training MLP (musique):  21%|██        | 21/100 [00:25<01:34,  1.19s/it, TrL=1.2297, VaL=1.2992, TeL=1.2512, ★=best]
Training MLP (musique):  21%|██        | 21/100 [00:26<01:34,  1.19s/it, TrL=1.1938, VaL=1.2767, TeL=1.2326, ★=best]
Training MLP (musique):  22%|██▏       | 22/100 [00:26<01:33,  1.19s/it, TrL=1.1938, VaL=1.2767, TeL=1.2326, ★=best]
Training MLP (musique):  22%|██▏       | 22/100 [00:27<01:33,  1.19s/it, TrL=1.1661, VaL=1.2518, TeL=1.2022, ★=best]
Training MLP (musique):  23%|██▎       | 23/100 [00:27<01:31,  1.19s/it, TrL=1.1661, VaL=1.2518, TeL=1.2022, ★=best]
Training MLP (musique):  23%|██▎       | 23/100 [00:29<01:31,  1.19s/it, TrL=1.1340, VaL=1.2320, TeL=1.1871, ★=best]
Training MLP (musique):  24%|██▍       | 24/100 [00:29<01:30,  1.19s/it, TrL=1.1340, VaL=1.2320, TeL=1.1871, ★=best]
Training MLP (musique):  24%|██▍       | 24/100 [00:30<01:30,  1.19s/it, TrL=1.1005, VaL=1.2142, TeL=1.1678, ★=best]
Training MLP (musique):  25%|██▌       | 25/100 [00:30<01:29,  1.19s/it, TrL=1.1005, VaL=1.2142, TeL=1.1678, ★=best]
Training MLP (musique):  25%|██▌       | 25/100 [00:31<01:29,  1.19s/it, TrL=1.0761, VaL=1.2048, TeL=1.1515, ★=best]
Training MLP (musique):  26%|██▌       | 26/100 [00:31<01:28,  1.19s/it, TrL=1.0761, VaL=1.2048, TeL=1.1515, ★=best]
Training MLP (musique):  26%|██▌       | 26/100 [00:32<01:28,  1.19s/it, TrL=1.0494, VaL=1.1856, TeL=1.1371, ★=best]
Training MLP (musique):  27%|██▋       | 27/100 [00:32<01:27,  1.19s/it, TrL=1.0494, VaL=1.1856, TeL=1.1371, ★=best]
Training MLP (musique):  27%|██▋       | 27/100 [00:33<01:27,  1.19s/it, TrL=1.0162, VaL=1.1673, TeL=1.1137, ★=best]
Training MLP (musique):  28%|██▊       | 28/100 [00:33<01:25,  1.19s/it, TrL=1.0162, VaL=1.1673, TeL=1.1137, ★=best]
Training MLP (musique):  28%|██▊       | 28/100 [00:35<01:25,  1.19s/it, TrL=0.9978, VaL=1.1608, TeL=1.1091, ★=best]
Training MLP (musique):  29%|██▉       | 29/100 [00:35<01:24,  1.20s/it, TrL=0.9978, VaL=1.1608, TeL=1.1091, ★=best]
Training MLP (musique):  29%|██▉       | 29/100 [00:36<01:24,  1.20s/it, TrL=0.9758, VaL=1.1438, TeL=1.0905, ★=best]
Training MLP (musique):  30%|███       | 30/100 [00:36<01:23,  1.20s/it, TrL=0.9758, VaL=1.1438, TeL=1.0905, ★=best]
Training MLP (musique):  30%|███       | 30/100 [00:37<01:23,  1.20s/it, TrL=0.9565, VaL=1.1288, TeL=1.0729, ★=best]
Training MLP (musique):  31%|███       | 31/100 [00:37<01:22,  1.19s/it, TrL=0.9565, VaL=1.1288, TeL=1.0729, ★=best]
Training MLP (musique):  31%|███       | 31/100 [00:38<01:22,  1.19s/it, TrL=0.9319, VaL=1.1124, TeL=1.0568, ★=best]
Training MLP (musique):  32%|███▏      | 32/100 [00:38<01:20,  1.19s/it, TrL=0.9319, VaL=1.1124, TeL=1.0568, ★=best]
Training MLP (musique):  32%|███▏      | 32/100 [00:39<01:20,  1.19s/it, TrL=0.9168, VaL=1.1083, TeL=1.0539, ★=best]
Training MLP (musique):  33%|███▎      | 33/100 [00:39<01:19,  1.19s/it, TrL=0.9168, VaL=1.1083, TeL=1.0539, ★=best]
Training MLP (musique):  33%|███▎      | 33/100 [00:41<01:19,  1.19s/it, TrL=0.8938, VaL=1.0997, TeL=1.0438, ★=best]
Training MLP (musique):  34%|███▍      | 34/100 [00:41<01:18,  1.19s/it, TrL=0.8938, VaL=1.0997, TeL=1.0438, ★=best]
Training MLP (musique):  34%|███▍      | 34/100 [00:42<01:18,  1.19s/it, TrL=0.8791, VaL=1.0878, TeL=1.0306, ★=best]
Training MLP (musique):  35%|███▌      | 35/100 [00:42<01:17,  1.19s/it, TrL=0.8791, VaL=1.0878, TeL=1.0306, ★=best]
Training MLP (musique):  35%|███▌      | 35/100 [00:43<01:17,  1.19s/it, TrL=0.8632, VaL=1.0862, TeL=1.0316, ★=best]
Training MLP (musique):  36%|███▌      | 36/100 [00:43<01:16,  1.19s/it, TrL=0.8632, VaL=1.0862, TeL=1.0316, ★=best]
Training MLP (musique):  36%|███▌      | 36/100 [00:44<01:16,  1.19s/it, TrL=0.8473, VaL=1.0777, TeL=1.0238, ★=best]
Training MLP (musique):  37%|███▋      | 37/100 [00:44<01:14,  1.19s/it, TrL=0.8473, VaL=1.0777, TeL=1.0238, ★=best]
Training MLP (musique):  37%|███▋      | 37/100 [00:45<01:14,  1.19s/it, TrL=0.8425, VaL=1.0742, TeL=1.0258, ★=best]
Training MLP (musique):  38%|███▊      | 38/100 [00:45<01:13,  1.19s/it, TrL=0.8425, VaL=1.0742, TeL=1.0258, ★=best]
Training MLP (musique):  38%|███▊      | 38/100 [00:46<01:13,  1.19s/it, TrL=0.8274, VaL=1.0735, TeL=1.0152, ★=best]
Training MLP (musique):  39%|███▉      | 39/100 [00:46<01:12,  1.19s/it, TrL=0.8274, VaL=1.0735, TeL=1.0152, ★=best]
Training MLP (musique):  39%|███▉      | 39/100 [00:48<01:12,  1.19s/it, TrL=0.8219, VaL=1.0646, TeL=1.0094, ★=best]
Training MLP (musique):  40%|████      | 40/100 [00:48<01:11,  1.19s/it, TrL=0.8219, VaL=1.0646, TeL=1.0094, ★=best]
Training MLP (musique):  40%|████      | 40/100 [00:49<01:11,  1.19s/it, TrL=0.7997, VaL=1.0674, TeL=0.9989]
Training MLP (musique):  41%|████      | 41/100 [00:49<01:10,  1.19s/it, TrL=0.7997, VaL=1.0674, TeL=0.9989]
Training MLP (musique):  41%|████      | 41/100 [00:50<01:10,  1.19s/it, TrL=0.7854, VaL=1.0624, TeL=1.0104, ★=best]
Training MLP (musique):  42%|████▏     | 42/100 [00:50<01:08,  1.19s/it, TrL=0.7854, VaL=1.0624, TeL=1.0104, ★=best]
Training MLP (musique):  42%|████▏     | 42/100 [00:51<01:08,  1.19s/it, TrL=0.7872, VaL=1.0590, TeL=0.9998, ★=best]
Training MLP (musique):  43%|████▎     | 43/100 [00:51<01:07,  1.19s/it, TrL=0.7872, VaL=1.0590, TeL=0.9998, ★=best]
Training MLP (musique):  43%|████▎     | 43/100 [00:52<01:07,  1.19s/it, TrL=0.7732, VaL=1.0558, TeL=0.9784, ★=best]
Training MLP (musique):  44%|████▍     | 44/100 [00:52<01:06,  1.19s/it, TrL=0.7732, VaL=1.0558, TeL=0.9784, ★=best]
Training MLP (musique):  44%|████▍     | 44/100 [00:54<01:06,  1.19s/it, TrL=0.7660, VaL=1.0489, TeL=0.9877, ★=best]
Training MLP (musique):  45%|████▌     | 45/100 [00:54<01:05,  1.19s/it, TrL=0.7660, VaL=1.0489, TeL=0.9877, ★=best]
Training MLP (musique):  45%|████▌     | 45/100 [00:55<01:05,  1.19s/it, TrL=0.7650, VaL=1.0457, TeL=0.9864, ★=best]
Training MLP (musique):  46%|████▌     | 46/100 [00:55<01:04,  1.19s/it, TrL=0.7650, VaL=1.0457, TeL=0.9864, ★=best]
Training MLP (musique):  46%|████▌     | 46/100 [00:56<01:04,  1.19s/it, TrL=0.7518, VaL=1.0405, TeL=0.9800, ★=best]
Training MLP (musique):  47%|████▋     | 47/100 [00:56<01:03,  1.19s/it, TrL=0.7518, VaL=1.0405, TeL=0.9800, ★=best]
Training MLP (musique):  47%|████▋     | 47/100 [00:57<01:03,  1.19s/it, TrL=0.7458, VaL=1.0411, TeL=0.9912]
Training MLP (musique):  48%|████▊     | 48/100 [00:57<01:01,  1.19s/it, TrL=0.7458, VaL=1.0411, TeL=0.9912]
Training MLP (musique):  48%|████▊     | 48/100 [00:58<01:01,  1.19s/it, TrL=0.7491, VaL=1.0331, TeL=0.9818, ★=best]
Training MLP (musique):  49%|████▉     | 49/100 [00:58<01:00,  1.19s/it, TrL=0.7491, VaL=1.0331, TeL=0.9818, ★=best]
Training MLP (musique):  49%|████▉     | 49/100 [01:00<01:00,  1.19s/it, TrL=0.7351, VaL=1.0388, TeL=0.9712]
Training MLP (musique):  50%|█████     | 50/100 [01:00<00:59,  1.19s/it, TrL=0.7351, VaL=1.0388, TeL=0.9712]
Training MLP (musique):  50%|█████     | 50/100 [01:01<00:59,  1.19s/it, TrL=0.7372, VaL=1.0430, TeL=0.9774]
Training MLP (musique):  51%|█████     | 51/100 [01:01<00:58,  1.19s/it, TrL=0.7372, VaL=1.0430, TeL=0.9774]
Training MLP (musique):  51%|█████     | 51/100 [01:02<00:58,  1.19s/it, TrL=0.7285, VaL=1.0515, TeL=0.9728]
Training MLP (musique):  52%|█████▏    | 52/100 [01:02<00:56,  1.19s/it, TrL=0.7285, VaL=1.0515, TeL=0.9728]
Training MLP (musique):  52%|█████▏    | 52/100 [01:03<00:56,  1.19s/it, TrL=0.7286, VaL=1.0363, TeL=0.9763]
Training MLP (musique):  53%|█████▎    | 53/100 [01:03<00:55,  1.19s/it, TrL=0.7286, VaL=1.0363, TeL=0.9763]
Training MLP (musique):  53%|█████▎    | 53/100 [01:04<00:55,  1.19s/it, TrL=0.7263, VaL=1.0467, TeL=0.9814]
Training MLP (musique):  54%|█████▍    | 54/100 [01:04<00:54,  1.19s/it, TrL=0.7263, VaL=1.0467, TeL=0.9814]
Training MLP (musique):  54%|█████▍    | 54/100 [01:05<00:54,  1.19s/it, TrL=0.7491, VaL=1.0451, TeL=0.9820]
Training MLP (musique):  55%|█████▌    | 55/100 [01:05<00:53,  1.19s/it, TrL=0.7491, VaL=1.0451, TeL=0.9820]
Training MLP (musique):  55%|█████▌    | 55/100 [01:07<00:53,  1.19s/it, TrL=0.7259, VaL=1.0705, TeL=0.9926]
Training MLP (musique):  56%|█████▌    | 56/100 [01:07<00:52,  1.18s/it, TrL=0.7259, VaL=1.0705, TeL=0.9926]
Training MLP (musique):  56%|█████▌    | 56/100 [01:08<00:52,  1.18s/it, TrL=0.7338, VaL=1.0317, TeL=0.9656, ★=best]
Training MLP (musique):  57%|█████▋    | 57/100 [01:08<00:50,  1.19s/it, TrL=0.7338, VaL=1.0317, TeL=0.9656, ★=best]
Training MLP (musique):  57%|█████▋    | 57/100 [01:09<00:50,  1.19s/it, TrL=0.7407, VaL=1.0565, TeL=0.9768]
Training MLP (musique):  58%|█████▊    | 58/100 [01:09<00:49,  1.19s/it, TrL=0.7407, VaL=1.0565, TeL=0.9768]
Training MLP (musique):  58%|█████▊    | 58/100 [01:10<00:49,  1.19s/it, TrL=0.7469, VaL=1.0180, TeL=0.9604, ★=best]
Training MLP (musique):  59%|█████▉    | 59/100 [01:10<00:48,  1.18s/it, TrL=0.7469, VaL=1.0180, TeL=0.9604, ★=best]
Training MLP (musique):  59%|█████▉    | 59/100 [01:11<00:48,  1.18s/it, TrL=0.7517, VaL=1.0352, TeL=0.9712]
Training MLP (musique):  60%|██████    | 60/100 [01:11<00:47,  1.19s/it, TrL=0.7517, VaL=1.0352, TeL=0.9712]
Training MLP (musique):  60%|██████    | 60/100 [01:13<00:47,  1.19s/it, TrL=0.7533, VaL=1.0624, TeL=1.0031]
Training MLP (musique):  61%|██████    | 61/100 [01:13<00:46,  1.19s/it, TrL=0.7533, VaL=1.0624, TeL=1.0031]
Training MLP (musique):  61%|██████    | 61/100 [01:14<00:46,  1.19s/it, TrL=0.7676, VaL=1.0892, TeL=1.0143]
Training MLP (musique):  62%|██████▏   | 62/100 [01:14<00:45,  1.19s/it, TrL=0.7676, VaL=1.0892, TeL=1.0143]
Training MLP (musique):  62%|██████▏   | 62/100 [01:15<00:45,  1.19s/it, TrL=0.7829, VaL=1.0471, TeL=0.9845]
Training MLP (musique):  63%|██████▎   | 63/100 [01:15<00:43,  1.19s/it, TrL=0.7829, VaL=1.0471, TeL=0.9845]
Training MLP (musique):  63%|██████▎   | 63/100 [01:16<00:43,  1.19s/it, TrL=0.7797, VaL=1.0775, TeL=1.0038]
Training MLP (musique):  64%|██████▍   | 64/100 [01:16<00:42,  1.19s/it, TrL=0.7797, VaL=1.0775, TeL=1.0038]
Training MLP (musique):  64%|██████▍   | 64/100 [01:17<00:42,  1.19s/it, TrL=0.8073, VaL=1.1520, TeL=1.1084]
Training MLP (musique):  65%|██████▌   | 65/100 [01:17<00:41,  1.19s/it, TrL=0.8073, VaL=1.1520, TeL=1.1084]
Training MLP (musique):  65%|██████▌   | 65/100 [01:18<00:41,  1.19s/it, TrL=0.8143, VaL=1.0357, TeL=0.9964]
Training MLP (musique):  66%|██████▌   | 66/100 [01:18<00:40,  1.19s/it, TrL=0.8143, VaL=1.0357, TeL=0.9964]
Training MLP (musique):  66%|██████▌   | 66/100 [01:20<00:40,  1.19s/it, TrL=0.8234, VaL=1.1091, TeL=1.0368]
Training MLP (musique):  67%|██████▋   | 67/100 [01:20<00:39,  1.19s/it, TrL=0.8234, VaL=1.1091, TeL=1.0368]
Training MLP (musique):  67%|██████▋   | 67/100 [01:21<00:39,  1.19s/it, TrL=0.7319, VaL=1.0264, TeL=0.9646]
Training MLP (musique):  68%|██████▊   | 68/100 [01:21<00:37,  1.19s/it, TrL=0.7319, VaL=1.0264, TeL=0.9646]
Training MLP (musique):  68%|██████▊   | 68/100 [01:22<00:37,  1.19s/it, TrL=0.7117, VaL=1.0187, TeL=0.9753]
Training MLP (musique):  69%|██████▉   | 69/100 [01:22<00:36,  1.19s/it, TrL=0.7117, VaL=1.0187, TeL=0.9753]
Training MLP (musique):  69%|██████▉   | 69/100 [01:23<00:36,  1.19s/it, TrL=0.6891, VaL=1.0289, TeL=0.9911]
Training MLP (musique):  70%|███████   | 70/100 [01:23<00:35,  1.19s/it, TrL=0.6891, VaL=1.0289, TeL=0.9911]
Training MLP (musique):  70%|███████   | 70/100 [01:24<00:35,  1.19s/it, TrL=0.6937, VaL=1.0223, TeL=0.9610]
Training MLP (musique):  71%|███████   | 71/100 [01:24<00:34,  1.19s/it, TrL=0.6937, VaL=1.0223, TeL=0.9610]
Training MLP (musique):  71%|███████   | 71/100 [01:26<00:34,  1.19s/it, TrL=0.7002, VaL=1.0493, TeL=0.9958]
Training MLP (musique):  72%|███████▏  | 72/100 [01:26<00:33,  1.19s/it, TrL=0.7002, VaL=1.0493, TeL=0.9958]
Training MLP (musique):  72%|███████▏  | 72/100 [01:27<00:33,  1.19s/it, TrL=0.7125, VaL=1.0475, TeL=1.0076]
Training MLP (musique):  73%|███████▎  | 73/100 [01:27<00:32,  1.19s/it, TrL=0.7125, VaL=1.0475, TeL=1.0076]
Training MLP (musique):  73%|███████▎  | 73/100 [01:28<00:32,  1.19s/it, TrL=0.7062, VaL=1.0351, TeL=1.0067]
Training MLP (musique):  74%|███████▍  | 74/100 [01:28<00:30,  1.19s/it, TrL=0.7062, VaL=1.0351, TeL=1.0067]
Training MLP (musique):  74%|███████▍  | 74/100 [01:29<00:30,  1.19s/it, TrL=0.7305, VaL=1.0232, TeL=0.9873]
Training MLP (musique):  75%|███████▌  | 75/100 [01:29<00:29,  1.19s/it, TrL=0.7305, VaL=1.0232, TeL=0.9873]
Training MLP (musique):  75%|███████▌  | 75/100 [01:30<00:29,  1.19s/it, TrL=0.6651, VaL=1.0224, TeL=1.0025]
Training MLP (musique):  76%|███████▌  | 76/100 [01:30<00:28,  1.19s/it, TrL=0.6651, VaL=1.0224, TeL=1.0025]
Training MLP (musique):  76%|███████▌  | 76/100 [01:32<00:28,  1.19s/it, TrL=0.6371, VaL=1.0300, TeL=0.9620]
Training MLP (musique):  77%|███████▋  | 77/100 [01:32<00:27,  1.19s/it, TrL=0.6371, VaL=1.0300, TeL=0.9620]
Training MLP (musique):  77%|███████▋  | 77/100 [01:33<00:27,  1.19s/it, TrL=0.6253, VaL=1.0146, TeL=0.9650, ★=best]
Training MLP (musique):  78%|███████▊  | 78/100 [01:33<00:26,  1.19s/it, TrL=0.6253, VaL=1.0146, TeL=0.9650, ★=best]
Training MLP (musique):  78%|███████▊  | 78/100 [01:34<00:26,  1.19s/it, TrL=0.6217, VaL=1.0387, TeL=0.9861]
Training MLP (musique):  79%|███████▉  | 79/100 [01:34<00:24,  1.19s/it, TrL=0.6217, VaL=1.0387, TeL=0.9861]
Training MLP (musique):  79%|███████▉  | 79/100 [01:35<00:24,  1.19s/it, TrL=0.6378, VaL=1.0252, TeL=0.9943]
Training MLP (musique):  80%|████████  | 80/100 [01:35<00:23,  1.19s/it, TrL=0.6378, VaL=1.0252, TeL=0.9943]
Training MLP (musique):  80%|████████  | 80/100 [01:36<00:23,  1.19s/it, TrL=0.6568, VaL=1.0293, TeL=0.9802]
Training MLP (musique):  81%|████████  | 81/100 [01:36<00:22,  1.19s/it, TrL=0.6568, VaL=1.0293, TeL=0.9802]
Training MLP (musique):  81%|████████  | 81/100 [01:37<00:22,  1.19s/it, TrL=0.6479, VaL=1.0041, TeL=0.9634, ★=best]
Training MLP (musique):  82%|████████▏ | 82/100 [01:37<00:21,  1.18s/it, TrL=0.6479, VaL=1.0041, TeL=0.9634, ★=best]
Training MLP (musique):  82%|████████▏ | 82/100 [01:39<00:21,  1.18s/it, TrL=0.6471, VaL=1.0578, TeL=1.0100]
Training MLP (musique):  83%|████████▎ | 83/100 [01:39<00:20,  1.19s/it, TrL=0.6471, VaL=1.0578, TeL=1.0100]
Training MLP (musique):  83%|████████▎ | 83/100 [01:40<00:20,  1.19s/it, TrL=0.6673, VaL=1.0440, TeL=0.9808]
Training MLP (musique):  84%|████████▍ | 84/100 [01:40<00:18,  1.18s/it, TrL=0.6673, VaL=1.0440, TeL=0.9808]
Training MLP (musique):  84%|████████▍ | 84/100 [01:41<00:18,  1.18s/it, TrL=0.6604, VaL=1.0209, TeL=0.9713]
Training MLP (musique):  85%|████████▌ | 85/100 [01:41<00:17,  1.18s/it, TrL=0.6604, VaL=1.0209, TeL=0.9713]
Training MLP (musique):  85%|████████▌ | 85/100 [01:42<00:17,  1.18s/it, TrL=0.6774, VaL=1.0935, TeL=1.0398]
Training MLP (musique):  86%|████████▌ | 86/100 [01:42<00:16,  1.18s/it, TrL=0.6774, VaL=1.0935, TeL=1.0398]
Training MLP (musique):  86%|████████▌ | 86/100 [01:43<00:16,  1.18s/it, TrL=0.6878, VaL=1.0817, TeL=1.0477]
Training MLP (musique):  87%|████████▋ | 87/100 [01:43<00:15,  1.18s/it, TrL=0.6878, VaL=1.0817, TeL=1.0477]
Training MLP (musique):  87%|████████▋ | 87/100 [01:45<00:15,  1.18s/it, TrL=0.7005, VaL=1.0504, TeL=0.9973]
Training MLP (musique):  88%|████████▊ | 88/100 [01:45<00:14,  1.18s/it, TrL=0.7005, VaL=1.0504, TeL=0.9973]
Training MLP (musique):  88%|████████▊ | 88/100 [01:46<00:14,  1.18s/it, TrL=0.7056, VaL=1.0606, TeL=1.0031]
Training MLP (musique):  89%|████████▉ | 89/100 [01:46<00:13,  1.18s/it, TrL=0.7056, VaL=1.0606, TeL=1.0031]
Training MLP (musique):  89%|████████▉ | 89/100 [01:47<00:13,  1.18s/it, TrL=0.7428, VaL=1.0814, TeL=1.0205]
Training MLP (musique):  90%|█████████ | 90/100 [01:47<00:11,  1.18s/it, TrL=0.7428, VaL=1.0814, TeL=1.0205]
Training MLP (musique):  90%|█████████ | 90/100 [01:48<00:11,  1.18s/it, TrL=0.6490, VaL=1.0057, TeL=0.9398]
Training MLP (musique):  91%|█████████ | 91/100 [01:48<00:10,  1.19s/it, TrL=0.6490, VaL=1.0057, TeL=0.9398]
Training MLP (musique):  91%|█████████ | 91/100 [01:49<00:10,  1.19s/it, TrL=0.6239, VaL=1.0079, TeL=0.9583]
Training MLP (musique):  92%|█████████▏| 92/100 [01:49<00:09,  1.19s/it, TrL=0.6239, VaL=1.0079, TeL=0.9583]
Training MLP (musique):  92%|█████████▏| 92/100 [01:51<00:09,  1.19s/it, TrL=0.6209, VaL=1.0325, TeL=1.0189]
Training MLP (musique):  93%|█████████▎| 93/100 [01:51<00:08,  1.19s/it, TrL=0.6209, VaL=1.0325, TeL=1.0189]
Training MLP (musique):  93%|█████████▎| 93/100 [01:52<00:08,  1.19s/it, TrL=0.6322, VaL=0.9921, TeL=0.9535, ★=best]
Training MLP (musique):  94%|█████████▍| 94/100 [01:52<00:07,  1.19s/it, TrL=0.6322, VaL=0.9921, TeL=0.9535, ★=best]
Training MLP (musique):  94%|█████████▍| 94/100 [01:53<00:07,  1.19s/it, TrL=0.6401, VaL=1.0142, TeL=0.9574]
Training MLP (musique):  95%|█████████▌| 95/100 [01:53<00:05,  1.19s/it, TrL=0.6401, VaL=1.0142, TeL=0.9574]
Training MLP (musique):  95%|█████████▌| 95/100 [01:54<00:05,  1.19s/it, TrL=0.6449, VaL=1.0823, TeL=1.0513]
Training MLP (musique):  96%|█████████▌| 96/100 [01:54<00:04,  1.19s/it, TrL=0.6449, VaL=1.0823, TeL=1.0513]
Training MLP (musique):  96%|█████████▌| 96/100 [01:55<00:04,  1.19s/it, TrL=0.6583, VaL=1.0312, TeL=0.9966]
Training MLP (musique):  97%|█████████▋| 97/100 [01:55<00:03,  1.19s/it, TrL=0.6583, VaL=1.0312, TeL=0.9966]
Training MLP (musique):  97%|█████████▋| 97/100 [01:56<00:03,  1.19s/it, TrL=0.6500, VaL=1.0312, TeL=0.9895]
Training MLP (musique):  98%|█████████▊| 98/100 [01:56<00:02,  1.19s/it, TrL=0.6500, VaL=1.0312, TeL=0.9895]
Training MLP (musique):  98%|█████████▊| 98/100 [01:58<00:02,  1.19s/it, TrL=0.6645, VaL=1.0408, TeL=1.0117]
Training MLP (musique):  99%|█████████▉| 99/100 [01:58<00:01,  1.19s/it, TrL=0.6645, VaL=1.0408, TeL=1.0117]
Training MLP (musique):  99%|█████████▉| 99/100 [01:59<00:01,  1.19s/it, TrL=0.6684, VaL=1.0677, TeL=1.0389]
Training MLP (musique): 100%|██████████| 100/100 [01:59<00:00,  1.19s/it, TrL=0.6684, VaL=1.0677, TeL=1.0389]Training MLP (musique): 100%|██████████| 100/100 [01:59<00:00,  1.19s/it, TrL=0.6684, VaL=1.0677, TeL=1.0389]
INFO:src.alignment.train_alignment:Saved best model (VaL=0.9921) to checkpoints/musique/alignment_mlp.pth
INFO:modal_runner:--- 3. TRAINING MLP_TOPO ALIGNMENT: MUSIQUE (100 Epochs) ---
INFO:src.alignment.train_alignment:Training mlp_topo for musique on cuda...
INFO:src.alignment.train_alignment:Loaded base dataset cache for musique.
INFO:src.alignment.train_alignment:Topological features injected. Shape upgraded: torch.Size([46613, 384]) → torch.Size([46613, 433])
INFO:src.alignment.train_alignment:Loaded musique split datasets from cache.
INFO:src.alignment.train_alignment:Building topology-aware partition prototypes for musique...
INFO:src.alignment.train_alignment:Using LR=1.0e-04 for mlp_topo (scheduler will adapt)
Training MLP_TOPO (musique):   0%|          | 0/100 [00:00<?, ?it/s]
Training MLP_TOPO (musique):   0%|          | 0/100 [00:01<?, ?it/s, TrL=3.2831, VaL=2.8822, TeL=2.8604, ★=best]
Training MLP_TOPO (musique):   1%|          | 1/100 [00:01<01:59,  1.21s/it, TrL=3.2831, VaL=2.8822, TeL=2.8604, ★=best]
Training MLP_TOPO (musique):   1%|          | 1/100 [00:02<01:59,  1.21s/it, TrL=2.7834, VaL=2.5829, TeL=2.5513, ★=best]
Training MLP_TOPO (musique):   2%|▏         | 2/100 [00:02<01:58,  1.21s/it, TrL=2.7834, VaL=2.5829, TeL=2.5513, ★=best]
Training MLP_TOPO (musique):   2%|▏         | 2/100 [00:03<01:58,  1.21s/it, TrL=2.5771, VaL=2.4196, TeL=2.3817, ★=best]
Training MLP_TOPO (musique):   3%|▎         | 3/100 [00:03<01:57,  1.21s/it, TrL=2.5771, VaL=2.4196, TeL=2.3817, ★=best]
Training MLP_TOPO (musique):   3%|▎         | 3/100 [00:04<01:57,  1.21s/it, TrL=2.4421, VaL=2.3129, TeL=2.2771, ★=best]
Training MLP_TOPO (musique):   4%|▍         | 4/100 [00:04<01:55,  1.20s/it, TrL=2.4421, VaL=2.3129, TeL=2.2771, ★=best]
Training MLP_TOPO (musique):   4%|▍         | 4/100 [00:06<01:55,  1.20s/it, TrL=2.3396, VaL=2.2290, TeL=2.1969, ★=best]
Training MLP_TOPO (musique):   5%|▌         | 5/100 [00:06<01:54,  1.20s/it, TrL=2.3396, VaL=2.2290, TeL=2.1969, ★=best]
Training MLP_TOPO (musique):   5%|▌         | 5/100 [00:07<01:54,  1.20s/it, TrL=2.2604, VaL=2.1636, TeL=2.1317, ★=best]
Training MLP_TOPO (musique):   6%|▌         | 6/100 [00:07<01:52,  1.20s/it, TrL=2.2604, VaL=2.1636, TeL=2.1317, ★=best]
Training MLP_TOPO (musique):   6%|▌         | 6/100 [00:08<01:52,  1.20s/it, TrL=2.1885, VaL=2.1035, TeL=2.0718, ★=best]
Training MLP_TOPO (musique):   7%|▋         | 7/100 [00:08<01:51,  1.20s/it, TrL=2.1885, VaL=2.1035, TeL=2.0718, ★=best]
Training MLP_TOPO (musique):   7%|▋         | 7/100 [00:09<01:51,  1.20s/it, TrL=2.1245, VaL=2.0547, TeL=2.0199, ★=best]
Training MLP_TOPO (musique):   8%|▊         | 8/100 [00:09<01:50,  1.20s/it, TrL=2.1245, VaL=2.0547, TeL=2.0199, ★=best]
Training MLP_TOPO (musique):   8%|▊         | 8/100 [00:10<01:50,  1.20s/it, TrL=2.0655, VaL=2.0079, TeL=1.9712, ★=best]
Training MLP_TOPO (musique):   9%|▉         | 9/100 [00:10<01:49,  1.21s/it, TrL=2.0655, VaL=2.0079, TeL=1.9712, ★=best]
Training MLP_TOPO (musique):   9%|▉         | 9/100 [00:12<01:49,  1.21s/it, TrL=2.0166, VaL=1.9640, TeL=1.9293, ★=best]
Training MLP_TOPO (musique):  10%|█         | 10/100 [00:12<01:48,  1.20s/it, TrL=2.0166, VaL=1.9640, TeL=1.9293, ★=best]
Training MLP_TOPO (musique):  10%|█         | 10/100 [00:13<01:48,  1.20s/it, TrL=1.9651, VaL=1.9266, TeL=1.8915, ★=best]
Training MLP_TOPO (musique):  11%|█         | 11/100 [00:13<01:47,  1.20s/it, TrL=1.9651, VaL=1.9266, TeL=1.8915, ★=best]
Training MLP_TOPO (musique):  11%|█         | 11/100 [00:14<01:47,  1.20s/it, TrL=1.9217, VaL=1.8856, TeL=1.8481, ★=best]
Training MLP_TOPO (musique):  12%|█▏        | 12/100 [00:14<01:45,  1.20s/it, TrL=1.9217, VaL=1.8856, TeL=1.8481, ★=best]
Training MLP_TOPO (musique):  12%|█▏        | 12/100 [00:15<01:45,  1.20s/it, TrL=1.8689, VaL=1.8494, TeL=1.8082, ★=best]
Training MLP_TOPO (musique):  13%|█▎        | 13/100 [00:15<01:44,  1.20s/it, TrL=1.8689, VaL=1.8494, TeL=1.8082, ★=best]
Training MLP_TOPO (musique):  13%|█▎        | 13/100 [00:16<01:44,  1.20s/it, TrL=1.8274, VaL=1.8134, TeL=1.7752, ★=best]
Training MLP_TOPO (musique):  14%|█▍        | 14/100 [00:16<01:43,  1.20s/it, TrL=1.8274, VaL=1.8134, TeL=1.7752, ★=best]
Training MLP_TOPO (musique):  14%|█▍        | 14/100 [00:18<01:43,  1.20s/it, TrL=1.7869, VaL=1.7761, TeL=1.7391, ★=best]
Training MLP_TOPO (musique):  15%|█▌        | 15/100 [00:18<01:42,  1.20s/it, TrL=1.7869, VaL=1.7761, TeL=1.7391, ★=best]
Training MLP_TOPO (musique):  15%|█▌        | 15/100 [00:19<01:42,  1.20s/it, TrL=1.7475, VaL=1.7446, TeL=1.7061, ★=best]
Training MLP_TOPO (musique):  16%|█▌        | 16/100 [00:19<01:41,  1.20s/it, TrL=1.7475, VaL=1.7446, TeL=1.7061, ★=best]
Training MLP_TOPO (musique):  16%|█▌        | 16/100 [00:20<01:41,  1.20s/it, TrL=1.7013, VaL=1.7159, TeL=1.6774, ★=best]
Training MLP_TOPO (musique):  17%|█▋        | 17/100 [00:20<01:39,  1.20s/it, TrL=1.7013, VaL=1.7159, TeL=1.6774, ★=best]
Training MLP_TOPO (musique):  17%|█▋        | 17/100 [00:21<01:39,  1.20s/it, TrL=1.6608, VaL=1.6877, TeL=1.6518, ★=best]
Training MLP_TOPO (musique):  18%|█▊        | 18/100 [00:21<01:38,  1.20s/it, TrL=1.6608, VaL=1.6877, TeL=1.6518, ★=best]
Training MLP_TOPO (musique):  18%|█▊        | 18/100 [00:22<01:38,  1.20s/it, TrL=1.6320, VaL=1.6551, TeL=1.6189, ★=best]
Training MLP_TOPO (musique):  19%|█▉        | 19/100 [00:22<01:37,  1.20s/it, TrL=1.6320, VaL=1.6551, TeL=1.6189, ★=best]
Training MLP_TOPO (musique):  19%|█▉        | 19/100 [00:24<01:37,  1.20s/it, TrL=1.5887, VaL=1.6308, TeL=1.5916, ★=best]
Training MLP_TOPO (musique):  20%|██        | 20/100 [00:24<01:36,  1.20s/it, TrL=1.5887, VaL=1.6308, TeL=1.5916, ★=best]
Training MLP_TOPO (musique):  20%|██        | 20/100 [00:25<01:36,  1.20s/it, TrL=1.5533, VaL=1.6013, TeL=1.5607, ★=best]
Training MLP_TOPO (musique):  21%|██        | 21/100 [00:25<01:35,  1.20s/it, TrL=1.5533, VaL=1.6013, TeL=1.5607, ★=best]
Training MLP_TOPO (musique):  21%|██        | 21/100 [00:26<01:35,  1.20s/it, TrL=1.5270, VaL=1.5769, TeL=1.5442, ★=best]
Training MLP_TOPO (musique):  22%|██▏       | 22/100 [00:26<01:33,  1.20s/it, TrL=1.5270, VaL=1.5769, TeL=1.5442, ★=best]
Training MLP_TOPO (musique):  22%|██▏       | 22/100 [00:27<01:33,  1.20s/it, TrL=1.4879, VaL=1.5559, TeL=1.5140, ★=best]
Training MLP_TOPO (musique):  23%|██▎       | 23/100 [00:27<01:32,  1.21s/it, TrL=1.4879, VaL=1.5559, TeL=1.5140, ★=best]
Training MLP_TOPO (musique):  23%|██▎       | 23/100 [00:28<01:32,  1.21s/it, TrL=1.4619, VaL=1.5315, TeL=1.4922, ★=best]
Training MLP_TOPO (musique):  24%|██▍       | 24/100 [00:28<01:31,  1.21s/it, TrL=1.4619, VaL=1.5315, TeL=1.4922, ★=best]
Training MLP_TOPO (musique):  24%|██▍       | 24/100 [00:30<01:31,  1.21s/it, TrL=1.4342, VaL=1.5154, TeL=1.4785, ★=best]
Training MLP_TOPO (musique):  25%|██▌       | 25/100 [00:30<01:30,  1.20s/it, TrL=1.4342, VaL=1.5154, TeL=1.4785, ★=best]
Training MLP_TOPO (musique):  25%|██▌       | 25/100 [00:31<01:30,  1.20s/it, TrL=1.4032, VaL=1.4884, TeL=1.4550, ★=best]
Training MLP_TOPO (musique):  26%|██▌       | 26/100 [00:31<01:29,  1.21s/it, TrL=1.4032, VaL=1.4884, TeL=1.4550, ★=best]
Training MLP_TOPO (musique):  26%|██▌       | 26/100 [00:32<01:29,  1.21s/it, TrL=1.3740, VaL=1.4784, TeL=1.4352, ★=best]
Training MLP_TOPO (musique):  27%|██▋       | 27/100 [00:32<01:27,  1.20s/it, TrL=1.3740, VaL=1.4784, TeL=1.4352, ★=best]
Training MLP_TOPO (musique):  27%|██▋       | 27/100 [00:33<01:27,  1.20s/it, TrL=1.3484, VaL=1.4577, TeL=1.4160, ★=best]
Training MLP_TOPO (musique):  28%|██▊       | 28/100 [00:33<01:26,  1.20s/it, TrL=1.3484, VaL=1.4577, TeL=1.4160, ★=best]
Training MLP_TOPO (musique):  28%|██▊       | 28/100 [00:34<01:26,  1.20s/it, TrL=1.3217, VaL=1.4464, TeL=1.3991, ★=best]
Training MLP_TOPO (musique):  29%|██▉       | 29/100 [00:34<01:25,  1.21s/it, TrL=1.3217, VaL=1.4464, TeL=1.3991, ★=best]
Training MLP_TOPO (musique):  29%|██▉       | 29/100 [00:36<01:25,  1.21s/it, TrL=1.3029, VaL=1.4320, TeL=1.3861, ★=best]
Training MLP_TOPO (musique):  30%|███       | 30/100 [00:36<01:24,  1.21s/it, TrL=1.3029, VaL=1.4320, TeL=1.3861, ★=best]
Training MLP_TOPO (musique):  30%|███       | 30/100 [00:37<01:24,  1.21s/it, TrL=1.2835, VaL=1.4166, TeL=1.3719, ★=best]
Training MLP_TOPO (musique):  31%|███       | 31/100 [00:37<01:23,  1.21s/it, TrL=1.2835, VaL=1.4166, TeL=1.3719, ★=best]
Training MLP_TOPO (musique):  31%|███       | 31/100 [00:38<01:23,  1.21s/it, TrL=1.2628, VaL=1.4117, TeL=1.3601, ★=best]
Training MLP_TOPO (musique):  32%|███▏      | 32/100 [00:38<01:21,  1.20s/it, TrL=1.2628, VaL=1.4117, TeL=1.3601, ★=best]
Training MLP_TOPO (musique):  32%|███▏      | 32/100 [00:39<01:21,  1.20s/it, TrL=1.2403, VaL=1.3986, TeL=1.3540, ★=best]
Training MLP_TOPO (musique):  33%|███▎      | 33/100 [00:39<01:20,  1.20s/it, TrL=1.2403, VaL=1.3986, TeL=1.3540, ★=best]
Training MLP_TOPO (musique):  33%|███▎      | 33/100 [00:40<01:20,  1.20s/it, TrL=1.2171, VaL=1.3879, TeL=1.3397, ★=best]
Training MLP_TOPO (musique):  34%|███▍      | 34/100 [00:40<01:19,  1.20s/it, TrL=1.2171, VaL=1.3879, TeL=1.3397, ★=best]
Training MLP_TOPO (musique):  34%|███▍      | 34/100 [00:42<01:19,  1.20s/it, TrL=1.2127, VaL=1.3830, TeL=1.3301, ★=best]
Training MLP_TOPO (musique):  35%|███▌      | 35/100 [00:42<01:18,  1.20s/it, TrL=1.2127, VaL=1.3830, TeL=1.3301, ★=best]
Training MLP_TOPO (musique):  35%|███▌      | 35/100 [00:43<01:18,  1.20s/it, TrL=1.1974, VaL=1.3699, TeL=1.3188, ★=best]
Training MLP_TOPO (musique):  36%|███▌      | 36/100 [00:43<01:17,  1.20s/it, TrL=1.1974, VaL=1.3699, TeL=1.3188, ★=best]
Training MLP_TOPO (musique):  36%|███▌      | 36/100 [00:44<01:17,  1.20s/it, TrL=1.1803, VaL=1.3614, TeL=1.3110, ★=best]
Training MLP_TOPO (musique):  37%|███▋      | 37/100 [00:44<01:15,  1.20s/it, TrL=1.1803, VaL=1.3614, TeL=1.3110, ★=best]
Training MLP_TOPO (musique):  37%|███▋      | 37/100 [00:45<01:15,  1.20s/it, TrL=1.1643, VaL=1.3574, TeL=1.2992, ★=best]
Training MLP_TOPO (musique):  38%|███▊      | 38/100 [00:45<01:14,  1.20s/it, TrL=1.1643, VaL=1.3574, TeL=1.2992, ★=best]
Training MLP_TOPO (musique):  38%|███▊      | 38/100 [00:46<01:14,  1.20s/it, TrL=1.1463, VaL=1.3460, TeL=1.2839, ★=best]
Training MLP_TOPO (musique):  39%|███▉      | 39/100 [00:46<01:13,  1.20s/it, TrL=1.1463, VaL=1.3460, TeL=1.2839, ★=best]
Training MLP_TOPO (musique):  39%|███▉      | 39/100 [00:48<01:13,  1.20s/it, TrL=1.1393, VaL=1.3484, TeL=1.3066]
Training MLP_TOPO (musique):  40%|████      | 40/100 [00:48<01:12,  1.20s/it, TrL=1.1393, VaL=1.3484, TeL=1.3066]
Training MLP_TOPO (musique):  40%|████      | 40/100 [00:49<01:12,  1.20s/it, TrL=1.1295, VaL=1.3374, TeL=1.2873, ★=best]
Training MLP_TOPO (musique):  41%|████      | 41/100 [00:49<01:10,  1.20s/it, TrL=1.1295, VaL=1.3374, TeL=1.2873, ★=best]
Training MLP_TOPO (musique):  41%|████      | 41/100 [00:50<01:10,  1.20s/it, TrL=1.1244, VaL=1.3360, TeL=1.2885, ★=best]
Training MLP_TOPO (musique):  42%|████▏     | 42/100 [00:50<01:09,  1.20s/it, TrL=1.1244, VaL=1.3360, TeL=1.2885, ★=best]
Training MLP_TOPO (musique):  42%|████▏     | 42/100 [00:51<01:09,  1.20s/it, TrL=1.1124, VaL=1.3404, TeL=1.2861]
Training MLP_TOPO (musique):  43%|████▎     | 43/100 [00:51<01:08,  1.20s/it, TrL=1.1124, VaL=1.3404, TeL=1.2861]
Training MLP_TOPO (musique):  43%|████▎     | 43/100 [00:52<01:08,  1.20s/it, TrL=1.1078, VaL=1.3304, TeL=1.2674, ★=best]
Training MLP_TOPO (musique):  44%|████▍     | 44/100 [00:52<01:07,  1.20s/it, TrL=1.1078, VaL=1.3304, TeL=1.2674, ★=best]
Training MLP_TOPO (musique):  44%|████▍     | 44/100 [00:54<01:07,  1.20s/it, TrL=1.0975, VaL=1.3225, TeL=1.2641, ★=best]
Training MLP_TOPO (musique):  45%|████▌     | 45/100 [00:54<01:06,  1.20s/it, TrL=1.0975, VaL=1.3225, TeL=1.2641, ★=best]
Training MLP_TOPO (musique):  45%|████▌     | 45/100 [00:55<01:06,  1.20s/it, TrL=1.0858, VaL=1.3280, TeL=1.2587]
Training MLP_TOPO (musique):  46%|████▌     | 46/100 [00:55<01:05,  1.21s/it, TrL=1.0858, VaL=1.3280, TeL=1.2587]
Training MLP_TOPO (musique):  46%|████▌     | 46/100 [00:56<01:05,  1.21s/it, TrL=1.0934, VaL=1.3297, TeL=1.2697]
Training MLP_TOPO (musique):  47%|████▋     | 47/100 [00:56<01:04,  1.21s/it, TrL=1.0934, VaL=1.3297, TeL=1.2697]
Training MLP_TOPO (musique):  47%|████▋     | 47/100 [00:57<01:04,  1.21s/it, TrL=1.0952, VaL=1.3184, TeL=1.2514, ★=best]
Training MLP_TOPO (musique):  48%|████▊     | 48/100 [00:57<01:03,  1.21s/it, TrL=1.0952, VaL=1.3184, TeL=1.2514, ★=best]
Training MLP_TOPO (musique):  48%|████▊     | 48/100 [00:59<01:03,  1.21s/it, TrL=1.0731, VaL=1.3199, TeL=1.2642]
Training MLP_TOPO (musique):  49%|████▉     | 49/100 [00:59<01:01,  1.21s/it, TrL=1.0731, VaL=1.3199, TeL=1.2642]
Training MLP_TOPO (musique):  49%|████▉     | 49/100 [01:00<01:01,  1.21s/it, TrL=1.0661, VaL=1.3059, TeL=1.2491, ★=best]
Training MLP_TOPO (musique):  50%|█████     | 50/100 [01:00<01:00,  1.20s/it, TrL=1.0661, VaL=1.3059, TeL=1.2491, ★=best]
Training MLP_TOPO (musique):  50%|█████     | 50/100 [01:01<01:00,  1.20s/it, TrL=1.0800, VaL=1.3325, TeL=1.2731]
Training MLP_TOPO (musique):  51%|█████     | 51/100 [01:01<00:59,  1.21s/it, TrL=1.0800, VaL=1.3325, TeL=1.2731]
Training MLP_TOPO (musique):  51%|█████     | 51/100 [01:02<00:59,  1.21s/it, TrL=1.0695, VaL=1.3100, TeL=1.2502]
Training MLP_TOPO (musique):  52%|█████▏    | 52/100 [01:02<00:57,  1.20s/it, TrL=1.0695, VaL=1.3100, TeL=1.2502]
Training MLP_TOPO (musique):  52%|█████▏    | 52/100 [01:03<00:57,  1.20s/it, TrL=1.0797, VaL=1.3297, TeL=1.2685]
Training MLP_TOPO (musique):  53%|█████▎    | 53/100 [01:03<00:56,  1.20s/it, TrL=1.0797, VaL=1.3297, TeL=1.2685]
Training MLP_TOPO (musique):  53%|█████▎    | 53/100 [01:05<00:56,  1.20s/it, TrL=1.0816, VaL=1.3258, TeL=1.2754]
Training MLP_TOPO (musique):  54%|█████▍    | 54/100 [01:05<00:55,  1.20s/it, TrL=1.0816, VaL=1.3258, TeL=1.2754]
Training MLP_TOPO (musique):  54%|█████▍    | 54/100 [01:06<00:55,  1.20s/it, TrL=1.0787, VaL=1.2938, TeL=1.2301, ★=best]
Training MLP_TOPO (musique):  55%|█████▌    | 55/100 [01:06<00:54,  1.20s/it, TrL=1.0787, VaL=1.2938, TeL=1.2301, ★=best]
Training MLP_TOPO (musique):  55%|█████▌    | 55/100 [01:07<00:54,  1.20s/it, TrL=1.0776, VaL=1.3223, TeL=1.2567]
Training MLP_TOPO (musique):  56%|█████▌    | 56/100 [01:07<00:52,  1.20s/it, TrL=1.0776, VaL=1.3223, TeL=1.2567]
Training MLP_TOPO (musique):  56%|█████▌    | 56/100 [01:08<00:52,  1.20s/it, TrL=1.0961, VaL=1.3528, TeL=1.3067]
Training MLP_TOPO (musique):  57%|█████▋    | 57/100 [01:08<00:51,  1.20s/it, TrL=1.0961, VaL=1.3528, TeL=1.3067]
Training MLP_TOPO (musique):  57%|█████▋    | 57/100 [01:09<00:51,  1.20s/it, TrL=1.0960, VaL=1.3447, TeL=1.2666]
Training MLP_TOPO (musique):  58%|█████▊    | 58/100 [01:09<00:50,  1.20s/it, TrL=1.0960, VaL=1.3447, TeL=1.2666]
Training MLP_TOPO (musique):  58%|█████▊    | 58/100 [01:11<00:50,  1.20s/it, TrL=1.1212, VaL=1.3241, TeL=1.2535]
Training MLP_TOPO (musique):  59%|█████▉    | 59/100 [01:11<00:49,  1.20s/it, TrL=1.1212, VaL=1.3241, TeL=1.2535]
Training MLP_TOPO (musique):  59%|█████▉    | 59/100 [01:12<00:49,  1.20s/it, TrL=1.1244, VaL=1.3342, TeL=1.2871]
Training MLP_TOPO (musique):  60%|██████    | 60/100 [01:12<00:47,  1.20s/it, TrL=1.1244, VaL=1.3342, TeL=1.2871]
Training MLP_TOPO (musique):  60%|██████    | 60/100 [01:13<00:47,  1.20s/it, TrL=1.1524, VaL=1.2988, TeL=1.2650]
Training MLP_TOPO (musique):  61%|██████    | 61/100 [01:13<00:46,  1.20s/it, TrL=1.1524, VaL=1.2988, TeL=1.2650]
Training MLP_TOPO (musique):  61%|██████    | 61/100 [01:14<00:46,  1.20s/it, TrL=1.1706, VaL=1.3587, TeL=1.2820]
Training MLP_TOPO (musique):  62%|██████▏   | 62/100 [01:14<00:45,  1.20s/it, TrL=1.1706, VaL=1.3587, TeL=1.2820]
Training MLP_TOPO (musique):  62%|██████▏   | 62/100 [01:15<00:45,  1.20s/it, TrL=1.1734, VaL=1.3193, TeL=1.2737]
Training MLP_TOPO (musique):  63%|██████▎   | 63/100 [01:15<00:44,  1.20s/it, TrL=1.1734, VaL=1.3193, TeL=1.2737]
Training MLP_TOPO (musique):  63%|██████▎   | 63/100 [01:17<00:44,  1.20s/it, TrL=1.0937, VaL=1.2795, TeL=1.2180, ★=best]
Training MLP_TOPO (musique):  64%|██████▍   | 64/100 [01:17<00:43,  1.20s/it, TrL=1.0937, VaL=1.2795, TeL=1.2180, ★=best]
Training MLP_TOPO (musique):  64%|██████▍   | 64/100 [01:18<00:43,  1.20s/it, TrL=1.0548, VaL=1.2714, TeL=1.2179, ★=best]
Training MLP_TOPO (musique):  65%|██████▌   | 65/100 [01:18<00:42,  1.20s/it, TrL=1.0548, VaL=1.2714, TeL=1.2179, ★=best]
Training MLP_TOPO (musique):  65%|██████▌   | 65/100 [01:19<00:42,  1.20s/it, TrL=1.0517, VaL=1.2628, TeL=1.2177, ★=best]
Training MLP_TOPO (musique):  66%|██████▌   | 66/100 [01:19<00:40,  1.20s/it, TrL=1.0517, VaL=1.2628, TeL=1.2177, ★=best]
Training MLP_TOPO (musique):  66%|██████▌   | 66/100 [01:20<00:40,  1.20s/it, TrL=1.0604, VaL=1.3239, TeL=1.2851]
Training MLP_TOPO (musique):  67%|██████▋   | 67/100 [01:20<00:39,  1.20s/it, TrL=1.0604, VaL=1.3239, TeL=1.2851]
Training MLP_TOPO (musique):  67%|██████▋   | 67/100 [01:21<00:39,  1.20s/it, TrL=1.0596, VaL=1.3493, TeL=1.2745]
Training MLP_TOPO (musique):  68%|██████▊   | 68/100 [01:21<00:38,  1.20s/it, TrL=1.0596, VaL=1.3493, TeL=1.2745]
Training MLP_TOPO (musique):  68%|██████▊   | 68/100 [01:23<00:38,  1.20s/it, TrL=1.0860, VaL=1.2956, TeL=1.2412]
Training MLP_TOPO (musique):  69%|██████▉   | 69/100 [01:23<00:37,  1.20s/it, TrL=1.0860, VaL=1.2956, TeL=1.2412]
Training MLP_TOPO (musique):  69%|██████▉   | 69/100 [01:24<00:37,  1.20s/it, TrL=1.1027, VaL=1.2793, TeL=1.2100]
Training MLP_TOPO (musique):  70%|███████   | 70/100 [01:24<00:36,  1.20s/it, TrL=1.1027, VaL=1.2793, TeL=1.2100]
Training MLP_TOPO (musique):  70%|███████   | 70/100 [01:25<00:36,  1.20s/it, TrL=1.1033, VaL=1.3137, TeL=1.2702]
Training MLP_TOPO (musique):  71%|███████   | 71/100 [01:25<00:34,  1.20s/it, TrL=1.1033, VaL=1.3137, TeL=1.2702]
Training MLP_TOPO (musique):  71%|███████   | 71/100 [01:26<00:34,  1.20s/it, TrL=1.1272, VaL=1.3212, TeL=1.2807]
Training MLP_TOPO (musique):  72%|███████▏  | 72/100 [01:26<00:33,  1.20s/it, TrL=1.1272, VaL=1.3212, TeL=1.2807]
Training MLP_TOPO (musique):  72%|███████▏  | 72/100 [01:27<00:33,  1.20s/it, TrL=1.1541, VaL=1.2972, TeL=1.2399]
Training MLP_TOPO (musique):  73%|███████▎  | 73/100 [01:27<00:32,  1.21s/it, TrL=1.1541, VaL=1.2972, TeL=1.2399]
Training MLP_TOPO (musique):  73%|███████▎  | 73/100 [01:29<00:32,  1.21s/it, TrL=1.1768, VaL=1.3779, TeL=1.3503]
Training MLP_TOPO (musique):  74%|███████▍  | 74/100 [01:29<00:31,  1.21s/it, TrL=1.1768, VaL=1.3779, TeL=1.3503]
Training MLP_TOPO (musique):  74%|███████▍  | 74/100 [01:30<00:31,  1.21s/it, TrL=1.0602, VaL=1.2322, TeL=1.1930, ★=best]
Training MLP_TOPO (musique):  75%|███████▌  | 75/100 [01:30<00:30,  1.20s/it, TrL=1.0602, VaL=1.2322, TeL=1.1930, ★=best]
Training MLP_TOPO (musique):  75%|███████▌  | 75/100 [01:31<00:30,  1.20s/it, TrL=1.0322, VaL=1.2760, TeL=1.2317]
Training MLP_TOPO (musique):  76%|███████▌  | 76/100 [01:31<00:28,  1.21s/it, TrL=1.0322, VaL=1.2760, TeL=1.2317]
Training MLP_TOPO (musique):  76%|███████▌  | 76/100 [01:32<00:28,  1.21s/it, TrL=1.0364, VaL=1.2963, TeL=1.2310]
Training MLP_TOPO (musique):  77%|███████▋  | 77/100 [01:32<00:27,  1.20s/it, TrL=1.0364, VaL=1.2963, TeL=1.2310]
Training MLP_TOPO (musique):  77%|███████▋  | 77/100 [01:33<00:27,  1.20s/it, TrL=1.0506, VaL=1.3111, TeL=1.2830]
Training MLP_TOPO (musique):  78%|███████▊  | 78/100 [01:33<00:26,  1.20s/it, TrL=1.0506, VaL=1.3111, TeL=1.2830]
Training MLP_TOPO (musique):  78%|███████▊  | 78/100 [01:35<00:26,  1.20s/it, TrL=1.0493, VaL=1.3416, TeL=1.3127]
Training MLP_TOPO (musique):  79%|███████▉  | 79/100 [01:35<00:25,  1.21s/it, TrL=1.0493, VaL=1.3416, TeL=1.3127]
Training MLP_TOPO (musique):  79%|███████▉  | 79/100 [01:36<00:25,  1.21s/it, TrL=1.0760, VaL=1.3168, TeL=1.2985]
Training MLP_TOPO (musique):  80%|████████  | 80/100 [01:36<00:24,  1.20s/it, TrL=1.0760, VaL=1.3168, TeL=1.2985]
Training MLP_TOPO (musique):  80%|████████  | 80/100 [01:37<00:24,  1.20s/it, TrL=1.0833, VaL=1.3085, TeL=1.2722]
Training MLP_TOPO (musique):  81%|████████  | 81/100 [01:37<00:22,  1.21s/it, TrL=1.0833, VaL=1.3085, TeL=1.2722]
Training MLP_TOPO (musique):  81%|████████  | 81/100 [01:38<00:22,  1.21s/it, TrL=1.0879, VaL=1.2813, TeL=1.2238]
Training MLP_TOPO (musique):  82%|████████▏ | 82/100 [01:38<00:21,  1.20s/it, TrL=1.0879, VaL=1.2813, TeL=1.2238]
Training MLP_TOPO (musique):  82%|████████▏ | 82/100 [01:39<00:21,  1.20s/it, TrL=1.1073, VaL=1.2707, TeL=1.2218]
Training MLP_TOPO (musique):  83%|████████▎ | 83/100 [01:39<00:20,  1.20s/it, TrL=1.1073, VaL=1.2707, TeL=1.2218]
Training MLP_TOPO (musique):  83%|████████▎ | 83/100 [01:41<00:20,  1.20s/it, TrL=1.0105, VaL=1.2380, TeL=1.1892]
Training MLP_TOPO (musique):  84%|████████▍ | 84/100 [01:41<00:19,  1.20s/it, TrL=1.0105, VaL=1.2380, TeL=1.1892]
Training MLP_TOPO (musique):  84%|████████▍ | 84/100 [01:42<00:19,  1.20s/it, TrL=0.9889, VaL=1.2747, TeL=1.2205]
Training MLP_TOPO (musique):  85%|████████▌ | 85/100 [01:42<00:18,  1.20s/it, TrL=0.9889, VaL=1.2747, TeL=1.2205]
Training MLP_TOPO (musique):  85%|████████▌ | 85/100 [01:43<00:18,  1.20s/it, TrL=1.0168, VaL=1.2366, TeL=1.1922]
Training MLP_TOPO (musique):  86%|████████▌ | 86/100 [01:43<00:16,  1.20s/it, TrL=1.0168, VaL=1.2366, TeL=1.1922]
Training MLP_TOPO (musique):  86%|████████▌ | 86/100 [01:44<00:16,  1.20s/it, TrL=1.0056, VaL=1.3112, TeL=1.2728]
Training MLP_TOPO (musique):  87%|████████▋ | 87/100 [01:44<00:15,  1.20s/it, TrL=1.0056, VaL=1.3112, TeL=1.2728]
Training MLP_TOPO (musique):  87%|████████▋ | 87/100 [01:45<00:15,  1.20s/it, TrL=1.0318, VaL=1.3120, TeL=1.2870]
Training MLP_TOPO (musique):  88%|████████▊ | 88/100 [01:45<00:14,  1.20s/it, TrL=1.0318, VaL=1.3120, TeL=1.2870]
Training MLP_TOPO (musique):  88%|████████▊ | 88/100 [01:47<00:14,  1.20s/it, TrL=1.0381, VaL=1.2763, TeL=1.2386]
Training MLP_TOPO (musique):  89%|████████▉ | 89/100 [01:47<00:13,  1.20s/it, TrL=1.0381, VaL=1.2763, TeL=1.2386]
Training MLP_TOPO (musique):  89%|████████▉ | 89/100 [01:48<00:13,  1.20s/it, TrL=1.0677, VaL=1.2842, TeL=1.2452]
Training MLP_TOPO (musique):  90%|█████████ | 90/100 [01:48<00:11,  1.19s/it, TrL=1.0677, VaL=1.2842, TeL=1.2452]
Training MLP_TOPO (musique):  90%|█████████ | 90/100 [01:49<00:11,  1.19s/it, TrL=1.0641, VaL=1.2650, TeL=1.2153]
Training MLP_TOPO (musique):  91%|█████████ | 91/100 [01:49<00:10,  1.19s/it, TrL=1.0641, VaL=1.2650, TeL=1.2153]
Training MLP_TOPO (musique):  91%|█████████ | 91/100 [01:50<00:10,  1.19s/it, TrL=0.9940, VaL=1.2356, TeL=1.1939]
Training MLP_TOPO (musique):  92%|█████████▏| 92/100 [01:50<00:09,  1.19s/it, TrL=0.9940, VaL=1.2356, TeL=1.1939]
Training MLP_TOPO (musique):  92%|█████████▏| 92/100 [01:51<00:09,  1.19s/it, TrL=0.9813, VaL=1.3356, TeL=1.2855]
Training MLP_TOPO (musique):  93%|█████████▎| 93/100 [01:51<00:08,  1.19s/it, TrL=0.9813, VaL=1.3356, TeL=1.2855]
Training MLP_TOPO (musique):  93%|█████████▎| 93/100 [01:53<00:08,  1.19s/it, TrL=0.9901, VaL=1.2671, TeL=1.2243]
Training MLP_TOPO (musique):  94%|█████████▍| 94/100 [01:53<00:07,  1.19s/it, TrL=0.9901, VaL=1.2671, TeL=1.2243]
Training MLP_TOPO (musique):  94%|█████████▍| 94/100 [01:54<00:07,  1.19s/it, TrL=0.9745, VaL=1.2856, TeL=1.2414]INFO:src.alignment.train_alignment:Early stopping at epoch 95 (no val improvement for 20 epochs). Best VaL: 1.2322
Training MLP_TOPO (musique):  94%|█████████▍| 94/100 [01:54<00:07,  1.22s/it, TrL=0.9745, VaL=1.2856, TeL=1.2414]
INFO:src.alignment.train_alignment:Saved best model (VaL=1.2322) to checkpoints/musique/alignment_mlp_topo.pth
INFO:modal_runner:--- 3. TRAINING GIN ALIGNMENT: MUSIQUE (100 Epochs) ---
INFO:src.alignment.train_alignment:Training gin for musique on cuda...
INFO:src.alignment.train_alignment:Loaded base dataset cache for musique.
INFO:src.alignment.train_alignment:Loaded topo node features for musique from cache.
INFO:src.alignment.train_alignment:Extracting 46 partition subgraphs...
INFO:src.alignment.train_alignment:Loaded musique split datasets from cache.
INFO:src.alignment.train_alignment:Using LR=1.0e-04 for gin (scheduler will adapt)
Training GIN (musique):   0%|          | 0/100 [00:00<?, ?it/s]
Training GIN (musique):   0%|          | 0/100 [00:02<?, ?it/s, TrL=3.1421, VaL=2.8676, TeL=2.8440, ★=best]
Training GIN (musique):   1%|          | 1/100 [00:02<03:29,  2.12s/it, TrL=3.1421, VaL=2.8676, TeL=2.8440, ★=best]
Training GIN (musique):   1%|          | 1/100 [00:04<03:29,  2.12s/it, TrL=2.9701, VaL=2.9395, TeL=2.9205]
Training GIN (musique):   2%|▏         | 2/100 [00:04<03:26,  2.10s/it, TrL=2.9701, VaL=2.9395, TeL=2.9205]
Training GIN (musique):   2%|▏         | 2/100 [00:06<03:26,  2.10s/it, TrL=2.9405, VaL=2.9404, TeL=2.9270]
Training GIN (musique):   3%|▎         | 3/100 [00:06<03:23,  2.10s/it, TrL=2.9405, VaL=2.9404, TeL=2.9270]
Training GIN (musique):   3%|▎         | 3/100 [00:08<03:23,  2.10s/it, TrL=2.9187, VaL=2.9330, TeL=2.9204]
Training GIN (musique):   4%|▍         | 4/100 [00:08<03:21,  2.10s/it, TrL=2.9187, VaL=2.9330, TeL=2.9204]
Training GIN (musique):   4%|▍         | 4/100 [00:10<03:21,  2.10s/it, TrL=2.9093, VaL=2.9393, TeL=2.9290]
Training GIN (musique):   5%|▌         | 5/100 [00:10<03:19,  2.10s/it, TrL=2.9093, VaL=2.9393, TeL=2.9290]
Training GIN (musique):   5%|▌         | 5/100 [00:12<03:19,  2.10s/it, TrL=2.9030, VaL=2.9519, TeL=2.9424]
Training GIN (musique):   6%|▌         | 6/100 [00:12<03:17,  2.10s/it, TrL=2.9030, VaL=2.9519, TeL=2.9424]
Training GIN (musique):   6%|▌         | 6/100 [00:14<03:17,  2.10s/it, TrL=2.8967, VaL=2.9533, TeL=2.9483]
Training GIN (musique):   7%|▋         | 7/100 [00:14<03:15,  2.10s/it, TrL=2.8967, VaL=2.9533, TeL=2.9483]
Training GIN (musique):   7%|▋         | 7/100 [00:16<03:15,  2.10s/it, TrL=2.8960, VaL=2.9633, TeL=2.9576]
Training GIN (musique):   8%|▊         | 8/100 [00:16<03:13,  2.10s/it, TrL=2.8960, VaL=2.9633, TeL=2.9576]
Training GIN (musique):   8%|▊         | 8/100 [00:18<03:13,  2.10s/it, TrL=2.9009, VaL=2.9748, TeL=2.9709]
Training GIN (musique):   9%|▉         | 9/100 [00:18<03:10,  2.10s/it, TrL=2.9009, VaL=2.9748, TeL=2.9709]
Training GIN (musique):   9%|▉         | 9/100 [00:20<03:10,  2.10s/it, TrL=2.9083, VaL=2.9908, TeL=2.9885]
Training GIN (musique):  10%|█         | 10/100 [00:20<03:08,  2.09s/it, TrL=2.9083, VaL=2.9908, TeL=2.9885]
Training GIN (musique):  10%|█         | 10/100 [00:23<03:08,  2.09s/it, TrL=2.9178, VaL=3.0045, TeL=3.0025]
Training GIN (musique):  11%|█         | 11/100 [00:23<03:06,  2.09s/it, TrL=2.9178, VaL=3.0045, TeL=3.0025]
Training GIN (musique):  11%|█         | 11/100 [00:25<03:06,  2.09s/it, TrL=2.9218, VaL=3.0117, TeL=3.0095]
Training GIN (musique):  12%|█▏        | 12/100 [00:25<03:04,  2.09s/it, TrL=2.9218, VaL=3.0117, TeL=3.0095]
Training GIN (musique):  12%|█▏        | 12/100 [00:27<03:04,  2.09s/it, TrL=2.9255, VaL=3.0175, TeL=3.0155]
Training GIN (musique):  13%|█▎        | 13/100 [00:27<03:02,  2.10s/it, TrL=2.9255, VaL=3.0175, TeL=3.0155]
Training GIN (musique):  13%|█▎        | 13/100 [00:29<03:02,  2.10s/it, TrL=2.9336, VaL=3.0291, TeL=3.0250]
Training GIN (musique):  14%|█▍        | 14/100 [00:29<03:00,  2.09s/it, TrL=2.9336, VaL=3.0291, TeL=3.0250]
Training GIN (musique):  14%|█▍        | 14/100 [00:31<03:00,  2.09s/it, TrL=2.9365, VaL=3.0333, TeL=3.0296]
Training GIN (musique):  15%|█▌        | 15/100 [00:31<02:57,  2.09s/it, TrL=2.9365, VaL=3.0333, TeL=3.0296]
Training GIN (musique):  15%|█▌        | 15/100 [00:33<02:57,  2.09s/it, TrL=2.9380, VaL=3.0369, TeL=3.0353]
Training GIN (musique):  16%|█▌        | 16/100 [00:33<02:55,  2.09s/it, TrL=2.9380, VaL=3.0369, TeL=3.0353]
Training GIN (musique):  16%|█▌        | 16/100 [00:35<02:55,  2.09s/it, TrL=2.9467, VaL=3.0477, TeL=3.0469]
Training GIN (musique):  17%|█▋        | 17/100 [00:35<02:54,  2.10s/it, TrL=2.9467, VaL=3.0477, TeL=3.0469]
Training GIN (musique):  17%|█▋        | 17/100 [00:37<02:54,  2.10s/it, TrL=2.9464, VaL=3.0534, TeL=3.0501]
Training GIN (musique):  18%|█▊        | 18/100 [00:37<02:51,  2.09s/it, TrL=2.9464, VaL=3.0534, TeL=3.0501]
Training GIN (musique):  18%|█▊        | 18/100 [00:39<02:51,  2.09s/it, TrL=2.9553, VaL=3.0609, TeL=3.0564]
Training GIN (musique):  19%|█▉        | 19/100 [00:39<02:49,  2.09s/it, TrL=2.9553, VaL=3.0609, TeL=3.0564]
Training GIN (musique):  19%|█▉        | 19/100 [00:41<02:49,  2.09s/it, TrL=2.9555, VaL=3.0635, TeL=3.0582]
Training GIN (musique):  20%|██        | 20/100 [00:41<02:47,  2.09s/it, TrL=2.9555, VaL=3.0635, TeL=3.0582]
Training GIN (musique):  20%|██        | 20/100 [00:43<02:47,  2.09s/it, TrL=2.9589, VaL=3.0680, TeL=3.0640]INFO:src.alignment.train_alignment:Early stopping at epoch 21 (no val improvement for 20 epochs). Best VaL: 2.8676
Training GIN (musique):  20%|██        | 20/100 [00:43<02:55,  2.20s/it, TrL=2.9589, VaL=3.0680, TeL=3.0640]
INFO:src.alignment.train_alignment:Saved best model (VaL=2.8676) to checkpoints/musique/alignment_gin.pth
INFO:modal_runner:--- 3. TRAINING GCN ALIGNMENT: MUSIQUE (100 Epochs) ---
INFO:src.alignment.train_alignment:Training gcn for musique on cuda...
INFO:src.alignment.train_alignment:Loaded base dataset cache for musique.
INFO:src.alignment.train_alignment:Loaded topo node features for musique from cache.
INFO:src.alignment.train_alignment:Loaded partition subgraphs from cache.
INFO:src.alignment.train_alignment:Loaded musique split datasets from cache.
INFO:src.alignment.train_alignment:Using LR=1.0e-04 for gcn (scheduler will adapt)
Training GCN (musique):   0%|          | 0/100 [00:00<?, ?it/s]
Training GCN (musique):   0%|          | 0/100 [00:02<?, ?it/s, TrL=2.8976, VaL=2.5198, TeL=2.4827, ★=best]
Training GCN (musique):   1%|          | 1/100 [00:02<03:29,  2.12s/it, TrL=2.8976, VaL=2.5198, TeL=2.4827, ★=best]
Training GCN (musique):   1%|          | 1/100 [00:04<03:29,  2.12s/it, TrL=2.4757, VaL=2.4288, TeL=2.3981, ★=best]
Training GCN (musique):   2%|▏         | 2/100 [00:04<03:25,  2.10s/it, TrL=2.4757, VaL=2.4288, TeL=2.3981, ★=best]
Training GCN (musique):   2%|▏         | 2/100 [00:06<03:25,  2.10s/it, TrL=2.4247, VaL=2.4315, TeL=2.4133]
Training GCN (musique):   3%|▎         | 3/100 [00:06<03:23,  2.10s/it, TrL=2.4247, VaL=2.4315, TeL=2.4133]
Training GCN (musique):   3%|▎         | 3/100 [00:08<03:23,  2.10s/it, TrL=2.4163, VaL=2.4566, TeL=2.4447]
Training GCN (musique):   4%|▍         | 4/100 [00:08<03:21,  2.10s/it, TrL=2.4163, VaL=2.4566, TeL=2.4447]
Training GCN (musique):   4%|▍         | 4/100 [00:10<03:21,  2.10s/it, TrL=2.3620, VaL=2.4383, TeL=2.4231]
Training GCN (musique):   5%|▌         | 5/100 [00:10<03:19,  2.10s/it, TrL=2.3620, VaL=2.4383, TeL=2.4231]
Training GCN (musique):   5%|▌         | 5/100 [00:12<03:19,  2.10s/it, TrL=2.3321, VaL=2.4396, TeL=2.4340]
Training GCN (musique):   6%|▌         | 6/100 [00:12<03:17,  2.10s/it, TrL=2.3321, VaL=2.4396, TeL=2.4340]
Training GCN (musique):   6%|▌         | 6/100 [00:14<03:17,  2.10s/it, TrL=2.2990, VaL=2.4163, TeL=2.4085, ★=best]
Training GCN (musique):   7%|▋         | 7/100 [00:14<03:15,  2.10s/it, TrL=2.2990, VaL=2.4163, TeL=2.4085, ★=best]
Training GCN (musique):   7%|▋         | 7/100 [00:16<03:15,  2.10s/it, TrL=2.3103, VaL=2.4477, TeL=2.4398]
Training GCN (musique):   8%|▊         | 8/100 [00:16<03:12,  2.10s/it, TrL=2.3103, VaL=2.4477, TeL=2.4398]
Training GCN (musique):   8%|▊         | 8/100 [00:18<03:12,  2.10s/it, TrL=2.2965, VaL=2.4416, TeL=2.4325]
Training GCN (musique):   9%|▉         | 9/100 [00:18<03:10,  2.09s/it, TrL=2.2965, VaL=2.4416, TeL=2.4325]
Training GCN (musique):   9%|▉         | 9/100 [00:20<03:10,  2.09s/it, TrL=2.2816, VaL=2.4386, TeL=2.4279]
Training GCN (musique):  10%|█         | 10/100 [00:20<03:08,  2.10s/it, TrL=2.2816, VaL=2.4386, TeL=2.4279]
Training GCN (musique):  10%|█         | 10/100 [00:23<03:08,  2.10s/it, TrL=2.2800, VaL=2.4528, TeL=2.4419]
Training GCN (musique):  11%|█         | 11/100 [00:23<03:06,  2.10s/it, TrL=2.2800, VaL=2.4528, TeL=2.4419]
Training GCN (musique):  11%|█         | 11/100 [00:25<03:06,  2.10s/it, TrL=2.2826, VaL=2.4587, TeL=2.4507]
Training GCN (musique):  12%|█▏        | 12/100 [00:25<03:05,  2.10s/it, TrL=2.2826, VaL=2.4587, TeL=2.4507]
Training GCN (musique):  12%|█▏        | 12/100 [00:27<03:05,  2.10s/it, TrL=2.2908, VaL=2.4757, TeL=2.4639]
Training GCN (musique):  13%|█▎        | 13/100 [00:27<03:02,  2.10s/it, TrL=2.2908, VaL=2.4757, TeL=2.4639]
Training GCN (musique):  13%|█▎        | 13/100 [00:29<03:02,  2.10s/it, TrL=2.2965, VaL=2.4866, TeL=2.4778]
Training GCN (musique):  14%|█▍        | 14/100 [00:29<03:00,  2.10s/it, TrL=2.2965, VaL=2.4866, TeL=2.4778]
Training GCN (musique):  14%|█▍        | 14/100 [00:31<03:00,  2.10s/it, TrL=2.3161, VaL=2.5039, TeL=2.5015]
Training GCN (musique):  15%|█▌        | 15/100 [00:31<02:58,  2.10s/it, TrL=2.3161, VaL=2.5039, TeL=2.5015]
Training GCN (musique):  15%|█▌        | 15/100 [00:33<02:58,  2.10s/it, TrL=2.3043, VaL=2.5148, TeL=2.5109]
Training GCN (musique):  16%|█▌        | 16/100 [00:33<02:56,  2.10s/it, TrL=2.3043, VaL=2.5148, TeL=2.5109]
Training GCN (musique):  16%|█▌        | 16/100 [00:35<02:56,  2.10s/it, TrL=2.3304, VaL=2.5403, TeL=2.5348]
Training GCN (musique):  17%|█▋        | 17/100 [00:35<02:54,  2.10s/it, TrL=2.3304, VaL=2.5403, TeL=2.5348]
Training GCN (musique):  17%|█▋        | 17/100 [00:37<02:54,  2.10s/it, TrL=2.3520, VaL=2.5603, TeL=2.5567]
Training GCN (musique):  18%|█▊        | 18/100 [00:37<02:51,  2.10s/it, TrL=2.3520, VaL=2.5603, TeL=2.5567]
Training GCN (musique):  18%|█▊        | 18/100 [00:39<02:51,  2.10s/it, TrL=2.3736, VaL=2.5828, TeL=2.5799]
Training GCN (musique):  19%|█▉        | 19/100 [00:39<02:49,  2.10s/it, TrL=2.3736, VaL=2.5828, TeL=2.5799]
Training GCN (musique):  19%|█▉        | 19/100 [00:41<02:49,  2.10s/it, TrL=2.3999, VaL=2.6068, TeL=2.6028]
Training GCN (musique):  20%|██        | 20/100 [00:41<02:47,  2.10s/it, TrL=2.3999, VaL=2.6068, TeL=2.6028]
Training GCN (musique):  20%|██        | 20/100 [00:44<02:47,  2.10s/it, TrL=2.4121, VaL=2.6166, TeL=2.6147]
Training GCN (musique):  21%|██        | 21/100 [00:44<02:45,  2.10s/it, TrL=2.4121, VaL=2.6166, TeL=2.6147]
Training GCN (musique):  21%|██        | 21/100 [00:46<02:45,  2.10s/it, TrL=2.4212, VaL=2.6293, TeL=2.6272]
Training GCN (musique):  22%|██▏       | 22/100 [00:46<02:43,  2.10s/it, TrL=2.4212, VaL=2.6293, TeL=2.6272]
Training GCN (musique):  22%|██▏       | 22/100 [00:48<02:43,  2.10s/it, TrL=2.4328, VaL=2.6427, TeL=2.6394]
Training GCN (musique):  23%|██▎       | 23/100 [00:48<02:41,  2.10s/it, TrL=2.4328, VaL=2.6427, TeL=2.6394]
Training GCN (musique):  23%|██▎       | 23/100 [00:50<02:41,  2.10s/it, TrL=2.4431, VaL=2.6574, TeL=2.6561]
Training GCN (musique):  24%|██▍       | 24/100 [00:50<02:39,  2.10s/it, TrL=2.4431, VaL=2.6574, TeL=2.6561]
Training GCN (musique):  24%|██▍       | 24/100 [00:52<02:39,  2.10s/it, TrL=2.4692, VaL=2.6791, TeL=2.6789]
Training GCN (musique):  25%|██▌       | 25/100 [00:52<02:37,  2.10s/it, TrL=2.4692, VaL=2.6791, TeL=2.6789]
Training GCN (musique):  25%|██▌       | 25/100 [00:54<02:37,  2.10s/it, TrL=2.4768, VaL=2.6888, TeL=2.6868]
Training GCN (musique):  26%|██▌       | 26/100 [00:54<02:35,  2.10s/it, TrL=2.4768, VaL=2.6888, TeL=2.6868]
Training GCN (musique):  26%|██▌       | 26/100 [00:56<02:35,  2.10s/it, TrL=2.5021, VaL=2.7074, TeL=2.7048]INFO:src.alignment.train_alignment:Early stopping at epoch 27 (no val improvement for 20 epochs). Best VaL: 2.4163
Training GCN (musique):  26%|██▌       | 26/100 [00:56<02:41,  2.18s/it, TrL=2.5021, VaL=2.7074, TeL=2.7048]
INFO:src.alignment.train_alignment:Saved best model (VaL=2.4163) to checkpoints/musique/alignment_gcn.pth
INFO:modal_runner:--- 3. TRAINING SAGE ALIGNMENT: MUSIQUE (100 Epochs) ---
INFO:src.alignment.train_alignment:Training sage for musique on cuda...
INFO:src.alignment.train_alignment:Loaded base dataset cache for musique.
INFO:src.alignment.train_alignment:Loaded topo node features for musique from cache.
INFO:src.alignment.train_alignment:Loaded partition subgraphs from cache.
INFO:src.alignment.train_alignment:Loaded musique split datasets from cache.
INFO:src.alignment.train_alignment:Using LR=1.0e-04 for sage (scheduler will adapt)
Training SAGE (musique):   0%|          | 0/100 [00:00<?, ?it/s]
Training SAGE (musique):   0%|          | 0/100 [00:02<?, ?it/s, TrL=3.0188, VaL=2.6874, TeL=2.6445, ★=best]
Training SAGE (musique):   1%|          | 1/100 [00:02<03:26,  2.09s/it, TrL=3.0188, VaL=2.6874, TeL=2.6445, ★=best]
Training SAGE (musique):   1%|          | 1/100 [00:04<03:26,  2.09s/it, TrL=2.6573, VaL=2.6253, TeL=2.5977, ★=best]
Training SAGE (musique):   2%|▏         | 2/100 [00:04<03:25,  2.09s/it, TrL=2.6573, VaL=2.6253, TeL=2.5977, ★=best]
Training SAGE (musique):   2%|▏         | 2/100 [00:06<03:25,  2.09s/it, TrL=2.6350, VaL=2.6456, TeL=2.6296]
Training SAGE (musique):   3%|▎         | 3/100 [00:06<03:22,  2.09s/it, TrL=2.6350, VaL=2.6456, TeL=2.6296]
Training SAGE (musique):   3%|▎         | 3/100 [00:08<03:22,  2.09s/it, TrL=2.6403, VaL=2.6725, TeL=2.6608]
Training SAGE (musique):   4%|▍         | 4/100 [00:08<03:20,  2.09s/it, TrL=2.6403, VaL=2.6725, TeL=2.6608]
Training SAGE (musique):   4%|▍         | 4/100 [00:10<03:20,  2.09s/it, TrL=2.5973, VaL=2.6487, TeL=2.6409]
Training SAGE (musique):   5%|▌         | 5/100 [00:10<03:18,  2.09s/it, TrL=2.5973, VaL=2.6487, TeL=2.6409]
Training SAGE (musique):   5%|▌         | 5/100 [00:12<03:18,  2.09s/it, TrL=2.5803, VaL=2.6494, TeL=2.6470]
Training SAGE (musique):   6%|▌         | 6/100 [00:12<03:16,  2.09s/it, TrL=2.5803, VaL=2.6494, TeL=2.6470]
Training SAGE (musique):   6%|▌         | 6/100 [00:14<03:16,  2.09s/it, TrL=2.5663, VaL=2.6479, TeL=2.6421]
Training SAGE (musique):   7%|▋         | 7/100 [00:14<03:14,  2.09s/it, TrL=2.5663, VaL=2.6479, TeL=2.6421]
Training SAGE (musique):   7%|▋         | 7/100 [00:16<03:14,  2.09s/it, TrL=2.5562, VaL=2.6524, TeL=2.6484]
Training SAGE (musique):   8%|▊         | 8/100 [00:16<03:11,  2.09s/it, TrL=2.5562, VaL=2.6524, TeL=2.6484]
Training SAGE (musique):   8%|▊         | 8/100 [00:18<03:11,  2.09s/it, TrL=2.5370, VaL=2.6511, TeL=2.6512]
Training SAGE (musique):   9%|▉         | 9/100 [00:18<03:09,  2.09s/it, TrL=2.5370, VaL=2.6511, TeL=2.6512]
Training SAGE (musique):   9%|▉         | 9/100 [00:20<03:09,  2.09s/it, TrL=2.5353, VaL=2.6663, TeL=2.6631]
Training SAGE (musique):  10%|█         | 10/100 [00:20<03:07,  2.09s/it, TrL=2.5353, VaL=2.6663, TeL=2.6631]
Training SAGE (musique):  10%|█         | 10/100 [00:22<03:07,  2.09s/it, TrL=2.5283, VaL=2.6741, TeL=2.6693]
Training SAGE (musique):  11%|█         | 11/100 [00:22<03:06,  2.09s/it, TrL=2.5283, VaL=2.6741, TeL=2.6693]
Training SAGE (musique):  11%|█         | 11/100 [00:25<03:06,  2.09s/it, TrL=2.5460, VaL=2.6941, TeL=2.6881]
Training SAGE (musique):  12%|█▏        | 12/100 [00:25<03:04,  2.10s/it, TrL=2.5460, VaL=2.6941, TeL=2.6881]
Training SAGE (musique):  12%|█▏        | 12/100 [00:27<03:04,  2.10s/it, TrL=2.5431, VaL=2.6980, TeL=2.6958]
Training SAGE (musique):  13%|█▎        | 13/100 [00:27<03:01,  2.09s/it, TrL=2.5431, VaL=2.6980, TeL=2.6958]
Training SAGE (musique):  13%|█▎        | 13/100 [00:29<03:01,  2.09s/it, TrL=2.5486, VaL=2.7055, TeL=2.7032]
Training SAGE (musique):  14%|█▍        | 14/100 [00:29<02:59,  2.09s/it, TrL=2.5486, VaL=2.7055, TeL=2.7032]
Training SAGE (musique):  14%|█▍        | 14/100 [00:31<02:59,  2.09s/it, TrL=2.5562, VaL=2.7186, TeL=2.7189]
Training SAGE (musique):  15%|█▌        | 15/100 [00:31<02:57,  2.09s/it, TrL=2.5562, VaL=2.7186, TeL=2.7189]
Training SAGE (musique):  15%|█▌        | 15/100 [00:33<02:57,  2.09s/it, TrL=2.5639, VaL=2.7239, TeL=2.7194]
Training SAGE (musique):  16%|█▌        | 16/100 [00:33<02:55,  2.09s/it, TrL=2.5639, VaL=2.7239, TeL=2.7194]
Training SAGE (musique):  16%|█▌        | 16/100 [00:35<02:55,  2.09s/it, TrL=2.5628, VaL=2.7314, TeL=2.7282]
Training SAGE (musique):  17%|█▋        | 17/100 [00:35<02:53,  2.09s/it, TrL=2.5628, VaL=2.7314, TeL=2.7282]
Training SAGE (musique):  17%|█▋        | 17/100 [00:37<02:53,  2.09s/it, TrL=2.5657, VaL=2.7366, TeL=2.7343]
Training SAGE (musique):  18%|█▊        | 18/100 [00:37<02:51,  2.09s/it, TrL=2.5657, VaL=2.7366, TeL=2.7343]
Training SAGE (musique):  18%|█▊        | 18/100 [00:39<02:51,  2.09s/it, TrL=2.5878, VaL=2.7620, TeL=2.7587]
Training SAGE (musique):  19%|█▉        | 19/100 [00:39<02:49,  2.10s/it, TrL=2.5878, VaL=2.7620, TeL=2.7587]
Training SAGE (musique):  19%|█▉        | 19/100 [00:41<02:49,  2.10s/it, TrL=2.5819, VaL=2.7609, TeL=2.7581]
Training SAGE (musique):  20%|██        | 20/100 [00:41<02:47,  2.09s/it, TrL=2.5819, VaL=2.7609, TeL=2.7581]
Training SAGE (musique):  20%|██        | 20/100 [00:43<02:47,  2.09s/it, TrL=2.5829, VaL=2.7635, TeL=2.7597]
Training SAGE (musique):  21%|██        | 21/100 [00:43<02:45,  2.09s/it, TrL=2.5829, VaL=2.7635, TeL=2.7597]
Training SAGE (musique):  21%|██        | 21/100 [00:45<02:45,  2.09s/it, TrL=2.5847, VaL=2.7667, TeL=2.7655]INFO:src.alignment.train_alignment:Early stopping at epoch 22 (no val improvement for 20 epochs). Best VaL: 2.6253
Training SAGE (musique):  21%|██        | 21/100 [00:45<02:52,  2.19s/it, TrL=2.5847, VaL=2.7667, TeL=2.7655]
INFO:src.alignment.train_alignment:Saved best model (VaL=2.6253) to checkpoints/musique/alignment_sage.pth
INFO:modal_runner:--- 4. COMPARING RECALL (Level 1 & 2): musique ---
INFO:src.core.engine:Loading UKB Indices for source='musique' from data/ukb_storage/musique...
INFO:src.core.engine:Loaded centroid index with 46 partitions.
INFO:src.core.engine:Loaded ColBERT index.
INFO:src.core.engine:Loaded ColBERT Centroid index.
INFO:src.core.engine:CoreEngine ready: source='musique', 46613 doc nodes, 66551 total (incl. questions).
INFO:sentence_transformers.SentenceTransformer:Load pretrained SentenceTransformer: multi-qa-MiniLM-L6-cos-v1
INFO:src.evaluation.benchmark_partition_selection:Benchmark split (musique): 13956 train / 3987 val / 1995 test
WARNING:src.evaluation.benchmark_partition_selection:Reconstructing 46613 vectors from FAISS to build full node features. This is memory intensive!
INFO:src.evaluation.benchmark_partition_selection:Batch encoding 13956 'train' queries (runs exactly once)...
Batches:   3%|▎         | 14/437 [00:00<00:03, 137.87it/s]
Batches:   7%|▋         | 30/437 [00:00<00:02, 146.69it/s]
Batches:  11%|█         | 46/437 [00:00<00:02, 152.12it/s]
Batches:  14%|█▍        | 62/437 [00:00<00:02, 154.31it/s]
Batches:  18%|█▊        | 79/437 [00:00<00:02, 157.09it/s]
Batches:  22%|██▏       | 96/437 [00:00<00:02, 159.54it/s]
Batches:  26%|██▌       | 113/437 [00:00<00:02, 161.51it/s]
Batches:  30%|██▉       | 130/437 [00:00<00:01, 162.45it/s]
Batches:  34%|███▎      | 147/437 [00:00<00:01, 162.45it/s]
Batches:  38%|███▊      | 164/437 [00:01<00:01, 164.28it/s]
Batches:  42%|████▏     | 182/437 [00:01<00:01, 166.33it/s]
Batches:  46%|████▌     | 200/437 [00:01<00:01, 167.67it/s]
Batches:  50%|████▉     | 217/437 [00:01<00:01, 168.06it/s]
Batches:  54%|█████▎    | 234/437 [00:01<00:01, 168.46it/s]
Batches:  57%|█████▋    | 251/437 [00:01<00:01, 163.54it/s]
Batches:  61%|██████▏   | 268/437 [00:01<00:01, 164.44it/s]
Batches:  65%|██████▌   | 285/437 [00:01<00:00, 165.01it/s]
Batches:  69%|██████▉   | 302/437 [00:01<00:00, 166.03it/s]
Batches:  73%|███████▎  | 319/437 [00:01<00:00, 167.04it/s]
Batches:  77%|███████▋  | 337/437 [00:02<00:00, 168.85it/s]
Batches:  81%|████████  | 355/437 [00:02<00:00, 170.66it/s]
Batches:  85%|████████▌ | 373/437 [00:02<00:00, 171.47it/s]
Batches:  89%|████████▉ | 391/437 [00:02<00:00, 172.11it/s]
Batches:  94%|█████████▎| 409/437 [00:02<00:00, 173.47it/s]
Batches:  98%|█████████▊| 427/437 [00:02<00:00, 175.10it/s]
INFO:src.evaluation.benchmark_partition_selection:Batch encoding 3987 'val' queries (runs exactly once)...
Batches:  13%|█▎        | 16/125 [00:00<00:00, 152.19it/s]
Batches:  26%|██▋       | 33/125 [00:00<00:00, 160.08it/s]
Batches:  40%|████      | 50/125 [00:00<00:00, 162.58it/s]
Batches:  54%|█████▍    | 68/125 [00:00<00:00, 166.20it/s]
Batches:  69%|██████▉   | 86/125 [00:00<00:00, 167.95it/s]
Batches:  82%|████████▏ | 103/125 [00:00<00:00, 168.49it/s]
Batches:  97%|█████████▋| 121/125 [00:00<00:00, 170.06it/s]
INFO:src.evaluation.benchmark_partition_selection:Batch encoding 1995 'test' queries (runs exactly once)...
Batches:  25%|██▌       | 16/63 [00:00<00:00, 157.99it/s]
Batches:  52%|█████▏    | 33/63 [00:00<00:00, 162.41it/s]
Batches:  81%|████████  | 51/63 [00:00<00:00, 166.36it/s]
INFO:src.evaluation.benchmark_partition_selection:Benchmarking: faiss_centroid
Benchmarking (faiss_centroid):   0%|          | 0/13956 [00:00<?, ?it/s]
Benchmarking (faiss_centroid):   7%|▋         | 956/13956 [00:00<00:01, 9557.55it/s]
Benchmarking (faiss_centroid):  14%|█▍        | 1934/13956 [00:00<00:01, 9684.58it/s]
Benchmarking (faiss_centroid):  21%|██        | 2930/13956 [00:00<00:01, 9806.59it/s]
Benchmarking (faiss_centroid):  28%|██▊       | 3918/13956 [00:00<00:01, 9834.83it/s]
Benchmarking (faiss_centroid):  35%|███▌      | 4902/13956 [00:00<00:00, 9803.48it/s]
Benchmarking (faiss_centroid):  42%|████▏     | 5883/13956 [00:00<00:00, 9794.62it/s]
Benchmarking (faiss_centroid):  49%|████▉     | 6863/13956 [00:00<00:00, 9790.50it/s]
Benchmarking (faiss_centroid):  56%|█████▋    | 7854/13956 [00:00<00:00, 9826.14it/s]
Benchmarking (faiss_centroid):  63%|██████▎   | 8841/13956 [00:00<00:00, 9838.48it/s]
Benchmarking (faiss_centroid):  70%|███████   | 9825/13956 [00:01<00:00, 9827.07it/s]
Benchmarking (faiss_centroid):  77%|███████▋  | 10808/13956 [00:01<00:00, 9789.63it/s]
Benchmarking (faiss_centroid):  84%|████████▍ | 11789/13956 [00:01<00:00, 9794.76it/s]
Benchmarking (faiss_centroid):  92%|█████████▏| 12775/13956 [00:01<00:00, 9814.02it/s]
Benchmarking (faiss_centroid):  99%|█████████▊| 13757/13956 [00:01<00:00, 9814.78it/s]
INFO:src.evaluation.benchmark_partition_selection:  [train] R@1=31.7% GTR@20=89.5% FCov@20=85.6% MRR=47.4%
Benchmarking (faiss_centroid):   0%|          | 0/3987 [00:00<?, ?it/s]
Benchmarking (faiss_centroid):  24%|██▍       | 965/3987 [00:00<00:00, 9645.29it/s]
Benchmarking (faiss_centroid):  49%|████▉     | 1958/3987 [00:00<00:00, 9811.35it/s]
Benchmarking (faiss_centroid):  74%|███████▎  | 2940/3987 [00:00<00:00, 9744.21it/s]
Benchmarking (faiss_centroid):  98%|█████████▊| 3915/3987 [00:00<00:00, 9722.97it/s]
INFO:src.evaluation.benchmark_partition_selection:  [val] R@1=32.4% GTR@20=89.1% FCov@20=85.0% MRR=47.8%
Benchmarking (faiss_centroid):   0%|          | 0/1995 [00:00<?, ?it/s]
Benchmarking (faiss_centroid):  48%|████▊     | 956/1995 [00:00<00:00, 9552.08it/s]
Benchmarking (faiss_centroid):  98%|█████████▊| 1947/1995 [00:00<00:00, 9759.66it/s]
INFO:src.evaluation.benchmark_partition_selection:  [test] R@1=33.1% GTR@20=89.5% FCov@20=85.8% MRR=48.6%
INFO:src.evaluation.benchmark_partition_selection:Benchmarking: colbert_centroid
Loading searcher for index colbert_centroids for the first time... This may take a few seconds
[Apr 03, 11:32:59] #> Loading codec...
[Apr 03, 11:32:59] #> Loading IVF...
[Apr 03, 11:32:59] #> Loading doclens...
Benchmarking (colbert_centroid):   0%|          | 0/13956 [00:00<?, ?it/s]
[Apr 03, 11:32:59] #> Loading codes and residuals...
Searcher loaded!
#> QueryTokenizer.tensorize(batch_text[0], batch_background[0], bsize) ==
#> Input: What educational institution is located in the city where the owner of IMDB is headquartered?,                 True,           None
#> Output IDs: torch.Size([32]), tensor([  101,     1,  2054,  4547,  5145,  2003,  2284,  1999,  1996,  2103,
2073,  1996,  3954,  1997, 10047, 18939,  2003,  9403,  1029,   102,
103,   103,   103,   103,   103,   103,   103,   103,   103,   103,
103,   103], device='cuda:0')
#> Output Mask: torch.Size([32]), tensor([1, 1, 1, 1, 1, 1, 1, 1, 1, 1, 1, 1, 1, 1, 1, 1, 1, 1, 1, 1, 0, 0, 0, 0,
0, 0, 0, 0, 0, 0, 0, 0], device='cuda:0')
Benchmarking (colbert_centroid):   0%|          | 1/13956 [00:01<4:06:15,  1.06s/it]
Benchmarking (colbert_centroid):   0%|          | 8/13956 [00:01<25:44,  9.03it/s]
Benchmarking (colbert_centroid):   0%|          | 15/13956 [00:01<13:13, 17.56it/s]
Benchmarking (colbert_centroid):   0%|          | 22/13956 [00:01<08:54, 26.07it/s]
Benchmarking (colbert_centroid):   0%|          | 29/13956 [00:01<06:53, 33.65it/s]
Benchmarking (colbert_centroid):   0%|          | 36/13956 [00:01<05:44, 40.37it/s]
Benchmarking (colbert_centroid):   0%|          | 43/13956 [00:01<05:04, 45.72it/s]
Benchmarking (colbert_centroid):   0%|          | 50/13956 [00:01<04:43, 49.07it/s]
Benchmarking (colbert_centroid):   0%|          | 57/13956 [00:01<04:27, 51.95it/s]
Benchmarking (colbert_centroid):   0%|          | 63/13956 [00:02<04:31, 51.12it/s]
Benchmarking (colbert_centroid):   1%|          | 70/13956 [00:02<04:13, 54.86it/s]
Benchmarking (colbert_centroid):   1%|          | 76/13956 [00:02<04:09, 55.67it/s]
Benchmarking (colbert_centroid):   1%|          | 83/13956 [00:02<03:59, 57.89it/s]
Benchmarking (colbert_centroid):   1%|          | 90/13956 [00:02<03:51, 59.96it/s]
Benchmarking (colbert_centroid):   1%|          | 97/13956 [00:02<03:43, 62.13it/s]
Benchmarking (colbert_centroid):   1%|          | 104/13956 [00:02<03:39, 63.23it/s]
Benchmarking (colbert_centroid):   1%|          | 111/13956 [00:02<03:44, 61.80it/s]
Benchmarking (colbert_centroid):   1%|          | 118/13956 [00:02<03:49, 60.35it/s]
Benchmarking (colbert_centroid):   1%|          | 125/13956 [00:03<03:40, 62.79it/s]
Benchmarking (colbert_centroid):   1%|          | 132/13956 [00:03<03:40, 62.64it/s]
Benchmarking (colbert_centroid):   1%|          | 139/13956 [00:03<03:36, 63.68it/s]
Benchmarking (colbert_centroid):   1%|          | 146/13956 [00:03<03:32, 65.12it/s]
Benchmarking (colbert_centroid):   1%|          | 153/13956 [00:03<03:33, 64.75it/s]
Benchmarking (colbert_centroid):   1%|          | 160/13956 [00:03<03:37, 63.51it/s]
Benchmarking (colbert_centroid):   1%|          | 167/13956 [00:03<03:36, 63.78it/s]
Benchmarking (colbert_centroid):   1%|          | 174/13956 [00:03<03:42, 62.02it/s]
Benchmarking (colbert_centroid):   1%|▏         | 181/13956 [00:03<03:47, 60.61it/s]
Benchmarking (colbert_centroid):   1%|▏         | 188/13956 [00:04<03:45, 60.96it/s]
Benchmarking (colbert_centroid):   1%|▏         | 195/13956 [00:04<03:45, 60.98it/s]
Benchmarking (colbert_centroid):   1%|▏         | 202/13956 [00:04<03:41, 62.10it/s]
Benchmarking (colbert_centroid):   1%|▏         | 209/13956 [00:04<03:45, 60.92it/s]
Benchmarking (colbert_centroid):   2%|▏         | 216/13956 [00:04<03:37, 63.06it/s]
Benchmarking (colbert_centroid):   2%|▏         | 223/13956 [00:04<03:31, 64.84it/s]
Benchmarking (colbert_centroid):   2%|▏         | 230/13956 [00:04<03:41, 62.07it/s]
Benchmarking (colbert_centroid):   2%|▏         | 237/13956 [00:04<03:36, 63.24it/s]
Benchmarking (colbert_centroid):   2%|▏         | 244/13956 [00:04<03:34, 63.78it/s]
Benchmarking (colbert_centroid):   2%|▏         | 251/13956 [00:05<03:33, 64.33it/s]
Benchmarking (colbert_centroid):   2%|▏         | 258/13956 [00:05<03:33, 64.15it/s]
Benchmarking (colbert_centroid):   2%|▏         | 265/13956 [00:05<03:39, 62.42it/s]
Benchmarking (colbert_centroid):   2%|▏         | 272/13956 [00:05<03:39, 62.47it/s]
Benchmarking (colbert_centroid):   2%|▏         | 279/13956 [00:05<03:41, 61.88it/s]
Benchmarking (colbert_centroid):   2%|▏         | 286/13956 [00:05<03:43, 61.10it/s]
Benchmarking (colbert_centroid):   2%|▏         | 293/13956 [00:05<03:46, 60.33it/s]
Benchmarking (colbert_centroid):   2%|▏         | 300/13956 [00:05<03:40, 61.90it/s]
Benchmarking (colbert_centroid):   2%|▏         | 307/13956 [00:05<03:39, 62.07it/s]
Benchmarking (colbert_centroid):   2%|▏         | 314/13956 [00:06<03:43, 61.15it/s]
Benchmarking (colbert_centroid):   2%|▏         | 321/13956 [00:06<03:44, 60.65it/s]
Benchmarking (colbert_centroid):   2%|▏         | 328/13956 [00:06<03:39, 62.15it/s]
Benchmarking (colbert_centroid):   2%|▏         | 335/13956 [00:06<03:35, 63.15it/s]
Benchmarking (colbert_centroid):   2%|▏         | 342/13956 [00:06<03:33, 63.80it/s]
Benchmarking (colbert_centroid):   3%|▎         | 349/13956 [00:06<03:35, 63.26it/s]
Benchmarking (colbert_centroid):   3%|▎         | 356/13956 [00:06<03:42, 61.13it/s]
Benchmarking (colbert_centroid):   3%|▎         | 363/13956 [00:06<03:41, 61.51it/s]
Benchmarking (colbert_centroid):   3%|▎         | 370/13956 [00:07<03:45, 60.31it/s]
Benchmarking (colbert_centroid):   3%|▎         | 377/13956 [00:07<03:44, 60.36it/s]
Benchmarking (colbert_centroid):   3%|▎         | 384/13956 [00:07<03:47, 59.71it/s]
Benchmarking (colbert_centroid):   3%|▎         | 391/13956 [00:07<03:40, 61.53it/s]
Benchmarking (colbert_centroid):   3%|▎         | 398/13956 [00:07<03:36, 62.52it/s]
Benchmarking (colbert_centroid):   3%|▎         | 405/13956 [00:07<03:40, 61.37it/s]
Benchmarking (colbert_centroid):   3%|▎         | 412/13956 [00:07<03:38, 61.88it/s]
Benchmarking (colbert_centroid):   3%|▎         | 419/13956 [00:07<03:38, 61.91it/s]
Benchmarking (colbert_centroid):   3%|▎         | 426/13956 [00:07<03:34, 63.02it/s]
Benchmarking (colbert_centroid):   3%|▎         | 433/13956 [00:08<03:34, 62.94it/s]
Benchmarking (colbert_centroid):   3%|▎         | 440/13956 [00:08<03:36, 62.57it/s]
Benchmarking (colbert_centroid):   3%|▎         | 447/13956 [00:08<03:37, 62.19it/s]
Benchmarking (colbert_centroid):   3%|▎         | 454/13956 [00:08<03:34, 63.01it/s]
Benchmarking (colbert_centroid):   3%|▎         | 461/13956 [00:08<03:38, 61.67it/s]
Benchmarking (colbert_centroid):   3%|▎         | 468/13956 [00:08<03:34, 62.91it/s]
Benchmarking (colbert_centroid):   3%|▎         | 475/13956 [00:08<03:32, 63.38it/s]
Benchmarking (colbert_centroid):   3%|▎         | 482/13956 [00:08<03:42, 60.66it/s]
Benchmarking (colbert_centroid):   4%|▎         | 489/13956 [00:08<03:43, 60.32it/s]
Benchmarking (colbert_centroid):   4%|▎         | 496/13956 [00:09<03:37, 61.88it/s]
Benchmarking (colbert_centroid):   4%|▎         | 503/13956 [00:09<03:34, 62.73it/s]
Benchmarking (colbert_centroid):   4%|▎         | 510/13956 [00:09<03:32, 63.34it/s]
Benchmarking (colbert_centroid):   4%|▎         | 517/13956 [00:09<03:36, 62.06it/s]
Benchmarking (colbert_centroid):   4%|▍         | 524/13956 [00:09<03:36, 62.06it/s]
Benchmarking (colbert_centroid):   4%|▍         | 532/13956 [00:09<03:31, 63.54it/s]
Benchmarking (colbert_centroid):   4%|▍         | 539/13956 [00:09<03:39, 61.25it/s]
Benchmarking (colbert_centroid):   4%|▍         | 546/13956 [00:09<03:39, 61.20it/s]
Benchmarking (colbert_centroid):   4%|▍         | 553/13956 [00:09<03:50, 58.02it/s]
Benchmarking (colbert_centroid):   4%|▍         | 560/13956 [00:10<03:39, 60.91it/s]
Benchmarking (colbert_centroid):   4%|▍         | 567/13956 [00:10<03:42, 60.16it/s]
Benchmarking (colbert_centroid):   4%|▍         | 574/13956 [00:10<03:43, 59.93it/s]
Benchmarking (colbert_centroid):   4%|▍         | 582/13956 [00:10<03:32, 63.04it/s]
Benchmarking (colbert_centroid):   4%|▍         | 589/13956 [00:10<03:36, 61.82it/s]
Benchmarking (colbert_centroid):   4%|▍         | 596/13956 [00:10<03:32, 62.74it/s]
Benchmarking (colbert_centroid):   4%|▍         | 603/13956 [00:10<03:41, 60.40it/s]
Benchmarking (colbert_centroid):   4%|▍         | 610/13956 [00:10<03:32, 62.83it/s]
Benchmarking (colbert_centroid):   4%|▍         | 617/13956 [00:10<03:29, 63.55it/s]
Benchmarking (colbert_centroid):   4%|▍         | 624/13956 [00:11<03:24, 65.25it/s]
Benchmarking (colbert_centroid):   5%|▍         | 631/13956 [00:11<03:21, 66.11it/s]
Benchmarking (colbert_centroid):   5%|▍         | 638/13956 [00:11<03:18, 67.13it/s]
Benchmarking (colbert_centroid):   5%|▍         | 645/13956 [00:11<03:25, 64.90it/s]
Benchmarking (colbert_centroid):   5%|▍         | 652/13956 [00:11<03:21, 65.97it/s]
Benchmarking (colbert_centroid):   5%|▍         | 659/13956 [00:11<03:23, 65.46it/s]
Benchmarking (colbert_centroid):   5%|▍         | 666/13956 [00:11<03:34, 62.10it/s]
Benchmarking (colbert_centroid):   5%|▍         | 673/13956 [00:11<03:30, 63.25it/s]
Benchmarking (colbert_centroid):   5%|▍         | 680/13956 [00:11<03:30, 63.03it/s]
Benchmarking (colbert_centroid):   5%|▍         | 687/13956 [00:12<03:32, 62.41it/s]
Benchmarking (colbert_centroid):   5%|▍         | 694/13956 [00:12<03:26, 64.25it/s]
Benchmarking (colbert_centroid):   5%|▌         | 701/13956 [00:12<03:36, 61.26it/s]
Benchmarking (colbert_centroid):   5%|▌         | 708/13956 [00:12<03:35, 61.59it/s]
Benchmarking (colbert_centroid):   5%|▌         | 715/13956 [00:12<03:34, 61.64it/s]
Benchmarking (colbert_centroid):   5%|▌         | 722/13956 [00:12<03:34, 61.80it/s]
Benchmarking (colbert_centroid):   5%|▌         | 729/13956 [00:12<03:39, 60.19it/s]
Benchmarking (colbert_centroid):   5%|▌         | 736/13956 [00:12<03:39, 60.13it/s]
Benchmarking (colbert_centroid):   5%|▌         | 743/13956 [00:12<03:33, 61.77it/s]
Benchmarking (colbert_centroid):   5%|▌         | 750/13956 [00:13<03:34, 61.63it/s]
Benchmarking (colbert_centroid):   5%|▌         | 757/13956 [00:13<03:37, 60.78it/s]
Benchmarking (colbert_centroid):   5%|▌         | 764/13956 [00:13<03:38, 60.32it/s]
Benchmarking (colbert_centroid):   6%|▌         | 771/13956 [00:13<03:43, 58.90it/s]
Benchmarking (colbert_centroid):   6%|▌         | 779/13956 [00:13<03:31, 62.22it/s]
Benchmarking (colbert_centroid):   6%|▌         | 786/13956 [00:13<03:37, 60.66it/s]
Benchmarking (colbert_centroid):   6%|▌         | 793/13956 [00:13<03:36, 60.69it/s]
Benchmarking (colbert_centroid):   6%|▌         | 800/13956 [00:13<03:33, 61.57it/s]
Benchmarking (colbert_centroid):   6%|▌         | 807/13956 [00:14<03:30, 62.61it/s]
Benchmarking (colbert_centroid):   6%|▌         | 814/13956 [00:14<03:30, 62.56it/s]
Benchmarking (colbert_centroid):   6%|▌         | 821/13956 [00:14<03:30, 62.26it/s]
Benchmarking (colbert_centroid):   6%|▌         | 828/13956 [00:14<03:31, 62.08it/s]
Benchmarking (colbert_centroid):   6%|▌         | 836/13956 [00:14<03:23, 64.54it/s]
Benchmarking (colbert_centroid):   6%|▌         | 843/13956 [00:14<03:22, 64.83it/s]
Benchmarking (colbert_centroid):   6%|▌         | 850/13956 [00:14<03:18, 66.04it/s]
Benchmarking (colbert_centroid):   6%|▌         | 857/13956 [00:14<03:21, 64.89it/s]
Benchmarking (colbert_centroid):   6%|▌         | 864/13956 [00:14<03:23, 64.45it/s]
Benchmarking (colbert_centroid):   6%|▌         | 871/13956 [00:15<03:25, 63.70it/s]
Benchmarking (colbert_centroid):   6%|▋         | 879/13956 [00:15<03:18, 65.81it/s]
Benchmarking (colbert_centroid):   6%|▋         | 886/13956 [00:15<03:20, 65.34it/s]
Benchmarking (colbert_centroid):   6%|▋         | 893/13956 [00:15<03:23, 64.15it/s]
Benchmarking (colbert_centroid):   6%|▋         | 900/13956 [00:15<03:26, 63.25it/s]
Benchmarking (colbert_centroid):   6%|▋         | 907/13956 [00:15<03:24, 63.95it/s]
Benchmarking (colbert_centroid):   7%|▋         | 914/13956 [00:15<03:22, 64.53it/s]
Benchmarking (colbert_centroid):   7%|▋         | 921/13956 [00:15<03:18, 65.72it/s]
Benchmarking (colbert_centroid):   7%|▋         | 928/13956 [00:15<03:18, 65.54it/s]
Benchmarking (colbert_centroid):   7%|▋         | 935/13956 [00:16<03:20, 65.05it/s]
Benchmarking (colbert_centroid):   7%|▋         | 942/13956 [00:16<03:23, 63.92it/s]
Benchmarking (colbert_centroid):   7%|▋         | 949/13956 [00:16<03:21, 64.48it/s]
Benchmarking (colbert_centroid):   7%|▋         | 956/13956 [00:16<03:19, 65.02it/s]
Benchmarking (colbert_centroid):   7%|▋         | 963/13956 [00:16<03:21, 64.40it/s]
Benchmarking (colbert_centroid):   7%|▋         | 970/13956 [00:16<03:20, 64.72it/s]
Benchmarking (colbert_centroid):   7%|▋         | 977/13956 [00:16<03:19, 65.03it/s]
Benchmarking (colbert_centroid):   7%|▋         | 984/13956 [00:16<03:26, 62.92it/s]
Benchmarking (colbert_centroid):   7%|▋         | 991/13956 [00:16<03:27, 62.44it/s]
Benchmarking (colbert_centroid):   7%|▋         | 998/13956 [00:17<03:27, 62.38it/s]
Benchmarking (colbert_centroid):   7%|▋         | 1005/13956 [00:17<03:31, 61.33it/s]
Benchmarking (colbert_centroid):   7%|▋         | 1012/13956 [00:17<03:33, 60.71it/s]
Benchmarking (colbert_centroid):   7%|▋         | 1019/13956 [00:17<03:29, 61.87it/s]
Benchmarking (colbert_centroid):   7%|▋         | 1026/13956 [00:17<03:32, 60.74it/s]
Benchmarking (colbert_centroid):   7%|▋         | 1033/13956 [00:17<03:38, 59.09it/s]
Benchmarking (colbert_centroid):   7%|▋         | 1039/13956 [00:17<03:39, 58.81it/s]
Benchmarking (colbert_centroid):   7%|▋         | 1046/13956 [00:17<03:29, 61.66it/s]
Benchmarking (colbert_centroid):   8%|▊         | 1053/13956 [00:17<03:26, 62.46it/s]
Benchmarking (colbert_centroid):   8%|▊         | 1060/13956 [00:18<03:29, 61.44it/s]
Benchmarking (colbert_centroid):   8%|▊         | 1067/13956 [00:18<03:26, 62.40it/s]
Benchmarking (colbert_centroid):   8%|▊         | 1074/13956 [00:18<03:24, 62.93it/s]
Benchmarking (colbert_centroid):   8%|▊         | 1081/13956 [00:18<03:25, 62.66it/s]
Benchmarking (colbert_centroid):   8%|▊         | 1089/13956 [00:18<03:18, 64.97it/s]
Benchmarking (colbert_centroid):   8%|▊         | 1096/13956 [00:18<03:21, 63.96it/s]
Benchmarking (colbert_centroid):   8%|▊         | 1103/13956 [00:18<03:31, 60.77it/s]
Benchmarking (colbert_centroid):   8%|▊         | 1110/13956 [00:18<03:26, 62.14it/s]
Benchmarking (colbert_centroid):   8%|▊         | 1117/13956 [00:18<03:26, 62.17it/s]
Benchmarking (colbert_centroid):   8%|▊         | 1124/13956 [00:19<03:27, 61.93it/s]
Benchmarking (colbert_centroid):   8%|▊         | 1131/13956 [00:19<03:29, 61.15it/s]
Benchmarking (colbert_centroid):   8%|▊         | 1138/13956 [00:19<03:25, 62.41it/s]
Benchmarking (colbert_centroid):   8%|▊         | 1145/13956 [00:19<03:27, 61.76it/s]
Benchmarking (colbert_centroid):   8%|▊         | 1152/13956 [00:19<03:27, 61.74it/s]
Benchmarking (colbert_centroid):   8%|▊         | 1160/13956 [00:19<03:19, 64.27it/s]
Benchmarking (colbert_centroid):   8%|▊         | 1167/13956 [00:19<03:16, 65.17it/s]
Benchmarking (colbert_centroid):   8%|▊         | 1174/13956 [00:19<03:22, 63.08it/s]
Benchmarking (colbert_centroid):   8%|▊         | 1181/13956 [00:19<03:20, 63.63it/s]
Benchmarking (colbert_centroid):   9%|▊         | 1188/13956 [00:20<03:22, 63.19it/s]
Benchmarking (colbert_centroid):   9%|▊         | 1195/13956 [00:20<03:22, 62.97it/s]
Benchmarking (colbert_centroid):   9%|▊         | 1202/13956 [00:20<03:26, 61.73it/s]
Benchmarking (colbert_centroid):   9%|▊         | 1209/13956 [00:20<03:22, 62.96it/s]
Benchmarking (colbert_centroid):   9%|▊         | 1217/13956 [00:20<03:15, 65.15it/s]
Benchmarking (colbert_centroid):   9%|▉         | 1224/13956 [00:20<03:14, 65.37it/s]
Benchmarking (colbert_centroid):   9%|▉         | 1231/13956 [00:20<03:18, 64.00it/s]
Benchmarking (colbert_centroid):   9%|▉         | 1238/13956 [00:20<03:25, 61.90it/s]
Benchmarking (colbert_centroid):   9%|▉         | 1245/13956 [00:20<03:25, 62.00it/s]
Benchmarking (colbert_centroid):   9%|▉         | 1252/13956 [00:21<03:26, 61.56it/s]
Benchmarking (colbert_centroid):   9%|▉         | 1259/13956 [00:21<03:21, 62.96it/s]
Benchmarking (colbert_centroid):   9%|▉         | 1266/13956 [00:21<03:20, 63.22it/s]
Benchmarking (colbert_centroid):   9%|▉         | 1273/13956 [00:21<03:19, 63.47it/s]
Benchmarking (colbert_centroid):   9%|▉         | 1280/13956 [00:21<03:21, 62.97it/s]
Benchmarking (colbert_centroid):   9%|▉         | 1287/13956 [00:21<03:18, 63.91it/s]
Benchmarking (colbert_centroid):   9%|▉         | 1294/13956 [00:21<03:25, 61.73it/s]
Benchmarking (colbert_centroid):   9%|▉         | 1301/13956 [00:21<03:31, 59.75it/s]
Benchmarking (colbert_centroid):   9%|▉         | 1308/13956 [00:21<03:29, 60.39it/s]
Benchmarking (colbert_centroid):   9%|▉         | 1315/13956 [00:22<03:27, 60.87it/s]
Benchmarking (colbert_centroid):   9%|▉         | 1322/13956 [00:22<03:22, 62.39it/s]
Benchmarking (colbert_centroid):  10%|▉         | 1329/13956 [00:22<03:19, 63.29it/s]
Benchmarking (colbert_centroid):  10%|▉         | 1336/13956 [00:22<03:23, 62.01it/s]
Benchmarking (colbert_centroid):  10%|▉         | 1343/13956 [00:22<03:20, 63.01it/s]
Benchmarking (colbert_centroid):  10%|▉         | 1351/13956 [00:22<03:13, 65.25it/s]
Benchmarking (colbert_centroid):  10%|▉         | 1358/13956 [00:22<03:14, 64.61it/s]
Benchmarking (colbert_centroid):  10%|▉         | 1365/13956 [00:22<03:17, 63.80it/s]
Benchmarking (colbert_centroid):  10%|▉         | 1372/13956 [00:22<03:22, 62.13it/s]
Benchmarking (colbert_centroid):  10%|▉         | 1379/13956 [00:23<03:20, 62.59it/s]
Benchmarking (colbert_centroid):  10%|▉         | 1386/13956 [00:23<03:24, 61.36it/s]
Benchmarking (colbert_centroid):  10%|▉         | 1393/13956 [00:23<03:20, 62.64it/s]
Benchmarking (colbert_centroid):  10%|█         | 1400/13956 [00:23<03:23, 61.60it/s]
Benchmarking (colbert_centroid):  10%|█         | 1407/13956 [00:23<03:21, 62.32it/s]
Benchmarking (colbert_centroid):  10%|█         | 1414/13956 [00:23<03:24, 61.44it/s]
Benchmarking (colbert_centroid):  10%|█         | 1421/13956 [00:23<03:26, 60.65it/s]
Benchmarking (colbert_centroid):  10%|█         | 1428/13956 [00:23<03:20, 62.37it/s]
Benchmarking (colbert_centroid):  10%|█         | 1435/13956 [00:24<03:18, 62.96it/s]
Benchmarking (colbert_centroid):  10%|█         | 1442/13956 [00:24<03:19, 62.67it/s]
Benchmarking (colbert_centroid):  10%|█         | 1449/13956 [00:24<03:17, 63.31it/s]
Benchmarking (colbert_centroid):  10%|█         | 1456/13956 [00:24<03:20, 62.28it/s]
Benchmarking (colbert_centroid):  10%|█         | 1463/13956 [00:24<03:21, 62.14it/s]
Benchmarking (colbert_centroid):  11%|█         | 1470/13956 [00:24<03:17, 63.13it/s]
Benchmarking (colbert_centroid):  11%|█         | 1477/13956 [00:24<03:15, 63.79it/s]
Benchmarking (colbert_centroid):  11%|█         | 1484/13956 [00:24<03:17, 63.30it/s]
Benchmarking (colbert_centroid):  11%|█         | 1491/13956 [00:24<03:16, 63.54it/s]
Benchmarking (colbert_centroid):  11%|█         | 1498/13956 [00:25<03:25, 60.54it/s]
Benchmarking (colbert_centroid):  11%|█         | 1505/13956 [00:25<03:33, 58.33it/s]
Benchmarking (colbert_centroid):  11%|█         | 1512/13956 [00:25<03:26, 60.14it/s]
Benchmarking (colbert_centroid):  11%|█         | 1519/13956 [00:25<03:26, 60.28it/s]
Benchmarking (colbert_centroid):  11%|█         | 1526/13956 [00:25<03:24, 60.91it/s]
Benchmarking (colbert_centroid):  11%|█         | 1533/13956 [00:25<03:22, 61.25it/s]
Benchmarking (colbert_centroid):  11%|█         | 1540/13956 [00:25<03:22, 61.34it/s]
Benchmarking (colbert_centroid):  11%|█         | 1547/13956 [00:25<03:24, 60.75it/s]
Benchmarking (colbert_centroid):  11%|█         | 1554/13956 [00:25<03:17, 62.64it/s]
Benchmarking (colbert_centroid):  11%|█         | 1561/13956 [00:26<03:15, 63.47it/s]
Benchmarking (colbert_centroid):  11%|█         | 1568/13956 [00:26<03:16, 62.97it/s]
Benchmarking (colbert_centroid):  11%|█▏        | 1575/13956 [00:26<03:17, 62.81it/s]
Benchmarking (colbert_centroid):  11%|█▏        | 1582/13956 [00:26<03:13, 63.89it/s]
Benchmarking (colbert_centroid):  11%|█▏        | 1589/13956 [00:26<03:15, 63.24it/s]
Benchmarking (colbert_centroid):  11%|█▏        | 1596/13956 [00:26<03:15, 63.09it/s]
Benchmarking (colbert_centroid):  11%|█▏        | 1603/13956 [00:26<03:18, 62.18it/s]
Benchmarking (colbert_centroid):  12%|█▏        | 1610/13956 [00:26<03:21, 61.17it/s]
Benchmarking (colbert_centroid):  12%|█▏        | 1617/13956 [00:26<03:17, 62.52it/s]
Benchmarking (colbert_centroid):  12%|█▏        | 1624/13956 [00:27<03:17, 62.34it/s]
Benchmarking (colbert_centroid):  12%|█▏        | 1631/13956 [00:27<03:17, 62.31it/s]
Benchmarking (colbert_centroid):  12%|█▏        | 1638/13956 [00:27<03:17, 62.42it/s]
Benchmarking (colbert_centroid):  12%|█▏        | 1645/13956 [00:27<03:24, 60.22it/s]
Benchmarking (colbert_centroid):  12%|█▏        | 1652/13956 [00:27<03:18, 61.91it/s]
Benchmarking (colbert_centroid):  12%|█▏        | 1659/13956 [00:27<03:14, 63.15it/s]
Benchmarking (colbert_centroid):  12%|█▏        | 1666/13956 [00:27<03:15, 62.88it/s]
Benchmarking (colbert_centroid):  12%|█▏        | 1673/13956 [00:27<03:12, 63.75it/s]
Benchmarking (colbert_centroid):  12%|█▏        | 1680/13956 [00:27<03:12, 63.81it/s]
Benchmarking (colbert_centroid):  12%|█▏        | 1687/13956 [00:28<03:16, 62.42it/s]
Benchmarking (colbert_centroid):  12%|█▏        | 1694/13956 [00:28<03:18, 61.72it/s]
Benchmarking (colbert_centroid):  12%|█▏        | 1701/13956 [00:28<03:21, 60.68it/s]
Benchmarking (colbert_centroid):  12%|█▏        | 1708/13956 [00:28<03:18, 61.65it/s]
Benchmarking (colbert_centroid):  12%|█▏        | 1715/13956 [00:28<03:15, 62.46it/s]
Benchmarking (colbert_centroid):  12%|█▏        | 1722/13956 [00:28<03:16, 62.29it/s]
Benchmarking (colbert_centroid):  12%|█▏        | 1729/13956 [00:28<03:19, 61.28it/s]
Benchmarking (colbert_centroid):  12%|█▏        | 1736/13956 [00:28<03:14, 62.82it/s]
Benchmarking (colbert_centroid):  12%|█▏        | 1743/13956 [00:28<03:17, 61.73it/s]
Benchmarking (colbert_centroid):  13%|█▎        | 1750/13956 [00:29<03:16, 61.97it/s]
Benchmarking (colbert_centroid):  13%|█▎        | 1757/13956 [00:29<03:17, 61.87it/s]
Benchmarking (colbert_centroid):  13%|█▎        | 1764/13956 [00:29<03:13, 62.85it/s]
Benchmarking (colbert_centroid):  13%|█▎        | 1771/13956 [00:29<03:12, 63.37it/s]
Benchmarking (colbert_centroid):  13%|█▎        | 1778/13956 [00:29<03:13, 63.02it/s]
Benchmarking (colbert_centroid):  13%|█▎        | 1785/13956 [00:29<03:16, 61.96it/s]
Benchmarking (colbert_centroid):  13%|█▎        | 1792/13956 [00:29<03:09, 64.10it/s]
Benchmarking (colbert_centroid):  13%|█▎        | 1799/13956 [00:29<03:05, 65.70it/s]
Benchmarking (colbert_centroid):  13%|█▎        | 1806/13956 [00:29<03:06, 65.31it/s]
Benchmarking (colbert_centroid):  13%|█▎        | 1813/13956 [00:30<03:09, 64.21it/s]
Benchmarking (colbert_centroid):  13%|█▎        | 1820/13956 [00:30<03:10, 63.60it/s]
Benchmarking (colbert_centroid):  13%|█▎        | 1827/13956 [00:30<03:11, 63.23it/s]
Benchmarking (colbert_centroid):  13%|█▎        | 1834/13956 [00:30<03:13, 62.78it/s]
Benchmarking (colbert_centroid):  13%|█▎        | 1841/13956 [00:30<03:10, 63.68it/s]
Benchmarking (colbert_centroid):  13%|█▎        | 1848/13956 [00:30<03:10, 63.63it/s]
Benchmarking (colbert_centroid):  13%|█▎        | 1855/13956 [00:30<03:11, 63.05it/s]
Benchmarking (colbert_centroid):  13%|█▎        | 1862/13956 [00:30<03:16, 61.49it/s]
Benchmarking (colbert_centroid):  13%|█▎        | 1869/13956 [00:30<03:12, 62.77it/s]
Benchmarking (colbert_centroid):  13%|█▎        | 1876/13956 [00:31<03:09, 63.64it/s]
Benchmarking (colbert_centroid):  13%|█▎        | 1883/13956 [00:31<03:13, 62.34it/s]
Benchmarking (colbert_centroid):  14%|█▎        | 1890/13956 [00:31<03:16, 61.35it/s]
Benchmarking (colbert_centroid):  14%|█▎        | 1897/13956 [00:31<03:21, 59.83it/s]
Benchmarking (colbert_centroid):  14%|█▎        | 1904/13956 [00:31<03:16, 61.49it/s]
Benchmarking (colbert_centroid):  14%|█▎        | 1911/13956 [00:31<03:12, 62.73it/s]
Benchmarking (colbert_centroid):  14%|█▎        | 1918/13956 [00:31<03:07, 64.36it/s]
Benchmarking (colbert_centroid):  14%|█▍        | 1925/13956 [00:31<03:05, 64.69it/s]
Benchmarking (colbert_centroid):  14%|█▍        | 1932/13956 [00:31<03:02, 65.76it/s]
Benchmarking (colbert_centroid):  14%|█▍        | 1940/13956 [00:32<02:58, 67.15it/s]
Benchmarking (colbert_centroid):  14%|█▍        | 1948/13956 [00:32<02:59, 67.00it/s]
Benchmarking (colbert_centroid):  14%|█▍        | 1955/13956 [00:32<03:00, 66.35it/s]
Benchmarking (colbert_centroid):  14%|█▍        | 1962/13956 [00:32<03:00, 66.28it/s]
Benchmarking (colbert_centroid):  14%|█▍        | 1969/13956 [00:32<02:58, 67.29it/s]
Benchmarking (colbert_centroid):  14%|█▍        | 1976/13956 [00:32<03:02, 65.54it/s]
Benchmarking (colbert_centroid):  14%|█▍        | 1983/13956 [00:32<03:08, 63.45it/s]
Benchmarking (colbert_centroid):  14%|█▍        | 1990/13956 [00:32<03:09, 63.28it/s]
Benchmarking (colbert_centroid):  14%|█▍        | 1997/13956 [00:32<03:06, 64.18it/s]
Benchmarking (colbert_centroid):  14%|█▍        | 2004/13956 [00:33<03:13, 61.83it/s]
Benchmarking (colbert_centroid):  14%|█▍        | 2011/13956 [00:33<03:14, 61.52it/s]
Benchmarking (colbert_centroid):  14%|█▍        | 2018/13956 [00:33<03:10, 62.74it/s]
Benchmarking (colbert_centroid):  15%|█▍        | 2025/13956 [00:33<03:11, 62.38it/s]
Benchmarking (colbert_centroid):  15%|█▍        | 2032/13956 [00:33<03:05, 64.30it/s]
Benchmarking (colbert_centroid):  15%|█▍        | 2039/13956 [00:33<03:04, 64.53it/s]
Benchmarking (colbert_centroid):  15%|█▍        | 2046/13956 [00:33<03:11, 62.21it/s]
Benchmarking (colbert_centroid):  15%|█▍        | 2053/13956 [00:33<03:12, 61.72it/s]
Benchmarking (colbert_centroid):  15%|█▍        | 2060/13956 [00:33<03:09, 62.85it/s]
Benchmarking (colbert_centroid):  15%|█▍        | 2067/13956 [00:34<03:06, 63.79it/s]
Benchmarking (colbert_centroid):  15%|█▍        | 2074/13956 [00:34<03:03, 64.87it/s]
Benchmarking (colbert_centroid):  15%|█▍        | 2081/13956 [00:34<03:01, 65.28it/s]
Benchmarking (colbert_centroid):  15%|█▍        | 2088/13956 [00:34<03:01, 65.28it/s]
Benchmarking (colbert_centroid):  15%|█▌        | 2095/13956 [00:34<03:05, 64.03it/s]
Benchmarking (colbert_centroid):  15%|█▌        | 2102/13956 [00:34<03:09, 62.63it/s]
Benchmarking (colbert_centroid):  15%|█▌        | 2109/13956 [00:34<03:13, 61.26it/s]
Benchmarking (colbert_centroid):  15%|█▌        | 2116/13956 [00:34<03:15, 60.62it/s]
Benchmarking (colbert_centroid):  15%|█▌        | 2123/13956 [00:34<03:13, 61.29it/s]
Benchmarking (colbert_centroid):  15%|█▌        | 2130/13956 [00:35<03:17, 59.74it/s]
Benchmarking (colbert_centroid):  15%|█▌        | 2136/13956 [00:35<03:19, 59.30it/s]
Benchmarking (colbert_centroid):  15%|█▌        | 2144/13956 [00:35<03:11, 61.59it/s]
Benchmarking (colbert_centroid):  15%|█▌        | 2151/13956 [00:35<03:11, 61.63it/s]
Benchmarking (colbert_centroid):  15%|█▌        | 2158/13956 [00:35<03:11, 61.56it/s]
Benchmarking (colbert_centroid):  16%|█▌        | 2165/13956 [00:35<03:14, 60.77it/s]
Benchmarking (colbert_centroid):  16%|█▌        | 2172/13956 [00:35<03:09, 62.13it/s]
Benchmarking (colbert_centroid):  16%|█▌        | 2179/13956 [00:35<03:15, 60.21it/s]
Benchmarking (colbert_centroid):  16%|█▌        | 2186/13956 [00:35<03:10, 61.89it/s]
Benchmarking (colbert_centroid):  16%|█▌        | 2193/13956 [00:36<03:11, 61.34it/s]
Benchmarking (colbert_centroid):  16%|█▌        | 2200/13956 [00:36<03:04, 63.66it/s]
Benchmarking (colbert_centroid):  16%|█▌        | 2207/13956 [00:36<03:02, 64.48it/s]
Benchmarking (colbert_centroid):  16%|█▌        | 2214/13956 [00:36<03:04, 63.66it/s]
Benchmarking (colbert_centroid):  16%|█▌        | 2221/13956 [00:36<03:05, 63.41it/s]
Benchmarking (colbert_centroid):  16%|█▌        | 2228/13956 [00:36<03:03, 63.82it/s]
Benchmarking (colbert_centroid):  16%|█▌        | 2235/13956 [00:36<03:05, 63.27it/s]
Benchmarking (colbert_centroid):  16%|█▌        | 2242/13956 [00:36<03:06, 62.96it/s]
Benchmarking (colbert_centroid):  16%|█▌        | 2249/13956 [00:36<03:00, 64.87it/s]
Benchmarking (colbert_centroid):  16%|█▌        | 2256/13956 [00:37<03:05, 63.09it/s]
Benchmarking (colbert_centroid):  16%|█▌        | 2263/13956 [00:37<03:05, 62.99it/s]
Benchmarking (colbert_centroid):  16%|█▋        | 2270/13956 [00:37<03:12, 60.80it/s]
Benchmarking (colbert_centroid):  16%|█▋        | 2277/13956 [00:37<03:12, 60.53it/s]
Benchmarking (colbert_centroid):  16%|█▋        | 2284/13956 [00:37<03:17, 59.09it/s]
Benchmarking (colbert_centroid):  16%|█▋        | 2291/13956 [00:37<03:13, 60.35it/s]
Benchmarking (colbert_centroid):  16%|█▋        | 2298/13956 [00:37<03:08, 61.80it/s]
Benchmarking (colbert_centroid):  17%|█▋        | 2305/13956 [00:37<03:02, 63.70it/s]
Benchmarking (colbert_centroid):  17%|█▋        | 2312/13956 [00:37<03:03, 63.36it/s]
Benchmarking (colbert_centroid):  17%|█▋        | 2319/13956 [00:38<02:59, 64.97it/s]
Benchmarking (colbert_centroid):  17%|█▋        | 2326/13956 [00:38<02:59, 64.92it/s]
Benchmarking (colbert_centroid):  17%|█▋        | 2333/13956 [00:38<02:56, 65.93it/s]
Benchmarking (colbert_centroid):  17%|█▋        | 2340/13956 [00:38<02:56, 65.82it/s]
Benchmarking (colbert_centroid):  17%|█▋        | 2347/13956 [00:38<03:02, 63.54it/s]
Benchmarking (colbert_centroid):  17%|█▋        | 2354/13956 [00:38<03:01, 64.01it/s]
Benchmarking (colbert_centroid):  17%|█▋        | 2361/13956 [00:38<02:59, 64.75it/s]
Benchmarking (colbert_centroid):  17%|█▋        | 2368/13956 [00:38<02:59, 64.54it/s]
Benchmarking (colbert_centroid):  17%|█▋        | 2375/13956 [00:38<02:59, 64.69it/s]
Benchmarking (colbert_centroid):  17%|█▋        | 2382/13956 [00:39<03:00, 63.97it/s]
Benchmarking (colbert_centroid):  17%|█▋        | 2389/13956 [00:39<03:05, 62.24it/s]
Benchmarking (colbert_centroid):  17%|█▋        | 2396/13956 [00:39<03:05, 62.27it/s]
Benchmarking (colbert_centroid):  17%|█▋        | 2403/13956 [00:39<03:04, 62.48it/s]
Benchmarking (colbert_centroid):  17%|█▋        | 2410/13956 [00:39<03:11, 60.17it/s]
Benchmarking (colbert_centroid):  17%|█▋        | 2417/13956 [00:39<03:06, 61.73it/s]
Benchmarking (colbert_centroid):  17%|█▋        | 2424/13956 [00:39<03:05, 62.01it/s]
Benchmarking (colbert_centroid):  17%|█▋        | 2431/13956 [00:39<03:02, 63.05it/s]
Benchmarking (colbert_centroid):  17%|█▋        | 2438/13956 [00:39<02:59, 64.07it/s]
Benchmarking (colbert_centroid):  18%|█▊        | 2445/13956 [00:40<02:58, 64.57it/s]
Benchmarking (colbert_centroid):  18%|█▊        | 2452/13956 [00:40<03:01, 63.27it/s]
Benchmarking (colbert_centroid):  18%|█▊        | 2459/13956 [00:40<03:03, 62.62it/s]
Benchmarking (colbert_centroid):  18%|█▊        | 2466/13956 [00:40<03:01, 63.47it/s]
Benchmarking (colbert_centroid):  18%|█▊        | 2473/13956 [00:40<03:11, 60.08it/s]
Benchmarking (colbert_centroid):  18%|█▊        | 2480/13956 [00:40<03:08, 60.81it/s]
Benchmarking (colbert_centroid):  18%|█▊        | 2487/13956 [00:40<03:04, 62.06it/s]
Benchmarking (colbert_centroid):  18%|█▊        | 2494/13956 [00:40<03:02, 62.86it/s]
Benchmarking (colbert_centroid):  18%|█▊        | 2501/13956 [00:40<03:00, 63.36it/s]
Benchmarking (colbert_centroid):  18%|█▊        | 2508/13956 [00:41<03:01, 62.94it/s]
Benchmarking (colbert_centroid):  18%|█▊        | 2515/13956 [00:41<03:02, 62.69it/s]
Benchmarking (colbert_centroid):  18%|█▊        | 2522/13956 [00:41<03:02, 62.60it/s]
Benchmarking (colbert_centroid):  18%|█▊        | 2529/13956 [00:41<02:59, 63.59it/s]
Benchmarking (colbert_centroid):  18%|█▊        | 2536/13956 [00:41<02:57, 64.48it/s]
Benchmarking (colbert_centroid):  18%|█▊        | 2543/13956 [00:41<02:56, 64.74it/s]
Benchmarking (colbert_centroid):  18%|█▊        | 2550/13956 [00:41<03:01, 62.69it/s]
Benchmarking (colbert_centroid):  18%|█▊        | 2557/13956 [00:41<03:06, 61.11it/s]
Benchmarking (colbert_centroid):  18%|█▊        | 2564/13956 [00:41<03:02, 62.26it/s]
Benchmarking (colbert_centroid):  18%|█▊        | 2571/13956 [00:42<03:05, 61.31it/s]
Benchmarking (colbert_centroid):  18%|█▊        | 2579/13956 [00:42<02:57, 63.95it/s]
Benchmarking (colbert_centroid):  19%|█▊        | 2586/13956 [00:42<02:57, 64.09it/s]
Benchmarking (colbert_centroid):  19%|█▊        | 2593/13956 [00:42<02:55, 64.59it/s]
Benchmarking (colbert_centroid):  19%|█▊        | 2600/13956 [00:42<02:57, 63.86it/s]
Benchmarking (colbert_centroid):  19%|█▊        | 2607/13956 [00:42<03:01, 62.55it/s]
Benchmarking (colbert_centroid):  19%|█▊        | 2614/13956 [00:42<02:57, 63.87it/s]
Benchmarking (colbert_centroid):  19%|█▉        | 2621/13956 [00:42<02:53, 65.52it/s]
Benchmarking (colbert_centroid):  19%|█▉        | 2628/13956 [00:42<02:50, 66.53it/s]
Benchmarking (colbert_centroid):  19%|█▉        | 2635/13956 [00:43<02:48, 67.32it/s]
Benchmarking (colbert_centroid):  19%|█▉        | 2642/13956 [00:43<02:46, 67.79it/s]
Benchmarking (colbert_centroid):  19%|█▉        | 2649/13956 [00:43<02:48, 67.15it/s]
Benchmarking (colbert_centroid):  19%|█▉        | 2656/13956 [00:43<02:55, 64.48it/s]
Benchmarking (colbert_centroid):  19%|█▉        | 2663/13956 [00:43<02:59, 62.77it/s]
Benchmarking (colbert_centroid):  19%|█▉        | 2670/13956 [00:43<02:57, 63.63it/s]
Benchmarking (colbert_centroid):  19%|█▉        | 2677/13956 [00:43<03:04, 60.97it/s]
Benchmarking (colbert_centroid):  19%|█▉        | 2684/13956 [00:43<03:01, 62.13it/s]
Benchmarking (colbert_centroid):  19%|█▉        | 2691/13956 [00:43<03:04, 61.04it/s]
Benchmarking (colbert_centroid):  19%|█▉        | 2698/13956 [00:44<03:01, 62.18it/s]
Benchmarking (colbert_centroid):  19%|█▉        | 2705/13956 [00:44<02:56, 63.92it/s]
Benchmarking (colbert_centroid):  19%|█▉        | 2712/13956 [00:44<02:53, 64.72it/s]
Benchmarking (colbert_centroid):  19%|█▉        | 2719/13956 [00:44<02:54, 64.45it/s]
Benchmarking (colbert_centroid):  20%|█▉        | 2726/13956 [00:44<02:51, 65.51it/s]
Benchmarking (colbert_centroid):  20%|█▉        | 2733/13956 [00:44<02:57, 63.40it/s]
Benchmarking (colbert_centroid):  20%|█▉        | 2740/13956 [00:44<03:01, 61.87it/s]
Benchmarking (colbert_centroid):  20%|█▉        | 2747/13956 [00:44<03:00, 61.99it/s]
Benchmarking (colbert_centroid):  20%|█▉        | 2754/13956 [00:44<02:57, 63.10it/s]
Benchmarking (colbert_centroid):  20%|█▉        | 2761/13956 [00:45<02:55, 63.62it/s]
Benchmarking (colbert_centroid):  20%|█▉        | 2768/13956 [00:45<02:56, 63.36it/s]
Benchmarking (colbert_centroid):  20%|█▉        | 2775/13956 [00:45<02:53, 64.40it/s]
Benchmarking (colbert_centroid):  20%|█▉        | 2782/13956 [00:45<02:52, 64.80it/s]
Benchmarking (colbert_centroid):  20%|█▉        | 2789/13956 [00:45<02:51, 64.93it/s]
Benchmarking (colbert_centroid):  20%|██        | 2796/13956 [00:45<02:51, 65.15it/s]
Benchmarking (colbert_centroid):  20%|██        | 2803/13956 [00:45<02:52, 64.66it/s]
Benchmarking (colbert_centroid):  20%|██        | 2810/13956 [00:45<02:51, 64.95it/s]
Benchmarking (colbert_centroid):  20%|██        | 2817/13956 [00:45<02:55, 63.59it/s]
Benchmarking (colbert_centroid):  20%|██        | 2824/13956 [00:46<02:54, 63.88it/s]
Benchmarking (colbert_centroid):  20%|██        | 2831/13956 [00:46<02:52, 64.38it/s]
Benchmarking (colbert_centroid):  20%|██        | 2838/13956 [00:46<02:48, 65.85it/s]
Benchmarking (colbert_centroid):  20%|██        | 2845/13956 [00:46<02:49, 65.68it/s]
Benchmarking (colbert_centroid):  20%|██        | 2852/13956 [00:46<02:50, 65.31it/s]
Benchmarking (colbert_centroid):  20%|██        | 2859/13956 [00:46<02:52, 64.40it/s]
Benchmarking (colbert_centroid):  21%|██        | 2866/13956 [00:46<02:56, 62.92it/s]
Benchmarking (colbert_centroid):  21%|██        | 2873/13956 [00:46<02:57, 62.53it/s]
Benchmarking (colbert_centroid):  21%|██        | 2880/13956 [00:46<02:52, 64.32it/s]
Benchmarking (colbert_centroid):  21%|██        | 2887/13956 [00:47<02:57, 62.35it/s]
Benchmarking (colbert_centroid):  21%|██        | 2894/13956 [00:47<02:57, 62.28it/s]
Benchmarking (colbert_centroid):  21%|██        | 2902/13956 [00:47<02:50, 64.68it/s]
Benchmarking (colbert_centroid):  21%|██        | 2909/13956 [00:47<02:47, 66.11it/s]
Benchmarking (colbert_centroid):  21%|██        | 2916/13956 [00:47<02:50, 64.65it/s]
Benchmarking (colbert_centroid):  21%|██        | 2923/13956 [00:47<02:56, 62.61it/s]
Benchmarking (colbert_centroid):  21%|██        | 2930/13956 [00:47<02:56, 62.38it/s]
Benchmarking (colbert_centroid):  21%|██        | 2937/13956 [00:47<02:56, 62.28it/s]
Benchmarking (colbert_centroid):  21%|██        | 2944/13956 [00:47<02:58, 61.70it/s]
Benchmarking (colbert_centroid):  21%|██        | 2951/13956 [00:48<03:01, 60.65it/s]
Benchmarking (colbert_centroid):  21%|██        | 2958/13956 [00:48<03:02, 60.28it/s]
Benchmarking (colbert_centroid):  21%|██        | 2965/13956 [00:48<02:55, 62.45it/s]
Benchmarking (colbert_centroid):  21%|██▏       | 2972/13956 [00:48<02:56, 62.40it/s]
Benchmarking (colbert_centroid):  21%|██▏       | 2979/13956 [00:48<02:59, 61.28it/s]
Benchmarking (colbert_centroid):  21%|██▏       | 2986/13956 [00:48<03:04, 59.56it/s]
Benchmarking (colbert_centroid):  21%|██▏       | 2993/13956 [00:48<02:57, 61.83it/s]
Benchmarking (colbert_centroid):  21%|██▏       | 3000/13956 [00:48<02:54, 62.79it/s]
Benchmarking (colbert_centroid):  22%|██▏       | 3007/13956 [00:48<02:50, 64.26it/s]
Benchmarking (colbert_centroid):  22%|██▏       | 3014/13956 [00:49<02:48, 64.86it/s]
Benchmarking (colbert_centroid):  22%|██▏       | 3021/13956 [00:49<02:50, 64.32it/s]
Benchmarking (colbert_centroid):  22%|██▏       | 3028/13956 [00:49<02:48, 64.77it/s]
Benchmarking (colbert_centroid):  22%|██▏       | 3035/13956 [00:49<02:50, 63.96it/s]
Benchmarking (colbert_centroid):  22%|██▏       | 3042/13956 [00:49<02:50, 64.06it/s]
Benchmarking (colbert_centroid):  22%|██▏       | 3049/13956 [00:49<02:47, 65.04it/s]
Benchmarking (colbert_centroid):  22%|██▏       | 3056/13956 [00:49<02:49, 64.21it/s]
Benchmarking (colbert_centroid):  22%|██▏       | 3063/13956 [00:49<02:52, 63.30it/s]
Benchmarking (colbert_centroid):  22%|██▏       | 3070/13956 [00:49<02:58, 61.07it/s]
Benchmarking (colbert_centroid):  22%|██▏       | 3077/13956 [00:50<02:56, 61.47it/s]
Benchmarking (colbert_centroid):  22%|██▏       | 3084/13956 [00:50<02:56, 61.74it/s]
Benchmarking (colbert_centroid):  22%|██▏       | 3091/13956 [00:50<03:02, 59.64it/s]
Benchmarking (colbert_centroid):  22%|██▏       | 3098/13956 [00:50<02:58, 60.97it/s]
Benchmarking (colbert_centroid):  22%|██▏       | 3105/13956 [00:50<02:57, 61.11it/s]
Benchmarking (colbert_centroid):  22%|██▏       | 3112/13956 [00:50<02:56, 61.36it/s]
Benchmarking (colbert_centroid):  22%|██▏       | 3119/13956 [00:50<02:56, 61.29it/s]
Benchmarking (colbert_centroid):  22%|██▏       | 3126/13956 [00:50<02:52, 62.67it/s]
Benchmarking (colbert_centroid):  22%|██▏       | 3133/13956 [00:50<02:52, 62.77it/s]
Benchmarking (colbert_centroid):  22%|██▏       | 3140/13956 [00:51<02:53, 62.30it/s]
Benchmarking (colbert_centroid):  23%|██▎       | 3147/13956 [00:51<02:54, 62.07it/s]
Benchmarking (colbert_centroid):  23%|██▎       | 3154/13956 [00:51<02:57, 60.69it/s]
Benchmarking (colbert_centroid):  23%|██▎       | 3161/13956 [00:51<02:55, 61.67it/s]
Benchmarking (colbert_centroid):  23%|██▎       | 3168/13956 [00:51<02:58, 60.35it/s]
Benchmarking (colbert_centroid):  23%|██▎       | 3175/13956 [00:51<02:57, 60.67it/s]
Benchmarking (colbert_centroid):  23%|██▎       | 3182/13956 [00:51<03:00, 59.85it/s]
Benchmarking (colbert_centroid):  23%|██▎       | 3189/13956 [00:51<02:58, 60.48it/s]
Benchmarking (colbert_centroid):  23%|██▎       | 3196/13956 [00:51<02:51, 62.84it/s]
Benchmarking (colbert_centroid):  23%|██▎       | 3203/13956 [00:52<02:51, 62.84it/s]
Benchmarking (colbert_centroid):  23%|██▎       | 3210/13956 [00:52<02:48, 63.67it/s]
Benchmarking (colbert_centroid):  23%|██▎       | 3217/13956 [00:52<02:47, 64.02it/s]
Benchmarking (colbert_centroid):  23%|██▎       | 3224/13956 [00:52<02:46, 64.35it/s]
Benchmarking (colbert_centroid):  23%|██▎       | 3231/13956 [00:52<02:46, 64.55it/s]
Benchmarking (colbert_centroid):  23%|██▎       | 3238/13956 [00:52<02:48, 63.70it/s]
Benchmarking (colbert_centroid):  23%|██▎       | 3245/13956 [00:52<02:49, 63.13it/s]
Benchmarking (colbert_centroid):  23%|██▎       | 3252/13956 [00:52<02:45, 64.66it/s]
Benchmarking (colbert_centroid):  23%|██▎       | 3259/13956 [00:52<02:48, 63.33it/s]
Benchmarking (colbert_centroid):  23%|██▎       | 3266/13956 [00:53<02:49, 62.90it/s]
Benchmarking (colbert_centroid):  23%|██▎       | 3273/13956 [00:53<02:47, 63.91it/s]
Benchmarking (colbert_centroid):  24%|██▎       | 3281/13956 [00:53<02:42, 65.82it/s]
Benchmarking (colbert_centroid):  24%|██▎       | 3288/13956 [00:53<02:42, 65.49it/s]
Benchmarking (colbert_centroid):  24%|██▎       | 3295/13956 [00:53<02:51, 62.29it/s]
Benchmarking (colbert_centroid):  24%|██▎       | 3302/13956 [00:53<02:49, 62.82it/s]
Benchmarking (colbert_centroid):  24%|██▎       | 3309/13956 [00:53<02:44, 64.63it/s]
Benchmarking (colbert_centroid):  24%|██▍       | 3316/13956 [00:53<02:46, 64.06it/s]
Benchmarking (colbert_centroid):  24%|██▍       | 3323/13956 [00:53<02:48, 63.07it/s]
Benchmarking (colbert_centroid):  24%|██▍       | 3330/13956 [00:54<02:54, 60.96it/s]
Benchmarking (colbert_centroid):  24%|██▍       | 3337/13956 [00:54<02:47, 63.41it/s]
Benchmarking (colbert_centroid):  24%|██▍       | 3344/13956 [00:54<02:46, 63.82it/s]
Benchmarking (colbert_centroid):  24%|██▍       | 3351/13956 [00:54<02:53, 61.28it/s]
Benchmarking (colbert_centroid):  24%|██▍       | 3358/13956 [00:54<02:49, 62.45it/s]
Benchmarking (colbert_centroid):  24%|██▍       | 3365/13956 [00:54<02:49, 62.40it/s]
Benchmarking (colbert_centroid):  24%|██▍       | 3372/13956 [00:54<02:49, 62.46it/s]
Benchmarking (colbert_centroid):  24%|██▍       | 3379/13956 [00:54<02:49, 62.29it/s]
Benchmarking (colbert_centroid):  24%|██▍       | 3386/13956 [00:55<02:49, 62.32it/s]
Benchmarking (colbert_centroid):  24%|██▍       | 3393/13956 [00:55<02:49, 62.21it/s]
Benchmarking (colbert_centroid):  24%|██▍       | 3400/13956 [00:55<02:46, 63.35it/s]
Benchmarking (colbert_centroid):  24%|██▍       | 3407/13956 [00:55<02:50, 61.95it/s]
Benchmarking (colbert_centroid):  24%|██▍       | 3414/13956 [00:55<02:47, 62.97it/s]
Benchmarking (colbert_centroid):  25%|██▍       | 3421/13956 [00:55<02:47, 62.74it/s]
Benchmarking (colbert_centroid):  25%|██▍       | 3428/13956 [00:55<02:49, 62.22it/s]
Benchmarking (colbert_centroid):  25%|██▍       | 3435/13956 [00:55<02:48, 62.30it/s]
Benchmarking (colbert_centroid):  25%|██▍       | 3442/13956 [00:55<02:48, 62.30it/s]
Benchmarking (colbert_centroid):  25%|██▍       | 3449/13956 [00:56<02:48, 62.36it/s]
Benchmarking (colbert_centroid):  25%|██▍       | 3456/13956 [00:56<02:49, 61.93it/s]
Benchmarking (colbert_centroid):  25%|██▍       | 3463/13956 [00:56<02:45, 63.58it/s]
Benchmarking (colbert_centroid):  25%|██▍       | 3470/13956 [00:56<02:40, 65.18it/s]
Benchmarking (colbert_centroid):  25%|██▍       | 3477/13956 [00:56<02:40, 65.12it/s]
Benchmarking (colbert_centroid):  25%|██▍       | 3484/13956 [00:56<02:40, 65.31it/s]
Benchmarking (colbert_centroid):  25%|██▌       | 3491/13956 [00:56<02:42, 64.47it/s]
Benchmarking (colbert_centroid):  25%|██▌       | 3498/13956 [00:56<02:42, 64.28it/s]
Benchmarking (colbert_centroid):  25%|██▌       | 3505/13956 [00:56<02:43, 63.82it/s]
Benchmarking (colbert_centroid):  25%|██▌       | 3512/13956 [00:56<02:42, 64.08it/s]
Benchmarking (colbert_centroid):  25%|██▌       | 3519/13956 [00:57<02:48, 62.08it/s]
Benchmarking (colbert_centroid):  25%|██▌       | 3526/13956 [00:57<02:47, 62.12it/s]
Benchmarking (colbert_centroid):  25%|██▌       | 3533/13956 [00:57<02:44, 63.31it/s]
Benchmarking (colbert_centroid):  25%|██▌       | 3540/13956 [00:57<02:41, 64.56it/s]
Benchmarking (colbert_centroid):  25%|██▌       | 3547/13956 [00:57<02:45, 62.76it/s]
Benchmarking (colbert_centroid):  25%|██▌       | 3554/13956 [00:57<02:47, 61.95it/s]
Benchmarking (colbert_centroid):  26%|██▌       | 3561/13956 [00:57<02:52, 60.36it/s]
Benchmarking (colbert_centroid):  26%|██▌       | 3568/13956 [00:57<02:55, 59.33it/s]
Benchmarking (colbert_centroid):  26%|██▌       | 3575/13956 [00:58<02:49, 61.08it/s]
Benchmarking (colbert_centroid):  26%|██▌       | 3582/13956 [00:58<02:48, 61.40it/s]
Benchmarking (colbert_centroid):  26%|██▌       | 3589/13956 [00:58<02:45, 62.55it/s]
Benchmarking (colbert_centroid):  26%|██▌       | 3596/13956 [00:58<02:48, 61.53it/s]
Benchmarking (colbert_centroid):  26%|██▌       | 3603/13956 [00:58<02:47, 61.76it/s]
Benchmarking (colbert_centroid):  26%|██▌       | 3610/13956 [00:58<02:44, 62.78it/s]
Benchmarking (colbert_centroid):  26%|██▌       | 3617/13956 [00:58<02:42, 63.71it/s]
Benchmarking (colbert_centroid):  26%|██▌       | 3624/13956 [00:58<02:40, 64.18it/s]
Benchmarking (colbert_centroid):  26%|██▌       | 3631/13956 [00:58<02:40, 64.49it/s]
Benchmarking (colbert_centroid):  26%|██▌       | 3638/13956 [00:59<02:47, 61.60it/s]
Benchmarking (colbert_centroid):  26%|██▌       | 3645/13956 [00:59<02:46, 61.92it/s]
Benchmarking (colbert_centroid):  26%|██▌       | 3652/13956 [00:59<02:40, 64.09it/s]
Benchmarking (colbert_centroid):  26%|██▌       | 3659/13956 [00:59<02:40, 64.36it/s]
Benchmarking (colbert_centroid):  26%|██▋       | 3666/13956 [00:59<02:45, 62.06it/s]
Benchmarking (colbert_centroid):  26%|██▋       | 3673/13956 [00:59<02:51, 60.06it/s]
Benchmarking (colbert_centroid):  26%|██▋       | 3680/13956 [00:59<02:50, 60.40it/s]
Benchmarking (colbert_centroid):  26%|██▋       | 3687/13956 [00:59<02:51, 59.90it/s]
Benchmarking (colbert_centroid):  26%|██▋       | 3694/13956 [00:59<02:46, 61.62it/s]
Benchmarking (colbert_centroid):  27%|██▋       | 3701/13956 [01:00<02:48, 60.71it/s]
Benchmarking (colbert_centroid):  27%|██▋       | 3708/13956 [01:00<02:48, 60.84it/s]
Benchmarking (colbert_centroid):  27%|██▋       | 3715/13956 [01:00<02:48, 60.86it/s]
Benchmarking (colbert_centroid):  27%|██▋       | 3722/13956 [01:00<02:49, 60.33it/s]
Benchmarking (colbert_centroid):  27%|██▋       | 3729/13956 [01:00<02:42, 62.93it/s]
Benchmarking (colbert_centroid):  27%|██▋       | 3736/13956 [01:00<02:45, 61.65it/s]
Benchmarking (colbert_centroid):  27%|██▋       | 3743/13956 [01:00<02:47, 60.98it/s]
Benchmarking (colbert_centroid):  27%|██▋       | 3751/13956 [01:00<02:39, 63.85it/s]
Benchmarking (colbert_centroid):  27%|██▋       | 3758/13956 [01:00<02:35, 65.43it/s]
Benchmarking (colbert_centroid):  27%|██▋       | 3765/13956 [01:01<02:36, 64.96it/s]
Benchmarking (colbert_centroid):  27%|██▋       | 3772/13956 [01:01<02:37, 64.75it/s]
Benchmarking (colbert_centroid):  27%|██▋       | 3779/13956 [01:01<02:37, 64.69it/s]
Benchmarking (colbert_centroid):  27%|██▋       | 3786/13956 [01:01<02:36, 65.11it/s]
Benchmarking (colbert_centroid):  27%|██▋       | 3793/13956 [01:01<02:34, 65.58it/s]
Benchmarking (colbert_centroid):  27%|██▋       | 3800/13956 [01:01<02:39, 63.76it/s]
Benchmarking (colbert_centroid):  27%|██▋       | 3807/13956 [01:01<02:46, 60.81it/s]
Benchmarking (colbert_centroid):  27%|██▋       | 3814/13956 [01:01<02:45, 61.26it/s]
Benchmarking (colbert_centroid):  27%|██▋       | 3821/13956 [01:01<02:42, 62.50it/s]
Benchmarking (colbert_centroid):  27%|██▋       | 3828/13956 [01:02<02:46, 60.86it/s]
Benchmarking (colbert_centroid):  27%|██▋       | 3835/13956 [01:02<02:46, 60.91it/s]
Benchmarking (colbert_centroid):  28%|██▊       | 3842/13956 [01:02<02:47, 60.41it/s]
Benchmarking (colbert_centroid):  28%|██▊       | 3849/13956 [01:02<02:43, 61.73it/s]
Benchmarking (colbert_centroid):  28%|██▊       | 3856/13956 [01:02<02:40, 63.04it/s]
Benchmarking (colbert_centroid):  28%|██▊       | 3863/13956 [01:02<02:37, 64.11it/s]
Benchmarking (colbert_centroid):  28%|██▊       | 3870/13956 [01:02<02:36, 64.39it/s]
Benchmarking (colbert_centroid):  28%|██▊       | 3877/13956 [01:02<02:41, 62.59it/s]
Benchmarking (colbert_centroid):  28%|██▊       | 3884/13956 [01:02<02:45, 60.83it/s]
Benchmarking (colbert_centroid):  28%|██▊       | 3891/13956 [01:03<02:40, 62.80it/s]
Benchmarking (colbert_centroid):  28%|██▊       | 3898/13956 [01:03<02:38, 63.57it/s]
Benchmarking (colbert_centroid):  28%|██▊       | 3905/13956 [01:03<02:40, 62.75it/s]
Benchmarking (colbert_centroid):  28%|██▊       | 3912/13956 [01:03<02:40, 62.48it/s]
Benchmarking (colbert_centroid):  28%|██▊       | 3919/13956 [01:03<02:38, 63.34it/s]
Benchmarking (colbert_centroid):  28%|██▊       | 3926/13956 [01:03<02:36, 64.03it/s]
Benchmarking (colbert_centroid):  28%|██▊       | 3933/13956 [01:03<02:34, 64.80it/s]
Benchmarking (colbert_centroid):  28%|██▊       | 3940/13956 [01:03<02:31, 66.22it/s]
Benchmarking (colbert_centroid):  28%|██▊       | 3947/13956 [01:03<02:31, 66.25it/s]
Benchmarking (colbert_centroid):  28%|██▊       | 3954/13956 [01:04<02:32, 65.50it/s]
Benchmarking (colbert_centroid):  28%|██▊       | 3961/13956 [01:04<02:37, 63.34it/s]
Benchmarking (colbert_centroid):  28%|██▊       | 3968/13956 [01:04<02:45, 60.46it/s]
Benchmarking (colbert_centroid):  28%|██▊       | 3976/13956 [01:04<02:40, 62.35it/s]
Benchmarking (colbert_centroid):  29%|██▊       | 3983/13956 [01:04<02:40, 62.27it/s]
Benchmarking (colbert_centroid):  29%|██▊       | 3990/13956 [01:04<02:37, 63.28it/s]
Benchmarking (colbert_centroid):  29%|██▊       | 3997/13956 [01:04<02:34, 64.29it/s]
Benchmarking (colbert_centroid):  29%|██▊       | 4004/13956 [01:04<02:39, 62.35it/s]
Benchmarking (colbert_centroid):  29%|██▊       | 4011/13956 [01:04<02:34, 64.43it/s]
Benchmarking (colbert_centroid):  29%|██▉       | 4018/13956 [01:05<02:38, 62.75it/s]
Benchmarking (colbert_centroid):  29%|██▉       | 4025/13956 [01:05<02:36, 63.41it/s]
Benchmarking (colbert_centroid):  29%|██▉       | 4032/13956 [01:05<02:43, 60.83it/s]
Benchmarking (colbert_centroid):  29%|██▉       | 4039/13956 [01:05<02:39, 62.34it/s]
Benchmarking (colbert_centroid):  29%|██▉       | 4047/13956 [01:05<02:35, 63.74it/s]
Benchmarking (colbert_centroid):  29%|██▉       | 4054/13956 [01:05<02:33, 64.41it/s]
Benchmarking (colbert_centroid):  29%|██▉       | 4061/13956 [01:05<02:37, 62.76it/s]
Benchmarking (colbert_centroid):  29%|██▉       | 4068/13956 [01:05<02:36, 63.24it/s]
Benchmarking (colbert_centroid):  29%|██▉       | 4075/13956 [01:05<02:37, 62.86it/s]
Benchmarking (colbert_centroid):  29%|██▉       | 4082/13956 [01:06<02:35, 63.53it/s]
Benchmarking (colbert_centroid):  29%|██▉       | 4089/13956 [01:06<02:37, 62.80it/s]
Benchmarking (colbert_centroid):  29%|██▉       | 4096/13956 [01:06<02:32, 64.69it/s]
Benchmarking (colbert_centroid):  29%|██▉       | 4103/13956 [01:06<02:34, 63.93it/s]
Benchmarking (colbert_centroid):  29%|██▉       | 4110/13956 [01:06<02:31, 65.21it/s]
Benchmarking (colbert_centroid):  29%|██▉       | 4117/13956 [01:06<02:30, 65.46it/s]
Benchmarking (colbert_centroid):  30%|██▉       | 4124/13956 [01:06<02:32, 64.40it/s]
Benchmarking (colbert_centroid):  30%|██▉       | 4131/13956 [01:06<02:31, 64.96it/s]
Benchmarking (colbert_centroid):  30%|██▉       | 4138/13956 [01:06<02:36, 62.74it/s]
Benchmarking (colbert_centroid):  30%|██▉       | 4145/13956 [01:07<02:32, 64.17it/s]
Benchmarking (colbert_centroid):  30%|██▉       | 4152/13956 [01:07<02:35, 63.00it/s]
Benchmarking (colbert_centroid):  30%|██▉       | 4159/13956 [01:07<02:39, 61.43it/s]
Benchmarking (colbert_centroid):  30%|██▉       | 4166/13956 [01:07<02:35, 63.11it/s]
Benchmarking (colbert_centroid):  30%|██▉       | 4173/13956 [01:07<02:39, 61.47it/s]
Benchmarking (colbert_centroid):  30%|██▉       | 4180/13956 [01:07<02:44, 59.44it/s]
Benchmarking (colbert_centroid):  30%|███       | 4187/13956 [01:07<02:43, 59.90it/s]
Benchmarking (colbert_centroid):  30%|███       | 4194/13956 [01:07<02:41, 60.27it/s]
Benchmarking (colbert_centroid):  30%|███       | 4201/13956 [01:07<02:38, 61.65it/s]
Benchmarking (colbert_centroid):  30%|███       | 4208/13956 [01:08<02:39, 61.09it/s]
Benchmarking (colbert_centroid):  30%|███       | 4215/13956 [01:08<02:47, 58.33it/s]
Benchmarking (colbert_centroid):  30%|███       | 4221/13956 [01:08<02:54, 55.65it/s]
Benchmarking (colbert_centroid):  30%|███       | 4227/13956 [01:08<02:51, 56.74it/s]
Benchmarking (colbert_centroid):  30%|███       | 4234/13956 [01:08<02:49, 57.30it/s]
Benchmarking (colbert_centroid):  30%|███       | 4241/13956 [01:08<02:45, 58.79it/s]
Benchmarking (colbert_centroid):  30%|███       | 4248/13956 [01:08<02:39, 61.06it/s]
Benchmarking (colbert_centroid):  30%|███       | 4255/13956 [01:08<02:33, 63.27it/s]
Benchmarking (colbert_centroid):  31%|███       | 4262/13956 [01:09<02:34, 62.61it/s]
Benchmarking (colbert_centroid):  31%|███       | 4269/13956 [01:09<02:30, 64.16it/s]
Benchmarking (colbert_centroid):  31%|███       | 4276/13956 [01:09<02:31, 63.80it/s]
Benchmarking (colbert_centroid):  31%|███       | 4283/13956 [01:09<02:32, 63.29it/s]
Benchmarking (colbert_centroid):  31%|███       | 4290/13956 [01:09<02:32, 63.59it/s]
Benchmarking (colbert_centroid):  31%|███       | 4297/13956 [01:09<02:30, 64.19it/s]
Benchmarking (colbert_centroid):  31%|███       | 4304/13956 [01:09<02:27, 65.64it/s]
Benchmarking (colbert_centroid):  31%|███       | 4311/13956 [01:09<02:29, 64.58it/s]
Benchmarking (colbert_centroid):  31%|███       | 4318/13956 [01:09<02:35, 62.16it/s]
Benchmarking (colbert_centroid):  31%|███       | 4325/13956 [01:09<02:32, 62.96it/s]
Benchmarking (colbert_centroid):  31%|███       | 4332/13956 [01:10<02:34, 62.39it/s]
Benchmarking (colbert_centroid):  31%|███       | 4339/13956 [01:10<02:31, 63.29it/s]
Benchmarking (colbert_centroid):  31%|███       | 4346/13956 [01:10<02:31, 63.49it/s]
Benchmarking (colbert_centroid):  31%|███       | 4353/13956 [01:10<02:30, 63.77it/s]
Benchmarking (colbert_centroid):  31%|███       | 4360/13956 [01:10<02:31, 63.34it/s]
Benchmarking (colbert_centroid):  31%|███▏      | 4367/13956 [01:10<02:31, 63.10it/s]
Benchmarking (colbert_centroid):  31%|███▏      | 4374/13956 [01:10<02:33, 62.23it/s]
Benchmarking (colbert_centroid):  31%|███▏      | 4381/13956 [01:10<02:36, 61.23it/s]
Benchmarking (colbert_centroid):  31%|███▏      | 4388/13956 [01:11<02:35, 61.34it/s]
Benchmarking (colbert_centroid):  31%|███▏      | 4395/13956 [01:11<02:38, 60.40it/s]
Benchmarking (colbert_centroid):  32%|███▏      | 4402/13956 [01:11<02:37, 60.79it/s]
Benchmarking (colbert_centroid):  32%|███▏      | 4409/13956 [01:11<02:33, 62.06it/s]
Benchmarking (colbert_centroid):  32%|███▏      | 4416/13956 [01:11<02:28, 64.06it/s]
Benchmarking (colbert_centroid):  32%|███▏      | 4423/13956 [01:11<02:25, 65.48it/s]
Benchmarking (colbert_centroid):  32%|███▏      | 4430/13956 [01:11<02:25, 65.66it/s]
Benchmarking (colbert_centroid):  32%|███▏      | 4437/13956 [01:11<02:27, 64.46it/s]
Benchmarking (colbert_centroid):  32%|███▏      | 4444/13956 [01:11<02:29, 63.76it/s]
Benchmarking (colbert_centroid):  32%|███▏      | 4451/13956 [01:11<02:27, 64.23it/s]
Benchmarking (colbert_centroid):  32%|███▏      | 4458/13956 [01:12<02:25, 65.16it/s]
Benchmarking (colbert_centroid):  32%|███▏      | 4465/13956 [01:12<02:22, 66.52it/s]
Benchmarking (colbert_centroid):  32%|███▏      | 4472/13956 [01:12<02:30, 62.89it/s]
Benchmarking (colbert_centroid):  32%|███▏      | 4479/13956 [01:12<02:28, 63.78it/s]
Benchmarking (colbert_centroid):  32%|███▏      | 4486/13956 [01:12<02:27, 64.37it/s]
Benchmarking (colbert_centroid):  32%|███▏      | 4493/13956 [01:12<02:29, 63.36it/s]
Benchmarking (colbert_centroid):  32%|███▏      | 4500/13956 [01:12<02:28, 63.85it/s]
Benchmarking (colbert_centroid):  32%|███▏      | 4507/13956 [01:12<02:32, 62.06it/s]
Benchmarking (colbert_centroid):  32%|███▏      | 4514/13956 [01:12<02:27, 64.10it/s]
Benchmarking (colbert_centroid):  32%|███▏      | 4521/13956 [01:13<02:30, 62.55it/s]
Benchmarking (colbert_centroid):  32%|███▏      | 4528/13956 [01:13<02:28, 63.35it/s]
Benchmarking (colbert_centroid):  32%|███▏      | 4535/13956 [01:13<02:29, 62.95it/s]
Benchmarking (colbert_centroid):  33%|███▎      | 4542/13956 [01:13<02:29, 62.88it/s]
Benchmarking (colbert_centroid):  33%|███▎      | 4549/13956 [01:13<02:27, 63.77it/s]
Benchmarking (colbert_centroid):  33%|███▎      | 4556/13956 [01:13<02:27, 63.55it/s]
Benchmarking (colbert_centroid):  33%|███▎      | 4563/13956 [01:13<02:29, 62.86it/s]
Benchmarking (colbert_centroid):  33%|███▎      | 4570/13956 [01:13<02:25, 64.58it/s]
Benchmarking (colbert_centroid):  33%|███▎      | 4577/13956 [01:13<02:25, 64.61it/s]
Benchmarking (colbert_centroid):  33%|███▎      | 4584/13956 [01:14<02:27, 63.71it/s]
Benchmarking (colbert_centroid):  33%|███▎      | 4591/13956 [01:14<02:31, 61.85it/s]
Benchmarking (colbert_centroid):  33%|███▎      | 4598/13956 [01:14<02:32, 61.45it/s]
Benchmarking (colbert_centroid):  33%|███▎      | 4605/13956 [01:14<02:31, 61.67it/s]
Benchmarking (colbert_centroid):  33%|███▎      | 4612/13956 [01:14<02:33, 60.71it/s]
Benchmarking (colbert_centroid):  33%|███▎      | 4619/13956 [01:14<02:32, 61.27it/s]
Benchmarking (colbert_centroid):  33%|███▎      | 4626/13956 [01:14<02:34, 60.49it/s]
Benchmarking (colbert_centroid):  33%|███▎      | 4633/13956 [01:14<02:36, 59.57it/s]
Benchmarking (colbert_centroid):  33%|███▎      | 4640/13956 [01:15<02:32, 60.98it/s]
Benchmarking (colbert_centroid):  33%|███▎      | 4647/13956 [01:15<02:30, 61.67it/s]
Benchmarking (colbert_centroid):  33%|███▎      | 4654/13956 [01:15<02:33, 60.69it/s]
Benchmarking (colbert_centroid):  33%|███▎      | 4661/13956 [01:15<02:38, 58.79it/s]
Benchmarking (colbert_centroid):  33%|███▎      | 4668/13956 [01:15<02:35, 59.57it/s]
Benchmarking (colbert_centroid):  33%|███▎      | 4675/13956 [01:15<02:31, 61.08it/s]
Benchmarking (colbert_centroid):  34%|███▎      | 4682/13956 [01:15<02:31, 61.39it/s]
Benchmarking (colbert_centroid):  34%|███▎      | 4689/13956 [01:15<02:30, 61.53it/s]
Benchmarking (colbert_centroid):  34%|███▎      | 4696/13956 [01:15<02:30, 61.45it/s]
Benchmarking (colbert_centroid):  34%|███▎      | 4703/13956 [01:16<02:27, 62.74it/s]
Benchmarking (colbert_centroid):  34%|███▎      | 4710/13956 [01:16<02:26, 63.30it/s]
Benchmarking (colbert_centroid):  34%|███▍      | 4717/13956 [01:16<02:28, 62.03it/s]
Benchmarking (colbert_centroid):  34%|███▍      | 4724/13956 [01:16<02:24, 64.05it/s]
Benchmarking (colbert_centroid):  34%|███▍      | 4731/13956 [01:16<02:25, 63.45it/s]
Benchmarking (colbert_centroid):  34%|███▍      | 4738/13956 [01:16<02:21, 65.17it/s]
Benchmarking (colbert_centroid):  34%|███▍      | 4745/13956 [01:16<02:23, 64.30it/s]
Benchmarking (colbert_centroid):  34%|███▍      | 4752/13956 [01:16<02:19, 65.84it/s]
Benchmarking (colbert_centroid):  34%|███▍      | 4759/13956 [01:16<02:22, 64.35it/s]
Benchmarking (colbert_centroid):  34%|███▍      | 4766/13956 [01:17<02:32, 60.28it/s]
Benchmarking (colbert_centroid):  34%|███▍      | 4773/13956 [01:17<02:32, 60.37it/s]
Benchmarking (colbert_centroid):  34%|███▍      | 4780/13956 [01:17<02:29, 61.37it/s]
Benchmarking (colbert_centroid):  34%|███▍      | 4787/13956 [01:17<02:29, 61.51it/s]
Benchmarking (colbert_centroid):  34%|███▍      | 4794/13956 [01:17<02:26, 62.59it/s]
Benchmarking (colbert_centroid):  34%|███▍      | 4801/13956 [01:17<02:28, 61.63it/s]
Benchmarking (colbert_centroid):  34%|███▍      | 4808/13956 [01:17<02:32, 59.88it/s]
Benchmarking (colbert_centroid):  35%|███▍      | 4815/13956 [01:17<02:29, 61.33it/s]
Benchmarking (colbert_centroid):  35%|███▍      | 4822/13956 [01:17<02:28, 61.51it/s]
Benchmarking (colbert_centroid):  35%|███▍      | 4829/13956 [01:18<02:23, 63.79it/s]
Benchmarking (colbert_centroid):  35%|███▍      | 4836/13956 [01:18<02:21, 64.29it/s]
Benchmarking (colbert_centroid):  35%|███▍      | 4843/13956 [01:18<02:20, 64.72it/s]
Benchmarking (colbert_centroid):  35%|███▍      | 4850/13956 [01:18<02:25, 62.51it/s]
Benchmarking (colbert_centroid):  35%|███▍      | 4857/13956 [01:18<02:30, 60.45it/s]
Benchmarking (colbert_centroid):  35%|███▍      | 4864/13956 [01:18<02:26, 61.86it/s]
Benchmarking (colbert_centroid):  35%|███▍      | 4871/13956 [01:18<02:30, 60.54it/s]
Benchmarking (colbert_centroid):  35%|███▍      | 4878/13956 [01:18<02:24, 62.81it/s]
Benchmarking (colbert_centroid):  35%|███▌      | 4885/13956 [01:18<02:28, 61.28it/s]
Benchmarking (colbert_centroid):  35%|███▌      | 4892/13956 [01:19<02:27, 61.60it/s]
Benchmarking (colbert_centroid):  35%|███▌      | 4899/13956 [01:19<02:25, 62.45it/s]
Benchmarking (colbert_centroid):  35%|███▌      | 4906/13956 [01:19<02:23, 63.09it/s]
Benchmarking (colbert_centroid):  35%|███▌      | 4913/13956 [01:19<02:19, 64.63it/s]
Benchmarking (colbert_centroid):  35%|███▌      | 4920/13956 [01:19<02:19, 64.87it/s]
Benchmarking (colbert_centroid):  35%|███▌      | 4927/13956 [01:19<02:17, 65.68it/s]
Benchmarking (colbert_centroid):  35%|███▌      | 4934/13956 [01:19<02:14, 66.89it/s]
Benchmarking (colbert_centroid):  35%|███▌      | 4941/13956 [01:19<02:20, 64.21it/s]
Benchmarking (colbert_centroid):  35%|███▌      | 4948/13956 [01:19<02:19, 64.46it/s]
Benchmarking (colbert_centroid):  36%|███▌      | 4955/13956 [01:20<02:17, 65.42it/s]
Benchmarking (colbert_centroid):  36%|███▌      | 4962/13956 [01:20<02:19, 64.27it/s]
Benchmarking (colbert_centroid):  36%|███▌      | 4969/13956 [01:20<02:21, 63.43it/s]
Benchmarking (colbert_centroid):  36%|███▌      | 4976/13956 [01:20<02:22, 63.14it/s]
Benchmarking (colbert_centroid):  36%|███▌      | 4983/13956 [01:20<02:23, 62.41it/s]
Benchmarking (colbert_centroid):  36%|███▌      | 4990/13956 [01:20<02:22, 62.87it/s]
Benchmarking (colbert_centroid):  36%|███▌      | 4997/13956 [01:20<02:20, 63.66it/s]
Benchmarking (colbert_centroid):  36%|███▌      | 5004/13956 [01:20<02:17, 65.11it/s]
Benchmarking (colbert_centroid):  36%|███▌      | 5011/13956 [01:20<02:20, 63.87it/s]
Benchmarking (colbert_centroid):  36%|███▌      | 5018/13956 [01:21<02:21, 63.14it/s]
Benchmarking (colbert_centroid):  36%|███▌      | 5025/13956 [01:21<02:25, 61.56it/s]
Benchmarking (colbert_centroid):  36%|███▌      | 5032/13956 [01:21<02:26, 61.12it/s]
Benchmarking (colbert_centroid):  36%|███▌      | 5039/13956 [01:21<02:26, 61.00it/s]
Benchmarking (colbert_centroid):  36%|███▌      | 5046/13956 [01:21<02:23, 62.20it/s]
Benchmarking (colbert_centroid):  36%|███▌      | 5053/13956 [01:21<02:23, 61.94it/s]
Benchmarking (colbert_centroid):  36%|███▋      | 5060/13956 [01:21<02:23, 62.02it/s]
Benchmarking (colbert_centroid):  36%|███▋      | 5067/13956 [01:21<02:23, 62.10it/s]
Benchmarking (colbert_centroid):  36%|███▋      | 5075/13956 [01:21<02:19, 63.50it/s]
Benchmarking (colbert_centroid):  36%|███▋      | 5082/13956 [01:22<02:21, 62.83it/s]
Benchmarking (colbert_centroid):  36%|███▋      | 5089/13956 [01:22<02:18, 64.25it/s]
Benchmarking (colbert_centroid):  37%|███▋      | 5096/13956 [01:22<02:19, 63.62it/s]
Benchmarking (colbert_centroid):  37%|███▋      | 5103/13956 [01:22<02:18, 64.08it/s]
Benchmarking (colbert_centroid):  37%|███▋      | 5110/13956 [01:22<02:19, 63.35it/s]
Benchmarking (colbert_centroid):  37%|███▋      | 5117/13956 [01:22<02:16, 64.98it/s]
Benchmarking (colbert_centroid):  37%|███▋      | 5124/13956 [01:22<02:17, 64.32it/s]
Benchmarking (colbert_centroid):  37%|███▋      | 5131/13956 [01:22<02:19, 63.35it/s]
Benchmarking (colbert_centroid):  37%|███▋      | 5138/13956 [01:22<02:16, 64.59it/s]
Benchmarking (colbert_centroid):  37%|███▋      | 5145/13956 [01:23<02:18, 63.56it/s]
Benchmarking (colbert_centroid):  37%|███▋      | 5152/13956 [01:23<02:19, 63.04it/s]
Benchmarking (colbert_centroid):  37%|███▋      | 5159/13956 [01:23<02:22, 61.55it/s]
Benchmarking (colbert_centroid):  37%|███▋      | 5166/13956 [01:23<02:20, 62.76it/s]
Benchmarking (colbert_centroid):  37%|███▋      | 5173/13956 [01:23<02:20, 62.36it/s]
Benchmarking (colbert_centroid):  37%|███▋      | 5180/13956 [01:23<02:23, 60.96it/s]
Benchmarking (colbert_centroid):  37%|███▋      | 5187/13956 [01:23<02:23, 60.95it/s]
Benchmarking (colbert_centroid):  37%|███▋      | 5194/13956 [01:23<02:24, 60.72it/s]
Benchmarking (colbert_centroid):  37%|███▋      | 5201/13956 [01:23<02:23, 61.09it/s]
Benchmarking (colbert_centroid):  37%|███▋      | 5208/13956 [01:24<02:26, 59.58it/s]
Benchmarking (colbert_centroid):  37%|███▋      | 5215/13956 [01:24<02:21, 61.89it/s]
Benchmarking (colbert_centroid):  37%|███▋      | 5222/13956 [01:24<02:19, 62.74it/s]
Benchmarking (colbert_centroid):  37%|███▋      | 5229/13956 [01:24<02:17, 63.65it/s]
Benchmarking (colbert_centroid):  38%|███▊      | 5236/13956 [01:24<02:20, 62.07it/s]
Benchmarking (colbert_centroid):  38%|███▊      | 5243/13956 [01:24<02:17, 63.25it/s]
Benchmarking (colbert_centroid):  38%|███▊      | 5250/13956 [01:24<02:16, 63.92it/s]
Benchmarking (colbert_centroid):  38%|███▊      | 5257/13956 [01:24<02:15, 64.06it/s]
Benchmarking (colbert_centroid):  38%|███▊      | 5264/13956 [01:24<02:18, 62.94it/s]
Benchmarking (colbert_centroid):  38%|███▊      | 5271/13956 [01:25<02:18, 62.90it/s]
Benchmarking (colbert_centroid):  38%|███▊      | 5278/13956 [01:25<02:21, 61.20it/s]
Benchmarking (colbert_centroid):  38%|███▊      | 5285/13956 [01:25<02:21, 61.44it/s]
Benchmarking (colbert_centroid):  38%|███▊      | 5293/13956 [01:25<02:17, 63.05it/s]
Benchmarking (colbert_centroid):  38%|███▊      | 5300/13956 [01:25<02:18, 62.34it/s]
Benchmarking (colbert_centroid):  38%|███▊      | 5307/13956 [01:25<02:19, 62.08it/s]
Benchmarking (colbert_centroid):  38%|███▊      | 5314/13956 [01:25<02:16, 63.11it/s]
Benchmarking (colbert_centroid):  38%|███▊      | 5321/13956 [01:25<02:16, 63.13it/s]
Benchmarking (colbert_centroid):  38%|███▊      | 5328/13956 [01:25<02:21, 60.92it/s]
Benchmarking (colbert_centroid):  38%|███▊      | 5335/13956 [01:26<02:22, 60.49it/s]
Benchmarking (colbert_centroid):  38%|███▊      | 5342/13956 [01:26<02:21, 60.95it/s]
Benchmarking (colbert_centroid):  38%|███▊      | 5349/13956 [01:26<02:22, 60.47it/s]
Benchmarking (colbert_centroid):  38%|███▊      | 5356/13956 [01:26<02:17, 62.68it/s]
Benchmarking (colbert_centroid):  38%|███▊      | 5363/13956 [01:26<02:15, 63.42it/s]
Benchmarking (colbert_centroid):  38%|███▊      | 5370/13956 [01:26<02:16, 63.04it/s]
Benchmarking (colbert_centroid):  39%|███▊      | 5377/13956 [01:26<02:14, 63.79it/s]
Benchmarking (colbert_centroid):  39%|███▊      | 5384/13956 [01:26<02:14, 63.52it/s]
Benchmarking (colbert_centroid):  39%|███▊      | 5391/13956 [01:26<02:17, 62.22it/s]
Benchmarking (colbert_centroid):  39%|███▊      | 5398/13956 [01:27<02:17, 62.41it/s]
Benchmarking (colbert_centroid):  39%|███▊      | 5405/13956 [01:27<02:19, 61.50it/s]
Benchmarking (colbert_centroid):  39%|███▉      | 5412/13956 [01:27<02:18, 61.76it/s]
Benchmarking (colbert_centroid):  39%|███▉      | 5419/13956 [01:27<02:18, 61.54it/s]
Benchmarking (colbert_centroid):  39%|███▉      | 5426/13956 [01:27<02:23, 59.60it/s]
Benchmarking (colbert_centroid):  39%|███▉      | 5433/13956 [01:27<02:24, 59.11it/s]
Benchmarking (colbert_centroid):  39%|███▉      | 5440/13956 [01:27<02:22, 59.79it/s]
Benchmarking (colbert_centroid):  39%|███▉      | 5447/13956 [01:27<02:19, 61.13it/s]
Benchmarking (colbert_centroid):  39%|███▉      | 5454/13956 [01:28<02:15, 62.72it/s]
Benchmarking (colbert_centroid):  39%|███▉      | 5461/13956 [01:28<02:18, 61.41it/s]
Benchmarking (colbert_centroid):  39%|███▉      | 5468/13956 [01:28<02:17, 61.70it/s]
Benchmarking (colbert_centroid):  39%|███▉      | 5475/13956 [01:28<02:18, 61.39it/s]
Benchmarking (colbert_centroid):  39%|███▉      | 5482/13956 [01:28<02:18, 61.39it/s]
Benchmarking (colbert_centroid):  39%|███▉      | 5489/13956 [01:28<02:14, 62.75it/s]
Benchmarking (colbert_centroid):  39%|███▉      | 5496/13956 [01:28<02:12, 63.62it/s]
Benchmarking (colbert_centroid):  39%|███▉      | 5503/13956 [01:28<02:17, 61.32it/s]
Benchmarking (colbert_centroid):  39%|███▉      | 5510/13956 [01:28<02:15, 62.35it/s]
Benchmarking (colbert_centroid):  40%|███▉      | 5517/13956 [01:29<02:13, 63.44it/s]
Benchmarking (colbert_centroid):  40%|███▉      | 5524/13956 [01:29<02:11, 64.18it/s]
Benchmarking (colbert_centroid):  40%|███▉      | 5531/13956 [01:29<02:09, 64.82it/s]
Benchmarking (colbert_centroid):  40%|███▉      | 5538/13956 [01:29<02:09, 65.13it/s]
Benchmarking (colbert_centroid):  40%|███▉      | 5545/13956 [01:29<02:08, 65.26it/s]
Benchmarking (colbert_centroid):  40%|███▉      | 5552/13956 [01:29<02:13, 62.74it/s]
Benchmarking (colbert_centroid):  40%|███▉      | 5559/13956 [01:29<02:17, 61.17it/s]
Benchmarking (colbert_centroid):  40%|███▉      | 5566/13956 [01:29<02:14, 62.46it/s]
Benchmarking (colbert_centroid):  40%|███▉      | 5573/13956 [01:29<02:13, 62.74it/s]
Benchmarking (colbert_centroid):  40%|███▉      | 5580/13956 [01:30<02:12, 63.31it/s]
Benchmarking (colbert_centroid):  40%|████      | 5587/13956 [01:30<02:13, 62.56it/s]
Benchmarking (colbert_centroid):  40%|████      | 5594/13956 [01:30<02:15, 61.60it/s]
Benchmarking (colbert_centroid):  40%|████      | 5601/13956 [01:30<02:20, 59.44it/s]
Benchmarking (colbert_centroid):  40%|████      | 5608/13956 [01:30<02:18, 60.37it/s]
Benchmarking (colbert_centroid):  40%|████      | 5615/13956 [01:30<02:15, 61.73it/s]
Benchmarking (colbert_centroid):  40%|████      | 5622/13956 [01:30<02:13, 62.66it/s]
Benchmarking (colbert_centroid):  40%|████      | 5629/13956 [01:30<02:14, 62.02it/s]
Benchmarking (colbert_centroid):  40%|████      | 5636/13956 [01:30<02:15, 61.18it/s]
Benchmarking (colbert_centroid):  40%|████      | 5643/13956 [01:31<02:11, 63.41it/s]
Benchmarking (colbert_centroid):  40%|████      | 5650/13956 [01:31<02:11, 63.08it/s]
Benchmarking (colbert_centroid):  41%|████      | 5657/13956 [01:31<02:10, 63.65it/s]
Benchmarking (colbert_centroid):  41%|████      | 5664/13956 [01:31<02:11, 63.07it/s]
Benchmarking (colbert_centroid):  41%|████      | 5671/13956 [01:31<02:14, 61.56it/s]
Benchmarking (colbert_centroid):  41%|████      | 5678/13956 [01:31<02:14, 61.59it/s]
Benchmarking (colbert_centroid):  41%|████      | 5685/13956 [01:31<02:17, 60.37it/s]
Benchmarking (colbert_centroid):  41%|████      | 5692/13956 [01:31<02:13, 61.83it/s]
Benchmarking (colbert_centroid):  41%|████      | 5699/13956 [01:31<02:14, 61.46it/s]
Benchmarking (colbert_centroid):  41%|████      | 5706/13956 [01:32<02:15, 60.68it/s]
Benchmarking (colbert_centroid):  41%|████      | 5713/13956 [01:32<02:12, 62.12it/s]
Benchmarking (colbert_centroid):  41%|████      | 5720/13956 [01:32<02:16, 60.20it/s]
Benchmarking (colbert_centroid):  41%|████      | 5727/13956 [01:32<02:13, 61.76it/s]
Benchmarking (colbert_centroid):  41%|████      | 5734/13956 [01:32<02:12, 62.27it/s]
Benchmarking (colbert_centroid):  41%|████      | 5741/13956 [01:32<02:14, 61.16it/s]
Benchmarking (colbert_centroid):  41%|████      | 5748/13956 [01:32<02:11, 62.36it/s]
Benchmarking (colbert_centroid):  41%|████      | 5755/13956 [01:32<02:11, 62.17it/s]
Benchmarking (colbert_centroid):  41%|████▏     | 5762/13956 [01:32<02:09, 63.15it/s]
Benchmarking (colbert_centroid):  41%|████▏     | 5769/13956 [01:33<02:08, 63.47it/s]
Benchmarking (colbert_centroid):  41%|████▏     | 5776/13956 [01:33<02:12, 61.58it/s]
Benchmarking (colbert_centroid):  41%|████▏     | 5783/13956 [01:33<02:09, 62.88it/s]
Benchmarking (colbert_centroid):  41%|████▏     | 5790/13956 [01:33<02:08, 63.46it/s]
Benchmarking (colbert_centroid):  42%|████▏     | 5797/13956 [01:33<02:06, 64.29it/s]
Benchmarking (colbert_centroid):  42%|████▏     | 5804/13956 [01:33<02:13, 61.27it/s]
Benchmarking (colbert_centroid):  42%|████▏     | 5811/13956 [01:33<02:13, 61.14it/s]
Benchmarking (colbert_centroid):  42%|████▏     | 5818/13956 [01:33<02:10, 62.37it/s]
Benchmarking (colbert_centroid):  42%|████▏     | 5825/13956 [01:33<02:09, 62.90it/s]
Benchmarking (colbert_centroid):  42%|████▏     | 5832/13956 [01:34<02:11, 61.66it/s]
Benchmarking (colbert_centroid):  42%|████▏     | 5839/13956 [01:34<02:09, 62.85it/s]
Benchmarking (colbert_centroid):  42%|████▏     | 5846/13956 [01:34<02:07, 63.53it/s]
Benchmarking (colbert_centroid):  42%|████▏     | 5853/13956 [01:34<02:04, 64.87it/s]
Benchmarking (colbert_centroid):  42%|████▏     | 5860/13956 [01:34<02:08, 63.03it/s]
Benchmarking (colbert_centroid):  42%|████▏     | 5868/13956 [01:34<02:04, 65.19it/s]
Benchmarking (colbert_centroid):  42%|████▏     | 5875/13956 [01:34<02:06, 63.95it/s]
Benchmarking (colbert_centroid):  42%|████▏     | 5882/13956 [01:34<02:11, 61.50it/s]
Benchmarking (colbert_centroid):  42%|████▏     | 5889/13956 [01:34<02:08, 62.87it/s]
Benchmarking (colbert_centroid):  42%|████▏     | 5896/13956 [01:35<02:04, 64.59it/s]
Benchmarking (colbert_centroid):  42%|████▏     | 5903/13956 [01:35<02:02, 65.84it/s]
Benchmarking (colbert_centroid):  42%|████▏     | 5910/13956 [01:35<02:02, 65.83it/s]
Benchmarking (colbert_centroid):  42%|████▏     | 5917/13956 [01:35<02:02, 65.80it/s]
Benchmarking (colbert_centroid):  42%|████▏     | 5924/13956 [01:35<02:02, 65.76it/s]
Benchmarking (colbert_centroid):  42%|████▏     | 5931/13956 [01:35<02:01, 65.81it/s]
Benchmarking (colbert_centroid):  43%|████▎     | 5938/13956 [01:35<02:04, 64.66it/s]
Benchmarking (colbert_centroid):  43%|████▎     | 5945/13956 [01:35<02:05, 63.68it/s]
Benchmarking (colbert_centroid):  43%|████▎     | 5952/13956 [01:35<02:06, 63.12it/s]
Benchmarking (colbert_centroid):  43%|████▎     | 5959/13956 [01:36<02:06, 63.24it/s]
Benchmarking (colbert_centroid):  43%|████▎     | 5966/13956 [01:36<02:10, 61.38it/s]
Benchmarking (colbert_centroid):  43%|████▎     | 5973/13956 [01:36<02:12, 60.20it/s]
Benchmarking (colbert_centroid):  43%|████▎     | 5980/13956 [01:36<02:13, 59.90it/s]
Benchmarking (colbert_centroid):  43%|████▎     | 5987/13956 [01:36<02:13, 59.70it/s]
Benchmarking (colbert_centroid):  43%|████▎     | 5994/13956 [01:36<02:12, 60.30it/s]
Benchmarking (colbert_centroid):  43%|████▎     | 6001/13956 [01:36<02:11, 60.45it/s]
Benchmarking (colbert_centroid):  43%|████▎     | 6008/13956 [01:36<02:08, 61.77it/s]
Benchmarking (colbert_centroid):  43%|████▎     | 6015/13956 [01:37<02:10, 60.99it/s]
Benchmarking (colbert_centroid):  43%|████▎     | 6022/13956 [01:37<02:07, 62.44it/s]
Benchmarking (colbert_centroid):  43%|████▎     | 6029/13956 [01:37<02:03, 64.31it/s]
Benchmarking (colbert_centroid):  43%|████▎     | 6036/13956 [01:37<02:04, 63.78it/s]
Benchmarking (colbert_centroid):  43%|████▎     | 6043/13956 [01:37<02:04, 63.49it/s]
Benchmarking (colbert_centroid):  43%|████▎     | 6050/13956 [01:37<02:03, 63.99it/s]
Benchmarking (colbert_centroid):  43%|████▎     | 6057/13956 [01:37<02:02, 64.53it/s]
Benchmarking (colbert_centroid):  43%|████▎     | 6064/13956 [01:37<02:03, 63.69it/s]
Benchmarking (colbert_centroid):  44%|████▎     | 6071/13956 [01:37<02:02, 64.34it/s]
Benchmarking (colbert_centroid):  44%|████▎     | 6079/13956 [01:37<01:59, 66.07it/s]
Benchmarking (colbert_centroid):  44%|████▎     | 6086/13956 [01:38<01:59, 65.78it/s]
Benchmarking (colbert_centroid):  44%|████▎     | 6093/13956 [01:38<01:59, 65.56it/s]
Benchmarking (colbert_centroid):  44%|████▎     | 6100/13956 [01:38<01:57, 66.67it/s]
Benchmarking (colbert_centroid):  44%|████▍     | 6107/13956 [01:38<01:57, 66.52it/s]
Benchmarking (colbert_centroid):  44%|████▍     | 6114/13956 [01:38<02:02, 64.18it/s]
Benchmarking (colbert_centroid):  44%|████▍     | 6121/13956 [01:38<02:02, 63.89it/s]
Benchmarking (colbert_centroid):  44%|████▍     | 6128/13956 [01:38<01:59, 65.39it/s]
Benchmarking (colbert_centroid):  44%|████▍     | 6135/13956 [01:38<02:03, 63.49it/s]
Benchmarking (colbert_centroid):  44%|████▍     | 6142/13956 [01:38<02:04, 62.91it/s]
Benchmarking (colbert_centroid):  44%|████▍     | 6149/13956 [01:39<02:00, 64.71it/s]
Benchmarking (colbert_centroid):  44%|████▍     | 6157/13956 [01:39<01:57, 66.42it/s]
Benchmarking (colbert_centroid):  44%|████▍     | 6164/13956 [01:39<01:55, 67.37it/s]
Benchmarking (colbert_centroid):  44%|████▍     | 6171/13956 [01:39<02:00, 64.37it/s]
Benchmarking (colbert_centroid):  44%|████▍     | 6178/13956 [01:39<02:08, 60.76it/s]
Benchmarking (colbert_centroid):  44%|████▍     | 6185/13956 [01:39<02:05, 61.89it/s]
Benchmarking (colbert_centroid):  44%|████▍     | 6192/13956 [01:39<02:01, 63.98it/s]
Benchmarking (colbert_centroid):  44%|████▍     | 6199/13956 [01:39<02:02, 63.31it/s]
Benchmarking (colbert_centroid):  44%|████▍     | 6206/13956 [01:39<02:03, 63.01it/s]
Benchmarking (colbert_centroid):  45%|████▍     | 6213/13956 [01:40<02:02, 63.04it/s]
Benchmarking (colbert_centroid):  45%|████▍     | 6220/13956 [01:40<02:01, 63.86it/s]
Benchmarking (colbert_centroid):  45%|████▍     | 6227/13956 [01:40<02:00, 64.34it/s]
Benchmarking (colbert_centroid):  45%|████▍     | 6234/13956 [01:40<02:01, 63.67it/s]
Benchmarking (colbert_centroid):  45%|████▍     | 6241/13956 [01:40<02:04, 62.17it/s]
Benchmarking (colbert_centroid):  45%|████▍     | 6248/13956 [01:40<02:04, 62.15it/s]
Benchmarking (colbert_centroid):  45%|████▍     | 6255/13956 [01:40<02:04, 62.08it/s]
Benchmarking (colbert_centroid):  45%|████▍     | 6262/13956 [01:40<02:01, 63.25it/s]
Benchmarking (colbert_centroid):  45%|████▍     | 6269/13956 [01:40<01:58, 65.02it/s]
Benchmarking (colbert_centroid):  45%|████▍     | 6276/13956 [01:41<01:59, 64.00it/s]
Benchmarking (colbert_centroid):  45%|████▌     | 6283/13956 [01:41<02:05, 61.22it/s]
Benchmarking (colbert_centroid):  45%|████▌     | 6290/13956 [01:41<02:05, 61.29it/s]
Benchmarking (colbert_centroid):  45%|████▌     | 6297/13956 [01:41<02:00, 63.51it/s]
Benchmarking (colbert_centroid):  45%|████▌     | 6304/13956 [01:41<02:00, 63.26it/s]
Benchmarking (colbert_centroid):  45%|████▌     | 6311/13956 [01:41<01:59, 63.85it/s]
Benchmarking (colbert_centroid):  45%|████▌     | 6318/13956 [01:41<02:00, 63.30it/s]
Benchmarking (colbert_centroid):  45%|████▌     | 6325/13956 [01:41<02:05, 60.98it/s]
Benchmarking (colbert_centroid):  45%|████▌     | 6332/13956 [01:41<02:02, 62.40it/s]
Benchmarking (colbert_centroid):  45%|████▌     | 6339/13956 [01:42<02:01, 62.44it/s]
Benchmarking (colbert_centroid):  45%|████▌     | 6346/13956 [01:42<02:02, 62.36it/s]
Benchmarking (colbert_centroid):  46%|████▌     | 6353/13956 [01:42<01:58, 64.38it/s]
Benchmarking (colbert_centroid):  46%|████▌     | 6360/13956 [01:42<02:02, 62.11it/s]
Benchmarking (colbert_centroid):  46%|████▌     | 6367/13956 [01:42<02:03, 61.27it/s]
Benchmarking (colbert_centroid):  46%|████▌     | 6374/13956 [01:42<02:02, 62.05it/s]
Benchmarking (colbert_centroid):  46%|████▌     | 6381/13956 [01:42<02:02, 62.02it/s]
Benchmarking (colbert_centroid):  46%|████▌     | 6388/13956 [01:42<01:59, 63.10it/s]
Benchmarking (colbert_centroid):  46%|████▌     | 6395/13956 [01:42<02:04, 60.84it/s]
Benchmarking (colbert_centroid):  46%|████▌     | 6402/13956 [01:43<01:59, 63.08it/s]
Benchmarking (colbert_centroid):  46%|████▌     | 6409/13956 [01:43<01:57, 63.97it/s]
Benchmarking (colbert_centroid):  46%|████▌     | 6416/13956 [01:43<01:54, 65.57it/s]
Benchmarking (colbert_centroid):  46%|████▌     | 6423/13956 [01:43<01:59, 63.07it/s]
Benchmarking (colbert_centroid):  46%|████▌     | 6430/13956 [01:43<01:58, 63.50it/s]
Benchmarking (colbert_centroid):  46%|████▌     | 6437/13956 [01:43<02:00, 62.18it/s]
Benchmarking (colbert_centroid):  46%|████▌     | 6444/13956 [01:43<02:02, 61.43it/s]
Benchmarking (colbert_centroid):  46%|████▌     | 6451/13956 [01:43<01:57, 63.75it/s]
Benchmarking (colbert_centroid):  46%|████▋     | 6458/13956 [01:43<01:56, 64.25it/s]
Benchmarking (colbert_centroid):  46%|████▋     | 6465/13956 [01:44<01:57, 63.89it/s]
Benchmarking (colbert_centroid):  46%|████▋     | 6472/13956 [01:44<02:00, 62.35it/s]
Benchmarking (colbert_centroid):  46%|████▋     | 6479/13956 [01:44<01:59, 62.54it/s]
Benchmarking (colbert_centroid):  46%|████▋     | 6486/13956 [01:44<02:00, 62.20it/s]
Benchmarking (colbert_centroid):  47%|████▋     | 6493/13956 [01:44<02:01, 61.34it/s]
Benchmarking (colbert_centroid):  47%|████▋     | 6500/13956 [01:44<02:00, 61.68it/s]
Benchmarking (colbert_centroid):  47%|████▋     | 6507/13956 [01:44<02:02, 60.71it/s]
Benchmarking (colbert_centroid):  47%|████▋     | 6514/13956 [01:44<02:07, 58.24it/s]
Benchmarking (colbert_centroid):  47%|████▋     | 6521/13956 [01:45<02:05, 59.45it/s]
Benchmarking (colbert_centroid):  47%|████▋     | 6527/13956 [01:45<02:06, 58.58it/s]
Benchmarking (colbert_centroid):  47%|████▋     | 6534/13956 [01:45<02:04, 59.64it/s]
Benchmarking (colbert_centroid):  47%|████▋     | 6541/13956 [01:45<02:03, 60.27it/s]
Benchmarking (colbert_centroid):  47%|████▋     | 6548/13956 [01:45<02:00, 61.69it/s]
Benchmarking (colbert_centroid):  47%|████▋     | 6555/13956 [01:45<01:59, 61.87it/s]
Benchmarking (colbert_centroid):  47%|████▋     | 6562/13956 [01:45<01:57, 63.08it/s]
Benchmarking (colbert_centroid):  47%|████▋     | 6569/13956 [01:45<01:55, 63.78it/s]
Benchmarking (colbert_centroid):  47%|████▋     | 6576/13956 [01:45<01:56, 63.27it/s]
Benchmarking (colbert_centroid):  47%|████▋     | 6583/13956 [01:45<01:53, 64.76it/s]
Benchmarking (colbert_centroid):  47%|████▋     | 6590/13956 [01:46<01:55, 63.61it/s]
Benchmarking (colbert_centroid):  47%|████▋     | 6597/13956 [01:46<01:54, 64.20it/s]
Benchmarking (colbert_centroid):  47%|████▋     | 6604/13956 [01:46<01:56, 63.25it/s]
Benchmarking (colbert_centroid):  47%|████▋     | 6611/13956 [01:46<01:58, 62.03it/s]
Benchmarking (colbert_centroid):  47%|████▋     | 6618/13956 [01:46<01:56, 63.11it/s]
Benchmarking (colbert_centroid):  47%|████▋     | 6625/13956 [01:46<01:54, 64.00it/s]
Benchmarking (colbert_centroid):  48%|████▊     | 6632/13956 [01:46<01:55, 63.41it/s]
Benchmarking (colbert_centroid):  48%|████▊     | 6639/13956 [01:46<01:55, 63.11it/s]
Benchmarking (colbert_centroid):  48%|████▊     | 6646/13956 [01:46<01:54, 63.60it/s]
Benchmarking (colbert_centroid):  48%|████▊     | 6653/13956 [01:47<01:55, 63.22it/s]
Benchmarking (colbert_centroid):  48%|████▊     | 6660/13956 [01:47<01:54, 63.77it/s]
Benchmarking (colbert_centroid):  48%|████▊     | 6667/13956 [01:47<01:59, 61.03it/s]
Benchmarking (colbert_centroid):  48%|████▊     | 6674/13956 [01:47<02:01, 60.15it/s]
Benchmarking (colbert_centroid):  48%|████▊     | 6681/13956 [01:47<02:00, 60.27it/s]
Benchmarking (colbert_centroid):  48%|████▊     | 6688/13956 [01:47<01:59, 60.82it/s]
Benchmarking (colbert_centroid):  48%|████▊     | 6695/13956 [01:47<01:56, 62.25it/s]
Benchmarking (colbert_centroid):  48%|████▊     | 6702/13956 [01:47<01:52, 64.26it/s]
Benchmarking (colbert_centroid):  48%|████▊     | 6709/13956 [01:48<01:51, 64.90it/s]
Benchmarking (colbert_centroid):  48%|████▊     | 6716/13956 [01:48<01:51, 65.20it/s]
Benchmarking (colbert_centroid):  48%|████▊     | 6723/13956 [01:48<01:49, 66.14it/s]
Benchmarking (colbert_centroid):  48%|████▊     | 6730/13956 [01:48<01:49, 65.84it/s]
Benchmarking (colbert_centroid):  48%|████▊     | 6737/13956 [01:48<01:55, 62.71it/s]
Benchmarking (colbert_centroid):  48%|████▊     | 6744/13956 [01:48<01:53, 63.63it/s]
Benchmarking (colbert_centroid):  48%|████▊     | 6752/13956 [01:48<01:51, 64.66it/s]
Benchmarking (colbert_centroid):  48%|████▊     | 6759/13956 [01:48<01:52, 63.87it/s]
Benchmarking (colbert_centroid):  48%|████▊     | 6766/13956 [01:48<01:51, 64.56it/s]
Benchmarking (colbert_centroid):  49%|████▊     | 6773/13956 [01:49<01:53, 63.54it/s]
Benchmarking (colbert_centroid):  49%|████▊     | 6780/13956 [01:49<01:54, 62.78it/s]
Benchmarking (colbert_centroid):  49%|████▊     | 6787/13956 [01:49<01:51, 64.46it/s]
Benchmarking (colbert_centroid):  49%|████▊     | 6794/13956 [01:49<01:51, 64.26it/s]
Benchmarking (colbert_centroid):  49%|████▊     | 6802/13956 [01:49<01:48, 66.04it/s]
Benchmarking (colbert_centroid):  49%|████▉     | 6809/13956 [01:49<01:52, 63.70it/s]
Benchmarking (colbert_centroid):  49%|████▉     | 6816/13956 [01:49<01:52, 63.49it/s]
Benchmarking (colbert_centroid):  49%|████▉     | 6823/13956 [01:49<01:55, 61.62it/s]
Benchmarking (colbert_centroid):  49%|████▉     | 6830/13956 [01:49<01:55, 61.51it/s]
Benchmarking (colbert_centroid):  49%|████▉     | 6837/13956 [01:50<01:51, 63.74it/s]
Benchmarking (colbert_centroid):  49%|████▉     | 6844/13956 [01:50<01:51, 64.01it/s]
Benchmarking (colbert_centroid):  49%|████▉     | 6851/13956 [01:50<01:49, 64.62it/s]
Benchmarking (colbert_centroid):  49%|████▉     | 6858/13956 [01:50<01:55, 61.53it/s]
Benchmarking (colbert_centroid):  49%|████▉     | 6865/13956 [01:50<01:51, 63.82it/s]
Benchmarking (colbert_centroid):  49%|████▉     | 6872/13956 [01:50<01:52, 63.15it/s]
Benchmarking (colbert_centroid):  49%|████▉     | 6879/13956 [01:50<01:51, 63.65it/s]
Benchmarking (colbert_centroid):  49%|████▉     | 6886/13956 [01:50<01:51, 63.37it/s]
Benchmarking (colbert_centroid):  49%|████▉     | 6893/13956 [01:50<01:50, 63.90it/s]
Benchmarking (colbert_centroid):  49%|████▉     | 6900/13956 [01:51<01:52, 62.92it/s]
Benchmarking (colbert_centroid):  49%|████▉     | 6907/13956 [01:51<01:50, 64.06it/s]
Benchmarking (colbert_centroid):  50%|████▉     | 6914/13956 [01:51<01:49, 64.22it/s]
Benchmarking (colbert_centroid):  50%|████▉     | 6921/13956 [01:51<01:50, 63.58it/s]
Benchmarking (colbert_centroid):  50%|████▉     | 6928/13956 [01:51<01:49, 64.09it/s]
Benchmarking (colbert_centroid):  50%|████▉     | 6935/13956 [01:51<01:46, 65.73it/s]
Benchmarking (colbert_centroid):  50%|████▉     | 6942/13956 [01:51<01:49, 64.06it/s]
Benchmarking (colbert_centroid):  50%|████▉     | 6949/13956 [01:51<01:51, 62.67it/s]
Benchmarking (colbert_centroid):  50%|████▉     | 6956/13956 [01:51<01:53, 61.55it/s]
Benchmarking (colbert_centroid):  50%|████▉     | 6963/13956 [01:51<01:50, 63.30it/s]
Benchmarking (colbert_centroid):  50%|████▉     | 6970/13956 [01:52<01:51, 62.89it/s]
Benchmarking (colbert_centroid):  50%|████▉     | 6977/13956 [01:52<01:49, 63.65it/s]
Benchmarking (colbert_centroid):  50%|█████     | 6984/13956 [01:52<01:55, 60.29it/s]
Benchmarking (colbert_centroid):  50%|█████     | 6991/13956 [01:52<01:56, 59.69it/s]
Benchmarking (colbert_centroid):  50%|█████     | 6998/13956 [01:52<01:55, 60.47it/s]
Benchmarking (colbert_centroid):  50%|█████     | 7006/13956 [01:52<01:49, 63.33it/s]
Benchmarking (colbert_centroid):  50%|█████     | 7013/13956 [01:52<01:47, 64.77it/s]
Benchmarking (colbert_centroid):  50%|█████     | 7020/13956 [01:52<01:50, 62.77it/s]
Benchmarking (colbert_centroid):  50%|█████     | 7027/13956 [01:53<01:49, 63.41it/s]
Benchmarking (colbert_centroid):  50%|█████     | 7034/13956 [01:53<01:50, 62.43it/s]
Benchmarking (colbert_centroid):  50%|█████     | 7041/13956 [01:53<01:47, 64.38it/s]
Benchmarking (colbert_centroid):  51%|█████     | 7048/13956 [01:53<01:46, 64.62it/s]
Benchmarking (colbert_centroid):  51%|█████     | 7055/13956 [01:53<01:50, 62.51it/s]
Benchmarking (colbert_centroid):  51%|█████     | 7062/13956 [01:53<01:54, 60.28it/s]
Benchmarking (colbert_centroid):  51%|█████     | 7069/13956 [01:53<01:52, 61.43it/s]
Benchmarking (colbert_centroid):  51%|█████     | 7076/13956 [01:53<01:48, 63.62it/s]
Benchmarking (colbert_centroid):  51%|█████     | 7083/13956 [01:53<01:49, 62.88it/s]
Benchmarking (colbert_centroid):  51%|█████     | 7090/13956 [01:54<01:47, 63.77it/s]
Benchmarking (colbert_centroid):  51%|█████     | 7097/13956 [01:54<01:44, 65.49it/s]
Benchmarking (colbert_centroid):  51%|█████     | 7104/13956 [01:54<01:44, 65.37it/s]
Benchmarking (colbert_centroid):  51%|█████     | 7111/13956 [01:54<01:48, 62.88it/s]
Benchmarking (colbert_centroid):  51%|█████     | 7118/13956 [01:54<01:53, 60.49it/s]
Benchmarking (colbert_centroid):  51%|█████     | 7125/13956 [01:54<01:51, 61.05it/s]
Benchmarking (colbert_centroid):  51%|█████     | 7132/13956 [01:54<01:52, 60.56it/s]
Benchmarking (colbert_centroid):  51%|█████     | 7139/13956 [01:54<01:52, 60.61it/s]
Benchmarking (colbert_centroid):  51%|█████     | 7146/13956 [01:54<01:49, 62.16it/s]
Benchmarking (colbert_centroid):  51%|█████▏    | 7153/13956 [01:55<01:47, 63.26it/s]
Benchmarking (colbert_centroid):  51%|█████▏    | 7160/13956 [01:55<01:46, 64.03it/s]
Benchmarking (colbert_centroid):  51%|█████▏    | 7167/13956 [01:55<01:45, 64.20it/s]
Benchmarking (colbert_centroid):  51%|█████▏    | 7174/13956 [01:55<01:43, 65.50it/s]
Benchmarking (colbert_centroid):  51%|█████▏    | 7181/13956 [01:55<01:42, 66.20it/s]
Benchmarking (colbert_centroid):  52%|█████▏    | 7188/13956 [01:55<01:42, 65.91it/s]
Benchmarking (colbert_centroid):  52%|█████▏    | 7195/13956 [01:55<01:44, 64.58it/s]
Benchmarking (colbert_centroid):  52%|█████▏    | 7202/13956 [01:55<01:45, 63.97it/s]
Benchmarking (colbert_centroid):  52%|█████▏    | 7209/13956 [01:55<01:48, 62.08it/s]
Benchmarking (colbert_centroid):  52%|█████▏    | 7216/13956 [01:56<01:44, 64.21it/s]
Benchmarking (colbert_centroid):  52%|█████▏    | 7223/13956 [01:56<01:49, 61.49it/s]
Benchmarking (colbert_centroid):  52%|█████▏    | 7230/13956 [01:56<01:51, 60.45it/s]
Benchmarking (colbert_centroid):  52%|█████▏    | 7237/13956 [01:56<01:52, 59.59it/s]
Benchmarking (colbert_centroid):  52%|█████▏    | 7244/13956 [01:56<01:51, 60.36it/s]
Benchmarking (colbert_centroid):  52%|█████▏    | 7251/13956 [01:56<01:47, 62.27it/s]
Benchmarking (colbert_centroid):  52%|█████▏    | 7258/13956 [01:56<01:46, 63.03it/s]
Benchmarking (colbert_centroid):  52%|█████▏    | 7265/13956 [01:56<01:49, 60.89it/s]
Benchmarking (colbert_centroid):  52%|█████▏    | 7272/13956 [01:56<01:49, 61.07it/s]
Benchmarking (colbert_centroid):  52%|█████▏    | 7279/13956 [01:57<01:49, 60.77it/s]
Benchmarking (colbert_centroid):  52%|█████▏    | 7286/13956 [01:57<01:47, 61.99it/s]
Benchmarking (colbert_centroid):  52%|█████▏    | 7293/13956 [01:57<01:47, 62.03it/s]
Benchmarking (colbert_centroid):  52%|█████▏    | 7300/13956 [01:57<01:46, 62.64it/s]
Benchmarking (colbert_centroid):  52%|█████▏    | 7307/13956 [01:57<01:46, 62.23it/s]
Benchmarking (colbert_centroid):  52%|█████▏    | 7314/13956 [01:57<01:45, 63.05it/s]
Benchmarking (colbert_centroid):  52%|█████▏    | 7321/13956 [01:57<01:48, 61.20it/s]
Benchmarking (colbert_centroid):  53%|█████▎    | 7328/13956 [01:57<01:45, 63.00it/s]
Benchmarking (colbert_centroid):  53%|█████▎    | 7335/13956 [01:57<01:48, 60.83it/s]
Benchmarking (colbert_centroid):  53%|█████▎    | 7342/13956 [01:58<01:46, 62.10it/s]
Benchmarking (colbert_centroid):  53%|█████▎    | 7349/13956 [01:58<01:45, 62.49it/s]
Benchmarking (colbert_centroid):  53%|█████▎    | 7356/13956 [01:58<01:42, 64.43it/s]
Benchmarking (colbert_centroid):  53%|█████▎    | 7363/13956 [01:58<01:41, 64.92it/s]
Benchmarking (colbert_centroid):  53%|█████▎    | 7370/13956 [01:58<01:44, 63.22it/s]
Benchmarking (colbert_centroid):  53%|█████▎    | 7378/13956 [01:58<01:40, 65.41it/s]
Benchmarking (colbert_centroid):  53%|█████▎    | 7385/13956 [01:58<01:43, 63.63it/s]
Benchmarking (colbert_centroid):  53%|█████▎    | 7392/13956 [01:58<01:44, 63.04it/s]
Benchmarking (colbert_centroid):  53%|█████▎    | 7399/13956 [01:58<01:48, 60.66it/s]
Benchmarking (colbert_centroid):  53%|█████▎    | 7406/13956 [01:59<01:45, 61.98it/s]
Benchmarking (colbert_centroid):  53%|█████▎    | 7413/13956 [01:59<01:43, 63.06it/s]
Benchmarking (colbert_centroid):  53%|█████▎    | 7420/13956 [01:59<01:46, 61.37it/s]
Benchmarking (colbert_centroid):  53%|█████▎    | 7427/13956 [01:59<01:43, 63.24it/s]
Benchmarking (colbert_centroid):  53%|█████▎    | 7434/13956 [01:59<01:40, 65.07it/s]
Benchmarking (colbert_centroid):  53%|█████▎    | 7441/13956 [01:59<01:43, 63.10it/s]
Benchmarking (colbert_centroid):  53%|█████▎    | 7448/13956 [01:59<01:44, 62.32it/s]
Benchmarking (colbert_centroid):  53%|█████▎    | 7455/13956 [01:59<01:45, 61.48it/s]
Benchmarking (colbert_centroid):  53%|█████▎    | 7462/13956 [01:59<01:43, 62.61it/s]
Benchmarking (colbert_centroid):  54%|█████▎    | 7469/13956 [02:00<01:44, 62.31it/s]
Benchmarking (colbert_centroid):  54%|█████▎    | 7476/13956 [02:00<01:43, 62.35it/s]
Benchmarking (colbert_centroid):  54%|█████▎    | 7483/13956 [02:00<01:41, 63.52it/s]
Benchmarking (colbert_centroid):  54%|█████▎    | 7490/13956 [02:00<01:40, 64.27it/s]
Benchmarking (colbert_centroid):  54%|█████▎    | 7497/13956 [02:00<01:43, 62.59it/s]
Benchmarking (colbert_centroid):  54%|█████▍    | 7504/13956 [02:00<01:46, 60.44it/s]
Benchmarking (colbert_centroid):  54%|█████▍    | 7511/13956 [02:00<01:42, 62.83it/s]
Benchmarking (colbert_centroid):  54%|█████▍    | 7518/13956 [02:00<01:39, 64.57it/s]
Benchmarking (colbert_centroid):  54%|█████▍    | 7525/13956 [02:00<01:40, 63.89it/s]
Benchmarking (colbert_centroid):  54%|█████▍    | 7532/13956 [02:01<01:45, 61.01it/s]
Benchmarking (colbert_centroid):  54%|█████▍    | 7539/13956 [02:01<01:42, 62.38it/s]
Benchmarking (colbert_centroid):  54%|█████▍    | 7546/13956 [02:01<01:44, 61.13it/s]
Benchmarking (colbert_centroid):  54%|█████▍    | 7553/13956 [02:01<01:42, 62.39it/s]
Benchmarking (colbert_centroid):  54%|█████▍    | 7560/13956 [02:01<01:42, 62.33it/s]
Benchmarking (colbert_centroid):  54%|█████▍    | 7567/13956 [02:01<01:41, 63.13it/s]
Benchmarking (colbert_centroid):  54%|█████▍    | 7574/13956 [02:01<01:43, 61.60it/s]
Benchmarking (colbert_centroid):  54%|█████▍    | 7581/13956 [02:01<01:41, 62.64it/s]
Benchmarking (colbert_centroid):  54%|█████▍    | 7588/13956 [02:01<01:43, 61.54it/s]
Benchmarking (colbert_centroid):  54%|█████▍    | 7595/13956 [02:02<01:45, 60.31it/s]
Benchmarking (colbert_centroid):  54%|█████▍    | 7602/13956 [02:02<01:44, 60.76it/s]
Benchmarking (colbert_centroid):  55%|█████▍    | 7609/13956 [02:02<01:43, 61.15it/s]
Benchmarking (colbert_centroid):  55%|█████▍    | 7616/13956 [02:02<01:43, 61.54it/s]
Benchmarking (colbert_centroid):  55%|█████▍    | 7623/13956 [02:02<01:39, 63.57it/s]
Benchmarking (colbert_centroid):  55%|█████▍    | 7630/13956 [02:02<01:40, 62.81it/s]
Benchmarking (colbert_centroid):  55%|█████▍    | 7637/13956 [02:02<01:39, 63.60it/s]
Benchmarking (colbert_centroid):  55%|█████▍    | 7644/13956 [02:02<01:37, 64.66it/s]
Benchmarking (colbert_centroid):  55%|█████▍    | 7651/13956 [02:02<01:38, 63.95it/s]
Benchmarking (colbert_centroid):  55%|█████▍    | 7658/13956 [02:03<01:39, 63.28it/s]
Benchmarking (colbert_centroid):  55%|█████▍    | 7665/13956 [02:03<01:41, 62.18it/s]
Benchmarking (colbert_centroid):  55%|█████▍    | 7672/13956 [02:03<01:45, 59.66it/s]
Benchmarking (colbert_centroid):  55%|█████▌    | 7679/13956 [02:03<01:41, 62.07it/s]
Benchmarking (colbert_centroid):  55%|█████▌    | 7686/13956 [02:03<01:41, 61.75it/s]
Benchmarking (colbert_centroid):  55%|█████▌    | 7693/13956 [02:03<01:43, 60.68it/s]
Benchmarking (colbert_centroid):  55%|█████▌    | 7700/13956 [02:03<01:40, 62.02it/s]
Benchmarking (colbert_centroid):  55%|█████▌    | 7707/13956 [02:03<01:40, 62.00it/s]
Benchmarking (colbert_centroid):  55%|█████▌    | 7714/13956 [02:04<01:40, 61.95it/s]
Benchmarking (colbert_centroid):  55%|█████▌    | 7721/13956 [02:04<01:39, 62.82it/s]
Benchmarking (colbert_centroid):  55%|█████▌    | 7728/13956 [02:04<01:41, 61.13it/s]
Benchmarking (colbert_centroid):  55%|█████▌    | 7735/13956 [02:04<01:39, 62.32it/s]
Benchmarking (colbert_centroid):  55%|█████▌    | 7742/13956 [02:04<01:38, 63.33it/s]
Benchmarking (colbert_centroid):  56%|█████▌    | 7749/13956 [02:04<01:38, 63.03it/s]
Benchmarking (colbert_centroid):  56%|█████▌    | 7756/13956 [02:04<01:38, 62.69it/s]
Benchmarking (colbert_centroid):  56%|█████▌    | 7763/13956 [02:04<01:37, 63.49it/s]
Benchmarking (colbert_centroid):  56%|█████▌    | 7770/13956 [02:04<01:39, 62.18it/s]
Benchmarking (colbert_centroid):  56%|█████▌    | 7777/13956 [02:05<01:42, 60.49it/s]
Benchmarking (colbert_centroid):  56%|█████▌    | 7784/13956 [02:05<01:42, 60.05it/s]
Benchmarking (colbert_centroid):  56%|█████▌    | 7791/13956 [02:05<01:39, 61.80it/s]
Benchmarking (colbert_centroid):  56%|█████▌    | 7798/13956 [02:05<01:36, 63.90it/s]
Benchmarking (colbert_centroid):  56%|█████▌    | 7805/13956 [02:05<01:34, 65.43it/s]
Benchmarking (colbert_centroid):  56%|█████▌    | 7813/13956 [02:05<01:31, 66.83it/s]
Benchmarking (colbert_centroid):  56%|█████▌    | 7820/13956 [02:05<01:33, 65.76it/s]
Benchmarking (colbert_centroid):  56%|█████▌    | 7828/13956 [02:05<01:31, 67.19it/s]
Benchmarking (colbert_centroid):  56%|█████▌    | 7835/13956 [02:05<01:30, 67.82it/s]
Benchmarking (colbert_centroid):  56%|█████▌    | 7842/13956 [02:05<01:29, 68.25it/s]
Benchmarking (colbert_centroid):  56%|█████▌    | 7849/13956 [02:06<01:31, 66.39it/s]
Benchmarking (colbert_centroid):  56%|█████▋    | 7856/13956 [02:06<01:34, 64.75it/s]
Benchmarking (colbert_centroid):  56%|█████▋    | 7863/13956 [02:06<01:37, 62.63it/s]
Benchmarking (colbert_centroid):  56%|█████▋    | 7870/13956 [02:06<01:40, 60.69it/s]
Benchmarking (colbert_centroid):  56%|█████▋    | 7877/13956 [02:06<01:38, 62.03it/s]
Benchmarking (colbert_centroid):  56%|█████▋    | 7884/13956 [02:06<01:38, 61.94it/s]
Benchmarking (colbert_centroid):  57%|█████▋    | 7891/13956 [02:06<01:38, 61.80it/s]
Benchmarking (colbert_centroid):  57%|█████▋    | 7898/13956 [02:06<01:38, 61.41it/s]
Benchmarking (colbert_centroid):  57%|█████▋    | 7905/13956 [02:07<01:39, 60.56it/s]
Benchmarking (colbert_centroid):  57%|█████▋    | 7912/13956 [02:07<01:37, 62.19it/s]
Benchmarking (colbert_centroid):  57%|█████▋    | 7919/13956 [02:07<01:35, 63.22it/s]
Benchmarking (colbert_centroid):  57%|█████▋    | 7926/13956 [02:07<01:35, 62.93it/s]
Benchmarking (colbert_centroid):  57%|█████▋    | 7933/13956 [02:07<01:36, 62.70it/s]
Benchmarking (colbert_centroid):  57%|█████▋    | 7940/13956 [02:07<01:36, 62.54it/s]
Benchmarking (colbert_centroid):  57%|█████▋    | 7947/13956 [02:07<01:37, 61.54it/s]
Benchmarking (colbert_centroid):  57%|█████▋    | 7954/13956 [02:07<01:39, 60.42it/s]
Benchmarking (colbert_centroid):  57%|█████▋    | 7961/13956 [02:07<01:36, 62.43it/s]
Benchmarking (colbert_centroid):  57%|█████▋    | 7968/13956 [02:08<01:36, 61.98it/s]
Benchmarking (colbert_centroid):  57%|█████▋    | 7975/13956 [02:08<01:34, 63.00it/s]
Benchmarking (colbert_centroid):  57%|█████▋    | 7982/13956 [02:08<01:33, 63.77it/s]
Benchmarking (colbert_centroid):  57%|█████▋    | 7989/13956 [02:08<01:33, 64.05it/s]
Benchmarking (colbert_centroid):  57%|█████▋    | 7996/13956 [02:08<01:31, 65.15it/s]
Benchmarking (colbert_centroid):  57%|█████▋    | 8003/13956 [02:08<01:33, 63.61it/s]
Benchmarking (colbert_centroid):  57%|█████▋    | 8010/13956 [02:08<01:33, 63.39it/s]
Benchmarking (colbert_centroid):  57%|█████▋    | 8017/13956 [02:08<01:31, 65.10it/s]
Benchmarking (colbert_centroid):  57%|█████▋    | 8024/13956 [02:08<01:32, 64.09it/s]
Benchmarking (colbert_centroid):  58%|█████▊    | 8031/13956 [02:09<01:30, 65.61it/s]
Benchmarking (colbert_centroid):  58%|█████▊    | 8038/13956 [02:09<01:31, 64.43it/s]
Benchmarking (colbert_centroid):  58%|█████▊    | 8045/13956 [02:09<01:33, 63.55it/s]
Benchmarking (colbert_centroid):  58%|█████▊    | 8052/13956 [02:09<01:34, 62.24it/s]
Benchmarking (colbert_centroid):  58%|█████▊    | 8059/13956 [02:09<01:34, 62.73it/s]
Benchmarking (colbert_centroid):  58%|█████▊    | 8066/13956 [02:09<01:32, 63.44it/s]
Benchmarking (colbert_centroid):  58%|█████▊    | 8073/13956 [02:09<01:33, 62.98it/s]
Benchmarking (colbert_centroid):  58%|█████▊    | 8080/13956 [02:09<01:35, 61.77it/s]
Benchmarking (colbert_centroid):  58%|█████▊    | 8087/13956 [02:09<01:33, 62.57it/s]
Benchmarking (colbert_centroid):  58%|█████▊    | 8094/13956 [02:10<01:35, 61.60it/s]
Benchmarking (colbert_centroid):  58%|█████▊    | 8101/13956 [02:10<01:32, 63.55it/s]
Benchmarking (colbert_centroid):  58%|█████▊    | 8108/13956 [02:10<01:34, 62.21it/s]
Benchmarking (colbert_centroid):  58%|█████▊    | 8115/13956 [02:10<01:32, 62.97it/s]
Benchmarking (colbert_centroid):  58%|█████▊    | 8122/13956 [02:10<01:31, 63.59it/s]
Benchmarking (colbert_centroid):  58%|█████▊    | 8129/13956 [02:10<01:33, 62.31it/s]
Benchmarking (colbert_centroid):  58%|█████▊    | 8136/13956 [02:10<01:31, 63.29it/s]
Benchmarking (colbert_centroid):  58%|█████▊    | 8143/13956 [02:10<01:33, 62.16it/s]
Benchmarking (colbert_centroid):  58%|█████▊    | 8150/13956 [02:10<01:30, 63.97it/s]
Benchmarking (colbert_centroid):  58%|█████▊    | 8157/13956 [02:11<01:30, 64.42it/s]
Benchmarking (colbert_centroid):  58%|█████▊    | 8164/13956 [02:11<01:29, 64.97it/s]
Benchmarking (colbert_centroid):  59%|█████▊    | 8171/13956 [02:11<01:33, 61.81it/s]
Benchmarking (colbert_centroid):  59%|█████▊    | 8178/13956 [02:11<01:35, 60.65it/s]
Benchmarking (colbert_centroid):  59%|█████▊    | 8185/13956 [02:11<01:39, 58.25it/s]
Benchmarking (colbert_centroid):  59%|█████▊    | 8192/13956 [02:11<01:38, 58.49it/s]
Benchmarking (colbert_centroid):  59%|█████▊    | 8199/13956 [02:11<01:33, 61.44it/s]
Benchmarking (colbert_centroid):  59%|█████▉    | 8206/13956 [02:11<01:36, 59.51it/s]
Benchmarking (colbert_centroid):  59%|█████▉    | 8213/13956 [02:11<01:33, 61.71it/s]
Benchmarking (colbert_centroid):  59%|█████▉    | 8220/13956 [02:12<01:32, 61.74it/s]
Benchmarking (colbert_centroid):  59%|█████▉    | 8227/13956 [02:12<01:29, 63.81it/s]
Benchmarking (colbert_centroid):  59%|█████▉    | 8234/13956 [02:12<01:32, 62.19it/s]
Benchmarking (colbert_centroid):  59%|█████▉    | 8241/13956 [02:12<01:29, 64.20it/s]
Benchmarking (colbert_centroid):  59%|█████▉    | 8248/13956 [02:12<01:32, 61.46it/s]
Benchmarking (colbert_centroid):  59%|█████▉    | 8255/13956 [02:12<01:33, 61.28it/s]
Benchmarking (colbert_centroid):  59%|█████▉    | 8262/13956 [02:12<01:31, 62.48it/s]
Benchmarking (colbert_centroid):  59%|█████▉    | 8269/13956 [02:12<01:28, 64.15it/s]
Benchmarking (colbert_centroid):  59%|█████▉    | 8276/13956 [02:12<01:32, 61.31it/s]
Benchmarking (colbert_centroid):  59%|█████▉    | 8283/13956 [02:13<01:31, 62.29it/s]
Benchmarking (colbert_centroid):  59%|█████▉    | 8290/13956 [02:13<01:29, 63.36it/s]
Benchmarking (colbert_centroid):  59%|█████▉    | 8297/13956 [02:13<01:28, 63.94it/s]
Benchmarking (colbert_centroid):  60%|█████▉    | 8304/13956 [02:13<01:26, 65.56it/s]
Benchmarking (colbert_centroid):  60%|█████▉    | 8311/13956 [02:13<01:24, 66.59it/s]
Benchmarking (colbert_centroid):  60%|█████▉    | 8318/13956 [02:13<01:28, 63.83it/s]
Benchmarking (colbert_centroid):  60%|█████▉    | 8325/13956 [02:13<01:27, 64.15it/s]
Benchmarking (colbert_centroid):  60%|█████▉    | 8332/13956 [02:13<01:27, 63.97it/s]
Benchmarking (colbert_centroid):  60%|█████▉    | 8339/13956 [02:13<01:28, 63.32it/s]
Benchmarking (colbert_centroid):  60%|█████▉    | 8346/13956 [02:14<01:27, 63.90it/s]
Benchmarking (colbert_centroid):  60%|█████▉    | 8353/13956 [02:14<01:31, 61.50it/s]
Benchmarking (colbert_centroid):  60%|█████▉    | 8360/13956 [02:14<01:29, 62.60it/s]
Benchmarking (colbert_centroid):  60%|█████▉    | 8367/13956 [02:14<01:31, 61.10it/s]
Benchmarking (colbert_centroid):  60%|██████    | 8374/13956 [02:14<01:30, 61.95it/s]
Benchmarking (colbert_centroid):  60%|██████    | 8381/13956 [02:14<01:30, 61.32it/s]
Benchmarking (colbert_centroid):  60%|██████    | 8388/13956 [02:14<01:27, 63.35it/s]
Benchmarking (colbert_centroid):  60%|██████    | 8396/13956 [02:14<01:25, 65.27it/s]
Benchmarking (colbert_centroid):  60%|██████    | 8403/13956 [02:14<01:23, 66.39it/s]
Benchmarking (colbert_centroid):  60%|██████    | 8410/13956 [02:15<01:24, 65.67it/s]
Benchmarking (colbert_centroid):  60%|██████    | 8417/13956 [02:15<01:25, 64.63it/s]
Benchmarking (colbert_centroid):  60%|██████    | 8424/13956 [02:15<01:25, 65.06it/s]
Benchmarking (colbert_centroid):  60%|██████    | 8431/13956 [02:15<01:26, 63.81it/s]
Benchmarking (colbert_centroid):  60%|██████    | 8438/13956 [02:15<01:25, 64.36it/s]
Benchmarking (colbert_centroid):  61%|██████    | 8445/13956 [02:15<01:24, 64.98it/s]
Benchmarking (colbert_centroid):  61%|██████    | 8452/13956 [02:15<01:25, 64.01it/s]
Benchmarking (colbert_centroid):  61%|██████    | 8459/13956 [02:15<01:23, 65.50it/s]
Benchmarking (colbert_centroid):  61%|██████    | 8466/13956 [02:15<01:26, 63.33it/s]
Benchmarking (colbert_centroid):  61%|██████    | 8473/13956 [02:16<01:26, 63.48it/s]
Benchmarking (colbert_centroid):  61%|██████    | 8480/13956 [02:16<01:26, 63.05it/s]
Benchmarking (colbert_centroid):  61%|██████    | 8487/13956 [02:16<01:27, 62.63it/s]
Benchmarking (colbert_centroid):  61%|██████    | 8494/13956 [02:16<01:27, 62.32it/s]
Benchmarking (colbert_centroid):  61%|██████    | 8501/13956 [02:16<01:25, 63.58it/s]
Benchmarking (colbert_centroid):  61%|██████    | 8508/13956 [02:16<01:26, 63.23it/s]
Benchmarking (colbert_centroid):  61%|██████    | 8515/13956 [02:16<01:25, 63.48it/s]
Benchmarking (colbert_centroid):  61%|██████    | 8522/13956 [02:16<01:28, 61.15it/s]
Benchmarking (colbert_centroid):  61%|██████    | 8529/13956 [02:16<01:26, 62.69it/s]
Benchmarking (colbert_centroid):  61%|██████    | 8536/13956 [02:17<01:28, 61.23it/s]
Benchmarking (colbert_centroid):  61%|██████    | 8543/13956 [02:17<01:26, 62.24it/s]
Benchmarking (colbert_centroid):  61%|██████▏   | 8550/13956 [02:17<01:26, 62.26it/s]
Benchmarking (colbert_centroid):  61%|██████▏   | 8557/13956 [02:17<01:27, 61.95it/s]
Benchmarking (colbert_centroid):  61%|██████▏   | 8564/13956 [02:17<01:28, 61.17it/s]
Benchmarking (colbert_centroid):  61%|██████▏   | 8571/13956 [02:17<01:26, 62.17it/s]
Benchmarking (colbert_centroid):  61%|██████▏   | 8578/13956 [02:17<01:27, 61.71it/s]
Benchmarking (colbert_centroid):  62%|██████▏   | 8585/13956 [02:17<01:27, 61.59it/s]
Benchmarking (colbert_centroid):  62%|██████▏   | 8592/13956 [02:17<01:27, 61.19it/s]
Benchmarking (colbert_centroid):  62%|██████▏   | 8599/13956 [02:18<01:29, 60.04it/s]
Benchmarking (colbert_centroid):  62%|██████▏   | 8606/13956 [02:18<01:28, 60.48it/s]
Benchmarking (colbert_centroid):  62%|██████▏   | 8613/13956 [02:18<01:29, 59.97it/s]
Benchmarking (colbert_centroid):  62%|██████▏   | 8620/13956 [02:18<01:28, 60.36it/s]
Benchmarking (colbert_centroid):  62%|██████▏   | 8627/13956 [02:18<01:26, 61.65it/s]
Benchmarking (colbert_centroid):  62%|██████▏   | 8634/13956 [02:18<01:24, 62.92it/s]
Benchmarking (colbert_centroid):  62%|██████▏   | 8641/13956 [02:18<01:23, 63.85it/s]
Benchmarking (colbert_centroid):  62%|██████▏   | 8648/13956 [02:18<01:22, 64.58it/s]
Benchmarking (colbert_centroid):  62%|██████▏   | 8655/13956 [02:18<01:22, 64.18it/s]
Benchmarking (colbert_centroid):  62%|██████▏   | 8662/13956 [02:19<01:23, 63.46it/s]
Benchmarking (colbert_centroid):  62%|██████▏   | 8669/13956 [02:19<01:24, 62.34it/s]
Benchmarking (colbert_centroid):  62%|██████▏   | 8676/13956 [02:19<01:22, 64.14it/s]
Benchmarking (colbert_centroid):  62%|██████▏   | 8683/13956 [02:19<01:20, 65.70it/s]
Benchmarking (colbert_centroid):  62%|██████▏   | 8690/13956 [02:19<01:21, 64.50it/s]
Benchmarking (colbert_centroid):  62%|██████▏   | 8697/13956 [02:19<01:20, 65.01it/s]
Benchmarking (colbert_centroid):  62%|██████▏   | 8704/13956 [02:19<01:23, 62.59it/s]
Benchmarking (colbert_centroid):  62%|██████▏   | 8711/13956 [02:19<01:22, 63.40it/s]
Benchmarking (colbert_centroid):  62%|██████▏   | 8718/13956 [02:19<01:22, 63.81it/s]
Benchmarking (colbert_centroid):  63%|██████▎   | 8725/13956 [02:20<01:20, 65.28it/s]
Benchmarking (colbert_centroid):  63%|██████▎   | 8732/13956 [02:20<01:18, 66.61it/s]
Benchmarking (colbert_centroid):  63%|██████▎   | 8739/13956 [02:20<01:21, 64.09it/s]
Benchmarking (colbert_centroid):  63%|██████▎   | 8746/13956 [02:20<01:21, 64.18it/s]
Benchmarking (colbert_centroid):  63%|██████▎   | 8754/13956 [02:20<01:18, 66.04it/s]
Benchmarking (colbert_centroid):  63%|██████▎   | 8761/13956 [02:20<01:20, 64.75it/s]
Benchmarking (colbert_centroid):  63%|██████▎   | 8768/13956 [02:20<01:23, 62.07it/s]
Benchmarking (colbert_centroid):  63%|██████▎   | 8775/13956 [02:20<01:21, 63.93it/s]
Benchmarking (colbert_centroid):  63%|██████▎   | 8782/13956 [02:20<01:20, 64.63it/s]
Benchmarking (colbert_centroid):  63%|██████▎   | 8789/13956 [02:21<01:20, 64.02it/s]
Benchmarking (colbert_centroid):  63%|██████▎   | 8796/13956 [02:21<01:18, 65.45it/s]
Benchmarking (colbert_centroid):  63%|██████▎   | 8803/13956 [02:21<01:18, 65.35it/s]
Benchmarking (colbert_centroid):  63%|██████▎   | 8810/13956 [02:21<01:18, 65.59it/s]
Benchmarking (colbert_centroid):  63%|██████▎   | 8817/13956 [02:21<01:22, 61.97it/s]
Benchmarking (colbert_centroid):  63%|██████▎   | 8824/13956 [02:21<01:20, 64.04it/s]
Benchmarking (colbert_centroid):  63%|██████▎   | 8831/13956 [02:21<01:20, 63.65it/s]
Benchmarking (colbert_centroid):  63%|██████▎   | 8838/13956 [02:21<01:22, 61.97it/s]
Benchmarking (colbert_centroid):  63%|██████▎   | 8845/13956 [02:21<01:21, 63.05it/s]
Benchmarking (colbert_centroid):  63%|██████▎   | 8852/13956 [02:22<01:19, 63.90it/s]
Benchmarking (colbert_centroid):  63%|██████▎   | 8859/13956 [02:22<01:20, 63.39it/s]
Benchmarking (colbert_centroid):  64%|██████▎   | 8866/13956 [02:22<01:18, 64.65it/s]
Benchmarking (colbert_centroid):  64%|██████▎   | 8873/13956 [02:22<01:21, 62.48it/s]
Benchmarking (colbert_centroid):  64%|██████▎   | 8880/13956 [02:22<01:22, 61.42it/s]
Benchmarking (colbert_centroid):  64%|██████▎   | 8887/13956 [02:22<01:19, 63.60it/s]
Benchmarking (colbert_centroid):  64%|██████▎   | 8894/13956 [02:22<01:19, 64.02it/s]
Benchmarking (colbert_centroid):  64%|██████▍   | 8901/13956 [02:22<01:20, 63.14it/s]
Benchmarking (colbert_centroid):  64%|██████▍   | 8908/13956 [02:22<01:24, 59.58it/s]
Benchmarking (colbert_centroid):  64%|██████▍   | 8915/13956 [02:23<01:22, 61.47it/s]
Benchmarking (colbert_centroid):  64%|██████▍   | 8922/13956 [02:23<01:22, 61.28it/s]
Benchmarking (colbert_centroid):  64%|██████▍   | 8929/13956 [02:23<01:20, 62.42it/s]
Benchmarking (colbert_centroid):  64%|██████▍   | 8936/13956 [02:23<01:20, 62.15it/s]
Benchmarking (colbert_centroid):  64%|██████▍   | 8943/13956 [02:23<01:22, 60.88it/s]
Benchmarking (colbert_centroid):  64%|██████▍   | 8950/13956 [02:23<01:23, 60.22it/s]
Benchmarking (colbert_centroid):  64%|██████▍   | 8957/13956 [02:23<01:21, 61.25it/s]
Benchmarking (colbert_centroid):  64%|██████▍   | 8964/13956 [02:23<01:21, 61.38it/s]
Benchmarking (colbert_centroid):  64%|██████▍   | 8971/13956 [02:23<01:19, 62.71it/s]
Benchmarking (colbert_centroid):  64%|██████▍   | 8978/13956 [02:24<01:18, 63.55it/s]
Benchmarking (colbert_centroid):  64%|██████▍   | 8985/13956 [02:24<01:19, 62.30it/s]
Benchmarking (colbert_centroid):  64%|██████▍   | 8992/13956 [02:24<01:21, 60.76it/s]
Benchmarking (colbert_centroid):  64%|██████▍   | 8999/13956 [02:24<01:22, 60.21it/s]
Benchmarking (colbert_centroid):  65%|██████▍   | 9007/13956 [02:24<01:18, 63.17it/s]
Benchmarking (colbert_centroid):  65%|██████▍   | 9014/13956 [02:24<01:17, 63.54it/s]
Benchmarking (colbert_centroid):  65%|██████▍   | 9021/13956 [02:24<01:15, 65.30it/s]
Benchmarking (colbert_centroid):  65%|██████▍   | 9028/13956 [02:24<01:16, 64.11it/s]
Benchmarking (colbert_centroid):  65%|██████▍   | 9035/13956 [02:24<01:16, 64.06it/s]
Benchmarking (colbert_centroid):  65%|██████▍   | 9042/13956 [02:25<01:20, 61.39it/s]
Benchmarking (colbert_centroid):  65%|██████▍   | 9049/13956 [02:25<01:18, 62.65it/s]
Benchmarking (colbert_centroid):  65%|██████▍   | 9056/13956 [02:25<01:18, 62.81it/s]
Benchmarking (colbert_centroid):  65%|██████▍   | 9063/13956 [02:25<01:19, 61.50it/s]
Benchmarking (colbert_centroid):  65%|██████▍   | 9070/13956 [02:25<01:16, 63.61it/s]
Benchmarking (colbert_centroid):  65%|██████▌   | 9077/13956 [02:25<01:16, 64.13it/s]
Benchmarking (colbert_centroid):  65%|██████▌   | 9084/13956 [02:25<01:16, 63.66it/s]
Benchmarking (colbert_centroid):  65%|██████▌   | 9091/13956 [02:25<01:17, 62.76it/s]
Benchmarking (colbert_centroid):  65%|██████▌   | 9098/13956 [02:25<01:15, 64.64it/s]
Benchmarking (colbert_centroid):  65%|██████▌   | 9105/13956 [02:26<01:17, 62.73it/s]
Benchmarking (colbert_centroid):  65%|██████▌   | 9112/13956 [02:26<01:17, 62.71it/s]
Benchmarking (colbert_centroid):  65%|██████▌   | 9119/13956 [02:26<01:17, 62.51it/s]
Benchmarking (colbert_centroid):  65%|██████▌   | 9126/13956 [02:26<01:14, 64.54it/s]
Benchmarking (colbert_centroid):  65%|██████▌   | 9133/13956 [02:26<01:13, 65.96it/s]
Benchmarking (colbert_centroid):  65%|██████▌   | 9140/13956 [02:26<01:13, 65.91it/s]
Benchmarking (colbert_centroid):  66%|██████▌   | 9147/13956 [02:26<01:12, 66.42it/s]
Benchmarking (colbert_centroid):  66%|██████▌   | 9154/13956 [02:26<01:12, 66.01it/s]
Benchmarking (colbert_centroid):  66%|██████▌   | 9161/13956 [02:26<01:13, 64.93it/s]
Benchmarking (colbert_centroid):  66%|██████▌   | 9168/13956 [02:27<01:14, 63.92it/s]
Benchmarking (colbert_centroid):  66%|██████▌   | 9175/13956 [02:27<01:13, 64.64it/s]
Benchmarking (colbert_centroid):  66%|██████▌   | 9182/13956 [02:27<01:12, 65.69it/s]
Benchmarking (colbert_centroid):  66%|██████▌   | 9189/13956 [02:27<01:14, 64.36it/s]
Benchmarking (colbert_centroid):  66%|██████▌   | 9196/13956 [02:27<01:13, 64.67it/s]
Benchmarking (colbert_centroid):  66%|██████▌   | 9203/13956 [02:27<01:14, 63.89it/s]
Benchmarking (colbert_centroid):  66%|██████▌   | 9210/13956 [02:27<01:16, 61.93it/s]
Benchmarking (colbert_centroid):  66%|██████▌   | 9217/13956 [02:27<01:18, 60.24it/s]
Benchmarking (colbert_centroid):  66%|██████▌   | 9224/13956 [02:27<01:20, 58.82it/s]
Benchmarking (colbert_centroid):  66%|██████▌   | 9230/13956 [02:28<01:21, 58.22it/s]
Benchmarking (colbert_centroid):  66%|██████▌   | 9237/13956 [02:28<01:18, 60.33it/s]
Benchmarking (colbert_centroid):  66%|██████▌   | 9244/13956 [02:28<01:16, 61.92it/s]
Benchmarking (colbert_centroid):  66%|██████▋   | 9252/13956 [02:28<01:12, 64.54it/s]
Benchmarking (colbert_centroid):  66%|██████▋   | 9259/13956 [02:28<01:12, 65.08it/s]
Benchmarking (colbert_centroid):  66%|██████▋   | 9266/13956 [02:28<01:13, 63.98it/s]
Benchmarking (colbert_centroid):  66%|██████▋   | 9273/13956 [02:28<01:14, 63.21it/s]
Benchmarking (colbert_centroid):  66%|██████▋   | 9280/13956 [02:28<01:11, 64.98it/s]
Benchmarking (colbert_centroid):  67%|██████▋   | 9287/13956 [02:28<01:15, 62.03it/s]
Benchmarking (colbert_centroid):  67%|██████▋   | 9294/13956 [02:29<01:15, 62.11it/s]
Benchmarking (colbert_centroid):  67%|██████▋   | 9301/13956 [02:29<01:16, 61.08it/s]
Benchmarking (colbert_centroid):  67%|██████▋   | 9308/13956 [02:29<01:14, 62.46it/s]
Benchmarking (colbert_centroid):  67%|██████▋   | 9315/13956 [02:29<01:14, 62.54it/s]
Benchmarking (colbert_centroid):  67%|██████▋   | 9322/13956 [02:29<01:13, 62.97it/s]
Benchmarking (colbert_centroid):  67%|██████▋   | 9329/13956 [02:29<01:12, 63.59it/s]
Benchmarking (colbert_centroid):  67%|██████▋   | 9336/13956 [02:29<01:14, 62.32it/s]
Benchmarking (colbert_centroid):  67%|██████▋   | 9343/13956 [02:29<01:16, 60.60it/s]
Benchmarking (colbert_centroid):  67%|██████▋   | 9350/13956 [02:29<01:14, 61.47it/s]
Benchmarking (colbert_centroid):  67%|██████▋   | 9357/13956 [02:30<01:14, 61.58it/s]
Benchmarking (colbert_centroid):  67%|██████▋   | 9364/13956 [02:30<01:15, 60.88it/s]
Benchmarking (colbert_centroid):  67%|██████▋   | 9371/13956 [02:30<01:15, 61.12it/s]
Benchmarking (colbert_centroid):  67%|██████▋   | 9379/13956 [02:30<01:11, 63.85it/s]
Benchmarking (colbert_centroid):  67%|██████▋   | 9386/13956 [02:30<01:11, 63.63it/s]
Benchmarking (colbert_centroid):  67%|██████▋   | 9393/13956 [02:30<01:10, 64.75it/s]
Benchmarking (colbert_centroid):  67%|██████▋   | 9400/13956 [02:30<01:11, 63.34it/s]
Benchmarking (colbert_centroid):  67%|██████▋   | 9407/13956 [02:30<01:12, 62.90it/s]
Benchmarking (colbert_centroid):  67%|██████▋   | 9414/13956 [02:30<01:12, 63.06it/s]
Benchmarking (colbert_centroid):  68%|██████▊   | 9421/13956 [02:31<01:11, 63.70it/s]
Benchmarking (colbert_centroid):  68%|██████▊   | 9428/13956 [02:31<01:09, 64.97it/s]
Benchmarking (colbert_centroid):  68%|██████▊   | 9435/13956 [02:31<01:11, 62.94it/s]
Benchmarking (colbert_centroid):  68%|██████▊   | 9442/13956 [02:31<01:10, 63.70it/s]
Benchmarking (colbert_centroid):  68%|██████▊   | 9449/13956 [02:31<01:12, 61.93it/s]
Benchmarking (colbert_centroid):  68%|██████▊   | 9456/13956 [02:31<01:15, 59.74it/s]
Benchmarking (colbert_centroid):  68%|██████▊   | 9463/13956 [02:31<01:15, 59.53it/s]
Benchmarking (colbert_centroid):  68%|██████▊   | 9470/13956 [02:31<01:12, 61.83it/s]
Benchmarking (colbert_centroid):  68%|██████▊   | 9477/13956 [02:31<01:11, 63.00it/s]
Benchmarking (colbert_centroid):  68%|██████▊   | 9484/13956 [02:32<01:12, 61.61it/s]
Benchmarking (colbert_centroid):  68%|██████▊   | 9491/13956 [02:32<01:11, 62.34it/s]
Benchmarking (colbert_centroid):  68%|██████▊   | 9498/13956 [02:32<01:10, 63.46it/s]
Benchmarking (colbert_centroid):  68%|██████▊   | 9505/13956 [02:32<01:12, 61.14it/s]
Benchmarking (colbert_centroid):  68%|██████▊   | 9512/13956 [02:32<01:12, 61.09it/s]
Benchmarking (colbert_centroid):  68%|██████▊   | 9519/13956 [02:32<01:11, 62.16it/s]
Benchmarking (colbert_centroid):  68%|██████▊   | 9526/13956 [02:32<01:11, 61.66it/s]
Benchmarking (colbert_centroid):  68%|██████▊   | 9533/13956 [02:32<01:10, 62.62it/s]
Benchmarking (colbert_centroid):  68%|██████▊   | 9540/13956 [02:32<01:08, 64.61it/s]
Benchmarking (colbert_centroid):  68%|██████▊   | 9547/13956 [02:33<01:07, 64.92it/s]
Benchmarking (colbert_centroid):  68%|██████▊   | 9554/13956 [02:33<01:08, 64.14it/s]
Benchmarking (colbert_centroid):  69%|██████▊   | 9561/13956 [02:33<01:08, 64.15it/s]
Benchmarking (colbert_centroid):  69%|██████▊   | 9568/13956 [02:33<01:07, 64.60it/s]
Benchmarking (colbert_centroid):  69%|██████▊   | 9575/13956 [02:33<01:08, 64.01it/s]
Benchmarking (colbert_centroid):  69%|██████▊   | 9582/13956 [02:33<01:09, 63.29it/s]
Benchmarking (colbert_centroid):  69%|██████▊   | 9589/13956 [02:33<01:08, 64.05it/s]
Benchmarking (colbert_centroid):  69%|██████▉   | 9596/13956 [02:33<01:11, 61.15it/s]
Benchmarking (colbert_centroid):  69%|██████▉   | 9603/13956 [02:34<01:10, 61.43it/s]
Benchmarking (colbert_centroid):  69%|██████▉   | 9610/13956 [02:34<01:11, 60.72it/s]
Benchmarking (colbert_centroid):  69%|██████▉   | 9617/13956 [02:34<01:09, 62.15it/s]
Benchmarking (colbert_centroid):  69%|██████▉   | 9624/13956 [02:34<01:10, 61.80it/s]
Benchmarking (colbert_centroid):  69%|██████▉   | 9631/13956 [02:34<01:08, 62.82it/s]
Benchmarking (colbert_centroid):  69%|██████▉   | 9638/13956 [02:34<01:08, 62.74it/s]
Benchmarking (colbert_centroid):  69%|██████▉   | 9645/13956 [02:34<01:07, 63.76it/s]
Benchmarking (colbert_centroid):  69%|██████▉   | 9652/13956 [02:34<01:08, 62.84it/s]
Benchmarking (colbert_centroid):  69%|██████▉   | 9659/13956 [02:34<01:07, 63.62it/s]
Benchmarking (colbert_centroid):  69%|██████▉   | 9666/13956 [02:35<01:07, 63.11it/s]
Benchmarking (colbert_centroid):  69%|██████▉   | 9673/13956 [02:35<01:07, 63.68it/s]
Benchmarking (colbert_centroid):  69%|██████▉   | 9680/13956 [02:35<01:06, 64.43it/s]
Benchmarking (colbert_centroid):  69%|██████▉   | 9687/13956 [02:35<01:06, 64.47it/s]
Benchmarking (colbert_centroid):  69%|██████▉   | 9694/13956 [02:35<01:05, 64.89it/s]
Benchmarking (colbert_centroid):  70%|██████▉   | 9701/13956 [02:35<01:06, 64.16it/s]
Benchmarking (colbert_centroid):  70%|██████▉   | 9708/13956 [02:35<01:06, 63.41it/s]
Benchmarking (colbert_centroid):  70%|██████▉   | 9715/13956 [02:35<01:07, 63.02it/s]
Benchmarking (colbert_centroid):  70%|██████▉   | 9723/13956 [02:35<01:06, 64.14it/s]
Benchmarking (colbert_centroid):  70%|██████▉   | 9730/13956 [02:36<01:06, 63.39it/s]
Benchmarking (colbert_centroid):  70%|██████▉   | 9737/13956 [02:36<01:06, 63.89it/s]
Benchmarking (colbert_centroid):  70%|██████▉   | 9744/13956 [02:36<01:06, 63.59it/s]
Benchmarking (colbert_centroid):  70%|██████▉   | 9751/13956 [02:36<01:07, 62.14it/s]
Benchmarking (colbert_centroid):  70%|██████▉   | 9758/13956 [02:36<01:07, 62.05it/s]
Benchmarking (colbert_centroid):  70%|██████▉   | 9765/13956 [02:36<01:08, 61.06it/s]
Benchmarking (colbert_centroid):  70%|███████   | 9772/13956 [02:36<01:07, 61.67it/s]
Benchmarking (colbert_centroid):  70%|███████   | 9779/13956 [02:36<01:09, 60.25it/s]
Benchmarking (colbert_centroid):  70%|███████   | 9786/13956 [02:36<01:08, 60.70it/s]
Benchmarking (colbert_centroid):  70%|███████   | 9793/13956 [02:37<01:05, 63.11it/s]
Benchmarking (colbert_centroid):  70%|███████   | 9800/13956 [02:37<01:05, 63.59it/s]
Benchmarking (colbert_centroid):  70%|███████   | 9807/13956 [02:37<01:07, 61.19it/s]
Benchmarking (colbert_centroid):  70%|███████   | 9814/13956 [02:37<01:08, 60.65it/s]
Benchmarking (colbert_centroid):  70%|███████   | 9821/13956 [02:37<01:09, 59.46it/s]
Benchmarking (colbert_centroid):  70%|███████   | 9828/13956 [02:37<01:08, 60.26it/s]
Benchmarking (colbert_centroid):  70%|███████   | 9835/13956 [02:37<01:08, 60.01it/s]
Benchmarking (colbert_centroid):  71%|███████   | 9842/13956 [02:37<01:06, 61.68it/s]
Benchmarking (colbert_centroid):  71%|███████   | 9849/13956 [02:37<01:05, 62.89it/s]
Benchmarking (colbert_centroid):  71%|███████   | 9856/13956 [02:38<01:03, 64.70it/s]
Benchmarking (colbert_centroid):  71%|███████   | 9863/13956 [02:38<01:02, 65.72it/s]
Benchmarking (colbert_centroid):  71%|███████   | 9870/13956 [02:38<01:03, 64.29it/s]
Benchmarking (colbert_centroid):  71%|███████   | 9877/13956 [02:38<01:03, 64.70it/s]
Benchmarking (colbert_centroid):  71%|███████   | 9884/13956 [02:38<01:03, 64.14it/s]
Benchmarking (colbert_centroid):  71%|███████   | 9891/13956 [02:38<01:02, 64.59it/s]
Benchmarking (colbert_centroid):  71%|███████   | 9898/13956 [02:38<01:04, 63.27it/s]
Benchmarking (colbert_centroid):  71%|███████   | 9905/13956 [02:38<01:02, 64.69it/s]
Benchmarking (colbert_centroid):  71%|███████   | 9912/13956 [02:38<01:01, 65.39it/s]
Benchmarking (colbert_centroid):  71%|███████   | 9919/13956 [02:39<01:01, 65.53it/s]
Benchmarking (colbert_centroid):  71%|███████   | 9926/13956 [02:39<01:02, 64.39it/s]
Benchmarking (colbert_centroid):  71%|███████   | 9933/13956 [02:39<01:01, 65.68it/s]
Benchmarking (colbert_centroid):  71%|███████   | 9941/13956 [02:39<00:59, 67.02it/s]
Benchmarking (colbert_centroid):  71%|███████▏  | 9948/13956 [02:39<00:59, 67.62it/s]
Benchmarking (colbert_centroid):  71%|███████▏  | 9955/13956 [02:39<00:59, 67.65it/s]
Benchmarking (colbert_centroid):  71%|███████▏  | 9962/13956 [02:39<00:59, 67.21it/s]
Benchmarking (colbert_centroid):  71%|███████▏  | 9969/13956 [02:39<00:58, 67.77it/s]
Benchmarking (colbert_centroid):  71%|███████▏  | 9976/13956 [02:39<01:01, 64.64it/s]
Benchmarking (colbert_centroid):  72%|███████▏  | 9983/13956 [02:39<01:01, 65.03it/s]
Benchmarking (colbert_centroid):  72%|███████▏  | 9990/13956 [02:40<01:03, 62.11it/s]
Benchmarking (colbert_centroid):  72%|███████▏  | 9997/13956 [02:40<01:01, 64.00it/s]
Benchmarking (colbert_centroid):  72%|███████▏  | 10005/13956 [02:40<01:00, 64.88it/s]
Benchmarking (colbert_centroid):  72%|███████▏  | 10012/13956 [02:40<01:01, 64.21it/s]
Benchmarking (colbert_centroid):  72%|███████▏  | 10020/13956 [02:40<00:59, 66.06it/s]
Benchmarking (colbert_centroid):  72%|███████▏  | 10027/13956 [02:40<00:58, 66.78it/s]
Benchmarking (colbert_centroid):  72%|███████▏  | 10034/13956 [02:40<01:00, 65.32it/s]
Benchmarking (colbert_centroid):  72%|███████▏  | 10041/13956 [02:40<01:01, 63.97it/s]
Benchmarking (colbert_centroid):  72%|███████▏  | 10048/13956 [02:40<01:02, 62.52it/s]
Benchmarking (colbert_centroid):  72%|███████▏  | 10055/13956 [02:41<01:01, 63.12it/s]
Benchmarking (colbert_centroid):  72%|███████▏  | 10062/13956 [02:41<01:01, 63.68it/s]
Benchmarking (colbert_centroid):  72%|███████▏  | 10069/13956 [02:41<00:59, 65.15it/s]
Benchmarking (colbert_centroid):  72%|███████▏  | 10076/13956 [02:41<01:02, 62.28it/s]
Benchmarking (colbert_centroid):  72%|███████▏  | 10083/13956 [02:41<01:01, 63.14it/s]
Benchmarking (colbert_centroid):  72%|███████▏  | 10090/13956 [02:41<01:03, 61.00it/s]
Benchmarking (colbert_centroid):  72%|███████▏  | 10097/13956 [02:41<01:04, 59.73it/s]
Benchmarking (colbert_centroid):  72%|███████▏  | 10104/13956 [02:41<01:03, 60.98it/s]
Benchmarking (colbert_centroid):  72%|███████▏  | 10111/13956 [02:42<01:01, 62.90it/s]
Benchmarking (colbert_centroid):  72%|███████▏  | 10118/13956 [02:42<01:01, 62.71it/s]
Benchmarking (colbert_centroid):  73%|███████▎  | 10125/13956 [02:42<01:01, 62.42it/s]
Benchmarking (colbert_centroid):  73%|███████▎  | 10132/13956 [02:42<00:59, 64.28it/s]
Benchmarking (colbert_centroid):  73%|███████▎  | 10139/13956 [02:42<00:59, 64.57it/s]
Benchmarking (colbert_centroid):  73%|███████▎  | 10146/13956 [02:42<00:57, 65.94it/s]
Benchmarking (colbert_centroid):  73%|███████▎  | 10153/13956 [02:42<00:58, 64.60it/s]
Benchmarking (colbert_centroid):  73%|███████▎  | 10160/13956 [02:42<01:02, 60.81it/s]
Benchmarking (colbert_centroid):  73%|███████▎  | 10167/13956 [02:42<01:00, 62.88it/s]
Benchmarking (colbert_centroid):  73%|███████▎  | 10174/13956 [02:42<00:59, 64.07it/s]
Benchmarking (colbert_centroid):  73%|███████▎  | 10181/13956 [02:43<00:58, 63.99it/s]
Benchmarking (colbert_centroid):  73%|███████▎  | 10188/13956 [02:43<00:59, 63.56it/s]
Benchmarking (colbert_centroid):  73%|███████▎  | 10195/13956 [02:43<00:59, 62.98it/s]
Benchmarking (colbert_centroid):  73%|███████▎  | 10202/13956 [02:43<01:01, 61.08it/s]
Benchmarking (colbert_centroid):  73%|███████▎  | 10209/13956 [02:43<01:01, 60.59it/s]
Benchmarking (colbert_centroid):  73%|███████▎  | 10216/13956 [02:43<01:00, 62.23it/s]
Benchmarking (colbert_centroid):  73%|███████▎  | 10223/13956 [02:43<00:58, 63.28it/s]
Benchmarking (colbert_centroid):  73%|███████▎  | 10230/13956 [02:43<01:00, 62.05it/s]
Benchmarking (colbert_centroid):  73%|███████▎  | 10237/13956 [02:43<00:58, 63.06it/s]
Benchmarking (colbert_centroid):  73%|███████▎  | 10244/13956 [02:44<00:58, 63.50it/s]
Benchmarking (colbert_centroid):  73%|███████▎  | 10251/13956 [02:44<00:59, 62.01it/s]
Benchmarking (colbert_centroid):  74%|███████▎  | 10258/13956 [02:44<00:59, 61.80it/s]
Benchmarking (colbert_centroid):  74%|███████▎  | 10265/13956 [02:44<00:58, 62.60it/s]
Benchmarking (colbert_centroid):  74%|███████▎  | 10272/13956 [02:44<00:58, 62.47it/s]
Benchmarking (colbert_centroid):  74%|███████▎  | 10280/13956 [02:44<00:56, 64.79it/s]
Benchmarking (colbert_centroid):  74%|███████▎  | 10287/13956 [02:44<00:57, 63.92it/s]
Benchmarking (colbert_centroid):  74%|███████▍  | 10294/13956 [02:44<00:58, 62.37it/s]
Benchmarking (colbert_centroid):  74%|███████▍  | 10301/13956 [02:45<00:59, 61.20it/s]
Benchmarking (colbert_centroid):  74%|███████▍  | 10308/13956 [02:45<00:58, 62.41it/s]
Benchmarking (colbert_centroid):  74%|███████▍  | 10315/13956 [02:45<00:57, 62.90it/s]
Benchmarking (colbert_centroid):  74%|███████▍  | 10322/13956 [02:45<00:59, 60.66it/s]
Benchmarking (colbert_centroid):  74%|███████▍  | 10329/13956 [02:45<01:00, 59.87it/s]
Benchmarking (colbert_centroid):  74%|███████▍  | 10336/13956 [02:45<00:58, 62.20it/s]
Benchmarking (colbert_centroid):  74%|███████▍  | 10343/13956 [02:45<00:57, 63.28it/s]
Benchmarking (colbert_centroid):  74%|███████▍  | 10350/13956 [02:45<00:58, 61.84it/s]
Benchmarking (colbert_centroid):  74%|███████▍  | 10357/13956 [02:45<00:58, 61.34it/s]
Benchmarking (colbert_centroid):  74%|███████▍  | 10364/13956 [02:46<00:57, 61.98it/s]
Benchmarking (colbert_centroid):  74%|███████▍  | 10371/13956 [02:46<00:58, 61.75it/s]
Benchmarking (colbert_centroid):  74%|███████▍  | 10378/13956 [02:46<00:57, 62.54it/s]
Benchmarking (colbert_centroid):  74%|███████▍  | 10385/13956 [02:46<00:56, 63.25it/s]
Benchmarking (colbert_centroid):  74%|███████▍  | 10392/13956 [02:46<00:55, 63.92it/s]
Benchmarking (colbert_centroid):  75%|███████▍  | 10399/13956 [02:46<00:56, 63.43it/s]
Benchmarking (colbert_centroid):  75%|███████▍  | 10406/13956 [02:46<00:58, 60.61it/s]
Benchmarking (colbert_centroid):  75%|███████▍  | 10413/13956 [02:46<00:58, 60.73it/s]
Benchmarking (colbert_centroid):  75%|███████▍  | 10420/13956 [02:46<00:57, 61.65it/s]
Benchmarking (colbert_centroid):  75%|███████▍  | 10427/13956 [02:47<00:57, 61.61it/s]
Benchmarking (colbert_centroid):  75%|███████▍  | 10434/13956 [02:47<00:56, 62.88it/s]
Benchmarking (colbert_centroid):  75%|███████▍  | 10441/13956 [02:47<00:55, 62.82it/s]
Benchmarking (colbert_centroid):  75%|███████▍  | 10448/13956 [02:47<00:55, 62.82it/s]
Benchmarking (colbert_centroid):  75%|███████▍  | 10455/13956 [02:47<00:54, 63.77it/s]
Benchmarking (colbert_centroid):  75%|███████▍  | 10462/13956 [02:47<00:55, 62.69it/s]
Benchmarking (colbert_centroid):  75%|███████▌  | 10469/13956 [02:47<00:55, 62.55it/s]
Benchmarking (colbert_centroid):  75%|███████▌  | 10476/13956 [02:47<00:54, 63.54it/s]
Benchmarking (colbert_centroid):  75%|███████▌  | 10483/13956 [02:47<00:54, 63.95it/s]
Benchmarking (colbert_centroid):  75%|███████▌  | 10490/13956 [02:48<00:54, 63.49it/s]
Benchmarking (colbert_centroid):  75%|███████▌  | 10497/13956 [02:48<00:54, 64.04it/s]
Benchmarking (colbert_centroid):  75%|███████▌  | 10504/13956 [02:48<00:53, 64.57it/s]
Benchmarking (colbert_centroid):  75%|███████▌  | 10511/13956 [02:48<00:55, 62.52it/s]
Benchmarking (colbert_centroid):  75%|███████▌  | 10518/13956 [02:48<00:55, 61.75it/s]
Benchmarking (colbert_centroid):  75%|███████▌  | 10525/13956 [02:48<00:53, 63.70it/s]
Benchmarking (colbert_centroid):  75%|███████▌  | 10532/13956 [02:48<00:52, 65.39it/s]
Benchmarking (colbert_centroid):  76%|███████▌  | 10539/13956 [02:48<00:53, 63.39it/s]
Benchmarking (colbert_centroid):  76%|███████▌  | 10546/13956 [02:48<00:54, 63.06it/s]
Benchmarking (colbert_centroid):  76%|███████▌  | 10553/13956 [02:49<00:53, 63.79it/s]
Benchmarking (colbert_centroid):  76%|███████▌  | 10560/13956 [02:49<00:53, 63.82it/s]
Benchmarking (colbert_centroid):  76%|███████▌  | 10567/13956 [02:49<00:54, 62.34it/s]
Benchmarking (colbert_centroid):  76%|███████▌  | 10574/13956 [02:49<00:54, 62.21it/s]
Benchmarking (colbert_centroid):  76%|███████▌  | 10581/13956 [02:49<00:53, 62.75it/s]
Benchmarking (colbert_centroid):  76%|███████▌  | 10588/13956 [02:49<00:54, 62.07it/s]
Benchmarking (colbert_centroid):  76%|███████▌  | 10595/13956 [02:49<00:53, 62.40it/s]
Benchmarking (colbert_centroid):  76%|███████▌  | 10602/13956 [02:49<00:55, 60.45it/s]
Benchmarking (colbert_centroid):  76%|███████▌  | 10609/13956 [02:49<00:55, 60.82it/s]
Benchmarking (colbert_centroid):  76%|███████▌  | 10616/13956 [02:50<00:55, 60.72it/s]
Benchmarking (colbert_centroid):  76%|███████▌  | 10623/13956 [02:50<00:53, 62.14it/s]
Benchmarking (colbert_centroid):  76%|███████▌  | 10630/13956 [02:50<00:53, 62.61it/s]
Benchmarking (colbert_centroid):  76%|███████▌  | 10637/13956 [02:50<00:52, 63.33it/s]
Benchmarking (colbert_centroid):  76%|███████▋  | 10644/13956 [02:50<00:53, 61.89it/s]
Benchmarking (colbert_centroid):  76%|███████▋  | 10651/13956 [02:50<00:53, 61.74it/s]
Benchmarking (colbert_centroid):  76%|███████▋  | 10658/13956 [02:50<00:53, 61.77it/s]
Benchmarking (colbert_centroid):  76%|███████▋  | 10665/13956 [02:50<00:51, 63.81it/s]
Benchmarking (colbert_centroid):  76%|███████▋  | 10672/13956 [02:50<00:52, 62.78it/s]
Benchmarking (colbert_centroid):  77%|███████▋  | 10679/13956 [02:51<00:51, 63.39it/s]
Benchmarking (colbert_centroid):  77%|███████▋  | 10686/13956 [02:51<00:52, 62.74it/s]
Benchmarking (colbert_centroid):  77%|███████▋  | 10693/13956 [02:51<00:50, 64.70it/s]
Benchmarking (colbert_centroid):  77%|███████▋  | 10700/13956 [02:51<00:50, 64.88it/s]
Benchmarking (colbert_centroid):  77%|███████▋  | 10707/13956 [02:51<00:51, 63.12it/s]
Benchmarking (colbert_centroid):  77%|███████▋  | 10714/13956 [02:51<00:51, 63.12it/s]
Benchmarking (colbert_centroid):  77%|███████▋  | 10721/13956 [02:51<00:51, 63.28it/s]
Benchmarking (colbert_centroid):  77%|███████▋  | 10728/13956 [02:51<00:52, 61.01it/s]
Benchmarking (colbert_centroid):  77%|███████▋  | 10735/13956 [02:51<00:50, 63.34it/s]
Benchmarking (colbert_centroid):  77%|███████▋  | 10742/13956 [02:52<00:51, 62.58it/s]
Benchmarking (colbert_centroid):  77%|███████▋  | 10749/13956 [02:52<00:52, 61.43it/s]
Benchmarking (colbert_centroid):  77%|███████▋  | 10756/13956 [02:52<00:53, 60.09it/s]
Benchmarking (colbert_centroid):  77%|███████▋  | 10763/13956 [02:52<00:50, 62.63it/s]
Benchmarking (colbert_centroid):  77%|███████▋  | 10770/13956 [02:52<00:51, 61.94it/s]
Benchmarking (colbert_centroid):  77%|███████▋  | 10777/13956 [02:52<00:51, 61.67it/s]
Benchmarking (colbert_centroid):  77%|███████▋  | 10784/13956 [02:52<00:51, 61.98it/s]
Benchmarking (colbert_centroid):  77%|███████▋  | 10791/13956 [02:52<00:50, 62.84it/s]
Benchmarking (colbert_centroid):  77%|███████▋  | 10798/13956 [02:52<00:49, 63.74it/s]
Benchmarking (colbert_centroid):  77%|███████▋  | 10805/13956 [02:53<00:51, 61.75it/s]
Benchmarking (colbert_centroid):  77%|███████▋  | 10812/13956 [02:53<00:51, 61.21it/s]
Benchmarking (colbert_centroid):  78%|███████▊  | 10819/13956 [02:53<00:50, 61.94it/s]
Benchmarking (colbert_centroid):  78%|███████▊  | 10826/13956 [02:53<00:51, 60.90it/s]
Benchmarking (colbert_centroid):  78%|███████▊  | 10833/13956 [02:53<00:51, 60.26it/s]
Benchmarking (colbert_centroid):  78%|███████▊  | 10840/13956 [02:53<00:52, 59.37it/s]
Benchmarking (colbert_centroid):  78%|███████▊  | 10847/13956 [02:53<00:50, 61.20it/s]
Benchmarking (colbert_centroid):  78%|███████▊  | 10854/13956 [02:53<00:51, 60.15it/s]
Benchmarking (colbert_centroid):  78%|███████▊  | 10861/13956 [02:54<00:51, 59.54it/s]
Benchmarking (colbert_centroid):  78%|███████▊  | 10868/13956 [02:54<00:49, 62.14it/s]
Benchmarking (colbert_centroid):  78%|███████▊  | 10875/13956 [02:54<00:49, 62.16it/s]
Benchmarking (colbert_centroid):  78%|███████▊  | 10882/13956 [02:54<00:50, 61.26it/s]
Benchmarking (colbert_centroid):  78%|███████▊  | 10889/13956 [02:54<00:49, 62.32it/s]
Benchmarking (colbert_centroid):  78%|███████▊  | 10896/13956 [02:54<00:48, 63.29it/s]
Benchmarking (colbert_centroid):  78%|███████▊  | 10903/13956 [02:54<00:50, 60.94it/s]
Benchmarking (colbert_centroid):  78%|███████▊  | 10910/13956 [02:54<00:49, 61.20it/s]
Benchmarking (colbert_centroid):  78%|███████▊  | 10917/13956 [02:54<00:50, 59.89it/s]
Benchmarking (colbert_centroid):  78%|███████▊  | 10924/13956 [02:55<00:50, 60.57it/s]
Benchmarking (colbert_centroid):  78%|███████▊  | 10931/13956 [02:55<00:48, 62.76it/s]
Benchmarking (colbert_centroid):  78%|███████▊  | 10938/13956 [02:55<00:49, 61.29it/s]
Benchmarking (colbert_centroid):  78%|███████▊  | 10945/13956 [02:55<00:48, 61.59it/s]
Benchmarking (colbert_centroid):  78%|███████▊  | 10952/13956 [02:55<00:48, 61.45it/s]
Benchmarking (colbert_centroid):  79%|███████▊  | 10959/13956 [02:55<00:48, 61.75it/s]
Benchmarking (colbert_centroid):  79%|███████▊  | 10966/13956 [02:55<00:48, 61.77it/s]
Benchmarking (colbert_centroid):  79%|███████▊  | 10973/13956 [02:55<00:46, 63.80it/s]
Benchmarking (colbert_centroid):  79%|███████▊  | 10980/13956 [02:55<00:46, 63.48it/s]
Benchmarking (colbert_centroid):  79%|███████▊  | 10987/13956 [02:56<00:47, 62.83it/s]
Benchmarking (colbert_centroid):  79%|███████▉  | 10994/13956 [02:56<00:48, 61.65it/s]
Benchmarking (colbert_centroid):  79%|███████▉  | 11001/13956 [02:56<00:47, 61.80it/s]
Benchmarking (colbert_centroid):  79%|███████▉  | 11008/13956 [02:56<00:47, 62.48it/s]
Benchmarking (colbert_centroid):  79%|███████▉  | 11015/13956 [02:56<00:46, 63.14it/s]
Benchmarking (colbert_centroid):  79%|███████▉  | 11022/13956 [02:56<00:48, 60.66it/s]
Benchmarking (colbert_centroid):  79%|███████▉  | 11029/13956 [02:56<00:47, 61.13it/s]
Benchmarking (colbert_centroid):  79%|███████▉  | 11036/13956 [02:56<00:49, 59.53it/s]
Benchmarking (colbert_centroid):  79%|███████▉  | 11042/13956 [02:56<00:49, 58.79it/s]
Benchmarking (colbert_centroid):  79%|███████▉  | 11049/13956 [02:57<00:48, 60.52it/s]
Benchmarking (colbert_centroid):  79%|███████▉  | 11056/13956 [02:57<00:45, 63.14it/s]
Benchmarking (colbert_centroid):  79%|███████▉  | 11063/13956 [02:57<00:46, 62.80it/s]
Benchmarking (colbert_centroid):  79%|███████▉  | 11070/13956 [02:57<00:45, 63.51it/s]
Benchmarking (colbert_centroid):  79%|███████▉  | 11077/13956 [02:57<00:47, 60.58it/s]
Benchmarking (colbert_centroid):  79%|███████▉  | 11084/13956 [02:57<00:47, 60.00it/s]
Benchmarking (colbert_centroid):  79%|███████▉  | 11091/13956 [02:57<00:47, 60.92it/s]
Benchmarking (colbert_centroid):  80%|███████▉  | 11098/13956 [02:57<00:46, 61.64it/s]
Benchmarking (colbert_centroid):  80%|███████▉  | 11105/13956 [02:57<00:46, 61.69it/s]
Benchmarking (colbert_centroid):  80%|███████▉  | 11112/13956 [02:58<00:45, 62.71it/s]
Benchmarking (colbert_centroid):  80%|███████▉  | 11119/13956 [02:58<00:44, 63.58it/s]
Benchmarking (colbert_centroid):  80%|███████▉  | 11126/13956 [02:58<00:44, 63.80it/s]
Benchmarking (colbert_centroid):  80%|███████▉  | 11133/13956 [02:58<00:43, 64.41it/s]
Benchmarking (colbert_centroid):  80%|███████▉  | 11140/13956 [02:58<00:44, 62.71it/s]
Benchmarking (colbert_centroid):  80%|███████▉  | 11147/13956 [02:58<00:46, 60.75it/s]
Benchmarking (colbert_centroid):  80%|███████▉  | 11154/13956 [02:58<00:47, 59.24it/s]
Benchmarking (colbert_centroid):  80%|███████▉  | 11161/13956 [02:58<00:46, 59.86it/s]
Benchmarking (colbert_centroid):  80%|████████  | 11168/13956 [02:58<00:46, 60.47it/s]
Benchmarking (colbert_centroid):  80%|████████  | 11175/13956 [02:59<00:45, 60.91it/s]
Benchmarking (colbert_centroid):  80%|████████  | 11182/13956 [02:59<00:46, 60.20it/s]
Benchmarking (colbert_centroid):  80%|████████  | 11189/13956 [02:59<00:45, 60.83it/s]
Benchmarking (colbert_centroid):  80%|████████  | 11196/13956 [02:59<00:44, 62.14it/s]
Benchmarking (colbert_centroid):  80%|████████  | 11203/13956 [02:59<00:43, 63.17it/s]
Benchmarking (colbert_centroid):  80%|████████  | 11210/13956 [02:59<00:45, 61.02it/s]
Benchmarking (colbert_centroid):  80%|████████  | 11217/13956 [02:59<00:44, 62.02it/s]
Benchmarking (colbert_centroid):  80%|████████  | 11224/13956 [02:59<00:44, 61.63it/s]
Benchmarking (colbert_centroid):  80%|████████  | 11231/13956 [03:00<00:43, 62.56it/s]
Benchmarking (colbert_centroid):  81%|████████  | 11238/13956 [03:00<00:45, 60.20it/s]
Benchmarking (colbert_centroid):  81%|████████  | 11245/13956 [03:00<00:45, 59.87it/s]
Benchmarking (colbert_centroid):  81%|████████  | 11252/13956 [03:00<00:45, 59.67it/s]
Benchmarking (colbert_centroid):  81%|████████  | 11259/13956 [03:00<00:43, 61.41it/s]
Benchmarking (colbert_centroid):  81%|████████  | 11266/13956 [03:00<00:44, 60.80it/s]
Benchmarking (colbert_centroid):  81%|████████  | 11273/13956 [03:00<00:43, 62.18it/s]
Benchmarking (colbert_centroid):  81%|████████  | 11280/13956 [03:00<00:44, 60.78it/s]
Benchmarking (colbert_centroid):  81%|████████  | 11287/13956 [03:00<00:43, 61.24it/s]
Benchmarking (colbert_centroid):  81%|████████  | 11294/13956 [03:01<00:43, 61.58it/s]
Benchmarking (colbert_centroid):  81%|████████  | 11301/13956 [03:01<00:43, 61.67it/s]
Benchmarking (colbert_centroid):  81%|████████  | 11308/13956 [03:01<00:43, 61.53it/s]
Benchmarking (colbert_centroid):  81%|████████  | 11315/13956 [03:01<00:44, 59.54it/s]
Benchmarking (colbert_centroid):  81%|████████  | 11322/13956 [03:01<00:43, 60.52it/s]
Benchmarking (colbert_centroid):  81%|████████  | 11329/13956 [03:01<00:43, 60.77it/s]
Benchmarking (colbert_centroid):  81%|████████  | 11336/13956 [03:01<00:41, 63.03it/s]
Benchmarking (colbert_centroid):  81%|████████▏ | 11343/13956 [03:01<00:41, 63.28it/s]
Benchmarking (colbert_centroid):  81%|████████▏ | 11350/13956 [03:01<00:41, 62.79it/s]
Benchmarking (colbert_centroid):  81%|████████▏ | 11357/13956 [03:02<00:41, 62.42it/s]
Benchmarking (colbert_centroid):  81%|████████▏ | 11364/13956 [03:02<00:40, 63.39it/s]
Benchmarking (colbert_centroid):  81%|████████▏ | 11371/13956 [03:02<00:40, 63.08it/s]
Benchmarking (colbert_centroid):  82%|████████▏ | 11378/13956 [03:02<00:42, 60.83it/s]
Benchmarking (colbert_centroid):  82%|████████▏ | 11385/13956 [03:02<00:41, 62.36it/s]
Benchmarking (colbert_centroid):  82%|████████▏ | 11392/13956 [03:02<00:40, 62.88it/s]
Benchmarking (colbert_centroid):  82%|████████▏ | 11399/13956 [03:02<00:41, 61.26it/s]
Benchmarking (colbert_centroid):  82%|████████▏ | 11406/13956 [03:02<00:43, 59.13it/s]
Benchmarking (colbert_centroid):  82%|████████▏ | 11413/13956 [03:02<00:42, 59.92it/s]
Benchmarking (colbert_centroid):  82%|████████▏ | 11420/13956 [03:03<00:41, 60.74it/s]
Benchmarking (colbert_centroid):  82%|████████▏ | 11428/13956 [03:03<00:39, 63.56it/s]
Benchmarking (colbert_centroid):  82%|████████▏ | 11435/13956 [03:03<00:40, 62.03it/s]
Benchmarking (colbert_centroid):  82%|████████▏ | 11442/13956 [03:03<00:40, 61.56it/s]
Benchmarking (colbert_centroid):  82%|████████▏ | 11449/13956 [03:03<00:40, 62.50it/s]
Benchmarking (colbert_centroid):  82%|████████▏ | 11456/13956 [03:03<00:39, 63.51it/s]
Benchmarking (colbert_centroid):  82%|████████▏ | 11463/13956 [03:03<00:38, 64.67it/s]
Benchmarking (colbert_centroid):  82%|████████▏ | 11470/13956 [03:03<00:38, 64.05it/s]
Benchmarking (colbert_centroid):  82%|████████▏ | 11477/13956 [03:03<00:37, 65.56it/s]
Benchmarking (colbert_centroid):  82%|████████▏ | 11484/13956 [03:04<00:37, 65.80it/s]
Benchmarking (colbert_centroid):  82%|████████▏ | 11491/13956 [03:04<00:39, 62.59it/s]
Benchmarking (colbert_centroid):  82%|████████▏ | 11498/13956 [03:04<00:40, 61.28it/s]
Benchmarking (colbert_centroid):  82%|████████▏ | 11505/13956 [03:04<00:40, 60.42it/s]
Benchmarking (colbert_centroid):  82%|████████▏ | 11512/13956 [03:04<00:39, 61.78it/s]
Benchmarking (colbert_centroid):  83%|████████▎ | 11519/13956 [03:04<00:39, 61.87it/s]
Benchmarking (colbert_centroid):  83%|████████▎ | 11526/13956 [03:04<00:39, 61.85it/s]
Benchmarking (colbert_centroid):  83%|████████▎ | 11533/13956 [03:04<00:38, 63.42it/s]
Benchmarking (colbert_centroid):  83%|████████▎ | 11540/13956 [03:04<00:38, 62.01it/s]
Benchmarking (colbert_centroid):  83%|████████▎ | 11547/13956 [03:05<00:37, 63.77it/s]
Benchmarking (colbert_centroid):  83%|████████▎ | 11554/13956 [03:05<00:37, 64.23it/s]
Benchmarking (colbert_centroid):  83%|████████▎ | 11561/13956 [03:05<00:38, 62.45it/s]
Benchmarking (colbert_centroid):  83%|████████▎ | 11568/13956 [03:05<00:38, 62.46it/s]
Benchmarking (colbert_centroid):  83%|████████▎ | 11575/13956 [03:05<00:38, 62.30it/s]
Benchmarking (colbert_centroid):  83%|████████▎ | 11582/13956 [03:05<00:37, 62.71it/s]
Benchmarking (colbert_centroid):  83%|████████▎ | 11589/13956 [03:05<00:37, 63.62it/s]
Benchmarking (colbert_centroid):  83%|████████▎ | 11596/13956 [03:05<00:36, 65.24it/s]
Benchmarking (colbert_centroid):  83%|████████▎ | 11603/13956 [03:05<00:35, 65.43it/s]
Benchmarking (colbert_centroid):  83%|████████▎ | 11610/13956 [03:06<00:36, 63.52it/s]
Benchmarking (colbert_centroid):  83%|████████▎ | 11617/13956 [03:06<00:36, 64.17it/s]
Benchmarking (colbert_centroid):  83%|████████▎ | 11624/13956 [03:06<00:36, 63.56it/s]
Benchmarking (colbert_centroid):  83%|████████▎ | 11631/13956 [03:06<00:37, 62.25it/s]
Benchmarking (colbert_centroid):  83%|████████▎ | 11638/13956 [03:06<00:37, 62.36it/s]
Benchmarking (colbert_centroid):  83%|████████▎ | 11645/13956 [03:06<00:36, 63.22it/s]
Benchmarking (colbert_centroid):  83%|████████▎ | 11652/13956 [03:06<00:37, 61.89it/s]
Benchmarking (colbert_centroid):  84%|████████▎ | 11659/13956 [03:06<00:36, 62.87it/s]
Benchmarking (colbert_centroid):  84%|████████▎ | 11666/13956 [03:06<00:36, 63.28it/s]
Benchmarking (colbert_centroid):  84%|████████▎ | 11673/13956 [03:07<00:36, 62.55it/s]
Benchmarking (colbert_centroid):  84%|████████▎ | 11680/13956 [03:07<00:37, 61.27it/s]
Benchmarking (colbert_centroid):  84%|████████▎ | 11687/13956 [03:07<00:36, 62.56it/s]
Benchmarking (colbert_centroid):  84%|████████▍ | 11694/13956 [03:07<00:35, 63.07it/s]
Benchmarking (colbert_centroid):  84%|████████▍ | 11701/13956 [03:07<00:36, 61.82it/s]
Benchmarking (colbert_centroid):  84%|████████▍ | 11708/13956 [03:07<00:35, 63.81it/s]
Benchmarking (colbert_centroid):  84%|████████▍ | 11715/13956 [03:07<00:35, 62.84it/s]
Benchmarking (colbert_centroid):  84%|████████▍ | 11722/13956 [03:07<00:35, 63.48it/s]
Benchmarking (colbert_centroid):  84%|████████▍ | 11729/13956 [03:07<00:35, 62.35it/s]
Benchmarking (colbert_centroid):  84%|████████▍ | 11736/13956 [03:08<00:35, 62.81it/s]
Benchmarking (colbert_centroid):  84%|████████▍ | 11743/13956 [03:08<00:35, 62.35it/s]
Benchmarking (colbert_centroid):  84%|████████▍ | 11750/13956 [03:08<00:35, 62.20it/s]
Benchmarking (colbert_centroid):  84%|████████▍ | 11757/13956 [03:08<00:34, 64.15it/s]
Benchmarking (colbert_centroid):  84%|████████▍ | 11764/13956 [03:08<00:34, 63.64it/s]
Benchmarking (colbert_centroid):  84%|████████▍ | 11772/13956 [03:08<00:34, 64.08it/s]
Benchmarking (colbert_centroid):  84%|████████▍ | 11779/13956 [03:08<00:33, 64.41it/s]
Benchmarking (colbert_centroid):  84%|████████▍ | 11786/13956 [03:08<00:33, 65.66it/s]
Benchmarking (colbert_centroid):  85%|████████▍ | 11794/13956 [03:08<00:32, 67.12it/s]
Benchmarking (colbert_centroid):  85%|████████▍ | 11801/13956 [03:09<00:33, 64.41it/s]
Benchmarking (colbert_centroid):  85%|████████▍ | 11808/13956 [03:09<00:33, 64.66it/s]
Benchmarking (colbert_centroid):  85%|████████▍ | 11815/13956 [03:09<00:32, 65.15it/s]
Benchmarking (colbert_centroid):  85%|████████▍ | 11822/13956 [03:09<00:32, 66.35it/s]
Benchmarking (colbert_centroid):  85%|████████▍ | 11829/13956 [03:09<00:32, 65.19it/s]
Benchmarking (colbert_centroid):  85%|████████▍ | 11836/13956 [03:09<00:32, 66.25it/s]
Benchmarking (colbert_centroid):  85%|████████▍ | 11843/13956 [03:09<00:33, 63.35it/s]
Benchmarking (colbert_centroid):  85%|████████▍ | 11850/13956 [03:09<00:32, 64.11it/s]
Benchmarking (colbert_centroid):  85%|████████▍ | 11857/13956 [03:09<00:33, 62.83it/s]
Benchmarking (colbert_centroid):  85%|████████▌ | 11864/13956 [03:10<00:32, 64.55it/s]
Benchmarking (colbert_centroid):  85%|████████▌ | 11871/13956 [03:10<00:32, 63.76it/s]
Benchmarking (colbert_centroid):  85%|████████▌ | 11878/13956 [03:10<00:33, 62.07it/s]
Benchmarking (colbert_centroid):  85%|████████▌ | 11885/13956 [03:10<00:33, 62.18it/s]
Benchmarking (colbert_centroid):  85%|████████▌ | 11892/13956 [03:10<00:33, 62.18it/s]
Benchmarking (colbert_centroid):  85%|████████▌ | 11899/13956 [03:10<00:34, 59.28it/s]
Benchmarking (colbert_centroid):  85%|████████▌ | 11906/13956 [03:10<00:33, 62.01it/s]
Benchmarking (colbert_centroid):  85%|████████▌ | 11913/13956 [03:10<00:32, 63.09it/s]
Benchmarking (colbert_centroid):  85%|████████▌ | 11920/13956 [03:10<00:32, 63.50it/s]
Benchmarking (colbert_centroid):  85%|████████▌ | 11927/13956 [03:11<00:31, 63.80it/s]
Benchmarking (colbert_centroid):  86%|████████▌ | 11934/13956 [03:11<00:31, 64.52it/s]
Benchmarking (colbert_centroid):  86%|████████▌ | 11941/13956 [03:11<00:32, 62.71it/s]
Benchmarking (colbert_centroid):  86%|████████▌ | 11948/13956 [03:11<00:31, 63.68it/s]
Benchmarking (colbert_centroid):  86%|████████▌ | 11955/13956 [03:11<00:30, 65.36it/s]
Benchmarking (colbert_centroid):  86%|████████▌ | 11962/13956 [03:11<00:30, 66.02it/s]
Benchmarking (colbert_centroid):  86%|████████▌ | 11969/13956 [03:11<00:31, 63.61it/s]
Benchmarking (colbert_centroid):  86%|████████▌ | 11976/13956 [03:11<00:31, 62.08it/s]
Benchmarking (colbert_centroid):  86%|████████▌ | 11983/13956 [03:11<00:31, 62.11it/s]
Benchmarking (colbert_centroid):  86%|████████▌ | 11990/13956 [03:12<00:30, 64.12it/s]
Benchmarking (colbert_centroid):  86%|████████▌ | 11997/13956 [03:12<00:30, 64.44it/s]
Benchmarking (colbert_centroid):  86%|████████▌ | 12004/13956 [03:12<00:31, 62.40it/s]
Benchmarking (colbert_centroid):  86%|████████▌ | 12011/13956 [03:12<00:30, 63.02it/s]
Benchmarking (colbert_centroid):  86%|████████▌ | 12018/13956 [03:12<00:30, 63.65it/s]
Benchmarking (colbert_centroid):  86%|████████▌ | 12025/13956 [03:12<00:30, 63.80it/s]
Benchmarking (colbert_centroid):  86%|████████▌ | 12032/13956 [03:12<00:29, 64.26it/s]
Benchmarking (colbert_centroid):  86%|████████▋ | 12039/13956 [03:12<00:29, 65.20it/s]
Benchmarking (colbert_centroid):  86%|████████▋ | 12046/13956 [03:12<00:28, 65.90it/s]
Benchmarking (colbert_centroid):  86%|████████▋ | 12053/13956 [03:13<00:29, 64.37it/s]
Benchmarking (colbert_centroid):  86%|████████▋ | 12060/13956 [03:13<00:29, 63.68it/s]
Benchmarking (colbert_centroid):  86%|████████▋ | 12067/13956 [03:13<00:29, 63.48it/s]
Benchmarking (colbert_centroid):  87%|████████▋ | 12074/13956 [03:13<00:29, 63.05it/s]
Benchmarking (colbert_centroid):  87%|████████▋ | 12081/13956 [03:13<00:29, 62.57it/s]
Benchmarking (colbert_centroid):  87%|████████▋ | 12088/13956 [03:13<00:29, 62.49it/s]
Benchmarking (colbert_centroid):  87%|████████▋ | 12095/13956 [03:13<00:30, 61.14it/s]
Benchmarking (colbert_centroid):  87%|████████▋ | 12102/13956 [03:13<00:29, 62.55it/s]
Benchmarking (colbert_centroid):  87%|████████▋ | 12109/13956 [03:13<00:29, 62.77it/s]
Benchmarking (colbert_centroid):  87%|████████▋ | 12116/13956 [03:14<00:28, 63.58it/s]
Benchmarking (colbert_centroid):  87%|████████▋ | 12123/13956 [03:14<00:29, 62.94it/s]
Benchmarking (colbert_centroid):  87%|████████▋ | 12130/13956 [03:14<00:28, 63.25it/s]
Benchmarking (colbert_centroid):  87%|████████▋ | 12137/13956 [03:14<00:27, 65.06it/s]
Benchmarking (colbert_centroid):  87%|████████▋ | 12144/13956 [03:14<00:27, 65.53it/s]
Benchmarking (colbert_centroid):  87%|████████▋ | 12151/13956 [03:14<00:27, 65.60it/s]
Benchmarking (colbert_centroid):  87%|████████▋ | 12158/13956 [03:14<00:27, 65.42it/s]
Benchmarking (colbert_centroid):  87%|████████▋ | 12165/13956 [03:14<00:28, 63.03it/s]
Benchmarking (colbert_centroid):  87%|████████▋ | 12172/13956 [03:14<00:28, 62.39it/s]
Benchmarking (colbert_centroid):  87%|████████▋ | 12179/13956 [03:15<00:27, 63.49it/s]
Benchmarking (colbert_centroid):  87%|████████▋ | 12186/13956 [03:15<00:28, 61.14it/s]
Benchmarking (colbert_centroid):  87%|████████▋ | 12193/13956 [03:15<00:28, 61.42it/s]
Benchmarking (colbert_centroid):  87%|████████▋ | 12200/13956 [03:15<00:28, 61.35it/s]
Benchmarking (colbert_centroid):  87%|████████▋ | 12208/13956 [03:15<00:27, 64.01it/s]
Benchmarking (colbert_centroid):  88%|████████▊ | 12215/13956 [03:15<00:27, 63.46it/s]
Benchmarking (colbert_centroid):  88%|████████▊ | 12222/13956 [03:15<00:27, 63.80it/s]
Benchmarking (colbert_centroid):  88%|████████▊ | 12229/13956 [03:15<00:27, 63.09it/s]
Benchmarking (colbert_centroid):  88%|████████▊ | 12236/13956 [03:15<00:26, 64.32it/s]
Benchmarking (colbert_centroid):  88%|████████▊ | 12243/13956 [03:16<00:26, 63.47it/s]
Benchmarking (colbert_centroid):  88%|████████▊ | 12250/13956 [03:16<00:26, 64.24it/s]
Benchmarking (colbert_centroid):  88%|████████▊ | 12257/13956 [03:16<00:27, 62.75it/s]
Benchmarking (colbert_centroid):  88%|████████▊ | 12265/13956 [03:16<00:25, 65.13it/s]
Benchmarking (colbert_centroid):  88%|████████▊ | 12272/13956 [03:16<00:25, 65.12it/s]
Benchmarking (colbert_centroid):  88%|████████▊ | 12279/13956 [03:16<00:25, 65.49it/s]
Benchmarking (colbert_centroid):  88%|████████▊ | 12286/13956 [03:16<00:25, 64.86it/s]
Benchmarking (colbert_centroid):  88%|████████▊ | 12293/13956 [03:16<00:26, 63.58it/s]
Benchmarking (colbert_centroid):  88%|████████▊ | 12301/13956 [03:16<00:25, 65.54it/s]
Benchmarking (colbert_centroid):  88%|████████▊ | 12308/13956 [03:17<00:26, 62.67it/s]
Benchmarking (colbert_centroid):  88%|████████▊ | 12315/13956 [03:17<00:26, 62.35it/s]
Benchmarking (colbert_centroid):  88%|████████▊ | 12322/13956 [03:17<00:26, 61.36it/s]
Benchmarking (colbert_centroid):  88%|████████▊ | 12329/13956 [03:17<00:25, 62.64it/s]
Benchmarking (colbert_centroid):  88%|████████▊ | 12336/13956 [03:17<00:25, 63.19it/s]
Benchmarking (colbert_centroid):  88%|████████▊ | 12343/13956 [03:17<00:25, 62.57it/s]
Benchmarking (colbert_centroid):  88%|████████▊ | 12350/13956 [03:17<00:26, 61.16it/s]
Benchmarking (colbert_centroid):  89%|████████▊ | 12357/13956 [03:17<00:26, 61.22it/s]
Benchmarking (colbert_centroid):  89%|████████▊ | 12364/13956 [03:17<00:25, 63.60it/s]
Benchmarking (colbert_centroid):  89%|████████▊ | 12371/13956 [03:18<00:24, 64.16it/s]
Benchmarking (colbert_centroid):  89%|████████▊ | 12378/13956 [03:18<00:23, 65.80it/s]
Benchmarking (colbert_centroid):  89%|████████▊ | 12385/13956 [03:18<00:24, 63.44it/s]
Benchmarking (colbert_centroid):  89%|████████▉ | 12392/13956 [03:18<00:25, 62.10it/s]
Benchmarking (colbert_centroid):  89%|████████▉ | 12399/13956 [03:18<00:26, 59.86it/s]
Benchmarking (colbert_centroid):  89%|████████▉ | 12406/13956 [03:18<00:26, 58.72it/s]
Benchmarking (colbert_centroid):  89%|████████▉ | 12412/13956 [03:18<00:26, 58.45it/s]
Benchmarking (colbert_centroid):  89%|████████▉ | 12419/13956 [03:18<00:25, 60.68it/s]
Benchmarking (colbert_centroid):  89%|████████▉ | 12426/13956 [03:18<00:24, 62.23it/s]
Benchmarking (colbert_centroid):  89%|████████▉ | 12433/13956 [03:19<00:24, 61.29it/s]
Benchmarking (colbert_centroid):  89%|████████▉ | 12440/13956 [03:19<00:24, 62.52it/s]
Benchmarking (colbert_centroid):  89%|████████▉ | 12447/13956 [03:19<00:23, 63.30it/s]
Benchmarking (colbert_centroid):  89%|████████▉ | 12454/13956 [03:19<00:24, 60.26it/s]
Benchmarking (colbert_centroid):  89%|████████▉ | 12461/13956 [03:19<00:24, 60.84it/s]
Benchmarking (colbert_centroid):  89%|████████▉ | 12468/13956 [03:19<00:24, 61.18it/s]
Benchmarking (colbert_centroid):  89%|████████▉ | 12475/13956 [03:19<00:24, 60.45it/s]
Benchmarking (colbert_centroid):  89%|████████▉ | 12482/13956 [03:19<00:23, 61.71it/s]
Benchmarking (colbert_centroid):  89%|████████▉ | 12489/13956 [03:20<00:23, 63.36it/s]
Benchmarking (colbert_centroid):  90%|████████▉ | 12496/13956 [03:20<00:22, 65.11it/s]
Benchmarking (colbert_centroid):  90%|████████▉ | 12503/13956 [03:20<00:22, 65.41it/s]
Benchmarking (colbert_centroid):  90%|████████▉ | 12510/13956 [03:20<00:22, 65.71it/s]
Benchmarking (colbert_centroid):  90%|████████▉ | 12517/13956 [03:20<00:22, 62.72it/s]
Benchmarking (colbert_centroid):  90%|████████▉ | 12524/13956 [03:20<00:22, 63.71it/s]
Benchmarking (colbert_centroid):  90%|████████▉ | 12531/13956 [03:20<00:22, 63.16it/s]
Benchmarking (colbert_centroid):  90%|████████▉ | 12538/13956 [03:20<00:22, 63.73it/s]
Benchmarking (colbert_centroid):  90%|████████▉ | 12545/13956 [03:20<00:22, 63.15it/s]
Benchmarking (colbert_centroid):  90%|████████▉ | 12552/13956 [03:20<00:22, 63.03it/s]
Benchmarking (colbert_centroid):  90%|████████▉ | 12559/13956 [03:21<00:21, 63.60it/s]
Benchmarking (colbert_centroid):  90%|█████████ | 12566/13956 [03:21<00:21, 64.49it/s]
Benchmarking (colbert_centroid):  90%|█████████ | 12573/13956 [03:21<00:21, 64.84it/s]
Benchmarking (colbert_centroid):  90%|█████████ | 12580/13956 [03:21<00:21, 63.93it/s]
Benchmarking (colbert_centroid):  90%|█████████ | 12587/13956 [03:21<00:21, 63.64it/s]
Benchmarking (colbert_centroid):  90%|█████████ | 12594/13956 [03:21<00:20, 65.30it/s]
Benchmarking (colbert_centroid):  90%|█████████ | 12601/13956 [03:21<00:20, 65.54it/s]
Benchmarking (colbert_centroid):  90%|█████████ | 12608/13956 [03:21<00:21, 63.35it/s]
Benchmarking (colbert_centroid):  90%|█████████ | 12615/13956 [03:21<00:21, 63.05it/s]
Benchmarking (colbert_centroid):  90%|█████████ | 12622/13956 [03:22<00:21, 62.74it/s]
Benchmarking (colbert_centroid):  90%|█████████ | 12629/13956 [03:22<00:21, 61.24it/s]
Benchmarking (colbert_centroid):  91%|█████████ | 12636/13956 [03:22<00:21, 62.45it/s]
Benchmarking (colbert_centroid):  91%|█████████ | 12643/13956 [03:22<00:20, 63.51it/s]
Benchmarking (colbert_centroid):  91%|█████████ | 12650/13956 [03:22<00:20, 62.97it/s]
Benchmarking (colbert_centroid):  91%|█████████ | 12657/13956 [03:22<00:20, 64.42it/s]
Benchmarking (colbert_centroid):  91%|█████████ | 12664/13956 [03:22<00:20, 62.53it/s]
Benchmarking (colbert_centroid):  91%|█████████ | 12671/13956 [03:22<00:20, 62.29it/s]
Benchmarking (colbert_centroid):  91%|█████████ | 12678/13956 [03:22<00:20, 63.80it/s]
Benchmarking (colbert_centroid):  91%|█████████ | 12685/13956 [03:23<00:19, 64.94it/s]
Benchmarking (colbert_centroid):  91%|█████████ | 12692/13956 [03:23<00:19, 64.95it/s]
Benchmarking (colbert_centroid):  91%|█████████ | 12700/13956 [03:23<00:18, 66.57it/s]
Benchmarking (colbert_centroid):  91%|█████████ | 12707/13956 [03:23<00:18, 66.51it/s]
Benchmarking (colbert_centroid):  91%|█████████ | 12714/13956 [03:23<00:19, 65.21it/s]
Benchmarking (colbert_centroid):  91%|█████████ | 12721/13956 [03:23<00:19, 64.44it/s]
Benchmarking (colbert_centroid):  91%|█████████ | 12728/13956 [03:23<00:19, 61.87it/s]
Benchmarking (colbert_centroid):  91%|█████████▏| 12735/13956 [03:23<00:19, 62.08it/s]
Benchmarking (colbert_centroid):  91%|█████████▏| 12742/13956 [03:23<00:20, 60.02it/s]
Benchmarking (colbert_centroid):  91%|█████████▏| 12749/13956 [03:24<00:19, 61.40it/s]
Benchmarking (colbert_centroid):  91%|█████████▏| 12756/13956 [03:24<00:19, 60.70it/s]
Benchmarking (colbert_centroid):  91%|█████████▏| 12763/13956 [03:24<00:19, 61.74it/s]
Benchmarking (colbert_centroid):  92%|█████████▏| 12770/13956 [03:24<00:18, 62.67it/s]
Benchmarking (colbert_centroid):  92%|█████████▏| 12777/13956 [03:24<00:18, 63.26it/s]
Benchmarking (colbert_centroid):  92%|█████████▏| 12784/13956 [03:24<00:18, 62.73it/s]
Benchmarking (colbert_centroid):  92%|█████████▏| 12791/13956 [03:24<00:18, 61.59it/s]
Benchmarking (colbert_centroid):  92%|█████████▏| 12798/13956 [03:24<00:19, 60.78it/s]
Benchmarking (colbert_centroid):  92%|█████████▏| 12805/13956 [03:25<00:19, 59.95it/s]
Benchmarking (colbert_centroid):  92%|█████████▏| 12812/13956 [03:25<00:18, 62.33it/s]
Benchmarking (colbert_centroid):  92%|█████████▏| 12819/13956 [03:25<00:18, 61.93it/s]
Benchmarking (colbert_centroid):  92%|█████████▏| 12826/13956 [03:25<00:17, 62.91it/s]
Benchmarking (colbert_centroid):  92%|█████████▏| 12833/13956 [03:25<00:17, 62.49it/s]
Benchmarking (colbert_centroid):  92%|█████████▏| 12840/13956 [03:25<00:18, 61.20it/s]
Benchmarking (colbert_centroid):  92%|█████████▏| 12847/13956 [03:25<00:18, 61.54it/s]
Benchmarking (colbert_centroid):  92%|█████████▏| 12854/13956 [03:25<00:17, 62.48it/s]
Benchmarking (colbert_centroid):  92%|█████████▏| 12861/13956 [03:25<00:17, 62.94it/s]
Benchmarking (colbert_centroid):  92%|█████████▏| 12868/13956 [03:26<00:17, 62.81it/s]
Benchmarking (colbert_centroid):  92%|█████████▏| 12875/13956 [03:26<00:17, 62.64it/s]
Benchmarking (colbert_centroid):  92%|█████████▏| 12882/13956 [03:26<00:16, 64.60it/s]
Benchmarking (colbert_centroid):  92%|█████████▏| 12889/13956 [03:26<00:17, 61.96it/s]
Benchmarking (colbert_centroid):  92%|█████████▏| 12896/13956 [03:26<00:16, 63.07it/s]
Benchmarking (colbert_centroid):  92%|█████████▏| 12903/13956 [03:26<00:16, 62.82it/s]
Benchmarking (colbert_centroid):  93%|█████████▎| 12910/13956 [03:26<00:16, 63.72it/s]
Benchmarking (colbert_centroid):  93%|█████████▎| 12917/13956 [03:26<00:15, 64.98it/s]
Benchmarking (colbert_centroid):  93%|█████████▎| 12924/13956 [03:26<00:15, 64.89it/s]
Benchmarking (colbert_centroid):  93%|█████████▎| 12931/13956 [03:26<00:15, 66.24it/s]
Benchmarking (colbert_centroid):  93%|█████████▎| 12938/13956 [03:27<00:15, 63.81it/s]
Benchmarking (colbert_centroid):  93%|█████████▎| 12945/13956 [03:27<00:15, 63.24it/s]
Benchmarking (colbert_centroid):  93%|█████████▎| 12952/13956 [03:27<00:15, 64.43it/s]
Benchmarking (colbert_centroid):  93%|█████████▎| 12959/13956 [03:27<00:15, 63.78it/s]
Benchmarking (colbert_centroid):  93%|█████████▎| 12966/13956 [03:27<00:15, 63.91it/s]
Benchmarking (colbert_centroid):  93%|█████████▎| 12973/13956 [03:27<00:15, 64.11it/s]
Benchmarking (colbert_centroid):  93%|█████████▎| 12980/13956 [03:27<00:15, 63.95it/s]
Benchmarking (colbert_centroid):  93%|█████████▎| 12987/13956 [03:27<00:14, 65.62it/s]
Benchmarking (colbert_centroid):  93%|█████████▎| 12994/13956 [03:27<00:15, 62.20it/s]
Benchmarking (colbert_centroid):  93%|█████████▎| 13001/13956 [03:28<00:15, 61.06it/s]
Benchmarking (colbert_centroid):  93%|█████████▎| 13008/13956 [03:28<00:15, 60.19it/s]
Benchmarking (colbert_centroid):  93%|█████████▎| 13015/13956 [03:28<00:15, 59.82it/s]
Benchmarking (colbert_centroid):  93%|█████████▎| 13022/13956 [03:28<00:14, 62.49it/s]
Benchmarking (colbert_centroid):  93%|█████████▎| 13029/13956 [03:28<00:14, 62.21it/s]
Benchmarking (colbert_centroid):  93%|█████████▎| 13036/13956 [03:28<00:15, 60.14it/s]
Benchmarking (colbert_centroid):  93%|█████████▎| 13043/13956 [03:28<00:15, 60.65it/s]
Benchmarking (colbert_centroid):  94%|█████████▎| 13050/13956 [03:28<00:14, 61.30it/s]
Benchmarking (colbert_centroid):  94%|█████████▎| 13057/13956 [03:29<00:14, 60.10it/s]
Benchmarking (colbert_centroid):  94%|█████████▎| 13064/13956 [03:29<00:14, 59.48it/s]
Benchmarking (colbert_centroid):  94%|█████████▎| 13071/13956 [03:29<00:14, 60.91it/s]
Benchmarking (colbert_centroid):  94%|█████████▎| 13078/13956 [03:29<00:14, 61.23it/s]
Benchmarking (colbert_centroid):  94%|█████████▍| 13085/13956 [03:29<00:14, 60.67it/s]
Benchmarking (colbert_centroid):  94%|█████████▍| 13092/13956 [03:29<00:14, 61.44it/s]
Benchmarking (colbert_centroid):  94%|█████████▍| 13099/13956 [03:29<00:14, 60.50it/s]
Benchmarking (colbert_centroid):  94%|█████████▍| 13106/13956 [03:29<00:13, 60.97it/s]
Benchmarking (colbert_centroid):  94%|█████████▍| 13113/13956 [03:29<00:13, 63.35it/s]
Benchmarking (colbert_centroid):  94%|█████████▍| 13120/13956 [03:30<00:13, 63.86it/s]
Benchmarking (colbert_centroid):  94%|█████████▍| 13127/13956 [03:30<00:12, 64.31it/s]
Benchmarking (colbert_centroid):  94%|█████████▍| 13134/13956 [03:30<00:12, 64.98it/s]
Benchmarking (colbert_centroid):  94%|█████████▍| 13141/13956 [03:30<00:12, 62.82it/s]
Benchmarking (colbert_centroid):  94%|█████████▍| 13148/13956 [03:30<00:13, 61.82it/s]
Benchmarking (colbert_centroid):  94%|█████████▍| 13155/13956 [03:30<00:13, 59.74it/s]
Benchmarking (colbert_centroid):  94%|█████████▍| 13162/13956 [03:30<00:12, 61.36it/s]
Benchmarking (colbert_centroid):  94%|█████████▍| 13169/13956 [03:30<00:12, 63.17it/s]
Benchmarking (colbert_centroid):  94%|█████████▍| 13176/13956 [03:30<00:12, 62.66it/s]
Benchmarking (colbert_centroid):  94%|█████████▍| 13183/13956 [03:31<00:12, 62.28it/s]
Benchmarking (colbert_centroid):  95%|█████████▍| 13190/13956 [03:31<00:12, 62.88it/s]
Benchmarking (colbert_centroid):  95%|█████████▍| 13197/13956 [03:31<00:11, 63.58it/s]
Benchmarking (colbert_centroid):  95%|█████████▍| 13204/13956 [03:31<00:11, 64.37it/s]
Benchmarking (colbert_centroid):  95%|█████████▍| 13211/13956 [03:31<00:11, 62.75it/s]
Benchmarking (colbert_centroid):  95%|█████████▍| 13218/13956 [03:31<00:12, 61.16it/s]
Benchmarking (colbert_centroid):  95%|█████████▍| 13225/13956 [03:31<00:11, 62.42it/s]
Benchmarking (colbert_centroid):  95%|█████████▍| 13233/13956 [03:31<00:11, 64.84it/s]
Benchmarking (colbert_centroid):  95%|█████████▍| 13240/13956 [03:31<00:10, 65.90it/s]
Benchmarking (colbert_centroid):  95%|█████████▍| 13247/13956 [03:32<00:10, 65.13it/s]
Benchmarking (colbert_centroid):  95%|█████████▍| 13254/13956 [03:32<00:10, 64.13it/s]
Benchmarking (colbert_centroid):  95%|█████████▌| 13261/13956 [03:32<00:11, 60.38it/s]
Benchmarking (colbert_centroid):  95%|█████████▌| 13268/13956 [03:32<00:11, 59.69it/s]
Benchmarking (colbert_centroid):  95%|█████████▌| 13275/13956 [03:32<00:11, 58.76it/s]
Benchmarking (colbert_centroid):  95%|█████████▌| 13282/13956 [03:32<00:10, 61.32it/s]
Benchmarking (colbert_centroid):  95%|█████████▌| 13289/13956 [03:32<00:11, 58.60it/s]
Benchmarking (colbert_centroid):  95%|█████████▌| 13296/13956 [03:32<00:11, 59.39it/s]
Benchmarking (colbert_centroid):  95%|█████████▌| 13303/13956 [03:32<00:10, 61.03it/s]
Benchmarking (colbert_centroid):  95%|█████████▌| 13310/13956 [03:33<00:10, 61.79it/s]
Benchmarking (colbert_centroid):  95%|█████████▌| 13317/13956 [03:33<00:10, 62.76it/s]
Benchmarking (colbert_centroid):  95%|█████████▌| 13324/13956 [03:33<00:10, 62.59it/s]
Benchmarking (colbert_centroid):  96%|█████████▌| 13331/13956 [03:33<00:09, 63.49it/s]
Benchmarking (colbert_centroid):  96%|█████████▌| 13338/13956 [03:33<00:09, 62.06it/s]
Benchmarking (colbert_centroid):  96%|█████████▌| 13345/13956 [03:33<00:09, 62.76it/s]
Benchmarking (colbert_centroid):  96%|█████████▌| 13352/13956 [03:33<00:09, 63.55it/s]
Benchmarking (colbert_centroid):  96%|█████████▌| 13359/13956 [03:33<00:09, 63.18it/s]
Benchmarking (colbert_centroid):  96%|█████████▌| 13366/13956 [03:33<00:09, 63.72it/s]
Benchmarking (colbert_centroid):  96%|█████████▌| 13373/13956 [03:34<00:08, 65.29it/s]
Benchmarking (colbert_centroid):  96%|█████████▌| 13380/13956 [03:34<00:08, 65.23it/s]
Benchmarking (colbert_centroid):  96%|█████████▌| 13387/13956 [03:34<00:09, 61.85it/s]
Benchmarking (colbert_centroid):  96%|█████████▌| 13394/13956 [03:34<00:08, 63.60it/s]
Benchmarking (colbert_centroid):  96%|█████████▌| 13401/13956 [03:34<00:08, 64.24it/s]
Benchmarking (colbert_centroid):  96%|█████████▌| 13408/13956 [03:34<00:08, 65.54it/s]
Benchmarking (colbert_centroid):  96%|█████████▌| 13415/13956 [03:34<00:08, 64.37it/s]
Benchmarking (colbert_centroid):  96%|█████████▌| 13422/13956 [03:34<00:08, 64.46it/s]
Benchmarking (colbert_centroid):  96%|█████████▌| 13429/13956 [03:34<00:08, 61.93it/s]
Benchmarking (colbert_centroid):  96%|█████████▋| 13436/13956 [03:35<00:08, 62.12it/s]
Benchmarking (colbert_centroid):  96%|█████████▋| 13443/13956 [03:35<00:08, 61.93it/s]
Benchmarking (colbert_centroid):  96%|█████████▋| 13450/13956 [03:35<00:08, 63.11it/s]
Benchmarking (colbert_centroid):  96%|█████████▋| 13457/13956 [03:35<00:07, 62.71it/s]
Benchmarking (colbert_centroid):  96%|█████████▋| 13465/13956 [03:35<00:07, 63.98it/s]
Benchmarking (colbert_centroid):  97%|█████████▋| 13472/13956 [03:35<00:07, 63.45it/s]
Benchmarking (colbert_centroid):  97%|█████████▋| 13479/13956 [03:35<00:07, 64.15it/s]
Benchmarking (colbert_centroid):  97%|█████████▋| 13486/13956 [03:35<00:07, 64.01it/s]
Benchmarking (colbert_centroid):  97%|█████████▋| 13493/13956 [03:35<00:07, 63.19it/s]
Benchmarking (colbert_centroid):  97%|█████████▋| 13500/13956 [03:36<00:07, 63.98it/s]
Benchmarking (colbert_centroid):  97%|█████████▋| 13507/13956 [03:36<00:06, 64.57it/s]
Benchmarking (colbert_centroid):  97%|█████████▋| 13514/13956 [03:36<00:07, 62.62it/s]
Benchmarking (colbert_centroid):  97%|█████████▋| 13521/13956 [03:36<00:07, 61.22it/s]
Benchmarking (colbert_centroid):  97%|█████████▋| 13528/13956 [03:36<00:06, 61.57it/s]
Benchmarking (colbert_centroid):  97%|█████████▋| 13535/13956 [03:36<00:06, 60.65it/s]
Benchmarking (colbert_centroid):  97%|█████████▋| 13542/13956 [03:36<00:06, 60.92it/s]
Benchmarking (colbert_centroid):  97%|█████████▋| 13549/13956 [03:36<00:06, 61.90it/s]
Benchmarking (colbert_centroid):  97%|█████████▋| 13556/13956 [03:37<00:06, 61.87it/s]
Benchmarking (colbert_centroid):  97%|█████████▋| 13563/13956 [03:37<00:06, 62.80it/s]
Benchmarking (colbert_centroid):  97%|█████████▋| 13570/13956 [03:37<00:06, 63.58it/s]
Benchmarking (colbert_centroid):  97%|█████████▋| 13577/13956 [03:37<00:05, 64.55it/s]
Benchmarking (colbert_centroid):  97%|█████████▋| 13584/13956 [03:37<00:05, 63.80it/s]
Benchmarking (colbert_centroid):  97%|█████████▋| 13591/13956 [03:37<00:05, 63.07it/s]
Benchmarking (colbert_centroid):  97%|█████████▋| 13598/13956 [03:37<00:05, 62.61it/s]
Benchmarking (colbert_centroid):  97%|█████████▋| 13605/13956 [03:37<00:05, 62.79it/s]
Benchmarking (colbert_centroid):  98%|█████████▊| 13612/13956 [03:37<00:05, 62.94it/s]
Benchmarking (colbert_centroid):  98%|█████████▊| 13619/13956 [03:37<00:05, 64.54it/s]
Benchmarking (colbert_centroid):  98%|█████████▊| 13626/13956 [03:38<00:05, 63.90it/s]
Benchmarking (colbert_centroid):  98%|█████████▊| 13633/13956 [03:38<00:05, 63.00it/s]
Benchmarking (colbert_centroid):  98%|█████████▊| 13640/13956 [03:38<00:05, 61.50it/s]
Benchmarking (colbert_centroid):  98%|█████████▊| 13647/13956 [03:38<00:05, 61.61it/s]
Benchmarking (colbert_centroid):  98%|█████████▊| 13654/13956 [03:38<00:04, 61.49it/s]
Benchmarking (colbert_centroid):  98%|█████████▊| 13661/13956 [03:38<00:04, 60.15it/s]
Benchmarking (colbert_centroid):  98%|█████████▊| 13668/13956 [03:38<00:04, 60.78it/s]
Benchmarking (colbert_centroid):  98%|█████████▊| 13675/13956 [03:38<00:04, 63.11it/s]
Benchmarking (colbert_centroid):  98%|█████████▊| 13682/13956 [03:39<00:04, 62.91it/s]
Benchmarking (colbert_centroid):  98%|█████████▊| 13689/13956 [03:39<00:04, 63.89it/s]
Benchmarking (colbert_centroid):  98%|█████████▊| 13696/13956 [03:39<00:04, 64.39it/s]
Benchmarking (colbert_centroid):  98%|█████████▊| 13703/13956 [03:39<00:04, 62.75it/s]
Benchmarking (colbert_centroid):  98%|█████████▊| 13710/13956 [03:39<00:03, 63.70it/s]
Benchmarking (colbert_centroid):  98%|█████████▊| 13717/13956 [03:39<00:03, 64.13it/s]
Benchmarking (colbert_centroid):  98%|█████████▊| 13724/13956 [03:39<00:03, 65.78it/s]
Benchmarking (colbert_centroid):  98%|█████████▊| 13731/13956 [03:39<00:03, 65.63it/s]
Benchmarking (colbert_centroid):  98%|█████████▊| 13738/13956 [03:39<00:03, 60.69it/s]
Benchmarking (colbert_centroid):  98%|█████████▊| 13745/13956 [03:40<00:03, 61.12it/s]
Benchmarking (colbert_centroid):  99%|█████████▊| 13752/13956 [03:40<00:03, 60.86it/s]
Benchmarking (colbert_centroid):  99%|█████████▊| 13759/13956 [03:40<00:03, 61.21it/s]
Benchmarking (colbert_centroid):  99%|█████████▊| 13766/13956 [03:40<00:03, 62.40it/s]
Benchmarking (colbert_centroid):  99%|█████████▊| 13773/13956 [03:40<00:02, 62.55it/s]
Benchmarking (colbert_centroid):  99%|█████████▊| 13780/13956 [03:40<00:02, 62.59it/s]
Benchmarking (colbert_centroid):  99%|█████████▉| 13787/13956 [03:40<00:02, 62.17it/s]
Benchmarking (colbert_centroid):  99%|█████████▉| 13794/13956 [03:40<00:02, 64.21it/s]
Benchmarking (colbert_centroid):  99%|█████████▉| 13801/13956 [03:40<00:02, 65.31it/s]
Benchmarking (colbert_centroid):  99%|█████████▉| 13808/13956 [03:40<00:02, 65.33it/s]
Benchmarking (colbert_centroid):  99%|█████████▉| 13815/13956 [03:41<00:02, 64.82it/s]
Benchmarking (colbert_centroid):  99%|█████████▉| 13822/13956 [03:41<00:02, 65.31it/s]
Benchmarking (colbert_centroid):  99%|█████████▉| 13829/13956 [03:41<00:01, 64.37it/s]
Benchmarking (colbert_centroid):  99%|█████████▉| 13836/13956 [03:41<00:01, 65.77it/s]
Benchmarking (colbert_centroid):  99%|█████████▉| 13843/13956 [03:41<00:01, 66.67it/s]
Benchmarking (colbert_centroid):  99%|█████████▉| 13850/13956 [03:41<00:01, 67.49it/s]
Benchmarking (colbert_centroid):  99%|█████████▉| 13857/13956 [03:41<00:01, 64.63it/s]
Benchmarking (colbert_centroid):  99%|█████████▉| 13864/13956 [03:41<00:01, 64.75it/s]
Benchmarking (colbert_centroid):  99%|█████████▉| 13871/13956 [03:41<00:01, 64.77it/s]
Benchmarking (colbert_centroid):  99%|█████████▉| 13878/13956 [03:42<00:01, 64.94it/s]
Benchmarking (colbert_centroid):  99%|█████████▉| 13885/13956 [03:42<00:01, 65.05it/s]
Benchmarking (colbert_centroid): 100%|█████████▉| 13892/13956 [03:42<00:00, 64.33it/s]
Benchmarking (colbert_centroid): 100%|█████████▉| 13899/13956 [03:42<00:00, 63.45it/s]
Benchmarking (colbert_centroid): 100%|█████████▉| 13906/13956 [03:42<00:00, 63.19it/s]
Benchmarking (colbert_centroid): 100%|█████████▉| 13913/13956 [03:42<00:00, 64.38it/s]
Benchmarking (colbert_centroid): 100%|█████████▉| 13920/13956 [03:42<00:00, 64.88it/s]
Benchmarking (colbert_centroid): 100%|█████████▉| 13927/13956 [03:42<00:00, 64.99it/s]
Benchmarking (colbert_centroid): 100%|█████████▉| 13934/13956 [03:42<00:00, 60.84it/s]
Benchmarking (colbert_centroid): 100%|█████████▉| 13941/13956 [03:43<00:00, 62.27it/s]
Benchmarking (colbert_centroid): 100%|█████████▉| 13948/13956 [03:43<00:00, 62.99it/s]
Benchmarking (colbert_centroid): 100%|█████████▉| 13955/13956 [03:43<00:00, 62.52it/s]
INFO:src.evaluation.benchmark_partition_selection:  [train] R@1=10.6% GTR@20=60.3% FCov@20=54.2% MRR=21.0%
Benchmarking (colbert_centroid):   0%|          | 0/3987 [00:00<?, ?it/s]
Benchmarking (colbert_centroid):   0%|          | 6/3987 [00:00<01:07, 58.85it/s]
Benchmarking (colbert_centroid):   0%|          | 13/3987 [00:00<01:06, 59.98it/s]
Benchmarking (colbert_centroid):   1%|          | 20/3987 [00:00<01:06, 59.65it/s]
Benchmarking (colbert_centroid):   1%|          | 27/3987 [00:00<01:05, 60.58it/s]
Benchmarking (colbert_centroid):   1%|          | 34/3987 [00:00<01:04, 61.00it/s]
Benchmarking (colbert_centroid):   1%|          | 41/3987 [00:00<01:05, 60.36it/s]
Benchmarking (colbert_centroid):   1%|          | 48/3987 [00:00<01:02, 62.96it/s]
Benchmarking (colbert_centroid):   1%|▏         | 55/3987 [00:00<01:00, 64.51it/s]
Benchmarking (colbert_centroid):   2%|▏         | 62/3987 [00:00<01:00, 64.86it/s]
Benchmarking (colbert_centroid):   2%|▏         | 69/3987 [00:01<01:00, 65.05it/s]
Benchmarking (colbert_centroid):   2%|▏         | 76/3987 [00:01<01:00, 64.63it/s]
Benchmarking (colbert_centroid):   2%|▏         | 83/3987 [00:01<00:59, 66.15it/s]
Benchmarking (colbert_centroid):   2%|▏         | 90/3987 [00:01<01:01, 63.53it/s]
Benchmarking (colbert_centroid):   2%|▏         | 97/3987 [00:01<01:00, 64.09it/s]
Benchmarking (colbert_centroid):   3%|▎         | 104/3987 [00:01<01:00, 64.30it/s]
Benchmarking (colbert_centroid):   3%|▎         | 111/3987 [00:01<00:59, 64.84it/s]
Benchmarking (colbert_centroid):   3%|▎         | 118/3987 [00:01<01:00, 64.39it/s]
Benchmarking (colbert_centroid):   3%|▎         | 125/3987 [00:01<00:59, 64.78it/s]
Benchmarking (colbert_centroid):   3%|▎         | 132/3987 [00:02<00:59, 64.52it/s]
Benchmarking (colbert_centroid):   3%|▎         | 139/3987 [00:02<00:59, 64.94it/s]
Benchmarking (colbert_centroid):   4%|▎         | 146/3987 [00:02<01:00, 63.56it/s]
Benchmarking (colbert_centroid):   4%|▍         | 153/3987 [00:02<01:02, 61.47it/s]
Benchmarking (colbert_centroid):   4%|▍         | 160/3987 [00:02<01:01, 61.81it/s]
Benchmarking (colbert_centroid):   4%|▍         | 167/3987 [00:02<01:00, 63.50it/s]
Benchmarking (colbert_centroid):   4%|▍         | 174/3987 [00:02<01:01, 61.78it/s]
Benchmarking (colbert_centroid):   5%|▍         | 181/3987 [00:02<00:59, 63.86it/s]
Benchmarking (colbert_centroid):   5%|▍         | 188/3987 [00:02<00:59, 63.44it/s]
Benchmarking (colbert_centroid):   5%|▍         | 195/3987 [00:03<01:01, 62.14it/s]
Benchmarking (colbert_centroid):   5%|▌         | 202/3987 [00:03<00:59, 63.15it/s]
Benchmarking (colbert_centroid):   5%|▌         | 209/3987 [00:03<01:01, 61.37it/s]
Benchmarking (colbert_centroid):   5%|▌         | 216/3987 [00:03<01:01, 61.77it/s]
Benchmarking (colbert_centroid):   6%|▌         | 223/3987 [00:03<00:58, 63.92it/s]
Benchmarking (colbert_centroid):   6%|▌         | 230/3987 [00:03<01:00, 61.65it/s]
Benchmarking (colbert_centroid):   6%|▌         | 237/3987 [00:03<01:02, 59.77it/s]
Benchmarking (colbert_centroid):   6%|▌         | 244/3987 [00:03<01:02, 59.63it/s]
Benchmarking (colbert_centroid):   6%|▋         | 251/3987 [00:03<01:00, 61.92it/s]
Benchmarking (colbert_centroid):   6%|▋         | 258/3987 [00:04<01:00, 61.99it/s]
Benchmarking (colbert_centroid):   7%|▋         | 265/3987 [00:04<01:00, 61.72it/s]
Benchmarking (colbert_centroid):   7%|▋         | 272/3987 [00:04<00:59, 62.60it/s]
Benchmarking (colbert_centroid):   7%|▋         | 279/3987 [00:04<01:00, 61.24it/s]
Benchmarking (colbert_centroid):   7%|▋         | 286/3987 [00:04<00:58, 63.04it/s]
Benchmarking (colbert_centroid):   7%|▋         | 293/3987 [00:04<00:57, 63.77it/s]
Benchmarking (colbert_centroid):   8%|▊         | 300/3987 [00:04<00:57, 63.98it/s]
Benchmarking (colbert_centroid):   8%|▊         | 307/3987 [00:04<00:58, 63.03it/s]
Benchmarking (colbert_centroid):   8%|▊         | 314/3987 [00:04<00:58, 62.76it/s]
Benchmarking (colbert_centroid):   8%|▊         | 321/3987 [00:05<00:58, 62.56it/s]
Benchmarking (colbert_centroid):   8%|▊         | 328/3987 [00:05<00:59, 61.19it/s]
Benchmarking (colbert_centroid):   8%|▊         | 335/3987 [00:05<01:00, 60.43it/s]
Benchmarking (colbert_centroid):   9%|▊         | 342/3987 [00:05<00:59, 61.41it/s]
Benchmarking (colbert_centroid):   9%|▉         | 349/3987 [00:05<00:57, 63.37it/s]
Benchmarking (colbert_centroid):   9%|▉         | 356/3987 [00:05<00:59, 60.95it/s]
Benchmarking (colbert_centroid):   9%|▉         | 363/3987 [00:05<00:58, 61.65it/s]
Benchmarking (colbert_centroid):   9%|▉         | 370/3987 [00:05<00:58, 61.57it/s]
Benchmarking (colbert_centroid):   9%|▉         | 377/3987 [00:06<00:57, 62.74it/s]
Benchmarking (colbert_centroid):  10%|▉         | 384/3987 [00:06<00:57, 62.20it/s]
Benchmarking (colbert_centroid):  10%|▉         | 391/3987 [00:06<00:58, 61.82it/s]
Benchmarking (colbert_centroid):  10%|▉         | 398/3987 [00:06<00:57, 62.54it/s]
Benchmarking (colbert_centroid):  10%|█         | 405/3987 [00:06<00:56, 63.57it/s]
Benchmarking (colbert_centroid):  10%|█         | 412/3987 [00:06<00:57, 61.98it/s]
Benchmarking (colbert_centroid):  11%|█         | 419/3987 [00:06<00:58, 60.66it/s]
Benchmarking (colbert_centroid):  11%|█         | 426/3987 [00:06<00:58, 61.13it/s]
Benchmarking (colbert_centroid):  11%|█         | 433/3987 [00:06<00:58, 60.66it/s]
Benchmarking (colbert_centroid):  11%|█         | 440/3987 [00:07<00:56, 62.76it/s]
Benchmarking (colbert_centroid):  11%|█         | 447/3987 [00:07<00:58, 60.44it/s]
Benchmarking (colbert_centroid):  11%|█▏        | 454/3987 [00:07<00:59, 59.34it/s]
Benchmarking (colbert_centroid):  12%|█▏        | 461/3987 [00:07<00:58, 60.11it/s]
Benchmarking (colbert_centroid):  12%|█▏        | 468/3987 [00:07<00:58, 59.85it/s]
Benchmarking (colbert_centroid):  12%|█▏        | 475/3987 [00:07<00:56, 62.45it/s]
Benchmarking (colbert_centroid):  12%|█▏        | 482/3987 [00:07<00:55, 63.43it/s]
Benchmarking (colbert_centroid):  12%|█▏        | 489/3987 [00:07<00:54, 64.27it/s]
Benchmarking (colbert_centroid):  12%|█▏        | 496/3987 [00:07<00:53, 64.71it/s]
Benchmarking (colbert_centroid):  13%|█▎        | 503/3987 [00:08<00:54, 63.73it/s]
Benchmarking (colbert_centroid):  13%|█▎        | 510/3987 [00:08<00:55, 62.46it/s]
Benchmarking (colbert_centroid):  13%|█▎        | 517/3987 [00:08<00:54, 64.20it/s]
Benchmarking (colbert_centroid):  13%|█▎        | 524/3987 [00:08<00:53, 64.54it/s]
Benchmarking (colbert_centroid):  13%|█▎        | 531/3987 [00:08<00:55, 62.24it/s]
Benchmarking (colbert_centroid):  13%|█▎        | 538/3987 [00:08<00:54, 63.16it/s]
Benchmarking (colbert_centroid):  14%|█▎        | 545/3987 [00:08<00:55, 61.73it/s]
Benchmarking (colbert_centroid):  14%|█▍        | 552/3987 [00:08<00:57, 59.70it/s]
Benchmarking (colbert_centroid):  14%|█▍        | 559/3987 [00:08<00:56, 61.13it/s]
Benchmarking (colbert_centroid):  14%|█▍        | 566/3987 [00:09<00:56, 60.27it/s]
Benchmarking (colbert_centroid):  14%|█▍        | 573/3987 [00:09<00:55, 61.24it/s]
Benchmarking (colbert_centroid):  15%|█▍        | 580/3987 [00:09<00:55, 61.73it/s]
Benchmarking (colbert_centroid):  15%|█▍        | 587/3987 [00:09<00:55, 60.96it/s]
Benchmarking (colbert_centroid):  15%|█▍        | 594/3987 [00:09<00:53, 63.20it/s]
Benchmarking (colbert_centroid):  15%|█▌        | 601/3987 [00:09<00:54, 61.84it/s]
Benchmarking (colbert_centroid):  15%|█▌        | 608/3987 [00:09<00:55, 60.42it/s]
Benchmarking (colbert_centroid):  15%|█▌        | 615/3987 [00:09<00:55, 60.96it/s]
Benchmarking (colbert_centroid):  16%|█▌        | 622/3987 [00:09<00:54, 61.87it/s]
Benchmarking (colbert_centroid):  16%|█▌        | 629/3987 [00:10<00:54, 61.09it/s]
Benchmarking (colbert_centroid):  16%|█▌        | 636/3987 [00:10<00:54, 61.49it/s]
Benchmarking (colbert_centroid):  16%|█▌        | 643/3987 [00:10<00:53, 62.52it/s]
Benchmarking (colbert_centroid):  16%|█▋        | 650/3987 [00:10<00:53, 62.86it/s]
Benchmarking (colbert_centroid):  16%|█▋        | 657/3987 [00:10<00:51, 64.50it/s]
Benchmarking (colbert_centroid):  17%|█▋        | 664/3987 [00:10<00:51, 64.01it/s]
Benchmarking (colbert_centroid):  17%|█▋        | 671/3987 [00:10<00:50, 65.19it/s]
Benchmarking (colbert_centroid):  17%|█▋        | 678/3987 [00:10<00:52, 63.18it/s]
Benchmarking (colbert_centroid):  17%|█▋        | 685/3987 [00:10<00:51, 63.64it/s]
Benchmarking (colbert_centroid):  17%|█▋        | 692/3987 [00:11<00:53, 61.47it/s]
Benchmarking (colbert_centroid):  18%|█▊        | 699/3987 [00:11<00:52, 62.19it/s]
Benchmarking (colbert_centroid):  18%|█▊        | 706/3987 [00:11<00:51, 63.42it/s]
Benchmarking (colbert_centroid):  18%|█▊        | 713/3987 [00:11<00:52, 62.15it/s]
Benchmarking (colbert_centroid):  18%|█▊        | 720/3987 [00:11<00:51, 63.45it/s]
Benchmarking (colbert_centroid):  18%|█▊        | 727/3987 [00:11<00:52, 62.48it/s]
Benchmarking (colbert_centroid):  18%|█▊        | 734/3987 [00:11<00:52, 62.01it/s]
Benchmarking (colbert_centroid):  19%|█▊        | 741/3987 [00:11<00:52, 62.09it/s]
Benchmarking (colbert_centroid):  19%|█▉        | 749/3987 [00:11<00:50, 64.20it/s]
Benchmarking (colbert_centroid):  19%|█▉        | 756/3987 [00:12<00:49, 64.72it/s]
Benchmarking (colbert_centroid):  19%|█▉        | 763/3987 [00:12<00:48, 66.06it/s]
Benchmarking (colbert_centroid):  19%|█▉        | 770/3987 [00:12<00:49, 65.12it/s]
Benchmarking (colbert_centroid):  19%|█▉        | 777/3987 [00:12<00:49, 65.15it/s]
Benchmarking (colbert_centroid):  20%|█▉        | 784/3987 [00:12<00:49, 65.30it/s]
Benchmarking (colbert_centroid):  20%|█▉        | 791/3987 [00:12<00:49, 64.56it/s]
Benchmarking (colbert_centroid):  20%|██        | 799/3987 [00:12<00:48, 66.20it/s]
Benchmarking (colbert_centroid):  20%|██        | 806/3987 [00:12<00:47, 66.76it/s]
Benchmarking (colbert_centroid):  20%|██        | 813/3987 [00:12<00:48, 65.24it/s]
Benchmarking (colbert_centroid):  21%|██        | 820/3987 [00:13<00:48, 65.16it/s]
Benchmarking (colbert_centroid):  21%|██        | 827/3987 [00:13<00:48, 65.28it/s]
Benchmarking (colbert_centroid):  21%|██        | 834/3987 [00:13<00:48, 65.30it/s]
Benchmarking (colbert_centroid):  21%|██        | 841/3987 [00:13<00:48, 65.23it/s]
Benchmarking (colbert_centroid):  21%|██▏       | 848/3987 [00:13<00:49, 63.29it/s]
Benchmarking (colbert_centroid):  21%|██▏       | 855/3987 [00:13<00:49, 63.01it/s]
Benchmarking (colbert_centroid):  22%|██▏       | 862/3987 [00:13<00:51, 60.53it/s]
Benchmarking (colbert_centroid):  22%|██▏       | 869/3987 [00:13<00:50, 61.95it/s]
Benchmarking (colbert_centroid):  22%|██▏       | 876/3987 [00:13<00:49, 63.12it/s]
Benchmarking (colbert_centroid):  22%|██▏       | 883/3987 [00:14<00:48, 64.33it/s]
Benchmarking (colbert_centroid):  22%|██▏       | 890/3987 [00:14<00:48, 64.45it/s]
Benchmarking (colbert_centroid):  22%|██▏       | 897/3987 [00:14<00:48, 63.64it/s]
Benchmarking (colbert_centroid):  23%|██▎       | 904/3987 [00:14<00:50, 61.50it/s]
Benchmarking (colbert_centroid):  23%|██▎       | 911/3987 [00:14<00:48, 63.38it/s]
Benchmarking (colbert_centroid):  23%|██▎       | 918/3987 [00:14<00:49, 61.85it/s]
Benchmarking (colbert_centroid):  23%|██▎       | 925/3987 [00:14<00:48, 63.45it/s]
Benchmarking (colbert_centroid):  23%|██▎       | 932/3987 [00:14<00:47, 64.13it/s]
Benchmarking (colbert_centroid):  24%|██▎       | 939/3987 [00:14<00:47, 64.58it/s]
Benchmarking (colbert_centroid):  24%|██▎       | 946/3987 [00:15<00:46, 64.93it/s]
Benchmarking (colbert_centroid):  24%|██▍       | 953/3987 [00:15<00:47, 63.89it/s]
Benchmarking (colbert_centroid):  24%|██▍       | 960/3987 [00:15<00:47, 64.16it/s]
Benchmarking (colbert_centroid):  24%|██▍       | 967/3987 [00:15<00:48, 62.11it/s]
Benchmarking (colbert_centroid):  24%|██▍       | 974/3987 [00:15<00:47, 62.97it/s]
Benchmarking (colbert_centroid):  25%|██▍       | 981/3987 [00:15<00:46, 63.97it/s]
Benchmarking (colbert_centroid):  25%|██▍       | 988/3987 [00:15<00:47, 63.17it/s]
Benchmarking (colbert_centroid):  25%|██▍       | 996/3987 [00:15<00:45, 65.05it/s]
Benchmarking (colbert_centroid):  25%|██▌       | 1003/3987 [00:15<00:45, 65.92it/s]
Benchmarking (colbert_centroid):  25%|██▌       | 1010/3987 [00:16<00:45, 65.65it/s]
Benchmarking (colbert_centroid):  26%|██▌       | 1017/3987 [00:16<00:46, 63.65it/s]
Benchmarking (colbert_centroid):  26%|██▌       | 1024/3987 [00:16<00:46, 63.67it/s]
Benchmarking (colbert_centroid):  26%|██▌       | 1031/3987 [00:16<00:46, 64.12it/s]
Benchmarking (colbert_centroid):  26%|██▌       | 1038/3987 [00:16<00:47, 61.49it/s]
Benchmarking (colbert_centroid):  26%|██▌       | 1045/3987 [00:16<00:47, 62.59it/s]
Benchmarking (colbert_centroid):  26%|██▋       | 1052/3987 [00:16<00:46, 63.01it/s]
Benchmarking (colbert_centroid):  27%|██▋       | 1059/3987 [00:16<00:46, 62.54it/s]
Benchmarking (colbert_centroid):  27%|██▋       | 1066/3987 [00:16<00:45, 64.16it/s]
Benchmarking (colbert_centroid):  27%|██▋       | 1073/3987 [00:17<00:46, 63.27it/s]
Benchmarking (colbert_centroid):  27%|██▋       | 1080/3987 [00:17<00:45, 63.99it/s]
Benchmarking (colbert_centroid):  27%|██▋       | 1087/3987 [00:17<00:44, 64.54it/s]
Benchmarking (colbert_centroid):  27%|██▋       | 1094/3987 [00:17<00:44, 65.50it/s]
Benchmarking (colbert_centroid):  28%|██▊       | 1101/3987 [00:17<00:44, 64.37it/s]
Benchmarking (colbert_centroid):  28%|██▊       | 1108/3987 [00:17<00:43, 65.81it/s]
Benchmarking (colbert_centroid):  28%|██▊       | 1115/3987 [00:17<00:43, 65.63it/s]
Benchmarking (colbert_centroid):  28%|██▊       | 1122/3987 [00:17<00:43, 65.69it/s]
Benchmarking (colbert_centroid):  28%|██▊       | 1129/3987 [00:17<00:45, 62.84it/s]
Benchmarking (colbert_centroid):  28%|██▊       | 1136/3987 [00:18<00:45, 63.05it/s]
Benchmarking (colbert_centroid):  29%|██▊       | 1143/3987 [00:18<00:44, 63.78it/s]
Benchmarking (colbert_centroid):  29%|██▉       | 1150/3987 [00:18<00:46, 61.27it/s]
Benchmarking (colbert_centroid):  29%|██▉       | 1157/3987 [00:18<00:45, 61.63it/s]
Benchmarking (colbert_centroid):  29%|██▉       | 1164/3987 [00:18<00:44, 63.71it/s]
Benchmarking (colbert_centroid):  29%|██▉       | 1171/3987 [00:18<00:43, 64.24it/s]
Benchmarking (colbert_centroid):  30%|██▉       | 1178/3987 [00:18<00:43, 64.11it/s]
Benchmarking (colbert_centroid):  30%|██▉       | 1185/3987 [00:18<00:43, 64.66it/s]
Benchmarking (colbert_centroid):  30%|██▉       | 1192/3987 [00:18<00:43, 64.10it/s]
Benchmarking (colbert_centroid):  30%|███       | 1199/3987 [00:19<00:42, 64.95it/s]
Benchmarking (colbert_centroid):  30%|███       | 1206/3987 [00:19<00:43, 63.78it/s]
Benchmarking (colbert_centroid):  30%|███       | 1213/3987 [00:19<00:43, 64.19it/s]
Benchmarking (colbert_centroid):  31%|███       | 1220/3987 [00:19<00:43, 63.20it/s]
Benchmarking (colbert_centroid):  31%|███       | 1227/3987 [00:19<00:43, 63.87it/s]
Benchmarking (colbert_centroid):  31%|███       | 1235/3987 [00:19<00:41, 65.81it/s]
Benchmarking (colbert_centroid):  31%|███       | 1242/3987 [00:19<00:42, 65.30it/s]
Benchmarking (colbert_centroid):  31%|███▏      | 1249/3987 [00:19<00:43, 62.26it/s]
Benchmarking (colbert_centroid):  32%|███▏      | 1256/3987 [00:19<00:44, 60.97it/s]
Benchmarking (colbert_centroid):  32%|███▏      | 1263/3987 [00:20<00:45, 60.25it/s]
Benchmarking (colbert_centroid):  32%|███▏      | 1270/3987 [00:20<00:43, 61.87it/s]
Benchmarking (colbert_centroid):  32%|███▏      | 1277/3987 [00:20<00:44, 61.10it/s]
Benchmarking (colbert_centroid):  32%|███▏      | 1284/3987 [00:20<00:45, 59.10it/s]
Benchmarking (colbert_centroid):  32%|███▏      | 1291/3987 [00:20<00:45, 59.87it/s]
Benchmarking (colbert_centroid):  33%|███▎      | 1298/3987 [00:20<00:43, 61.97it/s]
Benchmarking (colbert_centroid):  33%|███▎      | 1305/3987 [00:20<00:43, 61.11it/s]
Benchmarking (colbert_centroid):  33%|███▎      | 1312/3987 [00:20<00:42, 62.60it/s]
Benchmarking (colbert_centroid):  33%|███▎      | 1319/3987 [00:20<00:42, 62.44it/s]
Benchmarking (colbert_centroid):  33%|███▎      | 1326/3987 [00:21<00:42, 63.05it/s]
Benchmarking (colbert_centroid):  33%|███▎      | 1333/3987 [00:21<00:42, 61.79it/s]
Benchmarking (colbert_centroid):  34%|███▎      | 1340/3987 [00:21<00:41, 63.75it/s]
Benchmarking (colbert_centroid):  34%|███▍      | 1348/3987 [00:21<00:40, 65.70it/s]
Benchmarking (colbert_centroid):  34%|███▍      | 1355/3987 [00:21<00:40, 65.45it/s]
Benchmarking (colbert_centroid):  34%|███▍      | 1362/3987 [00:21<00:40, 64.31it/s]
Benchmarking (colbert_centroid):  34%|███▍      | 1369/3987 [00:21<00:42, 61.23it/s]
Benchmarking (colbert_centroid):  35%|███▍      | 1376/3987 [00:21<00:41, 62.92it/s]
Benchmarking (colbert_centroid):  35%|███▍      | 1383/3987 [00:21<00:41, 63.49it/s]
Benchmarking (colbert_centroid):  35%|███▍      | 1390/3987 [00:22<00:40, 63.77it/s]
Benchmarking (colbert_centroid):  35%|███▌      | 1397/3987 [00:22<00:40, 64.49it/s]
Benchmarking (colbert_centroid):  35%|███▌      | 1404/3987 [00:22<00:41, 62.25it/s]
Benchmarking (colbert_centroid):  35%|███▌      | 1411/3987 [00:22<00:40, 63.25it/s]
Benchmarking (colbert_centroid):  36%|███▌      | 1418/3987 [00:22<00:40, 63.54it/s]
Benchmarking (colbert_centroid):  36%|███▌      | 1425/3987 [00:22<00:41, 62.42it/s]
Benchmarking (colbert_centroid):  36%|███▌      | 1432/3987 [00:22<00:42, 60.45it/s]
Benchmarking (colbert_centroid):  36%|███▌      | 1439/3987 [00:22<00:42, 60.47it/s]
Benchmarking (colbert_centroid):  36%|███▋      | 1446/3987 [00:22<00:41, 60.95it/s]
Benchmarking (colbert_centroid):  36%|███▋      | 1453/3987 [00:23<00:41, 61.43it/s]
Benchmarking (colbert_centroid):  37%|███▋      | 1460/3987 [00:23<00:41, 60.76it/s]
Benchmarking (colbert_centroid):  37%|███▋      | 1467/3987 [00:23<00:41, 60.26it/s]
Benchmarking (colbert_centroid):  37%|███▋      | 1474/3987 [00:23<00:42, 59.02it/s]
Benchmarking (colbert_centroid):  37%|███▋      | 1481/3987 [00:23<00:40, 61.46it/s]
Benchmarking (colbert_centroid):  37%|███▋      | 1488/3987 [00:23<00:40, 61.16it/s]
Benchmarking (colbert_centroid):  37%|███▋      | 1495/3987 [00:23<00:40, 61.36it/s]
Benchmarking (colbert_centroid):  38%|███▊      | 1502/3987 [00:23<00:40, 61.50it/s]
Benchmarking (colbert_centroid):  38%|███▊      | 1509/3987 [00:23<00:39, 63.48it/s]
Benchmarking (colbert_centroid):  38%|███▊      | 1516/3987 [00:24<00:38, 64.14it/s]
Benchmarking (colbert_centroid):  38%|███▊      | 1523/3987 [00:24<00:39, 62.30it/s]
Benchmarking (colbert_centroid):  38%|███▊      | 1530/3987 [00:24<00:40, 60.05it/s]
Benchmarking (colbert_centroid):  39%|███▊      | 1537/3987 [00:24<00:39, 61.39it/s]
Benchmarking (colbert_centroid):  39%|███▊      | 1544/3987 [00:24<00:38, 63.28it/s]
Benchmarking (colbert_centroid):  39%|███▉      | 1551/3987 [00:24<00:39, 61.83it/s]
Benchmarking (colbert_centroid):  39%|███▉      | 1559/3987 [00:24<00:37, 64.34it/s]
Benchmarking (colbert_centroid):  39%|███▉      | 1566/3987 [00:24<00:38, 63.34it/s]
Benchmarking (colbert_centroid):  39%|███▉      | 1573/3987 [00:25<00:37, 64.72it/s]
Benchmarking (colbert_centroid):  40%|███▉      | 1580/3987 [00:25<00:37, 63.93it/s]
Benchmarking (colbert_centroid):  40%|███▉      | 1588/3987 [00:25<00:36, 65.83it/s]
Benchmarking (colbert_centroid):  40%|████      | 1595/3987 [00:25<00:37, 63.71it/s]
Benchmarking (colbert_centroid):  40%|████      | 1602/3987 [00:25<00:36, 65.40it/s]
Benchmarking (colbert_centroid):  40%|████      | 1609/3987 [00:25<00:36, 65.28it/s]
Benchmarking (colbert_centroid):  41%|████      | 1616/3987 [00:25<00:37, 63.07it/s]
Benchmarking (colbert_centroid):  41%|████      | 1623/3987 [00:25<00:37, 63.63it/s]
Benchmarking (colbert_centroid):  41%|████      | 1630/3987 [00:25<00:37, 62.18it/s]
Benchmarking (colbert_centroid):  41%|████      | 1637/3987 [00:26<00:37, 62.04it/s]
Benchmarking (colbert_centroid):  41%|████      | 1644/3987 [00:26<00:37, 62.77it/s]
Benchmarking (colbert_centroid):  41%|████▏     | 1651/3987 [00:26<00:37, 62.68it/s]
Benchmarking (colbert_centroid):  42%|████▏     | 1658/3987 [00:26<00:37, 62.41it/s]
Benchmarking (colbert_centroid):  42%|████▏     | 1665/3987 [00:26<00:37, 62.34it/s]
Benchmarking (colbert_centroid):  42%|████▏     | 1672/3987 [00:26<00:37, 61.33it/s]
Benchmarking (colbert_centroid):  42%|████▏     | 1679/3987 [00:26<00:37, 61.53it/s]
Benchmarking (colbert_centroid):  42%|████▏     | 1686/3987 [00:26<00:36, 62.78it/s]
Benchmarking (colbert_centroid):  42%|████▏     | 1693/3987 [00:26<00:37, 61.40it/s]
Benchmarking (colbert_centroid):  43%|████▎     | 1700/3987 [00:27<00:37, 60.42it/s]
Benchmarking (colbert_centroid):  43%|████▎     | 1707/3987 [00:27<00:37, 60.86it/s]
Benchmarking (colbert_centroid):  43%|████▎     | 1714/3987 [00:27<00:36, 62.26it/s]
Benchmarking (colbert_centroid):  43%|████▎     | 1721/3987 [00:27<00:36, 61.96it/s]
Benchmarking (colbert_centroid):  43%|████▎     | 1728/3987 [00:27<00:35, 62.95it/s]
Benchmarking (colbert_centroid):  44%|████▎     | 1735/3987 [00:27<00:36, 62.29it/s]
Benchmarking (colbert_centroid):  44%|████▎     | 1742/3987 [00:27<00:35, 63.44it/s]
Benchmarking (colbert_centroid):  44%|████▍     | 1749/3987 [00:27<00:34, 64.09it/s]
Benchmarking (colbert_centroid):  44%|████▍     | 1756/3987 [00:27<00:34, 63.93it/s]
Benchmarking (colbert_centroid):  44%|████▍     | 1763/3987 [00:28<00:35, 62.46it/s]
Benchmarking (colbert_centroid):  44%|████▍     | 1770/3987 [00:28<00:36, 60.37it/s]
Benchmarking (colbert_centroid):  45%|████▍     | 1777/3987 [00:28<00:36, 60.45it/s]
Benchmarking (colbert_centroid):  45%|████▍     | 1784/3987 [00:28<00:35, 61.51it/s]
Benchmarking (colbert_centroid):  45%|████▍     | 1791/3987 [00:28<00:36, 59.66it/s]
Benchmarking (colbert_centroid):  45%|████▌     | 1798/3987 [00:28<00:35, 60.86it/s]
Benchmarking (colbert_centroid):  45%|████▌     | 1805/3987 [00:28<00:36, 59.23it/s]
Benchmarking (colbert_centroid):  45%|████▌     | 1812/3987 [00:28<00:36, 59.28it/s]
Benchmarking (colbert_centroid):  46%|████▌     | 1819/3987 [00:28<00:35, 60.85it/s]
Benchmarking (colbert_centroid):  46%|████▌     | 1826/3987 [00:29<00:34, 63.00it/s]
Benchmarking (colbert_centroid):  46%|████▌     | 1833/3987 [00:29<00:35, 60.96it/s]
Benchmarking (colbert_centroid):  46%|████▌     | 1840/3987 [00:29<00:35, 61.11it/s]
Benchmarking (colbert_centroid):  46%|████▋     | 1847/3987 [00:29<00:34, 61.55it/s]
Benchmarking (colbert_centroid):  47%|████▋     | 1854/3987 [00:29<00:35, 59.32it/s]
Benchmarking (colbert_centroid):  47%|████▋     | 1861/3987 [00:29<00:35, 60.71it/s]
Benchmarking (colbert_centroid):  47%|████▋     | 1868/3987 [00:29<00:35, 59.68it/s]
Benchmarking (colbert_centroid):  47%|████▋     | 1874/3987 [00:29<00:35, 58.84it/s]
Benchmarking (colbert_centroid):  47%|████▋     | 1881/3987 [00:30<00:34, 60.74it/s]
Benchmarking (colbert_centroid):  47%|████▋     | 1888/3987 [00:30<00:34, 61.66it/s]
Benchmarking (colbert_centroid):  48%|████▊     | 1895/3987 [00:30<00:32, 63.86it/s]
Benchmarking (colbert_centroid):  48%|████▊     | 1902/3987 [00:30<00:33, 63.18it/s]
Benchmarking (colbert_centroid):  48%|████▊     | 1909/3987 [00:30<00:33, 62.71it/s]
Benchmarking (colbert_centroid):  48%|████▊     | 1916/3987 [00:30<00:33, 61.42it/s]
Benchmarking (colbert_centroid):  48%|████▊     | 1923/3987 [00:30<00:34, 60.43it/s]
Benchmarking (colbert_centroid):  48%|████▊     | 1930/3987 [00:30<00:34, 60.44it/s]
Benchmarking (colbert_centroid):  49%|████▊     | 1937/3987 [00:30<00:34, 59.97it/s]
Benchmarking (colbert_centroid):  49%|████▉     | 1944/3987 [00:31<00:33, 61.26it/s]
Benchmarking (colbert_centroid):  49%|████▉     | 1951/3987 [00:31<00:33, 61.53it/s]
Benchmarking (colbert_centroid):  49%|████▉     | 1958/3987 [00:31<00:31, 63.69it/s]
Benchmarking (colbert_centroid):  49%|████▉     | 1965/3987 [00:31<00:31, 63.75it/s]
Benchmarking (colbert_centroid):  49%|████▉     | 1972/3987 [00:31<00:31, 64.37it/s]
Benchmarking (colbert_centroid):  50%|████▉     | 1979/3987 [00:31<00:31, 64.49it/s]
Benchmarking (colbert_centroid):  50%|████▉     | 1986/3987 [00:31<00:31, 63.80it/s]
Benchmarking (colbert_centroid):  50%|████▉     | 1993/3987 [00:31<00:32, 62.03it/s]
Benchmarking (colbert_centroid):  50%|█████     | 2000/3987 [00:31<00:32, 61.99it/s]
Benchmarking (colbert_centroid):  50%|█████     | 2007/3987 [00:32<00:31, 63.07it/s]
Benchmarking (colbert_centroid):  51%|█████     | 2014/3987 [00:32<00:30, 63.81it/s]
Benchmarking (colbert_centroid):  51%|█████     | 2021/3987 [00:32<00:30, 65.45it/s]
Benchmarking (colbert_centroid):  51%|█████     | 2028/3987 [00:32<00:29, 66.73it/s]
Benchmarking (colbert_centroid):  51%|█████     | 2036/3987 [00:32<00:29, 66.78it/s]
Benchmarking (colbert_centroid):  51%|█████     | 2043/3987 [00:32<00:30, 64.15it/s]
Benchmarking (colbert_centroid):  51%|█████▏    | 2050/3987 [00:32<00:29, 64.66it/s]
Benchmarking (colbert_centroid):  52%|█████▏    | 2057/3987 [00:32<00:29, 64.87it/s]
Benchmarking (colbert_centroid):  52%|█████▏    | 2065/3987 [00:32<00:28, 66.49it/s]
Benchmarking (colbert_centroid):  52%|█████▏    | 2072/3987 [00:33<00:30, 63.62it/s]
Benchmarking (colbert_centroid):  52%|█████▏    | 2079/3987 [00:33<00:29, 63.98it/s]
Benchmarking (colbert_centroid):  52%|█████▏    | 2086/3987 [00:33<00:29, 64.54it/s]
Benchmarking (colbert_centroid):  52%|█████▏    | 2093/3987 [00:33<00:29, 64.57it/s]
Benchmarking (colbert_centroid):  53%|█████▎    | 2100/3987 [00:33<00:29, 65.07it/s]
Benchmarking (colbert_centroid):  53%|█████▎    | 2107/3987 [00:33<00:29, 64.13it/s]
Benchmarking (colbert_centroid):  53%|█████▎    | 2114/3987 [00:33<00:29, 63.61it/s]
Benchmarking (colbert_centroid):  53%|█████▎    | 2121/3987 [00:33<00:29, 64.19it/s]
Benchmarking (colbert_centroid):  53%|█████▎    | 2128/3987 [00:33<00:30, 61.57it/s]
Benchmarking (colbert_centroid):  54%|█████▎    | 2136/3987 [00:34<00:28, 64.27it/s]
Benchmarking (colbert_centroid):  54%|█████▎    | 2143/3987 [00:34<00:29, 63.36it/s]
Benchmarking (colbert_centroid):  54%|█████▍    | 2150/3987 [00:34<00:29, 62.98it/s]
Benchmarking (colbert_centroid):  54%|█████▍    | 2157/3987 [00:34<00:28, 64.68it/s]
Benchmarking (colbert_centroid):  54%|█████▍    | 2164/3987 [00:34<00:28, 64.77it/s]
Benchmarking (colbert_centroid):  54%|█████▍    | 2171/3987 [00:34<00:27, 66.20it/s]
Benchmarking (colbert_centroid):  55%|█████▍    | 2178/3987 [00:34<00:27, 64.73it/s]
Benchmarking (colbert_centroid):  55%|█████▍    | 2185/3987 [00:34<00:28, 63.62it/s]
Benchmarking (colbert_centroid):  55%|█████▍    | 2192/3987 [00:34<00:28, 62.00it/s]
Benchmarking (colbert_centroid):  55%|█████▌    | 2199/3987 [00:35<00:29, 59.94it/s]
Benchmarking (colbert_centroid):  55%|█████▌    | 2206/3987 [00:35<00:29, 59.89it/s]
Benchmarking (colbert_centroid):  56%|█████▌    | 2213/3987 [00:35<00:29, 60.40it/s]
Benchmarking (colbert_centroid):  56%|█████▌    | 2220/3987 [00:35<00:28, 61.15it/s]
Benchmarking (colbert_centroid):  56%|█████▌    | 2227/3987 [00:35<00:28, 62.50it/s]
Benchmarking (colbert_centroid):  56%|█████▌    | 2234/3987 [00:35<00:28, 61.45it/s]
Benchmarking (colbert_centroid):  56%|█████▌    | 2241/3987 [00:35<00:28, 61.63it/s]
Benchmarking (colbert_centroid):  56%|█████▋    | 2248/3987 [00:35<00:27, 62.49it/s]
Benchmarking (colbert_centroid):  57%|█████▋    | 2255/3987 [00:35<00:29, 59.56it/s]
Benchmarking (colbert_centroid):  57%|█████▋    | 2261/3987 [00:36<00:28, 59.66it/s]
Benchmarking (colbert_centroid):  57%|█████▋    | 2268/3987 [00:36<00:28, 60.46it/s]
Benchmarking (colbert_centroid):  57%|█████▋    | 2275/3987 [00:36<00:28, 59.31it/s]
Benchmarking (colbert_centroid):  57%|█████▋    | 2282/3987 [00:36<00:27, 61.10it/s]
Benchmarking (colbert_centroid):  57%|█████▋    | 2289/3987 [00:36<00:27, 62.41it/s]
Benchmarking (colbert_centroid):  58%|█████▊    | 2296/3987 [00:36<00:26, 63.55it/s]
Benchmarking (colbert_centroid):  58%|█████▊    | 2303/3987 [00:36<00:27, 61.79it/s]
Benchmarking (colbert_centroid):  58%|█████▊    | 2310/3987 [00:36<00:27, 61.86it/s]
Benchmarking (colbert_centroid):  58%|█████▊    | 2317/3987 [00:36<00:27, 61.55it/s]
Benchmarking (colbert_centroid):  58%|█████▊    | 2324/3987 [00:37<00:26, 62.53it/s]
Benchmarking (colbert_centroid):  58%|█████▊    | 2331/3987 [00:37<00:27, 61.22it/s]
Benchmarking (colbert_centroid):  59%|█████▊    | 2338/3987 [00:37<00:26, 61.38it/s]
Benchmarking (colbert_centroid):  59%|█████▉    | 2345/3987 [00:37<00:26, 62.79it/s]
Benchmarking (colbert_centroid):  59%|█████▉    | 2352/3987 [00:37<00:25, 63.61it/s]
Benchmarking (colbert_centroid):  59%|█████▉    | 2359/3987 [00:37<00:26, 62.31it/s]
Benchmarking (colbert_centroid):  59%|█████▉    | 2366/3987 [00:37<00:26, 60.85it/s]
Benchmarking (colbert_centroid):  60%|█████▉    | 2373/3987 [00:37<00:27, 59.15it/s]
Benchmarking (colbert_centroid):  60%|█████▉    | 2380/3987 [00:37<00:25, 61.82it/s]
Benchmarking (colbert_centroid):  60%|█████▉    | 2388/3987 [00:38<00:25, 63.50it/s]
Benchmarking (colbert_centroid):  60%|██████    | 2395/3987 [00:38<00:25, 61.98it/s]
Benchmarking (colbert_centroid):  60%|██████    | 2403/3987 [00:38<00:24, 64.41it/s]
Benchmarking (colbert_centroid):  60%|██████    | 2411/3987 [00:38<00:24, 65.16it/s]
Benchmarking (colbert_centroid):  61%|██████    | 2418/3987 [00:38<00:24, 63.48it/s]
Benchmarking (colbert_centroid):  61%|██████    | 2425/3987 [00:38<00:25, 62.39it/s]
Benchmarking (colbert_centroid):  61%|██████    | 2432/3987 [00:38<00:25, 60.29it/s]
Benchmarking (colbert_centroid):  61%|██████    | 2439/3987 [00:38<00:25, 59.96it/s]
Benchmarking (colbert_centroid):  61%|██████▏   | 2446/3987 [00:39<00:26, 58.42it/s]
Benchmarking (colbert_centroid):  61%|██████▏   | 2452/3987 [00:39<00:27, 56.85it/s]
Benchmarking (colbert_centroid):  62%|██████▏   | 2459/3987 [00:39<00:25, 59.26it/s]
Benchmarking (colbert_centroid):  62%|██████▏   | 2465/3987 [00:39<00:25, 59.14it/s]
Benchmarking (colbert_centroid):  62%|██████▏   | 2472/3987 [00:39<00:24, 60.76it/s]
Benchmarking (colbert_centroid):  62%|██████▏   | 2479/3987 [00:39<00:24, 60.95it/s]
Benchmarking (colbert_centroid):  62%|██████▏   | 2486/3987 [00:39<00:24, 62.28it/s]
Benchmarking (colbert_centroid):  63%|██████▎   | 2493/3987 [00:39<00:23, 63.69it/s]
Benchmarking (colbert_centroid):  63%|██████▎   | 2500/3987 [00:39<00:23, 63.44it/s]
Benchmarking (colbert_centroid):  63%|██████▎   | 2507/3987 [00:40<00:22, 65.08it/s]
Benchmarking (colbert_centroid):  63%|██████▎   | 2514/3987 [00:40<00:22, 64.86it/s]
Benchmarking (colbert_centroid):  63%|██████▎   | 2521/3987 [00:40<00:22, 63.81it/s]
Benchmarking (colbert_centroid):  63%|██████▎   | 2528/3987 [00:40<00:22, 64.01it/s]
Benchmarking (colbert_centroid):  64%|██████▎   | 2535/3987 [00:40<00:23, 61.91it/s]
Benchmarking (colbert_centroid):  64%|██████▍   | 2542/3987 [00:40<00:23, 61.33it/s]
Benchmarking (colbert_centroid):  64%|██████▍   | 2549/3987 [00:40<00:22, 62.57it/s]
Benchmarking (colbert_centroid):  64%|██████▍   | 2556/3987 [00:40<00:22, 62.37it/s]
Benchmarking (colbert_centroid):  64%|██████▍   | 2563/3987 [00:40<00:23, 61.02it/s]
Benchmarking (colbert_centroid):  64%|██████▍   | 2570/3987 [00:41<00:23, 60.18it/s]
Benchmarking (colbert_centroid):  65%|██████▍   | 2577/3987 [00:41<00:22, 62.15it/s]
Benchmarking (colbert_centroid):  65%|██████▍   | 2584/3987 [00:41<00:23, 60.67it/s]
Benchmarking (colbert_centroid):  65%|██████▍   | 2591/3987 [00:41<00:22, 60.83it/s]
Benchmarking (colbert_centroid):  65%|██████▌   | 2598/3987 [00:41<00:22, 61.21it/s]
Benchmarking (colbert_centroid):  65%|██████▌   | 2605/3987 [00:41<00:22, 60.60it/s]
Benchmarking (colbert_centroid):  66%|██████▌   | 2612/3987 [00:41<00:22, 60.66it/s]
Benchmarking (colbert_centroid):  66%|██████▌   | 2619/3987 [00:41<00:22, 61.08it/s]
Benchmarking (colbert_centroid):  66%|██████▌   | 2626/3987 [00:41<00:22, 61.42it/s]
Benchmarking (colbert_centroid):  66%|██████▌   | 2633/3987 [00:42<00:21, 61.72it/s]
Benchmarking (colbert_centroid):  66%|██████▌   | 2640/3987 [00:42<00:21, 63.05it/s]
Benchmarking (colbert_centroid):  66%|██████▋   | 2647/3987 [00:42<00:21, 63.78it/s]
Benchmarking (colbert_centroid):  67%|██████▋   | 2654/3987 [00:42<00:21, 61.28it/s]
Benchmarking (colbert_centroid):  67%|██████▋   | 2661/3987 [00:42<00:21, 61.59it/s]
Benchmarking (colbert_centroid):  67%|██████▋   | 2668/3987 [00:42<00:21, 60.64it/s]
Benchmarking (colbert_centroid):  67%|██████▋   | 2676/3987 [00:42<00:20, 63.57it/s]
Benchmarking (colbert_centroid):  67%|██████▋   | 2683/3987 [00:42<00:20, 62.24it/s]
Benchmarking (colbert_centroid):  67%|██████▋   | 2690/3987 [00:42<00:21, 61.36it/s]
Benchmarking (colbert_centroid):  68%|██████▊   | 2697/3987 [00:43<00:21, 60.01it/s]
Benchmarking (colbert_centroid):  68%|██████▊   | 2704/3987 [00:43<00:21, 60.50it/s]
Benchmarking (colbert_centroid):  68%|██████▊   | 2711/3987 [00:43<00:20, 61.85it/s]
Benchmarking (colbert_centroid):  68%|██████▊   | 2718/3987 [00:43<00:20, 62.72it/s]
Benchmarking (colbert_centroid):  68%|██████▊   | 2725/3987 [00:43<00:19, 63.43it/s]
Benchmarking (colbert_centroid):  69%|██████▊   | 2732/3987 [00:43<00:19, 62.77it/s]
Benchmarking (colbert_centroid):  69%|██████▊   | 2739/3987 [00:43<00:19, 63.58it/s]
Benchmarking (colbert_centroid):  69%|██████▉   | 2746/3987 [00:43<00:19, 64.30it/s]
Benchmarking (colbert_centroid):  69%|██████▉   | 2753/3987 [00:43<00:19, 62.45it/s]
Benchmarking (colbert_centroid):  69%|██████▉   | 2760/3987 [00:44<00:19, 64.26it/s]
Benchmarking (colbert_centroid):  69%|██████▉   | 2767/3987 [00:44<00:19, 63.60it/s]
Benchmarking (colbert_centroid):  70%|██████▉   | 2774/3987 [00:44<00:18, 65.34it/s]
Benchmarking (colbert_centroid):  70%|██████▉   | 2781/3987 [00:44<00:18, 64.31it/s]
Benchmarking (colbert_centroid):  70%|██████▉   | 2788/3987 [00:44<00:19, 62.31it/s]
Benchmarking (colbert_centroid):  70%|███████   | 2795/3987 [00:44<00:18, 64.43it/s]
Benchmarking (colbert_centroid):  70%|███████   | 2802/3987 [00:44<00:18, 64.62it/s]
Benchmarking (colbert_centroid):  70%|███████   | 2809/3987 [00:44<00:19, 61.64it/s]
Benchmarking (colbert_centroid):  71%|███████   | 2816/3987 [00:44<00:19, 61.29it/s]
Benchmarking (colbert_centroid):  71%|███████   | 2823/3987 [00:45<00:19, 59.70it/s]
Benchmarking (colbert_centroid):  71%|███████   | 2830/3987 [00:45<00:18, 61.11it/s]
Benchmarking (colbert_centroid):  71%|███████   | 2837/3987 [00:45<00:19, 59.50it/s]
Benchmarking (colbert_centroid):  71%|███████▏  | 2844/3987 [00:45<00:19, 60.11it/s]
Benchmarking (colbert_centroid):  72%|███████▏  | 2851/3987 [00:45<00:18, 60.73it/s]
Benchmarking (colbert_centroid):  72%|███████▏  | 2858/3987 [00:45<00:18, 62.12it/s]
Benchmarking (colbert_centroid):  72%|███████▏  | 2865/3987 [00:45<00:17, 64.23it/s]
Benchmarking (colbert_centroid):  72%|███████▏  | 2872/3987 [00:45<00:17, 63.78it/s]
Benchmarking (colbert_centroid):  72%|███████▏  | 2879/3987 [00:46<00:17, 62.00it/s]
Benchmarking (colbert_centroid):  72%|███████▏  | 2886/3987 [00:46<00:17, 62.97it/s]
Benchmarking (colbert_centroid):  73%|███████▎  | 2893/3987 [00:46<00:17, 62.53it/s]
Benchmarking (colbert_centroid):  73%|███████▎  | 2900/3987 [00:46<00:17, 63.87it/s]
Benchmarking (colbert_centroid):  73%|███████▎  | 2907/3987 [00:46<00:16, 65.40it/s]
Benchmarking (colbert_centroid):  73%|███████▎  | 2914/3987 [00:46<00:16, 65.69it/s]
Benchmarking (colbert_centroid):  73%|███████▎  | 2921/3987 [00:46<00:16, 64.51it/s]
Benchmarking (colbert_centroid):  73%|███████▎  | 2928/3987 [00:46<00:16, 64.66it/s]
Benchmarking (colbert_centroid):  74%|███████▎  | 2935/3987 [00:46<00:16, 64.61it/s]
Benchmarking (colbert_centroid):  74%|███████▍  | 2942/3987 [00:46<00:15, 65.95it/s]
Benchmarking (colbert_centroid):  74%|███████▍  | 2949/3987 [00:47<00:15, 65.84it/s]
Benchmarking (colbert_centroid):  74%|███████▍  | 2956/3987 [00:47<00:16, 62.30it/s]
Benchmarking (colbert_centroid):  74%|███████▍  | 2963/3987 [00:47<00:15, 64.21it/s]
Benchmarking (colbert_centroid):  75%|███████▍  | 2971/3987 [00:47<00:15, 66.04it/s]
Benchmarking (colbert_centroid):  75%|███████▍  | 2978/3987 [00:47<00:15, 63.86it/s]
Benchmarking (colbert_centroid):  75%|███████▍  | 2985/3987 [00:47<00:15, 63.40it/s]
Benchmarking (colbert_centroid):  75%|███████▌  | 2992/3987 [00:47<00:15, 63.93it/s]
Benchmarking (colbert_centroid):  75%|███████▌  | 2999/3987 [00:47<00:15, 64.63it/s]
Benchmarking (colbert_centroid):  75%|███████▌  | 3006/3987 [00:47<00:14, 65.80it/s]
Benchmarking (colbert_centroid):  76%|███████▌  | 3013/3987 [00:48<00:14, 65.60it/s]
Benchmarking (colbert_centroid):  76%|███████▌  | 3020/3987 [00:48<00:15, 64.38it/s]
Benchmarking (colbert_centroid):  76%|███████▌  | 3027/3987 [00:48<00:14, 65.53it/s]
Benchmarking (colbert_centroid):  76%|███████▌  | 3034/3987 [00:48<00:15, 63.29it/s]
Benchmarking (colbert_centroid):  76%|███████▋  | 3041/3987 [00:48<00:15, 62.05it/s]
Benchmarking (colbert_centroid):  76%|███████▋  | 3048/3987 [00:48<00:15, 62.36it/s]
Benchmarking (colbert_centroid):  77%|███████▋  | 3055/3987 [00:48<00:14, 62.27it/s]
Benchmarking (colbert_centroid):  77%|███████▋  | 3062/3987 [00:48<00:14, 63.01it/s]
Benchmarking (colbert_centroid):  77%|███████▋  | 3069/3987 [00:48<00:14, 63.98it/s]
Benchmarking (colbert_centroid):  77%|███████▋  | 3076/3987 [00:49<00:14, 62.22it/s]
Benchmarking (colbert_centroid):  77%|███████▋  | 3083/3987 [00:49<00:14, 63.14it/s]
Benchmarking (colbert_centroid):  78%|███████▊  | 3090/3987 [00:49<00:13, 64.44it/s]
Benchmarking (colbert_centroid):  78%|███████▊  | 3097/3987 [00:49<00:13, 66.01it/s]
Benchmarking (colbert_centroid):  78%|███████▊  | 3104/3987 [00:49<00:13, 64.64it/s]
Benchmarking (colbert_centroid):  78%|███████▊  | 3111/3987 [00:49<00:13, 63.10it/s]
Benchmarking (colbert_centroid):  78%|███████▊  | 3118/3987 [00:49<00:13, 63.53it/s]
Benchmarking (colbert_centroid):  78%|███████▊  | 3125/3987 [00:49<00:13, 62.88it/s]
Benchmarking (colbert_centroid):  79%|███████▊  | 3132/3987 [00:49<00:13, 63.38it/s]
Benchmarking (colbert_centroid):  79%|███████▊  | 3139/3987 [00:50<00:13, 63.19it/s]
Benchmarking (colbert_centroid):  79%|███████▉  | 3146/3987 [00:50<00:13, 62.45it/s]
Benchmarking (colbert_centroid):  79%|███████▉  | 3153/3987 [00:50<00:13, 62.83it/s]
Benchmarking (colbert_centroid):  79%|███████▉  | 3160/3987 [00:50<00:13, 60.75it/s]
Benchmarking (colbert_centroid):  79%|███████▉  | 3167/3987 [00:50<00:12, 63.23it/s]
Benchmarking (colbert_centroid):  80%|███████▉  | 3174/3987 [00:50<00:12, 62.68it/s]
Benchmarking (colbert_centroid):  80%|███████▉  | 3181/3987 [00:50<00:13, 61.17it/s]
Benchmarking (colbert_centroid):  80%|███████▉  | 3188/3987 [00:50<00:13, 60.53it/s]
Benchmarking (colbert_centroid):  80%|████████  | 3195/3987 [00:50<00:12, 61.83it/s]
Benchmarking (colbert_centroid):  80%|████████  | 3202/3987 [00:51<00:13, 58.56it/s]
Benchmarking (colbert_centroid):  80%|████████  | 3209/3987 [00:51<00:13, 59.49it/s]
Benchmarking (colbert_centroid):  81%|████████  | 3216/3987 [00:51<00:12, 60.70it/s]
Benchmarking (colbert_centroid):  81%|████████  | 3223/3987 [00:51<00:12, 61.12it/s]
Benchmarking (colbert_centroid):  81%|████████  | 3230/3987 [00:51<00:12, 62.99it/s]
Benchmarking (colbert_centroid):  81%|████████  | 3237/3987 [00:51<00:12, 60.77it/s]
Benchmarking (colbert_centroid):  81%|████████▏ | 3244/3987 [00:51<00:12, 61.82it/s]
Benchmarking (colbert_centroid):  82%|████████▏ | 3251/3987 [00:51<00:11, 62.74it/s]
Benchmarking (colbert_centroid):  82%|████████▏ | 3258/3987 [00:51<00:11, 64.59it/s]
Benchmarking (colbert_centroid):  82%|████████▏ | 3265/3987 [00:52<00:10, 65.85it/s]
Benchmarking (colbert_centroid):  82%|████████▏ | 3272/3987 [00:52<00:10, 66.77it/s]
Benchmarking (colbert_centroid):  82%|████████▏ | 3279/3987 [00:52<00:10, 65.64it/s]
Benchmarking (colbert_centroid):  82%|████████▏ | 3286/3987 [00:52<00:10, 64.66it/s]
Benchmarking (colbert_centroid):  83%|████████▎ | 3293/3987 [00:52<00:10, 63.26it/s]
Benchmarking (colbert_centroid):  83%|████████▎ | 3300/3987 [00:52<00:10, 63.11it/s]
Benchmarking (colbert_centroid):  83%|████████▎ | 3308/3987 [00:52<00:10, 65.26it/s]
Benchmarking (colbert_centroid):  83%|████████▎ | 3315/3987 [00:52<00:10, 64.16it/s]
Benchmarking (colbert_centroid):  83%|████████▎ | 3322/3987 [00:52<00:10, 63.71it/s]
Benchmarking (colbert_centroid):  83%|████████▎ | 3329/3987 [00:53<00:11, 59.23it/s]
Benchmarking (colbert_centroid):  84%|████████▎ | 3335/3987 [00:53<00:11, 58.71it/s]
Benchmarking (colbert_centroid):  84%|████████▍ | 3342/3987 [00:53<00:10, 60.44it/s]
Benchmarking (colbert_centroid):  84%|████████▍ | 3350/3987 [00:53<00:10, 63.41it/s]
Benchmarking (colbert_centroid):  84%|████████▍ | 3357/3987 [00:53<00:09, 64.01it/s]
Benchmarking (colbert_centroid):  84%|████████▍ | 3364/3987 [00:53<00:09, 64.09it/s]
Benchmarking (colbert_centroid):  85%|████████▍ | 3371/3987 [00:53<00:10, 61.50it/s]
Benchmarking (colbert_centroid):  85%|████████▍ | 3378/3987 [00:53<00:10, 60.40it/s]
Benchmarking (colbert_centroid):  85%|████████▍ | 3385/3987 [00:54<00:09, 61.23it/s]
Benchmarking (colbert_centroid):  85%|████████▌ | 3392/3987 [00:54<00:10, 58.64it/s]
Benchmarking (colbert_centroid):  85%|████████▌ | 3398/3987 [00:54<00:10, 58.87it/s]
Benchmarking (colbert_centroid):  85%|████████▌ | 3404/3987 [00:54<00:10, 58.19it/s]
Benchmarking (colbert_centroid):  86%|████████▌ | 3411/3987 [00:54<00:09, 60.63it/s]
Benchmarking (colbert_centroid):  86%|████████▌ | 3418/3987 [00:54<00:09, 62.87it/s]
Benchmarking (colbert_centroid):  86%|████████▌ | 3425/3987 [00:54<00:08, 62.97it/s]
Benchmarking (colbert_centroid):  86%|████████▌ | 3432/3987 [00:54<00:08, 62.47it/s]
Benchmarking (colbert_centroid):  86%|████████▋ | 3439/3987 [00:54<00:08, 62.59it/s]
Benchmarking (colbert_centroid):  86%|████████▋ | 3446/3987 [00:55<00:08, 62.65it/s]
Benchmarking (colbert_centroid):  87%|████████▋ | 3453/3987 [00:55<00:08, 62.79it/s]
Benchmarking (colbert_centroid):  87%|████████▋ | 3460/3987 [00:55<00:08, 63.35it/s]
Benchmarking (colbert_centroid):  87%|████████▋ | 3467/3987 [00:55<00:08, 62.84it/s]
Benchmarking (colbert_centroid):  87%|████████▋ | 3474/3987 [00:55<00:08, 63.62it/s]
Benchmarking (colbert_centroid):  87%|████████▋ | 3481/3987 [00:55<00:08, 63.24it/s]
Benchmarking (colbert_centroid):  87%|████████▋ | 3488/3987 [00:55<00:07, 64.44it/s]
Benchmarking (colbert_centroid):  88%|████████▊ | 3495/3987 [00:55<00:07, 64.06it/s]
Benchmarking (colbert_centroid):  88%|████████▊ | 3502/3987 [00:55<00:07, 61.43it/s]
Benchmarking (colbert_centroid):  88%|████████▊ | 3509/3987 [00:56<00:07, 61.49it/s]
Benchmarking (colbert_centroid):  88%|████████▊ | 3516/3987 [00:56<00:07, 61.75it/s]
Benchmarking (colbert_centroid):  88%|████████▊ | 3523/3987 [00:56<00:07, 62.80it/s]
Benchmarking (colbert_centroid):  89%|████████▊ | 3530/3987 [00:56<00:07, 62.43it/s]
Benchmarking (colbert_centroid):  89%|████████▊ | 3537/3987 [00:56<00:07, 63.29it/s]
Benchmarking (colbert_centroid):  89%|████████▉ | 3544/3987 [00:56<00:07, 63.03it/s]
Benchmarking (colbert_centroid):  89%|████████▉ | 3552/3987 [00:56<00:06, 65.18it/s]
Benchmarking (colbert_centroid):  89%|████████▉ | 3559/3987 [00:56<00:06, 65.15it/s]
Benchmarking (colbert_centroid):  89%|████████▉ | 3566/3987 [00:56<00:06, 66.03it/s]
Benchmarking (colbert_centroid):  90%|████████▉ | 3573/3987 [00:57<00:06, 64.53it/s]
Benchmarking (colbert_centroid):  90%|████████▉ | 3580/3987 [00:57<00:06, 63.34it/s]
Benchmarking (colbert_centroid):  90%|████████▉ | 3587/3987 [00:57<00:06, 61.92it/s]
Benchmarking (colbert_centroid):  90%|█████████ | 3594/3987 [00:57<00:06, 61.97it/s]
Benchmarking (colbert_centroid):  90%|█████████ | 3601/3987 [00:57<00:06, 63.59it/s]
Benchmarking (colbert_centroid):  90%|█████████ | 3608/3987 [00:57<00:05, 64.90it/s]
Benchmarking (colbert_centroid):  91%|█████████ | 3615/3987 [00:57<00:05, 63.08it/s]
Benchmarking (colbert_centroid):  91%|█████████ | 3622/3987 [00:57<00:05, 62.44it/s]
Benchmarking (colbert_centroid):  91%|█████████ | 3629/3987 [00:57<00:05, 62.11it/s]
Benchmarking (colbert_centroid):  91%|█████████ | 3636/3987 [00:58<00:05, 63.13it/s]
Benchmarking (colbert_centroid):  91%|█████████▏| 3643/3987 [00:58<00:05, 61.95it/s]
Benchmarking (colbert_centroid):  92%|█████████▏| 3650/3987 [00:58<00:05, 63.19it/s]
Benchmarking (colbert_centroid):  92%|█████████▏| 3657/3987 [00:58<00:05, 63.27it/s]
Benchmarking (colbert_centroid):  92%|█████████▏| 3664/3987 [00:58<00:05, 63.83it/s]
Benchmarking (colbert_centroid):  92%|█████████▏| 3671/3987 [00:58<00:05, 62.14it/s]
Benchmarking (colbert_centroid):  92%|█████████▏| 3678/3987 [00:58<00:05, 60.26it/s]
Benchmarking (colbert_centroid):  92%|█████████▏| 3685/3987 [00:58<00:04, 60.65it/s]
Benchmarking (colbert_centroid):  93%|█████████▎| 3692/3987 [00:58<00:04, 61.12it/s]
Benchmarking (colbert_centroid):  93%|█████████▎| 3699/3987 [00:59<00:04, 63.45it/s]
Benchmarking (colbert_centroid):  93%|█████████▎| 3706/3987 [00:59<00:04, 63.00it/s]
Benchmarking (colbert_centroid):  93%|█████████▎| 3713/3987 [00:59<00:04, 60.62it/s]
Benchmarking (colbert_centroid):  93%|█████████▎| 3720/3987 [00:59<00:04, 60.77it/s]
Benchmarking (colbert_centroid):  93%|█████████▎| 3727/3987 [00:59<00:04, 61.06it/s]
Benchmarking (colbert_centroid):  94%|█████████▎| 3734/3987 [00:59<00:03, 63.31it/s]
Benchmarking (colbert_centroid):  94%|█████████▍| 3741/3987 [00:59<00:03, 64.77it/s]
Benchmarking (colbert_centroid):  94%|█████████▍| 3748/3987 [00:59<00:03, 64.90it/s]
Benchmarking (colbert_centroid):  94%|█████████▍| 3755/3987 [00:59<00:03, 64.19it/s]
Benchmarking (colbert_centroid):  94%|█████████▍| 3762/3987 [01:00<00:03, 65.19it/s]
Benchmarking (colbert_centroid):  95%|█████████▍| 3769/3987 [01:00<00:03, 63.09it/s]
Benchmarking (colbert_centroid):  95%|█████████▍| 3776/3987 [01:00<00:03, 62.42it/s]
Benchmarking (colbert_centroid):  95%|█████████▍| 3783/3987 [01:00<00:03, 62.34it/s]
Benchmarking (colbert_centroid):  95%|█████████▌| 3790/3987 [01:00<00:03, 63.05it/s]
Benchmarking (colbert_centroid):  95%|█████████▌| 3797/3987 [01:00<00:03, 62.84it/s]
Benchmarking (colbert_centroid):  95%|█████████▌| 3804/3987 [01:00<00:02, 62.41it/s]
Benchmarking (colbert_centroid):  96%|█████████▌| 3812/3987 [01:00<00:02, 63.77it/s]
Benchmarking (colbert_centroid):  96%|█████████▌| 3819/3987 [01:00<00:02, 62.95it/s]
Benchmarking (colbert_centroid):  96%|█████████▌| 3826/3987 [01:01<00:02, 63.39it/s]
Benchmarking (colbert_centroid):  96%|█████████▌| 3833/3987 [01:01<00:02, 62.12it/s]
Benchmarking (colbert_centroid):  96%|█████████▋| 3840/3987 [01:01<00:02, 62.83it/s]
Benchmarking (colbert_centroid):  96%|█████████▋| 3847/3987 [01:01<00:02, 61.21it/s]
Benchmarking (colbert_centroid):  97%|█████████▋| 3854/3987 [01:01<00:02, 62.50it/s]
Benchmarking (colbert_centroid):  97%|█████████▋| 3861/3987 [01:01<00:02, 59.30it/s]
Benchmarking (colbert_centroid):  97%|█████████▋| 3868/3987 [01:01<00:01, 61.20it/s]
Benchmarking (colbert_centroid):  97%|█████████▋| 3875/3987 [01:01<00:01, 60.65it/s]
Benchmarking (colbert_centroid):  97%|█████████▋| 3882/3987 [01:01<00:01, 58.72it/s]
Benchmarking (colbert_centroid):  98%|█████████▊| 3889/3987 [01:02<00:01, 58.81it/s]
Benchmarking (colbert_centroid):  98%|█████████▊| 3896/3987 [01:02<00:01, 60.31it/s]
Benchmarking (colbert_centroid):  98%|█████████▊| 3903/3987 [01:02<00:01, 61.37it/s]
Benchmarking (colbert_centroid):  98%|█████████▊| 3910/3987 [01:02<00:01, 61.53it/s]
Benchmarking (colbert_centroid):  98%|█████████▊| 3917/3987 [01:02<00:01, 61.62it/s]
Benchmarking (colbert_centroid):  98%|█████████▊| 3924/3987 [01:02<00:01, 61.91it/s]
Benchmarking (colbert_centroid):  99%|█████████▊| 3931/3987 [01:02<00:00, 61.93it/s]
Benchmarking (colbert_centroid):  99%|█████████▉| 3938/3987 [01:02<00:00, 62.94it/s]
Benchmarking (colbert_centroid):  99%|█████████▉| 3945/3987 [01:02<00:00, 61.64it/s]
Benchmarking (colbert_centroid):  99%|█████████▉| 3952/3987 [01:03<00:00, 60.84it/s]
Benchmarking (colbert_centroid):  99%|█████████▉| 3959/3987 [01:03<00:00, 61.64it/s]
Benchmarking (colbert_centroid):  99%|█████████▉| 3966/3987 [01:03<00:00, 61.88it/s]
Benchmarking (colbert_centroid): 100%|█████████▉| 3973/3987 [01:03<00:00, 61.12it/s]
Benchmarking (colbert_centroid): 100%|█████████▉| 3980/3987 [01:03<00:00, 62.26it/s]
Benchmarking (colbert_centroid): 100%|██████████| 3987/3987 [01:03<00:00, 59.58it/s]
INFO:src.evaluation.benchmark_partition_selection:  [val] R@1=10.6% GTR@20=61.3% FCov@20=55.4% MRR=20.7%
Benchmarking (colbert_centroid):   0%|          | 0/1995 [00:00<?, ?it/s]
Benchmarking (colbert_centroid):   0%|          | 7/1995 [00:00<00:30, 65.28it/s]
Benchmarking (colbert_centroid):   1%|          | 14/1995 [00:00<00:33, 59.53it/s]
Benchmarking (colbert_centroid):   1%|          | 20/1995 [00:00<00:33, 58.30it/s]
Benchmarking (colbert_centroid):   1%|▏         | 26/1995 [00:00<00:34, 57.60it/s]
Benchmarking (colbert_centroid):   2%|▏         | 33/1995 [00:00<00:32, 60.12it/s]
Benchmarking (colbert_centroid):   2%|▏         | 40/1995 [00:00<00:32, 59.83it/s]
Benchmarking (colbert_centroid):   2%|▏         | 47/1995 [00:00<00:32, 60.62it/s]
Benchmarking (colbert_centroid):   3%|▎         | 54/1995 [00:00<00:31, 60.72it/s]
Benchmarking (colbert_centroid):   3%|▎         | 61/1995 [00:01<00:31, 62.07it/s]
Benchmarking (colbert_centroid):   3%|▎         | 68/1995 [00:01<00:30, 63.07it/s]
Benchmarking (colbert_centroid):   4%|▍         | 75/1995 [00:01<00:31, 61.35it/s]
Benchmarking (colbert_centroid):   4%|▍         | 82/1995 [00:01<00:31, 61.31it/s]
Benchmarking (colbert_centroid):   4%|▍         | 89/1995 [00:01<00:30, 62.63it/s]
Benchmarking (colbert_centroid):   5%|▍         | 96/1995 [00:01<00:29, 63.37it/s]
Benchmarking (colbert_centroid):   5%|▌         | 103/1995 [00:01<00:30, 61.64it/s]
Benchmarking (colbert_centroid):   6%|▌         | 110/1995 [00:01<00:32, 57.65it/s]
Benchmarking (colbert_centroid):   6%|▌         | 117/1995 [00:01<00:30, 60.80it/s]
Benchmarking (colbert_centroid):   6%|▌         | 124/1995 [00:02<00:30, 61.00it/s]
Benchmarking (colbert_centroid):   7%|▋         | 131/1995 [00:02<00:30, 61.77it/s]
Benchmarking (colbert_centroid):   7%|▋         | 138/1995 [00:02<00:30, 60.60it/s]
Benchmarking (colbert_centroid):   7%|▋         | 145/1995 [00:02<00:29, 61.92it/s]
Benchmarking (colbert_centroid):   8%|▊         | 152/1995 [00:02<00:30, 60.97it/s]
Benchmarking (colbert_centroid):   8%|▊         | 159/1995 [00:02<00:29, 61.97it/s]
Benchmarking (colbert_centroid):   8%|▊         | 166/1995 [00:02<00:30, 60.59it/s]
Benchmarking (colbert_centroid):   9%|▊         | 173/1995 [00:02<00:29, 61.08it/s]
Benchmarking (colbert_centroid):   9%|▉         | 180/1995 [00:02<00:29, 62.31it/s]
Benchmarking (colbert_centroid):   9%|▉         | 187/1995 [00:03<00:28, 64.33it/s]
Benchmarking (colbert_centroid):  10%|▉         | 194/1995 [00:03<00:27, 65.92it/s]
Benchmarking (colbert_centroid):  10%|█         | 201/1995 [00:03<00:26, 66.80it/s]
Benchmarking (colbert_centroid):  10%|█         | 208/1995 [00:03<00:26, 66.47it/s]
Benchmarking (colbert_centroid):  11%|█         | 216/1995 [00:03<00:26, 67.74it/s]
Benchmarking (colbert_centroid):  11%|█         | 223/1995 [00:03<00:25, 68.31it/s]
Benchmarking (colbert_centroid):  12%|█▏        | 230/1995 [00:03<00:26, 67.21it/s]
Benchmarking (colbert_centroid):  12%|█▏        | 237/1995 [00:03<00:26, 65.64it/s]
Benchmarking (colbert_centroid):  12%|█▏        | 244/1995 [00:03<00:26, 65.60it/s]
Benchmarking (colbert_centroid):  13%|█▎        | 251/1995 [00:04<00:27, 64.35it/s]
Benchmarking (colbert_centroid):  13%|█▎        | 258/1995 [00:04<00:27, 63.39it/s]
Benchmarking (colbert_centroid):  13%|█▎        | 265/1995 [00:04<00:27, 63.01it/s]
Benchmarking (colbert_centroid):  14%|█▎        | 272/1995 [00:04<00:28, 60.81it/s]
Benchmarking (colbert_centroid):  14%|█▍        | 279/1995 [00:04<00:27, 62.13it/s]
Benchmarking (colbert_centroid):  14%|█▍        | 286/1995 [00:04<00:28, 61.01it/s]
Benchmarking (colbert_centroid):  15%|█▍        | 293/1995 [00:04<00:26, 63.16it/s]
Benchmarking (colbert_centroid):  15%|█▌        | 300/1995 [00:04<00:26, 63.16it/s]
Benchmarking (colbert_centroid):  15%|█▌        | 307/1995 [00:04<00:26, 64.44it/s]
Benchmarking (colbert_centroid):  16%|█▌        | 314/1995 [00:05<00:26, 62.63it/s]
Benchmarking (colbert_centroid):  16%|█▌        | 321/1995 [00:05<00:26, 63.49it/s]
Benchmarking (colbert_centroid):  16%|█▋        | 328/1995 [00:05<00:26, 63.83it/s]
Benchmarking (colbert_centroid):  17%|█▋        | 335/1995 [00:05<00:25, 64.22it/s]
Benchmarking (colbert_centroid):  17%|█▋        | 342/1995 [00:05<00:25, 63.59it/s]
Benchmarking (colbert_centroid):  17%|█▋        | 349/1995 [00:05<00:25, 64.93it/s]
Benchmarking (colbert_centroid):  18%|█▊        | 356/1995 [00:05<00:25, 65.09it/s]
Benchmarking (colbert_centroid):  18%|█▊        | 363/1995 [00:05<00:25, 64.26it/s]
Benchmarking (colbert_centroid):  19%|█▊        | 370/1995 [00:05<00:26, 61.73it/s]
Benchmarking (colbert_centroid):  19%|█▉        | 377/1995 [00:06<00:26, 60.39it/s]
Benchmarking (colbert_centroid):  19%|█▉        | 384/1995 [00:06<00:26, 60.70it/s]
Benchmarking (colbert_centroid):  20%|█▉        | 391/1995 [00:06<00:26, 61.08it/s]
Benchmarking (colbert_centroid):  20%|█▉        | 398/1995 [00:06<00:26, 61.42it/s]
Benchmarking (colbert_centroid):  20%|██        | 405/1995 [00:06<00:25, 63.44it/s]
Benchmarking (colbert_centroid):  21%|██        | 412/1995 [00:06<00:24, 64.97it/s]
Benchmarking (colbert_centroid):  21%|██        | 419/1995 [00:06<00:25, 61.72it/s]
Benchmarking (colbert_centroid):  21%|██▏       | 426/1995 [00:06<00:25, 62.72it/s]
Benchmarking (colbert_centroid):  22%|██▏       | 433/1995 [00:06<00:24, 63.19it/s]
Benchmarking (colbert_centroid):  22%|██▏       | 440/1995 [00:07<00:24, 62.70it/s]
Benchmarking (colbert_centroid):  22%|██▏       | 447/1995 [00:07<00:24, 62.05it/s]
Benchmarking (colbert_centroid):  23%|██▎       | 454/1995 [00:07<00:24, 64.12it/s]
Benchmarking (colbert_centroid):  23%|██▎       | 461/1995 [00:07<00:24, 62.20it/s]
Benchmarking (colbert_centroid):  23%|██▎       | 468/1995 [00:07<00:23, 64.31it/s]
Benchmarking (colbert_centroid):  24%|██▍       | 475/1995 [00:07<00:23, 64.72it/s]
Benchmarking (colbert_centroid):  24%|██▍       | 482/1995 [00:07<00:23, 65.73it/s]
Benchmarking (colbert_centroid):  25%|██▍       | 489/1995 [00:07<00:22, 66.31it/s]
Benchmarking (colbert_centroid):  25%|██▍       | 497/1995 [00:07<00:22, 67.47it/s]
Benchmarking (colbert_centroid):  25%|██▌       | 504/1995 [00:07<00:22, 65.92it/s]
Benchmarking (colbert_centroid):  26%|██▌       | 511/1995 [00:08<00:22, 65.62it/s]
Benchmarking (colbert_centroid):  26%|██▌       | 518/1995 [00:08<00:22, 66.12it/s]
Benchmarking (colbert_centroid):  26%|██▋       | 525/1995 [00:08<00:22, 65.74it/s]
Benchmarking (colbert_centroid):  27%|██▋       | 532/1995 [00:08<00:22, 65.24it/s]
Benchmarking (colbert_centroid):  27%|██▋       | 539/1995 [00:08<00:22, 65.15it/s]
Benchmarking (colbert_centroid):  27%|██▋       | 546/1995 [00:08<00:21, 66.51it/s]
Benchmarking (colbert_centroid):  28%|██▊       | 553/1995 [00:08<00:21, 66.36it/s]
Benchmarking (colbert_centroid):  28%|██▊       | 560/1995 [00:08<00:21, 66.02it/s]
Benchmarking (colbert_centroid):  28%|██▊       | 567/1995 [00:08<00:22, 64.70it/s]
Benchmarking (colbert_centroid):  29%|██▉       | 574/1995 [00:09<00:21, 65.57it/s]
Benchmarking (colbert_centroid):  29%|██▉       | 581/1995 [00:09<00:21, 64.87it/s]
Benchmarking (colbert_centroid):  29%|██▉       | 588/1995 [00:09<00:21, 64.99it/s]
Benchmarking (colbert_centroid):  30%|██▉       | 595/1995 [00:09<00:21, 64.11it/s]
Benchmarking (colbert_centroid):  30%|███       | 602/1995 [00:09<00:21, 63.49it/s]
Benchmarking (colbert_centroid):  31%|███       | 609/1995 [00:09<00:22, 61.98it/s]
Benchmarking (colbert_centroid):  31%|███       | 616/1995 [00:09<00:22, 62.15it/s]
Benchmarking (colbert_centroid):  31%|███       | 623/1995 [00:09<00:21, 62.87it/s]
Benchmarking (colbert_centroid):  32%|███▏      | 630/1995 [00:09<00:22, 62.04it/s]
Benchmarking (colbert_centroid):  32%|███▏      | 637/1995 [00:10<00:21, 62.89it/s]
Benchmarking (colbert_centroid):  32%|███▏      | 644/1995 [00:10<00:21, 61.58it/s]
Benchmarking (colbert_centroid):  33%|███▎      | 651/1995 [00:10<00:21, 61.76it/s]
Benchmarking (colbert_centroid):  33%|███▎      | 658/1995 [00:10<00:21, 62.99it/s]
Benchmarking (colbert_centroid):  33%|███▎      | 665/1995 [00:10<00:20, 64.91it/s]
Benchmarking (colbert_centroid):  34%|███▎      | 672/1995 [00:10<00:20, 64.90it/s]
Benchmarking (colbert_centroid):  34%|███▍      | 679/1995 [00:10<00:20, 65.32it/s]
Benchmarking (colbert_centroid):  34%|███▍      | 686/1995 [00:10<00:19, 66.31it/s]
Benchmarking (colbert_centroid):  35%|███▍      | 693/1995 [00:10<00:20, 63.86it/s]
Benchmarking (colbert_centroid):  35%|███▌      | 700/1995 [00:11<00:20, 62.53it/s]
Benchmarking (colbert_centroid):  35%|███▌      | 707/1995 [00:11<00:20, 62.21it/s]
Benchmarking (colbert_centroid):  36%|███▌      | 714/1995 [00:11<00:20, 64.02it/s]
Benchmarking (colbert_centroid):  36%|███▌      | 721/1995 [00:11<00:20, 63.23it/s]
Benchmarking (colbert_centroid):  36%|███▋      | 728/1995 [00:11<00:20, 62.78it/s]
Benchmarking (colbert_centroid):  37%|███▋      | 735/1995 [00:11<00:20, 62.35it/s]
Benchmarking (colbert_centroid):  37%|███▋      | 742/1995 [00:11<00:19, 64.36it/s]
Benchmarking (colbert_centroid):  38%|███▊      | 749/1995 [00:11<00:19, 64.40it/s]
Benchmarking (colbert_centroid):  38%|███▊      | 756/1995 [00:11<00:19, 63.24it/s]
Benchmarking (colbert_centroid):  38%|███▊      | 763/1995 [00:12<00:19, 61.80it/s]
Benchmarking (colbert_centroid):  39%|███▊      | 770/1995 [00:12<00:20, 60.98it/s]
Benchmarking (colbert_centroid):  39%|███▉      | 777/1995 [00:12<00:19, 62.48it/s]
Benchmarking (colbert_centroid):  39%|███▉      | 784/1995 [00:12<00:19, 62.42it/s]
Benchmarking (colbert_centroid):  40%|███▉      | 791/1995 [00:12<00:18, 64.38it/s]
Benchmarking (colbert_centroid):  40%|████      | 798/1995 [00:12<00:18, 65.56it/s]
Benchmarking (colbert_centroid):  40%|████      | 805/1995 [00:12<00:18, 63.11it/s]
Benchmarking (colbert_centroid):  41%|████      | 812/1995 [00:12<00:19, 60.69it/s]
Benchmarking (colbert_centroid):  41%|████      | 819/1995 [00:12<00:19, 59.88it/s]
Benchmarking (colbert_centroid):  41%|████▏     | 826/1995 [00:13<00:19, 59.41it/s]
Benchmarking (colbert_centroid):  42%|████▏     | 833/1995 [00:13<00:19, 60.43it/s]
Benchmarking (colbert_centroid):  42%|████▏     | 840/1995 [00:13<00:18, 61.90it/s]
Benchmarking (colbert_centroid):  42%|████▏     | 847/1995 [00:13<00:18, 61.65it/s]
Benchmarking (colbert_centroid):  43%|████▎     | 854/1995 [00:13<00:18, 61.60it/s]
Benchmarking (colbert_centroid):  43%|████▎     | 861/1995 [00:13<00:18, 62.67it/s]
Benchmarking (colbert_centroid):  44%|████▎     | 868/1995 [00:13<00:18, 62.57it/s]
Benchmarking (colbert_centroid):  44%|████▍     | 875/1995 [00:13<00:17, 62.67it/s]
Benchmarking (colbert_centroid):  44%|████▍     | 882/1995 [00:13<00:17, 63.61it/s]
Benchmarking (colbert_centroid):  45%|████▍     | 889/1995 [00:14<00:16, 65.32it/s]
Benchmarking (colbert_centroid):  45%|████▍     | 896/1995 [00:14<00:17, 63.40it/s]
Benchmarking (colbert_centroid):  45%|████▌     | 903/1995 [00:14<00:17, 62.86it/s]
Benchmarking (colbert_centroid):  46%|████▌     | 910/1995 [00:14<00:16, 63.91it/s]
Benchmarking (colbert_centroid):  46%|████▌     | 917/1995 [00:14<00:16, 64.38it/s]
Benchmarking (colbert_centroid):  46%|████▋     | 924/1995 [00:14<00:16, 64.40it/s]
Benchmarking (colbert_centroid):  47%|████▋     | 931/1995 [00:14<00:17, 62.56it/s]
Benchmarking (colbert_centroid):  47%|████▋     | 939/1995 [00:14<00:16, 63.86it/s]
Benchmarking (colbert_centroid):  47%|████▋     | 946/1995 [00:14<00:17, 61.46it/s]
Benchmarking (colbert_centroid):  48%|████▊     | 953/1995 [00:15<00:16, 62.41it/s]
Benchmarking (colbert_centroid):  48%|████▊     | 960/1995 [00:15<00:16, 61.35it/s]
Benchmarking (colbert_centroid):  48%|████▊     | 967/1995 [00:15<00:17, 60.36it/s]
Benchmarking (colbert_centroid):  49%|████▉     | 974/1995 [00:15<00:16, 61.95it/s]
Benchmarking (colbert_centroid):  49%|████▉     | 981/1995 [00:15<00:16, 60.98it/s]
Benchmarking (colbert_centroid):  50%|████▉     | 988/1995 [00:15<00:16, 60.49it/s]
Benchmarking (colbert_centroid):  50%|████▉     | 995/1995 [00:15<00:16, 61.30it/s]
Benchmarking (colbert_centroid):  50%|█████     | 1002/1995 [00:15<00:16, 61.34it/s]
Benchmarking (colbert_centroid):  51%|█████     | 1010/1995 [00:16<00:15, 63.99it/s]
Benchmarking (colbert_centroid):  51%|█████     | 1017/1995 [00:16<00:15, 63.13it/s]
Benchmarking (colbert_centroid):  51%|█████▏    | 1024/1995 [00:16<00:15, 62.62it/s]
Benchmarking (colbert_centroid):  52%|█████▏    | 1031/1995 [00:16<00:15, 62.37it/s]
Benchmarking (colbert_centroid):  52%|█████▏    | 1038/1995 [00:16<00:15, 63.02it/s]
Benchmarking (colbert_centroid):  52%|█████▏    | 1045/1995 [00:16<00:15, 61.55it/s]
Benchmarking (colbert_centroid):  53%|█████▎    | 1052/1995 [00:16<00:15, 60.34it/s]
Benchmarking (colbert_centroid):  53%|█████▎    | 1059/1995 [00:16<00:15, 61.87it/s]
Benchmarking (colbert_centroid):  53%|█████▎    | 1066/1995 [00:16<00:14, 62.20it/s]
Benchmarking (colbert_centroid):  54%|█████▍    | 1073/1995 [00:17<00:14, 63.31it/s]
Benchmarking (colbert_centroid):  54%|█████▍    | 1080/1995 [00:17<00:14, 62.79it/s]
Benchmarking (colbert_centroid):  54%|█████▍    | 1087/1995 [00:17<00:14, 63.38it/s]
Benchmarking (colbert_centroid):  55%|█████▍    | 1094/1995 [00:17<00:14, 63.07it/s]
Benchmarking (colbert_centroid):  55%|█████▌    | 1101/1995 [00:17<00:13, 63.88it/s]
Benchmarking (colbert_centroid):  56%|█████▌    | 1108/1995 [00:17<00:13, 64.72it/s]
Benchmarking (colbert_centroid):  56%|█████▌    | 1115/1995 [00:17<00:13, 63.84it/s]
Benchmarking (colbert_centroid):  56%|█████▌    | 1122/1995 [00:17<00:13, 64.41it/s]
Benchmarking (colbert_centroid):  57%|█████▋    | 1129/1995 [00:17<00:13, 65.72it/s]
Benchmarking (colbert_centroid):  57%|█████▋    | 1136/1995 [00:18<00:13, 63.09it/s]
Benchmarking (colbert_centroid):  57%|█████▋    | 1143/1995 [00:18<00:13, 61.07it/s]
Benchmarking (colbert_centroid):  58%|█████▊    | 1150/1995 [00:18<00:13, 63.10it/s]
Benchmarking (colbert_centroid):  58%|█████▊    | 1157/1995 [00:18<00:13, 62.56it/s]
Benchmarking (colbert_centroid):  58%|█████▊    | 1164/1995 [00:18<00:13, 61.33it/s]
Benchmarking (colbert_centroid):  59%|█████▊    | 1171/1995 [00:18<00:13, 62.43it/s]
Benchmarking (colbert_centroid):  59%|█████▉    | 1178/1995 [00:18<00:12, 63.32it/s]
Benchmarking (colbert_centroid):  59%|█████▉    | 1185/1995 [00:18<00:12, 64.08it/s]
Benchmarking (colbert_centroid):  60%|█████▉    | 1192/1995 [00:18<00:12, 64.32it/s]
Benchmarking (colbert_centroid):  60%|██████    | 1199/1995 [00:19<00:12, 64.32it/s]
Benchmarking (colbert_centroid):  60%|██████    | 1206/1995 [00:19<00:12, 62.70it/s]
Benchmarking (colbert_centroid):  61%|██████    | 1213/1995 [00:19<00:12, 63.45it/s]
Benchmarking (colbert_centroid):  61%|██████    | 1220/1995 [00:19<00:12, 63.90it/s]
Benchmarking (colbert_centroid):  62%|██████▏   | 1227/1995 [00:19<00:12, 63.16it/s]
Benchmarking (colbert_centroid):  62%|██████▏   | 1234/1995 [00:19<00:12, 61.37it/s]
Benchmarking (colbert_centroid):  62%|██████▏   | 1241/1995 [00:19<00:12, 62.54it/s]
Benchmarking (colbert_centroid):  63%|██████▎   | 1248/1995 [00:19<00:11, 63.49it/s]
Benchmarking (colbert_centroid):  63%|██████▎   | 1255/1995 [00:19<00:11, 64.07it/s]
Benchmarking (colbert_centroid):  63%|██████▎   | 1262/1995 [00:20<00:11, 63.54it/s]
Benchmarking (colbert_centroid):  64%|██████▎   | 1269/1995 [00:20<00:11, 65.13it/s]
Benchmarking (colbert_centroid):  64%|██████▍   | 1276/1995 [00:20<00:11, 64.89it/s]
Benchmarking (colbert_centroid):  64%|██████▍   | 1283/1995 [00:20<00:11, 63.05it/s]
Benchmarking (colbert_centroid):  65%|██████▍   | 1290/1995 [00:20<00:10, 64.28it/s]
Benchmarking (colbert_centroid):  65%|██████▌   | 1297/1995 [00:20<00:10, 64.68it/s]
Benchmarking (colbert_centroid):  65%|██████▌   | 1304/1995 [00:20<00:10, 63.65it/s]
Benchmarking (colbert_centroid):  66%|██████▌   | 1311/1995 [00:20<00:10, 62.77it/s]
Benchmarking (colbert_centroid):  66%|██████▌   | 1318/1995 [00:20<00:10, 62.34it/s]
Benchmarking (colbert_centroid):  66%|██████▋   | 1325/1995 [00:21<00:10, 62.26it/s]
Benchmarking (colbert_centroid):  67%|██████▋   | 1332/1995 [00:21<00:10, 62.16it/s]
Benchmarking (colbert_centroid):  67%|██████▋   | 1339/1995 [00:21<00:10, 61.19it/s]
Benchmarking (colbert_centroid):  67%|██████▋   | 1346/1995 [00:21<00:10, 62.01it/s]
Benchmarking (colbert_centroid):  68%|██████▊   | 1353/1995 [00:21<00:10, 62.03it/s]
Benchmarking (colbert_centroid):  68%|██████▊   | 1360/1995 [00:21<00:10, 61.98it/s]
Benchmarking (colbert_centroid):  69%|██████▊   | 1367/1995 [00:21<00:10, 62.71it/s]
Benchmarking (colbert_centroid):  69%|██████▉   | 1374/1995 [00:21<00:09, 63.67it/s]
Benchmarking (colbert_centroid):  69%|██████▉   | 1381/1995 [00:21<00:09, 63.45it/s]
Benchmarking (colbert_centroid):  70%|██████▉   | 1388/1995 [00:22<00:09, 61.95it/s]
Benchmarking (colbert_centroid):  70%|██████▉   | 1395/1995 [00:22<00:09, 62.94it/s]
Benchmarking (colbert_centroid):  70%|███████   | 1402/1995 [00:22<00:09, 62.62it/s]
Benchmarking (colbert_centroid):  71%|███████   | 1409/1995 [00:22<00:09, 62.42it/s]
Benchmarking (colbert_centroid):  71%|███████   | 1416/1995 [00:22<00:08, 64.46it/s]
Benchmarking (colbert_centroid):  71%|███████▏  | 1424/1995 [00:22<00:08, 66.21it/s]
Benchmarking (colbert_centroid):  72%|███████▏  | 1431/1995 [00:22<00:08, 65.91it/s]
Benchmarking (colbert_centroid):  72%|███████▏  | 1438/1995 [00:22<00:08, 65.93it/s]
Benchmarking (colbert_centroid):  72%|███████▏  | 1445/1995 [00:22<00:08, 66.72it/s]
Benchmarking (colbert_centroid):  73%|███████▎  | 1452/1995 [00:23<00:08, 64.43it/s]
Benchmarking (colbert_centroid):  73%|███████▎  | 1459/1995 [00:23<00:08, 64.94it/s]
Benchmarking (colbert_centroid):  73%|███████▎  | 1466/1995 [00:23<00:07, 66.24it/s]
Benchmarking (colbert_centroid):  74%|███████▍  | 1473/1995 [00:23<00:07, 65.89it/s]
Benchmarking (colbert_centroid):  74%|███████▍  | 1480/1995 [00:23<00:07, 65.82it/s]
Benchmarking (colbert_centroid):  75%|███████▍  | 1487/1995 [00:23<00:07, 65.25it/s]
Benchmarking (colbert_centroid):  75%|███████▍  | 1494/1995 [00:23<00:07, 65.38it/s]
Benchmarking (colbert_centroid):  75%|███████▌  | 1501/1995 [00:23<00:07, 66.29it/s]
Benchmarking (colbert_centroid):  76%|███████▌  | 1508/1995 [00:23<00:07, 67.23it/s]
Benchmarking (colbert_centroid):  76%|███████▌  | 1515/1995 [00:23<00:07, 66.32it/s]
Benchmarking (colbert_centroid):  76%|███████▋  | 1522/1995 [00:24<00:07, 64.91it/s]
Benchmarking (colbert_centroid):  77%|███████▋  | 1529/1995 [00:24<00:07, 65.89it/s]
Benchmarking (colbert_centroid):  77%|███████▋  | 1536/1995 [00:24<00:06, 66.59it/s]
Benchmarking (colbert_centroid):  77%|███████▋  | 1543/1995 [00:24<00:07, 63.16it/s]
Benchmarking (colbert_centroid):  78%|███████▊  | 1551/1995 [00:24<00:06, 65.31it/s]
Benchmarking (colbert_centroid):  78%|███████▊  | 1558/1995 [00:24<00:06, 62.95it/s]
Benchmarking (colbert_centroid):  78%|███████▊  | 1565/1995 [00:24<00:06, 62.29it/s]
Benchmarking (colbert_centroid):  79%|███████▉  | 1572/1995 [00:24<00:06, 63.17it/s]
Benchmarking (colbert_centroid):  79%|███████▉  | 1579/1995 [00:24<00:06, 61.62it/s]
Benchmarking (colbert_centroid):  79%|███████▉  | 1586/1995 [00:25<00:06, 61.55it/s]
Benchmarking (colbert_centroid):  80%|███████▉  | 1593/1995 [00:25<00:06, 60.71it/s]
Benchmarking (colbert_centroid):  80%|████████  | 1600/1995 [00:25<00:06, 63.17it/s]
Benchmarking (colbert_centroid):  81%|████████  | 1607/1995 [00:25<00:06, 62.92it/s]
Benchmarking (colbert_centroid):  81%|████████  | 1614/1995 [00:25<00:06, 62.74it/s]
Benchmarking (colbert_centroid):  81%|████████▏ | 1621/1995 [00:25<00:06, 62.16it/s]
Benchmarking (colbert_centroid):  82%|████████▏ | 1628/1995 [00:25<00:06, 59.08it/s]
Benchmarking (colbert_centroid):  82%|████████▏ | 1635/1995 [00:25<00:06, 59.76it/s]
Benchmarking (colbert_centroid):  82%|████████▏ | 1642/1995 [00:25<00:05, 61.75it/s]
Benchmarking (colbert_centroid):  83%|████████▎ | 1649/1995 [00:26<00:05, 61.89it/s]
Benchmarking (colbert_centroid):  83%|████████▎ | 1656/1995 [00:26<00:05, 62.02it/s]
Benchmarking (colbert_centroid):  83%|████████▎ | 1663/1995 [00:26<00:05, 62.94it/s]
Benchmarking (colbert_centroid):  84%|████████▎ | 1670/1995 [00:26<00:05, 62.82it/s]
Benchmarking (colbert_centroid):  84%|████████▍ | 1677/1995 [00:26<00:05, 62.26it/s]
Benchmarking (colbert_centroid):  84%|████████▍ | 1684/1995 [00:26<00:05, 62.06it/s]
Benchmarking (colbert_centroid):  85%|████████▍ | 1691/1995 [00:26<00:04, 64.16it/s]
Benchmarking (colbert_centroid):  85%|████████▌ | 1698/1995 [00:26<00:04, 63.49it/s]
Benchmarking (colbert_centroid):  85%|████████▌ | 1705/1995 [00:26<00:04, 63.06it/s]
Benchmarking (colbert_centroid):  86%|████████▌ | 1712/1995 [00:27<00:04, 61.37it/s]
Benchmarking (colbert_centroid):  86%|████████▌ | 1719/1995 [00:27<00:04, 60.79it/s]
Benchmarking (colbert_centroid):  87%|████████▋ | 1726/1995 [00:27<00:04, 61.31it/s]
Benchmarking (colbert_centroid):  87%|████████▋ | 1733/1995 [00:27<00:04, 60.30it/s]
Benchmarking (colbert_centroid):  87%|████████▋ | 1740/1995 [00:27<00:04, 59.72it/s]
Benchmarking (colbert_centroid):  88%|████████▊ | 1747/1995 [00:27<00:04, 61.25it/s]
Benchmarking (colbert_centroid):  88%|████████▊ | 1754/1995 [00:27<00:03, 61.35it/s]
Benchmarking (colbert_centroid):  88%|████████▊ | 1761/1995 [00:27<00:03, 63.56it/s]
Benchmarking (colbert_centroid):  89%|████████▊ | 1768/1995 [00:28<00:03, 64.35it/s]
Benchmarking (colbert_centroid):  89%|████████▉ | 1775/1995 [00:28<00:03, 62.52it/s]
Benchmarking (colbert_centroid):  89%|████████▉ | 1782/1995 [00:28<00:03, 63.92it/s]
Benchmarking (colbert_centroid):  90%|████████▉ | 1789/1995 [00:28<00:03, 65.49it/s]
Benchmarking (colbert_centroid):  90%|█████████ | 1796/1995 [00:28<00:03, 64.76it/s]
Benchmarking (colbert_centroid):  90%|█████████ | 1803/1995 [00:28<00:02, 64.08it/s]
Benchmarking (colbert_centroid):  91%|█████████ | 1810/1995 [00:28<00:03, 61.50it/s]
Benchmarking (colbert_centroid):  91%|█████████ | 1817/1995 [00:28<00:02, 62.89it/s]
Benchmarking (colbert_centroid):  91%|█████████▏| 1824/1995 [00:28<00:02, 61.08it/s]
Benchmarking (colbert_centroid):  92%|█████████▏| 1831/1995 [00:29<00:02, 60.42it/s]
Benchmarking (colbert_centroid):  92%|█████████▏| 1838/1995 [00:29<00:02, 62.95it/s]
Benchmarking (colbert_centroid):  92%|█████████▏| 1845/1995 [00:29<00:02, 62.94it/s]
Benchmarking (colbert_centroid):  93%|█████████▎| 1852/1995 [00:29<00:02, 62.65it/s]
Benchmarking (colbert_centroid):  93%|█████████▎| 1859/1995 [00:29<00:02, 62.44it/s]
Benchmarking (colbert_centroid):  94%|█████████▎| 1866/1995 [00:29<00:02, 64.09it/s]
Benchmarking (colbert_centroid):  94%|█████████▍| 1873/1995 [00:29<00:01, 63.43it/s]
Benchmarking (colbert_centroid):  94%|█████████▍| 1880/1995 [00:29<00:01, 62.05it/s]
Benchmarking (colbert_centroid):  95%|█████████▍| 1887/1995 [00:29<00:01, 62.22it/s]
Benchmarking (colbert_centroid):  95%|█████████▍| 1894/1995 [00:30<00:01, 61.13it/s]
Benchmarking (colbert_centroid):  95%|█████████▌| 1901/1995 [00:30<00:01, 63.39it/s]
Benchmarking (colbert_centroid):  96%|█████████▌| 1908/1995 [00:30<00:01, 63.91it/s]
Benchmarking (colbert_centroid):  96%|█████████▌| 1915/1995 [00:30<00:01, 64.23it/s]
Benchmarking (colbert_centroid):  96%|█████████▋| 1922/1995 [00:30<00:01, 63.60it/s]
Benchmarking (colbert_centroid):  97%|█████████▋| 1929/1995 [00:30<00:01, 63.46it/s]
Benchmarking (colbert_centroid):  97%|█████████▋| 1936/1995 [00:30<00:00, 61.87it/s]
Benchmarking (colbert_centroid):  97%|█████████▋| 1943/1995 [00:30<00:00, 63.53it/s]
Benchmarking (colbert_centroid):  98%|█████████▊| 1950/1995 [00:30<00:00, 63.88it/s]
Benchmarking (colbert_centroid):  98%|█████████▊| 1957/1995 [00:31<00:00, 63.46it/s]
Benchmarking (colbert_centroid):  98%|█████████▊| 1964/1995 [00:31<00:00, 64.91it/s]
Benchmarking (colbert_centroid):  99%|█████████▉| 1971/1995 [00:31<00:00, 64.99it/s]
Benchmarking (colbert_centroid):  99%|█████████▉| 1978/1995 [00:31<00:00, 61.64it/s]
Benchmarking (colbert_centroid):  99%|█████████▉| 1985/1995 [00:31<00:00, 61.71it/s]
Benchmarking (colbert_centroid): 100%|█████████▉| 1992/1995 [00:31<00:00, 63.93it/s]
INFO:src.evaluation.benchmark_partition_selection:  [test] R@1=10.5% GTR@20=59.3% FCov@20=53.6% MRR=20.3%
INFO:src.evaluation.benchmark_partition_selection:Benchmarking: faiss_vote_50
Benchmarking (faiss_vote_50):   0%|          | 0/13956 [00:00<?, ?it/s]INFO:src.evaluation.benchmark_partition_selection:      [VOTE DEBUG] search: 6.05ms | tally: 0.07ms | nodes: 50
Benchmarking (faiss_vote_50):   0%|          | 17/13956 [00:00<01:23, 166.44it/s]
Benchmarking (faiss_vote_50):   0%|          | 34/13956 [00:00<01:23, 167.01it/s]
Benchmarking (faiss_vote_50):   0%|          | 51/13956 [00:00<01:23, 166.83it/s]
Benchmarking (faiss_vote_50):   0%|          | 68/13956 [00:00<01:23, 167.19it/s]
Benchmarking (faiss_vote_50):   1%|          | 85/13956 [00:00<01:24, 164.80it/s]
Benchmarking (faiss_vote_50):   1%|          | 102/13956 [00:00<01:24, 163.90it/s]
Benchmarking (faiss_vote_50):   1%|          | 119/13956 [00:00<01:24, 163.60it/s]
Benchmarking (faiss_vote_50):   1%|          | 136/13956 [00:00<01:24, 163.48it/s]
Benchmarking (faiss_vote_50):   1%|          | 153/13956 [00:00<01:24, 163.50it/s]
Benchmarking (faiss_vote_50):   1%|          | 170/13956 [00:01<01:24, 163.33it/s]
Benchmarking (faiss_vote_50):   1%|▏         | 187/13956 [00:01<01:24, 163.70it/s]
Benchmarking (faiss_vote_50):   1%|▏         | 204/13956 [00:01<01:23, 164.18it/s]
Benchmarking (faiss_vote_50):   2%|▏         | 221/13956 [00:01<01:23, 163.80it/s]
Benchmarking (faiss_vote_50):   2%|▏         | 238/13956 [00:01<01:23, 163.76it/s]
Benchmarking (faiss_vote_50):   2%|▏         | 255/13956 [00:01<01:23, 163.65it/s]
Benchmarking (faiss_vote_50):   2%|▏         | 272/13956 [00:01<01:23, 163.31it/s]
Benchmarking (faiss_vote_50):   2%|▏         | 289/13956 [00:01<01:23, 163.29it/s]
Benchmarking (faiss_vote_50):   2%|▏         | 306/13956 [00:01<01:23, 163.13it/s]
Benchmarking (faiss_vote_50):   2%|▏         | 323/13956 [00:01<01:23, 162.91it/s]
Benchmarking (faiss_vote_50):   2%|▏         | 340/13956 [00:02<01:23, 163.27it/s]
Benchmarking (faiss_vote_50):   3%|▎         | 357/13956 [00:02<01:22, 164.27it/s]
Benchmarking (faiss_vote_50):   3%|▎         | 374/13956 [00:02<01:22, 165.05it/s]
Benchmarking (faiss_vote_50):   3%|▎         | 391/13956 [00:02<01:22, 165.20it/s]
Benchmarking (faiss_vote_50):   3%|▎         | 408/13956 [00:02<01:21, 165.32it/s]
Benchmarking (faiss_vote_50):   3%|▎         | 425/13956 [00:02<01:21, 165.55it/s]
Benchmarking (faiss_vote_50):   3%|▎         | 442/13956 [00:02<01:21, 165.45it/s]
Benchmarking (faiss_vote_50):   3%|▎         | 459/13956 [00:02<01:21, 165.46it/s]
Benchmarking (faiss_vote_50):   3%|▎         | 476/13956 [00:02<01:21, 165.46it/s]
Benchmarking (faiss_vote_50):   4%|▎         | 493/13956 [00:02<01:21, 165.35it/s]INFO:src.evaluation.benchmark_partition_selection:      [VOTE DEBUG] search: 5.92ms | tally: 0.07ms | nodes: 50
Benchmarking (faiss_vote_50):   4%|▎         | 510/13956 [00:03<01:21, 164.72it/s]
Benchmarking (faiss_vote_50):   4%|▍         | 527/13956 [00:03<01:21, 164.56it/s]
Benchmarking (faiss_vote_50):   4%|▍         | 544/13956 [00:03<01:21, 165.01it/s]
Benchmarking (faiss_vote_50):   4%|▍         | 561/13956 [00:03<01:21, 165.07it/s]
Benchmarking (faiss_vote_50):   4%|▍         | 578/13956 [00:03<01:21, 164.87it/s]
Benchmarking (faiss_vote_50):   4%|▍         | 595/13956 [00:03<01:21, 164.60it/s]
Benchmarking (faiss_vote_50):   4%|▍         | 612/13956 [00:03<01:20, 164.82it/s]
Benchmarking (faiss_vote_50):   5%|▍         | 629/13956 [00:03<01:20, 164.77it/s]
Benchmarking (faiss_vote_50):   5%|▍         | 646/13956 [00:03<01:20, 164.87it/s]
Benchmarking (faiss_vote_50):   5%|▍         | 663/13956 [00:04<01:20, 164.77it/s]
Benchmarking (faiss_vote_50):   5%|▍         | 680/13956 [00:04<01:20, 165.16it/s]
Benchmarking (faiss_vote_50):   5%|▍         | 697/13956 [00:04<01:20, 165.36it/s]
Benchmarking (faiss_vote_50):   5%|▌         | 714/13956 [00:04<01:20, 165.19it/s]
Benchmarking (faiss_vote_50):   5%|▌         | 731/13956 [00:04<01:19, 165.47it/s]
Benchmarking (faiss_vote_50):   5%|▌         | 748/13956 [00:04<01:19, 165.69it/s]
Benchmarking (faiss_vote_50):   5%|▌         | 765/13956 [00:04<01:19, 165.83it/s]
Benchmarking (faiss_vote_50):   6%|▌         | 782/13956 [00:04<01:19, 165.65it/s]
Benchmarking (faiss_vote_50):   6%|▌         | 799/13956 [00:04<01:19, 165.31it/s]
Benchmarking (faiss_vote_50):   6%|▌         | 816/13956 [00:04<01:19, 164.93it/s]
Benchmarking (faiss_vote_50):   6%|▌         | 833/13956 [00:05<01:19, 164.82it/s]
Benchmarking (faiss_vote_50):   6%|▌         | 850/13956 [00:05<01:19, 164.84it/s]
Benchmarking (faiss_vote_50):   6%|▌         | 867/13956 [00:05<01:19, 164.82it/s]
Benchmarking (faiss_vote_50):   6%|▋         | 884/13956 [00:05<01:19, 165.23it/s]
Benchmarking (faiss_vote_50):   6%|▋         | 901/13956 [00:05<01:18, 165.59it/s]
Benchmarking (faiss_vote_50):   7%|▋         | 918/13956 [00:05<01:18, 165.92it/s]
Benchmarking (faiss_vote_50):   7%|▋         | 935/13956 [00:05<01:18, 166.23it/s]
Benchmarking (faiss_vote_50):   7%|▋         | 952/13956 [00:05<01:18, 166.41it/s]
Benchmarking (faiss_vote_50):   7%|▋         | 969/13956 [00:05<01:18, 166.34it/s]
Benchmarking (faiss_vote_50):   7%|▋         | 986/13956 [00:05<01:18, 165.75it/s]INFO:src.evaluation.benchmark_partition_selection:      [VOTE DEBUG] search: 5.89ms | tally: 0.05ms | nodes: 50
Benchmarking (faiss_vote_50):   7%|▋         | 1003/13956 [00:06<01:18, 165.36it/s]
Benchmarking (faiss_vote_50):   7%|▋         | 1020/13956 [00:06<01:18, 165.45it/s]
Benchmarking (faiss_vote_50):   7%|▋         | 1037/13956 [00:06<01:18, 165.60it/s]
Benchmarking (faiss_vote_50):   8%|▊         | 1054/13956 [00:06<01:18, 165.39it/s]
Benchmarking (faiss_vote_50):   8%|▊         | 1071/13956 [00:06<01:18, 165.02it/s]
Benchmarking (faiss_vote_50):   8%|▊         | 1088/13956 [00:06<01:18, 164.74it/s]
Benchmarking (faiss_vote_50):   8%|▊         | 1105/13956 [00:06<01:17, 164.89it/s]
Benchmarking (faiss_vote_50):   8%|▊         | 1122/13956 [00:06<01:17, 165.12it/s]
Benchmarking (faiss_vote_50):   8%|▊         | 1139/13956 [00:06<01:17, 165.43it/s]
Benchmarking (faiss_vote_50):   8%|▊         | 1156/13956 [00:07<01:17, 165.28it/s]
Benchmarking (faiss_vote_50):   8%|▊         | 1173/13956 [00:07<01:17, 165.39it/s]
Benchmarking (faiss_vote_50):   9%|▊         | 1190/13956 [00:07<01:17, 165.21it/s]
Benchmarking (faiss_vote_50):   9%|▊         | 1207/13956 [00:07<01:17, 165.17it/s]
Benchmarking (faiss_vote_50):   9%|▉         | 1224/13956 [00:07<01:17, 164.85it/s]
Benchmarking (faiss_vote_50):   9%|▉         | 1241/13956 [00:07<01:17, 164.86it/s]
Benchmarking (faiss_vote_50):   9%|▉         | 1258/13956 [00:07<01:16, 165.01it/s]
Benchmarking (faiss_vote_50):   9%|▉         | 1275/13956 [00:07<01:16, 165.07it/s]
Benchmarking (faiss_vote_50):   9%|▉         | 1292/13956 [00:07<01:16, 165.15it/s]
Benchmarking (faiss_vote_50):   9%|▉         | 1309/13956 [00:07<01:16, 165.33it/s]
Benchmarking (faiss_vote_50):  10%|▉         | 1326/13956 [00:08<01:16, 165.12it/s]
Benchmarking (faiss_vote_50):  10%|▉         | 1343/13956 [00:08<01:17, 163.29it/s]
Benchmarking (faiss_vote_50):  10%|▉         | 1360/13956 [00:08<01:17, 162.39it/s]
Benchmarking (faiss_vote_50):  10%|▉         | 1377/13956 [00:08<01:17, 161.58it/s]
Benchmarking (faiss_vote_50):  10%|▉         | 1394/13956 [00:08<01:18, 160.95it/s]
Benchmarking (faiss_vote_50):  10%|█         | 1411/13956 [00:08<01:18, 160.55it/s]
Benchmarking (faiss_vote_50):  10%|█         | 1428/13956 [00:08<01:18, 160.25it/s]
Benchmarking (faiss_vote_50):  10%|█         | 1445/13956 [00:08<01:18, 160.20it/s]
Benchmarking (faiss_vote_50):  10%|█         | 1462/13956 [00:08<01:18, 159.84it/s]
Benchmarking (faiss_vote_50):  11%|█         | 1478/13956 [00:08<01:18, 159.55it/s]
Benchmarking (faiss_vote_50):  11%|█         | 1494/13956 [00:09<01:18, 159.34it/s]INFO:src.evaluation.benchmark_partition_selection:      [VOTE DEBUG] search: 6.10ms | tally: 0.06ms | nodes: 50
Benchmarking (faiss_vote_50):  11%|█         | 1510/13956 [00:09<01:18, 159.02it/s]
Benchmarking (faiss_vote_50):  11%|█         | 1526/13956 [00:09<01:18, 158.79it/s]
Benchmarking (faiss_vote_50):  11%|█         | 1542/13956 [00:09<01:18, 158.88it/s]
Benchmarking (faiss_vote_50):  11%|█         | 1558/13956 [00:09<01:17, 158.99it/s]
Benchmarking (faiss_vote_50):  11%|█▏        | 1574/13956 [00:09<01:17, 159.07it/s]
Benchmarking (faiss_vote_50):  11%|█▏        | 1590/13956 [00:09<01:17, 159.12it/s]
Benchmarking (faiss_vote_50):  12%|█▏        | 1606/13956 [00:09<01:17, 159.14it/s]
Benchmarking (faiss_vote_50):  12%|█▏        | 1622/13956 [00:09<01:17, 159.26it/s]
Benchmarking (faiss_vote_50):  12%|█▏        | 1638/13956 [00:09<01:17, 159.41it/s]
Benchmarking (faiss_vote_50):  12%|█▏        | 1655/13956 [00:10<01:17, 159.74it/s]
Benchmarking (faiss_vote_50):  12%|█▏        | 1672/13956 [00:10<01:16, 159.97it/s]
Benchmarking (faiss_vote_50):  12%|█▏        | 1688/13956 [00:10<01:16, 159.74it/s]
Benchmarking (faiss_vote_50):  12%|█▏        | 1704/13956 [00:10<01:16, 159.41it/s]
Benchmarking (faiss_vote_50):  12%|█▏        | 1720/13956 [00:10<01:16, 159.31it/s]
Benchmarking (faiss_vote_50):  12%|█▏        | 1736/13956 [00:10<01:16, 159.41it/s]
Benchmarking (faiss_vote_50):  13%|█▎        | 1752/13956 [00:10<01:16, 159.52it/s]
Benchmarking (faiss_vote_50):  13%|█▎        | 1768/13956 [00:10<01:16, 159.66it/s]
Benchmarking (faiss_vote_50):  13%|█▎        | 1785/13956 [00:10<01:16, 159.78it/s]
Benchmarking (faiss_vote_50):  13%|█▎        | 1801/13956 [00:11<01:16, 159.58it/s]
Benchmarking (faiss_vote_50):  13%|█▎        | 1817/13956 [00:11<01:16, 159.63it/s]
Benchmarking (faiss_vote_50):  13%|█▎        | 1833/13956 [00:11<01:15, 159.69it/s]
Benchmarking (faiss_vote_50):  13%|█▎        | 1849/13956 [00:11<01:15, 159.75it/s]
Benchmarking (faiss_vote_50):  13%|█▎        | 1865/13956 [00:11<01:15, 159.63it/s]
Benchmarking (faiss_vote_50):  13%|█▎        | 1882/13956 [00:11<01:15, 159.79it/s]
Benchmarking (faiss_vote_50):  14%|█▎        | 1899/13956 [00:11<01:15, 160.25it/s]
Benchmarking (faiss_vote_50):  14%|█▎        | 1916/13956 [00:11<01:14, 161.39it/s]
Benchmarking (faiss_vote_50):  14%|█▍        | 1933/13956 [00:11<01:13, 162.52it/s]
Benchmarking (faiss_vote_50):  14%|█▍        | 1950/13956 [00:11<01:13, 163.30it/s]
Benchmarking (faiss_vote_50):  14%|█▍        | 1967/13956 [00:12<01:13, 163.39it/s]
Benchmarking (faiss_vote_50):  14%|█▍        | 1984/13956 [00:12<01:13, 163.40it/s]INFO:src.evaluation.benchmark_partition_selection:      [VOTE DEBUG] search: 5.94ms | tally: 0.06ms | nodes: 50
Benchmarking (faiss_vote_50):  14%|█▍        | 2001/13956 [00:12<01:13, 163.40it/s]
Benchmarking (faiss_vote_50):  14%|█▍        | 2018/13956 [00:12<01:13, 163.31it/s]
Benchmarking (faiss_vote_50):  15%|█▍        | 2035/13956 [00:12<01:12, 163.75it/s]
Benchmarking (faiss_vote_50):  15%|█▍        | 2052/13956 [00:12<01:12, 164.07it/s]
Benchmarking (faiss_vote_50):  15%|█▍        | 2069/13956 [00:12<01:12, 163.99it/s]
Benchmarking (faiss_vote_50):  15%|█▍        | 2086/13956 [00:12<01:12, 164.10it/s]
Benchmarking (faiss_vote_50):  15%|█▌        | 2103/13956 [00:12<01:12, 164.01it/s]
Benchmarking (faiss_vote_50):  15%|█▌        | 2120/13956 [00:12<01:12, 163.77it/s]
Benchmarking (faiss_vote_50):  15%|█▌        | 2137/13956 [00:13<01:12, 163.87it/s]
Benchmarking (faiss_vote_50):  15%|█▌        | 2154/13956 [00:13<01:11, 164.15it/s]
Benchmarking (faiss_vote_50):  16%|█▌        | 2171/13956 [00:13<01:11, 164.30it/s]
Benchmarking (faiss_vote_50):  16%|█▌        | 2188/13956 [00:13<01:11, 164.55it/s]
Benchmarking (faiss_vote_50):  16%|█▌        | 2205/13956 [00:13<01:11, 164.55it/s]
Benchmarking (faiss_vote_50):  16%|█▌        | 2222/13956 [00:13<01:11, 164.78it/s]
Benchmarking (faiss_vote_50):  16%|█▌        | 2239/13956 [00:13<01:11, 164.96it/s]
Benchmarking (faiss_vote_50):  16%|█▌        | 2256/13956 [00:13<01:10, 165.07it/s]
Benchmarking (faiss_vote_50):  16%|█▋        | 2273/13956 [00:13<01:10, 165.21it/s]
Benchmarking (faiss_vote_50):  16%|█▋        | 2290/13956 [00:14<01:10, 165.20it/s]
Benchmarking (faiss_vote_50):  17%|█▋        | 2307/13956 [00:14<01:10, 165.24it/s]
Benchmarking (faiss_vote_50):  17%|█▋        | 2324/13956 [00:14<01:10, 165.08it/s]
Benchmarking (faiss_vote_50):  17%|█▋        | 2341/13956 [00:14<01:10, 164.44it/s]
Benchmarking (faiss_vote_50):  17%|█▋        | 2358/13956 [00:14<01:10, 164.51it/s]
Benchmarking (faiss_vote_50):  17%|█▋        | 2375/13956 [00:14<01:10, 164.59it/s]
Benchmarking (faiss_vote_50):  17%|█▋        | 2392/13956 [00:14<01:10, 164.67it/s]
Benchmarking (faiss_vote_50):  17%|█▋        | 2409/13956 [00:14<01:10, 164.40it/s]
Benchmarking (faiss_vote_50):  17%|█▋        | 2426/13956 [00:14<01:10, 164.32it/s]
Benchmarking (faiss_vote_50):  18%|█▊        | 2443/13956 [00:14<01:10, 163.94it/s]
Benchmarking (faiss_vote_50):  18%|█▊        | 2460/13956 [00:15<01:10, 163.54it/s]
Benchmarking (faiss_vote_50):  18%|█▊        | 2477/13956 [00:15<01:10, 163.38it/s]
Benchmarking (faiss_vote_50):  18%|█▊        | 2494/13956 [00:15<01:10, 163.61it/s]INFO:src.evaluation.benchmark_partition_selection:      [VOTE DEBUG] search: 5.87ms | tally: 0.06ms | nodes: 50
Benchmarking (faiss_vote_50):  18%|█▊        | 2511/13956 [00:15<01:10, 163.32it/s]
Benchmarking (faiss_vote_50):  18%|█▊        | 2528/13956 [00:15<01:09, 163.38it/s]
Benchmarking (faiss_vote_50):  18%|█▊        | 2545/13956 [00:15<01:09, 163.43it/s]
Benchmarking (faiss_vote_50):  18%|█▊        | 2562/13956 [00:15<01:09, 163.82it/s]
Benchmarking (faiss_vote_50):  18%|█▊        | 2579/13956 [00:15<01:09, 163.94it/s]
Benchmarking (faiss_vote_50):  19%|█▊        | 2596/13956 [00:15<01:09, 164.09it/s]
Benchmarking (faiss_vote_50):  19%|█▊        | 2613/13956 [00:15<01:08, 164.54it/s]
Benchmarking (faiss_vote_50):  19%|█▉        | 2630/13956 [00:16<01:08, 164.80it/s]
Benchmarking (faiss_vote_50):  19%|█▉        | 2647/13956 [00:16<01:08, 164.65it/s]
Benchmarking (faiss_vote_50):  19%|█▉        | 2664/13956 [00:16<01:08, 164.84it/s]
Benchmarking (faiss_vote_50):  19%|█▉        | 2681/13956 [00:16<01:08, 164.94it/s]
Benchmarking (faiss_vote_50):  19%|█▉        | 2698/13956 [00:16<01:08, 165.11it/s]
Benchmarking (faiss_vote_50):  19%|█▉        | 2715/13956 [00:16<01:08, 165.23it/s]
Benchmarking (faiss_vote_50):  20%|█▉        | 2732/13956 [00:16<01:07, 165.23it/s]
Benchmarking (faiss_vote_50):  20%|█▉        | 2749/13956 [00:16<01:07, 165.38it/s]
Benchmarking (faiss_vote_50):  20%|█▉        | 2766/13956 [00:16<01:07, 165.38it/s]
Benchmarking (faiss_vote_50):  20%|█▉        | 2783/13956 [00:17<01:07, 165.35it/s]
Benchmarking (faiss_vote_50):  20%|██        | 2800/13956 [00:17<01:07, 165.46it/s]
Benchmarking (faiss_vote_50):  20%|██        | 2817/13956 [00:17<01:07, 165.54it/s]
Benchmarking (faiss_vote_50):  20%|██        | 2834/13956 [00:17<01:07, 165.32it/s]
Benchmarking (faiss_vote_50):  20%|██        | 2851/13956 [00:17<01:07, 165.42it/s]
Benchmarking (faiss_vote_50):  21%|██        | 2868/13956 [00:17<01:07, 165.28it/s]
Benchmarking (faiss_vote_50):  21%|██        | 2885/13956 [00:17<01:06, 165.42it/s]
Benchmarking (faiss_vote_50):  21%|██        | 2902/13956 [00:17<01:06, 165.35it/s]
Benchmarking (faiss_vote_50):  21%|██        | 2919/13956 [00:17<01:06, 165.22it/s]
Benchmarking (faiss_vote_50):  21%|██        | 2936/13956 [00:17<01:06, 165.11it/s]
Benchmarking (faiss_vote_50):  21%|██        | 2953/13956 [00:18<01:06, 164.66it/s]
Benchmarking (faiss_vote_50):  21%|██▏       | 2970/13956 [00:18<01:06, 164.76it/s]
Benchmarking (faiss_vote_50):  21%|██▏       | 2987/13956 [00:18<01:06, 165.00it/s]INFO:src.evaluation.benchmark_partition_selection:      [VOTE DEBUG] search: 5.87ms | tally: 0.05ms | nodes: 50
Benchmarking (faiss_vote_50):  22%|██▏       | 3004/13956 [00:18<01:06, 164.94it/s]
Benchmarking (faiss_vote_50):  22%|██▏       | 3021/13956 [00:18<01:06, 165.05it/s]
Benchmarking (faiss_vote_50):  22%|██▏       | 3038/13956 [00:18<01:06, 165.10it/s]
Benchmarking (faiss_vote_50):  22%|██▏       | 3055/13956 [00:18<01:05, 165.18it/s]
Benchmarking (faiss_vote_50):  22%|██▏       | 3072/13956 [00:18<01:05, 165.02it/s]
Benchmarking (faiss_vote_50):  22%|██▏       | 3089/13956 [00:18<01:05, 164.67it/s]
Benchmarking (faiss_vote_50):  22%|██▏       | 3106/13956 [00:18<01:06, 164.19it/s]
Benchmarking (faiss_vote_50):  22%|██▏       | 3123/13956 [00:19<01:05, 164.28it/s]
Benchmarking (faiss_vote_50):  22%|██▏       | 3140/13956 [00:19<01:05, 164.11it/s]
Benchmarking (faiss_vote_50):  23%|██▎       | 3157/13956 [00:19<01:06, 163.38it/s]
Benchmarking (faiss_vote_50):  23%|██▎       | 3174/13956 [00:19<01:05, 163.58it/s]
Benchmarking (faiss_vote_50):  23%|██▎       | 3191/13956 [00:19<01:05, 164.01it/s]
Benchmarking (faiss_vote_50):  23%|██▎       | 3208/13956 [00:19<01:05, 164.32it/s]
Benchmarking (faiss_vote_50):  23%|██▎       | 3225/13956 [00:19<01:05, 164.29it/s]
Benchmarking (faiss_vote_50):  23%|██▎       | 3242/13956 [00:19<01:05, 164.45it/s]
Benchmarking (faiss_vote_50):  23%|██▎       | 3259/13956 [00:19<01:04, 164.70it/s]
Benchmarking (faiss_vote_50):  23%|██▎       | 3276/13956 [00:19<01:04, 165.03it/s]
Benchmarking (faiss_vote_50):  24%|██▎       | 3293/13956 [00:20<01:04, 165.03it/s]
Benchmarking (faiss_vote_50):  24%|██▎       | 3310/13956 [00:20<01:04, 165.04it/s]
Benchmarking (faiss_vote_50):  24%|██▍       | 3327/13956 [00:20<01:04, 165.24it/s]
Benchmarking (faiss_vote_50):  24%|██▍       | 3344/13956 [00:20<01:04, 165.45it/s]
Benchmarking (faiss_vote_50):  24%|██▍       | 3361/13956 [00:20<01:04, 165.40it/s]
Benchmarking (faiss_vote_50):  24%|██▍       | 3378/13956 [00:20<01:04, 165.11it/s]
Benchmarking (faiss_vote_50):  24%|██▍       | 3395/13956 [00:20<01:04, 164.86it/s]
Benchmarking (faiss_vote_50):  24%|██▍       | 3412/13956 [00:20<01:04, 164.66it/s]
Benchmarking (faiss_vote_50):  25%|██▍       | 3429/13956 [00:20<01:03, 165.15it/s]
Benchmarking (faiss_vote_50):  25%|██▍       | 3446/13956 [00:21<01:03, 164.95it/s]
Benchmarking (faiss_vote_50):  25%|██▍       | 3463/13956 [00:21<01:03, 165.08it/s]
Benchmarking (faiss_vote_50):  25%|██▍       | 3480/13956 [00:21<01:03, 164.64it/s]
Benchmarking (faiss_vote_50):  25%|██▌       | 3497/13956 [00:21<01:03, 164.67it/s]INFO:src.evaluation.benchmark_partition_selection:      [VOTE DEBUG] search: 5.90ms | tally: 0.07ms | nodes: 50
Benchmarking (faiss_vote_50):  25%|██▌       | 3514/13956 [00:21<01:03, 164.55it/s]
Benchmarking (faiss_vote_50):  25%|██▌       | 3531/13956 [00:21<01:03, 164.55it/s]
Benchmarking (faiss_vote_50):  25%|██▌       | 3548/13956 [00:21<01:03, 164.57it/s]
Benchmarking (faiss_vote_50):  26%|██▌       | 3565/13956 [00:21<01:03, 164.45it/s]
Benchmarking (faiss_vote_50):  26%|██▌       | 3582/13956 [00:21<01:03, 164.55it/s]
Benchmarking (faiss_vote_50):  26%|██▌       | 3599/13956 [00:21<01:02, 164.67it/s]
Benchmarking (faiss_vote_50):  26%|██▌       | 3616/13956 [00:22<01:02, 164.77it/s]
Benchmarking (faiss_vote_50):  26%|██▌       | 3633/13956 [00:22<01:02, 165.02it/s]
Benchmarking (faiss_vote_50):  26%|██▌       | 3650/13956 [00:22<01:02, 165.21it/s]
Benchmarking (faiss_vote_50):  26%|██▋       | 3667/13956 [00:22<01:02, 165.22it/s]
Benchmarking (faiss_vote_50):  26%|██▋       | 3684/13956 [00:22<01:02, 165.27it/s]
Benchmarking (faiss_vote_50):  27%|██▋       | 3701/13956 [00:22<01:02, 165.04it/s]
Benchmarking (faiss_vote_50):  27%|██▋       | 3718/13956 [00:22<01:02, 164.80it/s]
Benchmarking (faiss_vote_50):  27%|██▋       | 3735/13956 [00:22<01:02, 164.57it/s]
Benchmarking (faiss_vote_50):  27%|██▋       | 3752/13956 [00:22<01:02, 164.28it/s]
Benchmarking (faiss_vote_50):  27%|██▋       | 3769/13956 [00:22<01:02, 163.93it/s]
Benchmarking (faiss_vote_50):  27%|██▋       | 3786/13956 [00:23<01:02, 163.85it/s]
Benchmarking (faiss_vote_50):  27%|██▋       | 3803/13956 [00:23<01:01, 163.80it/s]
Benchmarking (faiss_vote_50):  27%|██▋       | 3820/13956 [00:23<01:01, 163.95it/s]
Benchmarking (faiss_vote_50):  27%|██▋       | 3837/13956 [00:23<01:01, 163.99it/s]
Benchmarking (faiss_vote_50):  28%|██▊       | 3854/13956 [00:23<01:01, 164.13it/s]
Benchmarking (faiss_vote_50):  28%|██▊       | 3871/13956 [00:23<01:01, 164.58it/s]
Benchmarking (faiss_vote_50):  28%|██▊       | 3888/13956 [00:23<01:01, 164.67it/s]
Benchmarking (faiss_vote_50):  28%|██▊       | 3905/13956 [00:23<01:00, 165.04it/s]
Benchmarking (faiss_vote_50):  28%|██▊       | 3922/13956 [00:23<01:00, 164.86it/s]
Benchmarking (faiss_vote_50):  28%|██▊       | 3939/13956 [00:24<01:00, 164.26it/s]
Benchmarking (faiss_vote_50):  28%|██▊       | 3956/13956 [00:24<01:00, 164.24it/s]
Benchmarking (faiss_vote_50):  28%|██▊       | 3973/13956 [00:24<01:00, 164.33it/s]
Benchmarking (faiss_vote_50):  29%|██▊       | 3990/13956 [00:24<01:00, 164.59it/s]INFO:src.evaluation.benchmark_partition_selection:      [VOTE DEBUG] search: 5.85ms | tally: 0.06ms | nodes: 50
Benchmarking (faiss_vote_50):  29%|██▊       | 4007/13956 [00:24<01:00, 164.53it/s]
Benchmarking (faiss_vote_50):  29%|██▉       | 4024/13956 [00:24<01:00, 164.72it/s]
Benchmarking (faiss_vote_50):  29%|██▉       | 4041/13956 [00:24<01:00, 164.83it/s]
Benchmarking (faiss_vote_50):  29%|██▉       | 4058/13956 [00:24<00:59, 165.14it/s]
Benchmarking (faiss_vote_50):  29%|██▉       | 4075/13956 [00:24<00:59, 165.63it/s]
Benchmarking (faiss_vote_50):  29%|██▉       | 4092/13956 [00:24<00:59, 165.69it/s]
Benchmarking (faiss_vote_50):  29%|██▉       | 4109/13956 [00:25<00:59, 165.92it/s]
Benchmarking (faiss_vote_50):  30%|██▉       | 4126/13956 [00:25<00:59, 166.16it/s]
Benchmarking (faiss_vote_50):  30%|██▉       | 4143/13956 [00:25<00:58, 166.44it/s]
Benchmarking (faiss_vote_50):  30%|██▉       | 4160/13956 [00:25<00:58, 166.63it/s]
Benchmarking (faiss_vote_50):  30%|██▉       | 4177/13956 [00:25<00:58, 166.36it/s]
Benchmarking (faiss_vote_50):  30%|███       | 4194/13956 [00:25<00:58, 166.40it/s]
Benchmarking (faiss_vote_50):  30%|███       | 4211/13956 [00:25<00:58, 166.25it/s]
Benchmarking (faiss_vote_50):  30%|███       | 4228/13956 [00:25<00:58, 165.66it/s]
Benchmarking (faiss_vote_50):  30%|███       | 4245/13956 [00:25<00:58, 164.87it/s]
Benchmarking (faiss_vote_50):  31%|███       | 4262/13956 [00:25<00:59, 164.28it/s]
Benchmarking (faiss_vote_50):  31%|███       | 4279/13956 [00:26<00:58, 164.05it/s]
Benchmarking (faiss_vote_50):  31%|███       | 4296/13956 [00:26<00:58, 163.87it/s]
Benchmarking (faiss_vote_50):  31%|███       | 4313/13956 [00:26<00:58, 163.80it/s]
Benchmarking (faiss_vote_50):  31%|███       | 4330/13956 [00:26<00:58, 163.79it/s]
Benchmarking (faiss_vote_50):  31%|███       | 4347/13956 [00:26<00:58, 163.50it/s]
Benchmarking (faiss_vote_50):  31%|███▏      | 4364/13956 [00:26<00:58, 163.57it/s]
Benchmarking (faiss_vote_50):  31%|███▏      | 4381/13956 [00:26<00:58, 163.96it/s]
Benchmarking (faiss_vote_50):  32%|███▏      | 4398/13956 [00:26<00:58, 164.36it/s]
Benchmarking (faiss_vote_50):  32%|███▏      | 4415/13956 [00:26<00:57, 164.58it/s]
Benchmarking (faiss_vote_50):  32%|███▏      | 4432/13956 [00:27<00:58, 164.14it/s]
Benchmarking (faiss_vote_50):  32%|███▏      | 4449/13956 [00:27<00:57, 164.20it/s]
Benchmarking (faiss_vote_50):  32%|███▏      | 4466/13956 [00:27<00:57, 164.31it/s]
Benchmarking (faiss_vote_50):  32%|███▏      | 4483/13956 [00:27<00:57, 164.54it/s]
Benchmarking (faiss_vote_50):  32%|███▏      | 4500/13956 [00:27<00:57, 165.11it/s]INFO:src.evaluation.benchmark_partition_selection:      [VOTE DEBUG] search: 5.78ms | tally: 0.05ms | nodes: 50
Benchmarking (faiss_vote_50):  32%|███▏      | 4517/13956 [00:27<00:57, 165.20it/s]
Benchmarking (faiss_vote_50):  32%|███▏      | 4534/13956 [00:27<00:56, 165.63it/s]
Benchmarking (faiss_vote_50):  33%|███▎      | 4551/13956 [00:27<00:56, 165.90it/s]
Benchmarking (faiss_vote_50):  33%|███▎      | 4568/13956 [00:27<00:56, 166.11it/s]
Benchmarking (faiss_vote_50):  33%|███▎      | 4585/13956 [00:27<00:56, 165.63it/s]
Benchmarking (faiss_vote_50):  33%|███▎      | 4602/13956 [00:28<00:56, 165.43it/s]
Benchmarking (faiss_vote_50):  33%|███▎      | 4619/13956 [00:28<00:56, 165.39it/s]
Benchmarking (faiss_vote_50):  33%|███▎      | 4636/13956 [00:28<00:56, 165.40it/s]
Benchmarking (faiss_vote_50):  33%|███▎      | 4653/13956 [00:28<00:56, 165.31it/s]
Benchmarking (faiss_vote_50):  33%|███▎      | 4670/13956 [00:28<00:56, 165.34it/s]
Benchmarking (faiss_vote_50):  34%|███▎      | 4687/13956 [00:28<00:56, 165.30it/s]
Benchmarking (faiss_vote_50):  34%|███▎      | 4704/13956 [00:28<00:56, 165.21it/s]
Benchmarking (faiss_vote_50):  34%|███▍      | 4721/13956 [00:28<00:55, 165.56it/s]
Benchmarking (faiss_vote_50):  34%|███▍      | 4738/13956 [00:28<00:55, 165.27it/s]
Benchmarking (faiss_vote_50):  34%|███▍      | 4755/13956 [00:28<00:55, 164.69it/s]
Benchmarking (faiss_vote_50):  34%|███▍      | 4772/13956 [00:29<00:55, 164.78it/s]
Benchmarking (faiss_vote_50):  34%|███▍      | 4789/13956 [00:29<00:55, 164.61it/s]
Benchmarking (faiss_vote_50):  34%|███▍      | 4806/13956 [00:29<00:55, 164.14it/s]
Benchmarking (faiss_vote_50):  35%|███▍      | 4823/13956 [00:29<00:55, 164.07it/s]
Benchmarking (faiss_vote_50):  35%|███▍      | 4840/13956 [00:29<00:55, 164.27it/s]
Benchmarking (faiss_vote_50):  35%|███▍      | 4857/13956 [00:29<00:55, 164.71it/s]
Benchmarking (faiss_vote_50):  35%|███▍      | 4874/13956 [00:29<00:54, 165.24it/s]
Benchmarking (faiss_vote_50):  35%|███▌      | 4891/13956 [00:29<00:54, 165.61it/s]
Benchmarking (faiss_vote_50):  35%|███▌      | 4908/13956 [00:29<00:54, 165.34it/s]
Benchmarking (faiss_vote_50):  35%|███▌      | 4925/13956 [00:29<00:54, 165.40it/s]
Benchmarking (faiss_vote_50):  35%|███▌      | 4942/13956 [00:30<00:54, 165.55it/s]
Benchmarking (faiss_vote_50):  36%|███▌      | 4959/13956 [00:30<00:54, 165.89it/s]
Benchmarking (faiss_vote_50):  36%|███▌      | 4976/13956 [00:30<00:54, 165.62it/s]
Benchmarking (faiss_vote_50):  36%|███▌      | 4993/13956 [00:30<00:54, 165.39it/s]INFO:src.evaluation.benchmark_partition_selection:      [VOTE DEBUG] search: 5.90ms | tally: 0.07ms | nodes: 50
Benchmarking (faiss_vote_50):  36%|███▌      | 5010/13956 [00:30<00:54, 164.88it/s]
Benchmarking (faiss_vote_50):  36%|███▌      | 5027/13956 [00:30<00:54, 164.27it/s]
Benchmarking (faiss_vote_50):  36%|███▌      | 5044/13956 [00:30<00:54, 163.99it/s]
Benchmarking (faiss_vote_50):  36%|███▋      | 5061/13956 [00:30<00:54, 163.82it/s]
Benchmarking (faiss_vote_50):  36%|███▋      | 5078/13956 [00:30<00:54, 163.86it/s]
Benchmarking (faiss_vote_50):  37%|███▋      | 5095/13956 [00:31<00:54, 163.78it/s]
Benchmarking (faiss_vote_50):  37%|███▋      | 5112/13956 [00:31<00:54, 163.66it/s]
Benchmarking (faiss_vote_50):  37%|███▋      | 5129/13956 [00:31<00:53, 163.69it/s]
Benchmarking (faiss_vote_50):  37%|███▋      | 5146/13956 [00:31<00:53, 164.31it/s]
Benchmarking (faiss_vote_50):  37%|███▋      | 5163/13956 [00:31<00:53, 164.40it/s]
Benchmarking (faiss_vote_50):  37%|███▋      | 5180/13956 [00:31<00:53, 164.24it/s]
Benchmarking (faiss_vote_50):  37%|███▋      | 5197/13956 [00:31<00:53, 163.95it/s]
Benchmarking (faiss_vote_50):  37%|███▋      | 5214/13956 [00:31<00:53, 163.92it/s]
Benchmarking (faiss_vote_50):  37%|███▋      | 5231/13956 [00:31<00:53, 163.45it/s]
Benchmarking (faiss_vote_50):  38%|███▊      | 5248/13956 [00:31<00:53, 163.32it/s]
Benchmarking (faiss_vote_50):  38%|███▊      | 5265/13956 [00:32<00:53, 163.16it/s]
Benchmarking (faiss_vote_50):  38%|███▊      | 5282/13956 [00:32<00:53, 163.33it/s]
Benchmarking (faiss_vote_50):  38%|███▊      | 5299/13956 [00:32<00:53, 163.33it/s]
Benchmarking (faiss_vote_50):  38%|███▊      | 5316/13956 [00:32<00:52, 163.26it/s]
Benchmarking (faiss_vote_50):  38%|███▊      | 5333/13956 [00:32<00:52, 163.09it/s]
Benchmarking (faiss_vote_50):  38%|███▊      | 5350/13956 [00:32<00:52, 163.51it/s]
Benchmarking (faiss_vote_50):  38%|███▊      | 5367/13956 [00:32<00:52, 163.71it/s]
Benchmarking (faiss_vote_50):  39%|███▊      | 5384/13956 [00:32<00:52, 163.91it/s]
Benchmarking (faiss_vote_50):  39%|███▊      | 5401/13956 [00:32<00:52, 164.17it/s]
Benchmarking (faiss_vote_50):  39%|███▉      | 5418/13956 [00:33<00:51, 164.24it/s]
Benchmarking (faiss_vote_50):  39%|███▉      | 5435/13956 [00:33<00:51, 164.45it/s]
Benchmarking (faiss_vote_50):  39%|███▉      | 5452/13956 [00:33<00:51, 164.18it/s]
Benchmarking (faiss_vote_50):  39%|███▉      | 5469/13956 [00:33<00:51, 164.04it/s]
Benchmarking (faiss_vote_50):  39%|███▉      | 5486/13956 [00:33<00:51, 163.86it/s]INFO:src.evaluation.benchmark_partition_selection:      [VOTE DEBUG] search: 5.94ms | tally: 0.06ms | nodes: 50
Benchmarking (faiss_vote_50):  39%|███▉      | 5503/13956 [00:33<00:51, 163.28it/s]
Benchmarking (faiss_vote_50):  40%|███▉      | 5520/13956 [00:33<00:51, 164.05it/s]
Benchmarking (faiss_vote_50):  40%|███▉      | 5537/13956 [00:33<00:51, 164.66it/s]
Benchmarking (faiss_vote_50):  40%|███▉      | 5554/13956 [00:33<00:50, 164.92it/s]
Benchmarking (faiss_vote_50):  40%|███▉      | 5571/13956 [00:33<00:50, 165.00it/s]
Benchmarking (faiss_vote_50):  40%|████      | 5588/13956 [00:34<00:50, 165.22it/s]
Benchmarking (faiss_vote_50):  40%|████      | 5605/13956 [00:34<00:50, 165.36it/s]
Benchmarking (faiss_vote_50):  40%|████      | 5622/13956 [00:34<00:50, 165.24it/s]
Benchmarking (faiss_vote_50):  40%|████      | 5639/13956 [00:34<00:50, 164.82it/s]
Benchmarking (faiss_vote_50):  41%|████      | 5656/13956 [00:34<00:50, 164.85it/s]
Benchmarking (faiss_vote_50):  41%|████      | 5673/13956 [00:34<00:50, 164.94it/s]
Benchmarking (faiss_vote_50):  41%|████      | 5690/13956 [00:34<00:50, 165.00it/s]
Benchmarking (faiss_vote_50):  41%|████      | 5707/13956 [00:34<00:49, 165.08it/s]
Benchmarking (faiss_vote_50):  41%|████      | 5724/13956 [00:34<00:49, 165.01it/s]
Benchmarking (faiss_vote_50):  41%|████      | 5741/13956 [00:34<00:49, 164.34it/s]
Benchmarking (faiss_vote_50):  41%|████▏     | 5758/13956 [00:35<00:50, 163.77it/s]
Benchmarking (faiss_vote_50):  41%|████▏     | 5775/13956 [00:35<00:49, 163.73it/s]
Benchmarking (faiss_vote_50):  42%|████▏     | 5792/13956 [00:35<00:49, 163.96it/s]
Benchmarking (faiss_vote_50):  42%|████▏     | 5809/13956 [00:35<00:49, 164.34it/s]
Benchmarking (faiss_vote_50):  42%|████▏     | 5826/13956 [00:35<00:49, 164.60it/s]
Benchmarking (faiss_vote_50):  42%|████▏     | 5843/13956 [00:35<00:49, 164.75it/s]
Benchmarking (faiss_vote_50):  42%|████▏     | 5860/13956 [00:35<00:49, 164.75it/s]
Benchmarking (faiss_vote_50):  42%|████▏     | 5877/13956 [00:35<00:49, 164.81it/s]
Benchmarking (faiss_vote_50):  42%|████▏     | 5894/13956 [00:35<00:48, 164.82it/s]
Benchmarking (faiss_vote_50):  42%|████▏     | 5911/13956 [00:36<00:48, 164.74it/s]
Benchmarking (faiss_vote_50):  42%|████▏     | 5928/13956 [00:36<00:48, 165.03it/s]
Benchmarking (faiss_vote_50):  43%|████▎     | 5945/13956 [00:36<00:48, 165.01it/s]
Benchmarking (faiss_vote_50):  43%|████▎     | 5962/13956 [00:36<00:48, 164.98it/s]
Benchmarking (faiss_vote_50):  43%|████▎     | 5979/13956 [00:36<00:48, 165.12it/s]
Benchmarking (faiss_vote_50):  43%|████▎     | 5996/13956 [00:36<00:48, 165.37it/s]INFO:src.evaluation.benchmark_partition_selection:      [VOTE DEBUG] search: 5.84ms | tally: 0.06ms | nodes: 50
Benchmarking (faiss_vote_50):  43%|████▎     | 6013/13956 [00:36<00:48, 165.20it/s]
Benchmarking (faiss_vote_50):  43%|████▎     | 6030/13956 [00:36<00:47, 165.13it/s]
Benchmarking (faiss_vote_50):  43%|████▎     | 6047/13956 [00:36<00:47, 165.13it/s]
Benchmarking (faiss_vote_50):  43%|████▎     | 6064/13956 [00:36<00:47, 165.36it/s]
Benchmarking (faiss_vote_50):  44%|████▎     | 6081/13956 [00:37<00:47, 165.26it/s]
Benchmarking (faiss_vote_50):  44%|████▎     | 6098/13956 [00:37<00:47, 165.37it/s]
Benchmarking (faiss_vote_50):  44%|████▍     | 6115/13956 [00:37<00:47, 165.44it/s]
Benchmarking (faiss_vote_50):  44%|████▍     | 6132/13956 [00:37<00:47, 165.36it/s]
Benchmarking (faiss_vote_50):  44%|████▍     | 6149/13956 [00:37<00:47, 165.15it/s]
Benchmarking (faiss_vote_50):  44%|████▍     | 6166/13956 [00:37<00:47, 164.85it/s]
Benchmarking (faiss_vote_50):  44%|████▍     | 6183/13956 [00:37<00:47, 164.80it/s]
Benchmarking (faiss_vote_50):  44%|████▍     | 6200/13956 [00:37<00:47, 164.58it/s]
Benchmarking (faiss_vote_50):  45%|████▍     | 6217/13956 [00:37<00:46, 164.93it/s]
Benchmarking (faiss_vote_50):  45%|████▍     | 6234/13956 [00:37<00:46, 165.07it/s]
Benchmarking (faiss_vote_50):  45%|████▍     | 6251/13956 [00:38<00:46, 165.22it/s]
Benchmarking (faiss_vote_50):  45%|████▍     | 6268/13956 [00:38<00:46, 165.48it/s]
Benchmarking (faiss_vote_50):  45%|████▌     | 6285/13956 [00:38<00:46, 165.65it/s]
Benchmarking (faiss_vote_50):  45%|████▌     | 6302/13956 [00:38<00:46, 165.84it/s]
Benchmarking (faiss_vote_50):  45%|████▌     | 6319/13956 [00:38<00:46, 165.85it/s]
Benchmarking (faiss_vote_50):  45%|████▌     | 6336/13956 [00:38<00:45, 165.90it/s]
Benchmarking (faiss_vote_50):  46%|████▌     | 6353/13956 [00:38<00:45, 165.99it/s]
Benchmarking (faiss_vote_50):  46%|████▌     | 6370/13956 [00:38<00:45, 165.55it/s]
Benchmarking (faiss_vote_50):  46%|████▌     | 6387/13956 [00:38<00:45, 165.58it/s]
Benchmarking (faiss_vote_50):  46%|████▌     | 6404/13956 [00:38<00:45, 165.47it/s]
Benchmarking (faiss_vote_50):  46%|████▌     | 6421/13956 [00:39<00:45, 165.53it/s]
Benchmarking (faiss_vote_50):  46%|████▌     | 6438/13956 [00:39<00:45, 165.22it/s]
Benchmarking (faiss_vote_50):  46%|████▋     | 6455/13956 [00:39<00:45, 164.85it/s]
Benchmarking (faiss_vote_50):  46%|████▋     | 6472/13956 [00:39<00:45, 165.12it/s]
Benchmarking (faiss_vote_50):  46%|████▋     | 6489/13956 [00:39<00:45, 165.30it/s]INFO:src.evaluation.benchmark_partition_selection:      [VOTE DEBUG] search: 5.85ms | tally: 0.06ms | nodes: 50
Benchmarking (faiss_vote_50):  47%|████▋     | 6506/13956 [00:39<00:45, 165.49it/s]
Benchmarking (faiss_vote_50):  47%|████▋     | 6523/13956 [00:39<00:44, 165.58it/s]
Benchmarking (faiss_vote_50):  47%|████▋     | 6540/13956 [00:39<00:44, 165.25it/s]
Benchmarking (faiss_vote_50):  47%|████▋     | 6557/13956 [00:39<00:44, 165.18it/s]
Benchmarking (faiss_vote_50):  47%|████▋     | 6574/13956 [00:40<00:44, 164.92it/s]
Benchmarking (faiss_vote_50):  47%|████▋     | 6591/13956 [00:40<00:44, 164.93it/s]
Benchmarking (faiss_vote_50):  47%|████▋     | 6608/13956 [00:40<00:44, 164.67it/s]
Benchmarking (faiss_vote_50):  47%|████▋     | 6625/13956 [00:40<00:44, 164.06it/s]
Benchmarking (faiss_vote_50):  48%|████▊     | 6642/13956 [00:40<00:44, 163.82it/s]
Benchmarking (faiss_vote_50):  48%|████▊     | 6659/13956 [00:40<00:44, 164.12it/s]
Benchmarking (faiss_vote_50):  48%|████▊     | 6676/13956 [00:40<00:44, 164.37it/s]
Benchmarking (faiss_vote_50):  48%|████▊     | 6693/13956 [00:40<00:44, 164.52it/s]
Benchmarking (faiss_vote_50):  48%|████▊     | 6710/13956 [00:40<00:44, 164.18it/s]
Benchmarking (faiss_vote_50):  48%|████▊     | 6727/13956 [00:40<00:43, 164.46it/s]
Benchmarking (faiss_vote_50):  48%|████▊     | 6744/13956 [00:41<00:43, 164.66it/s]
Benchmarking (faiss_vote_50):  48%|████▊     | 6761/13956 [00:41<00:43, 165.11it/s]
Benchmarking (faiss_vote_50):  49%|████▊     | 6778/13956 [00:41<00:43, 165.29it/s]
Benchmarking (faiss_vote_50):  49%|████▊     | 6795/13956 [00:41<00:43, 165.23it/s]
Benchmarking (faiss_vote_50):  49%|████▉     | 6812/13956 [00:41<00:43, 165.25it/s]
Benchmarking (faiss_vote_50):  49%|████▉     | 6829/13956 [00:41<00:43, 165.59it/s]
Benchmarking (faiss_vote_50):  49%|████▉     | 6846/13956 [00:41<00:42, 165.63it/s]
Benchmarking (faiss_vote_50):  49%|████▉     | 6863/13956 [00:41<00:42, 165.62it/s]
Benchmarking (faiss_vote_50):  49%|████▉     | 6880/13956 [00:41<00:42, 165.27it/s]
Benchmarking (faiss_vote_50):  49%|████▉     | 6897/13956 [00:41<00:42, 165.19it/s]
Benchmarking (faiss_vote_50):  50%|████▉     | 6914/13956 [00:42<00:42, 164.99it/s]
Benchmarking (faiss_vote_50):  50%|████▉     | 6931/13956 [00:42<00:42, 164.99it/s]
Benchmarking (faiss_vote_50):  50%|████▉     | 6948/13956 [00:42<00:42, 165.00it/s]
Benchmarking (faiss_vote_50):  50%|████▉     | 6965/13956 [00:42<00:42, 164.95it/s]
Benchmarking (faiss_vote_50):  50%|█████     | 6982/13956 [00:42<00:42, 164.98it/s]
Benchmarking (faiss_vote_50):  50%|█████     | 6999/13956 [00:42<00:42, 165.02it/s]INFO:src.evaluation.benchmark_partition_selection:      [VOTE DEBUG] search: 5.84ms | tally: 0.07ms | nodes: 50
Benchmarking (faiss_vote_50):  50%|█████     | 7016/13956 [00:42<00:42, 164.92it/s]
Benchmarking (faiss_vote_50):  50%|█████     | 7033/13956 [00:42<00:41, 164.92it/s]
Benchmarking (faiss_vote_50):  51%|█████     | 7050/13956 [00:42<00:41, 164.77it/s]
Benchmarking (faiss_vote_50):  51%|█████     | 7067/13956 [00:43<00:41, 164.51it/s]
Benchmarking (faiss_vote_50):  51%|█████     | 7084/13956 [00:43<00:41, 164.60it/s]
Benchmarking (faiss_vote_50):  51%|█████     | 7101/13956 [00:43<00:41, 164.83it/s]
Benchmarking (faiss_vote_50):  51%|█████     | 7118/13956 [00:43<00:41, 164.89it/s]
Benchmarking (faiss_vote_50):  51%|█████     | 7135/13956 [00:43<00:41, 164.86it/s]
Benchmarking (faiss_vote_50):  51%|█████     | 7152/13956 [00:43<00:41, 164.58it/s]
Benchmarking (faiss_vote_50):  51%|█████▏    | 7169/13956 [00:43<00:41, 164.58it/s]
Benchmarking (faiss_vote_50):  51%|█████▏    | 7186/13956 [00:43<00:41, 164.59it/s]
Benchmarking (faiss_vote_50):  52%|█████▏    | 7203/13956 [00:43<00:41, 164.70it/s]
Benchmarking (faiss_vote_50):  52%|█████▏    | 7220/13956 [00:43<00:40, 164.76it/s]
Benchmarking (faiss_vote_50):  52%|█████▏    | 7237/13956 [00:44<00:40, 164.49it/s]
Benchmarking (faiss_vote_50):  52%|█████▏    | 7254/13956 [00:44<00:40, 164.29it/s]
Benchmarking (faiss_vote_50):  52%|█████▏    | 7271/13956 [00:44<00:40, 164.11it/s]
Benchmarking (faiss_vote_50):  52%|█████▏    | 7288/13956 [00:44<00:40, 163.72it/s]
Benchmarking (faiss_vote_50):  52%|█████▏    | 7305/13956 [00:44<00:40, 164.17it/s]
Benchmarking (faiss_vote_50):  52%|█████▏    | 7322/13956 [00:44<00:40, 164.16it/s]
Benchmarking (faiss_vote_50):  53%|█████▎    | 7339/13956 [00:44<00:40, 164.23it/s]
Benchmarking (faiss_vote_50):  53%|█████▎    | 7356/13956 [00:44<00:40, 164.29it/s]
Benchmarking (faiss_vote_50):  53%|█████▎    | 7373/13956 [00:44<00:40, 164.31it/s]
Benchmarking (faiss_vote_50):  53%|█████▎    | 7390/13956 [00:44<00:39, 164.51it/s]
Benchmarking (faiss_vote_50):  53%|█████▎    | 7407/13956 [00:45<00:39, 164.89it/s]
Benchmarking (faiss_vote_50):  53%|█████▎    | 7424/13956 [00:45<00:39, 164.84it/s]
Benchmarking (faiss_vote_50):  53%|█████▎    | 7441/13956 [00:45<00:39, 164.45it/s]
Benchmarking (faiss_vote_50):  53%|█████▎    | 7458/13956 [00:45<00:39, 164.83it/s]
Benchmarking (faiss_vote_50):  54%|█████▎    | 7475/13956 [00:45<00:39, 164.66it/s]
Benchmarking (faiss_vote_50):  54%|█████▎    | 7492/13956 [00:45<00:39, 164.68it/s]INFO:src.evaluation.benchmark_partition_selection:      [VOTE DEBUG] search: 5.84ms | tally: 0.07ms | nodes: 50
Benchmarking (faiss_vote_50):  54%|█████▍    | 7509/13956 [00:45<00:39, 164.71it/s]
Benchmarking (faiss_vote_50):  54%|█████▍    | 7526/13956 [00:45<00:39, 164.70it/s]
Benchmarking (faiss_vote_50):  54%|█████▍    | 7543/13956 [00:45<00:38, 164.74it/s]
Benchmarking (faiss_vote_50):  54%|█████▍    | 7560/13956 [00:45<00:38, 164.87it/s]
Benchmarking (faiss_vote_50):  54%|█████▍    | 7577/13956 [00:46<00:38, 164.51it/s]
Benchmarking (faiss_vote_50):  54%|█████▍    | 7594/13956 [00:46<00:38, 164.13it/s]
Benchmarking (faiss_vote_50):  55%|█████▍    | 7611/13956 [00:46<00:38, 163.99it/s]
Benchmarking (faiss_vote_50):  55%|█████▍    | 7628/13956 [00:46<00:38, 163.82it/s]
Benchmarking (faiss_vote_50):  55%|█████▍    | 7645/13956 [00:46<00:38, 163.86it/s]
Benchmarking (faiss_vote_50):  55%|█████▍    | 7662/13956 [00:46<00:38, 164.05it/s]
Benchmarking (faiss_vote_50):  55%|█████▌    | 7679/13956 [00:46<00:38, 164.20it/s]
Benchmarking (faiss_vote_50):  55%|█████▌    | 7696/13956 [00:46<00:38, 164.42it/s]
Benchmarking (faiss_vote_50):  55%|█████▌    | 7713/13956 [00:46<00:37, 164.61it/s]
Benchmarking (faiss_vote_50):  55%|█████▌    | 7730/13956 [00:47<00:37, 164.60it/s]
Benchmarking (faiss_vote_50):  56%|█████▌    | 7747/13956 [00:47<00:37, 164.46it/s]
Benchmarking (faiss_vote_50):  56%|█████▌    | 7764/13956 [00:47<00:37, 164.33it/s]
Benchmarking (faiss_vote_50):  56%|█████▌    | 7781/13956 [00:47<00:37, 164.55it/s]
Benchmarking (faiss_vote_50):  56%|█████▌    | 7798/13956 [00:47<00:37, 164.62it/s]
Benchmarking (faiss_vote_50):  56%|█████▌    | 7815/13956 [00:47<00:37, 164.61it/s]
Benchmarking (faiss_vote_50):  56%|█████▌    | 7832/13956 [00:47<00:37, 164.93it/s]
Benchmarking (faiss_vote_50):  56%|█████▌    | 7849/13956 [00:47<00:37, 164.86it/s]
Benchmarking (faiss_vote_50):  56%|█████▋    | 7866/13956 [00:47<00:36, 165.11it/s]
Benchmarking (faiss_vote_50):  56%|█████▋    | 7883/13956 [00:47<00:36, 165.34it/s]
Benchmarking (faiss_vote_50):  57%|█████▋    | 7900/13956 [00:48<00:36, 164.52it/s]
Benchmarking (faiss_vote_50):  57%|█████▋    | 7917/13956 [00:48<00:36, 164.60it/s]
Benchmarking (faiss_vote_50):  57%|█████▋    | 7934/13956 [00:48<00:36, 163.97it/s]
Benchmarking (faiss_vote_50):  57%|█████▋    | 7951/13956 [00:48<00:36, 163.65it/s]
Benchmarking (faiss_vote_50):  57%|█████▋    | 7968/13956 [00:48<00:36, 164.21it/s]
Benchmarking (faiss_vote_50):  57%|█████▋    | 7985/13956 [00:48<00:36, 163.90it/s]INFO:src.evaluation.benchmark_partition_selection:      [VOTE DEBUG] search: 6.06ms | tally: 0.06ms | nodes: 50
Benchmarking (faiss_vote_50):  57%|█████▋    | 8002/13956 [00:48<00:36, 163.46it/s]
Benchmarking (faiss_vote_50):  57%|█████▋    | 8019/13956 [00:48<00:36, 163.07it/s]
Benchmarking (faiss_vote_50):  58%|█████▊    | 8036/13956 [00:48<00:36, 163.57it/s]
Benchmarking (faiss_vote_50):  58%|█████▊    | 8053/13956 [00:49<00:36, 163.75it/s]
Benchmarking (faiss_vote_50):  58%|█████▊    | 8070/13956 [00:49<00:35, 164.05it/s]
Benchmarking (faiss_vote_50):  58%|█████▊    | 8087/13956 [00:49<00:35, 164.19it/s]
Benchmarking (faiss_vote_50):  58%|█████▊    | 8104/13956 [00:49<00:35, 163.42it/s]
Benchmarking (faiss_vote_50):  58%|█████▊    | 8121/13956 [00:49<00:35, 162.76it/s]
Benchmarking (faiss_vote_50):  58%|█████▊    | 8138/13956 [00:49<00:35, 163.23it/s]
Benchmarking (faiss_vote_50):  58%|█████▊    | 8155/13956 [00:49<00:35, 162.61it/s]
Benchmarking (faiss_vote_50):  59%|█████▊    | 8172/13956 [00:49<00:35, 162.59it/s]
Benchmarking (faiss_vote_50):  59%|█████▊    | 8189/13956 [00:49<00:35, 162.12it/s]
Benchmarking (faiss_vote_50):  59%|█████▉    | 8206/13956 [00:49<00:35, 162.03it/s]
Benchmarking (faiss_vote_50):  59%|█████▉    | 8223/13956 [00:50<00:35, 162.23it/s]
Benchmarking (faiss_vote_50):  59%|█████▉    | 8240/13956 [00:50<00:35, 162.77it/s]
Benchmarking (faiss_vote_50):  59%|█████▉    | 8257/13956 [00:50<00:34, 163.09it/s]
Benchmarking (faiss_vote_50):  59%|█████▉    | 8274/13956 [00:50<00:34, 163.28it/s]
Benchmarking (faiss_vote_50):  59%|█████▉    | 8291/13956 [00:50<00:34, 163.13it/s]
Benchmarking (faiss_vote_50):  60%|█████▉    | 8308/13956 [00:50<00:34, 163.79it/s]
Benchmarking (faiss_vote_50):  60%|█████▉    | 8325/13956 [00:50<00:34, 164.45it/s]
Benchmarking (faiss_vote_50):  60%|█████▉    | 8342/13956 [00:50<00:34, 164.76it/s]
Benchmarking (faiss_vote_50):  60%|█████▉    | 8359/13956 [00:50<00:33, 164.88it/s]
Benchmarking (faiss_vote_50):  60%|██████    | 8376/13956 [00:50<00:33, 164.98it/s]
Benchmarking (faiss_vote_50):  60%|██████    | 8393/13956 [00:51<00:33, 165.42it/s]
Benchmarking (faiss_vote_50):  60%|██████    | 8410/13956 [00:51<00:33, 165.62it/s]
Benchmarking (faiss_vote_50):  60%|██████    | 8427/13956 [00:51<00:33, 165.91it/s]
Benchmarking (faiss_vote_50):  61%|██████    | 8444/13956 [00:51<00:33, 166.18it/s]
Benchmarking (faiss_vote_50):  61%|██████    | 8461/13956 [00:51<00:33, 165.78it/s]
Benchmarking (faiss_vote_50):  61%|██████    | 8478/13956 [00:51<00:33, 165.29it/s]
Benchmarking (faiss_vote_50):  61%|██████    | 8495/13956 [00:51<00:32, 165.60it/s]INFO:src.evaluation.benchmark_partition_selection:      [VOTE DEBUG] search: 5.85ms | tally: 0.06ms | nodes: 50
Benchmarking (faiss_vote_50):  61%|██████    | 8512/13956 [00:51<00:32, 165.46it/s]
Benchmarking (faiss_vote_50):  61%|██████    | 8529/13956 [00:51<00:32, 165.44it/s]
Benchmarking (faiss_vote_50):  61%|██████    | 8546/13956 [00:52<00:32, 165.74it/s]
Benchmarking (faiss_vote_50):  61%|██████▏   | 8563/13956 [00:52<00:32, 165.88it/s]
Benchmarking (faiss_vote_50):  61%|██████▏   | 8580/13956 [00:52<00:32, 165.89it/s]
Benchmarking (faiss_vote_50):  62%|██████▏   | 8597/13956 [00:52<00:32, 165.62it/s]
Benchmarking (faiss_vote_50):  62%|██████▏   | 8614/13956 [00:52<00:32, 165.29it/s]
Benchmarking (faiss_vote_50):  62%|██████▏   | 8631/13956 [00:52<00:32, 164.88it/s]
Benchmarking (faiss_vote_50):  62%|██████▏   | 8648/13956 [00:52<00:32, 164.59it/s]
Benchmarking (faiss_vote_50):  62%|██████▏   | 8665/13956 [00:52<00:32, 164.50it/s]
Benchmarking (faiss_vote_50):  62%|██████▏   | 8682/13956 [00:52<00:31, 164.97it/s]
Benchmarking (faiss_vote_50):  62%|██████▏   | 8699/13956 [00:52<00:31, 165.28it/s]
Benchmarking (faiss_vote_50):  62%|██████▏   | 8716/13956 [00:53<00:31, 165.04it/s]
Benchmarking (faiss_vote_50):  63%|██████▎   | 8733/13956 [00:53<00:31, 164.51it/s]
Benchmarking (faiss_vote_50):  63%|██████▎   | 8750/13956 [00:53<00:31, 164.54it/s]
Benchmarking (faiss_vote_50):  63%|██████▎   | 8767/13956 [00:53<00:31, 164.51it/s]
Benchmarking (faiss_vote_50):  63%|██████▎   | 8784/13956 [00:53<00:31, 164.35it/s]
Benchmarking (faiss_vote_50):  63%|██████▎   | 8801/13956 [00:53<00:31, 164.24it/s]
Benchmarking (faiss_vote_50):  63%|██████▎   | 8818/13956 [00:53<00:31, 164.30it/s]
Benchmarking (faiss_vote_50):  63%|██████▎   | 8835/13956 [00:53<00:31, 164.45it/s]
Benchmarking (faiss_vote_50):  63%|██████▎   | 8852/13956 [00:53<00:31, 164.38it/s]
Benchmarking (faiss_vote_50):  64%|██████▎   | 8869/13956 [00:53<00:30, 164.18it/s]
Benchmarking (faiss_vote_50):  64%|██████▎   | 8886/13956 [00:54<00:30, 164.06it/s]
Benchmarking (faiss_vote_50):  64%|██████▍   | 8903/13956 [00:54<00:30, 164.04it/s]
Benchmarking (faiss_vote_50):  64%|██████▍   | 8920/13956 [00:54<00:30, 164.31it/s]
Benchmarking (faiss_vote_50):  64%|██████▍   | 8937/13956 [00:54<00:30, 164.07it/s]
Benchmarking (faiss_vote_50):  64%|██████▍   | 8954/13956 [00:54<00:30, 164.14it/s]
Benchmarking (faiss_vote_50):  64%|██████▍   | 8971/13956 [00:54<00:30, 164.39it/s]
Benchmarking (faiss_vote_50):  64%|██████▍   | 8988/13956 [00:54<00:30, 164.60it/s]INFO:src.evaluation.benchmark_partition_selection:      [VOTE DEBUG] search: 5.83ms | tally: 0.05ms | nodes: 50
Benchmarking (faiss_vote_50):  65%|██████▍   | 9005/13956 [00:54<00:30, 164.97it/s]
Benchmarking (faiss_vote_50):  65%|██████▍   | 9022/13956 [00:54<00:29, 165.49it/s]
Benchmarking (faiss_vote_50):  65%|██████▍   | 9039/13956 [00:54<00:29, 165.32it/s]
Benchmarking (faiss_vote_50):  65%|██████▍   | 9056/13956 [00:55<00:29, 165.30it/s]
Benchmarking (faiss_vote_50):  65%|██████▌   | 9073/13956 [00:55<00:29, 165.12it/s]
Benchmarking (faiss_vote_50):  65%|██████▌   | 9090/13956 [00:55<00:29, 165.12it/s]
Benchmarking (faiss_vote_50):  65%|██████▌   | 9107/13956 [00:55<00:29, 164.91it/s]
Benchmarking (faiss_vote_50):  65%|██████▌   | 9124/13956 [00:55<00:29, 164.90it/s]
Benchmarking (faiss_vote_50):  65%|██████▌   | 9141/13956 [00:55<00:29, 165.00it/s]
Benchmarking (faiss_vote_50):  66%|██████▌   | 9158/13956 [00:55<00:29, 164.98it/s]
Benchmarking (faiss_vote_50):  66%|██████▌   | 9175/13956 [00:55<00:28, 164.90it/s]
Benchmarking (faiss_vote_50):  66%|██████▌   | 9192/13956 [00:55<00:28, 164.99it/s]
Benchmarking (faiss_vote_50):  66%|██████▌   | 9209/13956 [00:56<00:28, 164.97it/s]
Benchmarking (faiss_vote_50):  66%|██████▌   | 9226/13956 [00:56<00:28, 164.90it/s]
Benchmarking (faiss_vote_50):  66%|██████▌   | 9243/13956 [00:56<00:28, 165.02it/s]
Benchmarking (faiss_vote_50):  66%|██████▋   | 9260/13956 [00:56<00:28, 165.01it/s]
Benchmarking (faiss_vote_50):  66%|██████▋   | 9277/13956 [00:56<00:28, 164.97it/s]
Benchmarking (faiss_vote_50):  67%|██████▋   | 9294/13956 [00:56<00:28, 164.95it/s]
Benchmarking (faiss_vote_50):  67%|██████▋   | 9311/13956 [00:56<00:28, 164.88it/s]
Benchmarking (faiss_vote_50):  67%|██████▋   | 9328/13956 [00:56<00:28, 164.63it/s]
Benchmarking (faiss_vote_50):  67%|██████▋   | 9345/13956 [00:56<00:28, 164.60it/s]
Benchmarking (faiss_vote_50):  67%|██████▋   | 9362/13956 [00:56<00:27, 164.40it/s]
Benchmarking (faiss_vote_50):  67%|██████▋   | 9379/13956 [00:57<00:27, 164.27it/s]
Benchmarking (faiss_vote_50):  67%|██████▋   | 9396/13956 [00:57<00:27, 164.29it/s]
Benchmarking (faiss_vote_50):  67%|██████▋   | 9413/13956 [00:57<00:27, 164.53it/s]
Benchmarking (faiss_vote_50):  68%|██████▊   | 9430/13956 [00:57<00:27, 164.76it/s]
Benchmarking (faiss_vote_50):  68%|██████▊   | 9447/13956 [00:57<00:27, 164.31it/s]
Benchmarking (faiss_vote_50):  68%|██████▊   | 9464/13956 [00:57<00:27, 164.35it/s]
Benchmarking (faiss_vote_50):  68%|██████▊   | 9481/13956 [00:57<00:27, 164.55it/s]
Benchmarking (faiss_vote_50):  68%|██████▊   | 9498/13956 [00:57<00:27, 164.62it/s]INFO:src.evaluation.benchmark_partition_selection:      [VOTE DEBUG] search: 5.90ms | tally: 0.06ms | nodes: 50
Benchmarking (faiss_vote_50):  68%|██████▊   | 9515/13956 [00:57<00:27, 164.34it/s]
Benchmarking (faiss_vote_50):  68%|██████▊   | 9532/13956 [00:57<00:26, 164.32it/s]
Benchmarking (faiss_vote_50):  68%|██████▊   | 9549/13956 [00:58<00:26, 164.55it/s]
Benchmarking (faiss_vote_50):  69%|██████▊   | 9566/13956 [00:58<00:26, 164.52it/s]
Benchmarking (faiss_vote_50):  69%|██████▊   | 9583/13956 [00:58<00:26, 164.41it/s]
Benchmarking (faiss_vote_50):  69%|██████▉   | 9600/13956 [00:58<00:26, 164.37it/s]
Benchmarking (faiss_vote_50):  69%|██████▉   | 9617/13956 [00:58<00:26, 164.21it/s]
Benchmarking (faiss_vote_50):  69%|██████▉   | 9634/13956 [00:58<00:26, 164.24it/s]
Benchmarking (faiss_vote_50):  69%|██████▉   | 9651/13956 [00:58<00:26, 164.56it/s]
Benchmarking (faiss_vote_50):  69%|██████▉   | 9668/13956 [00:58<00:26, 164.87it/s]
Benchmarking (faiss_vote_50):  69%|██████▉   | 9685/13956 [00:58<00:25, 165.29it/s]
Benchmarking (faiss_vote_50):  70%|██████▉   | 9702/13956 [00:59<00:25, 165.37it/s]
Benchmarking (faiss_vote_50):  70%|██████▉   | 9719/13956 [00:59<00:25, 165.61it/s]
Benchmarking (faiss_vote_50):  70%|██████▉   | 9736/13956 [00:59<00:25, 165.61it/s]
Benchmarking (faiss_vote_50):  70%|██████▉   | 9753/13956 [00:59<00:25, 165.16it/s]
Benchmarking (faiss_vote_50):  70%|███████   | 9770/13956 [00:59<00:25, 164.80it/s]
Benchmarking (faiss_vote_50):  70%|███████   | 9787/13956 [00:59<00:25, 164.73it/s]
Benchmarking (faiss_vote_50):  70%|███████   | 9804/13956 [00:59<00:25, 164.92it/s]
Benchmarking (faiss_vote_50):  70%|███████   | 9821/13956 [00:59<00:25, 165.13it/s]
Benchmarking (faiss_vote_50):  70%|███████   | 9838/13956 [00:59<00:24, 165.07it/s]
Benchmarking (faiss_vote_50):  71%|███████   | 9855/13956 [00:59<00:24, 164.96it/s]
Benchmarking (faiss_vote_50):  71%|███████   | 9872/13956 [01:00<00:24, 164.78it/s]
Benchmarking (faiss_vote_50):  71%|███████   | 9889/13956 [01:00<00:24, 164.77it/s]
Benchmarking (faiss_vote_50):  71%|███████   | 9906/13956 [01:00<00:24, 164.96it/s]
Benchmarking (faiss_vote_50):  71%|███████   | 9923/13956 [01:00<00:24, 165.03it/s]
Benchmarking (faiss_vote_50):  71%|███████   | 9940/13956 [01:00<00:24, 165.10it/s]
Benchmarking (faiss_vote_50):  71%|███████▏  | 9957/13956 [01:00<00:24, 165.22it/s]
Benchmarking (faiss_vote_50):  71%|███████▏  | 9974/13956 [01:00<00:24, 165.32it/s]
Benchmarking (faiss_vote_50):  72%|███████▏  | 9991/13956 [01:00<00:23, 165.30it/s]INFO:src.evaluation.benchmark_partition_selection:      [VOTE DEBUG] search: 5.89ms | tally: 0.07ms | nodes: 50
Benchmarking (faiss_vote_50):  72%|███████▏  | 10008/13956 [01:00<00:23, 164.76it/s]
Benchmarking (faiss_vote_50):  72%|███████▏  | 10025/13956 [01:00<00:23, 164.14it/s]
Benchmarking (faiss_vote_50):  72%|███████▏  | 10042/13956 [01:01<00:23, 164.13it/s]
Benchmarking (faiss_vote_50):  72%|███████▏  | 10059/13956 [01:01<00:23, 164.18it/s]
Benchmarking (faiss_vote_50):  72%|███████▏  | 10076/13956 [01:01<00:23, 164.26it/s]
Benchmarking (faiss_vote_50):  72%|███████▏  | 10093/13956 [01:01<00:23, 164.31it/s]
Benchmarking (faiss_vote_50):  72%|███████▏  | 10110/13956 [01:01<00:23, 164.32it/s]
Benchmarking (faiss_vote_50):  73%|███████▎  | 10127/13956 [01:01<00:23, 164.36it/s]
Benchmarking (faiss_vote_50):  73%|███████▎  | 10144/13956 [01:01<00:23, 164.46it/s]
Benchmarking (faiss_vote_50):  73%|███████▎  | 10161/13956 [01:01<00:23, 164.41it/s]
Benchmarking (faiss_vote_50):  73%|███████▎  | 10178/13956 [01:01<00:22, 164.52it/s]
Benchmarking (faiss_vote_50):  73%|███████▎  | 10195/13956 [01:02<00:22, 164.30it/s]
Benchmarking (faiss_vote_50):  73%|███████▎  | 10212/13956 [01:02<00:22, 164.03it/s]
Benchmarking (faiss_vote_50):  73%|███████▎  | 10229/13956 [01:02<00:22, 164.20it/s]
Benchmarking (faiss_vote_50):  73%|███████▎  | 10246/13956 [01:02<00:22, 164.30it/s]
Benchmarking (faiss_vote_50):  74%|███████▎  | 10263/13956 [01:02<00:22, 164.37it/s]
Benchmarking (faiss_vote_50):  74%|███████▎  | 10280/13956 [01:02<00:22, 164.80it/s]
Benchmarking (faiss_vote_50):  74%|███████▍  | 10297/13956 [01:02<00:22, 165.19it/s]
Benchmarking (faiss_vote_50):  74%|███████▍  | 10314/13956 [01:02<00:22, 165.49it/s]
Benchmarking (faiss_vote_50):  74%|███████▍  | 10331/13956 [01:02<00:21, 165.77it/s]
Benchmarking (faiss_vote_50):  74%|███████▍  | 10348/13956 [01:02<00:21, 165.78it/s]
Benchmarking (faiss_vote_50):  74%|███████▍  | 10365/13956 [01:03<00:21, 165.64it/s]
Benchmarking (faiss_vote_50):  74%|███████▍  | 10382/13956 [01:03<00:21, 165.56it/s]
Benchmarking (faiss_vote_50):  75%|███████▍  | 10399/13956 [01:03<00:21, 165.12it/s]
Benchmarking (faiss_vote_50):  75%|███████▍  | 10416/13956 [01:03<00:21, 165.10it/s]
Benchmarking (faiss_vote_50):  75%|███████▍  | 10433/13956 [01:03<00:21, 165.09it/s]
Benchmarking (faiss_vote_50):  75%|███████▍  | 10450/13956 [01:03<00:21, 165.04it/s]
Benchmarking (faiss_vote_50):  75%|███████▌  | 10467/13956 [01:03<00:21, 165.06it/s]
Benchmarking (faiss_vote_50):  75%|███████▌  | 10484/13956 [01:03<00:21, 165.14it/s]INFO:src.evaluation.benchmark_partition_selection:      [VOTE DEBUG] search: 5.85ms | tally: 0.05ms | nodes: 50
Benchmarking (faiss_vote_50):  75%|███████▌  | 10501/13956 [01:03<00:20, 165.28it/s]
Benchmarking (faiss_vote_50):  75%|███████▌  | 10518/13956 [01:03<00:20, 165.12it/s]
Benchmarking (faiss_vote_50):  75%|███████▌  | 10535/13956 [01:04<00:20, 164.97it/s]
Benchmarking (faiss_vote_50):  76%|███████▌  | 10552/13956 [01:04<00:20, 164.99it/s]
Benchmarking (faiss_vote_50):  76%|███████▌  | 10569/13956 [01:04<00:20, 164.81it/s]
Benchmarking (faiss_vote_50):  76%|███████▌  | 10586/13956 [01:04<00:20, 164.90it/s]
Benchmarking (faiss_vote_50):  76%|███████▌  | 10603/13956 [01:04<00:20, 165.05it/s]
Benchmarking (faiss_vote_50):  76%|███████▌  | 10620/13956 [01:04<00:20, 165.10it/s]
Benchmarking (faiss_vote_50):  76%|███████▌  | 10637/13956 [01:04<00:20, 165.29it/s]
Benchmarking (faiss_vote_50):  76%|███████▋  | 10654/13956 [01:04<00:19, 165.17it/s]
Benchmarking (faiss_vote_50):  76%|███████▋  | 10671/13956 [01:04<00:19, 165.34it/s]
Benchmarking (faiss_vote_50):  77%|███████▋  | 10688/13956 [01:04<00:19, 165.29it/s]
Benchmarking (faiss_vote_50):  77%|███████▋  | 10705/13956 [01:05<00:19, 164.55it/s]
Benchmarking (faiss_vote_50):  77%|███████▋  | 10722/13956 [01:05<00:19, 164.80it/s]
Benchmarking (faiss_vote_50):  77%|███████▋  | 10739/13956 [01:05<00:19, 164.57it/s]
Benchmarking (faiss_vote_50):  77%|███████▋  | 10756/13956 [01:05<00:19, 164.72it/s]
Benchmarking (faiss_vote_50):  77%|███████▋  | 10773/13956 [01:05<00:19, 164.88it/s]
Benchmarking (faiss_vote_50):  77%|███████▋  | 10790/13956 [01:05<00:19, 164.93it/s]
Benchmarking (faiss_vote_50):  77%|███████▋  | 10807/13956 [01:05<00:19, 164.90it/s]
Benchmarking (faiss_vote_50):  78%|███████▊  | 10824/13956 [01:05<00:19, 164.79it/s]
Benchmarking (faiss_vote_50):  78%|███████▊  | 10841/13956 [01:05<00:18, 164.76it/s]
Benchmarking (faiss_vote_50):  78%|███████▊  | 10858/13956 [01:06<00:18, 164.16it/s]
Benchmarking (faiss_vote_50):  78%|███████▊  | 10875/13956 [01:06<00:18, 163.83it/s]
Benchmarking (faiss_vote_50):  78%|███████▊  | 10892/13956 [01:06<00:18, 163.71it/s]
Benchmarking (faiss_vote_50):  78%|███████▊  | 10909/13956 [01:06<00:18, 163.67it/s]
Benchmarking (faiss_vote_50):  78%|███████▊  | 10926/13956 [01:06<00:18, 163.55it/s]
Benchmarking (faiss_vote_50):  78%|███████▊  | 10943/13956 [01:06<00:18, 163.64it/s]
Benchmarking (faiss_vote_50):  79%|███████▊  | 10960/13956 [01:06<00:18, 163.80it/s]
Benchmarking (faiss_vote_50):  79%|███████▊  | 10977/13956 [01:06<00:18, 164.15it/s]
Benchmarking (faiss_vote_50):  79%|███████▉  | 10994/13956 [01:06<00:18, 164.53it/s]INFO:src.evaluation.benchmark_partition_selection:      [VOTE DEBUG] search: 5.87ms | tally: 0.06ms | nodes: 50
Benchmarking (faiss_vote_50):  79%|███████▉  | 11011/13956 [01:06<00:17, 164.53it/s]
Benchmarking (faiss_vote_50):  79%|███████▉  | 11028/13956 [01:07<00:17, 164.68it/s]
Benchmarking (faiss_vote_50):  79%|███████▉  | 11045/13956 [01:07<00:17, 164.97it/s]
Benchmarking (faiss_vote_50):  79%|███████▉  | 11062/13956 [01:07<00:17, 164.71it/s]
Benchmarking (faiss_vote_50):  79%|███████▉  | 11079/13956 [01:07<00:17, 164.87it/s]
Benchmarking (faiss_vote_50):  80%|███████▉  | 11096/13956 [01:07<00:17, 164.63it/s]
Benchmarking (faiss_vote_50):  80%|███████▉  | 11113/13956 [01:07<00:17, 164.92it/s]
Benchmarking (faiss_vote_50):  80%|███████▉  | 11130/13956 [01:07<00:17, 164.38it/s]
Benchmarking (faiss_vote_50):  80%|███████▉  | 11147/13956 [01:07<00:17, 164.28it/s]
Benchmarking (faiss_vote_50):  80%|███████▉  | 11164/13956 [01:07<00:17, 164.18it/s]
Benchmarking (faiss_vote_50):  80%|████████  | 11181/13956 [01:07<00:16, 163.83it/s]
Benchmarking (faiss_vote_50):  80%|████████  | 11198/13956 [01:08<00:16, 163.37it/s]
Benchmarking (faiss_vote_50):  80%|████████  | 11215/13956 [01:08<00:16, 163.30it/s]
Benchmarking (faiss_vote_50):  80%|████████  | 11232/13956 [01:08<00:16, 163.34it/s]
Benchmarking (faiss_vote_50):  81%|████████  | 11249/13956 [01:08<00:16, 163.53it/s]
Benchmarking (faiss_vote_50):  81%|████████  | 11266/13956 [01:08<00:16, 163.71it/s]
Benchmarking (faiss_vote_50):  81%|████████  | 11283/13956 [01:08<00:16, 163.84it/s]
Benchmarking (faiss_vote_50):  81%|████████  | 11300/13956 [01:08<00:16, 164.04it/s]
Benchmarking (faiss_vote_50):  81%|████████  | 11317/13956 [01:08<00:16, 163.87it/s]
Benchmarking (faiss_vote_50):  81%|████████  | 11334/13956 [01:08<00:15, 163.89it/s]
Benchmarking (faiss_vote_50):  81%|████████▏ | 11351/13956 [01:09<00:15, 163.36it/s]
Benchmarking (faiss_vote_50):  81%|████████▏ | 11368/13956 [01:09<00:15, 163.20it/s]
Benchmarking (faiss_vote_50):  82%|████████▏ | 11385/13956 [01:09<00:15, 163.14it/s]
Benchmarking (faiss_vote_50):  82%|████████▏ | 11402/13956 [01:09<00:15, 163.15it/s]
Benchmarking (faiss_vote_50):  82%|████████▏ | 11419/13956 [01:09<00:15, 163.33it/s]
Benchmarking (faiss_vote_50):  82%|████████▏ | 11436/13956 [01:09<00:15, 163.85it/s]
Benchmarking (faiss_vote_50):  82%|████████▏ | 11453/13956 [01:09<00:15, 164.22it/s]
Benchmarking (faiss_vote_50):  82%|████████▏ | 11470/13956 [01:09<00:15, 164.56it/s]
Benchmarking (faiss_vote_50):  82%|████████▏ | 11487/13956 [01:09<00:14, 164.74it/s]INFO:src.evaluation.benchmark_partition_selection:      [VOTE DEBUG] search: 5.89ms | tally: 0.06ms | nodes: 50
Benchmarking (faiss_vote_50):  82%|████████▏ | 11504/13956 [01:09<00:14, 164.37it/s]
Benchmarking (faiss_vote_50):  83%|████████▎ | 11521/13956 [01:10<00:14, 164.46it/s]
Benchmarking (faiss_vote_50):  83%|████████▎ | 11538/13956 [01:10<00:14, 164.41it/s]
Benchmarking (faiss_vote_50):  83%|████████▎ | 11555/13956 [01:10<00:14, 164.40it/s]
Benchmarking (faiss_vote_50):  83%|████████▎ | 11572/13956 [01:10<00:14, 164.24it/s]
Benchmarking (faiss_vote_50):  83%|████████▎ | 11589/13956 [01:10<00:14, 164.32it/s]
Benchmarking (faiss_vote_50):  83%|████████▎ | 11606/13956 [01:10<00:14, 164.57it/s]
Benchmarking (faiss_vote_50):  83%|████████▎ | 11623/13956 [01:10<00:14, 164.39it/s]
Benchmarking (faiss_vote_50):  83%|████████▎ | 11640/13956 [01:10<00:14, 164.38it/s]
Benchmarking (faiss_vote_50):  84%|████████▎ | 11657/13956 [01:10<00:13, 164.33it/s]
Benchmarking (faiss_vote_50):  84%|████████▎ | 11674/13956 [01:11<00:13, 164.12it/s]
Benchmarking (faiss_vote_50):  84%|████████▍ | 11691/13956 [01:11<00:13, 164.14it/s]
Benchmarking (faiss_vote_50):  84%|████████▍ | 11708/13956 [01:11<00:13, 164.26it/s]
Benchmarking (faiss_vote_50):  84%|████████▍ | 11725/13956 [01:11<00:13, 164.39it/s]
Benchmarking (faiss_vote_50):  84%|████████▍ | 11742/13956 [01:11<00:13, 164.61it/s]
Benchmarking (faiss_vote_50):  84%|████████▍ | 11759/13956 [01:11<00:13, 164.88it/s]
Benchmarking (faiss_vote_50):  84%|████████▍ | 11776/13956 [01:11<00:13, 165.05it/s]
Benchmarking (faiss_vote_50):  85%|████████▍ | 11793/13956 [01:11<00:13, 165.14it/s]
Benchmarking (faiss_vote_50):  85%|████████▍ | 11810/13956 [01:11<00:12, 165.24it/s]
Benchmarking (faiss_vote_50):  85%|████████▍ | 11827/13956 [01:11<00:12, 165.16it/s]
Benchmarking (faiss_vote_50):  85%|████████▍ | 11844/13956 [01:12<00:12, 165.15it/s]
Benchmarking (faiss_vote_50):  85%|████████▍ | 11861/13956 [01:12<00:12, 164.99it/s]
Benchmarking (faiss_vote_50):  85%|████████▌ | 11878/13956 [01:12<00:12, 164.95it/s]
Benchmarking (faiss_vote_50):  85%|████████▌ | 11895/13956 [01:12<00:12, 165.07it/s]
Benchmarking (faiss_vote_50):  85%|████████▌ | 11912/13956 [01:12<00:12, 165.14it/s]
Benchmarking (faiss_vote_50):  85%|████████▌ | 11929/13956 [01:12<00:12, 165.11it/s]
Benchmarking (faiss_vote_50):  86%|████████▌ | 11946/13956 [01:12<00:12, 165.25it/s]
Benchmarking (faiss_vote_50):  86%|████████▌ | 11963/13956 [01:12<00:12, 164.93it/s]
Benchmarking (faiss_vote_50):  86%|████████▌ | 11980/13956 [01:12<00:12, 164.58it/s]
Benchmarking (faiss_vote_50):  86%|████████▌ | 11997/13956 [01:12<00:11, 164.29it/s]INFO:src.evaluation.benchmark_partition_selection:      [VOTE DEBUG] search: 5.86ms | tally: 0.06ms | nodes: 50
Benchmarking (faiss_vote_50):  86%|████████▌ | 12014/13956 [01:13<00:11, 164.18it/s]
Benchmarking (faiss_vote_50):  86%|████████▌ | 12031/13956 [01:13<00:11, 164.42it/s]
Benchmarking (faiss_vote_50):  86%|████████▋ | 12048/13956 [01:13<00:11, 164.81it/s]
Benchmarking (faiss_vote_50):  86%|████████▋ | 12065/13956 [01:13<00:11, 165.08it/s]
Benchmarking (faiss_vote_50):  87%|████████▋ | 12082/13956 [01:13<00:11, 164.77it/s]
Benchmarking (faiss_vote_50):  87%|████████▋ | 12099/13956 [01:13<00:11, 164.48it/s]
Benchmarking (faiss_vote_50):  87%|████████▋ | 12116/13956 [01:13<00:11, 164.05it/s]
Benchmarking (faiss_vote_50):  87%|████████▋ | 12133/13956 [01:13<00:11, 164.21it/s]
Benchmarking (faiss_vote_50):  87%|████████▋ | 12150/13956 [01:13<00:10, 164.67it/s]
Benchmarking (faiss_vote_50):  87%|████████▋ | 12167/13956 [01:13<00:10, 164.98it/s]
Benchmarking (faiss_vote_50):  87%|████████▋ | 12184/13956 [01:14<00:10, 164.92it/s]
Benchmarking (faiss_vote_50):  87%|████████▋ | 12201/13956 [01:14<00:10, 164.94it/s]
Benchmarking (faiss_vote_50):  88%|████████▊ | 12218/13956 [01:14<00:10, 164.50it/s]
Benchmarking (faiss_vote_50):  88%|████████▊ | 12235/13956 [01:14<00:10, 164.76it/s]
Benchmarking (faiss_vote_50):  88%|████████▊ | 12252/13956 [01:14<00:10, 164.91it/s]
Benchmarking (faiss_vote_50):  88%|████████▊ | 12269/13956 [01:14<00:10, 164.77it/s]
Benchmarking (faiss_vote_50):  88%|████████▊ | 12286/13956 [01:14<00:10, 164.39it/s]
Benchmarking (faiss_vote_50):  88%|████████▊ | 12303/13956 [01:14<00:10, 164.39it/s]
Benchmarking (faiss_vote_50):  88%|████████▊ | 12320/13956 [01:14<00:09, 164.44it/s]
Benchmarking (faiss_vote_50):  88%|████████▊ | 12337/13956 [01:15<00:09, 164.03it/s]
Benchmarking (faiss_vote_50):  89%|████████▊ | 12354/13956 [01:15<00:09, 164.00it/s]
Benchmarking (faiss_vote_50):  89%|████████▊ | 12371/13956 [01:15<00:09, 163.58it/s]
Benchmarking (faiss_vote_50):  89%|████████▉ | 12388/13956 [01:15<00:09, 163.64it/s]
Benchmarking (faiss_vote_50):  89%|████████▉ | 12405/13956 [01:15<00:09, 163.77it/s]
Benchmarking (faiss_vote_50):  89%|████████▉ | 12422/13956 [01:15<00:09, 163.93it/s]
Benchmarking (faiss_vote_50):  89%|████████▉ | 12439/13956 [01:15<00:09, 163.93it/s]
Benchmarking (faiss_vote_50):  89%|████████▉ | 12456/13956 [01:15<00:09, 163.87it/s]
Benchmarking (faiss_vote_50):  89%|████████▉ | 12473/13956 [01:15<00:09, 163.87it/s]
Benchmarking (faiss_vote_50):  89%|████████▉ | 12490/13956 [01:15<00:08, 164.09it/s]INFO:src.evaluation.benchmark_partition_selection:      [VOTE DEBUG] search: 5.82ms | tally: 0.06ms | nodes: 50
Benchmarking (faiss_vote_50):  90%|████████▉ | 12507/13956 [01:16<00:08, 164.57it/s]
Benchmarking (faiss_vote_50):  90%|████████▉ | 12524/13956 [01:16<00:08, 165.06it/s]
Benchmarking (faiss_vote_50):  90%|████████▉ | 12541/13956 [01:16<00:08, 165.00it/s]
Benchmarking (faiss_vote_50):  90%|████████▉ | 12558/13956 [01:16<00:08, 165.27it/s]
Benchmarking (faiss_vote_50):  90%|█████████ | 12575/13956 [01:16<00:08, 164.90it/s]
Benchmarking (faiss_vote_50):  90%|█████████ | 12592/13956 [01:16<00:08, 164.87it/s]
Benchmarking (faiss_vote_50):  90%|█████████ | 12609/13956 [01:16<00:08, 164.61it/s]
Benchmarking (faiss_vote_50):  90%|█████████ | 12626/13956 [01:16<00:08, 164.29it/s]
Benchmarking (faiss_vote_50):  91%|█████████ | 12643/13956 [01:16<00:08, 164.06it/s]
Benchmarking (faiss_vote_50):  91%|█████████ | 12660/13956 [01:16<00:07, 163.60it/s]
Benchmarking (faiss_vote_50):  91%|█████████ | 12677/13956 [01:17<00:07, 163.99it/s]
Benchmarking (faiss_vote_50):  91%|█████████ | 12694/13956 [01:17<00:07, 164.57it/s]
Benchmarking (faiss_vote_50):  91%|█████████ | 12711/13956 [01:17<00:07, 164.97it/s]
Benchmarking (faiss_vote_50):  91%|█████████ | 12728/13956 [01:17<00:07, 165.26it/s]
Benchmarking (faiss_vote_50):  91%|█████████▏| 12745/13956 [01:17<00:07, 165.04it/s]
Benchmarking (faiss_vote_50):  91%|█████████▏| 12762/13956 [01:17<00:07, 165.20it/s]
Benchmarking (faiss_vote_50):  92%|█████████▏| 12779/13956 [01:17<00:07, 165.32it/s]
Benchmarking (faiss_vote_50):  92%|█████████▏| 12796/13956 [01:17<00:07, 165.30it/s]
Benchmarking (faiss_vote_50):  92%|█████████▏| 12813/13956 [01:17<00:06, 165.30it/s]
Benchmarking (faiss_vote_50):  92%|█████████▏| 12830/13956 [01:18<00:06, 165.20it/s]
Benchmarking (faiss_vote_50):  92%|█████████▏| 12847/13956 [01:18<00:06, 165.06it/s]
Benchmarking (faiss_vote_50):  92%|█████████▏| 12864/13956 [01:18<00:06, 164.50it/s]
Benchmarking (faiss_vote_50):  92%|█████████▏| 12881/13956 [01:18<00:06, 164.47it/s]
Benchmarking (faiss_vote_50):  92%|█████████▏| 12898/13956 [01:18<00:06, 164.11it/s]
Benchmarking (faiss_vote_50):  93%|█████████▎| 12915/13956 [01:18<00:06, 164.01it/s]
Benchmarking (faiss_vote_50):  93%|█████████▎| 12932/13956 [01:18<00:06, 163.93it/s]
Benchmarking (faiss_vote_50):  93%|█████████▎| 12949/13956 [01:18<00:06, 163.90it/s]
Benchmarking (faiss_vote_50):  93%|█████████▎| 12966/13956 [01:18<00:06, 163.61it/s]
Benchmarking (faiss_vote_50):  93%|█████████▎| 12983/13956 [01:18<00:05, 163.33it/s]
Benchmarking (faiss_vote_50):  93%|█████████▎| 13000/13956 [01:19<00:05, 163.23it/s]INFO:src.evaluation.benchmark_partition_selection:      [VOTE DEBUG] search: 5.94ms | tally: 0.06ms | nodes: 50
Benchmarking (faiss_vote_50):  93%|█████████▎| 13017/13956 [01:19<00:05, 163.41it/s]
Benchmarking (faiss_vote_50):  93%|█████████▎| 13034/13956 [01:19<00:05, 162.58it/s]
Benchmarking (faiss_vote_50):  94%|█████████▎| 13051/13956 [01:19<00:05, 162.57it/s]
Benchmarking (faiss_vote_50):  94%|█████████▎| 13068/13956 [01:19<00:05, 162.72it/s]
Benchmarking (faiss_vote_50):  94%|█████████▍| 13085/13956 [01:19<00:05, 163.30it/s]
Benchmarking (faiss_vote_50):  94%|█████████▍| 13102/13956 [01:19<00:05, 164.03it/s]
Benchmarking (faiss_vote_50):  94%|█████████▍| 13119/13956 [01:19<00:05, 164.46it/s]
Benchmarking (faiss_vote_50):  94%|█████████▍| 13136/13956 [01:19<00:04, 164.75it/s]
Benchmarking (faiss_vote_50):  94%|█████████▍| 13153/13956 [01:19<00:04, 165.13it/s]
Benchmarking (faiss_vote_50):  94%|█████████▍| 13170/13956 [01:20<00:04, 165.07it/s]
Benchmarking (faiss_vote_50):  94%|█████████▍| 13187/13956 [01:20<00:04, 164.60it/s]
Benchmarking (faiss_vote_50):  95%|█████████▍| 13204/13956 [01:20<00:04, 164.32it/s]
Benchmarking (faiss_vote_50):  95%|█████████▍| 13221/13956 [01:20<00:04, 164.28it/s]
Benchmarking (faiss_vote_50):  95%|█████████▍| 13238/13956 [01:20<00:04, 164.32it/s]
Benchmarking (faiss_vote_50):  95%|█████████▍| 13255/13956 [01:20<00:04, 164.54it/s]
Benchmarking (faiss_vote_50):  95%|█████████▌| 13272/13956 [01:20<00:04, 164.73it/s]
Benchmarking (faiss_vote_50):  95%|█████████▌| 13289/13956 [01:20<00:04, 164.96it/s]
Benchmarking (faiss_vote_50):  95%|█████████▌| 13306/13956 [01:20<00:03, 164.96it/s]
Benchmarking (faiss_vote_50):  95%|█████████▌| 13323/13956 [01:21<00:03, 164.65it/s]
Benchmarking (faiss_vote_50):  96%|█████████▌| 13340/13956 [01:21<00:03, 164.50it/s]
Benchmarking (faiss_vote_50):  96%|█████████▌| 13357/13956 [01:21<00:03, 164.11it/s]
Benchmarking (faiss_vote_50):  96%|█████████▌| 13374/13956 [01:21<00:03, 164.24it/s]
Benchmarking (faiss_vote_50):  96%|█████████▌| 13391/13956 [01:21<00:03, 164.34it/s]
Benchmarking (faiss_vote_50):  96%|█████████▌| 13408/13956 [01:21<00:03, 164.46it/s]
Benchmarking (faiss_vote_50):  96%|█████████▌| 13425/13956 [01:21<00:03, 164.73it/s]
Benchmarking (faiss_vote_50):  96%|█████████▋| 13442/13956 [01:21<00:03, 164.88it/s]
Benchmarking (faiss_vote_50):  96%|█████████▋| 13459/13956 [01:21<00:03, 165.14it/s]
Benchmarking (faiss_vote_50):  97%|█████████▋| 13476/13956 [01:21<00:02, 165.28it/s]
Benchmarking (faiss_vote_50):  97%|█████████▋| 13493/13956 [01:22<00:02, 164.93it/s]INFO:src.evaluation.benchmark_partition_selection:      [VOTE DEBUG] search: 5.98ms | tally: 0.06ms | nodes: 50
Benchmarking (faiss_vote_50):  97%|█████████▋| 13510/13956 [01:22<00:02, 164.36it/s]
Benchmarking (faiss_vote_50):  97%|█████████▋| 13527/13956 [01:22<00:02, 164.60it/s]
Benchmarking (faiss_vote_50):  97%|█████████▋| 13544/13956 [01:22<00:02, 164.93it/s]
Benchmarking (faiss_vote_50):  97%|█████████▋| 13561/13956 [01:22<00:02, 165.07it/s]
Benchmarking (faiss_vote_50):  97%|█████████▋| 13578/13956 [01:22<00:02, 165.04it/s]
Benchmarking (faiss_vote_50):  97%|█████████▋| 13595/13956 [01:22<00:02, 164.90it/s]
Benchmarking (faiss_vote_50):  98%|█████████▊| 13612/13956 [01:22<00:02, 164.80it/s]
Benchmarking (faiss_vote_50):  98%|█████████▊| 13629/13956 [01:22<00:01, 164.75it/s]
Benchmarking (faiss_vote_50):  98%|█████████▊| 13646/13956 [01:22<00:01, 164.80it/s]
Benchmarking (faiss_vote_50):  98%|█████████▊| 13663/13956 [01:23<00:01, 164.83it/s]
Benchmarking (faiss_vote_50):  98%|█████████▊| 13680/13956 [01:23<00:01, 164.83it/s]
Benchmarking (faiss_vote_50):  98%|█████████▊| 13697/13956 [01:23<00:01, 164.90it/s]
Benchmarking (faiss_vote_50):  98%|█████████▊| 13714/13956 [01:23<00:01, 164.96it/s]
Benchmarking (faiss_vote_50):  98%|█████████▊| 13731/13956 [01:23<00:01, 164.67it/s]
Benchmarking (faiss_vote_50):  99%|█████████▊| 13748/13956 [01:23<00:01, 164.46it/s]
Benchmarking (faiss_vote_50):  99%|█████████▊| 13765/13956 [01:23<00:01, 164.29it/s]
Benchmarking (faiss_vote_50):  99%|█████████▉| 13782/13956 [01:23<00:01, 164.30it/s]
Benchmarking (faiss_vote_50):  99%|█████████▉| 13799/13956 [01:23<00:00, 164.38it/s]
Benchmarking (faiss_vote_50):  99%|█████████▉| 13816/13956 [01:24<00:00, 163.96it/s]
Benchmarking (faiss_vote_50):  99%|█████████▉| 13833/13956 [01:24<00:00, 163.67it/s]
Benchmarking (faiss_vote_50):  99%|█████████▉| 13850/13956 [01:24<00:00, 163.22it/s]
Benchmarking (faiss_vote_50):  99%|█████████▉| 13867/13956 [01:24<00:00, 162.81it/s]
Benchmarking (faiss_vote_50):  99%|█████████▉| 13884/13956 [01:24<00:00, 163.03it/s]
Benchmarking (faiss_vote_50): 100%|█████████▉| 13901/13956 [01:24<00:00, 163.64it/s]
Benchmarking (faiss_vote_50): 100%|█████████▉| 13918/13956 [01:24<00:00, 164.01it/s]
Benchmarking (faiss_vote_50): 100%|█████████▉| 13935/13956 [01:24<00:00, 164.11it/s]
Benchmarking (faiss_vote_50): 100%|█████████▉| 13952/13956 [01:24<00:00, 163.95it/s]
INFO:src.evaluation.benchmark_partition_selection:  [train] R@1=50.6% GTR@20=90.8% FCov@20=85.7% MRR=66.2%
Benchmarking (faiss_vote_50):   0%|          | 0/3987 [00:00<?, ?it/s]INFO:src.evaluation.benchmark_partition_selection:      [VOTE DEBUG] search: 6.03ms | tally: 0.07ms | nodes: 50
Benchmarking (faiss_vote_50):   0%|          | 17/3987 [00:00<00:24, 162.31it/s]
Benchmarking (faiss_vote_50):   1%|          | 34/3987 [00:00<00:24, 162.83it/s]
Benchmarking (faiss_vote_50):   1%|▏         | 51/3987 [00:00<00:24, 163.57it/s]
Benchmarking (faiss_vote_50):   2%|▏         | 68/3987 [00:00<00:23, 164.26it/s]
Benchmarking (faiss_vote_50):   2%|▏         | 85/3987 [00:00<00:23, 164.54it/s]
Benchmarking (faiss_vote_50):   3%|▎         | 102/3987 [00:00<00:23, 164.70it/s]
Benchmarking (faiss_vote_50):   3%|▎         | 119/3987 [00:00<00:23, 164.58it/s]
Benchmarking (faiss_vote_50):   3%|▎         | 136/3987 [00:00<00:23, 164.71it/s]
Benchmarking (faiss_vote_50):   4%|▍         | 153/3987 [00:00<00:23, 164.76it/s]
Benchmarking (faiss_vote_50):   4%|▍         | 170/3987 [00:01<00:23, 164.87it/s]
Benchmarking (faiss_vote_50):   5%|▍         | 187/3987 [00:01<00:23, 164.91it/s]
Benchmarking (faiss_vote_50):   5%|▌         | 204/3987 [00:01<00:22, 164.80it/s]
Benchmarking (faiss_vote_50):   6%|▌         | 221/3987 [00:01<00:22, 164.56it/s]
Benchmarking (faiss_vote_50):   6%|▌         | 238/3987 [00:01<00:22, 164.64it/s]
Benchmarking (faiss_vote_50):   6%|▋         | 255/3987 [00:01<00:22, 164.49it/s]
Benchmarking (faiss_vote_50):   7%|▋         | 272/3987 [00:01<00:22, 164.32it/s]
Benchmarking (faiss_vote_50):   7%|▋         | 289/3987 [00:01<00:22, 164.16it/s]
Benchmarking (faiss_vote_50):   8%|▊         | 306/3987 [00:01<00:22, 164.04it/s]
Benchmarking (faiss_vote_50):   8%|▊         | 323/3987 [00:01<00:22, 164.00it/s]
Benchmarking (faiss_vote_50):   9%|▊         | 340/3987 [00:02<00:22, 163.62it/s]
Benchmarking (faiss_vote_50):   9%|▉         | 357/3987 [00:02<00:22, 163.70it/s]
Benchmarking (faiss_vote_50):   9%|▉         | 374/3987 [00:02<00:22, 163.71it/s]
Benchmarking (faiss_vote_50):  10%|▉         | 391/3987 [00:02<00:21, 163.55it/s]
Benchmarking (faiss_vote_50):  10%|█         | 408/3987 [00:02<00:21, 163.68it/s]
Benchmarking (faiss_vote_50):  11%|█         | 425/3987 [00:02<00:21, 163.72it/s]
Benchmarking (faiss_vote_50):  11%|█         | 442/3987 [00:02<00:21, 163.97it/s]
Benchmarking (faiss_vote_50):  12%|█▏        | 459/3987 [00:02<00:21, 164.21it/s]
Benchmarking (faiss_vote_50):  12%|█▏        | 476/3987 [00:02<00:21, 164.24it/s]
Benchmarking (faiss_vote_50):  12%|█▏        | 493/3987 [00:03<00:21, 164.00it/s]INFO:src.evaluation.benchmark_partition_selection:      [VOTE DEBUG] search: 5.91ms | tally: 0.05ms | nodes: 50
Benchmarking (faiss_vote_50):  13%|█▎        | 510/3987 [00:03<00:21, 163.96it/s]
Benchmarking (faiss_vote_50):  13%|█▎        | 527/3987 [00:03<00:21, 164.14it/s]
Benchmarking (faiss_vote_50):  14%|█▎        | 544/3987 [00:03<00:20, 164.41it/s]
Benchmarking (faiss_vote_50):  14%|█▍        | 561/3987 [00:03<00:20, 164.74it/s]
Benchmarking (faiss_vote_50):  14%|█▍        | 578/3987 [00:03<00:20, 164.94it/s]
Benchmarking (faiss_vote_50):  15%|█▍        | 595/3987 [00:03<00:20, 164.98it/s]
Benchmarking (faiss_vote_50):  15%|█▌        | 612/3987 [00:03<00:20, 165.08it/s]
Benchmarking (faiss_vote_50):  16%|█▌        | 629/3987 [00:03<00:20, 165.15it/s]
Benchmarking (faiss_vote_50):  16%|█▌        | 646/3987 [00:03<00:20, 164.96it/s]
Benchmarking (faiss_vote_50):  17%|█▋        | 663/3987 [00:04<00:20, 164.75it/s]
Benchmarking (faiss_vote_50):  17%|█▋        | 680/3987 [00:04<00:20, 164.28it/s]
Benchmarking (faiss_vote_50):  17%|█▋        | 697/3987 [00:04<00:20, 164.19it/s]
Benchmarking (faiss_vote_50):  18%|█▊        | 714/3987 [00:04<00:19, 163.98it/s]
Benchmarking (faiss_vote_50):  18%|█▊        | 731/3987 [00:04<00:19, 163.87it/s]
Benchmarking (faiss_vote_50):  19%|█▉        | 748/3987 [00:04<00:19, 163.95it/s]
Benchmarking (faiss_vote_50):  19%|█▉        | 765/3987 [00:04<00:19, 163.89it/s]
Benchmarking (faiss_vote_50):  20%|█▉        | 782/3987 [00:04<00:19, 163.93it/s]
Benchmarking (faiss_vote_50):  20%|██        | 799/3987 [00:04<00:19, 164.08it/s]
Benchmarking (faiss_vote_50):  20%|██        | 816/3987 [00:04<00:19, 164.31it/s]
Benchmarking (faiss_vote_50):  21%|██        | 833/3987 [00:05<00:19, 164.78it/s]
Benchmarking (faiss_vote_50):  21%|██▏       | 850/3987 [00:05<00:18, 165.40it/s]
Benchmarking (faiss_vote_50):  22%|██▏       | 867/3987 [00:05<00:18, 164.94it/s]
Benchmarking (faiss_vote_50):  22%|██▏       | 884/3987 [00:05<00:18, 164.78it/s]
Benchmarking (faiss_vote_50):  23%|██▎       | 901/3987 [00:05<00:18, 164.70it/s]
Benchmarking (faiss_vote_50):  23%|██▎       | 918/3987 [00:05<00:18, 164.51it/s]
Benchmarking (faiss_vote_50):  23%|██▎       | 935/3987 [00:05<00:18, 164.38it/s]
Benchmarking (faiss_vote_50):  24%|██▍       | 952/3987 [00:05<00:18, 164.38it/s]
Benchmarking (faiss_vote_50):  24%|██▍       | 969/3987 [00:05<00:18, 164.33it/s]
Benchmarking (faiss_vote_50):  25%|██▍       | 986/3987 [00:05<00:18, 164.37it/s]INFO:src.evaluation.benchmark_partition_selection:      [VOTE DEBUG] search: 5.90ms | tally: 0.05ms | nodes: 50
Benchmarking (faiss_vote_50):  25%|██▌       | 1003/3987 [00:06<00:18, 164.06it/s]
Benchmarking (faiss_vote_50):  26%|██▌       | 1020/3987 [00:06<00:18, 164.39it/s]
Benchmarking (faiss_vote_50):  26%|██▌       | 1037/3987 [00:06<00:17, 164.76it/s]
Benchmarking (faiss_vote_50):  26%|██▋       | 1054/3987 [00:06<00:17, 164.94it/s]
Benchmarking (faiss_vote_50):  27%|██▋       | 1071/3987 [00:06<00:17, 164.87it/s]
Benchmarking (faiss_vote_50):  27%|██▋       | 1088/3987 [00:06<00:17, 164.68it/s]
Benchmarking (faiss_vote_50):  28%|██▊       | 1105/3987 [00:06<00:17, 164.65it/s]
Benchmarking (faiss_vote_50):  28%|██▊       | 1122/3987 [00:06<00:17, 164.78it/s]
Benchmarking (faiss_vote_50):  29%|██▊       | 1139/3987 [00:06<00:17, 164.51it/s]
Benchmarking (faiss_vote_50):  29%|██▉       | 1156/3987 [00:07<00:17, 164.58it/s]
Benchmarking (faiss_vote_50):  29%|██▉       | 1173/3987 [00:07<00:17, 164.14it/s]
Benchmarking (faiss_vote_50):  30%|██▉       | 1190/3987 [00:07<00:17, 164.15it/s]
Benchmarking (faiss_vote_50):  30%|███       | 1207/3987 [00:07<00:16, 164.22it/s]
Benchmarking (faiss_vote_50):  31%|███       | 1224/3987 [00:07<00:16, 164.35it/s]
Benchmarking (faiss_vote_50):  31%|███       | 1241/3987 [00:07<00:16, 164.44it/s]
Benchmarking (faiss_vote_50):  32%|███▏      | 1258/3987 [00:07<00:16, 164.41it/s]
Benchmarking (faiss_vote_50):  32%|███▏      | 1275/3987 [00:07<00:16, 164.58it/s]
Benchmarking (faiss_vote_50):  32%|███▏      | 1292/3987 [00:07<00:16, 164.93it/s]
Benchmarking (faiss_vote_50):  33%|███▎      | 1309/3987 [00:07<00:16, 165.17it/s]
Benchmarking (faiss_vote_50):  33%|███▎      | 1326/3987 [00:08<00:16, 164.99it/s]
Benchmarking (faiss_vote_50):  34%|███▎      | 1343/3987 [00:08<00:16, 165.04it/s]
Benchmarking (faiss_vote_50):  34%|███▍      | 1360/3987 [00:08<00:15, 164.70it/s]
Benchmarking (faiss_vote_50):  35%|███▍      | 1377/3987 [00:08<00:15, 164.31it/s]
Benchmarking (faiss_vote_50):  35%|███▍      | 1394/3987 [00:08<00:15, 164.34it/s]
Benchmarking (faiss_vote_50):  35%|███▌      | 1411/3987 [00:08<00:15, 164.15it/s]
Benchmarking (faiss_vote_50):  36%|███▌      | 1428/3987 [00:08<00:15, 164.11it/s]
Benchmarking (faiss_vote_50):  36%|███▌      | 1445/3987 [00:08<00:15, 163.91it/s]
Benchmarking (faiss_vote_50):  37%|███▋      | 1462/3987 [00:08<00:15, 163.73it/s]
Benchmarking (faiss_vote_50):  37%|███▋      | 1479/3987 [00:08<00:15, 163.78it/s]
Benchmarking (faiss_vote_50):  38%|███▊      | 1496/3987 [00:09<00:15, 163.57it/s]INFO:src.evaluation.benchmark_partition_selection:      [VOTE DEBUG] search: 5.94ms | tally: 0.05ms | nodes: 50
Benchmarking (faiss_vote_50):  38%|███▊      | 1513/3987 [00:09<00:15, 163.47it/s]
Benchmarking (faiss_vote_50):  38%|███▊      | 1530/3987 [00:09<00:14, 163.86it/s]
Benchmarking (faiss_vote_50):  39%|███▉      | 1547/3987 [00:09<00:14, 163.03it/s]
Benchmarking (faiss_vote_50):  39%|███▉      | 1564/3987 [00:09<00:14, 163.22it/s]
Benchmarking (faiss_vote_50):  40%|███▉      | 1581/3987 [00:09<00:14, 163.81it/s]
Benchmarking (faiss_vote_50):  40%|████      | 1598/3987 [00:09<00:14, 164.46it/s]
Benchmarking (faiss_vote_50):  41%|████      | 1615/3987 [00:09<00:14, 164.77it/s]
Benchmarking (faiss_vote_50):  41%|████      | 1632/3987 [00:09<00:14, 164.96it/s]
Benchmarking (faiss_vote_50):  41%|████▏     | 1649/3987 [00:10<00:14, 165.12it/s]
Benchmarking (faiss_vote_50):  42%|████▏     | 1666/3987 [00:10<00:14, 165.20it/s]
Benchmarking (faiss_vote_50):  42%|████▏     | 1683/3987 [00:10<00:13, 165.16it/s]
Benchmarking (faiss_vote_50):  43%|████▎     | 1700/3987 [00:10<00:13, 164.73it/s]
Benchmarking (faiss_vote_50):  43%|████▎     | 1717/3987 [00:10<00:13, 164.96it/s]
Benchmarking (faiss_vote_50):  43%|████▎     | 1734/3987 [00:10<00:13, 164.84it/s]
Benchmarking (faiss_vote_50):  44%|████▍     | 1751/3987 [00:10<00:13, 164.88it/s]
Benchmarking (faiss_vote_50):  44%|████▍     | 1768/3987 [00:10<00:13, 164.88it/s]
Benchmarking (faiss_vote_50):  45%|████▍     | 1785/3987 [00:10<00:13, 164.88it/s]
Benchmarking (faiss_vote_50):  45%|████▌     | 1802/3987 [00:10<00:13, 164.85it/s]
Benchmarking (faiss_vote_50):  46%|████▌     | 1819/3987 [00:11<00:13, 164.83it/s]
Benchmarking (faiss_vote_50):  46%|████▌     | 1836/3987 [00:11<00:13, 164.86it/s]
Benchmarking (faiss_vote_50):  46%|████▋     | 1853/3987 [00:11<00:12, 164.75it/s]
Benchmarking (faiss_vote_50):  47%|████▋     | 1870/3987 [00:11<00:12, 164.97it/s]
Benchmarking (faiss_vote_50):  47%|████▋     | 1887/3987 [00:11<00:12, 165.24it/s]
Benchmarking (faiss_vote_50):  48%|████▊     | 1904/3987 [00:11<00:12, 165.34it/s]
Benchmarking (faiss_vote_50):  48%|████▊     | 1921/3987 [00:11<00:12, 164.70it/s]
Benchmarking (faiss_vote_50):  49%|████▊     | 1938/3987 [00:11<00:12, 164.59it/s]
Benchmarking (faiss_vote_50):  49%|████▉     | 1955/3987 [00:11<00:12, 164.65it/s]
Benchmarking (faiss_vote_50):  49%|████▉     | 1972/3987 [00:11<00:12, 164.69it/s]
Benchmarking (faiss_vote_50):  50%|████▉     | 1989/3987 [00:12<00:12, 164.41it/s]INFO:src.evaluation.benchmark_partition_selection:      [VOTE DEBUG] search: 5.87ms | tally: 0.06ms | nodes: 50
Benchmarking (faiss_vote_50):  50%|█████     | 2006/3987 [00:12<00:12, 164.38it/s]
Benchmarking (faiss_vote_50):  51%|█████     | 2023/3987 [00:12<00:11, 164.63it/s]
Benchmarking (faiss_vote_50):  51%|█████     | 2040/3987 [00:12<00:11, 164.67it/s]
Benchmarking (faiss_vote_50):  52%|█████▏    | 2057/3987 [00:12<00:11, 164.31it/s]
Benchmarking (faiss_vote_50):  52%|█████▏    | 2074/3987 [00:12<00:11, 164.29it/s]
Benchmarking (faiss_vote_50):  52%|█████▏    | 2091/3987 [00:12<00:11, 164.62it/s]
Benchmarking (faiss_vote_50):  53%|█████▎    | 2108/3987 [00:12<00:11, 164.84it/s]
Benchmarking (faiss_vote_50):  53%|█████▎    | 2125/3987 [00:12<00:11, 165.04it/s]
Benchmarking (faiss_vote_50):  54%|█████▎    | 2142/3987 [00:13<00:11, 165.25it/s]
Benchmarking (faiss_vote_50):  54%|█████▍    | 2159/3987 [00:13<00:11, 165.48it/s]
Benchmarking (faiss_vote_50):  55%|█████▍    | 2176/3987 [00:13<00:10, 165.64it/s]
Benchmarking (faiss_vote_50):  55%|█████▌    | 2193/3987 [00:13<00:10, 165.80it/s]
Benchmarking (faiss_vote_50):  55%|█████▌    | 2210/3987 [00:13<00:10, 164.94it/s]
Benchmarking (faiss_vote_50):  56%|█████▌    | 2227/3987 [00:13<00:10, 164.53it/s]
Benchmarking (faiss_vote_50):  56%|█████▋    | 2244/3987 [00:13<00:10, 164.18it/s]
Benchmarking (faiss_vote_50):  57%|█████▋    | 2261/3987 [00:13<00:10, 163.80it/s]
Benchmarking (faiss_vote_50):  57%|█████▋    | 2278/3987 [00:13<00:10, 163.62it/s]
Benchmarking (faiss_vote_50):  58%|█████▊    | 2295/3987 [00:13<00:10, 163.64it/s]
Benchmarking (faiss_vote_50):  58%|█████▊    | 2312/3987 [00:14<00:10, 163.58it/s]
Benchmarking (faiss_vote_50):  58%|█████▊    | 2329/3987 [00:14<00:10, 163.74it/s]
Benchmarking (faiss_vote_50):  59%|█████▉    | 2346/3987 [00:14<00:10, 163.88it/s]
Benchmarking (faiss_vote_50):  59%|█████▉    | 2363/3987 [00:14<00:09, 163.54it/s]
Benchmarking (faiss_vote_50):  60%|█████▉    | 2380/3987 [00:14<00:09, 163.81it/s]
Benchmarking (faiss_vote_50):  60%|██████    | 2397/3987 [00:14<00:09, 164.22it/s]
Benchmarking (faiss_vote_50):  61%|██████    | 2414/3987 [00:14<00:09, 164.45it/s]
Benchmarking (faiss_vote_50):  61%|██████    | 2431/3987 [00:14<00:09, 164.87it/s]
Benchmarking (faiss_vote_50):  61%|██████▏   | 2448/3987 [00:14<00:09, 164.84it/s]
Benchmarking (faiss_vote_50):  62%|██████▏   | 2465/3987 [00:14<00:09, 164.77it/s]
Benchmarking (faiss_vote_50):  62%|██████▏   | 2482/3987 [00:15<00:09, 164.87it/s]
Benchmarking (faiss_vote_50):  63%|██████▎   | 2499/3987 [00:15<00:09, 164.74it/s]INFO:src.evaluation.benchmark_partition_selection:      [VOTE DEBUG] search: 5.93ms | tally: 0.06ms | nodes: 50
Benchmarking (faiss_vote_50):  63%|██████▎   | 2516/3987 [00:15<00:08, 164.83it/s]
Benchmarking (faiss_vote_50):  64%|██████▎   | 2533/3987 [00:15<00:08, 164.89it/s]
Benchmarking (faiss_vote_50):  64%|██████▍   | 2550/3987 [00:15<00:08, 164.94it/s]
Benchmarking (faiss_vote_50):  64%|██████▍   | 2567/3987 [00:15<00:08, 165.16it/s]
Benchmarking (faiss_vote_50):  65%|██████▍   | 2584/3987 [00:15<00:08, 165.36it/s]
Benchmarking (faiss_vote_50):  65%|██████▌   | 2601/3987 [00:15<00:08, 165.51it/s]
Benchmarking (faiss_vote_50):  66%|██████▌   | 2618/3987 [00:15<00:08, 165.61it/s]
Benchmarking (faiss_vote_50):  66%|██████▌   | 2635/3987 [00:16<00:08, 165.38it/s]
Benchmarking (faiss_vote_50):  67%|██████▋   | 2652/3987 [00:16<00:08, 165.21it/s]
Benchmarking (faiss_vote_50):  67%|██████▋   | 2669/3987 [00:16<00:07, 165.10it/s]
Benchmarking (faiss_vote_50):  67%|██████▋   | 2686/3987 [00:16<00:07, 164.94it/s]
Benchmarking (faiss_vote_50):  68%|██████▊   | 2703/3987 [00:16<00:07, 164.93it/s]
Benchmarking (faiss_vote_50):  68%|██████▊   | 2720/3987 [00:16<00:07, 165.04it/s]
Benchmarking (faiss_vote_50):  69%|██████▊   | 2737/3987 [00:16<00:07, 164.74it/s]
Benchmarking (faiss_vote_50):  69%|██████▉   | 2754/3987 [00:16<00:07, 164.68it/s]
Benchmarking (faiss_vote_50):  70%|██████▉   | 2771/3987 [00:16<00:07, 164.66it/s]
Benchmarking (faiss_vote_50):  70%|██████▉   | 2788/3987 [00:16<00:07, 164.73it/s]
Benchmarking (faiss_vote_50):  70%|███████   | 2805/3987 [00:17<00:07, 164.57it/s]
Benchmarking (faiss_vote_50):  71%|███████   | 2822/3987 [00:17<00:07, 164.35it/s]
Benchmarking (faiss_vote_50):  71%|███████   | 2839/3987 [00:17<00:06, 164.36it/s]
Benchmarking (faiss_vote_50):  72%|███████▏  | 2856/3987 [00:17<00:06, 164.33it/s]
Benchmarking (faiss_vote_50):  72%|███████▏  | 2873/3987 [00:17<00:06, 164.30it/s]
Benchmarking (faiss_vote_50):  72%|███████▏  | 2890/3987 [00:17<00:06, 164.44it/s]
Benchmarking (faiss_vote_50):  73%|███████▎  | 2907/3987 [00:17<00:06, 164.59it/s]
Benchmarking (faiss_vote_50):  73%|███████▎  | 2924/3987 [00:17<00:06, 164.65it/s]
Benchmarking (faiss_vote_50):  74%|███████▍  | 2941/3987 [00:17<00:06, 164.73it/s]
Benchmarking (faiss_vote_50):  74%|███████▍  | 2958/3987 [00:17<00:06, 164.46it/s]
Benchmarking (faiss_vote_50):  75%|███████▍  | 2975/3987 [00:18<00:06, 163.98it/s]
Benchmarking (faiss_vote_50):  75%|███████▌  | 2992/3987 [00:18<00:06, 164.00it/s]INFO:src.evaluation.benchmark_partition_selection:      [VOTE DEBUG] search: 5.91ms | tally: 0.07ms | nodes: 50
Benchmarking (faiss_vote_50):  75%|███████▌  | 3009/3987 [00:18<00:05, 163.65it/s]
Benchmarking (faiss_vote_50):  76%|███████▌  | 3026/3987 [00:18<00:05, 163.69it/s]
Benchmarking (faiss_vote_50):  76%|███████▋  | 3043/3987 [00:18<00:05, 163.92it/s]
Benchmarking (faiss_vote_50):  77%|███████▋  | 3060/3987 [00:18<00:05, 163.73it/s]
Benchmarking (faiss_vote_50):  77%|███████▋  | 3077/3987 [00:18<00:05, 164.07it/s]
Benchmarking (faiss_vote_50):  78%|███████▊  | 3094/3987 [00:18<00:05, 164.26it/s]
Benchmarking (faiss_vote_50):  78%|███████▊  | 3111/3987 [00:18<00:05, 164.46it/s]
Benchmarking (faiss_vote_50):  78%|███████▊  | 3128/3987 [00:19<00:05, 164.52it/s]
Benchmarking (faiss_vote_50):  79%|███████▉  | 3145/3987 [00:19<00:05, 164.71it/s]
Benchmarking (faiss_vote_50):  79%|███████▉  | 3162/3987 [00:19<00:05, 164.88it/s]
Benchmarking (faiss_vote_50):  80%|███████▉  | 3179/3987 [00:19<00:04, 164.76it/s]
Benchmarking (faiss_vote_50):  80%|████████  | 3196/3987 [00:19<00:04, 164.44it/s]
Benchmarking (faiss_vote_50):  81%|████████  | 3213/3987 [00:19<00:04, 164.49it/s]
Benchmarking (faiss_vote_50):  81%|████████  | 3230/3987 [00:19<00:04, 164.31it/s]
Benchmarking (faiss_vote_50):  81%|████████▏ | 3247/3987 [00:19<00:04, 163.93it/s]
Benchmarking (faiss_vote_50):  82%|████████▏ | 3264/3987 [00:19<00:04, 163.39it/s]
Benchmarking (faiss_vote_50):  82%|████████▏ | 3281/3987 [00:19<00:04, 163.09it/s]
Benchmarking (faiss_vote_50):  83%|████████▎ | 3298/3987 [00:20<00:04, 162.69it/s]
Benchmarking (faiss_vote_50):  83%|████████▎ | 3315/3987 [00:20<00:04, 162.62it/s]
Benchmarking (faiss_vote_50):  84%|████████▎ | 3332/3987 [00:20<00:04, 162.68it/s]
Benchmarking (faiss_vote_50):  84%|████████▍ | 3349/3987 [00:20<00:03, 162.54it/s]
Benchmarking (faiss_vote_50):  84%|████████▍ | 3366/3987 [00:20<00:03, 162.56it/s]
Benchmarking (faiss_vote_50):  85%|████████▍ | 3383/3987 [00:20<00:03, 162.76it/s]
Benchmarking (faiss_vote_50):  85%|████████▌ | 3400/3987 [00:20<00:03, 162.94it/s]
Benchmarking (faiss_vote_50):  86%|████████▌ | 3417/3987 [00:20<00:03, 163.29it/s]
Benchmarking (faiss_vote_50):  86%|████████▌ | 3434/3987 [00:20<00:03, 163.20it/s]
Benchmarking (faiss_vote_50):  87%|████████▋ | 3451/3987 [00:20<00:03, 163.30it/s]
Benchmarking (faiss_vote_50):  87%|████████▋ | 3468/3987 [00:21<00:03, 163.36it/s]
Benchmarking (faiss_vote_50):  87%|████████▋ | 3485/3987 [00:21<00:03, 163.55it/s]INFO:src.evaluation.benchmark_partition_selection:      [VOTE DEBUG] search: 5.95ms | tally: 0.06ms | nodes: 50
Benchmarking (faiss_vote_50):  88%|████████▊ | 3502/3987 [00:21<00:02, 163.57it/s]
Benchmarking (faiss_vote_50):  88%|████████▊ | 3519/3987 [00:21<00:02, 163.45it/s]
Benchmarking (faiss_vote_50):  89%|████████▊ | 3536/3987 [00:21<00:02, 163.37it/s]
Benchmarking (faiss_vote_50):  89%|████████▉ | 3553/3987 [00:21<00:02, 163.40it/s]
Benchmarking (faiss_vote_50):  90%|████████▉ | 3570/3987 [00:21<00:02, 163.41it/s]
Benchmarking (faiss_vote_50):  90%|████████▉ | 3587/3987 [00:21<00:02, 163.40it/s]
Benchmarking (faiss_vote_50):  90%|█████████ | 3604/3987 [00:21<00:02, 163.35it/s]
Benchmarking (faiss_vote_50):  91%|█████████ | 3621/3987 [00:22<00:02, 163.44it/s]
Benchmarking (faiss_vote_50):  91%|█████████ | 3638/3987 [00:22<00:02, 163.42it/s]
Benchmarking (faiss_vote_50):  92%|█████████▏| 3655/3987 [00:22<00:02, 163.52it/s]
Benchmarking (faiss_vote_50):  92%|█████████▏| 3672/3987 [00:22<00:01, 163.43it/s]
Benchmarking (faiss_vote_50):  93%|█████████▎| 3689/3987 [00:22<00:01, 163.52it/s]
Benchmarking (faiss_vote_50):  93%|█████████▎| 3706/3987 [00:22<00:01, 163.43it/s]
Benchmarking (faiss_vote_50):  93%|█████████▎| 3723/3987 [00:22<00:01, 163.33it/s]
Benchmarking (faiss_vote_50):  94%|█████████▍| 3740/3987 [00:22<00:01, 163.32it/s]
Benchmarking (faiss_vote_50):  94%|█████████▍| 3757/3987 [00:22<00:01, 163.42it/s]
Benchmarking (faiss_vote_50):  95%|█████████▍| 3774/3987 [00:22<00:01, 163.24it/s]
Benchmarking (faiss_vote_50):  95%|█████████▌| 3791/3987 [00:23<00:01, 163.28it/s]
Benchmarking (faiss_vote_50):  96%|█████████▌| 3808/3987 [00:23<00:01, 163.35it/s]
Benchmarking (faiss_vote_50):  96%|█████████▌| 3825/3987 [00:23<00:00, 163.46it/s]
Benchmarking (faiss_vote_50):  96%|█████████▋| 3842/3987 [00:23<00:00, 163.71it/s]
Benchmarking (faiss_vote_50):  97%|█████████▋| 3859/3987 [00:23<00:00, 163.55it/s]
Benchmarking (faiss_vote_50):  97%|█████████▋| 3876/3987 [00:23<00:00, 163.88it/s]
Benchmarking (faiss_vote_50):  98%|█████████▊| 3893/3987 [00:23<00:00, 164.09it/s]
Benchmarking (faiss_vote_50):  98%|█████████▊| 3910/3987 [00:23<00:00, 164.33it/s]
Benchmarking (faiss_vote_50):  98%|█████████▊| 3927/3987 [00:23<00:00, 164.48it/s]
Benchmarking (faiss_vote_50):  99%|█████████▉| 3944/3987 [00:24<00:00, 164.80it/s]
Benchmarking (faiss_vote_50):  99%|█████████▉| 3961/3987 [00:24<00:00, 164.81it/s]
Benchmarking (faiss_vote_50): 100%|█████████▉| 3978/3987 [00:24<00:00, 165.07it/s]
INFO:src.evaluation.benchmark_partition_selection:  [val] R@1=51.2% GTR@20=90.8% FCov@20=85.8% MRR=66.8%
Benchmarking (faiss_vote_50):   0%|          | 0/1995 [00:00<?, ?it/s]INFO:src.evaluation.benchmark_partition_selection:      [VOTE DEBUG] search: 5.88ms | tally: 0.07ms | nodes: 50
Benchmarking (faiss_vote_50):   1%|          | 17/1995 [00:00<00:12, 163.20it/s]
Benchmarking (faiss_vote_50):   2%|▏         | 34/1995 [00:00<00:12, 163.40it/s]
Benchmarking (faiss_vote_50):   3%|▎         | 51/1995 [00:00<00:11, 164.04it/s]
Benchmarking (faiss_vote_50):   3%|▎         | 68/1995 [00:00<00:11, 164.13it/s]
Benchmarking (faiss_vote_50):   4%|▍         | 85/1995 [00:00<00:11, 164.45it/s]
Benchmarking (faiss_vote_50):   5%|▌         | 102/1995 [00:00<00:11, 164.45it/s]
Benchmarking (faiss_vote_50):   6%|▌         | 119/1995 [00:00<00:11, 164.23it/s]
Benchmarking (faiss_vote_50):   7%|▋         | 136/1995 [00:00<00:11, 164.32it/s]
Benchmarking (faiss_vote_50):   8%|▊         | 153/1995 [00:00<00:11, 164.34it/s]
Benchmarking (faiss_vote_50):   9%|▊         | 170/1995 [00:01<00:11, 164.79it/s]
Benchmarking (faiss_vote_50):   9%|▉         | 187/1995 [00:01<00:10, 164.78it/s]
Benchmarking (faiss_vote_50):  10%|█         | 204/1995 [00:01<00:10, 164.69it/s]
Benchmarking (faiss_vote_50):  11%|█         | 221/1995 [00:01<00:10, 164.80it/s]
Benchmarking (faiss_vote_50):  12%|█▏        | 238/1995 [00:01<00:10, 165.04it/s]
Benchmarking (faiss_vote_50):  13%|█▎        | 255/1995 [00:01<00:10, 165.21it/s]
Benchmarking (faiss_vote_50):  14%|█▎        | 272/1995 [00:01<00:10, 164.93it/s]
Benchmarking (faiss_vote_50):  14%|█▍        | 289/1995 [00:01<00:10, 164.39it/s]
Benchmarking (faiss_vote_50):  15%|█▌        | 306/1995 [00:01<00:10, 163.76it/s]
Benchmarking (faiss_vote_50):  16%|█▌        | 323/1995 [00:01<00:10, 163.49it/s]
Benchmarking (faiss_vote_50):  17%|█▋        | 340/1995 [00:02<00:10, 163.05it/s]
Benchmarking (faiss_vote_50):  18%|█▊        | 357/1995 [00:02<00:10, 163.66it/s]
Benchmarking (faiss_vote_50):  19%|█▊        | 374/1995 [00:02<00:09, 164.21it/s]
Benchmarking (faiss_vote_50):  20%|█▉        | 391/1995 [00:02<00:09, 164.60it/s]
Benchmarking (faiss_vote_50):  20%|██        | 408/1995 [00:02<00:09, 164.84it/s]
Benchmarking (faiss_vote_50):  21%|██▏       | 425/1995 [00:02<00:09, 164.89it/s]
Benchmarking (faiss_vote_50):  22%|██▏       | 442/1995 [00:02<00:09, 165.07it/s]
Benchmarking (faiss_vote_50):  23%|██▎       | 459/1995 [00:02<00:09, 164.86it/s]
Benchmarking (faiss_vote_50):  24%|██▍       | 476/1995 [00:02<00:09, 163.55it/s]
Benchmarking (faiss_vote_50):  25%|██▍       | 493/1995 [00:03<00:09, 162.63it/s]INFO:src.evaluation.benchmark_partition_selection:      [VOTE DEBUG] search: 6.01ms | tally: 0.04ms | nodes: 50
Benchmarking (faiss_vote_50):  26%|██▌       | 510/1995 [00:03<00:09, 161.89it/s]
Benchmarking (faiss_vote_50):  26%|██▋       | 527/1995 [00:03<00:09, 161.29it/s]
Benchmarking (faiss_vote_50):  27%|██▋       | 544/1995 [00:03<00:09, 160.93it/s]
Benchmarking (faiss_vote_50):  28%|██▊       | 561/1995 [00:03<00:08, 160.65it/s]
Benchmarking (faiss_vote_50):  29%|██▉       | 578/1995 [00:03<00:08, 160.60it/s]
Benchmarking (faiss_vote_50):  30%|██▉       | 595/1995 [00:03<00:08, 160.51it/s]
Benchmarking (faiss_vote_50):  31%|███       | 612/1995 [00:03<00:08, 161.51it/s]
Benchmarking (faiss_vote_50):  32%|███▏      | 629/1995 [00:03<00:08, 162.37it/s]
Benchmarking (faiss_vote_50):  32%|███▏      | 646/1995 [00:03<00:08, 163.03it/s]
Benchmarking (faiss_vote_50):  33%|███▎      | 663/1995 [00:04<00:08, 163.45it/s]
Benchmarking (faiss_vote_50):  34%|███▍      | 680/1995 [00:04<00:08, 163.81it/s]
Benchmarking (faiss_vote_50):  35%|███▍      | 697/1995 [00:04<00:07, 164.21it/s]
Benchmarking (faiss_vote_50):  36%|███▌      | 714/1995 [00:04<00:07, 164.50it/s]
Benchmarking (faiss_vote_50):  37%|███▋      | 731/1995 [00:04<00:07, 164.77it/s]
Benchmarking (faiss_vote_50):  37%|███▋      | 748/1995 [00:04<00:07, 164.89it/s]
Benchmarking (faiss_vote_50):  38%|███▊      | 765/1995 [00:04<00:07, 164.87it/s]
Benchmarking (faiss_vote_50):  39%|███▉      | 782/1995 [00:04<00:07, 164.73it/s]
Benchmarking (faiss_vote_50):  40%|████      | 799/1995 [00:04<00:07, 164.75it/s]
Benchmarking (faiss_vote_50):  41%|████      | 816/1995 [00:04<00:07, 164.93it/s]
Benchmarking (faiss_vote_50):  42%|████▏     | 833/1995 [00:05<00:07, 164.82it/s]
Benchmarking (faiss_vote_50):  43%|████▎     | 850/1995 [00:05<00:06, 164.00it/s]
Benchmarking (faiss_vote_50):  43%|████▎     | 867/1995 [00:05<00:06, 164.15it/s]
Benchmarking (faiss_vote_50):  44%|████▍     | 884/1995 [00:05<00:06, 164.17it/s]
Benchmarking (faiss_vote_50):  45%|████▌     | 901/1995 [00:05<00:06, 164.13it/s]
Benchmarking (faiss_vote_50):  46%|████▌     | 918/1995 [00:05<00:06, 164.24it/s]
Benchmarking (faiss_vote_50):  47%|████▋     | 935/1995 [00:05<00:06, 164.34it/s]
Benchmarking (faiss_vote_50):  48%|████▊     | 952/1995 [00:05<00:06, 164.46it/s]
Benchmarking (faiss_vote_50):  49%|████▊     | 969/1995 [00:05<00:06, 164.78it/s]
Benchmarking (faiss_vote_50):  49%|████▉     | 986/1995 [00:06<00:06, 164.95it/s]INFO:src.evaluation.benchmark_partition_selection:      [VOTE DEBUG] search: 5.79ms | tally: 0.08ms | nodes: 50
Benchmarking (faiss_vote_50):  50%|█████     | 1003/1995 [00:06<00:06, 165.13it/s]
Benchmarking (faiss_vote_50):  51%|█████     | 1020/1995 [00:06<00:05, 165.48it/s]
Benchmarking (faiss_vote_50):  52%|█████▏    | 1037/1995 [00:06<00:05, 165.75it/s]
Benchmarking (faiss_vote_50):  53%|█████▎    | 1054/1995 [00:06<00:05, 165.91it/s]
Benchmarking (faiss_vote_50):  54%|█████▎    | 1071/1995 [00:06<00:05, 166.03it/s]
Benchmarking (faiss_vote_50):  55%|█████▍    | 1088/1995 [00:06<00:05, 165.86it/s]
Benchmarking (faiss_vote_50):  55%|█████▌    | 1105/1995 [00:06<00:05, 165.94it/s]
Benchmarking (faiss_vote_50):  56%|█████▌    | 1122/1995 [00:06<00:05, 166.05it/s]
Benchmarking (faiss_vote_50):  57%|█████▋    | 1139/1995 [00:06<00:05, 166.15it/s]
Benchmarking (faiss_vote_50):  58%|█████▊    | 1156/1995 [00:07<00:05, 166.21it/s]
Benchmarking (faiss_vote_50):  59%|█████▉    | 1173/1995 [00:07<00:04, 166.02it/s]
Benchmarking (faiss_vote_50):  60%|█████▉    | 1190/1995 [00:07<00:04, 165.71it/s]
Benchmarking (faiss_vote_50):  61%|██████    | 1207/1995 [00:07<00:04, 165.89it/s]
Benchmarking (faiss_vote_50):  61%|██████▏   | 1224/1995 [00:07<00:04, 165.97it/s]
Benchmarking (faiss_vote_50):  62%|██████▏   | 1241/1995 [00:07<00:04, 166.01it/s]
Benchmarking (faiss_vote_50):  63%|██████▎   | 1258/1995 [00:07<00:04, 165.76it/s]
Benchmarking (faiss_vote_50):  64%|██████▍   | 1275/1995 [00:07<00:04, 165.61it/s]
Benchmarking (faiss_vote_50):  65%|██████▍   | 1292/1995 [00:07<00:04, 165.40it/s]
Benchmarking (faiss_vote_50):  66%|██████▌   | 1309/1995 [00:07<00:04, 165.50it/s]
Benchmarking (faiss_vote_50):  66%|██████▋   | 1326/1995 [00:08<00:04, 165.19it/s]
Benchmarking (faiss_vote_50):  67%|██████▋   | 1343/1995 [00:08<00:03, 165.61it/s]
Benchmarking (faiss_vote_50):  68%|██████▊   | 1360/1995 [00:08<00:03, 165.50it/s]
Benchmarking (faiss_vote_50):  69%|██████▉   | 1377/1995 [00:08<00:03, 165.31it/s]
Benchmarking (faiss_vote_50):  70%|██████▉   | 1394/1995 [00:08<00:03, 165.50it/s]
Benchmarking (faiss_vote_50):  71%|███████   | 1411/1995 [00:08<00:03, 165.73it/s]
Benchmarking (faiss_vote_50):  72%|███████▏  | 1428/1995 [00:08<00:03, 165.92it/s]
Benchmarking (faiss_vote_50):  72%|███████▏  | 1445/1995 [00:08<00:03, 165.27it/s]
Benchmarking (faiss_vote_50):  73%|███████▎  | 1462/1995 [00:08<00:03, 165.49it/s]
Benchmarking (faiss_vote_50):  74%|███████▍  | 1479/1995 [00:08<00:03, 165.55it/s]
Benchmarking (faiss_vote_50):  75%|███████▍  | 1496/1995 [00:09<00:03, 165.40it/s]INFO:src.evaluation.benchmark_partition_selection:      [VOTE DEBUG] search: 5.89ms | tally: 0.06ms | nodes: 50
Benchmarking (faiss_vote_50):  76%|███████▌  | 1513/1995 [00:09<00:02, 165.37it/s]
Benchmarking (faiss_vote_50):  77%|███████▋  | 1530/1995 [00:09<00:02, 164.74it/s]
Benchmarking (faiss_vote_50):  78%|███████▊  | 1547/1995 [00:09<00:02, 164.86it/s]
Benchmarking (faiss_vote_50):  78%|███████▊  | 1564/1995 [00:09<00:02, 164.94it/s]
Benchmarking (faiss_vote_50):  79%|███████▉  | 1581/1995 [00:09<00:02, 164.76it/s]
Benchmarking (faiss_vote_50):  80%|████████  | 1598/1995 [00:09<00:02, 164.78it/s]
Benchmarking (faiss_vote_50):  81%|████████  | 1615/1995 [00:09<00:02, 164.88it/s]
Benchmarking (faiss_vote_50):  82%|████████▏ | 1632/1995 [00:09<00:02, 165.26it/s]
Benchmarking (faiss_vote_50):  83%|████████▎ | 1649/1995 [00:10<00:02, 165.48it/s]
Benchmarking (faiss_vote_50):  84%|████████▎ | 1666/1995 [00:10<00:01, 164.82it/s]
Benchmarking (faiss_vote_50):  84%|████████▍ | 1683/1995 [00:10<00:01, 164.93it/s]
Benchmarking (faiss_vote_50):  85%|████████▌ | 1700/1995 [00:10<00:01, 165.18it/s]
Benchmarking (faiss_vote_50):  86%|████████▌ | 1717/1995 [00:10<00:01, 164.85it/s]
Benchmarking (faiss_vote_50):  87%|████████▋ | 1734/1995 [00:10<00:01, 165.08it/s]
Benchmarking (faiss_vote_50):  88%|████████▊ | 1751/1995 [00:10<00:01, 165.13it/s]
Benchmarking (faiss_vote_50):  89%|████████▊ | 1768/1995 [00:10<00:01, 165.19it/s]
Benchmarking (faiss_vote_50):  89%|████████▉ | 1785/1995 [00:10<00:01, 165.25it/s]
Benchmarking (faiss_vote_50):  90%|█████████ | 1802/1995 [00:10<00:01, 165.06it/s]
Benchmarking (faiss_vote_50):  91%|█████████ | 1819/1995 [00:11<00:01, 165.06it/s]
Benchmarking (faiss_vote_50):  92%|█████████▏| 1836/1995 [00:11<00:00, 165.14it/s]
Benchmarking (faiss_vote_50):  93%|█████████▎| 1853/1995 [00:11<00:00, 165.14it/s]
Benchmarking (faiss_vote_50):  94%|█████████▎| 1870/1995 [00:11<00:00, 165.24it/s]
Benchmarking (faiss_vote_50):  95%|█████████▍| 1887/1995 [00:11<00:00, 165.38it/s]
Benchmarking (faiss_vote_50):  95%|█████████▌| 1904/1995 [00:11<00:00, 165.38it/s]
Benchmarking (faiss_vote_50):  96%|█████████▋| 1921/1995 [00:11<00:00, 165.43it/s]
Benchmarking (faiss_vote_50):  97%|█████████▋| 1938/1995 [00:11<00:00, 164.86it/s]
Benchmarking (faiss_vote_50):  98%|█████████▊| 1955/1995 [00:11<00:00, 164.65it/s]
Benchmarking (faiss_vote_50):  99%|█████████▉| 1972/1995 [00:11<00:00, 164.68it/s]
Benchmarking (faiss_vote_50): 100%|█████████▉| 1989/1995 [00:12<00:00, 164.91it/s]
INFO:src.evaluation.benchmark_partition_selection:  [test] R@1=53.9% GTR@20=92.5% FCov@20=88.0% MRR=68.7%
INFO:src.evaluation.benchmark_partition_selection:Benchmarking: faiss_vote_100
Benchmarking (faiss_vote_100):   0%|          | 0/13956 [00:00<?, ?it/s]INFO:src.evaluation.benchmark_partition_selection:      [VOTE DEBUG] search: 5.99ms | tally: 0.12ms | nodes: 100
Benchmarking (faiss_vote_100):   0%|          | 17/13956 [00:00<01:25, 162.54it/s]
Benchmarking (faiss_vote_100):   0%|          | 34/13956 [00:00<01:25, 163.12it/s]
Benchmarking (faiss_vote_100):   0%|          | 51/13956 [00:00<01:25, 163.39it/s]
Benchmarking (faiss_vote_100):   0%|          | 68/13956 [00:00<01:24, 163.45it/s]
Benchmarking (faiss_vote_100):   1%|          | 85/13956 [00:00<01:25, 163.01it/s]
Benchmarking (faiss_vote_100):   1%|          | 102/13956 [00:00<01:25, 162.78it/s]
Benchmarking (faiss_vote_100):   1%|          | 119/13956 [00:00<01:25, 162.63it/s]
Benchmarking (faiss_vote_100):   1%|          | 136/13956 [00:00<01:24, 162.86it/s]
Benchmarking (faiss_vote_100):   1%|          | 153/13956 [00:00<01:24, 162.89it/s]
Benchmarking (faiss_vote_100):   1%|          | 170/13956 [00:01<01:24, 162.87it/s]
Benchmarking (faiss_vote_100):   1%|▏         | 187/13956 [00:01<01:24, 162.46it/s]
Benchmarking (faiss_vote_100):   1%|▏         | 204/13956 [00:01<01:24, 162.60it/s]
Benchmarking (faiss_vote_100):   2%|▏         | 221/13956 [00:01<01:24, 162.86it/s]
Benchmarking (faiss_vote_100):   2%|▏         | 238/13956 [00:01<01:24, 161.82it/s]
Benchmarking (faiss_vote_100):   2%|▏         | 255/13956 [00:01<01:25, 160.66it/s]
Benchmarking (faiss_vote_100):   2%|▏         | 272/13956 [00:01<01:25, 159.71it/s]
Benchmarking (faiss_vote_100):   2%|▏         | 288/13956 [00:01<01:25, 159.34it/s]
Benchmarking (faiss_vote_100):   2%|▏         | 305/13956 [00:01<01:24, 160.66it/s]
Benchmarking (faiss_vote_100):   2%|▏         | 322/13956 [00:01<01:24, 161.66it/s]
Benchmarking (faiss_vote_100):   2%|▏         | 339/13956 [00:02<01:24, 161.81it/s]
Benchmarking (faiss_vote_100):   3%|▎         | 356/13956 [00:02<01:24, 161.85it/s]
Benchmarking (faiss_vote_100):   3%|▎         | 373/13956 [00:02<01:23, 162.11it/s]
Benchmarking (faiss_vote_100):   3%|▎         | 390/13956 [00:02<01:23, 162.50it/s]
Benchmarking (faiss_vote_100):   3%|▎         | 407/13956 [00:02<01:23, 162.71it/s]
Benchmarking (faiss_vote_100):   3%|▎         | 424/13956 [00:02<01:23, 162.86it/s]
Benchmarking (faiss_vote_100):   3%|▎         | 441/13956 [00:02<01:23, 162.68it/s]
Benchmarking (faiss_vote_100):   3%|▎         | 458/13956 [00:02<01:23, 162.42it/s]
Benchmarking (faiss_vote_100):   3%|▎         | 475/13956 [00:02<01:23, 162.16it/s]
Benchmarking (faiss_vote_100):   4%|▎         | 492/13956 [00:03<01:23, 161.83it/s]INFO:src.evaluation.benchmark_partition_selection:      [VOTE DEBUG] search: 5.90ms | tally: 0.12ms | nodes: 100
Benchmarking (faiss_vote_100):   4%|▎         | 509/13956 [00:03<01:23, 161.88it/s]
Benchmarking (faiss_vote_100):   4%|▍         | 526/13956 [00:03<01:23, 161.41it/s]
Benchmarking (faiss_vote_100):   4%|▍         | 543/13956 [00:03<01:23, 161.26it/s]
Benchmarking (faiss_vote_100):   4%|▍         | 560/13956 [00:03<01:23, 161.28it/s]
Benchmarking (faiss_vote_100):   4%|▍         | 577/13956 [00:03<01:22, 161.55it/s]
Benchmarking (faiss_vote_100):   4%|▍         | 594/13956 [00:03<01:22, 161.58it/s]
Benchmarking (faiss_vote_100):   4%|▍         | 611/13956 [00:03<01:22, 161.48it/s]
Benchmarking (faiss_vote_100):   4%|▍         | 628/13956 [00:03<01:22, 161.44it/s]
Benchmarking (faiss_vote_100):   5%|▍         | 645/13956 [00:03<01:22, 161.46it/s]
Benchmarking (faiss_vote_100):   5%|▍         | 662/13956 [00:04<01:22, 161.33it/s]
Benchmarking (faiss_vote_100):   5%|▍         | 679/13956 [00:04<01:22, 161.36it/s]
Benchmarking (faiss_vote_100):   5%|▍         | 696/13956 [00:04<01:22, 161.19it/s]
Benchmarking (faiss_vote_100):   5%|▌         | 713/13956 [00:04<01:22, 161.19it/s]
Benchmarking (faiss_vote_100):   5%|▌         | 730/13956 [00:04<01:21, 161.55it/s]
Benchmarking (faiss_vote_100):   5%|▌         | 747/13956 [00:04<01:21, 161.84it/s]
Benchmarking (faiss_vote_100):   5%|▌         | 764/13956 [00:04<01:21, 161.98it/s]
Benchmarking (faiss_vote_100):   6%|▌         | 781/13956 [00:04<01:21, 162.10it/s]
Benchmarking (faiss_vote_100):   6%|▌         | 798/13956 [00:04<01:21, 162.29it/s]
Benchmarking (faiss_vote_100):   6%|▌         | 815/13956 [00:05<01:21, 162.04it/s]
Benchmarking (faiss_vote_100):   6%|▌         | 832/13956 [00:05<01:21, 161.75it/s]
Benchmarking (faiss_vote_100):   6%|▌         | 849/13956 [00:05<01:20, 161.82it/s]
Benchmarking (faiss_vote_100):   6%|▌         | 866/13956 [00:05<01:20, 162.04it/s]
Benchmarking (faiss_vote_100):   6%|▋         | 883/13956 [00:05<01:20, 161.66it/s]
Benchmarking (faiss_vote_100):   6%|▋         | 900/13956 [00:05<01:20, 161.72it/s]
Benchmarking (faiss_vote_100):   7%|▋         | 917/13956 [00:05<01:20, 161.60it/s]
Benchmarking (faiss_vote_100):   7%|▋         | 934/13956 [00:05<01:20, 161.90it/s]
Benchmarking (faiss_vote_100):   7%|▋         | 951/13956 [00:05<01:20, 162.38it/s]
Benchmarking (faiss_vote_100):   7%|▋         | 968/13956 [00:05<01:19, 162.96it/s]
Benchmarking (faiss_vote_100):   7%|▋         | 985/13956 [00:06<01:19, 162.70it/s]INFO:src.evaluation.benchmark_partition_selection:      [VOTE DEBUG] search: 5.92ms | tally: 0.09ms | nodes: 100
Benchmarking (faiss_vote_100):   7%|▋         | 1002/13956 [00:06<01:19, 162.28it/s]
Benchmarking (faiss_vote_100):   7%|▋         | 1019/13956 [00:06<01:19, 162.59it/s]
Benchmarking (faiss_vote_100):   7%|▋         | 1036/13956 [00:06<01:19, 162.90it/s]
Benchmarking (faiss_vote_100):   8%|▊         | 1053/13956 [00:06<01:19, 163.07it/s]
Benchmarking (faiss_vote_100):   8%|▊         | 1070/13956 [00:06<01:18, 163.16it/s]
Benchmarking (faiss_vote_100):   8%|▊         | 1087/13956 [00:06<01:19, 162.74it/s]
Benchmarking (faiss_vote_100):   8%|▊         | 1104/13956 [00:06<01:19, 162.19it/s]
Benchmarking (faiss_vote_100):   8%|▊         | 1121/13956 [00:06<01:19, 162.17it/s]
Benchmarking (faiss_vote_100):   8%|▊         | 1138/13956 [00:07<01:19, 162.20it/s]
Benchmarking (faiss_vote_100):   8%|▊         | 1155/13956 [00:07<01:19, 161.83it/s]
Benchmarking (faiss_vote_100):   8%|▊         | 1172/13956 [00:07<01:18, 162.06it/s]
Benchmarking (faiss_vote_100):   9%|▊         | 1189/13956 [00:07<01:18, 162.13it/s]
Benchmarking (faiss_vote_100):   9%|▊         | 1206/13956 [00:07<01:18, 161.54it/s]
Benchmarking (faiss_vote_100):   9%|▉         | 1223/13956 [00:07<01:18, 161.76it/s]
Benchmarking (faiss_vote_100):   9%|▉         | 1240/13956 [00:07<01:18, 162.36it/s]
Benchmarking (faiss_vote_100):   9%|▉         | 1257/13956 [00:07<01:18, 162.66it/s]
Benchmarking (faiss_vote_100):   9%|▉         | 1274/13956 [00:07<01:17, 162.98it/s]
Benchmarking (faiss_vote_100):   9%|▉         | 1291/13956 [00:07<01:17, 162.62it/s]
Benchmarking (faiss_vote_100):   9%|▉         | 1308/13956 [00:08<01:17, 162.79it/s]
Benchmarking (faiss_vote_100):   9%|▉         | 1325/13956 [00:08<01:17, 163.05it/s]
Benchmarking (faiss_vote_100):  10%|▉         | 1342/13956 [00:08<01:17, 163.06it/s]
Benchmarking (faiss_vote_100):  10%|▉         | 1359/13956 [00:08<01:17, 162.68it/s]
Benchmarking (faiss_vote_100):  10%|▉         | 1376/13956 [00:08<01:17, 162.61it/s]
Benchmarking (faiss_vote_100):  10%|▉         | 1393/13956 [00:08<01:17, 162.46it/s]
Benchmarking (faiss_vote_100):  10%|█         | 1410/13956 [00:08<01:17, 162.38it/s]
Benchmarking (faiss_vote_100):  10%|█         | 1427/13956 [00:08<01:17, 162.46it/s]
Benchmarking (faiss_vote_100):  10%|█         | 1444/13956 [00:08<01:16, 162.85it/s]
Benchmarking (faiss_vote_100):  10%|█         | 1461/13956 [00:09<01:16, 163.02it/s]
Benchmarking (faiss_vote_100):  11%|█         | 1478/13956 [00:09<01:16, 163.17it/s]
Benchmarking (faiss_vote_100):  11%|█         | 1495/13956 [00:09<01:16, 163.04it/s]INFO:src.evaluation.benchmark_partition_selection:      [VOTE DEBUG] search: 5.90ms | tally: 0.10ms | nodes: 100
Benchmarking (faiss_vote_100):  11%|█         | 1512/13956 [00:09<01:16, 162.44it/s]
Benchmarking (faiss_vote_100):  11%|█         | 1529/13956 [00:09<01:16, 162.18it/s]
Benchmarking (faiss_vote_100):  11%|█         | 1546/13956 [00:09<01:16, 161.75it/s]
Benchmarking (faiss_vote_100):  11%|█         | 1563/13956 [00:09<01:16, 161.26it/s]
Benchmarking (faiss_vote_100):  11%|█▏        | 1580/13956 [00:09<01:16, 161.47it/s]
Benchmarking (faiss_vote_100):  11%|█▏        | 1597/13956 [00:09<01:16, 161.82it/s]
Benchmarking (faiss_vote_100):  12%|█▏        | 1614/13956 [00:09<01:16, 161.94it/s]
Benchmarking (faiss_vote_100):  12%|█▏        | 1631/13956 [00:10<01:16, 161.67it/s]
Benchmarking (faiss_vote_100):  12%|█▏        | 1648/13956 [00:10<01:15, 162.04it/s]
Benchmarking (faiss_vote_100):  12%|█▏        | 1665/13956 [00:10<01:15, 162.38it/s]
Benchmarking (faiss_vote_100):  12%|█▏        | 1682/13956 [00:10<01:15, 162.42it/s]
Benchmarking (faiss_vote_100):  12%|█▏        | 1699/13956 [00:10<01:15, 162.55it/s]
Benchmarking (faiss_vote_100):  12%|█▏        | 1716/13956 [00:10<01:15, 162.80it/s]
Benchmarking (faiss_vote_100):  12%|█▏        | 1733/13956 [00:10<01:15, 162.85it/s]
Benchmarking (faiss_vote_100):  13%|█▎        | 1750/13956 [00:10<01:14, 162.86it/s]
Benchmarking (faiss_vote_100):  13%|█▎        | 1767/13956 [00:10<01:14, 162.70it/s]
Benchmarking (faiss_vote_100):  13%|█▎        | 1784/13956 [00:11<01:15, 161.99it/s]
Benchmarking (faiss_vote_100):  13%|█▎        | 1801/13956 [00:11<01:15, 161.74it/s]
Benchmarking (faiss_vote_100):  13%|█▎        | 1818/13956 [00:11<01:15, 161.77it/s]
Benchmarking (faiss_vote_100):  13%|█▎        | 1835/13956 [00:11<01:14, 162.13it/s]
Benchmarking (faiss_vote_100):  13%|█▎        | 1852/13956 [00:11<01:14, 162.43it/s]
Benchmarking (faiss_vote_100):  13%|█▎        | 1869/13956 [00:11<01:14, 162.16it/s]
Benchmarking (faiss_vote_100):  14%|█▎        | 1886/13956 [00:11<01:14, 161.68it/s]
Benchmarking (faiss_vote_100):  14%|█▎        | 1903/13956 [00:11<01:14, 161.50it/s]
Benchmarking (faiss_vote_100):  14%|█▍        | 1920/13956 [00:11<01:14, 161.87it/s]
Benchmarking (faiss_vote_100):  14%|█▍        | 1937/13956 [00:11<01:14, 162.29it/s]
Benchmarking (faiss_vote_100):  14%|█▍        | 1954/13956 [00:12<01:13, 162.32it/s]
Benchmarking (faiss_vote_100):  14%|█▍        | 1971/13956 [00:12<01:13, 162.08it/s]
Benchmarking (faiss_vote_100):  14%|█▍        | 1988/13956 [00:12<01:13, 162.27it/s]INFO:src.evaluation.benchmark_partition_selection:      [VOTE DEBUG] search: 5.93ms | tally: 0.11ms | nodes: 100
Benchmarking (faiss_vote_100):  14%|█▍        | 2005/13956 [00:12<01:13, 162.31it/s]
Benchmarking (faiss_vote_100):  14%|█▍        | 2022/13956 [00:12<01:13, 162.04it/s]
Benchmarking (faiss_vote_100):  15%|█▍        | 2039/13956 [00:12<01:13, 162.13it/s]
Benchmarking (faiss_vote_100):  15%|█▍        | 2056/13956 [00:12<01:13, 162.15it/s]
Benchmarking (faiss_vote_100):  15%|█▍        | 2073/13956 [00:12<01:13, 161.99it/s]
Benchmarking (faiss_vote_100):  15%|█▍        | 2090/13956 [00:12<01:13, 161.63it/s]
Benchmarking (faiss_vote_100):  15%|█▌        | 2107/13956 [00:12<01:13, 161.10it/s]
Benchmarking (faiss_vote_100):  15%|█▌        | 2124/13956 [00:13<01:13, 161.92it/s]
Benchmarking (faiss_vote_100):  15%|█▌        | 2141/13956 [00:13<01:12, 162.21it/s]
Benchmarking (faiss_vote_100):  15%|█▌        | 2158/13956 [00:13<01:12, 162.51it/s]
Benchmarking (faiss_vote_100):  16%|█▌        | 2175/13956 [00:13<01:12, 162.39it/s]
Benchmarking (faiss_vote_100):  16%|█▌        | 2192/13956 [00:13<01:12, 162.38it/s]
Benchmarking (faiss_vote_100):  16%|█▌        | 2209/13956 [00:13<01:12, 162.42it/s]
Benchmarking (faiss_vote_100):  16%|█▌        | 2226/13956 [00:13<01:12, 162.68it/s]
Benchmarking (faiss_vote_100):  16%|█▌        | 2243/13956 [00:13<01:11, 162.72it/s]
Benchmarking (faiss_vote_100):  16%|█▌        | 2260/13956 [00:13<01:11, 162.57it/s]
Benchmarking (faiss_vote_100):  16%|█▋        | 2277/13956 [00:14<01:11, 162.66it/s]
Benchmarking (faiss_vote_100):  16%|█▋        | 2294/13956 [00:14<01:11, 162.60it/s]
Benchmarking (faiss_vote_100):  17%|█▋        | 2311/13956 [00:14<01:11, 162.18it/s]
Benchmarking (faiss_vote_100):  17%|█▋        | 2328/13956 [00:14<01:11, 161.81it/s]
Benchmarking (faiss_vote_100):  17%|█▋        | 2345/13956 [00:14<01:11, 161.54it/s]
Benchmarking (faiss_vote_100):  17%|█▋        | 2362/13956 [00:14<01:11, 161.78it/s]
Benchmarking (faiss_vote_100):  17%|█▋        | 2379/13956 [00:14<01:11, 162.00it/s]
Benchmarking (faiss_vote_100):  17%|█▋        | 2396/13956 [00:14<01:11, 162.10it/s]
Benchmarking (faiss_vote_100):  17%|█▋        | 2413/13956 [00:14<01:11, 162.32it/s]
Benchmarking (faiss_vote_100):  17%|█▋        | 2430/13956 [00:14<01:11, 162.01it/s]
Benchmarking (faiss_vote_100):  18%|█▊        | 2447/13956 [00:15<01:10, 162.17it/s]
Benchmarking (faiss_vote_100):  18%|█▊        | 2464/13956 [00:15<01:10, 162.19it/s]
Benchmarking (faiss_vote_100):  18%|█▊        | 2481/13956 [00:15<01:10, 162.32it/s]
Benchmarking (faiss_vote_100):  18%|█▊        | 2498/13956 [00:15<01:10, 162.31it/s]INFO:src.evaluation.benchmark_partition_selection:      [VOTE DEBUG] search: 5.91ms | tally: 0.10ms | nodes: 100
Benchmarking (faiss_vote_100):  18%|█▊        | 2515/13956 [00:15<01:10, 162.03it/s]
Benchmarking (faiss_vote_100):  18%|█▊        | 2532/13956 [00:15<01:10, 161.64it/s]
Benchmarking (faiss_vote_100):  18%|█▊        | 2549/13956 [00:15<01:10, 161.17it/s]
Benchmarking (faiss_vote_100):  18%|█▊        | 2566/13956 [00:15<01:10, 160.95it/s]
Benchmarking (faiss_vote_100):  19%|█▊        | 2583/13956 [00:15<01:10, 161.13it/s]
Benchmarking (faiss_vote_100):  19%|█▊        | 2600/13956 [00:16<01:10, 161.16it/s]
Benchmarking (faiss_vote_100):  19%|█▉        | 2617/13956 [00:16<01:10, 161.41it/s]
Benchmarking (faiss_vote_100):  19%|█▉        | 2634/13956 [00:16<01:10, 161.64it/s]
Benchmarking (faiss_vote_100):  19%|█▉        | 2651/13956 [00:16<01:09, 161.84it/s]
Benchmarking (faiss_vote_100):  19%|█▉        | 2668/13956 [00:16<01:09, 162.27it/s]
Benchmarking (faiss_vote_100):  19%|█▉        | 2685/13956 [00:16<01:09, 162.60it/s]
Benchmarking (faiss_vote_100):  19%|█▉        | 2702/13956 [00:16<01:09, 162.69it/s]
Benchmarking (faiss_vote_100):  19%|█▉        | 2719/13956 [00:16<01:08, 162.98it/s]
Benchmarking (faiss_vote_100):  20%|█▉        | 2736/13956 [00:16<01:08, 163.38it/s]
Benchmarking (faiss_vote_100):  20%|█▉        | 2753/13956 [00:16<01:08, 162.79it/s]
Benchmarking (faiss_vote_100):  20%|█▉        | 2770/13956 [00:17<01:08, 162.70it/s]
Benchmarking (faiss_vote_100):  20%|█▉        | 2787/13956 [00:17<01:08, 162.47it/s]
Benchmarking (faiss_vote_100):  20%|██        | 2804/13956 [00:17<01:08, 162.28it/s]
Benchmarking (faiss_vote_100):  20%|██        | 2821/13956 [00:17<01:08, 162.18it/s]
Benchmarking (faiss_vote_100):  20%|██        | 2838/13956 [00:17<01:08, 161.87it/s]
Benchmarking (faiss_vote_100):  20%|██        | 2855/13956 [00:17<01:08, 161.98it/s]
Benchmarking (faiss_vote_100):  21%|██        | 2872/13956 [00:17<01:08, 161.84it/s]
Benchmarking (faiss_vote_100):  21%|██        | 2889/13956 [00:17<01:08, 162.03it/s]
Benchmarking (faiss_vote_100):  21%|██        | 2906/13956 [00:17<01:08, 162.17it/s]
Benchmarking (faiss_vote_100):  21%|██        | 2923/13956 [00:18<01:08, 162.00it/s]
Benchmarking (faiss_vote_100):  21%|██        | 2940/13956 [00:18<01:07, 162.21it/s]
Benchmarking (faiss_vote_100):  21%|██        | 2957/13956 [00:18<01:07, 162.02it/s]
Benchmarking (faiss_vote_100):  21%|██▏       | 2974/13956 [00:18<01:07, 162.00it/s]
Benchmarking (faiss_vote_100):  21%|██▏       | 2991/13956 [00:18<01:07, 161.79it/s]INFO:src.evaluation.benchmark_partition_selection:      [VOTE DEBUG] search: 5.96ms | tally: 0.11ms | nodes: 100
Benchmarking (faiss_vote_100):  22%|██▏       | 3008/13956 [00:18<01:07, 161.72it/s]
Benchmarking (faiss_vote_100):  22%|██▏       | 3025/13956 [00:18<01:07, 161.71it/s]
Benchmarking (faiss_vote_100):  22%|██▏       | 3042/13956 [00:18<01:07, 161.62it/s]
Benchmarking (faiss_vote_100):  22%|██▏       | 3059/13956 [00:18<01:07, 161.66it/s]
Benchmarking (faiss_vote_100):  22%|██▏       | 3076/13956 [00:18<01:07, 161.77it/s]
Benchmarking (faiss_vote_100):  22%|██▏       | 3093/13956 [00:19<01:07, 161.76it/s]
Benchmarking (faiss_vote_100):  22%|██▏       | 3110/13956 [00:19<01:07, 161.63it/s]
Benchmarking (faiss_vote_100):  22%|██▏       | 3127/13956 [00:19<01:06, 161.74it/s]
Benchmarking (faiss_vote_100):  23%|██▎       | 3144/13956 [00:19<01:06, 161.88it/s]
Benchmarking (faiss_vote_100):  23%|██▎       | 3161/13956 [00:19<01:06, 161.82it/s]
Benchmarking (faiss_vote_100):  23%|██▎       | 3178/13956 [00:19<01:06, 161.68it/s]
Benchmarking (faiss_vote_100):  23%|██▎       | 3195/13956 [00:19<01:06, 161.80it/s]
Benchmarking (faiss_vote_100):  23%|██▎       | 3212/13956 [00:19<01:06, 162.27it/s]
Benchmarking (faiss_vote_100):  23%|██▎       | 3229/13956 [00:19<01:05, 162.53it/s]
Benchmarking (faiss_vote_100):  23%|██▎       | 3246/13956 [00:20<01:05, 162.51it/s]
Benchmarking (faiss_vote_100):  23%|██▎       | 3263/13956 [00:20<01:05, 162.74it/s]
Benchmarking (faiss_vote_100):  24%|██▎       | 3280/13956 [00:20<01:05, 162.46it/s]
Benchmarking (faiss_vote_100):  24%|██▎       | 3297/13956 [00:20<01:05, 162.38it/s]
Benchmarking (faiss_vote_100):  24%|██▎       | 3314/13956 [00:20<01:05, 161.85it/s]
Benchmarking (faiss_vote_100):  24%|██▍       | 3331/13956 [00:20<01:05, 161.53it/s]
Benchmarking (faiss_vote_100):  24%|██▍       | 3348/13956 [00:20<01:05, 161.54it/s]
Benchmarking (faiss_vote_100):  24%|██▍       | 3365/13956 [00:20<01:05, 161.50it/s]
Benchmarking (faiss_vote_100):  24%|██▍       | 3382/13956 [00:20<01:05, 161.39it/s]
Benchmarking (faiss_vote_100):  24%|██▍       | 3399/13956 [00:20<01:05, 161.05it/s]
Benchmarking (faiss_vote_100):  24%|██▍       | 3416/13956 [00:21<01:05, 161.17it/s]
Benchmarking (faiss_vote_100):  25%|██▍       | 3433/13956 [00:21<01:05, 161.41it/s]
Benchmarking (faiss_vote_100):  25%|██▍       | 3450/13956 [00:21<01:05, 161.61it/s]
Benchmarking (faiss_vote_100):  25%|██▍       | 3467/13956 [00:21<01:04, 162.00it/s]
Benchmarking (faiss_vote_100):  25%|██▍       | 3484/13956 [00:21<01:04, 162.32it/s]INFO:src.evaluation.benchmark_partition_selection:      [VOTE DEBUG] search: 5.89ms | tally: 0.10ms | nodes: 100
Benchmarking (faiss_vote_100):  25%|██▌       | 3501/13956 [00:21<01:04, 162.50it/s]
Benchmarking (faiss_vote_100):  25%|██▌       | 3518/13956 [00:21<01:04, 162.72it/s]
Benchmarking (faiss_vote_100):  25%|██▌       | 3535/13956 [00:21<01:03, 163.10it/s]
Benchmarking (faiss_vote_100):  25%|██▌       | 3552/13956 [00:21<01:03, 163.48it/s]
Benchmarking (faiss_vote_100):  26%|██▌       | 3569/13956 [00:22<01:03, 163.61it/s]
Benchmarking (faiss_vote_100):  26%|██▌       | 3586/13956 [00:22<01:03, 163.41it/s]
Benchmarking (faiss_vote_100):  26%|██▌       | 3603/13956 [00:22<01:03, 163.07it/s]
Benchmarking (faiss_vote_100):  26%|██▌       | 3620/13956 [00:22<01:03, 163.11it/s]
Benchmarking (faiss_vote_100):  26%|██▌       | 3637/13956 [00:22<01:03, 163.18it/s]
Benchmarking (faiss_vote_100):  26%|██▌       | 3654/13956 [00:22<01:03, 163.21it/s]
Benchmarking (faiss_vote_100):  26%|██▋       | 3671/13956 [00:22<01:03, 163.05it/s]
Benchmarking (faiss_vote_100):  26%|██▋       | 3688/13956 [00:22<01:03, 162.59it/s]
Benchmarking (faiss_vote_100):  27%|██▋       | 3705/13956 [00:22<01:03, 162.65it/s]
Benchmarking (faiss_vote_100):  27%|██▋       | 3722/13956 [00:22<01:02, 162.86it/s]
Benchmarking (faiss_vote_100):  27%|██▋       | 3739/13956 [00:23<01:02, 163.01it/s]
Benchmarking (faiss_vote_100):  27%|██▋       | 3756/13956 [00:23<01:02, 163.40it/s]
Benchmarking (faiss_vote_100):  27%|██▋       | 3773/13956 [00:23<01:02, 163.34it/s]
Benchmarking (faiss_vote_100):  27%|██▋       | 3790/13956 [00:23<01:02, 163.20it/s]
Benchmarking (faiss_vote_100):  27%|██▋       | 3807/13956 [00:23<01:02, 163.39it/s]
Benchmarking (faiss_vote_100):  27%|██▋       | 3824/13956 [00:23<01:01, 163.47it/s]
Benchmarking (faiss_vote_100):  28%|██▊       | 3841/13956 [00:23<01:01, 163.54it/s]
Benchmarking (faiss_vote_100):  28%|██▊       | 3858/13956 [00:23<01:01, 163.73it/s]
Benchmarking (faiss_vote_100):  28%|██▊       | 3875/13956 [00:23<01:01, 162.96it/s]
Benchmarking (faiss_vote_100):  28%|██▊       | 3892/13956 [00:23<01:01, 162.44it/s]
Benchmarking (faiss_vote_100):  28%|██▊       | 3909/13956 [00:24<01:01, 162.33it/s]
Benchmarking (faiss_vote_100):  28%|██▊       | 3926/13956 [00:24<01:01, 162.21it/s]
Benchmarking (faiss_vote_100):  28%|██▊       | 3943/13956 [00:24<01:01, 162.40it/s]
Benchmarking (faiss_vote_100):  28%|██▊       | 3960/13956 [00:24<01:01, 162.43it/s]
Benchmarking (faiss_vote_100):  28%|██▊       | 3977/13956 [00:24<01:01, 162.31it/s]
Benchmarking (faiss_vote_100):  29%|██▊       | 3994/13956 [00:24<01:01, 162.46it/s]INFO:src.evaluation.benchmark_partition_selection:      [VOTE DEBUG] search: 5.89ms | tally: 0.10ms | nodes: 100
Benchmarking (faiss_vote_100):  29%|██▊       | 4011/13956 [00:24<01:01, 162.73it/s]
Benchmarking (faiss_vote_100):  29%|██▉       | 4028/13956 [00:24<01:01, 162.72it/s]
Benchmarking (faiss_vote_100):  29%|██▉       | 4045/13956 [00:24<01:00, 162.61it/s]
Benchmarking (faiss_vote_100):  29%|██▉       | 4062/13956 [00:25<01:00, 162.47it/s]
Benchmarking (faiss_vote_100):  29%|██▉       | 4079/13956 [00:25<01:00, 162.36it/s]
Benchmarking (faiss_vote_100):  29%|██▉       | 4096/13956 [00:25<01:00, 162.30it/s]
Benchmarking (faiss_vote_100):  29%|██▉       | 4113/13956 [00:25<01:00, 162.26it/s]
Benchmarking (faiss_vote_100):  30%|██▉       | 4130/13956 [00:25<01:00, 162.19it/s]
Benchmarking (faiss_vote_100):  30%|██▉       | 4147/13956 [00:25<01:00, 162.13it/s]
Benchmarking (faiss_vote_100):  30%|██▉       | 4164/13956 [00:25<01:00, 161.87it/s]
Benchmarking (faiss_vote_100):  30%|██▉       | 4181/13956 [00:25<01:00, 161.84it/s]
Benchmarking (faiss_vote_100):  30%|███       | 4198/13956 [00:25<01:00, 161.96it/s]
Benchmarking (faiss_vote_100):  30%|███       | 4215/13956 [00:25<01:00, 162.08it/s]
Benchmarking (faiss_vote_100):  30%|███       | 4232/13956 [00:26<00:59, 162.31it/s]
Benchmarking (faiss_vote_100):  30%|███       | 4249/13956 [00:26<00:59, 162.25it/s]
Benchmarking (faiss_vote_100):  31%|███       | 4266/13956 [00:26<00:59, 162.55it/s]
Benchmarking (faiss_vote_100):  31%|███       | 4283/13956 [00:26<00:59, 162.67it/s]
Benchmarking (faiss_vote_100):  31%|███       | 4300/13956 [00:26<00:59, 162.81it/s]
Benchmarking (faiss_vote_100):  31%|███       | 4317/13956 [00:26<00:59, 162.90it/s]
Benchmarking (faiss_vote_100):  31%|███       | 4334/13956 [00:26<00:59, 163.04it/s]
Benchmarking (faiss_vote_100):  31%|███       | 4351/13956 [00:26<00:58, 163.02it/s]
Benchmarking (faiss_vote_100):  31%|███▏      | 4368/13956 [00:26<00:58, 163.11it/s]
Benchmarking (faiss_vote_100):  31%|███▏      | 4385/13956 [00:27<00:58, 163.19it/s]
Benchmarking (faiss_vote_100):  32%|███▏      | 4402/13956 [00:27<00:58, 162.74it/s]
Benchmarking (faiss_vote_100):  32%|███▏      | 4419/13956 [00:27<00:58, 162.56it/s]
Benchmarking (faiss_vote_100):  32%|███▏      | 4436/13956 [00:27<00:58, 162.19it/s]
Benchmarking (faiss_vote_100):  32%|███▏      | 4453/13956 [00:27<00:58, 161.87it/s]
Benchmarking (faiss_vote_100):  32%|███▏      | 4470/13956 [00:27<00:58, 161.43it/s]
Benchmarking (faiss_vote_100):  32%|███▏      | 4487/13956 [00:27<00:58, 161.06it/s]INFO:src.evaluation.benchmark_partition_selection:      [VOTE DEBUG] search: 5.95ms | tally: 0.10ms | nodes: 100
Benchmarking (faiss_vote_100):  32%|███▏      | 4504/13956 [00:27<00:58, 161.25it/s]
Benchmarking (faiss_vote_100):  32%|███▏      | 4521/13956 [00:27<00:58, 161.71it/s]
Benchmarking (faiss_vote_100):  33%|███▎      | 4538/13956 [00:27<00:58, 161.74it/s]
Benchmarking (faiss_vote_100):  33%|███▎      | 4555/13956 [00:28<00:58, 162.02it/s]
Benchmarking (faiss_vote_100):  33%|███▎      | 4572/13956 [00:28<00:57, 162.50it/s]
Benchmarking (faiss_vote_100):  33%|███▎      | 4589/13956 [00:28<00:57, 162.91it/s]
Benchmarking (faiss_vote_100):  33%|███▎      | 4606/13956 [00:28<00:57, 162.85it/s]
Benchmarking (faiss_vote_100):  33%|███▎      | 4623/13956 [00:28<00:57, 162.72it/s]
Benchmarking (faiss_vote_100):  33%|███▎      | 4640/13956 [00:28<00:57, 162.93it/s]
Benchmarking (faiss_vote_100):  33%|███▎      | 4657/13956 [00:28<00:56, 163.21it/s]
Benchmarking (faiss_vote_100):  33%|███▎      | 4674/13956 [00:28<00:56, 163.07it/s]
Benchmarking (faiss_vote_100):  34%|███▎      | 4691/13956 [00:28<00:56, 163.17it/s]
Benchmarking (faiss_vote_100):  34%|███▎      | 4708/13956 [00:29<00:56, 163.15it/s]
Benchmarking (faiss_vote_100):  34%|███▍      | 4725/13956 [00:29<00:56, 163.16it/s]
Benchmarking (faiss_vote_100):  34%|███▍      | 4742/13956 [00:29<00:56, 163.34it/s]
Benchmarking (faiss_vote_100):  34%|███▍      | 4759/13956 [00:29<00:56, 163.52it/s]
Benchmarking (faiss_vote_100):  34%|███▍      | 4776/13956 [00:29<00:56, 163.67it/s]
Benchmarking (faiss_vote_100):  34%|███▍      | 4793/13956 [00:29<00:56, 163.40it/s]
Benchmarking (faiss_vote_100):  34%|███▍      | 4810/13956 [00:29<00:56, 162.88it/s]
Benchmarking (faiss_vote_100):  35%|███▍      | 4827/13956 [00:29<00:56, 162.66it/s]
Benchmarking (faiss_vote_100):  35%|███▍      | 4844/13956 [00:29<00:56, 162.64it/s]
Benchmarking (faiss_vote_100):  35%|███▍      | 4861/13956 [00:29<00:55, 162.66it/s]
Benchmarking (faiss_vote_100):  35%|███▍      | 4878/13956 [00:30<00:55, 162.58it/s]
Benchmarking (faiss_vote_100):  35%|███▌      | 4895/13956 [00:30<00:55, 162.50it/s]
Benchmarking (faiss_vote_100):  35%|███▌      | 4912/13956 [00:30<00:55, 162.48it/s]
Benchmarking (faiss_vote_100):  35%|███▌      | 4929/13956 [00:30<00:55, 162.59it/s]
Benchmarking (faiss_vote_100):  35%|███▌      | 4946/13956 [00:30<00:55, 162.71it/s]
Benchmarking (faiss_vote_100):  36%|███▌      | 4963/13956 [00:30<00:55, 162.66it/s]
Benchmarking (faiss_vote_100):  36%|███▌      | 4980/13956 [00:30<00:55, 162.54it/s]
Benchmarking (faiss_vote_100):  36%|███▌      | 4997/13956 [00:30<00:55, 162.29it/s]INFO:src.evaluation.benchmark_partition_selection:      [VOTE DEBUG] search: 5.89ms | tally: 0.12ms | nodes: 100
Benchmarking (faiss_vote_100):  36%|███▌      | 5014/13956 [00:30<00:54, 162.63it/s]
Benchmarking (faiss_vote_100):  36%|███▌      | 5031/13956 [00:31<00:54, 162.81it/s]
Benchmarking (faiss_vote_100):  36%|███▌      | 5048/13956 [00:31<00:54, 163.05it/s]
Benchmarking (faiss_vote_100):  36%|███▋      | 5065/13956 [00:31<00:54, 162.66it/s]
Benchmarking (faiss_vote_100):  36%|███▋      | 5082/13956 [00:31<00:54, 162.72it/s]
Benchmarking (faiss_vote_100):  37%|███▋      | 5099/13956 [00:31<00:54, 163.27it/s]
Benchmarking (faiss_vote_100):  37%|███▋      | 5116/13956 [00:31<00:54, 163.61it/s]
Benchmarking (faiss_vote_100):  37%|███▋      | 5133/13956 [00:31<00:53, 163.81it/s]
Benchmarking (faiss_vote_100):  37%|███▋      | 5150/13956 [00:31<00:53, 163.82it/s]
Benchmarking (faiss_vote_100):  37%|███▋      | 5167/13956 [00:31<00:53, 163.94it/s]
Benchmarking (faiss_vote_100):  37%|███▋      | 5184/13956 [00:31<00:53, 163.95it/s]
Benchmarking (faiss_vote_100):  37%|███▋      | 5201/13956 [00:32<00:53, 164.04it/s]
Benchmarking (faiss_vote_100):  37%|███▋      | 5218/13956 [00:32<00:53, 163.88it/s]
Benchmarking (faiss_vote_100):  38%|███▊      | 5235/13956 [00:32<00:53, 163.44it/s]
Benchmarking (faiss_vote_100):  38%|███▊      | 5252/13956 [00:32<00:53, 163.39it/s]
Benchmarking (faiss_vote_100):  38%|███▊      | 5269/13956 [00:32<00:53, 163.40it/s]
Benchmarking (faiss_vote_100):  38%|███▊      | 5286/13956 [00:32<00:53, 163.37it/s]
Benchmarking (faiss_vote_100):  38%|███▊      | 5303/13956 [00:32<00:53, 163.10it/s]
Benchmarking (faiss_vote_100):  38%|███▊      | 5320/13956 [00:32<00:52, 162.96it/s]
Benchmarking (faiss_vote_100):  38%|███▊      | 5337/13956 [00:32<00:52, 162.87it/s]
Benchmarking (faiss_vote_100):  38%|███▊      | 5354/13956 [00:32<00:52, 162.59it/s]
Benchmarking (faiss_vote_100):  38%|███▊      | 5371/13956 [00:33<00:52, 162.81it/s]
Benchmarking (faiss_vote_100):  39%|███▊      | 5388/13956 [00:33<00:52, 162.99it/s]
Benchmarking (faiss_vote_100):  39%|███▊      | 5405/13956 [00:33<00:52, 163.20it/s]
Benchmarking (faiss_vote_100):  39%|███▉      | 5422/13956 [00:33<00:52, 163.35it/s]
Benchmarking (faiss_vote_100):  39%|███▉      | 5439/13956 [00:33<00:52, 163.41it/s]
Benchmarking (faiss_vote_100):  39%|███▉      | 5456/13956 [00:33<00:52, 163.45it/s]
Benchmarking (faiss_vote_100):  39%|███▉      | 5473/13956 [00:33<00:52, 162.94it/s]
Benchmarking (faiss_vote_100):  39%|███▉      | 5490/13956 [00:33<00:52, 162.61it/s]INFO:src.evaluation.benchmark_partition_selection:      [VOTE DEBUG] search: 5.88ms | tally: 0.11ms | nodes: 100
Benchmarking (faiss_vote_100):  39%|███▉      | 5507/13956 [00:33<00:51, 162.77it/s]
Benchmarking (faiss_vote_100):  40%|███▉      | 5524/13956 [00:34<00:51, 163.08it/s]
Benchmarking (faiss_vote_100):  40%|███▉      | 5541/13956 [00:34<00:51, 163.22it/s]
Benchmarking (faiss_vote_100):  40%|███▉      | 5558/13956 [00:34<00:51, 163.31it/s]
Benchmarking (faiss_vote_100):  40%|███▉      | 5575/13956 [00:34<00:51, 163.39it/s]
Benchmarking (faiss_vote_100):  40%|████      | 5592/13956 [00:34<00:51, 163.32it/s]
Benchmarking (faiss_vote_100):  40%|████      | 5609/13956 [00:34<00:51, 163.31it/s]
Benchmarking (faiss_vote_100):  40%|████      | 5626/13956 [00:34<00:50, 163.39it/s]
Benchmarking (faiss_vote_100):  40%|████      | 5643/13956 [00:34<00:50, 163.39it/s]
Benchmarking (faiss_vote_100):  41%|████      | 5660/13956 [00:34<00:50, 163.57it/s]
Benchmarking (faiss_vote_100):  41%|████      | 5677/13956 [00:34<00:50, 163.53it/s]
Benchmarking (faiss_vote_100):  41%|████      | 5694/13956 [00:35<00:50, 163.39it/s]
Benchmarking (faiss_vote_100):  41%|████      | 5711/13956 [00:35<00:50, 162.10it/s]
Benchmarking (faiss_vote_100):  41%|████      | 5728/13956 [00:35<00:51, 161.22it/s]
Benchmarking (faiss_vote_100):  41%|████      | 5745/13956 [00:35<00:51, 160.29it/s]
Benchmarking (faiss_vote_100):  41%|████▏     | 5762/13956 [00:35<00:51, 159.87it/s]
Benchmarking (faiss_vote_100):  41%|████▏     | 5778/13956 [00:35<00:51, 159.45it/s]
Benchmarking (faiss_vote_100):  42%|████▏     | 5794/13956 [00:35<00:51, 158.90it/s]
Benchmarking (faiss_vote_100):  42%|████▏     | 5810/13956 [00:35<00:51, 159.17it/s]
Benchmarking (faiss_vote_100):  42%|████▏     | 5827/13956 [00:35<00:50, 159.49it/s]
Benchmarking (faiss_vote_100):  42%|████▏     | 5843/13956 [00:35<00:50, 159.59it/s]
Benchmarking (faiss_vote_100):  42%|████▏     | 5859/13956 [00:36<00:50, 159.70it/s]
Benchmarking (faiss_vote_100):  42%|████▏     | 5875/13956 [00:36<00:50, 159.64it/s]
Benchmarking (faiss_vote_100):  42%|████▏     | 5891/13956 [00:36<00:50, 159.69it/s]
Benchmarking (faiss_vote_100):  42%|████▏     | 5908/13956 [00:36<00:50, 160.58it/s]
Benchmarking (faiss_vote_100):  42%|████▏     | 5925/13956 [00:36<00:49, 161.17it/s]
Benchmarking (faiss_vote_100):  43%|████▎     | 5942/13956 [00:36<00:49, 161.50it/s]
Benchmarking (faiss_vote_100):  43%|████▎     | 5959/13956 [00:36<00:49, 161.84it/s]
Benchmarking (faiss_vote_100):  43%|████▎     | 5976/13956 [00:36<00:49, 162.06it/s]
Benchmarking (faiss_vote_100):  43%|████▎     | 5993/13956 [00:36<00:49, 162.19it/s]INFO:src.evaluation.benchmark_partition_selection:      [VOTE DEBUG] search: 5.94ms | tally: 0.11ms | nodes: 100
Benchmarking (faiss_vote_100):  43%|████▎     | 6010/13956 [00:37<00:49, 161.90it/s]
Benchmarking (faiss_vote_100):  43%|████▎     | 6027/13956 [00:37<00:49, 161.75it/s]
Benchmarking (faiss_vote_100):  43%|████▎     | 6044/13956 [00:37<00:48, 161.71it/s]
Benchmarking (faiss_vote_100):  43%|████▎     | 6061/13956 [00:37<00:48, 161.71it/s]
Benchmarking (faiss_vote_100):  44%|████▎     | 6078/13956 [00:37<00:48, 161.90it/s]
Benchmarking (faiss_vote_100):  44%|████▎     | 6095/13956 [00:37<00:48, 162.00it/s]
Benchmarking (faiss_vote_100):  44%|████▍     | 6112/13956 [00:37<00:48, 162.16it/s]
Benchmarking (faiss_vote_100):  44%|████▍     | 6129/13956 [00:37<00:48, 162.48it/s]
Benchmarking (faiss_vote_100):  44%|████▍     | 6146/13956 [00:37<00:47, 162.75it/s]
Benchmarking (faiss_vote_100):  44%|████▍     | 6163/13956 [00:37<00:47, 162.66it/s]
Benchmarking (faiss_vote_100):  44%|████▍     | 6180/13956 [00:38<00:47, 162.80it/s]
Benchmarking (faiss_vote_100):  44%|████▍     | 6197/13956 [00:38<00:47, 162.77it/s]
Benchmarking (faiss_vote_100):  45%|████▍     | 6214/13956 [00:38<00:47, 162.66it/s]
Benchmarking (faiss_vote_100):  45%|████▍     | 6231/13956 [00:38<00:47, 162.80it/s]
Benchmarking (faiss_vote_100):  45%|████▍     | 6248/13956 [00:38<00:47, 162.52it/s]
Benchmarking (faiss_vote_100):  45%|████▍     | 6265/13956 [00:38<00:47, 162.83it/s]
Benchmarking (faiss_vote_100):  45%|████▌     | 6282/13956 [00:38<00:47, 162.54it/s]
Benchmarking (faiss_vote_100):  45%|████▌     | 6299/13956 [00:38<00:47, 162.38it/s]
Benchmarking (faiss_vote_100):  45%|████▌     | 6316/13956 [00:38<00:46, 162.63it/s]
Benchmarking (faiss_vote_100):  45%|████▌     | 6333/13956 [00:39<00:46, 162.56it/s]
Benchmarking (faiss_vote_100):  46%|████▌     | 6350/13956 [00:39<00:46, 162.33it/s]
Benchmarking (faiss_vote_100):  46%|████▌     | 6367/13956 [00:39<00:46, 162.63it/s]
Benchmarking (faiss_vote_100):  46%|████▌     | 6384/13956 [00:39<00:46, 162.87it/s]
Benchmarking (faiss_vote_100):  46%|████▌     | 6401/13956 [00:39<00:46, 163.12it/s]
Benchmarking (faiss_vote_100):  46%|████▌     | 6418/13956 [00:39<00:46, 163.29it/s]
Benchmarking (faiss_vote_100):  46%|████▌     | 6435/13956 [00:39<00:46, 163.24it/s]
Benchmarking (faiss_vote_100):  46%|████▌     | 6452/13956 [00:39<00:45, 163.36it/s]
Benchmarking (faiss_vote_100):  46%|████▋     | 6469/13956 [00:39<00:45, 163.11it/s]
Benchmarking (faiss_vote_100):  46%|████▋     | 6486/13956 [00:39<00:45, 163.03it/s]INFO:src.evaluation.benchmark_partition_selection:      [VOTE DEBUG] search: 5.87ms | tally: 0.12ms | nodes: 100
Benchmarking (faiss_vote_100):  47%|████▋     | 6503/13956 [00:40<00:45, 163.09it/s]
Benchmarking (faiss_vote_100):  47%|████▋     | 6520/13956 [00:40<00:45, 163.30it/s]
Benchmarking (faiss_vote_100):  47%|████▋     | 6537/13956 [00:40<00:45, 163.41it/s]
Benchmarking (faiss_vote_100):  47%|████▋     | 6554/13956 [00:40<00:45, 163.04it/s]
Benchmarking (faiss_vote_100):  47%|████▋     | 6571/13956 [00:40<00:45, 162.79it/s]
Benchmarking (faiss_vote_100):  47%|████▋     | 6588/13956 [00:40<00:45, 162.72it/s]
Benchmarking (faiss_vote_100):  47%|████▋     | 6605/13956 [00:40<00:45, 162.74it/s]
Benchmarking (faiss_vote_100):  47%|████▋     | 6622/13956 [00:40<00:45, 162.75it/s]
Benchmarking (faiss_vote_100):  48%|████▊     | 6639/13956 [00:40<00:44, 162.81it/s]
Benchmarking (faiss_vote_100):  48%|████▊     | 6656/13956 [00:41<00:44, 162.99it/s]
Benchmarking (faiss_vote_100):  48%|████▊     | 6673/13956 [00:41<00:44, 163.39it/s]
Benchmarking (faiss_vote_100):  48%|████▊     | 6690/13956 [00:41<00:44, 163.50it/s]
Benchmarking (faiss_vote_100):  48%|████▊     | 6707/13956 [00:41<00:44, 163.33it/s]
Benchmarking (faiss_vote_100):  48%|████▊     | 6724/13956 [00:41<00:44, 163.35it/s]
Benchmarking (faiss_vote_100):  48%|████▊     | 6741/13956 [00:41<00:44, 163.32it/s]
Benchmarking (faiss_vote_100):  48%|████▊     | 6758/13956 [00:41<00:44, 163.09it/s]
Benchmarking (faiss_vote_100):  49%|████▊     | 6775/13956 [00:41<00:44, 162.62it/s]
Benchmarking (faiss_vote_100):  49%|████▊     | 6792/13956 [00:41<00:44, 162.36it/s]
Benchmarking (faiss_vote_100):  49%|████▉     | 6809/13956 [00:41<00:43, 162.61it/s]
Benchmarking (faiss_vote_100):  49%|████▉     | 6826/13956 [00:42<00:43, 162.90it/s]
Benchmarking (faiss_vote_100):  49%|████▉     | 6843/13956 [00:42<00:43, 162.84it/s]
Benchmarking (faiss_vote_100):  49%|████▉     | 6860/13956 [00:42<00:43, 162.97it/s]
Benchmarking (faiss_vote_100):  49%|████▉     | 6877/13956 [00:42<00:43, 163.11it/s]
Benchmarking (faiss_vote_100):  49%|████▉     | 6894/13956 [00:42<00:43, 163.15it/s]
Benchmarking (faiss_vote_100):  50%|████▉     | 6911/13956 [00:42<00:43, 163.25it/s]
Benchmarking (faiss_vote_100):  50%|████▉     | 6928/13956 [00:42<00:43, 163.30it/s]
Benchmarking (faiss_vote_100):  50%|████▉     | 6945/13956 [00:42<00:42, 163.44it/s]
Benchmarking (faiss_vote_100):  50%|████▉     | 6962/13956 [00:42<00:42, 163.34it/s]
Benchmarking (faiss_vote_100):  50%|█████     | 6979/13956 [00:42<00:42, 163.16it/s]
Benchmarking (faiss_vote_100):  50%|█████     | 6996/13956 [00:43<00:42, 163.42it/s]INFO:src.evaluation.benchmark_partition_selection:      [VOTE DEBUG] search: 5.89ms | tally: 0.10ms | nodes: 100
Benchmarking (faiss_vote_100):  50%|█████     | 7013/13956 [00:43<00:42, 163.47it/s]
Benchmarking (faiss_vote_100):  50%|█████     | 7030/13956 [00:43<00:42, 163.63it/s]
Benchmarking (faiss_vote_100):  50%|█████     | 7047/13956 [00:43<00:42, 163.78it/s]
Benchmarking (faiss_vote_100):  51%|█████     | 7064/13956 [00:43<00:42, 163.45it/s]
Benchmarking (faiss_vote_100):  51%|█████     | 7081/13956 [00:43<00:42, 163.25it/s]
Benchmarking (faiss_vote_100):  51%|█████     | 7098/13956 [00:43<00:42, 162.74it/s]
Benchmarking (faiss_vote_100):  51%|█████     | 7115/13956 [00:43<00:42, 162.68it/s]
Benchmarking (faiss_vote_100):  51%|█████     | 7132/13956 [00:43<00:41, 162.55it/s]
Benchmarking (faiss_vote_100):  51%|█████     | 7149/13956 [00:44<00:41, 162.61it/s]
Benchmarking (faiss_vote_100):  51%|█████▏    | 7166/13956 [00:44<00:41, 162.56it/s]
Benchmarking (faiss_vote_100):  51%|█████▏    | 7183/13956 [00:44<00:41, 162.60it/s]
Benchmarking (faiss_vote_100):  52%|█████▏    | 7200/13956 [00:44<00:41, 162.80it/s]
Benchmarking (faiss_vote_100):  52%|█████▏    | 7217/13956 [00:44<00:41, 163.06it/s]
Benchmarking (faiss_vote_100):  52%|█████▏    | 7234/13956 [00:44<00:41, 163.02it/s]
Benchmarking (faiss_vote_100):  52%|█████▏    | 7251/13956 [00:44<00:41, 163.01it/s]
Benchmarking (faiss_vote_100):  52%|█████▏    | 7268/13956 [00:44<00:41, 163.06it/s]
Benchmarking (faiss_vote_100):  52%|█████▏    | 7285/13956 [00:44<00:40, 163.27it/s]
Benchmarking (faiss_vote_100):  52%|█████▏    | 7302/13956 [00:44<00:40, 163.36it/s]
Benchmarking (faiss_vote_100):  52%|█████▏    | 7319/13956 [00:45<00:40, 163.08it/s]
Benchmarking (faiss_vote_100):  53%|█████▎    | 7336/13956 [00:45<00:40, 162.98it/s]
Benchmarking (faiss_vote_100):  53%|█████▎    | 7353/13956 [00:45<00:40, 162.69it/s]
Benchmarking (faiss_vote_100):  53%|█████▎    | 7370/13956 [00:45<00:40, 162.99it/s]
Benchmarking (faiss_vote_100):  53%|█████▎    | 7387/13956 [00:45<00:40, 163.13it/s]
Benchmarking (faiss_vote_100):  53%|█████▎    | 7404/13956 [00:45<00:40, 163.35it/s]
Benchmarking (faiss_vote_100):  53%|█████▎    | 7421/13956 [00:45<00:40, 163.26it/s]
Benchmarking (faiss_vote_100):  53%|█████▎    | 7438/13956 [00:45<00:39, 163.31it/s]
Benchmarking (faiss_vote_100):  53%|█████▎    | 7455/13956 [00:45<00:39, 163.49it/s]
Benchmarking (faiss_vote_100):  54%|█████▎    | 7472/13956 [00:46<00:39, 163.44it/s]
Benchmarking (faiss_vote_100):  54%|█████▎    | 7489/13956 [00:46<00:39, 163.34it/s]INFO:src.evaluation.benchmark_partition_selection:      [VOTE DEBUG] search: 5.98ms | tally: 0.12ms | nodes: 100
Benchmarking (faiss_vote_100):  54%|█████▍    | 7506/13956 [00:46<00:39, 162.75it/s]
Benchmarking (faiss_vote_100):  54%|█████▍    | 7523/13956 [00:46<00:39, 162.79it/s]
Benchmarking (faiss_vote_100):  54%|█████▍    | 7540/13956 [00:46<00:39, 162.98it/s]
Benchmarking (faiss_vote_100):  54%|█████▍    | 7557/13956 [00:46<00:39, 163.10it/s]
Benchmarking (faiss_vote_100):  54%|█████▍    | 7574/13956 [00:46<00:39, 163.25it/s]
Benchmarking (faiss_vote_100):  54%|█████▍    | 7591/13956 [00:46<00:39, 163.00it/s]
Benchmarking (faiss_vote_100):  55%|█████▍    | 7608/13956 [00:46<00:38, 163.15it/s]
Benchmarking (faiss_vote_100):  55%|█████▍    | 7625/13956 [00:46<00:38, 163.54it/s]
Benchmarking (faiss_vote_100):  55%|█████▍    | 7642/13956 [00:47<00:38, 163.85it/s]
Benchmarking (faiss_vote_100):  55%|█████▍    | 7659/13956 [00:47<00:38, 163.36it/s]
Benchmarking (faiss_vote_100):  55%|█████▌    | 7676/13956 [00:47<00:38, 163.18it/s]
Benchmarking (faiss_vote_100):  55%|█████▌    | 7693/13956 [00:47<00:38, 163.21it/s]
Benchmarking (faiss_vote_100):  55%|█████▌    | 7710/13956 [00:47<00:38, 163.05it/s]
Benchmarking (faiss_vote_100):  55%|█████▌    | 7727/13956 [00:47<00:38, 162.96it/s]
Benchmarking (faiss_vote_100):  55%|█████▌    | 7744/13956 [00:47<00:38, 162.77it/s]
Benchmarking (faiss_vote_100):  56%|█████▌    | 7761/13956 [00:47<00:38, 162.49it/s]
Benchmarking (faiss_vote_100):  56%|█████▌    | 7778/13956 [00:47<00:38, 162.44it/s]
Benchmarking (faiss_vote_100):  56%|█████▌    | 7795/13956 [00:47<00:38, 161.96it/s]
Benchmarking (faiss_vote_100):  56%|█████▌    | 7812/13956 [00:48<00:37, 162.17it/s]
Benchmarking (faiss_vote_100):  56%|█████▌    | 7829/13956 [00:48<00:37, 162.39it/s]
Benchmarking (faiss_vote_100):  56%|█████▌    | 7846/13956 [00:48<00:37, 162.32it/s]
Benchmarking (faiss_vote_100):  56%|█████▋    | 7863/13956 [00:48<00:37, 162.49it/s]
Benchmarking (faiss_vote_100):  56%|█████▋    | 7880/13956 [00:48<00:37, 162.40it/s]
Benchmarking (faiss_vote_100):  57%|█████▋    | 7897/13956 [00:48<00:37, 162.62it/s]
Benchmarking (faiss_vote_100):  57%|█████▋    | 7914/13956 [00:48<00:37, 162.82it/s]
Benchmarking (faiss_vote_100):  57%|█████▋    | 7931/13956 [00:48<00:37, 162.71it/s]
Benchmarking (faiss_vote_100):  57%|█████▋    | 7948/13956 [00:48<00:36, 163.16it/s]
Benchmarking (faiss_vote_100):  57%|█████▋    | 7965/13956 [00:49<00:36, 163.49it/s]
Benchmarking (faiss_vote_100):  57%|█████▋    | 7982/13956 [00:49<00:36, 163.41it/s]
Benchmarking (faiss_vote_100):  57%|█████▋    | 7999/13956 [00:49<00:36, 163.42it/s]INFO:src.evaluation.benchmark_partition_selection:      [VOTE DEBUG] search: 5.86ms | tally: 0.10ms | nodes: 100
Benchmarking (faiss_vote_100):  57%|█████▋    | 8016/13956 [00:49<00:36, 163.62it/s]
Benchmarking (faiss_vote_100):  58%|█████▊    | 8033/13956 [00:49<00:36, 163.84it/s]
Benchmarking (faiss_vote_100):  58%|█████▊    | 8050/13956 [00:49<00:36, 164.05it/s]
Benchmarking (faiss_vote_100):  58%|█████▊    | 8067/13956 [00:49<00:35, 163.92it/s]
Benchmarking (faiss_vote_100):  58%|█████▊    | 8084/13956 [00:49<00:35, 163.52it/s]
Benchmarking (faiss_vote_100):  58%|█████▊    | 8101/13956 [00:49<00:35, 163.53it/s]
Benchmarking (faiss_vote_100):  58%|█████▊    | 8118/13956 [00:49<00:35, 163.79it/s]
Benchmarking (faiss_vote_100):  58%|█████▊    | 8135/13956 [00:50<00:35, 164.02it/s]
Benchmarking (faiss_vote_100):  58%|█████▊    | 8152/13956 [00:50<00:35, 164.11it/s]
Benchmarking (faiss_vote_100):  59%|█████▊    | 8169/13956 [00:50<00:35, 164.15it/s]
Benchmarking (faiss_vote_100):  59%|█████▊    | 8186/13956 [00:50<00:35, 164.16it/s]
Benchmarking (faiss_vote_100):  59%|█████▉    | 8203/13956 [00:50<00:35, 164.12it/s]
Benchmarking (faiss_vote_100):  59%|█████▉    | 8220/13956 [00:50<00:34, 164.21it/s]
Benchmarking (faiss_vote_100):  59%|█████▉    | 8237/13956 [00:50<00:34, 164.32it/s]
Benchmarking (faiss_vote_100):  59%|█████▉    | 8254/13956 [00:50<00:34, 164.21it/s]
Benchmarking (faiss_vote_100):  59%|█████▉    | 8271/13956 [00:50<00:34, 164.23it/s]
Benchmarking (faiss_vote_100):  59%|█████▉    | 8288/13956 [00:50<00:34, 164.30it/s]
Benchmarking (faiss_vote_100):  60%|█████▉    | 8305/13956 [00:51<00:34, 164.38it/s]
Benchmarking (faiss_vote_100):  60%|█████▉    | 8322/13956 [00:51<00:34, 164.35it/s]
Benchmarking (faiss_vote_100):  60%|█████▉    | 8339/13956 [00:51<00:34, 164.32it/s]
Benchmarking (faiss_vote_100):  60%|█████▉    | 8356/13956 [00:51<00:34, 164.35it/s]
Benchmarking (faiss_vote_100):  60%|█████▉    | 8373/13956 [00:51<00:33, 164.25it/s]
Benchmarking (faiss_vote_100):  60%|██████    | 8390/13956 [00:51<00:33, 164.12it/s]
Benchmarking (faiss_vote_100):  60%|██████    | 8407/13956 [00:51<00:33, 163.99it/s]
Benchmarking (faiss_vote_100):  60%|██████    | 8424/13956 [00:51<00:33, 164.11it/s]
Benchmarking (faiss_vote_100):  60%|██████    | 8441/13956 [00:51<00:33, 163.90it/s]
Benchmarking (faiss_vote_100):  61%|██████    | 8458/13956 [00:52<00:33, 163.98it/s]
Benchmarking (faiss_vote_100):  61%|██████    | 8475/13956 [00:52<00:33, 164.06it/s]
Benchmarking (faiss_vote_100):  61%|██████    | 8492/13956 [00:52<00:33, 163.98it/s]INFO:src.evaluation.benchmark_partition_selection:      [VOTE DEBUG] search: 5.86ms | tally: 0.11ms | nodes: 100
Benchmarking (faiss_vote_100):  61%|██████    | 8509/13956 [00:52<00:33, 163.95it/s]
Benchmarking (faiss_vote_100):  61%|██████    | 8526/13956 [00:52<00:33, 164.04it/s]
Benchmarking (faiss_vote_100):  61%|██████    | 8543/13956 [00:52<00:32, 164.12it/s]
Benchmarking (faiss_vote_100):  61%|██████▏   | 8560/13956 [00:52<00:32, 164.12it/s]
Benchmarking (faiss_vote_100):  61%|██████▏   | 8577/13956 [00:52<00:32, 164.10it/s]
Benchmarking (faiss_vote_100):  62%|██████▏   | 8594/13956 [00:52<00:32, 164.15it/s]
Benchmarking (faiss_vote_100):  62%|██████▏   | 8611/13956 [00:52<00:32, 163.83it/s]
Benchmarking (faiss_vote_100):  62%|██████▏   | 8628/13956 [00:53<00:32, 163.55it/s]
Benchmarking (faiss_vote_100):  62%|██████▏   | 8645/13956 [00:53<00:32, 163.41it/s]
Benchmarking (faiss_vote_100):  62%|██████▏   | 8662/13956 [00:53<00:32, 163.63it/s]
Benchmarking (faiss_vote_100):  62%|██████▏   | 8679/13956 [00:53<00:32, 163.54it/s]
Benchmarking (faiss_vote_100):  62%|██████▏   | 8696/13956 [00:53<00:32, 163.60it/s]
Benchmarking (faiss_vote_100):  62%|██████▏   | 8713/13956 [00:53<00:32, 163.80it/s]
Benchmarking (faiss_vote_100):  63%|██████▎   | 8730/13956 [00:53<00:31, 163.78it/s]
Benchmarking (faiss_vote_100):  63%|██████▎   | 8747/13956 [00:53<00:31, 164.09it/s]
Benchmarking (faiss_vote_100):  63%|██████▎   | 8764/13956 [00:53<00:31, 164.16it/s]
Benchmarking (faiss_vote_100):  63%|██████▎   | 8781/13956 [00:54<00:31, 164.23it/s]
Benchmarking (faiss_vote_100):  63%|██████▎   | 8798/13956 [00:54<00:31, 164.33it/s]
Benchmarking (faiss_vote_100):  63%|██████▎   | 8815/13956 [00:54<00:31, 164.42it/s]
Benchmarking (faiss_vote_100):  63%|██████▎   | 8832/13956 [00:54<00:31, 164.40it/s]
Benchmarking (faiss_vote_100):  63%|██████▎   | 8849/13956 [00:54<00:31, 164.42it/s]
Benchmarking (faiss_vote_100):  64%|██████▎   | 8866/13956 [00:54<00:30, 164.52it/s]
Benchmarking (faiss_vote_100):  64%|██████▎   | 8883/13956 [00:54<00:30, 164.57it/s]
Benchmarking (faiss_vote_100):  64%|██████▍   | 8900/13956 [00:54<00:30, 163.86it/s]
Benchmarking (faiss_vote_100):  64%|██████▍   | 8917/13956 [00:54<00:30, 163.45it/s]
Benchmarking (faiss_vote_100):  64%|██████▍   | 8934/13956 [00:54<00:30, 163.08it/s]
Benchmarking (faiss_vote_100):  64%|██████▍   | 8951/13956 [00:55<00:30, 162.61it/s]
Benchmarking (faiss_vote_100):  64%|██████▍   | 8968/13956 [00:55<00:30, 162.30it/s]
Benchmarking (faiss_vote_100):  64%|██████▍   | 8985/13956 [00:55<00:30, 162.39it/s]INFO:src.evaluation.benchmark_partition_selection:      [VOTE DEBUG] search: 5.90ms | tally: 0.10ms | nodes: 100
Benchmarking (faiss_vote_100):  65%|██████▍   | 9002/13956 [00:55<00:30, 162.32it/s]
Benchmarking (faiss_vote_100):  65%|██████▍   | 9019/13956 [00:55<00:30, 162.49it/s]
Benchmarking (faiss_vote_100):  65%|██████▍   | 9036/13956 [00:55<00:30, 162.40it/s]
Benchmarking (faiss_vote_100):  65%|██████▍   | 9053/13956 [00:55<00:30, 162.11it/s]
Benchmarking (faiss_vote_100):  65%|██████▍   | 9070/13956 [00:55<00:30, 162.40it/s]
Benchmarking (faiss_vote_100):  65%|██████▌   | 9087/13956 [00:55<00:29, 162.81it/s]
Benchmarking (faiss_vote_100):  65%|██████▌   | 9104/13956 [00:55<00:29, 163.03it/s]
Benchmarking (faiss_vote_100):  65%|██████▌   | 9121/13956 [00:56<00:29, 163.42it/s]
Benchmarking (faiss_vote_100):  65%|██████▌   | 9138/13956 [00:56<00:29, 163.50it/s]
Benchmarking (faiss_vote_100):  66%|██████▌   | 9155/13956 [00:56<00:29, 163.73it/s]
Benchmarking (faiss_vote_100):  66%|██████▌   | 9172/13956 [00:56<00:29, 163.97it/s]
Benchmarking (faiss_vote_100):  66%|██████▌   | 9189/13956 [00:56<00:29, 163.62it/s]
Benchmarking (faiss_vote_100):  66%|██████▌   | 9206/13956 [00:56<00:29, 163.38it/s]
Benchmarking (faiss_vote_100):  66%|██████▌   | 9223/13956 [00:56<00:28, 163.31it/s]
Benchmarking (faiss_vote_100):  66%|██████▌   | 9240/13956 [00:56<00:28, 163.16it/s]
Benchmarking (faiss_vote_100):  66%|██████▋   | 9257/13956 [00:56<00:28, 162.84it/s]
Benchmarking (faiss_vote_100):  66%|██████▋   | 9274/13956 [00:57<00:28, 162.89it/s]
Benchmarking (faiss_vote_100):  67%|██████▋   | 9291/13956 [00:57<00:28, 162.90it/s]
Benchmarking (faiss_vote_100):  67%|██████▋   | 9308/13956 [00:57<00:28, 162.90it/s]
Benchmarking (faiss_vote_100):  67%|██████▋   | 9325/13956 [00:57<00:28, 162.91it/s]
Benchmarking (faiss_vote_100):  67%|██████▋   | 9342/13956 [00:57<00:28, 162.92it/s]
Benchmarking (faiss_vote_100):  67%|██████▋   | 9359/13956 [00:57<00:28, 162.75it/s]
Benchmarking (faiss_vote_100):  67%|██████▋   | 9376/13956 [00:57<00:28, 162.78it/s]
Benchmarking (faiss_vote_100):  67%|██████▋   | 9393/13956 [00:57<00:27, 163.13it/s]
Benchmarking (faiss_vote_100):  67%|██████▋   | 9410/13956 [00:57<00:27, 163.19it/s]
Benchmarking (faiss_vote_100):  68%|██████▊   | 9427/13956 [00:57<00:27, 162.76it/s]
Benchmarking (faiss_vote_100):  68%|██████▊   | 9444/13956 [00:58<00:27, 162.96it/s]
Benchmarking (faiss_vote_100):  68%|██████▊   | 9461/13956 [00:58<00:27, 163.19it/s]
Benchmarking (faiss_vote_100):  68%|██████▊   | 9478/13956 [00:58<00:27, 163.25it/s]
Benchmarking (faiss_vote_100):  68%|██████▊   | 9495/13956 [00:58<00:27, 163.20it/s]INFO:src.evaluation.benchmark_partition_selection:      [VOTE DEBUG] search: 5.94ms | tally: 0.11ms | nodes: 100
Benchmarking (faiss_vote_100):  68%|██████▊   | 9512/13956 [00:58<00:27, 162.59it/s]
Benchmarking (faiss_vote_100):  68%|██████▊   | 9529/13956 [00:58<00:27, 162.44it/s]
Benchmarking (faiss_vote_100):  68%|██████▊   | 9546/13956 [00:58<00:27, 162.43it/s]
Benchmarking (faiss_vote_100):  69%|██████▊   | 9563/13956 [00:58<00:27, 162.42it/s]
Benchmarking (faiss_vote_100):  69%|██████▊   | 9580/13956 [00:58<00:26, 162.44it/s]
Benchmarking (faiss_vote_100):  69%|██████▉   | 9597/13956 [00:59<00:26, 162.59it/s]
Benchmarking (faiss_vote_100):  69%|██████▉   | 9614/13956 [00:59<00:26, 162.89it/s]
Benchmarking (faiss_vote_100):  69%|██████▉   | 9631/13956 [00:59<00:26, 163.20it/s]
Benchmarking (faiss_vote_100):  69%|██████▉   | 9648/13956 [00:59<00:26, 163.21it/s]
Benchmarking (faiss_vote_100):  69%|██████▉   | 9665/13956 [00:59<00:26, 163.15it/s]
Benchmarking (faiss_vote_100):  69%|██████▉   | 9682/13956 [00:59<00:26, 163.44it/s]
Benchmarking (faiss_vote_100):  69%|██████▉   | 9699/13956 [00:59<00:26, 163.48it/s]
Benchmarking (faiss_vote_100):  70%|██████▉   | 9716/13956 [00:59<00:25, 163.59it/s]
Benchmarking (faiss_vote_100):  70%|██████▉   | 9733/13956 [00:59<00:25, 163.71it/s]
Benchmarking (faiss_vote_100):  70%|██████▉   | 9750/13956 [00:59<00:25, 163.60it/s]
Benchmarking (faiss_vote_100):  70%|██████▉   | 9767/13956 [01:00<00:25, 163.72it/s]
Benchmarking (faiss_vote_100):  70%|███████   | 9784/13956 [01:00<00:25, 163.83it/s]
Benchmarking (faiss_vote_100):  70%|███████   | 9801/13956 [01:00<00:25, 163.82it/s]
Benchmarking (faiss_vote_100):  70%|███████   | 9818/13956 [01:00<00:25, 163.95it/s]
Benchmarking (faiss_vote_100):  70%|███████   | 9835/13956 [01:00<00:25, 163.74it/s]
Benchmarking (faiss_vote_100):  71%|███████   | 9852/13956 [01:00<00:25, 163.63it/s]
Benchmarking (faiss_vote_100):  71%|███████   | 9869/13956 [01:00<00:25, 163.41it/s]
Benchmarking (faiss_vote_100):  71%|███████   | 9886/13956 [01:00<00:24, 162.90it/s]
Benchmarking (faiss_vote_100):  71%|███████   | 9903/13956 [01:00<00:24, 162.77it/s]
Benchmarking (faiss_vote_100):  71%|███████   | 9920/13956 [01:00<00:24, 162.79it/s]
Benchmarking (faiss_vote_100):  71%|███████   | 9937/13956 [01:01<00:24, 162.71it/s]
Benchmarking (faiss_vote_100):  71%|███████▏  | 9954/13956 [01:01<00:24, 162.68it/s]
Benchmarking (faiss_vote_100):  71%|███████▏  | 9971/13956 [01:01<00:24, 162.74it/s]
Benchmarking (faiss_vote_100):  72%|███████▏  | 9988/13956 [01:01<00:24, 162.78it/s]INFO:src.evaluation.benchmark_partition_selection:      [VOTE DEBUG] search: 5.91ms | tally: 0.11ms | nodes: 100
Benchmarking (faiss_vote_100):  72%|███████▏  | 10005/13956 [01:01<00:24, 162.75it/s]
Benchmarking (faiss_vote_100):  72%|███████▏  | 10022/13956 [01:01<00:24, 162.64it/s]
Benchmarking (faiss_vote_100):  72%|███████▏  | 10039/13956 [01:01<00:24, 162.49it/s]
Benchmarking (faiss_vote_100):  72%|███████▏  | 10056/13956 [01:01<00:23, 162.65it/s]
Benchmarking (faiss_vote_100):  72%|███████▏  | 10073/13956 [01:01<00:23, 162.71it/s]
Benchmarking (faiss_vote_100):  72%|███████▏  | 10090/13956 [01:02<00:23, 162.85it/s]
Benchmarking (faiss_vote_100):  72%|███████▏  | 10107/13956 [01:02<00:23, 162.81it/s]
Benchmarking (faiss_vote_100):  73%|███████▎  | 10124/13956 [01:02<00:23, 162.60it/s]
Benchmarking (faiss_vote_100):  73%|███████▎  | 10141/13956 [01:02<00:23, 162.68it/s]
Benchmarking (faiss_vote_100):  73%|███████▎  | 10158/13956 [01:02<00:23, 162.52it/s]
Benchmarking (faiss_vote_100):  73%|███████▎  | 10175/13956 [01:02<00:23, 162.42it/s]
Benchmarking (faiss_vote_100):  73%|███████▎  | 10192/13956 [01:02<00:23, 162.25it/s]
Benchmarking (faiss_vote_100):  73%|███████▎  | 10209/13956 [01:02<00:23, 162.08it/s]
Benchmarking (faiss_vote_100):  73%|███████▎  | 10226/13956 [01:02<00:22, 162.18it/s]
Benchmarking (faiss_vote_100):  73%|███████▎  | 10243/13956 [01:02<00:22, 161.76it/s]
Benchmarking (faiss_vote_100):  74%|███████▎  | 10260/13956 [01:03<00:22, 161.80it/s]
Benchmarking (faiss_vote_100):  74%|███████▎  | 10277/13956 [01:03<00:22, 161.25it/s]
Benchmarking (faiss_vote_100):  74%|███████▍  | 10294/13956 [01:03<00:22, 161.23it/s]
Benchmarking (faiss_vote_100):  74%|███████▍  | 10311/13956 [01:03<00:22, 161.27it/s]
Benchmarking (faiss_vote_100):  74%|███████▍  | 10328/13956 [01:03<00:22, 161.26it/s]
Benchmarking (faiss_vote_100):  74%|███████▍  | 10345/13956 [01:03<00:22, 161.10it/s]
Benchmarking (faiss_vote_100):  74%|███████▍  | 10362/13956 [01:03<00:22, 161.03it/s]
Benchmarking (faiss_vote_100):  74%|███████▍  | 10379/13956 [01:03<00:22, 161.20it/s]
Benchmarking (faiss_vote_100):  74%|███████▍  | 10396/13956 [01:03<00:22, 161.34it/s]
Benchmarking (faiss_vote_100):  75%|███████▍  | 10413/13956 [01:04<00:21, 161.60it/s]
Benchmarking (faiss_vote_100):  75%|███████▍  | 10430/13956 [01:04<00:21, 161.95it/s]
Benchmarking (faiss_vote_100):  75%|███████▍  | 10447/13956 [01:04<00:21, 162.22it/s]
Benchmarking (faiss_vote_100):  75%|███████▍  | 10464/13956 [01:04<00:21, 162.33it/s]
Benchmarking (faiss_vote_100):  75%|███████▌  | 10481/13956 [01:04<00:21, 162.09it/s]
Benchmarking (faiss_vote_100):  75%|███████▌  | 10498/13956 [01:04<00:21, 162.14it/s]INFO:src.evaluation.benchmark_partition_selection:      [VOTE DEBUG] search: 5.90ms | tally: 0.09ms | nodes: 100
Benchmarking (faiss_vote_100):  75%|███████▌  | 10515/13956 [01:04<00:21, 162.11it/s]
Benchmarking (faiss_vote_100):  75%|███████▌  | 10532/13956 [01:04<00:21, 162.13it/s]
Benchmarking (faiss_vote_100):  76%|███████▌  | 10549/13956 [01:04<00:20, 162.37it/s]
Benchmarking (faiss_vote_100):  76%|███████▌  | 10566/13956 [01:04<00:20, 162.53it/s]
Benchmarking (faiss_vote_100):  76%|███████▌  | 10583/13956 [01:05<00:20, 162.58it/s]
Benchmarking (faiss_vote_100):  76%|███████▌  | 10600/13956 [01:05<00:20, 162.63it/s]
Benchmarking (faiss_vote_100):  76%|███████▌  | 10617/13956 [01:05<00:20, 162.75it/s]
Benchmarking (faiss_vote_100):  76%|███████▌  | 10634/13956 [01:05<00:20, 162.77it/s]
Benchmarking (faiss_vote_100):  76%|███████▋  | 10651/13956 [01:05<00:20, 162.50it/s]
Benchmarking (faiss_vote_100):  76%|███████▋  | 10668/13956 [01:05<00:20, 162.49it/s]
Benchmarking (faiss_vote_100):  77%|███████▋  | 10685/13956 [01:05<00:20, 162.44it/s]
Benchmarking (faiss_vote_100):  77%|███████▋  | 10702/13956 [01:05<00:20, 162.53it/s]
Benchmarking (faiss_vote_100):  77%|███████▋  | 10719/13956 [01:05<00:19, 162.59it/s]
Benchmarking (faiss_vote_100):  77%|███████▋  | 10736/13956 [01:06<00:19, 162.69it/s]
Benchmarking (faiss_vote_100):  77%|███████▋  | 10753/13956 [01:06<00:19, 162.81it/s]
Benchmarking (faiss_vote_100):  77%|███████▋  | 10770/13956 [01:06<00:19, 162.59it/s]
Benchmarking (faiss_vote_100):  77%|███████▋  | 10787/13956 [01:06<00:19, 162.75it/s]
Benchmarking (faiss_vote_100):  77%|███████▋  | 10804/13956 [01:06<00:19, 162.60it/s]
Benchmarking (faiss_vote_100):  78%|███████▊  | 10821/13956 [01:06<00:19, 162.72it/s]
Benchmarking (faiss_vote_100):  78%|███████▊  | 10838/13956 [01:06<00:19, 162.73it/s]
Benchmarking (faiss_vote_100):  78%|███████▊  | 10855/13956 [01:06<00:19, 162.66it/s]
Benchmarking (faiss_vote_100):  78%|███████▊  | 10872/13956 [01:06<00:19, 162.31it/s]
Benchmarking (faiss_vote_100):  78%|███████▊  | 10889/13956 [01:06<00:18, 162.46it/s]
Benchmarking (faiss_vote_100):  78%|███████▊  | 10906/13956 [01:07<00:18, 162.24it/s]
Benchmarking (faiss_vote_100):  78%|███████▊  | 10923/13956 [01:07<00:18, 162.43it/s]
Benchmarking (faiss_vote_100):  78%|███████▊  | 10940/13956 [01:07<00:18, 162.61it/s]
Benchmarking (faiss_vote_100):  79%|███████▊  | 10957/13956 [01:07<00:18, 162.34it/s]
Benchmarking (faiss_vote_100):  79%|███████▊  | 10974/13956 [01:07<00:18, 162.11it/s]
Benchmarking (faiss_vote_100):  79%|███████▉  | 10991/13956 [01:07<00:18, 162.31it/s]INFO:src.evaluation.benchmark_partition_selection:      [VOTE DEBUG] search: 6.01ms | tally: 0.11ms | nodes: 100
Benchmarking (faiss_vote_100):  79%|███████▉  | 11008/13956 [01:07<00:18, 161.76it/s]
Benchmarking (faiss_vote_100):  79%|███████▉  | 11025/13956 [01:07<00:18, 161.67it/s]
Benchmarking (faiss_vote_100):  79%|███████▉  | 11042/13956 [01:07<00:18, 161.75it/s]
Benchmarking (faiss_vote_100):  79%|███████▉  | 11059/13956 [01:08<00:17, 161.47it/s]
Benchmarking (faiss_vote_100):  79%|███████▉  | 11076/13956 [01:08<00:17, 161.59it/s]
Benchmarking (faiss_vote_100):  79%|███████▉  | 11093/13956 [01:08<00:17, 161.59it/s]
Benchmarking (faiss_vote_100):  80%|███████▉  | 11110/13956 [01:08<00:17, 161.65it/s]
Benchmarking (faiss_vote_100):  80%|███████▉  | 11127/13956 [01:08<00:17, 161.61it/s]
Benchmarking (faiss_vote_100):  80%|███████▉  | 11144/13956 [01:08<00:17, 161.82it/s]
Benchmarking (faiss_vote_100):  80%|███████▉  | 11161/13956 [01:08<00:17, 161.61it/s]
Benchmarking (faiss_vote_100):  80%|████████  | 11178/13956 [01:08<00:17, 161.71it/s]
Benchmarking (faiss_vote_100):  80%|████████  | 11195/13956 [01:08<00:17, 161.73it/s]
Benchmarking (faiss_vote_100):  80%|████████  | 11212/13956 [01:08<00:16, 161.49it/s]
Benchmarking (faiss_vote_100):  80%|████████  | 11229/13956 [01:09<00:16, 161.36it/s]
Benchmarking (faiss_vote_100):  81%|████████  | 11246/13956 [01:09<00:16, 161.59it/s]
Benchmarking (faiss_vote_100):  81%|████████  | 11263/13956 [01:09<00:16, 162.12it/s]
Benchmarking (faiss_vote_100):  81%|████████  | 11280/13956 [01:09<00:16, 162.35it/s]
Benchmarking (faiss_vote_100):  81%|████████  | 11297/13956 [01:09<00:16, 162.38it/s]
Benchmarking (faiss_vote_100):  81%|████████  | 11314/13956 [01:09<00:16, 162.13it/s]
Benchmarking (faiss_vote_100):  81%|████████  | 11331/13956 [01:09<00:16, 162.25it/s]
Benchmarking (faiss_vote_100):  81%|████████▏ | 11348/13956 [01:09<00:16, 162.41it/s]
Benchmarking (faiss_vote_100):  81%|████████▏ | 11365/13956 [01:09<00:15, 162.20it/s]
Benchmarking (faiss_vote_100):  82%|████████▏ | 11382/13956 [01:10<00:15, 162.16it/s]
Benchmarking (faiss_vote_100):  82%|████████▏ | 11399/13956 [01:10<00:15, 162.25it/s]
Benchmarking (faiss_vote_100):  82%|████████▏ | 11416/13956 [01:10<00:15, 162.31it/s]
Benchmarking (faiss_vote_100):  82%|████████▏ | 11433/13956 [01:10<00:15, 162.13it/s]
Benchmarking (faiss_vote_100):  82%|████████▏ | 11450/13956 [01:10<00:15, 162.16it/s]
Benchmarking (faiss_vote_100):  82%|████████▏ | 11467/13956 [01:10<00:15, 162.45it/s]
Benchmarking (faiss_vote_100):  82%|████████▏ | 11484/13956 [01:10<00:15, 162.33it/s]INFO:src.evaluation.benchmark_partition_selection:      [VOTE DEBUG] search: 5.96ms | tally: 0.10ms | nodes: 100
Benchmarking (faiss_vote_100):  82%|████████▏ | 11501/13956 [01:10<00:15, 162.10it/s]
Benchmarking (faiss_vote_100):  83%|████████▎ | 11518/13956 [01:10<00:15, 162.14it/s]
Benchmarking (faiss_vote_100):  83%|████████▎ | 11535/13956 [01:10<00:14, 161.98it/s]
Benchmarking (faiss_vote_100):  83%|████████▎ | 11552/13956 [01:11<00:14, 161.76it/s]
Benchmarking (faiss_vote_100):  83%|████████▎ | 11569/13956 [01:11<00:14, 161.69it/s]
Benchmarking (faiss_vote_100):  83%|████████▎ | 11586/13956 [01:11<00:14, 161.43it/s]
Benchmarking (faiss_vote_100):  83%|████████▎ | 11603/13956 [01:11<00:14, 161.58it/s]
Benchmarking (faiss_vote_100):  83%|████████▎ | 11620/13956 [01:11<00:14, 162.07it/s]
Benchmarking (faiss_vote_100):  83%|████████▎ | 11637/13956 [01:11<00:14, 162.49it/s]
Benchmarking (faiss_vote_100):  84%|████████▎ | 11654/13956 [01:11<00:14, 162.71it/s]
Benchmarking (faiss_vote_100):  84%|████████▎ | 11671/13956 [01:11<00:14, 162.78it/s]
Benchmarking (faiss_vote_100):  84%|████████▎ | 11688/13956 [01:11<00:13, 162.81it/s]
Benchmarking (faiss_vote_100):  84%|████████▍ | 11705/13956 [01:11<00:13, 162.71it/s]
Benchmarking (faiss_vote_100):  84%|████████▍ | 11722/13956 [01:12<00:13, 162.84it/s]
Benchmarking (faiss_vote_100):  84%|████████▍ | 11739/13956 [01:12<00:13, 162.97it/s]
Benchmarking (faiss_vote_100):  84%|████████▍ | 11756/13956 [01:12<00:13, 163.25it/s]
Benchmarking (faiss_vote_100):  84%|████████▍ | 11773/13956 [01:12<00:13, 163.23it/s]
Benchmarking (faiss_vote_100):  84%|████████▍ | 11790/13956 [01:12<00:13, 163.15it/s]
Benchmarking (faiss_vote_100):  85%|████████▍ | 11807/13956 [01:12<00:13, 162.99it/s]
Benchmarking (faiss_vote_100):  85%|████████▍ | 11824/13956 [01:12<00:13, 163.01it/s]
Benchmarking (faiss_vote_100):  85%|████████▍ | 11841/13956 [01:12<00:12, 163.32it/s]
Benchmarking (faiss_vote_100):  85%|████████▍ | 11858/13956 [01:12<00:12, 163.44it/s]
Benchmarking (faiss_vote_100):  85%|████████▌ | 11875/13956 [01:13<00:12, 163.25it/s]
Benchmarking (faiss_vote_100):  85%|████████▌ | 11892/13956 [01:13<00:12, 163.06it/s]
Benchmarking (faiss_vote_100):  85%|████████▌ | 11909/13956 [01:13<00:12, 163.18it/s]
Benchmarking (faiss_vote_100):  85%|████████▌ | 11926/13956 [01:13<00:12, 163.33it/s]
Benchmarking (faiss_vote_100):  86%|████████▌ | 11943/13956 [01:13<00:12, 162.97it/s]
Benchmarking (faiss_vote_100):  86%|████████▌ | 11960/13956 [01:13<00:12, 162.61it/s]
Benchmarking (faiss_vote_100):  86%|████████▌ | 11977/13956 [01:13<00:12, 162.07it/s]
Benchmarking (faiss_vote_100):  86%|████████▌ | 11994/13956 [01:13<00:12, 162.04it/s]INFO:src.evaluation.benchmark_partition_selection:      [VOTE DEBUG] search: 5.90ms | tally: 0.10ms | nodes: 100
Benchmarking (faiss_vote_100):  86%|████████▌ | 12011/13956 [01:13<00:11, 162.19it/s]
Benchmarking (faiss_vote_100):  86%|████████▌ | 12028/13956 [01:13<00:11, 162.48it/s]
Benchmarking (faiss_vote_100):  86%|████████▋ | 12045/13956 [01:14<00:11, 162.57it/s]
Benchmarking (faiss_vote_100):  86%|████████▋ | 12062/13956 [01:14<00:11, 162.66it/s]
Benchmarking (faiss_vote_100):  87%|████████▋ | 12079/13956 [01:14<00:11, 162.48it/s]
Benchmarking (faiss_vote_100):  87%|████████▋ | 12096/13956 [01:14<00:11, 162.32it/s]
Benchmarking (faiss_vote_100):  87%|████████▋ | 12113/13956 [01:14<00:11, 162.39it/s]
Benchmarking (faiss_vote_100):  87%|████████▋ | 12130/13956 [01:14<00:11, 162.60it/s]
Benchmarking (faiss_vote_100):  87%|████████▋ | 12147/13956 [01:14<00:11, 162.84it/s]
Benchmarking (faiss_vote_100):  87%|████████▋ | 12164/13956 [01:14<00:10, 162.98it/s]
Benchmarking (faiss_vote_100):  87%|████████▋ | 12181/13956 [01:14<00:10, 163.03it/s]
Benchmarking (faiss_vote_100):  87%|████████▋ | 12198/13956 [01:15<00:10, 162.74it/s]
Benchmarking (faiss_vote_100):  88%|████████▊ | 12215/13956 [01:15<00:10, 162.73it/s]
Benchmarking (faiss_vote_100):  88%|████████▊ | 12232/13956 [01:15<00:10, 162.82it/s]
Benchmarking (faiss_vote_100):  88%|████████▊ | 12249/13956 [01:15<00:10, 163.02it/s]
Benchmarking (faiss_vote_100):  88%|████████▊ | 12266/13956 [01:15<00:10, 162.94it/s]
Benchmarking (faiss_vote_100):  88%|████████▊ | 12283/13956 [01:15<00:10, 163.00it/s]
Benchmarking (faiss_vote_100):  88%|████████▊ | 12300/13956 [01:15<00:10, 162.90it/s]
Benchmarking (faiss_vote_100):  88%|████████▊ | 12317/13956 [01:15<00:10, 162.71it/s]
Benchmarking (faiss_vote_100):  88%|████████▊ | 12334/13956 [01:15<00:09, 162.64it/s]
Benchmarking (faiss_vote_100):  88%|████████▊ | 12351/13956 [01:15<00:09, 162.55it/s]
Benchmarking (faiss_vote_100):  89%|████████▊ | 12368/13956 [01:16<00:09, 162.45it/s]
Benchmarking (faiss_vote_100):  89%|████████▊ | 12385/13956 [01:16<00:09, 162.18it/s]
Benchmarking (faiss_vote_100):  89%|████████▉ | 12402/13956 [01:16<00:09, 162.08it/s]
Benchmarking (faiss_vote_100):  89%|████████▉ | 12419/13956 [01:16<00:09, 162.52it/s]
Benchmarking (faiss_vote_100):  89%|████████▉ | 12436/13956 [01:16<00:09, 162.76it/s]
Benchmarking (faiss_vote_100):  89%|████████▉ | 12453/13956 [01:16<00:09, 163.03it/s]
Benchmarking (faiss_vote_100):  89%|████████▉ | 12470/13956 [01:16<00:09, 163.14it/s]
Benchmarking (faiss_vote_100):  89%|████████▉ | 12487/13956 [01:16<00:09, 163.22it/s]INFO:src.evaluation.benchmark_partition_selection:      [VOTE DEBUG] search: 5.90ms | tally: 0.11ms | nodes: 100
Benchmarking (faiss_vote_100):  90%|████████▉ | 12504/13956 [01:16<00:08, 163.21it/s]
Benchmarking (faiss_vote_100):  90%|████████▉ | 12521/13956 [01:17<00:08, 163.06it/s]
Benchmarking (faiss_vote_100):  90%|████████▉ | 12538/13956 [01:17<00:08, 162.62it/s]
Benchmarking (faiss_vote_100):  90%|████████▉ | 12555/13956 [01:17<00:08, 162.22it/s]
Benchmarking (faiss_vote_100):  90%|█████████ | 12572/13956 [01:17<00:08, 162.00it/s]
Benchmarking (faiss_vote_100):  90%|█████████ | 12589/13956 [01:17<00:08, 161.75it/s]
Benchmarking (faiss_vote_100):  90%|█████████ | 12606/13956 [01:17<00:08, 161.69it/s]
Benchmarking (faiss_vote_100):  90%|█████████ | 12623/13956 [01:17<00:08, 161.66it/s]
Benchmarking (faiss_vote_100):  91%|█████████ | 12640/13956 [01:17<00:08, 161.52it/s]
Benchmarking (faiss_vote_100):  91%|█████████ | 12657/13956 [01:17<00:08, 161.82it/s]
Benchmarking (faiss_vote_100):  91%|█████████ | 12674/13956 [01:17<00:07, 161.79it/s]
Benchmarking (faiss_vote_100):  91%|█████████ | 12691/13956 [01:18<00:07, 161.36it/s]
Benchmarking (faiss_vote_100):  91%|█████████ | 12708/13956 [01:18<00:07, 161.27it/s]
Benchmarking (faiss_vote_100):  91%|█████████ | 12725/13956 [01:18<00:07, 161.36it/s]
Benchmarking (faiss_vote_100):  91%|█████████▏| 12742/13956 [01:18<00:07, 161.84it/s]
Benchmarking (faiss_vote_100):  91%|█████████▏| 12759/13956 [01:18<00:07, 161.99it/s]
Benchmarking (faiss_vote_100):  92%|█████████▏| 12776/13956 [01:18<00:07, 161.91it/s]
Benchmarking (faiss_vote_100):  92%|█████████▏| 12793/13956 [01:18<00:07, 162.08it/s]
Benchmarking (faiss_vote_100):  92%|█████████▏| 12810/13956 [01:18<00:07, 162.38it/s]
Benchmarking (faiss_vote_100):  92%|█████████▏| 12827/13956 [01:18<00:06, 162.85it/s]
Benchmarking (faiss_vote_100):  92%|█████████▏| 12844/13956 [01:18<00:06, 162.79it/s]
Benchmarking (faiss_vote_100):  92%|█████████▏| 12861/13956 [01:19<00:06, 162.80it/s]
Benchmarking (faiss_vote_100):  92%|█████████▏| 12878/13956 [01:19<00:06, 163.11it/s]
Benchmarking (faiss_vote_100):  92%|█████████▏| 12895/13956 [01:19<00:06, 163.28it/s]
Benchmarking (faiss_vote_100):  93%|█████████▎| 12912/13956 [01:19<00:06, 163.40it/s]
Benchmarking (faiss_vote_100):  93%|█████████▎| 12929/13956 [01:19<00:06, 163.22it/s]
Benchmarking (faiss_vote_100):  93%|█████████▎| 12946/13956 [01:19<00:06, 163.09it/s]
Benchmarking (faiss_vote_100):  93%|█████████▎| 12963/13956 [01:19<00:06, 163.28it/s]
Benchmarking (faiss_vote_100):  93%|█████████▎| 12980/13956 [01:19<00:05, 163.50it/s]
Benchmarking (faiss_vote_100):  93%|█████████▎| 12997/13956 [01:19<00:05, 163.71it/s]INFO:src.evaluation.benchmark_partition_selection:      [VOTE DEBUG] search: 5.87ms | tally: 0.11ms | nodes: 100
Benchmarking (faiss_vote_100):  93%|█████████▎| 13014/13956 [01:20<00:05, 163.45it/s]
Benchmarking (faiss_vote_100):  93%|█████████▎| 13031/13956 [01:20<00:05, 163.54it/s]
Benchmarking (faiss_vote_100):  93%|█████████▎| 13048/13956 [01:20<00:05, 163.41it/s]
Benchmarking (faiss_vote_100):  94%|█████████▎| 13065/13956 [01:20<00:05, 163.37it/s]
Benchmarking (faiss_vote_100):  94%|█████████▎| 13082/13956 [01:20<00:05, 163.58it/s]
Benchmarking (faiss_vote_100):  94%|█████████▍| 13099/13956 [01:20<00:05, 163.81it/s]
Benchmarking (faiss_vote_100):  94%|█████████▍| 13116/13956 [01:20<00:05, 164.01it/s]
Benchmarking (faiss_vote_100):  94%|█████████▍| 13133/13956 [01:20<00:05, 164.23it/s]
Benchmarking (faiss_vote_100):  94%|█████████▍| 13150/13956 [01:20<00:04, 164.34it/s]
Benchmarking (faiss_vote_100):  94%|█████████▍| 13167/13956 [01:20<00:04, 164.06it/s]
Benchmarking (faiss_vote_100):  94%|█████████▍| 13184/13956 [01:21<00:04, 164.18it/s]
Benchmarking (faiss_vote_100):  95%|█████████▍| 13201/13956 [01:21<00:04, 164.12it/s]
Benchmarking (faiss_vote_100):  95%|█████████▍| 13218/13956 [01:21<00:04, 164.27it/s]
Benchmarking (faiss_vote_100):  95%|█████████▍| 13235/13956 [01:21<00:04, 164.34it/s]
Benchmarking (faiss_vote_100):  95%|█████████▍| 13252/13956 [01:21<00:04, 164.36it/s]
Benchmarking (faiss_vote_100):  95%|█████████▌| 13269/13956 [01:21<00:04, 164.19it/s]
Benchmarking (faiss_vote_100):  95%|█████████▌| 13286/13956 [01:21<00:04, 163.90it/s]
Benchmarking (faiss_vote_100):  95%|█████████▌| 13303/13956 [01:21<00:03, 163.50it/s]
Benchmarking (faiss_vote_100):  95%|█████████▌| 13320/13956 [01:21<00:03, 163.08it/s]
Benchmarking (faiss_vote_100):  96%|█████████▌| 13337/13956 [01:22<00:03, 162.70it/s]
Benchmarking (faiss_vote_100):  96%|█████████▌| 13354/13956 [01:22<00:03, 162.56it/s]
Benchmarking (faiss_vote_100):  96%|█████████▌| 13371/13956 [01:22<00:03, 162.67it/s]
Benchmarking (faiss_vote_100):  96%|█████████▌| 13388/13956 [01:22<00:03, 163.01it/s]
Benchmarking (faiss_vote_100):  96%|█████████▌| 13405/13956 [01:22<00:03, 163.13it/s]
Benchmarking (faiss_vote_100):  96%|█████████▌| 13422/13956 [01:22<00:03, 163.12it/s]
Benchmarking (faiss_vote_100):  96%|█████████▋| 13439/13956 [01:22<00:03, 162.89it/s]
Benchmarking (faiss_vote_100):  96%|█████████▋| 13456/13956 [01:22<00:03, 162.63it/s]
Benchmarking (faiss_vote_100):  97%|█████████▋| 13473/13956 [01:22<00:02, 162.55it/s]
Benchmarking (faiss_vote_100):  97%|█████████▋| 13490/13956 [01:22<00:02, 162.14it/s]INFO:src.evaluation.benchmark_partition_selection:      [VOTE DEBUG] search: 5.93ms | tally: 0.11ms | nodes: 100
Benchmarking (faiss_vote_100):  97%|█████████▋| 13507/13956 [01:23<00:02, 161.93it/s]
Benchmarking (faiss_vote_100):  97%|█████████▋| 13524/13956 [01:23<00:02, 162.13it/s]
Benchmarking (faiss_vote_100):  97%|█████████▋| 13541/13956 [01:23<00:02, 162.59it/s]
Benchmarking (faiss_vote_100):  97%|█████████▋| 13558/13956 [01:23<00:02, 163.03it/s]
Benchmarking (faiss_vote_100):  97%|█████████▋| 13575/13956 [01:23<00:02, 162.78it/s]
Benchmarking (faiss_vote_100):  97%|█████████▋| 13592/13956 [01:23<00:02, 162.26it/s]
Benchmarking (faiss_vote_100):  98%|█████████▊| 13609/13956 [01:23<00:02, 162.22it/s]
Benchmarking (faiss_vote_100):  98%|█████████▊| 13626/13956 [01:23<00:02, 162.40it/s]
Benchmarking (faiss_vote_100):  98%|█████████▊| 13643/13956 [01:23<00:01, 162.83it/s]
Benchmarking (faiss_vote_100):  98%|█████████▊| 13660/13956 [01:23<00:01, 162.98it/s]
Benchmarking (faiss_vote_100):  98%|█████████▊| 13677/13956 [01:24<00:01, 162.74it/s]
Benchmarking (faiss_vote_100):  98%|█████████▊| 13694/13956 [01:24<00:01, 162.60it/s]
Benchmarking (faiss_vote_100):  98%|█████████▊| 13711/13956 [01:24<00:01, 162.14it/s]
Benchmarking (faiss_vote_100):  98%|█████████▊| 13728/13956 [01:24<00:01, 162.05it/s]
Benchmarking (faiss_vote_100):  98%|█████████▊| 13745/13956 [01:24<00:01, 162.07it/s]
Benchmarking (faiss_vote_100):  99%|█████████▊| 13762/13956 [01:24<00:01, 161.96it/s]
Benchmarking (faiss_vote_100):  99%|█████████▊| 13779/13956 [01:24<00:01, 162.01it/s]
Benchmarking (faiss_vote_100):  99%|█████████▉| 13796/13956 [01:24<00:00, 161.88it/s]
Benchmarking (faiss_vote_100):  99%|█████████▉| 13813/13956 [01:24<00:00, 161.83it/s]
Benchmarking (faiss_vote_100):  99%|█████████▉| 13830/13956 [01:25<00:00, 161.93it/s]
Benchmarking (faiss_vote_100):  99%|█████████▉| 13847/13956 [01:25<00:00, 162.11it/s]
Benchmarking (faiss_vote_100):  99%|█████████▉| 13864/13956 [01:25<00:00, 162.31it/s]
Benchmarking (faiss_vote_100):  99%|█████████▉| 13881/13956 [01:25<00:00, 162.41it/s]
Benchmarking (faiss_vote_100): 100%|█████████▉| 13898/13956 [01:25<00:00, 162.47it/s]
Benchmarking (faiss_vote_100): 100%|█████████▉| 13915/13956 [01:25<00:00, 162.53it/s]
Benchmarking (faiss_vote_100): 100%|█████████▉| 13932/13956 [01:25<00:00, 162.57it/s]
Benchmarking (faiss_vote_100): 100%|█████████▉| 13949/13956 [01:25<00:00, 162.79it/s]
INFO:src.evaluation.benchmark_partition_selection:  [train] R@1=46.2% GTR@20=94.8% FCov@20=91.2% MRR=62.4%
Benchmarking (faiss_vote_100):   0%|          | 0/3987 [00:00<?, ?it/s]INFO:src.evaluation.benchmark_partition_selection:      [VOTE DEBUG] search: 6.39ms | tally: 0.11ms | nodes: 100
Benchmarking (faiss_vote_100):   0%|          | 17/3987 [00:00<00:24, 161.37it/s]
Benchmarking (faiss_vote_100):   1%|          | 34/3987 [00:00<00:24, 161.65it/s]
Benchmarking (faiss_vote_100):   1%|▏         | 51/3987 [00:00<00:24, 161.44it/s]
Benchmarking (faiss_vote_100):   2%|▏         | 68/3987 [00:00<00:24, 161.53it/s]
Benchmarking (faiss_vote_100):   2%|▏         | 85/3987 [00:00<00:24, 161.97it/s]
Benchmarking (faiss_vote_100):   3%|▎         | 102/3987 [00:00<00:24, 161.68it/s]
Benchmarking (faiss_vote_100):   3%|▎         | 119/3987 [00:00<00:23, 161.96it/s]
Benchmarking (faiss_vote_100):   3%|▎         | 136/3987 [00:00<00:23, 162.22it/s]
Benchmarking (faiss_vote_100):   4%|▍         | 153/3987 [00:00<00:23, 162.44it/s]
Benchmarking (faiss_vote_100):   4%|▍         | 170/3987 [00:01<00:23, 162.62it/s]
Benchmarking (faiss_vote_100):   5%|▍         | 187/3987 [00:01<00:23, 162.57it/s]
Benchmarking (faiss_vote_100):   5%|▌         | 204/3987 [00:01<00:23, 162.56it/s]
Benchmarking (faiss_vote_100):   6%|▌         | 221/3987 [00:01<00:23, 162.40it/s]
Benchmarking (faiss_vote_100):   6%|▌         | 238/3987 [00:01<00:23, 162.12it/s]
Benchmarking (faiss_vote_100):   6%|▋         | 255/3987 [00:01<00:23, 161.76it/s]
Benchmarking (faiss_vote_100):   7%|▋         | 272/3987 [00:01<00:22, 161.55it/s]
Benchmarking (faiss_vote_100):   7%|▋         | 289/3987 [00:01<00:22, 161.43it/s]
Benchmarking (faiss_vote_100):   8%|▊         | 306/3987 [00:01<00:22, 161.53it/s]
Benchmarking (faiss_vote_100):   8%|▊         | 323/3987 [00:01<00:22, 161.97it/s]
Benchmarking (faiss_vote_100):   9%|▊         | 340/3987 [00:02<00:22, 161.52it/s]
Benchmarking (faiss_vote_100):   9%|▉         | 357/3987 [00:02<00:22, 161.41it/s]
Benchmarking (faiss_vote_100):   9%|▉         | 374/3987 [00:02<00:22, 161.51it/s]
Benchmarking (faiss_vote_100):  10%|▉         | 391/3987 [00:02<00:22, 161.82it/s]
Benchmarking (faiss_vote_100):  10%|█         | 408/3987 [00:02<00:22, 162.05it/s]
Benchmarking (faiss_vote_100):  11%|█         | 425/3987 [00:02<00:21, 162.18it/s]
Benchmarking (faiss_vote_100):  11%|█         | 442/3987 [00:02<00:21, 162.32it/s]
Benchmarking (faiss_vote_100):  12%|█▏        | 459/3987 [00:02<00:21, 162.01it/s]
Benchmarking (faiss_vote_100):  12%|█▏        | 476/3987 [00:02<00:21, 162.25it/s]
Benchmarking (faiss_vote_100):  12%|█▏        | 493/3987 [00:03<00:21, 162.41it/s]INFO:src.evaluation.benchmark_partition_selection:      [VOTE DEBUG] search: 5.91ms | tally: 0.10ms | nodes: 100
Benchmarking (faiss_vote_100):  13%|█▎        | 510/3987 [00:03<00:21, 162.46it/s]
Benchmarking (faiss_vote_100):  13%|█▎        | 527/3987 [00:03<00:21, 162.58it/s]
Benchmarking (faiss_vote_100):  14%|█▎        | 544/3987 [00:03<00:21, 162.46it/s]
Benchmarking (faiss_vote_100):  14%|█▍        | 561/3987 [00:03<00:21, 162.36it/s]
Benchmarking (faiss_vote_100):  14%|█▍        | 578/3987 [00:03<00:21, 162.26it/s]
Benchmarking (faiss_vote_100):  15%|█▍        | 595/3987 [00:03<00:20, 162.10it/s]
Benchmarking (faiss_vote_100):  15%|█▌        | 612/3987 [00:03<00:20, 161.96it/s]
Benchmarking (faiss_vote_100):  16%|█▌        | 629/3987 [00:03<00:20, 162.05it/s]
Benchmarking (faiss_vote_100):  16%|█▌        | 646/3987 [00:03<00:20, 162.32it/s]
Benchmarking (faiss_vote_100):  17%|█▋        | 663/3987 [00:04<00:20, 162.37it/s]
Benchmarking (faiss_vote_100):  17%|█▋        | 680/3987 [00:04<00:20, 161.98it/s]
Benchmarking (faiss_vote_100):  17%|█▋        | 697/3987 [00:04<00:20, 162.35it/s]
Benchmarking (faiss_vote_100):  18%|█▊        | 714/3987 [00:04<00:20, 162.20it/s]
Benchmarking (faiss_vote_100):  18%|█▊        | 731/3987 [00:04<00:20, 162.59it/s]
Benchmarking (faiss_vote_100):  19%|█▉        | 748/3987 [00:04<00:19, 162.75it/s]
Benchmarking (faiss_vote_100):  19%|█▉        | 765/3987 [00:04<00:19, 163.05it/s]
Benchmarking (faiss_vote_100):  20%|█▉        | 782/3987 [00:04<00:19, 163.19it/s]
Benchmarking (faiss_vote_100):  20%|██        | 799/3987 [00:04<00:19, 162.75it/s]
Benchmarking (faiss_vote_100):  20%|██        | 816/3987 [00:05<00:19, 162.78it/s]
Benchmarking (faiss_vote_100):  21%|██        | 833/3987 [00:05<00:19, 162.85it/s]
Benchmarking (faiss_vote_100):  21%|██▏       | 850/3987 [00:05<00:19, 162.68it/s]
Benchmarking (faiss_vote_100):  22%|██▏       | 867/3987 [00:05<00:19, 162.55it/s]
Benchmarking (faiss_vote_100):  22%|██▏       | 884/3987 [00:05<00:19, 162.50it/s]
Benchmarking (faiss_vote_100):  23%|██▎       | 901/3987 [00:05<00:18, 162.72it/s]
Benchmarking (faiss_vote_100):  23%|██▎       | 918/3987 [00:05<00:18, 162.68it/s]
Benchmarking (faiss_vote_100):  23%|██▎       | 935/3987 [00:05<00:18, 162.89it/s]
Benchmarking (faiss_vote_100):  24%|██▍       | 952/3987 [00:05<00:18, 162.84it/s]
Benchmarking (faiss_vote_100):  24%|██▍       | 969/3987 [00:05<00:18, 163.02it/s]
Benchmarking (faiss_vote_100):  25%|██▍       | 986/3987 [00:06<00:18, 163.30it/s]INFO:src.evaluation.benchmark_partition_selection:      [VOTE DEBUG] search: 5.89ms | tally: 0.08ms | nodes: 100
Benchmarking (faiss_vote_100):  25%|██▌       | 1003/3987 [00:06<00:18, 163.44it/s]
Benchmarking (faiss_vote_100):  26%|██▌       | 1020/3987 [00:06<00:18, 163.12it/s]
Benchmarking (faiss_vote_100):  26%|██▌       | 1037/3987 [00:06<00:18, 162.95it/s]
Benchmarking (faiss_vote_100):  26%|██▋       | 1054/3987 [00:06<00:17, 163.30it/s]
Benchmarking (faiss_vote_100):  27%|██▋       | 1071/3987 [00:06<00:17, 163.41it/s]
Benchmarking (faiss_vote_100):  27%|██▋       | 1088/3987 [00:06<00:17, 163.52it/s]
Benchmarking (faiss_vote_100):  28%|██▊       | 1105/3987 [00:06<00:17, 163.49it/s]
Benchmarking (faiss_vote_100):  28%|██▊       | 1122/3987 [00:06<00:17, 163.49it/s]
Benchmarking (faiss_vote_100):  29%|██▊       | 1139/3987 [00:07<00:17, 163.54it/s]
Benchmarking (faiss_vote_100):  29%|██▉       | 1156/3987 [00:07<00:17, 162.74it/s]
Benchmarking (faiss_vote_100):  29%|██▉       | 1173/3987 [00:07<00:17, 162.39it/s]
Benchmarking (faiss_vote_100):  30%|██▉       | 1190/3987 [00:07<00:17, 162.73it/s]
Benchmarking (faiss_vote_100):  30%|███       | 1207/3987 [00:07<00:17, 163.12it/s]
Benchmarking (faiss_vote_100):  31%|███       | 1224/3987 [00:07<00:16, 162.77it/s]
Benchmarking (faiss_vote_100):  31%|███       | 1241/3987 [00:07<00:16, 162.75it/s]
Benchmarking (faiss_vote_100):  32%|███▏      | 1258/3987 [00:07<00:16, 162.83it/s]
Benchmarking (faiss_vote_100):  32%|███▏      | 1275/3987 [00:07<00:16, 162.75it/s]
Benchmarking (faiss_vote_100):  32%|███▏      | 1292/3987 [00:07<00:16, 163.15it/s]
Benchmarking (faiss_vote_100):  33%|███▎      | 1309/3987 [00:08<00:16, 163.55it/s]
Benchmarking (faiss_vote_100):  33%|███▎      | 1326/3987 [00:08<00:16, 163.85it/s]
Benchmarking (faiss_vote_100):  34%|███▎      | 1343/3987 [00:08<00:16, 163.89it/s]
Benchmarking (faiss_vote_100):  34%|███▍      | 1360/3987 [00:08<00:16, 163.78it/s]
Benchmarking (faiss_vote_100):  35%|███▍      | 1377/3987 [00:08<00:15, 164.05it/s]
Benchmarking (faiss_vote_100):  35%|███▍      | 1394/3987 [00:08<00:15, 164.13it/s]
Benchmarking (faiss_vote_100):  35%|███▌      | 1411/3987 [00:08<00:15, 163.41it/s]
Benchmarking (faiss_vote_100):  36%|███▌      | 1428/3987 [00:08<00:15, 162.84it/s]
Benchmarking (faiss_vote_100):  36%|███▌      | 1445/3987 [00:08<00:15, 162.30it/s]
Benchmarking (faiss_vote_100):  37%|███▋      | 1462/3987 [00:08<00:15, 162.24it/s]
Benchmarking (faiss_vote_100):  37%|███▋      | 1479/3987 [00:09<00:15, 162.00it/s]
Benchmarking (faiss_vote_100):  38%|███▊      | 1496/3987 [00:09<00:15, 161.97it/s]INFO:src.evaluation.benchmark_partition_selection:      [VOTE DEBUG] search: 5.94ms | tally: 0.10ms | nodes: 100
Benchmarking (faiss_vote_100):  38%|███▊      | 1513/3987 [00:09<00:15, 162.06it/s]
Benchmarking (faiss_vote_100):  38%|███▊      | 1530/3987 [00:09<00:15, 162.25it/s]
Benchmarking (faiss_vote_100):  39%|███▉      | 1547/3987 [00:09<00:15, 162.41it/s]
Benchmarking (faiss_vote_100):  39%|███▉      | 1564/3987 [00:09<00:14, 162.45it/s]
Benchmarking (faiss_vote_100):  40%|███▉      | 1581/3987 [00:09<00:14, 162.52it/s]
Benchmarking (faiss_vote_100):  40%|████      | 1598/3987 [00:09<00:14, 162.30it/s]
Benchmarking (faiss_vote_100):  41%|████      | 1615/3987 [00:09<00:14, 162.36it/s]
Benchmarking (faiss_vote_100):  41%|████      | 1632/3987 [00:10<00:14, 162.28it/s]
Benchmarking (faiss_vote_100):  41%|████▏     | 1649/3987 [00:10<00:14, 162.30it/s]
Benchmarking (faiss_vote_100):  42%|████▏     | 1666/3987 [00:10<00:14, 162.36it/s]
Benchmarking (faiss_vote_100):  42%|████▏     | 1683/3987 [00:10<00:14, 162.21it/s]
Benchmarking (faiss_vote_100):  43%|████▎     | 1700/3987 [00:10<00:14, 162.55it/s]
Benchmarking (faiss_vote_100):  43%|████▎     | 1717/3987 [00:10<00:13, 163.00it/s]
Benchmarking (faiss_vote_100):  43%|████▎     | 1734/3987 [00:10<00:13, 163.19it/s]
Benchmarking (faiss_vote_100):  44%|████▍     | 1751/3987 [00:10<00:13, 163.37it/s]
Benchmarking (faiss_vote_100):  44%|████▍     | 1768/3987 [00:10<00:13, 163.35it/s]
Benchmarking (faiss_vote_100):  45%|████▍     | 1785/3987 [00:10<00:13, 163.20it/s]
Benchmarking (faiss_vote_100):  45%|████▌     | 1802/3987 [00:11<00:13, 163.31it/s]
Benchmarking (faiss_vote_100):  46%|████▌     | 1819/3987 [00:11<00:13, 163.46it/s]
Benchmarking (faiss_vote_100):  46%|████▌     | 1836/3987 [00:11<00:13, 163.63it/s]
Benchmarking (faiss_vote_100):  46%|████▋     | 1853/3987 [00:11<00:13, 163.36it/s]
Benchmarking (faiss_vote_100):  47%|████▋     | 1870/3987 [00:11<00:12, 163.30it/s]
Benchmarking (faiss_vote_100):  47%|████▋     | 1887/3987 [00:11<00:12, 163.15it/s]
Benchmarking (faiss_vote_100):  48%|████▊     | 1904/3987 [00:11<00:12, 162.88it/s]
Benchmarking (faiss_vote_100):  48%|████▊     | 1921/3987 [00:11<00:12, 162.76it/s]
Benchmarking (faiss_vote_100):  49%|████▊     | 1938/3987 [00:11<00:12, 162.81it/s]
Benchmarking (faiss_vote_100):  49%|████▉     | 1955/3987 [00:12<00:12, 163.08it/s]
Benchmarking (faiss_vote_100):  49%|████▉     | 1972/3987 [00:12<00:12, 162.88it/s]
Benchmarking (faiss_vote_100):  50%|████▉     | 1989/3987 [00:12<00:12, 163.16it/s]INFO:src.evaluation.benchmark_partition_selection:      [VOTE DEBUG] search: 5.88ms | tally: 0.09ms | nodes: 100
Benchmarking (faiss_vote_100):  50%|█████     | 2006/3987 [00:12<00:12, 163.34it/s]
Benchmarking (faiss_vote_100):  51%|█████     | 2023/3987 [00:12<00:12, 163.47it/s]
Benchmarking (faiss_vote_100):  51%|█████     | 2040/3987 [00:12<00:11, 163.59it/s]
Benchmarking (faiss_vote_100):  52%|█████▏    | 2057/3987 [00:12<00:11, 163.61it/s]
Benchmarking (faiss_vote_100):  52%|█████▏    | 2074/3987 [00:12<00:11, 163.78it/s]
Benchmarking (faiss_vote_100):  52%|█████▏    | 2091/3987 [00:12<00:11, 163.05it/s]
Benchmarking (faiss_vote_100):  53%|█████▎    | 2108/3987 [00:12<00:11, 162.87it/s]
Benchmarking (faiss_vote_100):  53%|█████▎    | 2125/3987 [00:13<00:11, 162.71it/s]
Benchmarking (faiss_vote_100):  54%|█████▎    | 2142/3987 [00:13<00:11, 162.79it/s]
Benchmarking (faiss_vote_100):  54%|█████▍    | 2159/3987 [00:13<00:11, 162.67it/s]
Benchmarking (faiss_vote_100):  55%|█████▍    | 2176/3987 [00:13<00:11, 162.30it/s]
Benchmarking (faiss_vote_100):  55%|█████▌    | 2193/3987 [00:13<00:11, 162.67it/s]
Benchmarking (faiss_vote_100):  55%|█████▌    | 2210/3987 [00:13<00:10, 162.91it/s]
Benchmarking (faiss_vote_100):  56%|█████▌    | 2227/3987 [00:13<00:10, 163.05it/s]
Benchmarking (faiss_vote_100):  56%|█████▋    | 2244/3987 [00:13<00:10, 163.09it/s]
Benchmarking (faiss_vote_100):  57%|█████▋    | 2261/3987 [00:13<00:10, 163.46it/s]
Benchmarking (faiss_vote_100):  57%|█████▋    | 2278/3987 [00:14<00:10, 163.43it/s]
Benchmarking (faiss_vote_100):  58%|█████▊    | 2295/3987 [00:14<00:10, 163.38it/s]
Benchmarking (faiss_vote_100):  58%|█████▊    | 2312/3987 [00:14<00:10, 163.32it/s]
Benchmarking (faiss_vote_100):  58%|█████▊    | 2329/3987 [00:14<00:10, 163.53it/s]
Benchmarking (faiss_vote_100):  59%|█████▉    | 2346/3987 [00:14<00:10, 163.08it/s]
Benchmarking (faiss_vote_100):  59%|█████▉    | 2363/3987 [00:14<00:09, 163.24it/s]
Benchmarking (faiss_vote_100):  60%|█████▉    | 2380/3987 [00:14<00:09, 163.38it/s]
Benchmarking (faiss_vote_100):  60%|██████    | 2397/3987 [00:14<00:09, 163.40it/s]
Benchmarking (faiss_vote_100):  61%|██████    | 2414/3987 [00:14<00:09, 163.42it/s]
Benchmarking (faiss_vote_100):  61%|██████    | 2431/3987 [00:14<00:09, 163.65it/s]
Benchmarking (faiss_vote_100):  61%|██████▏   | 2448/3987 [00:15<00:09, 163.50it/s]
Benchmarking (faiss_vote_100):  62%|██████▏   | 2465/3987 [00:15<00:09, 163.31it/s]
Benchmarking (faiss_vote_100):  62%|██████▏   | 2482/3987 [00:15<00:09, 163.19it/s]
Benchmarking (faiss_vote_100):  63%|██████▎   | 2499/3987 [00:15<00:09, 163.24it/s]INFO:src.evaluation.benchmark_partition_selection:      [VOTE DEBUG] search: 5.89ms | tally: 0.11ms | nodes: 100
Benchmarking (faiss_vote_100):  63%|██████▎   | 2516/3987 [00:15<00:09, 163.19it/s]
Benchmarking (faiss_vote_100):  64%|██████▎   | 2533/3987 [00:15<00:08, 163.39it/s]
Benchmarking (faiss_vote_100):  64%|██████▍   | 2550/3987 [00:15<00:08, 163.44it/s]
Benchmarking (faiss_vote_100):  64%|██████▍   | 2567/3987 [00:15<00:08, 163.46it/s]
Benchmarking (faiss_vote_100):  65%|██████▍   | 2584/3987 [00:15<00:08, 163.25it/s]
Benchmarking (faiss_vote_100):  65%|██████▌   | 2601/3987 [00:15<00:08, 163.14it/s]
Benchmarking (faiss_vote_100):  66%|██████▌   | 2618/3987 [00:16<00:08, 163.34it/s]
Benchmarking (faiss_vote_100):  66%|██████▌   | 2635/3987 [00:16<00:08, 163.50it/s]
Benchmarking (faiss_vote_100):  67%|██████▋   | 2652/3987 [00:16<00:08, 163.61it/s]
Benchmarking (faiss_vote_100):  67%|██████▋   | 2669/3987 [00:16<00:08, 163.66it/s]
Benchmarking (faiss_vote_100):  67%|██████▋   | 2686/3987 [00:16<00:07, 163.85it/s]
Benchmarking (faiss_vote_100):  68%|██████▊   | 2703/3987 [00:16<00:07, 163.85it/s]
Benchmarking (faiss_vote_100):  68%|██████▊   | 2720/3987 [00:16<00:07, 163.87it/s]
Benchmarking (faiss_vote_100):  69%|██████▊   | 2737/3987 [00:16<00:07, 163.99it/s]
Benchmarking (faiss_vote_100):  69%|██████▉   | 2754/3987 [00:16<00:07, 163.94it/s]
Benchmarking (faiss_vote_100):  70%|██████▉   | 2771/3987 [00:17<00:07, 164.05it/s]
Benchmarking (faiss_vote_100):  70%|██████▉   | 2788/3987 [00:17<00:07, 163.16it/s]
Benchmarking (faiss_vote_100):  70%|███████   | 2805/3987 [00:17<00:07, 162.62it/s]
Benchmarking (faiss_vote_100):  71%|███████   | 2822/3987 [00:17<00:07, 162.35it/s]
Benchmarking (faiss_vote_100):  71%|███████   | 2839/3987 [00:17<00:07, 162.22it/s]
Benchmarking (faiss_vote_100):  72%|███████▏  | 2856/3987 [00:17<00:06, 162.06it/s]
Benchmarking (faiss_vote_100):  72%|███████▏  | 2873/3987 [00:17<00:06, 162.05it/s]
Benchmarking (faiss_vote_100):  72%|███████▏  | 2890/3987 [00:17<00:06, 162.11it/s]
Benchmarking (faiss_vote_100):  73%|███████▎  | 2907/3987 [00:17<00:06, 162.32it/s]
Benchmarking (faiss_vote_100):  73%|███████▎  | 2924/3987 [00:17<00:06, 162.74it/s]
Benchmarking (faiss_vote_100):  74%|███████▍  | 2941/3987 [00:18<00:06, 163.04it/s]
Benchmarking (faiss_vote_100):  74%|███████▍  | 2958/3987 [00:18<00:06, 162.58it/s]
Benchmarking (faiss_vote_100):  75%|███████▍  | 2975/3987 [00:18<00:06, 162.58it/s]
Benchmarking (faiss_vote_100):  75%|███████▌  | 2992/3987 [00:18<00:06, 162.72it/s]INFO:src.evaluation.benchmark_partition_selection:      [VOTE DEBUG] search: 5.94ms | tally: 0.13ms | nodes: 100
Benchmarking (faiss_vote_100):  75%|███████▌  | 3009/3987 [00:18<00:06, 162.28it/s]
Benchmarking (faiss_vote_100):  76%|███████▌  | 3026/3987 [00:18<00:05, 162.47it/s]
Benchmarking (faiss_vote_100):  76%|███████▋  | 3043/3987 [00:18<00:05, 162.63it/s]
Benchmarking (faiss_vote_100):  77%|███████▋  | 3060/3987 [00:18<00:05, 162.36it/s]
Benchmarking (faiss_vote_100):  77%|███████▋  | 3077/3987 [00:18<00:05, 162.39it/s]
Benchmarking (faiss_vote_100):  78%|███████▊  | 3094/3987 [00:19<00:05, 162.34it/s]
Benchmarking (faiss_vote_100):  78%|███████▊  | 3111/3987 [00:19<00:05, 162.25it/s]
Benchmarking (faiss_vote_100):  78%|███████▊  | 3128/3987 [00:19<00:05, 162.24it/s]
Benchmarking (faiss_vote_100):  79%|███████▉  | 3145/3987 [00:19<00:05, 162.01it/s]
Benchmarking (faiss_vote_100):  79%|███████▉  | 3162/3987 [00:19<00:05, 161.78it/s]
Benchmarking (faiss_vote_100):  80%|███████▉  | 3179/3987 [00:19<00:04, 161.63it/s]
Benchmarking (faiss_vote_100):  80%|████████  | 3196/3987 [00:19<00:04, 161.76it/s]
Benchmarking (faiss_vote_100):  81%|████████  | 3213/3987 [00:19<00:04, 161.70it/s]
Benchmarking (faiss_vote_100):  81%|████████  | 3230/3987 [00:19<00:04, 161.69it/s]
Benchmarking (faiss_vote_100):  81%|████████▏ | 3247/3987 [00:19<00:04, 162.06it/s]
Benchmarking (faiss_vote_100):  82%|████████▏ | 3264/3987 [00:20<00:04, 162.20it/s]
Benchmarking (faiss_vote_100):  82%|████████▏ | 3281/3987 [00:20<00:04, 162.23it/s]
Benchmarking (faiss_vote_100):  83%|████████▎ | 3298/3987 [00:20<00:04, 162.88it/s]
Benchmarking (faiss_vote_100):  83%|████████▎ | 3315/3987 [00:20<00:04, 163.11it/s]
Benchmarking (faiss_vote_100):  84%|████████▎ | 3332/3987 [00:20<00:04, 163.42it/s]
Benchmarking (faiss_vote_100):  84%|████████▍ | 3349/3987 [00:20<00:03, 163.52it/s]
Benchmarking (faiss_vote_100):  84%|████████▍ | 3366/3987 [00:20<00:03, 163.50it/s]
Benchmarking (faiss_vote_100):  85%|████████▍ | 3383/3987 [00:20<00:03, 163.62it/s]
Benchmarking (faiss_vote_100):  85%|████████▌ | 3400/3987 [00:20<00:03, 163.66it/s]
Benchmarking (faiss_vote_100):  86%|████████▌ | 3417/3987 [00:20<00:03, 163.75it/s]
Benchmarking (faiss_vote_100):  86%|████████▌ | 3434/3987 [00:21<00:03, 163.67it/s]
Benchmarking (faiss_vote_100):  87%|████████▋ | 3451/3987 [00:21<00:03, 163.59it/s]
Benchmarking (faiss_vote_100):  87%|████████▋ | 3468/3987 [00:21<00:03, 163.72it/s]
Benchmarking (faiss_vote_100):  87%|████████▋ | 3485/3987 [00:21<00:03, 163.55it/s]INFO:src.evaluation.benchmark_partition_selection:      [VOTE DEBUG] search: 5.93ms | tally: 0.11ms | nodes: 100
Benchmarking (faiss_vote_100):  88%|████████▊ | 3502/3987 [00:21<00:02, 163.19it/s]
Benchmarking (faiss_vote_100):  88%|████████▊ | 3519/3987 [00:21<00:02, 162.90it/s]
Benchmarking (faiss_vote_100):  89%|████████▊ | 3536/3987 [00:21<00:02, 163.02it/s]
Benchmarking (faiss_vote_100):  89%|████████▉ | 3553/3987 [00:21<00:02, 162.89it/s]
Benchmarking (faiss_vote_100):  90%|████████▉ | 3570/3987 [00:21<00:02, 162.70it/s]
Benchmarking (faiss_vote_100):  90%|████████▉ | 3587/3987 [00:22<00:02, 162.97it/s]
Benchmarking (faiss_vote_100):  90%|█████████ | 3604/3987 [00:22<00:02, 162.23it/s]
Benchmarking (faiss_vote_100):  91%|█████████ | 3621/3987 [00:22<00:02, 162.33it/s]
Benchmarking (faiss_vote_100):  91%|█████████ | 3638/3987 [00:22<00:02, 162.58it/s]
Benchmarking (faiss_vote_100):  92%|█████████▏| 3655/3987 [00:22<00:02, 162.84it/s]
Benchmarking (faiss_vote_100):  92%|█████████▏| 3672/3987 [00:22<00:01, 162.80it/s]
Benchmarking (faiss_vote_100):  93%|█████████▎| 3689/3987 [00:22<00:01, 162.70it/s]
Benchmarking (faiss_vote_100):  93%|█████████▎| 3706/3987 [00:22<00:01, 162.85it/s]
Benchmarking (faiss_vote_100):  93%|█████████▎| 3723/3987 [00:22<00:01, 162.69it/s]
Benchmarking (faiss_vote_100):  94%|█████████▍| 3740/3987 [00:22<00:01, 162.86it/s]
Benchmarking (faiss_vote_100):  94%|█████████▍| 3757/3987 [00:23<00:01, 162.89it/s]
Benchmarking (faiss_vote_100):  95%|█████████▍| 3774/3987 [00:23<00:01, 162.73it/s]
Benchmarking (faiss_vote_100):  95%|█████████▌| 3791/3987 [00:23<00:01, 162.60it/s]
Benchmarking (faiss_vote_100):  96%|█████████▌| 3808/3987 [00:23<00:01, 162.53it/s]
Benchmarking (faiss_vote_100):  96%|█████████▌| 3825/3987 [00:23<00:00, 162.56it/s]
Benchmarking (faiss_vote_100):  96%|█████████▋| 3842/3987 [00:23<00:00, 162.53it/s]
Benchmarking (faiss_vote_100):  97%|█████████▋| 3859/3987 [00:23<00:00, 162.38it/s]
Benchmarking (faiss_vote_100):  97%|█████████▋| 3876/3987 [00:23<00:00, 161.96it/s]
Benchmarking (faiss_vote_100):  98%|█████████▊| 3893/3987 [00:23<00:00, 161.95it/s]
Benchmarking (faiss_vote_100):  98%|█████████▊| 3910/3987 [00:24<00:00, 161.76it/s]
Benchmarking (faiss_vote_100):  98%|█████████▊| 3927/3987 [00:24<00:00, 162.06it/s]
Benchmarking (faiss_vote_100):  99%|█████████▉| 3944/3987 [00:24<00:00, 162.52it/s]
Benchmarking (faiss_vote_100):  99%|█████████▉| 3961/3987 [00:24<00:00, 162.81it/s]
Benchmarking (faiss_vote_100): 100%|█████████▉| 3978/3987 [00:24<00:00, 163.03it/s]
INFO:src.evaluation.benchmark_partition_selection:  [val] R@1=46.3% GTR@20=94.6% FCov@20=90.9% MRR=62.6%
Benchmarking (faiss_vote_100):   0%|          | 0/1995 [00:00<?, ?it/s]INFO:src.evaluation.benchmark_partition_selection:      [VOTE DEBUG] search: 5.97ms | tally: 0.12ms | nodes: 100
Benchmarking (faiss_vote_100):   1%|          | 17/1995 [00:00<00:12, 162.85it/s]
Benchmarking (faiss_vote_100):   2%|▏         | 34/1995 [00:00<00:12, 163.02it/s]
Benchmarking (faiss_vote_100):   3%|▎         | 51/1995 [00:00<00:11, 163.08it/s]
Benchmarking (faiss_vote_100):   3%|▎         | 68/1995 [00:00<00:11, 163.30it/s]
Benchmarking (faiss_vote_100):   4%|▍         | 85/1995 [00:00<00:11, 163.56it/s]
Benchmarking (faiss_vote_100):   5%|▌         | 102/1995 [00:00<00:11, 163.75it/s]
Benchmarking (faiss_vote_100):   6%|▌         | 119/1995 [00:00<00:11, 163.28it/s]
Benchmarking (faiss_vote_100):   7%|▋         | 136/1995 [00:00<00:11, 163.34it/s]
Benchmarking (faiss_vote_100):   8%|▊         | 153/1995 [00:00<00:11, 163.15it/s]
Benchmarking (faiss_vote_100):   9%|▊         | 170/1995 [00:01<00:11, 162.80it/s]
Benchmarking (faiss_vote_100):   9%|▉         | 187/1995 [00:01<00:11, 162.50it/s]
Benchmarking (faiss_vote_100):  10%|█         | 204/1995 [00:01<00:11, 162.39it/s]
Benchmarking (faiss_vote_100):  11%|█         | 221/1995 [00:01<00:10, 162.47it/s]
Benchmarking (faiss_vote_100):  12%|█▏        | 238/1995 [00:01<00:10, 162.63it/s]
Benchmarking (faiss_vote_100):  13%|█▎        | 255/1995 [00:01<00:10, 162.46it/s]
Benchmarking (faiss_vote_100):  14%|█▎        | 272/1995 [00:01<00:10, 162.42it/s]
Benchmarking (faiss_vote_100):  14%|█▍        | 289/1995 [00:01<00:10, 162.14it/s]
Benchmarking (faiss_vote_100):  15%|█▌        | 306/1995 [00:01<00:10, 161.83it/s]
Benchmarking (faiss_vote_100):  16%|█▌        | 323/1995 [00:01<00:10, 162.06it/s]
Benchmarking (faiss_vote_100):  17%|█▋        | 340/1995 [00:02<00:10, 162.25it/s]
Benchmarking (faiss_vote_100):  18%|█▊        | 357/1995 [00:02<00:10, 162.45it/s]
Benchmarking (faiss_vote_100):  19%|█▊        | 374/1995 [00:02<00:09, 162.45it/s]
Benchmarking (faiss_vote_100):  20%|█▉        | 391/1995 [00:02<00:09, 162.68it/s]
Benchmarking (faiss_vote_100):  20%|██        | 408/1995 [00:02<00:09, 162.82it/s]
Benchmarking (faiss_vote_100):  21%|██▏       | 425/1995 [00:02<00:09, 162.67it/s]
Benchmarking (faiss_vote_100):  22%|██▏       | 442/1995 [00:02<00:09, 162.16it/s]
Benchmarking (faiss_vote_100):  23%|██▎       | 459/1995 [00:02<00:09, 162.01it/s]
Benchmarking (faiss_vote_100):  24%|██▍       | 476/1995 [00:02<00:09, 162.16it/s]
Benchmarking (faiss_vote_100):  25%|██▍       | 493/1995 [00:03<00:09, 162.02it/s]INFO:src.evaluation.benchmark_partition_selection:      [VOTE DEBUG] search: 5.88ms | tally: 0.08ms | nodes: 100
Benchmarking (faiss_vote_100):  26%|██▌       | 510/1995 [00:03<00:09, 162.24it/s]
Benchmarking (faiss_vote_100):  26%|██▋       | 527/1995 [00:03<00:09, 162.54it/s]
Benchmarking (faiss_vote_100):  27%|██▋       | 544/1995 [00:03<00:08, 162.80it/s]
Benchmarking (faiss_vote_100):  28%|██▊       | 561/1995 [00:03<00:08, 162.66it/s]
Benchmarking (faiss_vote_100):  29%|██▉       | 578/1995 [00:03<00:08, 162.26it/s]
Benchmarking (faiss_vote_100):  30%|██▉       | 595/1995 [00:03<00:08, 161.88it/s]
Benchmarking (faiss_vote_100):  31%|███       | 612/1995 [00:03<00:08, 161.69it/s]
Benchmarking (faiss_vote_100):  32%|███▏      | 629/1995 [00:03<00:08, 161.63it/s]
Benchmarking (faiss_vote_100):  32%|███▏      | 646/1995 [00:03<00:08, 161.71it/s]
Benchmarking (faiss_vote_100):  33%|███▎      | 663/1995 [00:04<00:08, 161.40it/s]
Benchmarking (faiss_vote_100):  34%|███▍      | 680/1995 [00:04<00:08, 160.88it/s]
Benchmarking (faiss_vote_100):  35%|███▍      | 697/1995 [00:04<00:08, 160.60it/s]
Benchmarking (faiss_vote_100):  36%|███▌      | 714/1995 [00:04<00:07, 160.47it/s]
Benchmarking (faiss_vote_100):  37%|███▋      | 731/1995 [00:04<00:07, 160.53it/s]
Benchmarking (faiss_vote_100):  37%|███▋      | 748/1995 [00:04<00:07, 160.77it/s]
Benchmarking (faiss_vote_100):  38%|███▊      | 765/1995 [00:04<00:07, 160.81it/s]
Benchmarking (faiss_vote_100):  39%|███▉      | 782/1995 [00:04<00:07, 160.62it/s]
Benchmarking (faiss_vote_100):  40%|████      | 799/1995 [00:04<00:07, 160.72it/s]
Benchmarking (faiss_vote_100):  41%|████      | 816/1995 [00:05<00:07, 161.17it/s]
Benchmarking (faiss_vote_100):  42%|████▏     | 833/1995 [00:05<00:07, 161.49it/s]
Benchmarking (faiss_vote_100):  43%|████▎     | 850/1995 [00:05<00:07, 161.55it/s]
Benchmarking (faiss_vote_100):  43%|████▎     | 867/1995 [00:05<00:06, 161.38it/s]
Benchmarking (faiss_vote_100):  44%|████▍     | 884/1995 [00:05<00:06, 161.60it/s]
Benchmarking (faiss_vote_100):  45%|████▌     | 901/1995 [00:05<00:06, 161.81it/s]
Benchmarking (faiss_vote_100):  46%|████▌     | 918/1995 [00:05<00:06, 162.02it/s]
Benchmarking (faiss_vote_100):  47%|████▋     | 935/1995 [00:05<00:06, 162.12it/s]
Benchmarking (faiss_vote_100):  48%|████▊     | 952/1995 [00:05<00:06, 161.95it/s]
Benchmarking (faiss_vote_100):  49%|████▊     | 969/1995 [00:05<00:06, 161.46it/s]
Benchmarking (faiss_vote_100):  49%|████▉     | 986/1995 [00:06<00:06, 162.04it/s]INFO:src.evaluation.benchmark_partition_selection:      [VOTE DEBUG] search: 5.87ms | tally: 0.11ms | nodes: 100
Benchmarking (faiss_vote_100):  50%|█████     | 1003/1995 [00:06<00:06, 162.41it/s]
Benchmarking (faiss_vote_100):  51%|█████     | 1020/1995 [00:06<00:05, 162.73it/s]
Benchmarking (faiss_vote_100):  52%|█████▏    | 1037/1995 [00:06<00:05, 163.03it/s]
Benchmarking (faiss_vote_100):  53%|█████▎    | 1054/1995 [00:06<00:05, 163.03it/s]
Benchmarking (faiss_vote_100):  54%|█████▎    | 1071/1995 [00:06<00:05, 163.29it/s]
Benchmarking (faiss_vote_100):  55%|█████▍    | 1088/1995 [00:06<00:05, 163.40it/s]
Benchmarking (faiss_vote_100):  55%|█████▌    | 1105/1995 [00:06<00:05, 162.92it/s]
Benchmarking (faiss_vote_100):  56%|█████▌    | 1122/1995 [00:06<00:05, 162.89it/s]
Benchmarking (faiss_vote_100):  57%|█████▋    | 1139/1995 [00:07<00:05, 163.04it/s]
Benchmarking (faiss_vote_100):  58%|█████▊    | 1156/1995 [00:07<00:05, 162.92it/s]
Benchmarking (faiss_vote_100):  59%|█████▉    | 1173/1995 [00:07<00:05, 162.74it/s]
Benchmarking (faiss_vote_100):  60%|█████▉    | 1190/1995 [00:07<00:04, 162.29it/s]
Benchmarking (faiss_vote_100):  61%|██████    | 1207/1995 [00:07<00:04, 162.15it/s]
Benchmarking (faiss_vote_100):  61%|██████▏   | 1224/1995 [00:07<00:04, 162.24it/s]
Benchmarking (faiss_vote_100):  62%|██████▏   | 1241/1995 [00:07<00:04, 162.01it/s]
Benchmarking (faiss_vote_100):  63%|██████▎   | 1258/1995 [00:07<00:04, 162.25it/s]
Benchmarking (faiss_vote_100):  64%|██████▍   | 1275/1995 [00:07<00:04, 162.41it/s]
Benchmarking (faiss_vote_100):  65%|██████▍   | 1292/1995 [00:07<00:04, 162.50it/s]
Benchmarking (faiss_vote_100):  66%|██████▌   | 1309/1995 [00:08<00:04, 162.49it/s]
Benchmarking (faiss_vote_100):  66%|██████▋   | 1326/1995 [00:08<00:04, 162.32it/s]
Benchmarking (faiss_vote_100):  67%|██████▋   | 1343/1995 [00:08<00:04, 162.29it/s]
Benchmarking (faiss_vote_100):  68%|██████▊   | 1360/1995 [00:08<00:03, 161.98it/s]
Benchmarking (faiss_vote_100):  69%|██████▉   | 1377/1995 [00:08<00:03, 162.07it/s]
Benchmarking (faiss_vote_100):  70%|██████▉   | 1394/1995 [00:08<00:03, 162.19it/s]
Benchmarking (faiss_vote_100):  71%|███████   | 1411/1995 [00:08<00:03, 162.39it/s]
Benchmarking (faiss_vote_100):  72%|███████▏  | 1428/1995 [00:08<00:03, 162.82it/s]
Benchmarking (faiss_vote_100):  72%|███████▏  | 1445/1995 [00:08<00:03, 163.09it/s]
Benchmarking (faiss_vote_100):  73%|███████▎  | 1462/1995 [00:09<00:03, 163.40it/s]
Benchmarking (faiss_vote_100):  74%|███████▍  | 1479/1995 [00:09<00:03, 163.46it/s]
Benchmarking (faiss_vote_100):  75%|███████▍  | 1496/1995 [00:09<00:03, 163.52it/s]INFO:src.evaluation.benchmark_partition_selection:      [VOTE DEBUG] search: 5.98ms | tally: 0.12ms | nodes: 100
Benchmarking (faiss_vote_100):  76%|███████▌  | 1513/1995 [00:09<00:02, 162.75it/s]
Benchmarking (faiss_vote_100):  77%|███████▋  | 1530/1995 [00:09<00:02, 162.70it/s]
Benchmarking (faiss_vote_100):  78%|███████▊  | 1547/1995 [00:09<00:02, 163.08it/s]
Benchmarking (faiss_vote_100):  78%|███████▊  | 1564/1995 [00:09<00:02, 163.16it/s]
Benchmarking (faiss_vote_100):  79%|███████▉  | 1581/1995 [00:09<00:02, 163.46it/s]
Benchmarking (faiss_vote_100):  80%|████████  | 1598/1995 [00:09<00:02, 163.17it/s]
Benchmarking (faiss_vote_100):  81%|████████  | 1615/1995 [00:09<00:02, 163.01it/s]
Benchmarking (faiss_vote_100):  82%|████████▏ | 1632/1995 [00:10<00:02, 163.09it/s]
Benchmarking (faiss_vote_100):  83%|████████▎ | 1649/1995 [00:10<00:02, 163.20it/s]
Benchmarking (faiss_vote_100):  84%|████████▎ | 1666/1995 [00:10<00:02, 163.21it/s]
Benchmarking (faiss_vote_100):  84%|████████▍ | 1683/1995 [00:10<00:01, 162.94it/s]
Benchmarking (faiss_vote_100):  85%|████████▌ | 1700/1995 [00:10<00:01, 162.49it/s]
Benchmarking (faiss_vote_100):  86%|████████▌ | 1717/1995 [00:10<00:01, 162.56it/s]
Benchmarking (faiss_vote_100):  87%|████████▋ | 1734/1995 [00:10<00:01, 162.64it/s]
Benchmarking (faiss_vote_100):  88%|████████▊ | 1751/1995 [00:10<00:01, 162.50it/s]
Benchmarking (faiss_vote_100):  89%|████████▊ | 1768/1995 [00:10<00:01, 162.86it/s]
Benchmarking (faiss_vote_100):  89%|████████▉ | 1785/1995 [00:10<00:01, 163.05it/s]
Benchmarking (faiss_vote_100):  90%|█████████ | 1802/1995 [00:11<00:01, 163.33it/s]
Benchmarking (faiss_vote_100):  91%|█████████ | 1819/1995 [00:11<00:01, 163.47it/s]
Benchmarking (faiss_vote_100):  92%|█████████▏| 1836/1995 [00:11<00:00, 163.30it/s]
Benchmarking (faiss_vote_100):  93%|█████████▎| 1853/1995 [00:11<00:00, 163.21it/s]
Benchmarking (faiss_vote_100):  94%|█████████▎| 1870/1995 [00:11<00:00, 162.89it/s]
Benchmarking (faiss_vote_100):  95%|█████████▍| 1887/1995 [00:11<00:00, 162.90it/s]
Benchmarking (faiss_vote_100):  95%|█████████▌| 1904/1995 [00:11<00:00, 162.86it/s]
Benchmarking (faiss_vote_100):  96%|█████████▋| 1921/1995 [00:11<00:00, 162.98it/s]
Benchmarking (faiss_vote_100):  97%|█████████▋| 1938/1995 [00:11<00:00, 163.07it/s]
Benchmarking (faiss_vote_100):  98%|█████████▊| 1955/1995 [00:12<00:00, 163.05it/s]
Benchmarking (faiss_vote_100):  99%|█████████▉| 1972/1995 [00:12<00:00, 163.07it/s]
Benchmarking (faiss_vote_100): 100%|█████████▉| 1989/1995 [00:12<00:00, 163.06it/s]
INFO:src.evaluation.benchmark_partition_selection:  [test] R@1=48.4% GTR@20=96.3% FCov@20=93.5% MRR=64.1%
INFO:src.evaluation.benchmark_partition_selection:Benchmarking: faiss_vote_200
Benchmarking (faiss_vote_200):   0%|          | 0/13956 [00:00<?, ?it/s]INFO:src.evaluation.benchmark_partition_selection:      [VOTE DEBUG] search: 6.03ms | tally: 0.21ms | nodes: 200
Benchmarking (faiss_vote_200):   0%|          | 16/13956 [00:00<01:28, 158.33it/s]
Benchmarking (faiss_vote_200):   0%|          | 32/13956 [00:00<01:28, 157.88it/s]
Benchmarking (faiss_vote_200):   0%|          | 48/13956 [00:00<01:28, 157.16it/s]
Benchmarking (faiss_vote_200):   0%|          | 64/13956 [00:00<01:28, 156.99it/s]
Benchmarking (faiss_vote_200):   1%|          | 80/13956 [00:00<01:28, 156.96it/s]
Benchmarking (faiss_vote_200):   1%|          | 96/13956 [00:00<01:28, 157.08it/s]
Benchmarking (faiss_vote_200):   1%|          | 112/13956 [00:00<01:28, 157.22it/s]
Benchmarking (faiss_vote_200):   1%|          | 128/13956 [00:00<01:27, 157.23it/s]
Benchmarking (faiss_vote_200):   1%|          | 144/13956 [00:00<01:27, 157.31it/s]
Benchmarking (faiss_vote_200):   1%|          | 160/13956 [00:01<01:27, 157.16it/s]
Benchmarking (faiss_vote_200):   1%|▏         | 176/13956 [00:01<01:27, 157.12it/s]
Benchmarking (faiss_vote_200):   1%|▏         | 192/13956 [00:01<01:27, 157.46it/s]
Benchmarking (faiss_vote_200):   1%|▏         | 208/13956 [00:01<01:27, 157.36it/s]
Benchmarking (faiss_vote_200):   2%|▏         | 224/13956 [00:01<01:27, 157.38it/s]
Benchmarking (faiss_vote_200):   2%|▏         | 240/13956 [00:01<01:27, 157.25it/s]
Benchmarking (faiss_vote_200):   2%|▏         | 256/13956 [00:01<01:26, 157.68it/s]
Benchmarking (faiss_vote_200):   2%|▏         | 272/13956 [00:01<01:26, 158.11it/s]
Benchmarking (faiss_vote_200):   2%|▏         | 288/13956 [00:01<01:26, 158.42it/s]
Benchmarking (faiss_vote_200):   2%|▏         | 304/13956 [00:01<01:26, 158.48it/s]
Benchmarking (faiss_vote_200):   2%|▏         | 320/13956 [00:02<01:26, 158.43it/s]
Benchmarking (faiss_vote_200):   2%|▏         | 336/13956 [00:02<01:25, 158.38it/s]
Benchmarking (faiss_vote_200):   3%|▎         | 352/13956 [00:02<01:25, 158.47it/s]
Benchmarking (faiss_vote_200):   3%|▎         | 368/13956 [00:02<01:25, 158.72it/s]
Benchmarking (faiss_vote_200):   3%|▎         | 384/13956 [00:02<01:25, 158.97it/s]
Benchmarking (faiss_vote_200):   3%|▎         | 400/13956 [00:02<01:25, 159.15it/s]
Benchmarking (faiss_vote_200):   3%|▎         | 416/13956 [00:02<01:24, 159.31it/s]
Benchmarking (faiss_vote_200):   3%|▎         | 432/13956 [00:02<01:25, 159.09it/s]
Benchmarking (faiss_vote_200):   3%|▎         | 448/13956 [00:02<01:24, 158.96it/s]
Benchmarking (faiss_vote_200):   3%|▎         | 464/13956 [00:02<01:24, 158.76it/s]
Benchmarking (faiss_vote_200):   3%|▎         | 480/13956 [00:03<01:25, 158.16it/s]
Benchmarking (faiss_vote_200):   4%|▎         | 496/13956 [00:03<01:25, 158.00it/s]INFO:src.evaluation.benchmark_partition_selection:      [VOTE DEBUG] search: 6.04ms | tally: 0.21ms | nodes: 200
Benchmarking (faiss_vote_200):   4%|▎         | 512/13956 [00:03<01:25, 157.85it/s]
Benchmarking (faiss_vote_200):   4%|▍         | 528/13956 [00:03<01:24, 158.17it/s]
Benchmarking (faiss_vote_200):   4%|▍         | 544/13956 [00:03<01:24, 158.34it/s]
Benchmarking (faiss_vote_200):   4%|▍         | 560/13956 [00:03<01:24, 158.02it/s]
Benchmarking (faiss_vote_200):   4%|▍         | 576/13956 [00:03<01:24, 158.09it/s]
Benchmarking (faiss_vote_200):   4%|▍         | 592/13956 [00:03<01:24, 158.31it/s]
Benchmarking (faiss_vote_200):   4%|▍         | 608/13956 [00:03<01:24, 158.58it/s]
Benchmarking (faiss_vote_200):   4%|▍         | 624/13956 [00:03<01:23, 158.77it/s]
Benchmarking (faiss_vote_200):   5%|▍         | 640/13956 [00:04<01:23, 158.89it/s]
Benchmarking (faiss_vote_200):   5%|▍         | 656/13956 [00:04<01:23, 158.62it/s]
Benchmarking (faiss_vote_200):   5%|▍         | 672/13956 [00:04<01:23, 158.70it/s]
Benchmarking (faiss_vote_200):   5%|▍         | 688/13956 [00:04<01:23, 158.59it/s]
Benchmarking (faiss_vote_200):   5%|▌         | 704/13956 [00:04<01:23, 158.44it/s]
Benchmarking (faiss_vote_200):   5%|▌         | 720/13956 [00:04<01:23, 158.37it/s]
Benchmarking (faiss_vote_200):   5%|▌         | 736/13956 [00:04<01:23, 158.39it/s]
Benchmarking (faiss_vote_200):   5%|▌         | 752/13956 [00:04<01:23, 158.66it/s]
Benchmarking (faiss_vote_200):   6%|▌         | 768/13956 [00:04<01:23, 158.59it/s]
Benchmarking (faiss_vote_200):   6%|▌         | 784/13956 [00:04<01:22, 158.80it/s]
Benchmarking (faiss_vote_200):   6%|▌         | 800/13956 [00:05<01:22, 158.52it/s]
Benchmarking (faiss_vote_200):   6%|▌         | 816/13956 [00:05<01:22, 158.69it/s]
Benchmarking (faiss_vote_200):   6%|▌         | 832/13956 [00:05<01:22, 158.63it/s]
Benchmarking (faiss_vote_200):   6%|▌         | 848/13956 [00:05<01:22, 158.13it/s]
Benchmarking (faiss_vote_200):   6%|▌         | 864/13956 [00:05<01:22, 158.26it/s]
Benchmarking (faiss_vote_200):   6%|▋         | 880/13956 [00:05<01:22, 158.44it/s]
Benchmarking (faiss_vote_200):   6%|▋         | 896/13956 [00:05<01:22, 158.51it/s]
Benchmarking (faiss_vote_200):   7%|▋         | 912/13956 [00:05<01:22, 158.65it/s]
Benchmarking (faiss_vote_200):   7%|▋         | 928/13956 [00:05<01:21, 158.92it/s]
Benchmarking (faiss_vote_200):   7%|▋         | 944/13956 [00:05<01:21, 158.73it/s]
Benchmarking (faiss_vote_200):   7%|▋         | 960/13956 [00:06<01:22, 158.36it/s]
Benchmarking (faiss_vote_200):   7%|▋         | 976/13956 [00:06<01:22, 157.74it/s]
Benchmarking (faiss_vote_200):   7%|▋         | 992/13956 [00:06<01:22, 157.85it/s]INFO:src.evaluation.benchmark_partition_selection:      [VOTE DEBUG] search: 6.03ms | tally: 0.16ms | nodes: 200
Benchmarking (faiss_vote_200):   7%|▋         | 1008/13956 [00:06<01:22, 157.74it/s]
Benchmarking (faiss_vote_200):   7%|▋         | 1024/13956 [00:06<01:21, 158.01it/s]
Benchmarking (faiss_vote_200):   7%|▋         | 1040/13956 [00:06<01:21, 158.28it/s]
Benchmarking (faiss_vote_200):   8%|▊         | 1056/13956 [00:06<01:21, 158.69it/s]
Benchmarking (faiss_vote_200):   8%|▊         | 1072/13956 [00:06<01:21, 158.83it/s]
Benchmarking (faiss_vote_200):   8%|▊         | 1088/13956 [00:06<01:21, 158.61it/s]
Benchmarking (faiss_vote_200):   8%|▊         | 1104/13956 [00:06<01:20, 158.76it/s]
Benchmarking (faiss_vote_200):   8%|▊         | 1120/13956 [00:07<01:20, 158.76it/s]
Benchmarking (faiss_vote_200):   8%|▊         | 1136/13956 [00:07<01:20, 158.92it/s]
Benchmarking (faiss_vote_200):   8%|▊         | 1152/13956 [00:07<01:20, 159.14it/s]
Benchmarking (faiss_vote_200):   8%|▊         | 1168/13956 [00:07<01:20, 159.24it/s]
Benchmarking (faiss_vote_200):   8%|▊         | 1184/13956 [00:07<01:20, 158.93it/s]
Benchmarking (faiss_vote_200):   9%|▊         | 1200/13956 [00:07<01:20, 158.22it/s]
Benchmarking (faiss_vote_200):   9%|▊         | 1216/13956 [00:07<01:20, 157.79it/s]
Benchmarking (faiss_vote_200):   9%|▉         | 1232/13956 [00:07<01:20, 157.46it/s]
Benchmarking (faiss_vote_200):   9%|▉         | 1248/13956 [00:07<01:20, 157.55it/s]
Benchmarking (faiss_vote_200):   9%|▉         | 1264/13956 [00:07<01:20, 157.68it/s]
Benchmarking (faiss_vote_200):   9%|▉         | 1280/13956 [00:08<01:20, 157.65it/s]
Benchmarking (faiss_vote_200):   9%|▉         | 1296/13956 [00:08<01:20, 157.77it/s]
Benchmarking (faiss_vote_200):   9%|▉         | 1312/13956 [00:08<01:20, 157.51it/s]
Benchmarking (faiss_vote_200):  10%|▉         | 1328/13956 [00:08<01:20, 157.60it/s]
Benchmarking (faiss_vote_200):  10%|▉         | 1344/13956 [00:08<01:20, 157.46it/s]
Benchmarking (faiss_vote_200):  10%|▉         | 1360/13956 [00:08<01:20, 157.29it/s]
Benchmarking (faiss_vote_200):  10%|▉         | 1376/13956 [00:08<01:20, 157.16it/s]
Benchmarking (faiss_vote_200):  10%|▉         | 1392/13956 [00:08<01:19, 157.16it/s]
Benchmarking (faiss_vote_200):  10%|█         | 1408/13956 [00:08<01:19, 157.11it/s]
Benchmarking (faiss_vote_200):  10%|█         | 1424/13956 [00:09<01:19, 156.91it/s]
Benchmarking (faiss_vote_200):  10%|█         | 1440/13956 [00:09<01:19, 156.93it/s]
Benchmarking (faiss_vote_200):  10%|█         | 1456/13956 [00:09<01:19, 157.15it/s]
Benchmarking (faiss_vote_200):  11%|█         | 1472/13956 [00:09<01:19, 157.30it/s]
Benchmarking (faiss_vote_200):  11%|█         | 1488/13956 [00:09<01:19, 157.48it/s]INFO:src.evaluation.benchmark_partition_selection:      [VOTE DEBUG] search: 6.06ms | tally: 0.18ms | nodes: 200
Benchmarking (faiss_vote_200):  11%|█         | 1504/13956 [00:09<01:19, 157.55it/s]
Benchmarking (faiss_vote_200):  11%|█         | 1520/13956 [00:09<01:18, 157.71it/s]
Benchmarking (faiss_vote_200):  11%|█         | 1536/13956 [00:09<01:18, 157.78it/s]
Benchmarking (faiss_vote_200):  11%|█         | 1552/13956 [00:09<01:18, 157.99it/s]
Benchmarking (faiss_vote_200):  11%|█         | 1568/13956 [00:09<01:18, 158.30it/s]
Benchmarking (faiss_vote_200):  11%|█▏        | 1584/13956 [00:10<01:18, 158.40it/s]
Benchmarking (faiss_vote_200):  11%|█▏        | 1600/13956 [00:10<01:18, 158.30it/s]
Benchmarking (faiss_vote_200):  12%|█▏        | 1616/13956 [00:10<01:18, 158.15it/s]
Benchmarking (faiss_vote_200):  12%|█▏        | 1632/13956 [00:10<01:17, 158.12it/s]
Benchmarking (faiss_vote_200):  12%|█▏        | 1648/13956 [00:10<01:17, 158.16it/s]
Benchmarking (faiss_vote_200):  12%|█▏        | 1664/13956 [00:10<01:17, 158.29it/s]
Benchmarking (faiss_vote_200):  12%|█▏        | 1680/13956 [00:10<01:17, 158.25it/s]
Benchmarking (faiss_vote_200):  12%|█▏        | 1696/13956 [00:10<01:17, 158.26it/s]
Benchmarking (faiss_vote_200):  12%|█▏        | 1712/13956 [00:10<01:17, 158.51it/s]
Benchmarking (faiss_vote_200):  12%|█▏        | 1728/13956 [00:10<01:17, 158.70it/s]
Benchmarking (faiss_vote_200):  12%|█▏        | 1744/13956 [00:11<01:17, 158.15it/s]
Benchmarking (faiss_vote_200):  13%|█▎        | 1760/13956 [00:11<01:17, 158.23it/s]
Benchmarking (faiss_vote_200):  13%|█▎        | 1776/13956 [00:11<01:17, 157.73it/s]
Benchmarking (faiss_vote_200):  13%|█▎        | 1792/13956 [00:11<01:17, 157.79it/s]
Benchmarking (faiss_vote_200):  13%|█▎        | 1808/13956 [00:11<01:16, 158.01it/s]
Benchmarking (faiss_vote_200):  13%|█▎        | 1824/13956 [00:11<01:16, 158.28it/s]
Benchmarking (faiss_vote_200):  13%|█▎        | 1840/13956 [00:11<01:16, 158.32it/s]
Benchmarking (faiss_vote_200):  13%|█▎        | 1856/13956 [00:11<01:16, 158.43it/s]
Benchmarking (faiss_vote_200):  13%|█▎        | 1872/13956 [00:11<01:16, 157.94it/s]
Benchmarking (faiss_vote_200):  14%|█▎        | 1888/13956 [00:11<01:16, 157.79it/s]
Benchmarking (faiss_vote_200):  14%|█▎        | 1904/13956 [00:12<01:16, 157.83it/s]
Benchmarking (faiss_vote_200):  14%|█▍        | 1920/13956 [00:12<01:16, 158.12it/s]
Benchmarking (faiss_vote_200):  14%|█▍        | 1936/13956 [00:12<01:15, 158.27it/s]
Benchmarking (faiss_vote_200):  14%|█▍        | 1952/13956 [00:12<01:15, 158.28it/s]
Benchmarking (faiss_vote_200):  14%|█▍        | 1968/13956 [00:12<01:15, 158.42it/s]
Benchmarking (faiss_vote_200):  14%|█▍        | 1984/13956 [00:12<01:15, 158.59it/s]
Benchmarking (faiss_vote_200):  14%|█▍        | 2000/13956 [00:12<01:15, 158.15it/s]INFO:src.evaluation.benchmark_partition_selection:      [VOTE DEBUG] search: 6.12ms | tally: 0.20ms | nodes: 200
Benchmarking (faiss_vote_200):  14%|█▍        | 2016/13956 [00:12<01:16, 156.93it/s]
Benchmarking (faiss_vote_200):  15%|█▍        | 2032/13956 [00:12<01:16, 156.33it/s]
Benchmarking (faiss_vote_200):  15%|█▍        | 2048/13956 [00:12<01:16, 156.20it/s]
Benchmarking (faiss_vote_200):  15%|█▍        | 2064/13956 [00:13<01:16, 155.99it/s]
Benchmarking (faiss_vote_200):  15%|█▍        | 2080/13956 [00:13<01:16, 156.05it/s]
Benchmarking (faiss_vote_200):  15%|█▌        | 2096/13956 [00:13<01:15, 156.11it/s]
Benchmarking (faiss_vote_200):  15%|█▌        | 2112/13956 [00:13<01:15, 156.12it/s]
Benchmarking (faiss_vote_200):  15%|█▌        | 2128/13956 [00:13<01:15, 155.71it/s]
Benchmarking (faiss_vote_200):  15%|█▌        | 2144/13956 [00:13<01:15, 155.77it/s]
Benchmarking (faiss_vote_200):  15%|█▌        | 2160/13956 [00:13<01:15, 155.86it/s]
Benchmarking (faiss_vote_200):  16%|█▌        | 2176/13956 [00:13<01:15, 156.05it/s]
Benchmarking (faiss_vote_200):  16%|█▌        | 2192/13956 [00:13<01:15, 156.50it/s]
Benchmarking (faiss_vote_200):  16%|█▌        | 2208/13956 [00:13<01:14, 156.83it/s]
Benchmarking (faiss_vote_200):  16%|█▌        | 2224/13956 [00:14<01:14, 157.19it/s]
Benchmarking (faiss_vote_200):  16%|█▌        | 2240/13956 [00:14<01:14, 157.61it/s]
Benchmarking (faiss_vote_200):  16%|█▌        | 2256/13956 [00:14<01:14, 157.78it/s]
Benchmarking (faiss_vote_200):  16%|█▋        | 2272/13956 [00:14<01:13, 157.96it/s]
Benchmarking (faiss_vote_200):  16%|█▋        | 2288/13956 [00:14<01:14, 157.22it/s]
Benchmarking (faiss_vote_200):  17%|█▋        | 2304/13956 [00:14<01:14, 156.90it/s]
Benchmarking (faiss_vote_200):  17%|█▋        | 2320/13956 [00:14<01:13, 157.34it/s]
Benchmarking (faiss_vote_200):  17%|█▋        | 2336/13956 [00:14<01:13, 157.32it/s]
Benchmarking (faiss_vote_200):  17%|█▋        | 2352/13956 [00:14<01:13, 157.12it/s]
Benchmarking (faiss_vote_200):  17%|█▋        | 2368/13956 [00:14<01:13, 157.21it/s]
Benchmarking (faiss_vote_200):  17%|█▋        | 2384/13956 [00:15<01:13, 157.57it/s]
Benchmarking (faiss_vote_200):  17%|█▋        | 2400/13956 [00:15<01:13, 158.02it/s]
Benchmarking (faiss_vote_200):  17%|█▋        | 2416/13956 [00:15<01:13, 157.69it/s]
Benchmarking (faiss_vote_200):  17%|█▋        | 2432/13956 [00:15<01:13, 157.52it/s]
Benchmarking (faiss_vote_200):  18%|█▊        | 2448/13956 [00:15<01:13, 157.43it/s]
Benchmarking (faiss_vote_200):  18%|█▊        | 2464/13956 [00:15<01:13, 157.38it/s]
Benchmarking (faiss_vote_200):  18%|█▊        | 2480/13956 [00:15<01:12, 157.27it/s]
Benchmarking (faiss_vote_200):  18%|█▊        | 2496/13956 [00:15<01:12, 157.25it/s]INFO:src.evaluation.benchmark_partition_selection:      [VOTE DEBUG] search: 6.02ms | tally: 0.18ms | nodes: 200
Benchmarking (faiss_vote_200):  18%|█▊        | 2512/13956 [00:15<01:12, 157.34it/s]
Benchmarking (faiss_vote_200):  18%|█▊        | 2528/13956 [00:16<01:12, 157.68it/s]
Benchmarking (faiss_vote_200):  18%|█▊        | 2544/13956 [00:16<01:12, 157.84it/s]
Benchmarking (faiss_vote_200):  18%|█▊        | 2560/13956 [00:16<01:12, 157.82it/s]
Benchmarking (faiss_vote_200):  18%|█▊        | 2576/13956 [00:16<01:12, 157.77it/s]
Benchmarking (faiss_vote_200):  19%|█▊        | 2592/13956 [00:16<01:12, 157.81it/s]
Benchmarking (faiss_vote_200):  19%|█▊        | 2608/13956 [00:16<01:11, 157.76it/s]
Benchmarking (faiss_vote_200):  19%|█▉        | 2624/13956 [00:16<01:11, 157.95it/s]
Benchmarking (faiss_vote_200):  19%|█▉        | 2640/13956 [00:16<01:11, 158.16it/s]
Benchmarking (faiss_vote_200):  19%|█▉        | 2656/13956 [00:16<01:11, 158.29it/s]
Benchmarking (faiss_vote_200):  19%|█▉        | 2672/13956 [00:16<01:11, 158.47it/s]
Benchmarking (faiss_vote_200):  19%|█▉        | 2688/13956 [00:17<01:11, 158.43it/s]
Benchmarking (faiss_vote_200):  19%|█▉        | 2704/13956 [00:17<01:11, 158.35it/s]
Benchmarking (faiss_vote_200):  19%|█▉        | 2720/13956 [00:17<01:10, 158.37it/s]
Benchmarking (faiss_vote_200):  20%|█▉        | 2736/13956 [00:17<01:10, 158.52it/s]
Benchmarking (faiss_vote_200):  20%|█▉        | 2752/13956 [00:17<01:10, 158.49it/s]
Benchmarking (faiss_vote_200):  20%|█▉        | 2768/13956 [00:17<01:10, 158.38it/s]
Benchmarking (faiss_vote_200):  20%|█▉        | 2784/13956 [00:17<01:10, 158.34it/s]
Benchmarking (faiss_vote_200):  20%|██        | 2800/13956 [00:17<01:10, 158.54it/s]
Benchmarking (faiss_vote_200):  20%|██        | 2816/13956 [00:17<01:10, 158.69it/s]
Benchmarking (faiss_vote_200):  20%|██        | 2832/13956 [00:17<01:10, 158.69it/s]
Benchmarking (faiss_vote_200):  20%|██        | 2848/13956 [00:18<01:10, 158.66it/s]
Benchmarking (faiss_vote_200):  21%|██        | 2864/13956 [00:18<01:10, 158.41it/s]
Benchmarking (faiss_vote_200):  21%|██        | 2880/13956 [00:18<01:09, 158.42it/s]
Benchmarking (faiss_vote_200):  21%|██        | 2896/13956 [00:18<01:09, 158.14it/s]
Benchmarking (faiss_vote_200):  21%|██        | 2912/13956 [00:18<01:10, 157.65it/s]
Benchmarking (faiss_vote_200):  21%|██        | 2928/13956 [00:18<01:10, 157.48it/s]
Benchmarking (faiss_vote_200):  21%|██        | 2944/13956 [00:18<01:09, 157.41it/s]
Benchmarking (faiss_vote_200):  21%|██        | 2960/13956 [00:18<01:09, 157.33it/s]
Benchmarking (faiss_vote_200):  21%|██▏       | 2976/13956 [00:18<01:09, 157.39it/s]
Benchmarking (faiss_vote_200):  21%|██▏       | 2992/13956 [00:18<01:09, 157.78it/s]INFO:src.evaluation.benchmark_partition_selection:      [VOTE DEBUG] search: 5.98ms | tally: 0.17ms | nodes: 200
Benchmarking (faiss_vote_200):  22%|██▏       | 3008/13956 [00:19<01:09, 157.82it/s]
Benchmarking (faiss_vote_200):  22%|██▏       | 3024/13956 [00:19<01:09, 158.15it/s]
Benchmarking (faiss_vote_200):  22%|██▏       | 3040/13956 [00:19<01:08, 158.39it/s]
Benchmarking (faiss_vote_200):  22%|██▏       | 3056/13956 [00:19<01:08, 158.46it/s]
Benchmarking (faiss_vote_200):  22%|██▏       | 3072/13956 [00:19<01:08, 158.36it/s]
Benchmarking (faiss_vote_200):  22%|██▏       | 3088/13956 [00:19<01:08, 157.97it/s]
Benchmarking (faiss_vote_200):  22%|██▏       | 3104/13956 [00:19<01:08, 157.46it/s]
Benchmarking (faiss_vote_200):  22%|██▏       | 3120/13956 [00:19<01:08, 157.14it/s]
Benchmarking (faiss_vote_200):  22%|██▏       | 3136/13956 [00:19<01:08, 156.85it/s]
Benchmarking (faiss_vote_200):  23%|██▎       | 3152/13956 [00:19<01:08, 156.65it/s]
Benchmarking (faiss_vote_200):  23%|██▎       | 3168/13956 [00:20<01:08, 156.61it/s]
Benchmarking (faiss_vote_200):  23%|██▎       | 3184/13956 [00:20<01:08, 156.84it/s]
Benchmarking (faiss_vote_200):  23%|██▎       | 3200/13956 [00:20<01:08, 157.38it/s]
Benchmarking (faiss_vote_200):  23%|██▎       | 3216/13956 [00:20<01:08, 157.41it/s]
Benchmarking (faiss_vote_200):  23%|██▎       | 3232/13956 [00:20<01:08, 157.64it/s]
Benchmarking (faiss_vote_200):  23%|██▎       | 3248/13956 [00:20<01:07, 157.67it/s]
Benchmarking (faiss_vote_200):  23%|██▎       | 3264/13956 [00:20<01:07, 157.86it/s]
Benchmarking (faiss_vote_200):  24%|██▎       | 3280/13956 [00:20<01:07, 158.12it/s]
Benchmarking (faiss_vote_200):  24%|██▎       | 3296/13956 [00:20<01:07, 158.20it/s]
Benchmarking (faiss_vote_200):  24%|██▎       | 3312/13956 [00:20<01:07, 157.71it/s]
Benchmarking (faiss_vote_200):  24%|██▍       | 3328/13956 [00:21<01:07, 157.26it/s]
Benchmarking (faiss_vote_200):  24%|██▍       | 3344/13956 [00:21<01:07, 157.73it/s]
Benchmarking (faiss_vote_200):  24%|██▍       | 3360/13956 [00:21<01:06, 158.26it/s]
Benchmarking (faiss_vote_200):  24%|██▍       | 3376/13956 [00:21<01:06, 158.57it/s]
Benchmarking (faiss_vote_200):  24%|██▍       | 3392/13956 [00:21<01:06, 158.82it/s]
Benchmarking (faiss_vote_200):  24%|██▍       | 3408/13956 [00:21<01:06, 158.95it/s]
Benchmarking (faiss_vote_200):  25%|██▍       | 3424/13956 [00:21<01:06, 159.11it/s]
Benchmarking (faiss_vote_200):  25%|██▍       | 3440/13956 [00:21<01:06, 159.27it/s]
Benchmarking (faiss_vote_200):  25%|██▍       | 3456/13956 [00:21<01:05, 159.26it/s]
Benchmarking (faiss_vote_200):  25%|██▍       | 3472/13956 [00:21<01:05, 159.31it/s]
Benchmarking (faiss_vote_200):  25%|██▍       | 3488/13956 [00:22<01:05, 159.25it/s]INFO:src.evaluation.benchmark_partition_selection:      [VOTE DEBUG] search: 5.95ms | tally: 0.19ms | nodes: 200
Benchmarking (faiss_vote_200):  25%|██▌       | 3504/13956 [00:22<01:05, 159.21it/s]
Benchmarking (faiss_vote_200):  25%|██▌       | 3520/13956 [00:22<01:05, 159.23it/s]
Benchmarking (faiss_vote_200):  25%|██▌       | 3536/13956 [00:22<01:05, 159.34it/s]
Benchmarking (faiss_vote_200):  25%|██▌       | 3552/13956 [00:22<01:05, 158.96it/s]
Benchmarking (faiss_vote_200):  26%|██▌       | 3568/13956 [00:22<01:05, 159.02it/s]
Benchmarking (faiss_vote_200):  26%|██▌       | 3584/13956 [00:22<01:05, 158.94it/s]
Benchmarking (faiss_vote_200):  26%|██▌       | 3600/13956 [00:22<01:05, 158.88it/s]
Benchmarking (faiss_vote_200):  26%|██▌       | 3616/13956 [00:22<01:05, 158.28it/s]
Benchmarking (faiss_vote_200):  26%|██▌       | 3632/13956 [00:22<01:05, 158.22it/s]
Benchmarking (faiss_vote_200):  26%|██▌       | 3648/13956 [00:23<01:05, 158.32it/s]
Benchmarking (faiss_vote_200):  26%|██▋       | 3664/13956 [00:23<01:04, 158.50it/s]
Benchmarking (faiss_vote_200):  26%|██▋       | 3680/13956 [00:23<01:04, 158.76it/s]
Benchmarking (faiss_vote_200):  26%|██▋       | 3696/13956 [00:23<01:04, 158.91it/s]
Benchmarking (faiss_vote_200):  27%|██▋       | 3712/13956 [00:23<01:04, 158.88it/s]
Benchmarking (faiss_vote_200):  27%|██▋       | 3728/13956 [00:23<01:04, 158.85it/s]
Benchmarking (faiss_vote_200):  27%|██▋       | 3744/13956 [00:23<01:04, 158.82it/s]
Benchmarking (faiss_vote_200):  27%|██▋       | 3760/13956 [00:23<01:04, 158.60it/s]
Benchmarking (faiss_vote_200):  27%|██▋       | 3776/13956 [00:23<01:04, 158.51it/s]
Benchmarking (faiss_vote_200):  27%|██▋       | 3792/13956 [00:24<01:04, 158.73it/s]
Benchmarking (faiss_vote_200):  27%|██▋       | 3808/13956 [00:24<01:03, 159.01it/s]
Benchmarking (faiss_vote_200):  27%|██▋       | 3824/13956 [00:24<01:03, 159.11it/s]
Benchmarking (faiss_vote_200):  28%|██▊       | 3840/13956 [00:24<01:03, 158.48it/s]
Benchmarking (faiss_vote_200):  28%|██▊       | 3856/13956 [00:24<01:03, 157.94it/s]
Benchmarking (faiss_vote_200):  28%|██▊       | 3872/13956 [00:24<01:03, 157.80it/s]
Benchmarking (faiss_vote_200):  28%|██▊       | 3888/13956 [00:24<01:03, 157.80it/s]
Benchmarking (faiss_vote_200):  28%|██▊       | 3904/13956 [00:24<01:03, 157.78it/s]
Benchmarking (faiss_vote_200):  28%|██▊       | 3920/13956 [00:24<01:03, 157.77it/s]
Benchmarking (faiss_vote_200):  28%|██▊       | 3936/13956 [00:24<01:03, 157.61it/s]
Benchmarking (faiss_vote_200):  28%|██▊       | 3952/13956 [00:25<01:03, 157.49it/s]
Benchmarking (faiss_vote_200):  28%|██▊       | 3968/13956 [00:25<01:03, 157.47it/s]
Benchmarking (faiss_vote_200):  29%|██▊       | 3984/13956 [00:25<01:03, 157.52it/s]
Benchmarking (faiss_vote_200):  29%|██▊       | 4000/13956 [00:25<01:03, 157.32it/s]INFO:src.evaluation.benchmark_partition_selection:      [VOTE DEBUG] search: 6.10ms | tally: 0.20ms | nodes: 200
Benchmarking (faiss_vote_200):  29%|██▉       | 4016/13956 [00:25<01:03, 157.28it/s]
Benchmarking (faiss_vote_200):  29%|██▉       | 4032/13956 [00:25<01:03, 157.23it/s]
Benchmarking (faiss_vote_200):  29%|██▉       | 4048/13956 [00:25<01:03, 157.08it/s]
Benchmarking (faiss_vote_200):  29%|██▉       | 4064/13956 [00:25<01:02, 157.36it/s]
Benchmarking (faiss_vote_200):  29%|██▉       | 4080/13956 [00:25<01:02, 157.28it/s]
Benchmarking (faiss_vote_200):  29%|██▉       | 4096/13956 [00:25<01:02, 156.69it/s]
Benchmarking (faiss_vote_200):  29%|██▉       | 4112/13956 [00:26<01:02, 156.92it/s]
Benchmarking (faiss_vote_200):  30%|██▉       | 4128/13956 [00:26<01:02, 157.13it/s]
Benchmarking (faiss_vote_200):  30%|██▉       | 4144/13956 [00:26<01:02, 157.16it/s]
Benchmarking (faiss_vote_200):  30%|██▉       | 4160/13956 [00:26<01:02, 157.41it/s]
Benchmarking (faiss_vote_200):  30%|██▉       | 4176/13956 [00:26<01:02, 157.54it/s]
Benchmarking (faiss_vote_200):  30%|███       | 4192/13956 [00:26<01:01, 157.79it/s]
Benchmarking (faiss_vote_200):  30%|███       | 4208/13956 [00:26<01:01, 157.58it/s]
Benchmarking (faiss_vote_200):  30%|███       | 4224/13956 [00:26<01:01, 157.36it/s]
Benchmarking (faiss_vote_200):  30%|███       | 4240/13956 [00:26<01:01, 157.28it/s]
Benchmarking (faiss_vote_200):  30%|███       | 4256/13956 [00:26<01:01, 157.25it/s]
Benchmarking (faiss_vote_200):  31%|███       | 4272/13956 [00:27<01:01, 157.09it/s]
Benchmarking (faiss_vote_200):  31%|███       | 4288/13956 [00:27<01:01, 157.16it/s]
Benchmarking (faiss_vote_200):  31%|███       | 4304/13956 [00:27<01:01, 157.26it/s]
Benchmarking (faiss_vote_200):  31%|███       | 4320/13956 [00:27<01:01, 157.07it/s]
Benchmarking (faiss_vote_200):  31%|███       | 4336/13956 [00:27<01:01, 156.92it/s]
Benchmarking (faiss_vote_200):  31%|███       | 4352/13956 [00:27<01:01, 156.79it/s]
Benchmarking (faiss_vote_200):  31%|███▏      | 4368/13956 [00:27<01:01, 156.71it/s]
Benchmarking (faiss_vote_200):  31%|███▏      | 4384/13956 [00:27<01:00, 157.05it/s]
Benchmarking (faiss_vote_200):  32%|███▏      | 4400/13956 [00:27<01:00, 156.87it/s]
Benchmarking (faiss_vote_200):  32%|███▏      | 4416/13956 [00:27<01:00, 156.68it/s]
Benchmarking (faiss_vote_200):  32%|███▏      | 4432/13956 [00:28<01:00, 156.30it/s]
Benchmarking (faiss_vote_200):  32%|███▏      | 4448/13956 [00:28<01:00, 156.55it/s]
Benchmarking (faiss_vote_200):  32%|███▏      | 4464/13956 [00:28<01:00, 157.02it/s]
Benchmarking (faiss_vote_200):  32%|███▏      | 4480/13956 [00:28<01:00, 157.48it/s]
Benchmarking (faiss_vote_200):  32%|███▏      | 4496/13956 [00:28<01:00, 157.52it/s]INFO:src.evaluation.benchmark_partition_selection:      [VOTE DEBUG] search: 6.04ms | tally: 0.18ms | nodes: 200
Benchmarking (faiss_vote_200):  32%|███▏      | 4512/13956 [00:28<01:00, 157.15it/s]
Benchmarking (faiss_vote_200):  32%|███▏      | 4528/13956 [00:28<01:00, 156.92it/s]
Benchmarking (faiss_vote_200):  33%|███▎      | 4544/13956 [00:28<01:00, 156.77it/s]
Benchmarking (faiss_vote_200):  33%|███▎      | 4560/13956 [00:28<01:00, 156.56it/s]
Benchmarking (faiss_vote_200):  33%|███▎      | 4576/13956 [00:28<00:59, 156.38it/s]
Benchmarking (faiss_vote_200):  33%|███▎      | 4592/13956 [00:29<01:00, 155.85it/s]
Benchmarking (faiss_vote_200):  33%|███▎      | 4608/13956 [00:29<01:00, 155.64it/s]
Benchmarking (faiss_vote_200):  33%|███▎      | 4624/13956 [00:29<01:00, 155.52it/s]
Benchmarking (faiss_vote_200):  33%|███▎      | 4640/13956 [00:29<01:00, 155.17it/s]
Benchmarking (faiss_vote_200):  33%|███▎      | 4656/13956 [00:29<01:00, 154.97it/s]
Benchmarking (faiss_vote_200):  33%|███▎      | 4672/13956 [00:29<01:00, 154.64it/s]
Benchmarking (faiss_vote_200):  34%|███▎      | 4688/13956 [00:29<00:59, 154.77it/s]
Benchmarking (faiss_vote_200):  34%|███▎      | 4704/13956 [00:29<00:59, 154.96it/s]
Benchmarking (faiss_vote_200):  34%|███▍      | 4720/13956 [00:29<00:59, 155.32it/s]
Benchmarking (faiss_vote_200):  34%|███▍      | 4736/13956 [00:30<00:59, 155.60it/s]
Benchmarking (faiss_vote_200):  34%|███▍      | 4752/13956 [00:30<00:59, 155.76it/s]
Benchmarking (faiss_vote_200):  34%|███▍      | 4768/13956 [00:30<00:58, 155.79it/s]
Benchmarking (faiss_vote_200):  34%|███▍      | 4784/13956 [00:30<00:58, 155.46it/s]
Benchmarking (faiss_vote_200):  34%|███▍      | 4800/13956 [00:30<00:58, 155.60it/s]
Benchmarking (faiss_vote_200):  35%|███▍      | 4816/13956 [00:30<00:58, 155.37it/s]
Benchmarking (faiss_vote_200):  35%|███▍      | 4832/13956 [00:30<00:58, 155.40it/s]
Benchmarking (faiss_vote_200):  35%|███▍      | 4848/13956 [00:30<00:58, 155.54it/s]
Benchmarking (faiss_vote_200):  35%|███▍      | 4864/13956 [00:30<00:58, 155.74it/s]
Benchmarking (faiss_vote_200):  35%|███▍      | 4880/13956 [00:30<00:58, 155.79it/s]
Benchmarking (faiss_vote_200):  35%|███▌      | 4896/13956 [00:31<00:58, 155.70it/s]
Benchmarking (faiss_vote_200):  35%|███▌      | 4912/13956 [00:31<00:58, 155.91it/s]
Benchmarking (faiss_vote_200):  35%|███▌      | 4928/13956 [00:31<00:57, 156.01it/s]
Benchmarking (faiss_vote_200):  35%|███▌      | 4944/13956 [00:31<00:57, 155.65it/s]
Benchmarking (faiss_vote_200):  36%|███▌      | 4960/13956 [00:31<00:57, 155.95it/s]
Benchmarking (faiss_vote_200):  36%|███▌      | 4976/13956 [00:31<00:57, 156.16it/s]
Benchmarking (faiss_vote_200):  36%|███▌      | 4992/13956 [00:31<00:57, 156.40it/s]INFO:src.evaluation.benchmark_partition_selection:      [VOTE DEBUG] search: 6.06ms | tally: 0.20ms | nodes: 200
Benchmarking (faiss_vote_200):  36%|███▌      | 5008/13956 [00:31<00:57, 156.40it/s]
Benchmarking (faiss_vote_200):  36%|███▌      | 5024/13956 [00:31<00:57, 156.34it/s]
Benchmarking (faiss_vote_200):  36%|███▌      | 5040/13956 [00:31<00:57, 156.18it/s]
Benchmarking (faiss_vote_200):  36%|███▌      | 5056/13956 [00:32<00:56, 156.47it/s]
Benchmarking (faiss_vote_200):  36%|███▋      | 5072/13956 [00:32<00:56, 156.47it/s]
Benchmarking (faiss_vote_200):  36%|███▋      | 5088/13956 [00:32<00:56, 156.39it/s]
Benchmarking (faiss_vote_200):  37%|███▋      | 5104/13956 [00:32<00:56, 156.60it/s]
Benchmarking (faiss_vote_200):  37%|███▋      | 5120/13956 [00:32<00:56, 157.16it/s]
Benchmarking (faiss_vote_200):  37%|███▋      | 5136/13956 [00:32<00:55, 157.86it/s]
Benchmarking (faiss_vote_200):  37%|███▋      | 5152/13956 [00:32<00:55, 158.03it/s]
Benchmarking (faiss_vote_200):  37%|███▋      | 5168/13956 [00:32<00:55, 158.27it/s]
Benchmarking (faiss_vote_200):  37%|███▋      | 5184/13956 [00:32<00:55, 157.86it/s]
Benchmarking (faiss_vote_200):  37%|███▋      | 5200/13956 [00:32<00:55, 157.63it/s]
Benchmarking (faiss_vote_200):  37%|███▋      | 5216/13956 [00:33<00:55, 157.55it/s]
Benchmarking (faiss_vote_200):  37%|███▋      | 5232/13956 [00:33<00:55, 158.23it/s]
Benchmarking (faiss_vote_200):  38%|███▊      | 5248/13956 [00:33<00:54, 158.74it/s]
Benchmarking (faiss_vote_200):  38%|███▊      | 5264/13956 [00:33<00:54, 159.04it/s]
Benchmarking (faiss_vote_200):  38%|███▊      | 5280/13956 [00:33<00:54, 159.25it/s]
Benchmarking (faiss_vote_200):  38%|███▊      | 5296/13956 [00:33<00:54, 159.26it/s]
Benchmarking (faiss_vote_200):  38%|███▊      | 5312/13956 [00:33<00:54, 159.45it/s]
Benchmarking (faiss_vote_200):  38%|███▊      | 5329/13956 [00:33<00:54, 159.73it/s]
Benchmarking (faiss_vote_200):  38%|███▊      | 5345/13956 [00:33<00:53, 159.75it/s]
Benchmarking (faiss_vote_200):  38%|███▊      | 5361/13956 [00:33<00:53, 159.42it/s]
Benchmarking (faiss_vote_200):  39%|███▊      | 5377/13956 [00:34<00:53, 159.30it/s]
Benchmarking (faiss_vote_200):  39%|███▊      | 5393/13956 [00:34<00:53, 159.29it/s]
Benchmarking (faiss_vote_200):  39%|███▉      | 5409/13956 [00:34<00:53, 159.29it/s]
Benchmarking (faiss_vote_200):  39%|███▉      | 5425/13956 [00:34<00:53, 159.21it/s]
Benchmarking (faiss_vote_200):  39%|███▉      | 5441/13956 [00:34<00:53, 159.24it/s]
Benchmarking (faiss_vote_200):  39%|███▉      | 5457/13956 [00:34<00:53, 159.17it/s]
Benchmarking (faiss_vote_200):  39%|███▉      | 5473/13956 [00:34<00:53, 159.17it/s]
Benchmarking (faiss_vote_200):  39%|███▉      | 5489/13956 [00:34<00:53, 159.14it/s]INFO:src.evaluation.benchmark_partition_selection:      [VOTE DEBUG] search: 5.94ms | tally: 0.19ms | nodes: 200
Benchmarking (faiss_vote_200):  39%|███▉      | 5505/13956 [00:34<00:53, 158.79it/s]
Benchmarking (faiss_vote_200):  40%|███▉      | 5521/13956 [00:35<00:53, 158.75it/s]
Benchmarking (faiss_vote_200):  40%|███▉      | 5537/13956 [00:35<00:53, 158.41it/s]
Benchmarking (faiss_vote_200):  40%|███▉      | 5553/13956 [00:35<00:53, 158.24it/s]
Benchmarking (faiss_vote_200):  40%|███▉      | 5569/13956 [00:35<00:53, 158.21it/s]
Benchmarking (faiss_vote_200):  40%|████      | 5585/13956 [00:35<00:52, 158.07it/s]
Benchmarking (faiss_vote_200):  40%|████      | 5601/13956 [00:35<00:52, 158.43it/s]
Benchmarking (faiss_vote_200):  40%|████      | 5617/13956 [00:35<00:52, 158.67it/s]
Benchmarking (faiss_vote_200):  40%|████      | 5633/13956 [00:35<00:52, 158.69it/s]
Benchmarking (faiss_vote_200):  40%|████      | 5649/13956 [00:35<00:52, 158.53it/s]
Benchmarking (faiss_vote_200):  41%|████      | 5665/13956 [00:35<00:52, 158.45it/s]
Benchmarking (faiss_vote_200):  41%|████      | 5681/13956 [00:36<00:52, 158.55it/s]
Benchmarking (faiss_vote_200):  41%|████      | 5697/13956 [00:36<00:52, 158.48it/s]
Benchmarking (faiss_vote_200):  41%|████      | 5713/13956 [00:36<00:52, 158.41it/s]
Benchmarking (faiss_vote_200):  41%|████      | 5729/13956 [00:36<00:51, 158.27it/s]
Benchmarking (faiss_vote_200):  41%|████      | 5745/13956 [00:36<00:51, 158.37it/s]
Benchmarking (faiss_vote_200):  41%|████▏     | 5761/13956 [00:36<00:51, 157.90it/s]
Benchmarking (faiss_vote_200):  41%|████▏     | 5777/13956 [00:36<00:51, 158.09it/s]
Benchmarking (faiss_vote_200):  42%|████▏     | 5793/13956 [00:36<00:51, 158.46it/s]
Benchmarking (faiss_vote_200):  42%|████▏     | 5809/13956 [00:36<00:51, 158.37it/s]
Benchmarking (faiss_vote_200):  42%|████▏     | 5825/13956 [00:36<00:51, 158.45it/s]
Benchmarking (faiss_vote_200):  42%|████▏     | 5841/13956 [00:37<00:51, 158.44it/s]
Benchmarking (faiss_vote_200):  42%|████▏     | 5857/13956 [00:37<00:51, 158.49it/s]
Benchmarking (faiss_vote_200):  42%|████▏     | 5873/13956 [00:37<00:50, 158.64it/s]
Benchmarking (faiss_vote_200):  42%|████▏     | 5889/13956 [00:37<00:50, 158.40it/s]
Benchmarking (faiss_vote_200):  42%|████▏     | 5905/13956 [00:37<00:50, 158.30it/s]
Benchmarking (faiss_vote_200):  42%|████▏     | 5921/13956 [00:37<00:50, 158.24it/s]
Benchmarking (faiss_vote_200):  43%|████▎     | 5937/13956 [00:37<00:50, 158.15it/s]
Benchmarking (faiss_vote_200):  43%|████▎     | 5953/13956 [00:37<00:50, 158.07it/s]
Benchmarking (faiss_vote_200):  43%|████▎     | 5969/13956 [00:37<00:50, 157.46it/s]
Benchmarking (faiss_vote_200):  43%|████▎     | 5985/13956 [00:37<00:50, 157.73it/s]INFO:src.evaluation.benchmark_partition_selection:      [VOTE DEBUG] search: 6.02ms | tally: 0.19ms | nodes: 200
Benchmarking (faiss_vote_200):  43%|████▎     | 6001/13956 [00:38<00:50, 157.67it/s]
Benchmarking (faiss_vote_200):  43%|████▎     | 6017/13956 [00:38<00:50, 157.66it/s]
Benchmarking (faiss_vote_200):  43%|████▎     | 6033/13956 [00:38<00:50, 157.62it/s]
Benchmarking (faiss_vote_200):  43%|████▎     | 6049/13956 [00:38<00:50, 158.03it/s]
Benchmarking (faiss_vote_200):  43%|████▎     | 6065/13956 [00:38<00:49, 158.48it/s]
Benchmarking (faiss_vote_200):  44%|████▎     | 6081/13956 [00:38<00:49, 158.71it/s]
Benchmarking (faiss_vote_200):  44%|████▎     | 6097/13956 [00:38<00:49, 158.77it/s]
Benchmarking (faiss_vote_200):  44%|████▍     | 6113/13956 [00:38<00:49, 159.08it/s]
Benchmarking (faiss_vote_200):  44%|████▍     | 6129/13956 [00:38<00:49, 159.20it/s]
Benchmarking (faiss_vote_200):  44%|████▍     | 6145/13956 [00:38<00:49, 159.30it/s]
Benchmarking (faiss_vote_200):  44%|████▍     | 6161/13956 [00:39<00:48, 159.15it/s]
Benchmarking (faiss_vote_200):  44%|████▍     | 6177/13956 [00:39<00:48, 159.25it/s]
Benchmarking (faiss_vote_200):  44%|████▍     | 6193/13956 [00:39<00:48, 159.38it/s]
Benchmarking (faiss_vote_200):  44%|████▍     | 6209/13956 [00:39<00:48, 159.43it/s]
Benchmarking (faiss_vote_200):  45%|████▍     | 6225/13956 [00:39<00:48, 159.49it/s]
Benchmarking (faiss_vote_200):  45%|████▍     | 6241/13956 [00:39<00:48, 159.20it/s]
Benchmarking (faiss_vote_200):  45%|████▍     | 6257/13956 [00:39<00:48, 159.29it/s]
Benchmarking (faiss_vote_200):  45%|████▍     | 6273/13956 [00:39<00:48, 159.26it/s]
Benchmarking (faiss_vote_200):  45%|████▌     | 6289/13956 [00:39<00:48, 159.12it/s]
Benchmarking (faiss_vote_200):  45%|████▌     | 6305/13956 [00:39<00:48, 159.07it/s]
Benchmarking (faiss_vote_200):  45%|████▌     | 6321/13956 [00:40<00:47, 159.09it/s]
Benchmarking (faiss_vote_200):  45%|████▌     | 6337/13956 [00:40<00:47, 159.13it/s]
Benchmarking (faiss_vote_200):  46%|████▌     | 6353/13956 [00:40<00:47, 158.90it/s]
Benchmarking (faiss_vote_200):  46%|████▌     | 6369/13956 [00:40<00:47, 158.30it/s]
Benchmarking (faiss_vote_200):  46%|████▌     | 6385/13956 [00:40<00:47, 158.19it/s]
Benchmarking (faiss_vote_200):  46%|████▌     | 6401/13956 [00:40<00:47, 158.20it/s]
Benchmarking (faiss_vote_200):  46%|████▌     | 6417/13956 [00:40<00:47, 158.45it/s]
Benchmarking (faiss_vote_200):  46%|████▌     | 6433/13956 [00:40<00:47, 158.47it/s]
Benchmarking (faiss_vote_200):  46%|████▌     | 6449/13956 [00:40<00:47, 158.71it/s]
Benchmarking (faiss_vote_200):  46%|████▋     | 6465/13956 [00:40<00:47, 158.76it/s]
Benchmarking (faiss_vote_200):  46%|████▋     | 6481/13956 [00:41<00:47, 158.52it/s]
Benchmarking (faiss_vote_200):  47%|████▋     | 6497/13956 [00:41<00:47, 158.33it/s]INFO:src.evaluation.benchmark_partition_selection:      [VOTE DEBUG] search: 6.03ms | tally: 0.21ms | nodes: 200
Benchmarking (faiss_vote_200):  47%|████▋     | 6513/13956 [00:41<00:47, 158.17it/s]
Benchmarking (faiss_vote_200):  47%|████▋     | 6529/13956 [00:41<00:46, 158.35it/s]
Benchmarking (faiss_vote_200):  47%|████▋     | 6545/13956 [00:41<00:46, 158.53it/s]
Benchmarking (faiss_vote_200):  47%|████▋     | 6561/13956 [00:41<00:46, 158.72it/s]
Benchmarking (faiss_vote_200):  47%|████▋     | 6577/13956 [00:41<00:46, 158.75it/s]
Benchmarking (faiss_vote_200):  47%|████▋     | 6593/13956 [00:41<00:46, 158.97it/s]
Benchmarking (faiss_vote_200):  47%|████▋     | 6609/13956 [00:41<00:46, 159.02it/s]
Benchmarking (faiss_vote_200):  47%|████▋     | 6625/13956 [00:41<00:46, 159.02it/s]
Benchmarking (faiss_vote_200):  48%|████▊     | 6641/13956 [00:42<00:46, 158.76it/s]
Benchmarking (faiss_vote_200):  48%|████▊     | 6657/13956 [00:42<00:45, 158.78it/s]
Benchmarking (faiss_vote_200):  48%|████▊     | 6673/13956 [00:42<00:45, 158.80it/s]
Benchmarking (faiss_vote_200):  48%|████▊     | 6689/13956 [00:42<00:45, 158.33it/s]
Benchmarking (faiss_vote_200):  48%|████▊     | 6705/13956 [00:42<00:45, 158.30it/s]
Benchmarking (faiss_vote_200):  48%|████▊     | 6721/13956 [00:42<00:45, 158.38it/s]
Benchmarking (faiss_vote_200):  48%|████▊     | 6737/13956 [00:42<00:45, 158.37it/s]
Benchmarking (faiss_vote_200):  48%|████▊     | 6753/13956 [00:42<00:45, 158.40it/s]
Benchmarking (faiss_vote_200):  49%|████▊     | 6769/13956 [00:42<00:45, 158.06it/s]
Benchmarking (faiss_vote_200):  49%|████▊     | 6785/13956 [00:42<00:45, 157.57it/s]
Benchmarking (faiss_vote_200):  49%|████▊     | 6801/13956 [00:43<00:45, 157.64it/s]
Benchmarking (faiss_vote_200):  49%|████▉     | 6817/13956 [00:43<00:45, 157.82it/s]
Benchmarking (faiss_vote_200):  49%|████▉     | 6833/13956 [00:43<00:45, 158.11it/s]
Benchmarking (faiss_vote_200):  49%|████▉     | 6849/13956 [00:43<00:44, 158.27it/s]
Benchmarking (faiss_vote_200):  49%|████▉     | 6865/13956 [00:43<00:44, 158.35it/s]
Benchmarking (faiss_vote_200):  49%|████▉     | 6881/13956 [00:43<00:44, 158.21it/s]
Benchmarking (faiss_vote_200):  49%|████▉     | 6897/13956 [00:43<00:44, 158.15it/s]
Benchmarking (faiss_vote_200):  50%|████▉     | 6913/13956 [00:43<00:44, 158.18it/s]
Benchmarking (faiss_vote_200):  50%|████▉     | 6929/13956 [00:43<00:44, 158.19it/s]
Benchmarking (faiss_vote_200):  50%|████▉     | 6945/13956 [00:43<00:44, 158.16it/s]
Benchmarking (faiss_vote_200):  50%|████▉     | 6961/13956 [00:44<00:44, 158.04it/s]
Benchmarking (faiss_vote_200):  50%|████▉     | 6977/13956 [00:44<00:44, 158.27it/s]
Benchmarking (faiss_vote_200):  50%|█████     | 6993/13956 [00:44<00:43, 158.52it/s]INFO:src.evaluation.benchmark_partition_selection:      [VOTE DEBUG] search: 5.96ms | tally: 0.18ms | nodes: 200
Benchmarking (faiss_vote_200):  50%|█████     | 7009/13956 [00:44<00:43, 158.17it/s]
Benchmarking (faiss_vote_200):  50%|█████     | 7025/13956 [00:44<00:43, 158.09it/s]
Benchmarking (faiss_vote_200):  50%|█████     | 7041/13956 [00:44<00:43, 158.06it/s]
Benchmarking (faiss_vote_200):  51%|█████     | 7057/13956 [00:44<00:43, 158.04it/s]
Benchmarking (faiss_vote_200):  51%|█████     | 7073/13956 [00:44<00:43, 157.70it/s]
Benchmarking (faiss_vote_200):  51%|█████     | 7089/13956 [00:44<00:43, 157.55it/s]
Benchmarking (faiss_vote_200):  51%|█████     | 7105/13956 [00:45<00:43, 157.56it/s]
Benchmarking (faiss_vote_200):  51%|█████     | 7121/13956 [00:45<00:43, 157.46it/s]
Benchmarking (faiss_vote_200):  51%|█████     | 7137/13956 [00:45<00:43, 157.47it/s]
Benchmarking (faiss_vote_200):  51%|█████▏    | 7153/13956 [00:45<00:43, 157.38it/s]
Benchmarking (faiss_vote_200):  51%|█████▏    | 7169/13956 [00:45<00:43, 157.46it/s]
Benchmarking (faiss_vote_200):  51%|█████▏    | 7185/13956 [00:45<00:42, 157.93it/s]
Benchmarking (faiss_vote_200):  52%|█████▏    | 7201/13956 [00:45<00:42, 158.30it/s]
Benchmarking (faiss_vote_200):  52%|█████▏    | 7217/13956 [00:45<00:42, 158.66it/s]
Benchmarking (faiss_vote_200):  52%|█████▏    | 7233/13956 [00:45<00:42, 158.74it/s]
Benchmarking (faiss_vote_200):  52%|█████▏    | 7249/13956 [00:45<00:42, 158.88it/s]
Benchmarking (faiss_vote_200):  52%|█████▏    | 7265/13956 [00:46<00:42, 158.58it/s]
Benchmarking (faiss_vote_200):  52%|█████▏    | 7281/13956 [00:46<00:42, 158.63it/s]
Benchmarking (faiss_vote_200):  52%|█████▏    | 7297/13956 [00:46<00:41, 158.60it/s]
Benchmarking (faiss_vote_200):  52%|█████▏    | 7313/13956 [00:46<00:41, 158.42it/s]
Benchmarking (faiss_vote_200):  53%|█████▎    | 7329/13956 [00:46<00:41, 158.78it/s]
Benchmarking (faiss_vote_200):  53%|█████▎    | 7345/13956 [00:46<00:41, 159.08it/s]
Benchmarking (faiss_vote_200):  53%|█████▎    | 7361/13956 [00:46<00:41, 159.06it/s]
Benchmarking (faiss_vote_200):  53%|█████▎    | 7377/13956 [00:46<00:41, 158.90it/s]
Benchmarking (faiss_vote_200):  53%|█████▎    | 7393/13956 [00:46<00:41, 158.80it/s]
Benchmarking (faiss_vote_200):  53%|█████▎    | 7409/13956 [00:46<00:41, 159.05it/s]
Benchmarking (faiss_vote_200):  53%|█████▎    | 7425/13956 [00:47<00:41, 158.82it/s]
Benchmarking (faiss_vote_200):  53%|█████▎    | 7441/13956 [00:47<00:40, 158.91it/s]
Benchmarking (faiss_vote_200):  53%|█████▎    | 7457/13956 [00:47<00:40, 158.81it/s]
Benchmarking (faiss_vote_200):  54%|█████▎    | 7473/13956 [00:47<00:40, 158.50it/s]
Benchmarking (faiss_vote_200):  54%|█████▎    | 7489/13956 [00:47<00:40, 158.23it/s]INFO:src.evaluation.benchmark_partition_selection:      [VOTE DEBUG] search: 6.07ms | tally: 0.21ms | nodes: 200
Benchmarking (faiss_vote_200):  54%|█████▍    | 7505/13956 [00:47<00:40, 157.95it/s]
Benchmarking (faiss_vote_200):  54%|█████▍    | 7521/13956 [00:47<00:40, 157.80it/s]
Benchmarking (faiss_vote_200):  54%|█████▍    | 7537/13956 [00:47<00:40, 157.97it/s]
Benchmarking (faiss_vote_200):  54%|█████▍    | 7553/13956 [00:47<00:40, 158.40it/s]
Benchmarking (faiss_vote_200):  54%|█████▍    | 7569/13956 [00:47<00:40, 158.78it/s]
Benchmarking (faiss_vote_200):  54%|█████▍    | 7585/13956 [00:48<00:40, 158.96it/s]
Benchmarking (faiss_vote_200):  54%|█████▍    | 7601/13956 [00:48<00:39, 159.16it/s]
Benchmarking (faiss_vote_200):  55%|█████▍    | 7617/13956 [00:48<00:39, 159.31it/s]
Benchmarking (faiss_vote_200):  55%|█████▍    | 7633/13956 [00:48<00:39, 159.49it/s]
Benchmarking (faiss_vote_200):  55%|█████▍    | 7649/13956 [00:48<00:39, 159.49it/s]
Benchmarking (faiss_vote_200):  55%|█████▍    | 7665/13956 [00:48<00:39, 159.44it/s]
Benchmarking (faiss_vote_200):  55%|█████▌    | 7681/13956 [00:48<00:39, 159.31it/s]
Benchmarking (faiss_vote_200):  55%|█████▌    | 7697/13956 [00:48<00:39, 159.00it/s]
Benchmarking (faiss_vote_200):  55%|█████▌    | 7713/13956 [00:48<00:39, 158.67it/s]
Benchmarking (faiss_vote_200):  55%|█████▌    | 7729/13956 [00:48<00:39, 158.74it/s]
Benchmarking (faiss_vote_200):  55%|█████▌    | 7745/13956 [00:49<00:39, 158.74it/s]
Benchmarking (faiss_vote_200):  56%|█████▌    | 7761/13956 [00:49<00:39, 158.79it/s]
Benchmarking (faiss_vote_200):  56%|█████▌    | 7777/13956 [00:49<00:38, 158.68it/s]
Benchmarking (faiss_vote_200):  56%|█████▌    | 7793/13956 [00:49<00:39, 157.97it/s]
Benchmarking (faiss_vote_200):  56%|█████▌    | 7809/13956 [00:49<00:38, 157.90it/s]
Benchmarking (faiss_vote_200):  56%|█████▌    | 7825/13956 [00:49<00:38, 157.83it/s]
Benchmarking (faiss_vote_200):  56%|█████▌    | 7841/13956 [00:49<00:38, 157.64it/s]
Benchmarking (faiss_vote_200):  56%|█████▋    | 7857/13956 [00:49<00:38, 157.41it/s]
Benchmarking (faiss_vote_200):  56%|█████▋    | 7873/13956 [00:49<00:38, 157.22it/s]
Benchmarking (faiss_vote_200):  57%|█████▋    | 7889/13956 [00:49<00:38, 157.38it/s]
Benchmarking (faiss_vote_200):  57%|█████▋    | 7905/13956 [00:50<00:38, 157.32it/s]
Benchmarking (faiss_vote_200):  57%|█████▋    | 7921/13956 [00:50<00:38, 157.28it/s]
Benchmarking (faiss_vote_200):  57%|█████▋    | 7937/13956 [00:50<00:38, 157.22it/s]
Benchmarking (faiss_vote_200):  57%|█████▋    | 7953/13956 [00:50<00:38, 156.72it/s]
Benchmarking (faiss_vote_200):  57%|█████▋    | 7969/13956 [00:50<00:38, 156.82it/s]
Benchmarking (faiss_vote_200):  57%|█████▋    | 7985/13956 [00:50<00:38, 156.81it/s]INFO:src.evaluation.benchmark_partition_selection:      [VOTE DEBUG] search: 6.07ms | tally: 0.19ms | nodes: 200
Benchmarking (faiss_vote_200):  57%|█████▋    | 8001/13956 [00:50<00:37, 156.80it/s]
Benchmarking (faiss_vote_200):  57%|█████▋    | 8017/13956 [00:50<00:37, 157.00it/s]
Benchmarking (faiss_vote_200):  58%|█████▊    | 8033/13956 [00:50<00:37, 156.91it/s]
Benchmarking (faiss_vote_200):  58%|█████▊    | 8049/13956 [00:50<00:37, 157.08it/s]
Benchmarking (faiss_vote_200):  58%|█████▊    | 8065/13956 [00:51<00:37, 157.03it/s]
Benchmarking (faiss_vote_200):  58%|█████▊    | 8081/13956 [00:51<00:37, 157.12it/s]
Benchmarking (faiss_vote_200):  58%|█████▊    | 8097/13956 [00:51<00:37, 157.18it/s]
Benchmarking (faiss_vote_200):  58%|█████▊    | 8113/13956 [00:51<00:37, 157.26it/s]
Benchmarking (faiss_vote_200):  58%|█████▊    | 8129/13956 [00:51<00:37, 157.27it/s]
Benchmarking (faiss_vote_200):  58%|█████▊    | 8145/13956 [00:51<00:36, 157.72it/s]
Benchmarking (faiss_vote_200):  58%|█████▊    | 8161/13956 [00:51<00:36, 157.81it/s]
Benchmarking (faiss_vote_200):  59%|█████▊    | 8177/13956 [00:51<00:36, 157.81it/s]
Benchmarking (faiss_vote_200):  59%|█████▊    | 8193/13956 [00:51<00:36, 157.97it/s]
Benchmarking (faiss_vote_200):  59%|█████▉    | 8209/13956 [00:51<00:36, 158.07it/s]
Benchmarking (faiss_vote_200):  59%|█████▉    | 8225/13956 [00:52<00:36, 158.43it/s]
Benchmarking (faiss_vote_200):  59%|█████▉    | 8241/13956 [00:52<00:36, 158.34it/s]
Benchmarking (faiss_vote_200):  59%|█████▉    | 8257/13956 [00:52<00:36, 158.20it/s]
Benchmarking (faiss_vote_200):  59%|█████▉    | 8273/13956 [00:52<00:35, 158.38it/s]
Benchmarking (faiss_vote_200):  59%|█████▉    | 8289/13956 [00:52<00:35, 158.57it/s]
Benchmarking (faiss_vote_200):  60%|█████▉    | 8305/13956 [00:52<00:35, 158.75it/s]
Benchmarking (faiss_vote_200):  60%|█████▉    | 8321/13956 [00:52<00:35, 158.46it/s]
Benchmarking (faiss_vote_200):  60%|█████▉    | 8337/13956 [00:52<00:35, 158.02it/s]
Benchmarking (faiss_vote_200):  60%|█████▉    | 8353/13956 [00:52<00:35, 157.80it/s]
Benchmarking (faiss_vote_200):  60%|█████▉    | 8369/13956 [00:52<00:35, 157.79it/s]
Benchmarking (faiss_vote_200):  60%|██████    | 8385/13956 [00:53<00:35, 157.97it/s]
Benchmarking (faiss_vote_200):  60%|██████    | 8401/13956 [00:53<00:35, 157.74it/s]
Benchmarking (faiss_vote_200):  60%|██████    | 8417/13956 [00:53<00:35, 157.87it/s]
Benchmarking (faiss_vote_200):  60%|██████    | 8433/13956 [00:53<00:34, 157.91it/s]
Benchmarking (faiss_vote_200):  61%|██████    | 8449/13956 [00:53<00:34, 157.90it/s]
Benchmarking (faiss_vote_200):  61%|██████    | 8465/13956 [00:53<00:34, 157.92it/s]
Benchmarking (faiss_vote_200):  61%|██████    | 8481/13956 [00:53<00:34, 158.28it/s]
Benchmarking (faiss_vote_200):  61%|██████    | 8497/13956 [00:53<00:34, 158.66it/s]INFO:src.evaluation.benchmark_partition_selection:      [VOTE DEBUG] search: 5.95ms | tally: 0.21ms | nodes: 200
Benchmarking (faiss_vote_200):  61%|██████    | 8513/13956 [00:53<00:34, 158.80it/s]
Benchmarking (faiss_vote_200):  61%|██████    | 8529/13956 [00:54<00:34, 158.88it/s]
Benchmarking (faiss_vote_200):  61%|██████    | 8545/13956 [00:54<00:34, 158.82it/s]
Benchmarking (faiss_vote_200):  61%|██████▏   | 8561/13956 [00:54<00:33, 158.85it/s]
Benchmarking (faiss_vote_200):  61%|██████▏   | 8577/13956 [00:54<00:33, 158.72it/s]
Benchmarking (faiss_vote_200):  62%|██████▏   | 8593/13956 [00:54<00:33, 158.59it/s]
Benchmarking (faiss_vote_200):  62%|██████▏   | 8609/13956 [00:54<00:33, 158.59it/s]
Benchmarking (faiss_vote_200):  62%|██████▏   | 8625/13956 [00:54<00:33, 158.43it/s]
Benchmarking (faiss_vote_200):  62%|██████▏   | 8641/13956 [00:54<00:33, 158.25it/s]
Benchmarking (faiss_vote_200):  62%|██████▏   | 8657/13956 [00:54<00:33, 158.31it/s]
Benchmarking (faiss_vote_200):  62%|██████▏   | 8673/13956 [00:54<00:33, 158.13it/s]
Benchmarking (faiss_vote_200):  62%|██████▏   | 8689/13956 [00:55<00:33, 157.72it/s]
Benchmarking (faiss_vote_200):  62%|██████▏   | 8705/13956 [00:55<00:33, 157.73it/s]
Benchmarking (faiss_vote_200):  62%|██████▏   | 8721/13956 [00:55<00:33, 157.69it/s]
Benchmarking (faiss_vote_200):  63%|██████▎   | 8737/13956 [00:55<00:33, 157.45it/s]
Benchmarking (faiss_vote_200):  63%|██████▎   | 8753/13956 [00:55<00:33, 157.52it/s]
Benchmarking (faiss_vote_200):  63%|██████▎   | 8769/13956 [00:55<00:32, 157.61it/s]
Benchmarking (faiss_vote_200):  63%|██████▎   | 8785/13956 [00:55<00:32, 157.50it/s]
Benchmarking (faiss_vote_200):  63%|██████▎   | 8801/13956 [00:55<00:32, 157.59it/s]
Benchmarking (faiss_vote_200):  63%|██████▎   | 8817/13956 [00:55<00:32, 157.74it/s]
Benchmarking (faiss_vote_200):  63%|██████▎   | 8833/13956 [00:55<00:32, 157.99it/s]
Benchmarking (faiss_vote_200):  63%|██████▎   | 8849/13956 [00:56<00:32, 158.09it/s]
Benchmarking (faiss_vote_200):  64%|██████▎   | 8865/13956 [00:56<00:32, 158.21it/s]
Benchmarking (faiss_vote_200):  64%|██████▎   | 8881/13956 [00:56<00:32, 157.94it/s]
Benchmarking (faiss_vote_200):  64%|██████▍   | 8897/13956 [00:56<00:32, 157.34it/s]
Benchmarking (faiss_vote_200):  64%|██████▍   | 8913/13956 [00:56<00:32, 157.26it/s]
Benchmarking (faiss_vote_200):  64%|██████▍   | 8929/13956 [00:56<00:31, 157.49it/s]
Benchmarking (faiss_vote_200):  64%|██████▍   | 8945/13956 [00:56<00:31, 157.63it/s]
Benchmarking (faiss_vote_200):  64%|██████▍   | 8961/13956 [00:56<00:31, 157.76it/s]
Benchmarking (faiss_vote_200):  64%|██████▍   | 8977/13956 [00:56<00:31, 157.45it/s]
Benchmarking (faiss_vote_200):  64%|██████▍   | 8993/13956 [00:56<00:31, 157.24it/s]INFO:src.evaluation.benchmark_partition_selection:      [VOTE DEBUG] search: 6.08ms | tally: 0.17ms | nodes: 200
Benchmarking (faiss_vote_200):  65%|██████▍   | 9009/13956 [00:57<00:31, 156.69it/s]
Benchmarking (faiss_vote_200):  65%|██████▍   | 9025/13956 [00:57<00:31, 156.65it/s]
Benchmarking (faiss_vote_200):  65%|██████▍   | 9041/13956 [00:57<00:31, 156.75it/s]
Benchmarking (faiss_vote_200):  65%|██████▍   | 9057/13956 [00:57<00:31, 156.74it/s]
Benchmarking (faiss_vote_200):  65%|██████▌   | 9073/13956 [00:57<00:31, 156.86it/s]
Benchmarking (faiss_vote_200):  65%|██████▌   | 9089/13956 [00:57<00:31, 156.58it/s]
Benchmarking (faiss_vote_200):  65%|██████▌   | 9105/13956 [00:57<00:31, 156.48it/s]
Benchmarking (faiss_vote_200):  65%|██████▌   | 9121/13956 [00:57<00:30, 156.47it/s]
Benchmarking (faiss_vote_200):  65%|██████▌   | 9137/13956 [00:57<00:30, 156.47it/s]
Benchmarking (faiss_vote_200):  66%|██████▌   | 9153/13956 [00:57<00:30, 156.65it/s]
Benchmarking (faiss_vote_200):  66%|██████▌   | 9169/13956 [00:58<00:30, 156.68it/s]
Benchmarking (faiss_vote_200):  66%|██████▌   | 9185/13956 [00:58<00:30, 156.75it/s]
Benchmarking (faiss_vote_200):  66%|██████▌   | 9201/13956 [00:58<00:30, 156.64it/s]
Benchmarking (faiss_vote_200):  66%|██████▌   | 9217/13956 [00:58<00:30, 156.73it/s]
Benchmarking (faiss_vote_200):  66%|██████▌   | 9233/13956 [00:58<00:30, 156.87it/s]
Benchmarking (faiss_vote_200):  66%|██████▋   | 9249/13956 [00:58<00:29, 157.16it/s]
Benchmarking (faiss_vote_200):  66%|██████▋   | 9265/13956 [00:58<00:29, 157.37it/s]
Benchmarking (faiss_vote_200):  67%|██████▋   | 9281/13956 [00:58<00:29, 157.30it/s]
Benchmarking (faiss_vote_200):  67%|██████▋   | 9297/13956 [00:58<00:29, 157.13it/s]
Benchmarking (faiss_vote_200):  67%|██████▋   | 9313/13956 [00:58<00:29, 156.90it/s]
Benchmarking (faiss_vote_200):  67%|██████▋   | 9329/13956 [00:59<00:29, 156.99it/s]
Benchmarking (faiss_vote_200):  67%|██████▋   | 9345/13956 [00:59<00:29, 157.18it/s]
Benchmarking (faiss_vote_200):  67%|██████▋   | 9361/13956 [00:59<00:29, 157.08it/s]
Benchmarking (faiss_vote_200):  67%|██████▋   | 9377/13956 [00:59<00:29, 157.29it/s]
Benchmarking (faiss_vote_200):  67%|██████▋   | 9393/13956 [00:59<00:28, 157.44it/s]
Benchmarking (faiss_vote_200):  67%|██████▋   | 9409/13956 [00:59<00:28, 157.33it/s]
Benchmarking (faiss_vote_200):  68%|██████▊   | 9425/13956 [00:59<00:28, 157.43it/s]
Benchmarking (faiss_vote_200):  68%|██████▊   | 9441/13956 [00:59<00:28, 157.18it/s]
Benchmarking (faiss_vote_200):  68%|██████▊   | 9457/13956 [00:59<00:28, 157.22it/s]
Benchmarking (faiss_vote_200):  68%|██████▊   | 9473/13956 [01:00<00:28, 157.31it/s]
Benchmarking (faiss_vote_200):  68%|██████▊   | 9489/13956 [01:00<00:28, 157.60it/s]INFO:src.evaluation.benchmark_partition_selection:      [VOTE DEBUG] search: 5.97ms | tally: 0.18ms | nodes: 200
Benchmarking (faiss_vote_200):  68%|██████▊   | 9505/13956 [01:00<00:28, 157.63it/s]
Benchmarking (faiss_vote_200):  68%|██████▊   | 9521/13956 [01:00<00:28, 156.49it/s]
Benchmarking (faiss_vote_200):  68%|██████▊   | 9537/13956 [01:00<00:28, 156.61it/s]
Benchmarking (faiss_vote_200):  68%|██████▊   | 9553/13956 [01:00<00:28, 157.06it/s]
Benchmarking (faiss_vote_200):  69%|██████▊   | 9569/13956 [01:00<00:27, 157.27it/s]
Benchmarking (faiss_vote_200):  69%|██████▊   | 9585/13956 [01:00<00:27, 157.81it/s]
Benchmarking (faiss_vote_200):  69%|██████▉   | 9601/13956 [01:00<00:27, 157.61it/s]
Benchmarking (faiss_vote_200):  69%|██████▉   | 9617/13956 [01:00<00:27, 157.66it/s]
Benchmarking (faiss_vote_200):  69%|██████▉   | 9633/13956 [01:01<00:27, 157.81it/s]
Benchmarking (faiss_vote_200):  69%|██████▉   | 9649/13956 [01:01<00:27, 158.05it/s]
Benchmarking (faiss_vote_200):  69%|██████▉   | 9665/13956 [01:01<00:27, 158.23it/s]
Benchmarking (faiss_vote_200):  69%|██████▉   | 9681/13956 [01:01<00:27, 158.26it/s]
Benchmarking (faiss_vote_200):  69%|██████▉   | 9697/13956 [01:01<00:26, 158.40it/s]
Benchmarking (faiss_vote_200):  70%|██████▉   | 9713/13956 [01:01<00:26, 158.36it/s]
Benchmarking (faiss_vote_200):  70%|██████▉   | 9729/13956 [01:01<00:26, 158.36it/s]
Benchmarking (faiss_vote_200):  70%|██████▉   | 9745/13956 [01:01<00:26, 158.48it/s]
Benchmarking (faiss_vote_200):  70%|██████▉   | 9761/13956 [01:01<00:26, 158.28it/s]
Benchmarking (faiss_vote_200):  70%|███████   | 9777/13956 [01:01<00:26, 158.13it/s]
Benchmarking (faiss_vote_200):  70%|███████   | 9793/13956 [01:02<00:26, 157.80it/s]
Benchmarking (faiss_vote_200):  70%|███████   | 9809/13956 [01:02<00:26, 157.69it/s]
Benchmarking (faiss_vote_200):  70%|███████   | 9825/13956 [01:02<00:26, 157.75it/s]
Benchmarking (faiss_vote_200):  71%|███████   | 9841/13956 [01:02<00:26, 157.89it/s]
Benchmarking (faiss_vote_200):  71%|███████   | 9857/13956 [01:02<00:25, 157.95it/s]
Benchmarking (faiss_vote_200):  71%|███████   | 9873/13956 [01:02<00:25, 158.05it/s]
Benchmarking (faiss_vote_200):  71%|███████   | 9889/13956 [01:02<00:25, 158.16it/s]
Benchmarking (faiss_vote_200):  71%|███████   | 9905/13956 [01:02<00:25, 158.14it/s]
Benchmarking (faiss_vote_200):  71%|███████   | 9921/13956 [01:02<00:25, 157.96it/s]
Benchmarking (faiss_vote_200):  71%|███████   | 9937/13956 [01:02<00:25, 157.84it/s]
Benchmarking (faiss_vote_200):  71%|███████▏  | 9953/13956 [01:03<00:25, 157.70it/s]
Benchmarking (faiss_vote_200):  71%|███████▏  | 9969/13956 [01:03<00:25, 157.70it/s]
Benchmarking (faiss_vote_200):  72%|███████▏  | 9985/13956 [01:03<00:25, 157.90it/s]INFO:src.evaluation.benchmark_partition_selection:      [VOTE DEBUG] search: 6.05ms | tally: 0.21ms | nodes: 200
Benchmarking (faiss_vote_200):  72%|███████▏  | 10001/13956 [01:03<00:25, 157.62it/s]
Benchmarking (faiss_vote_200):  72%|███████▏  | 10017/13956 [01:03<00:24, 157.59it/s]
Benchmarking (faiss_vote_200):  72%|███████▏  | 10033/13956 [01:03<00:24, 157.43it/s]
Benchmarking (faiss_vote_200):  72%|███████▏  | 10049/13956 [01:03<00:24, 157.77it/s]
Benchmarking (faiss_vote_200):  72%|███████▏  | 10065/13956 [01:03<00:24, 157.92it/s]
Benchmarking (faiss_vote_200):  72%|███████▏  | 10081/13956 [01:03<00:24, 158.15it/s]
Benchmarking (faiss_vote_200):  72%|███████▏  | 10097/13956 [01:03<00:24, 158.17it/s]
Benchmarking (faiss_vote_200):  72%|███████▏  | 10113/13956 [01:04<00:24, 158.24it/s]
Benchmarking (faiss_vote_200):  73%|███████▎  | 10129/13956 [01:04<00:24, 157.88it/s]
Benchmarking (faiss_vote_200):  73%|███████▎  | 10145/13956 [01:04<00:24, 158.00it/s]
Benchmarking (faiss_vote_200):  73%|███████▎  | 10161/13956 [01:04<00:24, 158.00it/s]
Benchmarking (faiss_vote_200):  73%|███████▎  | 10177/13956 [01:04<00:23, 158.21it/s]
Benchmarking (faiss_vote_200):  73%|███████▎  | 10193/13956 [01:04<00:23, 158.19it/s]
Benchmarking (faiss_vote_200):  73%|███████▎  | 10209/13956 [01:04<00:23, 158.31it/s]
Benchmarking (faiss_vote_200):  73%|███████▎  | 10225/13956 [01:04<00:23, 158.40it/s]
Benchmarking (faiss_vote_200):  73%|███████▎  | 10241/13956 [01:04<00:23, 157.99it/s]
Benchmarking (faiss_vote_200):  73%|███████▎  | 10257/13956 [01:04<00:23, 158.16it/s]
Benchmarking (faiss_vote_200):  74%|███████▎  | 10273/13956 [01:05<00:23, 158.11it/s]
Benchmarking (faiss_vote_200):  74%|███████▎  | 10289/13956 [01:05<00:23, 158.08it/s]
Benchmarking (faiss_vote_200):  74%|███████▍  | 10305/13956 [01:05<00:23, 157.99it/s]
Benchmarking (faiss_vote_200):  74%|███████▍  | 10321/13956 [01:05<00:23, 157.67it/s]
Benchmarking (faiss_vote_200):  74%|███████▍  | 10337/13956 [01:05<00:22, 157.61it/s]
Benchmarking (faiss_vote_200):  74%|███████▍  | 10353/13956 [01:05<00:22, 157.59it/s]
Benchmarking (faiss_vote_200):  74%|███████▍  | 10369/13956 [01:05<00:22, 157.38it/s]
Benchmarking (faiss_vote_200):  74%|███████▍  | 10385/13956 [01:05<00:22, 157.59it/s]
Benchmarking (faiss_vote_200):  75%|███████▍  | 10401/13956 [01:05<00:22, 157.70it/s]
Benchmarking (faiss_vote_200):  75%|███████▍  | 10417/13956 [01:05<00:22, 157.56it/s]
Benchmarking (faiss_vote_200):  75%|███████▍  | 10433/13956 [01:06<00:22, 157.56it/s]
Benchmarking (faiss_vote_200):  75%|███████▍  | 10449/13956 [01:06<00:22, 157.64it/s]
Benchmarking (faiss_vote_200):  75%|███████▍  | 10465/13956 [01:06<00:22, 157.92it/s]
Benchmarking (faiss_vote_200):  75%|███████▌  | 10481/13956 [01:06<00:21, 157.97it/s]
Benchmarking (faiss_vote_200):  75%|███████▌  | 10497/13956 [01:06<00:21, 158.07it/s]INFO:src.evaluation.benchmark_partition_selection:      [VOTE DEBUG] search: 6.05ms | tally: 0.16ms | nodes: 200
Benchmarking (faiss_vote_200):  75%|███████▌  | 10513/13956 [01:06<00:21, 158.17it/s]
Benchmarking (faiss_vote_200):  75%|███████▌  | 10529/13956 [01:06<00:21, 158.47it/s]
Benchmarking (faiss_vote_200):  76%|███████▌  | 10545/13956 [01:06<00:21, 158.66it/s]
Benchmarking (faiss_vote_200):  76%|███████▌  | 10561/13956 [01:06<00:21, 158.75it/s]
Benchmarking (faiss_vote_200):  76%|███████▌  | 10577/13956 [01:06<00:21, 158.71it/s]
Benchmarking (faiss_vote_200):  76%|███████▌  | 10593/13956 [01:07<00:21, 158.80it/s]
Benchmarking (faiss_vote_200):  76%|███████▌  | 10609/13956 [01:07<00:21, 158.88it/s]
Benchmarking (faiss_vote_200):  76%|███████▌  | 10625/13956 [01:07<00:20, 158.84it/s]
Benchmarking (faiss_vote_200):  76%|███████▌  | 10641/13956 [01:07<00:20, 158.82it/s]
Benchmarking (faiss_vote_200):  76%|███████▋  | 10657/13956 [01:07<00:20, 158.83it/s]
Benchmarking (faiss_vote_200):  76%|███████▋  | 10673/13956 [01:07<00:20, 159.01it/s]
Benchmarking (faiss_vote_200):  77%|███████▋  | 10689/13956 [01:07<00:20, 159.22it/s]
Benchmarking (faiss_vote_200):  77%|███████▋  | 10705/13956 [01:07<00:20, 158.86it/s]
Benchmarking (faiss_vote_200):  77%|███████▋  | 10721/13956 [01:07<00:20, 159.01it/s]
Benchmarking (faiss_vote_200):  77%|███████▋  | 10737/13956 [01:07<00:20, 158.83it/s]
Benchmarking (faiss_vote_200):  77%|███████▋  | 10753/13956 [01:08<00:20, 158.76it/s]
Benchmarking (faiss_vote_200):  77%|███████▋  | 10769/13956 [01:08<00:20, 158.81it/s]
Benchmarking (faiss_vote_200):  77%|███████▋  | 10785/13956 [01:08<00:19, 158.64it/s]
Benchmarking (faiss_vote_200):  77%|███████▋  | 10801/13956 [01:08<00:19, 158.51it/s]
Benchmarking (faiss_vote_200):  78%|███████▊  | 10817/13956 [01:08<00:19, 158.61it/s]
Benchmarking (faiss_vote_200):  78%|███████▊  | 10833/13956 [01:08<00:19, 158.43it/s]
Benchmarking (faiss_vote_200):  78%|███████▊  | 10849/13956 [01:08<00:19, 158.48it/s]
Benchmarking (faiss_vote_200):  78%|███████▊  | 10865/13956 [01:08<00:19, 158.35it/s]
Benchmarking (faiss_vote_200):  78%|███████▊  | 10881/13956 [01:08<00:19, 158.63it/s]
Benchmarking (faiss_vote_200):  78%|███████▊  | 10897/13956 [01:09<00:19, 158.55it/s]
Benchmarking (faiss_vote_200):  78%|███████▊  | 10913/13956 [01:09<00:19, 158.69it/s]
Benchmarking (faiss_vote_200):  78%|███████▊  | 10929/13956 [01:09<00:19, 158.89it/s]
Benchmarking (faiss_vote_200):  78%|███████▊  | 10945/13956 [01:09<00:18, 158.96it/s]
Benchmarking (faiss_vote_200):  79%|███████▊  | 10961/13956 [01:09<00:18, 158.60it/s]
Benchmarking (faiss_vote_200):  79%|███████▊  | 10977/13956 [01:09<00:18, 158.21it/s]
Benchmarking (faiss_vote_200):  79%|███████▉  | 10993/13956 [01:09<00:18, 158.39it/s]INFO:src.evaluation.benchmark_partition_selection:      [VOTE DEBUG] search: 6.00ms | tally: 0.18ms | nodes: 200
Benchmarking (faiss_vote_200):  79%|███████▉  | 11009/13956 [01:09<00:18, 158.55it/s]
Benchmarking (faiss_vote_200):  79%|███████▉  | 11025/13956 [01:09<00:18, 158.57it/s]
Benchmarking (faiss_vote_200):  79%|███████▉  | 11041/13956 [01:09<00:18, 158.48it/s]
Benchmarking (faiss_vote_200):  79%|███████▉  | 11057/13956 [01:10<00:18, 158.37it/s]
Benchmarking (faiss_vote_200):  79%|███████▉  | 11073/13956 [01:10<00:18, 158.54it/s]
Benchmarking (faiss_vote_200):  79%|███████▉  | 11089/13956 [01:10<00:18, 158.30it/s]
Benchmarking (faiss_vote_200):  80%|███████▉  | 11105/13956 [01:10<00:18, 157.76it/s]
Benchmarking (faiss_vote_200):  80%|███████▉  | 11121/13956 [01:10<00:18, 157.14it/s]
Benchmarking (faiss_vote_200):  80%|███████▉  | 11137/13956 [01:10<00:17, 157.04it/s]
Benchmarking (faiss_vote_200):  80%|███████▉  | 11153/13956 [01:10<00:17, 157.23it/s]
Benchmarking (faiss_vote_200):  80%|████████  | 11169/13956 [01:10<00:17, 157.55it/s]
Benchmarking (faiss_vote_200):  80%|████████  | 11185/13956 [01:10<00:17, 157.79it/s]
Benchmarking (faiss_vote_200):  80%|████████  | 11201/13956 [01:10<00:17, 157.94it/s]
Benchmarking (faiss_vote_200):  80%|████████  | 11217/13956 [01:11<00:17, 157.75it/s]
Benchmarking (faiss_vote_200):  80%|████████  | 11233/13956 [01:11<00:17, 157.86it/s]
Benchmarking (faiss_vote_200):  81%|████████  | 11249/13956 [01:11<00:17, 157.78it/s]
Benchmarking (faiss_vote_200):  81%|████████  | 11265/13956 [01:11<00:17, 157.56it/s]
Benchmarking (faiss_vote_200):  81%|████████  | 11281/13956 [01:11<00:16, 157.79it/s]
Benchmarking (faiss_vote_200):  81%|████████  | 11297/13956 [01:11<00:16, 157.76it/s]
Benchmarking (faiss_vote_200):  81%|████████  | 11313/13956 [01:11<00:16, 157.71it/s]
Benchmarking (faiss_vote_200):  81%|████████  | 11329/13956 [01:11<00:16, 157.88it/s]
Benchmarking (faiss_vote_200):  81%|████████▏ | 11345/13956 [01:11<00:16, 157.64it/s]
Benchmarking (faiss_vote_200):  81%|████████▏ | 11361/13956 [01:11<00:16, 157.40it/s]
Benchmarking (faiss_vote_200):  82%|████████▏ | 11377/13956 [01:12<00:16, 157.26it/s]
Benchmarking (faiss_vote_200):  82%|████████▏ | 11393/13956 [01:12<00:16, 157.14it/s]
Benchmarking (faiss_vote_200):  82%|████████▏ | 11409/13956 [01:12<00:16, 156.94it/s]
Benchmarking (faiss_vote_200):  82%|████████▏ | 11425/13956 [01:12<00:16, 157.15it/s]
Benchmarking (faiss_vote_200):  82%|████████▏ | 11441/13956 [01:12<00:15, 157.74it/s]
Benchmarking (faiss_vote_200):  82%|████████▏ | 11457/13956 [01:12<00:15, 158.09it/s]
Benchmarking (faiss_vote_200):  82%|████████▏ | 11473/13956 [01:12<00:15, 158.45it/s]
Benchmarking (faiss_vote_200):  82%|████████▏ | 11489/13956 [01:12<00:15, 158.27it/s]INFO:src.evaluation.benchmark_partition_selection:      [VOTE DEBUG] search: 6.09ms | tally: 0.20ms | nodes: 200
Benchmarking (faiss_vote_200):  82%|████████▏ | 11505/13956 [01:12<00:15, 157.64it/s]
Benchmarking (faiss_vote_200):  83%|████████▎ | 11521/13956 [01:12<00:15, 157.36it/s]
Benchmarking (faiss_vote_200):  83%|████████▎ | 11537/13956 [01:13<00:15, 157.34it/s]
Benchmarking (faiss_vote_200):  83%|████████▎ | 11553/13956 [01:13<00:15, 157.59it/s]
Benchmarking (faiss_vote_200):  83%|████████▎ | 11569/13956 [01:13<00:15, 157.70it/s]
Benchmarking (faiss_vote_200):  83%|████████▎ | 11585/13956 [01:13<00:15, 157.85it/s]
Benchmarking (faiss_vote_200):  83%|████████▎ | 11601/13956 [01:13<00:14, 157.89it/s]
Benchmarking (faiss_vote_200):  83%|████████▎ | 11617/13956 [01:13<00:14, 157.66it/s]
Benchmarking (faiss_vote_200):  83%|████████▎ | 11633/13956 [01:13<00:14, 157.78it/s]
Benchmarking (faiss_vote_200):  83%|████████▎ | 11649/13956 [01:13<00:14, 157.54it/s]
Benchmarking (faiss_vote_200):  84%|████████▎ | 11665/13956 [01:13<00:14, 157.43it/s]
Benchmarking (faiss_vote_200):  84%|████████▎ | 11681/13956 [01:13<00:14, 157.36it/s]
Benchmarking (faiss_vote_200):  84%|████████▍ | 11697/13956 [01:14<00:14, 157.46it/s]
Benchmarking (faiss_vote_200):  84%|████████▍ | 11713/13956 [01:14<00:14, 157.39it/s]
Benchmarking (faiss_vote_200):  84%|████████▍ | 11729/13956 [01:14<00:14, 157.41it/s]
Benchmarking (faiss_vote_200):  84%|████████▍ | 11745/13956 [01:14<00:14, 157.47it/s]
Benchmarking (faiss_vote_200):  84%|████████▍ | 11761/13956 [01:14<00:13, 157.67it/s]
Benchmarking (faiss_vote_200):  84%|████████▍ | 11777/13956 [01:14<00:13, 157.62it/s]
Benchmarking (faiss_vote_200):  85%|████████▍ | 11793/13956 [01:14<00:13, 157.66it/s]
Benchmarking (faiss_vote_200):  85%|████████▍ | 11809/13956 [01:14<00:13, 157.64it/s]
Benchmarking (faiss_vote_200):  85%|████████▍ | 11825/13956 [01:14<00:13, 157.56it/s]
Benchmarking (faiss_vote_200):  85%|████████▍ | 11841/13956 [01:14<00:13, 157.66it/s]
Benchmarking (faiss_vote_200):  85%|████████▍ | 11857/13956 [01:15<00:13, 157.65it/s]
Benchmarking (faiss_vote_200):  85%|████████▌ | 11873/13956 [01:15<00:13, 157.73it/s]
Benchmarking (faiss_vote_200):  85%|████████▌ | 11889/13956 [01:15<00:13, 157.50it/s]
Benchmarking (faiss_vote_200):  85%|████████▌ | 11905/13956 [01:15<00:13, 157.26it/s]
Benchmarking (faiss_vote_200):  85%|████████▌ | 11921/13956 [01:15<00:12, 157.32it/s]
Benchmarking (faiss_vote_200):  86%|████████▌ | 11937/13956 [01:15<00:12, 157.23it/s]
Benchmarking (faiss_vote_200):  86%|████████▌ | 11953/13956 [01:15<00:12, 157.24it/s]
Benchmarking (faiss_vote_200):  86%|████████▌ | 11969/13956 [01:15<00:12, 157.34it/s]
Benchmarking (faiss_vote_200):  86%|████████▌ | 11985/13956 [01:15<00:12, 157.19it/s]INFO:src.evaluation.benchmark_partition_selection:      [VOTE DEBUG] search: 5.96ms | tally: 0.18ms | nodes: 200
Benchmarking (faiss_vote_200):  86%|████████▌ | 12001/13956 [01:16<00:12, 157.47it/s]
Benchmarking (faiss_vote_200):  86%|████████▌ | 12017/13956 [01:16<00:12, 157.94it/s]
Benchmarking (faiss_vote_200):  86%|████████▌ | 12033/13956 [01:16<00:12, 158.31it/s]
Benchmarking (faiss_vote_200):  86%|████████▋ | 12049/13956 [01:16<00:12, 157.63it/s]
Benchmarking (faiss_vote_200):  86%|████████▋ | 12065/13956 [01:16<00:12, 156.69it/s]
Benchmarking (faiss_vote_200):  87%|████████▋ | 12081/13956 [01:16<00:12, 156.10it/s]
Benchmarking (faiss_vote_200):  87%|████████▋ | 12097/13956 [01:16<00:11, 155.80it/s]
Benchmarking (faiss_vote_200):  87%|████████▋ | 12113/13956 [01:16<00:11, 155.30it/s]
Benchmarking (faiss_vote_200):  87%|████████▋ | 12129/13956 [01:16<00:11, 155.05it/s]
Benchmarking (faiss_vote_200):  87%|████████▋ | 12145/13956 [01:16<00:11, 155.18it/s]
Benchmarking (faiss_vote_200):  87%|████████▋ | 12161/13956 [01:17<00:11, 154.85it/s]
Benchmarking (faiss_vote_200):  87%|████████▋ | 12177/13956 [01:17<00:11, 154.65it/s]
Benchmarking (faiss_vote_200):  87%|████████▋ | 12193/13956 [01:17<00:11, 154.61it/s]
Benchmarking (faiss_vote_200):  87%|████████▋ | 12209/13956 [01:17<00:11, 154.37it/s]
Benchmarking (faiss_vote_200):  88%|████████▊ | 12225/13956 [01:17<00:11, 154.39it/s]
Benchmarking (faiss_vote_200):  88%|████████▊ | 12241/13956 [01:17<00:11, 154.42it/s]
Benchmarking (faiss_vote_200):  88%|████████▊ | 12257/13956 [01:17<00:10, 154.52it/s]
Benchmarking (faiss_vote_200):  88%|████████▊ | 12273/13956 [01:17<00:10, 154.70it/s]
Benchmarking (faiss_vote_200):  88%|████████▊ | 12289/13956 [01:17<00:10, 154.84it/s]
Benchmarking (faiss_vote_200):  88%|████████▊ | 12305/13956 [01:17<00:10, 155.13it/s]
Benchmarking (faiss_vote_200):  88%|████████▊ | 12321/13956 [01:18<00:10, 155.22it/s]
Benchmarking (faiss_vote_200):  88%|████████▊ | 12337/13956 [01:18<00:10, 155.26it/s]
Benchmarking (faiss_vote_200):  89%|████████▊ | 12353/13956 [01:18<00:10, 155.37it/s]
Benchmarking (faiss_vote_200):  89%|████████▊ | 12369/13956 [01:18<00:10, 155.41it/s]
Benchmarking (faiss_vote_200):  89%|████████▊ | 12385/13956 [01:18<00:10, 155.68it/s]
Benchmarking (faiss_vote_200):  89%|████████▉ | 12401/13956 [01:18<00:09, 155.86it/s]
Benchmarking (faiss_vote_200):  89%|████████▉ | 12417/13956 [01:18<00:09, 156.08it/s]
Benchmarking (faiss_vote_200):  89%|████████▉ | 12433/13956 [01:18<00:09, 156.23it/s]
Benchmarking (faiss_vote_200):  89%|████████▉ | 12449/13956 [01:18<00:09, 156.37it/s]
Benchmarking (faiss_vote_200):  89%|████████▉ | 12465/13956 [01:18<00:09, 156.34it/s]
Benchmarking (faiss_vote_200):  89%|████████▉ | 12481/13956 [01:19<00:09, 155.95it/s]
Benchmarking (faiss_vote_200):  90%|████████▉ | 12497/13956 [01:19<00:09, 155.89it/s]INFO:src.evaluation.benchmark_partition_selection:      [VOTE DEBUG] search: 6.09ms | tally: 0.19ms | nodes: 200
Benchmarking (faiss_vote_200):  90%|████████▉ | 12513/13956 [01:19<00:09, 155.84it/s]
Benchmarking (faiss_vote_200):  90%|████████▉ | 12529/13956 [01:19<00:09, 156.16it/s]
Benchmarking (faiss_vote_200):  90%|████████▉ | 12545/13956 [01:19<00:09, 156.17it/s]
Benchmarking (faiss_vote_200):  90%|█████████ | 12561/13956 [01:19<00:08, 156.33it/s]
Benchmarking (faiss_vote_200):  90%|█████████ | 12577/13956 [01:19<00:08, 156.51it/s]
Benchmarking (faiss_vote_200):  90%|█████████ | 12593/13956 [01:19<00:08, 156.47it/s]
Benchmarking (faiss_vote_200):  90%|█████████ | 12609/13956 [01:19<00:08, 156.20it/s]
Benchmarking (faiss_vote_200):  90%|█████████ | 12625/13956 [01:20<00:08, 156.36it/s]
Benchmarking (faiss_vote_200):  91%|█████████ | 12641/13956 [01:20<00:08, 156.47it/s]
Benchmarking (faiss_vote_200):  91%|█████████ | 12657/13956 [01:20<00:08, 156.42it/s]
Benchmarking (faiss_vote_200):  91%|█████████ | 12673/13956 [01:20<00:08, 156.23it/s]
Benchmarking (faiss_vote_200):  91%|█████████ | 12689/13956 [01:20<00:08, 156.01it/s]
Benchmarking (faiss_vote_200):  91%|█████████ | 12705/13956 [01:20<00:08, 156.07it/s]
Benchmarking (faiss_vote_200):  91%|█████████ | 12721/13956 [01:20<00:07, 156.07it/s]
Benchmarking (faiss_vote_200):  91%|█████████▏| 12737/13956 [01:20<00:07, 155.99it/s]
Benchmarking (faiss_vote_200):  91%|█████████▏| 12753/13956 [01:20<00:07, 156.30it/s]
Benchmarking (faiss_vote_200):  91%|█████████▏| 12769/13956 [01:20<00:07, 156.48it/s]
Benchmarking (faiss_vote_200):  92%|█████████▏| 12785/13956 [01:21<00:07, 156.35it/s]
Benchmarking (faiss_vote_200):  92%|█████████▏| 12801/13956 [01:21<00:07, 156.23it/s]
Benchmarking (faiss_vote_200):  92%|█████████▏| 12817/13956 [01:21<00:07, 155.91it/s]
Benchmarking (faiss_vote_200):  92%|█████████▏| 12833/13956 [01:21<00:07, 155.81it/s]
Benchmarking (faiss_vote_200):  92%|█████████▏| 12849/13956 [01:21<00:07, 156.29it/s]
Benchmarking (faiss_vote_200):  92%|█████████▏| 12865/13956 [01:21<00:06, 156.54it/s]
Benchmarking (faiss_vote_200):  92%|█████████▏| 12881/13956 [01:21<00:06, 156.88it/s]
Benchmarking (faiss_vote_200):  92%|█████████▏| 12897/13956 [01:21<00:06, 157.05it/s]
Benchmarking (faiss_vote_200):  93%|█████████▎| 12913/13956 [01:21<00:06, 157.22it/s]
Benchmarking (faiss_vote_200):  93%|█████████▎| 12929/13956 [01:21<00:06, 157.28it/s]
Benchmarking (faiss_vote_200):  93%|█████████▎| 12945/13956 [01:22<00:06, 157.27it/s]
Benchmarking (faiss_vote_200):  93%|█████████▎| 12961/13956 [01:22<00:06, 157.22it/s]
Benchmarking (faiss_vote_200):  93%|█████████▎| 12977/13956 [01:22<00:06, 156.93it/s]
Benchmarking (faiss_vote_200):  93%|█████████▎| 12993/13956 [01:22<00:06, 156.82it/s]INFO:src.evaluation.benchmark_partition_selection:      [VOTE DEBUG] search: 6.10ms | tally: 0.21ms | nodes: 200
Benchmarking (faiss_vote_200):  93%|█████████▎| 13009/13956 [01:22<00:06, 156.74it/s]
Benchmarking (faiss_vote_200):  93%|█████████▎| 13025/13956 [01:22<00:05, 156.46it/s]
Benchmarking (faiss_vote_200):  93%|█████████▎| 13041/13956 [01:22<00:05, 156.40it/s]
Benchmarking (faiss_vote_200):  94%|█████████▎| 13057/13956 [01:22<00:05, 156.71it/s]
Benchmarking (faiss_vote_200):  94%|█████████▎| 13073/13956 [01:22<00:05, 156.96it/s]
Benchmarking (faiss_vote_200):  94%|█████████▍| 13089/13956 [01:22<00:05, 156.98it/s]
Benchmarking (faiss_vote_200):  94%|█████████▍| 13105/13956 [01:23<00:05, 156.82it/s]
Benchmarking (faiss_vote_200):  94%|█████████▍| 13121/13956 [01:23<00:05, 156.88it/s]
Benchmarking (faiss_vote_200):  94%|█████████▍| 13137/13956 [01:23<00:05, 156.93it/s]
Benchmarking (faiss_vote_200):  94%|█████████▍| 13153/13956 [01:23<00:05, 157.19it/s]
Benchmarking (faiss_vote_200):  94%|█████████▍| 13169/13956 [01:23<00:05, 157.31it/s]
Benchmarking (faiss_vote_200):  94%|█████████▍| 13185/13956 [01:23<00:04, 157.33it/s]
Benchmarking (faiss_vote_200):  95%|█████████▍| 13201/13956 [01:23<00:04, 157.76it/s]
Benchmarking (faiss_vote_200):  95%|█████████▍| 13217/13956 [01:23<00:04, 157.98it/s]
Benchmarking (faiss_vote_200):  95%|█████████▍| 13233/13956 [01:23<00:04, 157.79it/s]
Benchmarking (faiss_vote_200):  95%|█████████▍| 13249/13956 [01:23<00:04, 158.00it/s]
Benchmarking (faiss_vote_200):  95%|█████████▌| 13265/13956 [01:24<00:04, 158.22it/s]
Benchmarking (faiss_vote_200):  95%|█████████▌| 13281/13956 [01:24<00:04, 158.37it/s]
Benchmarking (faiss_vote_200):  95%|█████████▌| 13297/13956 [01:24<00:04, 158.47it/s]
Benchmarking (faiss_vote_200):  95%|█████████▌| 13313/13956 [01:24<00:04, 158.48it/s]
Benchmarking (faiss_vote_200):  96%|█████████▌| 13329/13956 [01:24<00:03, 158.33it/s]
Benchmarking (faiss_vote_200):  96%|█████████▌| 13345/13956 [01:24<00:03, 158.11it/s]
Benchmarking (faiss_vote_200):  96%|█████████▌| 13361/13956 [01:24<00:03, 158.24it/s]
Benchmarking (faiss_vote_200):  96%|█████████▌| 13377/13956 [01:24<00:03, 158.26it/s]
Benchmarking (faiss_vote_200):  96%|█████████▌| 13393/13956 [01:24<00:03, 157.66it/s]
Benchmarking (faiss_vote_200):  96%|█████████▌| 13409/13956 [01:25<00:03, 157.56it/s]
Benchmarking (faiss_vote_200):  96%|█████████▌| 13425/13956 [01:25<00:03, 157.50it/s]
Benchmarking (faiss_vote_200):  96%|█████████▋| 13441/13956 [01:25<00:03, 157.54it/s]
Benchmarking (faiss_vote_200):  96%|█████████▋| 13457/13956 [01:25<00:03, 157.40it/s]
Benchmarking (faiss_vote_200):  97%|█████████▋| 13473/13956 [01:25<00:03, 157.10it/s]
Benchmarking (faiss_vote_200):  97%|█████████▋| 13489/13956 [01:25<00:02, 157.25it/s]INFO:src.evaluation.benchmark_partition_selection:      [VOTE DEBUG] search: 6.03ms | tally: 0.21ms | nodes: 200
Benchmarking (faiss_vote_200):  97%|█████████▋| 13505/13956 [01:25<00:02, 157.15it/s]
Benchmarking (faiss_vote_200):  97%|█████████▋| 13521/13956 [01:25<00:02, 157.37it/s]
Benchmarking (faiss_vote_200):  97%|█████████▋| 13537/13956 [01:25<00:02, 157.54it/s]
Benchmarking (faiss_vote_200):  97%|█████████▋| 13553/13956 [01:25<00:02, 157.56it/s]
Benchmarking (faiss_vote_200):  97%|█████████▋| 13569/13956 [01:26<00:02, 157.65it/s]
Benchmarking (faiss_vote_200):  97%|█████████▋| 13585/13956 [01:26<00:02, 157.36it/s]
Benchmarking (faiss_vote_200):  97%|█████████▋| 13601/13956 [01:26<00:02, 157.28it/s]
Benchmarking (faiss_vote_200):  98%|█████████▊| 13617/13956 [01:26<00:02, 157.29it/s]
Benchmarking (faiss_vote_200):  98%|█████████▊| 13633/13956 [01:26<00:02, 156.89it/s]
Benchmarking (faiss_vote_200):  98%|█████████▊| 13649/13956 [01:26<00:01, 156.87it/s]
Benchmarking (faiss_vote_200):  98%|█████████▊| 13665/13956 [01:26<00:01, 157.26it/s]
Benchmarking (faiss_vote_200):  98%|█████████▊| 13681/13956 [01:26<00:01, 157.34it/s]
Benchmarking (faiss_vote_200):  98%|█████████▊| 13697/13956 [01:26<00:01, 157.37it/s]
Benchmarking (faiss_vote_200):  98%|█████████▊| 13713/13956 [01:26<00:01, 157.60it/s]
Benchmarking (faiss_vote_200):  98%|█████████▊| 13729/13956 [01:27<00:01, 157.50it/s]
Benchmarking (faiss_vote_200):  98%|█████████▊| 13745/13956 [01:27<00:01, 157.75it/s]
Benchmarking (faiss_vote_200):  99%|█████████▊| 13761/13956 [01:27<00:01, 157.86it/s]
Benchmarking (faiss_vote_200):  99%|█████████▊| 13777/13956 [01:27<00:01, 157.86it/s]
Benchmarking (faiss_vote_200):  99%|█████████▉| 13793/13956 [01:27<00:01, 158.03it/s]
Benchmarking (faiss_vote_200):  99%|█████████▉| 13809/13956 [01:27<00:00, 157.93it/s]
Benchmarking (faiss_vote_200):  99%|█████████▉| 13825/13956 [01:27<00:00, 158.02it/s]
Benchmarking (faiss_vote_200):  99%|█████████▉| 13841/13956 [01:27<00:00, 158.07it/s]
Benchmarking (faiss_vote_200):  99%|█████████▉| 13857/13956 [01:27<00:00, 158.19it/s]
Benchmarking (faiss_vote_200):  99%|█████████▉| 13873/13956 [01:27<00:00, 158.35it/s]
Benchmarking (faiss_vote_200): 100%|█████████▉| 13889/13956 [01:28<00:00, 158.30it/s]
Benchmarking (faiss_vote_200): 100%|█████████▉| 13905/13956 [01:28<00:00, 158.37it/s]
Benchmarking (faiss_vote_200): 100%|█████████▉| 13921/13956 [01:28<00:00, 158.67it/s]
Benchmarking (faiss_vote_200): 100%|█████████▉| 13937/13956 [01:28<00:00, 158.43it/s]
Benchmarking (faiss_vote_200): 100%|█████████▉| 13953/13956 [01:28<00:00, 158.39it/s]
INFO:src.evaluation.benchmark_partition_selection:  [train] R@1=42.4% GTR@20=96.5% FCov@20=94.0% MRR=59.0%
Benchmarking (faiss_vote_200):   0%|          | 0/3987 [00:00<?, ?it/s]INFO:src.evaluation.benchmark_partition_selection:      [VOTE DEBUG] search: 6.03ms | tally: 0.21ms | nodes: 200
Benchmarking (faiss_vote_200):   0%|          | 16/3987 [00:00<00:25, 158.32it/s]
Benchmarking (faiss_vote_200):   1%|          | 32/3987 [00:00<00:24, 158.62it/s]
Benchmarking (faiss_vote_200):   1%|          | 48/3987 [00:00<00:24, 158.39it/s]
Benchmarking (faiss_vote_200):   2%|▏         | 64/3987 [00:00<00:24, 158.56it/s]
Benchmarking (faiss_vote_200):   2%|▏         | 80/3987 [00:00<00:24, 158.35it/s]
Benchmarking (faiss_vote_200):   2%|▏         | 96/3987 [00:00<00:24, 158.30it/s]
Benchmarking (faiss_vote_200):   3%|▎         | 112/3987 [00:00<00:24, 158.45it/s]
Benchmarking (faiss_vote_200):   3%|▎         | 128/3987 [00:00<00:24, 158.70it/s]
Benchmarking (faiss_vote_200):   4%|▎         | 144/3987 [00:00<00:24, 158.78it/s]
Benchmarking (faiss_vote_200):   4%|▍         | 160/3987 [00:01<00:24, 158.64it/s]
Benchmarking (faiss_vote_200):   4%|▍         | 176/3987 [00:01<00:24, 158.63it/s]
Benchmarking (faiss_vote_200):   5%|▍         | 192/3987 [00:01<00:23, 158.83it/s]
Benchmarking (faiss_vote_200):   5%|▌         | 208/3987 [00:01<00:23, 158.95it/s]
Benchmarking (faiss_vote_200):   6%|▌         | 224/3987 [00:01<00:23, 158.77it/s]
Benchmarking (faiss_vote_200):   6%|▌         | 240/3987 [00:01<00:23, 158.56it/s]
Benchmarking (faiss_vote_200):   6%|▋         | 256/3987 [00:01<00:23, 158.58it/s]
Benchmarking (faiss_vote_200):   7%|▋         | 272/3987 [00:01<00:23, 158.82it/s]
Benchmarking (faiss_vote_200):   7%|▋         | 288/3987 [00:01<00:23, 158.28it/s]
Benchmarking (faiss_vote_200):   8%|▊         | 304/3987 [00:01<00:23, 158.28it/s]
Benchmarking (faiss_vote_200):   8%|▊         | 320/3987 [00:02<00:23, 158.22it/s]
Benchmarking (faiss_vote_200):   8%|▊         | 336/3987 [00:02<00:23, 158.03it/s]
Benchmarking (faiss_vote_200):   9%|▉         | 352/3987 [00:02<00:23, 157.98it/s]
Benchmarking (faiss_vote_200):   9%|▉         | 368/3987 [00:02<00:22, 158.23it/s]
Benchmarking (faiss_vote_200):  10%|▉         | 384/3987 [00:02<00:22, 158.22it/s]
Benchmarking (faiss_vote_200):  10%|█         | 400/3987 [00:02<00:22, 158.09it/s]
Benchmarking (faiss_vote_200):  10%|█         | 416/3987 [00:02<00:22, 158.22it/s]
Benchmarking (faiss_vote_200):  11%|█         | 432/3987 [00:02<00:22, 158.42it/s]
Benchmarking (faiss_vote_200):  11%|█         | 448/3987 [00:02<00:22, 158.27it/s]
Benchmarking (faiss_vote_200):  12%|█▏        | 464/3987 [00:02<00:22, 158.50it/s]
Benchmarking (faiss_vote_200):  12%|█▏        | 480/3987 [00:03<00:22, 158.84it/s]
Benchmarking (faiss_vote_200):  12%|█▏        | 496/3987 [00:03<00:21, 159.06it/s]INFO:src.evaluation.benchmark_partition_selection:      [VOTE DEBUG] search: 5.98ms | tally: 0.18ms | nodes: 200
Benchmarking (faiss_vote_200):  13%|█▎        | 512/3987 [00:03<00:21, 159.11it/s]
Benchmarking (faiss_vote_200):  13%|█▎        | 528/3987 [00:03<00:21, 159.17it/s]
Benchmarking (faiss_vote_200):  14%|█▎        | 544/3987 [00:03<00:21, 159.09it/s]
Benchmarking (faiss_vote_200):  14%|█▍        | 560/3987 [00:03<00:21, 158.90it/s]
Benchmarking (faiss_vote_200):  14%|█▍        | 576/3987 [00:03<00:21, 158.77it/s]
Benchmarking (faiss_vote_200):  15%|█▍        | 592/3987 [00:03<00:21, 158.64it/s]
Benchmarking (faiss_vote_200):  15%|█▌        | 608/3987 [00:03<00:21, 157.92it/s]
Benchmarking (faiss_vote_200):  16%|█▌        | 624/3987 [00:03<00:21, 157.78it/s]
Benchmarking (faiss_vote_200):  16%|█▌        | 640/3987 [00:04<00:21, 157.78it/s]
Benchmarking (faiss_vote_200):  16%|█▋        | 656/3987 [00:04<00:21, 157.75it/s]
Benchmarking (faiss_vote_200):  17%|█▋        | 672/3987 [00:04<00:21, 157.84it/s]
Benchmarking (faiss_vote_200):  17%|█▋        | 688/3987 [00:04<00:20, 157.80it/s]
Benchmarking (faiss_vote_200):  18%|█▊        | 704/3987 [00:04<00:20, 157.78it/s]
Benchmarking (faiss_vote_200):  18%|█▊        | 720/3987 [00:04<00:20, 157.36it/s]
Benchmarking (faiss_vote_200):  18%|█▊        | 736/3987 [00:04<00:20, 157.41it/s]
Benchmarking (faiss_vote_200):  19%|█▉        | 752/3987 [00:04<00:20, 157.47it/s]
Benchmarking (faiss_vote_200):  19%|█▉        | 768/3987 [00:04<00:20, 157.53it/s]
Benchmarking (faiss_vote_200):  20%|█▉        | 784/3987 [00:04<00:20, 157.69it/s]
Benchmarking (faiss_vote_200):  20%|██        | 800/3987 [00:05<00:20, 157.55it/s]
Benchmarking (faiss_vote_200):  20%|██        | 816/3987 [00:05<00:20, 157.56it/s]
Benchmarking (faiss_vote_200):  21%|██        | 832/3987 [00:05<00:19, 157.76it/s]
Benchmarking (faiss_vote_200):  21%|██▏       | 848/3987 [00:05<00:19, 157.92it/s]
Benchmarking (faiss_vote_200):  22%|██▏       | 864/3987 [00:05<00:19, 158.14it/s]
Benchmarking (faiss_vote_200):  22%|██▏       | 880/3987 [00:05<00:19, 158.31it/s]
Benchmarking (faiss_vote_200):  22%|██▏       | 896/3987 [00:05<00:19, 158.28it/s]
Benchmarking (faiss_vote_200):  23%|██▎       | 912/3987 [00:05<00:19, 158.34it/s]
Benchmarking (faiss_vote_200):  23%|██▎       | 928/3987 [00:05<00:19, 158.26it/s]
Benchmarking (faiss_vote_200):  24%|██▎       | 944/3987 [00:05<00:19, 158.57it/s]
Benchmarking (faiss_vote_200):  24%|██▍       | 960/3987 [00:06<00:19, 158.81it/s]
Benchmarking (faiss_vote_200):  24%|██▍       | 976/3987 [00:06<00:18, 158.67it/s]
Benchmarking (faiss_vote_200):  25%|██▍       | 992/3987 [00:06<00:18, 158.66it/s]INFO:src.evaluation.benchmark_partition_selection:      [VOTE DEBUG] search: 6.07ms | tally: 0.15ms | nodes: 200
Benchmarking (faiss_vote_200):  25%|██▌       | 1008/3987 [00:06<00:18, 158.21it/s]
Benchmarking (faiss_vote_200):  26%|██▌       | 1024/3987 [00:06<00:18, 158.20it/s]
Benchmarking (faiss_vote_200):  26%|██▌       | 1040/3987 [00:06<00:18, 158.07it/s]
Benchmarking (faiss_vote_200):  26%|██▋       | 1056/3987 [00:06<00:18, 157.84it/s]
Benchmarking (faiss_vote_200):  27%|██▋       | 1072/3987 [00:06<00:18, 157.56it/s]
Benchmarking (faiss_vote_200):  27%|██▋       | 1088/3987 [00:06<00:18, 157.14it/s]
Benchmarking (faiss_vote_200):  28%|██▊       | 1104/3987 [00:06<00:18, 157.23it/s]
Benchmarking (faiss_vote_200):  28%|██▊       | 1120/3987 [00:07<00:18, 157.33it/s]
Benchmarking (faiss_vote_200):  28%|██▊       | 1136/3987 [00:07<00:18, 157.19it/s]
Benchmarking (faiss_vote_200):  29%|██▉       | 1152/3987 [00:07<00:18, 157.43it/s]
Benchmarking (faiss_vote_200):  29%|██▉       | 1168/3987 [00:07<00:17, 157.65it/s]
Benchmarking (faiss_vote_200):  30%|██▉       | 1184/3987 [00:07<00:17, 157.92it/s]
Benchmarking (faiss_vote_200):  30%|███       | 1200/3987 [00:07<00:17, 157.90it/s]
Benchmarking (faiss_vote_200):  30%|███       | 1216/3987 [00:07<00:17, 157.77it/s]
Benchmarking (faiss_vote_200):  31%|███       | 1232/3987 [00:07<00:17, 157.93it/s]
Benchmarking (faiss_vote_200):  31%|███▏      | 1248/3987 [00:07<00:17, 157.97it/s]
Benchmarking (faiss_vote_200):  32%|███▏      | 1264/3987 [00:07<00:17, 157.63it/s]
Benchmarking (faiss_vote_200):  32%|███▏      | 1280/3987 [00:08<00:17, 157.77it/s]
Benchmarking (faiss_vote_200):  33%|███▎      | 1296/3987 [00:08<00:17, 158.03it/s]
Benchmarking (faiss_vote_200):  33%|███▎      | 1312/3987 [00:08<00:16, 158.35it/s]
Benchmarking (faiss_vote_200):  33%|███▎      | 1328/3987 [00:08<00:16, 158.56it/s]
Benchmarking (faiss_vote_200):  34%|███▎      | 1344/3987 [00:08<00:16, 158.59it/s]
Benchmarking (faiss_vote_200):  34%|███▍      | 1360/3987 [00:08<00:16, 158.58it/s]
Benchmarking (faiss_vote_200):  35%|███▍      | 1376/3987 [00:08<00:16, 158.68it/s]
Benchmarking (faiss_vote_200):  35%|███▍      | 1392/3987 [00:08<00:16, 158.47it/s]
Benchmarking (faiss_vote_200):  35%|███▌      | 1408/3987 [00:08<00:16, 158.59it/s]
Benchmarking (faiss_vote_200):  36%|███▌      | 1424/3987 [00:09<00:16, 158.89it/s]
Benchmarking (faiss_vote_200):  36%|███▌      | 1440/3987 [00:09<00:16, 158.98it/s]
Benchmarking (faiss_vote_200):  37%|███▋      | 1456/3987 [00:09<00:15, 159.03it/s]
Benchmarking (faiss_vote_200):  37%|███▋      | 1472/3987 [00:09<00:15, 158.98it/s]
Benchmarking (faiss_vote_200):  37%|███▋      | 1488/3987 [00:09<00:15, 158.87it/s]INFO:src.evaluation.benchmark_partition_selection:      [VOTE DEBUG] search: 5.98ms | tally: 0.18ms | nodes: 200
Benchmarking (faiss_vote_200):  38%|███▊      | 1504/3987 [00:09<00:15, 158.73it/s]
Benchmarking (faiss_vote_200):  38%|███▊      | 1520/3987 [00:09<00:15, 158.69it/s]
Benchmarking (faiss_vote_200):  39%|███▊      | 1536/3987 [00:09<00:15, 158.55it/s]
Benchmarking (faiss_vote_200):  39%|███▉      | 1552/3987 [00:09<00:15, 158.37it/s]
Benchmarking (faiss_vote_200):  39%|███▉      | 1568/3987 [00:09<00:15, 158.27it/s]
Benchmarking (faiss_vote_200):  40%|███▉      | 1584/3987 [00:10<00:15, 158.15it/s]
Benchmarking (faiss_vote_200):  40%|████      | 1600/3987 [00:10<00:15, 157.68it/s]
Benchmarking (faiss_vote_200):  41%|████      | 1616/3987 [00:10<00:15, 157.86it/s]
Benchmarking (faiss_vote_200):  41%|████      | 1632/3987 [00:10<00:14, 158.31it/s]
Benchmarking (faiss_vote_200):  41%|████▏     | 1648/3987 [00:10<00:14, 158.01it/s]
Benchmarking (faiss_vote_200):  42%|████▏     | 1664/3987 [00:10<00:14, 157.70it/s]
Benchmarking (faiss_vote_200):  42%|████▏     | 1680/3987 [00:10<00:14, 157.58it/s]
Benchmarking (faiss_vote_200):  43%|████▎     | 1696/3987 [00:10<00:14, 157.83it/s]
Benchmarking (faiss_vote_200):  43%|████▎     | 1712/3987 [00:10<00:14, 157.96it/s]
Benchmarking (faiss_vote_200):  43%|████▎     | 1728/3987 [00:10<00:14, 158.26it/s]
Benchmarking (faiss_vote_200):  44%|████▎     | 1744/3987 [00:11<00:14, 158.44it/s]
Benchmarking (faiss_vote_200):  44%|████▍     | 1760/3987 [00:11<00:14, 158.45it/s]
Benchmarking (faiss_vote_200):  45%|████▍     | 1776/3987 [00:11<00:13, 158.54it/s]
Benchmarking (faiss_vote_200):  45%|████▍     | 1792/3987 [00:11<00:13, 158.55it/s]
Benchmarking (faiss_vote_200):  45%|████▌     | 1808/3987 [00:11<00:13, 158.08it/s]
Benchmarking (faiss_vote_200):  46%|████▌     | 1824/3987 [00:11<00:13, 157.89it/s]
Benchmarking (faiss_vote_200):  46%|████▌     | 1840/3987 [00:11<00:13, 157.80it/s]
Benchmarking (faiss_vote_200):  47%|████▋     | 1856/3987 [00:11<00:13, 157.72it/s]
Benchmarking (faiss_vote_200):  47%|████▋     | 1872/3987 [00:11<00:13, 157.23it/s]
Benchmarking (faiss_vote_200):  47%|████▋     | 1888/3987 [00:11<00:13, 157.14it/s]
Benchmarking (faiss_vote_200):  48%|████▊     | 1904/3987 [00:12<00:13, 157.00it/s]
Benchmarking (faiss_vote_200):  48%|████▊     | 1920/3987 [00:12<00:13, 156.74it/s]
Benchmarking (faiss_vote_200):  49%|████▊     | 1936/3987 [00:12<00:13, 156.96it/s]
Benchmarking (faiss_vote_200):  49%|████▉     | 1952/3987 [00:12<00:12, 157.13it/s]
Benchmarking (faiss_vote_200):  49%|████▉     | 1968/3987 [00:12<00:12, 157.35it/s]
Benchmarking (faiss_vote_200):  50%|████▉     | 1984/3987 [00:12<00:12, 157.16it/s]
Benchmarking (faiss_vote_200):  50%|█████     | 2000/3987 [00:12<00:12, 157.26it/s]INFO:src.evaluation.benchmark_partition_selection:      [VOTE DEBUG] search: 6.05ms | tally: 0.18ms | nodes: 200
Benchmarking (faiss_vote_200):  51%|█████     | 2016/3987 [00:12<00:12, 156.97it/s]
Benchmarking (faiss_vote_200):  51%|█████     | 2032/3987 [00:12<00:12, 156.84it/s]
Benchmarking (faiss_vote_200):  51%|█████▏    | 2048/3987 [00:12<00:12, 156.77it/s]
Benchmarking (faiss_vote_200):  52%|█████▏    | 2064/3987 [00:13<00:12, 156.78it/s]
Benchmarking (faiss_vote_200):  52%|█████▏    | 2080/3987 [00:13<00:12, 156.79it/s]
Benchmarking (faiss_vote_200):  53%|█████▎    | 2096/3987 [00:13<00:12, 157.17it/s]
Benchmarking (faiss_vote_200):  53%|█████▎    | 2112/3987 [00:13<00:11, 157.34it/s]
Benchmarking (faiss_vote_200):  53%|█████▎    | 2128/3987 [00:13<00:11, 157.34it/s]
Benchmarking (faiss_vote_200):  54%|█████▍    | 2144/3987 [00:13<00:11, 157.26it/s]
Benchmarking (faiss_vote_200):  54%|█████▍    | 2160/3987 [00:13<00:11, 157.07it/s]
Benchmarking (faiss_vote_200):  55%|█████▍    | 2176/3987 [00:13<00:11, 157.01it/s]
Benchmarking (faiss_vote_200):  55%|█████▍    | 2192/3987 [00:13<00:11, 157.25it/s]
Benchmarking (faiss_vote_200):  55%|█████▌    | 2208/3987 [00:13<00:11, 157.43it/s]
Benchmarking (faiss_vote_200):  56%|█████▌    | 2224/3987 [00:14<00:11, 157.06it/s]
Benchmarking (faiss_vote_200):  56%|█████▌    | 2240/3987 [00:14<00:11, 156.85it/s]
Benchmarking (faiss_vote_200):  57%|█████▋    | 2256/3987 [00:14<00:11, 156.75it/s]
Benchmarking (faiss_vote_200):  57%|█████▋    | 2272/3987 [00:14<00:10, 156.93it/s]
Benchmarking (faiss_vote_200):  57%|█████▋    | 2288/3987 [00:14<00:10, 156.93it/s]
Benchmarking (faiss_vote_200):  58%|█████▊    | 2304/3987 [00:14<00:10, 157.07it/s]
Benchmarking (faiss_vote_200):  58%|█████▊    | 2320/3987 [00:14<00:10, 157.66it/s]
Benchmarking (faiss_vote_200):  59%|█████▊    | 2336/3987 [00:14<00:10, 157.74it/s]
Benchmarking (faiss_vote_200):  59%|█████▉    | 2352/3987 [00:14<00:10, 157.68it/s]
Benchmarking (faiss_vote_200):  59%|█████▉    | 2368/3987 [00:14<00:10, 157.83it/s]
Benchmarking (faiss_vote_200):  60%|█████▉    | 2384/3987 [00:15<00:10, 157.79it/s]
Benchmarking (faiss_vote_200):  60%|██████    | 2400/3987 [00:15<00:10, 157.79it/s]
Benchmarking (faiss_vote_200):  61%|██████    | 2416/3987 [00:15<00:09, 157.82it/s]
Benchmarking (faiss_vote_200):  61%|██████    | 2432/3987 [00:15<00:09, 157.64it/s]
Benchmarking (faiss_vote_200):  61%|██████▏   | 2448/3987 [00:15<00:09, 157.69it/s]
Benchmarking (faiss_vote_200):  62%|██████▏   | 2464/3987 [00:15<00:09, 157.11it/s]
Benchmarking (faiss_vote_200):  62%|██████▏   | 2480/3987 [00:15<00:09, 157.07it/s]
Benchmarking (faiss_vote_200):  63%|██████▎   | 2496/3987 [00:15<00:09, 156.61it/s]INFO:src.evaluation.benchmark_partition_selection:      [VOTE DEBUG] search: 6.13ms | tally: 0.21ms | nodes: 200
Benchmarking (faiss_vote_200):  63%|██████▎   | 2512/3987 [00:15<00:09, 156.26it/s]
Benchmarking (faiss_vote_200):  63%|██████▎   | 2528/3987 [00:16<00:09, 156.92it/s]
Benchmarking (faiss_vote_200):  64%|██████▍   | 2544/3987 [00:16<00:09, 156.81it/s]
Benchmarking (faiss_vote_200):  64%|██████▍   | 2560/3987 [00:16<00:09, 156.89it/s]
Benchmarking (faiss_vote_200):  65%|██████▍   | 2576/3987 [00:16<00:09, 156.74it/s]
Benchmarking (faiss_vote_200):  65%|██████▌   | 2592/3987 [00:16<00:08, 156.57it/s]
Benchmarking (faiss_vote_200):  65%|██████▌   | 2608/3987 [00:16<00:08, 156.71it/s]
Benchmarking (faiss_vote_200):  66%|██████▌   | 2624/3987 [00:16<00:08, 157.21it/s]
Benchmarking (faiss_vote_200):  66%|██████▌   | 2640/3987 [00:16<00:08, 156.69it/s]
Benchmarking (faiss_vote_200):  67%|██████▋   | 2656/3987 [00:16<00:08, 155.91it/s]
Benchmarking (faiss_vote_200):  67%|██████▋   | 2672/3987 [00:16<00:08, 156.32it/s]
Benchmarking (faiss_vote_200):  67%|██████▋   | 2688/3987 [00:17<00:08, 155.98it/s]
Benchmarking (faiss_vote_200):  68%|██████▊   | 2704/3987 [00:17<00:08, 156.50it/s]
Benchmarking (faiss_vote_200):  68%|██████▊   | 2720/3987 [00:17<00:08, 157.17it/s]
Benchmarking (faiss_vote_200):  69%|██████▊   | 2736/3987 [00:17<00:07, 156.82it/s]
Benchmarking (faiss_vote_200):  69%|██████▉   | 2752/3987 [00:17<00:07, 156.82it/s]
Benchmarking (faiss_vote_200):  69%|██████▉   | 2768/3987 [00:17<00:07, 157.21it/s]
Benchmarking (faiss_vote_200):  70%|██████▉   | 2784/3987 [00:17<00:07, 157.42it/s]
Benchmarking (faiss_vote_200):  70%|███████   | 2800/3987 [00:17<00:07, 157.77it/s]
Benchmarking (faiss_vote_200):  71%|███████   | 2816/3987 [00:17<00:07, 157.89it/s]
Benchmarking (faiss_vote_200):  71%|███████   | 2832/3987 [00:17<00:07, 158.24it/s]
Benchmarking (faiss_vote_200):  71%|███████▏  | 2848/3987 [00:18<00:07, 158.44it/s]
Benchmarking (faiss_vote_200):  72%|███████▏  | 2864/3987 [00:18<00:07, 158.72it/s]
Benchmarking (faiss_vote_200):  72%|███████▏  | 2880/3987 [00:18<00:06, 158.67it/s]
Benchmarking (faiss_vote_200):  73%|███████▎  | 2896/3987 [00:18<00:06, 158.87it/s]
Benchmarking (faiss_vote_200):  73%|███████▎  | 2912/3987 [00:18<00:06, 159.06it/s]
Benchmarking (faiss_vote_200):  73%|███████▎  | 2928/3987 [00:18<00:06, 158.53it/s]
Benchmarking (faiss_vote_200):  74%|███████▍  | 2944/3987 [00:18<00:06, 158.52it/s]
Benchmarking (faiss_vote_200):  74%|███████▍  | 2960/3987 [00:18<00:06, 158.56it/s]
Benchmarking (faiss_vote_200):  75%|███████▍  | 2976/3987 [00:18<00:06, 158.66it/s]
Benchmarking (faiss_vote_200):  75%|███████▌  | 2992/3987 [00:18<00:06, 158.61it/s]INFO:src.evaluation.benchmark_partition_selection:      [VOTE DEBUG] search: 6.02ms | tally: 0.22ms | nodes: 200
Benchmarking (faiss_vote_200):  75%|███████▌  | 3008/3987 [00:19<00:06, 158.32it/s]
Benchmarking (faiss_vote_200):  76%|███████▌  | 3024/3987 [00:19<00:06, 157.98it/s]
Benchmarking (faiss_vote_200):  76%|███████▌  | 3040/3987 [00:19<00:05, 158.15it/s]
Benchmarking (faiss_vote_200):  77%|███████▋  | 3056/3987 [00:19<00:05, 157.91it/s]
Benchmarking (faiss_vote_200):  77%|███████▋  | 3072/3987 [00:19<00:05, 158.01it/s]
Benchmarking (faiss_vote_200):  77%|███████▋  | 3088/3987 [00:19<00:05, 158.21it/s]
Benchmarking (faiss_vote_200):  78%|███████▊  | 3104/3987 [00:19<00:05, 158.44it/s]
Benchmarking (faiss_vote_200):  78%|███████▊  | 3120/3987 [00:19<00:05, 158.54it/s]
Benchmarking (faiss_vote_200):  79%|███████▊  | 3136/3987 [00:19<00:05, 158.41it/s]
Benchmarking (faiss_vote_200):  79%|███████▉  | 3152/3987 [00:19<00:05, 158.52it/s]
Benchmarking (faiss_vote_200):  79%|███████▉  | 3168/3987 [00:20<00:05, 158.71it/s]
Benchmarking (faiss_vote_200):  80%|███████▉  | 3184/3987 [00:20<00:05, 158.83it/s]
Benchmarking (faiss_vote_200):  80%|████████  | 3200/3987 [00:20<00:04, 158.71it/s]
Benchmarking (faiss_vote_200):  81%|████████  | 3216/3987 [00:20<00:04, 158.43it/s]
Benchmarking (faiss_vote_200):  81%|████████  | 3232/3987 [00:20<00:04, 158.47it/s]
Benchmarking (faiss_vote_200):  81%|████████▏ | 3248/3987 [00:20<00:04, 158.41it/s]
Benchmarking (faiss_vote_200):  82%|████████▏ | 3264/3987 [00:20<00:04, 158.55it/s]
Benchmarking (faiss_vote_200):  82%|████████▏ | 3280/3987 [00:20<00:04, 158.76it/s]
Benchmarking (faiss_vote_200):  83%|████████▎ | 3296/3987 [00:20<00:04, 158.56it/s]
Benchmarking (faiss_vote_200):  83%|████████▎ | 3312/3987 [00:20<00:04, 158.57it/s]
Benchmarking (faiss_vote_200):  83%|████████▎ | 3328/3987 [00:21<00:04, 158.32it/s]
Benchmarking (faiss_vote_200):  84%|████████▍ | 3344/3987 [00:21<00:04, 158.22it/s]
Benchmarking (faiss_vote_200):  84%|████████▍ | 3360/3987 [00:21<00:03, 158.30it/s]
Benchmarking (faiss_vote_200):  85%|████████▍ | 3376/3987 [00:21<00:03, 158.12it/s]
Benchmarking (faiss_vote_200):  85%|████████▌ | 3392/3987 [00:21<00:03, 157.68it/s]
Benchmarking (faiss_vote_200):  85%|████████▌ | 3408/3987 [00:21<00:03, 157.55it/s]
Benchmarking (faiss_vote_200):  86%|████████▌ | 3424/3987 [00:21<00:03, 157.55it/s]
Benchmarking (faiss_vote_200):  86%|████████▋ | 3440/3987 [00:21<00:03, 157.69it/s]
Benchmarking (faiss_vote_200):  87%|████████▋ | 3456/3987 [00:21<00:03, 157.65it/s]
Benchmarking (faiss_vote_200):  87%|████████▋ | 3472/3987 [00:21<00:03, 158.04it/s]
Benchmarking (faiss_vote_200):  87%|████████▋ | 3488/3987 [00:22<00:03, 158.41it/s]INFO:src.evaluation.benchmark_partition_selection:      [VOTE DEBUG] search: 5.95ms | tally: 0.21ms | nodes: 200
Benchmarking (faiss_vote_200):  88%|████████▊ | 3504/3987 [00:22<00:03, 158.47it/s]
Benchmarking (faiss_vote_200):  88%|████████▊ | 3520/3987 [00:22<00:02, 158.82it/s]
Benchmarking (faiss_vote_200):  89%|████████▊ | 3536/3987 [00:22<00:02, 159.10it/s]
Benchmarking (faiss_vote_200):  89%|████████▉ | 3552/3987 [00:22<00:02, 159.03it/s]
Benchmarking (faiss_vote_200):  89%|████████▉ | 3568/3987 [00:22<00:02, 159.12it/s]
Benchmarking (faiss_vote_200):  90%|████████▉ | 3584/3987 [00:22<00:02, 159.29it/s]
Benchmarking (faiss_vote_200):  90%|█████████ | 3600/3987 [00:22<00:02, 159.16it/s]
Benchmarking (faiss_vote_200):  91%|█████████ | 3616/3987 [00:22<00:02, 158.88it/s]
Benchmarking (faiss_vote_200):  91%|█████████ | 3632/3987 [00:22<00:02, 158.82it/s]
Benchmarking (faiss_vote_200):  91%|█████████▏| 3648/3987 [00:23<00:02, 158.69it/s]
Benchmarking (faiss_vote_200):  92%|█████████▏| 3664/3987 [00:23<00:02, 158.24it/s]
Benchmarking (faiss_vote_200):  92%|█████████▏| 3680/3987 [00:23<00:01, 158.30it/s]
Benchmarking (faiss_vote_200):  93%|█████████▎| 3696/3987 [00:23<00:01, 158.52it/s]
Benchmarking (faiss_vote_200):  93%|█████████▎| 3712/3987 [00:23<00:01, 158.53it/s]
Benchmarking (faiss_vote_200):  94%|█████████▎| 3728/3987 [00:23<00:01, 158.51it/s]
Benchmarking (faiss_vote_200):  94%|█████████▍| 3744/3987 [00:23<00:01, 158.47it/s]
Benchmarking (faiss_vote_200):  94%|█████████▍| 3760/3987 [00:23<00:01, 158.42it/s]
Benchmarking (faiss_vote_200):  95%|█████████▍| 3776/3987 [00:23<00:01, 158.46it/s]
Benchmarking (faiss_vote_200):  95%|█████████▌| 3792/3987 [00:24<00:01, 158.74it/s]
Benchmarking (faiss_vote_200):  96%|█████████▌| 3808/3987 [00:24<00:01, 159.00it/s]
Benchmarking (faiss_vote_200):  96%|█████████▌| 3824/3987 [00:24<00:01, 159.10it/s]
Benchmarking (faiss_vote_200):  96%|█████████▋| 3840/3987 [00:24<00:00, 159.25it/s]
Benchmarking (faiss_vote_200):  97%|█████████▋| 3856/3987 [00:24<00:00, 159.36it/s]
Benchmarking (faiss_vote_200):  97%|█████████▋| 3872/3987 [00:24<00:00, 159.19it/s]
Benchmarking (faiss_vote_200):  98%|█████████▊| 3888/3987 [00:24<00:00, 159.22it/s]
Benchmarking (faiss_vote_200):  98%|█████████▊| 3904/3987 [00:24<00:00, 159.24it/s]
Benchmarking (faiss_vote_200):  98%|█████████▊| 3920/3987 [00:24<00:00, 159.23it/s]
Benchmarking (faiss_vote_200):  99%|█████████▊| 3936/3987 [00:24<00:00, 158.98it/s]
Benchmarking (faiss_vote_200):  99%|█████████▉| 3952/3987 [00:25<00:00, 158.53it/s]
Benchmarking (faiss_vote_200): 100%|█████████▉| 3968/3987 [00:25<00:00, 158.56it/s]
Benchmarking (faiss_vote_200): 100%|█████████▉| 3984/3987 [00:25<00:00, 158.56it/s]
INFO:src.evaluation.benchmark_partition_selection:  [val] R@1=42.8% GTR@20=96.2% FCov@20=93.3% MRR=59.5%
Benchmarking (faiss_vote_200):   0%|          | 0/1995 [00:00<?, ?it/s]INFO:src.evaluation.benchmark_partition_selection:      [VOTE DEBUG] search: 6.03ms | tally: 0.21ms | nodes: 200
Benchmarking (faiss_vote_200):   1%|          | 16/1995 [00:00<00:12, 159.12it/s]
Benchmarking (faiss_vote_200):   2%|▏         | 32/1995 [00:00<00:12, 158.78it/s]
Benchmarking (faiss_vote_200):   2%|▏         | 48/1995 [00:00<00:12, 158.39it/s]
Benchmarking (faiss_vote_200):   3%|▎         | 64/1995 [00:00<00:12, 158.05it/s]
Benchmarking (faiss_vote_200):   4%|▍         | 80/1995 [00:00<00:12, 157.87it/s]
Benchmarking (faiss_vote_200):   5%|▍         | 96/1995 [00:00<00:12, 158.18it/s]
Benchmarking (faiss_vote_200):   6%|▌         | 112/1995 [00:00<00:11, 158.36it/s]
Benchmarking (faiss_vote_200):   6%|▋         | 128/1995 [00:00<00:11, 158.52it/s]
Benchmarking (faiss_vote_200):   7%|▋         | 144/1995 [00:00<00:11, 158.53it/s]
Benchmarking (faiss_vote_200):   8%|▊         | 160/1995 [00:01<00:11, 158.42it/s]
Benchmarking (faiss_vote_200):   9%|▉         | 176/1995 [00:01<00:11, 158.21it/s]
Benchmarking (faiss_vote_200):  10%|▉         | 192/1995 [00:01<00:11, 158.28it/s]
Benchmarking (faiss_vote_200):  10%|█         | 208/1995 [00:01<00:11, 158.03it/s]
Benchmarking (faiss_vote_200):  11%|█         | 224/1995 [00:01<00:11, 158.13it/s]
Benchmarking (faiss_vote_200):  12%|█▏        | 240/1995 [00:01<00:11, 158.26it/s]
Benchmarking (faiss_vote_200):  13%|█▎        | 256/1995 [00:01<00:11, 157.92it/s]
Benchmarking (faiss_vote_200):  14%|█▎        | 272/1995 [00:01<00:10, 157.70it/s]
Benchmarking (faiss_vote_200):  14%|█▍        | 288/1995 [00:01<00:10, 157.82it/s]
Benchmarking (faiss_vote_200):  15%|█▌        | 304/1995 [00:01<00:10, 158.01it/s]
Benchmarking (faiss_vote_200):  16%|█▌        | 320/1995 [00:02<00:10, 158.11it/s]
Benchmarking (faiss_vote_200):  17%|█▋        | 336/1995 [00:02<00:10, 158.15it/s]
Benchmarking (faiss_vote_200):  18%|█▊        | 352/1995 [00:02<00:10, 158.04it/s]
Benchmarking (faiss_vote_200):  18%|█▊        | 368/1995 [00:02<00:10, 157.94it/s]
Benchmarking (faiss_vote_200):  19%|█▉        | 384/1995 [00:02<00:10, 157.98it/s]
Benchmarking (faiss_vote_200):  20%|██        | 400/1995 [00:02<00:10, 157.77it/s]
Benchmarking (faiss_vote_200):  21%|██        | 416/1995 [00:02<00:10, 157.83it/s]
Benchmarking (faiss_vote_200):  22%|██▏       | 432/1995 [00:02<00:09, 158.06it/s]
Benchmarking (faiss_vote_200):  22%|██▏       | 448/1995 [00:02<00:09, 157.64it/s]
Benchmarking (faiss_vote_200):  23%|██▎       | 464/1995 [00:02<00:09, 157.65it/s]
Benchmarking (faiss_vote_200):  24%|██▍       | 480/1995 [00:03<00:09, 157.74it/s]
Benchmarking (faiss_vote_200):  25%|██▍       | 496/1995 [00:03<00:09, 157.73it/s]INFO:src.evaluation.benchmark_partition_selection:      [VOTE DEBUG] search: 5.98ms | tally: 0.17ms | nodes: 200
Benchmarking (faiss_vote_200):  26%|██▌       | 512/1995 [00:03<00:09, 157.51it/s]
Benchmarking (faiss_vote_200):  26%|██▋       | 528/1995 [00:03<00:09, 157.33it/s]
Benchmarking (faiss_vote_200):  27%|██▋       | 544/1995 [00:03<00:09, 157.36it/s]
Benchmarking (faiss_vote_200):  28%|██▊       | 560/1995 [00:03<00:09, 157.52it/s]
Benchmarking (faiss_vote_200):  29%|██▉       | 576/1995 [00:03<00:09, 157.65it/s]
Benchmarking (faiss_vote_200):  30%|██▉       | 592/1995 [00:03<00:08, 157.76it/s]
Benchmarking (faiss_vote_200):  30%|███       | 608/1995 [00:03<00:08, 157.98it/s]
Benchmarking (faiss_vote_200):  31%|███▏      | 624/1995 [00:03<00:08, 158.27it/s]
Benchmarking (faiss_vote_200):  32%|███▏      | 640/1995 [00:04<00:08, 158.45it/s]
Benchmarking (faiss_vote_200):  33%|███▎      | 656/1995 [00:04<00:08, 158.32it/s]
Benchmarking (faiss_vote_200):  34%|███▎      | 672/1995 [00:04<00:08, 158.28it/s]
Benchmarking (faiss_vote_200):  34%|███▍      | 688/1995 [00:04<00:08, 157.88it/s]
Benchmarking (faiss_vote_200):  35%|███▌      | 704/1995 [00:04<00:08, 157.99it/s]
Benchmarking (faiss_vote_200):  36%|███▌      | 720/1995 [00:04<00:08, 157.75it/s]
Benchmarking (faiss_vote_200):  37%|███▋      | 736/1995 [00:04<00:08, 157.37it/s]
Benchmarking (faiss_vote_200):  38%|███▊      | 752/1995 [00:04<00:07, 157.03it/s]
Benchmarking (faiss_vote_200):  38%|███▊      | 768/1995 [00:04<00:07, 156.95it/s]
Benchmarking (faiss_vote_200):  39%|███▉      | 784/1995 [00:04<00:07, 156.91it/s]
Benchmarking (faiss_vote_200):  40%|████      | 800/1995 [00:05<00:07, 157.34it/s]
Benchmarking (faiss_vote_200):  41%|████      | 816/1995 [00:05<00:07, 157.60it/s]
Benchmarking (faiss_vote_200):  42%|████▏     | 832/1995 [00:05<00:07, 157.22it/s]
Benchmarking (faiss_vote_200):  43%|████▎     | 848/1995 [00:05<00:07, 157.22it/s]
Benchmarking (faiss_vote_200):  43%|████▎     | 864/1995 [00:05<00:07, 157.50it/s]
Benchmarking (faiss_vote_200):  44%|████▍     | 880/1995 [00:05<00:07, 157.67it/s]
Benchmarking (faiss_vote_200):  45%|████▍     | 896/1995 [00:05<00:06, 157.93it/s]
Benchmarking (faiss_vote_200):  46%|████▌     | 912/1995 [00:05<00:06, 157.79it/s]
Benchmarking (faiss_vote_200):  47%|████▋     | 928/1995 [00:05<00:06, 157.88it/s]
Benchmarking (faiss_vote_200):  47%|████▋     | 944/1995 [00:05<00:06, 158.06it/s]
Benchmarking (faiss_vote_200):  48%|████▊     | 960/1995 [00:06<00:06, 157.98it/s]
Benchmarking (faiss_vote_200):  49%|████▉     | 976/1995 [00:06<00:06, 158.01it/s]
Benchmarking (faiss_vote_200):  50%|████▉     | 992/1995 [00:06<00:06, 158.01it/s]INFO:src.evaluation.benchmark_partition_selection:      [VOTE DEBUG] search: 5.99ms | tally: 0.21ms | nodes: 200
Benchmarking (faiss_vote_200):  51%|█████     | 1008/1995 [00:06<00:06, 157.86it/s]
Benchmarking (faiss_vote_200):  51%|█████▏    | 1024/1995 [00:06<00:06, 157.95it/s]
Benchmarking (faiss_vote_200):  52%|█████▏    | 1040/1995 [00:06<00:06, 157.45it/s]
Benchmarking (faiss_vote_200):  53%|█████▎    | 1056/1995 [00:06<00:05, 157.23it/s]
Benchmarking (faiss_vote_200):  54%|█████▎    | 1072/1995 [00:06<00:05, 157.18it/s]
Benchmarking (faiss_vote_200):  55%|█████▍    | 1088/1995 [00:06<00:05, 157.30it/s]
Benchmarking (faiss_vote_200):  55%|█████▌    | 1104/1995 [00:06<00:05, 157.50it/s]
Benchmarking (faiss_vote_200):  56%|█████▌    | 1120/1995 [00:07<00:05, 157.73it/s]
Benchmarking (faiss_vote_200):  57%|█████▋    | 1136/1995 [00:07<00:05, 157.92it/s]
Benchmarking (faiss_vote_200):  58%|█████▊    | 1152/1995 [00:07<00:05, 157.80it/s]
Benchmarking (faiss_vote_200):  59%|█████▊    | 1168/1995 [00:07<00:05, 157.88it/s]
Benchmarking (faiss_vote_200):  59%|█████▉    | 1184/1995 [00:07<00:05, 157.93it/s]
Benchmarking (faiss_vote_200):  60%|██████    | 1200/1995 [00:07<00:05, 158.00it/s]
Benchmarking (faiss_vote_200):  61%|██████    | 1216/1995 [00:07<00:04, 157.99it/s]
Benchmarking (faiss_vote_200):  62%|██████▏   | 1232/1995 [00:07<00:04, 157.98it/s]
Benchmarking (faiss_vote_200):  63%|██████▎   | 1248/1995 [00:07<00:04, 157.92it/s]
Benchmarking (faiss_vote_200):  63%|██████▎   | 1264/1995 [00:08<00:04, 157.93it/s]
Benchmarking (faiss_vote_200):  64%|██████▍   | 1280/1995 [00:08<00:04, 157.88it/s]
Benchmarking (faiss_vote_200):  65%|██████▍   | 1296/1995 [00:08<00:04, 157.88it/s]
Benchmarking (faiss_vote_200):  66%|██████▌   | 1312/1995 [00:08<00:04, 157.87it/s]
Benchmarking (faiss_vote_200):  67%|██████▋   | 1328/1995 [00:08<00:04, 157.93it/s]
Benchmarking (faiss_vote_200):  67%|██████▋   | 1344/1995 [00:08<00:04, 157.96it/s]
Benchmarking (faiss_vote_200):  68%|██████▊   | 1360/1995 [00:08<00:04, 157.89it/s]
Benchmarking (faiss_vote_200):  69%|██████▉   | 1376/1995 [00:08<00:03, 158.00it/s]
Benchmarking (faiss_vote_200):  70%|██████▉   | 1392/1995 [00:08<00:03, 158.06it/s]
Benchmarking (faiss_vote_200):  71%|███████   | 1408/1995 [00:08<00:03, 158.00it/s]
Benchmarking (faiss_vote_200):  71%|███████▏  | 1424/1995 [00:09<00:03, 157.98it/s]
Benchmarking (faiss_vote_200):  72%|███████▏  | 1440/1995 [00:09<00:03, 158.06it/s]
Benchmarking (faiss_vote_200):  73%|███████▎  | 1456/1995 [00:09<00:03, 158.05it/s]
Benchmarking (faiss_vote_200):  74%|███████▍  | 1472/1995 [00:09<00:03, 157.85it/s]
Benchmarking (faiss_vote_200):  75%|███████▍  | 1488/1995 [00:09<00:03, 157.86it/s]INFO:src.evaluation.benchmark_partition_selection:      [VOTE DEBUG] search: 5.99ms | tally: 0.20ms | nodes: 200
Benchmarking (faiss_vote_200):  75%|███████▌  | 1504/1995 [00:09<00:03, 157.80it/s]
Benchmarking (faiss_vote_200):  76%|███████▌  | 1520/1995 [00:09<00:03, 157.87it/s]
Benchmarking (faiss_vote_200):  77%|███████▋  | 1536/1995 [00:09<00:02, 158.10it/s]
Benchmarking (faiss_vote_200):  78%|███████▊  | 1552/1995 [00:09<00:02, 157.80it/s]
Benchmarking (faiss_vote_200):  79%|███████▊  | 1568/1995 [00:09<00:02, 157.57it/s]
Benchmarking (faiss_vote_200):  79%|███████▉  | 1584/1995 [00:10<00:02, 157.35it/s]
Benchmarking (faiss_vote_200):  80%|████████  | 1600/1995 [00:10<00:02, 157.37it/s]
Benchmarking (faiss_vote_200):  81%|████████  | 1616/1995 [00:10<00:02, 157.62it/s]
Benchmarking (faiss_vote_200):  82%|████████▏ | 1632/1995 [00:10<00:02, 157.79it/s]
Benchmarking (faiss_vote_200):  83%|████████▎ | 1648/1995 [00:10<00:02, 157.11it/s]
Benchmarking (faiss_vote_200):  83%|████████▎ | 1664/1995 [00:10<00:02, 157.29it/s]
Benchmarking (faiss_vote_200):  84%|████████▍ | 1680/1995 [00:10<00:01, 157.55it/s]
Benchmarking (faiss_vote_200):  85%|████████▌ | 1696/1995 [00:10<00:01, 157.53it/s]
Benchmarking (faiss_vote_200):  86%|████████▌ | 1712/1995 [00:10<00:01, 157.36it/s]
Benchmarking (faiss_vote_200):  87%|████████▋ | 1728/1995 [00:10<00:01, 157.54it/s]
Benchmarking (faiss_vote_200):  87%|████████▋ | 1744/1995 [00:11<00:01, 157.75it/s]
Benchmarking (faiss_vote_200):  88%|████████▊ | 1760/1995 [00:11<00:01, 157.62it/s]
Benchmarking (faiss_vote_200):  89%|████████▉ | 1776/1995 [00:11<00:01, 157.66it/s]
Benchmarking (faiss_vote_200):  90%|████████▉ | 1792/1995 [00:11<00:01, 157.68it/s]
Benchmarking (faiss_vote_200):  91%|█████████ | 1808/1995 [00:11<00:01, 157.92it/s]
Benchmarking (faiss_vote_200):  91%|█████████▏| 1824/1995 [00:11<00:01, 157.72it/s]
Benchmarking (faiss_vote_200):  92%|█████████▏| 1840/1995 [00:11<00:00, 157.71it/s]
Benchmarking (faiss_vote_200):  93%|█████████▎| 1856/1995 [00:11<00:00, 157.92it/s]
Benchmarking (faiss_vote_200):  94%|█████████▍| 1872/1995 [00:11<00:00, 158.00it/s]
Benchmarking (faiss_vote_200):  95%|█████████▍| 1888/1995 [00:11<00:00, 158.08it/s]
Benchmarking (faiss_vote_200):  95%|█████████▌| 1904/1995 [00:12<00:00, 158.11it/s]
Benchmarking (faiss_vote_200):  96%|█████████▌| 1920/1995 [00:12<00:00, 157.98it/s]
Benchmarking (faiss_vote_200):  97%|█████████▋| 1936/1995 [00:12<00:00, 157.93it/s]
Benchmarking (faiss_vote_200):  98%|█████████▊| 1952/1995 [00:12<00:00, 157.73it/s]
Benchmarking (faiss_vote_200):  99%|█████████▊| 1968/1995 [00:12<00:00, 157.70it/s]
Benchmarking (faiss_vote_200):  99%|█████████▉| 1984/1995 [00:12<00:00, 157.68it/s]
INFO:src.evaluation.benchmark_partition_selection:  [test] R@1=43.6% GTR@20=97.0% FCov@20=94.6% MRR=59.8%
INFO:src.evaluation.benchmark_partition_selection:Benchmarking: mlp
Benchmarking (mlp):   0%|          | 0/13956 [00:00<?, ?it/s]
Benchmarking (mlp):   2%|▏         | 272/13956 [00:00<00:05, 2712.45it/s]
Benchmarking (mlp):   4%|▍         | 549/13956 [00:00<00:04, 2745.75it/s]
Benchmarking (mlp):   6%|▌         | 826/13956 [00:00<00:04, 2752.75it/s]
Benchmarking (mlp):   8%|▊         | 1102/13956 [00:00<00:04, 2750.31it/s]
Benchmarking (mlp):  10%|▉         | 1378/13956 [00:00<00:04, 2753.20it/s]
Benchmarking (mlp):  12%|█▏        | 1655/13956 [00:00<00:04, 2755.65it/s]
Benchmarking (mlp):  14%|█▍        | 1931/13956 [00:00<00:04, 2744.27it/s]
Benchmarking (mlp):  16%|█▌        | 2208/13956 [00:00<00:04, 2750.93it/s]
Benchmarking (mlp):  18%|█▊        | 2484/13956 [00:00<00:04, 2753.32it/s]
Benchmarking (mlp):  20%|█▉        | 2763/13956 [00:01<00:04, 2763.17it/s]
Benchmarking (mlp):  22%|██▏       | 3042/13956 [00:01<00:03, 2768.78it/s]
Benchmarking (mlp):  24%|██▍       | 3321/13956 [00:01<00:03, 2772.25it/s]
Benchmarking (mlp):  26%|██▌       | 3599/13956 [00:01<00:03, 2770.57it/s]
Benchmarking (mlp):  28%|██▊       | 3877/13956 [00:01<00:03, 2759.31it/s]
Benchmarking (mlp):  30%|██▉       | 4153/13956 [00:01<00:03, 2755.94it/s]
Benchmarking (mlp):  32%|███▏      | 4430/13956 [00:01<00:03, 2757.82it/s]
Benchmarking (mlp):  34%|███▎      | 4706/13956 [00:01<00:03, 2753.90it/s]
Benchmarking (mlp):  36%|███▌      | 4982/13956 [00:01<00:03, 2752.60it/s]
Benchmarking (mlp):  38%|███▊      | 5258/13956 [00:01<00:03, 2753.97it/s]
Benchmarking (mlp):  40%|███▉      | 5534/13956 [00:02<00:03, 2745.19it/s]
Benchmarking (mlp):  42%|████▏     | 5811/13956 [00:02<00:02, 2750.45it/s]
Benchmarking (mlp):  44%|████▎     | 6089/13956 [00:02<00:02, 2759.04it/s]
Benchmarking (mlp):  46%|████▌     | 6367/13956 [00:02<00:02, 2762.62it/s]
Benchmarking (mlp):  48%|████▊     | 6645/13956 [00:02<00:02, 2766.32it/s]
Benchmarking (mlp):  50%|████▉     | 6922/13956 [00:02<00:02, 2766.25it/s]
Benchmarking (mlp):  52%|█████▏    | 7201/13956 [00:02<00:02, 2772.18it/s]
Benchmarking (mlp):  54%|█████▎    | 7479/13956 [00:02<00:02, 2771.31it/s]
Benchmarking (mlp):  56%|█████▌    | 7757/13956 [00:02<00:02, 2768.43it/s]
Benchmarking (mlp):  58%|█████▊    | 8034/13956 [00:02<00:02, 2764.85it/s]
Benchmarking (mlp):  60%|█████▉    | 8312/13956 [00:03<00:02, 2767.18it/s]
Benchmarking (mlp):  62%|██████▏   | 8590/13956 [00:03<00:01, 2768.44it/s]
Benchmarking (mlp):  64%|██████▎   | 8867/13956 [00:03<00:01, 2768.56it/s]
Benchmarking (mlp):  66%|██████▌   | 9144/13956 [00:03<00:01, 2767.20it/s]
Benchmarking (mlp):  68%|██████▊   | 9422/13956 [00:03<00:01, 2768.91it/s]
Benchmarking (mlp):  69%|██████▉   | 9699/13956 [00:03<00:01, 2765.89it/s]
Benchmarking (mlp):  71%|███████▏  | 9976/13956 [00:03<00:01, 2765.37it/s]
Benchmarking (mlp):  73%|███████▎  | 10253/13956 [00:03<00:01, 2763.19it/s]
Benchmarking (mlp):  75%|███████▌  | 10530/13956 [00:03<00:01, 2758.76it/s]
Benchmarking (mlp):  77%|███████▋  | 10806/13956 [00:03<00:01, 2744.20it/s]
Benchmarking (mlp):  79%|███████▉  | 11081/13956 [00:04<00:01, 2744.30it/s]
Benchmarking (mlp):  81%|████████▏ | 11358/13956 [00:04<00:00, 2749.46it/s]
Benchmarking (mlp):  83%|████████▎ | 11635/13956 [00:04<00:00, 2754.11it/s]
Benchmarking (mlp):  85%|████████▌ | 11911/13956 [00:04<00:00, 2755.14it/s]
Benchmarking (mlp):  87%|████████▋ | 12187/13956 [00:04<00:00, 2753.21it/s]
Benchmarking (mlp):  89%|████████▉ | 12464/13956 [00:04<00:00, 2757.38it/s]
Benchmarking (mlp):  91%|█████████▏| 12742/13956 [00:04<00:00, 2762.38it/s]
Benchmarking (mlp):  93%|█████████▎| 13019/13956 [00:04<00:00, 2758.77it/s]
Benchmarking (mlp):  95%|█████████▌| 13296/13956 [00:04<00:00, 2759.19it/s]
Benchmarking (mlp):  97%|█████████▋| 13572/13956 [00:04<00:00, 2744.88it/s]
Benchmarking (mlp):  99%|█████████▉| 13847/13956 [00:05<00:00, 2746.14it/s]
INFO:src.evaluation.benchmark_partition_selection:  [train] R@1=96.9% GTR@20=96.7% FCov@20=93.5% MRR=98.2%
Benchmarking (mlp):   0%|          | 0/3987 [00:00<?, ?it/s]
Benchmarking (mlp):   7%|▋         | 274/3987 [00:00<00:01, 2730.91it/s]
Benchmarking (mlp):  14%|█▍        | 550/3987 [00:00<00:01, 2745.21it/s]
Benchmarking (mlp):  21%|██        | 825/3987 [00:00<00:01, 2743.02it/s]
Benchmarking (mlp):  28%|██▊       | 1101/3987 [00:00<00:01, 2746.61it/s]
Benchmarking (mlp):  35%|███▍      | 1377/3987 [00:00<00:00, 2749.74it/s]
Benchmarking (mlp):  41%|████▏     | 1654/3987 [00:00<00:00, 2755.20it/s]
Benchmarking (mlp):  48%|████▊     | 1932/3987 [00:00<00:00, 2761.83it/s]
Benchmarking (mlp):  55%|█████▌    | 2209/3987 [00:00<00:00, 2762.33it/s]
Benchmarking (mlp):  62%|██████▏   | 2486/3987 [00:00<00:00, 2760.03it/s]
Benchmarking (mlp):  69%|██████▉   | 2764/3987 [00:01<00:00, 2763.81it/s]
Benchmarking (mlp):  76%|███████▋  | 3042/3987 [00:01<00:00, 2766.52it/s]
Benchmarking (mlp):  83%|████████▎ | 3319/3987 [00:01<00:00, 2765.92it/s]
Benchmarking (mlp):  90%|█████████ | 3597/3987 [00:01<00:00, 2767.83it/s]
Benchmarking (mlp):  97%|█████████▋| 3874/3987 [00:01<00:00, 2765.03it/s]
INFO:src.evaluation.benchmark_partition_selection:  [val] R@1=74.6% GTR@20=94.4% FCov@20=90.7% MRR=81.9%
Benchmarking (mlp):   0%|          | 0/1995 [00:00<?, ?it/s]
Benchmarking (mlp):  14%|█▍        | 279/1995 [00:00<00:00, 2780.25it/s]
Benchmarking (mlp):  28%|██▊       | 558/1995 [00:00<00:00, 2770.22it/s]
Benchmarking (mlp):  42%|████▏     | 836/1995 [00:00<00:00, 2763.12it/s]
Benchmarking (mlp):  56%|█████▌    | 1113/1995 [00:00<00:00, 2758.60it/s]
Benchmarking (mlp):  70%|██████▉   | 1391/1995 [00:00<00:00, 2765.95it/s]
Benchmarking (mlp):  84%|████████▎ | 1669/1995 [00:00<00:00, 2768.67it/s]
Benchmarking (mlp):  98%|█████████▊| 1946/1995 [00:00<00:00, 2769.06it/s]
INFO:src.evaluation.benchmark_partition_selection:  [test] R@1=76.5% GTR@20=94.8% FCov@20=91.2% MRR=83.2%
INFO:src.evaluation.benchmark_partition_selection:Benchmarking: mlp_topo
Benchmarking (mlp_topo):   0%|          | 0/13956 [00:00<?, ?it/s]
Benchmarking (mlp_topo):   2%|▏         | 259/13956 [00:00<00:05, 2581.26it/s]
Benchmarking (mlp_topo):   4%|▍         | 530/13956 [00:00<00:05, 2655.60it/s]
Benchmarking (mlp_topo):   6%|▌         | 797/13956 [00:00<00:04, 2659.90it/s]
Benchmarking (mlp_topo):   8%|▊         | 1072/13956 [00:00<00:04, 2692.14it/s]
Benchmarking (mlp_topo):  10%|▉         | 1342/13956 [00:00<00:04, 2686.93it/s]
Benchmarking (mlp_topo):  12%|█▏        | 1611/13956 [00:00<00:04, 2677.09it/s]
Benchmarking (mlp_topo):  13%|█▎        | 1883/13956 [00:00<00:04, 2689.35it/s]
Benchmarking (mlp_topo):  15%|█▌        | 2152/13956 [00:00<00:04, 2686.79it/s]
Benchmarking (mlp_topo):  17%|█▋        | 2421/13956 [00:00<00:04, 2669.20it/s]
Benchmarking (mlp_topo):  19%|█▉        | 2690/13956 [00:01<00:04, 2675.25it/s]
Benchmarking (mlp_topo):  21%|██        | 2958/13956 [00:01<00:04, 2676.11it/s]
Benchmarking (mlp_topo):  23%|██▎       | 3232/13956 [00:01<00:03, 2693.74it/s]
Benchmarking (mlp_topo):  25%|██▌       | 3502/13956 [00:01<00:03, 2694.96it/s]
Benchmarking (mlp_topo):  27%|██▋       | 3772/13956 [00:01<00:03, 2667.26it/s]
Benchmarking (mlp_topo):  29%|██▉       | 4042/13956 [00:01<00:03, 2675.42it/s]
Benchmarking (mlp_topo):  31%|███       | 4311/13956 [00:01<00:03, 2676.74it/s]
Benchmarking (mlp_topo):  33%|███▎      | 4579/13956 [00:01<00:03, 2677.19it/s]
Benchmarking (mlp_topo):  35%|███▍      | 4849/13956 [00:01<00:03, 2683.49it/s]
Benchmarking (mlp_topo):  37%|███▋      | 5120/13956 [00:01<00:03, 2689.07it/s]
Benchmarking (mlp_topo):  39%|███▊      | 5389/13956 [00:02<00:03, 2681.76it/s]
Benchmarking (mlp_topo):  41%|████      | 5659/13956 [00:02<00:03, 2685.65it/s]
Benchmarking (mlp_topo):  43%|████▎     | 5932/13956 [00:02<00:02, 2696.48it/s]
Benchmarking (mlp_topo):  44%|████▍     | 6206/13956 [00:02<00:02, 2706.88it/s]
Benchmarking (mlp_topo):  46%|████▋     | 6479/13956 [00:02<00:02, 2711.34it/s]
Benchmarking (mlp_topo):  48%|████▊     | 6751/13956 [00:02<00:02, 2643.55it/s]
Benchmarking (mlp_topo):  50%|█████     | 7017/13956 [00:02<00:02, 2645.40it/s]
Benchmarking (mlp_topo):  52%|█████▏    | 7283/13956 [00:02<00:02, 2647.51it/s]
Benchmarking (mlp_topo):  54%|█████▍    | 7555/13956 [00:02<00:02, 2666.22it/s]
Benchmarking (mlp_topo):  56%|█████▌    | 7826/13956 [00:02<00:02, 2678.82it/s]
Benchmarking (mlp_topo):  58%|█████▊    | 8094/13956 [00:03<00:02, 2672.65it/s]
Benchmarking (mlp_topo):  60%|█████▉    | 8364/13956 [00:03<00:02, 2678.90it/s]
Benchmarking (mlp_topo):  62%|██████▏   | 8632/13956 [00:03<00:02, 2658.33it/s]
Benchmarking (mlp_topo):  64%|██████▍   | 8898/13956 [00:03<00:01, 2640.03it/s]
Benchmarking (mlp_topo):  66%|██████▌   | 9167/13956 [00:03<00:01, 2654.71it/s]
Benchmarking (mlp_topo):  68%|██████▊   | 9433/13956 [00:03<00:01, 2653.30it/s]
Benchmarking (mlp_topo):  70%|██████▉   | 9704/13956 [00:03<00:01, 2668.75it/s]
Benchmarking (mlp_topo):  71%|███████▏  | 9971/13956 [00:03<00:01, 2664.67it/s]
Benchmarking (mlp_topo):  73%|███████▎  | 10243/13956 [00:03<00:01, 2680.72it/s]
Benchmarking (mlp_topo):  75%|███████▌  | 10512/13956 [00:03<00:01, 2673.59it/s]
Benchmarking (mlp_topo):  77%|███████▋  | 10784/13956 [00:04<00:01, 2685.31it/s]
Benchmarking (mlp_topo):  79%|███████▉  | 11054/13956 [00:04<00:01, 2689.09it/s]
Benchmarking (mlp_topo):  81%|████████  | 11323/13956 [00:04<00:00, 2688.99it/s]
Benchmarking (mlp_topo):  83%|████████▎ | 11592/13956 [00:04<00:00, 2682.26it/s]
Benchmarking (mlp_topo):  85%|████████▌ | 11865/13956 [00:04<00:00, 2693.56it/s]
Benchmarking (mlp_topo):  87%|████████▋ | 12135/13956 [00:04<00:00, 2693.74it/s]
Benchmarking (mlp_topo):  89%|████████▉ | 12407/13956 [00:04<00:00, 2699.84it/s]
Benchmarking (mlp_topo):  91%|█████████ | 12677/13956 [00:04<00:00, 2687.74it/s]
Benchmarking (mlp_topo):  93%|█████████▎| 12955/13956 [00:04<00:00, 2712.60it/s]
Benchmarking (mlp_topo):  95%|█████████▍| 13227/13956 [00:04<00:00, 2701.15it/s]
Benchmarking (mlp_topo):  97%|█████████▋| 13500/13956 [00:05<00:00, 2707.93it/s]
Benchmarking (mlp_topo):  99%|█████████▊| 13771/13956 [00:05<00:00, 2691.09it/s]
INFO:src.evaluation.benchmark_partition_selection:  [train] R@1=91.2% GTR@20=96.7% FCov@20=93.4% MRR=94.5%
Benchmarking (mlp_topo):   0%|          | 0/3987 [00:00<?, ?it/s]
Benchmarking (mlp_topo):   7%|▋         | 270/3987 [00:00<00:01, 2696.02it/s]
Benchmarking (mlp_topo):  14%|█▎        | 540/3987 [00:00<00:01, 2619.93it/s]
Benchmarking (mlp_topo):  20%|██        | 813/3987 [00:00<00:01, 2665.76it/s]
Benchmarking (mlp_topo):  27%|██▋       | 1085/3987 [00:00<00:01, 2685.01it/s]
Benchmarking (mlp_topo):  34%|███▍      | 1356/3987 [00:00<00:00, 2692.76it/s]
Benchmarking (mlp_topo):  41%|████      | 1632/3987 [00:00<00:00, 2713.54it/s]
Benchmarking (mlp_topo):  48%|████▊     | 1904/3987 [00:00<00:00, 2695.09it/s]
Benchmarking (mlp_topo):  55%|█████▍    | 2174/3987 [00:00<00:00, 2693.97it/s]
Benchmarking (mlp_topo):  61%|██████▏   | 2450/3987 [00:00<00:00, 2712.40it/s]
Benchmarking (mlp_topo):  68%|██████▊   | 2722/3987 [00:01<00:00, 2677.52it/s]
Benchmarking (mlp_topo):  75%|███████▌  | 2995/3987 [00:01<00:00, 2692.54it/s]
Benchmarking (mlp_topo):  82%|████████▏ | 3265/3987 [00:01<00:00, 2680.77it/s]
Benchmarking (mlp_topo):  89%|████████▊ | 3534/3987 [00:01<00:00, 2674.84it/s]
Benchmarking (mlp_topo):  95%|█████████▌| 3802/3987 [00:01<00:00, 2669.35it/s]
INFO:src.evaluation.benchmark_partition_selection:  [val] R@1=72.7% GTR@20=94.5% FCov@20=90.8% MRR=80.3%
Benchmarking (mlp_topo):   0%|          | 0/1995 [00:00<?, ?it/s]
Benchmarking (mlp_topo):  14%|█▍        | 276/1995 [00:00<00:00, 2758.90it/s]
Benchmarking (mlp_topo):  28%|██▊       | 552/1995 [00:00<00:00, 2691.32it/s]
Benchmarking (mlp_topo):  41%|████      | 822/1995 [00:00<00:00, 2669.14it/s]
Benchmarking (mlp_topo):  55%|█████▍    | 1089/1995 [00:00<00:00, 2621.41it/s]
Benchmarking (mlp_topo):  68%|██████▊   | 1355/1995 [00:00<00:00, 2631.46it/s]
Benchmarking (mlp_topo):  82%|████████▏ | 1628/1995 [00:00<00:00, 2661.56it/s]
Benchmarking (mlp_topo):  96%|█████████▌| 1906/1995 [00:00<00:00, 2697.54it/s]
INFO:src.evaluation.benchmark_partition_selection:  [test] R@1=73.2% GTR@20=94.6% FCov@20=91.3% MRR=81.0%
INFO:src.evaluation.benchmark_partition_selection:Benchmarking: gin
INFO:src.alignment.train_alignment:Topological features injected. Shape upgraded: torch.Size([46613, 384]) → torch.Size([46613, 433])
INFO:src.alignment.train_alignment:Extracting 46 partition subgraphs...
Benchmarking (gin):   0%|          | 0/13956 [00:00<?, ?it/s]
Benchmarking (gin):   0%|          | 60/13956 [00:00<00:23, 595.21it/s]
Benchmarking (gin):   1%|          | 121/13956 [00:00<00:22, 602.32it/s]
Benchmarking (gin):   1%|▏         | 182/13956 [00:00<00:22, 605.03it/s]
Benchmarking (gin):   2%|▏         | 243/13956 [00:00<00:22, 606.41it/s]
Benchmarking (gin):   2%|▏         | 304/13956 [00:00<00:22, 607.37it/s]
Benchmarking (gin):   3%|▎         | 365/13956 [00:00<00:22, 607.88it/s]
Benchmarking (gin):   3%|▎         | 426/13956 [00:00<00:22, 606.21it/s]
Benchmarking (gin):   3%|▎         | 487/13956 [00:00<00:22, 606.65it/s]
Benchmarking (gin):   4%|▍         | 548/13956 [00:00<00:22, 602.11it/s]
Benchmarking (gin):   4%|▍         | 609/13956 [00:01<00:22, 601.27it/s]
Benchmarking (gin):   5%|▍         | 670/13956 [00:01<00:22, 602.31it/s]
Benchmarking (gin):   5%|▌         | 731/13956 [00:01<00:21, 603.11it/s]
Benchmarking (gin):   6%|▌         | 792/13956 [00:01<00:21, 604.98it/s]
Benchmarking (gin):   6%|▌         | 854/13956 [00:01<00:21, 608.10it/s]
Benchmarking (gin):   7%|▋         | 916/13956 [00:01<00:21, 608.87it/s]
Benchmarking (gin):   7%|▋         | 977/13956 [00:01<00:21, 608.44it/s]
Benchmarking (gin):   7%|▋         | 1038/13956 [00:01<00:21, 607.51it/s]
Benchmarking (gin):   8%|▊         | 1099/13956 [00:01<00:21, 608.20it/s]
Benchmarking (gin):   8%|▊         | 1160/13956 [00:01<00:21, 608.04it/s]
Benchmarking (gin):   9%|▊         | 1221/13956 [00:02<00:20, 608.40it/s]
Benchmarking (gin):   9%|▉         | 1282/13956 [00:02<00:20, 608.49it/s]
Benchmarking (gin):  10%|▉         | 1344/13956 [00:02<00:20, 610.15it/s]
Benchmarking (gin):  10%|█         | 1406/13956 [00:02<00:20, 609.98it/s]
Benchmarking (gin):  11%|█         | 1467/13956 [00:02<00:20, 609.94it/s]
Benchmarking (gin):  11%|█         | 1528/13956 [00:02<00:20, 609.92it/s]
Benchmarking (gin):  11%|█▏        | 1590/13956 [00:02<00:20, 610.53it/s]
Benchmarking (gin):  12%|█▏        | 1652/13956 [00:02<00:20, 611.29it/s]
Benchmarking (gin):  12%|█▏        | 1714/13956 [00:02<00:20, 607.78it/s]
Benchmarking (gin):  13%|█▎        | 1775/13956 [00:02<00:20, 608.03it/s]
Benchmarking (gin):  13%|█▎        | 1836/13956 [00:03<00:19, 608.54it/s]
Benchmarking (gin):  14%|█▎        | 1898/13956 [00:03<00:19, 608.98it/s]
Benchmarking (gin):  14%|█▍        | 1959/13956 [00:03<00:19, 609.24it/s]
Benchmarking (gin):  14%|█▍        | 2021/13956 [00:03<00:19, 611.22it/s]
Benchmarking (gin):  15%|█▍        | 2083/13956 [00:03<00:19, 612.28it/s]
Benchmarking (gin):  15%|█▌        | 2145/13956 [00:03<00:19, 613.39it/s]
Benchmarking (gin):  16%|█▌        | 2207/13956 [00:03<00:19, 609.54it/s]
Benchmarking (gin):  16%|█▋        | 2268/13956 [00:03<00:19, 608.21it/s]
Benchmarking (gin):  17%|█▋        | 2330/13956 [00:03<00:19, 609.07it/s]
Benchmarking (gin):  17%|█▋        | 2391/13956 [00:03<00:19, 608.35it/s]
Benchmarking (gin):  18%|█▊        | 2452/13956 [00:04<00:18, 608.60it/s]
Benchmarking (gin):  18%|█▊        | 2514/13956 [00:04<00:18, 609.33it/s]
Benchmarking (gin):  18%|█▊        | 2576/13956 [00:04<00:18, 610.22it/s]
Benchmarking (gin):  19%|█▉        | 2638/13956 [00:04<00:18, 610.94it/s]
Benchmarking (gin):  19%|█▉        | 2700/13956 [00:04<00:18, 610.65it/s]
Benchmarking (gin):  20%|█▉        | 2762/13956 [00:04<00:18, 612.30it/s]
Benchmarking (gin):  20%|██        | 2824/13956 [00:04<00:18, 612.87it/s]
Benchmarking (gin):  21%|██        | 2886/13956 [00:04<00:18, 613.86it/s]
Benchmarking (gin):  21%|██        | 2948/13956 [00:04<00:17, 614.47it/s]
Benchmarking (gin):  22%|██▏       | 3010/13956 [00:04<00:17, 615.32it/s]
Benchmarking (gin):  22%|██▏       | 3072/13956 [00:05<00:17, 615.65it/s]
Benchmarking (gin):  22%|██▏       | 3134/13956 [00:05<00:17, 616.02it/s]
Benchmarking (gin):  23%|██▎       | 3196/13956 [00:05<00:17, 615.63it/s]
Benchmarking (gin):  23%|██▎       | 3258/13956 [00:05<00:17, 614.41it/s]
Benchmarking (gin):  24%|██▍       | 3320/13956 [00:05<00:17, 614.65it/s]
Benchmarking (gin):  24%|██▍       | 3382/13956 [00:05<00:17, 614.99it/s]
Benchmarking (gin):  25%|██▍       | 3444/13956 [00:05<00:17, 613.61it/s]
Benchmarking (gin):  25%|██▌       | 3506/13956 [00:05<00:17, 613.18it/s]
Benchmarking (gin):  26%|██▌       | 3568/13956 [00:05<00:16, 612.11it/s]
Benchmarking (gin):  26%|██▌       | 3630/13956 [00:05<00:16, 611.84it/s]
Benchmarking (gin):  26%|██▋       | 3692/13956 [00:06<00:16, 612.10it/s]
Benchmarking (gin):  27%|██▋       | 3754/13956 [00:06<00:16, 611.05it/s]
Benchmarking (gin):  27%|██▋       | 3816/13956 [00:06<00:16, 610.59it/s]
Benchmarking (gin):  28%|██▊       | 3878/13956 [00:06<00:16, 611.79it/s]
Benchmarking (gin):  28%|██▊       | 3940/13956 [00:06<00:16, 608.39it/s]
Benchmarking (gin):  29%|██▊       | 4001/13956 [00:06<00:16, 608.52it/s]
Benchmarking (gin):  29%|██▉       | 4063/13956 [00:06<00:16, 609.21it/s]
Benchmarking (gin):  30%|██▉       | 4125/13956 [00:06<00:16, 610.22it/s]
Benchmarking (gin):  30%|███       | 4187/13956 [00:06<00:15, 610.92it/s]
Benchmarking (gin):  30%|███       | 4249/13956 [00:06<00:15, 610.25it/s]
Benchmarking (gin):  31%|███       | 4311/13956 [00:07<00:15, 605.45it/s]
Benchmarking (gin):  31%|███▏      | 4372/13956 [00:07<00:15, 603.30it/s]
Benchmarking (gin):  32%|███▏      | 4433/13956 [00:07<00:15, 603.94it/s]
Benchmarking (gin):  32%|███▏      | 4494/13956 [00:07<00:15, 604.92it/s]
Benchmarking (gin):  33%|███▎      | 4555/13956 [00:07<00:15, 605.37it/s]
Benchmarking (gin):  33%|███▎      | 4617/13956 [00:07<00:15, 607.13it/s]
Benchmarking (gin):  34%|███▎      | 4679/13956 [00:07<00:15, 608.66it/s]
Benchmarking (gin):  34%|███▍      | 4741/13956 [00:07<00:15, 610.19it/s]
Benchmarking (gin):  34%|███▍      | 4803/13956 [00:07<00:15, 608.66it/s]
Benchmarking (gin):  35%|███▍      | 4865/13956 [00:07<00:14, 609.69it/s]
Benchmarking (gin):  35%|███▌      | 4927/13956 [00:08<00:14, 610.37it/s]
Benchmarking (gin):  36%|███▌      | 4989/13956 [00:08<00:14, 611.02it/s]
Benchmarking (gin):  36%|███▌      | 5051/13956 [00:08<00:14, 611.18it/s]
Benchmarking (gin):  37%|███▋      | 5113/13956 [00:08<00:14, 611.39it/s]
Benchmarking (gin):  37%|███▋      | 5175/13956 [00:08<00:14, 611.56it/s]
Benchmarking (gin):  38%|███▊      | 5237/13956 [00:08<00:14, 611.42it/s]
Benchmarking (gin):  38%|███▊      | 5299/13956 [00:08<00:14, 611.72it/s]
Benchmarking (gin):  38%|███▊      | 5361/13956 [00:08<00:14, 611.69it/s]
Benchmarking (gin):  39%|███▉      | 5423/13956 [00:08<00:13, 610.34it/s]
Benchmarking (gin):  39%|███▉      | 5485/13956 [00:08<00:13, 607.59it/s]
Benchmarking (gin):  40%|███▉      | 5546/13956 [00:09<00:13, 606.95it/s]
Benchmarking (gin):  40%|████      | 5607/13956 [00:09<00:13, 606.91it/s]
Benchmarking (gin):  41%|████      | 5668/13956 [00:09<00:13, 607.75it/s]
Benchmarking (gin):  41%|████      | 5730/13956 [00:09<00:13, 609.31it/s]
Benchmarking (gin):  42%|████▏     | 5792/13956 [00:09<00:13, 611.15it/s]
Benchmarking (gin):  42%|████▏     | 5854/13956 [00:09<00:13, 612.57it/s]
Benchmarking (gin):  42%|████▏     | 5916/13956 [00:09<00:13, 613.15it/s]
Benchmarking (gin):  43%|████▎     | 5978/13956 [00:09<00:13, 612.57it/s]
Benchmarking (gin):  43%|████▎     | 6040/13956 [00:09<00:12, 613.51it/s]
Benchmarking (gin):  44%|████▎     | 6102/13956 [00:10<00:12, 612.43it/s]
Benchmarking (gin):  44%|████▍     | 6164/13956 [00:10<00:12, 613.69it/s]
Benchmarking (gin):  45%|████▍     | 6226/13956 [00:10<00:12, 613.84it/s]
Benchmarking (gin):  45%|████▌     | 6288/13956 [00:10<00:12, 614.80it/s]
Benchmarking (gin):  46%|████▌     | 6350/13956 [00:10<00:12, 615.28it/s]
Benchmarking (gin):  46%|████▌     | 6412/13956 [00:10<00:12, 615.06it/s]
Benchmarking (gin):  46%|████▋     | 6474/13956 [00:10<00:12, 611.63it/s]
Benchmarking (gin):  47%|████▋     | 6536/13956 [00:10<00:12, 611.85it/s]
Benchmarking (gin):  47%|████▋     | 6598/13956 [00:10<00:12, 611.85it/s]
Benchmarking (gin):  48%|████▊     | 6660/13956 [00:10<00:11, 610.67it/s]
Benchmarking (gin):  48%|████▊     | 6722/13956 [00:11<00:11, 609.36it/s]
Benchmarking (gin):  49%|████▊     | 6784/13956 [00:11<00:11, 609.60it/s]
Benchmarking (gin):  49%|████▉     | 6845/13956 [00:11<00:11, 609.24it/s]
Benchmarking (gin):  49%|████▉     | 6907/13956 [00:11<00:11, 610.45it/s]
Benchmarking (gin):  50%|████▉     | 6969/13956 [00:11<00:11, 612.55it/s]
Benchmarking (gin):  50%|█████     | 7031/13956 [00:11<00:11, 610.42it/s]
Benchmarking (gin):  51%|█████     | 7093/13956 [00:11<00:11, 610.54it/s]
Benchmarking (gin):  51%|█████▏    | 7155/13956 [00:11<00:11, 610.94it/s]
Benchmarking (gin):  52%|█████▏    | 7217/13956 [00:11<00:11, 611.22it/s]
Benchmarking (gin):  52%|█████▏    | 7279/13956 [00:11<00:10, 612.77it/s]
Benchmarking (gin):  53%|█████▎    | 7341/13956 [00:12<00:10, 613.74it/s]
Benchmarking (gin):  53%|█████▎    | 7403/13956 [00:12<00:10, 615.15it/s]
Benchmarking (gin):  53%|█████▎    | 7465/13956 [00:12<00:10, 614.33it/s]
Benchmarking (gin):  54%|█████▍    | 7527/13956 [00:12<00:10, 613.51it/s]
Benchmarking (gin):  54%|█████▍    | 7589/13956 [00:12<00:10, 613.80it/s]
Benchmarking (gin):  55%|█████▍    | 7651/13956 [00:12<00:10, 614.71it/s]
Benchmarking (gin):  55%|█████▌    | 7713/13956 [00:12<00:10, 614.07it/s]
Benchmarking (gin):  56%|█████▌    | 7775/13956 [00:12<00:10, 615.05it/s]
Benchmarking (gin):  56%|█████▌    | 7837/13956 [00:12<00:09, 615.16it/s]
Benchmarking (gin):  57%|█████▋    | 7899/13956 [00:12<00:09, 614.11it/s]
Benchmarking (gin):  57%|█████▋    | 7961/13956 [00:13<00:09, 613.39it/s]
Benchmarking (gin):  57%|█████▋    | 8023/13956 [00:13<00:09, 614.25it/s]
Benchmarking (gin):  58%|█████▊    | 8085/13956 [00:13<00:09, 613.83it/s]
Benchmarking (gin):  58%|█████▊    | 8147/13956 [00:13<00:09, 610.96it/s]
Benchmarking (gin):  59%|█████▉    | 8209/13956 [00:13<00:09, 608.07it/s]
Benchmarking (gin):  59%|█████▉    | 8270/13956 [00:13<00:09, 608.07it/s]
Benchmarking (gin):  60%|█████▉    | 8331/13956 [00:13<00:09, 607.67it/s]
Benchmarking (gin):  60%|██████    | 8392/13956 [00:13<00:09, 607.46it/s]
Benchmarking (gin):  61%|██████    | 8453/13956 [00:13<00:09, 607.32it/s]
Benchmarking (gin):  61%|██████    | 8515/13956 [00:13<00:08, 608.14it/s]
Benchmarking (gin):  61%|██████▏   | 8576/13956 [00:14<00:08, 608.65it/s]
Benchmarking (gin):  62%|██████▏   | 8637/13956 [00:14<00:08, 608.78it/s]
Benchmarking (gin):  62%|██████▏   | 8699/13956 [00:14<00:08, 610.48it/s]
Benchmarking (gin):  63%|██████▎   | 8761/13956 [00:14<00:08, 610.20it/s]
Benchmarking (gin):  63%|██████▎   | 8823/13956 [00:14<00:08, 610.51it/s]
Benchmarking (gin):  64%|██████▎   | 8885/13956 [00:14<00:08, 610.79it/s]
Benchmarking (gin):  64%|██████▍   | 8947/13956 [00:14<00:08, 611.21it/s]
Benchmarking (gin):  65%|██████▍   | 9009/13956 [00:14<00:08, 611.54it/s]
Benchmarking (gin):  65%|██████▍   | 9071/13956 [00:14<00:07, 611.45it/s]
Benchmarking (gin):  65%|██████▌   | 9133/13956 [00:14<00:07, 611.64it/s]
Benchmarking (gin):  66%|██████▌   | 9195/13956 [00:15<00:07, 611.79it/s]
Benchmarking (gin):  66%|██████▋   | 9257/13956 [00:15<00:07, 611.90it/s]
Benchmarking (gin):  67%|██████▋   | 9319/13956 [00:15<00:07, 612.04it/s]
Benchmarking (gin):  67%|██████▋   | 9381/13956 [00:15<00:07, 612.12it/s]
Benchmarking (gin):  68%|██████▊   | 9443/13956 [00:15<00:07, 610.39it/s]
Benchmarking (gin):  68%|██████▊   | 9505/13956 [00:15<00:07, 609.25it/s]
Benchmarking (gin):  69%|██████▊   | 9566/13956 [00:15<00:07, 609.00it/s]
Benchmarking (gin):  69%|██████▉   | 9628/13956 [00:15<00:07, 611.31it/s]
Benchmarking (gin):  69%|██████▉   | 9690/13956 [00:15<00:06, 612.71it/s]
Benchmarking (gin):  70%|██████▉   | 9752/13956 [00:15<00:06, 613.80it/s]
Benchmarking (gin):  70%|███████   | 9814/13956 [00:16<00:06, 612.56it/s]
Benchmarking (gin):  71%|███████   | 9876/13956 [00:16<00:06, 612.12it/s]
Benchmarking (gin):  71%|███████   | 9938/13956 [00:16<00:06, 610.91it/s]
Benchmarking (gin):  72%|███████▏  | 10000/13956 [00:16<00:06, 611.15it/s]
Benchmarking (gin):  72%|███████▏  | 10062/13956 [00:16<00:06, 611.34it/s]
Benchmarking (gin):  73%|███████▎  | 10124/13956 [00:16<00:06, 611.66it/s]
Benchmarking (gin):  73%|███████▎  | 10186/13956 [00:16<00:06, 611.85it/s]
Benchmarking (gin):  73%|███████▎  | 10248/13956 [00:16<00:06, 612.77it/s]
Benchmarking (gin):  74%|███████▍  | 10310/13956 [00:16<00:05, 613.39it/s]
Benchmarking (gin):  74%|███████▍  | 10372/13956 [00:16<00:05, 612.43it/s]
Benchmarking (gin):  75%|███████▍  | 10434/13956 [00:17<00:05, 612.68it/s]
Benchmarking (gin):  75%|███████▌  | 10496/13956 [00:17<00:05, 613.52it/s]
Benchmarking (gin):  76%|███████▌  | 10558/13956 [00:17<00:05, 608.99it/s]
Benchmarking (gin):  76%|███████▌  | 10619/13956 [00:17<00:05, 608.62it/s]
Benchmarking (gin):  77%|███████▋  | 10680/13956 [00:17<00:05, 608.53it/s]
Benchmarking (gin):  77%|███████▋  | 10742/13956 [00:17<00:05, 609.47it/s]
Benchmarking (gin):  77%|███████▋  | 10804/13956 [00:17<00:05, 610.33it/s]
Benchmarking (gin):  78%|███████▊  | 10866/13956 [00:17<00:05, 610.06it/s]
Benchmarking (gin):  78%|███████▊  | 10928/13956 [00:17<00:04, 610.57it/s]
Benchmarking (gin):  79%|███████▊  | 10990/13956 [00:18<00:04, 610.67it/s]
Benchmarking (gin):  79%|███████▉  | 11052/13956 [00:18<00:04, 611.31it/s]
Benchmarking (gin):  80%|███████▉  | 11114/13956 [00:18<00:04, 611.54it/s]
Benchmarking (gin):  80%|████████  | 11176/13956 [00:18<00:04, 609.28it/s]
Benchmarking (gin):  81%|████████  | 11237/13956 [00:18<00:04, 608.65it/s]
Benchmarking (gin):  81%|████████  | 11298/13956 [00:18<00:04, 608.29it/s]
Benchmarking (gin):  81%|████████▏ | 11359/13956 [00:18<00:04, 608.21it/s]
Benchmarking (gin):  82%|████████▏ | 11421/13956 [00:18<00:04, 609.36it/s]
Benchmarking (gin):  82%|████████▏ | 11483/13956 [00:18<00:04, 610.40it/s]
Benchmarking (gin):  83%|████████▎ | 11545/13956 [00:18<00:03, 611.26it/s]
Benchmarking (gin):  83%|████████▎ | 11607/13956 [00:19<00:03, 611.84it/s]
Benchmarking (gin):  84%|████████▎ | 11669/13956 [00:19<00:03, 611.92it/s]
Benchmarking (gin):  84%|████████▍ | 11731/13956 [00:19<00:03, 612.13it/s]
Benchmarking (gin):  85%|████████▍ | 11793/13956 [00:19<00:03, 612.17it/s]
Benchmarking (gin):  85%|████████▍ | 11855/13956 [00:19<00:03, 612.13it/s]
Benchmarking (gin):  85%|████████▌ | 11917/13956 [00:19<00:03, 612.31it/s]
Benchmarking (gin):  86%|████████▌ | 11979/13956 [00:19<00:03, 611.92it/s]
Benchmarking (gin):  86%|████████▋ | 12041/13956 [00:19<00:03, 611.74it/s]
Benchmarking (gin):  87%|████████▋ | 12103/13956 [00:19<00:03, 611.79it/s]
Benchmarking (gin):  87%|████████▋ | 12165/13956 [00:19<00:02, 612.08it/s]
Benchmarking (gin):  88%|████████▊ | 12227/13956 [00:20<00:02, 612.38it/s]
Benchmarking (gin):  88%|████████▊ | 12289/13956 [00:20<00:02, 612.70it/s]
Benchmarking (gin):  88%|████████▊ | 12351/13956 [00:20<00:02, 612.61it/s]
Benchmarking (gin):  89%|████████▉ | 12413/13956 [00:20<00:02, 612.55it/s]
Benchmarking (gin):  89%|████████▉ | 12475/13956 [00:20<00:02, 613.09it/s]
Benchmarking (gin):  90%|████████▉ | 12537/13956 [00:20<00:02, 613.88it/s]
Benchmarking (gin):  90%|█████████ | 12599/13956 [00:20<00:02, 614.50it/s]
Benchmarking (gin):  91%|█████████ | 12661/13956 [00:20<00:02, 615.01it/s]
Benchmarking (gin):  91%|█████████ | 12723/13956 [00:20<00:02, 615.40it/s]
Benchmarking (gin):  92%|█████████▏| 12785/13956 [00:20<00:01, 615.11it/s]
Benchmarking (gin):  92%|█████████▏| 12847/13956 [00:21<00:01, 613.41it/s]
Benchmarking (gin):  92%|█████████▏| 12909/13956 [00:21<00:01, 612.33it/s]
Benchmarking (gin):  93%|█████████▎| 12971/13956 [00:21<00:01, 612.00it/s]
Benchmarking (gin):  93%|█████████▎| 13033/13956 [00:21<00:01, 613.15it/s]
Benchmarking (gin):  94%|█████████▍| 13095/13956 [00:21<00:01, 613.09it/s]
Benchmarking (gin):  94%|█████████▍| 13157/13956 [00:21<00:01, 612.76it/s]
Benchmarking (gin):  95%|█████████▍| 13219/13956 [00:21<00:01, 613.98it/s]
Benchmarking (gin):  95%|█████████▌| 13281/13956 [00:21<00:01, 612.81it/s]
Benchmarking (gin):  96%|█████████▌| 13343/13956 [00:21<00:01, 613.00it/s]
Benchmarking (gin):  96%|█████████▌| 13405/13956 [00:21<00:00, 614.02it/s]
Benchmarking (gin):  96%|█████████▋| 13467/13956 [00:22<00:00, 609.30it/s]
Benchmarking (gin):  97%|█████████▋| 13528/13956 [00:22<00:00, 608.50it/s]
Benchmarking (gin):  97%|█████████▋| 13589/13956 [00:22<00:00, 608.48it/s]
Benchmarking (gin):  98%|█████████▊| 13651/13956 [00:22<00:00, 609.90it/s]
Benchmarking (gin):  98%|█████████▊| 13713/13956 [00:22<00:00, 611.51it/s]
Benchmarking (gin):  99%|█████████▊| 13775/13956 [00:22<00:00, 612.13it/s]
Benchmarking (gin):  99%|█████████▉| 13837/13956 [00:22<00:00, 613.16it/s]
Benchmarking (gin): 100%|█████████▉| 13899/13956 [00:22<00:00, 613.90it/s]
INFO:src.evaluation.benchmark_partition_selection:  [train] R@1=31.6% GTR@20=90.2% FCov@20=85.7% MRR=47.9%
Benchmarking (gin):   0%|          | 0/3987 [00:00<?, ?it/s]
Benchmarking (gin):   2%|▏         | 61/3987 [00:00<00:06, 605.99it/s]
Benchmarking (gin):   3%|▎         | 123/3987 [00:00<00:06, 609.68it/s]
Benchmarking (gin):   5%|▍         | 185/3987 [00:00<00:06, 609.97it/s]
Benchmarking (gin):   6%|▌         | 246/3987 [00:00<00:06, 609.49it/s]
Benchmarking (gin):   8%|▊         | 308/3987 [00:00<00:06, 611.84it/s]
Benchmarking (gin):   9%|▉         | 370/3987 [00:00<00:05, 612.45it/s]
Benchmarking (gin):  11%|█         | 432/3987 [00:00<00:05, 613.18it/s]
Benchmarking (gin):  12%|█▏        | 494/3987 [00:00<00:05, 612.26it/s]
Benchmarking (gin):  14%|█▍        | 556/3987 [00:00<00:05, 612.11it/s]
Benchmarking (gin):  16%|█▌        | 618/3987 [00:01<00:05, 611.69it/s]
Benchmarking (gin):  17%|█▋        | 680/3987 [00:01<00:05, 610.74it/s]
Benchmarking (gin):  19%|█▊        | 742/3987 [00:01<00:05, 610.51it/s]
Benchmarking (gin):  20%|██        | 804/3987 [00:01<00:05, 610.35it/s]
Benchmarking (gin):  22%|██▏       | 866/3987 [00:01<00:05, 610.87it/s]
Benchmarking (gin):  23%|██▎       | 928/3987 [00:01<00:04, 611.86it/s]
Benchmarking (gin):  25%|██▍       | 990/3987 [00:01<00:04, 613.35it/s]
Benchmarking (gin):  26%|██▋       | 1052/3987 [00:01<00:04, 614.04it/s]
Benchmarking (gin):  28%|██▊       | 1114/3987 [00:01<00:04, 612.47it/s]
Benchmarking (gin):  29%|██▉       | 1176/3987 [00:01<00:04, 611.72it/s]
Benchmarking (gin):  31%|███       | 1238/3987 [00:02<00:04, 610.82it/s]
Benchmarking (gin):  33%|███▎      | 1300/3987 [00:02<00:04, 610.70it/s]
Benchmarking (gin):  34%|███▍      | 1362/3987 [00:02<00:04, 612.47it/s]
Benchmarking (gin):  36%|███▌      | 1424/3987 [00:02<00:04, 613.07it/s]
Benchmarking (gin):  37%|███▋      | 1486/3987 [00:02<00:04, 613.84it/s]
Benchmarking (gin):  39%|███▉      | 1548/3987 [00:02<00:03, 614.42it/s]
Benchmarking (gin):  40%|████      | 1610/3987 [00:02<00:03, 612.39it/s]
Benchmarking (gin):  42%|████▏     | 1672/3987 [00:02<00:03, 612.62it/s]
Benchmarking (gin):  43%|████▎     | 1734/3987 [00:02<00:03, 612.73it/s]
Benchmarking (gin):  45%|████▌     | 1796/3987 [00:02<00:03, 612.13it/s]
Benchmarking (gin):  47%|████▋     | 1858/3987 [00:03<00:03, 610.47it/s]
Benchmarking (gin):  48%|████▊     | 1920/3987 [00:03<00:03, 611.62it/s]
Benchmarking (gin):  50%|████▉     | 1982/3987 [00:03<00:03, 611.14it/s]
Benchmarking (gin):  51%|█████▏    | 2044/3987 [00:03<00:03, 611.26it/s]
Benchmarking (gin):  53%|█████▎    | 2106/3987 [00:03<00:03, 612.58it/s]
Benchmarking (gin):  54%|█████▍    | 2168/3987 [00:03<00:02, 613.66it/s]
Benchmarking (gin):  56%|█████▌    | 2230/3987 [00:03<00:02, 612.65it/s]
Benchmarking (gin):  57%|█████▋    | 2292/3987 [00:03<00:02, 612.58it/s]
Benchmarking (gin):  59%|█████▉    | 2354/3987 [00:03<00:02, 612.55it/s]
Benchmarking (gin):  61%|██████    | 2416/3987 [00:03<00:02, 612.63it/s]
Benchmarking (gin):  62%|██████▏   | 2478/3987 [00:04<00:02, 613.27it/s]
Benchmarking (gin):  64%|██████▎   | 2540/3987 [00:04<00:02, 611.76it/s]
Benchmarking (gin):  65%|██████▌   | 2602/3987 [00:04<00:02, 611.89it/s]
Benchmarking (gin):  67%|██████▋   | 2664/3987 [00:04<00:02, 611.41it/s]
Benchmarking (gin):  68%|██████▊   | 2726/3987 [00:04<00:02, 612.85it/s]
Benchmarking (gin):  70%|██████▉   | 2788/3987 [00:04<00:01, 612.67it/s]
Benchmarking (gin):  71%|███████▏  | 2850/3987 [00:04<00:01, 611.74it/s]
Benchmarking (gin):  73%|███████▎  | 2912/3987 [00:04<00:01, 611.77it/s]
Benchmarking (gin):  75%|███████▍  | 2974/3987 [00:04<00:01, 613.28it/s]
Benchmarking (gin):  76%|███████▌  | 3036/3987 [00:04<00:01, 613.00it/s]
Benchmarking (gin):  78%|███████▊  | 3098/3987 [00:05<00:01, 614.27it/s]
Benchmarking (gin):  79%|███████▉  | 3160/3987 [00:05<00:01, 614.09it/s]
Benchmarking (gin):  81%|████████  | 3222/3987 [00:05<00:01, 614.77it/s]
Benchmarking (gin):  82%|████████▏ | 3284/3987 [00:05<00:01, 615.25it/s]
Benchmarking (gin):  84%|████████▍ | 3346/3987 [00:05<00:01, 615.67it/s]
Benchmarking (gin):  85%|████████▌ | 3408/3987 [00:05<00:00, 615.54it/s]
Benchmarking (gin):  87%|████████▋ | 3470/3987 [00:05<00:00, 615.91it/s]
Benchmarking (gin):  89%|████████▊ | 3532/3987 [00:05<00:00, 616.14it/s]
Benchmarking (gin):  90%|█████████ | 3594/3987 [00:05<00:00, 616.42it/s]
Benchmarking (gin):  92%|█████████▏| 3656/3987 [00:05<00:00, 616.57it/s]
Benchmarking (gin):  93%|█████████▎| 3718/3987 [00:06<00:00, 614.55it/s]
Benchmarking (gin):  95%|█████████▍| 3780/3987 [00:06<00:00, 615.27it/s]
Benchmarking (gin):  96%|█████████▋| 3842/3987 [00:06<00:00, 613.64it/s]
Benchmarking (gin):  98%|█████████▊| 3904/3987 [00:06<00:00, 611.07it/s]
Benchmarking (gin):  99%|█████████▉| 3966/3987 [00:06<00:00, 611.48it/s]
INFO:src.evaluation.benchmark_partition_selection:  [val] R@1=29.1% GTR@20=88.4% FCov@20=83.8% MRR=45.0%
Benchmarking (gin):   0%|          | 0/1995 [00:00<?, ?it/s]
Benchmarking (gin):   3%|▎         | 61/1995 [00:00<00:03, 606.73it/s]
Benchmarking (gin):   6%|▌         | 123/1995 [00:00<00:03, 608.79it/s]
Benchmarking (gin):   9%|▉         | 185/1995 [00:00<00:02, 610.22it/s]
Benchmarking (gin):  12%|█▏        | 247/1995 [00:00<00:02, 610.84it/s]
Benchmarking (gin):  15%|█▌        | 309/1995 [00:00<00:02, 610.46it/s]
Benchmarking (gin):  19%|█▊        | 371/1995 [00:00<00:02, 610.91it/s]
Benchmarking (gin):  22%|██▏       | 433/1995 [00:00<00:02, 612.64it/s]
Benchmarking (gin):  25%|██▍       | 495/1995 [00:00<00:02, 612.07it/s]
Benchmarking (gin):  28%|██▊       | 557/1995 [00:00<00:02, 612.01it/s]
Benchmarking (gin):  31%|███       | 619/1995 [00:01<00:02, 613.34it/s]
Benchmarking (gin):  34%|███▍      | 681/1995 [00:01<00:02, 609.93it/s]
Benchmarking (gin):  37%|███▋      | 743/1995 [00:01<00:02, 610.32it/s]
Benchmarking (gin):  40%|████      | 805/1995 [00:01<00:01, 609.58it/s]
Benchmarking (gin):  43%|████▎     | 867/1995 [00:01<00:01, 609.99it/s]
Benchmarking (gin):  47%|████▋     | 929/1995 [00:01<00:01, 604.90it/s]
Benchmarking (gin):  50%|████▉     | 990/1995 [00:01<00:01, 605.19it/s]
Benchmarking (gin):  53%|█████▎    | 1051/1995 [00:01<00:01, 603.75it/s]
Benchmarking (gin):  56%|█████▌    | 1112/1995 [00:01<00:01, 601.53it/s]
Benchmarking (gin):  59%|█████▉    | 1173/1995 [00:01<00:01, 602.56it/s]
Benchmarking (gin):  62%|██████▏   | 1234/1995 [00:02<00:01, 603.38it/s]
Benchmarking (gin):  65%|██████▍   | 1295/1995 [00:02<00:01, 604.05it/s]
Benchmarking (gin):  68%|██████▊   | 1356/1995 [00:02<00:01, 604.88it/s]
Benchmarking (gin):  71%|███████   | 1417/1995 [00:02<00:00, 605.07it/s]
Benchmarking (gin):  74%|███████▍  | 1478/1995 [00:02<00:00, 604.86it/s]
Benchmarking (gin):  77%|███████▋  | 1540/1995 [00:02<00:00, 607.96it/s]
Benchmarking (gin):  80%|████████  | 1602/1995 [00:02<00:00, 609.72it/s]
Benchmarking (gin):  83%|████████▎ | 1664/1995 [00:02<00:00, 611.02it/s]
Benchmarking (gin):  87%|████████▋ | 1726/1995 [00:02<00:00, 611.73it/s]
Benchmarking (gin):  90%|████████▉ | 1788/1995 [00:02<00:00, 611.35it/s]
Benchmarking (gin):  93%|█████████▎| 1850/1995 [00:03<00:00, 611.26it/s]
Benchmarking (gin):  96%|█████████▌| 1912/1995 [00:03<00:00, 607.75it/s]
Benchmarking (gin):  99%|█████████▉| 1973/1995 [00:03<00:00, 607.50it/s]
INFO:src.evaluation.benchmark_partition_selection:  [test] R@1=30.0% GTR@20=88.8% FCov@20=84.2% MRR=45.9%
INFO:src.evaluation.benchmark_partition_selection:Benchmarking: gcn
Benchmarking (gcn):   0%|          | 0/13956 [00:00<?, ?it/s]
Benchmarking (gcn):   0%|          | 61/13956 [00:00<00:22, 606.76it/s]
Benchmarking (gcn):   1%|          | 122/13956 [00:00<00:22, 604.38it/s]
Benchmarking (gcn):   1%|▏         | 183/13956 [00:00<00:22, 605.11it/s]
Benchmarking (gcn):   2%|▏         | 245/13956 [00:00<00:22, 607.85it/s]
Benchmarking (gcn):   2%|▏         | 307/13956 [00:00<00:22, 609.47it/s]
Benchmarking (gcn):   3%|▎         | 369/13956 [00:00<00:22, 611.89it/s]
Benchmarking (gcn):   3%|▎         | 431/13956 [00:00<00:22, 608.70it/s]
Benchmarking (gcn):   4%|▎         | 492/13956 [00:00<00:22, 608.27it/s]
Benchmarking (gcn):   4%|▍         | 554/13956 [00:00<00:22, 609.17it/s]
Benchmarking (gcn):   4%|▍         | 616/13956 [00:01<00:21, 609.82it/s]
Benchmarking (gcn):   5%|▍         | 677/13956 [00:01<00:21, 609.87it/s]
Benchmarking (gcn):   5%|▌         | 739/13956 [00:01<00:21, 610.56it/s]
Benchmarking (gcn):   6%|▌         | 801/13956 [00:01<00:21, 610.26it/s]
Benchmarking (gcn):   6%|▌         | 863/13956 [00:01<00:21, 610.69it/s]
Benchmarking (gcn):   7%|▋         | 925/13956 [00:01<00:21, 610.22it/s]
Benchmarking (gcn):   7%|▋         | 987/13956 [00:01<00:21, 609.63it/s]
Benchmarking (gcn):   8%|▊         | 1048/13956 [00:01<00:21, 609.59it/s]
Benchmarking (gcn):   8%|▊         | 1110/13956 [00:01<00:21, 609.74it/s]
Benchmarking (gcn):   8%|▊         | 1171/13956 [00:01<00:20, 609.50it/s]
Benchmarking (gcn):   9%|▉         | 1232/13956 [00:02<00:20, 609.41it/s]
Benchmarking (gcn):   9%|▉         | 1294/13956 [00:02<00:20, 610.02it/s]
Benchmarking (gcn):  10%|▉         | 1356/13956 [00:02<00:20, 612.02it/s]
Benchmarking (gcn):  10%|█         | 1418/13956 [00:02<00:20, 612.50it/s]
Benchmarking (gcn):  11%|█         | 1480/13956 [00:02<00:20, 612.91it/s]
Benchmarking (gcn):  11%|█         | 1542/13956 [00:02<00:20, 612.99it/s]
Benchmarking (gcn):  11%|█▏        | 1604/13956 [00:02<00:20, 613.19it/s]
Benchmarking (gcn):  12%|█▏        | 1666/13956 [00:02<00:20, 613.57it/s]
Benchmarking (gcn):  12%|█▏        | 1728/13956 [00:02<00:19, 614.41it/s]
Benchmarking (gcn):  13%|█▎        | 1790/13956 [00:02<00:19, 614.76it/s]
Benchmarking (gcn):  13%|█▎        | 1852/13956 [00:03<00:19, 614.66it/s]
Benchmarking (gcn):  14%|█▎        | 1914/13956 [00:03<00:19, 614.54it/s]
Benchmarking (gcn):  14%|█▍        | 1976/13956 [00:03<00:19, 614.04it/s]
Benchmarking (gcn):  15%|█▍        | 2038/13956 [00:03<00:19, 614.04it/s]
Benchmarking (gcn):  15%|█▌        | 2100/13956 [00:03<00:19, 613.04it/s]
Benchmarking (gcn):  15%|█▌        | 2162/13956 [00:03<00:19, 610.35it/s]
Benchmarking (gcn):  16%|█▌        | 2224/13956 [00:03<00:19, 609.71it/s]
Benchmarking (gcn):  16%|█▋        | 2285/13956 [00:03<00:19, 606.86it/s]
Benchmarking (gcn):  17%|█▋        | 2346/13956 [00:03<00:19, 607.32it/s]
Benchmarking (gcn):  17%|█▋        | 2407/13956 [00:03<00:19, 606.80it/s]
Benchmarking (gcn):  18%|█▊        | 2468/13956 [00:04<00:18, 607.37it/s]
Benchmarking (gcn):  18%|█▊        | 2530/13956 [00:04<00:18, 609.34it/s]
Benchmarking (gcn):  19%|█▊        | 2591/13956 [00:04<00:18, 607.05it/s]
Benchmarking (gcn):  19%|█▉        | 2653/13956 [00:04<00:18, 608.84it/s]
Benchmarking (gcn):  19%|█▉        | 2715/13956 [00:04<00:18, 610.38it/s]
Benchmarking (gcn):  20%|█▉        | 2777/13956 [00:04<00:18, 611.45it/s]
Benchmarking (gcn):  20%|██        | 2839/13956 [00:04<00:18, 612.90it/s]
Benchmarking (gcn):  21%|██        | 2901/13956 [00:04<00:18, 613.84it/s]
Benchmarking (gcn):  21%|██        | 2963/13956 [00:04<00:17, 612.54it/s]
Benchmarking (gcn):  22%|██▏       | 3025/13956 [00:04<00:17, 612.20it/s]
Benchmarking (gcn):  22%|██▏       | 3087/13956 [00:05<00:17, 611.60it/s]
Benchmarking (gcn):  23%|██▎       | 3149/13956 [00:05<00:17, 611.72it/s]
Benchmarking (gcn):  23%|██▎       | 3211/13956 [00:05<00:17, 610.73it/s]
Benchmarking (gcn):  23%|██▎       | 3273/13956 [00:05<00:17, 609.72it/s]
Benchmarking (gcn):  24%|██▍       | 3335/13956 [00:05<00:17, 611.12it/s]
Benchmarking (gcn):  24%|██▍       | 3397/13956 [00:05<00:17, 612.95it/s]
Benchmarking (gcn):  25%|██▍       | 3459/13956 [00:05<00:17, 614.05it/s]
Benchmarking (gcn):  25%|██▌       | 3521/13956 [00:05<00:16, 614.70it/s]
Benchmarking (gcn):  26%|██▌       | 3583/13956 [00:05<00:16, 610.83it/s]
Benchmarking (gcn):  26%|██▌       | 3645/13956 [00:05<00:16, 609.49it/s]
Benchmarking (gcn):  27%|██▋       | 3706/13956 [00:06<00:16, 607.55it/s]
Benchmarking (gcn):  27%|██▋       | 3767/13956 [00:06<00:16, 605.24it/s]
Benchmarking (gcn):  27%|██▋       | 3828/13956 [00:06<00:16, 605.87it/s]
Benchmarking (gcn):  28%|██▊       | 3889/13956 [00:06<00:16, 605.89it/s]
Benchmarking (gcn):  28%|██▊       | 3950/13956 [00:06<00:16, 605.85it/s]
Benchmarking (gcn):  29%|██▊       | 4011/13956 [00:06<00:16, 605.94it/s]
Benchmarking (gcn):  29%|██▉       | 4072/13956 [00:06<00:16, 606.34it/s]
Benchmarking (gcn):  30%|██▉       | 4133/13956 [00:06<00:16, 606.16it/s]
Benchmarking (gcn):  30%|███       | 4194/13956 [00:06<00:16, 607.03it/s]
Benchmarking (gcn):  30%|███       | 4256/13956 [00:06<00:15, 608.40it/s]
Benchmarking (gcn):  31%|███       | 4318/13956 [00:07<00:15, 609.37it/s]
Benchmarking (gcn):  31%|███▏      | 4380/13956 [00:07<00:15, 609.90it/s]
Benchmarking (gcn):  32%|███▏      | 4441/13956 [00:07<00:15, 608.43it/s]
Benchmarking (gcn):  32%|███▏      | 4502/13956 [00:07<00:15, 606.16it/s]
Benchmarking (gcn):  33%|███▎      | 4563/13956 [00:07<00:15, 606.84it/s]
Benchmarking (gcn):  33%|███▎      | 4624/13956 [00:07<00:15, 606.56it/s]
Benchmarking (gcn):  34%|███▎      | 4686/13956 [00:07<00:15, 608.40it/s]
Benchmarking (gcn):  34%|███▍      | 4747/13956 [00:07<00:15, 608.64it/s]
Benchmarking (gcn):  34%|███▍      | 4809/13956 [00:07<00:14, 609.86it/s]
Benchmarking (gcn):  35%|███▍      | 4871/13956 [00:07<00:14, 611.68it/s]
Benchmarking (gcn):  35%|███▌      | 4933/13956 [00:08<00:14, 612.97it/s]
Benchmarking (gcn):  36%|███▌      | 4995/13956 [00:08<00:14, 614.06it/s]
Benchmarking (gcn):  36%|███▌      | 5057/13956 [00:08<00:14, 613.16it/s]
Benchmarking (gcn):  37%|███▋      | 5119/13956 [00:08<00:14, 608.79it/s]
Benchmarking (gcn):  37%|███▋      | 5180/13956 [00:08<00:14, 605.43it/s]
Benchmarking (gcn):  38%|███▊      | 5241/13956 [00:08<00:14, 605.80it/s]
Benchmarking (gcn):  38%|███▊      | 5302/13956 [00:08<00:14, 606.15it/s]
Benchmarking (gcn):  38%|███▊      | 5363/13956 [00:08<00:14, 606.69it/s]
Benchmarking (gcn):  39%|███▉      | 5425/13956 [00:08<00:14, 608.15it/s]
Benchmarking (gcn):  39%|███▉      | 5486/13956 [00:08<00:13, 608.12it/s]
Benchmarking (gcn):  40%|███▉      | 5548/13956 [00:09<00:13, 609.04it/s]
Benchmarking (gcn):  40%|████      | 5610/13956 [00:09<00:13, 609.96it/s]
Benchmarking (gcn):  41%|████      | 5672/13956 [00:09<00:13, 610.61it/s]
Benchmarking (gcn):  41%|████      | 5734/13956 [00:09<00:13, 611.21it/s]
Benchmarking (gcn):  42%|████▏     | 5796/13956 [00:09<00:13, 611.65it/s]
Benchmarking (gcn):  42%|████▏     | 5858/13956 [00:09<00:13, 611.96it/s]
Benchmarking (gcn):  42%|████▏     | 5920/13956 [00:09<00:13, 611.13it/s]
Benchmarking (gcn):  43%|████▎     | 5982/13956 [00:09<00:13, 610.01it/s]
Benchmarking (gcn):  43%|████▎     | 6044/13956 [00:09<00:12, 611.25it/s]
Benchmarking (gcn):  44%|████▍     | 6106/13956 [00:10<00:12, 611.96it/s]
Benchmarking (gcn):  44%|████▍     | 6168/13956 [00:10<00:12, 611.21it/s]
Benchmarking (gcn):  45%|████▍     | 6230/13956 [00:10<00:12, 610.88it/s]
Benchmarking (gcn):  45%|████▌     | 6292/13956 [00:10<00:12, 612.38it/s]
Benchmarking (gcn):  46%|████▌     | 6354/13956 [00:10<00:12, 610.80it/s]
Benchmarking (gcn):  46%|████▌     | 6416/13956 [00:10<00:12, 612.47it/s]
Benchmarking (gcn):  46%|████▋     | 6478/13956 [00:10<00:12, 613.91it/s]
Benchmarking (gcn):  47%|████▋     | 6540/13956 [00:10<00:12, 615.07it/s]
Benchmarking (gcn):  47%|████▋     | 6602/13956 [00:10<00:11, 615.70it/s]
Benchmarking (gcn):  48%|████▊     | 6664/13956 [00:10<00:11, 615.11it/s]
Benchmarking (gcn):  48%|████▊     | 6726/13956 [00:11<00:11, 613.66it/s]
Benchmarking (gcn):  49%|████▊     | 6788/13956 [00:11<00:11, 608.80it/s]
Benchmarking (gcn):  49%|████▉     | 6849/13956 [00:11<00:11, 607.02it/s]
Benchmarking (gcn):  50%|████▉     | 6910/13956 [00:11<00:11, 605.47it/s]
Benchmarking (gcn):  50%|████▉     | 6971/13956 [00:11<00:11, 604.50it/s]
Benchmarking (gcn):  50%|█████     | 7033/13956 [00:11<00:11, 606.63it/s]
Benchmarking (gcn):  51%|█████     | 7095/13956 [00:11<00:11, 608.92it/s]
Benchmarking (gcn):  51%|█████▏    | 7157/13956 [00:11<00:11, 610.11it/s]
Benchmarking (gcn):  52%|█████▏    | 7219/13956 [00:11<00:11, 610.73it/s]
Benchmarking (gcn):  52%|█████▏    | 7281/13956 [00:11<00:10, 611.60it/s]
Benchmarking (gcn):  53%|█████▎    | 7343/13956 [00:12<00:10, 611.21it/s]
Benchmarking (gcn):  53%|█████▎    | 7405/13956 [00:12<00:10, 612.38it/s]
Benchmarking (gcn):  54%|█████▎    | 7467/13956 [00:12<00:10, 612.71it/s]
Benchmarking (gcn):  54%|█████▍    | 7529/13956 [00:12<00:10, 612.41it/s]
Benchmarking (gcn):  54%|█████▍    | 7591/13956 [00:12<00:10, 612.47it/s]
Benchmarking (gcn):  55%|█████▍    | 7653/13956 [00:12<00:10, 610.80it/s]
Benchmarking (gcn):  55%|█████▌    | 7715/13956 [00:12<00:10, 610.70it/s]
Benchmarking (gcn):  56%|█████▌    | 7777/13956 [00:12<00:10, 610.89it/s]
Benchmarking (gcn):  56%|█████▌    | 7839/13956 [00:12<00:10, 611.04it/s]
Benchmarking (gcn):  57%|█████▋    | 7901/13956 [00:12<00:09, 611.04it/s]
Benchmarking (gcn):  57%|█████▋    | 7963/13956 [00:13<00:09, 611.44it/s]
Benchmarking (gcn):  58%|█████▊    | 8025/13956 [00:13<00:09, 611.89it/s]
Benchmarking (gcn):  58%|█████▊    | 8087/13956 [00:13<00:09, 612.42it/s]
Benchmarking (gcn):  58%|█████▊    | 8149/13956 [00:13<00:09, 612.53it/s]
Benchmarking (gcn):  59%|█████▉    | 8211/13956 [00:13<00:09, 612.62it/s]
Benchmarking (gcn):  59%|█████▉    | 8273/13956 [00:13<00:09, 612.67it/s]
Benchmarking (gcn):  60%|█████▉    | 8335/13956 [00:13<00:09, 612.79it/s]
Benchmarking (gcn):  60%|██████    | 8397/13956 [00:13<00:09, 612.72it/s]
Benchmarking (gcn):  61%|██████    | 8459/13956 [00:13<00:08, 612.90it/s]
Benchmarking (gcn):  61%|██████    | 8521/13956 [00:13<00:08, 613.03it/s]
Benchmarking (gcn):  62%|██████▏   | 8583/13956 [00:14<00:08, 613.03it/s]
Benchmarking (gcn):  62%|██████▏   | 8645/13956 [00:14<00:08, 612.94it/s]
Benchmarking (gcn):  62%|██████▏   | 8707/13956 [00:14<00:08, 612.88it/s]
Benchmarking (gcn):  63%|██████▎   | 8769/13956 [00:14<00:08, 613.03it/s]
Benchmarking (gcn):  63%|██████▎   | 8831/13956 [00:14<00:08, 613.36it/s]
Benchmarking (gcn):  64%|██████▎   | 8893/13956 [00:14<00:08, 613.48it/s]
Benchmarking (gcn):  64%|██████▍   | 8955/13956 [00:14<00:08, 613.13it/s]
Benchmarking (gcn):  65%|██████▍   | 9017/13956 [00:14<00:08, 612.63it/s]
Benchmarking (gcn):  65%|██████▌   | 9079/13956 [00:14<00:07, 612.48it/s]
Benchmarking (gcn):  65%|██████▌   | 9141/13956 [00:14<00:07, 611.72it/s]
Benchmarking (gcn):  66%|██████▌   | 9203/13956 [00:15<00:07, 611.27it/s]
Benchmarking (gcn):  66%|██████▋   | 9265/13956 [00:15<00:07, 611.68it/s]
Benchmarking (gcn):  67%|██████▋   | 9327/13956 [00:15<00:07, 611.97it/s]
Benchmarking (gcn):  67%|██████▋   | 9389/13956 [00:15<00:07, 611.89it/s]
Benchmarking (gcn):  68%|██████▊   | 9451/13956 [00:15<00:07, 612.21it/s]
Benchmarking (gcn):  68%|██████▊   | 9513/13956 [00:15<00:07, 611.68it/s]
Benchmarking (gcn):  69%|██████▊   | 9575/13956 [00:15<00:07, 611.31it/s]
Benchmarking (gcn):  69%|██████▉   | 9637/13956 [00:15<00:07, 611.84it/s]
Benchmarking (gcn):  69%|██████▉   | 9699/13956 [00:15<00:06, 611.92it/s]
Benchmarking (gcn):  70%|██████▉   | 9761/13956 [00:15<00:06, 610.67it/s]
Benchmarking (gcn):  70%|███████   | 9823/13956 [00:16<00:06, 611.80it/s]
Benchmarking (gcn):  71%|███████   | 9885/13956 [00:16<00:06, 611.91it/s]
Benchmarking (gcn):  71%|███████▏  | 9947/13956 [00:16<00:06, 612.96it/s]
Benchmarking (gcn):  72%|███████▏  | 10009/13956 [00:16<00:06, 609.16it/s]
Benchmarking (gcn):  72%|███████▏  | 10070/13956 [00:16<00:06, 607.99it/s]
Benchmarking (gcn):  73%|███████▎  | 10131/13956 [00:16<00:06, 607.17it/s]
Benchmarking (gcn):  73%|███████▎  | 10192/13956 [00:16<00:06, 606.82it/s]
Benchmarking (gcn):  73%|███████▎  | 10253/13956 [00:16<00:06, 606.52it/s]
Benchmarking (gcn):  74%|███████▍  | 10314/13956 [00:16<00:06, 606.37it/s]
Benchmarking (gcn):  74%|███████▍  | 10375/13956 [00:16<00:05, 606.47it/s]
Benchmarking (gcn):  75%|███████▍  | 10436/13956 [00:17<00:05, 606.23it/s]
Benchmarking (gcn):  75%|███████▌  | 10498/13956 [00:17<00:05, 607.72it/s]
Benchmarking (gcn):  76%|███████▌  | 10560/13956 [00:17<00:05, 610.07it/s]
Benchmarking (gcn):  76%|███████▌  | 10622/13956 [00:17<00:05, 611.19it/s]
Benchmarking (gcn):  77%|███████▋  | 10684/13956 [00:17<00:05, 607.21it/s]
Benchmarking (gcn):  77%|███████▋  | 10746/13956 [00:17<00:05, 608.91it/s]
Benchmarking (gcn):  77%|███████▋  | 10808/13956 [00:17<00:05, 609.97it/s]
Benchmarking (gcn):  78%|███████▊  | 10870/13956 [00:17<00:05, 611.58it/s]
Benchmarking (gcn):  78%|███████▊  | 10932/13956 [00:17<00:04, 610.72it/s]
Benchmarking (gcn):  79%|███████▉  | 10994/13956 [00:18<00:04, 608.84it/s]
Benchmarking (gcn):  79%|███████▉  | 11055/13956 [00:18<00:04, 609.09it/s]
Benchmarking (gcn):  80%|███████▉  | 11116/13956 [00:18<00:04, 608.17it/s]
Benchmarking (gcn):  80%|████████  | 11178/13956 [00:18<00:04, 608.80it/s]
Benchmarking (gcn):  81%|████████  | 11240/13956 [00:18<00:04, 610.78it/s]
Benchmarking (gcn):  81%|████████  | 11302/13956 [00:18<00:04, 608.89it/s]
Benchmarking (gcn):  81%|████████▏ | 11364/13956 [00:18<00:04, 609.80it/s]
Benchmarking (gcn):  82%|████████▏ | 11425/13956 [00:18<00:04, 607.04it/s]
Benchmarking (gcn):  82%|████████▏ | 11486/13956 [00:18<00:04, 607.90it/s]
Benchmarking (gcn):  83%|████████▎ | 11548/13956 [00:18<00:03, 609.72it/s]
Benchmarking (gcn):  83%|████████▎ | 11610/13956 [00:19<00:03, 610.27it/s]
Benchmarking (gcn):  84%|████████▎ | 11672/13956 [00:19<00:03, 610.70it/s]
Benchmarking (gcn):  84%|████████▍ | 11734/13956 [00:19<00:03, 611.49it/s]
Benchmarking (gcn):  85%|████████▍ | 11796/13956 [00:19<00:03, 605.89it/s]
Benchmarking (gcn):  85%|████████▍ | 11857/13956 [00:19<00:03, 606.37it/s]
Benchmarking (gcn):  85%|████████▌ | 11918/13956 [00:19<00:03, 607.41it/s]
Benchmarking (gcn):  86%|████████▌ | 11980/13956 [00:19<00:03, 609.17it/s]
Benchmarking (gcn):  86%|████████▋ | 12042/13956 [00:19<00:03, 609.81it/s]
Benchmarking (gcn):  87%|████████▋ | 12104/13956 [00:19<00:03, 611.02it/s]
Benchmarking (gcn):  87%|████████▋ | 12166/13956 [00:19<00:02, 612.13it/s]
Benchmarking (gcn):  88%|████████▊ | 12228/13956 [00:20<00:02, 611.86it/s]
Benchmarking (gcn):  88%|████████▊ | 12290/13956 [00:20<00:02, 611.09it/s]
Benchmarking (gcn):  89%|████████▊ | 12352/13956 [00:20<00:02, 612.91it/s]
Benchmarking (gcn):  89%|████████▉ | 12414/13956 [00:20<00:02, 614.08it/s]
Benchmarking (gcn):  89%|████████▉ | 12476/13956 [00:20<00:02, 611.93it/s]
Benchmarking (gcn):  90%|████████▉ | 12538/13956 [00:20<00:02, 612.44it/s]
Benchmarking (gcn):  90%|█████████ | 12600/13956 [00:20<00:02, 613.14it/s]
Benchmarking (gcn):  91%|█████████ | 12662/13956 [00:20<00:02, 614.21it/s]
Benchmarking (gcn):  91%|█████████ | 12724/13956 [00:20<00:02, 614.95it/s]
Benchmarking (gcn):  92%|█████████▏| 12786/13956 [00:20<00:01, 612.85it/s]
Benchmarking (gcn):  92%|█████████▏| 12848/13956 [00:21<00:01, 612.51it/s]
Benchmarking (gcn):  93%|█████████▎| 12910/13956 [00:21<00:01, 612.59it/s]
Benchmarking (gcn):  93%|█████████▎| 12972/13956 [00:21<00:01, 612.65it/s]
Benchmarking (gcn):  93%|█████████▎| 13034/13956 [00:21<00:01, 612.77it/s]
Benchmarking (gcn):  94%|█████████▍| 13096/13956 [00:21<00:01, 613.32it/s]
Benchmarking (gcn):  94%|█████████▍| 13158/13956 [00:21<00:01, 613.95it/s]
Benchmarking (gcn):  95%|█████████▍| 13220/13956 [00:21<00:01, 613.53it/s]
Benchmarking (gcn):  95%|█████████▌| 13282/13956 [00:21<00:01, 614.09it/s]
Benchmarking (gcn):  96%|█████████▌| 13344/13956 [00:21<00:00, 614.83it/s]
Benchmarking (gcn):  96%|█████████▌| 13406/13956 [00:21<00:00, 615.05it/s]
Benchmarking (gcn):  97%|█████████▋| 13468/13956 [00:22<00:00, 614.61it/s]
Benchmarking (gcn):  97%|█████████▋| 13530/13956 [00:22<00:00, 613.24it/s]
Benchmarking (gcn):  97%|█████████▋| 13592/13956 [00:22<00:00, 613.91it/s]
Benchmarking (gcn):  98%|█████████▊| 13654/13956 [00:22<00:00, 614.74it/s]
Benchmarking (gcn):  98%|█████████▊| 13716/13956 [00:22<00:00, 614.53it/s]
Benchmarking (gcn):  99%|█████████▊| 13778/13956 [00:22<00:00, 610.02it/s]
Benchmarking (gcn):  99%|█████████▉| 13840/13956 [00:22<00:00, 608.35it/s]
Benchmarking (gcn): 100%|█████████▉| 13901/13956 [00:22<00:00, 607.82it/s]
INFO:src.evaluation.benchmark_partition_selection:  [train] R@1=50.1% GTR@20=95.5% FCov@20=92.1% MRR=65.6%
Benchmarking (gcn):   0%|          | 0/3987 [00:00<?, ?it/s]
Benchmarking (gcn):   2%|▏         | 61/3987 [00:00<00:06, 605.01it/s]
Benchmarking (gcn):   3%|▎         | 123/3987 [00:00<00:06, 608.36it/s]
Benchmarking (gcn):   5%|▍         | 185/3987 [00:00<00:06, 609.26it/s]
Benchmarking (gcn):   6%|▌         | 247/3987 [00:00<00:06, 610.53it/s]
Benchmarking (gcn):   8%|▊         | 309/3987 [00:00<00:06, 611.74it/s]
Benchmarking (gcn):   9%|▉         | 371/3987 [00:00<00:05, 612.37it/s]
Benchmarking (gcn):  11%|█         | 433/3987 [00:00<00:05, 613.78it/s]
Benchmarking (gcn):  12%|█▏        | 495/3987 [00:00<00:05, 613.93it/s]
Benchmarking (gcn):  14%|█▍        | 557/3987 [00:00<00:05, 612.52it/s]
Benchmarking (gcn):  16%|█▌        | 619/3987 [00:01<00:05, 611.73it/s]
Benchmarking (gcn):  17%|█▋        | 681/3987 [00:01<00:05, 611.39it/s]
Benchmarking (gcn):  19%|█▊        | 743/3987 [00:01<00:05, 611.58it/s]
Benchmarking (gcn):  20%|██        | 805/3987 [00:01<00:05, 611.02it/s]
Benchmarking (gcn):  22%|██▏       | 867/3987 [00:01<00:05, 607.72it/s]
Benchmarking (gcn):  23%|██▎       | 928/3987 [00:01<00:05, 607.87it/s]
Benchmarking (gcn):  25%|██▍       | 989/3987 [00:01<00:04, 607.91it/s]
Benchmarking (gcn):  26%|██▋       | 1050/3987 [00:01<00:04, 607.38it/s]
Benchmarking (gcn):  28%|██▊       | 1111/3987 [00:01<00:04, 607.46it/s]
Benchmarking (gcn):  29%|██▉       | 1172/3987 [00:01<00:04, 608.02it/s]
Benchmarking (gcn):  31%|███       | 1233/3987 [00:02<00:04, 606.62it/s]
Benchmarking (gcn):  32%|███▏      | 1295/3987 [00:02<00:04, 608.15it/s]
Benchmarking (gcn):  34%|███▍      | 1357/3987 [00:02<00:04, 610.92it/s]
Benchmarking (gcn):  36%|███▌      | 1419/3987 [00:02<00:04, 612.30it/s]
Benchmarking (gcn):  37%|███▋      | 1481/3987 [00:02<00:04, 613.12it/s]
Benchmarking (gcn):  39%|███▊      | 1543/3987 [00:02<00:03, 614.14it/s]
Benchmarking (gcn):  40%|████      | 1605/3987 [00:02<00:03, 614.04it/s]
Benchmarking (gcn):  42%|████▏     | 1667/3987 [00:02<00:03, 614.62it/s]
Benchmarking (gcn):  43%|████▎     | 1729/3987 [00:02<00:03, 615.54it/s]
Benchmarking (gcn):  45%|████▍     | 1791/3987 [00:02<00:03, 616.23it/s]
Benchmarking (gcn):  46%|████▋     | 1853/3987 [00:03<00:03, 615.78it/s]
Benchmarking (gcn):  48%|████▊     | 1915/3987 [00:03<00:03, 616.26it/s]
Benchmarking (gcn):  50%|████▉     | 1977/3987 [00:03<00:03, 615.17it/s]
Benchmarking (gcn):  51%|█████     | 2039/3987 [00:03<00:03, 614.67it/s]
Benchmarking (gcn):  53%|█████▎    | 2101/3987 [00:03<00:03, 614.80it/s]
Benchmarking (gcn):  54%|█████▍    | 2163/3987 [00:03<00:02, 614.83it/s]
Benchmarking (gcn):  56%|█████▌    | 2225/3987 [00:03<00:02, 613.29it/s]
Benchmarking (gcn):  57%|█████▋    | 2287/3987 [00:03<00:02, 613.60it/s]
Benchmarking (gcn):  59%|█████▉    | 2349/3987 [00:03<00:02, 613.96it/s]
Benchmarking (gcn):  60%|██████    | 2411/3987 [00:03<00:02, 613.61it/s]
Benchmarking (gcn):  62%|██████▏   | 2473/3987 [00:04<00:02, 614.14it/s]
Benchmarking (gcn):  64%|██████▎   | 2535/3987 [00:04<00:02, 614.77it/s]
Benchmarking (gcn):  65%|██████▌   | 2597/3987 [00:04<00:02, 614.96it/s]
Benchmarking (gcn):  67%|██████▋   | 2659/3987 [00:04<00:02, 615.33it/s]
Benchmarking (gcn):  68%|██████▊   | 2721/3987 [00:04<00:02, 614.83it/s]
Benchmarking (gcn):  70%|██████▉   | 2783/3987 [00:04<00:01, 614.85it/s]
Benchmarking (gcn):  71%|███████▏  | 2845/3987 [00:04<00:01, 615.25it/s]
Benchmarking (gcn):  73%|███████▎  | 2907/3987 [00:04<00:01, 615.97it/s]
Benchmarking (gcn):  74%|███████▍  | 2969/3987 [00:04<00:01, 616.74it/s]
Benchmarking (gcn):  76%|███████▌  | 3031/3987 [00:04<00:01, 617.25it/s]
Benchmarking (gcn):  78%|███████▊  | 3093/3987 [00:05<00:01, 617.61it/s]
Benchmarking (gcn):  79%|███████▉  | 3155/3987 [00:05<00:01, 617.81it/s]
Benchmarking (gcn):  81%|████████  | 3217/3987 [00:05<00:01, 617.88it/s]
Benchmarking (gcn):  82%|████████▏ | 3279/3987 [00:05<00:01, 616.07it/s]
Benchmarking (gcn):  84%|████████▍ | 3341/3987 [00:05<00:01, 614.79it/s]
Benchmarking (gcn):  85%|████████▌ | 3403/3987 [00:05<00:00, 614.19it/s]
Benchmarking (gcn):  87%|████████▋ | 3465/3987 [00:05<00:00, 613.73it/s]
Benchmarking (gcn):  88%|████████▊ | 3527/3987 [00:05<00:00, 613.54it/s]
Benchmarking (gcn):  90%|█████████ | 3589/3987 [00:05<00:00, 610.43it/s]
Benchmarking (gcn):  92%|█████████▏| 3651/3987 [00:05<00:00, 610.54it/s]
Benchmarking (gcn):  93%|█████████▎| 3713/3987 [00:06<00:00, 609.54it/s]
Benchmarking (gcn):  95%|█████████▍| 3775/3987 [00:06<00:00, 610.52it/s]
Benchmarking (gcn):  96%|█████████▌| 3837/3987 [00:06<00:00, 611.15it/s]
Benchmarking (gcn):  98%|█████████▊| 3899/3987 [00:06<00:00, 611.60it/s]
Benchmarking (gcn):  99%|█████████▉| 3961/3987 [00:06<00:00, 612.35it/s]
INFO:src.evaluation.benchmark_partition_selection:  [val] R@1=41.6% GTR@20=92.8% FCov@20=88.8% MRR=57.4%
Benchmarking (gcn):   0%|          | 0/1995 [00:00<?, ?it/s]
Benchmarking (gcn):   3%|▎         | 61/1995 [00:00<00:03, 609.22it/s]
Benchmarking (gcn):   6%|▌         | 123/1995 [00:00<00:03, 612.74it/s]
Benchmarking (gcn):   9%|▉         | 185/1995 [00:00<00:02, 614.27it/s]
Benchmarking (gcn):  12%|█▏        | 247/1995 [00:00<00:02, 609.65it/s]
Benchmarking (gcn):  15%|█▌        | 308/1995 [00:00<00:02, 608.87it/s]
Benchmarking (gcn):  18%|█▊        | 369/1995 [00:00<00:02, 608.59it/s]
Benchmarking (gcn):  22%|██▏       | 430/1995 [00:00<00:02, 606.16it/s]
Benchmarking (gcn):  25%|██▍       | 492/1995 [00:00<00:02, 607.44it/s]
Benchmarking (gcn):  28%|██▊       | 554/1995 [00:00<00:02, 609.16it/s]
Benchmarking (gcn):  31%|███       | 616/1995 [00:01<00:02, 610.27it/s]
Benchmarking (gcn):  34%|███▍      | 678/1995 [00:01<00:02, 611.35it/s]
Benchmarking (gcn):  37%|███▋      | 740/1995 [00:01<00:02, 612.02it/s]
Benchmarking (gcn):  40%|████      | 802/1995 [00:01<00:01, 611.28it/s]
Benchmarking (gcn):  43%|████▎     | 864/1995 [00:01<00:01, 610.78it/s]
Benchmarking (gcn):  46%|████▋     | 926/1995 [00:01<00:01, 611.38it/s]
Benchmarking (gcn):  50%|████▉     | 988/1995 [00:01<00:01, 611.27it/s]
Benchmarking (gcn):  53%|█████▎    | 1050/1995 [00:01<00:01, 610.77it/s]
Benchmarking (gcn):  56%|█████▌    | 1112/1995 [00:01<00:01, 610.03it/s]
Benchmarking (gcn):  59%|█████▉    | 1174/1995 [00:01<00:01, 610.18it/s]
Benchmarking (gcn):  62%|██████▏   | 1236/1995 [00:02<00:01, 611.10it/s]
Benchmarking (gcn):  65%|██████▌   | 1298/1995 [00:02<00:01, 611.17it/s]
Benchmarking (gcn):  68%|██████▊   | 1360/1995 [00:02<00:01, 612.88it/s]
Benchmarking (gcn):  71%|███████▏  | 1422/1995 [00:02<00:00, 614.08it/s]
Benchmarking (gcn):  74%|███████▍  | 1484/1995 [00:02<00:00, 614.93it/s]
Benchmarking (gcn):  77%|███████▋  | 1546/1995 [00:02<00:00, 615.61it/s]
Benchmarking (gcn):  81%|████████  | 1608/1995 [00:02<00:00, 615.86it/s]
Benchmarking (gcn):  84%|████████▎ | 1670/1995 [00:02<00:00, 616.36it/s]
Benchmarking (gcn):  87%|████████▋ | 1732/1995 [00:02<00:00, 616.61it/s]
Benchmarking (gcn):  90%|████████▉ | 1794/1995 [00:02<00:00, 616.95it/s]
Benchmarking (gcn):  93%|█████████▎| 1856/1995 [00:03<00:00, 615.92it/s]
Benchmarking (gcn):  96%|█████████▌| 1918/1995 [00:03<00:00, 616.20it/s]
Benchmarking (gcn):  99%|█████████▉| 1980/1995 [00:03<00:00, 616.35it/s]
INFO:src.evaluation.benchmark_partition_selection:  [test] R@1=41.2% GTR@20=92.0% FCov@20=87.6% MRR=57.2%
INFO:src.evaluation.benchmark_partition_selection:Benchmarking: sage
Benchmarking (sage):   0%|          | 0/13956 [00:00<?, ?it/s]
Benchmarking (sage):   0%|          | 61/13956 [00:00<00:22, 604.40it/s]
Benchmarking (sage):   1%|          | 122/13956 [00:00<00:22, 607.25it/s]
Benchmarking (sage):   1%|▏         | 183/13956 [00:00<00:22, 604.75it/s]
Benchmarking (sage):   2%|▏         | 244/13956 [00:00<00:22, 604.65it/s]
Benchmarking (sage):   2%|▏         | 305/13956 [00:00<00:22, 606.24it/s]
Benchmarking (sage):   3%|▎         | 367/13956 [00:00<00:22, 607.98it/s]
Benchmarking (sage):   3%|▎         | 428/13956 [00:00<00:22, 607.16it/s]
Benchmarking (sage):   4%|▎         | 490/13956 [00:00<00:22, 608.68it/s]
Benchmarking (sage):   4%|▍         | 552/13956 [00:00<00:21, 610.41it/s]
Benchmarking (sage):   4%|▍         | 614/13956 [00:01<00:21, 610.97it/s]
Benchmarking (sage):   5%|▍         | 676/13956 [00:01<00:21, 611.03it/s]
Benchmarking (sage):   5%|▌         | 738/13956 [00:01<00:21, 611.03it/s]
Benchmarking (sage):   6%|▌         | 800/13956 [00:01<00:21, 611.04it/s]
Benchmarking (sage):   6%|▌         | 862/13956 [00:01<00:21, 610.49it/s]
Benchmarking (sage):   7%|▋         | 924/13956 [00:01<00:21, 605.59it/s]
Benchmarking (sage):   7%|▋         | 986/13956 [00:01<00:21, 607.02it/s]
Benchmarking (sage):   8%|▊         | 1048/13956 [00:01<00:21, 608.75it/s]
Benchmarking (sage):   8%|▊         | 1110/13956 [00:01<00:21, 609.67it/s]
Benchmarking (sage):   8%|▊         | 1171/13956 [00:01<00:20, 609.45it/s]
Benchmarking (sage):   9%|▉         | 1233/13956 [00:02<00:20, 610.41it/s]
Benchmarking (sage):   9%|▉         | 1295/13956 [00:02<00:20, 610.41it/s]
Benchmarking (sage):  10%|▉         | 1357/13956 [00:02<00:20, 608.05it/s]
Benchmarking (sage):  10%|█         | 1418/13956 [00:02<00:20, 607.58it/s]
Benchmarking (sage):  11%|█         | 1480/13956 [00:02<00:20, 610.08it/s]
Benchmarking (sage):  11%|█         | 1542/13956 [00:02<00:20, 612.14it/s]
Benchmarking (sage):  11%|█▏        | 1604/13956 [00:02<00:20, 612.26it/s]
Benchmarking (sage):  12%|█▏        | 1666/13956 [00:02<00:20, 613.80it/s]
Benchmarking (sage):  12%|█▏        | 1728/13956 [00:02<00:19, 615.20it/s]
Benchmarking (sage):  13%|█▎        | 1790/13956 [00:02<00:19, 613.61it/s]
Benchmarking (sage):  13%|█▎        | 1852/13956 [00:03<00:19, 613.57it/s]
Benchmarking (sage):  14%|█▎        | 1914/13956 [00:03<00:19, 613.12it/s]
Benchmarking (sage):  14%|█▍        | 1976/13956 [00:03<00:19, 613.01it/s]
Benchmarking (sage):  15%|█▍        | 2038/13956 [00:03<00:19, 612.40it/s]
Benchmarking (sage):  15%|█▌        | 2100/13956 [00:03<00:19, 612.07it/s]
Benchmarking (sage):  15%|█▌        | 2162/13956 [00:03<00:19, 611.85it/s]
Benchmarking (sage):  16%|█▌        | 2224/13956 [00:03<00:19, 612.10it/s]
Benchmarking (sage):  16%|█▋        | 2286/13956 [00:03<00:19, 612.14it/s]
Benchmarking (sage):  17%|█▋        | 2348/13956 [00:03<00:18, 612.44it/s]
Benchmarking (sage):  17%|█▋        | 2410/13956 [00:03<00:18, 612.53it/s]
Benchmarking (sage):  18%|█▊        | 2472/13956 [00:04<00:18, 612.53it/s]
Benchmarking (sage):  18%|█▊        | 2534/13956 [00:04<00:18, 612.50it/s]
Benchmarking (sage):  19%|█▊        | 2596/13956 [00:04<00:18, 610.22it/s]
Benchmarking (sage):  19%|█▉        | 2658/13956 [00:04<00:18, 611.88it/s]
Benchmarking (sage):  19%|█▉        | 2720/13956 [00:04<00:18, 612.89it/s]
Benchmarking (sage):  20%|█▉        | 2782/13956 [00:04<00:18, 614.39it/s]
Benchmarking (sage):  20%|██        | 2844/13956 [00:04<00:18, 614.34it/s]
Benchmarking (sage):  21%|██        | 2906/13956 [00:04<00:17, 615.08it/s]
Benchmarking (sage):  21%|██▏       | 2968/13956 [00:04<00:17, 614.65it/s]
Benchmarking (sage):  22%|██▏       | 3030/13956 [00:04<00:17, 615.16it/s]
Benchmarking (sage):  22%|██▏       | 3092/13956 [00:05<00:17, 613.82it/s]
Benchmarking (sage):  23%|██▎       | 3154/13956 [00:05<00:17, 613.68it/s]
Benchmarking (sage):  23%|██▎       | 3216/13956 [00:05<00:17, 613.46it/s]
Benchmarking (sage):  23%|██▎       | 3278/13956 [00:05<00:17, 612.90it/s]
Benchmarking (sage):  24%|██▍       | 3340/13956 [00:05<00:17, 612.05it/s]
Benchmarking (sage):  24%|██▍       | 3402/13956 [00:05<00:17, 611.16it/s]
Benchmarking (sage):  25%|██▍       | 3464/13956 [00:05<00:17, 611.47it/s]
Benchmarking (sage):  25%|██▌       | 3526/13956 [00:05<00:17, 613.22it/s]
Benchmarking (sage):  26%|██▌       | 3588/13956 [00:05<00:16, 613.16it/s]
Benchmarking (sage):  26%|██▌       | 3650/13956 [00:05<00:16, 614.23it/s]
Benchmarking (sage):  27%|██▋       | 3712/13956 [00:06<00:16, 612.40it/s]
Benchmarking (sage):  27%|██▋       | 3774/13956 [00:06<00:16, 612.07it/s]
Benchmarking (sage):  27%|██▋       | 3836/13956 [00:06<00:16, 612.03it/s]
Benchmarking (sage):  28%|██▊       | 3898/13956 [00:06<00:16, 612.06it/s]
Benchmarking (sage):  28%|██▊       | 3960/13956 [00:06<00:16, 611.95it/s]
Benchmarking (sage):  29%|██▉       | 4022/13956 [00:06<00:16, 612.67it/s]
Benchmarking (sage):  29%|██▉       | 4084/13956 [00:06<00:16, 613.98it/s]
Benchmarking (sage):  30%|██▉       | 4146/13956 [00:06<00:16, 612.56it/s]
Benchmarking (sage):  30%|███       | 4208/13956 [00:06<00:15, 612.61it/s]
Benchmarking (sage):  31%|███       | 4270/13956 [00:06<00:15, 610.80it/s]
Benchmarking (sage):  31%|███       | 4332/13956 [00:07<00:15, 610.95it/s]
Benchmarking (sage):  31%|███▏      | 4394/13956 [00:07<00:15, 611.67it/s]
Benchmarking (sage):  32%|███▏      | 4456/13956 [00:07<00:15, 612.17it/s]
Benchmarking (sage):  32%|███▏      | 4518/13956 [00:07<00:15, 611.65it/s]
Benchmarking (sage):  33%|███▎      | 4580/13956 [00:07<00:15, 612.19it/s]
Benchmarking (sage):  33%|███▎      | 4642/13956 [00:07<00:15, 611.64it/s]
Benchmarking (sage):  34%|███▎      | 4704/13956 [00:07<00:15, 610.05it/s]
Benchmarking (sage):  34%|███▍      | 4766/13956 [00:07<00:15, 611.14it/s]
Benchmarking (sage):  35%|███▍      | 4828/13956 [00:07<00:14, 611.56it/s]
Benchmarking (sage):  35%|███▌      | 4890/13956 [00:07<00:14, 611.98it/s]
Benchmarking (sage):  35%|███▌      | 4952/13956 [00:08<00:14, 613.62it/s]
Benchmarking (sage):  36%|███▌      | 5014/13956 [00:08<00:14, 611.62it/s]
Benchmarking (sage):  36%|███▋      | 5076/13956 [00:08<00:14, 611.50it/s]
Benchmarking (sage):  37%|███▋      | 5138/13956 [00:08<00:14, 612.29it/s]
Benchmarking (sage):  37%|███▋      | 5200/13956 [00:08<00:14, 613.49it/s]
Benchmarking (sage):  38%|███▊      | 5262/13956 [00:08<00:14, 613.47it/s]
Benchmarking (sage):  38%|███▊      | 5324/13956 [00:08<00:14, 612.84it/s]
Benchmarking (sage):  39%|███▊      | 5386/13956 [00:08<00:14, 610.35it/s]
Benchmarking (sage):  39%|███▉      | 5448/13956 [00:08<00:13, 610.74it/s]
Benchmarking (sage):  39%|███▉      | 5510/13956 [00:09<00:13, 611.58it/s]
Benchmarking (sage):  40%|███▉      | 5572/13956 [00:09<00:13, 612.01it/s]
Benchmarking (sage):  40%|████      | 5634/13956 [00:09<00:13, 612.45it/s]
Benchmarking (sage):  41%|████      | 5696/13956 [00:09<00:13, 611.05it/s]
Benchmarking (sage):  41%|████▏     | 5758/13956 [00:09<00:13, 611.06it/s]
Benchmarking (sage):  42%|████▏     | 5820/13956 [00:09<00:13, 612.32it/s]
Benchmarking (sage):  42%|████▏     | 5882/13956 [00:09<00:13, 613.71it/s]
Benchmarking (sage):  43%|████▎     | 5944/13956 [00:09<00:13, 614.63it/s]
Benchmarking (sage):  43%|████▎     | 6006/13956 [00:09<00:12, 614.82it/s]
Benchmarking (sage):  43%|████▎     | 6068/13956 [00:09<00:12, 615.64it/s]
Benchmarking (sage):  44%|████▍     | 6130/13956 [00:10<00:12, 615.84it/s]
Benchmarking (sage):  44%|████▍     | 6192/13956 [00:10<00:12, 615.18it/s]
Benchmarking (sage):  45%|████▍     | 6254/13956 [00:10<00:12, 615.78it/s]
Benchmarking (sage):  45%|████▌     | 6316/13956 [00:10<00:12, 615.93it/s]
Benchmarking (sage):  46%|████▌     | 6378/13956 [00:10<00:12, 614.67it/s]
Benchmarking (sage):  46%|████▌     | 6440/13956 [00:10<00:12, 613.87it/s]
Benchmarking (sage):  47%|████▋     | 6502/13956 [00:10<00:12, 613.68it/s]
Benchmarking (sage):  47%|████▋     | 6564/13956 [00:10<00:12, 614.38it/s]
Benchmarking (sage):  47%|████▋     | 6626/13956 [00:10<00:11, 613.37it/s]
Benchmarking (sage):  48%|████▊     | 6688/13956 [00:10<00:11, 613.30it/s]
Benchmarking (sage):  48%|████▊     | 6750/13956 [00:11<00:11, 613.52it/s]
Benchmarking (sage):  49%|████▉     | 6812/13956 [00:11<00:11, 613.47it/s]
Benchmarking (sage):  49%|████▉     | 6874/13956 [00:11<00:11, 611.91it/s]
Benchmarking (sage):  50%|████▉     | 6936/13956 [00:11<00:11, 611.37it/s]
Benchmarking (sage):  50%|█████     | 6998/13956 [00:11<00:11, 612.88it/s]
Benchmarking (sage):  51%|█████     | 7060/13956 [00:11<00:11, 609.31it/s]
Benchmarking (sage):  51%|█████     | 7122/13956 [00:11<00:11, 609.62it/s]
Benchmarking (sage):  51%|█████▏    | 7184/13956 [00:11<00:11, 610.21it/s]
Benchmarking (sage):  52%|█████▏    | 7246/13956 [00:11<00:10, 610.80it/s]
Benchmarking (sage):  52%|█████▏    | 7308/13956 [00:11<00:10, 611.16it/s]
Benchmarking (sage):  53%|█████▎    | 7370/13956 [00:12<00:10, 611.51it/s]
Benchmarking (sage):  53%|█████▎    | 7432/13956 [00:12<00:10, 609.95it/s]
Benchmarking (sage):  54%|█████▎    | 7493/13956 [00:12<00:10, 609.17it/s]
Benchmarking (sage):  54%|█████▍    | 7554/13956 [00:12<00:10, 608.94it/s]
Benchmarking (sage):  55%|█████▍    | 7616/13956 [00:12<00:10, 611.26it/s]
Benchmarking (sage):  55%|█████▌    | 7678/13956 [00:12<00:10, 611.03it/s]
Benchmarking (sage):  55%|█████▌    | 7740/13956 [00:12<00:10, 611.39it/s]
Benchmarking (sage):  56%|█████▌    | 7802/13956 [00:12<00:10, 610.19it/s]
Benchmarking (sage):  56%|█████▋    | 7864/13956 [00:12<00:09, 610.25it/s]
Benchmarking (sage):  57%|█████▋    | 7926/13956 [00:12<00:09, 610.39it/s]
Benchmarking (sage):  57%|█████▋    | 7988/13956 [00:13<00:09, 611.78it/s]
Benchmarking (sage):  58%|█████▊    | 8050/13956 [00:13<00:09, 612.91it/s]
Benchmarking (sage):  58%|█████▊    | 8112/13956 [00:13<00:09, 613.09it/s]
Benchmarking (sage):  59%|█████▊    | 8174/13956 [00:13<00:09, 612.85it/s]
Benchmarking (sage):  59%|█████▉    | 8236/13956 [00:13<00:09, 613.42it/s]
Benchmarking (sage):  59%|█████▉    | 8298/13956 [00:13<00:09, 613.72it/s]
Benchmarking (sage):  60%|█████▉    | 8360/13956 [00:13<00:09, 614.78it/s]
Benchmarking (sage):  60%|██████    | 8422/13956 [00:13<00:08, 614.95it/s]
Benchmarking (sage):  61%|██████    | 8484/13956 [00:13<00:08, 614.24it/s]
Benchmarking (sage):  61%|██████    | 8546/13956 [00:13<00:08, 610.60it/s]
Benchmarking (sage):  62%|██████▏   | 8608/13956 [00:14<00:08, 609.09it/s]
Benchmarking (sage):  62%|██████▏   | 8669/13956 [00:14<00:08, 608.63it/s]
Benchmarking (sage):  63%|██████▎   | 8730/13956 [00:14<00:08, 608.67it/s]
Benchmarking (sage):  63%|██████▎   | 8792/13956 [00:14<00:08, 610.18it/s]
Benchmarking (sage):  63%|██████▎   | 8854/13956 [00:14<00:08, 610.52it/s]
Benchmarking (sage):  64%|██████▍   | 8916/13956 [00:14<00:08, 611.15it/s]
Benchmarking (sage):  64%|██████▍   | 8978/13956 [00:14<00:08, 610.80it/s]
Benchmarking (sage):  65%|██████▍   | 9040/13956 [00:14<00:08, 612.20it/s]
Benchmarking (sage):  65%|██████▌   | 9102/13956 [00:14<00:07, 612.23it/s]
Benchmarking (sage):  66%|██████▌   | 9164/13956 [00:14<00:07, 611.95it/s]
Benchmarking (sage):  66%|██████▌   | 9226/13956 [00:15<00:07, 608.96it/s]
Benchmarking (sage):  67%|██████▋   | 9287/13956 [00:15<00:07, 608.36it/s]
Benchmarking (sage):  67%|██████▋   | 9348/13956 [00:15<00:07, 608.44it/s]
Benchmarking (sage):  67%|██████▋   | 9409/13956 [00:15<00:07, 608.58it/s]
Benchmarking (sage):  68%|██████▊   | 9470/13956 [00:15<00:07, 607.89it/s]
Benchmarking (sage):  68%|██████▊   | 9531/13956 [00:15<00:07, 605.68it/s]
Benchmarking (sage):  69%|██████▊   | 9592/13956 [00:15<00:07, 603.88it/s]
Benchmarking (sage):  69%|██████▉   | 9653/13956 [00:15<00:07, 604.62it/s]
Benchmarking (sage):  70%|██████▉   | 9714/13956 [00:15<00:06, 606.11it/s]
Benchmarking (sage):  70%|███████   | 9776/13956 [00:15<00:06, 607.45it/s]
Benchmarking (sage):  70%|███████   | 9838/13956 [00:16<00:06, 609.38it/s]
Benchmarking (sage):  71%|███████   | 9900/13956 [00:16<00:06, 610.09it/s]
Benchmarking (sage):  71%|███████▏  | 9962/13956 [00:16<00:06, 610.33it/s]
Benchmarking (sage):  72%|███████▏  | 10024/13956 [00:16<00:06, 611.48it/s]
Benchmarking (sage):  72%|███████▏  | 10086/13956 [00:16<00:06, 604.95it/s]
Benchmarking (sage):  73%|███████▎  | 10148/13956 [00:16<00:06, 606.54it/s]
Benchmarking (sage):  73%|███████▎  | 10210/13956 [00:16<00:06, 609.41it/s]
Benchmarking (sage):  74%|███████▎  | 10272/13956 [00:16<00:06, 611.44it/s]
Benchmarking (sage):  74%|███████▍  | 10334/13956 [00:16<00:05, 613.09it/s]
Benchmarking (sage):  74%|███████▍  | 10396/13956 [00:17<00:05, 609.70it/s]
Benchmarking (sage):  75%|███████▍  | 10457/13956 [00:17<00:05, 609.30it/s]
Benchmarking (sage):  75%|███████▌  | 10519/13956 [00:17<00:05, 609.76it/s]
Benchmarking (sage):  76%|███████▌  | 10581/13956 [00:17<00:05, 610.67it/s]
Benchmarking (sage):  76%|███████▋  | 10643/13956 [00:17<00:05, 611.14it/s]
Benchmarking (sage):  77%|███████▋  | 10705/13956 [00:17<00:05, 610.75it/s]
Benchmarking (sage):  77%|███████▋  | 10767/13956 [00:17<00:05, 611.70it/s]
Benchmarking (sage):  78%|███████▊  | 10829/13956 [00:17<00:05, 612.19it/s]
Benchmarking (sage):  78%|███████▊  | 10891/13956 [00:17<00:05, 611.30it/s]
Benchmarking (sage):  78%|███████▊  | 10953/13956 [00:17<00:04, 611.73it/s]
Benchmarking (sage):  79%|███████▉  | 11015/13956 [00:18<00:04, 612.01it/s]
Benchmarking (sage):  79%|███████▉  | 11077/13956 [00:18<00:04, 611.78it/s]
Benchmarking (sage):  80%|███████▉  | 11139/13956 [00:18<00:04, 612.16it/s]
Benchmarking (sage):  80%|████████  | 11201/13956 [00:18<00:04, 612.25it/s]
Benchmarking (sage):  81%|████████  | 11263/13956 [00:18<00:04, 612.31it/s]
Benchmarking (sage):  81%|████████  | 11325/13956 [00:18<00:04, 610.97it/s]
Benchmarking (sage):  82%|████████▏ | 11387/13956 [00:18<00:04, 611.65it/s]
Benchmarking (sage):  82%|████████▏ | 11449/13956 [00:18<00:04, 611.90it/s]
Benchmarking (sage):  82%|████████▏ | 11511/13956 [00:18<00:03, 613.34it/s]
Benchmarking (sage):  83%|████████▎ | 11573/13956 [00:18<00:03, 614.34it/s]
Benchmarking (sage):  83%|████████▎ | 11635/13956 [00:19<00:03, 615.18it/s]
Benchmarking (sage):  84%|████████▍ | 11697/13956 [00:19<00:03, 615.65it/s]
Benchmarking (sage):  84%|████████▍ | 11759/13956 [00:19<00:03, 614.11it/s]
Benchmarking (sage):  85%|████████▍ | 11821/13956 [00:19<00:03, 613.57it/s]
Benchmarking (sage):  85%|████████▌ | 11883/13956 [00:19<00:03, 613.23it/s]
Benchmarking (sage):  86%|████████▌ | 11945/13956 [00:19<00:03, 612.94it/s]
Benchmarking (sage):  86%|████████▌ | 12007/13956 [00:19<00:03, 612.00it/s]
Benchmarking (sage):  86%|████████▋ | 12069/13956 [00:19<00:03, 611.57it/s]
Benchmarking (sage):  87%|████████▋ | 12131/13956 [00:19<00:02, 612.23it/s]
Benchmarking (sage):  87%|████████▋ | 12193/13956 [00:19<00:02, 612.93it/s]
Benchmarking (sage):  88%|████████▊ | 12255/13956 [00:20<00:02, 614.14it/s]
Benchmarking (sage):  88%|████████▊ | 12317/13956 [00:20<00:02, 614.96it/s]
Benchmarking (sage):  89%|████████▊ | 12379/13956 [00:20<00:02, 615.64it/s]
Benchmarking (sage):  89%|████████▉ | 12441/13956 [00:20<00:02, 615.44it/s]
Benchmarking (sage):  90%|████████▉ | 12503/13956 [00:20<00:02, 614.55it/s]
Benchmarking (sage):  90%|█████████ | 12565/13956 [00:20<00:02, 614.74it/s]
Benchmarking (sage):  90%|█████████ | 12627/13956 [00:20<00:02, 613.69it/s]
Benchmarking (sage):  91%|█████████ | 12689/13956 [00:20<00:02, 613.45it/s]
Benchmarking (sage):  91%|█████████▏| 12751/13956 [00:20<00:01, 613.42it/s]
Benchmarking (sage):  92%|█████████▏| 12813/13956 [00:20<00:01, 614.26it/s]
Benchmarking (sage):  92%|█████████▏| 12875/13956 [00:21<00:01, 614.80it/s]
Benchmarking (sage):  93%|█████████▎| 12937/13956 [00:21<00:01, 615.39it/s]
Benchmarking (sage):  93%|█████████▎| 12999/13956 [00:21<00:01, 615.41it/s]
Benchmarking (sage):  94%|█████████▎| 13061/13956 [00:21<00:01, 613.07it/s]
Benchmarking (sage):  94%|█████████▍| 13123/13956 [00:21<00:01, 612.31it/s]
Benchmarking (sage):  94%|█████████▍| 13185/13956 [00:21<00:01, 613.65it/s]
Benchmarking (sage):  95%|█████████▍| 13247/13956 [00:21<00:01, 614.21it/s]
Benchmarking (sage):  95%|█████████▌| 13309/13956 [00:21<00:01, 615.02it/s]
Benchmarking (sage):  96%|█████████▌| 13371/13956 [00:21<00:00, 613.48it/s]
Benchmarking (sage):  96%|█████████▋| 13433/13956 [00:21<00:00, 614.60it/s]
Benchmarking (sage):  97%|█████████▋| 13495/13956 [00:22<00:00, 614.71it/s]
Benchmarking (sage):  97%|█████████▋| 13557/13956 [00:22<00:00, 614.89it/s]
Benchmarking (sage):  98%|█████████▊| 13619/13956 [00:22<00:00, 614.42it/s]
Benchmarking (sage):  98%|█████████▊| 13681/13956 [00:22<00:00, 615.19it/s]
Benchmarking (sage):  98%|█████████▊| 13743/13956 [00:22<00:00, 615.64it/s]
Benchmarking (sage):  99%|█████████▉| 13805/13956 [00:22<00:00, 616.03it/s]
Benchmarking (sage):  99%|█████████▉| 13867/13956 [00:22<00:00, 614.72it/s]
Benchmarking (sage): 100%|█████████▉| 13929/13956 [00:22<00:00, 613.77it/s]
INFO:src.evaluation.benchmark_partition_selection:  [train] R@1=38.1% GTR@20=92.5% FCov@20=88.6% MRR=53.9%
Benchmarking (sage):   0%|          | 0/3987 [00:00<?, ?it/s]
Benchmarking (sage):   2%|▏         | 61/3987 [00:00<00:06, 606.58it/s]
Benchmarking (sage):   3%|▎         | 122/3987 [00:00<00:06, 606.89it/s]
Benchmarking (sage):   5%|▍         | 184/3987 [00:00<00:06, 608.41it/s]
Benchmarking (sage):   6%|▌         | 245/3987 [00:00<00:06, 606.68it/s]
Benchmarking (sage):   8%|▊         | 306/3987 [00:00<00:06, 602.81it/s]
Benchmarking (sage):   9%|▉         | 367/3987 [00:00<00:05, 603.66it/s]
Benchmarking (sage):  11%|█         | 428/3987 [00:00<00:05, 604.70it/s]
Benchmarking (sage):  12%|█▏        | 489/3987 [00:00<00:05, 605.73it/s]
Benchmarking (sage):  14%|█▍        | 551/3987 [00:00<00:05, 607.08it/s]
Benchmarking (sage):  15%|█▌        | 613/3987 [00:01<00:05, 609.13it/s]
Benchmarking (sage):  17%|█▋        | 674/3987 [00:01<00:05, 608.99it/s]
Benchmarking (sage):  18%|█▊        | 736/3987 [00:01<00:05, 610.83it/s]
Benchmarking (sage):  20%|██        | 798/3987 [00:01<00:05, 612.17it/s]
Benchmarking (sage):  22%|██▏       | 860/3987 [00:01<00:05, 612.61it/s]
Benchmarking (sage):  23%|██▎       | 922/3987 [00:01<00:05, 613.00it/s]
Benchmarking (sage):  25%|██▍       | 984/3987 [00:01<00:04, 614.18it/s]
Benchmarking (sage):  26%|██▌       | 1046/3987 [00:01<00:04, 614.47it/s]
Benchmarking (sage):  28%|██▊       | 1108/3987 [00:01<00:04, 614.95it/s]
Benchmarking (sage):  29%|██▉       | 1170/3987 [00:01<00:04, 614.41it/s]
Benchmarking (sage):  31%|███       | 1232/3987 [00:02<00:04, 615.32it/s]
Benchmarking (sage):  32%|███▏      | 1294/3987 [00:02<00:04, 615.09it/s]
Benchmarking (sage):  34%|███▍      | 1356/3987 [00:02<00:04, 616.08it/s]
Benchmarking (sage):  36%|███▌      | 1418/3987 [00:02<00:04, 611.52it/s]
Benchmarking (sage):  37%|███▋      | 1480/3987 [00:02<00:04, 610.84it/s]
Benchmarking (sage):  39%|███▊      | 1542/3987 [00:02<00:04, 607.47it/s]
Benchmarking (sage):  40%|████      | 1603/3987 [00:02<00:03, 606.15it/s]
Benchmarking (sage):  42%|████▏     | 1665/3987 [00:02<00:03, 607.54it/s]
Benchmarking (sage):  43%|████▎     | 1726/3987 [00:02<00:03, 607.48it/s]
Benchmarking (sage):  45%|████▍     | 1788/3987 [00:02<00:03, 610.52it/s]
Benchmarking (sage):  46%|████▋     | 1850/3987 [00:03<00:03, 611.80it/s]
Benchmarking (sage):  48%|████▊     | 1912/3987 [00:03<00:03, 612.83it/s]
Benchmarking (sage):  50%|████▉     | 1974/3987 [00:03<00:03, 612.41it/s]
Benchmarking (sage):  51%|█████     | 2036/3987 [00:03<00:03, 612.11it/s]
Benchmarking (sage):  53%|█████▎    | 2098/3987 [00:03<00:03, 611.64it/s]
Benchmarking (sage):  54%|█████▍    | 2160/3987 [00:03<00:02, 612.62it/s]
Benchmarking (sage):  56%|█████▌    | 2222/3987 [00:03<00:02, 613.34it/s]
Benchmarking (sage):  57%|█████▋    | 2284/3987 [00:03<00:02, 613.86it/s]
Benchmarking (sage):  59%|█████▉    | 2346/3987 [00:03<00:02, 611.86it/s]
Benchmarking (sage):  60%|██████    | 2408/3987 [00:03<00:02, 610.39it/s]
Benchmarking (sage):  62%|██████▏   | 2470/3987 [00:04<00:02, 611.41it/s]
Benchmarking (sage):  64%|██████▎   | 2532/3987 [00:04<00:02, 612.08it/s]
Benchmarking (sage):  65%|██████▌   | 2594/3987 [00:04<00:02, 612.86it/s]
Benchmarking (sage):  67%|██████▋   | 2656/3987 [00:04<00:02, 613.22it/s]
Benchmarking (sage):  68%|██████▊   | 2718/3987 [00:04<00:02, 611.96it/s]
Benchmarking (sage):  70%|██████▉   | 2780/3987 [00:04<00:01, 612.59it/s]
Benchmarking (sage):  71%|███████▏  | 2842/3987 [00:04<00:01, 612.58it/s]
Benchmarking (sage):  73%|███████▎  | 2904/3987 [00:04<00:01, 612.84it/s]
Benchmarking (sage):  74%|███████▍  | 2966/3987 [00:04<00:01, 613.13it/s]
Benchmarking (sage):  76%|███████▌  | 3028/3987 [00:04<00:01, 613.51it/s]
Benchmarking (sage):  78%|███████▊  | 3090/3987 [00:05<00:01, 613.84it/s]
Benchmarking (sage):  79%|███████▉  | 3152/3987 [00:05<00:01, 613.47it/s]
Benchmarking (sage):  81%|████████  | 3214/3987 [00:05<00:01, 611.84it/s]
Benchmarking (sage):  82%|████████▏ | 3276/3987 [00:05<00:01, 612.53it/s]
Benchmarking (sage):  84%|████████▎ | 3338/3987 [00:05<00:01, 613.87it/s]
Benchmarking (sage):  85%|████████▌ | 3400/3987 [00:05<00:00, 614.50it/s]
Benchmarking (sage):  87%|████████▋ | 3462/3987 [00:05<00:00, 613.37it/s]
Benchmarking (sage):  88%|████████▊ | 3524/3987 [00:05<00:00, 613.86it/s]
Benchmarking (sage):  90%|████████▉ | 3586/3987 [00:05<00:00, 614.45it/s]
Benchmarking (sage):  91%|█████████▏| 3648/3987 [00:05<00:00, 613.59it/s]
Benchmarking (sage):  93%|█████████▎| 3710/3987 [00:06<00:00, 612.01it/s]
Benchmarking (sage):  95%|█████████▍| 3772/3987 [00:06<00:00, 612.52it/s]
Benchmarking (sage):  96%|█████████▌| 3834/3987 [00:06<00:00, 612.58it/s]
Benchmarking (sage):  98%|█████████▊| 3896/3987 [00:06<00:00, 612.68it/s]
Benchmarking (sage):  99%|█████████▉| 3958/3987 [00:06<00:00, 612.89it/s]
INFO:src.evaluation.benchmark_partition_selection:  [val] R@1=34.0% GTR@20=90.5% FCov@20=86.3% MRR=49.9%
Benchmarking (sage):   0%|          | 0/1995 [00:00<?, ?it/s]
Benchmarking (sage):   3%|▎         | 61/1995 [00:00<00:03, 605.77it/s]
Benchmarking (sage):   6%|▌         | 122/1995 [00:00<00:03, 605.25it/s]
Benchmarking (sage):   9%|▉         | 184/1995 [00:00<00:02, 607.61it/s]
Benchmarking (sage):  12%|█▏        | 245/1995 [00:00<00:02, 607.97it/s]
Benchmarking (sage):  15%|█▌        | 307/1995 [00:00<00:02, 608.89it/s]
Benchmarking (sage):  18%|█▊        | 369/1995 [00:00<00:02, 611.06it/s]
Benchmarking (sage):  22%|██▏       | 431/1995 [00:00<00:02, 610.14it/s]
Benchmarking (sage):  25%|██▍       | 493/1995 [00:00<00:02, 611.24it/s]
Benchmarking (sage):  28%|██▊       | 555/1995 [00:00<00:02, 612.25it/s]
Benchmarking (sage):  31%|███       | 617/1995 [00:01<00:02, 612.75it/s]
Benchmarking (sage):  34%|███▍      | 679/1995 [00:01<00:02, 613.18it/s]
Benchmarking (sage):  37%|███▋      | 741/1995 [00:01<00:02, 613.90it/s]
Benchmarking (sage):  40%|████      | 803/1995 [00:01<00:01, 612.76it/s]
Benchmarking (sage):  43%|████▎     | 865/1995 [00:01<00:01, 613.40it/s]
Benchmarking (sage):  46%|████▋     | 927/1995 [00:01<00:01, 613.83it/s]
Benchmarking (sage):  50%|████▉     | 989/1995 [00:01<00:01, 612.83it/s]
Benchmarking (sage):  53%|█████▎    | 1051/1995 [00:01<00:01, 612.88it/s]
Benchmarking (sage):  56%|█████▌    | 1113/1995 [00:01<00:01, 613.08it/s]
Benchmarking (sage):  59%|█████▉    | 1175/1995 [00:01<00:01, 613.32it/s]
Benchmarking (sage):  62%|██████▏   | 1237/1995 [00:02<00:01, 612.39it/s]
Benchmarking (sage):  65%|██████▌   | 1299/1995 [00:02<00:01, 607.84it/s]
Benchmarking (sage):  68%|██████▊   | 1360/1995 [00:02<00:01, 606.04it/s]
Benchmarking (sage):  71%|███████   | 1421/1995 [00:02<00:00, 605.99it/s]
Benchmarking (sage):  74%|███████▍  | 1482/1995 [00:02<00:00, 606.69it/s]
Benchmarking (sage):  77%|███████▋  | 1544/1995 [00:02<00:00, 609.28it/s]
Benchmarking (sage):  81%|████████  | 1606/1995 [00:02<00:00, 609.84it/s]
Benchmarking (sage):  84%|████████▎ | 1668/1995 [00:02<00:00, 610.90it/s]
Benchmarking (sage):  87%|████████▋ | 1730/1995 [00:02<00:00, 611.64it/s]
Benchmarking (sage):  90%|████████▉ | 1792/1995 [00:02<00:00, 612.21it/s]
Benchmarking (sage):  93%|█████████▎| 1854/1995 [00:03<00:00, 612.46it/s]
Benchmarking (sage):  96%|█████████▌| 1916/1995 [00:03<00:00, 612.49it/s]
Benchmarking (sage):  99%|█████████▉| 1978/1995 [00:03<00:00, 612.64it/s]
INFO:src.evaluation.benchmark_partition_selection:  [test] R@1=35.3% GTR@20=90.5% FCov@20=86.3% MRR=51.1%
INFO:src.evaluation.benchmark_partition_selection:CSV results exported to data/ukb_storage/musique/benchmark_results.csv
══════════════════════════════════════════════════════════════════════════════════════════
DATASET SUMMARY: MUSIQUE
══════════════════════════════════════════════════════════════════════════════════════════
Doc Nodes:         46,613     │  Graph Edges:      196,246  (undirected)
Question Nodes:    19,938     │  Partitions:            46
Total Nodes:       66,551     │
────────────────────────────────────────────────────────────────────────────────────────
Partition Size:  avg=1013.3  min=983  max=1043  median=1010  std=20.8
────────────────────────────────────────────────────────────────────────────────────────
Queries:         train=13,956  val=3,987  test=1,995  total=19,938
────────────────────────────────────────────────────────────────────────────────────────
GT Parts/Query:  avg=1.25  min=1  max=3  median=1  std=0.44
GT Distribution: 1-GT:15091(75.7%) 2-GT:4742(23.8%) 3-GT:105(0.5%)
══════════════════════════════════════════════════════════════════════════════════════════
════════════════════════════════════════════════════════════════════════════════════════════════════════════════════════
PARTITION SELECTION RECALL
════════════════════════════════════════════════════════════════════════════════════════════════════════════════════════
Method            Split  │   R@1   R@3   R@5  R@10  R@20 │ GTR@5 GTR@10 GTR@20 │   MRR  FCov │    Lat    #Q
──────────────────────────────────────────────────────────────────────────────────────────────────────────────────────
faiss_centroid    train  │ 31.7% 55.0% 67.2% 81.6% 93.3% │ 61.4%  75.9%  89.5% │ 47.4% 85.6% │   0.1ms 13956
faiss_centroid    val    │ 32.4% 55.6% 67.1% 81.6% 93.2% │ 60.9%  75.8%  89.1% │ 47.8% 85.0% │   0.1ms  3987
faiss_centroid    test   │ 33.1% 56.1% 68.3% 81.0% 93.3% │ 62.5%  75.3%  89.5% │ 48.6% 85.8% │   0.1ms  1995
──────────────────────────────────────────────────────────────────────────────────────────────────────────────────────
colbert_centroid  train  │ 10.6% 22.6% 31.2% 46.5% 66.4% │ 27.0%  40.7%  60.3% │ 21.0% 54.2% │  15.9ms 13956
colbert_centroid  val    │ 10.6% 21.3% 30.4% 46.0% 67.3% │ 26.3%  40.3%  61.3% │ 20.7% 55.4% │  15.9ms  3987
colbert_centroid  test   │ 10.5% 21.8% 30.8% 43.6% 64.9% │ 26.5%  38.4%  59.3% │ 20.3% 53.6% │  15.8ms  1995
──────────────────────────────────────────────────────────────────────────────────────────────────────────────────────
faiss_vote_50     train  │ 50.6% 78.4% 89.3% 95.4% 95.9% │ 83.1%  90.1%  90.8% │ 66.2% 85.7% │   6.0ms 13956
faiss_vote_50     val    │ 51.2% 79.6% 89.9% 95.4% 95.8% │ 83.5%  90.3%  90.8% │ 66.8% 85.8% │   6.0ms  3987
faiss_vote_50     test   │ 53.9% 80.4% 91.3% 96.6% 97.0% │ 85.2%  92.0%  92.5% │ 68.7% 88.0% │   6.0ms  1995
──────────────────────────────────────────────────────────────────────────────────────────────────────────────────────
faiss_vote_100    train  │ 46.2% 73.1% 84.7% 95.6% 98.3% │ 78.5%  91.2%  94.8% │ 62.4% 91.2% │   6.0ms 13956
faiss_vote_100    val    │ 46.3% 73.4% 85.0% 95.9% 98.2% │ 78.6%  91.2%  94.6% │ 62.6% 90.9% │   6.0ms  3987
faiss_vote_100    test   │ 48.4% 74.1% 86.6% 96.8% 99.0% │ 80.5%  92.5%  96.3% │ 64.1% 93.5% │   6.1ms  1995
──────────────────────────────────────────────────────────────────────────────────────────────────────────────────────
faiss_vote_200    train  │ 42.4% 69.5% 81.0% 93.3% 98.9% │ 74.6%  88.5%  96.5% │ 59.0% 94.0% │   6.2ms 13956
faiss_vote_200    val    │ 42.8% 70.1% 81.0% 93.3% 99.0% │ 74.1%  88.0%  96.2% │ 59.5% 93.3% │   6.2ms  3987
faiss_vote_200    test   │ 43.6% 69.8% 81.7% 93.9% 99.3% │ 75.6%  89.4%  97.0% │ 59.8% 94.6% │   6.2ms  1995
──────────────────────────────────────────────────────────────────────────────────────────────────────────────────────
mlp               train  │ 96.9% 99.5% 99.8% 100.0% 100.0% │ 92.1%  94.2%  96.7% │ 98.2% 93.5% │   0.3ms 13956
mlp               val    │ 74.6% 87.0% 91.1% 95.4% 98.1% │ 83.6%  89.2%  94.4% │ 81.9% 90.7% │   0.3ms  3987
mlp               test   │ 76.5% 88.3% 91.3% 95.1% 98.5% │ 84.3%  89.6%  94.8% │ 83.2% 91.2% │   0.3ms  1995
──────────────────────────────────────────────────────────────────────────────────────────────────────────────────────
mlp_topo          train  │ 91.2% 97.4% 98.8% 99.7% 99.9% │ 91.3%  94.0%  96.7% │ 94.5% 93.4% │   0.3ms 13956
mlp_topo          val    │ 72.7% 85.7% 90.2% 95.2% 98.2% │ 83.1%  89.3%  94.5% │ 80.3% 90.8% │   0.3ms  3987
mlp_topo          test   │ 73.2% 86.9% 90.9% 95.2% 97.9% │ 83.8%  89.4%  94.6% │ 81.0% 91.3% │   0.3ms  1995
──────────────────────────────────────────────────────────────────────────────────────────────────────────────────────
gin               train  │ 31.6% 56.0% 68.8% 83.7% 94.7% │ 62.7%  77.6%  90.2% │ 47.9% 85.7% │   1.6ms 13956
gin               val    │ 29.1% 52.5% 65.3% 80.4% 93.1% │ 59.6%  74.4%  88.4% │ 45.0% 83.8% │   1.6ms  3987
gin               test   │ 30.0% 53.5% 67.5% 82.5% 93.4% │ 61.8%  76.8%  88.8% │ 45.9% 84.2% │   1.6ms  1995
──────────────────────────────────────────────────────────────────────────────────────────────────────────────────────
gcn               train  │ 50.1% 77.3% 86.8% 95.2% 98.9% │ 79.8%  89.3%  95.5% │ 65.6% 92.1% │   1.6ms 13956
gcn               val    │ 41.6% 67.1% 78.5% 90.2% 96.8% │ 72.0%  84.0%  92.8% │ 57.4% 88.8% │   1.6ms  3987
gcn               test   │ 41.2% 66.2% 78.8% 89.8% 96.2% │ 72.7%  84.0%  92.0% │ 57.2% 87.6% │   1.6ms  1995
──────────────────────────────────────────────────────────────────────────────────────────────────────────────────────
sage              train  │ 38.1% 62.3% 75.1% 88.2% 96.5% │ 68.8%  82.1%  92.5% │ 53.9% 88.6% │   1.6ms 13956
sage              val    │ 34.0% 58.0% 70.2% 84.9% 94.7% │ 63.7%  78.4%  90.5% │ 49.9% 86.3% │   1.6ms  3987
sage              test   │ 35.3% 58.8% 70.9% 85.4% 94.7% │ 65.6%  79.7%  90.5% │ 51.1% 86.3% │   1.6ms  1995
──────────────────────────────────────────────────────────────────────────────────────────────────────────────────────
════════════════════════════════════════════════════════════════════════════════════════════════════════════════════════
═══════════════════════════════════════════════════════════════════════════════════════════════════════════════════
DETAILED METRICS (Test Split)
═══════════════════════════════════════════════════════════════════════════════════════════════════════════════════
Method            │   P@1   P@3   P@5  P@10  P@20 │  F1@5 F1@10 F1@20 │ NDCG@5 NDCG@10 NDCG@20
─────────────────────────────────────────────────────────────────────────────────────────────────────────────────
faiss_centroid    │ 33.1% 19.4% 14.5%  9.0%  5.4% │ 23.2% 15.8% 10.2% │  48.4%   52.9%   56.7%
colbert_centroid  │ 10.5%  7.4%  6.3%  4.7%  3.6% │ 10.0%  8.2%  6.8% │  18.4%   22.5%   28.1%
faiss_vote_50     │ 53.9% 28.4% 20.1% 11.0%  5.6% │ 32.0% 19.5% 10.4% │  70.2%   72.7%   72.9%
faiss_vote_100    │ 48.4% 25.7% 18.8% 11.1%  5.9% │ 30.0% 19.6% 11.0% │  65.1%   69.4%   70.5%
faiss_vote_200    │ 43.6% 24.1% 17.5% 10.7%  5.9% │ 28.0% 18.9% 11.1% │  60.3%   65.2%   67.4%
mlp               │ 76.5% 30.7% 19.5% 10.6%  5.7% │ 31.2% 18.7% 10.8% │  79.8%   81.7%   83.3%
mlp_topo          │ 73.2% 30.1% 19.4% 10.6%  5.7% │ 31.0% 18.7% 10.8% │  78.1%   80.2%   81.7%
gin               │ 30.0% 18.4% 14.2%  9.0%  5.3% │ 22.8% 16.0% 10.0% │  46.1%   51.3%   54.6%
gcn               │ 41.2% 22.8% 16.7%  9.9%  5.5% │ 26.8% 17.5% 10.4% │  57.7%   61.7%   63.9%
sage              │ 35.3% 20.3% 15.1%  9.3%  5.4% │ 24.2% 16.6% 10.2% │  51.2%   56.0%   59.0%
═══════════════════════════════════════════════════════════════════════════════════════════════════════════════════
══════════════════════════════════════════════════════════════════════
PER-METHOD BREAKDOWN (Test Split)
══════════════════════════════════════════════════════════════════════
--- FAISS_CENTROID ---
Total queries:       1995
Recall@1:            33.1%
Recall@5:            68.3%
Recall@10:           81.0%
Recall@20:           93.3%
GT Recall@5:         62.5%
GT Recall@10:        75.3%
GT Recall@20:        89.5%
Full Coverage@20:    85.8%
MRR:                 48.6%
NDCG@5:              48.4%
NDCG@20:             56.7%
Avg GT Partitions:   1.24
Min/Max GT Parts:    1 / 3
--- Hit Position ---
Avg First Hit:     4.19
Median First Hit:  2.0
--- Latency ---
Avg Latency:       0.06ms
P50 Latency:       0.06ms
P95 Latency:       0.07ms
P99 Latency:       0.07ms
--- COLBERT_CENTROID ---
Total queries:       1995
Recall@1:            10.5%
Recall@5:            30.8%
Recall@10:           43.6%
Recall@20:           64.9%
GT Recall@5:         26.5%
GT Recall@10:        38.4%
GT Recall@20:        59.3%
Full Coverage@20:    53.6%
MRR:                 20.3%
NDCG@5:              18.4%
NDCG@20:             28.1%
Avg GT Partitions:   1.24
Min/Max GT Parts:    1 / 3
--- Hit Position ---
Avg First Hit:     5.00
Median First Hit:  2.0
--- Latency ---
Avg Latency:       15.75ms
P50 Latency:       14.36ms
P95 Latency:       20.61ms
P99 Latency:       21.20ms
--- FAISS_VOTE_50 ---
Total queries:       1995
Recall@1:            53.9%
Recall@5:            91.3%
Recall@10:           96.6%
Recall@20:           97.0%
GT Recall@5:         85.2%
GT Recall@10:        92.0%
GT Recall@20:        92.5%
Full Coverage@20:    88.0%
MRR:                 68.7%
NDCG@5:              70.2%
NDCG@20:             72.9%
Avg GT Partitions:   1.24
Min/Max GT Parts:    1 / 3
--- Hit Position ---
Avg First Hit:     2.08
Median First Hit:  1.0
--- Latency ---
Avg Latency:       5.98ms
P50 Latency:       5.96ms
P95 Latency:       6.13ms
P99 Latency:       6.17ms
--- FAISS_VOTE_100 ---
Total queries:       1995
Recall@1:            48.4%
Recall@5:            86.6%
Recall@10:           96.8%
Recall@20:           99.0%
GT Recall@5:         80.5%
GT Recall@10:        92.5%
GT Recall@20:        96.3%
Full Coverage@20:    93.5%
MRR:                 64.1%
NDCG@5:              65.1%
NDCG@20:             70.5%
Avg GT Partitions:   1.24
Min/Max GT Parts:    1 / 3
--- Hit Position ---
Avg First Hit:     2.71
Median First Hit:  2.0
--- Latency ---
Avg Latency:       6.06ms
P50 Latency:       6.05ms
P95 Latency:       6.15ms
P99 Latency:       6.19ms
--- FAISS_VOTE_200 ---
Total queries:       1995
Recall@1:            43.6%
Recall@5:            81.7%
Recall@10:           93.9%
Recall@20:           99.3%
GT Recall@5:         75.6%
GT Recall@10:        89.4%
GT Recall@20:        97.0%
Full Coverage@20:    94.6%
MRR:                 59.8%
NDCG@5:              60.3%
NDCG@20:             67.4%
Avg GT Partitions:   1.24
Min/Max GT Parts:    1 / 3
--- Hit Position ---
Avg First Hit:     3.24
Median First Hit:  2.0
--- Latency ---
Avg Latency:       6.24ms
P50 Latency:       6.23ms
P95 Latency:       6.33ms
P99 Latency:       6.37ms
--- MLP ---
Total queries:       1995
Recall@1:            76.5%
Recall@5:            91.3%
Recall@10:           95.1%
Recall@20:           98.5%
GT Recall@5:         84.3%
GT Recall@10:        89.6%
GT Recall@20:        94.8%
Full Coverage@20:    91.2%
MRR:                 83.2%
NDCG@5:              79.8%
NDCG@20:             83.3%
Avg GT Partitions:   1.24
Min/Max GT Parts:    1 / 3
--- Hit Position ---
Avg First Hit:     1.93
Median First Hit:  1.0
--- Latency ---
Avg Latency:       0.31ms
P50 Latency:       0.30ms
P95 Latency:       0.32ms
P99 Latency:       0.33ms
--- MLP_TOPO ---
Total queries:       1995
Recall@1:            73.2%
Recall@5:            90.9%
Recall@10:           95.2%
Recall@20:           97.9%
GT Recall@5:         83.8%
GT Recall@10:        89.4%
GT Recall@20:        94.6%
Full Coverage@20:    91.3%
MRR:                 81.0%
NDCG@5:              78.1%
NDCG@20:             81.7%
Avg GT Partitions:   1.24
Min/Max GT Parts:    1 / 3
--- Hit Position ---
Avg First Hit:     1.96
Median First Hit:  1.0
--- Latency ---
Avg Latency:       0.31ms
P50 Latency:       0.31ms
P95 Latency:       0.35ms
P99 Latency:       0.37ms
--- GIN ---
Total queries:       1995
Recall@1:            30.0%
Recall@5:            67.5%
Recall@10:           82.5%
Recall@20:           93.4%
GT Recall@5:         61.8%
GT Recall@10:        76.8%
GT Recall@20:        88.8%
Full Coverage@20:    84.2%
MRR:                 45.9%
NDCG@5:              46.1%
NDCG@20:             54.6%
Avg GT Partitions:   1.24
Min/Max GT Parts:    1 / 3
--- Hit Position ---
Avg First Hit:     4.28
Median First Hit:  3.0
--- Latency ---
Avg Latency:       1.59ms
P50 Latency:       1.59ms
P95 Latency:       1.61ms
P99 Latency:       1.69ms
--- GCN ---
Total queries:       1995
Recall@1:            41.2%
Recall@5:            78.8%
Recall@10:           89.8%
Recall@20:           96.2%
GT Recall@5:         72.7%
GT Recall@10:        84.0%
GT Recall@20:        92.0%
Full Coverage@20:    87.6%
MRR:                 57.2%
NDCG@5:              57.7%
NDCG@20:             63.9%
Avg GT Partitions:   1.24
Min/Max GT Parts:    1 / 3
--- Hit Position ---
Avg First Hit:     3.31
Median First Hit:  2.0
--- Latency ---
Avg Latency:       1.58ms
P50 Latency:       1.58ms
P95 Latency:       1.60ms
P99 Latency:       1.62ms
--- SAGE ---
Total queries:       1995
Recall@1:            35.3%
Recall@5:            70.9%
Recall@10:           85.4%
Recall@20:           94.7%
GT Recall@5:         65.6%
GT Recall@10:        79.7%
GT Recall@20:        90.5%
Full Coverage@20:    86.3%
MRR:                 51.1%
NDCG@5:              51.2%
NDCG@20:             59.0%
Avg GT Partitions:   1.24
Min/Max GT Parts:    1 / 3
--- Hit Position ---
Avg First Hit:     3.89
Median First Hit:  2.0
--- Latency ---
Avg Latency:       1.58ms
P50 Latency:       1.58ms
P95 Latency:       1.61ms
P99 Latency:       1.64ms
══════════════════════════════════════════════════════════════════════
═══════════════════════════════════════════════════════════════════════════════════════════════
OVERALL SUMMARY (Test Split)
═══════════════════════════════════════════════════════════════════════════════════════════════
Metric            │ Best Method          Score │ Worst Method         Score │      Δ
─────────────────────────────────────────────────────────────────────────────────────────────
recall@1          │ mlp                  76.5% │ colbert_centroid     10.5% │  66.1%
recall@5          │ mlp                  91.3% │ colbert_centroid     30.8% │  60.5%
recall@10         │ faiss_vote_100       96.8% │ colbert_centroid     43.6% │  53.2%
recall@20         │ faiss_vote_200       99.3% │ colbert_centroid     64.9% │  34.4%
gt_recall@5       │ faiss_vote_50        85.2% │ colbert_centroid     26.5% │  58.7%
gt_recall@10      │ faiss_vote_100       92.5% │ colbert_centroid     38.4% │  54.1%
gt_recall@20      │ faiss_vote_200       97.0% │ colbert_centroid     59.3% │  37.7%
precision@1       │ mlp                  76.5% │ colbert_centroid     10.5% │  66.1%
precision@5       │ faiss_vote_50        20.1% │ colbert_centroid      6.3% │  13.8%
ndcg@5            │ mlp                  79.8% │ colbert_centroid     18.4% │  61.4%
ndcg@10           │ mlp                  81.7% │ colbert_centroid     22.5% │  59.2%
ndcg@20           │ mlp                  83.3% │ colbert_centroid     28.1% │  55.2%
mrr               │ mlp                  83.2% │ colbert_centroid     20.3% │  62.9%
full_coverage@20  │ faiss_vote_200       94.6% │ colbert_centroid     53.6% │  41.0%
─────────────────────────────────────────────────────────────────────────────────────────────
AGGREGATE RANKING (avg rank across 14 metrics, lower = better):
🥇 #1 mlp               avg_rank=2.0  (best=1, worst=4)  metric_wins=7/14
🥈 #2 mlp_topo          avg_rank=2.8  (best=2, worst=4)  metric_wins=0/14
🥉 #3 faiss_vote_50     avg_rank=2.9  (best=1, worst=5)  metric_wins=2/14
#4 faiss_vote_100    avg_rank=3.1  (best=1, worst=4)  metric_wins=2/14
#5 faiss_vote_200    avg_rank=4.1  (best=1, worst=5)  metric_wins=3/14
#6 gcn               avg_rank=6.0  (best=6, worst=6)  metric_wins=0/14
#7 sage              avg_rank=7.0  (best=7, worst=7)  metric_wins=0/14
#8 faiss_centroid    avg_rank=8.2  (best=8, worst=9)  metric_wins=0/14
#9 gin               avg_rank=8.8  (best=8, worst=9)  metric_wins=0/14
#10 colbert_centroid  avg_rank=10.0  (best=10, worst=10)  metric_wins=0/14
─────────────────────────────────────────────────────────────────────────────────────────────
LATENCY COMPARISON:
* Note: ColBERT intrinsically includes query text-encoding time.
Other models evaluate via internally pre-encoded vectors.
faiss_centroid    avg=    0.1ms  p95=    0.1ms
colbert_centroid  avg=   15.8ms  p95=   20.6ms  ███████
faiss_vote_50     avg=    6.0ms  p95=    6.1ms  ██
faiss_vote_100    avg=    6.1ms  p95=    6.2ms  ███
faiss_vote_200    avg=    6.2ms  p95=    6.3ms  ███
mlp               avg=    0.3ms  p95=    0.3ms
mlp_topo          avg=    0.3ms  p95=    0.3ms
gin               avg=    1.6ms  p95=    1.6ms
gcn               avg=    1.6ms  p95=    1.6ms
sage              avg=    1.6ms  p95=    1.6ms
═══════════════════════════════════════════════════════════════════════════════════════════════
📄 Full CSV: data/ukb_storage/musique/benchmark_results.csv
INFO:modal_runner:--- 5. ALL BENCHMARKS COMPLETED SUCCESSFULLY ---
==================================================
🎯 FINAL RECALL METRICS (Level 1 & 2)
==================================================
[MUSIQUE]
faiss_centroid: {'train': {'recall@1': 31.74, 'gt_recall@1': 28.28, 'precision@1': 31.74, 'f1@1': 29.42, 'ndcg@1': 31.74, 'recall@3': 55.04, 'gt_recall@3': 49.59, 'precision@3': 19.1, 'f1@3': 27.09, 'ndcg@3': 41.91, 'recall@5': 67.18, 'gt_recall@5': 61.42, 'precision@5': 14.38, 'f1@5': 22.96, 'ndcg@5': 47.03, 'recall@10': 81.64, 'gt_recall@10': 75.92, 'precision@10': 9.06, 'f1@10': 16.02, 'ndcg@10': 52.04, 'recall@20': 93.35, 'gt_recall@20': 89.5, 'precision@20': 5.46, 'f1@20': 10.22, 'ndcg@20': 55.76, 'mrr': 47.36, 'avg_first_hit_pos': 4.24, 'median_first_hit_pos': 2.0, 'full_coverage@20': 85.62, 'avg_gt_partitions': 1.25, 'min_gt_partitions': 1, 'max_gt_partitions': 3, 'median_gt_partitions': 1.0, 'std_gt_partitions': 0.44, 'avg_latency_ms': 0.06, 'p50_latency_ms': 0.06, 'p95_latency_ms': 0.07, 'p99_latency_ms': 0.07, 'total_queries': 13956, 'method': 'faiss_centroid'}, 'val': {'recall@1': 32.36, 'gt_recall@1': 28.86, 'precision@1': 32.36, 'f1@1': 30.02, 'ndcg@1': 32.36, 'recall@3': 55.58, 'gt_recall@3': 49.78, 'precision@3': 19.1, 'f1@3': 27.13, 'ndcg@3': 42.27, 'recall@5': 67.09, 'gt_recall@5': 60.94, 'precision@5': 14.31, 'f1@5': 22.83, 'ndcg@5': 47.14, 'recall@10': 81.59, 'gt_recall@10': 75.81, 'precision@10': 9.08, 'f1@10': 16.05, 'ndcg@10': 52.25, 'recall@20': 93.15, 'gt_recall@20': 89.06, 'precision@20': 5.44, 'f1@20': 10.19, 'ndcg@20': 55.9, 'mrr': 47.83, 'avg_first_hit_pos': 4.17, 'median_first_hit_pos': 2.0, 'full_coverage@20': 84.98, 'avg_gt_partitions': 1.25, 'min_gt_partitions': 1, 'max_gt_partitions': 3, 'median_gt_partitions': 1.0, 'std_gt_partitions': 0.44, 'avg_latency_ms': 0.06, 'p50_latency_ms': 0.06, 'p95_latency_ms': 0.07, 'p99_latency_ms': 0.07, 'total_queries': 3987, 'method': 'faiss_centroid'}, 'test': {'recall@1': 33.13, 'gt_recall@1': 29.96, 'precision@1': 33.13, 'f1@1': 31.01, 'ndcg@1': 33.13, 'recall@3': 56.09, 'gt_recall@3': 50.99, 'precision@3': 19.37, 'f1@3': 27.62, 'ndcg@3': 43.38, 'recall@5': 68.32, 'gt_recall@5': 62.45, 'precision@5': 14.5, 'f1@5': 23.2, 'ndcg@5': 48.37, 'recall@10': 81.0, 'gt_recall@10': 75.27, 'precision@10': 8.96, 'f1@10': 15.85, 'ndcg@10': 52.86, 'recall@20': 93.33, 'gt_recall@20': 89.54, 'precision@20': 5.42, 'f1@20': 10.16, 'ndcg@20': 56.73, 'mrr': 48.56, 'avg_first_hit_pos': 4.19, 'median_first_hit_pos': 2.0, 'full_coverage@20': 85.76, 'avg_gt_partitions': 1.24, 'min_gt_partitions': 1, 'max_gt_partitions': 3, 'median_gt_partitions': 1.0, 'std_gt_partitions': 0.44, 'avg_latency_ms': 0.06, 'p50_latency_ms': 0.06, 'p95_latency_ms': 0.07, 'p99_latency_ms': 0.07, 'total_queries': 1995, 'method': 'faiss_centroid'}}
colbert_centroid: {'train': {'recall@1': 10.63, 'gt_recall@1': 9.31, 'precision@1': 10.63, 'f1@1': 9.75, 'ndcg@1': 10.63, 'recall@3': 22.6, 'gt_recall@3': 19.59, 'precision@3': 7.7, 'f1@3': 10.84, 'ndcg@3': 15.73, 'recall@5': 31.18, 'gt_recall@5': 27.01, 'precision@5': 6.44, 'f1@5': 10.24, 'ndcg@5': 18.93, 'recall@10': 46.5, 'gt_recall@10': 40.68, 'precision@10': 4.92, 'f1@10': 8.68, 'ndcg@10': 23.57, 'recall@20': 66.44, 'gt_recall@20': 60.33, 'precision@20': 3.71, 'f1@20': 6.94, 'ndcg@20': 28.81, 'mrr': 21.01, 'avg_first_hit_pos': 5.0, 'median_first_hit_pos': 2.0, 'full_coverage@20': 54.22, 'avg_gt_partitions': 1.25, 'min_gt_partitions': 1, 'max_gt_partitions': 3, 'median_gt_partitions': 1.0, 'std_gt_partitions': 0.44, 'avg_latency_ms': 15.9, 'p50_latency_ms': 14.38, 'p95_latency_ms': 20.61, 'p99_latency_ms': 21.26, 'total_queries': 13956, 'method': 'colbert_centroid'}, 'val': {'recall@1': 10.63, 'gt_recall@1': 9.26, 'precision@1': 10.63, 'f1@1': 9.71, 'ndcg@1': 10.63, 'recall@3': 21.27, 'gt_recall@3': 18.48, 'precision@3': 7.21, 'f1@3': 10.18, 'ndcg@3': 15.05, 'recall@5': 30.37, 'gt_recall@5': 26.33, 'precision@5': 6.23, 'f1@5': 9.92, 'ndcg@5': 18.43, 'recall@10': 45.97, 'gt_recall@10': 40.29, 'precision@10': 4.87, 'f1@10': 8.6, 'ndcg@10': 23.18, 'recall@20': 67.32, 'gt_recall@20': 61.34, 'precision@20': 3.78, 'f1@20': 7.08, 'ndcg@20': 28.8, 'mrr': 20.73, 'avg_first_hit_pos': 5.22, 'median_first_hit_pos': 3.0, 'full_coverage@20': 55.41, 'avg_gt_partitions': 1.25, 'min_gt_partitions': 1, 'max_gt_partitions': 3, 'median_gt_partitions': 1.0, 'std_gt_partitions': 0.44, 'avg_latency_ms': 15.88, 'p50_latency_ms': 14.41, 'p95_latency_ms': 20.61, 'p99_latency_ms': 21.44, 'total_queries': 3987, 'method': 'colbert_centroid'}, 'test': {'recall@1': 10.48, 'gt_recall@1': 9.24, 'precision@1': 10.48, 'f1@1': 9.65, 'ndcg@1': 10.48, 'recall@3': 21.8, 'gt_recall@3': 18.82, 'precision@3': 7.37, 'f1@3': 10.39, 'ndcg@3': 15.16, 'recall@5': 30.78, 'gt_recall@5': 26.47, 'precision@5': 6.3, 'f1@5': 10.01, 'ndcg@5': 18.43, 'recall@10': 43.61, 'gt_recall@10': 38.41, 'precision@10': 4.65, 'f1@10': 8.2, 'ndcg@10': 22.5, 'recall@20': 64.86, 'gt_recall@20': 59.27, 'precision@20': 3.64, 'f1@20': 6.82, 'ndcg@20': 28.06, 'mrr': 20.29, 'avg_first_hit_pos': 5.0, 'median_first_hit_pos': 2.0, 'full_coverage@20': 53.63, 'avg_gt_partitions': 1.24, 'min_gt_partitions': 1, 'max_gt_partitions': 3, 'median_gt_partitions': 1.0, 'std_gt_partitions': 0.44, 'avg_latency_ms': 15.75, 'p50_latency_ms': 14.36, 'p95_latency_ms': 20.61, 'p99_latency_ms': 21.2, 'total_queries': 1995, 'method': 'colbert_centroid'}}
faiss_vote_50: {'train': {'recall@1': 50.57, 'gt_recall@1': 45.35, 'precision@1': 50.57, 'f1@1': 47.08, 'ndcg@1': 50.57, 'recall@3': 78.37, 'gt_recall@3': 71.87, 'precision@3': 27.75, 'f1@3': 39.34, 'ndcg@3': 62.71, 'recall@5': 89.27, 'gt_recall@5': 83.08, 'precision@5': 19.64, 'f1@5': 31.27, 'ndcg@5': 67.68, 'recall@10': 95.39, 'gt_recall@10': 90.11, 'precision@10': 10.84, 'f1@10': 19.15, 'ndcg@10': 70.26, 'recall@20': 95.94, 'gt_recall@20': 90.83, 'precision@20': 5.48, 'f1@20': 10.27, 'ndcg@20': 70.47, 'mrr': 66.17, 'avg_first_hit_pos': 2.15, 'median_first_hit_pos': 1.0, 'full_coverage@20': 85.71, 'avg_gt_partitions': 1.25, 'min_gt_partitions': 1, 'max_gt_partitions': 3, 'median_gt_partitions': 1.0, 'std_gt_partitions': 0.44, 'avg_latency_ms': 5.98, 'p50_latency_ms': 5.97, 'p95_latency_ms': 6.12, 'p99_latency_ms': 6.21, 'total_queries': 13956, 'method': 'faiss_vote_50'}, 'val': {'recall@1': 51.17, 'gt_recall@1': 45.87, 'precision@1': 51.17, 'f1@1': 47.63, 'ndcg@1': 51.17, 'recall@3': 79.56, 'gt_recall@3': 72.48, 'precision@3': 28.04, 'f1@3': 39.71, 'ndcg@3': 63.36, 'recall@5': 89.94, 'gt_recall@5': 83.47, 'precision@5': 19.79, 'f1@5': 31.49, 'ndcg@5': 68.27, 'recall@10': 95.44, 'gt_recall@10': 90.29, 'precision@10': 10.87, 'f1@10': 19.2, 'ndcg@10': 70.76, 'recall@20': 95.84, 'gt_recall@20': 90.85, 'precision@20': 5.48, 'f1@20': 10.27, 'ndcg@20': 70.94, 'mrr': 66.85, 'avg_first_hit_pos': 2.07, 'median_first_hit_pos': 1.0, 'full_coverage@20': 85.8, 'avg_gt_partitions': 1.25, 'min_gt_partitions': 1, 'max_gt_partitions': 3, 'median_gt_partitions': 1.0, 'std_gt_partitions': 0.44, 'avg_latency_ms': 5.99, 'p50_latency_ms': 5.98, 'p95_latency_ms': 6.07, 'p99_latency_ms': 6.12, 'total_queries': 3987, 'method': 'faiss_vote_50'}, 'test': {'recall@1': 53.88, 'gt_recall@1': 48.69, 'precision@1': 53.88, 'f1@1': 50.42, 'ndcg@1': 53.88, 'recall@3': 80.4, 'gt_recall@3': 73.92, 'precision@3': 28.4, 'f1@3': 40.34, 'ndcg@3': 65.21, 'recall@5': 91.28, 'gt_recall@5': 85.2, 'precision@5': 20.08, 'f1@5': 32.01, 'ndcg@5': 70.23, 'recall@10': 96.59, 'gt_recall@10': 91.95, 'precision@10': 11.04, 'f1@10': 19.51, 'ndcg@10': 72.72, 'recall@20': 96.99, 'gt_recall@20': 92.46, 'precision@20': 5.56, 'f1@20': 10.42, 'ndcg@20': 72.86, 'mrr': 68.69, 'avg_first_hit_pos': 2.08, 'median_first_hit_pos': 1.0, 'full_coverage@20': 87.97, 'avg_gt_partitions': 1.24, 'min_gt_partitions': 1, 'max_gt_partitions': 3, 'median_gt_partitions': 1.0, 'std_gt_partitions': 0.44, 'avg_latency_ms': 5.98, 'p50_latency_ms': 5.96, 'p95_latency_ms': 6.13, 'p99_latency_ms': 6.17, 'total_queries': 1995, 'method': 'faiss_vote_50'}}
faiss_vote_100: {'train': {'recall@1': 46.25, 'gt_recall@1': 41.68, 'precision@1': 46.25, 'f1@1': 43.19, 'ndcg@1': 46.25, 'recall@3': 73.14, 'gt_recall@3': 66.53, 'precision@3': 25.48, 'f1@3': 36.22, 'ndcg@3': 57.87, 'recall@5': 84.72, 'gt_recall@5': 78.45, 'precision@5': 18.45, 'f1@5': 29.42, 'ndcg@5': 63.14, 'recall@10': 95.59, 'gt_recall@10': 91.15, 'precision@10': 11.02, 'f1@10': 19.44, 'ndcg@10': 67.69, 'recall@20': 98.27, 'gt_recall@20': 94.78, 'precision@20': 5.79, 'f1@20': 10.84, 'ndcg@20': 68.76, 'mrr': 62.41, 'avg_first_hit_pos': 2.77, 'median_first_hit_pos': 2.0, 'full_coverage@20': 91.25, 'avg_gt_partitions': 1.25, 'min_gt_partitions': 1, 'max_gt_partitions': 3, 'median_gt_partitions': 1.0, 'std_gt_partitions': 0.44, 'avg_latency_ms': 6.05, 'p50_latency_ms': 6.04, 'p95_latency_ms': 6.14, 'p99_latency_ms': 6.22, 'total_queries': 13956, 'method': 'faiss_vote_100'}, 'val': {'recall@1': 46.28, 'gt_recall@1': 41.6, 'precision@1': 46.28, 'f1@1': 43.15, 'ndcg@1': 46.28, 'recall@3': 73.44, 'gt_recall@3': 66.48, 'precision@3': 25.5, 'f1@3': 36.23, 'ndcg@3': 57.84, 'recall@5': 85.03, 'gt_recall@5': 78.64, 'precision@5': 18.5, 'f1@5': 29.5, 'ndcg@5': 63.2, 'recall@10': 95.91, 'gt_recall@10': 91.17, 'precision@10': 11.02, 'f1@10': 19.45, 'ndcg@10': 67.71, 'recall@20': 98.24, 'gt_recall@20': 94.59, 'precision@20': 5.77, 'f1@20': 10.81, 'ndcg@20': 68.72, 'mrr': 62.58, 'avg_first_hit_pos': 2.72, 'median_first_hit_pos': 2.0, 'full_coverage@20': 90.87, 'avg_gt_partitions': 1.25, 'min_gt_partitions': 1, 'max_gt_partitions': 3, 'median_gt_partitions': 1.0, 'std_gt_partitions': 0.44, 'avg_latency_ms': 6.05, 'p50_latency_ms': 6.04, 'p95_latency_ms': 6.13, 'p99_latency_ms': 6.2, 'total_queries': 3987, 'method': 'faiss_vote_100'}, 'test': {'recall@1': 48.37, 'gt_recall@1': 44.03, 'precision@1': 48.37, 'f1@1': 45.47, 'ndcg@1': 48.37, 'recall@3': 74.14, 'gt_recall@3': 67.67, 'precision@3': 25.73, 'f1@3': 36.69, 'ndcg@3': 59.48, 'recall@5': 86.57, 'gt_recall@5': 80.45, 'precision@5': 18.81, 'f1@5': 30.04, 'ndcg@5': 65.1, 'recall@10': 96.79, 'gt_recall@10': 92.47, 'precision@10': 11.11, 'f1@10': 19.63, 'ndcg@10': 69.42, 'recall@20': 99.05, 'gt_recall@20': 96.29, 'precision@20': 5.86, 'f1@20': 10.97, 'ndcg@20': 70.55, 'mrr': 64.11, 'avg_first_hit_pos': 2.71, 'median_first_hit_pos': 2.0, 'full_coverage@20': 93.48, 'avg_gt_partitions': 1.24, 'min_gt_partitions': 1, 'max_gt_partitions': 3, 'median_gt_partitions': 1.0, 'std_gt_partitions': 0.44, 'avg_latency_ms': 6.06, 'p50_latency_ms': 6.05, 'p95_latency_ms': 6.15, 'p99_latency_ms': 6.19, 'total_queries': 1995, 'method': 'faiss_vote_100'}}
faiss_vote_200: {'train': {'recall@1': 42.4, 'gt_recall@1': 38.23, 'precision@1': 42.4, 'f1@1': 39.61, 'ndcg@1': 42.4, 'recall@3': 69.47, 'gt_recall@3': 63.18, 'precision@3': 24.09, 'f1@3': 34.31, 'ndcg@3': 54.35, 'recall@5': 81.01, 'gt_recall@5': 74.62, 'precision@5': 17.45, 'f1@5': 27.87, 'ndcg@5': 59.38, 'recall@10': 93.26, 'gt_recall@10': 88.55, 'precision@10': 10.66, 'f1@10': 18.82, 'ndcg@10': 64.29, 'recall@20': 98.88, 'gt_recall@20': 96.49, 'precision@20': 5.94, 'f1@20': 11.11, 'ndcg@20': 66.59, 'mrr': 59.02, 'avg_first_hit_pos': 3.28, 'median_first_hit_pos': 2.0, 'full_coverage@20': 94.05, 'avg_gt_partitions': 1.25, 'min_gt_partitions': 1, 'max_gt_partitions': 3, 'median_gt_partitions': 1.0, 'std_gt_partitions': 0.44, 'avg_latency_ms': 6.24, 'p50_latency_ms': 6.23, 'p95_latency_ms': 6.35, 'p99_latency_ms': 6.41, 'total_queries': 13956, 'method': 'faiss_vote_200'}, 'val': {'recall@1': 42.81, 'gt_recall@1': 38.39, 'precision@1': 42.81, 'f1@1': 39.85, 'ndcg@1': 42.81, 'recall@3': 70.1, 'gt_recall@3': 63.5, 'precision@3': 24.28, 'f1@3': 34.54, 'ndcg@3': 54.74, 'recall@5': 81.04, 'gt_recall@5': 74.11, 'precision@5': 17.28, 'f1@5': 27.61, 'ndcg@5': 59.37, 'recall@10': 93.3, 'gt_recall@10': 88.04, 'precision@10': 10.58, 'f1@10': 18.69, 'ndcg@10': 64.31, 'recall@20': 98.95, 'gt_recall@20': 96.17, 'precision@20': 5.91, 'f1@20': 11.06, 'ndcg@20': 66.66, 'mrr': 59.5, 'avg_first_hit_pos': 3.26, 'median_first_hit_pos': 2.0, 'full_coverage@20': 93.3, 'avg_gt_partitions': 1.25, 'min_gt_partitions': 1, 'max_gt_partitions': 3, 'median_gt_partitions': 1.0, 'std_gt_partitions': 0.44, 'avg_latency_ms': 6.23, 'p50_latency_ms': 6.22, 'p95_latency_ms': 6.33, 'p99_latency_ms': 6.41, 'total_queries': 3987, 'method': 'faiss_vote_200'}, 'test': {'recall@1': 43.61, 'gt_recall@1': 39.72, 'precision@1': 43.61, 'f1@1': 41.01, 'ndcg@1': 43.61, 'recall@3': 69.77, 'gt_recall@3': 63.8, 'precision@3': 24.14, 'f1@3': 34.48, 'ndcg@3': 55.16, 'recall@5': 81.7, 'gt_recall@5': 75.56, 'precision@5': 17.49, 'f1@5': 28.01, 'ndcg@5': 60.31, 'recall@10': 93.93, 'gt_recall@10': 89.36, 'precision@10': 10.72, 'f1@10': 18.94, 'ndcg@10': 65.22, 'recall@20': 99.3, 'gt_recall@20': 96.98, 'precision@20': 5.92, 'f1@20': 11.09, 'ndcg@20': 67.4, 'mrr': 59.79, 'avg_first_hit_pos': 3.24, 'median_first_hit_pos': 2.0, 'full_coverage@20': 94.64, 'avg_gt_partitions': 1.24, 'min_gt_partitions': 1, 'max_gt_partitions': 3, 'median_gt_partitions': 1.0, 'std_gt_partitions': 0.44, 'avg_latency_ms': 6.24, 'p50_latency_ms': 6.23, 'p95_latency_ms': 6.33, 'p99_latency_ms': 6.37, 'total_queries': 1995, 'method': 'faiss_vote_200'}}
mlp: {'train': {'recall@1': 96.9, 'gt_recall@1': 85.38, 'precision@1': 96.9, 'f1@1': 89.19, 'ndcg@1': 96.9, 'recall@3': 99.51, 'gt_recall@3': 90.41, 'precision@3': 35.2, 'f1@3': 49.74, 'ndcg@3': 91.45, 'recall@5': 99.81, 'gt_recall@5': 92.06, 'precision@5': 21.77, 'f1@5': 34.67, 'ndcg@5': 92.28, 'recall@10': 99.96, 'gt_recall@10': 94.17, 'precision@10': 11.3, 'f1@10': 19.97, 'ndcg@10': 93.12, 'recall@20': 99.99, 'gt_recall@20': 96.74, 'precision@20': 5.91, 'f1@20': 11.07, 'ndcg@20': 93.91, 'mrr': 98.21, 'avg_first_hit_pos': 1.05, 'median_first_hit_pos': 1.0, 'full_coverage@20': 93.47, 'avg_gt_partitions': 1.25, 'min_gt_partitions': 1, 'max_gt_partitions': 3, 'median_gt_partitions': 1.0, 'std_gt_partitions': 0.44, 'avg_latency_ms': 0.31, 'p50_latency_ms': 0.3, 'p95_latency_ms': 0.32, 'p99_latency_ms': 0.33, 'total_queries': 13956, 'method': 'mlp'}, 'val': {'recall@1': 74.57, 'gt_recall@1': 67.11, 'precision@1': 74.57, 'f1@1': 69.59, 'ndcg@1': 74.57, 'recall@3': 87.01, 'gt_recall@3': 78.94, 'precision@3': 30.06, 'f1@3': 42.83, 'ndcg@3': 76.29, 'recall@5': 91.1, 'gt_recall@5': 83.58, 'precision@5': 19.37, 'f1@5': 31.01, 'ndcg@5': 78.39, 'recall@10': 95.36, 'gt_recall@10': 89.25, 'precision@10': 10.61, 'f1@10': 18.77, 'ndcg@10': 80.48, 'recall@20': 98.14, 'gt_recall@20': 94.43, 'precision@20': 5.75, 'f1@20': 10.78, 'ndcg@20': 82.02, 'mrr': 81.9, 'avg_first_hit_pos': 1.94, 'median_first_hit_pos': 1.0, 'full_coverage@20': 90.67, 'avg_gt_partitions': 1.25, 'min_gt_partitions': 1, 'max_gt_partitions': 3, 'median_gt_partitions': 1.0, 'std_gt_partitions': 0.44, 'avg_latency_ms': 0.31, 'p50_latency_ms': 0.3, 'p95_latency_ms': 0.32, 'p99_latency_ms': 0.33, 'total_queries': 3987, 'method': 'mlp'}, 'test': {'recall@1': 76.54, 'gt_recall@1': 69.26, 'precision@1': 76.54, 'f1@1': 71.68, 'ndcg@1': 76.54, 'recall@3': 88.32, 'gt_recall@3': 80.71, 'precision@3': 30.71, 'f1@3': 43.77, 'ndcg@3': 78.14, 'recall@5': 91.33, 'gt_recall@5': 84.3, 'precision@5': 19.5, 'f1@5': 31.23, 'ndcg@5': 79.78, 'recall@10': 95.14, 'gt_recall@10': 89.59, 'precision@10': 10.58, 'f1@10': 18.74, 'ndcg@10': 81.72, 'recall@20': 98.45, 'gt_recall@20': 94.81, 'precision@20': 5.74, 'f1@20': 10.75, 'ndcg@20': 83.26, 'mrr': 83.17, 'avg_first_hit_pos': 1.93, 'median_first_hit_pos': 1.0, 'full_coverage@20': 91.18, 'avg_gt_partitions': 1.24, 'min_gt_partitions': 1, 'max_gt_partitions': 3, 'median_gt_partitions': 1.0, 'std_gt_partitions': 0.44, 'avg_latency_ms': 0.31, 'p50_latency_ms': 0.3, 'p95_latency_ms': 0.32, 'p99_latency_ms': 0.33, 'total_queries': 1995, 'method': 'mlp'}}
mlp_topo: {'train': {'recall@1': 91.19, 'gt_recall@1': 80.81, 'precision@1': 91.19, 'f1@1': 84.25, 'ndcg@1': 91.19, 'recall@3': 97.36, 'gt_recall@3': 88.61, 'precision@3': 34.41, 'f1@3': 48.67, 'ndcg@3': 88.33, 'recall@5': 98.82, 'gt_recall@5': 91.26, 'precision@5': 21.55, 'f1@5': 34.34, 'ndcg@5': 89.6, 'recall@10': 99.65, 'gt_recall@10': 93.97, 'precision@10': 11.28, 'f1@10': 19.93, 'ndcg@10': 90.65, 'recall@20': 99.92, 'gt_recall@20': 96.7, 'precision@20': 5.91, 'f1@20': 11.07, 'ndcg@20': 91.49, 'mrr': 94.48, 'avg_first_hit_pos': 1.22, 'median_first_hit_pos': 1.0, 'full_coverage@20': 93.42, 'avg_gt_partitions': 1.25, 'min_gt_partitions': 1, 'max_gt_partitions': 3, 'median_gt_partitions': 1.0, 'std_gt_partitions': 0.44, 'avg_latency_ms': 0.31, 'p50_latency_ms': 0.31, 'p95_latency_ms': 0.35, 'p99_latency_ms': 0.38, 'total_queries': 13956, 'method': 'mlp_topo'}, 'val': {'recall@1': 72.66, 'gt_recall@1': 65.35, 'precision@1': 72.66, 'f1@1': 67.78, 'ndcg@1': 72.66, 'recall@3': 85.65, 'gt_recall@3': 77.92, 'precision@3': 29.63, 'f1@3': 42.24, 'ndcg@3': 74.8, 'recall@5': 90.24, 'gt_recall@5': 83.06, 'precision@5': 19.28, 'f1@5': 30.85, 'ndcg@5': 77.15, 'recall@10': 95.16, 'gt_recall@10': 89.3, 'precision@10': 10.63, 'f1@10': 18.81, 'ndcg@10': 79.44, 'recall@20': 98.24, 'gt_recall@20': 94.52, 'precision@20': 5.76, 'f1@20': 10.8, 'ndcg@20': 80.97, 'mrr': 80.34, 'avg_first_hit_pos': 2.06, 'median_first_hit_pos': 1.0, 'full_coverage@20': 90.77, 'avg_gt_partitions': 1.25, 'min_gt_partitions': 1, 'max_gt_partitions': 3, 'median_gt_partitions': 1.0, 'std_gt_partitions': 0.44, 'avg_latency_ms': 0.31, 'p50_latency_ms': 0.31, 'p95_latency_ms': 0.35, 'p99_latency_ms': 0.38, 'total_queries': 3987, 'method': 'mlp_topo'}, 'test': {'recall@1': 73.23, 'gt_recall@1': 66.46, 'precision@1': 73.23, 'f1@1': 68.71, 'ndcg@1': 73.23, 'recall@3': 86.87, 'gt_recall@3': 79.63, 'precision@3': 30.08, 'f1@3': 42.99, 'ndcg@3': 76.2, 'recall@5': 90.93, 'gt_recall@5': 83.76, 'precision@5': 19.35, 'f1@5': 31.0, 'ndcg@5': 78.13, 'recall@10': 95.19, 'gt_recall@10': 89.44, 'precision@10': 10.58, 'f1@10': 18.74, 'ndcg@10': 80.23, 'recall@20': 97.89, 'gt_recall@20': 94.62, 'precision@20': 5.73, 'f1@20': 10.75, 'ndcg@20': 81.74, 'mrr': 81.01, 'avg_first_hit_pos': 1.96, 'median_first_hit_pos': 1.0, 'full_coverage@20': 91.33, 'avg_gt_partitions': 1.24, 'min_gt_partitions': 1, 'max_gt_partitions': 3, 'median_gt_partitions': 1.0, 'std_gt_partitions': 0.44, 'avg_latency_ms': 0.31, 'p50_latency_ms': 0.31, 'p95_latency_ms': 0.35, 'p99_latency_ms': 0.37, 'total_queries': 1995, 'method': 'mlp_topo'}}
gin: {'train': {'recall@1': 31.64, 'gt_recall@1': 28.29, 'precision@1': 31.64, 'f1@1': 29.41, 'ndcg@1': 31.64, 'recall@3': 56.0, 'gt_recall@3': 50.67, 'precision@3': 19.34, 'f1@3': 27.54, 'ndcg@3': 42.46, 'recall@5': 68.76, 'gt_recall@5': 62.73, 'precision@5': 14.6, 'f1@5': 23.35, 'ndcg@5': 47.68, 'recall@10': 83.66, 'gt_recall@10': 77.62, 'precision@10': 9.2, 'f1@10': 16.29, 'ndcg@10': 52.82, 'recall@20': 94.68, 'gt_recall@20': 90.19, 'precision@20': 5.47, 'f1@20': 10.25, 'ndcg@20': 56.29, 'mrr': 47.86, 'avg_first_hit_pos': 4.21, 'median_first_hit_pos': 2.0, 'full_coverage@20': 85.68, 'avg_gt_partitions': 1.25, 'min_gt_partitions': 1, 'max_gt_partitions': 3, 'median_gt_partitions': 1.0, 'std_gt_partitions': 0.44, 'avg_latency_ms': 1.58, 'p50_latency_ms': 1.58, 'p95_latency_ms': 1.61, 'p99_latency_ms': 1.62, 'total_queries': 13956, 'method': 'gin'}, 'val': {'recall@1': 29.14, 'gt_recall@1': 26.05, 'precision@1': 29.14, 'f1@1': 27.08, 'ndcg@1': 29.14, 'recall@3': 52.47, 'gt_recall@3': 47.27, 'precision@3': 18.08, 'f1@3': 25.72, 'ndcg@3': 39.44, 'recall@5': 65.29, 'gt_recall@5': 59.56, 'precision@5': 13.88, 'f1@5': 22.19, 'ndcg@5': 44.74, 'recall@10': 80.41, 'gt_recall@10': 74.39, 'precision@10': 8.85, 'f1@10': 15.65, 'ndcg@10': 49.85, 'recall@20': 93.1, 'gt_recall@20': 88.43, 'precision@20': 5.37, 'f1@20': 10.06, 'ndcg@20': 53.69, 'mrr': 44.99, 'avg_first_hit_pos': 4.47, 'median_first_hit_pos': 3.0, 'full_coverage@20': 83.82, 'avg_gt_partitions': 1.25, 'min_gt_partitions': 1, 'max_gt_partitions': 3, 'median_gt_partitions': 1.0, 'std_gt_partitions': 0.44, 'avg_latency_ms': 1.58, 'p50_latency_ms': 1.58, 'p95_latency_ms': 1.6, 'p99_latency_ms': 1.61, 'total_queries': 3987, 'method': 'gin'}, 'test': {'recall@1': 29.97, 'gt_recall@1': 26.91, 'precision@1': 29.97, 'f1@1': 27.93, 'ndcg@1': 29.97, 'recall@3': 53.53, 'gt_recall@3': 48.5, 'precision@3': 18.36, 'f1@3': 26.22, 'ndcg@3': 40.43, 'recall@5': 67.47, 'gt_recall@5': 61.78, 'precision@5': 14.21, 'f1@5': 22.79, 'ndcg@5': 46.13, 'recall@10': 82.51, 'gt_recall@10': 76.83, 'precision@10': 9.04, 'f1@10': 16.02, 'ndcg@10': 51.31, 'recall@20': 93.38, 'gt_recall@20': 88.76, 'precision@20': 5.34, 'f1@20': 10.01, 'ndcg@20': 54.58, 'mrr': 45.92, 'avg_first_hit_pos': 4.28, 'median_first_hit_pos': 3.0, 'full_coverage@20': 84.16, 'avg_gt_partitions': 1.24, 'min_gt_partitions': 1, 'max_gt_partitions': 3, 'median_gt_partitions': 1.0, 'std_gt_partitions': 0.44, 'avg_latency_ms': 1.59, 'p50_latency_ms': 1.59, 'p95_latency_ms': 1.61, 'p99_latency_ms': 1.69, 'total_queries': 1995, 'method': 'gin'}}
gcn: {'train': {'recall@1': 50.06, 'gt_recall@1': 44.82, 'precision@1': 50.06, 'f1@1': 46.56, 'ndcg@1': 50.06, 'recall@3': 77.29, 'gt_recall@3': 70.15, 'precision@3': 26.83, 'f1@3': 38.16, 'ndcg@3': 61.4, 'recall@5': 86.76, 'gt_recall@5': 79.79, 'precision@5': 18.59, 'f1@5': 29.71, 'ndcg@5': 65.65, 'recall@10': 95.18, 'gt_recall@10': 89.35, 'precision@10': 10.66, 'f1@10': 18.85, 'ndcg@10': 69.08, 'recall@20': 98.89, 'gt_recall@20': 95.53, 'precision@20': 5.83, 'f1@20': 10.92, 'ndcg@20': 70.88, 'mrr': 65.63, 'avg_first_hit_pos': 2.71, 'median_first_hit_pos': 1.0, 'full_coverage@20': 92.14, 'avg_gt_partitions': 1.25, 'min_gt_partitions': 1, 'max_gt_partitions': 3, 'median_gt_partitions': 1.0, 'std_gt_partitions': 0.44, 'avg_latency_ms': 1.58, 'p50_latency_ms': 1.58, 'p95_latency_ms': 1.61, 'p99_latency_ms': 1.64, 'total_queries': 13956, 'method': 'gcn'}, 'val': {'recall@1': 41.59, 'gt_recall@1': 37.53, 'precision@1': 41.59, 'f1@1': 38.87, 'ndcg@1': 41.59, 'recall@3': 67.09, 'gt_recall@3': 61.11, 'precision@3': 23.16, 'f1@3': 33.06, 'ndcg@3': 52.71, 'recall@5': 78.53, 'gt_recall@5': 71.98, 'precision@5': 16.59, 'f1@5': 26.6, 'ndcg@5': 57.44, 'recall@10': 90.17, 'gt_recall@10': 84.01, 'precision@10': 9.94, 'f1@10': 17.6, 'ndcg@10': 61.68, 'recall@20': 96.81, 'gt_recall@20': 92.78, 'precision@20': 5.65, 'f1@20': 10.58, 'ndcg@20': 64.18, 'mrr': 57.43, 'avg_first_hit_pos': 3.38, 'median_first_hit_pos': 2.0, 'full_coverage@20': 88.76, 'avg_gt_partitions': 1.25, 'min_gt_partitions': 1, 'max_gt_partitions': 3, 'median_gt_partitions': 1.0, 'std_gt_partitions': 0.44, 'avg_latency_ms': 1.58, 'p50_latency_ms': 1.57, 'p95_latency_ms': 1.6, 'p99_latency_ms': 1.62, 'total_queries': 3987, 'method': 'gcn'}, 'test': {'recall@1': 41.25, 'gt_recall@1': 37.44, 'precision@1': 41.25, 'f1@1': 38.71, 'ndcg@1': 41.25, 'recall@3': 66.17, 'gt_recall@3': 60.74, 'precision@3': 22.82, 'f1@3': 32.68, 'ndcg@3': 52.5, 'recall@5': 78.8, 'gt_recall@5': 72.65, 'precision@5': 16.67, 'f1@5': 26.76, 'ndcg@5': 57.69, 'recall@10': 89.77, 'gt_recall@10': 84.02, 'precision@10': 9.88, 'f1@10': 17.51, 'ndcg@10': 61.69, 'recall@20': 96.24, 'gt_recall@20': 91.95, 'precision@20': 5.54, 'f1@20': 10.39, 'ndcg@20': 63.94, 'mrr': 57.22, 'avg_first_hit_pos': 3.31, 'median_first_hit_pos': 2.0, 'full_coverage@20': 87.62, 'avg_gt_partitions': 1.24, 'min_gt_partitions': 1, 'max_gt_partitions': 3, 'median_gt_partitions': 1.0, 'std_gt_partitions': 0.44, 'avg_latency_ms': 1.58, 'p50_latency_ms': 1.58, 'p95_latency_ms': 1.6, 'p99_latency_ms': 1.62, 'total_queries': 1995, 'method': 'gcn'}}
sage: {'train': {'recall@1': 38.12, 'gt_recall@1': 34.23, 'precision@1': 38.12, 'f1@1': 35.52, 'ndcg@1': 38.12, 'recall@3': 62.32, 'gt_recall@3': 56.47, 'precision@3': 21.6, 'f1@3': 30.72, 'ndcg@3': 48.54, 'recall@5': 75.09, 'gt_recall@5': 68.81, 'precision@5': 15.98, 'f1@5': 25.56, 'ndcg@5': 53.88, 'recall@10': 88.2, 'gt_recall@10': 82.14, 'precision@10': 9.74, 'f1@10': 17.24, 'ndcg@10': 58.52, 'recall@20': 96.45, 'gt_recall@20': 92.55, 'precision@20': 5.63, 'f1@20': 10.54, 'ndcg@20': 61.44, 'mrr': 53.91, 'avg_first_hit_pos': 3.72, 'median_first_hit_pos': 2.0, 'full_coverage@20': 88.62, 'avg_gt_partitions': 1.25, 'min_gt_partitions': 1, 'max_gt_partitions': 3, 'median_gt_partitions': 1.0, 'std_gt_partitions': 0.44, 'avg_latency_ms': 1.58, 'p50_latency_ms': 1.58, 'p95_latency_ms': 1.6, 'p99_latency_ms': 1.62, 'total_queries': 13956, 'method': 'sage'}, 'val': {'recall@1': 33.96, 'gt_recall@1': 30.62, 'precision@1': 33.96, 'f1@1': 31.73, 'ndcg@1': 33.96, 'recall@3': 58.04, 'gt_recall@3': 52.42, 'precision@3': 19.88, 'f1@3': 28.37, 'ndcg@3': 44.47, 'recall@5': 70.2, 'gt_recall@5': 63.72, 'precision@5': 14.72, 'f1@5': 23.59, 'ndcg@5': 49.37, 'recall@10': 84.88, 'gt_recall@10': 78.38, 'precision@10': 9.27, 'f1@10': 16.42, 'ndcg@10': 54.47, 'recall@20': 94.71, 'gt_recall@20': 90.51, 'precision@20': 5.5, 'f1@20': 10.31, 'ndcg@20': 57.84, 'mrr': 49.85, 'avg_first_hit_pos': 4.0, 'median_first_hit_pos': 2.0, 'full_coverage@20': 86.28, 'avg_gt_partitions': 1.25, 'min_gt_partitions': 1, 'max_gt_partitions': 3, 'median_gt_partitions': 1.0, 'std_gt_partitions': 0.44, 'avg_latency_ms': 1.58, 'p50_latency_ms': 1.58, 'p95_latency_ms': 1.61, 'p99_latency_ms': 1.65, 'total_queries': 3987, 'method': 'sage'}, 'test': {'recall@1': 35.29, 'gt_recall@1': 32.15, 'precision@1': 35.29, 'f1@1': 33.19, 'ndcg@1': 35.29, 'recall@3': 58.75, 'gt_recall@3': 54.0, 'precision@3': 20.3, 'f1@3': 29.06, 'ndcg@3': 46.12, 'recall@5': 70.88, 'gt_recall@5': 65.62, 'precision@5': 15.07, 'f1@5': 24.18, 'ndcg@5': 51.16, 'recall@10': 85.36, 'gt_recall@10': 79.71, 'precision@10': 9.34, 'f1@10': 16.57, 'ndcg@10': 56.05, 'recall@20': 94.69, 'gt_recall@20': 90.47, 'precision@20': 5.44, 'f1@20': 10.2, 'ndcg@20': 59.05, 'mrr': 51.08, 'avg_first_hit_pos': 3.89, 'median_first_hit_pos': 2.0, 'full_coverage@20': 86.27, 'avg_gt_partitions': 1.24, 'min_gt_partitions': 1, 'max_gt_partitions': 3, 'median_gt_partitions': 1.0, 'std_gt_partitions': 0.44, 'avg_latency_ms': 1.58, 'p50_latency_ms': 1.58, 'p95_latency_ms': 1.61, 'p99_latency_ms': 1.64, 'total_queries': 1995, 'method': 'sage'}}
==================================================
📦 Syncing trained models and results from Modal Volume...
✅ Sync complete.
Stopping app - local entrypoint completed.
✓ App completed. View run at
