✓ Initialized. View run at
https://modal.com/apps/darkphoenix696969696969/main/ap-ecrgnPmBmhsGj1CjKoqQQg
🚀 Pushing C-RAG Ablation tests to Modal cloud (A10G GPU). Dataset=all...
⏳ Ensuring your local database is completely synced UP to the Modal Volume prior to launch...
⬆️ Pushing local data/ukb_storage/squad -> Cloud Volume /data/ukb_storage/squad
⬆️ Pushing local data/ukb_storage/metaqa -> Cloud Volume /data/ukb_storage/metaqa
⬆️ Pushing local data/ukb_storage/musique -> Cloud Volume /data/ukb_storage/musique
⬆️ Pushing local data/ukb_storage/2wiki -> Cloud Volume /data/ukb_storage/2wiki
⬆️ Pushing local data/processed -> Cloud Volume /data/processed
✅ Upward Volume Synchronization complete.
2026-04-03 17:49:27,190 INFO Symlinked /root/CRAG/data -> /root/CRAG/storage/data
2026-04-03 17:49:27,191 INFO Symlinked /root/CRAG/checkpoints -> /root/CRAG/storage/checkpoints
2026-04-03 17:49:27,192 INFO Symlinked /root/CRAG/results -> /root/CRAG/storage/results
2026-04-03 17:49:27,210 INFO Loading faiss with AVX2 support.
2026-04-03 17:49:27,210 INFO Could not load library with AVX2 support due to:
ModuleNotFoundError("No module named 'faiss.swigfaiss_avx2'")
2026-04-03 17:49:27,210 INFO Loading faiss.
2026-04-03 17:49:27,500 INFO Successfully loaded faiss.
2026-04-03 17:49:34,775 INFO ========== CLOUD ABLATION TARGET: SQUAD ==========
2026-04-03 17:49:34,775 INFO --> Ensuring info_nce_single model is trained...
2026-04-03 17:49:34,775 INFO Model missing. Triggering training engine for info_nce_single...
2026-04-03 17:49:34,783 INFO Loading data for squad | Target Loss Engine: info_nce_single
2026-04-03 17:49:45,867 INFO Load pretrained SentenceTransformer: multi-qa-MiniLM-L6-cos-v1
2026-04-03 17:49:48,612 INFO Split squad: 91223 train / 26063 val / 13033 test
2026-04-03 17:49:48,702 INFO Pre-encoding 91223 squad [train] query-GT pairs...
Batches:   1%|          | 29/2851 [00:00<00:42, 66.84it/s]
Batches:   2%|▏         | 45/2851 [00:00<00:30, 92.66it/s]
Batches:   2%|▏         | 61/2851 [00:00<00:25, 111.48it/s]
Batches:   3%|▎         | 77/2851 [00:00<00:22, 125.11it/s]
Batches:   3%|▎         | 94/2851 [00:01<00:20, 136.33it/s]
Batches:   4%|▍         | 111/2851 [00:01<00:18, 145.72it/s]
Batches:   4%|▍         | 128/2851 [00:01<00:18, 150.52it/s]
Batches:   5%|▌         | 145/2851 [00:01<00:17, 154.52it/s]
Batches:   6%|▌         | 162/2851 [00:01<00:17, 158.17it/s]
Batches:   6%|▋         | 179/2851 [00:01<00:16, 160.07it/s]
Batches:   7%|▋         | 196/2851 [00:01<00:16, 160.62it/s]
Batches:   7%|▋         | 213/2851 [00:01<00:16, 161.71it/s]
Batches:   8%|▊         | 230/2851 [00:01<00:15, 164.05it/s]
Batches:   9%|▊         | 247/2851 [00:01<00:15, 164.01it/s]
Batches:   9%|▉         | 264/2851 [00:02<00:15, 164.06it/s]
Batches:  10%|▉         | 281/2851 [00:02<00:15, 164.89it/s]
Batches:  10%|█         | 298/2851 [00:02<00:15, 165.98it/s]
Batches:  11%|█         | 315/2851 [00:02<00:15, 166.29it/s]
Batches:  12%|█▏        | 332/2851 [00:02<00:15, 167.19it/s]
Batches:  12%|█▏        | 349/2851 [00:02<00:15, 166.37it/s]
Batches:  13%|█▎        | 366/2851 [00:02<00:14, 166.63it/s]
Batches:  13%|█▎        | 383/2851 [00:02<00:14, 165.19it/s]
Batches:  14%|█▍        | 400/2851 [00:02<00:14, 166.19it/s]
Batches:  15%|█▍        | 418/2851 [00:02<00:14, 167.31it/s]
Batches:  15%|█▌        | 435/2851 [00:03<00:14, 166.64it/s]
Batches:  16%|█▌        | 452/2851 [00:03<00:14, 166.95it/s]
Batches:  16%|█▋        | 469/2851 [00:03<00:14, 167.69it/s]
Batches:  17%|█▋        | 486/2851 [00:03<00:14, 167.15it/s]
Batches:  18%|█▊        | 503/2851 [00:03<00:14, 165.83it/s]
Batches:  18%|█▊        | 520/2851 [00:03<00:14, 166.37it/s]
Batches:  19%|█▉        | 537/2851 [00:03<00:13, 166.11it/s]
Batches:  19%|█▉        | 554/2851 [00:03<00:13, 166.62it/s]
Batches:  20%|██        | 571/2851 [00:03<00:13, 165.74it/s]
Batches:  21%|██        | 588/2851 [00:03<00:13, 165.76it/s]
Batches:  21%|██        | 605/2851 [00:04<00:13, 165.40it/s]
Batches:  22%|██▏       | 622/2851 [00:04<00:13, 165.56it/s]
Batches:  22%|██▏       | 640/2851 [00:04<00:13, 167.58it/s]
Batches:  23%|██▎       | 657/2851 [00:04<00:13, 167.37it/s]
Batches:  24%|██▎       | 674/2851 [00:04<00:12, 167.56it/s]
Batches:  24%|██▍       | 691/2851 [00:04<00:12, 166.91it/s]
Batches:  25%|██▍       | 708/2851 [00:04<00:12, 165.45it/s]
Batches:  25%|██▌       | 725/2851 [00:04<00:12, 166.42it/s]
Batches:  26%|██▌       | 742/2851 [00:04<00:12, 166.27it/s]
Batches:  27%|██▋       | 759/2851 [00:05<00:12, 166.57it/s]
Batches:  27%|██▋       | 776/2851 [00:05<00:12, 167.03it/s]
Batches:  28%|██▊       | 793/2851 [00:05<00:12, 167.75it/s]
Batches:  28%|██▊       | 811/2851 [00:05<00:12, 168.72it/s]
Batches:  29%|██▉       | 829/2851 [00:05<00:11, 169.69it/s]
Batches:  30%|██▉       | 846/2851 [00:05<00:11, 168.15it/s]
Batches:  30%|███       | 863/2851 [00:05<00:11, 168.44it/s]
Batches:  31%|███       | 880/2851 [00:05<00:11, 168.76it/s]
Batches:  31%|███▏      | 898/2851 [00:05<00:11, 169.69it/s]
Batches:  32%|███▏      | 915/2851 [00:05<00:11, 169.43it/s]
Batches:  33%|███▎      | 932/2851 [00:06<00:11, 169.54it/s]
Batches:  33%|███▎      | 950/2851 [00:06<00:11, 170.74it/s]
Batches:  34%|███▍      | 968/2851 [00:06<00:11, 170.63it/s]
Batches:  35%|███▍      | 986/2851 [00:06<00:10, 170.48it/s]
Batches:  35%|███▌      | 1004/2851 [00:06<00:10, 169.96it/s]
Batches:  36%|███▌      | 1021/2851 [00:06<00:10, 168.29it/s]
Batches:  36%|███▋      | 1038/2851 [00:06<00:10, 167.17it/s]
Batches:  37%|███▋      | 1055/2851 [00:06<00:10, 167.46it/s]
Batches:  38%|███▊      | 1072/2851 [00:06<00:10, 167.05it/s]
Batches:  38%|███▊      | 1089/2851 [00:06<00:10, 167.47it/s]
Batches:  39%|███▉      | 1107/2851 [00:07<00:10, 168.59it/s]
Batches:  39%|███▉      | 1124/2851 [00:07<00:10, 168.04it/s]
Batches:  40%|████      | 1141/2851 [00:07<00:10, 168.09it/s]
Batches:  41%|████      | 1158/2851 [00:07<00:10, 167.97it/s]
Batches:  41%|████      | 1175/2851 [00:07<00:10, 166.43it/s]
Batches:  42%|████▏     | 1192/2851 [00:07<00:09, 166.30it/s]
Batches:  42%|████▏     | 1209/2851 [00:07<00:09, 165.80it/s]
Batches:  43%|████▎     | 1226/2851 [00:07<00:09, 164.77it/s]
Batches:  44%|████▎     | 1243/2851 [00:07<00:09, 165.90it/s]
Batches:  44%|████▍     | 1260/2851 [00:07<00:09, 166.46it/s]
Batches:  45%|████▍     | 1277/2851 [00:08<00:09, 167.29it/s]
Batches:  45%|████▌     | 1295/2851 [00:08<00:09, 170.24it/s]
Batches:  46%|████▌     | 1313/2851 [00:08<00:08, 171.25it/s]
Batches:  47%|████▋     | 1331/2851 [00:08<00:08, 173.64it/s]
Batches:  47%|████▋     | 1349/2851 [00:08<00:08, 174.85it/s]
Batches:  48%|████▊     | 1367/2851 [00:08<00:08, 172.82it/s]
Batches:  49%|████▊     | 1385/2851 [00:08<00:08, 173.00it/s]
Batches:  49%|████▉     | 1403/2851 [00:08<00:08, 173.31it/s]
Batches:  50%|████▉     | 1421/2851 [00:08<00:08, 174.42it/s]
Batches:  50%|█████     | 1439/2851 [00:09<00:08, 174.35it/s]
Batches:  51%|█████     | 1457/2851 [00:09<00:07, 174.38it/s]
Batches:  52%|█████▏    | 1475/2851 [00:09<00:07, 174.16it/s]
Batches:  52%|█████▏    | 1493/2851 [00:09<00:07, 175.00it/s]
Batches:  53%|█████▎    | 1511/2851 [00:09<00:07, 175.27it/s]
Batches:  54%|█████▎    | 1529/2851 [00:09<00:07, 174.90it/s]
Batches:  54%|█████▍    | 1547/2851 [00:09<00:07, 172.59it/s]
Batches:  55%|█████▍    | 1565/2851 [00:09<00:07, 172.53it/s]
Batches:  56%|█████▌    | 1583/2851 [00:09<00:07, 173.63it/s]
Batches:  56%|█████▌    | 1601/2851 [00:09<00:07, 174.38it/s]
Batches:  57%|█████▋    | 1619/2851 [00:10<00:07, 170.85it/s]
Batches:  57%|█████▋    | 1637/2851 [00:10<00:07, 171.43it/s]
Batches:  58%|█████▊    | 1655/2851 [00:10<00:06, 172.04it/s]
Batches:  59%|█████▊    | 1673/2851 [00:10<00:06, 171.41it/s]
Batches:  59%|█████▉    | 1691/2851 [00:10<00:06, 171.43it/s]
Batches:  60%|█████▉    | 1709/2851 [00:10<00:06, 171.84it/s]
Batches:  61%|██████    | 1727/2851 [00:10<00:06, 172.95it/s]
Batches:  61%|██████    | 1745/2851 [00:10<00:06, 174.39it/s]
Batches:  62%|██████▏   | 1763/2851 [00:10<00:06, 174.37it/s]
Batches:  62%|██████▏   | 1781/2851 [00:10<00:06, 175.39it/s]
Batches:  63%|██████▎   | 1799/2851 [00:11<00:06, 174.63it/s]
Batches:  64%|██████▎   | 1817/2851 [00:11<00:05, 174.20it/s]
Batches:  64%|██████▍   | 1835/2851 [00:11<00:05, 175.31it/s]
Batches:  65%|██████▌   | 1854/2851 [00:11<00:05, 176.92it/s]
Batches:  66%|██████▌   | 1872/2851 [00:11<00:05, 176.05it/s]
Batches:  66%|██████▋   | 1890/2851 [00:11<00:05, 176.98it/s]
Batches:  67%|██████▋   | 1909/2851 [00:11<00:05, 178.26it/s]
Batches:  68%|██████▊   | 1927/2851 [00:11<00:05, 177.69it/s]
Batches:  68%|██████▊   | 1946/2851 [00:11<00:05, 179.33it/s]
Batches:  69%|██████▉   | 1965/2851 [00:12<00:04, 179.91it/s]
Batches:  70%|██████▉   | 1983/2851 [00:12<00:04, 178.24it/s]
Batches:  70%|███████   | 2001/2851 [00:12<00:04, 176.69it/s]
Batches:  71%|███████   | 2020/2851 [00:12<00:04, 177.41it/s]
Batches:  71%|███████▏  | 2038/2851 [00:12<00:04, 177.49it/s]
Batches:  72%|███████▏  | 2056/2851 [00:12<00:04, 176.52it/s]
Batches:  73%|███████▎  | 2074/2851 [00:12<00:04, 176.60it/s]
Batches:  73%|███████▎  | 2092/2851 [00:12<00:04, 176.58it/s]
Batches:  74%|███████▍  | 2111/2851 [00:12<00:04, 178.35it/s]
Batches:  75%|███████▍  | 2130/2851 [00:12<00:04, 178.86it/s]
Batches:  75%|███████▌  | 2148/2851 [00:13<00:03, 178.18it/s]
Batches:  76%|███████▌  | 2166/2851 [00:13<00:03, 177.74it/s]
Batches:  77%|███████▋  | 2184/2851 [00:13<00:03, 176.57it/s]
Batches:  77%|███████▋  | 2202/2851 [00:13<00:03, 176.56it/s]
Batches:  78%|███████▊  | 2220/2851 [00:13<00:03, 175.17it/s]
Batches:  78%|███████▊  | 2238/2851 [00:13<00:03, 175.15it/s]
Batches:  79%|███████▉  | 2256/2851 [00:13<00:03, 176.20it/s]
Batches:  80%|███████▉  | 2274/2851 [00:13<00:03, 177.05it/s]
Batches:  80%|████████  | 2292/2851 [00:13<00:03, 177.35it/s]
Batches:  81%|████████  | 2310/2851 [00:13<00:03, 176.88it/s]
Batches:  82%|████████▏ | 2328/2851 [00:14<00:02, 175.68it/s]
Batches:  82%|████████▏ | 2347/2851 [00:14<00:02, 177.10it/s]
Batches:  83%|████████▎ | 2365/2851 [00:14<00:02, 177.03it/s]
Batches:  84%|████████▎ | 2384/2851 [00:14<00:02, 179.05it/s]
Batches:  84%|████████▍ | 2402/2851 [00:14<00:02, 179.05it/s]
Batches:  85%|████████▍ | 2421/2851 [00:14<00:02, 179.28it/s]
Batches:  86%|████████▌ | 2439/2851 [00:14<00:02, 179.37it/s]
Batches:  86%|████████▌ | 2457/2851 [00:14<00:02, 178.64it/s]
Batches:  87%|████████▋ | 2475/2851 [00:14<00:02, 177.11it/s]
Batches:  87%|████████▋ | 2493/2851 [00:15<00:02, 176.15it/s]
Batches:  88%|████████▊ | 2511/2851 [00:15<00:01, 175.33it/s]
Batches:  89%|████████▊ | 2529/2851 [00:15<00:01, 174.01it/s]
Batches:  89%|████████▉ | 2547/2851 [00:15<00:01, 173.21it/s]
Batches:  90%|████████▉ | 2565/2851 [00:15<00:01, 174.09it/s]
Batches:  91%|█████████ | 2583/2851 [00:15<00:01, 175.26it/s]
Batches:  91%|█████████ | 2601/2851 [00:15<00:01, 176.24it/s]
Batches:  92%|█████████▏| 2619/2851 [00:15<00:01, 176.40it/s]
Batches:  92%|█████████▏| 2637/2851 [00:15<00:01, 176.97it/s]
Batches:  93%|█████████▎| 2655/2851 [00:15<00:01, 177.02it/s]
Batches:  94%|█████████▍| 2674/2851 [00:16<00:00, 178.34it/s]
Batches:  94%|█████████▍| 2692/2851 [00:16<00:00, 178.02it/s]
Batches:  95%|█████████▌| 2711/2851 [00:16<00:00, 178.72it/s]
Batches:  96%|█████████▌| 2729/2851 [00:16<00:00, 177.34it/s]
Batches:  96%|█████████▋| 2747/2851 [00:16<00:00, 177.69it/s]
Batches:  97%|█████████▋| 2765/2851 [00:16<00:00, 177.51it/s]
Batches:  98%|█████████▊| 2783/2851 [00:16<00:00, 175.99it/s]
Batches:  98%|█████████▊| 2801/2851 [00:16<00:00, 176.29it/s]
Batches:  99%|█████████▉| 2819/2851 [00:16<00:00, 175.83it/s]
2026-04-03 17:50:07,634 INFO Pre-encoding 26063 squad [val] query-GT pairs...
Batches:   2%|▏         | 16/815 [00:00<00:05, 151.29it/s]
Batches:   4%|▍         | 33/815 [00:00<00:04, 158.39it/s]
Batches:   6%|▌         | 50/815 [00:00<00:04, 161.64it/s]
Batches:   8%|▊         | 68/815 [00:00<00:04, 165.45it/s]
Batches:  10%|█         | 85/815 [00:00<00:04, 165.94it/s]
Batches:  13%|█▎        | 103/815 [00:00<00:04, 168.11it/s]
Batches:  15%|█▍        | 120/815 [00:00<00:04, 168.24it/s]
Batches:  17%|█▋        | 138/815 [00:00<00:04, 168.73it/s]
Batches:  19%|█▉        | 156/815 [00:00<00:03, 169.46it/s]
Batches:  21%|██▏       | 174/815 [00:01<00:03, 171.09it/s]
Batches:  24%|██▎       | 192/815 [00:01<00:03, 170.67it/s]
Batches:  26%|██▌       | 210/815 [00:01<00:03, 170.48it/s]
Batches:  28%|██▊       | 228/815 [00:01<00:03, 170.59it/s]
Batches:  30%|███       | 246/815 [00:01<00:03, 172.05it/s]
Batches:  32%|███▏      | 264/815 [00:01<00:03, 171.77it/s]
Batches:  35%|███▍      | 282/815 [00:01<00:03, 173.28it/s]
Batches:  37%|███▋      | 300/815 [00:01<00:02, 172.55it/s]
Batches:  39%|███▉      | 318/815 [00:01<00:02, 173.88it/s]
Batches:  41%|████▏     | 337/815 [00:01<00:02, 175.99it/s]
Batches:  44%|████▎     | 355/815 [00:02<00:02, 176.61it/s]
Batches:  46%|████▌     | 374/815 [00:02<00:02, 177.99it/s]
Batches:  48%|████▊     | 393/815 [00:02<00:02, 179.29it/s]
Batches:  51%|█████     | 412/815 [00:02<00:02, 180.34it/s]
Batches:  53%|█████▎    | 431/815 [00:02<00:02, 179.94it/s]
Batches:  55%|█████▌    | 449/815 [00:02<00:02, 179.64it/s]
Batches:  57%|█████▋    | 467/815 [00:02<00:01, 179.44it/s]
Batches:  60%|█████▉    | 486/815 [00:02<00:01, 180.93it/s]
Batches:  62%|██████▏   | 505/815 [00:02<00:01, 181.46it/s]
Batches:  64%|██████▍   | 524/815 [00:03<00:01, 183.61it/s]
Batches:  67%|██████▋   | 543/815 [00:03<00:01, 182.46it/s]
Batches:  69%|██████▉   | 562/815 [00:03<00:01, 182.22it/s]
Batches:  71%|███████▏  | 581/815 [00:03<00:01, 184.07it/s]
Batches:  74%|███████▎  | 600/815 [00:03<00:01, 184.87it/s]
Batches:  76%|███████▌  | 619/815 [00:03<00:01, 184.99it/s]
Batches:  78%|███████▊  | 638/815 [00:03<00:00, 184.34it/s]
Batches:  81%|████████  | 657/815 [00:03<00:00, 184.72it/s]
Batches:  83%|████████▎ | 676/815 [00:03<00:00, 183.86it/s]
Batches:  85%|████████▌ | 695/815 [00:03<00:00, 185.60it/s]
Batches:  88%|████████▊ | 714/815 [00:04<00:00, 186.25it/s]
Batches:  90%|████████▉ | 733/815 [00:04<00:00, 186.06it/s]
Batches:  92%|█████████▏| 752/815 [00:04<00:00, 186.42it/s]
Batches:  95%|█████████▍| 771/815 [00:04<00:00, 186.42it/s]
Batches:  97%|█████████▋| 790/815 [00:04<00:00, 185.85it/s]
2026-04-03 17:50:12,430 INFO Pre-encoding 13033 squad [test] query-GT pairs...
Batches:   4%|▍         | 16/408 [00:00<00:02, 158.22it/s]
Batches:   8%|▊         | 33/408 [00:00<00:02, 163.47it/s]
Batches:  12%|█▏        | 50/408 [00:00<00:02, 166.29it/s]
Batches:  17%|█▋        | 68/408 [00:00<00:02, 168.52it/s]
Batches:  21%|██        | 85/408 [00:00<00:01, 169.04it/s]
Batches:  25%|██▌       | 103/408 [00:00<00:01, 171.25it/s]
Batches:  30%|██▉       | 121/408 [00:00<00:01, 171.66it/s]
Batches:  34%|███▍      | 139/408 [00:00<00:01, 171.03it/s]
Batches:  38%|███▊      | 157/408 [00:00<00:01, 173.46it/s]
Batches:  43%|████▎     | 176/408 [00:01<00:01, 176.04it/s]
Batches:  48%|████▊     | 195/408 [00:01<00:01, 177.95it/s]
Batches:  52%|█████▏    | 213/408 [00:01<00:01, 178.10it/s]
Batches:  57%|█████▋    | 232/408 [00:01<00:00, 179.86it/s]
Batches:  62%|██████▏   | 251/408 [00:01<00:00, 181.44it/s]
Batches:  66%|██████▌   | 270/408 [00:01<00:00, 181.05it/s]
Batches:  71%|███████   | 289/408 [00:01<00:00, 182.22it/s]
Batches:  75%|███████▌  | 308/408 [00:01<00:00, 183.12it/s]
Batches:  80%|████████  | 327/408 [00:01<00:00, 183.08it/s]
Batches:  85%|████████▍ | 346/408 [00:01<00:00, 183.38it/s]
Batches:  89%|████████▉ | 365/408 [00:02<00:00, 184.26it/s]
Batches:  94%|█████████▍| 384/408 [00:02<00:00, 185.34it/s]
Training MLP (info_nce_single):   0%|          | 0/100 [00:00<?, ?it/s]
Training MLP (info_nce_single):   0%|          | 0/100 [00:03<?, ?it/s, TrL=1.8819, VaL=1.5484, TeL=1.5224 ★=best]
Training MLP (info_nce_single):   1%|          | 1/100 [00:03<06:35,  3.99s/it, TrL=1.8819, VaL=1.5484, TeL=1.5224 ★=best]
Training MLP (info_nce_single):   1%|          | 1/100 [00:07<06:35,  3.99s/it, TrL=1.5455, VaL=1.4199, TeL=1.3887 ★=best]
Training MLP (info_nce_single):   2%|▏         | 2/100 [00:07<06:11,  3.79s/it, TrL=1.5455, VaL=1.4199, TeL=1.3887 ★=best]
Training MLP (info_nce_single):   2%|▏         | 2/100 [00:11<06:11,  3.79s/it, TrL=1.4240, VaL=1.3466, TeL=1.3213 ★=best]
Training MLP (info_nce_single):   3%|▎         | 3/100 [00:11<06:02,  3.74s/it, TrL=1.4240, VaL=1.3466, TeL=1.3213 ★=best]
Training MLP (info_nce_single):   3%|▎         | 3/100 [00:14<06:02,  3.74s/it, TrL=1.3458, VaL=1.3052, TeL=1.2746 ★=best]
Training MLP (info_nce_single):   4%|▍         | 4/100 [00:14<05:56,  3.71s/it, TrL=1.3458, VaL=1.3052, TeL=1.2746 ★=best]
Training MLP (info_nce_single):   4%|▍         | 4/100 [00:18<05:56,  3.71s/it, TrL=1.2818, VaL=1.2730, TeL=1.2439 ★=best]
Training MLP (info_nce_single):   5%|▌         | 5/100 [00:18<05:51,  3.70s/it, TrL=1.2818, VaL=1.2730, TeL=1.2439 ★=best]
Training MLP (info_nce_single):   5%|▌         | 5/100 [00:22<05:51,  3.70s/it, TrL=1.2323, VaL=1.2499, TeL=1.2188 ★=best]
Training MLP (info_nce_single):   6%|▌         | 6/100 [00:22<05:46,  3.68s/it, TrL=1.2323, VaL=1.2499, TeL=1.2188 ★=best]
Training MLP (info_nce_single):   6%|▌         | 6/100 [00:25<05:46,  3.68s/it, TrL=1.1878, VaL=1.2266, TeL=1.1974 ★=best]
Training MLP (info_nce_single):   7%|▋         | 7/100 [00:25<05:41,  3.68s/it, TrL=1.1878, VaL=1.2266, TeL=1.1974 ★=best]
Training MLP (info_nce_single):   7%|▋         | 7/100 [00:29<05:41,  3.68s/it, TrL=1.1536, VaL=1.2182, TeL=1.1857 ★=best]
Training MLP (info_nce_single):   8%|▊         | 8/100 [00:29<05:38,  3.68s/it, TrL=1.1536, VaL=1.2182, TeL=1.1857 ★=best]
Training MLP (info_nce_single):   8%|▊         | 8/100 [00:33<05:38,  3.68s/it, TrL=1.1157, VaL=1.2125, TeL=1.1792 ★=best]
Training MLP (info_nce_single):   9%|▉         | 9/100 [00:33<05:34,  3.67s/it, TrL=1.1157, VaL=1.2125, TeL=1.1792 ★=best]
Training MLP (info_nce_single):   9%|▉         | 9/100 [00:36<05:34,  3.67s/it, TrL=1.0936, VaL=1.2012, TeL=1.1691 ★=best]
Training MLP (info_nce_single):  10%|█         | 10/100 [00:36<05:30,  3.67s/it, TrL=1.0936, VaL=1.2012, TeL=1.1691 ★=best]
Training MLP (info_nce_single):  10%|█         | 10/100 [00:40<05:30,  3.67s/it, TrL=1.0633, VaL=1.2005, TeL=1.1695 ★=best]
Training MLP (info_nce_single):  11%|█         | 11/100 [00:40<05:26,  3.67s/it, TrL=1.0633, VaL=1.2005, TeL=1.1695 ★=best]
Training MLP (info_nce_single):  11%|█         | 11/100 [00:44<05:26,  3.67s/it, TrL=1.0390, VaL=1.1925, TeL=1.1590 ★=best]
Training MLP (info_nce_single):  12%|█▏        | 12/100 [00:44<05:22,  3.67s/it, TrL=1.0390, VaL=1.1925, TeL=1.1590 ★=best]
Training MLP (info_nce_single):  12%|█▏        | 12/100 [00:48<05:22,  3.67s/it, TrL=1.0171, VaL=1.1919, TeL=1.1576 ★=best]
Training MLP (info_nce_single):  13%|█▎        | 13/100 [00:48<05:20,  3.69s/it, TrL=1.0171, VaL=1.1919, TeL=1.1576 ★=best]
Training MLP (info_nce_single):  13%|█▎        | 13/100 [00:51<05:20,  3.69s/it, TrL=0.9999, VaL=1.1926, TeL=1.1601]
Training MLP (info_nce_single):  14%|█▍        | 14/100 [00:51<05:16,  3.68s/it, TrL=0.9999, VaL=1.1926, TeL=1.1601]
Training MLP (info_nce_single):  14%|█▍        | 14/100 [00:55<05:16,  3.68s/it, TrL=0.9810, VaL=1.1879, TeL=1.1541 ★=best]
Training MLP (info_nce_single):  15%|█▌        | 15/100 [00:55<05:12,  3.68s/it, TrL=0.9810, VaL=1.1879, TeL=1.1541 ★=best]
Training MLP (info_nce_single):  15%|█▌        | 15/100 [00:59<05:12,  3.68s/it, TrL=0.9636, VaL=1.1888, TeL=1.1560]
Training MLP (info_nce_single):  16%|█▌        | 16/100 [00:59<05:08,  3.67s/it, TrL=0.9636, VaL=1.1888, TeL=1.1560]
Training MLP (info_nce_single):  16%|█▌        | 16/100 [01:02<05:08,  3.67s/it, TrL=0.9419, VaL=1.1846, TeL=1.1515 ★=best]
Training MLP (info_nce_single):  17%|█▋        | 17/100 [01:02<05:04,  3.67s/it, TrL=0.9419, VaL=1.1846, TeL=1.1515 ★=best]
Training MLP (info_nce_single):  17%|█▋        | 17/100 [01:06<05:04,  3.67s/it, TrL=0.9320, VaL=1.1874, TeL=1.1538]
Training MLP (info_nce_single):  18%|█▊        | 18/100 [01:06<05:01,  3.67s/it, TrL=0.9320, VaL=1.1874, TeL=1.1538]
Training MLP (info_nce_single):  18%|█▊        | 18/100 [01:10<05:01,  3.67s/it, TrL=0.9150, VaL=1.1904, TeL=1.1531]
Training MLP (info_nce_single):  19%|█▉        | 19/100 [01:10<04:57,  3.67s/it, TrL=0.9150, VaL=1.1904, TeL=1.1531]
Training MLP (info_nce_single):  19%|█▉        | 19/100 [01:13<04:57,  3.67s/it, TrL=0.9011, VaL=1.1875, TeL=1.1491]
Training MLP (info_nce_single):  20%|██        | 20/100 [01:13<04:53,  3.67s/it, TrL=0.9011, VaL=1.1875, TeL=1.1491]
Training MLP (info_nce_single):  20%|██        | 20/100 [01:17<04:53,  3.67s/it, TrL=0.8888, VaL=1.1942, TeL=1.1563]
Training MLP (info_nce_single):  21%|██        | 21/100 [01:17<04:50,  3.67s/it, TrL=0.8888, VaL=1.1942, TeL=1.1563]
Training MLP (info_nce_single):  21%|██        | 21/100 [01:21<04:50,  3.67s/it, TrL=0.8789, VaL=1.1880, TeL=1.1521]
Training MLP (info_nce_single):  22%|██▏       | 22/100 [01:21<04:46,  3.67s/it, TrL=0.8789, VaL=1.1880, TeL=1.1521]
Training MLP (info_nce_single):  22%|██▏       | 22/100 [01:24<04:46,  3.67s/it, TrL=0.8685, VaL=1.1902, TeL=1.1518]
Training MLP (info_nce_single):  23%|██▎       | 23/100 [01:24<04:42,  3.67s/it, TrL=0.8685, VaL=1.1902, TeL=1.1518]
Training MLP (info_nce_single):  23%|██▎       | 23/100 [01:28<04:42,  3.67s/it, TrL=0.8561, VaL=1.1926, TeL=1.1536]
Training MLP (info_nce_single):  24%|██▍       | 24/100 [01:28<04:38,  3.67s/it, TrL=0.8561, VaL=1.1926, TeL=1.1536]
Training MLP (info_nce_single):  24%|██▍       | 24/100 [01:32<04:38,  3.67s/it, TrL=0.8481, VaL=1.1918, TeL=1.1551]
Training MLP (info_nce_single):  25%|██▌       | 25/100 [01:32<04:34,  3.67s/it, TrL=0.8481, VaL=1.1918, TeL=1.1551]
Training MLP (info_nce_single):  25%|██▌       | 25/100 [01:35<04:34,  3.67s/it, TrL=0.8040, VaL=1.1973, TeL=1.1556]
Training MLP (info_nce_single):  26%|██▌       | 26/100 [01:35<04:31,  3.66s/it, TrL=0.8040, VaL=1.1973, TeL=1.1556]
Training MLP (info_nce_single):  26%|██▌       | 26/100 [01:39<04:31,  3.66s/it, TrL=0.7936, VaL=1.1984, TeL=1.1563]
Training MLP (info_nce_single):  27%|██▋       | 27/100 [01:39<04:27,  3.66s/it, TrL=0.7936, VaL=1.1984, TeL=1.1563]
Training MLP (info_nce_single):  27%|██▋       | 27/100 [01:43<04:27,  3.66s/it, TrL=0.7878, VaL=1.1978, TeL=1.1576]
Training MLP (info_nce_single):  28%|██▊       | 28/100 [01:43<04:23,  3.66s/it, TrL=0.7878, VaL=1.1978, TeL=1.1576]
Training MLP (info_nce_single):  28%|██▊       | 28/100 [01:46<04:23,  3.66s/it, TrL=0.7796, VaL=1.2017, TeL=1.1606]
Training MLP (info_nce_single):  29%|██▉       | 29/100 [01:46<04:20,  3.66s/it, TrL=0.7796, VaL=1.2017, TeL=1.1606]
Training MLP (info_nce_single):  29%|██▉       | 29/100 [01:50<04:20,  3.66s/it, TrL=0.7722, VaL=1.2039, TeL=1.1615]
Training MLP (info_nce_single):  30%|███       | 30/100 [01:50<04:16,  3.66s/it, TrL=0.7722, VaL=1.2039, TeL=1.1615]
Training MLP (info_nce_single):  30%|███       | 30/100 [01:54<04:16,  3.66s/it, TrL=0.7687, VaL=1.2050, TeL=1.1637]
Training MLP (info_nce_single):  31%|███       | 31/100 [01:54<04:12,  3.66s/it, TrL=0.7687, VaL=1.2050, TeL=1.1637]
Training MLP (info_nce_single):  31%|███       | 31/100 [01:57<04:12,  3.66s/it, TrL=0.7641, VaL=1.2061, TeL=1.1655]
Training MLP (info_nce_single):  32%|███▏      | 32/100 [01:57<04:08,  3.66s/it, TrL=0.7641, VaL=1.2061, TeL=1.1655]
Training MLP (info_nce_single):  32%|███▏      | 32/100 [02:01<04:08,  3.66s/it, TrL=0.7580, VaL=1.2121, TeL=1.1697]
Training MLP (info_nce_single):  33%|███▎      | 33/100 [02:01<04:05,  3.66s/it, TrL=0.7580, VaL=1.2121, TeL=1.1697]
Training MLP (info_nce_single):  33%|███▎      | 33/100 [02:05<04:05,  3.66s/it, TrL=0.7374, VaL=1.2104, TeL=1.1676]
Training MLP (info_nce_single):  34%|███▍      | 34/100 [02:05<04:02,  3.67s/it, TrL=0.7374, VaL=1.2104, TeL=1.1676]
Training MLP (info_nce_single):  34%|███▍      | 34/100 [02:08<04:02,  3.67s/it, TrL=0.7271, VaL=1.2141, TeL=1.1717]
Training MLP (info_nce_single):  35%|███▌      | 35/100 [02:08<03:58,  3.67s/it, TrL=0.7271, VaL=1.2141, TeL=1.1717]
Training MLP (info_nce_single):  35%|███▌      | 35/100 [02:12<03:58,  3.67s/it, TrL=0.7254, VaL=1.2163, TeL=1.1729]
Training MLP (info_nce_single):  36%|███▌      | 36/100 [02:12<03:54,  3.66s/it, TrL=0.7254, VaL=1.2163, TeL=1.1729]
Training MLP (info_nce_single):  36%|███▌      | 36/100 [02:15<03:54,  3.66s/it, TrL=0.7244, VaL=1.2152, TeL=1.1698]
Training MLP (info_nce_single):  37%|███▋      | 37/100 [02:15<03:50,  3.66s/it, TrL=0.7244, VaL=1.2152, TeL=1.1698]2026-04-03 17:52:30,807 INFO Early stopping triggered at epoch 37
Training MLP (info_nce_single):  37%|███▋      | 37/100 [02:15<03:51,  3.68s/it, TrL=0.7244, VaL=1.2152, TeL=1.1698]
2026-04-03 17:52:30,814 INFO Strict Checkpoint successfully mapped at: checkpoints/squad/losses_ablation/alignment_mlp_info_nce_single.pth
2026-04-03 17:52:32,508 INFO --> Ensuring info_nce_multi model is trained...
2026-04-03 17:52:32,509 INFO Model missing. Triggering training engine for info_nce_multi...
2026-04-03 17:52:32,510 INFO Loading data for squad | Target Loss Engine: info_nce_multi
Training MLP (info_nce_multi):   0%|          | 0/100 [00:00<?, ?it/s]
Training MLP (info_nce_multi):   0%|          | 0/100 [00:07<?, ?it/s, TrL=1.8705, VaL=1.5514, TeL=1.5215 ★=best]
Training MLP (info_nce_multi):   1%|          | 1/100 [00:07<12:15,  7.43s/it, TrL=1.8705, VaL=1.5514, TeL=1.5215 ★=best]
Training MLP (info_nce_multi):   1%|          | 1/100 [00:14<12:15,  7.43s/it, TrL=1.5319, VaL=1.4117, TeL=1.3767 ★=best]
Training MLP (info_nce_multi):   2%|▏         | 2/100 [00:14<11:39,  7.14s/it, TrL=1.5319, VaL=1.4117, TeL=1.3767 ★=best]
Training MLP (info_nce_multi):   2%|▏         | 2/100 [00:21<11:39,  7.14s/it, TrL=1.4116, VaL=1.3386, TeL=1.3014 ★=best]
Training MLP (info_nce_multi):   3%|▎         | 3/100 [00:21<11:24,  7.05s/it, TrL=1.4116, VaL=1.3386, TeL=1.3014 ★=best]
Training MLP (info_nce_multi):   3%|▎         | 3/100 [00:28<11:24,  7.05s/it, TrL=1.3317, VaL=1.2923, TeL=1.2535 ★=best]
Training MLP (info_nce_multi):   4%|▍         | 4/100 [00:28<11:13,  7.02s/it, TrL=1.3317, VaL=1.2923, TeL=1.2535 ★=best]
Training MLP (info_nce_multi):   4%|▍         | 4/100 [00:35<11:13,  7.02s/it, TrL=1.2688, VaL=1.2566, TeL=1.2155 ★=best]
Training MLP (info_nce_multi):   5%|▌         | 5/100 [00:35<11:05,  7.01s/it, TrL=1.2688, VaL=1.2566, TeL=1.2155 ★=best]
Training MLP (info_nce_multi):   5%|▌         | 5/100 [00:42<11:05,  7.01s/it, TrL=1.2183, VaL=1.2328, TeL=1.1918 ★=best]
Training MLP (info_nce_multi):   6%|▌         | 6/100 [00:42<10:56,  6.99s/it, TrL=1.2183, VaL=1.2328, TeL=1.1918 ★=best]
Training MLP (info_nce_multi):   6%|▌         | 6/100 [00:49<10:56,  6.99s/it, TrL=1.1747, VaL=1.2186, TeL=1.1782 ★=best]
Training MLP (info_nce_multi):   7%|▋         | 7/100 [00:49<10:49,  6.98s/it, TrL=1.1747, VaL=1.2186, TeL=1.1782 ★=best]
Training MLP (info_nce_multi):   7%|▋         | 7/100 [00:56<10:49,  6.98s/it, TrL=1.1382, VaL=1.2088, TeL=1.1648 ★=best]
Training MLP (info_nce_multi):   8%|▊         | 8/100 [00:56<10:41,  6.97s/it, TrL=1.1382, VaL=1.2088, TeL=1.1648 ★=best]
Training MLP (info_nce_multi):   8%|▊         | 8/100 [01:03<10:41,  6.97s/it, TrL=1.1045, VaL=1.1901, TeL=1.1503 ★=best]
Training MLP (info_nce_multi):   9%|▉         | 9/100 [01:03<10:34,  6.98s/it, TrL=1.1045, VaL=1.1901, TeL=1.1503 ★=best]
Training MLP (info_nce_multi):   9%|▉         | 9/100 [01:10<10:34,  6.98s/it, TrL=1.0754, VaL=1.1883, TeL=1.1473 ★=best]
Training MLP (info_nce_multi):  10%|█         | 10/100 [01:10<10:26,  6.96s/it, TrL=1.0754, VaL=1.1883, TeL=1.1473 ★=best]
Training MLP (info_nce_multi):  10%|█         | 10/100 [01:17<10:26,  6.96s/it, TrL=1.0480, VaL=1.1804, TeL=1.1390 ★=best]
Training MLP (info_nce_multi):  11%|█         | 11/100 [01:17<10:35,  7.14s/it, TrL=1.0480, VaL=1.1804, TeL=1.1390 ★=best]
Training MLP (info_nce_multi):  11%|█         | 11/100 [01:25<10:35,  7.14s/it, TrL=1.0246, VaL=1.1755, TeL=1.1330 ★=best]
Training MLP (info_nce_multi):  12%|█▏        | 12/100 [01:25<10:48,  7.37s/it, TrL=1.0246, VaL=1.1755, TeL=1.1330 ★=best]
Training MLP (info_nce_multi):  12%|█▏        | 12/100 [01:32<10:48,  7.37s/it, TrL=1.0023, VaL=1.1725, TeL=1.1316 ★=best]
Training MLP (info_nce_multi):  13%|█▎        | 13/100 [01:32<10:30,  7.25s/it, TrL=1.0023, VaL=1.1725, TeL=1.1316 ★=best]
Training MLP (info_nce_multi):  13%|█▎        | 13/100 [01:39<10:30,  7.25s/it, TrL=0.9816, VaL=1.1648, TeL=1.1230 ★=best]
Training MLP (info_nce_multi):  14%|█▍        | 14/100 [01:39<10:15,  7.16s/it, TrL=0.9816, VaL=1.1648, TeL=1.1230 ★=best]
Training MLP (info_nce_multi):  14%|█▍        | 14/100 [01:46<10:15,  7.16s/it, TrL=0.9630, VaL=1.1663, TeL=1.1252]
Training MLP (info_nce_multi):  15%|█▌        | 15/100 [01:46<10:03,  7.10s/it, TrL=0.9630, VaL=1.1663, TeL=1.1252]
Training MLP (info_nce_multi):  15%|█▌        | 15/100 [01:53<10:03,  7.10s/it, TrL=0.9455, VaL=1.1644, TeL=1.1203 ★=best]
Training MLP (info_nce_multi):  16%|█▌        | 16/100 [01:53<09:53,  7.06s/it, TrL=0.9455, VaL=1.1644, TeL=1.1203 ★=best]
Training MLP (info_nce_multi):  16%|█▌        | 16/100 [02:00<09:53,  7.06s/it, TrL=0.9299, VaL=1.1640, TeL=1.1204 ★=best]
Training MLP (info_nce_multi):  17%|█▋        | 17/100 [02:00<09:43,  7.03s/it, TrL=0.9299, VaL=1.1640, TeL=1.1204 ★=best]
Training MLP (info_nce_multi):  17%|█▋        | 17/100 [02:07<09:43,  7.03s/it, TrL=0.9126, VaL=1.1686, TeL=1.1248]
Training MLP (info_nce_multi):  18%|█▊        | 18/100 [02:07<09:34,  7.01s/it, TrL=0.9126, VaL=1.1686, TeL=1.1248]
Training MLP (info_nce_multi):  18%|█▊        | 18/100 [02:14<09:34,  7.01s/it, TrL=0.9013, VaL=1.1690, TeL=1.1224]
Training MLP (info_nce_multi):  19%|█▉        | 19/100 [02:14<09:26,  7.00s/it, TrL=0.9013, VaL=1.1690, TeL=1.1224]
Training MLP (info_nce_multi):  19%|█▉        | 19/100 [02:21<09:26,  7.00s/it, TrL=0.8868, VaL=1.1694, TeL=1.1222]
Training MLP (info_nce_multi):  20%|██        | 20/100 [02:21<09:19,  6.99s/it, TrL=0.8868, VaL=1.1694, TeL=1.1222]
Training MLP (info_nce_multi):  20%|██        | 20/100 [02:28<09:19,  6.99s/it, TrL=0.8737, VaL=1.1745, TeL=1.1240]
Training MLP (info_nce_multi):  21%|██        | 21/100 [02:28<09:11,  6.98s/it, TrL=0.8737, VaL=1.1745, TeL=1.1240]
Training MLP (info_nce_multi):  21%|██        | 21/100 [02:35<09:11,  6.98s/it, TrL=0.8607, VaL=1.1729, TeL=1.1283]
Training MLP (info_nce_multi):  22%|██▏       | 22/100 [02:35<09:04,  6.98s/it, TrL=0.8607, VaL=1.1729, TeL=1.1283]
Training MLP (info_nce_multi):  22%|██▏       | 22/100 [02:42<09:04,  6.98s/it, TrL=0.8522, VaL=1.1684, TeL=1.1210]
Training MLP (info_nce_multi):  23%|██▎       | 23/100 [02:42<08:56,  6.97s/it, TrL=0.8522, VaL=1.1684, TeL=1.1210]
Training MLP (info_nce_multi):  23%|██▎       | 23/100 [02:49<08:56,  6.97s/it, TrL=0.8365, VaL=1.1766, TeL=1.1249]
Training MLP (info_nce_multi):  24%|██▍       | 24/100 [02:49<08:49,  6.97s/it, TrL=0.8365, VaL=1.1766, TeL=1.1249]
Training MLP (info_nce_multi):  24%|██▍       | 24/100 [02:56<08:49,  6.97s/it, TrL=0.8300, VaL=1.1800, TeL=1.1329]
Training MLP (info_nce_multi):  25%|██▌       | 25/100 [02:56<08:42,  6.96s/it, TrL=0.8300, VaL=1.1800, TeL=1.1329]
Training MLP (info_nce_multi):  25%|██▌       | 25/100 [03:02<08:42,  6.96s/it, TrL=0.7880, VaL=1.1766, TeL=1.1260]
Training MLP (info_nce_multi):  26%|██▌       | 26/100 [03:02<08:34,  6.96s/it, TrL=0.7880, VaL=1.1766, TeL=1.1260]
Training MLP (info_nce_multi):  26%|██▌       | 26/100 [03:09<08:34,  6.96s/it, TrL=0.7793, VaL=1.1769, TeL=1.1254]
Training MLP (info_nce_multi):  27%|██▋       | 27/100 [03:09<08:27,  6.95s/it, TrL=0.7793, VaL=1.1769, TeL=1.1254]
Training MLP (info_nce_multi):  27%|██▋       | 27/100 [03:16<08:27,  6.95s/it, TrL=0.7674, VaL=1.1823, TeL=1.1327]
Training MLP (info_nce_multi):  28%|██▊       | 28/100 [03:16<08:20,  6.95s/it, TrL=0.7674, VaL=1.1823, TeL=1.1327]
Training MLP (info_nce_multi):  28%|██▊       | 28/100 [03:23<08:20,  6.95s/it, TrL=0.7607, VaL=1.1861, TeL=1.1331]
Training MLP (info_nce_multi):  29%|██▉       | 29/100 [03:23<08:14,  6.96s/it, TrL=0.7607, VaL=1.1861, TeL=1.1331]
Training MLP (info_nce_multi):  29%|██▉       | 29/100 [03:30<08:14,  6.96s/it, TrL=0.7519, VaL=1.1865, TeL=1.1354]
Training MLP (info_nce_multi):  30%|███       | 30/100 [03:30<08:07,  6.96s/it, TrL=0.7519, VaL=1.1865, TeL=1.1354]
Training MLP (info_nce_multi):  30%|███       | 30/100 [03:37<08:07,  6.96s/it, TrL=0.7485, VaL=1.1882, TeL=1.1348]
Training MLP (info_nce_multi):  31%|███       | 31/100 [03:37<08:00,  6.97s/it, TrL=0.7485, VaL=1.1882, TeL=1.1348]
Training MLP (info_nce_multi):  31%|███       | 31/100 [03:44<08:00,  6.97s/it, TrL=0.7448, VaL=1.1901, TeL=1.1398]
Training MLP (info_nce_multi):  32%|███▏      | 32/100 [03:44<07:54,  6.97s/it, TrL=0.7448, VaL=1.1901, TeL=1.1398]
Training MLP (info_nce_multi):  32%|███▏      | 32/100 [03:51<07:54,  6.97s/it, TrL=0.7412, VaL=1.1891, TeL=1.1384]
Training MLP (info_nce_multi):  33%|███▎      | 33/100 [03:51<07:47,  6.98s/it, TrL=0.7412, VaL=1.1891, TeL=1.1384]
Training MLP (info_nce_multi):  33%|███▎      | 33/100 [03:58<07:47,  6.98s/it, TrL=0.7175, VaL=1.1897, TeL=1.1398]
Training MLP (info_nce_multi):  34%|███▍      | 34/100 [03:58<07:40,  6.98s/it, TrL=0.7175, VaL=1.1897, TeL=1.1398]
Training MLP (info_nce_multi):  34%|███▍      | 34/100 [04:05<07:40,  6.98s/it, TrL=0.7134, VaL=1.1941, TeL=1.1425]
Training MLP (info_nce_multi):  35%|███▌      | 35/100 [04:05<07:32,  6.97s/it, TrL=0.7134, VaL=1.1941, TeL=1.1425]
Training MLP (info_nce_multi):  35%|███▌      | 35/100 [04:12<07:32,  6.97s/it, TrL=0.7085, VaL=1.1916, TeL=1.1419]
Training MLP (info_nce_multi):  36%|███▌      | 36/100 [04:12<07:25,  6.96s/it, TrL=0.7085, VaL=1.1916, TeL=1.1419]
Training MLP (info_nce_multi):  36%|███▌      | 36/100 [04:19<07:25,  6.96s/it, TrL=0.7038, VaL=1.1948, TeL=1.1435]
Training MLP (info_nce_multi):  37%|███▋      | 37/100 [04:19<07:18,  6.96s/it, TrL=0.7038, VaL=1.1948, TeL=1.1435]2026-04-03 17:57:01,161 INFO Early stopping triggered at epoch 37
Training MLP (info_nce_multi):  37%|███▋      | 37/100 [04:19<07:22,  7.02s/it, TrL=0.7038, VaL=1.1948, TeL=1.1435]
2026-04-03 17:57:01,167 INFO Strict Checkpoint successfully mapped at: checkpoints/squad/losses_ablation/alignment_mlp_info_nce_multi.pth
2026-04-03 17:57:02,499 INFO --> Ensuring kl_div model is trained...
2026-04-03 17:57:02,500 INFO Model missing. Triggering training engine for kl_div...
2026-04-03 17:57:02,502 INFO Loading data for squad | Target Loss Engine: kl_div
Training MLP (kl_div):   0%|          | 0/100 [00:00<?, ?it/s]
Training MLP (kl_div):   0%|          | 0/100 [00:10<?, ?it/s, TrL=1.8665, VaL=1.5415, TeL=1.5077 ★=best]
Training MLP (kl_div):   1%|          | 1/100 [00:10<17:17, 10.48s/it, TrL=1.8665, VaL=1.5415, TeL=1.5077 ★=best]
Training MLP (kl_div):   1%|          | 1/100 [00:20<17:17, 10.48s/it, TrL=1.5381, VaL=1.4111, TeL=1.3724 ★=best]
Training MLP (kl_div):   2%|▏         | 2/100 [00:20<17:05, 10.47s/it, TrL=1.5381, VaL=1.4111, TeL=1.3724 ★=best]
Training MLP (kl_div):   2%|▏         | 2/100 [00:31<17:05, 10.47s/it, TrL=1.4194, VaL=1.3516, TeL=1.3154 ★=best]
Training MLP (kl_div):   3%|▎         | 3/100 [00:31<16:55, 10.47s/it, TrL=1.4194, VaL=1.3516, TeL=1.3154 ★=best]
Training MLP (kl_div):   3%|▎         | 3/100 [00:41<16:55, 10.47s/it, TrL=1.3393, VaL=1.3058, TeL=1.2636 ★=best]
Training MLP (kl_div):   4%|▍         | 4/100 [00:41<16:43, 10.46s/it, TrL=1.3393, VaL=1.3058, TeL=1.2636 ★=best]
Training MLP (kl_div):   4%|▍         | 4/100 [00:52<16:43, 10.46s/it, TrL=1.2776, VaL=1.2681, TeL=1.2369 ★=best]
Training MLP (kl_div):   5%|▌         | 5/100 [00:52<16:34, 10.47s/it, TrL=1.2776, VaL=1.2681, TeL=1.2369 ★=best]
Training MLP (kl_div):   5%|▌         | 5/100 [01:02<16:34, 10.47s/it, TrL=1.2263, VaL=1.2454, TeL=1.2070 ★=best]
Training MLP (kl_div):   6%|▌         | 6/100 [01:02<16:24, 10.48s/it, TrL=1.2263, VaL=1.2454, TeL=1.2070 ★=best]
Training MLP (kl_div):   6%|▌         | 6/100 [01:13<16:24, 10.48s/it, TrL=1.1841, VaL=1.2256, TeL=1.1899 ★=best]
Training MLP (kl_div):   7%|▋         | 7/100 [01:13<16:15, 10.49s/it, TrL=1.1841, VaL=1.2256, TeL=1.1899 ★=best]
Training MLP (kl_div):   7%|▋         | 7/100 [01:23<16:15, 10.49s/it, TrL=1.1466, VaL=1.2145, TeL=1.1769 ★=best]
Training MLP (kl_div):   8%|▊         | 8/100 [01:23<16:05, 10.49s/it, TrL=1.1466, VaL=1.2145, TeL=1.1769 ★=best]
Training MLP (kl_div):   8%|▊         | 8/100 [01:34<16:05, 10.49s/it, TrL=1.1131, VaL=1.2052, TeL=1.1670 ★=best]
Training MLP (kl_div):   9%|▉         | 9/100 [01:34<15:51, 10.46s/it, TrL=1.1131, VaL=1.2052, TeL=1.1670 ★=best]
Training MLP (kl_div):   9%|▉         | 9/100 [01:44<15:51, 10.46s/it, TrL=1.0873, VaL=1.1901, TeL=1.1500 ★=best]
Training MLP (kl_div):  10%|█         | 10/100 [01:44<15:40, 10.45s/it, TrL=1.0873, VaL=1.1901, TeL=1.1500 ★=best]
Training MLP (kl_div):  10%|█         | 10/100 [01:55<15:40, 10.45s/it, TrL=1.0619, VaL=1.1861, TeL=1.1477 ★=best]
Training MLP (kl_div):  11%|█         | 11/100 [01:55<15:29, 10.44s/it, TrL=1.0619, VaL=1.1861, TeL=1.1477 ★=best]
Training MLP (kl_div):  11%|█         | 11/100 [02:05<15:29, 10.44s/it, TrL=1.0362, VaL=1.1829, TeL=1.1491 ★=best]
Training MLP (kl_div):  12%|█▏        | 12/100 [02:05<15:19, 10.44s/it, TrL=1.0362, VaL=1.1829, TeL=1.1491 ★=best]
Training MLP (kl_div):  12%|█▏        | 12/100 [02:16<15:19, 10.44s/it, TrL=1.0162, VaL=1.1776, TeL=1.1411 ★=best]
Training MLP (kl_div):  13%|█▎        | 13/100 [02:16<15:09, 10.45s/it, TrL=1.0162, VaL=1.1776, TeL=1.1411 ★=best]
Training MLP (kl_div):  13%|█▎        | 13/100 [02:26<15:09, 10.45s/it, TrL=0.9960, VaL=1.1759, TeL=1.1411 ★=best]
Training MLP (kl_div):  14%|█▍        | 14/100 [02:26<14:59, 10.46s/it, TrL=0.9960, VaL=1.1759, TeL=1.1411 ★=best]
Training MLP (kl_div):  14%|█▍        | 14/100 [02:36<14:59, 10.46s/it, TrL=0.9765, VaL=1.1788, TeL=1.1433]
Training MLP (kl_div):  15%|█▌        | 15/100 [02:36<14:49, 10.46s/it, TrL=0.9765, VaL=1.1788, TeL=1.1433]
Training MLP (kl_div):  15%|█▌        | 15/100 [02:47<14:49, 10.46s/it, TrL=0.9576, VaL=1.1721, TeL=1.1384 ★=best]
Training MLP (kl_div):  16%|█▌        | 16/100 [02:47<14:37, 10.45s/it, TrL=0.9576, VaL=1.1721, TeL=1.1384 ★=best]
Training MLP (kl_div):  16%|█▌        | 16/100 [02:57<14:37, 10.45s/it, TrL=0.9416, VaL=1.1706, TeL=1.1343 ★=best]
Training MLP (kl_div):  17%|█▋        | 17/100 [02:57<14:27, 10.45s/it, TrL=0.9416, VaL=1.1706, TeL=1.1343 ★=best]
Training MLP (kl_div):  17%|█▋        | 17/100 [03:08<14:27, 10.45s/it, TrL=0.9304, VaL=1.1719, TeL=1.1371]
Training MLP (kl_div):  18%|█▊        | 18/100 [03:08<14:16, 10.45s/it, TrL=0.9304, VaL=1.1719, TeL=1.1371]
Training MLP (kl_div):  18%|█▊        | 18/100 [03:18<14:16, 10.45s/it, TrL=0.9132, VaL=1.1713, TeL=1.1382]
Training MLP (kl_div):  19%|█▉        | 19/100 [03:18<14:06, 10.45s/it, TrL=0.9132, VaL=1.1713, TeL=1.1382]
Training MLP (kl_div):  19%|█▉        | 19/100 [03:29<14:06, 10.45s/it, TrL=0.9009, VaL=1.1698, TeL=1.1379 ★=best]
Training MLP (kl_div):  20%|██        | 20/100 [03:29<13:55, 10.44s/it, TrL=0.9009, VaL=1.1698, TeL=1.1379 ★=best]
Training MLP (kl_div):  20%|██        | 20/100 [03:39<13:55, 10.44s/it, TrL=0.8903, VaL=1.1731, TeL=1.1401]
Training MLP (kl_div):  21%|██        | 21/100 [03:39<13:44, 10.44s/it, TrL=0.8903, VaL=1.1731, TeL=1.1401]
Training MLP (kl_div):  21%|██        | 21/100 [03:50<13:44, 10.44s/it, TrL=0.8745, VaL=1.1718, TeL=1.1395]
Training MLP (kl_div):  22%|██▏       | 22/100 [03:50<13:36, 10.46s/it, TrL=0.8745, VaL=1.1718, TeL=1.1395]
Training MLP (kl_div):  22%|██▏       | 22/100 [04:00<13:36, 10.46s/it, TrL=0.8617, VaL=1.1817, TeL=1.1430]
Training MLP (kl_div):  23%|██▎       | 23/100 [04:00<13:23, 10.44s/it, TrL=0.8617, VaL=1.1817, TeL=1.1430]
Training MLP (kl_div):  23%|██▎       | 23/100 [04:10<13:23, 10.44s/it, TrL=0.8516, VaL=1.1771, TeL=1.1417]
Training MLP (kl_div):  24%|██▍       | 24/100 [04:10<13:12, 10.43s/it, TrL=0.8516, VaL=1.1771, TeL=1.1417]
Training MLP (kl_div):  24%|██▍       | 24/100 [04:21<13:12, 10.43s/it, TrL=0.8401, VaL=1.1793, TeL=1.1409]
Training MLP (kl_div):  25%|██▌       | 25/100 [04:21<13:02, 10.43s/it, TrL=0.8401, VaL=1.1793, TeL=1.1409]
Training MLP (kl_div):  25%|██▌       | 25/100 [04:32<13:02, 10.43s/it, TrL=0.8297, VaL=1.1859, TeL=1.1485]
Training MLP (kl_div):  26%|██▌       | 26/100 [04:32<13:02, 10.58s/it, TrL=0.8297, VaL=1.1859, TeL=1.1485]
Training MLP (kl_div):  26%|██▌       | 26/100 [04:42<13:02, 10.58s/it, TrL=0.8177, VaL=1.1838, TeL=1.1420]
Training MLP (kl_div):  27%|██▋       | 27/100 [04:42<12:48, 10.53s/it, TrL=0.8177, VaL=1.1838, TeL=1.1420]
Training MLP (kl_div):  27%|██▋       | 27/100 [04:53<12:48, 10.53s/it, TrL=0.8151, VaL=1.1852, TeL=1.1438]
Training MLP (kl_div):  28%|██▊       | 28/100 [04:53<12:36, 10.51s/it, TrL=0.8151, VaL=1.1852, TeL=1.1438]
Training MLP (kl_div):  28%|██▊       | 28/100 [05:03<12:36, 10.51s/it, TrL=0.7748, VaL=1.1886, TeL=1.1463]
Training MLP (kl_div):  29%|██▉       | 29/100 [05:03<12:24, 10.48s/it, TrL=0.7748, VaL=1.1886, TeL=1.1463]
Training MLP (kl_div):  29%|██▉       | 29/100 [05:13<12:24, 10.48s/it, TrL=0.7634, VaL=1.1916, TeL=1.1511]
Training MLP (kl_div):  30%|███       | 30/100 [05:13<12:13, 10.47s/it, TrL=0.7634, VaL=1.1916, TeL=1.1511]
Training MLP (kl_div):  30%|███       | 30/100 [05:24<12:13, 10.47s/it, TrL=0.7548, VaL=1.1931, TeL=1.1530]
Training MLP (kl_div):  31%|███       | 31/100 [05:24<12:01, 10.46s/it, TrL=0.7548, VaL=1.1931, TeL=1.1530]
Training MLP (kl_div):  31%|███       | 31/100 [05:34<12:01, 10.46s/it, TrL=0.7474, VaL=1.1921, TeL=1.1483]
Training MLP (kl_div):  32%|███▏      | 32/100 [05:34<11:50, 10.45s/it, TrL=0.7474, VaL=1.1921, TeL=1.1483]
Training MLP (kl_div):  32%|███▏      | 32/100 [05:45<11:50, 10.45s/it, TrL=0.7409, VaL=1.1983, TeL=1.1559]
Training MLP (kl_div):  33%|███▎      | 33/100 [05:45<11:39, 10.44s/it, TrL=0.7409, VaL=1.1983, TeL=1.1559]
Training MLP (kl_div):  33%|███▎      | 33/100 [05:55<11:39, 10.44s/it, TrL=0.7368, VaL=1.1988, TeL=1.1555]
Training MLP (kl_div):  34%|███▍      | 34/100 [05:55<11:28, 10.43s/it, TrL=0.7368, VaL=1.1988, TeL=1.1555]
Training MLP (kl_div):  34%|███▍      | 34/100 [06:06<11:28, 10.43s/it, TrL=0.7352, VaL=1.1960, TeL=1.1524]
Training MLP (kl_div):  35%|███▌      | 35/100 [06:06<11:17, 10.43s/it, TrL=0.7352, VaL=1.1960, TeL=1.1524]
Training MLP (kl_div):  35%|███▌      | 35/100 [06:16<11:17, 10.43s/it, TrL=0.7299, VaL=1.1986, TeL=1.1551]
Training MLP (kl_div):  36%|███▌      | 36/100 [06:16<11:07, 10.42s/it, TrL=0.7299, VaL=1.1986, TeL=1.1551]
Training MLP (kl_div):  36%|███▌      | 36/100 [06:26<11:07, 10.42s/it, TrL=0.7088, VaL=1.1968, TeL=1.1552]
Training MLP (kl_div):  37%|███▋      | 37/100 [06:26<10:56, 10.42s/it, TrL=0.7088, VaL=1.1968, TeL=1.1552]
Training MLP (kl_div):  37%|███▋      | 37/100 [06:37<10:56, 10.42s/it, TrL=0.7004, VaL=1.2032, TeL=1.1585]
Training MLP (kl_div):  38%|███▊      | 38/100 [06:37<10:46, 10.42s/it, TrL=0.7004, VaL=1.2032, TeL=1.1585]
Training MLP (kl_div):  38%|███▊      | 38/100 [06:47<10:46, 10.42s/it, TrL=0.7013, VaL=1.2029, TeL=1.1604]
Training MLP (kl_div):  39%|███▉      | 39/100 [06:47<10:35, 10.42s/it, TrL=0.7013, VaL=1.2029, TeL=1.1604]
Training MLP (kl_div):  39%|███▉      | 39/100 [06:58<10:35, 10.42s/it, TrL=0.6963, VaL=1.2043, TeL=1.1606]
Training MLP (kl_div):  40%|████      | 40/100 [06:58<10:25, 10.42s/it, TrL=0.6963, VaL=1.2043, TeL=1.1606]2026-04-03 18:04:11,169 INFO Early stopping triggered at epoch 40
Training MLP (kl_div):  40%|████      | 40/100 [06:58<10:27, 10.45s/it, TrL=0.6963, VaL=1.2043, TeL=1.1606]
2026-04-03 18:04:11,176 INFO Strict Checkpoint successfully mapped at: checkpoints/squad/losses_ablation/alignment_mlp_kl_div.pth
2026-04-03 18:04:12,607 INFO --> Ensuring bce model is trained...
2026-04-03 18:04:12,609 INFO Model missing. Triggering training engine for bce...
2026-04-03 18:04:12,610 INFO Loading data for squad | Target Loss Engine: bce
Training MLP (bce):   0%|          | 0/100 [00:00<?, ?it/s]
Training MLP (bce):   0%|          | 0/100 [00:10<?, ?it/s, TrL=0.1533, VaL=0.1300, TeL=0.1284 ★=best]
Training MLP (bce):   1%|          | 1/100 [00:10<17:12, 10.43s/it, TrL=0.1533, VaL=0.1300, TeL=0.1284 ★=best]
Training MLP (bce):   1%|          | 1/100 [00:20<17:12, 10.43s/it, TrL=0.1286, VaL=0.1212, TeL=0.1190 ★=best]
Training MLP (bce):   2%|▏         | 2/100 [00:20<17:04, 10.45s/it, TrL=0.1286, VaL=0.1212, TeL=0.1190 ★=best]
Training MLP (bce):   2%|▏         | 2/100 [00:31<17:04, 10.45s/it, TrL=0.1207, VaL=0.1155, TeL=0.1135 ★=best]
Training MLP (bce):   3%|▎         | 3/100 [00:31<16:50, 10.42s/it, TrL=0.1207, VaL=0.1155, TeL=0.1135 ★=best]
Training MLP (bce):   3%|▎         | 3/100 [00:41<16:50, 10.42s/it, TrL=0.1153, VaL=0.1116, TeL=0.1094 ★=best]
Training MLP (bce):   4%|▍         | 4/100 [00:41<16:41, 10.43s/it, TrL=0.1153, VaL=0.1116, TeL=0.1094 ★=best]
Training MLP (bce):   4%|▍         | 4/100 [00:52<16:41, 10.43s/it, TrL=0.1112, VaL=0.1094, TeL=0.1072 ★=best]
Training MLP (bce):   5%|▌         | 5/100 [00:52<16:31, 10.44s/it, TrL=0.1112, VaL=0.1094, TeL=0.1072 ★=best]
Training MLP (bce):   5%|▌         | 5/100 [01:02<16:31, 10.44s/it, TrL=0.1079, VaL=0.1074, TeL=0.1051 ★=best]
Training MLP (bce):   6%|▌         | 6/100 [01:02<16:22, 10.45s/it, TrL=0.1079, VaL=0.1074, TeL=0.1051 ★=best]
Training MLP (bce):   6%|▌         | 6/100 [01:13<16:22, 10.45s/it, TrL=0.1052, VaL=0.1057, TeL=0.1035 ★=best]
Training MLP (bce):   7%|▋         | 7/100 [01:13<16:11, 10.44s/it, TrL=0.1052, VaL=0.1057, TeL=0.1035 ★=best]
Training MLP (bce):   7%|▋         | 7/100 [01:23<16:11, 10.44s/it, TrL=0.1027, VaL=0.1045, TeL=0.1023 ★=best]
Training MLP (bce):   8%|▊         | 8/100 [01:23<16:00, 10.44s/it, TrL=0.1027, VaL=0.1045, TeL=0.1023 ★=best]
Training MLP (bce):   8%|▊         | 8/100 [01:33<16:00, 10.44s/it, TrL=0.1009, VaL=0.1037, TeL=0.1017 ★=best]
Training MLP (bce):   9%|▉         | 9/100 [01:33<15:49, 10.43s/it, TrL=0.1009, VaL=0.1037, TeL=0.1017 ★=best]
Training MLP (bce):   9%|▉         | 9/100 [01:44<15:49, 10.43s/it, TrL=0.0992, VaL=0.1029, TeL=0.1009 ★=best]
Training MLP (bce):  10%|█         | 10/100 [01:44<15:40, 10.45s/it, TrL=0.0992, VaL=0.1029, TeL=0.1009 ★=best]
Training MLP (bce):  10%|█         | 10/100 [01:54<15:40, 10.45s/it, TrL=0.0977, VaL=0.1031, TeL=0.1008]
Training MLP (bce):  11%|█         | 11/100 [01:54<15:29, 10.44s/it, TrL=0.0977, VaL=0.1031, TeL=0.1008]
Training MLP (bce):  11%|█         | 11/100 [02:05<15:29, 10.44s/it, TrL=0.0959, VaL=0.1019, TeL=0.0996 ★=best]
Training MLP (bce):  12%|█▏        | 12/100 [02:05<15:19, 10.44s/it, TrL=0.0959, VaL=0.1019, TeL=0.0996 ★=best]
Training MLP (bce):  12%|█▏        | 12/100 [02:15<15:19, 10.44s/it, TrL=0.0948, VaL=0.1013, TeL=0.0991 ★=best]
Training MLP (bce):  13%|█▎        | 13/100 [02:15<15:06, 10.43s/it, TrL=0.0948, VaL=0.1013, TeL=0.0991 ★=best]
Training MLP (bce):  13%|█▎        | 13/100 [02:26<15:06, 10.43s/it, TrL=0.0935, VaL=0.1013, TeL=0.0991 ★=best]
Training MLP (bce):  14%|█▍        | 14/100 [02:26<14:58, 10.45s/it, TrL=0.0935, VaL=0.1013, TeL=0.0991 ★=best]
Training MLP (bce):  14%|█▍        | 14/100 [02:36<14:58, 10.45s/it, TrL=0.0924, VaL=0.1005, TeL=0.0983 ★=best]
Training MLP (bce):  15%|█▌        | 15/100 [02:36<14:48, 10.45s/it, TrL=0.0924, VaL=0.1005, TeL=0.0983 ★=best]
Training MLP (bce):  15%|█▌        | 15/100 [02:47<14:48, 10.45s/it, TrL=0.0915, VaL=0.1004, TeL=0.0983 ★=best]
Training MLP (bce):  16%|█▌        | 16/100 [02:47<14:38, 10.45s/it, TrL=0.0915, VaL=0.1004, TeL=0.0983 ★=best]
Training MLP (bce):  16%|█▌        | 16/100 [02:57<14:38, 10.45s/it, TrL=0.0903, VaL=0.1003, TeL=0.0978 ★=best]
Training MLP (bce):  17%|█▋        | 17/100 [02:57<14:27, 10.45s/it, TrL=0.0903, VaL=0.1003, TeL=0.0978 ★=best]
Training MLP (bce):  17%|█▋        | 17/100 [03:07<14:27, 10.45s/it, TrL=0.0895, VaL=0.1005, TeL=0.0981]
Training MLP (bce):  18%|█▊        | 18/100 [03:07<14:14, 10.42s/it, TrL=0.0895, VaL=0.1005, TeL=0.0981]
Training MLP (bce):  18%|█▊        | 18/100 [03:18<14:14, 10.42s/it, TrL=0.0887, VaL=0.0997, TeL=0.0972 ★=best]
Training MLP (bce):  19%|█▉        | 19/100 [03:18<14:05, 10.44s/it, TrL=0.0887, VaL=0.0997, TeL=0.0972 ★=best]
Training MLP (bce):  19%|█▉        | 19/100 [03:28<14:05, 10.44s/it, TrL=0.0880, VaL=0.0998, TeL=0.0976]
Training MLP (bce):  20%|██        | 20/100 [03:28<13:55, 10.44s/it, TrL=0.0880, VaL=0.0998, TeL=0.0976]
Training MLP (bce):  20%|██        | 20/100 [03:39<13:55, 10.44s/it, TrL=0.0875, VaL=0.0994, TeL=0.0972 ★=best]
Training MLP (bce):  21%|██        | 21/100 [03:39<13:45, 10.45s/it, TrL=0.0875, VaL=0.0994, TeL=0.0972 ★=best]
Training MLP (bce):  21%|██        | 21/100 [03:49<13:45, 10.45s/it, TrL=0.0867, VaL=0.0994, TeL=0.0970 ★=best]
Training MLP (bce):  22%|██▏       | 22/100 [03:49<13:35, 10.45s/it, TrL=0.0867, VaL=0.0994, TeL=0.0970 ★=best]
Training MLP (bce):  22%|██▏       | 22/100 [04:00<13:35, 10.45s/it, TrL=0.0861, VaL=0.0994, TeL=0.0972 ★=best]
Training MLP (bce):  23%|██▎       | 23/100 [04:00<13:24, 10.44s/it, TrL=0.0861, VaL=0.0994, TeL=0.0972 ★=best]
Training MLP (bce):  23%|██▎       | 23/100 [04:10<13:24, 10.44s/it, TrL=0.0854, VaL=0.0996, TeL=0.0973]
Training MLP (bce):  24%|██▍       | 24/100 [04:10<13:13, 10.44s/it, TrL=0.0854, VaL=0.0996, TeL=0.0973]
Training MLP (bce):  24%|██▍       | 24/100 [04:21<13:13, 10.44s/it, TrL=0.0850, VaL=0.0992, TeL=0.0969 ★=best]
Training MLP (bce):  25%|██▌       | 25/100 [04:21<13:03, 10.44s/it, TrL=0.0850, VaL=0.0992, TeL=0.0969 ★=best]
Training MLP (bce):  25%|██▌       | 25/100 [04:31<13:03, 10.44s/it, TrL=0.0844, VaL=0.0993, TeL=0.0971]
Training MLP (bce):  26%|██▌       | 26/100 [04:31<12:52, 10.43s/it, TrL=0.0844, VaL=0.0993, TeL=0.0971]
Training MLP (bce):  26%|██▌       | 26/100 [04:41<12:52, 10.43s/it, TrL=0.0838, VaL=0.0991, TeL=0.0971 ★=best]
Training MLP (bce):  27%|██▋       | 27/100 [04:41<12:41, 10.42s/it, TrL=0.0838, VaL=0.0991, TeL=0.0971 ★=best]
Training MLP (bce):  27%|██▋       | 27/100 [04:52<12:41, 10.42s/it, TrL=0.0834, VaL=0.0990, TeL=0.0970 ★=best]
Training MLP (bce):  28%|██▊       | 28/100 [04:52<12:30, 10.43s/it, TrL=0.0834, VaL=0.0990, TeL=0.0970 ★=best]
Training MLP (bce):  28%|██▊       | 28/100 [05:02<12:30, 10.43s/it, TrL=0.0829, VaL=0.0990, TeL=0.0970 ★=best]
Training MLP (bce):  29%|██▉       | 29/100 [05:02<12:20, 10.43s/it, TrL=0.0829, VaL=0.0990, TeL=0.0970 ★=best]
Training MLP (bce):  29%|██▉       | 29/100 [05:13<12:20, 10.43s/it, TrL=0.0826, VaL=0.0990, TeL=0.0969 ★=best]
Training MLP (bce):  30%|███       | 30/100 [05:13<12:10, 10.44s/it, TrL=0.0826, VaL=0.0990, TeL=0.0969 ★=best]
Training MLP (bce):  30%|███       | 30/100 [05:23<12:10, 10.44s/it, TrL=0.0821, VaL=0.0987, TeL=0.0965 ★=best]
Training MLP (bce):  31%|███       | 31/100 [05:23<12:00, 10.44s/it, TrL=0.0821, VaL=0.0987, TeL=0.0965 ★=best]
Training MLP (bce):  31%|███       | 31/100 [05:34<12:00, 10.44s/it, TrL=0.0815, VaL=0.0993, TeL=0.0971]
Training MLP (bce):  32%|███▏      | 32/100 [05:34<11:50, 10.45s/it, TrL=0.0815, VaL=0.0993, TeL=0.0971]
Training MLP (bce):  32%|███▏      | 32/100 [05:44<11:50, 10.45s/it, TrL=0.0813, VaL=0.0990, TeL=0.0969]
Training MLP (bce):  33%|███▎      | 33/100 [05:44<11:40, 10.45s/it, TrL=0.0813, VaL=0.0990, TeL=0.0969]
Training MLP (bce):  33%|███▎      | 33/100 [05:55<11:40, 10.45s/it, TrL=0.0809, VaL=0.0990, TeL=0.0971]
Training MLP (bce):  34%|███▍      | 34/100 [05:55<11:29, 10.45s/it, TrL=0.0809, VaL=0.0990, TeL=0.0971]
Training MLP (bce):  34%|███▍      | 34/100 [06:05<11:29, 10.45s/it, TrL=0.0804, VaL=0.0992, TeL=0.0972]
Training MLP (bce):  35%|███▌      | 35/100 [06:05<11:19, 10.46s/it, TrL=0.0804, VaL=0.0992, TeL=0.0972]
Training MLP (bce):  35%|███▌      | 35/100 [06:15<11:19, 10.46s/it, TrL=0.0801, VaL=0.0985, TeL=0.0964 ★=best]
Training MLP (bce):  36%|███▌      | 36/100 [06:15<11:09, 10.46s/it, TrL=0.0801, VaL=0.0985, TeL=0.0964 ★=best]
Training MLP (bce):  36%|███▌      | 36/100 [06:26<11:09, 10.46s/it, TrL=0.0795, VaL=0.0986, TeL=0.0965]
Training MLP (bce):  37%|███▋      | 37/100 [06:26<10:58, 10.46s/it, TrL=0.0795, VaL=0.0986, TeL=0.0965]
Training MLP (bce):  37%|███▋      | 37/100 [06:36<10:58, 10.46s/it, TrL=0.0794, VaL=0.0988, TeL=0.0965]
Training MLP (bce):  38%|███▊      | 38/100 [06:36<10:48, 10.46s/it, TrL=0.0794, VaL=0.0988, TeL=0.0965]
Training MLP (bce):  38%|███▊      | 38/100 [06:47<10:48, 10.46s/it, TrL=0.0791, VaL=0.0986, TeL=0.0966]
Training MLP (bce):  39%|███▉      | 39/100 [06:47<10:49, 10.64s/it, TrL=0.0791, VaL=0.0986, TeL=0.0966]
Training MLP (bce):  39%|███▉      | 39/100 [06:58<10:49, 10.64s/it, TrL=0.0788, VaL=0.0989, TeL=0.0967]
Training MLP (bce):  40%|████      | 40/100 [06:58<10:34, 10.57s/it, TrL=0.0788, VaL=0.0989, TeL=0.0967]
Training MLP (bce):  40%|████      | 40/100 [07:08<10:34, 10.57s/it, TrL=0.0784, VaL=0.0983, TeL=0.0963 ★=best]
Training MLP (bce):  41%|████      | 41/100 [07:08<10:20, 10.52s/it, TrL=0.0784, VaL=0.0983, TeL=0.0963 ★=best]
Training MLP (bce):  41%|████      | 41/100 [07:19<10:20, 10.52s/it, TrL=0.0782, VaL=0.0986, TeL=0.0967]
Training MLP (bce):  42%|████▏     | 42/100 [07:19<10:09, 10.50s/it, TrL=0.0782, VaL=0.0986, TeL=0.0967]
Training MLP (bce):  42%|████▏     | 42/100 [07:29<10:09, 10.50s/it, TrL=0.0780, VaL=0.0989, TeL=0.0967]
Training MLP (bce):  43%|████▎     | 43/100 [07:29<09:57, 10.48s/it, TrL=0.0780, VaL=0.0989, TeL=0.0967]
Training MLP (bce):  43%|████▎     | 43/100 [07:40<09:57, 10.48s/it, TrL=0.0777, VaL=0.0983, TeL=0.0965]
Training MLP (bce):  44%|████▍     | 44/100 [07:40<09:46, 10.48s/it, TrL=0.0777, VaL=0.0983, TeL=0.0965]
Training MLP (bce):  44%|████▍     | 44/100 [07:50<09:46, 10.48s/it, TrL=0.0776, VaL=0.0995, TeL=0.0976]
Training MLP (bce):  45%|████▌     | 45/100 [07:50<09:34, 10.44s/it, TrL=0.0776, VaL=0.0995, TeL=0.0976]
Training MLP (bce):  45%|████▌     | 45/100 [08:00<09:34, 10.44s/it, TrL=0.0772, VaL=0.0988, TeL=0.0969]
Training MLP (bce):  46%|████▌     | 46/100 [08:00<09:23, 10.44s/it, TrL=0.0772, VaL=0.0988, TeL=0.0969]
Training MLP (bce):  46%|████▌     | 46/100 [08:11<09:23, 10.44s/it, TrL=0.0769, VaL=0.0992, TeL=0.0972]
Training MLP (bce):  47%|████▋     | 47/100 [08:11<09:13, 10.44s/it, TrL=0.0769, VaL=0.0992, TeL=0.0972]
Training MLP (bce):  47%|████▋     | 47/100 [08:21<09:13, 10.44s/it, TrL=0.0765, VaL=0.0988, TeL=0.0965]
Training MLP (bce):  48%|████▊     | 48/100 [08:21<09:02, 10.44s/it, TrL=0.0765, VaL=0.0988, TeL=0.0965]
Training MLP (bce):  48%|████▊     | 48/100 [08:32<09:02, 10.44s/it, TrL=0.0764, VaL=0.0988, TeL=0.0966]
Training MLP (bce):  49%|████▉     | 49/100 [08:32<08:52, 10.44s/it, TrL=0.0764, VaL=0.0988, TeL=0.0966]
Training MLP (bce):  49%|████▉     | 49/100 [08:42<08:52, 10.44s/it, TrL=0.0744, VaL=0.0989, TeL=0.0967]
Training MLP (bce):  50%|█████     | 50/100 [08:42<08:41, 10.43s/it, TrL=0.0744, VaL=0.0989, TeL=0.0967]
Training MLP (bce):  50%|█████     | 50/100 [08:53<08:41, 10.43s/it, TrL=0.0739, VaL=0.0989, TeL=0.0966]
Training MLP (bce):  51%|█████     | 51/100 [08:53<08:31, 10.44s/it, TrL=0.0739, VaL=0.0989, TeL=0.0966]
Training MLP (bce):  51%|█████     | 51/100 [09:03<08:31, 10.44s/it, TrL=0.0737, VaL=0.0992, TeL=0.0971]
Training MLP (bce):  52%|█████▏    | 52/100 [09:03<08:20, 10.43s/it, TrL=0.0737, VaL=0.0992, TeL=0.0971]
Training MLP (bce):  52%|█████▏    | 52/100 [09:13<08:20, 10.43s/it, TrL=0.0736, VaL=0.0989, TeL=0.0967]
Training MLP (bce):  53%|█████▎    | 53/100 [09:13<08:10, 10.43s/it, TrL=0.0736, VaL=0.0989, TeL=0.0967]
Training MLP (bce):  53%|█████▎    | 53/100 [09:24<08:10, 10.43s/it, TrL=0.0732, VaL=0.0987, TeL=0.0965]
Training MLP (bce):  54%|█████▍    | 54/100 [09:24<08:00, 10.44s/it, TrL=0.0732, VaL=0.0987, TeL=0.0965]
Training MLP (bce):  54%|█████▍    | 54/100 [09:34<08:00, 10.44s/it, TrL=0.0731, VaL=0.0989, TeL=0.0966]
Training MLP (bce):  55%|█████▌    | 55/100 [09:34<07:49, 10.44s/it, TrL=0.0731, VaL=0.0989, TeL=0.0966]
Training MLP (bce):  55%|█████▌    | 55/100 [09:45<07:49, 10.44s/it, TrL=0.0730, VaL=0.0992, TeL=0.0968]
Training MLP (bce):  56%|█████▌    | 56/100 [09:45<07:38, 10.43s/it, TrL=0.0730, VaL=0.0992, TeL=0.0968]
Training MLP (bce):  56%|█████▌    | 56/100 [09:55<07:38, 10.43s/it, TrL=0.0727, VaL=0.0990, TeL=0.0968]
Training MLP (bce):  57%|█████▋    | 57/100 [09:55<07:28, 10.43s/it, TrL=0.0727, VaL=0.0990, TeL=0.0968]
Training MLP (bce):  57%|█████▋    | 57/100 [10:06<07:28, 10.43s/it, TrL=0.0717, VaL=0.0989, TeL=0.0967]
Training MLP (bce):  58%|█████▊    | 58/100 [10:06<07:17, 10.41s/it, TrL=0.0717, VaL=0.0989, TeL=0.0967]
Training MLP (bce):  58%|█████▊    | 58/100 [10:16<07:17, 10.41s/it, TrL=0.0713, VaL=0.0989, TeL=0.0967]
Training MLP (bce):  59%|█████▉    | 59/100 [10:16<07:07, 10.42s/it, TrL=0.0713, VaL=0.0989, TeL=0.0967]
Training MLP (bce):  59%|█████▉    | 59/100 [10:26<07:07, 10.42s/it, TrL=0.0712, VaL=0.0988, TeL=0.0966]
Training MLP (bce):  60%|██████    | 60/100 [10:26<06:56, 10.42s/it, TrL=0.0712, VaL=0.0988, TeL=0.0966]
Training MLP (bce):  60%|██████    | 60/100 [10:37<06:56, 10.42s/it, TrL=0.0711, VaL=0.0989, TeL=0.0966]
Training MLP (bce):  61%|██████    | 61/100 [10:37<06:46, 10.43s/it, TrL=0.0711, VaL=0.0989, TeL=0.0966]2026-04-03 18:14:59,396 INFO Early stopping triggered at epoch 61
Training MLP (bce):  61%|██████    | 61/100 [10:37<06:47, 10.45s/it, TrL=0.0711, VaL=0.0989, TeL=0.0966]
2026-04-03 18:14:59,403 INFO Strict Checkpoint successfully mapped at: checkpoints/squad/losses_ablation/alignment_mlp_bce.pth
2026-04-03 18:15:00,981 INFO --> Loading Engine for Side-by-Side Evaluation...
2026-04-03 18:15:26,847 INFO Load pretrained SentenceTransformer: multi-qa-MiniLM-L6-cos-v1
2026-04-03 18:15:27,509 INFO Benchmark split (squad): 91223 train / 26063 val / 13033 test
Batches:   4%|▍         | 16/408 [00:00<00:02, 155.27it/s]
Batches:   8%|▊         | 34/408 [00:00<00:02, 165.15it/s]
Batches:  12%|█▎        | 51/408 [00:00<00:02, 165.82it/s]
Batches:  17%|█▋        | 69/408 [00:00<00:02, 168.60it/s]
Batches:  21%|██        | 86/408 [00:00<00:01, 168.65it/s]
Batches:  25%|██▌       | 103/408 [00:01<00:05, 58.19it/s]
Batches:  30%|██▉       | 121/408 [00:01<00:03, 74.98it/s]
Batches:  34%|███▍      | 139/408 [00:01<00:02, 91.85it/s]
Batches:  38%|███▊      | 157/408 [00:01<00:02, 108.31it/s]
Batches:  43%|████▎     | 175/408 [00:01<00:01, 122.91it/s]
Batches:  47%|████▋     | 193/408 [00:01<00:01, 135.42it/s]
Batches:  52%|█████▏    | 211/408 [00:01<00:01, 146.20it/s]
Batches:  56%|█████▋    | 230/408 [00:01<00:01, 156.97it/s]
Batches:  61%|██████    | 249/408 [00:02<00:00, 164.54it/s]
Batches:  66%|██████▌   | 268/408 [00:02<00:00, 169.78it/s]
Batches:  70%|███████   | 287/408 [00:02<00:00, 173.84it/s]
Batches:  75%|███████▌  | 306/408 [00:02<00:00, 177.42it/s]
Batches:  80%|███████▉  | 325/408 [00:02<00:00, 178.63it/s]
Batches:  84%|████████▍ | 344/408 [00:02<00:00, 180.76it/s]
Batches:  89%|████████▉ | 363/408 [00:02<00:00, 181.75it/s]
Batches:  94%|█████████▎| 382/408 [00:02<00:00, 183.99it/s]
Benchmarking (mlp):   0%|          | 0/13033 [00:00<?, ?it/s]
Benchmarking (mlp):   2%|▏         | 223/13033 [00:00<00:05, 2226.10it/s]
Benchmarking (mlp):   4%|▍         | 500/13033 [00:00<00:04, 2540.20it/s]
Benchmarking (mlp):   6%|▌         | 779/13033 [00:00<00:04, 2650.90it/s]
Benchmarking (mlp):   8%|▊         | 1059/13033 [00:00<00:04, 2706.04it/s]
Benchmarking (mlp):  10%|█         | 1341/13033 [00:00<00:04, 2744.53it/s]
Benchmarking (mlp):  12%|█▏        | 1616/13033 [00:00<00:04, 2745.41it/s]
Benchmarking (mlp):  15%|█▍        | 1894/13033 [00:00<00:04, 2755.65it/s]
Benchmarking (mlp):  17%|█▋        | 2170/13033 [00:00<00:03, 2749.85it/s]
Benchmarking (mlp):  19%|█▉        | 2448/13033 [00:00<00:03, 2756.21it/s]
Benchmarking (mlp):  21%|██        | 2725/13033 [00:01<00:03, 2757.53it/s]
Benchmarking (mlp):  23%|██▎       | 3004/13033 [00:01<00:03, 2764.52it/s]
Benchmarking (mlp):  25%|██▌       | 3283/13033 [00:01<00:03, 2770.20it/s]
Benchmarking (mlp):  27%|██▋       | 3563/13033 [00:01<00:03, 2777.58it/s]
Benchmarking (mlp):  29%|██▉       | 3841/13033 [00:01<00:03, 2774.79it/s]
Benchmarking (mlp):  32%|███▏      | 4119/13033 [00:01<00:03, 2775.11it/s]
Benchmarking (mlp):  34%|███▎      | 4397/13033 [00:01<00:03, 2774.82it/s]
Benchmarking (mlp):  36%|███▌      | 4676/13033 [00:01<00:03, 2776.59it/s]
Benchmarking (mlp):  38%|███▊      | 4961/13033 [00:01<00:02, 2798.40it/s]
Benchmarking (mlp):  40%|████      | 5245/13033 [00:01<00:02, 2808.29it/s]
Benchmarking (mlp):  42%|████▏     | 5526/13033 [00:02<00:02, 2804.19it/s]
Benchmarking (mlp):  45%|████▍     | 5807/13033 [00:02<00:02, 2799.68it/s]
Benchmarking (mlp):  47%|████▋     | 6087/13033 [00:02<00:02, 2797.62it/s]
Benchmarking (mlp):  49%|████▉     | 6367/13033 [00:02<00:02, 2797.31it/s]
Benchmarking (mlp):  51%|█████     | 6648/13033 [00:02<00:02, 2799.79it/s]
Benchmarking (mlp):  53%|█████▎    | 6928/13033 [00:02<00:02, 2796.30it/s]
Benchmarking (mlp):  55%|█████▌    | 7208/13033 [00:02<00:02, 2796.71it/s]
Benchmarking (mlp):  57%|█████▋    | 7488/13033 [00:02<00:01, 2797.02it/s]
Benchmarking (mlp):  60%|█████▉    | 7771/13033 [00:02<00:01, 2804.64it/s]
Benchmarking (mlp):  62%|██████▏   | 8056/13033 [00:02<00:01, 2815.64it/s]
Benchmarking (mlp):  64%|██████▍   | 8341/13033 [00:03<00:01, 2823.75it/s]
Benchmarking (mlp):  66%|██████▌   | 8624/13033 [00:03<00:01, 2824.49it/s]
Benchmarking (mlp):  68%|██████▊   | 8909/13033 [00:03<00:01, 2830.29it/s]
Benchmarking (mlp):  71%|███████   | 9193/13033 [00:03<00:01, 2828.89it/s]
Benchmarking (mlp):  73%|███████▎  | 9478/13033 [00:03<00:01, 2833.21it/s]
Benchmarking (mlp):  75%|███████▍  | 9763/13033 [00:03<00:01, 2836.62it/s]
Benchmarking (mlp):  77%|███████▋  | 10047/13033 [00:03<00:01, 2834.04it/s]
Benchmarking (mlp):  79%|███████▉  | 10331/13033 [00:03<00:00, 2835.05it/s]
Benchmarking (mlp):  81%|████████▏ | 10615/13033 [00:03<00:00, 2820.58it/s]
Benchmarking (mlp):  84%|████████▎ | 10898/13033 [00:03<00:00, 2812.31it/s]
Benchmarking (mlp):  86%|████████▌ | 11180/13033 [00:04<00:00, 2808.10it/s]
Benchmarking (mlp):  88%|████████▊ | 11462/13033 [00:04<00:00, 2809.24it/s]
Benchmarking (mlp):  90%|█████████ | 11744/13033 [00:04<00:00, 2811.73it/s]
Benchmarking (mlp):  92%|█████████▏| 12026/13033 [00:04<00:00, 2808.67it/s]
Benchmarking (mlp):  94%|█████████▍| 12308/13033 [00:04<00:00, 2811.78it/s]
Benchmarking (mlp):  97%|█████████▋| 12590/13033 [00:04<00:00, 2812.28it/s]
Benchmarking (mlp):  99%|█████████▉| 12872/13033 [00:04<00:00, 2795.26it/s]
Benchmarking (mlp):   0%|          | 0/13033 [00:00<?, ?it/s]
Benchmarking (mlp):   2%|▏         | 278/13033 [00:00<00:04, 2777.09it/s]
Benchmarking (mlp):   4%|▍         | 557/13033 [00:00<00:04, 2781.96it/s]
Benchmarking (mlp):   6%|▋         | 837/13033 [00:00<00:04, 2786.12it/s]
Benchmarking (mlp):   9%|▊         | 1116/13033 [00:00<00:04, 2786.04it/s]
Benchmarking (mlp):  11%|█         | 1396/13033 [00:00<00:04, 2788.33it/s]
Benchmarking (mlp):  13%|█▎        | 1675/13033 [00:00<00:04, 2785.14it/s]
Benchmarking (mlp):  15%|█▍        | 1954/13033 [00:00<00:03, 2786.38it/s]
Benchmarking (mlp):  17%|█▋        | 2235/13033 [00:00<00:03, 2791.94it/s]
Benchmarking (mlp):  19%|█▉        | 2515/13033 [00:00<00:03, 2790.53it/s]
Benchmarking (mlp):  21%|██▏       | 2795/13033 [00:01<00:03, 2792.28it/s]
Benchmarking (mlp):  24%|██▎       | 3075/13033 [00:01<00:03, 2789.73it/s]
Benchmarking (mlp):  26%|██▌       | 3356/13033 [00:01<00:03, 2794.91it/s]
Benchmarking (mlp):  28%|██▊       | 3637/13033 [00:01<00:03, 2797.81it/s]
Benchmarking (mlp):  30%|███       | 3919/13033 [00:01<00:03, 2802.53it/s]
Benchmarking (mlp):  32%|███▏      | 4201/13033 [00:01<00:03, 2806.14it/s]
Benchmarking (mlp):  34%|███▍      | 4482/13033 [00:01<00:03, 2806.81it/s]
Benchmarking (mlp):  37%|███▋      | 4763/13033 [00:01<00:02, 2805.15it/s]
Benchmarking (mlp):  39%|███▊      | 5044/13033 [00:01<00:02, 2797.62it/s]
Benchmarking (mlp):  41%|████      | 5324/13033 [00:01<00:02, 2794.00it/s]
Benchmarking (mlp):  43%|████▎     | 5604/13033 [00:02<00:02, 2792.95it/s]
Benchmarking (mlp):  45%|████▌     | 5884/13033 [00:02<00:02, 2793.03it/s]
Benchmarking (mlp):  47%|████▋     | 6164/13033 [00:02<00:02, 2791.87it/s]
Benchmarking (mlp):  49%|████▉     | 6444/13033 [00:02<00:02, 2793.85it/s]
Benchmarking (mlp):  52%|█████▏    | 6724/13033 [00:02<00:02, 2795.21it/s]
Benchmarking (mlp):  54%|█████▎    | 7005/13033 [00:02<00:02, 2798.74it/s]
Benchmarking (mlp):  56%|█████▌    | 7285/13033 [00:02<00:02, 2798.59it/s]
Benchmarking (mlp):  58%|█████▊    | 7565/13033 [00:02<00:01, 2796.41it/s]
Benchmarking (mlp):  60%|██████    | 7845/13033 [00:02<00:01, 2795.68it/s]
Benchmarking (mlp):  62%|██████▏   | 8125/13033 [00:02<00:01, 2796.91it/s]
Benchmarking (mlp):  64%|██████▍   | 8405/13033 [00:03<00:01, 2796.27it/s]
Benchmarking (mlp):  67%|██████▋   | 8685/13033 [00:03<00:01, 2793.54it/s]
Benchmarking (mlp):  69%|██████▉   | 8966/13033 [00:03<00:01, 2795.97it/s]
Benchmarking (mlp):  71%|███████   | 9246/13033 [00:03<00:01, 2776.30it/s]
Benchmarking (mlp):  73%|███████▎  | 9526/13033 [00:03<00:01, 2780.71it/s]
Benchmarking (mlp):  75%|███████▌  | 9807/13033 [00:03<00:01, 2789.12it/s]
Benchmarking (mlp):  77%|███████▋  | 10086/13033 [00:03<00:01, 2784.68it/s]
Benchmarking (mlp):  80%|███████▉  | 10366/13033 [00:03<00:00, 2788.97it/s]
Benchmarking (mlp):  82%|████████▏ | 10645/13033 [00:03<00:00, 2785.54it/s]
Benchmarking (mlp):  84%|████████▍ | 10924/13033 [00:03<00:00, 2778.78it/s]
Benchmarking (mlp):  86%|████████▌ | 11204/13033 [00:04<00:00, 2783.17it/s]
Benchmarking (mlp):  88%|████████▊ | 11485/13033 [00:04<00:00, 2788.26it/s]
Benchmarking (mlp):  90%|█████████ | 11765/13033 [00:04<00:00, 2790.02it/s]
Benchmarking (mlp):  92%|█████████▏| 12045/13033 [00:04<00:00, 2789.78it/s]
Benchmarking (mlp):  95%|█████████▍| 12326/13033 [00:04<00:00, 2795.52it/s]
Benchmarking (mlp):  97%|█████████▋| 12606/13033 [00:04<00:00, 2787.19it/s]
Benchmarking (mlp):  99%|█████████▉| 12886/13033 [00:04<00:00, 2788.55it/s]
Benchmarking (mlp):   0%|          | 0/13033 [00:00<?, ?it/s]
Benchmarking (mlp):   2%|▏         | 277/13033 [00:00<00:04, 2769.18it/s]
Benchmarking (mlp):   4%|▍         | 555/13033 [00:00<00:04, 2771.53it/s]
Benchmarking (mlp):   6%|▋         | 834/13033 [00:00<00:04, 2775.79it/s]
Benchmarking (mlp):   9%|▊         | 1112/13033 [00:00<00:04, 2776.37it/s]
Benchmarking (mlp):  11%|█         | 1390/13033 [00:00<00:04, 2775.03it/s]
Benchmarking (mlp):  13%|█▎        | 1668/13033 [00:00<00:04, 2768.82it/s]
Benchmarking (mlp):  15%|█▍        | 1947/13033 [00:00<00:03, 2772.86it/s]
Benchmarking (mlp):  17%|█▋        | 2226/13033 [00:00<00:03, 2776.24it/s]
Benchmarking (mlp):  19%|█▉        | 2507/13033 [00:00<00:03, 2785.05it/s]
Benchmarking (mlp):  21%|██▏       | 2787/13033 [00:01<00:03, 2789.01it/s]
Benchmarking (mlp):  24%|██▎       | 3067/13033 [00:01<00:03, 2791.01it/s]
Benchmarking (mlp):  26%|██▌       | 3347/13033 [00:01<00:03, 2793.59it/s]
Benchmarking (mlp):  28%|██▊       | 3627/13033 [00:01<00:03, 2780.63it/s]
Benchmarking (mlp):  30%|██▉       | 3907/13033 [00:01<00:03, 2784.95it/s]
Benchmarking (mlp):  32%|███▏      | 4188/13033 [00:01<00:03, 2790.07it/s]
Benchmarking (mlp):  34%|███▍      | 4469/13033 [00:01<00:03, 2794.70it/s]
Benchmarking (mlp):  36%|███▋      | 4752/13033 [00:01<00:02, 2803.58it/s]
Benchmarking (mlp):  39%|███▊      | 5033/13033 [00:01<00:02, 2804.17it/s]
Benchmarking (mlp):  41%|████      | 5314/13033 [00:01<00:02, 2805.41it/s]
Benchmarking (mlp):  43%|████▎     | 5596/13033 [00:02<00:02, 2807.79it/s]
Benchmarking (mlp):  45%|████▌     | 5877/13033 [00:02<00:02, 2806.70it/s]
Benchmarking (mlp):  47%|████▋     | 6158/13033 [00:02<00:02, 2805.07it/s]
Benchmarking (mlp):  49%|████▉     | 6439/13033 [00:02<00:02, 2802.55it/s]
Benchmarking (mlp):  52%|█████▏    | 6720/13033 [00:02<00:02, 2801.63it/s]
Benchmarking (mlp):  54%|█████▎    | 7001/13033 [00:02<00:02, 2800.72it/s]
Benchmarking (mlp):  56%|█████▌    | 7282/13033 [00:02<00:02, 2801.19it/s]
Benchmarking (mlp):  58%|█████▊    | 7564/13033 [00:02<00:01, 2806.78it/s]
Benchmarking (mlp):  60%|██████    | 7846/13033 [00:02<00:01, 2808.75it/s]
Benchmarking (mlp):  62%|██████▏   | 8128/13033 [00:02<00:01, 2810.82it/s]
Benchmarking (mlp):  65%|██████▍   | 8411/13033 [00:03<00:01, 2813.96it/s]
Benchmarking (mlp):  67%|██████▋   | 8693/13033 [00:03<00:01, 2809.97it/s]
Benchmarking (mlp):  69%|██████▉   | 8976/13033 [00:03<00:01, 2815.24it/s]
Benchmarking (mlp):  71%|███████   | 9258/13033 [00:03<00:01, 2816.39it/s]
Benchmarking (mlp):  73%|███████▎  | 9541/13033 [00:03<00:01, 2817.60it/s]
Benchmarking (mlp):  75%|███████▌  | 9824/13033 [00:03<00:01, 2820.15it/s]
Benchmarking (mlp):  78%|███████▊  | 10107/13033 [00:03<00:01, 2821.10it/s]
Benchmarking (mlp):  80%|███████▉  | 10390/13033 [00:03<00:00, 2818.39it/s]
Benchmarking (mlp):  82%|████████▏ | 10672/13033 [00:03<00:00, 2807.15it/s]
Benchmarking (mlp):  84%|████████▍ | 10954/13033 [00:03<00:00, 2809.05it/s]
Benchmarking (mlp):  86%|████████▌ | 11236/13033 [00:04<00:00, 2811.31it/s]
Benchmarking (mlp):  88%|████████▊ | 11518/13033 [00:04<00:00, 2812.14it/s]
Benchmarking (mlp):  91%|█████████ | 11800/13033 [00:04<00:00, 2813.72it/s]
Benchmarking (mlp):  93%|█████████▎| 12082/13033 [00:04<00:00, 2797.28it/s]
Benchmarking (mlp):  95%|█████████▍| 12362/13033 [00:04<00:00, 2787.95it/s]
Benchmarking (mlp):  97%|█████████▋| 12641/13033 [00:04<00:00, 2783.30it/s]
Benchmarking (mlp):  99%|█████████▉| 12920/13033 [00:04<00:00, 2774.95it/s]
Benchmarking (mlp):   0%|          | 0/13033 [00:00<?, ?it/s]
Benchmarking (mlp):   2%|▏         | 277/13033 [00:00<00:04, 2769.85it/s]
Benchmarking (mlp):   4%|▍         | 555/13033 [00:00<00:04, 2774.74it/s]
Benchmarking (mlp):   6%|▋         | 834/13033 [00:00<00:04, 2778.05it/s]
Benchmarking (mlp):   9%|▊         | 1112/13033 [00:00<00:04, 2777.67it/s]
Benchmarking (mlp):  11%|█         | 1390/13033 [00:00<00:04, 2772.49it/s]
Benchmarking (mlp):  13%|█▎        | 1668/13033 [00:00<00:04, 2768.25it/s]
Benchmarking (mlp):  15%|█▍        | 1945/13033 [00:00<00:04, 2766.70it/s]
Benchmarking (mlp):  17%|█▋        | 2223/13033 [00:00<00:03, 2768.01it/s]
Benchmarking (mlp):  19%|█▉        | 2501/13033 [00:00<00:03, 2771.41it/s]
Benchmarking (mlp):  21%|██▏       | 2779/13033 [00:01<00:03, 2772.97it/s]
Benchmarking (mlp):  23%|██▎       | 3057/13033 [00:01<00:03, 2772.96it/s]
Benchmarking (mlp):  26%|██▌       | 3336/13033 [00:01<00:03, 2775.53it/s]
Benchmarking (mlp):  28%|██▊       | 3614/13033 [00:01<00:03, 2775.51it/s]
Benchmarking (mlp):  30%|██▉       | 3892/13033 [00:01<00:03, 2771.71it/s]
Benchmarking (mlp):  32%|███▏      | 4174/13033 [00:01<00:03, 2785.52it/s]
Benchmarking (mlp):  34%|███▍      | 4453/13033 [00:01<00:03, 2782.92it/s]
Benchmarking (mlp):  36%|███▋      | 4732/13033 [00:01<00:02, 2784.54it/s]
Benchmarking (mlp):  38%|███▊      | 5015/13033 [00:01<00:02, 2797.31it/s]
Benchmarking (mlp):  41%|████      | 5295/13033 [00:01<00:02, 2794.42it/s]
Benchmarking (mlp):  43%|████▎     | 5576/13033 [00:02<00:02, 2798.70it/s]
Benchmarking (mlp):  45%|████▍     | 5857/13033 [00:02<00:02, 2801.27it/s]
Benchmarking (mlp):  47%|████▋     | 6138/13033 [00:02<00:02, 2798.34it/s]
Benchmarking (mlp):  49%|████▉     | 6419/13033 [00:02<00:02, 2799.05it/s]
Benchmarking (mlp):  51%|█████▏    | 6699/13033 [00:02<00:02, 2796.44it/s]
Benchmarking (mlp):  54%|█████▎    | 6981/13033 [00:02<00:02, 2800.64it/s]
Benchmarking (mlp):  56%|█████▌    | 7262/13033 [00:02<00:02, 2800.94it/s]
Benchmarking (mlp):  58%|█████▊    | 7543/13033 [00:02<00:01, 2799.19it/s]
Benchmarking (mlp):  60%|██████    | 7824/13033 [00:02<00:01, 2802.30it/s]
Benchmarking (mlp):  62%|██████▏   | 8105/13033 [00:02<00:01, 2792.15it/s]
Benchmarking (mlp):  64%|██████▍   | 8385/13033 [00:03<00:01, 2790.39it/s]
Benchmarking (mlp):  66%|██████▋   | 8665/13033 [00:03<00:01, 2788.94it/s]
Benchmarking (mlp):  69%|██████▊   | 8944/13033 [00:03<00:01, 2788.02it/s]
Benchmarking (mlp):  71%|███████   | 9224/13033 [00:03<00:01, 2789.24it/s]
Benchmarking (mlp):  73%|███████▎  | 9503/13033 [00:03<00:01, 2779.38it/s]
Benchmarking (mlp):  75%|███████▌  | 9781/13033 [00:03<00:01, 2775.27it/s]
Benchmarking (mlp):  77%|███████▋  | 10061/13033 [00:03<00:01, 2780.85it/s]
Benchmarking (mlp):  79%|███████▉  | 10343/13033 [00:03<00:00, 2790.10it/s]
Benchmarking (mlp):  82%|████████▏ | 10623/13033 [00:03<00:00, 2792.93it/s]
Benchmarking (mlp):  84%|████████▎ | 10903/13033 [00:03<00:00, 2791.99it/s]
Benchmarking (mlp):  86%|████████▌ | 11184/13033 [00:04<00:00, 2797.09it/s]
Benchmarking (mlp):  88%|████████▊ | 11465/13033 [00:04<00:00, 2800.00it/s]
Benchmarking (mlp):  90%|█████████ | 11746/13033 [00:04<00:00, 2795.27it/s]
Benchmarking (mlp):  92%|█████████▏| 12026/13033 [00:04<00:00, 2794.61it/s]
Benchmarking (mlp):  94%|█████████▍| 12308/13033 [00:04<00:00, 2800.35it/s]
Benchmarking (mlp):  97%|█████████▋| 12589/13033 [00:04<00:00, 2801.80it/s]
Benchmarking (mlp):  99%|█████████▉| 12871/13033 [00:04<00:00, 2805.12it/s]
2026-04-03 18:15:50,058 INFO
[Loss Ablation Engine] Benchmarks mapped cleanly. Exported exact CSV schema to data/ukb_storage/squad/loss_ablation_results.csv
════════════════════════════════════════════════════════════════════════════════════════════════════════════════════════
PARTITION SELECTION RECALL
════════════════════════════════════════════════════════════════════════════════════════════════════════════════════════
Method            Split  │   R@1   R@3   R@5  R@10  R@20 │ GTR@5 GTR@10 GTR@20 │   MRR  FCov │    Lat    #Q
──────────────────────────────────────────────────────────────────────────────────────────────────────────────────────
mlp_info_nce_single test   │ 68.0% 85.2% 90.9% 96.8% 100.0% │ 90.7%  96.7% 100.0% │ 78.0% 100.0% │   0.3ms 13033
──────────────────────────────────────────────────────────────────────────────────────────────────────────────────────
mlp_info_nce_multi test   │ 68.3% 85.2% 91.0% 97.0% 100.0% │ 90.7%  96.9% 100.0% │ 78.2% 100.0% │   0.3ms 13033
──────────────────────────────────────────────────────────────────────────────────────────────────────────────────────
mlp_kl_div        test   │ 68.2% 85.5% 91.3% 96.9% 100.0% │ 91.0%  96.8% 100.0% │ 78.2% 100.0% │   0.3ms 13033
──────────────────────────────────────────────────────────────────────────────────────────────────────────────────────
mlp_bce           test   │ 68.7% 85.2% 90.6% 96.6% 100.0% │ 90.3%  96.5% 100.0% │ 78.3% 100.0% │   0.3ms 13033
──────────────────────────────────────────────────────────────────────────────────────────────────────────────────────
════════════════════════════════════════════════════════════════════════════════════════════════════════════════════════
═══════════════════════════════════════════════════════════════════════════════════════════════════════════════════
DETAILED METRICS (Test Split)
═══════════════════════════════════════════════════════════════════════════════════════════════════════════════════
Method            │   P@1   P@3   P@5  P@10  P@20 │  F1@5 F1@10 F1@20 │ NDCG@5 NDCG@10 NDCG@20
─────────────────────────────────────────────────────────────────────────────────────────────────────────────────
mlp_info_nce_single │ 68.0% 28.6% 18.3%  9.8%  5.1% │ 30.5% 17.8%  9.6% │  80.3%   82.3%   83.2%
mlp_info_nce_multi │ 68.3% 28.6% 18.3%  9.8%  5.1% │ 30.5% 17.8%  9.6% │  80.4%   82.5%   83.3%
mlp_kl_div        │ 68.2% 28.7% 18.4%  9.8%  5.1% │ 30.6% 17.8%  9.6% │  80.6%   82.5%   83.3%
mlp_bce           │ 68.7% 28.5% 18.2%  9.8%  5.1% │ 30.3% 17.7%  9.6% │  80.4%   82.5%   83.4%
═══════════════════════════════════════════════════════════════════════════════════════════════════════════════════
══════════════════════════════════════════════════════════════════════
PER-METHOD BREAKDOWN (Test Split)
══════════════════════════════════════════════════════════════════════
--- MLP_INFO_NCE_SINGLE ---
Total queries:       13033
Recall@1:            68.0%
Recall@5:            90.9%
Recall@10:           96.8%
Recall@20:           100.0%
GT Recall@5:         90.7%
GT Recall@10:        96.7%
GT Recall@20:        100.0%
Full Coverage@20:    100.0%
MRR:                 78.0%
NDCG@5:              80.3%
NDCG@20:             83.2%
Avg GT Partitions:   1.01
Min/Max GT Parts:    1 / 2
--- Hit Position ---
Avg First Hit:     2.21
Median First Hit:  1.0
--- Latency ---
Avg Latency:       0.31ms
P50 Latency:       0.30ms
P95 Latency:       0.33ms
P99 Latency:       0.33ms
--- MLP_INFO_NCE_MULTI ---
Total queries:       13033
Recall@1:            68.3%
Recall@5:            91.0%
Recall@10:           97.0%
Recall@20:           100.0%
GT Recall@5:         90.7%
GT Recall@10:        96.9%
GT Recall@20:        100.0%
Full Coverage@20:    100.0%
MRR:                 78.2%
NDCG@5:              80.4%
NDCG@20:             83.3%
Avg GT Partitions:   1.01
Min/Max GT Parts:    1 / 2
--- Hit Position ---
Avg First Hit:     2.21
Median First Hit:  1.0
--- Latency ---
Avg Latency:       0.31ms
P50 Latency:       0.30ms
P95 Latency:       0.33ms
P99 Latency:       0.34ms
--- MLP_KL_DIV ---
Total queries:       13033
Recall@1:            68.2%
Recall@5:            91.3%
Recall@10:           96.9%
Recall@20:           100.0%
GT Recall@5:         91.0%
GT Recall@10:        96.8%
GT Recall@20:        100.0%
Full Coverage@20:    100.0%
MRR:                 78.2%
NDCG@5:              80.6%
NDCG@20:             83.3%
Avg GT Partitions:   1.01
Min/Max GT Parts:    1 / 2
--- Hit Position ---
Avg First Hit:     2.20
Median First Hit:  1.0
--- Latency ---
Avg Latency:       0.31ms
P50 Latency:       0.30ms
P95 Latency:       0.33ms
P99 Latency:       0.33ms
--- MLP_BCE ---
Total queries:       13033
Recall@1:            68.7%
Recall@5:            90.6%
Recall@10:           96.6%
Recall@20:           100.0%
GT Recall@5:         90.3%
GT Recall@10:        96.5%
GT Recall@20:        100.0%
Full Coverage@20:    100.0%
MRR:                 78.3%
NDCG@5:              80.4%
NDCG@20:             83.4%
Avg GT Partitions:   1.01
Min/Max GT Parts:    1 / 2
--- Hit Position ---
Avg First Hit:     2.24
Median First Hit:  1.0
--- Latency ---
Avg Latency:       0.31ms
P50 Latency:       0.30ms
P95 Latency:       0.33ms
P99 Latency:       0.33ms
══════════════════════════════════════════════════════════════════════
═══════════════════════════════════════════════════════════════════════════════════════════════
OVERALL SUMMARY (Test Split)
═══════════════════════════════════════════════════════════════════════════════════════════════
Metric            │ Best Method          Score │ Worst Method         Score │      Δ
─────────────────────────────────────────────────────────────────────────────────────────────
recall@1          │ mlp_bce              68.7% │ mlp_info_nce_single    68.0% │   0.6%
recall@5          │ mlp_kl_div           91.3% │ mlp_bce              90.6% │   0.7%
recall@10         │ mlp_info_nce_multi    97.0% │ mlp_bce              96.6% │   0.4%
recall@20         │ mlp_info_nce_single   100.0% │ mlp_info_nce_single   100.0% │   0.0%
gt_recall@5       │ mlp_kl_div           91.0% │ mlp_bce              90.3% │   0.7%
gt_recall@10      │ mlp_info_nce_multi    96.9% │ mlp_bce              96.5% │   0.4%
gt_recall@20      │ mlp_info_nce_single   100.0% │ mlp_info_nce_single   100.0% │   0.0%
precision@1       │ mlp_bce              68.7% │ mlp_info_nce_single    68.0% │   0.6%
precision@5       │ mlp_kl_div           18.4% │ mlp_bce              18.2% │   0.1%
ndcg@5            │ mlp_kl_div           80.6% │ mlp_info_nce_single    80.3% │   0.2%
ndcg@10           │ mlp_kl_div           82.5% │ mlp_info_nce_single    82.3% │   0.2%
ndcg@20           │ mlp_bce              83.4% │ mlp_info_nce_single    83.2% │   0.2%
mrr               │ mlp_bce              78.3% │ mlp_info_nce_single    78.0% │   0.3%
full_coverage@20  │ mlp_info_nce_single   100.0% │ mlp_info_nce_single   100.0% │   0.0%
─────────────────────────────────────────────────────────────────────────────────────────────
AGGREGATE RANKING (avg rank across 14 metrics, lower = better):
🥇 #1 mlp_info_nce_multi avg_rank=2.0  (best=1, worst=3)  metric_wins=2/14
🥈 #2 mlp_kl_div        avg_rank=2.0  (best=1, worst=3)  metric_wins=5/14
🥉 #3 mlp_bce           avg_rank=3.0  (best=1, worst=4)  metric_wins=4/14
#4 mlp_info_nce_single avg_rank=3.0  (best=1, worst=4)  metric_wins=3/14
─────────────────────────────────────────────────────────────────────────────────────────────
LATENCY COMPARISON:
* Note: ColBERT intrinsically includes query text-encoding time.
Other models evaluate via internally pre-encoded vectors.
mlp_info_nce_single avg=    0.3ms  p95=    0.3ms
mlp_info_nce_multi avg=    0.3ms  p95=    0.3ms
mlp_kl_div        avg=    0.3ms  p95=    0.3ms
mlp_bce           avg=    0.3ms  p95=    0.3ms
═══════════════════════════════════════════════════════════════════════════════════════════════
2026-04-03 18:15:50,060 INFO ========== CLOUD ABLATION TARGET: METAQA ==========
2026-04-03 18:15:50,060 INFO --> Ensuring info_nce_single model is trained...
2026-04-03 18:15:50,061 INFO Model missing. Triggering training engine for info_nce_single...
2026-04-03 18:15:50,062 INFO Loading data for metaqa | Target Loss Engine: info_nce_single
2026-04-03 18:15:59,487 INFO Load pretrained SentenceTransformer: multi-qa-MiniLM-L6-cos-v1
2026-04-03 18:16:02,626 INFO Split metaqa: 285259 train / 81502 val / 40752 test
2026-04-03 18:16:05,119 INFO Pre-encoding 285259 metaqa [train] query-GT pairs...
Batches:   1%|          | 48/8915 [00:00<00:56, 155.94it/s]
Batches:   1%|          | 65/8915 [00:00<00:56, 157.74it/s]
Batches:   1%|          | 81/8915 [00:00<00:58, 151.85it/s]
Batches:   1%|          | 98/8915 [00:00<00:56, 157.21it/s]
Batches:   1%|▏         | 115/8915 [00:00<00:54, 160.15it/s]
Batches:   1%|▏         | 132/8915 [00:00<00:54, 161.45it/s]
Batches:   2%|▏         | 150/8915 [00:00<00:53, 164.57it/s]
Batches:   2%|▏         | 168/8915 [00:01<00:52, 166.26it/s]
Batches:   2%|▏         | 185/8915 [00:01<00:52, 166.40it/s]
Batches:   2%|▏         | 202/8915 [00:01<00:52, 166.36it/s]
Batches:   2%|▏         | 219/8915 [00:01<00:51, 167.25it/s]
Batches:   3%|▎         | 237/8915 [00:01<00:51, 168.47it/s]
Batches:   3%|▎         | 254/8915 [00:01<00:51, 168.80it/s]
Batches:   3%|▎         | 272/8915 [00:01<00:50, 169.53it/s]
Batches:   3%|▎         | 290/8915 [00:01<00:50, 169.92it/s]
Batches:   3%|▎         | 308/8915 [00:01<00:50, 170.83it/s]
Batches:   4%|▎         | 326/8915 [00:01<00:49, 171.87it/s]
Batches:   4%|▍         | 344/8915 [00:02<00:50, 170.57it/s]
Batches:   4%|▍         | 362/8915 [00:02<00:50, 170.57it/s]
Batches:   4%|▍         | 380/8915 [00:02<00:51, 166.75it/s]
Batches:   4%|▍         | 398/8915 [00:02<00:50, 167.36it/s]
Batches:   5%|▍         | 415/8915 [00:02<00:50, 167.53it/s]
Batches:   5%|▍         | 432/8915 [00:02<00:50, 167.94it/s]
Batches:   5%|▌         | 449/8915 [00:02<00:50, 168.14it/s]
Batches:   5%|▌         | 466/8915 [00:02<00:50, 167.86it/s]
Batches:   5%|▌         | 483/8915 [00:02<00:50, 168.22it/s]
Batches:   6%|▌         | 500/8915 [00:03<00:49, 168.72it/s]
Batches:   6%|▌         | 517/8915 [00:03<00:49, 168.50it/s]
Batches:   6%|▌         | 534/8915 [00:03<00:50, 166.78it/s]
Batches:   6%|▌         | 552/8915 [00:03<00:49, 168.22it/s]
Batches:   6%|▋         | 569/8915 [00:03<00:49, 167.80it/s]
Batches:   7%|▋         | 587/8915 [00:03<00:49, 169.00it/s]
Batches:   7%|▋         | 604/8915 [00:03<00:49, 168.88it/s]
Batches:   7%|▋         | 621/8915 [00:03<00:49, 168.25it/s]
Batches:   7%|▋         | 639/8915 [00:03<00:49, 168.67it/s]
Batches:   7%|▋         | 657/8915 [00:03<00:48, 169.75it/s]
Batches:   8%|▊         | 674/8915 [00:04<00:48, 168.78it/s]
Batches:   8%|▊         | 691/8915 [00:04<00:49, 167.82it/s]
Batches:   8%|▊         | 708/8915 [00:04<00:48, 168.18it/s]
Batches:   8%|▊         | 726/8915 [00:04<00:48, 169.21it/s]
Batches:   8%|▊         | 743/8915 [00:04<00:48, 168.78it/s]
Batches:   9%|▊         | 760/8915 [00:04<00:48, 168.79it/s]
Batches:   9%|▊         | 777/8915 [00:04<00:48, 168.49it/s]
Batches:   9%|▉         | 795/8915 [00:04<00:47, 170.26it/s]
Batches:   9%|▉         | 813/8915 [00:04<00:47, 170.92it/s]
Batches:   9%|▉         | 831/8915 [00:04<00:47, 169.95it/s]
Batches:  10%|▉         | 848/8915 [00:05<00:47, 169.10it/s]
Batches:  10%|▉         | 865/8915 [00:05<00:47, 169.08it/s]
Batches:  10%|▉         | 882/8915 [00:05<00:47, 169.25it/s]
Batches:  10%|█         | 899/8915 [00:05<00:47, 169.38it/s]
Batches:  10%|█         | 916/8915 [00:05<00:47, 168.83it/s]
Batches:  10%|█         | 933/8915 [00:05<00:47, 168.59it/s]
Batches:  11%|█         | 951/8915 [00:05<00:47, 169.41it/s]
Batches:  11%|█         | 968/8915 [00:05<00:47, 168.78it/s]
Batches:  11%|█         | 985/8915 [00:05<00:46, 169.09it/s]
Batches:  11%|█▏        | 1003/8915 [00:05<00:46, 169.98it/s]
Batches:  11%|█▏        | 1020/8915 [00:06<00:46, 169.16it/s]
Batches:  12%|█▏        | 1037/8915 [00:06<00:46, 168.42it/s]
Batches:  12%|█▏        | 1055/8915 [00:06<00:46, 169.55it/s]
Batches:  12%|█▏        | 1072/8915 [00:06<00:46, 167.74it/s]
Batches:  12%|█▏        | 1090/8915 [00:06<00:46, 168.76it/s]
Batches:  12%|█▏        | 1107/8915 [00:06<00:46, 167.98it/s]
Batches:  13%|█▎        | 1125/8915 [00:06<00:45, 169.94it/s]
Batches:  13%|█▎        | 1142/8915 [00:06<00:45, 169.15it/s]
Batches:  13%|█▎        | 1159/8915 [00:06<00:45, 168.75it/s]
Batches:  13%|█▎        | 1177/8915 [00:07<00:45, 169.79it/s]
Batches:  13%|█▎        | 1194/8915 [00:07<00:45, 169.75it/s]
Batches:  14%|█▎        | 1211/8915 [00:07<00:45, 169.01it/s]
Batches:  14%|█▍        | 1229/8915 [00:07<00:45, 169.56it/s]
Batches:  14%|█▍        | 1247/8915 [00:07<00:45, 170.12it/s]
Batches:  14%|█▍        | 1265/8915 [00:07<00:44, 170.33it/s]
Batches:  14%|█▍        | 1283/8915 [00:07<00:44, 170.20it/s]
Batches:  15%|█▍        | 1301/8915 [00:07<00:44, 170.73it/s]
Batches:  15%|█▍        | 1319/8915 [00:07<00:44, 170.59it/s]
Batches:  15%|█▍        | 1337/8915 [00:07<00:44, 170.40it/s]
Batches:  15%|█▌        | 1355/8915 [00:08<00:44, 170.21it/s]
Batches:  15%|█▌        | 1373/8915 [00:08<00:44, 171.01it/s]
Batches:  16%|█▌        | 1391/8915 [00:08<00:44, 170.95it/s]
Batches:  16%|█▌        | 1409/8915 [00:08<00:43, 170.91it/s]
Batches:  16%|█▌        | 1427/8915 [00:08<00:43, 170.60it/s]
Batches:  16%|█▌        | 1445/8915 [00:08<00:43, 169.79it/s]
Batches:  16%|█▋        | 1463/8915 [00:08<00:43, 170.46it/s]
Batches:  17%|█▋        | 1481/8915 [00:08<00:43, 171.03it/s]
Batches:  17%|█▋        | 1499/8915 [00:08<00:43, 171.69it/s]
Batches:  17%|█▋        | 1517/8915 [00:09<00:43, 171.42it/s]
Batches:  17%|█▋        | 1535/8915 [00:09<00:43, 169.24it/s]
Batches:  17%|█▋        | 1553/8915 [00:09<00:43, 169.66it/s]
Batches:  18%|█▊        | 1570/8915 [00:09<00:43, 169.33it/s]
Batches:  18%|█▊        | 1587/8915 [00:09<00:43, 168.44it/s]
Batches:  18%|█▊        | 1605/8915 [00:09<00:43, 169.49it/s]
Batches:  18%|█▊        | 1623/8915 [00:09<00:42, 169.95it/s]
Batches:  18%|█▊        | 1641/8915 [00:09<00:42, 171.31it/s]
Batches:  19%|█▊        | 1659/8915 [00:09<00:42, 171.55it/s]
Batches:  19%|█▉        | 1677/8915 [00:09<00:42, 170.08it/s]
Batches:  19%|█▉        | 1695/8915 [00:10<00:42, 170.35it/s]
Batches:  19%|█▉        | 1713/8915 [00:10<00:42, 171.13it/s]
Batches:  19%|█▉        | 1731/8915 [00:10<00:41, 172.20it/s]
Batches:  20%|█▉        | 1749/8915 [00:10<00:41, 172.43it/s]
Batches:  20%|█▉        | 1767/8915 [00:10<00:41, 172.90it/s]
Batches:  20%|██        | 1785/8915 [00:10<00:42, 169.70it/s]
Batches:  20%|██        | 1803/8915 [00:10<00:41, 170.14it/s]
Batches:  20%|██        | 1821/8915 [00:10<00:41, 170.50it/s]
Batches:  21%|██        | 1839/8915 [00:10<00:41, 171.97it/s]
Batches:  21%|██        | 1857/8915 [00:11<00:41, 171.05it/s]
Batches:  21%|██        | 1875/8915 [00:11<00:41, 170.84it/s]
Batches:  21%|██        | 1893/8915 [00:11<00:41, 170.98it/s]
Batches:  21%|██▏       | 1911/8915 [00:11<00:40, 171.40it/s]
Batches:  22%|██▏       | 1929/8915 [00:11<00:40, 171.64it/s]
Batches:  22%|██▏       | 1947/8915 [00:11<00:40, 171.15it/s]
Batches:  22%|██▏       | 1965/8915 [00:11<00:40, 171.21it/s]
Batches:  22%|██▏       | 1983/8915 [00:11<00:40, 169.82it/s]
Batches:  22%|██▏       | 2000/8915 [00:11<00:40, 169.44it/s]
Batches:  23%|██▎       | 2018/8915 [00:11<00:40, 169.93it/s]
Batches:  23%|██▎       | 2035/8915 [00:12<00:40, 169.56it/s]
Batches:  23%|██▎       | 2052/8915 [00:12<00:40, 168.96it/s]
Batches:  23%|██▎       | 2069/8915 [00:12<00:40, 167.64it/s]
Batches:  23%|██▎       | 2087/8915 [00:12<00:40, 168.81it/s]
Batches:  24%|██▎       | 2104/8915 [00:12<00:40, 168.79it/s]
Batches:  24%|██▍       | 2122/8915 [00:12<00:39, 171.40it/s]
Batches:  24%|██▍       | 2140/8915 [00:12<00:39, 171.50it/s]
Batches:  24%|██▍       | 2158/8915 [00:12<00:39, 171.19it/s]
Batches:  24%|██▍       | 2176/8915 [00:12<00:39, 171.59it/s]
Batches:  25%|██▍       | 2194/8915 [00:12<00:38, 172.56it/s]
Batches:  25%|██▍       | 2212/8915 [00:13<00:38, 172.09it/s]
Batches:  25%|██▌       | 2230/8915 [00:13<00:38, 171.59it/s]
Batches:  25%|██▌       | 2248/8915 [00:13<00:38, 171.52it/s]
Batches:  25%|██▌       | 2266/8915 [00:13<00:38, 171.34it/s]
Batches:  26%|██▌       | 2284/8915 [00:13<00:38, 172.43it/s]
Batches:  26%|██▌       | 2302/8915 [00:13<00:38, 170.25it/s]
Batches:  26%|██▌       | 2320/8915 [00:13<00:38, 170.52it/s]
Batches:  26%|██▌       | 2338/8915 [00:13<00:38, 171.07it/s]
Batches:  26%|██▋       | 2356/8915 [00:13<00:38, 171.39it/s]
Batches:  27%|██▋       | 2374/8915 [00:14<00:38, 170.74it/s]
Batches:  27%|██▋       | 2392/8915 [00:14<00:38, 171.19it/s]
Batches:  27%|██▋       | 2410/8915 [00:14<00:38, 170.58it/s]
Batches:  27%|██▋       | 2428/8915 [00:14<00:37, 171.60it/s]
Batches:  27%|██▋       | 2446/8915 [00:14<00:37, 171.25it/s]
Batches:  28%|██▊       | 2464/8915 [00:14<00:37, 171.74it/s]
Batches:  28%|██▊       | 2482/8915 [00:14<00:37, 171.80it/s]
Batches:  28%|██▊       | 2500/8915 [00:14<00:37, 172.78it/s]
Batches:  28%|██▊       | 2518/8915 [00:14<00:36, 173.19it/s]
Batches:  28%|██▊       | 2536/8915 [00:14<00:36, 173.22it/s]
Batches:  29%|██▊       | 2554/8915 [00:15<00:36, 174.46it/s]
Batches:  29%|██▉       | 2572/8915 [00:15<00:36, 173.27it/s]
Batches:  29%|██▉       | 2590/8915 [00:15<00:36, 172.18it/s]
Batches:  29%|██▉       | 2608/8915 [00:15<00:36, 172.16it/s]
Batches:  29%|██▉       | 2626/8915 [00:15<00:36, 171.83it/s]
Batches:  30%|██▉       | 2644/8915 [00:15<00:36, 171.26it/s]
Batches:  30%|██▉       | 2662/8915 [00:15<00:36, 171.39it/s]
Batches:  30%|███       | 2680/8915 [00:15<00:36, 172.40it/s]
Batches:  30%|███       | 2698/8915 [00:15<00:36, 172.29it/s]
Batches:  30%|███       | 2716/8915 [00:16<00:35, 172.71it/s]
Batches:  31%|███       | 2734/8915 [00:16<00:35, 173.39it/s]
Batches:  31%|███       | 2752/8915 [00:16<00:35, 173.80it/s]
Batches:  31%|███       | 2770/8915 [00:16<00:35, 173.12it/s]
Batches:  31%|███▏      | 2788/8915 [00:16<00:35, 172.41it/s]
Batches:  31%|███▏      | 2806/8915 [00:16<00:35, 172.29it/s]
Batches:  32%|███▏      | 2824/8915 [00:16<00:35, 172.00it/s]
Batches:  32%|███▏      | 2842/8915 [00:16<00:35, 173.43it/s]
Batches:  32%|███▏      | 2860/8915 [00:16<00:34, 174.38it/s]
Batches:  32%|███▏      | 2878/8915 [00:16<00:34, 174.82it/s]
Batches:  32%|███▏      | 2896/8915 [00:17<00:34, 174.93it/s]
Batches:  33%|███▎      | 2914/8915 [00:17<00:34, 174.80it/s]
Batches:  33%|███▎      | 2932/8915 [00:17<00:34, 173.81it/s]
Batches:  33%|███▎      | 2950/8915 [00:17<00:34, 174.15it/s]
Batches:  33%|███▎      | 2968/8915 [00:17<00:34, 172.83it/s]
Batches:  33%|███▎      | 2986/8915 [00:17<00:33, 174.84it/s]
Batches:  34%|███▎      | 3004/8915 [00:17<00:33, 173.91it/s]
Batches:  34%|███▍      | 3022/8915 [00:17<00:33, 175.01it/s]
Batches:  34%|███▍      | 3040/8915 [00:17<00:33, 173.94it/s]
Batches:  34%|███▍      | 3058/8915 [00:17<00:33, 173.35it/s]
Batches:  35%|███▍      | 3076/8915 [00:18<00:33, 173.71it/s]
Batches:  35%|███▍      | 3094/8915 [00:18<00:33, 174.07it/s]
Batches:  35%|███▍      | 3112/8915 [00:18<00:33, 173.71it/s]
Batches:  35%|███▌      | 3130/8915 [00:18<00:33, 173.69it/s]
Batches:  35%|███▌      | 3148/8915 [00:18<00:33, 172.90it/s]
Batches:  36%|███▌      | 3166/8915 [00:18<00:33, 171.81it/s]
Batches:  36%|███▌      | 3184/8915 [00:18<00:33, 172.03it/s]
Batches:  36%|███▌      | 3202/8915 [00:18<00:33, 171.93it/s]
Batches:  36%|███▌      | 3220/8915 [00:18<00:32, 172.71it/s]
Batches:  36%|███▋      | 3238/8915 [00:19<00:32, 172.98it/s]
Batches:  37%|███▋      | 3256/8915 [00:19<00:32, 173.48it/s]
Batches:  37%|███▋      | 3274/8915 [00:19<00:32, 172.71it/s]
Batches:  37%|███▋      | 3292/8915 [00:19<00:32, 172.74it/s]
Batches:  37%|███▋      | 3310/8915 [00:19<00:32, 173.76it/s]
Batches:  37%|███▋      | 3328/8915 [00:19<00:32, 172.06it/s]
Batches:  38%|███▊      | 3346/8915 [00:19<00:32, 173.24it/s]
Batches:  38%|███▊      | 3364/8915 [00:19<00:31, 173.77it/s]
Batches:  38%|███▊      | 3382/8915 [00:19<00:31, 173.73it/s]
Batches:  38%|███▊      | 3400/8915 [00:19<00:31, 174.26it/s]
Batches:  38%|███▊      | 3418/8915 [00:20<00:31, 174.74it/s]
Batches:  39%|███▊      | 3436/8915 [00:20<00:31, 174.14it/s]
Batches:  39%|███▊      | 3454/8915 [00:20<00:31, 172.11it/s]
Batches:  39%|███▉      | 3472/8915 [00:20<00:31, 172.98it/s]
Batches:  39%|███▉      | 3490/8915 [00:20<00:31, 170.36it/s]
Batches:  39%|███▉      | 3508/8915 [00:20<00:31, 171.10it/s]
Batches:  40%|███▉      | 3526/8915 [00:20<00:31, 171.18it/s]
Batches:  40%|███▉      | 3544/8915 [00:20<00:31, 170.50it/s]
Batches:  40%|███▉      | 3562/8915 [00:20<00:31, 171.22it/s]
Batches:  40%|████      | 3580/8915 [00:21<00:31, 170.73it/s]
Batches:  40%|████      | 3598/8915 [00:21<00:31, 170.23it/s]
Batches:  41%|████      | 3616/8915 [00:21<00:31, 166.01it/s]
Batches:  41%|████      | 3634/8915 [00:21<00:31, 168.08it/s]
Batches:  41%|████      | 3652/8915 [00:21<00:31, 168.85it/s]
Batches:  41%|████      | 3670/8915 [00:21<00:30, 170.56it/s]
Batches:  41%|████▏     | 3688/8915 [00:21<00:30, 171.58it/s]
Batches:  42%|████▏     | 3706/8915 [00:21<00:30, 173.58it/s]
Batches:  42%|████▏     | 3724/8915 [00:21<00:29, 173.95it/s]
Batches:  42%|████▏     | 3742/8915 [00:21<00:29, 174.57it/s]
Batches:  42%|████▏     | 3760/8915 [00:22<00:29, 174.85it/s]
Batches:  42%|████▏     | 3778/8915 [00:22<00:29, 172.77it/s]
Batches:  43%|████▎     | 3796/8915 [00:22<00:30, 165.97it/s]
Batches:  43%|████▎     | 3813/8915 [00:22<00:30, 166.82it/s]
Batches:  43%|████▎     | 3830/8915 [00:22<00:30, 166.65it/s]
Batches:  43%|████▎     | 3848/8915 [00:22<00:30, 168.63it/s]
Batches:  43%|████▎     | 3866/8915 [00:22<00:29, 169.44it/s]
Batches:  44%|████▎     | 3884/8915 [00:22<00:29, 170.71it/s]
Batches:  44%|████▍     | 3902/8915 [00:22<00:29, 170.55it/s]
Batches:  44%|████▍     | 3920/8915 [00:23<00:29, 170.43it/s]
Batches:  44%|████▍     | 3938/8915 [00:23<00:29, 169.40it/s]
Batches:  44%|████▍     | 3956/8915 [00:23<00:29, 170.57it/s]
Batches:  45%|████▍     | 3974/8915 [00:23<00:28, 171.80it/s]
Batches:  45%|████▍     | 3992/8915 [00:23<00:28, 170.45it/s]
Batches:  45%|████▍     | 4010/8915 [00:23<00:28, 170.92it/s]
Batches:  45%|████▌     | 4028/8915 [00:23<00:28, 171.45it/s]
Batches:  45%|████▌     | 4046/8915 [00:23<00:28, 171.65it/s]
Batches:  46%|████▌     | 4064/8915 [00:23<00:28, 172.53it/s]
Batches:  46%|████▌     | 4082/8915 [00:23<00:27, 173.48it/s]
Batches:  46%|████▌     | 4100/8915 [00:24<00:28, 169.63it/s]
Batches:  46%|████▌     | 4117/8915 [00:24<00:28, 168.67it/s]
Batches:  46%|████▋     | 4134/8915 [00:24<00:28, 167.54it/s]
Batches:  47%|████▋     | 4151/8915 [00:24<00:28, 167.04it/s]
Batches:  47%|████▋     | 4168/8915 [00:24<00:28, 166.97it/s]
Batches:  47%|████▋     | 4186/8915 [00:24<00:28, 168.57it/s]
Batches:  47%|████▋     | 4204/8915 [00:24<00:27, 169.34it/s]
Batches:  47%|████▋     | 4221/8915 [00:24<00:27, 169.32it/s]
Batches:  48%|████▊     | 4239/8915 [00:24<00:27, 169.44it/s]
Batches:  48%|████▊     | 4257/8915 [00:24<00:27, 170.93it/s]
Batches:  48%|████▊     | 4275/8915 [00:25<00:27, 170.97it/s]
Batches:  48%|████▊     | 4293/8915 [00:25<00:27, 169.66it/s]
Batches:  48%|████▊     | 4310/8915 [00:25<00:27, 169.04it/s]
Batches:  49%|████▊     | 4327/8915 [00:25<00:27, 167.93it/s]
Batches:  49%|████▊     | 4345/8915 [00:25<00:27, 168.68it/s]
Batches:  49%|████▉     | 4362/8915 [00:25<00:27, 166.12it/s]
Batches:  49%|████▉     | 4379/8915 [00:25<00:27, 165.10it/s]
Batches:  49%|████▉     | 4396/8915 [00:25<00:27, 165.67it/s]
Batches:  50%|████▉     | 4413/8915 [00:25<00:27, 166.58it/s]
Batches:  50%|████▉     | 4430/8915 [00:26<00:27, 165.07it/s]
Batches:  50%|████▉     | 4447/8915 [00:26<00:27, 163.90it/s]
Batches:  50%|█████     | 4464/8915 [00:26<00:27, 162.37it/s]
Batches:  50%|█████     | 4481/8915 [00:26<00:27, 163.88it/s]
Batches:  50%|█████     | 4499/8915 [00:26<00:26, 166.58it/s]
Batches:  51%|█████     | 4517/8915 [00:26<00:26, 168.94it/s]
Batches:  51%|█████     | 4535/8915 [00:26<00:25, 170.40it/s]
Batches:  51%|█████     | 4553/8915 [00:26<00:25, 169.70it/s]
Batches:  51%|█████▏    | 4570/8915 [00:26<00:26, 166.99it/s]
Batches:  51%|█████▏    | 4587/8915 [00:26<00:25, 167.06it/s]
Batches:  52%|█████▏    | 4604/8915 [00:27<00:25, 167.45it/s]
Batches:  52%|█████▏    | 4622/8915 [00:27<00:25, 170.04it/s]
Batches:  52%|█████▏    | 4640/8915 [00:27<00:25, 170.13it/s]
Batches:  52%|█████▏    | 4658/8915 [00:27<00:24, 172.18it/s]
Batches:  52%|█████▏    | 4676/8915 [00:27<00:24, 171.81it/s]
Batches:  53%|█████▎    | 4694/8915 [00:27<00:24, 173.07it/s]
Batches:  53%|█████▎    | 4712/8915 [00:27<00:24, 174.07it/s]
Batches:  53%|█████▎    | 4730/8915 [00:27<00:24, 174.02it/s]
Batches:  53%|█████▎    | 4748/8915 [00:27<00:23, 173.88it/s]
Batches:  53%|█████▎    | 4766/8915 [00:28<00:23, 175.32it/s]
Batches:  54%|█████▎    | 4784/8915 [00:28<00:23, 174.20it/s]
Batches:  54%|█████▍    | 4802/8915 [00:28<00:23, 174.43it/s]
Batches:  54%|█████▍    | 4820/8915 [00:28<00:23, 175.10it/s]
Batches:  54%|█████▍    | 4838/8915 [00:28<00:23, 174.76it/s]
Batches:  54%|█████▍    | 4856/8915 [00:28<00:23, 173.28it/s]
Batches:  55%|█████▍    | 4874/8915 [00:28<00:23, 173.36it/s]
Batches:  55%|█████▍    | 4892/8915 [00:28<00:23, 174.34it/s]
Batches:  55%|█████▌    | 4910/8915 [00:28<00:23, 173.06it/s]
Batches:  55%|█████▌    | 4928/8915 [00:28<00:23, 172.24it/s]
Batches:  55%|█████▌    | 4946/8915 [00:29<00:23, 172.49it/s]
Batches:  56%|█████▌    | 4964/8915 [00:29<00:22, 174.11it/s]
Batches:  56%|█████▌    | 4982/8915 [00:29<00:22, 173.95it/s]
Batches:  56%|█████▌    | 5000/8915 [00:29<00:22, 174.39it/s]
Batches:  56%|█████▋    | 5018/8915 [00:29<00:22, 174.52it/s]
Batches:  56%|█████▋    | 5036/8915 [00:29<00:22, 173.84it/s]
Batches:  57%|█████▋    | 5054/8915 [00:29<00:22, 173.64it/s]
Batches:  57%|█████▋    | 5072/8915 [00:29<00:22, 173.58it/s]
Batches:  57%|█████▋    | 5090/8915 [00:29<00:22, 173.38it/s]
Batches:  57%|█████▋    | 5108/8915 [00:29<00:21, 174.59it/s]
Batches:  57%|█████▋    | 5126/8915 [00:30<00:21, 175.15it/s]
Batches:  58%|█████▊    | 5144/8915 [00:30<00:21, 174.04it/s]
Batches:  58%|█████▊    | 5162/8915 [00:30<00:21, 174.93it/s]
Batches:  58%|█████▊    | 5180/8915 [00:30<00:21, 176.33it/s]
Batches:  58%|█████▊    | 5198/8915 [00:30<00:21, 174.25it/s]
Batches:  59%|█████▊    | 5217/8915 [00:30<00:20, 176.41it/s]
Batches:  59%|█████▊    | 5236/8915 [00:30<00:20, 177.55it/s]
Batches:  59%|█████▉    | 5255/8915 [00:30<00:20, 178.93it/s]
Batches:  59%|█████▉    | 5274/8915 [00:30<00:20, 180.31it/s]
Batches:  59%|█████▉    | 5293/8915 [00:31<00:20, 180.36it/s]
Batches:  60%|█████▉    | 5312/8915 [00:31<00:19, 180.46it/s]
Batches:  60%|█████▉    | 5331/8915 [00:31<00:19, 179.79it/s]
Batches:  60%|██████    | 5349/8915 [00:31<00:19, 179.53it/s]
Batches:  60%|██████    | 5367/8915 [00:31<00:19, 178.69it/s]
Batches:  60%|██████    | 5385/8915 [00:31<00:19, 176.72it/s]
Batches:  61%|██████    | 5403/8915 [00:31<00:19, 176.34it/s]
Batches:  61%|██████    | 5421/8915 [00:31<00:19, 175.15it/s]
Batches:  61%|██████    | 5439/8915 [00:31<00:19, 175.15it/s]
Batches:  61%|██████    | 5457/8915 [00:31<00:19, 175.68it/s]
Batches:  61%|██████▏   | 5476/8915 [00:32<00:19, 177.89it/s]
Batches:  62%|██████▏   | 5494/8915 [00:32<00:19, 177.69it/s]
Batches:  62%|██████▏   | 5512/8915 [00:32<00:19, 177.08it/s]
Batches:  62%|██████▏   | 5530/8915 [00:32<00:19, 177.79it/s]
Batches:  62%|██████▏   | 5548/8915 [00:32<00:19, 175.91it/s]
Batches:  62%|██████▏   | 5566/8915 [00:32<00:19, 174.62it/s]
Batches:  63%|██████▎   | 5584/8915 [00:32<00:19, 174.97it/s]
Batches:  63%|██████▎   | 5602/8915 [00:32<00:18, 174.88it/s]
Batches:  63%|██████▎   | 5620/8915 [00:32<00:19, 173.35it/s]
Batches:  63%|██████▎   | 5638/8915 [00:32<00:18, 173.04it/s]
Batches:  63%|██████▎   | 5656/8915 [00:33<00:18, 172.18it/s]
Batches:  64%|██████▎   | 5674/8915 [00:33<00:18, 173.33it/s]
Batches:  64%|██████▍   | 5692/8915 [00:33<00:18, 174.16it/s]
Batches:  64%|██████▍   | 5710/8915 [00:33<00:18, 175.86it/s]
Batches:  64%|██████▍   | 5728/8915 [00:33<00:18, 175.69it/s]
Batches:  64%|██████▍   | 5747/8915 [00:33<00:17, 177.38it/s]
Batches:  65%|██████▍   | 5765/8915 [00:33<00:17, 176.35it/s]
Batches:  65%|██████▍   | 5784/8915 [00:33<00:17, 177.57it/s]
Batches:  65%|██████▌   | 5802/8915 [00:33<00:17, 177.44it/s]
Batches:  65%|██████▌   | 5820/8915 [00:34<00:17, 175.47it/s]
Batches:  65%|██████▌   | 5839/8915 [00:34<00:17, 177.31it/s]
Batches:  66%|██████▌   | 5857/8915 [00:34<00:17, 177.85it/s]
Batches:  66%|██████▌   | 5875/8915 [00:34<00:17, 178.40it/s]
Batches:  66%|██████▌   | 5893/8915 [00:34<00:17, 176.76it/s]
Batches:  66%|██████▋   | 5911/8915 [00:34<00:17, 175.44it/s]
Batches:  67%|██████▋   | 5929/8915 [00:34<00:17, 175.17it/s]
Batches:  67%|██████▋   | 5947/8915 [00:34<00:17, 174.51it/s]
Batches:  67%|██████▋   | 5966/8915 [00:34<00:16, 176.19it/s]
Batches:  67%|██████▋   | 5985/8915 [00:34<00:16, 177.83it/s]
Batches:  67%|██████▋   | 6003/8915 [00:35<00:16, 176.15it/s]
Batches:  68%|██████▊   | 6021/8915 [00:35<00:16, 173.89it/s]
Batches:  68%|██████▊   | 6039/8915 [00:35<00:16, 172.99it/s]
Batches:  68%|██████▊   | 6057/8915 [00:35<00:16, 174.38it/s]
Batches:  68%|██████▊   | 6075/8915 [00:35<00:16, 174.59it/s]
Batches:  68%|██████▊   | 6093/8915 [00:35<00:16, 173.39it/s]
Batches:  69%|██████▊   | 6111/8915 [00:35<00:16, 171.94it/s]
Batches:  69%|██████▊   | 6129/8915 [00:35<00:16, 172.38it/s]
Batches:  69%|██████▉   | 6147/8915 [00:35<00:15, 173.94it/s]
Batches:  69%|██████▉   | 6165/8915 [00:35<00:15, 172.97it/s]
Batches:  69%|██████▉   | 6183/8915 [00:36<00:15, 173.54it/s]
Batches:  70%|██████▉   | 6201/8915 [00:36<00:15, 173.64it/s]
Batches:  70%|██████▉   | 6220/8915 [00:36<00:15, 175.41it/s]
Batches:  70%|██████▉   | 6238/8915 [00:36<00:15, 174.50it/s]
Batches:  70%|███████   | 6257/8915 [00:36<00:15, 176.36it/s]
Batches:  70%|███████   | 6275/8915 [00:36<00:15, 174.48it/s]
Batches:  71%|███████   | 6293/8915 [00:36<00:15, 174.30it/s]
Batches:  71%|███████   | 6311/8915 [00:36<00:15, 173.44it/s]
Batches:  71%|███████   | 6330/8915 [00:36<00:14, 175.47it/s]
Batches:  71%|███████   | 6349/8915 [00:37<00:14, 177.43it/s]
Batches:  71%|███████▏  | 6368/8915 [00:37<00:14, 179.79it/s]
Batches:  72%|███████▏  | 6386/8915 [00:37<00:14, 179.41it/s]
Batches:  72%|███████▏  | 6405/8915 [00:37<00:13, 180.52it/s]
Batches:  72%|███████▏  | 6424/8915 [00:37<00:13, 181.83it/s]
Batches:  72%|███████▏  | 6443/8915 [00:37<00:13, 182.21it/s]
Batches:  72%|███████▏  | 6462/8915 [00:37<00:13, 182.35it/s]
Batches:  73%|███████▎  | 6481/8915 [00:37<00:13, 184.28it/s]
Batches:  73%|███████▎  | 6500/8915 [00:37<00:13, 181.91it/s]
Batches:  73%|███████▎  | 6519/8915 [00:37<00:13, 178.48it/s]
Batches:  73%|███████▎  | 6537/8915 [00:38<00:13, 176.83it/s]
Batches:  74%|███████▎  | 6555/8915 [00:38<00:13, 176.86it/s]
Batches:  74%|███████▎  | 6573/8915 [00:38<00:13, 175.54it/s]
Batches:  74%|███████▍  | 6591/8915 [00:38<00:13, 175.98it/s]
Batches:  74%|███████▍  | 6609/8915 [00:38<00:13, 174.97it/s]
Batches:  74%|███████▍  | 6627/8915 [00:38<00:13, 174.82it/s]
Batches:  75%|███████▍  | 6645/8915 [00:38<00:13, 173.89it/s]
Batches:  75%|███████▍  | 6663/8915 [00:38<00:12, 173.41it/s]
Batches:  75%|███████▍  | 6681/8915 [00:38<00:12, 172.17it/s]
Batches:  75%|███████▌  | 6700/8915 [00:39<00:12, 174.74it/s]
Batches:  75%|███████▌  | 6718/8915 [00:39<00:12, 174.22it/s]
Batches:  76%|███████▌  | 6736/8915 [00:39<00:12, 173.73it/s]
Batches:  76%|███████▌  | 6754/8915 [00:39<00:12, 174.24it/s]
Batches:  76%|███████▌  | 6772/8915 [00:39<00:12, 173.26it/s]
Batches:  76%|███████▌  | 6790/8915 [00:39<00:12, 173.21it/s]
Batches:  76%|███████▋  | 6808/8915 [00:39<00:12, 173.06it/s]
Batches:  77%|███████▋  | 6827/8915 [00:39<00:11, 176.20it/s]
Batches:  77%|███████▋  | 6846/8915 [00:39<00:11, 177.22it/s]
Batches:  77%|███████▋  | 6864/8915 [00:39<00:11, 177.52it/s]
Batches:  77%|███████▋  | 6882/8915 [00:40<00:11, 177.20it/s]
Batches:  77%|███████▋  | 6900/8915 [00:40<00:11, 177.20it/s]
Batches:  78%|███████▊  | 6918/8915 [00:40<00:11, 173.73it/s]
Batches:  78%|███████▊  | 6936/8915 [00:40<00:11, 173.75it/s]
Batches:  78%|███████▊  | 6954/8915 [00:40<00:11, 173.78it/s]
Batches:  78%|███████▊  | 6972/8915 [00:40<00:11, 172.45it/s]
Batches:  78%|███████▊  | 6990/8915 [00:40<00:11, 171.47it/s]
Batches:  79%|███████▊  | 7008/8915 [00:40<00:11, 171.54it/s]
Batches:  79%|███████▉  | 7026/8915 [00:40<00:11, 171.69it/s]
Batches:  79%|███████▉  | 7045/8915 [00:40<00:10, 175.72it/s]
Batches:  79%|███████▉  | 7063/8915 [00:41<00:10, 174.87it/s]
Batches:  79%|███████▉  | 7081/8915 [00:41<00:10, 174.47it/s]
Batches:  80%|███████▉  | 7099/8915 [00:41<00:10, 174.58it/s]
Batches:  80%|███████▉  | 7117/8915 [00:41<00:10, 175.74it/s]
Batches:  80%|████████  | 7135/8915 [00:41<00:10, 175.37it/s]
Batches:  80%|████████  | 7153/8915 [00:41<00:10, 173.95it/s]
Batches:  80%|████████  | 7171/8915 [00:41<00:10, 173.61it/s]
Batches:  81%|████████  | 7189/8915 [00:41<00:09, 174.53it/s]
Batches:  81%|████████  | 7207/8915 [00:41<00:09, 176.12it/s]
Batches:  81%|████████  | 7225/8915 [00:42<00:09, 175.57it/s]
Batches:  81%|████████  | 7243/8915 [00:42<00:09, 174.64it/s]
Batches:  81%|████████▏ | 7262/8915 [00:42<00:09, 176.25it/s]
Batches:  82%|████████▏ | 7280/8915 [00:42<00:09, 176.51it/s]
Batches:  82%|████████▏ | 7298/8915 [00:42<00:09, 177.16it/s]
Batches:  82%|████████▏ | 7316/8915 [00:42<00:09, 175.38it/s]
Batches:  82%|████████▏ | 7334/8915 [00:42<00:09, 175.05it/s]
Batches:  82%|████████▏ | 7352/8915 [00:42<00:08, 175.72it/s]
Batches:  83%|████████▎ | 7370/8915 [00:42<00:08, 175.88it/s]
Batches:  83%|████████▎ | 7388/8915 [00:42<00:08, 175.65it/s]
Batches:  83%|████████▎ | 7406/8915 [00:43<00:08, 175.08it/s]
Batches:  83%|████████▎ | 7424/8915 [00:43<00:08, 173.81it/s]
Batches:  83%|████████▎ | 7442/8915 [00:43<00:08, 172.53it/s]
Batches:  84%|████████▎ | 7460/8915 [00:43<00:08, 171.78it/s]
Batches:  84%|████████▍ | 7478/8915 [00:43<00:08, 172.44it/s]
Batches:  84%|████████▍ | 7497/8915 [00:43<00:08, 174.51it/s]
Batches:  84%|████████▍ | 7516/8915 [00:43<00:07, 176.07it/s]
Batches:  85%|████████▍ | 7534/8915 [00:43<00:07, 176.46it/s]
Batches:  85%|████████▍ | 7552/8915 [00:43<00:07, 177.40it/s]
Batches:  85%|████████▍ | 7570/8915 [00:43<00:07, 177.44it/s]
Batches:  85%|████████▌ | 7588/8915 [00:44<00:07, 175.80it/s]
Batches:  85%|████████▌ | 7606/8915 [00:44<00:07, 175.97it/s]
Batches:  86%|████████▌ | 7624/8915 [00:44<00:07, 175.80it/s]
Batches:  86%|████████▌ | 7642/8915 [00:44<00:07, 173.61it/s]
Batches:  86%|████████▌ | 7660/8915 [00:44<00:07, 172.83it/s]
Batches:  86%|████████▌ | 7678/8915 [00:44<00:07, 172.97it/s]
Batches:  86%|████████▋ | 7696/8915 [00:44<00:07, 172.97it/s]
Batches:  87%|████████▋ | 7714/8915 [00:44<00:07, 171.55it/s]
Batches:  87%|████████▋ | 7732/8915 [00:44<00:06, 171.28it/s]
Batches:  87%|████████▋ | 7750/8915 [00:45<00:06, 170.68it/s]
Batches:  87%|████████▋ | 7768/8915 [00:45<00:06, 169.12it/s]
Batches:  87%|████████▋ | 7785/8915 [00:45<00:06, 168.69it/s]
Batches:  88%|████████▊ | 7803/8915 [00:45<00:06, 169.36it/s]
Batches:  88%|████████▊ | 7821/8915 [00:45<00:06, 169.62it/s]
Batches:  88%|████████▊ | 7838/8915 [00:45<00:06, 168.66it/s]
Batches:  88%|████████▊ | 7855/8915 [00:45<00:06, 168.92it/s]
Batches:  88%|████████▊ | 7873/8915 [00:45<00:06, 169.41it/s]
Batches:  89%|████████▊ | 7890/8915 [00:45<00:06, 169.28it/s]
Batches:  89%|████████▊ | 7907/8915 [00:45<00:05, 168.77it/s]
Batches:  89%|████████▉ | 7925/8915 [00:46<00:05, 169.77it/s]
Batches:  89%|████████▉ | 7942/8915 [00:46<00:05, 168.15it/s]
Batches:  89%|████████▉ | 7959/8915 [00:46<00:05, 168.13it/s]
Batches:  89%|████████▉ | 7977/8915 [00:46<00:05, 170.33it/s]
Batches:  90%|████████▉ | 7995/8915 [00:46<00:05, 171.07it/s]
Batches:  90%|████████▉ | 8013/8915 [00:46<00:05, 169.04it/s]
Batches:  90%|█████████ | 8030/8915 [00:46<00:05, 167.51it/s]
Batches:  90%|█████████ | 8047/8915 [00:46<00:05, 167.16it/s]
Batches:  90%|█████████ | 8064/8915 [00:46<00:05, 163.41it/s]
Batches:  91%|█████████ | 8081/8915 [00:47<00:05, 161.93it/s]
Batches:  91%|█████████ | 8098/8915 [00:47<00:05, 161.78it/s]
Batches:  91%|█████████ | 8115/8915 [00:47<00:04, 161.61it/s]
Batches:  91%|█████████ | 8132/8915 [00:47<00:04, 163.06it/s]
Batches:  91%|█████████▏| 8149/8915 [00:47<00:04, 162.52it/s]
Batches:  92%|█████████▏| 8166/8915 [00:47<00:04, 162.08it/s]
Batches:  92%|█████████▏| 8183/8915 [00:47<00:04, 162.27it/s]
Batches:  92%|█████████▏| 8200/8915 [00:47<00:04, 163.89it/s]
Batches:  92%|█████████▏| 8217/8915 [00:47<00:04, 164.05it/s]
Batches:  92%|█████████▏| 8234/8915 [00:47<00:04, 164.20it/s]
Batches:  93%|█████████▎| 8251/8915 [00:48<00:04, 165.07it/s]
Batches:  93%|█████████▎| 8268/8915 [00:48<00:03, 166.34it/s]
Batches:  93%|█████████▎| 8285/8915 [00:48<00:03, 166.35it/s]
Batches:  93%|█████████▎| 8303/8915 [00:48<00:03, 167.89it/s]
Batches:  93%|█████████▎| 8320/8915 [00:48<00:03, 167.87it/s]
Batches:  94%|█████████▎| 8337/8915 [00:48<00:03, 167.98it/s]
Batches:  94%|█████████▎| 8354/8915 [00:48<00:03, 167.03it/s]
Batches:  94%|█████████▍| 8371/8915 [00:48<00:03, 164.57it/s]
Batches:  94%|█████████▍| 8388/8915 [00:48<00:03, 164.88it/s]
Batches:  94%|█████████▍| 8405/8915 [00:48<00:03, 163.93it/s]
Batches:  94%|█████████▍| 8422/8915 [00:49<00:03, 163.80it/s]
Batches:  95%|█████████▍| 8439/8915 [00:49<00:02, 163.57it/s]
Batches:  95%|█████████▍| 8456/8915 [00:49<00:02, 163.44it/s]
Batches:  95%|█████████▌| 8473/8915 [00:49<00:02, 163.88it/s]
Batches:  95%|█████████▌| 8490/8915 [00:49<00:02, 163.99it/s]
Batches:  95%|█████████▌| 8507/8915 [00:49<00:02, 165.49it/s]
Batches:  96%|█████████▌| 8524/8915 [00:49<00:02, 164.25it/s]
Batches:  96%|█████████▌| 8541/8915 [00:49<00:02, 163.49it/s]
Batches:  96%|█████████▌| 8558/8915 [00:49<00:02, 162.43it/s]
Batches:  96%|█████████▌| 8575/8915 [00:50<00:02, 157.37it/s]
Batches:  96%|█████████▋| 8592/8915 [00:50<00:02, 159.13it/s]
Batches:  97%|█████████▋| 8609/8915 [00:50<00:01, 160.26it/s]
Batches:  97%|█████████▋| 8626/8915 [00:50<00:01, 159.55it/s]
Batches:  97%|█████████▋| 8642/8915 [00:50<00:01, 158.51it/s]
Batches:  97%|█████████▋| 8659/8915 [00:50<00:01, 160.07it/s]
Batches:  97%|█████████▋| 8676/8915 [00:50<00:01, 160.14it/s]
Batches:  98%|█████████▊| 8693/8915 [00:50<00:01, 158.44it/s]
Batches:  98%|█████████▊| 8710/8915 [00:50<00:01, 161.47it/s]
Batches:  98%|█████████▊| 8727/8915 [00:50<00:01, 161.69it/s]
Batches:  98%|█████████▊| 8744/8915 [00:51<00:01, 161.97it/s]
Batches:  98%|█████████▊| 8761/8915 [00:51<00:00, 162.51it/s]
Batches:  98%|█████████▊| 8778/8915 [00:51<00:00, 162.16it/s]
Batches:  99%|█████████▊| 8795/8915 [00:51<00:00, 162.99it/s]
Batches:  99%|█████████▉| 8812/8915 [00:51<00:00, 162.89it/s]
Batches:  99%|█████████▉| 8829/8915 [00:51<00:00, 163.09it/s]
Batches:  99%|█████████▉| 8846/8915 [00:51<00:00, 162.35it/s]
Batches:  99%|█████████▉| 8864/8915 [00:51<00:00, 164.71it/s]
2026-04-03 18:17:02,051 INFO Pre-encoding 81502 metaqa [val] query-GT pairs...
Batches:   1%|          | 15/2547 [00:00<00:17, 145.14it/s]
Batches:   1%|▏         | 32/2547 [00:00<00:16, 154.66it/s]
Batches:   2%|▏         | 48/2547 [00:00<00:16, 155.00it/s]
Batches:   3%|▎         | 65/2547 [00:00<00:15, 157.80it/s]
Batches:   3%|▎         | 81/2547 [00:00<00:15, 157.97it/s]
Batches:   4%|▍         | 97/2547 [00:00<00:15, 157.72it/s]
Batches:   4%|▍         | 114/2547 [00:00<00:15, 159.02it/s]
Batches:   5%|▌         | 131/2547 [00:00<00:14, 161.80it/s]
Batches:   6%|▌         | 148/2547 [00:00<00:14, 162.99it/s]
Batches:   7%|▋         | 166/2547 [00:01<00:14, 165.38it/s]
Batches:   7%|▋         | 183/2547 [00:01<00:14, 165.39it/s]
Batches:   8%|▊         | 200/2547 [00:01<00:14, 164.06it/s]
Batches:   9%|▊         | 217/2547 [00:01<00:14, 165.07it/s]
Batches:   9%|▉         | 234/2547 [00:01<00:14, 159.62it/s]
Batches:  10%|▉         | 251/2547 [00:01<00:14, 161.69it/s]
Batches:  11%|█         | 268/2547 [00:01<00:13, 163.78it/s]
Batches:  11%|█         | 285/2547 [00:01<00:13, 164.19it/s]
Batches:  12%|█▏        | 302/2547 [00:01<00:13, 163.75it/s]
Batches:  13%|█▎        | 319/2547 [00:01<00:13, 163.52it/s]
Batches:  13%|█▎        | 336/2547 [00:02<00:13, 164.46it/s]
Batches:  14%|█▍        | 353/2547 [00:02<00:13, 163.93it/s]
Batches:  15%|█▍        | 370/2547 [00:02<00:13, 161.01it/s]
Batches:  15%|█▌        | 387/2547 [00:02<00:13, 159.97it/s]
Batches:  16%|█▌        | 404/2547 [00:02<00:13, 160.83it/s]
Batches:  17%|█▋        | 421/2547 [00:02<00:13, 160.29it/s]
Batches:  17%|█▋        | 438/2547 [00:02<00:13, 160.13it/s]
Batches:  18%|█▊        | 455/2547 [00:02<00:12, 161.28it/s]
Batches:  19%|█▊        | 472/2547 [00:02<00:12, 162.46it/s]
Batches:  19%|█▉        | 489/2547 [00:03<00:12, 162.35it/s]
Batches:  20%|█▉        | 506/2547 [00:03<00:12, 162.22it/s]
Batches:  21%|██        | 523/2547 [00:03<00:12, 162.03it/s]
Batches:  21%|██        | 540/2547 [00:03<00:12, 163.77it/s]
Batches:  22%|██▏       | 557/2547 [00:03<00:12, 162.70it/s]
Batches:  23%|██▎       | 574/2547 [00:03<00:12, 161.74it/s]
Batches:  23%|██▎       | 591/2547 [00:03<00:12, 161.38it/s]
Batches:  24%|██▍       | 608/2547 [00:03<00:11, 161.64it/s]
Batches:  25%|██▍       | 625/2547 [00:03<00:11, 161.43it/s]
Batches:  25%|██▌       | 642/2547 [00:03<00:11, 160.84it/s]
Batches:  26%|██▌       | 659/2547 [00:04<00:11, 161.37it/s]
Batches:  27%|██▋       | 676/2547 [00:04<00:11, 160.21it/s]
Batches:  27%|██▋       | 693/2547 [00:04<00:11, 162.35it/s]
Batches:  28%|██▊       | 710/2547 [00:04<00:11, 163.23it/s]
Batches:  29%|██▊       | 727/2547 [00:04<00:11, 163.83it/s]
Batches:  29%|██▉       | 744/2547 [00:04<00:11, 163.82it/s]
Batches:  30%|██▉       | 761/2547 [00:04<00:10, 165.59it/s]
Batches:  31%|███       | 778/2547 [00:04<00:10, 165.79it/s]
Batches:  31%|███       | 795/2547 [00:04<00:10, 166.34it/s]
Batches:  32%|███▏      | 812/2547 [00:05<00:10, 166.01it/s]
Batches:  33%|███▎      | 829/2547 [00:05<00:10, 165.95it/s]
Batches:  33%|███▎      | 847/2547 [00:05<00:10, 167.73it/s]
Batches:  34%|███▍      | 864/2547 [00:05<00:10, 168.00it/s]
Batches:  35%|███▍      | 881/2547 [00:05<00:10, 166.10it/s]
Batches:  35%|███▌      | 898/2547 [00:05<00:09, 166.82it/s]
Batches:  36%|███▌      | 915/2547 [00:05<00:09, 165.48it/s]
Batches:  37%|███▋      | 932/2547 [00:05<00:09, 166.66it/s]
Batches:  37%|███▋      | 949/2547 [00:05<00:09, 166.83it/s]
Batches:  38%|███▊      | 967/2547 [00:05<00:09, 168.84it/s]
Batches:  39%|███▊      | 984/2547 [00:06<00:09, 168.94it/s]
Batches:  39%|███▉      | 1001/2547 [00:06<00:09, 168.66it/s]
Batches:  40%|████      | 1019/2547 [00:06<00:08, 170.62it/s]
Batches:  41%|████      | 1037/2547 [00:06<00:08, 168.95it/s]
Batches:  41%|████▏     | 1054/2547 [00:06<00:08, 168.73it/s]
Batches:  42%|████▏     | 1071/2547 [00:06<00:08, 168.68it/s]
Batches:  43%|████▎     | 1088/2547 [00:06<00:08, 168.89it/s]
Batches:  43%|████▎     | 1105/2547 [00:06<00:08, 168.03it/s]
Batches:  44%|████▍     | 1122/2547 [00:06<00:08, 167.59it/s]
Batches:  45%|████▍     | 1140/2547 [00:06<00:08, 169.10it/s]
Batches:  45%|████▌     | 1158/2547 [00:07<00:08, 170.43it/s]
Batches:  46%|████▌     | 1176/2547 [00:07<00:08, 169.62it/s]
Batches:  47%|████▋     | 1194/2547 [00:07<00:07, 170.60it/s]
Batches:  48%|████▊     | 1212/2547 [00:07<00:07, 168.99it/s]
Batches:  48%|████▊     | 1230/2547 [00:07<00:07, 170.67it/s]
Batches:  49%|████▉     | 1248/2547 [00:07<00:07, 170.98it/s]
Batches:  50%|████▉     | 1266/2547 [00:07<00:07, 171.01it/s]
Batches:  50%|█████     | 1284/2547 [00:07<00:07, 170.41it/s]
Batches:  51%|█████     | 1302/2547 [00:07<00:07, 171.50it/s]
Batches:  52%|█████▏    | 1320/2547 [00:08<00:07, 173.20it/s]
Batches:  53%|█████▎    | 1338/2547 [00:08<00:06, 173.23it/s]
Batches:  53%|█████▎    | 1356/2547 [00:08<00:06, 172.62it/s]
Batches:  54%|█████▍    | 1374/2547 [00:08<00:06, 172.38it/s]
Batches:  55%|█████▍    | 1392/2547 [00:08<00:06, 172.85it/s]
Batches:  55%|█████▌    | 1410/2547 [00:08<00:06, 172.57it/s]
Batches:  56%|█████▌    | 1428/2547 [00:08<00:06, 172.02it/s]
Batches:  57%|█████▋    | 1446/2547 [00:08<00:06, 172.37it/s]
Batches:  57%|█████▋    | 1464/2547 [00:08<00:06, 169.86it/s]
Batches:  58%|█████▊    | 1481/2547 [00:08<00:06, 168.62it/s]
Batches:  59%|█████▉    | 1499/2547 [00:09<00:06, 170.40it/s]
Batches:  60%|█████▉    | 1517/2547 [00:09<00:06, 170.53it/s]
Batches:  60%|██████    | 1535/2547 [00:09<00:05, 168.88it/s]
Batches:  61%|██████    | 1552/2547 [00:09<00:05, 168.29it/s]
Batches:  62%|██████▏   | 1569/2547 [00:09<00:05, 167.43it/s]
Batches:  62%|██████▏   | 1587/2547 [00:09<00:05, 169.16it/s]
Batches:  63%|██████▎   | 1605/2547 [00:09<00:05, 166.34it/s]
Batches:  64%|██████▎   | 1622/2547 [00:09<00:05, 166.23it/s]
Batches:  64%|██████▍   | 1639/2547 [00:09<00:05, 166.52it/s]
Batches:  65%|██████▌   | 1656/2547 [00:09<00:05, 166.75it/s]
Batches:  66%|██████▌   | 1673/2547 [00:10<00:05, 166.48it/s]
Batches:  66%|██████▋   | 1690/2547 [00:10<00:05, 166.68it/s]
Batches:  67%|██████▋   | 1709/2547 [00:10<00:04, 171.58it/s]
Batches:  68%|██████▊   | 1727/2547 [00:10<00:04, 171.24it/s]
Batches:  69%|██████▊   | 1745/2547 [00:10<00:04, 172.13it/s]
Batches:  69%|██████▉   | 1763/2547 [00:10<00:04, 173.36it/s]
Batches:  70%|██████▉   | 1781/2547 [00:10<00:04, 173.97it/s]
Batches:  71%|███████   | 1799/2547 [00:10<00:04, 175.14it/s]
Batches:  71%|███████▏  | 1817/2547 [00:10<00:04, 175.42it/s]
Batches:  72%|███████▏  | 1836/2547 [00:11<00:04, 176.49it/s]
Batches:  73%|███████▎  | 1854/2547 [00:11<00:03, 174.86it/s]
Batches:  73%|███████▎  | 1872/2547 [00:11<00:03, 173.78it/s]
Batches:  74%|███████▍  | 1890/2547 [00:11<00:03, 173.55it/s]
Batches:  75%|███████▍  | 1908/2547 [00:11<00:03, 173.32it/s]
Batches:  76%|███████▌  | 1926/2547 [00:11<00:03, 173.31it/s]
Batches:  76%|███████▋  | 1944/2547 [00:11<00:03, 172.07it/s]
Batches:  77%|███████▋  | 1962/2547 [00:11<00:03, 174.17it/s]
Batches:  78%|███████▊  | 1980/2547 [00:11<00:03, 174.68it/s]
Batches:  78%|███████▊  | 1998/2547 [00:11<00:03, 175.82it/s]
Batches:  79%|███████▉  | 2016/2547 [00:12<00:03, 176.34it/s]
Batches:  80%|███████▉  | 2034/2547 [00:12<00:02, 175.84it/s]
Batches:  81%|████████  | 2052/2547 [00:12<00:02, 175.44it/s]
Batches:  81%|████████▏ | 2070/2547 [00:12<00:02, 176.35it/s]
Batches:  82%|████████▏ | 2088/2547 [00:12<00:02, 175.80it/s]
Batches:  83%|████████▎ | 2106/2547 [00:12<00:02, 176.01it/s]
Batches:  83%|████████▎ | 2124/2547 [00:12<00:02, 176.78it/s]
Batches:  84%|████████▍ | 2142/2547 [00:12<00:02, 176.16it/s]
Batches:  85%|████████▍ | 2160/2547 [00:12<00:02, 176.07it/s]
Batches:  86%|████████▌ | 2178/2547 [00:12<00:02, 174.86it/s]
Batches:  86%|████████▌ | 2196/2547 [00:13<00:02, 173.06it/s]
Batches:  87%|████████▋ | 2214/2547 [00:13<00:01, 172.82it/s]
Batches:  88%|████████▊ | 2232/2547 [00:13<00:01, 173.24it/s]
Batches:  88%|████████▊ | 2250/2547 [00:13<00:01, 173.11it/s]
Batches:  89%|████████▉ | 2268/2547 [00:13<00:01, 173.00it/s]
Batches:  90%|████████▉ | 2286/2547 [00:13<00:01, 173.04it/s]
Batches:  90%|█████████ | 2304/2547 [00:13<00:01, 173.22it/s]
Batches:  91%|█████████ | 2322/2547 [00:13<00:01, 174.01it/s]
Batches:  92%|█████████▏| 2340/2547 [00:13<00:01, 174.69it/s]
Batches:  93%|█████████▎| 2358/2547 [00:14<00:01, 175.65it/s]
Batches:  93%|█████████▎| 2376/2547 [00:14<00:00, 176.47it/s]
Batches:  94%|█████████▍| 2394/2547 [00:14<00:00, 177.47it/s]
Batches:  95%|█████████▍| 2412/2547 [00:14<00:00, 177.27it/s]
Batches:  95%|█████████▌| 2431/2547 [00:14<00:00, 178.51it/s]
Batches:  96%|█████████▌| 2449/2547 [00:14<00:00, 177.22it/s]
Batches:  97%|█████████▋| 2468/2547 [00:14<00:00, 179.43it/s]
Batches:  98%|█████████▊| 2487/2547 [00:14<00:00, 182.41it/s]
Batches:  98%|█████████▊| 2506/2547 [00:14<00:00, 184.05it/s]
Batches:  99%|█████████▉| 2526/2547 [00:14<00:00, 186.03it/s]
2026-04-03 18:17:17,816 INFO Pre-encoding 40752 metaqa [test] query-GT pairs...
Batches:   1%|▏         | 16/1274 [00:00<00:08, 155.80it/s]
Batches:   3%|▎         | 33/1274 [00:00<00:07, 161.80it/s]
Batches:   4%|▍         | 50/1274 [00:00<00:07, 164.63it/s]
Batches:   5%|▌         | 67/1274 [00:00<00:07, 165.80it/s]
Batches:   7%|▋         | 85/1274 [00:00<00:07, 167.79it/s]
Batches:   8%|▊         | 103/1274 [00:00<00:06, 169.04it/s]
Batches:   9%|▉         | 121/1274 [00:00<00:06, 170.68it/s]
Batches:  11%|█         | 139/1274 [00:00<00:06, 171.57it/s]
Batches:  12%|█▏        | 157/1274 [00:00<00:06, 172.13it/s]
Batches:  14%|█▎        | 175/1274 [00:01<00:06, 171.79it/s]
Batches:  15%|█▌        | 193/1274 [00:01<00:06, 171.52it/s]
Batches:  17%|█▋        | 211/1274 [00:01<00:06, 170.67it/s]
Batches:  18%|█▊        | 229/1274 [00:01<00:06, 170.82it/s]
Batches:  19%|█▉        | 247/1274 [00:01<00:06, 170.60it/s]
Batches:  21%|██        | 265/1274 [00:01<00:05, 171.32it/s]
Batches:  22%|██▏       | 283/1274 [00:01<00:05, 171.87it/s]
Batches:  24%|██▎       | 301/1274 [00:01<00:05, 172.35it/s]
Batches:  25%|██▌       | 319/1274 [00:01<00:05, 172.45it/s]
Batches:  26%|██▋       | 337/1274 [00:01<00:05, 173.16it/s]
Batches:  28%|██▊       | 355/1274 [00:02<00:05, 173.61it/s]
Batches:  29%|██▉       | 373/1274 [00:02<00:05, 174.51it/s]
Batches:  31%|███       | 391/1274 [00:02<00:05, 174.06it/s]
Batches:  32%|███▏      | 409/1274 [00:02<00:04, 174.40it/s]
Batches:  34%|███▎      | 427/1274 [00:02<00:04, 175.94it/s]
Batches:  35%|███▍      | 445/1274 [00:02<00:04, 174.24it/s]
Batches:  36%|███▋      | 463/1274 [00:02<00:04, 175.16it/s]
Batches:  38%|███▊      | 481/1274 [00:02<00:04, 175.84it/s]
Batches:  39%|███▉      | 499/1274 [00:02<00:04, 176.43it/s]
Batches:  41%|████      | 517/1274 [00:02<00:04, 176.40it/s]
Batches:  42%|████▏     | 535/1274 [00:03<00:04, 174.93it/s]
Batches:  43%|████▎     | 553/1274 [00:03<00:04, 174.63it/s]
Batches:  45%|████▍     | 571/1274 [00:03<00:04, 175.17it/s]
Batches:  46%|████▌     | 589/1274 [00:03<00:03, 176.02it/s]
Batches:  48%|████▊     | 608/1274 [00:03<00:03, 177.47it/s]
Batches:  49%|████▉     | 626/1274 [00:03<00:03, 177.25it/s]
Batches:  51%|█████     | 645/1274 [00:03<00:03, 178.54it/s]
Batches:  52%|█████▏    | 663/1274 [00:03<00:03, 178.16it/s]
Batches:  53%|█████▎    | 681/1274 [00:03<00:03, 178.05it/s]
Batches:  55%|█████▍    | 700/1274 [00:04<00:03, 178.93it/s]
Batches:  56%|█████▋    | 719/1274 [00:04<00:03, 180.07it/s]
Batches:  58%|█████▊    | 738/1274 [00:04<00:02, 179.29it/s]
Batches:  59%|█████▉    | 756/1274 [00:04<00:02, 178.93it/s]
Batches:  61%|██████    | 775/1274 [00:04<00:02, 179.80it/s]
Batches:  62%|██████▏   | 793/1274 [00:04<00:02, 179.56it/s]
Batches:  64%|██████▎   | 812/1274 [00:04<00:02, 179.92it/s]
Batches:  65%|██████▌   | 831/1274 [00:04<00:02, 180.55it/s]
Batches:  67%|██████▋   | 850/1274 [00:04<00:02, 181.98it/s]
Batches:  68%|██████▊   | 869/1274 [00:04<00:02, 182.67it/s]
Batches:  70%|██████▉   | 888/1274 [00:05<00:02, 182.13it/s]
Batches:  71%|███████   | 907/1274 [00:05<00:02, 182.76it/s]
Batches:  73%|███████▎  | 926/1274 [00:05<00:01, 181.53it/s]
Batches:  74%|███████▍  | 945/1274 [00:05<00:01, 181.85it/s]
Batches:  76%|███████▌  | 964/1274 [00:05<00:01, 182.57it/s]
Batches:  77%|███████▋  | 983/1274 [00:05<00:01, 182.93it/s]
Batches:  79%|███████▊  | 1002/1274 [00:05<00:01, 183.39it/s]
Batches:  80%|████████  | 1021/1274 [00:05<00:01, 183.95it/s]
Batches:  82%|████████▏ | 1040/1274 [00:05<00:01, 184.23it/s]
Batches:  83%|████████▎ | 1059/1274 [00:06<00:01, 183.76it/s]
Batches:  85%|████████▍ | 1078/1274 [00:06<00:01, 184.61it/s]
Batches:  86%|████████▌ | 1097/1274 [00:06<00:00, 183.81it/s]
Batches:  88%|████████▊ | 1116/1274 [00:06<00:00, 183.63it/s]
Batches:  89%|████████▉ | 1135/1274 [00:06<00:00, 182.60it/s]
Batches:  91%|█████████ | 1154/1274 [00:06<00:00, 183.78it/s]
Batches:  92%|█████████▏| 1173/1274 [00:06<00:00, 183.61it/s]
Batches:  94%|█████████▎| 1192/1274 [00:06<00:00, 183.99it/s]
Batches:  95%|█████████▌| 1211/1274 [00:06<00:00, 183.93it/s]
Batches:  97%|█████████▋| 1230/1274 [00:06<00:00, 184.28it/s]
Batches:  98%|█████████▊| 1249/1274 [00:07<00:00, 185.86it/s]
Training MLP (info_nce_single):   0%|          | 0/100 [00:00<?, ?it/s]
Training MLP (info_nce_single):   0%|          | 0/100 [00:11<?, ?it/s, TrL=3.0392, VaL=2.9650, TeL=2.9678 ★=best]
Training MLP (info_nce_single):   1%|          | 1/100 [00:11<18:56, 11.48s/it, TrL=3.0392, VaL=2.9650, TeL=2.9678 ★=best]
Training MLP (info_nce_single):   1%|          | 1/100 [00:22<18:56, 11.48s/it, TrL=2.9536, VaL=2.9257, TeL=2.9301 ★=best]
Training MLP (info_nce_single):   2%|▏         | 2/100 [00:22<18:46, 11.49s/it, TrL=2.9536, VaL=2.9257, TeL=2.9301 ★=best]
Training MLP (info_nce_single):   2%|▏         | 2/100 [00:34<18:46, 11.49s/it, TrL=2.9201, VaL=2.9068, TeL=2.9097 ★=best]
Training MLP (info_nce_single):   3%|▎         | 3/100 [00:34<18:34, 11.49s/it, TrL=2.9201, VaL=2.9068, TeL=2.9097 ★=best]
Training MLP (info_nce_single):   3%|▎         | 3/100 [00:45<18:34, 11.49s/it, TrL=2.8942, VaL=2.8916, TeL=2.8949 ★=best]
Training MLP (info_nce_single):   4%|▍         | 4/100 [00:45<18:21, 11.48s/it, TrL=2.8942, VaL=2.8916, TeL=2.8949 ★=best]
Training MLP (info_nce_single):   4%|▍         | 4/100 [00:59<18:21, 11.48s/it, TrL=2.8714, VaL=2.8780, TeL=2.8819 ★=best]
Training MLP (info_nce_single):   5%|▌         | 5/100 [00:59<19:16, 12.18s/it, TrL=2.8714, VaL=2.8780, TeL=2.8819 ★=best]
Training MLP (info_nce_single):   5%|▌         | 5/100 [01:10<19:16, 12.18s/it, TrL=2.8520, VaL=2.8685, TeL=2.8713 ★=best]
Training MLP (info_nce_single):   6%|▌         | 6/100 [01:10<18:43, 11.95s/it, TrL=2.8520, VaL=2.8685, TeL=2.8713 ★=best]
Training MLP (info_nce_single):   6%|▌         | 6/100 [01:22<18:43, 11.95s/it, TrL=2.8344, VaL=2.8566, TeL=2.8589 ★=best]
Training MLP (info_nce_single):   7%|▋         | 7/100 [01:22<18:17, 11.80s/it, TrL=2.8344, VaL=2.8566, TeL=2.8589 ★=best]
Training MLP (info_nce_single):   7%|▋         | 7/100 [01:33<18:17, 11.80s/it, TrL=2.8191, VaL=2.8492, TeL=2.8524 ★=best]
Training MLP (info_nce_single):   8%|▊         | 8/100 [01:33<17:55, 11.69s/it, TrL=2.8191, VaL=2.8492, TeL=2.8524 ★=best]
Training MLP (info_nce_single):   8%|▊         | 8/100 [01:45<17:55, 11.69s/it, TrL=2.8046, VaL=2.8419, TeL=2.8461 ★=best]
Training MLP (info_nce_single):   9%|▉         | 9/100 [01:45<17:37, 11.63s/it, TrL=2.8046, VaL=2.8419, TeL=2.8461 ★=best]
Training MLP (info_nce_single):   9%|▉         | 9/100 [01:56<17:37, 11.63s/it, TrL=2.7932, VaL=2.8380, TeL=2.8397 ★=best]
Training MLP (info_nce_single):  10%|█         | 10/100 [01:56<17:22, 11.58s/it, TrL=2.7932, VaL=2.8380, TeL=2.8397 ★=best]
Training MLP (info_nce_single):  10%|█         | 10/100 [02:08<17:22, 11.58s/it, TrL=2.7833, VaL=2.8327, TeL=2.8347 ★=best]
Training MLP (info_nce_single):  11%|█         | 11/100 [02:08<17:08, 11.55s/it, TrL=2.7833, VaL=2.8327, TeL=2.8347 ★=best]
Training MLP (info_nce_single):  11%|█         | 11/100 [02:19<17:08, 11.55s/it, TrL=2.7729, VaL=2.8249, TeL=2.8264 ★=best]
Training MLP (info_nce_single):  12%|█▏        | 12/100 [02:19<16:54, 11.53s/it, TrL=2.7729, VaL=2.8249, TeL=2.8264 ★=best]
Training MLP (info_nce_single):  12%|█▏        | 12/100 [02:31<16:54, 11.53s/it, TrL=2.7636, VaL=2.8223, TeL=2.8242 ★=best]
Training MLP (info_nce_single):  13%|█▎        | 13/100 [02:31<16:41, 11.51s/it, TrL=2.7636, VaL=2.8223, TeL=2.8242 ★=best]
Training MLP (info_nce_single):  13%|█▎        | 13/100 [02:42<16:41, 11.51s/it, TrL=2.7545, VaL=2.8169, TeL=2.8175 ★=best]
Training MLP (info_nce_single):  14%|█▍        | 14/100 [02:42<16:28, 11.50s/it, TrL=2.7545, VaL=2.8169, TeL=2.8175 ★=best]
Training MLP (info_nce_single):  14%|█▍        | 14/100 [02:54<16:28, 11.50s/it, TrL=2.7478, VaL=2.8172, TeL=2.8161]
Training MLP (info_nce_single):  15%|█▌        | 15/100 [02:54<16:17, 11.50s/it, TrL=2.7478, VaL=2.8172, TeL=2.8161]
Training MLP (info_nce_single):  15%|█▌        | 15/100 [03:05<16:17, 11.50s/it, TrL=2.7413, VaL=2.8130, TeL=2.8127 ★=best]
Training MLP (info_nce_single):  16%|█▌        | 16/100 [03:05<16:04, 11.48s/it, TrL=2.7413, VaL=2.8130, TeL=2.8127 ★=best]
Training MLP (info_nce_single):  16%|█▌        | 16/100 [03:17<16:04, 11.48s/it, TrL=2.7347, VaL=2.8081, TeL=2.8076 ★=best]
Training MLP (info_nce_single):  17%|█▋        | 17/100 [03:17<15:52, 11.48s/it, TrL=2.7347, VaL=2.8081, TeL=2.8076 ★=best]
Training MLP (info_nce_single):  17%|█▋        | 17/100 [03:28<15:52, 11.48s/it, TrL=2.7290, VaL=2.8085, TeL=2.8059]
Training MLP (info_nce_single):  18%|█▊        | 18/100 [03:28<15:40, 11.47s/it, TrL=2.7290, VaL=2.8085, TeL=2.8059]
Training MLP (info_nce_single):  18%|█▊        | 18/100 [03:40<15:40, 11.47s/it, TrL=2.7219, VaL=2.8041, TeL=2.8023 ★=best]
Training MLP (info_nce_single):  19%|█▉        | 19/100 [03:40<15:30, 11.49s/it, TrL=2.7219, VaL=2.8041, TeL=2.8023 ★=best]
Training MLP (info_nce_single):  19%|█▉        | 19/100 [03:51<15:30, 11.49s/it, TrL=2.7170, VaL=2.8039, TeL=2.8015 ★=best]
Training MLP (info_nce_single):  20%|██        | 20/100 [03:51<15:19, 11.49s/it, TrL=2.7170, VaL=2.8039, TeL=2.8015 ★=best]
Training MLP (info_nce_single):  20%|██        | 20/100 [04:03<15:19, 11.49s/it, TrL=2.7111, VaL=2.8013, TeL=2.7982 ★=best]
Training MLP (info_nce_single):  21%|██        | 21/100 [04:03<15:07, 11.49s/it, TrL=2.7111, VaL=2.8013, TeL=2.7982 ★=best]
Training MLP (info_nce_single):  21%|██        | 21/100 [04:14<15:07, 11.49s/it, TrL=2.7079, VaL=2.7986, TeL=2.7982 ★=best]
Training MLP (info_nce_single):  22%|██▏       | 22/100 [04:14<14:56, 11.49s/it, TrL=2.7079, VaL=2.7986, TeL=2.7982 ★=best]
Training MLP (info_nce_single):  22%|██▏       | 22/100 [04:26<14:56, 11.49s/it, TrL=2.7026, VaL=2.7981, TeL=2.7975 ★=best]
Training MLP (info_nce_single):  23%|██▎       | 23/100 [04:26<14:45, 11.50s/it, TrL=2.7026, VaL=2.7981, TeL=2.7975 ★=best]
Training MLP (info_nce_single):  23%|██▎       | 23/100 [04:37<14:45, 11.50s/it, TrL=2.6993, VaL=2.7963, TeL=2.7946 ★=best]
Training MLP (info_nce_single):  24%|██▍       | 24/100 [04:37<14:33, 11.49s/it, TrL=2.6993, VaL=2.7963, TeL=2.7946 ★=best]
Training MLP (info_nce_single):  24%|██▍       | 24/100 [04:48<14:33, 11.49s/it, TrL=2.6947, VaL=2.7940, TeL=2.7914 ★=best]
Training MLP (info_nce_single):  25%|██▌       | 25/100 [04:48<14:21, 11.48s/it, TrL=2.6947, VaL=2.7940, TeL=2.7914 ★=best]
Training MLP (info_nce_single):  25%|██▌       | 25/100 [05:01<14:21, 11.48s/it, TrL=2.6910, VaL=2.7935, TeL=2.7923 ★=best]
Training MLP (info_nce_single):  26%|██▌       | 26/100 [05:01<14:35, 11.83s/it, TrL=2.6910, VaL=2.7935, TeL=2.7923 ★=best]
Training MLP (info_nce_single):  26%|██▌       | 26/100 [05:13<14:35, 11.83s/it, TrL=2.6872, VaL=2.7944, TeL=2.7903]
Training MLP (info_nce_single):  27%|██▋       | 27/100 [05:13<14:22, 11.82s/it, TrL=2.6872, VaL=2.7944, TeL=2.7903]
Training MLP (info_nce_single):  27%|██▋       | 27/100 [05:25<14:22, 11.82s/it, TrL=2.6844, VaL=2.7891, TeL=2.7881 ★=best]
Training MLP (info_nce_single):  28%|██▊       | 28/100 [05:25<14:14, 11.87s/it, TrL=2.6844, VaL=2.7891, TeL=2.7881 ★=best]
Training MLP (info_nce_single):  28%|██▊       | 28/100 [05:36<14:14, 11.87s/it, TrL=2.6809, VaL=2.7902, TeL=2.7889]
Training MLP (info_nce_single):  29%|██▉       | 29/100 [05:36<13:54, 11.75s/it, TrL=2.6809, VaL=2.7902, TeL=2.7889]
Training MLP (info_nce_single):  29%|██▉       | 29/100 [05:48<13:54, 11.75s/it, TrL=2.6767, VaL=2.7885, TeL=2.7876 ★=best]
Training MLP (info_nce_single):  30%|███       | 30/100 [05:48<13:36, 11.66s/it, TrL=2.6767, VaL=2.7885, TeL=2.7876 ★=best]
Training MLP (info_nce_single):  30%|███       | 30/100 [06:00<13:36, 11.66s/it, TrL=2.6735, VaL=2.7867, TeL=2.7838 ★=best]
Training MLP (info_nce_single):  31%|███       | 31/100 [06:00<13:26, 11.69s/it, TrL=2.6735, VaL=2.7867, TeL=2.7838 ★=best]
Training MLP (info_nce_single):  31%|███       | 31/100 [06:11<13:26, 11.69s/it, TrL=2.6721, VaL=2.7842, TeL=2.7826 ★=best]
Training MLP (info_nce_single):  32%|███▏      | 32/100 [06:11<13:11, 11.63s/it, TrL=2.6721, VaL=2.7842, TeL=2.7826 ★=best]
Training MLP (info_nce_single):  32%|███▏      | 32/100 [06:23<13:11, 11.63s/it, TrL=2.6683, VaL=2.7838, TeL=2.7825 ★=best]
Training MLP (info_nce_single):  33%|███▎      | 33/100 [06:23<12:56, 11.59s/it, TrL=2.6683, VaL=2.7838, TeL=2.7825 ★=best]
Training MLP (info_nce_single):  33%|███▎      | 33/100 [06:34<12:56, 11.59s/it, TrL=2.6659, VaL=2.7853, TeL=2.7822]
Training MLP (info_nce_single):  34%|███▍      | 34/100 [06:34<12:43, 11.56s/it, TrL=2.6659, VaL=2.7853, TeL=2.7822]
Training MLP (info_nce_single):  34%|███▍      | 34/100 [06:46<12:43, 11.56s/it, TrL=2.6641, VaL=2.7804, TeL=2.7800 ★=best]
Training MLP (info_nce_single):  35%|███▌      | 35/100 [06:46<12:30, 11.54s/it, TrL=2.6641, VaL=2.7804, TeL=2.7800 ★=best]
Training MLP (info_nce_single):  35%|███▌      | 35/100 [06:57<12:30, 11.54s/it, TrL=2.6600, VaL=2.7833, TeL=2.7812]
Training MLP (info_nce_single):  36%|███▌      | 36/100 [06:57<12:16, 11.51s/it, TrL=2.6600, VaL=2.7833, TeL=2.7812]
Training MLP (info_nce_single):  36%|███▌      | 36/100 [07:08<12:16, 11.51s/it, TrL=2.6589, VaL=2.7825, TeL=2.7817]
Training MLP (info_nce_single):  37%|███▋      | 37/100 [07:08<12:04, 11.50s/it, TrL=2.6589, VaL=2.7825, TeL=2.7817]
Training MLP (info_nce_single):  37%|███▋      | 37/100 [07:20<12:04, 11.50s/it, TrL=2.6548, VaL=2.7801, TeL=2.7795 ★=best]
Training MLP (info_nce_single):  38%|███▊      | 38/100 [07:20<11:51, 11.48s/it, TrL=2.6548, VaL=2.7801, TeL=2.7795 ★=best]
Training MLP (info_nce_single):  38%|███▊      | 38/100 [07:31<11:51, 11.48s/it, TrL=2.6537, VaL=2.7806, TeL=2.7804]
Training MLP (info_nce_single):  39%|███▉      | 39/100 [07:31<11:40, 11.48s/it, TrL=2.6537, VaL=2.7806, TeL=2.7804]
Training MLP (info_nce_single):  39%|███▉      | 39/100 [07:43<11:40, 11.48s/it, TrL=2.6500, VaL=2.7794, TeL=2.7777 ★=best]
Training MLP (info_nce_single):  40%|████      | 40/100 [07:43<11:29, 11.48s/it, TrL=2.6500, VaL=2.7794, TeL=2.7777 ★=best]
Training MLP (info_nce_single):  40%|████      | 40/100 [07:54<11:29, 11.48s/it, TrL=2.6481, VaL=2.7810, TeL=2.7786]
Training MLP (info_nce_single):  41%|████      | 41/100 [07:54<11:17, 11.49s/it, TrL=2.6481, VaL=2.7810, TeL=2.7786]
Training MLP (info_nce_single):  41%|████      | 41/100 [08:06<11:17, 11.49s/it, TrL=2.6485, VaL=2.7779, TeL=2.7742 ★=best]
Training MLP (info_nce_single):  42%|████▏     | 42/100 [08:06<11:06, 11.49s/it, TrL=2.6485, VaL=2.7779, TeL=2.7742 ★=best]
Training MLP (info_nce_single):  42%|████▏     | 42/100 [08:18<11:06, 11.49s/it, TrL=2.6438, VaL=2.7773, TeL=2.7771 ★=best]
Training MLP (info_nce_single):  43%|████▎     | 43/100 [08:18<11:05, 11.68s/it, TrL=2.6438, VaL=2.7773, TeL=2.7771 ★=best]
Training MLP (info_nce_single):  43%|████▎     | 43/100 [08:30<11:05, 11.68s/it, TrL=2.6428, VaL=2.7764, TeL=2.7757 ★=best]
Training MLP (info_nce_single):  44%|████▍     | 44/100 [08:30<10:51, 11.63s/it, TrL=2.6428, VaL=2.7764, TeL=2.7757 ★=best]
Training MLP (info_nce_single):  44%|████▍     | 44/100 [08:41<10:51, 11.63s/it, TrL=2.6404, VaL=2.7761, TeL=2.7742 ★=best]
Training MLP (info_nce_single):  45%|████▌     | 45/100 [08:41<10:37, 11.60s/it, TrL=2.6404, VaL=2.7761, TeL=2.7742 ★=best]
Training MLP (info_nce_single):  45%|████▌     | 45/100 [08:53<10:37, 11.60s/it, TrL=2.6380, VaL=2.7768, TeL=2.7738]
Training MLP (info_nce_single):  46%|████▌     | 46/100 [08:53<10:24, 11.56s/it, TrL=2.6380, VaL=2.7768, TeL=2.7738]
Training MLP (info_nce_single):  46%|████▌     | 46/100 [09:04<10:24, 11.56s/it, TrL=2.6379, VaL=2.7752, TeL=2.7727 ★=best]
Training MLP (info_nce_single):  47%|████▋     | 47/100 [09:04<10:11, 11.54s/it, TrL=2.6379, VaL=2.7752, TeL=2.7727 ★=best]
Training MLP (info_nce_single):  47%|████▋     | 47/100 [09:15<10:11, 11.54s/it, TrL=2.6347, VaL=2.7740, TeL=2.7729 ★=best]
Training MLP (info_nce_single):  48%|████▊     | 48/100 [09:15<09:58, 11.51s/it, TrL=2.6347, VaL=2.7740, TeL=2.7729 ★=best]
Training MLP (info_nce_single):  48%|████▊     | 48/100 [09:27<09:58, 11.51s/it, TrL=2.6322, VaL=2.7735, TeL=2.7723 ★=best]
Training MLP (info_nce_single):  49%|████▉     | 49/100 [09:27<09:46, 11.50s/it, TrL=2.6322, VaL=2.7735, TeL=2.7723 ★=best]
Training MLP (info_nce_single):  49%|████▉     | 49/100 [09:38<09:46, 11.50s/it, TrL=2.6331, VaL=2.7752, TeL=2.7732]
Training MLP (info_nce_single):  50%|█████     | 50/100 [09:38<09:34, 11.49s/it, TrL=2.6331, VaL=2.7752, TeL=2.7732]
Training MLP (info_nce_single):  50%|█████     | 50/100 [09:50<09:34, 11.49s/it, TrL=2.6305, VaL=2.7759, TeL=2.7735]
Training MLP (info_nce_single):  51%|█████     | 51/100 [09:50<09:22, 11.49s/it, TrL=2.6305, VaL=2.7759, TeL=2.7735]
Training MLP (info_nce_single):  51%|█████     | 51/100 [10:01<09:22, 11.49s/it, TrL=2.6279, VaL=2.7734, TeL=2.7715 ★=best]
Training MLP (info_nce_single):  52%|█████▏    | 52/100 [10:01<09:11, 11.48s/it, TrL=2.6279, VaL=2.7734, TeL=2.7715 ★=best]
Training MLP (info_nce_single):  52%|█████▏    | 52/100 [10:13<09:11, 11.48s/it, TrL=2.6266, VaL=2.7737, TeL=2.7719]
Training MLP (info_nce_single):  53%|█████▎    | 53/100 [10:13<08:59, 11.48s/it, TrL=2.6266, VaL=2.7737, TeL=2.7719]
Training MLP (info_nce_single):  53%|█████▎    | 53/100 [10:24<08:59, 11.48s/it, TrL=2.6258, VaL=2.7734, TeL=2.7703 ★=best]
Training MLP (info_nce_single):  54%|█████▍    | 54/100 [10:24<08:48, 11.49s/it, TrL=2.6258, VaL=2.7734, TeL=2.7703 ★=best]
Training MLP (info_nce_single):  54%|█████▍    | 54/100 [10:36<08:48, 11.49s/it, TrL=2.6238, VaL=2.7730, TeL=2.7690 ★=best]
Training MLP (info_nce_single):  55%|█████▌    | 55/100 [10:36<08:36, 11.48s/it, TrL=2.6238, VaL=2.7730, TeL=2.7690 ★=best]
Training MLP (info_nce_single):  55%|█████▌    | 55/100 [10:47<08:36, 11.48s/it, TrL=2.6226, VaL=2.7732, TeL=2.7696]
Training MLP (info_nce_single):  56%|█████▌    | 56/100 [10:47<08:25, 11.49s/it, TrL=2.6226, VaL=2.7732, TeL=2.7696]
Training MLP (info_nce_single):  56%|█████▌    | 56/100 [10:59<08:25, 11.49s/it, TrL=2.6214, VaL=2.7729, TeL=2.7691 ★=best]
Training MLP (info_nce_single):  57%|█████▋    | 57/100 [10:59<08:14, 11.49s/it, TrL=2.6214, VaL=2.7729, TeL=2.7691 ★=best]
Training MLP (info_nce_single):  57%|█████▋    | 57/100 [11:10<08:14, 11.49s/it, TrL=2.6187, VaL=2.7737, TeL=2.7697]
Training MLP (info_nce_single):  58%|█████▊    | 58/100 [11:10<08:02, 11.49s/it, TrL=2.6187, VaL=2.7737, TeL=2.7697]
Training MLP (info_nce_single):  58%|█████▊    | 58/100 [11:22<08:02, 11.49s/it, TrL=2.6178, VaL=2.7721, TeL=2.7689 ★=best]
Training MLP (info_nce_single):  59%|█████▉    | 59/100 [11:22<07:50, 11.48s/it, TrL=2.6178, VaL=2.7721, TeL=2.7689 ★=best]
Training MLP (info_nce_single):  59%|█████▉    | 59/100 [11:33<07:50, 11.48s/it, TrL=2.6173, VaL=2.7723, TeL=2.7690]
Training MLP (info_nce_single):  60%|██████    | 60/100 [11:33<07:38, 11.47s/it, TrL=2.6173, VaL=2.7723, TeL=2.7690]
Training MLP (info_nce_single):  60%|██████    | 60/100 [11:45<07:38, 11.47s/it, TrL=2.6169, VaL=2.7706, TeL=2.7670 ★=best]
Training MLP (info_nce_single):  61%|██████    | 61/100 [11:45<07:27, 11.47s/it, TrL=2.6169, VaL=2.7706, TeL=2.7670 ★=best]
Training MLP (info_nce_single):  61%|██████    | 61/100 [11:56<07:27, 11.47s/it, TrL=2.6122, VaL=2.7725, TeL=2.7685]
Training MLP (info_nce_single):  62%|██████▏   | 62/100 [11:56<07:15, 11.47s/it, TrL=2.6122, VaL=2.7725, TeL=2.7685]
Training MLP (info_nce_single):  62%|██████▏   | 62/100 [12:08<07:15, 11.47s/it, TrL=2.6118, VaL=2.7730, TeL=2.7704]
Training MLP (info_nce_single):  63%|██████▎   | 63/100 [12:08<07:04, 11.48s/it, TrL=2.6118, VaL=2.7730, TeL=2.7704]
Training MLP (info_nce_single):  63%|██████▎   | 63/100 [12:19<07:04, 11.48s/it, TrL=2.6104, VaL=2.7722, TeL=2.7691]
Training MLP (info_nce_single):  64%|██████▍   | 64/100 [12:19<06:53, 11.48s/it, TrL=2.6104, VaL=2.7722, TeL=2.7691]
Training MLP (info_nce_single):  64%|██████▍   | 64/100 [12:31<06:53, 11.48s/it, TrL=2.6087, VaL=2.7718, TeL=2.7698]
Training MLP (info_nce_single):  65%|██████▌   | 65/100 [12:31<06:41, 11.48s/it, TrL=2.6087, VaL=2.7718, TeL=2.7698]
Training MLP (info_nce_single):  65%|██████▌   | 65/100 [12:42<06:41, 11.48s/it, TrL=2.6085, VaL=2.7697, TeL=2.7680 ★=best]
Training MLP (info_nce_single):  66%|██████▌   | 66/100 [12:42<06:30, 11.48s/it, TrL=2.6085, VaL=2.7697, TeL=2.7680 ★=best]
Training MLP (info_nce_single):  66%|██████▌   | 66/100 [12:54<06:30, 11.48s/it, TrL=2.6077, VaL=2.7712, TeL=2.7686]
Training MLP (info_nce_single):  67%|██████▋   | 67/100 [12:54<06:18, 11.48s/it, TrL=2.6077, VaL=2.7712, TeL=2.7686]
Training MLP (info_nce_single):  67%|██████▋   | 67/100 [13:05<06:18, 11.48s/it, TrL=2.6063, VaL=2.7678, TeL=2.7661 ★=best]
Training MLP (info_nce_single):  68%|██████▊   | 68/100 [13:05<06:07, 11.48s/it, TrL=2.6063, VaL=2.7678, TeL=2.7661 ★=best]
Training MLP (info_nce_single):  68%|██████▊   | 68/100 [13:16<06:07, 11.48s/it, TrL=2.6051, VaL=2.7704, TeL=2.7675]
Training MLP (info_nce_single):  69%|██████▉   | 69/100 [13:16<05:55, 11.48s/it, TrL=2.6051, VaL=2.7704, TeL=2.7675]
Training MLP (info_nce_single):  69%|██████▉   | 69/100 [13:28<05:55, 11.48s/it, TrL=2.6018, VaL=2.7693, TeL=2.7692]
Training MLP (info_nce_single):  70%|███████   | 70/100 [13:28<05:44, 11.48s/it, TrL=2.6018, VaL=2.7693, TeL=2.7692]
Training MLP (info_nce_single):  70%|███████   | 70/100 [13:40<05:44, 11.48s/it, TrL=2.6019, VaL=2.7684, TeL=2.7656]
Training MLP (info_nce_single):  71%|███████   | 71/100 [13:40<05:33, 11.51s/it, TrL=2.6019, VaL=2.7684, TeL=2.7656]
Training MLP (info_nce_single):  71%|███████   | 71/100 [13:51<05:33, 11.51s/it, TrL=2.6022, VaL=2.7690, TeL=2.7655]
Training MLP (info_nce_single):  72%|███████▏  | 72/100 [13:51<05:22, 11.51s/it, TrL=2.6022, VaL=2.7690, TeL=2.7655]
Training MLP (info_nce_single):  72%|███████▏  | 72/100 [14:03<05:22, 11.51s/it, TrL=2.6004, VaL=2.7689, TeL=2.7659]
Training MLP (info_nce_single):  73%|███████▎  | 73/100 [14:03<05:10, 11.51s/it, TrL=2.6004, VaL=2.7689, TeL=2.7659]
Training MLP (info_nce_single):  73%|███████▎  | 73/100 [14:14<05:10, 11.51s/it, TrL=2.5992, VaL=2.7678, TeL=2.7654 ★=best]
Training MLP (info_nce_single):  74%|███████▍  | 74/100 [14:14<04:58, 11.49s/it, TrL=2.5992, VaL=2.7678, TeL=2.7654 ★=best]
Training MLP (info_nce_single):  74%|███████▍  | 74/100 [14:26<04:58, 11.49s/it, TrL=2.5989, VaL=2.7671, TeL=2.7640 ★=best]
Training MLP (info_nce_single):  75%|███████▌  | 75/100 [14:26<04:47, 11.49s/it, TrL=2.5989, VaL=2.7671, TeL=2.7640 ★=best]
Training MLP (info_nce_single):  75%|███████▌  | 75/100 [14:37<04:47, 11.49s/it, TrL=2.5965, VaL=2.7686, TeL=2.7654]
Training MLP (info_nce_single):  76%|███████▌  | 76/100 [14:37<04:35, 11.48s/it, TrL=2.5965, VaL=2.7686, TeL=2.7654]
Training MLP (info_nce_single):  76%|███████▌  | 76/100 [14:48<04:35, 11.48s/it, TrL=2.5950, VaL=2.7675, TeL=2.7633]
Training MLP (info_nce_single):  77%|███████▋  | 77/100 [14:48<04:24, 11.49s/it, TrL=2.5950, VaL=2.7675, TeL=2.7633]
Training MLP (info_nce_single):  77%|███████▋  | 77/100 [15:00<04:24, 11.49s/it, TrL=2.5935, VaL=2.7668, TeL=2.7645 ★=best]
Training MLP (info_nce_single):  78%|███████▊  | 78/100 [15:00<04:12, 11.48s/it, TrL=2.5935, VaL=2.7668, TeL=2.7645 ★=best]
Training MLP (info_nce_single):  78%|███████▊  | 78/100 [15:11<04:12, 11.48s/it, TrL=2.5931, VaL=2.7698, TeL=2.7666]
Training MLP (info_nce_single):  79%|███████▉  | 79/100 [15:11<04:01, 11.48s/it, TrL=2.5931, VaL=2.7698, TeL=2.7666]
Training MLP (info_nce_single):  79%|███████▉  | 79/100 [15:23<04:01, 11.48s/it, TrL=2.5926, VaL=2.7674, TeL=2.7633]
Training MLP (info_nce_single):  80%|████████  | 80/100 [15:23<03:49, 11.48s/it, TrL=2.5926, VaL=2.7674, TeL=2.7633]
Training MLP (info_nce_single):  80%|████████  | 80/100 [15:34<03:49, 11.48s/it, TrL=2.5925, VaL=2.7670, TeL=2.7646]
Training MLP (info_nce_single):  81%|████████  | 81/100 [15:34<03:38, 11.48s/it, TrL=2.5925, VaL=2.7670, TeL=2.7646]
Training MLP (info_nce_single):  81%|████████  | 81/100 [15:46<03:38, 11.48s/it, TrL=2.5889, VaL=2.7667, TeL=2.7631 ★=best]
Training MLP (info_nce_single):  82%|████████▏ | 82/100 [15:46<03:26, 11.47s/it, TrL=2.5889, VaL=2.7667, TeL=2.7631 ★=best]
Training MLP (info_nce_single):  82%|████████▏ | 82/100 [15:57<03:26, 11.47s/it, TrL=2.5882, VaL=2.7666, TeL=2.7632 ★=best]
Training MLP (info_nce_single):  83%|████████▎ | 83/100 [15:57<03:15, 11.48s/it, TrL=2.5882, VaL=2.7666, TeL=2.7632 ★=best]
Training MLP (info_nce_single):  83%|████████▎ | 83/100 [16:09<03:15, 11.48s/it, TrL=2.5888, VaL=2.7662, TeL=2.7635 ★=best]
Training MLP (info_nce_single):  84%|████████▍ | 84/100 [16:09<03:03, 11.49s/it, TrL=2.5888, VaL=2.7662, TeL=2.7635 ★=best]
Training MLP (info_nce_single):  84%|████████▍ | 84/100 [16:20<03:03, 11.49s/it, TrL=2.5881, VaL=2.7674, TeL=2.7643]
Training MLP (info_nce_single):  85%|████████▌ | 85/100 [16:20<02:52, 11.49s/it, TrL=2.5881, VaL=2.7674, TeL=2.7643]
Training MLP (info_nce_single):  85%|████████▌ | 85/100 [16:32<02:52, 11.49s/it, TrL=2.5863, VaL=2.7673, TeL=2.7643]
Training MLP (info_nce_single):  86%|████████▌ | 86/100 [16:32<02:40, 11.49s/it, TrL=2.5863, VaL=2.7673, TeL=2.7643]
Training MLP (info_nce_single):  86%|████████▌ | 86/100 [16:43<02:40, 11.49s/it, TrL=2.5867, VaL=2.7658, TeL=2.7640 ★=best]
Training MLP (info_nce_single):  87%|████████▋ | 87/100 [16:43<02:29, 11.49s/it, TrL=2.5867, VaL=2.7658, TeL=2.7640 ★=best]
Training MLP (info_nce_single):  87%|████████▋ | 87/100 [16:55<02:29, 11.49s/it, TrL=2.5865, VaL=2.7646, TeL=2.7615 ★=best]
Training MLP (info_nce_single):  88%|████████▊ | 88/100 [16:55<02:17, 11.49s/it, TrL=2.5865, VaL=2.7646, TeL=2.7615 ★=best]
Training MLP (info_nce_single):  88%|████████▊ | 88/100 [17:06<02:17, 11.49s/it, TrL=2.5848, VaL=2.7651, TeL=2.7627]
Training MLP (info_nce_single):  89%|████████▉ | 89/100 [17:06<02:06, 11.49s/it, TrL=2.5848, VaL=2.7651, TeL=2.7627]
Training MLP (info_nce_single):  89%|████████▉ | 89/100 [17:18<02:06, 11.49s/it, TrL=2.5834, VaL=2.7649, TeL=2.7625]
Training MLP (info_nce_single):  90%|█████████ | 90/100 [17:18<01:54, 11.50s/it, TrL=2.5834, VaL=2.7649, TeL=2.7625]
Training MLP (info_nce_single):  90%|█████████ | 90/100 [17:29<01:54, 11.50s/it, TrL=2.5836, VaL=2.7673, TeL=2.7652]
Training MLP (info_nce_single):  91%|█████████ | 91/100 [17:29<01:43, 11.49s/it, TrL=2.5836, VaL=2.7673, TeL=2.7652]
Training MLP (info_nce_single):  91%|█████████ | 91/100 [17:41<01:43, 11.49s/it, TrL=2.5824, VaL=2.7661, TeL=2.7644]
Training MLP (info_nce_single):  92%|█████████▏| 92/100 [17:41<01:31, 11.48s/it, TrL=2.5824, VaL=2.7661, TeL=2.7644]
Training MLP (info_nce_single):  92%|█████████▏| 92/100 [17:52<01:31, 11.48s/it, TrL=2.5815, VaL=2.7653, TeL=2.7610]
Training MLP (info_nce_single):  93%|█████████▎| 93/100 [17:52<01:20, 11.47s/it, TrL=2.5815, VaL=2.7653, TeL=2.7610]
Training MLP (info_nce_single):  93%|█████████▎| 93/100 [18:04<01:20, 11.47s/it, TrL=2.5805, VaL=2.7664, TeL=2.7619]
Training MLP (info_nce_single):  94%|█████████▍| 94/100 [18:04<01:08, 11.46s/it, TrL=2.5805, VaL=2.7664, TeL=2.7619]
Training MLP (info_nce_single):  94%|█████████▍| 94/100 [18:15<01:08, 11.46s/it, TrL=2.5793, VaL=2.7649, TeL=2.7616]
Training MLP (info_nce_single):  95%|█████████▌| 95/100 [18:15<00:57, 11.47s/it, TrL=2.5793, VaL=2.7649, TeL=2.7616]
Training MLP (info_nce_single):  95%|█████████▌| 95/100 [18:27<00:57, 11.47s/it, TrL=2.5780, VaL=2.7662, TeL=2.7621]
Training MLP (info_nce_single):  96%|█████████▌| 96/100 [18:27<00:45, 11.47s/it, TrL=2.5780, VaL=2.7662, TeL=2.7621]
Training MLP (info_nce_single):  96%|█████████▌| 96/100 [18:38<00:45, 11.47s/it, TrL=2.5592, VaL=2.7627, TeL=2.7582 ★=best]
Training MLP (info_nce_single):  97%|█████████▋| 97/100 [18:38<00:34, 11.49s/it, TrL=2.5592, VaL=2.7627, TeL=2.7582 ★=best]
Training MLP (info_nce_single):  97%|█████████▋| 97/100 [18:50<00:34, 11.49s/it, TrL=2.5548, VaL=2.7634, TeL=2.7604]
Training MLP (info_nce_single):  98%|█████████▊| 98/100 [18:50<00:22, 11.49s/it, TrL=2.5548, VaL=2.7634, TeL=2.7604]
Training MLP (info_nce_single):  98%|█████████▊| 98/100 [19:01<00:22, 11.49s/it, TrL=2.5534, VaL=2.7644, TeL=2.7604]
Training MLP (info_nce_single):  99%|█████████▉| 99/100 [19:01<00:11, 11.49s/it, TrL=2.5534, VaL=2.7644, TeL=2.7604]
Training MLP (info_nce_single):  99%|█████████▉| 99/100 [19:13<00:11, 11.49s/it, TrL=2.5514, VaL=2.7636, TeL=2.7602]
Training MLP (info_nce_single): 100%|██████████| 100/100 [19:13<00:00, 11.50s/it, TrL=2.5514, VaL=2.7636, TeL=2.7602]
Training MLP (info_nce_single): 100%|██████████| 100/100 [19:13<00:00, 11.53s/it, TrL=2.5514, VaL=2.7636, TeL=2.7602]
2026-04-03 18:36:38,409 INFO Strict Checkpoint successfully mapped at: checkpoints/metaqa/losses_ablation/alignment_mlp_info_nce_single.pth
2026-04-03 18:36:40,078 INFO --> Ensuring info_nce_multi model is trained...
2026-04-03 18:36:40,080 INFO Model missing. Triggering training engine for info_nce_multi...
2026-04-03 18:36:40,081 INFO Loading data for metaqa | Target Loss Engine: info_nce_multi
Training MLP (info_nce_multi):   0%|          | 0/100 [00:00<?, ?it/s]
Training MLP (info_nce_multi):   0%|          | 0/100 [00:42<?, ?it/s, TrL=2.1965, VaL=2.1240, TeL=2.1260 ★=best]
Training MLP (info_nce_multi):   1%|          | 1/100 [00:42<1:10:00, 42.43s/it, TrL=2.1965, VaL=2.1240, TeL=2.1260 ★=best]
Training MLP (info_nce_multi):   1%|          | 1/100 [01:25<1:10:00, 42.43s/it, TrL=2.1138, VaL=2.0866, TeL=2.0890 ★=best]
Training MLP (info_nce_multi):   2%|▏         | 2/100 [01:25<1:10:16, 43.03s/it, TrL=2.1138, VaL=2.0866, TeL=2.0890 ★=best]
Training MLP (info_nce_multi):   2%|▏         | 2/100 [02:08<1:10:16, 43.03s/it, TrL=2.0728, VaL=2.0560, TeL=2.0568 ★=best]
Training MLP (info_nce_multi):   3%|▎         | 3/100 [02:08<1:08:59, 42.68s/it, TrL=2.0728, VaL=2.0560, TeL=2.0568 ★=best]
Training MLP (info_nce_multi):   3%|▎         | 3/100 [02:50<1:08:59, 42.68s/it, TrL=2.0380, VaL=2.0297, TeL=2.0301 ★=best]
Training MLP (info_nce_multi):   4%|▍         | 4/100 [02:50<1:08:19, 42.70s/it, TrL=2.0380, VaL=2.0297, TeL=2.0301 ★=best]
Training MLP (info_nce_multi):   4%|▍         | 4/100 [03:33<1:08:19, 42.70s/it, TrL=2.0083, VaL=2.0058, TeL=2.0043 ★=best]
Training MLP (info_nce_multi):   5%|▌         | 5/100 [03:33<1:07:22, 42.55s/it, TrL=2.0083, VaL=2.0058, TeL=2.0043 ★=best]
Training MLP (info_nce_multi):   5%|▌         | 5/100 [04:15<1:07:22, 42.55s/it, TrL=1.9811, VaL=1.9876, TeL=1.9860 ★=best]
Training MLP (info_nce_multi):   6%|▌         | 6/100 [04:15<1:06:34, 42.49s/it, TrL=1.9811, VaL=1.9876, TeL=1.9860 ★=best]
Training MLP (info_nce_multi):   6%|▌         | 6/100 [04:58<1:06:34, 42.49s/it, TrL=1.9595, VaL=1.9698, TeL=1.9714 ★=best]
Training MLP (info_nce_multi):   7%|▋         | 7/100 [04:58<1:05:52, 42.50s/it, TrL=1.9595, VaL=1.9698, TeL=1.9714 ★=best]
Training MLP (info_nce_multi):   7%|▋         | 7/100 [05:40<1:05:52, 42.50s/it, TrL=1.9403, VaL=1.9584, TeL=1.9574 ★=best]
Training MLP (info_nce_multi):   8%|▊         | 8/100 [05:40<1:05:09, 42.49s/it, TrL=1.9403, VaL=1.9584, TeL=1.9574 ★=best]
Training MLP (info_nce_multi):   8%|▊         | 8/100 [06:23<1:05:09, 42.49s/it, TrL=1.9238, VaL=1.9434, TeL=1.9450 ★=best]
Training MLP (info_nce_multi):   9%|▉         | 9/100 [06:23<1:04:27, 42.50s/it, TrL=1.9238, VaL=1.9434, TeL=1.9450 ★=best]
Training MLP (info_nce_multi):   9%|▉         | 9/100 [07:05<1:04:27, 42.50s/it, TrL=1.9102, VaL=1.9321, TeL=1.9323 ★=best]
Training MLP (info_nce_multi):  10%|█         | 10/100 [07:05<1:03:42, 42.48s/it, TrL=1.9102, VaL=1.9321, TeL=1.9323 ★=best]
Training MLP (info_nce_multi):  10%|█         | 10/100 [07:47<1:03:42, 42.48s/it, TrL=1.8964, VaL=1.9244, TeL=1.9252 ★=best]
Training MLP (info_nce_multi):  11%|█         | 11/100 [07:47<1:02:58, 42.45s/it, TrL=1.8964, VaL=1.9244, TeL=1.9252 ★=best]
Training MLP (info_nce_multi):  11%|█         | 11/100 [08:30<1:02:58, 42.45s/it, TrL=1.8839, VaL=1.9170, TeL=1.9163 ★=best]
Training MLP (info_nce_multi):  12%|█▏        | 12/100 [08:30<1:02:14, 42.43s/it, TrL=1.8839, VaL=1.9170, TeL=1.9163 ★=best]
Training MLP (info_nce_multi):  12%|█▏        | 12/100 [09:12<1:02:14, 42.43s/it, TrL=1.8733, VaL=1.9061, TeL=1.9067 ★=best]
Training MLP (info_nce_multi):  13%|█▎        | 13/100 [09:12<1:01:30, 42.42s/it, TrL=1.8733, VaL=1.9061, TeL=1.9067 ★=best]
Training MLP (info_nce_multi):  13%|█▎        | 13/100 [09:55<1:01:30, 42.42s/it, TrL=1.8635, VaL=1.9007, TeL=1.8999 ★=best]
Training MLP (info_nce_multi):  14%|█▍        | 14/100 [09:55<1:00:50, 42.44s/it, TrL=1.8635, VaL=1.9007, TeL=1.8999 ★=best]
Training MLP (info_nce_multi):  14%|█▍        | 14/100 [10:37<1:00:50, 42.44s/it, TrL=1.8563, VaL=1.8974, TeL=1.8979 ★=best]
Training MLP (info_nce_multi):  15%|█▌        | 15/100 [10:37<1:00:06, 42.43s/it, TrL=1.8563, VaL=1.8974, TeL=1.8979 ★=best]
Training MLP (info_nce_multi):  15%|█▌        | 15/100 [11:19<1:00:06, 42.43s/it, TrL=1.8470, VaL=1.8903, TeL=1.8906 ★=best]
Training MLP (info_nce_multi):  16%|█▌        | 16/100 [11:19<59:22, 42.40s/it, TrL=1.8470, VaL=1.8903, TeL=1.8906 ★=best]
Training MLP (info_nce_multi):  16%|█▌        | 16/100 [12:02<59:22, 42.40s/it, TrL=1.8398, VaL=1.8836, TeL=1.8838 ★=best]
Training MLP (info_nce_multi):  17%|█▋        | 17/100 [12:02<58:38, 42.40s/it, TrL=1.8398, VaL=1.8836, TeL=1.8838 ★=best]
Training MLP (info_nce_multi):  17%|█▋        | 17/100 [12:44<58:38, 42.40s/it, TrL=1.8345, VaL=1.8788, TeL=1.8784 ★=best]
Training MLP (info_nce_multi):  18%|█▊        | 18/100 [12:44<57:56, 42.39s/it, TrL=1.8345, VaL=1.8788, TeL=1.8784 ★=best]
Training MLP (info_nce_multi):  18%|█▊        | 18/100 [13:26<57:56, 42.39s/it, TrL=1.8280, VaL=1.8743, TeL=1.8728 ★=best]
Training MLP (info_nce_multi):  19%|█▉        | 19/100 [13:26<57:12, 42.38s/it, TrL=1.8280, VaL=1.8743, TeL=1.8728 ★=best]
Training MLP (info_nce_multi):  19%|█▉        | 19/100 [14:09<57:12, 42.38s/it, TrL=1.8237, VaL=1.8708, TeL=1.8683 ★=best]
Training MLP (info_nce_multi):  20%|██        | 20/100 [14:09<56:28, 42.36s/it, TrL=1.8237, VaL=1.8708, TeL=1.8683 ★=best]
Training MLP (info_nce_multi):  20%|██        | 20/100 [14:51<56:28, 42.36s/it, TrL=1.8176, VaL=1.8695, TeL=1.8662 ★=best]
Training MLP (info_nce_multi):  21%|██        | 21/100 [14:51<55:45, 42.35s/it, TrL=1.8176, VaL=1.8695, TeL=1.8662 ★=best]
Training MLP (info_nce_multi):  21%|██        | 21/100 [15:33<55:45, 42.35s/it, TrL=1.8121, VaL=1.8645, TeL=1.8622 ★=best]
Training MLP (info_nce_multi):  22%|██▏       | 22/100 [15:33<55:03, 42.35s/it, TrL=1.8121, VaL=1.8645, TeL=1.8622 ★=best]
Training MLP (info_nce_multi):  22%|██▏       | 22/100 [16:16<55:03, 42.35s/it, TrL=1.8075, VaL=1.8606, TeL=1.8585 ★=best]
Training MLP (info_nce_multi):  23%|██▎       | 23/100 [16:16<54:21, 42.36s/it, TrL=1.8075, VaL=1.8606, TeL=1.8585 ★=best]
Training MLP (info_nce_multi):  23%|██▎       | 23/100 [16:58<54:21, 42.36s/it, TrL=1.8031, VaL=1.8599, TeL=1.8599 ★=best]
Training MLP (info_nce_multi):  24%|██▍       | 24/100 [16:58<53:37, 42.33s/it, TrL=1.8031, VaL=1.8599, TeL=1.8599 ★=best]
Training MLP (info_nce_multi):  24%|██▍       | 24/100 [17:40<53:37, 42.33s/it, TrL=1.7978, VaL=1.8565, TeL=1.8540 ★=best]
Training MLP (info_nce_multi):  25%|██▌       | 25/100 [17:40<52:53, 42.32s/it, TrL=1.7978, VaL=1.8565, TeL=1.8540 ★=best]
Training MLP (info_nce_multi):  25%|██▌       | 25/100 [18:23<52:53, 42.32s/it, TrL=1.7950, VaL=1.8531, TeL=1.8511 ★=best]
Training MLP (info_nce_multi):  26%|██▌       | 26/100 [18:23<52:15, 42.38s/it, TrL=1.7950, VaL=1.8531, TeL=1.8511 ★=best]
Training MLP (info_nce_multi):  26%|██▌       | 26/100 [19:06<52:15, 42.38s/it, TrL=1.7907, VaL=1.8472, TeL=1.8467 ★=best]
Training MLP (info_nce_multi):  27%|██▋       | 27/100 [19:06<51:55, 42.68s/it, TrL=1.7907, VaL=1.8472, TeL=1.8467 ★=best]
Training MLP (info_nce_multi):  27%|██▋       | 27/100 [19:53<51:55, 42.68s/it, TrL=1.7869, VaL=1.8472, TeL=1.8449]
Training MLP (info_nce_multi):  28%|██▊       | 28/100 [19:53<52:31, 43.77s/it, TrL=1.7869, VaL=1.8472, TeL=1.8449]
Training MLP (info_nce_multi):  28%|██▊       | 28/100 [20:35<52:31, 43.77s/it, TrL=1.7843, VaL=1.8429, TeL=1.8423 ★=best]
Training MLP (info_nce_multi):  29%|██▉       | 29/100 [20:35<51:21, 43.41s/it, TrL=1.7843, VaL=1.8429, TeL=1.8423 ★=best]
Training MLP (info_nce_multi):  29%|██▉       | 29/100 [21:18<51:21, 43.41s/it, TrL=1.7804, VaL=1.8415, TeL=1.8414 ★=best]
Training MLP (info_nce_multi):  30%|███       | 30/100 [21:18<50:27, 43.25s/it, TrL=1.7804, VaL=1.8415, TeL=1.8414 ★=best]
Training MLP (info_nce_multi):  30%|███       | 30/100 [22:01<50:27, 43.25s/it, TrL=1.7768, VaL=1.8396, TeL=1.8360 ★=best]
Training MLP (info_nce_multi):  31%|███       | 31/100 [22:01<49:33, 43.10s/it, TrL=1.7768, VaL=1.8396, TeL=1.8360 ★=best]
Training MLP (info_nce_multi):  31%|███       | 31/100 [22:44<49:33, 43.10s/it, TrL=1.7723, VaL=1.8383, TeL=1.8357 ★=best]
Training MLP (info_nce_multi):  32%|███▏      | 32/100 [22:44<48:52, 43.13s/it, TrL=1.7723, VaL=1.8383, TeL=1.8357 ★=best]
Training MLP (info_nce_multi):  32%|███▏      | 32/100 [23:27<48:52, 43.13s/it, TrL=1.7717, VaL=1.8368, TeL=1.8334 ★=best]
Training MLP (info_nce_multi):  33%|███▎      | 33/100 [23:27<48:02, 43.02s/it, TrL=1.7717, VaL=1.8368, TeL=1.8334 ★=best]
Training MLP (info_nce_multi):  33%|███▎      | 33/100 [24:09<48:02, 43.02s/it, TrL=1.7706, VaL=1.8321, TeL=1.8286 ★=best]
Training MLP (info_nce_multi):  34%|███▍      | 34/100 [24:09<47:12, 42.91s/it, TrL=1.7706, VaL=1.8321, TeL=1.8286 ★=best]
Training MLP (info_nce_multi):  34%|███▍      | 34/100 [25:03<47:12, 42.91s/it, TrL=1.7655, VaL=1.8302, TeL=1.8293 ★=best]
Training MLP (info_nce_multi):  35%|███▌      | 35/100 [25:03<49:50, 46.01s/it, TrL=1.7655, VaL=1.8302, TeL=1.8293 ★=best]
Training MLP (info_nce_multi):  35%|███▌      | 35/100 [25:50<49:50, 46.01s/it, TrL=1.7634, VaL=1.8290, TeL=1.8258 ★=best]
Training MLP (info_nce_multi):  36%|███▌      | 36/100 [25:50<49:28, 46.39s/it, TrL=1.7634, VaL=1.8290, TeL=1.8258 ★=best]
Training MLP (info_nce_multi):  36%|███▌      | 36/100 [26:32<49:28, 46.39s/it, TrL=1.7604, VaL=1.8268, TeL=1.8255 ★=best]
Training MLP (info_nce_multi):  37%|███▋      | 37/100 [26:32<47:25, 45.16s/it, TrL=1.7604, VaL=1.8268, TeL=1.8255 ★=best]
Training MLP (info_nce_multi):  37%|███▋      | 37/100 [27:15<47:25, 45.16s/it, TrL=1.7588, VaL=1.8257, TeL=1.8224 ★=best]
Training MLP (info_nce_multi):  38%|███▊      | 38/100 [27:15<45:49, 44.35s/it, TrL=1.7588, VaL=1.8257, TeL=1.8224 ★=best]
Training MLP (info_nce_multi):  38%|███▊      | 38/100 [27:57<45:49, 44.35s/it, TrL=1.7556, VaL=1.8249, TeL=1.8231 ★=best]
Training MLP (info_nce_multi):  39%|███▉      | 39/100 [27:57<44:29, 43.77s/it, TrL=1.7556, VaL=1.8249, TeL=1.8231 ★=best]
Training MLP (info_nce_multi):  39%|███▉      | 39/100 [28:39<44:29, 43.77s/it, TrL=1.7536, VaL=1.8311, TeL=1.8284]
Training MLP (info_nce_multi):  40%|████      | 40/100 [28:39<43:17, 43.30s/it, TrL=1.7536, VaL=1.8311, TeL=1.8284]
Training MLP (info_nce_multi):  40%|████      | 40/100 [29:22<43:17, 43.30s/it, TrL=1.7503, VaL=1.8216, TeL=1.8196 ★=best]
Training MLP (info_nce_multi):  41%|████      | 41/100 [29:22<42:18, 43.02s/it, TrL=1.7503, VaL=1.8216, TeL=1.8196 ★=best]
Training MLP (info_nce_multi):  41%|████      | 41/100 [30:04<42:18, 43.02s/it, TrL=1.7496, VaL=1.8205, TeL=1.8176 ★=best]
Training MLP (info_nce_multi):  42%|████▏     | 42/100 [30:04<41:21, 42.78s/it, TrL=1.7496, VaL=1.8205, TeL=1.8176 ★=best]
Training MLP (info_nce_multi):  42%|████▏     | 42/100 [30:46<41:21, 42.78s/it, TrL=1.7476, VaL=1.8192, TeL=1.8153 ★=best]
Training MLP (info_nce_multi):  43%|████▎     | 43/100 [30:46<40:34, 42.71s/it, TrL=1.7476, VaL=1.8192, TeL=1.8153 ★=best]
Training MLP (info_nce_multi):  43%|████▎     | 43/100 [31:29<40:34, 42.71s/it, TrL=1.7455, VaL=1.8170, TeL=1.8158 ★=best]
Training MLP (info_nce_multi):  44%|████▍     | 44/100 [31:29<39:45, 42.61s/it, TrL=1.7455, VaL=1.8170, TeL=1.8158 ★=best]
Training MLP (info_nce_multi):  44%|████▍     | 44/100 [32:11<39:45, 42.61s/it, TrL=1.7429, VaL=1.8152, TeL=1.8130 ★=best]
Training MLP (info_nce_multi):  45%|████▌     | 45/100 [32:11<38:59, 42.53s/it, TrL=1.7429, VaL=1.8152, TeL=1.8130 ★=best]
Training MLP (info_nce_multi):  45%|████▌     | 45/100 [32:54<38:59, 42.53s/it, TrL=1.7402, VaL=1.8151, TeL=1.8123 ★=best]
Training MLP (info_nce_multi):  46%|████▌     | 46/100 [32:54<38:14, 42.49s/it, TrL=1.7402, VaL=1.8151, TeL=1.8123 ★=best]
Training MLP (info_nce_multi):  46%|████▌     | 46/100 [33:36<38:14, 42.49s/it, TrL=1.7379, VaL=1.8149, TeL=1.8130 ★=best]
Training MLP (info_nce_multi):  47%|████▋     | 47/100 [33:36<37:29, 42.45s/it, TrL=1.7379, VaL=1.8149, TeL=1.8130 ★=best]
Training MLP (info_nce_multi):  47%|████▋     | 47/100 [34:18<37:29, 42.45s/it, TrL=1.7350, VaL=1.8136, TeL=1.8115 ★=best]
Training MLP (info_nce_multi):  48%|████▊     | 48/100 [34:18<36:47, 42.45s/it, TrL=1.7350, VaL=1.8136, TeL=1.8115 ★=best]
Training MLP (info_nce_multi):  48%|████▊     | 48/100 [35:01<36:47, 42.45s/it, TrL=1.7359, VaL=1.8123, TeL=1.8094 ★=best]
Training MLP (info_nce_multi):  49%|████▉     | 49/100 [35:01<36:03, 42.43s/it, TrL=1.7359, VaL=1.8123, TeL=1.8094 ★=best]
Training MLP (info_nce_multi):  49%|████▉     | 49/100 [35:43<36:03, 42.43s/it, TrL=1.7339, VaL=1.8123, TeL=1.8099]
Training MLP (info_nce_multi):  50%|█████     | 50/100 [35:43<35:19, 42.40s/it, TrL=1.7339, VaL=1.8123, TeL=1.8099]
Training MLP (info_nce_multi):  50%|█████     | 50/100 [36:25<35:19, 42.40s/it, TrL=1.7309, VaL=1.8093, TeL=1.8086 ★=best]
Training MLP (info_nce_multi):  51%|█████     | 51/100 [36:25<34:37, 42.39s/it, TrL=1.7309, VaL=1.8093, TeL=1.8086 ★=best]
Training MLP (info_nce_multi):  51%|█████     | 51/100 [37:08<34:37, 42.39s/it, TrL=1.7289, VaL=1.8089, TeL=1.8092 ★=best]
Training MLP (info_nce_multi):  52%|█████▏    | 52/100 [37:08<33:53, 42.37s/it, TrL=1.7289, VaL=1.8089, TeL=1.8092 ★=best]
Training MLP (info_nce_multi):  52%|█████▏    | 52/100 [37:50<33:53, 42.37s/it, TrL=1.7280, VaL=1.8091, TeL=1.8099]
Training MLP (info_nce_multi):  53%|█████▎    | 53/100 [37:50<33:11, 42.36s/it, TrL=1.7280, VaL=1.8091, TeL=1.8099]
Training MLP (info_nce_multi):  53%|█████▎    | 53/100 [38:32<33:11, 42.36s/it, TrL=1.7270, VaL=1.8071, TeL=1.8062 ★=best]
Training MLP (info_nce_multi):  54%|█████▍    | 54/100 [38:32<32:26, 42.31s/it, TrL=1.7270, VaL=1.8071, TeL=1.8062 ★=best]
Training MLP (info_nce_multi):  54%|█████▍    | 54/100 [39:15<32:26, 42.31s/it, TrL=1.7247, VaL=1.8063, TeL=1.8035 ★=best]
Training MLP (info_nce_multi):  55%|█████▌    | 55/100 [39:15<31:43, 42.29s/it, TrL=1.7247, VaL=1.8063, TeL=1.8035 ★=best]
Training MLP (info_nce_multi):  55%|█████▌    | 55/100 [39:57<31:43, 42.29s/it, TrL=1.7234, VaL=1.8044, TeL=1.8029 ★=best]
Training MLP (info_nce_multi):  56%|█████▌    | 56/100 [39:57<30:59, 42.27s/it, TrL=1.7234, VaL=1.8044, TeL=1.8029 ★=best]
Training MLP (info_nce_multi):  56%|█████▌    | 56/100 [40:39<30:59, 42.27s/it, TrL=1.7225, VaL=1.8037, TeL=1.8002 ★=best]
Training MLP (info_nce_multi):  57%|█████▋    | 57/100 [40:39<30:15, 42.21s/it, TrL=1.7225, VaL=1.8037, TeL=1.8002 ★=best]
Training MLP (info_nce_multi):  57%|█████▋    | 57/100 [41:21<30:15, 42.21s/it, TrL=1.7207, VaL=1.8030, TeL=1.8020 ★=best]
Training MLP (info_nce_multi):  58%|█████▊    | 58/100 [41:21<29:33, 42.24s/it, TrL=1.7207, VaL=1.8030, TeL=1.8020 ★=best]
Training MLP (info_nce_multi):  58%|█████▊    | 58/100 [42:03<29:33, 42.24s/it, TrL=1.7194, VaL=1.8020, TeL=1.8015 ★=best]
Training MLP (info_nce_multi):  59%|█████▉    | 59/100 [42:03<28:51, 42.23s/it, TrL=1.7194, VaL=1.8020, TeL=1.8015 ★=best]
Training MLP (info_nce_multi):  59%|█████▉    | 59/100 [42:46<28:51, 42.23s/it, TrL=1.7172, VaL=1.8024, TeL=1.7995]
Training MLP (info_nce_multi):  60%|██████    | 60/100 [42:46<28:09, 42.23s/it, TrL=1.7172, VaL=1.8024, TeL=1.7995]
Training MLP (info_nce_multi):  60%|██████    | 60/100 [43:28<28:09, 42.23s/it, TrL=1.7160, VaL=1.8014, TeL=1.7972 ★=best]
Training MLP (info_nce_multi):  61%|██████    | 61/100 [43:28<27:26, 42.23s/it, TrL=1.7160, VaL=1.8014, TeL=1.7972 ★=best]
Training MLP (info_nce_multi):  61%|██████    | 61/100 [44:10<27:26, 42.23s/it, TrL=1.7144, VaL=1.8006, TeL=1.7985 ★=best]
Training MLP (info_nce_multi):  62%|██████▏   | 62/100 [44:10<26:49, 42.35s/it, TrL=1.7144, VaL=1.8006, TeL=1.7985 ★=best]
Training MLP (info_nce_multi):  62%|██████▏   | 62/100 [44:54<26:49, 42.35s/it, TrL=1.7135, VaL=1.7999, TeL=1.7981 ★=best]
Training MLP (info_nce_multi):  63%|██████▎   | 63/100 [44:54<26:25, 42.85s/it, TrL=1.7135, VaL=1.7999, TeL=1.7981 ★=best]
Training MLP (info_nce_multi):  63%|██████▎   | 63/100 [45:37<26:25, 42.85s/it, TrL=1.7126, VaL=1.7981, TeL=1.7963 ★=best]
Training MLP (info_nce_multi):  64%|██████▍   | 64/100 [45:37<25:35, 42.65s/it, TrL=1.7126, VaL=1.7981, TeL=1.7963 ★=best]
Training MLP (info_nce_multi):  64%|██████▍   | 64/100 [46:19<25:35, 42.65s/it, TrL=1.7131, VaL=1.7984, TeL=1.7971]
Training MLP (info_nce_multi):  65%|██████▌   | 65/100 [46:19<24:48, 42.53s/it, TrL=1.7131, VaL=1.7984, TeL=1.7971]
Training MLP (info_nce_multi):  65%|██████▌   | 65/100 [47:01<24:48, 42.53s/it, TrL=1.7112, VaL=1.7993, TeL=1.7986]
Training MLP (info_nce_multi):  66%|██████▌   | 66/100 [47:01<24:04, 42.48s/it, TrL=1.7112, VaL=1.7993, TeL=1.7986]
Training MLP (info_nce_multi):  66%|██████▌   | 66/100 [47:44<24:04, 42.48s/it, TrL=1.7097, VaL=1.7960, TeL=1.7948 ★=best]
Training MLP (info_nce_multi):  67%|██████▋   | 67/100 [47:44<23:23, 42.54s/it, TrL=1.7097, VaL=1.7960, TeL=1.7948 ★=best]
Training MLP (info_nce_multi):  67%|██████▋   | 67/100 [48:30<23:23, 42.54s/it, TrL=1.7075, VaL=1.7980, TeL=1.7967]
Training MLP (info_nce_multi):  68%|██████▊   | 68/100 [48:30<23:19, 43.73s/it, TrL=1.7075, VaL=1.7980, TeL=1.7967]
Training MLP (info_nce_multi):  68%|██████▊   | 68/100 [49:14<23:19, 43.73s/it, TrL=1.7053, VaL=1.7941, TeL=1.7939 ★=best]
Training MLP (info_nce_multi):  69%|██████▉   | 69/100 [49:14<22:36, 43.77s/it, TrL=1.7053, VaL=1.7941, TeL=1.7939 ★=best]
Training MLP (info_nce_multi):  69%|██████▉   | 69/100 [49:57<22:36, 43.77s/it, TrL=1.7055, VaL=1.7943, TeL=1.7951]
Training MLP (info_nce_multi):  70%|███████   | 70/100 [49:57<21:40, 43.34s/it, TrL=1.7055, VaL=1.7943, TeL=1.7951]
Training MLP (info_nce_multi):  70%|███████   | 70/100 [50:39<21:40, 43.34s/it, TrL=1.7042, VaL=1.7938, TeL=1.7929 ★=best]
Training MLP (info_nce_multi):  71%|███████   | 71/100 [50:39<20:47, 43.03s/it, TrL=1.7042, VaL=1.7938, TeL=1.7929 ★=best]
Training MLP (info_nce_multi):  71%|███████   | 71/100 [51:21<20:47, 43.03s/it, TrL=1.7037, VaL=1.7927, TeL=1.7909 ★=best]
Training MLP (info_nce_multi):  72%|███████▏  | 72/100 [51:21<19:58, 42.79s/it, TrL=1.7037, VaL=1.7927, TeL=1.7909 ★=best]
Training MLP (info_nce_multi):  72%|███████▏  | 72/100 [52:04<19:58, 42.79s/it, TrL=1.7015, VaL=1.7926, TeL=1.7910 ★=best]
Training MLP (info_nce_multi):  73%|███████▎  | 73/100 [52:04<19:11, 42.65s/it, TrL=1.7015, VaL=1.7926, TeL=1.7910 ★=best]
Training MLP (info_nce_multi):  73%|███████▎  | 73/100 [52:46<19:11, 42.65s/it, TrL=1.7006, VaL=1.7911, TeL=1.7913 ★=best]
Training MLP (info_nce_multi):  74%|███████▍  | 74/100 [52:46<18:26, 42.55s/it, TrL=1.7006, VaL=1.7911, TeL=1.7913 ★=best]
Training MLP (info_nce_multi):  74%|███████▍  | 74/100 [53:28<18:26, 42.55s/it, TrL=1.6997, VaL=1.7914, TeL=1.7895]
Training MLP (info_nce_multi):  75%|███████▌  | 75/100 [53:28<17:41, 42.44s/it, TrL=1.6997, VaL=1.7914, TeL=1.7895]
Training MLP (info_nce_multi):  75%|███████▌  | 75/100 [54:11<17:41, 42.44s/it, TrL=1.7002, VaL=1.7910, TeL=1.7901 ★=best]
Training MLP (info_nce_multi):  76%|███████▌  | 76/100 [54:11<17:03, 42.65s/it, TrL=1.7002, VaL=1.7910, TeL=1.7901 ★=best]
Training MLP (info_nce_multi):  76%|███████▌  | 76/100 [54:54<17:03, 42.65s/it, TrL=1.6981, VaL=1.7905, TeL=1.7884 ★=best]
Training MLP (info_nce_multi):  77%|███████▋  | 77/100 [54:54<16:19, 42.61s/it, TrL=1.6981, VaL=1.7905, TeL=1.7884 ★=best]
Training MLP (info_nce_multi):  77%|███████▋  | 77/100 [55:36<16:19, 42.61s/it, TrL=1.6994, VaL=1.7903, TeL=1.7889 ★=best]
Training MLP (info_nce_multi):  78%|███████▊  | 78/100 [55:36<15:35, 42.54s/it, TrL=1.6994, VaL=1.7903, TeL=1.7889 ★=best]
Training MLP (info_nce_multi):  78%|███████▊  | 78/100 [56:18<15:35, 42.54s/it, TrL=1.6960, VaL=1.7887, TeL=1.7895 ★=best]
Training MLP (info_nce_multi):  79%|███████▉  | 79/100 [56:18<14:52, 42.51s/it, TrL=1.6960, VaL=1.7887, TeL=1.7895 ★=best]
Training MLP (info_nce_multi):  79%|███████▉  | 79/100 [57:01<14:52, 42.51s/it, TrL=1.6951, VaL=1.7889, TeL=1.7879]
Training MLP (info_nce_multi):  80%|████████  | 80/100 [57:01<14:09, 42.49s/it, TrL=1.6951, VaL=1.7889, TeL=1.7879]
Training MLP (info_nce_multi):  80%|████████  | 80/100 [57:43<14:09, 42.49s/it, TrL=1.6942, VaL=1.7885, TeL=1.7878 ★=best]
Training MLP (info_nce_multi):  81%|████████  | 81/100 [57:43<13:25, 42.42s/it, TrL=1.6942, VaL=1.7885, TeL=1.7878 ★=best]
Training MLP (info_nce_multi):  81%|████████  | 81/100 [58:26<13:25, 42.42s/it, TrL=1.6935, VaL=1.7883, TeL=1.7873 ★=best]
Training MLP (info_nce_multi):  82%|████████▏ | 82/100 [58:26<12:43, 42.41s/it, TrL=1.6935, VaL=1.7883, TeL=1.7873 ★=best]
Training MLP (info_nce_multi):  82%|████████▏ | 82/100 [59:08<12:43, 42.41s/it, TrL=1.6917, VaL=1.7896, TeL=1.7906]
Training MLP (info_nce_multi):  83%|████████▎ | 83/100 [59:08<12:00, 42.39s/it, TrL=1.6917, VaL=1.7896, TeL=1.7906]
Training MLP (info_nce_multi):  83%|████████▎ | 83/100 [59:50<12:00, 42.39s/it, TrL=1.6905, VaL=1.7882, TeL=1.7881 ★=best]
Training MLP (info_nce_multi):  84%|████████▍ | 84/100 [59:50<11:17, 42.36s/it, TrL=1.6905, VaL=1.7882, TeL=1.7881 ★=best]
Training MLP (info_nce_multi):  84%|████████▍ | 84/100 [1:00:33<11:17, 42.36s/it, TrL=1.6904, VaL=1.7856, TeL=1.7867 ★=best]
Training MLP (info_nce_multi):  85%|████████▌ | 85/100 [1:00:33<10:35, 42.35s/it, TrL=1.6904, VaL=1.7856, TeL=1.7867 ★=best]
Training MLP (info_nce_multi):  85%|████████▌ | 85/100 [1:01:15<10:35, 42.35s/it, TrL=1.6891, VaL=1.7863, TeL=1.7870]
Training MLP (info_nce_multi):  86%|████████▌ | 86/100 [1:01:15<09:52, 42.35s/it, TrL=1.6891, VaL=1.7863, TeL=1.7870]
Training MLP (info_nce_multi):  86%|████████▌ | 86/100 [1:01:57<09:52, 42.35s/it, TrL=1.6887, VaL=1.7847, TeL=1.7850 ★=best]
Training MLP (info_nce_multi):  87%|████████▋ | 87/100 [1:01:57<09:10, 42.33s/it, TrL=1.6887, VaL=1.7847, TeL=1.7850 ★=best]
Training MLP (info_nce_multi):  87%|████████▋ | 87/100 [1:02:39<09:10, 42.33s/it, TrL=1.6872, VaL=1.7852, TeL=1.7848]
Training MLP (info_nce_multi):  88%|████████▊ | 88/100 [1:02:39<08:27, 42.29s/it, TrL=1.6872, VaL=1.7852, TeL=1.7848]
Training MLP (info_nce_multi):  88%|████████▊ | 88/100 [1:03:22<08:27, 42.29s/it, TrL=1.6880, VaL=1.7845, TeL=1.7851 ★=best]
Training MLP (info_nce_multi):  89%|████████▉ | 89/100 [1:03:22<07:45, 42.28s/it, TrL=1.6880, VaL=1.7845, TeL=1.7851 ★=best]
Training MLP (info_nce_multi):  89%|████████▉ | 89/100 [1:04:04<07:45, 42.28s/it, TrL=1.6858, VaL=1.7842, TeL=1.7849 ★=best]
Training MLP (info_nce_multi):  90%|█████████ | 90/100 [1:04:04<07:03, 42.31s/it, TrL=1.6858, VaL=1.7842, TeL=1.7849 ★=best]
Training MLP (info_nce_multi):  90%|█████████ | 90/100 [1:04:46<07:03, 42.31s/it, TrL=1.6851, VaL=1.7848, TeL=1.7837]
Training MLP (info_nce_multi):  91%|█████████ | 91/100 [1:04:46<06:21, 42.34s/it, TrL=1.6851, VaL=1.7848, TeL=1.7837]
Training MLP (info_nce_multi):  91%|█████████ | 91/100 [1:05:29<06:21, 42.34s/it, TrL=1.6843, VaL=1.7831, TeL=1.7819 ★=best]
Training MLP (info_nce_multi):  92%|█████████▏| 92/100 [1:05:29<05:38, 42.35s/it, TrL=1.6843, VaL=1.7831, TeL=1.7819 ★=best]
Training MLP (info_nce_multi):  92%|█████████▏| 92/100 [1:06:11<05:38, 42.35s/it, TrL=1.6826, VaL=1.7823, TeL=1.7826 ★=best]
Training MLP (info_nce_multi):  93%|█████████▎| 93/100 [1:06:11<04:56, 42.32s/it, TrL=1.6826, VaL=1.7823, TeL=1.7826 ★=best]
Training MLP (info_nce_multi):  93%|█████████▎| 93/100 [1:06:53<04:56, 42.32s/it, TrL=1.6832, VaL=1.7839, TeL=1.7842]
Training MLP (info_nce_multi):  94%|█████████▍| 94/100 [1:06:53<04:13, 42.22s/it, TrL=1.6832, VaL=1.7839, TeL=1.7842]
Training MLP (info_nce_multi):  94%|█████████▍| 94/100 [1:07:35<04:13, 42.22s/it, TrL=1.6807, VaL=1.7817, TeL=1.7818 ★=best]
Training MLP (info_nce_multi):  95%|█████████▌| 95/100 [1:07:35<03:31, 42.23s/it, TrL=1.6807, VaL=1.7817, TeL=1.7818 ★=best]
Training MLP (info_nce_multi):  95%|█████████▌| 95/100 [1:08:18<03:31, 42.23s/it, TrL=1.6808, VaL=1.7822, TeL=1.7815]
Training MLP (info_nce_multi):  96%|█████████▌| 96/100 [1:08:18<02:48, 42.24s/it, TrL=1.6808, VaL=1.7822, TeL=1.7815]
Training MLP (info_nce_multi):  96%|█████████▌| 96/100 [1:09:00<02:48, 42.24s/it, TrL=1.6807, VaL=1.7818, TeL=1.7822]
Training MLP (info_nce_multi):  97%|█████████▋| 97/100 [1:09:00<02:06, 42.28s/it, TrL=1.6807, VaL=1.7818, TeL=1.7822]
Training MLP (info_nce_multi):  97%|█████████▋| 97/100 [1:09:42<02:06, 42.28s/it, TrL=1.6796, VaL=1.7802, TeL=1.7798 ★=best]
Training MLP (info_nce_multi):  98%|█████████▊| 98/100 [1:09:42<01:24, 42.27s/it, TrL=1.6796, VaL=1.7802, TeL=1.7798 ★=best]Training MLP (info_nce_multi):  98%|█████████▊| 98/100 [1:09:53<01:25, 42.79s/it, TrL=1.6796, VaL=1.7802, TeL=1.7798 ★=best]
2026-04-03 19:46:50,708 INFO Symlinked /root/CRAG/data -> /root/CRAG/storage/data
2026-04-03 19:46:50,709 INFO Symlinked /root/CRAG/checkpoints -> /root/CRAG/storage/checkpoints
2026-04-03 19:46:50,709 INFO Symlinked /root/CRAG/results -> /root/CRAG/storage/results
2026-04-03 19:46:50,722 INFO Loading faiss with AVX512 support.
2026-04-03 19:46:50,722 INFO Could not load library with AVX512 support due to:
ModuleNotFoundError("No module named 'faiss.swigfaiss_avx512'")
2026-04-03 19:46:50,722 INFO Loading faiss with AVX2 support.
2026-04-03 19:46:50,723 INFO Could not load library with AVX2 support due to:
ModuleNotFoundError("No module named 'faiss.swigfaiss_avx2'")
2026-04-03 19:46:50,723 INFO Loading faiss.
2026-04-03 19:46:50,833 INFO Successfully loaded faiss.
2026-04-03 19:46:55,341 INFO ========== CLOUD ABLATION TARGET: SQUAD ==========
2026-04-03 19:46:55,341 INFO --> Ensuring info_nce_single model is trained...
2026-04-03 19:46:55,341 INFO Checkpoint found: checkpoints/squad/losses_ablation/alignment_mlp_info_nce_single.pth. Skipping training.
2026-04-03 19:46:55,342 INFO --> Ensuring info_nce_multi model is trained...
2026-04-03 19:46:55,342 INFO Checkpoint found: checkpoints/squad/losses_ablation/alignment_mlp_info_nce_multi.pth. Skipping training.
2026-04-03 19:46:55,342 INFO --> Ensuring kl_div model is trained...
2026-04-03 19:46:55,342 INFO Checkpoint found: checkpoints/squad/losses_ablation/alignment_mlp_kl_div.pth. Skipping training.
2026-04-03 19:46:55,342 INFO --> Ensuring bce model is trained...
2026-04-03 19:46:55,342 INFO Checkpoint found: checkpoints/squad/losses_ablation/alignment_mlp_bce.pth. Skipping training.
2026-04-03 19:46:55,342 INFO --> Loading Engine for Side-by-Side Evaluation...
2026-04-03 19:47:21,399 INFO Load pretrained SentenceTransformer: multi-qa-MiniLM-L6-cos-v1
2026-04-03 19:47:25,354 INFO Benchmark split (squad): 91223 train / 26063 val / 13033 test
Batches:   4%|▍         | 16/408 [00:00<00:07, 51.65it/s]
Batches:   8%|▊         | 32/408 [00:00<00:04, 86.07it/s]
Batches:  12%|█▏        | 48/408 [00:00<00:03, 107.77it/s]
Batches:  16%|█▌        | 64/408 [00:00<00:02, 123.59it/s]
Batches:  20%|█▉        | 80/408 [00:00<00:02, 133.40it/s]
Batches:  24%|██▎       | 96/408 [00:00<00:02, 139.11it/s]
Batches:  28%|██▊       | 113/408 [00:01<00:02, 146.99it/s]
Batches:  32%|███▏      | 131/408 [00:01<00:01, 154.66it/s]
Batches:  37%|███▋      | 150/408 [00:01<00:01, 163.20it/s]
Batches:  41%|████▏     | 169/408 [00:01<00:01, 169.23it/s]
Batches:  46%|████▌     | 187/408 [00:01<00:01, 167.61it/s]
Batches:  50%|█████     | 204/408 [00:01<00:01, 162.58it/s]
Batches:  54%|█████▍    | 221/408 [00:01<00:01, 156.41it/s]
Batches:  58%|█████▊    | 238/408 [00:01<00:01, 160.05it/s]
Batches:  63%|██████▎   | 258/408 [00:01<00:00, 169.41it/s]
Batches:  68%|██████▊   | 279/408 [00:01<00:00, 179.92it/s]
Batches:  73%|███████▎  | 299/408 [00:02<00:00, 185.10it/s]
Batches:  78%|███████▊  | 318/408 [00:02<00:00, 186.13it/s]
Batches:  83%|████████▎ | 337/408 [00:02<00:00, 187.26it/s]
Batches:  88%|████████▊ | 357/408 [00:02<00:00, 189.37it/s]
Batches:  92%|█████████▏| 377/408 [00:02<00:00, 189.91it/s]
Batches:  97%|█████████▋| 397/408 [00:02<00:00, 189.56it/s]
Benchmarking (mlp):   0%|          | 0/13033 [00:00<?, ?it/s]
Benchmarking (mlp):   2%|▏         | 215/13033 [00:00<00:05, 2143.62it/s]
Benchmarking (mlp):   4%|▍         | 523/13033 [00:00<00:04, 2690.19it/s]
Benchmarking (mlp):   6%|▋         | 831/13033 [00:00<00:04, 2863.95it/s]
Benchmarking (mlp):   9%|▉         | 1156/13033 [00:00<00:03, 3016.00it/s]
Benchmarking (mlp):  11%|█▏        | 1479/13033 [00:00<00:03, 3092.92it/s]
Benchmarking (mlp):  14%|█▍        | 1801/13033 [00:00<00:03, 3133.03it/s]
Benchmarking (mlp):  16%|█▋        | 2125/13033 [00:00<00:03, 3167.79it/s]
Benchmarking (mlp):  19%|█▉        | 2450/13033 [00:00<00:03, 3192.67it/s]
Benchmarking (mlp):  21%|██▏       | 2770/13033 [00:00<00:03, 3184.84it/s]
Benchmarking (mlp):  24%|██▍       | 3107/13033 [00:01<00:03, 3240.36it/s]
Benchmarking (mlp):  26%|██▋       | 3444/13033 [00:01<00:02, 3279.14it/s]
Benchmarking (mlp):  29%|██▉       | 3775/13033 [00:01<00:02, 3287.85it/s]
Benchmarking (mlp):  32%|███▏      | 4108/13033 [00:01<00:02, 3299.09it/s]
Benchmarking (mlp):  34%|███▍      | 4441/13033 [00:01<00:02, 3306.56it/s]
Benchmarking (mlp):  37%|███▋      | 4772/13033 [00:01<00:02, 3291.29it/s]
Benchmarking (mlp):  39%|███▉      | 5102/13033 [00:01<00:02, 3287.09it/s]
Benchmarking (mlp):  42%|████▏     | 5431/13033 [00:01<00:02, 3247.67it/s]
Benchmarking (mlp):  44%|████▍     | 5756/13033 [00:01<00:02, 3243.56it/s]
Benchmarking (mlp):  47%|████▋     | 6087/13033 [00:01<00:02, 3261.73it/s]
Benchmarking (mlp):  49%|████▉     | 6425/13033 [00:02<00:02, 3295.94it/s]
Benchmarking (mlp):  52%|█████▏    | 6760/13033 [00:02<00:01, 3311.95it/s]
Benchmarking (mlp):  54%|█████▍    | 7092/13033 [00:02<00:01, 3313.40it/s]
Benchmarking (mlp):  57%|█████▋    | 7424/13033 [00:02<00:01, 3310.25it/s]
Benchmarking (mlp):  60%|█████▉    | 7756/13033 [00:02<00:01, 3290.47it/s]
Benchmarking (mlp):  62%|██████▏   | 8086/13033 [00:02<00:01, 3288.74it/s]
Benchmarking (mlp):  65%|██████▍   | 8421/13033 [00:02<00:01, 3305.14it/s]
Benchmarking (mlp):  67%|██████▋   | 8752/13033 [00:02<00:01, 3296.09it/s]
Benchmarking (mlp):  70%|██████▉   | 9082/13033 [00:02<00:01, 3275.42it/s]
Benchmarking (mlp):  72%|███████▏  | 9415/13033 [00:02<00:01, 3291.28it/s]
Benchmarking (mlp):  75%|███████▍  | 9745/13033 [00:03<00:00, 3290.12it/s]
Benchmarking (mlp):  77%|███████▋  | 10079/13033 [00:03<00:00, 3302.95it/s]
Benchmarking (mlp):  80%|███████▉  | 10410/13033 [00:03<00:00, 3295.62it/s]
Benchmarking (mlp):  82%|████████▏ | 10740/13033 [00:03<00:00, 3285.52it/s]
Benchmarking (mlp):  85%|████████▍ | 11069/13033 [00:03<00:00, 3257.06it/s]
Benchmarking (mlp):  87%|████████▋ | 11395/13033 [00:03<00:00, 3246.07it/s]
Benchmarking (mlp):  90%|████████▉ | 11725/13033 [00:03<00:00, 3261.06it/s]
Benchmarking (mlp):  93%|█████████▎| 12059/13033 [00:03<00:00, 3284.37it/s]
Benchmarking (mlp):  95%|█████████▌| 12388/13033 [00:03<00:00, 3285.33it/s]
Benchmarking (mlp):  98%|█████████▊| 12717/13033 [00:03<00:00, 3269.86it/s]
Benchmarking (mlp):   0%|          | 0/13033 [00:00<?, ?it/s]
Benchmarking (mlp):   3%|▎         | 332/13033 [00:00<00:03, 3319.30it/s]
Benchmarking (mlp):   5%|▌         | 666/13033 [00:00<00:03, 3331.37it/s]
Benchmarking (mlp):   8%|▊         | 1000/13033 [00:00<00:03, 3273.34it/s]
Benchmarking (mlp):  10%|█         | 1328/13033 [00:00<00:03, 3271.19it/s]
Benchmarking (mlp):  13%|█▎        | 1658/13033 [00:00<00:03, 3280.70it/s]
Benchmarking (mlp):  15%|█▌        | 1988/13033 [00:00<00:03, 3286.10it/s]
Benchmarking (mlp):  18%|█▊        | 2317/13033 [00:00<00:03, 3254.47it/s]
Benchmarking (mlp):  20%|██        | 2643/13033 [00:00<00:03, 3255.30it/s]
Benchmarking (mlp):  23%|██▎       | 2969/13033 [00:00<00:03, 3216.64it/s]
Benchmarking (mlp):  25%|██▌       | 3293/13033 [00:01<00:03, 3223.45it/s]
Benchmarking (mlp):  28%|██▊       | 3616/13033 [00:01<00:02, 3178.31it/s]
Benchmarking (mlp):  30%|███       | 3940/13033 [00:01<00:02, 3194.93it/s]
Benchmarking (mlp):  33%|███▎      | 4274/13033 [00:01<00:02, 3236.63it/s]
Benchmarking (mlp):  35%|███▌      | 4613/13033 [00:01<00:02, 3281.31it/s]
Benchmarking (mlp):  38%|███▊      | 4942/13033 [00:01<00:02, 3281.67it/s]
Benchmarking (mlp):  40%|████      | 5275/13033 [00:01<00:02, 3295.17it/s]
Benchmarking (mlp):  43%|████▎     | 5605/13033 [00:01<00:02, 3293.88it/s]
Benchmarking (mlp):  46%|████▌     | 5935/13033 [00:01<00:02, 3287.16it/s]
Benchmarking (mlp):  48%|████▊     | 6264/13033 [00:01<00:02, 3286.02it/s]
Benchmarking (mlp):  51%|█████     | 6594/13033 [00:02<00:01, 3288.26it/s]
Benchmarking (mlp):  53%|█████▎    | 6923/13033 [00:02<00:01, 3279.66it/s]
Benchmarking (mlp):  56%|█████▌    | 7256/13033 [00:02<00:01, 3292.45it/s]
Benchmarking (mlp):  58%|█████▊    | 7588/13033 [00:02<00:01, 3299.27it/s]
Benchmarking (mlp):  61%|██████    | 7926/13033 [00:02<00:01, 3323.13it/s]
Benchmarking (mlp):  63%|██████▎   | 8260/13033 [00:02<00:01, 3325.98it/s]
Benchmarking (mlp):  66%|██████▌   | 8595/13033 [00:02<00:01, 3330.31it/s]
Benchmarking (mlp):  69%|██████▊   | 8929/13033 [00:02<00:01, 3315.01it/s]
Benchmarking (mlp):  71%|███████   | 9261/13033 [00:02<00:01, 3294.89it/s]
Benchmarking (mlp):  74%|███████▎  | 9591/13033 [00:02<00:01, 3290.24it/s]
Benchmarking (mlp):  76%|███████▌  | 9921/13033 [00:03<00:00, 3249.06it/s]
Benchmarking (mlp):  79%|███████▊  | 10249/13033 [00:03<00:00, 3257.89it/s]
Benchmarking (mlp):  81%|████████  | 10579/13033 [00:03<00:00, 3268.09it/s]
Benchmarking (mlp):  84%|████████▎ | 10907/13033 [00:03<00:00, 3270.27it/s]
Benchmarking (mlp):  86%|████████▋ | 11244/13033 [00:03<00:00, 3297.45it/s]
Benchmarking (mlp):  89%|████████▉ | 11574/13033 [00:03<00:00, 3258.57it/s]
Benchmarking (mlp):  91%|█████████▏| 11900/13033 [00:03<00:00, 3236.58it/s]
Benchmarking (mlp):  94%|█████████▍| 12224/13033 [00:03<00:00, 3218.90it/s]
Benchmarking (mlp):  96%|█████████▋| 12551/13033 [00:03<00:00, 3232.41it/s]
Benchmarking (mlp):  99%|█████████▉| 12878/13033 [00:03<00:00, 3241.44it/s]
Benchmarking (mlp):   0%|          | 0/13033 [00:00<?, ?it/s]
Benchmarking (mlp):   2%|▏         | 323/13033 [00:00<00:03, 3221.13it/s]
Benchmarking (mlp):   5%|▍         | 646/13033 [00:00<00:03, 3198.61it/s]
Benchmarking (mlp):   7%|▋         | 967/13033 [00:00<00:03, 3202.50it/s]
Benchmarking (mlp):  10%|▉         | 1301/13033 [00:00<00:03, 3252.85it/s]
Benchmarking (mlp):  13%|█▎        | 1633/13033 [00:00<00:03, 3275.87it/s]
Benchmarking (mlp):  15%|█▌        | 1965/13033 [00:00<00:03, 3288.28it/s]
Benchmarking (mlp):  18%|█▊        | 2294/13033 [00:00<00:03, 3274.89it/s]
Benchmarking (mlp):  20%|██        | 2622/13033 [00:00<00:03, 3274.33it/s]
Benchmarking (mlp):  23%|██▎       | 2950/13033 [00:00<00:03, 3264.21it/s]
Benchmarking (mlp):  25%|██▌       | 3277/13033 [00:01<00:03, 3237.90it/s]
Benchmarking (mlp):  28%|██▊       | 3603/13033 [00:01<00:02, 3241.74it/s]
Benchmarking (mlp):  30%|███       | 3928/13033 [00:01<00:02, 3218.07it/s]
Benchmarking (mlp):  33%|███▎      | 4253/13033 [00:01<00:02, 3226.22it/s]
Benchmarking (mlp):  35%|███▌      | 4579/13033 [00:01<00:02, 3234.71it/s]
Benchmarking (mlp):  38%|███▊      | 4905/13033 [00:01<00:02, 3241.90it/s]
Benchmarking (mlp):  40%|████      | 5234/13033 [00:01<00:02, 3253.59it/s]
Benchmarking (mlp):  43%|████▎     | 5560/13033 [00:01<00:02, 3242.00it/s]
Benchmarking (mlp):  45%|████▌     | 5885/13033 [00:01<00:02, 3239.12it/s]
Benchmarking (mlp):  48%|████▊     | 6209/13033 [00:01<00:02, 3238.30it/s]
Benchmarking (mlp):  50%|█████     | 6535/13033 [00:02<00:02, 3242.00it/s]
Benchmarking (mlp):  53%|█████▎    | 6864/13033 [00:02<00:01, 3254.23it/s]
Benchmarking (mlp):  55%|█████▌    | 7201/13033 [00:02<00:01, 3287.50it/s]
Benchmarking (mlp):  58%|█████▊    | 7530/13033 [00:02<00:01, 3273.02it/s]
Benchmarking (mlp):  60%|██████    | 7868/13033 [00:02<00:01, 3302.53it/s]
Benchmarking (mlp):  63%|██████▎   | 8206/13033 [00:02<00:01, 3323.11it/s]
Benchmarking (mlp):  66%|██████▌   | 8541/13033 [00:02<00:01, 3330.17it/s]
Benchmarking (mlp):  68%|██████▊   | 8875/13033 [00:02<00:01, 3297.04it/s]
Benchmarking (mlp):  71%|███████   | 9209/13033 [00:02<00:01, 3307.91it/s]
Benchmarking (mlp):  73%|███████▎  | 9549/13033 [00:02<00:01, 3333.57it/s]
Benchmarking (mlp):  76%|███████▌  | 9883/13033 [00:03<00:00, 3324.33it/s]
Benchmarking (mlp):  78%|███████▊  | 10216/13033 [00:03<00:00, 3298.87it/s]
Benchmarking (mlp):  81%|████████  | 10546/13033 [00:03<00:00, 3291.89it/s]
Benchmarking (mlp):  83%|████████▎ | 10877/13033 [00:03<00:00, 3295.43it/s]
Benchmarking (mlp):  86%|████████▌ | 11209/13033 [00:03<00:00, 3300.48it/s]
Benchmarking (mlp):  89%|████████▊ | 11540/13033 [00:03<00:00, 3303.08it/s]
Benchmarking (mlp):  91%|█████████ | 11871/13033 [00:03<00:00, 3270.02it/s]
Benchmarking (mlp):  94%|█████████▎| 12200/13033 [00:03<00:00, 3274.08it/s]
Benchmarking (mlp):  96%|█████████▌| 12529/13033 [00:03<00:00, 3276.06it/s]
Benchmarking (mlp):  99%|█████████▊| 12858/13033 [00:03<00:00, 3277.54it/s]
Benchmarking (mlp):   0%|          | 0/13033 [00:00<?, ?it/s]
Benchmarking (mlp):   2%|▏         | 322/13033 [00:00<00:03, 3212.48it/s]
Benchmarking (mlp):   5%|▌         | 656/13033 [00:00<00:03, 3285.01it/s]
Benchmarking (mlp):   8%|▊         | 985/13033 [00:00<00:03, 3275.48it/s]
Benchmarking (mlp):  10%|█         | 1321/13033 [00:00<00:03, 3306.96it/s]
Benchmarking (mlp):  13%|█▎        | 1652/13033 [00:00<00:03, 3298.25it/s]
Benchmarking (mlp):  15%|█▌        | 1982/13033 [00:00<00:03, 3296.20it/s]
Benchmarking (mlp):  18%|█▊        | 2312/13033 [00:00<00:03, 3286.13it/s]
Benchmarking (mlp):  20%|██        | 2644/13033 [00:00<00:03, 3294.35it/s]
Benchmarking (mlp):  23%|██▎       | 2982/13033 [00:00<00:03, 3318.62it/s]
Benchmarking (mlp):  25%|██▌       | 3315/13033 [00:01<00:02, 3319.07it/s]
Benchmarking (mlp):  28%|██▊       | 3647/13033 [00:01<00:02, 3314.89it/s]
Benchmarking (mlp):  31%|███       | 3979/13033 [00:01<00:02, 3283.39it/s]
Benchmarking (mlp):  33%|███▎      | 4309/13033 [00:01<00:02, 3288.21it/s]
Benchmarking (mlp):  36%|███▌      | 4646/13033 [00:01<00:02, 3310.88it/s]
Benchmarking (mlp):  38%|███▊      | 4981/13033 [00:01<00:02, 3320.16it/s]
Benchmarking (mlp):  41%|████      | 5317/13033 [00:01<00:02, 3330.26it/s]
Benchmarking (mlp):  43%|████▎     | 5654/13033 [00:01<00:02, 3340.35it/s]
Benchmarking (mlp):  46%|████▌     | 5990/13033 [00:01<00:02, 3342.98it/s]
Benchmarking (mlp):  49%|████▊     | 6325/13033 [00:01<00:02, 3331.75it/s]
Benchmarking (mlp):  51%|█████     | 6659/13033 [00:02<00:01, 3296.11it/s]
Benchmarking (mlp):  54%|█████▎    | 6989/13033 [00:02<00:01, 3287.89it/s]
Benchmarking (mlp):  56%|█████▌    | 7318/13033 [00:02<00:01, 3264.13it/s]
Benchmarking (mlp):  59%|█████▊    | 7645/13033 [00:02<00:01, 3256.32it/s]
Benchmarking (mlp):  61%|██████    | 7979/13033 [00:02<00:01, 3278.80it/s]
Benchmarking (mlp):  64%|██████▍   | 8312/13033 [00:02<00:01, 3293.23it/s]
Benchmarking (mlp):  66%|██████▋   | 8645/13033 [00:02<00:01, 3301.66it/s]
Benchmarking (mlp):  69%|██████▉   | 8976/13033 [00:02<00:01, 3298.24it/s]
Benchmarking (mlp):  71%|███████▏  | 9306/13033 [00:02<00:01, 3276.43it/s]
Benchmarking (mlp):  74%|███████▍  | 9634/13033 [00:02<00:01, 3256.34it/s]
Benchmarking (mlp):  76%|███████▋  | 9960/13033 [00:03<00:00, 3250.20it/s]
Benchmarking (mlp):  79%|███████▉  | 10288/13033 [00:03<00:00, 3257.71it/s]
Benchmarking (mlp):  81%|████████▏ | 10614/13033 [00:03<00:00, 3247.31it/s]
Benchmarking (mlp):  84%|████████▍ | 10939/13033 [00:03<00:00, 3247.33it/s]
Benchmarking (mlp):  86%|████████▋ | 11266/13033 [00:03<00:00, 3253.27it/s]
Benchmarking (mlp):  89%|████████▉ | 11592/13033 [00:03<00:00, 3242.57it/s]
Benchmarking (mlp):  91%|█████████▏| 11919/13033 [00:03<00:00, 3249.18it/s]
Benchmarking (mlp):  94%|█████████▍| 12245/13033 [00:03<00:00, 3250.04it/s]
Benchmarking (mlp):  96%|█████████▋| 12575/13033 [00:03<00:00, 3262.58it/s]
Benchmarking (mlp):  99%|█████████▉| 12905/13033 [00:03<00:00, 3273.32it/s]
2026-04-03 19:47:47,582 INFO
[Loss Ablation Engine] Benchmarks mapped cleanly. Exported exact CSV schema to data/ukb_storage/squad/loss_ablation_results.csv
════════════════════════════════════════════════════════════════════════════════════════════════════════════════════════
PARTITION SELECTION RECALL
════════════════════════════════════════════════════════════════════════════════════════════════════════════════════════
Method            Split  │   R@1   R@3   R@5  R@10  R@20 │ GTR@5 GTR@10 GTR@20 │   MRR  FCov │    Lat    #Q
──────────────────────────────────────────────────────────────────────────────────────────────────────────────────────
mlp_info_nce_single test   │ 68.0% 85.2% 90.9% 96.8% 100.0% │ 90.7%  96.7% 100.0% │ 78.0% 100.0% │   0.3ms 13033
──────────────────────────────────────────────────────────────────────────────────────────────────────────────────────
mlp_info_nce_multi test   │ 68.3% 85.2% 91.0% 97.0% 100.0% │ 90.7%  96.9% 100.0% │ 78.2% 100.0% │   0.3ms 13033
──────────────────────────────────────────────────────────────────────────────────────────────────────────────────────
mlp_kl_div        test   │ 68.2% 85.5% 91.3% 96.9% 100.0% │ 91.0%  96.8% 100.0% │ 78.2% 100.0% │   0.3ms 13033
──────────────────────────────────────────────────────────────────────────────────────────────────────────────────────
mlp_bce           test   │ 68.7% 85.2% 90.6% 96.6% 100.0% │ 90.3%  96.5% 100.0% │ 78.3% 100.0% │   0.3ms 13033
──────────────────────────────────────────────────────────────────────────────────────────────────────────────────────
════════════════════════════════════════════════════════════════════════════════════════════════════════════════════════
═══════════════════════════════════════════════════════════════════════════════════════════════════════════════════
DETAILED METRICS (Test Split)
═══════════════════════════════════════════════════════════════════════════════════════════════════════════════════
Method            │   P@1   P@3   P@5  P@10  P@20 │  F1@5 F1@10 F1@20 │ NDCG@5 NDCG@10 NDCG@20
─────────────────────────────────────────────────────────────────────────────────────────────────────────────────
mlp_info_nce_single │ 68.0% 28.6% 18.3%  9.8%  5.1% │ 30.5% 17.8%  9.6% │  80.3%   82.3%   83.2%
mlp_info_nce_multi │ 68.3% 28.6% 18.3%  9.8%  5.1% │ 30.5% 17.8%  9.6% │  80.4%   82.5%   83.3%
mlp_kl_div        │ 68.2% 28.7% 18.4%  9.8%  5.1% │ 30.6% 17.8%  9.6% │  80.6%   82.5%   83.3%
mlp_bce           │ 68.7% 28.5% 18.2%  9.8%  5.1% │ 30.3% 17.7%  9.6% │  80.4%   82.5%   83.4%
═══════════════════════════════════════════════════════════════════════════════════════════════════════════════════
══════════════════════════════════════════════════════════════════════
PER-METHOD BREAKDOWN (Test Split)
══════════════════════════════════════════════════════════════════════
--- MLP_INFO_NCE_SINGLE ---
Total queries:       13033
Recall@1:            68.0%
Recall@5:            90.9%
Recall@10:           96.8%
Recall@20:           100.0%
GT Recall@5:         90.7%
GT Recall@10:        96.7%
GT Recall@20:        100.0%
Full Coverage@20:    100.0%
MRR:                 78.0%
NDCG@5:              80.3%
NDCG@20:             83.2%
Avg GT Partitions:   1.01
Min/Max GT Parts:    1 / 2
--- Hit Position ---
Avg First Hit:     2.21
Median First Hit:  1.0
--- Latency ---
Avg Latency:       0.26ms
P50 Latency:       0.26ms
P95 Latency:       0.28ms
P99 Latency:       0.36ms
--- MLP_INFO_NCE_MULTI ---
Total queries:       13033
Recall@1:            68.3%
Recall@5:            91.0%
Recall@10:           97.0%
Recall@20:           100.0%
GT Recall@5:         90.7%
GT Recall@10:        96.9%
GT Recall@20:        100.0%
Full Coverage@20:    100.0%
MRR:                 78.2%
NDCG@5:              80.4%
NDCG@20:             83.3%
Avg GT Partitions:   1.01
Min/Max GT Parts:    1 / 2
--- Hit Position ---
Avg First Hit:     2.21
Median First Hit:  1.0
--- Latency ---
Avg Latency:       0.26ms
P50 Latency:       0.26ms
P95 Latency:       0.27ms
P99 Latency:       0.31ms
--- MLP_KL_DIV ---
Total queries:       13033
Recall@1:            68.2%
Recall@5:            91.3%
Recall@10:           96.9%
Recall@20:           100.0%
GT Recall@5:         91.0%
GT Recall@10:        96.8%
GT Recall@20:        100.0%
Full Coverage@20:    100.0%
MRR:                 78.2%
NDCG@5:              80.6%
NDCG@20:             83.3%
Avg GT Partitions:   1.01
Min/Max GT Parts:    1 / 2
--- Hit Position ---
Avg First Hit:     2.20
Median First Hit:  1.0
--- Latency ---
Avg Latency:       0.26ms
P50 Latency:       0.26ms
P95 Latency:       0.27ms
P99 Latency:       0.31ms
--- MLP_BCE ---
Total queries:       13033
Recall@1:            68.7%
Recall@5:            90.6%
Recall@10:           96.6%
Recall@20:           100.0%
GT Recall@5:         90.3%
GT Recall@10:        96.5%
GT Recall@20:        100.0%
Full Coverage@20:    100.0%
MRR:                 78.3%
NDCG@5:              80.4%
NDCG@20:             83.4%
Avg GT Partitions:   1.01
Min/Max GT Parts:    1 / 2
--- Hit Position ---
Avg First Hit:     2.24
Median First Hit:  1.0
--- Latency ---
Avg Latency:       0.26ms
P50 Latency:       0.26ms
P95 Latency:       0.27ms
P99 Latency:       0.30ms
══════════════════════════════════════════════════════════════════════
═══════════════════════════════════════════════════════════════════════════════════════════════
OVERALL SUMMARY (Test Split)
═══════════════════════════════════════════════════════════════════════════════════════════════
Metric            │ Best Method          Score │ Worst Method         Score │      Δ
─────────────────────────────────────────────────────────────────────────────────────────────
recall@1          │ mlp_bce              68.7% │ mlp_info_nce_single    68.0% │   0.6%
recall@5          │ mlp_kl_div           91.3% │ mlp_bce              90.6% │   0.7%
recall@10         │ mlp_info_nce_multi    97.0% │ mlp_bce              96.6% │   0.4%
recall@20         │ mlp_info_nce_single   100.0% │ mlp_info_nce_single   100.0% │   0.0%
gt_recall@5       │ mlp_kl_div           91.0% │ mlp_bce              90.3% │   0.7%
gt_recall@10      │ mlp_info_nce_multi    96.9% │ mlp_bce              96.5% │   0.4%
gt_recall@20      │ mlp_info_nce_single   100.0% │ mlp_info_nce_single   100.0% │   0.0%
precision@1       │ mlp_bce              68.7% │ mlp_info_nce_single    68.0% │   0.6%
precision@5       │ mlp_kl_div           18.4% │ mlp_bce              18.2% │   0.1%
ndcg@5            │ mlp_kl_div           80.6% │ mlp_info_nce_single    80.3% │   0.2%
ndcg@10           │ mlp_kl_div           82.5% │ mlp_info_nce_single    82.3% │   0.2%
ndcg@20           │ mlp_bce              83.4% │ mlp_info_nce_single    83.2% │   0.2%
mrr               │ mlp_bce              78.3% │ mlp_info_nce_single    78.0% │   0.3%
full_coverage@20  │ mlp_info_nce_single   100.0% │ mlp_info_nce_single   100.0% │   0.0%
─────────────────────────────────────────────────────────────────────────────────────────────
AGGREGATE RANKING (avg rank across 14 metrics, lower = better):
🥇 #1 mlp_info_nce_multi avg_rank=2.0  (best=1, worst=3)  metric_wins=2/14
🥈 #2 mlp_kl_div        avg_rank=2.0  (best=1, worst=3)  metric_wins=5/14
🥉 #3 mlp_bce           avg_rank=3.0  (best=1, worst=4)  metric_wins=4/14
#4 mlp_info_nce_single avg_rank=3.0  (best=1, worst=4)  metric_wins=3/14
─────────────────────────────────────────────────────────────────────────────────────────────
LATENCY COMPARISON:
* Note: ColBERT intrinsically includes query text-encoding time.
Other models evaluate via internally pre-encoded vectors.
mlp_info_nce_single avg=    0.3ms  p95=    0.3ms
mlp_info_nce_multi avg=    0.3ms  p95=    0.3ms
mlp_kl_div        avg=    0.3ms  p95=    0.3ms
mlp_bce           avg=    0.3ms  p95=    0.3ms
═══════════════════════════════════════════════════════════════════════════════════════════════
2026-04-03 19:47:47,584 INFO ========== CLOUD ABLATION TARGET: METAQA ==========
2026-04-03 19:47:47,584 INFO --> Ensuring info_nce_single model is trained...
2026-04-03 19:47:47,584 INFO Checkpoint found: checkpoints/metaqa/losses_ablation/alignment_mlp_info_nce_single.pth. Skipping training.
2026-04-03 19:47:47,584 INFO --> Ensuring info_nce_multi model is trained...
2026-04-03 19:47:47,585 INFO Model missing. Triggering training engine for info_nce_multi...
2026-04-03 19:47:47,591 INFO Loading data for metaqa | Target Loss Engine: info_nce_multi
2026-04-03 19:47:56,898 INFO Load pretrained SentenceTransformer: multi-qa-MiniLM-L6-cos-v1
2026-04-03 19:48:00,876 INFO Split metaqa: 285259 train / 81502 val / 40752 test
2026-04-03 19:48:01,372 INFO Pre-encoding 285259 metaqa [train] query-GT pairs...
Batches:   1%|          | 48/8915 [00:00<00:55, 159.74it/s]
Batches:   1%|          | 67/8915 [00:00<00:52, 168.13it/s]
Batches:   1%|          | 84/8915 [00:00<00:52, 168.20it/s]
Batches:   1%|          | 102/8915 [00:00<00:51, 169.74it/s]
Batches:   1%|▏         | 119/8915 [00:00<00:54, 161.27it/s]
Batches:   2%|▏         | 137/8915 [00:00<00:52, 166.29it/s]
Batches:   2%|▏         | 155/8915 [00:00<00:51, 169.02it/s]
Batches:   2%|▏         | 173/8915 [00:01<00:51, 170.66it/s]
Batches:   2%|▏         | 192/8915 [00:01<00:49, 174.65it/s]
Batches:   2%|▏         | 211/8915 [00:01<00:48, 178.12it/s]
Batches:   3%|▎         | 231/8915 [00:01<00:47, 182.78it/s]
Batches:   3%|▎         | 250/8915 [00:01<00:46, 184.62it/s]
Batches:   3%|▎         | 269/8915 [00:01<00:46, 185.16it/s]
Batches:   3%|▎         | 289/8915 [00:01<00:45, 188.35it/s]
Batches:   3%|▎         | 310/8915 [00:01<00:44, 192.47it/s]
Batches:   4%|▎         | 331/8915 [00:01<00:43, 195.11it/s]
Batches:   4%|▍         | 351/8915 [00:01<00:43, 195.45it/s]
Batches:   4%|▍         | 372/8915 [00:02<00:43, 197.71it/s]
Batches:   4%|▍         | 392/8915 [00:02<00:44, 192.57it/s]
Batches:   5%|▍         | 412/8915 [00:02<00:44, 193.10it/s]
Batches:   5%|▍         | 432/8915 [00:02<00:43, 194.40it/s]
Batches:   5%|▌         | 452/8915 [00:02<00:43, 192.91it/s]
Batches:   5%|▌         | 472/8915 [00:02<00:44, 191.30it/s]
Batches:   6%|▌         | 492/8915 [00:02<00:44, 189.92it/s]
Batches:   6%|▌         | 513/8915 [00:02<00:43, 193.04it/s]
Batches:   6%|▌         | 533/8915 [00:02<00:43, 193.59it/s]
Batches:   6%|▌         | 553/8915 [00:03<00:43, 192.18it/s]
Batches:   6%|▋         | 574/8915 [00:03<00:42, 194.62it/s]
Batches:   7%|▋         | 594/8915 [00:03<00:43, 192.48it/s]
Batches:   7%|▋         | 614/8915 [00:03<00:43, 192.59it/s]
Batches:   7%|▋         | 635/8915 [00:03<00:42, 195.57it/s]
Batches:   7%|▋         | 655/8915 [00:03<00:42, 192.25it/s]
Batches:   8%|▊         | 675/8915 [00:03<00:43, 191.13it/s]
Batches:   8%|▊         | 695/8915 [00:03<00:43, 189.90it/s]
Batches:   8%|▊         | 714/8915 [00:03<00:43, 187.37it/s]
Batches:   8%|▊         | 733/8915 [00:03<00:43, 186.64it/s]
Batches:   8%|▊         | 752/8915 [00:04<00:43, 187.12it/s]
Batches:   9%|▊         | 771/8915 [00:04<00:44, 184.27it/s]
Batches:   9%|▉         | 790/8915 [00:04<00:44, 182.32it/s]
Batches:   9%|▉         | 809/8915 [00:04<00:44, 180.99it/s]
Batches:   9%|▉         | 828/8915 [00:04<00:44, 181.00it/s]
Batches:  10%|▉         | 847/8915 [00:06<04:20, 30.95it/s]
Batches:  10%|▉         | 864/8915 [00:06<03:21, 39.92it/s]
Batches:  10%|▉         | 882/8915 [00:06<02:35, 51.76it/s]
Batches:  10%|█         | 901/8915 [00:06<02:00, 66.44it/s]
Batches:  10%|█         | 920/8915 [00:06<01:36, 82.60it/s]
Batches:  11%|█         | 940/8915 [00:06<01:19, 100.76it/s]
Batches:  11%|█         | 961/8915 [00:06<01:06, 119.93it/s]
Batches:  11%|█         | 981/8915 [00:07<00:58, 135.76it/s]
Batches:  11%|█         | 1001/8915 [00:07<00:53, 149.18it/s]
Batches:  11%|█▏        | 1021/8915 [00:07<00:48, 161.14it/s]
Batches:  12%|█▏        | 1041/8915 [00:07<00:47, 167.17it/s]
Batches:  12%|█▏        | 1060/8915 [00:07<00:45, 171.21it/s]
Batches:  12%|█▏        | 1081/8915 [00:07<00:43, 179.52it/s]
Batches:  12%|█▏        | 1101/8915 [00:07<00:42, 184.44it/s]
Batches:  13%|█▎        | 1121/8915 [00:07<00:41, 188.44it/s]
Batches:  13%|█▎        | 1141/8915 [00:07<00:41, 189.56it/s]
Batches:  13%|█▎        | 1161/8915 [00:07<00:40, 192.06it/s]
Batches:  13%|█▎        | 1182/8915 [00:08<00:39, 194.21it/s]
Batches:  13%|█▎        | 1203/8915 [00:08<00:39, 196.20it/s]
Batches:  14%|█▎        | 1223/8915 [00:08<00:39, 196.05it/s]
Batches:  14%|█▍        | 1243/8915 [00:08<00:39, 195.00it/s]
Batches:  14%|█▍        | 1263/8915 [00:08<00:39, 196.08it/s]
Batches:  14%|█▍        | 1283/8915 [00:08<00:39, 195.30it/s]
Batches:  15%|█▍        | 1303/8915 [00:08<00:38, 195.80it/s]
Batches:  15%|█▍        | 1323/8915 [00:08<00:38, 195.97it/s]
Batches:  15%|█▌        | 1343/8915 [00:08<00:39, 193.60it/s]
Batches:  15%|█▌        | 1363/8915 [00:08<00:39, 189.44it/s]
Batches:  16%|█▌        | 1382/8915 [00:09<00:40, 187.07it/s]
Batches:  16%|█▌        | 1401/8915 [00:09<00:40, 185.46it/s]
Batches:  16%|█▌        | 1421/8915 [00:09<00:40, 187.07it/s]
Batches:  16%|█▌        | 1440/8915 [00:09<00:40, 185.67it/s]
Batches:  16%|█▋        | 1459/8915 [00:09<00:40, 184.84it/s]
Batches:  17%|█▋        | 1479/8915 [00:09<00:39, 186.32it/s]
Batches:  17%|█▋        | 1499/8915 [00:09<00:39, 187.78it/s]
Batches:  17%|█▋        | 1518/8915 [00:09<00:39, 187.92it/s]
Batches:  17%|█▋        | 1537/8915 [00:09<00:39, 187.01it/s]
Batches:  17%|█▋        | 1556/8915 [00:10<00:39, 187.03it/s]
Batches:  18%|█▊        | 1576/8915 [00:10<00:38, 188.30it/s]
Batches:  18%|█▊        | 1596/8915 [00:10<00:38, 190.24it/s]
Batches:  18%|█▊        | 1616/8915 [00:10<00:38, 189.45it/s]
Batches:  18%|█▊        | 1637/8915 [00:10<00:37, 193.00it/s]
Batches:  19%|█▊        | 1657/8915 [00:10<00:37, 192.55it/s]
Batches:  19%|█▉        | 1677/8915 [00:10<00:37, 191.64it/s]
Batches:  19%|█▉        | 1697/8915 [00:10<00:38, 189.13it/s]
Batches:  19%|█▉        | 1716/8915 [00:10<00:38, 187.36it/s]
Batches:  19%|█▉        | 1735/8915 [00:10<00:38, 187.69it/s]
Batches:  20%|█▉        | 1754/8915 [00:11<00:38, 185.74it/s]
Batches:  20%|█▉        | 1773/8915 [00:11<00:38, 185.77it/s]
Batches:  20%|██        | 1793/8915 [00:11<00:37, 188.49it/s]
Batches:  20%|██        | 1812/8915 [00:11<00:38, 186.39it/s]
Batches:  21%|██        | 1832/8915 [00:11<00:37, 189.43it/s]
Batches:  21%|██        | 1852/8915 [00:11<00:37, 190.53it/s]
Batches:  21%|██        | 1872/8915 [00:11<00:37, 189.32it/s]
Batches:  21%|██        | 1891/8915 [00:11<00:38, 182.91it/s]
Batches:  21%|██▏       | 1910/8915 [00:11<00:38, 183.16it/s]
Batches:  22%|██▏       | 1930/8915 [00:12<00:37, 186.77it/s]
Batches:  22%|██▏       | 1949/8915 [00:12<00:37, 184.11it/s]
Batches:  22%|██▏       | 1969/8915 [00:12<00:37, 186.29it/s]
Batches:  22%|██▏       | 1988/8915 [00:12<00:37, 184.84it/s]
Batches:  23%|██▎       | 2007/8915 [00:12<00:37, 185.49it/s]
Batches:  23%|██▎       | 2026/8915 [00:12<00:37, 184.55it/s]
Batches:  23%|██▎       | 2045/8915 [00:12<00:37, 182.46it/s]
Batches:  23%|██▎       | 2064/8915 [00:12<00:37, 184.00it/s]
Batches:  23%|██▎       | 2083/8915 [00:12<00:37, 181.13it/s]
Batches:  24%|██▎       | 2103/8915 [00:12<00:36, 184.34it/s]
Batches:  24%|██▍       | 2122/8915 [00:13<00:37, 183.11it/s]
Batches:  24%|██▍       | 2141/8915 [00:13<00:36, 184.23it/s]
Batches:  24%|██▍       | 2161/8915 [00:13<00:35, 188.82it/s]
Batches:  24%|██▍       | 2181/8915 [00:13<00:35, 190.32it/s]
Batches:  25%|██▍       | 2202/8915 [00:13<00:34, 195.15it/s]
Batches:  25%|██▍       | 2222/8915 [00:13<00:34, 196.33it/s]
Batches:  25%|██▌       | 2242/8915 [00:13<00:34, 194.03it/s]
Batches:  25%|██▌       | 2262/8915 [00:13<00:34, 193.94it/s]
Batches:  26%|██▌       | 2282/8915 [00:13<00:34, 194.11it/s]
Batches:  26%|██▌       | 2302/8915 [00:13<00:33, 195.56it/s]
Batches:  26%|██▌       | 2322/8915 [00:14<00:33, 196.60it/s]
Batches:  26%|██▋       | 2343/8915 [00:14<00:33, 198.70it/s]
Batches:  27%|██▋       | 2363/8915 [00:14<00:32, 198.96it/s]
Batches:  27%|██▋       | 2383/8915 [00:14<00:33, 197.17it/s]
Batches:  27%|██▋       | 2404/8915 [00:14<00:32, 198.49it/s]
Batches:  27%|██▋       | 2424/8915 [00:14<00:33, 195.73it/s]
Batches:  27%|██▋       | 2444/8915 [00:14<00:33, 194.92it/s]
Batches:  28%|██▊       | 2464/8915 [00:14<00:33, 190.42it/s]
Batches:  28%|██▊       | 2484/8915 [00:14<00:33, 190.32it/s]
Batches:  28%|██▊       | 2504/8915 [00:15<00:33, 191.26it/s]
Batches:  28%|██▊       | 2524/8915 [00:15<00:33, 191.33it/s]
Batches:  29%|██▊       | 2544/8915 [00:15<00:33, 189.31it/s]
Batches:  29%|██▊       | 2563/8915 [00:15<00:33, 187.92it/s]
Batches:  29%|██▉       | 2582/8915 [00:15<00:34, 183.45it/s]
Batches:  29%|██▉       | 2601/8915 [00:15<00:34, 181.93it/s]
Batches:  29%|██▉       | 2620/8915 [00:15<00:34, 180.33it/s]
Batches:  30%|██▉       | 2639/8915 [00:15<00:35, 179.20it/s]
Batches:  30%|██▉       | 2658/8915 [00:15<00:34, 181.85it/s]
Batches:  30%|███       | 2678/8915 [00:15<00:33, 184.85it/s]
Batches:  30%|███       | 2698/8915 [00:16<00:33, 188.12it/s]
Batches:  30%|███       | 2719/8915 [00:16<00:32, 193.12it/s]
Batches:  31%|███       | 2740/8915 [00:16<00:31, 196.39it/s]
Batches:  31%|███       | 2760/8915 [00:16<00:31, 194.93it/s]
Batches:  31%|███       | 2780/8915 [00:16<00:31, 193.02it/s]
Batches:  31%|███▏      | 2800/8915 [00:16<00:31, 191.32it/s]
Batches:  32%|███▏      | 2821/8915 [00:16<00:31, 194.00it/s]
Batches:  32%|███▏      | 2841/8915 [00:16<00:31, 192.93it/s]
Batches:  32%|███▏      | 2861/8915 [00:16<00:31, 192.53it/s]
Batches:  32%|███▏      | 2882/8915 [00:17<00:30, 195.22it/s]
Batches:  33%|███▎      | 2902/8915 [00:17<00:31, 192.14it/s]
Batches:  33%|███▎      | 2922/8915 [00:17<00:31, 191.25it/s]
Batches:  33%|███▎      | 2942/8915 [00:17<00:30, 193.26it/s]
Batches:  33%|███▎      | 2962/8915 [00:17<00:30, 193.36it/s]
Batches:  33%|███▎      | 2982/8915 [00:17<00:30, 194.03it/s]
Batches:  34%|███▎      | 3002/8915 [00:17<00:31, 189.27it/s]
Batches:  34%|███▍      | 3022/8915 [00:17<00:30, 190.43it/s]
Batches:  34%|███▍      | 3042/8915 [00:17<00:30, 191.67it/s]
Batches:  34%|███▍      | 3062/8915 [00:17<00:30, 190.47it/s]
Batches:  35%|███▍      | 3082/8915 [00:18<00:31, 187.65it/s]
Batches:  35%|███▍      | 3102/8915 [00:18<00:30, 188.85it/s]
Batches:  35%|███▌      | 3122/8915 [00:18<00:30, 191.00it/s]
Batches:  35%|███▌      | 3142/8915 [00:18<00:30, 192.21it/s]
Batches:  35%|███▌      | 3162/8915 [00:18<00:30, 188.03it/s]
Batches:  36%|███▌      | 3182/8915 [00:18<00:30, 189.78it/s]
Batches:  36%|███▌      | 3202/8915 [00:18<00:31, 183.98it/s]
Batches:  36%|███▌      | 3221/8915 [00:18<00:30, 185.51it/s]
Batches:  36%|███▋      | 3240/8915 [00:18<00:30, 184.45it/s]
Batches:  37%|███▋      | 3260/8915 [00:19<00:30, 186.30it/s]
Batches:  37%|███▋      | 3281/8915 [00:19<00:29, 191.78it/s]
Batches:  37%|███▋      | 3302/8915 [00:19<00:28, 195.55it/s]
Batches:  37%|███▋      | 3322/8915 [00:19<00:28, 193.56it/s]
Batches:  37%|███▋      | 3342/8915 [00:19<00:29, 191.94it/s]
Batches:  38%|███▊      | 3362/8915 [00:19<00:29, 185.80it/s]
Batches:  38%|███▊      | 3382/8915 [00:19<00:29, 187.68it/s]
Batches:  38%|███▊      | 3403/8915 [00:19<00:28, 193.38it/s]
Batches:  38%|███▊      | 3423/8915 [00:19<00:29, 186.87it/s]
Batches:  39%|███▊      | 3442/8915 [00:19<00:29, 184.70it/s]
Batches:  39%|███▉      | 3461/8915 [00:20<00:30, 181.22it/s]
Batches:  39%|███▉      | 3480/8915 [00:20<00:29, 181.32it/s]
Batches:  39%|███▉      | 3499/8915 [00:20<00:29, 180.76it/s]
Batches:  39%|███▉      | 3520/8915 [00:20<00:28, 187.49it/s]
Batches:  40%|███▉      | 3539/8915 [00:20<00:28, 185.71it/s]
Batches:  40%|███▉      | 3558/8915 [00:20<00:28, 186.59it/s]
Batches:  40%|████      | 3580/8915 [00:20<00:27, 194.21it/s]
Batches:  40%|████      | 3601/8915 [00:20<00:26, 198.78it/s]
Batches:  41%|████      | 3623/8915 [00:20<00:26, 202.96it/s]
Batches:  41%|████      | 3644/8915 [00:21<00:26, 202.23it/s]
Batches:  41%|████      | 3665/8915 [00:21<00:25, 202.97it/s]
Batches:  41%|████▏     | 3686/8915 [00:21<00:25, 204.66it/s]
Batches:  42%|████▏     | 3707/8915 [00:21<00:25, 204.90it/s]
Batches:  42%|████▏     | 3728/8915 [00:21<00:25, 200.19it/s]
Batches:  42%|████▏     | 3749/8915 [00:21<00:26, 196.35it/s]
Batches:  42%|████▏     | 3769/8915 [00:21<00:26, 192.75it/s]
Batches:  43%|████▎     | 3789/8915 [00:21<00:26, 194.07it/s]
Batches:  43%|████▎     | 3810/8915 [00:21<00:25, 196.53it/s]
Batches:  43%|████▎     | 3831/8915 [00:21<00:25, 199.15it/s]
Batches:  43%|████▎     | 3852/8915 [00:22<00:25, 200.63it/s]
Batches:  43%|████▎     | 3873/8915 [00:22<00:25, 198.08it/s]
Batches:  44%|████▎     | 3894/8915 [00:22<00:25, 199.19it/s]
Batches:  44%|████▍     | 3914/8915 [00:22<00:25, 195.19it/s]
Batches:  44%|████▍     | 3934/8915 [00:22<00:26, 190.56it/s]
Batches:  44%|████▍     | 3954/8915 [00:22<00:26, 189.53it/s]
Batches:  45%|████▍     | 3973/8915 [00:22<00:26, 189.19it/s]
Batches:  45%|████▍     | 3992/8915 [00:22<00:26, 188.26it/s]
Batches:  45%|████▌     | 4012/8915 [00:22<00:25, 188.92it/s]
Batches:  45%|████▌     | 4032/8915 [00:23<00:25, 189.93it/s]
Batches:  45%|████▌     | 4053/8915 [00:23<00:24, 194.74it/s]
Batches:  46%|████▌     | 4074/8915 [00:23<00:24, 198.47it/s]
Batches:  46%|████▌     | 4095/8915 [00:23<00:24, 199.68it/s]
Batches:  46%|████▌     | 4115/8915 [00:23<00:24, 197.07it/s]
Batches:  46%|████▋     | 4135/8915 [00:23<00:24, 192.62it/s]
Batches:  47%|████▋     | 4155/8915 [00:23<00:24, 193.04it/s]
Batches:  47%|████▋     | 4176/8915 [00:23<00:24, 195.95it/s]
Batches:  47%|████▋     | 4196/8915 [00:23<00:24, 196.42it/s]
Batches:  47%|████▋     | 4216/8915 [00:23<00:23, 196.98it/s]
Batches:  48%|████▊     | 4236/8915 [00:24<00:23, 197.26it/s]
Batches:  48%|████▊     | 4256/8915 [00:24<00:23, 195.93it/s]
Batches:  48%|████▊     | 4276/8915 [00:24<00:23, 195.52it/s]
Batches:  48%|████▊     | 4296/8915 [00:24<00:23, 194.83it/s]
Batches:  48%|████▊     | 4316/8915 [00:24<00:24, 190.91it/s]
Batches:  49%|████▊     | 4336/8915 [00:24<00:24, 188.03it/s]
Batches:  49%|████▉     | 4356/8915 [00:24<00:24, 189.47it/s]
Batches:  49%|████▉     | 4376/8915 [00:24<00:23, 189.70it/s]
Batches:  49%|████▉     | 4396/8915 [00:24<00:23, 190.34it/s]
Batches:  50%|████▉     | 4416/8915 [00:24<00:23, 188.92it/s]
Batches:  50%|████▉     | 4435/8915 [00:25<00:23, 187.47it/s]
Batches:  50%|████▉     | 4454/8915 [00:25<00:24, 181.89it/s]
Batches:  50%|█████     | 4473/8915 [00:25<00:24, 179.17it/s]
Batches:  50%|█████     | 4492/8915 [00:25<00:24, 181.70it/s]
Batches:  51%|█████     | 4512/8915 [00:25<00:23, 186.80it/s]
Batches:  51%|█████     | 4531/8915 [00:25<00:23, 187.48it/s]
Batches:  51%|█████     | 4550/8915 [00:25<00:24, 181.84it/s]
Batches:  51%|█████▏    | 4569/8915 [00:25<00:23, 182.85it/s]
Batches:  51%|█████▏    | 4590/8915 [00:25<00:22, 189.24it/s]
Batches:  52%|█████▏    | 4611/8915 [00:26<00:22, 194.10it/s]
Batches:  52%|█████▏    | 4631/8915 [00:26<00:21, 195.03it/s]
Batches:  52%|█████▏    | 4651/8915 [00:26<00:21, 195.10it/s]
Batches:  52%|█████▏    | 4672/8915 [00:26<00:21, 198.26it/s]
Batches:  53%|█████▎    | 4692/8915 [00:26<00:21, 197.36it/s]
Batches:  53%|█████▎    | 4712/8915 [00:26<00:21, 197.52it/s]
Batches:  53%|█████▎    | 4732/8915 [00:26<00:21, 193.30it/s]
Batches:  53%|█████▎    | 4752/8915 [00:26<00:21, 194.05it/s]
Batches:  54%|█████▎    | 4772/8915 [00:26<00:21, 191.69it/s]
Batches:  54%|█████▍    | 4792/8915 [00:26<00:21, 192.54it/s]
Batches:  54%|█████▍    | 4812/8915 [00:27<00:21, 187.98it/s]
Batches:  54%|█████▍    | 4831/8915 [00:27<00:21, 187.21it/s]
Batches:  54%|█████▍    | 4851/8915 [00:27<00:21, 188.48it/s]
Batches:  55%|█████▍    | 4870/8915 [00:27<00:21, 187.27it/s]
Batches:  55%|█████▍    | 4889/8915 [00:27<00:21, 187.56it/s]
Batches:  55%|█████▌    | 4908/8915 [00:27<00:21, 183.97it/s]
Batches:  55%|█████▌    | 4927/8915 [00:27<00:22, 180.93it/s]
Batches:  55%|█████▌    | 4946/8915 [00:27<00:22, 177.32it/s]
Batches:  56%|█████▌    | 4964/8915 [00:27<00:22, 175.84it/s]
Batches:  56%|█████▌    | 4983/8915 [00:28<00:22, 176.98it/s]
Batches:  56%|█████▌    | 5002/8915 [00:28<00:22, 177.62it/s]
Batches:  56%|█████▋    | 5021/8915 [00:28<00:21, 178.89it/s]
Batches:  57%|█████▋    | 5039/8915 [00:28<00:21, 176.86it/s]
Batches:  57%|█████▋    | 5058/8915 [00:28<00:21, 180.43it/s]
Batches:  57%|█████▋    | 5078/8915 [00:28<00:20, 184.03it/s]
Batches:  57%|█████▋    | 5097/8915 [00:28<00:20, 183.41it/s]
Batches:  57%|█████▋    | 5116/8915 [00:28<00:20, 184.27it/s]
Batches:  58%|█████▊    | 5136/8915 [00:28<00:20, 185.85it/s]
Batches:  58%|█████▊    | 5157/8915 [00:28<00:19, 190.40it/s]
Batches:  58%|█████▊    | 5177/8915 [00:29<00:19, 192.55it/s]
Batches:  58%|█████▊    | 5198/8915 [00:29<00:19, 195.33it/s]
Batches:  59%|█████▊    | 5218/8915 [00:29<00:19, 194.48it/s]
Batches:  59%|█████▉    | 5238/8915 [00:29<00:18, 194.18it/s]
Batches:  59%|█████▉    | 5258/8915 [00:29<00:19, 189.55it/s]
Batches:  59%|█████▉    | 5277/8915 [00:29<00:19, 184.67it/s]
Batches:  59%|█████▉    | 5296/8915 [00:29<00:19, 183.94it/s]
Batches:  60%|█████▉    | 5315/8915 [00:29<00:19, 182.73it/s]
Batches:  60%|█████▉    | 5334/8915 [00:29<00:19, 181.59it/s]
Batches:  60%|██████    | 5353/8915 [00:30<00:20, 177.69it/s]
Batches:  60%|██████    | 5371/8915 [00:30<00:20, 176.33it/s]
Batches:  60%|██████    | 5389/8915 [00:30<00:20, 172.16it/s]
Batches:  61%|██████    | 5407/8915 [00:30<00:20, 172.79it/s]
Batches:  61%|██████    | 5425/8915 [00:30<00:20, 172.54it/s]
Batches:  61%|██████    | 5443/8915 [00:30<00:19, 174.23it/s]
Batches:  61%|██████▏   | 5461/8915 [00:30<00:19, 175.24it/s]
Batches:  61%|██████▏   | 5480/8915 [00:30<00:19, 178.81it/s]
Batches:  62%|██████▏   | 5499/8915 [00:30<00:18, 181.21it/s]
Batches:  62%|██████▏   | 5520/8915 [00:30<00:18, 188.36it/s]
Batches:  62%|██████▏   | 5541/8915 [00:31<00:17, 194.66it/s]
Batches:  62%|██████▏   | 5562/8915 [00:31<00:16, 198.01it/s]
Batches:  63%|██████▎   | 5582/8915 [00:31<00:16, 197.10it/s]
Batches:  63%|██████▎   | 5602/8915 [00:31<00:17, 191.49it/s]
Batches:  63%|██████▎   | 5622/8915 [00:31<00:17, 187.50it/s]
Batches:  63%|██████▎   | 5642/8915 [00:31<00:17, 189.42it/s]
Batches:  63%|██████▎   | 5661/8915 [00:31<00:17, 186.74it/s]
Batches:  64%|██████▎   | 5680/8915 [00:31<00:17, 182.24it/s]
Batches:  64%|██████▍   | 5699/8915 [00:31<00:17, 182.96it/s]
Batches:  64%|██████▍   | 5718/8915 [00:32<00:17, 183.13it/s]
Batches:  64%|██████▍   | 5738/8915 [00:32<00:17, 186.85it/s]
Batches:  65%|██████▍   | 5757/8915 [00:32<00:16, 186.73it/s]
Batches:  65%|██████▍   | 5776/8915 [00:32<00:16, 187.49it/s]
Batches:  65%|██████▌   | 5795/8915 [00:32<00:16, 186.17it/s]
Batches:  65%|██████▌   | 5815/8915 [00:32<00:16, 189.81it/s]
Batches:  65%|██████▌   | 5836/8915 [00:32<00:15, 194.26it/s]
Batches:  66%|██████▌   | 5856/8915 [00:32<00:15, 194.39it/s]
Batches:  66%|██████▌   | 5876/8915 [00:32<00:15, 192.29it/s]
Batches:  66%|██████▌   | 5896/8915 [00:32<00:15, 192.96it/s]
Batches:  66%|██████▋   | 5916/8915 [00:33<00:15, 194.09it/s]
Batches:  67%|██████▋   | 5937/8915 [00:33<00:15, 196.57it/s]
Batches:  67%|██████▋   | 5957/8915 [00:33<00:15, 194.59it/s]
Batches:  67%|██████▋   | 5977/8915 [00:33<00:15, 192.03it/s]
Batches:  67%|██████▋   | 5997/8915 [00:33<00:15, 187.61it/s]
Batches:  67%|██████▋   | 6016/8915 [00:33<00:15, 187.88it/s]
Batches:  68%|██████▊   | 6035/8915 [00:33<00:15, 187.90it/s]
Batches:  68%|██████▊   | 6054/8915 [00:33<00:15, 186.03it/s]
Batches:  68%|██████▊   | 6073/8915 [00:33<00:15, 180.65it/s]
Batches:  68%|██████▊   | 6092/8915 [00:33<00:15, 181.52it/s]
Batches:  69%|██████▊   | 6113/8915 [00:34<00:14, 188.75it/s]
Batches:  69%|██████▉   | 6132/8915 [00:34<00:14, 188.65it/s]
Batches:  69%|██████▉   | 6152/8915 [00:34<00:14, 190.04it/s]
Batches:  69%|██████▉   | 6172/8915 [00:34<00:14, 188.39it/s]
Batches:  69%|██████▉   | 6191/8915 [00:34<00:14, 188.57it/s]
Batches:  70%|██████▉   | 6211/8915 [00:34<00:14, 189.76it/s]
Batches:  70%|██████▉   | 6231/8915 [00:34<00:14, 190.69it/s]
Batches:  70%|███████   | 6251/8915 [00:34<00:14, 185.81it/s]
Batches:  70%|███████   | 6270/8915 [00:34<00:14, 186.29it/s]
Batches:  71%|███████   | 6289/8915 [00:35<00:14, 185.79it/s]
Batches:  71%|███████   | 6308/8915 [00:35<00:13, 186.42it/s]
Batches:  71%|███████   | 6327/8915 [00:35<00:13, 185.33it/s]
Batches:  71%|███████   | 6346/8915 [00:35<00:14, 182.37it/s]
Batches:  71%|███████▏  | 6366/8915 [00:35<00:13, 185.17it/s]
Batches:  72%|███████▏  | 6385/8915 [00:35<00:13, 184.02it/s]
Batches:  72%|███████▏  | 6404/8915 [00:35<00:13, 181.53it/s]
Batches:  72%|███████▏  | 6424/8915 [00:35<00:13, 184.06it/s]
Batches:  72%|███████▏  | 6444/8915 [00:35<00:13, 186.30it/s]
Batches:  73%|███████▎  | 6464/8915 [00:35<00:12, 190.22it/s]
Batches:  73%|███████▎  | 6484/8915 [00:36<00:12, 192.86it/s]
Batches:  73%|███████▎  | 6504/8915 [00:36<00:12, 191.01it/s]
Batches:  73%|███████▎  | 6524/8915 [00:36<00:12, 188.71it/s]
Batches:  73%|███████▎  | 6544/8915 [00:36<00:12, 190.30it/s]
Batches:  74%|███████▎  | 6564/8915 [00:36<00:12, 190.58it/s]
Batches:  74%|███████▍  | 6584/8915 [00:36<00:12, 192.38it/s]
Batches:  74%|███████▍  | 6604/8915 [00:36<00:11, 194.38it/s]
Batches:  74%|███████▍  | 6625/8915 [00:36<00:11, 198.57it/s]
Batches:  75%|███████▍  | 6645/8915 [00:36<00:11, 198.30it/s]
Batches:  75%|███████▍  | 6665/8915 [00:37<00:11, 195.54it/s]
Batches:  75%|███████▍  | 6685/8915 [00:37<00:11, 194.93it/s]
Batches:  75%|███████▌  | 6705/8915 [00:37<00:11, 196.10it/s]
Batches:  75%|███████▌  | 6725/8915 [00:37<00:11, 194.88it/s]
Batches:  76%|███████▌  | 6745/8915 [00:37<00:11, 192.91it/s]
Batches:  76%|███████▌  | 6765/8915 [00:37<00:11, 193.54it/s]
Batches:  76%|███████▌  | 6785/8915 [00:37<00:11, 189.23it/s]
Batches:  76%|███████▋  | 6805/8915 [00:37<00:11, 189.63it/s]
Batches:  77%|███████▋  | 6824/8915 [00:37<00:11, 188.85it/s]
Batches:  77%|███████▋  | 6844/8915 [00:37<00:10, 189.33it/s]
Batches:  77%|███████▋  | 6864/8915 [00:38<00:10, 190.22it/s]
Batches:  77%|███████▋  | 6884/8915 [00:38<00:10, 188.49it/s]
Batches:  77%|███████▋  | 6903/8915 [00:38<00:10, 188.42it/s]
Batches:  78%|███████▊  | 6922/8915 [00:38<00:10, 186.03it/s]
Batches:  78%|███████▊  | 6941/8915 [00:38<00:10, 185.63it/s]
Batches:  78%|███████▊  | 6960/8915 [00:38<00:10, 186.04it/s]
Batches:  78%|███████▊  | 6979/8915 [00:38<00:10, 183.58it/s]
Batches:  78%|███████▊  | 6998/8915 [00:38<00:10, 182.57it/s]
Batches:  79%|███████▊  | 7017/8915 [00:38<00:10, 183.62it/s]
Batches:  79%|███████▉  | 7036/8915 [00:38<00:10, 185.20it/s]
Batches:  79%|███████▉  | 7055/8915 [00:39<00:10, 185.36it/s]
Batches:  79%|███████▉  | 7075/8915 [00:39<00:09, 188.24it/s]
Batches:  80%|███████▉  | 7095/8915 [00:39<00:09, 188.55it/s]
Batches:  80%|███████▉  | 7115/8915 [00:39<00:09, 190.23it/s]
Batches:  80%|████████  | 7135/8915 [00:39<00:09, 190.28it/s]
Batches:  80%|████████  | 7156/8915 [00:39<00:09, 194.25it/s]
Batches:  81%|████████  | 7178/8915 [00:39<00:08, 199.69it/s]
Batches:  81%|████████  | 7199/8915 [00:39<00:08, 200.68it/s]
Batches:  81%|████████  | 7220/8915 [00:39<00:08, 202.69it/s]
Batches:  81%|████████  | 7241/8915 [00:40<00:08, 200.62it/s]
Batches:  81%|████████▏ | 7262/8915 [00:40<00:08, 199.58it/s]
Batches:  82%|████████▏ | 7282/8915 [00:40<00:08, 198.54it/s]
Batches:  82%|████████▏ | 7302/8915 [00:40<00:08, 196.48it/s]
Batches:  82%|████████▏ | 7322/8915 [00:40<00:08, 192.93it/s]
Batches:  82%|████████▏ | 7342/8915 [00:40<00:08, 190.06it/s]
Batches:  83%|████████▎ | 7362/8915 [00:40<00:08, 190.35it/s]
Batches:  83%|████████▎ | 7382/8915 [00:40<00:08, 187.46it/s]
Batches:  83%|████████▎ | 7402/8915 [00:40<00:07, 190.07it/s]
Batches:  83%|████████▎ | 7422/8915 [00:40<00:07, 190.00it/s]
Batches:  83%|████████▎ | 7443/8915 [00:41<00:07, 195.23it/s]
Batches:  84%|████████▎ | 7464/8915 [00:41<00:07, 196.33it/s]
Batches:  84%|████████▍ | 7484/8915 [00:41<00:07, 195.49it/s]
Batches:  84%|████████▍ | 7505/8915 [00:41<00:07, 197.34it/s]
Batches:  84%|████████▍ | 7525/8915 [00:41<00:07, 197.05it/s]
Batches:  85%|████████▍ | 7545/8915 [00:41<00:06, 197.29it/s]
Batches:  85%|████████▍ | 7565/8915 [00:41<00:06, 194.61it/s]
Batches:  85%|████████▌ | 7585/8915 [00:41<00:06, 191.81it/s]
Batches:  85%|████████▌ | 7605/8915 [00:41<00:06, 189.42it/s]
Batches:  86%|████████▌ | 7624/8915 [00:42<00:06, 188.73it/s]
Batches:  86%|████████▌ | 7643/8915 [00:42<00:06, 187.36it/s]
Batches:  86%|████████▌ | 7662/8915 [00:42<00:07, 175.56it/s]
Batches:  86%|████████▌ | 7680/8915 [00:42<00:07, 170.06it/s]
Batches:  86%|████████▋ | 7698/8915 [00:42<00:07, 168.95it/s]
Batches:  87%|████████▋ | 7716/8915 [00:42<00:06, 171.76it/s]
Batches:  87%|████████▋ | 7734/8915 [00:42<00:06, 172.21it/s]
Batches:  87%|████████▋ | 7752/8915 [00:42<00:06, 166.92it/s]
Batches:  87%|████████▋ | 7769/8915 [00:42<00:06, 167.38it/s]
Batches:  87%|████████▋ | 7786/8915 [00:42<00:06, 165.52it/s]
Batches:  88%|████████▊ | 7803/8915 [00:43<00:06, 163.05it/s]
Batches:  88%|████████▊ | 7820/8915 [00:43<00:06, 163.41it/s]
Batches:  88%|████████▊ | 7838/8915 [00:43<00:06, 167.42it/s]
Batches:  88%|████████▊ | 7857/8915 [00:43<00:06, 172.01it/s]
Batches:  88%|████████▊ | 7875/8915 [00:43<00:05, 174.13it/s]
Batches:  89%|████████▊ | 7893/8915 [00:43<00:05, 175.09it/s]
Batches:  89%|████████▊ | 7912/8915 [00:43<00:05, 178.15it/s]
Batches:  89%|████████▉ | 7931/8915 [00:43<00:05, 179.88it/s]
Batches:  89%|████████▉ | 7950/8915 [00:43<00:05, 182.72it/s]
Batches:  89%|████████▉ | 7969/8915 [00:44<00:05, 182.55it/s]
Batches:  90%|████████▉ | 7989/8915 [00:44<00:04, 186.28it/s]
Batches:  90%|████████▉ | 8009/8915 [00:44<00:04, 188.12it/s]
Batches:  90%|█████████ | 8030/8915 [00:44<00:04, 191.66it/s]
Batches:  90%|█████████ | 8050/8915 [00:44<00:04, 192.71it/s]
Batches:  91%|█████████ | 8071/8915 [00:44<00:04, 197.08it/s]
Batches:  91%|█████████ | 8091/8915 [00:44<00:04, 195.47it/s]
Batches:  91%|█████████ | 8111/8915 [00:44<00:04, 192.88it/s]
Batches:  91%|█████████ | 8131/8915 [00:44<00:04, 193.00it/s]
Batches:  91%|█████████▏| 8151/8915 [00:44<00:04, 187.84it/s]
Batches:  92%|█████████▏| 8170/8915 [00:45<00:04, 184.29it/s]
Batches:  92%|█████████▏| 8190/8915 [00:45<00:03, 186.47it/s]
Batches:  92%|█████████▏| 8211/8915 [00:45<00:03, 190.90it/s]
Batches:  92%|█████████▏| 8231/8915 [00:45<00:03, 186.96it/s]
Batches:  93%|█████████▎| 8250/8915 [00:45<00:03, 184.03it/s]
Batches:  93%|█████████▎| 8269/8915 [00:45<00:03, 182.25it/s]
Batches:  93%|█████████▎| 8288/8915 [00:45<00:03, 180.33it/s]
Batches:  93%|█████████▎| 8308/8915 [00:45<00:03, 183.07it/s]
Batches:  93%|█████████▎| 8327/8915 [00:45<00:03, 181.78it/s]
Batches:  94%|█████████▎| 8346/8915 [00:46<00:03, 180.81it/s]
Batches:  94%|█████████▍| 8365/8915 [00:46<00:03, 180.05it/s]
Batches:  94%|█████████▍| 8385/8915 [00:46<00:02, 182.77it/s]
Batches:  94%|█████████▍| 8404/8915 [00:46<00:02, 177.10it/s]
Batches:  94%|█████████▍| 8422/8915 [00:46<00:02, 177.41it/s]
Batches:  95%|█████████▍| 8441/8915 [00:46<00:02, 180.05it/s]
Batches:  95%|█████████▍| 8460/8915 [00:46<00:02, 175.13it/s]
Batches:  95%|█████████▌| 8478/8915 [00:46<00:02, 173.63it/s]
Batches:  95%|█████████▌| 8496/8915 [00:46<00:02, 173.51it/s]
Batches:  96%|█████████▌| 8514/8915 [00:47<00:02, 169.95it/s]
Batches:  96%|█████████▌| 8532/8915 [00:47<00:02, 165.83it/s]
Batches:  96%|█████████▌| 8549/8915 [00:47<00:02, 166.15it/s]
Batches:  96%|█████████▌| 8566/8915 [00:47<00:02, 165.00it/s]
Batches:  96%|█████████▋| 8583/8915 [00:47<00:02, 160.12it/s]
Batches:  96%|█████████▋| 8600/8915 [00:47<00:02, 155.52it/s]
Batches:  97%|█████████▋| 8616/8915 [00:47<00:01, 153.62it/s]
Batches:  97%|█████████▋| 8632/8915 [00:47<00:01, 155.21it/s]
Batches:  97%|█████████▋| 8648/8915 [00:47<00:01, 155.93it/s]
Batches:  97%|█████████▋| 8665/8915 [00:47<00:01, 157.93it/s]
Batches:  97%|█████████▋| 8681/8915 [00:48<00:01, 157.92it/s]
Batches:  98%|█████████▊| 8698/8915 [00:48<00:01, 160.01it/s]
Batches:  98%|█████████▊| 8715/8915 [00:48<00:01, 161.46it/s]
Batches:  98%|█████████▊| 8732/8915 [00:48<00:01, 161.05it/s]
Batches:  98%|█████████▊| 8749/8915 [00:48<00:01, 163.56it/s]
Batches:  98%|█████████▊| 8766/8915 [00:48<00:00, 164.30it/s]
Batches:  99%|█████████▊| 8784/8915 [00:48<00:00, 166.47it/s]
Batches:  99%|█████████▊| 8802/8915 [00:48<00:00, 168.58it/s]
Batches:  99%|█████████▉| 8822/8915 [00:48<00:00, 175.56it/s]
Batches:  99%|█████████▉| 8842/8915 [00:49<00:00, 181.68it/s]
Batches:  99%|█████████▉| 8862/8915 [00:49<00:00, 186.39it/s]
2026-04-03 19:48:53,284 INFO Pre-encoding 81502 metaqa [val] query-GT pairs...
Batches:   1%|          | 17/2547 [00:00<00:15, 166.39it/s]
Batches:   1%|▏         | 34/2547 [00:00<00:15, 164.63it/s]
Batches:   2%|▏         | 52/2547 [00:00<00:14, 169.02it/s]
Batches:   3%|▎         | 71/2547 [00:00<00:14, 174.74it/s]
Batches:   4%|▎         | 90/2547 [00:00<00:13, 178.63it/s]
Batches:   4%|▍         | 109/2547 [00:00<00:13, 180.33it/s]
Batches:   5%|▌         | 128/2547 [00:00<00:13, 179.43it/s]
Batches:   6%|▌         | 146/2547 [00:00<00:13, 175.47it/s]
Batches:   6%|▋         | 165/2547 [00:00<00:13, 179.65it/s]
Batches:   7%|▋         | 186/2547 [00:01<00:12, 185.99it/s]
Batches:   8%|▊         | 206/2547 [00:01<00:12, 187.53it/s]
Batches:   9%|▉         | 226/2547 [00:01<00:12, 189.03it/s]
Batches:  10%|▉         | 246/2547 [00:01<00:12, 189.82it/s]
Batches:  10%|█         | 265/2547 [00:01<00:12, 183.98it/s]
Batches:  11%|█         | 284/2547 [00:01<00:12, 178.11it/s]
Batches:  12%|█▏        | 302/2547 [00:01<00:12, 174.06it/s]
Batches:  13%|█▎        | 320/2547 [00:01<00:12, 172.41it/s]
Batches:  13%|█▎        | 338/2547 [00:01<00:12, 170.21it/s]
Batches:  14%|█▍        | 356/2547 [00:02<00:12, 172.34it/s]
Batches:  15%|█▍        | 374/2547 [00:02<00:12, 172.89it/s]
Batches:  15%|█▌        | 392/2547 [00:02<00:12, 170.45it/s]
Batches:  16%|█▌        | 410/2547 [00:02<00:12, 170.20it/s]
Batches:  17%|█▋        | 428/2547 [00:02<00:12, 169.52it/s]
Batches:  17%|█▋        | 445/2547 [00:02<00:12, 168.55it/s]
Batches:  18%|█▊        | 462/2547 [00:02<00:12, 167.09it/s]
Batches:  19%|█▉        | 479/2547 [00:02<00:12, 166.33it/s]
Batches:  19%|█▉        | 496/2547 [00:02<00:12, 166.48it/s]
Batches:  20%|██        | 513/2547 [00:02<00:12, 166.76it/s]
Batches:  21%|██        | 530/2547 [00:03<00:12, 166.72it/s]
Batches:  21%|██▏       | 547/2547 [00:03<00:11, 167.17it/s]
Batches:  22%|██▏       | 565/2547 [00:03<00:11, 169.80it/s]
Batches:  23%|██▎       | 583/2547 [00:03<00:11, 169.83it/s]
Batches:  24%|██▎       | 600/2547 [00:03<00:11, 167.65it/s]
Batches:  24%|██▍       | 617/2547 [00:03<00:11, 167.34it/s]
Batches:  25%|██▍       | 634/2547 [00:03<00:11, 167.18it/s]
Batches:  26%|██▌       | 651/2547 [00:03<00:11, 167.86it/s]
Batches:  26%|██▌       | 668/2547 [00:03<00:11, 167.74it/s]
Batches:  27%|██▋       | 686/2547 [00:03<00:10, 169.91it/s]
Batches:  28%|██▊       | 704/2547 [00:04<00:10, 170.00it/s]
Batches:  28%|██▊       | 722/2547 [00:04<00:10, 170.52it/s]
Batches:  29%|██▉       | 740/2547 [00:04<00:10, 172.48it/s]
Batches:  30%|██▉       | 758/2547 [00:04<00:10, 172.96it/s]
Batches:  30%|███       | 776/2547 [00:04<00:10, 174.47it/s]
Batches:  31%|███       | 794/2547 [00:04<00:09, 175.37it/s]
Batches:  32%|███▏      | 812/2547 [00:04<00:09, 174.18it/s]
Batches:  33%|███▎      | 830/2547 [00:04<00:09, 174.27it/s]
Batches:  33%|███▎      | 848/2547 [00:04<00:09, 172.54it/s]
Batches:  34%|███▍      | 866/2547 [00:05<00:09, 172.14it/s]
Batches:  35%|███▍      | 884/2547 [00:05<00:09, 171.49it/s]
Batches:  35%|███▌      | 902/2547 [00:05<00:09, 170.73it/s]
Batches:  36%|███▌      | 920/2547 [00:05<00:09, 171.37it/s]
Batches:  37%|███▋      | 938/2547 [00:05<00:09, 170.84it/s]
Batches:  38%|███▊      | 956/2547 [00:05<00:09, 169.61it/s]
Batches:  38%|███▊      | 973/2547 [00:05<00:09, 168.96it/s]
Batches:  39%|███▉      | 991/2547 [00:05<00:09, 170.47it/s]
Batches:  40%|███▉      | 1010/2547 [00:05<00:08, 173.71it/s]
Batches:  40%|████      | 1028/2547 [00:05<00:08, 174.29it/s]
Batches:  41%|████      | 1046/2547 [00:06<00:08, 174.42it/s]
Batches:  42%|████▏     | 1065/2547 [00:06<00:08, 178.52it/s]
Batches:  43%|████▎     | 1084/2547 [00:06<00:08, 181.43it/s]
Batches:  43%|████▎     | 1103/2547 [00:06<00:07, 183.90it/s]
Batches:  44%|████▍     | 1123/2547 [00:06<00:07, 187.52it/s]
Batches:  45%|████▍     | 1143/2547 [00:06<00:07, 189.45it/s]
Batches:  46%|████▌     | 1162/2547 [00:06<00:07, 186.24it/s]
Batches:  46%|████▋     | 1181/2547 [00:06<00:07, 184.81it/s]
Batches:  47%|████▋     | 1201/2547 [00:06<00:07, 187.24it/s]
Batches:  48%|████▊     | 1220/2547 [00:06<00:07, 184.03it/s]
Batches:  49%|████▊     | 1239/2547 [00:07<00:07, 184.00it/s]
Batches:  49%|████▉     | 1258/2547 [00:07<00:07, 182.44it/s]
Batches:  50%|█████     | 1277/2547 [00:07<00:06, 183.11it/s]
Batches:  51%|█████     | 1296/2547 [00:07<00:06, 181.01it/s]
Batches:  52%|█████▏    | 1315/2547 [00:07<00:06, 183.33it/s]
Batches:  52%|█████▏    | 1334/2547 [00:07<00:06, 181.98it/s]
Batches:  53%|█████▎    | 1353/2547 [00:07<00:06, 178.93it/s]
Batches:  54%|█████▍    | 1371/2547 [00:07<00:06, 177.20it/s]
Batches:  55%|█████▍    | 1389/2547 [00:07<00:06, 177.99it/s]
Batches:  55%|█████▌    | 1407/2547 [00:08<00:06, 178.00it/s]
Batches:  56%|█████▌    | 1425/2547 [00:08<00:06, 177.02it/s]
Batches:  57%|█████▋    | 1443/2547 [00:08<00:06, 177.46it/s]
Batches:  57%|█████▋    | 1463/2547 [00:08<00:05, 182.70it/s]
Batches:  58%|█████▊    | 1483/2547 [00:08<00:05, 187.77it/s]
Batches:  59%|█████▉    | 1502/2547 [00:08<00:05, 184.45it/s]
Batches:  60%|█████▉    | 1521/2547 [00:08<00:05, 181.64it/s]
Batches:  60%|██████    | 1540/2547 [00:08<00:05, 179.89it/s]
Batches:  61%|██████    | 1559/2547 [00:08<00:05, 177.60it/s]
Batches:  62%|██████▏   | 1578/2547 [00:08<00:05, 178.64it/s]
Batches:  63%|██████▎   | 1597/2547 [00:09<00:05, 179.45it/s]
Batches:  63%|██████▎   | 1616/2547 [00:09<00:05, 181.54it/s]
Batches:  64%|██████▍   | 1635/2547 [00:09<00:05, 182.15it/s]
Batches:  65%|██████▍   | 1654/2547 [00:09<00:04, 183.67it/s]
Batches:  66%|██████▌   | 1673/2547 [00:09<00:04, 182.23it/s]
Batches:  66%|██████▋   | 1692/2547 [00:09<00:04, 181.68it/s]
Batches:  67%|██████▋   | 1711/2547 [00:09<00:04, 180.92it/s]
Batches:  68%|██████▊   | 1730/2547 [00:09<00:04, 180.42it/s]
Batches:  69%|██████▊   | 1749/2547 [00:09<00:04, 179.45it/s]
Batches:  69%|██████▉   | 1767/2547 [00:10<00:04, 178.49it/s]
Batches:  70%|███████   | 1786/2547 [00:10<00:04, 179.25it/s]
Batches:  71%|███████   | 1804/2547 [00:10<00:04, 176.31it/s]
Batches:  72%|███████▏  | 1822/2547 [00:10<00:04, 174.66it/s]
Batches:  72%|███████▏  | 1840/2547 [00:10<00:04, 173.23it/s]
Batches:  73%|███████▎  | 1858/2547 [00:10<00:03, 174.46it/s]
Batches:  74%|███████▎  | 1877/2547 [00:10<00:03, 177.28it/s]
Batches:  74%|███████▍  | 1895/2547 [00:10<00:03, 176.62it/s]
Batches:  75%|███████▌  | 1914/2547 [00:10<00:03, 178.35it/s]
Batches:  76%|███████▌  | 1932/2547 [00:10<00:03, 177.14it/s]
Batches:  77%|███████▋  | 1950/2547 [00:11<00:03, 176.98it/s]
Batches:  77%|███████▋  | 1968/2547 [00:11<00:03, 176.18it/s]
Batches:  78%|███████▊  | 1986/2547 [00:11<00:03, 175.00it/s]
Batches:  79%|███████▊  | 2004/2547 [00:11<00:03, 172.10it/s]
Batches:  79%|███████▉  | 2022/2547 [00:11<00:03, 171.50it/s]
Batches:  80%|████████  | 2042/2547 [00:11<00:02, 177.14it/s]
Batches:  81%|████████  | 2060/2547 [00:11<00:02, 177.92it/s]
Batches:  82%|████████▏ | 2079/2547 [00:11<00:02, 180.22it/s]
Batches:  82%|████████▏ | 2099/2547 [00:11<00:02, 183.52it/s]
Batches:  83%|████████▎ | 2120/2547 [00:11<00:02, 190.57it/s]
Batches:  84%|████████▍ | 2140/2547 [00:12<00:02, 190.25it/s]
Batches:  85%|████████▍ | 2160/2547 [00:12<00:02, 191.85it/s]
Batches:  86%|████████▌ | 2180/2547 [00:12<00:01, 193.22it/s]
Batches:  86%|████████▋ | 2200/2547 [00:12<00:01, 193.74it/s]
Batches:  87%|████████▋ | 2220/2547 [00:12<00:01, 192.23it/s]
Batches:  88%|████████▊ | 2240/2547 [00:12<00:01, 185.25it/s]
Batches:  89%|████████▊ | 2259/2547 [00:12<00:01, 180.73it/s]
Batches:  89%|████████▉ | 2279/2547 [00:12<00:01, 184.37it/s]
Batches:  90%|█████████ | 2299/2547 [00:12<00:01, 187.38it/s]
Batches:  91%|█████████ | 2319/2547 [00:13<00:01, 189.08it/s]
Batches:  92%|█████████▏| 2339/2547 [00:13<00:01, 190.64it/s]
Batches:  93%|█████████▎| 2359/2547 [00:13<00:01, 187.68it/s]
Batches:  93%|█████████▎| 2378/2547 [00:13<00:00, 186.39it/s]
Batches:  94%|█████████▍| 2397/2547 [00:13<00:00, 179.32it/s]
Batches:  95%|█████████▍| 2415/2547 [00:13<00:00, 178.31it/s]
Batches:  96%|█████████▌| 2434/2547 [00:13<00:00, 179.86it/s]
Batches:  96%|█████████▋| 2453/2547 [00:13<00:00, 179.44it/s]
Batches:  97%|█████████▋| 2472/2547 [00:13<00:00, 181.00it/s]
Batches:  98%|█████████▊| 2492/2547 [00:13<00:00, 184.82it/s]
Batches:  99%|█████████▊| 2513/2547 [00:14<00:00, 189.82it/s]
Batches:  99%|█████████▉| 2534/2547 [00:14<00:00, 193.60it/s]
2026-04-03 19:49:10,372 INFO Pre-encoding 40752 metaqa [test] query-GT pairs...
Batches:   1%|▏         | 16/1274 [00:00<00:07, 159.34it/s]
Batches:   3%|▎         | 34/1274 [00:00<00:07, 170.35it/s]
Batches:   4%|▍         | 52/1274 [00:00<00:07, 166.67it/s]
Batches:   5%|▌         | 69/1274 [00:00<00:07, 164.92it/s]
Batches:   7%|▋         | 86/1274 [00:00<00:07, 162.03it/s]
Batches:   8%|▊         | 103/1274 [00:00<00:07, 162.14it/s]
Batches:   9%|▉         | 120/1274 [00:00<00:07, 159.91it/s]
Batches:  11%|█         | 137/1274 [00:00<00:07, 157.58it/s]
Batches:  12%|█▏        | 153/1274 [00:00<00:07, 157.00it/s]
Batches:  13%|█▎        | 171/1274 [00:01<00:06, 161.17it/s]
Batches:  15%|█▍        | 188/1274 [00:01<00:06, 162.11it/s]
Batches:  16%|█▌        | 205/1274 [00:01<00:06, 162.23it/s]
Batches:  17%|█▋        | 222/1274 [00:01<00:06, 161.20it/s]
Batches:  19%|█▉        | 239/1274 [00:01<00:06, 163.49it/s]
Batches:  20%|██        | 256/1274 [00:01<00:06, 163.03it/s]
Batches:  21%|██▏       | 273/1274 [00:01<00:06, 161.92it/s]
Batches:  23%|██▎       | 290/1274 [00:01<00:05, 164.05it/s]
Batches:  24%|██▍       | 307/1274 [00:01<00:05, 165.76it/s]
Batches:  25%|██▌       | 324/1274 [00:01<00:05, 166.33it/s]
Batches:  27%|██▋       | 342/1274 [00:02<00:05, 168.26it/s]
Batches:  28%|██▊       | 360/1274 [00:02<00:05, 170.86it/s]
Batches:  30%|██▉       | 379/1274 [00:02<00:05, 174.96it/s]
Batches:  31%|███       | 398/1274 [00:02<00:04, 176.45it/s]
Batches:  33%|███▎      | 416/1274 [00:02<00:04, 177.16it/s]
Batches:  34%|███▍      | 434/1274 [00:02<00:04, 174.37it/s]
Batches:  35%|███▌      | 452/1274 [00:02<00:04, 174.21it/s]
Batches:  37%|███▋      | 470/1274 [00:02<00:04, 174.52it/s]
Batches:  38%|███▊      | 488/1274 [00:02<00:04, 174.21it/s]
Batches:  40%|███▉      | 507/1274 [00:03<00:04, 176.86it/s]
Batches:  41%|████      | 525/1274 [00:03<00:04, 176.34it/s]
Batches:  43%|████▎     | 544/1274 [00:03<00:04, 178.09it/s]
Batches:  44%|████▍     | 562/1274 [00:03<00:04, 176.85it/s]
Batches:  46%|████▌     | 581/1274 [00:03<00:03, 179.38it/s]
Batches:  47%|████▋     | 600/1274 [00:03<00:03, 181.82it/s]
Batches:  49%|████▊     | 619/1274 [00:03<00:03, 182.56it/s]
Batches:  50%|█████     | 638/1274 [00:03<00:03, 176.45it/s]
Batches:  52%|█████▏    | 658/1274 [00:03<00:03, 181.57it/s]
Batches:  53%|█████▎    | 677/1274 [00:03<00:03, 180.36it/s]
Batches:  55%|█████▍    | 697/1274 [00:04<00:03, 183.53it/s]
Batches:  56%|█████▌    | 716/1274 [00:04<00:03, 180.41it/s]
Batches:  58%|█████▊    | 736/1274 [00:04<00:02, 183.20it/s]
Batches:  59%|█████▉    | 756/1274 [00:04<00:02, 186.09it/s]
Batches:  61%|██████    | 775/1274 [00:04<00:02, 180.23it/s]
Batches:  62%|██████▏   | 794/1274 [00:04<00:02, 179.83it/s]
Batches:  64%|██████▍   | 813/1274 [00:04<00:02, 178.54it/s]
Batches:  65%|██████▌   | 831/1274 [00:04<00:02, 178.21it/s]
Batches:  67%|██████▋   | 851/1274 [00:04<00:02, 182.59it/s]
Batches:  68%|██████▊   | 872/1274 [00:05<00:02, 188.78it/s]
Batches:  70%|███████   | 893/1274 [00:05<00:01, 193.83it/s]
Batches:  72%|███████▏  | 913/1274 [00:05<00:01, 193.78it/s]
Batches:  73%|███████▎  | 933/1274 [00:05<00:01, 191.57it/s]
Batches:  75%|███████▍  | 954/1274 [00:05<00:01, 195.10it/s]
Batches:  76%|███████▋  | 974/1274 [00:05<00:01, 194.65it/s]
Batches:  78%|███████▊  | 994/1274 [00:05<00:01, 193.53it/s]
Batches:  80%|███████▉  | 1014/1274 [00:05<00:01, 190.25it/s]
Batches:  81%|████████  | 1034/1274 [00:05<00:01, 188.80it/s]
Batches:  83%|████████▎ | 1053/1274 [00:05<00:01, 186.46it/s]
Batches:  84%|████████▍ | 1072/1274 [00:06<00:01, 185.12it/s]
Batches:  86%|████████▌ | 1091/1274 [00:06<00:00, 184.20it/s]
Batches:  87%|████████▋ | 1111/1274 [00:06<00:00, 187.37it/s]
Batches:  89%|████████▊ | 1130/1274 [00:06<00:00, 188.09it/s]
Batches:  90%|█████████ | 1150/1274 [00:06<00:00, 189.53it/s]
Batches:  92%|█████████▏| 1169/1274 [00:06<00:00, 185.12it/s]
Batches:  93%|█████████▎| 1189/1274 [00:06<00:00, 188.28it/s]
Batches:  95%|█████████▍| 1210/1274 [00:06<00:00, 194.05it/s]
Batches:  97%|█████████▋| 1230/1274 [00:06<00:00, 194.58it/s]
Batches:  98%|█████████▊| 1251/1274 [00:07<00:00, 196.89it/s]
Training MLP (info_nce_multi):   0%|          | 0/100 [00:00<?, ?it/s]
Training MLP (info_nce_multi):   0%|          | 0/100 [00:36<?, ?it/s, TrL=2.1958, VaL=2.1227, TeL=2.1260 ★=best]
Training MLP (info_nce_multi):   1%|          | 1/100 [00:36<1:00:56, 36.93s/it, TrL=2.1958, VaL=2.1227, TeL=2.1260 ★=best]
Training MLP (info_nce_multi):   1%|          | 1/100 [01:14<1:00:56, 36.93s/it, TrL=2.1123, VaL=2.0845, TeL=2.0866 ★=best]
Training MLP (info_nce_multi):   2%|▏         | 2/100 [01:14<1:00:29, 37.04s/it, TrL=2.1123, VaL=2.0845, TeL=2.0866 ★=best]
Training MLP (info_nce_multi):   2%|▏         | 2/100 [01:49<1:00:29, 37.04s/it, TrL=2.0712, VaL=2.0559, TeL=2.0581 ★=best]
Training MLP (info_nce_multi):   3%|▎         | 3/100 [01:49<58:59, 36.49s/it, TrL=2.0712, VaL=2.0559, TeL=2.0581 ★=best]
Training MLP (info_nce_multi):   3%|▎         | 3/100 [02:26<58:59, 36.49s/it, TrL=2.0354, VaL=2.0301, TeL=2.0308 ★=best]
Training MLP (info_nce_multi):   4%|▍         | 4/100 [02:26<58:17, 36.43s/it, TrL=2.0354, VaL=2.0301, TeL=2.0308 ★=best]
Training MLP (info_nce_multi):   4%|▍         | 4/100 [03:03<58:17, 36.43s/it, TrL=2.0060, VaL=2.0044, TeL=2.0031 ★=best]
Training MLP (info_nce_multi):   5%|▌         | 5/100 [03:03<58:07, 36.71s/it, TrL=2.0060, VaL=2.0044, TeL=2.0031 ★=best]
Training MLP (info_nce_multi):   5%|▌         | 5/100 [03:40<58:07, 36.71s/it, TrL=1.9804, VaL=1.9849, TeL=1.9854 ★=best]
Training MLP (info_nce_multi):   6%|▌         | 6/100 [03:40<57:27, 36.68s/it, TrL=1.9804, VaL=1.9849, TeL=1.9854 ★=best]
Training MLP (info_nce_multi):   6%|▌         | 6/100 [04:15<57:27, 36.68s/it, TrL=1.9570, VaL=1.9706, TeL=1.9708 ★=best]
Training MLP (info_nce_multi):   7%|▋         | 7/100 [04:15<56:16, 36.30s/it, TrL=1.9570, VaL=1.9706, TeL=1.9708 ★=best]
Training MLP (info_nce_multi):   7%|▋         | 7/100 [04:51<56:16, 36.30s/it, TrL=1.9391, VaL=1.9569, TeL=1.9552 ★=best]
Training MLP (info_nce_multi):   8%|▊         | 8/100 [04:51<55:36, 36.27s/it, TrL=1.9391, VaL=1.9569, TeL=1.9552 ★=best]
Training MLP (info_nce_multi):   8%|▊         | 8/100 [05:27<55:36, 36.27s/it, TrL=1.9211, VaL=1.9423, TeL=1.9443 ★=best]
Training MLP (info_nce_multi):   9%|▉         | 9/100 [05:27<54:43, 36.09s/it, TrL=1.9211, VaL=1.9423, TeL=1.9443 ★=best]
Training MLP (info_nce_multi):   9%|▉         | 9/100 [06:03<54:43, 36.09s/it, TrL=1.9062, VaL=1.9295, TeL=1.9314 ★=best]
Training MLP (info_nce_multi):  10%|█         | 10/100 [06:03<54:01, 36.01s/it, TrL=1.9062, VaL=1.9295, TeL=1.9314 ★=best]
Training MLP (info_nce_multi):  10%|█         | 10/100 [06:38<54:01, 36.01s/it, TrL=1.8937, VaL=1.9202, TeL=1.9226 ★=best]
Training MLP (info_nce_multi):  11%|█         | 11/100 [06:38<53:13, 35.88s/it, TrL=1.8937, VaL=1.9202, TeL=1.9226 ★=best]
Training MLP (info_nce_multi):  11%|█         | 11/100 [07:14<53:13, 35.88s/it, TrL=1.8817, VaL=1.9105, TeL=1.9118 ★=best]
Training MLP (info_nce_multi):  12%|█▏        | 12/100 [07:14<52:30, 35.81s/it, TrL=1.8817, VaL=1.9105, TeL=1.9118 ★=best]
Training MLP (info_nce_multi):  12%|█▏        | 12/100 [07:50<52:30, 35.81s/it, TrL=1.8704, VaL=1.9060, TeL=1.9081 ★=best]
Training MLP (info_nce_multi):  13%|█▎        | 13/100 [07:50<52:06, 35.94s/it, TrL=1.8704, VaL=1.9060, TeL=1.9081 ★=best]
Training MLP (info_nce_multi):  13%|█▎        | 13/100 [08:26<52:06, 35.94s/it, TrL=1.8619, VaL=1.8957, TeL=1.8992 ★=best]
Training MLP (info_nce_multi):  14%|█▍        | 14/100 [08:26<51:27, 35.90s/it, TrL=1.8619, VaL=1.8957, TeL=1.8992 ★=best]
Training MLP (info_nce_multi):  14%|█▍        | 14/100 [09:02<51:27, 35.90s/it, TrL=1.8529, VaL=1.8930, TeL=1.8939 ★=best]
Training MLP (info_nce_multi):  15%|█▌        | 15/100 [09:02<51:03, 36.04s/it, TrL=1.8529, VaL=1.8930, TeL=1.8939 ★=best]
Training MLP (info_nce_multi):  15%|█▌        | 15/100 [09:38<51:03, 36.04s/it, TrL=1.8463, VaL=1.8913, TeL=1.8914 ★=best]
Training MLP (info_nce_multi):  16%|█▌        | 16/100 [09:38<50:08, 35.82s/it, TrL=1.8463, VaL=1.8913, TeL=1.8914 ★=best]
Training MLP (info_nce_multi):  16%|█▌        | 16/100 [10:14<50:08, 35.82s/it, TrL=1.8383, VaL=1.8854, TeL=1.8857 ★=best]
Training MLP (info_nce_multi):  17%|█▋        | 17/100 [10:14<49:43, 35.95s/it, TrL=1.8383, VaL=1.8854, TeL=1.8857 ★=best]
Training MLP (info_nce_multi):  17%|█▋        | 17/100 [10:49<49:43, 35.95s/it, TrL=1.8315, VaL=1.8746, TeL=1.8769 ★=best]
Training MLP (info_nce_multi):  18%|█▊        | 18/100 [10:49<48:49, 35.73s/it, TrL=1.8315, VaL=1.8746, TeL=1.8769 ★=best]
Training MLP (info_nce_multi):  18%|█▊        | 18/100 [11:24<48:49, 35.73s/it, TrL=1.8253, VaL=1.8751, TeL=1.8777]
Training MLP (info_nce_multi):  19%|█▉        | 19/100 [11:24<47:58, 35.53s/it, TrL=1.8253, VaL=1.8751, TeL=1.8777]
Training MLP (info_nce_multi):  19%|█▉        | 19/100 [12:00<47:58, 35.53s/it, TrL=1.8208, VaL=1.8714, TeL=1.8731 ★=best]
Training MLP (info_nce_multi):  20%|██        | 20/100 [12:00<47:22, 35.53s/it, TrL=1.8208, VaL=1.8714, TeL=1.8731 ★=best]
Training MLP (info_nce_multi):  20%|██        | 20/100 [12:36<47:22, 35.53s/it, TrL=1.8138, VaL=1.8678, TeL=1.8705 ★=best]
Training MLP (info_nce_multi):  21%|██        | 21/100 [12:36<47:02, 35.73s/it, TrL=1.8138, VaL=1.8678, TeL=1.8705 ★=best]
Training MLP (info_nce_multi):  21%|██        | 21/100 [13:16<47:02, 35.73s/it, TrL=1.8091, VaL=1.8618, TeL=1.8642 ★=best]
Training MLP (info_nce_multi):  22%|██▏       | 22/100 [13:16<48:01, 36.94s/it, TrL=1.8091, VaL=1.8618, TeL=1.8642 ★=best]
Training MLP (info_nce_multi):  22%|██▏       | 22/100 [13:55<48:01, 36.94s/it, TrL=1.8047, VaL=1.8578, TeL=1.8626 ★=best]
Training MLP (info_nce_multi):  23%|██▎       | 23/100 [13:55<48:13, 37.58s/it, TrL=1.8047, VaL=1.8578, TeL=1.8626 ★=best]
Training MLP (info_nce_multi):  23%|██▎       | 23/100 [14:33<48:13, 37.58s/it, TrL=1.8005, VaL=1.8565, TeL=1.8601 ★=best]
Training MLP (info_nce_multi):  24%|██▍       | 24/100 [14:33<47:38, 37.61s/it, TrL=1.8005, VaL=1.8565, TeL=1.8601 ★=best]
Training MLP (info_nce_multi):  24%|██▍       | 24/100 [15:10<47:38, 37.61s/it, TrL=1.7963, VaL=1.8509, TeL=1.8550 ★=best]
Training MLP (info_nce_multi):  25%|██▌       | 25/100 [15:10<46:58, 37.58s/it, TrL=1.7963, VaL=1.8509, TeL=1.8550 ★=best]
Training MLP (info_nce_multi):  25%|██▌       | 25/100 [15:47<46:58, 37.58s/it, TrL=1.7937, VaL=1.8515, TeL=1.8551]
Training MLP (info_nce_multi):  26%|██▌       | 26/100 [15:47<45:57, 37.26s/it, TrL=1.7937, VaL=1.8515, TeL=1.8551]
Training MLP (info_nce_multi):  26%|██▌       | 26/100 [16:24<45:57, 37.26s/it, TrL=1.7896, VaL=1.8468, TeL=1.8510 ★=best]
Training MLP (info_nce_multi):  27%|██▋       | 27/100 [16:24<45:25, 37.33s/it, TrL=1.7896, VaL=1.8468, TeL=1.8510 ★=best]
Training MLP (info_nce_multi):  27%|██▋       | 27/100 [17:01<45:25, 37.33s/it, TrL=1.7858, VaL=1.8428, TeL=1.8465 ★=best]
Training MLP (info_nce_multi):  28%|██▊       | 28/100 [17:01<44:31, 37.10s/it, TrL=1.7858, VaL=1.8428, TeL=1.8465 ★=best]
Training MLP (info_nce_multi):  28%|██▊       | 28/100 [17:38<44:31, 37.10s/it, TrL=1.7820, VaL=1.8409, TeL=1.8439 ★=best]
Training MLP (info_nce_multi):  29%|██▉       | 29/100 [17:38<44:09, 37.32s/it, TrL=1.7820, VaL=1.8409, TeL=1.8439 ★=best]
Training MLP (info_nce_multi):  29%|██▉       | 29/100 [18:15<44:09, 37.32s/it, TrL=1.7773, VaL=1.8407, TeL=1.8430 ★=best]
Training MLP (info_nce_multi):  30%|███       | 30/100 [18:15<43:25, 37.22s/it, TrL=1.7773, VaL=1.8407, TeL=1.8430 ★=best]
Training MLP (info_nce_multi):  30%|███       | 30/100 [18:52<43:25, 37.22s/it, TrL=1.7745, VaL=1.8373, TeL=1.8407 ★=best]
Training MLP (info_nce_multi):  31%|███       | 31/100 [18:52<42:31, 36.97s/it, TrL=1.7745, VaL=1.8373, TeL=1.8407 ★=best]
Training MLP (info_nce_multi):  31%|███       | 31/100 [19:28<42:31, 36.97s/it, TrL=1.7714, VaL=1.8383, TeL=1.8413]
Training MLP (info_nce_multi):  32%|███▏      | 32/100 [19:28<41:41, 36.78s/it, TrL=1.7714, VaL=1.8383, TeL=1.8413]
Training MLP (info_nce_multi):  32%|███▏      | 32/100 [20:04<41:41, 36.78s/it, TrL=1.7686, VaL=1.8345, TeL=1.8377 ★=best]
Training MLP (info_nce_multi):  33%|███▎      | 33/100 [20:04<40:47, 36.53s/it, TrL=1.7686, VaL=1.8345, TeL=1.8377 ★=best]
Training MLP (info_nce_multi):  33%|███▎      | 33/100 [20:41<40:47, 36.53s/it, TrL=1.7668, VaL=1.8330, TeL=1.8363 ★=best]
Training MLP (info_nce_multi):  34%|███▍      | 34/100 [20:41<40:13, 36.57s/it, TrL=1.7668, VaL=1.8330, TeL=1.8363 ★=best]
Training MLP (info_nce_multi):  34%|███▍      | 34/100 [21:18<40:13, 36.57s/it, TrL=1.7655, VaL=1.8314, TeL=1.8344 ★=best]
Training MLP (info_nce_multi):  35%|███▌      | 35/100 [21:18<39:58, 36.90s/it, TrL=1.7655, VaL=1.8314, TeL=1.8344 ★=best]
Training MLP (info_nce_multi):  35%|███▌      | 35/100 [21:56<39:58, 36.90s/it, TrL=1.7598, VaL=1.8298, TeL=1.8312 ★=best]
Training MLP (info_nce_multi):  36%|███▌      | 36/100 [21:56<39:28, 37.00s/it, TrL=1.7598, VaL=1.8298, TeL=1.8312 ★=best]
Training MLP (info_nce_multi):  36%|███▌      | 36/100 [22:34<39:28, 37.00s/it, TrL=1.7591, VaL=1.8259, TeL=1.8319 ★=best]
Training MLP (info_nce_multi):  37%|███▋      | 37/100 [22:34<39:08, 37.27s/it, TrL=1.7591, VaL=1.8259, TeL=1.8319 ★=best]
Training MLP (info_nce_multi):  37%|███▋      | 37/100 [23:11<39:08, 37.27s/it, TrL=1.7566, VaL=1.8266, TeL=1.8305]
Training MLP (info_nce_multi):  38%|███▊      | 38/100 [23:11<38:35, 37.35s/it, TrL=1.7566, VaL=1.8266, TeL=1.8305]
Training MLP (info_nce_multi):  38%|███▊      | 38/100 [23:50<38:35, 37.35s/it, TrL=1.7539, VaL=1.8247, TeL=1.8292 ★=best]
Training MLP (info_nce_multi):  39%|███▉      | 39/100 [23:50<38:26, 37.81s/it, TrL=1.7539, VaL=1.8247, TeL=1.8292 ★=best]
Training MLP (info_nce_multi):  39%|███▉      | 39/100 [24:31<38:26, 37.81s/it, TrL=1.7517, VaL=1.8227, TeL=1.8264 ★=best]
Training MLP (info_nce_multi):  40%|████      | 40/100 [24:31<38:41, 38.70s/it, TrL=1.7517, VaL=1.8227, TeL=1.8264 ★=best]
Training MLP (info_nce_multi):  40%|████      | 40/100 [25:08<38:41, 38.70s/it, TrL=1.7496, VaL=1.8215, TeL=1.8249 ★=best]
Training MLP (info_nce_multi):  41%|████      | 41/100 [25:08<37:38, 38.28s/it, TrL=1.7496, VaL=1.8215, TeL=1.8249 ★=best]
Training MLP (info_nce_multi):  41%|████      | 41/100 [25:46<37:38, 38.28s/it, TrL=1.7461, VaL=1.8195, TeL=1.8238 ★=best]
Training MLP (info_nce_multi):  42%|████▏     | 42/100 [25:46<36:50, 38.11s/it, TrL=1.7461, VaL=1.8195, TeL=1.8238 ★=best]
Training MLP (info_nce_multi):  42%|████▏     | 42/100 [26:23<36:50, 38.11s/it, TrL=1.7452, VaL=1.8185, TeL=1.8218 ★=best]
Training MLP (info_nce_multi):  43%|████▎     | 43/100 [26:23<35:57, 37.86s/it, TrL=1.7452, VaL=1.8185, TeL=1.8218 ★=best]
Training MLP (info_nce_multi):  43%|████▎     | 43/100 [27:02<35:57, 37.86s/it, TrL=1.7436, VaL=1.8188, TeL=1.8243]
Training MLP (info_nce_multi):  44%|████▍     | 44/100 [27:02<35:45, 38.32s/it, TrL=1.7436, VaL=1.8188, TeL=1.8243]
Training MLP (info_nce_multi):  44%|████▍     | 44/100 [27:41<35:45, 38.32s/it, TrL=1.7415, VaL=1.8159, TeL=1.8181 ★=best]
Training MLP (info_nce_multi):  45%|████▌     | 45/100 [27:41<35:15, 38.46s/it, TrL=1.7415, VaL=1.8159, TeL=1.8181 ★=best]
Training MLP (info_nce_multi):  45%|████▌     | 45/100 [28:18<35:15, 38.46s/it, TrL=1.7391, VaL=1.8165, TeL=1.8190]
Training MLP (info_nce_multi):  46%|████▌     | 46/100 [28:18<34:04, 37.86s/it, TrL=1.7391, VaL=1.8165, TeL=1.8190]
Training MLP (info_nce_multi):  46%|████▌     | 46/100 [28:54<34:04, 37.86s/it, TrL=1.7373, VaL=1.8136, TeL=1.8156 ★=best]
Training MLP (info_nce_multi):  47%|████▋     | 47/100 [28:54<33:02, 37.41s/it, TrL=1.7373, VaL=1.8136, TeL=1.8156 ★=best]
Training MLP (info_nce_multi):  47%|████▋     | 47/100 [29:31<33:02, 37.41s/it, TrL=1.7357, VaL=1.8120, TeL=1.8151 ★=best]
Training MLP (info_nce_multi):  48%|████▊     | 48/100 [29:31<32:15, 37.22s/it, TrL=1.7357, VaL=1.8120, TeL=1.8151 ★=best]
Training MLP (info_nce_multi):  48%|████▊     | 48/100 [30:08<32:15, 37.22s/it, TrL=1.7324, VaL=1.8119, TeL=1.8145 ★=best]
Training MLP (info_nce_multi):  49%|████▉     | 49/100 [30:08<31:42, 37.30s/it, TrL=1.7324, VaL=1.8119, TeL=1.8145 ★=best]
Training MLP (info_nce_multi):  49%|████▉     | 49/100 [30:44<31:42, 37.30s/it, TrL=1.7319, VaL=1.8118, TeL=1.8138 ★=best]
Training MLP (info_nce_multi):  50%|█████     | 50/100 [30:44<30:41, 36.83s/it, TrL=1.7319, VaL=1.8118, TeL=1.8138 ★=best]
Training MLP (info_nce_multi):  50%|█████     | 50/100 [31:19<30:41, 36.83s/it, TrL=1.7292, VaL=1.8081, TeL=1.8132 ★=best]
Training MLP (info_nce_multi):  51%|█████     | 51/100 [31:19<29:41, 36.36s/it, TrL=1.7292, VaL=1.8081, TeL=1.8132 ★=best]
Training MLP (info_nce_multi):  51%|█████     | 51/100 [31:57<29:41, 36.36s/it, TrL=1.7285, VaL=1.8109, TeL=1.8146]
Training MLP (info_nce_multi):  52%|█████▏    | 52/100 [31:57<29:19, 36.66s/it, TrL=1.7285, VaL=1.8109, TeL=1.8146]
Training MLP (info_nce_multi):  52%|█████▏    | 52/100 [32:35<29:19, 36.66s/it, TrL=1.7254, VaL=1.8055, TeL=1.8086 ★=best]
Training MLP (info_nce_multi):  53%|█████▎    | 53/100 [32:35<29:12, 37.29s/it, TrL=1.7254, VaL=1.8055, TeL=1.8086 ★=best]
Training MLP (info_nce_multi):  53%|█████▎    | 53/100 [33:11<29:12, 37.29s/it, TrL=1.7261, VaL=1.8051, TeL=1.8095 ★=best]
Training MLP (info_nce_multi):  54%|█████▍    | 54/100 [33:11<28:15, 36.85s/it, TrL=1.7261, VaL=1.8051, TeL=1.8095 ★=best]
Training MLP (info_nce_multi):  54%|█████▍    | 54/100 [33:48<28:15, 36.85s/it, TrL=1.7256, VaL=1.8045, TeL=1.8058 ★=best]
Training MLP (info_nce_multi):  55%|█████▌    | 55/100 [33:48<27:43, 36.96s/it, TrL=1.7256, VaL=1.8045, TeL=1.8058 ★=best]
Training MLP (info_nce_multi):  55%|█████▌    | 55/100 [34:26<27:43, 36.96s/it, TrL=1.7231, VaL=1.8068, TeL=1.8090]
Training MLP (info_nce_multi):  56%|█████▌    | 56/100 [34:26<27:07, 36.99s/it, TrL=1.7231, VaL=1.8068, TeL=1.8090]
Training MLP (info_nce_multi):  56%|█████▌    | 56/100 [35:02<27:07, 36.99s/it, TrL=1.7214, VaL=1.8049, TeL=1.8093]
Training MLP (info_nce_multi):  57%|█████▋    | 57/100 [35:02<26:25, 36.88s/it, TrL=1.7214, VaL=1.8049, TeL=1.8093]
Training MLP (info_nce_multi):  57%|█████▋    | 57/100 [35:38<26:25, 36.88s/it, TrL=1.7196, VaL=1.8023, TeL=1.8069 ★=best]
Training MLP (info_nce_multi):  58%|█████▊    | 58/100 [35:38<25:30, 36.44s/it, TrL=1.7196, VaL=1.8023, TeL=1.8069 ★=best]
Training MLP (info_nce_multi):  58%|█████▊    | 58/100 [36:13<25:30, 36.44s/it, TrL=1.7195, VaL=1.8025, TeL=1.8041]
Training MLP (info_nce_multi):  59%|█████▉    | 59/100 [36:13<24:37, 36.03s/it, TrL=1.7195, VaL=1.8025, TeL=1.8041]
Training MLP (info_nce_multi):  59%|█████▉    | 59/100 [36:49<24:37, 36.03s/it, TrL=1.7162, VaL=1.8025, TeL=1.8047]
Training MLP (info_nce_multi):  60%|██████    | 60/100 [36:49<24:09, 36.24s/it, TrL=1.7162, VaL=1.8025, TeL=1.8047]
Training MLP (info_nce_multi):  60%|██████    | 60/100 [37:25<24:09, 36.24s/it, TrL=1.7152, VaL=1.8016, TeL=1.8044 ★=best]
Training MLP (info_nce_multi):  61%|██████    | 61/100 [37:25<23:28, 36.11s/it, TrL=1.7152, VaL=1.8016, TeL=1.8044 ★=best]
Training MLP (info_nce_multi):  61%|██████    | 61/100 [38:00<23:28, 36.11s/it, TrL=1.7143, VaL=1.8010, TeL=1.8030 ★=best]
Training MLP (info_nce_multi):  62%|██████▏   | 62/100 [38:00<22:38, 35.75s/it, TrL=1.7143, VaL=1.8010, TeL=1.8030 ★=best]
Training MLP (info_nce_multi):  62%|██████▏   | 62/100 [38:35<22:38, 35.75s/it, TrL=1.7139, VaL=1.7994, TeL=1.8013 ★=best]
Training MLP (info_nce_multi):  63%|██████▎   | 63/100 [38:35<21:52, 35.47s/it, TrL=1.7139, VaL=1.7994, TeL=1.8013 ★=best]
Training MLP (info_nce_multi):  63%|██████▎   | 63/100 [39:11<21:52, 35.47s/it, TrL=1.7114, VaL=1.7983, TeL=1.8017 ★=best]
Training MLP (info_nce_multi):  64%|██████▍   | 64/100 [39:11<21:26, 35.72s/it, TrL=1.7114, VaL=1.7983, TeL=1.8017 ★=best]
Training MLP (info_nce_multi):  64%|██████▍   | 64/100 [39:46<21:26, 35.72s/it, TrL=1.7103, VaL=1.7991, TeL=1.8011]
Training MLP (info_nce_multi):  65%|██████▌   | 65/100 [39:46<20:41, 35.46s/it, TrL=1.7103, VaL=1.7991, TeL=1.8011]
Training MLP (info_nce_multi):  65%|██████▌   | 65/100 [40:21<20:41, 35.46s/it, TrL=1.7088, VaL=1.7952, TeL=1.7996 ★=best]
Training MLP (info_nce_multi):  66%|██████▌   | 66/100 [40:21<19:58, 35.24s/it, TrL=1.7088, VaL=1.7952, TeL=1.7996 ★=best]
Training MLP (info_nce_multi):  66%|██████▌   | 66/100 [40:57<19:58, 35.24s/it, TrL=1.7079, VaL=1.7979, TeL=1.7996]
Training MLP (info_nce_multi):  67%|██████▋   | 67/100 [40:57<19:31, 35.51s/it, TrL=1.7079, VaL=1.7979, TeL=1.7996]
Training MLP (info_nce_multi):  67%|██████▋   | 67/100 [41:33<19:31, 35.51s/it, TrL=1.7062, VaL=1.7951, TeL=1.7988 ★=best]
Training MLP (info_nce_multi):  68%|██████▊   | 68/100 [41:33<18:59, 35.60s/it, TrL=1.7062, VaL=1.7951, TeL=1.7988 ★=best]
Training MLP (info_nce_multi):  68%|██████▊   | 68/100 [42:09<18:59, 35.60s/it, TrL=1.7057, VaL=1.7975, TeL=1.7981]
Training MLP (info_nce_multi):  69%|██████▉   | 69/100 [42:09<18:27, 35.72s/it, TrL=1.7057, VaL=1.7975, TeL=1.7981]
Training MLP (info_nce_multi):  69%|██████▉   | 69/100 [42:44<18:27, 35.72s/it, TrL=1.7042, VaL=1.7945, TeL=1.7969 ★=best]
Training MLP (info_nce_multi):  70%|███████   | 70/100 [42:44<17:47, 35.58s/it, TrL=1.7042, VaL=1.7945, TeL=1.7969 ★=best]
Training MLP (info_nce_multi):  70%|███████   | 70/100 [43:19<17:47, 35.58s/it, TrL=1.7033, VaL=1.7938, TeL=1.7962 ★=best]
Training MLP (info_nce_multi):  71%|███████   | 71/100 [43:19<17:06, 35.39s/it, TrL=1.7033, VaL=1.7938, TeL=1.7962 ★=best]
Training MLP (info_nce_multi):  71%|███████   | 71/100 [43:54<17:06, 35.39s/it, TrL=1.7017, VaL=1.7934, TeL=1.7927 ★=best]
Training MLP (info_nce_multi):  72%|███████▏  | 72/100 [43:54<16:29, 35.35s/it, TrL=1.7017, VaL=1.7934, TeL=1.7927 ★=best]
Training MLP (info_nce_multi):  72%|███████▏  | 72/100 [44:30<16:29, 35.35s/it, TrL=1.7020, VaL=1.7912, TeL=1.7935 ★=best]
Training MLP (info_nce_multi):  73%|███████▎  | 73/100 [44:30<15:55, 35.37s/it, TrL=1.7020, VaL=1.7912, TeL=1.7935 ★=best]
Training MLP (info_nce_multi):  73%|███████▎  | 73/100 [45:05<15:55, 35.37s/it, TrL=1.6998, VaL=1.7922, TeL=1.7938]
Training MLP (info_nce_multi):  74%|███████▍  | 74/100 [45:05<15:16, 35.24s/it, TrL=1.6998, VaL=1.7922, TeL=1.7938]
Training MLP (info_nce_multi):  74%|███████▍  | 74/100 [45:39<15:16, 35.24s/it, TrL=1.7001, VaL=1.7906, TeL=1.7927 ★=best]
Training MLP (info_nce_multi):  75%|███████▌  | 75/100 [45:39<14:38, 35.12s/it, TrL=1.7001, VaL=1.7906, TeL=1.7927 ★=best]
Training MLP (info_nce_multi):  75%|███████▌  | 75/100 [46:14<14:38, 35.12s/it, TrL=1.6975, VaL=1.7921, TeL=1.7928]
Training MLP (info_nce_multi):  76%|███████▌  | 76/100 [46:14<14:02, 35.11s/it, TrL=1.6975, VaL=1.7921, TeL=1.7928]
Training MLP (info_nce_multi):  76%|███████▌  | 76/100 [46:50<14:02, 35.11s/it, TrL=1.6969, VaL=1.7923, TeL=1.7936]
Training MLP (info_nce_multi):  77%|███████▋  | 77/100 [46:50<13:27, 35.11s/it, TrL=1.6969, VaL=1.7923, TeL=1.7936]
Training MLP (info_nce_multi):  77%|███████▋  | 77/100 [47:24<13:27, 35.11s/it, TrL=1.6956, VaL=1.7898, TeL=1.7923 ★=best]
Training MLP (info_nce_multi):  78%|███████▊  | 78/100 [47:24<12:50, 35.04s/it, TrL=1.6956, VaL=1.7898, TeL=1.7923 ★=best]
Training MLP (info_nce_multi):  78%|███████▊  | 78/100 [47:59<12:50, 35.04s/it, TrL=1.6963, VaL=1.7883, TeL=1.7906 ★=best]
Training MLP (info_nce_multi):  79%|███████▉  | 79/100 [47:59<12:13, 34.95s/it, TrL=1.6963, VaL=1.7883, TeL=1.7906 ★=best]
Training MLP (info_nce_multi):  79%|███████▉  | 79/100 [48:34<12:13, 34.95s/it, TrL=1.6941, VaL=1.7886, TeL=1.7907]
Training MLP (info_nce_multi):  80%|████████  | 80/100 [48:34<11:37, 34.88s/it, TrL=1.6941, VaL=1.7886, TeL=1.7907]
Training MLP (info_nce_multi):  80%|████████  | 80/100 [49:09<11:37, 34.88s/it, TrL=1.6941, VaL=1.7887, TeL=1.7883]
Training MLP (info_nce_multi):  81%|████████  | 81/100 [49:09<11:02, 34.85s/it, TrL=1.6941, VaL=1.7887, TeL=1.7883]
Training MLP (info_nce_multi):  81%|████████  | 81/100 [49:44<11:02, 34.85s/it, TrL=1.6929, VaL=1.7884, TeL=1.7892]
Training MLP (info_nce_multi):  82%|████████▏ | 82/100 [49:44<10:29, 34.97s/it, TrL=1.6929, VaL=1.7884, TeL=1.7892]
Training MLP (info_nce_multi):  82%|████████▏ | 82/100 [50:19<10:29, 34.97s/it, TrL=1.6910, VaL=1.7884, TeL=1.7912]
Training MLP (info_nce_multi):  83%|████████▎ | 83/100 [50:19<09:56, 35.09s/it, TrL=1.6910, VaL=1.7884, TeL=1.7912]
Training MLP (info_nce_multi):  83%|████████▎ | 83/100 [50:55<09:56, 35.09s/it, TrL=1.6906, VaL=1.7869, TeL=1.7877 ★=best]
Training MLP (info_nce_multi):  84%|████████▍ | 84/100 [50:55<09:22, 35.13s/it, TrL=1.6906, VaL=1.7869, TeL=1.7877 ★=best]
Training MLP (info_nce_multi):  84%|████████▍ | 84/100 [51:30<09:22, 35.13s/it, TrL=1.6898, VaL=1.7855, TeL=1.7876 ★=best]
Training MLP (info_nce_multi):  85%|████████▌ | 85/100 [51:30<08:46, 35.13s/it, TrL=1.6898, VaL=1.7855, TeL=1.7876 ★=best]
Training MLP (info_nce_multi):  85%|████████▌ | 85/100 [52:05<08:46, 35.13s/it, TrL=1.6893, VaL=1.7855, TeL=1.7877 ★=best]
Training MLP (info_nce_multi):  86%|████████▌ | 86/100 [52:05<08:12, 35.18s/it, TrL=1.6893, VaL=1.7855, TeL=1.7877 ★=best]
Training MLP (info_nce_multi):  86%|████████▌ | 86/100 [52:40<08:12, 35.18s/it, TrL=1.6869, VaL=1.7863, TeL=1.7884]
Training MLP (info_nce_multi):  87%|████████▋ | 87/100 [52:40<07:37, 35.21s/it, TrL=1.6869, VaL=1.7863, TeL=1.7884]
Training MLP (info_nce_multi):  87%|████████▋ | 87/100 [53:18<07:37, 35.21s/it, TrL=1.6875, VaL=1.7845, TeL=1.7868 ★=best]
Training MLP (info_nce_multi):  88%|████████▊ | 88/100 [53:18<07:10, 35.84s/it, TrL=1.6875, VaL=1.7845, TeL=1.7868 ★=best]
Training MLP (info_nce_multi):  88%|████████▊ | 88/100 [53:54<07:10, 35.84s/it, TrL=1.6848, VaL=1.7848, TeL=1.7858]
Training MLP (info_nce_multi):  89%|████████▉ | 89/100 [53:54<06:35, 35.98s/it, TrL=1.6848, VaL=1.7848, TeL=1.7858]
Training MLP (info_nce_multi):  89%|████████▉ | 89/100 [54:33<06:35, 35.98s/it, TrL=1.6834, VaL=1.7842, TeL=1.7863 ★=best]
Training MLP (info_nce_multi):  90%|█████████ | 90/100 [54:33<06:07, 36.78s/it, TrL=1.6834, VaL=1.7842, TeL=1.7863 ★=best]
Training MLP (info_nce_multi):  90%|█████████ | 90/100 [55:11<06:07, 36.78s/it, TrL=1.6852, VaL=1.7866, TeL=1.7863]
Training MLP (info_nce_multi):  91%|█████████ | 91/100 [55:11<05:36, 37.41s/it, TrL=1.6852, VaL=1.7866, TeL=1.7863]
Training MLP (info_nce_multi):  91%|█████████ | 91/100 [55:47<05:36, 37.41s/it, TrL=1.6839, VaL=1.7828, TeL=1.7850 ★=best]
Training MLP (info_nce_multi):  92%|█████████▏| 92/100 [55:47<04:55, 36.93s/it, TrL=1.6839, VaL=1.7828, TeL=1.7850 ★=best]
Training MLP (info_nce_multi):  92%|█████████▏| 92/100 [56:24<04:55, 36.93s/it, TrL=1.6824, VaL=1.7840, TeL=1.7860]
Training MLP (info_nce_multi):  93%|█████████▎| 93/100 [56:24<04:18, 36.93s/it, TrL=1.6824, VaL=1.7840, TeL=1.7860]
Training MLP (info_nce_multi):  93%|█████████▎| 93/100 [57:00<04:18, 36.93s/it, TrL=1.6821, VaL=1.7835, TeL=1.7866]
Training MLP (info_nce_multi):  94%|█████████▍| 94/100 [57:00<03:39, 36.53s/it, TrL=1.6821, VaL=1.7835, TeL=1.7866]
Training MLP (info_nce_multi):  94%|█████████▍| 94/100 [57:35<03:39, 36.53s/it, TrL=1.6810, VaL=1.7826, TeL=1.7861 ★=best]
Training MLP (info_nce_multi):  95%|█████████▌| 95/100 [57:35<03:00, 36.15s/it, TrL=1.6810, VaL=1.7826, TeL=1.7861 ★=best]
Training MLP (info_nce_multi):  95%|█████████▌| 95/100 [58:10<03:00, 36.15s/it, TrL=1.6802, VaL=1.7817, TeL=1.7838 ★=best]
Training MLP (info_nce_multi):  96%|█████████▌| 96/100 [58:10<02:23, 35.80s/it, TrL=1.6802, VaL=1.7817, TeL=1.7838 ★=best]
Training MLP (info_nce_multi):  96%|█████████▌| 96/100 [58:45<02:23, 35.80s/it, TrL=1.6801, VaL=1.7814, TeL=1.7853 ★=best]
Training MLP (info_nce_multi):  97%|█████████▋| 97/100 [58:45<01:46, 35.55s/it, TrL=1.6801, VaL=1.7814, TeL=1.7853 ★=best]
Training MLP (info_nce_multi):  97%|█████████▋| 97/100 [59:20<01:46, 35.55s/it, TrL=1.6788, VaL=1.7801, TeL=1.7854 ★=best]
Training MLP (info_nce_multi):  98%|█████████▊| 98/100 [59:20<01:10, 35.32s/it, TrL=1.6788, VaL=1.7801, TeL=1.7854 ★=best]
Training MLP (info_nce_multi):  98%|█████████▊| 98/100 [59:54<01:10, 35.32s/it, TrL=1.6786, VaL=1.7798, TeL=1.7820 ★=best]
Training MLP (info_nce_multi):  99%|█████████▉| 99/100 [59:54<00:35, 35.14s/it, TrL=1.6786, VaL=1.7798, TeL=1.7820 ★=best]
Training MLP (info_nce_multi):  99%|█████████▉| 99/100 [1:00:29<00:35, 35.14s/it, TrL=1.6770, VaL=1.7790, TeL=1.7830 ★=best]
Training MLP (info_nce_multi): 100%|██████████| 100/100 [1:00:29<00:00, 35.03s/it, TrL=1.6770, VaL=1.7790, TeL=1.7830 ★=best]
Training MLP (info_nce_multi): 100%|██████████| 100/100 [1:00:29<00:00, 36.30s/it, TrL=1.6770, VaL=1.7790, TeL=1.7830 ★=best]
2026-04-03 20:49:47,491 INFO Strict Checkpoint successfully mapped at: checkpoints/metaqa/losses_ablation/alignment_mlp_info_nce_multi.pth
2026-04-03 20:49:50,221 INFO --> Ensuring kl_div model is trained...
2026-04-03 20:49:50,222 INFO Model missing. Triggering training engine for kl_div...
2026-04-03 20:49:50,223 INFO Loading data for metaqa | Target Loss Engine: kl_div
Training MLP (kl_div):   0%|          | 0/100 [00:00<?, ?it/s]
Training MLP (kl_div):   0%|          | 0/100 [00:26<?, ?it/s, TrL=2.3140, VaL=2.2534, TeL=2.2559 ★=best]
Training MLP (kl_div):   1%|          | 1/100 [00:26<43:14, 26.20s/it, TrL=2.3140, VaL=2.2534, TeL=2.2559 ★=best]
Training MLP (kl_div):   1%|          | 1/100 [00:52<43:14, 26.20s/it, TrL=2.2464, VaL=2.2255, TeL=2.2280 ★=best]
Training MLP (kl_div):   2%|▏         | 2/100 [00:52<42:35, 26.07s/it, TrL=2.2464, VaL=2.2255, TeL=2.2280 ★=best]
Training MLP (kl_div):   2%|▏         | 2/100 [01:18<42:35, 26.07s/it, TrL=2.2163, VaL=2.2056, TeL=2.2094 ★=best]
Training MLP (kl_div):   3%|▎         | 3/100 [01:18<42:25, 26.24s/it, TrL=2.2163, VaL=2.2056, TeL=2.2094 ★=best]
Training MLP (kl_div):   3%|▎         | 3/100 [01:45<42:25, 26.24s/it, TrL=2.1920, VaL=2.1859, TeL=2.1884 ★=best]
Training MLP (kl_div):   4%|▍         | 4/100 [01:45<42:38, 26.65s/it, TrL=2.1920, VaL=2.1859, TeL=2.1884 ★=best]
Training MLP (kl_div):   4%|▍         | 4/100 [02:12<42:38, 26.65s/it, TrL=2.1711, VaL=2.1706, TeL=2.1737 ★=best]
Training MLP (kl_div):   5%|▌         | 5/100 [02:12<41:53, 26.46s/it, TrL=2.1711, VaL=2.1706, TeL=2.1737 ★=best]
Training MLP (kl_div):   5%|▌         | 5/100 [02:38<41:53, 26.46s/it, TrL=2.1524, VaL=2.1564, TeL=2.1589 ★=best]
Training MLP (kl_div):   6%|▌         | 6/100 [02:38<41:15, 26.34s/it, TrL=2.1524, VaL=2.1564, TeL=2.1589 ★=best]
Training MLP (kl_div):   6%|▌         | 6/100 [03:04<41:15, 26.34s/it, TrL=2.1379, VaL=2.1488, TeL=2.1490 ★=best]
Training MLP (kl_div):   7%|▋         | 7/100 [03:04<40:46, 26.31s/it, TrL=2.1379, VaL=2.1488, TeL=2.1490 ★=best]
Training MLP (kl_div):   7%|▋         | 7/100 [03:30<40:46, 26.31s/it, TrL=2.1243, VaL=2.1362, TeL=2.1379 ★=best]
Training MLP (kl_div):   8%|▊         | 8/100 [03:30<40:28, 26.40s/it, TrL=2.1243, VaL=2.1362, TeL=2.1379 ★=best]
Training MLP (kl_div):   8%|▊         | 8/100 [03:57<40:28, 26.40s/it, TrL=2.1126, VaL=2.1287, TeL=2.1315 ★=best]
Training MLP (kl_div):   9%|▉         | 9/100 [03:57<39:54, 26.31s/it, TrL=2.1126, VaL=2.1287, TeL=2.1315 ★=best]
Training MLP (kl_div):   9%|▉         | 9/100 [04:23<39:54, 26.31s/it, TrL=2.1016, VaL=2.1215, TeL=2.1252 ★=best]
Training MLP (kl_div):  10%|█         | 10/100 [04:23<39:18, 26.21s/it, TrL=2.1016, VaL=2.1215, TeL=2.1252 ★=best]
Training MLP (kl_div):  10%|█         | 10/100 [04:49<39:18, 26.21s/it, TrL=2.0933, VaL=2.1161, TeL=2.1169 ★=best]
Training MLP (kl_div):  11%|█         | 11/100 [04:49<39:08, 26.38s/it, TrL=2.0933, VaL=2.1161, TeL=2.1169 ★=best]
Training MLP (kl_div):  11%|█         | 11/100 [05:15<39:08, 26.38s/it, TrL=2.0843, VaL=2.1114, TeL=2.1123 ★=best]
Training MLP (kl_div):  12%|█▏        | 12/100 [05:15<38:33, 26.29s/it, TrL=2.0843, VaL=2.1114, TeL=2.1123 ★=best]
Training MLP (kl_div):  12%|█▏        | 12/100 [05:41<38:33, 26.29s/it, TrL=2.0769, VaL=2.1074, TeL=2.1080 ★=best]
Training MLP (kl_div):  13%|█▎        | 13/100 [05:41<38:01, 26.22s/it, TrL=2.0769, VaL=2.1074, TeL=2.1080 ★=best]
Training MLP (kl_div):  13%|█▎        | 13/100 [06:07<38:01, 26.22s/it, TrL=2.0699, VaL=2.1007, TeL=2.1004 ★=best]
Training MLP (kl_div):  14%|█▍        | 14/100 [06:07<37:27, 26.14s/it, TrL=2.0699, VaL=2.1007, TeL=2.1004 ★=best]
Training MLP (kl_div):  14%|█▍        | 14/100 [06:34<37:27, 26.14s/it, TrL=2.0640, VaL=2.0967, TeL=2.0971 ★=best]
Training MLP (kl_div):  15%|█▌        | 15/100 [06:34<37:11, 26.25s/it, TrL=2.0640, VaL=2.0967, TeL=2.0971 ★=best]
Training MLP (kl_div):  15%|█▌        | 15/100 [07:00<37:11, 26.25s/it, TrL=2.0592, VaL=2.0922, TeL=2.0930 ★=best]
Training MLP (kl_div):  16%|█▌        | 16/100 [07:00<36:49, 26.30s/it, TrL=2.0592, VaL=2.0922, TeL=2.0930 ★=best]
Training MLP (kl_div):  16%|█▌        | 16/100 [07:27<36:49, 26.30s/it, TrL=2.0531, VaL=2.0902, TeL=2.0912 ★=best]
Training MLP (kl_div):  17%|█▋        | 17/100 [07:27<36:20, 26.27s/it, TrL=2.0531, VaL=2.0902, TeL=2.0912 ★=best]
Training MLP (kl_div):  17%|█▋        | 17/100 [07:53<36:20, 26.27s/it, TrL=2.0482, VaL=2.0863, TeL=2.0865 ★=best]
Training MLP (kl_div):  18%|█▊        | 18/100 [07:53<35:52, 26.25s/it, TrL=2.0482, VaL=2.0863, TeL=2.0865 ★=best]
Training MLP (kl_div):  18%|█▊        | 18/100 [08:19<35:52, 26.25s/it, TrL=2.0435, VaL=2.0833, TeL=2.0841 ★=best]
Training MLP (kl_div):  19%|█▉        | 19/100 [08:19<35:31, 26.31s/it, TrL=2.0435, VaL=2.0833, TeL=2.0841 ★=best]
Training MLP (kl_div):  19%|█▉        | 19/100 [08:46<35:31, 26.31s/it, TrL=2.0384, VaL=2.0799, TeL=2.0803 ★=best]
Training MLP (kl_div):  20%|██        | 20/100 [08:46<35:05, 26.32s/it, TrL=2.0384, VaL=2.0799, TeL=2.0803 ★=best]
Training MLP (kl_div):  20%|██        | 20/100 [09:13<35:05, 26.32s/it, TrL=2.0345, VaL=2.0771, TeL=2.0764 ★=best]
Training MLP (kl_div):  21%|██        | 21/100 [09:13<35:17, 26.81s/it, TrL=2.0345, VaL=2.0771, TeL=2.0764 ★=best]
Training MLP (kl_div):  21%|██        | 21/100 [09:41<35:17, 26.81s/it, TrL=2.0320, VaL=2.0768, TeL=2.0765 ★=best]
Training MLP (kl_div):  22%|██▏       | 22/100 [09:41<34:59, 26.92s/it, TrL=2.0320, VaL=2.0768, TeL=2.0765 ★=best]
Training MLP (kl_div):  22%|██▏       | 22/100 [10:08<34:59, 26.92s/it, TrL=2.0271, VaL=2.0734, TeL=2.0718 ★=best]
Training MLP (kl_div):  23%|██▎       | 23/100 [10:08<34:45, 27.09s/it, TrL=2.0271, VaL=2.0734, TeL=2.0718 ★=best]
Training MLP (kl_div):  23%|██▎       | 23/100 [10:35<34:45, 27.09s/it, TrL=2.0243, VaL=2.0723, TeL=2.0715 ★=best]
Training MLP (kl_div):  24%|██▍       | 24/100 [10:35<34:02, 26.88s/it, TrL=2.0243, VaL=2.0723, TeL=2.0715 ★=best]
Training MLP (kl_div):  24%|██▍       | 24/100 [11:01<34:02, 26.88s/it, TrL=2.0210, VaL=2.0679, TeL=2.0692 ★=best]
Training MLP (kl_div):  25%|██▌       | 25/100 [11:01<33:22, 26.70s/it, TrL=2.0210, VaL=2.0679, TeL=2.0692 ★=best]
Training MLP (kl_div):  25%|██▌       | 25/100 [11:27<33:22, 26.70s/it, TrL=2.0158, VaL=2.0670, TeL=2.0671 ★=best]
Training MLP (kl_div):  26%|██▌       | 26/100 [11:27<32:47, 26.59s/it, TrL=2.0158, VaL=2.0670, TeL=2.0671 ★=best]
Training MLP (kl_div):  26%|██▌       | 26/100 [11:54<32:47, 26.59s/it, TrL=2.0134, VaL=2.0639, TeL=2.0658 ★=best]
Training MLP (kl_div):  27%|██▋       | 27/100 [11:54<32:23, 26.63s/it, TrL=2.0134, VaL=2.0639, TeL=2.0658 ★=best]
Training MLP (kl_div):  27%|██▋       | 27/100 [12:20<32:23, 26.63s/it, TrL=2.0123, VaL=2.0621, TeL=2.0639 ★=best]
Training MLP (kl_div):  28%|██▊       | 28/100 [12:20<31:45, 26.47s/it, TrL=2.0123, VaL=2.0621, TeL=2.0639 ★=best]
Training MLP (kl_div):  28%|██▊       | 28/100 [12:47<31:45, 26.47s/it, TrL=2.0087, VaL=2.0623, TeL=2.0630]
Training MLP (kl_div):  29%|██▉       | 29/100 [12:47<31:28, 26.60s/it, TrL=2.0087, VaL=2.0623, TeL=2.0630]
Training MLP (kl_div):  29%|██▉       | 29/100 [13:14<31:28, 26.60s/it, TrL=2.0069, VaL=2.0609, TeL=2.0613 ★=best]
Training MLP (kl_div):  30%|███       | 30/100 [13:14<31:04, 26.64s/it, TrL=2.0069, VaL=2.0609, TeL=2.0613 ★=best]
Training MLP (kl_div):  30%|███       | 30/100 [13:40<31:04, 26.64s/it, TrL=2.0034, VaL=2.0601, TeL=2.0607 ★=best]
Training MLP (kl_div):  31%|███       | 31/100 [13:40<30:27, 26.48s/it, TrL=2.0034, VaL=2.0601, TeL=2.0607 ★=best]
Training MLP (kl_div):  31%|███       | 31/100 [14:06<30:27, 26.48s/it, TrL=2.0017, VaL=2.0583, TeL=2.0575 ★=best]
Training MLP (kl_div):  32%|███▏      | 32/100 [14:06<30:03, 26.53s/it, TrL=2.0017, VaL=2.0583, TeL=2.0575 ★=best]
Training MLP (kl_div):  32%|███▏      | 32/100 [14:33<30:03, 26.53s/it, TrL=1.9999, VaL=2.0567, TeL=2.0579 ★=best]
Training MLP (kl_div):  33%|███▎      | 33/100 [14:33<29:43, 26.62s/it, TrL=1.9999, VaL=2.0567, TeL=2.0579 ★=best]
Training MLP (kl_div):  33%|███▎      | 33/100 [14:59<29:43, 26.62s/it, TrL=1.9983, VaL=2.0554, TeL=2.0558 ★=best]
Training MLP (kl_div):  34%|███▍      | 34/100 [14:59<29:09, 26.50s/it, TrL=1.9983, VaL=2.0554, TeL=2.0558 ★=best]
Training MLP (kl_div):  34%|███▍      | 34/100 [15:26<29:09, 26.50s/it, TrL=1.9949, VaL=2.0528, TeL=2.0529 ★=best]
Training MLP (kl_div):  35%|███▌      | 35/100 [15:26<28:35, 26.40s/it, TrL=1.9949, VaL=2.0528, TeL=2.0529 ★=best]
Training MLP (kl_div):  35%|███▌      | 35/100 [15:52<28:35, 26.40s/it, TrL=1.9934, VaL=2.0510, TeL=2.0511 ★=best]
Training MLP (kl_div):  36%|███▌      | 36/100 [15:52<28:08, 26.38s/it, TrL=1.9934, VaL=2.0510, TeL=2.0511 ★=best]
Training MLP (kl_div):  36%|███▌      | 36/100 [16:19<28:08, 26.38s/it, TrL=1.9908, VaL=2.0526, TeL=2.0520]
Training MLP (kl_div):  37%|███▋      | 37/100 [16:19<27:52, 26.54s/it, TrL=1.9908, VaL=2.0526, TeL=2.0520]
Training MLP (kl_div):  37%|███▋      | 37/100 [16:46<27:52, 26.54s/it, TrL=1.9904, VaL=2.0488, TeL=2.0496 ★=best]
Training MLP (kl_div):  38%|███▊      | 38/100 [16:46<27:43, 26.82s/it, TrL=1.9904, VaL=2.0488, TeL=2.0496 ★=best]
Training MLP (kl_div):  38%|███▊      | 38/100 [17:14<27:43, 26.82s/it, TrL=1.9876, VaL=2.0488, TeL=2.0474]
Training MLP (kl_div):  39%|███▉      | 39/100 [17:14<27:26, 26.99s/it, TrL=1.9876, VaL=2.0488, TeL=2.0474]
Training MLP (kl_div):  39%|███▉      | 39/100 [17:40<27:26, 26.99s/it, TrL=1.9853, VaL=2.0474, TeL=2.0470 ★=best]
Training MLP (kl_div):  40%|████      | 40/100 [17:40<26:47, 26.79s/it, TrL=1.9853, VaL=2.0474, TeL=2.0470 ★=best]
Training MLP (kl_div):  40%|████      | 40/100 [18:06<26:47, 26.79s/it, TrL=1.9834, VaL=2.0476, TeL=2.0465]
Training MLP (kl_div):  41%|████      | 41/100 [18:06<26:06, 26.55s/it, TrL=1.9834, VaL=2.0476, TeL=2.0465]
Training MLP (kl_div):  41%|████      | 41/100 [18:32<26:06, 26.55s/it, TrL=1.9822, VaL=2.0452, TeL=2.0449 ★=best]
Training MLP (kl_div):  42%|████▏     | 42/100 [18:32<25:28, 26.35s/it, TrL=1.9822, VaL=2.0452, TeL=2.0449 ★=best]
Training MLP (kl_div):  42%|████▏     | 42/100 [18:58<25:28, 26.35s/it, TrL=1.9816, VaL=2.0456, TeL=2.0448]
Training MLP (kl_div):  43%|████▎     | 43/100 [18:58<25:00, 26.33s/it, TrL=1.9816, VaL=2.0456, TeL=2.0448]
Training MLP (kl_div):  43%|████▎     | 43/100 [19:25<25:00, 26.33s/it, TrL=1.9794, VaL=2.0454, TeL=2.0456]
Training MLP (kl_div):  44%|████▍     | 44/100 [19:25<24:34, 26.33s/it, TrL=1.9794, VaL=2.0454, TeL=2.0456]
Training MLP (kl_div):  44%|████▍     | 44/100 [19:51<24:34, 26.33s/it, TrL=1.9779, VaL=2.0441, TeL=2.0444 ★=best]
Training MLP (kl_div):  45%|████▌     | 45/100 [19:51<24:07, 26.32s/it, TrL=1.9779, VaL=2.0441, TeL=2.0444 ★=best]
Training MLP (kl_div):  45%|████▌     | 45/100 [20:17<24:07, 26.32s/it, TrL=1.9765, VaL=2.0443, TeL=2.0435]
Training MLP (kl_div):  46%|████▌     | 46/100 [20:17<23:36, 26.24s/it, TrL=1.9765, VaL=2.0443, TeL=2.0435]
Training MLP (kl_div):  46%|████▌     | 46/100 [20:43<23:36, 26.24s/it, TrL=1.9753, VaL=2.0433, TeL=2.0423 ★=best]
Training MLP (kl_div):  47%|████▋     | 47/100 [20:43<23:07, 26.18s/it, TrL=1.9753, VaL=2.0433, TeL=2.0423 ★=best]
Training MLP (kl_div):  47%|████▋     | 47/100 [21:09<23:07, 26.18s/it, TrL=1.9738, VaL=2.0432, TeL=2.0432 ★=best]
Training MLP (kl_div):  48%|████▊     | 48/100 [21:09<22:38, 26.13s/it, TrL=1.9738, VaL=2.0432, TeL=2.0432 ★=best]
Training MLP (kl_div):  48%|████▊     | 48/100 [21:35<22:38, 26.13s/it, TrL=1.9737, VaL=2.0420, TeL=2.0420 ★=best]
Training MLP (kl_div):  49%|████▉     | 49/100 [21:35<22:12, 26.13s/it, TrL=1.9737, VaL=2.0420, TeL=2.0420 ★=best]
Training MLP (kl_div):  49%|████▉     | 49/100 [22:01<22:12, 26.13s/it, TrL=1.9703, VaL=2.0401, TeL=2.0402 ★=best]
Training MLP (kl_div):  50%|█████     | 50/100 [22:01<21:45, 26.10s/it, TrL=1.9703, VaL=2.0401, TeL=2.0402 ★=best]
Training MLP (kl_div):  50%|█████     | 50/100 [22:27<21:45, 26.10s/it, TrL=1.9698, VaL=2.0397, TeL=2.0403 ★=best]
Training MLP (kl_div):  51%|█████     | 51/100 [22:27<21:21, 26.16s/it, TrL=1.9698, VaL=2.0397, TeL=2.0403 ★=best]
Training MLP (kl_div):  51%|█████     | 51/100 [22:54<21:21, 26.16s/it, TrL=1.9680, VaL=2.0402, TeL=2.0413]
Training MLP (kl_div):  52%|█████▏    | 52/100 [22:54<21:08, 26.42s/it, TrL=1.9680, VaL=2.0402, TeL=2.0413]
Training MLP (kl_div):  52%|█████▏    | 52/100 [23:21<21:08, 26.42s/it, TrL=1.9662, VaL=2.0392, TeL=2.0386 ★=best]
Training MLP (kl_div):  53%|█████▎    | 53/100 [23:21<20:48, 26.57s/it, TrL=1.9662, VaL=2.0392, TeL=2.0386 ★=best]
Training MLP (kl_div):  53%|█████▎    | 53/100 [23:48<20:48, 26.57s/it, TrL=1.9658, VaL=2.0374, TeL=2.0372 ★=best]
Training MLP (kl_div):  54%|█████▍    | 54/100 [23:48<20:26, 26.66s/it, TrL=1.9658, VaL=2.0374, TeL=2.0372 ★=best]
Training MLP (kl_div):  54%|█████▍    | 54/100 [24:16<20:26, 26.66s/it, TrL=1.9641, VaL=2.0366, TeL=2.0369 ★=best]
Training MLP (kl_div):  55%|█████▌    | 55/100 [24:16<20:10, 26.90s/it, TrL=1.9641, VaL=2.0366, TeL=2.0369 ★=best]
Training MLP (kl_div):  55%|█████▌    | 55/100 [24:43<20:10, 26.90s/it, TrL=1.9637, VaL=2.0373, TeL=2.0368]
Training MLP (kl_div):  56%|█████▌    | 56/100 [24:43<19:53, 27.12s/it, TrL=1.9637, VaL=2.0373, TeL=2.0368]Training MLP (kl_div):  56%|█████▌    | 56/100 [25:11<19:53, 27.12s/it, TrL=1.9632, VaL=2.0377, TeL=2.0370]
Training MLP (kl_div):  57%|█████▋    | 57/100 [25:11<19:32, 27.26s/it, TrL=1.9632, VaL=2.0377, TeL=2.0370]
Training MLP (kl_div):  57%|█████▋    | 57/100 [25:39<19:32, 27.26s/it, TrL=1.9616, VaL=2.0362, TeL=2.0365 ★=best]
Training MLP (kl_div):  58%|█████▊    | 58/100 [25:39<19:10, 27.40s/it, TrL=1.9616, VaL=2.0362, TeL=2.0365 ★=best]
Training MLP (kl_div):  58%|█████▊    | 58/100 [26:07<19:10, 27.40s/it, TrL=1.9612, VaL=2.0351, TeL=2.0346 ★=best]
Training MLP (kl_div):  59%|█████▉    | 59/100 [26:07<18:52, 27.62s/it, TrL=1.9612, VaL=2.0351, TeL=2.0346 ★=best]
Training MLP (kl_div):  59%|█████▉    | 59/100 [26:34<18:52, 27.62s/it, TrL=1.9603, VaL=2.0344, TeL=2.0363 ★=best]
Training MLP (kl_div):  60%|██████    | 60/100 [26:34<18:24, 27.60s/it, TrL=1.9603, VaL=2.0344, TeL=2.0363 ★=best]
Training MLP (kl_div):  60%|██████    | 60/100 [27:03<18:24, 27.60s/it, TrL=1.9590, VaL=2.0357, TeL=2.0353]
Training MLP (kl_div):  61%|██████    | 61/100 [27:03<18:04, 27.80s/it, TrL=1.9590, VaL=2.0357, TeL=2.0353]
Training MLP (kl_div):  61%|██████    | 61/100 [27:31<18:04, 27.80s/it, TrL=1.9573, VaL=2.0331, TeL=2.0321 ★=best]
Training MLP (kl_div):  62%|██████▏   | 62/100 [27:31<17:45, 28.04s/it, TrL=1.9573, VaL=2.0331, TeL=2.0321 ★=best]
Training MLP (kl_div):  62%|██████▏   | 62/100 [28:00<17:45, 28.04s/it, TrL=1.9566, VaL=2.0340, TeL=2.0336]
Training MLP (kl_div):  63%|██████▎   | 63/100 [28:00<17:27, 28.30s/it, TrL=1.9566, VaL=2.0340, TeL=2.0336]
Training MLP (kl_div):  63%|██████▎   | 63/100 [28:28<17:27, 28.30s/it, TrL=1.9564, VaL=2.0335, TeL=2.0328]
Training MLP (kl_div):  64%|██████▍   | 64/100 [28:28<16:54, 28.19s/it, TrL=1.9564, VaL=2.0335, TeL=2.0328]
Training MLP (kl_div):  64%|██████▍   | 64/100 [28:56<16:54, 28.19s/it, TrL=1.9543, VaL=2.0334, TeL=2.0331]
Training MLP (kl_div):  65%|██████▌   | 65/100 [28:56<16:27, 28.22s/it, TrL=1.9543, VaL=2.0334, TeL=2.0331]
Training MLP (kl_div):  65%|██████▌   | 65/100 [29:24<16:27, 28.22s/it, TrL=1.9525, VaL=2.0324, TeL=2.0335 ★=best]
Training MLP (kl_div):  66%|██████▌   | 66/100 [29:24<15:53, 28.03s/it, TrL=1.9525, VaL=2.0324, TeL=2.0335 ★=best]
Training MLP (kl_div):  66%|██████▌   | 66/100 [29:52<15:53, 28.03s/it, TrL=1.9533, VaL=2.0312, TeL=2.0312 ★=best]
Training MLP (kl_div):  67%|██████▋   | 67/100 [29:52<15:20, 27.90s/it, TrL=1.9533, VaL=2.0312, TeL=2.0312 ★=best]
Training MLP (kl_div):  67%|██████▋   | 67/100 [30:19<15:20, 27.90s/it, TrL=1.9524, VaL=2.0312, TeL=2.0322]
Training MLP (kl_div):  68%|██████▊   | 68/100 [30:19<14:53, 27.91s/it, TrL=1.9524, VaL=2.0312, TeL=2.0322]
Training MLP (kl_div):  68%|██████▊   | 68/100 [30:47<14:53, 27.91s/it, TrL=1.9514, VaL=2.0318, TeL=2.0324]
Training MLP (kl_div):  69%|██████▉   | 69/100 [30:47<14:23, 27.84s/it, TrL=1.9514, VaL=2.0318, TeL=2.0324]
Training MLP (kl_div):  69%|██████▉   | 69/100 [31:14<14:23, 27.84s/it, TrL=1.9499, VaL=2.0302, TeL=2.0296 ★=best]
Training MLP (kl_div):  70%|███████   | 70/100 [31:14<13:50, 27.70s/it, TrL=1.9499, VaL=2.0302, TeL=2.0296 ★=best]
Training MLP (kl_div):  70%|███████   | 70/100 [31:43<13:50, 27.70s/it, TrL=1.9494, VaL=2.0308, TeL=2.0299]
Training MLP (kl_div):  71%|███████   | 71/100 [31:43<13:27, 27.83s/it, TrL=1.9494, VaL=2.0308, TeL=2.0299]
Training MLP (kl_div):  71%|███████   | 71/100 [32:10<13:27, 27.83s/it, TrL=1.9496, VaL=2.0291, TeL=2.0292 ★=best]
Training MLP (kl_div):  72%|███████▏  | 72/100 [32:10<12:58, 27.82s/it, TrL=1.9496, VaL=2.0291, TeL=2.0292 ★=best]
Training MLP (kl_div):  72%|███████▏  | 72/100 [32:39<12:58, 27.82s/it, TrL=1.9472, VaL=2.0288, TeL=2.0284 ★=best]
Training MLP (kl_div):  73%|███████▎  | 73/100 [32:39<12:35, 28.00s/it, TrL=1.9472, VaL=2.0288, TeL=2.0284 ★=best]
Training MLP (kl_div):  73%|███████▎  | 73/100 [33:06<12:35, 28.00s/it, TrL=1.9469, VaL=2.0280, TeL=2.0286 ★=best]
Training MLP (kl_div):  74%|███████▍  | 74/100 [33:06<12:03, 27.82s/it, TrL=1.9469, VaL=2.0280, TeL=2.0286 ★=best]
Training MLP (kl_div):  74%|███████▍  | 74/100 [33:34<12:03, 27.82s/it, TrL=1.9463, VaL=2.0286, TeL=2.0282]
Training MLP (kl_div):  75%|███████▌  | 75/100 [33:34<11:34, 27.79s/it, TrL=1.9463, VaL=2.0286, TeL=2.0282]
Training MLP (kl_div):  75%|███████▌  | 75/100 [34:00<11:34, 27.79s/it, TrL=1.9450, VaL=2.0286, TeL=2.0297]
Training MLP (kl_div):  76%|███████▌  | 76/100 [34:00<10:58, 27.42s/it, TrL=1.9450, VaL=2.0286, TeL=2.0297]
Training MLP (kl_div):  76%|███████▌  | 76/100 [34:27<10:58, 27.42s/it, TrL=1.9443, VaL=2.0270, TeL=2.0293 ★=best]
Training MLP (kl_div):  77%|███████▋  | 77/100 [34:27<10:23, 27.12s/it, TrL=1.9443, VaL=2.0270, TeL=2.0293 ★=best]
Training MLP (kl_div):  77%|███████▋  | 77/100 [34:54<10:23, 27.12s/it, TrL=1.9439, VaL=2.0262, TeL=2.0272 ★=best]
Training MLP (kl_div):  78%|███████▊  | 78/100 [34:54<09:55, 27.06s/it, TrL=1.9439, VaL=2.0262, TeL=2.0272 ★=best]
Training MLP (kl_div):  78%|███████▊  | 78/100 [35:21<09:55, 27.06s/it, TrL=1.9438, VaL=2.0255, TeL=2.0271 ★=best]
Training MLP (kl_div):  79%|███████▉  | 79/100 [35:21<09:29, 27.11s/it, TrL=1.9438, VaL=2.0255, TeL=2.0271 ★=best]
Training MLP (kl_div):  79%|███████▉  | 79/100 [35:48<09:29, 27.11s/it, TrL=1.9429, VaL=2.0263, TeL=2.0284]
Training MLP (kl_div):  80%|████████  | 80/100 [35:48<08:59, 26.95s/it, TrL=1.9429, VaL=2.0263, TeL=2.0284]
Training MLP (kl_div):  80%|████████  | 80/100 [36:15<08:59, 26.95s/it, TrL=1.9417, VaL=2.0250, TeL=2.0261 ★=best]
Training MLP (kl_div):  81%|████████  | 81/100 [36:15<08:35, 27.15s/it, TrL=1.9417, VaL=2.0250, TeL=2.0261 ★=best]
Training MLP (kl_div):  81%|████████  | 81/100 [36:45<08:35, 27.15s/it, TrL=1.9423, VaL=2.0262, TeL=2.0277]
Training MLP (kl_div):  82%|████████▏ | 82/100 [36:45<08:20, 27.80s/it, TrL=1.9423, VaL=2.0262, TeL=2.0277]
Training MLP (kl_div):  82%|████████▏ | 82/100 [37:12<08:20, 27.80s/it, TrL=1.9401, VaL=2.0265, TeL=2.0266]
Training MLP (kl_div):  83%|████████▎ | 83/100 [37:12<07:52, 27.79s/it, TrL=1.9401, VaL=2.0265, TeL=2.0266]
Training MLP (kl_div):  83%|████████▎ | 83/100 [37:40<07:52, 27.79s/it, TrL=1.9400, VaL=2.0261, TeL=2.0280]
Training MLP (kl_div):  84%|████████▍ | 84/100 [37:40<07:25, 27.82s/it, TrL=1.9400, VaL=2.0261, TeL=2.0280]
Training MLP (kl_div):  84%|████████▍ | 84/100 [38:07<07:25, 27.82s/it, TrL=1.9401, VaL=2.0252, TeL=2.0260]
Training MLP (kl_div):  85%|████████▌ | 85/100 [38:07<06:51, 27.45s/it, TrL=1.9401, VaL=2.0252, TeL=2.0260]
Training MLP (kl_div):  85%|████████▌ | 85/100 [38:35<06:51, 27.45s/it, TrL=1.9386, VaL=2.0250, TeL=2.0253]
Training MLP (kl_div):  86%|████████▌ | 86/100 [38:35<06:25, 27.53s/it, TrL=1.9386, VaL=2.0250, TeL=2.0253]
Training MLP (kl_div):  86%|████████▌ | 86/100 [39:01<06:25, 27.53s/it, TrL=1.9381, VaL=2.0238, TeL=2.0236 ★=best]
Training MLP (kl_div):  87%|████████▋ | 87/100 [39:01<05:54, 27.28s/it, TrL=1.9381, VaL=2.0238, TeL=2.0236 ★=best]
Training MLP (kl_div):  87%|████████▋ | 87/100 [39:28<05:54, 27.28s/it, TrL=1.9377, VaL=2.0233, TeL=2.0252 ★=best]
Training MLP (kl_div):  88%|████████▊ | 88/100 [39:28<05:26, 27.18s/it, TrL=1.9377, VaL=2.0233, TeL=2.0252 ★=best]
Training MLP (kl_div):  88%|████████▊ | 88/100 [39:55<05:26, 27.18s/it, TrL=1.9360, VaL=2.0246, TeL=2.0251]
Training MLP (kl_div):  89%|████████▉ | 89/100 [39:55<04:57, 27.02s/it, TrL=1.9360, VaL=2.0246, TeL=2.0251]
Training MLP (kl_div):  89%|████████▉ | 89/100 [40:22<04:57, 27.02s/it, TrL=1.9356, VaL=2.0237, TeL=2.0244]
Training MLP (kl_div):  90%|█████████ | 90/100 [40:22<04:29, 26.93s/it, TrL=1.9356, VaL=2.0237, TeL=2.0244]
Training MLP (kl_div):  90%|█████████ | 90/100 [40:49<04:29, 26.93s/it, TrL=1.9342, VaL=2.0237, TeL=2.0229]
Training MLP (kl_div):  91%|█████████ | 91/100 [40:49<04:03, 27.03s/it, TrL=1.9342, VaL=2.0237, TeL=2.0229]
Training MLP (kl_div):  91%|█████████ | 91/100 [41:16<04:03, 27.03s/it, TrL=1.9345, VaL=2.0220, TeL=2.0234 ★=best]
Training MLP (kl_div):  92%|█████████▏| 92/100 [41:16<03:35, 26.93s/it, TrL=1.9345, VaL=2.0220, TeL=2.0234 ★=best]
Training MLP (kl_div):  92%|█████████▏| 92/100 [41:42<03:35, 26.93s/it, TrL=1.9336, VaL=2.0225, TeL=2.0230]
Training MLP (kl_div):  93%|█████████▎| 93/100 [41:42<03:07, 26.84s/it, TrL=1.9336, VaL=2.0225, TeL=2.0230]
Training MLP (kl_div):  93%|█████████▎| 93/100 [42:09<03:07, 26.84s/it, TrL=1.9328, VaL=2.0207, TeL=2.0219 ★=best]
Training MLP (kl_div):  94%|█████████▍| 94/100 [42:09<02:40, 26.73s/it, TrL=1.9328, VaL=2.0207, TeL=2.0219 ★=best]
Training MLP (kl_div):  94%|█████████▍| 94/100 [42:35<02:40, 26.73s/it, TrL=1.9321, VaL=2.0219, TeL=2.0217]
Training MLP (kl_div):  95%|█████████▌| 95/100 [42:35<02:13, 26.65s/it, TrL=1.9321, VaL=2.0219, TeL=2.0217]
Training MLP (kl_div):  95%|█████████▌| 95/100 [43:02<02:13, 26.65s/it, TrL=1.9313, VaL=2.0220, TeL=2.0232]
Training MLP (kl_div):  96%|█████████▌| 96/100 [43:02<01:46, 26.62s/it, TrL=1.9313, VaL=2.0220, TeL=2.0232]
Training MLP (kl_div):  96%|█████████▌| 96/100 [43:28<01:46, 26.62s/it, TrL=1.9322, VaL=2.0222, TeL=2.0242]
Training MLP (kl_div):  97%|█████████▋| 97/100 [43:28<01:19, 26.56s/it, TrL=1.9322, VaL=2.0222, TeL=2.0242]
Training MLP (kl_div):  97%|█████████▋| 97/100 [43:55<01:19, 26.56s/it, TrL=1.9315, VaL=2.0224, TeL=2.0221]
Training MLP (kl_div):  98%|█████████▊| 98/100 [43:55<00:53, 26.58s/it, TrL=1.9315, VaL=2.0224, TeL=2.0221]
Training MLP (kl_div):  98%|█████████▊| 98/100 [44:24<00:53, 26.58s/it, TrL=1.9296, VaL=2.0213, TeL=2.0219]
Training MLP (kl_div):  99%|█████████▉| 99/100 [44:24<00:27, 27.26s/it, TrL=1.9296, VaL=2.0213, TeL=2.0219]
Training MLP (kl_div):  99%|█████████▉| 99/100 [44:50<00:27, 27.26s/it, TrL=1.9299, VaL=2.0217, TeL=2.0235]
Training MLP (kl_div): 100%|██████████| 100/100 [44:50<00:00, 27.06s/it, TrL=1.9299, VaL=2.0217, TeL=2.0235]
Training MLP (kl_div): 100%|██████████| 100/100 [44:50<00:00, 26.91s/it, TrL=1.9299, VaL=2.0217, TeL=2.0235]
2026-04-03 21:34:50,004 INFO Strict Checkpoint successfully mapped at: checkpoints/metaqa/losses_ablation/alignment_mlp_kl_div.pth
2026-04-03 21:34:52,139 INFO --> Ensuring bce model is trained...
2026-04-03 21:34:52,141 INFO Model missing. Triggering training engine for bce...
2026-04-03 21:34:52,141 INFO Loading data for metaqa | Target Loss Engine: bce
Training MLP (bce):   0%|          | 0/100 [00:00<?, ?it/s]
Training MLP (bce):   0%|          | 0/100 [00:26<?, ?it/s, TrL=0.2752, VaL=0.2642, TeL=0.2648 ★=best]
Training MLP (bce):   1%|          | 1/100 [00:26<44:29, 26.97s/it, TrL=0.2752, VaL=0.2642, TeL=0.2648 ★=best]
Training MLP (bce):   1%|          | 1/100 [00:53<44:29, 26.97s/it, TrL=0.2635, VaL=0.2594, TeL=0.2601 ★=best]
Training MLP (bce):   2%|▏         | 2/100 [00:53<44:06, 27.01s/it, TrL=0.2635, VaL=0.2594, TeL=0.2601 ★=best]
Training MLP (bce):   2%|▏         | 2/100 [01:21<44:06, 27.01s/it, TrL=0.2597, VaL=0.2571, TeL=0.2579 ★=best]
Training MLP (bce):   3%|▎         | 3/100 [01:21<43:39, 27.01s/it, TrL=0.2597, VaL=0.2571, TeL=0.2579 ★=best]
Training MLP (bce):   3%|▎         | 3/100 [01:48<43:39, 27.01s/it, TrL=0.2571, VaL=0.2568, TeL=0.2576 ★=best]
Training MLP (bce):   4%|▍         | 4/100 [01:48<43:12, 27.01s/it, TrL=0.2571, VaL=0.2568, TeL=0.2576 ★=best]
Training MLP (bce):   4%|▍         | 4/100 [02:14<43:12, 27.01s/it, TrL=0.2550, VaL=0.2542, TeL=0.2553 ★=best]
Training MLP (bce):   5%|▌         | 5/100 [02:14<42:28, 26.83s/it, TrL=0.2550, VaL=0.2542, TeL=0.2553 ★=best]
Training MLP (bce):   5%|▌         | 5/100 [02:41<42:28, 26.83s/it, TrL=0.2533, VaL=0.2526, TeL=0.2537 ★=best]
Training MLP (bce):   6%|▌         | 6/100 [02:41<42:15, 26.97s/it, TrL=0.2533, VaL=0.2526, TeL=0.2537 ★=best]
Training MLP (bce):   6%|▌         | 6/100 [03:10<42:15, 26.97s/it, TrL=0.2520, VaL=0.2519, TeL=0.2530 ★=best]
Training MLP (bce):   7%|▋         | 7/100 [03:10<42:37, 27.51s/it, TrL=0.2520, VaL=0.2519, TeL=0.2530 ★=best]
Training MLP (bce):   7%|▋         | 7/100 [03:38<42:37, 27.51s/it, TrL=0.2507, VaL=0.2508, TeL=0.2518 ★=best]
Training MLP (bce):   8%|▊         | 8/100 [03:38<42:22, 27.64s/it, TrL=0.2507, VaL=0.2508, TeL=0.2518 ★=best]
Training MLP (bce):   8%|▊         | 8/100 [04:06<42:22, 27.64s/it, TrL=0.2496, VaL=0.2502, TeL=0.2513 ★=best]
Training MLP (bce):   9%|▉         | 9/100 [04:06<42:13, 27.84s/it, TrL=0.2496, VaL=0.2502, TeL=0.2513 ★=best]
Training MLP (bce):   9%|▉         | 9/100 [04:33<42:13, 27.84s/it, TrL=0.2486, VaL=0.2509, TeL=0.2520]
Training MLP (bce):  10%|█         | 10/100 [04:33<41:26, 27.63s/it, TrL=0.2486, VaL=0.2509, TeL=0.2520]
Training MLP (bce):  10%|█         | 10/100 [05:00<41:26, 27.63s/it, TrL=0.2478, VaL=0.2485, TeL=0.2497 ★=best]
Training MLP (bce):  11%|█         | 11/100 [05:00<40:41, 27.43s/it, TrL=0.2478, VaL=0.2485, TeL=0.2497 ★=best]
Training MLP (bce):  11%|█         | 11/100 [05:27<40:41, 27.43s/it, TrL=0.2469, VaL=0.2479, TeL=0.2490 ★=best]
Training MLP (bce):  12%|█▏        | 12/100 [05:27<39:48, 27.14s/it, TrL=0.2469, VaL=0.2479, TeL=0.2490 ★=best]
Training MLP (bce):  12%|█▏        | 12/100 [05:53<39:48, 27.14s/it, TrL=0.2462, VaL=0.2477, TeL=0.2487 ★=best]
Training MLP (bce):  13%|█▎        | 13/100 [05:53<39:11, 27.03s/it, TrL=0.2462, VaL=0.2477, TeL=0.2487 ★=best]
Training MLP (bce):  13%|█▎        | 13/100 [06:20<39:11, 27.03s/it, TrL=0.2457, VaL=0.2468, TeL=0.2481 ★=best]
Training MLP (bce):  14%|█▍        | 14/100 [06:20<38:42, 27.01s/it, TrL=0.2457, VaL=0.2468, TeL=0.2481 ★=best]
Training MLP (bce):  14%|█▍        | 14/100 [06:49<38:42, 27.01s/it, TrL=0.2451, VaL=0.2462, TeL=0.2476 ★=best]
Training MLP (bce):  15%|█▌        | 15/100 [06:49<38:58, 27.51s/it, TrL=0.2451, VaL=0.2462, TeL=0.2476 ★=best]
Training MLP (bce):  15%|█▌        | 15/100 [07:17<38:58, 27.51s/it, TrL=0.2446, VaL=0.2463, TeL=0.2477]
Training MLP (bce):  16%|█▌        | 16/100 [07:17<38:33, 27.54s/it, TrL=0.2446, VaL=0.2463, TeL=0.2477]
Training MLP (bce):  16%|█▌        | 16/100 [07:45<38:33, 27.54s/it, TrL=0.2440, VaL=0.2455, TeL=0.2469 ★=best]
Training MLP (bce):  17%|█▋        | 17/100 [07:45<38:25, 27.77s/it, TrL=0.2440, VaL=0.2455, TeL=0.2469 ★=best]
Training MLP (bce):  17%|█▋        | 17/100 [08:14<38:25, 27.77s/it, TrL=0.2435, VaL=0.2461, TeL=0.2473]
Training MLP (bce):  18%|█▊        | 18/100 [08:14<38:35, 28.24s/it, TrL=0.2435, VaL=0.2461, TeL=0.2473]
Training MLP (bce):  18%|█▊        | 18/100 [08:45<38:35, 28.24s/it, TrL=0.2429, VaL=0.2463, TeL=0.2473]
Training MLP (bce):  19%|█▉        | 19/100 [08:45<39:17, 29.11s/it, TrL=0.2429, VaL=0.2463, TeL=0.2473]
Training MLP (bce):  19%|█▉        | 19/100 [09:16<39:17, 29.11s/it, TrL=0.2426, VaL=0.2451, TeL=0.2463 ★=best]
Training MLP (bce):  20%|██        | 20/100 [09:16<39:12, 29.41s/it, TrL=0.2426, VaL=0.2451, TeL=0.2463 ★=best]Training MLP (bce):  20%|██        | 20/100 [09:47<39:12, 29.41s/it, TrL=0.2422, VaL=0.2452, TeL=0.2464]
Training MLP (bce):  21%|██        | 21/100 [09:47<39:22, 29.90s/it, TrL=0.2422, VaL=0.2452, TeL=0.2464]
Training MLP (bce):  21%|██        | 21/100 [10:17<39:22, 29.90s/it, TrL=0.2417, VaL=0.2443, TeL=0.2456 ★=best]
Training MLP (bce):  22%|██▏       | 22/100 [10:17<38:56, 29.96s/it, TrL=0.2417, VaL=0.2443, TeL=0.2456 ★=best]
Training MLP (bce):  22%|██▏       | 22/100 [10:46<38:56, 29.96s/it, TrL=0.2415, VaL=0.2440, TeL=0.2453 ★=best]
Training MLP (bce):  23%|██▎       | 23/100 [10:46<38:02, 29.65s/it, TrL=0.2415, VaL=0.2440, TeL=0.2453 ★=best]
Training MLP (bce):  23%|██▎       | 23/100 [11:15<38:02, 29.65s/it, TrL=0.2411, VaL=0.2438, TeL=0.2453 ★=best]
Training MLP (bce):  24%|██▍       | 24/100 [11:15<37:15, 29.41s/it, TrL=0.2411, VaL=0.2438, TeL=0.2453 ★=best]
Training MLP (bce):  24%|██▍       | 24/100 [11:45<37:15, 29.41s/it, TrL=0.2408, VaL=0.2432, TeL=0.2445 ★=best]
Training MLP (bce):  25%|██▌       | 25/100 [11:45<37:02, 29.63s/it, TrL=0.2408, VaL=0.2432, TeL=0.2445 ★=best]
Training MLP (bce):  25%|██▌       | 25/100 [12:14<37:02, 29.63s/it, TrL=0.2405, VaL=0.2438, TeL=0.2450]
Training MLP (bce):  26%|██▌       | 26/100 [12:14<36:32, 29.63s/it, TrL=0.2405, VaL=0.2438, TeL=0.2450]
Training MLP (bce):  26%|██▌       | 26/100 [12:44<36:32, 29.63s/it, TrL=0.2402, VaL=0.2426, TeL=0.2440 ★=best]
Training MLP (bce):  27%|██▋       | 27/100 [12:44<35:57, 29.56s/it, TrL=0.2402, VaL=0.2426, TeL=0.2440 ★=best]
Training MLP (bce):  27%|██▋       | 27/100 [13:12<35:57, 29.56s/it, TrL=0.2399, VaL=0.2434, TeL=0.2447]
Training MLP (bce):  28%|██▊       | 28/100 [13:12<35:03, 29.21s/it, TrL=0.2399, VaL=0.2434, TeL=0.2447]
Training MLP (bce):  28%|██▊       | 28/100 [13:41<35:03, 29.21s/it, TrL=0.2397, VaL=0.2423, TeL=0.2435 ★=best]
Training MLP (bce):  29%|██▉       | 29/100 [13:41<34:21, 29.03s/it, TrL=0.2397, VaL=0.2423, TeL=0.2435 ★=best]
Training MLP (bce):  29%|██▉       | 29/100 [14:10<34:21, 29.03s/it, TrL=0.2394, VaL=0.2424, TeL=0.2438]
Training MLP (bce):  30%|███       | 30/100 [14:10<33:53, 29.04s/it, TrL=0.2394, VaL=0.2424, TeL=0.2438]
Training MLP (bce):  30%|███       | 30/100 [14:38<33:53, 29.04s/it, TrL=0.2391, VaL=0.2417, TeL=0.2431 ★=best]
Training MLP (bce):  31%|███       | 31/100 [14:38<32:59, 28.68s/it, TrL=0.2391, VaL=0.2417, TeL=0.2431 ★=best]
Training MLP (bce):  31%|███       | 31/100 [15:05<32:59, 28.68s/it, TrL=0.2390, VaL=0.2424, TeL=0.2438]
Training MLP (bce):  32%|███▏      | 32/100 [15:05<32:12, 28.42s/it, TrL=0.2390, VaL=0.2424, TeL=0.2438]
Training MLP (bce):  32%|███▏      | 32/100 [15:36<32:12, 28.42s/it, TrL=0.2387, VaL=0.2418, TeL=0.2431]
Training MLP (bce):  33%|███▎      | 33/100 [15:36<32:21, 28.98s/it, TrL=0.2387, VaL=0.2418, TeL=0.2431]
Training MLP (bce):  33%|███▎      | 33/100 [16:05<32:21, 28.98s/it, TrL=0.2386, VaL=0.2414, TeL=0.2428 ★=best]
Training MLP (bce):  34%|███▍      | 34/100 [16:05<31:49, 28.94s/it, TrL=0.2386, VaL=0.2414, TeL=0.2428 ★=best]
Training MLP (bce):  34%|███▍      | 34/100 [16:33<31:49, 28.94s/it, TrL=0.2383, VaL=0.2417, TeL=0.2430]
Training MLP (bce):  35%|███▌      | 35/100 [16:33<31:19, 28.92s/it, TrL=0.2383, VaL=0.2417, TeL=0.2430]
Training MLP (bce):  35%|███▌      | 35/100 [17:01<31:19, 28.92s/it, TrL=0.2381, VaL=0.2412, TeL=0.2426 ★=best]
Training MLP (bce):  36%|███▌      | 36/100 [17:01<30:23, 28.49s/it, TrL=0.2381, VaL=0.2412, TeL=0.2426 ★=best]
Training MLP (bce):  36%|███▌      | 36/100 [17:28<30:23, 28.49s/it, TrL=0.2379, VaL=0.2411, TeL=0.2425 ★=best]
Training MLP (bce):  37%|███▋      | 37/100 [17:28<29:31, 28.11s/it, TrL=0.2379, VaL=0.2411, TeL=0.2425 ★=best]
Training MLP (bce):  37%|███▋      | 37/100 [17:55<29:31, 28.11s/it, TrL=0.2377, VaL=0.2411, TeL=0.2424 ★=best]
Training MLP (bce):  38%|███▊      | 38/100 [17:55<28:30, 27.59s/it, TrL=0.2377, VaL=0.2411, TeL=0.2424 ★=best]
Training MLP (bce):  38%|███▊      | 38/100 [18:22<28:30, 27.59s/it, TrL=0.2375, VaL=0.2407, TeL=0.2421 ★=best]
Training MLP (bce):  39%|███▉      | 39/100 [18:22<28:04, 27.62s/it, TrL=0.2375, VaL=0.2407, TeL=0.2421 ★=best]
Training MLP (bce):  39%|███▉      | 39/100 [18:49<28:04, 27.62s/it, TrL=0.2374, VaL=0.2406, TeL=0.2420 ★=best]
Training MLP (bce):  40%|████      | 40/100 [18:49<27:16, 27.27s/it, TrL=0.2374, VaL=0.2406, TeL=0.2420 ★=best]
Training MLP (bce):  40%|████      | 40/100 [19:16<27:16, 27.27s/it, TrL=0.2372, VaL=0.2411, TeL=0.2423]
Training MLP (bce):  41%|████      | 41/100 [19:16<26:53, 27.34s/it, TrL=0.2372, VaL=0.2411, TeL=0.2423]
Training MLP (bce):  41%|████      | 41/100 [19:43<26:53, 27.34s/it, TrL=0.2370, VaL=0.2403, TeL=0.2416 ★=best]
Training MLP (bce):  42%|████▏     | 42/100 [19:43<26:22, 27.29s/it, TrL=0.2370, VaL=0.2403, TeL=0.2416 ★=best]
Training MLP (bce):  42%|████▏     | 42/100 [20:10<26:22, 27.29s/it, TrL=0.2369, VaL=0.2413, TeL=0.2424]
Training MLP (bce):  43%|████▎     | 43/100 [20:10<25:50, 27.20s/it, TrL=0.2369, VaL=0.2413, TeL=0.2424]
Training MLP (bce):  43%|████▎     | 43/100 [20:38<25:50, 27.20s/it, TrL=0.2366, VaL=0.2403, TeL=0.2418]
Training MLP (bce):  44%|████▍     | 44/100 [20:38<25:33, 27.39s/it, TrL=0.2366, VaL=0.2403, TeL=0.2418]
Training MLP (bce):  44%|████▍     | 44/100 [21:06<25:33, 27.39s/it, TrL=0.2366, VaL=0.2404, TeL=0.2420]
Training MLP (bce):  45%|████▌     | 45/100 [21:06<25:14, 27.53s/it, TrL=0.2366, VaL=0.2404, TeL=0.2420]
Training MLP (bce):  45%|████▌     | 45/100 [21:34<25:14, 27.53s/it, TrL=0.2364, VaL=0.2406, TeL=0.2420]
Training MLP (bce):  46%|████▌     | 46/100 [21:34<24:46, 27.53s/it, TrL=0.2364, VaL=0.2406, TeL=0.2420]
Training MLP (bce):  46%|████▌     | 46/100 [22:00<24:46, 27.53s/it, TrL=0.2362, VaL=0.2400, TeL=0.2414 ★=best]
Training MLP (bce):  47%|████▋     | 47/100 [22:00<24:06, 27.30s/it, TrL=0.2362, VaL=0.2400, TeL=0.2414 ★=best]
Training MLP (bce):  47%|████▋     | 47/100 [22:28<24:06, 27.30s/it, TrL=0.2361, VaL=0.2398, TeL=0.2411 ★=best]
Training MLP (bce):  48%|████▊     | 48/100 [22:28<23:40, 27.31s/it, TrL=0.2361, VaL=0.2398, TeL=0.2411 ★=best]
Training MLP (bce):  48%|████▊     | 48/100 [22:55<23:40, 27.31s/it, TrL=0.2359, VaL=0.2398, TeL=0.2411]
Training MLP (bce):  49%|████▉     | 49/100 [22:55<23:07, 27.20s/it, TrL=0.2359, VaL=0.2398, TeL=0.2411]
Training MLP (bce):  49%|████▉     | 49/100 [23:22<23:07, 27.20s/it, TrL=0.2360, VaL=0.2394, TeL=0.2407 ★=best]
Training MLP (bce):  50%|█████     | 50/100 [23:22<22:46, 27.32s/it, TrL=0.2360, VaL=0.2394, TeL=0.2407 ★=best]
Training MLP (bce):  50%|█████     | 50/100 [23:50<22:46, 27.32s/it, TrL=0.2356, VaL=0.2399, TeL=0.2410]
Training MLP (bce):  51%|█████     | 51/100 [23:50<22:29, 27.54s/it, TrL=0.2356, VaL=0.2399, TeL=0.2410]
Training MLP (bce):  51%|█████     | 51/100 [24:17<22:29, 27.54s/it, TrL=0.2354, VaL=0.2397, TeL=0.2410]
Training MLP (bce):  52%|█████▏    | 52/100 [24:17<21:56, 27.42s/it, TrL=0.2354, VaL=0.2397, TeL=0.2410]
Training MLP (bce):  52%|█████▏    | 52/100 [24:44<21:56, 27.42s/it, TrL=0.2354, VaL=0.2392, TeL=0.2407 ★=best]
Training MLP (bce):  53%|█████▎    | 53/100 [24:44<21:22, 27.29s/it, TrL=0.2354, VaL=0.2392, TeL=0.2407 ★=best]
Training MLP (bce):  53%|█████▎    | 53/100 [25:11<21:22, 27.29s/it, TrL=0.2353, VaL=0.2400, TeL=0.2414]
Training MLP (bce):  54%|█████▍    | 54/100 [25:11<20:51, 27.20s/it, TrL=0.2353, VaL=0.2400, TeL=0.2414]
Training MLP (bce):  54%|█████▍    | 54/100 [25:39<20:51, 27.20s/it, TrL=0.2352, VaL=0.2396, TeL=0.2409]
Training MLP (bce):  55%|█████▌    | 55/100 [25:39<20:27, 27.28s/it, TrL=0.2352, VaL=0.2396, TeL=0.2409]
Training MLP (bce):  55%|█████▌    | 55/100 [26:07<20:27, 27.28s/it, TrL=0.2351, VaL=0.2395, TeL=0.2409]
Training MLP (bce):  56%|█████▌    | 56/100 [26:07<20:07, 27.44s/it, TrL=0.2351, VaL=0.2395, TeL=0.2409]
Training MLP (bce):  56%|█████▌    | 56/100 [26:35<20:07, 27.44s/it, TrL=0.2349, VaL=0.2395, TeL=0.2408]
Training MLP (bce):  57%|█████▋    | 57/100 [26:35<19:47, 27.62s/it, TrL=0.2349, VaL=0.2395, TeL=0.2408]
Training MLP (bce):  57%|█████▋    | 57/100 [27:01<19:47, 27.62s/it, TrL=0.2347, VaL=0.2386, TeL=0.2400 ★=best]
Training MLP (bce):  58%|█████▊    | 58/100 [27:01<19:04, 27.25s/it, TrL=0.2347, VaL=0.2386, TeL=0.2400 ★=best]
Training MLP (bce):  58%|█████▊    | 58/100 [27:28<19:04, 27.25s/it, TrL=0.2348, VaL=0.2389, TeL=0.2403]
Training MLP (bce):  59%|█████▉    | 59/100 [27:28<18:27, 27.01s/it, TrL=0.2348, VaL=0.2389, TeL=0.2403]
Training MLP (bce):  59%|█████▉    | 59/100 [27:54<18:27, 27.01s/it, TrL=0.2347, VaL=0.2397, TeL=0.2410]
Training MLP (bce):  60%|██████    | 60/100 [27:54<17:55, 26.89s/it, TrL=0.2347, VaL=0.2397, TeL=0.2410]
Training MLP (bce):  60%|██████    | 60/100 [28:22<17:55, 26.89s/it, TrL=0.2345, VaL=0.2391, TeL=0.2404]
Training MLP (bce):  61%|██████    | 61/100 [28:22<17:36, 27.10s/it, TrL=0.2345, VaL=0.2391, TeL=0.2404]
Training MLP (bce):  61%|██████    | 61/100 [28:48<17:36, 27.10s/it, TrL=0.2344, VaL=0.2391, TeL=0.2403]
Training MLP (bce):  62%|██████▏   | 62/100 [28:48<17:01, 26.88s/it, TrL=0.2344, VaL=0.2391, TeL=0.2403]
Training MLP (bce):  62%|██████▏   | 62/100 [29:15<17:01, 26.88s/it, TrL=0.2344, VaL=0.2384, TeL=0.2398 ★=best]
Training MLP (bce):  63%|██████▎   | 63/100 [29:15<16:31, 26.79s/it, TrL=0.2344, VaL=0.2384, TeL=0.2398 ★=best]
Training MLP (bce):  63%|██████▎   | 63/100 [29:41<16:31, 26.79s/it, TrL=0.2342, VaL=0.2385, TeL=0.2398]
Training MLP (bce):  64%|██████▍   | 64/100 [29:41<16:00, 26.67s/it, TrL=0.2342, VaL=0.2385, TeL=0.2398]
Training MLP (bce):  64%|██████▍   | 64/100 [30:08<16:00, 26.67s/it, TrL=0.2341, VaL=0.2387, TeL=0.2400]
Training MLP (bce):  65%|██████▌   | 65/100 [30:08<15:31, 26.61s/it, TrL=0.2341, VaL=0.2387, TeL=0.2400]
Training MLP (bce):  65%|██████▌   | 65/100 [30:34<15:31, 26.61s/it, TrL=0.2340, VaL=0.2387, TeL=0.2399]
Training MLP (bce):  66%|██████▌   | 66/100 [30:34<15:08, 26.72s/it, TrL=0.2340, VaL=0.2387, TeL=0.2399]
Training MLP (bce):  66%|██████▌   | 66/100 [31:02<15:08, 26.72s/it, TrL=0.2339, VaL=0.2394, TeL=0.2407]
Training MLP (bce):  67%|██████▋   | 67/100 [31:02<14:54, 27.09s/it, TrL=0.2339, VaL=0.2394, TeL=0.2407]
Training MLP (bce):  67%|██████▋   | 67/100 [31:29<14:54, 27.09s/it, TrL=0.2338, VaL=0.2382, TeL=0.2397 ★=best]
Training MLP (bce):  68%|██████▊   | 68/100 [31:29<14:25, 27.05s/it, TrL=0.2338, VaL=0.2382, TeL=0.2397 ★=best]
Training MLP (bce):  68%|██████▊   | 68/100 [31:56<14:25, 27.05s/it, TrL=0.2338, VaL=0.2389, TeL=0.2401]
Training MLP (bce):  69%|██████▉   | 69/100 [31:56<13:53, 26.89s/it, TrL=0.2338, VaL=0.2389, TeL=0.2401]
Training MLP (bce):  69%|██████▉   | 69/100 [32:24<13:53, 26.89s/it, TrL=0.2335, VaL=0.2390, TeL=0.2403]
Training MLP (bce):  70%|███████   | 70/100 [32:24<13:37, 27.23s/it, TrL=0.2335, VaL=0.2390, TeL=0.2403]
Training MLP (bce):  70%|███████   | 70/100 [32:53<13:37, 27.23s/it, TrL=0.2336, VaL=0.2392, TeL=0.2406]
Training MLP (bce):  71%|███████   | 71/100 [32:53<13:22, 27.66s/it, TrL=0.2336, VaL=0.2392, TeL=0.2406]
Training MLP (bce):  71%|███████   | 71/100 [33:21<13:22, 27.66s/it, TrL=0.2334, VaL=0.2387, TeL=0.2398]
Training MLP (bce):  72%|███████▏  | 72/100 [33:21<13:00, 27.87s/it, TrL=0.2334, VaL=0.2387, TeL=0.2398]
Training MLP (bce):  72%|███████▏  | 72/100 [33:48<13:00, 27.87s/it, TrL=0.2333, VaL=0.2386, TeL=0.2400]
Training MLP (bce):  73%|███████▎  | 73/100 [33:48<12:29, 27.75s/it, TrL=0.2333, VaL=0.2386, TeL=0.2400]
Training MLP (bce):  73%|███████▎  | 73/100 [34:18<12:29, 27.75s/it, TrL=0.2333, VaL=0.2389, TeL=0.2403]
Training MLP (bce):  74%|███████▍  | 74/100 [34:18<12:13, 28.21s/it, TrL=0.2333, VaL=0.2389, TeL=0.2403]
Training MLP (bce):  74%|███████▍  | 74/100 [34:48<12:13, 28.21s/it, TrL=0.2332, VaL=0.2381, TeL=0.2396 ★=best]
Training MLP (bce):  75%|███████▌  | 75/100 [34:48<11:58, 28.73s/it, TrL=0.2332, VaL=0.2381, TeL=0.2396 ★=best]
Training MLP (bce):  75%|███████▌  | 75/100 [35:15<11:58, 28.73s/it, TrL=0.2331, VaL=0.2378, TeL=0.2391 ★=best]
Training MLP (bce):  76%|███████▌  | 76/100 [35:15<11:22, 28.43s/it, TrL=0.2331, VaL=0.2378, TeL=0.2391 ★=best]
Training MLP (bce):  76%|███████▌  | 76/100 [35:42<11:22, 28.43s/it, TrL=0.2332, VaL=0.2378, TeL=0.2390 ★=best]
Training MLP (bce):  77%|███████▋  | 77/100 [35:42<10:44, 28.01s/it, TrL=0.2332, VaL=0.2378, TeL=0.2390 ★=best]
Training MLP (bce):  77%|███████▋  | 77/100 [36:09<10:44, 28.01s/it, TrL=0.2330, VaL=0.2376, TeL=0.2388 ★=best]
Training MLP (bce):  78%|███████▊  | 78/100 [36:09<10:08, 27.67s/it, TrL=0.2330, VaL=0.2376, TeL=0.2388 ★=best]
Training MLP (bce):  78%|███████▊  | 78/100 [36:37<10:08, 27.67s/it, TrL=0.2329, VaL=0.2376, TeL=0.2389 ★=best]
Training MLP (bce):  79%|███████▉  | 79/100 [36:37<09:40, 27.67s/it, TrL=0.2329, VaL=0.2376, TeL=0.2389 ★=best]
Training MLP (bce):  79%|███████▉  | 79/100 [37:04<09:40, 27.67s/it, TrL=0.2330, VaL=0.2376, TeL=0.2389 ★=best]
Training MLP (bce):  80%|████████  | 80/100 [37:04<09:09, 27.47s/it, TrL=0.2330, VaL=0.2376, TeL=0.2389 ★=best]
Training MLP (bce):  80%|████████  | 80/100 [37:31<09:09, 27.47s/it, TrL=0.2328, VaL=0.2376, TeL=0.2389]
Training MLP (bce):  81%|████████  | 81/100 [37:31<08:40, 27.39s/it, TrL=0.2328, VaL=0.2376, TeL=0.2389]
Training MLP (bce):  81%|████████  | 81/100 [37:59<08:40, 27.39s/it, TrL=0.2327, VaL=0.2375, TeL=0.2389 ★=best]
Training MLP (bce):  82%|████████▏ | 82/100 [37:59<08:13, 27.41s/it, TrL=0.2327, VaL=0.2375, TeL=0.2389 ★=best]
Training MLP (bce):  82%|████████▏ | 82/100 [38:26<08:13, 27.41s/it, TrL=0.2327, VaL=0.2378, TeL=0.2389]
Training MLP (bce):  83%|████████▎ | 83/100 [38:26<07:45, 27.39s/it, TrL=0.2327, VaL=0.2378, TeL=0.2389]
Training MLP (bce):  83%|████████▎ | 83/100 [38:53<07:45, 27.39s/it, TrL=0.2327, VaL=0.2383, TeL=0.2396]
Training MLP (bce):  84%|████████▍ | 84/100 [38:53<07:18, 27.39s/it, TrL=0.2327, VaL=0.2383, TeL=0.2396]
Training MLP (bce):  84%|████████▍ | 84/100 [39:20<07:18, 27.39s/it, TrL=0.2325, VaL=0.2372, TeL=0.2385 ★=best]
Training MLP (bce):  85%|████████▌ | 85/100 [39:20<06:49, 27.30s/it, TrL=0.2325, VaL=0.2372, TeL=0.2385 ★=best]
Training MLP (bce):  85%|████████▌ | 85/100 [39:49<06:49, 27.30s/it, TrL=0.2324, VaL=0.2374, TeL=0.2388]
Training MLP (bce):  86%|████████▌ | 86/100 [39:49<06:28, 27.72s/it, TrL=0.2324, VaL=0.2374, TeL=0.2388]
Training MLP (bce):  86%|████████▌ | 86/100 [40:18<06:28, 27.72s/it, TrL=0.2323, VaL=0.2371, TeL=0.2385 ★=best]
Training MLP (bce):  87%|████████▋ | 87/100 [40:18<06:05, 28.14s/it, TrL=0.2323, VaL=0.2371, TeL=0.2385 ★=best]
Training MLP (bce):  87%|████████▋ | 87/100 [40:47<06:05, 28.14s/it, TrL=0.2323, VaL=0.2377, TeL=0.2390]
Training MLP (bce):  88%|████████▊ | 88/100 [40:47<05:40, 28.39s/it, TrL=0.2323, VaL=0.2377, TeL=0.2390]
Training MLP (bce):  88%|████████▊ | 88/100 [41:16<05:40, 28.39s/it, TrL=0.2322, VaL=0.2369, TeL=0.2382 ★=best]
Training MLP (bce):  89%|████████▉ | 89/100 [41:16<05:12, 28.40s/it, TrL=0.2322, VaL=0.2369, TeL=0.2382 ★=best]
Training MLP (bce):  89%|████████▉ | 89/100 [41:43<05:12, 28.40s/it, TrL=0.2322, VaL=0.2373, TeL=0.2387]
Training MLP (bce):  90%|█████████ | 90/100 [41:43<04:42, 28.20s/it, TrL=0.2322, VaL=0.2373, TeL=0.2387]
Training MLP (bce):  90%|█████████ | 90/100 [42:10<04:42, 28.20s/it, TrL=0.2321, VaL=0.2383, TeL=0.2396]
Training MLP (bce):  91%|█████████ | 91/100 [42:10<04:10, 27.85s/it, TrL=0.2321, VaL=0.2383, TeL=0.2396]
Training MLP (bce):  91%|█████████ | 91/100 [42:37<04:10, 27.85s/it, TrL=0.2321, VaL=0.2373, TeL=0.2387]
Training MLP (bce):  92%|█████████▏| 92/100 [42:37<03:40, 27.55s/it, TrL=0.2321, VaL=0.2373, TeL=0.2387]
Training MLP (bce):  92%|█████████▏| 92/100 [43:04<03:40, 27.55s/it, TrL=0.2320, VaL=0.2370, TeL=0.2383]
Training MLP (bce):  93%|█████████▎| 93/100 [43:04<03:11, 27.33s/it, TrL=0.2320, VaL=0.2370, TeL=0.2383]
Training MLP (bce):  93%|█████████▎| 93/100 [43:31<03:11, 27.33s/it, TrL=0.2320, VaL=0.2377, TeL=0.2391]
Training MLP (bce):  94%|█████████▍| 94/100 [43:31<02:43, 27.26s/it, TrL=0.2320, VaL=0.2377, TeL=0.2391]
Training MLP (bce):  94%|█████████▍| 94/100 [43:59<02:43, 27.26s/it, TrL=0.2319, VaL=0.2377, TeL=0.2390]
Training MLP (bce):  95%|█████████▌| 95/100 [43:59<02:17, 27.40s/it, TrL=0.2319, VaL=0.2377, TeL=0.2390]
Training MLP (bce):  95%|█████████▌| 95/100 [44:26<02:17, 27.40s/it, TrL=0.2317, VaL=0.2380, TeL=0.2394]
Training MLP (bce):  96%|█████████▌| 96/100 [44:26<01:49, 27.32s/it, TrL=0.2317, VaL=0.2380, TeL=0.2394]
Training MLP (bce):  96%|█████████▌| 96/100 [44:53<01:49, 27.32s/it, TrL=0.2317, VaL=0.2376, TeL=0.2388]
Training MLP (bce):  97%|█████████▋| 97/100 [44:53<01:22, 27.35s/it, TrL=0.2317, VaL=0.2376, TeL=0.2388]
Training MLP (bce):  97%|█████████▋| 97/100 [45:22<01:22, 27.35s/it, TrL=0.2306, VaL=0.2367, TeL=0.2381 ★=best]
Training MLP (bce):  98%|█████████▊| 98/100 [45:22<00:55, 27.68s/it, TrL=0.2306, VaL=0.2367, TeL=0.2381 ★=best]
Training MLP (bce):  98%|█████████▊| 98/100 [45:50<00:55, 27.68s/it, TrL=0.2303, VaL=0.2362, TeL=0.2376 ★=best]
Training MLP (bce):  99%|█████████▉| 99/100 [45:50<00:27, 27.68s/it, TrL=0.2303, VaL=0.2362, TeL=0.2376 ★=best]
Training MLP (bce):  99%|█████████▉| 99/100 [46:17<00:27, 27.68s/it, TrL=0.2301, VaL=0.2368, TeL=0.2382]
Training MLP (bce): 100%|██████████| 100/100 [46:17<00:00, 27.49s/it, TrL=0.2301, VaL=0.2368, TeL=0.2382]
Training MLP (bce): 100%|██████████| 100/100 [46:17<00:00, 27.77s/it, TrL=0.2301, VaL=0.2368, TeL=0.2382]
2026-04-03 22:21:17,379 INFO Strict Checkpoint successfully mapped at: checkpoints/metaqa/losses_ablation/alignment_mlp_bce.pth
2026-04-03 22:21:19,705 INFO --> Loading Engine for Side-by-Side Evaluation...
2026-04-03 22:21:37,213 INFO Load pretrained SentenceTransformer: multi-qa-MiniLM-L6-cos-v1
2026-04-03 22:21:41,650 INFO Benchmark split (metaqa): 285259 train / 81502 val / 40752 test
Batches:   1%|          | 15/1274 [00:00<00:08, 146.65it/s]
Batches:   3%|▎         | 33/1274 [00:00<00:07, 162.96it/s]
Batches:   4%|▍         | 53/1274 [00:00<00:06, 175.69it/s]
Batches:   6%|▌         | 72/1274 [00:00<00:06, 178.29it/s]
Batches:   7%|▋         | 91/1274 [00:00<00:06, 181.03it/s]
Batches:   9%|▊         | 111/1274 [00:00<00:06, 187.05it/s]
Batches:  10%|█         | 131/1274 [00:00<00:06, 189.10it/s]
Batches:  12%|█▏        | 150/1274 [00:00<00:06, 186.13it/s]
Batches:  13%|█▎        | 171/1274 [00:00<00:05, 191.66it/s]
Batches:  15%|█▍        | 191/1274 [00:01<00:05, 191.24it/s]
Batches:  17%|█▋        | 211/1274 [00:01<00:05, 192.08it/s]
Batches:  18%|█▊        | 231/1274 [00:01<00:05, 194.01it/s]
Batches:  20%|█▉        | 252/1274 [00:01<00:05, 195.85it/s]
Batches:  21%|██▏       | 272/1274 [00:01<00:05, 196.12it/s]
Batches:  23%|██▎       | 292/1274 [00:01<00:05, 195.78it/s]
Batches:  25%|██▍       | 313/1274 [00:01<00:04, 197.61it/s]
Batches:  26%|██▌       | 334/1274 [00:01<00:04, 198.16it/s]
Batches:  28%|██▊       | 355/1274 [00:01<00:04, 201.35it/s]
Batches:  30%|██▉       | 376/1274 [00:01<00:04, 202.08it/s]
Batches:  31%|███       | 398/1274 [00:02<00:04, 204.23it/s]
Batches:  33%|███▎      | 419/1274 [00:02<00:04, 204.93it/s]
Batches:  35%|███▍      | 440/1274 [00:02<00:04, 205.18it/s]
Batches:  36%|███▌      | 461/1274 [00:02<00:04, 203.05it/s]
Batches:  38%|███▊      | 482/1274 [00:02<00:03, 198.70it/s]
Batches:  39%|███▉      | 502/1274 [00:02<00:03, 197.52it/s]
Batches:  41%|████      | 523/1274 [00:02<00:03, 198.77it/s]
Batches:  43%|████▎     | 544/1274 [00:02<00:03, 200.61it/s]
Batches:  44%|████▍     | 566/1274 [00:02<00:03, 204.09it/s]
Batches:  46%|████▌     | 588/1274 [00:03<00:03, 207.76it/s]
Batches:  48%|████▊     | 609/1274 [00:03<00:03, 208.25it/s]
Batches:  50%|████▉     | 631/1274 [00:03<00:03, 209.51it/s]
Batches:  51%|█████     | 652/1274 [00:03<00:03, 207.00it/s]
Batches:  53%|█████▎    | 673/1274 [00:03<00:02, 204.19it/s]
Batches:  55%|█████▍    | 695/1274 [00:03<00:02, 208.40it/s]
Batches:  56%|█████▋    | 718/1274 [00:03<00:02, 211.53it/s]
Batches:  58%|█████▊    | 740/1274 [00:03<00:02, 213.26it/s]
Batches:  60%|█████▉    | 762/1274 [00:03<00:02, 215.16it/s]
Batches:  62%|██████▏   | 785/1274 [00:03<00:02, 217.10it/s]
Batches:  63%|██████▎   | 808/1274 [00:04<00:02, 218.22it/s]
Batches:  65%|██████▌   | 830/1274 [00:04<00:02, 218.53it/s]
Batches:  67%|██████▋   | 853/1274 [00:04<00:01, 219.40it/s]
Batches:  69%|██████▊   | 875/1274 [00:04<00:01, 214.09it/s]
Batches:  70%|███████   | 897/1274 [00:04<00:01, 215.76it/s]
Batches:  72%|███████▏  | 919/1274 [00:04<00:01, 213.51it/s]
Batches:  74%|███████▍  | 941/1274 [00:04<00:01, 214.57it/s]
Batches:  76%|███████▌  | 963/1274 [00:04<00:01, 215.38it/s]
Batches:  77%|███████▋  | 985/1274 [00:04<00:01, 213.39it/s]
Batches:  79%|███████▉  | 1007/1274 [00:04<00:01, 209.05it/s]
Batches:  81%|████████  | 1028/1274 [00:05<00:01, 203.70it/s]
Batches:  82%|████████▏ | 1049/1274 [00:05<00:01, 197.69it/s]
Batches:  84%|████████▍ | 1069/1274 [00:05<00:01, 195.84it/s]
Batches:  86%|████████▌ | 1090/1274 [00:05<00:00, 199.42it/s]
Batches:  87%|████████▋ | 1110/1274 [00:05<00:00, 196.59it/s]
Batches:  89%|████████▊ | 1130/1274 [00:05<00:00, 195.30it/s]
Batches:  90%|█████████ | 1152/1274 [00:05<00:00, 202.26it/s]
Batches:  92%|█████████▏| 1175/1274 [00:05<00:00, 209.08it/s]
Batches:  94%|█████████▍| 1197/1274 [00:05<00:00, 210.36it/s]
Batches:  96%|█████████▌| 1219/1274 [00:06<00:00, 212.99it/s]
Batches:  97%|█████████▋| 1242/1274 [00:06<00:00, 217.62it/s]
Batches:  99%|█████████▉| 1265/1274 [00:06<00:00, 219.29it/s]
Benchmarking (mlp):   0%|          | 0/40752 [00:00<?, ?it/s]
Benchmarking (mlp):   1%|          | 289/40752 [00:00<00:14, 2886.25it/s]
Benchmarking (mlp):   1%|▏         | 596/40752 [00:00<00:13, 2992.67it/s]
Benchmarking (mlp):   2%|▏         | 901/40752 [00:00<00:13, 3017.58it/s]
Benchmarking (mlp):   3%|▎         | 1220/40752 [00:00<00:12, 3081.92it/s]
Benchmarking (mlp):   4%|▍         | 1542/40752 [00:00<00:12, 3128.80it/s]
Benchmarking (mlp):   5%|▍         | 1863/40752 [00:00<00:12, 3154.45it/s]
Benchmarking (mlp):   5%|▌         | 2179/40752 [00:00<00:12, 3136.70it/s]
Benchmarking (mlp):   6%|▌         | 2493/40752 [00:00<00:12, 3120.88it/s]
Benchmarking (mlp):   7%|▋         | 2806/40752 [00:00<00:12, 3111.08it/s]
Benchmarking (mlp):   8%|▊         | 3118/40752 [00:01<00:12, 3105.38it/s]
Benchmarking (mlp):   8%|▊         | 3429/40752 [00:01<00:12, 3089.28it/s]
Benchmarking (mlp):   9%|▉         | 3741/40752 [00:01<00:11, 3095.77it/s]
Benchmarking (mlp):  10%|▉         | 4051/40752 [00:01<00:11, 3096.99it/s]
Benchmarking (mlp):  11%|█         | 4361/40752 [00:01<00:11, 3083.11it/s]
Benchmarking (mlp):  11%|█▏        | 4670/40752 [00:01<00:11, 3084.62it/s]
Benchmarking (mlp):  12%|█▏        | 4979/40752 [00:01<00:11, 3051.39it/s]
Benchmarking (mlp):  13%|█▎        | 5295/40752 [00:01<00:11, 3083.29it/s]
Benchmarking (mlp):  14%|█▍        | 5618/40752 [00:01<00:11, 3124.85it/s]
Benchmarking (mlp):  15%|█▍        | 5937/40752 [00:01<00:11, 3141.47it/s]
Benchmarking (mlp):  15%|█▌        | 6252/40752 [00:02<00:11, 3132.42it/s]
Benchmarking (mlp):  16%|█▌        | 6572/40752 [00:02<00:10, 3150.77it/s]
Benchmarking (mlp):  17%|█▋        | 6888/40752 [00:02<00:10, 3132.57it/s]
Benchmarking (mlp):  18%|█▊        | 7202/40752 [00:02<00:10, 3100.25it/s]
Benchmarking (mlp):  18%|█▊        | 7513/40752 [00:02<00:10, 3080.54it/s]
Benchmarking (mlp):  19%|█▉        | 7822/40752 [00:02<00:10, 3069.42it/s]
Benchmarking (mlp):  20%|█▉        | 8135/40752 [00:02<00:10, 3085.71it/s]
Benchmarking (mlp):  21%|██        | 8450/40752 [00:02<00:10, 3104.70it/s]
Benchmarking (mlp):  22%|██▏       | 8767/40752 [00:02<00:10, 3123.82it/s]
Benchmarking (mlp):  22%|██▏       | 9084/40752 [00:02<00:10, 3134.83it/s]
Benchmarking (mlp):  23%|██▎       | 9398/40752 [00:03<00:10, 3134.43it/s]
Benchmarking (mlp):  24%|██▍       | 9712/40752 [00:03<00:09, 3135.25it/s]
Benchmarking (mlp):  25%|██▍       | 10026/40752 [00:03<00:09, 3130.38it/s]
Benchmarking (mlp):  25%|██▌       | 10342/40752 [00:03<00:09, 3137.16it/s]
Benchmarking (mlp):  26%|██▌       | 10656/40752 [00:03<00:09, 3111.85it/s]
Benchmarking (mlp):  27%|██▋       | 10968/40752 [00:03<00:09, 3094.23it/s]
Benchmarking (mlp):  28%|██▊       | 11278/40752 [00:03<00:09, 3086.72it/s]
Benchmarking (mlp):  28%|██▊       | 11587/40752 [00:03<00:09, 3084.12it/s]
Benchmarking (mlp):  29%|██▉       | 11896/40752 [00:03<00:09, 3085.05it/s]
Benchmarking (mlp):  30%|██▉       | 12215/40752 [00:03<00:09, 3113.82it/s]
Benchmarking (mlp):  31%|███       | 12531/40752 [00:04<00:09, 3126.05it/s]
Benchmarking (mlp):  32%|███▏      | 12852/40752 [00:04<00:08, 3148.78it/s]
Benchmarking (mlp):  32%|███▏      | 13172/40752 [00:04<00:08, 3163.77it/s]
Benchmarking (mlp):  33%|███▎      | 13490/40752 [00:04<00:08, 3167.60it/s]
Benchmarking (mlp):  34%|███▍      | 13807/40752 [00:04<00:08, 3165.05it/s]
Benchmarking (mlp):  35%|███▍      | 14124/40752 [00:04<00:08, 3153.45it/s]
Benchmarking (mlp):  35%|███▌      | 14441/40752 [00:04<00:08, 3156.01it/s]
Benchmarking (mlp):  36%|███▌      | 14757/40752 [00:04<00:08, 3140.15it/s]
Benchmarking (mlp):  37%|███▋      | 15072/40752 [00:04<00:08, 3130.32it/s]
Benchmarking (mlp):  38%|███▊      | 15391/40752 [00:04<00:08, 3146.62it/s]
Benchmarking (mlp):  39%|███▊      | 15706/40752 [00:05<00:08, 3108.69it/s]
Benchmarking (mlp):  39%|███▉      | 16017/40752 [00:05<00:08, 3086.16it/s]
Benchmarking (mlp):  40%|████      | 16334/40752 [00:05<00:07, 3108.26it/s]
Benchmarking (mlp):  41%|████      | 16646/40752 [00:05<00:07, 3110.69it/s]
Benchmarking (mlp):  42%|████▏     | 16963/40752 [00:05<00:07, 3125.93it/s]
Benchmarking (mlp):  42%|████▏     | 17276/40752 [00:05<00:07, 3093.92it/s]
Benchmarking (mlp):  43%|████▎     | 17586/40752 [00:05<00:07, 3089.90it/s]
Benchmarking (mlp):  44%|████▍     | 17900/40752 [00:05<00:07, 3102.06it/s]
Benchmarking (mlp):  45%|████▍     | 18211/40752 [00:05<00:07, 3086.86it/s]
Benchmarking (mlp):  45%|████▌     | 18520/40752 [00:05<00:07, 3075.80it/s]
Benchmarking (mlp):  46%|████▌     | 18838/40752 [00:06<00:07, 3105.87it/s]
Benchmarking (mlp):  47%|████▋     | 19162/40752 [00:06<00:06, 3144.68it/s]
Benchmarking (mlp):  48%|████▊     | 19477/40752 [00:06<00:06, 3125.03it/s]
Benchmarking (mlp):  49%|████▊     | 19790/40752 [00:06<00:06, 3117.70it/s]
Benchmarking (mlp):  49%|████▉     | 20102/40752 [00:06<00:06, 3088.50it/s]
Benchmarking (mlp):  50%|█████     | 20411/40752 [00:06<00:06, 3075.92it/s]
Benchmarking (mlp):  51%|█████     | 20719/40752 [00:06<00:06, 3058.44it/s]
Benchmarking (mlp):  52%|█████▏    | 21032/40752 [00:06<00:06, 3076.93it/s]
Benchmarking (mlp):  52%|█████▏    | 21342/40752 [00:06<00:06, 3081.88it/s]
Benchmarking (mlp):  53%|█████▎    | 21651/40752 [00:06<00:06, 3081.31it/s]
Benchmarking (mlp):  54%|█████▍    | 21966/40752 [00:07<00:06, 3101.61it/s]
Benchmarking (mlp):  55%|█████▍    | 22277/40752 [00:07<00:05, 3103.46it/s]
Benchmarking (mlp):  55%|█████▌    | 22591/40752 [00:07<00:05, 3112.47it/s]
Benchmarking (mlp):  56%|█████▌    | 22907/40752 [00:07<00:05, 3124.85it/s]
Benchmarking (mlp):  57%|█████▋    | 23222/40752 [00:07<00:05, 3130.02it/s]
Benchmarking (mlp):  58%|█████▊    | 23539/40752 [00:07<00:05, 3140.12it/s]
Benchmarking (mlp):  59%|█████▊    | 23854/40752 [00:07<00:05, 3124.30it/s]
Benchmarking (mlp):  59%|█████▉    | 24167/40752 [00:07<00:05, 3112.29it/s]
Benchmarking (mlp):  60%|██████    | 24479/40752 [00:07<00:05, 3091.43it/s]
Benchmarking (mlp):  61%|██████    | 24789/40752 [00:07<00:05, 3078.58it/s]
Benchmarking (mlp):  62%|██████▏   | 25097/40752 [00:08<00:05, 3064.84it/s]
Benchmarking (mlp):  62%|██████▏   | 25404/40752 [00:08<00:05, 3064.77it/s]
Benchmarking (mlp):  63%|██████▎   | 25711/40752 [00:08<00:04, 3064.62it/s]
Benchmarking (mlp):  64%|██████▍   | 26019/40752 [00:08<00:04, 3068.82it/s]
Benchmarking (mlp):  65%|██████▍   | 26334/40752 [00:08<00:04, 3091.40it/s]
Benchmarking (mlp):  65%|██████▌   | 26651/40752 [00:08<00:04, 3112.10it/s]
Benchmarking (mlp):  66%|██████▌   | 26965/40752 [00:08<00:04, 3117.70it/s]
Benchmarking (mlp):  67%|██████▋   | 27277/40752 [00:08<00:04, 3111.36it/s]
Benchmarking (mlp):  68%|██████▊   | 27589/40752 [00:08<00:04, 3079.56it/s]
Benchmarking (mlp):  68%|██████▊   | 27898/40752 [00:08<00:04, 3082.31it/s]
Benchmarking (mlp):  69%|██████▉   | 28207/40752 [00:09<00:04, 3054.40it/s]
Benchmarking (mlp):  70%|██████▉   | 28524/40752 [00:09<00:03, 3088.18it/s]
Benchmarking (mlp):  71%|███████   | 28843/40752 [00:09<00:03, 3118.17it/s]
Benchmarking (mlp):  72%|███████▏  | 29162/40752 [00:09<00:03, 3136.81it/s]
Benchmarking (mlp):  72%|███████▏  | 29478/40752 [00:09<00:03, 3143.30it/s]
Benchmarking (mlp):  73%|███████▎  | 29795/40752 [00:09<00:03, 3151.07it/s]
Benchmarking (mlp):  74%|███████▍  | 30111/40752 [00:09<00:03, 3150.15it/s]
Benchmarking (mlp):  75%|███████▍  | 30427/40752 [00:09<00:03, 3135.80it/s]
Benchmarking (mlp):  75%|███████▌  | 30742/40752 [00:09<00:03, 3138.79it/s]
Benchmarking (mlp):  76%|███████▌  | 31056/40752 [00:09<00:03, 3110.31it/s]
Benchmarking (mlp):  77%|███████▋  | 31371/40752 [00:10<00:03, 3120.38it/s]
Benchmarking (mlp):  78%|███████▊  | 31684/40752 [00:10<00:02, 3116.35it/s]
Benchmarking (mlp):  79%|███████▊  | 31997/40752 [00:10<00:02, 3117.68it/s]
Benchmarking (mlp):  79%|███████▉  | 32309/40752 [00:10<00:02, 3108.10it/s]
Benchmarking (mlp):  80%|████████  | 32622/40752 [00:10<00:02, 3112.77it/s]
Benchmarking (mlp):  81%|████████  | 32940/40752 [00:10<00:02, 3130.56it/s]
Benchmarking (mlp):  82%|████████▏ | 33256/40752 [00:10<00:02, 3137.61it/s]
Benchmarking (mlp):  82%|████████▏ | 33573/40752 [00:10<00:02, 3143.98it/s]
Benchmarking (mlp):  83%|████████▎ | 33890/40752 [00:10<00:02, 3149.64it/s]
Benchmarking (mlp):  84%|████████▍ | 34205/40752 [00:10<00:02, 3140.85it/s]
Benchmarking (mlp):  85%|████████▍ | 34520/40752 [00:11<00:02, 3096.54it/s]
Benchmarking (mlp):  85%|████████▌ | 34830/40752 [00:11<00:01, 3069.88it/s]
Benchmarking (mlp):  86%|████████▌ | 35138/40752 [00:11<00:01, 3055.72it/s]
Benchmarking (mlp):  87%|████████▋ | 35448/40752 [00:11<00:01, 3068.10it/s]
Benchmarking (mlp):  88%|████████▊ | 35758/40752 [00:11<00:01, 3075.97it/s]
Benchmarking (mlp):  89%|████████▊ | 36072/40752 [00:11<00:01, 3092.62it/s]
Benchmarking (mlp):  89%|████████▉ | 36388/40752 [00:11<00:01, 3110.72it/s]
Benchmarking (mlp):  90%|█████████ | 36700/40752 [00:11<00:01, 3106.92it/s]
Benchmarking (mlp):  91%|█████████ | 37011/40752 [00:11<00:01, 3069.29it/s]
Benchmarking (mlp):  92%|█████████▏| 37319/40752 [00:12<00:01, 3048.76it/s]
Benchmarking (mlp):  92%|█████████▏| 37624/40752 [00:12<00:01, 3024.77it/s]
Benchmarking (mlp):  93%|█████████▎| 37936/40752 [00:12<00:00, 3052.47it/s]
Benchmarking (mlp):  94%|█████████▍| 38242/40752 [00:12<00:00, 3033.38it/s]
Benchmarking (mlp):  95%|█████████▍| 38546/40752 [00:12<00:00, 3033.30it/s]
Benchmarking (mlp):  95%|█████████▌| 38852/40752 [00:12<00:00, 3039.67it/s]
Benchmarking (mlp):  96%|█████████▌| 39160/40752 [00:12<00:00, 3051.03it/s]
Benchmarking (mlp):  97%|█████████▋| 39470/40752 [00:12<00:00, 3063.55it/s]
Benchmarking (mlp):  98%|█████████▊| 39781/40752 [00:12<00:00, 3074.83it/s]
Benchmarking (mlp):  98%|█████████▊| 40091/40752 [00:12<00:00, 3081.17it/s]
Benchmarking (mlp):  99%|█████████▉| 40400/40752 [00:13<00:00, 3083.33it/s]
Benchmarking (mlp): 100%|█████████▉| 40709/40752 [00:13<00:00, 3063.65it/s]
Benchmarking (mlp):   0%|          | 0/40752 [00:00<?, ?it/s]
Benchmarking (mlp):   1%|          | 295/40752 [00:00<00:13, 2949.56it/s]
Benchmarking (mlp):   1%|▏         | 600/40752 [00:00<00:13, 3007.24it/s]
Benchmarking (mlp):   2%|▏         | 908/40752 [00:00<00:13, 3037.09it/s]
Benchmarking (mlp):   3%|▎         | 1228/40752 [00:00<00:12, 3100.40it/s]
Benchmarking (mlp):   4%|▍         | 1546/40752 [00:00<00:12, 3127.67it/s]
Benchmarking (mlp):   5%|▍         | 1865/40752 [00:00<00:12, 3146.32it/s]
Benchmarking (mlp):   5%|▌         | 2186/40752 [00:00<00:12, 3164.76it/s]
Benchmarking (mlp):   6%|▌         | 2505/40752 [00:00<00:12, 3171.64it/s]
Benchmarking (mlp):   7%|▋         | 2823/40752 [00:00<00:11, 3161.18it/s]
Benchmarking (mlp):   8%|▊         | 3141/40752 [00:01<00:11, 3166.77it/s]
Benchmarking (mlp):   8%|▊         | 3458/40752 [00:01<00:11, 3164.10it/s]
Benchmarking (mlp):   9%|▉         | 3777/40752 [00:01<00:11, 3171.22it/s]
Benchmarking (mlp):  10%|█         | 4095/40752 [00:01<00:11, 3151.01it/s]
Benchmarking (mlp):  11%|█         | 4411/40752 [00:01<00:11, 3120.76it/s]
Benchmarking (mlp):  12%|█▏        | 4724/40752 [00:01<00:11, 3103.29it/s]
Benchmarking (mlp):  12%|█▏        | 5035/40752 [00:01<00:11, 3100.21it/s]
Benchmarking (mlp):  13%|█▎        | 5346/40752 [00:01<00:11, 3093.93it/s]
Benchmarking (mlp):  14%|█▍        | 5657/40752 [00:01<00:11, 3097.67it/s]
Benchmarking (mlp):  15%|█▍        | 5967/40752 [00:01<00:11, 3097.96it/s]
Benchmarking (mlp):  15%|█▌        | 6277/40752 [00:02<00:11, 3098.06it/s]
Benchmarking (mlp):  16%|█▌        | 6589/40752 [00:02<00:11, 3104.59it/s]
Benchmarking (mlp):  17%|█▋        | 6901/40752 [00:02<00:10, 3106.16it/s]
Benchmarking (mlp):  18%|█▊        | 7216/40752 [00:02<00:10, 3117.33it/s]
Benchmarking (mlp):  18%|█▊        | 7529/40752 [00:02<00:10, 3119.68it/s]
Benchmarking (mlp):  19%|█▉        | 7841/40752 [00:02<00:10, 3113.16it/s]
Benchmarking (mlp):  20%|██        | 8155/40752 [00:02<00:10, 3118.73it/s]
Benchmarking (mlp):  21%|██        | 8467/40752 [00:02<00:10, 3112.76it/s]
Benchmarking (mlp):  22%|██▏       | 8779/40752 [00:02<00:10, 3110.06it/s]
Benchmarking (mlp):  22%|██▏       | 9091/40752 [00:02<00:10, 3107.47it/s]
Benchmarking (mlp):  23%|██▎       | 9402/40752 [00:03<00:10, 3107.55it/s]
Benchmarking (mlp):  24%|██▍       | 9713/40752 [00:03<00:10, 3100.10it/s]
Benchmarking (mlp):  25%|██▍       | 10024/40752 [00:03<00:09, 3087.14it/s]
Benchmarking (mlp):  25%|██▌       | 10343/40752 [00:03<00:09, 3117.49it/s]
Benchmarking (mlp):  26%|██▌       | 10656/40752 [00:03<00:09, 3120.24it/s]
Benchmarking (mlp):  27%|██▋       | 10969/40752 [00:03<00:09, 3120.88it/s]
Benchmarking (mlp):  28%|██▊       | 11283/40752 [00:03<00:09, 3125.16it/s]
Benchmarking (mlp):  28%|██▊       | 11598/40752 [00:03<00:09, 3130.24it/s]
Benchmarking (mlp):  29%|██▉       | 11913/40752 [00:03<00:09, 3134.88it/s]
Benchmarking (mlp):  30%|███       | 12227/40752 [00:03<00:09, 3133.87it/s]
Benchmarking (mlp):  31%|███       | 12541/40752 [00:04<00:09, 3113.94it/s]
Benchmarking (mlp):  32%|███▏      | 12853/40752 [00:04<00:09, 3093.85it/s]
Benchmarking (mlp):  32%|███▏      | 13163/40752 [00:04<00:08, 3076.79it/s]
Benchmarking (mlp):  33%|███▎      | 13475/40752 [00:04<00:08, 3087.98it/s]
Benchmarking (mlp):  34%|███▍      | 13789/40752 [00:04<00:08, 3100.99it/s]
Benchmarking (mlp):  35%|███▍      | 14107/40752 [00:04<00:08, 3122.84it/s]
Benchmarking (mlp):  35%|███▌      | 14420/40752 [00:04<00:08, 3121.26it/s]
Benchmarking (mlp):  36%|███▌      | 14733/40752 [00:04<00:08, 3102.35it/s]
Benchmarking (mlp):  37%|███▋      | 15046/40752 [00:04<00:08, 3110.20it/s]
Benchmarking (mlp):  38%|███▊      | 15358/40752 [00:04<00:08, 3105.59it/s]
Benchmarking (mlp):  38%|███▊      | 15669/40752 [00:05<00:08, 3104.48it/s]
Benchmarking (mlp):  39%|███▉      | 15986/40752 [00:05<00:07, 3122.07it/s]
Benchmarking (mlp):  40%|███▉      | 16299/40752 [00:05<00:07, 3124.22it/s]
Benchmarking (mlp):  41%|████      | 16612/40752 [00:05<00:07, 3117.28it/s]
Benchmarking (mlp):  42%|████▏     | 16924/40752 [00:05<00:07, 3108.47it/s]
Benchmarking (mlp):  42%|████▏     | 17235/40752 [00:05<00:07, 3107.37it/s]
Benchmarking (mlp):  43%|████▎     | 17548/40752 [00:05<00:07, 3111.73it/s]
Benchmarking (mlp):  44%|████▍     | 17861/40752 [00:05<00:07, 3116.28it/s]
Benchmarking (mlp):  45%|████▍     | 18173/40752 [00:05<00:07, 3114.79it/s]
Benchmarking (mlp):  45%|████▌     | 18485/40752 [00:05<00:07, 3054.21it/s]
Benchmarking (mlp):  46%|████▌     | 18803/40752 [00:06<00:07, 3090.20it/s]
Benchmarking (mlp):  47%|████▋     | 19126/40752 [00:06<00:06, 3129.59it/s]
Benchmarking (mlp):  48%|████▊     | 19440/40752 [00:06<00:06, 3125.15it/s]
Benchmarking (mlp):  48%|████▊     | 19753/40752 [00:06<00:06, 3111.61it/s]
Benchmarking (mlp):  49%|████▉     | 20065/40752 [00:06<00:06, 3107.16it/s]
Benchmarking (mlp):  50%|█████     | 20378/40752 [00:06<00:06, 3111.07it/s]
Benchmarking (mlp):  51%|█████     | 20690/40752 [00:06<00:06, 3112.40it/s]
Benchmarking (mlp):  52%|█████▏    | 21002/40752 [00:06<00:06, 3108.68it/s]
Benchmarking (mlp):  52%|█████▏    | 21313/40752 [00:06<00:06, 3108.30it/s]
Benchmarking (mlp):  53%|█████▎    | 21624/40752 [00:06<00:06, 3095.94it/s]
Benchmarking (mlp):  54%|█████▍    | 21937/40752 [00:07<00:06, 3105.25it/s]
Benchmarking (mlp):  55%|█████▍    | 22252/40752 [00:07<00:05, 3115.37it/s]
Benchmarking (mlp):  55%|█████▌    | 22571/40752 [00:07<00:05, 3136.20it/s]
Benchmarking (mlp):  56%|█████▌    | 22885/40752 [00:07<00:05, 3124.08it/s]
Benchmarking (mlp):  57%|█████▋    | 23198/40752 [00:07<00:05, 3122.22it/s]
Benchmarking (mlp):  58%|█████▊    | 23511/40752 [00:07<00:05, 3117.11it/s]
Benchmarking (mlp):  58%|█████▊    | 23823/40752 [00:07<00:05, 3106.90it/s]
Benchmarking (mlp):  59%|█████▉    | 24141/40752 [00:07<00:05, 3127.75it/s]
Benchmarking (mlp):  60%|██████    | 24454/40752 [00:07<00:05, 3128.33it/s]
Benchmarking (mlp):  61%|██████    | 24767/40752 [00:07<00:05, 3108.89it/s]
Benchmarking (mlp):  62%|██████▏   | 25078/40752 [00:08<00:05, 3093.50it/s]
Benchmarking (mlp):  62%|██████▏   | 25388/40752 [00:08<00:04, 3084.38it/s]
Benchmarking (mlp):  63%|██████▎   | 25706/40752 [00:08<00:04, 3110.95it/s]
Benchmarking (mlp):  64%|██████▍   | 26025/40752 [00:08<00:04, 3131.62it/s]
Benchmarking (mlp):  65%|██████▍   | 26343/40752 [00:08<00:04, 3145.28it/s]
Benchmarking (mlp):  65%|██████▌   | 26664/40752 [00:08<00:04, 3162.97it/s]
Benchmarking (mlp):  66%|██████▌   | 26981/40752 [00:08<00:04, 3163.34it/s]
Benchmarking (mlp):  67%|██████▋   | 27298/40752 [00:08<00:04, 3151.28it/s]
Benchmarking (mlp):  68%|██████▊   | 27614/40752 [00:08<00:04, 3135.96it/s]
Benchmarking (mlp):  69%|██████▊   | 27937/40752 [00:08<00:04, 3161.16it/s]
Benchmarking (mlp):  69%|██████▉   | 28259/40752 [00:09<00:03, 3177.30it/s]
Benchmarking (mlp):  70%|███████   | 28579/40752 [00:09<00:03, 3183.89it/s]
Benchmarking (mlp):  71%|███████   | 28898/40752 [00:09<00:03, 3162.64it/s]
Benchmarking (mlp):  72%|███████▏  | 29215/40752 [00:09<00:03, 3149.81it/s]
Benchmarking (mlp):  72%|███████▏  | 29531/40752 [00:09<00:03, 3138.00it/s]
Benchmarking (mlp):  73%|███████▎  | 29845/40752 [00:09<00:03, 3129.00it/s]
Benchmarking (mlp):  74%|███████▍  | 30158/40752 [00:09<00:03, 3116.43it/s]
Benchmarking (mlp):  75%|███████▍  | 30470/40752 [00:09<00:03, 3115.47it/s]
Benchmarking (mlp):  76%|███████▌  | 30783/40752 [00:09<00:03, 3116.68it/s]
Benchmarking (mlp):  76%|███████▋  | 31095/40752 [00:09<00:03, 3105.69it/s]
Benchmarking (mlp):  77%|███████▋  | 31406/40752 [00:10<00:03, 3106.47it/s]
Benchmarking (mlp):  78%|███████▊  | 31717/40752 [00:10<00:02, 3105.66it/s]
Benchmarking (mlp):  79%|███████▊  | 32028/40752 [00:10<00:02, 3104.37it/s]
Benchmarking (mlp):  79%|███████▉  | 32341/40752 [00:10<00:02, 3111.04it/s]
Benchmarking (mlp):  80%|████████  | 32653/40752 [00:10<00:02, 3111.37it/s]
Benchmarking (mlp):  81%|████████  | 32966/40752 [00:10<00:02, 3114.86it/s]
Benchmarking (mlp):  82%|████████▏ | 33278/40752 [00:10<00:02, 3111.03it/s]
Benchmarking (mlp):  82%|████████▏ | 33590/40752 [00:10<00:02, 3113.24it/s]
Benchmarking (mlp):  83%|████████▎ | 33902/40752 [00:10<00:02, 3114.70it/s]
Benchmarking (mlp):  84%|████████▍ | 34220/40752 [00:10<00:02, 3134.03it/s]
Benchmarking (mlp):  85%|████████▍ | 34538/40752 [00:11<00:01, 3145.17it/s]
Benchmarking (mlp):  86%|████████▌ | 34855/40752 [00:11<00:01, 3150.10it/s]
Benchmarking (mlp):  86%|████████▋ | 35174/40752 [00:11<00:01, 3161.40it/s]
Benchmarking (mlp):  87%|████████▋ | 35494/40752 [00:11<00:01, 3170.20it/s]
Benchmarking (mlp):  88%|████████▊ | 35812/40752 [00:11<00:01, 3144.89it/s]
Benchmarking (mlp):  89%|████████▊ | 36127/40752 [00:11<00:01, 3119.97it/s]
Benchmarking (mlp):  89%|████████▉ | 36440/40752 [00:11<00:01, 3112.64it/s]
Benchmarking (mlp):  90%|█████████ | 36752/40752 [00:11<00:01, 3085.26it/s]
Benchmarking (mlp):  91%|█████████ | 37063/40752 [00:11<00:01, 3091.59it/s]
Benchmarking (mlp):  92%|█████████▏| 37374/40752 [00:11<00:01, 3096.64it/s]
Benchmarking (mlp):  92%|█████████▏| 37684/40752 [00:12<00:00, 3096.46it/s]
Benchmarking (mlp):  93%|█████████▎| 37994/40752 [00:12<00:00, 3092.61it/s]
Benchmarking (mlp):  94%|█████████▍| 38304/40752 [00:12<00:00, 3077.22it/s]
Benchmarking (mlp):  95%|█████████▍| 38617/40752 [00:12<00:00, 3089.90it/s]
Benchmarking (mlp):  96%|█████████▌| 38931/40752 [00:12<00:00, 3103.43it/s]
Benchmarking (mlp):  96%|█████████▋| 39242/40752 [00:12<00:00, 3014.12it/s]
Benchmarking (mlp):  97%|█████████▋| 39544/40752 [00:12<00:00, 3009.10it/s]
Benchmarking (mlp):  98%|█████████▊| 39856/40752 [00:12<00:00, 3039.01it/s]
Benchmarking (mlp):  99%|█████████▊| 40161/40752 [00:12<00:00, 3041.47it/s]
Benchmarking (mlp):  99%|█████████▉| 40474/40752 [00:12<00:00, 3067.61it/s]
Benchmarking (mlp):   0%|          | 0/40752 [00:00<?, ?it/s]
Benchmarking (mlp):   1%|          | 315/40752 [00:00<00:12, 3142.26it/s]
Benchmarking (mlp):   2%|▏         | 634/40752 [00:00<00:12, 3164.19it/s]
Benchmarking (mlp):   2%|▏         | 954/40752 [00:00<00:12, 3176.02it/s]
Benchmarking (mlp):   3%|▎         | 1272/40752 [00:00<00:12, 3133.66it/s]
Benchmarking (mlp):   4%|▍         | 1586/40752 [00:00<00:12, 3126.67it/s]
Benchmarking (mlp):   5%|▍         | 1899/40752 [00:00<00:12, 3101.25it/s]
Benchmarking (mlp):   5%|▌         | 2210/40752 [00:00<00:12, 3091.45it/s]
Benchmarking (mlp):   6%|▌         | 2524/40752 [00:00<00:12, 3105.65it/s]
Benchmarking (mlp):   7%|▋         | 2835/40752 [00:00<00:12, 3102.78it/s]
Benchmarking (mlp):   8%|▊         | 3146/40752 [00:01<00:12, 3094.83it/s]
Benchmarking (mlp):   8%|▊         | 3456/40752 [00:01<00:12, 3029.90it/s]
Benchmarking (mlp):   9%|▉         | 3760/40752 [00:01<00:12, 3011.83it/s]
Benchmarking (mlp):  10%|▉         | 4062/40752 [00:01<00:12, 3001.41it/s]
Benchmarking (mlp):  11%|█         | 4368/40752 [00:01<00:12, 3016.00it/s]
Benchmarking (mlp):  11%|█▏        | 4676/40752 [00:01<00:11, 3033.52it/s]
Benchmarking (mlp):  12%|█▏        | 4980/40752 [00:01<00:11, 2984.56it/s]
Benchmarking (mlp):  13%|█▎        | 5279/40752 [00:01<00:11, 2973.42it/s]
Benchmarking (mlp):  14%|█▎        | 5591/40752 [00:01<00:11, 3014.15it/s]
Benchmarking (mlp):  14%|█▍        | 5902/40752 [00:01<00:11, 3041.59it/s]
Benchmarking (mlp):  15%|█▌        | 6212/40752 [00:02<00:11, 3058.10it/s]
Benchmarking (mlp):  16%|█▌        | 6530/40752 [00:02<00:11, 3093.84it/s]
Benchmarking (mlp):  17%|█▋        | 6842/40752 [00:02<00:10, 3100.21it/s]
Benchmarking (mlp):  18%|█▊        | 7155/40752 [00:02<00:10, 3108.56it/s]
Benchmarking (mlp):  18%|█▊        | 7472/40752 [00:02<00:10, 3125.24it/s]
Benchmarking (mlp):  19%|█▉        | 7788/40752 [00:02<00:10, 3133.44it/s]
Benchmarking (mlp):  20%|█▉        | 8105/40752 [00:02<00:10, 3141.06it/s]
Benchmarking (mlp):  21%|██        | 8420/40752 [00:02<00:10, 3141.70it/s]
Benchmarking (mlp):  21%|██▏       | 8736/40752 [00:02<00:10, 3146.97it/s]
Benchmarking (mlp):  22%|██▏       | 9051/40752 [00:02<00:10, 3138.02it/s]
Benchmarking (mlp):  23%|██▎       | 9365/40752 [00:03<00:10, 3133.43it/s]
Benchmarking (mlp):  24%|██▍       | 9679/40752 [00:03<00:09, 3113.26it/s]
Benchmarking (mlp):  25%|██▍       | 9998/40752 [00:03<00:09, 3135.61it/s]
Benchmarking (mlp):  25%|██▌       | 10316/40752 [00:03<00:09, 3147.77it/s]
Benchmarking (mlp):  26%|██▌       | 10631/40752 [00:03<00:09, 3129.78it/s]
Benchmarking (mlp):  27%|██▋       | 10945/40752 [00:03<00:09, 3111.36it/s]
Benchmarking (mlp):  28%|██▊       | 11257/40752 [00:03<00:09, 3093.77it/s]
Benchmarking (mlp):  28%|██▊       | 11567/40752 [00:03<00:09, 3083.76it/s]
Benchmarking (mlp):  29%|██▉       | 11879/40752 [00:03<00:09, 3093.26it/s]
Benchmarking (mlp):  30%|██▉       | 12193/40752 [00:03<00:09, 3104.74it/s]
Benchmarking (mlp):  31%|███       | 12504/40752 [00:04<00:09, 3105.97it/s]
Benchmarking (mlp):  31%|███▏      | 12815/40752 [00:04<00:09, 3093.69it/s]
Benchmarking (mlp):  32%|███▏      | 13126/40752 [00:04<00:08, 3096.10it/s]
Benchmarking (mlp):  33%|███▎      | 13439/40752 [00:04<00:08, 3104.86it/s]
Benchmarking (mlp):  34%|███▎      | 13750/40752 [00:04<00:08, 3102.95it/s]
Benchmarking (mlp):  35%|███▍      | 14064/40752 [00:04<00:08, 3113.18it/s]
Benchmarking (mlp):  35%|███▌      | 14376/40752 [00:04<00:08, 3102.18it/s]
Benchmarking (mlp):  36%|███▌      | 14687/40752 [00:04<00:08, 3099.74it/s]
Benchmarking (mlp):  37%|███▋      | 15001/40752 [00:04<00:08, 3110.72it/s]
Benchmarking (mlp):  38%|███▊      | 15313/40752 [00:04<00:08, 3110.54it/s]
Benchmarking (mlp):  38%|███▊      | 15627/40752 [00:05<00:08, 3117.66it/s]
Benchmarking (mlp):  39%|███▉      | 15939/40752 [00:05<00:07, 3116.82it/s]
Benchmarking (mlp):  40%|███▉      | 16251/40752 [00:05<00:07, 3069.28it/s]
Benchmarking (mlp):  41%|████      | 16559/40752 [00:05<00:07, 3038.83it/s]
Benchmarking (mlp):  41%|████▏     | 16868/40752 [00:05<00:07, 3052.05it/s]
Benchmarking (mlp):  42%|████▏     | 17174/40752 [00:05<00:07, 3052.61it/s]
Benchmarking (mlp):  43%|████▎     | 17482/40752 [00:05<00:07, 3059.48it/s]
Benchmarking (mlp):  44%|████▎     | 17789/40752 [00:05<00:07, 3061.04it/s]
Benchmarking (mlp):  44%|████▍     | 18098/40752 [00:05<00:07, 3066.91it/s]
Benchmarking (mlp):  45%|████▌     | 18414/40752 [00:05<00:07, 3093.22it/s]
Benchmarking (mlp):  46%|████▌     | 18724/40752 [00:06<00:07, 3088.37it/s]
Benchmarking (mlp):  47%|████▋     | 19033/40752 [00:06<00:07, 3080.79it/s]
Benchmarking (mlp):  47%|████▋     | 19342/40752 [00:06<00:06, 3071.44it/s]
Benchmarking (mlp):  48%|████▊     | 19650/40752 [00:06<00:06, 3067.52it/s]
Benchmarking (mlp):  49%|████▉     | 19957/40752 [00:06<00:06, 3063.90it/s]
Benchmarking (mlp):  50%|████▉     | 20264/40752 [00:06<00:06, 3062.20it/s]
Benchmarking (mlp):  50%|█████     | 20579/40752 [00:06<00:06, 3086.03it/s]
Benchmarking (mlp):  51%|█████▏    | 20895/40752 [00:06<00:06, 3107.03it/s]
Benchmarking (mlp):  52%|█████▏    | 21210/40752 [00:06<00:06, 3119.69it/s]
Benchmarking (mlp):  53%|█████▎    | 21529/40752 [00:06<00:06, 3138.07it/s]
Benchmarking (mlp):  54%|█████▎    | 21844/40752 [00:07<00:06, 3140.67it/s]
Benchmarking (mlp):  54%|█████▍    | 22160/40752 [00:07<00:05, 3145.96it/s]
Benchmarking (mlp):  55%|█████▌    | 22478/40752 [00:07<00:05, 3153.27it/s]
Benchmarking (mlp):  56%|█████▌    | 22796/40752 [00:07<00:05, 3158.94it/s]
Benchmarking (mlp):  57%|█████▋    | 23115/40752 [00:07<00:05, 3165.69it/s]
Benchmarking (mlp):  58%|█████▊    | 23435/40752 [00:07<00:05, 3173.15it/s]
Benchmarking (mlp):  58%|█████▊    | 23753/40752 [00:07<00:05, 3170.04it/s]
Benchmarking (mlp):  59%|█████▉    | 24074/40752 [00:07<00:05, 3180.20it/s]
Benchmarking (mlp):  60%|█████▉    | 24394/40752 [00:07<00:05, 3184.32it/s]
Benchmarking (mlp):  61%|██████    | 24713/40752 [00:07<00:05, 3182.45it/s]
Benchmarking (mlp):  61%|██████▏   | 25032/40752 [00:08<00:04, 3177.35it/s]
Benchmarking (mlp):  62%|██████▏   | 25353/40752 [00:08<00:04, 3185.20it/s]
Benchmarking (mlp):  63%|██████▎   | 25672/40752 [00:08<00:04, 3184.88it/s]
Benchmarking (mlp):  64%|██████▍   | 25991/40752 [00:08<00:04, 3173.20it/s]
Benchmarking (mlp):  65%|██████▍   | 26309/40752 [00:08<00:04, 3152.69it/s]
Benchmarking (mlp):  65%|██████▌   | 26625/40752 [00:08<00:04, 3151.42it/s]
Benchmarking (mlp):  66%|██████▌   | 26941/40752 [00:08<00:04, 3142.80it/s]
Benchmarking (mlp):  67%|██████▋   | 27256/40752 [00:08<00:04, 3140.26it/s]
Benchmarking (mlp):  68%|██████▊   | 27571/40752 [00:08<00:04, 3128.41it/s]
Benchmarking (mlp):  68%|██████▊   | 27894/40752 [00:08<00:04, 3158.33it/s]
Benchmarking (mlp):  69%|██████▉   | 28216/40752 [00:09<00:03, 3175.26it/s]
Benchmarking (mlp):  70%|███████   | 28538/40752 [00:09<00:03, 3188.20it/s]
Benchmarking (mlp):  71%|███████   | 28862/40752 [00:09<00:03, 3202.25it/s]
Benchmarking (mlp):  72%|███████▏  | 29183/40752 [00:09<00:03, 3188.75it/s]
Benchmarking (mlp):  72%|███████▏  | 29502/40752 [00:09<00:03, 3183.61it/s]
Benchmarking (mlp):  73%|███████▎  | 29821/40752 [00:09<00:03, 3176.23it/s]
Benchmarking (mlp):  74%|███████▍  | 30139/40752 [00:09<00:03, 3161.69it/s]
Benchmarking (mlp):  75%|███████▍  | 30456/40752 [00:09<00:03, 3160.75it/s]
Benchmarking (mlp):  76%|███████▌  | 30773/40752 [00:09<00:03, 3162.30it/s]
Benchmarking (mlp):  76%|███████▋  | 31090/40752 [00:09<00:03, 3145.91it/s]
Benchmarking (mlp):  77%|███████▋  | 31405/40752 [00:10<00:02, 3143.60it/s]
Benchmarking (mlp):  78%|███████▊  | 31723/40752 [00:10<00:02, 3153.07it/s]
Benchmarking (mlp):  79%|███████▊  | 32039/40752 [00:10<00:02, 3154.08it/s]
Benchmarking (mlp):  79%|███████▉  | 32355/40752 [00:10<00:02, 3147.45it/s]
Benchmarking (mlp):  80%|████████  | 32670/40752 [00:10<00:02, 3142.05it/s]
Benchmarking (mlp):  81%|████████  | 32990/40752 [00:10<00:02, 3157.64it/s]
Benchmarking (mlp):  82%|████████▏ | 33306/40752 [00:10<00:02, 3153.34it/s]
Benchmarking (mlp):  83%|████████▎ | 33622/40752 [00:10<00:02, 3129.30it/s]
Benchmarking (mlp):  83%|████████▎ | 33935/40752 [00:10<00:02, 3110.13it/s]
Benchmarking (mlp):  84%|████████▍ | 34247/40752 [00:10<00:02, 3104.42it/s]
Benchmarking (mlp):  85%|████████▍ | 34559/40752 [00:11<00:01, 3106.28it/s]
Benchmarking (mlp):  86%|████████▌ | 34877/40752 [00:11<00:01, 3127.09it/s]
Benchmarking (mlp):  86%|████████▋ | 35197/40752 [00:11<00:01, 3147.54it/s]
Benchmarking (mlp):  87%|████████▋ | 35517/40752 [00:11<00:01, 3163.18it/s]
Benchmarking (mlp):  88%|████████▊ | 35843/40752 [00:11<00:01, 3191.71it/s]
Benchmarking (mlp):  89%|████████▊ | 36166/40752 [00:11<00:01, 3201.92it/s]
Benchmarking (mlp):  90%|████████▉ | 36487/40752 [00:11<00:01, 3178.31it/s]
Benchmarking (mlp):  90%|█████████ | 36805/40752 [00:11<00:01, 3166.28it/s]
Benchmarking (mlp):  91%|█████████ | 37122/40752 [00:11<00:01, 3165.70it/s]
Benchmarking (mlp):  92%|█████████▏| 37440/40752 [00:11<00:01, 3167.05it/s]
Benchmarking (mlp):  93%|█████████▎| 37757/40752 [00:12<00:00, 3164.01it/s]
Benchmarking (mlp):  93%|█████████▎| 38074/40752 [00:12<00:00, 3154.37it/s]
Benchmarking (mlp):  94%|█████████▍| 38390/40752 [00:12<00:00, 3142.94it/s]
Benchmarking (mlp):  95%|█████████▍| 38708/40752 [00:12<00:00, 3152.37it/s]
Benchmarking (mlp):  96%|█████████▌| 39024/40752 [00:12<00:00, 3141.01it/s]
Benchmarking (mlp):  97%|█████████▋| 39340/40752 [00:12<00:00, 3145.97it/s]
Benchmarking (mlp):  97%|█████████▋| 39656/40752 [00:12<00:00, 3149.46it/s]
Benchmarking (mlp):  98%|█████████▊| 39971/40752 [00:12<00:00, 3147.26it/s]
Benchmarking (mlp):  99%|█████████▉| 40287/40752 [00:12<00:00, 3149.81it/s]
Benchmarking (mlp): 100%|█████████▉| 40602/40752 [00:13<00:00, 3148.33it/s]
Benchmarking (mlp):   0%|          | 0/40752 [00:00<?, ?it/s]
Benchmarking (mlp):   1%|          | 304/40752 [00:00<00:13, 3036.13it/s]
Benchmarking (mlp):   1%|▏         | 608/40752 [00:00<00:13, 3035.99it/s]
Benchmarking (mlp):   2%|▏         | 912/40752 [00:00<00:13, 3036.96it/s]
Benchmarking (mlp):   3%|▎         | 1220/40752 [00:00<00:12, 3052.66it/s]
Benchmarking (mlp):   4%|▍         | 1535/40752 [00:00<00:12, 3086.44it/s]
Benchmarking (mlp):   5%|▍         | 1853/40752 [00:00<00:12, 3117.85it/s]
Benchmarking (mlp):   5%|▌         | 2165/40752 [00:00<00:12, 3098.19it/s]
Benchmarking (mlp):   6%|▌         | 2475/40752 [00:00<00:12, 3090.39it/s]
Benchmarking (mlp):   7%|▋         | 2785/40752 [00:00<00:12, 3084.49it/s]
Benchmarking (mlp):   8%|▊         | 3095/40752 [00:01<00:12, 3089.07it/s]
Benchmarking (mlp):   8%|▊         | 3404/40752 [00:01<00:12, 3084.75it/s]
Benchmarking (mlp):   9%|▉         | 3723/40752 [00:01<00:11, 3114.75it/s]
Benchmarking (mlp):  10%|▉         | 4043/40752 [00:01<00:11, 3139.11it/s]
Benchmarking (mlp):  11%|█         | 4361/40752 [00:01<00:11, 3149.54it/s]
Benchmarking (mlp):  11%|█▏        | 4676/40752 [00:01<00:11, 3145.87it/s]
Benchmarking (mlp):  12%|█▏        | 4995/40752 [00:01<00:11, 3158.08it/s]
Benchmarking (mlp):  13%|█▎        | 5313/40752 [00:01<00:11, 3162.34it/s]
Benchmarking (mlp):  14%|█▍        | 5631/40752 [00:01<00:11, 3166.90it/s]
Benchmarking (mlp):  15%|█▍        | 5948/40752 [00:01<00:10, 3166.33it/s]
Benchmarking (mlp):  15%|█▌        | 6265/40752 [00:02<00:10, 3137.32it/s]
Benchmarking (mlp):  16%|█▌        | 6579/40752 [00:02<00:10, 3116.21it/s]
Benchmarking (mlp):  17%|█▋        | 6891/40752 [00:02<00:10, 3095.57it/s]
Benchmarking (mlp):  18%|█▊        | 7209/40752 [00:02<00:10, 3120.42it/s]
Benchmarking (mlp):  18%|█▊        | 7532/40752 [00:02<00:10, 3150.22it/s]
Benchmarking (mlp):  19%|█▉        | 7854/40752 [00:02<00:10, 3169.83it/s]
Benchmarking (mlp):  20%|██        | 8175/40752 [00:02<00:10, 3179.87it/s]
Benchmarking (mlp):  21%|██        | 8494/40752 [00:02<00:10, 3126.32it/s]
Benchmarking (mlp):  22%|██▏       | 8807/40752 [00:02<00:10, 3108.22it/s]
Benchmarking (mlp):  22%|██▏       | 9118/40752 [00:02<00:10, 3104.00it/s]
Benchmarking (mlp):  23%|██▎       | 9431/40752 [00:03<00:10, 3109.89it/s]
Benchmarking (mlp):  24%|██▍       | 9749/40752 [00:03<00:09, 3127.85it/s]
Benchmarking (mlp):  25%|██▍       | 10062/40752 [00:03<00:09, 3113.14it/s]
Benchmarking (mlp):  25%|██▌       | 10374/40752 [00:03<00:09, 3071.07it/s]
Benchmarking (mlp):  26%|██▌       | 10682/40752 [00:03<00:09, 3065.34it/s]
Benchmarking (mlp):  27%|██▋       | 10989/40752 [00:03<00:09, 3059.26it/s]
Benchmarking (mlp):  28%|██▊       | 11298/40752 [00:03<00:09, 3067.54it/s]
Benchmarking (mlp):  28%|██▊       | 11606/40752 [00:03<00:09, 3068.71it/s]
Benchmarking (mlp):  29%|██▉       | 11920/40752 [00:03<00:09, 3088.93it/s]
Benchmarking (mlp):  30%|███       | 12236/40752 [00:03<00:09, 3109.67it/s]
Benchmarking (mlp):  31%|███       | 12552/40752 [00:04<00:09, 3124.17it/s]
Benchmarking (mlp):  32%|███▏      | 12865/40752 [00:04<00:08, 3122.18it/s]
Benchmarking (mlp):  32%|███▏      | 13178/40752 [00:04<00:08, 3118.69it/s]
Benchmarking (mlp):  33%|███▎      | 13490/40752 [00:04<00:08, 3118.24it/s]
Benchmarking (mlp):  34%|███▍      | 13804/40752 [00:04<00:08, 3124.16it/s]
Benchmarking (mlp):  35%|███▍      | 14117/40752 [00:04<00:08, 3115.85it/s]
Benchmarking (mlp):  35%|███▌      | 14434/40752 [00:04<00:08, 3131.24it/s]
Benchmarking (mlp):  36%|███▌      | 14750/40752 [00:04<00:08, 3137.31it/s]
Benchmarking (mlp):  37%|███▋      | 15067/40752 [00:04<00:08, 3146.54it/s]
Benchmarking (mlp):  38%|███▊      | 15384/40752 [00:04<00:08, 3150.93it/s]
Benchmarking (mlp):  39%|███▊      | 15700/40752 [00:05<00:07, 3153.58it/s]
Benchmarking (mlp):  39%|███▉      | 16016/40752 [00:05<00:07, 3152.79it/s]
Benchmarking (mlp):  40%|████      | 16332/40752 [00:05<00:07, 3148.09it/s]
Benchmarking (mlp):  41%|████      | 16651/40752 [00:05<00:07, 3159.31it/s]
Benchmarking (mlp):  42%|████▏     | 16973/40752 [00:05<00:07, 3177.35it/s]
Benchmarking (mlp):  42%|████▏     | 17293/40752 [00:05<00:07, 3183.93it/s]
Benchmarking (mlp):  43%|████▎     | 17614/40752 [00:05<00:07, 3188.88it/s]
Benchmarking (mlp):  44%|████▍     | 17937/40752 [00:05<00:07, 3199.97it/s]
Benchmarking (mlp):  45%|████▍     | 18258/40752 [00:05<00:07, 3186.46it/s]
Benchmarking (mlp):  46%|████▌     | 18577/40752 [00:05<00:06, 3183.19it/s]
Benchmarking (mlp):  46%|████▋     | 18896/40752 [00:06<00:06, 3182.86it/s]
Benchmarking (mlp):  47%|████▋     | 19217/40752 [00:06<00:06, 3189.64it/s]
Benchmarking (mlp):  48%|████▊     | 19537/40752 [00:06<00:06, 3192.59it/s]
Benchmarking (mlp):  49%|████▊     | 19860/40752 [00:06<00:06, 3201.87it/s]
Benchmarking (mlp):  50%|████▉     | 20182/40752 [00:06<00:06, 3204.99it/s]
Benchmarking (mlp):  50%|█████     | 20503/40752 [00:06<00:06, 3185.96it/s]
Benchmarking (mlp):  51%|█████     | 20822/40752 [00:06<00:06, 3163.78it/s]
Benchmarking (mlp):  52%|█████▏    | 21140/40752 [00:06<00:06, 3168.36it/s]
Benchmarking (mlp):  53%|█████▎    | 21460/40752 [00:06<00:06, 3177.28it/s]
Benchmarking (mlp):  53%|█████▎    | 21778/40752 [00:06<00:05, 3171.13it/s]
Benchmarking (mlp):  54%|█████▍    | 22098/40752 [00:07<00:05, 3177.13it/s]
Benchmarking (mlp):  55%|█████▌    | 22417/40752 [00:07<00:05, 3179.55it/s]
Benchmarking (mlp):  56%|█████▌    | 22735/40752 [00:07<00:05, 3164.45it/s]
Benchmarking (mlp):  57%|█████▋    | 23052/40752 [00:07<00:05, 3144.10it/s]
Benchmarking (mlp):  57%|█████▋    | 23367/40752 [00:07<00:05, 3128.54it/s]
Benchmarking (mlp):  58%|█████▊    | 23680/40752 [00:07<00:05, 3125.60it/s]
Benchmarking (mlp):  59%|█████▉    | 23995/40752 [00:07<00:05, 3129.98it/s]
Benchmarking (mlp):  60%|█████▉    | 24311/40752 [00:07<00:05, 3138.66it/s]
Benchmarking (mlp):  60%|██████    | 24625/40752 [00:07<00:05, 3135.15it/s]
Benchmarking (mlp):  61%|██████    | 24939/40752 [00:07<00:05, 3136.32it/s]
Benchmarking (mlp):  62%|██████▏   | 25254/40752 [00:08<00:04, 3140.27it/s]
Benchmarking (mlp):  63%|██████▎   | 25569/40752 [00:08<00:04, 3127.02it/s]
Benchmarking (mlp):  64%|██████▎   | 25882/40752 [00:08<00:04, 3099.16it/s]
Benchmarking (mlp):  64%|██████▍   | 26193/40752 [00:08<00:04, 3099.56it/s]
Benchmarking (mlp):  65%|██████▌   | 26503/40752 [00:08<00:04, 3093.84it/s]
Benchmarking (mlp):  66%|██████▌   | 26816/40752 [00:08<00:04, 3104.43it/s]
Benchmarking (mlp):  67%|██████▋   | 27136/40752 [00:08<00:04, 3132.40it/s]
Benchmarking (mlp):  67%|██████▋   | 27453/40752 [00:08<00:04, 3141.62it/s]
Benchmarking (mlp):  68%|██████▊   | 27772/40752 [00:08<00:04, 3153.74it/s]
Benchmarking (mlp):  69%|██████▉   | 28091/40752 [00:08<00:04, 3164.29it/s]
Benchmarking (mlp):  70%|██████▉   | 28408/40752 [00:09<00:03, 3159.87it/s]
Benchmarking (mlp):  70%|███████   | 28726/40752 [00:09<00:03, 3165.13it/s]
Benchmarking (mlp):  71%|███████▏  | 29047/40752 [00:09<00:03, 3175.85it/s]
Benchmarking (mlp):  72%|███████▏  | 29368/40752 [00:09<00:03, 3184.81it/s]
Benchmarking (mlp):  73%|███████▎  | 29687/40752 [00:09<00:03, 3158.60it/s]
Benchmarking (mlp):  74%|███████▎  | 30003/40752 [00:09<00:03, 3158.47it/s]
Benchmarking (mlp):  74%|███████▍  | 30319/40752 [00:09<00:03, 3147.69it/s]
Benchmarking (mlp):  75%|███████▌  | 30638/40752 [00:09<00:03, 3158.12it/s]
Benchmarking (mlp):  76%|███████▌  | 30954/40752 [00:09<00:03, 3132.53it/s]
Benchmarking (mlp):  77%|███████▋  | 31268/40752 [00:09<00:03, 3123.81it/s]
Benchmarking (mlp):  77%|███████▋  | 31581/40752 [00:10<00:02, 3097.36it/s]
Benchmarking (mlp):  78%|███████▊  | 31891/40752 [00:10<00:02, 3094.38it/s]
Benchmarking (mlp):  79%|███████▉  | 32201/40752 [00:10<00:02, 3093.74it/s]
Benchmarking (mlp):  80%|███████▉  | 32513/40752 [00:10<00:02, 3101.34it/s]
Benchmarking (mlp):  81%|████████  | 32827/40752 [00:10<00:02, 3110.11it/s]
Benchmarking (mlp):  81%|████████▏ | 33140/40752 [00:10<00:02, 3113.90it/s]
Benchmarking (mlp):  82%|████████▏ | 33457/40752 [00:10<00:02, 3128.89it/s]
Benchmarking (mlp):  83%|████████▎ | 33774/40752 [00:10<00:02, 3140.09it/s]
Benchmarking (mlp):  84%|████████▎ | 34090/40752 [00:10<00:02, 3144.71it/s]
Benchmarking (mlp):  84%|████████▍ | 34407/40752 [00:10<00:02, 3150.93it/s]
Benchmarking (mlp):  85%|████████▌ | 34723/40752 [00:11<00:01, 3147.81it/s]
Benchmarking (mlp):  86%|████████▌ | 35040/40752 [00:11<00:01, 3151.70it/s]
Benchmarking (mlp):  87%|████████▋ | 35356/40752 [00:11<00:01, 3138.54it/s]
Benchmarking (mlp):  88%|████████▊ | 35670/40752 [00:11<00:01, 3132.31it/s]
Benchmarking (mlp):  88%|████████▊ | 35984/40752 [00:11<00:01, 3134.22it/s]
Benchmarking (mlp):  89%|████████▉ | 36298/40752 [00:11<00:01, 3135.74it/s]
Benchmarking (mlp):  90%|████████▉ | 36612/40752 [00:11<00:01, 3136.21it/s]
Benchmarking (mlp):  91%|█████████ | 36929/40752 [00:11<00:01, 3143.70it/s]
Benchmarking (mlp):  91%|█████████▏| 37245/40752 [00:11<00:01, 3147.79it/s]
Benchmarking (mlp):  92%|█████████▏| 37567/40752 [00:11<00:01, 3168.19it/s]
Benchmarking (mlp):  93%|█████████▎| 37884/40752 [00:12<00:00, 3140.74it/s]
Benchmarking (mlp):  94%|█████████▎| 38199/40752 [00:12<00:00, 3081.19it/s]
Benchmarking (mlp):  94%|█████████▍| 38508/40752 [00:12<00:00, 3068.40it/s]
Benchmarking (mlp):  95%|█████████▌| 38817/40752 [00:12<00:00, 3073.21it/s]
Benchmarking (mlp):  96%|█████████▌| 39125/40752 [00:12<00:00, 3061.60it/s]
Benchmarking (mlp):  97%|█████████▋| 39440/40752 [00:12<00:00, 3085.35it/s]
Benchmarking (mlp):  98%|█████████▊| 39756/40752 [00:12<00:00, 3106.59it/s]
Benchmarking (mlp):  98%|█████████▊| 40070/40752 [00:12<00:00, 3114.55it/s]
Benchmarking (mlp):  99%|█████████▉| 40384/40752 [00:12<00:00, 3119.91it/s]
Benchmarking (mlp): 100%|█████████▉| 40700/40752 [00:12<00:00, 3128.81it/s]
2026-04-03 22:22:42,922 INFO
[Loss Ablation Engine] Benchmarks mapped cleanly. Exported exact CSV schema to data/ukb_storage/metaqa/loss_ablation_results.csv
════════════════════════════════════════════════════════════════════════════════════════════════════════════════════════
PARTITION SELECTION RECALL
════════════════════════════════════════════════════════════════════════════════════════════════════════════════════════
Method            Split  │   R@1   R@3   R@5  R@10  R@20 │ GTR@5 GTR@10 GTR@20 │   MRR  FCov │    Lat    #Q
──────────────────────────────────────────────────────────────────────────────────────────────────────────────────────
mlp_info_nce_single test   │ 36.7% 60.3% 71.4% 84.2% 94.2% │ 45.8%  62.3%  81.3% │ 51.9% 61.2% │   0.3ms 40752
──────────────────────────────────────────────────────────────────────────────────────────────────────────────────────
mlp_info_nce_multi test   │ 47.7% 68.0% 76.6% 86.9% 95.2% │ 50.9%  66.8%  84.3% │ 60.6% 64.8% │   0.3ms 40752
──────────────────────────────────────────────────────────────────────────────────────────────────────────────────────
mlp_kl_div        test   │ 47.1% 68.4% 77.0% 87.1% 95.7% │ 51.3%  67.6%  85.5% │ 60.4% 68.3% │   0.3ms 40752
──────────────────────────────────────────────────────────────────────────────────────────────────────────────────────
mlp_bce           test   │ 39.8% 60.3% 69.3% 80.7% 92.1% │ 44.5%  61.5%  82.1% │ 53.2% 64.3% │   0.3ms 40752
──────────────────────────────────────────────────────────────────────────────────────────────────────────────────────
════════════════════════════════════════════════════════════════════════════════════════════════════════════════════════
═══════════════════════════════════════════════════════════════════════════════════════════════════════════════════
DETAILED METRICS (Test Split)
═══════════════════════════════════════════════════════════════════════════════════════════════════════════════════
Method            │   P@1   P@3   P@5  P@10  P@20 │  F1@5 F1@10 F1@20 │ NDCG@5 NDCG@10 NDCG@20
─────────────────────────────────────────────────────────────────────────────────────────────────────────────────
mlp_info_nce_single │ 36.7% 28.4% 25.2% 19.6% 14.8% │ 26.0% 24.2% 21.1% │  44.0%   48.7%   54.6%
mlp_info_nce_multi │ 47.7% 34.8% 29.2% 22.0% 15.9% │ 29.5% 26.7% 22.5% │  51.9%   55.7%   60.9%
mlp_kl_div        │ 47.1% 35.0% 29.4% 22.4% 16.2% │ 29.7% 27.1% 22.9% │  52.1%   56.2%   61.5%
mlp_bce           │ 39.8% 32.7% 28.2% 22.0% 16.2% │ 27.3% 26.1% 22.8% │  45.6%   49.8%   55.7%
═══════════════════════════════════════════════════════════════════════════════════════════════════════════════════
══════════════════════════════════════════════════════════════════════
PER-METHOD BREAKDOWN (Test Split)
══════════════════════════════════════════════════════════════════════
--- MLP_INFO_NCE_SINGLE ---
Total queries:       40752
Recall@1:            36.7%
Recall@5:            71.4%
Recall@10:           84.2%
Recall@20:           94.2%
GT Recall@5:         45.8%
GT Recall@10:        62.3%
GT Recall@20:        81.3%
Full Coverage@20:    61.2%
MRR:                 51.9%
NDCG@5:              44.0%
NDCG@20:             54.6%
Avg GT Partitions:   4.25
Min/Max GT Parts:    1 / 39
--- Hit Position ---
Avg First Hit:     3.89
Median First Hit:  2.0
--- Latency ---
Avg Latency:       0.26ms
P50 Latency:       0.26ms
P95 Latency:       0.27ms
P99 Latency:       0.31ms
--- MLP_INFO_NCE_MULTI ---
Total queries:       40752
Recall@1:            47.7%
Recall@5:            76.6%
Recall@10:           86.9%
Recall@20:           95.2%
GT Recall@5:         50.9%
GT Recall@10:        66.8%
GT Recall@20:        84.3%
Full Coverage@20:    64.8%
MRR:                 60.6%
NDCG@5:              51.9%
NDCG@20:             60.9%
Avg GT Partitions:   4.25
Min/Max GT Parts:    1 / 39
--- Hit Position ---
Avg First Hit:     3.35
Median First Hit:  1.0
--- Latency ---
Avg Latency:       0.26ms
P50 Latency:       0.26ms
P95 Latency:       0.27ms
P99 Latency:       0.29ms
--- MLP_KL_DIV ---
Total queries:       40752
Recall@1:            47.1%
Recall@5:            77.0%
Recall@10:           87.1%
Recall@20:           95.7%
GT Recall@5:         51.3%
GT Recall@10:        67.6%
GT Recall@20:        85.5%
Full Coverage@20:    68.3%
MRR:                 60.4%
NDCG@5:              52.1%
NDCG@20:             61.5%
Avg GT Partitions:   4.25
Min/Max GT Parts:    1 / 39
--- Hit Position ---
Avg First Hit:     3.38
Median First Hit:  1.0
--- Latency ---
Avg Latency:       0.26ms
P50 Latency:       0.26ms
P95 Latency:       0.27ms
P99 Latency:       0.30ms
--- MLP_BCE ---
Total queries:       40752
Recall@1:            39.8%
Recall@5:            69.3%
Recall@10:           80.7%
Recall@20:           92.1%
GT Recall@5:         44.5%
GT Recall@10:        61.5%
GT Recall@20:        82.1%
Full Coverage@20:    64.3%
MRR:                 53.2%
NDCG@5:              45.6%
NDCG@20:             55.7%
Avg GT Partitions:   4.25
Min/Max GT Parts:    1 / 39
--- Hit Position ---
Avg First Hit:     3.86
Median First Hit:  2.0
--- Latency ---
Avg Latency:       0.26ms
P50 Latency:       0.26ms
P95 Latency:       0.27ms
P99 Latency:       0.29ms
══════════════════════════════════════════════════════════════════════
═══════════════════════════════════════════════════════════════════════════════════════════════
OVERALL SUMMARY (Test Split)
═══════════════════════════════════════════════════════════════════════════════════════════════
Metric            │ Best Method          Score │ Worst Method         Score │      Δ
─────────────────────────────────────────────────────────────────────────────────────────────
recall@1          │ mlp_info_nce_multi    47.7% │ mlp_info_nce_single    36.7% │  11.0%
recall@5          │ mlp_kl_div           77.0% │ mlp_bce              69.3% │   7.7%
recall@10         │ mlp_kl_div           87.1% │ mlp_bce              80.7% │   6.4%
recall@20         │ mlp_kl_div           95.7% │ mlp_bce              92.1% │   3.6%
gt_recall@5       │ mlp_kl_div           51.3% │ mlp_bce              44.5% │   6.8%
gt_recall@10      │ mlp_kl_div           67.6% │ mlp_bce              61.5% │   6.1%
gt_recall@20      │ mlp_kl_div           85.5% │ mlp_info_nce_single    81.3% │   4.2%
precision@1       │ mlp_info_nce_multi    47.7% │ mlp_info_nce_single    36.7% │  11.0%
precision@5       │ mlp_kl_div           29.4% │ mlp_info_nce_single    25.2% │   4.3%
ndcg@5            │ mlp_kl_div           52.1% │ mlp_info_nce_single    44.0% │   8.1%
ndcg@10           │ mlp_kl_div           56.2% │ mlp_info_nce_single    48.7% │   7.5%
ndcg@20           │ mlp_kl_div           61.5% │ mlp_info_nce_single    54.6% │   6.8%
mrr               │ mlp_info_nce_multi    60.6% │ mlp_info_nce_single    51.9% │   8.7%
full_coverage@20  │ mlp_kl_div           68.3% │ mlp_info_nce_single    61.2% │   7.1%
─────────────────────────────────────────────────────────────────────────────────────────────
AGGREGATE RANKING (avg rank across 14 metrics, lower = better):
🥇 #1 mlp_kl_div        avg_rank=1.2  (best=1, worst=2)  metric_wins=11/14
🥈 #2 mlp_info_nce_multi avg_rank=1.8  (best=1, worst=2)  metric_wins=3/14
🥉 #3 mlp_bce           avg_rank=3.4  (best=3, worst=4)  metric_wins=0/14
#4 mlp_info_nce_single avg_rank=3.6  (best=3, worst=4)  metric_wins=0/14
─────────────────────────────────────────────────────────────────────────────────────────────
LATENCY COMPARISON:
* Note: ColBERT intrinsically includes query text-encoding time.
Other models evaluate via internally pre-encoded vectors.
mlp_info_nce_single avg=    0.3ms  p95=    0.3ms
mlp_info_nce_multi avg=    0.3ms  p95=    0.3ms
mlp_kl_div        avg=    0.3ms  p95=    0.3ms
mlp_bce           avg=    0.3ms  p95=    0.3ms
═══════════════════════════════════════════════════════════════════════════════════════════════
2026-04-03 22:22:42,924 INFO ========== CLOUD ABLATION TARGET: MUSIQUE ==========
2026-04-03 22:22:42,924 INFO --> Ensuring info_nce_single model is trained...
2026-04-03 22:22:42,924 INFO Model missing. Triggering training engine for info_nce_single...
2026-04-03 22:22:42,925 INFO Loading data for musique | Target Loss Engine: info_nce_single
2026-04-03 22:22:55,882 INFO Load pretrained SentenceTransformer: multi-qa-MiniLM-L6-cos-v1
2026-04-03 22:22:57,251 INFO Split musique: 13956 train / 3987 val / 1995 test
2026-04-03 22:22:57,267 INFO Pre-encoding 13956 musique [train] query-GT pairs...
Batches:   3%|▎         | 15/437 [00:00<00:02, 144.73it/s]
Batches:   7%|▋         | 31/437 [00:00<00:02, 148.73it/s]
Batches:  11%|█         | 48/437 [00:00<00:02, 155.50it/s]
Batches:  15%|█▌        | 66/437 [00:00<00:02, 163.09it/s]
Batches:  19%|█▉        | 84/437 [00:00<00:02, 168.22it/s]
Batches:  24%|██▎       | 103/437 [00:00<00:01, 174.05it/s]
Batches:  28%|██▊       | 122/437 [00:00<00:01, 178.45it/s]
Batches:  32%|███▏      | 140/437 [00:00<00:01, 177.54it/s]
Batches:  36%|███▋      | 159/437 [00:00<00:01, 180.04it/s]
Batches:  41%|████      | 180/437 [00:01<00:01, 186.21it/s]
Batches:  46%|████▌     | 200/437 [00:01<00:01, 188.52it/s]
Batches:  50%|█████     | 220/437 [00:01<00:01, 191.19it/s]
Batches:  55%|█████▌    | 241/437 [00:01<00:01, 195.71it/s]
Batches:  60%|█████▉    | 262/437 [00:01<00:00, 199.44it/s]
Batches:  65%|██████▍   | 283/437 [00:01<00:00, 200.67it/s]
Batches:  70%|██████▉   | 304/437 [00:01<00:00, 197.81it/s]
Batches:  74%|███████▍  | 324/437 [00:01<00:00, 197.24it/s]
Batches:  79%|███████▉  | 345/437 [00:01<00:00, 199.87it/s]
Batches:  84%|████████▎ | 365/437 [00:01<00:00, 199.78it/s]
Batches:  88%|████████▊ | 385/437 [00:02<00:00, 198.53it/s]
Batches:  93%|█████████▎| 405/437 [00:02<00:00, 196.56it/s]
Batches:  97%|█████████▋| 426/437 [00:02<00:00, 197.71it/s]
2026-04-03 22:22:59,717 INFO Pre-encoding 3987 musique [val] query-GT pairs...
Batches:  12%|█▏        | 15/125 [00:00<00:00, 146.37it/s]
Batches:  26%|██▌       | 32/125 [00:00<00:00, 158.98it/s]
Batches:  40%|████      | 50/125 [00:00<00:00, 164.61it/s]
Batches:  55%|█████▌    | 69/125 [00:00<00:00, 171.62it/s]
Batches:  70%|███████   | 88/125 [00:00<00:00, 176.52it/s]
Batches:  85%|████████▍ | 106/125 [00:00<00:00, 176.67it/s]
2026-04-03 22:23:00,482 INFO Pre-encoding 1995 musique [test] query-GT pairs...
Batches:  25%|██▌       | 16/63 [00:00<00:00, 150.82it/s]
Batches:  54%|█████▍    | 34/63 [00:00<00:00, 162.74it/s]
Batches:  84%|████████▍ | 53/63 [00:00<00:00, 173.65it/s]
Training MLP (info_nce_single):   0%|          | 0/100 [00:00<?, ?it/s]
Training MLP (info_nce_single):   0%|          | 0/100 [00:00<?, ?it/s, TrL=3.2102, VaL=2.7400, TeL=2.6734 ★=best]
Training MLP (info_nce_single):   1%|          | 1/100 [00:00<00:58,  1.70it/s, TrL=3.2102, VaL=2.7400, TeL=2.6734 ★=best]
Training MLP (info_nce_single):   1%|          | 1/100 [00:01<00:58,  1.70it/s, TrL=2.6007, VaL=2.3924, TeL=2.3017 ★=best]
Training MLP (info_nce_single):   2%|▏         | 2/100 [00:01<00:52,  1.87it/s, TrL=2.6007, VaL=2.3924, TeL=2.3017 ★=best]
Training MLP (info_nce_single):   2%|▏         | 2/100 [00:01<00:52,  1.87it/s, TrL=2.3261, VaL=2.2229, TeL=2.1074 ★=best]
Training MLP (info_nce_single):   3%|▎         | 3/100 [00:01<00:50,  1.91it/s, TrL=2.3261, VaL=2.2229, TeL=2.1074 ★=best]
Training MLP (info_nce_single):   3%|▎         | 3/100 [00:02<00:50,  1.91it/s, TrL=2.1364, VaL=2.0913, TeL=1.9819 ★=best]
Training MLP (info_nce_single):   4%|▍         | 4/100 [00:02<00:49,  1.93it/s, TrL=2.1364, VaL=2.0913, TeL=1.9819 ★=best]
Training MLP (info_nce_single):   4%|▍         | 4/100 [00:02<00:49,  1.93it/s, TrL=1.9888, VaL=1.9809, TeL=1.8794 ★=best]
Training MLP (info_nce_single):   5%|▌         | 5/100 [00:02<00:48,  1.95it/s, TrL=1.9888, VaL=1.9809, TeL=1.8794 ★=best]
Training MLP (info_nce_single):   5%|▌         | 5/100 [00:03<00:48,  1.95it/s, TrL=1.8565, VaL=1.8985, TeL=1.7968 ★=best]
Training MLP (info_nce_single):   6%|▌         | 6/100 [00:03<00:48,  1.95it/s, TrL=1.8565, VaL=1.8985, TeL=1.7968 ★=best]
Training MLP (info_nce_single):   6%|▌         | 6/100 [00:03<00:48,  1.95it/s, TrL=1.7599, VaL=1.8362, TeL=1.7326 ★=best]
Training MLP (info_nce_single):   7%|▋         | 7/100 [00:03<00:47,  1.95it/s, TrL=1.7599, VaL=1.8362, TeL=1.7326 ★=best]
Training MLP (info_nce_single):   7%|▋         | 7/100 [00:04<00:47,  1.95it/s, TrL=1.6633, VaL=1.7713, TeL=1.6592 ★=best]
Training MLP (info_nce_single):   8%|▊         | 8/100 [00:04<00:46,  1.98it/s, TrL=1.6633, VaL=1.7713, TeL=1.6592 ★=best]
Training MLP (info_nce_single):   8%|▊         | 8/100 [00:04<00:46,  1.98it/s, TrL=1.5861, VaL=1.7337, TeL=1.6191 ★=best]
Training MLP (info_nce_single):   9%|▉         | 9/100 [00:04<00:45,  1.98it/s, TrL=1.5861, VaL=1.7337, TeL=1.6191 ★=best]
Training MLP (info_nce_single):   9%|▉         | 9/100 [00:05<00:45,  1.98it/s, TrL=1.5061, VaL=1.6913, TeL=1.5891 ★=best]
Training MLP (info_nce_single):  10%|█         | 10/100 [00:05<00:45,  1.99it/s, TrL=1.5061, VaL=1.6913, TeL=1.5891 ★=best]
Training MLP (info_nce_single):  10%|█         | 10/100 [00:05<00:45,  1.99it/s, TrL=1.4350, VaL=1.6439, TeL=1.5403 ★=best]
Training MLP (info_nce_single):  11%|█         | 11/100 [00:05<00:44,  2.00it/s, TrL=1.4350, VaL=1.6439, TeL=1.5403 ★=best]
Training MLP (info_nce_single):  11%|█         | 11/100 [00:06<00:44,  2.00it/s, TrL=1.3780, VaL=1.6111, TeL=1.5093 ★=best]
Training MLP (info_nce_single):  12%|█▏        | 12/100 [00:06<00:44,  2.00it/s, TrL=1.3780, VaL=1.6111, TeL=1.5093 ★=best]
Training MLP (info_nce_single):  12%|█▏        | 12/100 [00:06<00:44,  2.00it/s, TrL=1.3157, VaL=1.5873, TeL=1.4863 ★=best]
Training MLP (info_nce_single):  13%|█▎        | 13/100 [00:06<00:43,  2.02it/s, TrL=1.3157, VaL=1.5873, TeL=1.4863 ★=best]
Training MLP (info_nce_single):  13%|█▎        | 13/100 [00:07<00:43,  2.02it/s, TrL=1.2573, VaL=1.5591, TeL=1.4524 ★=best]
Training MLP (info_nce_single):  14%|█▍        | 14/100 [00:07<00:42,  2.01it/s, TrL=1.2573, VaL=1.5591, TeL=1.4524 ★=best]
Training MLP (info_nce_single):  14%|█▍        | 14/100 [00:07<00:42,  2.01it/s, TrL=1.2071, VaL=1.5378, TeL=1.4330 ★=best]
Training MLP (info_nce_single):  15%|█▌        | 15/100 [00:07<00:42,  2.00it/s, TrL=1.2071, VaL=1.5378, TeL=1.4330 ★=best]
Training MLP (info_nce_single):  15%|█▌        | 15/100 [00:08<00:42,  2.00it/s, TrL=1.1530, VaL=1.5152, TeL=1.4087 ★=best]
Training MLP (info_nce_single):  16%|█▌        | 16/100 [00:08<00:42,  2.00it/s, TrL=1.1530, VaL=1.5152, TeL=1.4087 ★=best]
Training MLP (info_nce_single):  16%|█▌        | 16/100 [00:08<00:42,  2.00it/s, TrL=1.1124, VaL=1.4885, TeL=1.3857 ★=best]
Training MLP (info_nce_single):  17%|█▋        | 17/100 [00:08<00:41,  2.00it/s, TrL=1.1124, VaL=1.4885, TeL=1.3857 ★=best]
Training MLP (info_nce_single):  17%|█▋        | 17/100 [00:09<00:41,  2.00it/s, TrL=1.0672, VaL=1.4751, TeL=1.3631 ★=best]
Training MLP (info_nce_single):  18%|█▊        | 18/100 [00:09<00:41,  1.99it/s, TrL=1.0672, VaL=1.4751, TeL=1.3631 ★=best]
Training MLP (info_nce_single):  18%|█▊        | 18/100 [00:09<00:41,  1.99it/s, TrL=1.0322, VaL=1.4583, TeL=1.3491 ★=best]
Training MLP (info_nce_single):  19%|█▉        | 19/100 [00:09<00:40,  1.99it/s, TrL=1.0322, VaL=1.4583, TeL=1.3491 ★=best]
Training MLP (info_nce_single):  19%|█▉        | 19/100 [00:10<00:40,  1.99it/s, TrL=0.9906, VaL=1.4460, TeL=1.3336 ★=best]
Training MLP (info_nce_single):  20%|██        | 20/100 [00:10<00:40,  2.00it/s, TrL=0.9906, VaL=1.4460, TeL=1.3336 ★=best]
Training MLP (info_nce_single):  20%|██        | 20/100 [00:10<00:40,  2.00it/s, TrL=0.9575, VaL=1.4335, TeL=1.3238 ★=best]
Training MLP (info_nce_single):  21%|██        | 21/100 [00:10<00:39,  2.00it/s, TrL=0.9575, VaL=1.4335, TeL=1.3238 ★=best]
Training MLP (info_nce_single):  21%|██        | 21/100 [00:11<00:39,  2.00it/s, TrL=0.9119, VaL=1.4224, TeL=1.3106 ★=best]
Training MLP (info_nce_single):  22%|██▏       | 22/100 [00:11<00:38,  2.00it/s, TrL=0.9119, VaL=1.4224, TeL=1.3106 ★=best]
Training MLP (info_nce_single):  22%|██▏       | 22/100 [00:11<00:38,  2.00it/s, TrL=0.8801, VaL=1.4046, TeL=1.2974 ★=best]
Training MLP (info_nce_single):  23%|██▎       | 23/100 [00:11<00:38,  2.00it/s, TrL=0.8801, VaL=1.4046, TeL=1.2974 ★=best]
Training MLP (info_nce_single):  23%|██▎       | 23/100 [00:12<00:38,  2.00it/s, TrL=0.8483, VaL=1.3988, TeL=1.2894 ★=best]
Training MLP (info_nce_single):  24%|██▍       | 24/100 [00:12<00:37,  2.00it/s, TrL=0.8483, VaL=1.3988, TeL=1.2894 ★=best]
Training MLP (info_nce_single):  24%|██▍       | 24/100 [00:12<00:37,  2.00it/s, TrL=0.8197, VaL=1.3857, TeL=1.2864 ★=best]
Training MLP (info_nce_single):  25%|██▌       | 25/100 [00:12<00:37,  2.00it/s, TrL=0.8197, VaL=1.3857, TeL=1.2864 ★=best]
Training MLP (info_nce_single):  25%|██▌       | 25/100 [00:13<00:37,  2.00it/s, TrL=0.7945, VaL=1.3817, TeL=1.2838 ★=best]
Training MLP (info_nce_single):  26%|██▌       | 26/100 [00:13<00:36,  2.00it/s, TrL=0.7945, VaL=1.3817, TeL=1.2838 ★=best]
Training MLP (info_nce_single):  26%|██▌       | 26/100 [00:13<00:36,  2.00it/s, TrL=0.7672, VaL=1.3741, TeL=1.2761 ★=best]
Training MLP (info_nce_single):  27%|██▋       | 27/100 [00:13<00:36,  2.01it/s, TrL=0.7672, VaL=1.3741, TeL=1.2761 ★=best]
Training MLP (info_nce_single):  27%|██▋       | 27/100 [00:14<00:36,  2.01it/s, TrL=0.7417, VaL=1.3666, TeL=1.2716 ★=best]
Training MLP (info_nce_single):  28%|██▊       | 28/100 [00:14<00:35,  2.00it/s, TrL=0.7417, VaL=1.3666, TeL=1.2716 ★=best]
Training MLP (info_nce_single):  28%|██▊       | 28/100 [00:14<00:35,  2.00it/s, TrL=0.7178, VaL=1.3627, TeL=1.2628 ★=best]
Training MLP (info_nce_single):  29%|██▉       | 29/100 [00:14<00:35,  2.00it/s, TrL=0.7178, VaL=1.3627, TeL=1.2628 ★=best]
Training MLP (info_nce_single):  29%|██▉       | 29/100 [00:15<00:35,  2.00it/s, TrL=0.6877, VaL=1.3551, TeL=1.2583 ★=best]
Training MLP (info_nce_single):  30%|███       | 30/100 [00:15<00:34,  2.00it/s, TrL=0.6877, VaL=1.3551, TeL=1.2583 ★=best]
Training MLP (info_nce_single):  30%|███       | 30/100 [00:15<00:34,  2.00it/s, TrL=0.6787, VaL=1.3456, TeL=1.2568 ★=best]
Training MLP (info_nce_single):  31%|███       | 31/100 [00:15<00:34,  2.00it/s, TrL=0.6787, VaL=1.3456, TeL=1.2568 ★=best]
Training MLP (info_nce_single):  31%|███       | 31/100 [00:16<00:34,  2.00it/s, TrL=0.6542, VaL=1.3478, TeL=1.2558]
Training MLP (info_nce_single):  32%|███▏      | 32/100 [00:16<00:34,  2.00it/s, TrL=0.6542, VaL=1.3478, TeL=1.2558]Training MLP (info_nce_single):  32%|███▏      | 32/100 [00:16<00:34,  2.00it/s, TrL=0.6293, VaL=1.3429, TeL=1.2439 ★=best]
Training MLP (info_nce_single):  33%|███▎      | 33/100 [00:16<00:33,  2.00it/s, TrL=0.6293, VaL=1.3429, TeL=1.2439 ★=best]
Training MLP (info_nce_single):  33%|███▎      | 33/100 [00:17<00:33,  2.00it/s, TrL=0.6090, VaL=1.3336, TeL=1.2388 ★=best]
Training MLP (info_nce_single):  34%|███▍      | 34/100 [00:17<00:33,  2.00it/s, TrL=0.6090, VaL=1.3336, TeL=1.2388 ★=best]
Training MLP (info_nce_single):  34%|███▍      | 34/100 [00:17<00:33,  2.00it/s, TrL=0.5992, VaL=1.3338, TeL=1.2370]
Training MLP (info_nce_single):  35%|███▌      | 35/100 [00:17<00:32,  1.98it/s, TrL=0.5992, VaL=1.3338, TeL=1.2370]
Training MLP (info_nce_single):  35%|███▌      | 35/100 [00:18<00:32,  1.98it/s, TrL=0.5782, VaL=1.3293, TeL=1.2418 ★=best]
Training MLP (info_nce_single):  36%|███▌      | 36/100 [00:18<00:32,  1.99it/s, TrL=0.5782, VaL=1.3293, TeL=1.2418 ★=best]
Training MLP (info_nce_single):  36%|███▌      | 36/100 [00:18<00:32,  1.99it/s, TrL=0.5641, VaL=1.3294, TeL=1.2439]
Training MLP (info_nce_single):  37%|███▋      | 37/100 [00:18<00:31,  1.99it/s, TrL=0.5641, VaL=1.3294, TeL=1.2439]
Training MLP (info_nce_single):  37%|███▋      | 37/100 [00:19<00:31,  1.99it/s, TrL=0.5455, VaL=1.3232, TeL=1.2317 ★=best]
Training MLP (info_nce_single):  38%|███▊      | 38/100 [00:19<00:31,  2.00it/s, TrL=0.5455, VaL=1.3232, TeL=1.2317 ★=best]
Training MLP (info_nce_single):  38%|███▊      | 38/100 [00:19<00:31,  2.00it/s, TrL=0.5265, VaL=1.3269, TeL=1.2351]
Training MLP (info_nce_single):  39%|███▉      | 39/100 [00:19<00:30,  2.00it/s, TrL=0.5265, VaL=1.3269, TeL=1.2351]
Training MLP (info_nce_single):  39%|███▉      | 39/100 [00:20<00:30,  2.00it/s, TrL=0.5159, VaL=1.3134, TeL=1.2398 ★=best]
Training MLP (info_nce_single):  40%|████      | 40/100 [00:20<00:29,  2.00it/s, TrL=0.5159, VaL=1.3134, TeL=1.2398 ★=best]
Training MLP (info_nce_single):  40%|████      | 40/100 [00:20<00:29,  2.00it/s, TrL=0.5057, VaL=1.3112, TeL=1.2321 ★=best]
Training MLP (info_nce_single):  41%|████      | 41/100 [00:20<00:29,  2.00it/s, TrL=0.5057, VaL=1.3112, TeL=1.2321 ★=best]
Training MLP (info_nce_single):  41%|████      | 41/100 [00:21<00:29,  2.00it/s, TrL=0.4932, VaL=1.3131, TeL=1.2386]
Training MLP (info_nce_single):  42%|████▏     | 42/100 [00:21<00:29,  1.99it/s, TrL=0.4932, VaL=1.3131, TeL=1.2386]
Training MLP (info_nce_single):  42%|████▏     | 42/100 [00:21<00:29,  1.99it/s, TrL=0.4811, VaL=1.3196, TeL=1.2336]
Training MLP (info_nce_single):  43%|████▎     | 43/100 [00:21<00:28,  2.00it/s, TrL=0.4811, VaL=1.3196, TeL=1.2336]
Training MLP (info_nce_single):  43%|████▎     | 43/100 [00:22<00:28,  2.00it/s, TrL=0.4672, VaL=1.3087, TeL=1.2445 ★=best]
Training MLP (info_nce_single):  44%|████▍     | 44/100 [00:22<00:28,  2.00it/s, TrL=0.4672, VaL=1.3087, TeL=1.2445 ★=best]
Training MLP (info_nce_single):  44%|████▍     | 44/100 [00:22<00:28,  2.00it/s, TrL=0.4600, VaL=1.3122, TeL=1.2327]
Training MLP (info_nce_single):  45%|████▌     | 45/100 [00:22<00:27,  1.99it/s, TrL=0.4600, VaL=1.3122, TeL=1.2327]
Training MLP (info_nce_single):  45%|████▌     | 45/100 [00:23<00:27,  1.99it/s, TrL=0.4449, VaL=1.3111, TeL=1.2385]
Training MLP (info_nce_single):  46%|████▌     | 46/100 [00:23<00:27,  1.98it/s, TrL=0.4449, VaL=1.3111, TeL=1.2385]
Training MLP (info_nce_single):  46%|████▌     | 46/100 [00:23<00:27,  1.98it/s, TrL=0.4320, VaL=1.3137, TeL=1.2362]
Training MLP (info_nce_single):  47%|████▋     | 47/100 [00:23<00:26,  1.97it/s, TrL=0.4320, VaL=1.3137, TeL=1.2362]
Training MLP (info_nce_single):  47%|████▋     | 47/100 [00:24<00:26,  1.97it/s, TrL=0.4286, VaL=1.3105, TeL=1.2296]
Training MLP (info_nce_single):  48%|████▊     | 48/100 [00:24<00:26,  1.95it/s, TrL=0.4286, VaL=1.3105, TeL=1.2296]
Training MLP (info_nce_single):  48%|████▊     | 48/100 [00:24<00:26,  1.95it/s, TrL=0.4167, VaL=1.3050, TeL=1.2359 ★=best]
Training MLP (info_nce_single):  49%|████▉     | 49/100 [00:24<00:26,  1.94it/s, TrL=0.4167, VaL=1.3050, TeL=1.2359 ★=best]
Training MLP (info_nce_single):  49%|████▉     | 49/100 [00:25<00:26,  1.94it/s, TrL=0.4109, VaL=1.3020, TeL=1.2306 ★=best]
Training MLP (info_nce_single):  50%|█████     | 50/100 [00:25<00:25,  1.94it/s, TrL=0.4109, VaL=1.3020, TeL=1.2306 ★=best]
Training MLP (info_nce_single):  50%|█████     | 50/100 [00:25<00:25,  1.94it/s, TrL=0.3965, VaL=1.3123, TeL=1.2358]
Training MLP (info_nce_single):  51%|█████     | 51/100 [00:25<00:25,  1.95it/s, TrL=0.3965, VaL=1.3123, TeL=1.2358]
Training MLP (info_nce_single):  51%|█████     | 51/100 [00:26<00:25,  1.95it/s, TrL=0.3833, VaL=1.3026, TeL=1.2275]
Training MLP (info_nce_single):  52%|█████▏    | 52/100 [00:26<00:24,  1.97it/s, TrL=0.3833, VaL=1.3026, TeL=1.2275]
Training MLP (info_nce_single):  52%|█████▏    | 52/100 [00:26<00:24,  1.97it/s, TrL=0.3834, VaL=1.2956, TeL=1.2256 ★=best]
Training MLP (info_nce_single):  53%|█████▎    | 53/100 [00:26<00:23,  1.97it/s, TrL=0.3834, VaL=1.2956, TeL=1.2256 ★=best]
Training MLP (info_nce_single):  53%|█████▎    | 53/100 [00:27<00:23,  1.97it/s, TrL=0.3779, VaL=1.3053, TeL=1.2301]
Training MLP (info_nce_single):  54%|█████▍    | 54/100 [00:27<00:23,  1.96it/s, TrL=0.3779, VaL=1.3053, TeL=1.2301]
Training MLP (info_nce_single):  54%|█████▍    | 54/100 [00:27<00:23,  1.96it/s, TrL=0.3668, VaL=1.2996, TeL=1.2280]
Training MLP (info_nce_single):  55%|█████▌    | 55/100 [00:27<00:22,  1.97it/s, TrL=0.3668, VaL=1.2996, TeL=1.2280]
Training MLP (info_nce_single):  55%|█████▌    | 55/100 [00:28<00:22,  1.97it/s, TrL=0.3618, VaL=1.3054, TeL=1.2326]
Training MLP (info_nce_single):  56%|█████▌    | 56/100 [00:28<00:22,  1.96it/s, TrL=0.3618, VaL=1.3054, TeL=1.2326]
Training MLP (info_nce_single):  56%|█████▌    | 56/100 [00:28<00:22,  1.96it/s, TrL=0.3603, VaL=1.3055, TeL=1.2279]
Training MLP (info_nce_single):  57%|█████▋    | 57/100 [00:28<00:21,  1.97it/s, TrL=0.3603, VaL=1.3055, TeL=1.2279]
Training MLP (info_nce_single):  57%|█████▋    | 57/100 [00:29<00:21,  1.97it/s, TrL=0.3460, VaL=1.3068, TeL=1.2239]
Training MLP (info_nce_single):  58%|█████▊    | 58/100 [00:29<00:21,  1.97it/s, TrL=0.3460, VaL=1.3068, TeL=1.2239]
Training MLP (info_nce_single):  58%|█████▊    | 58/100 [00:29<00:21,  1.97it/s, TrL=0.3430, VaL=1.3005, TeL=1.2312]
Training MLP (info_nce_single):  59%|█████▉    | 59/100 [00:29<00:20,  1.96it/s, TrL=0.3430, VaL=1.3005, TeL=1.2312]
Training MLP (info_nce_single):  59%|█████▉    | 59/100 [00:30<00:20,  1.96it/s, TrL=0.3381, VaL=1.3016, TeL=1.2232]
Training MLP (info_nce_single):  60%|██████    | 60/100 [00:30<00:20,  1.97it/s, TrL=0.3381, VaL=1.3016, TeL=1.2232]
Training MLP (info_nce_single):  60%|██████    | 60/100 [00:30<00:20,  1.97it/s, TrL=0.3343, VaL=1.2963, TeL=1.2261]
Training MLP (info_nce_single):  61%|██████    | 61/100 [00:30<00:19,  1.97it/s, TrL=0.3343, VaL=1.2963, TeL=1.2261]
Training MLP (info_nce_single):  61%|██████    | 61/100 [00:31<00:19,  1.97it/s, TrL=0.3079, VaL=1.2905, TeL=1.2229 ★=best]
Training MLP (info_nce_single):  62%|██████▏   | 62/100 [00:31<00:19,  1.97it/s, TrL=0.3079, VaL=1.2905, TeL=1.2229 ★=best]
Training MLP (info_nce_single):  62%|██████▏   | 62/100 [00:31<00:19,  1.97it/s, TrL=0.3014, VaL=1.2944, TeL=1.2308]
Training MLP (info_nce_single):  63%|██████▎   | 63/100 [00:31<00:18,  1.97it/s, TrL=0.3014, VaL=1.2944, TeL=1.2308]
Training MLP (info_nce_single):  63%|██████▎   | 63/100 [00:32<00:18,  1.97it/s, TrL=0.2984, VaL=1.2931, TeL=1.2242]
Training MLP (info_nce_single):  64%|██████▍   | 64/100 [00:32<00:18,  1.98it/s, TrL=0.2984, VaL=1.2931, TeL=1.2242]
Training MLP (info_nce_single):  64%|██████▍   | 64/100 [00:32<00:18,  1.98it/s, TrL=0.2985, VaL=1.2923, TeL=1.2225]
Training MLP (info_nce_single):  65%|██████▌   | 65/100 [00:32<00:17,  1.98it/s, TrL=0.2985, VaL=1.2923, TeL=1.2225]
Training MLP (info_nce_single):  65%|██████▌   | 65/100 [00:33<00:17,  1.98it/s, TrL=0.2935, VaL=1.2893, TeL=1.2288 ★=best]
Training MLP (info_nce_single):  66%|██████▌   | 66/100 [00:33<00:17,  1.98it/s, TrL=0.2935, VaL=1.2893, TeL=1.2288 ★=best]
Training MLP (info_nce_single):  66%|██████▌   | 66/100 [00:33<00:17,  1.98it/s, TrL=0.2885, VaL=1.2914, TeL=1.2266]
Training MLP (info_nce_single):  67%|██████▋   | 67/100 [00:33<00:16,  1.97it/s, TrL=0.2885, VaL=1.2914, TeL=1.2266]
Training MLP (info_nce_single):  67%|██████▋   | 67/100 [00:34<00:16,  1.97it/s, TrL=0.2832, VaL=1.2937, TeL=1.2264]
Training MLP (info_nce_single):  68%|██████▊   | 68/100 [00:34<00:16,  1.98it/s, TrL=0.2832, VaL=1.2937, TeL=1.2264]
Training MLP (info_nce_single):  68%|██████▊   | 68/100 [00:34<00:16,  1.98it/s, TrL=0.2834, VaL=1.2897, TeL=1.2311]
Training MLP (info_nce_single):  69%|██████▉   | 69/100 [00:34<00:15,  1.98it/s, TrL=0.2834, VaL=1.2897, TeL=1.2311]
Training MLP (info_nce_single):  69%|██████▉   | 69/100 [00:35<00:15,  1.98it/s, TrL=0.2824, VaL=1.2959, TeL=1.2379]
Training MLP (info_nce_single):  70%|███████   | 70/100 [00:35<00:15,  1.98it/s, TrL=0.2824, VaL=1.2959, TeL=1.2379]
Training MLP (info_nce_single):  70%|███████   | 70/100 [00:35<00:15,  1.98it/s, TrL=0.2792, VaL=1.2972, TeL=1.2324]
Training MLP (info_nce_single):  71%|███████   | 71/100 [00:35<00:14,  1.98it/s, TrL=0.2792, VaL=1.2972, TeL=1.2324]
Training MLP (info_nce_single):  71%|███████   | 71/100 [00:36<00:14,  1.98it/s, TrL=0.2789, VaL=1.2931, TeL=1.2316]
Training MLP (info_nce_single):  72%|███████▏  | 72/100 [00:36<00:14,  1.99it/s, TrL=0.2789, VaL=1.2931, TeL=1.2316]
Training MLP (info_nce_single):  72%|███████▏  | 72/100 [00:36<00:14,  1.99it/s, TrL=0.2655, VaL=1.2954, TeL=1.2257]
Training MLP (info_nce_single):  73%|███████▎  | 73/100 [00:36<00:13,  1.99it/s, TrL=0.2655, VaL=1.2954, TeL=1.2257]
Training MLP (info_nce_single):  73%|███████▎  | 73/100 [00:37<00:13,  1.99it/s, TrL=0.2676, VaL=1.2956, TeL=1.2299]
Training MLP (info_nce_single):  74%|███████▍  | 74/100 [00:37<00:13,  1.98it/s, TrL=0.2676, VaL=1.2956, TeL=1.2299]
Training MLP (info_nce_single):  74%|███████▍  | 74/100 [00:37<00:13,  1.98it/s, TrL=0.2656, VaL=1.2946, TeL=1.2312]
Training MLP (info_nce_single):  75%|███████▌  | 75/100 [00:37<00:12,  1.99it/s, TrL=0.2656, VaL=1.2946, TeL=1.2312]
Training MLP (info_nce_single):  75%|███████▌  | 75/100 [00:38<00:12,  1.99it/s, TrL=0.2637, VaL=1.2945, TeL=1.2260]
Training MLP (info_nce_single):  76%|███████▌  | 76/100 [00:38<00:12,  1.99it/s, TrL=0.2637, VaL=1.2945, TeL=1.2260]
Training MLP (info_nce_single):  76%|███████▌  | 76/100 [00:38<00:12,  1.99it/s, TrL=0.2600, VaL=1.2953, TeL=1.2332]
Training MLP (info_nce_single):  77%|███████▋  | 77/100 [00:38<00:11,  1.98it/s, TrL=0.2600, VaL=1.2953, TeL=1.2332]
Training MLP (info_nce_single):  77%|███████▋  | 77/100 [00:39<00:11,  1.98it/s, TrL=0.2565, VaL=1.2935, TeL=1.2289]
Training MLP (info_nce_single):  78%|███████▊  | 78/100 [00:39<00:11,  1.98it/s, TrL=0.2565, VaL=1.2935, TeL=1.2289]
Training MLP (info_nce_single):  78%|███████▊  | 78/100 [00:39<00:11,  1.98it/s, TrL=0.2533, VaL=1.2952, TeL=1.2271]
Training MLP (info_nce_single):  79%|███████▉  | 79/100 [00:39<00:10,  1.98it/s, TrL=0.2533, VaL=1.2952, TeL=1.2271]
Training MLP (info_nce_single):  79%|███████▉  | 79/100 [00:40<00:10,  1.98it/s, TrL=0.2527, VaL=1.2892, TeL=1.2278 ★=best]
Training MLP (info_nce_single):  80%|████████  | 80/100 [00:40<00:10,  1.98it/s, TrL=0.2527, VaL=1.2892, TeL=1.2278 ★=best]
Training MLP (info_nce_single):  80%|████████  | 80/100 [00:40<00:10,  1.98it/s, TrL=0.2534, VaL=1.2906, TeL=1.2242]
Training MLP (info_nce_single):  81%|████████  | 81/100 [00:40<00:09,  1.97it/s, TrL=0.2534, VaL=1.2906, TeL=1.2242]
Training MLP (info_nce_single):  81%|████████  | 81/100 [00:41<00:09,  1.97it/s, TrL=0.2514, VaL=1.2916, TeL=1.2265]
Training MLP (info_nce_single):  82%|████████▏ | 82/100 [00:41<00:09,  1.98it/s, TrL=0.2514, VaL=1.2916, TeL=1.2265]
Training MLP (info_nce_single):  82%|████████▏ | 82/100 [00:41<00:09,  1.98it/s, TrL=0.2492, VaL=1.2880, TeL=1.2234 ★=best]
Training MLP (info_nce_single):  83%|████████▎ | 83/100 [00:41<00:08,  1.97it/s, TrL=0.2492, VaL=1.2880, TeL=1.2234 ★=best]
Training MLP (info_nce_single):  83%|████████▎ | 83/100 [00:42<00:08,  1.97it/s, TrL=0.2456, VaL=1.2889, TeL=1.2260]
Training MLP (info_nce_single):  84%|████████▍ | 84/100 [00:42<00:08,  1.98it/s, TrL=0.2456, VaL=1.2889, TeL=1.2260]
Training MLP (info_nce_single):  84%|████████▍ | 84/100 [00:42<00:08,  1.98it/s, TrL=0.2395, VaL=1.2871, TeL=1.2231 ★=best]
Training MLP (info_nce_single):  85%|████████▌ | 85/100 [00:42<00:07,  1.99it/s, TrL=0.2395, VaL=1.2871, TeL=1.2231 ★=best]
Training MLP (info_nce_single):  85%|████████▌ | 85/100 [00:43<00:07,  1.99it/s, TrL=0.2489, VaL=1.2887, TeL=1.2266]
Training MLP (info_nce_single):  86%|████████▌ | 86/100 [00:43<00:07,  1.98it/s, TrL=0.2489, VaL=1.2887, TeL=1.2266]
Training MLP (info_nce_single):  86%|████████▌ | 86/100 [00:43<00:07,  1.98it/s, TrL=0.2404, VaL=1.2901, TeL=1.2262]
Training MLP (info_nce_single):  87%|████████▋ | 87/100 [00:43<00:06,  1.99it/s, TrL=0.2404, VaL=1.2901, TeL=1.2262]
Training MLP (info_nce_single):  87%|████████▋ | 87/100 [00:44<00:06,  1.99it/s, TrL=0.2431, VaL=1.2889, TeL=1.2276]
Training MLP (info_nce_single):  88%|████████▊ | 88/100 [00:44<00:06,  2.00it/s, TrL=0.2431, VaL=1.2889, TeL=1.2276]
Training MLP (info_nce_single):  88%|████████▊ | 88/100 [00:44<00:06,  2.00it/s, TrL=0.2434, VaL=1.2878, TeL=1.2253]
Training MLP (info_nce_single):  89%|████████▉ | 89/100 [00:44<00:05,  2.00it/s, TrL=0.2434, VaL=1.2878, TeL=1.2253]
Training MLP (info_nce_single):  89%|████████▉ | 89/100 [00:45<00:05,  2.00it/s, TrL=0.2408, VaL=1.2862, TeL=1.2264 ★=best]
Training MLP (info_nce_single):  90%|█████████ | 90/100 [00:45<00:05,  2.00it/s, TrL=0.2408, VaL=1.2862, TeL=1.2264 ★=best]
Training MLP (info_nce_single):  90%|█████████ | 90/100 [00:45<00:05,  2.00it/s, TrL=0.2404, VaL=1.2873, TeL=1.2282]
Training MLP (info_nce_single):  91%|█████████ | 91/100 [00:45<00:04,  2.00it/s, TrL=0.2404, VaL=1.2873, TeL=1.2282]
Training MLP (info_nce_single):  91%|█████████ | 91/100 [00:46<00:04,  2.00it/s, TrL=0.2358, VaL=1.2883, TeL=1.2273]
Training MLP (info_nce_single):  92%|█████████▏| 92/100 [00:46<00:04,  2.00it/s, TrL=0.2358, VaL=1.2883, TeL=1.2273]
Training MLP (info_nce_single):  92%|█████████▏| 92/100 [00:46<00:04,  2.00it/s, TrL=0.2372, VaL=1.2890, TeL=1.2304]
Training MLP (info_nce_single):  93%|█████████▎| 93/100 [00:46<00:03,  1.99it/s, TrL=0.2372, VaL=1.2890, TeL=1.2304]
Training MLP (info_nce_single):  93%|█████████▎| 93/100 [00:47<00:03,  1.99it/s, TrL=0.2428, VaL=1.2902, TeL=1.2295]
Training MLP (info_nce_single):  94%|█████████▍| 94/100 [00:47<00:03,  1.98it/s, TrL=0.2428, VaL=1.2902, TeL=1.2295]
Training MLP (info_nce_single):  94%|█████████▍| 94/100 [00:47<00:03,  1.98it/s, TrL=0.2391, VaL=1.2872, TeL=1.2276]
Training MLP (info_nce_single):  95%|█████████▌| 95/100 [00:47<00:02,  1.98it/s, TrL=0.2391, VaL=1.2872, TeL=1.2276]
Training MLP (info_nce_single):  95%|█████████▌| 95/100 [00:48<00:02,  1.98it/s, TrL=0.2348, VaL=1.2871, TeL=1.2267]
Training MLP (info_nce_single):  96%|█████████▌| 96/100 [00:48<00:02,  1.92it/s, TrL=0.2348, VaL=1.2871, TeL=1.2267]
Training MLP (info_nce_single):  96%|█████████▌| 96/100 [00:49<00:02,  1.92it/s, TrL=0.2370, VaL=1.2875, TeL=1.2277]
Training MLP (info_nce_single):  97%|█████████▋| 97/100 [00:49<00:01,  1.93it/s, TrL=0.2370, VaL=1.2875, TeL=1.2277]
Training MLP (info_nce_single):  97%|█████████▋| 97/100 [00:49<00:01,  1.93it/s, TrL=0.2400, VaL=1.2879, TeL=1.2278]
Training MLP (info_nce_single):  98%|█████████▊| 98/100 [00:49<00:01,  1.91it/s, TrL=0.2400, VaL=1.2879, TeL=1.2278]
Training MLP (info_nce_single):  98%|█████████▊| 98/100 [00:50<00:01,  1.91it/s, TrL=0.2367, VaL=1.2875, TeL=1.2275]
Training MLP (info_nce_single):  99%|█████████▉| 99/100 [00:50<00:00,  1.93it/s, TrL=0.2367, VaL=1.2875, TeL=1.2275]
Training MLP (info_nce_single):  99%|█████████▉| 99/100 [00:50<00:00,  1.93it/s, TrL=0.2307, VaL=1.2882, TeL=1.2282]
Training MLP (info_nce_single): 100%|██████████| 100/100 [00:50<00:00,  1.95it/s, TrL=0.2307, VaL=1.2882, TeL=1.2282]
Training MLP (info_nce_single): 100%|██████████| 100/100 [00:50<00:00,  1.98it/s, TrL=0.2307, VaL=1.2882, TeL=1.2282]
2026-04-03 22:23:51,430 INFO Strict Checkpoint successfully mapped at: checkpoints/musique/losses_ablation/alignment_mlp_info_nce_single.pth
2026-04-03 22:23:53,920 INFO --> Ensuring info_nce_multi model is trained...
2026-04-03 22:23:53,921 INFO Model missing. Triggering training engine for info_nce_multi...
2026-04-03 22:23:53,922 INFO Loading data for musique | Target Loss Engine: info_nce_multi
Training MLP (info_nce_multi):   0%|          | 0/100 [00:00<?, ?it/s]
Training MLP (info_nce_multi):   0%|          | 0/100 [00:00<?, ?it/s, TrL=2.9621, VaL=2.4319, TeL=2.3807 ★=best]
Training MLP (info_nce_multi):   1%|          | 1/100 [00:00<01:34,  1.05it/s, TrL=2.9621, VaL=2.4319, TeL=2.3807 ★=best]
Training MLP (info_nce_multi):   1%|          | 1/100 [00:01<01:34,  1.05it/s, TrL=2.3195, VaL=2.0636, TeL=2.0245 ★=best]
Training MLP (info_nce_multi):   2%|▏         | 2/100 [00:01<01:33,  1.05it/s, TrL=2.3195, VaL=2.0636, TeL=2.0245 ★=best]
Training MLP (info_nce_multi):   2%|▏         | 2/100 [00:02<01:33,  1.05it/s, TrL=2.0264, VaL=1.8596, TeL=1.8087 ★=best]
Training MLP (info_nce_multi):   3%|▎         | 3/100 [00:02<01:32,  1.05it/s, TrL=2.0264, VaL=1.8596, TeL=1.8087 ★=best]
Training MLP (info_nce_multi):   3%|▎         | 3/100 [00:03<01:32,  1.05it/s, TrL=1.8212, VaL=1.7058, TeL=1.6669 ★=best]
Training MLP (info_nce_multi):   4%|▍         | 4/100 [00:03<01:31,  1.05it/s, TrL=1.8212, VaL=1.7058, TeL=1.6669 ★=best]
Training MLP (info_nce_multi):   4%|▍         | 4/100 [00:04<01:31,  1.05it/s, TrL=1.6634, VaL=1.5971, TeL=1.5586 ★=best]
Training MLP (info_nce_multi):   5%|▌         | 5/100 [00:04<01:31,  1.04it/s, TrL=1.6634, VaL=1.5971, TeL=1.5586 ★=best]
Training MLP (info_nce_multi):   5%|▌         | 5/100 [00:05<01:31,  1.04it/s, TrL=1.5418, VaL=1.4922, TeL=1.4571 ★=best]
Training MLP (info_nce_multi):   6%|▌         | 6/100 [00:05<01:30,  1.04it/s, TrL=1.5418, VaL=1.4922, TeL=1.4571 ★=best]
Training MLP (info_nce_multi):   6%|▌         | 6/100 [00:06<01:30,  1.04it/s, TrL=1.4235, VaL=1.4117, TeL=1.3817 ★=best]
Training MLP (info_nce_multi):   7%|▋         | 7/100 [00:06<01:29,  1.04it/s, TrL=1.4235, VaL=1.4117, TeL=1.3817 ★=best]
Training MLP (info_nce_multi):   7%|▋         | 7/100 [00:07<01:29,  1.04it/s, TrL=1.3275, VaL=1.3468, TeL=1.3155 ★=best]
Training MLP (info_nce_multi):   8%|▊         | 8/100 [00:07<01:28,  1.04it/s, TrL=1.3275, VaL=1.3468, TeL=1.3155 ★=best]
Training MLP (info_nce_multi):   8%|▊         | 8/100 [00:08<01:28,  1.04it/s, TrL=1.2492, VaL=1.2931, TeL=1.2488 ★=best]
Training MLP (info_nce_multi):   9%|▉         | 9/100 [00:08<01:27,  1.04it/s, TrL=1.2492, VaL=1.2931, TeL=1.2488 ★=best]
Training MLP (info_nce_multi):   9%|▉         | 9/100 [00:09<01:27,  1.04it/s, TrL=1.1733, VaL=1.2425, TeL=1.2055 ★=best]
Training MLP (info_nce_multi):  10%|█         | 10/100 [00:09<01:26,  1.04it/s, TrL=1.1733, VaL=1.2425, TeL=1.2055 ★=best]
Training MLP (info_nce_multi):  10%|█         | 10/100 [00:10<01:26,  1.04it/s, TrL=1.1022, VaL=1.1981, TeL=1.1602 ★=best]
Training MLP (info_nce_multi):  11%|█         | 11/100 [00:10<01:26,  1.03it/s, TrL=1.1022, VaL=1.1981, TeL=1.1602 ★=best]
Training MLP (info_nce_multi):  11%|█         | 11/100 [00:11<01:26,  1.03it/s, TrL=1.0392, VaL=1.1538, TeL=1.1232 ★=best]
Training MLP (info_nce_multi):  12%|█▏        | 12/100 [00:11<01:25,  1.03it/s, TrL=1.0392, VaL=1.1538, TeL=1.1232 ★=best]
Training MLP (info_nce_multi):  12%|█▏        | 12/100 [00:12<01:25,  1.03it/s, TrL=0.9916, VaL=1.1213, TeL=1.0946 ★=best]
Training MLP (info_nce_multi):  13%|█▎        | 13/100 [00:12<01:24,  1.03it/s, TrL=0.9916, VaL=1.1213, TeL=1.0946 ★=best]
Training MLP (info_nce_multi):  13%|█▎        | 13/100 [00:13<01:24,  1.03it/s, TrL=0.9363, VaL=1.0851, TeL=1.0539 ★=best]
Training MLP (info_nce_multi):  14%|█▍        | 14/100 [00:13<01:23,  1.03it/s, TrL=0.9363, VaL=1.0851, TeL=1.0539 ★=best]
Training MLP (info_nce_multi):  14%|█▍        | 14/100 [00:14<01:23,  1.03it/s, TrL=0.8855, VaL=1.0608, TeL=1.0219 ★=best]
Training MLP (info_nce_multi):  15%|█▌        | 15/100 [00:14<01:21,  1.04it/s, TrL=0.8855, VaL=1.0608, TeL=1.0219 ★=best]
Training MLP (info_nce_multi):  15%|█▌        | 15/100 [00:15<01:21,  1.04it/s, TrL=0.8408, VaL=1.0356, TeL=1.0064 ★=best]
Training MLP (info_nce_multi):  16%|█▌        | 16/100 [00:15<01:20,  1.04it/s, TrL=0.8408, VaL=1.0356, TeL=1.0064 ★=best]
Training MLP (info_nce_multi):  16%|█▌        | 16/100 [00:16<01:20,  1.04it/s, TrL=0.8010, VaL=1.0085, TeL=0.9731 ★=best]
Training MLP (info_nce_multi):  17%|█▋        | 17/100 [00:16<01:20,  1.03it/s, TrL=0.8010, VaL=1.0085, TeL=0.9731 ★=best]
Training MLP (info_nce_multi):  17%|█▋        | 17/100 [00:17<01:20,  1.03it/s, TrL=0.7566, VaL=0.9877, TeL=0.9518 ★=best]
Training MLP (info_nce_multi):  18%|█▊        | 18/100 [00:17<01:19,  1.03it/s, TrL=0.7566, VaL=0.9877, TeL=0.9518 ★=best]
Training MLP (info_nce_multi):  18%|█▊        | 18/100 [00:18<01:19,  1.03it/s, TrL=0.7181, VaL=0.9677, TeL=0.9356 ★=best]
Training MLP (info_nce_multi):  19%|█▉        | 19/100 [00:18<01:18,  1.03it/s, TrL=0.7181, VaL=0.9677, TeL=0.9356 ★=best]
Training MLP (info_nce_multi):  19%|█▉        | 19/100 [00:19<01:18,  1.03it/s, TrL=0.6810, VaL=0.9544, TeL=0.9210 ★=best]
Training MLP (info_nce_multi):  20%|██        | 20/100 [00:19<01:17,  1.03it/s, TrL=0.6810, VaL=0.9544, TeL=0.9210 ★=best]
Training MLP (info_nce_multi):  20%|██        | 20/100 [00:20<01:17,  1.03it/s, TrL=0.6515, VaL=0.9403, TeL=0.9082 ★=best]
Training MLP (info_nce_multi):  21%|██        | 21/100 [00:20<01:16,  1.04it/s, TrL=0.6515, VaL=0.9403, TeL=0.9082 ★=best]
Training MLP (info_nce_multi):  21%|██        | 21/100 [00:21<01:16,  1.04it/s, TrL=0.6269, VaL=0.9221, TeL=0.8951 ★=best]
Training MLP (info_nce_multi):  22%|██▏       | 22/100 [00:21<01:15,  1.04it/s, TrL=0.6269, VaL=0.9221, TeL=0.8951 ★=best]
Training MLP (info_nce_multi):  22%|██▏       | 22/100 [00:22<01:15,  1.04it/s, TrL=0.5910, VaL=0.9026, TeL=0.8723 ★=best]
Training MLP (info_nce_multi):  23%|██▎       | 23/100 [00:22<01:14,  1.04it/s, TrL=0.5910, VaL=0.9026, TeL=0.8723 ★=best]
Training MLP (info_nce_multi):  23%|██▎       | 23/100 [00:23<01:14,  1.04it/s, TrL=0.5740, VaL=0.8972, TeL=0.8661 ★=best]
Training MLP (info_nce_multi):  24%|██▍       | 24/100 [00:23<01:13,  1.04it/s, TrL=0.5740, VaL=0.8972, TeL=0.8661 ★=best]
Training MLP (info_nce_multi):  24%|██▍       | 24/100 [00:24<01:13,  1.04it/s, TrL=0.5509, VaL=0.8853, TeL=0.8565 ★=best]
Training MLP (info_nce_multi):  25%|██▌       | 25/100 [00:24<01:12,  1.04it/s, TrL=0.5509, VaL=0.8853, TeL=0.8565 ★=best]
Training MLP (info_nce_multi):  25%|██▌       | 25/100 [00:25<01:12,  1.04it/s, TrL=0.5192, VaL=0.8782, TeL=0.8441 ★=best]
Training MLP (info_nce_multi):  26%|██▌       | 26/100 [00:25<01:11,  1.04it/s, TrL=0.5192, VaL=0.8782, TeL=0.8441 ★=best]
Training MLP (info_nce_multi):  26%|██▌       | 26/100 [00:26<01:11,  1.04it/s, TrL=0.4978, VaL=0.8677, TeL=0.8357 ★=best]
Training MLP (info_nce_multi):  27%|██▋       | 27/100 [00:26<01:10,  1.04it/s, TrL=0.4978, VaL=0.8677, TeL=0.8357 ★=best]
Training MLP (info_nce_multi):  27%|██▋       | 27/100 [00:26<01:10,  1.04it/s, TrL=0.4801, VaL=0.8620, TeL=0.8274 ★=best]
Training MLP (info_nce_multi):  28%|██▊       | 28/100 [00:26<01:09,  1.04it/s, TrL=0.4801, VaL=0.8620, TeL=0.8274 ★=best]
Training MLP (info_nce_multi):  28%|██▊       | 28/100 [00:27<01:09,  1.04it/s, TrL=0.4529, VaL=0.8556, TeL=0.8263 ★=best]
Training MLP (info_nce_multi):  29%|██▉       | 29/100 [00:27<01:08,  1.03it/s, TrL=0.4529, VaL=0.8556, TeL=0.8263 ★=best]
Training MLP (info_nce_multi):  29%|██▉       | 29/100 [00:28<01:08,  1.03it/s, TrL=0.4392, VaL=0.8438, TeL=0.8108 ★=best]
Training MLP (info_nce_multi):  30%|███       | 30/100 [00:28<01:08,  1.03it/s, TrL=0.4392, VaL=0.8438, TeL=0.8108 ★=best]
Training MLP (info_nce_multi):  30%|███       | 30/100 [00:29<01:08,  1.03it/s, TrL=0.4251, VaL=0.8365, TeL=0.8041 ★=best]
Training MLP (info_nce_multi):  31%|███       | 31/100 [00:29<01:07,  1.03it/s, TrL=0.4251, VaL=0.8365, TeL=0.8041 ★=best]
Training MLP (info_nce_multi):  31%|███       | 31/100 [00:30<01:07,  1.03it/s, TrL=0.4096, VaL=0.8341, TeL=0.7881 ★=best]
Training MLP (info_nce_multi):  32%|███▏      | 32/100 [00:30<01:06,  1.03it/s, TrL=0.4096, VaL=0.8341, TeL=0.7881 ★=best]
Training MLP (info_nce_multi):  32%|███▏      | 32/100 [00:31<01:06,  1.03it/s, TrL=0.3894, VaL=0.8306, TeL=0.7933 ★=best]
Training MLP (info_nce_multi):  33%|███▎      | 33/100 [00:31<01:05,  1.03it/s, TrL=0.3894, VaL=0.8306, TeL=0.7933 ★=best]
Training MLP (info_nce_multi):  33%|███▎      | 33/100 [00:32<01:05,  1.03it/s, TrL=0.3805, VaL=0.8288, TeL=0.7913 ★=best]
Training MLP (info_nce_multi):  34%|███▍      | 34/100 [00:32<01:03,  1.03it/s, TrL=0.3805, VaL=0.8288, TeL=0.7913 ★=best]
Training MLP (info_nce_multi):  34%|███▍      | 34/100 [00:33<01:03,  1.03it/s, TrL=0.3678, VaL=0.8218, TeL=0.7869 ★=best]
Training MLP (info_nce_multi):  35%|███▌      | 35/100 [00:33<01:02,  1.04it/s, TrL=0.3678, VaL=0.8218, TeL=0.7869 ★=best]
Training MLP (info_nce_multi):  35%|███▌      | 35/100 [00:34<01:02,  1.04it/s, TrL=0.3514, VaL=0.8211, TeL=0.7810 ★=best]
Training MLP (info_nce_multi):  36%|███▌      | 36/100 [00:34<01:01,  1.04it/s, TrL=0.3514, VaL=0.8211, TeL=0.7810 ★=best]
Training MLP (info_nce_multi):  36%|███▌      | 36/100 [00:35<01:01,  1.04it/s, TrL=0.3434, VaL=0.8141, TeL=0.7688 ★=best]
Training MLP (info_nce_multi):  37%|███▋      | 37/100 [00:35<01:00,  1.04it/s, TrL=0.3434, VaL=0.8141, TeL=0.7688 ★=best]
Training MLP (info_nce_multi):  37%|███▋      | 37/100 [00:36<01:00,  1.04it/s, TrL=0.3306, VaL=0.8146, TeL=0.7693]
Training MLP (info_nce_multi):  38%|███▊      | 38/100 [00:36<00:59,  1.04it/s, TrL=0.3306, VaL=0.8146, TeL=0.7693]
Training MLP (info_nce_multi):  38%|███▊      | 38/100 [00:37<00:59,  1.04it/s, TrL=0.3217, VaL=0.8070, TeL=0.7655 ★=best]
Training MLP (info_nce_multi):  39%|███▉      | 39/100 [00:37<00:58,  1.04it/s, TrL=0.3217, VaL=0.8070, TeL=0.7655 ★=best]
Training MLP (info_nce_multi):  39%|███▉      | 39/100 [00:38<00:58,  1.04it/s, TrL=0.3074, VaL=0.8019, TeL=0.7562 ★=best]
Training MLP (info_nce_multi):  40%|████      | 40/100 [00:38<00:58,  1.02it/s, TrL=0.3074, VaL=0.8019, TeL=0.7562 ★=best]
Training MLP (info_nce_multi):  40%|████      | 40/100 [00:39<00:58,  1.02it/s, TrL=0.3021, VaL=0.7972, TeL=0.7587 ★=best]
Training MLP (info_nce_multi):  41%|████      | 41/100 [00:39<00:57,  1.02it/s, TrL=0.3021, VaL=0.7972, TeL=0.7587 ★=best]
Training MLP (info_nce_multi):  41%|████      | 41/100 [00:40<00:57,  1.02it/s, TrL=0.2889, VaL=0.8032, TeL=0.7559]
Training MLP (info_nce_multi):  42%|████▏     | 42/100 [00:40<00:56,  1.02it/s, TrL=0.2889, VaL=0.8032, TeL=0.7559]
Training MLP (info_nce_multi):  42%|████▏     | 42/100 [00:41<00:56,  1.02it/s, TrL=0.2792, VaL=0.7978, TeL=0.7536]
Training MLP (info_nce_multi):  43%|████▎     | 43/100 [00:41<00:55,  1.02it/s, TrL=0.2792, VaL=0.7978, TeL=0.7536]
Training MLP (info_nce_multi):  43%|████▎     | 43/100 [00:42<00:55,  1.02it/s, TrL=0.2756, VaL=0.7914, TeL=0.7541 ★=best]
Training MLP (info_nce_multi):  44%|████▍     | 44/100 [00:42<00:54,  1.03it/s, TrL=0.2756, VaL=0.7914, TeL=0.7541 ★=best]
Training MLP (info_nce_multi):  44%|████▍     | 44/100 [00:43<00:54,  1.03it/s, TrL=0.2716, VaL=0.7906, TeL=0.7561 ★=best]
Training MLP (info_nce_multi):  45%|████▌     | 45/100 [00:43<00:53,  1.03it/s, TrL=0.2716, VaL=0.7906, TeL=0.7561 ★=best]
Training MLP (info_nce_multi):  45%|████▌     | 45/100 [00:44<00:53,  1.03it/s, TrL=0.2599, VaL=0.7883, TeL=0.7451 ★=best]
Training MLP (info_nce_multi):  46%|████▌     | 46/100 [00:44<00:52,  1.04it/s, TrL=0.2599, VaL=0.7883, TeL=0.7451 ★=best]
Training MLP (info_nce_multi):  46%|████▌     | 46/100 [00:45<00:52,  1.04it/s, TrL=0.2548, VaL=0.7863, TeL=0.7471 ★=best]
Training MLP (info_nce_multi):  47%|████▋     | 47/100 [00:45<00:50,  1.04it/s, TrL=0.2548, VaL=0.7863, TeL=0.7471 ★=best]
Training MLP (info_nce_multi):  47%|████▋     | 47/100 [00:46<00:50,  1.04it/s, TrL=0.2503, VaL=0.7838, TeL=0.7440 ★=best]
Training MLP (info_nce_multi):  48%|████▊     | 48/100 [00:46<00:49,  1.04it/s, TrL=0.2503, VaL=0.7838, TeL=0.7440 ★=best]
Training MLP (info_nce_multi):  48%|████▊     | 48/100 [00:47<00:49,  1.04it/s, TrL=0.2451, VaL=0.7879, TeL=0.7438]
Training MLP (info_nce_multi):  49%|████▉     | 49/100 [00:47<00:48,  1.05it/s, TrL=0.2451, VaL=0.7879, TeL=0.7438]
Training MLP (info_nce_multi):  49%|████▉     | 49/100 [00:48<00:48,  1.05it/s, TrL=0.2388, VaL=0.7861, TeL=0.7421]
Training MLP (info_nce_multi):  50%|█████     | 50/100 [00:48<00:48,  1.04it/s, TrL=0.2388, VaL=0.7861, TeL=0.7421]
Training MLP (info_nce_multi):  50%|█████     | 50/100 [00:49<00:48,  1.04it/s, TrL=0.2344, VaL=0.7849, TeL=0.7426]
Training MLP (info_nce_multi):  51%|█████     | 51/100 [00:49<00:47,  1.03it/s, TrL=0.2344, VaL=0.7849, TeL=0.7426]
Training MLP (info_nce_multi):  51%|█████     | 51/100 [00:50<00:47,  1.03it/s, TrL=0.2259, VaL=0.7809, TeL=0.7405 ★=best]
Training MLP (info_nce_multi):  52%|█████▏    | 52/100 [00:50<00:46,  1.03it/s, TrL=0.2259, VaL=0.7809, TeL=0.7405 ★=best]
Training MLP (info_nce_multi):  52%|█████▏    | 52/100 [00:51<00:46,  1.03it/s, TrL=0.2236, VaL=0.7814, TeL=0.7344]
Training MLP (info_nce_multi):  53%|█████▎    | 53/100 [00:51<00:45,  1.03it/s, TrL=0.2236, VaL=0.7814, TeL=0.7344]
Training MLP (info_nce_multi):  53%|█████▎    | 53/100 [00:52<00:45,  1.03it/s, TrL=0.2216, VaL=0.7842, TeL=0.7396]
Training MLP (info_nce_multi):  54%|█████▍    | 54/100 [00:52<00:44,  1.04it/s, TrL=0.2216, VaL=0.7842, TeL=0.7396]
Training MLP (info_nce_multi):  54%|█████▍    | 54/100 [00:53<00:44,  1.04it/s, TrL=0.2139, VaL=0.7790, TeL=0.7428 ★=best]
Training MLP (info_nce_multi):  55%|█████▌    | 55/100 [00:53<00:43,  1.04it/s, TrL=0.2139, VaL=0.7790, TeL=0.7428 ★=best]
Training MLP (info_nce_multi):  55%|█████▌    | 55/100 [00:54<00:43,  1.04it/s, TrL=0.2101, VaL=0.7824, TeL=0.7402]
Training MLP (info_nce_multi):  56%|█████▌    | 56/100 [00:54<00:42,  1.04it/s, TrL=0.2101, VaL=0.7824, TeL=0.7402]
Training MLP (info_nce_multi):  56%|█████▌    | 56/100 [00:55<00:42,  1.04it/s, TrL=0.2013, VaL=0.7788, TeL=0.7303 ★=best]
Training MLP (info_nce_multi):  57%|█████▋    | 57/100 [00:55<00:41,  1.04it/s, TrL=0.2013, VaL=0.7788, TeL=0.7303 ★=best]
Training MLP (info_nce_multi):  57%|█████▋    | 57/100 [00:56<00:41,  1.04it/s, TrL=0.1971, VaL=0.7751, TeL=0.7302 ★=best]
Training MLP (info_nce_multi):  58%|█████▊    | 58/100 [00:56<00:40,  1.04it/s, TrL=0.1971, VaL=0.7751, TeL=0.7302 ★=best]
Training MLP (info_nce_multi):  58%|█████▊    | 58/100 [00:56<00:40,  1.04it/s, TrL=0.1982, VaL=0.7818, TeL=0.7347]
Training MLP (info_nce_multi):  59%|█████▉    | 59/100 [00:56<00:39,  1.04it/s, TrL=0.1982, VaL=0.7818, TeL=0.7347]
Training MLP (info_nce_multi):  59%|█████▉    | 59/100 [00:57<00:39,  1.04it/s, TrL=0.1954, VaL=0.7793, TeL=0.7296]
Training MLP (info_nce_multi):  60%|██████    | 60/100 [00:57<00:38,  1.04it/s, TrL=0.1954, VaL=0.7793, TeL=0.7296]
Training MLP (info_nce_multi):  60%|██████    | 60/100 [00:58<00:38,  1.04it/s, TrL=0.1881, VaL=0.7764, TeL=0.7352]
Training MLP (info_nce_multi):  61%|██████    | 61/100 [00:58<00:37,  1.04it/s, TrL=0.1881, VaL=0.7764, TeL=0.7352]
Training MLP (info_nce_multi):  61%|██████    | 61/100 [00:59<00:37,  1.04it/s, TrL=0.1871, VaL=0.7789, TeL=0.7325]
Training MLP (info_nce_multi):  62%|██████▏   | 62/100 [00:59<00:36,  1.04it/s, TrL=0.1871, VaL=0.7789, TeL=0.7325]
Training MLP (info_nce_multi):  62%|██████▏   | 62/100 [01:00<00:36,  1.04it/s, TrL=0.1836, VaL=0.7807, TeL=0.7424]
Training MLP (info_nce_multi):  63%|██████▎   | 63/100 [01:00<00:35,  1.04it/s, TrL=0.1836, VaL=0.7807, TeL=0.7424]
Training MLP (info_nce_multi):  63%|██████▎   | 63/100 [01:01<00:35,  1.04it/s, TrL=0.1810, VaL=0.7816, TeL=0.7312]
Training MLP (info_nce_multi):  64%|██████▍   | 64/100 [01:01<00:34,  1.04it/s, TrL=0.1810, VaL=0.7816, TeL=0.7312]
Training MLP (info_nce_multi):  64%|██████▍   | 64/100 [01:02<00:34,  1.04it/s, TrL=0.1811, VaL=0.7755, TeL=0.7269]
Training MLP (info_nce_multi):  65%|██████▌   | 65/100 [01:02<00:33,  1.04it/s, TrL=0.1811, VaL=0.7755, TeL=0.7269]
Training MLP (info_nce_multi):  65%|██████▌   | 65/100 [01:03<00:33,  1.04it/s, TrL=0.1758, VaL=0.7843, TeL=0.7347]
Training MLP (info_nce_multi):  66%|██████▌   | 66/100 [01:03<00:32,  1.04it/s, TrL=0.1758, VaL=0.7843, TeL=0.7347]
Training MLP (info_nce_multi):  66%|██████▌   | 66/100 [01:04<00:32,  1.04it/s, TrL=0.1643, VaL=0.7729, TeL=0.7219 ★=best]
Training MLP (info_nce_multi):  67%|██████▋   | 67/100 [01:04<00:31,  1.04it/s, TrL=0.1643, VaL=0.7729, TeL=0.7219 ★=best]
Training MLP (info_nce_multi):  67%|██████▋   | 67/100 [01:05<00:31,  1.04it/s, TrL=0.1597, VaL=0.7767, TeL=0.7220]
Training MLP (info_nce_multi):  68%|██████▊   | 68/100 [01:05<00:30,  1.04it/s, TrL=0.1597, VaL=0.7767, TeL=0.7220]
Training MLP (info_nce_multi):  68%|██████▊   | 68/100 [01:06<00:30,  1.04it/s, TrL=0.1555, VaL=0.7736, TeL=0.7251]
Training MLP (info_nce_multi):  69%|██████▉   | 69/100 [01:06<00:30,  1.03it/s, TrL=0.1555, VaL=0.7736, TeL=0.7251]
Training MLP (info_nce_multi):  69%|██████▉   | 69/100 [01:07<00:30,  1.03it/s, TrL=0.1562, VaL=0.7724, TeL=0.7233 ★=best]
Training MLP (info_nce_multi):  70%|███████   | 70/100 [01:07<00:28,  1.04it/s, TrL=0.1562, VaL=0.7724, TeL=0.7233 ★=best]
Training MLP (info_nce_multi):  70%|███████   | 70/100 [01:08<00:28,  1.04it/s, TrL=0.1529, VaL=0.7698, TeL=0.7227 ★=best]
Training MLP (info_nce_multi):  71%|███████   | 71/100 [01:08<00:28,  1.03it/s, TrL=0.1529, VaL=0.7698, TeL=0.7227 ★=best]
Training MLP (info_nce_multi):  71%|███████   | 71/100 [01:09<00:28,  1.03it/s, TrL=0.1518, VaL=0.7726, TeL=0.7212]
Training MLP (info_nce_multi):  72%|███████▏  | 72/100 [01:09<00:26,  1.04it/s, TrL=0.1518, VaL=0.7726, TeL=0.7212]
Training MLP (info_nce_multi):  72%|███████▏  | 72/100 [01:10<00:26,  1.04it/s, TrL=0.1483, VaL=0.7746, TeL=0.7251]
Training MLP (info_nce_multi):  73%|███████▎  | 73/100 [01:10<00:25,  1.04it/s, TrL=0.1483, VaL=0.7746, TeL=0.7251]
Training MLP (info_nce_multi):  73%|███████▎  | 73/100 [01:11<00:25,  1.04it/s, TrL=0.1498, VaL=0.7720, TeL=0.7208]
Training MLP (info_nce_multi):  74%|███████▍  | 74/100 [01:11<00:24,  1.05it/s, TrL=0.1498, VaL=0.7720, TeL=0.7208]
Training MLP (info_nce_multi):  74%|███████▍  | 74/100 [01:12<00:24,  1.05it/s, TrL=0.1447, VaL=0.7729, TeL=0.7218]
Training MLP (info_nce_multi):  75%|███████▌  | 75/100 [01:12<00:23,  1.05it/s, TrL=0.1447, VaL=0.7729, TeL=0.7218]
Training MLP (info_nce_multi):  75%|███████▌  | 75/100 [01:13<00:23,  1.05it/s, TrL=0.1433, VaL=0.7764, TeL=0.7219]
Training MLP (info_nce_multi):  76%|███████▌  | 76/100 [01:13<00:22,  1.04it/s, TrL=0.1433, VaL=0.7764, TeL=0.7219]
Training MLP (info_nce_multi):  76%|███████▌  | 76/100 [01:14<00:22,  1.04it/s, TrL=0.1445, VaL=0.7757, TeL=0.7264]
Training MLP (info_nce_multi):  77%|███████▋  | 77/100 [01:14<00:22,  1.04it/s, TrL=0.1445, VaL=0.7757, TeL=0.7264]
Training MLP (info_nce_multi):  77%|███████▋  | 77/100 [01:15<00:22,  1.04it/s, TrL=0.1446, VaL=0.7738, TeL=0.7219]
Training MLP (info_nce_multi):  78%|███████▊  | 78/100 [01:15<00:21,  1.05it/s, TrL=0.1446, VaL=0.7738, TeL=0.7219]
Training MLP (info_nce_multi):  78%|███████▊  | 78/100 [01:16<00:21,  1.05it/s, TrL=0.1433, VaL=0.7724, TeL=0.7247]
Training MLP (info_nce_multi):  79%|███████▉  | 79/100 [01:16<00:20,  1.04it/s, TrL=0.1433, VaL=0.7724, TeL=0.7247]
Training MLP (info_nce_multi):  79%|███████▉  | 79/100 [01:17<00:20,  1.04it/s, TrL=0.1368, VaL=0.7705, TeL=0.7224]
Training MLP (info_nce_multi):  80%|████████  | 80/100 [01:17<00:19,  1.04it/s, TrL=0.1368, VaL=0.7705, TeL=0.7224]
Training MLP (info_nce_multi):  80%|████████  | 80/100 [01:18<00:19,  1.04it/s, TrL=0.1331, VaL=0.7703, TeL=0.7214]
Training MLP (info_nce_multi):  81%|████████  | 81/100 [01:18<00:18,  1.04it/s, TrL=0.1331, VaL=0.7703, TeL=0.7214]
Training MLP (info_nce_multi):  81%|████████  | 81/100 [01:19<00:18,  1.04it/s, TrL=0.1363, VaL=0.7721, TeL=0.7216]
Training MLP (info_nce_multi):  82%|████████▏ | 82/100 [01:19<00:17,  1.03it/s, TrL=0.1363, VaL=0.7721, TeL=0.7216]
Training MLP (info_nce_multi):  82%|████████▏ | 82/100 [01:20<00:17,  1.03it/s, TrL=0.1355, VaL=0.7704, TeL=0.7207]
Training MLP (info_nce_multi):  83%|████████▎ | 83/100 [01:20<00:16,  1.04it/s, TrL=0.1355, VaL=0.7704, TeL=0.7207]
Training MLP (info_nce_multi):  83%|████████▎ | 83/100 [01:21<00:16,  1.04it/s, TrL=0.1321, VaL=0.7704, TeL=0.7198]
Training MLP (info_nce_multi):  84%|████████▍ | 84/100 [01:21<00:15,  1.03it/s, TrL=0.1321, VaL=0.7704, TeL=0.7198]
Training MLP (info_nce_multi):  84%|████████▍ | 84/100 [01:21<00:15,  1.03it/s, TrL=0.1306, VaL=0.7737, TeL=0.7212]
Training MLP (info_nce_multi):  85%|████████▌ | 85/100 [01:21<00:14,  1.04it/s, TrL=0.1306, VaL=0.7737, TeL=0.7212]
Training MLP (info_nce_multi):  85%|████████▌ | 85/100 [01:22<00:14,  1.04it/s, TrL=0.1291, VaL=0.7702, TeL=0.7215]
Training MLP (info_nce_multi):  86%|████████▌ | 86/100 [01:22<00:13,  1.03it/s, TrL=0.1291, VaL=0.7702, TeL=0.7215]
Training MLP (info_nce_multi):  86%|████████▌ | 86/100 [01:23<00:13,  1.03it/s, TrL=0.1299, VaL=0.7759, TeL=0.7249]
Training MLP (info_nce_multi):  87%|████████▋ | 87/100 [01:23<00:12,  1.03it/s, TrL=0.1299, VaL=0.7759, TeL=0.7249]
Training MLP (info_nce_multi):  87%|████████▋ | 87/100 [01:24<00:12,  1.03it/s, TrL=0.1279, VaL=0.7729, TeL=0.7220]
Training MLP (info_nce_multi):  88%|████████▊ | 88/100 [01:24<00:11,  1.01it/s, TrL=0.1279, VaL=0.7729, TeL=0.7220]
Training MLP (info_nce_multi):  88%|████████▊ | 88/100 [01:25<00:11,  1.01it/s, TrL=0.1288, VaL=0.7732, TeL=0.7238]
Training MLP (info_nce_multi):  89%|████████▉ | 89/100 [01:25<00:10,  1.01it/s, TrL=0.1288, VaL=0.7732, TeL=0.7238]
Training MLP (info_nce_multi):  89%|████████▉ | 89/100 [01:26<00:10,  1.01it/s, TrL=0.1266, VaL=0.7727, TeL=0.7229]
Training MLP (info_nce_multi):  90%|█████████ | 90/100 [01:26<00:09,  1.02it/s, TrL=0.1266, VaL=0.7727, TeL=0.7229]
Training MLP (info_nce_multi):  90%|█████████ | 90/100 [01:27<00:09,  1.02it/s, TrL=0.1270, VaL=0.7721, TeL=0.7242]
Training MLP (info_nce_multi):  91%|█████████ | 91/100 [01:27<00:08,  1.02it/s, TrL=0.1270, VaL=0.7721, TeL=0.7242]2026-04-03 22:25:31,752 INFO Early stopping triggered at epoch 91
Training MLP (info_nce_multi):  91%|█████████ | 91/100 [01:27<00:08,  1.04it/s, TrL=0.1270, VaL=0.7721, TeL=0.7242]
2026-04-03 22:25:31,756 INFO Strict Checkpoint successfully mapped at: checkpoints/musique/losses_ablation/alignment_mlp_info_nce_multi.pth
2026-04-03 22:25:34,641 INFO --> Ensuring kl_div model is trained...
2026-04-03 22:25:34,641 INFO Model missing. Triggering training engine for kl_div...
2026-04-03 22:25:34,644 INFO Loading data for musique | Target Loss Engine: kl_div
Training MLP (kl_div):   0%|          | 0/100 [00:00<?, ?it/s]
Training MLP (kl_div):   0%|          | 0/100 [00:01<?, ?it/s, TrL=3.0034, VaL=2.5248, TeL=2.4616 ★=best]
Training MLP (kl_div):   1%|          | 1/100 [00:01<02:03,  1.24s/it, TrL=3.0034, VaL=2.5248, TeL=2.4616 ★=best]
Training MLP (kl_div):   1%|          | 1/100 [00:02<02:03,  1.24s/it, TrL=2.4129, VaL=2.1922, TeL=2.1320 ★=best]
Training MLP (kl_div):   2%|▏         | 2/100 [00:02<02:02,  1.25s/it, TrL=2.4129, VaL=2.1922, TeL=2.1320 ★=best]
Training MLP (kl_div):   2%|▏         | 2/100 [00:03<02:02,  1.25s/it, TrL=2.1457, VaL=1.9875, TeL=1.9303 ★=best]
Training MLP (kl_div):   3%|▎         | 3/100 [00:03<02:01,  1.25s/it, TrL=2.1457, VaL=1.9875, TeL=1.9303 ★=best]
Training MLP (kl_div):   3%|▎         | 3/100 [00:04<02:01,  1.25s/it, TrL=1.9503, VaL=1.8659, TeL=1.8007 ★=best]
Training MLP (kl_div):   4%|▍         | 4/100 [00:04<01:59,  1.25s/it, TrL=1.9503, VaL=1.8659, TeL=1.8007 ★=best]
Training MLP (kl_div):   4%|▍         | 4/100 [00:06<01:59,  1.25s/it, TrL=1.8159, VaL=1.7596, TeL=1.6934 ★=best]
Training MLP (kl_div):   5%|▌         | 5/100 [00:06<01:59,  1.26s/it, TrL=1.8159, VaL=1.7596, TeL=1.6934 ★=best]
Training MLP (kl_div):   5%|▌         | 5/100 [00:07<01:59,  1.26s/it, TrL=1.6941, VaL=1.6793, TeL=1.6181 ★=best]
Training MLP (kl_div):   6%|▌         | 6/100 [00:07<01:58,  1.26s/it, TrL=1.6941, VaL=1.6793, TeL=1.6181 ★=best]
Training MLP (kl_div):   6%|▌         | 6/100 [00:08<01:58,  1.26s/it, TrL=1.5942, VaL=1.6179, TeL=1.5580 ★=best]
Training MLP (kl_div):   7%|▋         | 7/100 [00:08<01:57,  1.26s/it, TrL=1.5942, VaL=1.6179, TeL=1.5580 ★=best]
Training MLP (kl_div):   7%|▋         | 7/100 [00:10<01:57,  1.26s/it, TrL=1.5129, VaL=1.5532, TeL=1.4868 ★=best]
Training MLP (kl_div):   8%|▊         | 8/100 [00:10<01:55,  1.26s/it, TrL=1.5129, VaL=1.5532, TeL=1.4868 ★=best]
Training MLP (kl_div):   8%|▊         | 8/100 [00:11<01:55,  1.26s/it, TrL=1.4340, VaL=1.5017, TeL=1.4358 ★=best]
Training MLP (kl_div):   9%|▉         | 9/100 [00:11<01:54,  1.25s/it, TrL=1.4340, VaL=1.5017, TeL=1.4358 ★=best]
Training MLP (kl_div):   9%|▉         | 9/100 [00:12<01:54,  1.25s/it, TrL=1.3614, VaL=1.4582, TeL=1.3866 ★=best]
Training MLP (kl_div):  10%|█         | 10/100 [00:12<01:52,  1.25s/it, TrL=1.3614, VaL=1.4582, TeL=1.3866 ★=best]
Training MLP (kl_div):  10%|█         | 10/100 [00:13<01:52,  1.25s/it, TrL=1.3033, VaL=1.4279, TeL=1.3553 ★=best]
Training MLP (kl_div):  11%|█         | 11/100 [00:13<01:51,  1.25s/it, TrL=1.3033, VaL=1.4279, TeL=1.3553 ★=best]
Training MLP (kl_div):  11%|█         | 11/100 [00:15<01:51,  1.25s/it, TrL=1.2460, VaL=1.3935, TeL=1.3255 ★=best]
Training MLP (kl_div):  12%|█▏        | 12/100 [00:15<01:50,  1.25s/it, TrL=1.2460, VaL=1.3935, TeL=1.3255 ★=best]
Training MLP (kl_div):  12%|█▏        | 12/100 [00:16<01:50,  1.25s/it, TrL=1.1970, VaL=1.3631, TeL=1.2926 ★=best]
Training MLP (kl_div):  13%|█▎        | 13/100 [00:16<01:49,  1.25s/it, TrL=1.1970, VaL=1.3631, TeL=1.2926 ★=best]
Training MLP (kl_div):  13%|█▎        | 13/100 [00:17<01:49,  1.25s/it, TrL=1.1517, VaL=1.3346, TeL=1.2621 ★=best]
Training MLP (kl_div):  14%|█▍        | 14/100 [00:17<01:47,  1.25s/it, TrL=1.1517, VaL=1.3346, TeL=1.2621 ★=best]
Training MLP (kl_div):  14%|█▍        | 14/100 [00:18<01:47,  1.25s/it, TrL=1.0956, VaL=1.3100, TeL=1.2351 ★=best]
Training MLP (kl_div):  15%|█▌        | 15/100 [00:18<01:46,  1.25s/it, TrL=1.0956, VaL=1.3100, TeL=1.2351 ★=best]
Training MLP (kl_div):  15%|█▌        | 15/100 [00:20<01:46,  1.25s/it, TrL=1.0647, VaL=1.2917, TeL=1.2171 ★=best]
Training MLP (kl_div):  16%|█▌        | 16/100 [00:20<01:45,  1.25s/it, TrL=1.0647, VaL=1.2917, TeL=1.2171 ★=best]
Training MLP (kl_div):  16%|█▌        | 16/100 [00:21<01:45,  1.25s/it, TrL=1.0231, VaL=1.2709, TeL=1.1988 ★=best]
Training MLP (kl_div):  17%|█▋        | 17/100 [00:21<01:44,  1.26s/it, TrL=1.0231, VaL=1.2709, TeL=1.1988 ★=best]
Training MLP (kl_div):  17%|█▋        | 17/100 [00:22<01:44,  1.26s/it, TrL=0.9897, VaL=1.2575, TeL=1.1813 ★=best]
Training MLP (kl_div):  18%|█▊        | 18/100 [00:22<01:44,  1.27s/it, TrL=0.9897, VaL=1.2575, TeL=1.1813 ★=best]
Training MLP (kl_div):  18%|█▊        | 18/100 [00:23<01:44,  1.27s/it, TrL=0.9534, VaL=1.2391, TeL=1.1727 ★=best]
Training MLP (kl_div):  19%|█▉        | 19/100 [00:23<01:42,  1.27s/it, TrL=0.9534, VaL=1.2391, TeL=1.1727 ★=best]
Training MLP (kl_div):  19%|█▉        | 19/100 [00:25<01:42,  1.27s/it, TrL=0.9246, VaL=1.2307, TeL=1.1534 ★=best]
Training MLP (kl_div):  20%|██        | 20/100 [00:25<01:41,  1.27s/it, TrL=0.9246, VaL=1.2307, TeL=1.1534 ★=best]
Training MLP (kl_div):  20%|██        | 20/100 [00:26<01:41,  1.27s/it, TrL=0.8891, VaL=1.2118, TeL=1.1306 ★=best]
Training MLP (kl_div):  21%|██        | 21/100 [00:26<01:40,  1.27s/it, TrL=0.8891, VaL=1.2118, TeL=1.1306 ★=best]
Training MLP (kl_div):  21%|██        | 21/100 [00:27<01:40,  1.27s/it, TrL=0.8615, VaL=1.2026, TeL=1.1204 ★=best]
Training MLP (kl_div):  22%|██▏       | 22/100 [00:27<01:38,  1.27s/it, TrL=0.8615, VaL=1.2026, TeL=1.1204 ★=best]
Training MLP (kl_div):  22%|██▏       | 22/100 [00:28<01:38,  1.27s/it, TrL=0.8372, VaL=1.1943, TeL=1.1166 ★=best]
Training MLP (kl_div):  23%|██▎       | 23/100 [00:28<01:37,  1.27s/it, TrL=0.8372, VaL=1.1943, TeL=1.1166 ★=best]
Training MLP (kl_div):  23%|██▎       | 23/100 [00:30<01:37,  1.27s/it, TrL=0.8102, VaL=1.1796, TeL=1.1097 ★=best]
Training MLP (kl_div):  24%|██▍       | 24/100 [00:30<01:36,  1.27s/it, TrL=0.8102, VaL=1.1796, TeL=1.1097 ★=best]
Training MLP (kl_div):  24%|██▍       | 24/100 [00:31<01:36,  1.27s/it, TrL=0.7893, VaL=1.1702, TeL=1.1040 ★=best]
Training MLP (kl_div):  25%|██▌       | 25/100 [00:31<01:34,  1.26s/it, TrL=0.7893, VaL=1.1702, TeL=1.1040 ★=best]
Training MLP (kl_div):  25%|██▌       | 25/100 [00:32<01:34,  1.26s/it, TrL=0.7692, VaL=1.1606, TeL=1.0936 ★=best]
Training MLP (kl_div):  26%|██▌       | 26/100 [00:32<01:33,  1.26s/it, TrL=0.7692, VaL=1.1606, TeL=1.0936 ★=best]
Training MLP (kl_div):  26%|██▌       | 26/100 [00:33<01:33,  1.26s/it, TrL=0.7450, VaL=1.1534, TeL=1.0907 ★=best]
Training MLP (kl_div):  27%|██▋       | 27/100 [00:33<01:31,  1.26s/it, TrL=0.7450, VaL=1.1534, TeL=1.0907 ★=best]
Training MLP (kl_div):  27%|██▋       | 27/100 [00:35<01:31,  1.26s/it, TrL=0.7239, VaL=1.1474, TeL=1.0819 ★=best]
Training MLP (kl_div):  28%|██▊       | 28/100 [00:35<01:30,  1.26s/it, TrL=0.7239, VaL=1.1474, TeL=1.0819 ★=best]
Training MLP (kl_div):  28%|██▊       | 28/100 [00:36<01:30,  1.26s/it, TrL=0.7078, VaL=1.1419, TeL=1.0783 ★=best]
Training MLP (kl_div):  29%|██▉       | 29/100 [00:36<01:30,  1.27s/it, TrL=0.7078, VaL=1.1419, TeL=1.0783 ★=best]
Training MLP (kl_div):  29%|██▉       | 29/100 [00:37<01:30,  1.27s/it, TrL=0.6913, VaL=1.1393, TeL=1.0719 ★=best]
Training MLP (kl_div):  30%|███       | 30/100 [00:37<01:29,  1.27s/it, TrL=0.6913, VaL=1.1393, TeL=1.0719 ★=best]
Training MLP (kl_div):  30%|███       | 30/100 [00:39<01:29,  1.27s/it, TrL=0.6726, VaL=1.1357, TeL=1.0667 ★=best]
Training MLP (kl_div):  31%|███       | 31/100 [00:39<01:27,  1.27s/it, TrL=0.6726, VaL=1.1357, TeL=1.0667 ★=best]
Training MLP (kl_div):  31%|███       | 31/100 [00:40<01:27,  1.27s/it, TrL=0.6533, VaL=1.1304, TeL=1.0573 ★=best]
Training MLP (kl_div):  32%|███▏      | 32/100 [00:40<01:26,  1.28s/it, TrL=0.6533, VaL=1.1304, TeL=1.0573 ★=best]
Training MLP (kl_div):  32%|███▏      | 32/100 [00:41<01:26,  1.28s/it, TrL=0.6435, VaL=1.1278, TeL=1.0577 ★=best]
Training MLP (kl_div):  33%|███▎      | 33/100 [00:41<01:25,  1.28s/it, TrL=0.6435, VaL=1.1278, TeL=1.0577 ★=best]
Training MLP (kl_div):  33%|███▎      | 33/100 [00:42<01:25,  1.28s/it, TrL=0.6243, VaL=1.1277, TeL=1.0527 ★=best]
Training MLP (kl_div):  34%|███▍      | 34/100 [00:42<01:24,  1.28s/it, TrL=0.6243, VaL=1.1277, TeL=1.0527 ★=best]
Training MLP (kl_div):  34%|███▍      | 34/100 [00:44<01:24,  1.28s/it, TrL=0.6138, VaL=1.1195, TeL=1.0514 ★=best]
Training MLP (kl_div):  35%|███▌      | 35/100 [00:44<01:23,  1.28s/it, TrL=0.6138, VaL=1.1195, TeL=1.0514 ★=best]
Training MLP (kl_div):  35%|███▌      | 35/100 [00:45<01:23,  1.28s/it, TrL=0.5983, VaL=1.1198, TeL=1.0450]
Training MLP (kl_div):  36%|███▌      | 36/100 [00:45<01:21,  1.28s/it, TrL=0.5983, VaL=1.1198, TeL=1.0450]
Training MLP (kl_div):  36%|███▌      | 36/100 [00:46<01:21,  1.28s/it, TrL=0.5878, VaL=1.1144, TeL=1.0420 ★=best]
Training MLP (kl_div):  37%|███▋      | 37/100 [00:46<01:20,  1.28s/it, TrL=0.5878, VaL=1.1144, TeL=1.0420 ★=best]
Training MLP (kl_div):  37%|███▋      | 37/100 [00:48<01:20,  1.28s/it, TrL=0.5754, VaL=1.1137, TeL=1.0367 ★=best]
Training MLP (kl_div):  38%|███▊      | 38/100 [00:48<01:19,  1.28s/it, TrL=0.5754, VaL=1.1137, TeL=1.0367 ★=best]
Training MLP (kl_div):  38%|███▊      | 38/100 [00:49<01:19,  1.28s/it, TrL=0.5644, VaL=1.1120, TeL=1.0380 ★=best]
Training MLP (kl_div):  39%|███▉      | 39/100 [00:49<01:18,  1.29s/it, TrL=0.5644, VaL=1.1120, TeL=1.0380 ★=best]
Training MLP (kl_div):  39%|███▉      | 39/100 [00:50<01:18,  1.29s/it, TrL=0.5547, VaL=1.1155, TeL=1.0390]
Training MLP (kl_div):  40%|████      | 40/100 [00:50<01:18,  1.30s/it, TrL=0.5547, VaL=1.1155, TeL=1.0390]
Training MLP (kl_div):  40%|████      | 40/100 [00:52<01:18,  1.30s/it, TrL=0.5394, VaL=1.1110, TeL=1.0359 ★=best]
Training MLP (kl_div):  41%|████      | 41/100 [00:52<01:17,  1.32s/it, TrL=0.5394, VaL=1.1110, TeL=1.0359 ★=best]
Training MLP (kl_div):  41%|████      | 41/100 [00:53<01:17,  1.32s/it, TrL=0.5343, VaL=1.1054, TeL=1.0306 ★=best]
Training MLP (kl_div):  42%|████▏     | 42/100 [00:53<01:15,  1.31s/it, TrL=0.5343, VaL=1.1054, TeL=1.0306 ★=best]
Training MLP (kl_div):  42%|████▏     | 42/100 [00:54<01:15,  1.31s/it, TrL=0.5249, VaL=1.1037, TeL=1.0297 ★=best]
Training MLP (kl_div):  43%|████▎     | 43/100 [00:54<01:14,  1.30s/it, TrL=0.5249, VaL=1.1037, TeL=1.0297 ★=best]
Training MLP (kl_div):  43%|████▎     | 43/100 [00:55<01:14,  1.30s/it, TrL=0.5174, VaL=1.0984, TeL=1.0314 ★=best]
Training MLP (kl_div):  44%|████▍     | 44/100 [00:55<01:12,  1.30s/it, TrL=0.5174, VaL=1.0984, TeL=1.0314 ★=best]
Training MLP (kl_div):  44%|████▍     | 44/100 [00:57<01:12,  1.30s/it, TrL=0.5117, VaL=1.1002, TeL=1.0326]
Training MLP (kl_div):  45%|████▌     | 45/100 [00:57<01:11,  1.30s/it, TrL=0.5117, VaL=1.1002, TeL=1.0326]
Training MLP (kl_div):  45%|████▌     | 45/100 [00:58<01:11,  1.30s/it, TrL=0.4960, VaL=1.1001, TeL=1.0295]
Training MLP (kl_div):  46%|████▌     | 46/100 [00:58<01:10,  1.30s/it, TrL=0.4960, VaL=1.1001, TeL=1.0295]
Training MLP (kl_div):  46%|████▌     | 46/100 [00:59<01:10,  1.30s/it, TrL=0.4892, VaL=1.1024, TeL=1.0220]
Training MLP (kl_div):  47%|████▋     | 47/100 [00:59<01:08,  1.30s/it, TrL=0.4892, VaL=1.1024, TeL=1.0220]
Training MLP (kl_div):  47%|████▋     | 47/100 [01:01<01:08,  1.30s/it, TrL=0.4814, VaL=1.0953, TeL=1.0185 ★=best]
Training MLP (kl_div):  48%|████▊     | 48/100 [01:01<01:06,  1.29s/it, TrL=0.4814, VaL=1.0953, TeL=1.0185 ★=best]
Training MLP (kl_div):  48%|████▊     | 48/100 [01:02<01:06,  1.29s/it, TrL=0.4760, VaL=1.0902, TeL=1.0222 ★=best]
Training MLP (kl_div):  49%|████▉     | 49/100 [01:02<01:05,  1.29s/it, TrL=0.4760, VaL=1.0902, TeL=1.0222 ★=best]
Training MLP (kl_div):  49%|████▉     | 49/100 [01:03<01:05,  1.29s/it, TrL=0.4645, VaL=1.0927, TeL=1.0184]
Training MLP (kl_div):  50%|█████     | 50/100 [01:03<01:04,  1.29s/it, TrL=0.4645, VaL=1.0927, TeL=1.0184]
Training MLP (kl_div):  50%|█████     | 50/100 [01:04<01:04,  1.29s/it, TrL=0.4640, VaL=1.0945, TeL=1.0250]
Training MLP (kl_div):  51%|█████     | 51/100 [01:04<01:02,  1.28s/it, TrL=0.4640, VaL=1.0945, TeL=1.0250]
Training MLP (kl_div):  51%|█████     | 51/100 [01:06<01:02,  1.28s/it, TrL=0.4539, VaL=1.0933, TeL=1.0216]
Training MLP (kl_div):  52%|█████▏    | 52/100 [01:06<01:01,  1.28s/it, TrL=0.4539, VaL=1.0933, TeL=1.0216]
Training MLP (kl_div):  52%|█████▏    | 52/100 [01:07<01:01,  1.28s/it, TrL=0.4473, VaL=1.0987, TeL=1.0220]
Training MLP (kl_div):  53%|█████▎    | 53/100 [01:07<01:00,  1.28s/it, TrL=0.4473, VaL=1.0987, TeL=1.0220]
Training MLP (kl_div):  53%|█████▎    | 53/100 [01:08<01:00,  1.28s/it, TrL=0.4381, VaL=1.1000, TeL=1.0260]
Training MLP (kl_div):  54%|█████▍    | 54/100 [01:08<00:58,  1.27s/it, TrL=0.4381, VaL=1.1000, TeL=1.0260]
Training MLP (kl_div):  54%|█████▍    | 54/100 [01:10<00:58,  1.27s/it, TrL=0.4402, VaL=1.0986, TeL=1.0222]
Training MLP (kl_div):  55%|█████▌    | 55/100 [01:10<00:57,  1.27s/it, TrL=0.4402, VaL=1.0986, TeL=1.0222]
Training MLP (kl_div):  55%|█████▌    | 55/100 [01:11<00:57,  1.27s/it, TrL=0.4322, VaL=1.0921, TeL=1.0144]
Training MLP (kl_div):  56%|█████▌    | 56/100 [01:11<00:55,  1.27s/it, TrL=0.4322, VaL=1.0921, TeL=1.0144]
Training MLP (kl_div):  56%|█████▌    | 56/100 [01:12<00:55,  1.27s/it, TrL=0.4303, VaL=1.0999, TeL=1.0258]
Training MLP (kl_div):  57%|█████▋    | 57/100 [01:12<00:54,  1.27s/it, TrL=0.4303, VaL=1.0999, TeL=1.0258]
Training MLP (kl_div):  57%|█████▋    | 57/100 [01:13<00:54,  1.27s/it, TrL=0.4082, VaL=1.0921, TeL=1.0156]
Training MLP (kl_div):  58%|█████▊    | 58/100 [01:13<00:53,  1.26s/it, TrL=0.4082, VaL=1.0921, TeL=1.0156]
Training MLP (kl_div):  58%|█████▊    | 58/100 [01:15<00:53,  1.26s/it, TrL=0.3999, VaL=1.0935, TeL=1.0148]
Training MLP (kl_div):  59%|█████▉    | 59/100 [01:15<00:51,  1.26s/it, TrL=0.3999, VaL=1.0935, TeL=1.0148]
Training MLP (kl_div):  59%|█████▉    | 59/100 [01:16<00:51,  1.26s/it, TrL=0.3962, VaL=1.0948, TeL=1.0143]
Training MLP (kl_div):  60%|██████    | 60/100 [01:16<00:50,  1.27s/it, TrL=0.3962, VaL=1.0948, TeL=1.0143]
Training MLP (kl_div):  60%|██████    | 60/100 [01:17<00:50,  1.27s/it, TrL=0.3934, VaL=1.0921, TeL=1.0112]
Training MLP (kl_div):  61%|██████    | 61/100 [01:17<00:49,  1.28s/it, TrL=0.3934, VaL=1.0921, TeL=1.0112]
Training MLP (kl_div):  61%|██████    | 61/100 [01:18<00:49,  1.28s/it, TrL=0.3943, VaL=1.0933, TeL=1.0136]
Training MLP (kl_div):  62%|██████▏   | 62/100 [01:18<00:48,  1.28s/it, TrL=0.3943, VaL=1.0933, TeL=1.0136]
Training MLP (kl_div):  62%|██████▏   | 62/100 [01:20<00:48,  1.28s/it, TrL=0.3848, VaL=1.0947, TeL=1.0160]
Training MLP (kl_div):  63%|██████▎   | 63/100 [01:20<00:47,  1.28s/it, TrL=0.3848, VaL=1.0947, TeL=1.0160]
Training MLP (kl_div):  63%|██████▎   | 63/100 [01:21<00:47,  1.28s/it, TrL=0.3885, VaL=1.0898, TeL=1.0139 ★=best]
Training MLP (kl_div):  64%|██████▍   | 64/100 [01:21<00:45,  1.28s/it, TrL=0.3885, VaL=1.0898, TeL=1.0139 ★=best]
Training MLP (kl_div):  64%|██████▍   | 64/100 [01:22<00:45,  1.28s/it, TrL=0.3815, VaL=1.0904, TeL=1.0129]
Training MLP (kl_div):  65%|██████▌   | 65/100 [01:22<00:44,  1.27s/it, TrL=0.3815, VaL=1.0904, TeL=1.0129]
Training MLP (kl_div):  65%|██████▌   | 65/100 [01:24<00:44,  1.27s/it, TrL=0.3774, VaL=1.0931, TeL=1.0123]
Training MLP (kl_div):  66%|██████▌   | 66/100 [01:24<00:43,  1.28s/it, TrL=0.3774, VaL=1.0931, TeL=1.0123]
Training MLP (kl_div):  66%|██████▌   | 66/100 [01:25<00:43,  1.28s/it, TrL=0.3743, VaL=1.0903, TeL=1.0160]
Training MLP (kl_div):  67%|██████▋   | 67/100 [01:25<00:42,  1.28s/it, TrL=0.3743, VaL=1.0903, TeL=1.0160]
Training MLP (kl_div):  67%|██████▋   | 67/100 [01:26<00:42,  1.28s/it, TrL=0.3754, VaL=1.0903, TeL=1.0161]
Training MLP (kl_div):  68%|██████▊   | 68/100 [01:26<00:41,  1.31s/it, TrL=0.3754, VaL=1.0903, TeL=1.0161]
Training MLP (kl_div):  68%|██████▊   | 68/100 [01:27<00:41,  1.31s/it, TrL=0.3662, VaL=1.0899, TeL=1.0174]
Training MLP (kl_div):  69%|██████▉   | 69/100 [01:27<00:40,  1.31s/it, TrL=0.3662, VaL=1.0899, TeL=1.0174]
Training MLP (kl_div):  69%|██████▉   | 69/100 [01:29<00:40,  1.31s/it, TrL=0.3725, VaL=1.0908, TeL=1.0118]
Training MLP (kl_div):  70%|███████   | 70/100 [01:29<00:39,  1.33s/it, TrL=0.3725, VaL=1.0908, TeL=1.0118]
Training MLP (kl_div):  70%|███████   | 70/100 [01:30<00:39,  1.33s/it, TrL=0.3683, VaL=1.0894, TeL=1.0152 ★=best]
Training MLP (kl_div):  71%|███████   | 71/100 [01:30<00:38,  1.31s/it, TrL=0.3683, VaL=1.0894, TeL=1.0152 ★=best]
Training MLP (kl_div):  71%|███████   | 71/100 [01:31<00:38,  1.31s/it, TrL=0.3674, VaL=1.0873, TeL=1.0085 ★=best]
Training MLP (kl_div):  72%|███████▏  | 72/100 [01:31<00:36,  1.30s/it, TrL=0.3674, VaL=1.0873, TeL=1.0085 ★=best]
Training MLP (kl_div):  72%|███████▏  | 72/100 [01:33<00:36,  1.30s/it, TrL=0.3626, VaL=1.0941, TeL=1.0121]
Training MLP (kl_div):  73%|███████▎  | 73/100 [01:33<00:34,  1.29s/it, TrL=0.3626, VaL=1.0941, TeL=1.0121]
Training MLP (kl_div):  73%|███████▎  | 73/100 [01:34<00:34,  1.29s/it, TrL=0.3611, VaL=1.0911, TeL=1.0086]
Training MLP (kl_div):  74%|███████▍  | 74/100 [01:34<00:33,  1.29s/it, TrL=0.3611, VaL=1.0911, TeL=1.0086]
Training MLP (kl_div):  74%|███████▍  | 74/100 [01:35<00:33,  1.29s/it, TrL=0.3582, VaL=1.0933, TeL=1.0064]
Training MLP (kl_div):  75%|███████▌  | 75/100 [01:35<00:32,  1.30s/it, TrL=0.3582, VaL=1.0933, TeL=1.0064]
Training MLP (kl_div):  75%|███████▌  | 75/100 [01:37<00:32,  1.30s/it, TrL=0.3567, VaL=1.0900, TeL=1.0082]
Training MLP (kl_div):  76%|███████▌  | 76/100 [01:37<00:31,  1.31s/it, TrL=0.3567, VaL=1.0900, TeL=1.0082]
Training MLP (kl_div):  76%|███████▌  | 76/100 [01:38<00:31,  1.31s/it, TrL=0.3553, VaL=1.0890, TeL=1.0069]
Training MLP (kl_div):  77%|███████▋  | 77/100 [01:38<00:30,  1.31s/it, TrL=0.3553, VaL=1.0890, TeL=1.0069]
Training MLP (kl_div):  77%|███████▋  | 77/100 [01:39<00:30,  1.31s/it, TrL=0.3546, VaL=1.0902, TeL=1.0138]
Training MLP (kl_div):  78%|███████▊  | 78/100 [01:39<00:29,  1.34s/it, TrL=0.3546, VaL=1.0902, TeL=1.0138]
Training MLP (kl_div):  78%|███████▊  | 78/100 [01:41<00:29,  1.34s/it, TrL=0.3513, VaL=1.0928, TeL=1.0077]
Training MLP (kl_div):  79%|███████▉  | 79/100 [01:41<00:28,  1.34s/it, TrL=0.3513, VaL=1.0928, TeL=1.0077]
Training MLP (kl_div):  79%|███████▉  | 79/100 [01:42<00:28,  1.34s/it, TrL=0.3478, VaL=1.0923, TeL=1.0082]
Training MLP (kl_div):  80%|████████  | 80/100 [01:42<00:26,  1.34s/it, TrL=0.3478, VaL=1.0923, TeL=1.0082]
Training MLP (kl_div):  80%|████████  | 80/100 [01:43<00:26,  1.34s/it, TrL=0.3422, VaL=1.0905, TeL=1.0087]
Training MLP (kl_div):  81%|████████  | 81/100 [01:43<00:25,  1.36s/it, TrL=0.3422, VaL=1.0905, TeL=1.0087]
Training MLP (kl_div):  81%|████████  | 81/100 [01:45<00:25,  1.36s/it, TrL=0.3413, VaL=1.0909, TeL=1.0109]
Training MLP (kl_div):  82%|████████▏ | 82/100 [01:45<00:24,  1.35s/it, TrL=0.3413, VaL=1.0909, TeL=1.0109]Training MLP (kl_div):  82%|████████▏ | 82/100 [01:46<00:24,  1.35s/it, TrL=0.3395, VaL=1.0929, TeL=1.0087]
Training MLP (kl_div):  83%|████████▎ | 83/100 [01:46<00:23,  1.36s/it, TrL=0.3395, VaL=1.0929, TeL=1.0087]
Training MLP (kl_div):  83%|████████▎ | 83/100 [01:47<00:23,  1.36s/it, TrL=0.3334, VaL=1.0910, TeL=1.0069]
Training MLP (kl_div):  84%|████████▍ | 84/100 [01:47<00:21,  1.35s/it, TrL=0.3334, VaL=1.0910, TeL=1.0069]
Training MLP (kl_div):  84%|████████▍ | 84/100 [01:49<00:21,  1.35s/it, TrL=0.3373, VaL=1.0897, TeL=1.0069]
Training MLP (kl_div):  85%|████████▌ | 85/100 [01:49<00:20,  1.34s/it, TrL=0.3373, VaL=1.0897, TeL=1.0069]
Training MLP (kl_div):  85%|████████▌ | 85/100 [01:50<00:20,  1.34s/it, TrL=0.3336, VaL=1.0914, TeL=1.0067]
Training MLP (kl_div):  86%|████████▌ | 86/100 [01:50<00:18,  1.33s/it, TrL=0.3336, VaL=1.0914, TeL=1.0067]
Training MLP (kl_div):  86%|████████▌ | 86/100 [01:51<00:18,  1.33s/it, TrL=0.3339, VaL=1.0893, TeL=1.0077]
Training MLP (kl_div):  87%|████████▋ | 87/100 [01:51<00:17,  1.32s/it, TrL=0.3339, VaL=1.0893, TeL=1.0077]
Training MLP (kl_div):  87%|████████▋ | 87/100 [01:53<00:17,  1.32s/it, TrL=0.3341, VaL=1.0861, TeL=1.0059 ★=best]
Training MLP (kl_div):  88%|████████▊ | 88/100 [01:53<00:15,  1.31s/it, TrL=0.3341, VaL=1.0861, TeL=1.0059 ★=best]
Training MLP (kl_div):  88%|████████▊ | 88/100 [01:54<00:15,  1.31s/it, TrL=0.3283, VaL=1.0903, TeL=1.0096]
Training MLP (kl_div):  89%|████████▉ | 89/100 [01:54<00:14,  1.31s/it, TrL=0.3283, VaL=1.0903, TeL=1.0096]Training MLP (kl_div):  89%|████████▉ | 89/100 [01:55<00:14,  1.31s/it, TrL=0.3287, VaL=1.0895, TeL=1.0051]
Training MLP (kl_div):  90%|█████████ | 90/100 [01:55<00:13,  1.33s/it, TrL=0.3287, VaL=1.0895, TeL=1.0051]
Training MLP (kl_div):  90%|█████████ | 90/100 [01:57<00:13,  1.33s/it, TrL=0.3310, VaL=1.0880, TeL=1.0072]
Training MLP (kl_div):  91%|█████████ | 91/100 [01:57<00:12,  1.34s/it, TrL=0.3310, VaL=1.0880, TeL=1.0072]
Training MLP (kl_div):  91%|█████████ | 91/100 [01:58<00:12,  1.34s/it, TrL=0.3216, VaL=1.0910, TeL=1.0121]
Training MLP (kl_div):  92%|█████████▏| 92/100 [01:58<00:10,  1.35s/it, TrL=0.3216, VaL=1.0910, TeL=1.0121]
Training MLP (kl_div):  92%|█████████▏| 92/100 [01:59<00:10,  1.35s/it, TrL=0.3248, VaL=1.0879, TeL=1.0086]
Training MLP (kl_div):  93%|█████████▎| 93/100 [01:59<00:09,  1.35s/it, TrL=0.3248, VaL=1.0879, TeL=1.0086]
Training MLP (kl_div):  93%|█████████▎| 93/100 [02:01<00:09,  1.35s/it, TrL=0.3279, VaL=1.0885, TeL=1.0063]
Training MLP (kl_div):  94%|█████████▍| 94/100 [02:01<00:08,  1.34s/it, TrL=0.3279, VaL=1.0885, TeL=1.0063]
Training MLP (kl_div):  94%|█████████▍| 94/100 [02:02<00:08,  1.34s/it, TrL=0.3273, VaL=1.0885, TeL=1.0075]
Training MLP (kl_div):  95%|█████████▌| 95/100 [02:02<00:06,  1.33s/it, TrL=0.3273, VaL=1.0885, TeL=1.0075]
Training MLP (kl_div):  95%|█████████▌| 95/100 [02:03<00:06,  1.33s/it, TrL=0.3224, VaL=1.0899, TeL=1.0111]
Training MLP (kl_div):  96%|█████████▌| 96/100 [02:03<00:05,  1.31s/it, TrL=0.3224, VaL=1.0899, TeL=1.0111]
Training MLP (kl_div):  96%|█████████▌| 96/100 [02:05<00:05,  1.31s/it, TrL=0.3211, VaL=1.0887, TeL=1.0106]
Training MLP (kl_div):  97%|█████████▋| 97/100 [02:05<00:03,  1.30s/it, TrL=0.3211, VaL=1.0887, TeL=1.0106]
Training MLP (kl_div):  97%|█████████▋| 97/100 [02:06<00:03,  1.30s/it, TrL=0.3198, VaL=1.0890, TeL=1.0099]
Training MLP (kl_div):  98%|█████████▊| 98/100 [02:06<00:02,  1.29s/it, TrL=0.3198, VaL=1.0890, TeL=1.0099]
Training MLP (kl_div):  98%|█████████▊| 98/100 [02:07<00:02,  1.29s/it, TrL=0.3193, VaL=1.0900, TeL=1.0114]
Training MLP (kl_div):  99%|█████████▉| 99/100 [02:07<00:01,  1.29s/it, TrL=0.3193, VaL=1.0900, TeL=1.0114]
Training MLP (kl_div):  99%|█████████▉| 99/100 [02:08<00:01,  1.29s/it, TrL=0.3159, VaL=1.0886, TeL=1.0094]
Training MLP (kl_div): 100%|██████████| 100/100 [02:08<00:00,  1.28s/it, TrL=0.3159, VaL=1.0886, TeL=1.0094]
Training MLP (kl_div): 100%|██████████| 100/100 [02:08<00:00,  1.29s/it, TrL=0.3159, VaL=1.0886, TeL=1.0094]
2026-04-03 22:27:54,546 INFO Strict Checkpoint successfully mapped at: checkpoints/musique/losses_ablation/alignment_mlp_kl_div.pth
2026-04-03 22:27:56,590 INFO --> Ensuring bce model is trained...
2026-04-03 22:27:56,593 INFO Model missing. Triggering training engine for bce...
2026-04-03 22:27:56,593 INFO Loading data for musique | Target Loss Engine: bce
Training MLP (bce):   0%|          | 0/100 [00:00<?, ?it/s]
Training MLP (bce):   0%|          | 0/100 [00:01<?, ?it/s, TrL=0.1355, VaL=0.1087, TeL=0.1071 ★=best]
Training MLP (bce):   1%|          | 1/100 [00:01<02:03,  1.25s/it, TrL=0.1355, VaL=0.1087, TeL=0.1071 ★=best]
Training MLP (bce):   1%|          | 1/100 [00:02<02:03,  1.25s/it, TrL=0.1039, VaL=0.0992, TeL=0.0971 ★=best]
Training MLP (bce):   2%|▏         | 2/100 [00:02<02:02,  1.25s/it, TrL=0.1039, VaL=0.0992, TeL=0.0971 ★=best]
Training MLP (bce):   2%|▏         | 2/100 [00:03<02:02,  1.25s/it, TrL=0.0958, VaL=0.0933, TeL=0.0911 ★=best]
Training MLP (bce):   3%|▎         | 3/100 [00:03<02:03,  1.27s/it, TrL=0.0958, VaL=0.0933, TeL=0.0911 ★=best]
Training MLP (bce):   3%|▎         | 3/100 [00:05<02:03,  1.27s/it, TrL=0.0905, VaL=0.0894, TeL=0.0872 ★=best]
Training MLP (bce):   4%|▍         | 4/100 [00:05<02:02,  1.27s/it, TrL=0.0905, VaL=0.0894, TeL=0.0872 ★=best]
Training MLP (bce):   4%|▍         | 4/100 [00:06<02:02,  1.27s/it, TrL=0.0865, VaL=0.0867, TeL=0.0844 ★=best]
Training MLP (bce):   5%|▌         | 5/100 [00:06<02:00,  1.27s/it, TrL=0.0865, VaL=0.0867, TeL=0.0844 ★=best]
Training MLP (bce):   5%|▌         | 5/100 [00:07<02:00,  1.27s/it, TrL=0.0833, VaL=0.0841, TeL=0.0819 ★=best]
Training MLP (bce):   6%|▌         | 6/100 [00:07<01:59,  1.27s/it, TrL=0.0833, VaL=0.0841, TeL=0.0819 ★=best]
Training MLP (bce):   6%|▌         | 6/100 [00:08<01:59,  1.27s/it, TrL=0.0806, VaL=0.0823, TeL=0.0800 ★=best]
Training MLP (bce):   7%|▋         | 7/100 [00:08<01:58,  1.27s/it, TrL=0.0806, VaL=0.0823, TeL=0.0800 ★=best]
Training MLP (bce):   7%|▋         | 7/100 [00:10<01:58,  1.27s/it, TrL=0.0782, VaL=0.0806, TeL=0.0783 ★=best]
Training MLP (bce):   8%|▊         | 8/100 [00:10<01:56,  1.27s/it, TrL=0.0782, VaL=0.0806, TeL=0.0783 ★=best]
Training MLP (bce):   8%|▊         | 8/100 [00:11<01:56,  1.27s/it, TrL=0.0761, VaL=0.0787, TeL=0.0763 ★=best]
Training MLP (bce):   9%|▉         | 9/100 [00:11<01:55,  1.26s/it, TrL=0.0761, VaL=0.0787, TeL=0.0763 ★=best]
Training MLP (bce):   9%|▉         | 9/100 [00:12<01:55,  1.26s/it, TrL=0.0742, VaL=0.0767, TeL=0.0743 ★=best]
Training MLP (bce):  10%|█         | 10/100 [00:12<01:53,  1.27s/it, TrL=0.0742, VaL=0.0767, TeL=0.0743 ★=best]
Training MLP (bce):  10%|█         | 10/100 [00:14<01:53,  1.27s/it, TrL=0.0724, VaL=0.0761, TeL=0.0738 ★=best]
Training MLP (bce):  11%|█         | 11/100 [00:14<01:54,  1.29s/it, TrL=0.0724, VaL=0.0761, TeL=0.0738 ★=best]
Training MLP (bce):  11%|█         | 11/100 [00:15<01:54,  1.29s/it, TrL=0.0707, VaL=0.0753, TeL=0.0731 ★=best]
Training MLP (bce):  12%|█▏        | 12/100 [00:15<01:55,  1.31s/it, TrL=0.0707, VaL=0.0753, TeL=0.0731 ★=best]
Training MLP (bce):  12%|█▏        | 12/100 [00:16<01:55,  1.31s/it, TrL=0.0691, VaL=0.0739, TeL=0.0717 ★=best]
Training MLP (bce):  13%|█▎        | 13/100 [00:16<01:53,  1.30s/it, TrL=0.0691, VaL=0.0739, TeL=0.0717 ★=best]
Training MLP (bce):  13%|█▎        | 13/100 [00:17<01:53,  1.30s/it, TrL=0.0677, VaL=0.0730, TeL=0.0707 ★=best]
Training MLP (bce):  14%|█▍        | 14/100 [00:17<01:53,  1.32s/it, TrL=0.0677, VaL=0.0730, TeL=0.0707 ★=best]
Training MLP (bce):  14%|█▍        | 14/100 [00:19<01:53,  1.32s/it, TrL=0.0665, VaL=0.0719, TeL=0.0695 ★=best]
Training MLP (bce):  15%|█▌        | 15/100 [00:19<01:52,  1.33s/it, TrL=0.0665, VaL=0.0719, TeL=0.0695 ★=best]
Training MLP (bce):  15%|█▌        | 15/100 [00:20<01:52,  1.33s/it, TrL=0.0651, VaL=0.0711, TeL=0.0689 ★=best]
Training MLP (bce):  16%|█▌        | 16/100 [00:20<01:50,  1.32s/it, TrL=0.0651, VaL=0.0711, TeL=0.0689 ★=best]
Training MLP (bce):  16%|█▌        | 16/100 [00:21<01:50,  1.32s/it, TrL=0.0638, VaL=0.0712, TeL=0.0689]
Training MLP (bce):  17%|█▋        | 17/100 [00:21<01:49,  1.32s/it, TrL=0.0638, VaL=0.0712, TeL=0.0689]
Training MLP (bce):  17%|█▋        | 17/100 [00:23<01:49,  1.32s/it, TrL=0.0625, VaL=0.0701, TeL=0.0678 ★=best]
Training MLP (bce):  18%|█▊        | 18/100 [00:23<01:48,  1.33s/it, TrL=0.0625, VaL=0.0701, TeL=0.0678 ★=best]
Training MLP (bce):  18%|█▊        | 18/100 [00:24<01:48,  1.33s/it, TrL=0.0616, VaL=0.0696, TeL=0.0673 ★=best]
Training MLP (bce):  19%|█▉        | 19/100 [00:24<01:47,  1.32s/it, TrL=0.0616, VaL=0.0696, TeL=0.0673 ★=best]
Training MLP (bce):  19%|█▉        | 19/100 [00:25<01:47,  1.32s/it, TrL=0.0603, VaL=0.0689, TeL=0.0666 ★=best]
Training MLP (bce):  20%|██        | 20/100 [00:25<01:45,  1.32s/it, TrL=0.0603, VaL=0.0689, TeL=0.0666 ★=best]
Training MLP (bce):  20%|██        | 20/100 [00:27<01:45,  1.32s/it, TrL=0.0593, VaL=0.0687, TeL=0.0662 ★=best]
Training MLP (bce):  21%|██        | 21/100 [00:27<01:44,  1.33s/it, TrL=0.0593, VaL=0.0687, TeL=0.0662 ★=best]
Training MLP (bce):  21%|██        | 21/100 [00:28<01:44,  1.33s/it, TrL=0.0586, VaL=0.0685, TeL=0.0662 ★=best]
Training MLP (bce):  22%|██▏       | 22/100 [00:28<01:43,  1.33s/it, TrL=0.0586, VaL=0.0685, TeL=0.0662 ★=best]
Training MLP (bce):  22%|██▏       | 22/100 [00:29<01:43,  1.33s/it, TrL=0.0575, VaL=0.0680, TeL=0.0654 ★=best]
Training MLP (bce):  23%|██▎       | 23/100 [00:29<01:42,  1.33s/it, TrL=0.0575, VaL=0.0680, TeL=0.0654 ★=best]
Training MLP (bce):  23%|██▎       | 23/100 [00:31<01:42,  1.33s/it, TrL=0.0568, VaL=0.0675, TeL=0.0650 ★=best]
Training MLP (bce):  24%|██▍       | 24/100 [00:31<01:40,  1.32s/it, TrL=0.0568, VaL=0.0675, TeL=0.0650 ★=best]
Training MLP (bce):  24%|██▍       | 24/100 [00:32<01:40,  1.32s/it, TrL=0.0560, VaL=0.0669, TeL=0.0643 ★=best]
Training MLP (bce):  25%|██▌       | 25/100 [00:32<01:38,  1.31s/it, TrL=0.0560, VaL=0.0669, TeL=0.0643 ★=best]
Training MLP (bce):  25%|██▌       | 25/100 [00:33<01:38,  1.31s/it, TrL=0.0552, VaL=0.0669, TeL=0.0645 ★=best]
Training MLP (bce):  26%|██▌       | 26/100 [00:33<01:37,  1.31s/it, TrL=0.0552, VaL=0.0669, TeL=0.0645 ★=best]
Training MLP (bce):  26%|██▌       | 26/100 [00:35<01:37,  1.31s/it, TrL=0.0543, VaL=0.0662, TeL=0.0635 ★=best]
Training MLP (bce):  27%|██▋       | 27/100 [00:35<01:34,  1.30s/it, TrL=0.0543, VaL=0.0662, TeL=0.0635 ★=best]
Training MLP (bce):  27%|██▋       | 27/100 [00:36<01:34,  1.30s/it, TrL=0.0537, VaL=0.0663, TeL=0.0635]
Training MLP (bce):  28%|██▊       | 28/100 [00:36<01:32,  1.29s/it, TrL=0.0537, VaL=0.0663, TeL=0.0635]
Training MLP (bce):  28%|██▊       | 28/100 [00:37<01:32,  1.29s/it, TrL=0.0531, VaL=0.0659, TeL=0.0633 ★=best]
Training MLP (bce):  29%|██▉       | 29/100 [00:37<01:30,  1.28s/it, TrL=0.0531, VaL=0.0659, TeL=0.0633 ★=best]
Training MLP (bce):  29%|██▉       | 29/100 [00:38<01:30,  1.28s/it, TrL=0.0524, VaL=0.0657, TeL=0.0629 ★=best]
Training MLP (bce):  30%|███       | 30/100 [00:38<01:29,  1.28s/it, TrL=0.0524, VaL=0.0657, TeL=0.0629 ★=best]
Training MLP (bce):  30%|███       | 30/100 [00:40<01:29,  1.28s/it, TrL=0.0517, VaL=0.0659, TeL=0.0633]
Training MLP (bce):  31%|███       | 31/100 [00:40<01:28,  1.28s/it, TrL=0.0517, VaL=0.0659, TeL=0.0633]
Training MLP (bce):  31%|███       | 31/100 [00:41<01:28,  1.28s/it, TrL=0.0511, VaL=0.0651, TeL=0.0624 ★=best]
Training MLP (bce):  32%|███▏      | 32/100 [00:41<01:27,  1.28s/it, TrL=0.0511, VaL=0.0651, TeL=0.0624 ★=best]
Training MLP (bce):  32%|███▏      | 32/100 [00:42<01:27,  1.28s/it, TrL=0.0506, VaL=0.0649, TeL=0.0622 ★=best]
Training MLP (bce):  33%|███▎      | 33/100 [00:42<01:26,  1.30s/it, TrL=0.0506, VaL=0.0649, TeL=0.0622 ★=best]
Training MLP (bce):  33%|███▎      | 33/100 [00:44<01:26,  1.30s/it, TrL=0.0502, VaL=0.0648, TeL=0.0621 ★=best]
Training MLP (bce):  34%|███▍      | 34/100 [00:44<01:28,  1.35s/it, TrL=0.0502, VaL=0.0648, TeL=0.0621 ★=best]
Training MLP (bce):  34%|███▍      | 34/100 [00:45<01:28,  1.35s/it, TrL=0.0495, VaL=0.0647, TeL=0.0620 ★=best]
Training MLP (bce):  35%|███▌      | 35/100 [00:45<01:28,  1.35s/it, TrL=0.0495, VaL=0.0647, TeL=0.0620 ★=best]
Training MLP (bce):  35%|███▌      | 35/100 [00:46<01:28,  1.35s/it, TrL=0.0491, VaL=0.0642, TeL=0.0617 ★=best]
Training MLP (bce):  36%|███▌      | 36/100 [00:46<01:25,  1.34s/it, TrL=0.0491, VaL=0.0642, TeL=0.0617 ★=best]
Training MLP (bce):  36%|███▌      | 36/100 [00:48<01:25,  1.34s/it, TrL=0.0487, VaL=0.0642, TeL=0.0616]
Training MLP (bce):  37%|███▋      | 37/100 [00:48<01:24,  1.33s/it, TrL=0.0487, VaL=0.0642, TeL=0.0616]
Training MLP (bce):  37%|███▋      | 37/100 [00:49<01:24,  1.33s/it, TrL=0.0480, VaL=0.0646, TeL=0.0619]
Training MLP (bce):  38%|███▊      | 38/100 [00:49<01:22,  1.33s/it, TrL=0.0480, VaL=0.0646, TeL=0.0619]
Training MLP (bce):  38%|███▊      | 38/100 [00:50<01:22,  1.33s/it, TrL=0.0478, VaL=0.0642, TeL=0.0614 ★=best]
Training MLP (bce):  39%|███▉      | 39/100 [00:50<01:21,  1.33s/it, TrL=0.0478, VaL=0.0642, TeL=0.0614 ★=best]
Training MLP (bce):  39%|███▉      | 39/100 [00:52<01:21,  1.33s/it, TrL=0.0473, VaL=0.0641, TeL=0.0615 ★=best]
Training MLP (bce):  40%|████      | 40/100 [00:52<01:19,  1.32s/it, TrL=0.0473, VaL=0.0641, TeL=0.0615 ★=best]
Training MLP (bce):  40%|████      | 40/100 [00:53<01:19,  1.32s/it, TrL=0.0471, VaL=0.0636, TeL=0.0610 ★=best]
Training MLP (bce):  41%|████      | 41/100 [00:53<01:18,  1.33s/it, TrL=0.0471, VaL=0.0636, TeL=0.0610 ★=best]
Training MLP (bce):  41%|████      | 41/100 [00:54<01:18,  1.33s/it, TrL=0.0465, VaL=0.0644, TeL=0.0615]
Training MLP (bce):  42%|████▏     | 42/100 [00:54<01:17,  1.33s/it, TrL=0.0465, VaL=0.0644, TeL=0.0615]
Training MLP (bce):  42%|████▏     | 42/100 [00:56<01:17,  1.33s/it, TrL=0.0461, VaL=0.0635, TeL=0.0609 ★=best]
Training MLP (bce):  43%|████▎     | 43/100 [00:56<01:14,  1.31s/it, TrL=0.0461, VaL=0.0635, TeL=0.0609 ★=best]
Training MLP (bce):  43%|████▎     | 43/100 [00:57<01:14,  1.31s/it, TrL=0.0460, VaL=0.0637, TeL=0.0609]
Training MLP (bce):  44%|████▍     | 44/100 [00:57<01:13,  1.30s/it, TrL=0.0460, VaL=0.0637, TeL=0.0609]
Training MLP (bce):  44%|████▍     | 44/100 [00:58<01:13,  1.30s/it, TrL=0.0453, VaL=0.0640, TeL=0.0613]
Training MLP (bce):  45%|████▌     | 45/100 [00:58<01:11,  1.30s/it, TrL=0.0453, VaL=0.0640, TeL=0.0613]
Training MLP (bce):  45%|████▌     | 45/100 [01:00<01:11,  1.30s/it, TrL=0.0448, VaL=0.0637, TeL=0.0610]
Training MLP (bce):  46%|████▌     | 46/100 [01:00<01:09,  1.29s/it, TrL=0.0448, VaL=0.0637, TeL=0.0610]
Training MLP (bce):  46%|████▌     | 46/100 [01:01<01:09,  1.29s/it, TrL=0.0448, VaL=0.0635, TeL=0.0607 ★=best]
Training MLP (bce):  47%|████▋     | 47/100 [01:01<01:07,  1.28s/it, TrL=0.0448, VaL=0.0635, TeL=0.0607 ★=best]
Training MLP (bce):  47%|████▋     | 47/100 [01:02<01:07,  1.28s/it, TrL=0.0445, VaL=0.0632, TeL=0.0604 ★=best]
Training MLP (bce):  48%|████▊     | 48/100 [01:02<01:06,  1.27s/it, TrL=0.0445, VaL=0.0632, TeL=0.0604 ★=best]
Training MLP (bce):  48%|████▊     | 48/100 [01:03<01:06,  1.27s/it, TrL=0.0442, VaL=0.0640, TeL=0.0611]
Training MLP (bce):  49%|████▉     | 49/100 [01:03<01:05,  1.28s/it, TrL=0.0442, VaL=0.0640, TeL=0.0611]
Training MLP (bce):  49%|████▉     | 49/100 [01:05<01:05,  1.28s/it, TrL=0.0440, VaL=0.0637, TeL=0.0608]
Training MLP (bce):  50%|█████     | 50/100 [01:05<01:03,  1.27s/it, TrL=0.0440, VaL=0.0637, TeL=0.0608]
Training MLP (bce):  50%|█████     | 50/100 [01:06<01:03,  1.27s/it, TrL=0.0433, VaL=0.0633, TeL=0.0604]
Training MLP (bce):  51%|█████     | 51/100 [01:06<01:02,  1.27s/it, TrL=0.0433, VaL=0.0633, TeL=0.0604]
Training MLP (bce):  51%|█████     | 51/100 [01:07<01:02,  1.27s/it, TrL=0.0435, VaL=0.0632, TeL=0.0604 ★=best]
Training MLP (bce):  52%|█████▏    | 52/100 [01:07<01:02,  1.30s/it, TrL=0.0435, VaL=0.0632, TeL=0.0604 ★=best]
Training MLP (bce):  52%|█████▏    | 52/100 [01:09<01:02,  1.30s/it, TrL=0.0431, VaL=0.0634, TeL=0.0603]
Training MLP (bce):  53%|█████▎    | 53/100 [01:09<01:01,  1.30s/it, TrL=0.0431, VaL=0.0634, TeL=0.0603]
Training MLP (bce):  53%|█████▎    | 53/100 [01:10<01:01,  1.30s/it, TrL=0.0428, VaL=0.0632, TeL=0.0601 ★=best]
Training MLP (bce):  54%|█████▍    | 54/100 [01:10<00:59,  1.30s/it, TrL=0.0428, VaL=0.0632, TeL=0.0601 ★=best]
Training MLP (bce):  54%|█████▍    | 54/100 [01:11<00:59,  1.30s/it, TrL=0.0425, VaL=0.0633, TeL=0.0603]
Training MLP (bce):  55%|█████▌    | 55/100 [01:11<00:58,  1.30s/it, TrL=0.0425, VaL=0.0633, TeL=0.0603]
Training MLP (bce):  55%|█████▌    | 55/100 [01:12<00:58,  1.30s/it, TrL=0.0422, VaL=0.0630, TeL=0.0601 ★=best]
Training MLP (bce):  56%|█████▌    | 56/100 [01:12<00:57,  1.30s/it, TrL=0.0422, VaL=0.0630, TeL=0.0601 ★=best]
Training MLP (bce):  56%|█████▌    | 56/100 [01:14<00:57,  1.30s/it, TrL=0.0422, VaL=0.0630, TeL=0.0600 ★=best]
Training MLP (bce):  57%|█████▋    | 57/100 [01:14<00:56,  1.31s/it, TrL=0.0422, VaL=0.0630, TeL=0.0600 ★=best]
Training MLP (bce):  57%|█████▋    | 57/100 [01:15<00:56,  1.31s/it, TrL=0.0419, VaL=0.0629, TeL=0.0600 ★=best]
Training MLP (bce):  58%|█████▊    | 58/100 [01:15<00:54,  1.30s/it, TrL=0.0419, VaL=0.0629, TeL=0.0600 ★=best]
Training MLP (bce):  58%|█████▊    | 58/100 [01:16<00:54,  1.30s/it, TrL=0.0415, VaL=0.0625, TeL=0.0596 ★=best]
Training MLP (bce):  59%|█████▉    | 59/100 [01:16<00:53,  1.29s/it, TrL=0.0415, VaL=0.0625, TeL=0.0596 ★=best]
Training MLP (bce):  59%|█████▉    | 59/100 [01:18<00:53,  1.29s/it, TrL=0.0413, VaL=0.0629, TeL=0.0599]
Training MLP (bce):  60%|██████    | 60/100 [01:18<00:51,  1.29s/it, TrL=0.0413, VaL=0.0629, TeL=0.0599]
Training MLP (bce):  60%|██████    | 60/100 [01:19<00:51,  1.29s/it, TrL=0.0412, VaL=0.0626, TeL=0.0597]
Training MLP (bce):  61%|██████    | 61/100 [01:19<00:50,  1.29s/it, TrL=0.0412, VaL=0.0626, TeL=0.0597]
Training MLP (bce):  61%|██████    | 61/100 [01:20<00:50,  1.29s/it, TrL=0.0410, VaL=0.0627, TeL=0.0596]
Training MLP (bce):  62%|██████▏   | 62/100 [01:20<00:48,  1.29s/it, TrL=0.0410, VaL=0.0627, TeL=0.0596]
Training MLP (bce):  62%|██████▏   | 62/100 [01:21<00:48,  1.29s/it, TrL=0.0409, VaL=0.0631, TeL=0.0603]
Training MLP (bce):  63%|██████▎   | 63/100 [01:21<00:47,  1.28s/it, TrL=0.0409, VaL=0.0631, TeL=0.0603]
Training MLP (bce):  63%|██████▎   | 63/100 [01:23<00:47,  1.28s/it, TrL=0.0405, VaL=0.0626, TeL=0.0595]
Training MLP (bce):  64%|██████▍   | 64/100 [01:23<00:46,  1.29s/it, TrL=0.0405, VaL=0.0626, TeL=0.0595]
Training MLP (bce):  64%|██████▍   | 64/100 [01:24<00:46,  1.29s/it, TrL=0.0403, VaL=0.0624, TeL=0.0594 ★=best]
Training MLP (bce):  65%|██████▌   | 65/100 [01:24<00:44,  1.28s/it, TrL=0.0403, VaL=0.0624, TeL=0.0594 ★=best]
Training MLP (bce):  65%|██████▌   | 65/100 [01:25<00:44,  1.28s/it, TrL=0.0403, VaL=0.0630, TeL=0.0599]
Training MLP (bce):  66%|██████▌   | 66/100 [01:25<00:44,  1.30s/it, TrL=0.0403, VaL=0.0630, TeL=0.0599]
Training MLP (bce):  66%|██████▌   | 66/100 [01:27<00:44,  1.30s/it, TrL=0.0400, VaL=0.0631, TeL=0.0598]
Training MLP (bce):  67%|██████▋   | 67/100 [01:27<00:43,  1.31s/it, TrL=0.0400, VaL=0.0631, TeL=0.0598]
Training MLP (bce):  67%|██████▋   | 67/100 [01:28<00:43,  1.31s/it, TrL=0.0398, VaL=0.0631, TeL=0.0599]
Training MLP (bce):  68%|██████▊   | 68/100 [01:28<00:41,  1.30s/it, TrL=0.0398, VaL=0.0631, TeL=0.0599]
Training MLP (bce):  68%|██████▊   | 68/100 [01:29<00:41,  1.30s/it, TrL=0.0396, VaL=0.0631, TeL=0.0598]
Training MLP (bce):  69%|██████▉   | 69/100 [01:29<00:40,  1.30s/it, TrL=0.0396, VaL=0.0631, TeL=0.0598]
Training MLP (bce):  69%|██████▉   | 69/100 [01:31<00:40,  1.30s/it, TrL=0.0395, VaL=0.0630, TeL=0.0596]
Training MLP (bce):  70%|███████   | 70/100 [01:31<00:38,  1.30s/it, TrL=0.0395, VaL=0.0630, TeL=0.0596]
Training MLP (bce):  70%|███████   | 70/100 [01:32<00:38,  1.30s/it, TrL=0.0395, VaL=0.0626, TeL=0.0594]
Training MLP (bce):  71%|███████   | 71/100 [01:32<00:37,  1.30s/it, TrL=0.0395, VaL=0.0626, TeL=0.0594]
Training MLP (bce):  71%|███████   | 71/100 [01:33<00:37,  1.30s/it, TrL=0.0393, VaL=0.0625, TeL=0.0594]
Training MLP (bce):  72%|███████▏  | 72/100 [01:33<00:36,  1.31s/it, TrL=0.0393, VaL=0.0625, TeL=0.0594]
Training MLP (bce):  72%|███████▏  | 72/100 [01:34<00:36,  1.31s/it, TrL=0.0390, VaL=0.0628, TeL=0.0595]
Training MLP (bce):  73%|███████▎  | 73/100 [01:34<00:35,  1.30s/it, TrL=0.0390, VaL=0.0628, TeL=0.0595]
Training MLP (bce):  73%|███████▎  | 73/100 [01:36<00:35,  1.30s/it, TrL=0.0386, VaL=0.0625, TeL=0.0593]
Training MLP (bce):  74%|███████▍  | 74/100 [01:36<00:33,  1.29s/it, TrL=0.0386, VaL=0.0625, TeL=0.0593]
Training MLP (bce):  74%|███████▍  | 74/100 [01:37<00:33,  1.29s/it, TrL=0.0381, VaL=0.0625, TeL=0.0593]
Training MLP (bce):  75%|███████▌  | 75/100 [01:37<00:32,  1.29s/it, TrL=0.0381, VaL=0.0625, TeL=0.0593]
Training MLP (bce):  75%|███████▌  | 75/100 [01:38<00:32,  1.29s/it, TrL=0.0381, VaL=0.0628, TeL=0.0596]
Training MLP (bce):  76%|███████▌  | 76/100 [01:38<00:30,  1.28s/it, TrL=0.0381, VaL=0.0628, TeL=0.0596]
Training MLP (bce):  76%|███████▌  | 76/100 [01:40<00:30,  1.28s/it, TrL=0.0378, VaL=0.0627, TeL=0.0595]
Training MLP (bce):  77%|███████▋  | 77/100 [01:40<00:29,  1.28s/it, TrL=0.0378, VaL=0.0627, TeL=0.0595]
Training MLP (bce):  77%|███████▋  | 77/100 [01:41<00:29,  1.28s/it, TrL=0.0376, VaL=0.0626, TeL=0.0595]
Training MLP (bce):  78%|███████▊  | 78/100 [01:41<00:27,  1.27s/it, TrL=0.0376, VaL=0.0626, TeL=0.0595]
Training MLP (bce):  78%|███████▊  | 78/100 [01:42<00:27,  1.27s/it, TrL=0.0378, VaL=0.0631, TeL=0.0600]
Training MLP (bce):  79%|███████▉  | 79/100 [01:42<00:26,  1.28s/it, TrL=0.0378, VaL=0.0631, TeL=0.0600]
Training MLP (bce):  79%|███████▉  | 79/100 [01:43<00:26,  1.28s/it, TrL=0.0376, VaL=0.0627, TeL=0.0595]
Training MLP (bce):  80%|████████  | 80/100 [01:43<00:25,  1.29s/it, TrL=0.0376, VaL=0.0627, TeL=0.0595]
Training MLP (bce):  80%|████████  | 80/100 [01:45<00:25,  1.29s/it, TrL=0.0377, VaL=0.0628, TeL=0.0596]
Training MLP (bce):  81%|████████  | 81/100 [01:45<00:24,  1.29s/it, TrL=0.0377, VaL=0.0628, TeL=0.0596]
Training MLP (bce):  81%|████████  | 81/100 [01:46<00:24,  1.29s/it, TrL=0.0373, VaL=0.0626, TeL=0.0594]
Training MLP (bce):  82%|████████▏ | 82/100 [01:46<00:23,  1.29s/it, TrL=0.0373, VaL=0.0626, TeL=0.0594]
Training MLP (bce):  82%|████████▏ | 82/100 [01:47<00:23,  1.29s/it, TrL=0.0371, VaL=0.0625, TeL=0.0594]
Training MLP (bce):  83%|████████▎ | 83/100 [01:47<00:21,  1.29s/it, TrL=0.0371, VaL=0.0625, TeL=0.0594]
Training MLP (bce):  83%|████████▎ | 83/100 [01:49<00:21,  1.29s/it, TrL=0.0370, VaL=0.0628, TeL=0.0596]
Training MLP (bce):  84%|████████▍ | 84/100 [01:49<00:20,  1.28s/it, TrL=0.0370, VaL=0.0628, TeL=0.0596]
Training MLP (bce):  84%|████████▍ | 84/100 [01:50<00:20,  1.28s/it, TrL=0.0372, VaL=0.0626, TeL=0.0594]
Training MLP (bce):  85%|████████▌ | 85/100 [01:50<00:19,  1.28s/it, TrL=0.0372, VaL=0.0626, TeL=0.0594]2026-04-03 22:29:59,187 INFO Early stopping triggered at epoch 85
Training MLP (bce):  85%|████████▌ | 85/100 [01:50<00:19,  1.30s/it, TrL=0.0372, VaL=0.0626, TeL=0.0594]
2026-04-03 22:29:59,193 INFO Strict Checkpoint successfully mapped at: checkpoints/musique/losses_ablation/alignment_mlp_bce.pth
2026-04-03 22:30:01,496 INFO --> Loading Engine for Side-by-Side Evaluation...
2026-04-03 22:30:20,143 INFO Load pretrained SentenceTransformer: multi-qa-MiniLM-L6-cos-v1
2026-04-03 22:30:21,424 INFO Benchmark split (musique): 13956 train / 3987 val / 1995 test
Batches:  24%|██▍       | 15/63 [00:00<00:00, 149.79it/s]
Batches:  49%|████▉     | 31/63 [00:00<00:00, 152.63it/s]
Batches:  76%|███████▌  | 48/63 [00:00<00:00, 156.46it/s]
Benchmarking (mlp):   0%|          | 0/1995 [00:00<?, ?it/s]
Benchmarking (mlp):  16%|█▌        | 322/1995 [00:00<00:00, 3215.74it/s]
Benchmarking (mlp):  32%|███▏      | 647/1995 [00:00<00:00, 3235.71it/s]
Benchmarking (mlp):  49%|████▉     | 974/1995 [00:00<00:00, 3247.34it/s]
Benchmarking (mlp):  65%|██████▌   | 1305/1995 [00:00<00:00, 3268.34it/s]
Benchmarking (mlp):  82%|████████▏ | 1636/1995 [00:00<00:00, 3282.93it/s]
Benchmarking (mlp):  98%|█████████▊| 1965/1995 [00:00<00:00, 3258.40it/s]
Benchmarking (mlp):   0%|          | 0/1995 [00:00<?, ?it/s]
Benchmarking (mlp):  16%|█▌        | 312/1995 [00:00<00:00, 3112.09it/s]
Benchmarking (mlp):  31%|███▏      | 624/1995 [00:00<00:00, 3113.02it/s]
Benchmarking (mlp):  47%|████▋     | 940/1995 [00:00<00:00, 3133.97it/s]
Benchmarking (mlp):  63%|██████▎   | 1256/1995 [00:00<00:00, 3142.53it/s]
Benchmarking (mlp):  79%|███████▉  | 1576/1995 [00:00<00:00, 3160.11it/s]
Benchmarking (mlp):  95%|█████████▍| 1895/1995 [00:00<00:00, 3167.87it/s]
Benchmarking (mlp):   0%|          | 0/1995 [00:00<?, ?it/s]
Benchmarking (mlp):  15%|█▌        | 308/1995 [00:00<00:00, 3070.20it/s]
Benchmarking (mlp):  31%|███       | 619/1995 [00:00<00:00, 3093.45it/s]
Benchmarking (mlp):  47%|████▋     | 931/1995 [00:00<00:00, 3101.75it/s]
Benchmarking (mlp):  63%|██████▎   | 1252/1995 [00:00<00:00, 3140.39it/s]
Benchmarking (mlp):  79%|███████▉  | 1572/1995 [00:00<00:00, 3161.79it/s]
Benchmarking (mlp):  95%|█████████▍| 1889/1995 [00:00<00:00, 3158.49it/s]
Benchmarking (mlp):   0%|          | 0/1995 [00:00<?, ?it/s]
Benchmarking (mlp):  16%|█▌        | 323/1995 [00:00<00:00, 3222.13it/s]
Benchmarking (mlp):  32%|███▏      | 646/1995 [00:00<00:00, 3207.49it/s]
Benchmarking (mlp):  49%|████▊     | 968/1995 [00:00<00:00, 3209.75it/s]
Benchmarking (mlp):  65%|██████▍   | 1291/1995 [00:00<00:00, 3217.48it/s]
Benchmarking (mlp):  81%|████████  | 1613/1995 [00:00<00:00, 3149.14it/s]
Benchmarking (mlp):  97%|█████████▋| 1934/1995 [00:00<00:00, 3169.40it/s]
2026-04-03 22:30:26,466 INFO
[Loss Ablation Engine] Benchmarks mapped cleanly. Exported exact CSV schema to data/ukb_storage/musique/loss_ablation_results.csv
════════════════════════════════════════════════════════════════════════════════════════════════════════════════════════
PARTITION SELECTION RECALL
════════════════════════════════════════════════════════════════════════════════════════════════════════════════════════
Method            Split  │   R@1   R@3   R@5  R@10  R@20 │ GTR@5 GTR@10 GTR@20 │   MRR  FCov │    Lat    #Q
──────────────────────────────────────────────────────────────────────────────────────────────────────────────────────
mlp_info_nce_single test   │ 76.7% 87.8% 92.0% 95.7% 98.5% │ 85.5%  90.6%  95.0% │ 83.3% 91.5% │   0.3ms  1995
──────────────────────────────────────────────────────────────────────────────────────────────────────────────────────
mlp_info_nce_multi test   │ 81.7% 90.3% 93.6% 96.6% 98.8% │ 86.1%  90.5%  95.3% │ 86.9% 91.8% │   0.3ms  1995
──────────────────────────────────────────────────────────────────────────────────────────────────────────────────────
mlp_kl_div        test   │ 80.8% 90.1% 93.2% 96.6% 99.0% │ 87.5%  92.5%  96.6% │ 86.3% 94.1% │   0.3ms  1995
──────────────────────────────────────────────────────────────────────────────────────────────────────────────────────
mlp_bce           test   │ 79.1% 89.3% 92.7% 96.1% 99.0% │ 87.4%  91.6%  96.2% │ 85.2% 93.4% │   0.3ms  1995
──────────────────────────────────────────────────────────────────────────────────────────────────────────────────────
════════════════════════════════════════════════════════════════════════════════════════════════════════════════════════
═══════════════════════════════════════════════════════════════════════════════════════════════════════════════════
DETAILED METRICS (Test Split)
═══════════════════════════════════════════════════════════════════════════════════════════════════════════════════
Method            │   P@1   P@3   P@5  P@10  P@20 │  F1@5 F1@10 F1@20 │ NDCG@5 NDCG@10 NDCG@20
─────────────────────────────────────────────────────────────────────────────────────────────────────────────────
mlp_info_nce_single │ 76.7% 30.8% 19.9% 10.8%  5.8% │ 31.8% 19.0% 10.8% │  80.5%   82.4%   83.7%
mlp_info_nce_multi │ 81.7% 31.3% 19.9% 10.7%  5.8% │ 31.9% 18.9% 10.8% │  82.8%   84.4%   85.8%
mlp_kl_div        │ 80.8% 32.4% 20.5% 11.1%  5.9% │ 32.8% 19.6% 11.1% │  83.6%   85.4%   86.6%
mlp_bce           │ 79.1% 31.9% 20.5% 11.0%  5.9% │ 32.8% 19.4% 11.0% │  82.7%   84.3%   85.6%
═══════════════════════════════════════════════════════════════════════════════════════════════════════════════════
══════════════════════════════════════════════════════════════════════
PER-METHOD BREAKDOWN (Test Split)
══════════════════════════════════════════════════════════════════════
--- MLP_INFO_NCE_SINGLE ---
Total queries:       1995
Recall@1:            76.7%
Recall@5:            92.0%
Recall@10:           95.7%
Recall@20:           98.5%
GT Recall@5:         85.5%
GT Recall@10:        90.6%
GT Recall@20:        95.0%
Full Coverage@20:    91.5%
MRR:                 83.3%
NDCG@5:              80.5%
NDCG@20:             83.7%
Avg GT Partitions:   1.24
Min/Max GT Parts:    1 / 3
--- Hit Position ---
Avg First Hit:     1.89
Median First Hit:  1.0
--- Latency ---
Avg Latency:       0.26ms
P50 Latency:       0.25ms
P95 Latency:       0.27ms
P99 Latency:       0.29ms
--- MLP_INFO_NCE_MULTI ---
Total queries:       1995
Recall@1:            81.7%
Recall@5:            93.6%
Recall@10:           96.6%
Recall@20:           98.8%
GT Recall@5:         86.1%
GT Recall@10:        90.5%
GT Recall@20:        95.3%
Full Coverage@20:    91.8%
MRR:                 86.9%
NDCG@5:              82.8%
NDCG@20:             85.8%
Avg GT Partitions:   1.24
Min/Max GT Parts:    1 / 3
--- Hit Position ---
Avg First Hit:     1.70
Median First Hit:  1.0
--- Latency ---
Avg Latency:       0.27ms
P50 Latency:       0.27ms
P95 Latency:       0.28ms
P99 Latency:       0.31ms
--- MLP_KL_DIV ---
Total queries:       1995
Recall@1:            80.8%
Recall@5:            93.2%
Recall@10:           96.6%
Recall@20:           99.0%
GT Recall@5:         87.5%
GT Recall@10:        92.5%
GT Recall@20:        96.6%
Full Coverage@20:    94.1%
MRR:                 86.3%
NDCG@5:              83.6%
NDCG@20:             86.6%
Avg GT Partitions:   1.24
Min/Max GT Parts:    1 / 3
--- Hit Position ---
Avg First Hit:     1.76
Median First Hit:  1.0
--- Latency ---
Avg Latency:       0.27ms
P50 Latency:       0.27ms
P95 Latency:       0.28ms
P99 Latency:       0.31ms
--- MLP_BCE ---
Total queries:       1995
Recall@1:            79.1%
Recall@5:            92.7%
Recall@10:           96.1%
Recall@20:           99.0%
GT Recall@5:         87.4%
GT Recall@10:        91.6%
GT Recall@20:        96.2%
Full Coverage@20:    93.4%
MRR:                 85.2%
NDCG@5:              82.7%
NDCG@20:             85.6%
Avg GT Partitions:   1.24
Min/Max GT Parts:    1 / 3
--- Hit Position ---
Avg First Hit:     1.83
Median First Hit:  1.0
--- Latency ---
Avg Latency:       0.26ms
P50 Latency:       0.26ms
P95 Latency:       0.28ms
P99 Latency:       0.37ms
══════════════════════════════════════════════════════════════════════
═══════════════════════════════════════════════════════════════════════════════════════════════
OVERALL SUMMARY (Test Split)
═══════════════════════════════════════════════════════════════════════════════════════════════
Metric            │ Best Method          Score │ Worst Method         Score │      Δ
─────────────────────────────────────────────────────────────────────────────────────────────
recall@1          │ mlp_info_nce_multi    81.7% │ mlp_info_nce_single    76.7% │   5.0%
recall@5          │ mlp_info_nce_multi    93.6% │ mlp_info_nce_single    92.0% │   1.5%
recall@10         │ mlp_kl_div           96.6% │ mlp_info_nce_single    95.7% │   1.0%
recall@20         │ mlp_kl_div           99.0% │ mlp_info_nce_single    98.5% │   0.5%
gt_recall@5       │ mlp_kl_div           87.5% │ mlp_info_nce_single    85.5% │   2.1%
gt_recall@10      │ mlp_kl_div           92.5% │ mlp_info_nce_multi    90.5% │   2.0%
gt_recall@20      │ mlp_kl_div           96.6% │ mlp_info_nce_single    95.0% │   1.5%
precision@1       │ mlp_info_nce_multi    81.7% │ mlp_info_nce_single    76.7% │   5.0%
precision@5       │ mlp_kl_div           20.5% │ mlp_info_nce_single    19.9% │   0.7%
ndcg@5            │ mlp_kl_div           83.6% │ mlp_info_nce_single    80.5% │   3.0%
ndcg@10           │ mlp_kl_div           85.4% │ mlp_info_nce_single    82.4% │   3.0%
ndcg@20           │ mlp_kl_div           86.6% │ mlp_info_nce_single    83.7% │   2.9%
mrr               │ mlp_info_nce_multi    86.9% │ mlp_info_nce_single    83.3% │   3.6%
full_coverage@20  │ mlp_kl_div           94.1% │ mlp_info_nce_single    91.5% │   2.6%
─────────────────────────────────────────────────────────────────────────────────────────────
AGGREGATE RANKING (avg rank across 14 metrics, lower = better):
🥇 #1 mlp_kl_div        avg_rank=1.3  (best=1, worst=2)  metric_wins=10/14
🥈 #2 mlp_info_nce_multi avg_rank=2.2  (best=1, worst=4)  metric_wins=4/14
🥉 #3 mlp_bce           avg_rank=2.6  (best=2, worst=3)  metric_wins=0/14
#4 mlp_info_nce_single avg_rank=3.9  (best=3, worst=4)  metric_wins=0/14
─────────────────────────────────────────────────────────────────────────────────────────────
LATENCY COMPARISON:
* Note: ColBERT intrinsically includes query text-encoding time.
Other models evaluate via internally pre-encoded vectors.
mlp_info_nce_single avg=    0.3ms  p95=    0.3ms
mlp_info_nce_multi avg=    0.3ms  p95=    0.3ms
mlp_kl_div        avg=    0.3ms  p95=    0.3ms
mlp_bce           avg=    0.3ms  p95=    0.3ms
═══════════════════════════════════════════════════════════════════════════════════════════════
2026-04-03 22:30:26,468 INFO ========== CLOUD ABLATION TARGET: 2WIKI ==========
2026-04-03 22:30:26,468 INFO --> Ensuring info_nce_single model is trained...
2026-04-03 22:30:26,469 INFO Model missing. Triggering training engine for info_nce_single...
2026-04-03 22:30:26,469 INFO Loading data for 2wiki | Target Loss Engine: info_nce_single
2026-04-03 22:30:37,479 INFO Load pretrained SentenceTransformer: multi-qa-MiniLM-L6-cos-v1
2026-04-03 22:30:38,865 INFO Split 2wiki: 10500 train / 3000 val / 1500 test
2026-04-03 22:30:38,879 INFO Pre-encoding 10500 2wiki [train] query-GT pairs...
Batches:   4%|▍         | 13/329 [00:00<00:02, 127.10it/s]
Batches:   9%|▊         | 28/329 [00:00<00:02, 140.08it/s]
Batches:  14%|█▎        | 45/329 [00:00<00:01, 152.12it/s]
Batches:  19%|█▉        | 63/329 [00:00<00:01, 160.25it/s]
Batches:  25%|██▍       | 81/329 [00:00<00:01, 167.15it/s]
Batches:  30%|██▉       | 98/329 [00:00<00:01, 162.50it/s]
Batches:  35%|███▍      | 115/329 [00:00<00:01, 160.86it/s]
Batches:  40%|████      | 132/329 [00:00<00:01, 159.93it/s]
Batches:  45%|████▌     | 149/329 [00:00<00:01, 159.08it/s]
Batches:  50%|█████     | 165/329 [00:01<00:01, 157.27it/s]
Batches:  55%|█████▌    | 181/329 [00:01<00:00, 156.92it/s]
Batches:  60%|█████▉    | 197/329 [00:01<00:00, 157.38it/s]
Batches:  65%|██████▌   | 214/329 [00:01<00:00, 159.05it/s]
Batches:  71%|███████   | 232/329 [00:01<00:00, 163.88it/s]
Batches:  76%|███████▋  | 251/329 [00:01<00:00, 170.74it/s]
Batches:  82%|████████▏ | 271/329 [00:01<00:00, 177.18it/s]
Batches:  88%|████████▊ | 290/329 [00:01<00:00, 179.81it/s]
Batches:  94%|█████████▎| 308/329 [00:01<00:00, 176.19it/s]
Batches:  99%|█████████▉| 326/329 [00:01<00:00, 173.59it/s]
2026-04-03 22:30:40,970 INFO Pre-encoding 3000 2wiki [val] query-GT pairs...
Batches:  17%|█▋        | 16/94 [00:00<00:00, 151.70it/s]
Batches:  35%|███▌      | 33/94 [00:00<00:00, 158.97it/s]
Batches:  53%|█████▎    | 50/94 [00:00<00:00, 163.59it/s]
Batches:  72%|███████▏  | 68/94 [00:00<00:00, 165.75it/s]
Batches:  90%|█████████ | 85/94 [00:00<00:00, 164.89it/s]
2026-04-03 22:30:41,578 INFO Pre-encoding 1500 2wiki [test] query-GT pairs...
Batches:  36%|███▌      | 17/47 [00:00<00:00, 163.68it/s]
Batches:  74%|███████▍  | 35/47 [00:00<00:00, 171.38it/s]
Training MLP (info_nce_single):   0%|          | 0/100 [00:00<?, ?it/s]
Training MLP (info_nce_single):   0%|          | 0/100 [00:00<?, ?it/s, TrL=3.9908, VaL=3.6505, TeL=3.6532 ★=best]
Training MLP (info_nce_single):   1%|          | 1/100 [00:00<00:38,  2.55it/s, TrL=3.9908, VaL=3.6505, TeL=3.6532 ★=best]
Training MLP (info_nce_single):   1%|          | 1/100 [00:00<00:38,  2.55it/s, TrL=3.6442, VaL=3.5720, TeL=3.5533 ★=best]
Training MLP (info_nce_single):   2%|▏         | 2/100 [00:00<00:38,  2.52it/s, TrL=3.6442, VaL=3.5720, TeL=3.5533 ★=best]
Training MLP (info_nce_single):   2%|▏         | 2/100 [00:01<00:38,  2.52it/s, TrL=3.5648, VaL=3.5457, TeL=3.5239 ★=best]
Training MLP (info_nce_single):   3%|▎         | 3/100 [00:01<00:38,  2.50it/s, TrL=3.5648, VaL=3.5457, TeL=3.5239 ★=best]
Training MLP (info_nce_single):   3%|▎         | 3/100 [00:01<00:38,  2.50it/s, TrL=3.5098, VaL=3.5266, TeL=3.5045 ★=best]
Training MLP (info_nce_single):   4%|▍         | 4/100 [00:01<00:38,  2.50it/s, TrL=3.5098, VaL=3.5266, TeL=3.5045 ★=best]
Training MLP (info_nce_single):   4%|▍         | 4/100 [00:01<00:38,  2.50it/s, TrL=3.4752, VaL=3.5130, TeL=3.4836 ★=best]
Training MLP (info_nce_single):   5%|▌         | 5/100 [00:01<00:38,  2.49it/s, TrL=3.4752, VaL=3.5130, TeL=3.4836 ★=best]
Training MLP (info_nce_single):   5%|▌         | 5/100 [00:02<00:38,  2.49it/s, TrL=3.4366, VaL=3.5211, TeL=3.4860]
Training MLP (info_nce_single):   6%|▌         | 6/100 [00:02<00:37,  2.53it/s, TrL=3.4366, VaL=3.5211, TeL=3.4860]
Training MLP (info_nce_single):   6%|▌         | 6/100 [00:02<00:37,  2.53it/s, TrL=3.3992, VaL=3.5084, TeL=3.4703 ★=best]
Training MLP (info_nce_single):   7%|▋         | 7/100 [00:02<00:37,  2.51it/s, TrL=3.3992, VaL=3.5084, TeL=3.4703 ★=best]
Training MLP (info_nce_single):   7%|▋         | 7/100 [00:03<00:37,  2.51it/s, TrL=3.3653, VaL=3.5053, TeL=3.4686 ★=best]
Training MLP (info_nce_single):   8%|▊         | 8/100 [00:03<00:36,  2.52it/s, TrL=3.3653, VaL=3.5053, TeL=3.4686 ★=best]
Training MLP (info_nce_single):   8%|▊         | 8/100 [00:03<00:36,  2.52it/s, TrL=3.3363, VaL=3.5101, TeL=3.4729]
Training MLP (info_nce_single):   9%|▉         | 9/100 [00:03<00:35,  2.54it/s, TrL=3.3363, VaL=3.5101, TeL=3.4729]
Training MLP (info_nce_single):   9%|▉         | 9/100 [00:03<00:35,  2.54it/s, TrL=3.2973, VaL=3.5146, TeL=3.4827]
Training MLP (info_nce_single):  10%|█         | 10/100 [00:03<00:34,  2.58it/s, TrL=3.2973, VaL=3.5146, TeL=3.4827]
Training MLP (info_nce_single):  10%|█         | 10/100 [00:04<00:34,  2.58it/s, TrL=3.2684, VaL=3.5091, TeL=3.4763]
Training MLP (info_nce_single):  11%|█         | 11/100 [00:04<00:34,  2.58it/s, TrL=3.2684, VaL=3.5091, TeL=3.4763]
Training MLP (info_nce_single):  11%|█         | 11/100 [00:04<00:34,  2.58it/s, TrL=3.2393, VaL=3.5167, TeL=3.4823]
Training MLP (info_nce_single):  12%|█▏        | 12/100 [00:04<00:34,  2.59it/s, TrL=3.2393, VaL=3.5167, TeL=3.4823]
Training MLP (info_nce_single):  12%|█▏        | 12/100 [00:05<00:34,  2.59it/s, TrL=3.2054, VaL=3.5185, TeL=3.4864]
Training MLP (info_nce_single):  13%|█▎        | 13/100 [00:05<00:33,  2.61it/s, TrL=3.2054, VaL=3.5185, TeL=3.4864]
Training MLP (info_nce_single):  13%|█▎        | 13/100 [00:05<00:33,  2.61it/s, TrL=3.1777, VaL=3.5288, TeL=3.4910]
Training MLP (info_nce_single):  14%|█▍        | 14/100 [00:05<00:33,  2.60it/s, TrL=3.1777, VaL=3.5288, TeL=3.4910]
Training MLP (info_nce_single):  14%|█▍        | 14/100 [00:05<00:33,  2.60it/s, TrL=3.1483, VaL=3.5331, TeL=3.4998]
Training MLP (info_nce_single):  15%|█▌        | 15/100 [00:05<00:32,  2.60it/s, TrL=3.1483, VaL=3.5331, TeL=3.4998]
Training MLP (info_nce_single):  15%|█▌        | 15/100 [00:06<00:32,  2.60it/s, TrL=3.1253, VaL=3.5387, TeL=3.5037]
Training MLP (info_nce_single):  16%|█▌        | 16/100 [00:06<00:32,  2.58it/s, TrL=3.1253, VaL=3.5387, TeL=3.5037]
Training MLP (info_nce_single):  16%|█▌        | 16/100 [00:06<00:32,  2.58it/s, TrL=3.0781, VaL=3.5411, TeL=3.5064]
Training MLP (info_nce_single):  17%|█▋        | 17/100 [00:06<00:32,  2.59it/s, TrL=3.0781, VaL=3.5411, TeL=3.5064]
Training MLP (info_nce_single):  17%|█▋        | 17/100 [00:07<00:32,  2.59it/s, TrL=3.0651, VaL=3.5447, TeL=3.5138]
Training MLP (info_nce_single):  18%|█▊        | 18/100 [00:07<00:31,  2.57it/s, TrL=3.0651, VaL=3.5447, TeL=3.5138]
Training MLP (info_nce_single):  18%|█▊        | 18/100 [00:07<00:31,  2.57it/s, TrL=3.0500, VaL=3.5459, TeL=3.5118]
Training MLP (info_nce_single):  19%|█▉        | 19/100 [00:07<00:31,  2.57it/s, TrL=3.0500, VaL=3.5459, TeL=3.5118]
Training MLP (info_nce_single):  19%|█▉        | 19/100 [00:07<00:31,  2.57it/s, TrL=3.0301, VaL=3.5442, TeL=3.5110]
Training MLP (info_nce_single):  20%|██        | 20/100 [00:07<00:30,  2.58it/s, TrL=3.0301, VaL=3.5442, TeL=3.5110]
Training MLP (info_nce_single):  20%|██        | 20/100 [00:08<00:30,  2.58it/s, TrL=3.0165, VaL=3.5470, TeL=3.5170]
Training MLP (info_nce_single):  21%|██        | 21/100 [00:08<00:30,  2.60it/s, TrL=3.0165, VaL=3.5470, TeL=3.5170]
Training MLP (info_nce_single):  21%|██        | 21/100 [00:08<00:30,  2.60it/s, TrL=3.0061, VaL=3.5486, TeL=3.5201]
Training MLP (info_nce_single):  22%|██▏       | 22/100 [00:08<00:29,  2.60it/s, TrL=3.0061, VaL=3.5486, TeL=3.5201]
Training MLP (info_nce_single):  22%|██▏       | 22/100 [00:08<00:29,  2.60it/s, TrL=2.9833, VaL=3.5562, TeL=3.5285]
Training MLP (info_nce_single):  23%|██▎       | 23/100 [00:08<00:29,  2.61it/s, TrL=2.9833, VaL=3.5562, TeL=3.5285]
Training MLP (info_nce_single):  23%|██▎       | 23/100 [00:09<00:29,  2.61it/s, TrL=2.9767, VaL=3.5641, TeL=3.5369]
Training MLP (info_nce_single):  24%|██▍       | 24/100 [00:09<00:28,  2.63it/s, TrL=2.9767, VaL=3.5641, TeL=3.5369]
Training MLP (info_nce_single):  24%|██▍       | 24/100 [00:09<00:28,  2.63it/s, TrL=2.9563, VaL=3.5575, TeL=3.5257]
Training MLP (info_nce_single):  25%|██▌       | 25/100 [00:09<00:28,  2.63it/s, TrL=2.9563, VaL=3.5575, TeL=3.5257]
Training MLP (info_nce_single):  25%|██▌       | 25/100 [00:10<00:28,  2.63it/s, TrL=2.9463, VaL=3.5579, TeL=3.5267]
Training MLP (info_nce_single):  26%|██▌       | 26/100 [00:10<00:28,  2.62it/s, TrL=2.9463, VaL=3.5579, TeL=3.5267]
Training MLP (info_nce_single):  26%|██▌       | 26/100 [00:10<00:28,  2.62it/s, TrL=2.9396, VaL=3.5610, TeL=3.5273]
Training MLP (info_nce_single):  27%|██▋       | 27/100 [00:10<00:27,  2.62it/s, TrL=2.9396, VaL=3.5610, TeL=3.5273]
Training MLP (info_nce_single):  27%|██▋       | 27/100 [00:10<00:27,  2.62it/s, TrL=2.9312, VaL=3.5602, TeL=3.5281]
Training MLP (info_nce_single):  28%|██▊       | 28/100 [00:10<00:27,  2.62it/s, TrL=2.9312, VaL=3.5602, TeL=3.5281]2026-04-03 22:30:52,720 INFO Early stopping triggered at epoch 28
Training MLP (info_nce_single):  28%|██▊       | 28/100 [00:10<00:27,  2.58it/s, TrL=2.9312, VaL=3.5602, TeL=3.5281]
2026-04-03 22:30:52,728 INFO Strict Checkpoint successfully mapped at: checkpoints/2wiki/losses_ablation/alignment_mlp_info_nce_single.pth
2026-04-03 22:30:55,267 INFO --> Ensuring info_nce_multi model is trained...
2026-04-03 22:30:55,268 INFO Model missing. Triggering training engine for info_nce_multi...
2026-04-03 22:30:55,268 INFO Loading data for 2wiki | Target Loss Engine: info_nce_multi
Training MLP (info_nce_multi):   0%|          | 0/100 [00:00<?, ?it/s]
Training MLP (info_nce_multi):   0%|          | 0/100 [00:00<?, ?it/s, TrL=3.3956, VaL=3.0295, TeL=3.0092 ★=best]
Training MLP (info_nce_multi):   1%|          | 1/100 [00:00<01:25,  1.16it/s, TrL=3.3956, VaL=3.0295, TeL=3.0092 ★=best]
Training MLP (info_nce_multi):   1%|          | 1/100 [00:01<01:25,  1.16it/s, TrL=3.0055, VaL=2.9449, TeL=2.9219 ★=best]
Training MLP (info_nce_multi):   2%|▏         | 2/100 [00:01<01:27,  1.13it/s, TrL=3.0055, VaL=2.9449, TeL=2.9219 ★=best]
Training MLP (info_nce_multi):   2%|▏         | 2/100 [00:02<01:27,  1.13it/s, TrL=2.9305, VaL=2.9142, TeL=2.8952 ★=best]
Training MLP (info_nce_multi):   3%|▎         | 3/100 [00:02<01:28,  1.10it/s, TrL=2.9305, VaL=2.9142, TeL=2.8952 ★=best]
Training MLP (info_nce_multi):   3%|▎         | 3/100 [00:03<01:28,  1.10it/s, TrL=2.8726, VaL=2.9013, TeL=2.8805 ★=best]
Training MLP (info_nce_multi):   4%|▍         | 4/100 [00:03<01:31,  1.05it/s, TrL=2.8726, VaL=2.9013, TeL=2.8805 ★=best]
Training MLP (info_nce_multi):   4%|▍         | 4/100 [00:04<01:31,  1.05it/s, TrL=2.8342, VaL=2.8884, TeL=2.8640 ★=best]
Training MLP (info_nce_multi):   5%|▌         | 5/100 [00:04<01:32,  1.02it/s, TrL=2.8342, VaL=2.8884, TeL=2.8640 ★=best]
Training MLP (info_nce_multi):   5%|▌         | 5/100 [00:05<01:32,  1.02it/s, TrL=2.7985, VaL=2.8786, TeL=2.8546 ★=best]
Training MLP (info_nce_multi):   6%|▌         | 6/100 [00:05<01:32,  1.02it/s, TrL=2.7985, VaL=2.8786, TeL=2.8546 ★=best]
Training MLP (info_nce_multi):   6%|▌         | 6/100 [00:06<01:32,  1.02it/s, TrL=2.7669, VaL=2.8712, TeL=2.8499 ★=best]
Training MLP (info_nce_multi):   7%|▋         | 7/100 [00:06<01:32,  1.00it/s, TrL=2.7669, VaL=2.8712, TeL=2.8499 ★=best]
Training MLP (info_nce_multi):   7%|▋         | 7/100 [00:07<01:32,  1.00it/s, TrL=2.7428, VaL=2.8669, TeL=2.8497 ★=best]
Training MLP (info_nce_multi):   8%|▊         | 8/100 [00:07<01:31,  1.01it/s, TrL=2.7428, VaL=2.8669, TeL=2.8497 ★=best]
Training MLP (info_nce_multi):   8%|▊         | 8/100 [00:08<01:31,  1.01it/s, TrL=2.7094, VaL=2.8704, TeL=2.8418]
Training MLP (info_nce_multi):   9%|▉         | 9/100 [00:08<01:30,  1.00it/s, TrL=2.7094, VaL=2.8704, TeL=2.8418]
Training MLP (info_nce_multi):   9%|▉         | 9/100 [00:09<01:30,  1.00it/s, TrL=2.6845, VaL=2.8604, TeL=2.8416 ★=best]
Training MLP (info_nce_multi):  10%|█         | 10/100 [00:09<01:30,  1.00s/it, TrL=2.6845, VaL=2.8604, TeL=2.8416 ★=best]
Training MLP (info_nce_multi):  10%|█         | 10/100 [00:10<01:30,  1.00s/it, TrL=2.6616, VaL=2.8623, TeL=2.8397]
Training MLP (info_nce_multi):  11%|█         | 11/100 [00:10<01:29,  1.01s/it, TrL=2.6616, VaL=2.8623, TeL=2.8397]
Training MLP (info_nce_multi):  11%|█         | 11/100 [00:11<01:29,  1.01s/it, TrL=2.6359, VaL=2.8564, TeL=2.8279 ★=best]
Training MLP (info_nce_multi):  12%|█▏        | 12/100 [00:11<01:24,  1.04it/s, TrL=2.6359, VaL=2.8564, TeL=2.8279 ★=best]
Training MLP (info_nce_multi):  12%|█▏        | 12/100 [00:12<01:24,  1.04it/s, TrL=2.6104, VaL=2.8634, TeL=2.8359]
Training MLP (info_nce_multi):  13%|█▎        | 13/100 [00:12<01:21,  1.07it/s, TrL=2.6104, VaL=2.8634, TeL=2.8359]
Training MLP (info_nce_multi):  13%|█▎        | 13/100 [00:13<01:21,  1.07it/s, TrL=2.5847, VaL=2.8570, TeL=2.8309]
Training MLP (info_nce_multi):  14%|█▍        | 14/100 [00:13<01:19,  1.08it/s, TrL=2.5847, VaL=2.8570, TeL=2.8309]
Training MLP (info_nce_multi):  14%|█▍        | 14/100 [00:14<01:19,  1.08it/s, TrL=2.5623, VaL=2.8548, TeL=2.8256 ★=best]
Training MLP (info_nce_multi):  15%|█▌        | 15/100 [00:14<01:18,  1.08it/s, TrL=2.5623, VaL=2.8548, TeL=2.8256 ★=best]
Training MLP (info_nce_multi):  15%|█▌        | 15/100 [00:15<01:18,  1.08it/s, TrL=2.5429, VaL=2.8561, TeL=2.8228]
Training MLP (info_nce_multi):  16%|█▌        | 16/100 [00:15<01:18,  1.07it/s, TrL=2.5429, VaL=2.8561, TeL=2.8228]
Training MLP (info_nce_multi):  16%|█▌        | 16/100 [00:16<01:18,  1.07it/s, TrL=2.5240, VaL=2.8568, TeL=2.8235]
Training MLP (info_nce_multi):  17%|█▋        | 17/100 [00:16<01:19,  1.05it/s, TrL=2.5240, VaL=2.8568, TeL=2.8235]
Training MLP (info_nce_multi):  17%|█▋        | 17/100 [00:17<01:19,  1.05it/s, TrL=2.4877, VaL=2.8553, TeL=2.8218]
Training MLP (info_nce_multi):  18%|█▊        | 18/100 [00:17<01:21,  1.00it/s, TrL=2.4877, VaL=2.8553, TeL=2.8218]
Training MLP (info_nce_multi):  18%|█▊        | 18/100 [00:18<01:21,  1.00it/s, TrL=2.4720, VaL=2.8562, TeL=2.8186]
Training MLP (info_nce_multi):  19%|█▉        | 19/100 [00:18<01:24,  1.04s/it, TrL=2.4720, VaL=2.8562, TeL=2.8186]
Training MLP (info_nce_multi):  19%|█▉        | 19/100 [00:19<01:24,  1.04s/it, TrL=2.4559, VaL=2.8555, TeL=2.8112]
Training MLP (info_nce_multi):  20%|██        | 20/100 [00:19<01:22,  1.03s/it, TrL=2.4559, VaL=2.8555, TeL=2.8112]
Training MLP (info_nce_multi):  20%|██        | 20/100 [00:20<01:22,  1.03s/it, TrL=2.4267, VaL=2.8550, TeL=2.8153]
Training MLP (info_nce_multi):  21%|██        | 21/100 [00:20<01:19,  1.00s/it, TrL=2.4267, VaL=2.8550, TeL=2.8153]
Training MLP (info_nce_multi):  21%|██        | 21/100 [00:21<01:19,  1.00s/it, TrL=2.4027, VaL=2.8566, TeL=2.8128]
Training MLP (info_nce_multi):  22%|██▏       | 22/100 [00:21<01:17,  1.01it/s, TrL=2.4027, VaL=2.8566, TeL=2.8128]
Training MLP (info_nce_multi):  22%|██▏       | 22/100 [00:22<01:17,  1.01it/s, TrL=2.3815, VaL=2.8602, TeL=2.8114]
Training MLP (info_nce_multi):  23%|██▎       | 23/100 [00:22<01:12,  1.06it/s, TrL=2.3815, VaL=2.8602, TeL=2.8114]
Training MLP (info_nce_multi):  23%|██▎       | 23/100 [00:23<01:12,  1.06it/s, TrL=2.3573, VaL=2.8561, TeL=2.8086]
Training MLP (info_nce_multi):  24%|██▍       | 24/100 [00:23<01:09,  1.09it/s, TrL=2.3573, VaL=2.8561, TeL=2.8086]
Training MLP (info_nce_multi):  24%|██▍       | 24/100 [00:24<01:09,  1.09it/s, TrL=2.3455, VaL=2.8597, TeL=2.8112]
Training MLP (info_nce_multi):  25%|██▌       | 25/100 [00:24<01:09,  1.08it/s, TrL=2.3455, VaL=2.8597, TeL=2.8112]
Training MLP (info_nce_multi):  25%|██▌       | 25/100 [00:25<01:09,  1.08it/s, TrL=2.3346, VaL=2.8629, TeL=2.8153]
Training MLP (info_nce_multi):  26%|██▌       | 26/100 [00:25<01:08,  1.08it/s, TrL=2.3346, VaL=2.8629, TeL=2.8153]
Training MLP (info_nce_multi):  26%|██▌       | 26/100 [00:25<01:08,  1.08it/s, TrL=2.3242, VaL=2.8656, TeL=2.8141]
Training MLP (info_nce_multi):  27%|██▋       | 27/100 [00:25<01:07,  1.08it/s, TrL=2.3242, VaL=2.8656, TeL=2.8141]
Training MLP (info_nce_multi):  27%|██▋       | 27/100 [00:26<01:07,  1.08it/s, TrL=2.3136, VaL=2.8639, TeL=2.8116]
Training MLP (info_nce_multi):  28%|██▊       | 28/100 [00:26<01:08,  1.05it/s, TrL=2.3136, VaL=2.8639, TeL=2.8116]
Training MLP (info_nce_multi):  28%|██▊       | 28/100 [00:27<01:08,  1.05it/s, TrL=2.2963, VaL=2.8579, TeL=2.8073]
Training MLP (info_nce_multi):  29%|██▉       | 29/100 [00:27<01:07,  1.05it/s, TrL=2.2963, VaL=2.8579, TeL=2.8073]
Training MLP (info_nce_multi):  29%|██▉       | 29/100 [00:28<01:07,  1.05it/s, TrL=2.2887, VaL=2.8647, TeL=2.8134]
Training MLP (info_nce_multi):  30%|███       | 30/100 [00:28<01:09,  1.01it/s, TrL=2.2887, VaL=2.8647, TeL=2.8134]
Training MLP (info_nce_multi):  30%|███       | 30/100 [00:30<01:09,  1.01it/s, TrL=2.2773, VaL=2.8630, TeL=2.8098]
Training MLP (info_nce_multi):  31%|███       | 31/100 [00:30<01:10,  1.02s/it, TrL=2.2773, VaL=2.8630, TeL=2.8098]
Training MLP (info_nce_multi):  31%|███       | 31/100 [00:31<01:10,  1.02s/it, TrL=2.2564, VaL=2.8638, TeL=2.8123]
Training MLP (info_nce_multi):  32%|███▏      | 32/100 [00:31<01:11,  1.04s/it, TrL=2.2564, VaL=2.8638, TeL=2.8123]
Training MLP (info_nce_multi):  32%|███▏      | 32/100 [00:32<01:11,  1.04s/it, TrL=2.2556, VaL=2.8637, TeL=2.8114]
Training MLP (info_nce_multi):  33%|███▎      | 33/100 [00:32<01:10,  1.06s/it, TrL=2.2556, VaL=2.8637, TeL=2.8114]
Training MLP (info_nce_multi):  33%|███▎      | 33/100 [00:33<01:10,  1.06s/it, TrL=2.2527, VaL=2.8680, TeL=2.8135]
Training MLP (info_nce_multi):  34%|███▍      | 34/100 [00:33<01:11,  1.08s/it, TrL=2.2527, VaL=2.8680, TeL=2.8135]
Training MLP (info_nce_multi):  34%|███▍      | 34/100 [00:34<01:11,  1.08s/it, TrL=2.2523, VaL=2.8655, TeL=2.8127]
Training MLP (info_nce_multi):  35%|███▌      | 35/100 [00:34<01:09,  1.08s/it, TrL=2.2523, VaL=2.8655, TeL=2.8127]2026-04-03 22:31:38,058 INFO Early stopping triggered at epoch 35
Training MLP (info_nce_multi):  35%|███▌      | 35/100 [00:34<01:03,  1.02it/s, TrL=2.2523, VaL=2.8655, TeL=2.8127]
2026-04-03 22:31:38,064 INFO Strict Checkpoint successfully mapped at: checkpoints/2wiki/losses_ablation/alignment_mlp_info_nce_multi.pth
2026-04-03 22:31:40,391 INFO --> Ensuring kl_div model is trained...
2026-04-03 22:31:40,394 INFO Model missing. Triggering training engine for kl_div...
2026-04-03 22:31:40,394 INFO Loading data for 2wiki | Target Loss Engine: kl_div
Training MLP (kl_div):   0%|          | 0/100 [00:00<?, ?it/s]Training MLP (kl_div):   0%|          | 0/100 [00:01<?, ?it/s, TrL=3.5443, VaL=3.2412, TeL=3.2430 ★=best]
Training MLP (kl_div):   1%|          | 1/100 [00:01<02:04,  1.26s/it, TrL=3.5443, VaL=3.2412, TeL=3.2430 ★=best]
Training MLP (kl_div):   1%|          | 1/100 [00:02<02:04,  1.26s/it, TrL=3.2200, VaL=3.1712, TeL=3.1599 ★=best]
Training MLP (kl_div):   2%|▏         | 2/100 [00:02<02:05,  1.28s/it, TrL=3.2200, VaL=3.1712, TeL=3.1599 ★=best]
Training MLP (kl_div):   2%|▏         | 2/100 [00:03<02:05,  1.28s/it, TrL=3.1487, VaL=3.1376, TeL=3.1263 ★=best]
Training MLP (kl_div):   3%|▎         | 3/100 [00:03<02:01,  1.25s/it, TrL=3.1487, VaL=3.1376, TeL=3.1263 ★=best]
Training MLP (kl_div):   3%|▎         | 3/100 [00:04<02:01,  1.25s/it, TrL=3.1058, VaL=3.1203, TeL=3.1049 ★=best]
Training MLP (kl_div):   4%|▍         | 4/100 [00:04<01:56,  1.22s/it, TrL=3.1058, VaL=3.1203, TeL=3.1049 ★=best]
Training MLP (kl_div):   4%|▍         | 4/100 [00:06<01:56,  1.22s/it, TrL=3.0647, VaL=3.1152, TeL=3.0953 ★=best]
Training MLP (kl_div):   5%|▌         | 5/100 [00:06<01:54,  1.20s/it, TrL=3.0647, VaL=3.1152, TeL=3.0953 ★=best]
Training MLP (kl_div):   5%|▌         | 5/100 [00:07<01:54,  1.20s/it, TrL=3.0309, VaL=3.1118, TeL=3.0960 ★=best]
Training MLP (kl_div):   6%|▌         | 6/100 [00:07<01:48,  1.16s/it, TrL=3.0309, VaL=3.1118, TeL=3.0960 ★=best]
Training MLP (kl_div):   6%|▌         | 6/100 [00:08<01:48,  1.16s/it, TrL=3.0069, VaL=3.0996, TeL=3.0813 ★=best]
Training MLP (kl_div):   7%|▋         | 7/100 [00:08<01:42,  1.10s/it, TrL=3.0069, VaL=3.0996, TeL=3.0813 ★=best]
Training MLP (kl_div):   7%|▋         | 7/100 [00:09<01:42,  1.10s/it, TrL=2.9820, VaL=3.1068, TeL=3.0943]
Training MLP (kl_div):   8%|▊         | 8/100 [00:09<01:37,  1.06s/it, TrL=2.9820, VaL=3.1068, TeL=3.0943]
Training MLP (kl_div):   8%|▊         | 8/100 [00:10<01:37,  1.06s/it, TrL=2.9541, VaL=3.1023, TeL=3.0867]
Training MLP (kl_div):   9%|▉         | 9/100 [00:10<01:34,  1.04s/it, TrL=2.9541, VaL=3.1023, TeL=3.0867]
Training MLP (kl_div):   9%|▉         | 9/100 [00:11<01:34,  1.04s/it, TrL=2.9308, VaL=3.0989, TeL=3.0832 ★=best]
Training MLP (kl_div):  10%|█         | 10/100 [00:11<01:32,  1.03s/it, TrL=2.9308, VaL=3.0989, TeL=3.0832 ★=best]
Training MLP (kl_div):  10%|█         | 10/100 [00:12<01:32,  1.03s/it, TrL=2.9053, VaL=3.0985, TeL=3.0870 ★=best]
Training MLP (kl_div):  11%|█         | 11/100 [00:12<01:30,  1.02s/it, TrL=2.9053, VaL=3.0985, TeL=3.0870 ★=best]
Training MLP (kl_div):  11%|█         | 11/100 [00:13<01:30,  1.02s/it, TrL=2.8810, VaL=3.1026, TeL=3.0887]
Training MLP (kl_div):  12%|█▏        | 12/100 [00:13<01:28,  1.01s/it, TrL=2.8810, VaL=3.1026, TeL=3.0887]
Training MLP (kl_div):  12%|█▏        | 12/100 [00:14<01:28,  1.01s/it, TrL=2.8612, VaL=3.0945, TeL=3.0813 ★=best]
Training MLP (kl_div):  13%|█▎        | 13/100 [00:14<01:27,  1.01s/it, TrL=2.8612, VaL=3.0945, TeL=3.0813 ★=best]
Training MLP (kl_div):  13%|█▎        | 13/100 [00:15<01:27,  1.01s/it, TrL=2.8355, VaL=3.0923, TeL=3.0778 ★=best]
Training MLP (kl_div):  14%|█▍        | 14/100 [00:15<01:25,  1.01it/s, TrL=2.8355, VaL=3.0923, TeL=3.0778 ★=best]
Training MLP (kl_div):  14%|█▍        | 14/100 [00:16<01:25,  1.01it/s, TrL=2.8171, VaL=3.0977, TeL=3.0806]
Training MLP (kl_div):  15%|█▌        | 15/100 [00:16<01:23,  1.01it/s, TrL=2.8171, VaL=3.0977, TeL=3.0806]
Training MLP (kl_div):  15%|█▌        | 15/100 [00:17<01:23,  1.01it/s, TrL=2.7993, VaL=3.0966, TeL=3.0809]
Training MLP (kl_div):  16%|█▌        | 16/100 [00:17<01:25,  1.02s/it, TrL=2.7993, VaL=3.0966, TeL=3.0809]
Training MLP (kl_div):  16%|█▌        | 16/100 [00:18<01:25,  1.02s/it, TrL=2.7800, VaL=3.1028, TeL=3.0899]
Training MLP (kl_div):  17%|█▋        | 17/100 [00:18<01:26,  1.04s/it, TrL=2.7800, VaL=3.1028, TeL=3.0899]
Training MLP (kl_div):  17%|█▋        | 17/100 [00:19<01:26,  1.04s/it, TrL=2.7551, VaL=3.1023, TeL=3.0901]
Training MLP (kl_div):  18%|█▊        | 18/100 [00:19<01:26,  1.05s/it, TrL=2.7551, VaL=3.1023, TeL=3.0901]
Training MLP (kl_div):  18%|█▊        | 18/100 [00:20<01:26,  1.05s/it, TrL=2.7374, VaL=3.1100, TeL=3.1012]
Training MLP (kl_div):  19%|█▉        | 19/100 [00:20<01:25,  1.06s/it, TrL=2.7374, VaL=3.1100, TeL=3.1012]
Training MLP (kl_div):  19%|█▉        | 19/100 [00:21<01:25,  1.06s/it, TrL=2.7126, VaL=3.1034, TeL=3.0924]
Training MLP (kl_div):  20%|██        | 20/100 [00:21<01:27,  1.09s/it, TrL=2.7126, VaL=3.1034, TeL=3.0924]
Training MLP (kl_div):  20%|██        | 20/100 [00:22<01:27,  1.09s/it, TrL=2.7026, VaL=3.1022, TeL=3.0930]
Training MLP (kl_div):  21%|██        | 21/100 [00:22<01:26,  1.09s/it, TrL=2.7026, VaL=3.1022, TeL=3.0930]
Training MLP (kl_div):  21%|██        | 21/100 [00:23<01:26,  1.09s/it, TrL=2.6803, VaL=3.1150, TeL=3.1006]
Training MLP (kl_div):  22%|██▏       | 22/100 [00:23<01:26,  1.11s/it, TrL=2.6803, VaL=3.1150, TeL=3.1006]
Training MLP (kl_div):  22%|██▏       | 22/100 [00:24<01:26,  1.11s/it, TrL=2.6456, VaL=3.1073, TeL=3.0947]
Training MLP (kl_div):  23%|██▎       | 23/100 [00:24<01:27,  1.14s/it, TrL=2.6456, VaL=3.1073, TeL=3.0947]Training MLP (kl_div):  23%|██▎       | 23/100 [00:26<01:27,  1.14s/it, TrL=2.6332, VaL=3.1084, TeL=3.0958]
Training MLP (kl_div):  24%|██▍       | 24/100 [00:26<01:29,  1.18s/it, TrL=2.6332, VaL=3.1084, TeL=3.0958]
Training MLP (kl_div):  24%|██▍       | 24/100 [00:27<01:29,  1.18s/it, TrL=2.6287, VaL=3.1089, TeL=3.0943]
Training MLP (kl_div):  25%|██▌       | 25/100 [00:27<01:27,  1.17s/it, TrL=2.6287, VaL=3.1089, TeL=3.0943]
Training MLP (kl_div):  25%|██▌       | 25/100 [00:28<01:27,  1.17s/it, TrL=2.6140, VaL=3.1090, TeL=3.0985]
Training MLP (kl_div):  26%|██▌       | 26/100 [00:28<01:26,  1.17s/it, TrL=2.6140, VaL=3.1090, TeL=3.0985]
Training MLP (kl_div):  26%|██▌       | 26/100 [00:29<01:26,  1.17s/it, TrL=2.6090, VaL=3.1118, TeL=3.0993]
Training MLP (kl_div):  27%|██▋       | 27/100 [00:29<01:25,  1.17s/it, TrL=2.6090, VaL=3.1118, TeL=3.0993]
Training MLP (kl_div):  27%|██▋       | 27/100 [00:30<01:25,  1.17s/it, TrL=2.6001, VaL=3.1144, TeL=3.1034]
Training MLP (kl_div):  28%|██▊       | 28/100 [00:30<01:24,  1.18s/it, TrL=2.6001, VaL=3.1144, TeL=3.1034]
Training MLP (kl_div):  28%|██▊       | 28/100 [00:31<01:24,  1.18s/it, TrL=2.5874, VaL=3.1120, TeL=3.0999]
Training MLP (kl_div):  29%|██▉       | 29/100 [00:31<01:20,  1.13s/it, TrL=2.5874, VaL=3.1120, TeL=3.0999]
Training MLP (kl_div):  29%|██▉       | 29/100 [00:32<01:20,  1.13s/it, TrL=2.5796, VaL=3.1194, TeL=3.1091]
Training MLP (kl_div):  30%|███       | 30/100 [00:32<01:16,  1.09s/it, TrL=2.5796, VaL=3.1194, TeL=3.1091]
Training MLP (kl_div):  30%|███       | 30/100 [00:33<01:16,  1.09s/it, TrL=2.5642, VaL=3.1149, TeL=3.1038]
Training MLP (kl_div):  31%|███       | 31/100 [00:33<01:13,  1.07s/it, TrL=2.5642, VaL=3.1149, TeL=3.1038]
Training MLP (kl_div):  31%|███       | 31/100 [00:34<01:13,  1.07s/it, TrL=2.5571, VaL=3.1182, TeL=3.1082]
Training MLP (kl_div):  32%|███▏      | 32/100 [00:34<01:11,  1.05s/it, TrL=2.5571, VaL=3.1182, TeL=3.1082]
Training MLP (kl_div):  32%|███▏      | 32/100 [00:36<01:11,  1.05s/it, TrL=2.5533, VaL=3.1167, TeL=3.1077]
Training MLP (kl_div):  33%|███▎      | 33/100 [00:36<01:09,  1.04s/it, TrL=2.5533, VaL=3.1167, TeL=3.1077]
Training MLP (kl_div):  33%|███▎      | 33/100 [00:37<01:09,  1.04s/it, TrL=2.5501, VaL=3.1220, TeL=3.1122]
Training MLP (kl_div):  34%|███▍      | 34/100 [00:37<01:08,  1.03s/it, TrL=2.5501, VaL=3.1220, TeL=3.1122]2026-04-03 22:32:27,970 INFO Early stopping triggered at epoch 34
Training MLP (kl_div):  34%|███▍      | 34/100 [00:37<01:11,  1.09s/it, TrL=2.5501, VaL=3.1220, TeL=3.1122]
2026-04-03 22:32:27,977 INFO Strict Checkpoint successfully mapped at: checkpoints/2wiki/losses_ablation/alignment_mlp_kl_div.pth
2026-04-03 22:32:30,118 INFO --> Ensuring bce model is trained...
2026-04-03 22:32:30,120 INFO Model missing. Triggering training engine for bce...
2026-04-03 22:32:30,120 INFO Loading data for 2wiki | Target Loss Engine: bce
Training MLP (bce):   0%|          | 0/100 [00:00<?, ?it/s]
Training MLP (bce):   0%|          | 0/100 [00:00<?, ?it/s, TrL=0.0902, VaL=0.0587, TeL=0.0590 ★=best]
Training MLP (bce):   1%|          | 1/100 [00:00<01:34,  1.04it/s, TrL=0.0902, VaL=0.0587, TeL=0.0590 ★=best]
Training MLP (bce):   1%|          | 1/100 [00:01<01:34,  1.04it/s, TrL=0.0575, VaL=0.0554, TeL=0.0555 ★=best]
Training MLP (bce):   2%|▏         | 2/100 [00:01<01:34,  1.03it/s, TrL=0.0575, VaL=0.0554, TeL=0.0555 ★=best]
Training MLP (bce):   2%|▏         | 2/100 [00:02<01:34,  1.03it/s, TrL=0.0558, VaL=0.0545, TeL=0.0546 ★=best]
Training MLP (bce):   3%|▎         | 3/100 [00:02<01:34,  1.03it/s, TrL=0.0558, VaL=0.0545, TeL=0.0546 ★=best]
Training MLP (bce):   3%|▎         | 3/100 [00:03<01:34,  1.03it/s, TrL=0.0550, VaL=0.0540, TeL=0.0541 ★=best]
Training MLP (bce):   4%|▍         | 4/100 [00:03<01:33,  1.03it/s, TrL=0.0550, VaL=0.0540, TeL=0.0541 ★=best]
Training MLP (bce):   4%|▍         | 4/100 [00:04<01:33,  1.03it/s, TrL=0.0546, VaL=0.0538, TeL=0.0538 ★=best]
Training MLP (bce):   5%|▌         | 5/100 [00:04<01:32,  1.03it/s, TrL=0.0546, VaL=0.0538, TeL=0.0538 ★=best]
Training MLP (bce):   5%|▌         | 5/100 [00:05<01:32,  1.03it/s, TrL=0.0542, VaL=0.0535, TeL=0.0536 ★=best]
Training MLP (bce):   6%|▌         | 6/100 [00:05<01:31,  1.03it/s, TrL=0.0542, VaL=0.0535, TeL=0.0536 ★=best]
Training MLP (bce):   6%|▌         | 6/100 [00:06<01:31,  1.03it/s, TrL=0.0539, VaL=0.0534, TeL=0.0534 ★=best]
Training MLP (bce):   7%|▋         | 7/100 [00:06<01:30,  1.02it/s, TrL=0.0539, VaL=0.0534, TeL=0.0534 ★=best]
Training MLP (bce):   7%|▋         | 7/100 [00:07<01:30,  1.02it/s, TrL=0.0537, VaL=0.0533, TeL=0.0533 ★=best]
Training MLP (bce):   8%|▊         | 8/100 [00:07<01:29,  1.03it/s, TrL=0.0537, VaL=0.0533, TeL=0.0533 ★=best]
Training MLP (bce):   8%|▊         | 8/100 [00:08<01:29,  1.03it/s, TrL=0.0535, VaL=0.0531, TeL=0.0531 ★=best]
Training MLP (bce):   9%|▉         | 9/100 [00:08<01:29,  1.02it/s, TrL=0.0535, VaL=0.0531, TeL=0.0531 ★=best]
Training MLP (bce):   9%|▉         | 9/100 [00:09<01:29,  1.02it/s, TrL=0.0533, VaL=0.0530, TeL=0.0530 ★=best]
Training MLP (bce):  10%|█         | 10/100 [00:09<01:29,  1.01it/s, TrL=0.0533, VaL=0.0530, TeL=0.0530 ★=best]
Training MLP (bce):  10%|█         | 10/100 [00:10<01:29,  1.01it/s, TrL=0.0532, VaL=0.0529, TeL=0.0529 ★=best]
Training MLP (bce):  11%|█         | 11/100 [00:10<01:27,  1.01it/s, TrL=0.0532, VaL=0.0529, TeL=0.0529 ★=best]
Training MLP (bce):  11%|█         | 11/100 [00:11<01:27,  1.01it/s, TrL=0.0530, VaL=0.0529, TeL=0.0528 ★=best]
Training MLP (bce):  12%|█▏        | 12/100 [00:11<01:26,  1.02it/s, TrL=0.0530, VaL=0.0529, TeL=0.0528 ★=best]
Training MLP (bce):  12%|█▏        | 12/100 [00:12<01:26,  1.02it/s, TrL=0.0529, VaL=0.0528, TeL=0.0528 ★=best]
Training MLP (bce):  13%|█▎        | 13/100 [00:12<01:25,  1.02it/s, TrL=0.0529, VaL=0.0528, TeL=0.0528 ★=best]
Training MLP (bce):  13%|█▎        | 13/100 [00:13<01:25,  1.02it/s, TrL=0.0527, VaL=0.0528, TeL=0.0527 ★=best]
Training MLP (bce):  14%|█▍        | 14/100 [00:13<01:24,  1.02it/s, TrL=0.0527, VaL=0.0528, TeL=0.0527 ★=best]
Training MLP (bce):  14%|█▍        | 14/100 [00:14<01:24,  1.02it/s, TrL=0.0526, VaL=0.0527, TeL=0.0527 ★=best]
Training MLP (bce):  15%|█▌        | 15/100 [00:14<01:23,  1.02it/s, TrL=0.0526, VaL=0.0527, TeL=0.0527 ★=best]
Training MLP (bce):  15%|█▌        | 15/100 [00:15<01:23,  1.02it/s, TrL=0.0525, VaL=0.0527, TeL=0.0526 ★=best]
Training MLP (bce):  16%|█▌        | 16/100 [00:15<01:21,  1.03it/s, TrL=0.0525, VaL=0.0527, TeL=0.0526 ★=best]
Training MLP (bce):  16%|█▌        | 16/100 [00:16<01:21,  1.03it/s, TrL=0.0524, VaL=0.0527, TeL=0.0526 ★=best]
Training MLP (bce):  17%|█▋        | 17/100 [00:16<01:20,  1.03it/s, TrL=0.0524, VaL=0.0527, TeL=0.0526 ★=best]
Training MLP (bce):  17%|█▋        | 17/100 [00:17<01:20,  1.03it/s, TrL=0.0523, VaL=0.0526, TeL=0.0525 ★=best]
Training MLP (bce):  18%|█▊        | 18/100 [00:17<01:19,  1.03it/s, TrL=0.0523, VaL=0.0526, TeL=0.0525 ★=best]
Training MLP (bce):  18%|█▊        | 18/100 [00:18<01:19,  1.03it/s, TrL=0.0522, VaL=0.0526, TeL=0.0525]
Training MLP (bce):  19%|█▉        | 19/100 [00:18<01:18,  1.03it/s, TrL=0.0522, VaL=0.0526, TeL=0.0525]
Training MLP (bce):  19%|█▉        | 19/100 [00:19<01:18,  1.03it/s, TrL=0.0521, VaL=0.0526, TeL=0.0525 ★=best]
Training MLP (bce):  20%|██        | 20/100 [00:19<01:17,  1.03it/s, TrL=0.0521, VaL=0.0526, TeL=0.0525 ★=best]
Training MLP (bce):  20%|██        | 20/100 [00:20<01:17,  1.03it/s, TrL=0.0520, VaL=0.0526, TeL=0.0525 ★=best]
Training MLP (bce):  21%|██        | 21/100 [00:20<01:16,  1.03it/s, TrL=0.0520, VaL=0.0526, TeL=0.0525 ★=best]
Training MLP (bce):  21%|██        | 21/100 [00:21<01:16,  1.03it/s, TrL=0.0519, VaL=0.0526, TeL=0.0524 ★=best]
Training MLP (bce):  22%|██▏       | 22/100 [00:21<01:15,  1.03it/s, TrL=0.0519, VaL=0.0526, TeL=0.0524 ★=best]
Training MLP (bce):  22%|██▏       | 22/100 [00:22<01:15,  1.03it/s, TrL=0.0518, VaL=0.0526, TeL=0.0524 ★=best]
Training MLP (bce):  23%|██▎       | 23/100 [00:22<01:14,  1.03it/s, TrL=0.0518, VaL=0.0526, TeL=0.0524 ★=best]
Training MLP (bce):  23%|██▎       | 23/100 [00:23<01:14,  1.03it/s, TrL=0.0516, VaL=0.0526, TeL=0.0525]
Training MLP (bce):  24%|██▍       | 24/100 [00:23<01:13,  1.03it/s, TrL=0.0516, VaL=0.0526, TeL=0.0525]
Training MLP (bce):  24%|██▍       | 24/100 [00:24<01:13,  1.03it/s, TrL=0.0515, VaL=0.0526, TeL=0.0525]
Training MLP (bce):  25%|██▌       | 25/100 [00:24<01:12,  1.03it/s, TrL=0.0515, VaL=0.0526, TeL=0.0525]
Training MLP (bce):  25%|██▌       | 25/100 [00:25<01:12,  1.03it/s, TrL=0.0514, VaL=0.0526, TeL=0.0524]
Training MLP (bce):  26%|██▌       | 26/100 [00:25<01:14,  1.00s/it, TrL=0.0514, VaL=0.0526, TeL=0.0524]
Training MLP (bce):  26%|██▌       | 26/100 [00:26<01:14,  1.00s/it, TrL=0.0513, VaL=0.0526, TeL=0.0524]
Training MLP (bce):  27%|██▋       | 27/100 [00:26<01:14,  1.02s/it, TrL=0.0513, VaL=0.0526, TeL=0.0524]
Training MLP (bce):  27%|██▋       | 27/100 [00:27<01:14,  1.02s/it, TrL=0.0512, VaL=0.0526, TeL=0.0524]
Training MLP (bce):  28%|██▊       | 28/100 [00:27<01:14,  1.04s/it, TrL=0.0512, VaL=0.0526, TeL=0.0524]
Training MLP (bce):  28%|██▊       | 28/100 [00:28<01:14,  1.04s/it, TrL=0.0511, VaL=0.0526, TeL=0.0524]
Training MLP (bce):  29%|██▉       | 29/100 [00:28<01:13,  1.04s/it, TrL=0.0511, VaL=0.0526, TeL=0.0524]
Training MLP (bce):  29%|██▉       | 29/100 [00:29<01:13,  1.04s/it, TrL=0.0510, VaL=0.0526, TeL=0.0525]
Training MLP (bce):  30%|███       | 30/100 [00:29<01:12,  1.04s/it, TrL=0.0510, VaL=0.0526, TeL=0.0525]
Training MLP (bce):  30%|███       | 30/100 [00:30<01:12,  1.04s/it, TrL=0.0509, VaL=0.0526, TeL=0.0525]
Training MLP (bce):  31%|███       | 31/100 [00:30<01:11,  1.03s/it, TrL=0.0509, VaL=0.0526, TeL=0.0525]
Training MLP (bce):  31%|███       | 31/100 [00:31<01:11,  1.03s/it, TrL=0.0508, VaL=0.0527, TeL=0.0525]
Training MLP (bce):  32%|███▏      | 32/100 [00:31<01:09,  1.03s/it, TrL=0.0508, VaL=0.0527, TeL=0.0525]
Training MLP (bce):  32%|███▏      | 32/100 [00:32<01:09,  1.03s/it, TrL=0.0507, VaL=0.0527, TeL=0.0525]
Training MLP (bce):  33%|███▎      | 33/100 [00:32<01:07,  1.00s/it, TrL=0.0507, VaL=0.0527, TeL=0.0525]
Training MLP (bce):  33%|███▎      | 33/100 [00:33<01:07,  1.00s/it, TrL=0.0506, VaL=0.0526, TeL=0.0524]
Training MLP (bce):  34%|███▍      | 34/100 [00:33<01:05,  1.01it/s, TrL=0.0506, VaL=0.0526, TeL=0.0524]
Training MLP (bce):  34%|███▍      | 34/100 [00:34<01:05,  1.01it/s, TrL=0.0506, VaL=0.0527, TeL=0.0525]
Training MLP (bce):  35%|███▌      | 35/100 [00:34<01:04,  1.01it/s, TrL=0.0506, VaL=0.0527, TeL=0.0525]
Training MLP (bce):  35%|███▌      | 35/100 [00:35<01:04,  1.01it/s, TrL=0.0505, VaL=0.0527, TeL=0.0525]
Training MLP (bce):  36%|███▌      | 36/100 [00:35<01:03,  1.01it/s, TrL=0.0505, VaL=0.0527, TeL=0.0525]
Training MLP (bce):  36%|███▌      | 36/100 [00:36<01:03,  1.01it/s, TrL=0.0505, VaL=0.0527, TeL=0.0525]
Training MLP (bce):  37%|███▋      | 37/100 [00:36<01:01,  1.02it/s, TrL=0.0505, VaL=0.0527, TeL=0.0525]
Training MLP (bce):  37%|███▋      | 37/100 [00:37<01:01,  1.02it/s, TrL=0.0504, VaL=0.0527, TeL=0.0525]
Training MLP (bce):  38%|███▊      | 38/100 [00:37<01:00,  1.02it/s, TrL=0.0504, VaL=0.0527, TeL=0.0525]
Training MLP (bce):  38%|███▊      | 38/100 [00:38<01:00,  1.02it/s, TrL=0.0503, VaL=0.0527, TeL=0.0525]
Training MLP (bce):  39%|███▉      | 39/100 [00:38<00:59,  1.02it/s, TrL=0.0503, VaL=0.0527, TeL=0.0525]
Training MLP (bce):  39%|███▉      | 39/100 [00:39<00:59,  1.02it/s, TrL=0.0503, VaL=0.0527, TeL=0.0525]
Training MLP (bce):  40%|████      | 40/100 [00:39<00:58,  1.02it/s, TrL=0.0503, VaL=0.0527, TeL=0.0525]
Training MLP (bce):  40%|████      | 40/100 [00:40<00:58,  1.02it/s, TrL=0.0502, VaL=0.0528, TeL=0.0526]
Training MLP (bce):  41%|████      | 41/100 [00:40<00:58,  1.02it/s, TrL=0.0502, VaL=0.0528, TeL=0.0526]
Training MLP (bce):  41%|████      | 41/100 [00:41<00:58,  1.02it/s, TrL=0.0502, VaL=0.0527, TeL=0.0525]
Training MLP (bce):  42%|████▏     | 42/100 [00:41<00:57,  1.02it/s, TrL=0.0502, VaL=0.0527, TeL=0.0525]
Training MLP (bce):  42%|████▏     | 42/100 [00:42<00:57,  1.02it/s, TrL=0.0502, VaL=0.0527, TeL=0.0525]
Training MLP (bce):  43%|████▎     | 43/100 [00:42<00:55,  1.02it/s, TrL=0.0502, VaL=0.0527, TeL=0.0525]2026-04-03 22:33:22,513 INFO Early stopping triggered at epoch 43
Training MLP (bce):  43%|████▎     | 43/100 [00:42<00:56,  1.01it/s, TrL=0.0502, VaL=0.0527, TeL=0.0525]
2026-04-03 22:33:22,518 INFO Strict Checkpoint successfully mapped at: checkpoints/2wiki/losses_ablation/alignment_mlp_bce.pth
2026-04-03 22:33:25,146 INFO --> Loading Engine for Side-by-Side Evaluation...
2026-04-03 22:33:43,955 INFO Load pretrained SentenceTransformer: multi-qa-MiniLM-L6-cos-v1
2026-04-03 22:33:45,235 INFO Benchmark split (2wiki): 10500 train / 3000 val / 1500 test
Batches:  36%|███▌      | 17/47 [00:00<00:00, 163.76it/s]
Batches:  74%|███████▍  | 35/47 [00:00<00:00, 170.75it/s]
Benchmarking (mlp):   0%|          | 0/1500 [00:00<?, ?it/s]
Benchmarking (mlp):  20%|█▉        | 296/1500 [00:00<00:00, 2953.12it/s]
Benchmarking (mlp):  40%|████      | 606/1500 [00:00<00:00, 3036.21it/s]
Benchmarking (mlp):  61%|██████    | 917/1500 [00:00<00:00, 3065.93it/s]
Benchmarking (mlp):  82%|████████▏ | 1228/1500 [00:00<00:00, 3082.82it/s]
Benchmarking (mlp):   0%|          | 0/1500 [00:00<?, ?it/s]
Benchmarking (mlp):  20%|██        | 307/1500 [00:00<00:00, 3065.68it/s]
Benchmarking (mlp):  41%|████      | 616/1500 [00:00<00:00, 3075.64it/s]
Benchmarking (mlp):  62%|██████▏   | 925/1500 [00:00<00:00, 3077.84it/s]
Benchmarking (mlp):  82%|████████▏ | 1233/1500 [00:00<00:00, 3068.64it/s]
Benchmarking (mlp):   0%|          | 0/1500 [00:00<?, ?it/s]
Benchmarking (mlp):  20%|██        | 302/1500 [00:00<00:00, 3013.36it/s]
Benchmarking (mlp):  40%|████      | 604/1500 [00:00<00:00, 3005.22it/s]
Benchmarking (mlp):  60%|██████    | 905/1500 [00:00<00:00, 2998.10it/s]
Benchmarking (mlp):  80%|████████  | 1205/1500 [00:00<00:00, 2997.50it/s]
Benchmarking (mlp):   0%|          | 0/1500 [00:00<?, ?it/s]
Benchmarking (mlp):  21%|██        | 312/1500 [00:00<00:00, 3112.40it/s]
Benchmarking (mlp):  42%|████▏     | 624/1500 [00:00<00:00, 3115.44it/s]
Benchmarking (mlp):  62%|██████▏   | 937/1500 [00:00<00:00, 3117.72it/s]
Benchmarking (mlp):  83%|████████▎ | 1250/1500 [00:00<00:00, 3120.92it/s]
2026-04-03 22:33:48,992 INFO
[Loss Ablation Engine] Benchmarks mapped cleanly. Exported exact CSV schema to data/ukb_storage/2wiki/loss_ablation_results.csv
════════════════════════════════════════════════════════════════════════════════════════════════════════════════════════
PARTITION SELECTION RECALL
════════════════════════════════════════════════════════════════════════════════════════════════════════════════════════
Method            Split  │   R@1   R@3   R@5  R@10  R@20 │ GTR@5 GTR@10 GTR@20 │   MRR  FCov │    Lat    #Q
──────────────────────────────────────────────────────────────────────────────────────────────────────────────────────
mlp_info_nce_single test   │ 21.5% 39.7% 49.4% 64.7% 80.3% │ 37.1%  50.1%  65.3% │ 34.8% 50.5% │   0.3ms  1500
──────────────────────────────────────────────────────────────────────────────────────────────────────────────────────
mlp_info_nce_multi test   │ 23.8% 44.1% 55.0% 68.1% 84.0% │ 41.1%  53.7%  69.0% │ 38.1% 53.5% │   0.3ms  1500
──────────────────────────────────────────────────────────────────────────────────────────────────────────────────────
mlp_kl_div        test   │ 24.1% 43.7% 54.4% 68.1% 83.7% │ 40.7%  53.6%  69.1% │ 38.0% 54.5% │   0.3ms  1500
──────────────────────────────────────────────────────────────────────────────────────────────────────────────────────
mlp_bce           test   │ 20.3% 38.6% 46.5% 59.7% 75.6% │ 34.3%  45.5%  59.9% │ 32.9% 44.1% │   0.3ms  1500
──────────────────────────────────────────────────────────────────────────────────────────────────────────────────────
════════════════════════════════════════════════════════════════════════════════════════════════════════════════════════
═══════════════════════════════════════════════════════════════════════════════════════════════════════════════════
DETAILED METRICS (Test Split)
═══════════════════════════════════════════════════════════════════════════════════════════════════════════════════
Method            │   P@1   P@3   P@5  P@10  P@20 │  F1@5 F1@10 F1@20 │ NDCG@5 NDCG@10 NDCG@20
─────────────────────────────────────────────────────────────────────────────────────────────────────────────────
mlp_info_nce_single │ 21.5% 14.6% 11.6%  8.1%  5.5% │ 17.2% 13.7%  9.9% │  29.5%   34.4%   38.9%
mlp_info_nce_multi │ 23.8% 16.3% 13.0%  8.7%  5.8% │ 19.2% 14.7% 10.6% │  32.5%   37.3%   41.9%
mlp_kl_div        │ 24.1% 16.1% 12.7%  8.7%  5.8% │ 18.8% 14.6% 10.5% │  32.3%   37.2%   41.8%
mlp_bce           │ 20.3% 14.4% 10.8%  7.5%  5.1% │ 16.0% 12.5%  9.2% │  27.5%   31.7%   36.0%
═══════════════════════════════════════════════════════════════════════════════════════════════════════════════════
══════════════════════════════════════════════════════════════════════
PER-METHOD BREAKDOWN (Test Split)
══════════════════════════════════════════════════════════════════════
--- MLP_INFO_NCE_SINGLE ---
Total queries:       1500
Recall@1:            21.5%
Recall@5:            49.4%
Recall@10:           64.7%
Recall@20:           80.3%
GT Recall@5:         37.1%
GT Recall@10:        50.1%
GT Recall@20:        65.3%
Full Coverage@20:    50.5%
MRR:                 34.8%
NDCG@5:              29.5%
NDCG@20:             38.9%
Avg GT Partitions:   1.76
Min/Max GT Parts:    1 / 4
--- Hit Position ---
Avg First Hit:     4.59
Median First Hit:  2.0
--- Latency ---
Avg Latency:       0.28ms
P50 Latency:       0.27ms
P95 Latency:       0.29ms
P99 Latency:       0.30ms
--- MLP_INFO_NCE_MULTI ---
Total queries:       1500
Recall@1:            23.8%
Recall@5:            55.0%
Recall@10:           68.1%
Recall@20:           84.0%
GT Recall@5:         41.1%
GT Recall@10:        53.7%
GT Recall@20:        69.0%
Full Coverage@20:    53.5%
MRR:                 38.1%
NDCG@5:              32.5%
NDCG@20:             41.9%
Avg GT Partitions:   1.76
Min/Max GT Parts:    1 / 4
--- Hit Position ---
Avg First Hit:     4.56
Median First Hit:  2.0
--- Latency ---
Avg Latency:       0.28ms
P50 Latency:       0.27ms
P95 Latency:       0.29ms
P99 Latency:       0.30ms
--- MLP_KL_DIV ---
Total queries:       1500
Recall@1:            24.1%
Recall@5:            54.4%
Recall@10:           68.1%
Recall@20:           83.7%
GT Recall@5:         40.7%
GT Recall@10:        53.6%
GT Recall@20:        69.1%
Full Coverage@20:    54.5%
MRR:                 38.0%
NDCG@5:              32.3%
NDCG@20:             41.8%
Avg GT Partitions:   1.76
Min/Max GT Parts:    1 / 4
--- Hit Position ---
Avg First Hit:     4.57
Median First Hit:  2.0
--- Latency ---
Avg Latency:       0.28ms
P50 Latency:       0.28ms
P95 Latency:       0.29ms
P99 Latency:       0.31ms
--- MLP_BCE ---
Total queries:       1500
Recall@1:            20.3%
Recall@5:            46.5%
Recall@10:           59.7%
Recall@20:           75.6%
GT Recall@5:         34.3%
GT Recall@10:        45.5%
GT Recall@20:        59.9%
Full Coverage@20:    44.1%
MRR:                 32.9%
NDCG@5:              27.5%
NDCG@20:             36.0%
Avg GT Partitions:   1.76
Min/Max GT Parts:    1 / 4
--- Hit Position ---
Avg First Hit:     4.36
Median First Hit:  2.0
--- Latency ---
Avg Latency:       0.27ms
P50 Latency:       0.27ms
P95 Latency:       0.28ms
P99 Latency:       0.29ms
══════════════════════════════════════════════════════════════════════
═══════════════════════════════════════════════════════════════════════════════════════════════
OVERALL SUMMARY (Test Split)
═══════════════════════════════════════════════════════════════════════════════════════════════
Metric            │ Best Method          Score │ Worst Method         Score │      Δ
─────────────────────────────────────────────────────────────────────────────────────────────
recall@1          │ mlp_kl_div           24.1% │ mlp_bce              20.3% │   3.8%
recall@5          │ mlp_info_nce_multi    55.0% │ mlp_bce              46.5% │   8.5%
recall@10         │ mlp_kl_div           68.1% │ mlp_bce              59.7% │   8.5%
recall@20         │ mlp_info_nce_multi    84.0% │ mlp_bce              75.6% │   8.4%
gt_recall@5       │ mlp_info_nce_multi    41.1% │ mlp_bce              34.3% │   6.8%
gt_recall@10      │ mlp_info_nce_multi    53.7% │ mlp_bce              45.5% │   8.2%
gt_recall@20      │ mlp_kl_div           69.1% │ mlp_bce              59.9% │   9.2%
precision@1       │ mlp_kl_div           24.1% │ mlp_bce              20.3% │   3.8%
precision@5       │ mlp_info_nce_multi    13.0% │ mlp_bce              10.8% │   2.2%
ndcg@5            │ mlp_info_nce_multi    32.5% │ mlp_bce              27.5% │   5.1%
ndcg@10           │ mlp_info_nce_multi    37.3% │ mlp_bce              31.7% │   5.5%
ndcg@20           │ mlp_info_nce_multi    41.9% │ mlp_bce              36.0% │   5.8%
mrr               │ mlp_info_nce_multi    38.1% │ mlp_bce              32.9% │   5.1%
full_coverage@20  │ mlp_kl_div           54.5% │ mlp_bce              44.1% │  10.3%
─────────────────────────────────────────────────────────────────────────────────────────────
AGGREGATE RANKING (avg rank across 14 metrics, lower = better):
🥇 #1 mlp_info_nce_multi avg_rank=1.4  (best=1, worst=2)  metric_wins=9/14
🥈 #2 mlp_kl_div        avg_rank=1.6  (best=1, worst=2)  metric_wins=5/14
🥉 #3 mlp_info_nce_single avg_rank=3.0  (best=3, worst=3)  metric_wins=0/14
#4 mlp_bce           avg_rank=4.0  (best=4, worst=4)  metric_wins=0/14
─────────────────────────────────────────────────────────────────────────────────────────────
LATENCY COMPARISON:
* Note: ColBERT intrinsically includes query text-encoding time.
Other models evaluate via internally pre-encoded vectors.
mlp_info_nce_single avg=    0.3ms  p95=    0.3ms
mlp_info_nce_multi avg=    0.3ms  p95=    0.3ms
mlp_kl_div        avg=    0.3ms  p95=    0.3ms
mlp_bce           avg=    0.3ms  p95=    0.3ms
✅ Cloud Ablation Completed.
📦 Syncing trained ablation metrics and results from Modal Volume...
═══════════════════════════════════════════════════════════════════════════════════════════════
✅ Sync complete.
✅ Sequenced ablation successfully mounted to local directories.
Stopping app - local entrypoint completed.
✓ App completed. View run at
