✓ Initialized. View run at
https://modal.com/apps/kuttakamina9895/main/ap-OgE5b0QxAwTUj4vR1fXO4D
🚀 Pushing C-RAG HNM tests to Modal cloud (A10G GPU). Dataset=all...
⏳ Ensuring your local database is completely synced UP to the Modal Volume prior to launch...
⬆️ Pushing local data/ukb_storage/squad -> Cloud Volume /data/ukb_storage/squad
⬆️ Pushing local data/ukb_storage/metaqa -> Cloud Volume /data/ukb_storage/metaqa
⬆️ Pushing local data/ukb_storage/musique -> Cloud Volume /data/ukb_storage/musique
⬆️ Pushing local data/ukb_storage/2wiki -> Cloud Volume /data/ukb_storage/2wiki
⬆️ Pushing local data/processed -> Cloud Volume /data/processed
✅ Upward Volume Synchronization complete.
2026-04-05 10:07:05,461 INFO 🚀 Container Booted. Configuring remote workspace...
2026-04-05 10:07:05,470 INFO Loading faiss with AVX2 support.
2026-04-05 10:07:05,470 INFO Could not load library with AVX2 support due to:
ModuleNotFoundError("No module named 'faiss.swigfaiss_avx2'")
2026-04-05 10:07:05,470 INFO Loading faiss.
2026-04-05 10:07:05,544 INFO Successfully loaded faiss.
2026-04-05 10:07:12,062 INFO ========== NT-XENT ABLATION TARGET: SQUAD ==========
2026-04-05 10:07:12,063 INFO SQUAD: Executing 19 partitions tracking exactly → sweeping hn_k = [0, 4, 9, 13, 18]
2026-04-05 10:07:12,063 INFO --> Loading Evaluation Engine...
2026-04-05 10:07:35,833 INFO Load pretrained SentenceTransformer: multi-qa-MiniLM-L6-cos-v1
2026-04-05 10:07:38,340 INFO Benchmark split (squad): 91223 train / 26063 val / 13033 test
Batches:   1%|          | 23/2851 [00:00<00:52, 53.55it/s]
Batches:   1%|          | 35/2851 [00:00<00:39, 71.19it/s]
Batches:   2%|▏         | 48/2851 [00:00<00:32, 86.38it/s]
Batches:   2%|▏         | 60/2851 [00:00<00:29, 95.55it/s]
Batches:   2%|▏         | 71/2851 [00:00<00:28, 99.23it/s]
Batches:   3%|▎         | 83/2851 [00:01<00:26, 104.58it/s]
Batches:   3%|▎         | 95/2851 [00:01<00:26, 105.25it/s]
Batches:   4%|▍         | 108/2851 [00:01<00:24, 110.24it/s]
Batches:   4%|▍         | 120/2851 [00:01<00:24, 112.43it/s]
Batches:   5%|▍         | 132/2851 [00:01<00:23, 114.24it/s]
Batches:   5%|▌         | 145/2851 [00:01<00:23, 116.77it/s]
Batches:   6%|▌         | 157/2851 [00:01<00:23, 115.23it/s]
Batches:   6%|▌         | 169/2851 [00:01<00:23, 115.39it/s]
Batches:   6%|▋         | 181/2851 [00:01<00:23, 111.76it/s]
Batches:   7%|▋         | 193/2851 [00:02<00:24, 108.42it/s]
Batches:   7%|▋         | 205/2851 [00:02<00:23, 111.57it/s]
Batches:   8%|▊         | 217/2851 [00:02<00:24, 109.56it/s]
Batches:   8%|▊         | 230/2851 [00:02<00:23, 112.94it/s]
Batches:   9%|▊         | 243/2851 [00:02<00:22, 115.36it/s]
Batches:   9%|▉         | 255/2851 [00:02<00:22, 114.33it/s]
Batches:   9%|▉         | 267/2851 [00:02<00:22, 113.37it/s]
Batches:  10%|▉         | 279/2851 [00:02<00:22, 114.62it/s]
Batches:  10%|█         | 292/2851 [00:02<00:21, 117.09it/s]
Batches:  11%|█         | 305/2851 [00:03<00:21, 119.90it/s]
Batches:  11%|█         | 318/2851 [00:03<00:20, 121.16it/s]
Batches:  12%|█▏        | 331/2851 [00:03<00:20, 122.56it/s]
Batches:  12%|█▏        | 344/2851 [00:03<00:22, 112.38it/s]
Batches:  12%|█▏        | 356/2851 [00:03<00:24, 101.63it/s]
Batches:  13%|█▎        | 367/2851 [00:03<00:25, 97.89it/s]
Batches:  13%|█▎        | 377/2851 [00:03<00:25, 98.01it/s]
Batches:  14%|█▎        | 387/2851 [00:03<00:27, 90.82it/s]
Batches:  14%|█▍        | 400/2851 [00:03<00:24, 99.54it/s]
Batches:  14%|█▍        | 412/2851 [00:04<00:23, 103.93it/s]
Batches:  15%|█▍        | 424/2851 [00:04<00:22, 106.24it/s]
Batches:  15%|█▌        | 437/2851 [00:04<00:21, 110.85it/s]
Batches:  16%|█▌        | 450/2851 [00:04<00:21, 113.67it/s]
Batches:  16%|█▌        | 463/2851 [00:04<00:20, 116.07it/s]
Batches:  17%|█▋        | 476/2851 [00:04<00:20, 118.30it/s]
Batches:  17%|█▋        | 489/2851 [00:04<00:19, 120.45it/s]
Batches:  18%|█▊        | 502/2851 [00:04<00:19, 120.20it/s]
Batches:  18%|█▊        | 515/2851 [00:04<00:19, 122.78it/s]
Batches:  19%|█▊        | 528/2851 [00:05<00:18, 122.66it/s]
Batches:  19%|█▉        | 541/2851 [00:05<00:18, 123.16it/s]
Batches:  19%|█▉        | 554/2851 [00:05<00:18, 124.65it/s]
Batches:  20%|█▉        | 567/2851 [00:05<00:18, 124.48it/s]
Batches:  20%|██        | 580/2851 [00:05<00:18, 124.94it/s]
Batches:  21%|██        | 593/2851 [00:05<00:18, 123.77it/s]
Batches:  21%|██▏       | 606/2851 [00:05<00:18, 123.43it/s]
Batches:  22%|██▏       | 619/2851 [00:05<00:18, 122.80it/s]
Batches:  22%|██▏       | 632/2851 [00:05<00:18, 121.34it/s]
Batches:  23%|██▎       | 645/2851 [00:05<00:18, 120.19it/s]
Batches:  23%|██▎       | 658/2851 [00:06<00:18, 120.50it/s]
Batches:  24%|██▎       | 671/2851 [00:06<00:17, 121.71it/s]
Batches:  24%|██▍       | 684/2851 [00:06<00:17, 121.98it/s]
Batches:  24%|██▍       | 697/2851 [00:06<00:17, 121.37it/s]
Batches:  25%|██▍       | 710/2851 [00:06<00:17, 121.30it/s]
Batches:  25%|██▌       | 723/2851 [00:06<00:17, 122.35it/s]
Batches:  26%|██▌       | 736/2851 [00:06<00:17, 123.23it/s]
Batches:  26%|██▋       | 749/2851 [00:06<00:16, 123.82it/s]
Batches:  27%|██▋       | 762/2851 [00:06<00:16, 123.00it/s]
Batches:  27%|██▋       | 775/2851 [00:07<00:16, 124.64it/s]
Batches:  28%|██▊       | 788/2851 [00:07<00:16, 122.50it/s]
Batches:  28%|██▊       | 801/2851 [00:07<00:16, 122.83it/s]
Batches:  29%|██▊       | 814/2851 [00:07<00:16, 123.40it/s]
Batches:  29%|██▉       | 827/2851 [00:07<00:16, 124.67it/s]
Batches:  29%|██▉       | 840/2851 [00:07<00:16, 123.68it/s]
Batches:  30%|██▉       | 853/2851 [00:07<00:15, 125.14it/s]
Batches:  30%|███       | 866/2851 [00:07<00:16, 123.40it/s]
Batches:  31%|███       | 880/2851 [00:07<00:15, 125.82it/s]
Batches:  31%|███▏      | 893/2851 [00:07<00:15, 125.50it/s]
Batches:  32%|███▏      | 907/2851 [00:08<00:15, 127.15it/s]
Batches:  32%|███▏      | 920/2851 [00:08<00:15, 126.20it/s]
Batches:  33%|███▎      | 933/2851 [00:08<00:15, 125.64it/s]
Batches:  33%|███▎      | 947/2851 [00:08<00:14, 127.13it/s]
Batches:  34%|███▎      | 961/2851 [00:08<00:14, 128.37it/s]
Batches:  34%|███▍      | 975/2851 [00:08<00:14, 131.59it/s]
Batches:  35%|███▍      | 989/2851 [00:08<00:14, 130.85it/s]
Batches:  35%|███▌      | 1003/2851 [00:08<00:14, 129.32it/s]
Batches:  36%|███▌      | 1016/2851 [00:08<00:14, 129.13it/s]
Batches:  36%|███▌      | 1030/2851 [00:09<00:13, 130.60it/s]
Batches:  37%|███▋      | 1044/2851 [00:09<00:13, 131.41it/s]
Batches:  37%|███▋      | 1058/2851 [00:09<00:13, 132.09it/s]
Batches:  38%|███▊      | 1072/2851 [00:09<00:13, 134.31it/s]
Batches:  38%|███▊      | 1086/2851 [00:09<00:13, 133.94it/s]
Batches:  39%|███▊      | 1100/2851 [00:09<00:12, 135.27it/s]
Batches:  39%|███▉      | 1114/2851 [00:09<00:12, 135.18it/s]
Batches:  40%|███▉      | 1128/2851 [00:09<00:12, 135.55it/s]
Batches:  40%|████      | 1142/2851 [00:09<00:12, 134.93it/s]
Batches:  41%|████      | 1156/2851 [00:09<00:12, 133.83it/s]
Batches:  41%|████      | 1170/2851 [00:10<00:12, 132.82it/s]
Batches:  42%|████▏     | 1184/2851 [00:10<00:12, 131.37it/s]
Batches:  42%|████▏     | 1198/2851 [00:10<00:12, 131.02it/s]
Batches:  43%|████▎     | 1212/2851 [00:10<00:12, 130.76it/s]
Batches:  43%|████▎     | 1226/2851 [00:10<00:12, 131.69it/s]
Batches:  43%|████▎     | 1240/2851 [00:10<00:12, 130.08it/s]
Batches:  44%|████▍     | 1254/2851 [00:10<00:12, 131.40it/s]
Batches:  44%|████▍     | 1268/2851 [00:10<00:11, 132.43it/s]
Batches:  45%|████▍     | 1282/2851 [00:10<00:11, 132.02it/s]
Batches:  45%|████▌     | 1296/2851 [00:11<00:11, 130.89it/s]
Batches:  46%|████▌     | 1310/2851 [00:11<00:11, 130.36it/s]
Batches:  46%|████▋     | 1324/2851 [00:11<00:11, 130.54it/s]
Batches:  47%|████▋     | 1338/2851 [00:11<00:11, 130.94it/s]
Batches:  47%|████▋     | 1352/2851 [00:11<00:11, 132.40it/s]
Batches:  48%|████▊     | 1366/2851 [00:11<00:11, 128.89it/s]
Batches:  48%|████▊     | 1379/2851 [00:11<00:11, 128.53it/s]
Batches:  49%|████▉     | 1393/2851 [00:11<00:11, 129.35it/s]
Batches:  49%|████▉     | 1406/2851 [00:11<00:11, 127.36it/s]
Batches:  50%|████▉     | 1419/2851 [00:12<00:11, 126.62it/s]
Batches:  50%|█████     | 1432/2851 [00:12<00:11, 126.48it/s]
Batches:  51%|█████     | 1445/2851 [00:12<00:11, 125.00it/s]
Batches:  51%|█████     | 1458/2851 [00:12<00:11, 124.64it/s]
Batches:  52%|█████▏    | 1471/2851 [00:12<00:11, 125.44it/s]
Batches:  52%|█████▏    | 1484/2851 [00:12<00:10, 125.85it/s]
Batches:  53%|█████▎    | 1497/2851 [00:12<00:10, 126.35it/s]
Batches:  53%|█████▎    | 1510/2851 [00:12<00:10, 126.56it/s]
Batches:  53%|█████▎    | 1524/2851 [00:12<00:10, 128.43it/s]
Batches:  54%|█████▍    | 1538/2851 [00:12<00:10, 129.19it/s]
Batches:  54%|█████▍    | 1551/2851 [00:13<00:10, 127.75it/s]
Batches:  55%|█████▍    | 1565/2851 [00:13<00:10, 128.22it/s]
Batches:  55%|█████▌    | 1578/2851 [00:13<00:09, 127.91it/s]
Batches:  56%|█████▌    | 1591/2851 [00:13<00:09, 127.91it/s]
Batches:  56%|█████▋    | 1604/2851 [00:13<00:09, 127.77it/s]
Batches:  57%|█████▋    | 1618/2851 [00:13<00:09, 129.79it/s]
Batches:  57%|█████▋    | 1632/2851 [00:13<00:09, 130.33it/s]
Batches:  58%|█████▊    | 1646/2851 [00:13<00:09, 130.29it/s]
Batches:  58%|█████▊    | 1660/2851 [00:13<00:09, 129.11it/s]
Batches:  59%|█████▊    | 1673/2851 [00:13<00:09, 128.80it/s]
Batches:  59%|█████▉    | 1686/2851 [00:14<00:09, 128.39it/s]
Batches:  60%|█████▉    | 1700/2851 [00:14<00:08, 130.09it/s]
Batches:  60%|██████    | 1714/2851 [00:14<00:08, 127.80it/s]
Batches:  61%|██████    | 1727/2851 [00:14<00:08, 125.69it/s]
Batches:  61%|██████    | 1740/2851 [00:14<00:09, 122.97it/s]
Batches:  62%|██████▏   | 1754/2851 [00:14<00:08, 127.23it/s]
Batches:  62%|██████▏   | 1768/2851 [00:14<00:08, 129.34it/s]
Batches:  62%|██████▏   | 1781/2851 [00:14<00:08, 126.44it/s]
Batches:  63%|██████▎   | 1794/2851 [00:14<00:08, 127.24it/s]
Batches:  63%|██████▎   | 1807/2851 [00:15<00:08, 127.11it/s]
Batches:  64%|██████▍   | 1821/2851 [00:15<00:08, 128.11it/s]
Batches:  64%|██████▍   | 1834/2851 [00:15<00:07, 128.07it/s]
Batches:  65%|██████▍   | 1848/2851 [00:15<00:07, 129.08it/s]
Batches:  65%|██████▌   | 1861/2851 [00:15<00:07, 127.90it/s]
Batches:  66%|██████▌   | 1875/2851 [00:15<00:07, 130.29it/s]
Batches:  66%|██████▋   | 1889/2851 [00:15<00:07, 127.99it/s]
Batches:  67%|██████▋   | 1902/2851 [00:15<00:07, 127.66it/s]
Batches:  67%|██████▋   | 1915/2851 [00:15<00:07, 127.04it/s]
Batches:  68%|██████▊   | 1928/2851 [00:16<00:07, 125.18it/s]
Batches:  68%|██████▊   | 1941/2851 [00:16<00:07, 123.57it/s]
Batches:  69%|██████▊   | 1954/2851 [00:16<00:07, 123.26it/s]
Batches:  69%|██████▉   | 1967/2851 [00:16<00:07, 123.27it/s]
Batches:  69%|██████▉   | 1980/2851 [00:16<00:07, 121.39it/s]
Batches:  70%|██████▉   | 1993/2851 [00:16<00:07, 121.71it/s]
Batches:  70%|███████   | 2006/2851 [00:16<00:06, 121.53it/s]
Batches:  71%|███████   | 2019/2851 [00:16<00:06, 123.06it/s]
Batches:  71%|███████▏  | 2032/2851 [00:16<00:06, 120.58it/s]
Batches:  72%|███████▏  | 2045/2851 [00:16<00:06, 121.04it/s]
Batches:  72%|███████▏  | 2058/2851 [00:17<00:06, 121.95it/s]
Batches:  73%|███████▎  | 2071/2851 [00:17<00:06, 121.36it/s]
Batches:  73%|███████▎  | 2085/2851 [00:17<00:06, 124.85it/s]
Batches:  74%|███████▎  | 2099/2851 [00:17<00:05, 126.69it/s]
Batches:  74%|███████▍  | 2113/2851 [00:17<00:05, 129.04it/s]
Batches:  75%|███████▍  | 2127/2851 [00:17<00:05, 129.49it/s]
Batches:  75%|███████▌  | 2140/2851 [00:17<00:05, 129.30it/s]
Batches:  76%|███████▌  | 2154/2851 [00:17<00:05, 130.09it/s]
Batches:  76%|███████▌  | 2169/2851 [00:17<00:05, 132.98it/s]
Batches:  77%|███████▋  | 2183/2851 [00:18<00:05, 133.20it/s]
Batches:  77%|███████▋  | 2197/2851 [00:18<00:04, 134.03it/s]
Batches:  78%|███████▊  | 2211/2851 [00:18<00:04, 134.45it/s]
Batches:  78%|███████▊  | 2225/2851 [00:18<00:04, 133.35it/s]
Batches:  79%|███████▊  | 2239/2851 [00:18<00:04, 132.47it/s]
Batches:  79%|███████▉  | 2253/2851 [00:18<00:04, 133.21it/s]
Batches:  80%|███████▉  | 2267/2851 [00:18<00:04, 135.13it/s]
Batches:  80%|████████  | 2281/2851 [00:18<00:04, 136.10it/s]
Batches:  80%|████████  | 2295/2851 [00:18<00:04, 136.66it/s]
Batches:  81%|████████  | 2309/2851 [00:18<00:03, 136.88it/s]
Batches:  81%|████████▏ | 2323/2851 [00:19<00:03, 136.11it/s]
Batches:  82%|████████▏ | 2337/2851 [00:19<00:03, 136.60it/s]
Batches:  82%|████████▏ | 2351/2851 [00:19<00:03, 136.62it/s]
Batches:  83%|████████▎ | 2365/2851 [00:19<00:03, 134.10it/s]
Batches:  83%|████████▎ | 2379/2851 [00:19<00:03, 131.52it/s]
Batches:  84%|████████▍ | 2393/2851 [00:19<00:03, 132.20it/s]
Batches:  84%|████████▍ | 2407/2851 [00:19<00:03, 131.81it/s]
Batches:  85%|████████▍ | 2421/2851 [00:19<00:03, 132.04it/s]
Batches:  85%|████████▌ | 2435/2851 [00:19<00:03, 133.01it/s]
Batches:  86%|████████▌ | 2449/2851 [00:20<00:07, 52.30it/s]
Batches:  86%|████████▋ | 2462/2851 [00:20<00:06, 62.85it/s]
Batches:  87%|████████▋ | 2476/2851 [00:20<00:05, 74.74it/s]
Batches:  87%|████████▋ | 2489/2851 [00:20<00:04, 84.57it/s]
Batches:  88%|████████▊ | 2502/2851 [00:20<00:03, 93.63it/s]
Batches:  88%|████████▊ | 2515/2851 [00:21<00:03, 100.88it/s]
Batches:  89%|████████▊ | 2528/2851 [00:21<00:03, 107.36it/s]
Batches:  89%|████████▉ | 2541/2851 [00:21<00:02, 110.27it/s]
Batches:  90%|████████▉ | 2554/2851 [00:21<00:02, 114.61it/s]
Batches:  90%|█████████ | 2567/2851 [00:21<00:02, 118.32it/s]
Batches:  90%|█████████ | 2580/2851 [00:21<00:02, 120.90it/s]
Batches:  91%|█████████ | 2593/2851 [00:21<00:02, 122.19it/s]
Batches:  91%|█████████▏| 2607/2851 [00:21<00:01, 126.19it/s]
Batches:  92%|█████████▏| 2621/2851 [00:21<00:01, 127.80it/s]
Batches:  92%|█████████▏| 2635/2851 [00:22<00:01, 129.13it/s]
Batches:  93%|█████████▎| 2649/2851 [00:22<00:01, 129.58it/s]
Batches:  93%|█████████▎| 2663/2851 [00:22<00:01, 129.20it/s]
Batches:  94%|█████████▍| 2677/2851 [00:22<00:01, 130.59it/s]
Batches:  94%|█████████▍| 2691/2851 [00:22<00:01, 132.10it/s]
Batches:  95%|█████████▍| 2705/2851 [00:22<00:01, 133.69it/s]
Batches:  95%|█████████▌| 2719/2851 [00:22<00:00, 134.28it/s]
Batches:  96%|█████████▌| 2733/2851 [00:22<00:00, 132.61it/s]
Batches:  96%|█████████▋| 2747/2851 [00:22<00:00, 133.66it/s]
Batches:  97%|█████████▋| 2761/2851 [00:22<00:00, 134.34it/s]
Batches:  97%|█████████▋| 2775/2851 [00:23<00:00, 135.67it/s]
Batches:  98%|█████████▊| 2789/2851 [00:23<00:00, 136.29it/s]
Batches:  98%|█████████▊| 2804/2851 [00:23<00:00, 138.68it/s]
Batches:  99%|█████████▉| 2818/2851 [00:23<00:00, 137.87it/s]
Batches:  99%|█████████▉| 2832/2851 [00:23<00:00, 137.43it/s]
Batches:   1%|▏         | 12/815 [00:00<00:06, 118.95it/s]
Batches:   3%|▎         | 25/815 [00:00<00:06, 122.66it/s]
Batches:   5%|▍         | 38/815 [00:00<00:06, 123.23it/s]
Batches:   6%|▋         | 51/815 [00:00<00:06, 123.65it/s]
Batches:   8%|▊         | 64/815 [00:00<00:06, 124.15it/s]
Batches:   9%|▉         | 77/815 [00:00<00:05, 125.62it/s]
Batches:  11%|█         | 90/815 [00:00<00:05, 125.63it/s]
Batches:  13%|█▎        | 104/815 [00:00<00:05, 127.76it/s]
Batches:  14%|█▍        | 117/815 [00:00<00:05, 128.02it/s]
Batches:  16%|█▌        | 130/815 [00:01<00:05, 128.00it/s]
Batches:  18%|█▊        | 143/815 [00:01<00:05, 127.49it/s]
Batches:  19%|█▉        | 156/815 [00:01<00:05, 125.72it/s]
Batches:  21%|██        | 169/815 [00:01<00:05, 125.32it/s]
Batches:  22%|██▏       | 182/815 [00:01<00:05, 125.79it/s]
Batches:  24%|██▍       | 195/815 [00:01<00:04, 126.24it/s]
Batches:  26%|██▌       | 208/815 [00:01<00:04, 125.74it/s]
Batches:  27%|██▋       | 221/815 [00:01<00:04, 123.56it/s]
Batches:  29%|██▊       | 234/815 [00:01<00:04, 121.41it/s]
Batches:  30%|███       | 247/815 [00:01<00:04, 122.06it/s]
Batches:  32%|███▏      | 260/815 [00:02<00:04, 123.95it/s]
Batches:  34%|███▎      | 275/815 [00:02<00:04, 128.94it/s]
Batches:  35%|███▌      | 288/815 [00:02<00:04, 128.88it/s]
Batches:  37%|███▋      | 301/815 [00:02<00:04, 127.56it/s]
Batches:  39%|███▊      | 315/815 [00:02<00:03, 130.34it/s]
Batches:  40%|████      | 329/815 [00:02<00:03, 131.98it/s]
Batches:  42%|████▏     | 343/815 [00:02<00:03, 132.95it/s]
Batches:  44%|████▍     | 357/815 [00:02<00:03, 131.84it/s]
Batches:  46%|████▌     | 371/815 [00:02<00:03, 132.60it/s]
Batches:  47%|████▋     | 385/815 [00:03<00:03, 132.12it/s]
Batches:  49%|████▉     | 399/815 [00:03<00:03, 131.64it/s]
Batches:  51%|█████     | 413/815 [00:03<00:03, 130.08it/s]
Batches:  52%|█████▏    | 427/815 [00:03<00:02, 131.88it/s]
Batches:  54%|█████▍    | 441/815 [00:03<00:02, 133.28it/s]
Batches:  56%|█████▌    | 455/815 [00:03<00:02, 132.64it/s]
Batches:  58%|█████▊    | 469/815 [00:03<00:02, 134.38it/s]
Batches:  59%|█████▉    | 483/815 [00:03<00:02, 135.11it/s]
Batches:  61%|██████    | 497/815 [00:03<00:02, 135.82it/s]
Batches:  63%|██████▎   | 511/815 [00:03<00:02, 135.89it/s]
Batches:  64%|██████▍   | 525/815 [00:04<00:02, 135.89it/s]
Batches:  66%|██████▌   | 539/815 [00:04<00:02, 135.64it/s]
Batches:  68%|██████▊   | 554/815 [00:04<00:01, 137.10it/s]
Batches:  70%|██████▉   | 569/815 [00:04<00:01, 139.26it/s]
Batches:  72%|███████▏  | 584/815 [00:04<00:01, 140.30it/s]
Batches:  73%|███████▎  | 599/815 [00:04<00:01, 138.22it/s]
Batches:  75%|███████▌  | 613/815 [00:04<00:01, 133.35it/s]
Batches:  77%|███████▋  | 627/815 [00:04<00:01, 129.93it/s]
Batches:  79%|███████▊  | 641/815 [00:04<00:01, 129.08it/s]
Batches:  80%|████████  | 655/815 [00:05<00:01, 129.96it/s]
Batches:  82%|████████▏ | 669/815 [00:05<00:01, 130.80it/s]
Batches:  84%|████████▍ | 683/815 [00:05<00:01, 129.35it/s]
Batches:  85%|████████▌ | 696/815 [00:05<00:00, 129.43it/s]
Batches:  87%|████████▋ | 710/815 [00:05<00:00, 130.40it/s]
Batches:  89%|████████▉ | 724/815 [00:05<00:00, 131.30it/s]
Batches:  91%|█████████ | 738/815 [00:05<00:00, 131.88it/s]
Batches:  92%|█████████▏| 752/815 [00:05<00:00, 130.75it/s]
Batches:  94%|█████████▍| 766/815 [00:05<00:00, 128.52it/s]
Batches:  96%|█████████▌| 780/815 [00:05<00:00, 131.17it/s]
Batches:  97%|█████████▋| 794/815 [00:06<00:00, 133.43it/s]
Batches:  99%|█████████▉| 808/815 [00:06<00:00, 134.26it/s]
Batches:   3%|▎         | 12/408 [00:00<00:03, 116.50it/s]
Batches:   6%|▌         | 25/408 [00:00<00:03, 120.16it/s]
Batches:   9%|▉         | 38/408 [00:00<00:03, 120.45it/s]
Batches:  12%|█▎        | 51/408 [00:00<00:02, 122.14it/s]
Batches:  16%|█▌        | 64/408 [00:00<00:02, 121.50it/s]
Batches:  19%|█▉        | 77/408 [00:00<00:02, 122.54it/s]
Batches:  22%|██▏       | 91/408 [00:00<00:02, 125.56it/s]
Batches:  25%|██▌       | 104/408 [00:00<00:02, 125.66it/s]
Batches:  29%|██▊       | 117/408 [00:00<00:02, 125.40it/s]
Batches:  32%|███▏      | 130/408 [00:01<00:02, 126.66it/s]
Batches:  35%|███▌      | 143/408 [00:01<00:02, 126.21it/s]
Batches:  38%|███▊      | 157/408 [00:01<00:01, 128.06it/s]
Batches:  42%|████▏     | 171/408 [00:01<00:01, 128.48it/s]
Batches:  45%|████▌     | 184/408 [00:01<00:01, 127.36it/s]
Batches:  48%|████▊     | 197/408 [00:01<00:01, 126.79it/s]
Batches:  51%|█████▏    | 210/408 [00:01<00:01, 125.96it/s]
Batches:  55%|█████▍    | 224/408 [00:01<00:01, 127.48it/s]
Batches:  58%|█████▊    | 238/408 [00:01<00:01, 128.74it/s]
Batches:  62%|██████▏   | 252/408 [00:01<00:01, 129.34it/s]
Batches:  65%|██████▍   | 265/408 [00:02<00:01, 126.70it/s]
Batches:  68%|██████▊   | 278/408 [00:02<00:01, 126.48it/s]
Batches:  71%|███████▏  | 291/408 [00:02<00:00, 125.27it/s]
Batches:  75%|███████▍  | 304/408 [00:02<00:00, 121.49it/s]
Batches:  78%|███████▊  | 318/408 [00:02<00:00, 124.12it/s]
Batches:  81%|████████  | 331/408 [00:02<00:00, 124.83it/s]
Batches:  85%|████████▍ | 345/408 [00:02<00:00, 127.66it/s]
Batches:  88%|████████▊ | 358/408 [00:02<00:00, 122.48it/s]
Batches:  91%|█████████ | 372/408 [00:02<00:00, 125.23it/s]
Batches:  95%|█████████▍| 386/408 [00:03<00:00, 128.18it/s]
Batches:  98%|█████████▊| 400/408 [00:03<00:00, 130.11it/s]
2026-04-05 10:08:12,508 INFO --> Ensuring info_nce_multi | tau=0.1 | hn_k=0 model is statically trained...
2026-04-05 10:08:12,509 INFO Model missing. Triggering training engine for hn_k=0...
2026-04-05 10:08:12,511 INFO Loading data for squad | Target Loss: info_nce_multi | Target Tau: 0.1 | Target HNM: 0
2026-04-05 10:08:23,514 INFO Load pretrained SentenceTransformer: multi-qa-MiniLM-L6-cos-v1
2026-04-05 10:08:26,652 INFO Split squad: 91223 train / 26063 val / 13033 test
2026-04-05 10:08:26,754 INFO Pre-encoding 91223 squad [train] query-GT pairs...
Batches:   1%|          | 23/2851 [00:00<00:25, 111.83it/s]
Batches:   1%|          | 35/2851 [00:00<00:24, 114.96it/s]
Batches:   2%|▏         | 48/2851 [00:00<00:23, 117.77it/s]
Batches:   2%|▏         | 60/2851 [00:00<00:23, 118.16it/s]
Batches:   3%|▎         | 72/2851 [00:00<00:23, 116.78it/s]
Batches:   3%|▎         | 84/2851 [00:00<00:23, 117.78it/s]
Batches:   3%|▎         | 96/2851 [00:00<00:23, 116.11it/s]
Batches:   4%|▍         | 109/2851 [00:00<00:23, 118.00it/s]
Batches:   4%|▍         | 121/2851 [00:01<00:23, 117.02it/s]
Batches:   5%|▍         | 133/2851 [00:01<00:23, 116.29it/s]
Batches:   5%|▌         | 146/2851 [00:01<00:23, 117.34it/s]
Batches:   6%|▌         | 158/2851 [00:01<00:23, 116.95it/s]
Batches:   6%|▌         | 170/2851 [00:01<00:22, 117.30it/s]
Batches:   6%|▋         | 182/2851 [00:01<00:22, 116.85it/s]
Batches:   7%|▋         | 194/2851 [00:01<00:23, 114.51it/s]
Batches:   7%|▋         | 206/2851 [00:01<00:23, 114.07it/s]
Batches:   8%|▊         | 218/2851 [00:01<00:23, 112.69it/s]
Batches:   8%|▊         | 231/2851 [00:01<00:22, 115.01it/s]
Batches:   9%|▊         | 243/2851 [00:02<00:22, 116.15it/s]
Batches:   9%|▉         | 256/2851 [00:02<00:22, 117.88it/s]
Batches:   9%|▉         | 269/2851 [00:02<00:21, 120.51it/s]
Batches:  10%|▉         | 282/2851 [00:02<00:21, 117.64it/s]
Batches:  10%|█         | 295/2851 [00:02<00:21, 120.65it/s]
Batches:  11%|█         | 308/2851 [00:02<00:20, 122.77it/s]
Batches:  11%|█▏        | 322/2851 [00:02<00:20, 125.07it/s]
Batches:  12%|█▏        | 336/2851 [00:02<00:19, 126.87it/s]
Batches:  12%|█▏        | 349/2851 [00:02<00:20, 124.41it/s]
Batches:  13%|█▎        | 362/2851 [00:03<00:19, 124.73it/s]
Batches:  13%|█▎        | 375/2851 [00:03<00:19, 124.51it/s]
Batches:  14%|█▎        | 388/2851 [00:03<00:19, 124.45it/s]
Batches:  14%|█▍        | 401/2851 [00:03<00:19, 125.61it/s]
Batches:  15%|█▍        | 414/2851 [00:03<00:19, 126.14it/s]
Batches:  15%|█▌        | 428/2851 [00:03<00:19, 127.44it/s]
Batches:  15%|█▌        | 441/2851 [00:03<00:18, 128.15it/s]
Batches:  16%|█▌        | 454/2851 [00:03<00:18, 127.66it/s]
Batches:  16%|█▋        | 467/2851 [00:03<00:18, 126.53it/s]
Batches:  17%|█▋        | 480/2851 [00:03<00:18, 126.75it/s]
Batches:  17%|█▋        | 494/2851 [00:04<00:18, 128.68it/s]
Batches:  18%|█▊        | 507/2851 [00:04<00:18, 127.83it/s]
Batches:  18%|█▊        | 520/2851 [00:04<00:18, 127.77it/s]
Batches:  19%|█▊        | 533/2851 [00:04<00:18, 125.00it/s]
Batches:  19%|█▉        | 546/2851 [00:04<00:18, 124.24it/s]
Batches:  20%|█▉        | 559/2851 [00:04<00:18, 120.76it/s]
Batches:  20%|██        | 572/2851 [00:04<00:18, 120.49it/s]
Batches:  21%|██        | 585/2851 [00:04<00:18, 121.32it/s]
Batches:  21%|██        | 598/2851 [00:04<00:18, 121.78it/s]
Batches:  21%|██▏       | 611/2851 [00:05<00:18, 122.64it/s]
Batches:  22%|██▏       | 624/2851 [00:05<00:17, 124.68it/s]
Batches:  22%|██▏       | 637/2851 [00:05<00:17, 124.05it/s]
Batches:  23%|██▎       | 650/2851 [00:05<00:17, 124.79it/s]
Batches:  23%|██▎       | 664/2851 [00:05<00:17, 126.93it/s]
Batches:  24%|██▎       | 677/2851 [00:05<00:17, 126.31it/s]
Batches:  24%|██▍       | 690/2851 [00:05<00:16, 127.12it/s]
Batches:  25%|██▍       | 703/2851 [00:05<00:16, 126.89it/s]
Batches:  25%|██▌       | 716/2851 [00:05<00:16, 126.43it/s]
Batches:  26%|██▌       | 730/2851 [00:05<00:16, 128.36it/s]
Batches:  26%|██▌       | 743/2851 [00:06<00:16, 128.31it/s]
Batches:  27%|██▋       | 756/2851 [00:06<00:16, 128.51it/s]
Batches:  27%|██▋       | 769/2851 [00:06<00:16, 127.95it/s]
Batches:  27%|██▋       | 782/2851 [00:06<00:16, 126.00it/s]
Batches:  28%|██▊       | 795/2851 [00:06<00:16, 125.42it/s]
Batches:  28%|██▊       | 808/2851 [00:06<00:16, 124.91it/s]
Batches:  29%|██▉       | 821/2851 [00:06<00:16, 126.18it/s]
Batches:  29%|██▉       | 835/2851 [00:06<00:15, 128.20it/s]
Batches:  30%|██▉       | 849/2851 [00:06<00:15, 129.49it/s]
Batches:  30%|███       | 863/2851 [00:07<00:15, 130.12it/s]
Batches:  31%|███       | 877/2851 [00:07<00:15, 130.94it/s]
Batches:  31%|███▏      | 891/2851 [00:07<00:15, 129.33it/s]
Batches:  32%|███▏      | 905/2851 [00:07<00:14, 129.98it/s]
Batches:  32%|███▏      | 919/2851 [00:07<00:14, 129.13it/s]
Batches:  33%|███▎      | 932/2851 [00:07<00:15, 127.80it/s]
Batches:  33%|███▎      | 945/2851 [00:07<00:15, 126.73it/s]
Batches:  34%|███▎      | 958/2851 [00:07<00:14, 127.64it/s]
Batches:  34%|███▍      | 971/2851 [00:07<00:14, 127.56it/s]
Batches:  35%|███▍      | 984/2851 [00:07<00:14, 126.13it/s]
Batches:  35%|███▌      | 998/2851 [00:08<00:14, 127.71it/s]
Batches:  35%|███▌      | 1011/2851 [00:08<00:14, 126.96it/s]
Batches:  36%|███▌      | 1024/2851 [00:08<00:14, 126.58it/s]
Batches:  36%|███▋      | 1037/2851 [00:08<00:14, 125.37it/s]
Batches:  37%|███▋      | 1050/2851 [00:08<00:14, 126.34it/s]
Batches:  37%|███▋      | 1063/2851 [00:08<00:14, 125.88it/s]
Batches:  38%|███▊      | 1076/2851 [00:08<00:14, 125.41it/s]
Batches:  38%|███▊      | 1089/2851 [00:08<00:14, 125.01it/s]
Batches:  39%|███▊      | 1102/2851 [00:08<00:14, 123.50it/s]
Batches:  39%|███▉      | 1115/2851 [00:09<00:13, 125.18it/s]
Batches:  40%|███▉      | 1128/2851 [00:09<00:13, 126.15it/s]
Batches:  40%|████      | 1142/2851 [00:09<00:13, 128.46it/s]
Batches:  41%|████      | 1156/2851 [00:09<00:13, 129.40it/s]
Batches:  41%|████      | 1169/2851 [00:09<00:12, 129.45it/s]
Batches:  41%|████▏     | 1182/2851 [00:09<00:12, 129.35it/s]
Batches:  42%|████▏     | 1195/2851 [00:09<00:12, 128.22it/s]
Batches:  42%|████▏     | 1208/2851 [00:09<00:12, 127.34it/s]
Batches:  43%|████▎     | 1221/2851 [00:09<00:12, 128.07it/s]
Batches:  43%|████▎     | 1234/2851 [00:09<00:12, 125.16it/s]
Batches:  44%|████▎     | 1247/2851 [00:10<00:12, 125.80it/s]
Batches:  44%|████▍     | 1260/2851 [00:10<00:12, 126.36it/s]
Batches:  45%|████▍     | 1273/2851 [00:10<00:12, 123.47it/s]
Batches:  45%|████▌     | 1287/2851 [00:10<00:12, 125.66it/s]
Batches:  46%|████▌     | 1300/2851 [00:10<00:12, 125.62it/s]
Batches:  46%|████▌     | 1313/2851 [00:10<00:12, 126.72it/s]
Batches:  47%|████▋     | 1326/2851 [00:10<00:11, 127.20it/s]
Batches:  47%|████▋     | 1339/2851 [00:10<00:11, 126.25it/s]
Batches:  47%|████▋     | 1352/2851 [00:10<00:12, 124.90it/s]
Batches:  48%|████▊     | 1365/2851 [00:10<00:11, 125.69it/s]
Batches:  48%|████▊     | 1378/2851 [00:11<00:11, 126.24it/s]
Batches:  49%|████▉     | 1391/2851 [00:11<00:11, 125.71it/s]
Batches:  49%|████▉     | 1404/2851 [00:11<00:11, 124.64it/s]
Batches:  50%|████▉     | 1417/2851 [00:11<00:11, 125.78it/s]
Batches:  50%|█████     | 1430/2851 [00:11<00:11, 126.01it/s]
Batches:  51%|█████     | 1443/2851 [00:11<00:11, 124.29it/s]
Batches:  51%|█████     | 1456/2851 [00:11<00:11, 123.97it/s]
Batches:  52%|█████▏    | 1469/2851 [00:11<00:10, 125.66it/s]
Batches:  52%|█████▏    | 1482/2851 [00:11<00:11, 123.33it/s]
Batches:  52%|█████▏    | 1495/2851 [00:12<00:10, 124.65it/s]
Batches:  53%|█████▎    | 1509/2851 [00:12<00:10, 127.08it/s]
Batches:  53%|█████▎    | 1522/2851 [00:12<00:10, 125.99it/s]
Batches:  54%|█████▍    | 1535/2851 [00:12<00:10, 125.31it/s]
Batches:  54%|█████▍    | 1548/2851 [00:12<00:10, 124.90it/s]
Batches:  55%|█████▍    | 1561/2851 [00:12<00:10, 122.94it/s]
Batches:  55%|█████▌    | 1575/2851 [00:12<00:10, 126.55it/s]
Batches:  56%|█████▌    | 1588/2851 [00:12<00:09, 127.36it/s]
Batches:  56%|█████▌    | 1601/2851 [00:12<00:09, 127.25it/s]
Batches:  57%|█████▋    | 1614/2851 [00:12<00:09, 124.46it/s]
Batches:  57%|█████▋    | 1628/2851 [00:13<00:09, 127.27it/s]
Batches:  58%|█████▊    | 1642/2851 [00:13<00:09, 128.61it/s]
Batches:  58%|█████▊    | 1656/2851 [00:13<00:09, 129.30it/s]
Batches:  59%|█████▊    | 1670/2851 [00:13<00:08, 131.29it/s]
Batches:  59%|█████▉    | 1685/2851 [00:13<00:08, 135.28it/s]
Batches:  60%|█████▉    | 1699/2851 [00:13<00:08, 133.92it/s]
Batches:  60%|██████    | 1713/2851 [00:13<00:08, 133.61it/s]
Batches:  61%|██████    | 1727/2851 [00:13<00:08, 133.68it/s]
Batches:  61%|██████    | 1741/2851 [00:13<00:08, 129.28it/s]
Batches:  62%|██████▏   | 1754/2851 [00:14<00:08, 127.93it/s]
Batches:  62%|██████▏   | 1767/2851 [00:14<00:08, 125.55it/s]
Batches:  62%|██████▏   | 1780/2851 [00:14<00:08, 125.03it/s]
Batches:  63%|██████▎   | 1793/2851 [00:14<00:08, 125.54it/s]
Batches:  63%|██████▎   | 1807/2851 [00:14<00:08, 127.13it/s]
Batches:  64%|██████▍   | 1822/2851 [00:14<00:07, 130.91it/s]
Batches:  64%|██████▍   | 1836/2851 [00:14<00:07, 129.64it/s]
Batches:  65%|██████▍   | 1849/2851 [00:14<00:07, 128.72it/s]
Batches:  65%|██████▌   | 1862/2851 [00:14<00:07, 127.12it/s]
Batches:  66%|██████▌   | 1876/2851 [00:14<00:07, 128.62it/s]
Batches:  66%|██████▋   | 1890/2851 [00:15<00:07, 129.85it/s]
Batches:  67%|██████▋   | 1904/2851 [00:15<00:07, 130.48it/s]
Batches:  67%|██████▋   | 1918/2851 [00:15<00:07, 130.25it/s]
Batches:  68%|██████▊   | 1932/2851 [00:15<00:07, 131.01it/s]
Batches:  68%|██████▊   | 1946/2851 [00:15<00:06, 130.07it/s]
Batches:  69%|██████▊   | 1960/2851 [00:15<00:06, 131.02it/s]
Batches:  69%|██████▉   | 1975/2851 [00:15<00:06, 134.77it/s]
Batches:  70%|██████▉   | 1989/2851 [00:15<00:06, 134.24it/s]
Batches:  70%|███████   | 2003/2851 [00:15<00:06, 134.01it/s]
Batches:  71%|███████   | 2018/2851 [00:16<00:06, 136.74it/s]
Batches:  71%|███████▏  | 2032/2851 [00:16<00:05, 136.81it/s]
Batches:  72%|███████▏  | 2046/2851 [00:16<00:05, 134.91it/s]
Batches:  72%|███████▏  | 2060/2851 [00:16<00:05, 135.76it/s]
Batches:  73%|███████▎  | 2075/2851 [00:16<00:05, 137.54it/s]
Batches:  73%|███████▎  | 2090/2851 [00:16<00:05, 140.95it/s]
Batches:  74%|███████▍  | 2105/2851 [00:16<00:05, 143.30it/s]
Batches:  74%|███████▍  | 2120/2851 [00:16<00:05, 144.20it/s]
Batches:  75%|███████▍  | 2135/2851 [00:16<00:04, 144.99it/s]
Batches:  75%|███████▌  | 2150/2851 [00:16<00:04, 143.55it/s]
Batches:  76%|███████▌  | 2165/2851 [00:17<00:04, 140.03it/s]
Batches:  76%|███████▋  | 2180/2851 [00:17<00:04, 137.84it/s]
Batches:  77%|███████▋  | 2194/2851 [00:17<00:04, 137.04it/s]
Batches:  77%|███████▋  | 2208/2851 [00:17<00:04, 133.99it/s]
Batches:  78%|███████▊  | 2222/2851 [00:17<00:04, 130.74it/s]
Batches:  78%|███████▊  | 2236/2851 [00:17<00:04, 129.99it/s]
Batches:  79%|███████▉  | 2250/2851 [00:17<00:04, 127.79it/s]
Batches:  79%|███████▉  | 2264/2851 [00:17<00:04, 128.88it/s]
Batches:  80%|███████▉  | 2277/2851 [00:17<00:04, 128.57it/s]
Batches:  80%|████████  | 2290/2851 [00:18<00:04, 127.10it/s]
Batches:  81%|████████  | 2303/2851 [00:18<00:04, 127.54it/s]
Batches:  81%|████████▏ | 2317/2851 [00:18<00:04, 128.71it/s]
Batches:  82%|████████▏ | 2330/2851 [00:18<00:04, 128.59it/s]
Batches:  82%|████████▏ | 2344/2851 [00:18<00:03, 130.73it/s]
Batches:  83%|████████▎ | 2358/2851 [00:18<00:03, 131.18it/s]
Batches:  83%|████████▎ | 2372/2851 [00:18<00:03, 133.65it/s]
Batches:  84%|████████▎ | 2386/2851 [00:18<00:03, 134.27it/s]
Batches:  84%|████████▍ | 2400/2851 [00:18<00:03, 134.91it/s]
Batches:  85%|████████▍ | 2415/2851 [00:18<00:03, 137.55it/s]
Batches:  85%|████████▌ | 2430/2851 [00:19<00:03, 139.23it/s]
Batches:  86%|████████▌ | 2445/2851 [00:19<00:02, 142.31it/s]
Batches:  86%|████████▋ | 2460/2851 [00:19<00:02, 144.08it/s]
Batches:  87%|████████▋ | 2475/2851 [00:19<00:02, 145.07it/s]
Batches:  87%|████████▋ | 2490/2851 [00:19<00:02, 146.02it/s]
Batches:  88%|████████▊ | 2505/2851 [00:19<00:02, 146.50it/s]
Batches:  88%|████████▊ | 2520/2851 [00:19<00:02, 144.40it/s]
Batches:  89%|████████▉ | 2535/2851 [00:19<00:02, 142.26it/s]
Batches:  89%|████████▉ | 2550/2851 [00:19<00:02, 139.49it/s]
Batches:  90%|████████▉ | 2564/2851 [00:20<00:02, 138.29it/s]
Batches:  90%|█████████ | 2578/2851 [00:20<00:01, 137.56it/s]
Batches:  91%|█████████ | 2592/2851 [00:20<00:01, 137.16it/s]
Batches:  91%|█████████▏| 2606/2851 [00:20<00:01, 136.23it/s]
Batches:  92%|█████████▏| 2620/2851 [00:20<00:01, 135.00it/s]
Batches:  92%|█████████▏| 2635/2851 [00:20<00:01, 138.07it/s]
Batches:  93%|█████████▎| 2650/2851 [00:20<00:01, 139.53it/s]
Batches:  93%|█████████▎| 2665/2851 [00:20<00:01, 141.63it/s]
Batches:  94%|█████████▍| 2680/2851 [00:20<00:01, 140.68it/s]
Batches:  95%|█████████▍| 2695/2851 [00:20<00:01, 141.11it/s]
Batches:  95%|█████████▌| 2710/2851 [00:21<00:01, 139.82it/s]
Batches:  96%|█████████▌| 2725/2851 [00:21<00:00, 140.34it/s]
Batches:  96%|█████████▌| 2740/2851 [00:21<00:00, 141.24it/s]
Batches:  97%|█████████▋| 2755/2851 [00:21<00:00, 140.54it/s]
Batches:  97%|█████████▋| 2770/2851 [00:21<00:00, 139.90it/s]
Batches:  98%|█████████▊| 2784/2851 [00:21<00:00, 139.58it/s]
Batches:  98%|█████████▊| 2798/2851 [00:21<00:00, 139.37it/s]
Batches:  99%|█████████▊| 2813/2851 [00:21<00:00, 140.53it/s]
Batches:  99%|█████████▉| 2828/2851 [00:21<00:00, 139.30it/s]
2026-04-05 10:08:49,803 INFO Pre-encoding 26063 squad [val] query-GT pairs...
Batches:   1%|▏         | 11/815 [00:00<00:07, 108.71it/s]
Batches:   3%|▎         | 22/815 [00:01<01:10, 11.17it/s]
Batches:   4%|▍         | 35/815 [00:01<00:38, 20.42it/s]
Batches:   6%|▌         | 49/815 [00:01<00:23, 32.19it/s]
Batches:   8%|▊         | 63/815 [00:02<00:16, 45.28it/s]
Batches:   9%|▉         | 76/815 [00:02<00:12, 57.97it/s]
Batches:  11%|█         | 90/815 [00:02<00:10, 72.04it/s]
Batches:  13%|█▎        | 104/815 [00:02<00:08, 84.41it/s]
Batches:  14%|█▍        | 118/815 [00:02<00:07, 95.72it/s]
Batches:  16%|█▌        | 131/815 [00:02<00:06, 103.84it/s]
Batches:  18%|█▊        | 145/815 [00:02<00:06, 111.15it/s]
Batches:  20%|█▉        | 159/815 [00:02<00:05, 116.64it/s]
Batches:  21%|██        | 173/815 [00:02<00:05, 121.60it/s]
Batches:  23%|██▎       | 187/815 [00:02<00:05, 124.46it/s]
Batches:  25%|██▍       | 201/815 [00:03<00:04, 123.54it/s]
Batches:  26%|██▋       | 215/815 [00:03<00:04, 125.44it/s]
Batches:  28%|██▊       | 228/815 [00:03<00:04, 126.34it/s]
Batches:  30%|██▉       | 242/815 [00:03<00:04, 127.79it/s]
Batches:  31%|███▏      | 255/815 [00:03<00:04, 127.13it/s]
Batches:  33%|███▎      | 268/815 [00:03<00:04, 127.50it/s]
Batches:  35%|███▍      | 282/815 [00:03<00:04, 130.92it/s]
Batches:  36%|███▋      | 296/815 [00:03<00:03, 131.47it/s]
Batches:  38%|███▊      | 310/815 [00:03<00:03, 132.86it/s]
Batches:  40%|███▉      | 324/815 [00:04<00:03, 133.25it/s]
Batches:  41%|████▏     | 338/815 [00:04<00:03, 131.24it/s]
Batches:  43%|████▎     | 353/815 [00:04<00:03, 134.12it/s]
Batches:  45%|████▌     | 367/815 [00:04<00:03, 133.60it/s]
Batches:  47%|████▋     | 381/815 [00:04<00:03, 133.17it/s]
Batches:  48%|████▊     | 395/815 [00:04<00:03, 132.98it/s]
Batches:  50%|█████     | 409/815 [00:04<00:03, 132.98it/s]
Batches:  52%|█████▏    | 423/815 [00:04<00:02, 134.43it/s]
Batches:  54%|█████▎    | 437/815 [00:04<00:02, 134.95it/s]
Batches:  55%|█████▌    | 451/815 [00:04<00:02, 135.99it/s]
Batches:  57%|█████▋    | 465/815 [00:05<00:02, 135.64it/s]
Batches:  59%|█████▉    | 479/815 [00:05<00:02, 134.29it/s]
Batches:  60%|██████    | 493/815 [00:05<00:02, 134.29it/s]
Batches:  62%|██████▏   | 507/815 [00:05<00:02, 134.01it/s]
Batches:  64%|██████▍   | 521/815 [00:05<00:02, 133.75it/s]
Batches:  66%|██████▌   | 535/815 [00:05<00:02, 134.21it/s]
Batches:  67%|██████▋   | 549/815 [00:05<00:02, 132.52it/s]
Batches:  69%|██████▉   | 563/815 [00:05<00:01, 132.46it/s]
Batches:  71%|███████   | 577/815 [00:05<00:01, 133.73it/s]
Batches:  73%|███████▎  | 591/815 [00:06<00:01, 132.14it/s]
Batches:  74%|███████▍  | 605/815 [00:06<00:01, 129.98it/s]
Batches:  76%|███████▌  | 619/815 [00:06<00:01, 132.05it/s]
Batches:  78%|███████▊  | 633/815 [00:06<00:01, 134.29it/s]
Batches:  79%|███████▉  | 647/815 [00:06<00:01, 132.96it/s]
Batches:  81%|████████  | 661/815 [00:06<00:01, 131.62it/s]
Batches:  83%|████████▎ | 675/815 [00:06<00:01, 130.67it/s]
Batches:  85%|████████▍ | 689/815 [00:06<00:00, 131.37it/s]
Batches:  86%|████████▋ | 703/815 [00:06<00:00, 132.23it/s]
Batches:  88%|████████▊ | 717/815 [00:06<00:00, 131.21it/s]
Batches:  90%|████████▉ | 731/815 [00:07<00:00, 128.14it/s]
Batches:  91%|█████████▏| 745/815 [00:07<00:00, 130.17it/s]
Batches:  93%|█████████▎| 759/815 [00:07<00:00, 131.02it/s]
Batches:  95%|█████████▍| 773/815 [00:07<00:00, 133.06it/s]
Batches:  97%|█████████▋| 787/815 [00:07<00:00, 131.16it/s]
Batches:  98%|█████████▊| 801/815 [00:07<00:00, 129.82it/s]
2026-04-05 10:08:57,813 INFO Pre-encoding 13033 squad [test] query-GT pairs...
Batches:   3%|▎         | 12/408 [00:00<00:03, 117.20it/s]
Batches:   6%|▋         | 26/408 [00:00<00:03, 125.14it/s]
Batches:  10%|▉         | 39/408 [00:00<00:02, 124.30it/s]
Batches:  13%|█▎        | 52/408 [00:00<00:02, 124.53it/s]
Batches:  16%|█▌        | 66/408 [00:00<00:02, 127.31it/s]
Batches:  20%|█▉        | 80/408 [00:00<00:02, 128.86it/s]
Batches:  23%|██▎       | 93/408 [00:00<00:02, 128.14it/s]
Batches:  26%|██▌       | 106/408 [00:00<00:02, 125.65it/s]
Batches:  29%|██▉       | 120/408 [00:00<00:02, 128.06it/s]
Batches:  33%|███▎      | 133/408 [00:01<00:02, 127.74it/s]
Batches:  36%|███▌      | 146/408 [00:01<00:02, 127.73it/s]
Batches:  39%|███▉      | 159/408 [00:01<00:01, 127.68it/s]
Batches:  42%|████▏     | 172/408 [00:01<00:01, 127.45it/s]
Batches:  46%|████▌     | 186/408 [00:01<00:01, 128.25it/s]
Batches:  49%|████▉     | 200/408 [00:01<00:01, 129.65it/s]
Batches:  52%|█████▏    | 214/408 [00:01<00:01, 129.82it/s]
Batches:  56%|█████▌    | 228/408 [00:01<00:01, 131.21it/s]
Batches:  59%|█████▉    | 242/408 [00:01<00:01, 130.60it/s]
Batches:  63%|██████▎   | 256/408 [00:01<00:01, 132.43it/s]
Batches:  66%|██████▌   | 270/408 [00:02<00:01, 132.45it/s]
Batches:  70%|██████▉   | 284/408 [00:02<00:00, 131.84it/s]
Batches:  73%|███████▎  | 298/408 [00:02<00:00, 131.56it/s]
Batches:  76%|███████▋  | 312/408 [00:02<00:00, 129.79it/s]
Batches:  80%|███████▉  | 325/408 [00:02<00:00, 129.84it/s]
Batches:  83%|████████▎ | 339/408 [00:02<00:00, 130.05it/s]
Batches:  87%|████████▋ | 353/408 [00:02<00:00, 130.19it/s]
Batches:  90%|████████▉ | 367/408 [00:02<00:00, 130.32it/s]
Batches:  93%|█████████▎| 381/408 [00:02<00:00, 130.89it/s]
Batches:  97%|█████████▋| 395/408 [00:03<00:00, 131.95it/s]
Training MLP (info_nce_multi | τ=0.1 | hn=0):   0%|          | 0/100 [00:00<?, ?it/s]
Training MLP (info_nce_multi | τ=0.1 | hn=0):   0%|          | 0/100 [00:09<?, ?it/s, TrL=1.9107, VaL=1.5915, TeL=1.5632 ★=best]
Training MLP (info_nce_multi | τ=0.1 | hn=0):   1%|          | 1/100 [00:09<14:59,  9.08s/it, TrL=1.9107, VaL=1.5915, TeL=1.5632 ★=best]
Training MLP (info_nce_multi | τ=0.1 | hn=0):   1%|          | 1/100 [00:17<14:59,  9.08s/it, TrL=1.5816, VaL=1.4684, TeL=1.4369 ★=best]
Training MLP (info_nce_multi | τ=0.1 | hn=0):   2%|▏         | 2/100 [00:17<14:17,  8.75s/it, TrL=1.5816, VaL=1.4684, TeL=1.4369 ★=best]
Training MLP (info_nce_multi | τ=0.1 | hn=0):   2%|▏         | 2/100 [00:26<14:17,  8.75s/it, TrL=1.4641, VaL=1.3900, TeL=1.3579 ★=best]
Training MLP (info_nce_multi | τ=0.1 | hn=0):   3%|▎         | 3/100 [00:26<13:55,  8.62s/it, TrL=1.4641, VaL=1.3900, TeL=1.3579 ★=best]
Training MLP (info_nce_multi | τ=0.1 | hn=0):   3%|▎         | 3/100 [00:34<13:55,  8.62s/it, TrL=1.3841, VaL=1.3406, TeL=1.3078 ★=best]
Training MLP (info_nce_multi | τ=0.1 | hn=0):   4%|▍         | 4/100 [00:34<13:40,  8.55s/it, TrL=1.3841, VaL=1.3406, TeL=1.3078 ★=best]
Training MLP (info_nce_multi | τ=0.1 | hn=0):   4%|▍         | 4/100 [00:42<13:40,  8.55s/it, TrL=1.3213, VaL=1.3098, TeL=1.2773 ★=best]
Training MLP (info_nce_multi | τ=0.1 | hn=0):   5%|▌         | 5/100 [00:42<13:19,  8.41s/it, TrL=1.3213, VaL=1.3098, TeL=1.2773 ★=best]
Training MLP (info_nce_multi | τ=0.1 | hn=0):   5%|▌         | 5/100 [00:51<13:19,  8.41s/it, TrL=1.2705, VaL=1.2837, TeL=1.2510 ★=best]
Training MLP (info_nce_multi | τ=0.1 | hn=0):   6%|▌         | 6/100 [00:51<13:08,  8.39s/it, TrL=1.2705, VaL=1.2837, TeL=1.2510 ★=best]
Training MLP (info_nce_multi | τ=0.1 | hn=0):   6%|▌         | 6/100 [00:59<13:08,  8.39s/it, TrL=1.2310, VaL=1.2618, TeL=1.2265 ★=best]
Training MLP (info_nce_multi | τ=0.1 | hn=0):   7%|▋         | 7/100 [00:59<12:58,  8.37s/it, TrL=1.2310, VaL=1.2618, TeL=1.2265 ★=best]
Training MLP (info_nce_multi | τ=0.1 | hn=0):   7%|▋         | 7/100 [01:07<12:58,  8.37s/it, TrL=1.1930, VaL=1.2498, TeL=1.2172 ★=best]
Training MLP (info_nce_multi | τ=0.1 | hn=0):   8%|▊         | 8/100 [01:07<12:38,  8.24s/it, TrL=1.1930, VaL=1.2498, TeL=1.2172 ★=best]
Training MLP (info_nce_multi | τ=0.1 | hn=0):   8%|▊         | 8/100 [01:15<12:38,  8.24s/it, TrL=1.1608, VaL=1.2354, TeL=1.2028 ★=best]
Training MLP (info_nce_multi | τ=0.1 | hn=0):   9%|▉         | 9/100 [01:15<12:23,  8.17s/it, TrL=1.1608, VaL=1.2354, TeL=1.2028 ★=best]
Training MLP (info_nce_multi | τ=0.1 | hn=0):   9%|▉         | 9/100 [01:23<12:23,  8.17s/it, TrL=1.1336, VaL=1.2279, TeL=1.1918 ★=best]
Training MLP (info_nce_multi | τ=0.1 | hn=0):  10%|█         | 10/100 [01:23<12:05,  8.06s/it, TrL=1.1336, VaL=1.2279, TeL=1.1918 ★=best]
Training MLP (info_nce_multi | τ=0.1 | hn=0):  10%|█         | 10/100 [01:31<12:05,  8.06s/it, TrL=1.1070, VaL=1.2247, TeL=1.1887 ★=best]
Training MLP (info_nce_multi | τ=0.1 | hn=0):  11%|█         | 11/100 [01:31<11:55,  8.04s/it, TrL=1.1070, VaL=1.2247, TeL=1.1887 ★=best]
Training MLP (info_nce_multi | τ=0.1 | hn=0):  11%|█         | 11/100 [01:38<11:55,  8.04s/it, TrL=1.0822, VaL=1.2185, TeL=1.1816 ★=best]
Training MLP (info_nce_multi | τ=0.1 | hn=0):  12%|█▏        | 12/100 [01:38<11:41,  7.98s/it, TrL=1.0822, VaL=1.2185, TeL=1.1816 ★=best]
Training MLP (info_nce_multi | τ=0.1 | hn=0):  12%|█▏        | 12/100 [01:46<11:41,  7.98s/it, TrL=1.0644, VaL=1.2124, TeL=1.1764 ★=best]
Training MLP (info_nce_multi | τ=0.1 | hn=0):  13%|█▎        | 13/100 [01:46<11:33,  7.97s/it, TrL=1.0644, VaL=1.2124, TeL=1.1764 ★=best]
Training MLP (info_nce_multi | τ=0.1 | hn=0):  13%|█▎        | 13/100 [01:54<11:33,  7.97s/it, TrL=1.0448, VaL=1.2113, TeL=1.1719 ★=best]
Training MLP (info_nce_multi | τ=0.1 | hn=0):  14%|█▍        | 14/100 [01:54<11:27,  8.00s/it, TrL=1.0448, VaL=1.2113, TeL=1.1719 ★=best]
Training MLP (info_nce_multi | τ=0.1 | hn=0):  14%|█▍        | 14/100 [02:02<11:27,  8.00s/it, TrL=1.0231, VaL=1.2078, TeL=1.1678 ★=best]
Training MLP (info_nce_multi | τ=0.1 | hn=0):  15%|█▌        | 15/100 [02:02<11:19,  7.99s/it, TrL=1.0231, VaL=1.2078, TeL=1.1678 ★=best]
Training MLP (info_nce_multi | τ=0.1 | hn=0):  15%|█▌        | 15/100 [02:13<11:19,  7.99s/it, TrL=1.0072, VaL=1.2012, TeL=1.1603 ★=best]
Training MLP (info_nce_multi | τ=0.1 | hn=0):  16%|█▌        | 16/100 [02:13<12:24,  8.86s/it, TrL=1.0072, VaL=1.2012, TeL=1.1603 ★=best]
Training MLP (info_nce_multi | τ=0.1 | hn=0):  16%|█▌        | 16/100 [02:21<12:24,  8.86s/it, TrL=0.9960, VaL=1.1996, TeL=1.1578 ★=best]
Training MLP (info_nce_multi | τ=0.1 | hn=0):  17%|█▋        | 17/100 [02:21<11:51,  8.57s/it, TrL=0.9960, VaL=1.1996, TeL=1.1578 ★=best]
Training MLP (info_nce_multi | τ=0.1 | hn=0):  17%|█▋        | 17/100 [02:29<11:51,  8.57s/it, TrL=0.9767, VaL=1.2007, TeL=1.1610]
Training MLP (info_nce_multi | τ=0.1 | hn=0):  18%|█▊        | 18/100 [02:29<11:23,  8.33s/it, TrL=0.9767, VaL=1.2007, TeL=1.1610]
Training MLP (info_nce_multi | τ=0.1 | hn=0):  18%|█▊        | 18/100 [02:37<11:23,  8.33s/it, TrL=0.9647, VaL=1.1983, TeL=1.1589 ★=best]
Training MLP (info_nce_multi | τ=0.1 | hn=0):  19%|█▉        | 19/100 [02:37<11:02,  8.18s/it, TrL=0.9647, VaL=1.1983, TeL=1.1589 ★=best]
Training MLP (info_nce_multi | τ=0.1 | hn=0):  19%|█▉        | 19/100 [02:45<11:02,  8.18s/it, TrL=0.9531, VaL=1.1990, TeL=1.1572]
Training MLP (info_nce_multi | τ=0.1 | hn=0):  20%|██        | 20/100 [02:45<10:47,  8.10s/it, TrL=0.9531, VaL=1.1990, TeL=1.1572]
Training MLP (info_nce_multi | τ=0.1 | hn=0):  20%|██        | 20/100 [02:53<10:47,  8.10s/it, TrL=0.9395, VaL=1.1953, TeL=1.1546 ★=best]
Training MLP (info_nce_multi | τ=0.1 | hn=0):  21%|██        | 21/100 [02:53<10:33,  8.03s/it, TrL=0.9395, VaL=1.1953, TeL=1.1546 ★=best]
Training MLP (info_nce_multi | τ=0.1 | hn=0):  21%|██        | 21/100 [03:01<10:33,  8.03s/it, TrL=0.9285, VaL=1.1964, TeL=1.1614]
Training MLP (info_nce_multi | τ=0.1 | hn=0):  22%|██▏       | 22/100 [03:01<10:23,  8.00s/it, TrL=0.9285, VaL=1.1964, TeL=1.1614]
Training MLP (info_nce_multi | τ=0.1 | hn=0):  22%|██▏       | 22/100 [03:08<10:23,  8.00s/it, TrL=0.9173, VaL=1.1985, TeL=1.1580]
Training MLP (info_nce_multi | τ=0.1 | hn=0):  23%|██▎       | 23/100 [03:08<10:10,  7.93s/it, TrL=0.9173, VaL=1.1985, TeL=1.1580]
Training MLP (info_nce_multi | τ=0.1 | hn=0):  23%|██▎       | 23/100 [03:16<10:10,  7.93s/it, TrL=0.9044, VaL=1.1987, TeL=1.1574]
Training MLP (info_nce_multi | τ=0.1 | hn=0):  24%|██▍       | 24/100 [03:16<10:03,  7.94s/it, TrL=0.9044, VaL=1.1987, TeL=1.1574]
Training MLP (info_nce_multi | τ=0.1 | hn=0):  24%|██▍       | 24/100 [03:24<10:03,  7.94s/it, TrL=0.8983, VaL=1.2055, TeL=1.1634]
Training MLP (info_nce_multi | τ=0.1 | hn=0):  25%|██▌       | 25/100 [03:24<09:51,  7.89s/it, TrL=0.8983, VaL=1.2055, TeL=1.1634]
Training MLP (info_nce_multi | τ=0.1 | hn=0):  25%|██▌       | 25/100 [03:32<09:51,  7.89s/it, TrL=0.8877, VaL=1.2001, TeL=1.1593]
Training MLP (info_nce_multi | τ=0.1 | hn=0):  26%|██▌       | 26/100 [03:32<09:43,  7.89s/it, TrL=0.8877, VaL=1.2001, TeL=1.1593]
Training MLP (info_nce_multi | τ=0.1 | hn=0):  26%|██▌       | 26/100 [03:40<09:43,  7.89s/it, TrL=0.8785, VaL=1.1988, TeL=1.1639]
Training MLP (info_nce_multi | τ=0.1 | hn=0):  27%|██▋       | 27/100 [03:40<09:38,  7.92s/it, TrL=0.8785, VaL=1.1988, TeL=1.1639]
Training MLP (info_nce_multi | τ=0.1 | hn=0):  27%|██▋       | 27/100 [03:48<09:38,  7.92s/it, TrL=0.8727, VaL=1.2015, TeL=1.1636]
Training MLP (info_nce_multi | τ=0.1 | hn=0):  28%|██▊       | 28/100 [03:48<09:31,  7.93s/it, TrL=0.8727, VaL=1.2015, TeL=1.1636]
Training MLP (info_nce_multi | τ=0.1 | hn=0):  28%|██▊       | 28/100 [03:56<09:31,  7.93s/it, TrL=0.8613, VaL=1.2017, TeL=1.1659]
Training MLP (info_nce_multi | τ=0.1 | hn=0):  29%|██▉       | 29/100 [03:56<09:24,  7.95s/it, TrL=0.8613, VaL=1.2017, TeL=1.1659]
Training MLP (info_nce_multi | τ=0.1 | hn=0):  29%|██▉       | 29/100 [04:04<09:24,  7.95s/it, TrL=0.8278, VaL=1.1940, TeL=1.1538 ★=best]
Training MLP (info_nce_multi | τ=0.1 | hn=0):  30%|███       | 30/100 [04:04<09:13,  7.90s/it, TrL=0.8278, VaL=1.1940, TeL=1.1538 ★=best]
Training MLP (info_nce_multi | τ=0.1 | hn=0):  30%|███       | 30/100 [04:12<09:13,  7.90s/it, TrL=0.8206, VaL=1.1949, TeL=1.1548]
Training MLP (info_nce_multi | τ=0.1 | hn=0):  31%|███       | 31/100 [04:12<09:04,  7.88s/it, TrL=0.8206, VaL=1.1949, TeL=1.1548]
Training MLP (info_nce_multi | τ=0.1 | hn=0):  31%|███       | 31/100 [04:19<09:04,  7.88s/it, TrL=0.8201, VaL=1.1976, TeL=1.1577]
Training MLP (info_nce_multi | τ=0.1 | hn=0):  32%|███▏      | 32/100 [04:19<08:56,  7.89s/it, TrL=0.8201, VaL=1.1976, TeL=1.1577]
Training MLP (info_nce_multi | τ=0.1 | hn=0):  32%|███▏      | 32/100 [04:27<08:56,  7.89s/it, TrL=0.8091, VaL=1.1971, TeL=1.1578]
Training MLP (info_nce_multi | τ=0.1 | hn=0):  33%|███▎      | 33/100 [04:27<08:48,  7.90s/it, TrL=0.8091, VaL=1.1971, TeL=1.1578]
Training MLP (info_nce_multi | τ=0.1 | hn=0):  33%|███▎      | 33/100 [04:35<08:48,  7.90s/it, TrL=0.8032, VaL=1.1955, TeL=1.1585]
Training MLP (info_nce_multi | τ=0.1 | hn=0):  34%|███▍      | 34/100 [04:35<08:40,  7.89s/it, TrL=0.8032, VaL=1.1955, TeL=1.1585]
Training MLP (info_nce_multi | τ=0.1 | hn=0):  34%|███▍      | 34/100 [04:43<08:40,  7.89s/it, TrL=0.7977, VaL=1.1977, TeL=1.1575]
Training MLP (info_nce_multi | τ=0.1 | hn=0):  35%|███▌      | 35/100 [04:43<08:34,  7.92s/it, TrL=0.7977, VaL=1.1977, TeL=1.1575]
Training MLP (info_nce_multi | τ=0.1 | hn=0):  35%|███▌      | 35/100 [04:51<08:34,  7.92s/it, TrL=0.7964, VaL=1.1972, TeL=1.1578]
Training MLP (info_nce_multi | τ=0.1 | hn=0):  36%|███▌      | 36/100 [04:51<08:29,  7.96s/it, TrL=0.7964, VaL=1.1972, TeL=1.1578]
Training MLP (info_nce_multi | τ=0.1 | hn=0):  36%|███▌      | 36/100 [04:59<08:29,  7.96s/it, TrL=0.7902, VaL=1.2016, TeL=1.1626]
Training MLP (info_nce_multi | τ=0.1 | hn=0):  37%|███▋      | 37/100 [04:59<08:19,  7.93s/it, TrL=0.7902, VaL=1.2016, TeL=1.1626]
Training MLP (info_nce_multi | τ=0.1 | hn=0):  37%|███▋      | 37/100 [05:07<08:19,  7.93s/it, TrL=0.7877, VaL=1.1991, TeL=1.1590]
Training MLP (info_nce_multi | τ=0.1 | hn=0):  38%|███▊      | 38/100 [05:07<08:11,  7.93s/it, TrL=0.7877, VaL=1.1991, TeL=1.1590]
Training MLP (info_nce_multi | τ=0.1 | hn=0):  38%|███▊      | 38/100 [05:15<08:11,  7.93s/it, TrL=0.7712, VaL=1.1991, TeL=1.1587]
Training MLP (info_nce_multi | τ=0.1 | hn=0):  39%|███▉      | 39/100 [05:15<08:05,  7.97s/it, TrL=0.7712, VaL=1.1991, TeL=1.1587]
Training MLP (info_nce_multi | τ=0.1 | hn=0):  39%|███▉      | 39/100 [05:23<08:05,  7.97s/it, TrL=0.7645, VaL=1.2005, TeL=1.1603]
Training MLP (info_nce_multi | τ=0.1 | hn=0):  40%|████      | 40/100 [05:23<07:58,  7.97s/it, TrL=0.7645, VaL=1.2005, TeL=1.1603]
Training MLP (info_nce_multi | τ=0.1 | hn=0):  40%|████      | 40/100 [05:31<07:58,  7.97s/it, TrL=0.7579, VaL=1.1978, TeL=1.1584]
Training MLP (info_nce_multi | τ=0.1 | hn=0):  41%|████      | 41/100 [05:31<07:47,  7.93s/it, TrL=0.7579, VaL=1.1978, TeL=1.1584]
Training MLP (info_nce_multi | τ=0.1 | hn=0):  41%|████      | 41/100 [05:39<07:47,  7.93s/it, TrL=0.7603, VaL=1.1996, TeL=1.1593]
Training MLP (info_nce_multi | τ=0.1 | hn=0):  42%|████▏     | 42/100 [05:39<07:39,  7.93s/it, TrL=0.7603, VaL=1.1996, TeL=1.1593]
Training MLP (info_nce_multi | τ=0.1 | hn=0):  42%|████▏     | 42/100 [05:47<07:39,  7.93s/it, TrL=0.7567, VaL=1.2016, TeL=1.1624]
Training MLP (info_nce_multi | τ=0.1 | hn=0):  43%|████▎     | 43/100 [05:47<07:29,  7.88s/it, TrL=0.7567, VaL=1.2016, TeL=1.1624]
Training MLP (info_nce_multi | τ=0.1 | hn=0):  43%|████▎     | 43/100 [05:54<07:29,  7.88s/it, TrL=0.7529, VaL=1.2009, TeL=1.1615]
Training MLP (info_nce_multi | τ=0.1 | hn=0):  44%|████▍     | 44/100 [05:54<07:15,  7.77s/it, TrL=0.7529, VaL=1.2009, TeL=1.1615]
Training MLP (info_nce_multi | τ=0.1 | hn=0):  44%|████▍     | 44/100 [06:02<07:15,  7.77s/it, TrL=0.7500, VaL=1.1990, TeL=1.1595]
Training MLP (info_nce_multi | τ=0.1 | hn=0):  45%|████▌     | 45/100 [06:02<07:08,  7.78s/it, TrL=0.7500, VaL=1.1990, TeL=1.1595]
Training MLP (info_nce_multi | τ=0.1 | hn=0):  45%|████▌     | 45/100 [06:09<07:08,  7.78s/it, TrL=0.7507, VaL=1.2011, TeL=1.1624]
Training MLP (info_nce_multi | τ=0.1 | hn=0):  46%|████▌     | 46/100 [06:09<06:56,  7.72s/it, TrL=0.7507, VaL=1.2011, TeL=1.1624]
Training MLP (info_nce_multi | τ=0.1 | hn=0):  46%|████▌     | 46/100 [06:17<06:56,  7.72s/it, TrL=0.7405, VaL=1.2005, TeL=1.1617]
Training MLP (info_nce_multi | τ=0.1 | hn=0):  47%|████▋     | 47/100 [06:17<06:47,  7.68s/it, TrL=0.7405, VaL=1.2005, TeL=1.1617]
Training MLP (info_nce_multi | τ=0.1 | hn=0):  47%|████▋     | 47/100 [06:25<06:47,  7.68s/it, TrL=0.7398, VaL=1.2003, TeL=1.1606]
Training MLP (info_nce_multi | τ=0.1 | hn=0):  48%|████▊     | 48/100 [06:25<06:37,  7.65s/it, TrL=0.7398, VaL=1.2003, TeL=1.1606]
Training MLP (info_nce_multi | τ=0.1 | hn=0):  48%|████▊     | 48/100 [06:32<06:37,  7.65s/it, TrL=0.7372, VaL=1.2007, TeL=1.1605]
Training MLP (info_nce_multi | τ=0.1 | hn=0):  49%|████▉     | 49/100 [06:32<06:28,  7.61s/it, TrL=0.7372, VaL=1.2007, TeL=1.1605]
Training MLP (info_nce_multi | τ=0.1 | hn=0):  49%|████▉     | 49/100 [06:40<06:28,  7.61s/it, TrL=0.7378, VaL=1.2001, TeL=1.1610]
Training MLP (info_nce_multi | τ=0.1 | hn=0):  50%|█████     | 50/100 [06:40<06:20,  7.60s/it, TrL=0.7378, VaL=1.2001, TeL=1.1610]2026-04-05 10:15:41,356 INFO Early stopping triggered at epoch 50
Training MLP (info_nce_multi | τ=0.1 | hn=0):  50%|█████     | 50/100 [06:40<06:40,  8.00s/it, TrL=0.7378, VaL=1.2001, TeL=1.1610]
2026-04-05 10:15:41,365 INFO Strict Checkpoint successfully mapped at: checkpoints/squad/hnm_ablation/alignment_mlp_info_nce_multi_tau_0.1_hnm_0.pth
2026-04-05 10:15:42,248 INFO --> Ensuring info_nce_multi | tau=0.1 | hn_k=4 model is statically trained...
2026-04-05 10:15:42,251 INFO Model missing. Triggering training engine for hn_k=4...
2026-04-05 10:15:42,252 INFO Loading data for squad | Target Loss: info_nce_multi | Target Tau: 0.1 | Target HNM: 4
Training MLP (info_nce_multi | τ=0.1 | hn=4):   0%|          | 0/100 [00:00<?, ?it/s]
Training MLP (info_nce_multi | τ=0.1 | hn=4):   0%|          | 0/100 [00:08<?, ?it/s, TrL=1.4687, VaL=1.2829, TeL=1.2714 ★=best]
Training MLP (info_nce_multi | τ=0.1 | hn=4):   1%|          | 1/100 [00:08<13:12,  8.01s/it, TrL=1.4687, VaL=1.2829, TeL=1.2714 ★=best]
Training MLP (info_nce_multi | τ=0.1 | hn=4):   1%|          | 1/100 [00:16<13:12,  8.01s/it, TrL=1.2765, VaL=1.1794, TeL=1.1601 ★=best]
Training MLP (info_nce_multi | τ=0.1 | hn=4):   2%|▏         | 2/100 [00:16<13:07,  8.04s/it, TrL=1.2765, VaL=1.1794, TeL=1.1601 ★=best]
Training MLP (info_nce_multi | τ=0.1 | hn=4):   2%|▏         | 2/100 [00:23<13:07,  8.04s/it, TrL=1.1854, VaL=1.1202, TeL=1.0976 ★=best]
Training MLP (info_nce_multi | τ=0.1 | hn=4):   3%|▎         | 3/100 [00:23<12:53,  7.97s/it, TrL=1.1854, VaL=1.1202, TeL=1.0976 ★=best]
Training MLP (info_nce_multi | τ=0.1 | hn=4):   3%|▎         | 3/100 [00:31<12:53,  7.97s/it, TrL=1.1277, VaL=1.0842, TeL=1.0601 ★=best]
Training MLP (info_nce_multi | τ=0.1 | hn=4):   4%|▍         | 4/100 [00:31<12:43,  7.95s/it, TrL=1.1277, VaL=1.0842, TeL=1.0601 ★=best]
Training MLP (info_nce_multi | τ=0.1 | hn=4):   4%|▍         | 4/100 [00:39<12:43,  7.95s/it, TrL=1.0825, VaL=1.0585, TeL=1.0324 ★=best]
Training MLP (info_nce_multi | τ=0.1 | hn=4):   5%|▌         | 5/100 [00:39<12:33,  7.93s/it, TrL=1.0825, VaL=1.0585, TeL=1.0324 ★=best]
Training MLP (info_nce_multi | τ=0.1 | hn=4):   5%|▌         | 5/100 [00:47<12:33,  7.93s/it, TrL=1.0474, VaL=1.0398, TeL=1.0132 ★=best]
Training MLP (info_nce_multi | τ=0.1 | hn=4):   6%|▌         | 6/100 [00:47<12:29,  7.98s/it, TrL=1.0474, VaL=1.0398, TeL=1.0132 ★=best]
Training MLP (info_nce_multi | τ=0.1 | hn=4):   6%|▌         | 6/100 [00:55<12:29,  7.98s/it, TrL=1.0193, VaL=1.0272, TeL=0.9987 ★=best]
Training MLP (info_nce_multi | τ=0.1 | hn=4):   7%|▋         | 7/100 [00:55<12:20,  7.96s/it, TrL=1.0193, VaL=1.0272, TeL=0.9987 ★=best]
Training MLP (info_nce_multi | τ=0.1 | hn=4):   7%|▋         | 7/100 [01:03<12:20,  7.96s/it, TrL=0.9915, VaL=1.0170, TeL=0.9887 ★=best]
Training MLP (info_nce_multi | τ=0.1 | hn=4):   8%|▊         | 8/100 [01:03<12:12,  7.96s/it, TrL=0.9915, VaL=1.0170, TeL=0.9887 ★=best]
Training MLP (info_nce_multi | τ=0.1 | hn=4):   8%|▊         | 8/100 [01:11<12:12,  7.96s/it, TrL=0.9712, VaL=1.0081, TeL=0.9773 ★=best]
Training MLP (info_nce_multi | τ=0.1 | hn=4):   9%|▉         | 9/100 [01:11<12:02,  7.94s/it, TrL=0.9712, VaL=1.0081, TeL=0.9773 ★=best]
Training MLP (info_nce_multi | τ=0.1 | hn=4):   9%|▉         | 9/100 [01:19<12:02,  7.94s/it, TrL=0.9495, VaL=1.0007, TeL=0.9712 ★=best]
Training MLP (info_nce_multi | τ=0.1 | hn=4):  10%|█         | 10/100 [01:19<11:56,  7.96s/it, TrL=0.9495, VaL=1.0007, TeL=0.9712 ★=best]
Training MLP (info_nce_multi | τ=0.1 | hn=4):  10%|█         | 10/100 [01:27<11:56,  7.96s/it, TrL=0.9313, VaL=0.9941, TeL=0.9648 ★=best]
Training MLP (info_nce_multi | τ=0.1 | hn=4):  11%|█         | 11/100 [01:27<11:49,  7.97s/it, TrL=0.9313, VaL=0.9941, TeL=0.9648 ★=best]
Training MLP (info_nce_multi | τ=0.1 | hn=4):  11%|█         | 11/100 [01:35<11:49,  7.97s/it, TrL=0.9148, VaL=0.9914, TeL=0.9623 ★=best]
Training MLP (info_nce_multi | τ=0.1 | hn=4):  12%|█▏        | 12/100 [01:35<11:39,  7.95s/it, TrL=0.9148, VaL=0.9914, TeL=0.9623 ★=best]
Training MLP (info_nce_multi | τ=0.1 | hn=4):  12%|█▏        | 12/100 [01:43<11:39,  7.95s/it, TrL=0.8993, VaL=0.9893, TeL=0.9592 ★=best]
Training MLP (info_nce_multi | τ=0.1 | hn=4):  13%|█▎        | 13/100 [01:43<11:30,  7.93s/it, TrL=0.8993, VaL=0.9893, TeL=0.9592 ★=best]
Training MLP (info_nce_multi | τ=0.1 | hn=4):  13%|█▎        | 13/100 [01:51<11:30,  7.93s/it, TrL=0.8876, VaL=0.9890, TeL=0.9576 ★=best]
Training MLP (info_nce_multi | τ=0.1 | hn=4):  14%|█▍        | 14/100 [01:51<11:20,  7.91s/it, TrL=0.8876, VaL=0.9890, TeL=0.9576 ★=best]
Training MLP (info_nce_multi | τ=0.1 | hn=4):  14%|█▍        | 14/100 [01:59<11:20,  7.91s/it, TrL=0.8758, VaL=0.9903, TeL=0.9595]
Training MLP (info_nce_multi | τ=0.1 | hn=4):  15%|█▌        | 15/100 [01:59<11:14,  7.93s/it, TrL=0.8758, VaL=0.9903, TeL=0.9595]
Training MLP (info_nce_multi | τ=0.1 | hn=4):  15%|█▌        | 15/100 [02:07<11:14,  7.93s/it, TrL=0.8606, VaL=0.9867, TeL=0.9551 ★=best]
Training MLP (info_nce_multi | τ=0.1 | hn=4):  16%|█▌        | 16/100 [02:07<11:08,  7.96s/it, TrL=0.8606, VaL=0.9867, TeL=0.9551 ★=best]
Training MLP (info_nce_multi | τ=0.1 | hn=4):  16%|█▌        | 16/100 [02:15<11:08,  7.96s/it, TrL=0.8512, VaL=0.9865, TeL=0.9554 ★=best]
Training MLP (info_nce_multi | τ=0.1 | hn=4):  17%|█▋        | 17/100 [02:15<10:58,  7.94s/it, TrL=0.8512, VaL=0.9865, TeL=0.9554 ★=best]
Training MLP (info_nce_multi | τ=0.1 | hn=4):  17%|█▋        | 17/100 [02:23<10:58,  7.94s/it, TrL=0.8391, VaL=0.9855, TeL=0.9533 ★=best]
Training MLP (info_nce_multi | τ=0.1 | hn=4):  18%|█▊        | 18/100 [02:23<10:51,  7.95s/it, TrL=0.8391, VaL=0.9855, TeL=0.9533 ★=best]
Training MLP (info_nce_multi | τ=0.1 | hn=4):  18%|█▊        | 18/100 [02:31<10:51,  7.95s/it, TrL=0.8310, VaL=0.9841, TeL=0.9517 ★=best]
Training MLP (info_nce_multi | τ=0.1 | hn=4):  19%|█▉        | 19/100 [02:31<10:42,  7.93s/it, TrL=0.8310, VaL=0.9841, TeL=0.9517 ★=best]
Training MLP (info_nce_multi | τ=0.1 | hn=4):  19%|█▉        | 19/100 [02:39<10:42,  7.93s/it, TrL=0.8214, VaL=0.9867, TeL=0.9541]
Training MLP (info_nce_multi | τ=0.1 | hn=4):  20%|██        | 20/100 [02:39<10:36,  7.95s/it, TrL=0.8214, VaL=0.9867, TeL=0.9541]
Training MLP (info_nce_multi | τ=0.1 | hn=4):  20%|██        | 20/100 [02:46<10:36,  7.95s/it, TrL=0.8127, VaL=0.9878, TeL=0.9580]
Training MLP (info_nce_multi | τ=0.1 | hn=4):  21%|██        | 21/100 [02:46<10:27,  7.95s/it, TrL=0.8127, VaL=0.9878, TeL=0.9580]
Training MLP (info_nce_multi | τ=0.1 | hn=4):  21%|██        | 21/100 [02:54<10:27,  7.95s/it, TrL=0.8040, VaL=0.9875, TeL=0.9565]
Training MLP (info_nce_multi | τ=0.1 | hn=4):  22%|██▏       | 22/100 [02:54<10:19,  7.94s/it, TrL=0.8040, VaL=0.9875, TeL=0.9565]
Training MLP (info_nce_multi | τ=0.1 | hn=4):  22%|██▏       | 22/100 [03:02<10:19,  7.94s/it, TrL=0.7972, VaL=0.9862, TeL=0.9548]
Training MLP (info_nce_multi | τ=0.1 | hn=4):  23%|██▎       | 23/100 [03:02<10:10,  7.93s/it, TrL=0.7972, VaL=0.9862, TeL=0.9548]
Training MLP (info_nce_multi | τ=0.1 | hn=4):  23%|██▎       | 23/100 [03:10<10:10,  7.93s/it, TrL=0.7856, VaL=0.9940, TeL=0.9591]
Training MLP (info_nce_multi | τ=0.1 | hn=4):  24%|██▍       | 24/100 [03:10<10:02,  7.93s/it, TrL=0.7856, VaL=0.9940, TeL=0.9591]
Training MLP (info_nce_multi | τ=0.1 | hn=4):  24%|██▍       | 24/100 [03:18<10:02,  7.93s/it, TrL=0.7816, VaL=0.9943, TeL=0.9621]
Training MLP (info_nce_multi | τ=0.1 | hn=4):  25%|██▌       | 25/100 [03:18<09:53,  7.92s/it, TrL=0.7816, VaL=0.9943, TeL=0.9621]
Training MLP (info_nce_multi | τ=0.1 | hn=4):  25%|██▌       | 25/100 [03:26<09:53,  7.92s/it, TrL=0.7762, VaL=0.9995, TeL=0.9633]
Training MLP (info_nce_multi | τ=0.1 | hn=4):  26%|██▌       | 26/100 [03:26<09:44,  7.90s/it, TrL=0.7762, VaL=0.9995, TeL=0.9633]
Training MLP (info_nce_multi | τ=0.1 | hn=4):  26%|██▌       | 26/100 [03:34<09:44,  7.90s/it, TrL=0.7659, VaL=0.9988, TeL=0.9664]
Training MLP (info_nce_multi | τ=0.1 | hn=4):  27%|██▋       | 27/100 [03:34<09:37,  7.92s/it, TrL=0.7659, VaL=0.9988, TeL=0.9664]
Training MLP (info_nce_multi | τ=0.1 | hn=4):  27%|██▋       | 27/100 [03:42<09:37,  7.92s/it, TrL=0.7403, VaL=1.0011, TeL=0.9656]
Training MLP (info_nce_multi | τ=0.1 | hn=4):  28%|██▊       | 28/100 [03:42<09:30,  7.92s/it, TrL=0.7403, VaL=1.0011, TeL=0.9656]
Training MLP (info_nce_multi | τ=0.1 | hn=4):  28%|██▊       | 28/100 [03:50<09:30,  7.92s/it, TrL=0.7314, VaL=1.0104, TeL=0.9765]
Training MLP (info_nce_multi | τ=0.1 | hn=4):  29%|██▉       | 29/100 [03:50<09:20,  7.89s/it, TrL=0.7314, VaL=1.0104, TeL=0.9765]
Training MLP (info_nce_multi | τ=0.1 | hn=4):  29%|██▉       | 29/100 [03:58<09:20,  7.89s/it, TrL=0.7261, VaL=1.0069, TeL=0.9727]
Training MLP (info_nce_multi | τ=0.1 | hn=4):  30%|███       | 30/100 [03:58<09:13,  7.91s/it, TrL=0.7261, VaL=1.0069, TeL=0.9727]
Training MLP (info_nce_multi | τ=0.1 | hn=4):  30%|███       | 30/100 [04:06<09:13,  7.91s/it, TrL=0.7212, VaL=1.0112, TeL=0.9746]
Training MLP (info_nce_multi | τ=0.1 | hn=4):  31%|███       | 31/100 [04:06<09:15,  8.05s/it, TrL=0.7212, VaL=1.0112, TeL=0.9746]
Training MLP (info_nce_multi | τ=0.1 | hn=4):  31%|███       | 31/100 [04:16<09:15,  8.05s/it, TrL=0.7157, VaL=1.0085, TeL=0.9743]
Training MLP (info_nce_multi | τ=0.1 | hn=4):  32%|███▏      | 32/100 [04:16<09:43,  8.58s/it, TrL=0.7157, VaL=1.0085, TeL=0.9743]
Training MLP (info_nce_multi | τ=0.1 | hn=4):  32%|███▏      | 32/100 [04:25<09:43,  8.58s/it, TrL=0.7140, VaL=1.0114, TeL=0.9777]
Training MLP (info_nce_multi | τ=0.1 | hn=4):  33%|███▎      | 33/100 [04:25<09:40,  8.67s/it, TrL=0.7140, VaL=1.0114, TeL=0.9777]
Training MLP (info_nce_multi | τ=0.1 | hn=4):  33%|███▎      | 33/100 [04:33<09:40,  8.67s/it, TrL=0.7085, VaL=1.0163, TeL=0.9810]
Training MLP (info_nce_multi | τ=0.1 | hn=4):  34%|███▍      | 34/100 [04:33<09:21,  8.51s/it, TrL=0.7085, VaL=1.0163, TeL=0.9810]
Training MLP (info_nce_multi | τ=0.1 | hn=4):  34%|███▍      | 34/100 [04:41<09:21,  8.51s/it, TrL=0.7050, VaL=1.0172, TeL=0.9820]
Training MLP (info_nce_multi | τ=0.1 | hn=4):  35%|███▌      | 35/100 [04:41<09:02,  8.34s/it, TrL=0.7050, VaL=1.0172, TeL=0.9820]
Training MLP (info_nce_multi | τ=0.1 | hn=4):  35%|███▌      | 35/100 [04:49<09:02,  8.34s/it, TrL=0.6928, VaL=1.0207, TeL=0.9850]
Training MLP (info_nce_multi | τ=0.1 | hn=4):  36%|███▌      | 36/100 [04:49<08:48,  8.26s/it, TrL=0.6928, VaL=1.0207, TeL=0.9850]
Training MLP (info_nce_multi | τ=0.1 | hn=4):  36%|███▌      | 36/100 [04:57<08:48,  8.26s/it, TrL=0.6891, VaL=1.0222, TeL=0.9876]
Training MLP (info_nce_multi | τ=0.1 | hn=4):  37%|███▋      | 37/100 [04:57<08:40,  8.26s/it, TrL=0.6891, VaL=1.0222, TeL=0.9876]
Training MLP (info_nce_multi | τ=0.1 | hn=4):  37%|███▋      | 37/100 [05:05<08:40,  8.26s/it, TrL=0.6839, VaL=1.0251, TeL=0.9903]
Training MLP (info_nce_multi | τ=0.1 | hn=4):  38%|███▊      | 38/100 [05:05<08:30,  8.24s/it, TrL=0.6839, VaL=1.0251, TeL=0.9903]
Training MLP (info_nce_multi | τ=0.1 | hn=4):  38%|███▊      | 38/100 [05:13<08:30,  8.24s/it, TrL=0.6828, VaL=1.0254, TeL=0.9904]
Training MLP (info_nce_multi | τ=0.1 | hn=4):  39%|███▉      | 39/100 [05:13<08:19,  8.18s/it, TrL=0.6828, VaL=1.0254, TeL=0.9904]2026-04-05 10:20:56,106 INFO Early stopping triggered at epoch 39
Training MLP (info_nce_multi | τ=0.1 | hn=4):  39%|███▉      | 39/100 [05:13<08:10,  8.05s/it, TrL=0.6828, VaL=1.0254, TeL=0.9904]
2026-04-05 10:20:56,115 INFO Strict Checkpoint successfully mapped at: checkpoints/squad/hnm_ablation/alignment_mlp_info_nce_multi_tau_0.1_hnm_4.pth
2026-04-05 10:20:56,872 INFO --> Ensuring info_nce_multi | tau=0.1 | hn_k=9 model is statically trained...
2026-04-05 10:20:56,873 INFO Model missing. Triggering training engine for hn_k=9...
2026-04-05 10:20:56,874 INFO Loading data for squad | Target Loss: info_nce_multi | Target Tau: 0.1 | Target HNM: 9
Training MLP (info_nce_multi | τ=0.1 | hn=9):   0%|          | 0/100 [00:00<?, ?it/s]
Training MLP (info_nce_multi | τ=0.1 | hn=9):   0%|          | 0/100 [00:07<?, ?it/s, TrL=1.7876, VaL=1.5019, TeL=1.4767 ★=best]
Training MLP (info_nce_multi | τ=0.1 | hn=9):   1%|          | 1/100 [00:07<13:06,  7.94s/it, TrL=1.7876, VaL=1.5019, TeL=1.4767 ★=best]
Training MLP (info_nce_multi | τ=0.1 | hn=9):   1%|          | 1/100 [00:15<13:06,  7.94s/it, TrL=1.4986, VaL=1.3804, TeL=1.3497 ★=best]
Training MLP (info_nce_multi | τ=0.1 | hn=9):   2%|▏         | 2/100 [00:15<13:04,  8.01s/it, TrL=1.4986, VaL=1.3804, TeL=1.3497 ★=best]
Training MLP (info_nce_multi | τ=0.1 | hn=9):   2%|▏         | 2/100 [00:23<13:04,  8.01s/it, TrL=1.3826, VaL=1.3159, TeL=1.2823 ★=best]
Training MLP (info_nce_multi | τ=0.1 | hn=9):   3%|▎         | 3/100 [00:23<12:53,  7.97s/it, TrL=1.3826, VaL=1.3159, TeL=1.2823 ★=best]
Training MLP (info_nce_multi | τ=0.1 | hn=9):   3%|▎         | 3/100 [00:31<12:53,  7.97s/it, TrL=1.3124, VaL=1.2751, TeL=1.2420 ★=best]
Training MLP (info_nce_multi | τ=0.1 | hn=9):   4%|▍         | 4/100 [00:31<12:44,  7.96s/it, TrL=1.3124, VaL=1.2751, TeL=1.2420 ★=best]
Training MLP (info_nce_multi | τ=0.1 | hn=9):   4%|▍         | 4/100 [00:39<12:44,  7.96s/it, TrL=1.2574, VaL=1.2403, TeL=1.2078 ★=best]
Training MLP (info_nce_multi | τ=0.1 | hn=9):   5%|▌         | 5/100 [00:39<12:38,  7.98s/it, TrL=1.2574, VaL=1.2403, TeL=1.2078 ★=best]
Training MLP (info_nce_multi | τ=0.1 | hn=9):   5%|▌         | 5/100 [00:47<12:38,  7.98s/it, TrL=1.2128, VaL=1.2209, TeL=1.1847 ★=best]
Training MLP (info_nce_multi | τ=0.1 | hn=9):   6%|▌         | 6/100 [00:47<12:29,  7.98s/it, TrL=1.2128, VaL=1.2209, TeL=1.1847 ★=best]
Training MLP (info_nce_multi | τ=0.1 | hn=9):   6%|▌         | 6/100 [00:55<12:29,  7.98s/it, TrL=1.1740, VaL=1.2038, TeL=1.1688 ★=best]
Training MLP (info_nce_multi | τ=0.1 | hn=9):   7%|▋         | 7/100 [00:55<12:20,  7.96s/it, TrL=1.1740, VaL=1.2038, TeL=1.1688 ★=best]
Training MLP (info_nce_multi | τ=0.1 | hn=9):   7%|▋         | 7/100 [01:05<12:20,  7.96s/it, TrL=1.1409, VaL=1.1887, TeL=1.1527 ★=best]
Training MLP (info_nce_multi | τ=0.1 | hn=9):   8%|▊         | 8/100 [01:05<13:07,  8.56s/it, TrL=1.1409, VaL=1.1887, TeL=1.1527 ★=best]
Training MLP (info_nce_multi | τ=0.1 | hn=9):   8%|▊         | 8/100 [01:14<13:07,  8.56s/it, TrL=1.1140, VaL=1.1801, TeL=1.1452 ★=best]
Training MLP (info_nce_multi | τ=0.1 | hn=9):   9%|▉         | 9/100 [01:14<13:11,  8.69s/it, TrL=1.1140, VaL=1.1801, TeL=1.1452 ★=best]
Training MLP (info_nce_multi | τ=0.1 | hn=9):   9%|▉         | 9/100 [01:25<13:11,  8.69s/it, TrL=1.0864, VaL=1.1712, TeL=1.1333 ★=best]
Training MLP (info_nce_multi | τ=0.1 | hn=9):  10%|█         | 10/100 [01:25<13:53,  9.26s/it, TrL=1.0864, VaL=1.1712, TeL=1.1333 ★=best]
Training MLP (info_nce_multi | τ=0.1 | hn=9):  10%|█         | 10/100 [01:33<13:53,  9.26s/it, TrL=1.0620, VaL=1.1665, TeL=1.1297 ★=best]
Training MLP (info_nce_multi | τ=0.1 | hn=9):  11%|█         | 11/100 [01:33<13:11,  8.90s/it, TrL=1.0620, VaL=1.1665, TeL=1.1297 ★=best]
Training MLP (info_nce_multi | τ=0.1 | hn=9):  11%|█         | 11/100 [01:41<13:11,  8.90s/it, TrL=1.0374, VaL=1.1633, TeL=1.1253 ★=best]
Training MLP (info_nce_multi | τ=0.1 | hn=9):  12%|█▏        | 12/100 [01:41<12:49,  8.75s/it, TrL=1.0374, VaL=1.1633, TeL=1.1253 ★=best]
Training MLP (info_nce_multi | τ=0.1 | hn=9):  12%|█▏        | 12/100 [01:49<12:49,  8.75s/it, TrL=1.0212, VaL=1.1604, TeL=1.1236 ★=best]
Training MLP (info_nce_multi | τ=0.1 | hn=9):  13%|█▎        | 13/100 [01:49<12:22,  8.53s/it, TrL=1.0212, VaL=1.1604, TeL=1.1236 ★=best]
Training MLP (info_nce_multi | τ=0.1 | hn=9):  13%|█▎        | 13/100 [01:58<12:22,  8.53s/it, TrL=1.0023, VaL=1.1607, TeL=1.1205]
Training MLP (info_nce_multi | τ=0.1 | hn=9):  14%|█▍        | 14/100 [01:58<12:23,  8.65s/it, TrL=1.0023, VaL=1.1607, TeL=1.1205]
Training MLP (info_nce_multi | τ=0.1 | hn=9):  14%|█▍        | 14/100 [02:06<12:23,  8.65s/it, TrL=0.9854, VaL=1.1566, TeL=1.1140 ★=best]
Training MLP (info_nce_multi | τ=0.1 | hn=9):  15%|█▌        | 15/100 [02:06<11:59,  8.46s/it, TrL=0.9854, VaL=1.1566, TeL=1.1140 ★=best]
Training MLP (info_nce_multi | τ=0.1 | hn=9):  15%|█▌        | 15/100 [02:14<11:59,  8.46s/it, TrL=0.9717, VaL=1.1565, TeL=1.1172 ★=best]
Training MLP (info_nce_multi | τ=0.1 | hn=9):  16%|█▌        | 16/100 [02:14<11:44,  8.38s/it, TrL=0.9717, VaL=1.1565, TeL=1.1172 ★=best]
Training MLP (info_nce_multi | τ=0.1 | hn=9):  16%|█▌        | 16/100 [02:23<11:44,  8.38s/it, TrL=0.9597, VaL=1.1539, TeL=1.1157 ★=best]
Training MLP (info_nce_multi | τ=0.1 | hn=9):  17%|█▋        | 17/100 [02:23<11:44,  8.49s/it, TrL=0.9597, VaL=1.1539, TeL=1.1157 ★=best]
Training MLP (info_nce_multi | τ=0.1 | hn=9):  17%|█▋        | 17/100 [02:31<11:44,  8.49s/it, TrL=0.9424, VaL=1.1579, TeL=1.1192]
Training MLP (info_nce_multi | τ=0.1 | hn=9):  18%|█▊        | 18/100 [02:31<11:30,  8.42s/it, TrL=0.9424, VaL=1.1579, TeL=1.1192]
Training MLP (info_nce_multi | τ=0.1 | hn=9):  18%|█▊        | 18/100 [02:39<11:30,  8.42s/it, TrL=0.9293, VaL=1.1576, TeL=1.1189]
Training MLP (info_nce_multi | τ=0.1 | hn=9):  19%|█▉        | 19/100 [02:39<11:11,  8.28s/it, TrL=0.9293, VaL=1.1576, TeL=1.1189]
Training MLP (info_nce_multi | τ=0.1 | hn=9):  19%|█▉        | 19/100 [02:47<11:11,  8.28s/it, TrL=0.9140, VaL=1.1628, TeL=1.1185]
Training MLP (info_nce_multi | τ=0.1 | hn=9):  20%|██        | 20/100 [02:47<10:59,  8.24s/it, TrL=0.9140, VaL=1.1628, TeL=1.1185]
Training MLP (info_nce_multi | τ=0.1 | hn=9):  20%|██        | 20/100 [02:55<10:59,  8.24s/it, TrL=0.9073, VaL=1.1614, TeL=1.1194]
Training MLP (info_nce_multi | τ=0.1 | hn=9):  21%|██        | 21/100 [02:55<10:45,  8.17s/it, TrL=0.9073, VaL=1.1614, TeL=1.1194]
Training MLP (info_nce_multi | τ=0.1 | hn=9):  21%|██        | 21/100 [03:03<10:45,  8.17s/it, TrL=0.8998, VaL=1.1565, TeL=1.1163]
Training MLP (info_nce_multi | τ=0.1 | hn=9):  22%|██▏       | 22/100 [03:03<10:33,  8.12s/it, TrL=0.8998, VaL=1.1565, TeL=1.1163]
Training MLP (info_nce_multi | τ=0.1 | hn=9):  22%|██▏       | 22/100 [03:11<10:33,  8.12s/it, TrL=0.8888, VaL=1.1612, TeL=1.1178]
Training MLP (info_nce_multi | τ=0.1 | hn=9):  23%|██▎       | 23/100 [03:11<10:21,  8.07s/it, TrL=0.8888, VaL=1.1612, TeL=1.1178]
Training MLP (info_nce_multi | τ=0.1 | hn=9):  23%|██▎       | 23/100 [03:19<10:21,  8.07s/it, TrL=0.8814, VaL=1.1630, TeL=1.1192]
Training MLP (info_nce_multi | τ=0.1 | hn=9):  24%|██▍       | 24/100 [03:19<10:11,  8.05s/it, TrL=0.8814, VaL=1.1630, TeL=1.1192]
Training MLP (info_nce_multi | τ=0.1 | hn=9):  24%|██▍       | 24/100 [03:27<10:11,  8.05s/it, TrL=0.8705, VaL=1.1673, TeL=1.1203]
Training MLP (info_nce_multi | τ=0.1 | hn=9):  25%|██▌       | 25/100 [03:27<10:02,  8.03s/it, TrL=0.8705, VaL=1.1673, TeL=1.1203]
Training MLP (info_nce_multi | τ=0.1 | hn=9):  25%|██▌       | 25/100 [03:35<10:02,  8.03s/it, TrL=0.8364, VaL=1.1645, TeL=1.1174]
Training MLP (info_nce_multi | τ=0.1 | hn=9):  26%|██▌       | 26/100 [03:35<09:53,  8.02s/it, TrL=0.8364, VaL=1.1645, TeL=1.1174]
Training MLP (info_nce_multi | τ=0.1 | hn=9):  26%|██▌       | 26/100 [03:43<09:53,  8.02s/it, TrL=0.8214, VaL=1.1668, TeL=1.1208]
Training MLP (info_nce_multi | τ=0.1 | hn=9):  27%|██▋       | 27/100 [03:43<09:44,  8.01s/it, TrL=0.8214, VaL=1.1668, TeL=1.1208]
Training MLP (info_nce_multi | τ=0.1 | hn=9):  27%|██▋       | 27/100 [03:51<09:44,  8.01s/it, TrL=0.8171, VaL=1.1685, TeL=1.1223]
Training MLP (info_nce_multi | τ=0.1 | hn=9):  28%|██▊       | 28/100 [03:51<09:38,  8.03s/it, TrL=0.8171, VaL=1.1685, TeL=1.1223]
Training MLP (info_nce_multi | τ=0.1 | hn=9):  28%|██▊       | 28/100 [03:59<09:38,  8.03s/it, TrL=0.8124, VaL=1.1689, TeL=1.1241]
Training MLP (info_nce_multi | τ=0.1 | hn=9):  29%|██▉       | 29/100 [03:59<09:26,  7.98s/it, TrL=0.8124, VaL=1.1689, TeL=1.1241]
Training MLP (info_nce_multi | τ=0.1 | hn=9):  29%|██▉       | 29/100 [04:07<09:26,  7.98s/it, TrL=0.8052, VaL=1.1706, TeL=1.1270]
Training MLP (info_nce_multi | τ=0.1 | hn=9):  30%|███       | 30/100 [04:07<09:18,  7.97s/it, TrL=0.8052, VaL=1.1706, TeL=1.1270]
Training MLP (info_nce_multi | τ=0.1 | hn=9):  30%|███       | 30/100 [04:15<09:18,  7.97s/it, TrL=0.7983, VaL=1.1693, TeL=1.1265]
Training MLP (info_nce_multi | τ=0.1 | hn=9):  31%|███       | 31/100 [04:15<09:09,  7.97s/it, TrL=0.7983, VaL=1.1693, TeL=1.1265]
Training MLP (info_nce_multi | τ=0.1 | hn=9):  31%|███       | 31/100 [04:23<09:09,  7.97s/it, TrL=0.7965, VaL=1.1726, TeL=1.1269]
Training MLP (info_nce_multi | τ=0.1 | hn=9):  32%|███▏      | 32/100 [04:23<09:05,  8.03s/it, TrL=0.7965, VaL=1.1726, TeL=1.1269]
Training MLP (info_nce_multi | τ=0.1 | hn=9):  32%|███▏      | 32/100 [04:33<09:05,  8.03s/it, TrL=0.7926, VaL=1.1728, TeL=1.1282]
Training MLP (info_nce_multi | τ=0.1 | hn=9):  33%|███▎      | 33/100 [04:33<09:21,  8.37s/it, TrL=0.7926, VaL=1.1728, TeL=1.1282]
Training MLP (info_nce_multi | τ=0.1 | hn=9):  33%|███▎      | 33/100 [04:41<09:21,  8.37s/it, TrL=0.7756, VaL=1.1731, TeL=1.1272]
Training MLP (info_nce_multi | τ=0.1 | hn=9):  34%|███▍      | 34/100 [04:41<09:05,  8.27s/it, TrL=0.7756, VaL=1.1731, TeL=1.1272]
Training MLP (info_nce_multi | τ=0.1 | hn=9):  34%|███▍      | 34/100 [04:49<09:05,  8.27s/it, TrL=0.7670, VaL=1.1735, TeL=1.1278]
Training MLP (info_nce_multi | τ=0.1 | hn=9):  35%|███▌      | 35/100 [04:49<08:59,  8.29s/it, TrL=0.7670, VaL=1.1735, TeL=1.1278]
Training MLP (info_nce_multi | τ=0.1 | hn=9):  35%|███▌      | 35/100 [04:57<08:59,  8.29s/it, TrL=0.7688, VaL=1.1766, TeL=1.1311]
Training MLP (info_nce_multi | τ=0.1 | hn=9):  36%|███▌      | 36/100 [04:57<08:46,  8.23s/it, TrL=0.7688, VaL=1.1766, TeL=1.1311]
Training MLP (info_nce_multi | τ=0.1 | hn=9):  36%|███▌      | 36/100 [05:05<08:46,  8.23s/it, TrL=0.7632, VaL=1.1763, TeL=1.1322]
Training MLP (info_nce_multi | τ=0.1 | hn=9):  37%|███▋      | 37/100 [05:05<08:36,  8.19s/it, TrL=0.7632, VaL=1.1763, TeL=1.1322]2026-04-05 10:26:02,491 INFO Early stopping triggered at epoch 37
Training MLP (info_nce_multi | τ=0.1 | hn=9):  37%|███▋      | 37/100 [05:05<08:40,  8.26s/it, TrL=0.7632, VaL=1.1763, TeL=1.1322]
2026-04-05 10:26:02,498 INFO Strict Checkpoint successfully mapped at: checkpoints/squad/hnm_ablation/alignment_mlp_info_nce_multi_tau_0.1_hnm_9.pth
2026-04-05 10:26:03,306 INFO --> Ensuring info_nce_multi | tau=0.1 | hn_k=13 model is statically trained...
2026-04-05 10:26:03,307 INFO Model missing. Triggering training engine for hn_k=13...
2026-04-05 10:26:03,308 INFO Loading data for squad | Target Loss: info_nce_multi | Target Tau: 0.1 | Target HNM: 13
Training MLP (info_nce_multi | τ=0.1 | hn=13):   0%|          | 0/100 [00:00<?, ?it/s]
Training MLP (info_nce_multi | τ=0.1 | hn=13):   0%|          | 0/100 [00:08<?, ?it/s, TrL=1.8725, VaL=1.5776, TeL=1.5538 ★=best]
Training MLP (info_nce_multi | τ=0.1 | hn=13):   1%|          | 1/100 [00:08<13:12,  8.01s/it, TrL=1.8725, VaL=1.5776, TeL=1.5538 ★=best]
Training MLP (info_nce_multi | τ=0.1 | hn=13):   1%|          | 1/100 [00:15<13:12,  8.01s/it, TrL=1.5615, VaL=1.4433, TeL=1.4147 ★=best]
Training MLP (info_nce_multi | τ=0.1 | hn=13):   2%|▏         | 2/100 [00:15<13:00,  7.96s/it, TrL=1.5615, VaL=1.4433, TeL=1.4147 ★=best]
Training MLP (info_nce_multi | τ=0.1 | hn=13):   2%|▏         | 2/100 [00:23<13:00,  7.96s/it, TrL=1.4480, VaL=1.3707, TeL=1.3399 ★=best]
Training MLP (info_nce_multi | τ=0.1 | hn=13):   3%|▎         | 3/100 [00:23<12:53,  7.98s/it, TrL=1.4480, VaL=1.3707, TeL=1.3399 ★=best]
Training MLP (info_nce_multi | τ=0.1 | hn=13):   3%|▎         | 3/100 [00:31<12:53,  7.98s/it, TrL=1.3667, VaL=1.3208, TeL=1.2942 ★=best]
Training MLP (info_nce_multi | τ=0.1 | hn=13):   4%|▍         | 4/100 [00:31<12:45,  7.97s/it, TrL=1.3667, VaL=1.3208, TeL=1.2942 ★=best]
Training MLP (info_nce_multi | τ=0.1 | hn=13):   4%|▍         | 4/100 [00:40<12:45,  7.97s/it, TrL=1.3082, VaL=1.2906, TeL=1.2592 ★=best]
Training MLP (info_nce_multi | τ=0.1 | hn=13):   5%|▌         | 5/100 [00:40<12:51,  8.12s/it, TrL=1.3082, VaL=1.2906, TeL=1.2592 ★=best]
Training MLP (info_nce_multi | τ=0.1 | hn=13):   5%|▌         | 5/100 [00:48<12:51,  8.12s/it, TrL=1.2580, VaL=1.2628, TeL=1.2348 ★=best]
Training MLP (info_nce_multi | τ=0.1 | hn=13):   6%|▌         | 6/100 [00:48<12:43,  8.12s/it, TrL=1.2580, VaL=1.2628, TeL=1.2348 ★=best]
Training MLP (info_nce_multi | τ=0.1 | hn=13):   6%|▌         | 6/100 [00:56<12:43,  8.12s/it, TrL=1.2156, VaL=1.2409, TeL=1.2124 ★=best]
Training MLP (info_nce_multi | τ=0.1 | hn=13):   7%|▋         | 7/100 [00:56<12:38,  8.15s/it, TrL=1.2156, VaL=1.2409, TeL=1.2124 ★=best]
Training MLP (info_nce_multi | τ=0.1 | hn=13):   7%|▋         | 7/100 [01:04<12:38,  8.15s/it, TrL=1.1795, VaL=1.2284, TeL=1.2014 ★=best]
Training MLP (info_nce_multi | τ=0.1 | hn=13):   8%|▊         | 8/100 [01:04<12:31,  8.17s/it, TrL=1.1795, VaL=1.2284, TeL=1.2014 ★=best]
Training MLP (info_nce_multi | τ=0.1 | hn=13):   8%|▊         | 8/100 [01:14<12:31,  8.17s/it, TrL=1.1506, VaL=1.2169, TeL=1.1886 ★=best]
Training MLP (info_nce_multi | τ=0.1 | hn=13):   9%|▉         | 9/100 [01:14<13:05,  8.64s/it, TrL=1.1506, VaL=1.2169, TeL=1.1886 ★=best]
Training MLP (info_nce_multi | τ=0.1 | hn=13):   9%|▉         | 9/100 [01:22<13:05,  8.64s/it, TrL=1.1207, VaL=1.2101, TeL=1.1794 ★=best]
Training MLP (info_nce_multi | τ=0.1 | hn=13):  10%|█         | 10/100 [01:22<12:47,  8.53s/it, TrL=1.1207, VaL=1.2101, TeL=1.1794 ★=best]
Training MLP (info_nce_multi | τ=0.1 | hn=13):  10%|█         | 10/100 [01:30<12:47,  8.53s/it, TrL=1.0960, VaL=1.2074, TeL=1.1796 ★=best]
Training MLP (info_nce_multi | τ=0.1 | hn=13):  11%|█         | 11/100 [01:30<12:28,  8.41s/it, TrL=1.0960, VaL=1.2074, TeL=1.1796 ★=best]
Training MLP (info_nce_multi | τ=0.1 | hn=13):  11%|█         | 11/100 [01:39<12:28,  8.41s/it, TrL=1.0681, VaL=1.1971, TeL=1.1690 ★=best]
Training MLP (info_nce_multi | τ=0.1 | hn=13):  12%|█▏        | 12/100 [01:39<12:14,  8.35s/it, TrL=1.0681, VaL=1.1971, TeL=1.1690 ★=best]
Training MLP (info_nce_multi | τ=0.1 | hn=13):  12%|█▏        | 12/100 [01:47<12:14,  8.35s/it, TrL=1.0469, VaL=1.1935, TeL=1.1655 ★=best]
Training MLP (info_nce_multi | τ=0.1 | hn=13):  13%|█▎        | 13/100 [01:47<12:01,  8.29s/it, TrL=1.0469, VaL=1.1935, TeL=1.1655 ★=best]
Training MLP (info_nce_multi | τ=0.1 | hn=13):  13%|█▎        | 13/100 [01:55<12:01,  8.29s/it, TrL=1.0330, VaL=1.1919, TeL=1.1620 ★=best]
Training MLP (info_nce_multi | τ=0.1 | hn=13):  14%|█▍        | 14/100 [01:55<11:49,  8.25s/it, TrL=1.0330, VaL=1.1919, TeL=1.1620 ★=best]
Training MLP (info_nce_multi | τ=0.1 | hn=13):  14%|█▍        | 14/100 [02:03<11:49,  8.25s/it, TrL=1.0128, VaL=1.1916, TeL=1.1625 ★=best]
Training MLP (info_nce_multi | τ=0.1 | hn=13):  15%|█▌        | 15/100 [02:03<11:41,  8.25s/it, TrL=1.0128, VaL=1.1916, TeL=1.1625 ★=best]
Training MLP (info_nce_multi | τ=0.1 | hn=13):  15%|█▌        | 15/100 [02:11<11:41,  8.25s/it, TrL=0.9978, VaL=1.1877, TeL=1.1533 ★=best]
Training MLP (info_nce_multi | τ=0.1 | hn=13):  16%|█▌        | 16/100 [02:11<11:29,  8.21s/it, TrL=0.9978, VaL=1.1877, TeL=1.1533 ★=best]
Training MLP (info_nce_multi | τ=0.1 | hn=13):  16%|█▌        | 16/100 [02:19<11:29,  8.21s/it, TrL=0.9847, VaL=1.1906, TeL=1.1607]
Training MLP (info_nce_multi | τ=0.1 | hn=13):  17%|█▋        | 17/100 [02:19<11:19,  8.18s/it, TrL=0.9847, VaL=1.1906, TeL=1.1607]
Training MLP (info_nce_multi | τ=0.1 | hn=13):  17%|█▋        | 17/100 [02:28<11:19,  8.18s/it, TrL=0.9686, VaL=1.1832, TeL=1.1535 ★=best]
Training MLP (info_nce_multi | τ=0.1 | hn=13):  18%|█▊        | 18/100 [02:28<11:10,  8.18s/it, TrL=0.9686, VaL=1.1832, TeL=1.1535 ★=best]
Training MLP (info_nce_multi | τ=0.1 | hn=13):  18%|█▊        | 18/100 [02:36<11:10,  8.18s/it, TrL=0.9566, VaL=1.1807, TeL=1.1518 ★=best]
Training MLP (info_nce_multi | τ=0.1 | hn=13):  19%|█▉        | 19/100 [02:36<11:00,  8.15s/it, TrL=0.9566, VaL=1.1807, TeL=1.1518 ★=best]
Training MLP (info_nce_multi | τ=0.1 | hn=13):  19%|█▉        | 19/100 [02:44<11:00,  8.15s/it, TrL=0.9384, VaL=1.1867, TeL=1.1568]
Training MLP (info_nce_multi | τ=0.1 | hn=13):  20%|██        | 20/100 [02:44<10:51,  8.14s/it, TrL=0.9384, VaL=1.1867, TeL=1.1568]
Training MLP (info_nce_multi | τ=0.1 | hn=13):  20%|██        | 20/100 [02:52<10:51,  8.14s/it, TrL=0.9303, VaL=1.1826, TeL=1.1514]
Training MLP (info_nce_multi | τ=0.1 | hn=13):  21%|██        | 21/100 [02:52<10:43,  8.14s/it, TrL=0.9303, VaL=1.1826, TeL=1.1514]
Training MLP (info_nce_multi | τ=0.1 | hn=13):  21%|██        | 21/100 [03:00<10:43,  8.14s/it, TrL=0.9208, VaL=1.1911, TeL=1.1580]
Training MLP (info_nce_multi | τ=0.1 | hn=13):  22%|██▏       | 22/100 [03:00<10:35,  8.14s/it, TrL=0.9208, VaL=1.1911, TeL=1.1580]
Training MLP (info_nce_multi | τ=0.1 | hn=13):  22%|██▏       | 22/100 [03:08<10:35,  8.14s/it, TrL=0.9083, VaL=1.1896, TeL=1.1567]
Training MLP (info_nce_multi | τ=0.1 | hn=13):  23%|██▎       | 23/100 [03:08<10:27,  8.15s/it, TrL=0.9083, VaL=1.1896, TeL=1.1567]
Training MLP (info_nce_multi | τ=0.1 | hn=13):  23%|██▎       | 23/100 [03:16<10:27,  8.15s/it, TrL=0.8999, VaL=1.1861, TeL=1.1540]
Training MLP (info_nce_multi | τ=0.1 | hn=13):  24%|██▍       | 24/100 [03:16<10:19,  8.15s/it, TrL=0.8999, VaL=1.1861, TeL=1.1540]
Training MLP (info_nce_multi | τ=0.1 | hn=13):  24%|██▍       | 24/100 [03:25<10:19,  8.15s/it, TrL=0.8903, VaL=1.1883, TeL=1.1536]
Training MLP (info_nce_multi | τ=0.1 | hn=13):  25%|██▌       | 25/100 [03:25<10:10,  8.14s/it, TrL=0.8903, VaL=1.1883, TeL=1.1536]
Training MLP (info_nce_multi | τ=0.1 | hn=13):  25%|██▌       | 25/100 [03:33<10:10,  8.14s/it, TrL=0.8805, VaL=1.1884, TeL=1.1537]
Training MLP (info_nce_multi | τ=0.1 | hn=13):  26%|██▌       | 26/100 [03:33<10:01,  8.13s/it, TrL=0.8805, VaL=1.1884, TeL=1.1537]
Training MLP (info_nce_multi | τ=0.1 | hn=13):  26%|██▌       | 26/100 [03:41<10:01,  8.13s/it, TrL=0.8728, VaL=1.1910, TeL=1.1561]
Training MLP (info_nce_multi | τ=0.1 | hn=13):  27%|██▋       | 27/100 [03:41<09:52,  8.12s/it, TrL=0.8728, VaL=1.1910, TeL=1.1561]
Training MLP (info_nce_multi | τ=0.1 | hn=13):  27%|██▋       | 27/100 [03:49<09:52,  8.12s/it, TrL=0.8384, VaL=1.1868, TeL=1.1530]
Training MLP (info_nce_multi | τ=0.1 | hn=13):  28%|██▊       | 28/100 [03:49<09:50,  8.20s/it, TrL=0.8384, VaL=1.1868, TeL=1.1530]
Training MLP (info_nce_multi | τ=0.1 | hn=13):  28%|██▊       | 28/100 [03:57<09:50,  8.20s/it, TrL=0.8262, VaL=1.1875, TeL=1.1511]
Training MLP (info_nce_multi | τ=0.1 | hn=13):  29%|██▉       | 29/100 [03:57<09:42,  8.21s/it, TrL=0.8262, VaL=1.1875, TeL=1.1511]
Training MLP (info_nce_multi | τ=0.1 | hn=13):  29%|██▉       | 29/100 [04:05<09:42,  8.21s/it, TrL=0.8206, VaL=1.1875, TeL=1.1515]
Training MLP (info_nce_multi | τ=0.1 | hn=13):  30%|███       | 30/100 [04:05<09:32,  8.18s/it, TrL=0.8206, VaL=1.1875, TeL=1.1515]
Training MLP (info_nce_multi | τ=0.1 | hn=13):  30%|███       | 30/100 [04:13<09:32,  8.18s/it, TrL=0.8117, VaL=1.1882, TeL=1.1535]
Training MLP (info_nce_multi | τ=0.1 | hn=13):  31%|███       | 31/100 [04:13<09:21,  8.13s/it, TrL=0.8117, VaL=1.1882, TeL=1.1535]
Training MLP (info_nce_multi | τ=0.1 | hn=13):  31%|███       | 31/100 [04:21<09:21,  8.13s/it, TrL=0.8067, VaL=1.1904, TeL=1.1524]
Training MLP (info_nce_multi | τ=0.1 | hn=13):  32%|███▏      | 32/100 [04:21<09:09,  8.08s/it, TrL=0.8067, VaL=1.1904, TeL=1.1524]
Training MLP (info_nce_multi | τ=0.1 | hn=13):  32%|███▏      | 32/100 [04:30<09:09,  8.08s/it, TrL=0.8058, VaL=1.1920, TeL=1.1541]
Training MLP (info_nce_multi | τ=0.1 | hn=13):  33%|███▎      | 33/100 [04:30<09:10,  8.21s/it, TrL=0.8058, VaL=1.1920, TeL=1.1541]
Training MLP (info_nce_multi | τ=0.1 | hn=13):  33%|███▎      | 33/100 [04:42<09:10,  8.21s/it, TrL=0.7960, VaL=1.1959, TeL=1.1603]
Training MLP (info_nce_multi | τ=0.1 | hn=13):  34%|███▍      | 34/100 [04:42<10:20,  9.40s/it, TrL=0.7960, VaL=1.1959, TeL=1.1603]
Training MLP (info_nce_multi | τ=0.1 | hn=13):  34%|███▍      | 34/100 [04:50<10:20,  9.40s/it, TrL=0.7955, VaL=1.1928, TeL=1.1552]
Training MLP (info_nce_multi | τ=0.1 | hn=13):  35%|███▌      | 35/100 [04:50<09:49,  9.07s/it, TrL=0.7955, VaL=1.1928, TeL=1.1552]
Training MLP (info_nce_multi | τ=0.1 | hn=13):  35%|███▌      | 35/100 [05:00<09:49,  9.07s/it, TrL=0.7760, VaL=1.1917, TeL=1.1564]
Training MLP (info_nce_multi | τ=0.1 | hn=13):  36%|███▌      | 36/100 [05:00<09:47,  9.18s/it, TrL=0.7760, VaL=1.1917, TeL=1.1564]
Training MLP (info_nce_multi | τ=0.1 | hn=13):  36%|███▌      | 36/100 [05:10<09:47,  9.18s/it, TrL=0.7765, VaL=1.1928, TeL=1.1551]
Training MLP (info_nce_multi | τ=0.1 | hn=13):  37%|███▋      | 37/100 [05:10<09:51,  9.39s/it, TrL=0.7765, VaL=1.1928, TeL=1.1551]
Training MLP (info_nce_multi | τ=0.1 | hn=13):  37%|███▋      | 37/100 [05:18<09:51,  9.39s/it, TrL=0.7718, VaL=1.1923, TeL=1.1574]
Training MLP (info_nce_multi | τ=0.1 | hn=13):  38%|███▊      | 38/100 [05:18<09:30,  9.20s/it, TrL=0.7718, VaL=1.1923, TeL=1.1574]
Training MLP (info_nce_multi | τ=0.1 | hn=13):  38%|███▊      | 38/100 [05:27<09:30,  9.20s/it, TrL=0.7653, VaL=1.1919, TeL=1.1577]
Training MLP (info_nce_multi | τ=0.1 | hn=13):  39%|███▉      | 39/100 [05:27<09:10,  9.02s/it, TrL=0.7653, VaL=1.1919, TeL=1.1577]2026-04-05 10:31:30,900 INFO Early stopping triggered at epoch 39
Training MLP (info_nce_multi | τ=0.1 | hn=13):  39%|███▉      | 39/100 [05:27<08:32,  8.40s/it, TrL=0.7653, VaL=1.1919, TeL=1.1577]
2026-04-05 10:31:30,909 INFO Strict Checkpoint successfully mapped at: checkpoints/squad/hnm_ablation/alignment_mlp_info_nce_multi_tau_0.1_hnm_13.pth
2026-04-05 10:31:31,569 INFO --> Ensuring info_nce_multi | tau=0.1 | hn_k=18 model is statically trained...
2026-04-05 10:31:31,570 INFO Model missing. Triggering training engine for hn_k=18...
2026-04-05 10:31:31,571 INFO Loading data for squad | Target Loss: info_nce_multi | Target Tau: 0.1 | Target HNM: 18
Training MLP (info_nce_multi | τ=0.1 | hn=18):   0%|          | 0/100 [00:00<?, ?it/s]
Training MLP (info_nce_multi | τ=0.1 | hn=18):   0%|          | 0/100 [00:09<?, ?it/s, TrL=1.9093, VaL=1.6016, TeL=1.5706 ★=best]
Training MLP (info_nce_multi | τ=0.1 | hn=18):   1%|          | 1/100 [00:09<15:05,  9.15s/it, TrL=1.9093, VaL=1.6016, TeL=1.5706 ★=best]
Training MLP (info_nce_multi | τ=0.1 | hn=18):   1%|          | 1/100 [00:18<15:05,  9.15s/it, TrL=1.5850, VaL=1.4644, TeL=1.4299 ★=best]
Training MLP (info_nce_multi | τ=0.1 | hn=18):   2%|▏         | 2/100 [00:18<14:53,  9.12s/it, TrL=1.5850, VaL=1.4644, TeL=1.4299 ★=best]
Training MLP (info_nce_multi | τ=0.1 | hn=18):   2%|▏         | 2/100 [00:27<14:53,  9.12s/it, TrL=1.4647, VaL=1.3922, TeL=1.3540 ★=best]
Training MLP (info_nce_multi | τ=0.1 | hn=18):   3%|▎         | 3/100 [00:27<14:52,  9.20s/it, TrL=1.4647, VaL=1.3922, TeL=1.3540 ★=best]
Training MLP (info_nce_multi | τ=0.1 | hn=18):   3%|▎         | 3/100 [00:36<14:52,  9.20s/it, TrL=1.3859, VaL=1.3442, TeL=1.3052 ★=best]
Training MLP (info_nce_multi | τ=0.1 | hn=18):   4%|▍         | 4/100 [00:36<14:30,  9.07s/it, TrL=1.3859, VaL=1.3442, TeL=1.3052 ★=best]
Training MLP (info_nce_multi | τ=0.1 | hn=18):   4%|▍         | 4/100 [00:45<14:30,  9.07s/it, TrL=1.3235, VaL=1.3042, TeL=1.2661 ★=best]
Training MLP (info_nce_multi | τ=0.1 | hn=18):   5%|▌         | 5/100 [00:45<14:16,  9.02s/it, TrL=1.3235, VaL=1.3042, TeL=1.2661 ★=best]
Training MLP (info_nce_multi | τ=0.1 | hn=18):   5%|▌         | 5/100 [00:55<14:16,  9.02s/it, TrL=1.2715, VaL=1.2810, TeL=1.2384 ★=best]
Training MLP (info_nce_multi | τ=0.1 | hn=18):   6%|▌         | 6/100 [00:55<14:30,  9.26s/it, TrL=1.2715, VaL=1.2810, TeL=1.2384 ★=best]
Training MLP (info_nce_multi | τ=0.1 | hn=18):   6%|▌         | 6/100 [01:04<14:30,  9.26s/it, TrL=1.2304, VaL=1.2617, TeL=1.2173 ★=best]
Training MLP (info_nce_multi | τ=0.1 | hn=18):   7%|▋         | 7/100 [01:04<14:33,  9.39s/it, TrL=1.2304, VaL=1.2617, TeL=1.2173 ★=best]
Training MLP (info_nce_multi | τ=0.1 | hn=18):   7%|▋         | 7/100 [01:13<14:33,  9.39s/it, TrL=1.1924, VaL=1.2468, TeL=1.2049 ★=best]
Training MLP (info_nce_multi | τ=0.1 | hn=18):   8%|▊         | 8/100 [01:13<14:18,  9.33s/it, TrL=1.1924, VaL=1.2468, TeL=1.2049 ★=best]
Training MLP (info_nce_multi | τ=0.1 | hn=18):   8%|▊         | 8/100 [01:23<14:18,  9.33s/it, TrL=1.1607, VaL=1.2331, TeL=1.1936 ★=best]
Training MLP (info_nce_multi | τ=0.1 | hn=18):   9%|▉         | 9/100 [01:23<14:13,  9.38s/it, TrL=1.1607, VaL=1.2331, TeL=1.1936 ★=best]
Training MLP (info_nce_multi | τ=0.1 | hn=18):   9%|▉         | 9/100 [01:33<14:13,  9.38s/it, TrL=1.1313, VaL=1.2244, TeL=1.1819 ★=best]
Training MLP (info_nce_multi | τ=0.1 | hn=18):  10%|█         | 10/100 [01:33<14:09,  9.44s/it, TrL=1.1313, VaL=1.2244, TeL=1.1819 ★=best]
Training MLP (info_nce_multi | τ=0.1 | hn=18):  10%|█         | 10/100 [01:42<14:09,  9.44s/it, TrL=1.1037, VaL=1.2197, TeL=1.1764 ★=best]
Training MLP (info_nce_multi | τ=0.1 | hn=18):  11%|█         | 11/100 [01:42<13:48,  9.31s/it, TrL=1.1037, VaL=1.2197, TeL=1.1764 ★=best]
Training MLP (info_nce_multi | τ=0.1 | hn=18):  11%|█         | 11/100 [01:51<13:48,  9.31s/it, TrL=1.0781, VaL=1.2071, TeL=1.1661 ★=best]
Training MLP (info_nce_multi | τ=0.1 | hn=18):  12%|█▏        | 12/100 [01:51<13:36,  9.28s/it, TrL=1.0781, VaL=1.2071, TeL=1.1661 ★=best]
Training MLP (info_nce_multi | τ=0.1 | hn=18):  12%|█▏        | 12/100 [02:00<13:36,  9.28s/it, TrL=1.0595, VaL=1.2066, TeL=1.1613 ★=best]
Training MLP (info_nce_multi | τ=0.1 | hn=18):  13%|█▎        | 13/100 [02:00<13:26,  9.27s/it, TrL=1.0595, VaL=1.2066, TeL=1.1613 ★=best]
Training MLP (info_nce_multi | τ=0.1 | hn=18):  13%|█▎        | 13/100 [02:09<13:26,  9.27s/it, TrL=1.0377, VaL=1.2052, TeL=1.1628 ★=best]
Training MLP (info_nce_multi | τ=0.1 | hn=18):  14%|█▍        | 14/100 [02:09<13:16,  9.26s/it, TrL=1.0377, VaL=1.2052, TeL=1.1628 ★=best]
Training MLP (info_nce_multi | τ=0.1 | hn=18):  14%|█▍        | 14/100 [02:19<13:16,  9.26s/it, TrL=1.0214, VaL=1.1996, TeL=1.1562 ★=best]
Training MLP (info_nce_multi | τ=0.1 | hn=18):  15%|█▌        | 15/100 [02:19<13:14,  9.34s/it, TrL=1.0214, VaL=1.1996, TeL=1.1562 ★=best]
Training MLP (info_nce_multi | τ=0.1 | hn=18):  15%|█▌        | 15/100 [02:28<13:14,  9.34s/it, TrL=1.0040, VaL=1.1905, TeL=1.1479 ★=best]
Training MLP (info_nce_multi | τ=0.1 | hn=18):  16%|█▌        | 16/100 [02:28<13:06,  9.36s/it, TrL=1.0040, VaL=1.1905, TeL=1.1479 ★=best]
Training MLP (info_nce_multi | τ=0.1 | hn=18):  16%|█▌        | 16/100 [02:38<13:06,  9.36s/it, TrL=0.9895, VaL=1.1960, TeL=1.1544]
Training MLP (info_nce_multi | τ=0.1 | hn=18):  17%|█▋        | 17/100 [02:38<12:57,  9.37s/it, TrL=0.9895, VaL=1.1960, TeL=1.1544]
Training MLP (info_nce_multi | τ=0.1 | hn=18):  17%|█▋        | 17/100 [02:47<12:57,  9.37s/it, TrL=0.9756, VaL=1.1981, TeL=1.1559]
Training MLP (info_nce_multi | τ=0.1 | hn=18):  18%|█▊        | 18/100 [02:47<12:53,  9.43s/it, TrL=0.9756, VaL=1.1981, TeL=1.1559]
Training MLP (info_nce_multi | τ=0.1 | hn=18):  18%|█▊        | 18/100 [02:56<12:53,  9.43s/it, TrL=0.9638, VaL=1.1981, TeL=1.1553]
Training MLP (info_nce_multi | τ=0.1 | hn=18):  19%|█▉        | 19/100 [02:56<12:39,  9.37s/it, TrL=0.9638, VaL=1.1981, TeL=1.1553]
Training MLP (info_nce_multi | τ=0.1 | hn=18):  19%|█▉        | 19/100 [03:06<12:39,  9.37s/it, TrL=0.9498, VaL=1.1928, TeL=1.1462]
Training MLP (info_nce_multi | τ=0.1 | hn=18):  20%|██        | 20/100 [03:06<12:33,  9.42s/it, TrL=0.9498, VaL=1.1928, TeL=1.1462]
Training MLP (info_nce_multi | τ=0.1 | hn=18):  20%|██        | 20/100 [03:15<12:33,  9.42s/it, TrL=0.9358, VaL=1.1947, TeL=1.1512]
Training MLP (info_nce_multi | τ=0.1 | hn=18):  21%|██        | 21/100 [03:15<12:20,  9.38s/it, TrL=0.9358, VaL=1.1947, TeL=1.1512]
Training MLP (info_nce_multi | τ=0.1 | hn=18):  21%|██        | 21/100 [03:25<12:20,  9.38s/it, TrL=0.9248, VaL=1.1930, TeL=1.1503]
Training MLP (info_nce_multi | τ=0.1 | hn=18):  22%|██▏       | 22/100 [03:25<12:28,  9.59s/it, TrL=0.9248, VaL=1.1930, TeL=1.1503]
Training MLP (info_nce_multi | τ=0.1 | hn=18):  22%|██▏       | 22/100 [03:35<12:28,  9.59s/it, TrL=0.9142, VaL=1.1962, TeL=1.1525]
Training MLP (info_nce_multi | τ=0.1 | hn=18):  23%|██▎       | 23/100 [03:35<12:13,  9.53s/it, TrL=0.9142, VaL=1.1962, TeL=1.1525]
Training MLP (info_nce_multi | τ=0.1 | hn=18):  23%|██▎       | 23/100 [03:44<12:13,  9.53s/it, TrL=0.9058, VaL=1.1947, TeL=1.1512]
Training MLP (info_nce_multi | τ=0.1 | hn=18):  24%|██▍       | 24/100 [03:44<11:59,  9.47s/it, TrL=0.9058, VaL=1.1947, TeL=1.1512]
Training MLP (info_nce_multi | τ=0.1 | hn=18):  24%|██▍       | 24/100 [03:53<11:59,  9.47s/it, TrL=0.8722, VaL=1.1888, TeL=1.1475 ★=best]
Training MLP (info_nce_multi | τ=0.1 | hn=18):  25%|██▌       | 25/100 [03:53<11:52,  9.49s/it, TrL=0.8722, VaL=1.1888, TeL=1.1475 ★=best]
Training MLP (info_nce_multi | τ=0.1 | hn=18):  25%|██▌       | 25/100 [04:03<11:52,  9.49s/it, TrL=0.8577, VaL=1.1903, TeL=1.1456]
Training MLP (info_nce_multi | τ=0.1 | hn=18):  26%|██▌       | 26/100 [04:03<11:41,  9.48s/it, TrL=0.8577, VaL=1.1903, TeL=1.1456]
Training MLP (info_nce_multi | τ=0.1 | hn=18):  26%|██▌       | 26/100 [04:12<11:41,  9.48s/it, TrL=0.8506, VaL=1.1892, TeL=1.1447]
Training MLP (info_nce_multi | τ=0.1 | hn=18):  27%|██▋       | 27/100 [04:12<11:21,  9.33s/it, TrL=0.8506, VaL=1.1892, TeL=1.1447]
Training MLP (info_nce_multi | τ=0.1 | hn=18):  27%|██▋       | 27/100 [04:21<11:21,  9.33s/it, TrL=0.8462, VaL=1.1914, TeL=1.1473]
Training MLP (info_nce_multi | τ=0.1 | hn=18):  28%|██▊       | 28/100 [04:21<11:09,  9.30s/it, TrL=0.8462, VaL=1.1914, TeL=1.1473]
Training MLP (info_nce_multi | τ=0.1 | hn=18):  28%|██▊       | 28/100 [04:30<11:09,  9.30s/it, TrL=0.8336, VaL=1.1910, TeL=1.1467]
Training MLP (info_nce_multi | τ=0.1 | hn=18):  29%|██▉       | 29/100 [04:30<10:52,  9.19s/it, TrL=0.8336, VaL=1.1910, TeL=1.1467]
Training MLP (info_nce_multi | τ=0.1 | hn=18):  29%|██▉       | 29/100 [04:40<10:52,  9.19s/it, TrL=0.8374, VaL=1.1896, TeL=1.1453]
Training MLP (info_nce_multi | τ=0.1 | hn=18):  30%|███       | 30/100 [04:40<10:47,  9.25s/it, TrL=0.8374, VaL=1.1896, TeL=1.1453]
Training MLP (info_nce_multi | τ=0.1 | hn=18):  30%|███       | 30/100 [04:49<10:47,  9.25s/it, TrL=0.8296, VaL=1.1922, TeL=1.1500]
Training MLP (info_nce_multi | τ=0.1 | hn=18):  31%|███       | 31/100 [04:49<10:38,  9.26s/it, TrL=0.8296, VaL=1.1922, TeL=1.1500]
Training MLP (info_nce_multi | τ=0.1 | hn=18):  31%|███       | 31/100 [04:58<10:38,  9.26s/it, TrL=0.8248, VaL=1.1914, TeL=1.1482]
Training MLP (info_nce_multi | τ=0.1 | hn=18):  32%|███▏      | 32/100 [04:58<10:22,  9.16s/it, TrL=0.8248, VaL=1.1914, TeL=1.1482]
Training MLP (info_nce_multi | τ=0.1 | hn=18):  32%|███▏      | 32/100 [05:07<10:22,  9.16s/it, TrL=0.8169, VaL=1.1924, TeL=1.1488]
Training MLP (info_nce_multi | τ=0.1 | hn=18):  33%|███▎      | 33/100 [05:07<10:11,  9.13s/it, TrL=0.8169, VaL=1.1924, TeL=1.1488]
Training MLP (info_nce_multi | τ=0.1 | hn=18):  33%|███▎      | 33/100 [05:16<10:11,  9.13s/it, TrL=0.8028, VaL=1.1920, TeL=1.1499]
Training MLP (info_nce_multi | τ=0.1 | hn=18):  34%|███▍      | 34/100 [05:16<09:57,  9.05s/it, TrL=0.8028, VaL=1.1920, TeL=1.1499]
Training MLP (info_nce_multi | τ=0.1 | hn=18):  34%|███▍      | 34/100 [05:25<09:57,  9.05s/it, TrL=0.7959, VaL=1.1905, TeL=1.1494]
Training MLP (info_nce_multi | τ=0.1 | hn=18):  35%|███▌      | 35/100 [05:25<09:55,  9.16s/it, TrL=0.7959, VaL=1.1905, TeL=1.1494]
Training MLP (info_nce_multi | τ=0.1 | hn=18):  35%|███▌      | 35/100 [05:34<09:55,  9.16s/it, TrL=0.7944, VaL=1.1917, TeL=1.1510]
Training MLP (info_nce_multi | τ=0.1 | hn=18):  36%|███▌      | 36/100 [05:34<09:47,  9.19s/it, TrL=0.7944, VaL=1.1917, TeL=1.1510]
Training MLP (info_nce_multi | τ=0.1 | hn=18):  36%|███▌      | 36/100 [05:44<09:47,  9.19s/it, TrL=0.7864, VaL=1.1925, TeL=1.1516]
Training MLP (info_nce_multi | τ=0.1 | hn=18):  37%|███▋      | 37/100 [05:44<09:43,  9.27s/it, TrL=0.7864, VaL=1.1925, TeL=1.1516]
Training MLP (info_nce_multi | τ=0.1 | hn=18):  37%|███▋      | 37/100 [05:53<09:43,  9.27s/it, TrL=0.7880, VaL=1.1918, TeL=1.1509]
Training MLP (info_nce_multi | τ=0.1 | hn=18):  38%|███▊      | 38/100 [05:53<09:32,  9.23s/it, TrL=0.7880, VaL=1.1918, TeL=1.1509]
Training MLP (info_nce_multi | τ=0.1 | hn=18):  38%|███▊      | 38/100 [06:02<09:32,  9.23s/it, TrL=0.7810, VaL=1.1926, TeL=1.1524]
Training MLP (info_nce_multi | τ=0.1 | hn=18):  39%|███▉      | 39/100 [06:02<09:14,  9.09s/it, TrL=0.7810, VaL=1.1926, TeL=1.1524]
Training MLP (info_nce_multi | τ=0.1 | hn=18):  39%|███▉      | 39/100 [06:11<09:14,  9.09s/it, TrL=0.7783, VaL=1.1936, TeL=1.1529]
Training MLP (info_nce_multi | τ=0.1 | hn=18):  40%|████      | 40/100 [06:11<09:04,  9.08s/it, TrL=0.7783, VaL=1.1936, TeL=1.1529]
Training MLP (info_nce_multi | τ=0.1 | hn=18):  40%|████      | 40/100 [06:20<09:04,  9.08s/it, TrL=0.7815, VaL=1.1949, TeL=1.1518]
Training MLP (info_nce_multi | τ=0.1 | hn=18):  41%|████      | 41/100 [06:20<08:52,  9.03s/it, TrL=0.7815, VaL=1.1949, TeL=1.1518]
Training MLP (info_nce_multi | τ=0.1 | hn=18):  41%|████      | 41/100 [06:28<08:52,  9.03s/it, TrL=0.7703, VaL=1.1949, TeL=1.1525]
Training MLP (info_nce_multi | τ=0.1 | hn=18):  42%|████▏     | 42/100 [06:28<08:40,  8.97s/it, TrL=0.7703, VaL=1.1949, TeL=1.1525]
Training MLP (info_nce_multi | τ=0.1 | hn=18):  42%|████▏     | 42/100 [06:37<08:40,  8.97s/it, TrL=0.7674, VaL=1.1947, TeL=1.1527]
Training MLP (info_nce_multi | τ=0.1 | hn=18):  43%|████▎     | 43/100 [06:37<08:28,  8.92s/it, TrL=0.7674, VaL=1.1947, TeL=1.1527]
Training MLP (info_nce_multi | τ=0.1 | hn=18):  43%|████▎     | 43/100 [06:46<08:28,  8.92s/it, TrL=0.7652, VaL=1.1947, TeL=1.1524]
Training MLP (info_nce_multi | τ=0.1 | hn=18):  44%|████▍     | 44/100 [06:46<08:21,  8.96s/it, TrL=0.7652, VaL=1.1947, TeL=1.1524]
Training MLP (info_nce_multi | τ=0.1 | hn=18):  44%|████▍     | 44/100 [06:56<08:21,  8.96s/it, TrL=0.7674, VaL=1.1941, TeL=1.1518]
Training MLP (info_nce_multi | τ=0.1 | hn=18):  45%|████▌     | 45/100 [06:56<08:23,  9.15s/it, TrL=0.7674, VaL=1.1941, TeL=1.1518]2026-04-05 10:38:27,944 INFO Early stopping triggered at epoch 45
Training MLP (info_nce_multi | τ=0.1 | hn=18):  45%|████▌     | 45/100 [06:56<08:28,  9.25s/it, TrL=0.7674, VaL=1.1941, TeL=1.1518]
2026-04-05 10:38:27,967 INFO Strict Checkpoint successfully mapped at: checkpoints/squad/hnm_ablation/alignment_mlp_info_nce_multi_tau_0.1_hnm_18.pth
Benchmarking (mlp):   0%|          | 0/91223 [00:00<?, ?it/s]
Benchmarking (mlp):   0%|          | 27/91223 [00:00<05:42, 266.17it/s]
Benchmarking (mlp):   0%|          | 126/91223 [00:00<02:14, 676.89it/s]
Benchmarking (mlp):   0%|          | 249/91223 [00:00<01:38, 922.12it/s]
Benchmarking (mlp):   0%|          | 346/91223 [00:00<01:37, 934.02it/s]
Benchmarking (mlp):   0%|          | 440/91223 [00:00<01:55, 786.80it/s]
Benchmarking (mlp):   1%|          | 522/91223 [00:00<02:04, 729.68it/s]
Benchmarking (mlp):   1%|          | 779/91223 [00:00<01:12, 1247.31it/s]
Benchmarking (mlp):   1%|          | 1060/91223 [00:00<00:53, 1695.39it/s]
Benchmarking (mlp):   1%|▏         | 1339/91223 [00:00<00:44, 2012.90it/s]
Benchmarking (mlp):   2%|▏         | 1622/91223 [00:01<00:39, 2250.55it/s]
Benchmarking (mlp):   2%|▏         | 1902/91223 [00:01<00:37, 2410.36it/s]
Benchmarking (mlp):   2%|▏         | 2175/91223 [00:01<00:35, 2504.40it/s]
Benchmarking (mlp):   3%|▎         | 2447/91223 [00:01<00:34, 2566.84it/s]
Benchmarking (mlp):   3%|▎         | 2724/91223 [00:01<00:33, 2626.45it/s]
Benchmarking (mlp):   3%|▎         | 3004/91223 [00:01<00:32, 2676.41it/s]
Benchmarking (mlp):   4%|▎         | 3279/91223 [00:01<00:32, 2697.98it/s]
Benchmarking (mlp):   4%|▍         | 3558/91223 [00:01<00:32, 2723.45it/s]
Benchmarking (mlp):   4%|▍         | 3839/91223 [00:01<00:31, 2746.56it/s]
Benchmarking (mlp):   5%|▍         | 4120/91223 [00:01<00:31, 2763.47it/s]
Benchmarking (mlp):   5%|▍         | 4397/91223 [00:02<00:31, 2755.36it/s]
Benchmarking (mlp):   5%|▌         | 4674/91223 [00:02<00:31, 2759.15it/s]
Benchmarking (mlp):   5%|▌         | 4953/91223 [00:02<00:31, 2765.89it/s]
Benchmarking (mlp):   6%|▌         | 5232/91223 [00:02<00:31, 2771.11it/s]
Benchmarking (mlp):   6%|▌         | 5512/91223 [00:02<00:30, 2777.88it/s]
Benchmarking (mlp):   6%|▋         | 5792/91223 [00:02<00:30, 2783.30it/s]
Benchmarking (mlp):   7%|▋         | 6072/91223 [00:02<00:30, 2787.44it/s]
Benchmarking (mlp):   7%|▋         | 6353/91223 [00:02<00:30, 2791.23it/s]
Benchmarking (mlp):   7%|▋         | 6633/91223 [00:02<00:30, 2768.88it/s]
Benchmarking (mlp):   8%|▊         | 6910/91223 [00:03<00:30, 2764.05it/s]
Benchmarking (mlp):   8%|▊         | 7189/91223 [00:03<00:30, 2770.74it/s]
Benchmarking (mlp):   8%|▊         | 7467/91223 [00:03<00:30, 2768.02it/s]
Benchmarking (mlp):   8%|▊         | 7744/91223 [00:03<00:30, 2757.00it/s]
Benchmarking (mlp):   9%|▉         | 8024/91223 [00:03<00:30, 2768.49it/s]
Benchmarking (mlp):   9%|▉         | 8304/91223 [00:03<00:29, 2775.30it/s]
Benchmarking (mlp):   9%|▉         | 8582/91223 [00:03<00:29, 2768.80it/s]
Benchmarking (mlp):  10%|▉         | 8861/91223 [00:03<00:29, 2774.53it/s]
Benchmarking (mlp):  10%|█         | 9139/91223 [00:03<00:29, 2772.17it/s]
Benchmarking (mlp):  10%|█         | 9418/91223 [00:03<00:29, 2776.44it/s]
Benchmarking (mlp):  11%|█         | 9696/91223 [00:04<00:29, 2766.05it/s]
Benchmarking (mlp):  11%|█         | 9973/91223 [00:04<00:29, 2756.49it/s]
Benchmarking (mlp):  11%|█         | 10249/91223 [00:04<00:29, 2746.25it/s]
Benchmarking (mlp):  12%|█▏        | 10524/91223 [00:04<00:29, 2737.09it/s]
Benchmarking (mlp):  12%|█▏        | 10798/91223 [00:04<00:29, 2737.83it/s]
Benchmarking (mlp):  12%|█▏        | 11078/91223 [00:04<00:29, 2755.37it/s]
Benchmarking (mlp):  12%|█▏        | 11358/91223 [00:04<00:28, 2767.96it/s]
Benchmarking (mlp):  13%|█▎        | 11636/91223 [00:04<00:28, 2770.42it/s]
Benchmarking (mlp):  13%|█▎        | 11915/91223 [00:04<00:28, 2773.66it/s]
Benchmarking (mlp):  13%|█▎        | 12193/91223 [00:04<00:28, 2769.31it/s]
Benchmarking (mlp):  14%|█▎        | 12472/91223 [00:05<00:28, 2773.70it/s]
Benchmarking (mlp):  14%|█▍        | 12752/91223 [00:05<00:28, 2780.78it/s]
Benchmarking (mlp):  14%|█▍        | 13032/91223 [00:05<00:28, 2784.97it/s]
Benchmarking (mlp):  15%|█▍        | 13312/91223 [00:05<00:27, 2787.36it/s]
Benchmarking (mlp):  15%|█▍        | 13591/91223 [00:05<00:28, 2755.61it/s]
Benchmarking (mlp):  15%|█▌        | 13867/91223 [00:05<00:28, 2748.58it/s]
Benchmarking (mlp):  16%|█▌        | 14142/91223 [00:05<00:28, 2744.31it/s]
Benchmarking (mlp):  16%|█▌        | 14417/91223 [00:05<00:28, 2741.21it/s]
Benchmarking (mlp):  16%|█▌        | 14692/91223 [00:05<00:28, 2725.36it/s]
Benchmarking (mlp):  16%|█▋        | 14968/91223 [00:05<00:27, 2734.77it/s]
Benchmarking (mlp):  17%|█▋        | 15243/91223 [00:06<00:27, 2738.59it/s]
Benchmarking (mlp):  17%|█▋        | 15521/91223 [00:06<00:27, 2749.31it/s]
Benchmarking (mlp):  17%|█▋        | 15800/91223 [00:06<00:27, 2759.38it/s]
Benchmarking (mlp):  18%|█▊        | 16080/91223 [00:06<00:27, 2768.47it/s]
Benchmarking (mlp):  18%|█▊        | 16357/91223 [00:06<00:27, 2765.00it/s]
Benchmarking (mlp):  18%|█▊        | 16634/91223 [00:06<00:26, 2765.96it/s]
Benchmarking (mlp):  19%|█▊        | 16911/91223 [00:06<00:26, 2765.83it/s]
Benchmarking (mlp):  19%|█▉        | 17188/91223 [00:06<00:26, 2752.98it/s]
Benchmarking (mlp):  19%|█▉        | 17468/91223 [00:06<00:26, 2765.55it/s]
Benchmarking (mlp):  19%|█▉        | 17745/91223 [00:06<00:26, 2761.95it/s]
Benchmarking (mlp):  20%|█▉        | 18022/91223 [00:07<00:26, 2764.19it/s]
Benchmarking (mlp):  20%|██        | 18299/91223 [00:07<00:26, 2743.63it/s]
Benchmarking (mlp):  20%|██        | 18576/91223 [00:07<00:26, 2749.30it/s]
Benchmarking (mlp):  21%|██        | 18856/91223 [00:07<00:26, 2761.66it/s]
Benchmarking (mlp):  21%|██        | 19133/91223 [00:07<00:26, 2755.87it/s]
Benchmarking (mlp):  21%|██▏       | 19409/91223 [00:07<00:26, 2751.95it/s]
Benchmarking (mlp):  22%|██▏       | 19688/91223 [00:07<00:25, 2762.27it/s]
Benchmarking (mlp):  22%|██▏       | 19969/91223 [00:07<00:25, 2774.55it/s]
Benchmarking (mlp):  22%|██▏       | 20248/91223 [00:07<00:25, 2778.97it/s]
Benchmarking (mlp):  23%|██▎       | 20526/91223 [00:07<00:25, 2776.69it/s]
Benchmarking (mlp):  23%|██▎       | 20804/91223 [00:08<00:25, 2777.52it/s]
Benchmarking (mlp):  23%|██▎       | 21083/91223 [00:08<00:25, 2779.14it/s]
Benchmarking (mlp):  23%|██▎       | 21361/91223 [00:08<00:25, 2779.15it/s]
Benchmarking (mlp):  24%|██▎       | 21639/91223 [00:08<00:25, 2754.50it/s]
Benchmarking (mlp):  24%|██▍       | 21915/91223 [00:08<00:25, 2720.37it/s]
Benchmarking (mlp):  24%|██▍       | 22188/91223 [00:08<00:25, 2717.51it/s]
Benchmarking (mlp):  25%|██▍       | 22461/91223 [00:08<00:25, 2719.16it/s]
Benchmarking (mlp):  25%|██▍       | 22734/91223 [00:08<00:25, 2719.82it/s]
Benchmarking (mlp):  25%|██▌       | 23010/91223 [00:08<00:24, 2730.45it/s]
Benchmarking (mlp):  26%|██▌       | 23288/91223 [00:08<00:24, 2744.68it/s]
Benchmarking (mlp):  26%|██▌       | 23566/91223 [00:09<00:24, 2753.20it/s]
Benchmarking (mlp):  26%|██▌       | 23844/91223 [00:09<00:24, 2761.18it/s]
Benchmarking (mlp):  26%|██▋       | 24124/91223 [00:09<00:24, 2770.45it/s]
Benchmarking (mlp):  27%|██▋       | 24402/91223 [00:09<00:24, 2753.19it/s]
Benchmarking (mlp):  27%|██▋       | 24678/91223 [00:09<00:24, 2746.64it/s]
Benchmarking (mlp):  27%|██▋       | 24953/91223 [00:09<00:24, 2732.11it/s]
Benchmarking (mlp):  28%|██▊       | 25227/91223 [00:09<00:24, 2727.92it/s]
Benchmarking (mlp):  28%|██▊       | 25500/91223 [00:09<00:24, 2727.05it/s]
Benchmarking (mlp):  28%|██▊       | 25773/91223 [00:09<00:23, 2727.39it/s]
Benchmarking (mlp):  29%|██▊       | 26046/91223 [00:09<00:23, 2726.98it/s]
Benchmarking (mlp):  29%|██▉       | 26319/91223 [00:10<00:23, 2712.36it/s]
Benchmarking (mlp):  29%|██▉       | 26591/91223 [00:10<00:23, 2711.75it/s]
Benchmarking (mlp):  29%|██▉       | 26864/91223 [00:10<00:23, 2714.35it/s]
Benchmarking (mlp):  30%|██▉       | 27137/91223 [00:10<00:23, 2717.84it/s]
Benchmarking (mlp):  30%|███       | 27409/91223 [00:10<00:23, 2692.68it/s]
Benchmarking (mlp):  30%|███       | 27685/91223 [00:10<00:23, 2711.86it/s]
Benchmarking (mlp):  31%|███       | 27963/91223 [00:10<00:23, 2730.07it/s]
Benchmarking (mlp):  31%|███       | 28239/91223 [00:10<00:23, 2737.73it/s]
Benchmarking (mlp):  31%|███▏      | 28518/91223 [00:10<00:22, 2752.17it/s]
Benchmarking (mlp):  32%|███▏      | 28797/91223 [00:10<00:22, 2763.23it/s]
Benchmarking (mlp):  32%|███▏      | 29074/91223 [00:11<00:22, 2755.25it/s]
Benchmarking (mlp):  32%|███▏      | 29350/91223 [00:11<00:22, 2731.26it/s]
Benchmarking (mlp):  32%|███▏      | 29627/91223 [00:11<00:22, 2741.99it/s]
Benchmarking (mlp):  33%|███▎      | 29902/91223 [00:11<00:22, 2735.71it/s]
Benchmarking (mlp):  33%|███▎      | 30176/91223 [00:11<00:22, 2730.72it/s]
Benchmarking (mlp):  33%|███▎      | 30450/91223 [00:11<00:22, 2727.89it/s]
Benchmarking (mlp):  34%|███▎      | 30724/91223 [00:11<00:22, 2728.69it/s]
Benchmarking (mlp):  34%|███▍      | 30997/91223 [00:11<00:22, 2722.35it/s]
Benchmarking (mlp):  34%|███▍      | 31275/91223 [00:11<00:21, 2739.51it/s]
Benchmarking (mlp):  35%|███▍      | 31554/91223 [00:11<00:21, 2754.21it/s]
Benchmarking (mlp):  35%|███▍      | 31830/91223 [00:12<00:21, 2753.53it/s]
Benchmarking (mlp):  35%|███▌      | 32108/91223 [00:12<00:21, 2758.90it/s]
Benchmarking (mlp):  36%|███▌      | 32386/91223 [00:12<00:21, 2762.15it/s]
Benchmarking (mlp):  36%|███▌      | 32663/91223 [00:12<00:21, 2755.93it/s]
Benchmarking (mlp):  36%|███▌      | 32942/91223 [00:12<00:21, 2763.39it/s]
Benchmarking (mlp):  36%|███▋      | 33219/91223 [00:12<00:21, 2758.53it/s]
Benchmarking (mlp):  37%|███▋      | 33497/91223 [00:12<00:20, 2764.73it/s]
Benchmarking (mlp):  37%|███▋      | 33776/91223 [00:12<00:20, 2771.81it/s]
Benchmarking (mlp):  37%|███▋      | 34054/91223 [00:12<00:20, 2766.97it/s]
Benchmarking (mlp):  38%|███▊      | 34332/91223 [00:12<00:20, 2770.66it/s]
Benchmarking (mlp):  38%|███▊      | 34611/91223 [00:13<00:20, 2776.27it/s]
Benchmarking (mlp):  38%|███▊      | 34889/91223 [00:13<00:20, 2739.30it/s]
Benchmarking (mlp):  39%|███▊      | 35164/91223 [00:13<00:20, 2734.24it/s]
Benchmarking (mlp):  39%|███▉      | 35438/91223 [00:13<00:20, 2734.73it/s]
Benchmarking (mlp):  39%|███▉      | 35712/91223 [00:13<00:20, 2733.72it/s]
Benchmarking (mlp):  39%|███▉      | 35986/91223 [00:13<00:20, 2734.72it/s]
Benchmarking (mlp):  40%|███▉      | 36260/91223 [00:13<00:20, 2712.88it/s]
Benchmarking (mlp):  40%|████      | 36538/91223 [00:13<00:20, 2730.39it/s]
Benchmarking (mlp):  40%|████      | 36817/91223 [00:13<00:19, 2748.12it/s]
Benchmarking (mlp):  41%|████      | 37097/91223 [00:13<00:19, 2760.80it/s]
Benchmarking (mlp):  41%|████      | 37378/91223 [00:14<00:19, 2773.09it/s]
Benchmarking (mlp):  41%|████▏     | 37656/91223 [00:14<00:19, 2769.87it/s]
Benchmarking (mlp):  42%|████▏     | 37934/91223 [00:14<00:19, 2772.63it/s]
Benchmarking (mlp):  42%|████▏     | 38213/91223 [00:14<00:19, 2776.38it/s]
Benchmarking (mlp):  42%|████▏     | 38492/91223 [00:14<00:18, 2778.38it/s]
Benchmarking (mlp):  43%|████▎     | 38771/91223 [00:14<00:18, 2778.97it/s]
Benchmarking (mlp):  43%|████▎     | 39049/91223 [00:14<00:18, 2747.33it/s]
Benchmarking (mlp):  43%|████▎     | 39326/91223 [00:14<00:18, 2752.77it/s]
Benchmarking (mlp):  43%|████▎     | 39605/91223 [00:14<00:18, 2763.00it/s]
Benchmarking (mlp):  44%|████▎     | 39885/91223 [00:14<00:18, 2773.29it/s]
Benchmarking (mlp):  44%|████▍     | 40165/91223 [00:15<00:18, 2781.22it/s]
Benchmarking (mlp):  44%|████▍     | 40444/91223 [00:15<00:18, 2775.90it/s]
Benchmarking (mlp):  45%|████▍     | 40722/91223 [00:15<00:18, 2776.11it/s]
Benchmarking (mlp):  45%|████▍     | 41001/91223 [00:15<00:18, 2779.61it/s]
Benchmarking (mlp):  45%|████▌     | 41280/91223 [00:15<00:17, 2780.76it/s]
Benchmarking (mlp):  46%|████▌     | 41559/91223 [00:15<00:17, 2771.12it/s]
Benchmarking (mlp):  46%|████▌     | 41837/91223 [00:15<00:17, 2765.69it/s]
Benchmarking (mlp):  46%|████▌     | 42115/91223 [00:15<00:17, 2767.86it/s]
Benchmarking (mlp):  46%|████▋     | 42395/91223 [00:15<00:17, 2776.19it/s]
Benchmarking (mlp):  47%|████▋     | 42675/91223 [00:15<00:17, 2782.00it/s]
Benchmarking (mlp):  47%|████▋     | 42954/91223 [00:16<00:17, 2773.18it/s]
Benchmarking (mlp):  47%|████▋     | 43232/91223 [00:16<00:17, 2762.54it/s]
Benchmarking (mlp):  48%|████▊     | 43510/91223 [00:16<00:17, 2766.48it/s]
Benchmarking (mlp):  48%|████▊     | 43787/91223 [00:16<00:17, 2762.86it/s]
Benchmarking (mlp):  48%|████▊     | 44064/91223 [00:16<00:17, 2720.76it/s]
Benchmarking (mlp):  49%|████▊     | 44342/91223 [00:16<00:17, 2736.05it/s]
Benchmarking (mlp):  49%|████▉     | 44616/91223 [00:16<00:17, 2724.77it/s]
Benchmarking (mlp):  49%|████▉     | 44894/91223 [00:16<00:16, 2739.84it/s]
Benchmarking (mlp):  50%|████▉     | 45169/91223 [00:16<00:16, 2730.59it/s]
Benchmarking (mlp):  50%|████▉     | 45445/91223 [00:16<00:16, 2737.14it/s]
Benchmarking (mlp):  50%|█████     | 45723/91223 [00:17<00:16, 2747.26it/s]
Benchmarking (mlp):  50%|█████     | 45998/91223 [00:17<00:16, 2687.83it/s]
Benchmarking (mlp):  51%|█████     | 46268/91223 [00:17<00:17, 2555.49it/s]
Benchmarking (mlp):  51%|█████     | 46540/91223 [00:17<00:17, 2601.64it/s]
Benchmarking (mlp):  51%|█████▏    | 46816/91223 [00:17<00:16, 2645.34it/s]
Benchmarking (mlp):  52%|█████▏    | 47089/91223 [00:17<00:16, 2667.28it/s]
Benchmarking (mlp):  52%|█████▏    | 47358/91223 [00:17<00:16, 2673.24it/s]
Benchmarking (mlp):  52%|█████▏    | 47626/91223 [00:17<00:16, 2669.79it/s]
Benchmarking (mlp):  53%|█████▎    | 47898/91223 [00:17<00:16, 2681.93it/s]
Benchmarking (mlp):  53%|█████▎    | 48167/91223 [00:18<00:16, 2614.07it/s]
Benchmarking (mlp):  53%|█████▎    | 48429/91223 [00:18<00:17, 2488.34it/s]
Benchmarking (mlp):  53%|█████▎    | 48705/91223 [00:18<00:16, 2563.00it/s]
Benchmarking (mlp):  54%|█████▎    | 48985/91223 [00:18<00:16, 2630.04it/s]
Benchmarking (mlp):  54%|█████▍    | 49260/91223 [00:18<00:15, 2664.94it/s]
Benchmarking (mlp):  54%|█████▍    | 49530/91223 [00:18<00:15, 2675.18it/s]
Benchmarking (mlp):  55%|█████▍    | 49803/91223 [00:18<00:15, 2689.09it/s]
Benchmarking (mlp):  55%|█████▍    | 50073/91223 [00:18<00:15, 2684.61it/s]
Benchmarking (mlp):  55%|█████▌    | 50345/91223 [00:18<00:15, 2692.47it/s]
Benchmarking (mlp):  55%|█████▌    | 50621/91223 [00:18<00:14, 2710.43it/s]
Benchmarking (mlp):  56%|█████▌    | 50900/91223 [00:19<00:14, 2731.83it/s]
Benchmarking (mlp):  56%|█████▌    | 51178/91223 [00:19<00:14, 2744.89it/s]
Benchmarking (mlp):  56%|█████▋    | 51454/91223 [00:19<00:14, 2749.12it/s]
Benchmarking (mlp):  57%|█████▋    | 51729/91223 [00:19<00:14, 2737.74it/s]
Benchmarking (mlp):  57%|█████▋    | 52003/91223 [00:19<00:14, 2733.29it/s]
Benchmarking (mlp):  57%|█████▋    | 52277/91223 [00:19<00:14, 2731.30it/s]
Benchmarking (mlp):  58%|█████▊    | 52551/91223 [00:19<00:14, 2731.44it/s]
Benchmarking (mlp):  58%|█████▊    | 52825/91223 [00:19<00:14, 2727.58it/s]
Benchmarking (mlp):  58%|█████▊    | 53099/91223 [00:19<00:13, 2730.63it/s]
Benchmarking (mlp):  59%|█████▊    | 53377/91223 [00:19<00:13, 2744.70it/s]
Benchmarking (mlp):  59%|█████▉    | 53652/91223 [00:20<00:13, 2743.42it/s]
Benchmarking (mlp):  59%|█████▉    | 53929/91223 [00:20<00:13, 2749.13it/s]
Benchmarking (mlp):  59%|█████▉    | 54204/91223 [00:20<00:13, 2746.46it/s]
Benchmarking (mlp):  60%|█████▉    | 54481/91223 [00:20<00:13, 2751.56it/s]
Benchmarking (mlp):  60%|██████    | 54757/91223 [00:20<00:13, 2752.83it/s]
Benchmarking (mlp):  60%|██████    | 55035/91223 [00:20<00:13, 2758.38it/s]
Benchmarking (mlp):  61%|██████    | 55313/91223 [00:20<00:12, 2764.34it/s]
Benchmarking (mlp):  61%|██████    | 55590/91223 [00:20<00:13, 2739.18it/s]
Benchmarking (mlp):  61%|██████    | 55865/91223 [00:20<00:12, 2740.02it/s]
Benchmarking (mlp):  62%|██████▏   | 56142/91223 [00:20<00:12, 2746.76it/s]
Benchmarking (mlp):  62%|██████▏   | 56420/91223 [00:21<00:12, 2754.99it/s]
Benchmarking (mlp):  62%|██████▏   | 56696/91223 [00:21<00:12, 2733.79it/s]
Benchmarking (mlp):  62%|██████▏   | 56970/91223 [00:21<00:12, 2718.89it/s]
Benchmarking (mlp):  63%|██████▎   | 57244/91223 [00:21<00:12, 2722.36it/s]
Benchmarking (mlp):  63%|██████▎   | 57522/91223 [00:21<00:12, 2737.34it/s]
Benchmarking (mlp):  63%|██████▎   | 57802/91223 [00:21<00:12, 2754.13it/s]
Benchmarking (mlp):  64%|██████▎   | 58081/91223 [00:21<00:11, 2763.35it/s]
Benchmarking (mlp):  64%|██████▍   | 58360/91223 [00:21<00:11, 2770.98it/s]
Benchmarking (mlp):  64%|██████▍   | 58638/91223 [00:21<00:11, 2762.07it/s]
Benchmarking (mlp):  65%|██████▍   | 58916/91223 [00:21<00:11, 2766.99it/s]
Benchmarking (mlp):  65%|██████▍   | 59193/91223 [00:22<00:11, 2699.27it/s]
Benchmarking (mlp):  65%|██████▌   | 59464/91223 [00:22<00:11, 2669.37it/s]
Benchmarking (mlp):  65%|██████▌   | 59732/91223 [00:22<00:11, 2671.82it/s]
Benchmarking (mlp):  66%|██████▌   | 60001/91223 [00:22<00:11, 2675.74it/s]
Benchmarking (mlp):  66%|██████▌   | 60278/91223 [00:22<00:11, 2701.61it/s]
Benchmarking (mlp):  66%|██████▋   | 60557/91223 [00:22<00:11, 2726.89it/s]
Benchmarking (mlp):  67%|██████▋   | 60837/91223 [00:22<00:11, 2746.49it/s]
Benchmarking (mlp):  67%|██████▋   | 61117/91223 [00:22<00:10, 2760.70it/s]
Benchmarking (mlp):  67%|██████▋   | 61394/91223 [00:22<00:10, 2752.73it/s]
Benchmarking (mlp):  68%|██████▊   | 61670/91223 [00:22<00:10, 2731.21it/s]
Benchmarking (mlp):  68%|██████▊   | 61944/91223 [00:23<00:10, 2720.21it/s]
Benchmarking (mlp):  68%|██████▊   | 62217/91223 [00:23<00:10, 2714.29it/s]
Benchmarking (mlp):  69%|██████▊   | 62489/91223 [00:23<00:10, 2689.45it/s]
Benchmarking (mlp):  69%|██████▉   | 62759/91223 [00:23<00:10, 2668.72it/s]
Benchmarking (mlp):  69%|██████▉   | 63029/91223 [00:23<00:10, 2675.67it/s]
Benchmarking (mlp):  69%|██████▉   | 63305/91223 [00:23<00:10, 2697.98it/s]
Benchmarking (mlp):  70%|██████▉   | 63581/91223 [00:23<00:10, 2714.84it/s]
Benchmarking (mlp):  70%|███████   | 63859/91223 [00:23<00:10, 2733.97it/s]
Benchmarking (mlp):  70%|███████   | 64138/91223 [00:23<00:09, 2749.15it/s]
Benchmarking (mlp):  71%|███████   | 64415/91223 [00:24<00:09, 2753.52it/s]
Benchmarking (mlp):  71%|███████   | 64693/91223 [00:24<00:09, 2759.75it/s]
Benchmarking (mlp):  71%|███████   | 64974/91223 [00:24<00:09, 2772.40it/s]
Benchmarking (mlp):  72%|███████▏  | 65254/91223 [00:24<00:09, 2779.13it/s]
Benchmarking (mlp):  72%|███████▏  | 65533/91223 [00:24<00:09, 2780.24it/s]
Benchmarking (mlp):  72%|███████▏  | 65812/91223 [00:24<00:09, 2775.11it/s]
Benchmarking (mlp):  72%|███████▏  | 66091/91223 [00:24<00:09, 2776.96it/s]
Benchmarking (mlp):  73%|███████▎  | 66371/91223 [00:24<00:08, 2782.30it/s]
Benchmarking (mlp):  73%|███████▎  | 66651/91223 [00:24<00:08, 2787.03it/s]
Benchmarking (mlp):  73%|███████▎  | 66931/91223 [00:24<00:08, 2789.80it/s]
Benchmarking (mlp):  74%|███████▎  | 67211/91223 [00:25<00:08, 2790.77it/s]
Benchmarking (mlp):  74%|███████▍  | 67491/91223 [00:25<00:08, 2789.35it/s]
Benchmarking (mlp):  74%|███████▍  | 67772/91223 [00:25<00:08, 2794.56it/s]
Benchmarking (mlp):  75%|███████▍  | 68052/91223 [00:25<00:08, 2795.43it/s]
Benchmarking (mlp):  75%|███████▍  | 68332/91223 [00:25<00:08, 2794.44it/s]
Benchmarking (mlp):  75%|███████▌  | 68612/91223 [00:25<00:08, 2772.95it/s]
Benchmarking (mlp):  76%|███████▌  | 68890/91223 [00:25<00:08, 2740.88it/s]
Benchmarking (mlp):  76%|███████▌  | 69165/91223 [00:25<00:08, 2731.37it/s]
Benchmarking (mlp):  76%|███████▌  | 69439/91223 [00:25<00:08, 2722.83it/s]
Benchmarking (mlp):  76%|███████▋  | 69712/91223 [00:25<00:07, 2719.81it/s]
Benchmarking (mlp):  77%|███████▋  | 69985/91223 [00:26<00:07, 2716.39it/s]
Benchmarking (mlp):  77%|███████▋  | 70261/91223 [00:26<00:07, 2728.94it/s]
Benchmarking (mlp):  77%|███████▋  | 70534/91223 [00:26<00:07, 2686.02it/s]
Benchmarking (mlp):  78%|███████▊  | 70804/91223 [00:26<00:07, 2689.25it/s]
Benchmarking (mlp):  78%|███████▊  | 71075/91223 [00:26<00:07, 2692.03it/s]
Benchmarking (mlp):  78%|███████▊  | 71345/91223 [00:26<00:07, 2694.20it/s]
Benchmarking (mlp):  79%|███████▊  | 71622/91223 [00:26<00:07, 2715.69it/s]
Benchmarking (mlp):  79%|███████▉  | 71900/91223 [00:26<00:07, 2734.75it/s]
Benchmarking (mlp):  79%|███████▉  | 72180/91223 [00:26<00:06, 2752.54it/s]
Benchmarking (mlp):  79%|███████▉  | 72458/91223 [00:26<00:06, 2759.47it/s]
Benchmarking (mlp):  80%|███████▉  | 72735/91223 [00:27<00:06, 2761.74it/s]
Benchmarking (mlp):  80%|████████  | 73013/91223 [00:27<00:06, 2764.92it/s]
Benchmarking (mlp):  80%|████████  | 73291/91223 [00:27<00:06, 2768.45it/s]
Benchmarking (mlp):  81%|████████  | 73569/91223 [00:27<00:06, 2771.01it/s]
Benchmarking (mlp):  81%|████████  | 73848/91223 [00:27<00:06, 2775.43it/s]
Benchmarking (mlp):  81%|████████▏ | 74126/91223 [00:27<00:06, 2760.46it/s]
Benchmarking (mlp):  82%|████████▏ | 74403/91223 [00:27<00:06, 2718.96it/s]
Benchmarking (mlp):  82%|████████▏ | 74676/91223 [00:27<00:06, 2709.12it/s]
Benchmarking (mlp):  82%|████████▏ | 74948/91223 [00:27<00:06, 2708.88it/s]
Benchmarking (mlp):  82%|████████▏ | 75219/91223 [00:27<00:05, 2705.97it/s]
Benchmarking (mlp):  83%|████████▎ | 75490/91223 [00:28<00:05, 2704.42it/s]
Benchmarking (mlp):  83%|████████▎ | 75767/91223 [00:28<00:05, 2722.01it/s]
Benchmarking (mlp):  83%|████████▎ | 76045/91223 [00:28<00:05, 2738.32it/s]
Benchmarking (mlp):  84%|████████▎ | 76325/91223 [00:28<00:05, 2754.95it/s]
Benchmarking (mlp):  84%|████████▍ | 76604/91223 [00:28<00:05, 2764.47it/s]
Benchmarking (mlp):  84%|████████▍ | 76883/91223 [00:28<00:05, 2770.74it/s]
Benchmarking (mlp):  85%|████████▍ | 77161/91223 [00:28<00:05, 2738.65it/s]
Benchmarking (mlp):  85%|████████▍ | 77435/91223 [00:28<00:05, 2727.82it/s]
Benchmarking (mlp):  85%|████████▌ | 77708/91223 [00:28<00:04, 2725.60it/s]
Benchmarking (mlp):  85%|████████▌ | 77981/91223 [00:28<00:04, 2722.92it/s]
Benchmarking (mlp):  86%|████████▌ | 78254/91223 [00:29<00:04, 2720.66it/s]
Benchmarking (mlp):  86%|████████▌ | 78527/91223 [00:29<00:04, 2722.33it/s]
Benchmarking (mlp):  86%|████████▋ | 78804/91223 [00:29<00:04, 2735.49it/s]
Benchmarking (mlp):  87%|████████▋ | 79083/91223 [00:29<00:04, 2750.77it/s]
Benchmarking (mlp):  87%|████████▋ | 79359/91223 [00:29<00:04, 2712.86it/s]
Benchmarking (mlp):  87%|████████▋ | 79636/91223 [00:29<00:04, 2727.83it/s]
Benchmarking (mlp):  88%|████████▊ | 79909/91223 [00:29<00:04, 2715.94it/s]
Benchmarking (mlp):  88%|████████▊ | 80181/91223 [00:29<00:04, 2706.96it/s]
Benchmarking (mlp):  88%|████████▊ | 80452/91223 [00:29<00:03, 2703.33it/s]
Benchmarking (mlp):  88%|████████▊ | 80723/91223 [00:29<00:03, 2694.11it/s]
Benchmarking (mlp):  89%|████████▉ | 80995/91223 [00:30<00:03, 2699.37it/s]
Benchmarking (mlp):  89%|████████▉ | 81266/91223 [00:30<00:03, 2701.79it/s]
Benchmarking (mlp):  89%|████████▉ | 81538/91223 [00:30<00:03, 2705.19it/s]
Benchmarking (mlp):  90%|████████▉ | 81817/91223 [00:30<00:03, 2728.58it/s]
Benchmarking (mlp):  90%|████████▉ | 82095/91223 [00:30<00:03, 2743.02it/s]
Benchmarking (mlp):  90%|█████████ | 82375/91223 [00:30<00:03, 2757.62it/s]
Benchmarking (mlp):  91%|█████████ | 82651/91223 [00:30<00:03, 2745.78it/s]
Benchmarking (mlp):  91%|█████████ | 82926/91223 [00:30<00:03, 2739.02it/s]
Benchmarking (mlp):  91%|█████████ | 83202/91223 [00:30<00:02, 2742.48it/s]
Benchmarking (mlp):  92%|█████████▏| 83481/91223 [00:30<00:02, 2754.46it/s]
Benchmarking (mlp):  92%|█████████▏| 83761/91223 [00:31<00:02, 2766.43it/s]
Benchmarking (mlp):  92%|█████████▏| 84038/91223 [00:31<00:02, 2767.20it/s]
Benchmarking (mlp):  92%|█████████▏| 84317/91223 [00:31<00:02, 2772.58it/s]
Benchmarking (mlp):  93%|█████████▎| 84596/91223 [00:31<00:02, 2776.75it/s]
Benchmarking (mlp):  93%|█████████▎| 84874/91223 [00:31<00:02, 2777.23it/s]
Benchmarking (mlp):  93%|█████████▎| 85154/91223 [00:31<00:02, 2782.79it/s]
Benchmarking (mlp):  94%|█████████▎| 85433/91223 [00:31<00:02, 2765.63it/s]
Benchmarking (mlp):  94%|█████████▍| 85710/91223 [00:31<00:02, 2749.11it/s]
Benchmarking (mlp):  94%|█████████▍| 85985/91223 [00:31<00:01, 2737.31it/s]
Benchmarking (mlp):  95%|█████████▍| 86259/91223 [00:31<00:01, 2730.47it/s]
Benchmarking (mlp):  95%|█████████▍| 86533/91223 [00:32<00:01, 2729.00it/s]
Benchmarking (mlp):  95%|█████████▌| 86806/91223 [00:32<00:01, 2715.22it/s]
Benchmarking (mlp):  95%|█████████▌| 87082/91223 [00:32<00:01, 2727.76it/s]
Benchmarking (mlp):  96%|█████████▌| 87360/91223 [00:32<00:01, 2741.15it/s]
Benchmarking (mlp):  96%|█████████▌| 87639/91223 [00:32<00:01, 2753.60it/s]
Benchmarking (mlp):  96%|█████████▋| 87918/91223 [00:32<00:01, 2762.51it/s]
Benchmarking (mlp):  97%|█████████▋| 88195/91223 [00:32<00:01, 2759.19it/s]
Benchmarking (mlp):  97%|█████████▋| 88471/91223 [00:32<00:01, 2740.45it/s]
Benchmarking (mlp):  97%|█████████▋| 88746/91223 [00:32<00:00, 2729.50it/s]
Benchmarking (mlp):  98%|█████████▊| 89019/91223 [00:32<00:00, 2696.21it/s]
Benchmarking (mlp):  98%|█████████▊| 89289/91223 [00:33<00:00, 2691.29it/s]
Benchmarking (mlp):  98%|█████████▊| 89560/91223 [00:33<00:00, 2695.96it/s]
Benchmarking (mlp):  98%|█████████▊| 89830/91223 [00:33<00:00, 2695.48it/s]
Benchmarking (mlp):  99%|█████████▉| 90106/91223 [00:33<00:00, 2712.10it/s]
Benchmarking (mlp):  99%|█████████▉| 90378/91223 [00:33<00:00, 2710.85it/s]
Benchmarking (mlp):  99%|█████████▉| 90650/91223 [00:33<00:00, 2712.12it/s]
Benchmarking (mlp): 100%|█████████▉| 90927/91223 [00:33<00:00, 2727.56it/s]
Benchmarking (mlp): 100%|█████████▉| 91200/91223 [00:33<00:00, 2713.69it/s]
Benchmarking (mlp):   0%|          | 0/26063 [00:00<?, ?it/s]
Benchmarking (mlp):   1%|          | 276/26063 [00:00<00:09, 2756.71it/s]
Benchmarking (mlp):   2%|▏         | 558/26063 [00:00<00:09, 2789.68it/s]
Benchmarking (mlp):   3%|▎         | 839/26063 [00:00<00:09, 2797.08it/s]
Benchmarking (mlp):   4%|▍         | 1122/26063 [00:00<00:08, 2808.32it/s]
Benchmarking (mlp):   5%|▌         | 1404/26063 [00:00<00:08, 2812.33it/s]
Benchmarking (mlp):   6%|▋         | 1687/26063 [00:00<00:08, 2815.13it/s]
Benchmarking (mlp):   8%|▊         | 1969/26063 [00:00<00:08, 2815.74it/s]
Benchmarking (mlp):   9%|▊         | 2251/26063 [00:00<00:08, 2815.66it/s]
Benchmarking (mlp):  10%|▉         | 2534/26063 [00:00<00:08, 2817.42it/s]
Benchmarking (mlp):  11%|█         | 2817/26063 [00:01<00:08, 2818.50it/s]
Benchmarking (mlp):  12%|█▏        | 3099/26063 [00:01<00:08, 2816.49it/s]
Benchmarking (mlp):  13%|█▎        | 3381/26063 [00:01<00:08, 2816.31it/s]
Benchmarking (mlp):  14%|█▍        | 3663/26063 [00:01<00:07, 2816.28it/s]
Benchmarking (mlp):  15%|█▌        | 3945/26063 [00:01<00:07, 2815.43it/s]
Benchmarking (mlp):  16%|█▌        | 4227/26063 [00:01<00:07, 2815.72it/s]
Benchmarking (mlp):  17%|█▋        | 4509/26063 [00:01<00:07, 2805.55it/s]
Benchmarking (mlp):  18%|█▊        | 4790/26063 [00:01<00:07, 2794.79it/s]
Benchmarking (mlp):  19%|█▉        | 5072/26063 [00:01<00:07, 2799.51it/s]
Benchmarking (mlp):  21%|██        | 5352/26063 [00:01<00:07, 2799.42it/s]
Benchmarking (mlp):  22%|██▏       | 5633/26063 [00:02<00:07, 2801.46it/s]
Benchmarking (mlp):  23%|██▎       | 5914/26063 [00:02<00:07, 2802.33it/s]
Benchmarking (mlp):  24%|██▍       | 6195/26063 [00:02<00:07, 2803.20it/s]
Benchmarking (mlp):  25%|██▍       | 6476/26063 [00:02<00:06, 2804.15it/s]
Benchmarking (mlp):  26%|██▌       | 6758/26063 [00:02<00:06, 2807.97it/s]
Benchmarking (mlp):  27%|██▋       | 7040/26063 [00:02<00:06, 2809.66it/s]
Benchmarking (mlp):  28%|██▊       | 7322/26063 [00:02<00:06, 2810.12it/s]
Benchmarking (mlp):  29%|██▉       | 7604/26063 [00:02<00:06, 2811.68it/s]
Benchmarking (mlp):  30%|███       | 7886/26063 [00:02<00:06, 2812.26it/s]
Benchmarking (mlp):  31%|███▏      | 8168/26063 [00:02<00:06, 2812.01it/s]
Benchmarking (mlp):  32%|███▏      | 8450/26063 [00:03<00:06, 2811.28it/s]
Benchmarking (mlp):  34%|███▎      | 8732/26063 [00:03<00:06, 2811.97it/s]
Benchmarking (mlp):  35%|███▍      | 9014/26063 [00:03<00:06, 2813.75it/s]
Benchmarking (mlp):  36%|███▌      | 9296/26063 [00:03<00:05, 2814.19it/s]
Benchmarking (mlp):  37%|███▋      | 9578/26063 [00:03<00:05, 2815.25it/s]
Benchmarking (mlp):  38%|███▊      | 9860/26063 [00:03<00:05, 2811.24it/s]
Benchmarking (mlp):  39%|███▉      | 10142/26063 [00:03<00:05, 2807.09it/s]
Benchmarking (mlp):  40%|███▉      | 10424/26063 [00:03<00:05, 2808.26it/s]
Benchmarking (mlp):  41%|████      | 10705/26063 [00:03<00:05, 2808.21it/s]
Benchmarking (mlp):  42%|████▏     | 10986/26063 [00:03<00:05, 2776.57it/s]
Benchmarking (mlp):  43%|████▎     | 11264/26063 [00:04<00:05, 2775.33it/s]
Benchmarking (mlp):  44%|████▍     | 11545/26063 [00:04<00:05, 2783.03it/s]
Benchmarking (mlp):  45%|████▌     | 11825/26063 [00:04<00:05, 2786.86it/s]
Benchmarking (mlp):  46%|████▋     | 12104/26063 [00:04<00:05, 2787.72it/s]
Benchmarking (mlp):  48%|████▊     | 12384/26063 [00:04<00:04, 2788.76it/s]
Benchmarking (mlp):  49%|████▊     | 12663/26063 [00:04<00:04, 2788.14it/s]
Benchmarking (mlp):  50%|████▉     | 12943/26063 [00:04<00:04, 2789.87it/s]
Benchmarking (mlp):  51%|█████     | 13223/26063 [00:04<00:04, 2792.33it/s]
Benchmarking (mlp):  52%|█████▏    | 13503/26063 [00:04<00:04, 2791.21it/s]
Benchmarking (mlp):  53%|█████▎    | 13783/26063 [00:04<00:04, 2792.55it/s]
Benchmarking (mlp):  54%|█████▍    | 14063/26063 [00:05<00:04, 2793.51it/s]
Benchmarking (mlp):  55%|█████▌    | 14343/26063 [00:05<00:04, 2794.98it/s]
Benchmarking (mlp):  56%|█████▌    | 14623/26063 [00:05<00:04, 2795.87it/s]
Benchmarking (mlp):  57%|█████▋    | 14903/26063 [00:05<00:04, 2785.44it/s]
Benchmarking (mlp):  58%|█████▊    | 15182/26063 [00:05<00:03, 2785.11it/s]
Benchmarking (mlp):  59%|█████▉    | 15462/26063 [00:05<00:03, 2788.59it/s]
Benchmarking (mlp):  60%|██████    | 15742/26063 [00:05<00:03, 2791.48it/s]
Benchmarking (mlp):  61%|██████▏   | 16022/26063 [00:05<00:03, 2780.37it/s]
Benchmarking (mlp):  63%|██████▎   | 16301/26063 [00:05<00:03, 2770.87it/s]
Benchmarking (mlp):  64%|██████▎   | 16579/26063 [00:05<00:03, 2765.86it/s]
Benchmarking (mlp):  65%|██████▍   | 16856/26063 [00:06<00:03, 2763.61it/s]
Benchmarking (mlp):  66%|██████▌   | 17133/26063 [00:06<00:03, 2764.22it/s]
Benchmarking (mlp):  67%|██████▋   | 17410/26063 [00:06<00:03, 2755.21it/s]
Benchmarking (mlp):  68%|██████▊   | 17686/26063 [00:06<00:03, 2750.70it/s]
Benchmarking (mlp):  69%|██████▉   | 17965/26063 [00:06<00:02, 2759.70it/s]
Benchmarking (mlp):  70%|██████▉   | 18241/26063 [00:06<00:02, 2755.98it/s]
Benchmarking (mlp):  71%|███████   | 18517/26063 [00:06<00:02, 2728.75it/s]
Benchmarking (mlp):  72%|███████▏  | 18790/26063 [00:06<00:02, 2725.02it/s]
Benchmarking (mlp):  73%|███████▎  | 19063/26063 [00:06<00:02, 2721.95it/s]
Benchmarking (mlp):  74%|███████▍  | 19336/26063 [00:06<00:02, 2719.54it/s]
Benchmarking (mlp):  75%|███████▌  | 19614/26063 [00:07<00:02, 2736.46it/s]
Benchmarking (mlp):  76%|███████▋  | 19890/26063 [00:07<00:02, 2741.13it/s]
Benchmarking (mlp):  77%|███████▋  | 20169/26063 [00:07<00:02, 2753.54it/s]
Benchmarking (mlp):  78%|███████▊  | 20448/26063 [00:07<00:02, 2764.10it/s]
Benchmarking (mlp):  80%|███████▉  | 20728/26063 [00:07<00:01, 2772.94it/s]
Benchmarking (mlp):  81%|████████  | 21007/26063 [00:07<00:01, 2776.00it/s]
Benchmarking (mlp):  82%|████████▏ | 21287/26063 [00:07<00:01, 2780.72it/s]
Benchmarking (mlp):  83%|████████▎ | 21568/26063 [00:07<00:01, 2786.88it/s]
Benchmarking (mlp):  84%|████████▍ | 21847/26063 [00:07<00:01, 2780.66it/s]
Benchmarking (mlp):  85%|████████▍ | 22127/26063 [00:07<00:01, 2784.60it/s]
Benchmarking (mlp):  86%|████████▌ | 22406/26063 [00:08<00:01, 2758.92it/s]
Benchmarking (mlp):  87%|████████▋ | 22682/26063 [00:08<00:01, 2756.66it/s]
Benchmarking (mlp):  88%|████████▊ | 22958/26063 [00:08<00:01, 2740.49it/s]
Benchmarking (mlp):  89%|████████▉ | 23233/26063 [00:08<00:01, 2733.27it/s]
Benchmarking (mlp):  90%|█████████ | 23507/26063 [00:08<00:00, 2730.40it/s]
Benchmarking (mlp):  91%|█████████ | 23781/26063 [00:08<00:00, 2717.92it/s]
Benchmarking (mlp):  92%|█████████▏| 24053/26063 [00:08<00:00, 2713.58it/s]
Benchmarking (mlp):  93%|█████████▎| 24325/26063 [00:08<00:00, 2709.58it/s]
Benchmarking (mlp):  94%|█████████▍| 24596/26063 [00:08<00:00, 2699.47it/s]
Benchmarking (mlp):  95%|█████████▌| 24867/26063 [00:08<00:00, 2700.26it/s]
Benchmarking (mlp):  96%|█████████▋| 25138/26063 [00:09<00:00, 2698.58it/s]
Benchmarking (mlp):  97%|█████████▋| 25411/26063 [00:09<00:00, 2706.17it/s]
Benchmarking (mlp):  99%|█████████▊| 25682/26063 [00:09<00:00, 2705.07it/s]
Benchmarking (mlp): 100%|█████████▉| 25953/26063 [00:09<00:00, 2690.98it/s]
Benchmarking (mlp):   0%|          | 0/13033 [00:00<?, ?it/s]
Benchmarking (mlp):   2%|▏         | 274/13033 [00:00<00:04, 2736.65it/s]
Benchmarking (mlp):   4%|▍         | 554/13033 [00:00<00:04, 2772.07it/s]
Benchmarking (mlp):   6%|▋         | 835/13033 [00:00<00:04, 2786.10it/s]
Benchmarking (mlp):   9%|▊         | 1115/13033 [00:00<00:04, 2788.16it/s]
Benchmarking (mlp):  11%|█         | 1394/13033 [00:00<00:04, 2784.42it/s]
Benchmarking (mlp):  13%|█▎        | 1673/13033 [00:00<00:04, 2784.56it/s]
Benchmarking (mlp):  15%|█▍        | 1952/13033 [00:00<00:03, 2785.75it/s]
Benchmarking (mlp):  17%|█▋        | 2231/13033 [00:00<00:03, 2786.02it/s]
Benchmarking (mlp):  19%|█▉        | 2512/13033 [00:00<00:03, 2790.53it/s]
Benchmarking (mlp):  21%|██▏       | 2792/13033 [00:01<00:03, 2691.61it/s]
Benchmarking (mlp):  23%|██▎       | 3062/13033 [00:01<00:03, 2568.48it/s]
Benchmarking (mlp):  26%|██▌       | 3334/13033 [00:01<00:03, 2609.89it/s]
Benchmarking (mlp):  28%|██▊       | 3607/13033 [00:01<00:03, 2643.14it/s]
Benchmarking (mlp):  30%|██▉       | 3886/13033 [00:01<00:03, 2684.46it/s]
Benchmarking (mlp):  32%|███▏      | 4160/13033 [00:01<00:03, 2698.52it/s]
Benchmarking (mlp):  34%|███▍      | 4431/13033 [00:01<00:03, 2515.82it/s]
Benchmarking (mlp):  36%|███▌      | 4686/13033 [00:01<00:04, 2002.68it/s]
Benchmarking (mlp):  38%|███▊      | 4904/13033 [00:02<00:04, 1740.13it/s]
Benchmarking (mlp):  39%|███▉      | 5095/13033 [00:02<00:04, 1644.84it/s]
Benchmarking (mlp):  41%|████      | 5375/13033 [00:02<00:04, 1910.53it/s]
Benchmarking (mlp):  43%|████▎     | 5644/13033 [00:02<00:03, 2103.89it/s]
Benchmarking (mlp):  45%|████▌     | 5916/13033 [00:02<00:03, 2263.56it/s]
Benchmarking (mlp):  47%|████▋     | 6190/13033 [00:02<00:02, 2390.86it/s]
Benchmarking (mlp):  50%|████▉     | 6464/13033 [00:02<00:02, 2488.36it/s]
Benchmarking (mlp):  52%|█████▏    | 6721/13033 [00:02<00:02, 2466.19it/s]
Benchmarking (mlp):  54%|█████▎    | 6974/13033 [00:02<00:03, 2002.16it/s]
Benchmarking (mlp):  55%|█████▌    | 7192/13033 [00:03<00:03, 1793.78it/s]
Benchmarking (mlp):  57%|█████▋    | 7442/13033 [00:03<00:02, 1960.41it/s]
Benchmarking (mlp):  59%|█████▉    | 7721/13033 [00:03<00:02, 2168.58it/s]
Benchmarking (mlp):  61%|██████▏   | 8001/13033 [00:03<00:02, 2334.33it/s]
Benchmarking (mlp):  64%|██████▎   | 8278/13033 [00:03<00:01, 2453.48it/s]
Benchmarking (mlp):  66%|██████▌   | 8557/13033 [00:03<00:01, 2545.75it/s]
Benchmarking (mlp):  68%|██████▊   | 8837/13033 [00:03<00:01, 2618.02it/s]
Benchmarking (mlp):  70%|██████▉   | 9105/13033 [00:03<00:01, 2169.67it/s]
Benchmarking (mlp):  72%|███████▏  | 9339/13033 [00:04<00:01, 1946.39it/s]
Benchmarking (mlp):  73%|███████▎  | 9579/13033 [00:04<00:01, 2056.05it/s]
Benchmarking (mlp):  76%|███████▌  | 9856/13033 [00:04<00:01, 2238.84it/s]
Benchmarking (mlp):  78%|███████▊  | 10136/13033 [00:04<00:01, 2389.06it/s]
Benchmarking (mlp):  80%|███████▉  | 10416/13033 [00:04<00:01, 2501.66it/s]
Benchmarking (mlp):  82%|████████▏ | 10695/13033 [00:04<00:00, 2583.08it/s]
Benchmarking (mlp):  84%|████████▍ | 10965/13033 [00:04<00:00, 2615.57it/s]
Benchmarking (mlp):  86%|████████▌ | 11236/13033 [00:04<00:00, 2640.95it/s]
Benchmarking (mlp):  88%|████████▊ | 11504/13033 [00:04<00:00, 1923.61it/s]
Benchmarking (mlp):  90%|████████▉ | 11727/13033 [00:05<00:00, 1602.07it/s]
Benchmarking (mlp):  92%|█████████▏| 12003/13033 [00:05<00:00, 1845.86it/s]
Benchmarking (mlp):  94%|█████████▍| 12280/13033 [00:05<00:00, 2059.58it/s]
Benchmarking (mlp):  96%|█████████▋| 12557/13033 [00:05<00:00, 2235.73it/s]
Benchmarking (mlp):  98%|█████████▊| 12828/13033 [00:05<00:00, 2358.57it/s]
Benchmarking (mlp):   0%|          | 0/91223 [00:00<?, ?it/s]
Benchmarking (mlp):   0%|          | 154/91223 [00:00<00:59, 1526.11it/s]
Benchmarking (mlp):   0%|          | 307/91223 [00:00<01:41, 898.93it/s]
Benchmarking (mlp):   0%|          | 411/91223 [00:00<02:25, 625.77it/s]
Benchmarking (mlp):   1%|          | 487/91223 [00:00<02:43, 553.27it/s]
Benchmarking (mlp):   1%|          | 689/91223 [00:00<01:43, 878.93it/s]
Benchmarking (mlp):   1%|          | 855/91223 [00:00<01:24, 1066.34it/s]
Benchmarking (mlp):   1%|          | 1128/91223 [00:01<01:01, 1470.51it/s]
Benchmarking (mlp):   1%|▏         | 1301/91223 [00:01<01:17, 1167.02it/s]
Benchmarking (mlp):   2%|▏         | 1444/91223 [00:01<01:29, 1005.42it/s]
Benchmarking (mlp):   2%|▏         | 1608/91223 [00:01<01:18, 1135.56it/s]
Benchmarking (mlp):   2%|▏         | 1880/91223 [00:01<00:59, 1495.95it/s]
Benchmarking (mlp):   2%|▏         | 2160/91223 [00:01<00:49, 1814.98it/s]
Benchmarking (mlp):   3%|▎         | 2439/91223 [00:01<00:42, 2067.31it/s]
Benchmarking (mlp):   3%|▎         | 2718/91223 [00:01<00:39, 2262.27it/s]
Benchmarking (mlp):   3%|▎         | 2962/91223 [00:02<00:39, 2239.96it/s]
Benchmarking (mlp):   4%|▎         | 3199/91223 [00:02<01:06, 1333.33it/s]
Benchmarking (mlp):   4%|▍         | 3470/91223 [00:02<00:55, 1592.74it/s]
Benchmarking (mlp):   4%|▍         | 3743/91223 [00:02<00:47, 1834.01it/s]
Benchmarking (mlp):   4%|▍         | 4020/91223 [00:02<00:42, 2050.76it/s]
Benchmarking (mlp):   5%|▍         | 4292/91223 [00:02<00:39, 2215.89it/s]
Benchmarking (mlp):   5%|▌         | 4566/91223 [00:02<00:36, 2352.87it/s]
Benchmarking (mlp):   5%|▌         | 4845/91223 [00:03<00:34, 2469.83it/s]
Benchmarking (mlp):   6%|▌         | 5110/91223 [00:03<00:58, 1466.54it/s]
Benchmarking (mlp):   6%|▌         | 5318/91223 [00:03<00:56, 1523.97it/s]
Benchmarking (mlp):   6%|▌         | 5590/91223 [00:03<00:48, 1770.45it/s]
Benchmarking (mlp):   6%|▋         | 5854/91223 [00:03<00:43, 1967.32it/s]
Benchmarking (mlp):   7%|▋         | 6133/91223 [00:03<00:39, 2168.69it/s]
Benchmarking (mlp):   7%|▋         | 6415/91223 [00:03<00:36, 2337.11it/s]
Benchmarking (mlp):   7%|▋         | 6697/91223 [00:04<00:34, 2466.34it/s]
Benchmarking (mlp):   8%|▊         | 6962/91223 [00:04<00:54, 1560.12it/s]
Benchmarking (mlp):   8%|▊         | 7244/91223 [00:04<00:46, 1808.37it/s]
Benchmarking (mlp):   8%|▊         | 7520/91223 [00:04<00:41, 2016.69it/s]
Benchmarking (mlp):   9%|▊         | 7799/91223 [00:04<00:37, 2200.74it/s]
Benchmarking (mlp):   9%|▉         | 8081/91223 [00:04<00:35, 2356.31it/s]
Benchmarking (mlp):   9%|▉         | 8358/91223 [00:04<00:33, 2464.89it/s]
Benchmarking (mlp):   9%|▉         | 8638/91223 [00:04<00:32, 2554.93it/s]
Benchmarking (mlp):  10%|▉         | 8918/91223 [00:05<00:31, 2622.75it/s]
Benchmarking (mlp):  10%|█         | 9197/91223 [00:05<00:30, 2668.34it/s]
Benchmarking (mlp):  10%|█         | 9475/91223 [00:05<00:30, 2700.73it/s]
Benchmarking (mlp):  11%|█         | 9755/91223 [00:05<00:29, 2728.70it/s]
Benchmarking (mlp):  11%|█         | 10034/91223 [00:05<00:29, 2746.45it/s]
Benchmarking (mlp):  11%|█▏        | 10314/91223 [00:05<00:29, 2759.33it/s]
Benchmarking (mlp):  12%|█▏        | 10592/91223 [00:05<00:29, 2765.41it/s]
Benchmarking (mlp):  12%|█▏        | 10871/91223 [00:05<00:28, 2771.31it/s]
Benchmarking (mlp):  12%|█▏        | 11150/91223 [00:05<00:28, 2767.62it/s]
Benchmarking (mlp):  13%|█▎        | 11429/91223 [00:05<00:28, 2773.97it/s]
Benchmarking (mlp):  13%|█▎        | 11711/91223 [00:06<00:28, 2785.08it/s]
Benchmarking (mlp):  13%|█▎        | 11990/91223 [00:06<00:28, 2785.40it/s]
Benchmarking (mlp):  13%|█▎        | 12270/91223 [00:06<00:28, 2787.20it/s]
Benchmarking (mlp):  14%|█▍        | 12552/91223 [00:06<00:28, 2794.09it/s]
Benchmarking (mlp):  14%|█▍        | 12833/91223 [00:06<00:28, 2798.35it/s]
Benchmarking (mlp):  14%|█▍        | 13115/91223 [00:06<00:27, 2802.91it/s]
Benchmarking (mlp):  15%|█▍        | 13397/91223 [00:06<00:27, 2805.24it/s]
Benchmarking (mlp):  15%|█▍        | 13678/91223 [00:06<00:27, 2805.58it/s]
Benchmarking (mlp):  15%|█▌        | 13959/91223 [00:06<00:27, 2806.14it/s]
Benchmarking (mlp):  16%|█▌        | 14240/91223 [00:06<00:27, 2803.10it/s]
Benchmarking (mlp):  16%|█▌        | 14521/91223 [00:07<00:27, 2802.04it/s]
Benchmarking (mlp):  16%|█▌        | 14802/91223 [00:07<00:27, 2803.54it/s]
Benchmarking (mlp):  17%|█▋        | 15083/91223 [00:07<00:27, 2803.78it/s]
Benchmarking (mlp):  17%|█▋        | 15364/91223 [00:07<00:27, 2804.68it/s]
Benchmarking (mlp):  17%|█▋        | 15645/91223 [00:07<00:27, 2793.93it/s]
Benchmarking (mlp):  17%|█▋        | 15925/91223 [00:07<00:27, 2778.88it/s]
Benchmarking (mlp):  18%|█▊        | 16203/91223 [00:07<00:27, 2760.98it/s]
Benchmarking (mlp):  18%|█▊        | 16480/91223 [00:07<00:27, 2757.98it/s]
Benchmarking (mlp):  18%|█▊        | 16756/91223 [00:07<00:27, 2755.02it/s]
Benchmarking (mlp):  19%|█▊        | 17035/91223 [00:07<00:26, 2763.60it/s]
Benchmarking (mlp):  19%|█▉        | 17312/91223 [00:08<00:26, 2745.82it/s]
Benchmarking (mlp):  19%|█▉        | 17589/91223 [00:08<00:26, 2751.90it/s]
Benchmarking (mlp):  20%|█▉        | 17865/91223 [00:08<00:26, 2749.94it/s]
Benchmarking (mlp):  20%|█▉        | 18143/91223 [00:08<00:26, 2757.73it/s]
Benchmarking (mlp):  20%|██        | 18420/91223 [00:08<00:26, 2760.97it/s]
Benchmarking (mlp):  20%|██        | 18700/91223 [00:08<00:26, 2769.95it/s]
Benchmarking (mlp):  21%|██        | 18980/91223 [00:08<00:26, 2777.82it/s]
Benchmarking (mlp):  21%|██        | 19258/91223 [00:08<00:26, 2754.78it/s]
Benchmarking (mlp):  21%|██▏       | 19534/91223 [00:08<00:26, 2748.08it/s]
Benchmarking (mlp):  22%|██▏       | 19809/91223 [00:08<00:25, 2747.82it/s]
Benchmarking (mlp):  22%|██▏       | 20084/91223 [00:09<00:25, 2745.05it/s]
Benchmarking (mlp):  22%|██▏       | 20359/91223 [00:09<00:25, 2744.57it/s]
Benchmarking (mlp):  23%|██▎       | 20634/91223 [00:09<00:25, 2730.50it/s]
Benchmarking (mlp):  23%|██▎       | 20912/91223 [00:09<00:25, 2743.75it/s]
Benchmarking (mlp):  23%|██▎       | 21187/91223 [00:09<00:25, 2739.82it/s]
Benchmarking (mlp):  24%|██▎       | 21466/91223 [00:09<00:25, 2753.85it/s]
Benchmarking (mlp):  24%|██▍       | 21742/91223 [00:09<00:25, 2747.51it/s]
Benchmarking (mlp):  24%|██▍       | 22020/91223 [00:09<00:25, 2756.10it/s]
Benchmarking (mlp):  24%|██▍       | 22300/91223 [00:09<00:24, 2768.20it/s]
Benchmarking (mlp):  25%|██▍       | 22579/91223 [00:09<00:24, 2772.43it/s]
Benchmarking (mlp):  25%|██▌       | 22859/91223 [00:10<00:24, 2780.15it/s]
Benchmarking (mlp):  25%|██▌       | 23138/91223 [00:10<00:24, 2775.98it/s]
Benchmarking (mlp):  26%|██▌       | 23416/91223 [00:10<00:24, 2772.42it/s]
Benchmarking (mlp):  26%|██▌       | 23694/91223 [00:10<00:24, 2759.34it/s]
Benchmarking (mlp):  26%|██▋       | 23970/91223 [00:10<00:24, 2748.72it/s]
Benchmarking (mlp):  27%|██▋       | 24245/91223 [00:10<00:24, 2745.04it/s]
Benchmarking (mlp):  27%|██▋       | 24520/91223 [00:10<00:24, 2734.36it/s]
Benchmarking (mlp):  27%|██▋       | 24794/91223 [00:10<00:24, 2729.72it/s]
Benchmarking (mlp):  27%|██▋       | 25072/91223 [00:10<00:24, 2741.98it/s]
Benchmarking (mlp):  28%|██▊       | 25351/91223 [00:10<00:23, 2755.93it/s]
Benchmarking (mlp):  28%|██▊       | 25630/91223 [00:11<00:23, 2764.44it/s]
Benchmarking (mlp):  28%|██▊       | 25909/91223 [00:11<00:23, 2771.24it/s]
Benchmarking (mlp):  29%|██▊       | 26188/91223 [00:11<00:23, 2775.74it/s]
Benchmarking (mlp):  29%|██▉       | 26466/91223 [00:11<00:23, 2775.46it/s]
Benchmarking (mlp):  29%|██▉       | 26745/91223 [00:11<00:23, 2779.01it/s]
Benchmarking (mlp):  30%|██▉       | 27023/91223 [00:11<00:23, 2769.09it/s]
Benchmarking (mlp):  30%|██▉       | 27302/91223 [00:11<00:23, 2775.25it/s]
Benchmarking (mlp):  30%|███       | 27580/91223 [00:11<00:22, 2770.20it/s]
Benchmarking (mlp):  31%|███       | 27858/91223 [00:11<00:22, 2766.48it/s]
Benchmarking (mlp):  31%|███       | 28137/91223 [00:11<00:22, 2770.89it/s]
Benchmarking (mlp):  31%|███       | 28416/91223 [00:12<00:22, 2775.25it/s]
Benchmarking (mlp):  31%|███▏      | 28695/91223 [00:12<00:22, 2778.56it/s]
Benchmarking (mlp):  32%|███▏      | 28974/91223 [00:12<00:22, 2780.81it/s]
Benchmarking (mlp):  32%|███▏      | 29253/91223 [00:12<00:22, 2772.09it/s]
Benchmarking (mlp):  32%|███▏      | 29532/91223 [00:12<00:22, 2777.28it/s]
Benchmarking (mlp):  33%|███▎      | 29811/91223 [00:12<00:22, 2780.24it/s]
Benchmarking (mlp):  33%|███▎      | 30090/91223 [00:12<00:22, 2772.23it/s]
Benchmarking (mlp):  33%|███▎      | 30368/91223 [00:12<00:22, 2760.30it/s]
Benchmarking (mlp):  34%|███▎      | 30645/91223 [00:12<00:21, 2758.24it/s]
Benchmarking (mlp):  34%|███▍      | 30922/91223 [00:12<00:21, 2758.72it/s]
Benchmarking (mlp):  34%|███▍      | 31198/91223 [00:13<00:21, 2748.57it/s]
Benchmarking (mlp):  35%|███▍      | 31473/91223 [00:13<00:21, 2738.24it/s]
Benchmarking (mlp):  35%|███▍      | 31748/91223 [00:13<00:21, 2740.12it/s]
Benchmarking (mlp):  35%|███▌      | 32023/91223 [00:13<00:21, 2741.53it/s]
Benchmarking (mlp):  35%|███▌      | 32299/91223 [00:13<00:21, 2746.23it/s]
Benchmarking (mlp):  36%|███▌      | 32577/91223 [00:13<00:21, 2755.57it/s]
Benchmarking (mlp):  36%|███▌      | 32855/91223 [00:13<00:21, 2762.69it/s]
Benchmarking (mlp):  36%|███▋      | 33132/91223 [00:13<00:21, 2756.58it/s]
Benchmarking (mlp):  37%|███▋      | 33408/91223 [00:13<00:21, 2737.94it/s]
Benchmarking (mlp):  37%|███▋      | 33687/91223 [00:13<00:20, 2751.46it/s]
Benchmarking (mlp):  37%|███▋      | 33963/91223 [00:14<00:20, 2751.82it/s]
Benchmarking (mlp):  38%|███▊      | 34242/91223 [00:14<00:20, 2759.14it/s]
Benchmarking (mlp):  38%|███▊      | 34518/91223 [00:14<00:20, 2746.12it/s]
Benchmarking (mlp):  38%|███▊      | 34793/91223 [00:14<00:20, 2729.42it/s]
Benchmarking (mlp):  38%|███▊      | 35066/91223 [00:14<00:20, 2719.56it/s]
Benchmarking (mlp):  39%|███▊      | 35338/91223 [00:14<00:20, 2719.62it/s]
Benchmarking (mlp):  39%|███▉      | 35616/91223 [00:14<00:20, 2734.82it/s]
Benchmarking (mlp):  39%|███▉      | 35896/91223 [00:14<00:20, 2753.10it/s]
Benchmarking (mlp):  40%|███▉      | 36174/91223 [00:14<00:19, 2760.01it/s]
Benchmarking (mlp):  40%|███▉      | 36451/91223 [00:15<00:19, 2761.53it/s]
Benchmarking (mlp):  40%|████      | 36729/91223 [00:15<00:19, 2765.82it/s]
Benchmarking (mlp):  41%|████      | 37008/91223 [00:15<00:19, 2771.44it/s]
Benchmarking (mlp):  41%|████      | 37288/91223 [00:15<00:19, 2778.98it/s]
Benchmarking (mlp):  41%|████      | 37566/91223 [00:15<00:19, 2775.22it/s]
Benchmarking (mlp):  41%|████▏     | 37844/91223 [00:15<00:19, 2750.77it/s]
Benchmarking (mlp):  42%|████▏     | 38120/91223 [00:15<00:19, 2733.23it/s]
Benchmarking (mlp):  42%|████▏     | 38394/91223 [00:15<00:19, 2710.33it/s]
Benchmarking (mlp):  42%|████▏     | 38672/91223 [00:15<00:19, 2728.26it/s]
Benchmarking (mlp):  43%|████▎     | 38945/91223 [00:15<00:19, 2722.61it/s]
Benchmarking (mlp):  43%|████▎     | 39218/91223 [00:16<00:19, 2644.70it/s]
Benchmarking (mlp):  43%|████▎     | 39483/91223 [00:16<00:19, 2640.91it/s]
Benchmarking (mlp):  44%|████▎     | 39748/91223 [00:16<00:19, 2632.11it/s]
Benchmarking (mlp):  44%|████▍     | 40012/91223 [00:16<00:19, 2597.89it/s]
Benchmarking (mlp):  44%|████▍     | 40275/91223 [00:16<00:19, 2606.46it/s]
Benchmarking (mlp):  44%|████▍     | 40544/91223 [00:16<00:19, 2628.82it/s]
Benchmarking (mlp):  45%|████▍     | 40811/91223 [00:16<00:19, 2638.50it/s]
Benchmarking (mlp):  45%|████▌     | 41079/91223 [00:16<00:18, 2649.59it/s]
Benchmarking (mlp):  45%|████▌     | 41350/91223 [00:16<00:18, 2666.25it/s]
Benchmarking (mlp):  46%|████▌     | 41626/91223 [00:16<00:18, 2693.59it/s]
Benchmarking (mlp):  46%|████▌     | 41896/91223 [00:17<00:18, 2683.34it/s]
Benchmarking (mlp):  46%|████▌     | 42174/91223 [00:17<00:18, 2710.87it/s]
Benchmarking (mlp):  47%|████▋     | 42446/91223 [00:17<00:17, 2712.27it/s]
Benchmarking (mlp):  47%|████▋     | 42722/91223 [00:17<00:17, 2723.50it/s]
Benchmarking (mlp):  47%|████▋     | 43000/91223 [00:17<00:17, 2737.80it/s]
Benchmarking (mlp):  47%|████▋     | 43277/91223 [00:17<00:17, 2745.74it/s]
Benchmarking (mlp):  48%|████▊     | 43554/91223 [00:17<00:17, 2750.25it/s]
Benchmarking (mlp):  48%|████▊     | 43830/91223 [00:17<00:17, 2745.26it/s]
Benchmarking (mlp):  48%|████▊     | 44105/91223 [00:17<00:17, 2744.34it/s]
Benchmarking (mlp):  49%|████▊     | 44380/91223 [00:17<00:17, 2743.66it/s]
Benchmarking (mlp):  49%|████▉     | 44660/91223 [00:18<00:16, 2759.89it/s]
Benchmarking (mlp):  49%|████▉     | 44937/91223 [00:18<00:16, 2760.25it/s]
Benchmarking (mlp):  50%|████▉     | 45216/91223 [00:18<00:16, 2768.13it/s]
Benchmarking (mlp):  50%|████▉     | 45496/91223 [00:18<00:16, 2775.40it/s]
Benchmarking (mlp):  50%|█████     | 45774/91223 [00:18<00:16, 2770.05it/s]
Benchmarking (mlp):  50%|█████     | 46052/91223 [00:18<00:16, 2772.52it/s]
Benchmarking (mlp):  51%|█████     | 46331/91223 [00:18<00:16, 2775.26it/s]
Benchmarking (mlp):  51%|█████     | 46609/91223 [00:18<00:16, 2739.88it/s]
Benchmarking (mlp):  51%|█████▏    | 46886/91223 [00:18<00:16, 2747.06it/s]
Benchmarking (mlp):  52%|█████▏    | 47161/91223 [00:18<00:16, 2742.50it/s]
Benchmarking (mlp):  52%|█████▏    | 47438/91223 [00:19<00:15, 2749.37it/s]
Benchmarking (mlp):  52%|█████▏    | 47715/91223 [00:19<00:15, 2754.73it/s]
Benchmarking (mlp):  53%|█████▎    | 47996/91223 [00:19<00:15, 2768.41it/s]
Benchmarking (mlp):  53%|█████▎    | 48273/91223 [00:19<00:15, 2760.52it/s]
Benchmarking (mlp):  53%|█████▎    | 48553/91223 [00:19<00:15, 2770.00it/s]
Benchmarking (mlp):  54%|█████▎    | 48831/91223 [00:19<00:15, 2765.27it/s]
Benchmarking (mlp):  54%|█████▍    | 49108/91223 [00:19<00:15, 2755.10it/s]
Benchmarking (mlp):  54%|█████▍    | 49384/91223 [00:19<00:15, 2750.02it/s]
Benchmarking (mlp):  54%|█████▍    | 49664/91223 [00:19<00:15, 2761.97it/s]
Benchmarking (mlp):  55%|█████▍    | 49944/91223 [00:19<00:14, 2770.54it/s]
Benchmarking (mlp):  55%|█████▌    | 50223/91223 [00:20<00:14, 2776.17it/s]
Benchmarking (mlp):  55%|█████▌    | 50501/91223 [00:20<00:14, 2762.96it/s]
Benchmarking (mlp):  56%|█████▌    | 50778/91223 [00:20<00:14, 2752.09it/s]
Benchmarking (mlp):  56%|█████▌    | 51054/91223 [00:20<00:14, 2749.80it/s]
Benchmarking (mlp):  56%|█████▋    | 51329/91223 [00:20<00:14, 2746.45it/s]
Benchmarking (mlp):  57%|█████▋    | 51604/91223 [00:20<00:14, 2741.53it/s]
Benchmarking (mlp):  57%|█████▋    | 51879/91223 [00:20<00:14, 2738.22it/s]
Benchmarking (mlp):  57%|█████▋    | 52157/91223 [00:20<00:14, 2750.60it/s]
Benchmarking (mlp):  57%|█████▋    | 52436/91223 [00:20<00:14, 2759.86it/s]
Benchmarking (mlp):  58%|█████▊    | 52715/91223 [00:20<00:13, 2766.95it/s]
Benchmarking (mlp):  58%|█████▊    | 52992/91223 [00:21<00:13, 2761.86it/s]
Benchmarking (mlp):  58%|█████▊    | 53270/91223 [00:21<00:13, 2765.03it/s]
Benchmarking (mlp):  59%|█████▊    | 53547/91223 [00:21<00:13, 2746.71it/s]
Benchmarking (mlp):  59%|█████▉    | 53822/91223 [00:21<00:13, 2737.88it/s]
Benchmarking (mlp):  59%|█████▉    | 54096/91223 [00:21<00:13, 2730.24it/s]
Benchmarking (mlp):  60%|█████▉    | 54375/91223 [00:21<00:13, 2747.31it/s]
Benchmarking (mlp):  60%|█████▉    | 54650/91223 [00:21<00:13, 2743.93it/s]
Benchmarking (mlp):  60%|██████    | 54927/91223 [00:21<00:13, 2750.96it/s]
Benchmarking (mlp):  61%|██████    | 55204/91223 [00:21<00:13, 2756.49it/s]
Benchmarking (mlp):  61%|██████    | 55484/91223 [00:21<00:12, 2766.63it/s]
Benchmarking (mlp):  61%|██████    | 55761/91223 [00:22<00:12, 2757.96it/s]
Benchmarking (mlp):  61%|██████▏   | 56038/91223 [00:22<00:12, 2758.56it/s]
Benchmarking (mlp):  62%|██████▏   | 56314/91223 [00:22<00:12, 2757.46it/s]
Benchmarking (mlp):  62%|██████▏   | 56594/91223 [00:22<00:12, 2768.90it/s]
Benchmarking (mlp):  62%|██████▏   | 56871/91223 [00:22<00:12, 2764.78it/s]
Benchmarking (mlp):  63%|██████▎   | 57151/91223 [00:22<00:12, 2773.48it/s]
Benchmarking (mlp):  63%|██████▎   | 57431/91223 [00:22<00:12, 2779.97it/s]
Benchmarking (mlp):  63%|██████▎   | 57710/91223 [00:22<00:12, 2770.61it/s]
Benchmarking (mlp):  64%|██████▎   | 57990/91223 [00:22<00:11, 2778.24it/s]
Benchmarking (mlp):  64%|██████▍   | 58270/91223 [00:22<00:11, 2781.97it/s]
Benchmarking (mlp):  64%|██████▍   | 58550/91223 [00:23<00:11, 2786.40it/s]
Benchmarking (mlp):  64%|██████▍   | 58829/91223 [00:23<00:11, 2786.71it/s]
Benchmarking (mlp):  65%|██████▍   | 59108/91223 [00:23<00:11, 2763.57it/s]
Benchmarking (mlp):  65%|██████▌   | 59386/91223 [00:23<00:11, 2766.04it/s]
Benchmarking (mlp):  65%|██████▌   | 59664/91223 [00:23<00:11, 2767.65it/s]
Benchmarking (mlp):  66%|██████▌   | 59943/91223 [00:23<00:11, 2771.73it/s]
Benchmarking (mlp):  66%|██████▌   | 60221/91223 [00:23<00:11, 2756.95it/s]
Benchmarking (mlp):  66%|██████▋   | 60497/91223 [00:23<00:11, 2750.67it/s]
Benchmarking (mlp):  67%|██████▋   | 60773/91223 [00:23<00:11, 2748.25it/s]
Benchmarking (mlp):  67%|██████▋   | 61049/91223 [00:23<00:10, 2751.64it/s]
Benchmarking (mlp):  67%|██████▋   | 61328/91223 [00:24<00:10, 2762.05it/s]
Benchmarking (mlp):  68%|██████▊   | 61607/91223 [00:24<00:10, 2769.41it/s]
Benchmarking (mlp):  68%|██████▊   | 61884/91223 [00:24<00:10, 2768.47it/s]
Benchmarking (mlp):  68%|██████▊   | 62162/91223 [00:24<00:10, 2771.24it/s]
Benchmarking (mlp):  68%|██████▊   | 62440/91223 [00:24<00:10, 2773.02it/s]
Benchmarking (mlp):  69%|██████▉   | 62718/91223 [00:24<00:10, 2750.96it/s]
Benchmarking (mlp):  69%|██████▉   | 62996/91223 [00:24<00:10, 2757.88it/s]
Benchmarking (mlp):  69%|██████▉   | 63272/91223 [00:24<00:10, 2740.14it/s]
Benchmarking (mlp):  70%|██████▉   | 63547/91223 [00:24<00:10, 2735.35it/s]
Benchmarking (mlp):  70%|██████▉   | 63821/91223 [00:24<00:10, 2734.20it/s]
Benchmarking (mlp):  70%|███████   | 64095/91223 [00:25<00:09, 2731.36it/s]
Benchmarking (mlp):  71%|███████   | 64369/91223 [00:25<00:09, 2731.47it/s]
Benchmarking (mlp):  71%|███████   | 64643/91223 [00:25<00:09, 2720.46it/s]
Benchmarking (mlp):  71%|███████   | 64916/91223 [00:25<00:09, 2715.92it/s]
Benchmarking (mlp):  71%|███████▏  | 65189/91223 [00:25<00:09, 2718.28it/s]
Benchmarking (mlp):  72%|███████▏  | 65463/91223 [00:25<00:09, 2723.56it/s]
Benchmarking (mlp):  72%|███████▏  | 65741/91223 [00:25<00:09, 2739.01it/s]
Benchmarking (mlp):  72%|███████▏  | 66015/91223 [00:25<00:09, 2734.58it/s]
Benchmarking (mlp):  73%|███████▎  | 66293/91223 [00:25<00:09, 2745.67it/s]
Benchmarking (mlp):  73%|███████▎  | 66573/91223 [00:25<00:08, 2761.53it/s]
Benchmarking (mlp):  73%|███████▎  | 66850/91223 [00:26<00:08, 2753.24it/s]
Benchmarking (mlp):  74%|███████▎  | 67126/91223 [00:26<00:08, 2751.02it/s]
Benchmarking (mlp):  74%|███████▍  | 67402/91223 [00:26<00:08, 2710.06it/s]
Benchmarking (mlp):  74%|███████▍  | 67674/91223 [00:26<00:08, 2618.80it/s]
Benchmarking (mlp):  74%|███████▍  | 67942/91223 [00:26<00:08, 2635.37it/s]
Benchmarking (mlp):  75%|███████▍  | 68207/91223 [00:26<00:09, 2549.61it/s]
Benchmarking (mlp):  75%|███████▌  | 68463/91223 [00:26<00:08, 2552.41it/s]
Benchmarking (mlp):  75%|███████▌  | 68737/91223 [00:26<00:08, 2604.54it/s]
Benchmarking (mlp):  76%|███████▌  | 69011/91223 [00:26<00:08, 2643.60it/s]
Benchmarking (mlp):  76%|███████▌  | 69287/91223 [00:27<00:08, 2677.13it/s]
Benchmarking (mlp):  76%|███████▌  | 69556/91223 [00:27<00:08, 2674.63it/s]
Benchmarking (mlp):  77%|███████▋  | 69824/91223 [00:27<00:08, 2576.04it/s]
Benchmarking (mlp):  77%|███████▋  | 70083/91223 [00:27<00:08, 2464.45it/s]
Benchmarking (mlp):  77%|███████▋  | 70331/91223 [00:27<00:08, 2439.30it/s]
Benchmarking (mlp):  77%|███████▋  | 70576/91223 [00:27<00:08, 2386.72it/s]
Benchmarking (mlp):  78%|███████▊  | 70833/91223 [00:27<00:08, 2436.05it/s]
Benchmarking (mlp):  78%|███████▊  | 71088/91223 [00:27<00:08, 2467.70it/s]
Benchmarking (mlp):  78%|███████▊  | 71351/91223 [00:27<00:07, 2514.23it/s]
Benchmarking (mlp):  78%|███████▊  | 71603/91223 [00:27<00:07, 2488.75it/s]
Benchmarking (mlp):  79%|███████▉  | 71859/91223 [00:28<00:07, 2508.07it/s]
Benchmarking (mlp):  79%|███████▉  | 72126/91223 [00:28<00:07, 2555.50it/s]
Benchmarking (mlp):  79%|███████▉  | 72382/91223 [00:28<00:07, 2553.76it/s]
Benchmarking (mlp):  80%|███████▉  | 72638/91223 [00:28<00:07, 2539.61it/s]
Benchmarking (mlp):  80%|███████▉  | 72893/91223 [00:28<00:07, 2539.88it/s]
Benchmarking (mlp):  80%|████████  | 73150/91223 [00:28<00:07, 2547.35it/s]
Benchmarking (mlp):  80%|████████  | 73405/91223 [00:28<00:07, 2509.03it/s]
Benchmarking (mlp):  81%|████████  | 73657/91223 [00:28<00:07, 2448.69it/s]
Benchmarking (mlp):  81%|████████  | 73903/91223 [00:28<00:07, 2441.15it/s]
Benchmarking (mlp):  81%|████████▏ | 74152/91223 [00:28<00:06, 2455.29it/s]
Benchmarking (mlp):  82%|████████▏ | 74398/91223 [00:29<00:06, 2412.90it/s]
Benchmarking (mlp):  82%|████████▏ | 74649/91223 [00:29<00:06, 2439.33it/s]
Benchmarking (mlp):  82%|████████▏ | 74909/91223 [00:29<00:06, 2485.55it/s]
Benchmarking (mlp):  82%|████████▏ | 75159/91223 [00:29<00:06, 2488.14it/s]
Benchmarking (mlp):  83%|████████▎ | 75436/91223 [00:29<00:06, 2569.79it/s]
Benchmarking (mlp):  83%|████████▎ | 75710/91223 [00:29<00:05, 2619.84it/s]
Benchmarking (mlp):  83%|████████▎ | 75973/91223 [00:29<00:05, 2610.56it/s]
Benchmarking (mlp):  84%|████████▎ | 76235/91223 [00:29<00:05, 2571.99it/s]
Benchmarking (mlp):  84%|████████▍ | 76493/91223 [00:29<00:05, 2538.98it/s]
Benchmarking (mlp):  84%|████████▍ | 76768/91223 [00:30<00:05, 2598.35it/s]
Benchmarking (mlp):  84%|████████▍ | 77036/91223 [00:30<00:05, 2621.05it/s]
Benchmarking (mlp):  85%|████████▍ | 77299/91223 [00:30<00:05, 2616.37it/s]
Benchmarking (mlp):  85%|████████▌ | 77567/91223 [00:30<00:05, 2633.44it/s]
Benchmarking (mlp):  85%|████████▌ | 77832/91223 [00:30<00:05, 2637.60it/s]
Benchmarking (mlp):  86%|████████▌ | 78108/91223 [00:30<00:04, 2671.76it/s]
Benchmarking (mlp):  86%|████████▌ | 78384/91223 [00:30<00:04, 2696.32it/s]
Benchmarking (mlp):  86%|████████▌ | 78657/91223 [00:30<00:04, 2705.72it/s]
Benchmarking (mlp):  87%|████████▋ | 78930/91223 [00:30<00:04, 2705.19it/s]
Benchmarking (mlp):  87%|████████▋ | 79201/91223 [00:30<00:04, 2546.11it/s]
Benchmarking (mlp):  87%|████████▋ | 79458/91223 [00:31<00:04, 2477.87it/s]
Benchmarking (mlp):  87%|████████▋ | 79708/91223 [00:31<00:04, 2469.85it/s]
Benchmarking (mlp):  88%|████████▊ | 79957/91223 [00:31<00:04, 2472.35it/s]
Benchmarking (mlp):  88%|████████▊ | 80227/91223 [00:31<00:04, 2536.67it/s]
Benchmarking (mlp):  88%|████████▊ | 80482/91223 [00:31<00:04, 2530.76it/s]
Benchmarking (mlp):  89%|████████▊ | 80738/91223 [00:31<00:04, 2539.10it/s]
Benchmarking (mlp):  89%|████████▉ | 80993/91223 [00:31<00:04, 2535.70it/s]
Benchmarking (mlp):  89%|████████▉ | 81247/91223 [00:31<00:04, 2442.20it/s]
Benchmarking (mlp):  89%|████████▉ | 81499/91223 [00:31<00:03, 2464.48it/s]
Benchmarking (mlp):  90%|████████▉ | 81772/91223 [00:31<00:03, 2541.45it/s]
Benchmarking (mlp):  90%|████████▉ | 82027/91223 [00:32<00:03, 2519.06it/s]
Benchmarking (mlp):  90%|█████████ | 82283/91223 [00:32<00:03, 2530.55it/s]
Benchmarking (mlp):  91%|█████████ | 82557/91223 [00:32<00:03, 2592.47it/s]
Benchmarking (mlp):  91%|█████████ | 82832/91223 [00:32<00:03, 2637.74it/s]
Benchmarking (mlp):  91%|█████████ | 83107/91223 [00:32<00:03, 2670.54it/s]
Benchmarking (mlp):  91%|█████████▏| 83375/91223 [00:32<00:02, 2625.19it/s]
Benchmarking (mlp):  92%|█████████▏| 83638/91223 [00:32<00:02, 2574.33it/s]
Benchmarking (mlp):  92%|█████████▏| 83896/91223 [00:32<00:02, 2563.21it/s]
Benchmarking (mlp):  92%|█████████▏| 84153/91223 [00:32<00:02, 2469.70it/s]
Benchmarking (mlp):  93%|█████████▎| 84401/91223 [00:32<00:02, 2451.97it/s]
Benchmarking (mlp):  93%|█████████▎| 84647/91223 [00:33<00:02, 2448.60it/s]
Benchmarking (mlp):  93%|█████████▎| 84901/91223 [00:33<00:02, 2473.76it/s]
Benchmarking (mlp):  93%|█████████▎| 85149/91223 [00:33<00:02, 2443.96it/s]
Benchmarking (mlp):  94%|█████████▎| 85423/91223 [00:33<00:02, 2528.60it/s]
Benchmarking (mlp):  94%|█████████▍| 85698/91223 [00:33<00:02, 2593.72it/s]
Benchmarking (mlp):  94%|█████████▍| 85967/91223 [00:33<00:02, 2621.79it/s]
Benchmarking (mlp):  95%|█████████▍| 86241/91223 [00:33<00:01, 2654.92it/s]
Benchmarking (mlp):  95%|█████████▍| 86508/91223 [00:33<00:01, 2658.29it/s]
Benchmarking (mlp):  95%|█████████▌| 86782/91223 [00:33<00:01, 2680.68it/s]
Benchmarking (mlp):  95%|█████████▌| 87055/91223 [00:33<00:01, 2692.85it/s]
Benchmarking (mlp):  96%|█████████▌| 87325/91223 [00:34<00:01, 2689.89it/s]
Benchmarking (mlp):  96%|█████████▌| 87597/91223 [00:34<00:01, 2698.15it/s]
Benchmarking (mlp):  96%|█████████▋| 87872/91223 [00:34<00:01, 2710.86it/s]
Benchmarking (mlp):  97%|█████████▋| 88150/91223 [00:34<00:01, 2729.51it/s]
Benchmarking (mlp):  97%|█████████▋| 88423/91223 [00:34<00:01, 2712.47it/s]
Benchmarking (mlp):  97%|█████████▋| 88697/91223 [00:34<00:00, 2717.99it/s]
Benchmarking (mlp):  98%|█████████▊| 88971/91223 [00:34<00:00, 2722.57it/s]
Benchmarking (mlp):  98%|█████████▊| 89244/91223 [00:34<00:00, 2700.68it/s]
Benchmarking (mlp):  98%|█████████▊| 89519/91223 [00:34<00:00, 2714.86it/s]
Benchmarking (mlp):  98%|█████████▊| 89800/91223 [00:35<00:00, 2742.82it/s]
Benchmarking (mlp):  99%|█████████▊| 90075/91223 [00:35<00:00, 2742.10it/s]
Benchmarking (mlp):  99%|█████████▉| 90351/91223 [00:35<00:00, 2745.26it/s]
Benchmarking (mlp):  99%|█████████▉| 90628/91223 [00:35<00:00, 2751.29it/s]
Benchmarking (mlp): 100%|█████████▉| 90905/91223 [00:35<00:00, 2755.60it/s]
Benchmarking (mlp): 100%|█████████▉| 91181/91223 [00:35<00:00, 2720.51it/s]
Benchmarking (mlp):   0%|          | 0/26063 [00:00<?, ?it/s]
Benchmarking (mlp):   1%|          | 258/26063 [00:00<00:10, 2579.14it/s]
Benchmarking (mlp):   2%|▏         | 516/26063 [00:00<00:09, 2577.64it/s]
Benchmarking (mlp):   3%|▎         | 774/26063 [00:00<00:09, 2567.35it/s]
Benchmarking (mlp):   4%|▍         | 1031/26063 [00:00<00:09, 2522.99it/s]
Benchmarking (mlp):   5%|▍         | 1300/26063 [00:00<00:09, 2582.22it/s]
Benchmarking (mlp):   6%|▌         | 1581/26063 [00:00<00:09, 2656.44it/s]
Benchmarking (mlp):   7%|▋         | 1862/26063 [00:00<00:08, 2703.70it/s]
Benchmarking (mlp):   8%|▊         | 2134/26063 [00:00<00:08, 2706.04it/s]
Benchmarking (mlp):   9%|▉         | 2405/26063 [00:00<00:08, 2668.08it/s]
Benchmarking (mlp):  10%|█         | 2684/26063 [00:01<00:08, 2703.18it/s]
Benchmarking (mlp):  11%|█▏        | 2966/26063 [00:01<00:08, 2735.77it/s]
Benchmarking (mlp):  12%|█▏        | 3245/26063 [00:01<00:08, 2751.58it/s]
Benchmarking (mlp):  14%|█▎        | 3526/26063 [00:01<00:08, 2768.51it/s]
Benchmarking (mlp):  15%|█▍        | 3803/26063 [00:01<00:08, 2758.07it/s]
Benchmarking (mlp):  16%|█▌        | 4079/26063 [00:01<00:08, 2746.15it/s]
Benchmarking (mlp):  17%|█▋        | 4355/26063 [00:01<00:07, 2749.78it/s]
Benchmarking (mlp):  18%|█▊        | 4631/26063 [00:01<00:07, 2751.89it/s]
Benchmarking (mlp):  19%|█▉        | 4911/26063 [00:01<00:07, 2765.11it/s]
Benchmarking (mlp):  20%|█▉        | 5188/26063 [00:01<00:07, 2764.64it/s]
Benchmarking (mlp):  21%|██        | 5465/26063 [00:02<00:07, 2758.34it/s]
Benchmarking (mlp):  22%|██▏       | 5744/26063 [00:02<00:07, 2766.29it/s]
Benchmarking (mlp):  23%|██▎       | 6021/26063 [00:02<00:07, 2756.82it/s]
Benchmarking (mlp):  24%|██▍       | 6297/26063 [00:02<00:07, 2747.85it/s]
Benchmarking (mlp):  25%|██▌       | 6574/26063 [00:02<00:07, 2752.82it/s]
Benchmarking (mlp):  26%|██▋       | 6850/26063 [00:02<00:06, 2753.24it/s]
Benchmarking (mlp):  27%|██▋       | 7126/26063 [00:02<00:06, 2713.55it/s]
Benchmarking (mlp):  28%|██▊       | 7403/26063 [00:02<00:06, 2727.09it/s]
Benchmarking (mlp):  29%|██▉       | 7676/26063 [00:02<00:06, 2723.06it/s]
Benchmarking (mlp):  31%|███       | 7954/26063 [00:02<00:06, 2737.16it/s]
Benchmarking (mlp):  32%|███▏      | 8231/26063 [00:03<00:06, 2745.46it/s]
Benchmarking (mlp):  33%|███▎      | 8512/26063 [00:03<00:06, 2762.27it/s]
Benchmarking (mlp):  34%|███▎      | 8789/26063 [00:03<00:06, 2756.24it/s]
Benchmarking (mlp):  35%|███▍      | 9065/26063 [00:03<00:06, 2755.40it/s]
Benchmarking (mlp):  36%|███▌      | 9344/26063 [00:03<00:06, 2765.62it/s]
Benchmarking (mlp):  37%|███▋      | 9621/26063 [00:03<00:05, 2763.34it/s]
Benchmarking (mlp):  38%|███▊      | 9902/26063 [00:03<00:05, 2774.47it/s]
Benchmarking (mlp):  39%|███▉      | 10182/26063 [00:03<00:05, 2780.83it/s]
Benchmarking (mlp):  40%|████      | 10463/26063 [00:03<00:05, 2787.52it/s]
Benchmarking (mlp):  41%|████      | 10742/26063 [00:03<00:05, 2785.77it/s]
Benchmarking (mlp):  42%|████▏     | 11021/26063 [00:04<00:05, 2786.29it/s]
Benchmarking (mlp):  43%|████▎     | 11300/26063 [00:04<00:05, 2785.61it/s]
Benchmarking (mlp):  44%|████▍     | 11579/26063 [00:04<00:05, 2783.52it/s]
Benchmarking (mlp):  46%|████▌     | 11859/26063 [00:04<00:05, 2786.01it/s]
Benchmarking (mlp):  47%|████▋     | 12139/26063 [00:04<00:04, 2787.32it/s]
Benchmarking (mlp):  48%|████▊     | 12418/26063 [00:04<00:04, 2774.64it/s]
Benchmarking (mlp):  49%|████▊     | 12698/26063 [00:04<00:04, 2780.75it/s]
Benchmarking (mlp):  50%|████▉     | 12978/26063 [00:04<00:04, 2785.35it/s]
Benchmarking (mlp):  51%|█████     | 13257/26063 [00:04<00:04, 2779.13it/s]
Benchmarking (mlp):  52%|█████▏    | 13535/26063 [00:04<00:04, 2769.47it/s]
Benchmarking (mlp):  53%|█████▎    | 13812/26063 [00:05<00:04, 2760.34it/s]
Benchmarking (mlp):  54%|█████▍    | 14091/26063 [00:05<00:04, 2767.71it/s]
Benchmarking (mlp):  55%|█████▌    | 14369/26063 [00:05<00:04, 2770.60it/s]
Benchmarking (mlp):  56%|█████▌    | 14647/26063 [00:05<00:04, 2761.82it/s]
Benchmarking (mlp):  57%|█████▋    | 14927/26063 [00:05<00:04, 2770.55it/s]
Benchmarking (mlp):  58%|█████▊    | 15205/26063 [00:05<00:03, 2752.00it/s]
Benchmarking (mlp):  59%|█████▉    | 15481/26063 [00:05<00:03, 2738.70it/s]
Benchmarking (mlp):  60%|██████    | 15760/26063 [00:05<00:03, 2753.01it/s]
Benchmarking (mlp):  62%|██████▏   | 16036/26063 [00:05<00:03, 2742.28it/s]
Benchmarking (mlp):  63%|██████▎   | 16311/26063 [00:05<00:03, 2729.68it/s]
Benchmarking (mlp):  64%|██████▎   | 16587/26063 [00:06<00:03, 2738.25it/s]
Benchmarking (mlp):  65%|██████▍   | 16867/26063 [00:06<00:03, 2754.80it/s]
Benchmarking (mlp):  66%|██████▌   | 17150/26063 [00:06<00:03, 2776.94it/s]
Benchmarking (mlp):  67%|██████▋   | 17434/26063 [00:06<00:03, 2794.06it/s]
Benchmarking (mlp):  68%|██████▊   | 17715/26063 [00:06<00:02, 2797.70it/s]
Benchmarking (mlp):  69%|██████▉   | 17996/26063 [00:06<00:02, 2799.36it/s]
Benchmarking (mlp):  70%|███████   | 18276/26063 [00:06<00:02, 2791.77it/s]
Benchmarking (mlp):  71%|███████   | 18557/26063 [00:06<00:02, 2794.99it/s]
Benchmarking (mlp):  72%|███████▏  | 18837/26063 [00:06<00:02, 2771.63it/s]
Benchmarking (mlp):  73%|███████▎  | 19120/26063 [00:06<00:02, 2787.56it/s]
Benchmarking (mlp):  74%|███████▍  | 19399/26063 [00:07<00:02, 2764.04it/s]
Benchmarking (mlp):  75%|███████▌  | 19676/26063 [00:07<00:02, 2757.32it/s]
Benchmarking (mlp):  77%|███████▋  | 19952/26063 [00:07<00:02, 2744.93it/s]
Benchmarking (mlp):  78%|███████▊  | 20227/26063 [00:07<00:02, 2745.00it/s]
Benchmarking (mlp):  79%|███████▊  | 20504/26063 [00:07<00:02, 2752.30it/s]
Benchmarking (mlp):  80%|███████▉  | 20780/26063 [00:07<00:01, 2751.76it/s]
Benchmarking (mlp):  81%|████████  | 21056/26063 [00:07<00:01, 2752.98it/s]
Benchmarking (mlp):  82%|████████▏ | 21332/26063 [00:07<00:01, 2752.86it/s]
Benchmarking (mlp):  83%|████████▎ | 21608/26063 [00:07<00:01, 2749.25it/s]
Benchmarking (mlp):  84%|████████▍ | 21887/26063 [00:07<00:01, 2760.20it/s]
Benchmarking (mlp):  85%|████████▌ | 22166/26063 [00:08<00:01, 2766.41it/s]
Benchmarking (mlp):  86%|████████▌ | 22448/26063 [00:08<00:01, 2779.54it/s]
Benchmarking (mlp):  87%|████████▋ | 22730/26063 [00:08<00:01, 2791.02it/s]
Benchmarking (mlp):  88%|████████▊ | 23012/26063 [00:08<00:01, 2799.24it/s]
Benchmarking (mlp):  89%|████████▉ | 23295/26063 [00:08<00:00, 2807.59it/s]
Benchmarking (mlp):  90%|█████████ | 23576/26063 [00:08<00:00, 2791.50it/s]
Benchmarking (mlp):  92%|█████████▏| 23856/26063 [00:08<00:00, 2789.82it/s]
Benchmarking (mlp):  93%|█████████▎| 24135/26063 [00:08<00:00, 2776.63it/s]
Benchmarking (mlp):  94%|█████████▎| 24413/26063 [00:08<00:00, 2773.55it/s]
Benchmarking (mlp):  95%|█████████▍| 24693/26063 [00:08<00:00, 2779.43it/s]
Benchmarking (mlp):  96%|█████████▌| 24974/26063 [00:09<00:00, 2786.35it/s]
Benchmarking (mlp):  97%|█████████▋| 25256/26063 [00:09<00:00, 2795.07it/s]
Benchmarking (mlp):  98%|█████████▊| 25536/26063 [00:09<00:00, 2791.14it/s]
Benchmarking (mlp):  99%|█████████▉| 25816/26063 [00:09<00:00, 2791.10it/s]
Benchmarking (mlp):   0%|          | 0/13033 [00:00<?, ?it/s]
Benchmarking (mlp):   2%|▏         | 277/13033 [00:00<00:04, 2762.22it/s]
Benchmarking (mlp):   4%|▍         | 554/13033 [00:00<00:04, 2763.16it/s]
Benchmarking (mlp):   6%|▋         | 836/13033 [00:00<00:04, 2787.29it/s]
Benchmarking (mlp):   9%|▊         | 1118/13033 [00:00<00:04, 2796.61it/s]
Benchmarking (mlp):  11%|█         | 1398/13033 [00:00<00:04, 2789.62it/s]
Benchmarking (mlp):  13%|█▎        | 1681/13033 [00:00<00:04, 2801.51it/s]
Benchmarking (mlp):  15%|█▌        | 1964/13033 [00:00<00:03, 2808.79it/s]
Benchmarking (mlp):  17%|█▋        | 2247/13033 [00:00<00:03, 2812.68it/s]
Benchmarking (mlp):  19%|█▉        | 2529/13033 [00:00<00:03, 2812.47it/s]
Benchmarking (mlp):  22%|██▏       | 2811/13033 [00:01<00:03, 2804.67it/s]
Benchmarking (mlp):  24%|██▎       | 3092/13033 [00:01<00:03, 2794.16it/s]
Benchmarking (mlp):  26%|██▌       | 3374/13033 [00:01<00:03, 2801.91it/s]
Benchmarking (mlp):  28%|██▊       | 3655/13033 [00:01<00:03, 2777.50it/s]
Benchmarking (mlp):  30%|███       | 3933/13033 [00:01<00:03, 2773.22it/s]
Benchmarking (mlp):  32%|███▏      | 4216/13033 [00:01<00:03, 2787.45it/s]
Benchmarking (mlp):  35%|███▍      | 4498/13033 [00:01<00:03, 2795.19it/s]
Benchmarking (mlp):  37%|███▋      | 4778/13033 [00:01<00:02, 2793.84it/s]
Benchmarking (mlp):  39%|███▉      | 5061/13033 [00:01<00:02, 2802.26it/s]
Benchmarking (mlp):  41%|████      | 5343/13033 [00:01<00:02, 2807.03it/s]
Benchmarking (mlp):  43%|████▎     | 5628/13033 [00:02<00:02, 2816.95it/s]
Benchmarking (mlp):  45%|████▌     | 5912/13033 [00:02<00:02, 2823.78it/s]
Benchmarking (mlp):  48%|████▊     | 6198/13033 [00:02<00:02, 2833.70it/s]
Benchmarking (mlp):  50%|████▉     | 6483/13033 [00:02<00:02, 2837.24it/s]
Benchmarking (mlp):  52%|█████▏    | 6769/13033 [00:02<00:02, 2841.34it/s]
Benchmarking (mlp):  54%|█████▍    | 7054/13033 [00:02<00:02, 2829.32it/s]
Benchmarking (mlp):  56%|█████▋    | 7340/13033 [00:02<00:02, 2837.46it/s]
Benchmarking (mlp):  59%|█████▊    | 7625/13033 [00:02<00:01, 2838.71it/s]
Benchmarking (mlp):  61%|██████    | 7909/13033 [00:02<00:01, 2806.93it/s]
Benchmarking (mlp):  63%|██████▎   | 8190/13033 [00:02<00:01, 2796.66it/s]
Benchmarking (mlp):  65%|██████▍   | 8470/13033 [00:03<00:01, 2763.25it/s]
Benchmarking (mlp):  67%|██████▋   | 8747/13033 [00:03<00:01, 2756.76it/s]
Benchmarking (mlp):  69%|██████▉   | 9023/13033 [00:03<00:01, 2755.28it/s]
Benchmarking (mlp):  71%|███████▏  | 9304/13033 [00:03<00:01, 2768.73it/s]
Benchmarking (mlp):  74%|███████▎  | 9581/13033 [00:03<00:01, 2764.41it/s]
Benchmarking (mlp):  76%|███████▌  | 9862/13033 [00:03<00:01, 2775.10it/s]
Benchmarking (mlp):  78%|███████▊  | 10140/13033 [00:03<00:01, 2606.09it/s]
Benchmarking (mlp):  80%|███████▉  | 10414/13033 [00:03<00:00, 2642.91it/s]
Benchmarking (mlp):  82%|████████▏ | 10686/13033 [00:03<00:00, 2664.59it/s]
Benchmarking (mlp):  84%|████████▍ | 10958/13033 [00:03<00:00, 2678.24it/s]
Benchmarking (mlp):  86%|████████▌ | 11236/13033 [00:04<00:00, 2706.66it/s]
Benchmarking (mlp):  88%|████████▊ | 11511/13033 [00:04<00:00, 2718.74it/s]
Benchmarking (mlp):  90%|█████████ | 11786/13033 [00:04<00:00, 2726.46it/s]
Benchmarking (mlp):  93%|█████████▎| 12059/13033 [00:04<00:00, 2556.99it/s]
Benchmarking (mlp):  95%|█████████▍| 12318/13033 [00:04<00:00, 2029.65it/s]
Benchmarking (mlp):  96%|█████████▌| 12539/13033 [00:04<00:00, 1758.12it/s]
Benchmarking (mlp):  98%|█████████▊| 12816/13033 [00:04<00:00, 1987.90it/s]
Benchmarking (mlp):   0%|          | 0/91223 [00:00<?, ?it/s]
Benchmarking (mlp):   0%|          | 278/91223 [00:00<00:32, 2776.98it/s]
Benchmarking (mlp):   1%|          | 556/91223 [00:00<00:42, 2121.59it/s]
Benchmarking (mlp):   1%|          | 778/91223 [00:00<00:53, 1685.58it/s]
Benchmarking (mlp):   1%|          | 958/91223 [00:00<00:54, 1641.93it/s]
Benchmarking (mlp):   1%|          | 1130/91223 [00:00<00:54, 1664.57it/s]
Benchmarking (mlp):   2%|▏         | 1407/91223 [00:00<00:45, 1989.57it/s]
Benchmarking (mlp):   2%|▏         | 1685/91223 [00:00<00:40, 2222.92it/s]
Benchmarking (mlp):   2%|▏         | 1959/91223 [00:00<00:37, 2374.84it/s]
Benchmarking (mlp):   2%|▏         | 2236/91223 [00:01<00:35, 2491.81it/s]
Benchmarking (mlp):   3%|▎         | 2508/91223 [00:01<00:34, 2559.50it/s]
Benchmarking (mlp):   3%|▎         | 2768/91223 [00:01<00:47, 1843.59it/s]
Benchmarking (mlp):   3%|▎         | 2983/91223 [00:01<00:55, 1582.01it/s]
Benchmarking (mlp):   4%|▎         | 3253/91223 [00:01<00:48, 1823.71it/s]
Benchmarking (mlp):   4%|▍         | 3517/91223 [00:01<00:43, 2015.52it/s]
Benchmarking (mlp):   4%|▍         | 3793/91223 [00:01<00:39, 2201.96it/s]
Benchmarking (mlp):   4%|▍         | 4045/91223 [00:01<00:38, 2284.53it/s]
Benchmarking (mlp):   5%|▍         | 4308/91223 [00:02<00:36, 2377.46it/s]
Benchmarking (mlp):   5%|▌         | 4577/91223 [00:02<00:35, 2463.76it/s]
Benchmarking (mlp):   5%|▌         | 4833/91223 [00:02<01:00, 1416.71it/s]
Benchmarking (mlp):   6%|▌         | 5105/91223 [00:02<00:51, 1662.23it/s]
Benchmarking (mlp):   6%|▌         | 5379/91223 [00:02<00:45, 1889.81it/s]
Benchmarking (mlp):   6%|▌         | 5654/91223 [00:02<00:40, 2088.95it/s]
Benchmarking (mlp):   7%|▋         | 5932/91223 [00:02<00:37, 2259.53it/s]
Benchmarking (mlp):   7%|▋         | 6213/91223 [00:03<00:35, 2402.58it/s]
Benchmarking (mlp):   7%|▋         | 6484/91223 [00:03<00:34, 2484.17it/s]
Benchmarking (mlp):   7%|▋         | 6750/91223 [00:03<00:42, 1986.74it/s]
Benchmarking (mlp):   8%|▊         | 6977/91223 [00:03<00:55, 1524.46it/s]
Benchmarking (mlp):   8%|▊         | 7164/91223 [00:03<00:53, 1577.34it/s]
Benchmarking (mlp):   8%|▊         | 7434/91223 [00:03<00:45, 1826.46it/s]
Benchmarking (mlp):   8%|▊         | 7708/91223 [00:03<00:40, 2046.28it/s]
Benchmarking (mlp):   9%|▉         | 7983/91223 [00:03<00:37, 2225.90it/s]
Benchmarking (mlp):   9%|▉         | 8259/91223 [00:04<00:35, 2367.53it/s]
Benchmarking (mlp):   9%|▉         | 8512/91223 [00:04<00:36, 2259.57it/s]
Benchmarking (mlp):  10%|▉         | 8750/91223 [00:04<00:52, 1562.61it/s]
Benchmarking (mlp):  10%|▉         | 8943/91223 [00:04<00:57, 1440.15it/s]
Benchmarking (mlp):  10%|█         | 9217/91223 [00:04<00:47, 1709.14it/s]
Benchmarking (mlp):  10%|█         | 9493/91223 [00:04<00:41, 1947.96it/s]
Benchmarking (mlp):  11%|█         | 9771/91223 [00:04<00:37, 2151.59it/s]
Benchmarking (mlp):  11%|█         | 10053/91223 [00:05<00:34, 2323.60it/s]
Benchmarking (mlp):  11%|█▏        | 10334/91223 [00:05<00:32, 2454.99it/s]
Benchmarking (mlp):  12%|█▏        | 10595/91223 [00:05<00:47, 1700.30it/s]
Benchmarking (mlp):  12%|█▏        | 10807/91223 [00:05<00:57, 1394.07it/s]
Benchmarking (mlp):  12%|█▏        | 11049/91223 [00:05<00:50, 1589.76it/s]
Benchmarking (mlp):  12%|█▏        | 11327/91223 [00:05<00:43, 1844.20it/s]
Benchmarking (mlp):  13%|█▎        | 11601/91223 [00:05<00:38, 2052.96it/s]
Benchmarking (mlp):  13%|█▎        | 11882/91223 [00:06<00:35, 2241.26it/s]
Benchmarking (mlp):  13%|█▎        | 12154/91223 [00:06<00:33, 2367.22it/s]
Benchmarking (mlp):  14%|█▎        | 12410/91223 [00:06<00:44, 1775.99it/s]
Benchmarking (mlp):  14%|█▍        | 12623/91223 [00:06<00:51, 1538.24it/s]
Benchmarking (mlp):  14%|█▍        | 12889/91223 [00:06<00:44, 1771.49it/s]
Benchmarking (mlp):  14%|█▍        | 13163/91223 [00:06<00:39, 1992.91it/s]
Benchmarking (mlp):  15%|█▍        | 13442/91223 [00:06<00:35, 2189.45it/s]
Benchmarking (mlp):  15%|█▌        | 13720/91223 [00:06<00:33, 2341.34it/s]
Benchmarking (mlp):  15%|█▌        | 13999/91223 [00:07<00:31, 2462.67it/s]
Benchmarking (mlp):  16%|█▌        | 14264/91223 [00:07<00:30, 2512.30it/s]
Benchmarking (mlp):  16%|█▌        | 14526/91223 [00:07<00:39, 1956.99it/s]
Benchmarking (mlp):  16%|█▌        | 14748/91223 [00:07<00:47, 1624.86it/s]
Benchmarking (mlp):  16%|█▋        | 14937/91223 [00:07<00:48, 1566.18it/s]
Benchmarking (mlp):  17%|█▋        | 15211/91223 [00:07<00:41, 1826.85it/s]
Benchmarking (mlp):  17%|█▋        | 15488/91223 [00:07<00:36, 2052.75it/s]
Benchmarking (mlp):  17%|█▋        | 15766/91223 [00:08<00:33, 2237.30it/s]
Benchmarking (mlp):  18%|█▊        | 16041/91223 [00:08<00:31, 2374.08it/s]
Benchmarking (mlp):  18%|█▊        | 16293/91223 [00:08<00:33, 2210.47it/s]
Benchmarking (mlp):  18%|█▊        | 16571/91223 [00:08<00:31, 2360.83it/s]
Benchmarking (mlp):  18%|█▊        | 16850/91223 [00:08<00:30, 2476.97it/s]
Benchmarking (mlp):  19%|█▉        | 17120/91223 [00:08<00:29, 2537.19it/s]
Benchmarking (mlp):  19%|█▉        | 17386/91223 [00:08<00:28, 2570.67it/s]
Benchmarking (mlp):  19%|█▉        | 17654/91223 [00:08<00:28, 2602.19it/s]
Benchmarking (mlp):  20%|█▉        | 17929/91223 [00:08<00:27, 2644.83it/s]
Benchmarking (mlp):  20%|█▉        | 18202/91223 [00:08<00:27, 2668.13it/s]
Benchmarking (mlp):  20%|██        | 18479/91223 [00:09<00:26, 2697.37it/s]
Benchmarking (mlp):  21%|██        | 18761/91223 [00:09<00:26, 2732.66it/s]
Benchmarking (mlp):  21%|██        | 19036/91223 [00:09<00:26, 2727.96it/s]
Benchmarking (mlp):  21%|██        | 19310/91223 [00:09<00:26, 2673.20it/s]
Benchmarking (mlp):  21%|██▏       | 19589/91223 [00:09<00:26, 2705.19it/s]
Benchmarking (mlp):  22%|██▏       | 19861/91223 [00:09<00:26, 2702.32it/s]
Benchmarking (mlp):  22%|██▏       | 20141/91223 [00:09<00:26, 2728.68it/s]
Benchmarking (mlp):  22%|██▏       | 20415/91223 [00:09<00:25, 2726.65it/s]
Benchmarking (mlp):  23%|██▎       | 20688/91223 [00:09<00:25, 2716.08it/s]
Benchmarking (mlp):  23%|██▎       | 20960/91223 [00:09<00:26, 2696.14it/s]
Benchmarking (mlp):  23%|██▎       | 21236/91223 [00:10<00:25, 2712.54it/s]
Benchmarking (mlp):  24%|██▎       | 21515/91223 [00:10<00:25, 2733.44it/s]
Benchmarking (mlp):  24%|██▍       | 21789/91223 [00:10<00:25, 2714.33it/s]
Benchmarking (mlp):  24%|██▍       | 22062/91223 [00:10<00:25, 2718.73it/s]
Benchmarking (mlp):  24%|██▍       | 22341/91223 [00:10<00:25, 2739.54it/s]
Benchmarking (mlp):  25%|██▍       | 22616/91223 [00:10<00:25, 2730.64it/s]
Benchmarking (mlp):  25%|██▌       | 22891/91223 [00:10<00:24, 2734.24it/s]
Benchmarking (mlp):  25%|██▌       | 23167/91223 [00:10<00:24, 2741.87it/s]
Benchmarking (mlp):  26%|██▌       | 23442/91223 [00:10<00:24, 2742.85it/s]
Benchmarking (mlp):  26%|██▌       | 23717/91223 [00:10<00:24, 2729.46it/s]
Benchmarking (mlp):  26%|██▋       | 23992/91223 [00:11<00:24, 2735.00it/s]
Benchmarking (mlp):  27%|██▋       | 24266/91223 [00:11<00:24, 2730.29it/s]
Benchmarking (mlp):  27%|██▋       | 24540/91223 [00:11<00:24, 2731.00it/s]
Benchmarking (mlp):  27%|██▋       | 24815/91223 [00:11<00:24, 2734.88it/s]
Benchmarking (mlp):  28%|██▊       | 25089/91223 [00:11<00:24, 2733.87it/s]
Benchmarking (mlp):  28%|██▊       | 25366/91223 [00:11<00:24, 2742.99it/s]
Benchmarking (mlp):  28%|██▊       | 25641/91223 [00:11<00:23, 2735.16it/s]
Benchmarking (mlp):  28%|██▊       | 25916/91223 [00:11<00:23, 2737.73it/s]
Benchmarking (mlp):  29%|██▊       | 26190/91223 [00:11<00:23, 2722.15it/s]
Benchmarking (mlp):  29%|██▉       | 26465/91223 [00:11<00:23, 2730.40it/s]
Benchmarking (mlp):  29%|██▉       | 26739/91223 [00:12<00:23, 2727.53it/s]
Benchmarking (mlp):  30%|██▉       | 27012/91223 [00:12<00:23, 2722.87it/s]
Benchmarking (mlp):  30%|██▉       | 27287/91223 [00:12<00:23, 2730.74it/s]
Benchmarking (mlp):  30%|███       | 27561/91223 [00:12<00:23, 2728.77it/s]
Benchmarking (mlp):  31%|███       | 27834/91223 [00:12<00:23, 2720.63it/s]
Benchmarking (mlp):  31%|███       | 28107/91223 [00:12<00:23, 2717.90it/s]
Benchmarking (mlp):  31%|███       | 28380/91223 [00:12<00:23, 2718.82it/s]
Benchmarking (mlp):  31%|███▏      | 28658/91223 [00:12<00:22, 2736.57it/s]
Benchmarking (mlp):  32%|███▏      | 28932/91223 [00:12<00:22, 2712.19it/s]
Benchmarking (mlp):  32%|███▏      | 29204/91223 [00:12<00:23, 2688.45it/s]
Benchmarking (mlp):  32%|███▏      | 29480/91223 [00:13<00:22, 2707.14it/s]
Benchmarking (mlp):  33%|███▎      | 29759/91223 [00:13<00:22, 2729.28it/s]
Benchmarking (mlp):  33%|███▎      | 30033/91223 [00:13<00:22, 2731.09it/s]
Benchmarking (mlp):  33%|███▎      | 30308/91223 [00:13<00:22, 2733.83it/s]
Benchmarking (mlp):  34%|███▎      | 30582/91223 [00:13<00:22, 2694.27it/s]
Benchmarking (mlp):  34%|███▍      | 30853/91223 [00:13<00:22, 2698.00it/s]
Benchmarking (mlp):  34%|███▍      | 31126/91223 [00:13<00:22, 2705.13it/s]
Benchmarking (mlp):  34%|███▍      | 31406/91223 [00:13<00:21, 2733.18it/s]
Benchmarking (mlp):  35%|███▍      | 31680/91223 [00:13<00:21, 2719.82it/s]
Benchmarking (mlp):  35%|███▌      | 31953/91223 [00:14<00:21, 2696.34it/s]
Benchmarking (mlp):  35%|███▌      | 32223/91223 [00:14<00:21, 2691.22it/s]
Benchmarking (mlp):  36%|███▌      | 32496/91223 [00:14<00:21, 2701.48it/s]
Benchmarking (mlp):  36%|███▌      | 32772/91223 [00:14<00:21, 2716.26it/s]
Benchmarking (mlp):  36%|███▌      | 33048/91223 [00:14<00:21, 2727.81it/s]
Benchmarking (mlp):  37%|███▋      | 33322/91223 [00:14<00:21, 2728.70it/s]
Benchmarking (mlp):  37%|███▋      | 33595/91223 [00:14<00:21, 2713.08it/s]
Benchmarking (mlp):  37%|███▋      | 33867/91223 [00:14<00:23, 2486.74it/s]
Benchmarking (mlp):  37%|███▋      | 34120/91223 [00:14<00:27, 2048.22it/s]
Benchmarking (mlp):  38%|███▊      | 34340/91223 [00:15<00:27, 2032.41it/s]
Benchmarking (mlp):  38%|███▊      | 34562/91223 [00:15<00:27, 2079.87it/s]
Benchmarking (mlp):  38%|███▊      | 34778/91223 [00:15<00:31, 1819.32it/s]
Benchmarking (mlp):  38%|███▊      | 34971/91223 [00:15<00:31, 1795.64it/s]
Benchmarking (mlp):  39%|███▊      | 35178/91223 [00:15<00:30, 1865.33it/s]
Benchmarking (mlp):  39%|███▉      | 35396/91223 [00:15<00:28, 1942.75it/s]
Benchmarking (mlp):  39%|███▉      | 35651/91223 [00:15<00:26, 2108.89it/s]
Benchmarking (mlp):  39%|███▉      | 35912/91223 [00:15<00:24, 2249.54it/s]
Benchmarking (mlp):  40%|███▉      | 36165/91223 [00:15<00:23, 2327.79it/s]
Benchmarking (mlp):  40%|███▉      | 36437/91223 [00:15<00:22, 2441.41it/s]
Benchmarking (mlp):  40%|████      | 36713/91223 [00:16<00:21, 2534.49it/s]
Benchmarking (mlp):  41%|████      | 36991/91223 [00:16<00:20, 2604.44it/s]
Benchmarking (mlp):  41%|████      | 37264/91223 [00:16<00:20, 2639.64it/s]
Benchmarking (mlp):  41%|████      | 37543/91223 [00:16<00:20, 2681.59it/s]
Benchmarking (mlp):  41%|████▏     | 37813/91223 [00:16<00:19, 2686.03it/s]
Benchmarking (mlp):  42%|████▏     | 38088/91223 [00:16<00:19, 2703.43it/s]
Benchmarking (mlp):  42%|████▏     | 38361/91223 [00:16<00:19, 2710.07it/s]
Benchmarking (mlp):  42%|████▏     | 38633/91223 [00:16<00:19, 2699.79it/s]
Benchmarking (mlp):  43%|████▎     | 38907/91223 [00:16<00:19, 2710.69it/s]
Benchmarking (mlp):  43%|████▎     | 39179/91223 [00:17<00:19, 2705.11it/s]
Benchmarking (mlp):  43%|████▎     | 39450/91223 [00:17<00:19, 2686.19it/s]
Benchmarking (mlp):  44%|████▎     | 39724/91223 [00:17<00:19, 2701.15it/s]
Benchmarking (mlp):  44%|████▍     | 39995/91223 [00:17<00:19, 2683.67it/s]
Benchmarking (mlp):  44%|████▍     | 40271/91223 [00:17<00:18, 2704.62it/s]
Benchmarking (mlp):  44%|████▍     | 40542/91223 [00:17<00:18, 2676.77it/s]
Benchmarking (mlp):  45%|████▍     | 40810/91223 [00:17<00:18, 2670.80it/s]
Benchmarking (mlp):  45%|████▌     | 41088/91223 [00:17<00:18, 2701.24it/s]
Benchmarking (mlp):  45%|████▌     | 41363/91223 [00:17<00:18, 2711.89it/s]
Benchmarking (mlp):  46%|████▌     | 41637/91223 [00:17<00:18, 2717.63it/s]
Benchmarking (mlp):  46%|████▌     | 41915/91223 [00:18<00:18, 2735.12it/s]
Benchmarking (mlp):  46%|████▌     | 42189/91223 [00:18<00:17, 2726.23it/s]
Benchmarking (mlp):  47%|████▋     | 42465/91223 [00:18<00:17, 2734.43it/s]
Benchmarking (mlp):  47%|████▋     | 42740/91223 [00:18<00:17, 2737.37it/s]
Benchmarking (mlp):  47%|████▋     | 43014/91223 [00:18<00:17, 2720.73it/s]
Benchmarking (mlp):  47%|████▋     | 43291/91223 [00:18<00:17, 2734.23it/s]
Benchmarking (mlp):  48%|████▊     | 43566/91223 [00:18<00:17, 2735.99it/s]
Benchmarking (mlp):  48%|████▊     | 43844/91223 [00:18<00:17, 2747.86it/s]
Benchmarking (mlp):  48%|████▊     | 44121/91223 [00:18<00:17, 2754.20it/s]
Benchmarking (mlp):  49%|████▊     | 44397/91223 [00:18<00:17, 2740.06it/s]
Benchmarking (mlp):  49%|████▉     | 44672/91223 [00:19<00:17, 2710.34it/s]
Benchmarking (mlp):  49%|████▉     | 44945/91223 [00:19<00:17, 2713.23it/s]
Benchmarking (mlp):  50%|████▉     | 45217/91223 [00:19<00:16, 2710.48it/s]
Benchmarking (mlp):  50%|████▉     | 45491/91223 [00:19<00:16, 2717.19it/s]
Benchmarking (mlp):  50%|█████     | 45768/91223 [00:19<00:16, 2730.54it/s]
Benchmarking (mlp):  50%|█████     | 46045/91223 [00:19<00:16, 2740.22it/s]
Benchmarking (mlp):  51%|█████     | 46320/91223 [00:19<00:16, 2737.56it/s]
Benchmarking (mlp):  51%|█████     | 46598/91223 [00:19<00:16, 2748.89it/s]
Benchmarking (mlp):  51%|█████▏    | 46874/91223 [00:19<00:16, 2750.17it/s]
Benchmarking (mlp):  52%|█████▏    | 47153/91223 [00:19<00:15, 2761.36it/s]
Benchmarking (mlp):  52%|█████▏    | 47433/91223 [00:20<00:15, 2772.18it/s]
Benchmarking (mlp):  52%|█████▏    | 47711/91223 [00:20<00:15, 2764.38it/s]
Benchmarking (mlp):  53%|█████▎    | 47990/91223 [00:20<00:15, 2770.94it/s]
Benchmarking (mlp):  53%|█████▎    | 48268/91223 [00:20<00:15, 2762.80it/s]
Benchmarking (mlp):  53%|█████▎    | 48546/91223 [00:20<00:15, 2766.01it/s]
Benchmarking (mlp):  54%|█████▎    | 48823/91223 [00:20<00:15, 2752.37it/s]
Benchmarking (mlp):  54%|█████▍    | 49099/91223 [00:20<00:15, 2746.94it/s]
Benchmarking (mlp):  54%|█████▍    | 49377/91223 [00:20<00:15, 2754.33it/s]
Benchmarking (mlp):  54%|█████▍    | 49655/91223 [00:20<00:15, 2759.70it/s]
Benchmarking (mlp):  55%|█████▍    | 49932/91223 [00:20<00:14, 2760.05it/s]
Benchmarking (mlp):  55%|█████▌    | 50209/91223 [00:21<00:14, 2757.82it/s]
Benchmarking (mlp):  55%|█████▌    | 50485/91223 [00:21<00:14, 2750.21it/s]
Benchmarking (mlp):  56%|█████▌    | 50761/91223 [00:21<00:14, 2746.39it/s]
Benchmarking (mlp):  56%|█████▌    | 51041/91223 [00:21<00:14, 2757.82it/s]
Benchmarking (mlp):  56%|█████▋    | 51321/91223 [00:21<00:14, 2768.78it/s]
Benchmarking (mlp):  57%|█████▋    | 51600/91223 [00:21<00:14, 2774.88it/s]
Benchmarking (mlp):  57%|█████▋    | 51878/91223 [00:21<00:14, 2763.48it/s]
Benchmarking (mlp):  57%|█████▋    | 52155/91223 [00:21<00:14, 2757.13it/s]
Benchmarking (mlp):  57%|█████▋    | 52435/91223 [00:21<00:14, 2768.33it/s]
Benchmarking (mlp):  58%|█████▊    | 52712/91223 [00:21<00:14, 2709.71it/s]
Benchmarking (mlp):  58%|█████▊    | 52985/91223 [00:22<00:14, 2713.75it/s]
Benchmarking (mlp):  58%|█████▊    | 53257/91223 [00:22<00:14, 2695.10it/s]
Benchmarking (mlp):  59%|█████▊    | 53537/91223 [00:22<00:13, 2724.34it/s]
Benchmarking (mlp):  59%|█████▉    | 53813/91223 [00:22<00:13, 2732.42it/s]
Benchmarking (mlp):  59%|█████▉    | 54093/91223 [00:22<00:13, 2751.75it/s]
Benchmarking (mlp):  60%|█████▉    | 54369/91223 [00:22<00:13, 2729.01it/s]
Benchmarking (mlp):  60%|█████▉    | 54642/91223 [00:22<00:13, 2728.14it/s]
Benchmarking (mlp):  60%|██████    | 54915/91223 [00:22<00:13, 2710.75it/s]
Benchmarking (mlp):  61%|██████    | 55195/91223 [00:22<00:13, 2734.94it/s]
Benchmarking (mlp):  61%|██████    | 55469/91223 [00:22<00:13, 2726.70it/s]
Benchmarking (mlp):  61%|██████    | 55746/91223 [00:23<00:12, 2738.86it/s]
Benchmarking (mlp):  61%|██████▏   | 56022/91223 [00:23<00:12, 2744.79it/s]
Benchmarking (mlp):  62%|██████▏   | 56297/91223 [00:23<00:12, 2729.32it/s]
Benchmarking (mlp):  62%|██████▏   | 56572/91223 [00:23<00:12, 2735.01it/s]
Benchmarking (mlp):  62%|██████▏   | 56851/91223 [00:23<00:12, 2749.91it/s]
Benchmarking (mlp):  63%|██████▎   | 57127/91223 [00:23<00:12, 2746.66it/s]
Benchmarking (mlp):  63%|██████▎   | 57402/91223 [00:23<00:12, 2742.14it/s]
Benchmarking (mlp):  63%|██████▎   | 57677/91223 [00:23<00:12, 2733.81it/s]
Benchmarking (mlp):  64%|██████▎   | 57956/91223 [00:23<00:12, 2749.19it/s]
Benchmarking (mlp):  64%|██████▍   | 58231/91223 [00:23<00:12, 2747.07it/s]
Benchmarking (mlp):  64%|██████▍   | 58506/91223 [00:24<00:11, 2738.68it/s]
Benchmarking (mlp):  64%|██████▍   | 58780/91223 [00:24<00:11, 2738.70it/s]
Benchmarking (mlp):  65%|██████▍   | 59055/91223 [00:24<00:11, 2739.76it/s]
Benchmarking (mlp):  65%|██████▌   | 59332/91223 [00:24<00:11, 2746.19it/s]
Benchmarking (mlp):  65%|██████▌   | 59608/91223 [00:24<00:11, 2748.30it/s]
Benchmarking (mlp):  66%|██████▌   | 59883/91223 [00:24<00:11, 2735.36it/s]
Benchmarking (mlp):  66%|██████▌   | 60157/91223 [00:24<00:11, 2725.55it/s]
Benchmarking (mlp):  66%|██████▌   | 60430/91223 [00:24<00:11, 2706.77it/s]
Benchmarking (mlp):  67%|██████▋   | 60705/91223 [00:24<00:11, 2717.85it/s]
Benchmarking (mlp):  67%|██████▋   | 60981/91223 [00:24<00:11, 2730.22it/s]
Benchmarking (mlp):  67%|██████▋   | 61255/91223 [00:25<00:10, 2732.94it/s]
Benchmarking (mlp):  67%|██████▋   | 61529/91223 [00:25<00:10, 2730.05it/s]
Benchmarking (mlp):  68%|██████▊   | 61807/91223 [00:25<00:10, 2742.14it/s]
Benchmarking (mlp):  68%|██████▊   | 62082/91223 [00:25<00:10, 2733.65it/s]
Benchmarking (mlp):  68%|██████▊   | 62359/91223 [00:25<00:10, 2743.29it/s]
Benchmarking (mlp):  69%|██████▊   | 62634/91223 [00:25<00:10, 2712.14it/s]
Benchmarking (mlp):  69%|██████▉   | 62910/91223 [00:25<00:10, 2725.22it/s]
Benchmarking (mlp):  69%|██████▉   | 63183/91223 [00:25<00:10, 2722.32it/s]
Benchmarking (mlp):  70%|██████▉   | 63457/91223 [00:25<00:10, 2727.06it/s]
Benchmarking (mlp):  70%|██████▉   | 63730/91223 [00:25<00:10, 2726.28it/s]
Benchmarking (mlp):  70%|███████   | 64003/91223 [00:26<00:09, 2726.92it/s]
Benchmarking (mlp):  70%|███████   | 64276/91223 [00:26<00:09, 2718.35it/s]
Benchmarking (mlp):  71%|███████   | 64548/91223 [00:26<00:09, 2691.91it/s]
Benchmarking (mlp):  71%|███████   | 64818/91223 [00:26<00:09, 2670.69it/s]
Benchmarking (mlp):  71%|███████▏  | 65090/91223 [00:26<00:09, 2684.45it/s]
Benchmarking (mlp):  72%|███████▏  | 65363/91223 [00:26<00:09, 2696.87it/s]
Benchmarking (mlp):  72%|███████▏  | 65645/91223 [00:26<00:09, 2732.50it/s]
Benchmarking (mlp):  72%|███████▏  | 65923/91223 [00:26<00:09, 2745.17it/s]
Benchmarking (mlp):  73%|███████▎  | 66198/91223 [00:26<00:09, 2739.71it/s]
Benchmarking (mlp):  73%|███████▎  | 66473/91223 [00:26<00:09, 2736.64it/s]
Benchmarking (mlp):  73%|███████▎  | 66751/91223 [00:27<00:08, 2748.75it/s]
Benchmarking (mlp):  73%|███████▎  | 67027/91223 [00:27<00:08, 2750.57it/s]
Benchmarking (mlp):  74%|███████▍  | 67303/91223 [00:27<00:08, 2723.66it/s]
Benchmarking (mlp):  74%|███████▍  | 67577/91223 [00:27<00:08, 2726.19it/s]
Benchmarking (mlp):  74%|███████▍  | 67854/91223 [00:27<00:08, 2737.04it/s]
Benchmarking (mlp):  75%|███████▍  | 68129/91223 [00:27<00:08, 2739.35it/s]
Benchmarking (mlp):  75%|███████▍  | 68406/91223 [00:27<00:08, 2747.16it/s]
Benchmarking (mlp):  75%|███████▌  | 68681/91223 [00:27<00:08, 2741.19it/s]
Benchmarking (mlp):  76%|███████▌  | 68956/91223 [00:27<00:08, 2691.06it/s]
Benchmarking (mlp):  76%|███████▌  | 69226/91223 [00:27<00:08, 2683.78it/s]
Benchmarking (mlp):  76%|███████▌  | 69495/91223 [00:28<00:08, 2683.55it/s]
Benchmarking (mlp):  76%|███████▋  | 69771/91223 [00:28<00:07, 2703.74it/s]
Benchmarking (mlp):  77%|███████▋  | 70042/91223 [00:28<00:07, 2699.80it/s]
Benchmarking (mlp):  77%|███████▋  | 70313/91223 [00:28<00:07, 2676.60it/s]
Benchmarking (mlp):  77%|███████▋  | 70588/91223 [00:28<00:07, 2696.78it/s]
Benchmarking (mlp):  78%|███████▊  | 70863/91223 [00:28<00:07, 2712.41it/s]
Benchmarking (mlp):  78%|███████▊  | 71138/91223 [00:28<00:07, 2722.64it/s]
Benchmarking (mlp):  78%|███████▊  | 71416/91223 [00:28<00:07, 2738.82it/s]
Benchmarking (mlp):  79%|███████▊  | 71690/91223 [00:28<00:07, 2727.47it/s]
Benchmarking (mlp):  79%|███████▉  | 71966/91223 [00:29<00:07, 2736.56it/s]
Benchmarking (mlp):  79%|███████▉  | 72240/91223 [00:29<00:06, 2722.59it/s]
Benchmarking (mlp):  79%|███████▉  | 72515/91223 [00:29<00:06, 2729.41it/s]
Benchmarking (mlp):  80%|███████▉  | 72790/91223 [00:29<00:06, 2733.56it/s]
Benchmarking (mlp):  80%|████████  | 73064/91223 [00:29<00:06, 2733.70it/s]
Benchmarking (mlp):  80%|████████  | 73344/91223 [00:29<00:06, 2752.68it/s]
Benchmarking (mlp):  81%|████████  | 73623/91223 [00:29<00:06, 2761.71it/s]
Benchmarking (mlp):  81%|████████  | 73900/91223 [00:29<00:06, 2763.13it/s]
Benchmarking (mlp):  81%|████████▏ | 74177/91223 [00:29<00:06, 2723.55it/s]
Benchmarking (mlp):  82%|████████▏ | 74450/91223 [00:29<00:06, 2706.90it/s]
Benchmarking (mlp):  82%|████████▏ | 74721/91223 [00:30<00:06, 2651.58it/s]
Benchmarking (mlp):  82%|████████▏ | 74993/91223 [00:30<00:06, 2670.37it/s]
Benchmarking (mlp):  83%|████████▎ | 75261/91223 [00:30<00:05, 2670.23it/s]
Benchmarking (mlp):  83%|████████▎ | 75529/91223 [00:30<00:05, 2624.46it/s]
Benchmarking (mlp):  83%|████████▎ | 75792/91223 [00:30<00:05, 2624.15it/s]
Benchmarking (mlp):  83%|████████▎ | 76065/91223 [00:30<00:05, 2654.95it/s]
Benchmarking (mlp):  84%|████████▎ | 76341/91223 [00:30<00:05, 2684.02it/s]
Benchmarking (mlp):  84%|████████▍ | 76625/91223 [00:30<00:05, 2727.81it/s]
Benchmarking (mlp):  84%|████████▍ | 76898/91223 [00:30<00:05, 2705.85it/s]
Benchmarking (mlp):  85%|████████▍ | 77169/91223 [00:30<00:05, 2702.64it/s]
Benchmarking (mlp):  85%|████████▍ | 77444/91223 [00:31<00:05, 2714.93it/s]
Benchmarking (mlp):  85%|████████▌ | 77716/91223 [00:31<00:04, 2708.08it/s]
Benchmarking (mlp):  85%|████████▌ | 77995/91223 [00:31<00:04, 2729.81it/s]
Benchmarking (mlp):  86%|████████▌ | 78279/91223 [00:31<00:04, 2760.47it/s]
Benchmarking (mlp):  86%|████████▌ | 78562/91223 [00:31<00:04, 2780.49it/s]
Benchmarking (mlp):  86%|████████▋ | 78841/91223 [00:31<00:04, 2773.41it/s]
Benchmarking (mlp):  87%|████████▋ | 79119/91223 [00:31<00:04, 2755.18it/s]
Benchmarking (mlp):  87%|████████▋ | 79399/91223 [00:31<00:04, 2767.93it/s]
Benchmarking (mlp):  87%|████████▋ | 79676/91223 [00:31<00:04, 2761.37it/s]
Benchmarking (mlp):  88%|████████▊ | 79954/91223 [00:31<00:04, 2765.75it/s]
Benchmarking (mlp):  88%|████████▊ | 80231/91223 [00:32<00:03, 2757.75it/s]
Benchmarking (mlp):  88%|████████▊ | 80507/91223 [00:32<00:03, 2739.37it/s]
Benchmarking (mlp):  89%|████████▊ | 80781/91223 [00:32<00:03, 2733.10it/s]
Benchmarking (mlp):  89%|████████▉ | 81055/91223 [00:32<00:03, 2715.99it/s]
Benchmarking (mlp):  89%|████████▉ | 81334/91223 [00:32<00:03, 2735.52it/s]
Benchmarking (mlp):  89%|████████▉ | 81608/91223 [00:32<00:03, 2734.32it/s]
Benchmarking (mlp):  90%|████████▉ | 81882/91223 [00:32<00:03, 2732.59it/s]
Benchmarking (mlp):  90%|█████████ | 82157/91223 [00:32<00:03, 2737.44it/s]
Benchmarking (mlp):  90%|█████████ | 82431/91223 [00:32<00:03, 2737.87it/s]
Benchmarking (mlp):  91%|█████████ | 82706/91223 [00:32<00:03, 2738.97it/s]
Benchmarking (mlp):  91%|█████████ | 82981/91223 [00:33<00:03, 2740.74it/s]
Benchmarking (mlp):  91%|█████████▏| 83257/91223 [00:33<00:02, 2746.27it/s]
Benchmarking (mlp):  92%|█████████▏| 83532/91223 [00:33<00:02, 2726.68it/s]
Benchmarking (mlp):  92%|█████████▏| 83812/91223 [00:33<00:02, 2747.49it/s]
Benchmarking (mlp):  92%|█████████▏| 84087/91223 [00:33<00:02, 2739.22it/s]
Benchmarking (mlp):  92%|█████████▏| 84361/91223 [00:33<00:02, 2726.89it/s]
Benchmarking (mlp):  93%|█████████▎| 84636/91223 [00:33<00:02, 2731.44it/s]
Benchmarking (mlp):  93%|█████████▎| 84910/91223 [00:33<00:02, 2733.20it/s]
Benchmarking (mlp):  93%|█████████▎| 85184/91223 [00:33<00:02, 2714.68it/s]
Benchmarking (mlp):  94%|█████████▎| 85456/91223 [00:33<00:02, 2711.46it/s]
Benchmarking (mlp):  94%|█████████▍| 85732/91223 [00:34<00:02, 2722.23it/s]
Benchmarking (mlp):  94%|█████████▍| 86007/91223 [00:34<00:01, 2728.37it/s]
Benchmarking (mlp):  95%|█████████▍| 86284/91223 [00:34<00:01, 2740.08it/s]
Benchmarking (mlp):  95%|█████████▍| 86564/91223 [00:34<00:01, 2755.61it/s]
Benchmarking (mlp):  95%|█████████▌| 86843/91223 [00:34<00:01, 2764.28it/s]
Benchmarking (mlp):  96%|█████████▌| 87123/91223 [00:34<00:01, 2774.95it/s]
Benchmarking (mlp):  96%|█████████▌| 87401/91223 [00:34<00:01, 2737.32it/s]
Benchmarking (mlp):  96%|█████████▌| 87680/91223 [00:34<00:01, 2750.89it/s]
Benchmarking (mlp):  96%|█████████▋| 87959/91223 [00:34<00:01, 2759.92it/s]
Benchmarking (mlp):  97%|█████████▋| 88240/91223 [00:34<00:01, 2772.26it/s]
Benchmarking (mlp):  97%|█████████▋| 88518/91223 [00:35<00:00, 2766.37it/s]
Benchmarking (mlp):  97%|█████████▋| 88795/91223 [00:35<00:00, 2761.06it/s]
Benchmarking (mlp):  98%|█████████▊| 89072/91223 [00:35<00:00, 2732.34it/s]
Benchmarking (mlp):  98%|█████████▊| 89351/91223 [00:35<00:00, 2747.32it/s]
Benchmarking (mlp):  98%|█████████▊| 89629/91223 [00:35<00:00, 2756.78it/s]
Benchmarking (mlp):  99%|█████████▊| 89907/91223 [00:35<00:00, 2761.63it/s]
Benchmarking (mlp):  99%|█████████▉| 90184/91223 [00:35<00:00, 2757.32it/s]
Benchmarking (mlp):  99%|█████████▉| 90463/91223 [00:35<00:00, 2764.63it/s]
Benchmarking (mlp):  99%|█████████▉| 90741/91223 [00:35<00:00, 2768.70it/s]
Benchmarking (mlp): 100%|█████████▉| 91020/91223 [00:35<00:00, 2774.88it/s]
Benchmarking (mlp):   0%|          | 0/26063 [00:00<?, ?it/s]
Benchmarking (mlp):   1%|          | 278/26063 [00:00<00:09, 2777.37it/s]
Benchmarking (mlp):   2%|▏         | 556/26063 [00:00<00:09, 2768.45it/s]
Benchmarking (mlp):   3%|▎         | 833/26063 [00:00<00:09, 2768.30it/s]
Benchmarking (mlp):   4%|▍         | 1110/26063 [00:00<00:09, 2748.22it/s]
Benchmarking (mlp):   5%|▌         | 1385/26063 [00:00<00:08, 2743.03it/s]
Benchmarking (mlp):   6%|▋         | 1666/26063 [00:00<00:08, 2765.63it/s]
Benchmarking (mlp):   7%|▋         | 1948/26063 [00:00<00:08, 2780.71it/s]
Benchmarking (mlp):   9%|▊         | 2229/26063 [00:00<00:08, 2789.91it/s]
Benchmarking (mlp):  10%|▉         | 2509/26063 [00:00<00:08, 2790.75it/s]
Benchmarking (mlp):  11%|█         | 2789/26063 [00:01<00:08, 2788.86it/s]
Benchmarking (mlp):  12%|█▏        | 3068/26063 [00:01<00:08, 2779.38it/s]
Benchmarking (mlp):  13%|█▎        | 3346/26063 [00:01<00:08, 2762.87it/s]
Benchmarking (mlp):  14%|█▍        | 3623/26063 [00:01<00:08, 2756.00it/s]
Benchmarking (mlp):  15%|█▍        | 3899/26063 [00:01<00:08, 2743.19it/s]
Benchmarking (mlp):  16%|█▌        | 4179/26063 [00:01<00:07, 2757.95it/s]
Benchmarking (mlp):  17%|█▋        | 4461/26063 [00:01<00:07, 2774.39it/s]
Benchmarking (mlp):  18%|█▊        | 4740/26063 [00:01<00:07, 2776.76it/s]
Benchmarking (mlp):  19%|█▉        | 5019/26063 [00:01<00:07, 2779.63it/s]
Benchmarking (mlp):  20%|██        | 5297/26063 [00:01<00:07, 2766.45it/s]
Benchmarking (mlp):  21%|██▏       | 5576/26063 [00:02<00:07, 2771.71it/s]
Benchmarking (mlp):  22%|██▏       | 5857/26063 [00:02<00:07, 2781.76it/s]
Benchmarking (mlp):  24%|██▎       | 6139/26063 [00:02<00:07, 2790.24it/s]
Benchmarking (mlp):  25%|██▍       | 6419/26063 [00:02<00:07, 2753.90it/s]
Benchmarking (mlp):  26%|██▌       | 6696/26063 [00:02<00:07, 2757.65it/s]
Benchmarking (mlp):  27%|██▋       | 6973/26063 [00:02<00:06, 2759.94it/s]
Benchmarking (mlp):  28%|██▊       | 7250/26063 [00:02<00:06, 2756.06it/s]
Benchmarking (mlp):  29%|██▉       | 7526/26063 [00:02<00:06, 2755.01it/s]
Benchmarking (mlp):  30%|██▉       | 7802/26063 [00:02<00:06, 2751.66it/s]
Benchmarking (mlp):  31%|███       | 8078/26063 [00:02<00:06, 2750.81it/s]
Benchmarking (mlp):  32%|███▏      | 8357/26063 [00:03<00:06, 2761.67it/s]
Benchmarking (mlp):  33%|███▎      | 8636/26063 [00:03<00:06, 2768.45it/s]
Benchmarking (mlp):  34%|███▍      | 8913/26063 [00:03<00:06, 2760.96it/s]
Benchmarking (mlp):  35%|███▌      | 9190/26063 [00:03<00:06, 2754.77it/s]
Benchmarking (mlp):  36%|███▋      | 9467/26063 [00:03<00:06, 2758.32it/s]
Benchmarking (mlp):  37%|███▋      | 9743/26063 [00:03<00:05, 2753.30it/s]
Benchmarking (mlp):  38%|███▊      | 10021/26063 [00:03<00:05, 2759.79it/s]
Benchmarking (mlp):  40%|███▉      | 10301/26063 [00:03<00:05, 2769.54it/s]
Benchmarking (mlp):  41%|████      | 10582/26063 [00:03<00:05, 2779.02it/s]
Benchmarking (mlp):  42%|████▏     | 10861/26063 [00:03<00:05, 2782.20it/s]
Benchmarking (mlp):  43%|████▎     | 11140/26063 [00:04<00:05, 2781.49it/s]
Benchmarking (mlp):  44%|████▍     | 11420/26063 [00:04<00:05, 2785.95it/s]
Benchmarking (mlp):  45%|████▍     | 11699/26063 [00:04<00:05, 2780.47it/s]
Benchmarking (mlp):  46%|████▌     | 11979/26063 [00:04<00:05, 2784.59it/s]
Benchmarking (mlp):  47%|████▋     | 12258/26063 [00:04<00:04, 2775.67it/s]
Benchmarking (mlp):  48%|████▊     | 12537/26063 [00:04<00:04, 2777.28it/s]
Benchmarking (mlp):  49%|████▉     | 12816/26063 [00:04<00:04, 2780.33it/s]
Benchmarking (mlp):  50%|█████     | 13096/26063 [00:04<00:04, 2783.56it/s]
Benchmarking (mlp):  51%|█████▏    | 13377/26063 [00:04<00:04, 2788.83it/s]
Benchmarking (mlp):  52%|█████▏    | 13658/26063 [00:04<00:04, 2792.24it/s]
Benchmarking (mlp):  53%|█████▎    | 13938/26063 [00:05<00:04, 2792.44it/s]
Benchmarking (mlp):  55%|█████▍    | 14218/26063 [00:05<00:04, 2794.65it/s]
Benchmarking (mlp):  56%|█████▌    | 14498/26063 [00:05<00:04, 2794.56it/s]
Benchmarking (mlp):  57%|█████▋    | 14778/26063 [00:05<00:04, 2770.92it/s]
Benchmarking (mlp):  58%|█████▊    | 15058/26063 [00:05<00:03, 2777.34it/s]
Benchmarking (mlp):  59%|█████▉    | 15337/26063 [00:05<00:03, 2780.14it/s]
Benchmarking (mlp):  60%|█████▉    | 15620/26063 [00:05<00:03, 2793.84it/s]
Benchmarking (mlp):  61%|██████    | 15904/26063 [00:05<00:03, 2806.34it/s]
Benchmarking (mlp):  62%|██████▏   | 16185/26063 [00:05<00:03, 2787.22it/s]
Benchmarking (mlp):  63%|██████▎   | 16464/26063 [00:05<00:03, 2766.10it/s]
Benchmarking (mlp):  64%|██████▍   | 16741/26063 [00:06<00:03, 2763.19it/s]
Benchmarking (mlp):  65%|██████▌   | 17018/26063 [00:06<00:03, 2756.99it/s]
Benchmarking (mlp):  66%|██████▋   | 17294/26063 [00:06<00:03, 2756.94it/s]
Benchmarking (mlp):  67%|██████▋   | 17570/26063 [00:06<00:03, 2720.94it/s]
Benchmarking (mlp):  68%|██████▊   | 17843/26063 [00:06<00:03, 2705.20it/s]
Benchmarking (mlp):  70%|██████▉   | 18119/26063 [00:06<00:02, 2718.59it/s]
Benchmarking (mlp):  71%|███████   | 18394/26063 [00:06<00:02, 2727.08it/s]
Benchmarking (mlp):  72%|███████▏  | 18669/26063 [00:06<00:02, 2733.35it/s]
Benchmarking (mlp):  73%|███████▎  | 18943/26063 [00:06<00:02, 2724.33it/s]
Benchmarking (mlp):  74%|███████▎  | 19216/26063 [00:06<00:02, 2714.71it/s]
Benchmarking (mlp):  75%|███████▍  | 19493/26063 [00:07<00:02, 2730.39it/s]
Benchmarking (mlp):  76%|███████▌  | 19767/26063 [00:07<00:02, 2717.60it/s]
Benchmarking (mlp):  77%|███████▋  | 20041/26063 [00:07<00:02, 2721.80it/s]
Benchmarking (mlp):  78%|███████▊  | 20319/26063 [00:07<00:02, 2738.85it/s]
Benchmarking (mlp):  79%|███████▉  | 20598/26063 [00:07<00:01, 2753.39it/s]
Benchmarking (mlp):  80%|████████  | 20878/26063 [00:07<00:01, 2764.80it/s]
Benchmarking (mlp):  81%|████████  | 21157/26063 [00:07<00:01, 2771.79it/s]
Benchmarking (mlp):  82%|████████▏ | 21436/26063 [00:07<00:01, 2776.36it/s]
Benchmarking (mlp):  83%|████████▎ | 21714/26063 [00:07<00:01, 2774.05it/s]
Benchmarking (mlp):  84%|████████▍ | 21992/26063 [00:07<00:01, 2760.37it/s]
Benchmarking (mlp):  85%|████████▌ | 22269/26063 [00:08<00:01, 2749.63it/s]
Benchmarking (mlp):  87%|████████▋ | 22545/26063 [00:08<00:01, 2750.24it/s]
Benchmarking (mlp):  88%|████████▊ | 22821/26063 [00:08<00:01, 2751.47it/s]
Benchmarking (mlp):  89%|████████▊ | 23098/26063 [00:08<00:01, 2756.75it/s]
Benchmarking (mlp):  90%|████████▉ | 23375/26063 [00:08<00:00, 2757.75it/s]
Benchmarking (mlp):  91%|█████████ | 23651/26063 [00:08<00:00, 2758.11it/s]
Benchmarking (mlp):  92%|█████████▏| 23927/26063 [00:08<00:00, 2757.14it/s]
Benchmarking (mlp):  93%|█████████▎| 24203/26063 [00:08<00:00, 2746.48it/s]
Benchmarking (mlp):  94%|█████████▍| 24478/26063 [00:08<00:00, 2732.92it/s]
Benchmarking (mlp):  95%|█████████▍| 24753/26063 [00:08<00:00, 2735.18it/s]
Benchmarking (mlp):  96%|█████████▌| 25028/26063 [00:09<00:00, 2737.14it/s]
Benchmarking (mlp):  97%|█████████▋| 25304/26063 [00:09<00:00, 2743.24it/s]
Benchmarking (mlp):  98%|█████████▊| 25581/26063 [00:09<00:00, 2750.74it/s]
Benchmarking (mlp):  99%|█████████▉| 25857/26063 [00:09<00:00, 2739.57it/s]
Benchmarking (mlp):   0%|          | 0/13033 [00:00<?, ?it/s]
Benchmarking (mlp):   2%|▏         | 274/13033 [00:00<00:04, 2739.64it/s]
Benchmarking (mlp):   4%|▍         | 550/13033 [00:00<00:04, 2746.38it/s]
Benchmarking (mlp):   6%|▋         | 826/13033 [00:00<00:04, 2749.92it/s]
Benchmarking (mlp):   8%|▊         | 1103/13033 [00:00<00:04, 2755.84it/s]
Benchmarking (mlp):  11%|█         | 1379/13033 [00:00<00:04, 2744.40it/s]
Benchmarking (mlp):  13%|█▎        | 1656/13033 [00:00<00:04, 2752.15it/s]
Benchmarking (mlp):  15%|█▍        | 1933/13033 [00:00<00:04, 2756.37it/s]
Benchmarking (mlp):  17%|█▋        | 2210/13033 [00:00<00:03, 2759.07it/s]
Benchmarking (mlp):  19%|█▉        | 2490/13033 [00:00<00:03, 2770.42it/s]
Benchmarking (mlp):  21%|██        | 2768/13033 [00:01<00:03, 2716.01it/s]
Benchmarking (mlp):  23%|██▎       | 3050/13033 [00:01<00:03, 2744.65it/s]
Benchmarking (mlp):  26%|██▌       | 3325/13033 [00:01<00:03, 2740.11it/s]
Benchmarking (mlp):  28%|██▊       | 3600/13033 [00:01<00:03, 2742.90it/s]
Benchmarking (mlp):  30%|██▉       | 3876/13033 [00:01<00:03, 2747.03it/s]
Benchmarking (mlp):  32%|███▏      | 4158/13033 [00:01<00:03, 2766.73it/s]
Benchmarking (mlp):  34%|███▍      | 4439/13033 [00:01<00:03, 2779.67it/s]
Benchmarking (mlp):  36%|███▌      | 4718/13033 [00:01<00:02, 2779.07it/s]
Benchmarking (mlp):  38%|███▊      | 4996/13033 [00:01<00:02, 2767.44it/s]
Benchmarking (mlp):  40%|████      | 5273/13033 [00:01<00:02, 2763.33it/s]
Benchmarking (mlp):  43%|████▎     | 5550/13033 [00:02<00:02, 2758.82it/s]
Benchmarking (mlp):  45%|████▍     | 5826/13033 [00:02<00:02, 2755.30it/s]
Benchmarking (mlp):  47%|████▋     | 6102/13033 [00:02<00:02, 2754.77it/s]
Benchmarking (mlp):  49%|████▉     | 6378/13033 [00:02<00:02, 2746.20it/s]
Benchmarking (mlp):  51%|█████     | 6658/13033 [00:02<00:02, 2760.61it/s]
Benchmarking (mlp):  53%|█████▎    | 6935/13033 [00:02<00:02, 2761.57it/s]
Benchmarking (mlp):  55%|█████▌    | 7212/13033 [00:02<00:02, 2757.62it/s]
Benchmarking (mlp):  57%|█████▋    | 7488/13033 [00:02<00:02, 2716.54it/s]
Benchmarking (mlp):  60%|█████▉    | 7766/13033 [00:02<00:01, 2733.09it/s]
Benchmarking (mlp):  62%|██████▏   | 8046/13033 [00:02<00:01, 2752.05it/s]
Benchmarking (mlp):  64%|██████▍   | 8325/13033 [00:03<00:01, 2763.13it/s]
Benchmarking (mlp):  66%|██████▌   | 8602/13033 [00:03<00:01, 2755.79it/s]
Benchmarking (mlp):  68%|██████▊   | 8878/13033 [00:03<00:01, 2747.15it/s]
Benchmarking (mlp):  70%|███████   | 9157/13033 [00:03<00:01, 2758.39it/s]
Benchmarking (mlp):  72%|███████▏  | 9436/13033 [00:03<00:01, 2765.62it/s]
Benchmarking (mlp):  75%|███████▍  | 9713/13033 [00:03<00:01, 2757.94it/s]
Benchmarking (mlp):  77%|███████▋  | 9990/13033 [00:03<00:01, 2758.76it/s]
Benchmarking (mlp):  79%|███████▉  | 10270/13033 [00:03<00:00, 2770.63it/s]
Benchmarking (mlp):  81%|████████  | 10548/13033 [00:03<00:00, 2767.75it/s]
Benchmarking (mlp):  83%|████████▎ | 10825/13033 [00:03<00:00, 2754.79it/s]
Benchmarking (mlp):  85%|████████▌ | 11105/13033 [00:04<00:00, 2767.73it/s]
Benchmarking (mlp):  87%|████████▋ | 11382/13033 [00:04<00:00, 2738.91it/s]
Benchmarking (mlp):  89%|████████▉ | 11663/13033 [00:04<00:00, 2757.09it/s]
Benchmarking (mlp):  92%|█████████▏| 11942/13033 [00:04<00:00, 2764.22it/s]
Benchmarking (mlp):  94%|█████████▍| 12220/13033 [00:04<00:00, 2764.43it/s]
Benchmarking (mlp):  96%|█████████▌| 12500/13033 [00:04<00:00, 2773.38it/s]
Benchmarking (mlp):  98%|█████████▊| 12778/13033 [00:04<00:00, 2751.59it/s]
Benchmarking (mlp):   0%|          | 0/91223 [00:00<?, ?it/s]
Benchmarking (mlp):   0%|          | 276/91223 [00:00<00:33, 2754.36it/s]
Benchmarking (mlp):   1%|          | 552/91223 [00:00<00:33, 2731.54it/s]
Benchmarking (mlp):   1%|          | 829/91223 [00:00<00:32, 2745.10it/s]
Benchmarking (mlp):   1%|          | 1105/91223 [00:00<00:32, 2747.60it/s]
Benchmarking (mlp):   2%|▏         | 1383/91223 [00:00<00:32, 2758.31it/s]
Benchmarking (mlp):   2%|▏         | 1664/91223 [00:00<00:32, 2774.44it/s]
Benchmarking (mlp):   2%|▏         | 1942/91223 [00:00<00:32, 2776.08it/s]
Benchmarking (mlp):   2%|▏         | 2223/91223 [00:00<00:31, 2785.58it/s]
Benchmarking (mlp):   3%|▎         | 2502/91223 [00:00<00:31, 2773.22it/s]
Benchmarking (mlp):   3%|▎         | 2780/91223 [00:01<00:32, 2743.58it/s]
Benchmarking (mlp):   3%|▎         | 3060/91223 [00:01<00:31, 2760.35it/s]
Benchmarking (mlp):   4%|▎         | 3337/91223 [00:01<00:31, 2757.72it/s]
Benchmarking (mlp):   4%|▍         | 3613/91223 [00:01<00:31, 2746.03it/s]
Benchmarking (mlp):   4%|▍         | 3893/91223 [00:01<00:31, 2760.73it/s]
Benchmarking (mlp):   5%|▍         | 4170/91223 [00:01<00:31, 2751.24it/s]
Benchmarking (mlp):   5%|▍         | 4446/91223 [00:01<00:31, 2731.87it/s]
Benchmarking (mlp):   5%|▌         | 4726/91223 [00:01<00:31, 2751.33it/s]
Benchmarking (mlp):   5%|▌         | 5002/91223 [00:01<00:31, 2745.83it/s]
Benchmarking (mlp):   6%|▌         | 5279/91223 [00:01<00:31, 2751.94it/s]
Benchmarking (mlp):   6%|▌         | 5555/91223 [00:02<00:31, 2749.91it/s]
Benchmarking (mlp):   6%|▋         | 5833/91223 [00:02<00:30, 2757.38it/s]
Benchmarking (mlp):   7%|▋         | 6112/91223 [00:02<00:30, 2766.28it/s]
Benchmarking (mlp):   7%|▋         | 6389/91223 [00:02<00:30, 2757.24it/s]
Benchmarking (mlp):   7%|▋         | 6665/91223 [00:02<00:30, 2754.17it/s]
Benchmarking (mlp):   8%|▊         | 6941/91223 [00:02<00:30, 2750.07it/s]
Benchmarking (mlp):   8%|▊         | 7217/91223 [00:02<00:30, 2747.82it/s]
Benchmarking (mlp):   8%|▊         | 7492/91223 [00:02<00:30, 2742.58it/s]
Benchmarking (mlp):   9%|▊         | 7768/91223 [00:02<00:30, 2747.60it/s]
Benchmarking (mlp):   9%|▉         | 8043/91223 [00:02<00:30, 2747.96it/s]
Benchmarking (mlp):   9%|▉         | 8318/91223 [00:03<00:30, 2737.43it/s]
Benchmarking (mlp):   9%|▉         | 8595/91223 [00:03<00:30, 2744.65it/s]
Benchmarking (mlp):  10%|▉         | 8872/91223 [00:03<00:29, 2751.11it/s]
Benchmarking (mlp):  10%|█         | 9149/91223 [00:03<00:29, 2754.07it/s]
Benchmarking (mlp):  10%|█         | 9429/91223 [00:03<00:29, 2766.59it/s]
Benchmarking (mlp):  11%|█         | 9706/91223 [00:03<00:30, 2696.38it/s]
Benchmarking (mlp):  11%|█         | 9977/91223 [00:03<00:30, 2658.58it/s]
Benchmarking (mlp):  11%|█         | 10245/91223 [00:03<00:30, 2663.33it/s]
Benchmarking (mlp):  12%|█▏        | 10512/91223 [00:03<00:30, 2642.59it/s]
Benchmarking (mlp):  12%|█▏        | 10777/91223 [00:03<00:31, 2554.41it/s]
Benchmarking (mlp):  12%|█▏        | 11049/91223 [00:04<00:30, 2601.42it/s]
Benchmarking (mlp):  12%|█▏        | 11322/91223 [00:04<00:30, 2636.66it/s]
Benchmarking (mlp):  13%|█▎        | 11589/91223 [00:04<00:30, 2645.45it/s]
Benchmarking (mlp):  13%|█▎        | 11859/91223 [00:04<00:29, 2660.53it/s]
Benchmarking (mlp):  13%|█▎        | 12135/91223 [00:04<00:29, 2688.80it/s]
Benchmarking (mlp):  14%|█▎        | 12409/91223 [00:04<00:29, 2703.52it/s]
Benchmarking (mlp):  14%|█▍        | 12686/91223 [00:04<00:28, 2722.33it/s]
Benchmarking (mlp):  14%|█▍        | 12960/91223 [00:04<00:28, 2725.89it/s]
Benchmarking (mlp):  15%|█▍        | 13233/91223 [00:04<00:28, 2704.04it/s]
Benchmarking (mlp):  15%|█▍        | 13508/91223 [00:04<00:28, 2716.76it/s]
Benchmarking (mlp):  15%|█▌        | 13783/91223 [00:05<00:28, 2725.88it/s]
Benchmarking (mlp):  15%|█▌        | 14056/91223 [00:05<00:28, 2705.69it/s]
Benchmarking (mlp):  16%|█▌        | 14334/91223 [00:05<00:28, 2725.50it/s]
Benchmarking (mlp):  16%|█▌        | 14613/91223 [00:05<00:27, 2743.65it/s]
Benchmarking (mlp):  16%|█▋        | 14888/91223 [00:05<00:27, 2738.46it/s]
Benchmarking (mlp):  17%|█▋        | 15164/91223 [00:05<00:27, 2742.60it/s]
Benchmarking (mlp):  17%|█▋        | 15439/91223 [00:05<00:27, 2736.51it/s]
Benchmarking (mlp):  17%|█▋        | 15720/91223 [00:05<00:27, 2755.89it/s]
Benchmarking (mlp):  18%|█▊        | 15996/91223 [00:05<00:27, 2733.52it/s]
Benchmarking (mlp):  18%|█▊        | 16275/91223 [00:05<00:27, 2748.85it/s]
Benchmarking (mlp):  18%|█▊        | 16553/91223 [00:06<00:27, 2756.82it/s]
Benchmarking (mlp):  18%|█▊        | 16829/91223 [00:06<00:27, 2715.52it/s]
Benchmarking (mlp):  19%|█▉        | 17107/91223 [00:06<00:27, 2733.84it/s]
Benchmarking (mlp):  19%|█▉        | 17381/91223 [00:06<00:27, 2729.47it/s]
Benchmarking (mlp):  19%|█▉        | 17655/91223 [00:06<00:26, 2729.51it/s]
Benchmarking (mlp):  20%|█▉        | 17934/91223 [00:06<00:26, 2746.54it/s]
Benchmarking (mlp):  20%|█▉        | 18209/91223 [00:06<00:26, 2741.58it/s]
Benchmarking (mlp):  20%|██        | 18484/91223 [00:06<00:27, 2684.39it/s]
Benchmarking (mlp):  21%|██        | 18754/91223 [00:06<00:26, 2688.10it/s]
Benchmarking (mlp):  21%|██        | 19031/91223 [00:06<00:26, 2712.16it/s]
Benchmarking (mlp):  21%|██        | 19303/91223 [00:07<00:26, 2695.78it/s]
Benchmarking (mlp):  21%|██▏       | 19573/91223 [00:07<00:26, 2690.73it/s]
Benchmarking (mlp):  22%|██▏       | 19849/91223 [00:07<00:26, 2710.51it/s]
Benchmarking (mlp):  22%|██▏       | 20125/91223 [00:07<00:26, 2723.04it/s]
Benchmarking (mlp):  22%|██▏       | 20401/91223 [00:07<00:25, 2734.00it/s]
Benchmarking (mlp):  23%|██▎       | 20679/91223 [00:07<00:25, 2746.43it/s]
Benchmarking (mlp):  23%|██▎       | 20956/91223 [00:07<00:25, 2753.04it/s]
Benchmarking (mlp):  23%|██▎       | 21236/91223 [00:07<00:25, 2765.59it/s]
Benchmarking (mlp):  24%|██▎       | 21513/91223 [00:07<00:25, 2760.27it/s]
Benchmarking (mlp):  24%|██▍       | 21790/91223 [00:07<00:25, 2761.68it/s]
Benchmarking (mlp):  24%|██▍       | 22067/91223 [00:08<00:25, 2756.63it/s]
Benchmarking (mlp):  24%|██▍       | 22343/91223 [00:08<00:25, 2741.79it/s]
Benchmarking (mlp):  25%|██▍       | 22618/91223 [00:08<00:25, 2724.56it/s]
Benchmarking (mlp):  25%|██▌       | 22897/91223 [00:08<00:24, 2741.45it/s]
Benchmarking (mlp):  25%|██▌       | 23176/91223 [00:08<00:24, 2755.43it/s]
Benchmarking (mlp):  26%|██▌       | 23452/91223 [00:08<00:24, 2753.09it/s]
Benchmarking (mlp):  26%|██▌       | 23729/91223 [00:08<00:24, 2755.63it/s]
Benchmarking (mlp):  26%|██▋       | 24005/91223 [00:08<00:24, 2735.42it/s]
Benchmarking (mlp):  27%|██▋       | 24280/91223 [00:08<00:24, 2738.95it/s]
Benchmarking (mlp):  27%|██▋       | 24560/91223 [00:08<00:24, 2756.06it/s]
Benchmarking (mlp):  27%|██▋       | 24841/91223 [00:09<00:23, 2771.78it/s]
Benchmarking (mlp):  28%|██▊       | 25119/91223 [00:09<00:23, 2768.26it/s]
Benchmarking (mlp):  28%|██▊       | 25396/91223 [00:09<00:23, 2748.61it/s]
Benchmarking (mlp):  28%|██▊       | 25677/91223 [00:09<00:23, 2764.74it/s]
Benchmarking (mlp):  28%|██▊       | 25957/91223 [00:09<00:23, 2775.17it/s]
Benchmarking (mlp):  29%|██▉       | 26235/91223 [00:09<00:23, 2755.89it/s]
Benchmarking (mlp):  29%|██▉       | 26514/91223 [00:09<00:23, 2765.94it/s]
Benchmarking (mlp):  29%|██▉       | 26793/91223 [00:09<00:23, 2770.45it/s]
Benchmarking (mlp):  30%|██▉       | 27072/91223 [00:09<00:23, 2774.25it/s]
Benchmarking (mlp):  30%|██▉       | 27350/91223 [00:10<00:23, 2768.30it/s]
Benchmarking (mlp):  30%|███       | 27627/91223 [00:10<00:23, 2740.14it/s]
Benchmarking (mlp):  31%|███       | 27902/91223 [00:10<00:23, 2721.03it/s]
Benchmarking (mlp):  31%|███       | 28175/91223 [00:10<00:23, 2720.63it/s]
Benchmarking (mlp):  31%|███       | 28452/91223 [00:10<00:22, 2733.45it/s]
Benchmarking (mlp):  31%|███▏      | 28732/91223 [00:10<00:22, 2751.00it/s]
Benchmarking (mlp):  32%|███▏      | 29008/91223 [00:10<00:23, 2682.76it/s]
Benchmarking (mlp):  32%|███▏      | 29285/91223 [00:10<00:22, 2706.61it/s]
Benchmarking (mlp):  32%|███▏      | 29567/91223 [00:10<00:22, 2738.78it/s]
Benchmarking (mlp):  33%|███▎      | 29842/91223 [00:10<00:22, 2738.98it/s]
Benchmarking (mlp):  33%|███▎      | 30120/91223 [00:11<00:22, 2750.50it/s]
Benchmarking (mlp):  33%|███▎      | 30397/91223 [00:11<00:22, 2751.86it/s]
Benchmarking (mlp):  34%|███▎      | 30673/91223 [00:11<00:22, 2732.17it/s]
Benchmarking (mlp):  34%|███▍      | 30949/91223 [00:11<00:21, 2740.30it/s]
Benchmarking (mlp):  34%|███▍      | 31224/91223 [00:11<00:22, 2712.41it/s]
Benchmarking (mlp):  35%|███▍      | 31496/91223 [00:11<00:22, 2660.51it/s]
Benchmarking (mlp):  35%|███▍      | 31765/91223 [00:11<00:22, 2667.74it/s]
Benchmarking (mlp):  35%|███▌      | 32032/91223 [00:11<00:22, 2634.52it/s]
Benchmarking (mlp):  35%|███▌      | 32309/91223 [00:11<00:22, 2674.19it/s]
Benchmarking (mlp):  36%|███▌      | 32582/91223 [00:11<00:21, 2688.38it/s]
Benchmarking (mlp):  36%|███▌      | 32860/91223 [00:12<00:21, 2714.01it/s]
Benchmarking (mlp):  36%|███▋      | 33138/91223 [00:12<00:21, 2732.87it/s]
Benchmarking (mlp):  37%|███▋      | 33412/91223 [00:12<00:21, 2733.27it/s]
Benchmarking (mlp):  37%|███▋      | 33690/91223 [00:12<00:20, 2745.99it/s]
Benchmarking (mlp):  37%|███▋      | 33969/91223 [00:12<00:20, 2758.98it/s]
Benchmarking (mlp):  38%|███▊      | 34245/91223 [00:12<00:20, 2746.35it/s]
Benchmarking (mlp):  38%|███▊      | 34520/91223 [00:12<00:20, 2741.76it/s]
Benchmarking (mlp):  38%|███▊      | 34796/91223 [00:12<00:20, 2747.16it/s]
Benchmarking (mlp):  38%|███▊      | 35076/91223 [00:12<00:20, 2760.23it/s]
Benchmarking (mlp):  39%|███▉      | 35356/91223 [00:12<00:20, 2770.67it/s]
Benchmarking (mlp):  39%|███▉      | 35636/91223 [00:13<00:20, 2777.94it/s]
Benchmarking (mlp):  39%|███▉      | 35915/91223 [00:13<00:19, 2781.31it/s]
Benchmarking (mlp):  40%|███▉      | 36194/91223 [00:13<00:20, 2737.59it/s]
Benchmarking (mlp):  40%|███▉      | 36468/91223 [00:13<00:20, 2718.57it/s]
Benchmarking (mlp):  40%|████      | 36740/91223 [00:13<00:20, 2707.70it/s]
Benchmarking (mlp):  41%|████      | 37011/91223 [00:13<00:20, 2683.09it/s]
Benchmarking (mlp):  41%|████      | 37287/91223 [00:13<00:19, 2703.95it/s]
Benchmarking (mlp):  41%|████      | 37561/91223 [00:13<00:19, 2711.80it/s]
Benchmarking (mlp):  41%|████▏     | 37833/91223 [00:13<00:19, 2698.45it/s]
Benchmarking (mlp):  42%|████▏     | 38103/91223 [00:13<00:19, 2689.03it/s]
Benchmarking (mlp):  42%|████▏     | 38372/91223 [00:14<00:19, 2666.50it/s]
Benchmarking (mlp):  42%|████▏     | 38639/91223 [00:14<00:19, 2667.15it/s]
Benchmarking (mlp):  43%|████▎     | 38906/91223 [00:14<00:19, 2637.32it/s]
Benchmarking (mlp):  43%|████▎     | 39170/91223 [00:14<00:19, 2627.70it/s]
Benchmarking (mlp):  43%|████▎     | 39433/91223 [00:14<00:19, 2614.26it/s]
Benchmarking (mlp):  44%|████▎     | 39712/91223 [00:14<00:19, 2664.13it/s]
Benchmarking (mlp):  44%|████▍     | 39982/91223 [00:14<00:19, 2672.84it/s]
Benchmarking (mlp):  44%|████▍     | 40264/91223 [00:14<00:18, 2715.07it/s]
Benchmarking (mlp):  44%|████▍     | 40536/91223 [00:14<00:18, 2689.79it/s]
Benchmarking (mlp):  45%|████▍     | 40806/91223 [00:14<00:18, 2689.25it/s]
Benchmarking (mlp):  45%|████▌     | 41075/91223 [00:15<00:18, 2686.99it/s]
Benchmarking (mlp):  45%|████▌     | 41344/91223 [00:15<00:18, 2673.23it/s]
Benchmarking (mlp):  46%|████▌     | 41612/91223 [00:15<00:18, 2638.20it/s]
Benchmarking (mlp):  46%|████▌     | 41883/91223 [00:15<00:18, 2657.71it/s]
Benchmarking (mlp):  46%|████▌     | 42160/91223 [00:15<00:18, 2690.09it/s]
Benchmarking (mlp):  47%|████▋     | 42438/91223 [00:15<00:17, 2715.01it/s]
Benchmarking (mlp):  47%|████▋     | 42717/91223 [00:15<00:17, 2736.53it/s]
Benchmarking (mlp):  47%|████▋     | 42991/91223 [00:15<00:17, 2707.76it/s]
Benchmarking (mlp):  47%|████▋     | 43262/91223 [00:15<00:17, 2677.71it/s]
Benchmarking (mlp):  48%|████▊     | 43542/91223 [00:15<00:17, 2711.33it/s]
Benchmarking (mlp):  48%|████▊     | 43814/91223 [00:16<00:17, 2702.70it/s]
Benchmarking (mlp):  48%|████▊     | 44085/91223 [00:16<00:17, 2696.40it/s]
Benchmarking (mlp):  49%|████▊     | 44356/91223 [00:16<00:17, 2698.69it/s]
Benchmarking (mlp):  49%|████▉     | 44626/91223 [00:16<00:17, 2674.24it/s]
Benchmarking (mlp):  49%|████▉     | 44895/91223 [00:16<00:17, 2678.49it/s]
Benchmarking (mlp):  50%|████▉     | 45169/91223 [00:16<00:17, 2696.31it/s]
Benchmarking (mlp):  50%|████▉     | 45447/91223 [00:16<00:16, 2718.90it/s]
Benchmarking (mlp):  50%|█████     | 45719/91223 [00:16<00:16, 2719.00it/s]
Benchmarking (mlp):  50%|█████     | 45994/91223 [00:16<00:16, 2726.03it/s]
Benchmarking (mlp):  51%|█████     | 46270/91223 [00:16<00:16, 2735.49it/s]
Benchmarking (mlp):  51%|█████     | 46544/91223 [00:17<00:16, 2710.10it/s]
Benchmarking (mlp):  51%|█████▏    | 46818/91223 [00:17<00:16, 2716.60it/s]
Benchmarking (mlp):  52%|█████▏    | 47091/91223 [00:17<00:16, 2719.48it/s]
Benchmarking (mlp):  52%|█████▏    | 47363/91223 [00:17<00:16, 2715.87it/s]
Benchmarking (mlp):  52%|█████▏    | 47640/91223 [00:17<00:15, 2729.25it/s]
Benchmarking (mlp):  53%|█████▎    | 47913/91223 [00:17<00:15, 2715.87it/s]
Benchmarking (mlp):  53%|█████▎    | 48185/91223 [00:17<00:15, 2692.15it/s]
Benchmarking (mlp):  53%|█████▎    | 48459/91223 [00:17<00:15, 2706.29it/s]
Benchmarking (mlp):  53%|█████▎    | 48730/91223 [00:17<00:15, 2697.37it/s]
Benchmarking (mlp):  54%|█████▎    | 49001/91223 [00:18<00:15, 2698.15it/s]
Benchmarking (mlp):  54%|█████▍    | 49271/91223 [00:18<00:15, 2697.37it/s]
Benchmarking (mlp):  54%|█████▍    | 49546/91223 [00:18<00:15, 2712.33it/s]
Benchmarking (mlp):  55%|█████▍    | 49824/91223 [00:18<00:15, 2730.49it/s]
Benchmarking (mlp):  55%|█████▍    | 50103/91223 [00:18<00:14, 2747.00it/s]
Benchmarking (mlp):  55%|█████▌    | 50378/91223 [00:18<00:14, 2739.44it/s]
Benchmarking (mlp):  56%|█████▌    | 50652/91223 [00:18<00:14, 2721.09it/s]
Benchmarking (mlp):  56%|█████▌    | 50926/91223 [00:18<00:14, 2725.48it/s]
Benchmarking (mlp):  56%|█████▌    | 51199/91223 [00:18<00:14, 2724.39it/s]
Benchmarking (mlp):  56%|█████▋    | 51475/91223 [00:18<00:14, 2733.45it/s]
Benchmarking (mlp):  57%|█████▋    | 51750/91223 [00:19<00:14, 2735.68it/s]
Benchmarking (mlp):  57%|█████▋    | 52024/91223 [00:19<00:14, 2734.45it/s]
Benchmarking (mlp):  57%|█████▋    | 52300/91223 [00:19<00:14, 2741.62it/s]
Benchmarking (mlp):  58%|█████▊    | 52575/91223 [00:19<00:14, 2727.05it/s]
Benchmarking (mlp):  58%|█████▊    | 52848/91223 [00:19<00:14, 2684.48it/s]
Benchmarking (mlp):  58%|█████▊    | 53117/91223 [00:19<00:14, 2683.51it/s]
Benchmarking (mlp):  59%|█████▊    | 53391/91223 [00:19<00:14, 2698.56it/s]
Benchmarking (mlp):  59%|█████▉    | 53668/91223 [00:19<00:13, 2717.83it/s]
Benchmarking (mlp):  59%|█████▉    | 53948/91223 [00:19<00:13, 2740.42it/s]
Benchmarking (mlp):  59%|█████▉    | 54223/91223 [00:19<00:13, 2741.53it/s]
Benchmarking (mlp):  60%|█████▉    | 54498/91223 [00:20<00:13, 2737.65it/s]
Benchmarking (mlp):  60%|██████    | 54772/91223 [00:20<00:13, 2708.23it/s]
Benchmarking (mlp):  60%|██████    | 55043/91223 [00:20<00:13, 2695.84it/s]
Benchmarking (mlp):  61%|██████    | 55313/91223 [00:20<00:13, 2685.11it/s]
Benchmarking (mlp):  61%|██████    | 55589/91223 [00:20<00:13, 2704.59it/s]
Benchmarking (mlp):  61%|██████    | 55863/91223 [00:20<00:13, 2713.73it/s]
Benchmarking (mlp):  62%|██████▏   | 56135/91223 [00:20<00:13, 2693.44it/s]
Benchmarking (mlp):  62%|██████▏   | 56405/91223 [00:20<00:13, 2638.50it/s]
Benchmarking (mlp):  62%|██████▏   | 56679/91223 [00:20<00:12, 2667.78it/s]
Benchmarking (mlp):  62%|██████▏   | 56960/91223 [00:20<00:12, 2708.82it/s]
Benchmarking (mlp):  63%|██████▎   | 57238/91223 [00:21<00:12, 2728.85it/s]
Benchmarking (mlp):  63%|██████▎   | 57512/91223 [00:21<00:12, 2730.73it/s]
Benchmarking (mlp):  63%|██████▎   | 57786/91223 [00:21<00:12, 2701.56it/s]
Benchmarking (mlp):  64%|██████▎   | 58057/91223 [00:21<00:12, 2702.43it/s]
Benchmarking (mlp):  64%|██████▍   | 58333/91223 [00:21<00:12, 2717.06it/s]
Benchmarking (mlp):  64%|██████▍   | 58605/91223 [00:21<00:12, 2713.42it/s]
Benchmarking (mlp):  65%|██████▍   | 58880/91223 [00:21<00:11, 2723.99it/s]
Benchmarking (mlp):  65%|██████▍   | 59161/91223 [00:21<00:11, 2746.96it/s]
Benchmarking (mlp):  65%|██████▌   | 59438/91223 [00:21<00:11, 2753.41it/s]
Benchmarking (mlp):  65%|██████▌   | 59718/91223 [00:21<00:11, 2765.08it/s]
Benchmarking (mlp):  66%|██████▌   | 59995/91223 [00:22<00:11, 2737.75it/s]
Benchmarking (mlp):  66%|██████▌   | 60271/91223 [00:22<00:11, 2744.01it/s]
Benchmarking (mlp):  66%|██████▋   | 60547/91223 [00:22<00:11, 2746.37it/s]
Benchmarking (mlp):  67%|██████▋   | 60822/91223 [00:22<00:11, 2728.64it/s]
Benchmarking (mlp):  67%|██████▋   | 61096/91223 [00:22<00:11, 2730.96it/s]
Benchmarking (mlp):  67%|██████▋   | 61370/91223 [00:22<00:11, 2705.96it/s]
Benchmarking (mlp):  68%|██████▊   | 61641/91223 [00:22<00:10, 2700.03it/s]
Benchmarking (mlp):  68%|██████▊   | 61914/91223 [00:22<00:10, 2708.47it/s]
Benchmarking (mlp):  68%|██████▊   | 62190/91223 [00:22<00:10, 2721.41it/s]
Benchmarking (mlp):  68%|██████▊   | 62468/91223 [00:22<00:10, 2738.44it/s]
Benchmarking (mlp):  69%|██████▉   | 62742/91223 [00:23<00:10, 2702.96it/s]
Benchmarking (mlp):  69%|██████▉   | 63013/91223 [00:23<00:10, 2685.92it/s]
Benchmarking (mlp):  69%|██████▉   | 63282/91223 [00:23<00:10, 2678.03it/s]
Benchmarking (mlp):  70%|██████▉   | 63550/91223 [00:23<00:10, 2661.19it/s]
Benchmarking (mlp):  70%|██████▉   | 63827/91223 [00:23<00:10, 2691.18it/s]
Benchmarking (mlp):  70%|███████   | 64104/91223 [00:23<00:09, 2713.38it/s]
Benchmarking (mlp):  71%|███████   | 64383/91223 [00:23<00:09, 2735.59it/s]
Benchmarking (mlp):  71%|███████   | 64657/91223 [00:23<00:09, 2725.20it/s]
Benchmarking (mlp):  71%|███████   | 64932/91223 [00:23<00:09, 2729.92it/s]
Benchmarking (mlp):  71%|███████▏  | 65211/91223 [00:23<00:09, 2746.12it/s]
Benchmarking (mlp):  72%|███████▏  | 65487/91223 [00:24<00:09, 2748.63it/s]
Benchmarking (mlp):  72%|███████▏  | 65762/91223 [00:24<00:09, 2733.29it/s]
Benchmarking (mlp):  72%|███████▏  | 66036/91223 [00:24<00:09, 2734.28it/s]
Benchmarking (mlp):  73%|███████▎  | 66310/91223 [00:24<00:09, 2728.83it/s]
Benchmarking (mlp):  73%|███████▎  | 66583/91223 [00:24<00:09, 2720.65it/s]
Benchmarking (mlp):  73%|███████▎  | 66859/91223 [00:24<00:08, 2731.18it/s]
Benchmarking (mlp):  74%|███████▎  | 67136/91223 [00:24<00:08, 2742.11it/s]
Benchmarking (mlp):  74%|███████▍  | 67414/91223 [00:24<00:08, 2751.85it/s]
Benchmarking (mlp):  74%|███████▍  | 67695/91223 [00:24<00:08, 2766.87it/s]
Benchmarking (mlp):  75%|███████▍  | 67975/91223 [00:24<00:08, 2776.52it/s]
Benchmarking (mlp):  75%|███████▍  | 68253/91223 [00:25<00:08, 2758.15it/s]
Benchmarking (mlp):  75%|███████▌  | 68529/91223 [00:25<00:08, 2746.01it/s]
Benchmarking (mlp):  75%|███████▌  | 68804/91223 [00:25<00:08, 2720.18it/s]
Benchmarking (mlp):  76%|███████▌  | 69077/91223 [00:25<00:08, 2706.14it/s]
Benchmarking (mlp):  76%|███████▌  | 69349/91223 [00:25<00:08, 2709.80it/s]
Benchmarking (mlp):  76%|███████▋  | 69624/91223 [00:25<00:07, 2721.24it/s]
Benchmarking (mlp):  77%|███████▋  | 69897/91223 [00:25<00:07, 2714.45it/s]
Benchmarking (mlp):  77%|███████▋  | 70169/91223 [00:25<00:07, 2687.34it/s]
Benchmarking (mlp):  77%|███████▋  | 70438/91223 [00:25<00:07, 2673.25it/s]
Benchmarking (mlp):  78%|███████▊  | 70706/91223 [00:25<00:07, 2668.94it/s]
Benchmarking (mlp):  78%|███████▊  | 70973/91223 [00:26<00:07, 2657.95it/s]
Benchmarking (mlp):  78%|███████▊  | 71241/91223 [00:26<00:07, 2663.70it/s]
Benchmarking (mlp):  78%|███████▊  | 71508/91223 [00:26<00:07, 2644.31it/s]
Benchmarking (mlp):  79%|███████▊  | 71782/91223 [00:26<00:07, 2670.20it/s]
Benchmarking (mlp):  79%|███████▉  | 72053/91223 [00:26<00:07, 2681.29it/s]
Benchmarking (mlp):  79%|███████▉  | 72332/91223 [00:26<00:06, 2710.91it/s]
Benchmarking (mlp):  80%|███████▉  | 72604/91223 [00:26<00:06, 2693.07it/s]
Benchmarking (mlp):  80%|███████▉  | 72875/91223 [00:26<00:06, 2697.99it/s]
Benchmarking (mlp):  80%|████████  | 73145/91223 [00:26<00:06, 2695.77it/s]
Benchmarking (mlp):  80%|████████  | 73419/91223 [00:26<00:06, 2707.76it/s]
Benchmarking (mlp):  81%|████████  | 73695/91223 [00:27<00:06, 2720.96it/s]
Benchmarking (mlp):  81%|████████  | 73974/91223 [00:27<00:06, 2740.33it/s]
Benchmarking (mlp):  81%|████████▏ | 74249/91223 [00:27<00:06, 2710.69it/s]
Benchmarking (mlp):  82%|████████▏ | 74521/91223 [00:27<00:06, 2703.83it/s]
Benchmarking (mlp):  82%|████████▏ | 74792/91223 [00:27<00:06, 2688.94it/s]
Benchmarking (mlp):  82%|████████▏ | 75064/91223 [00:27<00:05, 2696.26it/s]
Benchmarking (mlp):  83%|████████▎ | 75340/91223 [00:27<00:05, 2713.84it/s]
Benchmarking (mlp):  83%|████████▎ | 75618/91223 [00:27<00:05, 2731.12it/s]
Benchmarking (mlp):  83%|████████▎ | 75892/91223 [00:27<00:05, 2724.88it/s]
Benchmarking (mlp):  83%|████████▎ | 76168/91223 [00:28<00:05, 2733.37it/s]
Benchmarking (mlp):  84%|████████▍ | 76442/91223 [00:28<00:05, 2724.56it/s]
Benchmarking (mlp):  84%|████████▍ | 76718/91223 [00:28<00:05, 2732.85it/s]
Benchmarking (mlp):  84%|████████▍ | 76992/91223 [00:28<00:05, 2707.94it/s]
Benchmarking (mlp):  85%|████████▍ | 77263/91223 [00:28<00:05, 2642.96it/s]
Benchmarking (mlp):  85%|████████▍ | 77530/91223 [00:28<00:05, 2649.94it/s]
Benchmarking (mlp):  85%|████████▌ | 77798/91223 [00:28<00:05, 2656.92it/s]
Benchmarking (mlp):  86%|████████▌ | 78079/91223 [00:28<00:04, 2699.95it/s]
Benchmarking (mlp):  86%|████████▌ | 78352/91223 [00:28<00:04, 2706.31it/s]
Benchmarking (mlp):  86%|████████▌ | 78623/91223 [00:28<00:04, 2666.24it/s]
Benchmarking (mlp):  86%|████████▋ | 78893/91223 [00:29<00:04, 2673.85it/s]
Benchmarking (mlp):  87%|████████▋ | 79161/91223 [00:29<00:04, 2675.60it/s]
Benchmarking (mlp):  87%|████████▋ | 79437/91223 [00:29<00:04, 2699.58it/s]
Benchmarking (mlp):  87%|████████▋ | 79708/91223 [00:29<00:04, 2691.60it/s]
Benchmarking (mlp):  88%|████████▊ | 79980/91223 [00:29<00:04, 2699.49it/s]
Benchmarking (mlp):  88%|████████▊ | 80251/91223 [00:29<00:04, 2680.55it/s]
Benchmarking (mlp):  88%|████████▊ | 80523/91223 [00:29<00:03, 2690.62it/s]
Benchmarking (mlp):  89%|████████▊ | 80793/91223 [00:29<00:03, 2690.95it/s]
Benchmarking (mlp):  89%|████████▉ | 81063/91223 [00:29<00:03, 2682.11it/s]
Benchmarking (mlp):  89%|████████▉ | 81334/91223 [00:29<00:03, 2688.52it/s]
Benchmarking (mlp):  89%|████████▉ | 81605/91223 [00:30<00:03, 2694.48it/s]
Benchmarking (mlp):  90%|████████▉ | 81875/91223 [00:30<00:03, 2676.08it/s]
Benchmarking (mlp):  90%|█████████ | 82148/91223 [00:30<00:03, 2690.18it/s]
Benchmarking (mlp):  90%|█████████ | 82423/91223 [00:30<00:03, 2707.84it/s]
Benchmarking (mlp):  91%|█████████ | 82694/91223 [00:30<00:03, 2694.29it/s]
Benchmarking (mlp):  91%|█████████ | 82964/91223 [00:30<00:03, 2686.77it/s]
Benchmarking (mlp):  91%|█████████ | 83234/91223 [00:30<00:02, 2690.14it/s]
Benchmarking (mlp):  92%|█████████▏| 83505/91223 [00:30<00:02, 2693.39it/s]
Benchmarking (mlp):  92%|█████████▏| 83781/91223 [00:30<00:02, 2710.42it/s]
Benchmarking (mlp):  92%|█████████▏| 84063/91223 [00:30<00:02, 2741.04it/s]
Benchmarking (mlp):  92%|█████████▏| 84338/91223 [00:31<00:02, 2725.52it/s]
Benchmarking (mlp):  93%|█████████▎| 84618/91223 [00:31<00:02, 2745.85it/s]
Benchmarking (mlp):  93%|█████████▎| 84899/91223 [00:31<00:02, 2762.33it/s]
Benchmarking (mlp):  93%|█████████▎| 85176/91223 [00:31<00:02, 2759.72it/s]
Benchmarking (mlp):  94%|█████████▎| 85452/91223 [00:31<00:02, 2746.65it/s]
Benchmarking (mlp):  94%|█████████▍| 85727/91223 [00:31<00:02, 2721.13it/s]
Benchmarking (mlp):  94%|█████████▍| 86000/91223 [00:31<00:01, 2709.64it/s]
Benchmarking (mlp):  95%|█████████▍| 86273/91223 [00:31<00:01, 2714.80it/s]
Benchmarking (mlp):  95%|█████████▍| 86549/91223 [00:31<00:01, 2726.00it/s]
Benchmarking (mlp):  95%|█████████▌| 86827/91223 [00:31<00:01, 2742.03it/s]
Benchmarking (mlp):  95%|█████████▌| 87102/91223 [00:32<00:01, 2729.44it/s]
Benchmarking (mlp):  96%|█████████▌| 87378/91223 [00:32<00:01, 2736.25it/s]
Benchmarking (mlp):  96%|█████████▌| 87653/91223 [00:32<00:01, 2739.11it/s]
Benchmarking (mlp):  96%|█████████▋| 87927/91223 [00:32<00:01, 2732.45it/s]
Benchmarking (mlp):  97%|█████████▋| 88201/91223 [00:32<00:01, 2730.78it/s]
Benchmarking (mlp):  97%|█████████▋| 88475/91223 [00:32<00:01, 2727.65it/s]
Benchmarking (mlp):  97%|█████████▋| 88748/91223 [00:32<00:00, 2713.02it/s]
Benchmarking (mlp):  98%|█████████▊| 89020/91223 [00:32<00:00, 2679.26it/s]
Benchmarking (mlp):  98%|█████████▊| 89289/91223 [00:32<00:00, 2670.05it/s]
Benchmarking (mlp):  98%|█████████▊| 89561/91223 [00:32<00:00, 2683.18it/s]
Benchmarking (mlp):  98%|█████████▊| 89836/91223 [00:33<00:00, 2702.89it/s]
Benchmarking (mlp):  99%|█████████▉| 90107/91223 [00:33<00:00, 2695.32it/s]
Benchmarking (mlp):  99%|█████████▉| 90377/91223 [00:33<00:00, 2696.12it/s]
Benchmarking (mlp):  99%|█████████▉| 90647/91223 [00:33<00:00, 2696.48it/s]
Benchmarking (mlp): 100%|█████████▉| 90917/91223 [00:33<00:00, 2682.41it/s]
Benchmarking (mlp): 100%|█████████▉| 91196/91223 [00:33<00:00, 2712.41it/s]
Benchmarking (mlp):   0%|          | 0/26063 [00:00<?, ?it/s]
Benchmarking (mlp):   1%|          | 195/26063 [00:00<00:13, 1944.99it/s]
Benchmarking (mlp):   2%|▏         | 401/26063 [00:00<00:12, 2008.43it/s]
Benchmarking (mlp):   2%|▏         | 612/26063 [00:00<00:12, 2054.10it/s]
Benchmarking (mlp):   3%|▎         | 818/26063 [00:00<00:13, 1867.94it/s]
Benchmarking (mlp):   4%|▍         | 1043/26063 [00:00<00:12, 1997.15it/s]
Benchmarking (mlp):   5%|▍         | 1249/26063 [00:00<00:12, 2015.86it/s]
Benchmarking (mlp):   6%|▌         | 1460/26063 [00:00<00:12, 2045.64it/s]
Benchmarking (mlp):   6%|▋         | 1666/26063 [00:00<00:11, 2034.04it/s]
Benchmarking (mlp):   7%|▋         | 1871/26063 [00:00<00:12, 2007.19it/s]
Benchmarking (mlp):   8%|▊         | 2073/26063 [00:01<00:12, 1888.33it/s]
Benchmarking (mlp):   9%|▊         | 2264/26063 [00:01<00:13, 1813.36it/s]
Benchmarking (mlp):   9%|▉         | 2465/26063 [00:01<00:12, 1866.96it/s]
Benchmarking (mlp):  10%|█         | 2654/26063 [00:01<00:14, 1633.72it/s]
Benchmarking (mlp):  11%|█         | 2882/26063 [00:01<00:12, 1803.34it/s]
Benchmarking (mlp):  12%|█▏        | 3152/26063 [00:01<00:11, 2046.85it/s]
Benchmarking (mlp):  13%|█▎        | 3364/26063 [00:01<00:14, 1587.42it/s]
Benchmarking (mlp):  14%|█▎        | 3581/26063 [00:01<00:13, 1724.54it/s]
Benchmarking (mlp):  15%|█▍        | 3857/26063 [00:02<00:11, 1984.96it/s]
Benchmarking (mlp):  16%|█▌        | 4126/26063 [00:02<00:10, 2170.15it/s]
Benchmarking (mlp):  17%|█▋        | 4400/26063 [00:02<00:09, 2325.33it/s]
Benchmarking (mlp):  18%|█▊        | 4679/26063 [00:02<00:08, 2455.45it/s]
Benchmarking (mlp):  19%|█▉        | 4956/26063 [00:02<00:08, 2544.35it/s]
Benchmarking (mlp):  20%|██        | 5231/26063 [00:02<00:08, 2602.60it/s]
Benchmarking (mlp):  21%|██        | 5505/26063 [00:02<00:07, 2641.39it/s]
Benchmarking (mlp):  22%|██▏       | 5773/26063 [00:02<00:07, 2651.63it/s]
Benchmarking (mlp):  23%|██▎       | 6050/26063 [00:02<00:07, 2686.50it/s]
Benchmarking (mlp):  24%|██▍       | 6321/26063 [00:02<00:07, 2675.93it/s]
Benchmarking (mlp):  25%|██▌       | 6594/26063 [00:03<00:07, 2690.02it/s]
Benchmarking (mlp):  26%|██▋       | 6864/26063 [00:03<00:07, 2688.53it/s]
Benchmarking (mlp):  27%|██▋       | 7134/26063 [00:03<00:07, 2682.22it/s]
Benchmarking (mlp):  28%|██▊       | 7411/26063 [00:03<00:06, 2706.90it/s]
Benchmarking (mlp):  29%|██▉       | 7683/26063 [00:03<00:06, 2710.03it/s]
Benchmarking (mlp):  31%|███       | 7955/26063 [00:03<00:06, 2709.13it/s]
Benchmarking (mlp):  32%|███▏      | 8237/26063 [00:03<00:06, 2739.67it/s]
Benchmarking (mlp):  33%|███▎      | 8518/26063 [00:03<00:06, 2758.09it/s]
Benchmarking (mlp):  34%|███▍      | 8798/26063 [00:03<00:06, 2768.85it/s]
Benchmarking (mlp):  35%|███▍      | 9078/26063 [00:03<00:06, 2776.53it/s]
Benchmarking (mlp):  36%|███▌      | 9356/26063 [00:04<00:06, 2775.59it/s]
Benchmarking (mlp):  37%|███▋      | 9634/26063 [00:04<00:05, 2741.84it/s]
Benchmarking (mlp):  38%|███▊      | 9909/26063 [00:04<00:05, 2703.50it/s]
Benchmarking (mlp):  39%|███▉      | 10186/26063 [00:04<00:05, 2720.47it/s]
Benchmarking (mlp):  40%|████      | 10459/26063 [00:04<00:05, 2720.57it/s]
Benchmarking (mlp):  41%|████      | 10734/26063 [00:04<00:05, 2727.71it/s]
Benchmarking (mlp):  42%|████▏     | 11007/26063 [00:04<00:05, 2721.73it/s]
Benchmarking (mlp):  43%|████▎     | 11286/26063 [00:04<00:05, 2740.89it/s]
Benchmarking (mlp):  44%|████▍     | 11563/26063 [00:04<00:05, 2746.04it/s]
Benchmarking (mlp):  45%|████▌     | 11839/26063 [00:04<00:05, 2748.68it/s]
Benchmarking (mlp):  46%|████▋     | 12116/26063 [00:05<00:05, 2752.40it/s]
Benchmarking (mlp):  48%|████▊     | 12392/26063 [00:05<00:05, 2726.28it/s]
Benchmarking (mlp):  49%|████▊     | 12668/26063 [00:05<00:04, 2736.06it/s]
Benchmarking (mlp):  50%|████▉     | 12948/26063 [00:05<00:04, 2752.66it/s]
Benchmarking (mlp):  51%|█████     | 13224/26063 [00:05<00:04, 2745.93it/s]
Benchmarking (mlp):  52%|█████▏    | 13499/26063 [00:05<00:04, 2735.86it/s]
Benchmarking (mlp):  53%|█████▎    | 13773/26063 [00:05<00:04, 2736.62it/s]
Benchmarking (mlp):  54%|█████▍    | 14051/26063 [00:05<00:04, 2748.58it/s]
Benchmarking (mlp):  55%|█████▍    | 14326/26063 [00:05<00:04, 2747.02it/s]
Benchmarking (mlp):  56%|█████▌    | 14601/26063 [00:05<00:04, 2730.45it/s]
Benchmarking (mlp):  57%|█████▋    | 14875/26063 [00:06<00:04, 2723.71it/s]
Benchmarking (mlp):  58%|█████▊    | 15156/26063 [00:06<00:03, 2748.20it/s]
Benchmarking (mlp):  59%|█████▉    | 15431/26063 [00:06<00:03, 2741.26it/s]
Benchmarking (mlp):  60%|██████    | 15708/26063 [00:06<00:03, 2748.32it/s]
Benchmarking (mlp):  61%|██████▏   | 15983/26063 [00:06<00:03, 2736.93it/s]
Benchmarking (mlp):  62%|██████▏   | 16260/26063 [00:06<00:03, 2745.70it/s]
Benchmarking (mlp):  63%|██████▎   | 16541/26063 [00:06<00:03, 2762.51it/s]
Benchmarking (mlp):  65%|██████▍   | 16818/26063 [00:06<00:03, 2761.51it/s]
Benchmarking (mlp):  66%|██████▌   | 17095/26063 [00:06<00:03, 2753.49it/s]
Benchmarking (mlp):  67%|██████▋   | 17372/26063 [00:06<00:03, 2755.55it/s]
Benchmarking (mlp):  68%|██████▊   | 17648/26063 [00:07<00:03, 2731.98it/s]
Benchmarking (mlp):  69%|██████▉   | 17922/26063 [00:07<00:03, 2702.22it/s]
Benchmarking (mlp):  70%|██████▉   | 18196/26063 [00:07<00:02, 2712.86it/s]
Benchmarking (mlp):  71%|███████   | 18468/26063 [00:07<00:02, 2712.62it/s]
Benchmarking (mlp):  72%|███████▏  | 18747/26063 [00:07<00:02, 2733.89it/s]
Benchmarking (mlp):  73%|███████▎  | 19021/26063 [00:07<00:02, 2726.73it/s]
Benchmarking (mlp):  74%|███████▍  | 19295/26063 [00:07<00:02, 2727.95it/s]
Benchmarking (mlp):  75%|███████▌  | 19572/26063 [00:07<00:02, 2737.96it/s]
Benchmarking (mlp):  76%|███████▌  | 19849/26063 [00:07<00:02, 2746.12it/s]
Benchmarking (mlp):  77%|███████▋  | 20124/26063 [00:07<00:02, 2729.41it/s]
Benchmarking (mlp):  78%|███████▊  | 20397/26063 [00:08<00:02, 2713.04it/s]
Benchmarking (mlp):  79%|███████▉  | 20672/26063 [00:08<00:01, 2723.18it/s]
Benchmarking (mlp):  80%|████████  | 20945/26063 [00:08<00:01, 2723.62it/s]
Benchmarking (mlp):  81%|████████▏ | 21221/26063 [00:08<00:01, 2732.45it/s]
Benchmarking (mlp):  82%|████████▏ | 21497/26063 [00:08<00:01, 2738.07it/s]
Benchmarking (mlp):  84%|████████▎ | 21775/26063 [00:08<00:01, 2750.42it/s]
Benchmarking (mlp):  85%|████████▍ | 22051/26063 [00:08<00:01, 2720.54it/s]
Benchmarking (mlp):  86%|████████▌ | 22324/26063 [00:08<00:01, 2716.57it/s]
Benchmarking (mlp):  87%|████████▋ | 22602/26063 [00:08<00:01, 2732.87it/s]
Benchmarking (mlp):  88%|████████▊ | 22880/26063 [00:08<00:01, 2746.74it/s]
Benchmarking (mlp):  89%|████████▉ | 23155/26063 [00:09<00:01, 2716.09it/s]
Benchmarking (mlp):  90%|████████▉ | 23436/26063 [00:09<00:00, 2742.83it/s]
Benchmarking (mlp):  91%|█████████ | 23711/26063 [00:09<00:00, 2737.05it/s]
Benchmarking (mlp):  92%|█████████▏| 23985/26063 [00:09<00:00, 2723.62it/s]
Benchmarking (mlp):  93%|█████████▎| 24260/26063 [00:09<00:00, 2729.96it/s]
Benchmarking (mlp):  94%|█████████▍| 24534/26063 [00:09<00:00, 2724.98it/s]
Benchmarking (mlp):  95%|█████████▌| 24807/26063 [00:09<00:00, 2699.43it/s]
Benchmarking (mlp):  96%|█████████▌| 25078/26063 [00:09<00:00, 2636.21it/s]
Benchmarking (mlp):  97%|█████████▋| 25342/26063 [00:09<00:00, 2634.65it/s]
Benchmarking (mlp):  98%|█████████▊| 25619/26063 [00:10<00:00, 2672.52it/s]
Benchmarking (mlp):  99%|█████████▉| 25887/26063 [00:10<00:00, 2668.22it/s]
Benchmarking (mlp):   0%|          | 0/13033 [00:00<?, ?it/s]
Benchmarking (mlp):   2%|▏         | 245/13033 [00:00<00:05, 2441.91it/s]
Benchmarking (mlp):   4%|▍         | 520/13033 [00:00<00:04, 2619.36it/s]
Benchmarking (mlp):   6%|▌         | 792/13033 [00:00<00:04, 2661.87it/s]
Benchmarking (mlp):   8%|▊         | 1069/13033 [00:00<00:04, 2704.36it/s]
Benchmarking (mlp):  10%|█         | 1340/13033 [00:00<00:04, 2697.24it/s]
Benchmarking (mlp):  12%|█▏        | 1613/13033 [00:00<00:04, 2708.30it/s]
Benchmarking (mlp):  14%|█▍        | 1884/13033 [00:00<00:04, 2611.14it/s]
Benchmarking (mlp):  17%|█▋        | 2165/13033 [00:00<00:04, 2670.41it/s]
Benchmarking (mlp):  19%|█▊        | 2442/13033 [00:00<00:03, 2698.30it/s]
Benchmarking (mlp):  21%|██        | 2714/13033 [00:01<00:03, 2702.76it/s]
Benchmarking (mlp):  23%|██▎       | 2985/13033 [00:01<00:03, 2686.36it/s]
Benchmarking (mlp):  25%|██▍       | 3254/13033 [00:01<00:03, 2639.83it/s]
Benchmarking (mlp):  27%|██▋       | 3534/13033 [00:01<00:03, 2686.17it/s]
Benchmarking (mlp):  29%|██▉       | 3803/13033 [00:01<00:03, 2661.20it/s]
Benchmarking (mlp):  31%|███▏      | 4074/13033 [00:01<00:03, 2675.20it/s]
Benchmarking (mlp):  33%|███▎      | 4353/13033 [00:01<00:03, 2707.29it/s]
Benchmarking (mlp):  36%|███▌      | 4631/13033 [00:01<00:03, 2727.07it/s]
Benchmarking (mlp):  38%|███▊      | 4906/13033 [00:01<00:02, 2732.34it/s]
Benchmarking (mlp):  40%|███▉      | 5184/13033 [00:01<00:02, 2745.98it/s]
Benchmarking (mlp):  42%|████▏     | 5459/13033 [00:02<00:02, 2732.99it/s]
Benchmarking (mlp):  44%|████▍     | 5733/13033 [00:02<00:02, 2730.60it/s]
Benchmarking (mlp):  46%|████▌     | 6007/13033 [00:02<00:02, 2699.06it/s]
Benchmarking (mlp):  48%|████▊     | 6278/13033 [00:02<00:02, 2696.71it/s]
Benchmarking (mlp):  50%|█████     | 6553/13033 [00:02<00:02, 2711.39it/s]
Benchmarking (mlp):  52%|█████▏    | 6825/13033 [00:02<00:02, 2691.19it/s]
Benchmarking (mlp):  54%|█████▍    | 7098/13033 [00:02<00:02, 2700.47it/s]
Benchmarking (mlp):  57%|█████▋    | 7376/13033 [00:02<00:02, 2720.32it/s]
Benchmarking (mlp):  59%|█████▊    | 7649/13033 [00:02<00:01, 2722.70it/s]
Benchmarking (mlp):  61%|██████    | 7922/13033 [00:02<00:01, 2722.13it/s]
Benchmarking (mlp):  63%|██████▎   | 8195/13033 [00:03<00:01, 2692.28it/s]
Benchmarking (mlp):  65%|██████▍   | 8471/13033 [00:03<00:01, 2710.25it/s]
Benchmarking (mlp):  67%|██████▋   | 8751/13033 [00:03<00:01, 2735.40it/s]
Benchmarking (mlp):  69%|██████▉   | 9030/13033 [00:03<00:01, 2749.36it/s]
Benchmarking (mlp):  71%|███████▏  | 9305/13033 [00:03<00:01, 2729.76it/s]
Benchmarking (mlp):  73%|███████▎  | 9579/13033 [00:03<00:01, 2693.09it/s]
Benchmarking (mlp):  76%|███████▌  | 9852/13033 [00:03<00:01, 2703.84it/s]
Benchmarking (mlp):  78%|███████▊  | 10127/13033 [00:03<00:01, 2710.83it/s]
Benchmarking (mlp):  80%|███████▉  | 10403/13033 [00:03<00:00, 2724.20it/s]
Benchmarking (mlp):  82%|████████▏ | 10676/13033 [00:03<00:00, 2700.96it/s]
Benchmarking (mlp):  84%|████████▍ | 10949/13033 [00:04<00:00, 2707.47it/s]
Benchmarking (mlp):  86%|████████▌ | 11220/13033 [00:04<00:00, 2696.97it/s]
Benchmarking (mlp):  88%|████████▊ | 11497/13033 [00:04<00:00, 2717.63it/s]
Benchmarking (mlp):  90%|█████████ | 11770/13033 [00:04<00:00, 2719.79it/s]
Benchmarking (mlp):  92%|█████████▏| 12049/13033 [00:04<00:00, 2739.47it/s]
Benchmarking (mlp):  95%|█████████▍| 12323/13033 [00:04<00:00, 2705.30it/s]
Benchmarking (mlp):  97%|█████████▋| 12594/13033 [00:04<00:00, 2682.50it/s]
Benchmarking (mlp):  99%|█████████▊| 12870/13033 [00:04<00:00, 2704.02it/s]
Benchmarking (mlp):   0%|          | 0/91223 [00:00<?, ?it/s]
Benchmarking (mlp):   0%|          | 276/91223 [00:00<00:33, 2750.59it/s]
Benchmarking (mlp):   1%|          | 552/91223 [00:00<00:33, 2717.75it/s]
Benchmarking (mlp):   1%|          | 826/91223 [00:00<00:33, 2727.03it/s]
Benchmarking (mlp):   1%|          | 1099/91223 [00:00<00:33, 2702.11it/s]
Benchmarking (mlp):   2%|▏         | 1370/91223 [00:00<00:33, 2701.78it/s]
Benchmarking (mlp):   2%|▏         | 1641/91223 [00:00<00:33, 2689.24it/s]
Benchmarking (mlp):   2%|▏         | 1918/91223 [00:00<00:32, 2712.57it/s]
Benchmarking (mlp):   2%|▏         | 2190/91223 [00:00<00:33, 2636.13it/s]
Benchmarking (mlp):   3%|▎         | 2458/91223 [00:00<00:33, 2647.74it/s]
Benchmarking (mlp):   3%|▎         | 2733/91223 [00:01<00:33, 2677.95it/s]
Benchmarking (mlp):   3%|▎         | 3002/91223 [00:01<00:32, 2676.14it/s]
Benchmarking (mlp):   4%|▎         | 3278/91223 [00:01<00:32, 2701.08it/s]
Benchmarking (mlp):   4%|▍         | 3552/91223 [00:01<00:32, 2711.99it/s]
Benchmarking (mlp):   4%|▍         | 3827/91223 [00:01<00:32, 2723.28it/s]
Benchmarking (mlp):   4%|▍         | 4100/91223 [00:01<00:32, 2712.98it/s]
Benchmarking (mlp):   5%|▍         | 4372/91223 [00:01<00:32, 2712.93it/s]
Benchmarking (mlp):   5%|▌         | 4644/91223 [00:01<00:31, 2713.99it/s]
Benchmarking (mlp):   5%|▌         | 4916/91223 [00:01<00:31, 2709.09it/s]
Benchmarking (mlp):   6%|▌         | 5187/91223 [00:01<00:32, 2687.42it/s]
Benchmarking (mlp):   6%|▌         | 5461/91223 [00:02<00:31, 2702.42it/s]
Benchmarking (mlp):   6%|▋         | 5732/91223 [00:02<00:31, 2703.74it/s]
Benchmarking (mlp):   7%|▋         | 6003/91223 [00:02<00:31, 2701.45it/s]
Benchmarking (mlp):   7%|▋         | 6280/91223 [00:02<00:31, 2720.53it/s]
Benchmarking (mlp):   7%|▋         | 6553/91223 [00:02<00:31, 2718.37it/s]
Benchmarking (mlp):   7%|▋         | 6825/91223 [00:02<00:31, 2713.99it/s]
Benchmarking (mlp):   8%|▊         | 7100/91223 [00:02<00:30, 2723.86it/s]
Benchmarking (mlp):   8%|▊         | 7377/91223 [00:02<00:30, 2735.87it/s]
Benchmarking (mlp):   8%|▊         | 7651/91223 [00:02<00:30, 2710.54it/s]
Benchmarking (mlp):   9%|▊         | 7930/91223 [00:02<00:30, 2732.18it/s]
Benchmarking (mlp):   9%|▉         | 8209/91223 [00:03<00:30, 2747.20it/s]
Benchmarking (mlp):   9%|▉         | 8487/91223 [00:03<00:30, 2756.09it/s]
Benchmarking (mlp):  10%|▉         | 8763/91223 [00:03<00:30, 2744.54it/s]
Benchmarking (mlp):  10%|▉         | 9038/91223 [00:03<00:29, 2742.25it/s]
Benchmarking (mlp):  10%|█         | 9313/91223 [00:03<00:29, 2736.03it/s]
Benchmarking (mlp):  11%|█         | 9587/91223 [00:03<00:30, 2686.22it/s]
Benchmarking (mlp):  11%|█         | 9856/91223 [00:03<00:30, 2663.42it/s]
Benchmarking (mlp):  11%|█         | 10130/91223 [00:03<00:30, 2683.41it/s]
Benchmarking (mlp):  11%|█▏        | 10407/91223 [00:03<00:29, 2708.71it/s]
Benchmarking (mlp):  12%|█▏        | 10679/91223 [00:03<00:29, 2704.24it/s]
Benchmarking (mlp):  12%|█▏        | 10950/91223 [00:04<00:29, 2697.72it/s]
Benchmarking (mlp):  12%|█▏        | 11220/91223 [00:04<00:29, 2673.40it/s]
Benchmarking (mlp):  13%|█▎        | 11496/91223 [00:04<00:29, 2696.52it/s]
Benchmarking (mlp):  13%|█▎        | 11773/91223 [00:04<00:29, 2715.96it/s]
Benchmarking (mlp):  13%|█▎        | 12045/91223 [00:04<00:29, 2714.30it/s]
Benchmarking (mlp):  14%|█▎        | 12324/91223 [00:04<00:28, 2734.53it/s]
Benchmarking (mlp):  14%|█▍        | 12600/91223 [00:04<00:28, 2740.14it/s]
Benchmarking (mlp):  14%|█▍        | 12879/91223 [00:04<00:28, 2753.62it/s]
Benchmarking (mlp):  14%|█▍        | 13155/91223 [00:04<00:28, 2743.72it/s]
Benchmarking (mlp):  15%|█▍        | 13431/91223 [00:04<00:28, 2748.42it/s]
Benchmarking (mlp):  15%|█▌        | 13706/91223 [00:05<00:28, 2746.44it/s]
Benchmarking (mlp):  15%|█▌        | 13981/91223 [00:05<00:28, 2740.70it/s]
Benchmarking (mlp):  16%|█▌        | 14259/91223 [00:05<00:27, 2750.61it/s]
Benchmarking (mlp):  16%|█▌        | 14535/91223 [00:05<00:27, 2746.54it/s]
Benchmarking (mlp):  16%|█▌        | 14813/91223 [00:05<00:27, 2755.06it/s]
Benchmarking (mlp):  17%|█▋        | 15092/91223 [00:05<00:27, 2764.04it/s]
Benchmarking (mlp):  17%|█▋        | 15369/91223 [00:05<00:27, 2751.64it/s]
Benchmarking (mlp):  17%|█▋        | 15648/91223 [00:05<00:27, 2761.96it/s]
Benchmarking (mlp):  17%|█▋        | 15925/91223 [00:05<00:27, 2753.32it/s]
Benchmarking (mlp):  18%|█▊        | 16201/91223 [00:05<00:27, 2752.60it/s]
Benchmarking (mlp):  18%|█▊        | 16480/91223 [00:06<00:27, 2760.79it/s]
Benchmarking (mlp):  18%|█▊        | 16760/91223 [00:06<00:26, 2772.07it/s]
Benchmarking (mlp):  19%|█▊        | 17038/91223 [00:06<00:26, 2767.21it/s]
Benchmarking (mlp):  19%|█▉        | 17315/91223 [00:06<00:26, 2760.85it/s]
Benchmarking (mlp):  19%|█▉        | 17596/91223 [00:06<00:26, 2772.56it/s]
Benchmarking (mlp):  20%|█▉        | 17875/91223 [00:06<00:26, 2775.76it/s]
Benchmarking (mlp):  20%|█▉        | 18153/91223 [00:06<00:26, 2770.05it/s]
Benchmarking (mlp):  20%|██        | 18435/91223 [00:06<00:26, 2783.22it/s]
Benchmarking (mlp):  21%|██        | 18714/91223 [00:06<00:26, 2766.70it/s]
Benchmarking (mlp):  21%|██        | 18991/91223 [00:06<00:26, 2759.07it/s]
Benchmarking (mlp):  21%|██        | 19267/91223 [00:07<00:26, 2745.88it/s]
Benchmarking (mlp):  21%|██▏       | 19542/91223 [00:07<00:26, 2740.51it/s]
Benchmarking (mlp):  22%|██▏       | 19818/91223 [00:07<00:26, 2744.88it/s]
Benchmarking (mlp):  22%|██▏       | 20093/91223 [00:07<00:25, 2736.21it/s]
Benchmarking (mlp):  22%|██▏       | 20367/91223 [00:07<00:25, 2727.97it/s]
Benchmarking (mlp):  23%|██▎       | 20640/91223 [00:07<00:25, 2714.93it/s]
Benchmarking (mlp):  23%|██▎       | 20914/91223 [00:07<00:25, 2722.04it/s]
Benchmarking (mlp):  23%|██▎       | 21187/91223 [00:07<00:25, 2718.80it/s]
Benchmarking (mlp):  24%|██▎       | 21462/91223 [00:07<00:25, 2726.54it/s]
Benchmarking (mlp):  24%|██▍       | 21735/91223 [00:07<00:25, 2723.38it/s]
Benchmarking (mlp):  24%|██▍       | 22010/91223 [00:08<00:25, 2729.90it/s]
Benchmarking (mlp):  24%|██▍       | 22285/91223 [00:08<00:25, 2735.24it/s]
Benchmarking (mlp):  25%|██▍       | 22559/91223 [00:08<00:25, 2728.35it/s]
Benchmarking (mlp):  25%|██▌       | 22832/91223 [00:08<00:25, 2724.30it/s]
Benchmarking (mlp):  25%|██▌       | 23108/91223 [00:08<00:24, 2732.83it/s]
Benchmarking (mlp):  26%|██▌       | 23384/91223 [00:08<00:24, 2739.14it/s]
Benchmarking (mlp):  26%|██▌       | 23664/91223 [00:08<00:24, 2754.70it/s]
Benchmarking (mlp):  26%|██▌       | 23940/91223 [00:08<00:24, 2752.30it/s]
Benchmarking (mlp):  27%|██▋       | 24218/91223 [00:08<00:24, 2757.82it/s]
Benchmarking (mlp):  27%|██▋       | 24495/91223 [00:08<00:24, 2760.61it/s]
Benchmarking (mlp):  27%|██▋       | 24772/91223 [00:09<00:24, 2756.39it/s]
Benchmarking (mlp):  27%|██▋       | 25048/91223 [00:09<00:24, 2751.13it/s]
Benchmarking (mlp):  28%|██▊       | 25324/91223 [00:09<00:24, 2742.37it/s]
Benchmarking (mlp):  28%|██▊       | 25599/91223 [00:09<00:23, 2734.91it/s]
Benchmarking (mlp):  28%|██▊       | 25874/91223 [00:09<00:23, 2739.08it/s]
Benchmarking (mlp):  29%|██▊       | 26153/91223 [00:09<00:23, 2753.81it/s]
Benchmarking (mlp):  29%|██▉       | 26432/91223 [00:09<00:23, 2763.42it/s]
Benchmarking (mlp):  29%|██▉       | 26709/91223 [00:09<00:23, 2756.50it/s]
Benchmarking (mlp):  30%|██▉       | 26985/91223 [00:09<00:23, 2732.54it/s]
Benchmarking (mlp):  30%|██▉       | 27259/91223 [00:09<00:23, 2714.50it/s]
Benchmarking (mlp):  30%|███       | 27531/91223 [00:10<00:23, 2673.72it/s]
Benchmarking (mlp):  30%|███       | 27799/91223 [00:10<00:23, 2646.99it/s]
Benchmarking (mlp):  31%|███       | 28066/91223 [00:10<00:23, 2653.72it/s]
Benchmarking (mlp):  31%|███       | 28332/91223 [00:10<00:23, 2633.31it/s]
Benchmarking (mlp):  31%|███▏      | 28596/91223 [00:10<00:24, 2602.60it/s]
Benchmarking (mlp):  32%|███▏      | 28861/91223 [00:10<00:23, 2613.93it/s]
Benchmarking (mlp):  32%|███▏      | 29134/91223 [00:10<00:23, 2646.37it/s]
Benchmarking (mlp):  32%|███▏      | 29406/91223 [00:10<00:23, 2667.24it/s]
Benchmarking (mlp):  33%|███▎      | 29678/91223 [00:10<00:22, 2681.33it/s]
Benchmarking (mlp):  33%|███▎      | 29948/91223 [00:11<00:22, 2685.36it/s]
Benchmarking (mlp):  33%|███▎      | 30217/91223 [00:11<00:22, 2669.29it/s]
Benchmarking (mlp):  33%|███▎      | 30484/91223 [00:11<00:22, 2663.87it/s]
Benchmarking (mlp):  34%|███▎      | 30751/91223 [00:11<00:22, 2657.36it/s]
Benchmarking (mlp):  34%|███▍      | 31026/91223 [00:11<00:22, 2683.40it/s]
Benchmarking (mlp):  34%|███▍      | 31297/91223 [00:11<00:22, 2690.18it/s]
Benchmarking (mlp):  35%|███▍      | 31570/91223 [00:11<00:22, 2700.30it/s]
Benchmarking (mlp):  35%|███▍      | 31841/91223 [00:11<00:22, 2692.73it/s]
Benchmarking (mlp):  35%|███▌      | 32111/91223 [00:11<00:22, 2686.55it/s]
Benchmarking (mlp):  36%|███▌      | 32385/91223 [00:11<00:21, 2701.85it/s]
Benchmarking (mlp):  36%|███▌      | 32661/91223 [00:12<00:21, 2717.27it/s]
Benchmarking (mlp):  36%|███▌      | 32937/91223 [00:12<00:21, 2728.70it/s]
Benchmarking (mlp):  36%|███▋      | 33212/91223 [00:12<00:21, 2732.85it/s]
Benchmarking (mlp):  37%|███▋      | 33486/91223 [00:12<00:21, 2702.51it/s]
Benchmarking (mlp):  37%|███▋      | 33757/91223 [00:12<00:21, 2689.03it/s]
Benchmarking (mlp):  37%|███▋      | 34031/91223 [00:12<00:21, 2702.33it/s]
Benchmarking (mlp):  38%|███▊      | 34304/91223 [00:12<00:21, 2707.93it/s]
Benchmarking (mlp):  38%|███▊      | 34578/91223 [00:12<00:20, 2715.45it/s]
Benchmarking (mlp):  38%|███▊      | 34852/91223 [00:12<00:20, 2720.06it/s]
Benchmarking (mlp):  39%|███▊      | 35127/91223 [00:12<00:20, 2728.56it/s]
Benchmarking (mlp):  39%|███▉      | 35400/91223 [00:13<00:20, 2728.67it/s]
Benchmarking (mlp):  39%|███▉      | 35676/91223 [00:13<00:20, 2737.54it/s]
Benchmarking (mlp):  39%|███▉      | 35950/91223 [00:13<00:20, 2701.11it/s]
Benchmarking (mlp):  40%|███▉      | 36221/91223 [00:13<00:20, 2691.96it/s]
Benchmarking (mlp):  40%|████      | 36491/91223 [00:13<00:20, 2678.23it/s]
Benchmarking (mlp):  40%|████      | 36759/91223 [00:13<00:20, 2675.02it/s]
Benchmarking (mlp):  41%|████      | 37027/91223 [00:13<00:20, 2672.98it/s]
Benchmarking (mlp):  41%|████      | 37295/91223 [00:13<00:20, 2659.96it/s]
Benchmarking (mlp):  41%|████      | 37562/91223 [00:13<00:20, 2618.41it/s]
Benchmarking (mlp):  41%|████▏     | 37832/91223 [00:13<00:20, 2640.41it/s]
Benchmarking (mlp):  42%|████▏     | 38105/91223 [00:14<00:19, 2665.59it/s]
Benchmarking (mlp):  42%|████▏     | 38380/91223 [00:14<00:19, 2690.11it/s]
Benchmarking (mlp):  42%|████▏     | 38650/91223 [00:14<00:19, 2680.37it/s]
Benchmarking (mlp):  43%|████▎     | 38922/91223 [00:14<00:19, 2690.56it/s]
Benchmarking (mlp):  43%|████▎     | 39192/91223 [00:14<00:19, 2684.38it/s]
Benchmarking (mlp):  43%|████▎     | 39466/91223 [00:14<00:19, 2699.35it/s]
Benchmarking (mlp):  44%|████▎     | 39743/91223 [00:14<00:18, 2717.84it/s]
Benchmarking (mlp):  44%|████▍     | 40020/91223 [00:14<00:18, 2731.86it/s]
Benchmarking (mlp):  44%|████▍     | 40297/91223 [00:14<00:18, 2740.87it/s]
Benchmarking (mlp):  44%|████▍     | 40576/91223 [00:14<00:18, 2754.22it/s]
Benchmarking (mlp):  45%|████▍     | 40852/91223 [00:15<00:18, 2733.27it/s]
Benchmarking (mlp):  45%|████▌     | 41126/91223 [00:15<00:18, 2718.10it/s]
Benchmarking (mlp):  45%|████▌     | 41398/91223 [00:15<00:18, 2696.47it/s]
Benchmarking (mlp):  46%|████▌     | 41668/91223 [00:15<00:18, 2693.56it/s]
Benchmarking (mlp):  46%|████▌     | 41938/91223 [00:15<00:18, 2665.31it/s]
Benchmarking (mlp):  46%|████▋     | 42210/91223 [00:15<00:18, 2679.44it/s]
Benchmarking (mlp):  47%|████▋     | 42479/91223 [00:15<00:18, 2669.67it/s]
Benchmarking (mlp):  47%|████▋     | 42747/91223 [00:15<00:18, 2669.72it/s]
Benchmarking (mlp):  47%|████▋     | 43018/91223 [00:15<00:17, 2679.52it/s]
Benchmarking (mlp):  47%|████▋     | 43286/91223 [00:15<00:17, 2675.77it/s]
Benchmarking (mlp):  48%|████▊     | 43559/91223 [00:16<00:17, 2689.14it/s]
Benchmarking (mlp):  48%|████▊     | 43828/91223 [00:16<00:17, 2662.99it/s]
Benchmarking (mlp):  48%|████▊     | 44101/91223 [00:16<00:17, 2675.26it/s]
Benchmarking (mlp):  49%|████▊     | 44380/91223 [00:16<00:17, 2707.16it/s]
Benchmarking (mlp):  49%|████▉     | 44652/91223 [00:16<00:17, 2710.52it/s]
Benchmarking (mlp):  49%|████▉     | 44924/91223 [00:16<00:17, 2680.77it/s]
Benchmarking (mlp):  50%|████▉     | 45193/91223 [00:16<00:17, 2656.57it/s]
Benchmarking (mlp):  50%|████▉     | 45461/91223 [00:16<00:17, 2662.14it/s]
Benchmarking (mlp):  50%|█████     | 45733/91223 [00:16<00:17, 2673.04it/s]
Benchmarking (mlp):  50%|█████     | 46001/91223 [00:16<00:17, 2656.60it/s]
Benchmarking (mlp):  51%|█████     | 46271/91223 [00:17<00:16, 2667.78it/s]
Benchmarking (mlp):  51%|█████     | 46538/91223 [00:17<00:16, 2666.09it/s]
Benchmarking (mlp):  51%|█████▏    | 46810/91223 [00:17<00:16, 2681.82it/s]
Benchmarking (mlp):  52%|█████▏    | 47087/91223 [00:17<00:16, 2705.62it/s]
Benchmarking (mlp):  52%|█████▏    | 47358/91223 [00:17<00:16, 2662.93it/s]
Benchmarking (mlp):  52%|█████▏    | 47631/91223 [00:17<00:16, 2680.38it/s]
Benchmarking (mlp):  53%|█████▎    | 47900/91223 [00:17<00:16, 2669.77it/s]
Benchmarking (mlp):  53%|█████▎    | 48168/91223 [00:17<00:16, 2623.06it/s]
Benchmarking (mlp):  53%|█████▎    | 48443/91223 [00:17<00:16, 2657.95it/s]
Benchmarking (mlp):  53%|█████▎    | 48715/91223 [00:17<00:15, 2675.38it/s]
Benchmarking (mlp):  54%|█████▎    | 48983/91223 [00:18<00:15, 2672.81it/s]
Benchmarking (mlp):  54%|█████▍    | 49254/91223 [00:18<00:15, 2683.46it/s]
Benchmarking (mlp):  54%|█████▍    | 49526/91223 [00:18<00:15, 2693.79it/s]
Benchmarking (mlp):  55%|█████▍    | 49797/91223 [00:18<00:15, 2698.00it/s]
Benchmarking (mlp):  55%|█████▍    | 50067/91223 [00:18<00:15, 2693.07it/s]
Benchmarking (mlp):  55%|█████▌    | 50342/91223 [00:18<00:15, 2708.25it/s]
Benchmarking (mlp):  55%|█████▌    | 50616/91223 [00:18<00:14, 2716.90it/s]
Benchmarking (mlp):  56%|█████▌    | 50891/91223 [00:18<00:14, 2726.65it/s]
Benchmarking (mlp):  56%|█████▌    | 51166/91223 [00:18<00:14, 2731.59it/s]
Benchmarking (mlp):  56%|█████▋    | 51443/91223 [00:18<00:14, 2742.45it/s]
Benchmarking (mlp):  57%|█████▋    | 51718/91223 [00:19<00:14, 2740.79it/s]
Benchmarking (mlp):  57%|█████▋    | 51997/91223 [00:19<00:14, 2753.97it/s]
Benchmarking (mlp):  57%|█████▋    | 52277/91223 [00:19<00:14, 2766.60it/s]
Benchmarking (mlp):  58%|█████▊    | 52556/91223 [00:19<00:13, 2772.77it/s]
Benchmarking (mlp):  58%|█████▊    | 52836/91223 [00:19<00:13, 2780.11it/s]
Benchmarking (mlp):  58%|█████▊    | 53115/91223 [00:19<00:13, 2777.28it/s]
Benchmarking (mlp):  59%|█████▊    | 53393/91223 [00:19<00:13, 2758.71it/s]
Benchmarking (mlp):  59%|█████▉    | 53669/91223 [00:19<00:13, 2750.74it/s]
Benchmarking (mlp):  59%|█████▉    | 53945/91223 [00:19<00:13, 2735.95it/s]
Benchmarking (mlp):  59%|█████▉    | 54219/91223 [00:19<00:13, 2729.32it/s]
Benchmarking (mlp):  60%|█████▉    | 54492/91223 [00:20<00:13, 2718.23it/s]
Benchmarking (mlp):  60%|██████    | 54764/91223 [00:20<00:13, 2699.41it/s]
Benchmarking (mlp):  60%|██████    | 55040/91223 [00:20<00:13, 2715.72it/s]
Benchmarking (mlp):  61%|██████    | 55315/91223 [00:20<00:13, 2724.24it/s]
Benchmarking (mlp):  61%|██████    | 55588/91223 [00:20<00:13, 2697.21it/s]
Benchmarking (mlp):  61%|██████    | 55858/91223 [00:20<00:13, 2694.94it/s]
Benchmarking (mlp):  62%|██████▏   | 56135/91223 [00:20<00:12, 2714.57it/s]
Benchmarking (mlp):  62%|██████▏   | 56407/91223 [00:20<00:12, 2694.76it/s]
Benchmarking (mlp):  62%|██████▏   | 56679/91223 [00:20<00:12, 2700.35it/s]
Benchmarking (mlp):  62%|██████▏   | 56953/91223 [00:21<00:12, 2709.44it/s]
Benchmarking (mlp):  63%|██████▎   | 57224/91223 [00:21<00:12, 2692.10it/s]
Benchmarking (mlp):  63%|██████▎   | 57494/91223 [00:21<00:12, 2688.93it/s]
Benchmarking (mlp):  63%|██████▎   | 57763/91223 [00:21<00:12, 2672.76it/s]
Benchmarking (mlp):  64%|██████▎   | 58031/91223 [00:21<00:12, 2661.42it/s]
Benchmarking (mlp):  64%|██████▍   | 58304/91223 [00:21<00:12, 2680.41it/s]
Benchmarking (mlp):  64%|██████▍   | 58573/91223 [00:21<00:12, 2675.72it/s]
Benchmarking (mlp):  65%|██████▍   | 58844/91223 [00:21<00:12, 2683.33it/s]
Benchmarking (mlp):  65%|██████▍   | 59113/91223 [00:21<00:12, 2671.53it/s]
Benchmarking (mlp):  65%|██████▌   | 59387/91223 [00:21<00:11, 2689.61it/s]
Benchmarking (mlp):  65%|██████▌   | 59659/91223 [00:22<00:11, 2697.42it/s]
Benchmarking (mlp):  66%|██████▌   | 59931/91223 [00:22<00:11, 2702.26it/s]
Benchmarking (mlp):  66%|██████▌   | 60202/91223 [00:22<00:11, 2687.48it/s]
Benchmarking (mlp):  66%|██████▋   | 60471/91223 [00:22<00:11, 2677.29it/s]
Benchmarking (mlp):  67%|██████▋   | 60743/91223 [00:22<00:11, 2687.16it/s]
Benchmarking (mlp):  67%|██████▋   | 61022/91223 [00:22<00:11, 2717.10it/s]
Benchmarking (mlp):  67%|██████▋   | 61304/91223 [00:22<00:10, 2745.42it/s]
Benchmarking (mlp):  68%|██████▊   | 61579/91223 [00:22<00:10, 2742.74it/s]
Benchmarking (mlp):  68%|██████▊   | 61855/91223 [00:22<00:10, 2746.88it/s]
Benchmarking (mlp):  68%|██████▊   | 62130/91223 [00:22<00:10, 2746.63it/s]
Benchmarking (mlp):  68%|██████▊   | 62405/91223 [00:23<00:10, 2733.82it/s]
Benchmarking (mlp):  69%|██████▊   | 62679/91223 [00:23<00:10, 2733.86it/s]
Benchmarking (mlp):  69%|██████▉   | 62953/91223 [00:23<00:10, 2726.47it/s]
Benchmarking (mlp):  69%|██████▉   | 63226/91223 [00:23<00:10, 2723.07it/s]
Benchmarking (mlp):  70%|██████▉   | 63499/91223 [00:23<00:10, 2719.81it/s]
Benchmarking (mlp):  70%|██████▉   | 63772/91223 [00:23<00:10, 2721.90it/s]
Benchmarking (mlp):  70%|███████   | 64047/91223 [00:23<00:09, 2729.12it/s]
Benchmarking (mlp):  71%|███████   | 64320/91223 [00:23<00:09, 2711.20it/s]
Benchmarking (mlp):  71%|███████   | 64597/91223 [00:23<00:09, 2728.07it/s]
Benchmarking (mlp):  71%|███████   | 64872/91223 [00:23<00:09, 2733.91it/s]
Benchmarking (mlp):  71%|███████▏  | 65146/91223 [00:24<00:09, 2731.20it/s]
Benchmarking (mlp):  72%|███████▏  | 65420/91223 [00:24<00:09, 2720.04it/s]
Benchmarking (mlp):  72%|███████▏  | 65693/91223 [00:24<00:09, 2710.59it/s]
Benchmarking (mlp):  72%|███████▏  | 65965/91223 [00:24<00:09, 2696.90it/s]
Benchmarking (mlp):  73%|███████▎  | 66235/91223 [00:24<00:09, 2696.51it/s]
Benchmarking (mlp):  73%|███████▎  | 66506/91223 [00:24<00:09, 2698.69it/s]
Benchmarking (mlp):  73%|███████▎  | 66783/91223 [00:24<00:08, 2717.46it/s]
Benchmarking (mlp):  74%|███████▎  | 67057/91223 [00:24<00:08, 2721.69it/s]
Benchmarking (mlp):  74%|███████▍  | 67330/91223 [00:24<00:08, 2689.90it/s]
Benchmarking (mlp):  74%|███████▍  | 67600/91223 [00:24<00:08, 2677.00it/s]
Benchmarking (mlp):  74%|███████▍  | 67868/91223 [00:25<00:08, 2654.32it/s]
Benchmarking (mlp):  75%|███████▍  | 68144/91223 [00:25<00:08, 2684.71it/s]
Benchmarking (mlp):  75%|███████▍  | 68413/91223 [00:25<00:08, 2656.26it/s]
Benchmarking (mlp):  75%|███████▌  | 68679/91223 [00:25<00:08, 2637.05it/s]
Benchmarking (mlp):  76%|███████▌  | 68943/91223 [00:25<00:08, 2635.22it/s]
Benchmarking (mlp):  76%|███████▌  | 69207/91223 [00:25<00:08, 2601.40it/s]
Benchmarking (mlp):  76%|███████▌  | 69470/91223 [00:25<00:08, 2608.99it/s]
Benchmarking (mlp):  76%|███████▋  | 69731/91223 [00:25<00:08, 2594.99it/s]
Benchmarking (mlp):  77%|███████▋  | 70003/91223 [00:25<00:08, 2631.61it/s]
Benchmarking (mlp):  77%|███████▋  | 70272/91223 [00:25<00:07, 2648.77it/s]
Benchmarking (mlp):  77%|███████▋  | 70542/91223 [00:26<00:07, 2661.61it/s]
Benchmarking (mlp):  78%|███████▊  | 70809/91223 [00:26<00:07, 2645.34it/s]
Benchmarking (mlp):  78%|███████▊  | 71074/91223 [00:26<00:07, 2646.64it/s]
Benchmarking (mlp):  78%|███████▊  | 71339/91223 [00:26<00:07, 2633.09it/s]
Benchmarking (mlp):  78%|███████▊  | 71608/91223 [00:26<00:07, 2649.94it/s]
Benchmarking (mlp):  79%|███████▉  | 71874/91223 [00:26<00:07, 2651.47it/s]
Benchmarking (mlp):  79%|███████▉  | 72142/91223 [00:26<00:07, 2659.57it/s]
Benchmarking (mlp):  79%|███████▉  | 72410/91223 [00:26<00:07, 2663.65it/s]
Benchmarking (mlp):  80%|███████▉  | 72677/91223 [00:26<00:06, 2664.34it/s]
Benchmarking (mlp):  80%|███████▉  | 72944/91223 [00:26<00:06, 2639.02it/s]
Benchmarking (mlp):  80%|████████  | 73215/91223 [00:27<00:06, 2659.17it/s]
Benchmarking (mlp):  81%|████████  | 73481/91223 [00:27<00:06, 2637.90it/s]
Benchmarking (mlp):  81%|████████  | 73746/91223 [00:27<00:06, 2638.43it/s]
Benchmarking (mlp):  81%|████████  | 74021/91223 [00:27<00:06, 2669.88it/s]
Benchmarking (mlp):  81%|████████▏ | 74289/91223 [00:27<00:06, 2662.11it/s]
Benchmarking (mlp):  82%|████████▏ | 74556/91223 [00:27<00:06, 2605.38it/s]
Benchmarking (mlp):  82%|████████▏ | 74821/91223 [00:27<00:06, 2615.83it/s]
Benchmarking (mlp):  82%|████████▏ | 75086/91223 [00:27<00:06, 2624.49it/s]
Benchmarking (mlp):  83%|████████▎ | 75354/91223 [00:27<00:06, 2638.37it/s]
Benchmarking (mlp):  83%|████████▎ | 75627/91223 [00:27<00:05, 2665.00it/s]
Benchmarking (mlp):  83%|████████▎ | 75897/91223 [00:28<00:05, 2675.02it/s]
Benchmarking (mlp):  83%|████████▎ | 76165/91223 [00:28<00:05, 2666.62it/s]
Benchmarking (mlp):  84%|████████▍ | 76437/91223 [00:28<00:05, 2681.13it/s]
Benchmarking (mlp):  84%|████████▍ | 76713/91223 [00:28<00:05, 2702.16it/s]
Benchmarking (mlp):  84%|████████▍ | 76987/91223 [00:28<00:05, 2712.54it/s]
Benchmarking (mlp):  85%|████████▍ | 77259/91223 [00:28<00:05, 2699.91it/s]
Benchmarking (mlp):  85%|████████▍ | 77535/91223 [00:28<00:05, 2717.14it/s]
Benchmarking (mlp):  85%|████████▌ | 77807/91223 [00:28<00:04, 2705.98it/s]
Benchmarking (mlp):  86%|████████▌ | 78078/91223 [00:28<00:04, 2704.28it/s]
Benchmarking (mlp):  86%|████████▌ | 78349/91223 [00:28<00:04, 2672.64it/s]
Benchmarking (mlp):  86%|████████▌ | 78618/91223 [00:29<00:04, 2676.77it/s]
Benchmarking (mlp):  86%|████████▋ | 78886/91223 [00:29<00:04, 2675.39it/s]
Benchmarking (mlp):  87%|████████▋ | 79154/91223 [00:29<00:04, 2652.97it/s]
Benchmarking (mlp):  87%|████████▋ | 79421/91223 [00:29<00:04, 2657.27it/s]
Benchmarking (mlp):  87%|████████▋ | 79687/91223 [00:29<00:04, 2646.44it/s]
Benchmarking (mlp):  88%|████████▊ | 79956/91223 [00:29<00:04, 2658.16it/s]
Benchmarking (mlp):  88%|████████▊ | 80228/91223 [00:29<00:04, 2674.01it/s]
Benchmarking (mlp):  88%|████████▊ | 80496/91223 [00:29<00:04, 2662.83it/s]
Benchmarking (mlp):  89%|████████▊ | 80767/91223 [00:29<00:03, 2674.76it/s]
Benchmarking (mlp):  89%|████████▉ | 81039/91223 [00:30<00:03, 2687.14it/s]
Benchmarking (mlp):  89%|████████▉ | 81308/91223 [00:30<00:03, 2676.93it/s]
Benchmarking (mlp):  89%|████████▉ | 81576/91223 [00:30<00:03, 2670.44it/s]
Benchmarking (mlp):  90%|████████▉ | 81849/91223 [00:30<00:03, 2686.87it/s]
Benchmarking (mlp):  90%|█████████ | 82121/91223 [00:30<00:03, 2695.83it/s]
Benchmarking (mlp):  90%|█████████ | 82391/91223 [00:30<00:03, 2677.67it/s]
Benchmarking (mlp):  91%|█████████ | 82666/91223 [00:30<00:03, 2696.77it/s]
Benchmarking (mlp):  91%|█████████ | 82936/91223 [00:30<00:03, 2687.91it/s]
Benchmarking (mlp):  91%|█████████ | 83209/91223 [00:30<00:02, 2699.27it/s]
Benchmarking (mlp):  92%|█████████▏| 83485/91223 [00:30<00:02, 2716.10it/s]
Benchmarking (mlp):  92%|█████████▏| 83763/91223 [00:31<00:02, 2733.83it/s]
Benchmarking (mlp):  92%|█████████▏| 84038/91223 [00:31<00:02, 2736.71it/s]
Benchmarking (mlp):  92%|█████████▏| 84312/91223 [00:31<00:02, 2723.44it/s]
Benchmarking (mlp):  93%|█████████▎| 84585/91223 [00:31<00:02, 2719.46it/s]
Benchmarking (mlp):  93%|█████████▎| 84857/91223 [00:31<00:02, 2713.48it/s]
Benchmarking (mlp):  93%|█████████▎| 85129/91223 [00:31<00:02, 2713.97it/s]
Benchmarking (mlp):  94%|█████████▎| 85401/91223 [00:31<00:02, 2714.07it/s]
Benchmarking (mlp):  94%|█████████▍| 85673/91223 [00:31<00:02, 2702.66it/s]
Benchmarking (mlp):  94%|█████████▍| 85945/91223 [00:31<00:01, 2706.70it/s]
Benchmarking (mlp):  95%|█████████▍| 86217/91223 [00:31<00:01, 2710.24it/s]
Benchmarking (mlp):  95%|█████████▍| 86489/91223 [00:32<00:01, 2697.10it/s]
Benchmarking (mlp):  95%|█████████▌| 86763/91223 [00:32<00:01, 2709.38it/s]
Benchmarking (mlp):  95%|█████████▌| 87034/91223 [00:32<00:01, 2682.62it/s]
Benchmarking (mlp):  96%|█████████▌| 87303/91223 [00:32<00:01, 2653.10it/s]
Benchmarking (mlp):  96%|█████████▌| 87578/91223 [00:32<00:01, 2681.04it/s]
Benchmarking (mlp):  96%|█████████▋| 87854/91223 [00:32<00:01, 2704.10it/s]
Benchmarking (mlp):  97%|█████████▋| 88125/91223 [00:32<00:01, 2686.55it/s]
Benchmarking (mlp):  97%|█████████▋| 88394/91223 [00:32<00:01, 2675.05it/s]
Benchmarking (mlp):  97%|█████████▋| 88662/91223 [00:32<00:00, 2644.69it/s]
Benchmarking (mlp):  97%|█████████▋| 88937/91223 [00:32<00:00, 2673.89it/s]
Benchmarking (mlp):  98%|█████████▊| 89205/91223 [00:33<00:00, 2664.43it/s]
Benchmarking (mlp):  98%|█████████▊| 89472/91223 [00:33<00:00, 2660.06it/s]
Benchmarking (mlp):  98%|█████████▊| 89744/91223 [00:33<00:00, 2676.89it/s]
Benchmarking (mlp):  99%|█████████▊| 90016/91223 [00:33<00:00, 2689.63it/s]
Benchmarking (mlp):  99%|█████████▉| 90286/91223 [00:33<00:00, 2686.53it/s]
Benchmarking (mlp):  99%|█████████▉| 90560/91223 [00:33<00:00, 2701.13it/s]
Benchmarking (mlp): 100%|█████████▉| 90835/91223 [00:33<00:00, 2714.10it/s]
Benchmarking (mlp): 100%|█████████▉| 91108/91223 [00:33<00:00, 2718.43it/s]
Benchmarking (mlp):   0%|          | 0/26063 [00:00<?, ?it/s]
Benchmarking (mlp):   1%|          | 277/26063 [00:00<00:09, 2761.15it/s]
Benchmarking (mlp):   2%|▏         | 555/26063 [00:00<00:09, 2767.00it/s]
Benchmarking (mlp):   3%|▎         | 832/26063 [00:00<00:09, 2761.23it/s]
Benchmarking (mlp):   4%|▍         | 1109/26063 [00:00<00:09, 2742.27it/s]
Benchmarking (mlp):   5%|▌         | 1384/26063 [00:00<00:09, 2726.24it/s]
Benchmarking (mlp):   6%|▋         | 1663/26063 [00:00<00:08, 2746.32it/s]
Benchmarking (mlp):   7%|▋         | 1943/26063 [00:00<00:08, 2763.30it/s]
Benchmarking (mlp):   9%|▊         | 2224/26063 [00:00<00:08, 2775.09it/s]
Benchmarking (mlp):  10%|▉         | 2502/26063 [00:00<00:08, 2767.27it/s]
Benchmarking (mlp):  11%|█         | 2780/26063 [00:01<00:08, 2767.92it/s]
Benchmarking (mlp):  12%|█▏        | 3058/26063 [00:01<00:08, 2769.62it/s]
Benchmarking (mlp):  13%|█▎        | 3337/26063 [00:01<00:08, 2773.69it/s]
Benchmarking (mlp):  14%|█▍        | 3616/26063 [00:01<00:08, 2775.82it/s]
Benchmarking (mlp):  15%|█▍        | 3896/26063 [00:01<00:07, 2781.90it/s]
Benchmarking (mlp):  16%|█▌        | 4176/26063 [00:01<00:07, 2787.07it/s]
Benchmarking (mlp):  17%|█▋        | 4457/26063 [00:01<00:07, 2793.83it/s]
Benchmarking (mlp):  18%|█▊        | 4737/26063 [00:01<00:07, 2779.83it/s]
Benchmarking (mlp):  19%|█▉        | 5016/26063 [00:01<00:07, 2769.12it/s]
Benchmarking (mlp):  20%|██        | 5293/26063 [00:01<00:07, 2737.73it/s]
Benchmarking (mlp):  21%|██▏       | 5569/26063 [00:02<00:07, 2743.31it/s]
Benchmarking (mlp):  22%|██▏       | 5844/26063 [00:02<00:07, 2732.27it/s]
Benchmarking (mlp):  23%|██▎       | 6119/26063 [00:02<00:07, 2735.17it/s]
Benchmarking (mlp):  25%|██▍       | 6393/26063 [00:02<00:07, 2723.80it/s]
Benchmarking (mlp):  26%|██▌       | 6666/26063 [00:02<00:07, 2713.16it/s]
Benchmarking (mlp):  27%|██▋       | 6942/26063 [00:02<00:07, 2724.03it/s]
Benchmarking (mlp):  28%|██▊       | 7218/26063 [00:02<00:06, 2733.57it/s]
Benchmarking (mlp):  29%|██▊       | 7492/26063 [00:02<00:06, 2718.95it/s]
Benchmarking (mlp):  30%|██▉       | 7768/26063 [00:02<00:06, 2729.82it/s]
Benchmarking (mlp):  31%|███       | 8049/26063 [00:02<00:06, 2751.91it/s]
Benchmarking (mlp):  32%|███▏      | 8325/26063 [00:03<00:06, 2752.42it/s]
Benchmarking (mlp):  33%|███▎      | 8601/26063 [00:03<00:06, 2749.69it/s]
Benchmarking (mlp):  34%|███▍      | 8876/26063 [00:03<00:06, 2737.20it/s]
Benchmarking (mlp):  35%|███▌      | 9150/26063 [00:03<00:06, 2734.71it/s]
Benchmarking (mlp):  36%|███▌      | 9424/26063 [00:03<00:06, 2718.77it/s]
Benchmarking (mlp):  37%|███▋      | 9696/26063 [00:03<00:06, 2699.91it/s]
Benchmarking (mlp):  38%|███▊      | 9970/26063 [00:03<00:05, 2710.20it/s]
Benchmarking (mlp):  39%|███▉      | 10242/26063 [00:03<00:05, 2703.86it/s]
Benchmarking (mlp):  40%|████      | 10515/26063 [00:03<00:05, 2708.63it/s]
Benchmarking (mlp):  41%|████▏     | 10787/26063 [00:03<00:05, 2711.82it/s]
Benchmarking (mlp):  42%|████▏     | 11060/26063 [00:04<00:05, 2715.20it/s]
Benchmarking (mlp):  43%|████▎     | 11332/26063 [00:04<00:05, 2709.34it/s]
Benchmarking (mlp):  45%|████▍     | 11603/26063 [00:04<00:05, 2705.12it/s]
Benchmarking (mlp):  46%|████▌     | 11879/26063 [00:04<00:05, 2720.81it/s]
Benchmarking (mlp):  47%|████▋     | 12152/26063 [00:04<00:05, 2722.24it/s]
Benchmarking (mlp):  48%|████▊     | 12425/26063 [00:04<00:05, 2713.25it/s]
Benchmarking (mlp):  49%|████▊     | 12699/26063 [00:04<00:04, 2720.17it/s]
Benchmarking (mlp):  50%|████▉     | 12975/26063 [00:04<00:04, 2731.45it/s]
Benchmarking (mlp):  51%|█████     | 13249/26063 [00:04<00:04, 2730.36it/s]
Benchmarking (mlp):  52%|█████▏    | 13523/26063 [00:04<00:04, 2656.96it/s]
Benchmarking (mlp):  53%|█████▎    | 13791/26063 [00:05<00:04, 2662.83it/s]
Benchmarking (mlp):  54%|█████▍    | 14058/26063 [00:05<00:04, 2662.02it/s]
Benchmarking (mlp):  55%|█████▍    | 14325/26063 [00:05<00:04, 2658.70it/s]
Benchmarking (mlp):  56%|█████▌    | 14599/26063 [00:05<00:04, 2680.63it/s]
Benchmarking (mlp):  57%|█████▋    | 14870/26063 [00:05<00:04, 2687.24it/s]
Benchmarking (mlp):  58%|█████▊    | 15145/26063 [00:05<00:04, 2703.23it/s]
Benchmarking (mlp):  59%|█████▉    | 15416/26063 [00:05<00:03, 2704.22it/s]
Benchmarking (mlp):  60%|██████    | 15689/26063 [00:05<00:03, 2711.62it/s]
Benchmarking (mlp):  61%|██████    | 15961/26063 [00:05<00:03, 2686.60it/s]
Benchmarking (mlp):  62%|██████▏   | 16233/26063 [00:05<00:03, 2695.57it/s]
Benchmarking (mlp):  63%|██████▎   | 16503/26063 [00:06<00:03, 2662.37it/s]
Benchmarking (mlp):  64%|██████▍   | 16773/26063 [00:06<00:03, 2670.75it/s]
Benchmarking (mlp):  65%|██████▌   | 17041/26063 [00:06<00:03, 2669.24it/s]
Benchmarking (mlp):  66%|██████▋   | 17312/26063 [00:06<00:03, 2679.96it/s]
Benchmarking (mlp):  67%|██████▋   | 17582/26063 [00:06<00:03, 2684.13it/s]
Benchmarking (mlp):  68%|██████▊   | 17852/26063 [00:06<00:03, 2687.94it/s]
Benchmarking (mlp):  70%|██████▉   | 18124/26063 [00:06<00:02, 2696.57it/s]
Benchmarking (mlp):  71%|███████   | 18400/26063 [00:06<00:02, 2714.90it/s]
Benchmarking (mlp):  72%|███████▏  | 18677/26063 [00:06<00:02, 2730.15it/s]
Benchmarking (mlp):  73%|███████▎  | 18953/26063 [00:06<00:02, 2736.07it/s]
Benchmarking (mlp):  74%|███████▍  | 19227/26063 [00:07<00:02, 2723.07it/s]
Benchmarking (mlp):  75%|███████▍  | 19500/26063 [00:07<00:02, 2664.27it/s]
Benchmarking (mlp):  76%|███████▌  | 19767/26063 [00:07<00:02, 2650.78it/s]
Benchmarking (mlp):  77%|███████▋  | 20039/26063 [00:07<00:02, 2669.22it/s]
Benchmarking (mlp):  78%|███████▊  | 20307/26063 [00:07<00:02, 2624.57it/s]
Benchmarking (mlp):  79%|███████▉  | 20576/26063 [00:07<00:02, 2641.75it/s]
Benchmarking (mlp):  80%|███████▉  | 20841/26063 [00:07<00:02, 2608.13it/s]
Benchmarking (mlp):  81%|████████  | 21111/26063 [00:07<00:01, 2634.73it/s]
Benchmarking (mlp):  82%|████████▏ | 21381/26063 [00:07<00:01, 2653.89it/s]
Benchmarking (mlp):  83%|████████▎ | 21647/26063 [00:07<00:01, 2636.46it/s]
Benchmarking (mlp):  84%|████████▍ | 21919/26063 [00:08<00:01, 2659.45it/s]
Benchmarking (mlp):  85%|████████▌ | 22189/26063 [00:08<00:01, 2668.87it/s]
Benchmarking (mlp):  86%|████████▌ | 22463/26063 [00:08<00:01, 2689.38it/s]
Benchmarking (mlp):  87%|████████▋ | 22735/26063 [00:08<00:01, 2698.26it/s]
Benchmarking (mlp):  88%|████████▊ | 23009/26063 [00:08<00:01, 2708.55it/s]
Benchmarking (mlp):  89%|████████▉ | 23287/26063 [00:08<00:01, 2728.78it/s]
Benchmarking (mlp):  90%|█████████ | 23568/26063 [00:08<00:00, 2750.56it/s]
Benchmarking (mlp):  91%|█████████▏| 23844/26063 [00:08<00:00, 2746.69it/s]
Benchmarking (mlp):  93%|█████████▎| 24119/26063 [00:08<00:00, 2736.25it/s]
Benchmarking (mlp):  94%|█████████▎| 24394/26063 [00:08<00:00, 2739.58it/s]
Benchmarking (mlp):  95%|█████████▍| 24668/26063 [00:09<00:00, 2733.68it/s]
Benchmarking (mlp):  96%|█████████▌| 24946/26063 [00:09<00:00, 2747.23it/s]
Benchmarking (mlp):  97%|█████████▋| 25221/26063 [00:09<00:00, 2736.89it/s]
Benchmarking (mlp):  98%|█████████▊| 25495/26063 [00:09<00:00, 2716.44it/s]
Benchmarking (mlp):  99%|█████████▉| 25775/26063 [00:09<00:00, 2738.99it/s]
Benchmarking (mlp): 100%|█████████▉| 26055/26063 [00:09<00:00, 2756.09it/s]
Benchmarking (mlp):   0%|          | 0/13033 [00:00<?, ?it/s]
Benchmarking (mlp):   2%|▏         | 266/13033 [00:00<00:04, 2657.29it/s]
Benchmarking (mlp):   4%|▍         | 542/13033 [00:00<00:04, 2715.42it/s]
Benchmarking (mlp):   6%|▋         | 820/13033 [00:00<00:04, 2743.61it/s]
Benchmarking (mlp):   8%|▊         | 1098/13033 [00:00<00:04, 2756.76it/s]
Benchmarking (mlp):  11%|█         | 1377/13033 [00:00<00:04, 2765.77it/s]
Benchmarking (mlp):  13%|█▎        | 1654/13033 [00:00<00:04, 2765.47it/s]
Benchmarking (mlp):  15%|█▍        | 1931/13033 [00:00<00:04, 2764.98it/s]
Benchmarking (mlp):  17%|█▋        | 2208/13033 [00:00<00:03, 2736.26it/s]
Benchmarking (mlp):  19%|█▉        | 2482/13033 [00:00<00:03, 2726.66it/s]
Benchmarking (mlp):  21%|██        | 2756/13033 [00:01<00:03, 2729.96it/s]
Benchmarking (mlp):  23%|██▎       | 3030/13033 [00:01<00:03, 2731.87it/s]
Benchmarking (mlp):  25%|██▌       | 3304/13033 [00:01<00:03, 2719.47it/s]
Benchmarking (mlp):  27%|██▋       | 3581/13033 [00:01<00:03, 2731.63it/s]
Benchmarking (mlp):  30%|██▉       | 3859/13033 [00:01<00:03, 2744.85it/s]
Benchmarking (mlp):  32%|███▏      | 4134/13033 [00:01<00:03, 2738.17it/s]
Benchmarking (mlp):  34%|███▍      | 4409/13033 [00:01<00:03, 2739.91it/s]
Benchmarking (mlp):  36%|███▌      | 4684/13033 [00:01<00:03, 2735.71it/s]
Benchmarking (mlp):  38%|███▊      | 4958/13033 [00:01<00:02, 2736.58it/s]
Benchmarking (mlp):  40%|████      | 5236/13033 [00:01<00:02, 2749.40it/s]
Benchmarking (mlp):  42%|████▏     | 5515/13033 [00:02<00:02, 2760.92it/s]
Benchmarking (mlp):  44%|████▍     | 5792/13033 [00:02<00:02, 2763.24it/s]
Benchmarking (mlp):  47%|████▋     | 6069/13033 [00:02<00:02, 2711.27it/s]
Benchmarking (mlp):  49%|████▊     | 6342/13033 [00:02<00:02, 2715.23it/s]
Benchmarking (mlp):  51%|█████     | 6614/13033 [00:02<00:02, 2678.67it/s]
Benchmarking (mlp):  53%|█████▎    | 6891/13033 [00:02<00:02, 2703.04it/s]
Benchmarking (mlp):  55%|█████▍    | 7162/13033 [00:02<00:02, 2692.98it/s]
Benchmarking (mlp):  57%|█████▋    | 7437/13033 [00:02<00:02, 2708.55it/s]
Benchmarking (mlp):  59%|█████▉    | 7708/13033 [00:02<00:01, 2692.92it/s]
Benchmarking (mlp):  61%|██████    | 7978/13033 [00:02<00:01, 2691.89it/s]
Benchmarking (mlp):  63%|██████▎   | 8250/13033 [00:03<00:01, 2697.33it/s]
Benchmarking (mlp):  65%|██████▌   | 8533/13033 [00:03<00:01, 2735.10it/s]
Benchmarking (mlp):  68%|██████▊   | 8807/13033 [00:03<00:01, 2699.72it/s]
Benchmarking (mlp):  70%|██████▉   | 9081/13033 [00:03<00:01, 2710.40it/s]
Benchmarking (mlp):  72%|███████▏  | 9355/13033 [00:03<00:01, 2717.16it/s]
Benchmarking (mlp):  74%|███████▍  | 9631/13033 [00:03<00:01, 2728.48it/s]
Benchmarking (mlp):  76%|███████▌  | 9904/13033 [00:03<00:01, 2689.07it/s]
Benchmarking (mlp):  78%|███████▊  | 10174/13033 [00:03<00:01, 2690.23it/s]
Benchmarking (mlp):  80%|████████  | 10444/13033 [00:03<00:00, 2677.30it/s]
Benchmarking (mlp):  82%|████████▏ | 10716/13033 [00:03<00:00, 2687.79it/s]
Benchmarking (mlp):  84%|████████▍ | 10985/13033 [00:04<00:00, 2671.50it/s]
Benchmarking (mlp):  86%|████████▋ | 11258/13033 [00:04<00:00, 2687.94it/s]
Benchmarking (mlp):  88%|████████▊ | 11527/13033 [00:04<00:00, 2684.02it/s]
Benchmarking (mlp):  91%|█████████ | 11796/13033 [00:04<00:00, 2683.86it/s]
Benchmarking (mlp):  93%|█████████▎| 12071/13033 [00:04<00:00, 2701.06it/s]
Benchmarking (mlp):  95%|█████████▍| 12342/13033 [00:04<00:00, 2700.56it/s]
Benchmarking (mlp):  97%|█████████▋| 12616/13033 [00:04<00:00, 2710.38it/s]
Benchmarking (mlp):  99%|█████████▉| 12888/13033 [00:04<00:00, 2686.38it/s]
2026-04-05 10:42:38,300 INFO --> Ensuring kl_div | tau=0.1 | hn_k=0 model is statically trained...
2026-04-05 10:42:38,301 INFO Model missing. Triggering training engine for hn_k=0...
2026-04-05 10:42:38,302 INFO Loading data for squad | Target Loss: kl_div | Target Tau: 0.1 | Target HNM: 0
Training MLP (kl_div | τ=0.1 | hn=0):   0%|          | 0/100 [00:00<?, ?it/s]
Training MLP (kl_div | τ=0.1 | hn=0):   0%|          | 0/100 [00:07<?, ?it/s, TrL=1.8934, VaL=1.5774, TeL=1.5411 ★=best]
Training MLP (kl_div | τ=0.1 | hn=0):   1%|          | 1/100 [00:07<12:39,  7.67s/it, TrL=1.8934, VaL=1.5774, TeL=1.5411 ★=best]
Training MLP (kl_div | τ=0.1 | hn=0):   1%|          | 1/100 [00:15<12:39,  7.67s/it, TrL=1.5587, VaL=1.4405, TeL=1.4046 ★=best]
Training MLP (kl_div | τ=0.1 | hn=0):   2%|▏         | 2/100 [00:15<12:24,  7.60s/it, TrL=1.5587, VaL=1.4405, TeL=1.4046 ★=best]
Training MLP (kl_div | τ=0.1 | hn=0):   2%|▏         | 2/100 [00:22<12:24,  7.60s/it, TrL=1.4406, VaL=1.3605, TeL=1.3257 ★=best]
Training MLP (kl_div | τ=0.1 | hn=0):   3%|▎         | 3/100 [00:22<12:15,  7.58s/it, TrL=1.4406, VaL=1.3605, TeL=1.3257 ★=best]
Training MLP (kl_div | τ=0.1 | hn=0):   3%|▎         | 3/100 [00:30<12:15,  7.58s/it, TrL=1.3580, VaL=1.3146, TeL=1.2816 ★=best]
Training MLP (kl_div | τ=0.1 | hn=0):   4%|▍         | 4/100 [00:30<12:06,  7.57s/it, TrL=1.3580, VaL=1.3146, TeL=1.2816 ★=best]
Training MLP (kl_div | τ=0.1 | hn=0):   4%|▍         | 4/100 [00:38<12:06,  7.57s/it, TrL=1.2974, VaL=1.2796, TeL=1.2454 ★=best]
Training MLP (kl_div | τ=0.1 | hn=0):   5%|▌         | 5/100 [00:38<12:02,  7.61s/it, TrL=1.2974, VaL=1.2796, TeL=1.2454 ★=best]
Training MLP (kl_div | τ=0.1 | hn=0):   5%|▌         | 5/100 [00:45<12:02,  7.61s/it, TrL=1.2464, VaL=1.2501, TeL=1.2143 ★=best]
Training MLP (kl_div | τ=0.1 | hn=0):   6%|▌         | 6/100 [00:45<11:53,  7.59s/it, TrL=1.2464, VaL=1.2501, TeL=1.2143 ★=best]
Training MLP (kl_div | τ=0.1 | hn=0):   6%|▌         | 6/100 [00:53<11:53,  7.59s/it, TrL=1.2030, VaL=1.2334, TeL=1.1988 ★=best]
Training MLP (kl_div | τ=0.1 | hn=0):   7%|▋         | 7/100 [00:53<11:44,  7.58s/it, TrL=1.2030, VaL=1.2334, TeL=1.1988 ★=best]
Training MLP (kl_div | τ=0.1 | hn=0):   7%|▋         | 7/100 [01:00<11:44,  7.58s/it, TrL=1.1680, VaL=1.2178, TeL=1.1816 ★=best]
Training MLP (kl_div | τ=0.1 | hn=0):   8%|▊         | 8/100 [01:00<11:32,  7.53s/it, TrL=1.1680, VaL=1.2178, TeL=1.1816 ★=best]
Training MLP (kl_div | τ=0.1 | hn=0):   8%|▊         | 8/100 [01:07<11:32,  7.53s/it, TrL=1.1355, VaL=1.2049, TeL=1.1689 ★=best]
Training MLP (kl_div | τ=0.1 | hn=0):   9%|▉         | 9/100 [01:07<11:21,  7.49s/it, TrL=1.1355, VaL=1.2049, TeL=1.1689 ★=best]
Training MLP (kl_div | τ=0.1 | hn=0):   9%|▉         | 9/100 [01:15<11:21,  7.49s/it, TrL=1.1061, VaL=1.1922, TeL=1.1589 ★=best]
Training MLP (kl_div | τ=0.1 | hn=0):  10%|█         | 10/100 [01:15<11:20,  7.56s/it, TrL=1.1061, VaL=1.1922, TeL=1.1589 ★=best]
Training MLP (kl_div | τ=0.1 | hn=0):  10%|█         | 10/100 [01:23<11:20,  7.56s/it, TrL=1.0809, VaL=1.1873, TeL=1.1549 ★=best]
Training MLP (kl_div | τ=0.1 | hn=0):  11%|█         | 11/100 [01:23<11:11,  7.54s/it, TrL=1.0809, VaL=1.1873, TeL=1.1549 ★=best]
Training MLP (kl_div | τ=0.1 | hn=0):  11%|█         | 11/100 [01:30<11:11,  7.54s/it, TrL=1.0561, VaL=1.1884, TeL=1.1557]
Training MLP (kl_div | τ=0.1 | hn=0):  12%|█▏        | 12/100 [01:30<11:05,  7.57s/it, TrL=1.0561, VaL=1.1884, TeL=1.1557]
Training MLP (kl_div | τ=0.1 | hn=0):  12%|█▏        | 12/100 [01:38<11:05,  7.57s/it, TrL=1.0329, VaL=1.1760, TeL=1.1445 ★=best]
Training MLP (kl_div | τ=0.1 | hn=0):  13%|█▎        | 13/100 [01:38<10:59,  7.58s/it, TrL=1.0329, VaL=1.1760, TeL=1.1445 ★=best]
Training MLP (kl_div | τ=0.1 | hn=0):  13%|█▎        | 13/100 [01:46<10:59,  7.58s/it, TrL=1.0142, VaL=1.1751, TeL=1.1401 ★=best]
Training MLP (kl_div | τ=0.1 | hn=0):  14%|█▍        | 14/100 [01:46<11:10,  7.80s/it, TrL=1.0142, VaL=1.1751, TeL=1.1401 ★=best]
Training MLP (kl_div | τ=0.1 | hn=0):  14%|█▍        | 14/100 [01:54<11:10,  7.80s/it, TrL=0.9926, VaL=1.1705, TeL=1.1345 ★=best]
Training MLP (kl_div | τ=0.1 | hn=0):  15%|█▌        | 15/100 [01:54<11:00,  7.77s/it, TrL=0.9926, VaL=1.1705, TeL=1.1345 ★=best]
Training MLP (kl_div | τ=0.1 | hn=0):  15%|█▌        | 15/100 [02:02<11:00,  7.77s/it, TrL=0.9755, VaL=1.1693, TeL=1.1363 ★=best]
Training MLP (kl_div | τ=0.1 | hn=0):  16%|█▌        | 16/100 [02:02<10:54,  7.79s/it, TrL=0.9755, VaL=1.1693, TeL=1.1363 ★=best]
Training MLP (kl_div | τ=0.1 | hn=0):  16%|█▌        | 16/100 [02:09<10:54,  7.79s/it, TrL=0.9641, VaL=1.1679, TeL=1.1338 ★=best]
Training MLP (kl_div | τ=0.1 | hn=0):  17%|█▋        | 17/100 [02:09<10:45,  7.78s/it, TrL=0.9641, VaL=1.1679, TeL=1.1338 ★=best]
Training MLP (kl_div | τ=0.1 | hn=0):  17%|█▋        | 17/100 [02:17<10:45,  7.78s/it, TrL=0.9506, VaL=1.1678, TeL=1.1314 ★=best]
Training MLP (kl_div | τ=0.1 | hn=0):  18%|█▊        | 18/100 [02:17<10:29,  7.68s/it, TrL=0.9506, VaL=1.1678, TeL=1.1314 ★=best]
Training MLP (kl_div | τ=0.1 | hn=0):  18%|█▊        | 18/100 [02:24<10:29,  7.68s/it, TrL=0.9345, VaL=1.1656, TeL=1.1267 ★=best]
Training MLP (kl_div | τ=0.1 | hn=0):  19%|█▉        | 19/100 [02:24<10:13,  7.57s/it, TrL=0.9345, VaL=1.1656, TeL=1.1267 ★=best]
Training MLP (kl_div | τ=0.1 | hn=0):  19%|█▉        | 19/100 [02:31<10:13,  7.57s/it, TrL=0.9242, VaL=1.1609, TeL=1.1237 ★=best]
Training MLP (kl_div | τ=0.1 | hn=0):  20%|██        | 20/100 [02:31<09:55,  7.45s/it, TrL=0.9242, VaL=1.1609, TeL=1.1237 ★=best]
Training MLP (kl_div | τ=0.1 | hn=0):  20%|██        | 20/100 [02:39<09:55,  7.45s/it, TrL=0.9136, VaL=1.1634, TeL=1.1280]
Training MLP (kl_div | τ=0.1 | hn=0):  21%|██        | 21/100 [02:39<09:41,  7.37s/it, TrL=0.9136, VaL=1.1634, TeL=1.1280]
Training MLP (kl_div | τ=0.1 | hn=0):  21%|██        | 21/100 [02:46<09:41,  7.37s/it, TrL=0.8976, VaL=1.1638, TeL=1.1271]
Training MLP (kl_div | τ=0.1 | hn=0):  22%|██▏       | 22/100 [02:46<09:31,  7.32s/it, TrL=0.8976, VaL=1.1638, TeL=1.1271]
Training MLP (kl_div | τ=0.1 | hn=0):  22%|██▏       | 22/100 [02:53<09:31,  7.32s/it, TrL=0.8931, VaL=1.1646, TeL=1.1280]
Training MLP (kl_div | τ=0.1 | hn=0):  23%|██▎       | 23/100 [02:53<09:24,  7.33s/it, TrL=0.8931, VaL=1.1646, TeL=1.1280]
Training MLP (kl_div | τ=0.1 | hn=0):  23%|██▎       | 23/100 [03:00<09:24,  7.33s/it, TrL=0.8794, VaL=1.1593, TeL=1.1248 ★=best]
Training MLP (kl_div | τ=0.1 | hn=0):  24%|██▍       | 24/100 [03:00<09:15,  7.31s/it, TrL=0.8794, VaL=1.1593, TeL=1.1248 ★=best]
Training MLP (kl_div | τ=0.1 | hn=0):  24%|██▍       | 24/100 [03:08<09:15,  7.31s/it, TrL=0.8692, VaL=1.1609, TeL=1.1246]
Training MLP (kl_div | τ=0.1 | hn=0):  25%|██▌       | 25/100 [03:08<09:05,  7.28s/it, TrL=0.8692, VaL=1.1609, TeL=1.1246]
Training MLP (kl_div | τ=0.1 | hn=0):  25%|██▌       | 25/100 [03:15<09:05,  7.28s/it, TrL=0.8618, VaL=1.1662, TeL=1.1307]
Training MLP (kl_div | τ=0.1 | hn=0):  26%|██▌       | 26/100 [03:15<08:58,  7.28s/it, TrL=0.8618, VaL=1.1662, TeL=1.1307]
Training MLP (kl_div | τ=0.1 | hn=0):  26%|██▌       | 26/100 [03:22<08:58,  7.28s/it, TrL=0.8529, VaL=1.1650, TeL=1.1272]
Training MLP (kl_div | τ=0.1 | hn=0):  27%|██▋       | 27/100 [03:22<08:52,  7.29s/it, TrL=0.8529, VaL=1.1650, TeL=1.1272]
Training MLP (kl_div | τ=0.1 | hn=0):  27%|██▋       | 27/100 [03:30<08:52,  7.29s/it, TrL=0.8457, VaL=1.1629, TeL=1.1253]
Training MLP (kl_div | τ=0.1 | hn=0):  28%|██▊       | 28/100 [03:30<08:44,  7.29s/it, TrL=0.8457, VaL=1.1629, TeL=1.1253]
Training MLP (kl_div | τ=0.1 | hn=0):  28%|██▊       | 28/100 [03:37<08:44,  7.29s/it, TrL=0.8377, VaL=1.1639, TeL=1.1282]
Training MLP (kl_div | τ=0.1 | hn=0):  29%|██▉       | 29/100 [03:37<08:36,  7.27s/it, TrL=0.8377, VaL=1.1639, TeL=1.1282]
Training MLP (kl_div | τ=0.1 | hn=0):  29%|██▉       | 29/100 [03:44<08:36,  7.27s/it, TrL=0.8298, VaL=1.1624, TeL=1.1265]
Training MLP (kl_div | τ=0.1 | hn=0):  30%|███       | 30/100 [03:44<08:29,  7.28s/it, TrL=0.8298, VaL=1.1624, TeL=1.1265]
Training MLP (kl_div | τ=0.1 | hn=0):  30%|███       | 30/100 [03:51<08:29,  7.28s/it, TrL=0.8229, VaL=1.1614, TeL=1.1274]
Training MLP (kl_div | τ=0.1 | hn=0):  31%|███       | 31/100 [03:51<08:21,  7.27s/it, TrL=0.8229, VaL=1.1614, TeL=1.1274]
Training MLP (kl_div | τ=0.1 | hn=0):  31%|███       | 31/100 [03:58<08:21,  7.27s/it, TrL=0.8176, VaL=1.1620, TeL=1.1303]
Training MLP (kl_div | τ=0.1 | hn=0):  32%|███▏      | 32/100 [03:58<08:11,  7.23s/it, TrL=0.8176, VaL=1.1620, TeL=1.1303]
Training MLP (kl_div | τ=0.1 | hn=0):  32%|███▏      | 32/100 [04:06<08:11,  7.23s/it, TrL=0.7804, VaL=1.1602, TeL=1.1258]
Training MLP (kl_div | τ=0.1 | hn=0):  33%|███▎      | 33/100 [04:06<08:04,  7.23s/it, TrL=0.7804, VaL=1.1602, TeL=1.1258]
Training MLP (kl_div | τ=0.1 | hn=0):  33%|███▎      | 33/100 [04:13<08:04,  7.23s/it, TrL=0.7763, VaL=1.1591, TeL=1.1264 ★=best]
Training MLP (kl_div | τ=0.1 | hn=0):  34%|███▍      | 34/100 [04:13<07:58,  7.26s/it, TrL=0.7763, VaL=1.1591, TeL=1.1264 ★=best]
Training MLP (kl_div | τ=0.1 | hn=0):  34%|███▍      | 34/100 [04:20<07:58,  7.26s/it, TrL=0.7671, VaL=1.1580, TeL=1.1234 ★=best]
Training MLP (kl_div | τ=0.1 | hn=0):  35%|███▌      | 35/100 [04:20<07:51,  7.25s/it, TrL=0.7671, VaL=1.1580, TeL=1.1234 ★=best]
Training MLP (kl_div | τ=0.1 | hn=0):  35%|███▌      | 35/100 [04:27<07:51,  7.25s/it, TrL=0.7604, VaL=1.1608, TeL=1.1271]
Training MLP (kl_div | τ=0.1 | hn=0):  36%|███▌      | 36/100 [04:27<07:43,  7.24s/it, TrL=0.7604, VaL=1.1608, TeL=1.1271]
Training MLP (kl_div | τ=0.1 | hn=0):  36%|███▌      | 36/100 [04:35<07:43,  7.24s/it, TrL=0.7584, VaL=1.1629, TeL=1.1279]
Training MLP (kl_div | τ=0.1 | hn=0):  37%|███▋      | 37/100 [04:35<07:35,  7.23s/it, TrL=0.7584, VaL=1.1629, TeL=1.1279]
Training MLP (kl_div | τ=0.1 | hn=0):  37%|███▋      | 37/100 [04:42<07:35,  7.23s/it, TrL=0.7534, VaL=1.1595, TeL=1.1278]
Training MLP (kl_div | τ=0.1 | hn=0):  38%|███▊      | 38/100 [04:42<07:28,  7.24s/it, TrL=0.7534, VaL=1.1595, TeL=1.1278]
Training MLP (kl_div | τ=0.1 | hn=0):  38%|███▊      | 38/100 [04:49<07:28,  7.24s/it, TrL=0.7505, VaL=1.1609, TeL=1.1283]
Training MLP (kl_div | τ=0.1 | hn=0):  39%|███▉      | 39/100 [04:49<07:20,  7.22s/it, TrL=0.7505, VaL=1.1609, TeL=1.1283]
Training MLP (kl_div | τ=0.1 | hn=0):  39%|███▉      | 39/100 [04:56<07:20,  7.22s/it, TrL=0.7456, VaL=1.1606, TeL=1.1283]
Training MLP (kl_div | τ=0.1 | hn=0):  40%|████      | 40/100 [04:56<07:14,  7.24s/it, TrL=0.7456, VaL=1.1606, TeL=1.1283]
Training MLP (kl_div | τ=0.1 | hn=0):  40%|████      | 40/100 [05:04<07:14,  7.24s/it, TrL=0.7418, VaL=1.1640, TeL=1.1277]
Training MLP (kl_div | τ=0.1 | hn=0):  41%|████      | 41/100 [05:04<07:08,  7.26s/it, TrL=0.7418, VaL=1.1640, TeL=1.1277]
Training MLP (kl_div | τ=0.1 | hn=0):  41%|████      | 41/100 [05:11<07:08,  7.26s/it, TrL=0.7381, VaL=1.1644, TeL=1.1292]
Training MLP (kl_div | τ=0.1 | hn=0):  42%|████▏     | 42/100 [05:11<07:01,  7.27s/it, TrL=0.7381, VaL=1.1644, TeL=1.1292]
Training MLP (kl_div | τ=0.1 | hn=0):  42%|████▏     | 42/100 [05:18<07:01,  7.27s/it, TrL=0.7364, VaL=1.1651, TeL=1.1295]
Training MLP (kl_div | τ=0.1 | hn=0):  43%|████▎     | 43/100 [05:18<06:55,  7.29s/it, TrL=0.7364, VaL=1.1651, TeL=1.1295]
Training MLP (kl_div | τ=0.1 | hn=0):  43%|████▎     | 43/100 [05:26<06:55,  7.29s/it, TrL=0.7214, VaL=1.1609, TeL=1.1253]
Training MLP (kl_div | τ=0.1 | hn=0):  44%|████▍     | 44/100 [05:26<06:48,  7.30s/it, TrL=0.7214, VaL=1.1609, TeL=1.1253]
Training MLP (kl_div | τ=0.1 | hn=0):  44%|████▍     | 44/100 [05:33<06:48,  7.30s/it, TrL=0.7126, VaL=1.1620, TeL=1.1267]
Training MLP (kl_div | τ=0.1 | hn=0):  45%|████▌     | 45/100 [05:33<06:40,  7.28s/it, TrL=0.7126, VaL=1.1620, TeL=1.1267]
Training MLP (kl_div | τ=0.1 | hn=0):  45%|████▌     | 45/100 [05:40<06:40,  7.28s/it, TrL=0.7140, VaL=1.1614, TeL=1.1274]
Training MLP (kl_div | τ=0.1 | hn=0):  46%|████▌     | 46/100 [05:40<06:37,  7.37s/it, TrL=0.7140, VaL=1.1614, TeL=1.1274]
Training MLP (kl_div | τ=0.1 | hn=0):  46%|████▌     | 46/100 [05:48<06:37,  7.37s/it, TrL=0.7094, VaL=1.1631, TeL=1.1285]
Training MLP (kl_div | τ=0.1 | hn=0):  47%|████▋     | 47/100 [05:48<06:29,  7.35s/it, TrL=0.7094, VaL=1.1631, TeL=1.1285]
Training MLP (kl_div | τ=0.1 | hn=0):  47%|████▋     | 47/100 [05:55<06:29,  7.35s/it, TrL=0.7035, VaL=1.1618, TeL=1.1268]
Training MLP (kl_div | τ=0.1 | hn=0):  48%|████▊     | 48/100 [05:55<06:23,  7.37s/it, TrL=0.7035, VaL=1.1618, TeL=1.1268]
Training MLP (kl_div | τ=0.1 | hn=0):  48%|████▊     | 48/100 [06:02<06:23,  7.37s/it, TrL=0.7046, VaL=1.1620, TeL=1.1276]
Training MLP (kl_div | τ=0.1 | hn=0):  49%|████▉     | 49/100 [06:02<06:15,  7.36s/it, TrL=0.7046, VaL=1.1620, TeL=1.1276]
Training MLP (kl_div | τ=0.1 | hn=0):  49%|████▉     | 49/100 [06:10<06:15,  7.36s/it, TrL=0.7018, VaL=1.1632, TeL=1.1282]
Training MLP (kl_div | τ=0.1 | hn=0):  50%|█████     | 50/100 [06:10<06:08,  7.37s/it, TrL=0.7018, VaL=1.1632, TeL=1.1282]
Training MLP (kl_div | τ=0.1 | hn=0):  50%|█████     | 50/100 [06:17<06:08,  7.37s/it, TrL=0.7027, VaL=1.1627, TeL=1.1276]
Training MLP (kl_div | τ=0.1 | hn=0):  51%|█████     | 51/100 [06:17<06:00,  7.35s/it, TrL=0.7027, VaL=1.1627, TeL=1.1276]
Training MLP (kl_div | τ=0.1 | hn=0):  51%|█████     | 51/100 [06:24<06:00,  7.35s/it, TrL=0.6982, VaL=1.1620, TeL=1.1280]
Training MLP (kl_div | τ=0.1 | hn=0):  52%|█████▏    | 52/100 [06:24<05:51,  7.33s/it, TrL=0.6982, VaL=1.1620, TeL=1.1280]
Training MLP (kl_div | τ=0.1 | hn=0):  52%|█████▏    | 52/100 [06:32<05:51,  7.33s/it, TrL=0.6926, VaL=1.1622, TeL=1.1268]
Training MLP (kl_div | τ=0.1 | hn=0):  53%|█████▎    | 53/100 [06:32<05:48,  7.41s/it, TrL=0.6926, VaL=1.1622, TeL=1.1268]
Training MLP (kl_div | τ=0.1 | hn=0):  53%|█████▎    | 53/100 [06:39<05:48,  7.41s/it, TrL=0.6888, VaL=1.1632, TeL=1.1275]
Training MLP (kl_div | τ=0.1 | hn=0):  54%|█████▍    | 54/100 [06:39<05:38,  7.35s/it, TrL=0.6888, VaL=1.1632, TeL=1.1275]
Training MLP (kl_div | τ=0.1 | hn=0):  54%|█████▍    | 54/100 [06:47<05:38,  7.35s/it, TrL=0.6887, VaL=1.1627, TeL=1.1265]
Training MLP (kl_div | τ=0.1 | hn=0):  55%|█████▌    | 55/100 [06:47<05:30,  7.34s/it, TrL=0.6887, VaL=1.1627, TeL=1.1265]2026-04-05 10:49:25,374 INFO Early stopping triggered at epoch 55
Training MLP (kl_div | τ=0.1 | hn=0):  55%|█████▌    | 55/100 [06:47<05:33,  7.40s/it, TrL=0.6887, VaL=1.1627, TeL=1.1265]
2026-04-05 10:49:25,383 INFO Strict Checkpoint successfully mapped at: checkpoints/squad/hnm_ablation/alignment_mlp_kl_div_tau_0.1_hnm_0.pth
2026-04-05 10:49:26,387 INFO --> Ensuring kl_div | tau=0.1 | hn_k=4 model is statically trained...
2026-04-05 10:49:26,388 INFO Model missing. Triggering training engine for hn_k=4...
2026-04-05 10:49:26,389 INFO Loading data for squad | Target Loss: kl_div | Target Tau: 0.1 | Target HNM: 4
Training MLP (kl_div | τ=0.1 | hn=4):   0%|          | 0/100 [00:00<?, ?it/s]
Training MLP (kl_div | τ=0.1 | hn=4):   0%|          | 0/100 [00:07<?, ?it/s, TrL=1.4536, VaL=1.2618, TeL=1.2493 ★=best]
Training MLP (kl_div | τ=0.1 | hn=4):   1%|          | 1/100 [00:07<12:32,  7.60s/it, TrL=1.4536, VaL=1.2618, TeL=1.2493 ★=best]
Training MLP (kl_div | τ=0.1 | hn=4):   1%|          | 1/100 [00:15<12:32,  7.60s/it, TrL=1.2512, VaL=1.1531, TeL=1.1351 ★=best]
Training MLP (kl_div | τ=0.1 | hn=4):   2%|▏         | 2/100 [00:15<12:23,  7.59s/it, TrL=1.2512, VaL=1.1531, TeL=1.1351 ★=best]
Training MLP (kl_div | τ=0.1 | hn=4):   2%|▏         | 2/100 [00:22<12:23,  7.59s/it, TrL=1.1603, VaL=1.0929, TeL=1.0720 ★=best]
Training MLP (kl_div | τ=0.1 | hn=4):   3%|▎         | 3/100 [00:22<12:15,  7.58s/it, TrL=1.1603, VaL=1.0929, TeL=1.0720 ★=best]
Training MLP (kl_div | τ=0.1 | hn=4):   3%|▎         | 3/100 [00:30<12:15,  7.58s/it, TrL=1.1017, VaL=1.0589, TeL=1.0374 ★=best]
Training MLP (kl_div | τ=0.1 | hn=4):   4%|▍         | 4/100 [00:30<12:12,  7.63s/it, TrL=1.1017, VaL=1.0589, TeL=1.0374 ★=best]
Training MLP (kl_div | τ=0.1 | hn=4):   4%|▍         | 4/100 [00:38<12:12,  7.63s/it, TrL=1.0559, VaL=1.0309, TeL=1.0050 ★=best]
Training MLP (kl_div | τ=0.1 | hn=4):   5%|▌         | 5/100 [00:38<12:03,  7.62s/it, TrL=1.0559, VaL=1.0309, TeL=1.0050 ★=best]
Training MLP (kl_div | τ=0.1 | hn=4):   5%|▌         | 5/100 [00:45<12:03,  7.62s/it, TrL=1.0220, VaL=1.0127, TeL=0.9907 ★=best]
Training MLP (kl_div | τ=0.1 | hn=4):   6%|▌         | 6/100 [00:45<11:58,  7.64s/it, TrL=1.0220, VaL=1.0127, TeL=0.9907 ★=best]
Training MLP (kl_div | τ=0.1 | hn=4):   6%|▌         | 6/100 [00:53<11:58,  7.64s/it, TrL=0.9925, VaL=0.9992, TeL=0.9758 ★=best]
Training MLP (kl_div | τ=0.1 | hn=4):   7%|▋         | 7/100 [00:53<11:49,  7.63s/it, TrL=0.9925, VaL=0.9992, TeL=0.9758 ★=best]
Training MLP (kl_div | τ=0.1 | hn=4):   7%|▋         | 7/100 [01:00<11:49,  7.63s/it, TrL=0.9652, VaL=0.9892, TeL=0.9657 ★=best]
Training MLP (kl_div | τ=0.1 | hn=4):   8%|▊         | 8/100 [01:00<11:41,  7.63s/it, TrL=0.9652, VaL=0.9892, TeL=0.9657 ★=best]
Training MLP (kl_div | τ=0.1 | hn=4):   8%|▊         | 8/100 [01:08<11:41,  7.63s/it, TrL=0.9436, VaL=0.9787, TeL=0.9554 ★=best]
Training MLP (kl_div | τ=0.1 | hn=4):   9%|▉         | 9/100 [01:08<11:33,  7.62s/it, TrL=0.9436, VaL=0.9787, TeL=0.9554 ★=best]
Training MLP (kl_div | τ=0.1 | hn=4):   9%|▉         | 9/100 [01:16<11:33,  7.62s/it, TrL=0.9218, VaL=0.9720, TeL=0.9491 ★=best]
Training MLP (kl_div | τ=0.1 | hn=4):  10%|█         | 10/100 [01:16<11:26,  7.63s/it, TrL=0.9218, VaL=0.9720, TeL=0.9491 ★=best]
Training MLP (kl_div | τ=0.1 | hn=4):  10%|█         | 10/100 [01:23<11:26,  7.63s/it, TrL=0.9039, VaL=0.9701, TeL=0.9473 ★=best]
Training MLP (kl_div | τ=0.1 | hn=4):  11%|█         | 11/100 [01:23<11:18,  7.62s/it, TrL=0.9039, VaL=0.9701, TeL=0.9473 ★=best]
Training MLP (kl_div | τ=0.1 | hn=4):  11%|█         | 11/100 [01:31<11:18,  7.62s/it, TrL=0.8878, VaL=0.9672, TeL=0.9426 ★=best]
Training MLP (kl_div | τ=0.1 | hn=4):  12%|█▏        | 12/100 [01:31<11:07,  7.58s/it, TrL=0.8878, VaL=0.9672, TeL=0.9426 ★=best]
Training MLP (kl_div | τ=0.1 | hn=4):  12%|█▏        | 12/100 [01:38<11:07,  7.58s/it, TrL=0.8711, VaL=0.9671, TeL=0.9425 ★=best]
Training MLP (kl_div | τ=0.1 | hn=4):  13%|█▎        | 13/100 [01:38<10:59,  7.58s/it, TrL=0.8711, VaL=0.9671, TeL=0.9425 ★=best]
Training MLP (kl_div | τ=0.1 | hn=4):  13%|█▎        | 13/100 [01:46<10:59,  7.58s/it, TrL=0.8614, VaL=0.9648, TeL=0.9382 ★=best]
Training MLP (kl_div | τ=0.1 | hn=4):  14%|█▍        | 14/100 [01:46<10:54,  7.61s/it, TrL=0.8614, VaL=0.9648, TeL=0.9382 ★=best]
Training MLP (kl_div | τ=0.1 | hn=4):  14%|█▍        | 14/100 [01:54<10:54,  7.61s/it, TrL=0.8447, VaL=0.9633, TeL=0.9368 ★=best]
Training MLP (kl_div | τ=0.1 | hn=4):  15%|█▌        | 15/100 [01:54<10:45,  7.59s/it, TrL=0.8447, VaL=0.9633, TeL=0.9368 ★=best]
Training MLP (kl_div | τ=0.1 | hn=4):  15%|█▌        | 15/100 [02:01<10:45,  7.59s/it, TrL=0.8326, VaL=0.9640, TeL=0.9374]
Training MLP (kl_div | τ=0.1 | hn=4):  16%|█▌        | 16/100 [02:01<10:36,  7.57s/it, TrL=0.8326, VaL=0.9640, TeL=0.9374]
Training MLP (kl_div | τ=0.1 | hn=4):  16%|█▌        | 16/100 [02:09<10:36,  7.57s/it, TrL=0.8235, VaL=0.9658, TeL=0.9376]
Training MLP (kl_div | τ=0.1 | hn=4):  17%|█▋        | 17/100 [02:09<10:26,  7.54s/it, TrL=0.8235, VaL=0.9658, TeL=0.9376]
Training MLP (kl_div | τ=0.1 | hn=4):  17%|█▋        | 17/100 [02:16<10:26,  7.54s/it, TrL=0.8135, VaL=0.9684, TeL=0.9412]
Training MLP (kl_div | τ=0.1 | hn=4):  18%|█▊        | 18/100 [02:16<10:21,  7.57s/it, TrL=0.8135, VaL=0.9684, TeL=0.9412]
Training MLP (kl_div | τ=0.1 | hn=4):  18%|█▊        | 18/100 [02:24<10:21,  7.57s/it, TrL=0.8035, VaL=0.9655, TeL=0.9363]
Training MLP (kl_div | τ=0.1 | hn=4):  19%|█▉        | 19/100 [02:24<10:16,  7.61s/it, TrL=0.8035, VaL=0.9655, TeL=0.9363]
Training MLP (kl_div | τ=0.1 | hn=4):  19%|█▉        | 19/100 [02:32<10:16,  7.61s/it, TrL=0.7940, VaL=0.9670, TeL=0.9378]
Training MLP (kl_div | τ=0.1 | hn=4):  20%|██        | 20/100 [02:32<10:09,  7.62s/it, TrL=0.7940, VaL=0.9670, TeL=0.9378]
Training MLP (kl_div | τ=0.1 | hn=4):  20%|██        | 20/100 [02:39<10:09,  7.62s/it, TrL=0.7879, VaL=0.9648, TeL=0.9371]
Training MLP (kl_div | τ=0.1 | hn=4):  21%|██        | 21/100 [02:39<10:02,  7.63s/it, TrL=0.7879, VaL=0.9648, TeL=0.9371]
Training MLP (kl_div | τ=0.1 | hn=4):  21%|██        | 21/100 [02:47<10:02,  7.63s/it, TrL=0.7774, VaL=0.9674, TeL=0.9396]
Training MLP (kl_div | τ=0.1 | hn=4):  22%|██▏       | 22/100 [02:47<09:54,  7.62s/it, TrL=0.7774, VaL=0.9674, TeL=0.9396]
Training MLP (kl_div | τ=0.1 | hn=4):  22%|██▏       | 22/100 [02:55<09:54,  7.62s/it, TrL=0.7677, VaL=0.9673, TeL=0.9399]
Training MLP (kl_div | τ=0.1 | hn=4):  23%|██▎       | 23/100 [02:55<09:47,  7.63s/it, TrL=0.7677, VaL=0.9673, TeL=0.9399]
Training MLP (kl_div | τ=0.1 | hn=4):  23%|██▎       | 23/100 [03:02<09:47,  7.63s/it, TrL=0.7414, VaL=0.9713, TeL=0.9443]
Training MLP (kl_div | τ=0.1 | hn=4):  24%|██▍       | 24/100 [03:02<09:39,  7.62s/it, TrL=0.7414, VaL=0.9713, TeL=0.9443]
Training MLP (kl_div | τ=0.1 | hn=4):  24%|██▍       | 24/100 [03:10<09:39,  7.62s/it, TrL=0.7306, VaL=0.9735, TeL=0.9449]
Training MLP (kl_div | τ=0.1 | hn=4):  25%|██▌       | 25/100 [03:10<09:32,  7.64s/it, TrL=0.7306, VaL=0.9735, TeL=0.9449]
Training MLP (kl_div | τ=0.1 | hn=4):  25%|██▌       | 25/100 [03:18<09:32,  7.64s/it, TrL=0.7240, VaL=0.9742, TeL=0.9461]
Training MLP (kl_div | τ=0.1 | hn=4):  26%|██▌       | 26/100 [03:18<09:27,  7.67s/it, TrL=0.7240, VaL=0.9742, TeL=0.9461]
Training MLP (kl_div | τ=0.1 | hn=4):  26%|██▌       | 26/100 [03:25<09:27,  7.67s/it, TrL=0.7164, VaL=0.9790, TeL=0.9494]
Training MLP (kl_div | τ=0.1 | hn=4):  27%|██▋       | 27/100 [03:25<09:20,  7.67s/it, TrL=0.7164, VaL=0.9790, TeL=0.9494]
Training MLP (kl_div | τ=0.1 | hn=4):  27%|██▋       | 27/100 [03:33<09:20,  7.67s/it, TrL=0.7125, VaL=0.9831, TeL=0.9534]
Training MLP (kl_div | τ=0.1 | hn=4):  28%|██▊       | 28/100 [03:33<09:13,  7.69s/it, TrL=0.7125, VaL=0.9831, TeL=0.9534]
Training MLP (kl_div | τ=0.1 | hn=4):  28%|██▊       | 28/100 [03:41<09:13,  7.69s/it, TrL=0.7108, VaL=0.9832, TeL=0.9558]
Training MLP (kl_div | τ=0.1 | hn=4):  29%|██▉       | 29/100 [03:41<09:05,  7.68s/it, TrL=0.7108, VaL=0.9832, TeL=0.9558]
Training MLP (kl_div | τ=0.1 | hn=4):  29%|██▉       | 29/100 [03:48<09:05,  7.68s/it, TrL=0.7034, VaL=0.9883, TeL=0.9579]
Training MLP (kl_div | τ=0.1 | hn=4):  30%|███       | 30/100 [03:48<08:57,  7.68s/it, TrL=0.7034, VaL=0.9883, TeL=0.9579]
Training MLP (kl_div | τ=0.1 | hn=4):  30%|███       | 30/100 [03:56<08:57,  7.68s/it, TrL=0.7010, VaL=0.9884, TeL=0.9604]
Training MLP (kl_div | τ=0.1 | hn=4):  31%|███       | 31/100 [03:56<08:48,  7.66s/it, TrL=0.7010, VaL=0.9884, TeL=0.9604]
Training MLP (kl_div | τ=0.1 | hn=4):  31%|███       | 31/100 [04:04<08:48,  7.66s/it, TrL=0.6846, VaL=0.9905, TeL=0.9614]
Training MLP (kl_div | τ=0.1 | hn=4):  32%|███▏      | 32/100 [04:04<08:40,  7.65s/it, TrL=0.6846, VaL=0.9905, TeL=0.9614]
Training MLP (kl_div | τ=0.1 | hn=4):  32%|███▏      | 32/100 [04:11<08:40,  7.65s/it, TrL=0.6825, VaL=0.9935, TeL=0.9633]
Training MLP (kl_div | τ=0.1 | hn=4):  33%|███▎      | 33/100 [04:11<08:30,  7.62s/it, TrL=0.6825, VaL=0.9935, TeL=0.9633]
Training MLP (kl_div | τ=0.1 | hn=4):  33%|███▎      | 33/100 [04:19<08:30,  7.62s/it, TrL=0.6777, VaL=0.9951, TeL=0.9652]
Training MLP (kl_div | τ=0.1 | hn=4):  34%|███▍      | 34/100 [04:19<08:20,  7.58s/it, TrL=0.6777, VaL=0.9951, TeL=0.9652]
Training MLP (kl_div | τ=0.1 | hn=4):  34%|███▍      | 34/100 [04:26<08:20,  7.58s/it, TrL=0.6738, VaL=1.0002, TeL=0.9682]
Training MLP (kl_div | τ=0.1 | hn=4):  35%|███▌      | 35/100 [04:26<08:13,  7.59s/it, TrL=0.6738, VaL=1.0002, TeL=0.9682]2026-04-05 10:53:53,054 INFO Early stopping triggered at epoch 35
Training MLP (kl_div | τ=0.1 | hn=4):  35%|███▌      | 35/100 [04:26<08:15,  7.62s/it, TrL=0.6738, VaL=1.0002, TeL=0.9682]
2026-04-05 10:53:53,063 INFO Strict Checkpoint successfully mapped at: checkpoints/squad/hnm_ablation/alignment_mlp_kl_div_tau_0.1_hnm_4.pth
2026-04-05 10:53:53,812 INFO --> Ensuring kl_div | tau=0.1 | hn_k=9 model is statically trained...
2026-04-05 10:53:53,813 INFO Model missing. Triggering training engine for hn_k=9...
2026-04-05 10:53:53,814 INFO Loading data for squad | Target Loss: kl_div | Target Tau: 0.1 | Target HNM: 9
Training MLP (kl_div | τ=0.1 | hn=9):   0%|          | 0/100 [00:00<?, ?it/s]
Training MLP (kl_div | τ=0.1 | hn=9):   0%|          | 0/100 [00:07<?, ?it/s, TrL=1.7686, VaL=1.4760, TeL=1.4537 ★=best]
Training MLP (kl_div | τ=0.1 | hn=9):   1%|          | 1/100 [00:07<12:29,  7.57s/it, TrL=1.7686, VaL=1.4760, TeL=1.4537 ★=best]
Training MLP (kl_div | τ=0.1 | hn=9):   1%|          | 1/100 [00:15<12:29,  7.57s/it, TrL=1.4761, VaL=1.3608, TeL=1.3292 ★=best]
Training MLP (kl_div | τ=0.1 | hn=9):   2%|▏         | 2/100 [00:15<12:31,  7.67s/it, TrL=1.4761, VaL=1.3608, TeL=1.3292 ★=best]
Training MLP (kl_div | τ=0.1 | hn=9):   2%|▏         | 2/100 [00:22<12:31,  7.67s/it, TrL=1.3664, VaL=1.2874, TeL=1.2582 ★=best]
Training MLP (kl_div | τ=0.1 | hn=9):   3%|▎         | 3/100 [00:22<12:23,  7.67s/it, TrL=1.3664, VaL=1.2874, TeL=1.2582 ★=best]
Training MLP (kl_div | τ=0.1 | hn=9):   3%|▎         | 3/100 [00:30<12:23,  7.67s/it, TrL=1.2927, VaL=1.2444, TeL=1.2160 ★=best]
Training MLP (kl_div | τ=0.1 | hn=9):   4%|▍         | 4/100 [00:30<12:11,  7.62s/it, TrL=1.2927, VaL=1.2444, TeL=1.2160 ★=best]
Training MLP (kl_div | τ=0.1 | hn=9):   4%|▍         | 4/100 [00:38<12:11,  7.62s/it, TrL=1.2359, VaL=1.2116, TeL=1.1830 ★=best]
Training MLP (kl_div | τ=0.1 | hn=9):   5%|▌         | 5/100 [00:38<12:05,  7.64s/it, TrL=1.2359, VaL=1.2116, TeL=1.1830 ★=best]
Training MLP (kl_div | τ=0.1 | hn=9):   5%|▌         | 5/100 [00:45<12:05,  7.64s/it, TrL=1.1894, VaL=1.1900, TeL=1.1574 ★=best]
Training MLP (kl_div | τ=0.1 | hn=9):   6%|▌         | 6/100 [00:45<12:00,  7.66s/it, TrL=1.1894, VaL=1.1900, TeL=1.1574 ★=best]
Training MLP (kl_div | τ=0.1 | hn=9):   6%|▌         | 6/100 [00:53<12:00,  7.66s/it, TrL=1.1500, VaL=1.1718, TeL=1.1392 ★=best]
Training MLP (kl_div | τ=0.1 | hn=9):   7%|▋         | 7/100 [00:53<11:51,  7.65s/it, TrL=1.1500, VaL=1.1718, TeL=1.1392 ★=best]
Training MLP (kl_div | τ=0.1 | hn=9):   7%|▋         | 7/100 [01:01<11:51,  7.65s/it, TrL=1.1197, VaL=1.1588, TeL=1.1269 ★=best]
Training MLP (kl_div | τ=0.1 | hn=9):   8%|▊         | 8/100 [01:01<11:42,  7.64s/it, TrL=1.1197, VaL=1.1588, TeL=1.1269 ★=best]
Training MLP (kl_div | τ=0.1 | hn=9):   8%|▊         | 8/100 [01:08<11:42,  7.64s/it, TrL=1.0862, VaL=1.1521, TeL=1.1147 ★=best]
Training MLP (kl_div | τ=0.1 | hn=9):   9%|▉         | 9/100 [01:08<11:34,  7.64s/it, TrL=1.0862, VaL=1.1521, TeL=1.1147 ★=best]
Training MLP (kl_div | τ=0.1 | hn=9):   9%|▉         | 9/100 [01:16<11:34,  7.64s/it, TrL=1.0615, VaL=1.1430, TeL=1.1075 ★=best]
Training MLP (kl_div | τ=0.1 | hn=9):  10%|█         | 10/100 [01:16<11:29,  7.66s/it, TrL=1.0615, VaL=1.1430, TeL=1.1075 ★=best]
Training MLP (kl_div | τ=0.1 | hn=9):  10%|█         | 10/100 [01:25<11:29,  7.66s/it, TrL=1.0343, VaL=1.1394, TeL=1.1048 ★=best]
Training MLP (kl_div | τ=0.1 | hn=9):  11%|█         | 11/100 [01:25<12:05,  8.15s/it, TrL=1.0343, VaL=1.1394, TeL=1.1048 ★=best]
Training MLP (kl_div | τ=0.1 | hn=9):  11%|█         | 11/100 [01:33<12:05,  8.15s/it, TrL=1.0137, VaL=1.1374, TeL=1.1000 ★=best]
Training MLP (kl_div | τ=0.1 | hn=9):  12%|█▏        | 12/100 [01:33<11:44,  8.01s/it, TrL=1.0137, VaL=1.1374, TeL=1.1000 ★=best]
Training MLP (kl_div | τ=0.1 | hn=9):  12%|█▏        | 12/100 [01:40<11:44,  8.01s/it, TrL=0.9925, VaL=1.1345, TeL=1.0974 ★=best]
Training MLP (kl_div | τ=0.1 | hn=9):  13%|█▎        | 13/100 [01:40<11:23,  7.86s/it, TrL=0.9925, VaL=1.1345, TeL=1.0974 ★=best]
Training MLP (kl_div | τ=0.1 | hn=9):  13%|█▎        | 13/100 [01:48<11:23,  7.86s/it, TrL=0.9761, VaL=1.1285, TeL=1.0896 ★=best]
Training MLP (kl_div | τ=0.1 | hn=9):  14%|█▍        | 14/100 [01:48<11:07,  7.76s/it, TrL=0.9761, VaL=1.1285, TeL=1.0896 ★=best]
Training MLP (kl_div | τ=0.1 | hn=9):  14%|█▍        | 14/100 [01:56<11:07,  7.76s/it, TrL=0.9597, VaL=1.1265, TeL=1.0896 ★=best]
Training MLP (kl_div | τ=0.1 | hn=9):  15%|█▌        | 15/100 [01:56<11:08,  7.87s/it, TrL=0.9597, VaL=1.1265, TeL=1.0896 ★=best]
Training MLP (kl_div | τ=0.1 | hn=9):  15%|█▌        | 15/100 [02:04<11:08,  7.87s/it, TrL=0.9460, VaL=1.1263, TeL=1.0870 ★=best]
Training MLP (kl_div | τ=0.1 | hn=9):  16%|█▌        | 16/100 [02:04<10:56,  7.81s/it, TrL=0.9460, VaL=1.1263, TeL=1.0870 ★=best]
Training MLP (kl_div | τ=0.1 | hn=9):  16%|█▌        | 16/100 [02:11<10:56,  7.81s/it, TrL=0.9275, VaL=1.1260, TeL=1.0894 ★=best]
Training MLP (kl_div | τ=0.1 | hn=9):  17%|█▋        | 17/100 [02:11<10:46,  7.79s/it, TrL=0.9275, VaL=1.1260, TeL=1.0894 ★=best]
Training MLP (kl_div | τ=0.1 | hn=9):  17%|█▋        | 17/100 [02:22<10:46,  7.79s/it, TrL=0.9119, VaL=1.1312, TeL=1.0912]
Training MLP (kl_div | τ=0.1 | hn=9):  18%|█▊        | 18/100 [02:22<11:54,  8.72s/it, TrL=0.9119, VaL=1.1312, TeL=1.0912]
Training MLP (kl_div | τ=0.1 | hn=9):  18%|█▊        | 18/100 [02:30<11:54,  8.72s/it, TrL=0.9030, VaL=1.1258, TeL=1.0894 ★=best]
Training MLP (kl_div | τ=0.1 | hn=9):  19%|█▉        | 19/100 [02:30<11:25,  8.47s/it, TrL=0.9030, VaL=1.1258, TeL=1.0894 ★=best]
Training MLP (kl_div | τ=0.1 | hn=9):  19%|█▉        | 19/100 [02:38<11:25,  8.47s/it, TrL=0.8904, VaL=1.1283, TeL=1.0908]
Training MLP (kl_div | τ=0.1 | hn=9):  20%|██        | 20/100 [02:38<11:06,  8.33s/it, TrL=0.8904, VaL=1.1283, TeL=1.0908]
Training MLP (kl_div | τ=0.1 | hn=9):  20%|██        | 20/100 [02:47<11:06,  8.33s/it, TrL=0.8837, VaL=1.1280, TeL=1.0920]
Training MLP (kl_div | τ=0.1 | hn=9):  21%|██        | 21/100 [02:47<11:16,  8.56s/it, TrL=0.8837, VaL=1.1280, TeL=1.0920]
Training MLP (kl_div | τ=0.1 | hn=9):  21%|██        | 21/100 [02:56<11:16,  8.56s/it, TrL=0.8669, VaL=1.1260, TeL=1.0939]
Training MLP (kl_div | τ=0.1 | hn=9):  22%|██▏       | 22/100 [02:56<11:09,  8.58s/it, TrL=0.8669, VaL=1.1260, TeL=1.0939]
Training MLP (kl_div | τ=0.1 | hn=9):  22%|██▏       | 22/100 [03:04<11:09,  8.58s/it, TrL=0.8601, VaL=1.1282, TeL=1.0947]
Training MLP (kl_div | τ=0.1 | hn=9):  23%|██▎       | 23/100 [03:04<10:48,  8.43s/it, TrL=0.8601, VaL=1.1282, TeL=1.0947]
Training MLP (kl_div | τ=0.1 | hn=9):  23%|██▎       | 23/100 [03:12<10:48,  8.43s/it, TrL=0.8509, VaL=1.1241, TeL=1.0862 ★=best]
Training MLP (kl_div | τ=0.1 | hn=9):  24%|██▍       | 24/100 [03:12<10:30,  8.30s/it, TrL=0.8509, VaL=1.1241, TeL=1.0862 ★=best]
Training MLP (kl_div | τ=0.1 | hn=9):  24%|██▍       | 24/100 [03:21<10:30,  8.30s/it, TrL=0.8401, VaL=1.1278, TeL=1.0912]
Training MLP (kl_div | τ=0.1 | hn=9):  25%|██▌       | 25/100 [03:21<10:33,  8.45s/it, TrL=0.8401, VaL=1.1278, TeL=1.0912]
Training MLP (kl_div | τ=0.1 | hn=9):  25%|██▌       | 25/100 [03:30<10:33,  8.45s/it, TrL=0.8349, VaL=1.1279, TeL=1.0926]
Training MLP (kl_div | τ=0.1 | hn=9):  26%|██▌       | 26/100 [03:30<10:30,  8.52s/it, TrL=0.8349, VaL=1.1279, TeL=1.0926]
Training MLP (kl_div | τ=0.1 | hn=9):  26%|██▌       | 26/100 [03:38<10:30,  8.52s/it, TrL=0.8254, VaL=1.1307, TeL=1.0932]
Training MLP (kl_div | τ=0.1 | hn=9):  27%|██▋       | 27/100 [03:38<10:09,  8.35s/it, TrL=0.8254, VaL=1.1307, TeL=1.0932]
Training MLP (kl_div | τ=0.1 | hn=9):  27%|██▋       | 27/100 [03:46<10:09,  8.35s/it, TrL=0.8161, VaL=1.1334, TeL=1.0941]
Training MLP (kl_div | τ=0.1 | hn=9):  28%|██▊       | 28/100 [03:46<10:02,  8.36s/it, TrL=0.8161, VaL=1.1334, TeL=1.0941]
Training MLP (kl_div | τ=0.1 | hn=9):  28%|██▊       | 28/100 [03:54<10:02,  8.36s/it, TrL=0.8117, VaL=1.1344, TeL=1.0981]
Training MLP (kl_div | τ=0.1 | hn=9):  29%|██▉       | 29/100 [03:54<09:50,  8.31s/it, TrL=0.8117, VaL=1.1344, TeL=1.0981]
Training MLP (kl_div | τ=0.1 | hn=9):  29%|██▉       | 29/100 [04:02<09:50,  8.31s/it, TrL=0.8038, VaL=1.1370, TeL=1.0983]
Training MLP (kl_div | τ=0.1 | hn=9):  30%|███       | 30/100 [04:02<09:38,  8.27s/it, TrL=0.8038, VaL=1.1370, TeL=1.0983]
Training MLP (kl_div | τ=0.1 | hn=9):  30%|███       | 30/100 [04:10<09:38,  8.27s/it, TrL=0.7952, VaL=1.1402, TeL=1.1028]
Training MLP (kl_div | τ=0.1 | hn=9):  31%|███       | 31/100 [04:10<09:28,  8.25s/it, TrL=0.7952, VaL=1.1402, TeL=1.1028]
Training MLP (kl_div | τ=0.1 | hn=9):  31%|███       | 31/100 [04:18<09:28,  8.25s/it, TrL=0.7898, VaL=1.1357, TeL=1.1008]
Training MLP (kl_div | τ=0.1 | hn=9):  32%|███▏      | 32/100 [04:18<09:11,  8.11s/it, TrL=0.7898, VaL=1.1357, TeL=1.1008]
Training MLP (kl_div | τ=0.1 | hn=9):  32%|███▏      | 32/100 [04:26<09:11,  8.11s/it, TrL=0.7536, VaL=1.1333, TeL=1.0972]
Training MLP (kl_div | τ=0.1 | hn=9):  33%|███▎      | 33/100 [04:26<08:53,  7.97s/it, TrL=0.7536, VaL=1.1333, TeL=1.0972]
Training MLP (kl_div | τ=0.1 | hn=9):  33%|███▎      | 33/100 [04:34<08:53,  7.97s/it, TrL=0.7470, VaL=1.1350, TeL=1.0982]
Training MLP (kl_div | τ=0.1 | hn=9):  34%|███▍      | 34/100 [04:34<08:42,  7.92s/it, TrL=0.7470, VaL=1.1350, TeL=1.0982]
Training MLP (kl_div | τ=0.1 | hn=9):  34%|███▍      | 34/100 [04:41<08:42,  7.92s/it, TrL=0.7437, VaL=1.1349, TeL=1.0998]
Training MLP (kl_div | τ=0.1 | hn=9):  35%|███▌      | 35/100 [04:41<08:31,  7.86s/it, TrL=0.7437, VaL=1.1349, TeL=1.0998]
Training MLP (kl_div | τ=0.1 | hn=9):  35%|███▌      | 35/100 [04:49<08:31,  7.86s/it, TrL=0.7382, VaL=1.1396, TeL=1.1017]
Training MLP (kl_div | τ=0.1 | hn=9):  36%|███▌      | 36/100 [04:49<08:21,  7.84s/it, TrL=0.7382, VaL=1.1396, TeL=1.1017]
Training MLP (kl_div | τ=0.1 | hn=9):  36%|███▌      | 36/100 [04:57<08:21,  7.84s/it, TrL=0.7318, VaL=1.1409, TeL=1.1027]
Training MLP (kl_div | τ=0.1 | hn=9):  37%|███▋      | 37/100 [04:57<08:11,  7.80s/it, TrL=0.7318, VaL=1.1409, TeL=1.1027]
Training MLP (kl_div | τ=0.1 | hn=9):  37%|███▋      | 37/100 [05:05<08:11,  7.80s/it, TrL=0.7295, VaL=1.1426, TeL=1.1029]
Training MLP (kl_div | τ=0.1 | hn=9):  38%|███▊      | 38/100 [05:05<08:00,  7.76s/it, TrL=0.7295, VaL=1.1426, TeL=1.1029]
Training MLP (kl_div | τ=0.1 | hn=9):  38%|███▊      | 38/100 [05:12<08:00,  7.76s/it, TrL=0.7249, VaL=1.1405, TeL=1.1018]
Training MLP (kl_div | τ=0.1 | hn=9):  39%|███▉      | 39/100 [05:12<07:51,  7.73s/it, TrL=0.7249, VaL=1.1405, TeL=1.1018]
Training MLP (kl_div | τ=0.1 | hn=9):  39%|███▉      | 39/100 [05:20<07:51,  7.73s/it, TrL=0.7224, VaL=1.1426, TeL=1.1042]
Training MLP (kl_div | τ=0.1 | hn=9):  40%|████      | 40/100 [05:20<07:44,  7.74s/it, TrL=0.7224, VaL=1.1426, TeL=1.1042]
Training MLP (kl_div | τ=0.1 | hn=9):  40%|████      | 40/100 [05:28<07:44,  7.74s/it, TrL=0.7047, VaL=1.1456, TeL=1.1064]
Training MLP (kl_div | τ=0.1 | hn=9):  41%|████      | 41/100 [05:28<07:37,  7.76s/it, TrL=0.7047, VaL=1.1456, TeL=1.1064]
Training MLP (kl_div | τ=0.1 | hn=9):  41%|████      | 41/100 [05:36<07:37,  7.76s/it, TrL=0.6977, VaL=1.1438, TeL=1.1050]
Training MLP (kl_div | τ=0.1 | hn=9):  42%|████▏     | 42/100 [05:36<07:30,  7.76s/it, TrL=0.6977, VaL=1.1438, TeL=1.1050]
Training MLP (kl_div | τ=0.1 | hn=9):  42%|████▏     | 42/100 [05:43<07:30,  7.76s/it, TrL=0.6972, VaL=1.1427, TeL=1.1049]
Training MLP (kl_div | τ=0.1 | hn=9):  43%|████▎     | 43/100 [05:43<07:24,  7.79s/it, TrL=0.6972, VaL=1.1427, TeL=1.1049]
Training MLP (kl_div | τ=0.1 | hn=9):  43%|████▎     | 43/100 [05:51<07:24,  7.79s/it, TrL=0.6957, VaL=1.1436, TeL=1.1051]
Training MLP (kl_div | τ=0.1 | hn=9):  44%|████▍     | 44/100 [05:51<07:17,  7.81s/it, TrL=0.6957, VaL=1.1436, TeL=1.1051]2026-04-05 10:59:45,599 INFO Early stopping triggered at epoch 44
Training MLP (kl_div | τ=0.1 | hn=9):  44%|████▍     | 44/100 [05:51<07:27,  8.00s/it, TrL=0.6957, VaL=1.1436, TeL=1.1051]
2026-04-05 10:59:45,607 INFO Strict Checkpoint successfully mapped at: checkpoints/squad/hnm_ablation/alignment_mlp_kl_div_tau_0.1_hnm_9.pth
2026-04-05 10:59:46,345 INFO --> Ensuring kl_div | tau=0.1 | hn_k=13 model is statically trained...
2026-04-05 10:59:46,346 INFO Model missing. Triggering training engine for hn_k=13...
2026-04-05 10:59:46,348 INFO Loading data for squad | Target Loss: kl_div | Target Tau: 0.1 | Target HNM: 13
Training MLP (kl_div | τ=0.1 | hn=13):   0%|          | 0/100 [00:00<?, ?it/s]
Training MLP (kl_div | τ=0.1 | hn=13):   0%|          | 0/100 [00:07<?, ?it/s, TrL=1.8556, VaL=1.5437, TeL=1.5191 ★=best]
Training MLP (kl_div | τ=0.1 | hn=13):   1%|          | 1/100 [00:07<12:34,  7.62s/it, TrL=1.8556, VaL=1.5437, TeL=1.5191 ★=best]
Training MLP (kl_div | τ=0.1 | hn=13):   1%|          | 1/100 [00:15<12:34,  7.62s/it, TrL=1.5382, VaL=1.4176, TeL=1.3860 ★=best]
Training MLP (kl_div | τ=0.1 | hn=13):   2%|▏         | 2/100 [00:15<12:31,  7.66s/it, TrL=1.5382, VaL=1.4176, TeL=1.3860 ★=best]
Training MLP (kl_div | τ=0.1 | hn=13):   2%|▏         | 2/100 [00:22<12:31,  7.66s/it, TrL=1.4185, VaL=1.3421, TeL=1.3085 ★=best]
Training MLP (kl_div | τ=0.1 | hn=13):   3%|▎         | 3/100 [00:22<12:18,  7.61s/it, TrL=1.4185, VaL=1.3421, TeL=1.3085 ★=best]
Training MLP (kl_div | τ=0.1 | hn=13):   3%|▎         | 3/100 [00:30<12:18,  7.61s/it, TrL=1.3404, VaL=1.2917, TeL=1.2580 ★=best]
Training MLP (kl_div | τ=0.1 | hn=13):   4%|▍         | 4/100 [00:30<12:09,  7.60s/it, TrL=1.3404, VaL=1.2917, TeL=1.2580 ★=best]
Training MLP (kl_div | τ=0.1 | hn=13):   4%|▍         | 4/100 [00:37<12:09,  7.60s/it, TrL=1.2807, VaL=1.2571, TeL=1.2247 ★=best]
Training MLP (kl_div | τ=0.1 | hn=13):   5%|▌         | 5/100 [00:37<11:57,  7.55s/it, TrL=1.2807, VaL=1.2571, TeL=1.2247 ★=best]
Training MLP (kl_div | τ=0.1 | hn=13):   5%|▌         | 5/100 [00:45<11:57,  7.55s/it, TrL=1.2320, VaL=1.2337, TeL=1.1996 ★=best]
Training MLP (kl_div | τ=0.1 | hn=13):   6%|▌         | 6/100 [00:45<11:48,  7.54s/it, TrL=1.2320, VaL=1.2337, TeL=1.1996 ★=best]
Training MLP (kl_div | τ=0.1 | hn=13):   6%|▌         | 6/100 [00:52<11:48,  7.54s/it, TrL=1.1895, VaL=1.2174, TeL=1.1842 ★=best]
Training MLP (kl_div | τ=0.1 | hn=13):   7%|▋         | 7/100 [00:52<11:40,  7.53s/it, TrL=1.1895, VaL=1.2174, TeL=1.1842 ★=best]
Training MLP (kl_div | τ=0.1 | hn=13):   7%|▋         | 7/100 [01:00<11:40,  7.53s/it, TrL=1.1557, VaL=1.2014, TeL=1.1665 ★=best]
Training MLP (kl_div | τ=0.1 | hn=13):   8%|▊         | 8/100 [01:00<11:34,  7.55s/it, TrL=1.1557, VaL=1.2014, TeL=1.1665 ★=best]
Training MLP (kl_div | τ=0.1 | hn=13):   8%|▊         | 8/100 [01:08<11:34,  7.55s/it, TrL=1.1250, VaL=1.1901, TeL=1.1543 ★=best]
Training MLP (kl_div | τ=0.1 | hn=13):   9%|▉         | 9/100 [01:08<11:28,  7.57s/it, TrL=1.1250, VaL=1.1901, TeL=1.1543 ★=best]
Training MLP (kl_div | τ=0.1 | hn=13):   9%|▉         | 9/100 [01:15<11:28,  7.57s/it, TrL=1.0945, VaL=1.1835, TeL=1.1478 ★=best]
Training MLP (kl_div | τ=0.1 | hn=13):  10%|█         | 10/100 [01:15<11:23,  7.60s/it, TrL=1.0945, VaL=1.1835, TeL=1.1478 ★=best]
Training MLP (kl_div | τ=0.1 | hn=13):  10%|█         | 10/100 [01:23<11:23,  7.60s/it, TrL=1.0688, VaL=1.1803, TeL=1.1427 ★=best]
Training MLP (kl_div | τ=0.1 | hn=13):  11%|█         | 11/100 [01:23<11:19,  7.63s/it, TrL=1.0688, VaL=1.1803, TeL=1.1427 ★=best]
Training MLP (kl_div | τ=0.1 | hn=13):  11%|█         | 11/100 [01:31<11:19,  7.63s/it, TrL=1.0442, VaL=1.1758, TeL=1.1413 ★=best]
Training MLP (kl_div | τ=0.1 | hn=13):  12%|█▏        | 12/100 [01:31<11:13,  7.66s/it, TrL=1.0442, VaL=1.1758, TeL=1.1413 ★=best]
Training MLP (kl_div | τ=0.1 | hn=13):  12%|█▏        | 12/100 [01:38<11:13,  7.66s/it, TrL=1.0233, VaL=1.1667, TeL=1.1360 ★=best]
Training MLP (kl_div | τ=0.1 | hn=13):  13%|█▎        | 13/100 [01:38<11:04,  7.64s/it, TrL=1.0233, VaL=1.1667, TeL=1.1360 ★=best]
Training MLP (kl_div | τ=0.1 | hn=13):  13%|█▎        | 13/100 [01:46<11:04,  7.64s/it, TrL=1.0055, VaL=1.1662, TeL=1.1312 ★=best]
Training MLP (kl_div | τ=0.1 | hn=13):  14%|█▍        | 14/100 [01:46<10:56,  7.63s/it, TrL=1.0055, VaL=1.1662, TeL=1.1312 ★=best]
Training MLP (kl_div | τ=0.1 | hn=13):  14%|█▍        | 14/100 [01:54<10:56,  7.63s/it, TrL=0.9845, VaL=1.1630, TeL=1.1280 ★=best]
Training MLP (kl_div | τ=0.1 | hn=13):  15%|█▌        | 15/100 [01:54<10:50,  7.65s/it, TrL=0.9845, VaL=1.1630, TeL=1.1280 ★=best]
Training MLP (kl_div | τ=0.1 | hn=13):  15%|█▌        | 15/100 [02:01<10:50,  7.65s/it, TrL=0.9692, VaL=1.1636, TeL=1.1276]
Training MLP (kl_div | τ=0.1 | hn=13):  16%|█▌        | 16/100 [02:01<10:41,  7.64s/it, TrL=0.9692, VaL=1.1636, TeL=1.1276]
Training MLP (kl_div | τ=0.1 | hn=13):  16%|█▌        | 16/100 [02:09<10:41,  7.64s/it, TrL=0.9548, VaL=1.1641, TeL=1.1321]
Training MLP (kl_div | τ=0.1 | hn=13):  17%|█▋        | 17/100 [02:09<10:36,  7.67s/it, TrL=0.9548, VaL=1.1641, TeL=1.1321]
Training MLP (kl_div | τ=0.1 | hn=13):  17%|█▋        | 17/100 [02:17<10:36,  7.67s/it, TrL=0.9382, VaL=1.1592, TeL=1.1264 ★=best]
Training MLP (kl_div | τ=0.1 | hn=13):  18%|█▊        | 18/100 [02:17<10:30,  7.69s/it, TrL=0.9382, VaL=1.1592, TeL=1.1264 ★=best]
Training MLP (kl_div | τ=0.1 | hn=13):  18%|█▊        | 18/100 [02:24<10:30,  7.69s/it, TrL=0.9274, VaL=1.1587, TeL=1.1238 ★=best]
Training MLP (kl_div | τ=0.1 | hn=13):  19%|█▉        | 19/100 [02:24<10:21,  7.68s/it, TrL=0.9274, VaL=1.1587, TeL=1.1238 ★=best]
Training MLP (kl_div | τ=0.1 | hn=13):  19%|█▉        | 19/100 [02:32<10:21,  7.68s/it, TrL=0.9151, VaL=1.1562, TeL=1.1218 ★=best]
Training MLP (kl_div | τ=0.1 | hn=13):  20%|██        | 20/100 [02:32<10:13,  7.67s/it, TrL=0.9151, VaL=1.1562, TeL=1.1218 ★=best]
Training MLP (kl_div | τ=0.1 | hn=13):  20%|██        | 20/100 [02:40<10:13,  7.67s/it, TrL=0.9019, VaL=1.1604, TeL=1.1276]
Training MLP (kl_div | τ=0.1 | hn=13):  21%|██        | 21/100 [02:40<10:14,  7.78s/it, TrL=0.9019, VaL=1.1604, TeL=1.1276]
Training MLP (kl_div | τ=0.1 | hn=13):  21%|██        | 21/100 [02:48<10:14,  7.78s/it, TrL=0.8937, VaL=1.1595, TeL=1.1215]
Training MLP (kl_div | τ=0.1 | hn=13):  22%|██▏       | 22/100 [02:48<10:03,  7.74s/it, TrL=0.8937, VaL=1.1595, TeL=1.1215]
Training MLP (kl_div | τ=0.1 | hn=13):  22%|██▏       | 22/100 [02:55<10:03,  7.74s/it, TrL=0.8794, VaL=1.1610, TeL=1.1233]
Training MLP (kl_div | τ=0.1 | hn=13):  23%|██▎       | 23/100 [02:55<09:53,  7.71s/it, TrL=0.8794, VaL=1.1610, TeL=1.1233]
Training MLP (kl_div | τ=0.1 | hn=13):  23%|██▎       | 23/100 [03:03<09:53,  7.71s/it, TrL=0.8729, VaL=1.1599, TeL=1.1241]
Training MLP (kl_div | τ=0.1 | hn=13):  24%|██▍       | 24/100 [03:03<09:46,  7.71s/it, TrL=0.8729, VaL=1.1599, TeL=1.1241]
Training MLP (kl_div | τ=0.1 | hn=13):  24%|██▍       | 24/100 [03:11<09:46,  7.71s/it, TrL=0.8622, VaL=1.1603, TeL=1.1233]
Training MLP (kl_div | τ=0.1 | hn=13):  25%|██▌       | 25/100 [03:11<09:40,  7.74s/it, TrL=0.8622, VaL=1.1603, TeL=1.1233]
Training MLP (kl_div | τ=0.1 | hn=13):  25%|██▌       | 25/100 [03:19<09:40,  7.74s/it, TrL=0.8526, VaL=1.1579, TeL=1.1211]
Training MLP (kl_div | τ=0.1 | hn=13):  26%|██▌       | 26/100 [03:19<09:31,  7.72s/it, TrL=0.8526, VaL=1.1579, TeL=1.1211]
Training MLP (kl_div | τ=0.1 | hn=13):  26%|██▌       | 26/100 [03:26<09:31,  7.72s/it, TrL=0.8471, VaL=1.1591, TeL=1.1208]
Training MLP (kl_div | τ=0.1 | hn=13):  27%|██▋       | 27/100 [03:26<09:22,  7.70s/it, TrL=0.8471, VaL=1.1591, TeL=1.1208]
Training MLP (kl_div | τ=0.1 | hn=13):  27%|██▋       | 27/100 [03:34<09:22,  7.70s/it, TrL=0.8395, VaL=1.1590, TeL=1.1244]
Training MLP (kl_div | τ=0.1 | hn=13):  28%|██▊       | 28/100 [03:34<09:16,  7.72s/it, TrL=0.8395, VaL=1.1590, TeL=1.1244]
Training MLP (kl_div | τ=0.1 | hn=13):  28%|██▊       | 28/100 [03:42<09:16,  7.72s/it, TrL=0.8020, VaL=1.1598, TeL=1.1240]
Training MLP (kl_div | τ=0.1 | hn=13):  29%|██▉       | 29/100 [03:42<09:05,  7.68s/it, TrL=0.8020, VaL=1.1598, TeL=1.1240]
Training MLP (kl_div | τ=0.1 | hn=13):  29%|██▉       | 29/100 [03:49<09:05,  7.68s/it, TrL=0.7926, VaL=1.1592, TeL=1.1224]
Training MLP (kl_div | τ=0.1 | hn=13):  30%|███       | 30/100 [03:49<08:56,  7.67s/it, TrL=0.7926, VaL=1.1592, TeL=1.1224]
Training MLP (kl_div | τ=0.1 | hn=13):  30%|███       | 30/100 [03:57<08:56,  7.67s/it, TrL=0.7820, VaL=1.1566, TeL=1.1172]
Training MLP (kl_div | τ=0.1 | hn=13):  31%|███       | 31/100 [03:57<08:48,  7.66s/it, TrL=0.7820, VaL=1.1566, TeL=1.1172]
Training MLP (kl_div | τ=0.1 | hn=13):  31%|███       | 31/100 [04:05<08:48,  7.66s/it, TrL=0.7810, VaL=1.1596, TeL=1.1197]
Training MLP (kl_div | τ=0.1 | hn=13):  32%|███▏      | 32/100 [04:05<08:46,  7.74s/it, TrL=0.7810, VaL=1.1596, TeL=1.1197]
Training MLP (kl_div | τ=0.1 | hn=13):  32%|███▏      | 32/100 [04:13<08:46,  7.74s/it, TrL=0.7725, VaL=1.1598, TeL=1.1205]
Training MLP (kl_div | τ=0.1 | hn=13):  33%|███▎      | 33/100 [04:13<08:38,  7.75s/it, TrL=0.7725, VaL=1.1598, TeL=1.1205]
Training MLP (kl_div | τ=0.1 | hn=13):  33%|███▎      | 33/100 [04:20<08:38,  7.75s/it, TrL=0.7690, VaL=1.1612, TeL=1.1245]
Training MLP (kl_div | τ=0.1 | hn=13):  34%|███▍      | 34/100 [04:20<08:29,  7.73s/it, TrL=0.7690, VaL=1.1612, TeL=1.1245]
Training MLP (kl_div | τ=0.1 | hn=13):  34%|███▍      | 34/100 [04:28<08:29,  7.73s/it, TrL=0.7651, VaL=1.1604, TeL=1.1251]
Training MLP (kl_div | τ=0.1 | hn=13):  35%|███▌      | 35/100 [04:28<08:21,  7.71s/it, TrL=0.7651, VaL=1.1604, TeL=1.1251]
Training MLP (kl_div | τ=0.1 | hn=13):  35%|███▌      | 35/100 [04:36<08:21,  7.71s/it, TrL=0.7633, VaL=1.1622, TeL=1.1240]
Training MLP (kl_div | τ=0.1 | hn=13):  36%|███▌      | 36/100 [04:36<08:13,  7.71s/it, TrL=0.7633, VaL=1.1622, TeL=1.1240]
Training MLP (kl_div | τ=0.1 | hn=13):  36%|███▌      | 36/100 [04:43<08:13,  7.71s/it, TrL=0.7410, VaL=1.1594, TeL=1.1216]
Training MLP (kl_div | τ=0.1 | hn=13):  37%|███▋      | 37/100 [04:43<08:04,  7.69s/it, TrL=0.7410, VaL=1.1594, TeL=1.1216]
Training MLP (kl_div | τ=0.1 | hn=13):  37%|███▋      | 37/100 [04:51<08:04,  7.69s/it, TrL=0.7381, VaL=1.1613, TeL=1.1238]
Training MLP (kl_div | τ=0.1 | hn=13):  38%|███▊      | 38/100 [04:51<07:55,  7.67s/it, TrL=0.7381, VaL=1.1613, TeL=1.1238]
Training MLP (kl_div | τ=0.1 | hn=13):  38%|███▊      | 38/100 [04:58<07:55,  7.67s/it, TrL=0.7351, VaL=1.1621, TeL=1.1238]
Training MLP (kl_div | τ=0.1 | hn=13):  39%|███▉      | 39/100 [04:58<07:45,  7.64s/it, TrL=0.7351, VaL=1.1621, TeL=1.1238]
Training MLP (kl_div | τ=0.1 | hn=13):  39%|███▉      | 39/100 [05:06<07:45,  7.64s/it, TrL=0.7359, VaL=1.1605, TeL=1.1212]
Training MLP (kl_div | τ=0.1 | hn=13):  40%|████      | 40/100 [05:06<07:40,  7.67s/it, TrL=0.7359, VaL=1.1605, TeL=1.1212]2026-04-05 11:04:53,010 INFO Early stopping triggered at epoch 40
Training MLP (kl_div | τ=0.1 | hn=13):  40%|████      | 40/100 [05:06<07:39,  7.67s/it, TrL=0.7359, VaL=1.1605, TeL=1.1212]
2026-04-05 11:04:53,019 INFO Strict Checkpoint successfully mapped at: checkpoints/squad/hnm_ablation/alignment_mlp_kl_div_tau_0.1_hnm_13.pth
2026-04-05 11:04:53,844 INFO --> Ensuring kl_div | tau=0.1 | hn_k=18 model is statically trained...
2026-04-05 11:04:53,845 INFO Model missing. Triggering training engine for hn_k=18...
2026-04-05 11:04:53,846 INFO Loading data for squad | Target Loss: kl_div | Target Tau: 0.1 | Target HNM: 18
Training MLP (kl_div | τ=0.1 | hn=18):   0%|          | 0/100 [00:00<?, ?it/s]
Training MLP (kl_div | τ=0.1 | hn=18):   0%|          | 0/100 [00:08<?, ?it/s, TrL=1.8868, VaL=1.5766, TeL=1.5471 ★=best]
Training MLP (kl_div | τ=0.1 | hn=18):   1%|          | 1/100 [00:08<13:37,  8.26s/it, TrL=1.8868, VaL=1.5766, TeL=1.5471 ★=best]
Training MLP (kl_div | τ=0.1 | hn=18):   1%|          | 1/100 [00:15<13:37,  8.26s/it, TrL=1.5597, VaL=1.4431, TeL=1.4067 ★=best]
Training MLP (kl_div | τ=0.1 | hn=18):   2%|▏         | 2/100 [00:15<12:55,  7.92s/it, TrL=1.5597, VaL=1.4431, TeL=1.4067 ★=best]
Training MLP (kl_div | τ=0.1 | hn=18):   2%|▏         | 2/100 [00:23<12:55,  7.92s/it, TrL=1.4397, VaL=1.3654, TeL=1.3272 ★=best]
Training MLP (kl_div | τ=0.1 | hn=18):   3%|▎         | 3/100 [00:23<12:38,  7.82s/it, TrL=1.4397, VaL=1.3654, TeL=1.3272 ★=best]
Training MLP (kl_div | τ=0.1 | hn=18):   3%|▎         | 3/100 [00:31<12:38,  7.82s/it, TrL=1.3603, VaL=1.3144, TeL=1.2780 ★=best]
Training MLP (kl_div | τ=0.1 | hn=18):   4%|▍         | 4/100 [00:31<12:22,  7.73s/it, TrL=1.3603, VaL=1.3144, TeL=1.2780 ★=best]
Training MLP (kl_div | τ=0.1 | hn=18):   4%|▍         | 4/100 [00:38<12:22,  7.73s/it, TrL=1.2989, VaL=1.2765, TeL=1.2406 ★=best]
Training MLP (kl_div | τ=0.1 | hn=18):   5%|▌         | 5/100 [00:38<12:06,  7.65s/it, TrL=1.2989, VaL=1.2765, TeL=1.2406 ★=best]
Training MLP (kl_div | τ=0.1 | hn=18):   5%|▌         | 5/100 [00:46<12:06,  7.65s/it, TrL=1.2485, VaL=1.2518, TeL=1.2138 ★=best]
Training MLP (kl_div | τ=0.1 | hn=18):   6%|▌         | 6/100 [00:46<11:58,  7.64s/it, TrL=1.2485, VaL=1.2518, TeL=1.2138 ★=best]
Training MLP (kl_div | τ=0.1 | hn=18):   6%|▌         | 6/100 [00:53<11:58,  7.64s/it, TrL=1.2048, VaL=1.2326, TeL=1.1951 ★=best]
Training MLP (kl_div | τ=0.1 | hn=18):   7%|▋         | 7/100 [00:53<11:49,  7.62s/it, TrL=1.2048, VaL=1.2326, TeL=1.1951 ★=best]
Training MLP (kl_div | τ=0.1 | hn=18):   7%|▋         | 7/100 [01:01<11:49,  7.62s/it, TrL=1.1685, VaL=1.2163, TeL=1.1789 ★=best]
Training MLP (kl_div | τ=0.1 | hn=18):   8%|▊         | 8/100 [01:01<11:48,  7.70s/it, TrL=1.1685, VaL=1.2163, TeL=1.1789 ★=best]
Training MLP (kl_div | τ=0.1 | hn=18):   8%|▊         | 8/100 [01:09<11:48,  7.70s/it, TrL=1.1367, VaL=1.2031, TeL=1.1676 ★=best]
Training MLP (kl_div | τ=0.1 | hn=18):   9%|▉         | 9/100 [01:09<11:38,  7.68s/it, TrL=1.1367, VaL=1.2031, TeL=1.1676 ★=best]
Training MLP (kl_div | τ=0.1 | hn=18):   9%|▉         | 9/100 [01:17<11:38,  7.68s/it, TrL=1.1042, VaL=1.1940, TeL=1.1599 ★=best]
Training MLP (kl_div | τ=0.1 | hn=18):  10%|█         | 10/100 [01:17<11:29,  7.66s/it, TrL=1.1042, VaL=1.1940, TeL=1.1599 ★=best]
Training MLP (kl_div | τ=0.1 | hn=18):  10%|█         | 10/100 [01:24<11:29,  7.66s/it, TrL=1.0832, VaL=1.1921, TeL=1.1504 ★=best]
Training MLP (kl_div | τ=0.1 | hn=18):  11%|█         | 11/100 [01:24<11:21,  7.65s/it, TrL=1.0832, VaL=1.1921, TeL=1.1504 ★=best]
Training MLP (kl_div | τ=0.1 | hn=18):  11%|█         | 11/100 [01:32<11:21,  7.65s/it, TrL=1.0572, VaL=1.1831, TeL=1.1455 ★=best]
Training MLP (kl_div | τ=0.1 | hn=18):  12%|█▏        | 12/100 [01:32<11:13,  7.65s/it, TrL=1.0572, VaL=1.1831, TeL=1.1455 ★=best]
Training MLP (kl_div | τ=0.1 | hn=18):  12%|█▏        | 12/100 [01:39<11:13,  7.65s/it, TrL=1.0380, VaL=1.1815, TeL=1.1354 ★=best]
Training MLP (kl_div | τ=0.1 | hn=18):  13%|█▎        | 13/100 [01:39<11:05,  7.65s/it, TrL=1.0380, VaL=1.1815, TeL=1.1354 ★=best]
Training MLP (kl_div | τ=0.1 | hn=18):  13%|█▎        | 13/100 [01:47<11:05,  7.65s/it, TrL=1.0166, VaL=1.1778, TeL=1.1319 ★=best]
Training MLP (kl_div | τ=0.1 | hn=18):  14%|█▍        | 14/100 [01:47<10:58,  7.66s/it, TrL=1.0166, VaL=1.1778, TeL=1.1319 ★=best]
Training MLP (kl_div | τ=0.1 | hn=18):  14%|█▍        | 14/100 [01:55<10:58,  7.66s/it, TrL=0.9984, VaL=1.1781, TeL=1.1341]
Training MLP (kl_div | τ=0.1 | hn=18):  15%|█▌        | 15/100 [01:55<11:02,  7.80s/it, TrL=0.9984, VaL=1.1781, TeL=1.1341]
Training MLP (kl_div | τ=0.1 | hn=18):  15%|█▌        | 15/100 [02:04<11:02,  7.80s/it, TrL=0.9785, VaL=1.1712, TeL=1.1284 ★=best]
Training MLP (kl_div | τ=0.1 | hn=18):  16%|█▌        | 16/100 [02:04<11:13,  8.02s/it, TrL=0.9785, VaL=1.1712, TeL=1.1284 ★=best]
Training MLP (kl_div | τ=0.1 | hn=18):  16%|█▌        | 16/100 [02:13<11:13,  8.02s/it, TrL=0.9663, VaL=1.1753, TeL=1.1314]
Training MLP (kl_div | τ=0.1 | hn=18):  17%|█▋        | 17/100 [02:13<11:23,  8.24s/it, TrL=0.9663, VaL=1.1753, TeL=1.1314]
Training MLP (kl_div | τ=0.1 | hn=18):  17%|█▋        | 17/100 [02:21<11:23,  8.24s/it, TrL=0.9487, VaL=1.1685, TeL=1.1270 ★=best]
Training MLP (kl_div | τ=0.1 | hn=18):  18%|█▊        | 18/100 [02:21<11:10,  8.17s/it, TrL=0.9487, VaL=1.1685, TeL=1.1270 ★=best]
Training MLP (kl_div | τ=0.1 | hn=18):  18%|█▊        | 18/100 [02:28<11:10,  8.17s/it, TrL=0.9361, VaL=1.1700, TeL=1.1288]
Training MLP (kl_div | τ=0.1 | hn=18):  19%|█▉        | 19/100 [02:28<10:49,  8.01s/it, TrL=0.9361, VaL=1.1700, TeL=1.1288]
Training MLP (kl_div | τ=0.1 | hn=18):  19%|█▉        | 19/100 [02:36<10:49,  8.01s/it, TrL=0.9268, VaL=1.1686, TeL=1.1265]
Training MLP (kl_div | τ=0.1 | hn=18):  20%|██        | 20/100 [02:36<10:32,  7.91s/it, TrL=0.9268, VaL=1.1686, TeL=1.1265]
Training MLP (kl_div | τ=0.1 | hn=18):  20%|██        | 20/100 [02:44<10:32,  7.91s/it, TrL=0.9116, VaL=1.1734, TeL=1.1293]
Training MLP (kl_div | τ=0.1 | hn=18):  21%|██        | 21/100 [02:44<10:18,  7.82s/it, TrL=0.9116, VaL=1.1734, TeL=1.1293]
Training MLP (kl_div | τ=0.1 | hn=18):  21%|██        | 21/100 [02:51<10:18,  7.82s/it, TrL=0.9028, VaL=1.1696, TeL=1.1243]
Training MLP (kl_div | τ=0.1 | hn=18):  22%|██▏       | 22/100 [02:51<10:04,  7.75s/it, TrL=0.9028, VaL=1.1696, TeL=1.1243]
Training MLP (kl_div | τ=0.1 | hn=18):  22%|██▏       | 22/100 [02:59<10:04,  7.75s/it, TrL=0.8906, VaL=1.1679, TeL=1.1272 ★=best]
Training MLP (kl_div | τ=0.1 | hn=18):  23%|██▎       | 23/100 [02:59<09:49,  7.66s/it, TrL=0.8906, VaL=1.1679, TeL=1.1272 ★=best]
Training MLP (kl_div | τ=0.1 | hn=18):  23%|██▎       | 23/100 [03:06<09:49,  7.66s/it, TrL=0.8836, VaL=1.1747, TeL=1.1293]
Training MLP (kl_div | τ=0.1 | hn=18):  24%|██▍       | 24/100 [03:06<09:39,  7.62s/it, TrL=0.8836, VaL=1.1747, TeL=1.1293]
Training MLP (kl_div | τ=0.1 | hn=18):  24%|██▍       | 24/100 [03:14<09:39,  7.62s/it, TrL=0.8718, VaL=1.1785, TeL=1.1327]
Training MLP (kl_div | τ=0.1 | hn=18):  25%|██▌       | 25/100 [03:14<09:27,  7.57s/it, TrL=0.8718, VaL=1.1785, TeL=1.1327]
Training MLP (kl_div | τ=0.1 | hn=18):  25%|██▌       | 25/100 [03:21<09:27,  7.57s/it, TrL=0.8627, VaL=1.1700, TeL=1.1285]
Training MLP (kl_div | τ=0.1 | hn=18):  26%|██▌       | 26/100 [03:21<09:19,  7.56s/it, TrL=0.8627, VaL=1.1700, TeL=1.1285]
Training MLP (kl_div | τ=0.1 | hn=18):  26%|██▌       | 26/100 [03:29<09:19,  7.56s/it, TrL=0.8564, VaL=1.1683, TeL=1.1229]
Training MLP (kl_div | τ=0.1 | hn=18):  27%|██▋       | 27/100 [03:29<09:09,  7.53s/it, TrL=0.8564, VaL=1.1683, TeL=1.1229]
Training MLP (kl_div | τ=0.1 | hn=18):  27%|██▋       | 27/100 [03:36<09:09,  7.53s/it, TrL=0.8529, VaL=1.1727, TeL=1.1252]
Training MLP (kl_div | τ=0.1 | hn=18):  28%|██▊       | 28/100 [03:36<09:01,  7.52s/it, TrL=0.8529, VaL=1.1727, TeL=1.1252]
Training MLP (kl_div | τ=0.1 | hn=18):  28%|██▊       | 28/100 [03:44<09:01,  7.52s/it, TrL=0.8388, VaL=1.1707, TeL=1.1278]
Training MLP (kl_div | τ=0.1 | hn=18):  29%|██▉       | 29/100 [03:44<08:54,  7.53s/it, TrL=0.8388, VaL=1.1707, TeL=1.1278]
Training MLP (kl_div | τ=0.1 | hn=18):  29%|██▉       | 29/100 [03:51<08:54,  7.53s/it, TrL=0.8294, VaL=1.1700, TeL=1.1260]
Training MLP (kl_div | τ=0.1 | hn=18):  30%|███       | 30/100 [03:51<08:48,  7.56s/it, TrL=0.8294, VaL=1.1700, TeL=1.1260]
Training MLP (kl_div | τ=0.1 | hn=18):  30%|███       | 30/100 [03:59<08:48,  7.56s/it, TrL=0.8286, VaL=1.1732, TeL=1.1275]
Training MLP (kl_div | τ=0.1 | hn=18):  31%|███       | 31/100 [03:59<08:44,  7.60s/it, TrL=0.8286, VaL=1.1732, TeL=1.1275]
Training MLP (kl_div | τ=0.1 | hn=18):  31%|███       | 31/100 [04:06<08:44,  7.60s/it, TrL=0.7922, VaL=1.1668, TeL=1.1215 ★=best]
Training MLP (kl_div | τ=0.1 | hn=18):  32%|███▏      | 32/100 [04:06<08:34,  7.57s/it, TrL=0.7922, VaL=1.1668, TeL=1.1215 ★=best]
Training MLP (kl_div | τ=0.1 | hn=18):  32%|███▏      | 32/100 [04:15<08:34,  7.57s/it, TrL=0.7826, VaL=1.1665, TeL=1.1224 ★=best]
Training MLP (kl_div | τ=0.1 | hn=18):  33%|███▎      | 33/100 [04:15<08:44,  7.83s/it, TrL=0.7826, VaL=1.1665, TeL=1.1224 ★=best]
Training MLP (kl_div | τ=0.1 | hn=18):  33%|███▎      | 33/100 [04:23<08:44,  7.83s/it, TrL=0.7759, VaL=1.1725, TeL=1.1298]
Training MLP (kl_div | τ=0.1 | hn=18):  34%|███▍      | 34/100 [04:23<08:42,  7.92s/it, TrL=0.7759, VaL=1.1725, TeL=1.1298]
Training MLP (kl_div | τ=0.1 | hn=18):  34%|███▍      | 34/100 [04:30<08:42,  7.92s/it, TrL=0.7680, VaL=1.1693, TeL=1.1248]
Training MLP (kl_div | τ=0.1 | hn=18):  35%|███▌      | 35/100 [04:30<08:26,  7.80s/it, TrL=0.7680, VaL=1.1693, TeL=1.1248]
Training MLP (kl_div | τ=0.1 | hn=18):  35%|███▌      | 35/100 [04:38<08:26,  7.80s/it, TrL=0.7676, VaL=1.1695, TeL=1.1270]
Training MLP (kl_div | τ=0.1 | hn=18):  36%|███▌      | 36/100 [04:38<08:13,  7.71s/it, TrL=0.7676, VaL=1.1695, TeL=1.1270]
Training MLP (kl_div | τ=0.1 | hn=18):  36%|███▌      | 36/100 [04:46<08:13,  7.71s/it, TrL=0.7577, VaL=1.1696, TeL=1.1253]
Training MLP (kl_div | τ=0.1 | hn=18):  37%|███▋      | 37/100 [04:46<08:02,  7.66s/it, TrL=0.7577, VaL=1.1696, TeL=1.1253]
Training MLP (kl_div | τ=0.1 | hn=18):  37%|███▋      | 37/100 [04:53<08:02,  7.66s/it, TrL=0.7574, VaL=1.1722, TeL=1.1294]
Training MLP (kl_div | τ=0.1 | hn=18):  38%|███▊      | 38/100 [04:53<07:51,  7.60s/it, TrL=0.7574, VaL=1.1722, TeL=1.1294]
Training MLP (kl_div | τ=0.1 | hn=18):  38%|███▊      | 38/100 [05:01<07:51,  7.60s/it, TrL=0.7521, VaL=1.1740, TeL=1.1306]
Training MLP (kl_div | τ=0.1 | hn=18):  39%|███▉      | 39/100 [05:01<07:42,  7.58s/it, TrL=0.7521, VaL=1.1740, TeL=1.1306]
Training MLP (kl_div | τ=0.1 | hn=18):  39%|███▉      | 39/100 [05:08<07:42,  7.58s/it, TrL=0.7469, VaL=1.1735, TeL=1.1299]
Training MLP (kl_div | τ=0.1 | hn=18):  40%|████      | 40/100 [05:08<07:32,  7.54s/it, TrL=0.7469, VaL=1.1735, TeL=1.1299]
Training MLP (kl_div | τ=0.1 | hn=18):  40%|████      | 40/100 [05:16<07:32,  7.54s/it, TrL=0.7483, VaL=1.1758, TeL=1.1299]
Training MLP (kl_div | τ=0.1 | hn=18):  41%|████      | 41/100 [05:16<07:25,  7.56s/it, TrL=0.7483, VaL=1.1758, TeL=1.1299]
Training MLP (kl_div | τ=0.1 | hn=18):  41%|████      | 41/100 [05:23<07:25,  7.56s/it, TrL=0.7258, VaL=1.1718, TeL=1.1283]
Training MLP (kl_div | τ=0.1 | hn=18):  42%|████▏     | 42/100 [05:23<07:17,  7.54s/it, TrL=0.7258, VaL=1.1718, TeL=1.1283]
Training MLP (kl_div | τ=0.1 | hn=18):  42%|████▏     | 42/100 [05:31<07:17,  7.54s/it, TrL=0.7238, VaL=1.1714, TeL=1.1291]
Training MLP (kl_div | τ=0.1 | hn=18):  43%|████▎     | 43/100 [05:31<07:08,  7.52s/it, TrL=0.7238, VaL=1.1714, TeL=1.1291]
Training MLP (kl_div | τ=0.1 | hn=18):  43%|████▎     | 43/100 [05:39<07:08,  7.52s/it, TrL=0.7201, VaL=1.1707, TeL=1.1269]
Training MLP (kl_div | τ=0.1 | hn=18):  44%|████▍     | 44/100 [05:39<07:21,  7.88s/it, TrL=0.7201, VaL=1.1707, TeL=1.1269]
Training MLP (kl_div | τ=0.1 | hn=18):  44%|████▍     | 44/100 [05:47<07:21,  7.88s/it, TrL=0.7211, VaL=1.1703, TeL=1.1280]
Training MLP (kl_div | τ=0.1 | hn=18):  45%|████▌     | 45/100 [05:47<07:18,  7.98s/it, TrL=0.7211, VaL=1.1703, TeL=1.1280]
Training MLP (kl_div | τ=0.1 | hn=18):  45%|████▌     | 45/100 [05:55<07:18,  7.98s/it, TrL=0.7181, VaL=1.1713, TeL=1.1307]
Training MLP (kl_div | τ=0.1 | hn=18):  46%|████▌     | 46/100 [05:55<07:03,  7.84s/it, TrL=0.7181, VaL=1.1713, TeL=1.1307]
Training MLP (kl_div | τ=0.1 | hn=18):  46%|████▌     | 46/100 [06:03<07:03,  7.84s/it, TrL=0.7145, VaL=1.1716, TeL=1.1316]
Training MLP (kl_div | τ=0.1 | hn=18):  47%|████▋     | 47/100 [06:03<06:54,  7.82s/it, TrL=0.7145, VaL=1.1716, TeL=1.1316]
Training MLP (kl_div | τ=0.1 | hn=18):  47%|████▋     | 47/100 [06:12<06:54,  7.82s/it, TrL=0.7130, VaL=1.1705, TeL=1.1298]
Training MLP (kl_div | τ=0.1 | hn=18):  48%|████▊     | 48/100 [06:12<07:07,  8.22s/it, TrL=0.7130, VaL=1.1705, TeL=1.1298]
Training MLP (kl_div | τ=0.1 | hn=18):  48%|████▊     | 48/100 [06:20<07:07,  8.22s/it, TrL=0.7136, VaL=1.1711, TeL=1.1284]
Training MLP (kl_div | τ=0.1 | hn=18):  49%|████▉     | 49/100 [06:20<06:52,  8.09s/it, TrL=0.7136, VaL=1.1711, TeL=1.1284]
Training MLP (kl_div | τ=0.1 | hn=18):  49%|████▉     | 49/100 [06:27<06:52,  8.09s/it, TrL=0.7014, VaL=1.1705, TeL=1.1307]
Training MLP (kl_div | τ=0.1 | hn=18):  50%|█████     | 50/100 [06:27<06:39,  8.00s/it, TrL=0.7014, VaL=1.1705, TeL=1.1307]
Training MLP (kl_div | τ=0.1 | hn=18):  50%|█████     | 50/100 [06:36<06:39,  8.00s/it, TrL=0.6983, VaL=1.1703, TeL=1.1297]
Training MLP (kl_div | τ=0.1 | hn=18):  51%|█████     | 51/100 [06:36<06:36,  8.09s/it, TrL=0.6983, VaL=1.1703, TeL=1.1297]
Training MLP (kl_div | τ=0.1 | hn=18):  51%|█████     | 51/100 [06:44<06:36,  8.09s/it, TrL=0.7014, VaL=1.1710, TeL=1.1303]
Training MLP (kl_div | τ=0.1 | hn=18):  52%|█████▏    | 52/100 [06:44<06:32,  8.19s/it, TrL=0.7014, VaL=1.1710, TeL=1.1303]
Training MLP (kl_div | τ=0.1 | hn=18):  52%|█████▏    | 52/100 [06:52<06:32,  8.19s/it, TrL=0.6982, VaL=1.1713, TeL=1.1305]
Training MLP (kl_div | τ=0.1 | hn=18):  53%|█████▎    | 53/100 [06:52<06:21,  8.13s/it, TrL=0.6982, VaL=1.1713, TeL=1.1305]2026-04-05 11:11:46,529 INFO Early stopping triggered at epoch 53
Training MLP (kl_div | τ=0.1 | hn=18):  53%|█████▎    | 53/100 [06:52<06:05,  7.79s/it, TrL=0.6982, VaL=1.1713, TeL=1.1305]
2026-04-05 11:11:46,537 INFO Strict Checkpoint successfully mapped at: checkpoints/squad/hnm_ablation/alignment_mlp_kl_div_tau_0.1_hnm_18.pth
Benchmarking (mlp):   0%|          | 0/91223 [00:00<?, ?it/s]
Benchmarking (mlp):   0%|          | 264/91223 [00:00<00:34, 2633.13it/s]
Benchmarking (mlp):   1%|          | 534/91223 [00:00<00:33, 2668.69it/s]
Benchmarking (mlp):   1%|          | 803/91223 [00:00<00:33, 2667.00it/s]
Benchmarking (mlp):   1%|          | 1073/91223 [00:00<00:33, 2679.30it/s]
Benchmarking (mlp):   1%|▏         | 1341/91223 [00:00<00:33, 2676.30it/s]
Benchmarking (mlp):   2%|▏         | 1612/91223 [00:00<00:33, 2685.10it/s]
Benchmarking (mlp):   2%|▏         | 1882/91223 [00:00<00:33, 2687.97it/s]
Benchmarking (mlp):   2%|▏         | 2153/91223 [00:00<00:33, 2694.27it/s]
Benchmarking (mlp):   3%|▎         | 2425/91223 [00:00<00:32, 2699.46it/s]
Benchmarking (mlp):   3%|▎         | 2695/91223 [00:01<00:32, 2699.36it/s]
Benchmarking (mlp):   3%|▎         | 2969/91223 [00:01<00:32, 2710.48it/s]
Benchmarking (mlp):   4%|▎         | 3241/91223 [00:01<00:32, 2712.33it/s]
Benchmarking (mlp):   4%|▍         | 3513/91223 [00:01<00:32, 2706.14it/s]
Benchmarking (mlp):   4%|▍         | 3784/91223 [00:01<00:32, 2703.58it/s]
Benchmarking (mlp):   4%|▍         | 4055/91223 [00:01<00:32, 2687.48it/s]
Benchmarking (mlp):   5%|▍         | 4327/91223 [00:01<00:32, 2694.56it/s]
Benchmarking (mlp):   5%|▌         | 4600/91223 [00:01<00:32, 2704.69it/s]
Benchmarking (mlp):   5%|▌         | 4871/91223 [00:01<00:32, 2686.98it/s]
Benchmarking (mlp):   6%|▌         | 5140/91223 [00:01<00:32, 2680.22it/s]
Benchmarking (mlp):   6%|▌         | 5414/91223 [00:02<00:31, 2695.33it/s]
Benchmarking (mlp):   6%|▌         | 5688/91223 [00:02<00:31, 2708.21it/s]
Benchmarking (mlp):   7%|▋         | 5959/91223 [00:02<00:31, 2703.08it/s]
Benchmarking (mlp):   7%|▋         | 6230/91223 [00:02<00:31, 2699.61it/s]
Benchmarking (mlp):   7%|▋         | 6500/91223 [00:02<00:31, 2695.33it/s]
Benchmarking (mlp):   7%|▋         | 6770/91223 [00:02<00:31, 2673.41it/s]
Benchmarking (mlp):   8%|▊         | 7038/91223 [00:02<00:31, 2655.63it/s]
Benchmarking (mlp):   8%|▊         | 7308/91223 [00:02<00:31, 2666.67it/s]
Benchmarking (mlp):   8%|▊         | 7575/91223 [00:02<00:31, 2665.84it/s]
Benchmarking (mlp):   9%|▊         | 7845/91223 [00:02<00:31, 2673.83it/s]
Benchmarking (mlp):   9%|▉         | 8114/91223 [00:03<00:31, 2676.02it/s]
Benchmarking (mlp):   9%|▉         | 8388/91223 [00:03<00:30, 2693.22it/s]
Benchmarking (mlp):   9%|▉         | 8660/91223 [00:03<00:30, 2698.56it/s]
Benchmarking (mlp):  10%|▉         | 8939/91223 [00:03<00:30, 2723.25it/s]
Benchmarking (mlp):  10%|█         | 9212/91223 [00:03<00:30, 2721.00it/s]
Benchmarking (mlp):  10%|█         | 9485/91223 [00:03<00:30, 2719.22it/s]
Benchmarking (mlp):  11%|█         | 9757/91223 [00:03<00:30, 2711.11it/s]
Benchmarking (mlp):  11%|█         | 10029/91223 [00:03<00:30, 2679.22it/s]
Benchmarking (mlp):  11%|█▏        | 10298/91223 [00:03<00:30, 2675.46it/s]
Benchmarking (mlp):  12%|█▏        | 10573/91223 [00:03<00:29, 2695.95it/s]
Benchmarking (mlp):  12%|█▏        | 10843/91223 [00:04<00:29, 2684.07it/s]
Benchmarking (mlp):  12%|█▏        | 11112/91223 [00:04<00:30, 2668.01it/s]
Benchmarking (mlp):  12%|█▏        | 11379/91223 [00:04<00:30, 2657.78it/s]
Benchmarking (mlp):  13%|█▎        | 11645/91223 [00:04<00:30, 2625.14it/s]
Benchmarking (mlp):  13%|█▎        | 11908/91223 [00:04<00:30, 2583.09it/s]
Benchmarking (mlp):  13%|█▎        | 12171/91223 [00:04<00:30, 2594.83it/s]
Benchmarking (mlp):  14%|█▎        | 12431/91223 [00:04<00:30, 2570.71it/s]
Benchmarking (mlp):  14%|█▍        | 12701/91223 [00:04<00:30, 2604.36it/s]
Benchmarking (mlp):  14%|█▍        | 12968/91223 [00:04<00:29, 2622.47it/s]
Benchmarking (mlp):  15%|█▍        | 13240/91223 [00:04<00:29, 2648.95it/s]
Benchmarking (mlp):  15%|█▍        | 13510/91223 [00:05<00:29, 2661.43it/s]
Benchmarking (mlp):  15%|█▌        | 13777/91223 [00:05<00:29, 2643.68it/s]
Benchmarking (mlp):  15%|█▌        | 14045/91223 [00:05<00:29, 2649.86it/s]
Benchmarking (mlp):  16%|█▌        | 14323/91223 [00:05<00:28, 2685.81it/s]
Benchmarking (mlp):  16%|█▌        | 14595/91223 [00:05<00:28, 2693.94it/s]
Benchmarking (mlp):  16%|█▋        | 14869/91223 [00:05<00:28, 2705.39it/s]
Benchmarking (mlp):  17%|█▋        | 15148/91223 [00:05<00:27, 2728.37it/s]
Benchmarking (mlp):  17%|█▋        | 15423/91223 [00:05<00:27, 2734.68it/s]
Benchmarking (mlp):  17%|█▋        | 15701/91223 [00:05<00:27, 2747.07it/s]
Benchmarking (mlp):  18%|█▊        | 15976/91223 [00:05<00:27, 2734.11it/s]
Benchmarking (mlp):  18%|█▊        | 16250/91223 [00:06<00:27, 2724.44it/s]
Benchmarking (mlp):  18%|█▊        | 16523/91223 [00:06<00:27, 2698.00it/s]
Benchmarking (mlp):  18%|█▊        | 16793/91223 [00:06<00:27, 2669.80it/s]
Benchmarking (mlp):  19%|█▊        | 17061/91223 [00:06<00:27, 2658.22it/s]
Benchmarking (mlp):  19%|█▉        | 17333/91223 [00:06<00:27, 2675.75it/s]
Benchmarking (mlp):  19%|█▉        | 17601/91223 [00:06<00:27, 2655.03it/s]
Benchmarking (mlp):  20%|█▉        | 17867/91223 [00:06<00:27, 2650.77it/s]
Benchmarking (mlp):  20%|█▉        | 18133/91223 [00:06<00:27, 2615.58it/s]
Benchmarking (mlp):  20%|██        | 18395/91223 [00:06<00:28, 2561.28it/s]
Benchmarking (mlp):  20%|██        | 18672/91223 [00:06<00:27, 2616.57it/s]
Benchmarking (mlp):  21%|██        | 18941/91223 [00:07<00:27, 2635.84it/s]
Benchmarking (mlp):  21%|██        | 19213/91223 [00:07<00:27, 2646.94it/s]
Benchmarking (mlp):  21%|██▏       | 19481/91223 [00:07<00:27, 2656.15it/s]
Benchmarking (mlp):  22%|██▏       | 19747/91223 [00:07<00:27, 2601.41it/s]
Benchmarking (mlp):  22%|██▏       | 20018/91223 [00:07<00:27, 2632.69it/s]
Benchmarking (mlp):  22%|██▏       | 20294/91223 [00:07<00:26, 2669.76it/s]
Benchmarking (mlp):  23%|██▎       | 20564/91223 [00:07<00:26, 2676.84it/s]
Benchmarking (mlp):  23%|██▎       | 20832/91223 [00:07<00:26, 2651.30it/s]
Benchmarking (mlp):  23%|██▎       | 21103/91223 [00:07<00:26, 2668.53it/s]
Benchmarking (mlp):  23%|██▎       | 21371/91223 [00:07<00:26, 2671.77it/s]
Benchmarking (mlp):  24%|██▎       | 21639/91223 [00:08<00:26, 2660.19it/s]
Benchmarking (mlp):  24%|██▍       | 21916/91223 [00:08<00:25, 2691.13it/s]
Benchmarking (mlp):  24%|██▍       | 22186/91223 [00:08<00:25, 2679.29it/s]
Benchmarking (mlp):  25%|██▍       | 22462/91223 [00:08<00:25, 2702.06it/s]
Benchmarking (mlp):  25%|██▍       | 22733/91223 [00:08<00:25, 2700.51it/s]
Benchmarking (mlp):  25%|██▌       | 23004/91223 [00:08<00:25, 2702.85it/s]
Benchmarking (mlp):  26%|██▌       | 23275/91223 [00:08<00:25, 2670.13it/s]
Benchmarking (mlp):  26%|██▌       | 23543/91223 [00:08<00:25, 2668.48it/s]
Benchmarking (mlp):  26%|██▌       | 23814/91223 [00:08<00:25, 2678.19it/s]
Benchmarking (mlp):  26%|██▋       | 24083/91223 [00:09<00:25, 2680.75it/s]
Benchmarking (mlp):  27%|██▋       | 24352/91223 [00:09<00:25, 2657.69it/s]
Benchmarking (mlp):  27%|██▋       | 24621/91223 [00:09<00:24, 2665.45it/s]
Benchmarking (mlp):  27%|██▋       | 24888/91223 [00:09<00:24, 2665.04it/s]
Benchmarking (mlp):  28%|██▊       | 25162/91223 [00:09<00:24, 2685.43it/s]
Benchmarking (mlp):  28%|██▊       | 25431/91223 [00:09<00:24, 2678.70it/s]
Benchmarking (mlp):  28%|██▊       | 25699/91223 [00:09<00:24, 2655.65it/s]
Benchmarking (mlp):  28%|██▊       | 25965/91223 [00:09<00:24, 2648.28it/s]
Benchmarking (mlp):  29%|██▉       | 26237/91223 [00:09<00:24, 2669.50it/s]
Benchmarking (mlp):  29%|██▉       | 26504/91223 [00:09<00:24, 2659.76it/s]
Benchmarking (mlp):  29%|██▉       | 26775/91223 [00:10<00:24, 2674.66it/s]
Benchmarking (mlp):  30%|██▉       | 27047/91223 [00:10<00:23, 2687.14it/s]
Benchmarking (mlp):  30%|██▉       | 27317/91223 [00:10<00:23, 2690.24it/s]
Benchmarking (mlp):  30%|███       | 27587/91223 [00:10<00:24, 2644.85it/s]
Benchmarking (mlp):  31%|███       | 27857/91223 [00:10<00:23, 2660.01it/s]
Benchmarking (mlp):  31%|███       | 28126/91223 [00:10<00:23, 2666.01it/s]
Benchmarking (mlp):  31%|███       | 28398/91223 [00:10<00:23, 2679.66it/s]
Benchmarking (mlp):  31%|███▏      | 28670/91223 [00:10<00:23, 2691.10it/s]
Benchmarking (mlp):  32%|███▏      | 28944/91223 [00:10<00:23, 2704.31it/s]
Benchmarking (mlp):  32%|███▏      | 29220/91223 [00:10<00:22, 2718.49it/s]
Benchmarking (mlp):  32%|███▏      | 29492/91223 [00:11<00:22, 2715.33it/s]
Benchmarking (mlp):  33%|███▎      | 29766/91223 [00:11<00:22, 2722.19it/s]
Benchmarking (mlp):  33%|███▎      | 30040/91223 [00:11<00:22, 2726.07it/s]
Benchmarking (mlp):  33%|███▎      | 30313/91223 [00:11<00:22, 2694.14it/s]
Benchmarking (mlp):  34%|███▎      | 30586/91223 [00:11<00:22, 2703.93it/s]
Benchmarking (mlp):  34%|███▍      | 30857/91223 [00:11<00:22, 2688.67it/s]
Benchmarking (mlp):  34%|███▍      | 31135/91223 [00:11<00:22, 2714.69it/s]
Benchmarking (mlp):  34%|███▍      | 31410/91223 [00:11<00:21, 2725.05it/s]
Benchmarking (mlp):  35%|███▍      | 31688/91223 [00:11<00:21, 2738.96it/s]
Benchmarking (mlp):  35%|███▌      | 31966/91223 [00:11<00:21, 2749.56it/s]
Benchmarking (mlp):  35%|███▌      | 32241/91223 [00:12<00:21, 2731.57it/s]
Benchmarking (mlp):  36%|███▌      | 32515/91223 [00:12<00:21, 2723.30it/s]
Benchmarking (mlp):  36%|███▌      | 32788/91223 [00:12<00:21, 2705.67it/s]
Benchmarking (mlp):  36%|███▌      | 33063/91223 [00:12<00:21, 2716.34it/s]
Benchmarking (mlp):  37%|███▋      | 33337/91223 [00:12<00:21, 2722.64it/s]
Benchmarking (mlp):  37%|███▋      | 33610/91223 [00:12<00:21, 2713.24it/s]
Benchmarking (mlp):  37%|███▋      | 33882/91223 [00:12<00:21, 2689.02it/s]
Benchmarking (mlp):  37%|███▋      | 34155/91223 [00:12<00:21, 2699.77it/s]
Benchmarking (mlp):  38%|███▊      | 34429/91223 [00:12<00:20, 2709.37it/s]
Benchmarking (mlp):  38%|███▊      | 34700/91223 [00:12<00:21, 2670.19it/s]
Benchmarking (mlp):  38%|███▊      | 34978/91223 [00:13<00:20, 2702.02it/s]
Benchmarking (mlp):  39%|███▊      | 35249/91223 [00:13<00:20, 2700.98it/s]
Benchmarking (mlp):  39%|███▉      | 35520/91223 [00:13<00:20, 2665.40it/s]
Benchmarking (mlp):  39%|███▉      | 35787/91223 [00:13<00:20, 2645.93it/s]
Benchmarking (mlp):  40%|███▉      | 36052/91223 [00:13<00:21, 2606.62it/s]
Benchmarking (mlp):  40%|███▉      | 36322/91223 [00:13<00:20, 2631.29it/s]
Benchmarking (mlp):  40%|████      | 36588/91223 [00:13<00:20, 2638.64it/s]
Benchmarking (mlp):  40%|████      | 36852/91223 [00:13<00:20, 2611.94it/s]
Benchmarking (mlp):  41%|████      | 37123/91223 [00:13<00:20, 2639.00it/s]
Benchmarking (mlp):  41%|████      | 37390/91223 [00:13<00:20, 2647.49it/s]
Benchmarking (mlp):  41%|████▏     | 37655/91223 [00:14<00:20, 2636.19it/s]
Benchmarking (mlp):  42%|████▏     | 37919/91223 [00:14<00:20, 2622.03it/s]
Benchmarking (mlp):  42%|████▏     | 38182/91223 [00:14<00:20, 2597.94it/s]
Benchmarking (mlp):  42%|████▏     | 38449/91223 [00:14<00:20, 2617.16it/s]
Benchmarking (mlp):  42%|████▏     | 38711/91223 [00:14<00:20, 2587.30it/s]
Benchmarking (mlp):  43%|████▎     | 38970/91223 [00:14<00:20, 2568.57it/s]
Benchmarking (mlp):  43%|████▎     | 39227/91223 [00:14<00:20, 2561.91it/s]
Benchmarking (mlp):  43%|████▎     | 39486/91223 [00:14<00:20, 2570.09it/s]
Benchmarking (mlp):  44%|████▎     | 39744/91223 [00:14<00:20, 2571.40it/s]
Benchmarking (mlp):  44%|████▍     | 40007/91223 [00:14<00:19, 2587.17it/s]
Benchmarking (mlp):  44%|████▍     | 40270/91223 [00:15<00:19, 2599.44it/s]
Benchmarking (mlp):  44%|████▍     | 40536/91223 [00:15<00:19, 2617.44it/s]
Benchmarking (mlp):  45%|████▍     | 40813/91223 [00:15<00:18, 2661.53it/s]
Benchmarking (mlp):  45%|████▌     | 41080/91223 [00:15<00:18, 2660.59it/s]
Benchmarking (mlp):  45%|████▌     | 41352/91223 [00:15<00:18, 2677.74it/s]
Benchmarking (mlp):  46%|████▌     | 41620/91223 [00:15<00:18, 2640.13it/s]
Benchmarking (mlp):  46%|████▌     | 41885/91223 [00:15<00:18, 2630.20it/s]
Benchmarking (mlp):  46%|████▌     | 42151/91223 [00:15<00:18, 2638.53it/s]
Benchmarking (mlp):  47%|████▋     | 42421/91223 [00:15<00:18, 2656.21it/s]
Benchmarking (mlp):  47%|████▋     | 42687/91223 [00:15<00:18, 2655.45it/s]
Benchmarking (mlp):  47%|████▋     | 42953/91223 [00:16<00:18, 2647.84it/s]
Benchmarking (mlp):  47%|████▋     | 43223/91223 [00:16<00:18, 2661.73it/s]
Benchmarking (mlp):  48%|████▊     | 43490/91223 [00:16<00:17, 2660.97it/s]
Benchmarking (mlp):  48%|████▊     | 43763/91223 [00:16<00:17, 2680.82it/s]
Benchmarking (mlp):  48%|████▊     | 44032/91223 [00:16<00:17, 2633.04it/s]
Benchmarking (mlp):  49%|████▊     | 44300/91223 [00:16<00:17, 2644.33it/s]
Benchmarking (mlp):  49%|████▉     | 44565/91223 [00:16<00:17, 2645.70it/s]
Benchmarking (mlp):  49%|████▉     | 44830/91223 [00:16<00:17, 2642.73it/s]
Benchmarking (mlp):  49%|████▉     | 45099/91223 [00:16<00:17, 2655.37it/s]
Benchmarking (mlp):  50%|████▉     | 45374/91223 [00:16<00:17, 2681.95it/s]
Benchmarking (mlp):  50%|█████     | 45644/91223 [00:17<00:16, 2685.86it/s]
Benchmarking (mlp):  50%|█████     | 45913/91223 [00:17<00:17, 2664.58it/s]
Benchmarking (mlp):  51%|█████     | 46184/91223 [00:17<00:16, 2677.97it/s]
Benchmarking (mlp):  51%|█████     | 46455/91223 [00:17<00:16, 2686.14it/s]
Benchmarking (mlp):  51%|█████     | 46724/91223 [00:17<00:16, 2662.46it/s]
Benchmarking (mlp):  52%|█████▏    | 46991/91223 [00:17<00:16, 2657.93it/s]
Benchmarking (mlp):  52%|█████▏    | 47258/91223 [00:17<00:16, 2660.78it/s]
Benchmarking (mlp):  52%|█████▏    | 47525/91223 [00:17<00:16, 2642.14it/s]
Benchmarking (mlp):  52%|█████▏    | 47790/91223 [00:17<00:16, 2640.41it/s]
Benchmarking (mlp):  53%|█████▎    | 48055/91223 [00:18<00:16, 2614.33it/s]
Benchmarking (mlp):  53%|█████▎    | 48319/91223 [00:18<00:16, 2621.12it/s]
Benchmarking (mlp):  53%|█████▎    | 48582/91223 [00:18<00:16, 2620.03it/s]
Benchmarking (mlp):  54%|█████▎    | 48845/91223 [00:18<00:16, 2583.33it/s]
Benchmarking (mlp):  54%|█████▍    | 49116/91223 [00:18<00:16, 2618.10it/s]
Benchmarking (mlp):  54%|█████▍    | 49379/91223 [00:18<00:15, 2620.40it/s]
Benchmarking (mlp):  54%|█████▍    | 49642/91223 [00:18<00:16, 2564.99it/s]
Benchmarking (mlp):  55%|█████▍    | 49909/91223 [00:18<00:15, 2595.50it/s]
Benchmarking (mlp):  55%|█████▍    | 50172/91223 [00:18<00:15, 2604.02it/s]
Benchmarking (mlp):  55%|█████▌    | 50437/91223 [00:18<00:15, 2615.79it/s]
Benchmarking (mlp):  56%|█████▌    | 50700/91223 [00:19<00:15, 2618.40it/s]
Benchmarking (mlp):  56%|█████▌    | 50972/91223 [00:19<00:15, 2648.20it/s]
Benchmarking (mlp):  56%|█████▌    | 51237/91223 [00:19<00:15, 2631.57it/s]
Benchmarking (mlp):  56%|█████▋    | 51501/91223 [00:19<00:15, 2627.35it/s]
Benchmarking (mlp):  57%|█████▋    | 51775/91223 [00:19<00:14, 2660.04it/s]
Benchmarking (mlp):  57%|█████▋    | 52047/91223 [00:19<00:14, 2675.16it/s]
Benchmarking (mlp):  57%|█████▋    | 52321/91223 [00:19<00:14, 2692.08it/s]
Benchmarking (mlp):  58%|█████▊    | 52591/91223 [00:19<00:14, 2693.59it/s]
Benchmarking (mlp):  58%|█████▊    | 52861/91223 [00:19<00:14, 2690.64it/s]
Benchmarking (mlp):  58%|█████▊    | 53131/91223 [00:19<00:14, 2655.60it/s]
Benchmarking (mlp):  59%|█████▊    | 53397/91223 [00:20<00:14, 2621.92it/s]
Benchmarking (mlp):  59%|█████▉    | 53660/91223 [00:20<00:14, 2563.19it/s]
Benchmarking (mlp):  59%|█████▉    | 53917/91223 [00:20<00:14, 2529.72it/s]
Benchmarking (mlp):  59%|█████▉    | 54177/91223 [00:20<00:14, 2548.88it/s]
Benchmarking (mlp):  60%|█████▉    | 54438/91223 [00:20<00:14, 2562.96it/s]
Benchmarking (mlp):  60%|█████▉    | 54696/91223 [00:20<00:14, 2566.59it/s]
Benchmarking (mlp):  60%|██████    | 54953/91223 [00:20<00:14, 2561.38it/s]
Benchmarking (mlp):  61%|██████    | 55225/91223 [00:20<00:13, 2605.96it/s]
Benchmarking (mlp):  61%|██████    | 55491/91223 [00:20<00:13, 2621.91it/s]
Benchmarking (mlp):  61%|██████    | 55754/91223 [00:20<00:13, 2598.15it/s]
Benchmarking (mlp):  61%|██████▏   | 56023/91223 [00:21<00:13, 2624.40it/s]
Benchmarking (mlp):  62%|██████▏   | 56296/91223 [00:21<00:13, 2655.53it/s]
Benchmarking (mlp):  62%|██████▏   | 56568/91223 [00:21<00:12, 2674.10it/s]
Benchmarking (mlp):  62%|██████▏   | 56838/91223 [00:21<00:12, 2681.32it/s]
Benchmarking (mlp):  63%|██████▎   | 57107/91223 [00:21<00:12, 2682.63it/s]
Benchmarking (mlp):  63%|██████▎   | 57376/91223 [00:21<00:12, 2678.22it/s]
Benchmarking (mlp):  63%|██████▎   | 57649/91223 [00:21<00:12, 2693.63it/s]
Benchmarking (mlp):  63%|██████▎   | 57925/91223 [00:21<00:12, 2712.24it/s]
Benchmarking (mlp):  64%|██████▍   | 58199/91223 [00:21<00:12, 2720.02it/s]
Benchmarking (mlp):  64%|██████▍   | 58472/91223 [00:21<00:12, 2693.32it/s]
Benchmarking (mlp):  64%|██████▍   | 58743/91223 [00:22<00:12, 2696.34it/s]
Benchmarking (mlp):  65%|██████▍   | 59013/91223 [00:22<00:11, 2696.55it/s]
Benchmarking (mlp):  65%|██████▍   | 59283/91223 [00:22<00:11, 2671.21it/s]
Benchmarking (mlp):  65%|██████▌   | 59551/91223 [00:22<00:11, 2649.50it/s]
Benchmarking (mlp):  66%|██████▌   | 59817/91223 [00:22<00:11, 2649.62it/s]
Benchmarking (mlp):  66%|██████▌   | 60083/91223 [00:22<00:11, 2637.22it/s]
Benchmarking (mlp):  66%|██████▌   | 60348/91223 [00:22<00:11, 2639.16it/s]
Benchmarking (mlp):  66%|██████▋   | 60619/91223 [00:22<00:11, 2658.23it/s]
Benchmarking (mlp):  67%|██████▋   | 60885/91223 [00:22<00:11, 2649.89it/s]
Benchmarking (mlp):  67%|██████▋   | 61151/91223 [00:22<00:11, 2645.08it/s]
Benchmarking (mlp):  67%|██████▋   | 61416/91223 [00:23<00:11, 2629.72it/s]
Benchmarking (mlp):  68%|██████▊   | 61683/91223 [00:23<00:11, 2640.28it/s]
Benchmarking (mlp):  68%|██████▊   | 61948/91223 [00:23<00:11, 2642.75it/s]
Benchmarking (mlp):  68%|██████▊   | 62213/91223 [00:23<00:11, 2630.03it/s]
Benchmarking (mlp):  68%|██████▊   | 62477/91223 [00:23<00:10, 2632.71it/s]
Benchmarking (mlp):  69%|██████▉   | 62741/91223 [00:23<00:10, 2603.67it/s]
Benchmarking (mlp):  69%|██████▉   | 63006/91223 [00:23<00:10, 2616.35it/s]
Benchmarking (mlp):  69%|██████▉   | 63268/91223 [00:23<00:10, 2588.99it/s]
Benchmarking (mlp):  70%|██████▉   | 63538/91223 [00:23<00:10, 2620.95it/s]
Benchmarking (mlp):  70%|██████▉   | 63801/91223 [00:23<00:10, 2595.00it/s]
Benchmarking (mlp):  70%|███████   | 64068/91223 [00:24<00:10, 2615.21it/s]
Benchmarking (mlp):  71%|███████   | 64330/91223 [00:24<00:10, 2604.35it/s]
Benchmarking (mlp):  71%|███████   | 64591/91223 [00:24<00:10, 2605.18it/s]
Benchmarking (mlp):  71%|███████   | 64860/91223 [00:24<00:10, 2628.84it/s]
Benchmarking (mlp):  71%|███████▏  | 65123/91223 [00:24<00:09, 2610.03it/s]
Benchmarking (mlp):  72%|███████▏  | 65394/91223 [00:24<00:09, 2637.92it/s]
Benchmarking (mlp):  72%|███████▏  | 65660/91223 [00:24<00:09, 2642.55it/s]
Benchmarking (mlp):  72%|███████▏  | 65925/91223 [00:24<00:09, 2633.89it/s]
Benchmarking (mlp):  73%|███████▎  | 66195/91223 [00:24<00:09, 2651.67it/s]
Benchmarking (mlp):  73%|███████▎  | 66471/91223 [00:24<00:09, 2683.39it/s]
Benchmarking (mlp):  73%|███████▎  | 66743/91223 [00:25<00:09, 2693.15it/s]
Benchmarking (mlp):  73%|███████▎  | 67013/91223 [00:25<00:09, 2685.21it/s]
Benchmarking (mlp):  74%|███████▍  | 67285/91223 [00:25<00:08, 2692.88it/s]
Benchmarking (mlp):  74%|███████▍  | 67563/91223 [00:25<00:08, 2718.00it/s]
Benchmarking (mlp):  74%|███████▍  | 67840/91223 [00:25<00:08, 2730.93it/s]
Benchmarking (mlp):  75%|███████▍  | 68119/91223 [00:25<00:08, 2746.08it/s]
Benchmarking (mlp):  75%|███████▍  | 68394/91223 [00:25<00:08, 2731.85it/s]
Benchmarking (mlp):  75%|███████▌  | 68669/91223 [00:25<00:08, 2734.55it/s]
Benchmarking (mlp):  76%|███████▌  | 68944/91223 [00:25<00:08, 2738.59it/s]
Benchmarking (mlp):  76%|███████▌  | 69218/91223 [00:26<00:08, 2737.90it/s]
Benchmarking (mlp):  76%|███████▌  | 69492/91223 [00:26<00:08, 2710.53it/s]
Benchmarking (mlp):  76%|███████▋  | 69764/91223 [00:26<00:08, 2665.36it/s]
Benchmarking (mlp):  77%|███████▋  | 70038/91223 [00:26<00:07, 2684.52it/s]
Benchmarking (mlp):  77%|███████▋  | 70307/91223 [00:26<00:07, 2672.16it/s]
Benchmarking (mlp):  77%|███████▋  | 70581/91223 [00:26<00:07, 2689.82it/s]
Benchmarking (mlp):  78%|███████▊  | 70851/91223 [00:26<00:07, 2655.37it/s]
Benchmarking (mlp):  78%|███████▊  | 71117/91223 [00:26<00:07, 2616.23it/s]
Benchmarking (mlp):  78%|███████▊  | 71379/91223 [00:26<00:07, 2585.91it/s]
Benchmarking (mlp):  79%|███████▊  | 71644/91223 [00:26<00:07, 2604.52it/s]
Benchmarking (mlp):  79%|███████▉  | 71905/91223 [00:27<00:07, 2601.86it/s]
Benchmarking (mlp):  79%|███████▉  | 72168/91223 [00:27<00:07, 2603.57it/s]
Benchmarking (mlp):  79%|███████▉  | 72429/91223 [00:27<00:07, 2594.90it/s]
Benchmarking (mlp):  80%|███████▉  | 72689/91223 [00:27<00:07, 2540.00it/s]
Benchmarking (mlp):  80%|███████▉  | 72948/91223 [00:27<00:07, 2554.43it/s]
Benchmarking (mlp):  80%|████████  | 73204/91223 [00:27<00:07, 2503.63it/s]
Benchmarking (mlp):  81%|████████  | 73473/91223 [00:27<00:06, 2555.43it/s]
Benchmarking (mlp):  81%|████████  | 73729/91223 [00:27<00:06, 2545.46it/s]
Benchmarking (mlp):  81%|████████  | 73990/91223 [00:27<00:06, 2562.03it/s]
Benchmarking (mlp):  81%|████████▏ | 74247/91223 [00:27<00:06, 2559.34it/s]
Benchmarking (mlp):  82%|████████▏ | 74504/91223 [00:28<00:06, 2517.23it/s]
Benchmarking (mlp):  82%|████████▏ | 74764/91223 [00:28<00:06, 2539.60it/s]
Benchmarking (mlp):  82%|████████▏ | 75019/91223 [00:28<00:06, 2475.58it/s]
Benchmarking (mlp):  83%|████████▎ | 75267/91223 [00:28<00:06, 2461.36it/s]
Benchmarking (mlp):  83%|████████▎ | 75514/91223 [00:28<00:06, 2424.51it/s]
Benchmarking (mlp):  83%|████████▎ | 75772/91223 [00:28<00:06, 2466.85it/s]
Benchmarking (mlp):  83%|████████▎ | 76032/91223 [00:28<00:06, 2504.38it/s]
Benchmarking (mlp):  84%|████████▎ | 76292/91223 [00:28<00:05, 2531.93it/s]
Benchmarking (mlp):  84%|████████▍ | 76552/91223 [00:28<00:05, 2551.63it/s]
Benchmarking (mlp):  84%|████████▍ | 76814/91223 [00:28<00:05, 2569.92it/s]
Benchmarking (mlp):  85%|████████▍ | 77084/91223 [00:29<00:05, 2606.93it/s]
Benchmarking (mlp):  85%|████████▍ | 77351/91223 [00:29<00:05, 2624.77it/s]
Benchmarking (mlp):  85%|████████▌ | 77614/91223 [00:29<00:05, 2622.07it/s]
Benchmarking (mlp):  85%|████████▌ | 77877/91223 [00:29<00:05, 2613.74it/s]
Benchmarking (mlp):  86%|████████▌ | 78142/91223 [00:29<00:04, 2619.93it/s]
Benchmarking (mlp):  86%|████████▌ | 78409/91223 [00:29<00:04, 2633.40it/s]
Benchmarking (mlp):  86%|████████▌ | 78677/91223 [00:29<00:04, 2644.37it/s]
Benchmarking (mlp):  87%|████████▋ | 78943/91223 [00:29<00:04, 2648.86it/s]
Benchmarking (mlp):  87%|████████▋ | 79208/91223 [00:29<00:04, 2638.72it/s]
Benchmarking (mlp):  87%|████████▋ | 79472/91223 [00:29<00:04, 2626.70it/s]
Benchmarking (mlp):  87%|████████▋ | 79735/91223 [00:30<00:04, 2625.68it/s]
Benchmarking (mlp):  88%|████████▊ | 79998/91223 [00:30<00:04, 2493.40it/s]
Benchmarking (mlp):  88%|████████▊ | 80251/91223 [00:30<00:04, 2502.22it/s]
Benchmarking (mlp):  88%|████████▊ | 80503/91223 [00:30<00:04, 2495.10it/s]
Benchmarking (mlp):  89%|████████▊ | 80775/91223 [00:30<00:04, 2558.47it/s]
Benchmarking (mlp):  89%|████████▉ | 81032/91223 [00:30<00:04, 2530.98it/s]
Benchmarking (mlp):  89%|████████▉ | 81290/91223 [00:30<00:03, 2543.78it/s]
Benchmarking (mlp):  89%|████████▉ | 81555/91223 [00:30<00:03, 2573.84it/s]
Benchmarking (mlp):  90%|████████▉ | 81813/91223 [00:30<00:03, 2539.96it/s]
Benchmarking (mlp):  90%|████████▉ | 82072/91223 [00:31<00:03, 2554.05it/s]
Benchmarking (mlp):  90%|█████████ | 82332/91223 [00:31<00:03, 2566.02it/s]
Benchmarking (mlp):  91%|█████████ | 82595/91223 [00:31<00:03, 2583.72it/s]
Benchmarking (mlp):  91%|█████████ | 82854/91223 [00:31<00:03, 2577.43it/s]
Benchmarking (mlp):  91%|█████████ | 83122/91223 [00:31<00:03, 2607.47it/s]
Benchmarking (mlp):  91%|█████████▏| 83387/91223 [00:31<00:02, 2618.66it/s]
Benchmarking (mlp):  92%|█████████▏| 83661/91223 [00:31<00:02, 2654.37it/s]
Benchmarking (mlp):  92%|█████████▏| 83927/91223 [00:31<00:02, 2638.32it/s]
Benchmarking (mlp):  92%|█████████▏| 84191/91223 [00:31<00:02, 2635.94it/s]
Benchmarking (mlp):  93%|█████████▎| 84455/91223 [00:31<00:02, 2625.75it/s]
Benchmarking (mlp):  93%|█████████▎| 84718/91223 [00:32<00:02, 2622.75it/s]
Benchmarking (mlp):  93%|█████████▎| 84981/91223 [00:32<00:02, 2542.59it/s]
Benchmarking (mlp):  93%|█████████▎| 85240/91223 [00:32<00:02, 2556.29it/s]
Benchmarking (mlp):  94%|█████████▎| 85497/91223 [00:32<00:02, 2518.89it/s]
Benchmarking (mlp):  94%|█████████▍| 85769/91223 [00:32<00:02, 2576.15it/s]
Benchmarking (mlp):  94%|█████████▍| 86027/91223 [00:32<00:02, 2570.85it/s]
Benchmarking (mlp):  95%|█████████▍| 86285/91223 [00:32<00:01, 2532.21it/s]
Benchmarking (mlp):  95%|█████████▍| 86545/91223 [00:32<00:01, 2549.56it/s]
Benchmarking (mlp):  95%|█████████▌| 86803/91223 [00:32<00:01, 2556.49it/s]
Benchmarking (mlp):  95%|█████████▌| 87059/91223 [00:32<00:01, 2527.24it/s]
Benchmarking (mlp):  96%|█████████▌| 87321/91223 [00:33<00:01, 2553.15it/s]
Benchmarking (mlp):  96%|█████████▌| 87577/91223 [00:33<00:01, 2539.85it/s]
Benchmarking (mlp):  96%|█████████▋| 87837/91223 [00:33<00:01, 2556.90it/s]
Benchmarking (mlp):  97%|█████████▋| 88093/91223 [00:33<00:01, 2549.80it/s]
Benchmarking (mlp):  97%|█████████▋| 88349/91223 [00:33<00:01, 2538.59it/s]
Benchmarking (mlp):  97%|█████████▋| 88620/91223 [00:33<00:01, 2587.28it/s]
Benchmarking (mlp):  97%|█████████▋| 88894/91223 [00:33<00:00, 2631.77it/s]
Benchmarking (mlp):  98%|█████████▊| 89158/91223 [00:33<00:00, 2591.08it/s]
Benchmarking (mlp):  98%|█████████▊| 89429/91223 [00:33<00:00, 2624.96it/s]
Benchmarking (mlp):  98%|█████████▊| 89692/91223 [00:33<00:00, 2622.80it/s]
Benchmarking (mlp):  99%|█████████▊| 89957/91223 [00:34<00:00, 2628.24it/s]
Benchmarking (mlp):  99%|█████████▉| 90220/91223 [00:34<00:00, 2626.87it/s]
Benchmarking (mlp):  99%|█████████▉| 90487/91223 [00:34<00:00, 2636.60it/s]
Benchmarking (mlp):  99%|█████████▉| 90758/91223 [00:34<00:00, 2657.91it/s]
Benchmarking (mlp): 100%|█████████▉| 91030/91223 [00:34<00:00, 2674.20it/s]
Benchmarking (mlp):   0%|          | 0/26063 [00:00<?, ?it/s]
Benchmarking (mlp):   1%|          | 254/26063 [00:00<00:10, 2538.99it/s]
Benchmarking (mlp):   2%|▏         | 518/26063 [00:00<00:09, 2594.09it/s]
Benchmarking (mlp):   3%|▎         | 792/26063 [00:00<00:09, 2660.12it/s]
Benchmarking (mlp):   4%|▍         | 1060/26063 [00:00<00:09, 2667.89it/s]
Benchmarking (mlp):   5%|▌         | 1332/26063 [00:00<00:09, 2683.17it/s]
Benchmarking (mlp):   6%|▌         | 1601/26063 [00:00<00:09, 2681.37it/s]
Benchmarking (mlp):   7%|▋         | 1870/26063 [00:00<00:09, 2658.79it/s]
Benchmarking (mlp):   8%|▊         | 2140/26063 [00:00<00:08, 2670.99it/s]
Benchmarking (mlp):   9%|▉         | 2414/26063 [00:00<00:08, 2690.65it/s]
Benchmarking (mlp):  10%|█         | 2684/26063 [00:01<00:08, 2677.96it/s]
Benchmarking (mlp):  11%|█▏        | 2957/26063 [00:01<00:08, 2690.98it/s]
Benchmarking (mlp):  12%|█▏        | 3229/26063 [00:01<00:08, 2698.82it/s]
Benchmarking (mlp):  13%|█▎        | 3506/26063 [00:01<00:08, 2717.93it/s]
Benchmarking (mlp):  15%|█▍        | 3784/26063 [00:01<00:08, 2735.60it/s]
Benchmarking (mlp):  16%|█▌        | 4058/26063 [00:01<00:08, 2727.44it/s]
Benchmarking (mlp):  17%|█▋        | 4333/26063 [00:01<00:07, 2732.23it/s]
Benchmarking (mlp):  18%|█▊        | 4608/26063 [00:01<00:07, 2735.87it/s]
Benchmarking (mlp):  19%|█▊        | 4882/26063 [00:01<00:07, 2726.75it/s]
Benchmarking (mlp):  20%|█▉        | 5158/26063 [00:01<00:07, 2733.91it/s]
Benchmarking (mlp):  21%|██        | 5432/26063 [00:02<00:07, 2731.73it/s]
Benchmarking (mlp):  22%|██▏       | 5710/26063 [00:02<00:07, 2744.47it/s]
Benchmarking (mlp):  23%|██▎       | 5985/26063 [00:02<00:07, 2739.92it/s]
Benchmarking (mlp):  24%|██▍       | 6261/26063 [00:02<00:07, 2743.29it/s]
Benchmarking (mlp):  25%|██▌       | 6536/26063 [00:02<00:07, 2744.87it/s]
Benchmarking (mlp):  26%|██▌       | 6811/26063 [00:02<00:07, 2717.69it/s]
Benchmarking (mlp):  27%|██▋       | 7088/26063 [00:02<00:06, 2730.38it/s]
Benchmarking (mlp):  28%|██▊       | 7362/26063 [00:02<00:06, 2731.09it/s]
Benchmarking (mlp):  29%|██▉       | 7641/26063 [00:02<00:06, 2746.47it/s]
Benchmarking (mlp):  30%|███       | 7919/26063 [00:02<00:06, 2755.44it/s]
Benchmarking (mlp):  31%|███▏      | 8195/26063 [00:03<00:06, 2743.66it/s]
Benchmarking (mlp):  32%|███▏      | 8470/26063 [00:03<00:06, 2737.84it/s]
Benchmarking (mlp):  34%|███▎      | 8744/26063 [00:03<00:06, 2714.55it/s]
Benchmarking (mlp):  35%|███▍      | 9017/26063 [00:03<00:06, 2718.78it/s]
Benchmarking (mlp):  36%|███▌      | 9292/26063 [00:03<00:06, 2727.80it/s]
Benchmarking (mlp):  37%|███▋      | 9568/26063 [00:03<00:06, 2731.02it/s]
Benchmarking (mlp):  38%|███▊      | 9844/26063 [00:03<00:05, 2739.41it/s]
Benchmarking (mlp):  39%|███▉      | 10121/26063 [00:03<00:05, 2745.70it/s]
Benchmarking (mlp):  40%|███▉      | 10401/26063 [00:03<00:05, 2761.55it/s]
Benchmarking (mlp):  41%|████      | 10680/26063 [00:03<00:05, 2769.18it/s]
Benchmarking (mlp):  42%|████▏     | 10957/26063 [00:04<00:05, 2729.20it/s]
Benchmarking (mlp):  43%|████▎     | 11235/26063 [00:04<00:05, 2743.79it/s]
Benchmarking (mlp):  44%|████▍     | 11510/26063 [00:04<00:05, 2738.30it/s]
Benchmarking (mlp):  45%|████▌     | 11784/26063 [00:04<00:05, 2714.85it/s]
Benchmarking (mlp):  46%|████▋     | 12058/26063 [00:04<00:05, 2720.43it/s]
Benchmarking (mlp):  47%|████▋     | 12336/26063 [00:04<00:05, 2736.94it/s]
Benchmarking (mlp):  48%|████▊     | 12611/26063 [00:04<00:04, 2740.76it/s]
Benchmarking (mlp):  49%|████▉     | 12890/26063 [00:04<00:04, 2754.75it/s]
Benchmarking (mlp):  51%|█████     | 13166/26063 [00:04<00:04, 2748.37it/s]
Benchmarking (mlp):  52%|█████▏    | 13441/26063 [00:04<00:04, 2741.61it/s]
Benchmarking (mlp):  53%|█████▎    | 13716/26063 [00:05<00:04, 2723.54it/s]
Benchmarking (mlp):  54%|█████▎    | 13992/26063 [00:05<00:04, 2731.41it/s]
Benchmarking (mlp):  55%|█████▍    | 14271/26063 [00:05<00:04, 2747.16it/s]
Benchmarking (mlp):  56%|█████▌    | 14546/26063 [00:05<00:04, 2735.48it/s]
Benchmarking (mlp):  57%|█████▋    | 14822/26063 [00:05<00:04, 2741.95it/s]
Benchmarking (mlp):  58%|█████▊    | 15098/26063 [00:05<00:03, 2746.73it/s]
Benchmarking (mlp):  59%|█████▉    | 15373/26063 [00:05<00:03, 2731.32it/s]
Benchmarking (mlp):  60%|██████    | 15647/26063 [00:05<00:03, 2705.49it/s]
Benchmarking (mlp):  61%|██████    | 15920/26063 [00:05<00:03, 2710.75it/s]
Benchmarking (mlp):  62%|██████▏   | 16200/26063 [00:05<00:03, 2734.82it/s]
Benchmarking (mlp):  63%|██████▎   | 16474/26063 [00:06<00:03, 2731.82it/s]
Benchmarking (mlp):  64%|██████▍   | 16748/26063 [00:06<00:03, 2726.25it/s]
Benchmarking (mlp):  65%|██████▌   | 17021/26063 [00:06<00:03, 2725.84it/s]
Benchmarking (mlp):  66%|██████▋   | 17298/26063 [00:06<00:03, 2736.64it/s]
Benchmarking (mlp):  67%|██████▋   | 17572/26063 [00:06<00:03, 2718.08it/s]
Benchmarking (mlp):  68%|██████▊   | 17846/26063 [00:06<00:03, 2724.07it/s]
Benchmarking (mlp):  70%|██████▉   | 18121/26063 [00:06<00:02, 2729.37it/s]
Benchmarking (mlp):  71%|███████   | 18397/26063 [00:06<00:02, 2737.46it/s]
Benchmarking (mlp):  72%|███████▏  | 18671/26063 [00:06<00:02, 2720.10it/s]
Benchmarking (mlp):  73%|███████▎  | 18944/26063 [00:06<00:02, 2695.89it/s]
Benchmarking (mlp):  74%|███████▎  | 19221/26063 [00:07<00:02, 2714.94it/s]
Benchmarking (mlp):  75%|███████▍  | 19501/26063 [00:07<00:02, 2738.08it/s]
Benchmarking (mlp):  76%|███████▌  | 19780/26063 [00:07<00:02, 2752.85it/s]
Benchmarking (mlp):  77%|███████▋  | 20056/26063 [00:07<00:02, 2739.58it/s]
Benchmarking (mlp):  78%|███████▊  | 20331/26063 [00:07<00:02, 2733.90it/s]
Benchmarking (mlp):  79%|███████▉  | 20605/26063 [00:07<00:01, 2733.37it/s]
Benchmarking (mlp):  80%|████████  | 20885/26063 [00:07<00:01, 2751.13it/s]
Benchmarking (mlp):  81%|████████  | 21161/26063 [00:07<00:01, 2682.12it/s]
Benchmarking (mlp):  82%|████████▏ | 21430/26063 [00:07<00:01, 2656.94it/s]
Benchmarking (mlp):  83%|████████▎ | 21696/26063 [00:07<00:01, 2641.83it/s]
Benchmarking (mlp):  84%|████████▍ | 21967/26063 [00:08<00:01, 2659.68it/s]
Benchmarking (mlp):  85%|████████▌ | 22234/26063 [00:08<00:01, 2633.96it/s]
Benchmarking (mlp):  86%|████████▋ | 22498/26063 [00:08<00:01, 2633.71it/s]
Benchmarking (mlp):  87%|████████▋ | 22775/26063 [00:08<00:01, 2671.43it/s]
Benchmarking (mlp):  88%|████████▊ | 23047/26063 [00:08<00:01, 2683.55it/s]
Benchmarking (mlp):  89%|████████▉ | 23323/26063 [00:08<00:01, 2704.56it/s]
Benchmarking (mlp):  91%|█████████ | 23594/26063 [00:08<00:00, 2698.82it/s]
Benchmarking (mlp):  92%|█████████▏| 23871/26063 [00:08<00:00, 2718.90it/s]
Benchmarking (mlp):  93%|█████████▎| 24143/26063 [00:08<00:00, 2714.70it/s]
Benchmarking (mlp):  94%|█████████▎| 24419/26063 [00:08<00:00, 2726.45it/s]
Benchmarking (mlp):  95%|█████████▍| 24692/26063 [00:09<00:00, 2711.01it/s]
Benchmarking (mlp):  96%|█████████▌| 24964/26063 [00:09<00:00, 2705.20it/s]
Benchmarking (mlp):  97%|█████████▋| 25242/26063 [00:09<00:00, 2726.05it/s]
Benchmarking (mlp):  98%|█████████▊| 25515/26063 [00:09<00:00, 2726.07it/s]
Benchmarking (mlp):  99%|█████████▉| 25788/26063 [00:09<00:00, 2710.83it/s]
Benchmarking (mlp): 100%|█████████▉| 26062/26063 [00:09<00:00, 2718.22it/s]
Benchmarking (mlp):   0%|          | 0/13033 [00:00<?, ?it/s]
Benchmarking (mlp):   2%|▏         | 275/13033 [00:00<00:04, 2748.43it/s]
Benchmarking (mlp):   4%|▍         | 550/13033 [00:00<00:04, 2725.80it/s]
Benchmarking (mlp):   6%|▋         | 826/13033 [00:00<00:04, 2740.63it/s]
Benchmarking (mlp):   8%|▊         | 1103/13033 [00:00<00:04, 2748.73it/s]
Benchmarking (mlp):  11%|█         | 1378/13033 [00:00<00:04, 2724.34it/s]
Benchmarking (mlp):  13%|█▎        | 1652/13033 [00:00<00:04, 2728.85it/s]
Benchmarking (mlp):  15%|█▍        | 1925/13033 [00:00<00:04, 2703.40it/s]
Benchmarking (mlp):  17%|█▋        | 2203/13033 [00:00<00:03, 2726.30it/s]
Benchmarking (mlp):  19%|█▉        | 2483/13033 [00:00<00:03, 2748.41it/s]
Benchmarking (mlp):  21%|██        | 2758/13033 [00:01<00:03, 2731.05it/s]
Benchmarking (mlp):  23%|██▎       | 3036/13033 [00:01<00:03, 2743.66it/s]
Benchmarking (mlp):  25%|██▌       | 3311/13033 [00:01<00:03, 2735.91it/s]
Benchmarking (mlp):  28%|██▊       | 3591/13033 [00:01<00:03, 2753.30it/s]
Benchmarking (mlp):  30%|██▉       | 3867/13033 [00:01<00:03, 2754.98it/s]
Benchmarking (mlp):  32%|███▏      | 4143/13033 [00:01<00:03, 2744.16it/s]
Benchmarking (mlp):  34%|███▍      | 4418/13033 [00:01<00:03, 2704.86it/s]
Benchmarking (mlp):  36%|███▌      | 4698/13033 [00:01<00:03, 2731.39it/s]
Benchmarking (mlp):  38%|███▊      | 4980/13033 [00:01<00:02, 2757.28it/s]
Benchmarking (mlp):  40%|████      | 5263/13033 [00:01<00:02, 2777.13it/s]
Benchmarking (mlp):  43%|████▎     | 5541/13033 [00:02<00:02, 2754.38it/s]
Benchmarking (mlp):  45%|████▍     | 5817/13033 [00:02<00:02, 2733.12it/s]
Benchmarking (mlp):  47%|████▋     | 6091/13033 [00:02<00:02, 2729.82it/s]
Benchmarking (mlp):  49%|████▉     | 6369/13033 [00:02<00:02, 2744.00it/s]
Benchmarking (mlp):  51%|█████     | 6644/13033 [00:02<00:02, 2742.80it/s]
Benchmarking (mlp):  53%|█████▎    | 6919/13033 [00:02<00:02, 2698.42it/s]
Benchmarking (mlp):  55%|█████▌    | 7191/13033 [00:02<00:02, 2703.26it/s]
Benchmarking (mlp):  57%|█████▋    | 7464/13033 [00:02<00:02, 2709.68it/s]
Benchmarking (mlp):  59%|█████▉    | 7736/13033 [00:02<00:01, 2688.27it/s]
Benchmarking (mlp):  61%|██████▏   | 8015/13033 [00:02<00:01, 2716.42it/s]
Benchmarking (mlp):  64%|██████▎   | 8287/13033 [00:03<00:01, 2685.65it/s]
Benchmarking (mlp):  66%|██████▌   | 8564/13033 [00:03<00:01, 2709.39it/s]
Benchmarking (mlp):  68%|██████▊   | 8836/13033 [00:03<00:01, 2674.43it/s]
Benchmarking (mlp):  70%|██████▉   | 9115/13033 [00:03<00:01, 2706.42it/s]
Benchmarking (mlp):  72%|███████▏  | 9393/13033 [00:03<00:01, 2727.41it/s]
Benchmarking (mlp):  74%|███████▍  | 9666/13033 [00:03<00:01, 2622.02it/s]
Benchmarking (mlp):  76%|███████▌  | 9930/13033 [00:03<00:01, 2620.56it/s]
Benchmarking (mlp):  78%|███████▊  | 10200/13033 [00:03<00:01, 2643.05it/s]
Benchmarking (mlp):  80%|████████  | 10465/13033 [00:03<00:00, 2634.39it/s]
Benchmarking (mlp):  82%|████████▏ | 10737/13033 [00:03<00:00, 2659.06it/s]
Benchmarking (mlp):  85%|████████▍ | 11014/13033 [00:04<00:00, 2689.83it/s]
Benchmarking (mlp):  87%|████████▋ | 11292/13033 [00:04<00:00, 2715.52it/s]
Benchmarking (mlp):  89%|████████▉ | 11568/13033 [00:04<00:00, 2728.48it/s]
Benchmarking (mlp):  91%|█████████ | 11844/13033 [00:04<00:00, 2737.09it/s]
Benchmarking (mlp):  93%|█████████▎| 12123/13033 [00:04<00:00, 2752.87it/s]
Benchmarking (mlp):  95%|█████████▌| 12400/13033 [00:04<00:00, 2756.68it/s]
Benchmarking (mlp):  97%|█████████▋| 12676/13033 [00:04<00:00, 2743.32it/s]
Benchmarking (mlp):  99%|█████████▉| 12951/13033 [00:04<00:00, 2712.26it/s]
Benchmarking (mlp):   0%|          | 0/91223 [00:00<?, ?it/s]
Benchmarking (mlp):   0%|          | 277/91223 [00:00<00:32, 2766.34it/s]
Benchmarking (mlp):   1%|          | 554/91223 [00:00<00:33, 2719.56it/s]
Benchmarking (mlp):   1%|          | 827/91223 [00:00<00:33, 2687.11it/s]
Benchmarking (mlp):   1%|          | 1105/91223 [00:00<00:33, 2720.72it/s]
Benchmarking (mlp):   2%|▏         | 1381/91223 [00:00<00:32, 2733.65it/s]
Benchmarking (mlp):   2%|▏         | 1655/91223 [00:00<00:32, 2720.38it/s]
Benchmarking (mlp):   2%|▏         | 1934/91223 [00:00<00:32, 2742.33it/s]
Benchmarking (mlp):   2%|▏         | 2210/91223 [00:00<00:32, 2747.75it/s]
Benchmarking (mlp):   3%|▎         | 2485/91223 [00:00<00:32, 2747.74it/s]
Benchmarking (mlp):   3%|▎         | 2760/91223 [00:01<00:32, 2743.07it/s]
Benchmarking (mlp):   3%|▎         | 3035/91223 [00:01<00:32, 2726.35it/s]
Benchmarking (mlp):   4%|▎         | 3308/91223 [00:01<00:32, 2704.95it/s]
Benchmarking (mlp):   4%|▍         | 3588/91223 [00:01<00:32, 2731.63it/s]
Benchmarking (mlp):   4%|▍         | 3868/91223 [00:01<00:31, 2750.10it/s]
Benchmarking (mlp):   5%|▍         | 4148/91223 [00:01<00:31, 2764.80it/s]
Benchmarking (mlp):   5%|▍         | 4428/91223 [00:01<00:31, 2774.84it/s]
Benchmarking (mlp):   5%|▌         | 4707/91223 [00:01<00:31, 2776.89it/s]
Benchmarking (mlp):   5%|▌         | 4990/91223 [00:01<00:30, 2791.96it/s]
Benchmarking (mlp):   6%|▌         | 5272/91223 [00:01<00:30, 2799.17it/s]
Benchmarking (mlp):   6%|▌         | 5552/91223 [00:02<00:30, 2788.99it/s]
Benchmarking (mlp):   6%|▋         | 5831/91223 [00:02<00:30, 2777.24it/s]
Benchmarking (mlp):   7%|▋         | 6109/91223 [00:02<00:30, 2767.98it/s]
Benchmarking (mlp):   7%|▋         | 6387/91223 [00:02<00:30, 2771.30it/s]
Benchmarking (mlp):   7%|▋         | 6666/91223 [00:02<00:30, 2774.93it/s]
Benchmarking (mlp):   8%|▊         | 6946/91223 [00:02<00:30, 2782.04it/s]
Benchmarking (mlp):   8%|▊         | 7225/91223 [00:02<00:30, 2779.87it/s]
Benchmarking (mlp):   8%|▊         | 7503/91223 [00:02<00:30, 2762.82it/s]
Benchmarking (mlp):   9%|▊         | 7783/91223 [00:02<00:30, 2771.11it/s]
Benchmarking (mlp):   9%|▉         | 8061/91223 [00:02<00:30, 2763.14it/s]
Benchmarking (mlp):   9%|▉         | 8338/91223 [00:03<00:30, 2721.43it/s]
Benchmarking (mlp):   9%|▉         | 8611/91223 [00:03<00:30, 2712.71it/s]
Benchmarking (mlp):  10%|▉         | 8888/91223 [00:03<00:30, 2727.41it/s]
Benchmarking (mlp):  10%|█         | 9165/91223 [00:03<00:29, 2738.44it/s]
Benchmarking (mlp):  10%|█         | 9444/91223 [00:03<00:29, 2752.74it/s]
Benchmarking (mlp):  11%|█         | 9720/91223 [00:03<00:29, 2725.45it/s]
Benchmarking (mlp):  11%|█         | 9997/91223 [00:03<00:29, 2735.86it/s]
Benchmarking (mlp):  11%|█▏        | 10271/91223 [00:03<00:29, 2712.32it/s]
Benchmarking (mlp):  12%|█▏        | 10543/91223 [00:03<00:29, 2709.39it/s]
Benchmarking (mlp):  12%|█▏        | 10814/91223 [00:03<00:30, 2610.59it/s]
Benchmarking (mlp):  12%|█▏        | 11090/91223 [00:04<00:30, 2652.51it/s]
Benchmarking (mlp):  12%|█▏        | 11367/91223 [00:04<00:29, 2685.80it/s]
Benchmarking (mlp):  13%|█▎        | 11641/91223 [00:04<00:29, 2701.54it/s]
Benchmarking (mlp):  13%|█▎        | 11912/91223 [00:04<00:29, 2694.25it/s]
Benchmarking (mlp):  13%|█▎        | 12182/91223 [00:04<00:30, 2628.05it/s]
Benchmarking (mlp):  14%|█▎        | 12446/91223 [00:04<00:30, 2614.61it/s]
Benchmarking (mlp):  14%|█▍        | 12708/91223 [00:04<00:30, 2591.20it/s]
Benchmarking (mlp):  14%|█▍        | 12973/91223 [00:04<00:30, 2605.75it/s]
Benchmarking (mlp):  15%|█▍        | 13234/91223 [00:04<00:30, 2597.30it/s]
Benchmarking (mlp):  15%|█▍        | 13499/91223 [00:04<00:29, 2609.38it/s]
Benchmarking (mlp):  15%|█▌        | 13761/91223 [00:05<00:30, 2579.77it/s]
Benchmarking (mlp):  15%|█▌        | 14030/91223 [00:05<00:29, 2610.08it/s]
Benchmarking (mlp):  16%|█▌        | 14301/91223 [00:05<00:29, 2638.67it/s]
Benchmarking (mlp):  16%|█▌        | 14579/91223 [00:05<00:28, 2679.89it/s]
Benchmarking (mlp):  16%|█▋        | 14848/91223 [00:05<00:28, 2665.30it/s]
Benchmarking (mlp):  17%|█▋        | 15120/91223 [00:05<00:28, 2680.17it/s]
Benchmarking (mlp):  17%|█▋        | 15389/91223 [00:05<00:28, 2655.44it/s]
Benchmarking (mlp):  17%|█▋        | 15662/91223 [00:05<00:28, 2676.86it/s]
Benchmarking (mlp):  17%|█▋        | 15934/91223 [00:05<00:27, 2689.59it/s]
Benchmarking (mlp):  18%|█▊        | 16212/91223 [00:05<00:27, 2715.96it/s]
Benchmarking (mlp):  18%|█▊        | 16484/91223 [00:06<00:27, 2712.71it/s]
Benchmarking (mlp):  18%|█▊        | 16756/91223 [00:06<00:27, 2710.61it/s]
Benchmarking (mlp):  19%|█▊        | 17031/91223 [00:06<00:27, 2720.37it/s]
Benchmarking (mlp):  19%|█▉        | 17306/91223 [00:06<00:27, 2727.85it/s]
Benchmarking (mlp):  19%|█▉        | 17579/91223 [00:06<00:27, 2660.20it/s]
Benchmarking (mlp):  20%|█▉        | 17848/91223 [00:06<00:27, 2666.80it/s]
Benchmarking (mlp):  20%|█▉        | 18120/91223 [00:06<00:27, 2681.40it/s]
Benchmarking (mlp):  20%|██        | 18395/91223 [00:06<00:26, 2699.06it/s]
Benchmarking (mlp):  20%|██        | 18666/91223 [00:06<00:27, 2685.79it/s]
Benchmarking (mlp):  21%|██        | 18935/91223 [00:06<00:27, 2675.44it/s]
Benchmarking (mlp):  21%|██        | 19203/91223 [00:07<00:27, 2652.81it/s]
Benchmarking (mlp):  21%|██▏       | 19469/91223 [00:07<00:27, 2613.56it/s]
Benchmarking (mlp):  22%|██▏       | 19731/91223 [00:07<00:27, 2606.59it/s]
Benchmarking (mlp):  22%|██▏       | 20000/91223 [00:07<00:27, 2630.02it/s]
Benchmarking (mlp):  22%|██▏       | 20269/91223 [00:07<00:26, 2644.99it/s]
Benchmarking (mlp):  23%|██▎       | 20536/91223 [00:07<00:26, 2650.98it/s]
Benchmarking (mlp):  23%|██▎       | 20806/91223 [00:07<00:26, 2663.38it/s]
Benchmarking (mlp):  23%|██▎       | 21073/91223 [00:07<00:26, 2656.17it/s]
Benchmarking (mlp):  23%|██▎       | 21343/91223 [00:07<00:26, 2666.71it/s]
Benchmarking (mlp):  24%|██▎       | 21617/91223 [00:08<00:25, 2688.36it/s]
Benchmarking (mlp):  24%|██▍       | 21891/91223 [00:08<00:25, 2701.95it/s]
Benchmarking (mlp):  24%|██▍       | 22166/91223 [00:08<00:25, 2714.06it/s]
Benchmarking (mlp):  25%|██▍       | 22438/91223 [00:08<00:25, 2713.49it/s]
Benchmarking (mlp):  25%|██▍       | 22713/91223 [00:08<00:25, 2723.97it/s]
Benchmarking (mlp):  25%|██▌       | 22986/91223 [00:08<00:25, 2718.97it/s]
Benchmarking (mlp):  25%|██▌       | 23258/91223 [00:08<00:25, 2717.64it/s]
Benchmarking (mlp):  26%|██▌       | 23537/91223 [00:08<00:24, 2737.94it/s]
Benchmarking (mlp):  26%|██▌       | 23811/91223 [00:08<00:24, 2707.29it/s]
Benchmarking (mlp):  26%|██▋       | 24091/91223 [00:08<00:24, 2734.45it/s]
Benchmarking (mlp):  27%|██▋       | 24370/91223 [00:09<00:24, 2749.89it/s]
Benchmarking (mlp):  27%|██▋       | 24646/91223 [00:09<00:24, 2742.33it/s]
Benchmarking (mlp):  27%|██▋       | 24921/91223 [00:09<00:24, 2739.79it/s]
Benchmarking (mlp):  28%|██▊       | 25199/91223 [00:09<00:24, 2751.00it/s]
Benchmarking (mlp):  28%|██▊       | 25475/91223 [00:09<00:24, 2712.65it/s]
Benchmarking (mlp):  28%|██▊       | 25747/91223 [00:09<00:24, 2701.03it/s]
Benchmarking (mlp):  29%|██▊       | 26020/91223 [00:09<00:24, 2707.17it/s]
Benchmarking (mlp):  29%|██▉       | 26301/91223 [00:09<00:23, 2737.32it/s]
Benchmarking (mlp):  29%|██▉       | 26575/91223 [00:09<00:23, 2705.69it/s]
Benchmarking (mlp):  29%|██▉       | 26853/91223 [00:09<00:23, 2725.69it/s]
Benchmarking (mlp):  30%|██▉       | 27126/91223 [00:10<00:23, 2678.97it/s]
Benchmarking (mlp):  30%|███       | 27395/91223 [00:10<00:23, 2670.32it/s]
Benchmarking (mlp):  30%|███       | 27667/91223 [00:10<00:23, 2682.73it/s]
Benchmarking (mlp):  31%|███       | 27937/91223 [00:10<00:23, 2686.00it/s]
Benchmarking (mlp):  31%|███       | 28206/91223 [00:10<00:23, 2649.50it/s]
Benchmarking (mlp):  31%|███       | 28477/91223 [00:10<00:23, 2665.28it/s]
Benchmarking (mlp):  32%|███▏      | 28748/91223 [00:10<00:23, 2674.19it/s]
Benchmarking (mlp):  32%|███▏      | 29016/91223 [00:10<00:23, 2664.30it/s]
Benchmarking (mlp):  32%|███▏      | 29296/91223 [00:10<00:22, 2703.80it/s]
Benchmarking (mlp):  32%|███▏      | 29568/91223 [00:10<00:22, 2707.31it/s]
Benchmarking (mlp):  33%|███▎      | 29849/91223 [00:11<00:22, 2737.56it/s]
Benchmarking (mlp):  33%|███▎      | 30129/91223 [00:11<00:22, 2754.87it/s]
Benchmarking (mlp):  33%|███▎      | 30409/91223 [00:11<00:21, 2767.96it/s]
Benchmarking (mlp):  34%|███▎      | 30686/91223 [00:11<00:21, 2755.43it/s]
Benchmarking (mlp):  34%|███▍      | 30963/91223 [00:11<00:21, 2758.80it/s]
Benchmarking (mlp):  34%|███▍      | 31241/91223 [00:11<00:21, 2764.83it/s]
Benchmarking (mlp):  35%|███▍      | 31518/91223 [00:11<00:21, 2762.21it/s]
Benchmarking (mlp):  35%|███▍      | 31795/91223 [00:11<00:21, 2734.21it/s]
Benchmarking (mlp):  35%|███▌      | 32069/91223 [00:11<00:21, 2717.23it/s]
Benchmarking (mlp):  35%|███▌      | 32346/91223 [00:11<00:21, 2730.54it/s]
Benchmarking (mlp):  36%|███▌      | 32622/91223 [00:12<00:21, 2739.21it/s]
Benchmarking (mlp):  36%|███▌      | 32899/91223 [00:12<00:21, 2748.20it/s]
Benchmarking (mlp):  36%|███▋      | 33176/91223 [00:12<00:21, 2752.49it/s]
Benchmarking (mlp):  37%|███▋      | 33452/91223 [00:12<00:21, 2745.47it/s]
Benchmarking (mlp):  37%|███▋      | 33730/91223 [00:12<00:20, 2752.96it/s]
Benchmarking (mlp):  37%|███▋      | 34010/91223 [00:12<00:20, 2764.44it/s]
Benchmarking (mlp):  38%|███▊      | 34289/91223 [00:12<00:20, 2771.80it/s]
Benchmarking (mlp):  38%|███▊      | 34569/91223 [00:12<00:20, 2778.99it/s]
Benchmarking (mlp):  38%|███▊      | 34847/91223 [00:12<00:20, 2754.73it/s]
Benchmarking (mlp):  39%|███▊      | 35123/91223 [00:12<00:20, 2749.79it/s]
Benchmarking (mlp):  39%|███▉      | 35400/91223 [00:13<00:20, 2753.92it/s]
Benchmarking (mlp):  39%|███▉      | 35676/91223 [00:13<00:20, 2736.16it/s]
Benchmarking (mlp):  39%|███▉      | 35950/91223 [00:13<00:20, 2703.60it/s]
Benchmarking (mlp):  40%|███▉      | 36222/91223 [00:13<00:20, 2706.92it/s]
Benchmarking (mlp):  40%|████      | 36493/91223 [00:13<00:20, 2703.01it/s]
Benchmarking (mlp):  40%|████      | 36769/91223 [00:13<00:20, 2718.90it/s]
Benchmarking (mlp):  41%|████      | 37041/91223 [00:13<00:19, 2709.18it/s]
Benchmarking (mlp):  41%|████      | 37315/91223 [00:13<00:19, 2718.01it/s]
Benchmarking (mlp):  41%|████      | 37587/91223 [00:13<00:20, 2681.26it/s]
Benchmarking (mlp):  41%|████▏     | 37856/91223 [00:13<00:20, 2660.55it/s]
Benchmarking (mlp):  42%|████▏     | 38126/91223 [00:14<00:19, 2669.93it/s]
Benchmarking (mlp):  42%|████▏     | 38394/91223 [00:14<00:20, 2609.36it/s]
Benchmarking (mlp):  42%|████▏     | 38659/91223 [00:14<00:20, 2619.50it/s]
Benchmarking (mlp):  43%|████▎     | 38924/91223 [00:14<00:19, 2628.25it/s]
Benchmarking (mlp):  43%|████▎     | 39198/91223 [00:14<00:19, 2659.05it/s]
Benchmarking (mlp):  43%|████▎     | 39465/91223 [00:14<00:19, 2655.77it/s]
Benchmarking (mlp):  44%|████▎     | 39740/91223 [00:14<00:19, 2681.15it/s]
Benchmarking (mlp):  44%|████▍     | 40012/91223 [00:14<00:19, 2691.64it/s]
Benchmarking (mlp):  44%|████▍     | 40282/91223 [00:14<00:18, 2682.50it/s]
Benchmarking (mlp):  44%|████▍     | 40551/91223 [00:14<00:18, 2674.40it/s]
Benchmarking (mlp):  45%|████▍     | 40821/91223 [00:15<00:18, 2679.87it/s]
Benchmarking (mlp):  45%|████▌     | 41090/91223 [00:15<00:18, 2645.47it/s]
Benchmarking (mlp):  45%|████▌     | 41355/91223 [00:15<00:18, 2634.35it/s]
Benchmarking (mlp):  46%|████▌     | 41627/91223 [00:15<00:18, 2657.78it/s]
Benchmarking (mlp):  46%|████▌     | 41894/91223 [00:15<00:18, 2659.67it/s]
Benchmarking (mlp):  46%|████▌     | 42161/91223 [00:15<00:18, 2635.22it/s]
Benchmarking (mlp):  47%|████▋     | 42431/91223 [00:15<00:18, 2651.99it/s]
Benchmarking (mlp):  47%|████▋     | 42706/91223 [00:15<00:18, 2680.01it/s]
Benchmarking (mlp):  47%|████▋     | 42981/91223 [00:15<00:17, 2699.67it/s]
Benchmarking (mlp):  47%|████▋     | 43252/91223 [00:15<00:17, 2699.14it/s]
Benchmarking (mlp):  48%|████▊     | 43523/91223 [00:16<00:17, 2700.34it/s]
Benchmarking (mlp):  48%|████▊     | 43799/91223 [00:16<00:17, 2717.65it/s]
Benchmarking (mlp):  48%|████▊     | 44071/91223 [00:16<00:17, 2714.53it/s]
Benchmarking (mlp):  49%|████▊     | 44343/91223 [00:16<00:17, 2706.67it/s]
Benchmarking (mlp):  49%|████▉     | 44614/91223 [00:16<00:17, 2699.12it/s]
Benchmarking (mlp):  49%|████▉     | 44885/91223 [00:16<00:17, 2700.13it/s]
Benchmarking (mlp):  50%|████▉     | 45162/91223 [00:16<00:16, 2719.01it/s]
Benchmarking (mlp):  50%|████▉     | 45439/91223 [00:16<00:16, 2733.12it/s]
Benchmarking (mlp):  50%|█████     | 45713/91223 [00:16<00:16, 2728.27it/s]
Benchmarking (mlp):  50%|█████     | 45987/91223 [00:17<00:16, 2730.46it/s]
Benchmarking (mlp):  51%|█████     | 46261/91223 [00:17<00:16, 2692.59it/s]
Benchmarking (mlp):  51%|█████     | 46531/91223 [00:17<00:16, 2669.66it/s]
Benchmarking (mlp):  51%|█████▏    | 46801/91223 [00:17<00:16, 2677.49it/s]
Benchmarking (mlp):  52%|█████▏    | 47072/91223 [00:17<00:16, 2686.01it/s]
Benchmarking (mlp):  52%|█████▏    | 47345/91223 [00:17<00:16, 2696.19it/s]
Benchmarking (mlp):  52%|█████▏    | 47615/91223 [00:17<00:16, 2619.22it/s]
Benchmarking (mlp):  52%|█████▏    | 47878/91223 [00:17<00:16, 2602.91it/s]
Benchmarking (mlp):  53%|█████▎    | 48148/91223 [00:17<00:16, 2629.20it/s]
Benchmarking (mlp):  53%|█████▎    | 48413/91223 [00:17<00:16, 2632.82it/s]
Benchmarking (mlp):  53%|█████▎    | 48688/91223 [00:18<00:15, 2665.25it/s]
Benchmarking (mlp):  54%|█████▎    | 48958/91223 [00:18<00:15, 2674.36it/s]
Benchmarking (mlp):  54%|█████▍    | 49235/91223 [00:18<00:15, 2700.80it/s]
Benchmarking (mlp):  54%|█████▍    | 49510/91223 [00:18<00:15, 2713.12it/s]
Benchmarking (mlp):  55%|█████▍    | 49782/91223 [00:18<00:15, 2710.78it/s]
Benchmarking (mlp):  55%|█████▍    | 50059/91223 [00:18<00:15, 2725.48it/s]
Benchmarking (mlp):  55%|█████▌    | 50337/91223 [00:18<00:14, 2741.53it/s]
Benchmarking (mlp):  55%|█████▌    | 50612/91223 [00:18<00:14, 2732.13it/s]
Benchmarking (mlp):  56%|█████▌    | 50888/91223 [00:18<00:14, 2739.87it/s]
Benchmarking (mlp):  56%|█████▌    | 51164/91223 [00:18<00:14, 2745.27it/s]
Benchmarking (mlp):  56%|█████▋    | 51442/91223 [00:19<00:14, 2752.62it/s]
Benchmarking (mlp):  57%|█████▋    | 51718/91223 [00:19<00:14, 2741.76it/s]
Benchmarking (mlp):  57%|█████▋    | 51993/91223 [00:19<00:14, 2726.60it/s]
Benchmarking (mlp):  57%|█████▋    | 52274/91223 [00:19<00:14, 2750.23it/s]
Benchmarking (mlp):  58%|█████▊    | 52550/91223 [00:19<00:14, 2740.96it/s]
Benchmarking (mlp):  58%|█████▊    | 52825/91223 [00:19<00:14, 2727.95it/s]
Benchmarking (mlp):  58%|█████▊    | 53098/91223 [00:19<00:14, 2707.17it/s]
Benchmarking (mlp):  59%|█████▊    | 53369/91223 [00:19<00:14, 2685.48it/s]
Benchmarking (mlp):  59%|█████▉    | 53638/91223 [00:19<00:13, 2685.89it/s]
Benchmarking (mlp):  59%|█████▉    | 53907/91223 [00:19<00:14, 2665.18it/s]
Benchmarking (mlp):  59%|█████▉    | 54183/91223 [00:20<00:13, 2690.56it/s]
Benchmarking (mlp):  60%|█████▉    | 54454/91223 [00:20<00:13, 2695.49it/s]
Benchmarking (mlp):  60%|█████▉    | 54727/91223 [00:20<00:13, 2704.50it/s]
Benchmarking (mlp):  60%|██████    | 54998/91223 [00:20<00:13, 2693.02it/s]
Benchmarking (mlp):  61%|██████    | 55275/91223 [00:20<00:13, 2715.75it/s]
Benchmarking (mlp):  61%|██████    | 55547/91223 [00:20<00:13, 2708.92it/s]
Benchmarking (mlp):  61%|██████    | 55818/91223 [00:20<00:13, 2706.18it/s]
Benchmarking (mlp):  61%|██████▏   | 56089/91223 [00:20<00:13, 2664.54it/s]
Benchmarking (mlp):  62%|██████▏   | 56367/91223 [00:20<00:12, 2697.37it/s]
Benchmarking (mlp):  62%|██████▏   | 56644/91223 [00:20<00:12, 2718.83it/s]
Benchmarking (mlp):  62%|██████▏   | 56918/91223 [00:21<00:12, 2723.30it/s]
Benchmarking (mlp):  63%|██████▎   | 57191/91223 [00:21<00:12, 2720.64it/s]
Benchmarking (mlp):  63%|██████▎   | 57466/91223 [00:21<00:12, 2726.56it/s]
Benchmarking (mlp):  63%|██████▎   | 57739/91223 [00:21<00:12, 2699.62it/s]
Benchmarking (mlp):  64%|██████▎   | 58010/91223 [00:21<00:12, 2689.71it/s]
Benchmarking (mlp):  64%|██████▍   | 58281/91223 [00:21<00:12, 2693.35it/s]
Benchmarking (mlp):  64%|██████▍   | 58556/91223 [00:21<00:12, 2707.90it/s]
Benchmarking (mlp):  64%|██████▍   | 58827/91223 [00:21<00:11, 2707.22it/s]
Benchmarking (mlp):  65%|██████▍   | 59098/91223 [00:21<00:11, 2691.97it/s]
Benchmarking (mlp):  65%|██████▌   | 59368/91223 [00:21<00:11, 2690.58it/s]
Benchmarking (mlp):  65%|██████▌   | 59638/91223 [00:22<00:12, 2583.43it/s]
Benchmarking (mlp):  66%|██████▌   | 59909/91223 [00:22<00:11, 2617.83it/s]
Benchmarking (mlp):  66%|██████▌   | 60172/91223 [00:22<00:11, 2609.42it/s]
Benchmarking (mlp):  66%|██████▌   | 60435/91223 [00:22<00:11, 2614.81it/s]
Benchmarking (mlp):  67%|██████▋   | 60697/91223 [00:22<00:11, 2600.79it/s]
Benchmarking (mlp):  67%|██████▋   | 60964/91223 [00:22<00:11, 2619.39it/s]
Benchmarking (mlp):  67%|██████▋   | 61227/91223 [00:22<00:11, 2606.97it/s]
Benchmarking (mlp):  67%|██████▋   | 61500/91223 [00:22<00:11, 2641.21it/s]
Benchmarking (mlp):  68%|██████▊   | 61765/91223 [00:22<00:11, 2617.55it/s]
Benchmarking (mlp):  68%|██████▊   | 62033/91223 [00:22<00:11, 2634.29it/s]
Benchmarking (mlp):  68%|██████▊   | 62297/91223 [00:23<00:11, 2607.00it/s]
Benchmarking (mlp):  69%|██████▊   | 62558/91223 [00:23<00:11, 2561.72it/s]
Benchmarking (mlp):  69%|██████▉   | 62827/91223 [00:23<00:10, 2597.77it/s]
Benchmarking (mlp):  69%|██████▉   | 63087/91223 [00:23<00:10, 2585.58it/s]
Benchmarking (mlp):  69%|██████▉   | 63356/91223 [00:23<00:10, 2616.25it/s]
Benchmarking (mlp):  70%|██████▉   | 63618/91223 [00:23<00:10, 2585.04it/s]
Benchmarking (mlp):  70%|███████   | 63888/91223 [00:23<00:10, 2616.65it/s]
Benchmarking (mlp):  70%|███████   | 64158/91223 [00:23<00:10, 2638.94it/s]
Benchmarking (mlp):  71%|███████   | 64423/91223 [00:23<00:10, 2641.75it/s]
Benchmarking (mlp):  71%|███████   | 64688/91223 [00:24<00:10, 2629.80it/s]
Benchmarking (mlp):  71%|███████   | 64962/91223 [00:24<00:09, 2661.25it/s]
Benchmarking (mlp):  72%|███████▏  | 65231/91223 [00:24<00:09, 2668.68it/s]
Benchmarking (mlp):  72%|███████▏  | 65498/91223 [00:24<00:09, 2642.71it/s]
Benchmarking (mlp):  72%|███████▏  | 65763/91223 [00:24<00:09, 2636.83it/s]
Benchmarking (mlp):  72%|███████▏  | 66036/91223 [00:24<00:09, 2662.38it/s]
Benchmarking (mlp):  73%|███████▎  | 66303/91223 [00:24<00:09, 2636.60it/s]
Benchmarking (mlp):  73%|███████▎  | 66567/91223 [00:24<00:09, 2620.83it/s]
Benchmarking (mlp):  73%|███████▎  | 66840/91223 [00:24<00:09, 2647.04it/s]
Benchmarking (mlp):  74%|███████▎  | 67105/91223 [00:24<00:09, 2611.16it/s]
Benchmarking (mlp):  74%|███████▍  | 67367/91223 [00:25<00:09, 2600.04it/s]
Benchmarking (mlp):  74%|███████▍  | 67632/91223 [00:25<00:09, 2612.61it/s]
Benchmarking (mlp):  74%|███████▍  | 67894/91223 [00:25<00:09, 2573.44it/s]
Benchmarking (mlp):  75%|███████▍  | 68163/91223 [00:25<00:08, 2606.64it/s]
Benchmarking (mlp):  75%|███████▌  | 68424/91223 [00:25<00:08, 2589.39it/s]
Benchmarking (mlp):  75%|███████▌  | 68684/91223 [00:25<00:08, 2592.04it/s]
Benchmarking (mlp):  76%|███████▌  | 68944/91223 [00:25<00:08, 2572.41it/s]
Benchmarking (mlp):  76%|███████▌  | 69214/91223 [00:25<00:08, 2608.49it/s]
Benchmarking (mlp):  76%|███████▌  | 69475/91223 [00:25<00:08, 2597.06it/s]
Benchmarking (mlp):  76%|███████▋  | 69747/91223 [00:25<00:08, 2632.80it/s]
Benchmarking (mlp):  77%|███████▋  | 70021/91223 [00:26<00:07, 2662.17it/s]
Benchmarking (mlp):  77%|███████▋  | 70291/91223 [00:26<00:07, 2671.52it/s]
Benchmarking (mlp):  77%|███████▋  | 70559/91223 [00:26<00:07, 2642.17it/s]
Benchmarking (mlp):  78%|███████▊  | 70836/91223 [00:26<00:07, 2677.37it/s]
Benchmarking (mlp):  78%|███████▊  | 71104/91223 [00:26<00:07, 2664.49it/s]
Benchmarking (mlp):  78%|███████▊  | 71379/91223 [00:26<00:07, 2688.07it/s]
Benchmarking (mlp):  79%|███████▊  | 71648/91223 [00:26<00:07, 2686.06it/s]
Benchmarking (mlp):  79%|███████▉  | 71917/91223 [00:26<00:07, 2678.82it/s]
Benchmarking (mlp):  79%|███████▉  | 72192/91223 [00:26<00:07, 2697.49it/s]
Benchmarking (mlp):  79%|███████▉  | 72462/91223 [00:26<00:06, 2697.13it/s]
Benchmarking (mlp):  80%|███████▉  | 72732/91223 [00:27<00:06, 2664.67it/s]
Benchmarking (mlp):  80%|████████  | 72999/91223 [00:27<00:06, 2624.07it/s]
Benchmarking (mlp):  80%|████████  | 73262/91223 [00:27<00:07, 2564.83it/s]
Benchmarking (mlp):  81%|████████  | 73525/91223 [00:27<00:06, 2581.53it/s]
Benchmarking (mlp):  81%|████████  | 73792/91223 [00:27<00:06, 2606.34it/s]
Benchmarking (mlp):  81%|████████  | 74053/91223 [00:27<00:06, 2560.84it/s]
Benchmarking (mlp):  81%|████████▏ | 74310/91223 [00:27<00:06, 2559.62it/s]
Benchmarking (mlp):  82%|████████▏ | 74569/91223 [00:27<00:06, 2566.78it/s]
Benchmarking (mlp):  82%|████████▏ | 74826/91223 [00:27<00:06, 2553.37it/s]
Benchmarking (mlp):  82%|████████▏ | 75082/91223 [00:27<00:06, 2528.35it/s]
Benchmarking (mlp):  83%|████████▎ | 75356/91223 [00:28<00:06, 2588.43it/s]
Benchmarking (mlp):  83%|████████▎ | 75627/91223 [00:28<00:05, 2623.63it/s]
Benchmarking (mlp):  83%|████████▎ | 75901/91223 [00:28<00:05, 2656.88it/s]
Benchmarking (mlp):  83%|████████▎ | 76167/91223 [00:28<00:05, 2613.07it/s]
Benchmarking (mlp):  84%|████████▍ | 76442/91223 [00:28<00:05, 2650.83it/s]
Benchmarking (mlp):  84%|████████▍ | 76712/91223 [00:28<00:05, 2664.65it/s]
Benchmarking (mlp):  84%|████████▍ | 76983/91223 [00:28<00:05, 2677.01it/s]
Benchmarking (mlp):  85%|████████▍ | 77251/91223 [00:28<00:05, 2677.66it/s]
Benchmarking (mlp):  85%|████████▍ | 77522/91223 [00:28<00:05, 2685.00it/s]
Benchmarking (mlp):  85%|████████▌ | 77791/91223 [00:28<00:05, 2672.98it/s]
Benchmarking (mlp):  86%|████████▌ | 78068/91223 [00:29<00:04, 2700.44it/s]
Benchmarking (mlp):  86%|████████▌ | 78339/91223 [00:29<00:04, 2698.04it/s]
Benchmarking (mlp):  86%|████████▌ | 78609/91223 [00:29<00:04, 2686.55it/s]
Benchmarking (mlp):  86%|████████▋ | 78878/91223 [00:29<00:04, 2684.29it/s]
Benchmarking (mlp):  87%|████████▋ | 79147/91223 [00:29<00:04, 2685.73it/s]
Benchmarking (mlp):  87%|████████▋ | 79419/91223 [00:29<00:04, 2693.58it/s]
Benchmarking (mlp):  87%|████████▋ | 79695/91223 [00:29<00:04, 2713.05it/s]
Benchmarking (mlp):  88%|████████▊ | 79971/91223 [00:29<00:04, 2726.09it/s]
Benchmarking (mlp):  88%|████████▊ | 80244/91223 [00:29<00:04, 2713.14it/s]
Benchmarking (mlp):  88%|████████▊ | 80516/91223 [00:29<00:04, 2672.93it/s]
Benchmarking (mlp):  89%|████████▊ | 80784/91223 [00:30<00:03, 2672.82it/s]
Benchmarking (mlp):  89%|████████▉ | 81055/91223 [00:30<00:03, 2682.47it/s]
Benchmarking (mlp):  89%|████████▉ | 81324/91223 [00:30<00:03, 2670.82it/s]
Benchmarking (mlp):  89%|████████▉ | 81593/91223 [00:30<00:03, 2674.35it/s]
Benchmarking (mlp):  90%|████████▉ | 81871/91223 [00:30<00:03, 2703.40it/s]
Benchmarking (mlp):  90%|█████████ | 82142/91223 [00:30<00:03, 2662.63it/s]
Benchmarking (mlp):  90%|█████████ | 82420/91223 [00:30<00:03, 2697.15it/s]
Benchmarking (mlp):  91%|█████████ | 82690/91223 [00:30<00:03, 2692.80it/s]
Benchmarking (mlp):  91%|█████████ | 82961/91223 [00:30<00:03, 2697.31it/s]
Benchmarking (mlp):  91%|█████████ | 83231/91223 [00:31<00:03, 2656.36it/s]
Benchmarking (mlp):  92%|█████████▏| 83502/91223 [00:31<00:02, 2672.16it/s]
Benchmarking (mlp):  92%|█████████▏| 83770/91223 [00:31<00:02, 2674.45it/s]
Benchmarking (mlp):  92%|█████████▏| 84041/91223 [00:31<00:02, 2683.56it/s]
Benchmarking (mlp):  92%|█████████▏| 84310/91223 [00:31<00:02, 2679.01it/s]
Benchmarking (mlp):  93%|█████████▎| 84578/91223 [00:31<00:02, 2662.56it/s]
Benchmarking (mlp):  93%|█████████▎| 84845/91223 [00:31<00:02, 2641.85it/s]
Benchmarking (mlp):  93%|█████████▎| 85110/91223 [00:31<00:02, 2642.71it/s]
Benchmarking (mlp):  94%|█████████▎| 85383/91223 [00:31<00:02, 2668.35it/s]
Benchmarking (mlp):  94%|█████████▍| 85650/91223 [00:31<00:02, 2641.94it/s]
Benchmarking (mlp):  94%|█████████▍| 85915/91223 [00:32<00:02, 2616.65it/s]
Benchmarking (mlp):  94%|█████████▍| 86181/91223 [00:32<00:01, 2628.90it/s]
Benchmarking (mlp):  95%|█████████▍| 86444/91223 [00:32<00:01, 2628.72it/s]
Benchmarking (mlp):  95%|█████████▌| 86711/91223 [00:32<00:01, 2640.01it/s]
Benchmarking (mlp):  95%|█████████▌| 86976/91223 [00:32<00:01, 2575.90it/s]
Benchmarking (mlp):  96%|█████████▌| 87234/91223 [00:32<00:01, 2577.00it/s]
Benchmarking (mlp):  96%|█████████▌| 87493/91223 [00:32<00:01, 2579.69it/s]
Benchmarking (mlp):  96%|█████████▌| 87754/91223 [00:32<00:01, 2586.68it/s]
Benchmarking (mlp):  96%|█████████▋| 88013/91223 [00:32<00:01, 2567.94it/s]
Benchmarking (mlp):  97%|█████████▋| 88284/91223 [00:32<00:01, 2608.30it/s]
Benchmarking (mlp):  97%|█████████▋| 88549/91223 [00:33<00:01, 2619.42it/s]
Benchmarking (mlp):  97%|█████████▋| 88819/91223 [00:33<00:00, 2640.95it/s]
Benchmarking (mlp):  98%|█████████▊| 89085/91223 [00:33<00:00, 2643.92it/s]
Benchmarking (mlp):  98%|█████████▊| 89351/91223 [00:33<00:00, 2646.09it/s]
Benchmarking (mlp):  98%|█████████▊| 89621/91223 [00:33<00:00, 2659.94it/s]
Benchmarking (mlp):  99%|█████████▊| 89892/91223 [00:33<00:00, 2672.09it/s]
Benchmarking (mlp):  99%|█████████▉| 90160/91223 [00:33<00:00, 2673.07it/s]
Benchmarking (mlp):  99%|█████████▉| 90436/91223 [00:33<00:00, 2696.39it/s]
Benchmarking (mlp):  99%|█████████▉| 90706/91223 [00:33<00:00, 2694.31it/s]
Benchmarking (mlp): 100%|█████████▉| 90976/91223 [00:33<00:00, 2682.51it/s]
Benchmarking (mlp):   0%|          | 0/26063 [00:00<?, ?it/s]
Benchmarking (mlp):   1%|          | 261/26063 [00:00<00:09, 2600.53it/s]
Benchmarking (mlp):   2%|▏         | 528/26063 [00:00<00:09, 2639.90it/s]
Benchmarking (mlp):   3%|▎         | 800/26063 [00:00<00:09, 2673.30it/s]
Benchmarking (mlp):   4%|▍         | 1068/26063 [00:00<00:09, 2638.94it/s]
Benchmarking (mlp):   5%|▌         | 1341/26063 [00:00<00:09, 2670.54it/s]
Benchmarking (mlp):   6%|▌         | 1611/26063 [00:00<00:09, 2678.86it/s]
Benchmarking (mlp):   7%|▋         | 1886/26063 [00:00<00:08, 2700.64it/s]
Benchmarking (mlp):   8%|▊         | 2163/26063 [00:00<00:08, 2720.81it/s]
Benchmarking (mlp):   9%|▉         | 2444/26063 [00:00<00:08, 2746.84it/s]
Benchmarking (mlp):  10%|█         | 2719/26063 [00:01<00:08, 2740.81it/s]
Benchmarking (mlp):  11%|█▏        | 2994/26063 [00:01<00:08, 2721.39it/s]
Benchmarking (mlp):  13%|█▎        | 3272/26063 [00:01<00:08, 2738.30it/s]
Benchmarking (mlp):  14%|█▎        | 3551/26063 [00:01<00:08, 2753.21it/s]
Benchmarking (mlp):  15%|█▍        | 3827/26063 [00:01<00:08, 2714.63it/s]
Benchmarking (mlp):  16%|█▌        | 4102/26063 [00:01<00:08, 2723.72it/s]
Benchmarking (mlp):  17%|█▋        | 4379/26063 [00:01<00:07, 2733.50it/s]
Benchmarking (mlp):  18%|█▊        | 4653/26063 [00:01<00:08, 2643.98it/s]
Benchmarking (mlp):  19%|█▉        | 4930/26063 [00:01<00:07, 2679.83it/s]
Benchmarking (mlp):  20%|█▉        | 5201/26063 [00:01<00:07, 2688.35it/s]
Benchmarking (mlp):  21%|██        | 5479/26063 [00:02<00:07, 2712.92it/s]
Benchmarking (mlp):  22%|██▏       | 5759/26063 [00:02<00:07, 2736.85it/s]
Benchmarking (mlp):  23%|██▎       | 6034/26063 [00:02<00:07, 2739.80it/s]
Benchmarking (mlp):  24%|██▍       | 6309/26063 [00:02<00:07, 2685.93it/s]
Benchmarking (mlp):  25%|██▌       | 6578/26063 [00:02<00:07, 2678.75it/s]
Benchmarking (mlp):  26%|██▋       | 6850/26063 [00:02<00:07, 2689.29it/s]
Benchmarking (mlp):  27%|██▋       | 7124/26063 [00:02<00:07, 2703.20it/s]
Benchmarking (mlp):  28%|██▊       | 7403/26063 [00:02<00:06, 2728.60it/s]
Benchmarking (mlp):  29%|██▉       | 7676/26063 [00:02<00:06, 2728.98it/s]
Benchmarking (mlp):  31%|███       | 7951/26063 [00:02<00:06, 2734.29it/s]
Benchmarking (mlp):  32%|███▏      | 8226/26063 [00:03<00:06, 2738.67it/s]
Benchmarking (mlp):  33%|███▎      | 8500/26063 [00:03<00:06, 2703.87it/s]
Benchmarking (mlp):  34%|███▎      | 8771/26063 [00:03<00:06, 2702.42it/s]
Benchmarking (mlp):  35%|███▍      | 9042/26063 [00:03<00:06, 2698.19it/s]
Benchmarking (mlp):  36%|███▌      | 9315/26063 [00:03<00:06, 2706.95it/s]
Benchmarking (mlp):  37%|███▋      | 9586/26063 [00:03<00:06, 2686.61it/s]
Benchmarking (mlp):  38%|███▊      | 9855/26063 [00:03<00:06, 2675.52it/s]
Benchmarking (mlp):  39%|███▉      | 10125/26063 [00:03<00:05, 2679.77it/s]
Benchmarking (mlp):  40%|███▉      | 10395/26063 [00:03<00:05, 2685.52it/s]
Benchmarking (mlp):  41%|████      | 10669/26063 [00:03<00:05, 2699.65it/s]
Benchmarking (mlp):  42%|████▏     | 10939/26063 [00:04<00:05, 2691.82it/s]
Benchmarking (mlp):  43%|████▎     | 11209/26063 [00:04<00:05, 2659.87it/s]
Benchmarking (mlp):  44%|████▍     | 11479/26063 [00:04<00:05, 2671.00it/s]
Benchmarking (mlp):  45%|████▌     | 11750/26063 [00:04<00:05, 2681.57it/s]
Benchmarking (mlp):  46%|████▌     | 12020/26063 [00:04<00:05, 2685.53it/s]
Benchmarking (mlp):  47%|████▋     | 12297/26063 [00:04<00:05, 2709.04it/s]
Benchmarking (mlp):  48%|████▊     | 12568/26063 [00:04<00:05, 2662.76it/s]
Benchmarking (mlp):  49%|████▉     | 12835/26063 [00:04<00:04, 2660.81it/s]
Benchmarking (mlp):  50%|█████     | 13108/26063 [00:04<00:04, 2678.70it/s]
Benchmarking (mlp):  51%|█████▏    | 13376/26063 [00:04<00:04, 2663.94it/s]
Benchmarking (mlp):  52%|█████▏    | 13647/26063 [00:05<00:04, 2676.00it/s]
Benchmarking (mlp):  53%|█████▎    | 13917/26063 [00:05<00:04, 2681.95it/s]
Benchmarking (mlp):  54%|█████▍    | 14190/26063 [00:05<00:04, 2693.28it/s]
Benchmarking (mlp):  56%|█████▌    | 14465/26063 [00:05<00:04, 2710.15it/s]
Benchmarking (mlp):  57%|█████▋    | 14737/26063 [00:05<00:04, 2702.76it/s]
Benchmarking (mlp):  58%|█████▊    | 15008/26063 [00:05<00:04, 2696.11it/s]
Benchmarking (mlp):  59%|█████▊    | 15285/26063 [00:05<00:03, 2717.76it/s]
Benchmarking (mlp):  60%|█████▉    | 15561/26063 [00:05<00:03, 2728.42it/s]
Benchmarking (mlp):  61%|██████    | 15841/26063 [00:05<00:03, 2748.40it/s]
Benchmarking (mlp):  62%|██████▏   | 16117/26063 [00:05<00:03, 2749.83it/s]
Benchmarking (mlp):  63%|██████▎   | 16394/26063 [00:06<00:03, 2753.73it/s]
Benchmarking (mlp):  64%|██████▍   | 16670/26063 [00:06<00:03, 2729.23it/s]
Benchmarking (mlp):  65%|██████▌   | 16943/26063 [00:06<00:03, 2723.87it/s]
Benchmarking (mlp):  66%|██████▌   | 17216/26063 [00:06<00:03, 2715.99it/s]
Benchmarking (mlp):  67%|██████▋   | 17488/26063 [00:06<00:03, 2716.92it/s]
Benchmarking (mlp):  68%|██████▊   | 17761/26063 [00:06<00:03, 2720.79it/s]
Benchmarking (mlp):  69%|██████▉   | 18034/26063 [00:06<00:02, 2718.23it/s]
Benchmarking (mlp):  70%|███████   | 18306/26063 [00:06<00:02, 2685.53it/s]
Benchmarking (mlp):  71%|███████▏  | 18584/26063 [00:06<00:02, 2712.28it/s]
Benchmarking (mlp):  72%|███████▏  | 18856/26063 [00:06<00:02, 2701.38it/s]
Benchmarking (mlp):  73%|███████▎  | 19128/26063 [00:07<00:02, 2704.19it/s]
Benchmarking (mlp):  74%|███████▍  | 19399/26063 [00:07<00:02, 2691.57it/s]
Benchmarking (mlp):  75%|███████▌  | 19669/26063 [00:07<00:02, 2651.82it/s]
Benchmarking (mlp):  76%|███████▋  | 19935/26063 [00:07<00:02, 2651.50it/s]
Benchmarking (mlp):  78%|███████▊  | 20201/26063 [00:07<00:02, 2634.75it/s]
Benchmarking (mlp):  79%|███████▊  | 20467/26063 [00:07<00:02, 2641.93it/s]
Benchmarking (mlp):  80%|███████▉  | 20742/26063 [00:07<00:01, 2672.97it/s]
Benchmarking (mlp):  81%|████████  | 21010/26063 [00:07<00:01, 2669.58it/s]
Benchmarking (mlp):  82%|████████▏ | 21278/26063 [00:07<00:01, 2632.38it/s]
Benchmarking (mlp):  83%|████████▎ | 21543/26063 [00:07<00:01, 2635.05it/s]
Benchmarking (mlp):  84%|████████▎ | 21818/26063 [00:08<00:01, 2668.56it/s]
Benchmarking (mlp):  85%|████████▍ | 22085/26063 [00:08<00:01, 2634.64it/s]
Benchmarking (mlp):  86%|████████▌ | 22354/26063 [00:08<00:01, 2648.51it/s]
Benchmarking (mlp):  87%|████████▋ | 22619/26063 [00:08<00:01, 2633.45it/s]
Benchmarking (mlp):  88%|████████▊ | 22886/26063 [00:08<00:01, 2643.26it/s]
Benchmarking (mlp):  89%|████████▉ | 23151/26063 [00:08<00:01, 2606.58it/s]
Benchmarking (mlp):  90%|████████▉ | 23425/26063 [00:08<00:00, 2644.51it/s]
Benchmarking (mlp):  91%|█████████ | 23690/26063 [00:08<00:00, 2619.18it/s]
Benchmarking (mlp):  92%|█████████▏| 23963/26063 [00:08<00:00, 2649.63it/s]
Benchmarking (mlp):  93%|█████████▎| 24230/26063 [00:09<00:00, 2653.03it/s]
Benchmarking (mlp):  94%|█████████▍| 24496/26063 [00:09<00:00, 2648.16it/s]
Benchmarking (mlp):  95%|█████████▌| 24761/26063 [00:09<00:00, 2635.61it/s]
Benchmarking (mlp):  96%|█████████▌| 25025/26063 [00:09<00:00, 2627.73it/s]
Benchmarking (mlp):  97%|█████████▋| 25288/26063 [00:09<00:00, 2603.96it/s]
Benchmarking (mlp):  98%|█████████▊| 25549/26063 [00:09<00:00, 2587.19it/s]
Benchmarking (mlp):  99%|█████████▉| 25812/26063 [00:09<00:00, 2597.38it/s]
Benchmarking (mlp):   0%|          | 0/13033 [00:00<?, ?it/s]
Benchmarking (mlp):   2%|▏         | 269/13033 [00:00<00:04, 2688.94it/s]
Benchmarking (mlp):   4%|▍         | 538/13033 [00:00<00:04, 2634.87it/s]
Benchmarking (mlp):   6%|▌         | 804/13033 [00:00<00:04, 2643.31it/s]
Benchmarking (mlp):   8%|▊         | 1069/13033 [00:00<00:04, 2642.68it/s]
Benchmarking (mlp):  10%|█         | 1334/13033 [00:00<00:04, 2634.32it/s]
Benchmarking (mlp):  12%|█▏        | 1603/13033 [00:00<00:04, 2653.04it/s]
Benchmarking (mlp):  14%|█▍        | 1869/13033 [00:00<00:04, 2633.16it/s]
Benchmarking (mlp):  16%|█▋        | 2139/13033 [00:00<00:04, 2652.16it/s]
Benchmarking (mlp):  18%|█▊        | 2409/13033 [00:00<00:03, 2664.92it/s]
Benchmarking (mlp):  21%|██        | 2676/13033 [00:01<00:03, 2654.99it/s]
Benchmarking (mlp):  23%|██▎       | 2950/13033 [00:01<00:03, 2678.04it/s]
Benchmarking (mlp):  25%|██▍       | 3218/13033 [00:01<00:03, 2628.37it/s]
Benchmarking (mlp):  27%|██▋       | 3489/13033 [00:01<00:03, 2650.73it/s]
Benchmarking (mlp):  29%|██▉       | 3760/13033 [00:01<00:03, 2666.12it/s]
Benchmarking (mlp):  31%|███       | 4031/13033 [00:01<00:03, 2677.41it/s]
Benchmarking (mlp):  33%|███▎      | 4311/13033 [00:01<00:03, 2712.90it/s]
Benchmarking (mlp):  35%|███▌      | 4583/13033 [00:01<00:03, 2690.32it/s]
Benchmarking (mlp):  37%|███▋      | 4854/13033 [00:01<00:03, 2695.27it/s]
Benchmarking (mlp):  39%|███▉      | 5124/13033 [00:01<00:02, 2685.80it/s]
Benchmarking (mlp):  41%|████▏     | 5397/13033 [00:02<00:02, 2697.26it/s]
Benchmarking (mlp):  44%|████▎     | 5674/13033 [00:02<00:02, 2717.45it/s]
Benchmarking (mlp):  46%|████▌     | 5949/13033 [00:02<00:02, 2726.01it/s]
Benchmarking (mlp):  48%|████▊     | 6222/13033 [00:02<00:02, 2697.50it/s]
Benchmarking (mlp):  50%|████▉     | 6495/13033 [00:02<00:02, 2705.42it/s]
Benchmarking (mlp):  52%|█████▏    | 6766/13033 [00:02<00:02, 2690.97it/s]
Benchmarking (mlp):  54%|█████▍    | 7036/13033 [00:02<00:02, 2691.37it/s]
Benchmarking (mlp):  56%|█████▌    | 7306/13033 [00:02<00:02, 2682.54it/s]
Benchmarking (mlp):  58%|█████▊    | 7576/13033 [00:02<00:02, 2686.04it/s]
Benchmarking (mlp):  60%|██████    | 7853/13033 [00:02<00:01, 2708.65it/s]
Benchmarking (mlp):  62%|██████▏   | 8125/13033 [00:03<00:01, 2711.99it/s]
Benchmarking (mlp):  64%|██████▍   | 8397/13033 [00:03<00:01, 2702.88it/s]
Benchmarking (mlp):  67%|██████▋   | 8676/13033 [00:03<00:01, 2725.90it/s]
Benchmarking (mlp):  69%|██████▊   | 8954/13033 [00:03<00:01, 2741.56it/s]
Benchmarking (mlp):  71%|███████   | 9229/13033 [00:03<00:01, 2717.77it/s]
Benchmarking (mlp):  73%|███████▎  | 9508/13033 [00:03<00:01, 2736.89it/s]
Benchmarking (mlp):  75%|███████▌  | 9785/13033 [00:03<00:01, 2744.24it/s]
Benchmarking (mlp):  77%|███████▋  | 10060/13033 [00:03<00:01, 2737.18it/s]
Benchmarking (mlp):  79%|███████▉  | 10334/13033 [00:03<00:00, 2725.40it/s]
Benchmarking (mlp):  81%|████████▏ | 10615/13033 [00:03<00:00, 2749.09it/s]
Benchmarking (mlp):  84%|████████▎ | 10892/13033 [00:04<00:00, 2753.71it/s]
Benchmarking (mlp):  86%|████████▌ | 11168/13033 [00:04<00:00, 2744.94it/s]
Benchmarking (mlp):  88%|████████▊ | 11444/13033 [00:04<00:00, 2749.36it/s]
Benchmarking (mlp):  90%|████████▉ | 11719/13033 [00:04<00:00, 2738.98it/s]
Benchmarking (mlp):  92%|█████████▏| 11993/13033 [00:04<00:00, 2725.32it/s]
Benchmarking (mlp):  94%|█████████▍| 12269/13033 [00:04<00:00, 2734.67it/s]
Benchmarking (mlp):  96%|█████████▌| 12543/13033 [00:04<00:00, 2730.28it/s]
Benchmarking (mlp):  98%|█████████▊| 12817/13033 [00:04<00:00, 2701.84it/s]
Benchmarking (mlp):   0%|          | 0/91223 [00:00<?, ?it/s]
Benchmarking (mlp):   0%|          | 265/91223 [00:00<00:34, 2644.05it/s]
Benchmarking (mlp):   1%|          | 532/91223 [00:00<00:34, 2653.57it/s]
Benchmarking (mlp):   1%|          | 803/91223 [00:00<00:33, 2678.39it/s]
Benchmarking (mlp):   1%|          | 1074/91223 [00:00<00:33, 2688.51it/s]
Benchmarking (mlp):   1%|▏         | 1346/91223 [00:00<00:33, 2697.30it/s]
Benchmarking (mlp):   2%|▏         | 1624/91223 [00:00<00:32, 2725.27it/s]
Benchmarking (mlp):   2%|▏         | 1897/91223 [00:00<00:33, 2670.18it/s]
Benchmarking (mlp):   2%|▏         | 2169/91223 [00:00<00:33, 2685.09it/s]
Benchmarking (mlp):   3%|▎         | 2442/91223 [00:00<00:32, 2697.89it/s]
Benchmarking (mlp):   3%|▎         | 2717/91223 [00:01<00:32, 2713.16it/s]
Benchmarking (mlp):   3%|▎         | 2989/91223 [00:01<00:32, 2704.97it/s]
Benchmarking (mlp):   4%|▎         | 3265/91223 [00:01<00:32, 2720.47it/s]
Benchmarking (mlp):   4%|▍         | 3538/91223 [00:01<00:32, 2677.08it/s]
Benchmarking (mlp):   4%|▍         | 3810/91223 [00:01<00:32, 2687.85it/s]
Benchmarking (mlp):   4%|▍         | 4082/91223 [00:01<00:32, 2696.71it/s]
Benchmarking (mlp):   5%|▍         | 4352/91223 [00:01<00:32, 2679.21it/s]
Benchmarking (mlp):   5%|▌         | 4621/91223 [00:01<00:32, 2675.21it/s]
Benchmarking (mlp):   5%|▌         | 4895/91223 [00:01<00:32, 2693.67it/s]
Benchmarking (mlp):   6%|▌         | 5166/91223 [00:01<00:31, 2697.71it/s]
Benchmarking (mlp):   6%|▌         | 5441/91223 [00:02<00:31, 2713.09it/s]
Benchmarking (mlp):   6%|▋         | 5713/91223 [00:02<00:31, 2698.29it/s]
Benchmarking (mlp):   7%|▋         | 5987/91223 [00:02<00:31, 2710.30it/s]
Benchmarking (mlp):   7%|▋         | 6263/91223 [00:02<00:31, 2723.25it/s]
Benchmarking (mlp):   7%|▋         | 6540/91223 [00:02<00:30, 2736.74it/s]
Benchmarking (mlp):   7%|▋         | 6814/91223 [00:02<00:31, 2716.59it/s]
Benchmarking (mlp):   8%|▊         | 7092/91223 [00:02<00:30, 2733.30it/s]
Benchmarking (mlp):   8%|▊         | 7370/91223 [00:02<00:30, 2745.05it/s]
Benchmarking (mlp):   8%|▊         | 7645/91223 [00:02<00:30, 2741.91it/s]
Benchmarking (mlp):   9%|▊         | 7920/91223 [00:02<00:30, 2726.72it/s]
Benchmarking (mlp):   9%|▉         | 8193/91223 [00:03<00:30, 2723.03it/s]
Benchmarking (mlp):   9%|▉         | 8470/91223 [00:03<00:30, 2734.76it/s]
Benchmarking (mlp):  10%|▉         | 8744/91223 [00:03<00:30, 2722.27it/s]
Benchmarking (mlp):  10%|▉         | 9017/91223 [00:03<00:30, 2721.33it/s]
Benchmarking (mlp):  10%|█         | 9290/91223 [00:03<00:30, 2718.71it/s]
Benchmarking (mlp):  10%|█         | 9571/91223 [00:03<00:29, 2745.81it/s]
Benchmarking (mlp):  11%|█         | 9848/91223 [00:03<00:29, 2750.30it/s]
Benchmarking (mlp):  11%|█         | 10124/91223 [00:03<00:29, 2718.63it/s]
Benchmarking (mlp):  11%|█▏        | 10396/91223 [00:03<00:29, 2715.24it/s]
Benchmarking (mlp):  12%|█▏        | 10668/91223 [00:03<00:29, 2707.45it/s]
Benchmarking (mlp):  12%|█▏        | 10939/91223 [00:04<00:29, 2706.20it/s]
Benchmarking (mlp):  12%|█▏        | 11210/91223 [00:04<00:29, 2679.37it/s]
Benchmarking (mlp):  13%|█▎        | 11481/91223 [00:04<00:29, 2687.07it/s]
Benchmarking (mlp):  13%|█▎        | 11757/91223 [00:04<00:29, 2706.46it/s]
Benchmarking (mlp):  13%|█▎        | 12032/91223 [00:04<00:29, 2718.79it/s]
Benchmarking (mlp):  13%|█▎        | 12304/91223 [00:04<00:29, 2700.90it/s]
Benchmarking (mlp):  14%|█▍        | 12575/91223 [00:04<00:29, 2690.97it/s]
Benchmarking (mlp):  14%|█▍        | 12848/91223 [00:04<00:29, 2699.77it/s]
Benchmarking (mlp):  14%|█▍        | 13119/91223 [00:04<00:28, 2699.47it/s]
Benchmarking (mlp):  15%|█▍        | 13389/91223 [00:04<00:28, 2693.09it/s]
Benchmarking (mlp):  15%|█▍        | 13659/91223 [00:05<00:28, 2694.15it/s]
Benchmarking (mlp):  15%|█▌        | 13929/91223 [00:05<00:28, 2694.43it/s]
Benchmarking (mlp):  16%|█▌        | 14199/91223 [00:05<00:29, 2650.79it/s]
Benchmarking (mlp):  16%|█▌        | 14466/91223 [00:05<00:28, 2654.04it/s]
Benchmarking (mlp):  16%|█▌        | 14740/91223 [00:05<00:28, 2678.90it/s]
Benchmarking (mlp):  16%|█▋        | 15010/91223 [00:05<00:28, 2683.66it/s]
Benchmarking (mlp):  17%|█▋        | 15279/91223 [00:05<00:28, 2653.18it/s]
Benchmarking (mlp):  17%|█▋        | 15545/91223 [00:05<00:28, 2643.63it/s]
Benchmarking (mlp):  17%|█▋        | 15810/91223 [00:05<00:28, 2631.34it/s]
Benchmarking (mlp):  18%|█▊        | 16074/91223 [00:05<00:28, 2619.57it/s]
Benchmarking (mlp):  18%|█▊        | 16341/91223 [00:06<00:28, 2633.56it/s]
Benchmarking (mlp):  18%|█▊        | 16618/91223 [00:06<00:27, 2672.04it/s]
Benchmarking (mlp):  19%|█▊        | 16886/91223 [00:06<00:27, 2662.87it/s]
Benchmarking (mlp):  19%|█▉        | 17158/91223 [00:06<00:27, 2678.18it/s]
Benchmarking (mlp):  19%|█▉        | 17429/91223 [00:06<00:27, 2685.00it/s]
Benchmarking (mlp):  19%|█▉        | 17698/91223 [00:06<00:27, 2659.04it/s]
Benchmarking (mlp):  20%|█▉        | 17964/91223 [00:06<00:27, 2639.99it/s]
Benchmarking (mlp):  20%|█▉        | 18238/91223 [00:06<00:27, 2666.37it/s]
Benchmarking (mlp):  20%|██        | 18508/91223 [00:06<00:27, 2674.21it/s]
Benchmarking (mlp):  21%|██        | 18777/91223 [00:06<00:27, 2676.87it/s]
Benchmarking (mlp):  21%|██        | 19045/91223 [00:07<00:27, 2658.03it/s]
Benchmarking (mlp):  21%|██        | 19311/91223 [00:07<00:27, 2643.46it/s]
Benchmarking (mlp):  21%|██▏       | 19576/91223 [00:07<00:27, 2643.17it/s]
Benchmarking (mlp):  22%|██▏       | 19841/91223 [00:07<00:27, 2619.11it/s]
Benchmarking (mlp):  22%|██▏       | 20113/91223 [00:07<00:26, 2647.85it/s]
Benchmarking (mlp):  22%|██▏       | 20383/91223 [00:07<00:26, 2661.66it/s]
Benchmarking (mlp):  23%|██▎       | 20658/91223 [00:07<00:26, 2687.48it/s]
Benchmarking (mlp):  23%|██▎       | 20927/91223 [00:07<00:26, 2687.09it/s]
Benchmarking (mlp):  23%|██▎       | 21201/91223 [00:07<00:25, 2701.73it/s]
Benchmarking (mlp):  24%|██▎       | 21472/91223 [00:07<00:25, 2701.56it/s]
Benchmarking (mlp):  24%|██▍       | 21743/91223 [00:08<00:25, 2685.85it/s]
Benchmarking (mlp):  24%|██▍       | 22016/91223 [00:08<00:25, 2697.31it/s]
Benchmarking (mlp):  24%|██▍       | 22286/91223 [00:08<00:25, 2696.30it/s]
Benchmarking (mlp):  25%|██▍       | 22556/91223 [00:08<00:25, 2694.40it/s]
Benchmarking (mlp):  25%|██▌       | 22826/91223 [00:08<00:25, 2653.69it/s]
Benchmarking (mlp):  25%|██▌       | 23099/91223 [00:08<00:25, 2674.69it/s]
Benchmarking (mlp):  26%|██▌       | 23372/91223 [00:08<00:25, 2689.90it/s]
Benchmarking (mlp):  26%|██▌       | 23642/91223 [00:08<00:25, 2662.58it/s]
Benchmarking (mlp):  26%|██▌       | 23911/91223 [00:08<00:25, 2669.38it/s]
Benchmarking (mlp):  27%|██▋       | 24179/91223 [00:08<00:25, 2665.14it/s]
Benchmarking (mlp):  27%|██▋       | 24446/91223 [00:09<00:25, 2637.93it/s]
Benchmarking (mlp):  27%|██▋       | 24710/91223 [00:09<00:25, 2603.89it/s]
Benchmarking (mlp):  27%|██▋       | 24973/91223 [00:09<00:25, 2609.31it/s]
Benchmarking (mlp):  28%|██▊       | 25235/91223 [00:09<00:25, 2600.19it/s]
Benchmarking (mlp):  28%|██▊       | 25503/91223 [00:09<00:25, 2622.37it/s]
Benchmarking (mlp):  28%|██▊       | 25766/91223 [00:09<00:25, 2609.00it/s]
Benchmarking (mlp):  29%|██▊       | 26027/91223 [00:09<00:25, 2591.03it/s]
Benchmarking (mlp):  29%|██▉       | 26287/91223 [00:09<00:25, 2583.31it/s]
Benchmarking (mlp):  29%|██▉       | 26561/91223 [00:09<00:24, 2628.67it/s]
Benchmarking (mlp):  29%|██▉       | 26824/91223 [00:10<00:24, 2621.54it/s]
Benchmarking (mlp):  30%|██▉       | 27097/91223 [00:10<00:24, 2651.79it/s]
Benchmarking (mlp):  30%|██▉       | 27364/91223 [00:10<00:24, 2656.19it/s]
Benchmarking (mlp):  30%|███       | 27630/91223 [00:10<00:24, 2649.53it/s]
Benchmarking (mlp):  31%|███       | 27895/91223 [00:10<00:23, 2645.63it/s]
Benchmarking (mlp):  31%|███       | 28160/91223 [00:10<00:24, 2615.81it/s]
Benchmarking (mlp):  31%|███       | 28436/91223 [00:10<00:23, 2656.38it/s]
Benchmarking (mlp):  31%|███▏      | 28702/91223 [00:10<00:23, 2638.31it/s]
Benchmarking (mlp):  32%|███▏      | 28972/91223 [00:10<00:23, 2654.95it/s]
Benchmarking (mlp):  32%|███▏      | 29240/91223 [00:10<00:23, 2661.39it/s]
Benchmarking (mlp):  32%|███▏      | 29507/91223 [00:11<00:23, 2641.73it/s]
Benchmarking (mlp):  33%|███▎      | 29772/91223 [00:11<00:23, 2617.13it/s]
Benchmarking (mlp):  33%|███▎      | 30041/91223 [00:11<00:23, 2636.41it/s]
Benchmarking (mlp):  33%|███▎      | 30305/91223 [00:11<00:23, 2600.67it/s]
Benchmarking (mlp):  34%|███▎      | 30577/91223 [00:11<00:23, 2634.47it/s]
Benchmarking (mlp):  34%|███▍      | 30848/91223 [00:11<00:22, 2656.08it/s]
Benchmarking (mlp):  34%|███▍      | 31123/91223 [00:11<00:22, 2681.48it/s]
Benchmarking (mlp):  34%|███▍      | 31392/91223 [00:11<00:22, 2672.32it/s]
Benchmarking (mlp):  35%|███▍      | 31660/91223 [00:11<00:22, 2655.31it/s]
Benchmarking (mlp):  35%|███▌      | 31930/91223 [00:11<00:22, 2666.18it/s]
Benchmarking (mlp):  35%|███▌      | 32202/91223 [00:12<00:22, 2681.32it/s]
Benchmarking (mlp):  36%|███▌      | 32471/91223 [00:12<00:22, 2655.27it/s]
Benchmarking (mlp):  36%|███▌      | 32737/91223 [00:12<00:22, 2652.63it/s]
Benchmarking (mlp):  36%|███▌      | 33008/91223 [00:12<00:21, 2667.17it/s]
Benchmarking (mlp):  36%|███▋      | 33275/91223 [00:12<00:21, 2647.62it/s]
Benchmarking (mlp):  37%|███▋      | 33540/91223 [00:12<00:21, 2643.85it/s]
Benchmarking (mlp):  37%|███▋      | 33805/91223 [00:12<00:21, 2645.48it/s]
Benchmarking (mlp):  37%|███▋      | 34075/91223 [00:12<00:21, 2659.78it/s]
Benchmarking (mlp):  38%|███▊      | 34342/91223 [00:12<00:21, 2634.76it/s]
Benchmarking (mlp):  38%|███▊      | 34606/91223 [00:12<00:21, 2618.10it/s]
Benchmarking (mlp):  38%|███▊      | 34876/91223 [00:13<00:21, 2640.34it/s]
Benchmarking (mlp):  39%|███▊      | 35150/91223 [00:13<00:21, 2668.71it/s]
Benchmarking (mlp):  39%|███▉      | 35425/91223 [00:13<00:20, 2692.87it/s]
Benchmarking (mlp):  39%|███▉      | 35695/91223 [00:13<00:20, 2662.98it/s]
Benchmarking (mlp):  39%|███▉      | 35962/91223 [00:13<00:20, 2640.23it/s]
Benchmarking (mlp):  40%|███▉      | 36227/91223 [00:13<00:20, 2622.81it/s]
Benchmarking (mlp):  40%|████      | 36490/91223 [00:13<00:21, 2593.82it/s]
Benchmarking (mlp):  40%|████      | 36753/91223 [00:13<00:20, 2602.29it/s]
Benchmarking (mlp):  41%|████      | 37024/91223 [00:13<00:20, 2633.13it/s]
Benchmarking (mlp):  41%|████      | 37289/91223 [00:13<00:20, 2637.42it/s]
Benchmarking (mlp):  41%|████      | 37553/91223 [00:14<00:20, 2621.25it/s]
Benchmarking (mlp):  41%|████▏     | 37830/91223 [00:14<00:20, 2664.09it/s]
Benchmarking (mlp):  42%|████▏     | 38098/91223 [00:14<00:19, 2667.96it/s]
Benchmarking (mlp):  42%|████▏     | 38372/91223 [00:14<00:19, 2689.26it/s]
Benchmarking (mlp):  42%|████▏     | 38641/91223 [00:14<00:19, 2683.97it/s]
Benchmarking (mlp):  43%|████▎     | 38919/91223 [00:14<00:19, 2712.39it/s]
Benchmarking (mlp):  43%|████▎     | 39191/91223 [00:14<00:19, 2696.40it/s]
Benchmarking (mlp):  43%|████▎     | 39468/91223 [00:14<00:19, 2715.89it/s]
Benchmarking (mlp):  44%|████▎     | 39747/91223 [00:14<00:18, 2736.67it/s]
Benchmarking (mlp):  44%|████▍     | 40021/91223 [00:14<00:18, 2708.79it/s]
Benchmarking (mlp):  44%|████▍     | 40292/91223 [00:15<00:18, 2695.83it/s]
Benchmarking (mlp):  44%|████▍     | 40566/91223 [00:15<00:18, 2708.45it/s]
Benchmarking (mlp):  45%|████▍     | 40837/91223 [00:15<00:18, 2706.25it/s]
Benchmarking (mlp):  45%|████▌     | 41108/91223 [00:15<00:18, 2668.25it/s]
Benchmarking (mlp):  45%|████▌     | 41386/91223 [00:15<00:18, 2700.59it/s]
Benchmarking (mlp):  46%|████▌     | 41657/91223 [00:15<00:18, 2679.31it/s]
Benchmarking (mlp):  46%|████▌     | 41926/91223 [00:15<00:18, 2679.09it/s]
Benchmarking (mlp):  46%|████▋     | 42199/91223 [00:15<00:18, 2692.53it/s]
Benchmarking (mlp):  47%|████▋     | 42469/91223 [00:15<00:18, 2669.78it/s]
Benchmarking (mlp):  47%|████▋     | 42737/91223 [00:15<00:18, 2665.10it/s]
Benchmarking (mlp):  47%|████▋     | 43004/91223 [00:16<00:18, 2606.87it/s]
Benchmarking (mlp):  47%|████▋     | 43271/91223 [00:16<00:18, 2619.57it/s]
Benchmarking (mlp):  48%|████▊     | 43538/91223 [00:16<00:18, 2632.78it/s]
Benchmarking (mlp):  48%|████▊     | 43803/91223 [00:16<00:17, 2637.26it/s]
Benchmarking (mlp):  48%|████▊     | 44071/91223 [00:16<00:17, 2649.60it/s]
Benchmarking (mlp):  49%|████▊     | 44345/91223 [00:16<00:17, 2676.32it/s]
Benchmarking (mlp):  49%|████▉     | 44616/91223 [00:16<00:17, 2683.61it/s]
Benchmarking (mlp):  49%|████▉     | 44889/91223 [00:16<00:17, 2696.39it/s]
Benchmarking (mlp):  50%|████▉     | 45161/91223 [00:16<00:17, 2702.07it/s]
Benchmarking (mlp):  50%|████▉     | 45432/91223 [00:17<00:17, 2691.24it/s]
Benchmarking (mlp):  50%|█████     | 45703/91223 [00:17<00:16, 2696.13it/s]
Benchmarking (mlp):  50%|█████     | 45974/91223 [00:17<00:16, 2697.95it/s]
Benchmarking (mlp):  51%|█████     | 46244/91223 [00:17<00:16, 2694.57it/s]
Benchmarking (mlp):  51%|█████     | 46522/91223 [00:17<00:16, 2719.92it/s]
Benchmarking (mlp):  51%|█████▏    | 46799/91223 [00:17<00:16, 2734.52it/s]
Benchmarking (mlp):  52%|█████▏    | 47073/91223 [00:17<00:16, 2718.74it/s]
Benchmarking (mlp):  52%|█████▏    | 47345/91223 [00:17<00:16, 2716.03it/s]
Benchmarking (mlp):  52%|█████▏    | 47618/91223 [00:17<00:16, 2719.28it/s]
Benchmarking (mlp):  52%|█████▏    | 47890/91223 [00:17<00:15, 2711.29it/s]
Benchmarking (mlp):  53%|█████▎    | 48162/91223 [00:18<00:15, 2695.98it/s]
Benchmarking (mlp):  53%|█████▎    | 48435/91223 [00:18<00:15, 2703.81it/s]
Benchmarking (mlp):  53%|█████▎    | 48707/91223 [00:18<00:15, 2706.72it/s]
Benchmarking (mlp):  54%|█████▎    | 48979/91223 [00:18<00:15, 2708.34it/s]
Benchmarking (mlp):  54%|█████▍    | 49250/91223 [00:18<00:15, 2689.87it/s]
Benchmarking (mlp):  54%|█████▍    | 49520/91223 [00:18<00:15, 2669.50it/s]
Benchmarking (mlp):  55%|█████▍    | 49790/91223 [00:18<00:15, 2675.90it/s]
Benchmarking (mlp):  55%|█████▍    | 50058/91223 [00:18<00:15, 2645.31it/s]
Benchmarking (mlp):  55%|█████▌    | 50323/91223 [00:18<00:15, 2612.95it/s]
Benchmarking (mlp):  55%|█████▌    | 50594/91223 [00:18<00:15, 2640.57it/s]
Benchmarking (mlp):  56%|█████▌    | 50859/91223 [00:19<00:15, 2634.47it/s]
Benchmarking (mlp):  56%|█████▌    | 51123/91223 [00:19<00:15, 2627.85it/s]
Benchmarking (mlp):  56%|█████▋    | 51389/91223 [00:19<00:15, 2636.33it/s]
Benchmarking (mlp):  57%|█████▋    | 51653/91223 [00:19<00:15, 2607.27it/s]
Benchmarking (mlp):  57%|█████▋    | 51914/91223 [00:19<00:15, 2587.67it/s]
Benchmarking (mlp):  57%|█████▋    | 52182/91223 [00:19<00:14, 2612.65it/s]
Benchmarking (mlp):  58%|█████▊    | 52455/91223 [00:19<00:14, 2645.09it/s]
Benchmarking (mlp):  58%|█████▊    | 52730/91223 [00:19<00:14, 2675.30it/s]
Benchmarking (mlp):  58%|█████▊    | 52999/91223 [00:19<00:14, 2677.19it/s]
Benchmarking (mlp):  58%|█████▊    | 53273/91223 [00:19<00:14, 2694.37it/s]
Benchmarking (mlp):  59%|█████▊    | 53546/91223 [00:20<00:13, 2703.77it/s]
Benchmarking (mlp):  59%|█████▉    | 53817/91223 [00:20<00:13, 2686.28it/s]
Benchmarking (mlp):  59%|█████▉    | 54087/91223 [00:20<00:13, 2688.03it/s]
Benchmarking (mlp):  60%|█████▉    | 54356/91223 [00:20<00:13, 2683.54it/s]
Benchmarking (mlp):  60%|█████▉    | 54630/91223 [00:20<00:13, 2697.68it/s]
Benchmarking (mlp):  60%|██████    | 54900/91223 [00:20<00:13, 2685.57it/s]
Benchmarking (mlp):  60%|██████    | 55179/91223 [00:20<00:13, 2714.69it/s]
Benchmarking (mlp):  61%|██████    | 55459/91223 [00:20<00:13, 2739.84it/s]
Benchmarking (mlp):  61%|██████    | 55734/91223 [00:20<00:12, 2741.67it/s]
Benchmarking (mlp):  61%|██████▏   | 56009/91223 [00:20<00:12, 2726.50it/s]
Benchmarking (mlp):  62%|██████▏   | 56282/91223 [00:21<00:12, 2720.05it/s]
Benchmarking (mlp):  62%|██████▏   | 56556/91223 [00:21<00:12, 2724.72it/s]
Benchmarking (mlp):  62%|██████▏   | 56831/91223 [00:21<00:12, 2729.57it/s]
Benchmarking (mlp):  63%|██████▎   | 57106/91223 [00:21<00:12, 2733.42it/s]
Benchmarking (mlp):  63%|██████▎   | 57380/91223 [00:21<00:12, 2712.50it/s]
Benchmarking (mlp):  63%|██████▎   | 57656/91223 [00:21<00:12, 2725.31it/s]
Benchmarking (mlp):  64%|██████▎   | 57929/91223 [00:21<00:12, 2718.19it/s]
Benchmarking (mlp):  64%|██████▍   | 58201/91223 [00:21<00:12, 2683.62it/s]
Benchmarking (mlp):  64%|██████▍   | 58474/91223 [00:21<00:12, 2697.28it/s]
Benchmarking (mlp):  64%|██████▍   | 58744/91223 [00:21<00:12, 2688.15it/s]
Benchmarking (mlp):  65%|██████▍   | 59018/91223 [00:22<00:11, 2701.04it/s]
Benchmarking (mlp):  65%|██████▍   | 59289/91223 [00:22<00:11, 2673.30it/s]
Benchmarking (mlp):  65%|██████▌   | 59559/91223 [00:22<00:11, 2680.75it/s]
Benchmarking (mlp):  66%|██████▌   | 59828/91223 [00:22<00:11, 2669.74it/s]
Benchmarking (mlp):  66%|██████▌   | 60096/91223 [00:22<00:11, 2658.25it/s]
Benchmarking (mlp):  66%|██████▌   | 60365/91223 [00:22<00:11, 2665.50it/s]
Benchmarking (mlp):  66%|██████▋   | 60632/91223 [00:22<00:11, 2664.19it/s]
Benchmarking (mlp):  67%|██████▋   | 60903/91223 [00:22<00:11, 2677.50it/s]
Benchmarking (mlp):  67%|██████▋   | 61173/91223 [00:22<00:11, 2683.67it/s]
Benchmarking (mlp):  67%|██████▋   | 61445/91223 [00:22<00:11, 2694.33it/s]
Benchmarking (mlp):  68%|██████▊   | 61715/91223 [00:23<00:10, 2692.38it/s]
Benchmarking (mlp):  68%|██████▊   | 61989/91223 [00:23<00:10, 2705.79it/s]
Benchmarking (mlp):  68%|██████▊   | 62260/91223 [00:23<00:10, 2706.04it/s]
Benchmarking (mlp):  69%|██████▊   | 62531/91223 [00:23<00:10, 2659.57it/s]
Benchmarking (mlp):  69%|██████▉   | 62798/91223 [00:23<00:10, 2658.12it/s]
Benchmarking (mlp):  69%|██████▉   | 63064/91223 [00:23<00:10, 2657.89it/s]
Benchmarking (mlp):  69%|██████▉   | 63340/91223 [00:23<00:10, 2687.83it/s]
Benchmarking (mlp):  70%|██████▉   | 63616/91223 [00:23<00:10, 2707.01it/s]
Benchmarking (mlp):  70%|███████   | 63890/91223 [00:23<00:10, 2714.87it/s]
Benchmarking (mlp):  70%|███████   | 64166/91223 [00:23<00:09, 2727.36it/s]
Benchmarking (mlp):  71%|███████   | 64439/91223 [00:24<00:09, 2725.78it/s]
Benchmarking (mlp):  71%|███████   | 64714/91223 [00:24<00:09, 2732.26it/s]
Benchmarking (mlp):  71%|███████   | 64988/91223 [00:24<00:09, 2727.29it/s]
Benchmarking (mlp):  72%|███████▏  | 65263/91223 [00:24<00:09, 2733.64it/s]
Benchmarking (mlp):  72%|███████▏  | 65541/91223 [00:24<00:09, 2746.39it/s]
Benchmarking (mlp):  72%|███████▏  | 65816/91223 [00:24<00:09, 2734.11it/s]
Benchmarking (mlp):  72%|███████▏  | 66092/91223 [00:24<00:09, 2740.79it/s]
Benchmarking (mlp):  73%|███████▎  | 66367/91223 [00:24<00:09, 2733.89it/s]
Benchmarking (mlp):  73%|███████▎  | 66641/91223 [00:24<00:09, 2722.07it/s]
Benchmarking (mlp):  73%|███████▎  | 66915/91223 [00:24<00:08, 2724.59it/s]
Benchmarking (mlp):  74%|███████▎  | 67188/91223 [00:25<00:08, 2720.88it/s]
Benchmarking (mlp):  74%|███████▍  | 67462/91223 [00:25<00:08, 2725.64it/s]
Benchmarking (mlp):  74%|███████▍  | 67742/91223 [00:25<00:08, 2747.14it/s]
Benchmarking (mlp):  75%|███████▍  | 68018/91223 [00:25<00:08, 2749.63it/s]
Benchmarking (mlp):  75%|███████▍  | 68297/91223 [00:25<00:08, 2760.42it/s]
Benchmarking (mlp):  75%|███████▌  | 68574/91223 [00:25<00:08, 2756.48it/s]
Benchmarking (mlp):  75%|███████▌  | 68851/91223 [00:25<00:08, 2757.76it/s]
Benchmarking (mlp):  76%|███████▌  | 69129/91223 [00:25<00:08, 2761.53it/s]
Benchmarking (mlp):  76%|███████▌  | 69406/91223 [00:25<00:07, 2757.47it/s]
Benchmarking (mlp):  76%|███████▋  | 69682/91223 [00:25<00:07, 2755.21it/s]
Benchmarking (mlp):  77%|███████▋  | 69958/91223 [00:26<00:07, 2730.48it/s]
Benchmarking (mlp):  77%|███████▋  | 70232/91223 [00:26<00:07, 2712.99it/s]
Benchmarking (mlp):  77%|███████▋  | 70504/91223 [00:26<00:07, 2671.87it/s]
Benchmarking (mlp):  78%|███████▊  | 70780/91223 [00:26<00:07, 2696.87it/s]
Benchmarking (mlp):  78%|███████▊  | 71050/91223 [00:26<00:07, 2690.90it/s]
Benchmarking (mlp):  78%|███████▊  | 71320/91223 [00:26<00:07, 2685.13it/s]
Benchmarking (mlp):  78%|███████▊  | 71594/91223 [00:26<00:07, 2699.78it/s]
Benchmarking (mlp):  79%|███████▉  | 71865/91223 [00:26<00:07, 2666.11it/s]
Benchmarking (mlp):  79%|███████▉  | 72132/91223 [00:26<00:07, 2637.50it/s]
Benchmarking (mlp):  79%|███████▉  | 72405/91223 [00:27<00:07, 2663.99it/s]
Benchmarking (mlp):  80%|███████▉  | 72676/91223 [00:27<00:06, 2675.32it/s]
Benchmarking (mlp):  80%|███████▉  | 72944/91223 [00:27<00:06, 2670.05it/s]
Benchmarking (mlp):  80%|████████  | 73212/91223 [00:27<00:06, 2668.07it/s]
Benchmarking (mlp):  81%|████████  | 73488/91223 [00:27<00:06, 2695.34it/s]
Benchmarking (mlp):  81%|████████  | 73760/91223 [00:27<00:06, 2701.98it/s]
Benchmarking (mlp):  81%|████████  | 74031/91223 [00:27<00:06, 2695.16it/s]
Benchmarking (mlp):  81%|████████▏ | 74301/91223 [00:27<00:06, 2648.93it/s]
Benchmarking (mlp):  82%|████████▏ | 74567/91223 [00:27<00:06, 2608.83it/s]
Benchmarking (mlp):  82%|████████▏ | 74831/91223 [00:27<00:06, 2616.06it/s]
Benchmarking (mlp):  82%|████████▏ | 75097/91223 [00:28<00:06, 2627.42it/s]
Benchmarking (mlp):  83%|████████▎ | 75373/91223 [00:28<00:05, 2666.31it/s]
Benchmarking (mlp):  83%|████████▎ | 75640/91223 [00:28<00:05, 2664.66it/s]
Benchmarking (mlp):  83%|████████▎ | 75914/91223 [00:28<00:05, 2686.75it/s]
Benchmarking (mlp):  84%|████████▎ | 76183/91223 [00:28<00:05, 2680.11it/s]
Benchmarking (mlp):  84%|████████▍ | 76452/91223 [00:28<00:05, 2679.54it/s]
Benchmarking (mlp):  84%|████████▍ | 76721/91223 [00:28<00:05, 2681.48it/s]
Benchmarking (mlp):  84%|████████▍ | 76990/91223 [00:28<00:05, 2682.07it/s]
Benchmarking (mlp):  85%|████████▍ | 77259/91223 [00:28<00:05, 2665.39it/s]
Benchmarking (mlp):  85%|████████▍ | 77526/91223 [00:28<00:05, 2660.25it/s]
Benchmarking (mlp):  85%|████████▌ | 77793/91223 [00:29<00:05, 2661.20it/s]
Benchmarking (mlp):  86%|████████▌ | 78060/91223 [00:29<00:04, 2662.93it/s]
Benchmarking (mlp):  86%|████████▌ | 78327/91223 [00:29<00:04, 2656.32it/s]
Benchmarking (mlp):  86%|████████▌ | 78593/91223 [00:29<00:04, 2654.68it/s]
Benchmarking (mlp):  86%|████████▋ | 78862/91223 [00:29<00:04, 2658.97it/s]
Benchmarking (mlp):  87%|████████▋ | 79128/91223 [00:29<00:04, 2640.40it/s]
Benchmarking (mlp):  87%|████████▋ | 79393/91223 [00:29<00:04, 2634.45it/s]
Benchmarking (mlp):  87%|████████▋ | 79657/91223 [00:29<00:04, 2619.14it/s]
Benchmarking (mlp):  88%|████████▊ | 79919/91223 [00:29<00:04, 2608.99it/s]
Benchmarking (mlp):  88%|████████▊ | 80188/91223 [00:29<00:04, 2633.03it/s]
Benchmarking (mlp):  88%|████████▊ | 80452/91223 [00:30<00:04, 2557.85it/s]
Benchmarking (mlp):  88%|████████▊ | 80709/91223 [00:30<00:04, 2530.31it/s]
Benchmarking (mlp):  89%|████████▉ | 80963/91223 [00:30<00:04, 2454.25it/s]
Benchmarking (mlp):  89%|████████▉ | 81212/91223 [00:30<00:04, 2462.38it/s]
Benchmarking (mlp):  89%|████████▉ | 81471/91223 [00:30<00:03, 2498.01it/s]
Benchmarking (mlp):  90%|████████▉ | 81722/91223 [00:30<00:03, 2491.88it/s]
Benchmarking (mlp):  90%|████████▉ | 81982/91223 [00:30<00:03, 2522.73it/s]
Benchmarking (mlp):  90%|█████████ | 82245/91223 [00:30<00:03, 2553.73it/s]
Benchmarking (mlp):  90%|█████████ | 82515/91223 [00:30<00:03, 2596.20it/s]
Benchmarking (mlp):  91%|█████████ | 82775/91223 [00:30<00:03, 2592.71it/s]
Benchmarking (mlp):  91%|█████████ | 83035/91223 [00:31<00:03, 2594.74it/s]
Benchmarking (mlp):  91%|█████████▏| 83297/91223 [00:31<00:03, 2600.19it/s]
Benchmarking (mlp):  92%|█████████▏| 83566/91223 [00:31<00:02, 2626.46it/s]
Benchmarking (mlp):  92%|█████████▏| 83829/91223 [00:31<00:02, 2571.87it/s]
Benchmarking (mlp):  92%|█████████▏| 84087/91223 [00:31<00:02, 2556.58it/s]
Benchmarking (mlp):  92%|█████████▏| 84359/91223 [00:31<00:02, 2602.55it/s]
Benchmarking (mlp):  93%|█████████▎| 84621/91223 [00:31<00:02, 2606.46it/s]
Benchmarking (mlp):  93%|█████████▎| 84882/91223 [00:31<00:02, 2591.74it/s]
Benchmarking (mlp):  93%|█████████▎| 85142/91223 [00:31<00:02, 2572.73it/s]
Benchmarking (mlp):  94%|█████████▎| 85400/91223 [00:31<00:02, 2567.92it/s]
Benchmarking (mlp):  94%|█████████▍| 85657/91223 [00:32<00:02, 2567.63it/s]
Benchmarking (mlp):  94%|█████████▍| 85922/91223 [00:32<00:02, 2591.80it/s]
Benchmarking (mlp):  94%|█████████▍| 86187/91223 [00:32<00:01, 2608.68it/s]
Benchmarking (mlp):  95%|█████████▍| 86450/91223 [00:32<00:01, 2614.19it/s]
Benchmarking (mlp):  95%|█████████▌| 86723/91223 [00:32<00:01, 2647.10it/s]
Benchmarking (mlp):  95%|█████████▌| 86989/91223 [00:32<00:01, 2648.27it/s]
Benchmarking (mlp):  96%|█████████▌| 87254/91223 [00:32<00:01, 2625.89it/s]
Benchmarking (mlp):  96%|█████████▌| 87517/91223 [00:32<00:01, 2612.71it/s]
Benchmarking (mlp):  96%|█████████▌| 87779/91223 [00:32<00:01, 2586.16it/s]
Benchmarking (mlp):  97%|█████████▋| 88038/91223 [00:32<00:01, 2534.18it/s]
Benchmarking (mlp):  97%|█████████▋| 88293/91223 [00:33<00:01, 2536.19it/s]
Benchmarking (mlp):  97%|█████████▋| 88547/91223 [00:33<00:01, 2527.81it/s]
Benchmarking (mlp):  97%|█████████▋| 88803/91223 [00:33<00:00, 2535.95it/s]
Benchmarking (mlp):  98%|█████████▊| 89057/91223 [00:33<00:00, 2502.12it/s]
Benchmarking (mlp):  98%|█████████▊| 89308/91223 [00:33<00:00, 2489.28it/s]
Benchmarking (mlp):  98%|█████████▊| 89569/91223 [00:33<00:00, 2523.51it/s]
Benchmarking (mlp):  98%|█████████▊| 89831/91223 [00:33<00:00, 2550.30it/s]
Benchmarking (mlp):  99%|█████████▉| 90096/91223 [00:33<00:00, 2578.43it/s]
Benchmarking (mlp):  99%|█████████▉| 90365/91223 [00:33<00:00, 2610.84it/s]
Benchmarking (mlp):  99%|█████████▉| 90627/91223 [00:34<00:00, 2482.07it/s]
Benchmarking (mlp): 100%|█████████▉| 90877/91223 [00:34<00:00, 2456.50it/s]
Benchmarking (mlp): 100%|█████████▉| 91146/91223 [00:34<00:00, 2523.30it/s]
Benchmarking (mlp):   0%|          | 0/26063 [00:00<?, ?it/s]
Benchmarking (mlp):   1%|          | 270/26063 [00:00<00:09, 2695.47it/s]
Benchmarking (mlp):   2%|▏         | 540/26063 [00:00<00:09, 2670.94it/s]
Benchmarking (mlp):   3%|▎         | 808/26063 [00:00<00:09, 2660.45it/s]
Benchmarking (mlp):   4%|▍         | 1078/26063 [00:00<00:09, 2673.88it/s]
Benchmarking (mlp):   5%|▌         | 1355/26063 [00:00<00:09, 2706.94it/s]
Benchmarking (mlp):   6%|▌         | 1626/26063 [00:00<00:09, 2695.10it/s]
Benchmarking (mlp):   7%|▋         | 1898/26063 [00:00<00:08, 2701.96it/s]
Benchmarking (mlp):   8%|▊         | 2174/26063 [00:00<00:08, 2718.79it/s]
Benchmarking (mlp):   9%|▉         | 2446/26063 [00:00<00:08, 2717.90it/s]
Benchmarking (mlp):  10%|█         | 2718/26063 [00:01<00:08, 2699.69it/s]
Benchmarking (mlp):  11%|█▏        | 2989/26063 [00:01<00:08, 2684.39it/s]
Benchmarking (mlp):  13%|█▎        | 3266/26063 [00:01<00:08, 2708.33it/s]
Benchmarking (mlp):  14%|█▎        | 3537/26063 [00:01<00:08, 2694.10it/s]
Benchmarking (mlp):  15%|█▍        | 3812/26063 [00:01<00:08, 2709.24it/s]
Benchmarking (mlp):  16%|█▌        | 4083/26063 [00:01<00:08, 2694.40it/s]
Benchmarking (mlp):  17%|█▋        | 4353/26063 [00:01<00:08, 2645.40it/s]
Benchmarking (mlp):  18%|█▊        | 4625/26063 [00:01<00:08, 2666.28it/s]
Benchmarking (mlp):  19%|█▉        | 4892/26063 [00:01<00:08, 2623.89it/s]
Benchmarking (mlp):  20%|█▉        | 5162/26063 [00:01<00:07, 2643.98it/s]
Benchmarking (mlp):  21%|██        | 5432/26063 [00:02<00:07, 2657.82it/s]
Benchmarking (mlp):  22%|██▏       | 5701/26063 [00:02<00:07, 2666.17it/s]
Benchmarking (mlp):  23%|██▎       | 5968/26063 [00:02<00:07, 2662.69it/s]
Benchmarking (mlp):  24%|██▍       | 6235/26063 [00:02<00:07, 2654.47it/s]
Benchmarking (mlp):  25%|██▍       | 6501/26063 [00:02<00:07, 2644.67it/s]
Benchmarking (mlp):  26%|██▌       | 6776/26063 [00:02<00:07, 2673.30it/s]
Benchmarking (mlp):  27%|██▋       | 7047/26063 [00:02<00:07, 2682.17it/s]
Benchmarking (mlp):  28%|██▊       | 7319/26063 [00:02<00:06, 2690.51it/s]
Benchmarking (mlp):  29%|██▉       | 7589/26063 [00:02<00:06, 2642.94it/s]
Benchmarking (mlp):  30%|███       | 7854/26063 [00:02<00:06, 2615.94it/s]
Benchmarking (mlp):  31%|███       | 8119/26063 [00:03<00:06, 2625.30it/s]
Benchmarking (mlp):  32%|███▏      | 8400/26063 [00:03<00:06, 2679.35it/s]
Benchmarking (mlp):  33%|███▎      | 8669/26063 [00:03<00:06, 2671.80it/s]
Benchmarking (mlp):  34%|███▍      | 8946/26063 [00:03<00:06, 2700.52it/s]
Benchmarking (mlp):  35%|███▌      | 9226/26063 [00:03<00:06, 2729.16it/s]
Benchmarking (mlp):  36%|███▋      | 9501/26063 [00:03<00:06, 2734.23it/s]
Benchmarking (mlp):  38%|███▊      | 9775/26063 [00:03<00:05, 2723.39it/s]
Benchmarking (mlp):  39%|███▊      | 10048/26063 [00:03<00:06, 2665.50it/s]
Benchmarking (mlp):  40%|███▉      | 10315/26063 [00:03<00:05, 2627.88it/s]
Benchmarking (mlp):  41%|████      | 10589/26063 [00:03<00:05, 2659.69it/s]
Benchmarking (mlp):  42%|████▏     | 10856/26063 [00:04<00:05, 2629.65it/s]
Benchmarking (mlp):  43%|████▎     | 11120/26063 [00:04<00:05, 2582.07it/s]
Benchmarking (mlp):  44%|████▎     | 11387/26063 [00:04<00:05, 2607.19it/s]
Benchmarking (mlp):  45%|████▍     | 11658/26063 [00:04<00:05, 2636.23it/s]
Benchmarking (mlp):  46%|████▌     | 11926/26063 [00:04<00:05, 2648.99it/s]
Benchmarking (mlp):  47%|████▋     | 12192/26063 [00:04<00:05, 2630.17it/s]
Benchmarking (mlp):  48%|████▊     | 12458/26063 [00:04<00:05, 2637.99it/s]
Benchmarking (mlp):  49%|████▉     | 12731/26063 [00:04<00:05, 2665.00it/s]
Benchmarking (mlp):  50%|████▉     | 12998/26063 [00:04<00:04, 2660.02it/s]
Benchmarking (mlp):  51%|█████     | 13274/26063 [00:04<00:04, 2687.91it/s]
Benchmarking (mlp):  52%|█████▏    | 13543/26063 [00:05<00:04, 2681.82it/s]
Benchmarking (mlp):  53%|█████▎    | 13820/26063 [00:05<00:04, 2707.91it/s]
Benchmarking (mlp):  54%|█████▍    | 14096/26063 [00:05<00:04, 2720.70it/s]
Benchmarking (mlp):  55%|█████▌    | 14369/26063 [00:05<00:04, 2716.26it/s]
Benchmarking (mlp):  56%|█████▌    | 14641/26063 [00:05<00:04, 2686.34it/s]
Benchmarking (mlp):  57%|█████▋    | 14910/26063 [00:05<00:04, 2676.67it/s]
Benchmarking (mlp):  58%|█████▊    | 15178/26063 [00:05<00:04, 2675.73it/s]
Benchmarking (mlp):  59%|█████▉    | 15446/26063 [00:05<00:03, 2670.87it/s]
Benchmarking (mlp):  60%|██████    | 15719/26063 [00:05<00:03, 2688.19it/s]
Benchmarking (mlp):  61%|██████▏   | 15998/26063 [00:05<00:03, 2715.72it/s]
Benchmarking (mlp):  62%|██████▏   | 16271/26063 [00:06<00:03, 2717.36it/s]
Benchmarking (mlp):  63%|██████▎   | 16550/26063 [00:06<00:03, 2738.90it/s]
Benchmarking (mlp):  65%|██████▍   | 16824/26063 [00:06<00:03, 2718.93it/s]
Benchmarking (mlp):  66%|██████▌   | 17096/26063 [00:06<00:03, 2686.05it/s]
Benchmarking (mlp):  67%|██████▋   | 17365/26063 [00:06<00:03, 2680.98it/s]
Benchmarking (mlp):  68%|██████▊   | 17637/26063 [00:06<00:03, 2692.31it/s]
Benchmarking (mlp):  69%|██████▊   | 17907/26063 [00:06<00:03, 2667.41it/s]
Benchmarking (mlp):  70%|██████▉   | 18174/26063 [00:06<00:02, 2663.90it/s]
Benchmarking (mlp):  71%|███████   | 18446/26063 [00:06<00:02, 2678.22it/s]
Benchmarking (mlp):  72%|███████▏  | 18722/26063 [00:06<00:02, 2700.39it/s]
Benchmarking (mlp):  73%|███████▎  | 18993/26063 [00:07<00:02, 2702.86it/s]
Benchmarking (mlp):  74%|███████▍  | 19266/26063 [00:07<00:02, 2709.00it/s]
Benchmarking (mlp):  75%|███████▍  | 19541/26063 [00:07<00:02, 2720.66it/s]
Benchmarking (mlp):  76%|███████▌  | 19814/26063 [00:07<00:02, 2722.32it/s]
Benchmarking (mlp):  77%|███████▋  | 20088/26063 [00:07<00:02, 2725.41it/s]
Benchmarking (mlp):  78%|███████▊  | 20362/26063 [00:07<00:02, 2729.00it/s]
Benchmarking (mlp):  79%|███████▉  | 20636/26063 [00:07<00:01, 2730.47it/s]
Benchmarking (mlp):  80%|████████  | 20910/26063 [00:07<00:01, 2714.87it/s]
Benchmarking (mlp):  81%|████████▏ | 21182/26063 [00:07<00:01, 2696.63it/s]
Benchmarking (mlp):  82%|████████▏ | 21455/26063 [00:07<00:01, 2706.39it/s]
Benchmarking (mlp):  83%|████████▎ | 21726/26063 [00:08<00:01, 2687.30it/s]
Benchmarking (mlp):  84%|████████▍ | 21997/26063 [00:08<00:01, 2693.42it/s]
Benchmarking (mlp):  85%|████████▌ | 22268/26063 [00:08<00:01, 2697.01it/s]
Benchmarking (mlp):  86%|████████▋ | 22538/26063 [00:08<00:01, 2687.80it/s]
Benchmarking (mlp):  88%|████████▊ | 22807/26063 [00:08<00:01, 2688.12it/s]
Benchmarking (mlp):  89%|████████▊ | 23083/26063 [00:08<00:01, 2707.92it/s]
Benchmarking (mlp):  90%|████████▉ | 23354/26063 [00:08<00:01, 2703.08it/s]
Benchmarking (mlp):  91%|█████████ | 23625/26063 [00:08<00:00, 2688.53it/s]
Benchmarking (mlp):  92%|█████████▏| 23896/26063 [00:08<00:00, 2693.85it/s]
Benchmarking (mlp):  93%|█████████▎| 24166/26063 [00:09<00:00, 2649.96it/s]
Benchmarking (mlp):  94%|█████████▎| 24434/26063 [00:09<00:00, 2656.81it/s]
Benchmarking (mlp):  95%|█████████▍| 24703/26063 [00:09<00:00, 2664.37it/s]
Benchmarking (mlp):  96%|█████████▌| 24970/26063 [00:09<00:00, 2659.56it/s]
Benchmarking (mlp):  97%|█████████▋| 25243/26063 [00:09<00:00, 2679.00it/s]
Benchmarking (mlp):  98%|█████████▊| 25511/26063 [00:09<00:00, 2674.15it/s]
Benchmarking (mlp):  99%|█████████▉| 25779/26063 [00:09<00:00, 2657.19it/s]
Benchmarking (mlp): 100%|█████████▉| 26050/26063 [00:09<00:00, 2672.12it/s]
Benchmarking (mlp):   0%|          | 0/13033 [00:00<?, ?it/s]
Benchmarking (mlp):   2%|▏         | 266/13033 [00:00<00:04, 2655.26it/s]
Benchmarking (mlp):   4%|▍         | 541/13033 [00:00<00:04, 2707.85it/s]
Benchmarking (mlp):   6%|▋         | 816/13033 [00:00<00:04, 2723.59it/s]
Benchmarking (mlp):   8%|▊         | 1089/13033 [00:00<00:04, 2679.12it/s]
Benchmarking (mlp):  10%|█         | 1358/13033 [00:00<00:04, 2674.58it/s]
Benchmarking (mlp):  12%|█▏        | 1626/13033 [00:00<00:04, 2633.72it/s]
Benchmarking (mlp):  15%|█▍        | 1892/13033 [00:00<00:04, 2640.54it/s]
Benchmarking (mlp):  17%|█▋        | 2164/13033 [00:00<00:04, 2665.00it/s]
Benchmarking (mlp):  19%|█▊        | 2438/13033 [00:00<00:03, 2682.48it/s]
Benchmarking (mlp):  21%|██        | 2713/13033 [00:01<00:03, 2701.74it/s]
Benchmarking (mlp):  23%|██▎       | 2984/13033 [00:01<00:03, 2693.41it/s]
Benchmarking (mlp):  25%|██▌       | 3259/13033 [00:01<00:03, 2709.31it/s]
Benchmarking (mlp):  27%|██▋       | 3535/13033 [00:01<00:03, 2722.44it/s]
Benchmarking (mlp):  29%|██▉       | 3810/13033 [00:01<00:03, 2729.94it/s]
Benchmarking (mlp):  31%|███▏      | 4087/13033 [00:01<00:03, 2739.09it/s]
Benchmarking (mlp):  34%|███▎      | 4367/13033 [00:01<00:03, 2755.14it/s]
Benchmarking (mlp):  36%|███▌      | 4646/13033 [00:01<00:03, 2765.18it/s]
Benchmarking (mlp):  38%|███▊      | 4923/13033 [00:01<00:02, 2731.16it/s]
Benchmarking (mlp):  40%|███▉      | 5197/13033 [00:01<00:02, 2725.00it/s]
Benchmarking (mlp):  42%|████▏     | 5470/13033 [00:02<00:02, 2696.37it/s]
Benchmarking (mlp):  44%|████▍     | 5740/13033 [00:02<00:02, 2693.38it/s]
Benchmarking (mlp):  46%|████▌     | 6010/13033 [00:02<00:02, 2676.53it/s]
Benchmarking (mlp):  48%|████▊     | 6281/13033 [00:02<00:02, 2686.30it/s]
Benchmarking (mlp):  50%|█████     | 6555/13033 [00:02<00:02, 2699.61it/s]
Benchmarking (mlp):  52%|█████▏    | 6833/13033 [00:02<00:02, 2723.14it/s]
Benchmarking (mlp):  55%|█████▍    | 7108/13033 [00:02<00:02, 2731.12it/s]
Benchmarking (mlp):  57%|█████▋    | 7382/13033 [00:02<00:02, 2719.07it/s]
Benchmarking (mlp):  59%|█████▉    | 7657/13033 [00:02<00:01, 2726.30it/s]
Benchmarking (mlp):  61%|██████    | 7930/13033 [00:02<00:01, 2721.90it/s]
Benchmarking (mlp):  63%|██████▎   | 8203/13033 [00:03<00:01, 2690.05it/s]
Benchmarking (mlp):  65%|██████▌   | 8477/13033 [00:03<00:01, 2703.45it/s]
Benchmarking (mlp):  67%|██████▋   | 8748/13033 [00:03<00:01, 2679.78it/s]
Benchmarking (mlp):  69%|██████▉   | 9017/13033 [00:03<00:01, 2677.20it/s]
Benchmarking (mlp):  71%|███████▏  | 9289/13033 [00:03<00:01, 2688.48it/s]
Benchmarking (mlp):  73%|███████▎  | 9562/13033 [00:03<00:01, 2699.76it/s]
Benchmarking (mlp):  75%|███████▌  | 9833/13033 [00:03<00:01, 2675.28it/s]
Benchmarking (mlp):  78%|███████▊  | 10110/13033 [00:03<00:01, 2701.63it/s]
Benchmarking (mlp):  80%|███████▉  | 10383/13033 [00:03<00:00, 2708.98it/s]
Benchmarking (mlp):  82%|████████▏ | 10657/13033 [00:03<00:00, 2717.53it/s]
Benchmarking (mlp):  84%|████████▍ | 10929/13033 [00:04<00:00, 2704.72it/s]
Benchmarking (mlp):  86%|████████▌ | 11200/13033 [00:04<00:00, 2704.23it/s]
Benchmarking (mlp):  88%|████████▊ | 11471/13033 [00:04<00:00, 2692.33it/s]
Benchmarking (mlp):  90%|█████████ | 11741/13033 [00:04<00:00, 2671.73it/s]
Benchmarking (mlp):  92%|█████████▏| 12009/13033 [00:04<00:00, 2670.08it/s]
Benchmarking (mlp):  94%|█████████▍| 12277/13033 [00:04<00:00, 2664.78it/s]
Benchmarking (mlp):  96%|█████████▋| 12545/13033 [00:04<00:00, 2661.02it/s]
Benchmarking (mlp):  98%|█████████▊| 12812/13033 [00:04<00:00, 2657.94it/s]
Benchmarking (mlp):   0%|          | 0/91223 [00:00<?, ?it/s]
Benchmarking (mlp):   0%|          | 271/91223 [00:00<00:33, 2705.69it/s]
Benchmarking (mlp):   1%|          | 551/91223 [00:00<00:32, 2757.22it/s]
Benchmarking (mlp):   1%|          | 827/91223 [00:00<00:33, 2666.07it/s]
Benchmarking (mlp):   1%|          | 1105/91223 [00:00<00:33, 2707.09it/s]
Benchmarking (mlp):   2%|▏         | 1376/91223 [00:00<00:33, 2705.74it/s]
Benchmarking (mlp):   2%|▏         | 1653/91223 [00:00<00:32, 2725.19it/s]
Benchmarking (mlp):   2%|▏         | 1933/91223 [00:00<00:32, 2747.70it/s]
Benchmarking (mlp):   2%|▏         | 2208/91223 [00:00<00:32, 2731.23it/s]
Benchmarking (mlp):   3%|▎         | 2484/91223 [00:00<00:32, 2735.44it/s]
Benchmarking (mlp):   3%|▎         | 2760/91223 [00:01<00:32, 2740.32it/s]
Benchmarking (mlp):   3%|▎         | 3035/91223 [00:01<00:32, 2709.10it/s]
Benchmarking (mlp):   4%|▎         | 3311/91223 [00:01<00:32, 2722.50it/s]
Benchmarking (mlp):   4%|▍         | 3584/91223 [00:01<00:32, 2699.05it/s]
Benchmarking (mlp):   4%|▍         | 3862/91223 [00:01<00:32, 2721.80it/s]
Benchmarking (mlp):   5%|▍         | 4138/91223 [00:01<00:31, 2733.16it/s]
Benchmarking (mlp):   5%|▍         | 4418/91223 [00:01<00:31, 2751.17it/s]
Benchmarking (mlp):   5%|▌         | 4694/91223 [00:01<00:31, 2740.34it/s]
Benchmarking (mlp):   5%|▌         | 4969/91223 [00:01<00:31, 2723.09it/s]
Benchmarking (mlp):   6%|▌         | 5242/91223 [00:01<00:31, 2700.48it/s]
Benchmarking (mlp):   6%|▌         | 5513/91223 [00:02<00:32, 2677.80it/s]
Benchmarking (mlp):   6%|▋         | 5790/91223 [00:02<00:31, 2704.52it/s]
Benchmarking (mlp):   7%|▋         | 6071/91223 [00:02<00:31, 2734.40it/s]
Benchmarking (mlp):   7%|▋         | 6345/91223 [00:02<00:31, 2719.36it/s]
Benchmarking (mlp):   7%|▋         | 6622/91223 [00:02<00:30, 2733.00it/s]
Benchmarking (mlp):   8%|▊         | 6896/91223 [00:02<00:30, 2735.01it/s]
Benchmarking (mlp):   8%|▊         | 7170/91223 [00:02<00:30, 2717.89it/s]
Benchmarking (mlp):   8%|▊         | 7442/91223 [00:02<00:30, 2716.62it/s]
Benchmarking (mlp):   8%|▊         | 7714/91223 [00:02<00:30, 2717.27it/s]
Benchmarking (mlp):   9%|▉         | 7986/91223 [00:02<00:30, 2712.48it/s]
Benchmarking (mlp):   9%|▉         | 8266/91223 [00:03<00:30, 2736.20it/s]
Benchmarking (mlp):   9%|▉         | 8540/91223 [00:03<00:30, 2732.45it/s]
Benchmarking (mlp):  10%|▉         | 8815/91223 [00:03<00:30, 2737.48it/s]
Benchmarking (mlp):  10%|▉         | 9090/91223 [00:03<00:29, 2740.34it/s]
Benchmarking (mlp):  10%|█         | 9369/91223 [00:03<00:29, 2753.58it/s]
Benchmarking (mlp):  11%|█         | 9649/91223 [00:03<00:29, 2765.58it/s]
Benchmarking (mlp):  11%|█         | 9926/91223 [00:03<00:29, 2759.19it/s]
Benchmarking (mlp):  11%|█         | 10202/91223 [00:03<00:29, 2748.10it/s]
Benchmarking (mlp):  11%|█▏        | 10477/91223 [00:03<00:29, 2732.58it/s]
Benchmarking (mlp):  12%|█▏        | 10751/91223 [00:03<00:29, 2722.24it/s]
Benchmarking (mlp):  12%|█▏        | 11024/91223 [00:04<00:29, 2716.02it/s]
Benchmarking (mlp):  12%|█▏        | 11296/91223 [00:04<00:29, 2707.78it/s]
Benchmarking (mlp):  13%|█▎        | 11571/91223 [00:04<00:29, 2718.63it/s]
Benchmarking (mlp):  13%|█▎        | 11843/91223 [00:04<00:29, 2684.15it/s]
Benchmarking (mlp):  13%|█▎        | 12118/91223 [00:04<00:29, 2702.76it/s]
Benchmarking (mlp):  14%|█▎        | 12392/91223 [00:04<00:29, 2713.77it/s]
Benchmarking (mlp):  14%|█▍        | 12670/91223 [00:04<00:28, 2732.53it/s]
Benchmarking (mlp):  14%|█▍        | 12944/91223 [00:04<00:29, 2694.21it/s]
Benchmarking (mlp):  14%|█▍        | 13214/91223 [00:04<00:29, 2684.74it/s]
Benchmarking (mlp):  15%|█▍        | 13483/91223 [00:04<00:29, 2663.00it/s]
Benchmarking (mlp):  15%|█▌        | 13752/91223 [00:05<00:29, 2669.16it/s]
Benchmarking (mlp):  15%|█▌        | 14020/91223 [00:05<00:28, 2671.76it/s]
Benchmarking (mlp):  16%|█▌        | 14288/91223 [00:05<00:28, 2665.36it/s]
Benchmarking (mlp):  16%|█▌        | 14559/91223 [00:05<00:28, 2677.78it/s]
Benchmarking (mlp):  16%|█▋        | 14835/91223 [00:05<00:28, 2701.46it/s]
Benchmarking (mlp):  17%|█▋        | 15106/91223 [00:05<00:28, 2698.04it/s]
Benchmarking (mlp):  17%|█▋        | 15376/91223 [00:05<00:28, 2681.39it/s]
Benchmarking (mlp):  17%|█▋        | 15646/91223 [00:05<00:28, 2684.70it/s]
Benchmarking (mlp):  17%|█▋        | 15919/91223 [00:05<00:27, 2695.62it/s]
Benchmarking (mlp):  18%|█▊        | 16194/91223 [00:05<00:27, 2709.96it/s]
Benchmarking (mlp):  18%|█▊        | 16466/91223 [00:06<00:28, 2666.45it/s]
Benchmarking (mlp):  18%|█▊        | 16735/91223 [00:06<00:27, 2672.73it/s]
Benchmarking (mlp):  19%|█▊        | 17003/91223 [00:06<00:27, 2671.91it/s]
Benchmarking (mlp):  19%|█▉        | 17274/91223 [00:06<00:27, 2682.59it/s]
Benchmarking (mlp):  19%|█▉        | 17544/91223 [00:06<00:27, 2687.02it/s]
Benchmarking (mlp):  20%|█▉        | 17813/91223 [00:06<00:27, 2666.43it/s]
Benchmarking (mlp):  20%|█▉        | 18080/91223 [00:06<00:27, 2652.29it/s]
Benchmarking (mlp):  20%|██        | 18351/91223 [00:06<00:27, 2669.21it/s]
Benchmarking (mlp):  20%|██        | 18620/91223 [00:06<00:27, 2673.14it/s]
Benchmarking (mlp):  21%|██        | 18888/91223 [00:06<00:27, 2668.77it/s]
Benchmarking (mlp):  21%|██        | 19155/91223 [00:07<00:27, 2666.42it/s]
Benchmarking (mlp):  21%|██▏       | 19422/91223 [00:07<00:26, 2666.42it/s]
Benchmarking (mlp):  22%|██▏       | 19693/91223 [00:07<00:26, 2679.34it/s]
Benchmarking (mlp):  22%|██▏       | 19961/91223 [00:07<00:26, 2667.05it/s]
Benchmarking (mlp):  22%|██▏       | 20228/91223 [00:07<00:26, 2667.25it/s]
Benchmarking (mlp):  22%|██▏       | 20502/91223 [00:07<00:26, 2687.20it/s]
Benchmarking (mlp):  23%|██▎       | 20772/91223 [00:07<00:26, 2690.46it/s]
Benchmarking (mlp):  23%|██▎       | 21046/91223 [00:07<00:25, 2704.25it/s]
Benchmarking (mlp):  23%|██▎       | 21317/91223 [00:07<00:25, 2699.23it/s]
Benchmarking (mlp):  24%|██▎       | 21596/91223 [00:07<00:25, 2725.54it/s]
Benchmarking (mlp):  24%|██▍       | 21869/91223 [00:08<00:25, 2715.58it/s]
Benchmarking (mlp):  24%|██▍       | 22141/91223 [00:08<00:25, 2704.58it/s]
Benchmarking (mlp):  25%|██▍       | 22415/91223 [00:08<00:25, 2714.04it/s]
Benchmarking (mlp):  25%|██▍       | 22687/91223 [00:08<00:25, 2693.43it/s]
Benchmarking (mlp):  25%|██▌       | 22957/91223 [00:08<00:25, 2691.17it/s]
Benchmarking (mlp):  25%|██▌       | 23227/91223 [00:08<00:25, 2693.66it/s]
Benchmarking (mlp):  26%|██▌       | 23497/91223 [00:08<00:25, 2692.15it/s]
Benchmarking (mlp):  26%|██▌       | 23767/91223 [00:08<00:25, 2685.72it/s]
Benchmarking (mlp):  26%|██▋       | 24042/91223 [00:08<00:24, 2702.87it/s]
Benchmarking (mlp):  27%|██▋       | 24316/91223 [00:08<00:24, 2712.02it/s]
Benchmarking (mlp):  27%|██▋       | 24588/91223 [00:09<00:24, 2687.33it/s]
Benchmarking (mlp):  27%|██▋       | 24861/91223 [00:09<00:24, 2699.04it/s]
Benchmarking (mlp):  28%|██▊       | 25131/91223 [00:09<00:24, 2684.08it/s]
Benchmarking (mlp):  28%|██▊       | 25405/91223 [00:09<00:24, 2696.80it/s]
Benchmarking (mlp):  28%|██▊       | 25675/91223 [00:09<00:24, 2663.49it/s]
Benchmarking (mlp):  28%|██▊       | 25942/91223 [00:09<00:24, 2638.48it/s]
Benchmarking (mlp):  29%|██▊       | 26208/91223 [00:09<00:24, 2642.49it/s]
Benchmarking (mlp):  29%|██▉       | 26485/91223 [00:09<00:24, 2678.54it/s]
Benchmarking (mlp):  29%|██▉       | 26753/91223 [00:09<00:24, 2655.58it/s]
Benchmarking (mlp):  30%|██▉       | 27029/91223 [00:10<00:23, 2685.39it/s]
Benchmarking (mlp):  30%|██▉       | 27298/91223 [00:10<00:23, 2664.11it/s]
Benchmarking (mlp):  30%|███       | 27576/91223 [00:10<00:23, 2696.47it/s]
Benchmarking (mlp):  31%|███       | 27846/91223 [00:10<00:23, 2687.57it/s]
Benchmarking (mlp):  31%|███       | 28116/91223 [00:10<00:23, 2689.81it/s]
Benchmarking (mlp):  31%|███       | 28388/91223 [00:10<00:23, 2696.67it/s]
Benchmarking (mlp):  31%|███▏      | 28658/91223 [00:10<00:23, 2692.62it/s]
Benchmarking (mlp):  32%|███▏      | 28932/91223 [00:10<00:23, 2704.39it/s]
Benchmarking (mlp):  32%|███▏      | 29209/91223 [00:10<00:22, 2721.38it/s]
Benchmarking (mlp):  32%|███▏      | 29486/91223 [00:10<00:22, 2733.24it/s]
Benchmarking (mlp):  33%|███▎      | 29760/91223 [00:11<00:22, 2722.65it/s]
Benchmarking (mlp):  33%|███▎      | 30033/91223 [00:11<00:22, 2683.19it/s]
Benchmarking (mlp):  33%|███▎      | 30302/91223 [00:11<00:22, 2682.42it/s]
Benchmarking (mlp):  34%|███▎      | 30571/91223 [00:11<00:22, 2658.61it/s]
Benchmarking (mlp):  34%|███▍      | 30847/91223 [00:11<00:22, 2686.61it/s]
Benchmarking (mlp):  34%|███▍      | 31116/91223 [00:11<00:22, 2628.23it/s]
Benchmarking (mlp):  34%|███▍      | 31391/91223 [00:11<00:22, 2663.60it/s]
Benchmarking (mlp):  35%|███▍      | 31669/91223 [00:11<00:22, 2696.42it/s]
Benchmarking (mlp):  35%|███▌      | 31942/91223 [00:11<00:21, 2703.58it/s]
Benchmarking (mlp):  35%|███▌      | 32213/91223 [00:11<00:22, 2666.84it/s]
Benchmarking (mlp):  36%|███▌      | 32480/91223 [00:12<00:22, 2641.29it/s]
Benchmarking (mlp):  36%|███▌      | 32745/91223 [00:12<00:22, 2613.41it/s]
Benchmarking (mlp):  36%|███▌      | 33018/91223 [00:12<00:22, 2645.49it/s]
Benchmarking (mlp):  36%|███▋      | 33283/91223 [00:12<00:21, 2635.57it/s]
Benchmarking (mlp):  37%|███▋      | 33547/91223 [00:12<00:21, 2624.99it/s]
Benchmarking (mlp):  37%|███▋      | 33824/91223 [00:12<00:21, 2666.43it/s]
Benchmarking (mlp):  37%|███▋      | 34103/91223 [00:12<00:21, 2700.37it/s]
Benchmarking (mlp):  38%|███▊      | 34374/91223 [00:12<00:21, 2694.07it/s]
Benchmarking (mlp):  38%|███▊      | 34647/91223 [00:12<00:20, 2702.59it/s]
Benchmarking (mlp):  38%|███▊      | 34918/91223 [00:12<00:21, 2676.98it/s]
Benchmarking (mlp):  39%|███▊      | 35186/91223 [00:13<00:20, 2677.24it/s]
Benchmarking (mlp):  39%|███▉      | 35457/91223 [00:13<00:20, 2684.20it/s]
Benchmarking (mlp):  39%|███▉      | 35726/91223 [00:13<00:20, 2673.18it/s]
Benchmarking (mlp):  39%|███▉      | 35999/91223 [00:13<00:20, 2689.47it/s]
Benchmarking (mlp):  40%|███▉      | 36268/91223 [00:13<00:20, 2637.13it/s]
Benchmarking (mlp):  40%|████      | 36532/91223 [00:13<00:20, 2626.79it/s]
Benchmarking (mlp):  40%|████      | 36803/91223 [00:13<00:20, 2651.28it/s]
Benchmarking (mlp):  41%|████      | 37080/91223 [00:13<00:20, 2685.28it/s]
Benchmarking (mlp):  41%|████      | 37349/91223 [00:13<00:20, 2685.41it/s]
Benchmarking (mlp):  41%|████      | 37625/91223 [00:13<00:19, 2707.25it/s]
Benchmarking (mlp):  42%|████▏     | 37896/91223 [00:14<00:19, 2703.27it/s]
Benchmarking (mlp):  42%|████▏     | 38167/91223 [00:14<00:19, 2686.64it/s]
Benchmarking (mlp):  42%|████▏     | 38444/91223 [00:14<00:19, 2708.57it/s]
Benchmarking (mlp):  42%|████▏     | 38717/91223 [00:14<00:19, 2712.76it/s]
Benchmarking (mlp):  43%|████▎     | 38989/91223 [00:14<00:19, 2702.66it/s]
Benchmarking (mlp):  43%|████▎     | 39263/91223 [00:14<00:19, 2713.64it/s]
Benchmarking (mlp):  43%|████▎     | 39535/91223 [00:14<00:19, 2693.43it/s]
Benchmarking (mlp):  44%|████▎     | 39810/91223 [00:14<00:18, 2709.58it/s]
Benchmarking (mlp):  44%|████▍     | 40082/91223 [00:14<00:18, 2702.56it/s]
Benchmarking (mlp):  44%|████▍     | 40353/91223 [00:14<00:18, 2688.87it/s]
Benchmarking (mlp):  45%|████▍     | 40622/91223 [00:15<00:18, 2683.46it/s]
Benchmarking (mlp):  45%|████▍     | 40893/91223 [00:15<00:18, 2689.06it/s]
Benchmarking (mlp):  45%|████▌     | 41164/91223 [00:15<00:18, 2692.75it/s]
Benchmarking (mlp):  45%|████▌     | 41438/91223 [00:15<00:18, 2705.81it/s]
Benchmarking (mlp):  46%|████▌     | 41709/91223 [00:15<00:18, 2694.61it/s]
Benchmarking (mlp):  46%|████▌     | 41979/91223 [00:15<00:18, 2685.81it/s]
Benchmarking (mlp):  46%|████▋     | 42248/91223 [00:15<00:18, 2667.77it/s]
Benchmarking (mlp):  47%|████▋     | 42522/91223 [00:15<00:18, 2687.14it/s]
Benchmarking (mlp):  47%|████▋     | 42801/91223 [00:15<00:17, 2715.82it/s]
Benchmarking (mlp):  47%|████▋     | 43082/91223 [00:15<00:17, 2743.08it/s]
Benchmarking (mlp):  48%|████▊     | 43357/91223 [00:16<00:17, 2710.33it/s]
Benchmarking (mlp):  48%|████▊     | 43629/91223 [00:16<00:17, 2695.54it/s]
Benchmarking (mlp):  48%|████▊     | 43899/91223 [00:16<00:17, 2683.65it/s]
Benchmarking (mlp):  48%|████▊     | 44171/91223 [00:16<00:17, 2694.29it/s]
Benchmarking (mlp):  49%|████▊     | 44441/91223 [00:16<00:17, 2694.54it/s]
Benchmarking (mlp):  49%|████▉     | 44711/91223 [00:16<00:17, 2673.59it/s]
Benchmarking (mlp):  49%|████▉     | 44986/91223 [00:16<00:17, 2694.47it/s]
Benchmarking (mlp):  50%|████▉     | 45256/91223 [00:16<00:17, 2680.29it/s]
Benchmarking (mlp):  50%|████▉     | 45528/91223 [00:16<00:16, 2689.75it/s]
Benchmarking (mlp):  50%|█████     | 45798/91223 [00:16<00:16, 2673.99it/s]
Benchmarking (mlp):  50%|█████     | 46067/91223 [00:17<00:16, 2677.75it/s]
Benchmarking (mlp):  51%|█████     | 46341/91223 [00:17<00:16, 2694.30it/s]
Benchmarking (mlp):  51%|█████     | 46616/91223 [00:17<00:16, 2710.47it/s]
Benchmarking (mlp):  51%|█████▏    | 46888/91223 [00:17<00:16, 2673.80it/s]
Benchmarking (mlp):  52%|█████▏    | 47156/91223 [00:17<00:16, 2616.75it/s]
Benchmarking (mlp):  52%|█████▏    | 47423/91223 [00:17<00:16, 2630.85it/s]
Benchmarking (mlp):  52%|█████▏    | 47690/91223 [00:17<00:16, 2642.12it/s]
Benchmarking (mlp):  53%|█████▎    | 47956/91223 [00:17<00:16, 2645.47it/s]
Benchmarking (mlp):  53%|█████▎    | 48228/91223 [00:17<00:16, 2666.45it/s]
Benchmarking (mlp):  53%|█████▎    | 48498/91223 [00:18<00:15, 2676.38it/s]
Benchmarking (mlp):  53%|█████▎    | 48766/91223 [00:18<00:15, 2666.84it/s]
Benchmarking (mlp):  54%|█████▍    | 49034/91223 [00:18<00:15, 2669.94it/s]
Benchmarking (mlp):  54%|█████▍    | 49302/91223 [00:18<00:15, 2671.21it/s]
Benchmarking (mlp):  54%|█████▍    | 49572/91223 [00:18<00:15, 2677.56it/s]
Benchmarking (mlp):  55%|█████▍    | 49848/91223 [00:18<00:15, 2699.47it/s]
Benchmarking (mlp):  55%|█████▍    | 50119/91223 [00:18<00:15, 2700.12it/s]
Benchmarking (mlp):  55%|█████▌    | 50390/91223 [00:18<00:15, 2679.05it/s]
Benchmarking (mlp):  56%|█████▌    | 50658/91223 [00:18<00:15, 2654.24it/s]
Benchmarking (mlp):  56%|█████▌    | 50927/91223 [00:18<00:15, 2663.52it/s]
Benchmarking (mlp):  56%|█████▌    | 51194/91223 [00:19<00:15, 2657.72it/s]
Benchmarking (mlp):  56%|█████▋    | 51460/91223 [00:19<00:15, 2614.26it/s]
Benchmarking (mlp):  57%|█████▋    | 51724/91223 [00:19<00:15, 2619.85it/s]
Benchmarking (mlp):  57%|█████▋    | 51987/91223 [00:19<00:14, 2618.63it/s]
Benchmarking (mlp):  57%|█████▋    | 52254/91223 [00:19<00:14, 2633.26it/s]
Benchmarking (mlp):  58%|█████▊    | 52518/91223 [00:19<00:14, 2630.10it/s]
Benchmarking (mlp):  58%|█████▊    | 52789/91223 [00:19<00:14, 2651.89it/s]
Benchmarking (mlp):  58%|█████▊    | 53055/91223 [00:19<00:14, 2651.93it/s]
Benchmarking (mlp):  58%|█████▊    | 53323/91223 [00:19<00:14, 2659.96it/s]
Benchmarking (mlp):  59%|█████▉    | 53596/91223 [00:19<00:14, 2680.63it/s]
Benchmarking (mlp):  59%|█████▉    | 53869/91223 [00:20<00:13, 2694.23it/s]
Benchmarking (mlp):  59%|█████▉    | 54141/91223 [00:20<00:13, 2699.55it/s]
Benchmarking (mlp):  60%|█████▉    | 54411/91223 [00:20<00:13, 2681.51it/s]
Benchmarking (mlp):  60%|█████▉    | 54687/91223 [00:20<00:13, 2702.79it/s]
Benchmarking (mlp):  60%|██████    | 54961/91223 [00:20<00:13, 2712.30it/s]
Benchmarking (mlp):  61%|██████    | 55235/91223 [00:20<00:13, 2719.71it/s]
Benchmarking (mlp):  61%|██████    | 55512/91223 [00:20<00:13, 2734.60it/s]
Benchmarking (mlp):  61%|██████    | 55786/91223 [00:20<00:13, 2710.46it/s]
Benchmarking (mlp):  61%|██████▏   | 56058/91223 [00:20<00:13, 2691.56it/s]
Benchmarking (mlp):  62%|██████▏   | 56328/91223 [00:20<00:13, 2667.24it/s]
Benchmarking (mlp):  62%|██████▏   | 56595/91223 [00:21<00:12, 2665.79it/s]
Benchmarking (mlp):  62%|██████▏   | 56862/91223 [00:21<00:13, 2611.04it/s]
Benchmarking (mlp):  63%|██████▎   | 57128/91223 [00:21<00:13, 2618.46it/s]
Benchmarking (mlp):  63%|██████▎   | 57397/91223 [00:21<00:12, 2639.49it/s]
Benchmarking (mlp):  63%|██████▎   | 57662/91223 [00:21<00:12, 2616.05it/s]
Benchmarking (mlp):  64%|██████▎   | 57931/91223 [00:21<00:12, 2636.23it/s]
Benchmarking (mlp):  64%|██████▍   | 58195/91223 [00:21<00:12, 2622.98it/s]
Benchmarking (mlp):  64%|██████▍   | 58468/91223 [00:21<00:12, 2652.48it/s]
Benchmarking (mlp):  64%|██████▍   | 58741/91223 [00:21<00:12, 2673.94it/s]
Benchmarking (mlp):  65%|██████▍   | 59009/91223 [00:21<00:12, 2637.81it/s]
Benchmarking (mlp):  65%|██████▍   | 59278/91223 [00:22<00:12, 2650.87it/s]
Benchmarking (mlp):  65%|██████▌   | 59544/91223 [00:22<00:11, 2647.82it/s]
Benchmarking (mlp):  66%|██████▌   | 59809/91223 [00:22<00:11, 2641.49it/s]
Benchmarking (mlp):  66%|██████▌   | 60074/91223 [00:22<00:11, 2632.39it/s]
Benchmarking (mlp):  66%|██████▌   | 60338/91223 [00:22<00:11, 2590.11it/s]
Benchmarking (mlp):  66%|██████▋   | 60610/91223 [00:22<00:11, 2626.99it/s]
Benchmarking (mlp):  67%|██████▋   | 60873/91223 [00:22<00:11, 2618.73it/s]
Benchmarking (mlp):  67%|██████▋   | 61141/91223 [00:22<00:11, 2629.04it/s]
Benchmarking (mlp):  67%|██████▋   | 61404/91223 [00:22<00:11, 2611.60it/s]
Benchmarking (mlp):  68%|██████▊   | 61673/91223 [00:22<00:11, 2632.40it/s]
Benchmarking (mlp):  68%|██████▊   | 61937/91223 [00:23<00:11, 2626.84it/s]
Benchmarking (mlp):  68%|██████▊   | 62202/91223 [00:23<00:11, 2632.29it/s]
Benchmarking (mlp):  68%|██████▊   | 62466/91223 [00:23<00:10, 2619.46it/s]
Benchmarking (mlp):  69%|██████▉   | 62728/91223 [00:23<00:11, 2584.03it/s]
Benchmarking (mlp):  69%|██████▉   | 62987/91223 [00:23<00:11, 2554.44it/s]
Benchmarking (mlp):  69%|██████▉   | 63243/91223 [00:23<00:10, 2549.41it/s]
Benchmarking (mlp):  70%|██████▉   | 63508/91223 [00:23<00:10, 2576.47it/s]
Benchmarking (mlp):  70%|██████▉   | 63776/91223 [00:23<00:10, 2604.65it/s]
Benchmarking (mlp):  70%|███████   | 64042/91223 [00:23<00:10, 2620.47it/s]
Benchmarking (mlp):  70%|███████   | 64305/91223 [00:23<00:10, 2608.51it/s]
Benchmarking (mlp):  71%|███████   | 64566/91223 [00:24<00:10, 2557.88it/s]
Benchmarking (mlp):  71%|███████   | 64836/91223 [00:24<00:10, 2599.06it/s]
Benchmarking (mlp):  71%|███████▏  | 65098/91223 [00:24<00:10, 2604.64it/s]
Benchmarking (mlp):  72%|███████▏  | 65359/91223 [00:24<00:09, 2597.60it/s]
Benchmarking (mlp):  72%|███████▏  | 65622/91223 [00:24<00:09, 2607.02it/s]
Benchmarking (mlp):  72%|███████▏  | 65890/91223 [00:24<00:09, 2626.02it/s]
Benchmarking (mlp):  73%|███████▎  | 66159/91223 [00:24<00:09, 2643.76it/s]
Benchmarking (mlp):  73%|███████▎  | 66424/91223 [00:24<00:09, 2562.24it/s]
Benchmarking (mlp):  73%|███████▎  | 66684/91223 [00:24<00:09, 2572.54it/s]
Benchmarking (mlp):  73%|███████▎  | 66947/91223 [00:25<00:09, 2587.24it/s]
Benchmarking (mlp):  74%|███████▎  | 67212/91223 [00:25<00:09, 2602.99it/s]
Benchmarking (mlp):  74%|███████▍  | 67486/91223 [00:25<00:08, 2643.58it/s]
Benchmarking (mlp):  74%|███████▍  | 67764/91223 [00:25<00:08, 2681.99it/s]
Benchmarking (mlp):  75%|███████▍  | 68033/91223 [00:25<00:08, 2678.74it/s]
Benchmarking (mlp):  75%|███████▍  | 68301/91223 [00:25<00:08, 2669.83it/s]
Benchmarking (mlp):  75%|███████▌  | 68569/91223 [00:25<00:08, 2577.28it/s]
Benchmarking (mlp):  75%|███████▌  | 68828/91223 [00:25<00:08, 2559.67it/s]
Benchmarking (mlp):  76%|███████▌  | 69089/91223 [00:25<00:08, 2573.37it/s]
Benchmarking (mlp):  76%|███████▌  | 69347/91223 [00:25<00:08, 2546.71it/s]
Benchmarking (mlp):  76%|███████▋  | 69608/91223 [00:26<00:08, 2563.46it/s]
Benchmarking (mlp):  77%|███████▋  | 69874/91223 [00:26<00:08, 2589.16it/s]
Benchmarking (mlp):  77%|███████▋  | 70146/91223 [00:26<00:08, 2626.46it/s]
Benchmarking (mlp):  77%|███████▋  | 70409/91223 [00:26<00:07, 2610.63it/s]
Benchmarking (mlp):  77%|███████▋  | 70675/91223 [00:26<00:07, 2623.69it/s]
Benchmarking (mlp):  78%|███████▊  | 70942/91223 [00:26<00:07, 2637.39it/s]
Benchmarking (mlp):  78%|███████▊  | 71215/91223 [00:26<00:07, 2663.88it/s]
Benchmarking (mlp):  78%|███████▊  | 71482/91223 [00:26<00:07, 2656.98it/s]
Benchmarking (mlp):  79%|███████▊  | 71754/91223 [00:26<00:07, 2674.10it/s]
Benchmarking (mlp):  79%|███████▉  | 72028/91223 [00:26<00:07, 2692.35it/s]
Benchmarking (mlp):  79%|███████▉  | 72298/91223 [00:27<00:07, 2600.50it/s]
Benchmarking (mlp):  80%|███████▉  | 72566/91223 [00:27<00:07, 2623.55it/s]
Benchmarking (mlp):  80%|███████▉  | 72836/91223 [00:27<00:06, 2645.96it/s]
Benchmarking (mlp):  80%|████████  | 73103/91223 [00:27<00:06, 2651.10it/s]
Benchmarking (mlp):  80%|████████  | 73377/91223 [00:27<00:06, 2673.90it/s]
Benchmarking (mlp):  81%|████████  | 73653/91223 [00:27<00:06, 2697.00it/s]
Benchmarking (mlp):  81%|████████  | 73924/91223 [00:27<00:06, 2699.52it/s]
Benchmarking (mlp):  81%|████████▏ | 74195/91223 [00:27<00:06, 2701.18it/s]
Benchmarking (mlp):  82%|████████▏ | 74466/91223 [00:27<00:06, 2656.64it/s]
Benchmarking (mlp):  82%|████████▏ | 74735/91223 [00:27<00:06, 2663.64it/s]
Benchmarking (mlp):  82%|████████▏ | 75012/91223 [00:28<00:06, 2694.25it/s]
Benchmarking (mlp):  83%|████████▎ | 75282/91223 [00:28<00:05, 2684.48it/s]
Benchmarking (mlp):  83%|████████▎ | 75557/91223 [00:28<00:05, 2703.89it/s]
Benchmarking (mlp):  83%|████████▎ | 75828/91223 [00:28<00:05, 2682.55it/s]
Benchmarking (mlp):  83%|████████▎ | 76097/91223 [00:28<00:05, 2656.35it/s]
Benchmarking (mlp):  84%|████████▎ | 76373/91223 [00:28<00:05, 2685.96it/s]
Benchmarking (mlp):  84%|████████▍ | 76645/91223 [00:28<00:05, 2694.36it/s]
Benchmarking (mlp):  84%|████████▍ | 76916/91223 [00:28<00:05, 2696.43it/s]
Benchmarking (mlp):  85%|████████▍ | 77186/91223 [00:28<00:05, 2684.37it/s]
Benchmarking (mlp):  85%|████████▍ | 77457/91223 [00:28<00:05, 2689.16it/s]
Benchmarking (mlp):  85%|████████▌ | 77736/91223 [00:29<00:04, 2717.83it/s]
Benchmarking (mlp):  86%|████████▌ | 78014/91223 [00:29<00:04, 2734.57it/s]
Benchmarking (mlp):  86%|████████▌ | 78293/91223 [00:29<00:04, 2749.07it/s]
Benchmarking (mlp):  86%|████████▌ | 78568/91223 [00:29<00:04, 2745.19it/s]
Benchmarking (mlp):  86%|████████▋ | 78843/91223 [00:29<00:04, 2731.01it/s]
Benchmarking (mlp):  87%|████████▋ | 79117/91223 [00:29<00:04, 2705.29it/s]
Benchmarking (mlp):  87%|████████▋ | 79388/91223 [00:29<00:04, 2667.65it/s]
Benchmarking (mlp):  87%|████████▋ | 79665/91223 [00:29<00:04, 2695.09it/s]
Benchmarking (mlp):  88%|████████▊ | 79936/91223 [00:29<00:04, 2697.40it/s]
Benchmarking (mlp):  88%|████████▊ | 80206/91223 [00:29<00:04, 2693.80it/s]
Benchmarking (mlp):  88%|████████▊ | 80483/91223 [00:30<00:03, 2712.85it/s]
Benchmarking (mlp):  89%|████████▊ | 80755/91223 [00:30<00:03, 2681.79it/s]
Benchmarking (mlp):  89%|████████▉ | 81028/91223 [00:30<00:03, 2693.53it/s]
Benchmarking (mlp):  89%|████████▉ | 81298/91223 [00:30<00:03, 2694.59it/s]
Benchmarking (mlp):  89%|████████▉ | 81568/91223 [00:30<00:03, 2676.72it/s]
Benchmarking (mlp):  90%|████████▉ | 81836/91223 [00:30<00:03, 2638.57it/s]
Benchmarking (mlp):  90%|████████▉ | 82100/91223 [00:30<00:03, 2616.75it/s]
Benchmarking (mlp):  90%|█████████ | 82363/91223 [00:30<00:03, 2618.66it/s]
Benchmarking (mlp):  91%|█████████ | 82625/91223 [00:30<00:03, 2606.63it/s]
Benchmarking (mlp):  91%|█████████ | 82890/91223 [00:30<00:03, 2618.18it/s]
Benchmarking (mlp):  91%|█████████ | 83164/91223 [00:31<00:03, 2652.28it/s]
Benchmarking (mlp):  91%|█████████▏| 83435/91223 [00:31<00:02, 2667.72it/s]
Benchmarking (mlp):  92%|█████████▏| 83706/91223 [00:31<00:02, 2672.12it/s]
Benchmarking (mlp):  92%|█████████▏| 83976/91223 [00:31<00:02, 2679.69it/s]
Benchmarking (mlp):  92%|█████████▏| 84244/91223 [00:31<00:02, 2650.01it/s]
Benchmarking (mlp):  93%|█████████▎| 84510/91223 [00:31<00:02, 2636.71it/s]
Benchmarking (mlp):  93%|█████████▎| 84776/91223 [00:31<00:02, 2641.51it/s]
Benchmarking (mlp):  93%|█████████▎| 85042/91223 [00:31<00:02, 2644.82it/s]
Benchmarking (mlp):  94%|█████████▎| 85307/91223 [00:31<00:02, 2635.69it/s]
Benchmarking (mlp):  94%|█████████▍| 85573/91223 [00:32<00:02, 2641.89it/s]
Benchmarking (mlp):  94%|█████████▍| 85850/91223 [00:32<00:02, 2678.84it/s]
Benchmarking (mlp):  94%|█████████▍| 86127/91223 [00:32<00:01, 2705.30it/s]
Benchmarking (mlp):  95%|█████████▍| 86398/91223 [00:32<00:01, 2682.24it/s]
Benchmarking (mlp):  95%|█████████▌| 86667/91223 [00:32<00:01, 2647.24it/s]
Benchmarking (mlp):  95%|█████████▌| 86934/91223 [00:32<00:01, 2652.96it/s]
Benchmarking (mlp):  96%|█████████▌| 87203/91223 [00:32<00:01, 2661.86it/s]
Benchmarking (mlp):  96%|█████████▌| 87470/91223 [00:32<00:01, 2663.45it/s]
Benchmarking (mlp):  96%|█████████▌| 87739/91223 [00:32<00:01, 2668.78it/s]
Benchmarking (mlp):  96%|█████████▋| 88006/91223 [00:32<00:01, 2661.18it/s]
Benchmarking (mlp):  97%|█████████▋| 88274/91223 [00:33<00:01, 2664.21it/s]
Benchmarking (mlp):  97%|█████████▋| 88543/91223 [00:33<00:01, 2671.01it/s]
Benchmarking (mlp):  97%|█████████▋| 88817/91223 [00:33<00:00, 2689.64it/s]
Benchmarking (mlp):  98%|█████████▊| 89086/91223 [00:33<00:00, 2682.06it/s]
Benchmarking (mlp):  98%|█████████▊| 89361/91223 [00:33<00:00, 2701.67it/s]
Benchmarking (mlp):  98%|█████████▊| 89636/91223 [00:33<00:00, 2713.65it/s]
Benchmarking (mlp):  99%|█████████▊| 89908/91223 [00:33<00:00, 2701.22it/s]
Benchmarking (mlp):  99%|█████████▉| 90184/91223 [00:33<00:00, 2717.13it/s]
Benchmarking (mlp):  99%|█████████▉| 90459/91223 [00:33<00:00, 2726.08it/s]
Benchmarking (mlp):  99%|█████████▉| 90734/91223 [00:33<00:00, 2732.49it/s]
Benchmarking (mlp): 100%|█████████▉| 91008/91223 [00:34<00:00, 2718.16it/s]
Benchmarking (mlp):   0%|          | 0/26063 [00:00<?, ?it/s]
Benchmarking (mlp):   1%|          | 276/26063 [00:00<00:09, 2754.26it/s]
Benchmarking (mlp):   2%|▏         | 557/26063 [00:00<00:09, 2782.83it/s]
Benchmarking (mlp):   3%|▎         | 836/26063 [00:00<00:09, 2773.30it/s]
Benchmarking (mlp):   4%|▍         | 1115/26063 [00:00<00:08, 2778.23it/s]
Benchmarking (mlp):   5%|▌         | 1393/26063 [00:00<00:08, 2761.26it/s]
Benchmarking (mlp):   6%|▋         | 1670/26063 [00:00<00:08, 2759.97it/s]
Benchmarking (mlp):   7%|▋         | 1947/26063 [00:00<00:08, 2761.43it/s]
Benchmarking (mlp):   9%|▊         | 2224/26063 [00:00<00:08, 2740.58it/s]
Benchmarking (mlp):  10%|▉         | 2506/26063 [00:00<00:08, 2763.68it/s]
Benchmarking (mlp):  11%|█         | 2784/26063 [00:01<00:08, 2767.79it/s]
Benchmarking (mlp):  12%|█▏        | 3063/26063 [00:01<00:08, 2772.25it/s]
Benchmarking (mlp):  13%|█▎        | 3341/26063 [00:01<00:08, 2762.14it/s]
Benchmarking (mlp):  14%|█▍        | 3618/26063 [00:01<00:08, 2759.31it/s]
Benchmarking (mlp):  15%|█▍        | 3894/26063 [00:01<00:08, 2748.51it/s]
Benchmarking (mlp):  16%|█▌        | 4170/26063 [00:01<00:07, 2749.97it/s]
Benchmarking (mlp):  17%|█▋        | 4449/26063 [00:01<00:07, 2759.09it/s]
Benchmarking (mlp):  18%|█▊        | 4725/26063 [00:01<00:07, 2722.79it/s]
Benchmarking (mlp):  19%|█▉        | 4998/26063 [00:01<00:07, 2716.38it/s]
Benchmarking (mlp):  20%|██        | 5274/26063 [00:01<00:07, 2727.95it/s]
Benchmarking (mlp):  21%|██▏       | 5547/26063 [00:02<00:07, 2708.44it/s]
Benchmarking (mlp):  22%|██▏       | 5818/26063 [00:02<00:07, 2705.15it/s]
Benchmarking (mlp):  23%|██▎       | 6089/26063 [00:02<00:07, 2682.70it/s]
Benchmarking (mlp):  24%|██▍       | 6365/26063 [00:02<00:07, 2704.41it/s]
Benchmarking (mlp):  25%|██▌       | 6643/26063 [00:02<00:07, 2724.79it/s]
Benchmarking (mlp):  27%|██▋       | 6924/26063 [00:02<00:06, 2748.20it/s]
Benchmarking (mlp):  28%|██▊       | 7201/26063 [00:02<00:06, 2751.91it/s]
Benchmarking (mlp):  29%|██▊       | 7481/26063 [00:02<00:06, 2766.13it/s]
Benchmarking (mlp):  30%|██▉       | 7758/26063 [00:02<00:06, 2755.64it/s]
Benchmarking (mlp):  31%|███       | 8034/26063 [00:02<00:06, 2716.56it/s]
Benchmarking (mlp):  32%|███▏      | 8311/26063 [00:03<00:06, 2729.96it/s]
Benchmarking (mlp):  33%|███▎      | 8585/26063 [00:03<00:06, 2715.44it/s]
Benchmarking (mlp):  34%|███▍      | 8857/26063 [00:03<00:06, 2700.62it/s]
Benchmarking (mlp):  35%|███▌      | 9128/26063 [00:03<00:06, 2684.29it/s]
Benchmarking (mlp):  36%|███▌      | 9401/26063 [00:03<00:06, 2697.67it/s]
Benchmarking (mlp):  37%|███▋      | 9672/26063 [00:03<00:06, 2698.91it/s]
Benchmarking (mlp):  38%|███▊      | 9946/26063 [00:03<00:05, 2710.27it/s]
Benchmarking (mlp):  39%|███▉      | 10218/26063 [00:03<00:05, 2705.31it/s]
Benchmarking (mlp):  40%|████      | 10489/26063 [00:03<00:05, 2706.10it/s]
Benchmarking (mlp):  41%|████▏     | 10766/26063 [00:03<00:05, 2722.94it/s]
Benchmarking (mlp):  42%|████▏     | 11045/26063 [00:04<00:05, 2740.44it/s]
Benchmarking (mlp):  43%|████▎     | 11320/26063 [00:04<00:05, 2741.84it/s]
Benchmarking (mlp):  44%|████▍     | 11595/26063 [00:04<00:05, 2725.28it/s]
Benchmarking (mlp):  46%|████▌     | 11873/26063 [00:04<00:05, 2740.77it/s]
Benchmarking (mlp):  47%|████▋     | 12148/26063 [00:04<00:05, 2732.90it/s]
Benchmarking (mlp):  48%|████▊     | 12424/26063 [00:04<00:04, 2738.69it/s]
Benchmarking (mlp):  49%|████▊     | 12698/26063 [00:04<00:04, 2722.30it/s]
Benchmarking (mlp):  50%|████▉     | 12971/26063 [00:04<00:04, 2717.89it/s]
Benchmarking (mlp):  51%|█████     | 13249/26063 [00:04<00:04, 2734.69it/s]
Benchmarking (mlp):  52%|█████▏    | 13523/26063 [00:04<00:04, 2734.05it/s]
Benchmarking (mlp):  53%|█████▎    | 13804/26063 [00:05<00:04, 2755.43it/s]
Benchmarking (mlp):  54%|█████▍    | 14085/26063 [00:05<00:04, 2770.27it/s]
Benchmarking (mlp):  55%|█████▌    | 14366/26063 [00:05<00:04, 2780.77it/s]
Benchmarking (mlp):  56%|█████▌    | 14645/26063 [00:05<00:04, 2776.98it/s]
Benchmarking (mlp):  57%|█████▋    | 14924/26063 [00:05<00:04, 2778.85it/s]
Benchmarking (mlp):  58%|█████▊    | 15202/26063 [00:05<00:03, 2746.00it/s]
Benchmarking (mlp):  59%|█████▉    | 15481/26063 [00:05<00:03, 2758.48it/s]
Benchmarking (mlp):  60%|██████    | 15758/26063 [00:05<00:03, 2761.05it/s]
Benchmarking (mlp):  62%|██████▏   | 16035/26063 [00:05<00:03, 2746.02it/s]
Benchmarking (mlp):  63%|██████▎   | 16310/26063 [00:05<00:03, 2741.35it/s]
Benchmarking (mlp):  64%|██████▎   | 16585/26063 [00:06<00:03, 2626.41it/s]
Benchmarking (mlp):  65%|██████▍   | 16856/26063 [00:06<00:03, 2649.43it/s]
Benchmarking (mlp):  66%|██████▌   | 17130/26063 [00:06<00:03, 2673.08it/s]
Benchmarking (mlp):  67%|██████▋   | 17402/26063 [00:06<00:03, 2685.02it/s]
Benchmarking (mlp):  68%|██████▊   | 17671/26063 [00:06<00:03, 2670.08it/s]
Benchmarking (mlp):  69%|██████▉   | 17940/26063 [00:06<00:03, 2673.27it/s]
Benchmarking (mlp):  70%|██████▉   | 18208/26063 [00:06<00:02, 2668.18it/s]
Benchmarking (mlp):  71%|███████   | 18483/26063 [00:06<00:02, 2689.61it/s]
Benchmarking (mlp):  72%|███████▏  | 18763/26063 [00:06<00:02, 2719.89it/s]
Benchmarking (mlp):  73%|███████▎  | 19036/26063 [00:06<00:02, 2712.16it/s]
Benchmarking (mlp):  74%|███████▍  | 19308/26063 [00:07<00:02, 2700.89it/s]
Benchmarking (mlp):  75%|███████▌  | 19579/26063 [00:07<00:02, 2692.97it/s]
Benchmarking (mlp):  76%|███████▌  | 19849/26063 [00:07<00:02, 2688.22it/s]
Benchmarking (mlp):  77%|███████▋  | 20118/26063 [00:07<00:02, 2673.98it/s]
Benchmarking (mlp):  78%|███████▊  | 20386/26063 [00:07<00:02, 2668.17it/s]
Benchmarking (mlp):  79%|███████▉  | 20658/26063 [00:07<00:02, 2683.34it/s]
Benchmarking (mlp):  80%|████████  | 20929/26063 [00:07<00:01, 2688.84it/s]
Benchmarking (mlp):  81%|████████▏ | 21198/26063 [00:07<00:01, 2656.10it/s]
Benchmarking (mlp):  82%|████████▏ | 21464/26063 [00:07<00:01, 2651.70it/s]
Benchmarking (mlp):  83%|████████▎ | 21731/26063 [00:07<00:01, 2656.26it/s]
Benchmarking (mlp):  84%|████████▍ | 21997/26063 [00:08<00:01, 2651.42it/s]
Benchmarking (mlp):  85%|████████▌ | 22269/26063 [00:08<00:01, 2670.66it/s]
Benchmarking (mlp):  86%|████████▋ | 22537/26063 [00:08<00:01, 2620.92it/s]
Benchmarking (mlp):  87%|████████▋ | 22800/26063 [00:08<00:01, 2594.19it/s]
Benchmarking (mlp):  89%|████████▊ | 23066/26063 [00:08<00:01, 2612.01it/s]
Benchmarking (mlp):  90%|████████▉ | 23338/26063 [00:08<00:01, 2643.68it/s]
Benchmarking (mlp):  91%|█████████ | 23603/26063 [00:08<00:00, 2635.40it/s]
Benchmarking (mlp):  92%|█████████▏| 23876/26063 [00:08<00:00, 2662.83it/s]
Benchmarking (mlp):  93%|█████████▎| 24145/26063 [00:08<00:00, 2669.52it/s]
Benchmarking (mlp):  94%|█████████▎| 24418/26063 [00:09<00:00, 2686.50it/s]
Benchmarking (mlp):  95%|█████████▍| 24695/26063 [00:09<00:00, 2709.56it/s]
Benchmarking (mlp):  96%|█████████▌| 24970/26063 [00:09<00:00, 2721.31it/s]
Benchmarking (mlp):  97%|█████████▋| 25248/26063 [00:09<00:00, 2738.30it/s]
Benchmarking (mlp):  98%|█████████▊| 25522/26063 [00:09<00:00, 2700.08it/s]
Benchmarking (mlp):  99%|█████████▉| 25801/26063 [00:09<00:00, 2724.02it/s]
Benchmarking (mlp):   0%|          | 0/13033 [00:00<?, ?it/s]
Benchmarking (mlp):   2%|▏         | 279/13033 [00:00<00:04, 2786.34it/s]
Benchmarking (mlp):   4%|▍         | 559/13033 [00:00<00:04, 2792.58it/s]
Benchmarking (mlp):   6%|▋         | 839/13033 [00:00<00:04, 2776.95it/s]
Benchmarking (mlp):   9%|▊         | 1117/13033 [00:00<00:04, 2755.59it/s]
Benchmarking (mlp):  11%|█         | 1394/13033 [00:00<00:04, 2759.78it/s]
Benchmarking (mlp):  13%|█▎        | 1672/13033 [00:00<00:04, 2763.48it/s]
Benchmarking (mlp):  15%|█▍        | 1949/13033 [00:00<00:04, 2749.65it/s]
Benchmarking (mlp):  17%|█▋        | 2228/13033 [00:00<00:03, 2759.49it/s]
Benchmarking (mlp):  19%|█▉        | 2506/13033 [00:00<00:03, 2764.27it/s]
Benchmarking (mlp):  21%|██▏       | 2786/13033 [00:01<00:03, 2773.32it/s]
Benchmarking (mlp):  24%|██▎       | 3064/13033 [00:01<00:03, 2766.32it/s]
Benchmarking (mlp):  26%|██▌       | 3344/13033 [00:01<00:03, 2774.81it/s]
Benchmarking (mlp):  28%|██▊       | 3622/13033 [00:01<00:03, 2761.26it/s]
Benchmarking (mlp):  30%|██▉       | 3900/13033 [00:01<00:03, 2765.38it/s]
Benchmarking (mlp):  32%|███▏      | 4177/13033 [00:01<00:03, 2750.75it/s]
Benchmarking (mlp):  34%|███▍      | 4453/13033 [00:01<00:03, 2726.48it/s]
Benchmarking (mlp):  36%|███▋      | 4726/13033 [00:01<00:03, 2726.55it/s]
Benchmarking (mlp):  38%|███▊      | 4999/13033 [00:01<00:02, 2716.50it/s]
Benchmarking (mlp):  40%|████      | 5271/13033 [00:01<00:02, 2716.73it/s]
Benchmarking (mlp):  43%|████▎     | 5543/13033 [00:02<00:02, 2703.08it/s]
Benchmarking (mlp):  45%|████▍     | 5816/13033 [00:02<00:02, 2709.38it/s]
Benchmarking (mlp):  47%|████▋     | 6087/13033 [00:02<00:02, 2691.53it/s]
Benchmarking (mlp):  49%|████▉     | 6360/13033 [00:02<00:02, 2701.70it/s]
Benchmarking (mlp):  51%|█████     | 6631/13033 [00:02<00:02, 2694.97it/s]
Benchmarking (mlp):  53%|█████▎    | 6901/13033 [00:02<00:02, 2638.23it/s]
Benchmarking (mlp):  55%|█████▍    | 7168/13033 [00:02<00:02, 2647.47it/s]
Benchmarking (mlp):  57%|█████▋    | 7433/13033 [00:02<00:02, 2629.19it/s]
Benchmarking (mlp):  59%|█████▉    | 7710/13033 [00:02<00:01, 2669.24it/s]
Benchmarking (mlp):  61%|██████▏   | 7988/13033 [00:02<00:01, 2700.40it/s]
Benchmarking (mlp):  63%|██████▎   | 8267/13033 [00:03<00:01, 2726.82it/s]
Benchmarking (mlp):  66%|██████▌   | 8540/13033 [00:03<00:01, 2724.95it/s]
Benchmarking (mlp):  68%|██████▊   | 8817/13033 [00:03<00:01, 2736.88it/s]
Benchmarking (mlp):  70%|██████▉   | 9094/13033 [00:03<00:01, 2744.14it/s]
Benchmarking (mlp):  72%|███████▏  | 9369/13033 [00:03<00:01, 2741.85it/s]
Benchmarking (mlp):  74%|███████▍  | 9644/13033 [00:03<00:01, 2732.89it/s]
Benchmarking (mlp):  76%|███████▌  | 9918/13033 [00:03<00:01, 2704.83it/s]
Benchmarking (mlp):  78%|███████▊  | 10189/13033 [00:03<00:01, 2702.47it/s]
Benchmarking (mlp):  80%|████████  | 10460/13033 [00:03<00:00, 2680.35it/s]
Benchmarking (mlp):  82%|████████▏ | 10732/13033 [00:03<00:00, 2689.99it/s]
Benchmarking (mlp):  84%|████████▍ | 11005/13033 [00:04<00:00, 2700.83it/s]
Benchmarking (mlp):  87%|████████▋ | 11276/13033 [00:04<00:00, 2677.66it/s]
Benchmarking (mlp):  89%|████████▊ | 11544/13033 [00:04<00:00, 2670.69it/s]
Benchmarking (mlp):  91%|█████████ | 11812/13033 [00:04<00:00, 2658.77it/s]
Benchmarking (mlp):  93%|█████████▎| 12081/13033 [00:04<00:00, 2665.51it/s]
Benchmarking (mlp):  95%|█████████▍| 12354/13033 [00:04<00:00, 2681.93it/s]
Benchmarking (mlp):  97%|█████████▋| 12634/13033 [00:04<00:00, 2716.50it/s]
Benchmarking (mlp):  99%|█████████▉| 12906/13033 [00:04<00:00, 2689.41it/s]
Benchmarking (mlp):   0%|          | 0/91223 [00:00<?, ?it/s]
Benchmarking (mlp):   0%|          | 265/91223 [00:00<00:34, 2640.06it/s]
Benchmarking (mlp):   1%|          | 532/91223 [00:00<00:34, 2654.72it/s]
Benchmarking (mlp):   1%|          | 798/91223 [00:00<00:34, 2631.39it/s]
Benchmarking (mlp):   1%|          | 1062/91223 [00:00<00:34, 2580.00it/s]
Benchmarking (mlp):   1%|▏         | 1336/91223 [00:00<00:34, 2635.66it/s]
Benchmarking (mlp):   2%|▏         | 1607/91223 [00:00<00:33, 2659.29it/s]
Benchmarking (mlp):   2%|▏         | 1879/91223 [00:00<00:33, 2678.17it/s]
Benchmarking (mlp):   2%|▏         | 2154/91223 [00:00<00:32, 2700.71it/s]
Benchmarking (mlp):   3%|▎         | 2430/91223 [00:00<00:32, 2718.92it/s]
Benchmarking (mlp):   3%|▎         | 2702/91223 [00:01<00:32, 2688.69it/s]
Benchmarking (mlp):   3%|▎         | 2972/91223 [00:01<00:32, 2692.05it/s]
Benchmarking (mlp):   4%|▎         | 3242/91223 [00:01<00:32, 2685.74it/s]
Benchmarking (mlp):   4%|▍         | 3511/91223 [00:01<00:32, 2671.03it/s]
Benchmarking (mlp):   4%|▍         | 3782/91223 [00:01<00:32, 2682.45it/s]
Benchmarking (mlp):   4%|▍         | 4051/91223 [00:01<00:32, 2669.38it/s]
Benchmarking (mlp):   5%|▍         | 4325/91223 [00:01<00:32, 2687.69it/s]
Benchmarking (mlp):   5%|▌         | 4594/91223 [00:01<00:32, 2687.68it/s]
Benchmarking (mlp):   5%|▌         | 4866/91223 [00:01<00:32, 2696.21it/s]
Benchmarking (mlp):   6%|▌         | 5136/91223 [00:01<00:32, 2676.54it/s]
Benchmarking (mlp):   6%|▌         | 5404/91223 [00:02<00:32, 2676.60it/s]
Benchmarking (mlp):   6%|▌         | 5683/91223 [00:02<00:31, 2707.59it/s]
Benchmarking (mlp):   7%|▋         | 5954/91223 [00:02<00:31, 2697.42it/s]
Benchmarking (mlp):   7%|▋         | 6228/91223 [00:02<00:31, 2708.65it/s]
Benchmarking (mlp):   7%|▋         | 6501/91223 [00:02<00:31, 2713.49it/s]
Benchmarking (mlp):   7%|▋         | 6773/91223 [00:02<00:31, 2712.51it/s]
Benchmarking (mlp):   8%|▊         | 7045/91223 [00:02<00:31, 2707.37it/s]
Benchmarking (mlp):   8%|▊         | 7316/91223 [00:02<00:31, 2706.09it/s]
Benchmarking (mlp):   8%|▊         | 7588/91223 [00:02<00:30, 2709.79it/s]
Benchmarking (mlp):   9%|▊         | 7863/91223 [00:02<00:30, 2719.43it/s]
Benchmarking (mlp):   9%|▉         | 8135/91223 [00:03<00:30, 2704.00it/s]
Benchmarking (mlp):   9%|▉         | 8407/91223 [00:03<00:30, 2707.73it/s]
Benchmarking (mlp):  10%|▉         | 8682/91223 [00:03<00:30, 2719.83it/s]
Benchmarking (mlp):  10%|▉         | 8954/91223 [00:03<00:30, 2685.23it/s]
Benchmarking (mlp):  10%|█         | 9228/91223 [00:03<00:30, 2700.06it/s]
Benchmarking (mlp):  10%|█         | 9499/91223 [00:03<00:30, 2685.73it/s]
Benchmarking (mlp):  11%|█         | 9768/91223 [00:03<00:30, 2659.05it/s]
Benchmarking (mlp):  11%|█         | 10034/91223 [00:03<00:30, 2650.36it/s]
Benchmarking (mlp):  11%|█▏        | 10305/91223 [00:03<00:30, 2665.60it/s]
Benchmarking (mlp):  12%|█▏        | 10582/91223 [00:03<00:29, 2693.99it/s]
Benchmarking (mlp):  12%|█▏        | 10852/91223 [00:04<00:29, 2693.33it/s]
Benchmarking (mlp):  12%|█▏        | 11122/91223 [00:04<00:29, 2680.60it/s]
Benchmarking (mlp):  12%|█▏        | 11393/91223 [00:04<00:29, 2687.05it/s]
Benchmarking (mlp):  13%|█▎        | 11669/91223 [00:04<00:29, 2707.41it/s]
Benchmarking (mlp):  13%|█▎        | 11942/91223 [00:04<00:29, 2713.01it/s]
Benchmarking (mlp):  13%|█▎        | 12218/91223 [00:04<00:28, 2726.12it/s]
Benchmarking (mlp):  14%|█▎        | 12491/91223 [00:04<00:28, 2720.41it/s]
Benchmarking (mlp):  14%|█▍        | 12767/91223 [00:04<00:28, 2731.83it/s]
Benchmarking (mlp):  14%|█▍        | 13041/91223 [00:04<00:28, 2727.10it/s]
Benchmarking (mlp):  15%|█▍        | 13314/91223 [00:04<00:28, 2702.33it/s]
Benchmarking (mlp):  15%|█▍        | 13585/91223 [00:05<00:28, 2695.38it/s]
Benchmarking (mlp):  15%|█▌        | 13858/91223 [00:05<00:28, 2703.77it/s]
Benchmarking (mlp):  15%|█▌        | 14129/91223 [00:05<00:28, 2684.00it/s]
Benchmarking (mlp):  16%|█▌        | 14404/91223 [00:05<00:28, 2702.36it/s]
Benchmarking (mlp):  16%|█▌        | 14675/91223 [00:05<00:28, 2704.44it/s]
Benchmarking (mlp):  16%|█▋        | 14946/91223 [00:05<00:28, 2695.74it/s]
Benchmarking (mlp):  17%|█▋        | 15216/91223 [00:05<00:28, 2684.09it/s]
Benchmarking (mlp):  17%|█▋        | 15485/91223 [00:05<00:28, 2683.42it/s]
Benchmarking (mlp):  17%|█▋        | 15762/91223 [00:05<00:27, 2707.60it/s]
Benchmarking (mlp):  18%|█▊        | 16033/91223 [00:05<00:28, 2685.33it/s]
Benchmarking (mlp):  18%|█▊        | 16306/91223 [00:06<00:27, 2697.16it/s]
Benchmarking (mlp):  18%|█▊        | 16576/91223 [00:06<00:27, 2693.77it/s]
Benchmarking (mlp):  18%|█▊        | 16846/91223 [00:06<00:27, 2683.30it/s]
Benchmarking (mlp):  19%|█▉        | 17124/91223 [00:06<00:27, 2710.95it/s]
Benchmarking (mlp):  19%|█▉        | 17396/91223 [00:06<00:27, 2710.66it/s]
Benchmarking (mlp):  19%|█▉        | 17668/91223 [00:06<00:27, 2711.76it/s]
Benchmarking (mlp):  20%|█▉        | 17940/91223 [00:06<00:27, 2713.21it/s]
Benchmarking (mlp):  20%|█▉        | 18218/91223 [00:06<00:26, 2732.86it/s]
Benchmarking (mlp):  20%|██        | 18497/91223 [00:06<00:26, 2748.04it/s]
Benchmarking (mlp):  21%|██        | 18772/91223 [00:06<00:26, 2747.52it/s]
Benchmarking (mlp):  21%|██        | 19047/91223 [00:07<00:26, 2731.14it/s]
Benchmarking (mlp):  21%|██        | 19321/91223 [00:07<00:26, 2732.30it/s]
Benchmarking (mlp):  21%|██▏       | 19597/91223 [00:07<00:26, 2737.92it/s]
Benchmarking (mlp):  22%|██▏       | 19874/91223 [00:07<00:25, 2744.76it/s]
Benchmarking (mlp):  22%|██▏       | 20152/91223 [00:07<00:25, 2754.88it/s]
Benchmarking (mlp):  22%|██▏       | 20432/91223 [00:07<00:25, 2766.68it/s]
Benchmarking (mlp):  23%|██▎       | 20713/91223 [00:07<00:25, 2776.83it/s]
Benchmarking (mlp):  23%|██▎       | 20991/91223 [00:07<00:25, 2769.54it/s]
Benchmarking (mlp):  23%|██▎       | 21268/91223 [00:07<00:25, 2765.70it/s]
Benchmarking (mlp):  24%|██▎       | 21545/91223 [00:07<00:25, 2755.69it/s]
Benchmarking (mlp):  24%|██▍       | 21821/91223 [00:08<00:25, 2749.91it/s]
Benchmarking (mlp):  24%|██▍       | 22098/91223 [00:08<00:25, 2753.55it/s]
Benchmarking (mlp):  25%|██▍       | 22374/91223 [00:08<00:25, 2748.51it/s]
Benchmarking (mlp):  25%|██▍       | 22650/91223 [00:08<00:24, 2749.53it/s]
Benchmarking (mlp):  25%|██▌       | 22925/91223 [00:08<00:24, 2740.65it/s]
Benchmarking (mlp):  25%|██▌       | 23202/91223 [00:08<00:24, 2747.46it/s]
Benchmarking (mlp):  26%|██▌       | 23477/91223 [00:08<00:24, 2724.65it/s]
Benchmarking (mlp):  26%|██▌       | 23750/91223 [00:08<00:24, 2713.84it/s]
Benchmarking (mlp):  26%|██▋       | 24022/91223 [00:08<00:24, 2713.20it/s]
Benchmarking (mlp):  27%|██▋       | 24294/91223 [00:08<00:24, 2702.58it/s]
Benchmarking (mlp):  27%|██▋       | 24565/91223 [00:09<00:24, 2697.22it/s]
Benchmarking (mlp):  27%|██▋       | 24840/91223 [00:09<00:24, 2711.72it/s]
Benchmarking (mlp):  28%|██▊       | 25118/91223 [00:09<00:24, 2730.71it/s]
Benchmarking (mlp):  28%|██▊       | 25398/91223 [00:09<00:23, 2749.43it/s]
Benchmarking (mlp):  28%|██▊       | 25677/91223 [00:09<00:23, 2761.39it/s]
Benchmarking (mlp):  28%|██▊       | 25954/91223 [00:09<00:23, 2753.67it/s]
Benchmarking (mlp):  29%|██▉       | 26230/91223 [00:09<00:23, 2730.45it/s]
Benchmarking (mlp):  29%|██▉       | 26504/91223 [00:09<00:23, 2726.61it/s]
Benchmarking (mlp):  29%|██▉       | 26779/91223 [00:09<00:23, 2731.92it/s]
Benchmarking (mlp):  30%|██▉       | 27058/91223 [00:09<00:23, 2746.48it/s]
Benchmarking (mlp):  30%|██▉       | 27333/91223 [00:10<00:23, 2730.07it/s]
Benchmarking (mlp):  30%|███       | 27607/91223 [00:10<00:23, 2720.85it/s]
Benchmarking (mlp):  31%|███       | 27880/91223 [00:10<00:23, 2715.76it/s]
Benchmarking (mlp):  31%|███       | 28154/91223 [00:10<00:23, 2716.26it/s]
Benchmarking (mlp):  31%|███       | 28428/91223 [00:10<00:23, 2721.00it/s]
Benchmarking (mlp):  31%|███▏      | 28701/91223 [00:10<00:22, 2721.85it/s]
Benchmarking (mlp):  32%|███▏      | 28974/91223 [00:10<00:22, 2720.57it/s]
Benchmarking (mlp):  32%|███▏      | 29247/91223 [00:10<00:22, 2708.05it/s]
Benchmarking (mlp):  32%|███▏      | 29522/91223 [00:10<00:22, 2720.31it/s]
Benchmarking (mlp):  33%|███▎      | 29795/91223 [00:10<00:22, 2709.05it/s]
Benchmarking (mlp):  33%|███▎      | 30066/91223 [00:11<00:22, 2704.60it/s]
Benchmarking (mlp):  33%|███▎      | 30337/91223 [00:11<00:22, 2697.56it/s]
Benchmarking (mlp):  34%|███▎      | 30607/91223 [00:11<00:22, 2689.96it/s]
Benchmarking (mlp):  34%|███▍      | 30877/91223 [00:11<00:22, 2665.59it/s]
Benchmarking (mlp):  34%|███▍      | 31144/91223 [00:11<00:22, 2657.15it/s]
Benchmarking (mlp):  34%|███▍      | 31413/91223 [00:11<00:22, 2665.36it/s]
Benchmarking (mlp):  35%|███▍      | 31686/91223 [00:11<00:22, 2682.42it/s]
Benchmarking (mlp):  35%|███▌      | 31962/91223 [00:11<00:21, 2703.94it/s]
Benchmarking (mlp):  35%|███▌      | 32237/91223 [00:11<00:21, 2717.46it/s]
Benchmarking (mlp):  36%|███▌      | 32512/91223 [00:12<00:21, 2725.38it/s]
Benchmarking (mlp):  36%|███▌      | 32785/91223 [00:12<00:22, 2650.73it/s]
Benchmarking (mlp):  36%|███▌      | 33062/91223 [00:12<00:21, 2683.78it/s]
Benchmarking (mlp):  37%|███▋      | 33337/91223 [00:12<00:21, 2701.28it/s]
Benchmarking (mlp):  37%|███▋      | 33616/91223 [00:12<00:21, 2725.05it/s]
Benchmarking (mlp):  37%|███▋      | 33892/91223 [00:12<00:20, 2735.15it/s]
Benchmarking (mlp):  37%|███▋      | 34166/91223 [00:12<00:20, 2718.74it/s]
Benchmarking (mlp):  38%|███▊      | 34439/91223 [00:12<00:20, 2706.33it/s]
Benchmarking (mlp):  38%|███▊      | 34710/91223 [00:12<00:21, 2660.31it/s]
Benchmarking (mlp):  38%|███▊      | 34982/91223 [00:12<00:21, 2675.33it/s]
Benchmarking (mlp):  39%|███▊      | 35250/91223 [00:13<00:21, 2656.10it/s]
Benchmarking (mlp):  39%|███▉      | 35521/91223 [00:13<00:20, 2670.23it/s]
Benchmarking (mlp):  39%|███▉      | 35789/91223 [00:13<00:20, 2644.03it/s]
Benchmarking (mlp):  40%|███▉      | 36054/91223 [00:13<00:21, 2563.45it/s]
Benchmarking (mlp):  40%|███▉      | 36325/91223 [00:13<00:21, 2603.65it/s]
Benchmarking (mlp):  40%|████      | 36586/91223 [00:13<00:21, 2585.14it/s]
Benchmarking (mlp):  40%|████      | 36845/91223 [00:13<00:21, 2557.65it/s]
Benchmarking (mlp):  41%|████      | 37102/91223 [00:13<00:21, 2534.92it/s]
Benchmarking (mlp):  41%|████      | 37356/91223 [00:13<00:21, 2515.15it/s]
Benchmarking (mlp):  41%|████      | 37610/91223 [00:13<00:21, 2518.08it/s]
Benchmarking (mlp):  42%|████▏     | 37868/91223 [00:14<00:21, 2533.66it/s]
Benchmarking (mlp):  42%|████▏     | 38141/91223 [00:14<00:20, 2589.29it/s]
Benchmarking (mlp):  42%|████▏     | 38407/91223 [00:14<00:20, 2608.40it/s]
Benchmarking (mlp):  42%|████▏     | 38674/91223 [00:14<00:20, 2623.87it/s]
Benchmarking (mlp):  43%|████▎     | 38947/91223 [00:14<00:19, 2654.73it/s]
Benchmarking (mlp):  43%|████▎     | 39213/91223 [00:14<00:19, 2647.02it/s]
Benchmarking (mlp):  43%|████▎     | 39486/91223 [00:14<00:19, 2670.06it/s]
Benchmarking (mlp):  44%|████▎     | 39754/91223 [00:14<00:19, 2667.20it/s]
Benchmarking (mlp):  44%|████▍     | 40030/91223 [00:14<00:19, 2692.85it/s]
Benchmarking (mlp):  44%|████▍     | 40300/91223 [00:14<00:18, 2688.62it/s]
Benchmarking (mlp):  44%|████▍     | 40576/91223 [00:15<00:18, 2707.74it/s]
Benchmarking (mlp):  45%|████▍     | 40853/91223 [00:15<00:18, 2725.08it/s]
Benchmarking (mlp):  45%|████▌     | 41126/91223 [00:15<00:18, 2714.82it/s]
Benchmarking (mlp):  45%|████▌     | 41401/91223 [00:15<00:18, 2724.91it/s]
Benchmarking (mlp):  46%|████▌     | 41676/91223 [00:15<00:18, 2731.72it/s]
Benchmarking (mlp):  46%|████▌     | 41950/91223 [00:15<00:18, 2725.58it/s]
Benchmarking (mlp):  46%|████▋     | 42223/91223 [00:15<00:18, 2718.72it/s]
Benchmarking (mlp):  47%|████▋     | 42496/91223 [00:15<00:17, 2720.77it/s]
Benchmarking (mlp):  47%|████▋     | 42769/91223 [00:15<00:17, 2712.44it/s]
Benchmarking (mlp):  47%|████▋     | 43041/91223 [00:15<00:17, 2696.63it/s]
Benchmarking (mlp):  47%|████▋     | 43314/91223 [00:16<00:17, 2705.43it/s]
Benchmarking (mlp):  48%|████▊     | 43589/91223 [00:16<00:17, 2712.84it/s]
Benchmarking (mlp):  48%|████▊     | 43861/91223 [00:16<00:17, 2696.64it/s]
Benchmarking (mlp):  48%|████▊     | 44131/91223 [00:16<00:17, 2693.25it/s]
Benchmarking (mlp):  49%|████▊     | 44401/91223 [00:16<00:17, 2679.85it/s]
Benchmarking (mlp):  49%|████▉     | 44676/91223 [00:16<00:17, 2699.12it/s]
Benchmarking (mlp):  49%|████▉     | 44955/91223 [00:16<00:16, 2724.42it/s]
Benchmarking (mlp):  50%|████▉     | 45231/91223 [00:16<00:16, 2733.51it/s]
Benchmarking (mlp):  50%|████▉     | 45506/91223 [00:16<00:16, 2738.00it/s]
Benchmarking (mlp):  50%|█████     | 45780/91223 [00:16<00:16, 2714.43it/s]
Benchmarking (mlp):  50%|█████     | 46055/91223 [00:17<00:16, 2723.98it/s]
Benchmarking (mlp):  51%|█████     | 46331/91223 [00:17<00:16, 2734.39it/s]
Benchmarking (mlp):  51%|█████     | 46605/91223 [00:17<00:16, 2696.16it/s]
Benchmarking (mlp):  51%|█████▏    | 46878/91223 [00:17<00:16, 2705.84it/s]
Benchmarking (mlp):  52%|█████▏    | 47149/91223 [00:17<00:16, 2696.53it/s]
Benchmarking (mlp):  52%|█████▏    | 47425/91223 [00:17<00:16, 2713.63it/s]
Benchmarking (mlp):  52%|█████▏    | 47697/91223 [00:17<00:16, 2705.81it/s]
Benchmarking (mlp):  53%|█████▎    | 47968/91223 [00:17<00:15, 2705.10it/s]
Benchmarking (mlp):  53%|█████▎    | 48242/91223 [00:17<00:15, 2715.23it/s]
Benchmarking (mlp):  53%|█████▎    | 48516/91223 [00:17<00:15, 2722.42it/s]
Benchmarking (mlp):  53%|█████▎    | 48789/91223 [00:18<00:15, 2703.57it/s]
Benchmarking (mlp):  54%|█████▍    | 49066/91223 [00:18<00:15, 2722.74it/s]
Benchmarking (mlp):  54%|█████▍    | 49339/91223 [00:18<00:15, 2708.15it/s]
Benchmarking (mlp):  54%|█████▍    | 49610/91223 [00:18<00:15, 2700.43it/s]
Benchmarking (mlp):  55%|█████▍    | 49885/91223 [00:18<00:15, 2712.43it/s]
Benchmarking (mlp):  55%|█████▍    | 50157/91223 [00:18<00:15, 2708.54it/s]
Benchmarking (mlp):  55%|█████▌    | 50429/91223 [00:18<00:15, 2709.44it/s]
Benchmarking (mlp):  56%|█████▌    | 50700/91223 [00:18<00:15, 2699.30it/s]
Benchmarking (mlp):  56%|█████▌    | 50976/91223 [00:18<00:14, 2714.65it/s]
Benchmarking (mlp):  56%|█████▌    | 51248/91223 [00:18<00:14, 2703.53it/s]
Benchmarking (mlp):  56%|█████▋    | 51519/91223 [00:19<00:14, 2699.82it/s]
Benchmarking (mlp):  57%|█████▋    | 51798/91223 [00:19<00:14, 2724.15it/s]
Benchmarking (mlp):  57%|█████▋    | 52071/91223 [00:19<00:14, 2699.47it/s]
Benchmarking (mlp):  57%|█████▋    | 52342/91223 [00:19<00:14, 2702.39it/s]
Benchmarking (mlp):  58%|█████▊    | 52618/91223 [00:19<00:14, 2717.43it/s]
Benchmarking (mlp):  58%|█████▊    | 52890/91223 [00:19<00:14, 2717.63it/s]
Benchmarking (mlp):  58%|█████▊    | 53166/91223 [00:19<00:13, 2729.35it/s]
Benchmarking (mlp):  59%|█████▊    | 53439/91223 [00:19<00:13, 2729.34it/s]
Benchmarking (mlp):  59%|█████▉    | 53712/91223 [00:19<00:13, 2719.90it/s]
Benchmarking (mlp):  59%|█████▉    | 53985/91223 [00:20<00:13, 2721.89it/s]
Benchmarking (mlp):  59%|█████▉    | 54258/91223 [00:20<00:13, 2713.78it/s]
Benchmarking (mlp):  60%|█████▉    | 54530/91223 [00:20<00:13, 2705.56it/s]
Benchmarking (mlp):  60%|██████    | 54805/91223 [00:20<00:13, 2718.36it/s]
Benchmarking (mlp):  60%|██████    | 55085/91223 [00:20<00:13, 2742.33it/s]
Benchmarking (mlp):  61%|██████    | 55360/91223 [00:20<00:13, 2735.81it/s]
Benchmarking (mlp):  61%|██████    | 55636/91223 [00:20<00:12, 2740.16it/s]
Benchmarking (mlp):  61%|██████▏   | 55911/91223 [00:20<00:12, 2737.16it/s]
Benchmarking (mlp):  62%|██████▏   | 56185/91223 [00:20<00:12, 2734.46it/s]
Benchmarking (mlp):  62%|██████▏   | 56462/91223 [00:20<00:12, 2744.47it/s]
Benchmarking (mlp):  62%|██████▏   | 56739/91223 [00:21<00:12, 2751.12it/s]
Benchmarking (mlp):  63%|██████▎   | 57018/91223 [00:21<00:12, 2761.24it/s]
Benchmarking (mlp):  63%|██████▎   | 57297/91223 [00:21<00:12, 2767.18it/s]
Benchmarking (mlp):  63%|██████▎   | 57575/91223 [00:21<00:12, 2768.80it/s]
Benchmarking (mlp):  63%|██████▎   | 57852/91223 [00:21<00:12, 2761.96it/s]
Benchmarking (mlp):  64%|██████▎   | 58132/91223 [00:21<00:11, 2771.61it/s]
Benchmarking (mlp):  64%|██████▍   | 58410/91223 [00:21<00:11, 2763.75it/s]
Benchmarking (mlp):  64%|██████▍   | 58687/91223 [00:21<00:11, 2758.84it/s]
Benchmarking (mlp):  65%|██████▍   | 58963/91223 [00:21<00:11, 2756.84it/s]
Benchmarking (mlp):  65%|██████▍   | 59239/91223 [00:21<00:11, 2738.34it/s]
Benchmarking (mlp):  65%|██████▌   | 59513/91223 [00:22<00:11, 2733.30it/s]
Benchmarking (mlp):  66%|██████▌   | 59787/91223 [00:22<00:11, 2721.95it/s]
Benchmarking (mlp):  66%|██████▌   | 60060/91223 [00:22<00:11, 2674.54it/s]
Benchmarking (mlp):  66%|██████▌   | 60331/91223 [00:22<00:11, 2682.40it/s]
Benchmarking (mlp):  66%|██████▋   | 60610/91223 [00:22<00:11, 2711.62it/s]
Benchmarking (mlp):  67%|██████▋   | 60888/91223 [00:22<00:11, 2731.73it/s]
Benchmarking (mlp):  67%|██████▋   | 61162/91223 [00:22<00:11, 2688.88it/s]
Benchmarking (mlp):  67%|██████▋   | 61432/91223 [00:22<00:11, 2668.12it/s]
Benchmarking (mlp):  68%|██████▊   | 61699/91223 [00:22<00:11, 2656.04it/s]
Benchmarking (mlp):  68%|██████▊   | 61965/91223 [00:22<00:11, 2654.70it/s]
Benchmarking (mlp):  68%|██████▊   | 62231/91223 [00:23<00:10, 2642.47it/s]
Benchmarking (mlp):  69%|██████▊   | 62500/91223 [00:23<00:10, 2654.70it/s]
Benchmarking (mlp):  69%|██████▉   | 62766/91223 [00:23<00:10, 2621.48it/s]
Benchmarking (mlp):  69%|██████▉   | 63034/91223 [00:23<00:10, 2638.40it/s]
Benchmarking (mlp):  69%|██████▉   | 63298/91223 [00:23<00:10, 2617.23it/s]
Benchmarking (mlp):  70%|██████▉   | 63565/91223 [00:23<00:10, 2631.80it/s]
Benchmarking (mlp):  70%|██████▉   | 63831/91223 [00:23<00:10, 2638.34it/s]
Benchmarking (mlp):  70%|███████   | 64099/91223 [00:23<00:10, 2650.41it/s]
Benchmarking (mlp):  71%|███████   | 64365/91223 [00:23<00:10, 2633.10it/s]
Benchmarking (mlp):  71%|███████   | 64629/91223 [00:23<00:10, 2567.80it/s]
Benchmarking (mlp):  71%|███████   | 64891/91223 [00:24<00:10, 2582.15it/s]
Benchmarking (mlp):  71%|███████▏  | 65159/91223 [00:24<00:09, 2610.66it/s]
Benchmarking (mlp):  72%|███████▏  | 65422/91223 [00:24<00:09, 2616.34it/s]
Benchmarking (mlp):  72%|███████▏  | 65690/91223 [00:24<00:09, 2635.07it/s]
Benchmarking (mlp):  72%|███████▏  | 65954/91223 [00:24<00:09, 2602.42it/s]
Benchmarking (mlp):  73%|███████▎  | 66219/91223 [00:24<00:09, 2613.82it/s]
Benchmarking (mlp):  73%|███████▎  | 66491/91223 [00:24<00:09, 2644.70it/s]
Benchmarking (mlp):  73%|███████▎  | 66759/91223 [00:24<00:09, 2653.15it/s]
Benchmarking (mlp):  73%|███████▎  | 67025/91223 [00:24<00:09, 2648.70it/s]
Benchmarking (mlp):  74%|███████▍  | 67303/91223 [00:24<00:08, 2685.44it/s]
Benchmarking (mlp):  74%|███████▍  | 67572/91223 [00:25<00:08, 2683.63it/s]
Benchmarking (mlp):  74%|███████▍  | 67850/91223 [00:25<00:08, 2711.72it/s]
Benchmarking (mlp):  75%|███████▍  | 68122/91223 [00:25<00:08, 2623.04it/s]
Benchmarking (mlp):  75%|███████▍  | 68385/91223 [00:25<00:08, 2579.85it/s]
Benchmarking (mlp):  75%|███████▌  | 68644/91223 [00:25<00:08, 2582.46it/s]
Benchmarking (mlp):  76%|███████▌  | 68914/91223 [00:25<00:08, 2614.61it/s]
Benchmarking (mlp):  76%|███████▌  | 69181/91223 [00:25<00:08, 2630.41it/s]
Benchmarking (mlp):  76%|███████▌  | 69454/91223 [00:25<00:08, 2657.41it/s]
Benchmarking (mlp):  76%|███████▋  | 69729/91223 [00:25<00:08, 2682.21it/s]
Benchmarking (mlp):  77%|███████▋  | 69998/91223 [00:25<00:07, 2672.28it/s]
Benchmarking (mlp):  77%|███████▋  | 70266/91223 [00:26<00:07, 2666.34it/s]
Benchmarking (mlp):  77%|███████▋  | 70533/91223 [00:26<00:07, 2650.68it/s]
Benchmarking (mlp):  78%|███████▊  | 70799/91223 [00:26<00:07, 2650.25it/s]
Benchmarking (mlp):  78%|███████▊  | 71069/91223 [00:26<00:07, 2662.22it/s]
Benchmarking (mlp):  78%|███████▊  | 71336/91223 [00:26<00:07, 2657.88it/s]
Benchmarking (mlp):  78%|███████▊  | 71610/91223 [00:26<00:07, 2681.80it/s]
Benchmarking (mlp):  79%|███████▉  | 71885/91223 [00:26<00:07, 2699.82it/s]
Benchmarking (mlp):  79%|███████▉  | 72156/91223 [00:26<00:07, 2702.62it/s]
Benchmarking (mlp):  79%|███████▉  | 72427/91223 [00:26<00:06, 2698.02it/s]
Benchmarking (mlp):  80%|███████▉  | 72698/91223 [00:26<00:06, 2699.45it/s]
Benchmarking (mlp):  80%|███████▉  | 72973/91223 [00:27<00:06, 2711.90it/s]
Benchmarking (mlp):  80%|████████  | 73247/91223 [00:27<00:06, 2718.56it/s]
Benchmarking (mlp):  81%|████████  | 73526/91223 [00:27<00:06, 2737.03it/s]
Benchmarking (mlp):  81%|████████  | 73800/91223 [00:27<00:06, 2729.73it/s]
Benchmarking (mlp):  81%|████████  | 74073/91223 [00:27<00:06, 2700.84it/s]
Benchmarking (mlp):  81%|████████▏ | 74344/91223 [00:27<00:06, 2688.39it/s]
Benchmarking (mlp):  82%|████████▏ | 74618/91223 [00:27<00:06, 2702.67it/s]
Benchmarking (mlp):  82%|████████▏ | 74889/91223 [00:27<00:06, 2680.12it/s]
Benchmarking (mlp):  82%|████████▏ | 75158/91223 [00:27<00:05, 2681.88it/s]
Benchmarking (mlp):  83%|████████▎ | 75427/91223 [00:27<00:05, 2675.14it/s]
Benchmarking (mlp):  83%|████████▎ | 75700/91223 [00:28<00:05, 2690.13it/s]
Benchmarking (mlp):  83%|████████▎ | 75970/91223 [00:28<00:05, 2687.02it/s]
Benchmarking (mlp):  84%|████████▎ | 76242/91223 [00:28<00:05, 2695.59it/s]
Benchmarking (mlp):  84%|████████▍ | 76521/91223 [00:28<00:05, 2720.95it/s]
Benchmarking (mlp):  84%|████████▍ | 76794/91223 [00:28<00:05, 2716.74it/s]
Benchmarking (mlp):  84%|████████▍ | 77066/91223 [00:28<00:05, 2670.62it/s]
Benchmarking (mlp):  85%|████████▍ | 77340/91223 [00:28<00:05, 2689.74it/s]
Benchmarking (mlp):  85%|████████▌ | 77611/91223 [00:28<00:05, 2692.95it/s]
Benchmarking (mlp):  85%|████████▌ | 77881/91223 [00:28<00:04, 2669.88it/s]
Benchmarking (mlp):  86%|████████▌ | 78149/91223 [00:29<00:04, 2669.60it/s]
Benchmarking (mlp):  86%|████████▌ | 78425/91223 [00:29<00:04, 2693.77it/s]
Benchmarking (mlp):  86%|████████▋ | 78702/91223 [00:29<00:04, 2713.69it/s]
Benchmarking (mlp):  87%|████████▋ | 78980/91223 [00:29<00:04, 2732.76it/s]
Benchmarking (mlp):  87%|████████▋ | 79254/91223 [00:29<00:04, 2732.84it/s]
Benchmarking (mlp):  87%|████████▋ | 79533/91223 [00:29<00:04, 2748.40it/s]
Benchmarking (mlp):  87%|████████▋ | 79808/91223 [00:29<00:04, 2729.29it/s]
Benchmarking (mlp):  88%|████████▊ | 80085/91223 [00:29<00:04, 2738.78it/s]
Benchmarking (mlp):  88%|████████▊ | 80360/91223 [00:29<00:03, 2740.84it/s]
Benchmarking (mlp):  88%|████████▊ | 80635/91223 [00:29<00:03, 2739.41it/s]
Benchmarking (mlp):  89%|████████▊ | 80909/91223 [00:30<00:03, 2690.00it/s]
Benchmarking (mlp):  89%|████████▉ | 81179/91223 [00:30<00:03, 2659.41it/s]
Benchmarking (mlp):  89%|████████▉ | 81452/91223 [00:30<00:03, 2679.19it/s]
Benchmarking (mlp):  90%|████████▉ | 81721/91223 [00:30<00:03, 2660.06it/s]
Benchmarking (mlp):  90%|████████▉ | 81995/91223 [00:30<00:03, 2681.99it/s]
Benchmarking (mlp):  90%|█████████ | 82268/91223 [00:30<00:03, 2695.95it/s]
Benchmarking (mlp):  90%|█████████ | 82541/91223 [00:30<00:03, 2703.47it/s]
Benchmarking (mlp):  91%|█████████ | 82818/91223 [00:30<00:03, 2721.80it/s]
Benchmarking (mlp):  91%|█████████ | 83095/91223 [00:30<00:02, 2735.72it/s]
Benchmarking (mlp):  91%|█████████▏| 83369/91223 [00:30<00:02, 2725.33it/s]
Benchmarking (mlp):  92%|█████████▏| 83642/91223 [00:31<00:02, 2717.35it/s]
Benchmarking (mlp):  92%|█████████▏| 83914/91223 [00:31<00:02, 2671.33it/s]
Benchmarking (mlp):  92%|█████████▏| 84182/91223 [00:31<00:02, 2666.42it/s]
Benchmarking (mlp):  93%|█████████▎| 84460/91223 [00:31<00:02, 2698.27it/s]
Benchmarking (mlp):  93%|█████████▎| 84733/91223 [00:31<00:02, 2706.12it/s]
Benchmarking (mlp):  93%|█████████▎| 85007/91223 [00:31<00:02, 2714.92it/s]
Benchmarking (mlp):  93%|█████████▎| 85279/91223 [00:31<00:02, 2692.59it/s]
Benchmarking (mlp):  94%|█████████▍| 85553/91223 [00:31<00:02, 2705.17it/s]
Benchmarking (mlp):  94%|█████████▍| 85825/91223 [00:31<00:01, 2708.73it/s]
Benchmarking (mlp):  94%|█████████▍| 86096/91223 [00:31<00:01, 2699.50it/s]
Benchmarking (mlp):  95%|█████████▍| 86369/91223 [00:32<00:01, 2706.57it/s]
Benchmarking (mlp):  95%|█████████▍| 86642/91223 [00:32<00:01, 2710.74it/s]
Benchmarking (mlp):  95%|█████████▌| 86914/91223 [00:32<00:01, 2657.37it/s]
Benchmarking (mlp):  96%|█████████▌| 87185/91223 [00:32<00:01, 2671.79it/s]
Benchmarking (mlp):  96%|█████████▌| 87453/91223 [00:32<00:01, 2658.44it/s]
Benchmarking (mlp):  96%|█████████▌| 87722/91223 [00:32<00:01, 2663.70it/s]
Benchmarking (mlp):  96%|█████████▋| 87993/91223 [00:32<00:01, 2674.91it/s]
Benchmarking (mlp):  97%|█████████▋| 88261/91223 [00:32<00:01, 2664.80it/s]
Benchmarking (mlp):  97%|█████████▋| 88529/91223 [00:32<00:01, 2668.08it/s]
Benchmarking (mlp):  97%|█████████▋| 88804/91223 [00:32<00:00, 2692.36it/s]
Benchmarking (mlp):  98%|█████████▊| 89074/91223 [00:33<00:00, 2633.51it/s]
Benchmarking (mlp):  98%|█████████▊| 89338/91223 [00:33<00:00, 2633.40it/s]
Benchmarking (mlp):  98%|█████████▊| 89602/91223 [00:33<00:00, 2631.18it/s]
Benchmarking (mlp):  99%|█████████▊| 89868/91223 [00:33<00:00, 2632.42it/s]
Benchmarking (mlp):  99%|█████████▉| 90132/91223 [00:33<00:00, 2570.96it/s]
Benchmarking (mlp):  99%|█████████▉| 90390/91223 [00:33<00:00, 2567.73it/s]
Benchmarking (mlp):  99%|█████████▉| 90648/91223 [00:33<00:00, 2541.87it/s]
Benchmarking (mlp): 100%|█████████▉| 90903/91223 [00:33<00:00, 2512.79it/s]
Benchmarking (mlp): 100%|█████████▉| 91168/91223 [00:33<00:00, 2550.54it/s]
Benchmarking (mlp):   0%|          | 0/26063 [00:00<?, ?it/s]
Benchmarking (mlp):   1%|          | 271/26063 [00:00<00:09, 2706.96it/s]
Benchmarking (mlp):   2%|▏         | 542/26063 [00:00<00:09, 2691.86it/s]
Benchmarking (mlp):   3%|▎         | 812/26063 [00:00<00:09, 2633.22it/s]
Benchmarking (mlp):   4%|▍         | 1087/26063 [00:00<00:09, 2676.15it/s]
Benchmarking (mlp):   5%|▌         | 1355/26063 [00:00<00:09, 2628.42it/s]
Benchmarking (mlp):   6%|▌         | 1623/26063 [00:00<00:09, 2642.81it/s]
Benchmarking (mlp):   7%|▋         | 1888/26063 [00:00<00:09, 2585.11it/s]
Benchmarking (mlp):   8%|▊         | 2152/26063 [00:00<00:09, 2600.68it/s]
Benchmarking (mlp):   9%|▉         | 2417/26063 [00:00<00:09, 2614.49it/s]
Benchmarking (mlp):  10%|█         | 2680/26063 [00:01<00:08, 2618.55it/s]
Benchmarking (mlp):  11%|█▏        | 2942/26063 [00:01<00:08, 2591.29it/s]
Benchmarking (mlp):  12%|█▏        | 3213/26063 [00:01<00:08, 2624.89it/s]
Benchmarking (mlp):  13%|█▎        | 3484/26063 [00:01<00:08, 2649.51it/s]
Benchmarking (mlp):  14%|█▍        | 3757/26063 [00:01<00:08, 2673.22it/s]
Benchmarking (mlp):  15%|█▌        | 4025/26063 [00:01<00:08, 2649.92it/s]
Benchmarking (mlp):  16%|█▋        | 4297/26063 [00:01<00:08, 2670.59it/s]
Benchmarking (mlp):  18%|█▊        | 4569/26063 [00:01<00:08, 2683.44it/s]
Benchmarking (mlp):  19%|█▊        | 4838/26063 [00:01<00:07, 2684.24it/s]
Benchmarking (mlp):  20%|█▉        | 5112/26063 [00:01<00:07, 2700.25it/s]
Benchmarking (mlp):  21%|██        | 5393/26063 [00:02<00:07, 2731.48it/s]
Benchmarking (mlp):  22%|██▏       | 5674/26063 [00:02<00:07, 2753.69it/s]
Benchmarking (mlp):  23%|██▎       | 5950/26063 [00:02<00:07, 2753.96it/s]
Benchmarking (mlp):  24%|██▍       | 6226/26063 [00:02<00:07, 2711.29it/s]
Benchmarking (mlp):  25%|██▍       | 6498/26063 [00:02<00:07, 2713.60it/s]
Benchmarking (mlp):  26%|██▌       | 6770/26063 [00:02<00:07, 2692.10it/s]
Benchmarking (mlp):  27%|██▋       | 7042/26063 [00:02<00:07, 2699.71it/s]
Benchmarking (mlp):  28%|██▊       | 7325/26063 [00:02<00:06, 2737.39it/s]
Benchmarking (mlp):  29%|██▉       | 7599/26063 [00:02<00:06, 2701.77it/s]
Benchmarking (mlp):  30%|███       | 7875/26063 [00:02<00:06, 2718.92it/s]
Benchmarking (mlp):  31%|███▏      | 8152/26063 [00:03<00:06, 2730.25it/s]
Benchmarking (mlp):  32%|███▏      | 8428/26063 [00:03<00:06, 2737.27it/s]
Benchmarking (mlp):  33%|███▎      | 8707/26063 [00:03<00:06, 2752.25it/s]
Benchmarking (mlp):  34%|███▍      | 8983/26063 [00:03<00:06, 2735.70it/s]
Benchmarking (mlp):  36%|███▌      | 9264/26063 [00:03<00:06, 2756.27it/s]
Benchmarking (mlp):  37%|███▋      | 9540/26063 [00:03<00:06, 2743.68it/s]
Benchmarking (mlp):  38%|███▊      | 9820/26063 [00:03<00:05, 2757.68it/s]
Benchmarking (mlp):  39%|███▊      | 10097/26063 [00:03<00:05, 2761.24it/s]
Benchmarking (mlp):  40%|███▉      | 10375/26063 [00:03<00:05, 2766.57it/s]
Benchmarking (mlp):  41%|████      | 10652/26063 [00:03<00:05, 2758.09it/s]
Benchmarking (mlp):  42%|████▏     | 10928/26063 [00:04<00:05, 2735.89it/s]
Benchmarking (mlp):  43%|████▎     | 11202/26063 [00:04<00:05, 2718.47it/s]
Benchmarking (mlp):  44%|████▍     | 11474/26063 [00:04<00:05, 2700.51it/s]
Benchmarking (mlp):  45%|████▌     | 11745/26063 [00:04<00:05, 2694.99it/s]
Benchmarking (mlp):  46%|████▌     | 12022/26063 [00:04<00:05, 2715.16it/s]
Benchmarking (mlp):  47%|████▋     | 12301/26063 [00:04<00:05, 2734.89it/s]
Benchmarking (mlp):  48%|████▊     | 12580/26063 [00:04<00:04, 2748.86it/s]
Benchmarking (mlp):  49%|████▉     | 12855/26063 [00:04<00:04, 2737.37it/s]
Benchmarking (mlp):  50%|█████     | 13129/26063 [00:04<00:04, 2734.07it/s]
Benchmarking (mlp):  51%|█████▏    | 13403/26063 [00:04<00:04, 2728.35it/s]
Benchmarking (mlp):  52%|█████▏    | 13676/26063 [00:05<00:04, 2724.16it/s]
Benchmarking (mlp):  54%|█████▎    | 13949/26063 [00:05<00:04, 2715.58it/s]
Benchmarking (mlp):  55%|█████▍    | 14221/26063 [00:05<00:04, 2700.38it/s]
Benchmarking (mlp):  56%|█████▌    | 14498/26063 [00:05<00:04, 2718.71it/s]
Benchmarking (mlp):  57%|█████▋    | 14778/26063 [00:05<00:04, 2742.05it/s]
Benchmarking (mlp):  58%|█████▊    | 15053/26063 [00:05<00:04, 2721.30it/s]
Benchmarking (mlp):  59%|█████▉    | 15326/26063 [00:05<00:03, 2719.43it/s]
Benchmarking (mlp):  60%|█████▉    | 15606/26063 [00:05<00:03, 2742.05it/s]
Benchmarking (mlp):  61%|██████    | 15886/26063 [00:05<00:03, 2757.78it/s]
Benchmarking (mlp):  62%|██████▏   | 16163/26063 [00:05<00:03, 2760.02it/s]
Benchmarking (mlp):  63%|██████▎   | 16440/26063 [00:06<00:03, 2735.79it/s]
Benchmarking (mlp):  64%|██████▍   | 16719/26063 [00:06<00:03, 2750.83it/s]
Benchmarking (mlp):  65%|██████▌   | 16995/26063 [00:06<00:03, 2727.56it/s]
Benchmarking (mlp):  66%|██████▋   | 17268/26063 [00:06<00:03, 2726.93it/s]
Benchmarking (mlp):  67%|██████▋   | 17546/26063 [00:06<00:03, 2742.09it/s]
Benchmarking (mlp):  68%|██████▊   | 17827/26063 [00:06<00:02, 2759.84it/s]
Benchmarking (mlp):  69%|██████▉   | 18104/26063 [00:06<00:02, 2756.05it/s]
Benchmarking (mlp):  71%|███████   | 18383/26063 [00:06<00:02, 2763.76it/s]
Benchmarking (mlp):  72%|███████▏  | 18664/26063 [00:06<00:02, 2775.19it/s]
Benchmarking (mlp):  73%|███████▎  | 18942/26063 [00:06<00:02, 2775.65it/s]
Benchmarking (mlp):  74%|███████▎  | 19220/26063 [00:07<00:02, 2755.89it/s]
Benchmarking (mlp):  75%|███████▍  | 19499/26063 [00:07<00:02, 2763.71it/s]
Benchmarking (mlp):  76%|███████▌  | 19776/26063 [00:07<00:02, 2745.38it/s]
Benchmarking (mlp):  77%|███████▋  | 20051/26063 [00:07<00:02, 2741.83it/s]
Benchmarking (mlp):  78%|███████▊  | 20332/26063 [00:07<00:02, 2760.42it/s]
Benchmarking (mlp):  79%|███████▉  | 20612/26063 [00:07<00:01, 2770.75it/s]
Benchmarking (mlp):  80%|████████  | 20891/26063 [00:07<00:01, 2773.99it/s]
Benchmarking (mlp):  81%|████████  | 21169/26063 [00:07<00:01, 2738.48it/s]
Benchmarking (mlp):  82%|████████▏ | 21443/26063 [00:07<00:01, 2725.47it/s]
Benchmarking (mlp):  83%|████████▎ | 21719/26063 [00:07<00:01, 2733.75it/s]
Benchmarking (mlp):  84%|████████▍ | 21994/26063 [00:08<00:01, 2737.19it/s]
Benchmarking (mlp):  85%|████████▌ | 22268/26063 [00:08<00:01, 2713.79it/s]
Benchmarking (mlp):  87%|████████▋ | 22545/26063 [00:08<00:01, 2729.75it/s]
Benchmarking (mlp):  88%|████████▊ | 22822/26063 [00:08<00:01, 2739.66it/s]
Benchmarking (mlp):  89%|████████▊ | 23102/26063 [00:08<00:01, 2756.33it/s]
Benchmarking (mlp):  90%|████████▉ | 23381/26063 [00:08<00:00, 2765.19it/s]
Benchmarking (mlp):  91%|█████████ | 23658/26063 [00:08<00:00, 2758.69it/s]
Benchmarking (mlp):  92%|█████████▏| 23934/26063 [00:08<00:00, 2745.42it/s]
Benchmarking (mlp):  93%|█████████▎| 24218/26063 [00:08<00:00, 2772.22it/s]
Benchmarking (mlp):  94%|█████████▍| 24500/26063 [00:08<00:00, 2784.29it/s]
Benchmarking (mlp):  95%|█████████▌| 24779/26063 [00:09<00:00, 2767.40it/s]
Benchmarking (mlp):  96%|█████████▌| 25056/26063 [00:09<00:00, 2761.22it/s]
Benchmarking (mlp):  97%|█████████▋| 25333/26063 [00:09<00:00, 2732.55it/s]
Benchmarking (mlp):  98%|█████████▊| 25610/26063 [00:09<00:00, 2743.33it/s]
Benchmarking (mlp):  99%|█████████▉| 25887/26063 [00:09<00:00, 2749.40it/s]
Benchmarking (mlp):   0%|          | 0/13033 [00:00<?, ?it/s]
Benchmarking (mlp):   2%|▏         | 275/13033 [00:00<00:04, 2746.94it/s]
Benchmarking (mlp):   4%|▍         | 550/13033 [00:00<00:04, 2703.23it/s]
Benchmarking (mlp):   6%|▋         | 821/13033 [00:00<00:04, 2683.12it/s]
Benchmarking (mlp):   8%|▊         | 1090/13033 [00:00<00:04, 2667.09it/s]
Benchmarking (mlp):  10%|█         | 1364/13033 [00:00<00:04, 2692.90it/s]
Benchmarking (mlp):  13%|█▎        | 1636/13033 [00:00<00:04, 2701.64it/s]
Benchmarking (mlp):  15%|█▍        | 1907/13033 [00:00<00:04, 2682.93it/s]
Benchmarking (mlp):  17%|█▋        | 2180/13033 [00:00<00:04, 2696.34it/s]
Benchmarking (mlp):  19%|█▉        | 2454/13033 [00:00<00:03, 2709.85it/s]
Benchmarking (mlp):  21%|██        | 2727/13033 [00:01<00:03, 2714.87it/s]
Benchmarking (mlp):  23%|██▎       | 2999/13033 [00:01<00:03, 2713.98it/s]
Benchmarking (mlp):  25%|██▌       | 3276/13033 [00:01<00:03, 2730.22it/s]
Benchmarking (mlp):  27%|██▋       | 3552/13033 [00:01<00:03, 2736.76it/s]
Benchmarking (mlp):  29%|██▉       | 3829/13033 [00:01<00:03, 2746.13it/s]
Benchmarking (mlp):  31%|███▏      | 4105/13033 [00:01<00:03, 2748.19it/s]
Benchmarking (mlp):  34%|███▎      | 4384/13033 [00:01<00:03, 2758.54it/s]
Benchmarking (mlp):  36%|███▌      | 4663/13033 [00:01<00:03, 2765.59it/s]
Benchmarking (mlp):  38%|███▊      | 4940/13033 [00:01<00:02, 2754.67it/s]
Benchmarking (mlp):  40%|████      | 5216/13033 [00:01<00:02, 2747.72it/s]
Benchmarking (mlp):  42%|████▏     | 5492/13033 [00:02<00:02, 2749.60it/s]
Benchmarking (mlp):  44%|████▍     | 5773/13033 [00:02<00:02, 2765.44it/s]
Benchmarking (mlp):  46%|████▋     | 6050/13033 [00:02<00:02, 2765.07it/s]
Benchmarking (mlp):  49%|████▊     | 6327/13033 [00:02<00:02, 2766.18it/s]
Benchmarking (mlp):  51%|█████     | 6604/13033 [00:02<00:02, 2754.08it/s]
Benchmarking (mlp):  53%|█████▎    | 6885/13033 [00:02<00:02, 2767.91it/s]
Benchmarking (mlp):  55%|█████▍    | 7165/13033 [00:02<00:02, 2776.35it/s]
Benchmarking (mlp):  57%|█████▋    | 7443/13033 [00:02<00:02, 2776.09it/s]
Benchmarking (mlp):  59%|█████▉    | 7721/13033 [00:02<00:01, 2729.76it/s]
Benchmarking (mlp):  61%|██████▏   | 7998/13033 [00:02<00:01, 2741.06it/s]
Benchmarking (mlp):  63%|██████▎   | 8273/13033 [00:03<00:01, 2699.92it/s]
Benchmarking (mlp):  66%|██████▌   | 8548/13033 [00:03<00:01, 2713.65it/s]
Benchmarking (mlp):  68%|██████▊   | 8820/13033 [00:03<00:01, 2686.41it/s]
Benchmarking (mlp):  70%|██████▉   | 9096/13033 [00:03<00:01, 2707.25it/s]
Benchmarking (mlp):  72%|███████▏  | 9370/13033 [00:03<00:01, 2714.47it/s]
Benchmarking (mlp):  74%|███████▍  | 9646/13033 [00:03<00:01, 2725.52it/s]
Benchmarking (mlp):  76%|███████▌  | 9919/13033 [00:03<00:01, 2725.35it/s]
Benchmarking (mlp):  78%|███████▊  | 10194/13033 [00:03<00:01, 2730.49it/s]
Benchmarking (mlp):  80%|████████  | 10470/13033 [00:03<00:00, 2738.75it/s]
Benchmarking (mlp):  82%|████████▏ | 10744/13033 [00:03<00:00, 2735.10it/s]
Benchmarking (mlp):  85%|████████▍ | 11021/13033 [00:04<00:00, 2745.01it/s]
Benchmarking (mlp):  87%|████████▋ | 11297/13033 [00:04<00:00, 2748.24it/s]
Benchmarking (mlp):  89%|████████▉ | 11577/13033 [00:04<00:00, 2761.15it/s]
Benchmarking (mlp):  91%|█████████ | 11857/13033 [00:04<00:00, 2772.41it/s]
Benchmarking (mlp):  93%|█████████▎| 12138/13033 [00:04<00:00, 2782.16it/s]
Benchmarking (mlp):  95%|█████████▌| 12417/13033 [00:04<00:00, 2771.63it/s]
Benchmarking (mlp):  97%|█████████▋| 12695/13033 [00:04<00:00, 2758.87it/s]
Benchmarking (mlp): 100%|█████████▉| 12971/13033 [00:04<00:00, 2719.66it/s]
2026-04-05 11:15:54,845 INFO Saved custom HNM CSV explicitly to results/hnm_ablation/squad_hnm_ablation_results.csv
2026-04-05 11:15:55,750 INFO ========== NT-XENT ABLATION TARGET: METAQA ==========
2026-04-05 11:15:55,792 INFO METAQA: Executing 40 partitions tracking exactly → sweeping hn_k = [0, 9, 19, 29, 39]
2026-04-05 11:15:55,792 INFO --> Loading Evaluation Engine...
2026-04-05 11:16:10,493 INFO Load pretrained SentenceTransformer: multi-qa-MiniLM-L6-cos-v1
2026-04-05 11:16:15,077 INFO Benchmark split (metaqa): 285259 train / 81502 val / 40752 test
Batches:   1%|          | 52/8915 [00:00<01:11, 123.30it/s]
Batches:   1%|          | 65/8915 [00:00<01:11, 124.36it/s]
Batches:   1%|          | 79/8915 [00:00<01:09, 126.72it/s]
Batches:   1%|          | 92/8915 [00:00<01:14, 117.83it/s]
Batches:   1%|          | 106/8915 [00:00<01:12, 121.54it/s]
Batches:   1%|▏         | 119/8915 [00:00<01:10, 123.96it/s]
Batches:   1%|▏         | 132/8915 [00:01<01:11, 123.57it/s]
Batches:   2%|▏         | 145/8915 [00:01<01:10, 124.33it/s]
Batches:   2%|▏         | 158/8915 [00:01<01:11, 123.19it/s]
Batches:   2%|▏         | 171/8915 [00:01<01:11, 122.82it/s]
Batches:   2%|▏         | 184/8915 [00:01<01:10, 124.64it/s]
Batches:   2%|▏         | 198/8915 [00:01<01:08, 127.02it/s]
Batches:   2%|▏         | 212/8915 [00:01<01:06, 129.98it/s]
Batches:   3%|▎         | 226/8915 [00:01<01:06, 130.68it/s]
Batches:   3%|▎         | 240/8915 [00:01<01:06, 129.66it/s]
Batches:   3%|▎         | 253/8915 [00:02<01:06, 129.56it/s]
Batches:   3%|▎         | 267/8915 [00:02<01:05, 132.16it/s]
Batches:   3%|▎         | 281/8915 [00:02<01:05, 131.83it/s]
Batches:   3%|▎         | 295/8915 [00:05<10:41, 13.43it/s]
Batches:   3%|▎         | 308/8915 [00:05<07:57, 18.04it/s]
Batches:   4%|▎         | 320/8915 [00:05<06:05, 23.52it/s]
Batches:   4%|▎         | 333/8915 [00:05<04:37, 30.98it/s]
Batches:   4%|▍         | 346/8915 [00:05<03:33, 40.10it/s]
Batches:   4%|▍         | 358/8915 [00:05<02:53, 49.31it/s]
Batches:   4%|▍         | 371/8915 [00:06<02:21, 60.51it/s]
Batches:   4%|▍         | 384/8915 [00:06<01:58, 72.02it/s]
Batches:   4%|▍         | 397/8915 [00:06<01:42, 82.73it/s]
Batches:   5%|▍         | 410/8915 [00:06<01:32, 92.44it/s]
Batches:   5%|▍         | 423/8915 [00:06<01:24, 100.84it/s]
Batches:   5%|▍         | 436/8915 [00:06<01:18, 108.08it/s]
Batches:   5%|▌         | 449/8915 [00:06<01:15, 112.56it/s]
Batches:   5%|▌         | 462/8915 [00:06<01:12, 116.09it/s]
Batches:   5%|▌         | 475/8915 [00:06<01:11, 117.73it/s]
Batches:   5%|▌         | 488/8915 [00:06<01:09, 120.89it/s]
Batches:   6%|▌         | 501/8915 [00:07<01:08, 122.91it/s]
Batches:   6%|▌         | 514/8915 [00:07<01:07, 124.24it/s]
Batches:   6%|▌         | 527/8915 [00:07<01:06, 125.67it/s]
Batches:   6%|▌         | 541/8915 [00:07<01:05, 127.57it/s]
Batches:   6%|▌         | 554/8915 [00:07<01:05, 126.88it/s]
Batches:   6%|▋         | 567/8915 [00:07<01:05, 127.72it/s]
Batches:   7%|▋         | 580/8915 [00:07<01:06, 125.74it/s]
Batches:   7%|▋         | 594/8915 [00:07<01:05, 127.50it/s]
Batches:   7%|▋         | 607/8915 [00:07<01:04, 128.16it/s]
Batches:   7%|▋         | 621/8915 [00:07<01:03, 130.18it/s]
Batches:   7%|▋         | 635/8915 [00:08<01:03, 130.26it/s]
Batches:   7%|▋         | 649/8915 [00:08<01:03, 131.15it/s]
Batches:   7%|▋         | 663/8915 [00:08<01:03, 130.88it/s]
Batches:   8%|▊         | 677/8915 [00:08<01:02, 130.94it/s]
Batches:   8%|▊         | 691/8915 [00:08<01:03, 130.14it/s]
Batches:   8%|▊         | 705/8915 [00:08<01:04, 126.79it/s]
Batches:   8%|▊         | 719/8915 [00:08<01:03, 129.13it/s]
Batches:   8%|▊         | 733/8915 [00:08<01:02, 131.56it/s]
Batches:   8%|▊         | 747/8915 [00:08<01:02, 131.65it/s]
Batches:   9%|▊         | 761/8915 [00:09<01:03, 129.37it/s]
Batches:   9%|▊         | 775/8915 [00:09<01:02, 130.74it/s]
Batches:   9%|▉         | 789/8915 [00:09<01:01, 132.56it/s]
Batches:   9%|▉         | 803/8915 [00:09<01:01, 132.70it/s]
Batches:   9%|▉         | 817/8915 [00:09<01:01, 131.62it/s]
Batches:   9%|▉         | 831/8915 [00:09<01:01, 130.65it/s]
Batches:   9%|▉         | 845/8915 [00:09<01:01, 131.16it/s]
Batches:  10%|▉         | 859/8915 [00:09<01:01, 130.57it/s]
Batches:  10%|▉         | 873/8915 [00:09<01:02, 129.28it/s]
Batches:  10%|▉         | 886/8915 [00:10<01:02, 128.26it/s]
Batches:  10%|█         | 899/8915 [00:10<01:03, 126.97it/s]
Batches:  10%|█         | 912/8915 [00:10<01:03, 125.84it/s]
Batches:  10%|█         | 925/8915 [00:10<01:03, 126.36it/s]
Batches:  11%|█         | 938/8915 [00:10<01:02, 127.00it/s]
Batches:  11%|█         | 951/8915 [00:10<01:02, 127.00it/s]
Batches:  11%|█         | 964/8915 [00:10<01:03, 126.11it/s]
Batches:  11%|█         | 977/8915 [00:10<01:03, 125.08it/s]
Batches:  11%|█         | 990/8915 [00:10<01:03, 125.49it/s]
Batches:  11%|█▏        | 1003/8915 [00:10<01:02, 125.77it/s]
Batches:  11%|█▏        | 1016/8915 [00:11<01:02, 125.63it/s]
Batches:  12%|█▏        | 1029/8915 [00:11<01:02, 125.44it/s]
Batches:  12%|█▏        | 1042/8915 [00:11<01:02, 125.19it/s]
Batches:  12%|█▏        | 1055/8915 [00:11<01:03, 123.52it/s]
Batches:  12%|█▏        | 1068/8915 [00:11<01:04, 120.95it/s]
Batches:  12%|█▏        | 1081/8915 [00:11<01:03, 122.54it/s]
Batches:  12%|█▏        | 1094/8915 [00:11<01:02, 124.52it/s]
Batches:  12%|█▏        | 1107/8915 [00:11<01:03, 123.57it/s]
Batches:  13%|█▎        | 1120/8915 [00:11<01:02, 124.66it/s]
Batches:  13%|█▎        | 1133/8915 [00:12<01:02, 124.27it/s]
Batches:  13%|█▎        | 1146/8915 [00:12<01:02, 123.78it/s]
Batches:  13%|█▎        | 1159/8915 [00:12<01:01, 125.32it/s]
Batches:  13%|█▎        | 1172/8915 [00:12<01:01, 125.97it/s]
Batches:  13%|█▎        | 1186/8915 [00:12<01:00, 128.65it/s]
Batches:  13%|█▎        | 1199/8915 [00:12<01:00, 127.71it/s]
Batches:  14%|█▎        | 1212/8915 [00:12<01:00, 127.61it/s]
Batches:  14%|█▎        | 1225/8915 [00:12<00:59, 128.18it/s]
Batches:  14%|█▍        | 1238/8915 [00:12<00:59, 128.51it/s]
Batches:  14%|█▍        | 1251/8915 [00:12<00:59, 128.24it/s]
Batches:  14%|█▍        | 1265/8915 [00:13<00:58, 130.41it/s]
Batches:  14%|█▍        | 1279/8915 [00:13<00:58, 131.12it/s]
Batches:  15%|█▍        | 1293/8915 [00:13<00:58, 130.87it/s]
Batches:  15%|█▍        | 1307/8915 [00:13<00:58, 130.05it/s]
Batches:  15%|█▍        | 1321/8915 [00:13<00:57, 130.99it/s]
Batches:  15%|█▍        | 1335/8915 [00:13<00:57, 132.40it/s]
Batches:  15%|█▌        | 1349/8915 [00:13<00:57, 132.35it/s]
Batches:  15%|█▌        | 1363/8915 [00:13<00:57, 131.53it/s]
Batches:  15%|█▌        | 1377/8915 [00:13<00:57, 130.60it/s]
Batches:  16%|█▌        | 1391/8915 [00:13<00:57, 130.64it/s]
Batches:  16%|█▌        | 1405/8915 [00:14<00:57, 130.06it/s]
Batches:  16%|█▌        | 1419/8915 [00:14<00:58, 129.12it/s]
Batches:  16%|█▌        | 1432/8915 [00:14<00:58, 128.78it/s]
Batches:  16%|█▌        | 1445/8915 [00:14<00:58, 127.73it/s]
Batches:  16%|█▋        | 1458/8915 [00:14<00:58, 126.67it/s]
Batches:  17%|█▋        | 1472/8915 [00:14<00:58, 128.17it/s]
Batches:  17%|█▋        | 1486/8915 [00:14<00:57, 129.28it/s]
Batches:  17%|█▋        | 1499/8915 [00:14<00:57, 129.09it/s]
Batches:  17%|█▋        | 1513/8915 [00:14<00:57, 129.60it/s]
Batches:  17%|█▋        | 1526/8915 [00:15<00:57, 129.19it/s]
Batches:  17%|█▋        | 1539/8915 [00:15<00:57, 129.00it/s]
Batches:  17%|█▋        | 1552/8915 [00:15<00:58, 126.60it/s]
Batches:  18%|█▊        | 1565/8915 [00:15<00:58, 126.65it/s]
Batches:  18%|█▊        | 1578/8915 [00:15<00:58, 126.47it/s]
Batches:  18%|█▊        | 1591/8915 [00:15<00:57, 127.19it/s]
Batches:  18%|█▊        | 1604/8915 [00:15<00:57, 126.85it/s]
Batches:  18%|█▊        | 1617/8915 [00:15<00:57, 126.27it/s]
Batches:  18%|█▊        | 1631/8915 [00:15<00:57, 127.51it/s]
Batches:  18%|█▊        | 1644/8915 [00:15<00:56, 127.96it/s]
Batches:  19%|█▊        | 1657/8915 [00:16<00:57, 125.97it/s]
Batches:  19%|█▊        | 1671/8915 [00:16<00:56, 127.39it/s]
Batches:  19%|█▉        | 1685/8915 [00:16<00:55, 129.33it/s]
Batches:  19%|█▉        | 1699/8915 [00:16<00:54, 132.24it/s]
Batches:  19%|█▉        | 1713/8915 [00:16<00:54, 131.85it/s]
Batches:  19%|█▉        | 1727/8915 [00:16<00:54, 130.78it/s]
Batches:  20%|█▉        | 1741/8915 [00:16<00:55, 128.39it/s]
Batches:  20%|█▉        | 1754/8915 [00:16<00:56, 127.09it/s]
Batches:  20%|█▉        | 1767/8915 [00:16<00:56, 126.46it/s]
Batches:  20%|█▉        | 1780/8915 [00:17<00:56, 127.33it/s]
Batches:  20%|██        | 1794/8915 [00:17<00:55, 128.19it/s]
Batches:  20%|██        | 1808/8915 [00:17<00:54, 129.48it/s]
Batches:  20%|██        | 1821/8915 [00:17<00:55, 128.40it/s]
Batches:  21%|██        | 1835/8915 [00:17<00:54, 129.59it/s]
Batches:  21%|██        | 1849/8915 [00:17<00:54, 129.91it/s]
Batches:  21%|██        | 1862/8915 [00:17<00:54, 129.16it/s]
Batches:  21%|██        | 1876/8915 [00:17<00:53, 131.03it/s]
Batches:  21%|██        | 1890/8915 [00:17<00:52, 133.56it/s]
Batches:  21%|██▏       | 1904/8915 [00:17<00:52, 132.32it/s]
Batches:  22%|██▏       | 1918/8915 [00:18<00:52, 133.99it/s]
Batches:  22%|██▏       | 1932/8915 [00:18<00:51, 134.67it/s]
Batches:  22%|██▏       | 1946/8915 [00:18<00:51, 136.17it/s]
Batches:  22%|██▏       | 1960/8915 [00:18<00:51, 135.72it/s]
Batches:  22%|██▏       | 1974/8915 [00:18<00:50, 136.54it/s]
Batches:  22%|██▏       | 1988/8915 [00:18<00:51, 135.06it/s]
Batches:  22%|██▏       | 2002/8915 [00:18<00:50, 136.04it/s]
Batches:  23%|██▎       | 2017/8915 [00:18<00:50, 137.08it/s]
Batches:  23%|██▎       | 2031/8915 [00:18<00:50, 135.69it/s]
Batches:  23%|██▎       | 2045/8915 [00:19<00:51, 133.08it/s]
Batches:  23%|██▎       | 2059/8915 [00:19<00:51, 133.32it/s]
Batches:  23%|██▎       | 2073/8915 [00:19<00:51, 132.27it/s]
Batches:  23%|██▎       | 2087/8915 [00:19<00:51, 132.83it/s]
Batches:  24%|██▎       | 2101/8915 [00:19<00:51, 132.87it/s]
Batches:  24%|██▎       | 2115/8915 [00:19<00:51, 132.75it/s]
Batches:  24%|██▍       | 2129/8915 [00:19<00:51, 132.20it/s]
Batches:  24%|██▍       | 2143/8915 [00:19<00:51, 131.99it/s]
Batches:  24%|██▍       | 2157/8915 [00:19<00:51, 130.99it/s]
Batches:  24%|██▍       | 2171/8915 [00:19<00:51, 131.91it/s]
Batches:  25%|██▍       | 2185/8915 [00:20<00:50, 133.62it/s]
Batches:  25%|██▍       | 2199/8915 [00:20<00:50, 133.40it/s]
Batches:  25%|██▍       | 2213/8915 [00:20<00:50, 132.68it/s]
Batches:  25%|██▍       | 2227/8915 [00:20<00:51, 130.12it/s]
Batches:  25%|██▌       | 2241/8915 [00:20<00:51, 130.64it/s]
Batches:  25%|██▌       | 2255/8915 [00:20<00:50, 131.11it/s]
Batches:  25%|██▌       | 2269/8915 [00:20<00:50, 131.03it/s]
Batches:  26%|██▌       | 2283/8915 [00:20<00:51, 129.92it/s]
Batches:  26%|██▌       | 2297/8915 [00:20<00:50, 130.41it/s]
Batches:  26%|██▌       | 2311/8915 [00:21<00:50, 130.22it/s]
Batches:  26%|██▌       | 2325/8915 [00:21<00:50, 131.76it/s]
Batches:  26%|██▌       | 2339/8915 [00:21<00:50, 130.41it/s]
Batches:  26%|██▋       | 2353/8915 [00:21<00:51, 128.65it/s]
Batches:  27%|██▋       | 2367/8915 [00:21<00:50, 130.00it/s]
Batches:  27%|██▋       | 2381/8915 [00:21<00:50, 129.20it/s]
Batches:  27%|██▋       | 2394/8915 [00:21<00:50, 128.15it/s]
Batches:  27%|██▋       | 2407/8915 [00:21<00:51, 126.35it/s]
Batches:  27%|██▋       | 2421/8915 [00:21<00:50, 127.92it/s]
Batches:  27%|██▋       | 2434/8915 [00:22<00:51, 127.04it/s]
Batches:  27%|██▋       | 2447/8915 [00:22<00:50, 127.69it/s]
Batches:  28%|██▊       | 2460/8915 [00:22<00:50, 127.05it/s]
Batches:  28%|██▊       | 2473/8915 [00:22<00:50, 126.52it/s]
Batches:  28%|██▊       | 2486/8915 [00:22<00:50, 126.17it/s]
Batches:  28%|██▊       | 2500/8915 [00:22<00:50, 127.68it/s]
Batches:  28%|██▊       | 2513/8915 [00:22<00:50, 125.67it/s]
Batches:  28%|██▊       | 2527/8915 [00:22<00:50, 127.19it/s]
Batches:  29%|██▊       | 2541/8915 [00:22<00:49, 128.70it/s]
Batches:  29%|██▊       | 2555/8915 [00:22<00:49, 129.36it/s]
Batches:  29%|██▉       | 2569/8915 [00:23<00:49, 129.36it/s]
Batches:  29%|██▉       | 2583/8915 [00:23<00:48, 129.91it/s]
Batches:  29%|██▉       | 2597/8915 [00:23<00:47, 131.93it/s]
Batches:  29%|██▉       | 2611/8915 [00:23<00:47, 133.40it/s]
Batches:  29%|██▉       | 2625/8915 [00:23<00:47, 131.70it/s]
Batches:  30%|██▉       | 2640/8915 [00:23<00:46, 134.83it/s]
Batches:  30%|██▉       | 2654/8915 [00:23<00:46, 134.16it/s]
Batches:  30%|██▉       | 2668/8915 [00:23<00:46, 134.03it/s]
Batches:  30%|███       | 2682/8915 [00:23<00:46, 134.79it/s]
Batches:  30%|███       | 2696/8915 [00:24<00:47, 132.00it/s]
Batches:  30%|███       | 2710/8915 [00:24<00:47, 131.11it/s]
Batches:  31%|███       | 2724/8915 [00:24<00:47, 130.41it/s]
Batches:  31%|███       | 2738/8915 [00:24<00:47, 130.33it/s]
Batches:  31%|███       | 2752/8915 [00:24<00:47, 130.80it/s]
Batches:  31%|███       | 2766/8915 [00:24<00:46, 131.49it/s]
Batches:  31%|███       | 2780/8915 [00:24<00:46, 132.26it/s]
Batches:  31%|███▏      | 2794/8915 [00:24<00:46, 130.84it/s]
Batches:  31%|███▏      | 2808/8915 [00:24<00:46, 130.02it/s]
Batches:  32%|███▏      | 2822/8915 [00:24<00:46, 129.89it/s]
Batches:  32%|███▏      | 2835/8915 [00:25<00:46, 129.37it/s]
Batches:  32%|███▏      | 2848/8915 [00:25<00:47, 128.03it/s]
Batches:  32%|███▏      | 2861/8915 [00:25<00:47, 127.12it/s]
Batches:  32%|███▏      | 2874/8915 [00:25<00:48, 125.21it/s]
Batches:  32%|███▏      | 2887/8915 [00:25<00:48, 124.76it/s]
Batches:  33%|███▎      | 2901/8915 [00:25<00:47, 127.18it/s]
Batches:  33%|███▎      | 2915/8915 [00:25<00:46, 128.71it/s]
Batches:  33%|███▎      | 2928/8915 [00:25<00:47, 126.43it/s]
Batches:  33%|███▎      | 2942/8915 [00:25<00:46, 128.47it/s]
Batches:  33%|███▎      | 2955/8915 [00:26<00:46, 128.32it/s]
Batches:  33%|███▎      | 2969/8915 [00:26<00:45, 131.42it/s]
Batches:  33%|███▎      | 2983/8915 [00:26<00:46, 128.56it/s]
Batches:  34%|███▎      | 2996/8915 [00:26<00:46, 126.47it/s]
Batches:  34%|███▍      | 3009/8915 [00:26<00:47, 125.36it/s]
Batches:  34%|███▍      | 3022/8915 [00:26<00:47, 125.25it/s]
Batches:  34%|███▍      | 3035/8915 [00:26<00:47, 124.86it/s]
Batches:  34%|███▍      | 3048/8915 [00:26<00:47, 124.75it/s]
Batches:  34%|███▍      | 3062/8915 [00:26<00:46, 126.61it/s]
Batches:  35%|███▍      | 3076/8915 [00:26<00:45, 128.34it/s]
Batches:  35%|███▍      | 3090/8915 [00:27<00:44, 129.70it/s]
Batches:  35%|███▍      | 3104/8915 [00:27<00:44, 130.73it/s]
Batches:  35%|███▍      | 3118/8915 [00:27<00:44, 131.26it/s]
Batches:  35%|███▌      | 3132/8915 [00:27<00:43, 132.31it/s]
Batches:  35%|███▌      | 3146/8915 [00:27<00:42, 134.20it/s]
Batches:  35%|███▌      | 3160/8915 [00:27<00:42, 135.62it/s]
Batches:  36%|███▌      | 3174/8915 [00:27<00:42, 135.30it/s]
Batches:  36%|███▌      | 3189/8915 [00:27<00:41, 136.75it/s]
Batches:  36%|███▌      | 3204/8915 [00:27<00:41, 138.43it/s]
Batches:  36%|███▌      | 3218/8915 [00:28<00:41, 138.50it/s]
Batches:  36%|███▋      | 3232/8915 [00:28<00:41, 136.79it/s]
Batches:  36%|███▋      | 3246/8915 [00:28<00:42, 134.55it/s]
Batches:  37%|███▋      | 3260/8915 [00:28<00:42, 134.35it/s]
Batches:  37%|███▋      | 3274/8915 [00:28<00:41, 134.77it/s]
Batches:  37%|███▋      | 3288/8915 [00:28<00:42, 133.48it/s]
Batches:  37%|███▋      | 3302/8915 [00:28<00:41, 135.01it/s]
Batches:  37%|███▋      | 3317/8915 [00:28<00:40, 136.68it/s]
Batches:  37%|███▋      | 3331/8915 [00:28<00:41, 134.22it/s]
Batches:  38%|███▊      | 3345/8915 [00:28<00:42, 131.20it/s]
Batches:  38%|███▊      | 3359/8915 [00:29<00:42, 129.38it/s]
Batches:  38%|███▊      | 3372/8915 [00:29<00:43, 128.37it/s]
Batches:  38%|███▊      | 3385/8915 [00:29<00:43, 127.84it/s]
Batches:  38%|███▊      | 3399/8915 [00:29<00:42, 130.28it/s]
Batches:  38%|███▊      | 3413/8915 [00:29<00:42, 128.65it/s]
Batches:  38%|███▊      | 3426/8915 [00:29<00:42, 128.34it/s]
Batches:  39%|███▊      | 3439/8915 [00:29<00:42, 128.35it/s]
Batches:  39%|███▊      | 3453/8915 [00:29<00:41, 130.33it/s]
Batches:  39%|███▉      | 3467/8915 [00:29<00:42, 128.94it/s]
Batches:  39%|███▉      | 3481/8915 [00:30<00:41, 129.95it/s]
Batches:  39%|███▉      | 3495/8915 [00:30<00:41, 132.13it/s]
Batches:  39%|███▉      | 3509/8915 [00:30<00:40, 133.99it/s]
Batches:  40%|███▉      | 3523/8915 [00:30<00:40, 131.67it/s]
Batches:  40%|███▉      | 3537/8915 [00:30<00:40, 131.60it/s]
Batches:  40%|███▉      | 3551/8915 [00:30<00:40, 133.97it/s]
Batches:  40%|███▉      | 3565/8915 [00:30<00:40, 133.04it/s]
Batches:  40%|████      | 3579/8915 [00:30<00:40, 132.28it/s]
Batches:  40%|████      | 3593/8915 [00:30<00:39, 133.61it/s]
Batches:  40%|████      | 3607/8915 [00:30<00:39, 133.86it/s]
Batches:  41%|████      | 3621/8915 [00:31<00:39, 135.24it/s]
Batches:  41%|████      | 3635/8915 [00:31<00:39, 134.63it/s]
Batches:  41%|████      | 3649/8915 [00:31<00:39, 133.84it/s]
Batches:  41%|████      | 3663/8915 [00:31<00:39, 132.04it/s]
Batches:  41%|████      | 3677/8915 [00:31<00:40, 130.68it/s]
Batches:  41%|████▏     | 3691/8915 [00:31<00:40, 130.04it/s]
Batches:  42%|████▏     | 3705/8915 [00:31<00:40, 129.13it/s]
Batches:  42%|████▏     | 3720/8915 [00:31<00:39, 132.68it/s]
Batches:  42%|████▏     | 3734/8915 [00:31<00:39, 131.53it/s]
Batches:  42%|████▏     | 3748/8915 [00:32<00:38, 133.06it/s]
Batches:  42%|████▏     | 3762/8915 [00:32<00:38, 134.39it/s]
Batches:  42%|████▏     | 3776/8915 [00:32<00:37, 135.47it/s]
Batches:  43%|████▎     | 3790/8915 [00:32<00:37, 135.33it/s]
Batches:  43%|████▎     | 3804/8915 [00:32<00:37, 135.72it/s]
Batches:  43%|████▎     | 3818/8915 [00:32<00:37, 135.41it/s]
Batches:  43%|████▎     | 3832/8915 [00:32<00:37, 135.37it/s]
Batches:  43%|████▎     | 3846/8915 [00:32<00:37, 134.75it/s]
Batches:  43%|████▎     | 3860/8915 [00:32<00:37, 134.48it/s]
Batches:  43%|████▎     | 3874/8915 [00:32<00:37, 135.27it/s]
Batches:  44%|████▎     | 3888/8915 [00:33<00:37, 134.31it/s]
Batches:  44%|████▍     | 3902/8915 [00:33<00:37, 132.84it/s]
Batches:  44%|████▍     | 3916/8915 [00:33<00:38, 131.20it/s]
Batches:  44%|████▍     | 3930/8915 [00:33<00:38, 129.52it/s]
Batches:  44%|████▍     | 3943/8915 [00:33<00:38, 128.87it/s]
Batches:  44%|████▍     | 3957/8915 [00:33<00:38, 129.82it/s]
Batches:  45%|████▍     | 3971/8915 [00:33<00:37, 130.20it/s]
Batches:  45%|████▍     | 3985/8915 [00:33<00:38, 128.61it/s]
Batches:  45%|████▍     | 3998/8915 [00:33<00:38, 127.46it/s]
Batches:  45%|████▌     | 4012/8915 [00:34<00:37, 129.08it/s]
Batches:  45%|████▌     | 4026/8915 [00:34<00:37, 131.01it/s]
Batches:  45%|████▌     | 4040/8915 [00:34<00:37, 130.06it/s]
Batches:  45%|████▌     | 4054/8915 [00:34<00:37, 131.22it/s]
Batches:  46%|████▌     | 4068/8915 [00:34<00:37, 130.63it/s]
Batches:  46%|████▌     | 4082/8915 [00:34<00:36, 132.54it/s]
Batches:  46%|████▌     | 4096/8915 [00:34<00:36, 132.11it/s]
Batches:  46%|████▌     | 4110/8915 [00:34<00:36, 133.44it/s]
Batches:  46%|████▋     | 4124/8915 [00:34<00:36, 132.94it/s]
Batches:  46%|████▋     | 4138/8915 [00:34<00:35, 133.18it/s]
Batches:  47%|████▋     | 4152/8915 [00:35<00:35, 134.63it/s]
Batches:  47%|████▋     | 4167/8915 [00:35<00:34, 136.53it/s]
Batches:  47%|████▋     | 4181/8915 [00:35<00:34, 136.53it/s]
Batches:  47%|████▋     | 4196/8915 [00:35<00:34, 137.78it/s]
Batches:  47%|████▋     | 4210/8915 [00:35<00:34, 136.10it/s]
Batches:  47%|████▋     | 4224/8915 [00:35<00:34, 135.67it/s]
Batches:  48%|████▊     | 4238/8915 [00:35<00:34, 135.27it/s]
Batches:  48%|████▊     | 4252/8915 [00:35<00:34, 133.58it/s]
Batches:  48%|████▊     | 4266/8915 [00:35<00:34, 134.21it/s]
Batches:  48%|████▊     | 4280/8915 [00:36<00:34, 135.35it/s]
Batches:  48%|████▊     | 4294/8915 [00:36<00:34, 135.55it/s]
Batches:  48%|████▊     | 4308/8915 [00:36<00:34, 134.65it/s]
Batches:  48%|████▊     | 4322/8915 [00:36<00:34, 133.60it/s]
Batches:  49%|████▊     | 4337/8915 [00:36<00:33, 136.12it/s]
Batches:  49%|████▉     | 4351/8915 [00:36<00:33, 136.13it/s]
Batches:  49%|████▉     | 4365/8915 [00:36<00:33, 134.47it/s]
Batches:  49%|████▉     | 4379/8915 [00:36<00:33, 134.46it/s]
Batches:  49%|████▉     | 4393/8915 [00:36<00:34, 132.90it/s]
Batches:  49%|████▉     | 4407/8915 [00:36<00:34, 132.33it/s]
Batches:  50%|████▉     | 4421/8915 [00:37<00:33, 134.34it/s]
Batches:  50%|████▉     | 4436/8915 [00:37<00:32, 136.57it/s]
Batches:  50%|████▉     | 4451/8915 [00:37<00:32, 139.37it/s]
Batches:  50%|█████     | 4466/8915 [00:37<00:31, 141.57it/s]
Batches:  50%|█████     | 4481/8915 [00:37<00:31, 142.40it/s]
Batches:  50%|█████     | 4496/8915 [00:37<00:31, 140.43it/s]
Batches:  51%|█████     | 4511/8915 [00:37<00:31, 138.27it/s]
Batches:  51%|█████     | 4525/8915 [00:37<00:32, 137.16it/s]
Batches:  51%|█████     | 4539/8915 [00:37<00:31, 137.79it/s]
Batches:  51%|█████     | 4553/8915 [00:38<00:32, 135.68it/s]
Batches:  51%|█████     | 4567/8915 [00:38<00:31, 136.84it/s]
Batches:  51%|█████▏    | 4581/8915 [00:38<00:31, 136.30it/s]
Batches:  52%|█████▏    | 4595/8915 [00:38<00:31, 136.52it/s]
Batches:  52%|█████▏    | 4609/8915 [00:38<00:31, 135.89it/s]
Batches:  52%|█████▏    | 4623/8915 [00:38<00:31, 135.82it/s]
Batches:  52%|█████▏    | 4637/8915 [00:38<00:31, 134.30it/s]
Batches:  52%|█████▏    | 4651/8915 [00:38<00:32, 132.89it/s]
Batches:  52%|█████▏    | 4665/8915 [00:38<00:32, 132.40it/s]
Batches:  52%|█████▏    | 4679/8915 [00:38<00:31, 132.62it/s]
Batches:  53%|█████▎    | 4693/8915 [00:39<00:32, 131.07it/s]
Batches:  53%|█████▎    | 4707/8915 [00:39<00:32, 130.07it/s]
Batches:  53%|█████▎    | 4721/8915 [00:39<00:32, 130.96it/s]
Batches:  53%|█████▎    | 4736/8915 [00:39<00:31, 134.07it/s]
Batches:  53%|█████▎    | 4751/8915 [00:39<00:30, 137.48it/s]
Batches:  53%|█████▎    | 4766/8915 [00:39<00:29, 139.85it/s]
Batches:  54%|█████▎    | 4780/8915 [00:39<00:29, 139.37it/s]
Batches:  54%|█████▍    | 4795/8915 [00:39<00:29, 139.74it/s]
Batches:  54%|█████▍    | 4810/8915 [00:39<00:29, 139.82it/s]
Batches:  54%|█████▍    | 4824/8915 [00:40<00:29, 136.96it/s]
Batches:  54%|█████▍    | 4838/8915 [00:40<00:29, 137.37it/s]
Batches:  54%|█████▍    | 4852/8915 [00:40<00:29, 136.21it/s]
Batches:  55%|█████▍    | 4866/8915 [00:40<00:29, 136.71it/s]
Batches:  55%|█████▍    | 4880/8915 [00:40<00:29, 136.25it/s]
Batches:  55%|█████▍    | 4894/8915 [00:40<00:29, 135.54it/s]
Batches:  55%|█████▌    | 4908/8915 [00:40<00:29, 134.31it/s]
Batches:  55%|█████▌    | 4922/8915 [00:40<00:29, 135.21it/s]
Batches:  55%|█████▌    | 4937/8915 [00:40<00:29, 137.16it/s]
Batches:  56%|█████▌    | 4951/8915 [00:40<00:28, 137.03it/s]
Batches:  56%|█████▌    | 4965/8915 [00:41<00:28, 137.88it/s]
Batches:  56%|█████▌    | 4979/8915 [00:41<00:28, 135.98it/s]
Batches:  56%|█████▌    | 4993/8915 [00:41<00:28, 136.01it/s]
Batches:  56%|█████▌    | 5007/8915 [00:41<00:28, 135.32it/s]
Batches:  56%|█████▋    | 5021/8915 [00:41<00:28, 134.73it/s]
Batches:  56%|█████▋    | 5035/8915 [00:41<00:28, 135.39it/s]
Batches:  57%|█████▋    | 5050/8915 [00:41<00:28, 137.81it/s]
Batches:  57%|█████▋    | 5064/8915 [00:41<00:28, 137.42it/s]
Batches:  57%|█████▋    | 5078/8915 [00:41<00:28, 136.56it/s]
Batches:  57%|█████▋    | 5092/8915 [00:42<00:28, 135.68it/s]
Batches:  57%|█████▋    | 5106/8915 [00:42<00:28, 134.95it/s]
Batches:  57%|█████▋    | 5120/8915 [00:42<00:28, 133.11it/s]
Batches:  58%|█████▊    | 5134/8915 [00:42<00:28, 132.05it/s]
Batches:  58%|█████▊    | 5148/8915 [00:42<00:28, 131.40it/s]
Batches:  58%|█████▊    | 5162/8915 [00:42<00:28, 131.03it/s]
Batches:  58%|█████▊    | 5176/8915 [00:42<00:28, 131.07it/s]
Batches:  58%|█████▊    | 5190/8915 [00:42<00:28, 130.70it/s]
Batches:  58%|█████▊    | 5204/8915 [00:42<00:28, 131.15it/s]
Batches:  59%|█████▊    | 5218/8915 [00:42<00:28, 131.11it/s]
Batches:  59%|█████▊    | 5232/8915 [00:43<00:28, 130.19it/s]
Batches:  59%|█████▉    | 5246/8915 [00:43<00:28, 129.20it/s]
Batches:  59%|█████▉    | 5259/8915 [00:43<00:28, 127.95it/s]
Batches:  59%|█████▉    | 5272/8915 [00:43<00:28, 127.21it/s]
Batches:  59%|█████▉    | 5286/8915 [00:43<00:28, 129.40it/s]
Batches:  59%|█████▉    | 5300/8915 [00:43<00:27, 129.98it/s]
Batches:  60%|█████▉    | 5313/8915 [00:43<00:28, 127.43it/s]
Batches:  60%|█████▉    | 5326/8915 [00:43<00:28, 128.09it/s]
Batches:  60%|█████▉    | 5340/8915 [00:43<00:27, 129.82it/s]
Batches:  60%|██████    | 5353/8915 [00:44<00:27, 128.94it/s]
Batches:  60%|██████    | 5367/8915 [00:44<00:27, 130.27it/s]
Batches:  60%|██████    | 5381/8915 [00:44<00:26, 131.82it/s]
Batches:  61%|██████    | 5395/8915 [00:44<00:26, 130.49it/s]
Batches:  61%|██████    | 5409/8915 [00:44<00:26, 131.66it/s]
Batches:  61%|██████    | 5423/8915 [00:44<00:26, 131.99it/s]
Batches:  61%|██████    | 5437/8915 [00:44<00:26, 130.84it/s]
Batches:  61%|██████    | 5451/8915 [00:44<00:26, 130.87it/s]
Batches:  61%|██████▏   | 5465/8915 [00:44<00:26, 131.61it/s]
Batches:  61%|██████▏   | 5479/8915 [00:44<00:25, 132.85it/s]
Batches:  62%|██████▏   | 5493/8915 [00:45<00:25, 134.44it/s]
Batches:  62%|██████▏   | 5507/8915 [00:45<00:25, 135.51it/s]
Batches:  62%|██████▏   | 5521/8915 [00:45<00:25, 133.73it/s]
Batches:  62%|██████▏   | 5535/8915 [00:45<00:25, 132.63it/s]
Batches:  62%|██████▏   | 5549/8915 [00:45<00:25, 131.50it/s]
Batches:  62%|██████▏   | 5563/8915 [00:45<00:25, 131.36it/s]
Batches:  63%|██████▎   | 5577/8915 [00:45<00:25, 132.75it/s]
Batches:  63%|██████▎   | 5591/8915 [00:45<00:25, 131.01it/s]
Batches:  63%|██████▎   | 5605/8915 [00:45<00:25, 130.09it/s]
Batches:  63%|██████▎   | 5620/8915 [00:46<00:24, 133.80it/s]
Batches:  63%|██████▎   | 5634/8915 [00:46<00:24, 133.38it/s]
Batches:  63%|██████▎   | 5648/8915 [00:46<00:24, 132.31it/s]
Batches:  64%|██████▎   | 5662/8915 [00:46<00:24, 133.53it/s]
Batches:  64%|██████▎   | 5676/8915 [00:46<00:24, 133.58it/s]
Batches:  64%|██████▍   | 5690/8915 [00:46<00:24, 132.83it/s]
Batches:  64%|██████▍   | 5704/8915 [00:46<00:24, 132.63it/s]
Batches:  64%|██████▍   | 5718/8915 [00:46<00:24, 132.89it/s]
Batches:  64%|██████▍   | 5732/8915 [00:46<00:24, 132.39it/s]
Batches:  64%|██████▍   | 5746/8915 [00:46<00:23, 133.35it/s]
Batches:  65%|██████▍   | 5760/8915 [00:47<00:23, 133.73it/s]
Batches:  65%|██████▍   | 5774/8915 [00:47<00:23, 133.67it/s]
Batches:  65%|██████▍   | 5788/8915 [00:47<00:23, 134.60it/s]
Batches:  65%|██████▌   | 5803/8915 [00:47<00:22, 136.25it/s]
Batches:  65%|██████▌   | 5818/8915 [00:47<00:22, 138.00it/s]
Batches:  65%|██████▌   | 5833/8915 [00:47<00:21, 141.25it/s]
Batches:  66%|██████▌   | 5848/8915 [00:47<00:21, 140.36it/s]
Batches:  66%|██████▌   | 5863/8915 [00:47<00:21, 139.83it/s]
Batches:  66%|██████▌   | 5877/8915 [00:47<00:21, 138.57it/s]
Batches:  66%|██████▌   | 5891/8915 [00:48<00:22, 137.21it/s]
Batches:  66%|██████▌   | 5905/8915 [00:48<00:21, 137.43it/s]
Batches:  66%|██████▋   | 5919/8915 [00:48<00:21, 136.62it/s]
Batches:  67%|██████▋   | 5933/8915 [00:48<00:21, 136.14it/s]
Batches:  67%|██████▋   | 5947/8915 [00:48<00:21, 135.04it/s]
Batches:  67%|██████▋   | 5961/8915 [00:48<00:21, 135.58it/s]
Batches:  67%|██████▋   | 5975/8915 [00:48<00:21, 136.21it/s]
Batches:  67%|██████▋   | 5990/8915 [00:48<00:21, 138.04it/s]
Batches:  67%|██████▋   | 6004/8915 [00:48<00:21, 137.71it/s]
Batches:  68%|██████▊   | 6019/8915 [00:48<00:20, 139.79it/s]
Batches:  68%|██████▊   | 6034/8915 [00:49<00:20, 140.68it/s]
Batches:  68%|██████▊   | 6049/8915 [00:49<00:20, 139.38it/s]
Batches:  68%|██████▊   | 6063/8915 [00:49<00:20, 137.01it/s]
Batches:  68%|██████▊   | 6077/8915 [00:49<00:20, 135.48it/s]
Batches:  68%|██████▊   | 6091/8915 [00:49<00:20, 134.94it/s]
Batches:  68%|██████▊   | 6105/8915 [00:49<00:20, 135.33it/s]
Batches:  69%|██████▊   | 6119/8915 [00:49<00:20, 136.03it/s]
Batches:  69%|██████▉   | 6134/8915 [00:49<00:20, 138.22it/s]
Batches:  69%|██████▉   | 6148/8915 [00:49<00:20, 137.75it/s]
Batches:  69%|██████▉   | 6162/8915 [00:50<00:19, 138.13it/s]
Batches:  69%|██████▉   | 6176/8915 [00:50<00:19, 138.37it/s]
Batches:  69%|██████▉   | 6190/8915 [00:50<00:19, 138.13it/s]
Batches:  70%|██████▉   | 6204/8915 [00:50<00:19, 137.88it/s]
Batches:  70%|██████▉   | 6218/8915 [00:50<00:19, 138.25it/s]
Batches:  70%|██████▉   | 6232/8915 [00:50<00:19, 136.13it/s]
Batches:  70%|███████   | 6246/8915 [00:50<00:19, 134.68it/s]
Batches:  70%|███████   | 6260/8915 [00:50<00:19, 134.46it/s]
Batches:  70%|███████   | 6274/8915 [00:50<00:19, 135.01it/s]
Batches:  71%|███████   | 6288/8915 [00:50<00:19, 136.05it/s]
Batches:  71%|███████   | 6303/8915 [00:51<00:18, 137.61it/s]
Batches:  71%|███████   | 6318/8915 [00:51<00:18, 139.33it/s]
Batches:  71%|███████   | 6332/8915 [00:51<00:18, 139.38it/s]
Batches:  71%|███████   | 6346/8915 [00:51<00:18, 139.26it/s]
Batches:  71%|███████▏  | 6361/8915 [00:51<00:18, 140.53it/s]
Batches:  72%|███████▏  | 6376/8915 [00:51<00:18, 138.20it/s]
Batches:  72%|███████▏  | 6390/8915 [00:51<00:18, 138.24it/s]
Batches:  72%|███████▏  | 6404/8915 [00:51<00:18, 136.90it/s]
Batches:  72%|███████▏  | 6418/8915 [00:51<00:18, 136.25it/s]
Batches:  72%|███████▏  | 6432/8915 [00:51<00:18, 136.27it/s]
Batches:  72%|███████▏  | 6446/8915 [00:52<00:18, 134.92it/s]
Batches:  72%|███████▏  | 6460/8915 [00:52<00:18, 132.57it/s]
Batches:  73%|███████▎  | 6474/8915 [00:52<00:18, 132.86it/s]
Batches:  73%|███████▎  | 6488/8915 [00:52<00:18, 133.19it/s]
Batches:  73%|███████▎  | 6503/8915 [00:52<00:17, 136.82it/s]
Batches:  73%|███████▎  | 6518/8915 [00:52<00:17, 138.90it/s]
Batches:  73%|███████▎  | 6532/8915 [00:52<00:17, 138.13it/s]
Batches:  73%|███████▎  | 6546/8915 [00:52<00:17, 137.82it/s]
Batches:  74%|███████▎  | 6560/8915 [00:52<00:17, 137.08it/s]
Batches:  74%|███████▍  | 6575/8915 [00:53<00:16, 138.17it/s]
Batches:  74%|███████▍  | 6589/8915 [00:53<00:16, 137.22it/s]
Batches:  74%|███████▍  | 6603/8915 [00:53<00:16, 136.93it/s]
Batches:  74%|███████▍  | 6617/8915 [00:53<00:16, 135.39it/s]
Batches:  74%|███████▍  | 6631/8915 [00:53<00:16, 136.69it/s]
Batches:  75%|███████▍  | 6646/8915 [00:53<00:16, 138.82it/s]
Batches:  75%|███████▍  | 6661/8915 [00:53<00:16, 139.99it/s]
Batches:  75%|███████▍  | 6676/8915 [00:53<00:15, 140.60it/s]
Batches:  75%|███████▌  | 6691/8915 [00:53<00:15, 139.52it/s]
Batches:  75%|███████▌  | 6706/8915 [00:53<00:15, 140.37it/s]
Batches:  75%|███████▌  | 6721/8915 [00:54<00:15, 139.09it/s]
Batches:  76%|███████▌  | 6735/8915 [00:54<00:15, 137.83it/s]
Batches:  76%|███████▌  | 6749/8915 [00:54<00:15, 137.53it/s]
Batches:  76%|███████▌  | 6763/8915 [00:54<00:16, 134.46it/s]
Batches:  76%|███████▌  | 6777/8915 [00:54<00:15, 134.32it/s]
Batches:  76%|███████▌  | 6791/8915 [00:54<00:15, 134.74it/s]
Batches:  76%|███████▋  | 6806/8915 [00:54<00:15, 138.85it/s]
Batches:  77%|███████▋  | 6820/8915 [00:54<00:15, 139.15it/s]
Batches:  77%|███████▋  | 6834/8915 [00:54<00:15, 134.39it/s]
Batches:  77%|███████▋  | 6848/8915 [00:55<00:15, 134.23it/s]
Batches:  77%|███████▋  | 6862/8915 [00:55<00:15, 134.98it/s]
Batches:  77%|███████▋  | 6877/8915 [00:55<00:14, 136.85it/s]
Batches:  77%|███████▋  | 6892/8915 [00:55<00:14, 137.89it/s]
Batches:  77%|███████▋  | 6906/8915 [00:55<00:14, 137.44it/s]
Batches:  78%|███████▊  | 6920/8915 [00:55<00:14, 136.93it/s]
Batches:  78%|███████▊  | 6934/8915 [00:55<00:14, 137.55it/s]
Batches:  78%|███████▊  | 6948/8915 [00:55<00:14, 137.19it/s]
Batches:  78%|███████▊  | 6962/8915 [00:55<00:14, 137.42it/s]
Batches:  78%|███████▊  | 6976/8915 [00:55<00:14, 135.89it/s]
Batches:  78%|███████▊  | 6991/8915 [00:56<00:14, 136.96it/s]
Batches:  79%|███████▊  | 7005/8915 [00:56<00:14, 136.21it/s]
Batches:  79%|███████▊  | 7019/8915 [00:56<00:13, 135.91it/s]
Batches:  79%|███████▉  | 7033/8915 [00:56<00:13, 135.27it/s]
Batches:  79%|███████▉  | 7047/8915 [00:56<00:13, 133.69it/s]
Batches:  79%|███████▉  | 7061/8915 [00:56<00:13, 133.04it/s]
Batches:  79%|███████▉  | 7075/8915 [00:56<00:13, 132.20it/s]
Batches:  80%|███████▉  | 7089/8915 [00:56<00:13, 133.21it/s]
Batches:  80%|███████▉  | 7103/8915 [00:56<00:13, 134.45it/s]
Batches:  80%|███████▉  | 7117/8915 [00:56<00:13, 133.88it/s]
Batches:  80%|███████▉  | 7131/8915 [00:57<00:13, 135.36it/s]
Batches:  80%|████████  | 7145/8915 [00:57<00:12, 136.44it/s]
Batches:  80%|████████  | 7159/8915 [00:57<00:13, 134.71it/s]
Batches:  80%|████████  | 7173/8915 [00:57<00:12, 134.96it/s]
Batches:  81%|████████  | 7187/8915 [00:57<00:12, 134.54it/s]
Batches:  81%|████████  | 7201/8915 [00:57<00:13, 131.28it/s]
Batches:  81%|████████  | 7215/8915 [00:57<00:12, 131.37it/s]
Batches:  81%|████████  | 7229/8915 [00:57<00:12, 131.43it/s]
Batches:  81%|████████  | 7243/8915 [00:57<00:12, 132.61it/s]
Batches:  81%|████████▏ | 7257/8915 [00:58<00:12, 131.74it/s]
Batches:  82%|████████▏ | 7271/8915 [00:58<00:12, 130.02it/s]
Batches:  82%|████████▏ | 7285/8915 [00:58<00:12, 128.43it/s]
Batches:  82%|████████▏ | 7299/8915 [00:58<00:12, 130.64it/s]
Batches:  82%|████████▏ | 7313/8915 [00:58<00:12, 130.88it/s]
Batches:  82%|████████▏ | 7327/8915 [00:58<00:11, 133.20it/s]
Batches:  82%|████████▏ | 7341/8915 [00:58<00:11, 133.39it/s]
Batches:  83%|████████▎ | 7355/8915 [00:58<00:11, 133.31it/s]
Batches:  83%|████████▎ | 7369/8915 [00:58<00:11, 132.28it/s]
Batches:  83%|████████▎ | 7383/8915 [00:59<00:11, 131.92it/s]
Batches:  83%|████████▎ | 7397/8915 [00:59<00:11, 132.05it/s]
Batches:  83%|████████▎ | 7411/8915 [00:59<00:11, 133.58it/s]
Batches:  83%|████████▎ | 7425/8915 [00:59<00:11, 134.56it/s]
Batches:  83%|████████▎ | 7439/8915 [00:59<00:10, 135.16it/s]
Batches:  84%|████████▎ | 7453/8915 [00:59<00:10, 134.80it/s]
Batches:  84%|████████▍ | 7467/8915 [00:59<00:10, 134.16it/s]
Batches:  84%|████████▍ | 7481/8915 [00:59<00:10, 132.71it/s]
Batches:  84%|████████▍ | 7495/8915 [00:59<00:10, 133.65it/s]
Batches:  84%|████████▍ | 7509/8915 [00:59<00:10, 134.22it/s]
Batches:  84%|████████▍ | 7524/8915 [01:00<00:10, 136.86it/s]
Batches:  85%|████████▍ | 7538/8915 [01:00<00:10, 136.71it/s]
Batches:  85%|████████▍ | 7552/8915 [01:00<00:09, 136.40it/s]
Batches:  85%|████████▍ | 7567/8915 [01:00<00:09, 138.46it/s]
Batches:  85%|████████▌ | 7581/8915 [01:00<00:09, 137.82it/s]
Batches:  85%|████████▌ | 7595/8915 [01:00<00:09, 138.40it/s]
Batches:  85%|████████▌ | 7610/8915 [01:00<00:09, 139.89it/s]
Batches:  86%|████████▌ | 7624/8915 [01:00<00:09, 137.90it/s]
Batches:  86%|████████▌ | 7638/8915 [01:00<00:09, 138.44it/s]
Batches:  86%|████████▌ | 7653/8915 [01:00<00:09, 138.86it/s]
Batches:  86%|████████▌ | 7667/8915 [01:01<00:09, 135.84it/s]
Batches:  86%|████████▌ | 7681/8915 [01:01<00:09, 135.97it/s]
Batches:  86%|████████▋ | 7696/8915 [01:01<00:08, 138.25it/s]
Batches:  86%|████████▋ | 7710/8915 [01:01<00:08, 138.30it/s]
Batches:  87%|████████▋ | 7725/8915 [01:01<00:08, 139.09it/s]
Batches:  87%|████████▋ | 7739/8915 [01:01<00:08, 138.17it/s]
Batches:  87%|████████▋ | 7753/8915 [01:01<00:08, 136.98it/s]
Batches:  87%|████████▋ | 7767/8915 [01:01<00:08, 135.02it/s]
Batches:  87%|████████▋ | 7781/8915 [01:01<00:08, 134.55it/s]
Batches:  87%|████████▋ | 7795/8915 [01:02<00:08, 134.69it/s]
Batches:  88%|████████▊ | 7810/8915 [01:02<00:08, 137.12it/s]
Batches:  88%|████████▊ | 7824/8915 [01:02<00:08, 136.24it/s]
Batches:  88%|████████▊ | 7839/8915 [01:02<00:07, 137.39it/s]
Batches:  88%|████████▊ | 7854/8915 [01:02<00:07, 138.36it/s]
Batches:  88%|████████▊ | 7868/8915 [01:02<00:07, 138.01it/s]
Batches:  88%|████████▊ | 7883/8915 [01:02<00:07, 138.92it/s]
Batches:  89%|████████▊ | 7897/8915 [01:02<00:07, 136.99it/s]
Batches:  89%|████████▊ | 7911/8915 [01:02<00:07, 135.22it/s]
Batches:  89%|████████▉ | 7925/8915 [01:02<00:07, 135.90it/s]
Batches:  89%|████████▉ | 7939/8915 [01:03<00:07, 134.96it/s]
Batches:  89%|████████▉ | 7953/8915 [01:03<00:07, 135.15it/s]
Batches:  89%|████████▉ | 7967/8915 [01:03<00:07, 134.58it/s]
Batches:  90%|████████▉ | 7981/8915 [01:03<00:06, 134.03it/s]
Batches:  90%|████████▉ | 7995/8915 [01:03<00:06, 135.23it/s]
Batches:  90%|████████▉ | 8009/8915 [01:03<00:06, 136.49it/s]
Batches:  90%|████████▉ | 8023/8915 [01:03<00:06, 136.21it/s]
Batches:  90%|█████████ | 8037/8915 [01:03<00:06, 134.31it/s]
Batches:  90%|█████████ | 8051/8915 [01:03<00:06, 135.07it/s]
Batches:  90%|█████████ | 8065/8915 [01:04<00:06, 135.63it/s]
Batches:  91%|█████████ | 8080/8915 [01:04<00:06, 138.42it/s]
Batches:  91%|█████████ | 8094/8915 [01:04<00:05, 138.58it/s]
Batches:  91%|█████████ | 8108/8915 [01:04<00:05, 137.90it/s]
Batches:  91%|█████████ | 8122/8915 [01:04<00:05, 137.35it/s]
Batches:  91%|█████████▏| 8136/8915 [01:04<00:05, 135.87it/s]
Batches:  91%|█████████▏| 8151/8915 [01:04<00:05, 137.86it/s]
Batches:  92%|█████████▏| 8166/8915 [01:04<00:05, 139.40it/s]
Batches:  92%|█████████▏| 8180/8915 [01:04<00:05, 138.85it/s]
Batches:  92%|█████████▏| 8195/8915 [01:04<00:05, 140.61it/s]
Batches:  92%|█████████▏| 8210/8915 [01:05<00:04, 141.41it/s]
Batches:  92%|█████████▏| 8225/8915 [01:05<00:04, 142.58it/s]
Batches:  92%|█████████▏| 8240/8915 [01:05<00:04, 144.02it/s]
Batches:  93%|█████████▎| 8255/8915 [01:05<00:04, 143.79it/s]
Batches:  93%|█████████▎| 8270/8915 [01:05<00:04, 144.50it/s]
Batches:  93%|█████████▎| 8285/8915 [01:05<00:04, 144.24it/s]
Batches:  93%|█████████▎| 8300/8915 [01:05<00:04, 142.11it/s]
Batches:  93%|█████████▎| 8315/8915 [01:05<00:04, 142.48it/s]
Batches:  93%|█████████▎| 8330/8915 [01:05<00:04, 141.96it/s]
Batches:  94%|█████████▎| 8345/8915 [01:05<00:04, 141.39it/s]
Batches:  94%|█████████▍| 8360/8915 [01:06<00:03, 143.00it/s]
Batches:  94%|█████████▍| 8376/8915 [01:06<00:03, 145.71it/s]
Batches:  94%|█████████▍| 8391/8915 [01:06<00:03, 145.27it/s]
Batches:  94%|█████████▍| 8406/8915 [01:06<00:03, 143.46it/s]
Batches:  94%|█████████▍| 8421/8915 [01:06<00:03, 142.20it/s]
Batches:  95%|█████████▍| 8436/8915 [01:06<00:03, 143.33it/s]
Batches:  95%|█████████▍| 8451/8915 [01:06<00:03, 139.13it/s]
Batches:  95%|█████████▍| 8465/8915 [01:06<00:03, 135.78it/s]
Batches:  95%|█████████▌| 8479/8915 [01:06<00:03, 135.95it/s]
Batches:  95%|█████████▌| 8493/8915 [01:07<00:03, 134.35it/s]
Batches:  95%|█████████▌| 8507/8915 [01:07<00:03, 134.90it/s]
Batches:  96%|█████████▌| 8521/8915 [01:07<00:02, 136.15it/s]
Batches:  96%|█████████▌| 8536/8915 [01:07<00:02, 137.29it/s]
Batches:  96%|█████████▌| 8550/8915 [01:07<00:02, 137.41it/s]
Batches:  96%|█████████▌| 8564/8915 [01:07<00:02, 137.56it/s]
Batches:  96%|█████████▌| 8579/8915 [01:07<00:02, 140.57it/s]
Batches:  96%|█████████▋| 8594/8915 [01:07<00:02, 139.34it/s]
Batches:  97%|█████████▋| 8609/8915 [01:07<00:02, 139.62it/s]
Batches:  97%|█████████▋| 8623/8915 [01:07<00:02, 139.18it/s]
Batches:  97%|█████████▋| 8638/8915 [01:08<00:01, 139.91it/s]
Batches:  97%|█████████▋| 8652/8915 [01:08<00:01, 139.17it/s]
Batches:  97%|█████████▋| 8667/8915 [01:08<00:01, 141.06it/s]
Batches:  97%|█████████▋| 8682/8915 [01:08<00:01, 141.40it/s]
Batches:  98%|█████████▊| 8697/8915 [01:08<00:01, 138.62it/s]
Batches:  98%|█████████▊| 8711/8915 [01:08<00:01, 136.92it/s]
Batches:  98%|█████████▊| 8725/8915 [01:08<00:01, 137.32it/s]
Batches:  98%|█████████▊| 8739/8915 [01:08<00:01, 136.86it/s]
Batches:  98%|█████████▊| 8754/8915 [01:08<00:01, 138.54it/s]
Batches:  98%|█████████▊| 8768/8915 [01:09<00:01, 136.85it/s]
Batches:  99%|█████████▊| 8782/8915 [01:09<00:00, 136.85it/s]
Batches:  99%|█████████▊| 8796/8915 [01:09<00:00, 136.05it/s]
Batches:  99%|█████████▉| 8811/8915 [01:09<00:00, 139.12it/s]
Batches:  99%|█████████▉| 8826/8915 [01:09<00:00, 140.23it/s]
Batches:  99%|█████████▉| 8842/8915 [01:09<00:00, 143.15it/s]
Batches:  99%|█████████▉| 8858/8915 [01:09<00:00, 145.13it/s]
Batches:   1%|          | 13/2547 [00:00<00:21, 120.27it/s]
Batches:   1%|          | 26/2547 [00:00<00:20, 123.62it/s]
Batches:   2%|▏         | 39/2547 [00:00<00:20, 123.69it/s]
Batches:   2%|▏         | 53/2547 [00:00<00:19, 127.34it/s]
Batches:   3%|▎         | 66/2547 [00:00<00:19, 128.00it/s]
Batches:   3%|▎         | 79/2547 [00:00<00:19, 127.30it/s]
Batches:   4%|▎         | 93/2547 [00:00<00:18, 129.69it/s]
Batches:   4%|▍         | 107/2547 [00:00<00:18, 131.30it/s]
Batches:   5%|▍         | 121/2547 [00:00<00:18, 130.75it/s]
Batches:   5%|▌         | 135/2547 [00:01<00:18, 130.01it/s]
Batches:   6%|▌         | 149/2547 [00:01<00:18, 127.35it/s]
Batches:   6%|▋         | 162/2547 [00:01<00:18, 125.97it/s]
Batches:   7%|▋         | 175/2547 [00:01<00:18, 125.67it/s]
Batches:   7%|▋         | 188/2547 [00:01<00:18, 125.89it/s]
Batches:   8%|▊         | 201/2547 [00:01<00:18, 124.98it/s]
Batches:   8%|▊         | 214/2547 [00:01<00:18, 124.04it/s]
Batches:   9%|▉         | 227/2547 [00:01<00:18, 124.92it/s]
Batches:   9%|▉         | 241/2547 [00:01<00:18, 127.60it/s]
Batches:  10%|▉         | 254/2547 [00:01<00:17, 127.81it/s]
Batches:  10%|█         | 267/2547 [00:02<00:17, 127.05it/s]
Batches:  11%|█         | 281/2547 [00:02<00:17, 130.30it/s]
Batches:  12%|█▏        | 296/2547 [00:02<00:16, 133.01it/s]
Batches:  12%|█▏        | 310/2547 [00:02<00:16, 131.86it/s]
Batches:  13%|█▎        | 324/2547 [00:02<00:16, 132.49it/s]
Batches:  13%|█▎        | 338/2547 [00:02<00:16, 132.06it/s]
Batches:  14%|█▍        | 352/2547 [00:02<00:16, 131.74it/s]
Batches:  14%|█▍        | 366/2547 [00:02<00:16, 131.62it/s]
Batches:  15%|█▍        | 380/2547 [00:02<00:16, 132.15it/s]
Batches:  15%|█▌        | 394/2547 [00:03<00:16, 128.40it/s]
Batches:  16%|█▌        | 407/2547 [00:03<00:16, 127.45it/s]
Batches:  16%|█▋        | 420/2547 [00:03<00:16, 127.50it/s]
Batches:  17%|█▋        | 433/2547 [00:03<00:16, 126.75it/s]
Batches:  18%|█▊        | 446/2547 [00:03<00:16, 125.30it/s]
Batches:  18%|█▊        | 459/2547 [00:03<00:16, 125.72it/s]
Batches:  19%|█▊        | 472/2547 [00:03<00:16, 124.20it/s]
Batches:  19%|█▉        | 486/2547 [00:03<00:16, 126.90it/s]
Batches:  20%|█▉        | 500/2547 [00:03<00:16, 127.81it/s]
Batches:  20%|██        | 513/2547 [00:04<00:15, 127.23it/s]
Batches:  21%|██        | 526/2547 [00:04<00:15, 127.17it/s]
Batches:  21%|██        | 539/2547 [00:04<00:15, 125.72it/s]
Batches:  22%|██▏       | 552/2547 [00:04<00:15, 124.71it/s]
Batches:  22%|██▏       | 565/2547 [00:04<00:15, 124.15it/s]
Batches:  23%|██▎       | 578/2547 [00:04<00:15, 124.20it/s]
Batches:  23%|██▎       | 591/2547 [00:04<00:15, 124.44it/s]
Batches:  24%|██▎       | 604/2547 [00:04<00:15, 125.00it/s]
Batches:  24%|██▍       | 617/2547 [00:04<00:15, 125.58it/s]
Batches:  25%|██▍       | 630/2547 [00:04<00:15, 126.40it/s]
Batches:  25%|██▌       | 644/2547 [00:05<00:14, 128.13it/s]
Batches:  26%|██▌       | 657/2547 [00:05<00:14, 127.58it/s]
Batches:  26%|██▋       | 670/2547 [00:05<00:14, 126.56it/s]
Batches:  27%|██▋       | 683/2547 [00:05<00:14, 127.30it/s]
Batches:  27%|██▋       | 696/2547 [00:05<00:14, 128.06it/s]
Batches:  28%|██▊       | 709/2547 [00:05<00:14, 126.39it/s]
Batches:  28%|██▊       | 723/2547 [00:05<00:14, 128.23it/s]
Batches:  29%|██▉       | 736/2547 [00:05<00:14, 127.72it/s]
Batches:  29%|██▉       | 750/2547 [00:05<00:14, 128.23it/s]
Batches:  30%|██▉       | 764/2547 [00:05<00:13, 130.27it/s]
Batches:  31%|███       | 778/2547 [00:06<00:13, 131.53it/s]
Batches:  31%|███       | 792/2547 [00:06<00:13, 131.96it/s]
Batches:  32%|███▏      | 806/2547 [00:06<00:13, 132.06it/s]
Batches:  32%|███▏      | 820/2547 [00:06<00:13, 131.54it/s]
Batches:  33%|███▎      | 834/2547 [00:06<00:13, 131.34it/s]
Batches:  33%|███▎      | 848/2547 [00:06<00:12, 131.73it/s]
Batches:  34%|███▍      | 862/2547 [00:06<00:12, 130.76it/s]
Batches:  34%|███▍      | 876/2547 [00:06<00:12, 131.62it/s]
Batches:  35%|███▍      | 890/2547 [00:06<00:12, 132.24it/s]
Batches:  35%|███▌      | 904/2547 [00:07<00:12, 132.19it/s]
Batches:  36%|███▌      | 918/2547 [00:07<00:12, 131.41it/s]
Batches:  37%|███▋      | 932/2547 [00:07<00:12, 132.49it/s]
Batches:  37%|███▋      | 946/2547 [00:07<00:12, 131.72it/s]
Batches:  38%|███▊      | 960/2547 [00:07<00:12, 129.53it/s]
Batches:  38%|███▊      | 973/2547 [00:07<00:12, 127.51it/s]
Batches:  39%|███▊      | 986/2547 [00:07<00:12, 127.28it/s]
Batches:  39%|███▉      | 1000/2547 [00:07<00:12, 128.00it/s]
Batches:  40%|███▉      | 1013/2547 [00:07<00:11, 127.97it/s]
Batches:  40%|████      | 1026/2547 [00:07<00:11, 128.32it/s]
Batches:  41%|████      | 1039/2547 [00:08<00:11, 127.70it/s]
Batches:  41%|████▏     | 1052/2547 [00:08<00:11, 127.88it/s]
Batches:  42%|████▏     | 1066/2547 [00:08<00:11, 131.31it/s]
Batches:  42%|████▏     | 1080/2547 [00:08<00:11, 132.99it/s]
Batches:  43%|████▎     | 1094/2547 [00:08<00:10, 134.98it/s]
Batches:  44%|████▎     | 1108/2547 [00:08<00:10, 135.32it/s]
Batches:  44%|████▍     | 1122/2547 [00:08<00:10, 134.16it/s]
Batches:  45%|████▍     | 1137/2547 [00:08<00:10, 136.43it/s]
Batches:  45%|████▌     | 1151/2547 [00:08<00:10, 136.99it/s]
Batches:  46%|████▌     | 1166/2547 [00:09<00:10, 137.74it/s]
Batches:  46%|████▋     | 1180/2547 [00:09<00:10, 135.65it/s]
Batches:  47%|████▋     | 1194/2547 [00:09<00:10, 134.20it/s]
Batches:  47%|████▋     | 1208/2547 [00:09<00:09, 134.49it/s]
Batches:  48%|████▊     | 1222/2547 [00:09<00:09, 135.68it/s]
Batches:  49%|████▊     | 1236/2547 [00:09<00:09, 136.68it/s]
Batches:  49%|████▉     | 1250/2547 [00:09<00:09, 137.58it/s]
Batches:  50%|████▉     | 1264/2547 [00:09<00:09, 138.26it/s]
Batches:  50%|█████     | 1278/2547 [00:09<00:09, 137.80it/s]
Batches:  51%|█████     | 1292/2547 [00:09<00:09, 136.30it/s]
Batches:  51%|█████▏    | 1306/2547 [00:10<00:09, 134.99it/s]
Batches:  52%|█████▏    | 1321/2547 [00:10<00:08, 136.85it/s]
Batches:  52%|█████▏    | 1335/2547 [00:10<00:08, 137.31it/s]
Batches:  53%|█████▎    | 1349/2547 [00:10<00:08, 134.99it/s]
Batches:  54%|█████▎    | 1363/2547 [00:10<00:08, 134.04it/s]
Batches:  54%|█████▍    | 1377/2547 [00:10<00:08, 133.52it/s]
Batches:  55%|█████▍    | 1391/2547 [00:10<00:08, 133.41it/s]
Batches:  55%|█████▌    | 1405/2547 [00:10<00:08, 133.48it/s]
Batches:  56%|█████▌    | 1419/2547 [00:10<00:08, 132.64it/s]
Batches:  56%|█████▋    | 1433/2547 [00:11<00:08, 133.05it/s]
Batches:  57%|█████▋    | 1447/2547 [00:11<00:08, 131.44it/s]
Batches:  57%|█████▋    | 1461/2547 [00:11<00:08, 129.85it/s]
Batches:  58%|█████▊    | 1475/2547 [00:11<00:08, 129.96it/s]
Batches:  58%|█████▊    | 1489/2547 [00:11<00:08, 130.35it/s]
Batches:  59%|█████▉    | 1503/2547 [00:11<00:07, 132.76it/s]
Batches:  60%|█████▉    | 1517/2547 [00:11<00:07, 133.32it/s]
Batches:  60%|██████    | 1531/2547 [00:11<00:07, 132.21it/s]
Batches:  61%|██████    | 1545/2547 [00:11<00:07, 133.07it/s]
Batches:  61%|██████    | 1559/2547 [00:11<00:07, 133.09it/s]
Batches:  62%|██████▏   | 1573/2547 [00:12<00:07, 132.65it/s]
Batches:  62%|██████▏   | 1587/2547 [00:12<00:07, 133.21it/s]
Batches:  63%|██████▎   | 1601/2547 [00:12<00:07, 132.27it/s]
Batches:  63%|██████▎   | 1615/2547 [00:12<00:06, 133.30it/s]
Batches:  64%|██████▍   | 1629/2547 [00:12<00:06, 134.19it/s]
Batches:  65%|██████▍   | 1644/2547 [00:12<00:06, 136.47it/s]
Batches:  65%|██████▌   | 1659/2547 [00:12<00:06, 138.93it/s]
Batches:  66%|██████▌   | 1674/2547 [00:12<00:06, 140.68it/s]
Batches:  66%|██████▋   | 1689/2547 [00:12<00:06, 137.11it/s]
Batches:  67%|██████▋   | 1704/2547 [00:13<00:06, 137.90it/s]
Batches:  67%|██████▋   | 1718/2547 [00:13<00:06, 137.56it/s]
Batches:  68%|██████▊   | 1732/2547 [00:13<00:05, 138.25it/s]
Batches:  69%|██████▊   | 1747/2547 [00:13<00:05, 139.72it/s]
Batches:  69%|██████▉   | 1762/2547 [00:13<00:05, 140.09it/s]
Batches:  70%|██████▉   | 1777/2547 [00:13<00:05, 140.18it/s]
Batches:  70%|███████   | 1792/2547 [00:13<00:05, 140.96it/s]
Batches:  71%|███████   | 1807/2547 [00:13<00:05, 141.63it/s]
Batches:  72%|███████▏  | 1822/2547 [00:13<00:05, 140.90it/s]
Batches:  72%|███████▏  | 1837/2547 [00:13<00:05, 139.64it/s]
Batches:  73%|███████▎  | 1852/2547 [00:14<00:04, 140.23it/s]
Batches:  73%|███████▎  | 1867/2547 [00:14<00:04, 140.04it/s]
Batches:  74%|███████▍  | 1882/2547 [00:14<00:04, 140.77it/s]
Batches:  74%|███████▍  | 1897/2547 [00:14<00:04, 139.87it/s]
Batches:  75%|███████▌  | 1911/2547 [00:14<00:04, 136.73it/s]
Batches:  76%|███████▌  | 1926/2547 [00:14<00:04, 137.57it/s]
Batches:  76%|███████▌  | 1940/2547 [00:14<00:04, 136.79it/s]
Batches:  77%|███████▋  | 1954/2547 [00:14<00:04, 136.77it/s]
Batches:  77%|███████▋  | 1969/2547 [00:14<00:04, 137.75it/s]
Batches:  78%|███████▊  | 1984/2547 [00:15<00:04, 139.05it/s]
Batches:  78%|███████▊  | 1998/2547 [00:15<00:03, 138.84it/s]
Batches:  79%|███████▉  | 2012/2547 [00:15<00:03, 138.41it/s]
Batches:  80%|███████▉  | 2027/2547 [00:15<00:03, 139.21it/s]
Batches:  80%|████████  | 2042/2547 [00:15<00:03, 140.95it/s]
Batches:  81%|████████  | 2057/2547 [00:15<00:03, 141.82it/s]
Batches:  81%|████████▏ | 2072/2547 [00:15<00:03, 142.85it/s]
Batches:  82%|████████▏ | 2087/2547 [00:15<00:03, 142.62it/s]
Batches:  83%|████████▎ | 2102/2547 [00:15<00:03, 143.05it/s]
Batches:  83%|████████▎ | 2117/2547 [00:15<00:02, 143.99it/s]
Batches:  84%|████████▎ | 2132/2547 [00:16<00:02, 144.10it/s]
Batches:  84%|████████▍ | 2147/2547 [00:16<00:02, 143.14it/s]
Batches:  85%|████████▍ | 2162/2547 [00:16<00:02, 142.57it/s]
Batches:  85%|████████▌ | 2177/2547 [00:16<00:02, 143.78it/s]
Batches:  86%|████████▌ | 2192/2547 [00:16<00:02, 142.66it/s]
Batches:  87%|████████▋ | 2207/2547 [00:16<00:02, 143.30it/s]
Batches:  87%|████████▋ | 2222/2547 [00:16<00:02, 144.76it/s]
Batches:  88%|████████▊ | 2237/2547 [00:16<00:02, 145.87it/s]
Batches:  88%|████████▊ | 2253/2547 [00:16<00:01, 147.17it/s]
Batches:  89%|████████▉ | 2268/2547 [00:17<00:01, 147.05it/s]
Batches:  90%|████████▉ | 2283/2547 [00:17<00:01, 143.46it/s]
Batches:  90%|█████████ | 2298/2547 [00:17<00:01, 142.07it/s]
Batches:  91%|█████████ | 2313/2547 [00:17<00:01, 142.08it/s]
Batches:  91%|█████████▏| 2328/2547 [00:17<00:01, 142.16it/s]
Batches:  92%|█████████▏| 2343/2547 [00:17<00:01, 140.61it/s]
Batches:  93%|█████████▎| 2358/2547 [00:17<00:01, 143.30it/s]
Batches:  93%|█████████▎| 2374/2547 [00:17<00:01, 145.21it/s]
Batches:  94%|█████████▍| 2390/2547 [00:17<00:01, 146.86it/s]
Batches:  94%|█████████▍| 2405/2547 [00:17<00:00, 146.96it/s]
Batches:  95%|█████████▌| 2420/2547 [00:18<00:00, 145.24it/s]
Batches:  96%|█████████▌| 2435/2547 [00:18<00:00, 144.87it/s]
Batches:  96%|█████████▌| 2450/2547 [00:18<00:00, 146.18it/s]
Batches:  97%|█████████▋| 2465/2547 [00:18<00:00, 145.86it/s]
Batches:  97%|█████████▋| 2480/2547 [00:18<00:00, 145.90it/s]
Batches:  98%|█████████▊| 2495/2547 [00:18<00:00, 147.06it/s]
Batches:  99%|█████████▊| 2511/2547 [00:18<00:00, 148.05it/s]
Batches:  99%|█████████▉| 2527/2547 [00:18<00:00, 149.13it/s]
Batches:   1%|          | 13/1274 [00:00<00:09, 126.67it/s]
Batches:   2%|▏         | 26/1274 [00:00<00:09, 126.89it/s]
Batches:   3%|▎         | 39/1274 [00:00<00:09, 128.18it/s]
Batches:   4%|▍         | 53/1274 [00:00<00:09, 130.54it/s]
Batches:   5%|▌         | 67/1274 [00:00<00:09, 131.64it/s]
Batches:   6%|▋         | 81/1274 [00:00<00:09, 129.64it/s]
Batches:   8%|▊         | 96/1274 [00:00<00:08, 133.21it/s]
Batches:   9%|▊         | 110/1274 [00:00<00:08, 133.41it/s]
Batches:  10%|▉         | 124/1274 [00:00<00:08, 131.27it/s]
Batches:  11%|█         | 138/1274 [00:01<00:08, 132.49it/s]
Batches:  12%|█▏        | 152/1274 [00:01<00:08, 134.21it/s]
Batches:  13%|█▎        | 166/1274 [00:01<00:08, 133.20it/s]
Batches:  14%|█▍        | 180/1274 [00:01<00:08, 134.76it/s]
Batches:  15%|█▌        | 194/1274 [00:01<00:08, 133.76it/s]
Batches:  16%|█▋        | 208/1274 [00:01<00:08, 131.70it/s]
Batches:  17%|█▋        | 222/1274 [00:01<00:08, 130.68it/s]
Batches:  19%|█▊        | 236/1274 [00:01<00:08, 129.33it/s]
Batches:  20%|█▉        | 250/1274 [00:01<00:07, 130.65it/s]
Batches:  21%|██        | 264/1274 [00:02<00:07, 130.65it/s]
Batches:  22%|██▏       | 278/1274 [00:02<00:07, 130.05it/s]
Batches:  23%|██▎       | 292/1274 [00:02<00:07, 130.60it/s]
Batches:  24%|██▍       | 306/1274 [00:02<00:07, 130.33it/s]
Batches:  25%|██▌       | 320/1274 [00:02<00:07, 129.20it/s]
Batches:  26%|██▌       | 333/1274 [00:02<00:07, 129.12it/s]
Batches:  27%|██▋       | 347/1274 [00:02<00:07, 130.35it/s]
Batches:  28%|██▊       | 361/1274 [00:02<00:06, 130.91it/s]
Batches:  29%|██▉       | 375/1274 [00:02<00:06, 130.95it/s]
Batches:  31%|███       | 389/1274 [00:02<00:06, 130.75it/s]
Batches:  32%|███▏      | 403/1274 [00:03<00:06, 131.99it/s]
Batches:  33%|███▎      | 417/1274 [00:03<00:06, 130.34it/s]
Batches:  34%|███▍      | 431/1274 [00:03<00:06, 128.28it/s]
Batches:  35%|███▍      | 444/1274 [00:03<00:06, 128.03it/s]
Batches:  36%|███▌      | 458/1274 [00:03<00:06, 129.51it/s]
Batches:  37%|███▋      | 472/1274 [00:03<00:06, 131.72it/s]
Batches:  38%|███▊      | 486/1274 [00:03<00:05, 132.66it/s]
Batches:  39%|███▉      | 500/1274 [00:03<00:05, 134.68it/s]
Batches:  40%|████      | 515/1274 [00:03<00:05, 136.67it/s]
Batches:  42%|████▏     | 530/1274 [00:04<00:05, 137.49it/s]
Batches:  43%|████▎     | 544/1274 [00:04<00:05, 138.13it/s]
Batches:  44%|████▍     | 559/1274 [00:04<00:05, 140.06it/s]
Batches:  45%|████▌     | 574/1274 [00:04<00:05, 138.78it/s]
Batches:  46%|████▌     | 589/1274 [00:04<00:04, 139.59it/s]
Batches:  47%|████▋     | 604/1274 [00:04<00:04, 141.13it/s]
Batches:  49%|████▊     | 619/1274 [00:04<00:04, 143.18it/s]
Batches:  50%|████▉     | 634/1274 [00:04<00:04, 144.40it/s]
Batches:  51%|█████     | 649/1274 [00:04<00:04, 143.24it/s]
Batches:  52%|█████▏    | 664/1274 [00:04<00:04, 144.72it/s]
Batches:  53%|█████▎    | 679/1274 [00:05<00:04, 144.99it/s]
Batches:  54%|█████▍    | 694/1274 [00:05<00:04, 144.04it/s]
Batches:  56%|█████▌    | 710/1274 [00:05<00:03, 146.12it/s]
Batches:  57%|█████▋    | 725/1274 [00:05<00:03, 144.68it/s]
Batches:  58%|█████▊    | 740/1274 [00:05<00:03, 144.00it/s]
Batches:  59%|█████▉    | 755/1274 [00:05<00:03, 141.00it/s]
Batches:  60%|██████    | 770/1274 [00:05<00:03, 140.87it/s]
Batches:  62%|██████▏   | 785/1274 [00:05<00:03, 141.07it/s]
Batches:  63%|██████▎   | 800/1274 [00:05<00:03, 139.37it/s]
Batches:  64%|██████▍   | 814/1274 [00:06<00:03, 137.72it/s]
Batches:  65%|██████▌   | 829/1274 [00:06<00:03, 138.91it/s]
Batches:  66%|██████▌   | 844/1274 [00:06<00:03, 140.06it/s]
Batches:  67%|██████▋   | 859/1274 [00:06<00:02, 141.47it/s]
Batches:  69%|██████▊   | 874/1274 [00:06<00:02, 142.86it/s]
Batches:  70%|██████▉   | 889/1274 [00:06<00:02, 142.14it/s]
Batches:  71%|███████   | 904/1274 [00:06<00:02, 144.40it/s]
Batches:  72%|███████▏  | 919/1274 [00:06<00:02, 144.95it/s]
Batches:  73%|███████▎  | 934/1274 [00:06<00:02, 144.80it/s]
Batches:  74%|███████▍  | 949/1274 [00:06<00:02, 143.80it/s]
Batches:  76%|███████▌  | 964/1274 [00:07<00:02, 145.27it/s]
Batches:  77%|███████▋  | 979/1274 [00:07<00:02, 142.59it/s]
Batches:  78%|███████▊  | 994/1274 [00:07<00:01, 144.14it/s]
Batches:  79%|███████▉  | 1009/1274 [00:07<00:01, 145.24it/s]
Batches:  80%|████████  | 1025/1274 [00:07<00:01, 147.28it/s]
Batches:  82%|████████▏ | 1040/1274 [00:07<00:01, 147.20it/s]
Batches:  83%|████████▎ | 1056/1274 [00:07<00:01, 148.41it/s]
Batches:  84%|████████▍ | 1072/1274 [00:07<00:01, 149.14it/s]
Batches:  85%|████████▌ | 1088/1274 [00:07<00:01, 150.88it/s]
Batches:  87%|████████▋ | 1104/1274 [00:08<00:01, 150.96it/s]
Batches:  88%|████████▊ | 1120/1274 [00:08<00:01, 151.10it/s]
Batches:  89%|████████▉ | 1136/1274 [00:08<00:00, 152.30it/s]
Batches:  90%|█████████ | 1152/1274 [00:08<00:00, 152.23it/s]
Batches:  92%|█████████▏| 1168/1274 [00:08<00:00, 151.83it/s]
Batches:  93%|█████████▎| 1184/1274 [00:08<00:00, 153.73it/s]
Batches:  94%|█████████▍| 1200/1274 [00:08<00:00, 152.66it/s]
Batches:  95%|█████████▌| 1216/1274 [00:08<00:00, 153.34it/s]
Batches:  97%|█████████▋| 1232/1274 [00:08<00:00, 153.55it/s]
Batches:  98%|█████████▊| 1248/1274 [00:08<00:00, 151.53it/s]
Batches:  99%|█████████▉| 1264/1274 [00:09<00:00, 144.86it/s]
2026-04-05 11:17:57,141 INFO --> Ensuring info_nce_multi | tau=0.01 | hn_k=0 model is statically trained...
2026-04-05 11:17:57,144 INFO Model missing. Triggering training engine for hn_k=0...
2026-04-05 11:17:57,146 INFO Loading data for metaqa | Target Loss: info_nce_multi | Target Tau: 0.01 | Target HNM: 0
2026-04-05 11:18:10,647 INFO Load pretrained SentenceTransformer: multi-qa-MiniLM-L6-cos-v1
2026-04-05 11:18:18,027 INFO Split metaqa: 285259 train / 81502 val / 40752 test
2026-04-05 11:18:18,650 INFO Pre-encoding 285259 metaqa [train] query-GT pairs...
Batches:   1%|          | 50/8915 [00:00<01:10, 125.76it/s]
Batches:   1%|          | 64/8915 [00:00<01:07, 130.41it/s]
Batches:   1%|          | 79/8915 [00:00<01:05, 134.35it/s]
Batches:   1%|          | 94/8915 [00:00<01:04, 136.58it/s]
Batches:   1%|          | 109/8915 [00:00<01:03, 139.21it/s]
Batches:   1%|▏         | 124/8915 [00:00<01:02, 140.87it/s]
Batches:   2%|▏         | 139/8915 [00:01<01:02, 140.53it/s]
Batches:   2%|▏         | 154/8915 [00:01<01:02, 139.38it/s]
Batches:   2%|▏         | 169/8915 [00:01<01:02, 140.00it/s]
Batches:   2%|▏         | 184/8915 [00:01<01:02, 139.92it/s]
Batches:   2%|▏         | 198/8915 [00:01<01:02, 138.79it/s]
Batches:   2%|▏         | 212/8915 [00:01<01:02, 138.79it/s]
Batches:   3%|▎         | 227/8915 [00:01<01:02, 139.34it/s]
Batches:   3%|▎         | 241/8915 [00:01<01:02, 139.28it/s]
Batches:   3%|▎         | 255/8915 [00:01<01:02, 138.62it/s]
Batches:   3%|▎         | 269/8915 [00:01<01:02, 137.58it/s]
Batches:   3%|▎         | 283/8915 [00:02<01:02, 137.47it/s]
Batches:   3%|▎         | 298/8915 [00:02<01:02, 138.63it/s]
Batches:   3%|▎         | 312/8915 [00:02<01:02, 138.73it/s]
Batches:   4%|▎         | 327/8915 [00:02<01:01, 139.48it/s]
Batches:   4%|▍         | 342/8915 [00:02<01:00, 140.60it/s]
Batches:   4%|▍         | 357/8915 [00:02<01:01, 139.83it/s]
Batches:   4%|▍         | 371/8915 [00:02<01:01, 138.08it/s]
Batches:   4%|▍         | 385/8915 [00:02<01:02, 137.17it/s]
Batches:   4%|▍         | 399/8915 [00:02<01:01, 137.55it/s]
Batches:   5%|▍         | 414/8915 [00:03<01:00, 140.29it/s]
Batches:   5%|▍         | 429/8915 [00:03<01:00, 140.37it/s]
Batches:   5%|▍         | 444/8915 [00:03<00:59, 141.33it/s]
Batches:   5%|▌         | 459/8915 [00:03<00:59, 142.46it/s]
Batches:   5%|▌         | 474/8915 [00:03<00:59, 142.99it/s]
Batches:   5%|▌         | 489/8915 [00:03<00:59, 141.96it/s]
Batches:   6%|▌         | 504/8915 [00:03<00:59, 141.53it/s]
Batches:   6%|▌         | 519/8915 [00:03<00:58, 142.41it/s]
Batches:   6%|▌         | 534/8915 [00:03<00:58, 144.06it/s]
Batches:   6%|▌         | 549/8915 [00:03<00:57, 145.00it/s]
Batches:   6%|▋         | 564/8915 [00:04<00:57, 144.98it/s]
Batches:   6%|▋         | 579/8915 [00:04<00:58, 143.72it/s]
Batches:   7%|▋         | 594/8915 [00:04<00:57, 143.86it/s]
Batches:   7%|▋         | 609/8915 [00:04<00:57, 144.44it/s]
Batches:   7%|▋         | 624/8915 [00:04<00:57, 144.65it/s]
Batches:   7%|▋         | 639/8915 [00:04<00:56, 145.95it/s]
Batches:   7%|▋         | 654/8915 [00:04<00:56, 146.53it/s]
Batches:   8%|▊         | 669/8915 [00:04<00:56, 145.57it/s]
Batches:   8%|▊         | 684/8915 [00:04<00:56, 145.66it/s]
Batches:   8%|▊         | 699/8915 [00:05<00:56, 144.82it/s]
Batches:   8%|▊         | 714/8915 [00:05<00:56, 145.29it/s]
Batches:   8%|▊         | 729/8915 [00:05<00:56, 144.51it/s]
Batches:   8%|▊         | 744/8915 [00:05<00:56, 143.58it/s]
Batches:   9%|▊         | 759/8915 [00:05<00:56, 144.01it/s]
Batches:   9%|▊         | 774/8915 [00:05<00:56, 142.92it/s]
Batches:   9%|▉         | 789/8915 [00:05<00:56, 144.04it/s]
Batches:   9%|▉         | 804/8915 [00:05<00:55, 145.56it/s]
Batches:   9%|▉         | 819/8915 [00:05<00:55, 145.58it/s]
Batches:   9%|▉         | 834/8915 [00:05<00:55, 146.24it/s]
Batches:  10%|▉         | 849/8915 [00:06<00:54, 147.09it/s]
Batches:  10%|▉         | 864/8915 [00:06<00:55, 144.90it/s]
Batches:  10%|▉         | 879/8915 [00:06<00:55, 144.28it/s]
Batches:  10%|█         | 894/8915 [00:06<00:56, 142.76it/s]
Batches:  10%|█         | 909/8915 [00:06<00:56, 141.57it/s]
Batches:  10%|█         | 924/8915 [00:06<00:57, 139.13it/s]
Batches:  11%|█         | 938/8915 [00:06<00:57, 138.25it/s]
Batches:  11%|█         | 952/8915 [00:06<00:58, 136.66it/s]
Batches:  11%|█         | 966/8915 [00:06<00:58, 136.93it/s]
Batches:  11%|█         | 980/8915 [00:06<00:58, 135.85it/s]
Batches:  11%|█         | 995/8915 [00:07<00:57, 137.46it/s]
Batches:  11%|█▏        | 1009/8915 [00:07<00:57, 137.91it/s]
Batches:  11%|█▏        | 1023/8915 [00:07<00:57, 137.29it/s]
Batches:  12%|█▏        | 1037/8915 [00:07<00:57, 137.09it/s]
Batches:  12%|█▏        | 1051/8915 [00:07<00:57, 137.58it/s]
Batches:  12%|█▏        | 1065/8915 [00:07<00:57, 137.67it/s]
Batches:  12%|█▏        | 1079/8915 [00:07<00:57, 137.17it/s]
Batches:  12%|█▏        | 1093/8915 [00:07<00:57, 137.19it/s]
Batches:  12%|█▏        | 1107/8915 [00:07<00:56, 137.93it/s]
Batches:  13%|█▎        | 1121/8915 [00:08<00:56, 138.08it/s]
Batches:  13%|█▎        | 1135/8915 [00:08<00:56, 137.00it/s]
Batches:  13%|█▎        | 1149/8915 [00:08<00:56, 136.90it/s]
Batches:  13%|█▎        | 1164/8915 [00:08<00:56, 138.09it/s]
Batches:  13%|█▎        | 1178/8915 [00:08<00:56, 137.25it/s]
Batches:  13%|█▎        | 1193/8915 [00:08<00:55, 138.52it/s]
Batches:  14%|█▎        | 1207/8915 [00:08<00:56, 136.46it/s]
Batches:  14%|█▎        | 1221/8915 [00:08<00:57, 133.46it/s]
Batches:  14%|█▍        | 1236/8915 [00:08<00:56, 135.65it/s]
Batches:  14%|█▍        | 1250/8915 [00:08<00:57, 133.69it/s]
Batches:  14%|█▍        | 1264/8915 [00:09<00:57, 133.45it/s]
Batches:  14%|█▍        | 1278/8915 [00:09<00:57, 132.54it/s]
Batches:  14%|█▍        | 1292/8915 [00:09<01:01, 123.61it/s]
Batches:  15%|█▍        | 1305/8915 [00:09<01:03, 120.08it/s]
Batches:  15%|█▍        | 1318/8915 [00:09<01:03, 118.97it/s]
Batches:  15%|█▍        | 1330/8915 [00:09<01:04, 116.79it/s]
Batches:  15%|█▌        | 1342/8915 [00:09<01:05, 114.80it/s]
Batches:  15%|█▌        | 1355/8915 [00:09<01:04, 118.01it/s]
Batches:  15%|█▌        | 1367/8915 [00:09<01:03, 118.10it/s]
Batches:  15%|█▌        | 1380/8915 [00:10<01:02, 121.31it/s]
Batches:  16%|█▌        | 1394/8915 [00:10<01:00, 124.19it/s]
Batches:  16%|█▌        | 1408/8915 [00:10<00:58, 128.21it/s]
Batches:  16%|█▌        | 1421/8915 [00:10<00:58, 128.07it/s]
Batches:  16%|█▌        | 1434/8915 [00:10<00:58, 128.00it/s]
Batches:  16%|█▌        | 1448/8915 [00:10<00:57, 129.94it/s]
Batches:  16%|█▋        | 1462/8915 [00:10<00:57, 130.03it/s]
Batches:  17%|█▋        | 1476/8915 [00:10<00:57, 130.32it/s]
Batches:  17%|█▋        | 1490/8915 [00:10<00:56, 131.75it/s]
Batches:  17%|█▋        | 1504/8915 [00:10<00:56, 132.32it/s]
Batches:  17%|█▋        | 1518/8915 [00:11<00:55, 133.02it/s]
Batches:  17%|█▋        | 1532/8915 [00:11<00:55, 133.80it/s]
Batches:  17%|█▋        | 1546/8915 [00:11<00:54, 134.32it/s]
Batches:  17%|█▋        | 1560/8915 [00:11<00:54, 134.24it/s]
Batches:  18%|█▊        | 1574/8915 [00:11<00:54, 135.00it/s]
Batches:  18%|█▊        | 1588/8915 [00:11<00:54, 134.43it/s]
Batches:  18%|█▊        | 1602/8915 [00:11<00:54, 133.72it/s]
Batches:  18%|█▊        | 1616/8915 [00:11<00:54, 134.25it/s]
Batches:  18%|█▊        | 1630/8915 [00:11<00:53, 135.08it/s]
Batches:  18%|█▊        | 1644/8915 [00:12<00:53, 135.18it/s]
Batches:  19%|█▊        | 1658/8915 [00:12<00:53, 136.18it/s]
Batches:  19%|█▉        | 1672/8915 [00:12<00:52, 136.81it/s]
Batches:  19%|█▉        | 1686/8915 [00:12<00:52, 136.98it/s]
Batches:  19%|█▉        | 1700/8915 [00:12<00:52, 137.83it/s]
Batches:  19%|█▉        | 1714/8915 [00:12<00:52, 137.68it/s]
Batches:  19%|█▉        | 1729/8915 [00:12<00:51, 139.08it/s]
Batches:  20%|█▉        | 1744/8915 [00:12<00:51, 139.58it/s]
Batches:  20%|█▉        | 1758/8915 [00:12<00:51, 138.84it/s]
Batches:  20%|█▉        | 1772/8915 [00:12<00:51, 138.23it/s]
Batches:  20%|██        | 1787/8915 [00:13<00:51, 139.00it/s]
Batches:  20%|██        | 1802/8915 [00:13<00:50, 139.64it/s]
Batches:  20%|██        | 1816/8915 [00:13<00:50, 139.72it/s]
Batches:  21%|██        | 1831/8915 [00:13<00:50, 141.45it/s]
Batches:  21%|██        | 1846/8915 [00:13<00:49, 141.58it/s]
Batches:  21%|██        | 1861/8915 [00:13<00:49, 141.40it/s]
Batches:  21%|██        | 1876/8915 [00:13<00:50, 140.61it/s]
Batches:  21%|██        | 1891/8915 [00:13<00:49, 140.58it/s]
Batches:  21%|██▏       | 1906/8915 [00:13<00:50, 139.05it/s]
Batches:  22%|██▏       | 1920/8915 [00:14<00:50, 139.24it/s]
Batches:  22%|██▏       | 1934/8915 [00:14<00:50, 138.78it/s]
Batches:  22%|██▏       | 1948/8915 [00:14<00:50, 136.68it/s]
Batches:  22%|██▏       | 1962/8915 [00:14<00:51, 135.67it/s]
Batches:  22%|██▏       | 1976/8915 [00:14<00:51, 135.20it/s]
Batches:  22%|██▏       | 1990/8915 [00:14<00:51, 134.78it/s]
Batches:  22%|██▏       | 2004/8915 [00:14<00:51, 134.11it/s]
Batches:  23%|██▎       | 2018/8915 [00:14<00:51, 133.99it/s]
Batches:  23%|██▎       | 2032/8915 [00:14<00:51, 133.02it/s]
Batches:  23%|██▎       | 2047/8915 [00:14<00:50, 135.61it/s]
Batches:  23%|██▎       | 2061/8915 [00:15<00:50, 136.27it/s]
Batches:  23%|██▎       | 2076/8915 [00:15<00:49, 138.60it/s]
Batches:  23%|██▎       | 2090/8915 [00:15<00:49, 139.00it/s]
Batches:  24%|██▎       | 2104/8915 [00:15<00:49, 137.93it/s]
Batches:  24%|██▍       | 2119/8915 [00:15<00:48, 139.59it/s]
Batches:  24%|██▍       | 2133/8915 [00:15<00:49, 138.07it/s]
Batches:  24%|██▍       | 2147/8915 [00:15<00:49, 137.32it/s]
Batches:  24%|██▍       | 2161/8915 [00:15<00:48, 138.03it/s]
Batches:  24%|██▍       | 2175/8915 [00:15<00:49, 134.81it/s]
Batches:  25%|██▍       | 2189/8915 [00:15<00:49, 136.08it/s]
Batches:  25%|██▍       | 2203/8915 [00:16<00:49, 136.33it/s]
Batches:  25%|██▍       | 2218/8915 [00:16<00:48, 137.82it/s]
Batches:  25%|██▌       | 2233/8915 [00:16<00:47, 140.42it/s]
Batches:  25%|██▌       | 2248/8915 [00:16<00:46, 142.38it/s]
Batches:  25%|██▌       | 2263/8915 [00:16<00:46, 142.57it/s]
Batches:  26%|██▌       | 2278/8915 [00:16<00:46, 142.21it/s]
Batches:  26%|██▌       | 2293/8915 [00:16<00:46, 141.36it/s]
Batches:  26%|██▌       | 2308/8915 [00:16<00:47, 138.28it/s]
Batches:  26%|██▌       | 2322/8915 [00:16<00:48, 137.11it/s]
Batches:  26%|██▌       | 2336/8915 [00:17<00:47, 137.85it/s]
Batches:  26%|██▋       | 2350/8915 [00:17<00:47, 138.22it/s]
Batches:  27%|██▋       | 2365/8915 [00:17<00:47, 138.73it/s]
Batches:  27%|██▋       | 2380/8915 [00:17<00:46, 139.92it/s]
Batches:  27%|██▋       | 2395/8915 [00:17<00:46, 140.02it/s]
Batches:  27%|██▋       | 2410/8915 [00:17<00:46, 139.94it/s]
Batches:  27%|██▋       | 2424/8915 [00:17<00:46, 139.14it/s]
Batches:  27%|██▋       | 2439/8915 [00:17<00:46, 139.88it/s]
Batches:  28%|██▊       | 2454/8915 [00:17<00:45, 141.52it/s]
Batches:  28%|██▊       | 2469/8915 [00:17<00:45, 140.20it/s]
Batches:  28%|██▊       | 2484/8915 [00:18<00:46, 139.26it/s]
Batches:  28%|██▊       | 2498/8915 [00:18<00:46, 137.57it/s]
Batches:  28%|██▊       | 2512/8915 [00:18<00:47, 136.06it/s]
Batches:  28%|██▊       | 2526/8915 [00:18<00:47, 135.53it/s]
Batches:  28%|██▊       | 2540/8915 [00:18<00:47, 135.52it/s]
Batches:  29%|██▊       | 2554/8915 [00:18<00:46, 135.43it/s]
Batches:  29%|██▉       | 2568/8915 [00:18<00:46, 136.14it/s]
Batches:  29%|██▉       | 2582/8915 [00:18<00:46, 136.36it/s]
Batches:  29%|██▉       | 2596/8915 [00:18<00:47, 134.42it/s]
Batches:  29%|██▉       | 2610/8915 [00:19<00:46, 134.29it/s]
Batches:  29%|██▉       | 2624/8915 [00:19<00:46, 134.92it/s]
Batches:  30%|██▉       | 2638/8915 [00:19<00:46, 135.40it/s]
Batches:  30%|██▉       | 2652/8915 [00:19<00:46, 135.82it/s]
Batches:  30%|██▉       | 2666/8915 [00:19<00:45, 136.70it/s]
Batches:  30%|███       | 2681/8915 [00:19<00:45, 137.81it/s]
Batches:  30%|███       | 2696/8915 [00:19<00:44, 138.97it/s]
Batches:  30%|███       | 2711/8915 [00:19<00:44, 140.72it/s]
Batches:  31%|███       | 2726/8915 [00:19<00:43, 142.00it/s]
Batches:  31%|███       | 2741/8915 [00:19<00:43, 141.52it/s]
Batches:  31%|███       | 2756/8915 [00:20<00:43, 141.31it/s]
Batches:  31%|███       | 2771/8915 [00:20<00:43, 141.90it/s]
Batches:  31%|███▏      | 2786/8915 [00:20<00:43, 142.49it/s]
Batches:  31%|███▏      | 2801/8915 [00:20<00:42, 144.26it/s]
Batches:  32%|███▏      | 2816/8915 [00:20<00:42, 144.37it/s]
Batches:  32%|███▏      | 2831/8915 [00:20<00:42, 143.32it/s]
Batches:  32%|███▏      | 2846/8915 [00:20<00:42, 141.73it/s]
Batches:  32%|███▏      | 2861/8915 [00:20<00:42, 141.43it/s]
Batches:  32%|███▏      | 2876/8915 [00:20<00:42, 140.78it/s]
Batches:  32%|███▏      | 2891/8915 [00:21<00:43, 139.76it/s]
Batches:  33%|███▎      | 2905/8915 [00:21<00:43, 139.44it/s]
Batches:  33%|███▎      | 2919/8915 [00:21<00:43, 138.59it/s]
Batches:  33%|███▎      | 2934/8915 [00:21<00:42, 139.33it/s]
Batches:  33%|███▎      | 2948/8915 [00:21<00:43, 137.78it/s]
Batches:  33%|███▎      | 2962/8915 [00:21<00:43, 137.29it/s]
Batches:  33%|███▎      | 2976/8915 [00:21<00:43, 136.67it/s]
Batches:  34%|███▎      | 2990/8915 [00:21<00:43, 135.80it/s]
Batches:  34%|███▎      | 3004/8915 [00:21<00:43, 135.57it/s]
Batches:  34%|███▍      | 3018/8915 [00:21<00:43, 136.47it/s]
Batches:  34%|███▍      | 3033/8915 [00:22<00:42, 139.52it/s]
Batches:  34%|███▍      | 3048/8915 [00:22<00:42, 139.48it/s]
Batches:  34%|███▍      | 3062/8915 [00:22<00:42, 139.33it/s]
Batches:  35%|███▍      | 3076/8915 [00:22<00:42, 138.77it/s]
Batches:  35%|███▍      | 3091/8915 [00:22<00:41, 140.04it/s]
Batches:  35%|███▍      | 3106/8915 [00:22<00:41, 141.52it/s]
Batches:  35%|███▌      | 3121/8915 [00:22<00:40, 143.39it/s]
Batches:  35%|███▌      | 3136/8915 [00:22<00:39, 145.07it/s]
Batches:  35%|███▌      | 3151/8915 [00:22<00:39, 144.39it/s]
Batches:  36%|███▌      | 3166/8915 [00:22<00:39, 143.95it/s]
Batches:  36%|███▌      | 3181/8915 [00:23<00:40, 142.44it/s]
Batches:  36%|███▌      | 3196/8915 [00:23<00:40, 141.38it/s]
Batches:  36%|███▌      | 3211/8915 [00:23<00:40, 141.51it/s]
Batches:  36%|███▌      | 3226/8915 [00:23<00:40, 141.11it/s]
Batches:  36%|███▋      | 3241/8915 [00:23<00:40, 140.60it/s]
Batches:  37%|███▋      | 3256/8915 [00:23<00:40, 140.69it/s]
Batches:  37%|███▋      | 3271/8915 [00:23<00:40, 139.76it/s]
Batches:  37%|███▋      | 3285/8915 [00:23<00:40, 139.18it/s]
Batches:  37%|███▋      | 3299/8915 [00:23<00:40, 137.67it/s]
Batches:  37%|███▋      | 3314/8915 [00:24<00:40, 138.56it/s]
Batches:  37%|███▋      | 3329/8915 [00:24<00:40, 139.55it/s]
Batches:  37%|███▋      | 3343/8915 [00:24<00:39, 139.43it/s]
Batches:  38%|███▊      | 3358/8915 [00:24<00:39, 140.25it/s]
Batches:  38%|███▊      | 3373/8915 [00:24<00:39, 140.48it/s]
Batches:  38%|███▊      | 3388/8915 [00:24<00:39, 140.56it/s]
Batches:  38%|███▊      | 3403/8915 [00:24<00:39, 139.49it/s]
Batches:  38%|███▊      | 3417/8915 [00:24<00:39, 138.18it/s]
Batches:  38%|███▊      | 3431/8915 [00:24<00:39, 138.19it/s]
Batches:  39%|███▊      | 3445/8915 [00:24<00:39, 137.42it/s]
Batches:  39%|███▉      | 3460/8915 [00:25<00:39, 139.07it/s]
Batches:  39%|███▉      | 3475/8915 [00:25<00:38, 139.78it/s]
Batches:  39%|███▉      | 3490/8915 [00:25<00:38, 141.13it/s]
Batches:  39%|███▉      | 3505/8915 [00:25<00:38, 140.22it/s]
Batches:  39%|███▉      | 3520/8915 [00:25<00:38, 138.69it/s]
Batches:  40%|███▉      | 3535/8915 [00:25<00:38, 139.61it/s]
Batches:  40%|███▉      | 3549/8915 [00:25<00:38, 139.57it/s]
Batches:  40%|███▉      | 3563/8915 [00:25<00:38, 139.51it/s]
Batches:  40%|████      | 3577/8915 [00:25<00:38, 138.02it/s]
Batches:  40%|████      | 3592/8915 [00:26<00:38, 138.62it/s]
Batches:  40%|████      | 3606/8915 [00:26<00:38, 138.50it/s]
Batches:  41%|████      | 3620/8915 [00:26<00:38, 137.81it/s]
Batches:  41%|████      | 3635/8915 [00:26<00:38, 138.68it/s]
Batches:  41%|████      | 3650/8915 [00:26<00:37, 140.13it/s]
Batches:  41%|████      | 3665/8915 [00:26<00:38, 137.88it/s]
Batches:  41%|████▏     | 3679/8915 [00:26<00:38, 136.36it/s]
Batches:  41%|████▏     | 3693/8915 [00:26<00:39, 133.82it/s]
Batches:  42%|████▏     | 3707/8915 [00:26<00:38, 134.02it/s]
Batches:  42%|████▏     | 3722/8915 [00:27<00:38, 136.20it/s]
Batches:  42%|████▏     | 3737/8915 [00:27<00:37, 137.83it/s]
Batches:  42%|████▏     | 3751/8915 [00:27<00:37, 136.62it/s]
Batches:  42%|████▏     | 3766/8915 [00:27<00:37, 138.94it/s]
Batches:  42%|████▏     | 3781/8915 [00:27<00:36, 139.94it/s]
Batches:  43%|████▎     | 3795/8915 [00:27<00:37, 138.19it/s]
Batches:  43%|████▎     | 3809/8915 [00:27<00:37, 137.90it/s]
Batches:  43%|████▎     | 3823/8915 [00:27<00:37, 136.84it/s]
Batches:  43%|████▎     | 3837/8915 [00:27<00:37, 135.38it/s]
Batches:  43%|████▎     | 3851/8915 [00:27<00:37, 135.20it/s]
Batches:  43%|████▎     | 3865/8915 [00:28<00:37, 135.39it/s]
Batches:  44%|████▎     | 3879/8915 [00:28<00:36, 136.72it/s]
Batches:  44%|████▎     | 3893/8915 [00:28<00:36, 136.10it/s]
Batches:  44%|████▍     | 3907/8915 [00:28<00:36, 135.85it/s]
Batches:  44%|████▍     | 3921/8915 [00:28<00:36, 136.81it/s]
Batches:  44%|████▍     | 3935/8915 [00:28<00:36, 135.59it/s]
Batches:  44%|████▍     | 3950/8915 [00:28<00:36, 137.22it/s]
Batches:  44%|████▍     | 3965/8915 [00:28<00:35, 138.00it/s]
Batches:  45%|████▍     | 3979/8915 [00:28<00:35, 137.63it/s]
Batches:  45%|████▍     | 3994/8915 [00:28<00:35, 139.62it/s]
Batches:  45%|████▍     | 4008/8915 [00:29<00:35, 139.25it/s]
Batches:  45%|████▌     | 4023/8915 [00:29<00:34, 140.99it/s]
Batches:  45%|████▌     | 4038/8915 [00:29<00:34, 140.47it/s]
Batches:  45%|████▌     | 4053/8915 [00:29<00:34, 141.19it/s]
Batches:  46%|████▌     | 4068/8915 [00:29<00:33, 143.50it/s]
Batches:  46%|████▌     | 4083/8915 [00:29<00:33, 145.22it/s]
Batches:  46%|████▌     | 4099/8915 [00:29<00:32, 146.91it/s]
Batches:  46%|████▌     | 4114/8915 [00:29<00:32, 146.27it/s]
Batches:  46%|████▋     | 4129/8915 [00:29<00:32, 146.44it/s]
Batches:  46%|████▋     | 4144/8915 [00:30<00:32, 146.13it/s]
Batches:  47%|████▋     | 4159/8915 [00:30<00:33, 143.74it/s]
Batches:  47%|████▋     | 4174/8915 [00:30<00:33, 142.02it/s]
Batches:  47%|████▋     | 4189/8915 [00:30<00:33, 141.84it/s]
Batches:  47%|████▋     | 4204/8915 [00:30<00:32, 143.57it/s]
Batches:  47%|████▋     | 4219/8915 [00:30<00:32, 142.91it/s]
Batches:  47%|████▋     | 4234/8915 [00:30<00:32, 144.06it/s]
Batches:  48%|████▊     | 4249/8915 [00:30<00:32, 144.24it/s]
Batches:  48%|████▊     | 4264/8915 [00:30<00:32, 144.87it/s]
Batches:  48%|████▊     | 4279/8915 [00:30<00:32, 144.45it/s]
Batches:  48%|████▊     | 4294/8915 [00:31<00:31, 144.54it/s]
Batches:  48%|████▊     | 4309/8915 [00:31<00:31, 145.44it/s]
Batches:  49%|████▊     | 4324/8915 [00:31<00:31, 145.22it/s]
Batches:  49%|████▊     | 4339/8915 [00:31<00:31, 144.88it/s]
Batches:  49%|████▉     | 4354/8915 [00:31<00:31, 143.82it/s]
Batches:  49%|████▉     | 4369/8915 [00:31<00:31, 145.14it/s]
Batches:  49%|████▉     | 4385/8915 [00:31<00:30, 146.58it/s]
Batches:  49%|████▉     | 4400/8915 [00:31<00:30, 145.96it/s]
Batches:  50%|████▉     | 4415/8915 [00:31<00:31, 143.69it/s]
Batches:  50%|████▉     | 4430/8915 [00:32<00:31, 141.99it/s]
Batches:  50%|████▉     | 4445/8915 [00:32<00:31, 140.71it/s]
Batches:  50%|█████     | 4460/8915 [00:32<00:31, 143.28it/s]
Batches:  50%|█████     | 4475/8915 [00:32<00:30, 144.00it/s]
Batches:  50%|█████     | 4490/8915 [00:32<00:31, 141.79it/s]
Batches:  51%|█████     | 4505/8915 [00:32<00:31, 141.64it/s]
Batches:  51%|█████     | 4520/8915 [00:32<00:31, 140.68it/s]
Batches:  51%|█████     | 4535/8915 [00:32<00:31, 141.21it/s]
Batches:  51%|█████     | 4550/8915 [00:32<00:30, 141.70it/s]
Batches:  51%|█████     | 4565/8915 [00:32<00:30, 141.52it/s]
Batches:  51%|█████▏    | 4580/8915 [00:33<00:30, 141.53it/s]
Batches:  52%|█████▏    | 4595/8915 [00:33<00:30, 141.85it/s]
Batches:  52%|█████▏    | 4610/8915 [00:33<00:30, 142.34it/s]
Batches:  52%|█████▏    | 4625/8915 [00:33<00:29, 143.49it/s]
Batches:  52%|█████▏    | 4640/8915 [00:33<00:29, 145.32it/s]
Batches:  52%|█████▏    | 4655/8915 [00:33<00:29, 145.18it/s]
Batches:  52%|█████▏    | 4671/8915 [00:33<00:28, 146.91it/s]
Batches:  53%|█████▎    | 4687/8915 [00:33<00:28, 148.40it/s]
Batches:  53%|█████▎    | 4702/8915 [00:33<00:28, 147.90it/s]
Batches:  53%|█████▎    | 4717/8915 [00:33<00:28, 146.80it/s]
Batches:  53%|█████▎    | 4732/8915 [00:34<00:29, 141.66it/s]
Batches:  53%|█████▎    | 4747/8915 [00:34<00:30, 137.92it/s]
Batches:  53%|█████▎    | 4761/8915 [00:34<00:30, 135.17it/s]
Batches:  54%|█████▎    | 4775/8915 [00:34<00:30, 134.87it/s]
Batches:  54%|█████▎    | 4789/8915 [00:34<00:31, 131.56it/s]
Batches:  54%|█████▍    | 4803/8915 [00:34<00:32, 125.10it/s]
Batches:  54%|█████▍    | 4816/8915 [00:34<00:33, 121.41it/s]
Batches:  54%|█████▍    | 4829/8915 [00:34<00:33, 121.64it/s]
Batches:  54%|█████▍    | 4842/8915 [00:35<00:33, 122.68it/s]
Batches:  54%|█████▍    | 4855/8915 [00:35<00:33, 122.73it/s]
Batches:  55%|█████▍    | 4869/8915 [00:35<00:32, 124.94it/s]
Batches:  55%|█████▍    | 4882/8915 [00:35<00:33, 122.09it/s]
Batches:  55%|█████▍    | 4895/8915 [00:35<00:32, 122.78it/s]
Batches:  55%|█████▌    | 4908/8915 [00:35<00:32, 122.32it/s]
Batches:  55%|█████▌    | 4921/8915 [00:35<00:32, 122.15it/s]
Batches:  55%|█████▌    | 4934/8915 [00:35<00:32, 122.84it/s]
Batches:  55%|█████▌    | 4947/8915 [00:35<00:32, 120.36it/s]
Batches:  56%|█████▌    | 4960/8915 [00:35<00:33, 119.59it/s]
Batches:  56%|█████▌    | 4972/8915 [00:36<00:33, 118.67it/s]
Batches:  56%|█████▌    | 4984/8915 [00:36<00:33, 117.66it/s]
Batches:  56%|█████▌    | 4997/8915 [00:36<00:32, 118.92it/s]
Batches:  56%|█████▌    | 5010/8915 [00:36<00:32, 120.75it/s]
Batches:  56%|█████▋    | 5023/8915 [00:36<00:32, 120.34it/s]
Batches:  57%|█████▋    | 5037/8915 [00:36<00:31, 122.79it/s]
Batches:  57%|█████▋    | 5050/8915 [00:36<00:30, 124.80it/s]
Batches:  57%|█████▋    | 5063/8915 [00:36<00:31, 124.19it/s]
Batches:  57%|█████▋    | 5076/8915 [00:36<00:30, 124.77it/s]
Batches:  57%|█████▋    | 5089/8915 [00:37<00:30, 124.86it/s]
Batches:  57%|█████▋    | 5102/8915 [00:37<00:30, 123.32it/s]
Batches:  57%|█████▋    | 5115/8915 [00:37<00:30, 123.49it/s]
Batches:  58%|█████▊    | 5128/8915 [00:37<00:30, 124.41it/s]
Batches:  58%|█████▊    | 5141/8915 [00:37<00:30, 124.10it/s]
Batches:  58%|█████▊    | 5154/8915 [00:37<00:30, 124.00it/s]
Batches:  58%|█████▊    | 5167/8915 [00:37<00:30, 122.06it/s]
Batches:  58%|█████▊    | 5180/8915 [00:37<00:30, 120.81it/s]
Batches:  58%|█████▊    | 5193/8915 [00:37<00:30, 120.52it/s]
Batches:  58%|█████▊    | 5206/8915 [00:37<00:30, 122.53it/s]
Batches:  59%|█████▊    | 5219/8915 [00:38<00:29, 123.21it/s]
Batches:  59%|█████▊    | 5232/8915 [00:38<00:30, 122.12it/s]
Batches:  59%|█████▉    | 5245/8915 [00:38<00:29, 122.50it/s]
Batches:  59%|█████▉    | 5258/8915 [00:38<00:29, 123.62it/s]
Batches:  59%|█████▉    | 5272/8915 [00:38<00:28, 126.98it/s]
Batches:  59%|█████▉    | 5285/8915 [00:38<00:28, 127.30it/s]
Batches:  59%|█████▉    | 5298/8915 [00:38<00:28, 127.96it/s]
Batches:  60%|█████▉    | 5311/8915 [00:38<00:28, 126.48it/s]
Batches:  60%|█████▉    | 5324/8915 [00:38<00:28, 125.96it/s]
Batches:  60%|█████▉    | 5337/8915 [00:39<00:28, 127.06it/s]
Batches:  60%|██████    | 5350/8915 [00:39<00:28, 125.18it/s]
Batches:  60%|██████    | 5363/8915 [00:39<00:28, 124.19it/s]
Batches:  60%|██████    | 5376/8915 [00:39<00:28, 125.47it/s]
Batches:  60%|██████    | 5389/8915 [00:39<00:27, 126.24it/s]
Batches:  61%|██████    | 5402/8915 [00:39<00:27, 126.53it/s]
Batches:  61%|██████    | 5415/8915 [00:39<00:29, 119.89it/s]
Batches:  61%|██████    | 5428/8915 [00:39<00:28, 120.29it/s]
Batches:  61%|██████    | 5441/8915 [00:39<00:28, 121.70it/s]
Batches:  61%|██████    | 5455/8915 [00:39<00:27, 124.23it/s]
Batches:  61%|██████▏   | 5468/8915 [00:40<00:28, 121.72it/s]
Batches:  61%|██████▏   | 5481/8915 [00:40<00:28, 119.22it/s]
Batches:  62%|██████▏   | 5495/8915 [00:40<00:27, 123.38it/s]
Batches:  62%|██████▏   | 5509/8915 [00:40<00:27, 124.80it/s]
Batches:  62%|██████▏   | 5522/8915 [00:40<00:27, 125.31it/s]
Batches:  62%|██████▏   | 5535/8915 [00:40<00:27, 124.23it/s]
Batches:  62%|██████▏   | 5548/8915 [00:40<00:28, 120.13it/s]
Batches:  62%|██████▏   | 5562/8915 [00:40<00:27, 122.94it/s]
Batches:  63%|██████▎   | 5575/8915 [00:40<00:27, 120.72it/s]
Batches:  63%|██████▎   | 5588/8915 [00:41<00:27, 121.93it/s]
Batches:  63%|██████▎   | 5601/8915 [00:41<00:27, 120.86it/s]
Batches:  63%|██████▎   | 5614/8915 [00:41<00:27, 119.41it/s]
Batches:  63%|██████▎   | 5626/8915 [00:41<00:27, 117.48it/s]
Batches:  63%|██████▎   | 5638/8915 [00:41<00:27, 117.35it/s]
Batches:  63%|██████▎   | 5650/8915 [00:41<00:28, 114.75it/s]
Batches:  64%|██████▎   | 5664/8915 [00:41<00:27, 120.08it/s]
Batches:  64%|██████▎   | 5677/8915 [00:41<00:26, 122.16it/s]
Batches:  64%|██████▍   | 5691/8915 [00:41<00:25, 124.73it/s]
Batches:  64%|██████▍   | 5705/8915 [00:42<00:24, 128.92it/s]
Batches:  64%|██████▍   | 5718/8915 [00:42<00:24, 128.47it/s]
Batches:  64%|██████▍   | 5732/8915 [00:42<00:24, 130.47it/s]
Batches:  64%|██████▍   | 5746/8915 [00:42<00:24, 130.84it/s]
Batches:  65%|██████▍   | 5760/8915 [00:42<00:24, 131.34it/s]
Batches:  65%|██████▍   | 5775/8915 [00:42<00:23, 134.60it/s]
Batches:  65%|██████▍   | 5789/8915 [00:42<00:23, 135.23it/s]
Batches:  65%|██████▌   | 5804/8915 [00:42<00:22, 138.46it/s]
Batches:  65%|██████▌   | 5818/8915 [00:42<00:22, 137.10it/s]
Batches:  65%|██████▌   | 5832/8915 [00:42<00:22, 137.32it/s]
Batches:  66%|██████▌   | 5846/8915 [00:43<00:22, 137.75it/s]
Batches:  66%|██████▌   | 5860/8915 [00:43<00:22, 137.69it/s]
Batches:  66%|██████▌   | 5874/8915 [00:43<00:22, 137.65it/s]
Batches:  66%|██████▌   | 5889/8915 [00:43<00:21, 139.40it/s]
Batches:  66%|██████▌   | 5903/8915 [00:43<00:21, 137.62it/s]
Batches:  66%|██████▋   | 5917/8915 [00:43<00:22, 135.11it/s]
Batches:  67%|██████▋   | 5931/8915 [00:43<00:22, 132.19it/s]
Batches:  67%|██████▋   | 5945/8915 [00:43<00:23, 128.54it/s]
Batches:  67%|██████▋   | 5958/8915 [00:43<00:23, 124.74it/s]
Batches:  67%|██████▋   | 5971/8915 [00:44<00:23, 126.18it/s]
Batches:  67%|██████▋   | 5984/8915 [00:44<00:23, 126.36it/s]
Batches:  67%|██████▋   | 5997/8915 [00:44<00:23, 125.55it/s]
Batches:  67%|██████▋   | 6010/8915 [00:44<00:24, 118.45it/s]
Batches:  68%|██████▊   | 6024/8915 [00:44<00:23, 121.75it/s]
Batches:  68%|██████▊   | 6037/8915 [00:44<00:24, 119.56it/s]
Batches:  68%|██████▊   | 6050/8915 [00:44<00:24, 117.17it/s]
Batches:  68%|██████▊   | 6062/8915 [00:44<00:24, 117.39it/s]
Batches:  68%|██████▊   | 6075/8915 [00:44<00:24, 116.18it/s]
Batches:  68%|██████▊   | 6087/8915 [00:45<00:24, 116.47it/s]
Batches:  68%|██████▊   | 6100/8915 [00:45<00:23, 119.01it/s]
Batches:  69%|██████▊   | 6114/8915 [00:45<00:22, 123.67it/s]
Batches:  69%|██████▊   | 6128/8915 [00:45<00:21, 126.92it/s]
Batches:  69%|██████▉   | 6142/8915 [00:45<00:21, 128.16it/s]
Batches:  69%|██████▉   | 6155/8915 [00:45<00:21, 127.02it/s]
Batches:  69%|██████▉   | 6168/8915 [00:45<00:22, 124.08it/s]
Batches:  69%|██████▉   | 6182/8915 [00:45<00:21, 126.35it/s]
Batches:  70%|██████▉   | 6196/8915 [00:45<00:20, 130.18it/s]
Batches:  70%|██████▉   | 6210/8915 [00:45<00:20, 132.35it/s]
Batches:  70%|██████▉   | 6225/8915 [00:46<00:19, 136.20it/s]
Batches:  70%|██████▉   | 6240/8915 [00:46<00:19, 138.58it/s]
Batches:  70%|███████   | 6255/8915 [00:46<00:18, 141.28it/s]
Batches:  70%|███████   | 6270/8915 [00:46<00:19, 139.01it/s]
Batches:  70%|███████   | 6284/8915 [00:46<00:19, 138.21it/s]
Batches:  71%|███████   | 6299/8915 [00:46<00:18, 138.98it/s]
Batches:  71%|███████   | 6313/8915 [00:46<00:18, 138.32it/s]
Batches:  71%|███████   | 6327/8915 [00:46<00:18, 136.74it/s]
Batches:  71%|███████   | 6341/8915 [00:46<00:19, 134.55it/s]
Batches:  71%|███████▏  | 6355/8915 [00:46<00:19, 134.36it/s]
Batches:  71%|███████▏  | 6370/8915 [00:47<00:18, 137.52it/s]
Batches:  72%|███████▏  | 6385/8915 [00:47<00:18, 139.33it/s]
Batches:  72%|███████▏  | 6399/8915 [00:47<00:18, 137.76it/s]
Batches:  72%|███████▏  | 6413/8915 [00:47<00:19, 131.14it/s]
Batches:  72%|███████▏  | 6427/8915 [00:47<00:19, 129.47it/s]
Batches:  72%|███████▏  | 6440/8915 [00:47<00:19, 129.49it/s]
Batches:  72%|███████▏  | 6454/8915 [00:47<00:18, 130.19it/s]
Batches:  73%|███████▎  | 6469/8915 [00:47<00:18, 133.56it/s]
Batches:  73%|███████▎  | 6484/8915 [00:47<00:17, 137.93it/s]
Batches:  73%|███████▎  | 6498/8915 [00:48<00:17, 138.48it/s]
Batches:  73%|███████▎  | 6513/8915 [00:48<00:17, 140.41it/s]
Batches:  73%|███████▎  | 6528/8915 [00:48<00:17, 138.39it/s]
Batches:  73%|███████▎  | 6542/8915 [00:48<00:17, 136.99it/s]
Batches:  74%|███████▎  | 6556/8915 [00:48<00:17, 136.04it/s]
Batches:  74%|███████▎  | 6570/8915 [00:48<00:17, 135.76it/s]
Batches:  74%|███████▍  | 6584/8915 [00:48<00:17, 133.41it/s]
Batches:  74%|███████▍  | 6598/8915 [00:48<00:17, 134.76it/s]
Batches:  74%|███████▍  | 6613/8915 [00:48<00:16, 136.42it/s]
Batches:  74%|███████▍  | 6627/8915 [00:49<00:16, 135.70it/s]
Batches:  74%|███████▍  | 6641/8915 [00:49<00:16, 135.59it/s]
Batches:  75%|███████▍  | 6656/8915 [00:49<00:16, 138.79it/s]
Batches:  75%|███████▍  | 6671/8915 [00:49<00:15, 140.37it/s]
Batches:  75%|███████▍  | 6686/8915 [00:49<00:15, 140.48it/s]
Batches:  75%|███████▌  | 6701/8915 [00:49<00:15, 141.75it/s]
Batches:  75%|███████▌  | 6716/8915 [00:49<00:15, 141.35it/s]
Batches:  76%|███████▌  | 6731/8915 [00:49<00:15, 138.49it/s]
Batches:  76%|███████▌  | 6745/8915 [00:49<00:15, 138.66it/s]
Batches:  76%|███████▌  | 6759/8915 [00:49<00:15, 138.04it/s]
Batches:  76%|███████▌  | 6774/8915 [00:50<00:15, 138.82it/s]
Batches:  76%|███████▌  | 6788/8915 [00:50<00:15, 138.72it/s]
Batches:  76%|███████▋  | 6803/8915 [00:50<00:15, 138.82it/s]
Batches:  76%|███████▋  | 6817/8915 [00:50<00:15, 137.89it/s]
Batches:  77%|███████▋  | 6831/8915 [00:50<00:15, 137.74it/s]
Batches:  77%|███████▋  | 6845/8915 [00:50<00:15, 137.91it/s]
Batches:  77%|███████▋  | 6859/8915 [00:50<00:15, 136.15it/s]
Batches:  77%|███████▋  | 6874/8915 [00:50<00:14, 137.49it/s]
Batches:  77%|███████▋  | 6888/8915 [00:50<00:14, 135.95it/s]
Batches:  77%|███████▋  | 6902/8915 [00:50<00:14, 136.09it/s]
Batches:  78%|███████▊  | 6916/8915 [00:51<00:14, 134.38it/s]
Batches:  78%|███████▊  | 6931/8915 [00:51<00:14, 135.75it/s]
Batches:  78%|███████▊  | 6946/8915 [00:51<00:14, 137.40it/s]
Batches:  78%|███████▊  | 6961/8915 [00:51<00:13, 139.67it/s]
Batches:  78%|███████▊  | 6976/8915 [00:51<00:13, 140.48it/s]
Batches:  78%|███████▊  | 6991/8915 [00:51<00:13, 141.96it/s]
Batches:  79%|███████▊  | 7006/8915 [00:51<00:13, 142.10it/s]
Batches:  79%|███████▉  | 7021/8915 [00:51<00:13, 142.65it/s]
Batches:  79%|███████▉  | 7036/8915 [00:51<00:13, 142.56it/s]
Batches:  79%|███████▉  | 7051/8915 [00:52<00:13, 142.77it/s]
Batches:  79%|███████▉  | 7066/8915 [00:52<00:12, 143.33it/s]
Batches:  79%|███████▉  | 7081/8915 [00:52<00:12, 143.03it/s]
Batches:  80%|███████▉  | 7096/8915 [00:52<00:12, 143.33it/s]
Batches:  80%|███████▉  | 7111/8915 [00:52<00:12, 141.86it/s]
Batches:  80%|███████▉  | 7126/8915 [00:52<00:12, 140.26it/s]
Batches:  80%|████████  | 7141/8915 [00:52<00:12, 140.70it/s]
Batches:  80%|████████  | 7156/8915 [00:52<00:12, 139.80it/s]
Batches:  80%|████████  | 7171/8915 [00:52<00:12, 140.64it/s]
Batches:  81%|████████  | 7186/8915 [00:53<00:12, 141.06it/s]
Batches:  81%|████████  | 7201/8915 [00:53<00:12, 140.65it/s]
Batches:  81%|████████  | 7216/8915 [00:53<00:12, 141.26it/s]
Batches:  81%|████████  | 7231/8915 [00:53<00:12, 139.31it/s]
Batches:  81%|████████▏ | 7245/8915 [00:53<00:12, 138.54it/s]
Batches:  81%|████████▏ | 7259/8915 [00:53<00:11, 138.74it/s]
Batches:  82%|████████▏ | 7274/8915 [00:53<00:11, 141.03it/s]
Batches:  82%|████████▏ | 7289/8915 [00:53<00:11, 140.80it/s]
Batches:  82%|████████▏ | 7304/8915 [00:53<00:11, 142.66it/s]
Batches:  82%|████████▏ | 7319/8915 [00:53<00:11, 142.06it/s]
Batches:  82%|████████▏ | 7334/8915 [00:54<00:11, 141.87it/s]
Batches:  82%|████████▏ | 7349/8915 [00:54<00:10, 143.38it/s]
Batches:  83%|████████▎ | 7364/8915 [00:54<00:10, 141.82it/s]
Batches:  83%|████████▎ | 7379/8915 [00:54<00:10, 139.73it/s]
Batches:  83%|████████▎ | 7393/8915 [00:54<00:10, 138.97it/s]
Batches:  83%|████████▎ | 7407/8915 [00:54<00:10, 138.46it/s]
Batches:  83%|████████▎ | 7421/8915 [00:54<00:10, 137.79it/s]
Batches:  83%|████████▎ | 7435/8915 [00:54<00:10, 136.65it/s]
Batches:  84%|████████▎ | 7450/8915 [00:54<00:10, 138.17it/s]
Batches:  84%|████████▎ | 7465/8915 [00:54<00:10, 139.63it/s]
Batches:  84%|████████▍ | 7479/8915 [00:55<00:10, 139.29it/s]
Batches:  84%|████████▍ | 7493/8915 [00:55<00:10, 138.27it/s]
Batches:  84%|████████▍ | 7507/8915 [00:55<00:10, 137.02it/s]
Batches:  84%|████████▍ | 7521/8915 [00:55<00:10, 137.57it/s]
Batches:  85%|████████▍ | 7535/8915 [00:55<00:10, 137.34it/s]
Batches:  85%|████████▍ | 7549/8915 [00:55<00:09, 137.69it/s]
Batches:  85%|████████▍ | 7563/8915 [00:55<00:09, 136.46it/s]
Batches:  85%|████████▌ | 7578/8915 [00:55<00:09, 137.37it/s]
Batches:  85%|████████▌ | 7592/8915 [00:55<00:09, 137.28it/s]
Batches:  85%|████████▌ | 7606/8915 [00:56<00:09, 136.63it/s]
Batches:  85%|████████▌ | 7620/8915 [00:56<00:09, 135.59it/s]
Batches:  86%|████████▌ | 7634/8915 [00:56<00:09, 135.03it/s]
Batches:  86%|████████▌ | 7648/8915 [00:56<00:09, 134.63it/s]
Batches:  86%|████████▌ | 7662/8915 [00:56<00:09, 135.73it/s]
Batches:  86%|████████▌ | 7676/8915 [00:56<00:09, 135.35it/s]
Batches:  86%|████████▋ | 7690/8915 [00:56<00:09, 134.52it/s]
Batches:  86%|████████▋ | 7705/8915 [00:56<00:08, 136.98it/s]
Batches:  87%|████████▋ | 7719/8915 [00:56<00:08, 137.49it/s]
Batches:  87%|████████▋ | 7733/8915 [00:56<00:08, 136.89it/s]
Batches:  87%|████████▋ | 7747/8915 [00:57<00:08, 136.18it/s]
Batches:  87%|████████▋ | 7761/8915 [00:57<00:08, 135.36it/s]
Batches:  87%|████████▋ | 7775/8915 [00:57<00:08, 134.58it/s]
Batches:  87%|████████▋ | 7789/8915 [00:57<00:08, 133.54it/s]
Batches:  88%|████████▊ | 7803/8915 [00:57<00:08, 133.41it/s]
Batches:  88%|████████▊ | 7817/8915 [00:57<00:08, 132.86it/s]
Batches:  88%|████████▊ | 7831/8915 [00:57<00:08, 132.01it/s]
Batches:  88%|████████▊ | 7845/8915 [00:57<00:08, 130.81it/s]
Batches:  88%|████████▊ | 7859/8915 [00:57<00:07, 132.24it/s]
Batches:  88%|████████▊ | 7873/8915 [00:58<00:07, 132.86it/s]
Batches:  88%|████████▊ | 7888/8915 [00:58<00:07, 135.43it/s]
Batches:  89%|████████▊ | 7902/8915 [00:58<00:07, 134.25it/s]
Batches:  89%|████████▉ | 7916/8915 [00:58<00:07, 135.19it/s]
Batches:  89%|████████▉ | 7930/8915 [00:58<00:07, 135.89it/s]
Batches:  89%|████████▉ | 7944/8915 [00:58<00:07, 136.07it/s]
Batches:  89%|████████▉ | 7958/8915 [00:58<00:07, 135.75it/s]
Batches:  89%|████████▉ | 7972/8915 [00:58<00:06, 135.13it/s]
Batches:  90%|████████▉ | 7986/8915 [00:58<00:06, 134.60it/s]
Batches:  90%|████████▉ | 8000/8915 [00:58<00:06, 132.53it/s]
Batches:  90%|████████▉ | 8014/8915 [00:59<00:06, 131.78it/s]
Batches:  90%|█████████ | 8028/8915 [00:59<00:06, 132.20it/s]
Batches:  90%|█████████ | 8042/8915 [00:59<00:06, 130.35it/s]
Batches:  90%|█████████ | 8056/8915 [00:59<00:06, 130.30it/s]
Batches:  91%|█████████ | 8070/8915 [00:59<00:06, 127.62it/s]
Batches:  91%|█████████ | 8083/8915 [00:59<00:06, 126.83it/s]
Batches:  91%|█████████ | 8096/8915 [00:59<00:06, 126.41it/s]
Batches:  91%|█████████ | 8109/8915 [00:59<00:06, 126.51it/s]
Batches:  91%|█████████ | 8122/8915 [00:59<00:06, 125.76it/s]
Batches:  91%|█████████▏| 8135/8915 [01:00<00:06, 125.43it/s]
Batches:  91%|█████████▏| 8148/8915 [01:00<00:06, 126.04it/s]
Batches:  92%|█████████▏| 8161/8915 [01:00<00:06, 124.02it/s]
Batches:  92%|█████████▏| 8174/8915 [01:00<00:05, 124.05it/s]
Batches:  92%|█████████▏| 8187/8915 [01:00<00:05, 124.18it/s]
Batches:  92%|█████████▏| 8200/8915 [01:00<00:05, 123.59it/s]
Batches:  92%|█████████▏| 8213/8915 [01:00<00:05, 122.71it/s]
Batches:  92%|█████████▏| 8226/8915 [01:00<00:05, 123.29it/s]
Batches:  92%|█████████▏| 8239/8915 [01:00<00:05, 122.93it/s]
Batches:  93%|█████████▎| 8252/8915 [01:00<00:05, 123.39it/s]
Batches:  93%|█████████▎| 8265/8915 [01:01<00:05, 123.74it/s]
Batches:  93%|█████████▎| 8278/8915 [01:01<00:05, 122.55it/s]
Batches:  93%|█████████▎| 8291/8915 [01:01<00:05, 120.68it/s]
Batches:  93%|█████████▎| 8304/8915 [01:01<00:05, 120.06it/s]
Batches:  93%|█████████▎| 8317/8915 [01:01<00:05, 118.84it/s]
Batches:  93%|█████████▎| 8329/8915 [01:01<00:04, 118.16it/s]
Batches:  94%|█████████▎| 8341/8915 [01:01<00:04, 117.94it/s]
Batches:  94%|█████████▎| 8353/8915 [01:01<00:04, 117.80it/s]
Batches:  94%|█████████▍| 8366/8915 [01:01<00:04, 118.84it/s]
Batches:  94%|█████████▍| 8379/8915 [01:02<00:04, 120.68it/s]
Batches:  94%|█████████▍| 8392/8915 [01:02<00:04, 120.35it/s]
Batches:  94%|█████████▍| 8405/8915 [01:02<00:04, 119.40it/s]
Batches:  94%|█████████▍| 8417/8915 [01:02<00:04, 117.64it/s]
Batches:  95%|█████████▍| 8430/8915 [01:02<00:04, 118.79it/s]
Batches:  95%|█████████▍| 8443/8915 [01:02<00:03, 119.21it/s]
Batches:  95%|█████████▍| 8455/8915 [01:02<00:03, 119.06it/s]
Batches:  95%|█████████▍| 8468/8915 [01:02<00:03, 121.37it/s]
Batches:  95%|█████████▌| 8481/8915 [01:02<00:03, 120.20it/s]
Batches:  95%|█████████▌| 8494/8915 [01:03<00:03, 120.78it/s]
Batches:  95%|█████████▌| 8507/8915 [01:03<00:03, 119.75it/s]
Batches:  96%|█████████▌| 8520/8915 [01:03<00:03, 121.59it/s]
Batches:  96%|█████████▌| 8533/8915 [01:03<00:03, 122.20it/s]
Batches:  96%|█████████▌| 8546/8915 [01:03<00:02, 123.09it/s]
Batches:  96%|█████████▌| 8559/8915 [01:03<00:02, 124.45it/s]
Batches:  96%|█████████▌| 8572/8915 [01:03<00:02, 125.63it/s]
Batches:  96%|█████████▋| 8585/8915 [01:03<00:02, 124.89it/s]
Batches:  96%|█████████▋| 8598/8915 [01:03<00:02, 123.88it/s]
Batches:  97%|█████████▋| 8611/8915 [01:03<00:02, 123.04it/s]
Batches:  97%|█████████▋| 8624/8915 [01:04<00:02, 123.36it/s]
Batches:  97%|█████████▋| 8637/8915 [01:04<00:02, 122.95it/s]
Batches:  97%|█████████▋| 8650/8915 [01:04<00:02, 123.72it/s]
Batches:  97%|█████████▋| 8663/8915 [01:04<00:02, 124.34it/s]
Batches:  97%|█████████▋| 8676/8915 [01:04<00:01, 125.29it/s]
Batches:  97%|█████████▋| 8690/8915 [01:04<00:01, 128.15it/s]
Batches:  98%|█████████▊| 8703/8915 [01:04<00:01, 128.13it/s]
Batches:  98%|█████████▊| 8716/8915 [01:04<00:01, 127.18it/s]
Batches:  98%|█████████▊| 8730/8915 [01:04<00:01, 128.56it/s]
Batches:  98%|█████████▊| 8744/8915 [01:04<00:01, 130.13it/s]
Batches:  98%|█████████▊| 8758/8915 [01:05<00:01, 131.79it/s]
Batches:  98%|█████████▊| 8772/8915 [01:05<00:01, 131.87it/s]
Batches:  99%|█████████▊| 8786/8915 [01:05<00:00, 132.21it/s]
Batches:  99%|█████████▊| 8800/8915 [01:05<00:00, 134.35it/s]
Batches:  99%|█████████▉| 8815/8915 [01:05<00:00, 136.32it/s]
Batches:  99%|█████████▉| 8829/8915 [01:05<00:00, 135.50it/s]
Batches:  99%|█████████▉| 8843/8915 [01:05<00:00, 133.86it/s]
Batches:  99%|█████████▉| 8857/8915 [01:05<00:00, 133.40it/s]
2026-04-05 11:19:32,539 INFO Pre-encoding 81502 metaqa [val] query-GT pairs...
Batches:   1%|          | 26/2547 [00:00<00:19, 126.81it/s]
Batches:   2%|▏         | 40/2547 [00:00<00:19, 129.49it/s]
Batches:   2%|▏         | 55/2547 [00:00<00:18, 133.41it/s]
Batches:   3%|▎         | 69/2547 [00:00<00:18, 132.69it/s]
Batches:   3%|▎         | 83/2547 [00:00<00:18, 131.12it/s]
Batches:   4%|▍         | 97/2547 [00:00<00:18, 132.68it/s]
Batches:   4%|▍         | 111/2547 [00:00<00:18, 133.80it/s]
Batches:   5%|▍         | 125/2547 [00:00<00:18, 134.32it/s]
Batches:   5%|▌         | 139/2547 [00:01<00:18, 133.62it/s]
Batches:   6%|▌         | 153/2547 [00:01<00:18, 132.59it/s]
Batches:   7%|▋         | 167/2547 [00:01<00:18, 131.92it/s]
Batches:   7%|▋         | 181/2547 [00:01<00:17, 132.95it/s]
Batches:   8%|▊         | 195/2547 [00:01<00:17, 132.41it/s]
Batches:   8%|▊         | 209/2547 [00:01<00:17, 132.00it/s]
Batches:   9%|▉         | 223/2547 [00:01<00:17, 133.42it/s]
Batches:   9%|▉         | 237/2547 [00:01<00:17, 132.69it/s]
Batches:  10%|▉         | 251/2547 [00:01<00:17, 130.99it/s]
Batches:  10%|█         | 265/2547 [00:02<00:17, 132.51it/s]
Batches:  11%|█         | 279/2547 [00:02<00:17, 132.92it/s]
Batches:  12%|█▏        | 293/2547 [00:02<00:16, 133.09it/s]
Batches:  12%|█▏        | 307/2547 [00:02<00:16, 132.36it/s]
Batches:  13%|█▎        | 322/2547 [00:02<00:16, 135.90it/s]
Batches:  13%|█▎        | 336/2547 [00:02<00:16, 135.93it/s]
Batches:  14%|█▎        | 350/2547 [00:02<00:16, 135.86it/s]
Batches:  14%|█▍        | 364/2547 [00:02<00:15, 136.51it/s]
Batches:  15%|█▍        | 379/2547 [00:02<00:15, 138.83it/s]
Batches:  15%|█▌        | 393/2547 [00:02<00:15, 138.67it/s]
Batches:  16%|█▌        | 407/2547 [00:03<00:15, 137.34it/s]
Batches:  17%|█▋        | 421/2547 [00:03<00:15, 137.37it/s]
Batches:  17%|█▋        | 435/2547 [00:03<00:15, 137.23it/s]
Batches:  18%|█▊        | 449/2547 [00:03<00:15, 136.16it/s]
Batches:  18%|█▊        | 463/2547 [00:03<00:15, 136.85it/s]
Batches:  19%|█▊        | 477/2547 [00:03<00:15, 135.67it/s]
Batches:  19%|█▉        | 491/2547 [00:03<00:15, 134.63it/s]
Batches:  20%|█▉        | 505/2547 [00:03<00:15, 134.45it/s]
Batches:  20%|██        | 519/2547 [00:03<00:15, 133.22it/s]
Batches:  21%|██        | 533/2547 [00:03<00:15, 132.79it/s]
Batches:  21%|██▏       | 547/2547 [00:04<00:14, 133.74it/s]
Batches:  22%|██▏       | 561/2547 [00:04<00:14, 132.50it/s]
Batches:  23%|██▎       | 575/2547 [00:04<00:14, 132.29it/s]
Batches:  23%|██▎       | 589/2547 [00:04<00:14, 131.07it/s]
Batches:  24%|██▎       | 603/2547 [00:04<00:14, 131.07it/s]
Batches:  24%|██▍       | 617/2547 [00:04<00:14, 132.28it/s]
Batches:  25%|██▍       | 631/2547 [00:04<00:14, 134.01it/s]
Batches:  25%|██▌       | 645/2547 [00:04<00:14, 134.75it/s]
Batches:  26%|██▌       | 659/2547 [00:04<00:13, 136.25it/s]
Batches:  26%|██▋       | 673/2547 [00:05<00:13, 135.86it/s]
Batches:  27%|██▋       | 687/2547 [00:05<00:13, 135.90it/s]
Batches:  28%|██▊       | 701/2547 [00:05<00:13, 134.69it/s]
Batches:  28%|██▊       | 715/2547 [00:05<00:13, 133.37it/s]
Batches:  29%|██▊       | 729/2547 [00:05<00:13, 133.22it/s]
Batches:  29%|██▉       | 743/2547 [00:05<00:13, 133.26it/s]
Batches:  30%|██▉       | 757/2547 [00:05<00:13, 131.91it/s]
Batches:  30%|███       | 771/2547 [00:05<00:13, 133.12it/s]
Batches:  31%|███       | 785/2547 [00:05<00:13, 135.01it/s]
Batches:  31%|███▏      | 799/2547 [00:05<00:12, 135.78it/s]
Batches:  32%|███▏      | 813/2547 [00:06<00:12, 135.49it/s]
Batches:  32%|███▏      | 827/2547 [00:06<00:12, 135.09it/s]
Batches:  33%|███▎      | 841/2547 [00:06<00:12, 134.31it/s]
Batches:  34%|███▎      | 855/2547 [00:06<00:12, 135.33it/s]
Batches:  34%|███▍      | 869/2547 [00:06<00:12, 134.71it/s]
Batches:  35%|███▍      | 883/2547 [00:06<00:12, 134.16it/s]
Batches:  35%|███▌      | 898/2547 [00:06<00:12, 137.20it/s]
Batches:  36%|███▌      | 912/2547 [00:06<00:12, 136.01it/s]
Batches:  36%|███▋      | 926/2547 [00:06<00:12, 134.63it/s]
Batches:  37%|███▋      | 940/2547 [00:07<00:12, 132.95it/s]
Batches:  37%|███▋      | 954/2547 [00:07<00:12, 131.51it/s]
Batches:  38%|███▊      | 968/2547 [00:07<00:12, 130.00it/s]
Batches:  39%|███▊      | 982/2547 [00:07<00:12, 129.77it/s]
Batches:  39%|███▉      | 996/2547 [00:07<00:11, 130.35it/s]
Batches:  40%|███▉      | 1010/2547 [00:07<00:12, 126.65it/s]
Batches:  40%|████      | 1023/2547 [00:07<00:12, 126.46it/s]
Batches:  41%|████      | 1037/2547 [00:07<00:11, 128.10it/s]
Batches:  41%|████      | 1050/2547 [00:07<00:11, 127.17it/s]
Batches:  42%|████▏     | 1063/2547 [00:07<00:11, 127.17it/s]
Batches:  42%|████▏     | 1077/2547 [00:08<00:11, 128.24it/s]
Batches:  43%|████▎     | 1091/2547 [00:08<00:11, 128.86it/s]
Batches:  43%|████▎     | 1105/2547 [00:08<00:11, 129.45it/s]
Batches:  44%|████▍     | 1119/2547 [00:08<00:10, 130.03it/s]
Batches:  44%|████▍     | 1133/2547 [00:08<00:10, 132.41it/s]
Batches:  45%|████▌     | 1147/2547 [00:08<00:10, 131.98it/s]
Batches:  46%|████▌     | 1161/2547 [00:08<00:10, 132.35it/s]
Batches:  46%|████▌     | 1175/2547 [00:08<00:10, 132.62it/s]
Batches:  47%|████▋     | 1189/2547 [00:08<00:10, 131.25it/s]
Batches:  47%|████▋     | 1203/2547 [00:09<00:10, 131.81it/s]
Batches:  48%|████▊     | 1217/2547 [00:09<00:10, 131.95it/s]
Batches:  48%|████▊     | 1231/2547 [00:09<00:09, 133.12it/s]
Batches:  49%|████▉     | 1245/2547 [00:09<00:09, 133.96it/s]
Batches:  49%|████▉     | 1259/2547 [00:09<00:09, 133.94it/s]
Batches:  50%|████▉     | 1273/2547 [00:09<00:09, 133.06it/s]
Batches:  51%|█████     | 1287/2547 [00:09<00:09, 131.96it/s]
Batches:  51%|█████     | 1301/2547 [00:09<00:09, 131.56it/s]
Batches:  52%|█████▏    | 1315/2547 [00:09<00:09, 131.84it/s]
Batches:  52%|█████▏    | 1329/2547 [00:10<00:09, 129.88it/s]
Batches:  53%|█████▎    | 1342/2547 [00:10<00:09, 128.83it/s]
Batches:  53%|█████▎    | 1355/2547 [00:10<00:09, 127.39it/s]
Batches:  54%|█████▎    | 1368/2547 [00:10<00:09, 127.11it/s]
Batches:  54%|█████▍    | 1382/2547 [00:10<00:09, 128.40it/s]
Batches:  55%|█████▍    | 1395/2547 [00:10<00:08, 128.18it/s]
Batches:  55%|█████▌    | 1408/2547 [00:10<00:08, 128.68it/s]
Batches:  56%|█████▌    | 1421/2547 [00:10<00:08, 128.21it/s]
Batches:  56%|█████▋    | 1434/2547 [00:10<00:08, 128.12it/s]
Batches:  57%|█████▋    | 1448/2547 [00:10<00:08, 131.38it/s]
Batches:  57%|█████▋    | 1462/2547 [00:11<00:08, 131.96it/s]
Batches:  58%|█████▊    | 1476/2547 [00:11<00:08, 133.43it/s]
Batches:  59%|█████▊    | 1491/2547 [00:11<00:07, 137.45it/s]
Batches:  59%|█████▉    | 1505/2547 [00:11<00:07, 137.55it/s]
Batches:  60%|█████▉    | 1519/2547 [00:11<00:07, 137.77it/s]
Batches:  60%|██████    | 1533/2547 [00:11<00:07, 135.06it/s]
Batches:  61%|██████    | 1547/2547 [00:11<00:07, 134.45it/s]
Batches:  61%|██████▏   | 1561/2547 [00:11<00:07, 135.99it/s]
Batches:  62%|██████▏   | 1575/2547 [00:11<00:07, 134.85it/s]
Batches:  62%|██████▏   | 1589/2547 [00:11<00:07, 135.76it/s]
Batches:  63%|██████▎   | 1603/2547 [00:12<00:06, 136.84it/s]
Batches:  63%|██████▎   | 1617/2547 [00:12<00:06, 137.06it/s]
Batches:  64%|██████▍   | 1631/2547 [00:12<00:06, 137.13it/s]
Batches:  65%|██████▍   | 1646/2547 [00:12<00:06, 138.65it/s]
Batches:  65%|██████▌   | 1661/2547 [00:12<00:06, 139.08it/s]
Batches:  66%|██████▌   | 1676/2547 [00:12<00:06, 140.11it/s]
Batches:  66%|██████▋   | 1691/2547 [00:12<00:06, 140.39it/s]
Batches:  67%|██████▋   | 1706/2547 [00:12<00:05, 140.60it/s]
Batches:  68%|██████▊   | 1721/2547 [00:12<00:05, 138.99it/s]
Batches:  68%|██████▊   | 1735/2547 [00:13<00:05, 138.29it/s]
Batches:  69%|██████▊   | 1749/2547 [00:13<00:05, 137.14it/s]
Batches:  69%|██████▉   | 1763/2547 [00:13<00:05, 136.72it/s]
Batches:  70%|██████▉   | 1778/2547 [00:13<00:05, 139.86it/s]
Batches:  70%|███████   | 1793/2547 [00:13<00:05, 140.52it/s]
Batches:  71%|███████   | 1808/2547 [00:13<00:05, 142.99it/s]
Batches:  72%|███████▏  | 1823/2547 [00:13<00:05, 142.84it/s]
Batches:  72%|███████▏  | 1838/2547 [00:13<00:05, 140.27it/s]
Batches:  73%|███████▎  | 1853/2547 [00:13<00:04, 140.55it/s]
Batches:  73%|███████▎  | 1868/2547 [00:13<00:04, 139.52it/s]
Batches:  74%|███████▍  | 1883/2547 [00:14<00:04, 140.23it/s]
Batches:  75%|███████▍  | 1898/2547 [00:14<00:04, 140.75it/s]
Batches:  75%|███████▌  | 1913/2547 [00:14<00:04, 143.17it/s]
Batches:  76%|███████▌  | 1928/2547 [00:14<00:04, 143.43it/s]
Batches:  76%|███████▋  | 1944/2547 [00:14<00:04, 145.55it/s]
Batches:  77%|███████▋  | 1959/2547 [00:14<00:04, 144.86it/s]
Batches:  78%|███████▊  | 1974/2547 [00:14<00:04, 140.85it/s]
Batches:  78%|███████▊  | 1989/2547 [00:14<00:04, 139.03it/s]
Batches:  79%|███████▊  | 2003/2547 [00:14<00:03, 138.90it/s]
Batches:  79%|███████▉  | 2017/2547 [00:15<00:03, 137.49it/s]
Batches:  80%|███████▉  | 2031/2547 [00:15<00:03, 136.76it/s]
Batches:  80%|████████  | 2045/2547 [00:15<00:03, 136.73it/s]
Batches:  81%|████████  | 2059/2547 [00:15<00:03, 135.88it/s]
Batches:  81%|████████▏ | 2073/2547 [00:15<00:03, 135.24it/s]
Batches:  82%|████████▏ | 2087/2547 [00:15<00:03, 133.87it/s]
Batches:  82%|████████▏ | 2101/2547 [00:15<00:03, 134.00it/s]
Batches:  83%|████████▎ | 2115/2547 [00:15<00:03, 135.52it/s]
Batches:  84%|████████▎ | 2130/2547 [00:15<00:03, 137.70it/s]
Batches:  84%|████████▍ | 2144/2547 [00:15<00:02, 138.25it/s]
Batches:  85%|████████▍ | 2159/2547 [00:16<00:02, 140.46it/s]
Batches:  85%|████████▌ | 2174/2547 [00:16<00:02, 141.99it/s]
Batches:  86%|████████▌ | 2189/2547 [00:16<00:02, 140.53it/s]
Batches:  87%|████████▋ | 2204/2547 [00:16<00:02, 141.36it/s]
Batches:  87%|████████▋ | 2219/2547 [00:16<00:02, 140.54it/s]
Batches:  88%|████████▊ | 2234/2547 [00:16<00:02, 139.04it/s]
Batches:  88%|████████▊ | 2248/2547 [00:16<00:02, 138.36it/s]
Batches:  89%|████████▉ | 2262/2547 [00:16<00:02, 137.31it/s]
Batches:  89%|████████▉ | 2276/2547 [00:16<00:01, 136.21it/s]
Batches:  90%|████████▉ | 2291/2547 [00:17<00:01, 137.15it/s]
Batches:  90%|█████████ | 2305/2547 [00:17<00:01, 137.43it/s]
Batches:  91%|█████████ | 2319/2547 [00:17<00:01, 137.56it/s]
Batches:  92%|█████████▏| 2334/2547 [00:17<00:01, 138.76it/s]
Batches:  92%|█████████▏| 2348/2547 [00:17<00:01, 138.41it/s]
Batches:  93%|█████████▎| 2362/2547 [00:17<00:01, 137.41it/s]
Batches:  93%|█████████▎| 2376/2547 [00:17<00:01, 134.91it/s]
Batches:  94%|█████████▍| 2390/2547 [00:17<00:01, 134.61it/s]
Batches:  94%|█████████▍| 2404/2547 [00:17<00:01, 134.72it/s]
Batches:  95%|█████████▍| 2418/2547 [00:17<00:00, 133.26it/s]
Batches:  95%|█████████▌| 2432/2547 [00:18<00:00, 134.64it/s]
Batches:  96%|█████████▌| 2446/2547 [00:18<00:00, 133.52it/s]
Batches:  97%|█████████▋| 2461/2547 [00:18<00:00, 135.85it/s]
Batches:  97%|█████████▋| 2477/2547 [00:18<00:00, 140.72it/s]
Batches:  98%|█████████▊| 2492/2547 [00:18<00:00, 140.54it/s]
Batches:  98%|█████████▊| 2507/2547 [00:18<00:00, 139.03it/s]
Batches:  99%|█████████▉| 2521/2547 [00:18<00:00, 136.80it/s]
2026-04-05 11:19:52,361 INFO Pre-encoding 40752 metaqa [test] query-GT pairs...
Batches:   1%|          | 13/1274 [00:00<00:10, 124.49it/s]
Batches:   2%|▏         | 27/1274 [00:00<00:09, 129.60it/s]
Batches:   3%|▎         | 41/1274 [00:00<00:09, 130.50it/s]
Batches:   4%|▍         | 55/1274 [00:00<00:09, 131.87it/s]
Batches:   5%|▌         | 69/1274 [00:00<00:09, 131.62it/s]
Batches:   7%|▋         | 83/1274 [00:00<00:08, 132.66it/s]
Batches:   8%|▊         | 97/1274 [00:00<00:08, 133.13it/s]
Batches:   9%|▊         | 111/1274 [00:00<00:08, 132.13it/s]
Batches:  10%|▉         | 125/1274 [00:00<00:08, 134.21it/s]
Batches:  11%|█         | 139/1274 [00:01<00:08, 133.68it/s]
Batches:  12%|█▏        | 153/1274 [00:01<00:08, 133.14it/s]
Batches:  13%|█▎        | 167/1274 [00:01<00:08, 132.91it/s]
Batches:  14%|█▍        | 181/1274 [00:01<00:08, 133.37it/s]
Batches:  15%|█▌        | 195/1274 [00:01<00:08, 133.05it/s]
Batches:  16%|█▋        | 209/1274 [00:01<00:08, 132.80it/s]
Batches:  18%|█▊        | 223/1274 [00:01<00:07, 133.30it/s]
Batches:  19%|█▊        | 237/1274 [00:01<00:07, 131.75it/s]
Batches:  20%|█▉        | 251/1274 [00:01<00:07, 129.56it/s]
Batches:  21%|██        | 265/1274 [00:02<00:07, 130.83it/s]
Batches:  22%|██▏       | 279/1274 [00:02<00:07, 130.27it/s]
Batches:  23%|██▎       | 293/1274 [00:02<00:07, 132.92it/s]
Batches:  24%|██▍       | 307/1274 [00:02<00:07, 132.72it/s]
Batches:  25%|██▌       | 321/1274 [00:02<00:07, 130.95it/s]
Batches:  26%|██▋       | 335/1274 [00:02<00:07, 129.51it/s]
Batches:  27%|██▋       | 349/1274 [00:02<00:07, 129.96it/s]
Batches:  28%|██▊       | 363/1274 [00:02<00:06, 130.44it/s]
Batches:  30%|██▉       | 377/1274 [00:02<00:06, 129.35it/s]
Batches:  31%|███       | 391/1274 [00:02<00:06, 131.06it/s]
Batches:  32%|███▏      | 405/1274 [00:03<00:06, 132.77it/s]
Batches:  33%|███▎      | 419/1274 [00:03<00:06, 132.17it/s]
Batches:  34%|███▍      | 433/1274 [00:03<00:06, 133.11it/s]
Batches:  35%|███▌      | 447/1274 [00:03<00:06, 133.13it/s]
Batches:  36%|███▌      | 461/1274 [00:03<00:06, 132.86it/s]
Batches:  37%|███▋      | 475/1274 [00:03<00:05, 133.63it/s]
Batches:  38%|███▊      | 489/1274 [00:03<00:05, 133.82it/s]
Batches:  39%|███▉      | 503/1274 [00:03<00:05, 132.60it/s]
Batches:  41%|████      | 517/1274 [00:03<00:05, 133.43it/s]
Batches:  42%|████▏     | 531/1274 [00:04<00:05, 134.19it/s]
Batches:  43%|████▎     | 545/1274 [00:04<00:05, 133.39it/s]
Batches:  44%|████▍     | 559/1274 [00:04<00:05, 132.70it/s]
Batches:  45%|████▍     | 573/1274 [00:04<00:05, 132.83it/s]
Batches:  46%|████▌     | 587/1274 [00:04<00:05, 132.23it/s]
Batches:  47%|████▋     | 601/1274 [00:04<00:05, 133.04it/s]
Batches:  48%|████▊     | 615/1274 [00:04<00:04, 133.15it/s]
Batches:  49%|████▉     | 629/1274 [00:04<00:04, 131.70it/s]
Batches:  50%|█████     | 643/1274 [00:04<00:04, 132.05it/s]
Batches:  52%|█████▏    | 657/1274 [00:04<00:04, 133.25it/s]
Batches:  53%|█████▎    | 671/1274 [00:05<00:04, 133.76it/s]
Batches:  54%|█████▍    | 685/1274 [00:05<00:04, 131.53it/s]
Batches:  55%|█████▍    | 699/1274 [00:05<00:04, 132.39it/s]
Batches:  56%|█████▌    | 713/1274 [00:05<00:04, 133.44it/s]
Batches:  57%|█████▋    | 727/1274 [00:05<00:04, 133.51it/s]
Batches:  58%|█████▊    | 741/1274 [00:05<00:03, 133.99it/s]
Batches:  59%|█████▉    | 755/1274 [00:05<00:03, 135.58it/s]
Batches:  60%|██████    | 769/1274 [00:05<00:03, 135.49it/s]
Batches:  61%|██████▏   | 783/1274 [00:05<00:03, 135.73it/s]
Batches:  63%|██████▎   | 797/1274 [00:06<00:03, 136.94it/s]
Batches:  64%|██████▎   | 812/1274 [00:06<00:03, 138.33it/s]
Batches:  65%|██████▍   | 827/1274 [00:06<00:03, 139.92it/s]
Batches:  66%|██████▌   | 842/1274 [00:06<00:03, 139.92it/s]
Batches:  67%|██████▋   | 857/1274 [00:06<00:02, 141.16it/s]
Batches:  68%|██████▊   | 872/1274 [00:06<00:02, 139.30it/s]
Batches:  70%|██████▉   | 886/1274 [00:06<00:02, 139.19it/s]
Batches:  71%|███████   | 901/1274 [00:06<00:02, 139.23it/s]
Batches:  72%|███████▏  | 916/1274 [00:06<00:02, 141.45it/s]
Batches:  73%|███████▎  | 931/1274 [00:06<00:02, 143.47it/s]
Batches:  74%|███████▍  | 946/1274 [00:07<00:02, 141.76it/s]
Batches:  75%|███████▌  | 961/1274 [00:07<00:02, 141.87it/s]
Batches:  77%|███████▋  | 976/1274 [00:07<00:02, 140.48it/s]
Batches:  78%|███████▊  | 991/1274 [00:07<00:02, 138.46it/s]
Batches:  79%|███████▉  | 1005/1274 [00:07<00:01, 136.10it/s]
Batches:  80%|███████▉  | 1019/1274 [00:07<00:01, 136.93it/s]
Batches:  81%|████████  | 1033/1274 [00:07<00:01, 136.15it/s]
Batches:  82%|████████▏ | 1048/1274 [00:07<00:01, 137.16it/s]
Batches:  83%|████████▎ | 1062/1274 [00:07<00:01, 137.66it/s]
Batches:  84%|████████▍ | 1076/1274 [00:08<00:01, 136.70it/s]
Batches:  86%|████████▌ | 1090/1274 [00:08<00:01, 135.62it/s]
Batches:  87%|████████▋ | 1104/1274 [00:08<00:01, 134.70it/s]
Batches:  88%|████████▊ | 1118/1274 [00:08<00:01, 136.14it/s]
Batches:  89%|████████▉ | 1132/1274 [00:08<00:01, 136.24it/s]
Batches:  90%|████████▉ | 1146/1274 [00:08<00:00, 135.92it/s]
Batches:  91%|█████████ | 1160/1274 [00:08<00:00, 136.99it/s]
Batches:  92%|█████████▏| 1174/1274 [00:08<00:00, 136.88it/s]
Batches:  93%|█████████▎| 1189/1274 [00:08<00:00, 138.51it/s]
Batches:  95%|█████████▍| 1204/1274 [00:08<00:00, 140.36it/s]
Batches:  96%|█████████▌| 1219/1274 [00:09<00:00, 139.56it/s]
Batches:  97%|█████████▋| 1233/1274 [00:09<00:00, 137.99it/s]
Batches:  98%|█████████▊| 1247/1274 [00:09<00:00, 137.37it/s]
Batches:  99%|█████████▉| 1261/1274 [00:09<00:00, 137.13it/s]
Training MLP (info_nce_multi | τ=0.01 | hn=0):   0%|          | 0/100 [00:00<?, ?it/s]
Training MLP (info_nce_multi | τ=0.01 | hn=0):   0%|          | 0/100 [00:48<?, ?it/s, TrL=3.3849, VaL=3.3247, TeL=3.3275 ★=best]
Training MLP (info_nce_multi | τ=0.01 | hn=0):   1%|          | 1/100 [00:48<1:19:44, 48.33s/it, TrL=3.3849, VaL=3.3247, TeL=3.3275 ★=best]
Training MLP (info_nce_multi | τ=0.01 | hn=0):   1%|          | 1/100 [01:37<1:19:44, 48.33s/it, TrL=3.3233, VaL=3.3061, TeL=3.3090 ★=best]
Training MLP (info_nce_multi | τ=0.01 | hn=0):   2%|▏         | 2/100 [01:37<1:19:16, 48.53s/it, TrL=3.3233, VaL=3.3061, TeL=3.3090 ★=best]
Training MLP (info_nce_multi | τ=0.01 | hn=0):   2%|▏         | 2/100 [02:25<1:19:16, 48.53s/it, TrL=3.3065, VaL=3.2946, TeL=3.2974 ★=best]
Training MLP (info_nce_multi | τ=0.01 | hn=0):   3%|▎         | 3/100 [02:25<1:18:17, 48.43s/it, TrL=3.3065, VaL=3.2946, TeL=3.2974 ★=best]
Training MLP (info_nce_multi | τ=0.01 | hn=0):   3%|▎         | 3/100 [03:12<1:18:17, 48.43s/it, TrL=3.2950, VaL=3.2866, TeL=3.2893 ★=best]
Training MLP (info_nce_multi | τ=0.01 | hn=0):   4%|▍         | 4/100 [03:12<1:16:38, 47.90s/it, TrL=3.2950, VaL=3.2866, TeL=3.2893 ★=best]
Training MLP (info_nce_multi | τ=0.01 | hn=0):   4%|▍         | 4/100 [03:59<1:16:38, 47.90s/it, TrL=3.2866, VaL=3.2809, TeL=3.2837 ★=best]
Training MLP (info_nce_multi | τ=0.01 | hn=0):   5%|▌         | 5/100 [03:59<1:15:26, 47.65s/it, TrL=3.2866, VaL=3.2809, TeL=3.2837 ★=best]
Training MLP (info_nce_multi | τ=0.01 | hn=0):   5%|▌         | 5/100 [04:50<1:15:26, 47.65s/it, TrL=3.2793, VaL=3.2744, TeL=3.2768 ★=best]
Training MLP (info_nce_multi | τ=0.01 | hn=0):   6%|▌         | 6/100 [04:50<1:16:25, 48.79s/it, TrL=3.2793, VaL=3.2744, TeL=3.2768 ★=best]
Training MLP (info_nce_multi | τ=0.01 | hn=0):   6%|▌         | 6/100 [05:39<1:16:25, 48.79s/it, TrL=3.2734, VaL=3.2731, TeL=3.2756 ★=best]
Training MLP (info_nce_multi | τ=0.01 | hn=0):   7%|▋         | 7/100 [05:39<1:15:53, 48.97s/it, TrL=3.2734, VaL=3.2731, TeL=3.2756 ★=best]
Training MLP (info_nce_multi | τ=0.01 | hn=0):   7%|▋         | 7/100 [06:29<1:15:53, 48.97s/it, TrL=3.2681, VaL=3.2686, TeL=3.2709 ★=best]
Training MLP (info_nce_multi | τ=0.01 | hn=0):   8%|▊         | 8/100 [06:29<1:15:27, 49.21s/it, TrL=3.2681, VaL=3.2686, TeL=3.2709 ★=best]
Training MLP (info_nce_multi | τ=0.01 | hn=0):   8%|▊         | 8/100 [07:21<1:15:27, 49.21s/it, TrL=3.2633, VaL=3.2647, TeL=3.2671 ★=best]
Training MLP (info_nce_multi | τ=0.01 | hn=0):   9%|▉         | 9/100 [07:21<1:15:41, 49.91s/it, TrL=3.2633, VaL=3.2647, TeL=3.2671 ★=best]
Training MLP (info_nce_multi | τ=0.01 | hn=0):   9%|▉         | 9/100 [08:10<1:15:41, 49.91s/it, TrL=3.2593, VaL=3.2614, TeL=3.2637 ★=best]
Training MLP (info_nce_multi | τ=0.01 | hn=0):  10%|█         | 10/100 [08:10<1:14:33, 49.71s/it, TrL=3.2593, VaL=3.2614, TeL=3.2637 ★=best]
Training MLP (info_nce_multi | τ=0.01 | hn=0):  10%|█         | 10/100 [09:01<1:14:33, 49.71s/it, TrL=3.2562, VaL=3.2587, TeL=3.2612 ★=best]
Training MLP (info_nce_multi | τ=0.01 | hn=0):  11%|█         | 11/100 [09:01<1:14:13, 50.04s/it, TrL=3.2562, VaL=3.2587, TeL=3.2612 ★=best]
Training MLP (info_nce_multi | τ=0.01 | hn=0):  11%|█         | 11/100 [09:50<1:14:13, 50.04s/it, TrL=3.2526, VaL=3.2565, TeL=3.2587 ★=best]
Training MLP (info_nce_multi | τ=0.01 | hn=0):  12%|█▏        | 12/100 [09:50<1:13:02, 49.80s/it, TrL=3.2526, VaL=3.2565, TeL=3.2587 ★=best]
Training MLP (info_nce_multi | τ=0.01 | hn=0):  12%|█▏        | 12/100 [10:40<1:13:02, 49.80s/it, TrL=3.2493, VaL=3.2551, TeL=3.2575 ★=best]
Training MLP (info_nce_multi | τ=0.01 | hn=0):  13%|█▎        | 13/100 [10:40<1:12:08, 49.75s/it, TrL=3.2493, VaL=3.2551, TeL=3.2575 ★=best]
Training MLP (info_nce_multi | τ=0.01 | hn=0):  13%|█▎        | 13/100 [11:31<1:12:08, 49.75s/it, TrL=3.2468, VaL=3.2534, TeL=3.2558 ★=best]
Training MLP (info_nce_multi | τ=0.01 | hn=0):  14%|█▍        | 14/100 [11:31<1:12:10, 50.36s/it, TrL=3.2468, VaL=3.2534, TeL=3.2558 ★=best]
Training MLP (info_nce_multi | τ=0.01 | hn=0):  14%|█▍        | 14/100 [12:21<1:12:10, 50.36s/it, TrL=3.2443, VaL=3.2516, TeL=3.2532 ★=best]
Training MLP (info_nce_multi | τ=0.01 | hn=0):  15%|█▌        | 15/100 [12:21<1:11:15, 50.30s/it, TrL=3.2443, VaL=3.2516, TeL=3.2532 ★=best]
Training MLP (info_nce_multi | τ=0.01 | hn=0):  15%|█▌        | 15/100 [13:13<1:11:15, 50.30s/it, TrL=3.2422, VaL=3.2499, TeL=3.2519 ★=best]
Training MLP (info_nce_multi | τ=0.01 | hn=0):  16%|█▌        | 16/100 [13:13<1:10:48, 50.58s/it, TrL=3.2422, VaL=3.2499, TeL=3.2519 ★=best]
Training MLP (info_nce_multi | τ=0.01 | hn=0):  16%|█▌        | 16/100 [14:03<1:10:48, 50.58s/it, TrL=3.2402, VaL=3.2493, TeL=3.2516 ★=best]
Training MLP (info_nce_multi | τ=0.01 | hn=0):  17%|█▋        | 17/100 [14:03<1:09:41, 50.38s/it, TrL=3.2402, VaL=3.2493, TeL=3.2516 ★=best]
Training MLP (info_nce_multi | τ=0.01 | hn=0):  17%|█▋        | 17/100 [14:52<1:09:41, 50.38s/it, TrL=3.2382, VaL=3.2476, TeL=3.2498 ★=best]
Training MLP (info_nce_multi | τ=0.01 | hn=0):  18%|█▊        | 18/100 [14:52<1:08:16, 49.95s/it, TrL=3.2382, VaL=3.2476, TeL=3.2498 ★=best]
Training MLP (info_nce_multi | τ=0.01 | hn=0):  18%|█▊        | 18/100 [15:41<1:08:16, 49.95s/it, TrL=3.2358, VaL=3.2460, TeL=3.2478 ★=best]
Training MLP (info_nce_multi | τ=0.01 | hn=0):  19%|█▉        | 19/100 [15:41<1:07:08, 49.73s/it, TrL=3.2358, VaL=3.2460, TeL=3.2478 ★=best]
Training MLP (info_nce_multi | τ=0.01 | hn=0):  19%|█▉        | 19/100 [16:30<1:07:08, 49.73s/it, TrL=3.2339, VaL=3.2446, TeL=3.2471 ★=best]
Training MLP (info_nce_multi | τ=0.01 | hn=0):  20%|██        | 20/100 [16:30<1:06:01, 49.52s/it, TrL=3.2339, VaL=3.2446, TeL=3.2471 ★=best]
Training MLP (info_nce_multi | τ=0.01 | hn=0):  20%|██        | 20/100 [17:18<1:06:01, 49.52s/it, TrL=3.2327, VaL=3.2435, TeL=3.2455 ★=best]
Training MLP (info_nce_multi | τ=0.01 | hn=0):  21%|██        | 21/100 [17:18<1:04:49, 49.23s/it, TrL=3.2327, VaL=3.2435, TeL=3.2455 ★=best]
Training MLP (info_nce_multi | τ=0.01 | hn=0):  21%|██        | 21/100 [18:10<1:04:49, 49.23s/it, TrL=3.2308, VaL=3.2435, TeL=3.2457 ★=best]
Training MLP (info_nce_multi | τ=0.01 | hn=0):  22%|██▏       | 22/100 [18:10<1:04:55, 49.94s/it, TrL=3.2308, VaL=3.2435, TeL=3.2457 ★=best]
Training MLP (info_nce_multi | τ=0.01 | hn=0):  22%|██▏       | 22/100 [19:00<1:04:55, 49.94s/it, TrL=3.2292, VaL=3.2430, TeL=3.2449 ★=best]
Training MLP (info_nce_multi | τ=0.01 | hn=0):  23%|██▎       | 23/100 [19:00<1:04:07, 49.97s/it, TrL=3.2292, VaL=3.2430, TeL=3.2449 ★=best]
Training MLP (info_nce_multi | τ=0.01 | hn=0):  23%|██▎       | 23/100 [19:50<1:04:07, 49.97s/it, TrL=3.2275, VaL=3.2415, TeL=3.2434 ★=best]
Training MLP (info_nce_multi | τ=0.01 | hn=0):  24%|██▍       | 24/100 [19:50<1:03:11, 49.89s/it, TrL=3.2275, VaL=3.2415, TeL=3.2434 ★=best]
Training MLP (info_nce_multi | τ=0.01 | hn=0):  24%|██▍       | 24/100 [20:41<1:03:11, 49.89s/it, TrL=3.2266, VaL=3.2404, TeL=3.2419 ★=best]
Training MLP (info_nce_multi | τ=0.01 | hn=0):  25%|██▌       | 25/100 [20:41<1:02:46, 50.22s/it, TrL=3.2266, VaL=3.2404, TeL=3.2419 ★=best]
Training MLP (info_nce_multi | τ=0.01 | hn=0):  25%|██▌       | 25/100 [21:30<1:02:46, 50.22s/it, TrL=3.2248, VaL=3.2395, TeL=3.2414 ★=best]
Training MLP (info_nce_multi | τ=0.01 | hn=0):  26%|██▌       | 26/100 [21:30<1:01:26, 49.82s/it, TrL=3.2248, VaL=3.2395, TeL=3.2414 ★=best]
Training MLP (info_nce_multi | τ=0.01 | hn=0):  26%|██▌       | 26/100 [22:18<1:01:26, 49.82s/it, TrL=3.2236, VaL=3.2384, TeL=3.2406 ★=best]
Training MLP (info_nce_multi | τ=0.01 | hn=0):  27%|██▋       | 27/100 [22:18<1:00:12, 49.49s/it, TrL=3.2236, VaL=3.2384, TeL=3.2406 ★=best]
Training MLP (info_nce_multi | τ=0.01 | hn=0):  27%|██▋       | 27/100 [23:06<1:00:12, 49.49s/it, TrL=3.2229, VaL=3.2377, TeL=3.2394 ★=best]
Training MLP (info_nce_multi | τ=0.01 | hn=0):  28%|██▊       | 28/100 [23:06<58:49, 49.03s/it, TrL=3.2229, VaL=3.2377, TeL=3.2394 ★=best]
Training MLP (info_nce_multi | τ=0.01 | hn=0):  28%|██▊       | 28/100 [23:56<58:49, 49.03s/it, TrL=3.2208, VaL=3.2373, TeL=3.2390 ★=best]
Training MLP (info_nce_multi | τ=0.01 | hn=0):  29%|██▉       | 29/100 [23:56<58:06, 49.10s/it, TrL=3.2208, VaL=3.2373, TeL=3.2390 ★=best]
Training MLP (info_nce_multi | τ=0.01 | hn=0):  29%|██▉       | 29/100 [24:44<58:06, 49.10s/it, TrL=3.2200, VaL=3.2362, TeL=3.2385 ★=best]
Training MLP (info_nce_multi | τ=0.01 | hn=0):  30%|███       | 30/100 [24:44<57:04, 48.92s/it, TrL=3.2200, VaL=3.2362, TeL=3.2385 ★=best]
Training MLP (info_nce_multi | τ=0.01 | hn=0):  30%|███       | 30/100 [25:32<57:04, 48.92s/it, TrL=3.2186, VaL=3.2366, TeL=3.2383]
Training MLP (info_nce_multi | τ=0.01 | hn=0):  31%|███       | 31/100 [25:32<55:49, 48.55s/it, TrL=3.2186, VaL=3.2366, TeL=3.2383]
Training MLP (info_nce_multi | τ=0.01 | hn=0):  31%|███       | 31/100 [26:20<55:49, 48.55s/it, TrL=3.2182, VaL=3.2366, TeL=3.2376]
Training MLP (info_nce_multi | τ=0.01 | hn=0):  32%|███▏      | 32/100 [26:20<54:57, 48.49s/it, TrL=3.2182, VaL=3.2366, TeL=3.2376]
Training MLP (info_nce_multi | τ=0.01 | hn=0):  32%|███▏      | 32/100 [27:08<54:57, 48.49s/it, TrL=3.2173, VaL=3.2347, TeL=3.2362 ★=best]
Training MLP (info_nce_multi | τ=0.01 | hn=0):  33%|███▎      | 33/100 [27:08<54:04, 48.42s/it, TrL=3.2173, VaL=3.2347, TeL=3.2362 ★=best]
Training MLP (info_nce_multi | τ=0.01 | hn=0):  33%|███▎      | 33/100 [27:57<54:04, 48.42s/it, TrL=3.2162, VaL=3.2351, TeL=3.2363]
Training MLP (info_nce_multi | τ=0.01 | hn=0):  34%|███▍      | 34/100 [27:57<53:24, 48.55s/it, TrL=3.2162, VaL=3.2351, TeL=3.2363]
Training MLP (info_nce_multi | τ=0.01 | hn=0):  34%|███▍      | 34/100 [28:45<53:24, 48.55s/it, TrL=3.2155, VaL=3.2336, TeL=3.2347 ★=best]
Training MLP (info_nce_multi | τ=0.01 | hn=0):  35%|███▌      | 35/100 [28:45<52:19, 48.30s/it, TrL=3.2155, VaL=3.2336, TeL=3.2347 ★=best]
Training MLP (info_nce_multi | τ=0.01 | hn=0):  35%|███▌      | 35/100 [29:33<52:19, 48.30s/it, TrL=3.2142, VaL=3.2333, TeL=3.2348 ★=best]
Training MLP (info_nce_multi | τ=0.01 | hn=0):  36%|███▌      | 36/100 [29:33<51:20, 48.13s/it, TrL=3.2142, VaL=3.2333, TeL=3.2348 ★=best]
Training MLP (info_nce_multi | τ=0.01 | hn=0):  36%|███▌      | 36/100 [30:21<51:20, 48.13s/it, TrL=3.2128, VaL=3.2329, TeL=3.2339 ★=best]
Training MLP (info_nce_multi | τ=0.01 | hn=0):  37%|███▋      | 37/100 [30:21<50:30, 48.11s/it, TrL=3.2128, VaL=3.2329, TeL=3.2339 ★=best]
Training MLP (info_nce_multi | τ=0.01 | hn=0):  37%|███▋      | 37/100 [31:10<50:30, 48.11s/it, TrL=3.2127, VaL=3.2346, TeL=3.2353]
Training MLP (info_nce_multi | τ=0.01 | hn=0):  38%|███▊      | 38/100 [31:10<50:14, 48.62s/it, TrL=3.2127, VaL=3.2346, TeL=3.2353]
Training MLP (info_nce_multi | τ=0.01 | hn=0):  38%|███▊      | 38/100 [31:57<50:14, 48.62s/it, TrL=3.2110, VaL=3.2329, TeL=3.2336]
Training MLP (info_nce_multi | τ=0.01 | hn=0):  39%|███▉      | 39/100 [31:57<48:54, 48.10s/it, TrL=3.2110, VaL=3.2329, TeL=3.2336]
Training MLP (info_nce_multi | τ=0.01 | hn=0):  39%|███▉      | 39/100 [32:45<48:54, 48.10s/it, TrL=3.2105, VaL=3.2316, TeL=3.2323 ★=best]
Training MLP (info_nce_multi | τ=0.01 | hn=0):  40%|████      | 40/100 [32:45<48:04, 48.08s/it, TrL=3.2105, VaL=3.2316, TeL=3.2323 ★=best]
Training MLP (info_nce_multi | τ=0.01 | hn=0):  40%|████      | 40/100 [33:33<48:04, 48.08s/it, TrL=3.2101, VaL=3.2308, TeL=3.2317 ★=best]
Training MLP (info_nce_multi | τ=0.01 | hn=0):  41%|████      | 41/100 [33:33<47:13, 48.02s/it, TrL=3.2101, VaL=3.2308, TeL=3.2317 ★=best]
Training MLP (info_nce_multi | τ=0.01 | hn=0):  41%|████      | 41/100 [34:22<47:13, 48.02s/it, TrL=3.2091, VaL=3.2308, TeL=3.2315]
Training MLP (info_nce_multi | τ=0.01 | hn=0):  42%|████▏     | 42/100 [34:22<46:40, 48.29s/it, TrL=3.2091, VaL=3.2308, TeL=3.2315]
Training MLP (info_nce_multi | τ=0.01 | hn=0):  42%|████▏     | 42/100 [35:12<46:40, 48.29s/it, TrL=3.2082, VaL=3.2302, TeL=3.2316 ★=best]
Training MLP (info_nce_multi | τ=0.01 | hn=0):  43%|████▎     | 43/100 [35:12<46:14, 48.68s/it, TrL=3.2082, VaL=3.2302, TeL=3.2316 ★=best]
Training MLP (info_nce_multi | τ=0.01 | hn=0):  43%|████▎     | 43/100 [35:59<46:14, 48.68s/it, TrL=3.2075, VaL=3.2297, TeL=3.2307 ★=best]
Training MLP (info_nce_multi | τ=0.01 | hn=0):  44%|████▍     | 44/100 [35:59<45:07, 48.34s/it, TrL=3.2075, VaL=3.2297, TeL=3.2307 ★=best]
Training MLP (info_nce_multi | τ=0.01 | hn=0):  44%|████▍     | 44/100 [36:47<45:07, 48.34s/it, TrL=3.2064, VaL=3.2307, TeL=3.2313]
Training MLP (info_nce_multi | τ=0.01 | hn=0):  45%|████▌     | 45/100 [36:47<44:12, 48.23s/it, TrL=3.2064, VaL=3.2307, TeL=3.2313]
Training MLP (info_nce_multi | τ=0.01 | hn=0):  45%|████▌     | 45/100 [37:35<44:12, 48.23s/it, TrL=3.2061, VaL=3.2298, TeL=3.2310]
Training MLP (info_nce_multi | τ=0.01 | hn=0):  46%|████▌     | 46/100 [37:35<43:22, 48.19s/it, TrL=3.2061, VaL=3.2298, TeL=3.2310]
Training MLP (info_nce_multi | τ=0.01 | hn=0):  46%|████▌     | 46/100 [38:24<43:22, 48.19s/it, TrL=3.2056, VaL=3.2281, TeL=3.2290 ★=best]
Training MLP (info_nce_multi | τ=0.01 | hn=0):  47%|████▋     | 47/100 [38:24<42:38, 48.28s/it, TrL=3.2056, VaL=3.2281, TeL=3.2290 ★=best]
Training MLP (info_nce_multi | τ=0.01 | hn=0):  47%|████▋     | 47/100 [39:13<42:38, 48.28s/it, TrL=3.2045, VaL=3.2284, TeL=3.2295]
Training MLP (info_nce_multi | τ=0.01 | hn=0):  48%|████▊     | 48/100 [39:13<42:02, 48.51s/it, TrL=3.2045, VaL=3.2284, TeL=3.2295]
Training MLP (info_nce_multi | τ=0.01 | hn=0):  48%|████▊     | 48/100 [40:01<42:02, 48.51s/it, TrL=3.2040, VaL=3.2285, TeL=3.2296]
Training MLP (info_nce_multi | τ=0.01 | hn=0):  49%|████▉     | 49/100 [40:01<41:07, 48.38s/it, TrL=3.2040, VaL=3.2285, TeL=3.2296]
Training MLP (info_nce_multi | τ=0.01 | hn=0):  49%|████▉     | 49/100 [40:50<41:07, 48.38s/it, TrL=3.2036, VaL=3.2277, TeL=3.2287 ★=best]
Training MLP (info_nce_multi | τ=0.01 | hn=0):  50%|█████     | 50/100 [40:50<40:23, 48.47s/it, TrL=3.2036, VaL=3.2277, TeL=3.2287 ★=best]
Training MLP (info_nce_multi | τ=0.01 | hn=0):  50%|█████     | 50/100 [41:39<40:23, 48.47s/it, TrL=3.2027, VaL=3.2278, TeL=3.2290]
Training MLP (info_nce_multi | τ=0.01 | hn=0):  51%|█████     | 51/100 [41:39<39:40, 48.58s/it, TrL=3.2027, VaL=3.2278, TeL=3.2290]
Training MLP (info_nce_multi | τ=0.01 | hn=0):  51%|█████     | 51/100 [42:27<39:40, 48.58s/it, TrL=3.2029, VaL=3.2285, TeL=3.2300]
Training MLP (info_nce_multi | τ=0.01 | hn=0):  52%|█████▏    | 52/100 [42:27<38:50, 48.56s/it, TrL=3.2029, VaL=3.2285, TeL=3.2300]
Training MLP (info_nce_multi | τ=0.01 | hn=0):  52%|█████▏    | 52/100 [43:15<38:50, 48.56s/it, TrL=3.2019, VaL=3.2271, TeL=3.2278 ★=best]
Training MLP (info_nce_multi | τ=0.01 | hn=0):  53%|█████▎    | 53/100 [43:15<37:52, 48.35s/it, TrL=3.2019, VaL=3.2271, TeL=3.2278 ★=best]
Training MLP (info_nce_multi | τ=0.01 | hn=0):  53%|█████▎    | 53/100 [44:04<37:52, 48.35s/it, TrL=3.2016, VaL=3.2268, TeL=3.2277 ★=best]
Training MLP (info_nce_multi | τ=0.01 | hn=0):  54%|█████▍    | 54/100 [44:04<37:13, 48.56s/it, TrL=3.2016, VaL=3.2268, TeL=3.2277 ★=best]
Training MLP (info_nce_multi | τ=0.01 | hn=0):  54%|█████▍    | 54/100 [44:52<37:13, 48.56s/it, TrL=3.2008, VaL=3.2279, TeL=3.2288]
Training MLP (info_nce_multi | τ=0.01 | hn=0):  55%|█████▌    | 55/100 [44:52<36:23, 48.52s/it, TrL=3.2008, VaL=3.2279, TeL=3.2288]
Training MLP (info_nce_multi | τ=0.01 | hn=0):  55%|█████▌    | 55/100 [45:41<36:23, 48.52s/it, TrL=3.2000, VaL=3.2265, TeL=3.2279 ★=best]
Training MLP (info_nce_multi | τ=0.01 | hn=0):  56%|█████▌    | 56/100 [45:41<35:34, 48.50s/it, TrL=3.2000, VaL=3.2265, TeL=3.2279 ★=best]
Training MLP (info_nce_multi | τ=0.01 | hn=0):  56%|█████▌    | 56/100 [46:29<35:34, 48.50s/it, TrL=3.2001, VaL=3.2266, TeL=3.2276]
Training MLP (info_nce_multi | τ=0.01 | hn=0):  57%|█████▋    | 57/100 [46:29<34:41, 48.41s/it, TrL=3.2001, VaL=3.2266, TeL=3.2276]
Training MLP (info_nce_multi | τ=0.01 | hn=0):  57%|█████▋    | 57/100 [47:18<34:41, 48.41s/it, TrL=3.1986, VaL=3.2260, TeL=3.2267 ★=best]
Training MLP (info_nce_multi | τ=0.01 | hn=0):  58%|█████▊    | 58/100 [47:18<33:53, 48.42s/it, TrL=3.1986, VaL=3.2260, TeL=3.2267 ★=best]
Training MLP (info_nce_multi | τ=0.01 | hn=0):  58%|█████▊    | 58/100 [48:08<33:53, 48.42s/it, TrL=3.1978, VaL=3.2258, TeL=3.2272 ★=best]
Training MLP (info_nce_multi | τ=0.01 | hn=0):  59%|█████▉    | 59/100 [48:08<33:33, 49.10s/it, TrL=3.1978, VaL=3.2258, TeL=3.2272 ★=best]
Training MLP (info_nce_multi | τ=0.01 | hn=0):  59%|█████▉    | 59/100 [48:57<33:33, 49.10s/it, TrL=3.1978, VaL=3.2260, TeL=3.2271]
Training MLP (info_nce_multi | τ=0.01 | hn=0):  60%|██████    | 60/100 [48:57<32:42, 49.05s/it, TrL=3.1978, VaL=3.2260, TeL=3.2271]
Training MLP (info_nce_multi | τ=0.01 | hn=0):  60%|██████    | 60/100 [49:46<32:42, 49.05s/it, TrL=3.1972, VaL=3.2260, TeL=3.2270]
Training MLP (info_nce_multi | τ=0.01 | hn=0):  61%|██████    | 61/100 [49:46<31:53, 49.07s/it, TrL=3.1972, VaL=3.2260, TeL=3.2270]
Training MLP (info_nce_multi | τ=0.01 | hn=0):  61%|██████    | 61/100 [50:35<31:53, 49.07s/it, TrL=3.1968, VaL=3.2250, TeL=3.2262 ★=best]
Training MLP (info_nce_multi | τ=0.01 | hn=0):  62%|██████▏   | 62/100 [50:35<31:06, 49.12s/it, TrL=3.1968, VaL=3.2250, TeL=3.2262 ★=best]
Training MLP (info_nce_multi | τ=0.01 | hn=0):  62%|██████▏   | 62/100 [51:24<31:06, 49.12s/it, TrL=3.1962, VaL=3.2251, TeL=3.2259]
Training MLP (info_nce_multi | τ=0.01 | hn=0):  63%|██████▎   | 63/100 [51:24<30:11, 48.95s/it, TrL=3.1962, VaL=3.2251, TeL=3.2259]
Training MLP (info_nce_multi | τ=0.01 | hn=0):  63%|██████▎   | 63/100 [52:13<30:11, 48.95s/it, TrL=3.1951, VaL=3.2245, TeL=3.2252 ★=best]
Training MLP (info_nce_multi | τ=0.01 | hn=0):  64%|██████▍   | 64/100 [52:13<29:26, 49.07s/it, TrL=3.1951, VaL=3.2245, TeL=3.2252 ★=best]
Training MLP (info_nce_multi | τ=0.01 | hn=0):  64%|██████▍   | 64/100 [53:02<29:26, 49.07s/it, TrL=3.1950, VaL=3.2242, TeL=3.2250 ★=best]
Training MLP (info_nce_multi | τ=0.01 | hn=0):  65%|██████▌   | 65/100 [53:02<28:31, 48.91s/it, TrL=3.1950, VaL=3.2242, TeL=3.2250 ★=best]
Training MLP (info_nce_multi | τ=0.01 | hn=0):  65%|██████▌   | 65/100 [53:50<28:31, 48.91s/it, TrL=3.1950, VaL=3.2241, TeL=3.2256 ★=best]
Training MLP (info_nce_multi | τ=0.01 | hn=0):  66%|██████▌   | 66/100 [53:50<27:35, 48.68s/it, TrL=3.1950, VaL=3.2241, TeL=3.2256 ★=best]
Training MLP (info_nce_multi | τ=0.01 | hn=0):  66%|██████▌   | 66/100 [54:39<27:35, 48.68s/it, TrL=3.1937, VaL=3.2243, TeL=3.2254]
Training MLP (info_nce_multi | τ=0.01 | hn=0):  67%|██████▋   | 67/100 [54:39<26:45, 48.65s/it, TrL=3.1937, VaL=3.2243, TeL=3.2254]
Training MLP (info_nce_multi | τ=0.01 | hn=0):  67%|██████▋   | 67/100 [55:26<26:45, 48.65s/it, TrL=3.1935, VaL=3.2241, TeL=3.2252]
Training MLP (info_nce_multi | τ=0.01 | hn=0):  68%|██████▊   | 68/100 [55:26<25:48, 48.39s/it, TrL=3.1935, VaL=3.2241, TeL=3.2252]
Training MLP (info_nce_multi | τ=0.01 | hn=0):  68%|██████▊   | 68/100 [56:15<25:48, 48.39s/it, TrL=3.1932, VaL=3.2233, TeL=3.2241 ★=best]
Training MLP (info_nce_multi | τ=0.01 | hn=0):  69%|██████▉   | 69/100 [56:15<25:03, 48.49s/it, TrL=3.1932, VaL=3.2233, TeL=3.2241 ★=best]
Training MLP (info_nce_multi | τ=0.01 | hn=0):  69%|██████▉   | 69/100 [57:04<25:03, 48.49s/it, TrL=3.1937, VaL=3.2235, TeL=3.2241]
Training MLP (info_nce_multi | τ=0.01 | hn=0):  70%|███████   | 70/100 [57:04<24:16, 48.55s/it, TrL=3.1937, VaL=3.2235, TeL=3.2241]
Training MLP (info_nce_multi | τ=0.01 | hn=0):  70%|███████   | 70/100 [57:53<24:16, 48.55s/it, TrL=3.1932, VaL=3.2238, TeL=3.2247]
Training MLP (info_nce_multi | τ=0.01 | hn=0):  71%|███████   | 71/100 [57:53<23:34, 48.77s/it, TrL=3.1932, VaL=3.2238, TeL=3.2247]
Training MLP (info_nce_multi | τ=0.01 | hn=0):  71%|███████   | 71/100 [58:42<23:34, 48.77s/it, TrL=3.1921, VaL=3.2231, TeL=3.2236 ★=best]
Training MLP (info_nce_multi | τ=0.01 | hn=0):  72%|███████▏  | 72/100 [58:42<22:47, 48.84s/it, TrL=3.1921, VaL=3.2231, TeL=3.2236 ★=best]
Training MLP (info_nce_multi | τ=0.01 | hn=0):  72%|███████▏  | 72/100 [59:31<22:47, 48.84s/it, TrL=3.1916, VaL=3.2225, TeL=3.2231 ★=best]
Training MLP (info_nce_multi | τ=0.01 | hn=0):  73%|███████▎  | 73/100 [59:31<21:56, 48.75s/it, TrL=3.1916, VaL=3.2225, TeL=3.2231 ★=best]
Training MLP (info_nce_multi | τ=0.01 | hn=0):  73%|███████▎  | 73/100 [1:00:20<21:56, 48.75s/it, TrL=3.1915, VaL=3.2234, TeL=3.2242]
Training MLP (info_nce_multi | τ=0.01 | hn=0):  74%|███████▍  | 74/100 [1:00:20<21:10, 48.88s/it, TrL=3.1915, VaL=3.2234, TeL=3.2242]
Training MLP (info_nce_multi | τ=0.01 | hn=0):  74%|███████▍  | 74/100 [1:01:09<21:10, 48.88s/it, TrL=3.1912, VaL=3.2237, TeL=3.2241]
Training MLP (info_nce_multi | τ=0.01 | hn=0):  75%|███████▌  | 75/100 [1:01:09<20:25, 49.04s/it, TrL=3.1912, VaL=3.2237, TeL=3.2241]
Training MLP (info_nce_multi | τ=0.01 | hn=0):  75%|███████▌  | 75/100 [1:01:58<20:25, 49.04s/it, TrL=3.1903, VaL=3.2232, TeL=3.2239]
Training MLP (info_nce_multi | τ=0.01 | hn=0):  76%|███████▌  | 76/100 [1:01:58<19:33, 48.90s/it, TrL=3.1903, VaL=3.2232, TeL=3.2239]
Training MLP (info_nce_multi | τ=0.01 | hn=0):  76%|███████▌  | 76/100 [1:02:47<19:33, 48.90s/it, TrL=3.1904, VaL=3.2236, TeL=3.2239]
Training MLP (info_nce_multi | τ=0.01 | hn=0):  77%|███████▋  | 77/100 [1:02:47<18:43, 48.86s/it, TrL=3.1904, VaL=3.2236, TeL=3.2239]
Training MLP (info_nce_multi | τ=0.01 | hn=0):  77%|███████▋  | 77/100 [1:03:34<18:43, 48.86s/it, TrL=3.1901, VaL=3.2219, TeL=3.2225 ★=best]
Training MLP (info_nce_multi | τ=0.01 | hn=0):  78%|███████▊  | 78/100 [1:03:34<17:44, 48.39s/it, TrL=3.1901, VaL=3.2219, TeL=3.2225 ★=best]
Training MLP (info_nce_multi | τ=0.01 | hn=0):  78%|███████▊  | 78/100 [1:04:22<17:44, 48.39s/it, TrL=3.1885, VaL=3.2216, TeL=3.2223 ★=best]
Training MLP (info_nce_multi | τ=0.01 | hn=0):  79%|███████▉  | 79/100 [1:04:22<16:52, 48.19s/it, TrL=3.1885, VaL=3.2216, TeL=3.2223 ★=best]
Training MLP (info_nce_multi | τ=0.01 | hn=0):  79%|███████▉  | 79/100 [1:05:11<16:52, 48.19s/it, TrL=3.1888, VaL=3.2216, TeL=3.2227 ★=best]
Training MLP (info_nce_multi | τ=0.01 | hn=0):  80%|████████  | 80/100 [1:05:11<16:12, 48.61s/it, TrL=3.1888, VaL=3.2216, TeL=3.2227 ★=best]
Training MLP (info_nce_multi | τ=0.01 | hn=0):  80%|████████  | 80/100 [1:05:59<16:12, 48.61s/it, TrL=3.1886, VaL=3.2224, TeL=3.2237]
Training MLP (info_nce_multi | τ=0.01 | hn=0):  81%|████████  | 81/100 [1:05:59<15:16, 48.24s/it, TrL=3.1886, VaL=3.2224, TeL=3.2237]
Training MLP (info_nce_multi | τ=0.01 | hn=0):  81%|████████  | 81/100 [1:06:46<15:16, 48.24s/it, TrL=3.1884, VaL=3.2210, TeL=3.2221 ★=best]
Training MLP (info_nce_multi | τ=0.01 | hn=0):  82%|████████▏ | 82/100 [1:06:46<14:24, 48.01s/it, TrL=3.1884, VaL=3.2210, TeL=3.2221 ★=best]
Training MLP (info_nce_multi | τ=0.01 | hn=0):  82%|████████▏ | 82/100 [1:07:34<14:24, 48.01s/it, TrL=3.1879, VaL=3.2224, TeL=3.2230]
Training MLP (info_nce_multi | τ=0.01 | hn=0):  83%|████████▎ | 83/100 [1:07:34<13:34, 47.91s/it, TrL=3.1879, VaL=3.2224, TeL=3.2230]
Training MLP (info_nce_multi | τ=0.01 | hn=0):  83%|████████▎ | 83/100 [1:08:21<13:34, 47.91s/it, TrL=3.1868, VaL=3.2216, TeL=3.2218]
Training MLP (info_nce_multi | τ=0.01 | hn=0):  84%|████████▍ | 84/100 [1:08:21<12:43, 47.72s/it, TrL=3.1868, VaL=3.2216, TeL=3.2218]
Training MLP (info_nce_multi | τ=0.01 | hn=0):  84%|████████▍ | 84/100 [1:09:09<12:43, 47.72s/it, TrL=3.1868, VaL=3.2213, TeL=3.2219]
Training MLP (info_nce_multi | τ=0.01 | hn=0):  85%|████████▌ | 85/100 [1:09:09<11:57, 47.86s/it, TrL=3.1868, VaL=3.2213, TeL=3.2219]
Training MLP (info_nce_multi | τ=0.01 | hn=0):  85%|████████▌ | 85/100 [1:09:57<11:57, 47.86s/it, TrL=3.1871, VaL=3.2213, TeL=3.2226]
Training MLP (info_nce_multi | τ=0.01 | hn=0):  86%|████████▌ | 86/100 [1:09:57<11:09, 47.81s/it, TrL=3.1871, VaL=3.2213, TeL=3.2226]
Training MLP (info_nce_multi | τ=0.01 | hn=0):  86%|████████▌ | 86/100 [1:10:49<11:09, 47.81s/it, TrL=3.1865, VaL=3.2209, TeL=3.2220 ★=best]
Training MLP (info_nce_multi | τ=0.01 | hn=0):  87%|████████▋ | 87/100 [1:10:49<10:37, 49.01s/it, TrL=3.1865, VaL=3.2209, TeL=3.2220 ★=best]
Training MLP (info_nce_multi | τ=0.01 | hn=0):  87%|████████▋ | 87/100 [1:11:37<10:37, 49.01s/it, TrL=3.1866, VaL=3.2214, TeL=3.2218]
Training MLP (info_nce_multi | τ=0.01 | hn=0):  88%|████████▊ | 88/100 [1:11:37<09:45, 48.75s/it, TrL=3.1866, VaL=3.2214, TeL=3.2218]
Training MLP (info_nce_multi | τ=0.01 | hn=0):  88%|████████▊ | 88/100 [1:12:26<09:45, 48.75s/it, TrL=3.1851, VaL=3.2214, TeL=3.2220]
Training MLP (info_nce_multi | τ=0.01 | hn=0):  89%|████████▉ | 89/100 [1:12:26<08:56, 48.78s/it, TrL=3.1851, VaL=3.2214, TeL=3.2220]
Training MLP (info_nce_multi | τ=0.01 | hn=0):  89%|████████▉ | 89/100 [1:13:14<08:56, 48.78s/it, TrL=3.1848, VaL=3.2210, TeL=3.2219]
Training MLP (info_nce_multi | τ=0.01 | hn=0):  90%|█████████ | 90/100 [1:13:14<08:06, 48.61s/it, TrL=3.1848, VaL=3.2210, TeL=3.2219]
Training MLP (info_nce_multi | τ=0.01 | hn=0):  90%|█████████ | 90/100 [1:14:02<08:06, 48.61s/it, TrL=3.1788, VaL=3.2185, TeL=3.2192 ★=best]
Training MLP (info_nce_multi | τ=0.01 | hn=0):  91%|█████████ | 91/100 [1:14:02<07:16, 48.54s/it, TrL=3.1788, VaL=3.2185, TeL=3.2192 ★=best]
Training MLP (info_nce_multi | τ=0.01 | hn=0):  91%|█████████ | 91/100 [1:14:50<07:16, 48.54s/it, TrL=3.1760, VaL=3.2182, TeL=3.2191 ★=best]
Training MLP (info_nce_multi | τ=0.01 | hn=0):  92%|█████████▏| 92/100 [1:14:50<06:26, 48.35s/it, TrL=3.1760, VaL=3.2182, TeL=3.2191 ★=best]
Training MLP (info_nce_multi | τ=0.01 | hn=0):  92%|█████████▏| 92/100 [1:15:40<06:26, 48.35s/it, TrL=3.1762, VaL=3.2185, TeL=3.2190]
Training MLP (info_nce_multi | τ=0.01 | hn=0):  93%|█████████▎| 93/100 [1:15:40<05:41, 48.73s/it, TrL=3.1762, VaL=3.2185, TeL=3.2190]
Training MLP (info_nce_multi | τ=0.01 | hn=0):  93%|█████████▎| 93/100 [1:16:28<05:41, 48.73s/it, TrL=3.1754, VaL=3.2179, TeL=3.2183 ★=best]
Training MLP (info_nce_multi | τ=0.01 | hn=0):  94%|█████████▍| 94/100 [1:16:28<04:50, 48.48s/it, TrL=3.1754, VaL=3.2179, TeL=3.2183 ★=best]
Training MLP (info_nce_multi | τ=0.01 | hn=0):  94%|█████████▍| 94/100 [1:17:16<04:50, 48.48s/it, TrL=3.1743, VaL=3.2186, TeL=3.2190]
Training MLP (info_nce_multi | τ=0.01 | hn=0):  95%|█████████▌| 95/100 [1:17:16<04:01, 48.38s/it, TrL=3.1743, VaL=3.2186, TeL=3.2190]
Training MLP (info_nce_multi | τ=0.01 | hn=0):  95%|█████████▌| 95/100 [1:18:04<04:01, 48.38s/it, TrL=3.1747, VaL=3.2178, TeL=3.2184 ★=best]
Training MLP (info_nce_multi | τ=0.01 | hn=0):  96%|█████████▌| 96/100 [1:18:04<03:12, 48.20s/it, TrL=3.1747, VaL=3.2178, TeL=3.2184 ★=best]
Training MLP (info_nce_multi | τ=0.01 | hn=0):  96%|█████████▌| 96/100 [1:18:53<03:12, 48.20s/it, TrL=3.1741, VaL=3.2176, TeL=3.2183 ★=best]
Training MLP (info_nce_multi | τ=0.01 | hn=0):  97%|█████████▋| 97/100 [1:18:53<02:25, 48.64s/it, TrL=3.1741, VaL=3.2176, TeL=3.2183 ★=best]
Training MLP (info_nce_multi | τ=0.01 | hn=0):  97%|█████████▋| 97/100 [1:19:41<02:25, 48.64s/it, TrL=3.1742, VaL=3.2180, TeL=3.2186]
Training MLP (info_nce_multi | τ=0.01 | hn=0):  98%|█████████▊| 98/100 [1:19:41<01:36, 48.49s/it, TrL=3.1742, VaL=3.2180, TeL=3.2186]
Training MLP (info_nce_multi | τ=0.01 | hn=0):  98%|█████████▊| 98/100 [1:20:32<01:36, 48.49s/it, TrL=3.1742, VaL=3.2175, TeL=3.2184 ★=best]
Training MLP (info_nce_multi | τ=0.01 | hn=0):  99%|█████████▉| 99/100 [1:20:32<00:49, 49.13s/it, TrL=3.1742, VaL=3.2175, TeL=3.2184 ★=best]
Training MLP (info_nce_multi | τ=0.01 | hn=0):  99%|█████████▉| 99/100 [1:21:20<00:49, 49.13s/it, TrL=3.1732, VaL=3.2180, TeL=3.2187]
Training MLP (info_nce_multi | τ=0.01 | hn=0): 100%|██████████| 100/100 [1:21:20<00:00, 48.74s/it, TrL=3.1732, VaL=3.2180, TeL=3.2187]
Training MLP (info_nce_multi | τ=0.01 | hn=0): 100%|██████████| 100/100 [1:21:20<00:00, 48.80s/it, TrL=3.1732, VaL=3.2180, TeL=3.2187]
2026-04-05 12:41:22,631 INFO Strict Checkpoint successfully mapped at: checkpoints/metaqa/hnm_ablation/alignment_mlp_info_nce_multi_tau_0.01_hnm_0.pth
2026-04-05 12:41:23,645 INFO --> Ensuring info_nce_multi | tau=0.01 | hn_k=9 model is statically trained...
2026-04-05 12:41:23,648 INFO Model missing. Triggering training engine for hn_k=9...
2026-04-05 12:41:23,650 INFO Loading data for metaqa | Target Loss: info_nce_multi | Target Tau: 0.01 | Target HNM: 9
Training MLP (info_nce_multi | τ=0.01 | hn=9):   0%|          | 0/100 [00:00<?, ?it/s]
Training MLP (info_nce_multi | τ=0.01 | hn=9):   0%|          | 0/100 [00:50<?, ?it/s, TrL=2.9128, VaL=2.8711, TeL=2.8663 ★=best]
Training MLP (info_nce_multi | τ=0.01 | hn=9):   1%|          | 1/100 [00:50<1:23:30, 50.61s/it, TrL=2.9128, VaL=2.8711, TeL=2.8663 ★=best]
Training MLP (info_nce_multi | τ=0.01 | hn=9):   1%|          | 1/100 [01:42<1:23:30, 50.61s/it, TrL=2.8664, VaL=2.8640, TeL=2.8594 ★=best]
Training MLP (info_nce_multi | τ=0.01 | hn=9):   2%|▏         | 2/100 [01:42<1:23:49, 51.33s/it, TrL=2.8664, VaL=2.8640, TeL=2.8594 ★=best]
Training MLP (info_nce_multi | τ=0.01 | hn=9):   2%|▏         | 2/100 [02:32<1:23:49, 51.33s/it, TrL=2.8608, VaL=2.8611, TeL=2.8562 ★=best]
Training MLP (info_nce_multi | τ=0.01 | hn=9):   3%|▎         | 3/100 [02:32<1:22:16, 50.90s/it, TrL=2.8608, VaL=2.8611, TeL=2.8562 ★=best]
Training MLP (info_nce_multi | τ=0.01 | hn=9):   3%|▎         | 3/100 [03:22<1:22:16, 50.90s/it, TrL=2.8580, VaL=2.8601, TeL=2.8551 ★=best]
Training MLP (info_nce_multi | τ=0.01 | hn=9):   4%|▍         | 4/100 [03:22<1:20:36, 50.38s/it, TrL=2.8580, VaL=2.8601, TeL=2.8551 ★=best]
Training MLP (info_nce_multi | τ=0.01 | hn=9):   4%|▍         | 4/100 [04:13<1:20:36, 50.38s/it, TrL=2.8548, VaL=2.8575, TeL=2.8525 ★=best]
Training MLP (info_nce_multi | τ=0.01 | hn=9):   5%|▌         | 5/100 [04:13<1:19:55, 50.48s/it, TrL=2.8548, VaL=2.8575, TeL=2.8525 ★=best]
Training MLP (info_nce_multi | τ=0.01 | hn=9):   5%|▌         | 5/100 [05:03<1:19:55, 50.48s/it, TrL=2.8532, VaL=2.8567, TeL=2.8517 ★=best]
Training MLP (info_nce_multi | τ=0.01 | hn=9):   6%|▌         | 6/100 [05:03<1:18:59, 50.42s/it, TrL=2.8532, VaL=2.8567, TeL=2.8517 ★=best]
Training MLP (info_nce_multi | τ=0.01 | hn=9):   6%|▌         | 6/100 [05:52<1:18:59, 50.42s/it, TrL=2.8513, VaL=2.8558, TeL=2.8510 ★=best]
Training MLP (info_nce_multi | τ=0.01 | hn=9):   7%|▋         | 7/100 [05:52<1:17:43, 50.14s/it, TrL=2.8513, VaL=2.8558, TeL=2.8510 ★=best]
Training MLP (info_nce_multi | τ=0.01 | hn=9):   7%|▋         | 7/100 [06:43<1:17:43, 50.14s/it, TrL=2.8500, VaL=2.8546, TeL=2.8498 ★=best]
Training MLP (info_nce_multi | τ=0.01 | hn=9):   8%|▊         | 8/100 [06:43<1:16:58, 50.20s/it, TrL=2.8500, VaL=2.8546, TeL=2.8498 ★=best]
Training MLP (info_nce_multi | τ=0.01 | hn=9):   8%|▊         | 8/100 [07:33<1:16:58, 50.20s/it, TrL=2.8486, VaL=2.8546, TeL=2.8497]
Training MLP (info_nce_multi | τ=0.01 | hn=9):   9%|▉         | 9/100 [07:33<1:16:08, 50.20s/it, TrL=2.8486, VaL=2.8546, TeL=2.8497]
Training MLP (info_nce_multi | τ=0.01 | hn=9):   9%|▉         | 9/100 [08:23<1:16:08, 50.20s/it, TrL=2.8463, VaL=2.8541, TeL=2.8490 ★=best]
Training MLP (info_nce_multi | τ=0.01 | hn=9):  10%|█         | 10/100 [08:23<1:15:16, 50.18s/it, TrL=2.8463, VaL=2.8541, TeL=2.8490 ★=best]
Training MLP (info_nce_multi | τ=0.01 | hn=9):  10%|█         | 10/100 [09:14<1:15:16, 50.18s/it, TrL=2.8457, VaL=2.8535, TeL=2.8485 ★=best]
Training MLP (info_nce_multi | τ=0.01 | hn=9):  11%|█         | 11/100 [09:14<1:14:39, 50.33s/it, TrL=2.8457, VaL=2.8535, TeL=2.8485 ★=best]
Training MLP (info_nce_multi | τ=0.01 | hn=9):  11%|█         | 11/100 [10:04<1:14:39, 50.33s/it, TrL=2.8453, VaL=2.8537, TeL=2.8488]
Training MLP (info_nce_multi | τ=0.01 | hn=9):  12%|█▏        | 12/100 [10:04<1:13:37, 50.20s/it, TrL=2.8453, VaL=2.8537, TeL=2.8488]
Training MLP (info_nce_multi | τ=0.01 | hn=9):  12%|█▏        | 12/100 [10:53<1:13:37, 50.20s/it, TrL=2.8442, VaL=2.8535, TeL=2.8485 ★=best]
Training MLP (info_nce_multi | τ=0.01 | hn=9):  13%|█▎        | 13/100 [10:53<1:12:26, 49.96s/it, TrL=2.8442, VaL=2.8535, TeL=2.8485 ★=best]
Training MLP (info_nce_multi | τ=0.01 | hn=9):  13%|█▎        | 13/100 [11:43<1:12:26, 49.96s/it, TrL=2.8432, VaL=2.8525, TeL=2.8476 ★=best]
Training MLP (info_nce_multi | τ=0.01 | hn=9):  14%|█▍        | 14/100 [11:43<1:11:48, 50.10s/it, TrL=2.8432, VaL=2.8525, TeL=2.8476 ★=best]
Training MLP (info_nce_multi | τ=0.01 | hn=9):  14%|█▍        | 14/100 [12:33<1:11:48, 50.10s/it, TrL=2.8416, VaL=2.8523, TeL=2.8474 ★=best]
Training MLP (info_nce_multi | τ=0.01 | hn=9):  15%|█▌        | 15/100 [12:33<1:10:37, 49.85s/it, TrL=2.8416, VaL=2.8523, TeL=2.8474 ★=best]
Training MLP (info_nce_multi | τ=0.01 | hn=9):  15%|█▌        | 15/100 [13:22<1:10:37, 49.85s/it, TrL=2.8404, VaL=2.8523, TeL=2.8473]
Training MLP (info_nce_multi | τ=0.01 | hn=9):  16%|█▌        | 16/100 [13:22<1:09:39, 49.76s/it, TrL=2.8404, VaL=2.8523, TeL=2.8473]
Training MLP (info_nce_multi | τ=0.01 | hn=9):  16%|█▌        | 16/100 [14:12<1:09:39, 49.76s/it, TrL=2.8400, VaL=2.8515, TeL=2.8463 ★=best]
Training MLP (info_nce_multi | τ=0.01 | hn=9):  17%|█▋        | 17/100 [14:12<1:08:41, 49.66s/it, TrL=2.8400, VaL=2.8515, TeL=2.8463 ★=best]
Training MLP (info_nce_multi | τ=0.01 | hn=9):  17%|█▋        | 17/100 [15:01<1:08:41, 49.66s/it, TrL=2.8388, VaL=2.8517, TeL=2.8469]
Training MLP (info_nce_multi | τ=0.01 | hn=9):  18%|█▊        | 18/100 [15:01<1:07:44, 49.57s/it, TrL=2.8388, VaL=2.8517, TeL=2.8469]
Training MLP (info_nce_multi | τ=0.01 | hn=9):  18%|█▊        | 18/100 [15:50<1:07:44, 49.57s/it, TrL=2.8383, VaL=2.8518, TeL=2.8466]
Training MLP (info_nce_multi | τ=0.01 | hn=9):  19%|█▉        | 19/100 [15:50<1:06:46, 49.46s/it, TrL=2.8383, VaL=2.8518, TeL=2.8466]
Training MLP (info_nce_multi | τ=0.01 | hn=9):  19%|█▉        | 19/100 [16:41<1:06:46, 49.46s/it, TrL=2.8382, VaL=2.8518, TeL=2.8467]
Training MLP (info_nce_multi | τ=0.01 | hn=9):  20%|██        | 20/100 [16:41<1:06:22, 49.78s/it, TrL=2.8382, VaL=2.8518, TeL=2.8467]
Training MLP (info_nce_multi | τ=0.01 | hn=9):  20%|██        | 20/100 [17:32<1:06:22, 49.78s/it, TrL=2.8371, VaL=2.8512, TeL=2.8463 ★=best]
Training MLP (info_nce_multi | τ=0.01 | hn=9):  21%|██        | 21/100 [17:32<1:05:56, 50.08s/it, TrL=2.8371, VaL=2.8512, TeL=2.8463 ★=best]
Training MLP (info_nce_multi | τ=0.01 | hn=9):  21%|██        | 21/100 [18:22<1:05:56, 50.08s/it, TrL=2.8363, VaL=2.8513, TeL=2.8464]
Training MLP (info_nce_multi | τ=0.01 | hn=9):  22%|██▏       | 22/100 [18:22<1:05:09, 50.12s/it, TrL=2.8363, VaL=2.8513, TeL=2.8464]
Training MLP (info_nce_multi | τ=0.01 | hn=9):  22%|██▏       | 22/100 [19:12<1:05:09, 50.12s/it, TrL=2.8357, VaL=2.8512, TeL=2.8460 ★=best]
Training MLP (info_nce_multi | τ=0.01 | hn=9):  23%|██▎       | 23/100 [19:12<1:04:14, 50.06s/it, TrL=2.8357, VaL=2.8512, TeL=2.8460 ★=best]
Training MLP (info_nce_multi | τ=0.01 | hn=9):  23%|██▎       | 23/100 [20:02<1:04:14, 50.06s/it, TrL=2.8353, VaL=2.8509, TeL=2.8462 ★=best]
Training MLP (info_nce_multi | τ=0.01 | hn=9):  24%|██▍       | 24/100 [20:02<1:03:27, 50.10s/it, TrL=2.8353, VaL=2.8509, TeL=2.8462 ★=best]
Training MLP (info_nce_multi | τ=0.01 | hn=9):  24%|██▍       | 24/100 [20:52<1:03:27, 50.10s/it, TrL=2.8347, VaL=2.8511, TeL=2.8467]
Training MLP (info_nce_multi | τ=0.01 | hn=9):  25%|██▌       | 25/100 [20:52<1:02:36, 50.09s/it, TrL=2.8347, VaL=2.8511, TeL=2.8467]
Training MLP (info_nce_multi | τ=0.01 | hn=9):  25%|██▌       | 25/100 [21:42<1:02:36, 50.09s/it, TrL=2.8343, VaL=2.8508, TeL=2.8458 ★=best]
Training MLP (info_nce_multi | τ=0.01 | hn=9):  26%|██▌       | 26/100 [21:42<1:01:54, 50.19s/it, TrL=2.8343, VaL=2.8508, TeL=2.8458 ★=best]
Training MLP (info_nce_multi | τ=0.01 | hn=9):  26%|██▌       | 26/100 [22:32<1:01:54, 50.19s/it, TrL=2.8334, VaL=2.8509, TeL=2.8459]
Training MLP (info_nce_multi | τ=0.01 | hn=9):  27%|██▋       | 27/100 [22:32<1:00:54, 50.07s/it, TrL=2.8334, VaL=2.8509, TeL=2.8459]
Training MLP (info_nce_multi | τ=0.01 | hn=9):  27%|██▋       | 27/100 [23:23<1:00:54, 50.07s/it, TrL=2.8328, VaL=2.8508, TeL=2.8460 ★=best]
Training MLP (info_nce_multi | τ=0.01 | hn=9):  28%|██▊       | 28/100 [23:23<1:00:24, 50.34s/it, TrL=2.8328, VaL=2.8508, TeL=2.8460 ★=best]
Training MLP (info_nce_multi | τ=0.01 | hn=9):  28%|██▊       | 28/100 [24:13<1:00:24, 50.34s/it, TrL=2.8326, VaL=2.8511, TeL=2.8462]
Training MLP (info_nce_multi | τ=0.01 | hn=9):  29%|██▉       | 29/100 [24:13<59:31, 50.30s/it, TrL=2.8326, VaL=2.8511, TeL=2.8462]
Training MLP (info_nce_multi | τ=0.01 | hn=9):  29%|██▉       | 29/100 [25:04<59:31, 50.30s/it, TrL=2.8322, VaL=2.8505, TeL=2.8455 ★=best]
Training MLP (info_nce_multi | τ=0.01 | hn=9):  30%|███       | 30/100 [25:04<58:53, 50.48s/it, TrL=2.8322, VaL=2.8505, TeL=2.8455 ★=best]
Training MLP (info_nce_multi | τ=0.01 | hn=9):  30%|███       | 30/100 [25:55<58:53, 50.48s/it, TrL=2.8313, VaL=2.8504, TeL=2.8454 ★=best]
Training MLP (info_nce_multi | τ=0.01 | hn=9):  31%|███       | 31/100 [25:55<58:05, 50.52s/it, TrL=2.8313, VaL=2.8504, TeL=2.8454 ★=best]
Training MLP (info_nce_multi | τ=0.01 | hn=9):  31%|███       | 31/100 [26:45<58:05, 50.52s/it, TrL=2.8306, VaL=2.8510, TeL=2.8459]
Training MLP (info_nce_multi | τ=0.01 | hn=9):  32%|███▏      | 32/100 [26:45<57:00, 50.30s/it, TrL=2.8306, VaL=2.8510, TeL=2.8459]
Training MLP (info_nce_multi | τ=0.01 | hn=9):  32%|███▏      | 32/100 [27:35<57:00, 50.30s/it, TrL=2.8303, VaL=2.8503, TeL=2.8454 ★=best]
Training MLP (info_nce_multi | τ=0.01 | hn=9):  33%|███▎      | 33/100 [27:35<56:11, 50.32s/it, TrL=2.8303, VaL=2.8503, TeL=2.8454 ★=best]
Training MLP (info_nce_multi | τ=0.01 | hn=9):  33%|███▎      | 33/100 [28:25<56:11, 50.32s/it, TrL=2.8297, VaL=2.8508, TeL=2.8460]
Training MLP (info_nce_multi | τ=0.01 | hn=9):  34%|███▍      | 34/100 [28:25<55:14, 50.22s/it, TrL=2.8297, VaL=2.8508, TeL=2.8460]
Training MLP (info_nce_multi | τ=0.01 | hn=9):  34%|███▍      | 34/100 [29:15<55:14, 50.22s/it, TrL=2.8303, VaL=2.8502, TeL=2.8451 ★=best]
Training MLP (info_nce_multi | τ=0.01 | hn=9):  35%|███▌      | 35/100 [29:15<54:18, 50.13s/it, TrL=2.8303, VaL=2.8502, TeL=2.8451 ★=best]
Training MLP (info_nce_multi | τ=0.01 | hn=9):  35%|███▌      | 35/100 [30:06<54:18, 50.13s/it, TrL=2.8289, VaL=2.8506, TeL=2.8458]
Training MLP (info_nce_multi | τ=0.01 | hn=9):  36%|███▌      | 36/100 [30:06<53:40, 50.32s/it, TrL=2.8289, VaL=2.8506, TeL=2.8458]
Training MLP (info_nce_multi | τ=0.01 | hn=9):  36%|███▌      | 36/100 [30:56<53:40, 50.32s/it, TrL=2.8291, VaL=2.8505, TeL=2.8456]
Training MLP (info_nce_multi | τ=0.01 | hn=9):  37%|███▋      | 37/100 [30:56<52:52, 50.35s/it, TrL=2.8291, VaL=2.8505, TeL=2.8456]
Training MLP (info_nce_multi | τ=0.01 | hn=9):  37%|███▋      | 37/100 [31:45<52:52, 50.35s/it, TrL=2.8287, VaL=2.8504, TeL=2.8455]
Training MLP (info_nce_multi | τ=0.01 | hn=9):  38%|███▊      | 38/100 [31:45<51:40, 50.02s/it, TrL=2.8287, VaL=2.8504, TeL=2.8455]
Training MLP (info_nce_multi | τ=0.01 | hn=9):  38%|███▊      | 38/100 [32:35<51:40, 50.02s/it, TrL=2.8279, VaL=2.8512, TeL=2.8464]
Training MLP (info_nce_multi | τ=0.01 | hn=9):  39%|███▉      | 39/100 [32:35<50:35, 49.76s/it, TrL=2.8279, VaL=2.8512, TeL=2.8464]
Training MLP (info_nce_multi | τ=0.01 | hn=9):  39%|███▉      | 39/100 [33:26<50:35, 49.76s/it, TrL=2.8276, VaL=2.8509, TeL=2.8459]
Training MLP (info_nce_multi | τ=0.01 | hn=9):  40%|████      | 40/100 [33:26<50:11, 50.18s/it, TrL=2.8276, VaL=2.8509, TeL=2.8459]
Training MLP (info_nce_multi | τ=0.01 | hn=9):  40%|████      | 40/100 [34:15<50:11, 50.18s/it, TrL=2.8271, VaL=2.8507, TeL=2.8459]
Training MLP (info_nce_multi | τ=0.01 | hn=9):  41%|████      | 41/100 [34:15<49:12, 50.04s/it, TrL=2.8271, VaL=2.8507, TeL=2.8459]
Training MLP (info_nce_multi | τ=0.01 | hn=9):  41%|████      | 41/100 [35:05<49:12, 50.04s/it, TrL=2.8272, VaL=2.8513, TeL=2.8465]
Training MLP (info_nce_multi | τ=0.01 | hn=9):  42%|████▏     | 42/100 [35:05<48:16, 49.95s/it, TrL=2.8272, VaL=2.8513, TeL=2.8465]
Training MLP (info_nce_multi | τ=0.01 | hn=9):  42%|████▏     | 42/100 [35:55<48:16, 49.95s/it, TrL=2.8259, VaL=2.8510, TeL=2.8465]
Training MLP (info_nce_multi | τ=0.01 | hn=9):  43%|████▎     | 43/100 [35:55<47:32, 50.04s/it, TrL=2.8259, VaL=2.8510, TeL=2.8465]
Training MLP (info_nce_multi | τ=0.01 | hn=9):  43%|████▎     | 43/100 [36:45<47:32, 50.04s/it, TrL=2.8235, VaL=2.8499, TeL=2.8449 ★=best]
Training MLP (info_nce_multi | τ=0.01 | hn=9):  44%|████▍     | 44/100 [36:45<46:33, 49.88s/it, TrL=2.8235, VaL=2.8499, TeL=2.8449 ★=best]
Training MLP (info_nce_multi | τ=0.01 | hn=9):  44%|████▍     | 44/100 [37:34<46:33, 49.88s/it, TrL=2.8216, VaL=2.8498, TeL=2.8448 ★=best]
Training MLP (info_nce_multi | τ=0.01 | hn=9):  45%|████▌     | 45/100 [37:34<45:31, 49.66s/it, TrL=2.8216, VaL=2.8498, TeL=2.8448 ★=best]
Training MLP (info_nce_multi | τ=0.01 | hn=9):  45%|████▌     | 45/100 [38:24<45:31, 49.66s/it, TrL=2.8216, VaL=2.8502, TeL=2.8456]
Training MLP (info_nce_multi | τ=0.01 | hn=9):  46%|████▌     | 46/100 [38:24<44:44, 49.71s/it, TrL=2.8216, VaL=2.8502, TeL=2.8456]
Training MLP (info_nce_multi | τ=0.01 | hn=9):  46%|████▌     | 46/100 [39:14<44:44, 49.71s/it, TrL=2.8211, VaL=2.8505, TeL=2.8456]
Training MLP (info_nce_multi | τ=0.01 | hn=9):  47%|████▋     | 47/100 [39:14<44:02, 49.86s/it, TrL=2.8211, VaL=2.8505, TeL=2.8456]
Training MLP (info_nce_multi | τ=0.01 | hn=9):  47%|████▋     | 47/100 [40:04<44:02, 49.86s/it, TrL=2.8205, VaL=2.8509, TeL=2.8459]
Training MLP (info_nce_multi | τ=0.01 | hn=9):  48%|████▊     | 48/100 [40:04<43:14, 49.89s/it, TrL=2.8205, VaL=2.8509, TeL=2.8459]
Training MLP (info_nce_multi | τ=0.01 | hn=9):  48%|████▊     | 48/100 [40:54<43:14, 49.89s/it, TrL=2.8202, VaL=2.8509, TeL=2.8462]
Training MLP (info_nce_multi | τ=0.01 | hn=9):  49%|████▉     | 49/100 [40:54<42:26, 49.93s/it, TrL=2.8202, VaL=2.8509, TeL=2.8462]
Training MLP (info_nce_multi | τ=0.01 | hn=9):  49%|████▉     | 49/100 [41:44<42:26, 49.93s/it, TrL=2.8202, VaL=2.8511, TeL=2.8465]
Training MLP (info_nce_multi | τ=0.01 | hn=9):  50%|█████     | 50/100 [41:44<41:40, 50.01s/it, TrL=2.8202, VaL=2.8511, TeL=2.8465]
Training MLP (info_nce_multi | τ=0.01 | hn=9):  50%|█████     | 50/100 [42:34<41:40, 50.01s/it, TrL=2.8197, VaL=2.8507, TeL=2.8460]
Training MLP (info_nce_multi | τ=0.01 | hn=9):  51%|█████     | 51/100 [42:34<40:51, 50.04s/it, TrL=2.8197, VaL=2.8507, TeL=2.8460]
Training MLP (info_nce_multi | τ=0.01 | hn=9):  51%|█████     | 51/100 [43:24<40:51, 50.04s/it, TrL=2.8196, VaL=2.8514, TeL=2.8468]
Training MLP (info_nce_multi | τ=0.01 | hn=9):  52%|█████▏    | 52/100 [43:24<40:02, 50.04s/it, TrL=2.8196, VaL=2.8514, TeL=2.8468]
Training MLP (info_nce_multi | τ=0.01 | hn=9):  52%|█████▏    | 52/100 [44:14<40:02, 50.04s/it, TrL=2.8181, VaL=2.8510, TeL=2.8462]
Training MLP (info_nce_multi | τ=0.01 | hn=9):  53%|█████▎    | 53/100 [44:14<39:05, 49.91s/it, TrL=2.8181, VaL=2.8510, TeL=2.8462]
Training MLP (info_nce_multi | τ=0.01 | hn=9):  53%|█████▎    | 53/100 [45:04<39:05, 49.91s/it, TrL=2.8168, VaL=2.8511, TeL=2.8462]
Training MLP (info_nce_multi | τ=0.01 | hn=9):  54%|█████▍    | 54/100 [45:04<38:17, 49.94s/it, TrL=2.8168, VaL=2.8511, TeL=2.8462]
Training MLP (info_nce_multi | τ=0.01 | hn=9):  54%|█████▍    | 54/100 [45:53<38:17, 49.94s/it, TrL=2.8167, VaL=2.8514, TeL=2.8466]
Training MLP (info_nce_multi | τ=0.01 | hn=9):  55%|█████▌    | 55/100 [45:53<37:20, 49.79s/it, TrL=2.8167, VaL=2.8514, TeL=2.8466]
Training MLP (info_nce_multi | τ=0.01 | hn=9):  55%|█████▌    | 55/100 [46:43<37:20, 49.79s/it, TrL=2.8167, VaL=2.8517, TeL=2.8470]
Training MLP (info_nce_multi | τ=0.01 | hn=9):  56%|█████▌    | 56/100 [46:43<36:26, 49.70s/it, TrL=2.8167, VaL=2.8517, TeL=2.8470]
Training MLP (info_nce_multi | τ=0.01 | hn=9):  56%|█████▌    | 56/100 [47:33<36:26, 49.70s/it, TrL=2.8161, VaL=2.8519, TeL=2.8473]
Training MLP (info_nce_multi | τ=0.01 | hn=9):  57%|█████▋    | 57/100 [47:33<35:35, 49.66s/it, TrL=2.8161, VaL=2.8519, TeL=2.8473]
Training MLP (info_nce_multi | τ=0.01 | hn=9):  57%|█████▋    | 57/100 [48:22<35:35, 49.66s/it, TrL=2.8161, VaL=2.8520, TeL=2.8473]
Training MLP (info_nce_multi | τ=0.01 | hn=9):  58%|█████▊    | 58/100 [48:22<34:41, 49.57s/it, TrL=2.8161, VaL=2.8520, TeL=2.8473]
Training MLP (info_nce_multi | τ=0.01 | hn=9):  58%|█████▊    | 58/100 [49:12<34:41, 49.57s/it, TrL=2.8162, VaL=2.8519, TeL=2.8471]
Training MLP (info_nce_multi | τ=0.01 | hn=9):  59%|█████▉    | 59/100 [49:12<33:53, 49.60s/it, TrL=2.8162, VaL=2.8519, TeL=2.8471]
Training MLP (info_nce_multi | τ=0.01 | hn=9):  59%|█████▉    | 59/100 [50:03<33:53, 49.60s/it, TrL=2.8154, VaL=2.8522, TeL=2.8476]
Training MLP (info_nce_multi | τ=0.01 | hn=9):  60%|██████    | 60/100 [50:03<33:25, 50.14s/it, TrL=2.8154, VaL=2.8522, TeL=2.8476]
Training MLP (info_nce_multi | τ=0.01 | hn=9):  60%|██████    | 60/100 [50:53<33:25, 50.14s/it, TrL=2.8148, VaL=2.8522, TeL=2.8475]
Training MLP (info_nce_multi | τ=0.01 | hn=9):  61%|██████    | 61/100 [50:53<32:30, 50.01s/it, TrL=2.8148, VaL=2.8522, TeL=2.8475]
Training MLP (info_nce_multi | τ=0.01 | hn=9):  61%|██████    | 61/100 [51:42<32:30, 50.01s/it, TrL=2.8147, VaL=2.8523, TeL=2.8477]
Training MLP (info_nce_multi | τ=0.01 | hn=9):  62%|██████▏   | 62/100 [51:42<31:32, 49.80s/it, TrL=2.8147, VaL=2.8523, TeL=2.8477]
Training MLP (info_nce_multi | τ=0.01 | hn=9):  62%|██████▏   | 62/100 [52:31<31:32, 49.80s/it, TrL=2.8142, VaL=2.8523, TeL=2.8476]
Training MLP (info_nce_multi | τ=0.01 | hn=9):  63%|██████▎   | 63/100 [52:31<30:37, 49.66s/it, TrL=2.8142, VaL=2.8523, TeL=2.8476]
Training MLP (info_nce_multi | τ=0.01 | hn=9):  63%|██████▎   | 63/100 [53:21<30:37, 49.66s/it, TrL=2.8146, VaL=2.8527, TeL=2.8480]
Training MLP (info_nce_multi | τ=0.01 | hn=9):  64%|██████▍   | 64/100 [53:21<29:52, 49.80s/it, TrL=2.8146, VaL=2.8527, TeL=2.8480]
Training MLP (info_nce_multi | τ=0.01 | hn=9):  64%|██████▍   | 64/100 [54:11<29:52, 49.80s/it, TrL=2.8152, VaL=2.8525, TeL=2.8479]
Training MLP (info_nce_multi | τ=0.01 | hn=9):  65%|██████▌   | 65/100 [54:11<28:58, 49.68s/it, TrL=2.8152, VaL=2.8525, TeL=2.8479]2026-04-05 13:35:34,970 INFO Early stopping triggered at epoch 65
Training MLP (info_nce_multi | τ=0.01 | hn=9):  65%|██████▌   | 65/100 [54:11<29:10, 50.02s/it, TrL=2.8152, VaL=2.8525, TeL=2.8479]
2026-04-05 13:35:34,980 INFO Strict Checkpoint successfully mapped at: checkpoints/metaqa/hnm_ablation/alignment_mlp_info_nce_multi_tau_0.01_hnm_9.pth
2026-04-05 13:35:35,945 INFO --> Ensuring info_nce_multi | tau=0.01 | hn_k=19 model is statically trained...
2026-04-05 13:35:35,946 INFO Model missing. Triggering training engine for hn_k=19...
2026-04-05 13:35:35,947 INFO Loading data for metaqa | Target Loss: info_nce_multi | Target Tau: 0.01 | Target HNM: 19
Training MLP (info_nce_multi | τ=0.01 | hn=19):   0%|          | 0/100 [00:00<?, ?it/s]
Training MLP (info_nce_multi | τ=0.01 | hn=19):   0%|          | 0/100 [00:50<?, ?it/s, TrL=3.2300, VaL=3.1744, TeL=3.1755 ★=best]
Training MLP (info_nce_multi | τ=0.01 | hn=19):   1%|          | 1/100 [00:50<1:22:50, 50.21s/it, TrL=3.2300, VaL=3.1744, TeL=3.1755 ★=best]
Training MLP (info_nce_multi | τ=0.01 | hn=19):   1%|          | 1/100 [01:39<1:22:50, 50.21s/it, TrL=3.1721, VaL=3.1604, TeL=3.1613 ★=best]
Training MLP (info_nce_multi | τ=0.01 | hn=19):   2%|▏         | 2/100 [01:39<1:21:00, 49.60s/it, TrL=3.1721, VaL=3.1604, TeL=3.1613 ★=best]
Training MLP (info_nce_multi | τ=0.01 | hn=19):   2%|▏         | 2/100 [02:29<1:21:00, 49.60s/it, TrL=3.1602, VaL=3.1533, TeL=3.1536 ★=best]
Training MLP (info_nce_multi | τ=0.01 | hn=19):   3%|▎         | 3/100 [02:29<1:20:28, 49.78s/it, TrL=3.1602, VaL=3.1533, TeL=3.1536 ★=best]
Training MLP (info_nce_multi | τ=0.01 | hn=19):   3%|▎         | 3/100 [03:19<1:20:28, 49.78s/it, TrL=3.1537, VaL=3.1496, TeL=3.1500 ★=best]
Training MLP (info_nce_multi | τ=0.01 | hn=19):   4%|▍         | 4/100 [03:19<1:19:52, 49.93s/it, TrL=3.1537, VaL=3.1496, TeL=3.1500 ★=best]
Training MLP (info_nce_multi | τ=0.01 | hn=19):   4%|▍         | 4/100 [04:09<1:19:52, 49.93s/it, TrL=3.1483, VaL=3.1450, TeL=3.1456 ★=best]
Training MLP (info_nce_multi | τ=0.01 | hn=19):   5%|▌         | 5/100 [04:09<1:18:52, 49.82s/it, TrL=3.1483, VaL=3.1450, TeL=3.1456 ★=best]
Training MLP (info_nce_multi | τ=0.01 | hn=19):   5%|▌         | 5/100 [04:59<1:18:52, 49.82s/it, TrL=3.1440, VaL=3.1431, TeL=3.1434 ★=best]
Training MLP (info_nce_multi | τ=0.01 | hn=19):   6%|▌         | 6/100 [04:59<1:18:15, 49.95s/it, TrL=3.1440, VaL=3.1431, TeL=3.1434 ★=best]
Training MLP (info_nce_multi | τ=0.01 | hn=19):   6%|▌         | 6/100 [05:50<1:18:15, 49.95s/it, TrL=3.1402, VaL=3.1392, TeL=3.1394 ★=best]
Training MLP (info_nce_multi | τ=0.01 | hn=19):   7%|▋         | 7/100 [05:50<1:17:53, 50.25s/it, TrL=3.1402, VaL=3.1392, TeL=3.1394 ★=best]
Training MLP (info_nce_multi | τ=0.01 | hn=19):   7%|▋         | 7/100 [06:39<1:17:53, 50.25s/it, TrL=3.1374, VaL=3.1374, TeL=3.1378 ★=best]
Training MLP (info_nce_multi | τ=0.01 | hn=19):   8%|▊         | 8/100 [06:39<1:16:43, 50.04s/it, TrL=3.1374, VaL=3.1374, TeL=3.1378 ★=best]
Training MLP (info_nce_multi | τ=0.01 | hn=19):   8%|▊         | 8/100 [07:29<1:16:43, 50.04s/it, TrL=3.1340, VaL=3.1353, TeL=3.1354 ★=best]
Training MLP (info_nce_multi | τ=0.01 | hn=19):   9%|▉         | 9/100 [07:29<1:15:34, 49.83s/it, TrL=3.1340, VaL=3.1353, TeL=3.1354 ★=best]
Training MLP (info_nce_multi | τ=0.01 | hn=19):   9%|▉         | 9/100 [08:18<1:15:34, 49.83s/it, TrL=3.1315, VaL=3.1343, TeL=3.1346 ★=best]
Training MLP (info_nce_multi | τ=0.01 | hn=19):  10%|█         | 10/100 [08:18<1:14:26, 49.63s/it, TrL=3.1315, VaL=3.1343, TeL=3.1346 ★=best]
Training MLP (info_nce_multi | τ=0.01 | hn=19):  10%|█         | 10/100 [09:07<1:14:26, 49.63s/it, TrL=3.1299, VaL=3.1343, TeL=3.1342 ★=best]
Training MLP (info_nce_multi | τ=0.01 | hn=19):  11%|█         | 11/100 [09:07<1:13:18, 49.42s/it, TrL=3.1299, VaL=3.1343, TeL=3.1342 ★=best]
Training MLP (info_nce_multi | τ=0.01 | hn=19):  11%|█         | 11/100 [09:56<1:13:18, 49.42s/it, TrL=3.1269, VaL=3.1311, TeL=3.1311 ★=best]
Training MLP (info_nce_multi | τ=0.01 | hn=19):  12%|█▏        | 12/100 [09:56<1:12:24, 49.37s/it, TrL=3.1269, VaL=3.1311, TeL=3.1311 ★=best]
Training MLP (info_nce_multi | τ=0.01 | hn=19):  12%|█▏        | 12/100 [10:46<1:12:24, 49.37s/it, TrL=3.1254, VaL=3.1305, TeL=3.1304 ★=best]
Training MLP (info_nce_multi | τ=0.01 | hn=19):  13%|█▎        | 13/100 [10:46<1:11:45, 49.49s/it, TrL=3.1254, VaL=3.1305, TeL=3.1304 ★=best]
Training MLP (info_nce_multi | τ=0.01 | hn=19):  13%|█▎        | 13/100 [11:35<1:11:45, 49.49s/it, TrL=3.1235, VaL=3.1302, TeL=3.1296 ★=best]
Training MLP (info_nce_multi | τ=0.01 | hn=19):  14%|█▍        | 14/100 [11:35<1:10:57, 49.51s/it, TrL=3.1235, VaL=3.1302, TeL=3.1296 ★=best]
Training MLP (info_nce_multi | τ=0.01 | hn=19):  14%|█▍        | 14/100 [12:25<1:10:57, 49.51s/it, TrL=3.1230, VaL=3.1280, TeL=3.1277 ★=best]
Training MLP (info_nce_multi | τ=0.01 | hn=19):  15%|█▌        | 15/100 [12:25<1:10:00, 49.41s/it, TrL=3.1230, VaL=3.1280, TeL=3.1277 ★=best]
Training MLP (info_nce_multi | τ=0.01 | hn=19):  15%|█▌        | 15/100 [13:14<1:10:00, 49.41s/it, TrL=3.1210, VaL=3.1273, TeL=3.1272 ★=best]
Training MLP (info_nce_multi | τ=0.01 | hn=19):  16%|█▌        | 16/100 [13:14<1:09:09, 49.40s/it, TrL=3.1210, VaL=3.1273, TeL=3.1272 ★=best]
Training MLP (info_nce_multi | τ=0.01 | hn=19):  16%|█▌        | 16/100 [14:04<1:09:09, 49.40s/it, TrL=3.1200, VaL=3.1267, TeL=3.1264 ★=best]
Training MLP (info_nce_multi | τ=0.01 | hn=19):  17%|█▋        | 17/100 [14:04<1:08:44, 49.69s/it, TrL=3.1200, VaL=3.1267, TeL=3.1264 ★=best]
Training MLP (info_nce_multi | τ=0.01 | hn=19):  17%|█▋        | 17/100 [14:54<1:08:44, 49.69s/it, TrL=3.1184, VaL=3.1266, TeL=3.1261 ★=best]
Training MLP (info_nce_multi | τ=0.01 | hn=19):  18%|█▊        | 18/100 [14:54<1:07:56, 49.71s/it, TrL=3.1184, VaL=3.1266, TeL=3.1261 ★=best]
Training MLP (info_nce_multi | τ=0.01 | hn=19):  18%|█▊        | 18/100 [15:44<1:07:56, 49.71s/it, TrL=3.1178, VaL=3.1263, TeL=3.1264 ★=best]
Training MLP (info_nce_multi | τ=0.01 | hn=19):  19%|█▉        | 19/100 [15:44<1:07:15, 49.82s/it, TrL=3.1178, VaL=3.1263, TeL=3.1264 ★=best]
Training MLP (info_nce_multi | τ=0.01 | hn=19):  19%|█▉        | 19/100 [16:35<1:07:15, 49.82s/it, TrL=3.1159, VaL=3.1250, TeL=3.1250 ★=best]
Training MLP (info_nce_multi | τ=0.01 | hn=19):  20%|██        | 20/100 [16:35<1:06:45, 50.07s/it, TrL=3.1159, VaL=3.1250, TeL=3.1250 ★=best]
Training MLP (info_nce_multi | τ=0.01 | hn=19):  20%|██        | 20/100 [17:25<1:06:45, 50.07s/it, TrL=3.1149, VaL=3.1243, TeL=3.1241 ★=best]
Training MLP (info_nce_multi | τ=0.01 | hn=19):  21%|██        | 21/100 [17:25<1:05:50, 50.00s/it, TrL=3.1149, VaL=3.1243, TeL=3.1241 ★=best]
Training MLP (info_nce_multi | τ=0.01 | hn=19):  21%|██        | 21/100 [18:14<1:05:50, 50.00s/it, TrL=3.1143, VaL=3.1246, TeL=3.1246]
Training MLP (info_nce_multi | τ=0.01 | hn=19):  22%|██▏       | 22/100 [18:14<1:04:50, 49.88s/it, TrL=3.1143, VaL=3.1246, TeL=3.1246]
Training MLP (info_nce_multi | τ=0.01 | hn=19):  22%|██▏       | 22/100 [19:04<1:04:50, 49.88s/it, TrL=3.1140, VaL=3.1246, TeL=3.1246]
Training MLP (info_nce_multi | τ=0.01 | hn=19):  23%|██▎       | 23/100 [19:04<1:03:53, 49.78s/it, TrL=3.1140, VaL=3.1246, TeL=3.1246]
Training MLP (info_nce_multi | τ=0.01 | hn=19):  23%|██▎       | 23/100 [19:53<1:03:53, 49.78s/it, TrL=3.1123, VaL=3.1230, TeL=3.1231 ★=best]
Training MLP (info_nce_multi | τ=0.01 | hn=19):  24%|██▍       | 24/100 [19:53<1:02:55, 49.68s/it, TrL=3.1123, VaL=3.1230, TeL=3.1231 ★=best]
Training MLP (info_nce_multi | τ=0.01 | hn=19):  24%|██▍       | 24/100 [20:44<1:02:55, 49.68s/it, TrL=3.1116, VaL=3.1229, TeL=3.1227 ★=best]
Training MLP (info_nce_multi | τ=0.01 | hn=19):  25%|██▌       | 25/100 [20:44<1:02:26, 49.96s/it, TrL=3.1116, VaL=3.1229, TeL=3.1227 ★=best]
Training MLP (info_nce_multi | τ=0.01 | hn=19):  25%|██▌       | 25/100 [21:33<1:02:26, 49.96s/it, TrL=3.1101, VaL=3.1221, TeL=3.1219 ★=best]
Training MLP (info_nce_multi | τ=0.01 | hn=19):  26%|██▌       | 26/100 [21:33<1:01:26, 49.82s/it, TrL=3.1101, VaL=3.1221, TeL=3.1219 ★=best]
Training MLP (info_nce_multi | τ=0.01 | hn=19):  26%|██▌       | 26/100 [22:23<1:01:26, 49.82s/it, TrL=3.1095, VaL=3.1219, TeL=3.1217 ★=best]
Training MLP (info_nce_multi | τ=0.01 | hn=19):  27%|██▋       | 27/100 [22:23<1:00:30, 49.74s/it, TrL=3.1095, VaL=3.1219, TeL=3.1217 ★=best]
Training MLP (info_nce_multi | τ=0.01 | hn=19):  27%|██▋       | 27/100 [23:11<1:00:30, 49.74s/it, TrL=3.1091, VaL=3.1213, TeL=3.1210 ★=best]
Training MLP (info_nce_multi | τ=0.01 | hn=19):  28%|██▊       | 28/100 [23:11<59:11, 49.33s/it, TrL=3.1091, VaL=3.1213, TeL=3.1210 ★=best]
Training MLP (info_nce_multi | τ=0.01 | hn=19):  28%|██▊       | 28/100 [24:01<59:11, 49.33s/it, TrL=3.1078, VaL=3.1205, TeL=3.1201 ★=best]
Training MLP (info_nce_multi | τ=0.01 | hn=19):  29%|██▉       | 29/100 [24:01<58:28, 49.42s/it, TrL=3.1078, VaL=3.1205, TeL=3.1201 ★=best]
Training MLP (info_nce_multi | τ=0.01 | hn=19):  29%|██▉       | 29/100 [24:52<58:28, 49.42s/it, TrL=3.1074, VaL=3.1204, TeL=3.1203 ★=best]
Training MLP (info_nce_multi | τ=0.01 | hn=19):  30%|███       | 30/100 [24:52<58:14, 49.92s/it, TrL=3.1074, VaL=3.1204, TeL=3.1203 ★=best]
Training MLP (info_nce_multi | τ=0.01 | hn=19):  30%|███       | 30/100 [25:41<58:14, 49.92s/it, TrL=3.1066, VaL=3.1202, TeL=3.1198 ★=best]
Training MLP (info_nce_multi | τ=0.01 | hn=19):  31%|███       | 31/100 [25:41<57:08, 49.69s/it, TrL=3.1066, VaL=3.1202, TeL=3.1198 ★=best]
Training MLP (info_nce_multi | τ=0.01 | hn=19):  31%|███       | 31/100 [26:31<57:08, 49.69s/it, TrL=3.1059, VaL=3.1194, TeL=3.1197 ★=best]
Training MLP (info_nce_multi | τ=0.01 | hn=19):  32%|███▏      | 32/100 [26:31<56:20, 49.71s/it, TrL=3.1059, VaL=3.1194, TeL=3.1197 ★=best]
Training MLP (info_nce_multi | τ=0.01 | hn=19):  32%|███▏      | 32/100 [27:21<56:20, 49.71s/it, TrL=3.1049, VaL=3.1191, TeL=3.1191 ★=best]
Training MLP (info_nce_multi | τ=0.01 | hn=19):  33%|███▎      | 33/100 [27:21<55:40, 49.86s/it, TrL=3.1049, VaL=3.1191, TeL=3.1191 ★=best]
Training MLP (info_nce_multi | τ=0.01 | hn=19):  33%|███▎      | 33/100 [28:11<55:40, 49.86s/it, TrL=3.1043, VaL=3.1194, TeL=3.1194]
Training MLP (info_nce_multi | τ=0.01 | hn=19):  34%|███▍      | 34/100 [28:11<54:50, 49.85s/it, TrL=3.1043, VaL=3.1194, TeL=3.1194]
Training MLP (info_nce_multi | τ=0.01 | hn=19):  34%|███▍      | 34/100 [29:01<54:50, 49.85s/it, TrL=3.1040, VaL=3.1198, TeL=3.1199]
Training MLP (info_nce_multi | τ=0.01 | hn=19):  35%|███▌      | 35/100 [29:01<54:00, 49.86s/it, TrL=3.1040, VaL=3.1198, TeL=3.1199]
Training MLP (info_nce_multi | τ=0.01 | hn=19):  35%|███▌      | 35/100 [29:51<54:00, 49.86s/it, TrL=3.1032, VaL=3.1190, TeL=3.1186 ★=best]
Training MLP (info_nce_multi | τ=0.01 | hn=19):  36%|███▌      | 36/100 [29:51<53:08, 49.81s/it, TrL=3.1032, VaL=3.1190, TeL=3.1186 ★=best]
Training MLP (info_nce_multi | τ=0.01 | hn=19):  36%|███▌      | 36/100 [30:41<53:08, 49.81s/it, TrL=3.1031, VaL=3.1187, TeL=3.1187 ★=best]
Training MLP (info_nce_multi | τ=0.01 | hn=19):  37%|███▋      | 37/100 [30:41<52:24, 49.91s/it, TrL=3.1031, VaL=3.1187, TeL=3.1187 ★=best]Task's current input(s) ["in-01KNEHR8097D48BMM0MY9KMRR3:1775383617547-0"] cancelled because: Task's current input in-01KNEHR8097D48BMM0MY9KMRR3:1775383617547-0 hit its timeout of 14400s
[modal-client] 2026-04-05T14:07:05+0000 Received a cancellation signal while processing input ('in-01KNEHR8097D48BMM0MY9KMRR3:1775383617547-0',)
2026-04-05 14:07:05,463 WARNING Received a cancellation signal while processing input ('in-01KNEHR8097D48BMM0MY9KMRR3:1775383617547-0',)
Training MLP (info_nce_multi | τ=0.01 | hn=19):  37%|███▋      | 37/100 [31:29<53:37, 51.07s/it, TrL=3.1031, VaL=3.1187, TeL=3.1187 ★=best]
[modal-client] 2026-04-05T14:07:05+0000 Successfully canceled input ('in-01KNEHR8097D48BMM0MY9KMRR3:1775383617547-0',)
2026-04-05 14:07:05,466 WARNING Successfully canceled input ('in-01KNEHR8097D48BMM0MY9KMRR3:1775383617547-0',)
Stopping app - uncaught exception raised locally: FunctionTimeoutError("Task's current input in-01KNEHR8097D48BMM0MY9KMRR3:1775383617547-0 hit its timeout of 14400s").
Runner terminated.
┌───────────────────── Traceback (most recent call last) ─────────────────────┐
│ C:\Users\Swastik\Desktop\CRAG\run_hnm_eval.py:399 in ablation_main          │
│                                                                             │
│   398 │   # Trigger cloud execution                                         │
│ > 399 │   results = run_cloud_ablation.remote(datasets=ds_list)             │
│   400 │   print("✅ Cloud Ablation Completed.")                             │
│                                                                             │
│ C:\Users\Swastik\AppData\Local\Programs\Python\Python313\Lib\site-packages\ │
│ modal\_object.py:46 in wrapped                                              │
│                                                                             │
│    45 │   │   await self.hydrate()                                          │
│ >  46 │   │   return await method(self, *args, **kwargs)                    │
│    47                                                                       │
│                                                                             │
│ C:\Users\Swastik\AppData\Local\Programs\Python\Python313\Lib\site-packages\ │
│ modal\_functions.py:1766 in remote                                          │
│                                                                             │
│   1765 │   │                                                                │
│ > 1766 │   │   return await self._call_function(args, kwargs)               │
│   1767                                                                      │
│                                                                             │
│ C:\Users\Swastik\AppData\Local\Programs\Python\Python313\Lib\site-packages\ │
│ modal\_functions.py:1710 in _call_function                                  │
│                                                                             │
│   1709 │   │                                                                │
│ > 1710 │   │   return await invocation.run_function()                       │
│   1711                                                                      │
│                                                                             │
│ C:\Users\Swastik\AppData\Local\Programs\Python\Python313\Lib\site-packages\ │
│ modal\_functions.py:293 in run_function                                     │
│                                                                             │
│    292 │   │   │   item = await self._get_single_output()                   │
│ >  293 │   │   │   return await _process_result(item.result, item.data_form │
│    294                                                                      │
│                                                                             │
│ C:\Users\Swastik\AppData\Local\Programs\Python\Python313\Lib\site-packages\ │
│ modal\_utils\function_utils.py:489 in _process_result                       │
│                                                                             │
│   488 │   if result.status == api_pb2.GenericResult.GENERIC_STATUS_TIMEOUT: │
│ > 489 │   │   raise FunctionTimeoutError(result.exception)                  │
│   490 │   elif result.status == api_pb2.GenericResult.GENERIC_STATUS_INTERN │
└─────────────────────────────────────────────────────────────────────────────┘
FunctionTimeoutError: Task's current input
in-01KNEHR8097D48BMM0MY9KMRR3:1775383617547-0 hit its timeout of 14400s
