60000 149
60001 1023
60002 582
60003 649
60004 667
60005 1150
60006 4
60007 696
60008 1159
60009 530
60010 666
60011 1058
60012 914
60013 274
60014 449
60015 576
60016 1029
60017 264
60018 725
60019 696
60020 914
60021 946
60022 721
60023 491
60024 563
60025 145
60026 35
60027 711
60028 1005
60029 270
60030 817
60031 133
60032 865
60033 1123
60034 410
60035 1035
60036 1149
60037 440
60038 810
60039 574
60040 845
60041 270
60042 944
60043 272
60044 686
60045 462
60046 336
60047 1167
60048 486
60049 323
60050 698
60051 1026
60052 1137
60053 639
60054 688
60055 217
60056 244
60057 994
60058 378
60059 831
60060 567
60061 196
60062 16
60063 836
60064 905
60065 503
60066 781
60067 301
60068 976
60069 103
60070 886
60071 568
60072 13
60073 251
60074 733
60075 122
60076 155
60077 315
60078 285
60079 435
60080 49
60081 82
60082 14
60083 745
60084 513
60085 969
60086 606
60087 344
60088 730
60089 545
60090 1061
60091 80
60092 460
60093 433
60094 204
60095 1111
60096 883
60097 282
60098 377
60099 410
60100 67
60101 764
60102 594
60103 1104
60104 432
60105 1010
60106 284
60107 272
60108 1016
60109 60
60110 809
60111 637
60112 626
60113 398
60114 408
60115 452
60116 684
60117 218
60118 944
60119 567
60120 895
60121 910
60122 466
60123 949
60124 1141
60125 185
60126 1054
60127 915
60128 474
60129 229
60130 321
60131 975
60132 259
60133 962
60134 460
60135 722
60136 708
60137 214
60138 820
60139 269
60140 342
60141 684
60142 475
60143 444
60144 402
60145 335
60146 732
60147 515
60148 1094
60149 305
60150 817
60151 1016
60152 309
60153 621
60154 265
60155 606
60156 271
60157 919
60158 792
60159 895
60160 73
60161 158
60162 441
60163 254
60164 331
60165 468
60166 186
60167 842
60168 694
60169 876
60170 611
60171 291
60172 902
60173 869
60174 1022
60175 0
60176 961
60177 861
60178 809
60179 179
60180 828
60181 1110
60182 20
60183 969
60184 276
60185 283
60186 998
60187 923
60188 257
60189 311
60190 518
60191 417
60192 256
60193 922
60194 1008
60195 805
60196 905
60197 774
60198 80
60199 892
60200 50
60201 1023
60202 14
60203 894
60204 695
60205 560
60206 135
60207 1105
60208 941
60209 891
60210 554
60211 735
60212 1158
60213 59
60214 849
60215 752
60216 160
60217 296
60218 228
60219 432
60220 1157
60221 997
60222 209
60223 508
60224 934
60225 623
60226 178
60227 430
60228 1032
60229 882
60230 548
60231 123
60232 951
60233 474
60234 26
60235 661
60236 84
60237 462
60238 918
60239 670
60240 237
60241 441
60242 267
60243 700
60244 940
60245 935
60246 942
60247 191
60248 346
60249 428
60250 538
60251 552
60252 776
60253 1115
60254 383
60255 186
60256 726
60257 679
60258 819
60259 331
60260 77
60261 488
60262 473
60263 432
60264 947
60265 58
60266 141
60267 449
60268 77
60269 59
60270 205
60271 1038
60272 316
60273 673
60274 924
60275 427
60276 645
60277 502
60278 661
60279 946
60280 403
60281 109
60282 1109
60283 257
60284 750
60285 813
60286 1076
60287 636
60288 886
60289 67
60290 510
60291 334
60292 708
60293 872
60294 1077
60295 925
60296 1119
60297 17
60298 1103
60299 826
60300 771
60301 450
60302 312
60303 1004
60304 633
60305 797
60306 65
60307 109
60308 1028
60309 203
60310 30
60311 838
60312 701
60313 581
60314 287
60315 87
60316 137
60317 579
60318 131
60319 93
60320 1108
60321 969
60322 963
60323 1019
60324 707
60325 207
60326 64
60327 100
60328 288
60329 768
60330 302
60331 57
60332 502
60333 919
60334 37
60335 1109
60336 408
60337 1070
60338 904
60339 613
60340 716
60341 468
60342 246
60343 555
60344 688
60345 163
60346 781
60347 417
60348 952
60349 636
60350 901
60351 626
60352 1035
60353 436
60354 619
60355 537
60356 373
60357 273
60358 778
60359 960
60360 1159
60361 888
60362 1039
60363 64
60364 2
60365 696
60366 98
60367 475
60368 689
60369 186
60370 968
60371 885
60372 860
60373 448
60374 876
60375 690
60376 588
60377 835
60378 691
60379 395
60380 306
60381 785
60382 834
60383 757
60384 484
60385 166
60386 285
60387 390
60388 99
60389 1097
60390 560
60391 166
60392 26
60393 61
60394 124
60395 644
60396 1151
60397 152
60398 31
60399 357
60400 717
60401 755
60402 235
60403 200
60404 1048
60405 436
60406 19
60407 445
60408 336
60409 492
60410 1013
60411 1110
60412 65
60413 514
60414 88
60415 1066
60416 1072
60417 1023
60418 380
60419 1075
60420 829
60421 10
60422 719
60423 1172
60424 1161
60425 269
60426 1021
60427 838
60428 207
60429 1008
60430 877
60431 379
60432 228
60433 681
60434 523
60435 369
60436 250
60437 830
60438 1002
60439 1124
60440 718
60441 442
60442 402
60443 438
60444 173
60445 703
60446 222
60447 257
60448 380
60449 400
60450 446
60451 805
60452 58
60453 1007
60454 101
60455 727
60456 1044
60457 415
60458 44
60459 491
60460 860
60461 202
60462 130
60463 454
60464 991
60465 198
60466 54
60467 621
60468 470
60469 287
60470 261
60471 507
60472 498
60473 609
60474 653
60475 124
60476 1113
60477 380
60478 68
60479 557
60480 426
60481 853
60482 1103
60483 588
60484 713
60485 693
60486 683
60487 1094
60488 310
60489 589
60490 941
60491 725
60492 836
60493 1083
60494 77
60495 1093
60496 601
60497 299
60498 526
60499 846
60500 593
60501 33
60502 421
60503 797
60504 76
60505 787
60506 192
60507 587
60508 115
60509 805
60510 655
60511 295
60512 102
60513 568
60514 814
60515 487
60516 508
60517 975
60518 307
60519 59
60520 557
60521 1033
60522 700
60523 652
60524 294
60525 174
60526 822
60527 158
60528 789
60529 131
60530 889
60531 1147
60532 344
60533 195
60534 1046
60535 1013
60536 180
60537 183
60538 27
60539 475
60540 816
60541 561
60542 22
60543 418
60544 1155
60545 1104
60546 518
60547 625
60548 22
60549 87
60550 596
60551 423
60552 70
60553 938
60554 1004
60555 547
60556 679
60557 498
60558 301
60559 852
60560 177
60561 83
60562 927
60563 357
60564 159
60565 524
60566 531
60567 891
60568 276
60569 825
60570 228
60571 401
60572 793
60573 158
60574 43
60575 501
60576 617
60577 274
60578 864
60579 1067
60580 35
60581 20
60582 960
60583 20
60584 72
60585 465
60586 726
60587 41
60588 288
60589 1163
60590 726
60591 786
60592 750
60593 984
60594 161
60595 581
60596 84
60597 839
60598 505
60599 664
60600 584
60601 6
60602 661
60603 337
60604 560
60605 437
60606 562
60607 387
60608 533
60609 130
60610 1110
60611 663
60612 698
60613 770
60614 461
60615 273
60616 914
60617 906
60618 487
60619 1021
60620 776
60621 183
60622 847
60623 166
60624 1117
60625 809
60626 1119
60627 1124
60628 845
60629 1096
60630 96
60631 922
60632 997
60633 792
60634 103
60635 761
60636 335
60637 240
60638 839
60639 384
60640 786
60641 200
60642 37
60643 687
60644 947
60645 320
60646 591
60647 14
60648 325
60649 64
60650 595
60651 309
60652 690
60653 820
60654 128
60655 982
60656 5
60657 1123
60658 854
60659 1069
60660 64
60661 467
60662 724
60663 462
60664 163
60665 639
60666 1151
60667 832
60668 858
60669 1032
60670 538
60671 426
60672 768
60673 1132
60674 160
60675 1002
60676 1104
60677 21
60678 868
60679 374
60680 767
60681 693
60682 228
60683 235
60684 72
60685 407
60686 1049
60687 177
60688 197
60689 727
60690 789
60691 1122
60692 904
60693 803
60694 314
60695 869
60696 1121
60697 886
60698 752
60699 831
60700 206
60701 837
60702 211
60703 306
60704 460
60705 859
60706 935
60707 662
60708 764
60709 588
60710 575
60711 0
60712 238
60713 556
60714 735
60715 193
60716 205
60717 414
60718 584
60719 651
60720 127
60721 1106
60722 155
60723 327
60724 97
60725 707
60726 1032
60727 157
60728 865
60729 611
60730 719
60731 827
60732 633
60733 8
60734 1057
60735 893
60736 644
60737 129
60738 986
60739 1021
60740 967
60741 429
60742 243
60743 995
60744 480
60745 257
60746 655
60747 147
60748 634
60749 61
60750 681
60751 7
60752 183
60753 503
60754 805
60755 737
60756 1082
60757 182
60758 924
60759 752
60760 751
60761 1078
60762 118
60763 294
60764 214
60765 644
60766 318
60767 953
60768 898
60769 707
60770 331
60771 599
60772 169
60773 234
60774 638
60775 734
60776 339
60777 53
60778 864
60779 775
60780 585
60781 1113
60782 107
60783 1050
60784 525
60785 581
60786 251
60787 641
60788 1043
60789 516
60790 904
60791 1049
60792 661
60793 415
60794 431
60795 912
60796 171
60797 1014
60798 1095
60799 863
60800 240
60801 456
60802 61
60803 38
60804 310
60805 251
60806 628
60807 387
60808 345
60809 63
60810 895
60811 328
60812 630
60813 737
60814 236
60815 1054
60816 595
60817 1052
60818 49
60819 1005
60820 470
60821 1106
60822 662
60823 520
60824 170
60825 1018
60826 235
60827 1129
60828 789
60829 5
60830 217
60831 199
60832 628
60833 998
60834 818
60835 317
60836 936
60837 113
60838 474
60839 159
60840 13
60841 372
60842 373
60843 88
60844 467
60845 835
60846 551
60847 155
60848 690
60849 92
60850 1108
60851 605
60852 146
60853 883
60854 309
60855 14
60856 784
60857 148
60858 272
60859 0
60860 15
60861 521
60862 870
60863 80
60864 7
60865 1039
60866 777
60867 578
60868 421
60869 643
60870 801
60871 337
60872 8
60873 36
60874 136
60875 665
60876 1047
60877 993
60878 938
60879 803
60880 550
60881 64
60882 1072
60883 114
60884 1139
60885 383
60886 375
60887 768
60888 540
60889 774
60890 1093
60891 616
60892 764
60893 402
60894 902
60895 267
60896 624
60897 825
60898 910
60899 782
60900 626
60901 90
60902 823
60903 908
60904 175
60905 804
60906 278
60907 592
60908 542
60909 1114
60910 190
60911 16
60912 322
60913 608
60914 1172
60915 1022
60916 255
60917 924
60918 278
60919 127
60920 271
60921 1016
60922 10
60923 197
60924 1028
60925 696
60926 1172
60927 61
60928 189
60929 9
60930 863
60931 603
60932 859
60933 757
60934 852
60935 18
60936 514
60937 379
60938 903
60939 370
60940 936
60941 383
60942 191
60943 392
60944 129
60945 802
60946 1137
60947 171
60948 185
60949 1031
60950 248
60951 760
60952 1115
60953 114
60954 870
60955 7
60956 1032
60957 91
60958 595
60959 755
60960 866
60961 838
60962 354
60963 938
60964 45
60965 488
60966 62
60967 81
60968 1103
60969 710
60970 640
60971 157
60972 1034
60973 507
60974 153
60975 69
60976 32
60977 849
60978 323
60979 1090
60980 697
60981 411
60982 779
60983 1001
60984 134
60985 962
60986 339
60987 1109
60988 892
60989 559
60990 798
60991 817
60992 965
60993 877
60994 322
60995 529
60996 472
60997 744
60998 323
60999 607
61000 928
61001 40
61002 623
61003 655
61004 572
61005 854
61006 190
61007 458
61008 132
61009 371
61010 286
61011 571
61012 40
61013 217
61014 652
61015 286
61016 1120
61017 1028
61018 865
61019 1019
61020 24
61021 972
61022 784
61023 26
61024 138
61025 1139
61026 234
61027 634
61028 878
61029 465
61030 40
61031 413
61032 1016
61033 854
61034 859
61035 879
61036 758
61037 1051
61038 1143
61039 536
61040 840
61041 227
61042 202
61043 682
61044 559
61045 203
61046 591
61047 815
61048 126
61049 1073
61050 1000
61051 353
61052 300
61053 51
61054 990
61055 1033
61056 391
61057 210
61058 814
61059 379
61060 388
61061 129
61062 235
61063 1060
61064 1098
61065 447
61066 940
61067 368
61068 518
61069 964
61070 263
61071 158
61072 968
61073 58
61074 972
61075 697
61076 844
61077 105
61078 178
61079 865
61080 528
61081 698
61082 237
61083 1041
61084 1090
61085 601
61086 919
61087 872
61088 949
61089 1139
61090 364
61091 1010
61092 511
61093 647
61094 702
61095 425
61096 676
61097 408
61098 186
61099 942
61100 905
61101 198
61102 897
61103 887
61104 723
61105 589
61106 472
61107 60
61108 651
61109 1048
61110 116
61111 1116
61112 583
61113 681
61114 247
61115 483
61116 813
61117 694
61118 835
61119 512
61120 988
61121 345
61122 859
61123 41
61124 1101
61125 261
61126 352
61127 35
61128 369
61129 53
61130 528
61131 668
61132 825
61133 567
61134 256
61135 215
61136 1046
61137 549
61138 924
61139 687
61140 485
61141 1090
61142 936
61143 635
61144 412
61145 233
61146 411
61147 594
61148 112
61149 44
61150 835
61151 393
61152 900
61153 1130
61154 1085
61155 144
61156 343
61157 781
61158 197
61159 687
61160 777
61161 249
61162 832
61163 453
61164 431
61165 893
61166 466
61167 176
61168 910
61169 662
61170 516
61171 1047
61172 688
61173 1135
61174 346
61175 949
61176 114
61177 151
61178 265
61179 506
61180 55
61181 954
61182 986
61183 920
61184 436
61185 137
61186 700
61187 143
61188 835
61189 716
61190 8
61191 94
61192 1073
61193 123
61194 915
61195 496
61196 971
61197 432
61198 65
61199 468
61200 967
61201 21
61202 439
61203 877
61204 90
61205 570
61206 135
61207 433
61208 806
61209 803
61210 169
61211 879
61212 451
61213 335
61214 983
61215 789
61216 53
61217 548
61218 643
61219 284
61220 1159
61221 508
61222 548
61223 63
61224 99
61225 1012
61226 190
61227 452
61228 822
61229 839
61230 675
61231 953
61232 167
61233 283
61234 463
61235 751
61236 594
61237 299
61238 503
61239 629
61240 918
61241 485
61242 267
61243 357
61244 347
61245 1036
61246 1068
61247 296
61248 494
61249 937
61250 1167
61251 370
61252 614
61253 957
61254 164
61255 817
61256 352
61257 150
61258 116
61259 65
61260 948
61261 759
61262 982
61263 859
61264 694
61265 84
61266 138
61267 250
61268 477
61269 418
61270 1047
61271 1118
61272 71
61273 162
61274 32
61275 417
61276 895
61277 204
61278 839
61279 985
61280 446
61281 1121
61282 478
61283 203
61284 169
61285 27
61286 344
61287 943
61288 200
61289 175
61290 172
61291 548
61292 536
61293 664
61294 449
61295 310
61296 1134
61297 1006
61298 1100
61299 678
61300 504
61301 686
61302 493
61303 996
61304 566
61305 317
61306 473
61307 342
61308 411
61309 130
61310 640
61311 517
61312 527
61313 496
61314 1062
61315 28
61316 392
61317 833
61318 944
61319 700
61320 689
61321 68
61322 1110
61323 1026
61324 613
61325 197
61326 1075
61327 730
61328 731
61329 201
61330 247
61331 387
61332 909
61333 961
61334 833
61335 625
61336 1089
61337 885
61338 995
61339 977
61340 523
61341 936
61342 768
61343 245
61344 922
61345 717
61346 798
61347 688
61348 283
61349 898
61350 787
61351 611
61352 234
61353 976
61354 105
61355 888
61356 1147
61357 471
61358 7
61359 822
61360 140
61361 702
61362 186
61363 150
61364 828
61365 503
61366 668
61367 1061
61368 12
61369 92
61370 206
61371 581
61372 81
61373 863
61374 249
61375 548
61376 581
61377 1084
61378 1031
61379 92
61380 798
61381 162
61382 514
61383 1131
61384 137
61385 1136
61386 612
61387 773
61388 889
61389 1031
61390 452
61391 1089
61392 731
61393 835
61394 952
61395 412
61396 896
61397 1038
61398 975
61399 910
61400 121
61401 794
61402 390
61403 696
61404 47
61405 550
61406 1124
61407 207
61408 562
61409 655
61410 78
61411 396
61412 52
61413 701
61414 161
61415 397
61416 144
61417 516
61418 1090
61419 590
61420 864
61421 455
61422 113
61423 749
61424 395
61425 1028
61426 649
61427 542
61428 241
61429 278
61430 161
61431 209
61432 152
61433 1129
61434 53
61435 939
61436 638
61437 1097
61438 557
61439 745
61440 940
61441 666
61442 1021
61443 227
61444 35
61445 1072
61446 419
61447 245
61448 26
61449 1130
61450 450
61451 650
61452 243
61453 850
61454 538
61455 1130
61456 476
61457 870
61458 41
61459 527
61460 2
61461 777
61462 220
61463 618
61464 450
61465 919
61466 429
61467 894
61468 434
61469 491
61470 757
61471 494
61472 43
61473 823
61474 369
61475 1009
61476 940
61477 957
61478 619
61479 343
61480 879
61481 169
61482 135
61483 564
61484 286
61485 779
61486 509
61487 380
61488 79
61489 825
61490 113
61491 643
61492 672
61493 314
61494 1112
61495 188
61496 159
61497 980
61498 220
61499 47
61500 638
61501 623
61502 554
61503 415
61504 667
61505 591
61506 514
61507 318
61508 1098
61509 189
61510 1078
61511 1156
61512 102
61513 955
61514 76
61515 1083
61516 137
61517 927
61518 435
61519 73
61520 501
61521 124
61522 1117
61523 1012
61524 21
61525 854
61526 667
61527 311
61528 1108
61529 506
61530 113
61531 918
61532 496
61533 357
61534 164
61535 945
61536 1102
61537 4
61538 329
61539 587
61540 325
61541 172
61542 681
61543 244
61544 1127
61545 121
61546 807
61547 25
61548 623
61549 456
61550 1029
61551 912
61552 381
61553 949
61554 605
61555 395
61556 287
61557 161
61558 650
61559 762
61560 1029
61561 185
61562 127
61563 89
61564 436
61565 981
61566 178
61567 655
61568 501
61569 545
61570 197
61571 643
61572 1116
61573 109
61574 1102
61575 167
61576 368
61577 146
61578 4
61579 485
61580 654
61581 19
61582 33
61583 1001
61584 1110
61585 828
61586 6
61587 443
61588 421
61589 1072
61590 168
61591 187
61592 92
61593 567
61594 444
61595 268
61596 888
61597 69
61598 636
61599 386
61600 72
61601 485
61602 491
61603 942
61604 1085
61605 408
61606 64
61607 714
61608 803
61609 324
61610 146
61611 97
61612 747
61613 627
61614 472
61615 339
61616 539
61617 825
61618 678
61619 748
61620 649
61621 143
61622 1109
61623 132
61624 475
61625 144
61626 597
61627 143
61628 497
61629 1131
61630 57
61631 1061
61632 595
61633 211
61634 1008
61635 675
61636 975
61637 795
61638 275
61639 1067
61640 218
61641 1084
61642 646
61643 464
61644 56
61645 891
61646 253
61647 745
61648 859
61649 277
61650 764
61651 488
61652 118
61653 103
61654 461
61655 245
61656 915
61657 1001
61658 230
61659 813
61660 620
61661 318
61662 683
61663 247
61664 1110
61665 828
61666 599
61667 791
61668 680
61669 129
61670 924
61671 419
61672 573
61673 180
61674 790
61675 409
61676 474
61677 946
61678 419
61679 357
61680 1151
61681 49
61682 675
61683 870
61684 1153
61685 1043
61686 489
61687 476
61688 495
61689 174
61690 788
61691 153
61692 1143
61693 538
61694 368
61695 976
61696 543
61697 948
61698 311
61699 797
61700 226
61701 897
61702 1131
61703 114
61704 1046
61705 693
61706 283
61707 54
61708 685
61709 931
61710 707
61711 265
61712 101
61713 110
61714 79
61715 975
61716 427
61717 88
61718 229
61719 1021
61720 1072
61721 700
61722 623
61723 23
61724 1144
61725 683
61726 126
61727 748
61728 674
61729 470
61730 877
61731 1035
61732 24
61733 397
61734 965
61735 1
61736 185
61737 117
61738 939
61739 636
61740 539
61741 632
61742 816
61743 1043
61744 441
61745 196
61746 1059
61747 586
61748 105
61749 921
61750 992
61751 233
61752 413
61753 712
61754 83
61755 191
61756 578
61757 445
61758 320
61759 459
61760 853
61761 1090
61762 14
61763 486
61764 1111
61765 72
61766 919
61767 260
61768 64
61769 1061
61770 80
61771 428
61772 869
61773 938
61774 1040
61775 261
61776 1033
61777 286
61778 681
61779 398
61780 383
61781 322
61782 1058
61783 335
61784 1035
61785 711
61786 434
61787 1015
61788 23
61789 190
61790 55
61791 571
61792 842
61793 417
61794 127
61795 1019
61796 74
61797 96
61798 513
61799 857
61800 1005
61801 145
61802 1049
61803 1142
61804 744
61805 816
61806 521
61807 995
61808 880
61809 73
61810 322
61811 507
61812 1017
61813 247
61814 481
61815 242
61816 766
61817 915
61818 456
61819 856
61820 345
61821 581
61822 10
61823 359
61824 983
61825 27
61826 54
61827 1093
61828 400
61829 175
61830 536
61831 1026
61832 276
61833 924
61834 218
61835 259
61836 899
61837 11
61838 573
61839 290
61840 452
61841 1069
61842 178
61843 464
61844 680
61845 405
61846 399
61847 662
61848 933
61849 341
61850 836
61851 890
61852 179
61853 1040
61854 532
61855 260
61856 24
61857 534
61858 265
61859 79
61860 351
61861 1115
61862 625
61863 654
61864 1061
61865 453
61866 765
61867 992
61868 733
61869 72
61870 767
61871 731
61872 453
61873 272
61874 669
61875 485
61876 102
61877 298
61878 946
61879 529
61880 902
61881 780
61882 886
61883 1112
61884 64
61885 634
61886 63
61887 801
61888 52
61889 265
61890 379
61891 730
61892 1035
61893 579
61894 137
61895 555
61896 1021
61897 1052
61898 942
61899 429
61900 355
61901 695
61902 1033
61903 602
61904 535
61905 202
61906 158
61907 152
61908 723
61909 239
61910 242
61911 566
61912 127
61913 802
61914 668
61915 863
61916 895
61917 957
61918 1062
61919 662
61920 711
61921 626
61922 124
61923 523
61924 67
61925 440
61926 461
61927 472
61928 874
61929 709
61930 875
61931 209
61932 591
61933 645
61934 901
61935 175
61936 378
61937 88
61938 486
61939 335
61940 863
61941 614
61942 22
61943 921
61944 864
61945 506
61946 748
61947 629
61948 204
61949 780
61950 444
61951 648
61952 650
61953 819
61954 1144
61955 1128
61956 279
61957 20
61958 633
61959 822
61960 938
61961 1146
61962 480
61963 1051
61964 833
61965 553
61966 412
61967 387
61968 789
61969 206
61970 1081
61971 727
61972 1064
61973 565
61974 866
61975 368
61976 1004
61977 1012
61978 436
61979 910
61980 1113
61981 621
61982 303
61983 31
61984 416
61985 223
61986 97
61987 1086
61988 851
61989 335
61990 759
61991 864
61992 432
61993 1038
61994 558
61995 467
61996 146
61997 657
61998 153
61999 60
62000 554
62001 1088
62002 489
62003 213
62004 469
62005 256
62006 221
62007 163
62008 913
62009 764
62010 494
62011 495
62012 662
62013 0
62014 1085
62015 6
62016 512
62017 711
62018 804
62019 559
62020 526
62021 379
62022 915
62023 188
62024 519
62025 576
62026 487
62027 345
62028 91
62029 117
62030 984
62031 485
62032 257
62033 1103
62034 752
62035 1081
62036 953
62037 642
62038 119
62039 529
62040 837
62041 417
62042 38
62043 740
62044 157
62045 1053
62046 442
62047 1116
62048 893
62049 727
62050 156
62051 827
62052 431
62053 492
62054 1172
62055 332
62056 865
62057 39
62058 1097
62059 62
62060 738
62061 760
62062 579
62063 756
62064 306
62065 913
62066 299
62067 357
62068 503
62069 615
62070 436
62071 776
62072 221
62073 695
62074 21
62075 769
62076 723
62077 923
62078 1129
62079 898
62080 936
62081 234
62082 857
62083 695
62084 647
62085 453
62086 997
62087 860
62088 147
62089 426
62090 452
62091 1038
62092 408
62093 56
62094 408
62095 224
62096 310
62097 616
62098 940
62099 208
62100 993
62101 339
62102 483
62103 896
62104 775
62105 655
62106 838
62107 341
62108 275
62109 661
62110 968
62111 689
62112 921
62113 1092
62114 341
62115 63
62116 1158
62117 794
62118 97
62119 701
62120 38
62121 928
62122 681
62123 739
62124 612
62125 700
62126 571
62127 828
62128 634
62129 115
62130 861
62131 534
62132 885
62133 510
62134 64
62135 633
62136 1110
62137 407
62138 854
62139 155
62140 121
62141 281
62142 517
62143 179
62144 740
62145 716
62146 231
62147 127
62148 380
62149 117
62150 606
62151 739
62152 1073
62153 1022
62154 249
62155 1011
62156 560
62157 385
62158 913
62159 849
62160 32
62161 211
62162 1069
62163 391
62164 212
62165 460
62166 890
62167 1031
62168 681
62169 270
62170 282
62171 557
62172 605
62173 970
62174 597
62175 304
62176 912
62177 440
62178 88
62179 720
62180 173
62181 669
62182 37
62183 940
62184 1075
62185 1168
62186 145
62187 1142
62188 864
62189 1122
62190 612
62191 296
62192 295
62193 361
62194 183
62195 637
62196 841
62197 1158
62198 1019
62199 1054
62200 602
62201 743
62202 217
62203 237
62204 1107
62205 152
62206 1072
62207 1039
62208 1017
62209 612
62210 952
62211 309
62212 161
62213 262
62214 803
62215 46
62216 1151
62217 628
62218 917
62219 814
62220 313
62221 595
62222 905
62223 1129
62224 1089
62225 837
62226 97
62227 457
62228 878
62229 1060
62230 685
62231 1144
62232 845
62233 19
62234 120
62235 86
62236 335
62237 43
62238 613
62239 1146
62240 62
62241 349
62242 964
62243 106
62244 426
62245 979
62246 557
62247 683
62248 39
62249 423
62250 1083
62251 878
62252 220
62253 482
62254 65
62255 307
62256 194
62257 424
62258 415
62259 1044
62260 788
62261 873
62262 5
62263 311
62264 1054
62265 544
62266 586
62267 524
62268 322
62269 767
62270 911
62271 883
62272 949
62273 571
62274 278
62275 1035
62276 333
62277 750
62278 124
62279 1131
62280 135
62281 149
62282 161
62283 178
62284 101
62285 1166
62286 595
62287 922
62288 1028
62289 265
62290 601
62291 623
62292 625
62293 174
62294 265
62295 409
62296 861
62297 873
62298 698
62299 1135
62300 861
62301 606
62302 408
62303 373
62304 357
62305 208
62306 490
62307 1101
62308 800
62309 72
62310 585
62311 522
62312 421
62313 501
62314 91
62315 1160
62316 52
62317 865
62318 118
62319 545
62320 812
62321 624
62322 889
62323 952
62324 996
62325 886
62326 979
62327 1114
62328 394
62329 802
62330 1174
62331 186
62332 519
62333 1028
62334 1080
62335 915
62336 1091
62337 1116
62338 216
62339 476
62340 843
62341 1154
62342 859
62343 909
62344 804
62345 183
62346 1064
62347 591
62348 1054
62349 295
62350 478
62351 892
62352 41
62353 926
62354 240
62355 619
62356 740
62357 1086
62358 863
62359 1099
62360 435
62361 270
62362 738
62363 1124
62364 1102
62365 665
62366 1072
62367 563
62368 126
62369 1046
62370 809
62371 1062
62372 572
62373 1092
62374 718
62375 377
62376 688
62377 755
62378 25
62379 113
62380 275
62381 641
62382 202
62383 1106
62384 1125
62385 589
62386 433
62387 1085
62388 348
62389 458
62390 1007
62391 1009
62392 781
62393 552
62394 1169
62395 1075
62396 899
62397 730
62398 989
62399 755
62400 650
62401 39
62402 461
62403 1136
62404 435
62405 293
62406 336
62407 712
62408 871
62409 442
62410 888
62411 169
62412 565
62413 309
62414 826
62415 19
62416 1033
62417 225
62418 510
62419 901
62420 637
62421 1027
62422 43
62423 754
62424 855
62425 960
62426 631
62427 1107
62428 493
62429 158
62430 155
62431 847
62432 631
62433 1007
62434 944
62435 591
62436 317
62437 836
62438 898
62439 217
62440 1058
62441 229
62442 733
62443 155
62444 1063
62445 698
62446 779
62447 197
62448 495
62449 283
62450 814
62451 139
62452 835
62453 1152
62454 110
62455 477
62456 831
62457 601
62458 441
62459 1138
62460 989
62461 410
62462 1159
62463 734
62464 279
62465 174
62466 72
62467 471
62468 703
62469 1095
62470 311
62471 82
62472 510
62473 212
62474 7
62475 905
62476 840
62477 53
62478 560
62479 1044
62480 145
62481 176
62482 99
62483 253
62484 648
62485 1139
62486 940
62487 230
62488 938
62489 924
62490 808
62491 878
62492 96
62493 580
62494 949
62495 73
62496 288
62497 113
62498 635
62499 1075
62500 872
62501 33
62502 1081
62503 892
62504 1118
62505 156
62506 7
62507 861
62508 429
62509 858
62510 492
62511 1028
62512 126
62513 985
62514 253
62515 923
62516 1148
62517 21
62518 131
62519 956
62520 929
62521 402
62522 931
62523 792
62524 975
62525 838
62526 224
62527 1170
62528 150
62529 289
62530 664
62531 285
62532 602
62533 1021
62534 383
62535 622
62536 1037
62537 668
62538 3
62539 1048
62540 111
62541 183
62542 822
62543 1024
62544 507
62545 745
62546 127
62547 204
62548 612
62549 81
62550 281
62551 363
62552 361
62553 722
62554 685
62555 1026
62556 634
62557 1114
62558 1040
62559 1095
62560 292
62561 853
62562 1105
62563 818
62564 416
62565 185
62566 20
62567 769
62568 520
62569 55
62570 193
62571 501
62572 983
62573 41
62574 767
62575 182
62576 571
62577 84
62578 675
62579 728
62580 685
62581 1167
62582 946
62583 813
62584 337
62585 706
62586 1017
62587 767
62588 307
62589 66
62590 106
62591 1121
62592 402
62593 301
62594 233
62595 262
62596 1145
62597 728
62598 453
62599 595
62600 459
62601 19
62602 994
62603 70
62604 407
62605 384
62606 929
62607 791
62608 130
62609 221
62610 177
62611 149
62612 467
62613 1123
62614 158
62615 688
62616 1068
62617 923
62618 927
62619 473
62620 288
62621 1000
62622 484
62623 657
62624 467
62625 205
62626 468
62627 325
62628 956
62629 657
62630 171
62631 73
62632 1003
62633 789
62634 522
62635 856
62636 355
62637 516
62638 740
62639 401
62640 95
62641 862
62642 457
62643 286
62644 836
62645 397
62646 741
62647 506
62648 1070
62649 202
62650 996
62651 1125
62652 299
62653 876
62654 678
62655 946
62656 784
62657 51
62658 205
62659 72
62660 742
62661 978
62662 972
62663 987
62664 198
62665 7
62666 901
62667 465
62668 429
62669 374
62670 207
62671 1003
62672 235
62673 617
62674 1153
62675 263
62676 818
62677 1168
62678 759
62679 1060
62680 149
62681 72
62682 545
62683 460
62684 873
62685 135
62686 469
62687 904
62688 253
62689 360
62690 492
62691 983
62692 1069
62693 642
62694 883
62695 132
62696 1052
62697 985
62698 1008
62699 283
62700 460
62701 380
62702 792
62703 689
62704 532
62705 344
62706 553
62707 777
62708 259
62709 337
62710 1063
62711 622
62712 196
62713 540
62714 30
62715 223
62716 578
62717 1149
62718 981
62719 621
62720 241
62721 1006
62722 668
62723 1028
62724 764
62725 368
62726 1037
62727 114
62728 1160
62729 129
62730 875
62731 1169
62732 916
62733 847
62734 453
62735 192
62736 52
62737 925
62738 860
62739 412
62740 105
62741 807
62742 792
62743 44
62744 264
62745 370
62746 439
62747 173
62748 566
62749 167
62750 372
62751 342
62752 196
62753 721
62754 778
62755 483
62756 1018
62757 290
62758 744
62759 29
62760 679
62761 601
62762 345
62763 280
62764 237
62765 495
62766 550
62767 505
62768 936
62769 875
62770 1143
62771 1129
62772 99
62773 53
62774 805
62775 712
62776 406
62777 810
62778 402
62779 703
62780 307
62781 577
62782 785
62783 1016
62784 1137
62785 240
62786 218
62787 49
62788 498
62789 125
62790 145
62791 494
62792 555
62793 652
62794 295
62795 141
62796 1055
62797 960
62798 742
62799 298
62800 1119
62801 1082
62802 948
62803 1011
62804 1076
62805 136
62806 323
62807 1027
62808 891
62809 447
62810 1111
62811 667
62812 174
62813 665
62814 634
62815 455
62816 1012
62817 285
62818 849
62819 1071
62820 1127
62821 99
62822 1133
62823 437
62824 177
62825 483
62826 1102
62827 319
62828 631
62829 54
62830 1092
62831 1060
62832 709
62833 1062
62834 242
62835 1106
62836 562
62837 39
62838 706
62839 216
62840 29
62841 392
62842 467
62843 429
62844 668
62845 443
62846 244
62847 1072
62848 957
62849 819
62850 898
62851 42
62852 70
62853 282
62854 664
62855 671
62856 766
62857 651
62858 612
62859 767
62860 804
62861 192
62862 772
62863 24
62864 345
62865 1108
62866 634
62867 499
62868 232
62869 961
62870 985
62871 468
62872 470
62873 472
62874 108
62875 400
62876 873
62877 881
62878 824
62879 679
62880 188
62881 476
62882 881
62883 244
62884 589
62885 668
62886 215
62887 32
62888 743
62889 206
62890 553
62891 577
62892 1101
62893 413
62894 1
62895 955
62896 410
62897 211
62898 1013
62899 854
62900 54
62901 121
62902 563
62903 121
62904 585
62905 1034
62906 18
62907 55
62908 16
62909 219
62910 888
62911 555
62912 447
62913 931
62914 48
62915 495
62916 1086
62917 142
62918 456
62919 179
62920 914
62921 854
62922 688
62923 752
62924 852
62925 531
62926 438
62927 761
62928 650
62929 310
62930 323
62931 181
62932 788
62933 633
62934 491
62935 753
62936 1014
62937 263
62938 96
62939 891
62940 805
62941 125
62942 831
62943 1002
62944 796
62945 184
62946 538
62947 566
62948 1149
62949 855
62950 391
62951 416
62952 673
62953 374
62954 374
62955 766
62956 73
62957 877
62958 1053
62959 170
62960 512
62961 116
62962 933
62963 789
62964 506
62965 979
62966 1033
62967 74
62968 493
62969 512
62970 875
62971 504
62972 896
62973 960
62974 360
62975 456
62976 994
62977 898
62978 723
62979 713
62980 1056
62981 481
62982 307
62983 1050
62984 684
62985 304
62986 1046
62987 200
62988 980
62989 545
62990 299
62991 981
62992 173
62993 134
62994 89
62995 481
62996 721
62997 1010
62998 41
62999 1057
63000 383
63001 822
63002 84
63003 137
63004 603
63005 391
63006 555
63007 190
63008 447
63009 617
63010 447
63011 975
63012 988
63013 148
63014 426
63015 7
63016 397
63017 285
63018 915
63019 1038
63020 1084
63021 143
63022 826
63023 906
63024 707
63025 810
63026 713
63027 676
63028 1076
63029 476
63030 713
63031 769
63032 1068
63033 570
63034 792
63035 143
63036 290
63037 100
63038 573
63039 761
63040 247
63041 288
63042 521
63043 613
63044 625
63045 1012
63046 551
63047 101
63048 624
63049 468
63050 627
63051 266
63052 711
63053 165
63054 206
63055 1026
63056 1085
63057 1148
63058 979
63059 702
63060 679
63061 146
63062 1041
63063 100
63064 443
63065 729
63066 124
63067 744
63068 188
63069 884
63070 513
63071 553
63072 988
63073 256
63074 559
63075 148
63076 186
63077 570
63078 64
63079 1166
63080 475
63081 294
63082 357
63083 129
63084 1149
63085 15
63086 244
63087 964
63088 968
63089 772
63090 550
63091 1050
63092 201
63093 233
63094 1050
63095 1014
63096 915
63097 633
63098 24
63099 374
63100 884
63101 1040
63102 185
63103 227
63104 1139
63105 554
63106 441
63107 309
63108 1097
63109 425
63110 1014
63111 785
63112 564
63113 22
63114 0
63115 388
63116 659
63117 775
63118 1154
63119 255
63120 361
63121 334
63122 420
63123 115
63124 710
63125 1132
63126 68
63127 820
63128 1136
63129 251
63130 502
63131 313
63132 411
63133 1145
63134 24
63135 659
63136 110
63137 1105
63138 470
63139 112
63140 2
63141 373
63142 63
63143 460
63144 1152
63145 255
63146 314
63147 390
63148 9
63149 150
63150 182
63151 964
63152 715
63153 89
63154 451
63155 1006
63156 1119
63157 13
63158 942
63159 482
63160 40
63161 21
63162 904
63163 564
63164 387
63165 592
63166 133
63167 500
63168 136
63169 384
63170 295
63171 200
63172 214
63173 824
63174 555
63175 456
63176 497
63177 487
63178 949
63179 535
63180 1144
63181 1148
63182 347
63183 718
63184 1149
63185 479
63186 830
63187 223
63188 816
63189 405
63190 159
63191 237
63192 1099
63193 427
63194 276
63195 1037
63196 1136
63197 1103
63198 763
63199 173
63200 73
63201 316
63202 259
63203 42
63204 182
63205 497
63206 288
63207 150
63208 1110
63209 1068
63210 386
63211 354
63212 664
63213 1141
63214 683
63215 973
63216 810
63217 1122
63218 642
63219 840
63220 782
63221 253
63222 618
63223 626
63224 85
63225 856
63226 688
63227 512
63228 1027
63229 1099
63230 281
63231 244
63232 597
63233 1124
63234 613
63235 986
63236 223
63237 305
63238 182
63239 82
63240 969
63241 543
63242 389
63243 203
63244 387
63245 536
63246 1096
63247 749
63248 711
63249 677
63250 855
63251 1030
63252 568
63253 761
63254 899
63255 390
63256 984
63257 819
63258 424
63259 458
63260 409
63261 1007
63262 644
63263 898
63264 1082
63265 398
63266 209
63267 488
63268 662
63269 509
63270 868
63271 322
63272 664
63273 1149
63274 913
63275 701
63276 266
63277 118
63278 694
63279 637
63280 463
63281 1127
63282 789
63283 450
63284 645
63285 1019
63286 473
63287 407
63288 827
63289 332
63290 131
63291 839
63292 1047
63293 739
63294 134
63295 1110
63296 551
63297 170
63298 979
63299 1015
63300 587
63301 612
63302 414
63303 872
63304 948
63305 296
63306 774
63307 438
63308 400
63309 82
63310 951
63311 738
63312 889
63313 998
63314 504
63315 1111
63316 961
63317 461
63318 806
63319 131
63320 861
63321 1127
63322 832
63323 48
63324 1004
63325 668
63326 622
63327 999
63328 571
63329 986
63330 911
63331 628
63332 1089
63333 317
63334 527
63335 402
63336 824
63337 882
63338 674
63339 836
63340 786
63341 225
63342 422
63343 357
63344 784
63345 468
63346 508
63347 922
63348 638
63349 422
63350 816
63351 816
63352 200
63353 397
63354 516
63355 202
63356 340
63357 660
63358 1054
63359 1025
63360 978
63361 653
63362 1022
63363 908
63364 884
63365 1156
63366 63
63367 844
63368 1056
63369 1097
63370 559
63371 38
63372 1015
63373 964
63374 1024
63375 855
63376 1088
63377 657
63378 964
63379 993
63380 640
63381 866
63382 173
63383 675
63384 118
63385 536
63386 356
63387 883
63388 872
63389 416
63390 313
63391 1157
63392 994
63393 590
63394 642
63395 757
63396 249
63397 185
63398 332
63399 972
63400 504
63401 289
63402 438
63403 530
63404 307
63405 677
63406 928
63407 982
63408 855
63409 1018
63410 913
63411 801
63412 267
63413 729
63414 1168
63415 924
63416 839
63417 774
63418 746
63419 198
63420 531
63421 982
63422 79
63423 25
63424 769
63425 864
63426 1119
63427 621
63428 79
63429 77
63430 585
63431 894
63432 805
63433 310
63434 786
63435 174
63436 442
63437 178
63438 989
63439 27
63440 869
63441 246
63442 348
63443 636
63444 654
63445 610
63446 889
63447 112
63448 554
63449 531
63450 163
63451 980
63452 840
63453 492
63454 113
63455 754
63456 827
63457 909
63458 224
63459 307
63460 654
63461 762
63462 301
63463 573
63464 397
63465 862
63466 0
63467 1032
63468 68
63469 1085
63470 250
63471 734
63472 299
63473 613
63474 394
63475 254
63476 136
63477 842
63478 269
63479 547
63480 53
63481 1079
63482 478
63483 798
63484 540
63485 520
63486 62
63487 264
63488 323
63489 522
63490 612
63491 738
63492 203
63493 263
63494 882
63495 65
63496 888
63497 671
63498 824
63499 639
63500 243
63501 1119
63502 948
63503 1030
63504 745
63505 200
63506 619
63507 868
63508 312
63509 988
63510 644
63511 92
63512 1087
63513 706
63514 418
63515 608
63516 963
63517 49
63518 876
63519 972
63520 530
63521 80
63522 658
63523 424
63524 840
63525 793
63526 440
63527 16
63528 391
63529 140
63530 793
63531 576
63532 117
63533 444
63534 570
63535 524
63536 261
63537 74
63538 613
63539 948
63540 661
63541 849
63542 631
63543 759
63544 384
63545 893
63546 1127
63547 947
63548 836
63549 207
63550 905
63551 811
63552 762
63553 499
63554 1044
63555 170
63556 781
63557 543
63558 490
63559 763
63560 638
63561 1037
63562 920
63563 448
63564 168
63565 35
63566 860
63567 240
63568 531
63569 154
63570 533
63571 429
63572 781
63573 1147
63574 694
63575 176
63576 1101
63577 722
63578 752
63579 729
63580 477
63581 803
63582 1111
63583 909
63584 387
63585 1010
63586 868
63587 595
63588 797
63589 657
63590 511
63591 383
63592 871
63593 175
63594 517
63595 1121
63596 1005
63597 328
63598 385
63599 1127
63600 275
63601 319
63602 962
63603 937
63604 205
63605 210
63606 341
63607 1064
63608 569
63609 298
63610 1036
63611 244
63612 125
63613 714
63614 405
63615 335
63616 1012
63617 693
63618 469
63619 668
63620 1037
63621 448
63622 810
63623 28
63624 468
63625 525
63626 152
63627 1120
63628 61
63629 679
63630 47
63631 280
63632 96
63633 489
63634 831
63635 1050
63636 920
63637 496
63638 729
63639 148
63640 120
63641 945
63642 324
63643 65
63644 728
63645 78
63646 208
63647 669
63648 520
63649 515
63650 412
63651 811
63652 516
63653 809
63654 424
63655 25
63656 292
63657 883
63658 569
63659 1116
63660 474
63661 1002
63662 628
63663 360
63664 939
63665 817
63666 930
63667 874
63668 313
63669 752
63670 886
63671 852
63672 650
63673 252
63674 1030
63675 472
63676 428
63677 220
63678 95
63679 169
63680 820
63681 1083
63682 479
63683 749
63684 196
63685 1027
63686 51
63687 627
63688 182
63689 883
63690 704
63691 808
63692 664
63693 617
63694 871
63695 409
63696 20
63697 842
63698 671
63699 830
63700 939
63701 602
63702 1141
63703 1026
63704 534
63705 633
63706 1168
63707 834
63708 492
63709 1046
63710 1017
63711 759
63712 1054
63713 345
63714 273
63715 1033
63716 989
63717 722
63718 75
63719 744
63720 912
63721 794
63722 446
63723 572
63724 579
63725 689
63726 377
63727 507
63728 964
63729 870
63730 482
63731 524
63732 872
63733 777
63734 898
63735 139
63736 1160
63737 1130
63738 7
63739 1146
63740 429
63741 180
63742 1048
63743 350
63744 476
63745 699
63746 437
63747 107
63748 703
63749 722
63750 593
63751 12
63752 739
63753 607
63754 467
63755 111
63756 830
63757 357
63758 181
63759 1029
63760 506
63761 702
63762 852
63763 55
63764 842
63765 264
63766 245
63767 148
63768 820
63769 1114
63770 567
63771 79
63772 871
63773 223
63774 219
63775 1098
63776 270
63777 1107
63778 1033
63779 1012
63780 1114
63781 320
63782 557
63783 125
63784 1024
63785 508
63786 867
63787 1064
63788 293
63789 237
63790 547
63791 381
63792 559
63793 84
63794 999
63795 120
63796 868
63797 726
63798 646
63799 995
63800 1100
63801 167
63802 56
63803 482
63804 632
63805 1123
63806 278
63807 127
63808 1049
63809 894
63810 530
63811 1112
63812 541
63813 314
63814 941
63815 1108
63816 1013
63817 1035
63818 1095
63819 81
63820 172
63821 39
63822 865
63823 571
63824 566
63825 838
63826 921
63827 523
63828 561
63829 799
63830 591
63831 1131
63832 808
63833 259
63834 105
63835 303
63836 775
63837 755
63838 1055
63839 37
63840 244
63841 897
63842 93
63843 515
63844 134
63845 446
63846 86
63847 377
63848 662
63849 594
63850 127
63851 770
63852 460
63853 409
63854 551
63855 669
63856 1065
63857 1054
63858 376
63859 548
63860 859
63861 1114
63862 205
63863 301
63864 1137
63865 625
63866 1075
63867 604
63868 136
63869 45
63870 197
63871 1089
63872 352
63873 861
63874 437
63875 115
63876 478
63877 169
63878 607
63879 680
63880 53
63881 978
63882 854
63883 532
63884 804
63885 233
63886 438
63887 887
63888 534
63889 632
63890 1076
63891 879
63892 576
63893 928
63894 591
63895 143
63896 226
63897 71
63898 765
63899 1092
63900 515
63901 203
63902 800
63903 961
63904 654
63905 954
63906 1056
63907 583
63908 917
63909 335
63910 537
63911 749
63912 603
63913 891
63914 881
63915 820
63916 859
63917 862
63918 185
63919 851
63920 1087
63921 29
63922 823
63923 668
63924 1050
63925 1062
63926 87
63927 1037
63928 253
63929 662
63930 543
63931 866
63932 499
63933 760
63934 655
63935 1000
63936 667
63937 117
63938 151
63939 820
63940 621
63941 987
63942 232
63943 385
63944 43
63945 382
63946 863
63947 283
63948 482
63949 382
63950 80
63951 444
63952 671
63953 920
63954 772
63955 466
63956 422
63957 1002
63958 177
63959 1026
63960 290
63961 984
63962 900
63963 1075
63964 679
63965 193
63966 372
63967 838
63968 821
63969 297
63970 559
63971 996
63972 74
63973 830
63974 961
63975 948
63976 649
63977 1167
63978 541
63979 960
63980 564
63981 969
63982 734
63983 1101
63984 955
63985 1
63986 813
63987 605
63988 1115
63989 333
63990 484
63991 1031
63992 357
63993 57
63994 395
63995 351
63996 921
63997 43
63998 299
63999 1034
64000 412
64001 2
64002 561
64003 585
64004 549
64005 1153
64006 371
64007 185
64008 134
64009 1040
64010 865
64011 447
64012 945
64013 546
64014 299
64015 393
64016 572
64017 518
64018 512
64019 153
64020 410
64021 1052
64022 9
64023 1122
64024 178
64025 133
64026 922
64027 891
64028 391
64029 1020
64030 197
64031 558
64032 12
64033 512
64034 962
64035 42
64036 183
64037 811
64038 772
64039 525
64040 893
64041 982
64042 813
64043 430
64044 969
64045 566
64046 869
64047 872
64048 125
64049 1084
64050 824
64051 1075
64052 959
64053 502
64054 946
64055 1104
64056 133
64057 819
64058 855
64059 225
64060 199
64061 1099
64062 891
64063 1031
64064 905
64065 750
64066 108
64067 347
64068 14
64069 319
64070 274
64071 769
64072 1130
64073 391
64074 474
64075 547
64076 1031
64077 1094
64078 36
64079 930
64080 957
64081 695
64082 701
64083 398
64084 939
64085 853
64086 46
64087 635
64088 922
64089 109
64090 980
64091 676
64092 257
64093 801
64094 986
64095 809
64096 792
64097 386
64098 678
64099 170
64100 706
64101 165
64102 706
64103 371
64104 965
64105 545
64106 1037
64107 137
64108 585
64109 941
64110 173
64111 374
64112 786
64113 1128
64114 285
64115 117
64116 1169
64117 373
64118 52
64119 454
64120 545
64121 1113
64122 435
64123 198
64124 497
64125 504
64126 1075
64127 176
64128 1135
64129 573
64130 505
64131 822
64132 862
64133 236
64134 413
64135 622
64136 130
64137 1055
64138 178
64139 1027
64140 932
64141 904
64142 523
64143 1099
64144 740
64145 554
64146 638
64147 795
64148 856
64149 897
64150 809
64151 597
64152 343
64153 679
64154 809
64155 350
64156 664
64157 978
64158 595
64159 779
64160 328
64161 199
64162 714
64163 727
64164 226
64165 75
64166 720
64167 1003
64168 447
64169 591
64170 438
64171 532
64172 94
64173 742
64174 186
64175 916
64176 1082
64177 269
64178 87
64179 708
64180 672
64181 297
64182 1052
64183 927
64184 181
64185 180
64186 1064
64187 951
64188 796
64189 294
64190 1060
64191 770
64192 929
64193 1050
64194 1158
64195 590
64196 907
64197 1102
64198 623
64199 205
64200 1052
64201 279
64202 862
64203 2
64204 45
64205 114
64206 782
64207 1045
64208 283
64209 1118
64210 183
64211 838
64212 737
64213 961
64214 910
64215 369
64216 675
64217 126
64218 211
64219 713
64220 297
64221 741
64222 535
64223 117
64224 978
64225 410
64226 146
64227 506
64228 340
64229 280
64230 741
64231 1069
64232 644
64233 165
64234 670
64235 68
64236 55
64237 675
64238 343
64239 943
64240 442
64241 583
64242 959
64243 946
64244 553
64245 917
64246 853
64247 90
64248 463
64249 574
64250 1144
64251 322
64252 430
64253 436
64254 55
64255 923
64256 940
64257 40
64258 1144
64259 334
64260 1047
64261 1057
64262 749
64263 381
64264 258
64265 470
64266 915
64267 663
64268 1027
64269 716
64270 675
64271 838
64272 610
64273 488
64274 1147
64275 896
64276 232
64277 1053
64278 666
64279 421
64280 1016
64281 412
64282 491
64283 17
64284 836
64285 357
64286 0
64287 1157
64288 547
64289 990
64290 150
64291 768
64292 393
64293 682
64294 326
64295 170
64296 783
64297 29
64298 325
64299 1044
64300 286
64301 589
64302 776
64303 347
64304 803
64305 481
64306 273
64307 780
64308 10
64309 1053
64310 328
64311 873
64312 745
64313 701
64314 82
64315 359
64316 513
64317 198
64318 1069
64319 376
64320 25
64321 408
64322 279
64323 191
64324 219
64325 717
64326 35
64327 583
64328 966
64329 1021
64330 940
64331 221
64332 764
64333 557
64334 1015
64335 527
64336 557
64337 847
64338 1096
64339 1092
64340 696
64341 380
64342 38
64343 509
64344 604
64345 1137
64346 556
64347 1007
64348 79
64349 1078
64350 778
64351 1131
64352 223
64353 110
64354 787
64355 327
64356 811
64357 1082
64358 1077
64359 134
64360 497
64361 725
64362 450
64363 221
64364 256
64365 89
64366 144
64367 505
64368 171
64369 356
64370 467
64371 852
64372 989
64373 590
64374 89
64375 1092
64376 905
64377 645
64378 446
64379 683
64380 828
64381 1122
64382 748
64383 107
64384 458
64385 1034
64386 126
64387 923
64388 1104
64389 350
64390 977
64391 818
64392 77
64393 874
64394 338
64395 836
64396 259
64397 954
64398 939
64399 503
64400 361
64401 944
64402 416
64403 777
64404 398
64405 558
64406 498
64407 713
64408 848
64409 822
64410 33
64411 156
64412 1103
64413 563
64414 406
64415 136
64416 1082
64417 1084
64418 1166
64419 950
64420 2
64421 872
64422 487
64423 341
64424 268
64425 324
64426 383
64427 596
64428 23
64429 802
64430 492
64431 205
64432 436
64433 370
64434 690
64435 944
64436 100
64437 666
64438 677
64439 372
64440 174
64441 538
64442 827
64443 132
64444 1139
64445 61
64446 542
64447 831
64448 323
64449 614
64450 502
64451 647
64452 641
64453 925
64454 629
64455 351
64456 1048
64457 690
64458 947
64459 570
64460 371
64461 705
64462 989
64463 368
64464 830
64465 652
64466 880
64467 833
64468 734
64469 507
64470 63
64471 472
64472 359
64473 239
64474 234
64475 500
64476 563
64477 184
64478 1043
64479 410
64480 27
64481 122
64482 885
64483 892
64484 929
64485 113
64486 736
64487 1094
64488 949
64489 548
64490 805
64491 911
64492 247
64493 437
64494 467
64495 699
64496 552
64497 229
64498 651
64499 775
64500 499
64501 913
64502 153
64503 163
64504 700
64505 453
64506 10
64507 974
64508 146
64509 579
64510 710
64511 1035
64512 459
64513 1084
64514 569
64515 120
64516 524
64517 52
64518 1094
64519 172
64520 211
64521 975
64522 784
64523 195
64524 826
64525 130
64526 309
64527 844
64528 948
64529 868
64530 777
64531 545
64532 1132
64533 1031
64534 238
64535 174
64536 445
64537 994
64538 593
64539 678
64540 546
64541 439
64542 646
64543 726
64544 546
64545 302
64546 70
64547 430
64548 931
64549 298
64550 1024
64551 1042
64552 1121
64553 623
64554 1027
64555 1027
64556 491
64557 264
64558 871
64559 914
64560 769
64561 740
64562 94
64563 40
64564 627
64565 47
64566 1015
64567 484
64568 19
64569 403
64570 351
64571 109
64572 145
64573 835
64574 1118
64575 695
64576 893
64577 594
64578 689
64579 554
64580 165
64581 1147
64582 1047
64583 413
64584 798
64585 569
64586 946
64587 271
64588 1138
64589 352
64590 37
64591 481
64592 110
64593 960
64594 211
64595 17
64596 658
64597 804
64598 284
64599 721
64600 333
64601 494
64602 810
64603 794
64604 679
64605 1131
64606 767
64607 787
64608 1045
64609 651
64610 222
64611 592
64612 640
64613 513
64614 774
64615 696
64616 617
64617 870
64618 425
64619 254
64620 682
64621 1048
64622 495
64623 534
64624 711
64625 585
64626 890
64627 1003
64628 86
64629 113
64630 490
64631 49
64632 802
64633 415
64634 613
64635 501
64636 299
64637 634
64638 315
64639 491
64640 1136
64641 504
64642 355
64643 1073
64644 900
64645 885
64646 839
64647 637
64648 541
64649 876
64650 680
64651 317
64652 213
64653 664
64654 742
64655 159
64656 189
64657 9
64658 399
64659 929
64660 87
64661 1078
64662 803
64663 549
64664 626
64665 24
64666 1071
64667 1146
64668 521
64669 264
64670 485
64671 633
64672 379
64673 1017
64674 440
64675 739
64676 8
64677 104
64678 835
64679 1041
64680 841
64681 202
64682 1115
64683 695
64684 238
64685 1172
64686 734
64687 371
64688 740
64689 610
64690 981
64691 1103
64692 1081
64693 1155
64694 263
64695 992
64696 521
64697 344
64698 411
64699 65
64700 348
64701 449
64702 1040
64703 695
64704 789
64705 664
64706 239
64707 113
64708 302
64709 609
64710 65
64711 241
64712 832
64713 133
64714 494
64715 116
64716 672
64717 537
64718 692
64719 794
64720 397
64721 157
64722 774
64723 403
64724 1044
64725 389
64726 183
64727 1045
64728 735
64729 23
64730 1090
64731 274
64732 1117
64733 476
64734 1149
64735 673
64736 630
64737 944
64738 1128
64739 244
64740 423
64741 639
64742 670
64743 525
64744 645
64745 184
64746 561
64747 971
64748 846
64749 261
64750 763
64751 860
64752 1136
64753 1126
64754 785
64755 812
64756 331
64757 305
64758 698
64759 41
64760 838
64761 514
64762 95
64763 751
64764 7
64765 878
64766 690
64767 279
64768 59
64769 668
64770 297
64771 644
64772 235
64773 968
64774 144
64775 412
64776 842
64777 54
64778 37
64779 614
64780 629
64781 714
64782 169
64783 540
64784 654
64785 145
64786 334
64787 1007
64788 511
64789 796
64790 504
64791 1044
64792 978
64793 717
64794 1133
64795 172
64796 1019
64797 53
64798 895
64799 1141
64800 11
64801 981
64802 441
64803 608
64804 338
64805 1116
64806 398
64807 79
64808 928
64809 719
64810 192
64811 1096
64812 508
64813 653
64814 493
64815 626
64816 1089
64817 389
64818 206
64819 897
64820 43
64821 1095
64822 605
64823 322
64824 540
64825 166
64826 759
64827 834
64828 1029
64829 566
64830 273
64831 1
64832 786
64833 584
64834 614
64835 580
64836 273
64837 822
64838 719
64839 929
64840 845
64841 17
64842 73
64843 384
64844 26
64845 135
64846 998
64847 417
64848 21
64849 582
64850 397
64851 1122
64852 884
64853 570
64854 489
64855 377
64856 446
64857 774
64858 785
64859 232
64860 829
64861 226
64862 618
64863 42
64864 408
64865 822
64866 626
64867 691
64868 1162
64869 887
64870 774
64871 63
64872 313
64873 214
64874 40
64875 328
64876 1039
64877 1033
64878 902
64879 118
64880 702
64881 413
64882 307
64883 250
64884 874
64885 283
64886 23
64887 270
64888 369
64889 83
64890 723
64891 214
64892 668
64893 474
64894 278
64895 304
64896 79
64897 410
64898 137
64899 470
64900 762
64901 1125
64902 177
64903 1040
64904 1071
64905 348
64906 315
64907 673
64908 663
64909 758
64910 397
64911 128
64912 261
64913 991
64914 1148
64915 847
64916 685
64917 1088
64918 222
64919 43
64920 683
64921 470
64922 766
64923 947
64924 379
64925 467
64926 753
64927 389
64928 373
64929 760
64930 197
64931 1047
64932 940
64933 305
64934 1067
64935 973
64936 280
64937 251
64938 1067
64939 976
64940 841
64941 392
64942 1136
64943 411
64944 142
64945 483
64946 326
64947 60
64948 486
64949 1109
64950 309
64951 237
64952 698
64953 872
64954 730
64955 1079
64956 614
64957 383
64958 606
64959 542
64960 232
64961 1109
64962 756
64963 63
64964 55
64965 1098
64966 69
64967 403
64968 559
64969 216
64970 669
64971 1017
64972 747
64973 1124
64974 802
64975 1064
64976 1134
64977 988
64978 1029
64979 64
64980 104
64981 39
64982 819
64983 282
64984 528
64985 148
64986 991
64987 166
64988 537
64989 842
64990 350
64991 904
64992 1028
64993 846
64994 849
64995 547
64996 512
64997 840
64998 926
64999 136
65000 639
65001 646
65002 264
65003 681
65004 438
65005 3
65006 610
65007 126
65008 802
65009 558
65010 767
65011 1011
65012 374
65013 530
65014 638
65015 305
65016 918
65017 286
65018 730
65019 189
65020 1024
65021 534
65022 171
65023 1094
65024 381
65025 479
65026 915
65027 730
65028 816
65029 497
65030 1057
65031 715
65032 257
65033 1083
65034 401
65035 1026
65036 1132
65037 597
65038 726
65039 359
65040 575
65041 146
65042 316
65043 983
65044 554
65045 110
65046 577
65047 1162
65048 1062
65049 637
65050 1151
65051 266
65052 130
65053 961
65054 979
65055 974
65056 82
65057 168
65058 941
65059 513
65060 379
65061 777
65062 375
65063 447
65064 722
65065 931
65066 237
65067 726
65068 796
65069 999
65070 834
65071 969
65072 101
65073 280
65074 863
65075 754
65076 444
65077 171
65078 1123
65079 309
65080 1025
65081 81
65082 201
65083 610
65084 672
65085 533
65086 460
65087 639
65088 230
65089 870
65090 861
65091 168
65092 753
65093 744
65094 893
65095 24
65096 1125
65097 1101
65098 198
65099 618
65100 816
65101 763
65102 965
65103 406
65104 861
65105 324
65106 220
65107 245
65108 1054
65109 149
65110 332
65111 118
65112 188
65113 600
65114 115
65115 114
65116 691
65117 1007
65118 306
65119 693
65120 573
65121 1125
65122 241
65123 195
65124 83
65125 202
65126 1094
65127 528
65128 190
65129 1012
65130 868
65131 917
65132 936
65133 841
65134 509
65135 18
65136 1064
65137 654
65138 3
65139 16
65140 6
65141 283
65142 195
65143 968
65144 822
65145 236
65146 779
65147 501
65148 364
65149 796
65150 258
65151 340
65152 968
65153 169
65154 39
65155 428
65156 1028
65157 883
65158 749
65159 593
65160 1160
65161 456
65162 680
65163 143
65164 761
65165 484
65166 528
65167 617
65168 319
65169 600
65170 1099
65171 687
65172 490
65173 182
65174 641
65175 838
65176 825
65177 59
65178 544
65179 1082
65180 114
65181 1070
65182 517
65183 1172
65184 915
65185 79
65186 465
65187 789
65188 334
65189 392
65190 1097
65191 761
65192 51
65193 324
65194 148
65195 1029
65196 907
65197 631
65198 804
65199 872
65200 169
65201 634
65202 189
65203 1036
65204 1012
65205 1035
65206 150
65207 263
65208 898
65209 109
65210 338
65211 1107
65212 703
65213 742
65214 123
65215 1132
65216 64
65217 529
65218 307
65219 865
65220 104
65221 1153
65222 429
65223 143
65224 375
65225 698
65226 625
65227 214
65228 1154
65229 659
65230 938
65231 63
65232 1025
65233 203
65234 222
65235 1096
65236 1133
65237 759
65238 528
65239 1001
65240 1017
65241 764
65242 677
65243 827
65244 1141
65245 1025
65246 651
65247 439
65248 503
65249 1101
65250 1044
65251 716
65252 932
65253 0
65254 657
65255 173
65256 109
65257 150
65258 1014
65259 742
65260 294
65261 1150
65262 981
65263 758
65264 277
65265 537
65266 880
65267 92
65268 977
65269 693
65270 752
65271 592
65272 711
65273 84
65274 285
65275 1032
65276 742
65277 1145
65278 511
65279 842
65280 971
65281 1125
65282 710
65283 47
65284 1079
65285 1109
65286 219
65287 1018
65288 794
65289 536
65290 1050
65291 120
65292 506
65293 498
65294 440
65295 251
65296 1064
65297 944
65298 733
65299 1048
65300 792
65301 912
65302 757
65303 134
65304 596
65305 414
65306 339
65307 740
65308 670
65309 101
65310 138
65311 196
65312 806
65313 1087
65314 816
65315 689
65316 74
65317 483
65318 246
65319 1118
65320 819
65321 95
65322 303
65323 914
65324 298
65325 496
65326 960
65327 23
65328 310
65329 657
65330 388
65331 89
65332 791
65333 1139
65334 1105
65335 20
65336 1048
65337 168
65338 573
65339 396
65340 760
65341 256
65342 734
65343 661
65344 982
65345 117
65346 124
65347 508
65348 202
65349 264
65350 1091
65351 618
65352 369
65353 30
65354 1114
65355 189
65356 158
65357 1058
65358 506
65359 14
65360 255
65361 811
65362 566
65363 902
65364 310
65365 196
65366 754
65367 1156
65368 1059
65369 140
65370 502
65371 798
65372 885
65373 173
65374 525
65375 322
65376 682
65377 488
65378 220
65379 108
65380 540
65381 645
65382 480
65383 356
65384 119
65385 561
65386 843
65387 422
65388 595
65389 511
65390 234
65391 538
65392 701
65393 1006
65394 0
65395 859
65396 678
65397 1126
65398 505
65399 773
65400 800
65401 537
65402 816
65403 548
65404 1167
65405 1106
65406 1142
65407 926
65408 640
65409 363
65410 1160
65411 525
65412 246
65413 296
65414 511
65415 497
65416 1034
65417 517
65418 181
65419 281
65420 624
65421 308
65422 1139
65423 1093
65424 421
65425 1077
65426 880
65427 1100
65428 1082
65429 930
65430 1045
65431 27
65432 685
65433 189
65434 915
65435 675
65436 1048
65437 1116
65438 600
65439 655
65440 380
65441 728
65442 562
65443 693
65444 79
65445 909
65446 441
65447 1102
65448 422
65449 96
65450 254
65451 881
65452 294
65453 878
65454 1043
65455 448
65456 307
65457 1061
65458 1007
65459 141
65460 412
65461 698
65462 477
65463 1010
65464 248
65465 553
65466 834
65467 524
65468 202
65469 93
65470 1138
65471 48
65472 11
65473 271
65474 998
65475 1130
65476 263
65477 913
65478 224
65479 776
65480 371
65481 1137
65482 493
65483 211
65484 753
65485 162
65486 94
65487 791
65488 696
65489 779
65490 831
65491 173
65492 678
65493 863
65494 775
65495 577
65496 700
65497 564
65498 704
65499 901
65500 16
65501 640
65502 1106
65503 738
65504 587
65505 922
65506 1140
65507 768
65508 1046
65509 824
65510 1146
65511 359
65512 648
65513 56
65514 208
65515 142
65516 1062
65517 160
65518 471
65519 263
65520 737
65521 213
65522 1009
65523 129
65524 583
65525 993
65526 1138
65527 1011
65528 754
65529 206
65530 71
65531 208
65532 399
65533 283
65534 523
65535 1131
65536 717
65537 950
65538 1101
65539 320
65540 287
65541 737
65542 575
65543 227
65544 40
65545 858
65546 801
65547 633
65548 455
65549 969
65550 471
65551 240
65552 225
65553 706
65554 1148
65555 1056
65556 1097
65557 201
65558 1136
65559 1019
65560 534
65561 544
65562 162
65563 246
65564 973
65565 916
65566 606
65567 698
65568 1029
65569 621
65570 1044
65571 933
65572 438
65573 776
65574 1033
65575 870
65576 1148
65577 656
65578 509
65579 183
65580 158
65581 76
65582 1
65583 89
65584 17
65585 603
65586 572
65587 1094
65588 14
65589 187
65590 142
65591 766
65592 1016
65593 344
65594 459
65595 657
65596 931
65597 709
65598 480
65599 638
65600 1152
65601 604
65602 90
65603 1073
65604 738
65605 452
65606 727
65607 890
65608 175
65609 807
65610 13
65611 515
65612 416
65613 684
65614 471
65615 467
65616 846
65617 851
65618 1045
65619 948
65620 288
65621 655
65622 1057
65623 186
65624 539
65625 733
65626 236
65627 168
65628 800
65629 148
65630 493
65631 636
65632 531
65633 333
65634 240
65635 490
65636 854
65637 865
65638 1052
65639 31
65640 261
65641 385
65642 603
65643 421
65644 245
65645 894
65646 186
65647 369
65648 637
65649 788
65650 601
65651 657
65652 139
65653 711
65654 774
65655 122
65656 1056
65657 391
65658 549
65659 147
65660 1159
65661 1084
65662 420
65663 1068
65664 1129
65665 681
65666 1156
65667 467
65668 301
65669 373
65670 875
65671 950
65672 589
65673 58
65674 935
65675 226
65676 859
65677 13
65678 676
65679 1007
65680 534
65681 658
65682 1140
65683 801
65684 323
65685 1088
65686 1041
65687 283
65688 851
65689 981
65690 321
65691 317
65692 42
65693 121
65694 817
65695 328
65696 198
65697 612
65698 947
65699 837
65700 1162
65701 599
65702 1019
65703 1056
65704 255
65705 1075
65706 357
65707 148
65708 209
65709 597
65710 980
65711 412
65712 336
65713 875
65714 652
65715 1156
65716 185
65717 139
65718 747
65719 393
65720 83
65721 361
65722 38
65723 156
65724 544
65725 541
65726 361
65727 913
65728 124
65729 922
65730 513
65731 336
65732 106
65733 1130
65734 56
65735 353
65736 542
65737 806
65738 787
65739 721
65740 798
65741 758
65742 460
65743 821
65744 105
65745 211
65746 927
65747 347
65748 662
65749 412
65750 811
65751 18
65752 1049
65753 982
65754 596
65755 418
65756 2
65757 341
65758 2
65759 115
65760 1079
65761 62
65762 321
65763 193
65764 754
65765 226
65766 792
65767 508
65768 870
65769 997
65770 759
65771 1017
65772 78
65773 697
65774 328
65775 645
65776 313
65777 493
65778 903
65779 444
65780 1112
65781 398
65782 150
65783 1064
65784 398
65785 231
65786 769
65787 1077
65788 97
65789 529
65790 307
65791 1136
65792 614
65793 748
65794 293
65795 846
65796 474
65797 192
65798 1106
65799 666
65800 911
65801 1003
65802 251
65803 711
65804 1081
65805 246
65806 980
65807 1038
65808 161
65809 850
65810 439
65811 943
65812 1045
65813 144
65814 183
65815 662
65816 18
65817 1152
65818 1094
65819 1135
65820 575
65821 57
65822 763
65823 81
65824 715
65825 539
65826 451
65827 989
65828 127
65829 64
65830 225
65831 1050
65832 902
65833 1070
65834 582
65835 1079
65836 437
65837 1131
65838 629
65839 199
65840 761
65841 562
65842 217
65843 750
65844 962
65845 987
65846 873
65847 1162
65848 580
65849 295
65850 308
65851 228
65852 246
65853 0
65854 713
65855 628
65856 305
65857 665
65858 1091
65859 156
65860 389
65861 1154
65862 893
65863 791
65864 929
65865 623
65866 403
65867 79
65868 576
65869 800
65870 667
65871 127
65872 332
65873 840
65874 483
65875 88
65876 888
65877 174
65878 219
65879 110
65880 232
65881 206
65882 594
65883 168
65884 1021
65885 744
65886 254
65887 760
65888 108
65889 478
65890 961
65891 1116
65892 193
65893 1167
65894 140
65895 860
65896 1008
65897 294
65898 1079
65899 732
65900 433
65901 195
65902 955
65903 47
65904 725
65905 961
65906 468
65907 453
65908 83
65909 588
65910 349
65911 851
65912 37
65913 202
65914 1032
65915 596
65916 259
65917 703
65918 599
65919 647
65920 273
65921 747
65922 993
65923 14
65924 467
65925 135
65926 656
65927 47
65928 484
65929 1112
65930 739
65931 300
65932 974
65933 804
65934 726
65935 54
65936 362
65937 689
65938 244
65939 65
65940 590
65941 477
65942 395
65943 1097
65944 205
65945 611
65946 298
65947 736
65948 331
65949 824
65950 381
65951 1140
65952 277
65953 864
65954 278
65955 753
65956 968
65957 166
65958 587
65959 301
65960 956
65961 819
65962 736
65963 1025
65964 771
65965 221
65966 522
65967 602
65968 1102
65969 1140
65970 1166
65971 88
65972 563
65973 519
65974 893
65975 1088
65976 680
65977 962
65978 996
65979 619
65980 267
65981 831
65982 34
65983 801
65984 915
65985 91
65986 277
65987 952
65988 229
65989 590
65990 659
65991 122
65992 1079
65993 725
65994 1132
65995 4
65996 963
65997 998
65998 60
65999 93
66000 1110
66001 91
66002 198
66003 332
66004 708
66005 102
66006 597
66007 180
66008 774
66009 992
66010 1051
66011 457
66012 623
66013 693
66014 1155
66015 778
66016 707
66017 475
66018 459
66019 962
66020 737
66021 896
66022 582
66023 475
66024 559
66025 849
66026 42
66027 713
66028 543
66029 306
66030 1058
66031 1027
66032 166
66033 607
66034 327
66035 465
66036 896
66037 322
66038 376
66039 309
66040 654
66041 1087
66042 553
66043 552
66044 603
66045 185
66046 937
66047 545
66048 52
66049 1062
66050 307
66051 570
66052 1031
66053 733
66054 495
66055 458
66056 1092
66057 282
66058 287
66059 1062
66060 277
66061 28
66062 1104
66063 126
66064 588
66065 268
66066 925
66067 257
66068 539
66069 956
66070 547
66071 249
66072 932
66073 682
66074 310
66075 146
66076 558
66077 1158
66078 435
66079 1024
66080 636
66081 335
66082 274
66083 664
66084 1073
66085 275
66086 508
66087 662
66088 721
66089 1009
66090 1049
66091 591
66092 764
66093 35
66094 565
66095 956
66096 412
66097 602
66098 4
66099 436
66100 120
66101 51
66102 690
66103 1153
66104 1007
66105 975
66106 447
66107 175
66108 1156
66109 1013
66110 1103
66111 261
66112 79
66113 1005
66114 473
66115 1088
66116 849
66117 579
66118 391
66119 342
66120 715
66121 1085
66122 685
66123 253
66124 665
66125 536
66126 62
66127 685
66128 424
66129 646
66130 480
66131 640
66132 346
66133 435
66134 1067
66135 331
66136 185
66137 1092
66138 15
66139 651
66140 360
66141 493
66142 97
66143 1043
66144 276
66145 737
66146 57
66147 585
66148 866
66149 1106
66150 571
66151 372
66152 677
66153 401
66154 425
66155 1150
66156 900
66157 1060
66158 798
66159 521
66160 114
66161 174
66162 491
66163 76
66164 93
66165 1027
66166 746
66167 1095
66168 759
66169 47
66170 979
66171 201
66172 900
66173 853
66174 880
66175 1086
66176 1108
66177 949
66178 1008
66179 746
66180 850
66181 430
66182 569
66183 1051
66184 270
66185 953
66186 455
66187 583
66188 281
66189 919
66190 1028
66191 1017
66192 386
66193 995
66194 177
66195 129
66196 118
66197 885
66198 331
66199 68
66200 1003
66201 1143
66202 904
66203 27
66204 1071
66205 862
66206 336
66207 878
66208 893
66209 1033
66210 845
66211 616
66212 1044
66213 182
66214 595
66215 208
66216 1144
66217 21
66218 665
66219 741
66220 431
66221 402
66222 1096
66223 822
66224 990
66225 152
66226 347
66227 866
66228 447
66229 830
66230 723
66231 1018
66232 510
66233 965
66234 484
66235 386
66236 50
66237 770
66238 201
66239 826
66240 17
66241 480
66242 713
66243 506
66244 958
66245 649
66246 1108
66247 1007
66248 397
66249 350
66250 99
66251 1018
66252 100
66253 1099
66254 244
66255 864
66256 369
66257 897
66258 569
66259 731
66260 62
66261 186
66262 369
66263 763
66264 305
66265 707
66266 595
66267 344
66268 532
66269 916
66270 256
66271 325
66272 754
66273 1115
66274 593
66275 685
66276 816
66277 308
66278 334
66279 407
66280 6
66281 996
66282 894
66283 960
66284 1147
66285 651
66286 978
66287 1116
66288 971
66289 952
66290 816
66291 105
66292 817
66293 1018
66294 560
66295 428
66296 434
66297 738
66298 1072
66299 637
66300 597
66301 35
66302 875
66303 362
66304 834
66305 998
66306 552
66307 429
66308 427
66309 258
66310 33
66311 279
66312 1041
66313 93
66314 588
66315 216
66316 162
66317 1054
66318 502
66319 344
66320 835
66321 384
66322 452
66323 551
66324 304
66325 484
66326 57
66327 907
66328 751
66329 691
66330 486
66331 248
66332 718
66333 40
66334 8
66335 1147
66336 374
66337 394
66338 374
66339 1158
66340 308
66341 1074
66342 603
66343 938
66344 109
66345 884
66346 316
66347 746
66348 243
66349 221
66350 411
66351 152
66352 1166
66353 156
66354 124
66355 142
66356 47
66357 852
66358 973
66359 855
66360 1000
66361 1111
66362 362
66363 778
66364 1084
66365 126
66366 1134
66367 1106
66368 858
66369 333
66370 436
66371 24
66372 91
66373 697
66374 146
66375 982
66376 658
66377 806
66378 265
66379 638
66380 51
66381 415
66382 180
66383 553
66384 507
66385 219
66386 232
66387 123
66388 635
66389 632
66390 4
66391 1009
66392 651
66393 288
66394 692
66395 1151
66396 1076
66397 1094
66398 136
66399 1124
66400 811
66401 282
66402 437
66403 944
66404 347
66405 841
66406 668
66407 658
66408 64
66409 1146
66410 597
66411 800
66412 970
66413 1094
66414 109
66415 821
66416 124
66417 680
66418 316
66419 849
66420 744
66421 629
66422 1007
66423 359
66424 1118
66425 407
66426 1042
66427 496
66428 942
66429 603
66430 268
66431 677
66432 542
66433 244
66434 1068
66435 583
66436 1108
66437 620
66438 692
66439 29
66440 854
66441 810
66442 781
66443 388
66444 800
66445 1047
66446 336
66447 727
66448 798
66449 77
66450 615
66451 533
66452 785
66453 1126
66454 523
66455 112
66456 82
66457 780
66458 570
66459 801
66460 161
66461 544
66462 795
66463 27
66464 452
66465 369
66466 750
66467 819
66468 167
66469 920
66470 217
66471 520
66472 944
66473 409
66474 195
66475 335
66476 833
66477 404
66478 513
66479 44
66480 277
66481 338
66482 1101
66483 837
66484 751
66485 576
66486 108
66487 854
66488 611
66489 533
66490 584
66491 718
66492 549
66493 988
66494 278
66495 841
66496 1130
66497 569
66498 846
66499 159
66500 725
66501 306
66502 426
66503 105
66504 263
66505 1102
66506 931
66507 41
66508 763
66509 548
66510 483
66511 448
66512 890
66513 551
66514 163
66515 894
66516 893
66517 1088
66518 26
66519 1000
66520 147
66521 85
66522 1018
66523 843
66524 652
66525 820
66526 640
66527 793
66528 1087
66529 826
66530 107
66531 269
66532 498
66533 426
66534 312
66535 877
66536 260
66537 452
66538 48
66539 941
66540 538
66541 828
66542 420
66543 1166
66544 87
66545 205
66546 509
66547 261
66548 691
66549 575
66550 8
66551 560
66552 222
66553 353
66554 1142
66555 495
66556 836
66557 894
66558 921
66559 37
66560 480
66561 925
66562 883
66563 213
66564 985
66565 939
66566 335
66567 673
66568 672
66569 612
66570 150
66571 137
66572 13
66573 126
66574 1160
66575 103
66576 182
66577 721
66578 592
66579 563
66580 887
66581 263
66582 708
66583 553
66584 394
66585 391
66586 1092
66587 1014
66588 189
66589 1113
66590 198
66591 142
66592 737
66593 37
66594 667
66595 437
66596 827
66597 1081
66598 763
66599 634
66600 1116
66601 882
66602 239
66603 223
66604 278
66605 641
66606 1048
66607 666
66608 437
66609 789
66610 356
66611 806
66612 93
66613 194
66614 1145
66615 792
66616 979
66617 510
66618 1046
66619 880
66620 731
66621 1007
66622 1110
66623 244
66624 1094
66625 247
66626 501
66627 706
66628 644
66629 550
66630 324
66631 347
66632 12
66633 767
66634 566
66635 670
66636 145
66637 469
66638 698
66639 103
66640 105
66641 293
66642 749
66643 814
66644 130
66645 343
66646 240
66647 8
66648 581
66649 50
66650 955
66651 211
66652 781
66653 286
66654 1017
66655 223
66656 76
66657 1039
66658 606
66659 301
66660 888
66661 70
66662 1162
66663 703
66664 1113
66665 812
66666 80
66667 478
66668 78
66669 731
66670 161
66671 1086
66672 1114
66673 554
66674 640
66675 29
66676 685
66677 815
66678 610
66679 280
66680 1057
66681 511
66682 572
66683 1055
66684 535
66685 913
66686 670
66687 346
66688 210
66689 414
66690 926
66691 306
66692 1007
66693 83
66694 1131
66695 652
66696 376
66697 122
66698 267
66699 602
66700 475
66701 680
66702 137
66703 3
66704 537
66705 164
66706 1078
66707 247
66708 218
66709 732
66710 1045
66711 54
66712 1080
66713 38
66714 111
66715 758
66716 197
66717 1093
66718 439
66719 657
66720 288
66721 1087
66722 488
66723 309
66724 361
66725 632
66726 569
66727 3
66728 618
66729 421
66730 1123
66731 332
66732 324
66733 502
66734 510
66735 676
66736 312
66737 1004
66738 1145
66739 646
66740 163
66741 112
66742 483
66743 801
66744 186
66745 645
66746 693
66747 720
66748 1021
66749 177
66750 804
66751 74
66752 412
66753 907
66754 508
66755 740
66756 642
66757 845
66758 984
66759 148
66760 116
66761 799
66762 566
66763 981
66764 611
66765 142
66766 68
66767 1073
66768 716
66769 654
66770 854
66771 858
66772 611
66773 927
66774 1166
66775 790
66776 716
66777 297
66778 604
66779 566
66780 9
66781 541
66782 464
66783 86
66784 791
66785 971
66786 633
66787 161
66788 140
66789 1089
66790 966
66791 1049
66792 87
66793 966
66794 1131
66795 334
66796 648
66797 1049
66798 585
66799 401
66800 140
66801 705
66802 515
66803 140
66804 586
66805 639
66806 695
66807 259
66808 787
66809 865
66810 798
66811 194
66812 863
66813 609
66814 551
66815 527
66816 962
66817 1082
66818 1037
66819 42
66820 780
66821 863
66822 1167
66823 841
66824 170
66825 153
66826 888
66827 435
66828 873
66829 1111
66830 713
66831 586
66832 196
66833 466
66834 1063
66835 965
66836 465
66837 21
66838 348
66839 121
66840 1118
66841 23
66842 281
66843 938
66844 859
66845 1150
66846 587
66847 1160
66848 303
66849 1129
66850 1140
66851 1064
66852 448
66853 1070
66854 95
66855 912
66856 586
66857 506
66858 434
66859 780
66860 11
66861 415
66862 189
66863 39
66864 546
66865 972
66866 1055
66867 481
66868 397
66869 282
66870 514
66871 129
66872 577
66873 316
66874 682
66875 55
66876 210
66877 715
66878 161
66879 942
66880 1114
66881 368
66882 90
66883 670
66884 58
66885 435
66886 1047
66887 341
66888 942
66889 702
66890 878
66891 1063
66892 933
66893 756
66894 269
66895 1015
66896 853
66897 837
66898 722
66899 401
66900 437
66901 440
66902 1070
66903 1017
66904 619
66905 992
66906 692
66907 1022
66908 202
66909 643
66910 879
66911 187
66912 1067
66913 1013
66914 322
66915 729
66916 836
66917 297
66918 1038
66919 290
66920 1116
66921 284
66922 1042
66923 252
66924 108
66925 1050
66926 15
66927 228
66928 933
66929 804
66930 153
66931 155
66932 751
66933 153
66934 287
66935 1136
66936 703
66937 384
66938 796
66939 853
66940 806
66941 937
66942 1075
66943 486
66944 216
66945 155
66946 967
66947 653
66948 605
66949 687
66950 484
66951 657
66952 494
66953 457
66954 391
66955 817
66956 757
66957 317
66958 743
66959 321
66960 1
66961 355
66962 1158
66963 738
66964 805
66965 578
66966 114
66967 7
66968 949
66969 154
66970 1108
66971 106
66972 289
66973 229
66974 997
66975 901
66976 254
66977 265
66978 686
66979 17
66980 552
66981 451
66982 482
66983 391
66984 1020
66985 26
66986 743
66987 444
66988 102
66989 181
66990 532
66991 452
66992 698
66993 97
66994 423
66995 885
66996 699
66997 730
66998 928
66999 454
67000 981
67001 550
67002 838
67003 1121
67004 276
67005 549
67006 137
67007 1111
67008 552
67009 380
67010 704
67011 222
67012 79
67013 470
67014 906
67015 1034
67016 898
67017 385
67018 526
67019 716
67020 876
67021 886
67022 198
67023 872
67024 112
67025 345
67026 325
67027 449
67028 130
67029 1099
67030 1013
67031 127
67032 462
67033 714
67034 75
67035 690
67036 600
67037 209
67038 1034
67039 1005
67040 443
67041 754
67042 687
67043 606
67044 914
67045 530
67046 339
67047 794
67048 1067
67049 60
67050 780
67051 1157
67052 319
67053 779
67054 841
67055 1053
67056 568
67057 708
67058 582
67059 991
67060 1170
67061 315
67062 240
67063 402
67064 1151
67065 792
67066 764
67067 689
67068 123
67069 522
67070 601
67071 189
67072 375
67073 826
67074 299
67075 794
67076 1117
67077 880
67078 877
67079 419
67080 667
67081 392
67082 578
67083 883
67084 207
67085 139
67086 24
67087 95
67088 168
67089 1032
67090 1082
67091 848
67092 75
67093 47
67094 144
67095 933
67096 321
67097 161
67098 1052
67099 1060
67100 1162
67101 619
67102 463
67103 1115
67104 857
67105 292
67106 799
67107 835
67108 1059
67109 903
67110 121
67111 205
67112 1002
67113 735
67114 1113
67115 7
67116 551
67117 507
67118 185
67119 744
67120 940
67121 824
67122 429
67123 348
67124 504
67125 870
67126 923
67127 1099
67128 411
67129 529
67130 93
67131 698
67132 105
67133 346
67134 381
67135 39
67136 955
67137 935
67138 1135
67139 789
67140 1156
67141 403
67142 527
67143 900
67144 664
67145 654
67146 437
67147 1082
67148 328
67149 0
67150 924
67151 556
67152 446
67153 899
67154 1051
67155 197
67156 768
67157 14
67158 413
67159 226
67160 799
67161 177
67162 787
67163 787
67164 460
67165 348
67166 33
67167 922
67168 931
67169 1133
67170 664
67171 1141
67172 891
67173 465
67174 639
67175 524
67176 574
67177 876
67178 763
67179 1024
67180 168
67181 815
67182 776
67183 8
67184 623
67185 519
67186 484
67187 740
67188 887
67189 614
67190 89
67191 409
67192 837
67193 217
67194 994
67195 922
67196 375
67197 378
67198 1132
67199 976
67200 783
67201 1106
67202 103
67203 281
67204 137
67205 1118
67206 390
67207 24
67208 770
67209 649
67210 22
67211 780
67212 860
67213 242
67214 383
67215 645
67216 137
67217 1067
67218 996
67219 657
67220 796
67221 29
67222 311
67223 318
67224 522
67225 962
67226 772
67227 664
67228 209
67229 67
67230 980
67231 533
67232 759
67233 1104
67234 891
67235 846
67236 208
67237 373
67238 489
67239 134
67240 1096
67241 664
67242 125
67243 442
67244 878
67245 227
67246 1143
67247 1066
67248 513
67249 630
67250 262
67251 403
67252 820
67253 728
67254 1034
67255 1027
67256 427
67257 730
67258 317
67259 385
67260 635
67261 357
67262 969
67263 562
67264 661
67265 667
67266 982
67267 100
67268 806
67269 105
67270 373
67271 621
67272 303
67273 182
67274 783
67275 5
67276 123
67277 1099
67278 348
67279 56
67280 81
67281 1007
67282 565
67283 617
67284 891
67285 739
67286 864
67287 305
67288 1098
67289 965
67290 627
67291 567
67292 832
67293 1146
67294 1063
67295 817
67296 627
67297 954
67298 487
67299 1088
67300 529
67301 913
67302 672
67303 216
67304 764
67305 824
67306 756
67307 450
67308 347
67309 566
67310 853
67311 192
67312 131
67313 249
67314 643
67315 956
67316 547
67317 711
67318 677
67319 1085
67320 580
67321 295
67322 288
67323 856
67324 495
67325 689
67326 618
67327 1016
67328 606
67329 997
67330 745
67331 143
67332 786
67333 468
67334 805
67335 761
67336 857
67337 1134
67338 351
67339 1096
67340 60
67341 732
67342 437
67343 1030
67344 1115
67345 211
67346 783
67347 632
67348 123
67349 448
67350 1142
67351 322
67352 591
67353 980
67354 341
67355 964
67356 785
67357 184
67358 877
67359 669
67360 189
67361 145
67362 296
67363 806
67364 329
67365 1016
67366 438
67367 227
67368 1056
67369 841
67370 837
67371 3
67372 981
67373 195
67374 794
67375 873
67376 753
67377 943
67378 555
67379 1100
67380 602
67381 313
67382 164
67383 227
67384 355
67385 393
67386 696
67387 570
67388 127
67389 880
67390 1053
67391 1033
67392 576
67393 412
67394 353
67395 470
67396 725
67397 931
67398 740
67399 122
67400 296
67401 430
67402 79
67403 1170
67404 748
67405 765
67406 828
67407 838
67408 482
67409 375
67410 1062
67411 288
67412 698
67413 1140
67414 600
67415 38
67416 218
67417 54
67418 1152
67419 213
67420 418
67421 572
67422 1047
67423 424
67424 57
67425 283
67426 204
67427 558
67428 392
67429 1099
67430 149
67431 976
67432 656
67433 900
67434 45
67435 841
67436 615
67437 602
67438 945
67439 104
67440 627
67441 1033
67442 1017
67443 1066
67444 104
67445 205
67446 479
67447 748
67448 1099
67449 829
67450 1139
67451 27
67452 1099
67453 1056
67454 1078
67455 857
67456 341
67457 994
67458 705
67459 696
67460 1073
67461 751
67462 72
67463 618
67464 889
67465 1099
67466 125
67467 364
67468 1076
67469 445
67470 413
67471 464
67472 885
67473 31
67474 521
67475 572
67476 157
67477 166
67478 666
67479 974
67480 519
67481 129
67482 921
67483 847
67484 842
67485 990
67486 359
67487 901
67488 540
67489 339
67490 756
67491 43
67492 1003
67493 9
67494 197
67495 813
67496 178
67497 197
67498 721
67499 801
67500 765
67501 515
67502 117
67503 1094
67504 3
67505 1001
67506 1038
67507 247
67508 953
67509 614
67510 148
67511 1012
67512 837
67513 641
67514 119
67515 817
67516 893
67517 545
67518 37
67519 806
67520 218
67521 949
67522 663
67523 382
67524 394
67525 426
67526 1094
67527 572
67528 181
67529 732
67530 259
67531 339
67532 864
67533 275
67534 435
67535 774
67536 525
67537 590
67538 738
67539 166
67540 124
67541 669
67542 507
67543 504
67544 950
67545 245
67546 535
67547 932
67548 70
67549 338
67550 849
67551 1114
67552 538
67553 816
67554 450
67555 149
67556 304
67557 617
67558 569
67559 887
67560 544
67561 109
67562 46
67563 775
67564 368
67565 747
67566 918
67567 1063
67568 68
67569 841
67570 331
67571 1089
67572 1170
67573 808
67574 864
67575 871
67576 440
67577 1078
67578 1002
67579 620
67580 1088
67581 296
67582 866
67583 1049
67584 480
67585 1054
67586 205
67587 720
67588 834
67589 8
67590 480
67591 587
67592 589
67593 1100
67594 145
67595 923
67596 564
67597 319
67598 970
67599 188
67600 673
67601 790
67602 943
67603 152
67604 302
67605 19
67606 642
67607 887
67608 236
67609 1052
67610 1050
67611 1032
67612 966
67613 544
67614 57
67615 319
67616 791
67617 424
67618 319
67619 854
67620 31
67621 750
67622 441
67623 351
67624 307
67625 68
67626 752
67627 1141
67628 230
67629 233
67630 917
67631 594
67632 773
67633 287
67634 839
67635 1143
67636 163
67637 174
67638 1013
67639 240
67640 1102
67641 71
67642 846
67643 1172
67644 122
67645 688
67646 552
67647 1047
67648 97
67649 641
67650 597
67651 1000
67652 978
67653 868
67654 1128
67655 157
67656 245
67657 311
67658 956
67659 1027
67660 418
67661 655
67662 17
67663 775
67664 28
67665 928
67666 630
67667 431
67668 667
67669 328
67670 34
67671 719
67672 904
67673 1003
67674 911
67675 347
67676 432
67677 25
67678 362
67679 320
67680 298
67681 984
67682 788
67683 996
67684 56
67685 40
67686 235
67687 509
67688 522
67689 177
67690 571
67691 613
67692 314
67693 791
67694 902
67695 521
67696 1154
67697 445
67698 132
67699 821
67700 903
67701 61
67702 820
67703 762
67704 650
67705 784
67706 88
67707 790
67708 879
67709 914
67710 578
67711 546
67712 845
67713 847
67714 899
67715 1140
67716 164
67717 1024
67718 44
67719 1064
67720 806
67721 368
67722 677
67723 728
67724 287
67725 71
67726 818
67727 1153
67728 1042
67729 680
67730 98
67731 606
67732 1112
67733 1124
67734 1026
67735 441
67736 842
67737 1043
67738 686
67739 273
67740 884
67741 898
67742 103
67743 1037
67744 565
67745 422
67746 545
67747 696
67748 66
67749 291
67750 740
67751 850
67752 910
67753 61
67754 576
67755 1088
67756 457
67757 168
67758 905
67759 389
67760 102
67761 185
67762 755
67763 813
67764 593
67765 1013
67766 405
67767 642
67768 531
67769 81
67770 405
67771 542
67772 578
67773 439
67774 221
67775 6
67776 855
67777 139
67778 231
67779 626
67780 1166
67781 903
67782 1002
67783 1108
67784 2
67785 302
67786 81
67787 9
67788 658
67789 57
67790 536
67791 1070
67792 118
67793 1055
67794 610
67795 278
67796 23
67797 30
67798 806
67799 786
67800 851
67801 390
67802 1119
67803 139
67804 42
67805 874
67806 266
67807 480
67808 674
67809 1012
67810 483
67811 245
67812 519
67813 712
67814 805
67815 505
67816 1029
67817 203
67818 991
67819 549
67820 395
67821 1098
67822 190
67823 115
67824 1150
67825 1093
67826 25
67827 1029
67828 191
67829 999
67830 850
67831 939
67832 699
67833 830
67834 158
67835 614
67836 157
67837 477
67838 809
67839 149
67840 390
67841 109
67842 895
67843 696
67844 976
67845 522
67846 674
67847 461
67848 248
67849 289
67850 194
67851 902
67852 218
67853 823
67854 1146
67855 123
67856 78
67857 309
67858 591
67859 994
67860 1094
67861 979
67862 173
67863 317
67864 1148
67865 726
67866 827
67867 1053
67868 916
67869 429
67870 119
67871 403
67872 633
67873 555
67874 349
67875 697
67876 232
67877 507
67878 199
67879 755
67880 692
67881 83
67882 1098
67883 24
67884 603
67885 950
67886 223
67887 950
67888 334
67889 140
67890 685
67891 680
67892 266
67893 1145
67894 1072
67895 163
67896 113
67897 220
67898 534
67899 1098
67900 739
67901 168
67902 679
67903 1078
67904 1114
67905 249
67906 812
67907 315
67908 583
67909 581
67910 780
67911 351
67912 1154
67913 536
67914 641
67915 453
67916 70
67917 272
67918 865
67919 1038
67920 610
67921 834
67922 917
67923 897
67924 103
67925 265
67926 1121
67927 1086
67928 1024
67929 1088
67930 1128
67931 767
67932 799
67933 348
67934 549
67935 566
67936 937
67937 164
67938 748
67939 436
67940 1015
67941 1070
67942 88
67943 921
67944 904
67945 789
67946 818
67947 369
67948 1039
67949 1080
67950 532
67951 87
67952 986
67953 852
67954 672
67955 761
67956 704
67957 512
67958 265
67959 67
67960 451
67961 376
67962 766
67963 167
67964 1079
67965 1154
67966 614
67967 671
67968 914
67969 74
67970 509
67971 311
67972 668
67973 95
67974 1094
67975 16
67976 653
67977 410
67978 971
67979 79
67980 884
67981 487
67982 374
67983 1097
67984 1054
67985 1094
67986 730
67987 181
67988 105
67989 1069
67990 18
67991 914
67992 300
67993 1037
67994 430
67995 798
67996 487
67997 1087
67998 10
67999 1011
68000 1019
68001 794
68002 484
68003 361
68004 1138
68005 401
68006 737
68007 1157
68008 129
68009 891
68010 1018
68011 790
68012 1122
68013 1117
68014 626
68015 11
68016 886
68017 240
68018 915
68019 805
68020 722
68021 876
68022 608
68023 423
68024 149
68025 907
68026 810
68027 876
68028 536
68029 224
68030 1044
68031 993
68032 460
68033 551
68034 406
68035 652
68036 855
68037 461
68038 858
68039 1142
68040 877
68041 212
68042 1137
68043 794
68044 529
68045 802
68046 733
68047 450
68048 635
68049 129
68050 502
68051 927
68052 250
68053 686
68054 1058
68055 38
68056 971
68057 530
68058 400
68059 540
68060 1098
68061 946
68062 173
68063 668
68064 967
68065 155
68066 1149
68067 912
68068 1102
68069 377
68070 735
68071 457
68072 894
68073 655
68074 225
68075 749
68076 576
68077 191
68078 1073
68079 162
68080 651
68081 313
68082 486
68083 298
68084 1
68085 994
68086 190
68087 638
68088 677
68089 865
68090 178
68091 745
68092 619
68093 555
68094 954
68095 314
68096 753
68097 727
68098 323
68099 544
68100 510
68101 636
68102 1030
68103 1143
68104 216
68105 510
68106 447
68107 91
68108 532
68109 959
68110 153
68111 114
68112 157
68113 891
68114 321
68115 269
68116 926
68117 393
68118 751
68119 475
68120 239
68121 596
68122 592
68123 967
68124 229
68125 500
68126 292
68127 548
68128 1053
68129 765
68130 51
68131 913
68132 390
68133 913
68134 522
68135 428
68136 224
68137 363
68138 1107
68139 536
68140 1109
68141 179
68142 862
68143 207
68144 822
68145 785
68146 582
68147 1127
68148 977
68149 150
68150 674
68151 1085
68152 532
68153 159
68154 495
68155 407
68156 227
68157 461
68158 105
68159 858
68160 668
68161 228
68162 580
68163 534
68164 1024
68165 1142
68166 965
68167 625
68168 1093
68169 759
68170 595
68171 498
68172 362
68173 694
68174 607
68175 73
68176 188
68177 381
68178 941
68179 509
68180 474
68181 428
68182 552
68183 679
68184 792
68185 156
68186 296
68187 499
68188 665
68189 529
68190 867
68191 1004
68192 849
68193 1050
68194 437
68195 251
68196 168
68197 707
68198 398
68199 432
68200 327
68201 1166
68202 444
68203 169
68204 43
68205 39
68206 771
68207 121
68208 81
68209 1013
68210 606
68211 42
68212 569
68213 734
68214 846
68215 388
68216 412
68217 706
68218 945
68219 907
68220 1087
68221 753
68222 818
68223 1115
68224 254
68225 485
68226 1120
68227 672
68228 182
68229 376
68230 924
68231 836
68232 618
68233 467
68234 1109
68235 246
68236 647
68237 300
68238 283
68239 530
68240 1167
68241 264
68242 70
68243 584
68244 535
68245 414
68246 937
68247 91
68248 286
68249 856
68250 82
68251 507
68252 51
68253 26
68254 1047
68255 649
68256 433
68257 889
68258 663
68259 282
68260 767
68261 1029
68262 788
68263 975
68264 319
68265 58
68266 140
68267 315
68268 238
68269 145
68270 59
68271 548
68272 53
68273 498
68274 1090
68275 1141
68276 717
68277 286
68278 1057
68279 121
68280 777
68281 247
68282 242
68283 210
68284 1091
68285 1082
68286 639
68287 805
68288 792
68289 269
68290 978
68291 620
68292 516
68293 407
68294 114
68295 997
68296 861
68297 344
68298 99
68299 904
68300 693
68301 266
68302 807
68303 864
68304 86
68305 332
68306 413
68307 1005
68308 1095
68309 530
68310 542
68311 4
68312 679
68313 514
68314 83
68315 32
68316 463
68317 581
68318 991
68319 196
68320 1066
68321 237
68322 271
68323 739
68324 283
68325 924
68326 306
68327 1015
68328 175
68329 7
68330 1137
68331 1126
68332 121
68333 894
68334 1107
68335 37
68336 877
68337 5
68338 558
68339 840
68340 457
68341 842
68342 774
68343 452
68344 616
68345 360
68346 534
68347 1100
68348 632
68349 1053
68350 492
68351 213
68352 346
68353 328
68354 108
68355 512
68356 183
68357 636
68358 71
68359 687
68360 816
68361 918
68362 641
68363 553
68364 1162
68365 49
68366 515
68367 781
68368 794
68369 228
68370 1090
68371 173
68372 673
68373 184
68374 929
68375 1095
68376 241
68377 392
68378 659
68379 977
68380 664
68381 506
68382 1006
68383 699
68384 1130
68385 302
68386 188
68387 435
68388 339
68389 918
68390 799
68391 229
68392 711
68393 173
68394 1038
68395 845
68396 913
68397 123
68398 727
68399 232
68400 608
68401 690
68402 895
68403 462
68404 1102
68405 1053
68406 501
68407 355
68408 424
68409 657
68410 503
68411 572
68412 1070
68413 811
68414 570
68415 402
68416 1059
68417 799
68418 563
68419 427
68420 834
68421 296
68422 467
68423 196
68424 189
68425 652
68426 925
68427 405
68428 643
68429 1039
68430 48
68431 570
68432 939
68433 1075
68434 742
68435 292
68436 1015
68437 497
68438 1118
68439 744
68440 1088
68441 989
68442 872
68443 267
68444 941
68445 1104
68446 927
68447 104
68448 1125
68449 981
68450 708
68451 877
68452 710
68453 181
68454 480
68455 732
68456 505
68457 844
68458 1041
68459 14
68460 46
68461 666
68462 663
68463 603
68464 867
68465 412
68466 160
68467 848
68468 240
68469 508
68470 827
68471 219
68472 477
68473 807
68474 21
68475 169
68476 165
68477 1038
68478 556
68479 286
68480 338
68481 795
68482 870
68483 420
68484 1170
68485 270
68486 921
68487 280
68488 535
68489 693
68490 1031
68491 1145
68492 489
68493 887
68494 613
68495 140
68496 196
68497 1022
68498 552
68499 806
68500 579
68501 1133
68502 940
68503 915
68504 458
68505 41
68506 265
68507 684
68508 212
68509 407
68510 609
68511 796
68512 565
68513 525
68514 236
68515 685
68516 30
68517 136
68518 166
68519 766
68520 1119
68521 128
68522 595
68523 65
68524 169
68525 323
68526 5
68527 321
68528 782
68529 428
68530 973
68531 462
68532 145
68533 824
68534 401
68535 16
68536 320
68537 408
68538 637
68539 173
68540 949
68541 687
68542 177
68543 727
68544 456
68545 1162
68546 859
68547 956
68548 483
68549 719
68550 165
68551 1117
68552 576
68553 940
68554 1110
68555 803
68556 170
68557 606
68558 464
68559 811
68560 148
68561 554
68562 848
68563 971
68564 92
68565 220
68566 709
68567 907
68568 651
68569 893
68570 301
68571 748
68572 1039
68573 155
68574 710
68575 609
68576 164
68577 314
68578 1000
68579 221
68580 680
68581 248
68582 72
68583 791
68584 329
68585 434
68586 104
68587 1026
68588 278
68589 555
68590 170
68591 518
68592 464
68593 289
68594 1044
68595 260
68596 310
68597 301
68598 403
68599 960
68600 669
68601 972
68602 368
68603 680
68604 1148
68605 574
68606 611
68607 211
68608 961
68609 998
68610 548
68611 464
68612 354
68613 809
68614 1045
68615 502
68616 253
68617 814
68618 190
68619 689
68620 502
68621 553
68622 608
68623 396
68624 208
68625 357
68626 505
68627 122
68628 901
68629 171
68630 213
68631 570
68632 998
68633 354
68634 952
68635 982
68636 563
68637 487
68638 624
68639 655
68640 1084
68641 1127
68642 1106
68643 263
68644 850
68645 411
68646 199
68647 778
68648 960
68649 237
68650 552
68651 728
68652 1147
68653 97
68654 720
68655 257
68656 707
68657 876
68658 36
68659 891
68660 800
68661 806
68662 972
68663 491
68664 243
68665 96
68666 471
68667 158
68668 374
68669 1095
68670 343
68671 1041
68672 715
68673 143
68674 1009
68675 234
68676 610
68677 721
68678 626
68679 327
68680 785
68681 630
68682 879
68683 530
68684 1126
68685 1168
68686 917
68687 1045
68688 936
68689 605
68690 1001
68691 313
68692 859
68693 736
68694 5
68695 1166
68696 417
68697 312
68698 769
68699 771
68700 25
68701 830
68702 104
68703 158
68704 470
68705 178
68706 991
68707 576
68708 868
68709 19
68710 290
68711 843
68712 126
68713 1027
68714 616
68715 668
68716 829
68717 692
68718 1006
68719 1032
68720 569
68721 468
68722 447
68723 756
68724 431
68725 376
68726 235
68727 488
68728 499
68729 1097
68730 278
68731 51
68732 952
68733 998
68734 85
68735 522
68736 143
68737 973
68738 303
68739 386
68740 786
68741 1148
68742 929
68743 466
68744 271
68745 639
68746 696
68747 1115
68748 234
68749 631
68750 63
68751 858
68752 753
68753 157
68754 888
68755 5
68756 854
68757 640
68758 224
68759 646
68760 216
68761 37
68762 819
68763 393
68764 1111
68765 422
68766 386
68767 116
68768 40
68769 131
68770 550
68771 838
68772 1013
68773 610
68774 568
68775 496
68776 538
68777 228
68778 170
68779 380
68780 1004
68781 705
68782 621
68783 279
68784 1143
68785 8
68786 974
68787 272
68788 457
68789 759
68790 677
68791 646
68792 1044
68793 37
68794 1125
68795 209
68796 373
68797 443
68798 652
68799 278
68800 749
68801 214
68802 458
68803 392
68804 843
68805 134
68806 908
68807 226
68808 568
68809 486
68810 743
68811 9
68812 591
68813 666
68814 1001
68815 782
68816 214
68817 1011
68818 64
68819 847
68820 1147
68821 559
68822 473
68823 185
68824 115
68825 43
68826 440
68827 597
68828 804
68829 353
68830 434
68831 758
68832 584
68833 1010
68834 567
68835 1114
68836 1168
68837 127
68838 573
68839 913
68840 572
68841 560
68842 787
68843 187
68844 190
68845 302
68846 707
68847 645
68848 451
68849 1016
68850 938
68851 296
68852 746
68853 423
68854 1108
68855 696
68856 901
68857 783
68858 970
68859 470
68860 597
68861 202
68862 772
68863 562
68864 343
68865 1093
68866 676
68867 297
68868 403
68869 258
68870 1074
68871 166
68872 955
68873 695
68874 637
68875 950
68876 201
68877 1041
68878 429
68879 692
68880 309
68881 1072
68882 713
68883 867
68884 311
68885 159
68886 936
68887 636
68888 186
68889 317
68890 749
68891 172
68892 1129
68893 255
68894 372
68895 211
68896 353
68897 947
68898 932
68899 94
68900 442
68901 631
68902 44
68903 619
68904 587
68905 95
68906 292
68907 842
68908 1047
68909 140
68910 59
68911 724
68912 253
68913 880
68914 155
68915 344
68916 465
68917 410
68918 374
68919 128
68920 1087
68921 486
68922 1002
68923 1111
68924 1147
68925 766
68926 384
68927 510
68928 108
68929 1111
68930 1121
68931 824
68932 201
68933 475
68934 842
68935 190
68936 817
68937 759
68938 422
68939 919
68940 859
68941 512
68942 305
68943 909
68944 391
68945 721
68946 1094
68947 72
68948 1111
68949 205
68950 46
68951 940
68952 946
68953 714
68954 499
68955 994
68956 104
68957 215
68958 516
68959 757
68960 174
68961 541
68962 574
68963 664
68964 678
68965 263
68966 223
68967 574
68968 534
68969 1174
68970 364
68971 78
68972 773
68973 592
68974 663
68975 848
68976 20
68977 672
68978 265
68979 38
68980 216
68981 945
68982 735
68983 469
68984 1110
68985 691
68986 370
68987 102
68988 566
68989 298
68990 224
68991 323
68992 91
68993 165
68994 433
68995 965
68996 24
68997 825
68998 921
68999 583
69000 793
69001 1041
69002 113
69003 404
69004 329
69005 442
69006 1018
69007 415
69008 457
69009 942
69010 932
69011 1067
69012 428
69013 545
69014 274
69015 631
69016 377
69017 413
69018 240
69019 1123
69020 681
69021 501
69022 115
69023 490
69024 178
69025 125
69026 443
69027 1027
69028 850
69029 387
69030 493
69031 133
69032 884
69033 398
69034 896
69035 730
69036 101
69037 698
69038 543
69039 899
69040 663
69041 422
69042 126
69043 72
69044 481
69045 681
69046 166
69047 1118
69048 853
69049 300
69050 258
69051 369
69052 174
69053 187
69054 667
69055 575
69056 589
69057 222
69058 342
69059 170
69060 669
69061 1050
69062 1054
69063 891
69064 1053
69065 452
69066 78
69067 298
69068 373
69069 1166
69070 321
69071 631
69072 1150
69073 496
69074 989
69075 926
69076 863
69077 1102
69078 351
69079 387
69080 156
69081 173
69082 328
69083 59
69084 154
69085 718
69086 850
69087 234
69088 208
69089 88
69090 1058
69091 504
69092 168
69093 187
69094 425
69095 899
69096 391
69097 478
69098 61
69099 963
69100 571
69101 515
69102 530
69103 1153
69104 975
69105 35
69106 728
69107 919
69108 969
69109 594
69110 153
69111 1123
69112 1077
69113 925
69114 595
69115 387
69116 947
69117 186
69118 611
69119 280
69120 368
69121 471
69122 1055
69123 1014
69124 533
69125 462
69126 53
69127 201
69128 353
69129 611
69130 616
69131 1004
69132 141
69133 991
69134 198
69135 780
69136 399
69137 1006
69138 1111
69139 1082
69140 537
69141 731
69142 684
69143 988
69144 377
69145 775
69146 823
69147 279
69148 831
69149 611
69150 331
69151 256
69152 516
69153 600
69154 47
69155 28
69156 234
69157 780
69158 946
69159 472
69160 381
69161 933
69162 99
69163 938
69164 283
69165 133
69166 1041
69167 348
69168 984
69169 462
69170 671
69171 992
69172 945
69173 625
69174 491
69175 456
69176 266
69177 445
69178 370
69179 834
69180 78
69181 1134
69182 208
69183 665
69184 181
69185 568
69186 251
69187 486
69188 19
69189 348
69190 459
69191 969
69192 931
69193 927
69194 879
69195 66
69196 323
69197 783
69198 35
69199 178
69200 639
69201 386
69202 643
69203 956
69204 153
69205 545
69206 792
69207 586
69208 1120
69209 903
69210 1101
69211 539
69212 280
69213 603
69214 724
69215 925
69216 740
69217 1131
69218 777
69219 1127
69220 783
69221 180
69222 538
69223 864
69224 200
69225 16
69226 444
69227 953
69228 544
69229 252
69230 124
69231 410
69232 921
69233 100
69234 487
69235 3
69236 608
69237 247
69238 934
69239 444
69240 333
69241 1123
69242 86
69243 655
69244 979
69245 3
69246 869
69247 469
69248 242
69249 1062
69250 344
69251 647
69252 788
69253 232
69254 210
69255 1109
69256 127
69257 823
69258 378
69259 230
69260 451
69261 362
69262 307
69263 154
69264 219
69265 719
69266 1079
69267 875
69268 747
69269 31
69270 645
69271 991
69272 467
69273 797
69274 403
69275 1014
69276 792
69277 70
69278 256
69279 526
69280 406
69281 851
69282 320
69283 396
69284 850
69285 707
69286 722
69287 1110
69288 912
69289 344
69290 789
69291 709
69292 746
69293 882
69294 340
69295 934
69296 493
69297 953
69298 886
69299 252
69300 482
69301 1113
69302 992
69303 38
69304 85
69305 430
69306 255
69307 1049
69308 1108
69309 250
69310 925
69311 170
69312 74
69313 244
69314 803
69315 152
69316 661
69317 136
69318 103
69319 506
69320 1100
69321 1051
69322 689
69323 706
69324 884
69325 848
69326 988
69327 730
69328 888
69329 351
69330 662
69331 302
69332 1058
69333 371
69334 936
69335 912
69336 787
69337 65
69338 674
69339 77
69340 445
69341 298
69342 675
69343 997
69344 88
69345 483
69346 254
69347 420
69348 860
69349 505
69350 1129
69351 374
69352 413
69353 987
69354 759
69355 471
69356 283
69357 22
69358 286
69359 1113
69360 621
69361 296
69362 1036
69363 1116
69364 797
69365 1092
69366 982
69367 968
69368 739
69369 873
69370 471
69371 257
69372 963
69373 1108
69374 1088
69375 734
69376 206
69377 176
69378 1124
69379 391
69380 582
69381 1143
69382 193
69383 35
69384 845
69385 433
69386 1159
69387 597
69388 993
69389 338
69390 401
69391 720
69392 1044
69393 22
69394 835
69395 962
69396 409
69397 866
69398 678
69399 124
69400 157
69401 272
69402 478
69403 682
69404 437
69405 670
69406 795
69407 270
69408 199
69409 388
69410 570
69411 255
69412 786
69413 461
69414 754
69415 971
69416 1068
69417 485
69418 502
69419 615
69420 702
69421 674
69422 290
69423 871
69424 476
69425 438
69426 706
69427 336
69428 16
69429 660
69430 39
69431 410
69432 540
69433 1062
69434 710
69435 1099
69436 1066
69437 839
69438 531
69439 1019
69440 469
69441 621
69442 244
69443 467
69444 802
69445 603
69446 1155
69447 806
69448 51
69449 503
69450 1135
69451 474
69452 517
69453 455
69454 394
69455 829
69456 678
69457 843
69458 237
69459 1059
69460 914
69461 280
69462 400
69463 820
69464 729
69465 840
69466 634
69467 11
69468 436
69469 290
69470 273
69471 143
69472 1124
69473 508
69474 1047
69475 1012
69476 1098
69477 580
69478 381
69479 948
69480 483
69481 615
69482 579
69483 314
69484 801
69485 412
69486 1111
69487 275
69488 471
69489 244
69490 959
69491 359
69492 38
69493 109
69494 247
69495 768
69496 724
69497 988
69498 83
69499 952
69500 193
69501 478
69502 1091
69503 16
69504 928
69505 703
69506 1055
69507 1110
69508 525
69509 400
69510 1139
69511 316
69512 738
69513 124
69514 643
69515 378
69516 538
69517 1040
69518 1055
69519 390
69520 65
69521 119
69522 891
69523 762
69524 460
69525 76
69526 752
69527 340
69528 288
69529 1085
69530 76
69531 655
69532 620
69533 1110
69534 406
69535 699
69536 1122
69537 620
69538 578
69539 118
69540 1132
69541 127
69542 1046
69543 779
69544 886
69545 433
69546 1057
69547 901
69548 731
69549 565
69550 61
69551 177
69552 831
69553 869
69554 698
69555 17
69556 998
69557 406
69558 382
69559 89
69560 165
69561 709
69562 1147
69563 599
69564 101
69565 892
69566 59
69567 518
69568 307
69569 434
69570 779
69571 688
69572 1092
69573 230
69574 1013
69575 890
69576 546
69577 896
69578 198
69579 268
69580 315
69581 533
69582 618
69583 1046
69584 70
69585 626
69586 682
69587 584
69588 756
69589 1096
69590 989
69591 466
69592 114
69593 691
69594 1159
69595 85
69596 460
69597 342
69598 469
69599 296
69600 853
69601 956
69602 126
69603 515
69604 452
69605 159
69606 1088
69607 257
69608 329
69609 704
69610 443
69611 413
69612 406
69613 137
69614 232
69615 244
69616 697
69617 522
69618 201
69619 202
69620 920
69621 354
69622 735
69623 303
69624 510
69625 739
69626 985
69627 883
69628 348
69629 470
69630 84
69631 1148
69632 1058
69633 977
69634 800
69635 1085
69636 769
69637 115
69638 739
69639 85
69640 36
69641 304
69642 283
69643 959
69644 18
69645 975
69646 729
69647 636
69648 829
69649 751
69650 34
69651 370
69652 302
69653 900
69654 184
69655 741
69656 500
69657 611
69658 922
69659 195
69660 23
69661 16
69662 557
69663 986
69664 1113
69665 941
69666 6
69667 729
69668 729
69669 932
69670 626
69671 337
69672 34
69673 312
69674 192
69675 54
69676 949
69677 738
69678 717
69679 172
69680 487
69681 1050
69682 1145
69683 1103
69684 455
69685 4
69686 1097
69687 209
69688 787
69689 197
69690 613
69691 894
69692 1024
69693 1011
69694 131
69695 723
69696 1152
69697 755
69698 866
69699 73
69700 687
69701 1121
69702 537
69703 112
69704 1042
69705 1030
69706 38
69707 440
69708 19
69709 439
69710 47
69711 533
69712 103
69713 181
69714 140
69715 608
69716 777
69717 272
69718 336
69719 826
69720 949
69721 897
69722 925
69723 953
69724 784
69725 852
69726 413
69727 1019
69728 1161
69729 1076
69730 500
69731 10
69732 914
69733 82
69734 771
69735 382
69736 75
69737 58
69738 117
69739 927
69740 11
69741 485
69742 1051
69743 638
69744 699
69745 54
69746 1135
69747 945
69748 291
69749 1070
69750 457
69751 915
69752 987
69753 727
69754 214
69755 538
69756 71
69757 38
69758 1072
69759 249
69760 360
69761 345
69762 582
69763 678
69764 1092
69765 531
69766 663
69767 837
69768 662
69769 556
69770 427
69771 999
69772 862
69773 1052
69774 639
69775 297
69776 264
69777 34
69778 1129
69779 95
69780 714
69781 1120
69782 593
69783 454
69784 29
69785 129
69786 193
69787 174
69788 1142
69789 238
69790 693
69791 425
69792 498
69793 583
69794 510
69795 1094
69796 529
69797 818
69798 738
69799 416
69800 813
69801 46
69802 801
69803 556
69804 447
69805 1051
69806 223
69807 765
69808 986
69809 1172
69810 248
69811 954
69812 161
69813 1065
69814 318
69815 65
69816 298
69817 1131
69818 788
69819 528
69820 19
69821 763
69822 675
69823 130
69824 59
69825 493
69826 625
69827 993
69828 878
69829 979
69830 307
69831 535
69832 750
69833 18
69834 902
69835 1078
69836 855
69837 781
69838 70
69839 146
69840 1007
69841 66
69842 670
69843 1018
69844 410
69845 411
69846 741
69847 784
69848 922
69849 5
69850 447
69851 660
69852 194
69853 852
69854 600
69855 297
69856 30
69857 376
69858 855
69859 506
69860 528
69861 520
69862 704
69863 537
69864 770
69865 764
69866 267
69867 576
69868 64
69869 528
69870 841
69871 839
69872 294
69873 511
69874 1046
69875 382
69876 587
69877 785
69878 4
69879 813
69880 337
69881 705
69882 708
69883 636
69884 132
69885 796
69886 743
69887 1146
69888 483
69889 320
69890 768
69891 275
69892 335
69893 331
69894 488
69895 1076
69896 1063
69897 164
69898 686
69899 553
69900 864
69901 410
69902 349
69903 1033
69904 904
69905 172
69906 84
69907 564
69908 160
69909 623
69910 507
69911 530
69912 281
69913 82
69914 225
69915 727
69916 1074
69917 917
69918 326
69919 537
69920 451
69921 331
69922 593
69923 965
69924 2
69925 865
69926 1117
69927 958
69928 468
69929 185
69930 162
69931 865
69932 1023
69933 830
69934 455
69935 130
69936 197
69937 148
69938 940
69939 282
69940 1099
69941 58
69942 786
69943 427
69944 458
69945 833
69946 776
69947 51
69948 697
69949 948
69950 158
69951 624
69952 513
69953 675
69954 899
69955 514
69956 442
69957 237
69958 20
69959 978
69960 202
69961 92
69962 717
69963 886
69964 986
69965 550
69966 413
69967 885
69968 48
69969 866
69970 1128
69971 1142
69972 53
69973 746
69974 388
69975 549
69976 302
69977 638
69978 1049
69979 28
69980 168
69981 943
69982 993
69983 838
69984 975
69985 1104
69986 598
69987 485
69988 234
69989 509
69990 592
69991 568
69992 212
69993 961
69994 304
69995 615
69996 644
69997 868
69998 959
69999 603
70000 443
70001 385
70002 995
70003 211
70004 1037
70005 5
70006 917
70007 765
70008 426
70009 938
70010 533
70011 673
70012 906
70013 594
70014 1117
70015 847
70016 345
70017 72
70018 1051
70019 802
70020 756
70021 938
70022 62
70023 407
70024 205
70025 1023
70026 297
70027 899
70028 373
70029 980
70030 544
70031 509
70032 811
70033 991
70034 754
70035 842
70036 950
70037 63
70038 471
70039 636
70040 723
70041 102
70042 904
70043 1106
70044 926
70045 310
70046 407
70047 608
70048 1057
70049 284
70050 510
70051 1068
70052 642
70053 564
70054 824
70055 753
70056 785
70057 668
70058 744
70059 585
70060 149
70061 279
70062 608
70063 995
70064 1156
70065 439
70066 384
70067 1019
70068 235
70069 700
70070 431
70071 996
70072 733
70073 55
70074 417
70075 314
70076 315
70077 493
70078 1114
70079 239
70080 1115
70081 997
70082 558
70083 689
70084 1057
70085 536
70086 796
70087 846
70088 179
70089 759
70090 97
70091 793
70092 1113
70093 894
70094 840
70095 549
70096 214
70097 843
70098 343
70099 717
70100 607
70101 71
70102 494
70103 514
70104 124
70105 850
70106 849
70107 813
70108 641
70109 990
70110 994
70111 977
70112 745
70113 191
70114 729
70115 802
70116 1066
70117 334
70118 40
70119 600
70120 250
70121 565
70122 1064
70123 1138
70124 215
70125 540
70126 964
70127 724
70128 500
70129 544
70130 440
70131 215
70132 56
70133 1113
70134 172
70135 604
70136 607
70137 351
70138 1127
70139 873
70140 767
70141 158
70142 755
70143 991
70144 331
70145 9
70146 455
70147 1005
70148 574
70149 62
70150 1086
70151 144
70152 972
70153 728
70154 112
70155 455
70156 24
70157 261
70158 910
70159 134
70160 313
70161 423
70162 879
70163 495
70164 438
70165 57
70166 73
70167 579
70168 77
70169 858
70170 504
70171 294
70172 35
70173 254
70174 250
70175 85
70176 323
70177 1074
70178 1043
70179 271
70180 978
70181 513
70182 1040
70183 857
70184 302
70185 884
70186 517
70187 221
70188 113
70189 787
70190 744
70191 629
70192 491
70193 690
70194 130
70195 61
70196 313
70197 972
70198 1063
70199 485
70200 456
70201 289
70202 1167
70203 778
70204 1071
70205 577
70206 357
70207 1103
70208 461
70209 969
70210 361
70211 1024
70212 835
70213 448
70214 1112
70215 600
70216 293
70217 639
70218 241
70219 815
70220 680
70221 1161
70222 338
70223 647
70224 763
70225 15
70226 222
70227 453
70228 846
70229 850
70230 283
70231 102
70232 0
70233 861
70234 399
70235 972
70236 121
70237 899
70238 170
70239 104
70240 1059
70241 35
70242 622
70243 1076
70244 648
70245 523
70246 772
70247 1115
70248 640
70249 408
70250 316
70251 456
70252 230
70253 210
70254 884
70255 538
70256 739
70257 15
70258 554
70259 1162
70260 183
70261 182
70262 554
70263 216
70264 111
70265 818
70266 926
70267 489
70268 955
70269 520
70270 782
70271 423
70272 1118
70273 704
70274 44
70275 79
70276 245
70277 85
70278 501
70279 535
70280 521
70281 853
70282 1043
70283 232
70284 644
70285 49
70286 694
70287 321
70288 536
70289 1050
70290 790
70291 1148
70292 894
70293 663
70294 1098
70295 406
70296 385
70297 470
70298 202
70299 895
70300 856
70301 871
70302 929
70303 869
70304 438
70305 826
70306 87
70307 675
70308 471
70309 1148
70310 888
70311 944
70312 14
70313 273
70314 976
70315 302
70316 823
70317 232
70318 936
70319 195
70320 318
70321 384
70322 1027
70323 515
70324 1072
70325 820
70326 75
70327 800
70328 1087
70329 916
70330 813
70331 708
70332 179
70333 145
70334 673
70335 677
70336 28
70337 334
70338 859
70339 642
70340 82
70341 1057
70342 1109
70343 127
70344 755
70345 893
70346 660
70347 284
70348 1016
70349 783
70350 1090
70351 481
70352 1128
70353 60
70354 937
70355 1121
70356 641
70357 963
70358 665
70359 190
70360 892
70361 411
70362 743
70363 389
70364 6
70365 959
70366 529
70367 894
70368 83
70369 307
70370 279
70371 898
70372 400
70373 115
70374 1002
70375 265
70376 668
70377 854
70378 540
70379 560
70380 713
70381 825
70382 36
70383 715
70384 549
70385 352
70386 260
70387 979
70388 784
70389 967
70390 668
70391 131
70392 315
70393 1004
70394 798
70395 148
70396 105
70397 697
70398 890
70399 914
70400 533
70401 883
70402 615
70403 783
70404 1026
70405 93
70406 741
70407 1151
70408 645
70409 939
70410 222
70411 1126
70412 546
70413 1111
70414 116
70415 507
70416 303
70417 463
70418 25
70419 607
70420 151
70421 1103
70422 632
70423 186
70424 944
70425 351
70426 379
70427 352
70428 373
70429 734
70430 279
70431 182
70432 509
70433 176
70434 487
70435 413
70436 297
70437 465
70438 497
70439 821
70440 522
70441 720
70442 303
70443 794
70444 220
70445 472
70446 866
70447 481
70448 765
70449 56
70450 78
70451 1158
70452 1075
70453 804
70454 977
70455 733
70456 487
70457 1097
70458 394
70459 410
70460 407
70461 1144
70462 977
70463 347
70464 162
70465 247
70466 295
70467 284
70468 867
70469 191
70470 290
70471 917
70472 667
70473 305
70474 301
70475 269
70476 867
70477 72
70478 820
70479 791
70480 267
70481 402
70482 520
70483 974
70484 264
70485 189
70486 53
70487 726
70488 773
70489 318
70490 944
70491 615
70492 151
70493 459
70494 318
70495 74
70496 850
70497 488
70498 257
70499 165
70500 706
70501 109
70502 478
70503 126
70504 1014
70505 513
70506 220
70507 176
70508 22
70509 873
70510 1031
70511 628
70512 696
70513 99
70514 260
70515 329
70516 574
70517 676
70518 518
70519 1063
70520 178
70521 166
70522 1010
70523 23
70524 904
70525 117
70526 1095
70527 608
70528 1160
70529 442
70530 111
70531 256
70532 970
70533 1096
70534 943
70535 1002
70536 933
70537 728
70538 865
70539 233
70540 61
70541 346
70542 337
70543 582
70544 525
70545 29
70546 950
70547 344
70548 739
70549 290
70550 1100
70551 24
70552 761
70553 1000
70554 459
70555 312
70556 284
70557 1118
70558 267
70559 139
70560 1037
70561 301
70562 835
70563 304
70564 187
70565 604
70566 934
70567 501
70568 873
70569 621
70570 135
70571 202
70572 536
70573 47
70574 31
70575 120
70576 892
70577 1162
70578 799
70579 379
70580 507
70581 134
70582 235
70583 962
70584 784
70585 242
70586 581
70587 929
70588 421
70589 678
70590 971
70591 870
70592 679
70593 715
70594 793
70595 690
70596 1117
70597 746
70598 604
70599 783
70600 491
70601 501
70602 667
70603 492
70604 1060
70605 89
70606 462
70607 385
70608 321
70609 865
70610 98
70611 252
70612 65
70613 534
70614 7
70615 248
70616 14
70617 813
70618 1117
70619 452
70620 145
70621 1138
70622 778
70623 637
70624 517
70625 153
70626 586
70627 571
70628 336
70629 901
70630 148
70631 546
70632 161
70633 235
70634 569
70635 500
70636 895
70637 68
70638 332
70639 801
70640 175
70641 1108
70642 256
70643 551
70644 457
70645 342
70646 1033
70647 672
70648 152
70649 856
70650 1018
70651 601
70652 334
70653 267
70654 246
70655 1102
70656 1069
70657 922
70658 413
70659 715
70660 125
70661 525
70662 962
70663 266
70664 172
70665 15
70666 740
70667 168
70668 145
70669 756
70670 1158
70671 321
70672 877
70673 1151
70674 298
70675 193
70676 315
70677 444
70678 405
70679 526
70680 322
70681 0
70682 885
70683 745
70684 200
70685 28
70686 157
70687 836
70688 79
70689 162
70690 142
70691 681
70692 501
70693 1108
70694 300
70695 557
70696 193
70697 721
70698 905
70699 258
70700 539
70701 718
70702 154
70703 643
70704 865
70705 978
70706 139
70707 557
70708 273
70709 722
70710 33
70711 521
70712 429
70713 784
70714 23
70715 986
70716 318
70717 33
70718 747
70719 648
70720 415
70721 106
70722 112
70723 148
70724 851
70725 631
70726 382
70727 166
70728 737
70729 1151
70730 838
70731 1058
70732 405
70733 262
70734 895
70735 241
70736 1033
70737 762
70738 561
70739 965
70740 1010
70741 544
70742 742
70743 525
70744 880
70745 810
70746 482
70747 817
70748 887
70749 612
70750 94
70751 13
70752 211
70753 102
70754 59
70755 759
70756 590
70757 827
70758 411
70759 1154
70760 912
70761 438
70762 674
70763 537
70764 797
70765 801
70766 6
70767 681
70768 686
70769 642
70770 505
70771 503
70772 647
70773 58
70774 634
70775 21
70776 1137
70777 342
70778 602
70779 438
70780 33
70781 957
70782 740
70783 943
70784 934
70785 797
70786 618
70787 398
70788 1083
70789 114
70790 802
70791 477
70792 599
70793 725
70794 422
70795 40
70796 1061
70797 227
70798 38
70799 447
70800 786
70801 497
70802 61
70803 843
70804 1079
70805 686
70806 1002
70807 1114
70808 783
70809 520
70810 291
70811 881
70812 178
70813 88
70814 259
70815 468
70816 33
70817 438
70818 439
70819 966
70820 1146
70821 75
70822 587
70823 131
70824 522
70825 1059
70826 1123
70827 819
70828 926
70829 820
70830 1041
70831 949
70832 565
70833 235
70834 118
70835 357
70836 180
70837 538
70838 150
70839 1092
70840 233
70841 228
70842 670
70843 89
70844 649
70845 1001
70846 748
70847 160
70848 171
70849 722
70850 360
70851 1075
70852 523
70853 549
70854 679
70855 581
70856 196
70857 726
70858 588
70859 876
70860 874
70861 1089
70862 316
70863 1122
70864 3
70865 643
70866 876
70867 1126
70868 69
70869 875
70870 723
70871 719
70872 495
70873 1024
70874 256
70875 1152
70876 989
70877 855
70878 685
70879 953
70880 383
70881 157
70882 895
70883 519
70884 1027
70885 1132
70886 823
70887 664
70888 341
70889 654
70890 853
70891 920
70892 954
70893 993
70894 797
70895 523
70896 959
70897 540
70898 772
70899 553
70900 592
70901 253
70902 74
70903 357
70904 684
70905 599
70906 570
70907 129
70908 256
70909 359
70910 50
70911 145
70912 309
70913 131
70914 223
70915 682
70916 209
70917 637
70918 806
70919 870
70920 472
70921 449
70922 941
70923 229
70924 131
70925 202
70926 501
70927 241
70928 51
70929 1049
70930 700
70931 656
70932 252
70933 1169
70934 836
70935 237
70936 987
70937 518
70938 92
70939 154
70940 272
70941 302
70942 1153
70943 427
70944 101
70945 100
70946 320
70947 371
70948 383
70949 799
70950 413
70951 619
70952 335
70953 474
70954 740
70955 1078
70956 351
70957 361
70958 167
70959 791
70960 222
70961 1081
70962 1017
70963 61
70964 1042
70965 96
70966 106
70967 115
70968 521
70969 278
70970 483
70971 553
70972 270
70973 472
70974 1113
70975 579
70976 990
70977 532
70978 725
70979 723
70980 464
70981 300
70982 428
70983 919
70984 782
70985 453
70986 394
70987 86
70988 353
70989 372
70990 93
70991 721
70992 248
70993 21
70994 924
70995 282
70996 1030
70997 768
70998 1152
70999 1056
71000 1172
71001 236
71002 855
71003 642
71004 87
71005 989
71006 640
71007 881
71008 800
71009 776
71010 553
71011 1115
71012 178
71013 660
71014 982
71015 717
71016 895
71017 430
71018 1126
71019 128
71020 718
71021 752
71022 714
71023 633
71024 274
71025 274
71026 1118
71027 487
71028 239
71029 627
71030 785
71031 620
71032 102
71033 637
71034 1011
71035 487
71036 980
71037 978
71038 415
71039 195
71040 1143
71041 88
71042 560
71043 1031
71044 154
71045 520
71046 1010
71047 118
71048 339
71049 1104
71050 86
71051 234
71052 811
71053 471
71054 198
71055 588
71056 867
71057 679
71058 382
71059 820
71060 422
71061 620
71062 999
71063 1047
71064 679
71065 748
71066 1145
71067 1163
71068 518
71069 1054
71070 118
71071 623
71072 195
71073 1106
71074 68
71075 370
71076 1016
71077 692
71078 241
71079 495
71080 329
71081 752
71082 488
71083 695
71084 257
71085 448
71086 463
71087 100
71088 515
71089 645
71090 643
71091 45
71092 736
71093 514
71094 587
71095 314
71096 577
71097 428
71098 774
71099 1111
71100 94
71101 723
71102 904
71103 783
71104 1083
71105 883
71106 76
71107 970
71108 81
71109 528
71110 268
71111 229
71112 416
71113 642
71114 801
71115 166
71116 778
71117 530
71118 105
71119 592
71120 694
71121 85
71122 760
71123 527
71124 581
71125 420
71126 557
71127 960
71128 243
71129 860
71130 414
71131 520
71132 622
71133 407
71134 666
71135 1019
71136 657
71137 1091
71138 270
71139 947
71140 219
71141 1030
71142 519
71143 377
71144 818
71145 183
71146 1032
71147 1145
71148 986
71149 889
71150 877
71151 26
71152 803
71153 469
71154 27
71155 540
71156 971
71157 688
71158 777
71159 938
71160 787
71161 673
71162 290
71163 773
71164 976
71165 889
71166 650
71167 355
71168 589
71169 741
71170 622
71171 135
71172 991
71173 118
71174 784
71175 107
71176 575
71177 291
71178 834
71179 80
71180 355
71181 24
71182 1147
71183 890
71184 1148
71185 997
71186 58
71187 121
71188 729
71189 537
71190 986
71191 31
71192 1103
71193 758
71194 880
71195 793
71196 230
71197 5
71198 482
71199 31
71200 774
71201 1116
71202 882
71203 162
71204 683
71205 983
71206 1074
71207 775
71208 918
71209 822
71210 87
71211 51
71212 80
71213 655
71214 574
71215 718
71216 122
71217 318
71218 318
71219 624
71220 990
71221 242
71222 1075
71223 667
71224 1088
71225 449
71226 911
71227 904
71228 1131
71229 852
71230 567
71231 456
71232 456
71233 208
71234 992
71235 433
71236 128
71237 827
71238 343
71239 1029
71240 424
71241 667
71242 82
71243 1078
71244 726
71245 202
71246 1113
71247 150
71248 1090
71249 1049
71250 177
71251 202
71252 828
71253 932
71254 559
71255 297
71256 0
71257 359
71258 485
71259 581
71260 164
71261 973
71262 890
71263 3
71264 175
71265 453
71266 228
71267 300
71268 1096
71269 771
71270 81
71271 499
71272 1021
71273 537
71274 1128
71275 261
71276 1048
71277 301
71278 465
71279 1151
71280 164
71281 1006
71282 555
71283 1129
71284 725
71285 781
71286 714
71287 1132
71288 606
71289 986
71290 671
71291 1007
71292 981
71293 526
71294 12
71295 589
71296 572
71297 602
71298 972
71299 892
71300 1091
71301 87
71302 344
71303 525
71304 445
71305 167
71306 190
71307 1034
71308 127
71309 548
71310 52
71311 182
71312 930
71313 417
71314 457
71315 671
71316 680
71317 317
71318 811
71319 655
71320 958
71321 134
71322 265
71323 126
71324 554
71325 407
71326 177
71327 184
71328 1062
71329 683
71330 743
71331 324
71332 973
71333 604
71334 341
71335 888
71336 399
71337 516
71338 461
71339 631
71340 1028
71341 1109
71342 280
71343 642
71344 327
71345 14
71346 499
71347 302
71348 1015
71349 602
71350 650
71351 223
71352 95
71353 379
71354 658
71355 307
71356 945
71357 976
71358 188
71359 506
71360 1113
71361 267
71362 121
71363 723
71364 857
71365 460
71366 656
71367 808
71368 218
71369 4
71370 215
71371 280
71372 98
71373 488
71374 444
71375 870
71376 240
71377 133
71378 377
71379 102
71380 685
71381 121
71382 83
71383 247
71384 165
71385 712
71386 168
71387 75
71388 652
71389 1058
71390 913
71391 612
71392 332
71393 463
71394 441
71395 429
71396 596
71397 43
71398 383
71399 1065
71400 815
71401 746
71402 302
71403 498
71404 545
71405 521
71406 470
71407 250
71408 40
71409 163
71410 757
71411 500
71412 1067
71413 457
71414 165
71415 303
71416 1032
71417 213
71418 352
71419 18
71420 1090
71421 111
71422 788
71423 1099
71424 602
71425 879
71426 559
71427 653
71428 264
71429 937
71430 403
71431 333
71432 980
71433 3
71434 473
71435 746
71436 244
71437 253
71438 715
71439 51
71440 1021
71441 1068
71442 1051
71443 761
71444 361
71445 1123
71446 1090
71447 944
71448 1102
71449 710
71450 217
71451 597
71452 1021
71453 633
71454 204
71455 1008
71456 754
71457 325
71458 994
71459 304
71460 587
71461 828
71462 799
71463 1158
71464 317
71465 926
71466 310
71467 1054
71468 233
71469 397
71470 158
71471 213
71472 986
71473 785
71474 35
71475 685
71476 215
71477 1095
71478 268
71479 317
71480 816
71481 1142
71482 158
71483 818
71484 938
71485 1037
71486 1076
71487 187
71488 884
71489 83
71490 203
71491 1071
71492 684
71493 539
71494 473
71495 628
71496 1092
71497 47
71498 257
71499 506
71500 918
71501 484
71502 377
71503 201
71504 1006
71505 8
71506 259
71507 325
71508 818
71509 261
71510 706
71511 446
71512 1135
71513 550
71514 525
71515 228
71516 160
71517 99
71518 1162
71519 934
71520 1030
71521 653
71522 688
71523 253
71524 115
71525 481
71526 659
71527 285
71528 1105
71529 338
71530 541
71531 132
71532 1038
71533 862
71534 507
71535 710
71536 930
71537 122
71538 503
71539 471
71540 1125
71541 738
71542 693
71543 1009
71544 555
71545 404
71546 97
71547 582
71548 561
71549 714
71550 603
71551 1131
71552 1140
71553 689
71554 430
71555 292
71556 49
71557 792
71558 776
71559 476
71560 392
71561 144
71562 572
71563 74
71564 206
71565 881
71566 1053
71567 46
71568 977
71569 424
71570 432
71571 143
71572 529
71573 678
71574 79
71575 603
71576 67
71577 60
71578 1125
71579 1001
71580 504
71581 84
71582 223
71583 1096
71584 1028
71585 1028
71586 829
71587 98
71588 613
71589 62
71590 177
71591 285
71592 852
71593 1129
71594 342
71595 655
71596 857
71597 346
71598 774
71599 997
71600 1054
71601 1135
71602 510
71603 552
71604 1003
71605 852
71606 743
71607 187
71608 65
71609 135
71610 784
71611 191
71612 997
71613 244
71614 154
71615 956
71616 1050
71617 900
71618 1153
71619 848
71620 1098
71621 99
71622 264
71623 989
71624 724
71625 58
71626 813
71627 278
71628 39
71629 78
71630 1006
71631 313
71632 909
71633 476
71634 684
71635 743
71636 982
71637 1156
71638 916
71639 1118
71640 648
71641 297
71642 315
71643 18
71644 554
71645 251
71646 1153
71647 352
71648 31
71649 762
71650 94
71651 753
71652 994
71653 1146
71654 695
71655 1160
71656 482
71657 865
71658 686
71659 308
71660 781
71661 870
71662 1138
71663 545
71664 1092
71665 552
71666 610
71667 350
71668 880
71669 713
71670 921
71671 907
71672 1082
71673 788
71674 973
71675 971
71676 105
71677 921
71678 859
71679 862
71680 1124
71681 978
71682 754
71683 856
71684 1059
71685 103
71686 218
71687 773
71688 845
71689 551
71690 381
71691 258
71692 300
71693 776
71694 1054
71695 282
71696 548
71697 554
71698 295
71699 901
71700 209
71701 1001
71702 403
71703 958
71704 269
71705 1039
71706 404
71707 164
71708 162
71709 1019
71710 70
71711 1031
71712 670
71713 690
71714 604
71715 744
71716 700
71717 788
71718 481
71719 432
71720 1056
71721 944
71722 363
71723 956
71724 594
71725 1080
71726 545
71727 179
71728 1161
71729 1153
71730 487
71731 730
71732 46
71733 1049
71734 54
71735 925
71736 911
71737 379
71738 408
71739 686
71740 773
71741 960
71742 922
71743 517
71744 611
71745 260
71746 1104
71747 666
71748 176
71749 969
71750 519
71751 532
71752 1035
71753 929
71754 28
71755 634
71756 815
71757 521
71758 88
71759 1096
71760 351
71761 592
71762 601
71763 587
71764 162
71765 237
71766 145
71767 1073
71768 821
71769 204
71770 104
71771 159
71772 1148
71773 36
71774 339
71775 928
71776 212
71777 457
71778 1097
71779 962
71780 67
71781 580
71782 4
71783 854
71784 502
71785 757
71786 371
71787 350
71788 982
71789 754
71790 34
71791 710
71792 771
71793 712
71794 143
71795 697
71796 399
71797 927
71798 1059
71799 399
71800 1132
71801 671
71802 292
71803 764
71804 549
71805 823
71806 595
71807 936
71808 758
71809 631
71810 485
71811 335
71812 451
71813 372
71814 944
71815 1094
71816 833
71817 272
71818 157
71819 731
71820 181
71821 500
71822 760
71823 419
71824 45
71825 521
71826 107
71827 134
71828 868
71829 620
71830 113
71831 553
71832 934
71833 260
71834 523
71835 874
71836 577
71837 337
71838 674
71839 1159
71840 942
71841 10
71842 993
71843 129
71844 676
71845 793
71846 755
71847 98
71848 947
71849 286
71850 343
71851 977
71852 20
71853 642
71854 811
71855 570
71856 1140
71857 715
71858 831
71859 882
71860 477
71861 1093
71862 818
71863 420
71864 1117
71865 127
71866 1026
71867 834
71868 688
71869 1054
71870 776
71871 23
71872 574
71873 953
71874 279
71875 812
71876 603
71877 4
71878 833
71879 1071
71880 959
71881 18
71882 378
71883 979
71884 964
71885 182
71886 592
71887 886
71888 70
71889 20
71890 405
71891 430
71892 723
71893 318
71894 87
71895 159
71896 686
71897 180
71898 56
71899 1151
71900 444
71901 1035
71902 74
71903 1010
71904 740
71905 378
71906 1020
71907 953
71908 1088
71909 791
71910 505
71911 709
71912 46
71913 1006
71914 502
71915 942
71916 648
71917 944
71918 687
71919 2
71920 501
71921 370
71922 790
71923 323
71924 808
71925 238
71926 1160
71927 423
71928 429
71929 956
71930 122
71931 400
71932 221
71933 282
71934 841
71935 207
71936 1068
71937 154
71938 416
71939 723
71940 399
71941 846
71942 410
71943 633
71944 773
71945 657
71946 1069
71947 205
71948 442
71949 385
71950 842
71951 516
71952 514
71953 423
71954 288
71955 873
71956 325
71957 242
71958 404
71959 1002
71960 654
71961 76
71962 527
71963 457
71964 1121
71965 454
71966 211
71967 486
71968 138
71969 1147
71970 2
71971 418
71972 68
71973 686
71974 76
71975 371
71976 610
71977 1038
71978 554
71979 58
71980 361
71981 589
71982 398
71983 264
71984 46
71985 1163
71986 566
71987 22
71988 735
71989 1117
71990 1123
71991 236
71992 886
71993 800
71994 884
71995 1053
71996 975
71997 393
71998 586
71999 310
72000 756
72001 375
72002 699
72003 487
72004 1051
72005 1063
72006 436
72007 593
72008 769
72009 899
72010 159
72011 92
72012 606
72013 839
72014 510
72015 1090
72016 461
72017 916
72018 788
72019 424
72020 591
72021 33
72022 1033
72023 1150
72024 185
72025 598
72026 829
72027 390
72028 953
72029 1030
72030 549
72031 949
72032 361
72033 968
72034 541
72035 978
72036 510
72037 583
72038 836
72039 616
72040 1120
72041 1049
72042 775
72043 1032
72044 209
72045 303
72046 314
72047 372
72048 534
72049 609
72050 871
72051 863
72052 1012
72053 15
72054 523
72055 614
72056 389
72057 500
72058 777
72059 87
72060 30
72061 959
72062 395
72063 249
72064 187
72065 447
72066 81
72067 234
72068 266
72069 1092
72070 52
72071 837
72072 789
72073 901
72074 402
72075 450
72076 553
72077 649
72078 1030
72079 552
72080 73
72081 761
72082 183
72083 80
72084 115
72085 494
72086 983
72087 1113
72088 728
72089 70
72090 43
72091 332
72092 823
72093 104
72094 221
72095 958
72096 1093
72097 660
72098 691
72099 572
72100 277
72101 282
72102 633
72103 458
72104 482
72105 47
72106 1082
72107 297
72108 623
72109 1059
72110 915
72111 169
72112 1039
72113 282
72114 1059
72115 1009
72116 90
72117 922
72118 395
72119 261
72120 800
72121 947
72122 222
72123 962
72124 306
72125 599
72126 1113
72127 332
72128 221
72129 1148
72130 1071
72131 290
72132 626
72133 359
72134 782
72135 428
72136 754
72137 459
72138 963
72139 938
72140 1112
72141 370
72142 936
72143 111
72144 972
72145 1043
72146 1088
72147 374
72148 739
72149 1005
72150 5
72151 1056
72152 253
72153 276
72154 179
72155 234
72156 300
72157 952
72158 626
72159 1065
72160 790
72161 635
72162 229
72163 588
72164 1005
72165 1089
72166 656
72167 325
72168 415
72169 772
72170 234
72171 455
72172 485
72173 218
72174 1157
72175 911
72176 789
72177 570
72178 78
72179 322
72180 529
72181 814
72182 216
72183 1
72184 808
72185 83
72186 898
72187 899
72188 649
72189 1139
72190 401
72191 178
72192 538
72193 1160
72194 503
72195 495
72196 827
72197 465
72198 201
72199 542
72200 230
72201 629
72202 283
72203 824
72204 1098
72205 404
72206 53
72207 823
72208 648
72209 544
72210 1005
72211 213
72212 382
72213 1097
72214 105
72215 212
72216 518
72217 723
72218 560
72219 279
72220 1063
72221 142
72222 931
72223 605
72224 885
72225 535
72226 423
72227 279
72228 1113
72229 1076
72230 530
72231 587
72232 1043
72233 523
72234 1059
72235 389
72236 375
72237 157
72238 427
72239 1077
72240 101
72241 1085
72242 592
72243 867
72244 737
72245 264
72246 713
72247 15
72248 82
72249 757
72250 932
72251 263
72252 700
72253 369
72254 320
72255 850
72256 39
72257 752
72258 267
72259 969
72260 748
72261 937
72262 408
72263 521
72264 282
72265 328
72266 376
72267 593
72268 934
72269 569
72270 931
72271 863
72272 283
72273 1104
72274 740
72275 101
72276 164
72277 339
72278 339
72279 850
72280 1136
72281 120
72282 332
72283 56
72284 908
72285 481
72286 467
72287 439
72288 629
72289 905
72290 822
72291 1013
72292 674
72293 134
72294 574
72295 1070
72296 880
72297 832
72298 546
72299 596
72300 728
72301 206
72302 777
72303 946
72304 664
72305 709
72306 1096
72307 109
72308 797
72309 285
72310 652
72311 801
72312 29
72313 905
72314 647
72315 636
72316 190
72317 747
72318 1112
72319 920
72320 131
72321 1125
72322 968
72323 571
72324 789
72325 976
72326 892
72327 345
72328 114
72329 375
72330 1142
72331 1057
72332 65
72333 1032
72334 174
72335 799
72336 901
72337 84
72338 1058
72339 116
72340 110
72341 33
72342 1057
72343 846
72344 710
72345 669
72346 62
72347 515
72348 935
72349 187
72350 585
72351 875
72352 759
72353 507
72354 341
72355 297
72356 559
72357 231
72358 257
72359 750
72360 484
72361 764
72362 376
72363 216
72364 555
72365 617
72366 915
72367 1132
72368 880
72369 1108
72370 57
72371 269
72372 175
72373 920
72374 151
72375 1121
72376 171
72377 60
72378 614
72379 864
72380 168
72381 565
72382 195
72383 806
72384 442
72385 747
72386 585
72387 1028
72388 294
72389 844
72390 249
72391 941
72392 597
72393 437
72394 1139
72395 807
72396 1000
72397 425
72398 238
72399 1134
72400 222
72401 700
72402 186
72403 846
72404 40
72405 562
72406 334
72407 352
72408 1022
72409 577
72410 627
72411 426
72412 54
72413 1076
72414 148
72415 314
72416 870
72417 298
72418 20
72419 397
72420 258
72421 688
72422 735
72423 9
72424 73
72425 608
72426 142
72427 166
72428 60
72429 1062
72430 1046
72431 792
72432 186
72433 1030
72434 777
72435 300
72436 456
72437 586
72438 1019
72439 1036
72440 100
72441 144
72442 307
72443 162
72444 608
72445 634
72446 94
72447 613
72448 294
72449 487
72450 868
72451 595
72452 668
72453 940
72454 630
72455 337
72456 782
72457 1050
72458 1125
72459 36
72460 177
72461 733
72462 702
72463 560
72464 1052
72465 729
72466 785
72467 998
72468 19
72469 704
72470 874
72471 812
72472 687
72473 1097
72474 460
72475 624
72476 130
72477 1159
72478 770
72479 999
72480 323
72481 252
72482 634
72483 172
72484 433
72485 747
72486 725
72487 1097
72488 615
72489 1095
72490 550
72491 1046
72492 954
72493 1149
72494 4
72495 1042
72496 87
72497 686
72498 1054
72499 557
72500 887
72501 1040
72502 495
72503 1038
72504 496
72505 927
72506 297
72507 1160
72508 981
72509 503
72510 93
72511 742
72512 414
72513 181
72514 538
72515 420
72516 576
72517 39
72518 802
72519 446
72520 895
72521 85
72522 829
72523 154
72524 1155
72525 320
72526 104
72527 644
72528 767
72529 442
72530 52
72531 953
72532 425
72533 986
72534 1
72535 584
72536 216
72537 968
72538 703
72539 970
72540 1014
72541 239
72542 881
72543 178
72544 102
72545 458
72546 685
72547 31
72548 1047
72549 396
72550 65
72551 607
72552 1056
72553 1014
72554 628
72555 1051
72556 508
72557 294
72558 970
72559 57
72560 840
72561 1172
72562 594
72563 1020
72564 140
72565 881
72566 964
72567 956
72568 1149
72569 716
72570 431
72571 660
72572 1157
72573 1015
72574 132
72575 706
72576 589
72577 943
72578 228
72579 565
72580 432
72581 892
72582 338
72583 835
72584 541
72585 1
72586 301
72587 258
72588 405
72589 282
72590 904
72591 716
72592 1150
72593 459
72594 871
72595 771
72596 840
72597 869
72598 347
72599 282
72600 97
72601 652
72602 221
72603 394
72604 1127
72605 78
72606 569
72607 914
72608 386
72609 908
72610 1148
72611 991
72612 701
72613 247
72614 119
72615 909
72616 388
72617 949
72618 819
72619 850
72620 856
72621 214
72622 389
72623 376
72624 466
72625 543
72626 1146
72627 562
72628 641
72629 533
72630 758
72631 1068
72632 547
72633 903
72634 249
72635 459
72636 642
72637 991
72638 1049
72639 1076
72640 225
72641 555
72642 497
72643 861
72644 113
72645 353
72646 1098
72647 156
72648 616
72649 1155
72650 657
72651 262
72652 860
72653 1086
72654 725
72655 916
72656 482
72657 115
72658 117
72659 1009
72660 1085
72661 98
72662 785
72663 346
72664 936
72665 1098
72666 786
72667 779
72668 153
72669 804
72670 598
72671 223
72672 219
72673 1033
72674 306
72675 870
72676 294
72677 658
72678 965
72679 447
72680 337
72681 389
72682 809
72683 941
72684 543
72685 1128
72686 306
72687 102
72688 343
72689 1056
72690 882
72691 989
72692 386
72693 167
72694 1026
72695 299
72696 867
72697 716
72698 1114
72699 361
72700 519
72701 900
72702 629
72703 935
72704 947
72705 80
72706 1011
72707 711
72708 1049
72709 272
72710 93
72711 1145
72712 721
72713 137
72714 56
72715 1096
72716 325
72717 1042
72718 603
72719 1061
72720 599
72721 4
72722 1045
72723 441
72724 537
72725 302
72726 942
72727 449
72728 740
72729 758
72730 24
72731 736
72732 275
72733 147
72734 405
72735 1151
72736 262
72737 516
72738 779
72739 438
72740 60
72741 853
72742 1122
72743 486
72744 654
72745 570
72746 772
72747 263
72748 999
72749 505
72750 53
72751 1145
72752 184
72753 850
72754 286
72755 4
72756 166
72757 561
72758 522
72759 626
72760 70
72761 323
72762 947
72763 125
72764 927
72765 311
72766 1115
72767 656
72768 377
72769 443
72770 911
72771 948
72772 222
72773 929
72774 82
72775 86
72776 383
72777 588
72778 212
72779 1
72780 826
72781 794
72782 264
72783 5
72784 919
72785 740
72786 121
72787 884
72788 819
72789 972
72790 995
72791 90
72792 647
72793 952
72794 62
72795 37
72796 888
72797 387
72798 904
72799 434
72800 500
72801 1012
72802 1077
72803 965
72804 802
72805 729
72806 258
72807 640
72808 883
72809 399
72810 807
72811 309
72812 954
72813 746
72814 421
72815 997
72816 610
72817 186
72818 647
72819 218
72820 413
72821 63
72822 594
72823 336
72824 253
72825 472
72826 267
72827 691
72828 629
72829 1068
72830 252
72831 378
72832 95
72833 343
72834 867
72835 42
72836 190
72837 169
72838 1117
72839 281
72840 621
72841 548
72842 474
72843 950
72844 1118
72845 382
72846 599
72847 541
72848 581
72849 736
72850 637
72851 135
72852 165
72853 360
72854 628
72855 502
72856 511
72857 889
72858 595
72859 39
72860 743
72861 215
72862 529
72863 373
72864 19
72865 447
72866 1079
72867 1083
72868 1159
72869 831
72870 1127
72871 691
72872 285
72873 377
72874 1033
72875 72
72876 580
72877 430
72878 248
72879 341
72880 449
72881 982
72882 524
72883 451
72884 507
72885 132
72886 1085
72887 580
72888 932
72889 346
72890 1129
72891 350
72892 913
72893 561
72894 890
72895 95
72896 701
72897 768
72898 45
72899 340
72900 261
72901 1122
72902 321
72903 610
72904 168
72905 238
72906 172
72907 1095
72908 542
72909 589
72910 522
72911 194
72912 165
72913 228
72914 17
72915 315
72916 267
72917 100
72918 656
72919 586
72920 1145
72921 45
72922 997
72923 955
72924 400
72925 669
72926 673
72927 1063
72928 203
72929 310
72930 25
72931 1105
72932 643
72933 861
72934 465
72935 1112
72936 315
72937 336
72938 717
72939 672
72940 591
72941 291
72942 499
72943 604
72944 611
72945 761
72946 463
72947 452
72948 279
72949 625
72950 706
72951 134
72952 309
72953 997
72954 312
72955 854
72956 643
72957 1079
72958 858
72959 473
72960 970
72961 802
72962 733
72963 168
72964 194
72965 298
72966 329
72967 898
72968 948
72969 1092
72970 509
72971 77
72972 596
72973 995
72974 132
72975 981
72976 1062
72977 807
72978 1094
72979 171
72980 731
72981 96
72982 199
72983 235
72984 48
72985 1030
72986 905
72987 259
72988 1070
72989 834
72990 897
72991 296
72992 995
72993 780
72994 630
72995 724
72996 527
72997 79
72998 1049
72999 61
73000 927
73001 401
73002 699
73003 1147
73004 48
73005 651
73006 974
73007 730
73008 237
73009 757
73010 1158
73011 951
73012 781
73013 213
73014 24
73015 828
73016 565
73017 613
73018 1005
73019 343
73020 988
73021 917
73022 68
73023 768
73024 1071
73025 728
73026 888
73027 618
73028 967
73029 412
73030 1104
73031 292
73032 525
73033 883
73034 90
73035 495
73036 383
73037 112
73038 66
73039 981
73040 858
73041 142
73042 961
73043 121
73044 983
73045 1102
73046 415
73047 861
73048 730
73049 529
73050 891
73051 104
73052 672
73053 540
73054 981
73055 720
73056 1092
73057 31
73058 196
73059 627
73060 1143
73061 710
73062 750
73063 224
73064 674
73065 538
73066 105
73067 60
73068 476
73069 384
73070 1005
73071 413
73072 1074
73073 350
73074 42
73075 458
73076 547
73077 942
73078 1027
73079 116
73080 275
73081 561
73082 653
73083 650
73084 1141
73085 416
73086 828
73087 322
73088 474
73089 276
73090 447
73091 244
73092 341
73093 596
73094 96
73095 236
73096 423
73097 536
73098 270
73099 399
73100 738
73101 739
73102 443
73103 36
73104 161
73105 452
73106 992
73107 1129
73108 632
73109 38
73110 230
73111 150
73112 247
73113 1100
73114 32
73115 1139
73116 95
73117 27
73118 244
73119 822
73120 1109
73121 963
73122 1098
73123 219
73124 82
73125 49
73126 782
73127 1030
73128 524
73129 933
73130 1053
73131 873
73132 490
73133 572
73134 314
73135 129
73136 239
73137 140
73138 198
73139 717
73140 767
73141 593
73142 710
73143 606
73144 638
73145 898
73146 1111
73147 86
73148 656
73149 163
73150 539
73151 645
73152 822
73153 654
73154 886
73155 148
73156 1011
73157 357
73158 352
73159 563
73160 548
73161 955
73162 1167
73163 164
73164 757
73165 139
73166 772
73167 281
73168 1038
73169 287
73170 1027
73171 463
73172 22
73173 155
73174 1091
73175 107
73176 1061
73177 196
73178 403
73179 197
73180 598
73181 619
73182 470
73183 17
73184 959
73185 180
73186 526
73187 402
73188 184
73189 558
73190 572
73191 724
73192 217
73193 716
73194 114
73195 538
73196 155
73197 814
73198 635
73199 469
73200 16
73201 204
73202 66
73203 332
73204 806
73205 1023
73206 146
73207 853
73208 519
73209 90
73210 268
73211 506
73212 867
73213 925
73214 719
73215 454
73216 888
73217 114
73218 1078
73219 480
73220 511
73221 536
73222 720
73223 261
73224 13
73225 487
73226 527
73227 88
73228 619
73229 824
73230 137
73231 589
73232 278
73233 277
73234 867
73235 338
73236 558
73237 541
73238 1155
73239 231
73240 1064
73241 540
73242 1127
73243 768
73244 445
73245 81
73246 685
73247 325
73248 669
73249 880
73250 414
73251 427
73252 332
73253 273
73254 820
73255 912
73256 139
73257 537
73258 118
73259 285
73260 571
73261 1017
73262 952
73263 424
73264 831
73265 851
73266 616
73267 686
73268 644
73269 1108
73270 766
73271 147
73272 655
73273 950
73274 284
73275 60
73276 297
73277 888
73278 306
73279 896
73280 361
73281 41
73282 532
73283 902
73284 32
73285 374
73286 895
73287 1105
73288 539
73289 390
73290 319
73291 800
73292 1002
73293 76
73294 1090
73295 318
73296 713
73297 166
73298 639
73299 318
73300 1116
73301 1153
73302 716
73303 507
73304 1167
73305 572
73306 897
73307 263
73308 455
73309 779
73310 943
73311 403
73312 363
73313 422
73314 403
73315 732
73316 730
73317 1003
73318 1049
73319 136
73320 736
73321 1129
73322 755
73323 350
73324 1038
73325 689
73326 942
73327 715
73328 789
73329 822
73330 243
73331 804
73332 792
73333 557
73334 80
73335 845
73336 894
73337 1085
73338 526
73339 1147
73340 311
73341 261
73342 447
73343 199
73344 1119
73345 969
73346 999
73347 517
73348 281
73349 881
73350 141
73351 602
73352 1060
73353 715
73354 1091
73355 796
73356 392
73357 44
73358 487
73359 991
73360 860
73361 752
73362 1144
73363 156
73364 995
73365 1022
73366 806
73367 45
73368 851
73369 270
73370 1007
73371 848
73372 733
73373 558
73374 1000
73375 689
73376 542
73377 728
73378 176
73379 538
73380 181
73381 223
73382 319
73383 661
73384 429
73385 1055
73386 829
73387 864
73388 508
73389 922
73390 650
73391 387
73392 339
73393 163
73394 266
73395 936
73396 65
73397 823
73398 340
73399 531
73400 818
73401 1095
73402 14
73403 517
73404 209
73405 502
73406 376
73407 742
73408 179
73409 469
73410 484
73411 348
73412 954
73413 533
73414 952
73415 316
73416 585
73417 121
73418 149
73419 528
73420 262
73421 159
73422 780
73423 1103
73424 731
73425 708
73426 1117
73427 315
73428 789
73429 936
73430 609
73431 634
73432 472
73433 638
73434 515
73435 986
73436 131
73437 54
73438 395
73439 156
73440 1037
73441 748
73442 546
73443 797
73444 513
73445 882
73446 71
73447 936
73448 82
73449 968
73450 701
73451 1101
73452 288
73453 304
73454 844
73455 745
73456 633
73457 796
73458 829
73459 3
73460 1022
73461 1058
73462 494
73463 1139
73464 732
73465 318
73466 1107
73467 113
73468 599
73469 773
73470 245
73471 75
73472 783
73473 290
73474 283
73475 771
73476 315
73477 1080
73478 703
73479 89
73480 898
73481 1039
73482 799
73483 389
73484 331
73485 199
73486 806
73487 506
73488 129
73489 454
73490 1016
73491 841
73492 974
73493 786
73494 688
73495 1131
73496 735
73497 994
73498 1118
73499 700
73500 1087
73501 646
73502 930
73503 658
73504 314
73505 558
73506 1116
73507 351
73508 270
73509 349
73510 919
73511 500
73512 36
73513 13
73514 1092
73515 87
73516 156
73517 1016
73518 774
73519 119
73520 571
73521 86
73522 6
73523 121
73524 1077
73525 847
73526 1156
73527 643
73528 936
73529 84
73530 657
73531 552
73532 1166
73533 214
73534 1102
73535 835
73536 649
73537 747
73538 717
73539 1123
73540 621
73541 108
73542 985
73543 980
73544 1071
73545 298
73546 930
73547 105
73548 1125
73549 464
73550 423
73551 986
73552 923
73553 92
73554 684
73555 831
73556 31
73557 820
73558 179
73559 322
73560 1011
73561 721
73562 1096
73563 75
73564 1073
73565 13
73566 1029
73567 594
73568 180
73569 183
73570 1027
73571 905
73572 405
73573 977
73574 155
73575 237
73576 512
73577 952
73578 652
73579 1054
73580 1044
73581 1076
73582 445
73583 89
73584 729
73585 1006
73586 262
73587 125
73588 447
73589 20
73590 664
73591 912
73592 989
73593 408
73594 24
73595 922
73596 967
73597 108
73598 846
73599 996
73600 85
73601 122
73602 462
73603 811
73604 937
73605 242
73606 255
73607 117
73608 552
73609 1060
73610 767
73611 283
73612 544
73613 458
73614 69
73615 315
73616 140
73617 491
73618 379
73619 1005
73620 286
73621 506
73622 212
73623 850
73624 302
73625 280
73626 1096
73627 829
73628 566
73629 1014
73630 579
73631 423
73632 1032
73633 218
73634 488
73635 372
73636 118
73637 943
73638 301
73639 921
73640 165
73641 1159
73642 909
73643 579
73644 1061
73645 955
73646 854
73647 249
73648 262
73649 26
73650 128
73651 816
73652 108
73653 956
73654 170
73655 747
73656 356
73657 1043
73658 927
73659 1079
73660 140
73661 82
73662 1128
73663 1036
73664 447
73665 634
73666 44
73667 141
73668 151
73669 904
73670 470
73671 102
73672 754
73673 622
73674 987
73675 603
73676 51
73677 728
73678 104
73679 377
73680 533
73681 1172
73682 142
73683 619
73684 694
73685 1072
73686 418
73687 10
73688 1167
73689 453
73690 645
73691 188
73692 77
73693 455
73694 1068
73695 1144
73696 123
73697 1056
73698 1097
73699 763
73700 289
73701 735
73702 700
73703 1073
73704 103
73705 305
73706 143
73707 1101
73708 96
73709 372
73710 254
73711 569
73712 842
73713 352
73714 248
73715 795
73716 242
73717 684
73718 878
73719 720
73720 1099
73721 846
73722 922
73723 102
73724 966
73725 686
73726 651
73727 696
73728 535
73729 571
73730 1000
73731 517
73732 128
73733 235
73734 1088
73735 314
73736 665
73737 1134
73738 466
73739 222
73740 774
73741 833
73742 294
73743 952
73744 1073
73745 73
73746 165
73747 1013
73748 576
73749 974
73750 741
73751 270
73752 931
73753 889
73754 825
73755 1130
73756 723
73757 203
73758 165
73759 574
73760 4
73761 742
73762 490
73763 157
73764 634
73765 891
73766 122
73767 708
73768 587
73769 571
73770 609
73771 542
73772 237
73773 582
73774 232
73775 514
73776 254
73777 459
73778 599
73779 727
73780 1073
73781 1100
73782 1159
73783 213
73784 731
73785 510
73786 224
73787 1146
73788 422
73789 757
73790 1163
73791 430
73792 1116
73793 523
73794 38
73795 830
73796 680
73797 1002
73798 487
73799 566
73800 2
73801 665
73802 240
73803 19
73804 59
73805 392
73806 991
73807 203
73808 31
73809 710
73810 448
73811 838
73812 573
73813 381
73814 473
73815 400
73816 947
73817 915
73818 662
73819 402
73820 654
73821 752
73822 47
73823 422
73824 702
73825 297
73826 750
73827 1059
73828 1030
73829 592
73830 97
73831 565
73832 16
73833 116
73834 368
73835 297
73836 701
73837 724
73838 686
73839 454
73840 91
73841 474
73842 869
73843 1159
73844 87
73845 804
73846 177
73847 799
73848 226
73849 1064
73850 142
73851 1009
73852 11
73853 878
73854 114
73855 375
73856 355
73857 172
73858 944
73859 355
73860 144
73861 618
73862 703
73863 592
73864 312
73865 290
73866 173
73867 957
73868 486
73869 257
73870 875
73871 541
73872 1054
73873 706
73874 1169
73875 1002
73876 421
73877 175
73878 809
73879 329
73880 93
73881 191
73882 21
73883 593
73884 226
73885 1063
73886 44
73887 191
73888 14
73889 644
73890 746
73891 289
73892 948
73893 86
73894 32
73895 318
73896 160
73897 632
73898 944
73899 600
73900 826
73901 343
73902 930
73903 225
73904 536
73905 153
73906 811
73907 694
73908 506
73909 288
73910 468
73911 1160
73912 344
73913 886
73914 58
73915 836
73916 765
73917 219
73918 504
73919 451
73920 1153
73921 912
73922 625
73923 141
73924 440
73925 921
73926 163
73927 773
73928 710
73929 795
73930 415
73931 130
73932 425
73933 489
73934 430
73935 763
73936 830
73937 591
73938 921
73939 669
73940 69
73941 433
73942 797
73943 233
73944 1141
73945 270
73946 1028
73947 865
73948 548
73949 833
73950 1121
73951 824
73952 275
73953 596
73954 272
73955 821
73956 398
73957 52
73958 949
73959 945
73960 417
73961 560
73962 607
73963 600
73964 132
73965 870
73966 485
73967 906
73968 96
73969 177
73970 834
73971 208
73972 580
73973 489
73974 448
73975 907
73976 869
73977 613
73978 612
73979 749
73980 1130
73981 744
73982 719
73983 95
73984 856
73985 615
73986 557
73987 85
73988 546
73989 205
73990 60
73991 573
73992 1039
73993 162
73994 109
73995 1096
73996 684
73997 1115
73998 794
73999 150
74000 619
74001 379
74002 125
74003 622
74004 424
74005 1047
74006 583
74007 1028
74008 803
74009 300
74010 65
74011 91
74012 1103
74013 1051
74014 159
74015 491
74016 435
74017 457
74018 517
74019 79
74020 908
74021 973
74022 802
74023 388
74024 826
74025 685
74026 102
74027 354
74028 877
74029 863
74030 256
74031 727
74032 81
74033 1000
74034 528
74035 1149
74036 411
74037 878
74038 923
74039 226
74040 744
74041 910
74042 1068
74043 339
74044 810
74045 1073
74046 1005
74047 66
74048 571
74049 683
74050 635
74051 1020
74052 735
74053 362
74054 400
74055 613
74056 1089
74057 949
74058 156
74059 657
74060 553
74061 852
74062 541
74063 638
74064 490
74065 1055
74066 1138
74067 780
74068 975
74069 302
74070 786
74071 804
74072 1097
74073 1057
74074 268
74075 1153
74076 423
74077 417
74078 785
74079 1116
74080 976
74081 75
74082 915
74083 229
74084 433
74085 1027
74086 1145
74087 964
74088 625
74089 378
74090 722
74091 999
74092 547
74093 353
74094 23
74095 496
74096 51
74097 134
74098 17
74099 1103
74100 100
74101 56
74102 867
74103 721
74104 724
74105 686
74106 604
74107 205
74108 436
74109 486
74110 154
74111 569
74112 768
74113 1059
74114 170
74115 351
74116 547
74117 244
74118 894
74119 335
74120 108
74121 1077
74122 951
74123 81
74124 744
74125 75
74126 975
74127 1046
74128 373
74129 953
74130 260
74131 841
74132 266
74133 827
74134 527
74135 994
74136 9
74137 917
74138 968
74139 1130
74140 922
74141 754
74142 235
74143 632
74144 441
74145 206
74146 50
74147 912
74148 328
74149 612
74150 397
74151 279
74152 247
74153 340
74154 766
74155 637
74156 691
74157 862
74158 280
74159 690
74160 258
74161 793
74162 936
74163 492
74164 472
74165 736
74166 481
74167 1063
74168 1007
74169 101
74170 795
74171 113
74172 90
74173 768
74174 1064
74175 133
74176 728
74177 1036
74178 113
74179 689
74180 315
74181 519
74182 197
74183 715
74184 604
74185 620
74186 618
74187 506
74188 1095
74189 180
74190 895
74191 472
74192 1138
74193 584
74194 254
74195 317
74196 758
74197 563
74198 400
74199 712
74200 1008
74201 1124
74202 178
74203 440
74204 780
74205 750
74206 453
74207 776
74208 256
74209 242
74210 882
74211 373
74212 27
74213 350
74214 698
74215 139
74216 408
74217 814
74218 627
74219 983
74220 786
74221 536
74222 226
74223 604
74224 309
74225 1106
74226 292
74227 701
74228 1095
74229 598
74230 570
74231 549
74232 79
74233 458
74234 441
74235 134
74236 822
74237 232
74238 31
74239 719
74240 243
74241 10
74242 313
74243 765
74244 391
74245 691
74246 69
74247 567
74248 63
74249 931
74250 457
74251 775
74252 1050
74253 550
74254 601
74255 137
74256 1061
74257 855
74258 408
74259 704
74260 811
74261 135
74262 244
74263 680
74264 583
74265 916
74266 355
74267 373
74268 1089
74269 502
74270 845
74271 164
74272 94
74273 223
74274 916
74275 392
74276 289
74277 1121
74278 966
74279 80
74280 1002
74281 538
74282 1039
74283 961
74284 994
74285 1036
74286 80
74287 121
74288 211
74289 487
74290 327
74291 663
74292 64
74293 497
74294 601
74295 701
74296 713
74297 439
74298 663
74299 736
74300 519
74301 1011
74302 450
74303 767
74304 667
74305 947
74306 699
74307 852
74308 15
74309 344
74310 854
74311 161
74312 966
74313 694
74314 959
74315 307
74316 582
74317 626
74318 1044
74319 735
74320 595
74321 608
74322 931
74323 812
74324 418
74325 730
74326 412
74327 1034
74328 534
74329 854
74330 135
74331 458
74332 587
74333 620
74334 534
74335 148
74336 277
74337 503
74338 577
74339 709
74340 763
74341 1126
74342 619
74343 107
74344 950
74345 195
74346 689
74347 722
74348 372
74349 335
74350 916
74351 879
74352 921
74353 354
74354 763
74355 771
74356 1058
74357 1096
74358 494
74359 147
74360 845
74361 965
74362 994
74363 428
74364 322
74365 37
74366 98
74367 591
74368 882
74369 1126
74370 747
74371 19
74372 375
74373 1106
74374 1166
74375 398
74376 421
74377 1167
74378 905
74379 329
74380 217
74381 696
74382 30
74383 707
74384 944
74385 605
74386 633
74387 176
74388 151
74389 106
74390 721
74391 569
74392 976
74393 64
74394 384
74395 786
74396 79
74397 958
74398 259
74399 509
74400 100
74401 336
74402 818
74403 64
74404 472
74405 1018
74406 9
74407 949
74408 949
74409 617
74410 542
74411 911
74412 467
74413 781
74414 831
74415 524
74416 630
74417 189
74418 659
74419 310
74420 1063
74421 331
74422 360
74423 181
74424 948
74425 173
74426 1074
74427 980
74428 1119
74429 556
74430 837
74431 200
74432 821
74433 785
74434 676
74435 946
74436 302
74437 1160
74438 801
74439 488
74440 1026
74441 196
74442 264
74443 379
74444 814
74445 179
74446 592
74447 1014
74448 334
74449 1082
74450 666
74451 280
74452 31
74453 631
74454 52
74455 48
74456 302
74457 797
74458 79
74459 682
74460 117
74461 111
74462 1015
74463 893
74464 527
74465 980
74466 261
74467 387
74468 732
74469 537
74470 588
74471 71
74472 240
74473 1067
74474 999
74475 19
74476 648
74477 653
74478 43
74479 441
74480 169
74481 482
74482 853
74483 742
74484 583
74485 390
74486 248
74487 656
74488 582
74489 986
74490 908
74491 834
74492 712
74493 364
74494 1134
74495 225
74496 307
74497 130
74498 360
74499 1096
74500 55
74501 887
74502 554
74503 34
74504 869
74505 1122
74506 488
74507 394
74508 441
74509 460
74510 580
74511 612
74512 1029
74513 370
74514 129
74515 942
74516 319
74517 109
74518 978
74519 375
74520 506
74521 268
74522 1083
74523 22
74524 169
74525 192
74526 145
74527 570
74528 1144
74529 845
74530 1102
74531 448
74532 954
74533 29
74534 376
74535 664
74536 1031
74537 623
74538 1053
74539 245
74540 476
74541 1136
74542 402
74543 37
74544 948
74545 813
74546 124
74547 175
74548 263
74549 1015
74550 380
74551 350
74552 795
74553 507
74554 938
74555 154
74556 1066
74557 286
74558 557
74559 261
74560 1159
74561 701
74562 836
74563 131
74564 135
74565 613
74566 569
74567 66
74568 683
74569 597
74570 557
74571 418
74572 1107
74573 251
74574 12
74575 375
74576 960
74577 100
74578 919
74579 386
74580 756
74581 1038
74582 372
74583 208
74584 538
74585 723
74586 67
74587 617
74588 128
74589 326
74590 369
74591 869
74592 909
74593 464
74594 1013
74595 820
74596 1135
74597 777
74598 227
74599 128
74600 536
74601 766
74602 1136
74603 684
74604 1043
74605 807
74606 23
74607 785
74608 889
74609 795
74610 456
74611 702
74612 664
74613 314
74614 909
74615 239
74616 479
74617 863
74618 652
74619 597
74620 283
74621 697
74622 257
74623 98
74624 144
74625 372
74626 727
74627 1074
74628 357
74629 1118
74630 1045
74631 1034
74632 685
74633 1015
74634 1028
74635 100
74636 554
74637 566
74638 1070
74639 306
74640 1061
74641 1111
74642 324
74643 1078
74644 1140
74645 1007
74646 523
74647 632
74648 166
74649 1054
74650 333
74651 491
74652 233
74653 890
74654 540
74655 201
74656 1021
74657 1100
74658 228
74659 137
74660 1067
74661 1060
74662 593
74663 398
74664 746
74665 311
74666 415
74667 830
74668 689
74669 738
74670 1042
74671 616
74672 1117
74673 446
74674 1111
74675 265
74676 393
74677 809
74678 938
74679 417
74680 339
74681 569
74682 898
74683 121
74684 159
74685 201
74686 105
74687 782
74688 432
74689 343
74690 53
74691 419
74692 970
74693 370
74694 654
74695 855
74696 1103
74697 663
74698 589
74699 267
74700 244
74701 52
74702 1012
74703 149
74704 1050
74705 169
74706 53
74707 1151
74708 772
74709 1087
74710 463
74711 519
74712 245
74713 727
74714 825
74715 638
74716 263
74717 724
74718 372
74719 251
74720 538
74721 580
74722 12
74723 801
74724 4
74725 796
74726 577
74727 787
74728 286
74729 1113
74730 632
74731 345
74732 1114
74733 681
74734 30
74735 1110
74736 659
74737 990
74738 299
74739 667
74740 183
74741 188
74742 260
74743 726
74744 482
74745 779
74746 231
74747 111
74748 6
74749 867
74750 65
74751 1000
74752 516
74753 369
74754 863
74755 575
74756 926
74757 1006
74758 893
74759 143
74760 775
74761 976
74762 253
74763 655
74764 102
74765 765
74766 136
74767 331
74768 359
74769 689
74770 1041
74771 1047
74772 272
74773 605
74774 1141
74775 480
74776 623
74777 677
74778 295
74779 213
74780 788
74781 761
74782 184
74783 9
74784 171
74785 988
74786 546
74787 353
74788 588
74789 24
74790 386
74791 984
74792 630
74793 181
74794 785
74795 199
74796 1009
74797 656
74798 516
74799 148
74800 72
74801 441
74802 849
74803 1050
74804 402
74805 771
74806 80
74807 897
74808 1070
74809 333
74810 448
74811 1050
74812 67
74813 947
74814 157
74815 983
74816 438
74817 460
74818 407
74819 878
74820 75
74821 899
74822 1161
74823 797
74824 786
74825 533
74826 570
74827 644
74828 693
74829 19
74830 900
74831 503
74832 1055
74833 759
74834 619
74835 548
74836 109
74837 482
74838 844
74839 654
74840 82
74841 609
74842 571
74843 508
74844 1147
74845 546
74846 759
74847 909
74848 697
74849 22
74850 211
74851 215
74852 841
74853 769
74854 114
74855 15
74856 755
74857 699
74858 134
74859 715
74860 1022
74861 223
74862 405
74863 562
74864 513
74865 763
74866 449
74867 236
74868 444
74869 735
74870 307
74871 556
74872 405
74873 116
74874 21
74875 270
74876 621
74877 22
74878 90
74879 765
74880 990
74881 306
74882 805
74883 62
74884 835
74885 840
74886 66
74887 724
74888 436
74889 821
74890 586
74891 640
74892 332
74893 1055
74894 378
74895 229
74896 183
74897 540
74898 669
74899 4
74900 215
74901 481
74902 160
74903 629
74904 197
74905 390
74906 180
74907 287
74908 606
74909 534
74910 842
74911 1167
74912 352
74913 310
74914 915
74915 321
74916 338
74917 160
74918 229
74919 1098
74920 430
74921 156
74922 815
74923 636
74924 1058
74925 900
74926 55
74927 117
74928 137
74929 983
74930 433
74931 553
74932 513
74933 750
74934 715
74935 1057
74936 518
74937 789
74938 466
74939 994
74940 882
74941 75
74942 589
74943 602
74944 516
74945 1161
74946 631
74947 441
74948 354
74949 453
74950 1012
74951 937
74952 88
74953 55
74954 142
74955 963
74956 173
74957 688
74958 762
74959 1113
74960 1013
74961 74
74962 610
74963 1161
74964 796
74965 537
74966 818
74967 110
74968 986
74969 1059
74970 220
74971 672
74972 489
74973 357
74974 767
74975 766
74976 444
74977 1080
74978 550
74979 235
74980 860
74981 505
74982 558
74983 302
74984 301
74985 567
74986 761
74987 711
74988 407
74989 603
74990 386
74991 329
74992 354
74993 855
74994 230
74995 239
74996 452
74997 336
74998 511
74999 44
75000 337
75001 350
75002 434
75003 479
75004 1113
75005 1091
75006 199
75007 1104
75008 934
75009 1035
75010 418
75011 135
75012 732
75013 713
75014 1140
75015 581
75016 207
75017 407
75018 500
75019 769
75020 131
75021 228
75022 967
75023 1040
75024 1113
75025 177
75026 111
75027 379
75028 106
75029 578
75030 26
75031 830
75032 712
75033 222
75034 591
75035 942
75036 702
75037 730
75038 908
75039 803
75040 518
75041 109
75042 1102
75043 72
75044 848
75045 1043
75046 373
75047 183
75048 853
75049 601
75050 627
75051 662
75052 567
75053 873
75054 133
75055 380
75056 316
75057 568
75058 541
75059 235
75060 271
75061 217
75062 503
75063 251
75064 377
75065 138
75066 77
75067 782
75068 666
75069 651
75070 452
75071 15
75072 315
75073 1015
75074 527
75075 322
75076 70
75077 398
75078 198
75079 267
75080 956
75081 1068
75082 904
75083 965
75084 222
75085 150
75086 885
75087 1017
75088 757
75089 341
75090 140
75091 189
75092 1042
75093 11
75094 565
75095 328
75096 671
75097 811
75098 919
75099 175
75100 640
75101 1009
75102 809
75103 177
75104 127
75105 346
75106 476
75107 625
75108 636
75109 1040
75110 639
75111 978
75112 428
75113 1023
75114 1132
75115 590
75116 31
75117 200
75118 472
75119 545
75120 1037
75121 28
75122 327
75123 456
75124 335
75125 1145
75126 1045
75127 417
75128 101
75129 1018
75130 116
75131 839
75132 1006
75133 728
75134 458
75135 18
75136 3
75137 582
75138 71
75139 1108
75140 821
75141 424
75142 563
75143 547
75144 526
75145 1085
75146 820
75147 905
75148 791
75149 716
75150 191
75151 1145
75152 530
75153 889
75154 947
75155 784
75156 694
75157 600
75158 1099
75159 433
75160 142
75161 888
75162 162
75163 1086
75164 216
75165 3
75166 612
75167 1047
75168 81
75169 230
75170 970
75171 907
75172 647
75173 343
75174 172
75175 416
75176 208
75177 234
75178 1018
75179 437
75180 858
75181 254
75182 589
75183 152
75184 874
75185 913
75186 778
75187 1025
75188 870
75189 550
75190 962
75191 33
75192 109
75193 589
75194 746
75195 1093
75196 229
75197 1119
75198 508
75199 43
75200 551
75201 638
75202 732
75203 285
75204 898
75205 600
75206 448
75207 168
75208 459
75209 277
75210 584
75211 481
75212 205
75213 830
75214 15
75215 824
75216 1022
75217 739
75218 1168
75219 605
75220 379
75221 890
75222 484
75223 60
75224 431
75225 447
75226 443
75227 187
75228 860
75229 777
75230 266
75231 911
75232 331
75233 386
75234 814
75235 8
75236 654
75237 468
75238 666
75239 1051
75240 62
75241 1023
75242 172
75243 1118
75244 26
75245 182
75246 784
75247 393
75248 702
75249 909
75250 352
75251 362
75252 529
75253 1087
75254 299
75255 11
75256 140
75257 154
75258 499
75259 394
75260 463
75261 1088
75262 180
75263 323
75264 843
75265 173
75266 600
75267 792
75268 319
75269 1109
75270 530
75271 937
75272 767
75273 235
75274 908
75275 1093
75276 19
75277 112
75278 164
75279 360
75280 34
75281 1153
75282 472
75283 325
75284 945
75285 4
75286 75
75287 314
75288 730
75289 208
75290 715
75291 528
75292 859
75293 289
75294 819
75295 8
75296 548
75297 1127
75298 797
75299 200
75300 1090
75301 405
75302 999
75303 750
75304 900
75305 781
75306 22
75307 423
75308 55
75309 975
75310 1151
75311 492
75312 752
75313 193
75314 270
75315 538
75316 685
75317 957
75318 189
75319 943
75320 560
75321 981
75322 1106
75323 603
75324 62
75325 605
75326 550
75327 98
75328 990
75329 269
75330 668
75331 1089
75332 973
75333 103
75334 915
75335 477
75336 212
75337 890
75338 197
75339 749
75340 434
75341 215
75342 806
75343 484
75344 340
75345 1
75346 698
75347 250
75348 622
75349 540
75350 116
75351 543
75352 476
75353 197
75354 1127
75355 1123
75356 329
75357 106
75358 361
75359 171
75360 591
75361 953
75362 717
75363 984
75364 978
75365 842
75366 304
75367 955
75368 842
75369 216
75370 491
75371 505
75372 604
75373 133
75374 624
75375 361
75376 350
75377 907
75378 1032
75379 562
75380 717
75381 510
75382 80
75383 1172
75384 1135
75385 286
75386 999
75387 310
75388 1131
75389 811
75390 138
75391 972
75392 408
75393 1133
75394 943
75395 870
75396 1053
75397 579
75398 383
75399 741
75400 657
75401 204
75402 176
75403 209
75404 156
75405 186
75406 975
75407 537
75408 327
75409 985
75410 1012
75411 77
75412 1043
75413 362
75414 1099
75415 413
75416 549
75417 18
75418 1095
75419 781
75420 563
75421 143
75422 1019
75423 863
75424 695
75425 601
75426 586
75427 131
75428 375
75429 915
75430 1129
75431 311
75432 246
75433 391
75434 922
75435 1067
75436 380
75437 967
75438 611
75439 1048
75440 417
75441 790
75442 800
75443 704
75444 798
75445 503
75446 648
75447 522
75448 1072
75449 298
75450 487
75451 731
75452 395
75453 793
75454 861
75455 481
75456 950
75457 1120
75458 904
75459 748
75460 998
75461 883
75462 697
75463 715
75464 459
75465 40
75466 671
75467 250
75468 402
75469 528
75470 932
75471 196
75472 1107
75473 140
75474 1150
75475 57
75476 63
75477 624
75478 817
75479 526
75480 816
75481 337
75482 1139
75483 726
75484 252
75485 994
75486 1148
75487 1045
75488 1076
75489 115
75490 870
75491 112
75492 819
75493 763
75494 539
75495 732
75496 533
75497 263
75498 244
75499 937
75500 822
75501 405
75502 1070
75503 597
75504 894
75505 222
75506 588
75507 720
75508 489
75509 577
75510 1061
75511 932
75512 666
75513 95
75514 252
75515 792
75516 875
75517 766
75518 69
75519 619
75520 572
75521 655
75522 594
75523 610
75524 203
75525 821
75526 579
75527 112
75528 1154
75529 119
75530 305
75531 503
75532 565
75533 511
75534 703
75535 1014
75536 548
75537 1168
75538 883
75539 1070
75540 271
75541 1019
75542 689
75543 185
75544 738
75545 1102
75546 623
75547 946
75548 210
75549 119
75550 671
75551 179
75552 466
75553 710
75554 724
75555 532
75556 1141
75557 376
75558 288
75559 877
75560 285
75561 257
75562 82
75563 119
75564 753
75565 33
75566 182
75567 125
75568 1157
75569 1166
75570 1143
75571 997
75572 845
75573 766
75574 373
75575 1101
75576 48
75577 794
75578 590
75579 645
75580 1045
75581 53
75582 894
75583 501
75584 1108
75585 499
75586 123
75587 1132
75588 811
75589 736
75590 978
75591 928
75592 547
75593 626
75594 629
75595 117
75596 834
75597 387
75598 342
75599 931
75600 1167
75601 335
75602 1018
75603 289
75604 372
75605 337
75606 220
75607 829
75608 743
75609 713
75610 940
75611 623
75612 632
75613 265
75614 427
75615 992
75616 773
75617 321
75618 74
75619 985
75620 819
75621 867
75622 122
75623 201
75624 797
75625 611
75626 677
75627 1052
75628 302
75629 168
75630 1160
75631 18
75632 458
75633 1020
75634 479
75635 138
75636 426
75637 825
75638 189
75639 272
75640 645
75641 685
75642 1058
75643 182
75644 70
75645 875
75646 734
75647 375
75648 1162
75649 1064
75650 739
75651 20
75652 259
75653 837
75654 255
75655 472
75656 1123
75657 379
75658 504
75659 375
75660 236
75661 900
75662 897
75663 707
75664 1032
75665 1018
75666 608
75667 683
75668 162
75669 798
75670 970
75671 1071
75672 663
75673 166
75674 177
75675 527
75676 733
75677 1061
75678 780
75679 113
75680 607
75681 788
75682 988
75683 1090
75684 633
75685 555
75686 865
75687 1020
75688 112
75689 447
75690 551
75691 228
75692 20
75693 689
75694 282
75695 175
75696 1054
75697 717
75698 64
75699 893
75700 899
75701 406
75702 1089
75703 40
75704 214
75705 621
75706 185
75707 206
75708 312
75709 839
75710 184
75711 690
75712 501
75713 724
75714 683
75715 689
75716 173
75717 1084
75718 803
75719 98
75720 356
75721 539
75722 444
75723 21
75724 909
75725 973
75726 1128
75727 508
75728 502
75729 964
75730 1017
75731 654
75732 251
75733 757
75734 996
75735 1079
75736 1083
75737 454
75738 999
75739 1111
75740 120
75741 1012
75742 542
75743 218
75744 1068
75745 50
75746 938
75747 531
75748 253
75749 867
75750 266
75751 651
75752 853
75753 96
75754 1030
75755 474
75756 683
75757 1092
75758 286
75759 429
75760 30
75761 296
75762 769
75763 684
75764 245
75765 29
75766 203
75767 1107
75768 996
75769 518
75770 13
75771 738
75772 696
75773 3
75774 776
75775 916
75776 538
75777 1049
75778 734
75779 896
75780 1110
75781 747
75782 1101
75783 61
75784 325
75785 240
75786 632
75787 964
75788 576
75789 935
75790 1135
75791 71
75792 1045
75793 386
75794 119
75795 74
75796 83
75797 46
75798 280
75799 61
75800 1079
75801 360
75802 900
75803 570
75804 360
75805 978
75806 201
75807 553
75808 73
75809 816
75810 1131
75811 946
75812 1168
75813 514
75814 787
75815 31
75816 245
75817 846
75818 226
75819 986
75820 863
75821 688
75822 606
75823 674
75824 297
75825 848
75826 1081
75827 718
75828 810
75829 327
75830 463
75831 176
75832 259
75833 793
75834 128
75835 458
75836 99
75837 869
75838 515
75839 777
75840 509
75841 357
75842 41
75843 446
75844 305
75845 106
75846 485
75847 643
75848 781
75849 1076
75850 1070
75851 714
75852 479
75853 760
75854 469
75855 442
75856 595
75857 442
75858 484
75859 1146
75860 278
75861 508
75862 730
75863 181
75864 193
75865 339
75866 776
75867 387
75868 1136
75869 653
75870 331
75871 127
75872 284
75873 393
75874 512
75875 877
75876 805
75877 118
75878 222
75879 633
75880 336
75881 787
75882 612
75883 951
75884 432
75885 1146
75886 679
75887 679
75888 850
75889 913
75890 486
75891 723
75892 824
75893 381
75894 923
75895 918
75896 137
75897 661
75898 269
75899 724
75900 494
75901 34
75902 1002
75903 1133
75904 1050
75905 685
75906 702
75907 88
75908 930
75909 821
75910 1135
75911 256
75912 300
75913 34
75914 222
75915 548
75916 359
75917 898
75918 695
75919 1129
75920 12
75921 856
75922 1105
75923 1013
75924 78
75925 829
75926 1156
75927 387
75928 666
75929 520
75930 215
75931 376
75932 536
75933 126
75934 993
75935 849
75936 321
75937 418
75938 941
75939 1085
75940 920
75941 274
75942 1102
75943 809
75944 734
75945 304
75946 140
75947 447
75948 471
75949 471
75950 159
75951 19
75952 663
75953 656
75954 431
75955 393
75956 276
75957 747
75958 988
75959 548
75960 1141
75961 1067
75962 970
75963 1016
75964 61
75965 1066
75966 713
75967 323
75968 93
75969 81
75970 43
75971 590
75972 117
75973 643
75974 377
75975 1155
75976 1152
75977 979
75978 410
75979 107
75980 576
75981 151
75982 1089
75983 525
75984 447
75985 466
75986 1051
75987 420
75988 372
75989 459
75990 388
75991 1078
75992 640
75993 175
75994 844
75995 672
75996 1118
75997 37
75998 53
75999 271
76000 1093
76001 114
76002 233
76003 1069
76004 495
76005 551
76006 1004
76007 482
76008 786
76009 1037
76010 290
76011 617
76012 968
76013 50
76014 1111
76015 1016
76016 1169
76017 610
76018 1151
76019 226
76020 1163
76021 1078
76022 538
76023 468
76024 52
76025 1089
76026 287
76027 602
76028 712
76029 826
76030 207
76031 151
76032 1058
76033 746
76034 931
76035 846
76036 900
76037 1048
76038 1046
76039 829
76040 892
76041 1101
76042 434
76043 720
76044 1041
76045 376
76046 256
76047 762
76048 96
76049 979
76050 901
76051 894
76052 22
76053 731
76054 904
76055 495
76056 1095
76057 414
76058 574
76059 465
76060 1074
76061 794
76062 33
76063 568
76064 214
76065 160
76066 676
76067 1157
76068 590
76069 1120
76070 242
76071 1008
76072 865
76073 1133
76074 629
76075 456
76076 179
76077 949
76078 815
76079 1104
76080 621
76081 131
76082 676
76083 213
76084 509
76085 729
76086 278
76087 1084
76088 119
76089 785
76090 856
76091 589
76092 809
76093 434
76094 239
76095 536
76096 463
76097 911
76098 940
76099 1042
76100 842
76101 1001
76102 1107
76103 102
76104 378
76105 343
76106 970
76107 210
76108 193
76109 903
76110 496
76111 691
76112 503
76113 269
76114 652
76115 915
76116 691
76117 679
76118 930
76119 278
76120 186
76121 230
76122 746
76123 878
76124 1047
76125 693
76126 456
76127 471
76128 193
76129 1098
76130 717
76131 683
76132 67
76133 337
76134 1109
76135 120
76136 828
76137 111
76138 769
76139 221
76140 428
76141 35
76142 1046
76143 403
76144 769
76145 667
76146 819
76147 27
76148 390
76149 132
76150 743
76151 710
76152 622
76153 920
76154 880
76155 205
76156 71
76157 300
76158 1108
76159 573
76160 128
76161 1108
76162 363
76163 901
76164 450
76165 1153
76166 1127
76167 604
76168 931
76169 116
76170 863
76171 1120
76172 791
76173 1029
76174 530
76175 1002
76176 1052
76177 1017
76178 130
76179 599
76180 932
76181 781
76182 872
76183 560
76184 1055
76185 346
76186 822
76187 996
76188 8
76189 10
76190 1149
76191 84
76192 938
76193 478
76194 477
76195 454
76196 993
76197 890
76198 896
76199 1103
76200 187
76201 865
76202 601
76203 1018
76204 392
76205 557
76206 87
76207 1026
76208 770
76209 735
76210 1039
76211 89
76212 138
76213 186
76214 58
76215 1083
76216 387
76217 170
76218 976
76219 869
76220 41
76221 695
76222 350
76223 841
76224 802
76225 492
76226 470
76227 1137
76228 528
76229 990
76230 308
76231 931
76232 1046
76233 1109
76234 1087
76235 106
76236 18
76237 894
76238 1135
76239 227
76240 73
76241 493
76242 659
76243 535
76244 196
76245 154
76246 593
76247 240
76248 1158
76249 649
76250 913
76251 129
76252 831
76253 926
76254 952
76255 930
76256 124
76257 861
76258 802
76259 149
76260 32
76261 970
76262 331
76263 186
76264 880
76265 204
76266 380
76267 939
76268 260
76269 560
76270 322
76271 591
76272 878
76273 496
76274 596
76275 655
76276 63
76277 373
76278 14
76279 429
76280 885
76281 649
76282 1155
76283 129
76284 1011
76285 328
76286 1071
76287 855
76288 444
76289 177
76290 270
76291 740
76292 1052
76293 669
76294 74
76295 412
76296 693
76297 88
76298 895
76299 481
76300 1054
76301 951
76302 1018
76303 105
76304 283
76305 21
76306 422
76307 571
76308 373
76309 26
76310 622
76311 688
76312 173
76313 652
76314 1038
76315 1030
76316 571
76317 79
76318 225
76319 729
76320 1169
76321 977
76322 506
76323 47
76324 799
76325 752
76326 458
76327 1116
76328 0
76329 810
76330 32
76331 310
76332 1032
76333 490
76334 996
76335 0
76336 935
76337 861
76338 1150
76339 192
76340 817
76341 837
76342 140
76343 285
76344 74
76345 880
76346 672
76347 315
76348 1172
76349 395
76350 124
76351 436
76352 351
76353 76
76354 949
76355 8
76356 314
76357 710
76358 531
76359 573
76360 32
76361 948
76362 812
76363 43
76364 819
76365 467
76366 801
76367 475
76368 343
76369 604
76370 377
76371 489
76372 471
76373 723
76374 653
76375 673
76376 528
76377 36
76378 1088
76379 382
76380 168
76381 26
76382 388
76383 127
76384 821
76385 992
76386 860
76387 450
76388 1119
76389 195
76390 739
76391 242
76392 42
76393 288
76394 653
76395 565
76396 1032
76397 710
76398 25
76399 676
76400 511
76401 583
76402 107
76403 431
76404 504
76405 47
76406 471
76407 1141
76408 186
76409 388
76410 918
76411 219
76412 146
76413 304
76414 804
76415 1158
76416 1110
76417 814
76418 523
76419 1115
76420 1155
76421 705
76422 892
76423 1105
76424 153
76425 30
76426 865
76427 198
76428 1113
76429 783
76430 314
76431 353
76432 329
76433 1057
76434 847
76435 1104
76436 1036
76437 360
76438 822
76439 538
76440 628
76441 1162
76442 65
76443 543
76444 214
76445 1026
76446 1020
76447 390
76448 627
76449 76
76450 615
76451 165
76452 1148
76453 456
76454 150
76455 207
76456 485
76457 1127
76458 769
76459 291
76460 1045
76461 713
76462 0
76463 799
76464 428
76465 412
76466 836
76467 88
76468 490
76469 249
76470 101
76471 503
76472 192
76473 54
76474 713
76475 453
76476 122
76477 865
76478 862
76479 1150
76480 619
76481 151
76482 270
76483 41
76484 287
76485 117
76486 793
76487 734
76488 562
76489 708
76490 405
76491 576
76492 701
76493 160
76494 163
76495 248
76496 987
76497 688
76498 538
76499 270
76500 561
76501 263
76502 593
76503 543
76504 175
76505 1001
76506 337
76507 1067
76508 927
76509 204
76510 551
76511 150
76512 79
76513 1067
76514 871
76515 97
76516 667
76517 123
76518 323
76519 935
76520 1020
76521 265
76522 760
76523 780
76524 966
76525 34
76526 501
76527 657
76528 713
76529 993
76530 1023
76531 1101
76532 1069
76533 802
76534 409
76535 1107
76536 636
76537 1135
76538 1008
76539 826
76540 1053
76541 808
76542 568
76543 300
76544 131
76545 271
76546 805
76547 891
76548 617
76549 1014
76550 965
76551 249
76552 577
76553 351
76554 375
76555 71
76556 417
76557 498
76558 821
76559 542
76560 795
76561 852
76562 458
76563 969
76564 512
76565 762
76566 23
76567 977
76568 962
76569 241
76570 440
76571 806
76572 38
76573 769
76574 788
76575 54
76576 251
76577 730
76578 245
76579 204
76580 881
76581 899
76582 237
76583 349
76584 556
76585 970
76586 965
76587 273
76588 40
76589 1054
76590 196
76591 1014
76592 920
76593 1148
76594 1043
76595 526
76596 156
76597 479
76598 706
76599 1100
76600 589
76601 332
76602 321
76603 926
76604 583
76605 742
76606 855
76607 613
76608 150
76609 457
76610 292
76611 1012
76612 722
76613 423
76614 420
76615 420
76616 598
76617 951
76618 844
76619 895
76620 340
76621 99
76622 742
76623 809
76624 933
76625 657
76626 428
76627 590
76628 893
76629 513
76630 1051
76631 894
76632 675
76633 889
76634 985
76635 728
76636 170
76637 338
76638 66
76639 871
76640 552
76641 193
76642 176
76643 387
76644 262
76645 72
76646 947
76647 491
76648 1152
76649 182
76650 527
76651 926
76652 675
76653 193
76654 26
76655 874
76656 278
76657 428
76658 52
76659 61
76660 582
76661 217
76662 797
76663 640
76664 303
76665 280
76666 70
76667 740
76668 866
76669 836
76670 377
76671 231
76672 799
76673 639
76674 606
76675 16
76676 470
76677 807
76678 517
76679 796
76680 363
76681 953
76682 699
76683 444
76684 50
76685 370
76686 253
76687 1113
76688 325
76689 79
76690 658
76691 1013
76692 451
76693 490
76694 178
76695 551
76696 644
76697 260
76698 143
76699 1046
76700 480
76701 129
76702 752
76703 930
76704 738
76705 657
76706 805
76707 141
76708 1070
76709 876
76710 595
76711 643
76712 907
76713 848
76714 919
76715 299
76716 1135
76717 339
76718 231
76719 557
76720 874
76721 276
76722 1089
76723 841
76724 1008
76725 52
76726 168
76727 1100
76728 146
76729 630
76730 1119
76731 569
76732 148
76733 316
76734 877
76735 544
76736 678
76737 1068
76738 419
76739 312
76740 692
76741 445
76742 886
76743 430
76744 1027
76745 295
76746 833
76747 623
76748 131
76749 302
76750 1057
76751 571
76752 659
76753 990
76754 249
76755 638
76756 1115
76757 60
76758 55
76759 237
76760 825
76761 101
76762 805
76763 144
76764 699
76765 1131
76766 734
76767 420
76768 964
76769 275
76770 1093
76771 393
76772 819
76773 1004
76774 446
76775 812
76776 1154
76777 94
76778 466
76779 876
76780 194
76781 824
76782 1110
76783 470
76784 246
76785 29
76786 1052
76787 49
76788 310
76789 72
76790 416
76791 934
76792 667
76793 311
76794 2
76795 929
76796 868
76797 711
76798 118
76799 1141
76800 126
76801 336
76802 611
76803 970
76804 232
76805 229
76806 317
76807 72
76808 93
76809 144
76810 951
76811 5
76812 491
76813 856
76814 231
76815 574
76816 797
76817 555
76818 193
76819 648
76820 344
76821 83
76822 90
76823 395
76824 161
76825 5
76826 659
76827 461
76828 314
76829 1139
76830 451
76831 963
76832 35
76833 874
76834 324
76835 917
76836 845
76837 252
76838 526
76839 50
76840 249
76841 1095
76842 170
76843 852
76844 117
76845 1154
76846 787
76847 120
76848 891
76849 235
76850 896
76851 427
76852 968
76853 644
76854 812
76855 4
76856 568
76857 928
76858 386
76859 329
76860 204
76861 979
76862 477
76863 247
76864 89
76865 98
76866 28
76867 949
76868 546
76869 47
76870 452
76871 884
76872 923
76873 35
76874 406
76875 865
76876 1001
76877 867
76878 29
76879 867
76880 44
76881 722
76882 543
76883 1139
76884 168
76885 657
76886 381
76887 152
76888 739
76889 519
76890 295
76891 849
76892 149
76893 875
76894 785
76895 931
76896 484
76897 1139
76898 988
76899 661
76900 288
76901 809
76902 430
76903 713
76904 246
76905 1005
76906 893
76907 242
76908 198
76909 908
76910 1114
76911 118
76912 397
76913 263
76914 223
76915 633
76916 1032
76917 1119
76918 264
76919 919
76920 255
76921 306
76922 1014
76923 605
76924 372
76925 532
76926 328
76927 798
76928 218
76929 599
76930 311
76931 685
76932 696
76933 376
76934 774
76935 452
76936 322
76937 695
76938 620
76939 946
76940 567
76941 930
76942 164
76943 867
76944 26
76945 1081
76946 985
76947 88
76948 29
76949 681
76950 276
76951 809
76952 120
76953 321
76954 602
76955 967
76956 72
76957 540
76958 617
76959 93
76960 274
76961 390
76962 793
76963 875
76964 607
76965 474
76966 504
76967 727
76968 1016
76969 508
76970 71
76971 1113
76972 951
76973 154
76974 859
76975 80
76976 540
76977 43
76978 350
76979 1
76980 669
76981 739
76982 797
76983 762
76984 392
76985 812
76986 240
76987 448
76988 188
76989 838
76990 545
76991 273
76992 974
76993 79
76994 525
76995 983
76996 710
76997 54
76998 1080
76999 798
77000 88
77001 453
77002 725
77003 753
77004 891
77005 803
77006 4
77007 601
77008 962
77009 538
77010 1089
77011 773
77012 1060
77013 801
77014 941
77015 791
77016 1082
77017 319
77018 490
77019 1099
77020 906
77021 488
77022 638
77023 73
77024 1161
77025 446
77026 702
77027 1103
77028 706
77029 591
77030 885
77031 305
77032 1032
77033 921
77034 650
77035 254
77036 617
77037 325
77038 578
77039 26
77040 644
77041 844
77042 254
77043 454
77044 914
77045 752
77046 766
77047 16
77048 1043
77049 827
77050 86
77051 1112
77052 1152
77053 270
77054 263
77055 1097
77056 881
77057 846
77058 110
77059 153
77060 882
77061 593
77062 1166
77063 1119
77064 1107
77065 1098
77066 647
77067 343
77068 601
77069 614
77070 819
77071 413
77072 496
77073 306
77074 598
77075 832
77076 1118
77077 584
77078 112
77079 428
77080 369
77081 55
77082 14
77083 1131
77084 804
77085 640
77086 300
77087 337
77088 821
77089 255
77090 556
77091 695
77092 392
77093 710
77094 210
77095 565
77096 680
77097 24
77098 427
77099 766
77100 206
77101 216
77102 475
77103 834
77104 688
77105 888
77106 53
77107 1015
77108 1036
77109 698
77110 310
77111 1150
77112 1117
77113 1044
77114 543
77115 742
77116 1043
77117 474
77118 1116
77119 311
77120 971
77121 762
77122 295
77123 1127
77124 733
77125 560
77126 512
77127 151
77128 73
77129 1021
77130 732
77131 21
77132 670
77133 34
77134 220
77135 121
77136 163
77137 396
77138 766
77139 722
77140 345
77141 229
77142 209
77143 1106
77144 941
77145 739
77146 703
77147 399
77148 995
77149 1067
77150 681
77151 648
77152 70
77153 786
77154 109
77155 761
77156 1051
77157 1025
77158 462
77159 981
77160 996
77161 901
77162 914
77163 177
77164 20
77165 31
77166 164
77167 1004
77168 140
77169 1142
77170 438
77171 891
77172 204
77173 306
77174 458
77175 748
77176 371
77177 1158
77178 267
77179 356
77180 84
77181 188
77182 738
77183 553
77184 301
77185 160
77186 819
77187 682
77188 1060
77189 890
77190 681
77191 16
77192 810
77193 765
77194 354
77195 900
77196 1112
77197 1125
77198 527
77199 1172
77200 43
77201 1108
77202 92
77203 1023
77204 960
77205 978
77206 884
77207 733
77208 227
77209 5
77210 777
77211 474
77212 769
77213 146
77214 19
77215 814
77216 1028
77217 778
77218 555
77219 396
77220 401
77221 383
77222 73
77223 428
77224 100
77225 382
77226 686
77227 481
77228 4
77229 473
77230 369
77231 775
77232 547
77233 229
77234 75
77235 569
77236 846
77237 450
77238 0
77239 5
77240 926
77241 609
77242 455
77243 863
77244 1005
77245 648
77246 1090
77247 8
77248 872
77249 243
77250 978
77251 242
77252 440
77253 1114
77254 1065
77255 994
77256 1110
77257 118
77258 521
77259 661
77260 616
77261 575
77262 245
77263 570
77264 238
77265 716
77266 493
77267 362
77268 930
77269 260
77270 1003
77271 116
77272 437
77273 9
77274 61
77275 828
77276 316
77277 754
77278 348
77279 1083
77280 196
77281 388
77282 560
77283 862
77284 914
77285 260
77286 293
77287 722
77288 420
77289 906
77290 474
77291 590
77292 444
77293 876
77294 389
77295 1160
77296 937
77297 316
77298 411
77299 153
77300 1009
77301 813
77302 571
77303 390
77304 599
77305 223
77306 807
77307 464
77308 73
77309 398
77310 511
77311 1110
77312 588
77313 882
77314 269
77315 997
77316 1061
77317 1135
77318 342
77319 943
77320 969
77321 343
77322 529
77323 801
77324 832
77325 944
77326 104
77327 1076
77328 121
77329 226
77330 966
77331 550
77332 219
77333 1079
77334 864
77335 805
77336 195
77337 875
77338 832
77339 207
77340 1150
77341 864
77342 517
77343 693
77344 1030
77345 537
77346 1076
77347 279
77348 1026
77349 668
77350 385
77351 931
77352 492
77353 670
77354 99
77355 1052
77356 278
77357 797
77358 800
77359 490
77360 340
77361 1002
77362 286
77363 1068
77364 854
77365 534
77366 176
77367 844
77368 137
77369 1123
77370 52
77371 1102
77372 949
77373 522
77374 958
77375 241
77376 791
77377 912
77378 445
77379 441
77380 189
77381 178
77382 1020
77383 0
77384 1093
77385 266
77386 83
77387 986
77388 408
77389 965
77390 791
77391 722
77392 189
77393 487
77394 686
77395 6
77396 890
77397 223
77398 552
77399 449
77400 1038
77401 83
77402 205
77403 74
77404 1057
77405 111
77406 540
77407 640
77408 915
77409 633
77410 589
77411 786
77412 1157
77413 132
77414 597
77415 982
77416 3
77417 1139
77418 971
77419 251
77420 424
77421 563
77422 10
77423 400
77424 44
77425 608
77426 68
77427 909
77428 965
77429 650
77430 727
77431 994
77432 281
77433 352
77434 519
77435 109
77436 617
77437 933
77438 299
77439 244
77440 5
77441 736
77442 432
77443 628
77444 980
77445 1167
77446 445
77447 682
77448 906
77449 1155
77450 716
77451 661
77452 727
77453 517
77454 97
77455 720
77456 909
77457 41
77458 642
77459 199
77460 549
77461 1079
77462 917
77463 670
77464 444
77465 993
77466 975
77467 507
77468 660
77469 491
77470 833
77471 1039
77472 295
77473 595
77474 946
77475 387
77476 237
77477 208
77478 1080
77479 441
77480 398
77481 16
77482 749
77483 1080
77484 197
77485 116
77486 1022
77487 251
77488 673
77489 444
77490 1161
77491 1113
77492 844
77493 1094
77494 1009
77495 1109
77496 1002
77497 170
77498 694
77499 541
77500 42
77501 797
77502 467
77503 20
77504 270
77505 668
77506 137
77507 891
77508 277
77509 908
77510 620
77511 115
77512 733
77513 865
77514 1026
77515 478
77516 458
77517 937
77518 577
77519 607
77520 252
77521 214
77522 163
77523 994
77524 888
77525 895
77526 300
77527 472
77528 406
77529 619
77530 950
77531 761
77532 307
77533 162
77534 945
77535 1039
77536 17
77537 381
77538 715
77539 838
77540 73
77541 706
77542 174
77543 919
77544 1039
77545 496
77546 762
77547 1005
77548 295
77549 58
77550 431
77551 238
77552 292
77553 865
77554 1109
77555 615
77556 281
77557 407
77558 86
77559 639
77560 460
77561 542
77562 15
77563 174
77564 775
77565 940
77566 774
77567 57
77568 705
77569 163
77570 127
77571 1088
77572 734
77573 546
77574 743
77575 573
77576 1143
77577 579
77578 838
77579 445
77580 129
77581 739
77582 426
77583 514
77584 535
77585 409
77586 492
77587 645
77588 61
77589 453
77590 174
77591 1141
77592 1089
77593 33
77594 467
77595 1135
77596 576
77597 955
77598 912
77599 806
77600 9
77601 106
77602 5
77603 435
77604 67
77605 705
77606 553
77607 635
77608 996
77609 451
77610 307
77611 531
77612 1066
77613 1057
77614 459
77615 92
77616 327
77617 1040
77618 420
77619 902
77620 229
77621 412
77622 593
77623 49
77624 1066
77625 1122
77626 690
77627 108
77628 781
77629 1046
77630 849
77631 1007
77632 924
77633 1084
77634 821
77635 679
77636 842
77637 854
77638 723
77639 1020
77640 652
77641 684
77642 1037
77643 616
77644 792
77645 1048
77646 236
77647 742
77648 987
77649 454
77650 381
77651 482
77652 88
77653 470
77654 922
77655 351
77656 938
77657 129
77658 1159
77659 502
77660 266
77661 509
77662 69
77663 713
77664 334
77665 1011
77666 239
77667 248
77668 558
77669 293
77670 983
77671 809
77672 583
77673 221
77674 695
77675 57
77676 615
77677 719
77678 781
77679 705
77680 318
77681 34
77682 456
77683 906
77684 325
77685 379
77686 915
77687 309
77688 710
77689 322
77690 57
77691 45
77692 426
77693 260
77694 297
77695 577
77696 944
77697 140
77698 1084
77699 981
77700 1118
77701 185
77702 891
77703 645
77704 158
77705 314
77706 393
77707 855
77708 218
77709 268
77710 1146
77711 803
77712 49
77713 24
77714 278
77715 617
77716 323
77717 590
77718 111
77719 913
77720 1084
77721 142
77722 295
77723 1134
77724 867
77725 1074
77726 260
77727 850
77728 409
77729 709
77730 942
77731 747
77732 624
77733 996
77734 161
77735 283
77736 1051
77737 793
77738 967
77739 1038
77740 531
77741 700
77742 310
77743 797
77744 228
77745 643
77746 744
77747 1072
77748 380
77749 482
77750 467
77751 96
77752 286
77753 1035
77754 59
77755 553
77756 529
77757 710
77758 650
77759 665
77760 487
77761 620
77762 573
77763 884
77764 987
77765 696
77766 1141
77767 749
77768 616
77769 371
77770 58
77771 853
77772 375
77773 1122
77774 197
77775 454
77776 606
77777 589
77778 602
77779 615
77780 388
77781 426
77782 406
77783 972
77784 1077
77785 298
77786 1
77787 882
77788 866
77789 458
77790 721
77791 67
77792 344
77793 728
77794 741
77795 531
77796 558
77797 174
77798 246
77799 1168
77800 64
77801 804
77802 1085
77803 770
77804 199
77805 607
77806 1126
77807 406
77808 800
77809 194
77810 1152
77811 215
77812 673
77813 455
77814 1046
77815 179
77816 392
77817 529
77818 937
77819 747
77820 955
77821 768
77822 387
77823 398
77824 469
77825 312
77826 1155
77827 960
77828 567
77829 1057
77830 417
77831 1149
77832 613
77833 994
77834 483
77835 294
77836 658
77837 316
77838 1102
77839 1031
77840 974
77841 24
77842 213
77843 951
77844 480
77845 312
77846 1104
77847 29
77848 764
77849 725
77850 400
77851 220
77852 17
77853 842
77854 300
77855 741
77856 1076
77857 1010
77858 129
77859 1055
77860 660
77861 492
77862 130
77863 157
77864 250
77865 112
77866 576
77867 1018
77868 716
77869 289
77870 1152
77871 528
77872 378
77873 319
77874 1008
77875 108
77876 202
77877 260
77878 975
77879 238
77880 204
77881 608
77882 198
77883 373
77884 1023
77885 261
77886 78
77887 350
77888 505
77889 132
77890 1030
77891 255
77892 899
77893 659
77894 138
77895 697
77896 1043
77897 510
77898 810
77899 229
77900 459
77901 700
77902 554
77903 1119
77904 1124
77905 693
77906 1138
77907 1150
77908 37
77909 1037
77910 716
77911 819
77912 314
77913 544
77914 554
77915 395
77916 1035
77917 856
77918 752
77919 581
77920 201
77921 939
77922 423
77923 1073
77924 435
77925 659
77926 819
77927 1140
77928 680
77929 1075
77930 430
77931 19
77932 505
77933 624
77934 44
77935 583
77936 343
77937 682
77938 693
77939 927
77940 328
77941 382
77942 78
77943 430
77944 650
77945 903
77946 47
77947 479
77948 516
77949 890
77950 204
77951 678
77952 72
77953 198
77954 718
77955 125
77956 847
77957 912
77958 110
77959 262
77960 1058
77961 435
77962 831
77963 156
77964 95
77965 762
77966 62
77967 1144
77968 85
77969 8
77970 558
77971 753
77972 938
77973 452
77974 258
77975 1037
77976 625
77977 945
77978 397
77979 948
77980 149
77981 435
77982 501
77983 548
77984 235
77985 1109
77986 63
77987 433
77988 1131
77989 752
77990 213
77991 871
77992 276
77993 585
77994 997
77995 503
77996 489
77997 472
77998 664
77999 364
78000 301
78001 502
78002 510
78003 514
78004 470
78005 1157
78006 399
78007 659
78008 716
78009 26
78010 89
78011 188
78012 828
78013 336
78014 177
78015 613
78016 200
78017 282
78018 646
78019 82
78020 308
78021 1033
78022 550
78023 842
78024 413
78025 93
78026 1037
78027 209
78028 101
78029 521
78030 332
78031 226
78032 1087
78033 684
78034 931
78035 641
78036 36
78037 276
78038 514
78039 500
78040 70
78041 1121
78042 1010
78043 308
78044 508
78045 836
78046 344
78047 368
78048 662
78049 579
78050 780
78051 1157
78052 471
78053 1096
78054 81
78055 876
78056 526
78057 345
78058 505
78059 110
78060 979
78061 818
78062 667
78063 706
78064 378
78065 112
78066 781
78067 901
78068 721
78069 205
78070 983
78071 192
78072 1080
78073 1038
78074 703
78075 519
78076 306
78077 181
78078 935
78079 59
78080 135
78081 1070
78082 114
78083 216
78084 948
78085 416
78086 1102
78087 566
78088 442
78089 298
78090 1013
78091 823
78092 391
78093 529
78094 442
78095 66
78096 585
78097 1094
78098 353
78099 156
78100 811
78101 24
78102 727
78103 463
78104 834
78105 0
78106 1000
78107 335
78108 755
78109 870
78110 853
78111 572
78112 228
78113 159
78114 1107
78115 242
78116 560
78117 931
78118 1043
78119 656
78120 705
78121 700
78122 161
78123 850
78124 917
78125 228
78126 39
78127 535
78128 738
78129 234
78130 1120
78131 779
78132 277
78133 1034
78134 362
78135 505
78136 130
78137 293
78138 792
78139 1058
78140 18
78141 503
78142 432
78143 682
78144 278
78145 952
78146 169
78147 278
78148 953
78149 554
78150 851
78151 277
78152 1084
78153 504
78154 1065
78155 591
78156 424
78157 864
78158 1066
78159 7
78160 399
78161 233
78162 1059
78163 435
78164 908
78165 837
78166 884
78167 141
78168 1039
78169 1091
78170 1035
78171 408
78172 6
78173 1133
78174 668
78175 993
78176 727
78177 981
78178 1080
78179 766
78180 1061
78181 1000
78182 250
78183 502
78184 326
78185 603
78186 1137
78187 847
78188 469
78189 864
78190 748
78191 677
78192 142
78193 181
78194 24
78195 950
78196 605
78197 148
78198 433
78199 1006
78200 803
78201 149
78202 132
78203 897
78204 1057
78205 363
78206 57
78207 633
78208 873
78209 1009
78210 229
78211 1117
78212 669
78213 1028
78214 1024
78215 786
78216 405
78217 51
78218 655
78219 551
78220 639
78221 904
78222 1079
78223 167
78224 706
78225 71
78226 696
78227 1086
78228 789
78229 165
78230 1061
78231 340
78232 377
78233 375
78234 519
78235 127
78236 154
78237 743
78238 155
78239 799
78240 950
78241 490
78242 217
78243 1035
78244 960
78245 804
78246 1140
78247 630
78248 269
78249 269
78250 630
78251 257
78252 429
78253 426
78254 520
78255 267
78256 1071
78257 885
78258 259
78259 215
78260 313
78261 570
78262 482
78263 561
78264 757
78265 647
78266 110
78267 452
78268 1099
78269 659
78270 403
78271 89
78272 12
78273 522
78274 536
78275 149
78276 684
78277 952
78278 511
78279 707
78280 1085
78281 995
78282 440
78283 854
78284 83
78285 224
78286 758
78287 658
78288 244
78289 937
78290 1128
78291 586
78292 156
78293 259
78294 282
78295 532
78296 693
78297 256
78298 1141
78299 633
78300 1158
78301 487
78302 605
78303 47
78304 835
78305 679
78306 338
78307 1125
78308 238
78309 1088
78310 836
78311 460
78312 210
78313 130
78314 553
78315 620
78316 116
78317 804
78318 795
78319 767
78320 700
78321 854
78322 1146
78323 935
78324 621
78325 791
78326 568
78327 336
78328 14
78329 353
78330 1027
78331 1147
78332 304
78333 138
78334 841
78335 1070
78336 721
78337 1100
78338 483
78339 21
78340 941
78341 987
78342 32
78343 108
78344 1092
78345 544
78346 966
78347 232
78348 125
78349 787
78350 1085
78351 588
78352 558
78353 966
78354 712
78355 95
78356 836
78357 1041
78358 957
78359 67
78360 165
78361 757
78362 1138
78363 560
78364 229
78365 721
78366 766
78367 1154
78368 59
78369 712
78370 204
78371 673
78372 706
78373 305
78374 912
78375 389
78376 997
78377 344
78378 568
78379 142
78380 614
78381 564
78382 183
78383 1062
78384 905
78385 214
78386 294
78387 806
78388 735
78389 267
78390 470
78391 835
78392 430
78393 913
78394 46
78395 608
78396 641
78397 595
78398 36
78399 1029
78400 518
78401 657
78402 737
78403 292
78404 55
78405 701
78406 551
78407 212
78408 40
78409 1056
78410 888
78411 339
78412 52
78413 146
78414 768
78415 2
78416 55
78417 588
78418 704
78419 35
78420 323
78421 977
78422 495
78423 1067
78424 922
78425 441
78426 999
78427 381
78428 378
78429 488
78430 602
78431 427
78432 902
78433 33
78434 569
78435 832
78436 29
78437 587
78438 571
78439 852
78440 743
78441 89
78442 905
78443 1079
78444 1057
78445 188
78446 728
78447 910
78448 637
78449 1005
78450 350
78451 158
78452 858
78453 793
78454 592
78455 59
78456 287
78457 432
78458 985
78459 354
78460 88
78461 488
78462 1137
78463 1010
78464 832
78465 762
78466 1124
78467 1009
78468 1076
78469 757
78470 203
78471 135
78472 484
78473 414
78474 235
78475 222
78476 1010
78477 1069
78478 278
78479 692
78480 50
78481 307
78482 85
78483 448
78484 602
78485 1089
78486 705
78487 148
78488 925
78489 719
78490 171
78491 784
78492 973
78493 573
78494 316
78495 400
78496 209
78497 615
78498 1035
78499 1081
78500 613
78501 126
78502 273
78503 579
78504 1099
78505 329
78506 588
78507 868
78508 136
78509 230
78510 678
78511 138
78512 983
78513 539
78514 871
78515 311
78516 864
78517 185
78518 893
78519 575
78520 1068
78521 955
78522 482
78523 97
78524 681
78525 440
78526 275
78527 394
78528 218
78529 1
78530 448
78531 426
78532 1078
78533 276
78534 31
78535 549
78536 33
78537 258
78538 989
78539 394
78540 877
78541 368
78542 773
78543 735
78544 1118
78545 727
78546 637
78547 44
78548 994
78549 535
78550 106
78551 135
78552 699
78553 934
78554 255
78555 956
78556 231
78557 837
78558 788
78559 448
78560 936
78561 630
78562 864
78563 486
78564 243
78565 546
78566 647
78567 721
78568 803
78569 44
78570 41
78571 562
78572 439
78573 180
78574 922
78575 515
78576 1122
78577 717
78578 1104
78579 1059
78580 34
78581 1159
78582 563
78583 488
78584 1058
78585 295
78586 1030
78587 253
78588 526
78589 697
78590 817
78591 346
78592 305
78593 1013
78594 237
78595 873
78596 720
78597 1135
78598 534
78599 476
78600 60
78601 489
78602 564
78603 929
78604 869
78605 307
78606 804
78607 1170
78608 594
78609 615
78610 266
78611 66
78612 1156
78613 134
78614 737
78615 294
78616 665
78617 1070
78618 608
78619 877
78620 152
78621 918
78622 209
78623 476
78624 386
78625 283
78626 19
78627 200
78628 486
78629 763
78630 972
78631 93
78632 242
78633 233
78634 1064
78635 164
78636 1099
78637 5
78638 232
78639 638
78640 673
78641 397
78642 33
78643 1021
78644 294
78645 46
78646 81
78647 397
78648 847
78649 928
78650 383
78651 958
78652 377
78653 829
78654 389
78655 1062
78656 1148
78657 406
78658 849
78659 344
78660 809
78661 774
78662 1148
78663 827
78664 46
78665 901
78666 140
78667 1120
78668 533
78669 1005
78670 534
78671 930
78672 156
78673 1099
78674 112
78675 479
78676 246
78677 1006
78678 57
78679 1090
78680 845
78681 1087
78682 472
78683 1137
78684 842
78685 1084
78686 904
78687 311
78688 421
78689 200
78690 910
78691 428
78692 93
78693 187
78694 729
78695 406
78696 576
78697 246
78698 291
78699 261
78700 755
78701 1048
78702 79
78703 1079
78704 0
78705 496
78706 901
78707 651
78708 908
78709 78
78710 860
78711 12
78712 1017
78713 169
78714 128
78715 60
78716 885
78717 733
78718 541
78719 508
78720 391
78721 885
78722 7
78723 539
78724 1077
78725 63
78726 553
78727 985
78728 259
78729 90
78730 176
78731 373
78732 20
78733 579
78734 718
78735 739
78736 166
78737 1
78738 391
78739 746
78740 531
78741 304
78742 596
78743 509
78744 116
78745 699
78746 624
78747 708
78748 56
78749 543
78750 137
78751 736
78752 753
78753 1031
78754 242
78755 722
78756 492
78757 996
78758 238
78759 801
78760 66
78761 896
78762 340
78763 40
78764 575
78765 742
78766 24
78767 136
78768 795
78769 1065
78770 512
78771 70
78772 24
78773 1051
78774 900
78775 615
78776 343
78777 1008
78778 958
78779 306
78780 301
78781 138
78782 368
78783 614
78784 195
78785 785
78786 1153
78787 843
78788 167
78789 1098
78790 738
78791 664
78792 1137
78793 284
78794 824
78795 439
78796 928
78797 608
78798 579
78799 1099
78800 249
78801 614
78802 666
78803 830
78804 304
78805 93
78806 407
78807 1018
78808 6
78809 928
78810 11
78811 356
78812 249
78813 0
78814 224
78815 734
78816 545
78817 1052
78818 248
78819 423
78820 1148
78821 820
78822 101
78823 1167
78824 657
78825 134
78826 462
78827 486
78828 146
78829 693
78830 934
78831 551
78832 609
78833 4
78834 566
78835 471
78836 618
78837 614
78838 1149
78839 524
78840 795
78841 866
78842 563
78843 1103
78844 937
78845 885
78846 901
78847 897
78848 421
78849 187
78850 702
78851 420
78852 152
78853 174
78854 236
78855 473
78856 592
78857 788
78858 333
78859 891
78860 780
78861 302
78862 1131
78863 464
78864 424
78865 29
78866 534
78867 466
78868 109
78869 362
78870 85
78871 932
78872 585
78873 743
78874 135
78875 699
78876 530
78877 92
78878 584
78879 70
78880 574
78881 518
78882 980
78883 882
78884 132
78885 1108
78886 357
78887 1017
78888 317
78889 29
78890 965
78891 43
78892 13
78893 13
78894 527
78895 259
78896 341
78897 608
78898 1050
78899 803
78900 626
78901 224
78902 598
78903 1103
78904 180
78905 548
78906 1111
78907 217
78908 101
78909 362
78910 300
78911 166
78912 471
78913 807
78914 79
78915 445
78916 28
78917 616
78918 104
78919 69
78920 674
78921 604
78922 777
78923 1129
78924 759
78925 773
78926 212
78927 1041
78928 3
78929 214
78930 1076
78931 1077
78932 485
78933 192
78934 636
78935 457
78936 753
78937 796
78938 1025
78939 1030
78940 1124
78941 1003
78942 3
78943 895
78944 648
78945 1150
78946 50
78947 1005
78948 773
78949 270
78950 752
78951 168
78952 607
78953 311
78954 569
78955 918
78956 71
78957 490
78958 355
78959 394
78960 631
78961 459
78962 281
78963 222
78964 299
78965 1036
78966 1014
78967 96
78968 242
78969 14
78970 307
78971 461
78972 918
78973 147
78974 455
78975 776
78976 181
78977 1023
78978 685
78979 241
78980 243
78981 497
78982 978
78983 896
78984 828
78985 83
78986 74
78987 570
78988 680
78989 336
78990 350
78991 1093
78992 608
78993 304
78994 679
78995 623
78996 67
78997 658
78998 727
78999 337
79000 1120
79001 701
79002 279
79003 262
79004 215
79005 1005
79006 549
79007 4
79008 621
79009 1071
79010 310
79011 613
79012 663
79013 386
79014 949
79015 408
79016 1135
79017 188
79018 1129
79019 1077
79020 1032
79021 579
79022 71
79023 642
79024 1125
79025 343
79026 710
79027 558
79028 1150
79029 762
79030 410
79031 700
79032 788
79033 1085
79034 902
79035 667
79036 116
79037 156
79038 516
79039 147
79040 860
79041 544
79042 411
79043 384
79044 314
79045 514
79046 918
79047 532
79048 1100
79049 1099
79050 509
79051 235
79052 480
79053 224
79054 106
79055 380
79056 411
79057 713
79058 522
79059 389
79060 145
79061 304
79062 150
79063 82
79064 443
79065 723
79066 1064
79067 331
79068 142
79069 1012
79070 758
79071 1107
79072 314
79073 1034
79074 549
79075 1081
79076 1034
79077 1060
79078 315
79079 202
79080 167
79081 453
79082 961
79083 968
79084 109
79085 415
79086 27
79087 297
79088 185
79089 1166
79090 424
79091 727
79092 827
79093 880
79094 1076
79095 948
79096 924
79097 496
79098 474
79099 863
79100 229
79101 320
79102 162
79103 18
79104 185
79105 813
79106 39
79107 1037
79108 923
79109 186
79110 742
79111 569
79112 944
79113 794
79114 257
79115 218
79116 390
79117 717
79118 254
79119 521
79120 789
79121 619
79122 69
79123 529
79124 712
79125 977
79126 686
79127 492
79128 589
79129 1048
79130 895
79131 21
79132 146
79133 864
79134 554
79135 245
79136 370
79137 214
79138 1105
79139 94
79140 522
79141 834
79142 805
79143 361
79144 220
79145 89
79146 1166
79147 61
79148 535
79149 590
79150 444
79151 444
79152 1086
79153 379
79154 112
79155 862
79156 314
79157 208
79158 845
79159 445
79160 243
79161 308
79162 379
79163 313
79164 866
79165 1046
79166 891
79167 499
79168 203
79169 578
79170 29
79171 965
79172 418
79173 781
79174 1064
79175 748
79176 327
79177 194
79178 462
79179 1116
79180 757
79181 658
79182 1128
79183 317
79184 866
79185 564
79186 63
79187 384
79188 974
79189 153
79190 782
79191 273
79192 220
79193 1110
79194 36
79195 981
79196 135
79197 813
79198 94
79199 1006
79200 114
79201 1054
79202 473
79203 774
79204 41
79205 610
79206 684
79207 415
79208 1052
79209 895
79210 201
79211 930
79212 826
79213 1009
79214 267
79215 916
79216 748
79217 760
79218 527
79219 918
79220 649
79221 324
79222 399
79223 623
79224 59
79225 882
79226 508
79227 925
79228 235
79229 1004
79230 459
79231 63
79232 15
79233 752
79234 816
79235 466
79236 395
79237 489
79238 279
79239 707
79240 368
79241 216
79242 170
79243 646
79244 888
79245 212
79246 189
79247 688
79248 68
79249 300
79250 491
79251 715
79252 1069
79253 681
79254 90
79255 823
79256 423
79257 909
79258 247
79259 981
79260 753
79261 378
79262 1136
79263 832
79264 736
79265 749
79266 535
79267 151
79268 1081
79269 709
79270 501
79271 843
79272 1145
79273 589
79274 213
79275 73
79276 182
79277 644
79278 716
79279 286
79280 906
79281 1037
79282 531
79283 139
79284 155
79285 1004
79286 927
79287 29
79288 372
79289 898
79290 434
79291 54
79292 130
79293 691
79294 39
79295 368
79296 574
79297 68
79298 398
79299 197
79300 232
79301 56
79302 224
79303 525
79304 802
79305 654
79306 172
79307 1053
79308 689
79309 684
79310 112
79311 747
79312 30
79313 822
79314 1072
79315 543
79316 1135
79317 514
79318 578
79319 415
79320 1117
79321 891
79322 790
79323 13
79324 955
79325 583
79326 714
79327 292
79328 864
79329 414
79330 627
79331 525
79332 341
79333 1170
79334 923
79335 937
79336 772
79337 805
79338 803
79339 395
79340 70
79341 121
79342 537
79343 535
79344 268
79345 823
79346 963
79347 23
79348 923
79349 1129
79350 157
79351 1068
79352 406
79353 309
79354 359
79355 1015
79356 98
79357 138
79358 942
79359 1131
79360 438
79361 849
79362 323
79363 388
79364 482
79365 1033
79366 410
79367 256
79368 9
79369 506
79370 989
79371 834
79372 433
79373 337
79374 557
79375 360
79376 225
79377 105
79378 51
79379 738
79380 364
79381 885
79382 281
79383 160
79384 327
79385 1115
79386 230
79387 321
79388 838
79389 448
79390 186
79391 1142
79392 821
79393 633
79394 107
79395 142
79396 327
79397 1093
79398 23
79399 940
79400 889
79401 469
79402 400
79403 817
79404 383
79405 1097
79406 467
79407 512
79408 597
79409 318
79410 429
79411 600
79412 980
79413 927
79414 94
79415 151
79416 880
79417 645
79418 720
79419 401
79420 162
79421 853
79422 18
79423 881
79424 632
79425 432
79426 5
79427 596
79428 112
79429 955
79430 1033
79431 175
79432 1007
79433 123
79434 764
79435 1081
79436 538
79437 998
79438 586
79439 513
79440 157
79441 974
79442 961
79443 921
79444 205
79445 415
79446 282
79447 522
79448 64
79449 1110
79450 914
79451 8
79452 1160
79453 163
79454 590
79455 226
79456 146
79457 398
79458 959
79459 71
79460 885
79461 503
79462 880
79463 1126
79464 572
79465 392
79466 769
79467 1139
79468 229
79469 1049
79470 793
79471 989
79472 37
79473 898
79474 844
79475 930
79476 299
79477 393
79478 859
79479 730
79480 1020
79481 242
79482 1089
79483 1135
79484 675
79485 811
79486 141
79487 813
79488 980
79489 766
79490 502
79491 1011
79492 1132
79493 1029
79494 501
79495 287
79496 600
79497 886
79498 722
79499 984
79500 751
79501 775
79502 792
79503 724
79504 755
79505 1162
79506 981
79507 187
79508 1118
79509 254
79510 249
79511 741
79512 212
79513 614
79514 642
79515 1138
79516 103
79517 25
79518 199
79519 930
79520 52
79521 400
79522 1100
79523 964
79524 639
79525 383
79526 66
79527 886
79528 583
79529 926
79530 1003
79531 86
79532 260
79533 818
79534 369
79535 669
79536 855
79537 333
79538 1075
79539 937
79540 771
79541 922
79542 1121
79543 564
79544 520
79545 193
79546 314
79547 1166
79548 175
79549 672
79550 272
79551 429
79552 669
79553 292
79554 845
79555 564
79556 1038
79557 766
79558 95
79559 747
79560 382
79561 275
79562 729
79563 189
79564 1123
79565 107
79566 189
79567 980
79568 181
79569 341
79570 351
79571 722
79572 582
79573 537
79574 710
79575 156
79576 987
79577 947
79578 35
79579 432
79580 835
79581 672
79582 659
79583 322
79584 620
79585 128
79586 749
79587 334
79588 922
79589 416
79590 380
79591 939
79592 1010
79593 607
79594 357
79595 417
79596 784
79597 680
79598 799
79599 298
79600 505
79601 837
79602 214
79603 196
79604 139
79605 835
79606 221
79607 505
79608 988
79609 683
79610 1085
79611 462
79612 1088
79613 1096
79614 761
79615 75
79616 167
79617 737
79618 907
79619 368
79620 261
79621 141
79622 336
79623 702
79624 714
79625 673
79626 140
79627 1041
79628 690
79629 1100
79630 166
79631 61
79632 139
79633 25
79634 1017
79635 368
79636 1029
79637 932
79638 919
79639 320
79640 917
79641 88
79642 657
79643 837
79644 160
79645 26
79646 1009
79647 236
79648 907
79649 944
79650 1
79651 1074
79652 303
79653 848
79654 288
79655 304
79656 504
79657 1022
79658 947
79659 980
79660 5
79661 73
79662 753
79663 170
79664 255
79665 698
79666 550
79667 1109
79668 986
79669 341
79670 253
79671 60
79672 145
79673 937
79674 454
79675 469
79676 1071
79677 613
79678 850
79679 1105
79680 182
79681 265
79682 713
79683 628
79684 480
79685 1126
79686 1066
79687 681
79688 1061
79689 979
79690 768
79691 608
79692 986
79693 844
79694 46
79695 567
79696 803
79697 514
79698 974
79699 813
79700 338
79701 199
79702 657
79703 485
79704 470
79705 108
79706 684
79707 372
79708 861
79709 494
79710 346
79711 4
79712 334
79713 555
79714 1021
79715 225
79716 823
79717 982
79718 622
79719 516
79720 314
79721 167
79722 876
79723 513
79724 727
79725 893
79726 569
79727 99
79728 516
79729 616
79730 1051
79731 131
79732 44
79733 803
79734 259
79735 251
79736 540
79737 142
79738 672
79739 328
79740 597
79741 758
79742 221
79743 601
79744 1038
79745 445
79746 441
79747 443
79748 1109
79749 108
79750 857
79751 100
79752 97
79753 518
79754 574
79755 623
79756 1118
79757 303
79758 150
79759 387
79760 740
79761 85
79762 448
79763 216
79764 970
79765 641
79766 757
79767 229
79768 187
79769 416
79770 144
79771 1076
79772 753
79773 636
79774 791
79775 802
79776 381
79777 603
79778 496
79779 360
79780 423
79781 192
79782 571
79783 29
79784 329
79785 810
79786 445
79787 283
79788 405
79789 18
79790 372
79791 672
79792 953
79793 426
79794 180
79795 1151
79796 380
79797 65
79798 353
79799 521
79800 944
79801 970
79802 694
79803 1067
79804 1009
79805 902
79806 81
79807 685
79808 30
79809 487
79810 1047
79811 4
79812 261
79813 62
79814 691
79815 1010
79816 824
79817 659
79818 965
79819 359
79820 245
79821 688
79822 963
79823 929
79824 859
79825 430
79826 534
79827 352
79828 793
79829 542
79830 677
79831 160
79832 436
79833 781
79834 600
79835 199
79836 169
79837 1141
79838 414
79839 907
79840 1001
79841 68
79842 775
79843 528
79844 621
79845 1001
79846 23
79847 193
79848 1020
79849 639
79850 962
79851 781
79852 862
79853 228
79854 824
79855 1116
79856 281
79857 1013
79858 1029
79859 520
79860 277
79861 59
79862 782
79863 521
79864 54
79865 472
79866 753
79867 618
79868 1018
79869 836
79870 309
79871 408
79872 1115
79873 118
79874 1102
79875 40
79876 205
79877 1049
79878 993
79879 240
79880 945
79881 59
79882 343
79883 462
79884 564
79885 66
79886 521
79887 354
79888 138
79889 450
79890 1030
79891 522
79892 666
79893 652
79894 1052
79895 864
79896 1112
79897 313
79898 1154
79899 77
79900 63
79901 414
79902 1039
79903 31
79904 740
79905 726
79906 589
79907 147
79908 194
79909 456
79910 1081
79911 1086
79912 637
79913 254
79914 204
79915 1011
79916 607
79917 1137
79918 106
79919 341
79920 319
79921 535
79922 290
79923 1015
79924 1059
79925 195
79926 425
79927 556
79928 265
79929 607
79930 774
79931 320
79932 306
79933 790
79934 954
79935 697
79936 113
79937 137
79938 1139
79939 1049
79940 401
79941 218
79942 948
79943 85
79944 14
79945 319
79946 720
79947 1108
79948 380
79949 920
79950 239
79951 353
79952 496
79953 681
79954 858
79955 1094
79956 587
79957 403
79958 722
79959 350
79960 188
79961 714
79962 86
79963 386
79964 653
79965 1022
79966 1152
79967 1097
79968 452
79969 334
79970 919
79971 259
79972 206
79973 740
79974 586
79975 578
79976 536
79977 415
79978 601
79979 1101
79980 890
79981 124
79982 836
79983 700
79984 392
79985 957
79986 898
79987 68
79988 4
79989 464
79990 1108
79991 255
79992 421
79993 567
79994 197
79995 248
79996 993
79997 435
79998 80
79999 833
80000 160
80001 590
80002 453
80003 531
80004 342
80005 762
80006 422
80007 776
80008 680
80009 1071
80010 485
80011 606
80012 968
80013 501
80014 793
80015 830
80016 213
80017 679
80018 339
80019 431
80020 927
80021 535
80022 706
80023 214
80024 929
80025 852
80026 321
80027 950
80028 316
80029 1132
80030 159
80031 107
80032 1022
80033 1101
80034 80
80035 154
80036 440
80037 870
80038 1035
80039 273
80040 1036
80041 241
80042 357
80043 974
80044 617
80045 749
80046 378
80047 308
80048 851
80049 302
80050 973
80051 646
80052 945
80053 1055
80054 583
80055 583
80056 779
80057 39
80058 953
80059 1051
80060 920
80061 745
80062 80
80063 375
80064 294
80065 72
80066 361
80067 699
80068 688
80069 317
80070 231
80071 1168
80072 10
80073 99
80074 209
80075 1062
80076 846
80077 566
80078 864
80079 480
80080 50
80081 960
80082 637
80083 537
80084 353
80085 676
80086 826
80087 364
80088 361
80089 898
80090 681
80091 666
80092 112
80093 891
80094 967
80095 1073
80096 991
80097 340
80098 415
80099 1092
80100 948
80101 992
80102 462
80103 31
80104 491
80105 731
80106 384
80107 449
80108 818
80109 408
80110 704
80111 762
80112 910
80113 171
80114 908
80115 275
80116 752
80117 391
80118 1109
80119 919
80120 998
80121 448
80122 813
80123 31
80124 889
80125 1127
80126 447
80127 101
80128 362
80129 309
80130 886
80131 484
80132 966
80133 526
80134 340
80135 643
80136 691
80137 672
80138 992
80139 1141
80140 147
80141 665
80142 454
80143 550
80144 221
80145 187
80146 693
80147 809
80148 14
80149 746
80150 368
80151 394
80152 543
80153 903
80154 815
80155 888
80156 294
80157 611
80158 372
80159 335
80160 394
80161 65
80162 787
80163 711
80164 597
80165 320
80166 219
80167 1048
80168 485
80169 1166
80170 871
80171 845
80172 882
80173 446
80174 32
80175 226
80176 727
80177 903
80178 511
80179 548
80180 781
80181 40
80182 522
80183 783
80184 492
80185 904
80186 447
80187 423
80188 939
80189 490
80190 319
80191 138
80192 1089
80193 742
80194 1023
80195 972
80196 726
80197 1159
80198 15
80199 162
80200 1
80201 1068
80202 458
80203 76
80204 130
80205 823
80206 1026
80207 1149
80208 78
80209 728
80210 256
80211 1153
80212 436
80213 13
80214 604
80215 706
80216 319
80217 985
80218 644
80219 522
80220 75
80221 1102
80222 687
80223 411
80224 430
80225 693
80226 820
80227 857
80228 885
80229 1145
80230 843
80231 83
80232 48
80233 970
80234 50
80235 977
80236 881
80237 580
80238 1172
80239 159
80240 216
80241 801
80242 856
80243 742
80244 729
80245 462
80246 804
80247 1148
80248 131
80249 1067
80250 309
80251 160
80252 441
80253 1126
80254 836
80255 769
80256 123
80257 155
80258 716
80259 32
80260 311
80261 847
80262 152
80263 1123
80264 373
80265 868
80266 788
80267 333
80268 1131
80269 702
80270 851
80271 108
80272 537
80273 778
80274 906
80275 18
80276 650
80277 701
80278 601
80279 69
80280 1146
80281 1083
80282 297
80283 96
80284 355
80285 406
80286 518
80287 362
80288 582
80289 827
80290 1019
80291 515
80292 47
80293 678
80294 243
80295 519
80296 963
80297 434
80298 779
80299 411
80300 1100
80301 628
80302 1017
80303 848
80304 218
80305 292
80306 60
80307 875
80308 518
80309 142
80310 488
80311 189
80312 377
80313 30
80314 1145
80315 362
80316 7
80317 218
80318 471
80319 1064
80320 744
80321 261
80322 170
80323 395
80324 399
80325 708
80326 368
80327 652
80328 1081
80329 533
80330 774
80331 1021
80332 403
80333 693
80334 1095
80335 402
80336 1139
80337 1003
80338 89
80339 90
80340 462
80341 175
80342 204
80343 433
80344 362
80345 595
80346 471
80347 455
80348 684
80349 490
80350 427
80351 186
80352 253
80353 29
80354 472
80355 439
80356 774
80357 220
80358 544
80359 521
80360 387
80361 610
80362 968
80363 259
80364 699
80365 209
80366 22
80367 821
80368 82
80369 590
80370 864
80371 444
80372 886
80373 133
80374 874
80375 284
80376 1041
80377 104
80378 374
80379 764
80380 581
80381 981
80382 835
80383 818
80384 848
80385 320
80386 195
80387 651
80388 460
80389 206
80390 73
80391 1138
80392 870
80393 570
80394 438
80395 596
80396 1007
80397 742
80398 877
80399 780
80400 4
80401 41
80402 421
80403 254
80404 1130
80405 963
80406 214
80407 57
80408 1029
80409 1046
80410 1098
80411 1136
80412 626
80413 573
80414 172
80415 1153
80416 624
80417 7
80418 403
80419 973
80420 512
80421 1060
80422 1121
80423 623
80424 655
80425 968
80426 825
80427 277
80428 455
80429 0
80430 818
80431 1125
80432 764
80433 464
80434 448
80435 434
80436 188
80437 840
80438 773
80439 908
80440 759
80441 1002
80442 119
80443 408
80444 340
80445 1154
80446 743
80447 1036
80448 666
80449 147
80450 1153
80451 742
80452 701
80453 859
80454 405
80455 865
80456 1118
80457 386
80458 492
80459 709
80460 1002
80461 1131
80462 69
80463 747
80464 101
80465 557
80466 468
80467 620
80468 656
80469 511
80470 526
80471 217
80472 987
80473 595
80474 834
80475 605
80476 1124
80477 49
80478 1058
80479 273
80480 658
80481 503
80482 389
80483 858
80484 900
80485 889
80486 308
80487 217
80488 1125
80489 545
80490 340
80491 466
80492 272
80493 737
80494 1155
80495 580
80496 895
80497 615
80498 907
80499 1004
80500 413
80501 90
80502 661
80503 245
80504 106
80505 44
80506 295
80507 1075
80508 763
80509 842
80510 269
80511 1006
80512 663
80513 903
80514 398
80515 943
80516 1172
80517 277
80518 1019
80519 814
80520 88
80521 742
80522 909
80523 418
80524 1060
80525 24
80526 79
80527 192
80528 454
80529 530
80530 440
80531 604
80532 543
80533 549
80534 525
80535 285
80536 255
80537 584
80538 219
80539 100
80540 619
80541 159
80542 617
80543 1132
80544 250
80545 208
80546 652
80547 628
80548 600
80549 866
80550 496
80551 1120
80552 1113
80553 276
80554 790
80555 467
80556 91
80557 60
80558 1030
80559 407
80560 967
80561 715
80562 458
80563 1058
80564 139
80565 112
80566 668
80567 372
80568 360
80569 887
80570 369
80571 290
80572 1160
80573 135
80574 273
80575 335
80576 609
80577 824
80578 511
80579 335
80580 92
80581 646
80582 16
80583 781
80584 992
80585 101
80586 435
80587 469
80588 667
80589 450
80590 611
80591 188
80592 1025
80593 862
80594 996
80595 252
80596 1027
80597 302
80598 10
80599 993
80600 637
80601 111
80602 798
80603 258
80604 331
80605 301
80606 151
80607 669
80608 319
80609 484
80610 492
80611 991
80612 152
80613 256
80614 64
80615 282
80616 58
80617 212
80618 907
80619 692
80620 717
80621 1172
80622 1075
80623 127
80624 480
80625 458
80626 824
80627 663
80628 655
80629 872
80630 265
80631 155
80632 898
80633 1029
80634 277
80635 186
80636 209
80637 1151
80638 1040
80639 12
80640 645
80641 799
80642 821
80643 650
80644 508
80645 105
80646 748
80647 984
80648 447
80649 93
80650 1077
80651 685
80652 396
80653 334
80654 208
80655 1059
80656 227
80657 983
80658 381
80659 1009
80660 263
80661 652
80662 646
80663 262
80664 986
80665 403
80666 74
80667 227
80668 336
80669 771
80670 76
80671 625
80672 962
80673 348
80674 61
80675 474
80676 914
80677 108
80678 545
80679 754
80680 88
80681 1033
80682 152
80683 401
80684 156
80685 1014
80686 288
80687 677
80688 958
80689 461
80690 584
80691 611
80692 88
80693 105
80694 232
80695 560
80696 20
80697 833
80698 971
80699 418
80700 968
80701 617
80702 64
80703 200
80704 224
80705 321
80706 844
80707 1081
80708 1078
80709 816
80710 491
80711 781
80712 557
80713 1059
80714 724
80715 695
80716 784
80717 117
80718 1149
80719 1133
80720 886
80721 375
80722 454
80723 641
80724 905
80725 574
80726 244
80727 718
80728 785
80729 1046
80730 460
80731 634
80732 234
80733 320
80734 306
80735 870
80736 975
80737 1048
80738 565
80739 681
80740 922
80741 635
80742 631
80743 903
80744 921
80745 227
80746 720
80747 435
80748 208
80749 1145
80750 1157
80751 77
80752 658
80753 1161
80754 350
80755 302
80756 913
80757 615
80758 391
80759 1089
80760 913
80761 217
80762 144
80763 449
80764 379
80765 42
80766 1005
80767 1048
80768 749
80769 1126
80770 270
80771 239
80772 673
80773 1028
80774 691
80775 511
80776 677
80777 331
80778 242
80779 1070
80780 1144
80781 16
80782 657
80783 964
80784 268
80785 149
80786 228
80787 765
80788 314
80789 389
80790 682
80791 469
80792 173
80793 380
80794 152
80795 1104
80796 173
80797 111
80798 84
80799 649
80800 753
80801 494
80802 332
80803 757
80804 742
80805 417
80806 787
80807 38
80808 1114
80809 295
80810 113
80811 911
80812 47
80813 75
80814 883
80815 579
80816 615
80817 927
80818 85
80819 281
80820 1028
80821 487
80822 321
80823 636
80824 842
80825 784
80826 486
80827 370
80828 296
80829 1150
80830 1066
80831 493
80832 775
80833 894
80834 509
80835 1054
80836 997
80837 192
80838 1103
80839 943
80840 992
80841 420
80842 122
80843 670
80844 1012
80845 397
80846 16
80847 536
80848 817
80849 336
80850 355
80851 502
80852 579
80853 250
80854 281
80855 966
80856 947
80857 448
80858 524
80859 200
80860 206
80861 262
80862 530
80863 1097
80864 191
80865 580
80866 96
80867 768
80868 148
80869 1065
80870 1019
80871 765
80872 883
80873 279
80874 733
80875 126
80876 1089
80877 247
80878 709
80879 1050
80880 74
80881 843
80882 526
80883 724
80884 1109
80885 923
80886 921
80887 951
80888 591
80889 474
80890 564
80891 1046
80892 1074
80893 568
80894 523
80895 882
80896 677
80897 551
80898 830
80899 1012
80900 635
80901 948
80902 614
80903 41
80904 246
80905 912
80906 131
80907 1018
80908 610
80909 167
80910 997
80911 633
80912 21
80913 122
80914 136
80915 1100
80916 83
80917 355
80918 591
80919 1104
80920 517
80921 121
80922 153
80923 907
80924 839
80925 187
80926 986
80927 275
80928 165
80929 806
80930 1161
80931 405
80932 192
80933 481
80934 159
80935 1139
80936 629
80937 232
80938 559
80939 37
80940 883
80941 1105
80942 581
80943 96
80944 158
80945 407
80946 143
80947 564
80948 406
80949 879
80950 999
80951 325
80952 46
80953 799
80954 166
80955 1068
80956 901
80957 243
80958 540
80959 118
80960 1045
80961 851
80962 199
80963 1113
80964 609
80965 680
80966 1081
80967 247
80968 271
80969 887
80970 782
80971 393
80972 140
80973 179
80974 48
80975 498
80976 547
80977 725
80978 1024
80979 284
80980 790
80981 1161
80982 773
80983 596
80984 417
80985 33
80986 559
80987 960
80988 838
80989 613
80990 841
80991 1033
80992 991
80993 1157
80994 666
80995 795
80996 1076
80997 562
80998 6
80999 62
81000 136
81001 768
81002 947
81003 1141
81004 1124
81005 0
81006 42
81007 599
81008 91
81009 59
81010 924
81011 1047
81012 250
81013 798
81014 1114
81015 730
81016 100
81017 429
81018 1153
81019 996
81020 1138
81021 597
81022 300
81023 264
81024 1149
81025 418
81026 239
81027 752
81028 858
81029 253
81030 576
81031 253
81032 200
81033 29
81034 355
81035 443
81036 448
81037 828
81038 137
81039 463
81040 469
81041 697
81042 151
81043 925
81044 618
81045 1129
81046 1122
81047 631
81048 1051
81049 289
81050 969
81051 868
81052 266
81053 1132
81054 932
81055 544
81056 162
81057 453
81058 744
81059 425
81060 1018
81061 46
81062 1016
81063 997
81064 954
81065 294
81066 1095
81067 961
81068 274
81069 33
81070 535
81071 598
81072 902
81073 1133
81074 369
81075 297
81076 219
81077 856
81078 256
81079 143
81080 628
81081 815
81082 205
81083 787
81084 782
81085 407
81086 50
81087 784
81088 504
81089 250
81090 910
81091 1083
81092 528
81093 302
81094 379
81095 1144
81096 1022
81097 145
81098 94
81099 636
81100 644
81101 574
81102 647
81103 776
81104 1087
81105 1051
81106 313
81107 45
81108 1106
81109 383
81110 1041
81111 1001
81112 79
81113 100
81114 201
81115 724
81116 49
81117 991
81118 457
81119 766
81120 389
81121 814
81122 1078
81123 712
81124 320
81125 87
81126 78
81127 5
81128 97
81129 408
81130 432
81131 96
81132 277
81133 80
81134 677
81135 823
81136 1152
81137 701
81138 681
81139 647
81140 136
81141 202
81142 17
81143 12
81144 502
81145 861
81146 621
81147 603
81148 35
81149 503
81150 286
81151 551
81152 168
81153 64
81154 744
81155 25
81156 332
81157 1162
81158 334
81159 25
81160 569
81161 663
81162 957
81163 161
81164 935
81165 429
81166 164
81167 931
81168 156
81169 243
81170 768
81171 57
81172 672
81173 633
81174 388
81175 18
81176 46
81177 506
81178 929
81179 444
81180 605
81181 497
81182 965
81183 373
81184 718
81185 61
81186 759
81187 857
81188 372
81189 723
81190 642
81191 1
81192 290
81193 18
81194 510
81195 464
81196 790
81197 781
81198 507
81199 731
81200 200
81201 843
81202 356
81203 368
81204 406
81205 176
81206 302
81207 1050
81208 1018
81209 933
81210 409
81211 400
81212 415
81213 609
81214 390
81215 1020
81216 439
81217 339
81218 549
81219 340
81220 290
81221 174
81222 593
81223 1016
81224 226
81225 805
81226 576
81227 751
81228 290
81229 571
81230 713
81231 61
81232 1074
81233 1118
81234 998
81235 757
81236 500
81237 19
81238 24
81239 658
81240 829
81241 466
81242 927
81243 446
81244 383
81245 399
81246 798
81247 558
81248 852
81249 726
81250 748
81251 168
81252 509
81253 399
81254 704
81255 172
81256 440
81257 214
81258 594
81259 681
81260 256
81261 261
81262 315
81263 753
81264 34
81265 21
81266 1105
81267 556
81268 425
81269 459
81270 1028
81271 639
81272 4
81273 261
81274 150
81275 955
81276 264
81277 831
81278 268
81279 752
81280 52
81281 787
81282 1042
81283 1156
81284 22
81285 83
81286 697
81287 500
81288 7
81289 1065
81290 674
81291 925
81292 268
81293 940
81294 692
81295 38
81296 774
81297 812
81298 703
81299 662
81300 778
81301 1067
81302 654
81303 914
81304 1162
81305 164
81306 855
81307 1101
81308 148
81309 29
81310 721
81311 205
81312 79
81313 260
81314 118
81315 456
81316 725
81317 769
81318 848
81319 38
81320 589
81321 296
81322 727
81323 756
81324 945
81325 886
81326 327
81327 97
81328 979
81329 717
81330 438
81331 461
81332 162
81333 422
81334 1080
81335 490
81336 900
81337 940
81338 302
81339 752
81340 1074
81341 489
81342 1087
81343 1021
81344 164
81345 513
81346 951
81347 78
81348 1073
81349 379
81350 398
81351 275
81352 970
81353 766
81354 371
81355 54
81356 312
81357 209
81358 643
81359 943
81360 295
81361 167
81362 656
81363 531
81364 324
81365 540
81366 649
81367 1116
81368 638
81369 1072
81370 177
81371 868
81372 265
81373 758
81374 1018
81375 297
81376 1071
81377 765
81378 224
81379 78
81380 44
81381 907
81382 948
81383 692
81384 868
81385 925
81386 630
81387 11
81388 854
81389 919
81390 917
81391 892
81392 1054
81393 872
81394 34
81395 175
81396 75
81397 414
81398 872
81399 370
81400 23
81401 433
81402 943
81403 987
81404 540
81405 1042
81406 1123
81407 558
81408 1048
81409 1011
81410 1056
81411 180
81412 1035
81413 268
81414 345
81415 77
81416 454
81417 823
81418 804
81419 444
81420 574
81421 1136
81422 681
81423 938
81424 858
81425 112
81426 391
81427 621
81428 843
81429 701
81430 448
81431 609
81432 662
81433 557
81434 833
81435 604
81436 1103
81437 84
81438 137
81439 1074
81440 1092
81441 714
81442 855
81443 211
81444 717
81445 599
81446 421
81447 28
81448 83
81449 72
81450 133
81451 115
81452 665
81453 992
81454 438
81455 437
81456 124
81457 1006
81458 503
81459 859
81460 51
81461 1120
81462 602
81463 51
81464 793
81465 161
81466 425
81467 26
81468 804
81469 154
81470 686
81471 159
81472 940
81473 144
81474 473
81475 369
81476 306
81477 1003
81478 850
81479 166
81480 962
81481 562
81482 911
81483 258
81484 736
81485 861
81486 1129
81487 363
81488 417
81489 154
81490 221
81491 242
81492 179
81493 1089
81494 557
81495 861
81496 48
81497 582
81498 124
81499 920
81500 23
81501 335
81502 159
81503 614
81504 836
81505 988
81506 819
81507 919
81508 128
81509 179
81510 370
81511 429
81512 542
81513 174
81514 399
81515 678
81516 971
81517 622
81518 951
81519 240
81520 15
81521 769
81522 608
81523 76
81524 587
81525 887
81526 481
81527 955
81528 339
81529 537
81530 829
81531 642
81532 1046
81533 259
81534 995
81535 924
81536 79
81537 826
81538 341
81539 1013
81540 697
81541 927
81542 260
81543 247
81544 1112
81545 488
81546 743
81547 219
81548 746
81549 647
81550 974
81551 500
81552 460
81553 1159
81554 725
81555 696
81556 761
81557 475
81558 1074
81559 1124
81560 1156
81561 534
81562 397
81563 356
81564 11
81565 738
81566 568
81567 682
81568 493
81569 698
81570 163
81571 220
81572 285
81573 268
81574 1070
81575 929
81576 562
81577 573
81578 84
81579 1010
81580 516
81581 758
81582 184
81583 1138
81584 726
81585 272
81586 158
81587 637
81588 339
81589 554
81590 225
81591 313
81592 1152
81593 639
81594 132
81595 426
81596 873
81597 882
81598 658
81599 604
81600 598
81601 88
81602 495
81603 938
81604 772
81605 842
81606 637
81607 505
81608 814
81609 425
81610 271
81611 777
81612 394
81613 446
81614 427
81615 1002
81616 361
81617 992
81618 1049
81619 386
81620 43
81621 368
81622 852
81623 684
81624 912
81625 146
81626 206
81627 308
81628 1024
81629 386
81630 979
81631 658
81632 163
81633 199
81634 55
81635 393
81636 824
81637 414
81638 45
81639 132
81640 364
81641 960
81642 1018
81643 644
81644 374
81645 1123
81646 418
81647 1122
81648 813
81649 185
81650 269
81651 250
81652 741
81653 260
81654 192
81655 1094
81656 987
81657 394
81658 1117
81659 1117
81660 830
81661 142
81662 307
81663 206
81664 41
81665 224
81666 233
81667 480
81668 93
81669 622
81670 1016
81671 129
81672 1016
81673 42
81674 399
81675 266
81676 900
81677 874
81678 1135
81679 1116
81680 364
81681 1143
81682 58
81683 534
81684 991
81685 546
81686 55
81687 675
81688 561
81689 396
81690 959
81691 665
81692 862
81693 815
81694 129
81695 429
81696 546
81697 92
81698 243
81699 1002
81700 1138
81701 529
81702 685
81703 1026
81704 954
81705 217
81706 710
81707 53
81708 334
81709 351
81710 730
81711 406
81712 109
81713 1029
81714 1100
81715 769
81716 914
81717 368
81718 152
81719 243
81720 220
81721 1019
81722 507
81723 882
81724 400
81725 492
81726 443
81727 420
81728 387
81729 168
81730 1140
81731 913
81732 299
81733 824
81734 320
81735 303
81736 886
81737 1130
81738 702
81739 1115
81740 703
81741 356
81742 862
81743 730
81744 1106
81745 338
81746 319
81747 529
81748 789
81749 30
81750 91
81751 4
81752 446
81753 740
81754 874
81755 959
81756 184
81757 289
81758 787
81759 776
81760 295
81761 164
81762 227
81763 308
81764 796
81765 835
81766 369
81767 968
81768 771
81769 166
81770 1097
81771 933
81772 987
81773 811
81774 190
81775 11
81776 465
81777 432
81778 986
81779 29
81780 988
81781 419
81782 266
81783 989
81784 655
81785 820
81786 841
81787 897
81788 106
81789 1032
81790 1036
81791 192
81792 153
81793 148
81794 612
81795 392
81796 1166
81797 93
81798 1003
81799 128
81800 1041
81801 27
81802 1109
81803 525
81804 502
81805 786
81806 70
81807 1049
81808 503
81809 1089
81810 280
81811 609
81812 292
81813 325
81814 381
81815 245
81816 1019
81817 138
81818 818
81819 857
81820 268
81821 374
81822 1046
81823 697
81824 547
81825 648
81826 681
81827 231
81828 577
81829 424
81830 820
81831 601
81832 215
81833 632
81834 417
81835 188
81836 370
81837 719
81838 210
81839 1060
81840 690
81841 854
81842 128
81843 98
81844 695
81845 640
81846 606
81847 503
81848 555
81849 611
81850 1060
81851 540
81852 418
81853 578
81854 1163
81855 161
81856 793
81857 611
81858 282
81859 897
81860 978
81861 1019
81862 429
81863 1053
81864 233
81865 956
81866 954
81867 20
81868 801
81869 124
81870 324
81871 1133
81872 371
81873 854
81874 688
81875 31
81876 569
81877 281
81878 174
81879 1141
81880 908
81881 251
81882 131
81883 149
81884 509
81885 745
81886 580
81887 333
81888 850
81889 779
81890 624
81891 46
81892 252
81893 1106
81894 491
81895 814
81896 211
81897 548
81898 410
81899 847
81900 120
81901 148
81902 142
81903 725
81904 494
81905 612
81906 1010
81907 267
81908 890
81909 911
81910 381
81911 248
81912 886
81913 211
81914 208
81915 129
81916 292
81917 436
81918 492
81919 562
81920 665
81921 86
81922 1026
81923 108
81924 1115
81925 385
81926 1135
81927 1110
81928 227
81929 1041
81930 86
81931 796
81932 409
81933 950
81934 1000
81935 385
81936 210
81937 219
81938 539
81939 855
81940 606
81941 857
81942 791
81943 107
81944 801
81945 19
81946 998
81947 984
81948 13
81949 1051
81950 424
81951 927
81952 887
81953 156
81954 410
81955 145
81956 38
81957 569
81958 203
81959 1110
81960 1042
81961 709
81962 1030
81963 242
81964 886
81965 415
81966 523
81967 728
81968 336
81969 1029
81970 423
81971 612
81972 188
81973 500
81974 1052
81975 226
81976 760
81977 242
81978 265
81979 650
81980 417
81981 506
81982 885
81983 1035
81984 212
81985 636
81986 787
81987 27
81988 90
81989 608
81990 89
81991 445
81992 581
81993 1142
81994 923
81995 91
81996 749
81997 550
81998 913
81999 482
82000 873
82001 518
82002 155
82003 461
82004 313
82005 908
82006 961
82007 496
82008 805
82009 315
82010 28
82011 406
82012 221
82013 301
82014 894
82015 23
82016 753
82017 16
82018 506
82019 438
82020 11
82021 1058
82022 1020
82023 66
82024 939
82025 505
82026 163
82027 659
82028 676
82029 744
82030 874
82031 64
82032 166
82033 1013
82034 834
82035 756
82036 766
82037 228
82038 729
82039 667
82040 940
82041 1049
82042 794
82043 258
82044 953
82045 791
82046 652
82047 1040
82048 1068
82049 847
82050 803
82051 362
82052 155
82053 94
82054 115
82055 915
82056 664
82057 988
82058 327
82059 1105
82060 161
82061 1053
82062 380
82063 867
82064 83
82065 1099
82066 215
82067 1036
82068 1070
82069 164
82070 1101
82071 769
82072 1084
82073 309
82074 112
82075 167
82076 944
82077 668
82078 704
82079 836
82080 945
82081 213
82082 528
82083 114
82084 464
82085 156
82086 374
82087 974
82088 858
82089 251
82090 372
82091 909
82092 965
82093 556
82094 907
82095 502
82096 436
82097 375
82098 96
82099 166
82100 316
82101 289
82102 931
82103 454
82104 919
82105 179
82106 809
82107 117
82108 287
82109 317
82110 1090
82111 543
82112 793
82113 706
82114 968
82115 246
82116 67
82117 433
82118 232
82119 709
82120 753
82121 394
82122 911
82123 1105
82124 1050
82125 273
82126 997
82127 520
82128 827
82129 389
82130 663
82131 335
82132 390
82133 908
82134 214
82135 480
82136 44
82137 962
82138 651
82139 663
82140 808
82141 162
82142 125
82143 154
82144 2
82145 577
82146 979
82147 1082
82148 1044
82149 298
82150 483
82151 893
82152 353
82153 179
82154 889
82155 131
82156 681
82157 985
82158 762
82159 733
82160 157
82161 955
82162 291
82163 1092
82164 27
82165 152
82166 1082
82167 998
82168 386
82169 510
82170 274
82171 860
82172 295
82173 30
82174 896
82175 435
82176 1045
82177 338
82178 213
82179 950
82180 1090
82181 418
82182 800
82183 1046
82184 975
82185 393
82186 135
82187 796
82188 845
82189 186
82190 183
82191 421
82192 184
82193 346
82194 833
82195 533
82196 70
82197 97
82198 464
82199 1049
82200 76
82201 672
82202 659
82203 990
82204 302
82205 48
82206 698
82207 301
82208 639
82209 1005
82210 189
82211 419
82212 586
82213 862
82214 52
82215 1015
82216 494
82217 1027
82218 946
82219 280
82220 823
82221 464
82222 185
82223 153
82224 558
82225 1016
82226 577
82227 815
82228 726
82229 694
82230 696
82231 312
82232 1073
82233 612
82234 59
82235 77
82236 1080
82237 216
82238 676
82239 317
82240 708
82241 1020
82242 666
82243 355
82244 66
82245 973
82246 645
82247 155
82248 28
82249 455
82250 60
82251 120
82252 1152
82253 268
82254 528
82255 449
82256 332
82257 872
82258 338
82259 1040
82260 511
82261 700
82262 741
82263 1046
82264 1127
82265 369
82266 452
82267 911
82268 977
82269 716
82270 222
82271 634
82272 685
82273 198
82274 196
82275 840
82276 917
82277 668
82278 757
82279 1074
82280 993
82281 635
82282 1166
82283 579
82284 1063
82285 1037
82286 800
82287 356
82288 160
82289 40
82290 364
82291 98
82292 74
82293 698
82294 1013
82295 717
82296 959
82297 174
82298 344
82299 1000
82300 639
82301 659
82302 378
82303 1112
82304 939
82305 393
82306 432
82307 438
82308 560
82309 846
82310 116
82311 737
82312 49
82313 980
82314 456
82315 395
82316 849
82317 1061
82318 534
82319 320
82320 867
82321 484
82322 71
82323 720
82324 987
82325 177
82326 417
82327 601
82328 9
82329 42
82330 265
82331 938
82332 64
82333 648
82334 680
82335 410
82336 97
82337 313
82338 751
82339 283
82340 755
82341 276
82342 66
82343 585
82344 118
82345 486
82346 681
82347 842
82348 455
82349 67
82350 243
82351 786
82352 319
82353 1084
82354 232
82355 820
82356 51
82357 765
82358 1035
82359 1086
82360 223
82361 788
82362 288
82363 369
82364 810
82365 1028
82366 4
82367 490
82368 739
82369 830
82370 354
82371 638
82372 848
82373 401
82374 103
82375 1059
82376 353
82377 806
82378 618
82379 41
82380 896
82381 887
82382 11
82383 814
82384 736
82385 295
82386 569
82387 914
82388 391
82389 882
82390 727
82391 345
82392 1112
82393 95
82394 651
82395 527
82396 751
82397 221
82398 451
82399 776
82400 677
82401 65
82402 833
82403 941
82404 882
82405 661
82406 23
82407 75
82408 81
82409 998
82410 1093
82411 930
82412 48
82413 355
82414 98
82415 8
82416 932
82417 813
82418 401
82419 371
82420 338
82421 686
82422 467
82423 217
82424 668
82425 878
82426 730
82427 484
82428 421
82429 192
82430 591
82431 479
82432 631
82433 98
82434 747
82435 765
82436 482
82437 455
82438 317
82439 43
82440 789
82441 874
82442 362
82443 1100
82444 1072
82445 15
82446 187
82447 113
82448 822
82449 1094
82450 1027
82451 1040
82452 126
82453 374
82454 116
82455 482
82456 648
82457 476
82458 788
82459 821
82460 730
82461 536
82462 1002
82463 169
82464 46
82465 1169
82466 590
82467 836
82468 887
82469 321
82470 983
82471 701
82472 558
82473 32
82474 1038
82475 202
82476 632
82477 159
82478 964
82479 965
82480 1130
82481 919
82482 455
82483 59
82484 716
82485 381
82486 625
82487 1089
82488 963
82489 575
82490 547
82491 40
82492 850
82493 815
82494 596
82495 81
82496 54
82497 852
82498 1024
82499 918
82500 241
82501 474
82502 500
82503 5
82504 406
82505 290
82506 769
82507 89
82508 993
82509 531
82510 984
82511 409
82512 405
82513 266
82514 97
82515 87
82516 467
82517 810
82518 62
82519 1135
82520 523
82521 989
82522 296
82523 787
82524 715
82525 492
82526 108
82527 460
82528 141
82529 725
82530 99
82531 908
82532 947
82533 779
82534 420
82535 562
82536 465
82537 401
82538 870
82539 684
82540 1012
82541 318
82542 952
82543 218
82544 1013
82545 751
82546 40
82547 443
82548 1084
82549 238
82550 940
82551 301
82552 867
82553 774
82554 734
82555 834
82556 161
82557 567
82558 572
82559 869
82560 910
82561 859
82562 601
82563 1015
82564 310
82565 719
82566 550
82567 790
82568 887
82569 211
82570 830
82571 825
82572 664
82573 221
82574 784
82575 824
82576 775
82577 762
82578 54
82579 68
82580 77
82581 885
82582 351
82583 398
82584 455
82585 1149
82586 600
82587 250
82588 698
82589 87
82590 914
82591 885
82592 136
82593 924
82594 491
82595 946
82596 1021
82597 723
82598 477
82599 1113
82600 399
82601 132
82602 120
82603 1049
82604 540
82605 231
82606 16
82607 868
82608 884
82609 984
82610 215
82611 1104
82612 674
82613 876
82614 682
82615 677
82616 1086
82617 774
82618 940
82619 4
82620 639
82621 1137
82622 169
82623 454
82624 1005
82625 498
82626 702
82627 487
82628 698
82629 277
82630 292
82631 852
82632 859
82633 873
82634 1074
82635 913
82636 936
82637 141
82638 236
82639 874
82640 536
82641 568
82642 257
82643 93
82644 644
82645 392
82646 972
82647 155
82648 454
82649 336
82650 195
82651 487
82652 40
82653 953
82654 403
82655 651
82656 106
82657 863
82658 485
82659 1069
82660 720
82661 916
82662 144
82663 721
82664 1074
82665 92
82666 168
82667 416
82668 552
82669 882
82670 1086
82671 546
82672 958
82673 928
82674 416
82675 60
82676 976
82677 532
82678 12
82679 947
82680 745
82681 1081
82682 241
82683 990
82684 1039
82685 879
82686 163
82687 54
82688 387
82689 437
82690 377
82691 875
82692 459
82693 38
82694 820
82695 1000
82696 511
82697 1042
82698 824
82699 916
82700 202
82701 72
82702 273
82703 1168
82704 672
82705 292
82706 833
82707 372
82708 596
82709 287
82710 730
82711 1094
82712 803
82713 909
82714 971
82715 75
82716 92
82717 441
82718 1051
82719 781
82720 142
82721 884
82722 432
82723 782
82724 99
82725 556
82726 1071
82727 893
82728 939
82729 721
82730 415
82731 515
82732 386
82733 457
82734 394
82735 679
82736 777
82737 499
82738 766
82739 23
82740 235
82741 574
82742 141
82743 1086
82744 1052
82745 1020
82746 56
82747 586
82748 1046
82749 327
82750 885
82751 779
82752 73
82753 651
82754 41
82755 193
82756 407
82757 449
82758 119
82759 599
82760 758
82761 867
82762 36
82763 1119
82764 477
82765 196
82766 803
82767 828
82768 731
82769 631
82770 1140
82771 748
82772 1076
82773 954
82774 879
82775 619
82776 520
82777 177
82778 910
82779 827
82780 1031
82781 505
82782 510
82783 900
82784 410
82785 599
82786 490
82787 261
82788 1070
82789 370
82790 461
82791 395
82792 27
82793 422
82794 463
82795 319
82796 1167
82797 895
82798 1073
82799 576
82800 497
82801 248
82802 928
82803 378
82804 147
82805 335
82806 10
82807 698
82808 644
82809 387
82810 1015
82811 154
82812 677
82813 472
82814 1000
82815 621
82816 1048
82817 662
82818 1101
82819 493
82820 229
82821 10
82822 1011
82823 1018
82824 23
82825 412
82826 530
82827 878
82828 830
82829 1003
82830 39
82831 225
82832 64
82833 144
82834 962
82835 826
82836 152
82837 462
82838 170
82839 533
82840 356
82841 606
82842 290
82843 774
82844 1086
82845 756
82846 701
82847 496
82848 709
82849 107
82850 801
82851 644
82852 764
82853 580
82854 656
82855 620
82856 830
82857 561
82858 227
82859 260
82860 172
82861 444
82862 926
82863 1056
82864 575
82865 1045
82866 981
82867 39
82868 69
82869 654
82870 648
82871 310
82872 224
82873 182
82874 303
82875 196
82876 870
82877 550
82878 588
82879 769
82880 282
82881 373
82882 1135
82883 854
82884 1117
82885 931
82886 597
82887 742
82888 310
82889 1039
82890 93
82891 972
82892 821
82893 1071
82894 31
82895 608
82896 463
82897 829
82898 587
82899 565
82900 325
82901 553
82902 679
82903 676
82904 872
82905 331
82906 281
82907 980
82908 1113
82909 132
82910 859
82911 1081
82912 695
82913 170
82914 313
82915 170
82916 253
82917 603
82918 531
82919 1116
82920 403
82921 94
82922 335
82923 331
82924 786
82925 1003
82926 824
82927 618
82928 356
82929 163
82930 770
82931 432
82932 255
82933 695
82934 225
82935 851
82936 1007
82937 592
82938 662
82939 443
82940 856
82941 829
82942 170
82943 76
82944 1039
82945 1083
82946 923
82947 966
82948 779
82949 120
82950 119
82951 1070
82952 983
82953 588
82954 1157
82955 1027
82956 582
82957 912
82958 846
82959 1115
82960 248
82961 816
82962 774
82963 505
82964 614
82965 218
82966 15
82967 422
82968 903
82969 464
82970 657
82971 817
82972 1108
82973 242
82974 5
82975 135
82976 805
82977 570
82978 869
82979 1105
82980 693
82981 1111
82982 182
82983 1008
82984 892
82985 205
82986 998
82987 1115
82988 629
82989 599
82990 820
82991 853
82992 679
82993 426
82994 453
82995 1098
82996 484
82997 1004
82998 252
82999 776
83000 585
83001 858
83002 833
83003 227
83004 481
83005 589
83006 242
83007 1025
83008 1139
83009 520
83010 716
83011 709
83012 310
83013 447
83014 550
83015 1166
83016 904
83017 610
83018 810
83019 24
83020 696
83021 238
83022 723
83023 884
83024 251
83025 84
83026 599
83027 585
83028 1100
83029 687
83030 1135
83031 452
83032 1167
83033 398
83034 442
83035 209
83036 238
83037 542
83038 328
83039 208
83040 389
83041 212
83042 844
83043 174
83044 984
83045 715
83046 653
83047 138
83048 570
83049 16
83050 360
83051 768
83052 399
83053 1041
83054 383
83055 1088
83056 755
83057 44
83058 234
83059 1085
83060 907
83061 668
83062 1115
83063 591
83064 359
83065 1071
83066 806
83067 427
83068 943
83069 862
83070 1113
83071 258
83072 871
83073 537
83074 672
83075 921
83076 509
83077 709
83078 10
83079 1127
83080 809
83081 500
83082 244
83083 809
83084 1001
83085 925
83086 1053
83087 34
83088 217
83089 379
83090 661
83091 598
83092 847
83093 1111
83094 22
83095 559
83096 877
83097 416
83098 26
83099 10
83100 174
83101 372
83102 472
83103 593
83104 71
83105 199
83106 574
83107 1152
83108 594
83109 532
83110 133
83111 939
83112 574
83113 543
83114 522
83115 802
83116 103
83117 807
83118 378
83119 24
83120 996
83121 370
83122 143
83123 684
83124 62
83125 946
83126 895
83127 775
83128 835
83129 344
83130 312
83131 161
83132 335
83133 900
83134 419
83135 598
83136 421
83137 700
83138 41
83139 1031
83140 166
83141 1071
83142 699
83143 655
83144 347
83145 157
83146 1082
83147 247
83148 275
83149 490
83150 257
83151 651
83152 742
83153 831
83154 412
83155 264
83156 1046
83157 893
83158 483
83159 419
83160 692
83161 92
83162 1143
83163 892
83164 904
83165 831
83166 97
83167 1123
83168 339
83169 182
83170 644
83171 1035
83172 993
83173 961
83174 395
83175 1006
83176 279
83177 768
83178 996
83179 622
83180 1159
83181 519
83182 454
83183 544
83184 611
83185 90
83186 841
83187 567
83188 1163
83189 191
83190 644
83191 626
83192 117
83193 854
83194 6
83195 663
83196 988
83197 791
83198 647
83199 932
83200 953
83201 335
83202 1168
83203 117
83204 603
83205 79
83206 708
83207 931
83208 242
83209 213
83210 76
83211 1027
83212 371
83213 752
83214 550
83215 641
83216 828
83217 734
83218 158
83219 636
83220 897
83221 547
83222 740
83223 719
83224 64
83225 133
83226 547
83227 770
83228 467
83229 594
83230 481
83231 1077
83232 53
83233 392
83234 1015
83235 1048
83236 99
83237 449
83238 930
83239 511
83240 581
83241 737
83242 227
83243 284
83244 476
83245 399
83246 618
83247 50
83248 409
83249 493
83250 108
83251 1013
83252 266
83253 718
83254 988
83255 794
83256 1167
83257 773
83258 507
83259 599
83260 790
83261 624
83262 219
83263 937
83264 466
83265 176
83266 942
83267 907
83268 812
83269 319
83270 1003
83271 102
83272 1040
83273 1108
83274 415
83275 1144
83276 80
83277 1047
83278 807
83279 737
83280 174
83281 947
83282 719
83283 719
83284 573
83285 903
83286 716
83287 1073
83288 86
83289 952
83290 630
83291 110
83292 564
83293 191
83294 700
83295 636
83296 334
83297 730
83298 1091
83299 830
83300 725
83301 11
83302 323
83303 213
83304 283
83305 468
83306 388
83307 681
83308 923
83309 186
83310 291
83311 265
83312 673
83313 360
83314 873
83315 429
83316 361
83317 255
83318 1159
83319 350
83320 803
83321 123
83322 478
83323 597
83324 945
83325 281
83326 720
83327 792
83328 435
83329 1058
83330 870
83331 910
83332 126
83333 233
83334 559
83335 540
83336 1068
83337 526
83338 237
83339 328
83340 285
83341 736
83342 475
83343 876
83344 663
83345 589
83346 966
83347 18
83348 505
83349 640
83350 852
83351 69
83352 171
83353 740
83354 685
83355 693
83356 312
83357 100
83358 212
83359 668
83360 1123
83361 1119
83362 231
83363 197
83364 378
83365 734
83366 656
83367 260
83368 693
83369 943
83370 227
83371 375
83372 1156
83373 746
83374 1100
83375 769
83376 933
83377 734
83378 52
83379 446
83380 331
83381 16
83382 82
83383 1057
83384 836
83385 829
83386 646
83387 620
83388 751
83389 1136
83390 191
83391 499
83392 302
83393 1040
83394 301
83395 1048
83396 332
83397 722
83398 606
83399 322
83400 761
83401 1170
83402 604
83403 39
83404 244
83405 1120
83406 86
83407 224
83408 77
83409 81
83410 1115
83411 1034
83412 1049
83413 263
83414 662
83415 1077
83416 1077
83417 857
83418 499
83419 728
83420 629
83421 580
83422 362
83423 409
83424 1022
83425 773
83426 87
83427 140
83428 1119
83429 1153
83430 286
83431 718
83432 1037
83433 451
83434 1143
83435 702
83436 301
83437 391
83438 261
83439 1134
83440 923
83441 75
83442 457
83443 702
83444 705
83445 131
83446 640
83447 1129
83448 950
83449 984
83450 843
83451 751
83452 685
83453 816
83454 1002
83455 87
83456 922
83457 152
83458 511
83459 1122
83460 66
83461 798
83462 509
83463 25
83464 681
83465 964
83466 114
83467 1142
83468 849
83469 1125
83470 475
83471 186
83472 801
83473 811
83474 15
83475 16
83476 897
83477 400
83478 332
83479 105
83480 598
83481 570
83482 1051
83483 93
83484 747
83485 1013
83486 972
83487 1132
83488 288
83489 1143
83490 815
83491 27
83492 922
83493 153
83494 122
83495 926
83496 200
83497 61
83498 1003
83499 945
83500 109
83501 560
83502 1010
83503 496
83504 1076
83505 766
83506 102
83507 208
83508 415
83509 413
83510 751
83511 1047
83512 439
83513 820
83514 781
83515 73
83516 840
83517 735
83518 565
83519 230
83520 218
83521 64
83522 430
83523 977
83524 414
83525 507
83526 873
83527 537
83528 562
83529 836
83530 555
83531 925
83532 592
83533 548
83534 403
83535 240
83536 1091
83537 768
83538 670
83539 1142
83540 526
83541 640
83542 108
83543 284
83544 142
83545 195
83546 535
83547 496
83548 472
83549 494
83550 715
83551 993
83552 621
83553 697
83554 74
83555 989
83556 497
83557 1096
83558 963
83559 149
83560 569
83561 764
83562 607
83563 648
83564 139
83565 372
83566 538
83567 560
83568 406
83569 1083
83570 727
83571 1011
83572 657
83573 883
83574 1045
83575 274
83576 653
83577 309
83578 1064
83579 1139
83580 600
83581 352
83582 970
83583 645
83584 581
83585 310
83586 969
83587 54
83588 1005
83589 880
83590 1047
83591 294
83592 132
83593 710
83594 369
83595 87
83596 620
83597 773
83598 1030
83599 52
83600 880
83601 1098
83602 280
83603 876
83604 1044
83605 771
83606 45
83607 265
83608 717
83609 552
83610 36
83611 1030
83612 545
83613 145
83614 204
83615 298
83616 389
83617 1091
83618 847
83619 844
83620 194
83621 566
83622 620
83623 190
83624 164
83625 779
83626 488
83627 488
83628 693
83629 133
83630 384
83631 131
83632 1082
83633 1056
83634 634
83635 861
83636 874
83637 723
83638 636
83639 35
83640 1124
83641 653
83642 1154
83643 329
83644 1112
83645 940
83646 725
83647 217
83648 608
83649 880
83650 701
83651 874
83652 503
83653 551
83654 832
83655 302
83656 462
83657 402
83658 537
83659 273
83660 876
83661 169
83662 767
83663 590
83664 873
83665 832
83666 536
83667 899
83668 437
83669 430
83670 1088
83671 1167
83672 795
83673 965
83674 1148
83675 1041
83676 860
83677 163
83678 580
83679 892
83680 983
83681 1146
83682 111
83683 797
83684 623
83685 764
83686 381
83687 601
83688 106
83689 854
83690 846
83691 97
83692 916
83693 1027
83694 629
83695 579
83696 800
83697 375
83698 878
83699 967
83700 160
83701 1113
83702 564
83703 105
83704 853
83705 1127
83706 338
83707 245
83708 245
83709 1147
83710 870
83711 1119
83712 871
83713 164
83714 649
83715 237
83716 615
83717 1163
83718 238
83719 1116
83720 465
83721 1000
83722 351
83723 766
83724 1133
83725 7
83726 700
83727 133
83728 386
83729 490
83730 1134
83731 126
83732 415
83733 1004
83734 1114
83735 410
83736 334
83737 1076
83738 1035
83739 328
83740 1091
83741 318
83742 876
83743 317
83744 1085
83745 397
83746 896
83747 90
83748 955
83749 271
83750 619
83751 581
83752 532
83753 97
83754 222
83755 657
83756 203
83757 171
83758 802
83759 1079
83760 164
83761 839
83762 912
83763 717
83764 736
83765 403
83766 521
83767 909
83768 437
83769 1105
83770 1034
83771 406
83772 968
83773 113
83774 630
83775 1085
83776 195
83777 971
83778 317
83779 534
83780 110
83781 637
83782 797
83783 61
83784 806
83785 688
83786 1110
83787 611
83788 287
83789 232
83790 962
83791 880
83792 369
83793 875
83794 810
83795 580
83796 422
83797 46
83798 146
83799 223
83800 729
83801 49
83802 1001
83803 935
83804 311
83805 1098
83806 12
83807 549
83808 383
83809 909
83810 760
83811 793
83812 1015
83813 139
83814 542
83815 889
83816 164
83817 181
83818 1003
83819 69
83820 849
83821 527
83822 1062
83823 946
83824 375
83825 674
83826 858
83827 1059
83828 644
83829 105
83830 703
83831 308
83832 533
83833 52
83834 1064
83835 708
83836 926
83837 568
83838 332
83839 594
83840 261
83841 638
83842 389
83843 320
83844 959
83845 647
83846 989
83847 662
83848 1025
83849 833
83850 163
83851 27
83852 285
83853 43
83854 105
83855 126
83856 872
83857 1039
83858 737
83859 432
83860 160
83861 428
83862 496
83863 415
83864 625
83865 191
83866 257
83867 220
83868 580
83869 378
83870 501
83871 954
83872 589
83873 528
83874 483
83875 442
83876 214
83877 868
83878 540
83879 111
83880 870
83881 890
83882 1109
83883 1091
83884 1032
83885 337
83886 784
83887 1013
83888 448
83889 963
83890 441
83891 1016
83892 627
83893 917
83894 342
83895 919
83896 1131
83897 621
83898 304
83899 946
83900 147
83901 53
83902 756
83903 1142
83904 571
83905 819
83906 747
83907 813
83908 254
83909 27
83910 1145
83911 189
83912 225
83913 790
83914 897
83915 588
83916 345
83917 233
83918 880
83919 649
83920 729
83921 252
83922 1114
83923 1133
83924 320
83925 279
83926 276
83927 326
83928 571
83929 1075
83930 112
83931 451
83932 611
83933 600
83934 591
83935 892
83936 567
83937 668
83938 371
83939 1091
83940 6
83941 884
83942 771
83943 102
83944 477
83945 1122
83946 1079
83947 1039
83948 58
83949 1046
83950 7
83951 1100
83952 840
83953 874
83954 1008
83955 761
83956 1108
83957 613
83958 706
83959 711
83960 965
83961 1031
83962 985
83963 1048
83964 518
83965 329
83966 272
83967 1117
83968 59
83969 126
83970 529
83971 585
83972 561
83973 1114
83974 542
83975 643
83976 290
83977 417
83978 8
83979 106
83980 984
83981 500
83982 935
83983 124
83984 1022
83985 543
83986 433
83987 680
83988 289
83989 187
83990 637
83991 1009
83992 238
83993 840
83994 811
83995 411
83996 920
83997 760
83998 512
83999 1145
84000 1151
84001 276
84002 317
84003 654
84004 573
84005 751
84006 342
84007 246
84008 994
84009 544
84010 506
84011 305
84012 497
84013 543
84014 819
84015 471
84016 317
84017 226
84018 1086
84019 350
84020 902
84021 319
84022 624
84023 1109
84024 878
84025 312
84026 271
84027 151
84028 269
84029 710
84030 165
84031 576
84032 775
84033 960
84034 996
84035 209
84036 380
84037 990
84038 31
84039 961
84040 214
84041 253
84042 451
84043 161
84044 876
84045 1071
84046 188
84047 239
84048 705
84049 77
84050 391
84051 1091
84052 301
84053 521
84054 414
84055 641
84056 150
84057 468
84058 780
84059 818
84060 127
84061 783
84062 414
84063 602
84064 51
84065 117
84066 540
84067 1128
84068 233
84069 684
84070 1108
84071 499
84072 545
84073 1012
84074 515
84075 783
84076 539
84077 528
84078 1143
84079 879
84080 150
84081 766
84082 605
84083 907
84084 741
84085 289
84086 179
84087 57
84088 621
84089 1043
84090 901
84091 270
84092 1124
84093 101
84094 733
84095 311
84096 454
84097 1086
84098 1051
84099 1041
84100 768
84101 170
84102 572
84103 938
84104 272
84105 770
84106 749
84107 34
84108 426
84109 169
84110 17
84111 555
84112 107
84113 86
84114 201
84115 1091
84116 863
84117 835
84118 916
84119 1087
84120 1012
84121 412
84122 168
84123 42
84124 795
84125 127
84126 344
84127 1047
84128 313
84129 1148
84130 233
84131 62
84132 40
84133 972
84134 198
84135 265
84136 105
84137 830
84138 619
84139 812
84140 458
84141 1018
84142 608
84143 801
84144 501
84145 1064
84146 346
84147 306
84148 459
84149 546
84150 1102
84151 934
84152 319
84153 443
84154 604
84155 1
84156 413
84157 587
84158 1061
84159 877
84160 399
84161 10
84162 644
84163 972
84164 799
84165 86
84166 637
84167 114
84168 284
84169 1167
84170 5
84171 503
84172 132
84173 460
84174 11
84175 637
84176 164
84177 488
84178 571
84179 597
84180 1069
84181 652
84182 934
84183 721
84184 96
84185 710
84186 332
84187 159
84188 141
84189 204
84190 230
84191 501
84192 720
84193 487
84194 687
84195 356
84196 48
84197 534
84198 102
84199 419
84200 203
84201 838
84202 96
84203 739
84204 645
84205 461
84206 780
84207 875
84208 29
84209 450
84210 38
84211 576
84212 1124
84213 1014
84214 438
84215 270
84216 507
84217 831
84218 1016
84219 1088
84220 172
84221 682
84222 999
84223 650
84224 311
84225 91
84226 1167
84227 1009
84228 836
84229 876
84230 495
84231 1055
84232 109
84233 275
84234 1080
84235 1151
84236 323
84237 685
84238 1093
84239 38
84240 10
84241 699
84242 900
84243 574
84244 497
84245 725
84246 999
84247 75
84248 1135
84249 862
84250 574
84251 534
84252 638
84253 1064
84254 674
84255 337
84256 702
84257 496
84258 49
84259 1068
84260 79
84261 662
84262 881
84263 17
84264 599
84265 206
84266 83
84267 261
84268 1149
84269 120
84270 1021
84271 924
84272 632
84273 1170
84274 951
84275 1072
84276 1116
84277 1163
84278 765
84279 930
84280 703
84281 1034
84282 647
84283 593
84284 557
84285 616
84286 205
84287 875
84288 713
84289 1119
84290 650
84291 981
84292 529
84293 602
84294 411
84295 728
84296 635
84297 748
84298 829
84299 1012
84300 400
84301 80
84302 210
84303 1146
84304 521
84305 371
84306 637
84307 1128
84308 698
84309 374
84310 297
84311 172
84312 397
84313 630
84314 896
84315 511
84316 93
84317 171
84318 921
84319 225
84320 456
84321 976
84322 989
84323 168
84324 155
84325 997
84326 738
84327 976
84328 15
84329 310
84330 1098
84331 44
84332 1095
84333 969
84334 1123
84335 1043
84336 43
84337 855
84338 343
84339 932
84340 141
84341 1008
84342 27
84343 783
84344 514
84345 334
84346 479
84347 415
84348 6
84349 415
84350 593
84351 578
84352 1071
84353 334
84354 303
84355 883
84356 460
84357 432
84358 652
84359 479
84360 908
84361 181
84362 461
84363 566
84364 465
84365 13
84366 184
84367 571
84368 312
84369 767
84370 1085
84371 1067
84372 548
84373 547
84374 1124
84375 607
84376 1117
84377 1147
84378 332
84379 548
84380 264
84381 243
84382 253
84383 76
84384 423
84385 766
84386 486
84387 611
84388 376
84389 320
84390 255
84391 255
84392 749
84393 789
84394 494
84395 842
84396 124
84397 344
84398 723
84399 635
84400 854
84401 1031
84402 458
84403 643
84404 1168
84405 963
84406 286
84407 192
84408 516
84409 1130
84410 40
84411 787
84412 322
84413 520
84414 891
84415 343
84416 145
84417 906
84418 1105
84419 936
84420 829
84421 1111
84422 270
84423 19
84424 112
84425 603
84426 1028
84427 783
84428 378
84429 1112
84430 1108
84431 715
84432 997
84433 1017
84434 325
84435 1111
84436 928
84437 63
84438 1010
84439 316
84440 918
84441 1172
84442 85
84443 634
84444 265
84445 312
84446 106
84447 377
84448 995
84449 511
84450 23
84451 76
84452 817
84453 15
84454 286
84455 493
84456 166
84457 32
84458 47
84459 326
84460 1114
84461 405
84462 737
84463 999
84464 586
84465 848
84466 18
84467 940
84468 473
84469 704
84470 750
84471 882
84472 969
84473 727
84474 453
84475 712
84476 579
84477 294
84478 61
84479 60
84480 785
84481 277
84482 339
84483 876
84484 578
84485 52
84486 377
84487 759
84488 150
84489 36
84490 206
84491 555
84492 415
84493 485
84494 208
84495 593
84496 494
84497 359
84498 31
84499 342
84500 370
84501 1132
84502 843
84503 33
84504 38
84505 1141
84506 665
84507 1162
84508 129
84509 338
84510 673
84511 170
84512 1074
84513 83
84514 964
84515 74
84516 455
84517 839
84518 469
84519 454
84520 728
84521 179
84522 205
84523 677
84524 212
84525 949
84526 871
84527 760
84528 685
84529 134
84530 815
84531 665
84532 913
84533 735
84534 513
84535 421
84536 556
84537 475
84538 791
84539 463
84540 236
84541 1003
84542 1078
84543 979
84544 1112
84545 933
84546 220
84547 441
84548 144
84549 426
84550 427
84551 730
84552 214
84553 762
84554 352
84555 586
84556 1082
84557 1004
84558 284
84559 1168
84560 715
84561 57
84562 1048
84563 563
84564 1009
84565 312
84566 953
84567 406
84568 71
84569 1024
84570 280
84571 37
84572 1001
84573 162
84574 924
84575 1074
84576 260
84577 701
84578 470
84579 52
84580 1060
84581 632
84582 654
84583 441
84584 856
84585 1075
84586 979
84587 487
84588 374
84589 725
84590 825
84591 764
84592 735
84593 248
84594 1133
84595 777
84596 1113
84597 779
84598 215
84599 536
84600 449
84601 371
84602 101
84603 108
84604 228
84605 1108
84606 859
84607 581
84608 190
84609 961
84610 748
84611 333
84612 588
84613 124
84614 937
84615 928
84616 763
84617 453
84618 787
84619 23
84620 66
84621 881
84622 1005
84623 623
84624 512
84625 225
84626 614
84627 61
84628 275
84629 706
84630 214
84631 297
84632 999
84633 180
84634 304
84635 174
84636 1001
84637 87
84638 1056
84639 592
84640 904
84641 689
84642 412
84643 538
84644 255
84645 995
84646 960
84647 1166
84648 244
84649 786
84650 1040
84651 593
84652 849
84653 143
84654 830
84655 638
84656 66
84657 1157
84658 106
84659 410
84660 579
84661 899
84662 527
84663 679
84664 798
84665 78
84666 256
84667 1167
84668 437
84669 135
84670 319
84671 1074
84672 445
84673 1023
84674 849
84675 588
84676 75
84677 1117
84678 72
84679 680
84680 730
84681 1074
84682 202
84683 63
84684 1097
84685 233
84686 1136
84687 1141
84688 963
84689 339
84690 595
84691 17
84692 773
84693 296
84694 372
84695 473
84696 350
84697 484
84698 188
84699 237
84700 429
84701 245
84702 70
84703 834
84704 453
84705 600
84706 550
84707 86
84708 73
84709 127
84710 1095
84711 728
84712 834
84713 973
84714 165
84715 416
84716 171
84717 79
84718 937
84719 811
84720 247
84721 834
84722 1133
84723 1029
84724 562
84725 573
84726 215
84727 187
84728 938
84729 1126
84730 218
84731 1110
84732 472
84733 307
84734 36
84735 933
84736 1117
84737 933
84738 869
84739 711
84740 987
84741 234
84742 863
84743 471
84744 696
84745 242
84746 886
84747 209
84748 688
84749 35
84750 626
84751 724
84752 641
84753 243
84754 461
84755 512
84756 171
84757 742
84758 781
84759 968
84760 308
84761 84
84762 74
84763 1068
84764 1144
84765 966
84766 236
84767 284
84768 469
84769 959
84770 1051
84771 951
84772 379
84773 1154
84774 791
84775 823
84776 1057
84777 1034
84778 940
84779 819
84780 452
84781 994
84782 1033
84783 268
84784 669
84785 767
84786 498
84787 4
84788 459
84789 370
84790 76
84791 871
84792 172
84793 835
84794 27
84795 963
84796 896
84797 515
84798 340
84799 939
84800 229
84801 887
84802 912
84803 554
84804 720
84805 1064
84806 232
84807 525
84808 477
84809 378
84810 847
84811 871
84812 900
84813 474
84814 1158
84815 623
84816 279
84817 818
84818 354
84819 466
84820 110
84821 863
84822 792
84823 917
84824 1047
84825 336
84826 452
84827 514
84828 79
84829 379
84830 926
84831 337
84832 632
84833 836
84834 168
84835 178
84836 441
84837 914
84838 1146
84839 581
84840 403
84841 491
84842 419
84843 999
84844 1096
84845 690
84846 591
84847 837
84848 621
84849 1089
84850 1131
84851 377
84852 860
84853 464
84854 198
84855 700
84856 874
84857 57
84858 69
84859 474
84860 427
84861 748
84862 813
84863 778
84864 856
84865 534
84866 178
84867 1
84868 856
84869 895
84870 992
84871 842
84872 1150
84873 1016
84874 1081
84875 854
84876 682
84877 689
84878 42
84879 826
84880 1011
84881 600
84882 985
84883 993
84884 924
84885 1032
84886 622
84887 557
84888 63
84889 963
84890 406
84891 910
84892 1007
84893 1166
84894 0
84895 1104
84896 909
84897 890
84898 503
84899 375
84900 30
84901 972
84902 867
84903 1050
84904 486
84905 168
84906 617
84907 947
84908 648
84909 809
84910 207
84911 557
84912 692
84913 669
84914 211
84915 670
84916 53
84917 162
84918 1021
84919 638
84920 233
84921 434
84922 196
84923 937
84924 515
84925 882
84926 858
84927 876
84928 476
84929 714
84930 563
84931 392
84932 357
84933 653
84934 1087
84935 161
84936 154
84937 534
84938 299
84939 780
84940 561
84941 926
84942 368
84943 537
84944 353
84945 695
84946 92
84947 936
84948 1130
84949 1039
84950 821
84951 755
84952 495
84953 996
84954 576
84955 22
84956 718
84957 769
84958 1096
84959 412
84960 47
84961 906
84962 56
84963 332
84964 506
84965 87
84966 573
84967 726
84968 528
84969 858
84970 308
84971 524
84972 595
84973 384
84974 510
84975 960
84976 378
84977 114
84978 82
84979 809
84980 89
84981 723
84982 718
84983 614
84984 744
84985 961
84986 495
84987 639
84988 472
84989 1013
84990 992
84991 991
84992 95
84993 992
84994 750
84995 39
84996 867
84997 585
84998 248
84999 564
85000 768
85001 515
85002 407
85003 1125
85004 396
85005 58
85006 357
85007 823
85008 839
85009 953
85010 932
85011 999
85012 739
85013 226
85014 1127
85015 269
85016 900
85017 1172
85018 895
85019 13
85020 1097
85021 116
85022 487
85023 1148
85024 236
85025 980
85026 45
85027 319
85028 422
85029 795
85030 193
85031 1107
85032 744
85033 276
85034 200
85035 1168
85036 1143
85037 643
85038 476
85039 551
85040 956
85041 940
85042 178
85043 556
85044 421
85045 901
85046 269
85047 441
85048 304
85049 1110
85050 750
85051 149
85052 239
85053 216
85054 65
85055 1011
85056 1096
85057 621
85058 30
85059 640
85060 253
85061 138
85062 328
85063 1131
85064 1026
85065 729
85066 476
85067 1105
85068 1034
85069 1048
85070 520
85071 1013
85072 523
85073 621
85074 1125
85075 489
85076 128
85077 1107
85078 28
85079 1043
85080 17
85081 333
85082 242
85083 1157
85084 774
85085 906
85086 527
85087 1059
85088 276
85089 336
85090 1016
85091 458
85092 247
85093 965
85094 114
85095 312
85096 396
85097 216
85098 444
85099 27
85100 125
85101 291
85102 564
85103 225
85104 68
85105 121
85106 956
85107 1068
85108 952
85109 231
85110 303
85111 230
85112 835
85113 925
85114 168
85115 859
85116 970
85117 1016
85118 624
85119 451
85120 793
85121 344
85122 110
85123 483
85124 231
85125 961
85126 1107
85127 264
85128 964
85129 933
85130 341
85131 355
85132 912
85133 925
85134 865
85135 962
85136 15
85137 433
85138 1008
85139 297
85140 958
85141 840
85142 286
85143 248
85144 768
85145 254
85146 72
85147 497
85148 310
85149 1160
85150 712
85151 25
85152 151
85153 862
85154 6
85155 1127
85156 1064
85157 159
85158 500
85159 1036
85160 173
85161 687
85162 2
85163 262
85164 15
85165 478
85166 1121
85167 871
85168 867
85169 620
85170 76
85171 924
85172 42
85173 351
85174 1035
85175 604
85176 842
85177 459
85178 872
85179 573
85180 577
85181 938
85182 464
85183 7
85184 1018
85185 630
85186 608
85187 1064
85188 1031
85189 909
85190 368
85191 527
85192 136
85193 800
85194 501
85195 908
85196 292
85197 280
85198 466
85199 1077
85200 605
85201 99
85202 509
85203 193
85204 1034
85205 740
85206 3
85207 1139
85208 181
85209 638
85210 519
85211 306
85212 865
85213 36
85214 596
85215 774
85216 177
85217 960
85218 118
85219 276
85220 15
85221 994
85222 740
85223 223
85224 7
85225 1120
85226 560
85227 343
85228 524
85229 342
85230 462
85231 977
85232 961
85233 855
85234 295
85235 304
85236 592
85237 482
85238 1096
85239 1152
85240 692
85241 60
85242 603
85243 28
85244 518
85245 1042
85246 591
85247 101
85248 761
85249 589
85250 1004
85251 388
85252 719
85253 168
85254 691
85255 405
85256 423
85257 747
85258 51
85259 383
85260 825
85261 69
85262 1125
85263 983
85264 659
85265 1114
85266 1119
85267 1008
85268 929
85269 181
85270 437
85271 395
85272 626
85273 385
85274 1022
85275 893
85276 1021
85277 856
85278 691
85279 752
85280 173
85281 423
85282 951
85283 301
85284 1144
85285 777
85286 663
85287 537
85288 96
85289 716
85290 129
85291 1118
85292 718
85293 675
85294 992
85295 167
85296 795
85297 1151
85298 674
85299 951
85300 279
85301 586
85302 1050
85303 116
85304 394
85305 645
85306 497
85307 1014
85308 707
85309 192
85310 1080
85311 516
85312 254
85313 933
85314 297
85315 663
85316 364
85317 579
85318 744
85319 18
85320 1069
85321 99
85322 69
85323 738
85324 892
85325 509
85326 176
85327 256
85328 111
85329 137
85330 499
85331 1076
85332 885
85333 875
85334 628
85335 602
85336 139
85337 220
85338 650
85339 446
85340 718
85341 640
85342 334
85343 960
85344 149
85345 408
85346 669
85347 480
85348 164
85349 834
85350 216
85351 446
85352 411
85353 76
85354 785
85355 374
85356 799
85357 725
85358 933
85359 666
85360 1087
85361 346
85362 16
85363 49
85364 866
85365 479
85366 1011
85367 1126
85368 741
85369 1152
85370 710
85371 599
85372 369
85373 1021
85374 529
85375 105
85376 400
85377 184
85378 817
85379 728
85380 1068
85381 355
85382 127
85383 83
85384 321
85385 95
85386 362
85387 561
85388 272
85389 507
85390 789
85391 234
85392 1000
85393 1064
85394 60
85395 373
85396 711
85397 558
85398 736
85399 895
85400 270
85401 791
85402 101
85403 191
85404 949
85405 612
85406 918
85407 967
85408 50
85409 1020
85410 182
85411 190
85412 491
85413 218
85414 305
85415 232
85416 183
85417 851
85418 664
85419 1131
85420 26
85421 285
85422 1097
85423 189
85424 490
85425 29
85426 727
85427 989
85428 274
85429 93
85430 552
85431 325
85432 823
85433 386
85434 986
85435 426
85436 234
85437 1009
85438 100
85439 32
85440 465
85441 103
85442 224
85443 1087
85444 750
85445 436
85446 241
85447 1046
85448 715
85449 957
85450 514
85451 945
85452 566
85453 818
85454 670
85455 21
85456 465
85457 39
85458 745
85459 718
85460 794
85461 103
85462 96
85463 171
85464 1169
85465 915
85466 1101
85467 42
85468 777
85469 193
85470 908
85471 1077
85472 184
85473 1090
85474 1078
85475 771
85476 516
85477 545
85478 582
85479 260
85480 201
85481 691
85482 664
85483 282
85484 909
85485 209
85486 1002
85487 1054
85488 130
85489 881
85490 307
85491 1168
85492 801
85493 1076
85494 1128
85495 1060
85496 756
85497 419
85498 412
85499 960
85500 363
85501 946
85502 143
85503 288
85504 485
85505 1159
85506 636
85507 118
85508 1032
85509 54
85510 247
85511 250
85512 1107
85513 873
85514 252
85515 560
85516 1157
85517 1088
85518 1169
85519 557
85520 939
85521 320
85522 318
85523 236
85524 908
85525 824
85526 698
85527 739
85528 1060
85529 582
85530 721
85531 1151
85532 150
85533 655
85534 562
85535 589
85536 703
85537 26
85538 10
85539 488
85540 385
85541 481
85542 764
85543 605
85544 663
85545 335
85546 948
85547 1011
85548 199
85549 446
85550 834
85551 464
85552 835
85553 69
85554 455
85555 688
85556 538
85557 258
85558 78
85559 626
85560 893
85561 605
85562 1055
85563 1082
85564 835
85565 482
85566 744
85567 1048
85568 253
85569 154
85570 751
85571 1126
85572 287
85573 255
85574 97
85575 440
85576 895
85577 854
85578 986
85579 711
85580 420
85581 89
85582 141
85583 1070
85584 105
85585 901
85586 800
85587 1061
85588 4
85589 761
85590 607
85591 730
85592 1148
85593 184
85594 155
85595 281
85596 246
85597 508
85598 808
85599 1012
85600 119
85601 642
85602 579
85603 476
85604 380
85605 1127
85606 1000
85607 1135
85608 454
85609 1015
85610 291
85611 430
85612 592
85613 93
85614 463
85615 891
85616 600
85617 593
85618 399
85619 676
85620 78
85621 474
85622 410
85623 1110
85624 647
85625 579
85626 519
85627 641
85628 153
85629 291
85630 599
85631 37
85632 1083
85633 1070
85634 1090
85635 526
85636 210
85637 627
85638 207
85639 916
85640 410
85641 1068
85642 701
85643 518
85644 1004
85645 662
85646 85
85647 58
85648 448
85649 204
85650 359
85651 309
85652 662
85653 67
85654 646
85655 1006
85656 266
85657 1102
85658 171
85659 670
85660 880
85661 311
85662 208
85663 782
85664 541
85665 269
85666 1109
85667 1003
85668 725
85669 734
85670 915
85671 530
85672 851
85673 15
85674 738
85675 697
85676 204
85677 1039
85678 1053
85679 848
85680 1075
85681 748
85682 588
85683 118
85684 878
85685 186
85686 529
85687 82
85688 300
85689 748
85690 273
85691 368
85692 740
85693 240
85694 674
85695 550
85696 246
85697 485
85698 763
85699 379
85700 18
85701 560
85702 874
85703 1166
85704 303
85705 137
85706 160
85707 563
85708 355
85709 252
85710 673
85711 215
85712 218
85713 418
85714 487
85715 696
85716 1012
85717 1113
85718 1043
85719 18
85720 515
85721 441
85722 282
85723 257
85724 212
85725 371
85726 588
85727 299
85728 1076
85729 201
85730 1093
85731 425
85732 418
85733 1082
85734 924
85735 809
85736 556
85737 374
85738 594
85739 952
85740 770
85741 240
85742 950
85743 733
85744 1126
85745 521
85746 387
85747 323
85748 667
85749 1012
85750 871
85751 197
85752 234
85753 661
85754 943
85755 822
85756 127
85757 995
85758 683
85759 461
85760 784
85761 626
85762 1125
85763 31
85764 791
85765 29
85766 974
85767 255
85768 936
85769 929
85770 522
85771 955
85772 748
85773 364
85774 914
85775 351
85776 930
85777 1087
85778 408
85779 109
85780 497
85781 704
85782 261
85783 129
85784 1091
85785 615
85786 617
85787 202
85788 634
85789 711
85790 125
85791 837
85792 70
85793 186
85794 917
85795 243
85796 600
85797 951
85798 248
85799 37
85800 172
85801 382
85802 938
85803 730
85804 491
85805 756
85806 383
85807 95
85808 1032
85809 651
85810 975
85811 866
85812 587
85813 614
85814 42
85815 41
85816 118
85817 814
85818 134
85819 190
85820 1148
85821 739
85822 994
85823 924
85824 732
85825 284
85826 935
85827 818
85828 7
85829 464
85830 775
85831 520
85832 77
85833 128
85834 326
85835 950
85836 586
85837 452
85838 706
85839 108
85840 543
85841 920
85842 286
85843 254
85844 1098
85845 92
85846 134
85847 625
85848 87
85849 563
85850 954
85851 981
85852 40
85853 1168
85854 541
85855 1124
85856 843
85857 674
85858 180
85859 747
85860 32
85861 979
85862 667
85863 160
85864 639
85865 665
85866 791
85867 116
85868 264
85869 325
85870 872
85871 987
85872 293
85873 813
85874 483
85875 633
85876 202
85877 1031
85878 720
85879 887
85880 755
85881 919
85882 422
85883 1084
85884 824
85885 695
85886 348
85887 547
85888 697
85889 32
85890 736
85891 779
85892 411
85893 666
85894 155
85895 643
85896 993
85897 785
85898 237
85899 982
85900 264
85901 91
85902 262
85903 466
85904 468
85905 217
85906 845
85907 132
85908 965
85909 704
85910 50
85911 1104
85912 931
85913 451
85914 444
85915 1014
85916 1016
85917 35
85918 628
85919 736
85920 628
85921 875
85922 439
85923 1052
85924 939
85925 862
85926 115
85927 552
85928 751
85929 553
85930 1083
85931 933
85932 974
85933 667
85934 917
85935 145
85936 421
85937 154
85938 323
85939 622
85940 183
85941 1079
85942 42
85943 1119
85944 955
85945 373
85946 704
85947 390
85948 1033
85949 331
85950 635
85951 1150
85952 385
85953 1168
85954 459
85955 16
85956 80
85957 344
85958 707
85959 855
85960 211
85961 559
85962 962
85963 615
85964 209
85965 478
85966 886
85967 678
85968 659
85969 600
85970 797
85971 251
85972 145
85973 563
85974 397
85975 754
85976 665
85977 1086
85978 351
85979 1122
85980 905
85981 379
85982 1126
85983 369
85984 409
85985 403
85986 409
85987 532
85988 43
85989 708
85990 574
85991 759
85992 48
85993 58
85994 666
85995 719
85996 1079
85997 955
85998 83
85999 13
86000 202
86001 419
86002 882
86003 728
86004 749
86005 717
86006 473
86007 523
86008 473
86009 177
86010 645
86011 1066
86012 493
86013 373
86014 875
86015 606
86016 311
86017 97
86018 590
86019 1100
86020 600
86021 743
86022 445
86023 858
86024 790
86025 107
86026 157
86027 984
86028 1137
86029 838
86030 120
86031 94
86032 1005
86033 522
86034 105
86035 47
86036 526
86037 657
86038 164
86039 880
86040 182
86041 359
86042 574
86043 1144
86044 525
86045 605
86046 550
86047 207
86048 710
86049 926
86050 282
86051 513
86052 1161
86053 187
86054 949
86055 78
86056 958
86057 963
86058 424
86059 994
86060 1097
86061 646
86062 568
86063 607
86064 505
86065 748
86066 35
86067 333
86068 1143
86069 416
86070 979
86071 412
86072 591
86073 913
86074 767
86075 340
86076 656
86077 507
86078 566
86079 414
86080 990
86081 72
86082 1158
86083 334
86084 81
86085 157
86086 448
86087 678
86088 302
86089 940
86090 1099
86091 589
86092 321
86093 571
86094 758
86095 400
86096 95
86097 548
86098 219
86099 117
86100 446
86101 292
86102 560
86103 326
86104 743
86105 602
86106 773
86107 1016
86108 86
86109 8
86110 323
86111 994
86112 602
86113 678
86114 1057
86115 674
86116 211
86117 237
86118 819
86119 1038
86120 116
86121 271
86122 246
86123 719
86124 204
86125 778
86126 41
86127 442
86128 146
86129 1075
86130 329
86131 1134
86132 401
86133 481
86134 86
86135 0
86136 479
86137 856
86138 699
86139 1084
86140 453
86141 144
86142 1159
86143 268
86144 608
86145 1027
86146 446
86147 116
86148 716
86149 780
86150 624
86151 874
86152 937
86153 66
86154 415
86155 1136
86156 35
86157 819
86158 614
86159 1086
86160 1154
86161 570
86162 901
86163 448
86164 39
86165 1075
86166 345
86167 822
86168 646
86169 387
86170 1095
86171 159
86172 1089
86173 435
86174 166
86175 969
86176 193
86177 615
86178 993
86179 68
86180 643
86181 141
86182 492
86183 390
86184 1041
86185 663
86186 399
86187 21
86188 1034
86189 368
86190 1070
86191 120
86192 982
86193 375
86194 1108
86195 682
86196 875
86197 485
86198 357
86199 991
86200 657
86201 90
86202 822
86203 1066
86204 775
86205 69
86206 111
86207 1147
86208 159
86209 177
86210 694
86211 765
86212 513
86213 148
86214 734
86215 978
86216 101
86217 332
86218 348
86219 1
86220 52
86221 637
86222 573
86223 934
86224 1101
86225 822
86226 837
86227 850
86228 175
86229 792
86230 978
86231 666
86232 125
86233 898
86234 697
86235 951
86236 161
86237 1140
86238 687
86239 332
86240 506
86241 231
86242 824
86243 769
86244 324
86245 80
86246 511
86247 160
86248 1118
86249 110
86250 17
86251 698
86252 1064
86253 217
86254 457
86255 183
86256 1090
86257 606
86258 553
86259 483
86260 1172
86261 1123
86262 426
86263 103
86264 942
86265 152
86266 315
86267 539
86268 689
86269 847
86270 1067
86271 824
86272 902
86273 67
86274 160
86275 741
86276 746
86277 788
86278 325
86279 856
86280 970
86281 376
86282 1051
86283 1122
86284 312
86285 1167
86286 423
86287 774
86288 543
86289 732
86290 983
86291 885
86292 494
86293 1030
86294 934
86295 204
86296 772
86297 1084
86298 597
86299 239
86300 986
86301 259
86302 445
86303 232
86304 1071
86305 228
86306 720
86307 332
86308 75
86309 191
86310 454
86311 390
86312 778
86313 854
86314 717
86315 258
86316 58
86317 207
86318 325
86319 977
86320 1079
86321 89
86322 196
86323 827
86324 640
86325 1080
86326 401
86327 1111
86328 142
86329 174
86330 346
86331 644
86332 291
86333 434
86334 608
86335 134
86336 588
86337 160
86338 947
86339 1146
86340 420
86341 305
86342 535
86343 56
86344 1151
86345 764
86346 546
86347 142
86348 115
86349 291
86350 271
86351 142
86352 295
86353 39
86354 597
86355 119
86356 738
86357 266
86358 1009
86359 685
86360 497
86361 863
86362 474
86363 1140
86364 726
86365 146
86366 118
86367 492
86368 443
86369 277
86370 705
86371 910
86372 91
86373 279
86374 1018
86375 1009
86376 27
86377 151
86378 280
86379 1112
86380 465
86381 654
86382 1106
86383 69
86384 158
86385 81
86386 809
86387 114
86388 408
86389 819
86390 998
86391 985
86392 410
86393 217
86394 428
86395 429
86396 754
86397 669
86398 546
86399 379
86400 554
86401 732
86402 864
86403 544
86404 144
86405 1158
86406 304
86407 951
86408 868
86409 1035
86410 28
86411 676
86412 452
86413 342
86414 387
86415 172
86416 893
86417 287
86418 147
86419 1162
86420 1053
86421 303
86422 480
86423 1044
86424 720
86425 814
86426 669
86427 524
86428 811
86429 446
86430 392
86431 75
86432 668
86433 867
86434 229
86435 733
86436 1119
86437 471
86438 1034
86439 880
86440 463
86441 480
86442 425
86443 465
86444 300
86445 1168
86446 664
86447 455
86448 603
86449 63
86450 455
86451 103
86452 97
86453 479
86454 806
86455 775
86456 749
86457 1152
86458 326
86459 1047
86460 202
86461 504
86462 1033
86463 487
86464 399
86465 126
86466 508
86467 503
86468 327
86469 169
86470 284
86471 772
86472 695
86473 894
86474 632
86475 857
86476 661
86477 1009
86478 689
86479 858
86480 547
86481 1142
86482 324
86483 1002
86484 259
86485 183
86486 1147
86487 650
86488 449
86489 1029
86490 463
86491 103
86492 526
86493 1172
86494 137
86495 542
86496 554
86497 157
86498 38
86499 676
86500 547
86501 523
86502 237
86503 288
86504 697
86505 594
86506 653
86507 50
86508 1057
86509 779
86510 539
86511 143
86512 517
86513 944
86514 521
86515 1034
86516 459
86517 248
86518 993
86519 1115
86520 858
86521 391
86522 306
86523 117
86524 303
86525 68
86526 598
86527 782
86528 638
86529 662
86530 243
86531 296
86532 969
86533 792
86534 392
86535 829
86536 974
86537 718
86538 484
86539 515
86540 226
86541 150
86542 957
86543 328
86544 1137
86545 65
86546 1101
86547 822
86548 735
86549 760
86550 425
86551 64
86552 195
86553 792
86554 876
86555 1097
86556 655
86557 489
86558 1030
86559 994
86560 1117
86561 59
86562 267
86563 703
86564 578
86565 386
86566 148
86567 625
86568 605
86569 1
86570 1153
86571 751
86572 876
86573 599
86574 248
86575 562
86576 965
86577 1062
86578 658
86579 1078
86580 987
86581 831
86582 934
86583 464
86584 8
86585 950
86586 1016
86587 72
86588 132
86589 852
86590 649
86591 1150
86592 180
86593 232
86594 1128
86595 1168
86596 590
86597 541
86598 596
86599 1029
86600 799
86601 691
86602 1112
86603 128
86604 441
86605 109
86606 537
86607 960
86608 286
86609 904
86610 360
86611 16
86612 238
86613 671
86614 3
86615 292
86616 69
86617 15
86618 125
86619 1109
86620 16
86621 1129
86622 782
86623 314
86624 323
86625 372
86626 869
86627 425
86628 1124
86629 998
86630 778
86631 945
86632 194
86633 1134
86634 598
86635 482
86636 152
86637 933
86638 1013
86639 1106
86640 926
86641 399
86642 20
86643 236
86644 646
86645 601
86646 512
86647 177
86648 469
86649 981
86650 421
86651 932
86652 853
86653 90
86654 476
86655 628
86656 487
86657 679
86658 63
86659 875
86660 264
86661 16
86662 989
86663 978
86664 45
86665 34
86666 1110
86667 343
86668 607
86669 581
86670 692
86671 1027
86672 64
86673 428
86674 994
86675 554
86676 55
86677 27
86678 496
86679 954
86680 491
86681 472
86682 528
86683 589
86684 833
86685 88
86686 445
86687 667
86688 1026
86689 171
86690 680
86691 421
86692 49
86693 928
86694 596
86695 812
86696 663
86697 128
86698 35
86699 915
86700 1010
86701 934
86702 714
86703 1057
86704 452
86705 350
86706 36
86707 1086
86708 534
86709 179
86710 15
86711 869
86712 94
86713 123
86714 441
86715 307
86716 185
86717 521
86718 256
86719 114
86720 189
86721 924
86722 97
86723 30
86724 578
86725 213
86726 879
86727 996
86728 1077
86729 954
86730 290
86731 1062
86732 1133
86733 58
86734 1032
86735 848
86736 476
86737 109
86738 14
86739 528
86740 273
86741 188
86742 583
86743 296
86744 988
86745 333
86746 212
86747 654
86748 335
86749 1080
86750 1080
86751 717
86752 986
86753 1085
86754 310
86755 1003
86756 385
86757 687
86758 869
86759 985
86760 785
86761 1061
86762 543
86763 867
86764 178
86765 533
86766 667
86767 967
86768 864
86769 431
86770 116
86771 360
86772 905
86773 751
86774 1138
86775 333
86776 642
86777 201
86778 923
86779 199
86780 193
86781 262
86782 820
86783 20
86784 978
86785 954
86786 479
86787 541
86788 1157
86789 990
86790 1035
86791 230
86792 355
86793 865
86794 361
86795 618
86796 484
86797 904
86798 623
86799 760
86800 118
86801 976
86802 279
86803 898
86804 566
86805 1045
86806 180
86807 992
86808 791
86809 722
86810 770
86811 316
86812 627
86813 28
86814 553
86815 348
86816 709
86817 1038
86818 233
86819 213
86820 913
86821 294
86822 11
86823 757
86824 578
86825 131
86826 1077
86827 520
86828 180
86829 87
86830 509
86831 458
86832 506
86833 824
86834 1085
86835 958
86836 910
86837 313
86838 1000
86839 257
86840 268
86841 747
86842 362
86843 230
86844 369
86845 888
86846 266
86847 175
86848 258
86849 181
86850 350
86851 559
86852 935
86853 942
86854 893
86855 261
86856 936
86857 860
86858 819
86859 0
86860 442
86861 799
86862 795
86863 1064
86864 463
86865 236
86866 871
86867 561
86868 101
86869 337
86870 748
86871 161
86872 447
86873 1047
86874 816
86875 307
86876 919
86877 840
86878 623
86879 627
86880 1036
86881 588
86882 1111
86883 948
86884 925
86885 954
86886 691
86887 444
86888 1094
86889 929
86890 816
86891 412
86892 384
86893 760
86894 262
86895 559
86896 937
86897 149
86898 517
86899 706
86900 70
86901 369
86902 885
86903 396
86904 738
86905 750
86906 659
86907 610
86908 387
86909 497
86910 131
86911 1033
86912 800
86913 238
86914 946
86915 1105
86916 66
86917 204
86918 701
86919 291
86920 70
86921 762
86922 425
86923 783
86924 204
86925 809
86926 905
86927 446
86928 1110
86929 1103
86930 481
86931 368
86932 497
86933 976
86934 303
86935 76
86936 1070
86937 132
86938 903
86939 436
86940 336
86941 364
86942 864
86943 567
86944 626
86945 390
86946 764
86947 530
86948 607
86949 984
86950 684
86951 202
86952 217
86953 790
86954 255
86955 628
86956 935
86957 1079
86958 187
86959 471
86960 40
86961 496
86962 1119
86963 958
86964 474
86965 753
86966 747
86967 1053
86968 288
86969 780
86970 662
86971 508
86972 104
86973 1046
86974 84
86975 159
86976 939
86977 190
86978 657
86979 943
86980 189
86981 562
86982 626
86983 990
86984 733
86985 1000
86986 988
86987 852
86988 544
86989 530
86990 1092
86991 1047
86992 381
86993 838
86994 200
86995 111
86996 163
86997 670
86998 866
86999 307
87000 41
87001 579
87002 194
87003 824
87004 466
87005 725
87006 964
87007 567
87008 698
87009 1083
87010 553
87011 788
87012 344
87013 322
87014 352
87015 374
87016 137
87017 211
87018 507
87019 148
87020 599
87021 744
87022 854
87023 175
87024 1101
87025 965
87026 60
87027 1122
87028 598
87029 638
87030 507
87031 97
87032 656
87033 990
87034 1172
87035 373
87036 733
87037 1095
87038 207
87039 60
87040 1111
87041 1088
87042 1074
87043 573
87044 132
87045 817
87046 667
87047 352
87048 571
87049 390
87050 669
87051 551
87052 957
87053 306
87054 1
87055 427
87056 539
87057 635
87058 194
87059 371
87060 788
87061 119
87062 841
87063 1124
87064 742
87065 522
87066 162
87067 149
87068 395
87069 751
87070 977
87071 240
87072 509
87073 888
87074 734
87075 364
87076 600
87077 1136
87078 890
87079 755
87080 427
87081 982
87082 628
87083 430
87084 170
87085 705
87086 736
87087 42
87088 834
87089 1084
87090 554
87091 349
87092 522
87093 719
87094 1157
87095 239
87096 1132
87097 994
87098 675
87099 931
87100 972
87101 150
87102 331
87103 495
87104 960
87105 38
87106 169
87107 120
87108 799
87109 142
87110 649
87111 712
87112 338
87113 213
87114 287
87115 660
87116 769
87117 701
87118 125
87119 782
87120 664
87121 350
87122 635
87123 1144
87124 501
87125 1119
87126 1019
87127 554
87128 388
87129 455
87130 702
87131 953
87132 307
87133 867
87134 529
87135 792
87136 1001
87137 645
87138 244
87139 445
87140 649
87141 443
87142 617
87143 730
87144 1022
87145 481
87146 674
87147 368
87148 582
87149 290
87150 575
87151 157
87152 67
87153 300
87154 463
87155 534
87156 439
87157 997
87158 869
87159 734
87160 1056
87161 410
87162 512
87163 1003
87164 103
87165 441
87166 1151
87167 1148
87168 472
87169 453
87170 1157
87171 779
87172 478
87173 1073
87174 794
87175 239
87176 1047
87177 934
87178 670
87179 655
87180 615
87181 463
87182 317
87183 597
87184 308
87185 266
87186 286
87187 624
87188 648
87189 685
87190 335
87191 522
87192 334
87193 478
87194 643
87195 215
87196 1068
87197 390
87198 580
87199 236
87200 205
87201 393
87202 205
87203 617
87204 753
87205 954
87206 51
87207 1069
87208 101
87209 175
87210 1162
87211 903
87212 787
87213 119
87214 674
87215 1103
87216 919
87217 485
87218 407
87219 377
87220 405
87221 445
87222 138
87223 9
87224 608
87225 458
87226 120
87227 71
87228 11
87229 1057
87230 610
87231 61
87232 906
87233 87
87234 938
87235 630
87236 1072
87237 364
87238 226
87239 1027
87240 1059
87241 503
87242 734
87243 281
87244 925
87245 382
87246 698
87247 160
87248 546
87249 643
87250 64
87251 118
87252 880
87253 733
87254 264
87255 314
87256 760
87257 947
87258 239
87259 606
87260 581
87261 671
87262 444
87263 88
87264 544
87265 703
87266 828
87267 847
87268 448
87269 185
87270 1131
87271 120
87272 279
87273 666
87274 544
87275 527
87276 678
87277 485
87278 676
87279 481
87280 225
87281 744
87282 204
87283 950
87284 405
87285 668
87286 1128
87287 120
87288 1078
87289 196
87290 971
87291 488
87292 582
87293 435
87294 248
87295 1052
87296 220
87297 1135
87298 176
87299 299
87300 418
87301 885
87302 307
87303 874
87304 1047
87305 1107
87306 631
87307 334
87308 439
87309 467
87310 791
87311 730
87312 986
87313 744
87314 1075
87315 319
87316 879
87317 593
87318 1123
87319 238
87320 338
87321 708
87322 416
87323 982
87324 14
87325 914
87326 262
87327 918
87328 844
87329 576
87330 872
87331 212
87332 899
87333 265
87334 848
87335 417
87336 524
87337 298
87338 13
87339 979
87340 599
87341 942
87342 61
87343 624
87344 781
87345 103
87346 796
87347 375
87348 1000
87349 243
87350 163
87351 530
87352 988
87353 588
87354 129
87355 650
87356 77
87357 705
87358 924
87359 67
87360 1037
87361 245
87362 74
87363 948
87364 914
87365 1051
87366 311
87367 498
87368 562
87369 538
87370 954
87371 240
87372 751
87373 256
87374 421
87375 954
87376 1042
87377 559
87378 332
87379 711
87380 673
87381 718
87382 961
87383 1024
87384 537
87385 987
87386 789
87387 254
87388 839
87389 1009
87390 1132
87391 1109
87392 791
87393 309
87394 700
87395 206
87396 111
87397 268
87398 1041
87399 1035
87400 991
87401 878
87402 90
87403 1126
87404 615
87405 153
87406 722
87407 1106
87408 546
87409 125
87410 744
87411 718
87412 207
87413 1021
87414 1034
87415 670
87416 1107
87417 29
87418 923
87419 489
87420 251
87421 11
87422 351
87423 504
87424 552
87425 819
87426 1059
87427 299
87428 335
87429 140
87430 356
87431 160
87432 497
87433 619
87434 91
87435 1
87436 543
87437 1115
87438 910
87439 783
87440 533
87441 943
87442 466
87443 661
87444 852
87445 497
87446 534
87447 1032
87448 853
87449 1070
87450 466
87451 588
87452 869
87453 850
87454 664
87455 1013
87456 474
87457 342
87458 644
87459 708
87460 1063
87461 349
87462 161
87463 302
87464 409
87465 68
87466 552
87467 482
87468 607
87469 621
87470 894
87471 694
87472 513
87473 962
87474 825
87475 1074
87476 408
87477 680
87478 758
87479 164
87480 539
87481 405
87482 362
87483 444
87484 500
87485 998
87486 569
87487 29
87488 394
87489 838
87490 55
87491 992
87492 758
87493 789
87494 644
87495 705
87496 1130
87497 196
87498 963
87499 337
87500 483
87501 647
87502 861
87503 967
87504 4
87505 442
87506 970
87507 968
87508 944
87509 682
87510 230
87511 361
87512 686
87513 45
87514 93
87515 1159
87516 91
87517 483
87518 958
87519 1005
87520 157
87521 355
87522 754
87523 512
87524 752
87525 794
87526 294
87527 1005
87528 546
87529 224
87530 533
87531 413
87532 387
87533 647
87534 1044
87535 372
87536 6
87537 209
87538 852
87539 30
87540 66
87541 716
87542 612
87543 1041
87544 907
87545 1040
87546 394
87547 190
87548 757
87549 509
87550 992
87551 479
87552 508
87553 559
87554 185
87555 974
87556 128
87557 951
87558 890
87559 750
87560 1019
87561 1134
87562 661
87563 191
87564 907
87565 193
87566 850
87567 1147
87568 1007
87569 392
87570 569
87571 1159
87572 720
87573 655
87574 219
87575 470
87576 348
87577 701
87578 558
87579 394
87580 108
87581 356
87582 1149
87583 662
87584 396
87585 917
87586 60
87587 576
87588 1133
87589 489
87590 458
87591 630
87592 170
87593 557
87594 216
87595 552
87596 896
87597 1031
87598 364
87599 1068
87600 1142
87601 1149
87602 28
87603 584
87604 1130
87605 980
87606 627
87607 1067
87608 333
87609 811
87610 321
87611 1021
87612 877
87613 819
87614 612
87615 60
87616 673
87617 500
87618 1127
87619 1132
87620 80
87621 216
87622 361
87623 819
87624 766
87625 624
87626 455
87627 5
87628 990
87629 281
87630 1101
87631 532
87632 885
87633 212
87634 721
87635 406
87636 450
87637 383
87638 447
87639 186
87640 329
87641 648
87642 5
87643 629
87644 222
87645 1064
87646 266
87647 770
87648 809
87649 218
87650 403
87651 825
87652 219
87653 871
87654 1055
87655 664
87656 918
87657 151
87658 715
87659 321
87660 924
87661 643
87662 1098
87663 563
87664 1099
87665 730
87666 863
87667 773
87668 86
87669 60
87670 420
87671 1019
87672 68
87673 167
87674 712
87675 99
87676 433
87677 165
87678 1092
87679 132
87680 258
87681 621
87682 648
87683 910
87684 1115
87685 299
87686 509
87687 1046
87688 924
87689 64
87690 520
87691 0
87692 316
87693 427
87694 492
87695 535
87696 1060
87697 267
87698 1045
87699 299
87700 522
87701 102
87702 825
87703 953
87704 1001
87705 160
87706 797
87707 914
87708 51
87709 173
87710 274
87711 356
87712 109
87713 1136
87714 64
87715 55
87716 455
87717 695
87718 82
87719 666
87720 511
87721 1141
87722 254
87723 947
87724 849
87725 94
87726 182
87727 993
87728 87
87729 380
87730 1123
87731 1142
87732 352
87733 732
87734 641
87735 604
87736 959
87737 712
87738 604
87739 794
87740 353
87741 781
87742 864
87743 173
87744 173
87745 155
87746 804
87747 1048
87748 417
87749 930
87750 644
87751 839
87752 1107
87753 263
87754 282
87755 145
87756 175
87757 439
87758 859
87759 387
87760 773
87761 351
87762 102
87763 429
87764 891
87765 425
87766 234
87767 598
87768 58
87769 785
87770 1161
87771 217
87772 1158
87773 1141
87774 791
87775 291
87776 890
87777 1068
87778 1055
87779 69
87780 376
87781 835
87782 238
87783 631
87784 43
87785 553
87786 421
87787 241
87788 114
87789 279
87790 384
87791 387
87792 133
87793 328
87794 209
87795 412
87796 819
87797 512
87798 220
87799 283
87800 556
87801 837
87802 430
87803 359
87804 767
87805 800
87806 10
87807 601
87808 1066
87809 936
87810 266
87811 27
87812 655
87813 52
87814 336
87815 621
87816 902
87817 979
87818 125
87819 323
87820 1039
87821 598
87822 1051
87823 1133
87824 509
87825 558
87826 1016
87827 217
87828 790
87829 803
87830 217
87831 521
87832 822
87833 86
87834 573
87835 152
87836 930
87837 155
87838 649
87839 32
87840 1153
87841 229
87842 253
87843 997
87844 1137
87845 522
87846 59
87847 599
87848 1012
87849 479
87850 162
87851 342
87852 470
87853 740
87854 608
87855 489
87856 123
87857 875
87858 914
87859 922
87860 318
87861 708
87862 1057
87863 660
87864 485
87865 1066
87866 138
87867 750
87868 892
87869 128
87870 531
87871 753
87872 147
87873 945
87874 630
87875 182
87876 97
87877 1067
87878 271
87879 914
87880 488
87881 359
87882 840
87883 846
87884 520
87885 41
87886 1036
87887 114
87888 348
87889 301
87890 885
87891 639
87892 402
87893 691
87894 373
87895 963
87896 407
87897 401
87898 361
87899 622
87900 565
87901 1069
87902 535
87903 757
87904 654
87905 963
87906 670
87907 917
87908 80
87909 842
87910 520
87911 599
87912 1154
87913 747
87914 388
87915 758
87916 375
87917 1132
87918 487
87919 594
87920 185
87921 625
87922 182
87923 1153
87924 553
87925 1110
87926 165
87927 333
87928 816
87929 944
87930 825
87931 817
87932 298
87933 595
87934 816
87935 880
87936 907
87937 693
87938 745
87939 780
87940 428
87941 914
87942 994
87943 917
87944 143
87945 968
87946 1033
87947 642
87948 825
87949 162
87950 296
87951 969
87952 115
87953 265
87954 23
87955 680
87956 1026
87957 136
87958 764
87959 821
87960 595
87961 461
87962 299
87963 487
87964 1101
87965 672
87966 197
87967 1052
87968 135
87969 618
87970 86
87971 438
87972 1167
87973 298
87974 907
87975 362
87976 952
87977 1041
87978 447
87979 876
87980 835
87981 280
87982 1103
87983 193
87984 1104
87985 458
87986 1000
87987 274
87988 275
87989 131
87990 719
87991 460
87992 1001
87993 494
87994 401
87995 714
87996 935
87997 541
87998 505
87999 17
88000 457
88001 1100
88002 507
88003 222
88004 974
88005 123
88006 488
88007 598
88008 417
88009 372
88010 763
88011 106
88012 542
88013 647
88014 58
88015 1040
88016 816
88017 191
88018 315
88019 487
88020 359
88021 774
88022 1008
88023 1064
88024 535
88025 866
88026 899
88027 369
88028 1047
88029 545
88030 839
88031 1045
88032 287
88033 623
88034 719
88035 362
88036 958
88037 631
88038 185
88039 811
88040 586
88041 685
88042 407
88043 1074
88044 458
88045 395
88046 1155
88047 663
88048 934
88049 924
88050 416
88051 232
88052 292
88053 772
88054 934
88055 1169
88056 76
88057 322
88058 135
88059 143
88060 826
88061 835
88062 675
88063 1064
88064 52
88065 220
88066 346
88067 758
88068 833
88069 555
88070 1012
88071 815
88072 668
88073 660
88074 200
88075 233
88076 685
88077 353
88078 716
88079 318
88080 114
88081 272
88082 39
88083 226
88084 892
88085 89
88086 788
88087 117
88088 324
88089 693
88090 464
88091 655
88092 523
88093 92
88094 851
88095 361
88096 1148
88097 275
88098 1167
88099 1007
88100 39
88101 22
88102 235
88103 503
88104 701
88105 184
88106 928
88107 262
88108 503
88109 131
88110 906
88111 178
88112 132
88113 823
88114 363
88115 488
88116 659
88117 69
88118 263
88119 63
88120 314
88121 530
88122 514
88123 276
88124 536
88125 106
88126 1094
88127 424
88128 508
88129 419
88130 226
88131 128
88132 753
88133 28
88134 417
88135 939
88136 121
88137 651
88138 974
88139 215
88140 526
88141 696
88142 1054
88143 58
88144 1130
88145 175
88146 526
88147 111
88148 697
88149 62
88150 558
88151 303
88152 243
88153 533
88154 329
88155 225
88156 1068
88157 1001
88158 1014
88159 683
88160 947
88161 369
88162 289
88163 884
88164 579
88165 1139
88166 160
88167 209
88168 3
88169 1134
88170 1026
88171 554
88172 1155
88173 866
88174 489
88175 875
88176 1114
88177 645
88178 598
88179 148
88180 60
88181 446
88182 180
88183 29
88184 1072
88185 514
88186 212
88187 810
88188 243
88189 532
88190 342
88191 670
88192 302
88193 111
88194 679
88195 23
88196 326
88197 859
88198 81
88199 68
88200 1147
88201 955
88202 485
88203 1114
88204 985
88205 717
88206 1059
88207 698
88208 1096
88209 783
88210 519
88211 570
88212 860
88213 301
88214 527
88215 554
88216 616
88217 708
88218 1036
88219 545
88220 957
88221 1129
88222 420
88223 227
88224 605
88225 715
88226 923
88227 359
88228 487
88229 185
88230 1130
88231 487
88232 1039
88233 26
88234 430
88235 449
88236 135
88237 1130
88238 201
88239 451
88240 947
88241 1154
88242 362
88243 124
88244 593
88245 124
88246 715
88247 840
88248 701
88249 196
88250 55
88251 535
88252 649
88253 329
88254 544
88255 577
88256 1077
88257 369
88258 753
88259 708
88260 63
88261 1031
88262 192
88263 38
88264 623
88265 1086
88266 435
88267 290
88268 748
88269 448
88270 510
88271 58
88272 369
88273 30
88274 1117
88275 518
88276 182
88277 332
88278 767
88279 810
88280 726
88281 1079
88282 718
88283 322
88284 73
88285 300
88286 184
88287 607
88288 1036
88289 712
88290 703
88291 953
88292 862
88293 1005
88294 351
88295 548
88296 657
88297 1059
88298 657
88299 530
88300 74
88301 407
88302 64
88303 338
88304 283
88305 435
88306 670
88307 499
88308 407
88309 1140
88310 522
88311 689
88312 1121
88313 748
88314 782
88315 165
88316 797
88317 287
88318 361
88319 670
88320 607
88321 548
88322 590
88323 230
88324 511
88325 319
88326 307
88327 529
88328 633
88329 680
88330 642
88331 504
88332 510
88333 831
88334 560
88335 323
88336 323
88337 414
88338 1126
88339 265
88340 347
88341 773
88342 781
88343 913
88344 906
88345 1116
88346 125
88347 933
88348 697
88349 274
88350 151
88351 900
88352 615
88353 318
88354 694
88355 730
88356 495
88357 810
88358 93
88359 928
88360 572
88361 223
88362 790
88363 178
88364 1086
88365 132
88366 524
88367 770
88368 751
88369 725
88370 371
88371 771
88372 525
88373 253
88374 946
88375 730
88376 136
88377 371
88378 499
88379 805
88380 620
88381 717
88382 998
88383 1151
88384 602
88385 685
88386 176
88387 611
88388 755
88389 1041
88390 973
88391 26
88392 273
88393 679
88394 46
88395 341
88396 826
88397 767
88398 861
88399 512
88400 362
88401 665
88402 203
88403 451
88404 1085
88405 46
88406 818
88407 720
88408 604
88409 751
88410 272
88411 990
88412 499
88413 413
88414 462
88415 302
88416 1100
88417 449
88418 693
88419 129
88420 579
88421 836
88422 923
88423 1102
88424 275
88425 201
88426 54
88427 641
88428 1049
88429 387
88430 322
88431 586
88432 104
88433 555
88434 2
88435 889
88436 699
88437 1152
88438 442
88439 1019
88440 137
88441 386
88442 628
88443 942
88444 1013
88445 646
88446 1002
88447 414
88448 1160
88449 157
88450 540
88451 416
88452 49
88453 328
88454 1120
88455 741
88456 24
88457 29
88458 645
88459 409
88460 764
88461 1119
88462 263
88463 910
88464 725
88465 444
88466 638
88467 412
88468 1122
88469 110
88470 960
88471 188
88472 831
88473 110
88474 100
88475 482
88476 1009
88477 927
88478 454
88479 579
88480 1160
88481 870
88482 723
88483 747
88484 302
88485 267
88486 678
88487 1140
88488 957
88489 1150
88490 720
88491 316
88492 871
88493 880
88494 252
88495 699
88496 1134
88497 342
88498 299
88499 1123
88500 802
88501 767
88502 1022
88503 714
88504 127
88505 168
88506 1040
88507 327
88508 792
88509 1061
88510 537
88511 683
88512 676
88513 215
88514 34
88515 114
88516 215
88517 947
88518 458
88519 732
88520 779
88521 142
88522 1139
88523 350
88524 727
88525 559
88526 343
88527 454
88528 298
88529 905
88530 647
88531 655
88532 193
88533 807
88534 499
88535 54
88536 464
88537 810
88538 17
88539 1024
88540 154
88541 15
88542 1154
88543 580
88544 1160
88545 101
88546 878
88547 255
88548 164
88549 468
88550 545
88551 132
88552 966
88553 1150
88554 444
88555 594
88556 37
88557 168
88558 768
88559 288
88560 416
88561 525
88562 252
88563 1142
88564 381
88565 1083
88566 491
88567 380
88568 642
88569 509
88570 325
88571 859
88572 1158
88573 706
88574 641
88575 255
88576 199
88577 324
88578 2
88579 130
88580 214
88581 401
88582 626
88583 706
88584 58
88585 598
88586 463
88587 12
88588 1031
88589 541
88590 640
88591 196
88592 1080
88593 692
88594 631
88595 393
88596 783
88597 1037
88598 918
88599 668
88600 827
88601 1005
88602 589
88603 726
88604 956
88605 331
88606 1068
88607 70
88608 1096
88609 51
88610 595
88611 305
88612 817
88613 640
88614 58
88615 354
88616 583
88617 23
88618 851
88619 132
88620 1125
88621 1000
88622 657
88623 58
88624 66
88625 744
88626 511
88627 717
88628 630
88629 945
88630 496
88631 195
88632 1099
88633 713
88634 882
88635 78
88636 934
88637 359
88638 427
88639 481
88640 1032
88641 615
88642 791
88643 652
88644 211
88645 532
88646 698
88647 601
88648 807
88649 861
88650 822
88651 1056
88652 374
88653 1108
88654 734
88655 754
88656 18
88657 422
88658 852
88659 836
88660 838
88661 708
88662 995
88663 912
88664 964
88665 409
88666 1045
88667 759
88668 1130
88669 752
88670 1101
88671 78
88672 139
88673 892
88674 529
88675 577
88676 491
88677 1073
88678 606
88679 899
88680 810
88681 622
88682 127
88683 502
88684 640
88685 900
88686 412
88687 270
88688 863
88689 761
88690 411
88691 649
88692 932
88693 804
88694 317
88695 464
88696 490
88697 553
88698 188
88699 1053
88700 504
88701 226
88702 382
88703 113
88704 1120
88705 959
88706 1154
88707 686
88708 290
88709 886
88710 1134
88711 505
88712 829
88713 575
88714 848
88715 712
88716 307
88717 1144
88718 1104
88719 28
88720 474
88721 814
88722 94
88723 719
88724 931
88725 839
88726 1066
88727 25
88728 971
88729 745
88730 826
88731 629
88732 392
88733 569
88734 772
88735 1026
88736 801
88737 1122
88738 64
88739 664
88740 1034
88741 399
88742 53
88743 829
88744 245
88745 686
88746 375
88747 623
88748 849
88749 719
88750 277
88751 760
88752 738
88753 24
88754 170
88755 741
88756 946
88757 507
88758 685
88759 851
88760 588
88761 488
88762 1071
88763 963
88764 981
88765 11
88766 682
88767 3
88768 1169
88769 709
88770 474
88771 585
88772 477
88773 545
88774 853
88775 970
88776 584
88777 130
88778 4
88779 24
88780 563
88781 741
88782 191
88783 294
88784 658
88785 643
88786 849
88787 137
88788 442
88789 823
88790 81
88791 1043
88792 1123
88793 533
88794 606
88795 155
88796 696
88797 452
88798 962
88799 870
88800 720
88801 482
88802 745
88803 836
88804 1144
88805 1108
88806 957
88807 1126
88808 1010
88809 403
88810 879
88811 112
88812 872
88813 773
88814 1024
88815 691
88816 672
88817 152
88818 177
88819 322
88820 121
88821 883
88822 1133
88823 982
88824 542
88825 762
88826 151
88827 1085
88828 643
88829 702
88830 500
88831 948
88832 48
88833 1014
88834 827
88835 820
88836 589
88837 306
88838 977
88839 605
88840 1005
88841 604
88842 318
88843 521
88844 117
88845 242
88846 379
88847 63
88848 300
88849 493
88850 733
88851 1063
88852 848
88853 599
88854 475
88855 210
88856 892
88857 596
88858 1048
88859 977
88860 785
88861 112
88862 691
88863 524
88864 494
88865 1022
88866 935
88867 921
88868 438
88869 165
88870 165
88871 430
88872 663
88873 681
88874 939
88875 325
88876 827
88877 1046
88878 147
88879 848
88880 122
88881 1059
88882 1009
88883 1135
88884 423
88885 559
88886 514
88887 807
88888 854
88889 782
88890 164
88891 557
88892 1045
88893 945
88894 546
88895 722
88896 968
88897 992
88898 858
88899 938
88900 683
88901 767
88902 469
88903 526
88904 940
88905 658
88906 608
88907 289
88908 1017
88909 155
88910 347
88911 834
88912 441
88913 134
88914 1080
88915 327
88916 1155
88917 626
88918 827
88919 524
88920 609
88921 313
88922 825
88923 826
88924 0
88925 988
88926 719
88927 342
88928 1045
88929 742
88930 265
88931 892
88932 810
88933 425
88934 883
88935 460
88936 327
88937 956
88938 856
88939 274
88940 731
88941 114
88942 993
88943 1112
88944 781
88945 1082
88946 783
88947 121
88948 526
88949 273
88950 518
88951 551
88952 644
88953 985
88954 605
88955 545
88956 99
88957 710
88958 54
88959 225
88960 771
88961 781
88962 425
88963 341
88964 386
88965 115
88966 423
88967 1118
88968 565
88969 227
88970 1039
88971 432
88972 439
88973 869
88974 113
88975 1018
88976 69
88977 329
88978 936
88979 22
88980 648
88981 357
88982 979
88983 265
88984 190
88985 761
88986 955
88987 301
88988 323
88989 676
88990 143
88991 611
88992 778
88993 239
88994 319
88995 164
88996 448
88997 967
88998 377
88999 1125
89000 527
89001 1006
89002 1108
89003 482
89004 1141
89005 833
89006 91
89007 621
89008 155
89009 329
89010 60
89011 262
89012 848
89013 313
89014 250
89015 988
89016 55
89017 183
89018 1040
89019 50
89020 1137
89021 757
89022 723
89023 1116
89024 802
89025 351
89026 1086
89027 489
89028 539
89029 628
89030 750
89031 295
89032 1014
89033 155
89034 456
89035 1138
89036 886
89037 46
89038 364
89039 531
89040 239
89041 872
89042 222
89043 124
89044 1090
89045 541
89046 1159
89047 15
89048 287
89049 838
89050 822
89051 293
89052 1007
89053 42
89054 572
89055 419
89056 344
89057 483
89058 538
89059 139
89060 17
89061 818
89062 313
89063 22
89064 646
89065 149
89066 772
89067 503
89068 780
89069 970
89070 403
89071 568
89072 469
89073 400
89074 499
89075 404
89076 1095
89077 636
89078 412
89079 551
89080 595
89081 1130
89082 883
89083 37
89084 4
89085 973
89086 673
89087 357
89088 116
89089 491
89090 261
89091 304
89092 196
89093 618
89094 225
89095 809
89096 932
89097 1087
89098 1100
89099 667
89100 38
89101 130
89102 85
89103 795
89104 979
89105 345
89106 170
89107 96
89108 1022
89109 798
89110 486
89111 33
89112 1098
89113 918
89114 197
89115 739
89116 640
89117 14
89118 339
89119 638
89120 794
89121 25
89122 86
89123 250
89124 667
89125 751
89126 576
89127 1097
89128 267
89129 273
89130 883
89131 414
89132 682
89133 592
89134 1152
89135 846
89136 165
89137 490
89138 502
89139 273
89140 496
89141 423
89142 1021
89143 14
89144 143
89145 612
89146 114
89147 518
89148 463
89149 320
89150 499
89151 344
89152 98
89153 942
89154 28
89155 1104
89156 878
89157 238
89158 1043
89159 392
89160 247
89161 959
89162 872
89163 1059
89164 1133
89165 517
89166 788
89167 557
89168 807
89169 661
89170 731
89171 1008
89172 863
89173 671
89174 3
89175 1096
89176 729
89177 465
89178 880
89179 748
89180 1068
89181 556
89182 420
89183 1099
89184 241
89185 1022
89186 200
89187 17
89188 465
89189 768
89190 1149
89191 546
89192 941
89193 270
89194 1101
89195 198
89196 832
89197 447
89198 616
89199 114
89200 67
89201 554
89202 22
89203 1061
89204 125
89205 433
89206 588
89207 468
89208 338
89209 19
89210 532
89211 149
89212 626
89213 36
89214 945
89215 961
89216 175
89217 468
89218 1038
89219 889
89220 932
89221 284
89222 789
89223 414
89224 783
89225 60
89226 60
89227 1144
89228 161
89229 177
89230 389
89231 45
89232 442
89233 823
89234 166
89235 694
89236 262
89237 1074
89238 83
89239 1166
89240 263
89241 1107
89242 753
89243 456
89244 171
89245 1007
89246 1
89247 751
89248 364
89249 1027
89250 1155
89251 660
89252 113
89253 1137
89254 29
89255 432
89256 888
89257 1020
89258 289
89259 902
89260 552
89261 592
89262 720
89263 303
89264 104
89265 417
89266 705
89267 455
89268 924
89269 693
89270 454
89271 312
89272 162
89273 658
89274 264
89275 915
89276 282
89277 1133
89278 850
89279 29
89280 250
89281 829
89282 1039
89283 625
89284 911
89285 13
89286 254
89287 584
89288 601
89289 568
89290 437
89291 260
89292 668
89293 733
89294 1028
89295 472
89296 568
89297 150
89298 723
89299 607
89300 1153
89301 1105
89302 1126
89303 7
89304 167
89305 1096
89306 270
89307 1145
89308 929
89309 466
89310 868
89311 1163
89312 541
89313 826
89314 182
89315 844
89316 1136
89317 871
89318 397
89319 1130
89320 255
89321 475
89322 979
89323 364
89324 343
89325 723
89326 779
89327 302
89328 1074
89329 914
89330 870
89331 729
89332 484
89333 43
89334 300
89335 1061
89336 36
89337 621
89338 467
89339 406
89340 807
89341 205
89342 1016
89343 577
89344 583
89345 1126
89346 805
89347 175
89348 947
89349 400
89350 454
89351 1004
89352 207
89353 672
89354 679
89355 811
89356 796
89357 15
89358 260
89359 860
89360 883
89361 841
89362 472
89363 515
89364 835
89365 741
89366 466
89367 510
89368 1147
89369 526
89370 977
89371 56
89372 656
89373 225
89374 291
89375 823
89376 661
89377 649
89378 754
89379 283
89380 389
89381 798
89382 1026
89383 885
89384 960
89385 319
89386 719
89387 560
89388 1035
89389 432
89390 290
89391 154
89392 222
89393 1133
89394 891
89395 718
89396 379
89397 382
89398 640
89399 1116
89400 619
89401 343
89402 198
89403 928
89404 630
89405 529
89406 828
89407 286
89408 566
89409 287
89410 555
89411 854
89412 42
89413 290
89414 977
89415 483
89416 433
89417 615
89418 232
89419 401
89420 816
89421 543
89422 165
89423 137
89424 483
89425 412
89426 629
89427 768
89428 337
89429 814
89430 94
89431 1031
89432 641
89433 977
89434 785
89435 505
89436 352
89437 83
89438 874
89439 1040
89440 73
89441 1140
89442 928
89443 1130
89444 50
89445 562
89446 850
89447 679
89448 145
89449 353
89450 1005
89451 770
89452 124
89453 279
89454 1087
89455 672
89456 274
89457 345
89458 541
89459 185
89460 852
89461 831
89462 268
89463 149
89464 1028
89465 46
89466 597
89467 446
89468 251
89469 182
89470 897
89471 33
89472 309
89473 982
89474 932
89475 726
89476 458
89477 226
89478 712
89479 1038
89480 723
89481 974
89482 7
89483 557
89484 32
89485 154
89486 439
89487 108
89488 105
89489 1122
89490 746
89491 630
89492 972
89493 35
89494 1001
89495 86
89496 355
89497 825
89498 109
89499 910
89500 884
89501 105
89502 927
89503 146
89504 262
89505 1113
89506 1078
89507 1018
89508 704
89509 856
89510 1154
89511 1016
89512 906
89513 70
89514 1147
89515 390
89516 1066
89517 469
89518 689
89519 549
89520 451
89521 620
89522 960
89523 979
89524 904
89525 643
89526 216
89527 682
89528 415
89529 1131
89530 674
89531 863
89532 927
89533 807
89534 190
89535 726
89536 843
89537 1054
89538 15
89539 438
89540 653
89541 736
89542 978
89543 548
89544 510
89545 742
89546 27
89547 584
89548 573
89549 171
89550 472
89551 139
89552 587
89553 106
89554 629
89555 26
89556 426
89557 1053
89558 707
89559 71
89560 985
89561 965
89562 208
89563 459
89564 225
89565 537
89566 721
89567 940
89568 670
89569 898
89570 567
89571 539
89572 741
89573 787
89574 706
89575 381
89576 1054
89577 244
89578 545
89579 597
89580 1041
89581 879
89582 234
89583 242
89584 482
89585 463
89586 1153
89587 46
89588 653
89589 362
89590 840
89591 749
89592 958
89593 826
89594 736
89595 890
89596 323
89597 502
89598 94
89599 136
89600 48
89601 634
89602 821
89603 72
89604 272
89605 673
89606 147
89607 178
89608 205
89609 60
89610 152
89611 414
89612 371
89613 901
89614 547
89615 529
89616 906
89617 529
89618 684
89619 1147
89620 519
89621 807
89622 353
89623 424
89624 19
89625 897
89626 760
89627 374
89628 291
89629 226
89630 996
89631 760
89632 789
89633 574
89634 845
89635 824
89636 479
89637 487
89638 337
89639 990
89640 131
89641 686
89642 68
89643 1064
89644 1027
89645 933
89646 216
89647 407
89648 1119
89649 675
89650 795
89651 54
89652 307
89653 32
89654 333
89655 95
89656 14
89657 781
89658 944
89659 887
89660 760
89661 78
89662 289
89663 150
89664 764
89665 578
89666 37
89667 672
89668 65
89669 377
89670 396
89671 185
89672 33
89673 85
89674 906
89675 71
89676 476
89677 422
89678 184
89679 44
89680 1085
89681 441
89682 645
89683 604
89684 740
89685 1043
89686 837
89687 499
89688 22
89689 811
89690 316
89691 842
89692 207
89693 390
89694 409
89695 653
89696 605
89697 320
89698 392
89699 812
89700 861
89701 311
89702 1063
89703 994
89704 1039
89705 972
89706 142
89707 43
89708 74
89709 297
89710 648
89711 51
89712 369
89713 480
89714 965
89715 1109
89716 829
89717 673
89718 877
89719 1115
89720 459
89721 755
89722 1001
89723 67
89724 1000
89725 1115
89726 143
89727 1093
89728 455
89729 16
89730 475
89731 785
89732 514
89733 1144
89734 711
89735 608
89736 50
89737 745
89738 675
89739 340
89740 652
89741 494
89742 1013
89743 133
89744 695
89745 1043
89746 469
89747 677
89748 781
89749 173
89750 184
89751 467
89752 650
89753 13
89754 665
89755 480
89756 1061
89757 1005
89758 95
89759 1007
89760 676
89761 535
89762 844
89763 955
89764 132
89765 1167
89766 870
89767 70
89768 653
89769 581
89770 760
89771 745
89772 469
89773 902
89774 1094
89775 124
89776 6
89777 1139
89778 223
89779 578
89780 975
89781 15
89782 1080
89783 850
89784 988
89785 333
89786 985
89787 40
89788 1162
89789 454
89790 1124
89791 504
89792 860
89793 573
89794 953
89795 212
89796 764
89797 252
89798 925
89799 154
89800 452
89801 101
89802 258
89803 891
89804 720
89805 632
89806 946
89807 516
89808 773
89809 370
89810 1019
89811 235
89812 266
89813 991
89814 980
89815 709
89816 126
89817 385
89818 767
89819 872
89820 116
89821 810
89822 746
89823 1035
89824 539
89825 343
89826 927
89827 681
89828 452
89829 72
89830 484
89831 734
89832 1100
89833 566
89834 345
89835 518
89836 39
89837 758
89838 565
89839 281
89840 602
89841 373
89842 20
89843 520
89844 765
89845 312
89846 640
89847 441
89848 77
89849 534
89850 682
89851 153
89852 255
89853 768
89854 1107
89855 419
89856 542
89857 1121
89858 422
89859 571
89860 312
89861 333
89862 100
89863 392
89864 160
89865 18
89866 699
89867 844
89868 655
89869 686
89870 432
89871 211
89872 900
89873 731
89874 1021
89875 956
89876 455
89877 1110
89878 1069
89879 449
89880 665
89881 518
89882 605
89883 297
89884 2
89885 134
89886 197
89887 399
89888 47
89889 136
89890 932
89891 503
89892 947
89893 731
89894 298
89895 1142
89896 946
89897 829
89898 139
89899 240
89900 879
89901 981
89902 131
89903 864
89904 989
89905 540
89906 892
89907 831
89908 522
89909 158
89910 1112
89911 508
89912 695
89913 338
89914 845
89915 224
89916 535
89917 652
89918 748
89919 1040
89920 450
89921 204
89922 301
89923 868
89924 409
89925 197
89926 210
89927 353
89928 498
89929 480
89930 627
89931 899
89932 458
89933 312
89934 394
89935 1021
89936 634
89937 1072
89938 1097
89939 654
89940 561
89941 750
89942 249
89943 760
89944 499
89945 858
89946 688
89947 61
89948 937
89949 577
89950 982
89951 434
89952 127
89953 594
89954 813
89955 685
89956 212
89957 169
89958 217
89959 746
89960 273
89961 380
89962 641
89963 786
89964 965
89965 952
89966 1059
89967 78
89968 306
89969 649
89970 547
89971 1028
89972 502
89973 831
89974 278
89975 930
89976 987
89977 140
89978 883
89979 220
89980 600
89981 628
89982 535
89983 846
89984 54
89985 517
89986 831
89987 227
89988 937
89989 1068
89990 982
89991 766
89992 274
89993 799
89994 607
89995 1142
89996 81
89997 1150
89998 129
89999 529
