30000 380
30001 380
30002 102
30003 102
30004 102
30005 102
30006 265
30007 89
30008 234
30009 18
30010 302
30011 302
30012 133
30013 250
30014 250
30015 328
30016 205
30017 205
30018 205
30019 205
30020 119
30021 119
30022 119
30023 422
30024 422
30025 422
30026 207
30027 314
30028 314
30029 314
30030 314
30031 174
30032 174
30033 99
30034 99
30035 99
30036 101
30037 134
30038 130
30039 208
30040 208
30041 208
30042 27
30043 92
30044 92
30045 354
30046 354
30047 365
30048 365
30049 365
30050 365
30051 44
30052 44
30053 279
30054 140
30055 338
30056 338
30057 338
30058 338
30059 336
30060 336
30061 336
30062 26
30063 300
30064 300
30065 300
30066 300
30067 264
30068 349
30069 349
30070 349
30071 250
30072 250
30073 221
30074 250
30075 250
30076 250
30077 286
30078 302
30079 188
30080 6
30081 6
30082 278
30083 278
30084 278
30085 372
30086 176
30087 176
30088 259
30089 273
30090 273
30091 273
30092 334
30093 42
30094 42
30095 141
30096 141
30097 334
30098 304
30099 118
30100 144
30101 67
30102 263
30103 144
30104 159
30105 406
30106 406
30107 406
30108 39
30109 39
30110 131
30111 64
30112 74
30113 74
30114 94
30115 94
30116 94
30117 414
30118 414
30119 235
30120 209
30121 209
30122 283
30123 283
30124 241
30125 408
30126 181
30127 270
30128 270
30129 270
30130 270
30131 161
30132 161
30133 67
30134 161
30135 32
30136 32
30137 32
30138 120
30139 69
30140 69
30141 92
30142 92
30143 94
30144 322
30145 322
30146 322
30147 159
30148 159
30149 405
30150 405
30151 405
30152 405
30153 73
30154 225
30155 225
30156 52
30157 184
30158 52
30159 184
30160 425
30161 77
30162 77
30163 346
30164 346
30165 346
30166 254
30167 161
30168 193
30169 193
30170 270
30171 270
30172 407
30173 407
30174 336
30175 336
30176 418
30177 418
30178 326
30179 172
30180 136
30181 136
30182 136
30183 49
30184 49
30185 122
30186 143
30187 275
30188 420
30189 420
30190 332
30191 332
30192 361
30193 361
30194 246
30195 246
30196 246
30197 38
30198 38
30199 239
30200 239
30201 239
30202 239
30203 363
30204 358
30205 363
30206 330
30207 363
30208 205
30209 205
30210 205
30211 353
30212 313
30213 313
30214 313
30215 313
30216 288
30217 288
30218 352
30219 352
30220 352
30221 241
30222 241
30223 264
30224 240
30225 264
30226 306
30227 306
30228 414
30229 179
30230 253
30231 69
30232 69
30233 341
30234 341
30235 81
30236 81
30237 167
30238 185
30239 317
30240 317
30241 317
30242 317
30243 133
30244 26
30245 45
30246 43
30247 45
30248 45
30249 127
30250 267
30251 220
30252 182
30253 21
30254 21
30255 21
30256 405
30257 347
30258 74
30259 355
30260 355
30261 355
30262 355
30263 208
30264 22
30265 22
30266 22
30267 22
30268 58
30269 58
30270 186
30271 186
30272 186
30273 131
30274 131
30275 200
30276 33
30277 33
30278 33
30279 33
30280 33
30281 33
30282 33
30283 203
30284 203
30285 203
30286 329
30287 217
30288 329
30289 329
30290 134
30291 104
30292 104
30293 104
30294 78
30295 78
30296 176
30297 176
30298 125
30299 118
30300 132
30301 132
30302 255
30303 256
30304 255
30305 255
30306 99
30307 129
30308 129
30309 116
30310 335
30311 335
30312 317
30313 248
30314 248
30315 337
30316 376
30317 376
30318 182
30319 182
30320 260
30321 148
30322 53
30323 311
30324 311
30325 311
30326 310
30327 287
30328 287
30329 143
30330 344
30331 119
30332 147
30333 241
30334 31
30335 31
30336 424
30337 72
30338 353
30339 424
30340 353
30341 319
30342 319
30343 317
30344 145
30345 313
30346 313
30347 313
30348 16
30349 16
30350 16
30351 16
30352 124
30353 141
30354 282
30355 55
30356 55
30357 55
30358 55
30359 55
30360 55
30361 60
30362 60
30363 60
30364 60
30365 60
30366 60
30367 23
30368 26
30369 382
30370 281
30371 281
30372 281
30373 281
30374 281
30375 133
30376 133
30377 7
30378 7
30379 98
30380 98
30381 206
30382 174
30383 206
30384 70
30385 70
30386 70
30387 319
30388 319
30389 352
30390 352
30391 180
30392 156
30393 156
30394 274
30395 274
30396 328
30397 92
30398 92
30399 282
30400 309
30401 309
30402 201
30403 255
30404 255
30405 101
30406 101
30407 213
30408 213
30409 213
30410 290
30411 343
30412 113
30413 121
30414 121
30415 354
30416 222
30417 356
30418 309
30419 309
30420 43
30421 309
30422 14
30423 14
30424 14
30425 323
30426 83
30427 252
30428 402
30429 202
30430 402
30431 107
30432 314
30433 243
30434 243
30435 243
30436 243
30437 243
30438 58
30439 58
30440 281
30441 281
30442 172
30443 172
30444 52
30445 151
30446 424
30447 424
30448 387
30449 387
30450 387
30451 387
30452 374
30453 354
30454 235
30455 304
30456 304
30457 304
30458 400
30459 364
30460 364
30461 364
30462 171
30463 236
30464 236
30465 420
30466 420
30467 420
30468 420
30469 32
30470 228
30471 228
30472 228
30473 228
30474 167
30475 251
30476 251
30477 251
30478 196
30479 196
30480 426
30481 154
30482 247
30483 247
30484 247
30485 341
30486 247
30487 4
30488 4
30489 226
30490 226
30491 51
30492 44
30493 35
30494 35
30495 35
30496 382
30497 40
30498 213
30499 213
30500 184
30501 184
30502 184
30503 184
30504 251
30505 80
30506 183
30507 183
30508 148
30509 347
30510 78
30511 269
30512 193
30513 193
30514 410
30515 410
30516 8
30517 12
30518 8
30519 26
30520 26
30521 26
30522 26
30523 175
30524 5
30525 56
30526 292
30527 292
30528 409
30529 409
30530 409
30531 271
30532 271
30533 271
30534 271
30535 271
30536 54
30537 54
30538 105
30539 105
30540 298
30541 298
30542 353
30543 293
30544 335
30545 335
30546 335
30547 329
30548 288
30549 316
30550 316
30551 316
30552 265
30553 265
30554 265
30555 120
30556 66
30557 66
30558 38
30559 3
30560 155
30561 38
30562 38
30563 132
30564 129
30565 129
30566 220
30567 27
30568 27
30569 27
30570 27
30571 415
30572 415
30573 337
30574 191
30575 274
30576 73
30577 127
30578 338
30579 338
30580 338
30581 372
30582 372
30583 372
30584 372
30585 187
30586 96
30587 96
30588 96
30589 96
30590 185
30591 131
30592 193
30593 255
30594 255
30595 334
30596 260
30597 260
30598 137
30599 326
30600 326
30601 326
30602 326
30603 79
30604 214
30605 313
30606 313
30607 313
30608 313
30609 313
30610 269
30611 317
30612 317
30613 130
30614 98
30615 98
30616 212
30617 212
30618 212
30619 120
30620 120
30621 186
30622 376
30623 376
30624 283
30625 207
30626 207
30627 207
30628 369
30629 369
30630 327
30631 327
30632 139
30633 280
30634 280
30635 384
30636 67
30637 200
30638 200
30639 200
30640 308
30641 256
30642 100
30643 100
30644 280
30645 371
30646 158
30647 158
30648 262
30649 262
30650 262
30651 262
30652 262
30653 262
30654 308
30655 308
30656 155
30657 309
30658 61
30659 61
30660 61
30661 373
30662 373
30663 293
30664 293
30665 293
30666 293
30667 283
30668 417
30669 351
30670 269
30671 239
30672 239
30673 239
30674 182
30675 347
30676 185
30677 185
30678 73
30679 73
30680 322
30681 52
30682 140
30683 123
30684 123
30685 123
30686 133
30687 147
30688 71
30689 71
30690 71
30691 196
30692 196
30693 196
30694 297
30695 297
30696 297
30697 297
30698 72
30699 72
30700 72
30701 154
30702 363
30703 346
30704 346
30705 346
30706 40
30707 226
30708 226
30709 226
30710 58
30711 58
30712 92
30713 92
30714 92
30715 84
30716 84
30717 175
30718 199
30719 236
30720 236
30721 362
30722 350
30723 291
30724 291
30725 291
30726 171
30727 171
30728 127
30729 75
30730 75
30731 267
30732 206
30733 100
30734 100
30735 374
30736 129
30737 129
30738 113
30739 252
30740 252
30741 171
30742 336
30743 336
30744 318
30745 318
30746 318
30747 260
30748 247
30749 260
30750 260
30751 249
30752 280
30753 149
30754 149
30755 189
30756 189
30757 159
30758 120
30759 120
30760 292
30761 292
30762 292
30763 409
30764 409
30765 409
30766 409
30767 187
30768 255
30769 255
30770 230
30771 136
30772 136
30773 43
30774 43
30775 43
30776 43
30777 43
30778 352
30779 352
30780 352
30781 352
30782 192
30783 44
30784 44
30785 252
30786 252
30787 354
30788 426
30789 426
30790 426
30791 203
30792 203
30793 203
30794 315
30795 234
30796 11
30797 11
30798 11
30799 13
30800 11
30801 260
30802 95
30803 420
30804 420
30805 152
30806 364
30807 364
30808 271
30809 271
30810 271
30811 271
30812 271
30813 184
30814 419
30815 419
30816 419
30817 419
30818 387
30819 207
30820 382
30821 380
30822 380
30823 193
30824 193
30825 269
30826 394
30827 394
30828 394
30829 394
30830 263
30831 247
30832 350
30833 350
30834 301
30835 301
30836 301
30837 301
30838 301
30839 200
30840 300
30841 300
30842 300
30843 317
30844 376
30845 376
30846 376
30847 210
30848 210
30849 210
30850 280
30851 182
30852 203
30853 203
30854 241
30855 241
30856 229
30857 229
30858 337
30859 389
30860 389
30861 139
30862 384
30863 177
30864 177
30865 124
30866 103
30867 103
30868 103
30869 103
30870 186
30871 59
30872 59
30873 276
30874 391
30875 391
30876 391
30877 391
30878 301
30879 301
30880 35
30881 35
30882 35
30883 307
30884 307
30885 111
30886 22
30887 70
30888 70
30889 178
30890 400
30891 400
30892 402
30893 112
30894 112
30895 112
30896 112
30897 112
30898 373
30899 373
30900 266
30901 266
30902 151
30903 95
30904 151
30905 274
30906 274
30907 213
30908 213
30909 348
30910 348
30911 186
30912 18
30913 275
30914 289
30915 289
30916 289
30917 157
30918 157
30919 88
30920 88
30921 88
30922 185
30923 310
30924 334
30925 334
30926 334
30927 334
30928 371
30929 215
30930 155
30931 91
30932 209
30933 209
30934 302
30935 161
30936 278
30937 307
30938 278
30939 370
30940 211
30941 180
30942 180
30943 180
30944 94
30945 347
30946 347
30947 358
30948 358
30949 358
30950 25
30951 358
30952 358
30953 358
30954 348
30955 172
30956 172
30957 172
30958 303
30959 21
30960 29
30961 29
30962 29
30963 203
30964 318
30965 318
30966 183
30967 20
30968 274
30969 91
30970 91
30971 8
30972 8
30973 9
30974 61
30975 61
30976 61
30977 177
30978 177
30979 177
30980 91
30981 91
30982 91
30983 423
30984 423
30985 423
30986 258
30987 258
30988 231
30989 231
30990 231
30991 231
30992 327
30993 327
30994 280
30995 280
30996 6
30997 6
30998 168
30999 404
31000 34
31001 34
31002 34
31003 34
31004 373
31005 373
31006 79
31007 121
31008 315
31009 315
31010 315
31011 315
31012 315
31013 282
31014 156
31015 156
31016 53
31017 353
31018 353
31019 85
31020 85
31021 85
31022 408
31023 205
31024 205
31025 40
31026 149
31027 149
31028 401
31029 401
31030 401
31031 266
31032 266
31033 68
31034 68
31035 167
31036 64
31037 64
31038 64
31039 2
31040 354
31041 424
31042 134
31043 211
31044 53
31045 122
31046 309
31047 81
31048 81
31049 81
31050 171
31051 171
31052 171
31053 171
31054 171
31055 131
31056 225
31057 92
31058 411
31059 87
31060 352
31061 352
31062 352
31063 352
31064 73
31065 73
31066 256
31067 353
31068 423
31069 351
31070 397
31071 356
31072 252
31073 195
31074 125
31075 388
31076 167
31077 81
31078 81
31079 81
31080 81
31081 138
31082 165
31083 40
31084 167
31085 43
31086 43
31087 260
31088 260
31089 260
31090 181
31091 181
31092 182
31093 119
31094 119
31095 277
31096 277
31097 366
31098 366
31099 26
31100 287
31101 287
31102 23
31103 188
31104 188
31105 389
31106 389
31107 132
31108 150
31109 150
31110 150
31111 235
31112 275
31113 421
31114 96
31115 96
31116 96
31117 96
31118 96
31119 96
31120 176
31121 176
31122 415
31123 415
31124 218
31125 115
31126 115
31127 115
31128 115
31129 236
31130 236
31131 236
31132 270
31133 200
31134 422
31135 409
31136 393
31137 409
31138 407
31139 409
31140 348
31141 348
31142 348
31143 348
31144 293
31145 405
31146 415
31147 400
31148 400
31149 323
31150 372
31151 372
31152 66
31153 376
31154 33
31155 238
31156 238
31157 29
31158 154
31159 278
31160 278
31161 278
31162 56
31163 260
31164 230
31165 230
31166 230
31167 362
31168 327
31169 48
31170 48
31171 160
31172 160
31173 160
31174 417
31175 417
31176 417
31177 311
31178 311
31179 311
31180 150
31181 150
31182 150
31183 150
31184 358
31185 358
31186 372
31187 372
31188 13
31189 3
31190 315
31191 315
31192 315
31193 315
31194 141
31195 346
31196 175
31197 175
31198 175
31199 191
31200 279
31201 279
31202 291
31203 291
31204 291
31205 291
31206 188
31207 34
31208 34
31209 192
31210 263
31211 20
31212 20
31213 20
31214 265
31215 265
31216 265
31217 265
31218 338
31219 338
31220 24
31221 24
31222 170
31223 170
31224 170
31225 170
31226 170
31227 51
31228 302
31229 302
31230 43
31231 43
31232 126
31233 126
31234 342
31235 342
31236 357
31237 357
31238 357
31239 357
31240 357
31241 361
31242 361
31243 361
31244 361
31245 361
31246 277
31247 277
31248 277
31249 91
31250 91
31251 142
31252 142
31253 142
31254 142
31255 25
31256 44
31257 25
31258 147
31259 147
31260 246
31261 360
31262 374
31263 374
31264 165
31265 165
31266 171
31267 293
31268 293
31269 414
31270 182
31271 182
31272 182
31273 32
31274 115
31275 115
31276 397
31277 397
31278 333
31279 333
31280 31
31281 31
31282 101
31283 250
31284 250
31285 250
31286 351
31287 351
31288 351
31289 351
31290 26
31291 71
31292 26
31293 179
31294 179
31295 209
31296 138
31297 138
31298 138
31299 362
31300 362
31301 147
31302 147
31303 332
31304 332
31305 332
31306 210
31307 210
31308 210
31309 210
31310 355
31311 311
31312 311
31313 311
31314 311
31315 311
31316 181
31317 200
31318 421
31319 421
31320 40
31321 181
31322 181
31323 382
31324 363
31325 423
31326 423
31327 189
31328 189
31329 189
31330 189
31331 131
31332 131
31333 131
31334 131
31335 175
31336 346
31337 92
31338 201
31339 201
31340 194
31341 201
31342 179
31343 179
31344 376
31345 406
31346 406
31347 406
31348 379
31349 379
31350 379
31351 43
31352 43
31353 43
31354 121
31355 121
31356 121
31357 126
31358 146
31359 146
31360 146
31361 180
31362 65
31363 65
31364 252
31365 159
31366 175
31367 175
31368 204
31369 204
31370 204
31371 204
31372 319
31373 319
31374 319
31375 23
31376 49
31377 49
31378 27
31379 27
31380 62
31381 65
31382 65
31383 46
31384 46
31385 401
31386 401
31387 24
31388 24
31389 24
31390 75
31391 75
31392 75
31393 63
31394 63
31395 63
31396 123
31397 123
31398 123
31399 123
31400 131
31401 131
31402 401
31403 401
31404 375
31405 375
31406 375
31407 416
31408 234
31409 234
31410 234
31411 17
31412 17
31413 139
31414 54
31415 54
31416 54
31417 54
31418 54
31419 54
31420 138
31421 138
31422 138
31423 138
31424 199
31425 241
31426 241
31427 249
31428 249
31429 24
31430 241
31431 241
31432 159
31433 170
31434 170
31435 170
31436 389
31437 389
31438 317
31439 317
31440 317
31441 60
31442 60
31443 202
31444 69
31445 69
31446 69
31447 47
31448 76
31449 47
31450 47
31451 261
31452 261
31453 98
31454 98
31455 98
31456 33
31457 33
31458 43
31459 43
31460 340
31461 50
31462 199
31463 19
31464 167
31465 138
31466 87
31467 335
31468 335
31469 335
31470 159
31471 101
31472 101
31473 334
31474 334
31475 305
31476 305
31477 320
31478 320
31479 320
31480 79
31481 337
31482 35
31483 35
31484 145
31485 181
31486 372
31487 372
31488 372
31489 396
31490 396
31491 396
31492 194
31493 194
31494 194
31495 194
31496 194
31497 194
31498 28
31499 28
31500 28
31501 28
31502 28
31503 260
31504 371
31505 93
31506 93
31507 101
31508 205
31509 364
31510 272
31511 272
31512 79
31513 85
31514 336
31515 336
31516 336
31517 21
31518 21
31519 21
31520 213
31521 213
31522 213
31523 213
31524 61
31525 61
31526 224
31527 63
31528 63
31529 381
31530 44
31531 195
31532 195
31533 399
31534 189
31535 189
31536 189
31537 189
31538 268
31539 103
31540 313
31541 313
31542 313
31543 54
31544 54
31545 54
31546 54
31547 427
31548 427
31549 427
31550 198
31551 331
31552 331
31553 331
31554 331
31555 269
31556 269
31557 269
31558 269
31559 269
31560 62
31561 62
31562 62
31563 264
31564 397
31565 397
31566 397
31567 127
31568 112
31569 406
31570 46
31571 46
31572 38
31573 38
31574 358
31575 358
31576 235
31577 235
31578 312
31579 312
31580 312
31581 312
31582 33
31583 44
31584 177
31585 177
31586 368
31587 14
31588 14
31589 14
31590 14
31591 208
31592 231
31593 231
31594 231
31595 30
31596 30
31597 335
31598 279
31599 279
31600 405
31601 285
31602 285
31603 262
31604 80
31605 80
31606 413
31607 413
31608 95
31609 95
31610 27
31611 379
31612 379
31613 379
31614 379
31615 379
31616 10
31617 10
31618 10
31619 10
31620 41
31621 41
31622 141
31623 280
31624 298
31625 298
31626 114
31627 114
31628 35
31629 408
31630 408
31631 344
31632 311
31633 311
31634 311
31635 408
31636 63
31637 63
31638 63
31639 63
31640 63
31641 63
31642 13
31643 337
31644 423
31645 423
31646 93
31647 93
31648 349
31649 349
31650 349
31651 409
31652 355
31653 327
31654 355
31655 125
31656 357
31657 357
31658 357
31659 357
31660 357
31661 225
31662 402
31663 411
31664 148
31665 170
31666 170
31667 170
31668 166
31669 166
31670 166
31671 166
31672 276
31673 86
31674 79
31675 79
31676 318
31677 318
31678 385
31679 385
31680 385
31681 404
31682 353
31683 353
31684 409
31685 409
31686 409
31687 409
31688 409
31689 252
31690 205
31691 210
31692 8
31693 359
31694 359
31695 359
31696 359
31697 35
31698 119
31699 188
31700 32
31701 363
31702 159
31703 159
31704 113
31705 51
31706 96
31707 96
31708 50
31709 195
31710 24
31711 24
31712 308
31713 72
31714 72
31715 134
31716 214
31717 214
31718 63
31719 63
31720 63
31721 328
31722 206
31723 328
31724 328
31725 91
31726 102
31727 142
31728 142
31729 19
31730 19
31731 19
31732 71
31733 71
31734 71
31735 83
31736 83
31737 427
31738 427
31739 24
31740 371
31741 371
31742 371
31743 31
31744 31
31745 31
31746 402
31747 334
31748 334
31749 61
31750 41
31751 41
31752 220
31753 197
31754 197
31755 410
31756 410
31757 355
31758 94
31759 390
31760 151
31761 310
31762 310
31763 310
31764 68
31765 27
31766 375
31767 375
31768 60
31769 233
31770 233
31771 370
31772 370
31773 20
31774 155
31775 155
31776 100
31777 231
31778 231
31779 231
31780 149
31781 149
31782 149
31783 292
31784 236
31785 236
31786 71
31787 152
31788 152
31789 95
31790 95
31791 325
31792 399
31793 56
31794 24
31795 27
31796 20
31797 201
31798 103
31799 103
31800 46
31801 46
31802 46
31803 65
31804 121
31805 121
31806 62
31807 62
31808 62
31809 149
31810 363
31811 285
31812 285
31813 285
31814 171
31815 171
31816 171
31817 171
31818 20
31819 20
31820 20
31821 410
31822 393
31823 393
31824 393
31825 340
31826 340
31827 340
31828 83
31829 83
31830 210
31831 257
31832 52
31833 190
31834 190
31835 190
31836 190
31837 146
31838 231
31839 5
31840 136
31841 70
31842 70
31843 70
31844 66
31845 66
31846 220
31847 44
31848 367
31849 367
31850 367
31851 364
31852 114
31853 96
31854 96
31855 78
31856 78
31857 78
31858 197
31859 197
31860 197
31861 96
31862 96
31863 183
31864 328
31865 49
31866 49
31867 49
31868 72
31869 264
31870 88
31871 88
31872 424
31873 424
31874 424
31875 398
31876 398
31877 268
31878 37
31879 100
31880 100
31881 61
31882 61
31883 61
31884 234
31885 243
31886 243
31887 243
31888 243
31889 243
31890 134
31891 253
31892 129
31893 129
31894 332
31895 332
31896 332
31897 16
31898 16
31899 16
31900 333
31901 215
31902 213
31903 422
31904 377
31905 422
31906 422
31907 275
31908 165
31909 165
31910 165
31911 166
31912 166
31913 306
31914 339
31915 339
31916 176
31917 176
31918 176
31919 253
31920 253
31921 253
31922 253
31923 46
31924 46
31925 148
31926 73
31927 73
31928 396
31929 167
31930 94
31931 336
31932 336
31933 5
31934 132
31935 132
31936 157
31937 157
31938 98
31939 344
31940 335
31941 218
31942 335
31943 337
31944 337
31945 337
31946 80
31947 80
31948 98
31949 98
31950 98
31951 199
31952 199
31953 47
31954 233
31955 233
31956 292
31957 397
31958 397
31959 152
31960 402
31961 402
31962 402
31963 261
31964 261
31965 83
31966 83
31967 280
31968 229
31969 229
31970 361
31971 33
31972 376
31973 376
31974 308
31975 33
31976 66
31977 66
31978 171
31979 165
31980 74
31981 271
31982 271
31983 271
31984 135
31985 132
31986 94
31987 94
31988 94
31989 94
31990 62
31991 386
31992 386
31993 181
31994 169
31995 169
31996 169
31997 352
31998 352
31999 83
32000 406
32001 5
32002 406
32003 406
32004 24
32005 24
32006 71
32007 350
32008 39
32009 39
32010 39
32011 39
32012 38
32013 104
32014 209
32015 209
32016 90
32017 90
32018 90
32019 192
32020 192
32021 192
32022 360
32023 212
32024 329
32025 336
32026 350
32027 292
32028 321
32029 380
32030 284
32031 284
32032 234
32033 234
32034 234
32035 190
32036 190
32037 190
32038 190
32039 126
32040 126
32041 26
32042 26
32043 251
32044 251
32045 251
32046 9
32047 9
32048 9
32049 239
32050 281
32051 342
32052 342
32053 342
32054 342
32055 368
32056 83
32057 83
32058 83
32059 73
32060 287
32061 287
32062 127
32063 127
32064 290
32065 387
32066 387
32067 268
32068 268
32069 263
32070 342
32071 342
32072 21
32073 21
32074 88
32075 88
32076 74
32077 105
32078 206
32079 104
32080 118
32081 104
32082 372
32083 373
32084 363
32085 363
32086 276
32087 254
32088 421
32089 258
32090 38
32091 38
32092 396
32093 313
32094 313
32095 313
32096 313
32097 313
32098 193
32099 329
32100 328
32101 105
32102 105
32103 105
32104 426
32105 363
32106 399
32107 371
32108 329
32109 235
32110 180
32111 309
32112 309
32113 316
32114 177
32115 177
32116 160
32117 160
32118 160
32119 118
32120 328
32121 86
32122 86
32123 86
32124 125
32125 405
32126 308
32127 308
32128 308
32129 308
32130 419
32131 419
32132 419
32133 419
32134 419
32135 227
32136 139
32137 390
32138 390
32139 104
32140 104
32141 60
32142 125
32143 125
32144 339
32145 339
32146 132
32147 402
32148 276
32149 236
32150 276
32151 289
32152 289
32153 259
32154 259
32155 259
32156 373
32157 373
32158 213
32159 213
32160 213
32161 174
32162 411
32163 411
32164 289
32165 289
32166 182
32167 229
32168 291
32169 291
32170 291
32171 141
32172 102
32173 102
32174 6
32175 6
32176 327
32177 327
32178 409
32179 409
32180 402
32181 335
32182 335
32183 271
32184 271
32185 271
32186 186
32187 364
32188 277
32189 328
32190 328
32191 268
32192 328
32193 330
32194 43
32195 43
32196 43
32197 233
32198 233
32199 299
32200 299
32201 320
32202 60
32203 137
32204 137
32205 137
32206 295
32207 214
32208 214
32209 214
32210 323
32211 323
32212 331
32213 427
32214 331
32215 110
32216 427
32217 231
32218 231
32219 231
32220 231
32221 414
32222 361
32223 317
32224 288
32225 288
32226 414
32227 337
32228 337
32229 337
32230 135
32231 135
32232 244
32233 244
32234 244
32235 244
32236 343
32237 343
32238 343
32239 343
32240 343
32241 132
32242 135
32243 148
32244 70
32245 74
32246 209
32247 209
32248 209
32249 267
32250 389
32251 387
32252 387
32253 387
32254 196
32255 196
32256 196
32257 79
32258 24
32259 84
32260 84
32261 276
32262 276
32263 353
32264 353
32265 353
32266 247
32267 247
32268 247
32269 4
32270 4
32271 4
32272 113
32273 113
32274 57
32275 25
32276 25
32277 25
32278 25
32279 290
32280 350
32281 413
32282 413
32283 413
32284 364
32285 274
32286 188
32287 299
32288 299
32289 299
32290 238
32291 238
32292 361
32293 19
32294 337
32295 337
32296 227
32297 227
32298 128
32299 128
32300 128
32301 211
32302 279
32303 177
32304 177
32305 121
32306 121
32307 121
32308 79
32309 79
32310 207
32311 52
32312 274
32313 210
32314 210
32315 27
32316 27
32317 27
32318 18
32319 379
32320 379
32321 379
32322 135
32323 135
32324 135
32325 157
32326 157
32327 157
32328 161
32329 161
32330 106
32331 106
32332 355
32333 11
32334 247
32335 355
32336 89
32337 89
32338 89
32339 411
32340 181
32341 139
32342 139
32343 139
32344 400
32345 400
32346 400
32347 202
32348 202
32349 202
32350 202
32351 316
32352 316
32353 52
32354 126
32355 8
32356 8
32357 8
32358 8
32359 254
32360 254
32361 140
32362 140
32363 140
32364 32
32365 66
32366 66
32367 287
32368 346
32369 346
32370 346
32371 102
32372 362
32373 231
32374 231
32375 231
32376 91
32377 409
32378 409
32379 191
32380 348
32381 179
32382 179
32383 183
32384 183
32385 183
32386 183
32387 230
32388 200
32389 274
32390 407
32391 407
32392 319
32393 319
32394 319
32395 72
32396 419
32397 419
32398 146
32399 146
32400 146
32401 252
32402 252
32403 252
32404 100
32405 199
32406 199
32407 199
32408 199
32409 148
32410 23
32411 23
32412 116
32413 116
32414 70
32415 70
32416 220
32417 148
32418 400
32419 400
32420 400
32421 400
32422 292
32423 308
32424 151
32425 151
32426 64
32427 179
32428 179
32429 150
32430 150
32431 150
32432 150
32433 177
32434 177
32435 177
32436 24
32437 273
32438 273
32439 273
32440 273
32441 273
32442 373
32443 373
32444 373
32445 372
32446 82
32447 82
32448 395
32449 395
32450 353
32451 353
32452 11
32453 11
32454 11
32455 207
32456 207
32457 312
32458 312
32459 323
32460 323
32461 42
32462 42
32463 42
32464 42
32465 268
32466 246
32467 394
32468 394
32469 394
32470 394
32471 394
32472 288
32473 288
32474 288
32475 245
32476 39
32477 39
32478 39
32479 39
32480 382
32481 382
32482 128
32483 51
32484 128
32485 337
32486 390
32487 390
32488 380
32489 380
32490 380
32491 124
32492 124
32493 362
32494 117
32495 117
32496 25
32497 401
32498 127
32499 46
32500 46
32501 46
32502 332
32503 332
32504 332
32505 143
32506 134
32507 134
32508 303
32509 306
32510 303
32511 303
32512 383
32513 383
32514 383
32515 383
32516 379
32517 379
32518 284
32519 284
32520 284
32521 267
32522 267
32523 267
32524 364
32525 303
32526 138
32527 138
32528 16
32529 16
32530 128
32531 128
32532 128
32533 144
32534 321
32535 321
32536 321
32537 242
32538 54
32539 54
32540 54
32541 54
32542 54
32543 133
32544 133
32545 188
32546 12
32547 6
32548 6
32549 141
32550 391
32551 54
32552 54
32553 54
32554 54
32555 249
32556 249
32557 249
32558 30
32559 30
32560 30
32561 69
32562 69
32563 69
32564 156
32565 156
32566 51
32567 48
32568 51
32569 351
32570 351
32571 351
32572 351
32573 351
32574 351
32575 248
32576 248
32577 248
32578 248
32579 248
32580 248
32581 248
32582 248
32583 248
32584 248
32585 82
32586 82
32587 124
32588 152
32589 409
32590 381
32591 409
32592 381
32593 359
32594 334
32595 359
32596 359
32597 359
32598 26
32599 26
32600 107
32601 264
32602 350
32603 264
32604 240
32605 240
32606 240
32607 240
32608 356
32609 23
32610 23
32611 233
32612 233
32613 232
32614 233
32615 364
32616 338
32617 338
32618 338
32619 338
32620 338
32621 338
32622 338
32623 92
32624 252
32625 249
32626 222
32627 252
32628 268
32629 243
32630 298
32631 298
32632 298
32633 298
32634 298
32635 396
32636 396
32637 57
32638 57
32639 187
32640 127
32641 394
32642 394
32643 394
32644 394
32645 320
32646 320
32647 292
32648 292
32649 211
32650 211
32651 296
32652 232
32653 363
32654 363
32655 248
32656 280
32657 289
32658 289
32659 289
32660 201
32661 201
32662 160
32663 160
32664 171
32665 171
32666 171
32667 166
32668 391
32669 48
32670 48
32671 20
32672 20
32673 144
32674 245
32675 150
32676 150
32677 150
32678 345
32679 345
32680 319
32681 319
32682 93
32683 385
32684 385
32685 151
32686 151
32687 230
32688 230
32689 66
32690 66
32691 102
32692 102
32693 102
32694 282
32695 87
32696 246
32697 178
32698 178
32699 256
32700 256
32701 177
32702 177
32703 177
32704 187
32705 177
32706 31
32707 31
32708 242
32709 25
32710 25
32711 207
32712 397
32713 397
32714 398
32715 397
32716 397
32717 397
32718 397
32719 356
32720 356
32721 356
32722 356
32723 121
32724 121
32725 188
32726 260
32727 288
32728 209
32729 209
32730 340
32731 340
32732 340
32733 340
32734 299
32735 421
32736 421
32737 421
32738 18
32739 193
32740 177
32741 179
32742 177
32743 118
32744 118
32745 80
32746 178
32747 279
32748 279
32749 362
32750 362
32751 362
32752 71
32753 360
32754 314
32755 314
32756 314
32757 314
32758 314
32759 314
32760 153
32761 347
32762 65
32763 140
32764 140
32765 304
32766 304
32767 290
32768 301
32769 301
32770 301
32771 155
32772 155
32773 155
32774 120
32775 349
32776 13
32777 349
32778 29
32779 29
32780 29
32781 274
32782 274
32783 345
32784 345
32785 388
32786 242
32787 156
32788 242
32789 205
32790 416
32791 376
32792 346
32793 346
32794 8
32795 8
32796 168
32797 399
32798 394
32799 399
32800 233
32801 42
32802 233
32803 83
32804 83
32805 83
32806 147
32807 391
32808 92
32809 353
32810 369
32811 369
32812 212
32813 212
32814 56
32815 179
32816 179
32817 379
32818 379
32819 379
32820 379
32821 170
32822 170
32823 170
32824 170
32825 118
32826 242
32827 427
32828 427
32829 226
32830 226
32831 226
32832 226
32833 170
32834 315
32835 112
32836 107
32837 349
32838 345
32839 390
32840 390
32841 123
32842 390
32843 266
32844 266
32845 266
32846 227
32847 262
32848 147
32849 78
32850 7
32851 7
32852 7
32853 170
32854 170
32855 170
32856 170
32857 170
32858 134
32859 393
32860 393
32861 393
32862 393
32863 313
32864 313
32865 313
32866 313
32867 230
32868 120
32869 120
32870 128
32871 128
32872 128
32873 45
32874 352
32875 45
32876 47
32877 277
32878 277
32879 422
32880 156
32881 156
32882 374
32883 374
32884 374
32885 199
32886 46
32887 46
32888 69
32889 69
32890 69
32891 69
32892 297
32893 297
32894 354
32895 92
32896 116
32897 116
32898 250
32899 138
32900 159
32901 385
32902 385
32903 190
32904 190
32905 190
32906 190
32907 352
32908 352
32909 398
32910 37
32911 37
32912 214
32913 214
32914 71
32915 71
32916 71
32917 50
32918 19
32919 316
32920 316
32921 316
32922 316
32923 316
32924 316
32925 341
32926 386
32927 386
32928 336
32929 336
32930 124
32931 130
32932 28
32933 28
32934 28
32935 28
32936 28
32937 398
32938 424
32939 383
32940 383
32941 383
32942 383
32943 383
32944 383
32945 383
32946 84
32947 84
32948 84
32949 84
32950 187
32951 187
32952 187
32953 337
32954 361
32955 337
32956 186
32957 227
32958 227
32959 227
32960 301
32961 301
32962 301
32963 212
32964 212
32965 212
32966 67
32967 422
32968 422
32969 30
32970 30
32971 30
32972 30
32973 30
32974 30
32975 30
32976 337
32977 127
32978 127
32979 411
32980 411
32981 173
32982 73
32983 310
32984 310
32985 126
32986 197
32987 197
32988 320
32989 320
32990 61
32991 61
32992 61
32993 77
32994 77
32995 94
32996 51
32997 294
32998 400
32999 400
33000 400
33001 184
33002 235
33003 376
33004 376
33005 279
33006 279
33007 90
33008 68
33009 68
33010 366
33011 366
33012 187
33013 133
33014 371
33015 26
33016 268
33017 188
33018 263
33019 158
33020 158
33021 427
33022 427
33023 199
33024 181
33025 4
33026 109
33027 109
33028 5
33029 362
33030 362
33031 388
33032 388
33033 190
33034 190
33035 190
33036 190
33037 397
33038 58
33039 281
33040 261
33041 420
33042 420
33043 13
33044 13
33045 91
33046 91
33047 232
33048 232
33049 225
33050 45
33051 45
33052 390
33053 298
33054 390
33055 18
33056 413
33057 284
33058 284
33059 302
33060 21
33061 205
33062 329
33063 61
33064 61
33065 232
33066 232
33067 251
33068 236
33069 353
33070 96
33071 96
33072 96
33073 96
33074 186
33075 186
33076 83
33077 358
33078 392
33079 392
33080 392
33081 392
33082 392
33083 38
33084 17
33085 17
33086 326
33087 326
33088 326
33089 350
33090 326
33091 101
33092 8
33093 8
33094 8
33095 8
33096 160
33097 141
33098 160
33099 153
33100 153
33101 301
33102 364
33103 73
33104 73
33105 73
33106 73
33107 355
33108 355
33109 298
33110 240
33111 240
33112 363
33113 363
33114 356
33115 113
33116 113
33117 113
33118 113
33119 144
33120 144
33121 144
33122 135
33123 135
33124 320
33125 320
33126 254
33127 254
33128 254
33129 344
33130 62
33131 322
33132 322
33133 227
33134 228
33135 234
33136 103
33137 103
33138 103
33139 29
33140 29
33141 29
33142 29
33143 29
33144 14
33145 14
33146 14
33147 14
33148 251
33149 251
33150 251
33151 93
33152 93
33153 398
33154 398
33155 360
33156 360
33157 170
33158 170
33159 212
33160 204
33161 204
33162 204
33163 355
33164 356
33165 107
33166 246
33167 347
33168 347
33169 188
33170 308
33171 308
33172 330
33173 145
33174 133
33175 49
33176 49
33177 37
33178 37
33179 395
33180 395
33181 106
33182 68
33183 92
33184 106
33185 155
33186 155
33187 32
33188 42
33189 42
33190 53
33191 53
33192 53
33193 155
33194 155
33195 155
33196 155
33197 191
33198 73
33199 21
33200 321
33201 321
33202 117
33203 117
33204 307
33205 307
33206 402
33207 402
33208 402
33209 347
33210 263
33211 327
33212 327
33213 327
33214 212
33215 212
33216 212
33217 114
33218 212
33219 414
33220 332
33221 92
33222 148
33223 357
33224 357
33225 357
33226 100
33227 357
33228 357
33229 357
33230 268
33231 228
33232 268
33233 417
33234 201
33235 12
33236 254
33237 264
33238 264
33239 306
33240 380
33241 380
33242 209
33243 39
33244 70
33245 70
33246 70
33247 70
33248 261
33249 43
33250 261
33251 261
33252 245
33253 418
33254 212
33255 347
33256 326
33257 417
33258 181
33259 320
33260 263
33261 320
33262 320
33263 255
33264 320
33265 320
33266 185
33267 185
33268 185
33269 296
33270 148
33271 168
33272 50
33273 50
33274 195
33275 195
33276 334
33277 334
33278 376
33279 376
33280 376
33281 250
33282 250
33283 414
33284 235
33285 278
33286 278
33287 278
33288 289
33289 289
33290 205
33291 205
33292 203
33293 203
33294 419
33295 419
33296 419
33297 419
33298 247
33299 247
33300 247
33301 247
33302 247
33303 397
33304 153
33305 24
33306 153
33307 241
33308 106
33309 369
33310 369
33311 333
33312 333
33313 333
33314 50
33315 103
33316 396
33317 246
33318 246
33319 246
33320 246
33321 130
33322 130
33323 130
33324 134
33325 262
33326 262
33327 262
33328 262
33329 117
33330 118
33331 56
33332 322
33333 322
33334 344
33335 342
33336 353
33337 279
33338 405
33339 145
33340 145
33341 124
33342 137
33343 259
33344 259
33345 161
33346 313
33347 313
33348 313
33349 228
33350 228
33351 196
33352 196
33353 283
33354 208
33355 161
33356 146
33357 201
33358 234
33359 181
33360 408
33361 408
33362 408
33363 408
33364 11
33365 12
33366 11
33367 11
33368 253
33369 76
33370 76
33371 382
33372 106
33373 409
33374 231
33375 231
33376 115
33377 115
33378 377
33379 198
33380 198
33381 261
33382 357
33383 357
33384 357
33385 341
33386 341
33387 341
33388 247
33389 247
33390 247
33391 422
33392 309
33393 309
33394 393
33395 393
33396 393
33397 13
33398 399
33399 400
33400 399
33401 186
33402 186
33403 186
33404 205
33405 205
33406 157
33407 139
33408 335
33409 335
33410 335
33411 124
33412 124
33413 147
33414 124
33415 382
33416 428
33417 428
33418 428
33419 204
33420 204
33421 204
33422 412
33423 412
33424 90
33425 367
33426 367
33427 367
33428 135
33429 135
33430 135
33431 135
33432 268
33433 268
33434 233
33435 233
33436 367
33437 403
33438 310
33439 310
33440 205
33441 205
33442 205
33443 270
33444 270
33445 270
33446 270
33447 331
33448 390
33449 59
33450 156
33451 156
33452 208
33453 208
33454 208
33455 419
33456 419
33457 333
33458 319
33459 319
33460 319
33461 74
33462 74
33463 190
33464 190
33465 190
33466 190
33467 104
33468 104
33469 104
33470 104
33471 329
33472 329
33473 305
33474 305
33475 305
33476 195
33477 195
33478 195
33479 10
33480 10
33481 10
33482 10
33483 308
33484 308
33485 296
33486 287
33487 215
33488 412
33489 275
33490 275
33491 394
33492 394
33493 394
33494 394
33495 394
33496 394
33497 82
33498 82
33499 82
33500 273
33501 273
33502 284
33503 140
33504 141
33505 140
33506 365
33507 282
33508 190
33509 190
33510 63
33511 63
33512 63
33513 424
33514 424
33515 25
33516 310
33517 310
33518 59
33519 200
33520 200
33521 200
33522 391
33523 391
33524 145
33525 79
33526 79
33527 79
33528 236
33529 236
33530 370
33531 37
33532 37
33533 37
33534 278
33535 290
33536 147
33537 328
33538 328
33539 328
33540 151
33541 280
33542 354
33543 208
33544 208
33545 384
33546 86
33547 86
33548 86
33549 86
33550 43
33551 265
33552 50
33553 50
33554 50
33555 74
33556 158
33557 158
33558 158
33559 158
33560 117
33561 53
33562 117
33563 78
33564 78
33565 152
33566 138
33567 138
33568 335
33569 335
33570 335
33571 277
33572 277
33573 277
33574 366
33575 174
33576 185
33577 21
33578 411
33579 411
33580 411
33581 106
33582 149
33583 149
33584 53
33585 41
33586 41
33587 41
33588 41
33589 41
33590 132
33591 27
33592 27
33593 27
33594 27
33595 152
33596 181
33597 181
33598 186
33599 186
33600 124
33601 204
33602 204
33603 185
33604 185
33605 185
33606 123
33607 123
33608 135
33609 135
33610 399
33611 399
33612 399
33613 399
33614 179
33615 271
33616 271
33617 187
33618 187
33619 187
33620 91
33621 350
33622 57
33623 422
33624 349
33625 349
33626 349
33627 166
33628 26
33629 166
33630 132
33631 132
33632 358
33633 358
33634 358
33635 358
33636 358
33637 358
33638 131
33639 131
33640 131
33641 369
33642 369
33643 74
33644 55
33645 55
33646 301
33647 301
33648 294
33649 294
33650 164
33651 164
33652 370
33653 370
33654 255
33655 392
33656 392
33657 392
33658 286
33659 280
33660 285
33661 413
33662 413
33663 400
33664 234
33665 254
33666 254
33667 254
33668 235
33669 235
33670 187
33671 65
33672 65
33673 322
33674 322
33675 322
33676 317
33677 317
33678 305
33679 305
33680 174
33681 174
33682 255
33683 205
33684 205
33685 205
33686 205
33687 43
33688 76
33689 192
33690 192
33691 91
33692 194
33693 399
33694 399
33695 68
33696 68
33697 68
33698 71
33699 71
33700 71
33701 337
33702 72
33703 72
33704 72
33705 396
33706 396
33707 182
33708 182
33709 58
33710 104
33711 196
33712 196
33713 32
33714 32
33715 32
33716 32
33717 357
33718 155
33719 35
33720 35
33721 145
33722 143
33723 330
33724 418
33725 389
33726 233
33727 233
33728 233
33729 93
33730 93
33731 168
33732 168
33733 379
33734 379
33735 287
33736 287
33737 287
33738 287
33739 350
33740 388
33741 351
33742 351
33743 51
33744 51
33745 51
33746 51
33747 51
33748 286
33749 286
33750 124
33751 243
33752 243
33753 271
33754 271
33755 183
33756 183
33757 194
33758 164
33759 37
33760 292
33761 298
33762 298
33763 341
33764 341
33765 389
33766 389
33767 375
33768 375
33769 174
33770 416
33771 367
33772 367
33773 155
33774 106
33775 106
33776 153
33777 266
33778 188
33779 258
33780 258
33781 258
33782 258
33783 258
33784 258
33785 6
33786 332
33787 332
33788 332
33789 332
33790 332
33791 129
33792 129
33793 203
33794 162
33795 203
33796 203
33797 346
33798 346
33799 317
33800 65
33801 135
33802 262
33803 262
33804 77
33805 77
33806 207
33807 207
33808 97
33809 97
33810 205
33811 205
33812 164
33813 210
33814 210
33815 281
33816 281
33817 161
33818 202
33819 202
33820 245
33821 245
33822 353
33823 353
33824 353
33825 353
33826 395
33827 395
33828 233
33829 233
33830 74
33831 222
33832 32
33833 325
33834 325
33835 325
33836 325
33837 414
33838 414
33839 414
33840 152
33841 78
33842 131
33843 131
33844 282
33845 66
33846 373
33847 373
33848 373
33849 373
33850 290
33851 161
33852 148
33853 201
33854 55
33855 55
33856 109
33857 109
33858 109
33859 109
33860 303
33861 191
33862 190
33863 153
33864 339
33865 339
33866 323
33867 323
33868 323
33869 323
33870 208
33871 120
33872 30
33873 30
33874 174
33875 160
33876 241
33877 291
33878 263
33879 389
33880 389
33881 361
33882 361
33883 361
33884 361
33885 329
33886 22
33887 22
33888 30
33889 7
33890 346
33891 346
33892 273
33893 142
33894 142
33895 406
33896 406
33897 227
33898 337
33899 400
33900 400
33901 400
33902 400
33903 400
33904 400
33905 168
33906 141
33907 350
33908 350
33909 350
33910 28
33911 28
33912 91
33913 91
33914 91
33915 72
33916 72
33917 153
33918 130
33919 130
33920 14
33921 14
33922 17
33923 17
33924 335
33925 335
33926 25
33927 41
33928 41
33929 41
33930 21
33931 21
33932 171
33933 171
33934 86
33935 86
33936 80
33937 197
33938 143
33939 379
33940 379
33941 379
33942 379
33943 28
33944 28
33945 28
33946 102
33947 102
33948 226
33949 63
33950 63
33951 63
33952 148
33953 371
33954 267
33955 267
33956 104
33957 316
33958 316
33959 316
33960 369
33961 362
33962 362
33963 245
33964 99
33965 99
33966 99
33967 99
33968 106
33969 106
33970 106
33971 147
33972 53
33973 53
33974 320
33975 139
33976 263
33977 263
33978 20
33979 179
33980 214
33981 214
33982 87
33983 323
33984 398
33985 398
33986 262
33987 327
33988 327
33989 327
33990 290
33991 290
33992 290
33993 290
33994 290
33995 143
33996 143
33997 97
33998 97
33999 121
34000 389
34001 256
34002 256
34003 259
34004 181
34005 384
34006 38
34007 38
34008 95
34009 95
34010 164
34011 164
34012 119
34013 119
34014 119
34015 80
34016 68
34017 68
34018 68
34019 137
34020 137
34021 137
34022 283
34023 274
34024 176
34025 176
34026 176
34027 178
34028 255
34029 255
34030 385
34031 161
34032 395
34033 395
34034 101
34035 350
34036 39
34037 39
34038 39
34039 388
34040 347
34041 117
34042 388
34043 388
34044 249
34045 46
34046 46
34047 348
34048 386
34049 386
34050 395
34051 395
34052 329
34053 329
34054 250
34055 10
34056 28
34057 28
34058 181
34059 181
34060 187
34061 285
34062 199
34063 99
34064 99
34065 407
34066 407
34067 407
34068 253
34069 127
34070 127
34071 272
34072 272
34073 7
34074 192
34075 210
34076 198
34077 198
34078 198
34079 160
34080 160
34081 77
34082 77
34083 77
34084 187
34085 187
34086 187
34087 193
34088 265
34089 265
34090 242
34091 186
34092 186
34093 130
34094 209
34095 130
34096 186
34097 87
34098 87
34099 87
34100 16
34101 16
34102 116
34103 148
34104 279
34105 55
34106 55
34107 55
34108 55
34109 409
34110 331
34111 409
34112 86
34113 86
34114 146
34115 341
34116 341
34117 296
34118 306
34119 306
34120 298
34121 298
34122 298
34123 298
34124 298
34125 298
34126 298
34127 285
34128 285
34129 285
34130 362
34131 362
34132 200
34133 92
34134 237
34135 237
34136 276
34137 276
34138 45
34139 252
34140 340
34141 140
34142 252
34143 252
34144 142
34145 142
34146 142
34147 333
34148 33
34149 55
34150 55
34151 119
34152 119
34153 119
34154 111
34155 119
34156 288
34157 254
34158 275
34159 184
34160 73
34161 166
34162 321
34163 321
34164 321
34165 292
34166 64
34167 158
34168 158
34169 242
34170 350
34171 242
34172 390
34173 370
34174 370
34175 58
34176 52
34177 4
34178 348
34179 249
34180 130
34181 141
34182 130
34183 130
34184 130
34185 381
34186 419
34187 320
34188 320
34189 89
34190 89
34191 52
34192 385
34193 240
34194 401
34195 375
34196 375
34197 375
34198 375
34199 375
34200 80
34201 190
34202 190
34203 190
34204 250
34205 250
34206 250
34207 259
34208 55
34209 55
34210 55
34211 194
34212 194
34213 194
34214 194
34215 194
34216 194
34217 184
34218 62
34219 184
34220 100
34221 100
34222 126
34223 168
34224 19
34225 19
34226 19
34227 404
34228 404
34229 404
34230 77
34231 77
34232 329
34233 329
34234 207
34235 207
34236 240
34237 356
34238 240
34239 207
34240 207
34241 285
34242 285
34243 285
34244 285
34245 291
34246 291
34247 291
34248 343
34249 343
34250 136
34251 136
34252 276
34253 276
34254 276
34255 55
34256 55
34257 350
34258 86
34259 86
34260 136
34261 136
34262 373
34263 373
34264 373
34265 373
34266 373
34267 179
34268 173
34269 173
34270 173
34271 400
34272 420
34273 420
34274 5
34275 82
34276 82
34277 82
34278 82
34279 24
34280 106
34281 106
34282 281
34283 262
34284 339
34285 339
34286 339
34287 345
34288 345
34289 345
34290 345
34291 419
34292 419
34293 303
34294 303
34295 188
34296 389
34297 189
34298 189
34299 319
34300 285
34301 312
34302 312
34303 312
34304 312
34305 312
34306 179
34307 205
34308 205
34309 205
34310 12
34311 12
34312 12
34313 97
34314 97
34315 97
34316 97
34317 97
34318 121
34319 121
34320 148
34321 10
34322 10
34323 18
34324 46
34325 46
34326 46
34327 161
34328 161
34329 407
34330 407
34331 303
34332 283
34333 422
34334 42
34335 42
34336 42
34337 74
34338 276
34339 229
34340 63
34341 145
34342 13
34343 13
34344 287
34345 287
34346 206
34347 35
34348 36
34349 414
34350 41
34351 41
34352 41
34353 117
34354 117
34355 117
34356 157
34357 157
34358 157
34359 70
34360 44
34361 48
34362 48
34363 373
34364 373
34365 373
34366 373
34367 360
34368 26
34369 26
34370 26
34371 26
34372 294
34373 136
34374 136
34375 358
34376 45
34377 45
34378 343
34379 22
34380 364
34381 364
34382 292
34383 292
34384 406
34385 238
34386 147
34387 147
34388 147
34389 294
34390 294
34391 60
34392 60
34393 309
34394 181
34395 120
34396 313
34397 313
34398 313
34399 239
34400 43
34401 43
34402 43
34403 67
34404 34
34405 34
34406 34
34407 189
34408 189
34409 189
34410 101
34411 360
34412 360
34413 274
34414 274
34415 92
34416 41
34417 41
34418 41
34419 41
34420 154
34421 154
34422 154
34423 154
34424 390
34425 261
34426 58
34427 394
34428 394
34429 249
34430 279
34431 272
34432 272
34433 316
34434 316
34435 316
34436 316
34437 228
34438 308
34439 234
34440 234
34441 234
34442 60
34443 51
34444 51
34445 71
34446 71
34447 353
34448 353
34449 353
34450 353
34451 229
34452 229
34453 371
34454 367
34455 2
34456 27
34457 27
34458 104
34459 422
34460 192
34461 81
34462 141
34463 401
34464 401
34465 401
34466 362
34467 362
34468 285
34469 285
34470 332
34471 332
34472 264
34473 264
34474 154
34475 54
34476 106
34477 180
34478 251
34479 251
34480 178
34481 178
34482 285
34483 285
34484 285
34485 273
34486 188
34487 189
34488 189
34489 275
34490 170
34491 170
34492 170
34493 283
34494 244
34495 244
34496 244
34497 244
34498 244
34499 4
34500 4
34501 4
34502 243
34503 243
34504 274
34505 151
34506 151
34507 151
34508 304
34509 304
34510 328
34511 226
34512 226
34513 387
34514 59
34515 59
34516 146
34517 146
34518 303
34519 93
34520 379
34521 379
34522 372
34523 33
34524 49
34525 49
34526 341
34527 391
34528 263
34529 263
34530 263
34531 333
34532 333
34533 410
34534 410
34535 410
34536 107
34537 327
34538 90
34539 90
34540 90
34541 37
34542 37
34543 32
34544 320
34545 320
34546 88
34547 88
34548 18
34549 225
34550 371
34551 128
34552 128
34553 128
34554 426
34555 426
34556 426
34557 426
34558 246
34559 246
34560 278
34561 278
34562 278
34563 286
34564 286
34565 286
34566 262
34567 262
34568 409
34569 409
34570 390
34571 390
34572 390
34573 409
34574 346
34575 261
34576 261
34577 261
34578 300
34579 300
34580 300
34581 300
34582 300
34583 285
34584 285
34585 237
34586 237
34587 237
34588 334
34589 344
34590 105
34591 189
34592 189
34593 157
34594 157
34595 133
34596 15
34597 15
34598 232
34599 232
34600 252
34601 84
34602 51
34603 210
34604 210
34605 389
34606 389
34607 255
34608 314
34609 314
34610 314
34611 314
34612 314
34613 314
34614 53
34615 135
34616 135
34617 135
34618 386
34619 386
34620 74
34621 74
34622 74
34623 291
34624 291
34625 346
34626 346
34627 346
34628 346
34629 321
34630 321
34631 255
34632 147
34633 136
34634 136
34635 56
34636 100
34637 50
34638 52
34639 258
34640 258
34641 168
34642 168
34643 362
34644 104
34645 104
34646 104
34647 350
34648 229
34649 350
34650 235
34651 313
34652 241
34653 241
34654 287
34655 287
34656 394
34657 394
34658 94
34659 281
34660 241
34661 241
34662 149
34663 241
34664 241
34665 198
34666 198
34667 370
34668 337
34669 337
34670 97
34671 36
34672 36
34673 36
34674 36
34675 36
34676 154
34677 154
34678 38
34679 38
34680 7
34681 7
34682 74
34683 332
34684 332
34685 332
34686 394
34687 394
34688 415
34689 307
34690 394
34691 394
34692 394
34693 196
34694 196
34695 96
34696 96
34697 361
34698 56
34699 56
34700 56
34701 187
34702 187
34703 187
34704 105
34705 382
34706 227
34707 227
34708 58
34709 60
34710 144
34711 313
34712 313
34713 105
34714 138
34715 94
34716 184
34717 184
34718 156
34719 156
34720 33
34721 33
34722 33
34723 33
34724 355
34725 195
34726 126
34727 107
34728 67
34729 387
34730 25
34731 25
34732 408
34733 408
34734 364
34735 364
34736 125
34737 328
34738 364
34739 364
34740 178
34741 178
34742 178
34743 355
34744 355
34745 355
34746 355
34747 355
34748 311
34749 311
34750 311
34751 311
34752 187
34753 379
34754 381
34755 330
34756 116
34757 395
34758 395
34759 395
34760 395
34761 356
34762 356
34763 356
34764 389
34765 185
34766 389
34767 389
34768 236
34769 172
34770 80
34771 215
34772 215
34773 215
34774 356
34775 356
34776 112
34777 112
34778 383
34779 384
34780 383
34781 383
34782 53
34783 27
34784 27
34785 27
34786 27
34787 80
34788 80
34789 85
34790 85
34791 75
34792 15
34793 288
34794 288
34795 288
34796 250
34797 250
34798 250
34799 196
34800 196
34801 196
34802 26
34803 292
34804 6
34805 98
34806 98
34807 340
34808 340
34809 368
34810 368
34811 40
34812 328
34813 328
34814 328
34815 328
34816 40
34817 299
34818 299
34819 297
34820 299
34821 299
34822 299
34823 282
34824 124
34825 124
34826 124
34827 95
34828 7
34829 265
34830 265
34831 265
34832 122
34833 122
34834 122
34835 122
34836 122
34837 390
34838 145
34839 190
34840 190
34841 190
34842 190
34843 428
34844 428
34845 356
34846 356
34847 356
34848 370
34849 80
34850 80
34851 80
34852 181
34853 238
34854 238
34855 238
34856 183
34857 183
34858 64
34859 84
34860 84
34861 205
34862 252
34863 363
34864 363
34865 207
34866 229
34867 331
34868 331
34869 18
34870 309
34871 189
34872 189
34873 189
34874 189
34875 189
34876 160
34877 160
34878 5
34879 5
34880 5
34881 202
34882 406
34883 406
34884 70
34885 70
34886 70
34887 70
34888 198
34889 198
34890 198
34891 199
34892 67
34893 199
34894 21
34895 146
34896 353
34897 364
34898 264
34899 264
34900 188
34901 188
34902 181
34903 105
34904 105
34905 241
34906 321
34907 241
34908 241
34909 23
34910 23
34911 271
34912 271
34913 123
34914 123
34915 133
34916 33
34917 302
34918 423
34919 423
34920 423
34921 423
34922 232
34923 232
34924 31
34925 31
34926 91
34927 91
34928 91
34929 61
34930 61
34931 393
34932 393
34933 393
34934 393
34935 393
34936 152
34937 152
34938 293
34939 145
34940 187
34941 92
34942 118
34943 118
34944 137
34945 292
34946 292
34947 131
34948 53
34949 99
34950 200
34951 360
34952 360
34953 323
34954 25
34955 61
34956 61
34957 133
34958 210
34959 210
34960 172
34961 172
34962 362
34963 40
34964 364
34965 292
34966 23
34967 152
34968 250
34969 382
34970 382
34971 416
34972 132
34973 342
34974 342
34975 342
34976 36
34977 36
34978 36
34979 36
34980 36
34981 391
34982 280
34983 280
34984 151
34985 151
34986 187
34987 311
34988 311
34989 394
34990 394
34991 394
34992 91
34993 91
34994 253
34995 253
34996 350
34997 372
34998 372
34999 372
35000 213
35001 213
35002 38
35003 339
35004 339
35005 339
35006 130
35007 130
35008 363
35009 11
35010 11
35011 11
35012 11
35013 126
35014 424
35015 6
35016 348
35017 63
35018 50
35019 50
35020 50
35021 50
35022 50
35023 324
35024 324
35025 324
35026 233
35027 233
35028 355
35029 355
35030 342
35031 342
35032 342
35033 79
35034 369
35035 369
35036 382
35037 371
35038 371
35039 187
35040 187
35041 80
35042 285
35043 297
35044 65
35045 65
35046 123
35047 123
35048 123
35049 123
35050 123
35051 182
35052 333
35053 333
35054 18
35055 18
35056 291
35057 291
35058 230
35059 230
35060 230
35061 212
35062 387
35063 16
35064 16
35065 16
35066 16
35067 31
35068 31
35069 53
35070 5
35071 32
35072 5
35073 14
35074 14
35075 14
35076 344
35077 344
35078 344
35079 281
35080 207
35081 330
35082 387
35083 387
35084 267
35085 157
35086 157
35087 157
35088 157
35089 157
35090 187
35091 182
35092 87
35093 87
35094 87
35095 87
35096 153
35097 261
35098 261
35099 261
35100 261
35101 261
35102 228
35103 185
35104 180
35105 185
35106 153
35107 153
35108 12
35109 212
35110 212
35111 212
35112 212
35113 208
35114 406
35115 406
35116 133
35117 133
35118 113
35119 144
35120 133
35121 249
35122 250
35123 250
35124 250
35125 298
35126 298
35127 93
35128 55
35129 55
35130 55
35131 55
35132 55
35133 55
35134 399
35135 399
35136 339
35137 65
35138 65
35139 139
35140 359
35141 359
35142 316
35143 171
35144 171
35145 295
35146 214
35147 117
35148 180
35149 167
35150 362
35151 390
35152 390
35153 140
35154 62
35155 39
35156 275
35157 74
35158 41
35159 41
35160 274
35161 274
35162 290
35163 54
35164 54
35165 25
35166 25
35167 25
35168 419
35169 419
35170 419
35171 419
35172 419
35173 233
35174 233
35175 233
35176 221
35177 207
35178 207
35179 200
35180 336
35181 336
35182 34
35183 34
35184 196
35185 196
35186 196
35187 8
35188 8
35189 11
35190 264
35191 264
35192 264
35193 264
35194 264
35195 180
35196 424
35197 424
35198 62
35199 62
35200 208
35201 208
35202 385
35203 385
35204 385
35205 146
35206 260
35207 244
35208 244
35209 244
35210 244
35211 244
35212 244
35213 264
35214 350
35215 350
35216 119
35217 119
35218 252
35219 344
35220 320
35221 320
35222 80
35223 339
35224 339
35225 339
35226 339
35227 103
35228 103
35229 103
35230 225
35231 225
35232 229
35233 229
35234 379
35235 396
35236 122
35237 122
35238 192
35239 192
35240 192
35241 192
35242 100
35243 343
35244 343
35245 343
35246 66
35247 66
35248 133
35249 133
35250 399
35251 281
35252 399
35253 207
35254 207
35255 207
35256 292
35257 322
35258 322
35259 61
35260 61
35261 61
35262 20
35263 212
35264 367
35265 367
35266 367
35267 367
35268 367
35269 139
35270 139
35271 390
35272 423
35273 317
35274 293
35275 293
35276 293
35277 293
35278 243
35279 243
35280 197
35281 197
35282 117
35283 197
35284 157
35285 157
35286 323
35287 282
35288 200
35289 200
35290 238
35291 238
35292 384
35293 101
35294 342
35295 342
35296 342
35297 87
35298 87
35299 98
35300 98
35301 76
35302 76
35303 343
35304 343
35305 343
35306 343
35307 70
35308 317
35309 317
35310 317
35311 119
35312 119
35313 276
35314 68
35315 51
35316 51
35317 388
35318 388
35319 15
35320 255
35321 255
35322 255
35323 26
35324 93
35325 64
35326 152
35327 397
35328 397
35329 80
35330 112
35331 348
35332 148
35333 409
35334 410
35335 360
35336 360
35337 395
35338 395
35339 19
35340 19
35341 374
35342 413
35343 413
35344 413
35345 413
35346 404
35347 228
35348 324
35349 79
35350 289
35351 289
35352 270
35353 270
35354 280
35355 50
35356 50
35357 50
35358 85
35359 147
35360 147
35361 147
35362 407
35363 305
35364 305
35365 305
35366 305
35367 156
35368 156
35369 132
35370 132
35371 129
35372 138
35373 375
35374 31
35375 200
35376 200
35377 200
35378 41
35379 41
35380 357
35381 357
35382 357
35383 357
35384 389
35385 181
35386 190
35387 190
35388 182
35389 262
35390 186
35391 182
35392 4
35393 191
35394 320
35395 320
35396 42
35397 42
35398 42
35399 42
35400 176
35401 176
35402 87
35403 157
35404 347
35405 346
35406 100
35407 195
35408 348
35409 143
35410 143
35411 138
35412 145
35413 145
35414 61
35415 46
35416 46
35417 46
35418 360
35419 360
35420 207
35421 207
35422 207
35423 399
35424 43
35425 292
35426 75
35427 343
35428 137
35429 279
35430 279
35431 156
35432 260
35433 260
35434 260
35435 144
35436 273
35437 144
35438 355
35439 335
35440 187
35441 45
35442 45
35443 45
35444 43
35445 31
35446 31
35447 239
35448 391
35449 391
35450 391
35451 85
35452 131
35453 405
35454 405
35455 405
35456 24
35457 2
35458 231
35459 231
35460 101
35461 248
35462 262
35463 272
35464 272
35465 235
35466 235
35467 235
35468 362
35469 9
35470 9
35471 9
35472 9
35473 427
35474 395
35475 395
35476 331
35477 331
35478 383
35479 312
35480 312
35481 354
35482 274
35483 292
35484 292
35485 292
35486 241
35487 241
35488 347
35489 61
35490 28
35491 28
35492 157
35493 282
35494 282
35495 197
35496 197
35497 92
35498 357
35499 357
35500 163
35501 163
35502 155
35503 152
35504 304
35505 304
35506 304
35507 3
35508 294
35509 35
35510 35
35511 35
35512 308
35513 308
35514 102
35515 102
35516 391
35517 391
35518 391
35519 391
35520 173
35521 173
35522 173
35523 18
35524 18
35525 237
35526 237
35527 237
35528 57
35529 57
35530 57
35531 57
35532 57
35533 56
35534 56
35535 362
35536 139
35537 373
35538 373
35539 117
35540 117
35541 117
35542 297
35543 297
35544 297
35545 297
35546 335
35547 335
35548 200
35549 200
35550 387
35551 387
35552 34
35553 34
35554 34
35555 419
35556 419
35557 419
35558 419
35559 5
35560 265
35561 181
35562 350
35563 350
35564 201
35565 258
35566 258
35567 258
35568 173
35569 173
35570 370
35571 370
35572 291
35573 291
35574 291
35575 208
35576 168
35577 208
35578 208
35579 232
35580 118
35581 232
35582 211
35583 211
35584 211
35585 117
35586 117
35587 356
35588 356
35589 360
35590 360
35591 360
35592 375
35593 375
35594 306
35595 306
35596 19
35597 71
35598 158
35599 158
35600 158
35601 158
35602 64
35603 275
35604 275
35605 234
35606 234
35607 208
35608 188
35609 274
35610 274
35611 95
35612 95
35613 290
35614 134
35615 199
35616 404
35617 169
35618 139
35619 288
35620 376
35621 376
35622 147
35623 147
35624 337
35625 184
35626 184
35627 424
35628 424
35629 36
35630 386
35631 386
35632 386
35633 386
35634 146
35635 146
35636 146
35637 158
35638 106
35639 177
35640 177
35641 177
35642 177
35643 178
35644 178
35645 227
35646 104
35647 104
35648 416
35649 416
35650 187
35651 48
35652 48
35653 281
35654 281
35655 93
35656 93
35657 93
35658 241
35659 312
35660 312
35661 312
35662 314
35663 314
35664 388
35665 388
35666 388
35667 388
35668 349
35669 327
35670 242
35671 75
35672 75
35673 211
35674 211
35675 84
35676 198
35677 114
35678 327
35679 327
35680 327
35681 329
35682 67
35683 288
35684 288
35685 6
35686 6
35687 35
35688 35
35689 35
35690 35
35691 35
35692 363
35693 55
35694 55
35695 423
35696 265
35697 265
35698 265
35699 227
35700 227
35701 284
35702 284
35703 284
35704 201
35705 2
35706 2
35707 151
35708 151
35709 151
35710 246
35711 263
35712 263
35713 349
35714 349
35715 117
35716 117
35717 186
35718 153
35719 153
35720 153
35721 153
35722 89
35723 16
35724 185
35725 185
35726 365
35727 365
35728 409
35729 409
35730 38
35731 38
35732 38
35733 330
35734 330
35735 305
35736 305
35737 305
35738 255
35739 255
35740 258
35741 355
35742 355
35743 355
35744 355
35745 281
35746 281
35747 31
35748 127
35749 379
35750 379
35751 11
35752 11
35753 13
35754 11
35755 196
35756 140
35757 136
35758 136
35759 72
35760 362
35761 362
35762 319
35763 319
35764 332
35765 332
35766 332
35767 32
35768 137
35769 137
35770 137
35771 166
35772 166
35773 166
35774 166
35775 156
35776 156
35777 249
35778 249
35779 402
35780 77
35781 77
35782 77
35783 88
35784 88
35785 208
35786 208
35787 140
35788 140
35789 262
35790 262
35791 262
35792 246
35793 262
35794 349
35795 344
35796 53
35797 93
35798 93
35799 93
35800 252
35801 252
35802 255
35803 255
35804 227
35805 227
35806 273
35807 390
35808 390
35809 390
35810 128
35811 128
35812 128
35813 311
35814 311
35815 48
35816 48
35817 158
35818 158
35819 158
35820 180
35821 12
35822 12
35823 12
35824 12
35825 386
35826 386
35827 384
35828 384
35829 96
35830 96
35831 96
35832 160
35833 160
35834 91
35835 91
35836 91
35837 91
35838 91
35839 91
35840 91
35841 52
35842 193
35843 256
35844 41
35845 41
35846 221
35847 221
35848 261
35849 300
35850 376
35851 232
35852 232
35853 366
35854 366
35855 366
35856 366
35857 192
35858 192
35859 181
35860 396
35861 396
35862 423
35863 37
35864 74
35865 242
35866 173
35867 183
35868 183
35869 183
35870 72
35871 72
35872 72
35873 98
35874 200
35875 190
35876 190
35877 143
35878 143
35879 392
35880 64
35881 64
35882 64
35883 64
35884 305
35885 378
35886 378
35887 378
35888 378
35889 255
35890 264
35891 264
35892 264
35893 395
35894 395
35895 395
35896 395
35897 257
35898 257
35899 395
35900 395
35901 143
35902 143
35903 143
35904 143
35905 333
35906 363
35907 191
35908 346
35909 202
35910 72
35911 72
35912 153
35913 72
35914 143
35915 396
35916 396
35917 396
35918 396
35919 34
35920 34
35921 34
35922 179
35923 179
35924 359
35925 359
35926 359
35927 190
35928 190
35929 190
35930 190
35931 79
35932 188
35933 427
35934 427
35935 427
35936 427
35937 427
35938 427
35939 278
35940 278
35941 172
35942 338
35943 338
35944 382
35945 255
35946 255
35947 37
35948 72
35949 72
35950 72
35951 42
35952 42
35953 42
35954 187
35955 308
35956 146
35957 221
35958 92
35959 92
35960 336
35961 336
35962 102
35963 102
35964 146
35965 247
35966 247
35967 247
35968 279
35969 279
35970 279
35971 22
35972 311
35973 311
35974 311
35975 311
35976 311
35977 86
35978 211
35979 211
35980 211
35981 348
35982 269
35983 12
35984 12
35985 235
35986 301
35987 301
35988 60
35989 40
35990 270
35991 270
35992 270
35993 103
35994 103
35995 402
35996 86
35997 86
35998 86
35999 86
36000 86
36001 209
36002 209
36003 209
36004 171
36005 171
36006 348
36007 79
36008 79
36009 79
36010 78
36011 78
36012 94
36013 17
36014 17
36015 394
36016 196
36017 89
36018 89
36019 89
36020 26
36021 138
36022 181
36023 328
36024 328
36025 241
36026 241
36027 259
36028 259
36029 51
36030 131
36031 51
36032 304
36033 195
36034 375
36035 130
36036 377
36037 424
36038 84
36039 84
36040 280
36041 280
36042 280
36043 26
36044 13
36045 13
36046 239
36047 356
36048 356
36049 356
36050 145
36051 122
36052 309
36053 309
36054 383
36055 149
36056 360
36057 360
36058 80
36059 80
36060 206
36061 366
36062 366
36063 143
36064 207
36065 186
36066 186
36067 186
36068 353
36069 353
36070 353
36071 148
36072 154
36073 228
36074 228
36075 261
36076 290
36077 59
36078 59
36079 235
36080 235
36081 254
36082 411
36083 411
36084 411
36085 373
36086 373
36087 373
36088 126
36089 126
36090 126
36091 126
36092 390
36093 390
36094 390
36095 209
36096 209
36097 148
36098 145
36099 2
36100 2
36101 2
36102 32
36103 405
36104 309
36105 309
36106 309
36107 301
36108 301
36109 301
36110 401
36111 401
36112 242
36113 389
36114 389
36115 349
36116 241
36117 346
36118 346
36119 346
36120 346
36121 253
36122 253
36123 249
36124 408
36125 408
36126 408
36127 74
36128 419
36129 419
36130 318
36131 318
36132 361
36133 361
36134 361
36135 371
36136 371
36137 371
36138 225
36139 225
36140 278
36141 278
36142 419
36143 17
36144 17
36145 21
36146 21
36147 306
36148 306
36149 73
36150 402
36151 86
36152 86
36153 371
36154 383
36155 273
36156 273
36157 20
36158 372
36159 372
36160 372
36161 105
36162 105
36163 228
36164 368
36165 368
36166 368
36167 252
36168 55
36169 55
36170 55
36171 55
36172 55
36173 107
36174 271
36175 167
36176 167
36177 167
36178 277
36179 277
36180 33
36181 425
36182 290
36183 6
36184 178
36185 178
36186 34
36187 34
36188 34
36189 97
36190 97
36191 97
36192 97
36193 53
36194 53
36195 282
36196 282
36197 282
36198 115
36199 187
36200 65
36201 274
36202 274
36203 76
36204 76
36205 12
36206 356
36207 356
36208 356
36209 356
36210 34
36211 354
36212 132
36213 18
36214 101
36215 111
36216 407
36217 407
36218 407
36219 407
36220 155
36221 155
36222 147
36223 326
36224 354
36225 99
36226 206
36227 99
36228 195
36229 195
36230 66
36231 410
36232 410
36233 155
36234 36
36235 112
36236 188
36237 112
36238 402
36239 22
36240 22
36241 103
36242 38
36243 38
36244 391
36245 69
36246 69
36247 126
36248 315
36249 126
36250 308
36251 145
36252 233
36253 245
36254 195
36255 323
36256 107
36257 230
36258 230
36259 230
36260 230
36261 230
36262 297
36263 251
36264 251
36265 251
36266 251
36267 403
36268 13
36269 363
36270 242
36271 242
36272 82
36273 82
36274 82
36275 82
36276 187
36277 290
36278 302
36279 302
36280 302
36281 302
36282 174
36283 174
36284 60
36285 273
36286 273
36287 272
36288 341
36289 273
36290 141
36291 130
36292 130
36293 356
36294 236
36295 203
36296 203
36297 203
36298 85
36299 130
36300 130
36301 225
36302 92
36303 92
36304 159
36305 159
36306 136
36307 136
36308 110
36309 426
36310 395
36311 376
36312 144
36313 144
36314 254
36315 254
36316 49
36317 49
36318 88
36319 88
36320 243
36321 243
36322 253
36323 65
36324 65
36325 360
36326 360
36327 360
36328 163
36329 163
36330 130
36331 130
36332 130
36333 385
36334 152
36335 152
36336 127
36337 126
36338 126
36339 4
36340 315
36341 201
36342 201
36343 201
36344 201
36345 176
36346 176
36347 398
36348 398
36349 398
36350 159
36351 381
36352 299
36353 299
36354 36
36355 426
36356 426
36357 89
36358 257
36359 126
36360 126
36361 74
36362 293
36363 293
36364 98
36365 98
36366 85
36367 85
36368 92
36369 92
36370 282
36371 85
36372 85
36373 85
36374 85
36375 85
36376 102
36377 102
36378 102
36379 87
36380 76
36381 188
36382 36
36383 51
36384 51
36385 51
36386 51
36387 90
36388 287
36389 287
36390 29
36391 29
36392 29
36393 320
36394 320
36395 320
36396 300
36397 300
36398 181
36399 177
36400 134
36401 177
36402 246
36403 402
36404 65
36405 13
36406 57
36407 26
36408 295
36409 347
36410 347
36411 185
36412 185
36413 345
36414 248
36415 248
36416 248
36417 248
36418 371
36419 269
36420 146
36421 146
36422 151
36423 151
36424 151
36425 199
36426 199
36427 251
36428 251
36429 251
36430 246
36431 263
36432 105
36433 69
36434 69
36435 69
36436 69
36437 69
36438 301
36439 301
36440 301
36441 228
36442 121
36443 121
36444 45
36445 309
36446 309
36447 64
36448 309
36449 309
36450 20
36451 194
36452 289
36453 289
36454 338
36455 338
36456 338
36457 363
36458 297
36459 297
36460 127
36461 127
36462 407
36463 407
36464 278
36465 278
36466 278
36467 369
36468 369
36469 369
36470 153
36471 353
36472 153
36473 144
36474 144
36475 124
36476 225
36477 225
36478 225
36479 225
36480 386
36481 386
36482 386
36483 386
36484 386
36485 15
36486 13
36487 13
36488 309
36489 368
36490 368
36491 368
36492 368
36493 368
36494 267
36495 242
36496 13
36497 156
36498 156
36499 168
36500 62
36501 62
36502 62
36503 60
36504 60
36505 60
36506 378
36507 313
36508 257
36509 257
36510 159
36511 159
36512 205
36513 289
36514 289
36515 289
36516 289
36517 289
36518 417
36519 417
36520 141
36521 398
36522 79
36523 79
36524 79
36525 276
36526 199
36527 199
36528 252
36529 252
36530 252
36531 252
36532 217
36533 141
36534 384
36535 85
36536 79
36537 421
36538 302
36539 150
36540 150
36541 150
36542 150
36543 295
36544 295
36545 355
36546 355
36547 243
36548 243
36549 316
36550 243
36551 239
36552 24
36553 215
36554 215
36555 173
36556 179
36557 179
36558 40
36559 304
36560 349
36561 249
36562 193
36563 165
36564 391
36565 391
36566 283
36567 365
36568 365
36569 247
36570 361
36571 361
36572 12
36573 12
36574 190
36575 190
36576 190
36577 190
36578 53
36579 53
36580 227
36581 9
36582 9
36583 9
36584 9
36585 201
36586 201
36587 201
36588 91
36589 276
36590 161
36591 255
36592 256
36593 260
36594 241
36595 241
36596 147
36597 383
36598 148
36599 401
36600 401
36601 313
36602 313
36603 257
36604 257
36605 257
36606 257
36607 173
36608 190
36609 190
36610 190
36611 284
36612 284
36613 284
36614 284
36615 284
36616 284
36617 284
36618 383
36619 383
36620 195
36621 195
36622 366
36623 366
36624 366
36625 366
36626 207
36627 175
36628 148
36629 77
36630 77
36631 77
36632 212
36633 212
36634 212
36635 192
36636 352
36637 352
36638 406
36639 406
36640 406
36641 106
36642 74
36643 270
36644 293
36645 270
36646 270
36647 270
36648 270
36649 87
36650 262
36651 262
36652 262
36653 262
36654 342
36655 342
36656 342
36657 141
36658 333
36659 333
36660 202
36661 202
36662 246
36663 365
36664 365
36665 365
36666 295
36667 295
36668 155
36669 287
36670 328
36671 405
36672 405
36673 244
36674 92
36675 74
36676 17
36677 368
36678 377
36679 370
36680 370
36681 370
36682 95
36683 95
36684 342
36685 342
36686 40
36687 30
36688 232
36689 172
36690 172
36691 172
36692 399
36693 399
36694 171
36695 171
36696 247
36697 339
36698 18
36699 180
36700 193
36701 238
36702 238
36703 238
36704 133
36705 35
36706 35
36707 35
36708 35
36709 370
36710 188
36711 179
36712 179
36713 140
36714 140
36715 100
36716 100
36717 100
36718 100
36719 100
36720 100
36721 398
36722 398
36723 132
36724 404
36725 404
36726 404
36727 264
36728 64
36729 264
36730 264
36731 395
36732 395
36733 92
36734 92
36735 92
36736 92
36737 333
36738 229
36739 316
36740 135
36741 135
36742 214
36743 204
36744 204
36745 204
36746 204
36747 204
36748 204
36749 204
36750 319
36751 338
36752 338
36753 225
36754 225
36755 101
36756 101
36757 115
36758 115
36759 115
36760 312
36761 378
36762 378
36763 378
36764 378
36765 183
36766 183
36767 183
36768 265
36769 265
36770 334
36771 421
36772 378
36773 378
36774 412
36775 116
36776 116
36777 196
36778 321
36779 131
36780 131
36781 104
36782 414
36783 168
36784 168
36785 16
36786 14
36787 14
36788 39
36789 39
36790 39
36791 258
36792 258
36793 258
36794 134
36795 66
36796 66
36797 66
36798 66
36799 100
36800 398
36801 183
36802 183
36803 11
36804 11
36805 11
36806 105
36807 73
36808 73
36809 73
36810 73
36811 73
36812 73
36813 35
36814 35
36815 416
36816 416
36817 416
36818 139
36819 139
36820 71
36821 71
36822 147
36823 144
36824 167
36825 167
36826 57
36827 57
36828 57
36829 57
36830 57
36831 58
36832 121
36833 269
36834 269
36835 322
36836 322
36837 21
36838 21
36839 381
36840 296
36841 192
36842 411
36843 411
36844 411
36845 411
36846 411
36847 335
36848 337
36849 335
36850 335
36851 358
36852 409
36853 358
36854 358
36855 103
36856 103
36857 103
36858 106
36859 264
36860 264
36861 181
36862 291
36863 59
36864 125
36865 180
36866 180
36867 180
36868 98
36869 98
36870 405
36871 405
36872 402
36873 402
36874 244
36875 244
36876 244
36877 399
36878 399
36879 399
36880 399
36881 377
36882 236
36883 76
36884 76
36885 76
36886 328
36887 332
36888 332
36889 332
36890 332
36891 203
36892 337
36893 236
36894 60
36895 153
36896 29
36897 29
36898 199
36899 392
36900 392
36901 392
36902 366
36903 161
36904 161
36905 161
36906 360
36907 360
36908 39
36909 39
36910 26
36911 26
36912 218
36913 218
36914 200
36915 11
36916 11
36917 11
36918 418
36919 264
36920 264
36921 264
36922 264
36923 264
36924 264
36925 64
36926 64
36927 64
36928 197
36929 197
36930 9
36931 9
36932 119
36933 119
36934 119
36935 344
36936 201
36937 33
36938 33
36939 239
36940 120
36941 52
36942 407
36943 21
36944 21
36945 161
36946 161
36947 169
36948 169
36949 356
36950 211
36951 247
36952 253
36953 247
36954 256
36955 247
36956 201
36957 363
36958 310
36959 310
36960 203
36961 203
36962 203
36963 203
36964 414
36965 414
36966 414
36967 145
36968 124
36969 127
36970 144
36971 253
36972 253
36973 360
36974 340
36975 138
36976 182
36977 182
36978 9
36979 9
36980 9
36981 9
36982 9
36983 9
36984 302
36985 302
36986 302
36987 302
36988 208
36989 70
36990 70
36991 70
36992 134
36993 181
36994 414
36995 51
36996 411
36997 411
36998 411
36999 411
37000 261
37001 261
37002 2
37003 359
37004 359
37005 244
37006 200
37007 232
37008 232
37009 142
37010 142
37011 335
37012 335
37013 242
37014 54
37015 54
37016 86
37017 85
37018 85
37019 329
37020 329
37021 79
37022 155
37023 253
37024 253
37025 393
37026 393
37027 393
37028 393
37029 172
37030 54
37031 54
37032 376
37033 376
37034 412
37035 168
37036 292
37037 292
37038 367
37039 367
37040 367
37041 6
37042 82
37043 82
37044 59
37045 59
37046 50
37047 50
37048 417
37049 417
37050 47
37051 47
37052 47
37053 47
37054 47
37055 47
37056 106
37057 51
37058 51
37059 234
37060 234
37061 319
37062 319
37063 363
37064 81
37065 81
37066 81
37067 409
37068 186
37069 186
37070 186
37071 180
37072 148
37073 172
37074 64
37075 254
37076 254
37077 92
37078 294
37079 328
37080 328
37081 328
37082 296
37083 296
37084 259
37085 259
37086 168
37087 227
37088 227
37089 227
37090 402
37091 215
37092 44
37093 44
37094 44
37095 44
37096 44
37097 135
37098 135
37099 135
37100 135
37101 321
37102 6
37103 6
37104 376
37105 376
37106 161
37107 165
37108 287
37109 179
37110 248
37111 236
37112 139
37113 133
37114 133
37115 128
37116 128
37117 304
37118 304
37119 304
37120 304
37121 384
37122 384
37123 338
37124 293
37125 293
37126 293
37127 293
37128 338
37129 338
37130 400
37131 400
37132 400
37133 138
37134 138
37135 138
37136 138
37137 75
37138 170
37139 170
37140 179
37141 231
37142 49
37143 49
37144 49
37145 238
37146 238
37147 238
37148 389
37149 389
37150 151
37151 151
37152 118
37153 151
37154 182
37155 91
37156 47
37157 47
37158 47
37159 47
37160 47
37161 354
37162 354
37163 354
37164 376
37165 359
37166 269
37167 269
37168 197
37169 197
37170 197
37171 253
37172 253
37173 225
37174 225
37175 228
37176 286
37177 286
37178 100
37179 318
37180 318
37181 318
37182 277
37183 181
37184 369
37185 369
37186 257
37187 257
37188 389
37189 249
37190 384
37191 384
37192 384
37193 80
37194 343
37195 326
37196 399
37197 399
37198 145
37199 145
37200 60
37201 309
37202 309
37203 309
37204 178
37205 178
37206 276
37207 31
37208 254
37209 279
37210 279
37211 261
37212 303
37213 303
37214 55
37215 55
37216 199
37217 199
37218 78
37219 40
37220 249
37221 415
37222 60
37223 225
37224 225
37225 214
37226 199
37227 221
37228 121
37229 121
37230 79
37231 393
37232 393
37233 393
37234 42
37235 42
37236 374
37237 374
37238 157
37239 157
37240 233
37241 20
37242 299
37243 299
37244 299
37245 112
37246 112
37247 289
37248 289
37249 345
37250 345
37251 345
37252 335
37253 335
37254 90
37255 90
37256 90
37257 52
37258 141
37259 387
37260 387
37261 318
37262 318
37263 311
37264 311
37265 311
37266 17
37267 17
37268 17
37269 329
37270 329
37271 81
37272 81
37273 81
37274 81
37275 81
37276 181
37277 187
37278 186
37279 201
37280 247
37281 247
37282 247
37283 273
37284 336
37285 273
37286 273
37287 273
37288 237
37289 237
37290 237
37291 139
37292 139
37293 198
37294 198
37295 198
37296 198
37297 242
37298 23
37299 316
37300 313
37301 403
37302 287
37303 287
37304 287
37305 254
37306 254
37307 256
37308 254
37309 149
37310 149
37311 149
37312 267
37313 182
37314 206
37315 182
37316 30
37317 30
37318 30
37319 30
37320 30
37321 173
37322 65
37323 343
37324 343
37325 341
37326 338
37327 73
37328 73
37329 73
37330 73
37331 73
37332 39
37333 40
37334 40
37335 310
37336 209
37337 209
37338 209
37339 266
37340 266
37341 301
37342 301
37343 413
37344 413
37345 413
37346 234
37347 234
37348 94
37349 94
37350 94
37351 255
37352 256
37353 256
37354 237
37355 237
37356 237
37357 265
37358 265
37359 323
37360 323
37361 323
37362 323
37363 271
37364 271
37365 258
37366 398
37367 258
37368 256
37369 258
37370 139
37371 199
37372 396
37373 150
37374 150
37375 342
37376 342
37377 342
37378 74
37379 74
37380 41
37381 41
37382 41
37383 8
37384 8
37385 39
37386 39
37387 271
37388 271
37389 24
37390 57
37391 172
37392 295
37393 270
37394 270
37395 270
37396 127
37397 189
37398 189
37399 47
37400 402
37401 402
37402 60
37403 60
37404 24
37405 396
37406 123
37407 123
37408 123
37409 32
37410 32
37411 328
37412 328
37413 328
37414 330
37415 344
37416 80
37417 128
37418 128
37419 363
37420 95
37421 5
37422 5
37423 5
37424 5
37425 5
37426 144
37427 74
37428 186
37429 270
37430 270
37431 270
37432 86
37433 86
37434 180
37435 414
37436 398
37437 358
37438 358
37439 358
37440 360
37441 360
37442 302
37443 302
37444 256
37445 256
37446 106
37447 291
37448 291
37449 181
37450 65
37451 213
37452 213
37453 272
37454 272
37455 272
37456 291
37457 291
37458 291
37459 416
37460 168
37461 115
37462 115
37463 43
37464 372
37465 390
37466 390
37467 196
37468 87
37469 92
37470 18
37471 352
37472 290
37473 422
37474 422
37475 422
37476 422
37477 413
37478 413
37479 413
37480 413
37481 403
37482 403
37483 403
37484 403
37485 85
37486 85
37487 391
37488 391
37489 173
37490 90
37491 366
37492 366
37493 366
37494 23
37495 23
37496 16
37497 16
37498 345
37499 345
37500 345
37501 374
37502 33
37503 191
37504 191
37505 191
37506 56
37507 141
37508 192
37509 192
37510 358
37511 155
37512 358
37513 251
37514 31
37515 127
37516 127
37517 287
37518 148
37519 154
37520 154
37521 51
37522 51
37523 51
37524 240
37525 240
37526 201
37527 201
37528 56
37529 300
37530 300
37531 12
37532 153
37533 153
37534 84
37535 84
37536 362
37537 362
37538 355
37539 376
37540 313
37541 313
37542 187
37543 225
37544 225
37545 225
37546 28
37547 421
37548 421
37549 342
37550 37
37551 37
37552 121
37553 121
37554 427
37555 427
37556 19
37557 421
37558 421
37559 421
37560 421
37561 421
37562 421
37563 236
37564 171
37565 112
37566 171
37567 16
37568 403
37569 41
37570 41
37571 122
37572 22
37573 415
37574 249
37575 405
37576 405
37577 405
37578 360
37579 177
37580 165
37581 177
37582 334
37583 334
37584 376
37585 302
37586 52
37587 51
37588 51
37589 95
37590 95
37591 121
37592 67
37593 110
37594 110
37595 149
37596 149
37597 114
37598 114
37599 5
37600 153
37601 235
37602 235
37603 102
37604 202
37605 20
37606 20
37607 299
37608 299
37609 299
37610 24
37611 24
37612 396
37613 366
37614 366
37615 366
37616 205
37617 213
37618 213
37619 66
37620 66
37621 233
37622 233
37623 233
37624 255
37625 233
37626 233
37627 233
37628 233
37629 404
37630 83
37631 83
37632 85
37633 85
37634 79
37635 321
37636 359
37637 200
37638 200
37639 200
37640 295
37641 295
37642 276
37643 23
37644 314
37645 314
37646 314
37647 383
37648 306
37649 306
37650 424
37651 424
37652 424
37653 182
37654 182
37655 337
37656 352
37657 352
37658 368
37659 381
37660 156
37661 156
37662 156
37663 180
37664 180
37665 180
37666 77
37667 77
37668 77
37669 294
37670 294
37671 379
37672 379
37673 262
37674 262
37675 262
37676 262
37677 262
37678 52
37679 301
37680 236
37681 91
37682 91
37683 194
37684 194
37685 328
37686 328
37687 272
37688 371
37689 10
37690 10
37691 10
37692 83
37693 260
37694 260
37695 260
37696 247
37697 189
37698 14
37699 14
37700 193
37701 296
37702 296
37703 296
37704 296
37705 126
37706 126
37707 120
37708 120
37709 349
37710 349
37711 349
37712 345
37713 370
37714 370
37715 228
37716 24
37717 24
37718 191
37719 185
37720 185
37721 185
37722 154
37723 234
37724 238
37725 234
37726 136
37727 136
37728 424
37729 424
37730 307
37731 307
37732 254
37733 122
37734 122
37735 425
37736 425
37737 25
37738 380
37739 380
37740 225
37741 126
37742 83
37743 83
37744 83
37745 83
37746 75
37747 75
37748 275
37749 320
37750 339
37751 339
37752 339
37753 339
37754 339
37755 339
37756 339
37757 339
37758 37
37759 276
37760 276
37761 22
37762 22
37763 22
37764 193
37765 188
37766 400
37767 410
37768 410
37769 79
37770 79
37771 255
37772 71
37773 71
37774 319
37775 35
37776 35
37777 189
37778 189
37779 385
37780 385
37781 30
37782 30
37783 30
37784 30
37785 363
37786 418
37787 70
37788 70
37789 70
37790 254
37791 95
37792 95
37793 256
37794 239
37795 214
37796 116
37797 255
37798 224
37799 224
37800 91
37801 91
37802 71
37803 71
37804 137
37805 357
37806 357
37807 357
37808 357
37809 357
37810 357
37811 357
37812 357
37813 357
37814 357
37815 357
37816 319
37817 319
37818 210
37819 210
37820 210
37821 181
37822 255
37823 255
37824 201
37825 201
37826 363
37827 363
37828 150
37829 277
37830 277
37831 276
37832 242
37833 398
37834 319
37835 13
37836 118
37837 295
37838 295
37839 295
37840 202
37841 33
37842 6
37843 30
37844 30
37845 30
37846 362
37847 214
37848 214
37849 123
37850 123
37851 61
37852 61
37853 385
37854 385
37855 385
37856 141
37857 141
37858 183
37859 183
37860 183
37861 183
37862 143
37863 143
37864 143
37865 6
37866 199
37867 296
37868 137
37869 119
37870 137
37871 137
37872 310
37873 392
37874 392
37875 392
37876 306
37877 392
37878 334
37879 334
37880 345
37881 345
37882 345
37883 291
37884 291
37885 189
37886 295
37887 295
37888 17
37889 124
37890 17
37891 3
37892 396
37893 396
37894 396
37895 308
37896 143
37897 27
37898 21
37899 147
37900 205
37901 205
37902 358
37903 173
37904 289
37905 289
37906 289
37907 5
37908 5
37909 119
37910 119
37911 181
37912 195
37913 362
37914 40
37915 145
37916 153
37917 418
37918 246
37919 60
37920 60
37921 148
37922 211
37923 211
37924 69
37925 69
37926 69
37927 370
37928 370
37929 116
37930 62
37931 62
37932 56
37933 56
37934 56
37935 295
37936 209
37937 208
37938 242
37939 279
37940 279
37941 387
37942 369
37943 369
37944 196
37945 196
37946 196
37947 196
37948 196
37949 87
37950 331
37951 106
37952 279
37953 279
37954 133
37955 133
37956 133
37957 380
37958 380
37959 380
37960 207
37961 207
37962 176
37963 176
37964 122
37965 122
37966 122
37967 48
37968 48
37969 237
37970 237
37971 279
37972 279
37973 375
37974 375
37975 375
37976 101
37977 376
37978 186
37979 186
37980 294
37981 54
37982 54
37983 54
37984 54
37985 54
37986 91
37987 276
37988 194
37989 194
37990 194
37991 194
37992 378
37993 378
37994 332
37995 332
37996 386
37997 386
37998 386
37999 324
38000 324
38001 324
38002 48
38003 29
38004 29
38005 29
38006 88
38007 88
38008 5
38009 5
38010 268
38011 20
38012 282
38013 282
38014 334
38015 334
38016 393
38017 190
38018 190
38019 102
38020 102
38021 6
38022 6
38023 35
38024 142
38025 142
38026 142
38027 213
38028 195
38029 12
38030 151
38031 130
38032 130
38033 130
38034 130
38035 130
38036 158
38037 130
38038 226
38039 226
38040 226
38041 368
38042 368
38043 368
38044 368
38045 36
38046 36
38047 36
38048 55
38049 55
38050 188
38051 188
38052 131
38053 333
38054 153
38055 153
38056 110
38057 153
38058 153
38059 403
38060 142
38061 236
38062 236
38063 236
38064 300
38065 121
38066 40
38067 22
38068 22
38069 22
38070 71
38071 71
38072 241
38073 383
38074 147
38075 52
38076 52
38077 228
38078 126
38079 126
38080 415
38081 415
38082 311
38083 311
38084 71
38085 423
38086 423
38087 423
38088 423
38089 423
38090 417
38091 417
38092 417
38093 417
38094 135
38095 135
38096 135
38097 135
38098 135
38099 135
38100 135
38101 197
38102 197
38103 152
38104 183
38105 183
38106 269
38107 209
38108 172
38109 148
38110 14
38111 14
38112 389
38113 155
38114 196
38115 196
38116 196
38117 233
38118 233
38119 53
38120 53
38121 129
38122 129
38123 129
38124 194
38125 194
38126 194
38127 349
38128 346
38129 346
38130 372
38131 372
38132 288
38133 160
38134 160
38135 354
38136 186
38137 393
38138 393
38139 393
38140 305
38141 305
38142 338
38143 248
38144 64
38145 64
38146 410
38147 399
38148 399
38149 376
38150 166
38151 166
38152 166
38153 166
38154 393
38155 393
38156 393
38157 393
38158 408
38159 408
38160 408
38161 158
38162 158
38163 158
38164 47
38165 47
38166 47
38167 377
38168 354
38169 268
38170 268
38171 346
38172 125
38173 125
38174 125
38175 125
38176 125
38177 181
38178 334
38179 334
38180 242
38181 323
38182 344
38183 138
38184 138
38185 359
38186 359
38187 376
38188 366
38189 182
38190 29
38191 255
38192 207
38193 400
38194 400
38195 400
38196 151
38197 151
38198 151
38199 151
38200 347
38201 151
38202 422
38203 422
38204 293
38205 293
38206 265
38207 298
38208 213
38209 265
38210 202
38211 50
38212 392
38213 392
38214 392
38215 231
38216 231
38217 231
38218 358
38219 358
38220 358
38221 314
38222 314
38223 314
38224 51
38225 51
38226 51
38227 51
38228 195
38229 195
38230 265
38231 265
38232 320
38233 320
38234 24
38235 366
38236 366
38237 306
38238 306
38239 306
38240 47
38241 47
38242 246
38243 246
38244 305
38245 305
38246 305
38247 95
38248 375
38249 24
38250 169
38251 169
38252 127
38253 127
38254 127
38255 127
38256 199
38257 31
38258 145
38259 175
38260 175
38261 80
38262 118
38263 154
38264 52
38265 293
38266 293
38267 187
38268 178
38269 63
38270 63
38271 63
38272 178
38273 178
38274 178
38275 192
38276 192
38277 192
38278 192
38279 194
38280 21
38281 21
38282 145
38283 145
38284 145
38285 340
38286 340
38287 340
38288 75
38289 408
38290 17
38291 288
38292 288
38293 414
38294 102
38295 102
38296 158
38297 158
38298 158
38299 158
38300 153
38301 288
38302 288
38303 288
38304 232
38305 232
38306 47
38307 47
38308 281
38309 281
38310 202
38311 76
38312 76
38313 85
38314 85
38315 376
38316 376
38317 357
38318 148
38319 269
38320 269
38321 75
38322 75
38323 246
38324 32
38325 32
38326 249
38327 405
38328 405
38329 405
38330 133
38331 133
38332 127
38333 148
38334 28
38335 28
38336 28
38337 25
38338 150
38339 150
38340 150
38341 80
38342 326
38343 326
38344 34
38345 34
38346 34
38347 380
38348 8
38349 8
38350 8
38351 283
38352 140
38353 140
38354 32
38355 149
38356 149
38357 149
38358 149
38359 168
38360 303
38361 267
38362 179
38363 179
38364 179
38365 179
38366 74
38367 426
38368 426
38369 107
38370 407
38371 407
38372 407
38373 2
38374 347
38375 347
38376 400
38377 400
38378 33
38379 407
38380 407
38381 407
38382 194
38383 19
38384 352
38385 352
38386 352
38387 19
38388 35
38389 35
38390 409
38391 142
38392 142
38393 142
38394 351
38395 351
38396 351
38397 351
38398 250
38399 250
38400 250
38401 411
38402 411
38403 387
38404 387
38405 387
38406 387
38407 274
38408 274
38409 230
38410 230
38411 415
38412 20
38413 137
38414 137
38415 29
38416 80
38417 173
38418 173
38419 173
38420 173
38421 32
38422 221
38423 308
38424 308
38425 308
38426 55
38427 55
38428 55
38429 68
38430 152
38431 62
38432 422
38433 141
38434 279
38435 279
38436 279
38437 427
38438 427
38439 427
38440 427
38441 427
38442 161
38443 30
38444 150
38445 150
38446 150
38447 150
38448 150
38449 313
38450 313
38451 246
38452 277
38453 277
38454 402
38455 309
38456 309
38457 309
38458 234
38459 178
38460 178
38461 279
38462 83
38463 83
38464 83
38465 410
38466 52
38467 179
38468 179
38469 42
38470 42
38471 238
38472 239
38473 238
38474 421
38475 421
38476 421
38477 56
38478 391
38479 154
38480 154
38481 256
38482 148
38483 159
38484 133
38485 228
38486 341
38487 341
38488 233
38489 179
38490 179
38491 182
38492 170
38493 170
38494 170
38495 170
38496 408
38497 408
38498 408
38499 408
38500 408
38501 408
38502 252
38503 408
38504 408
38505 118
38506 8
38507 8
38508 316
38509 316
38510 316
38511 316
38512 238
38513 292
38514 292
38515 292
38516 292
38517 292
38518 138
38519 35
38520 138
38521 345
38522 314
38523 314
38524 314
38525 386
38526 386
38527 180
38528 180
38529 266
38530 266
38531 266
38532 268
38533 268
38534 369
38535 356
38536 356
38537 65
38538 65
38539 65
38540 202
38541 261
38542 275
38543 199
38544 40
38545 40
38546 126
38547 126
38548 295
38549 36
38550 396
38551 245
38552 244
38553 295
38554 138
38555 138
38556 61
38557 61
38558 61
38559 229
38560 411
38561 301
38562 301
38563 10
38564 10
38565 10
38566 321
38567 321
38568 174
38569 144
38570 309
38571 309
38572 309
38573 309
38574 33
38575 389
38576 154
38577 154
38578 154
38579 191
38580 96
38581 96
38582 100
38583 100
38584 261
38585 261
38586 261
38587 154
38588 384
38589 257
38590 257
38591 257
38592 257
38593 257
38594 262
38595 262
38596 83
38597 289
38598 289
38599 8
38600 8
38601 8
38602 267
38603 18
38604 178
38605 180
38606 346
38607 346
38608 346
38609 31
38610 282
38611 120
38612 120
38613 76
38614 66
38615 66
38616 106
38617 193
38618 406
38619 406
38620 189
38621 189
38622 189
38623 189
38624 212
38625 212
38626 253
38627 253
38628 40
38629 185
38630 185
38631 185
38632 90
38633 90
38634 32
38635 141
38636 390
38637 130
38638 130
38639 130
38640 374
38641 374
38642 370
38643 87
38644 87
38645 87
38646 87
38647 146
38648 106
38649 148
38650 125
38651 125
38652 125
38653 313
38654 313
38655 282
38656 2
38657 256
38658 260
38659 32
38660 118
38661 253
38662 43
38663 43
38664 179
38665 28
38666 28
38667 28
38668 28
38669 28
38670 79
38671 38
38672 38
38673 38
38674 79
38675 79
38676 294
38677 373
38678 373
38679 315
38680 226
38681 375
38682 25
38683 25
38684 65
38685 242
38686 277
38687 52
38688 395
38689 149
38690 22
38691 22
38692 22
38693 252
38694 252
38695 95
38696 95
38697 95
38698 166
38699 166
38700 166
38701 168
38702 255
38703 38
38704 38
38705 38
38706 172
38707 237
38708 237
38709 237
38710 237
38711 4
38712 202
38713 61
38714 61
38715 51
38716 110
38717 347
38718 127
38719 57
38720 57
38721 57
38722 57
38723 74
38724 133
38725 133
38726 133
38727 129
38728 12
38729 54
38730 54
38731 312
38732 87
38733 236
38734 160
38735 97
38736 97
38737 121
38738 155
38739 116
38740 402
38741 402
38742 402
38743 402
38744 407
38745 407
38746 390
38747 151
38748 151
38749 151
38750 318
38751 145
38752 307
38753 307
38754 307
38755 423
38756 423
38757 362
38758 362
38759 396
38760 49
38761 49
38762 106
38763 27
38764 22
38765 22
38766 330
38767 361
38768 361
38769 361
38770 427
38771 427
38772 414
38773 129
38774 129
38775 19
38776 19
38777 15
38778 15
38779 242
38780 86
38781 86
38782 86
38783 103
38784 18
38785 86
38786 86
38787 88
38788 88
38789 270
38790 270
38791 270
38792 334
38793 62
38794 318
38795 318
38796 242
38797 202
38798 146
38799 145
38800 145
38801 289
38802 260
38803 260
38804 260
38805 84
38806 84
38807 301
38808 246
38809 246
38810 246
38811 243
38812 246
38813 246
38814 246
38815 246
38816 237
38817 237
38818 237
38819 198
38820 198
38821 284
38822 284
38823 284
38824 284
38825 284
38826 272
38827 272
38828 272
38829 272
38830 47
38831 262
38832 214
38833 214
38834 350
38835 422
38836 375
38837 175
38838 416
38839 416
38840 416
38841 70
38842 143
38843 141
38844 182
38845 257
38846 257
38847 257
38848 257
38849 104
38850 104
38851 104
38852 170
38853 388
38854 388
38855 388
38856 273
38857 80
38858 385
38859 385
38860 385
38861 385
38862 402
38863 402
38864 305
38865 305
38866 305
38867 305
38868 246
38869 74
38870 76
38871 76
38872 76
38873 306
38874 306
38875 306
38876 306
38877 288
38878 288
38879 396
38880 140
38881 140
38882 121
38883 52
38884 52
38885 44
38886 44
38887 41
38888 83
38889 374
38890 374
38891 374
38892 374
38893 415
38894 230
38895 230
38896 310
38897 310
38898 310
38899 310
38900 316
38901 211
38902 211
38903 211
38904 94
38905 94
38906 200
38907 101
38908 282
38909 282
38910 281
38911 281
38912 281
38913 96
38914 94
38915 370
38916 367
38917 342
38918 367
38919 308
38920 27
38921 27
38922 27
38923 139
38924 167
38925 38
38926 37
38927 38
38928 38
38929 204
38930 204
38931 204
38932 119
38933 94
38934 99
38935 252
38936 15
38937 252
38938 337
38939 337
38940 404
38941 404
38942 404
38943 90
38944 298
38945 160
38946 160
38947 160
38948 12
38949 12
38950 45
38951 256
38952 279
38953 256
38954 256
38955 289
38956 289
38957 336
38958 315
38959 315
38960 65
38961 65
38962 147
38963 368
38964 368
38965 368
38966 330
38967 35
38968 35
38969 45
38970 175
38971 170
38972 170
38973 170
38974 381
38975 381
38976 381
38977 381
38978 381
38979 194
38980 333
38981 333
38982 354
38983 354
38984 312
38985 312
38986 23
38987 251
38988 251
38989 215
38990 134
38991 51
38992 189
38993 189
38994 189
38995 189
38996 46
38997 46
38998 117
38999 222
39000 222
39001 147
39002 101
39003 207
39004 26
39005 26
39006 26
39007 210
39008 210
39009 314
39010 314
39011 71
39012 169
39013 169
39014 51
39015 45
39016 45
39017 112
39018 112
39019 14
39020 14
39021 204
39022 330
39023 200
39024 144
39025 329
39026 421
39027 392
39028 392
39029 392
39030 30
39031 151
39032 151
39033 268
39034 268
39035 222
39036 328
39037 139
39038 234
39039 234
39040 234
39041 84
39042 84
39043 145
39044 341
39045 341
39046 141
39047 293
39048 293
39049 191
39050 187
39051 187
39052 410
39053 354
39054 416
39055 50
39056 104
39057 384
39058 37
39059 37
39060 37
39061 228
39062 123
39063 123
39064 123
39065 136
39066 136
39067 423
39068 146
39069 146
39070 22
39071 22
39072 22
39073 22
39074 22
39075 22
39076 22
39077 198
39078 198
39079 401
39080 401
39081 401
39082 292
39083 310
39084 310
39085 310
39086 310
39087 238
39088 238
39089 238
39090 381
39091 381
39092 119
39093 119
39094 20
39095 176
39096 176
39097 95
39098 95
39099 67
39100 264
39101 119
39102 39
39103 39
39104 39
39105 39
39106 310
39107 51
39108 51
39109 117
39110 117
39111 117
39112 343
39113 19
39114 336
39115 336
39116 102
39117 102
39118 146
39119 146
39120 141
39121 139
39122 259
39123 256
39124 39
39125 153
39126 153
39127 414
39128 414
39129 414
39130 207
39131 207
39132 75
39133 75
39134 340
39135 96
39136 96
39137 32
39138 32
39139 317
39140 7
39141 7
39142 246
39143 233
39144 233
39145 233
39146 233
39147 389
39148 173
39149 173
39150 173
39151 173
39152 173
39153 79
39154 348
39155 79
39156 20
39157 74
39158 423
39159 23
39160 23
39161 393
39162 393
39163 393
39164 393
39165 333
39166 34
39167 34
39168 34
39169 34
39170 154
39171 154
39172 179
39173 124
39174 124
39175 139
39176 378
39177 378
39178 378
39179 379
39180 379
39181 379
39182 185
39183 185
39184 185
39185 291
39186 291
39187 17
39188 387
39189 350
39190 350
39191 350
39192 350
39193 320
39194 320
39195 389
39196 389
39197 341
39198 9
39199 9
39200 9
39201 9
39202 229
39203 229
39204 229
39205 332
39206 332
39207 79
39208 79
39209 410
39210 410
39211 410
39212 410
39213 410
39214 426
39215 426
39216 426
39217 361
39218 106
39219 129
39220 129
39221 194
39222 101
39223 220
39224 411
39225 411
39226 411
39227 210
39228 210
39229 338
39230 106
39231 43
39232 43
39233 255
39234 255
39235 419
39236 275
39237 356
39238 356
39239 356
39240 347
39241 80
39242 98
39243 98
39244 264
39245 264
39246 264
39247 240
39248 240
39249 78
39250 78
39251 9
39252 404
39253 404
39254 20
39255 272
39256 143
39257 25
39258 25
39259 25
39260 25
39261 376
39262 374
39263 374
39264 374
39265 284
39266 11
39267 11
39268 342
39269 376
39270 392
39271 252
39272 252
39273 252
39274 242
39275 242
39276 358
39277 228
39278 240
39279 240
39280 240
39281 138
39282 7
39283 7
39284 368
39285 368
39286 379
39287 148
39288 417
39289 417
39290 417
39291 417
39292 417
39293 361
39294 361
39295 374
39296 88
39297 88
39298 326
39299 185
39300 226
39301 11
39302 52
39303 48
39304 52
39305 52
39306 348
39307 348
39308 177
39309 136
39310 136
39311 136
39312 136
39313 254
39314 418
39315 347
39316 347
39317 347
39318 246
39319 15
39320 15
39321 412
39322 412
39323 227
39324 227
39325 227
39326 225
39327 227
39328 75
39329 75
39330 82
39331 82
39332 248
39333 107
39334 68
39335 68
39336 131
39337 131
39338 233
39339 233
39340 292
39341 292
39342 292
39343 292
39344 288
39345 288
39346 288
39347 106
39348 145
39349 115
39350 115
39351 115
39352 181
39353 234
39354 157
39355 157
39356 292
39357 292
39358 292
39359 31
39360 420
39361 420
39362 420
39363 420
39364 26
39365 374
39366 374
39367 211
39368 211
39369 211
39370 170
39371 170
39372 170
39373 401
39374 405
39375 405
39376 405
39377 139
39378 139
39379 399
39380 399
39381 169
39382 169
39383 169
39384 180
39385 180
39386 245
39387 146
39388 292
39389 292
39390 145
39391 145
39392 145
39393 336
39394 336
39395 336
39396 138
39397 377
39398 283
39399 283
39400 426
39401 426
39402 299
39403 299
39404 23
39405 144
39406 144
39407 160
39408 160
39409 405
39410 405
39411 204
39412 204
39413 204
39414 204
39415 204
39416 135
39417 135
39418 261
39419 401
39420 401
39421 401
39422 416
39423 416
39424 357
39425 357
39426 357
39427 357
39428 357
39429 275
39430 175
39431 16
39432 16
39433 16
39434 16
39435 144
39436 40
39437 129
39438 414
39439 414
39440 427
39441 427
39442 427
39443 27
39444 27
39445 413
39446 161
39447 191
39448 96
39449 155
39450 14
39451 14
39452 361
39453 361
39454 410
39455 142
39456 274
39457 159
39458 159
39459 408
39460 408
39461 233
39462 233
39463 405
39464 230
39465 57
39466 57
39467 57
39468 57
39469 57
39470 205
39471 287
39472 287
39473 17
39474 359
39475 359
39476 342
39477 342
39478 342
39479 255
39480 255
39481 255
39482 157
39483 157
39484 133
39485 133
39486 151
39487 151
39488 149
39489 149
39490 113
39491 187
39492 152
39493 191
39494 180
39495 107
39496 306
39497 310
39498 310
39499 236
39500 310
39501 402
39502 402
39503 74
39504 299
39505 361
39506 361
39507 205
39508 205
39509 76
39510 333
39511 333
39512 333
39513 333
39514 410
39515 410
39516 410
39517 82
39518 82
39519 72
39520 237
39521 237
39522 174
39523 175
39524 60
39525 55
39526 55
39527 55
39528 366
39529 366
39530 366
39531 366
39532 292
39533 292
39534 276
39535 272
39536 272
39537 184
39538 228
39539 399
39540 117
39541 11
39542 11
39543 11
39544 131
39545 265
39546 265
39547 317
39548 317
39549 37
39550 198
39551 198
39552 198
39553 81
39554 81
39555 81
39556 170
39557 170
39558 395
39559 395
39560 91
39561 341
39562 341
39563 341
39564 341
39565 95
39566 95
39567 13
39568 334
39569 334
39570 79
39571 105
39572 105
39573 49
39574 49
39575 280
39576 63
39577 63
39578 63
39579 6
39580 14
39581 14
39582 48
39583 357
39584 293
39585 293
39586 337
39587 44
39588 44
39589 44
39590 44
39591 44
39592 341
39593 341
39594 341
39595 341
39596 215
39597 353
39598 215
39599 167
39600 353
39601 236
39602 76
39603 67
39604 292
39605 292
39606 360
39607 360
39608 360
39609 360
39610 48
39611 345
39612 30
39613 89
39614 389
39615 259
39616 259
39617 246
39618 246
39619 43
39620 143
39621 143
39622 248
39623 320
39624 320
39625 320
39626 212
39627 238
39628 238
39629 225
39630 225
39631 360
39632 360
39633 302
39634 255
39635 391
39636 328
39637 328
39638 328
39639 328
39640 101
39641 8
39642 8
39643 80
39644 187
39645 294
39646 294
39647 92
39648 92
39649 92
39650 92
39651 59
39652 59
39653 59
39654 278
39655 278
39656 233
39657 208
39658 283
39659 17
39660 167
39661 398
39662 341
39663 341
39664 341
39665 40
39666 40
39667 10
39668 10
39669 321
39670 377
39671 377
39672 377
39673 205
39674 205
39675 152
39676 200
39677 418
39678 409
39679 409
39680 114
39681 356
39682 356
39683 33
39684 33
39685 33
39686 33
39687 43
39688 128
39689 128
39690 139
39691 139
39692 322
39693 322
39694 322
39695 322
39696 326
39697 326
39698 326
39699 414
39700 414
39701 200
39702 237
39703 237
39704 237
39705 237
39706 237
39707 351
39708 351
39709 184
39710 184
39711 184
39712 273
39713 273
39714 273
39715 208
39716 412
39717 412
39718 412
39719 412
39720 365
39721 362
39722 351
39723 351
39724 408
39725 68
39726 68
39727 69
39728 69
39729 5
39730 188
39731 370
39732 370
39733 421
39734 384
39735 384
39736 403
39737 350
39738 350
39739 79
39740 79
39741 79
39742 79
39743 79
39744 212
39745 415
39746 347
39747 299
39748 373
39749 373
39750 373
39751 19
39752 19
39753 19
39754 358
39755 261
39756 211
39757 325
39758 325
39759 325
39760 325
39761 175
39762 291
39763 291
39764 39
39765 39
39766 306
39767 129
39768 310
39769 132
39770 5
39771 19
39772 5
39773 5
39774 73
39775 73
39776 73
39777 124
39778 350
39779 213
39780 213
39781 254
39782 254
39783 44
39784 44
39785 200
39786 88
39787 88
39788 174
39789 75
39790 75
39791 283
39792 141
39793 347
39794 347
39795 347
39796 347
39797 347
39798 126
39799 87
39800 207
39801 207
39802 207
39803 207
39804 368
39805 413
39806 413
39807 413
39808 413
39809 43
39810 99
39811 26
39812 26
39813 338
39814 338
39815 52
39816 151
39817 151
39818 151
39819 151
39820 250
39821 250
39822 250
39823 250
39824 369
39825 369
39826 363
39827 387
39828 387
39829 387
39830 291
39831 291
39832 291
39833 115
39834 115
39835 115
39836 74
39837 417
39838 400
39839 300
39840 354
39841 229
39842 186
39843 6
39844 263
39845 262
39846 262
39847 262
39848 94
39849 380
39850 380
39851 267
39852 118
39853 390
39854 257
39855 257
39856 257
39857 185
39858 185
39859 352
39860 352
39861 352
39862 352
39863 352
39864 17
39865 285
39866 285
39867 285
39868 285
39869 285
39870 285
39871 285
39872 285
39873 285
39874 144
39875 139
39876 175
39877 121
39878 121
39879 231
39880 166
39881 166
39882 285
39883 285
39884 285
39885 344
39886 49
39887 253
39888 141
39889 12
39890 5
39891 406
39892 406
39893 376
39894 376
39895 259
39896 228
39897 228
39898 349
39899 278
39900 278
39901 310
39902 389
39903 389
39904 386
39905 166
39906 424
39907 265
39908 265
39909 265
39910 265
39911 191
39912 56
39913 56
39914 56
39915 266
39916 266
39917 135
39918 135
39919 334
39920 152
39921 152
39922 152
39923 125
39924 17
39925 17
39926 17
39927 133
39928 133
39929 57
39930 57
39931 57
39932 57
39933 57
39934 210
39935 210
39936 326
39937 326
39938 326
39939 326
39940 326
39941 326
39942 326
39943 326
39944 326
39945 326
39946 326
39947 326
39948 326
39949 303
39950 402
39951 188
39952 251
39953 251
39954 251
39955 393
39956 393
39957 20
39958 29
39959 24
39960 322
39961 327
39962 64
39963 264
39964 264
39965 158
39966 158
39967 359
39968 359
39969 359
39970 73
39971 73
39972 73
39973 159
39974 91
39975 91
39976 91
39977 204
39978 204
39979 204
39980 370
39981 29
39982 29
39983 321
39984 40
39985 363
39986 425
39987 163
39988 78
39989 78
39990 10
39991 10
39992 177
39993 177
39994 177
39995 157
39996 395
39997 395
39998 318
39999 245
40000 53
40001 53
40002 419
40003 419
40004 287
40005 287
40006 366
40007 366
40008 366
40009 230
40010 230
40011 230
40012 230
40013 230
40014 160
40015 150
40016 6
40017 6
40018 6
40019 6
40020 6
40021 6
40022 6
40023 6
40024 6
40025 336
40026 249
40027 4
40028 199
40029 199
40030 199
40031 46
40032 187
40033 187
40034 332
40035 362
40036 358
40037 358
40038 249
40039 348
40040 18
40041 336
40042 336
40043 189
40044 396
40045 396
40046 396
40047 396
40048 396
40049 427
40050 427
40051 427
40052 427
40053 405
40054 405
40055 105
40056 193
40057 105
40058 35
40059 35
40060 122
40061 192
40062 290
40063 290
40064 6
40065 366
40066 351
40067 351
40068 351
40069 244
40070 244
40071 248
40072 248
40073 248
40074 248
40075 248
40076 368
40077 368
40078 368
40079 368
40080 66
40081 66
40082 226
40083 262
40084 263
40085 262
40086 18
40087 410
40088 410
40089 311
40090 311
40091 332
40092 332
40093 8
40094 8
40095 8
40096 66
40097 66
40098 147
40099 147
40100 237
40101 370
40102 229
40103 229
40104 27
40105 127
40106 112
40107 112
40108 23
40109 23
40110 23
40111 23
40112 415
40113 415
40114 415
40115 13
40116 139
40117 206
40118 206
40119 206
40120 206
40121 206
40122 8
40123 8
40124 8
40125 347
40126 347
40127 347
40128 30
40129 30
40130 30
40131 30
40132 30
40133 226
40134 226
40135 337
40136 330
40137 330
40138 416
40139 153
40140 14
40141 14
40142 14
40143 260
40144 260
40145 260
40146 203
40147 203
40148 203
40149 203
40150 299
40151 299
40152 299
40153 59
40154 59
40155 118
40156 118
40157 71
40158 71
40159 184
40160 263
40161 242
40162 400
40163 400
40164 230
40165 230
40166 410
40167 410
40168 421
40169 132
40170 119
40171 119
40172 119
40173 322
40174 322
40175 125
40176 125
40177 268
40178 268
40179 229
40180 123
40181 123
40182 123
40183 123
40184 180
40185 180
40186 365
40187 365
40188 365
40189 244
40190 244
40191 244
40192 142
40193 306
40194 74
40195 74
40196 74
40197 69
40198 69
40199 69
40200 73
40201 361
40202 361
40203 302
40204 302
40205 302
40206 235
40207 235
40208 235
40209 376
40210 411
40211 411
40212 8
40213 8
40214 8
40215 239
40216 238
40217 238
40218 409
40219 26
40220 26
40221 105
40222 105
40223 326
40224 326
40225 326
40226 326
40227 333
40228 202
40229 303
40230 303
40231 303
40232 275
40233 420
40234 420
40235 420
40236 420
40237 420
40238 169
40239 169
40240 399
40241 242
40242 209
40243 209
40244 27
40245 27
40246 289
40247 289
40248 155
40249 155
40250 358
40251 315
40252 315
40253 39
40254 406
40255 406
40256 401
40257 401
40258 401
40259 401
40260 29
40261 118
40262 118
40263 11
40264 11
40265 94
40266 240
40267 98
40268 98
40269 143
40270 143
40271 123
40272 123
40273 123
40274 123
40275 370
40276 20
40277 196
40278 196
40279 196
40280 70
40281 70
40282 258
40283 258
40284 201
40285 201
40286 201
40287 199
40288 199
40289 19
40290 210
40291 240
40292 68
40293 68
40294 363
40295 426
40296 145
40297 403
40298 14
40299 29
40300 29
40301 29
40302 178
40303 178
40304 176
40305 16
40306 16
40307 16
40308 44
40309 33
40310 33
40311 33
40312 309
40313 309
40314 123
40315 123
40316 123
40317 201
40318 201
40319 297
40320 297
40321 247
40322 247
40323 247
40324 107
40325 180
40326 180
40327 180
40328 246
40329 246
40330 197
40331 197
40332 178
40333 25
40334 36
40335 330
40336 146
40337 126
40338 121
40339 283
40340 277
40341 277
40342 315
40343 72
40344 297
40345 297
40346 34
40347 34
40348 284
40349 133
40350 134
40351 133
40352 124
40353 329
40354 329
40355 24
40356 24
40357 24
40358 88
40359 88
40360 308
40361 308
40362 308
40363 308
40364 308
40365 308
40366 146
40367 146
40368 252
40369 143
40370 283
40371 139
40372 424
40373 424
40374 305
40375 372
40376 372
40377 377
40378 382
40379 252
40380 252
40381 252
40382 286
40383 286
40384 286
40385 141
40386 313
40387 191
40388 262
40389 262
40390 262
40391 35
40392 35
40393 26
40394 373
40395 373
40396 144
40397 70
40398 101
40399 5
40400 191
40401 191
40402 49
40403 49
40404 263
40405 145
40406 145
40407 145
40408 142
40409 406
40410 406
40411 406
40412 406
40413 227
40414 227
40415 227
40416 201
40417 311
40418 311
40419 85
40420 362
40421 362
40422 296
40423 296
40424 296
40425 370
40426 144
40427 392
40428 379
40429 379
40430 379
40431 370
40432 260
40433 260
40434 30
40435 30
40436 383
40437 402
40438 402
40439 255
40440 226
40441 226
40442 150
40443 150
40444 150
40445 369
40446 369
40447 249
40448 249
40449 351
40450 351
40451 51
40452 261
40453 398
40454 126
40455 126
40456 126
40457 280
40458 376
40459 237
40460 237
40461 270
40462 270
40463 28
40464 28
40465 409
40466 155
40467 191
40468 191
40469 255
40470 52
40471 52
40472 13
40473 13
40474 402
40475 402
40476 101
40477 231
40478 231
40479 231
40480 115
40481 115
40482 119
40483 119
40484 408
40485 408
40486 25
40487 25
40488 25
40489 131
40490 427
40491 427
40492 427
40493 157
40494 157
40495 254
40496 254
40497 396
40498 232
40499 319
40500 319
40501 319
40502 283
40503 107
40504 212
40505 212
40506 236
40507 413
40508 413
40509 413
40510 360
40511 307
40512 307
40513 307
40514 29
40515 147
40516 147
40517 387
40518 387
40519 414
40520 414
40521 249
40522 309
40523 309
40524 315
40525 315
40526 424
40527 347
40528 347
40529 329
40530 292
40531 277
40532 277
40533 180
40534 229
40535 229
40536 214
40537 229
40538 94
40539 94
40540 94
40541 39
40542 39
40543 247
40544 247
40545 281
40546 281
40547 281
40548 363
40549 208
40550 208
40551 167
40552 108
40553 108
40554 208
40555 120
40556 295
40557 295
40558 295
40559 295
40560 177
40561 177
40562 177
40563 101
40564 101
40565 172
40566 175
40567 390
40568 390
40569 390
40570 51
40571 51
40572 322
40573 322
40574 322
40575 77
40576 70
40577 70
40578 343
40579 343
40580 343
40581 388
40582 388
40583 388
40584 388
40585 388
40586 21
40587 95
40588 95
40589 397
40590 397
40591 289
40592 118
40593 194
40594 141
40595 210
40596 210
40597 6
40598 238
40599 238
40600 414
40601 349
40602 349
40603 4
40604 4
40605 4
40606 72
40607 146
40608 263
40609 115
40610 115
40611 115
40612 115
40613 132
40614 175
40615 315
40616 330
40617 330
40618 305
40619 305
40620 299
40621 89
40622 258
40623 258
40624 258
40625 258
40626 258
40627 400
40628 400
40629 400
40630 150
40631 150
40632 244
40633 210
40634 421
40635 421
40636 99
40637 13
40638 131
40639 131
40640 131
40641 166
40642 166
40643 191
40644 80
40645 99
40646 99
40647 99
40648 24
40649 148
40650 126
40651 212
40652 212
40653 158
40654 158
40655 177
40656 179
40657 177
40658 177
40659 100
40660 94
40661 119
40662 331
40663 331
40664 61
40665 61
40666 125
40667 357
40668 357
40669 124
40670 113
40671 124
40672 124
40673 95
40674 95
40675 418
40676 406
40677 406
40678 406
40679 175
40680 175
40681 420
40682 420
40683 420
40684 24
40685 405
40686 405
40687 160
40688 130
40689 130
40690 130
40691 293
40692 293
40693 95
40694 95
40695 35
40696 35
40697 35
40698 253
40699 279
40700 279
40701 194
40702 194
40703 194
40704 420
40705 420
40706 420
40707 61
40708 61
40709 6
40710 145
40711 145
40712 145
40713 371
40714 365
40715 401
40716 401
40717 401
40718 24
40719 24
40720 24
40721 207
40722 207
40723 31
40724 294
40725 54
40726 54
40727 188
40728 369
40729 369
40730 115
40731 115
40732 145
40733 145
40734 139
40735 6
40736 312
40737 312
40738 312
40739 215
40740 215
40741 406
40742 406
40743 384
40744 421
40745 421
40746 421
40747 421
40748 13
40749 13
40750 13
40751 212
40752 142
40753 142
40754 31
40755 387
40756 387
40757 275
40758 276
40759 413
40760 370
40761 370
40762 370
40763 370
40764 215
40765 155
40766 410
40767 410
40768 410
40769 139
40770 20
40771 15
40772 142
40773 305
40774 305
40775 42
40776 250
40777 384
40778 384
40779 310
40780 284
40781 284
40782 284
40783 284
40784 54
40785 54
40786 185
40787 135
40788 135
40789 88
40790 388
40791 90
40792 62
40793 202
40794 202
40795 347
40796 30
40797 189
40798 335
40799 335
40800 411
40801 150
40802 150
40803 150
40804 150
40805 267
40806 224
40807 224
40808 330
40809 275
40810 275
40811 187
40812 73
40813 103
40814 222
40815 222
40816 222
40817 251
40818 254
40819 197
40820 197
40821 197
40822 62
40823 62
40824 62
40825 62
40826 422
40827 159
40828 159
40829 196
40830 196
40831 196
40832 5
40833 5
40834 237
40835 237
40836 262
40837 262
40838 79
40839 88
40840 88
40841 88
40842 357
40843 357
40844 422
40845 422
40846 406
40847 406
40848 350
40849 348
40850 348
40851 339
40852 363
40853 384
40854 35
40855 282
40856 102
40857 102
40858 61
40859 61
40860 61
40861 349
40862 408
40863 87
40864 87
40865 87
40866 130
40867 130
40868 130
40869 371
40870 74
40871 395
40872 395
40873 395
40874 369
40875 384
40876 87
40877 376
40878 144
40879 144
40880 144
40881 144
40882 273
40883 273
40884 90
40885 261
40886 7
40887 7
40888 7
40889 88
40890 88
40891 88
40892 354
40893 354
40894 119
40895 119
40896 119
40897 18
40898 282
40899 282
40900 282
40901 282
40902 131
40903 131
40904 290
40905 290
40906 290
40907 290
40908 43
40909 142
40910 417
40911 417
40912 417
40913 411
40914 179
40915 344
40916 37
40917 37
40918 146
40919 93
40920 71
40921 40
40922 277
40923 277
40924 5
40925 195
40926 232
40927 232
40928 64
40929 64
40930 37
40931 37
40932 295
40933 295
40934 394
40935 58
40936 58
40937 58
40938 58
40939 49
40940 421
40941 71
40942 23
40943 239
40944 239
40945 239
40946 384
40947 197
40948 197
40949 197
40950 369
40951 369
40952 173
40953 187
40954 153
40955 261
40956 261
40957 403
40958 268
40959 134
40960 201
40961 126
40962 305
40963 305
40964 405
40965 405
40966 405
40967 263
40968 40
40969 210
40970 210
40971 362
40972 364
40973 362
40974 53
40975 140
40976 140
40977 84
40978 84
40979 416
40980 416
40981 327
40982 126
40983 126
40984 126
40985 426
40986 426
40987 426
40988 426
40989 426
40990 146
40991 147
40992 317
40993 60
40994 212
40995 211
40996 211
40997 211
40998 211
40999 211
41000 141
41001 59
41002 59
41003 347
41004 134
41005 134
41006 316
41007 238
41008 405
41009 405
41010 412
41011 412
41012 412
41013 125
41014 125
41015 406
41016 175
41017 102
41018 102
41019 102
41020 263
41021 240
41022 240
41023 409
41024 341
41025 341
41026 340
41027 411
41028 411
41029 16
41030 79
41031 391
41032 391
41033 391
41034 401
41035 401
41036 147
41037 225
41038 225
41039 225
41040 120
41041 120
41042 120
41043 97
41044 106
41045 185
41046 185
41047 185
41048 328
41049 368
41050 328
41051 328
41052 23
41053 23
41054 23
41055 210
41056 210
41057 256
41058 256
41059 256
41060 77
41061 262
41062 423
41063 321
41064 160
41065 160
41066 160
41067 214
41068 214
41069 214
41070 271
41071 271
41072 77
41073 77
41074 173
41075 173
41076 173
41077 173
41078 173
41079 24
41080 18
41081 18
41082 94
41083 186
41084 144
41085 381
41086 381
41087 262
41088 283
41089 181
41090 272
41091 272
41092 270
41093 270
41094 270
41095 270
41096 78
41097 78
41098 221
41099 221
41100 172
41101 172
41102 172
41103 346
41104 242
41105 242
41106 325
41107 325
41108 144
41109 312
41110 104
41111 241
41112 5
41113 52
41114 52
41115 313
41116 313
41117 231
41118 231
41119 231
41120 174
41121 392
41122 392
41123 392
41124 392
41125 392
41126 140
41127 140
41128 140
41129 6
41130 97
41131 24
41132 24
41133 281
41134 89
41135 269
41136 59
41137 59
41138 59
41139 266
41140 266
41141 383
41142 181
41143 181
41144 269
41145 42
41146 42
41147 137
41148 175
41149 334
41150 308
41151 308
41152 308
41153 257
41154 257
41155 405
41156 73
41157 388
41158 388
41159 6
41160 6
41161 33
41162 33
41163 33
41164 267
41165 267
41166 267
41167 193
41168 272
41169 272
41170 272
41171 322
41172 322
41173 375
41174 396
41175 396
41176 290
41177 201
41178 127
41179 312
41180 312
41181 264
41182 376
41183 15
41184 15
41185 15
41186 15
41187 33
41188 92
41189 427
41190 210
41191 210
41192 206
41193 196
41194 207
41195 254
41196 254
41197 367
41198 149
41199 149
41200 149
41201 334
41202 334
41203 334
41204 350
41205 136
41206 136
41207 336
41208 305
41209 240
41210 33
41211 33
41212 283
41213 295
41214 295
41215 252
41216 252
41217 232
41218 20
41219 420
41220 420
41221 420
41222 420
41223 420
41224 244
41225 272
41226 184
41227 391
41228 391
41229 84
41230 84
41231 84
41232 84
41233 8
41234 8
41235 54
41236 338
41237 338
41238 10
41239 10
41240 10
41241 189
41242 48
41243 48
41244 48
41245 48
41246 48
41247 48
41248 379
41249 379
41250 379
41251 323
41252 323
41253 295
41254 295
41255 233
41256 233
41257 233
41258 32
41259 18
41260 78
41261 204
41262 204
41263 204
41264 204
41265 14
41266 14
41267 14
41268 380
41269 380
41270 380
41271 22
41272 22
41273 382
41274 208
41275 343
41276 406
41277 406
41278 40
41279 208
41280 221
41281 221
41282 277
41283 277
41284 277
41285 277
41286 251
41287 251
41288 238
41289 238
41290 77
41291 77
41292 64
41293 64
41294 408
41295 81
41296 81
41297 81
41298 81
41299 81
41300 414
41301 414
41302 153
41303 107
41304 20
41305 20
41306 53
41307 53
41308 53
41309 262
41310 335
41311 335
41312 335
41313 335
41314 335
41315 129
41316 129
41317 192
41318 146
41319 349
41320 349
41321 187
41322 405
41323 405
41324 405
41325 213
41326 142
41327 142
41328 60
41329 11
41330 11
41331 28
41332 28
41333 28
41334 28
41335 164
41336 177
41337 177
41338 177
41339 177
41340 335
41341 335
41342 245
41343 245
41344 118
41345 68
41346 328
41347 330
41348 248
41349 248
41350 25
41351 25
41352 25
41353 211
41354 211
41355 211
41356 138
41357 138
41358 138
41359 268
41360 268
41361 19
41362 19
41363 424
41364 192
41365 105
41366 105
41367 62
41368 62
41369 45
41370 45
41371 45
41372 45
41373 45
41374 45
41375 121
41376 252
41377 252
41378 171
41379 274
41380 315
41381 315
41382 309
41383 56
41384 350
41385 342
41386 355
41387 343
41388 53
41389 53
41390 78
41391 78
41392 300
41393 101
41394 133
41395 106
41396 106
41397 106
41398 345
41399 297
41400 297
41401 297
41402 297
41403 297
41404 297
41405 333
41406 145
41407 309
41408 250
41409 250
41410 250
41411 250
41412 250
41413 355
41414 355
41415 355
41416 74
41417 318
41418 318
41419 249
41420 77
41421 77
41422 293
41423 413
41424 413
41425 213
41426 213
41427 89
41428 89
41429 79
41430 79
41431 5
41432 5
41433 5
41434 5
41435 233
41436 132
41437 132
41438 364
41439 47
41440 198
41441 360
41442 360
41443 427
41444 260
41445 260
41446 260
41447 377
41448 377
41449 377
41450 282
41451 247
41452 267
41453 25
41454 25
41455 25
41456 345
41457 345
41458 21
41459 21
41460 21
41461 131
41462 53
41463 372
41464 372
41465 179
41466 87
41467 409
41468 242
41469 70
41470 127
41471 95
41472 95
41473 363
41474 184
41475 384
41476 384
41477 239
41478 156
41479 156
41480 308
41481 308
41482 15
41483 15
41484 15
41485 172
41486 76
41487 76
41488 100
41489 4
41490 4
41491 363
41492 289
41493 131
41494 131
41495 198
41496 395
41497 6
41498 51
41499 19
41500 19
41501 19
41502 19
41503 285
41504 285
41505 285
41506 277
41507 277
41508 415
41509 415
41510 245
41511 282
41512 282
41513 274
41514 200
41515 80
41516 80
41517 80
41518 12
41519 12
41520 138
41521 138
41522 280
41523 280
41524 280
41525 49
41526 49
41527 346
41528 168
41529 168
41530 144
41531 114
41532 132
41533 132
41534 155
41535 195
41536 195
41537 23
41538 215
41539 215
41540 69
41541 69
41542 69
41543 69
41544 69
41545 396
41546 396
41547 23
41548 23
41549 29
41550 335
41551 335
41552 335
41553 250
41554 244
41555 244
41556 154
41557 154
41558 154
41559 117
41560 117
41561 117
41562 415
41563 415
41564 20
41565 20
41566 20
41567 187
41568 62
41569 62
41570 62
41571 172
41572 170
41573 170
41574 249
41575 391
41576 391
41577 391
41578 391
41579 368
41580 368
41581 368
41582 128
41583 29
41584 29
41585 201
41586 135
41587 135
41588 135
41589 330
41590 330
41591 106
41592 106
41593 390
41594 116
41595 51
41596 51
41597 253
41598 6
41599 236
41600 74
41601 130
41602 130
41603 130
41604 72
41605 72
41606 325
41607 418
41608 42
41609 305
41610 305
41611 305
41612 141
41613 329
41614 329
41615 329
41616 388
41617 67
41618 101
41619 266
41620 266
41621 325
41622 325
41623 354
41624 354
41625 265
41626 127
41627 296
41628 296
41629 296
41630 194
41631 370
41632 54
41633 54
41634 54
41635 133
41636 148
41637 53
41638 407
41639 276
41640 115
41641 115
41642 115
41643 115
41644 175
41645 168
41646 199
41647 123
41648 123
41649 49
41650 49
41651 49
41652 70
41653 332
41654 332
41655 332
41656 332
41657 332
41658 89
41659 89
41660 18
41661 261
41662 207
41663 207
41664 369
41665 369
41666 369
41667 58
41668 58
41669 58
41670 56
41671 79
41672 171
41673 149
41674 149
41675 149
41676 20
41677 25
41678 105
41679 401
41680 401
41681 307
41682 307
41683 307
41684 132
41685 268
41686 268
41687 268
41688 43
41689 43
41690 23
41691 147
41692 39
41693 68
41694 323
41695 323
41696 155
41697 155
41698 50
41699 392
41700 392
41701 120
41702 120
41703 150
41704 150
41705 323
41706 392
41707 214
41708 101
41709 353
41710 197
41711 197
41712 197
41713 384
41714 40
41715 148
41716 362
41717 148
41718 206
41719 206
41720 206
41721 426
41722 426
41723 142
41724 142
41725 142
41726 160
41727 173
41728 245
41729 245
41730 69
41731 69
41732 240
41733 134
41734 281
41735 121
41736 16
41737 16
41738 324
41739 324
41740 324
41741 324
41742 324
41743 324
41744 324
41745 272
41746 272
41747 197
41748 60
41749 60
41750 60
41751 416
41752 416
41753 321
41754 106
41755 144
41756 15
41757 15
41758 15
41759 336
41760 287
41761 77
41762 69
41763 69
41764 364
41765 364
41766 128
41767 128
41768 128
41769 22
41770 22
41771 22
41772 201
41773 154
41774 154
41775 154
41776 344
41777 367
41778 384
41779 50
41780 50
41781 78
41782 78
41783 248
41784 248
41785 248
41786 40
41787 369
41788 205
41789 205
41790 205
41791 205
41792 364
41793 276
41794 401
41795 207
41796 207
41797 295
41798 295
41799 295
41800 191
41801 409
41802 409
41803 409
41804 409
41805 62
41806 62
41807 62
41808 62
41809 62
41810 185
41811 185
41812 19
41813 18
41814 53
41815 53
41816 13
41817 349
41818 318
41819 318
41820 318
41821 304
41822 304
41823 106
41824 211
41825 211
41826 211
41827 47
41828 47
41829 47
41830 315
41831 315
41832 319
41833 319
41834 124
41835 124
41836 124
41837 122
41838 122
41839 417
41840 104
41841 104
41842 373
41843 373
41844 93
41845 93
41846 93
41847 53
41848 11
41849 33
41850 33
41851 340
41852 340
41853 340
41854 340
41855 404
41856 371
41857 185
41858 369
41859 369
41860 273
41861 273
41862 23
41863 23
41864 125
41865 98
41866 98
41867 300
41868 329
41869 329
41870 329
41871 53
41872 361
41873 361
41874 172
41875 359
41876 359
41877 182
41878 182
41879 268
41880 268
41881 336
41882 336
41883 336
41884 276
41885 345
41886 345
41887 345
41888 345
41889 345
41890 345
41891 138
41892 213
41893 277
41894 277
41895 84
41896 84
41897 84
41898 241
41899 241
41900 241
41901 351
41902 358
41903 358
41904 269
41905 25
41906 25
41907 25
41908 396
41909 141
41910 106
41911 106
41912 356
41913 356
41914 356
41915 356
41916 356
41917 336
41918 348
41919 348
41920 40
41921 255
41922 269
41923 423
41924 423
41925 423
41926 423
41927 405
41928 405
41929 405
41930 273
41931 292
41932 292
41933 88
41934 88
41935 276
41936 31
41937 71
41938 140
41939 140
41940 242
41941 209
41942 123
41943 339
41944 339
41945 339
41946 156
41947 156
41948 263
41949 156
41950 259
41951 259
41952 259
41953 259
41954 259
41955 259
41956 259
41957 84
41958 84
41959 84
41960 84
41961 79
41962 79
41963 214
41964 77
41965 77
41966 422
41967 422
41968 80
41969 25
41970 25
41971 25
41972 25
41973 25
41974 129
41975 129
41976 129
41977 310
41978 310
41979 312
41980 312
41981 281
41982 281
41983 50
41984 57
41985 57
41986 57
41987 57
41988 247
41989 247
41990 249
41991 17
41992 283
41993 300
41994 300
41995 300
41996 300
41997 300
41998 300
41999 401
42000 401
42001 401
42002 401
42003 135
42004 135
42005 172
42006 172
42007 399
42008 268
42009 268
42010 399
42011 399
42012 414
42013 195
42014 385
42015 385
42016 295
42017 259
42018 241
42019 241
42020 241
42021 241
42022 65
42023 182
42024 427
42025 427
42026 415
42027 18
42028 392
42029 349
42030 349
42031 250
42032 250
42033 395
42034 84
42035 26
42036 258
42037 258
42038 77
42039 77
42040 77
42041 287
42042 268
42043 268
42044 38
42045 38
42046 102
42047 102
42048 230
42049 230
42050 397
42051 397
42052 95
42053 95
42054 401
42055 401
42056 357
42057 377
42058 289
42059 289
42060 289
42061 205
42062 315
42063 148
42064 254
42065 261
42066 254
42067 56
42068 349
42069 349
42070 94
42071 264
42072 294
42073 412
42074 412
42075 312
42076 312
42077 312
42078 146
42079 389
42080 257
42081 257
42082 257
42083 317
42084 317
42085 113
42086 130
42087 309
42088 309
42089 319
42090 319
42091 319
42092 425
42093 24
42094 208
42095 100
42096 100
42097 100
42098 100
42099 96
42100 96
42101 95
42102 313
42103 313
42104 313
42105 282
42106 384
42107 97
42108 97
42109 97
42110 329
42111 329
42112 149
42113 149
42114 253
42115 253
42116 33
42117 198
42118 246
42119 358
42120 358
42121 368
42122 256
42123 275
42124 183
42125 183
42126 310
42127 160
42128 160
42129 160
42130 79
42131 232
42132 7
42133 274
42134 239
42135 239
42136 239
42137 16
42138 206
42139 292
42140 292
42141 159
42142 379
42143 128
42144 90
42145 90
42146 90
42147 158
42148 158
42149 125
42150 101
42151 101
42152 182
42153 254
42154 254
42155 254
42156 246
42157 35
42158 34
42159 34
42160 34
42161 34
42162 29
42163 316
42164 105
42165 118
42166 118
42167 118
42168 286
42169 286
42170 286
42171 286
42172 195
42173 28
42174 28
42175 33
42176 33
42177 70
42178 85
42179 85
42180 405
42181 405
42182 405
42183 405
42184 136
42185 136
42186 160
42187 160
42188 147
42189 151
42190 151
42191 151
42192 151
42193 131
42194 343
42195 343
42196 343
42197 242
42198 286
42199 286
42200 286
42201 242
42202 115
42203 242
42204 384
42205 423
42206 423
42207 423
42208 423
42209 139
42210 338
42211 338
42212 338
42213 355
42214 240
42215 240
42216 240
42217 34
42218 34
42219 365
42220 365
42221 365
42222 132
42223 132
42224 235
42225 121
42226 310
42227 116
42228 287
42229 287
42230 228
42231 67
42232 16
42233 16
42234 304
42235 161
42236 117
42237 117
42238 46
42239 46
42240 46
42241 148
42242 193
42243 193
42244 207
42245 354
42246 75
42247 382
42248 382
42249 333
42250 392
42251 392
42252 183
42253 173
42254 173
42255 401
42256 401
42257 401
42258 299
42259 118
42260 125
42261 125
42262 125
42263 67
42264 172
42265 172
42266 159
42267 390
42268 151
42269 83
42270 425
42271 425
42272 425
42273 21
42274 21
42275 21
42276 262
42277 402
42278 402
42279 402
42280 297
42281 297
42282 297
42283 400
42284 400
42285 194
42286 89
42287 89
42288 147
42289 273
42290 273
42291 144
42292 144
42293 187
42294 363
42295 300
42296 320
42297 332
42298 332
42299 181
42300 127
42301 236
42302 80
42303 91
42304 91
42305 369
42306 370
42307 126
42308 154
42309 328
42310 328
42311 328
42312 328
42313 351
42314 351
42315 171
42316 171
42317 171
42318 276
42319 246
42320 79
42321 68
42322 68
42323 129
42324 129
42325 171
42326 39
42327 64
42328 421
42329 421
42330 320
42331 320
42332 320
42333 254
42334 340
42335 185
42336 185
42337 185
42338 185
42339 410
42340 306
42341 292
42342 393
42343 393
42344 279
42345 170
42346 170
42347 258
42348 290
42349 54
42350 54
42351 54
42352 272
42353 272
42354 272
42355 333
42356 321
42357 321
42358 255
42359 363
42360 253
42361 253
42362 253
42363 253
42364 22
42365 22
42366 22
42367 22
42368 390
42369 353
42370 353
42371 353
42372 253
42373 23
42374 191
42375 23
42376 149
42377 149
42378 175
42379 378
42380 378
42381 23
42382 18
42383 18
42384 282
42385 335
42386 335
42387 335
42388 301
42389 301
42390 301
42391 156
42392 426
42393 346
42394 346
42395 346
42396 65
42397 65
42398 37
42399 37
42400 307
42401 141
42402 96
42403 96
42404 96
42405 417
42406 417
42407 261
42408 289
42409 289
42410 315
42411 384
42412 341
42413 341
42414 126
42415 126
42416 68
42417 68
42418 68
42419 68
42420 68
42421 304
42422 94
42423 94
42424 254
42425 254
42426 312
42427 312
42428 312
42429 312
42430 177
42431 177
42432 105
42433 105
42434 61
42435 61
42436 252
42437 252
42438 234
42439 234
42440 234
42441 27
42442 69
42443 69
42444 238
42445 292
42446 114
42447 99
42448 99
42449 99
42450 99
42451 99
42452 326
42453 184
42454 363
42455 248
42456 64
42457 64
42458 22
42459 22
42460 191
42461 167
42462 101
42463 370
42464 370
42465 241
42466 241
42467 95
42468 95
42469 118
42470 118
42471 365
42472 365
42473 365
42474 365
42475 207
42476 207
42477 207
42478 263
42479 69
42480 69
42481 92
42482 92
42483 273
42484 7
42485 7
42486 387
42487 387
42488 387
42489 413
42490 413
42491 354
42492 183
42493 183
42494 183
42495 100
42496 126
42497 38
42498 38
42499 65
42500 291
42501 304
42502 105
42503 105
42504 105
42505 105
42506 142
42507 142
42508 142
42509 397
42510 287
42511 34
42512 34
42513 34
42514 2
42515 19
42516 383
42517 229
42518 417
42519 262
42520 262
42521 340
42522 175
42523 355
42524 355
42525 355
42526 58
42527 58
42528 58
42529 132
42530 48
42531 48
42532 48
42533 282
42534 157
42535 195
42536 195
42537 195
42538 32
42539 32
42540 281
42541 281
42542 90
42543 90
42544 90
42545 90
42546 153
42547 103
42548 103
42549 150
42550 150
42551 150
42552 150
42553 47
42554 47
42555 47
42556 47
42557 47
42558 279
42559 185
42560 185
42561 185
42562 185
42563 356
42564 356
42565 356
42566 70
42567 70
42568 193
42569 193
42570 198
42571 231
42572 231
42573 231
42574 231
42575 36
42576 89
42577 89
42578 333
42579 333
42580 240
42581 182
42582 204
42583 204
42584 204
42585 397
42586 397
42587 397
42588 12
42589 267
42590 267
42591 290
42592 106
42593 398
42594 407
42595 407
42596 407
42597 33
42598 45
42599 421
42600 421
42601 421
42602 386
42603 161
42604 161
42605 161
42606 161
42607 161
42608 299
42609 299
42610 299
42611 299
42612 155
42613 383
42614 240
42615 240
42616 386
42617 386
42618 322
42619 322
42620 322
42621 322
42622 174
42623 317
42624 317
42625 317
42626 410
42627 204
42628 204
42629 204
42630 263
42631 246
42632 76
42633 76
42634 379
42635 379
42636 147
42637 148
42638 142
42639 142
42640 142
42641 121
42642 326
42643 326
42644 129
42645 187
42646 339
42647 339
42648 400
42649 400
42650 269
42651 269
42652 268
42653 268
42654 202
42655 202
42656 202
42657 335
42658 335
42659 63
42660 413
42661 413
42662 132
42663 73
42664 73
42665 351
42666 351
42667 40
42668 86
42669 19
42670 19
42671 191
42672 136
42673 276
42674 421
42675 421
42676 421
42677 421
42678 421
42679 343
42680 122
42681 243
42682 243
42683 243
42684 85
42685 56
42686 56
42687 56
42688 10
42689 10
42690 10
42691 40
42692 288
42693 288
42694 288
42695 415
42696 40
42697 188
42698 59
42699 59
42700 59
42701 200
42702 113
42703 99
42704 49
42705 49
42706 50
42707 50
42708 248
42709 248
42710 248
42711 248
42712 248
42713 248
42714 144
42715 229
42716 366
42717 366
42718 364
42719 139
42720 42
42721 285
42722 285
42723 43
42724 185
42725 185
42726 185
42727 6
42728 396
42729 396
42730 101
42731 266
42732 266
42733 266
42734 181
42735 235
42736 417
42737 267
42738 85
42739 255
42740 306
42741 214
42742 214
42743 214
42744 214
42745 237
42746 237
42747 401
42748 7
42749 7
42750 397
42751 397
42752 397
42753 155
42754 100
42755 100
42756 202
42757 202
42758 269
42759 269
42760 167
42761 132
42762 271
42763 271
42764 271
42765 271
42766 184
42767 184
42768 184
42769 184
42770 184
42771 266
42772 266
42773 233
42774 17
42775 17
42776 399
42777 399
42778 399
42779 133
42780 27
42781 398
42782 398
42783 256
42784 256
42785 256
42786 106
42787 39
42788 337
42789 208
42790 208
42791 47
42792 47
42793 47
42794 299
42795 249
42796 416
42797 255
42798 32
42799 38
42800 120
42801 155
42802 155
42803 357
42804 357
42805 357
42806 357
42807 166
42808 166
42809 297
42810 297
42811 241
42812 241
42813 241
42814 402
42815 24
42816 202
42817 202
42818 227
42819 346
42820 329
42821 329
42822 329
42823 100
42824 100
42825 100
42826 100
42827 100
42828 100
42829 236
42830 334
42831 334
42832 390
42833 274
42834 145
42835 191
42836 61
42837 61
42838 373
42839 205
42840 205
42841 414
42842 414
42843 414
42844 339
42845 339
42846 339
42847 339
42848 339
42849 21
42850 21
42851 399
42852 58
42853 58
42854 272
42855 15
42856 15
42857 15
42858 15
42859 15
42860 193
42861 196
42862 196
42863 196
42864 192
42865 255
42866 356
42867 21
42868 21
42869 21
42870 243
42871 366
42872 366
42873 366
42874 366
42875 94
42876 418
42877 50
42878 50
42879 4
42880 147
42881 274
42882 331
42883 58
42884 178
42885 189
42886 340
42887 105
42888 28
42889 28
42890 197
42891 245
42892 407
42893 407
42894 407
42895 119
42896 119
42897 119
42898 307
42899 307
42900 241
42901 241
42902 55
42903 55
42904 144
42905 144
42906 263
42907 6
42908 6
42909 6
42910 139
42911 245
42912 245
42913 90
42914 290
42915 22
42916 22
42917 157
42918 6
42919 416
42920 294
42921 247
42922 114
42923 100
42924 100
42925 100
42926 253
42927 253
42928 197
42929 370
42930 144
42931 144
42932 25
42933 235
42934 333
42935 333
42936 333
42937 405
42938 405
42939 393
42940 261
42941 192
42942 192
42943 178
42944 277
42945 277
42946 140
42947 390
42948 390
42949 187
42950 12
42951 12
42952 153
42953 186
42954 186
42955 297
42956 297
42957 297
42958 203
42959 203
42960 416
42961 416
42962 362
42963 105
42964 105
42965 351
42966 351
42967 153
42968 403
42969 205
42970 384
42971 134
42972 134
42973 4
42974 4
42975 4
42976 206
42977 206
42978 64
42979 236
42980 236
42981 236
42982 236
42983 253
42984 253
42985 19
42986 19
42987 354
42988 176
42989 176
42990 176
42991 406
42992 113
42993 113
42994 269
42995 269
42996 96
42997 96
42998 120
42999 382
43000 382
43001 382
43002 242
43003 133
43004 407
43005 407
43006 391
43007 318
43008 160
43009 160
43010 68
43011 68
43012 68
43013 68
43014 48
43015 48
43016 411
43017 330
43018 186
43019 252
43020 294
43021 375
43022 375
43023 319
43024 319
43025 319
43026 382
43027 382
43028 382
43029 282
43030 185
43031 185
43032 373
43033 373
43034 373
43035 255
43036 285
43037 285
43038 180
43039 180
43040 385
43041 250
43042 250
43043 428
43044 428
43045 428
43046 428
43047 231
43048 232
43049 231
43050 231
43051 287
43052 126
43053 145
43054 74
43055 19
43056 82
43057 82
43058 82
43059 82
43060 82
43061 407
43062 407
43063 268
43064 268
43065 389
43066 389
43067 186
43068 26
43069 357
43070 357
43071 206
43072 15
43073 202
43074 147
43075 92
43076 92
43077 282
43078 112
43079 112
43080 112
43081 14
43082 14
43083 392
43084 392
43085 415
43086 415
43087 363
43088 408
43089 408
43090 408
43091 282
43092 282
43093 297
43094 97
43095 97
43096 97
43097 97
43098 120
43099 120
43100 51
43101 51
43102 51
43103 51
43104 381
43105 195
43106 277
43107 277
43108 24
43109 24
43110 212
43111 294
43112 191
43113 40
43114 229
43115 255
43116 255
43117 248
43118 419
43119 419
43120 419
43121 419
43122 419
43123 76
43124 76
43125 367
43126 367
43127 367
43128 367
43129 391
43130 391
43131 391
43132 367
43133 294
43134 121
43135 404
43136 404
43137 425
43138 425
43139 276
43140 372
43141 372
43142 192
43143 39
43144 39
43145 140
43146 125
43147 125
43148 125
43149 241
43150 12
43151 12
43152 12
43153 234
43154 359
43155 359
43156 359
43157 206
43158 206
43159 144
43160 144
43161 335
43162 335
43163 75
43164 75
43165 75
43166 55
43167 55
43168 55
43169 382
43170 139
43171 308
43172 308
43173 308
43174 75
43175 75
43176 75
43177 226
43178 102
43179 203
43180 187
43181 304
43182 304
43183 304
43184 160
43185 193
43186 94
43187 47
43188 415
43189 190
43190 190
43191 190
43192 190
43193 284
43194 284
43195 284
43196 337
43197 318
43198 318
43199 318
43200 173
43201 422
43202 422
43203 151
43204 151
43205 87
43206 87
43207 359
43208 89
43209 89
43210 23
43211 330
43212 330
43213 330
43214 330
43215 330
43216 337
43217 306
43218 309
43219 150
43220 150
43221 150
43222 150
43223 346
43224 140
43225 143
43226 76
43227 44
43228 44
43229 198
43230 329
43231 295
43232 295
43233 279
