60000 28
60001 88
60002 3
60003 37
60004 31
60005 9
60006 7
60007 31
60008 31
60009 31
60010 26
60011 34
60012 45
60013 37
60014 88
60015 34
60016 93
60017 39
60018 90
60019 10
60020 18
60021 33
60022 43
60023 43
60024 0
60025 89
60026 0
60027 31
60028 16
60029 85
60030 47
60031 34
60032 5
60033 32
60034 90
60035 41
60036 90
60037 18
60038 31
60039 32
60040 25
60041 37
60042 39
60043 20
60044 31
60045 45
60046 91
60047 31
60048 20
60049 59
60050 39
60051 49
60052 81
60053 5
60054 45
60055 42
60056 34
60057 16
60058 31
60059 28
60060 33
60061 32
60062 31
60063 31
60064 34
60065 1
60066 58
60067 34
60068 31
60069 62
60070 52
60071 46
60072 10
60073 49
60074 39
60075 39
60076 20
60077 89
60078 20
60079 20
60080 4
60081 29
60082 15
60083 37
60084 9
60085 43
60086 86
60087 16
60088 31
60089 37
60090 53
60091 31
60092 74
60093 89
60094 95
60095 31
60096 0
60097 89
60098 42
60099 39
60100 56
60101 26
60102 30
60103 34
60104 27
60105 34
60106 89
60107 84
60108 34
60109 18
60110 34
60111 34
60112 20
60113 16
60114 39
60115 13
60116 88
60117 14
60118 87
60119 31
60120 7
60121 4
60122 90
60123 17
60124 92
60125 4
60126 10
60127 27
60128 31
60129 75
60130 26
60131 56
60132 20
60133 88
60134 28
60135 64
60136 34
60137 20
60138 27
60139 56
60140 9
60141 41
60142 8
60143 6
60144 31
60145 26
60146 3
60147 31
60148 6
60149 31
60150 2
60151 77
60152 4
60153 1
60154 34
60155 24
60156 47
60157 12
60158 30
60159 90
60160 34
60161 31
60162 28
60163 75
60164 91
60165 25
60166 5
60167 17
60168 74
60169 26
60170 31
60171 75
60172 14
60173 34
60174 26
60175 30
60176 6
60177 1
60178 47
60179 3
60180 59
60181 14
60182 31
60183 39
60184 90
60185 27
60186 42
60187 57
60188 12
60189 6
60190 89
60191 56
60192 26
60193 45
60194 9
60195 31
60196 45
60197 33
60198 31
60199 32
60200 4
60201 34
60202 31
60203 88
60204 1
60205 62
60206 76
60207 81
60208 31
60209 28
60210 34
60211 34
60212 83
60213 53
60214 53
60215 53
60216 34
60217 22
60218 34
60219 74
60220 26
60221 6
60222 46
60223 80
60224 31
60225 74
60226 31
60227 26
60228 0
60229 42
60230 39
60231 30
60232 47
60233 26
60234 28
60235 9
60236 3
60237 31
60238 28
60239 75
60240 91
60241 92
60242 29
60243 20
60244 41
60245 75
60246 90
60247 5
60248 31
60249 93
60250 22
60251 9
60252 31
60253 39
60254 17
60255 37
60256 90
60257 90
60258 12
60259 31
60260 9
60261 31
60262 31
60263 90
60264 26
60265 9
60266 28
60267 33
60268 8
60269 36
60270 94
60271 34
60272 34
60273 36
60274 82
60275 8
60276 31
60277 88
60278 6
60279 46
60280 34
60281 46
60282 0
60283 34
60284 1
60285 85
60286 91
60287 34
60288 34
60289 40
60290 14
60291 88
60292 31
60293 34
60294 81
60295 20
60296 34
60297 31
60298 34
60299 31
60300 11
60301 31
60302 34
60303 31
60304 30
60305 92
60306 26
60307 33
60308 9
60309 33
60310 6
60311 31
60312 14
60313 39
60314 31
60315 9
60316 31
60317 64
60318 9
60319 8
60320 34
60321 34
60322 49
60323 14
60324 34
60325 32
60326 34
60327 27
60328 21
60329 0
60330 31
60331 9
60332 88
60333 4
60334 24
60335 37
60336 32
60337 81
60338 31
60339 17
60340 58
60341 69
60342 3
60343 9
60344 34
60345 34
60346 34
60347 17
60348 8
60349 90
60350 3
60351 32
60352 20
60353 9
60354 32
60355 33
60356 10
60357 18
60358 28
60359 86
60360 85
60361 43
60362 31
60363 77
60364 86
60365 41
60366 34
60367 21
60368 89
60369 7
60370 32
60371 69
60372 31
60373 79
60374 31
60375 44
60376 92
60377 89
60378 61
60379 10
60380 5
60381 31
60382 1
60383 42
60384 27
60385 31
60386 31
60387 46
60388 93
60389 79
60390 1
60391 36
60392 88
60393 20
60394 1
60395 74
60396 31
60397 31
60398 10
60399 82
60400 7
60401 25
60402 90
60403 31
60404 26
60405 27
60406 86
60407 24
60408 32
60409 31
60410 32
60411 54
60412 90
60413 46
60414 61
60415 20
60416 27
60417 7
60418 27
60419 41
60420 89
60421 40
60422 28
60423 88
60424 4
60425 31
60426 47
60427 16
60428 8
60429 34
60430 89
60431 31
60432 16
60433 31
60434 1
60435 56
60436 34
60437 3
60438 26
60439 16
60440 89
60441 31
60442 79
60443 26
60444 88
60445 33
60446 97
60447 59
60448 92
60449 31
60450 60
60451 34
60452 30
60453 31
60454 69
60455 7
60456 27
60457 20
60458 7
60459 33
60460 33
60461 1
60462 89
60463 31
60464 0
60465 30
60466 34
60467 26
60468 28
60469 79
60470 48
60471 2
60472 31
60473 8
60474 75
60475 31
60476 46
60477 14
60478 75
60479 5
60480 26
60481 31
60482 34
60483 5
60484 32
60485 88
60486 20
60487 3
60488 20
60489 71
60490 89
60491 8
60492 32
60493 44
60494 45
60495 46
60496 34
60497 31
60498 31
60499 34
60500 89
60501 26
60502 92
60503 93
60504 31
60505 39
60506 91
60507 58
60508 16
60509 16
60510 11
60511 32
60512 0
60513 21
60514 26
60515 81
60516 91
60517 89
60518 20
60519 34
60520 24
60521 91
60522 34
60523 93
60524 39
60525 31
60526 90
60527 45
60528 83
60529 34
60530 11
60531 31
60532 34
60533 34
60534 37
60535 31
60536 46
60537 88
60538 47
60539 0
60540 26
60541 92
60542 64
60543 47
60544 31
60545 87
60546 31
60547 46
60548 1
60549 10
60550 59
60551 20
60552 9
60553 43
60554 43
60555 4
60556 28
60557 46
60558 28
60559 28
60560 26
60561 45
60562 31
60563 31
60564 92
60565 20
60566 27
60567 31
60568 75
60569 21
60570 16
60571 4
60572 7
60573 43
60574 4
60575 88
60576 16
60577 31
60578 17
60579 20
60580 33
60581 5
60582 14
60583 92
60584 39
60585 9
60586 88
60587 31
60588 33
60589 67
60590 31
60591 88
60592 31
60593 31
60594 0
60595 31
60596 88
60597 20
60598 36
60599 31
60600 31
60601 34
60602 88
60603 31
60604 85
60605 16
60606 43
60607 34
60608 30
60609 88
60610 3
60611 1
60612 31
60613 7
60614 34
60615 31
60616 1
60617 4
60618 90
60619 12
60620 26
60621 13
60622 33
60623 45
60624 28
60625 34
60626 17
60627 44
60628 48
60629 26
60630 46
60631 34
60632 31
60633 50
60634 24
60635 31
60636 31
60637 34
60638 0
60639 30
60640 20
60641 31
60642 2
60643 31
60644 45
60645 86
60646 98
60647 27
60648 20
60649 30
60650 31
60651 83
60652 39
60653 11
60654 26
60655 91
60656 27
60657 16
60658 34
60659 31
60660 16
60661 89
60662 31
60663 74
60664 59
60665 2
60666 8
60667 0
60668 41
60669 86
60670 20
60671 30
60672 31
60673 34
60674 7
60675 34
60676 31
60677 51
60678 74
60679 30
60680 6
60681 95
60682 16
60683 3
60684 14
60685 34
60686 54
60687 32
60688 5
60689 16
60690 83
60691 46
60692 31
60693 52
60694 30
60695 27
60696 38
60697 54
60698 28
60699 59
60700 90
60701 88
60702 27
60703 31
60704 9
60705 90
60706 88
60707 28
60708 11
60709 74
60710 17
60711 3
60712 32
60713 89
60714 31
60715 29
60716 34
60717 79
60718 32
60719 34
60720 39
60721 14
60722 89
60723 20
60724 75
60725 6
60726 46
60727 29
60728 23
60729 88
60730 34
60731 92
60732 34
60733 34
60734 32
60735 31
60736 88
60737 17
60738 20
60739 76
60740 42
60741 45
60742 27
60743 42
60744 34
60745 74
60746 14
60747 20
60748 1
60749 31
60750 98
60751 89
60752 89
60753 8
60754 91
60755 62
60756 49
60757 9
60758 89
60759 31
60760 56
60761 13
60762 34
60763 85
60764 90
60765 42
60766 3
60767 89
60768 31
60769 34
60770 4
60771 31
60772 19
60773 31
60774 1
60775 86
60776 52
60777 12
60778 16
60779 31
60780 89
60781 31
60782 39
60783 34
60784 27
60785 31
60786 33
60787 34
60788 88
60789 1
60790 5
60791 41
60792 31
60793 3
60794 34
60795 34
60796 20
60797 86
60798 41
60799 18
60800 26
60801 20
60802 39
60803 5
60804 63
60805 29
60806 0
60807 89
60808 62
60809 14
60810 31
60811 31
60812 9
60813 31
60814 26
60815 1
60816 18
60817 89
60818 15
60819 14
60820 95
60821 42
60822 90
60823 25
60824 14
60825 0
60826 90
60827 25
60828 41
60829 0
60830 82
60831 31
60832 76
60833 31
60834 91
60835 88
60836 31
60837 32
60838 88
60839 31
60840 39
60841 47
60842 88
60843 58
60844 15
60845 39
60846 26
60847 91
60848 32
60849 34
60850 26
60851 1
60852 31
60853 75
60854 72
60855 91
60856 25
60857 21
60858 94
60859 34
60860 31
60861 31
60862 16
60863 33
60864 39
60865 28
60866 75
60867 92
60868 47
60869 82
60870 31
60871 81
60872 14
60873 4
60874 27
60875 55
60876 70
60877 42
60878 39
60879 91
60880 17
60881 49
60882 31
60883 41
60884 85
60885 25
60886 29
60887 31
60888 32
60889 31
60890 34
60891 28
60892 15
60893 27
60894 29
60895 34
60896 14
60897 89
60898 28
60899 34
60900 49
60901 31
60902 5
60903 31
60904 16
60905 34
60906 88
60907 4
60908 15
60909 49
60910 74
60911 53
60912 90
60913 0
60914 5
60915 75
60916 75
60917 26
60918 1
60919 27
60920 39
60921 41
60922 34
60923 31
60924 33
60925 82
60926 90
60927 31
60928 17
60929 91
60930 14
60931 56
60932 34
60933 92
60934 28
60935 88
60936 54
60937 4
60938 32
60939 3
60940 76
60941 39
60942 3
60943 31
60944 90
60945 4
60946 27
60947 91
60948 32
60949 3
60950 33
60951 34
60952 31
60953 18
60954 34
60955 31
60956 9
60957 84
60958 10
60959 9
60960 64
60961 31
60962 5
60963 89
60964 31
60965 28
60966 31
60967 88
60968 1
60969 49
60970 31
60971 69
60972 5
60973 34
60974 31
60975 7
60976 31
60977 49
60978 9
60979 24
60980 88
60981 34
60982 32
60983 26
60984 86
60985 5
60986 34
60987 39
60988 5
60989 28
60990 20
60991 88
60992 39
60993 90
60994 21
60995 31
60996 39
60997 62
60998 31
60999 43
61000 2
61001 31
61002 34
61003 31
61004 42
61005 69
61006 50
61007 45
61008 28
61009 62
61010 90
61011 27
61012 31
61013 39
61014 20
61015 34
61016 32
61017 35
61018 80
61019 94
61020 6
61021 14
61022 5
61023 34
61024 0
61025 9
61026 1
61027 5
61028 29
61029 2
61030 20
61031 31
61032 44
61033 1
61034 31
61035 90
61036 8
61037 10
61038 0
61039 56
61040 14
61041 36
61042 34
61043 12
61044 31
61045 31
61046 31
61047 34
61048 20
61049 35
61050 29
61051 27
61052 41
61053 21
61054 31
61055 34
61056 17
61057 39
61058 31
61059 31
61060 34
61061 31
61062 17
61063 16
61064 31
61065 1
61066 91
61067 90
61068 4
61069 86
61070 18
61071 76
61072 30
61073 20
61074 26
61075 4
61076 91
61077 42
61078 25
61079 31
61080 89
61081 56
61082 89
61083 17
61084 40
61085 20
61086 58
61087 25
61088 26
61089 31
61090 8
61091 75
61092 31
61093 36
61094 91
61095 43
61096 92
61097 13
61098 82
61099 32
61100 42
61101 9
61102 90
61103 31
61104 90
61105 34
61106 34
61107 26
61108 6
61109 18
61110 1
61111 14
61112 20
61113 2
61114 33
61115 20
61116 75
61117 45
61118 45
61119 1
61120 85
61121 4
61122 28
61123 70
61124 89
61125 6
61126 6
61127 16
61128 34
61129 3
61130 31
61131 45
61132 32
61133 34
61134 20
61135 28
61136 26
61137 28
61138 14
61139 7
61140 75
61141 70
61142 0
61143 92
61144 31
61145 5
61146 88
61147 44
61148 26
61149 74
61150 31
61151 86
61152 31
61153 4
61154 34
61155 31
61156 49
61157 90
61158 33
61159 16
61160 4
61161 0
61162 31
61163 74
61164 39
61165 1
61166 93
61167 45
61168 7
61169 27
61170 21
61171 89
61172 41
61173 14
61174 34
61175 34
61176 31
61177 69
61178 89
61179 83
61180 31
61181 35
61182 82
61183 20
61184 18
61185 57
61186 16
61187 4
61188 75
61189 3
61190 43
61191 5
61192 42
61193 5
61194 39
61195 42
61196 48
61197 49
61198 89
61199 26
61200 34
61201 49
61202 34
61203 75
61204 31
61205 27
61206 88
61207 28
61208 55
61209 4
61210 52
61211 36
61212 9
61213 75
61214 31
61215 3
61216 33
61217 34
61218 23
61219 27
61220 3
61221 24
61222 7
61223 16
61224 42
61225 97
61226 31
61227 41
61228 30
61229 17
61230 92
61231 30
61232 93
61233 30
61234 3
61235 9
61236 74
61237 24
61238 83
61239 28
61240 86
61241 30
61242 30
61243 47
61244 30
61245 30
61246 30
61247 31
61248 31
61249 31
61250 2
61251 1
61252 18
61253 85
61254 91
61255 26
61256 1
61257 46
61258 14
61259 43
61260 39
61261 16
61262 91
61263 69
61264 31
61265 1
61266 39
61267 16
61268 31
61269 34
61270 31
61271 4
61272 3
61273 31
61274 54
61275 49
61276 47
61277 3
61278 34
61279 31
61280 57
61281 16
61282 74
61283 88
61284 1
61285 9
61286 10
61287 91
61288 34
61289 29
61290 28
61291 31
61292 9
61293 28
61294 45
61295 26
61296 34
61297 31
61298 31
61299 1
61300 26
61301 30
61302 94
61303 0
61304 79
61305 78
61306 65
61307 29
61308 36
61309 90
61310 0
61311 82
61312 79
61313 78
61314 28
61315 61
61316 89
61317 26
61318 2
61319 42
61320 91
61321 92
61322 26
61323 3
61324 44
61325 93
61326 2
61327 26
61328 89
61329 74
61330 29
61331 51
61332 59
61333 4
61334 43
61335 30
61336 29
61337 59
61338 28
61339 64
61340 70
61341 26
61342 59
61343 61
61344 26
61345 5
61346 13
61347 59
61348 83
61349 59
61350 17
61351 4
61352 84
61353 88
61354 28
61355 65
61356 90
61357 62
61358 85
61359 6
61360 63
61361 59
61362 8
61363 89
61364 92
61365 68
61366 46
61367 44
61368 59
61369 91
61370 56
61371 82
61372 26
61373 29
61374 57
61375 67
61376 0
61377 91
61378 3
61379 26
61380 68
61381 76
61382 92
61383 60
61384 86
61385 47
61386 82
61387 8
61388 68
61389 39
61390 26
61391 64
61392 43
61393 62
61394 62
61395 32
61396 29
61397 28
61398 73
61399 61
61400 75
61401 70
61402 82
61403 54
61404 68
61405 95
61406 92
61407 0
61408 26
61409 6
61410 29
61411 74
61412 30
61413 4
61414 59
61415 30
61416 62
61417 86
61418 75
61419 29
61420 6
61421 59
61422 85
61423 68
61424 2
61425 91
61426 80
61427 14
61428 8
61429 64
61430 2
61431 55
61432 14
61433 59
61434 74
61435 51
61436 95
61437 52
61438 0
61439 0
61440 7
61441 6
61442 62
61443 8
61444 78
61445 2
61446 30
61447 41
61448 74
61449 27
61450 64
61451 53
61452 68
61453 5
61454 0
61455 54
61456 92
61457 0
61458 87
61459 1
61460 68
61461 80
61462 59
61463 29
61464 76
61465 59
61466 89
61467 50
61468 13
61469 92
61470 77
61471 69
61472 36
61473 59
61474 35
61475 82
61476 76
61477 40
61478 59
61479 89
61480 84
61481 41
61482 18
61483 26
61484 35
61485 60
61486 68
61487 25
61488 6
61489 50
61490 60
61491 88
61492 42
61493 4
61494 59
61495 13
61496 67
61497 84
61498 62
61499 78
61500 90
61501 1
61502 30
61503 4
61504 73
61505 41
61506 62
61507 29
61508 4
61509 59
61510 50
61511 52
61512 59
61513 45
61514 4
61515 84
61516 16
61517 68
61518 6
61519 28
61520 59
61521 40
61522 4
61523 75
61524 39
61525 60
61526 73
61527 68
61528 3
61529 59
61530 97
61531 15
61532 97
61533 26
61534 43
61535 69
61536 59
61537 54
61538 82
61539 90
61540 73
61541 82
61542 96
61543 26
61544 63
61545 30
61546 78
61547 68
61548 90
61549 62
61550 68
61551 59
61552 26
61553 59
61554 56
61555 69
61556 6
61557 92
61558 57
61559 4
61560 46
61561 54
61562 59
61563 62
61564 62
61565 75
61566 48
61567 68
61568 68
61569 29
61570 41
61571 57
61572 26
61573 93
61574 21
61575 0
61576 63
61577 59
61578 29
61579 41
61580 26
61581 68
61582 3
61583 17
61584 74
61585 4
61586 18
61587 59
61588 39
61589 28
61590 60
61591 89
61592 59
61593 61
61594 21
61595 9
61596 74
61597 59
61598 68
61599 51
61600 44
61601 30
61602 75
61603 16
61604 5
61605 91
61606 26
61607 94
61608 63
61609 29
61610 84
61611 61
61612 22
61613 54
61614 4
61615 63
61616 58
61617 1
61618 78
61619 63
61620 8
61621 91
61622 29
61623 91
61624 59
61625 91
61626 36
61627 89
61628 4
61629 4
61630 75
61631 30
61632 78
61633 4
61634 39
61635 8
61636 64
61637 59
61638 30
61639 8
61640 6
61641 36
61642 91
61643 6
61644 29
61645 68
61646 33
61647 59
61648 91
61649 18
61650 45
61651 89
61652 68
61653 57
61654 14
61655 68
61656 6
61657 55
61658 39
61659 92
61660 0
61661 77
61662 80
61663 68
61664 68
61665 32
61666 61
61667 75
61668 81
61669 98
61670 74
61671 59
61672 68
61673 56
61674 53
61675 26
61676 27
61677 30
61678 92
61679 4
61680 68
61681 62
61682 82
61683 65
61684 67
61685 18
61686 28
61687 68
61688 5
61689 62
61690 62
61691 58
61692 10
61693 33
61694 6
61695 29
61696 68
61697 68
61698 88
61699 2
61700 59
61701 26
61702 68
61703 14
61704 89
61705 11
61706 59
61707 4
61708 13
61709 98
61710 93
61711 60
61712 62
61713 0
61714 80
61715 59
61716 92
61717 68
61718 37
61719 90
61720 29
61721 46
61722 61
61723 33
61724 64
61725 82
61726 22
61727 81
61728 88
61729 78
61730 78
61731 67
61732 50
61733 61
61734 59
61735 94
61736 59
61737 6
61738 15
61739 64
61740 21
61741 59
61742 20
61743 68
61744 86
61745 17
61746 68
61747 74
61748 6
61749 57
61750 6
61751 81
61752 68
61753 62
61754 67
61755 96
61756 68
61757 55
61758 82
61759 63
61760 64
61761 73
61762 64
61763 63
61764 4
61765 62
61766 55
61767 57
61768 79
61769 26
61770 6
61771 87
61772 59
61773 6
61774 6
61775 79
61776 3
61777 28
61778 6
61779 26
61780 68
61781 68
61782 68
61783 64
61784 81
61785 99
61786 91
61787 24
61788 68
61789 74
61790 78
61791 81
61792 29
61793 29
61794 74
61795 9
61796 65
61797 62
61798 5
61799 44
61800 6
61801 79
61802 29
61803 88
61804 92
61805 6
61806 81
61807 91
61808 57
61809 53
61810 64
61811 6
61812 6
61813 91
61814 6
61815 49
61816 9
61817 68
61818 82
61819 1
61820 63
61821 54
61822 40
61823 13
61824 92
61825 36
61826 10
61827 26
61828 27
61829 29
61830 93
61831 4
61832 37
61833 64
61834 50
61835 6
61836 77
61837 74
61838 59
61839 73
61840 92
61841 72
61842 53
61843 8
61844 8
61845 57
61846 14
61847 38
61848 6
61849 58
61850 2
61851 61
61852 21
61853 56
61854 82
61855 68
61856 91
61857 28
61858 81
61859 7
61860 96
61861 4
61862 78
61863 10
61864 66
61865 14
61866 70
61867 74
61868 59
61869 20
61870 74
61871 57
61872 25
61873 86
61874 55
61875 70
61876 38
61877 38
61878 38
61879 68
61880 65
61881 30
61882 55
61883 30
61884 3
61885 91
61886 68
61887 0
61888 76
61889 76
61890 6
61891 59
61892 39
61893 26
61894 6
61895 59
61896 62
61897 26
61898 94
61899 59
61900 77
61901 89
61902 74
61903 9
61904 3
61905 94
61906 51
61907 92
61908 68
61909 62
61910 74
61911 95
61912 29
61913 95
61914 92
61915 73
61916 92
61917 91
61918 4
61919 39
61920 40
61921 89
61922 27
61923 4
61924 1
61925 68
61926 14
61927 68
61928 91
61929 83
61930 88
61931 24
61932 64
61933 28
61934 3
61935 78
61936 69
61937 57
61938 6
61939 68
61940 4
61941 62
61942 29
61943 68
61944 78
61945 4
61946 29
61947 30
61948 5
61949 4
61950 40
61951 6
61952 39
61953 16
61954 14
61955 53
61956 28
61957 59
61958 6
61959 26
61960 63
61961 5
61962 10
61963 89
61964 61
61965 42
61966 92
61967 73
61968 82
61969 59
61970 68
61971 17
61972 48
61973 62
61974 86
61975 70
61976 9
61977 54
61978 63
61979 91
61980 41
61981 5
61982 5
61983 10
61984 91
61985 57
61986 23
61987 44
61988 55
61989 91
61990 7
61991 6
61992 57
61993 82
61994 96
61995 71
61996 69
61997 57
61998 22
61999 8
62000 68
62001 14
62002 26
62003 97
62004 68
62005 9
62006 6
62007 0
62008 16
62009 26
62010 81
62011 8
62012 78
62013 52
62014 21
62015 26
62016 5
62017 53
62018 78
62019 10
62020 68
62021 70
62022 74
62023 39
62024 87
62025 58
62026 76
62027 91
62028 57
62029 61
62030 68
62031 68
62032 59
62033 68
62034 16
62035 57
62036 13
62037 30
62038 20
62039 78
62040 10
62041 26
62042 0
62043 18
62044 2
62045 90
62046 54
62047 42
62048 44
62049 62
62050 89
62051 15
62052 89
62053 85
62054 1
62055 39
62056 38
62057 76
62058 57
62059 59
62060 29
62061 96
62062 73
62063 18
62064 45
62065 57
62066 51
62067 39
62068 59
62069 18
62070 6
62071 62
62072 74
62073 4
62074 84
62075 62
62076 68
62077 62
62078 93
62079 11
62080 82
62081 16
62082 49
62083 39
62084 59
62085 26
62086 76
62087 63
62088 17
62089 63
62090 13
62091 68
62092 64
62093 9
62094 79
62095 50
62096 92
62097 21
62098 17
62099 91
62100 92
62101 64
62102 84
62103 65
62104 14
62105 63
62106 6
62107 18
62108 55
62109 93
62110 95
62111 59
62112 4
62113 68
62114 68
62115 91
62116 48
62117 59
62118 32
62119 72
62120 68
62121 62
62122 52
62123 80
62124 4
62125 57
62126 8
62127 55
62128 61
62129 65
62130 59
62131 57
62132 29
62133 76
62134 75
62135 52
62136 29
62137 92
62138 29
62139 1
62140 29
62141 6
62142 4
62143 82
62144 29
62145 2
62146 41
62147 92
62148 73
62149 21
62150 83
62151 29
62152 74
62153 89
62154 5
62155 59
62156 89
62157 64
62158 66
62159 26
62160 91
62161 41
62162 8
62163 78
62164 10
62165 10
62166 76
62167 59
62168 72
62169 30
62170 74
62171 69
62172 73
62173 50
62174 82
62175 28
62176 92
62177 92
62178 5
62179 26
62180 52
62181 71
62182 8
62183 56
62184 51
62185 13
62186 89
62187 55
62188 58
62189 57
62190 4
62191 68
62192 48
62193 29
62194 69
62195 63
62196 51
62197 93
62198 80
62199 29
62200 75
62201 28
62202 4
62203 26
62204 3
62205 10
62206 27
62207 55
62208 51
62209 29
62210 29
62211 68
62212 29
62213 49
62214 92
62215 68
62216 36
62217 63
62218 5
62219 23
62220 4
62221 85
62222 90
62223 61
62224 89
62225 47
62226 59
62227 29
62228 69
62229 92
62230 82
62231 4
62232 50
62233 92
62234 32
62235 68
62236 59
62237 26
62238 63
62239 55
62240 81
62241 4
62242 89
62243 68
62244 61
62245 8
62246 59
62247 48
62248 69
62249 62
62250 29
62251 14
62252 0
62253 51
62254 90
62255 6
62256 15
62257 64
62258 64
62259 29
62260 35
62261 93
62262 68
62263 26
62264 47
62265 30
62266 68
62267 81
62268 28
62269 13
62270 72
62271 30
62272 4
62273 76
62274 74
62275 5
62276 59
62277 82
62278 54
62279 29
62280 74
62281 4
62282 95
62283 56
62284 67
62285 26
62286 29
62287 18
62288 47
62289 7
62290 68
62291 85
62292 92
62293 62
62294 47
62295 26
62296 0
62297 8
62298 82
62299 91
62300 83
62301 83
62302 29
62303 45
62304 3
62305 28
62306 78
62307 78
62308 94
62309 26
62310 88
62311 6
62312 75
62313 29
62314 50
62315 5
62316 59
62317 15
62318 69
62319 59
62320 74
62321 4
62322 11
62323 92
62324 86
62325 29
62326 10
62327 59
62328 8
62329 59
62330 78
62331 76
62332 59
62333 54
62334 5
62335 92
62336 59
62337 4
62338 19
62339 7
62340 0
62341 92
62342 45
62343 64
62344 80
62345 29
62346 86
62347 6
62348 17
62349 68
62350 11
62351 92
62352 92
62353 92
62354 67
62355 68
62356 55
62357 33
62358 47
62359 7
62360 89
62361 54
62362 92
62363 73
62364 59
62365 51
62366 85
62367 59
62368 51
62369 78
62370 57
62371 26
62372 29
62373 10
62374 95
62375 68
62376 59
62377 0
62378 68
62379 58
62380 1
62381 59
62382 81
62383 60
62384 4
62385 91
62386 78
62387 6
62388 10
62389 68
62390 33
62391 23
62392 55
62393 86
62394 62
62395 70
62396 59
62397 80
62398 62
62399 78
62400 59
62401 62
62402 97
62403 69
62404 89
62405 28
62406 8
62407 57
62408 78
62409 30
62410 18
62411 13
62412 65
62413 62
62414 68
62415 64
62416 29
62417 93
62418 78
62419 28
62420 57
62421 68
62422 11
62423 6
62424 42
62425 81
62426 82
62427 47
62428 5
62429 4
62430 76
62431 59
62432 92
62433 46
62434 22
62435 82
62436 13
62437 29
62438 72
62439 9
62440 88
62441 28
62442 59
62443 59
62444 92
62445 6
62446 26
62447 35
62448 47
62449 81
62450 55
62451 55
62452 7
62453 4
62454 9
62455 17
62456 38
62457 62
62458 42
62459 68
62460 4
62461 26
62462 74
62463 1
62464 49
62465 68
62466 56
62467 59
62468 60
62469 62
62470 15
62471 92
62472 81
62473 62
62474 75
62475 64
62476 60
62477 78
62478 36
62479 89
62480 6
62481 78
62482 62
62483 59
62484 76
62485 17
62486 61
62487 22
62488 26
62489 0
62490 22
62491 66
62492 92
62493 81
62494 62
62495 41
62496 92
62497 68
62498 77
62499 26
62500 32
62501 67
62502 57
62503 63
62504 6
62505 81
62506 26
62507 75
62508 36
62509 68
62510 86
62511 98
62512 58
62513 76
62514 5
62515 26
62516 5
62517 95
62518 1
62519 61
62520 62
62521 99
62522 32
62523 83
62524 68
62525 55
62526 6
62527 4
62528 74
62529 36
62530 74
62531 77
62532 65
62533 85
62534 82
62535 64
62536 59
62537 53
62538 92
62539 67
62540 45
62541 59
62542 97
62543 63
62544 82
62545 26
62546 59
62547 62
62548 68
62549 74
62550 54
62551 61
62552 88
62553 1
62554 6
62555 0
62556 18
62557 64
62558 6
62559 93
62560 75
62561 24
62562 78
62563 95
62564 75
62565 59
62566 92
62567 62
62568 49
62569 68
62570 59
62571 29
62572 85
62573 80
62574 68
62575 9
62576 21
62577 75
62578 60
62579 59
62580 13
62581 66
62582 64
62583 62
62584 92
62585 59
62586 74
62587 69
62588 68
62589 63
62590 0
62591 76
62592 21
62593 62
62594 74
62595 4
62596 0
62597 69
62598 61
62599 88
62600 68
62601 24
62602 29
62603 89
62604 75
62605 74
62606 74
62607 82
62608 68
62609 68
62610 40
62611 12
62612 29
62613 68
62614 44
62615 76
62616 62
62617 28
62618 64
62619 74
62620 29
62621 5
62622 30
62623 63
62624 13
62625 59
62626 29
62627 59
62628 92
62629 59
62630 35
62631 59
62632 10
62633 6
62634 42
62635 59
62636 82
62637 89
62638 68
62639 63
62640 91
62641 40
62642 44
62643 14
62644 29
62645 88
62646 94
62647 4
62648 81
62649 68
62650 72
62651 4
62652 79
62653 89
62654 56
62655 30
62656 78
62657 86
62658 87
62659 92
62660 68
62661 91
62662 71
62663 30
62664 63
62665 61
62666 71
62667 6
62668 78
62669 89
62670 53
62671 93
62672 41
62673 6
62674 78
62675 88
62676 87
62677 56
62678 13
62679 62
62680 89
62681 57
62682 41
62683 78
62684 29
62685 5
62686 78
62687 85
62688 91
62689 29
62690 62
62691 62
62692 81
62693 84
62694 6
62695 76
62696 84
62697 6
62698 78
62699 4
62700 85
62701 85
62702 0
62703 61
62704 57
62705 59
62706 20
62707 81
62708 59
62709 8
62710 78
62711 65
62712 26
62713 92
62714 79
62715 48
62716 26
62717 59
62718 73
62719 62
62720 6
62721 62
62722 18
62723 42
62724 68
62725 59
62726 54
62727 49
62728 91
62729 6
62730 59
62731 29
62732 10
62733 58
62734 41
62735 91
62736 0
62737 68
62738 69
62739 91
62740 75
62741 68
62742 69
62743 3
62744 2
62745 29
62746 81
62747 82
62748 59
62749 90
62750 28
62751 68
62752 83
62753 81
62754 68
62755 24
62756 62
62757 93
62758 78
62759 7
62760 48
62761 68
62762 43
62763 60
62764 4
62765 22
62766 92
62767 17
62768 47
62769 90
62770 62
62771 13
62772 68
62773 81
62774 30
62775 59
62776 59
62777 68
62778 63
62779 90
62780 36
62781 24
62782 68
62783 59
62784 78
62785 91
62786 68
62787 6
62788 65
62789 83
62790 59
62791 77
62792 50
62793 91
62794 35
62795 68
62796 9
62797 68
62798 69
62799 5
62800 91
62801 41
62802 87
62803 67
62804 73
62805 6
62806 45
62807 59
62808 86
62809 78
62810 91
62811 82
62812 67
62813 90
62814 88
62815 35
62816 7
62817 59
62818 40
62819 80
62820 93
62821 30
62822 26
62823 29
62824 59
62825 68
62826 59
62827 64
62828 79
62829 5
62830 16
62831 92
62832 76
62833 40
62834 0
62835 3
62836 73
62837 68
62838 82
62839 84
62840 82
62841 4
62842 78
62843 91
62844 78
62845 81
62846 10
62847 63
62848 95
62849 68
62850 32
62851 42
62852 58
62853 68
62854 70
62855 78
62856 81
62857 64
62858 91
62859 59
62860 0
62861 78
62862 62
62863 64
62864 64
62865 57
62866 50
62867 17
62868 23
62869 6
62870 57
62871 62
62872 41
62873 59
62874 58
62875 59
62876 14
62877 7
62878 62
62879 16
62880 59
62881 46
62882 57
62883 91
62884 96
62885 62
62886 67
62887 68
62888 68
62889 59
62890 7
62891 47
62892 26
62893 73
62894 50
62895 68
62896 81
62897 4
62898 47
62899 63
62900 67
62901 6
62902 61
62903 28
62904 89
62905 26
62906 63
62907 62
62908 88
62909 73
62910 19
62911 10
62912 74
62913 40
62914 77
62915 62
62916 5
62917 63
62918 14
62919 4
62920 95
62921 82
62922 59
62923 27
62924 8
62925 69
62926 47
62927 91
62928 20
62929 38
62930 29
62931 91
62932 68
62933 16
62934 84
62935 68
62936 79
62937 48
62938 26
62939 44
62940 89
62941 28
62942 86
62943 59
62944 51
62945 92
62946 4
62947 83
62948 43
62949 47
62950 92
62951 40
62952 80
62953 62
62954 68
62955 69
62956 88
62957 95
62958 96
62959 82
62960 36
62961 9
62962 63
62963 57
62964 59
62965 29
62966 40
62967 59
62968 78
62969 57
62970 29
62971 86
62972 6
62973 78
62974 8
62975 50
62976 68
62977 86
62978 59
62979 6
62980 92
62981 4
62982 74
62983 50
62984 56
62985 54
62986 78
62987 42
62988 59
62989 59
62990 51
62991 30
62992 91
62993 82
62994 15
62995 59
62996 84
62997 39
62998 28
62999 21
63000 88
63001 18
63002 63
63003 95
63004 68
63005 79
63006 65
63007 78
63008 62
63009 62
63010 4
63011 13
63012 92
63013 65
63014 64
63015 91
63016 4
63017 63
63018 6
63019 64
63020 10
63021 0
63022 0
63023 26
63024 82
63025 19
63026 28
63027 50
63028 0
63029 78
63030 6
63031 76
63032 6
63033 27
63034 4
63035 1
63036 78
63037 6
63038 82
63039 26
63040 51
63041 32
63042 52
63043 64
63044 86
63045 68
63046 76
63047 63
63048 67
63049 82
63050 85
63051 42
63052 91
63053 82
63054 89
63055 68
63056 68
63057 13
63058 26
63059 13
63060 21
63061 6
63062 29
63063 7
63064 68
63065 3
63066 40
63067 26
63068 26
63069 64
63070 35
63071 2
63072 90
63073 72
63074 0
63075 59
63076 90
63077 68
63078 5
63079 7
63080 92
63081 59
63082 6
63083 55
63084 84
63085 85
63086 76
63087 74
63088 73
63089 74
63090 5
63091 78
63092 59
63093 78
63094 8
63095 29
63096 0
63097 59
63098 91
63099 68
63100 88
63101 6
63102 86
63103 16
63104 79
63105 17
63106 55
63107 91
63108 61
63109 36
63110 88
63111 91
63112 91
63113 59
63114 64
63115 93
63116 29
63117 86
63118 70
63119 2
63120 47
63121 63
63122 91
63123 29
63124 6
63125 64
63126 37
63127 25
63128 58
63129 71
63130 59
63131 25
63132 5
63133 6
63134 51
63135 5
63136 68
63137 59
63138 74
63139 65
63140 10
63141 75
63142 23
63143 62
63144 72
63145 6
63146 68
63147 15
63148 6
63149 78
63150 74
63151 96
63152 63
63153 89
63154 53
63155 62
63156 86
63157 89
63158 15
63159 68
63160 57
63161 62
63162 83
63163 8
63164 41
63165 91
63166 65
63167 6
63168 63
63169 67
63170 90
63171 26
63172 28
63173 5
63174 91
63175 5
63176 64
63177 75
63178 5
63179 70
63180 91
63181 26
63182 62
63183 70
63184 90
63185 19
63186 92
63187 81
63188 78
63189 26
63190 92
63191 59
63192 5
63193 7
63194 78
63195 68
63196 78
63197 59
63198 68
63199 64
63200 55
63201 57
63202 43
63203 57
63204 4
63205 4
63206 26
63207 63
63208 4
63209 63
63210 82
63211 68
63212 26
63213 18
63214 78
63215 63
63216 68
63217 74
63218 91
63219 68
63220 59
63221 59
63222 20
63223 26
63224 0
63225 0
63226 68
63227 65
63228 21
63229 89
63230 5
63231 63
63232 59
63233 26
63234 11
63235 62
63236 21
63237 58
63238 57
63239 53
63240 89
63241 15
63242 28
63243 53
63244 59
63245 63
63246 63
63247 91
63248 89
63249 89
63250 68
63251 29
63252 68
63253 0
63254 29
63255 5
63256 52
63257 76
63258 62
63259 27
63260 68
63261 57
63262 2
63263 91
63264 78
63265 7
63266 65
63267 60
63268 94
63269 19
63270 91
63271 67
63272 5
63273 92
63274 16
63275 56
63276 92
63277 29
63278 74
63279 35
63280 57
63281 74
63282 29
63283 59
63284 52
63285 41
63286 89
63287 4
63288 40
63289 41
63290 24
63291 8
63292 63
63293 89
63294 64
63295 59
63296 73
63297 51
63298 67
63299 59
63300 29
63301 77
63302 10
63303 74
63304 10
63305 26
63306 10
63307 6
63308 62
63309 4
63310 54
63311 63
63312 91
63313 97
63314 82
63315 15
63316 69
63317 9
63318 26
63319 62
63320 28
63321 73
63322 46
63323 91
63324 29
63325 29
63326 74
63327 59
63328 58
63329 22
63330 26
63331 29
63332 76
63333 59
63334 35
63335 49
63336 29
63337 35
63338 8
63339 52
63340 57
63341 97
63342 18
63343 41
63344 85
63345 36
63346 78
63347 28
63348 95
63349 0
63350 82
63351 86
63352 8
63353 68
63354 26
63355 68
63356 82
63357 46
63358 28
63359 84
63360 2
63361 56
63362 4
63363 29
63364 43
63365 78
63366 92
63367 92
63368 74
63369 8
63370 65
63371 85
63372 29
63373 0
63374 18
63375 78
63376 91
63377 51
63378 26
63379 26
63380 29
63381 59
63382 4
63383 91
63384 68
63385 5
63386 88
63387 0
63388 55
63389 74
63390 68
63391 8
63392 63
63393 68
63394 8
63395 90
63396 92
63397 29
63398 68
63399 57
63400 58
63401 59
63402 59
63403 68
63404 43
63405 78
63406 31
63407 51
63408 68
63409 90
63410 91
63411 57
63412 13
63413 28
63414 57
63415 81
63416 98
63417 14
63418 50
63419 92
63420 51
63421 85
63422 4
63423 59
63424 93
63425 95
63426 5
63427 2
63428 80
63429 6
63430 63
63431 63
63432 89
63433 74
63434 83
63435 14
63436 15
63437 48
63438 29
63439 85
63440 82
63441 8
63442 91
63443 68
63444 0
63445 82
63446 10
63447 26
63448 92
63449 26
63450 82
63451 89
63452 93
63453 59
63454 0
63455 59
63456 54
63457 36
63458 86
63459 92
63460 59
63461 3
63462 78
63463 59
63464 68
63465 27
63466 78
63467 63
63468 63
63469 95
63470 91
63471 21
63472 91
63473 59
63474 71
63475 6
63476 29
63477 68
63478 78
63479 55
63480 68
63481 5
63482 36
63483 29
63484 89
63485 15
63486 59
63487 64
63488 59
63489 29
63490 0
63491 55
63492 92
63493 38
63494 50
63495 59
63496 54
63497 63
63498 62
63499 22
63500 13
63501 4
63502 74
63503 24
63504 29
63505 68
63506 85
63507 17
63508 59
63509 63
63510 59
63511 75
63512 40
63513 85
63514 74
63515 57
63516 14
63517 95
63518 59
63519 88
63520 4
63521 42
63522 29
63523 68
63524 55
63525 82
63526 47
63527 63
63528 59
63529 29
63530 28
63531 75
63532 15
63533 29
63534 62
63535 86
63536 41
63537 57
63538 47
63539 78
63540 78
63541 29
63542 70
63543 68
63544 92
63545 94
63546 81
63547 30
63548 62
63549 6
63550 6
63551 59
63552 29
63553 30
63554 29
63555 89
63556 8
63557 59
63558 29
63559 92
63560 93
63561 69
63562 98
63563 45
63564 68
63565 92
63566 51
63567 78
63568 4
63569 93
63570 59
63571 4
63572 7
63573 82
63574 14
63575 91
63576 68
63577 91
63578 62
63579 4
63580 94
63581 5
63582 59
63583 63
63584 94
63585 30
63586 24
63587 68
63588 8
63589 89
63590 70
63591 36
63592 74
63593 62
63594 44
63595 37
63596 86
63597 55
63598 62
63599 82
63600 91
63601 82
63602 30
63603 9
63604 90
63605 63
63606 78
63607 81
63608 89
63609 49
63610 90
63611 68
63612 74
63613 92
63614 29
63615 0
63616 29
63617 57
63618 0
63619 78
63620 2
63621 22
63622 68
63623 89
63624 15
63625 62
63626 62
63627 68
63628 6
63629 15
63630 78
63631 44
63632 7
63633 92
63634 78
63635 59
63636 40
63637 59
63638 58
63639 90
63640 92
63641 92
63642 13
63643 6
63644 18
63645 59
63646 93
63647 40
63648 6
63649 76
63650 22
63651 10
63652 33
63653 67
63654 68
63655 29
63656 6
63657 75
63658 29
63659 68
63660 91
63661 92
63662 96
63663 35
63664 6
63665 68
63666 68
63667 62
63668 4
63669 10
63670 68
63671 59
63672 68
63673 74
63674 0
63675 16
63676 26
63677 6
63678 89
63679 29
63680 62
63681 68
63682 5
63683 61
63684 69
63685 17
63686 62
63687 62
63688 64
63689 26
63690 6
63691 82
63692 68
63693 82
63694 59
63695 73
63696 67
63697 4
63698 8
63699 29
63700 5
63701 22
63702 34
63703 63
63704 26
63705 6
63706 58
63707 81
63708 59
63709 6
63710 89
63711 19
63712 29
63713 14
63714 29
63715 68
63716 68
63717 75
63718 10
63719 6
63720 8
63721 82
63722 29
63723 9
63724 9
63725 19
63726 14
63727 3
63728 68
63729 47
63730 47
63731 74
63732 4
63733 63
63734 64
63735 89
63736 0
63737 5
63738 13
63739 64
63740 38
63741 13
63742 68
63743 25
63744 58
63745 54
63746 89
63747 73
63748 6
63749 25
63750 4
63751 6
63752 21
63753 59
63754 57
63755 91
63756 69
63757 6
63758 3
63759 50
63760 89
63761 76
63762 9
63763 92
63764 60
63765 26
63766 64
63767 61
63768 76
63769 82
63770 68
63771 68
63772 18
63773 6
63774 82
63775 64
63776 68
63777 6
63778 68
63779 5
63780 78
63781 28
63782 84
63783 57
63784 78
63785 91
63786 63
63787 6
63788 33
63789 73
63790 52
63791 76
63792 59
63793 51
63794 4
63795 18
63796 6
63797 91
63798 3
63799 88
63800 96
63801 86
63802 0
63803 17
63804 13
63805 62
63806 68
63807 63
63808 89
63809 67
63810 68
63811 62
63812 7
63813 78
63814 59
63815 89
63816 86
63817 1
63818 88
63819 62
63820 14
63821 6
63822 26
63823 92
63824 57
63825 10
63826 83
63827 76
63828 4
63829 87
63830 45
63831 82
63832 68
63833 22
63834 91
63835 59
63836 59
63837 59
63838 91
63839 5
63840 62
63841 59
63842 56
63843 5
63844 46
63845 68
63846 14
63847 36
63848 93
63849 6
63850 14
63851 78
63852 6
63853 74
63854 55
63855 82
63856 89
63857 68
63858 29
63859 26
63860 93
63861 80
63862 53
63863 95
63864 59
63865 78
63866 68
63867 30
63868 2
63869 30
63870 3
63871 4
63872 36
63873 81
63874 52
63875 68
63876 28
63877 63
63878 90
63879 6
63880 62
63881 16
63882 42
63883 8
63884 88
63885 56
63886 72
63887 75
63888 81
63889 28
63890 61
63891 28
63892 59
63893 13
63894 25
63895 61
63896 15
63897 6
63898 5
63899 6
63900 59
63901 15
63902 11
63903 68
63904 92
63905 85
63906 29
63907 14
63908 57
63909 42
63910 82
63911 94
63912 59
63913 17
63914 59
63915 51
63916 53
63917 10
63918 68
63919 63
63920 26
63921 59
63922 78
63923 49
63924 26
63925 47
63926 92
63927 82
63928 4
63929 28
63930 74
63931 74
63932 6
63933 92
63934 68
63935 62
63936 68
63937 41
63938 68
63939 59
63940 90
63941 59
63942 43
63943 29
63944 9
63945 0
63946 0
63947 68
63948 89
63949 85
63950 59
63951 56
63952 6
63953 78
63954 8
63955 35
63956 47
63957 57
63958 60
63959 59
63960 81
63961 29
63962 5
63963 22
63964 91
63965 30
63966 64
63967 55
63968 26
63969 4
63970 86
63971 55
63972 6
63973 82
63974 42
63975 11
63976 59
63977 62
63978 84
63979 3
63980 68
63981 62
63982 56
63983 17
63984 5
63985 92
63986 91
63987 26
63988 45
63989 26
63990 60
63991 82
63992 50
63993 63
63994 25
63995 59
63996 5
63997 6
63998 59
63999 63
64000 9
64001 59
64002 1
64003 62
64004 85
64005 4
64006 68
64007 91
64008 91
64009 68
64010 71
64011 74
64012 67
64013 26
64014 63
64015 95
64016 5
64017 5
64018 78
64019 86
64020 74
64021 74
64022 59
64023 64
64024 62
64025 68
64026 83
64027 10
64028 75
64029 68
64030 62
64031 68
64032 59
64033 78
64034 5
64035 76
64036 89
64037 37
64038 62
64039 79
64040 86
64041 83
64042 57
64043 68
64044 78
64045 46
64046 14
64047 86
64048 57
64049 1
64050 4
64051 26
64052 77
64053 34
64054 28
64055 30
64056 29
64057 78
64058 26
64059 68
64060 76
64061 58
64062 40
64063 22
64064 55
64065 86
64066 76
64067 1
64068 95
64069 77
64070 68
64071 63
64072 16
64073 48
64074 18
64075 4
64076 89
64077 3
64078 54
64079 59
64080 18
64081 26
64082 81
64083 3
64084 42
64085 0
64086 35
64087 89
64088 59
64089 62
64090 57
64091 33
64092 29
64093 63
64094 93
64095 92
64096 86
64097 90
64098 68
64099 89
64100 83
64101 26
64102 59
64103 35
64104 83
64105 45
64106 61
64107 92
64108 62
64109 62
64110 4
64111 30
64112 11
64113 29
64114 69
64115 74
64116 88
64117 59
64118 76
64119 0
64120 64
64121 83
64122 74
64123 89
64124 29
64125 29
64126 6
64127 1
64128 65
64129 10
64130 62
64131 85
64132 75
64133 41
64134 76
64135 85
64136 36
64137 68
64138 91
64139 93
64140 81
64141 61
64142 7
64143 68
64144 91
64145 62
64146 52
64147 26
64148 92
64149 68
64150 93
64151 80
64152 92
64153 0
64154 55
64155 89
64156 62
64157 24
64158 61
64159 61
64160 43
64161 64
64162 0
64163 59
64164 80
64165 68
64166 68
64167 9
64168 26
64169 30
64170 17
64171 57
64172 26
64173 3
64174 90
64175 98
64176 5
64177 56
64178 63
64179 36
64180 91
64181 76
64182 92
64183 83
64184 86
64185 74
64186 20
64187 26
64188 68
64189 63
64190 30
64191 85
64192 29
64193 47
64194 82
64195 94
64196 9
64197 24
64198 77
64199 35
64200 91
64201 78
64202 59
64203 29
64204 59
64205 29
64206 86
64207 90
64208 10
64209 6
64210 29
64211 29
64212 95
64213 77
64214 62
64215 68
64216 29
64217 4
64218 91
64219 86
64220 8
64221 5
64222 29
64223 77
64224 75
64225 60
64226 8
64227 62
64228 68
64229 6
64230 59
64231 67
64232 76
64233 1
64234 92
64235 4
64236 25
64237 18
64238 96
64239 26
64240 0
64241 36
64242 4
64243 59
64244 68
64245 83
64246 11
64247 91
64248 59
64249 59
64250 82
64251 29
64252 30
64253 40
64254 44
64255 40
64256 10
64257 93
64258 26
64259 59
64260 37
64261 91
64262 94
64263 56
64264 86
64265 53
64266 86
64267 73
64268 82
64269 59
64270 5
64271 78
64272 26
64273 5
64274 42
64275 41
64276 59
64277 42
64278 59
64279 59
64280 26
64281 39
64282 24
64283 83
64284 26
64285 62
64286 55
64287 92
64288 56
64289 59
64290 43
64291 13
64292 4
64293 41
64294 75
64295 26
64296 28
64297 46
64298 78
64299 77
64300 62
64301 81
64302 95
64303 3
64304 59
64305 74
64306 36
64307 70
64308 4
64309 68
64310 42
64311 82
64312 83
64313 68
64314 75
64315 68
64316 15
64317 59
64318 79
64319 62
64320 29
64321 91
64322 90
64323 26
64324 22
64325 14
64326 29
64327 59
64328 91
64329 62
64330 78
64331 84
64332 40
64333 55
64334 95
64335 75
64336 10
64337 51
64338 85
64339 62
64340 2
64341 74
64342 86
64343 92
64344 92
64345 68
64346 30
64347 53
64348 60
64349 3
64350 46
64351 73
64352 26
64353 26
64354 60
64355 40
64356 47
64357 68
64358 4
64359 40
64360 91
64361 4
64362 6
64363 29
64364 89
64365 26
64366 68
64367 46
64368 68
64369 91
64370 64
64371 30
64372 50
64373 91
64374 7
64375 59
64376 1
64377 67
64378 62
64379 10
64380 26
64381 63
64382 53
64383 54
64384 15
64385 38
64386 3
64387 8
64388 68
64389 56
64390 30
64391 76
64392 40
64393 30
64394 27
64395 59
64396 13
64397 87
64398 4
64399 18
64400 54
64401 62
64402 86
64403 57
64404 59
64405 29
64406 78
64407 41
64408 30
64409 17
64410 10
64411 1
64412 29
64413 64
64414 61
64415 92
64416 28
64417 60
64418 92
64419 30
64420 7
64421 68
64422 27
64423 4
64424 4
64425 68
64426 5
64427 92
64428 26
64429 60
64430 59
64431 59
64432 2
64433 59
64434 84
64435 82
64436 1
64437 59
64438 79
64439 59
64440 33
64441 19
64442 62
64443 38
64444 38
64445 38
64446 38
64447 38
64448 38
64449 38
64450 26
64451 92
64452 44
64453 75
64454 68
64455 75
64456 58
64457 56
64458 9
64459 68
64460 53
64461 2
64462 59
64463 76
64464 77
64465 29
64466 69
64467 58
64468 8
64469 56
64470 17
64471 80
64472 59
64473 59
64474 98
64475 78
64476 8
64477 14
64478 59
64479 25
64480 68
64481 68
64482 0
64483 91
64484 91
64485 82
64486 4
64487 91
64488 77
64489 74
64490 0
64491 88
64492 68
64493 59
64494 26
64495 76
64496 47
64497 62
64498 5
64499 5
64500 59
64501 4
64502 75
64503 86
64504 59
64505 42
64506 62
64507 74
64508 26
64509 62
64510 57
64511 25
64512 4
64513 33
64514 28
64515 50
64516 63
64517 82
64518 68
64519 0
64520 5
64521 54
64522 83
64523 91
64524 72
64525 91
64526 26
64527 64
64528 26
64529 26
64530 89
64531 59
64532 38
64533 76
64534 1
64535 29
64536 15
64537 82
64538 55
64539 86
64540 74
64541 9
64542 60
64543 59
64544 26
64545 26
64546 92
64547 14
64548 59
64549 44
64550 64
64551 85
64552 89
64553 24
64554 49
64555 79
64556 29
64557 64
64558 62
64559 2
64560 59
64561 30
64562 43
64563 64
64564 8
64565 89
64566 4
64567 25
64568 67
64569 5
64570 15
64571 89
64572 68
64573 8
64574 81
64575 24
64576 99
64577 62
64578 96
64579 82
64580 81
64581 56
64582 27
64583 13
64584 55
64585 69
64586 1
64587 83
64588 4
64589 85
64590 68
64591 26
64592 59
64593 59
64594 61
64595 29
64596 68
64597 95
64598 62
64599 70
64600 18
64601 74
64602 36
64603 80
64604 1
64605 82
64606 36
64607 25
64608 50
64609 30
64610 67
64611 68
64612 59
64613 68
64614 62
64615 68
64616 60
64617 62
64618 92
64619 57
64620 45
64621 74
64622 74
64623 7
64624 89
64625 17
64626 82
64627 1
64628 3
64629 28
64630 47
64631 26
64632 81
64633 62
64634 92
64635 16
64636 0
64637 82
64638 27
64639 4
64640 88
64641 67
64642 41
64643 68
64644 68
64645 78
64646 1
64647 32
64648 68
64649 68
64650 69
64651 42
64652 29
64653 44
64654 59
64655 92
64656 62
64657 64
64658 84
64659 68
64660 68
64661 75
64662 59
64663 80
64664 68
64665 0
64666 47
64667 81
64668 64
64669 83
64670 3
64671 7
64672 43
64673 40
64674 87
64675 68
64676 26
64677 29
64678 54
64679 25
64680 63
64681 59
64682 26
64683 74
64684 6
64685 20
64686 74
64687 82
64688 36
64689 29
64690 5
64691 59
64692 74
64693 42
64694 6
64695 82
64696 26
64697 68
64698 1
64699 1
64700 68
64701 2
64702 57
64703 0
64704 86
64705 4
64706 59
64707 47
64708 29
64709 82
64710 42
64711 36
64712 90
64713 60
64714 71
64715 85
64716 59
64717 72
64718 89
64719 28
64720 59
64721 82
64722 54
64723 55
64724 78
64725 68
64726 81
64727 28
64728 67
64729 62
64730 63
64731 68
64732 59
64733 59
64734 74
64735 52
64736 67
64737 7
64738 59
64739 59
64740 73
64741 68
64742 62
64743 22
64744 22
64745 36
64746 89
64747 90
64748 14
64749 59
64750 89
64751 57
64752 68
64753 82
64754 68
64755 91
64756 91
64757 62
64758 8
64759 92
64760 68
64761 78
64762 59
64763 57
64764 14
64765 25
64766 59
64767 47
64768 42
64769 59
64770 71
64771 33
64772 63
64773 47
64774 68
64775 6
64776 68
64777 29
64778 4
64779 25
64780 65
64781 29
64782 55
64783 59
64784 82
64785 79
64786 26
64787 68
64788 68
64789 70
64790 59
64791 82
64792 19
64793 57
64794 68
64795 59
64796 78
64797 82
64798 63
64799 18
64800 88
64801 17
64802 92
64803 30
64804 95
64805 51
64806 10
64807 39
64808 29
64809 59
64810 38
64811 0
64812 68
64813 92
64814 29
64815 88
64816 92
64817 1
64818 70
64819 67
64820 45
64821 6
64822 28
64823 17
64824 57
64825 57
64826 86
64827 63
64828 91
64829 70
64830 29
64831 9
64832 62
64833 76
64834 96
64835 46
64836 15
64837 69
64838 42
64839 90
64840 40
64841 82
64842 59
64843 5
64844 89
64845 80
64846 84
64847 77
64848 68
64849 62
64850 1
64851 55
64852 25
64853 61
64854 62
64855 30
64856 39
64857 62
64858 82
64859 23
64860 82
64861 88
64862 56
64863 56
64864 68
64865 90
64866 1
64867 49
64868 68
64869 62
64870 41
64871 54
64872 64
64873 68
64874 59
64875 4
64876 95
64877 94
64878 57
64879 0
64880 29
64881 36
64882 59
64883 82
64884 82
64885 57
64886 29
64887 3
64888 30
64889 70
64890 68
64891 35
64892 59
64893 64
64894 62
64895 17
64896 57
64897 62
64898 5
64899 25
64900 26
64901 98
64902 96
64903 21
64904 72
64905 21
64906 29
64907 42
64908 4
64909 47
64910 53
64911 13
64912 64
64913 35
64914 91
64915 26
64916 93
64917 65
64918 68
64919 85
64920 63
64921 44
64922 86
64923 64
64924 74
64925 4
64926 67
64927 3
64928 68
64929 69
64930 68
64931 82
64932 71
64933 8
64934 74
64935 59
64936 8
64937 29
64938 63
64939 50
64940 40
64941 13
64942 62
64943 62
64944 28
64945 80
64946 9
64947 41
64948 51
64949 95
64950 68
64951 54
64952 39
64953 34
64954 65
64955 65
64956 18
64957 89
64958 62
64959 68
64960 59
64961 10
64962 41
64963 90
64964 29
64965 64
64966 62
64967 64
64968 75
64969 86
64970 50
64971 76
64972 43
64973 56
64974 8
64975 36
64976 78
64977 62
64978 29
64979 82
64980 68
64981 9
64982 26
64983 88
64984 95
64985 68
64986 26
64987 3
64988 57
64989 64
64990 1
64991 64
64992 16
64993 8
64994 68
64995 78
64996 17
64997 4
64998 29
64999 75
65000 8
65001 62
65002 1
65003 3
65004 63
65005 29
65006 29
65007 30
65008 26
65009 62
65010 13
65011 30
65012 3
65013 6
65014 50
65015 63
65016 95
65017 3
65018 75
65019 62
65020 0
65021 62
65022 3
65023 30
65024 66
65025 63
65026 62
65027 88
65028 29
65029 74
65030 55
65031 70
65032 2
65033 59
65034 97
65035 40
65036 4
65037 86
65038 51
65039 26
65040 64
65041 91
65042 31
65043 28
65044 62
65045 8
65046 53
65047 28
65048 84
65049 95
65050 68
65051 13
65052 85
65053 3
65054 20
65055 68
65056 55
65057 74
65058 18
65059 89
65060 14
65061 42
65062 32
65063 59
65064 86
65065 82
65066 62
65067 91
65068 92
65069 68
65070 1
65071 89
65072 91
65073 92
65074 42
65075 68
65076 64
65077 29
65078 8
65079 86
65080 85
65081 65
65082 59
65083 68
65084 29
65085 79
65086 54
65087 68
65088 17
65089 8
65090 68
65091 90
65092 42
65093 64
65094 29
65095 38
65096 96
65097 59
65098 59
65099 1
65100 95
65101 4
65102 51
65103 95
65104 18
65105 57
65106 85
65107 34
65108 6
65109 1
65110 1
65111 26
65112 21
65113 20
65114 68
65115 59
65116 89
65117 3
65118 68
65119 60
65120 47
65121 5
65122 70
65123 62
65124 64
65125 22
65126 26
65127 65
65128 63
65129 28
65130 92
65131 39
65132 49
65133 98
65134 29
65135 72
65136 42
65137 85
65138 59
65139 20
65140 53
65141 68
65142 54
65143 79
65144 40
65145 8
65146 75
65147 63
65148 57
65149 91
65150 59
65151 1
65152 68
65153 64
65154 57
65155 59
65156 4
65157 50
65158 59
65159 22
65160 61
65161 96
65162 74
65163 89
65164 8
65165 41
65166 26
65167 36
65168 29
65169 16
65170 4
65171 29
65172 48
65173 52
65174 62
65175 82
65176 13
65177 57
65178 68
65179 0
65180 51
65181 91
65182 43
65183 89
65184 4
65185 55
65186 68
65187 63
65188 59
65189 1
65190 2
65191 68
65192 63
65193 41
65194 15
65195 76
65196 60
65197 58
65198 2
65199 59
65200 35
65201 47
65202 19
65203 91
65204 4
65205 5
65206 90
65207 68
65208 1
65209 74
65210 26
65211 68
65212 68
65213 62
65214 13
65215 16
65216 26
65217 82
65218 1
65219 6
65220 68
65221 59
65222 64
65223 72
65224 59
65225 59
65226 40
65227 42
65228 89
65229 59
65230 44
65231 91
65232 1
65233 68
65234 68
65235 59
65236 29
65237 31
65238 68
65239 68
65240 33
65241 20
65242 49
65243 76
65244 70
65245 72
65246 69
65247 30
65248 59
65249 62
65250 59
65251 59
65252 76
65253 74
65254 43
65255 55
65256 29
65257 62
65258 68
65259 99
65260 62
65261 26
65262 86
65263 4
65264 59
65265 1
65266 68
65267 69
65268 81
65269 5
65270 61
65271 19
65272 14
65273 33
65274 6
65275 89
65276 29
65277 59
65278 36
65279 4
65280 3
65281 8
65282 89
65283 26
65284 78
65285 74
65286 42
65287 59
65288 35
65289 42
65290 47
65291 92
65292 4
65293 59
65294 16
65295 2
65296 59
65297 29
65298 91
65299 59
65300 28
65301 15
65302 89
65303 3
65304 91
65305 59
65306 69
65307 95
65308 55
65309 36
65310 3
65311 2
65312 86
65313 78
65314 60
65315 59
65316 59
65317 65
65318 59
65319 62
65320 78
65321 68
65322 59
65323 64
65324 92
65325 2
65326 90
65327 59
65328 10
65329 62
65330 78
65331 59
65332 69
65333 62
65334 92
65335 20
65336 59
65337 15
65338 94
65339 2
65340 74
65341 83
65342 62
65343 95
65344 41
65345 96
65346 67
65347 68
65348 82
65349 63
65350 29
65351 86
65352 62
65353 29
65354 55
65355 80
65356 81
65357 5
65358 4
65359 50
65360 74
65361 90
65362 68
65363 59
65364 64
65365 3
65366 1
65367 44
65368 91
65369 76
65370 0
65371 1
65372 53
65373 68
65374 92
65375 70
65376 95
65377 59
65378 26
65379 68
65380 89
65381 62
65382 62
65383 29
65384 82
65385 76
65386 8
65387 54
65388 6
65389 91
65390 91
65391 28
65392 6
65393 68
65394 41
65395 1
65396 4
65397 59
65398 79
65399 13
65400 55
65401 89
65402 70
65403 82
65404 92
65405 35
65406 74
65407 62
65408 68
65409 45
65410 27
65411 93
65412 41
65413 41
65414 52
65415 4
65416 40
65417 1
65418 13
65419 26
65420 41
65421 36
65422 15
65423 5
65424 1
65425 86
65426 62
65427 91
65428 75
65429 70
65430 38
65431 90
65432 68
65433 15
65434 78
65435 18
65436 64
65437 96
65438 60
65439 68
65440 86
65441 56
65442 3
65443 42
65444 4
65445 82
65446 63
65447 29
65448 29
65449 15
65450 62
65451 78
65452 92
65453 1
65454 28
65455 4
65456 97
65457 17
65458 59
65459 68
65460 36
65461 26
65462 68
65463 62
65464 51
65465 15
65466 59
65467 84
65468 17
65469 55
65470 72
65471 74
65472 26
65473 3
65474 78
65475 1
65476 77
65477 4
65478 0
65479 82
65480 45
65481 47
65482 30
65483 29
65484 3
65485 29
65486 55
65487 14
65488 91
65489 29
65490 82
65491 13
65492 64
65493 41
65494 77
65495 22
65496 26
65497 68
65498 68
65499 4
65500 32
65501 25
65502 83
65503 62
65504 14
65505 38
65506 68
65507 63
65508 16
65509 68
65510 58
65511 15
65512 77
65513 28
65514 22
65515 62
65516 3
65517 68
65518 36
65519 29
65520 2
65521 0
65522 62
65523 26
65524 55
65525 91
65526 81
65527 39
65528 30
65529 32
65530 68
65531 1
65532 42
65533 59
65534 64
65535 62
65536 86
65537 1
65538 75
65539 78
65540 77
65541 9
65542 29
65543 56
65544 69
65545 29
65546 63
65547 42
65548 87
65549 81
65550 68
65551 8
65552 13
65553 62
65554 57
65555 91
65556 77
65557 86
65558 59
65559 13
65560 0
65561 30
65562 88
65563 83
65564 1
65565 59
65566 68
65567 45
65568 7
65569 59
65570 81
65571 30
65572 15
65573 79
65574 69
65575 36
65576 30
65577 53
65578 90
65579 63
65580 88
65581 82
65582 42
65583 1
65584 59
65585 1
65586 38
65587 26
65588 1
65589 8
65590 0
65591 92
65592 9
65593 26
65594 59
65595 26
65596 86
65597 41
65598 68
65599 92
65600 46
65601 68
65602 90
65603 60
65604 59
65605 68
65606 82
65607 8
65608 39
65609 1
65610 91
65611 53
65612 85
65613 68
65614 94
65615 91
65616 89
65617 9
65618 60
65619 70
65620 24
65621 79
65622 2
65623 82
65624 86
65625 81
65626 63
65627 59
65628 77
65629 85
65630 56
65631 70
65632 4
65633 90
65634 29
65635 29
65636 9
65637 61
65638 42
65639 62
65640 86
65641 62
65642 46
65643 52
65644 68
65645 59
65646 13
65647 1
65648 68
65649 82
65650 69
65651 86
65652 81
65653 59
65654 94
65655 68
65656 4
65657 42
65658 6
65659 59
65660 18
65661 86
65662 63
65663 91
65664 91
65665 72
65666 89
65667 52
65668 0
65669 96
65670 89
65671 81
65672 63
65673 88
65674 88
65675 25
65676 59
65677 92
65678 68
65679 59
65680 59
65681 59
65682 44
65683 62
65684 59
65685 35
65686 68
65687 91
65688 26
65689 17
65690 59
65691 26
65692 28
65693 8
65694 41
65695 28
65696 8
65697 36
65698 89
65699 92
65700 47
65701 92
65702 17
65703 36
65704 68
65705 6
65706 78
65707 82
65708 57
65709 78
65710 40
65711 30
65712 46
65713 60
65714 28
65715 52
65716 69
65717 70
65718 39
65719 57
65720 50
65721 62
65722 68
65723 42
65724 6
65725 36
65726 1
65727 68
65728 3
65729 91
65730 46
65731 29
65732 99
65733 89
65734 42
65735 82
65736 30
65737 5
65738 54
65739 75
65740 1
65741 22
65742 42
65743 4
65744 52
65745 50
65746 89
65747 61
65748 97
65749 63
65750 89
65751 39
65752 23
65753 20
65754 93
65755 91
65756 75
65757 62
65758 25
65759 62
65760 68
65761 91
65762 92
65763 75
65764 47
65765 30
65766 76
65767 59
65768 26
65769 15
65770 89
65771 76
65772 26
65773 36
65774 61
65775 61
65776 86
65777 46
65778 79
65779 4
65780 89
65781 5
65782 36
65783 8
65784 47
65785 1
65786 67
65787 18
65788 35
65789 53
65790 44
65791 82
65792 77
65793 62
65794 59
65795 83
65796 57
65797 45
65798 62
65799 78
65800 63
65801 8
65802 98
65803 91
65804 62
65805 9
65806 57
65807 64
65808 91
65809 65
65810 91
65811 26
65812 89
65813 28
65814 8
65815 56
65816 72
65817 62
65818 31
65819 62
65820 80
65821 47
65822 59
65823 78
65824 59
65825 68
65826 29
65827 26
65828 62
65829 82
65830 84
65831 6
65832 55
65833 29
65834 92
65835 88
65836 93
65837 39
65838 1
65839 59
65840 60
65841 25
65842 8
65843 63
65844 67
65845 68
65846 68
65847 78
65848 59
65849 22
65850 75
65851 8
65852 63
65853 73
65854 45
65855 67
65856 45
65857 89
65858 68
65859 97
65860 92
65861 3
65862 68
65863 67
65864 1
65865 61
65866 67
65867 30
65868 59
65869 26
65870 6
65871 62
65872 67
65873 73
65874 3
65875 43
65876 14
65877 75
65878 4
65879 4
65880 1
65881 74
65882 61
65883 0
65884 3
65885 3
65886 64
65887 62
65888 91
65889 26
65890 16
65891 91
65892 67
65893 55
65894 25
65895 77
65896 44
65897 29
65898 4
65899 89
65900 62
65901 1
65902 99
65903 56
65904 13
65905 81
65906 62
65907 91
65908 67
65909 82
65910 29
65911 57
65912 55
65913 68
65914 57
65915 89
65916 39
65917 68
65918 5
65919 76
65920 41
65921 40
65922 73
65923 8
65924 74
65925 76
65926 24
65927 30
65928 59
65929 89
65930 50
65931 78
65932 44
65933 98
65934 30
65935 57
65936 10
65937 92
65938 84
65939 56
65940 62
65941 86
65942 64
65943 1
65944 82
65945 4
65946 26
65947 21
65948 5
65949 16
65950 20
65951 18
65952 42
65953 67
65954 74
65955 92
65956 86
65957 70
65958 55
65959 38
65960 9
65961 7
65962 11
65963 57
65964 82
65965 70
65966 64
65967 56
65968 62
65969 5
65970 81
65971 9
65972 0
65973 14
65974 25
65975 36
65976 94
65977 91
65978 72
65979 27
65980 88
65981 26
65982 67
65983 13
65984 9
65985 72
65986 82
65987 91
65988 58
65989 35
65990 26
65991 12
65992 86
65993 68
65994 82
65995 66
65996 46
65997 70
65998 70
65999 73
66000 69
66001 7
66002 45
66003 57
66004 55
66005 70
66006 69
66007 16
66008 88
66009 77
66010 18
66011 56
66012 19
66013 30
66014 42
66015 60
66016 58
66017 79
66018 35
66019 10
66020 2
66021 73
66022 12
66023 72
66024 79
66025 80
66026 14
66027 77
66028 95
66029 70
66030 62
66031 41
66032 67
66033 27
66034 15
66035 17
66036 55
66037 78
66038 57
66039 57
66040 18
66041 54
66042 73
66043 61
66044 70
66045 50
66046 52
66047 96
66048 84
66049 56
66050 70
66051 57
66052 72
66053 6
66054 39
66055 54
66056 20
66057 87
66058 62
66059 51
66060 13
66061 13
66062 42
66063 13
66064 16
66065 84
66066 56
66067 60
66068 98
66069 3
66070 89
66071 40
66072 57
66073 44
66074 4
66075 77
66076 9
66077 92
66078 12
66079 70
66080 54
66081 8
66082 9
66083 70
66084 56
66085 82
66086 60
66087 61
66088 53
66089 9
66090 72
66091 30
66092 61
66093 12
66094 28
66095 84
66096 8
66097 82
66098 88
66099 55
66100 8
66101 64
66102 44
66103 59
66104 41
66105 92
66106 81
66107 58
66108 73
66109 57
66110 44
66111 19
66112 33
66113 85
66114 12
66115 73
66116 70
66117 41
66118 1
66119 4
66120 92
66121 82
66122 3
66123 95
66124 69
66125 62
66126 61
66127 82
66128 84
66129 82
66130 46
66131 54
66132 20
66133 90
66134 12
66135 94
66136 57
66137 9
66138 0
66139 88
66140 41
66141 22
66142 56
66143 16
66144 72
66145 55
66146 6
66147 57
66148 69
66149 63
66150 82
66151 82
66152 40
66153 82
66154 3
66155 80
66156 28
66157 73
66158 53
66159 42
66160 56
66161 0
66162 72
66163 82
66164 95
66165 41
66166 12
66167 92
66168 88
66169 57
66170 40
66171 15
66172 64
66173 80
66174 48
66175 93
66176 48
66177 97
66178 40
66179 56
66180 50
66181 19
66182 70
66183 91
66184 65
66185 3
66186 73
66187 53
66188 52
66189 61
66190 28
66191 56
66192 0
66193 14
66194 83
66195 88
66196 17
66197 0
66198 52
66199 12
66200 56
66201 8
66202 56
66203 56
66204 41
66205 55
66206 57
66207 91
66208 56
66209 66
66210 97
66211 82
66212 57
66213 54
66214 13
66215 55
66216 72
66217 44
66218 20
66219 67
66220 63
66221 56
66222 40
66223 13
66224 72
66225 12
66226 54
66227 40
66228 93
66229 7
66230 9
66231 48
66232 82
66233 13
66234 73
66235 6
66236 56
66237 9
66238 12
66239 57
66240 12
66241 10
66242 70
66243 17
66244 93
66245 57
66246 96
66247 72
66248 82
66249 35
66250 82
66251 56
66252 56
66253 68
66254 54
66255 55
66256 57
66257 48
66258 55
66259 57
66260 32
66261 56
66262 45
66263 15
66264 42
66265 94
66266 64
66267 8
66268 61
66269 85
66270 56
66271 12
66272 55
66273 20
66274 28
66275 16
66276 12
66277 55
66278 82
66279 94
66280 90
66281 66
66282 56
66283 73
66284 25
66285 98
66286 58
66287 40
66288 56
66289 13
66290 82
66291 58
66292 74
66293 6
66294 45
66295 7
66296 72
66297 41
66298 6
66299 87
66300 11
66301 15
66302 88
66303 8
66304 72
66305 16
66306 15
66307 96
66308 12
66309 65
66310 39
66311 61
66312 56
66313 12
66314 32
66315 60
66316 73
66317 72
66318 82
66319 7
66320 3
66321 15
66322 53
66323 52
66324 23
66325 70
66326 84
66327 64
66328 39
66329 9
66330 75
66331 62
66332 91
66333 95
66334 82
66335 73
66336 20
66337 85
66338 80
66339 13
66340 79
66341 9
66342 95
66343 87
66344 83
66345 42
66346 6
66347 11
66348 7
66349 53
66350 59
66351 78
66352 71
66353 57
66354 8
66355 40
66356 42
66357 12
66358 14
66359 72
66360 5
66361 55
66362 42
66363 63
66364 69
66365 7
66366 42
66367 12
66368 18
66369 41
66370 81
66371 51
66372 80
66373 92
66374 56
66375 67
66376 8
66377 70
66378 72
66379 61
66380 85
66381 81
66382 19
66383 57
66384 82
66385 57
66386 69
66387 84
66388 48
66389 53
66390 5
66391 72
66392 81
66393 98
66394 83
66395 70
66396 32
66397 72
66398 78
66399 2
66400 72
66401 83
66402 50
66403 69
66404 21
66405 14
66406 44
66407 56
66408 56
66409 60
66410 18
66411 9
66412 76
66413 41
66414 1
66415 10
66416 1
66417 46
66418 56
66419 28
66420 79
66421 57
66422 47
66423 65
66424 55
66425 78
66426 6
66427 78
66428 3
66429 36
66430 12
66431 40
66432 25
66433 61
66434 85
66435 70
66436 80
66437 83
66438 76
66439 73
66440 76
66441 8
66442 82
66443 13
66444 82
66445 1
66446 12
66447 35
66448 74
66449 76
66450 88
66451 41
66452 25
66453 92
66454 42
66455 9
66456 70
66457 8
66458 72
66459 57
66460 99
66461 28
66462 75
66463 74
66464 12
66465 72
66466 72
66467 19
66468 54
66469 63
66470 0
66471 82
66472 49
66473 92
66474 82
66475 66
66476 12
66477 80
66478 12
66479 69
66480 57
66481 18
66482 9
66483 14
66484 40
66485 83
66486 97
66487 39
66488 8
66489 18
66490 12
66491 45
66492 44
66493 64
66494 26
66495 19
66496 93
66497 12
66498 10
66499 19
66500 8
66501 57
66502 72
66503 49
66504 81
66505 57
66506 12
66507 23
66508 12
66509 39
66510 27
66511 26
66512 73
66513 36
66514 21
66515 78
66516 90
66517 51
66518 82
66519 28
66520 19
66521 58
66522 53
66523 56
66524 9
66525 7
66526 74
66527 56
66528 74
66529 17
66530 59
66531 18
66532 25
66533 6
66534 54
66535 70
66536 56
66537 21
66538 72
66539 82
66540 30
66541 79
66542 82
66543 91
66544 60
66545 13
66546 59
66547 59
66548 20
66549 61
66550 54
66551 1
66552 72
66553 89
66554 62
66555 72
66556 0
66557 91
66558 65
66559 94
66560 56
66561 62
66562 72
66563 56
66564 76
66565 44
66566 6
66567 55
66568 37
66569 56
66570 56
66571 13
66572 92
66573 91
66574 94
66575 72
66576 85
66577 56
66578 51
66579 12
66580 14
66581 7
66582 59
66583 8
66584 72
66585 35
66586 19
66587 58
66588 61
66589 66
66590 87
66591 23
66592 25
66593 4
66594 67
66595 81
66596 20
66597 72
66598 94
66599 45
66600 85
66601 12
66602 56
66603 67
66604 96
66605 8
66606 0
66607 44
66608 56
66609 82
66610 22
66611 83
66612 79
66613 8
66614 9
66615 17
66616 1
66617 35
66618 80
66619 8
66620 94
66621 55
66622 13
66623 10
66624 64
66625 57
66626 20
66627 9
66628 90
66629 42
66630 72
66631 12
66632 30
66633 8
66634 91
66635 33
66636 62
66637 55
66638 10
66639 50
66640 47
66641 64
66642 50
66643 86
66644 73
66645 40
66646 29
66647 12
66648 0
66649 82
66650 31
66651 12
66652 5
66653 1
66654 8
66655 56
66656 10
66657 20
66658 9
66659 12
66660 94
66661 54
66662 3
66663 73
66664 82
66665 73
66666 56
66667 54
66668 55
66669 25
66670 5
66671 15
66672 55
66673 12
66674 72
66675 63
66676 41
66677 78
66678 70
66679 25
66680 79
66681 42
66682 72
66683 12
66684 2
66685 85
66686 9
66687 54
66688 75
66689 6
66690 56
66691 13
66692 88
66693 61
66694 3
66695 89
66696 82
66697 72
66698 2
66699 83
66700 54
66701 42
66702 7
66703 42
66704 56
66705 82
66706 91
66707 7
66708 74
66709 11
66710 56
66711 60
66712 16
66713 64
66714 72
66715 0
66716 82
66717 80
66718 42
66719 89
66720 62
66721 70
66722 60
66723 72
66724 42
66725 56
66726 42
66727 60
66728 7
66729 92
66730 73
66731 82
66732 82
66733 88
66734 64
66735 51
66736 54
66737 7
66738 44
66739 60
66740 12
66741 56
66742 74
66743 7
66744 78
66745 56
66746 11
66747 73
66748 93
66749 61
66750 83
66751 57
66752 22
66753 42
66754 7
66755 19
66756 19
66757 10
66758 61
66759 11
66760 7
66761 19
66762 69
66763 15
66764 12
66765 72
66766 71
66767 55
66768 78
66769 82
66770 15
66771 70
66772 28
66773 56
66774 21
66775 21
66776 5
66777 55
66778 22
66779 42
66780 11
66781 9
66782 82
66783 57
66784 7
66785 35
66786 28
66787 91
66788 12
66789 85
66790 94
66791 2
66792 0
66793 78
66794 35
66795 89
66796 3
66797 88
66798 56
66799 55
66800 19
66801 56
66802 54
66803 62
66804 9
66805 56
66806 90
66807 68
66808 93
66809 91
66810 25
66811 8
66812 58
66813 17
66814 16
66815 72
66816 90
66817 75
66818 56
66819 12
66820 56
66821 83
66822 71
66823 58
66824 56
66825 96
66826 46
66827 7
66828 11
66829 57
66830 3
66831 1
66832 54
66833 99
66834 78
66835 53
66836 7
66837 84
66838 82
66839 86
66840 92
66841 86
66842 8
66843 44
66844 73
66845 58
66846 82
66847 83
66848 95
66849 17
66850 61
66851 11
66852 87
66853 43
66854 56
66855 82
66856 88
66857 41
66858 82
66859 55
66860 60
66861 70
66862 30
66863 57
66864 42
66865 64
66866 82
66867 67
66868 97
66869 21
66870 92
66871 82
66872 56
66873 16
66874 56
66875 12
66876 28
66877 12
66878 70
66879 56
66880 59
66881 41
66882 54
66883 8
66884 52
66885 57
66886 51
66887 10
66888 0
66889 41
66890 28
66891 14
66892 38
66893 8
66894 46
66895 10
66896 82
66897 69
66898 33
66899 9
66900 22
66901 13
66902 56
66903 96
66904 84
66905 18
66906 81
66907 29
66908 82
66909 8
66910 40
66911 81
66912 52
66913 57
66914 5
66915 86
66916 3
66917 60
66918 2
66919 72
66920 57
66921 55
66922 28
66923 93
66924 28
66925 21
66926 8
66927 60
66928 82
66929 62
66930 88
66931 54
66932 8
66933 38
66934 13
66935 7
66936 26
66937 52
66938 26
66939 90
66940 72
66941 82
66942 42
66943 91
66944 21
66945 47
66946 8
66947 82
66948 7
66949 41
66950 72
66951 4
66952 33
66953 12
66954 57
66955 65
66956 56
66957 39
66958 72
66959 97
66960 5
66961 61
66962 85
66963 23
66964 42
66965 61
66966 55
66967 82
66968 72
66969 60
66970 29
66971 60
66972 8
66973 82
66974 70
66975 96
66976 66
66977 87
66978 60
66979 12
66980 69
66981 10
66982 63
66983 9
66984 85
66985 88
66986 28
66987 91
66988 47
66989 72
66990 82
66991 82
66992 59
66993 50
66994 67
66995 78
66996 12
66997 61
66998 6
66999 4
67000 5
67001 19
67002 0
67003 20
67004 35
67005 56
67006 7
67007 84
67008 73
67009 39
67010 48
67011 88
67012 12
67013 60
67014 63
67015 65
67016 60
67017 73
67018 3
67019 52
67020 82
67021 88
67022 91
67023 12
67024 2
67025 80
67026 42
67027 44
67028 13
67029 13
67030 21
67031 61
67032 28
67033 48
67034 56
67035 35
67036 64
67037 89
67038 87
67039 0
67040 36
67041 97
67042 2
67043 9
67044 55
67045 96
67046 72
67047 56
67048 76
67049 9
67050 56
67051 12
67052 50
67053 0
67054 41
67055 55
67056 56
67057 85
67058 39
67059 24
67060 35
67061 55
67062 0
67063 33
67064 52
67065 64
67066 82
67067 96
67068 61
67069 56
67070 24
67071 71
67072 50
67073 83
67074 91
67075 55
67076 0
67077 72
67078 28
67079 53
67080 88
67081 70
67082 38
67083 62
67084 25
67085 91
67086 6
67087 82
67088 65
67089 60
67090 17
67091 9
67092 84
67093 63
67094 39
67095 36
67096 61
67097 62
67098 95
67099 48
67100 8
67101 69
67102 12
67103 12
67104 57
67105 45
67106 56
67107 86
67108 35
67109 28
67110 47
67111 87
67112 60
67113 95
67114 79
67115 70
67116 89
67117 23
67118 52
67119 13
67120 68
67121 12
67122 66
67123 56
67124 54
67125 70
67126 64
67127 13
67128 41
67129 57
67130 40
67131 55
67132 18
67133 69
67134 65
67135 82
67136 47
67137 15
67138 82
67139 98
67140 70
67141 81
67142 57
67143 70
67144 1
67145 90
67146 6
67147 25
67148 13
67149 25
67150 12
67151 25
67152 2
67153 91
67154 55
67155 69
67156 2
67157 20
67158 52
67159 41
67160 91
67161 72
67162 79
67163 91
67164 29
67165 8
67166 33
67167 82
67168 57
67169 82
67170 56
67171 1
67172 38
67173 9
67174 10
67175 2
67176 72
67177 82
67178 43
67179 72
67180 72
67181 40
67182 8
67183 10
67184 64
67185 42
67186 80
67187 55
67188 10
67189 61
67190 76
67191 91
67192 87
67193 56
67194 92
67195 19
67196 20
67197 7
67198 44
67199 12
67200 22
67201 63
67202 0
67203 28
67204 77
67205 93
67206 8
67207 78
67208 70
67209 94
67210 56
67211 82
67212 83
67213 12
67214 51
67215 7
67216 75
67217 57
67218 11
67219 47
67220 72
67221 66
67222 56
67223 77
67224 64
67225 7
67226 56
67227 74
67228 39
67229 11
67230 8
67231 88
67232 89
67233 61
67234 56
67235 97
67236 91
67237 56
67238 1
67239 78
67240 7
67241 83
67242 82
67243 69
67244 82
67245 80
67246 94
67247 39
67248 65
67249 37
67250 20
67251 17
67252 35
67253 52
67254 1
67255 40
67256 82
67257 10
67258 18
67259 77
67260 53
67261 56
67262 16
67263 90
67264 32
67265 0
67266 52
67267 12
67268 35
67269 14
67270 88
67271 93
67272 50
67273 0
67274 22
67275 72
67276 87
67277 68
67278 51
67279 39
67280 69
67281 26
67282 33
67283 56
67284 55
67285 18
67286 8
67287 65
67288 20
67289 77
67290 50
67291 69
67292 78
67293 41
67294 61
67295 56
67296 32
67297 54
67298 91
67299 87
67300 91
67301 83
67302 56
67303 84
67304 56
67305 41
67306 74
67307 90
67308 91
67309 56
67310 8
67311 86
67312 1
67313 7
67314 88
67315 56
67316 9
67317 70
67318 82
67319 52
67320 19
67321 45
67322 63
67323 24
67324 56
67325 72
67326 11
67327 34
67328 65
67329 13
67330 77
67331 8
67332 81
67333 8
67334 41
67335 83
67336 16
67337 12
67338 61
67339 45
67340 86
67341 8
67342 11
67343 12
67344 62
67345 58
67346 14
67347 23
67348 40
67349 85
67350 72
67351 0
67352 65
67353 9
67354 18
67355 15
67356 64
67357 72
67358 98
67359 82
67360 65
67361 94
67362 95
67363 12
67364 62
67365 83
67366 85
67367 72
67368 12
67369 82
67370 58
67371 16
67372 63
67373 95
67374 83
67375 7
67376 4
67377 18
67378 60
67379 72
67380 36
67381 56
67382 94
67383 82
67384 85
67385 83
67386 49
67387 56
67388 10
67389 19
67390 58
67391 36
67392 47
67393 82
67394 56
67395 56
67396 74
67397 41
67398 57
67399 82
67400 22
67401 55
67402 41
67403 61
67404 12
67405 81
67406 81
67407 65
67408 83
67409 19
67410 79
67411 12
67412 91
67413 68
67414 8
67415 23
67416 85
67417 95
67418 52
67419 74
67420 34
67421 91
67422 89
67423 18
67424 55
67425 56
67426 91
67427 51
67428 68
67429 63
67430 52
67431 56
67432 70
67433 15
67434 23
67435 70
67436 82
67437 55
67438 95
67439 70
67440 65
67441 89
67442 65
67443 21
67444 28
67445 92
67446 33
67447 94
67448 94
67449 61
67450 81
67451 74
67452 84
67453 74
67454 35
67455 69
67456 29
67457 25
67458 80
67459 90
67460 70
67461 88
67462 60
67463 4
67464 91
67465 82
67466 12
67467 45
67468 82
67469 20
67470 23
67471 12
67472 79
67473 72
67474 55
67475 15
67476 41
67477 70
67478 85
67479 60
67480 90
67481 56
67482 84
67483 45
67484 12
67485 12
67486 35
67487 33
67488 80
67489 81
67490 65
67491 54
67492 7
67493 18
67494 78
67495 70
67496 5
67497 72
67498 64
67499 98
67500 82
67501 60
67502 1
67503 57
67504 56
67505 35
67506 24
67507 69
67508 56
67509 90
67510 52
67511 15
67512 57
67513 10
67514 78
67515 82
67516 57
67517 44
67518 67
67519 85
67520 7
67521 12
67522 33
67523 37
67524 11
67525 57
67526 73
67527 7
67528 67
67529 8
67530 66
67531 89
67532 9
67533 43
67534 78
67535 85
67536 70
67537 92
67538 12
67539 72
67540 22
67541 56
67542 56
67543 57
67544 89
67545 74
67546 56
67547 1
67548 68
67549 52
67550 18
67551 61
67552 44
67553 12
67554 69
67555 22
67556 18
67557 85
67558 72
67559 82
67560 66
67561 12
67562 62
67563 67
67564 56
67565 15
67566 37
67567 88
67568 72
67569 76
67570 61
67571 82
67572 60
67573 57
67574 38
67575 11
67576 56
67577 16
67578 56
67579 46
67580 8
67581 57
67582 41
67583 82
67584 69
67585 66
67586 64
67587 56
67588 69
67589 58
67590 19
67591 57
67592 82
67593 56
67594 9
67595 23
67596 66
67597 80
67598 13
67599 10
67600 24
67601 82
67602 49
67603 13
67604 8
67605 61
67606 41
67607 63
67608 29
67609 40
67610 28
67611 12
67612 34
67613 12
67614 90
67615 15
67616 30
67617 16
67618 90
67619 96
67620 56
67621 4
67622 72
67623 54
67624 57
67625 70
67626 56
67627 18
67628 69
67629 76
67630 47
67631 82
67632 78
67633 78
67634 68
67635 5
67636 43
67637 56
67638 30
67639 89
67640 72
67641 18
67642 19
67643 73
67644 57
67645 92
67646 1
67647 44
67648 72
67649 8
67650 92
67651 82
67652 11
67653 7
67654 83
67655 72
67656 63
67657 58
67658 73
67659 8
67660 12
67661 17
67662 47
67663 8
67664 97
67665 63
67666 8
67667 52
67668 73
67669 16
67670 28
67671 38
67672 82
67673 41
67674 40
67675 40
67676 28
67677 71
67678 65
67679 4
67680 56
67681 10
67682 10
67683 43
67684 50
67685 64
67686 63
67687 25
67688 8
67689 92
67690 63
67691 55
67692 83
67693 55
67694 77
67695 44
67696 79
67697 25
67698 42
67699 22
67700 21
67701 35
67702 55
67703 50
67704 50
67705 41
67706 73
67707 35
67708 55
67709 46
67710 29
67711 14
67712 40
67713 8
67714 56
67715 58
67716 0
67717 8
67718 13
67719 70
67720 89
67721 62
67722 80
67723 57
67724 63
67725 11
67726 73
67727 8
67728 3
67729 65
67730 12
67731 72
67732 30
67733 53
67734 1
67735 3
67736 13
67737 59
67738 63
67739 82
67740 65
67741 91
67742 40
67743 87
67744 7
67745 69
67746 44
67747 53
67748 15
67749 10
67750 13
67751 40
67752 19
67753 7
67754 23
67755 7
67756 91
67757 29
67758 17
67759 72
67760 48
67761 2
67762 78
67763 56
67764 1
67765 20
67766 72
67767 62
67768 11
67769 40
67770 28
67771 8
67772 8
67773 72
67774 56
67775 72
67776 62
67777 42
67778 25
67779 65
67780 38
67781 84
67782 20
67783 82
67784 65
67785 82
67786 72
67787 86
67788 34
67789 66
67790 98
67791 8
67792 82
67793 56
67794 86
67795 46
67796 11
67797 21
67798 59
67799 2
67800 91
67801 47
67802 9
67803 82
67804 52
67805 91
67806 26
67807 15
67808 34
67809 69
67810 22
67811 80
67812 42
67813 5
67814 84
67815 34
67816 29
67817 3
67818 60
67819 95
67820 56
67821 70
67822 9
67823 82
67824 21
67825 4
67826 96
67827 65
67828 11
67829 57
67830 78
67831 20
67832 92
67833 41
67834 40
67835 8
67836 78
67837 52
67838 64
67839 44
67840 82
67841 77
67842 37
67843 72
67844 56
67845 26
67846 45
67847 73
67848 0
67849 21
67850 11
67851 28
67852 54
67853 82
67854 8
67855 9
67856 55
67857 8
67858 1
67859 41
67860 46
67861 56
67862 82
67863 68
67864 93
67865 46
67866 10
67867 83
67868 12
67869 42
67870 65
67871 12
67872 15
67873 42
67874 25
67875 60
67876 82
67877 27
67878 49
67879 82
67880 79
67881 56
67882 71
67883 81
67884 56
67885 41
67886 24
67887 12
67888 67
67889 56
67890 10
67891 32
67892 57
67893 7
67894 63
67895 92
67896 28
67897 5
67898 82
67899 82
67900 21
67901 19
67902 15
67903 14
67904 2
67905 45
67906 91
67907 65
67908 58
67909 96
67910 12
67911 56
67912 2
67913 55
67914 60
67915 67
67916 56
67917 56
67918 3
67919 86
67920 12
67921 56
67922 99
67923 13
67924 1
67925 82
67926 57
67927 64
67928 4
67929 10
67930 42
67931 67
67932 7
67933 22
67934 86
67935 63
67936 13
67937 50
67938 68
67939 90
67940 53
67941 34
67942 64
67943 56
67944 46
67945 78
67946 3
67947 57
67948 82
67949 56
67950 86
67951 8
67952 54
67953 60
67954 82
67955 57
67956 82
67957 73
67958 72
67959 12
67960 82
67961 32
67962 90
67963 82
67964 56
67965 90
67966 1
67967 68
67968 13
67969 28
67970 82
67971 42
67972 80
67973 12
67974 9
67975 89
67976 53
67977 70
67978 67
67979 56
67980 24
67981 72
67982 4
67983 91
67984 56
67985 13
67986 72
67987 12
67988 92
67989 63
67990 62
67991 89
67992 12
67993 20
67994 81
67995 6
67996 69
67997 89
67998 56
67999 71
68000 68
68001 60
68002 13
68003 84
68004 12
68005 14
68006 4
68007 18
68008 57
68009 73
68010 91
68011 64
68012 62
68013 64
68014 52
68015 63
68016 47
68017 11
68018 3
68019 62
68020 65
68021 33
68022 65
68023 63
68024 7
68025 64
68026 56
68027 91
68028 10
68029 33
68030 1
68031 13
68032 82
68033 82
68034 89
68035 5
68036 47
68037 69
68038 1
68039 18
68040 52
68041 56
68042 71
68043 51
68044 40
68045 12
68046 63
68047 7
68048 65
68049 96
68050 52
68051 26
68052 47
68053 12
68054 18
68055 49
68056 3
68057 72
68058 3
68059 7
68060 20
68061 57
68062 69
68063 93
68064 27
68065 13
68066 91
68067 89
68068 8
68069 51
68070 56
68071 29
68072 60
68073 38
68074 12
68075 67
68076 1
68077 12
68078 88
68079 12
68080 24
68081 57
68082 12
68083 64
68084 82
68085 64
68086 26
68087 11
68088 47
68089 72
68090 41
68091 11
68092 47
68093 42
68094 55
68095 3
68096 56
68097 91
68098 91
68099 82
68100 15
68101 65
68102 53
68103 60
68104 22
68105 94
68106 47
68107 82
68108 69
68109 23
68110 56
68111 57
68112 12
68113 78
68114 88
68115 72
68116 67
68117 77
68118 60
68119 67
68120 73
68121 56
68122 56
68123 55
68124 83
68125 37
68126 63
68127 90
68128 98
68129 65
68130 86
68131 65
68132 95
68133 12
68134 8
68135 5
68136 76
68137 35
68138 48
68139 25
68140 65
68141 81
68142 57
68143 83
68144 10
68145 85
68146 17
68147 23
68148 66
68149 33
68150 22
68151 83
68152 12
68153 61
68154 89
68155 10
68156 52
68157 25
68158 44
68159 9
68160 8
68161 52
68162 35
68163 42
68164 94
68165 86
68166 16
68167 12
68168 0
68169 54
68170 12
68171 3
68172 12
68173 49
68174 18
68175 19
68176 72
68177 7
68178 50
68179 59
68180 86
68181 59
68182 62
68183 56
68184 59
68185 12
68186 20
68187 12
68188 71
68189 24
68190 55
68191 56
68192 94
68193 8
68194 4
68195 8
68196 46
68197 65
68198 12
68199 20
68200 45
68201 71
68202 89
68203 18
68204 56
68205 87
68206 59
68207 52
68208 89
68209 32
68210 13
68211 47
68212 37
68213 92
68214 95
68215 76
68216 17
68217 82
68218 55
68219 87
68220 35
68221 70
68222 56
68223 57
68224 5
68225 57
68226 71
68227 56
68228 7
68229 53
68230 28
68231 33
68232 43
68233 72
68234 51
68235 19
68236 87
68237 12
68238 61
68239 8
68240 12
68241 22
68242 72
68243 12
68244 96
68245 65
68246 70
68247 12
68248 9
68249 22
68250 11
68251 56
68252 71
68253 13
68254 82
68255 78
68256 2
68257 99
68258 82
68259 70
68260 16
68261 70
68262 57
68263 77
68264 35
68265 57
68266 52
68267 88
68268 12
68269 89
68270 14
68271 28
68272 72
68273 52
68274 78
68275 9
68276 11
68277 85
68278 25
68279 58
68280 27
68281 23
68282 7
68283 72
68284 29
68285 95
68286 62
68287 98
68288 58
68289 60
68290 89
68291 1
68292 38
68293 71
68294 87
68295 72
68296 66
68297 45
68298 40
68299 15
68300 41
68301 54
68302 73
68303 21
68304 26
68305 7
68306 30
68307 73
68308 53
68309 63
68310 90
68311 72
68312 62
68313 22
68314 50
68315 3
68316 55
68317 38
68318 1
68319 84
68320 57
68321 70
68322 6
68323 62
68324 35
68325 48
68326 6
68327 30
68328 60
68329 78
68330 30
68331 14
68332 64
68333 56
68334 70
68335 71
68336 50
68337 62
68338 58
68339 64
68340 25
68341 25
68342 47
68343 3
68344 78
68345 79
68346 56
68347 97
68348 56
68349 56
68350 18
68351 9
68352 26
68353 90
68354 17
68355 81
68356 57
68357 59
68358 88
68359 42
68360 96
68361 16
68362 2
68363 21
68364 47
68365 36
68366 50
68367 9
68368 21
68369 86
68370 28
68371 56
68372 86
68373 53
68374 91
68375 56
68376 69
68377 94
68378 63
68379 56
68380 53
68381 41
68382 44
68383 72
68384 43
68385 70
68386 0
68387 56
68388 56
68389 58
68390 44
68391 84
68392 26
68393 12
68394 41
68395 64
68396 78
68397 15
68398 12
68399 56
68400 98
68401 74
68402 55
68403 22
68404 52
68405 11
68406 60
68407 26
68408 88
68409 59
68410 67
68411 63
68412 13
68413 41
68414 66
68415 52
68416 67
68417 30
68418 76
68419 14
68420 81
68421 40
68422 64
68423 60
68424 53
68425 44
68426 87
68427 27
68428 54
68429 46
68430 50
68431 63
68432 86
68433 26
68434 32
68435 57
68436 40
68437 79
68438 0
68439 63
68440 77
68441 81
68442 57
68443 32
68444 56
68445 95
68446 95
68447 60
68448 86
68449 2
68450 18
68451 3
68452 61
68453 17
68454 27
68455 24
68456 21
68457 0
68458 23
68459 70
68460 96
68461 67
68462 39
68463 70
68464 0
68465 88
68466 7
68467 88
68468 58
68469 69
68470 14
68471 88
68472 83
68473 56
68474 63
68475 9
68476 83
68477 61
68478 1
68479 58
68480 13
68481 58
68482 79
68483 77
68484 32
68485 12
68486 55
68487 78
68488 4
68489 62
68490 54
68491 97
68492 31
68493 58
68494 40
68495 35
68496 84
68497 90
68498 52
68499 26
68500 49
68501 56
68502 26
68503 89
68504 7
68505 58
68506 9
68507 78
68508 9
68509 97
68510 97
68511 83
68512 69
68513 14
68514 93
68515 28
68516 57
68517 13
68518 68
68519 53
68520 79
68521 74
68522 99
68523 57
68524 58
68525 78
68526 60
68527 52
68528 16
68529 63
68530 95
68531 88
68532 60
68533 84
68534 15
68535 80
68536 0
68537 93
68538 0
68539 7
68540 13
68541 10
68542 30
68543 82
68544 81
68545 91
68546 50
68547 88
68548 85
68549 56
68550 93
68551 74
68552 73
68553 73
68554 81
68555 78
68556 40
68557 58
68558 4
68559 97
68560 24
68561 58
68562 95
68563 56
68564 83
68565 77
68566 57
68567 73
68568 55
68569 57
68570 63
68571 60
68572 63
68573 98
68574 86
68575 95
68576 62
68577 76
68578 9
68579 69
68580 0
68581 7
68582 57
68583 56
68584 33
68585 70
68586 54
68587 62
68588 57
68589 85
68590 28
68591 3
68592 57
68593 61
68594 60
68595 70
68596 28
68597 22
68598 27
68599 5
68600 55
68601 61
68602 72
68603 56
68604 65
68605 32
68606 5
68607 73
68608 3
68609 29
68610 93
68611 68
68612 58
68613 8
68614 76
68615 96
68616 40
68617 94
68618 60
68619 88
68620 73
68621 61
68622 28
68623 72
68624 23
68625 56
68626 70
68627 28
68628 90
68629 54
68630 62
68631 55
68632 15
68633 91
68634 51
68635 65
68636 20
68637 64
68638 45
68639 45
68640 80
68641 59
68642 89
68643 85
68644 11
68645 0
68646 3
68647 70
68648 17
68649 84
68650 38
68651 0
68652 69
68653 75
68654 55
68655 82
68656 8
68657 55
68658 9
68659 36
68660 90
68661 55
68662 83
68663 97
68664 66
68665 60
68666 70
68667 12
68668 7
68669 71
68670 28
68671 63
68672 7
68673 64
68674 94
68675 64
68676 95
68677 28
68678 7
68679 60
68680 79
68681 58
68682 46
68683 92
68684 3
68685 42
68686 6
68687 56
68688 73
68689 8
68690 4
68691 96
68692 74
68693 25
68694 56
68695 34
68696 33
68697 69
68698 80
68699 70
68700 35
68701 16
68702 54
68703 94
68704 82
68705 87
68706 26
68707 60
68708 41
68709 56
68710 55
68711 97
68712 64
68713 72
68714 95
68715 90
68716 56
68717 43
68718 56
68719 84
68720 57
68721 57
68722 70
68723 46
68724 67
68725 60
68726 51
68727 9
68728 90
68729 63
68730 7
68731 44
68732 55
68733 73
68734 55
68735 56
68736 55
68737 45
68738 7
68739 72
68740 67
68741 70
68742 13
68743 39
68744 72
68745 64
68746 48
68747 9
68748 58
68749 67
68750 47
68751 79
68752 67
68753 46
68754 8
68755 97
68756 7
68757 91
68758 33
68759 54
68760 70
68761 62
68762 59
68763 74
68764 50
68765 38
68766 14
68767 11
68768 56
68769 58
68770 93
68771 98
68772 78
68773 57
68774 78
68775 58
68776 42
68777 78
68778 89
68779 25
68780 33
68781 69
68782 76
68783 55
68784 61
68785 2
68786 1
68787 79
68788 8
68789 12
68790 90
68791 12
68792 94
68793 19
68794 86
68795 73
68796 8
68797 0
68798 0
68799 60
68800 90
68801 26
68802 45
68803 64
68804 12
68805 56
68806 56
68807 53
68808 58
68809 14
68810 97
68811 70
68812 63
68813 69
68814 78
68815 10
68816 87
68817 88
68818 18
68819 60
68820 72
68821 7
68822 7
68823 45
68824 22
68825 62
68826 42
68827 70
68828 77
68829 58
68830 87
68831 46
68832 98
68833 82
68834 78
68835 45
68836 47
68837 15
68838 61
68839 2
68840 7
68841 53
68842 81
68843 13
68844 51
68845 25
68846 56
68847 1
68848 81
68849 67
68850 13
68851 86
68852 70
68853 78
68854 76
68855 89
68856 56
68857 83
68858 97
68859 22
68860 72
68861 18
68862 64
68863 30
68864 56
68865 18
68866 0
68867 85
68868 53
68869 23
68870 45
68871 51
68872 20
68873 12
68874 32
68875 2
68876 40
68877 18
68878 76
68879 89
68880 46
68881 14
68882 63
68883 64
68884 69
68885 14
68886 16
68887 58
68888 2
68889 56
68890 61
68891 66
68892 61
68893 49
68894 57
68895 26
68896 72
68897 73
68898 66
68899 39
68900 66
68901 41
68902 78
68903 28
68904 61
68905 58
68906 22
68907 5
68908 67
68909 14
68910 55
68911 56
68912 56
68913 70
68914 28
68915 12
68916 73
68917 64
68918 62
68919 29
68920 70
68921 54
68922 18
68923 20
68924 30
68925 66
68926 56
68927 54
68928 12
68929 37
68930 56
68931 35
68932 33
68933 58
68934 30
68935 83
68936 72
68937 56
68938 45
68939 85
68940 66
68941 9
68942 78
68943 12
68944 20
68945 7
68946 12
68947 8
68948 73
68949 33
68950 5
68951 50
68952 57
68953 64
68954 58
68955 95
68956 73
68957 72
68958 78
68959 7
68960 4
68961 18
68962 58
68963 69
68964 33
68965 53
68966 56
68967 86
68968 55
68969 1
68970 15
68971 62
68972 75
68973 58
68974 90
68975 89
68976 57
68977 73
68978 27
68979 95
68980 69
68981 2
68982 51
68983 56
68984 87
68985 19
68986 12
68987 70
68988 0
68989 44
68990 66
68991 56
68992 50
68993 35
68994 66
68995 72
68996 72
68997 41
68998 24
68999 44
69000 74
69001 69
69002 98
69003 94
69004 64
69005 56
69006 17
69007 42
69008 7
69009 3
69010 32
69011 77
69012 70
69013 92
69014 98
69015 54
69016 40
69017 0
69018 81
69019 8
69020 70
69021 71
69022 52
69023 72
69024 40
69025 53
69026 95
69027 88
69028 56
69029 32
69030 20
69031 81
69032 25
69033 33
69034 40
69035 90
69036 19
69037 8
69038 8
69039 61
69040 9
69041 25
69042 36
69043 56
69044 70
69045 64
69046 27
69047 72
69048 92
69049 89
69050 22
69051 24
69052 58
69053 22
69054 51
69055 4
69056 96
69057 23
69058 8
69059 24
69060 12
69061 56
69062 78
69063 3
69064 79
69065 76
69066 85
69067 18
69068 72
69069 7
69070 90
69071 9
69072 73
69073 64
69074 85
69075 39
69076 82
69077 70
69078 56
69079 84
69080 56
69081 18
69082 85
69083 72
69084 17
69085 58
69086 53
69087 72
69088 63
69089 45
69090 85
69091 54
69092 70
69093 91
69094 57
69095 7
69096 63
69097 1
69098 92
69099 47
69100 13
69101 61
69102 4
69103 78
69104 78
69105 41
69106 82
69107 81
69108 8
69109 69
69110 30
69111 48
69112 87
69113 55
69114 40
69115 18
69116 1
69117 85
69118 10
69119 85
69120 9
69121 89
69122 81
69123 56
69124 28
69125 78
69126 70
69127 22
69128 62
69129 90
69130 56
69131 62
69132 9
69133 82
69134 84
69135 72
69136 19
69137 85
69138 78
69139 62
69140 28
69141 40
69142 43
69143 22
69144 86
69145 89
69146 52
69147 55
69148 64
69149 73
69150 19
69151 97
69152 82
69153 78
69154 3
69155 56
69156 5
69157 1
69158 52
69159 98
69160 26
69161 56
69162 64
69163 50
69164 41
69165 98
69166 9
69167 89
69168 43
69169 12
69170 84
69171 56
69172 13
69173 2
69174 97
69175 40
69176 83
69177 79
69178 69
69179 41
69180 55
69181 91
69182 46
69183 27
69184 4
69185 15
69186 72
69187 90
69188 57
69189 58
69190 91
69191 81
69192 40
69193 88
69194 88
69195 30
69196 32
69197 45
69198 28
69199 20
69200 24
69201 49
69202 70
69203 58
69204 12
69205 41
69206 56
69207 78
69208 64
69209 7
69210 42
69211 86
69212 55
69213 8
69214 73
69215 58
69216 43
69217 79
69218 33
69219 25
69220 56
69221 82
69222 55
69223 19
69224 62
69225 94
69226 95
69227 80
69228 64
69229 55
69230 1
69231 56
69232 30
69233 63
69234 88
69235 9
69236 49
69237 66
69238 2
69239 65
69240 82
69241 75
69242 81
69243 55
69244 58
69245 69
69246 78
69247 73
69248 12
69249 79
69250 91
69251 45
69252 70
69253 72
69254 98
69255 39
69256 52
69257 86
69258 10
69259 26
69260 3
69261 15
69262 57
69263 90
69264 73
69265 14
69266 22
69267 41
69268 98
69269 5
69270 9
69271 70
69272 82
69273 72
69274 78
69275 61
69276 70
69277 24
69278 4
69279 63
69280 57
69281 97
69282 56
69283 96
69284 86
69285 1
69286 65
69287 4
69288 89
69289 70
69290 82
69291 57
69292 72
69293 7
69294 60
69295 4
69296 28
69297 35
69298 56
69299 56
69300 62
69301 72
69302 67
69303 95
69304 42
69305 35
69306 62
69307 21
69308 10
69309 58
69310 60
69311 93
69312 54
69313 86
69314 32
69315 51
69316 65
69317 78
69318 87
69319 62
69320 18
69321 69
69322 0
69323 71
69324 45
69325 41
69326 56
69327 2
69328 56
69329 57
69330 64
69331 56
69332 15
69333 72
69334 54
69335 73
69336 78
69337 15
69338 42
69339 6
69340 62
69341 13
69342 12
69343 78
69344 63
69345 1
69346 69
69347 78
69348 58
69349 10
69350 55
69351 52
69352 76
69353 58
69354 60
69355 13
69356 95
69357 25
69358 34
69359 56
69360 76
69361 97
69362 69
69363 78
69364 30
69365 93
69366 73
69367 61
69368 81
69369 7
69370 54
69371 97
69372 7
69373 23
69374 56
69375 61
69376 56
69377 63
69378 15
69379 28
69380 72
69381 55
69382 12
69383 97
69384 22
69385 7
69386 46
69387 72
69388 56
69389 18
69390 70
69391 97
69392 33
69393 28
69394 73
69395 30
69396 70
69397 0
69398 40
69399 41
69400 89
69401 73
69402 64
69403 51
69404 1
69405 81
69406 47
69407 64
69408 72
69409 78
69410 91
69411 43
69412 38
69413 16
69414 91
69415 41
69416 5
69417 56
69418 52
69419 81
69420 70
69421 73
69422 88
69423 56
69424 98
69425 72
69426 4
69427 70
69428 40
69429 39
69430 2
69431 9
69432 89
69433 18
69434 96
69435 73
69436 20
69437 56
69438 40
69439 91
69440 66
69441 58
69442 86
69443 90
69444 14
69445 69
69446 61
69447 57
69448 10
69449 41
69450 10
69451 99
69452 10
69453 64
69454 26
69455 56
69456 11
69457 14
69458 64
69459 8
69460 18
69461 14
69462 93
69463 17
69464 61
69465 90
69466 17
69467 8
69468 51
69469 78
69470 56
69471 75
69472 58
69473 63
69474 97
69475 82
69476 56
69477 7
69478 52
69479 0
69480 77
69481 25
69482 56
69483 1
69484 68
69485 55
69486 56
69487 51
69488 47
69489 3
69490 70
69491 27
69492 28
69493 47
69494 92
69495 15
69496 86
69497 60
69498 73
69499 77
69500 30
69501 9
69502 17
69503 9
69504 39
69505 86
69506 73
69507 94
69508 69
69509 88
69510 84
69511 61
69512 18
69513 96
69514 56
69515 54
69516 97
69517 52
69518 72
69519 23
69520 70
69521 89
69522 97
69523 67
69524 52
69525 13
69526 18
69527 47
69528 83
69529 56
69530 22
69531 18
69532 74
69533 63
69534 1
69535 56
69536 70
69537 65
69538 58
69539 78
69540 6
69541 64
69542 68
69543 16
69544 68
69545 81
69546 26
69547 70
69548 56
69549 56
69550 12
69551 56
69552 50
69553 20
69554 85
69555 88
69556 12
69557 52
69558 7
69559 77
69560 15
69561 23
69562 62
69563 87
69564 98
69565 60
69566 64
69567 56
69568 86
69569 35
69570 1
69571 94
69572 17
69573 55
69574 5
69575 12
69576 77
69577 81
69578 19
69579 61
69580 1
69581 70
69582 64
69583 64
69584 72
69585 85
69586 81
69587 56
69588 26
69589 17
69590 60
69591 13
69592 5
69593 57
69594 55
69595 63
69596 99
69597 26
69598 69
69599 72
69600 73
69601 0
69602 8
69603 3
69604 67
69605 41
69606 73
69607 1
69608 58
69609 18
69610 64
69611 66
69612 33
69613 21
69614 67
69615 5
69616 47
69617 63
69618 85
69619 72
69620 58
69621 67
69622 86
69623 51
69624 64
69625 22
69626 19
69627 81
69628 69
69629 56
69630 58
69631 25
69632 73
69633 95
69634 44
69635 42
69636 56
69637 81
69638 63
69639 1
69640 55
69641 27
69642 30
69643 61
69644 73
69645 34
69646 56
69647 53
69648 72
69649 99
69650 56
69651 90
69652 63
69653 63
69654 34
69655 95
69656 26
69657 13
69658 39
69659 56
69660 53
69661 38
69662 6
69663 62
69664 63
69665 62
69666 12
69667 58
69668 81
69669 86
69670 69
69671 56
69672 95
69673 99
69674 33
69675 4
69676 23
69677 56
69678 56
69679 72
69680 12
69681 53
69682 56
69683 44
69684 4
69685 73
69686 58
69687 72
69688 58
69689 41
69690 72
69691 18
69692 3
69693 22
69694 27
69695 54
69696 0
69697 66
69698 53
69699 30
69700 55
69701 13
69702 67
69703 57
69704 20
69705 84
69706 6
69707 12
69708 46
69709 56
69710 77
69711 82
69712 90
69713 56
69714 67
69715 90
69716 36
69717 2
69718 56
69719 63
69720 73
69721 7
69722 12
69723 24
69724 38
69725 59
69726 13
69727 9
69728 22
69729 81
69730 50
69731 90
69732 97
69733 57
69734 55
69735 70
69736 75
69737 40
69738 35
69739 25
69740 69
69741 6
69742 30
69743 41
69744 73
69745 56
69746 11
69747 92
69748 63
69749 96
69750 66
69751 58
69752 3
69753 8
69754 78
69755 82
69756 73
69757 44
69758 64
69759 72
69760 55
69761 56
69762 78
69763 62
69764 0
69765 60
69766 32
69767 9
69768 86
69769 7
69770 85
69771 94
69772 17
69773 42
69774 69
69775 84
69776 60
69777 41
69778 18
69779 43
69780 56
69781 11
69782 56
69783 56
69784 64
69785 70
69786 17
69787 3
69788 46
69789 53
69790 40
69791 8
69792 80
69793 70
69794 20
69795 64
69796 55
69797 18
69798 29
69799 64
69800 89
69801 79
69802 64
69803 22
69804 82
69805 10
69806 56
69807 95
69808 76
69809 10
69810 6
69811 10
69812 33
69813 83
69814 59
69815 14
69816 20
69817 98
69818 12
69819 56
69820 56
69821 7
69822 25
69823 8
69824 70
69825 56
69826 50
69827 33
69828 2
69829 72
69830 25
69831 55
69832 52
69833 14
69834 81
69835 92
69836 78
69837 75
69838 86
69839 94
69840 95
69841 72
69842 8
69843 26
69844 7
69845 56
69846 8
69847 94
69848 73
69849 58
69850 89
69851 44
69852 83
69853 28
69854 69
69855 96
69856 82
69857 72
69858 82
69859 4
69860 9
69861 68
69862 48
69863 36
69864 67
69865 90
69866 51
69867 84
69868 66
69869 56
69870 67
69871 74
69872 66
69873 79
69874 18
69875 42
69876 56
69877 83
69878 47
69879 56
69880 28
69881 4
69882 2
69883 70
69884 9
69885 55
69886 56
69887 56
69888 9
69889 34
69890 82
69891 0
69892 12
69893 8
69894 10
69895 37
69896 83
69897 11
69898 57
69899 57
69900 66
69901 56
69902 72
69903 21
69904 2
69905 51
69906 42
69907 59
69908 61
69909 15
69910 83
69911 99
69912 28
69913 11
69914 44
69915 72
69916 60
69917 45
69918 94
69919 60
69920 78
69921 56
69922 19
69923 56
69924 36
69925 83
69926 50
69927 54
69928 52
69929 71
69930 72
69931 95
69932 73
69933 25
69934 25
69935 89
69936 66
69937 56
69938 18
69939 0
69940 59
69941 74
69942 42
69943 32
69944 14
69945 8
69946 55
69947 19
69948 14
69949 19
69950 64
69951 61
69952 63
69953 59
69954 30
69955 88
69956 55
69957 28
69958 86
69959 72
69960 8
69961 41
69962 60
69963 69
69964 88
69965 31
69966 83
69967 3
69968 86
69969 53
69970 14
69971 84
69972 44
69973 42
69974 54
69975 13
69976 49
69977 94
69978 0
69979 35
69980 78
69981 67
69982 23
69983 97
69984 5
69985 25
69986 40
69987 50
69988 42
69989 91
69990 78
69991 57
69992 55
69993 58
69994 98
69995 65
69996 82
69997 7
69998 10
69999 8
70000 19
70001 56
70002 20
70003 0
70004 57
70005 73
70006 90
70007 28
70008 34
70009 52
70010 72
70011 51
70012 57
70013 43
70014 14
70015 60
70016 52
70017 72
70018 90
70019 17
70020 83
70021 55
70022 72
70023 44
70024 44
70025 43
70026 89
70027 70
70028 24
70029 63
70030 35
70031 58
70032 65
70033 84
70034 81
70035 14
70036 61
70037 19
70038 56
70039 18
70040 70
70041 20
70042 76
70043 38
70044 85
70045 64
70046 61
70047 56
70048 19
70049 82
70050 40
70051 61
70052 35
70053 56
70054 73
70055 73
70056 18
70057 26
70058 25
70059 62
70060 40
70061 86
70062 78
70063 10
70064 3
70065 70
70066 13
70067 52
70068 71
70069 42
70070 22
70071 54
70072 98
70073 63
70074 70
70075 41
70076 90
70077 80
70078 70
70079 56
70080 27
70081 94
70082 60
70083 7
70084 57
70085 68
70086 0
70087 24
70088 63
70089 63
70090 72
70091 75
70092 54
70093 50
70094 68
70095 56
70096 22
70097 95
70098 14
70099 98
70100 78
70101 56
70102 85
70103 16
70104 51
70105 89
70106 57
70107 72
70108 78
70109 5
70110 20
70111 41
70112 24
70113 58
70114 35
70115 54
70116 69
70117 39
70118 13
70119 38
70120 53
70121 82
70122 25
70123 31
70124 25
70125 57
70126 7
70127 64
70128 58
70129 33
70130 4
70131 96
70132 24
70133 57
70134 28
70135 28
70136 3
70137 81
70138 55
70139 61
70140 81
70141 24
70142 22
70143 70
70144 80
70145 94
70146 94
70147 51
70148 3
70149 41
70150 99
70151 77
70152 58
70153 3
70154 70
70155 39
70156 64
70157 31
70158 73
70159 6
70160 26
70161 44
70162 97
70163 70
70164 86
70165 58
70166 52
70167 10
70168 83
70169 80
70170 47
70171 55
70172 93
70173 1
70174 75
70175 20
70176 33
70177 97
70178 33
70179 36
70180 55
70181 98
70182 70
70183 72
70184 58
70185 9
70186 9
70187 97
70188 69
70189 1
70190 40
70191 39
70192 40
70193 19
70194 77
70195 16
70196 55
70197 25
70198 78
70199 21
70200 97
70201 58
70202 95
70203 93
70204 77
70205 58
70206 69
70207 22
70208 28
70209 50
70210 96
70211 52
70212 82
70213 57
70214 93
70215 93
70216 96
70217 53
70218 70
70219 63
70220 58
70221 80
70222 62
70223 68
70224 60
70225 94
70226 63
70227 28
70228 98
70229 49
70230 37
70231 82
70232 38
70233 0
70234 56
70235 93
70236 97
70237 79
70238 95
70239 3
70240 21
70241 70
70242 50
70243 61
70244 55
70245 26
70246 30
70247 50
70248 60
70249 55
70250 3
70251 25
70252 0
70253 54
70254 56
70255 56
70256 73
70257 62
70258 0
70259 44
70260 55
70261 3
70262 82
70263 72
70264 52
70265 73
70266 72
70267 52
70268 78
70269 7
70270 94
70271 97
70272 16
70273 35
70274 60
70275 57
70276 81
70277 75
70278 94
70279 86
70280 89
70281 88
70282 1
70283 36
70284 6
70285 81
70286 82
70287 25
70288 69
70289 65
70290 92
70291 99
70292 99
70293 93
70294 48
70295 25
70296 95
70297 59
70298 0
70299 72
70300 40
70301 51
70302 93
70303 55
70304 45
70305 69
70306 57
70307 3
70308 32
70309 60
70310 64
70311 53
70312 79
70313 65
70314 88
70315 8
70316 28
70317 78
70318 8
70319 47
70320 28
70321 2
70322 4
70323 45
70324 72
70325 82
70326 72
70327 78
70328 13
70329 54
70330 60
70331 3
70332 18
70333 44
70334 45
70335 61
70336 16
70337 64
70338 67
70339 27
70340 72
70341 44
70342 55
70343 10
70344 56
70345 2
70346 40
70347 82
70348 51
70349 61
70350 97
70351 85
70352 90
70353 64
70354 40
70355 86
70356 81
70357 81
70358 40
70359 41
70360 13
70361 78
70362 91
70363 40
70364 75
70365 3
70366 62
70367 79
70368 1
70369 43
70370 85
70371 65
70372 96
70373 83
70374 83
70375 74
70376 66
70377 96
70378 45
70379 60
70380 8
70381 28
70382 28
70383 61
70384 72
70385 0
70386 68
70387 30
70388 0
70389 74
70390 50
70391 14
70392 18
70393 72
70394 9
70395 62
70396 27
70397 86
70398 9
70399 43
70400 56
70401 78
70402 54
70403 51
70404 54
70405 53
70406 14
70407 1
70408 79
70409 55
70410 61
70411 78
70412 56
70413 75
70414 35
70415 64
70416 24
70417 74
70418 30
70419 73
70420 51
70421 0
70422 6
70423 41
70424 83
70425 28
70426 1
70427 86
70428 52
70429 94
70430 61
70431 77
70432 63
70433 44
70434 7
70435 78
70436 52
70437 76
70438 11
70439 86
70440 82
70441 40
70442 70
70443 54
70444 54
70445 74
70446 59
70447 1
70448 83
70449 68
70450 73
70451 90
70452 70
70453 44
70454 56
70455 8
70456 61
70457 62
70458 55
70459 33
70460 73
70461 15
70462 63
70463 54
70464 98
70465 7
70466 68
70467 45
70468 32
70469 93
70470 55
70471 57
70472 56
70473 35
70474 96
70475 62
70476 93
70477 33
70478 57
70479 40
70480 0
70481 7
70482 48
70483 98
70484 70
70485 57
70486 58
70487 93
70488 65
70489 80
70490 96
70491 52
70492 73
70493 19
70494 40
70495 82
70496 83
70497 26
70498 25
70499 76
70500 71
70501 47
70502 79
70503 38
70504 93
70505 56
70506 19
70507 44
70508 72
70509 7
70510 28
70511 62
70512 37
70513 37
70514 62
70515 56
70516 89
70517 13
70518 52
70519 15
70520 58
70521 15
70522 53
70523 52
70524 73
70525 78
70526 2
70527 78
70528 54
70529 6
70530 51
70531 73
70532 2
70533 55
70534 72
70535 21
70536 54
70537 82
70538 88
70539 0
70540 73
70541 87
70542 46
70543 25
70544 54
70545 63
70546 54
70547 1
70548 57
70549 47
70550 51
70551 28
70552 95
70553 78
70554 79
70555 1
70556 21
70557 22
70558 56
70559 70
70560 94
70561 67
70562 22
70563 69
70564 46
70565 96
70566 89
70567 29
70568 58
70569 42
70570 97
70571 11
70572 87
70573 8
70574 56
70575 79
70576 40
70577 73
70578 24
70579 67
70580 12
70581 79
70582 57
70583 10
70584 82
70585 89
70586 30
70587 75
70588 72
70589 53
70590 99
70591 86
70592 28
70593 97
70594 1
70595 47
70596 72
70597 42
70598 72
70599 11
70600 10
70601 31
70602 5
70603 22
70604 92
70605 41
70606 96
70607 74
70608 29
70609 28
70610 94
70611 0
70612 78
70613 69
70614 56
70615 90
70616 51
70617 52
70618 13
70619 80
70620 40
70621 99
70622 70
70623 97
70624 30
70625 17
70626 2
70627 72
70628 48
70629 32
70630 6
70631 83
70632 72
70633 73
70634 82
70635 75
70636 11
70637 23
70638 55
70639 74
70640 0
70641 83
70642 72
70643 85
70644 81
70645 2
70646 25
70647 56
70648 52
70649 27
70650 66
70651 4
70652 73
70653 26
70654 87
70655 53
70656 62
70657 30
70658 8
70659 74
70660 74
70661 28
70662 2
70663 13
70664 64
70665 60
70666 89
70667 94
70668 0
70669 62
70670 78
70671 20
70672 4
70673 71
70674 14
70675 8
70676 72
70677 44
70678 56
70679 61
70680 25
70681 33
70682 55
70683 69
70684 95
70685 54
70686 26
70687 88
70688 40
70689 30
70690 57
70691 41
70692 73
70693 81
70694 78
70695 20
70696 34
70697 97
70698 78
70699 73
70700 25
70701 8
70702 82
70703 73
70704 8
70705 28
70706 83
70707 29
70708 73
70709 65
70710 94
70711 38
70712 19
70713 58
70714 72
70715 55
70716 56
70717 73
70718 16
70719 66
70720 25
70721 64
70722 95
70723 16
70724 3
70725 49
70726 23
70727 2
70728 55
70729 1
70730 0
70731 95
70732 67
70733 51
70734 17
70735 94
70736 72
70737 57
70738 23
70739 75
70740 11
70741 67
70742 76
70743 0
70744 88
70745 79
70746 40
70747 62
70748 78
70749 51
70750 86
70751 62
70752 85
70753 24
70754 90
70755 93
70756 27
70757 97
70758 94
70759 63
70760 57
70761 19
70762 30
70763 47
70764 86
70765 62
70766 88
70767 89
70768 68
70769 63
70770 3
70771 72
70772 44
70773 8
70774 54
70775 80
70776 23
70777 27
70778 64
70779 30
70780 64
70781 69
70782 5
70783 20
70784 72
70785 29
70786 39
70787 72
70788 54
70789 96
70790 8
70791 36
70792 37
70793 40
70794 64
70795 61
70796 86
70797 81
70798 13
70799 2
70800 11
70801 8
70802 53
70803 15
70804 56
70805 3
70806 94
70807 19
70808 85
70809 7
70810 0
70811 60
70812 72
70813 5
70814 8
70815 98
70816 97
70817 10
70818 8
70819 0
70820 56
70821 63
70822 0
70823 42
70824 25
70825 9
70826 88
70827 57
70828 73
70829 27
70830 59
70831 61
70832 6
70833 82
70834 6
70835 15
70836 39
70837 75
70838 52
70839 28
70840 60
70841 82
70842 78
70843 67
70844 57
70845 73
70846 6
70847 61
70848 83
70849 54
70850 70
70851 38
70852 21
70853 71
70854 10
70855 14
70856 18
70857 7
70858 28
70859 51
70860 82
70861 83
70862 51
70863 70
70864 69
70865 73
70866 53
70867 25
70868 35
70869 2
70870 4
70871 86
70872 47
70873 28
70874 62
70875 50
70876 87
70877 55
70878 72
70879 97
70880 8
70881 56
70882 1
70883 63
70884 60
70885 61
70886 36
70887 70
70888 7
70889 89
70890 20
70891 46
70892 55
70893 11
70894 41
70895 85
70896 0
70897 40
70898 10
70899 11
70900 82
70901 22
70902 88
70903 17
70904 53
70905 45
70906 25
70907 78
70908 27
70909 60
70910 2
70911 91
70912 26
70913 29
70914 86
70915 25
70916 84
70917 56
70918 87
70919 8
70920 55
70921 66
70922 72
70923 36
70924 33
70925 51
70926 16
70927 73
70928 57
70929 82
70930 56
70931 39
70932 77
70933 86
70934 7
70935 81
70936 68
70937 73
70938 4
70939 58
70940 72
70941 77
70942 65
70943 78
70944 69
70945 18
70946 18
70947 43
70948 55
70949 5
70950 28
70951 68
70952 55
70953 46
70954 73
70955 34
70956 2
70957 44
70958 94
70959 27
70960 93
70961 39
70962 63
70963 59
70964 38
70965 54
70966 51
70967 57
70968 94
70969 82
70970 62
70971 70
70972 59
70973 0
70974 1
70975 25
70976 64
70977 73
70978 77
70979 2
70980 44
70981 61
70982 57
70983 27
70984 28
70985 5
70986 0
70987 82
70988 70
70989 81
70990 70
70991 5
70992 74
70993 23
70994 93
70995 73
70996 54
70997 7
70998 93
70999 87
71000 18
71001 63
71002 7
71003 96
71004 86
71005 78
71006 98
71007 59
71008 57
71009 5
71010 78
71011 6
71012 71
71013 51
71014 62
71015 13
71016 82
71017 74
71018 73
71019 96
71020 64
71021 60
71022 57
71023 53
71024 1
71025 29
71026 33
71027 13
71028 54
71029 93
71030 13
71031 22
71032 20
71033 25
71034 28
71035 46
71036 83
71037 72
71038 54
71039 40
71040 70
71041 67
71042 39
71043 2
71044 22
71045 42
71046 45
71047 87
71048 74
71049 59
71050 28
71051 63
71052 78
71053 67
71054 81
71055 86
71056 72
71057 1
71058 81
71059 1
71060 51
71061 26
71062 57
71063 9
71064 0
71065 80
71066 70
71067 82
71068 56
71069 4
71070 56
71071 62
71072 2
71073 68
71074 73
71075 28
71076 93
71077 16
71078 51
71079 17
71080 4
71081 5
71082 58
71083 17
71084 33
71085 96
71086 51
71087 57
71088 4
71089 45
71090 62
71091 61
71092 69
71093 86
71094 63
71095 8
71096 66
71097 19
71098 22
71099 23
71100 13
71101 39
71102 28
71103 1
71104 87
71105 58
71106 20
71107 40
71108 54
71109 79
71110 72
71111 0
71112 61
71113 18
71114 4
71115 73
71116 0
71117 61
71118 4
71119 27
71120 3
71121 41
71122 72
71123 0
71124 63
71125 55
71126 81
71127 16
71128 43
71129 82
71130 7
71131 56
71132 70
71133 70
71134 47
71135 8
71136 55
71137 5
71138 28
71139 68
71140 4
71141 30
71142 98
71143 72
71144 30
71145 25
71146 32
71147 1
71148 26
71149 29
71150 30
71151 64
71152 97
71153 52
71154 51
71155 14
71156 47
71157 55
71158 56
71159 32
71160 44
71161 42
71162 65
71163 72
71164 4
71165 59
71166 78
71167 89
71168 60
71169 10
71170 73
71171 80
71172 98
71173 13
71174 38
71175 47
71176 72
71177 60
71178 88
71179 78
71180 3
71181 6
71182 64
71183 25
71184 50
71185 75
71186 43
71187 81
71188 45
71189 47
71190 3
71191 72
71192 74
71193 27
71194 64
71195 78
71196 42
71197 61
71198 44
71199 18
71200 3
71201 36
71202 84
71203 56
71204 17
71205 77
71206 1
71207 64
71208 13
71209 96
71210 42
71211 18
71212 13
71213 68
71214 79
71215 41
71216 42
71217 57
71218 62
71219 95
71220 86
71221 11
71222 33
71223 96
71224 2
71225 55
71226 30
71227 69
71228 7
71229 13
71230 29
71231 80
71232 36
71233 18
71234 58
71235 64
71236 74
71237 51
71238 17
71239 86
71240 6
71241 13
71242 76
71243 33
71244 47
71245 53
71246 91
71247 73
71248 62
71249 13
71250 41
71251 39
71252 49
71253 78
71254 67
71255 25
71256 88
71257 54
71258 2
71259 71
71260 22
71261 52
71262 99
71263 30
71264 11
71265 9
71266 96
71267 23
71268 60
71269 88
71270 2
71271 41
71272 88
71273 34
71274 29
71275 58
71276 10
71277 19
71278 79
71279 15
71280 97
71281 22
71282 91
71283 13
71284 72
71285 44
71286 72
71287 56
71288 25
71289 3
71290 0
71291 7
71292 95
71293 91
71294 44
71295 52
71296 44
71297 90
71298 46
71299 1
71300 16
71301 52
71302 11
71303 50
71304 56
71305 53
71306 74
71307 86
71308 24
71309 69
71310 46
71311 30
71312 82
71313 70
71314 9
71315 4
71316 46
71317 39
71318 85
71319 52
71320 84
71321 22
71322 75
71323 62
71324 70
71325 42
71326 52
71327 17
71328 62
71329 37
71330 26
71331 51
71332 83
71333 88
71334 47
71335 72
71336 40
71337 28
71338 23
71339 62
71340 58
71341 25
71342 4
71343 3
71344 1
71345 90
71346 69
71347 39
71348 46
71349 24
71350 35
71351 26
71352 72
71353 56
71354 76
71355 78
71356 13
71357 8
71358 54
71359 32
71360 56
71361 4
71362 58
71363 74
71364 51
71365 16
71366 16
71367 83
71368 68
71369 63
71370 55
71371 89
71372 0
71373 2
71374 29
71375 98
71376 20
71377 82
71378 67
71379 57
71380 6
71381 9
71382 20
71383 70
71384 80
71385 0
71386 69
71387 25
71388 74
71389 65
71390 5
71391 56
71392 14
71393 39
71394 40
71395 25
71396 18
71397 6
71398 41
71399 15
71400 62
71401 31
71402 22
71403 39
71404 83
71405 68
71406 92
71407 84
71408 60
71409 30
71410 39
71411 23
71412 4
71413 22
71414 95
71415 90
71416 2
71417 58
71418 43
71419 72
71420 26
71421 95
71422 77
71423 84
71424 57
71425 82
71426 13
71427 27
71428 6
71429 30
71430 76
71431 89
71432 57
71433 3
71434 40
71435 11
71436 67
71437 2
71438 84
71439 72
71440 5
71441 68
71442 54
71443 36
71444 20
71445 94
71446 94
71447 29
71448 3
71449 66
71450 30
71451 55
71452 2
71453 56
71454 47
71455 64
71456 57
71457 72
71458 56
71459 88
71460 94
71461 20
71462 79
71463 73
71464 72
71465 30
71466 32
71467 50
71468 62
71469 73
71470 35
71471 28
71472 78
71473 80
71474 2
71475 45
71476 13
71477 56
71478 98
71479 28
71480 87
71481 65
71482 72
71483 56
71484 2
71485 21
71486 63
71487 60
71488 13
71489 27
71490 64
71491 36
71492 60
71493 41
71494 97
71495 43
71496 41
71497 53
71498 55
71499 64
71500 24
71501 58
71502 13
71503 76
71504 98
71505 36
71506 64
71507 39
71508 41
71509 73
71510 14
71511 62
71512 5
71513 72
71514 61
71515 88
71516 48
71517 85
71518 86
71519 62
71520 8
71521 49
71522 70
71523 98
71524 29
71525 95
71526 64
71527 90
71528 63
71529 70
71530 79
71531 74
71532 28
71533 2
71534 13
71535 55
71536 51
71537 68
71538 68
71539 79
71540 71
71541 9
71542 33
71543 61
71544 87
71545 62
71546 51
71547 36
71548 73
71549 85
71550 58
71551 53
71552 26
71553 35
71554 5
71555 53
71556 78
71557 82
71558 90
71559 63
71560 25
71561 2
71562 47
71563 72
71564 56
71565 93
71566 91
71567 25
71568 57
71569 36
71570 82
71571 18
71572 51
71573 61
71574 32
71575 8
71576 96
71577 9
71578 94
71579 14
71580 82
71581 72
71582 78
71583 84
71584 35
71585 63
71586 61
71587 86
71588 7
71589 28
71590 90
71591 56
71592 72
71593 1
71594 13
71595 2
71596 82
71597 70
71598 54
71599 1
71600 84
71601 83
71602 3
71603 1
71604 86
71605 28
71606 51
71607 54
71608 30
71609 84
71610 74
71611 82
71612 79
71613 88
71614 52
71615 35
71616 62
71617 27
71618 91
71619 70
71620 2
71621 73
71622 17
71623 73
71624 8
71625 74
71626 21
71627 28
71628 60
71629 48
71630 8
71631 84
71632 61
71633 73
71634 98
71635 65
71636 90
71637 42
71638 4
71639 73
71640 4
71641 28
71642 72
71643 86
71644 2
71645 2
71646 54
71647 81
71648 35
71649 55
71650 68
71651 25
71652 60
71653 80
71654 64
71655 14
71656 51
71657 57
71658 27
71659 54
71660 91
71661 69
71662 28
71663 57
71664 44
71665 63
71666 82
71667 18
71668 74
71669 41
71670 90
71671 78
71672 46
71673 1
71674 61
71675 76
71676 5
71677 29
71678 45
71679 53
71680 16
71681 72
71682 19
71683 70
71684 91
71685 46
71686 86
71687 59
71688 17
71689 90
71690 63
71691 72
71692 81
71693 99
71694 30
71695 3
71696 26
71697 87
71698 84
71699 45
71700 61
71701 64
71702 88
71703 55
71704 76
71705 15
71706 58
71707 1
71708 62
71709 25
71710 74
71711 15
71712 28
71713 20
71714 73
71715 78
71716 72
71717 77
71718 77
71719 11
71720 58
71721 55
71722 36
71723 65
71724 17
71725 26
71726 43
71727 54
71728 69
71729 72
71730 97
71731 2
71732 23
71733 62
71734 63
71735 4
71736 27
71737 72
71738 28
71739 90
71740 87
71741 69
71742 58
71743 87
71744 30
71745 93
71746 13
71747 73
71748 56
71749 72
71750 13
71751 94
71752 18
71753 60
71754 40
71755 95
71756 53
71757 11
71758 94
71759 56
71760 9
71761 57
71762 58
71763 79
71764 30
71765 27
71766 78
71767 61
71768 88
71769 3
71770 98
71771 72
71772 44
71773 97
71774 59
71775 89
71776 57
71777 72
71778 83
71779 11
71780 9
71781 44
71782 62
71783 83
71784 61
71785 15
71786 78
71787 35
71788 35
71789 15
71790 82
71791 7
71792 70
71793 57
71794 62
71795 61
71796 86
71797 56
71798 73
71799 1
71800 57
71801 72
71802 5
71803 41
71804 96
71805 94
71806 76
71807 29
71808 25
71809 82
71810 56
71811 13
71812 2
71813 72
71814 6
71815 3
71816 28
71817 58
71818 61
71819 38
71820 65
71821 63
71822 96
71823 56
71824 40
71825 96
71826 82
71827 70
71828 27
71829 73
71830 64
71831 55
71832 51
71833 71
71834 61
71835 28
71836 67
71837 73
71838 58
71839 71
71840 79
71841 95
71842 81
71843 64
71844 27
71845 76
71846 72
71847 0
71848 45
71849 73
71850 57
71851 77
71852 97
71853 73
71854 52
71855 88
71856 79
71857 5
71858 62
71859 55
71860 74
71861 85
71862 46
71863 64
71864 7
71865 25
71866 72
71867 51
71868 79
71869 57
71870 34
71871 11
71872 73
71873 16
71874 40
71875 35
71876 94
71877 78
71878 27
71879 72
71880 65
71881 55
71882 53
71883 11
71884 40
71885 82
71886 47
71887 27
71888 35
71889 13
71890 76
71891 60
71892 20
71893 84
71894 94
71895 19
71896 39
71897 16
71898 36
71899 75
71900 70
71901 29
71902 72
71903 57
71904 14
71905 44
71906 72
71907 71
71908 35
71909 20
71910 73
71911 1
71912 40
71913 42
71914 33
71915 69
71916 21
71917 26
71918 56
71919 59
71920 64
71921 61
71922 82
71923 51
71924 58
71925 24
71926 62
71927 13
71928 43
71929 56
71930 90
71931 28
71932 41
71933 83
71934 70
71935 86
71936 25
71937 64
71938 83
71939 3
71940 92
71941 98
71942 25
71943 60
71944 85
71945 20
71946 73
71947 33
71948 62
71949 57
71950 56
71951 29
71952 61
71953 54
71954 28
71955 71
71956 62
71957 52
71958 49
71959 15
71960 91
71961 21
71962 73
71963 46
71964 56
71965 29
71966 36
71967 57
71968 36
71969 82
71970 23
71971 82
71972 15
71973 61
71974 73
71975 74
71976 73
71977 23
71978 83
71979 25
71980 18
71981 41
71982 68
71983 62
71984 38
71985 66
71986 83
71987 53
71988 60
71989 74
71990 41
71991 55
71992 50
71993 78
71994 86
71995 22
71996 89
71997 30
71998 9
71999 5
72000 81
72001 59
72002 60
72003 62
72004 21
72005 97
72006 6
72007 92
72008 56
72009 87
72010 11
72011 72
72012 64
72013 27
72014 35
72015 46
72016 39
72017 17
72018 40
72019 76
72020 13
72021 96
72022 82
72023 29
72024 59
72025 72
72026 36
72027 0
72028 28
72029 36
72030 13
72031 1
72032 70
72033 56
72034 58
72035 60
72036 31
72037 44
72038 85
72039 38
72040 85
72041 65
72042 11
72043 60
72044 19
72045 72
72046 58
72047 1
72048 79
72049 97
72050 97
72051 56
72052 54
72053 75
72054 43
72055 35
72056 4
72057 4
72058 4
72059 72
72060 79
72061 40
72062 90
72063 21
72064 5
72065 62
72066 41
72067 3
72068 74
72069 11
72070 70
72071 50
72072 65
72073 41
72074 33
72075 13
72076 47
72077 70
72078 1
72079 41
72080 85
72081 72
72082 37
72083 14
72084 38
72085 56
72086 74
72087 36
72088 19
72089 58
72090 83
72091 70
72092 68
72093 62
72094 13
72095 55
72096 22
72097 43
72098 73
72099 0
72100 41
72101 35
72102 81
72103 11
72104 80
72105 75
72106 15
72107 79
72108 70
72109 56
72110 94
72111 60
72112 72
72113 40
72114 80
72115 72
72116 86
72117 48
72118 4
72119 82
72120 61
72121 28
72122 89
72123 62
72124 81
72125 39
72126 98
72127 5
72128 77
72129 76
72130 56
72131 38
72132 84
72133 58
72134 53
72135 40
72136 39
72137 48
72138 91
72139 93
72140 17
72141 16
72142 11
72143 57
72144 72
72145 68
72146 73
72147 4
72148 35
72149 26
72150 68
72151 13
72152 94
72153 74
72154 24
72155 60
72156 98
72157 24
72158 17
72159 85
72160 3
72161 82
72162 86
72163 77
72164 79
72165 1
72166 62
72167 64
72168 2
72169 39
72170 15
72171 8
72172 13
72173 8
72174 56
72175 61
72176 54
72177 25
72178 53
72179 85
72180 82
72181 13
72182 96
72183 32
72184 67
72185 94
72186 61
72187 74
72188 77
72189 13
72190 27
72191 91
72192 25
72193 54
72194 85
72195 82
72196 78
72197 26
72198 28
72199 97
72200 82
72201 1
72202 93
72203 77
72204 60
72205 9
72206 7
72207 75
72208 73
72209 62
72210 87
72211 68
72212 25
72213 4
72214 56
72215 23
72216 57
72217 36
72218 57
72219 72
72220 94
72221 60
72222 3
72223 51
72224 7
72225 66
72226 14
72227 80
72228 61
72229 57
72230 33
72231 18
72232 56
72233 36
72234 61
72235 50
72236 8
72237 83
72238 68
72239 1
72240 67
72241 67
72242 88
72243 30
72244 90
72245 1
72246 69
72247 69
72248 2
72249 97
72250 70
72251 8
72252 68
72253 16
72254 74
72255 73
72256 72
72257 58
72258 13
72259 57
72260 26
72261 56
72262 74
72263 47
72264 28
72265 97
72266 26
72267 13
72268 66
72269 56
72270 73
72271 69
72272 3
72273 56
72274 73
72275 69
72276 30
72277 57
72278 62
72279 10
72280 10
72281 7
72282 9
72283 43
72284 5
72285 38
72286 42
72287 41
72288 90
72289 89
72290 84
72291 50
72292 27
72293 39
72294 3
72295 15
72296 86
72297 56
72298 68
72299 93
72300 2
72301 89
72302 21
72303 72
72304 60
72305 85
72306 26
72307 32
72308 59
72309 9
72310 52
72311 25
72312 70
72313 7
72314 35
72315 86
72316 94
72317 72
72318 54
72319 72
72320 53
72321 97
72322 96
72323 78
72324 94
72325 27
72326 8
72327 54
72328 55
72329 41
72330 73
72331 5
72332 96
72333 48
72334 66
72335 46
72336 75
72337 7
72338 70
72339 48
72340 46
72341 68
72342 85
72343 58
72344 72
72345 84
72346 29
72347 55
72348 85
72349 41
72350 61
72351 55
72352 82
72353 94
72354 51
72355 81
72356 16
72357 80
72358 69
72359 59
72360 78
72361 43
72362 82
72363 81
72364 44
72365 39
72366 56
72367 56
72368 55
72369 30
72370 32
72371 25
72372 13
72373 58
72374 65
72375 63
72376 63
72377 70
72378 97
72379 0
72380 74
72381 13
72382 74
72383 87
72384 72
72385 63
72386 61
72387 86
72388 27
72389 85
72390 9
72391 62
72392 81
72393 78
72394 74
72395 80
72396 54
72397 29
72398 81
72399 29
72400 67
72401 89
72402 36
72403 96
72404 63
72405 5
72406 73
72407 72
72408 27
72409 13
72410 67
72411 5
72412 45
72413 78
72414 93
72415 59
72416 65
72417 93
72418 58
72419 73
72420 96
72421 10
72422 97
72423 70
72424 88
72425 30
72426 42
72427 52
72428 1
72429 55
72430 94
72431 25
72432 47
72433 19
72434 21
72435 16
72436 16
72437 57
72438 73
72439 27
72440 0
72441 88
72442 64
72443 72
72444 62
72445 87
72446 89
72447 42
72448 57
72449 77
72450 95
72451 51
72452 81
72453 36
72454 45
72455 91
72456 97
72457 75
72458 26
72459 27
72460 40
72461 81
72462 63
72463 3
72464 78
72465 30
72466 53
72467 57
72468 53
72469 64
72470 52
72471 72
72472 28
72473 56
72474 38
72475 41
72476 53
72477 73
72478 56
72479 22
72480 60
72481 52
72482 58
72483 24
72484 82
72485 73
72486 56
72487 64
72488 24
72489 22
72490 57
72491 67
72492 62
72493 97
72494 96
72495 42
72496 73
72497 58
72498 78
72499 78
72500 8
72501 55
72502 69
72503 6
72504 58
72505 28
72506 51
72507 60
72508 95
72509 40
72510 97
72511 51
72512 61
72513 63
72514 7
72515 62
72516 78
72517 64
72518 93
72519 89
72520 44
72521 56
72522 74
72523 72
72524 72
72525 93
72526 67
72527 46
72528 69
72529 25
72530 56
72531 61
72532 70
72533 70
72534 76
72535 57
72536 57
72537 62
72538 74
72539 25
72540 27
72541 56
72542 21
72543 8
72544 83
72545 95
72546 28
72547 61
72548 6
72549 33
72550 72
72551 90
72552 94
72553 0
72554 97
72555 19
72556 76
72557 59
72558 9
72559 56
72560 63
72561 61
72562 76
72563 5
72564 87
72565 87
72566 62
72567 64
72568 83
72569 20
72570 1
72571 3
72572 68
72573 13
72574 92
72575 42
72576 56
72577 51
72578 98
72579 56
72580 1
72581 93
72582 73
72583 0
72584 74
72585 87
72586 51
72587 15
72588 97
72589 61
72590 17
72591 70
72592 72
72593 56
72594 70
72595 56
72596 72
72597 89
72598 54
72599 72
72600 56
72601 22
72602 8
72603 14
72604 33
72605 7
72606 48
72607 35
72608 71
72609 71
72610 70
72611 72
72612 15
72613 58
72614 23
72615 74
72616 97
72617 87
72618 87
72619 42
72620 42
72621 69
72622 9
72623 57
72624 81
72625 52
72626 31
72627 42
72628 93
72629 3
72630 96
72631 56
72632 39
72633 30
72634 46
72635 44
72636 28
72637 61
72638 78
72639 14
72640 78
72641 92
72642 13
72643 74
72644 43
72645 53
72646 47
72647 72
72648 57
72649 87
72650 13
72651 89
72652 2
72653 61
72654 39
72655 47
72656 94
72657 94
72658 72
72659 97
72660 18
72661 84
72662 55
72663 64
72664 56
72665 3
72666 86
72667 25
72668 29
72669 72
72670 73
72671 21
72672 71
72673 15
72674 1
72675 56
72676 95
72677 82
72678 59
72679 74
72680 71
72681 82
72682 71
72683 48
72684 26
72685 19
72686 45
72687 65
72688 54
72689 83
72690 66
72691 63
72692 92
72693 80
72694 59
72695 35
72696 70
72697 49
72698 68
72699 34
72700 27
72701 51
72702 74
72703 60
72704 74
72705 25
72706 13
72707 99
72708 78
72709 83
72710 61
72711 1
72712 58
72713 39
72714 11
72715 71
72716 83
72717 40
72718 55
72719 0
72720 99
72721 30
72722 75
72723 17
72724 32
72725 81
72726 51
72727 9
72728 3
72729 25
72730 72
72731 61
72732 15
72733 93
72734 43
72735 45
72736 28
72737 10
72738 28
72739 72
72740 62
72741 94
72742 14
72743 72
72744 2
72745 79
72746 66
72747 83
72748 73
72749 23
72750 56
72751 73
72752 60
72753 90
72754 16
72755 93
72756 56
72757 32
72758 72
72759 39
72760 15
72761 6
72762 53
72763 57
72764 10
72765 3
72766 25
72767 64
72768 54
72769 86
72770 41
72771 53
72772 73
72773 8
72774 62
72775 90
72776 14
72777 76
72778 92
72779 76
72780 60
72781 61
72782 15
72783 82
72784 65
72785 55
72786 13
72787 70
72788 41
72789 69
72790 1
72791 56
72792 61
72793 87
72794 82
72795 33
72796 53
72797 69
72798 57
72799 50
72800 74
72801 63
72802 82
72803 90
72804 94
72805 95
72806 70
72807 69
72808 36
72809 94
72810 95
72811 76
72812 85
72813 40
72814 73
72815 65
72816 43
72817 97
72818 76
72819 35
72820 32
72821 74
72822 28
72823 93
72824 3
72825 96
72826 95
72827 4
72828 37
72829 5
72830 0
72831 28
72832 73
72833 10
72834 87
72835 74
72836 30
72837 2
72838 28
72839 54
72840 28
72841 11
72842 70
72843 17
72844 10
72845 78
72846 41
72847 56
72848 62
72849 21
72850 25
72851 28
72852 73
72853 81
72854 64
72855 19
72856 9
72857 97
72858 40
72859 42
72860 40
72861 53
72862 56
72863 54
72864 91
72865 76
72866 70
72867 65
72868 4
72869 66
72870 97
72871 88
72872 64
72873 85
72874 27
72875 54
72876 18
72877 94
72878 55
72879 47
72880 69
72881 83
72882 72
72883 61
72884 87
72885 26
72886 62
72887 78
72888 63
72889 63
72890 28
72891 67
72892 39
72893 33
72894 0
72895 41
72896 29
72897 13
72898 68
72899 78
72900 33
72901 13
72902 63
72903 2
72904 95
72905 89
72906 28
72907 8
72908 58
72909 94
72910 24
72911 86
72912 93
72913 95
72914 8
72915 91
72916 94
72917 2
72918 0
72919 42
72920 33
72921 94
72922 72
72923 10
72924 84
72925 61
72926 15
72927 85
72928 25
72929 73
72930 82
72931 85
72932 62
72933 69
72934 16
72935 97
72936 80
72937 88
72938 42
72939 73
72940 93
72941 68
72942 40
72943 43
72944 58
72945 18
72946 36
72947 59
72948 30
72949 74
72950 4
72951 55
72952 72
72953 81
72954 60
72955 55
72956 82
72957 84
72958 8
72959 83
72960 70
72961 46
72962 97
72963 36
72964 80
72965 44
72966 50
72967 8
72968 58
72969 53
72970 90
72971 89
72972 82
72973 90
72974 60
72975 82
72976 86
72977 63
72978 11
72979 72
72980 56
72981 4
72982 61
72983 26
72984 58
72985 42
72986 70
72987 72
72988 54
72989 0
72990 68
72991 30
72992 49
72993 81
72994 65
72995 55
72996 4
72997 23
72998 46
72999 62
73000 92
73001 87
73002 94
73003 40
73004 8
73005 8
73006 13
73007 81
73008 57
73009 18
73010 39
73011 39
73012 82
73013 30
73014 89
73015 2
73016 55
73017 92
73018 5
73019 82
73020 72
73021 72
73022 57
73023 67
73024 98
73025 72
73026 21
73027 72
73028 53
73029 55
73030 20
73031 62
73032 44
73033 93
73034 40
73035 18
73036 56
73037 94
73038 25
73039 31
73040 56
73041 63
73042 23
73043 82
73044 57
73045 18
73046 76
73047 38
73048 25
73049 39
73050 94
73051 54
73052 54
73053 70
73054 50
73055 73
73056 63
73057 73
73058 54
73059 28
73060 8
73061 89
73062 60
73063 50
73064 99
73065 58
73066 42
73067 8
73068 72
73069 55
73070 43
73071 97
73072 79
73073 60
73074 81
73075 24
73076 25
73077 32
73078 55
73079 92
73080 22
73081 82
73082 18
73083 62
73084 67
73085 64
73086 54
73087 87
73088 72
73089 14
73090 25
73091 27
73092 54
73093 86
73094 75
73095 94
73096 60
73097 82
73098 26
73099 40
73100 81
73101 32
73102 42
73103 76
73104 49
73105 2
73106 48
73107 55
73108 14
73109 9
73110 72
73111 97
73112 33
73113 0
73114 30
73115 18
73116 36
73117 2
73118 57
73119 25
73120 22
73121 56
73122 0
73123 87
73124 4
73125 70
73126 27
73127 55
73128 7
73129 72
73130 25
73131 54
73132 17
73133 54
73134 93
73135 78
73136 58
73137 5
73138 41
73139 3
73140 27
73141 88
73142 97
73143 22
73144 70
73145 39
73146 56
73147 59
73148 49
73149 62
73150 69
73151 91
73152 33
73153 60
73154 28
73155 67
73156 10
73157 83
73158 28
73159 88
73160 70
73161 82
73162 70
73163 56
73164 97
73165 92
73166 29
73167 78
73168 18
73169 91
73170 59
73171 26
73172 55
73173 81
73174 35
73175 93
73176 11
73177 41
73178 21
73179 98
73180 40
73181 51
73182 36
73183 73
73184 61
73185 3
73186 66
73187 58
73188 55
73189 65
73190 55
73191 5
73192 42
73193 25
73194 72
73195 42
73196 36
73197 30
73198 67
73199 64
73200 94
73201 10
73202 13
73203 70
73204 59
73205 14
73206 55
73207 5
73208 17
73209 41
73210 37
73211 65
73212 72
73213 72
73214 4
73215 90
73216 96
73217 64
73218 2
73219 51
73220 72
73221 22
73222 81
73223 35
73224 47
73225 57
73226 41
73227 88
73228 41
73229 5
73230 13
73231 25
73232 97
73233 39
73234 87
73235 25
73236 85
73237 41
73238 70
73239 64
73240 1
73241 79
73242 36
73243 53
73244 30
73245 62
73246 7
73247 15
73248 33
73249 16
73250 9
73251 73
73252 61
73253 56
73254 35
73255 58
73256 54
73257 57
73258 72
73259 82
73260 58
73261 57
73262 7
73263 58
73264 44
73265 27
73266 55
73267 86
73268 70
73269 56
73270 39
73271 82
73272 75
73273 62
73274 70
73275 54
73276 32
73277 76
73278 55
73279 70
73280 36
73281 0
73282 92
73283 79
73284 63
73285 34
73286 50
73287 60
73288 70
73289 92
73290 96
73291 2
73292 57
73293 46
73294 97
73295 72
73296 57
73297 73
73298 60
73299 34
73300 64
73301 69
73302 76
73303 34
73304 88
73305 35
73306 13
73307 96
73308 37
73309 59
73310 55
73311 93
73312 54
73313 18
73314 98
73315 56
73316 7
73317 42
73318 64
73319 20
73320 52
73321 3
73322 84
73323 40
73324 98
73325 51
73326 20
73327 87
73328 59
73329 5
73330 72
73331 93
73332 25
73333 74
73334 57
73335 46
73336 88
73337 17
73338 84
73339 70
73340 28
73341 27
73342 52
73343 35
73344 3
73345 7
73346 19
73347 15
73348 25
73349 18
73350 72
73351 72
73352 18
73353 46
73354 65
73355 8
73356 62
73357 50
73358 46
73359 2
73360 39
73361 72
73362 17
73363 70
73364 99
73365 56
73366 55
73367 45
73368 53
73369 80
73370 82
73371 20
73372 88
73373 56
73374 62
73375 5
73376 56
73377 58
73378 1
73379 8
73380 51
73381 65
73382 72
73383 45
73384 72
73385 24
73386 85
73387 72
73388 93
73389 67
73390 21
73391 24
73392 72
73393 54
73394 87
73395 9
73396 66
73397 72
73398 91
73399 30
73400 26
73401 13
73402 29
73403 5
73404 13
73405 86
73406 69
73407 41
73408 51
73409 76
73410 60
73411 23
73412 10
73413 66
73414 60
73415 35
73416 40
73417 15
73418 62
73419 56
73420 79
73421 60
73422 69
73423 39
73424 44
73425 55
73426 51
73427 13
73428 43
73429 51
73430 79
73431 60
73432 13
73433 75
73434 84
73435 76
73436 29
73437 72
73438 47
73439 1
73440 36
73441 8
73442 13
73443 60
73444 74
73445 94
73446 93
73447 38
73448 13
73449 16
73450 52
73451 40
73452 94
73453 57
73454 13
73455 71
73456 21
73457 60
73458 9
73459 72
73460 8
73461 45
73462 57
73463 96
73464 73
73465 0
73466 27
73467 89
73468 61
73469 50
73470 83
73471 68
73472 72
73473 70
73474 47
73475 0
73476 63
73477 70
73478 93
73479 24
73480 41
73481 10
73482 74
73483 86
73484 79
73485 0
73486 25
73487 31
73488 29
73489 54
73490 67
73491 73
73492 87
73493 25
73494 56
73495 18
73496 69
73497 44
73498 59
73499 69
73500 53
73501 72
73502 48
73503 47
73504 26
73505 75
73506 56
73507 23
73508 55
73509 30
73510 79
73511 98
73512 23
73513 83
73514 28
73515 73
73516 53
73517 73
73518 35
73519 56
73520 11
73521 26
73522 1
73523 72
73524 10
73525 63
73526 21
73527 45
73528 29
73529 34
73530 58
73531 54
73532 86
73533 4
73534 81
73535 98
73536 67
73537 43
73538 67
73539 88
73540 22
73541 28
73542 54
73543 44
73544 92
73545 76
73546 36
73547 72
73548 46
73549 33
73550 68
73551 58
73552 55
73553 72
73554 26
73555 80
73556 48
73557 27
73558 74
73559 56
73560 96
73561 57
73562 72
73563 79
73564 53
73565 30
73566 74
73567 42
73568 72
73569 68
73570 28
73571 55
73572 50
73573 63
73574 30
73575 94
73576 84
73577 67
73578 65
73579 92
73580 20
73581 29
73582 13
73583 2
73584 83
73585 5
73586 73
73587 70
73588 55
73589 56
73590 4
73591 18
73592 67
73593 87
73594 82
73595 33
73596 97
73597 2
73598 35
73599 56
73600 30
73601 95
73602 82
73603 92
73604 55
73605 36
73606 54
73607 92
73608 10
73609 66
73610 16
73611 96
73612 16
73613 16
73614 42
73615 84
73616 72
73617 88
73618 6
73619 30
73620 85
73621 54
73622 50
73623 19
73624 13
73625 39
73626 44
73627 1
73628 31
73629 26
73630 33
73631 77
73632 50
73633 82
73634 20
73635 4
73636 71
73637 33
73638 57
73639 46
73640 74
73641 66
73642 97
73643 30
73644 2
73645 34
73646 46
73647 6
73648 60
73649 11
73650 21
73651 16
73652 85
73653 98
73654 47
73655 93
73656 72
73657 95
73658 83
73659 28
73660 74
73661 54
73662 67
73663 34
73664 94
73665 85
73666 9
73667 0
73668 57
73669 69
73670 56
73671 86
73672 5
73673 8
73674 57
73675 18
73676 68
73677 28
73678 53
73679 48
73680 76
73681 86
73682 85
73683 88
73684 19
73685 19
73686 97
73687 45
73688 29
73689 57
73690 82
73691 90
73692 44
73693 79
73694 98
73695 64
73696 36
73697 73
73698 68
73699 93
73700 62
73701 67
73702 58
73703 85
73704 29
73705 41
73706 31
73707 29
73708 61
73709 6
73710 23
73711 57
73712 96
73713 53
73714 81
73715 3
73716 89
73717 25
73718 88
73719 7
73720 69
73721 61
73722 47
73723 84
73724 62
73725 8
73726 67
73727 93
73728 15
73729 36
73730 93
73731 69
73732 30
73733 51
73734 63
73735 47
73736 92
73737 55
73738 98
73739 47
73740 42
73741 29
73742 19
73743 88
73744 2
73745 39
73746 97
73747 87
73748 73
73749 70
73750 72
73751 47
73752 26
73753 93
73754 87
73755 93
73756 79
73757 72
73758 54
73759 26
73760 2
73761 93
73762 63
73763 57
73764 6
73765 17
73766 50
73767 64
73768 13
73769 69
73770 24
73771 52
73772 71
73773 20
73774 54
73775 44
73776 72
73777 7
73778 3
73779 47
73780 7
73781 36
73782 8
73783 22
73784 34
73785 54
73786 60
73787 77
73788 19
73789 42
73790 95
73791 36
73792 23
73793 73
73794 76
73795 52
73796 89
73797 32
73798 47
73799 13
73800 88
73801 19
73802 45
73803 79
73804 26
73805 5
73806 72
73807 85
73808 73
73809 58
73810 97
73811 82
73812 62
73813 56
73814 52
73815 41
73816 93
73817 28
73818 25
73819 40
73820 30
73821 8
73822 88
73823 70
73824 35
73825 99
73826 45
73827 44
73828 72
73829 23
73830 22
73831 85
73832 52
73833 67
73834 52
73835 27
73836 22
73837 30
73838 71
73839 29
73840 60
73841 46
73842 21
73843 69
73844 93
73845 57
73846 50
73847 15
73848 51
73849 9
73850 13
73851 63
73852 48
73853 70
73854 60
73855 25
73856 98
73857 83
73858 26
73859 90
73860 95
73861 15
73862 16
73863 68
73864 51
73865 72
73866 9
73867 82
73868 84
73869 60
73870 2
73871 28
73872 46
73873 70
73874 69
73875 54
73876 76
73877 87
73878 88
73879 64
73880 83
73881 24
73882 98
73883 88
73884 61
73885 56
73886 6
73887 94
73888 24
73889 21
73890 95
73891 50
73892 58
73893 71
73894 27
73895 68
73896 57
73897 74
73898 60
73899 55
73900 62
73901 91
73902 60
73903 91
73904 68
73905 30
73906 29
73907 79
73908 25
73909 26
73910 89
73911 72
73912 54
73913 22
73914 53
73915 20
73916 61
73917 97
73918 78
73919 72
73920 37
73921 6
73922 82
73923 57
73924 27
73925 43
73926 44
73927 64
73928 76
73929 13
73930 70
73931 42
73932 80
73933 75
73934 50
73935 39
73936 72
73937 22
73938 96
73939 94
73940 0
73941 65
73942 58
73943 82
73944 60
73945 74
73946 89
73947 71
73948 61
73949 89
73950 70
73951 6
73952 59
73953 53
73954 24
73955 53
73956 61
73957 3
73958 62
73959 5
73960 40
73961 61
73962 96
73963 59
73964 62
73965 94
73966 73
73967 2
73968 92
73969 26
73970 23
73971 82
73972 99
73973 25
73974 58
73975 64
73976 82
73977 85
73978 76
73979 42
73980 81
73981 17
73982 26
73983 56
73984 63
73985 78
73986 58
73987 4
73988 66
73989 39
73990 19
73991 35
73992 72
73993 55
73994 70
73995 49
73996 16
73997 32
73998 67
73999 94
74000 66
74001 78
74002 81
74003 23
74004 78
74005 55
74006 5
74007 70
74008 56
74009 13
74010 62
74011 44
74012 74
74013 82
74014 69
74015 0
74016 44
74017 48
74018 52
74019 45
74020 70
74021 73
74022 93
74023 81
74024 55
74025 91
74026 97
74027 26
74028 54
74029 82
74030 72
74031 34
74032 56
74033 82
74034 56
74035 52
74036 10
74037 19
74038 83
74039 41
74040 21
74041 69
74042 13
74043 61
74044 47
74045 39
74046 61
74047 16
74048 76
74049 57
74050 55
74051 78
74052 60
74053 64
74054 34
74055 32
74056 6
74057 4
74058 0
74059 92
74060 28
74061 36
74062 36
74063 57
74064 86
74065 36
74066 70
74067 47
74068 17
74069 25
74070 69
74071 59
74072 56
74073 39
74074 40
74075 63
74076 96
74077 74
74078 5
74079 40
74080 39
74081 30
74082 81
74083 0
74084 31
74085 99
74086 64
74087 20
74088 58
74089 27
74090 47
74091 93
74092 63
74093 73
74094 8
74095 98
74096 2
74097 70
74098 1
74099 72
74100 38
74101 20
74102 39
74103 16
74104 75
74105 25
74106 39
74107 88
74108 73
74109 33
74110 46
74111 75
74112 19
74113 39
74114 73
74115 68
74116 19
74117 72
74118 13
74119 24
74120 97
74121 45
74122 60
74123 43
74124 35
74125 5
74126 19
74127 19
74128 43
74129 95
74130 58
74131 41
74132 41
74133 60
74134 2
74135 56
74136 93
74137 87
74138 64
74139 55
74140 88
74141 54
74142 63
74143 86
74144 53
74145 73
74146 61
74147 94
74148 94
74149 60
74150 72
74151 55
74152 81
74153 57
74154 16
74155 61
74156 18
74157 81
74158 84
74159 59
74160 69
74161 10
74162 50
74163 60
74164 61
74165 70
74166 98
74167 85
74168 13
74169 73
74170 82
74171 60
74172 70
74173 57
74174 97
74175 64
74176 73
74177 72
74178 14
74179 62
74180 77
74181 63
74182 95
74183 78
74184 94
74185 77
74186 56
74187 26
74188 1
74189 69
74190 95
74191 72
74192 24
74193 19
74194 41
74195 10
74196 78
74197 41
74198 25
74199 90
74200 86
74201 44
74202 45
74203 36
74204 29
74205 69
74206 7
74207 3
74208 67
74209 97
74210 64
74211 0
74212 22
74213 20
74214 13
74215 61
74216 5
74217 78
74218 64
74219 98
74220 94
74221 70
74222 41
74223 66
74224 7
74225 18
74226 59
74227 15
74228 75
74229 29
74230 82
74231 88
74232 70
74233 19
74234 94
74235 30
74236 74
74237 69
74238 36
74239 36
74240 79
74241 8
74242 63
74243 60
74244 48
74245 7
74246 92
74247 67
74248 11
74249 74
74250 72
74251 67
74252 28
74253 56
74254 10
74255 61
74256 63
74257 14
74258 89
74259 82
74260 43
74261 25
74262 52
74263 60
74264 45
74265 76
74266 94
74267 82
74268 72
74269 64
74270 36
74271 86
74272 52
74273 83
74274 79
74275 35
74276 46
74277 60
74278 45
74279 92
74280 73
74281 95
74282 29
74283 72
74284 39
74285 28
74286 36
74287 35
74288 4
74289 58
74290 87
74291 35
74292 19
74293 78
74294 52
74295 35
74296 58
74297 72
74298 35
74299 71
74300 97
74301 78
74302 98
74303 61
74304 95
74305 72
74306 19
74307 32
74308 14
74309 9
74310 67
74311 67
74312 78
74313 61
74314 93
74315 5
74316 67
74317 24
74318 60
74319 32
74320 63
74321 96
74322 73
74323 54
74324 73
74325 18
74326 8
74327 25
74328 45
74329 95
74330 28
74331 17
74332 1
74333 32
74334 1
74335 53
74336 75
74337 92
74338 88
74339 4
74340 95
74341 98
74342 50
74343 40
74344 0
74345 95
74346 5
74347 40
74348 55
74349 95
74350 72
74351 56
74352 45
74353 3
74354 63
74355 4
74356 56
74357 2
74358 60
74359 27
74360 0
74361 61
74362 41
74363 42
74364 60
74365 7
74366 78
74367 72
74368 3
74369 62
74370 13
74371 64
74372 18
74373 72
74374 72
74375 73
74376 67
74377 66
74378 22
74379 5
74380 67
74381 46
74382 78
74383 66
74384 82
74385 58
74386 41
74387 58
74388 72
74389 70
74390 74
74391 9
74392 0
74393 91
74394 66
74395 76
74396 13
74397 18
74398 67
74399 2
74400 13
74401 90
74402 70
74403 97
74404 98
74405 70
74406 67
74407 98
74408 13
74409 65
74410 75
74411 39
74412 70
74413 91
74414 72
74415 84
74416 59
74417 24
74418 59
74419 72
74420 5
74421 89
74422 97
74423 62
74424 72
74425 96
74426 8
74427 19
74428 28
74429 94
74430 32
74431 44
74432 17
74433 91
74434 7
74435 73
74436 24
74437 41
74438 97
74439 66
74440 60
74441 47
74442 56
74443 52
74444 36
74445 33
74446 89
74447 39
74448 83
74449 56
74450 38
74451 0
74452 67
74453 55
74454 74
74455 81
74456 87
74457 18
74458 71
74459 2
74460 52
74461 89
74462 34
74463 72
74464 90
74465 58
74466 35
74467 13
74468 97
74469 41
74470 69
74471 14
74472 81
74473 94
74474 35
74475 47
74476 52
74477 82
74478 55
74479 47
74480 68
74481 61
74482 22
74483 53
74484 56
74485 60
74486 1
74487 57
74488 41
74489 96
74490 42
74491 85
74492 37
74493 64
74494 25
74495 64
74496 72
74497 54
74498 52
74499 18
74500 92
74501 5
74502 47
74503 97
74504 57
74505 71
74506 97
74507 6
74508 52
74509 25
74510 97
74511 57
74512 43
74513 60
74514 87
74515 70
74516 98
74517 60
74518 81
74519 55
74520 81
74521 27
74522 25
74523 51
74524 66
74525 68
74526 39
74527 54
74528 60
74529 52
74530 85
74531 42
74532 4
74533 62
74534 2
74535 49
74536 40
74537 70
74538 44
74539 59
74540 73
74541 18
74542 60
74543 35
74544 79
74545 85
74546 39
74547 65
74548 10
74549 35
74550 15
74551 92
74552 46
74553 13
74554 19
74555 57
74556 61
74557 23
74558 73
74559 75
74560 58
74561 81
74562 95
74563 53
74564 75
74565 67
74566 73
74567 64
74568 56
74569 30
74570 8
74571 58
74572 97
74573 95
74574 5
74575 72
74576 39
74577 72
74578 94
74579 58
74580 5
74581 5
74582 69
74583 72
74584 53
74585 84
74586 56
74587 46
74588 50
74589 73
74590 91
74591 68
74592 41
74593 60
74594 81
74595 53
74596 41
74597 87
74598 14
74599 46
74600 45
74601 89
74602 70
74603 17
74604 73
74605 28
74606 72
74607 82
74608 3
74609 51
74610 4
74611 18
74612 76
74613 93
74614 20
74615 0
74616 73
74617 57
74618 2
74619 24
74620 8
74621 81
74622 99
74623 10
74624 18
74625 54
74626 4
74627 89
74628 41
74629 64
74630 13
74631 86
74632 22
74633 76
74634 75
74635 57
74636 2
74637 7
74638 16
74639 64
74640 61
74641 92
74642 23
74643 70
74644 81
74645 56
74646 56
74647 2
74648 94
74649 90
74650 69
74651 9
74652 30
74653 72
74654 96
74655 66
74656 52
74657 22
74658 85
74659 88
74660 0
74661 11
74662 77
74663 35
74664 11
74665 7
74666 83
74667 93
74668 26
74669 42
74670 72
74671 28
74672 5
74673 38
74674 68
74675 78
74676 41
74677 86
74678 70
74679 15
74680 32
74681 39
74682 94
74683 62
74684 58
74685 21
74686 81
74687 73
74688 66
74689 34
74690 91
74691 63
74692 75
74693 16
74694 96
74695 56
74696 75
74697 34
74698 15
74699 8
74700 88
74701 68
74702 39
74703 40
74704 46
74705 74
74706 51
74707 51
74708 2
74709 32
74710 92
74711 72
74712 50
74713 36
74714 70
74715 77
74716 87
74717 2
74718 48
74719 63
74720 59
74721 46
74722 88
74723 81
74724 92
74725 73
74726 41
74727 72
74728 20
74729 64
74730 26
74731 8
74732 76
74733 53
74734 63
74735 69
74736 74
74737 33
74738 35
74739 76
74740 72
74741 83
74742 8
74743 78
74744 53
74745 77
74746 44
74747 70
74748 54
74749 64
74750 4
74751 24
74752 33
74753 50
74754 34
74755 36
74756 16
74757 0
74758 65
74759 31
74760 73
74761 51
74762 97
74763 69
74764 62
74765 51
74766 70
74767 40
74768 97
74769 74
74770 45
74771 55
74772 14
74773 19
74774 59
74775 18
74776 2
74777 59
74778 86
74779 36
74780 67
74781 5
74782 93
74783 88
74784 36
74785 73
74786 47
74787 15
74788 36
74789 25
74790 70
74791 29
74792 45
74793 72
74794 4
74795 90
74796 41
74797 3
74798 6
74799 75
74800 28
74801 32
74802 10
74803 81
74804 5
74805 72
74806 10
74807 72
74808 60
74809 26
74810 78
74811 65
74812 0
74813 94
74814 41
74815 56
74816 2
74817 50
74818 40
74819 2
74820 43
74821 63
74822 58
74823 56
74824 35
74825 72
74826 60
74827 61
74828 0
74829 75
74830 72
74831 74
74832 67
74833 67
74834 82
74835 0
74836 24
74837 47
74838 72
74839 45
74840 99
74841 25
74842 43
74843 1
74844 29
74845 8
74846 25
74847 39
74848 60
74849 24
74850 13
74851 20
74852 41
74853 73
74854 35
74855 77
74856 25
74857 36
74858 60
74859 89
74860 84
74861 13
74862 75
74863 61
74864 58
74865 26
74866 61
74867 26
74868 51
74869 70
74870 56
74871 87
74872 33
74873 57
74874 58
74875 23
74876 83
74877 94
74878 71
74879 68
74880 67
74881 61
74882 97
74883 51
74884 28
74885 2
74886 82
74887 34
74888 44
74889 97
74890 60
74891 97
74892 33
74893 93
74894 74
74895 73
74896 41
74897 51
74898 19
74899 44
74900 1
74901 13
74902 84
74903 50
74904 7
74905 94
74906 89
74907 61
74908 74
74909 55
74910 15
74911 14
74912 48
74913 28
74914 59
74915 28
74916 25
74917 82
74918 54
74919 94
74920 69
74921 15
74922 58
74923 2
74924 85
74925 22
74926 23
74927 89
74928 29
74929 97
74930 20
74931 85
74932 14
74933 77
74934 0
74935 51
74936 33
74937 47
74938 23
74939 42
74940 28
74941 72
74942 60
74943 68
74944 76
74945 55
74946 55
74947 47
74948 72
74949 3
74950 6
74951 28
74952 74
74953 60
74954 57
74955 77
74956 50
74957 32
74958 89
74959 93
74960 85
74961 35
74962 60
74963 57
74964 57
74965 72
74966 3
74967 72
74968 82
74969 87
74970 73
74971 27
74972 46
74973 75
74974 28
74975 45
74976 88
74977 4
74978 71
74979 63
74980 25
74981 24
74982 67
74983 13
74984 33
74985 36
74986 23
74987 54
74988 59
74989 55
74990 15
74991 20
74992 60
74993 40
74994 28
74995 28
74996 17
74997 33
74998 95
74999 70
75000 77
75001 4
75002 48
75003 4
75004 82
75005 72
75006 25
75007 27
75008 41
75009 16
75010 2
75011 21
75012 56
75013 47
75014 61
75015 40
75016 83
75017 69
75018 67
75019 0
75020 13
75021 30
75022 14
75023 70
75024 73
75025 97
75026 19
75027 79
75028 68
75029 9
75030 28
75031 55
75032 58
75033 50
75034 74
75035 86
75036 7
75037 76
75038 84
75039 54
75040 28
75041 73
75042 81
75043 98
75044 18
75045 60
75046 49
75047 22
75048 72
75049 43
75050 61
75051 72
75052 70
75053 35
75054 35
75055 72
75056 73
75057 17
75058 53
75059 1
75060 55
75061 14
75062 35
75063 58
75064 18
75065 37
75066 70
75067 21
75068 87
75069 58
75070 69
75071 68
75072 18
75073 21
75074 67
75075 64
75076 70
75077 66
75078 56
75079 5
75080 25
75081 21
75082 79
75083 34
75084 96
75085 98
75086 74
75087 4
75088 74
75089 42
75090 13
75091 19
75092 38
75093 53
75094 92
75095 8
75096 32
75097 27
75098 29
75099 15
75100 89
75101 3
75102 1
75103 60
75104 8
75105 72
75106 99
75107 74
75108 69
75109 79
75110 25
75111 25
75112 74
75113 19
75114 3
75115 2
75116 65
75117 33
75118 63
75119 83
75120 38
75121 25
75122 79
75123 54
75124 43
75125 95
75126 7
75127 51
75128 73
75129 72
75130 44
75131 67
75132 53
75133 83
75134 92
75135 58
75136 64
75137 50
75138 65
75139 10
75140 96
75141 70
75142 70
75143 97
75144 72
75145 63
75146 76
75147 60
75148 63
75149 84
75150 17
75151 62
75152 16
75153 56
75154 1
75155 21
75156 64
75157 73
75158 43
75159 4
75160 67
75161 18
75162 86
75163 70
75164 9
75165 28
75166 60
75167 60
75168 55
75169 61
75170 60
75171 27
75172 69
75173 69
75174 95
75175 72
75176 97
75177 45
75178 60
75179 75
75180 60
75181 72
75182 33
75183 62
75184 88
75185 46
75186 40
75187 52
75188 4
75189 82
75190 62
75191 39
75192 53
75193 76
75194 63
75195 5
75196 50
75197 44
75198 56
75199 51
75200 40
75201 96
75202 94
75203 64
75204 72
75205 56
75206 51
75207 92
75208 25
75209 55
75210 98
75211 96
75212 72
75213 97
75214 36
75215 82
75216 99
75217 85
75218 79
75219 83
75220 39
75221 73
75222 22
75223 57
75224 96
75225 14
75226 67
75227 87
75228 22
75229 86
75230 97
75231 57
75232 80
75233 78
75234 2
75235 94
75236 86
75237 55
75238 13
75239 19
75240 11
75241 14
75242 86
75243 59
75244 94
75245 11
75246 3
75247 30
75248 4
75249 1
75250 73
75251 55
75252 70
75253 63
75254 96
75255 93
75256 21
75257 63
75258 44
75259 83
75260 65
75261 73
75262 2
75263 77
75264 76
75265 82
75266 85
75267 33
75268 15
75269 62
75270 44
75271 3
75272 50
75273 72
75274 54
75275 67
75276 30
75277 45
75278 77
75279 7
75280 30
75281 19
75282 54
75283 50
75284 97
75285 23
75286 36
75287 82
75288 76
75289 18
75290 61
75291 94
75292 57
75293 67
75294 24
75295 69
75296 88
75297 52
75298 73
75299 89
75300 13
75301 44
75302 11
75303 1
75304 45
75305 16
75306 8
75307 76
75308 95
75309 11
75310 85
75311 31
75312 76
75313 18
75314 57
75315 42
75316 70
75317 47
75318 45
75319 90
75320 62
75321 11
75322 61
75323 73
75324 27
75325 9
75326 54
75327 15
75328 83
75329 49
75330 87
75331 64
75332 64
75333 92
75334 43
75335 29
75336 17
75337 13
75338 44
75339 99
75340 55
75341 67
75342 57
75343 84
75344 81
75345 1
75346 14
75347 30
75348 23
75349 39
75350 61
75351 72
75352 95
75353 66
75354 81
75355 30
75356 17
75357 82
75358 18
75359 40
75360 54
75361 15
75362 69
75363 87
75364 4
75365 72
75366 73
75367 18
75368 96
75369 95
75370 60
75371 3
75372 73
75373 57
75374 88
75375 54
75376 89
75377 73
75378 97
75379 18
75380 2
75381 92
75382 67
75383 53
75384 77
75385 67
75386 86
75387 74
75388 25
75389 2
75390 73
75391 19
75392 25
75393 29
75394 40
75395 53
75396 28
75397 81
75398 21
75399 30
75400 30
75401 17
75402 14
75403 56
75404 60
75405 59
75406 58
75407 53
75408 94
75409 64
75410 97
75411 9
75412 88
75413 62
75414 47
75415 1
75416 21
75417 3
75418 73
75419 25
75420 85
75421 79
75422 75
75423 56
75424 29
75425 63
75426 10
75427 0
75428 63
75429 99
75430 54
75431 57
75432 28
75433 42
75434 58
75435 83
75436 18
75437 18
75438 44
75439 9
75440 95
75441 66
75442 62
75443 35
75444 43
75445 2
75446 9
75447 72
75448 70
75449 15
75450 70
75451 13
75452 72
75453 28
75454 62
75455 65
75456 52
75457 58
75458 86
75459 50
75460 91
75461 63
75462 73
75463 55
75464 57
75465 3
75466 1
75467 0
75468 61
75469 4
75470 20
75471 81
75472 52
75473 85
75474 73
75475 78
75476 26
75477 73
75478 98
75479 96
75480 72
75481 72
75482 58
75483 72
75484 65
75485 19
75486 55
75487 65
75488 79
75489 0
75490 77
75491 51
75492 9
75493 10
75494 43
75495 97
75496 39
75497 37
75498 1
75499 87
75500 72
75501 47
75502 60
75503 15
75504 73
75505 0
75506 19
75507 72
75508 24
75509 68
75510 68
75511 94
75512 59
75513 89
75514 72
75515 60
75516 65
75517 93
75518 41
75519 61
75520 36
75521 50
75522 99
75523 72
75524 75
75525 64
75526 83
75527 48
75528 56
75529 28
75530 56
75531 73
75532 59
75533 67
75534 76
75535 85
75536 49
75537 69
75538 63
75539 2
75540 58
75541 22
75542 41
75543 15
75544 18
75545 61
75546 92
75547 4
75548 75
75549 82
75550 9
75551 72
75552 79
75553 62
75554 38
75555 70
75556 40
75557 73
75558 82
75559 43
75560 35
75561 92
75562 27
75563 82
75564 78
75565 84
75566 36
75567 14
75568 96
75569 60
75570 72
75571 57
75572 54
75573 92
75574 96
75575 28
75576 71
75577 72
75578 25
75579 25
75580 93
75581 66
75582 4
75583 62
75584 27
75585 45
75586 63
75587 72
75588 94
75589 21
75590 52
75591 0
75592 66
75593 94
75594 39
75595 0
75596 41
75597 18
75598 14
75599 70
75600 40
75601 69
75602 72
75603 64
75604 21
75605 30
75606 6
75607 57
75608 47
75609 60
75610 73
75611 53
75612 61
75613 78
75614 41
75615 61
75616 73
75617 50
75618 86
75619 60
75620 15
75621 70
75622 75
75623 77
75624 83
75625 73
75626 72
75627 22
75628 25
75629 2
75630 58
75631 64
75632 51
75633 72
75634 83
75635 61
75636 32
75637 59
75638 41
75639 38
75640 2
75641 72
75642 72
75643 40
75644 48
75645 60
75646 61
75647 51
75648 41
75649 85
75650 82
75651 66
75652 61
75653 77
75654 37
75655 63
75656 0
75657 94
75658 28
75659 40
75660 66
75661 95
75662 3
75663 29
75664 84
75665 47
75666 13
75667 68
75668 69
75669 62
75670 70
75671 75
75672 73
75673 22
75674 54
75675 45
75676 76
75677 89
75678 73
75679 62
75680 75
75681 39
75682 45
75683 29
75684 97
75685 68
75686 91
75687 61
75688 76
75689 88
75690 96
75691 89
75692 9
75693 46
75694 82
75695 40
75696 73
75697 51
75698 99
75699 60
75700 79
75701 54
75702 95
75703 95
75704 75
75705 28
75706 63
75707 42
75708 88
75709 72
75710 93
75711 46
75712 1
75713 90
75714 58
75715 41
75716 44
75717 13
75718 95
75719 6
75720 54
75721 72
75722 20
75723 83
75724 69
75725 37
75726 5
75727 52
75728 77
75729 24
75730 50
75731 21
75732 82
75733 21
75734 87
75735 10
75736 70
75737 54
75738 60
75739 40
75740 40
75741 41
75742 53
75743 30
75744 13
75745 42
75746 92
75747 26
75748 86
75749 91
75750 72
75751 83
75752 1
75753 70
75754 4
75755 94
75756 25
75757 13
75758 68
75759 39
75760 11
75761 50
75762 81
75763 67
75764 77
75765 48
75766 28
75767 29
75768 55
75769 28
75770 40
75771 85
75772 70
75773 5
75774 19
75775 83
75776 53
75777 47
75778 13
75779 30
75780 87
75781 95
75782 50
75783 64
75784 11
75785 70
75786 13
75787 14
75788 72
75789 60
75790 93
75791 71
75792 79
75793 83
75794 54
75795 26
75796 99
75797 73
75798 16
75799 23
75800 1
75801 18
75802 47
75803 73
75804 90
75805 85
75806 18
75807 72
75808 33
75809 28
75810 70
75811 60
75812 64
75813 26
75814 82
75815 60
75816 98
75817 58
75818 42
75819 19
75820 72
75821 70
75822 64
75823 73
75824 79
75825 13
75826 68
75827 68
75828 84
75829 4
75830 25
75831 4
75832 33
75833 76
75834 77
75835 2
75836 48
75837 58
75838 13
75839 2
75840 8
75841 78
75842 57
75843 60
75844 73
75845 58
75846 2
75847 84
75848 85
75849 69
75850 93
75851 13
75852 89
75853 79
75854 47
75855 38
75856 84
75857 52
75858 72
75859 40
75860 64
75861 98
75862 63
75863 73
75864 97
75865 72
75866 72
75867 7
75868 74
75869 42
75870 21
75871 72
75872 46
75873 63
75874 51
75875 75
75876 4
75877 19
75878 78
75879 58
75880 55
75881 22
75882 61
75883 58
75884 25
75885 56
75886 65
75887 58
75888 42
75889 42
75890 41
75891 3
75892 88
75893 6
75894 61
75895 26
75896 25
75897 82
75898 25
75899 84
75900 79
75901 60
75902 4
75903 71
75904 97
75905 58
75906 18
75907 51
75908 45
75909 42
75910 59
75911 60
75912 58
75913 98
75914 78
75915 67
75916 75
75917 2
75918 94
75919 72
75920 76
75921 40
75922 93
75923 62
75924 77
75925 28
75926 58
75927 98
75928 87
75929 91
75930 94
75931 15
75932 78
75933 13
75934 1
75935 23
75936 89
75937 44
75938 73
75939 22
75940 30
75941 85
75942 60
75943 58
75944 19
75945 83
75946 55
75947 41
75948 69
75949 14
75950 71
75951 7
75952 70
75953 22
75954 64
75955 70
75956 74
75957 45
75958 0
75959 45
75960 35
75961 76
75962 85
75963 72
75964 67
75965 61
75966 50
75967 74
75968 78
75969 91
75970 73
75971 29
75972 26
75973 54
75974 54
75975 44
75976 20
75977 65
75978 72
75979 73
75980 67
75981 94
75982 34
75983 87
75984 76
75985 60
75986 60
75987 30
75988 95
75989 63
75990 19
75991 72
75992 3
75993 46
75994 63
75995 17
75996 58
75997 26
75998 81
75999 72
76000 58
76001 94
76002 1
76003 60
76004 82
76005 32
76006 61
76007 36
76008 70
76009 55
76010 88
76011 77
76012 93
76013 40
76014 71
76015 27
76016 75
76017 70
76018 44
76019 45
76020 10
76021 1
76022 71
76023 16
76024 32
76025 13
76026 68
76027 19
76028 54
76029 83
76030 31
76031 60
76032 58
76033 51
76034 77
76035 79
76036 41
76037 61
76038 25
76039 75
76040 58
76041 92
76042 19
76043 72
76044 17
76045 2
76046 2
76047 73
76048 60
76049 8
76050 45
76051 92
76052 35
76053 84
76054 95
76055 45
76056 64
76057 48
76058 66
76059 81
76060 51
76061 13
76062 57
76063 14
76064 89
76065 21
76066 36
76067 60
76068 2
76069 81
76070 25
76071 61
76072 44
76073 81
76074 58
76075 95
76076 58
76077 83
76078 56
76079 69
76080 25
76081 67
76082 57
76083 79
76084 72
76085 0
76086 72
76087 72
76088 46
76089 22
76090 27
76091 72
76092 76
76093 64
76094 74
76095 45
76096 61
76097 61
76098 81
76099 28
76100 21
76101 29
76102 53
76103 79
76104 91
76105 95
76106 81
76107 72
76108 24
76109 68
76110 68
76111 27
76112 83
76113 67
76114 95
76115 72
76116 13
76117 13
76118 87
76119 29
76120 72
76121 2
76122 59
76123 89
76124 71
76125 98
76126 32
76127 60
76128 60
76129 81
76130 29
76131 54
76132 92
76133 56
76134 67
76135 95
76136 7
76137 29
76138 54
76139 53
76140 36
76141 24
76142 54
76143 30
76144 58
76145 93
76146 79
76147 34
76148 55
76149 16
76150 94
76151 72
76152 6
76153 25
76154 95
76155 16
76156 45
76157 72
76158 74
76159 15
76160 32
76161 60
76162 68
76163 30
76164 40
76165 58
76166 95
76167 11
76168 40
76169 7
76170 54
76171 23
76172 72
76173 8
76174 89
76175 51
76176 17
76177 34
76178 75
76179 53
76180 14
76181 46
76182 19
76183 55
76184 59
76185 57
76186 36
76187 14
76188 35
76189 81
76190 72
76191 57
76192 8
76193 74
76194 61
76195 65
76196 25
76197 9
76198 4
76199 41
76200 58
76201 59
76202 33
76203 40
76204 74
76205 13
76206 28
76207 93
76208 2
76209 24
76210 97
76211 64
76212 89
76213 35
76214 60
76215 74
76216 72
76217 71
76218 59
76219 4
76220 85
76221 56
76222 57
76223 35
76224 3
76225 51
76226 69
76227 58
76228 35
76229 23
76230 28
76231 20
76232 52
76233 60
76234 52
76235 39
76236 61
76237 55
76238 0
76239 57
76240 60
76241 58
76242 70
76243 41
76244 43
76245 31
76246 89
76247 16
76248 73
76249 20
76250 16
76251 48
76252 2
76253 83
76254 41
76255 60
76256 18
76257 26
76258 94
76259 70
76260 72
76261 73
76262 86
76263 88
76264 32
76265 65
76266 81
76267 75
76268 73
76269 9
76270 54
76271 70
76272 47
76273 53
76274 54
76275 26
76276 99
76277 52
76278 53
76279 0
76280 42
76281 78
76282 81
76283 76
76284 56
76285 88
76286 22
76287 64
76288 61
76289 53
76290 26
76291 67
76292 5
76293 34
76294 70
76295 92
76296 56
76297 17
76298 76
76299 43
76300 24
76301 78
76302 99
76303 64
76304 72
76305 72
76306 72
76307 64
76308 92
76309 47
76310 66
76311 81
76312 79
76313 55
76314 52
76315 60
76316 18
76317 58
76318 2
76319 77
76320 91
76321 53
76322 40
76323 42
76324 4
76325 72
76326 35
76327 25
76328 54
76329 74
76330 72
76331 61
76332 47
76333 85
76334 4
76335 89
76336 3
76337 25
76338 41
76339 59
76340 13
76341 54
76342 63
76343 75
76344 58
76345 50
76346 50
76347 46
76348 89
76349 73
76350 40
76351 73
76352 80
76353 52
76354 52
76355 73
76356 75
76357 70
76358 50
76359 72
76360 40
76361 51
76362 85
76363 42
76364 92
76365 48
76366 35
76367 44
76368 94
76369 72
76370 95
76371 77
76372 25
76373 54
76374 34
76375 54
76376 58
76377 74
76378 20
76379 93
76380 36
76381 70
76382 82
76383 73
76384 70
76385 28
76386 33
76387 19
76388 60
76389 50
76390 28
76391 62
76392 69
76393 73
76394 48
76395 72
76396 29
76397 85
76398 49
76399 92
76400 58
76401 94
76402 72
76403 73
76404 16
76405 4
76406 54
76407 27
76408 74
76409 29
76410 19
76411 72
76412 86
76413 87
76414 94
76415 72
76416 26
76417 26
76418 56
76419 96
76420 62
76421 41
76422 72
76423 45
76424 27
76425 51
76426 96
76427 8
76428 72
76429 25
76430 29
76431 75
76432 87
76433 26
76434 9
76435 57
76436 63
76437 83
76438 85
76439 22
76440 36
76441 62
76442 29
76443 23
76444 96
76445 38
76446 65
76447 84
76448 1
76449 98
76450 33
76451 61
76452 6
76453 67
76454 30
76455 96
76456 56
76457 46
76458 81
76459 94
76460 26
76461 72
76462 52
76463 67
76464 70
76465 43
76466 93
76467 79
76468 39
76469 10
76470 71
76471 41
76472 81
76473 94
76474 90
76475 15
76476 91
76477 70
76478 73
76479 56
76480 91
76481 58
76482 40
76483 62
76484 85
76485 23
76486 57
76487 26
76488 43
76489 60
76490 62
76491 24
76492 33
76493 51
76494 15
76495 22
76496 53
76497 11
76498 48
76499 5
76500 64
76501 73
76502 50
76503 3
76504 28
76505 39
76506 45
76507 13
76508 41
76509 87
76510 59
76511 63
76512 2
76513 70
76514 73
76515 97
76516 80
76517 65
76518 74
76519 57
76520 66
76521 7
76522 73
76523 13
76524 50
76525 53
76526 76
76527 69
76528 60
76529 7
76530 35
76531 72
76532 60
76533 18
76534 74
76535 5
76536 54
76537 83
76538 56
76539 0
76540 18
76541 21
76542 80
76543 56
76544 94
76545 63
76546 60
76547 10
76548 73
76549 45
76550 73
76551 22
76552 61
76553 44
76554 72
76555 16
76556 30
76557 79
76558 76
76559 94
76560 53
76561 26
76562 78
76563 69
76564 2
76565 61
76566 32
76567 10
76568 45
76569 58
76570 93
76571 0
76572 88
76573 55
76574 84
76575 58
76576 41
76577 88
76578 13
76579 31
76580 41
76581 74
76582 57
76583 44
76584 3
76585 30
76586 94
76587 85
76588 26
76589 70
76590 21
76591 94
76592 54
76593 75
76594 74
76595 91
76596 7
76597 88
76598 79
76599 90
76600 80
76601 3
76602 95
76603 15
76604 38
76605 72
76606 84
76607 15
76608 4
76609 3
76610 43
76611 0
76612 70
76613 19
76614 57
76615 58
76616 25
76617 51
76618 53
76619 73
76620 99
76621 38
76622 40
76623 32
76624 2
76625 85
76626 64
76627 79
76628 43
76629 73
76630 55
76631 13
76632 35
76633 70
76634 70
76635 19
76636 13
76637 8
76638 33
76639 23
76640 57
76641 56
76642 66
76643 94
76644 73
76645 41
76646 63
76647 70
76648 81
76649 70
76650 85
76651 51
76652 85
76653 74
76654 69
76655 9
76656 40
76657 42
76658 45
76659 60
76660 72
76661 69
76662 17
76663 97
76664 64
76665 73
76666 43
76667 51
76668 5
76669 51
76670 23
76671 3
76672 73
76673 46
76674 52
76675 98
76676 40
76677 28
76678 72
76679 50
76680 61
76681 83
76682 63
76683 98
76684 39
76685 3
76686 52
76687 68
76688 45
76689 77
76690 79
76691 78
76692 53
76693 46
76694 55
76695 64
76696 87
76697 5
76698 60
76699 58
76700 53
76701 41
76702 61
76703 92
76704 88
76705 54
76706 10
76707 58
76708 17
76709 73
76710 72
76711 41
76712 88
76713 15
76714 99
76715 54
76716 61
76717 3
76718 65
76719 90
76720 55
76721 16
76722 41
76723 81
76724 72
76725 41
76726 28
76727 92
76728 67
76729 26
76730 83
76731 26
76732 58
76733 88
76734 55
76735 72
76736 37
76737 86
76738 92
76739 7
76740 29
76741 54
76742 72
76743 35
76744 60
76745 75
76746 20
76747 55
76748 25
76749 93
76750 37
76751 95
76752 72
76753 41
76754 99
76755 89
76756 73
76757 72
76758 88
76759 70
76760 19
76761 35
76762 29
76763 72
76764 60
76765 72
76766 53
76767 2
76768 22
76769 2
76770 53
76771 29
76772 55
76773 50
76774 72
76775 32
76776 8
76777 70
76778 18
76779 75
76780 16
76781 54
76782 87
76783 37
76784 91
76785 18
76786 84
76787 36
76788 58
76789 72
76790 55
76791 73
76792 54
76793 6
76794 60
76795 73
76796 96
76797 33
76798 18
76799 48
76800 79
76801 19
76802 97
76803 81
76804 28
76805 91
76806 38
76807 9
76808 30
76809 44
76810 72
76811 72
76812 42
76813 58
76814 97
76815 13
76816 78
76817 73
76818 91
76819 68
76820 27
76821 83
76822 75
76823 72
76824 60
76825 54
76826 56
76827 56
76828 45
76829 83
76830 74
76831 72
76832 18
76833 72
76834 30
76835 52
76836 94
76837 8
76838 98
76839 92
76840 15
76841 87
76842 24
76843 73
76844 51
76845 57
76846 54
76847 73
76848 14
76849 33
76850 97
76851 73
76852 58
76853 60
76854 74
76855 30
76856 22
76857 20
76858 69
76859 45
76860 70
76861 50
76862 67
76863 3
76864 92
76865 19
76866 44
76867 3
76868 70
76869 72
76870 54
76871 64
76872 54
76873 79
76874 64
76875 13
76876 41
76877 29
76878 18
76879 0
76880 64
76881 38
76882 36
76883 39
76884 94
76885 26
76886 42
76887 68
76888 79
76889 61
76890 28
76891 39
76892 44
76893 7
76894 41
76895 95
76896 58
76897 34
76898 72
76899 53
76900 58
76901 22
76902 40
76903 54
76904 67
76905 36
76906 50
76907 55
76908 69
76909 16
76910 73
76911 25
76912 55
76913 18
76914 8
76915 93
76916 57
76917 99
76918 10
76919 78
76920 64
76921 5
76922 82
76923 66
76924 65
76925 2
76926 15
76927 59
76928 30
76929 61
76930 58
76931 72
76932 24
76933 30
76934 2
76935 85
76936 55
76937 54
76938 28
76939 61
76940 73
76941 40
76942 54
76943 78
76944 21
76945 1
76946 43
76947 55
76948 58
76949 73
76950 8
76951 78
76952 36
76953 72
76954 20
76955 53
76956 73
76957 97
76958 36
76959 60
76960 36
76961 63
76962 85
76963 67
76964 72
76965 54
76966 83
76967 91
76968 35
76969 32
76970 85
76971 67
76972 14
76973 64
76974 28
76975 74
76976 52
76977 75
76978 96
76979 55
76980 97
76981 15
76982 93
76983 67
76984 54
76985 57
76986 56
76987 66
76988 33
76989 53
76990 53
76991 20
76992 63
76993 89
76994 16
76995 70
76996 78
76997 42
76998 70
76999 53
77000 8
77001 24
77002 47
77003 57
77004 30
77005 33
77006 2
77007 48
77008 72
77009 48
77010 64
77011 51
77012 18
77013 51
77014 92
77015 89
77016 53
77017 58
77018 96
77019 69
77020 64
77021 35
77022 20
77023 73
77024 72
77025 81
77026 83
77027 52
77028 58
77029 42
77030 38
77031 35
77032 51
77033 41
77034 45
77035 82
77036 64
77037 35
77038 76
77039 60
77040 95
77041 13
77042 84
77043 93
77044 9
77045 32
77046 26
77047 86
77048 39
77049 90
77050 82
77051 47
77052 62
77053 57
77054 13
77055 67
77056 42
77057 2
77058 44
77059 57
77060 72
77061 68
77062 72
77063 55
77064 7
77065 78
77066 81
77067 4
77068 72
77069 85
77070 60
77071 70
77072 95
77073 56
77074 44
77075 35
77076 82
77077 85
77078 90
77079 64
77080 52
77081 13
77082 13
77083 93
77084 30
77085 57
77086 88
77087 74
77088 64
77089 3
77090 13
77091 73
77092 68
77093 50
77094 39
77095 91
77096 94
77097 62
77098 60
77099 54
77100 87
77101 22
77102 46
77103 35
77104 72
77105 35
77106 74
77107 16
77108 77
77109 92
77110 98
77111 54
77112 94
77113 31
77114 72
77115 85
77116 73
77117 96
77118 53
77119 35
77120 84
77121 88
77122 72
77123 36
77124 77
77125 85
77126 72
77127 40
77128 30
77129 86
77130 35
77131 25
77132 5
77133 51
77134 19
77135 91
77136 61
77137 56
77138 29
77139 25
77140 72
77141 85
77142 57
77143 67
77144 76
77145 60
77146 42
77147 64
77148 33
77149 9
77150 72
77151 47
77152 16
77153 25
77154 10
77155 89
77156 91
77157 46
77158 4
77159 94
77160 60
77161 53
77162 67
77163 13
77164 35
77165 60
77166 57
77167 72
77168 43
77169 89
77170 97
77171 15
77172 2
77173 92
77174 72
77175 60
77176 20
77177 31
77178 97
77179 77
77180 39
77181 82
77182 11
77183 91
77184 51
77185 54
77186 58
77187 74
77188 25
77189 21
77190 73
77191 67
77192 35
77193 35
77194 73
77195 72
77196 62
77197 51
77198 64
77199 63
77200 46
77201 13
77202 60
77203 63
77204 84
77205 1
77206 13
77207 51
77208 65
77209 40
77210 72
77211 95
77212 36
77213 72
77214 95
77215 57
77216 41
77217 99
77218 97
77219 52
77220 58
77221 97
77222 60
77223 57
77224 52
77225 28
77226 94
77227 50
77228 3
77229 87
77230 61
77231 72
77232 93
77233 48
77234 0
77235 14
77236 44
77237 43
77238 46
77239 74
77240 81
77241 18
77242 32
77243 96
77244 19
77245 28
77246 26
77247 1
77248 0
77249 94
77250 63
77251 63
77252 57
77253 0
77254 95
77255 55
77256 79
77257 47
77258 47
77259 83
77260 60
77261 70
77262 55
77263 90
77264 60
77265 60
77266 88
77267 86
77268 86
77269 1
77270 63
77271 96
77272 54
77273 62
77274 48
77275 50
77276 19
77277 97
77278 56
77279 63
77280 21
77281 62
77282 10
77283 19
77284 53
77285 7
77286 64
77287 55
77288 13
77289 13
77290 40
77291 39
77292 15
77293 41
77294 85
77295 43
77296 54
77297 5
77298 81
77299 48
77300 72
77301 55
77302 85
77303 18
77304 87
77305 63
77306 97
77307 20
77308 73
77309 19
77310 16
77311 36
77312 25
77313 34
77314 69
77315 39
77316 41
77317 72
77318 41
77319 42
77320 73
77321 45
77322 38
77323 19
77324 70
77325 36
77326 44
77327 74
77328 19
77329 44
77330 53
77331 52
77332 89
77333 2
77334 81
77335 51
77336 13
77337 13
77338 45
77339 46
77340 20
77341 96
77342 92
77343 17
77344 55
77345 22
77346 45
77347 73
77348 14
77349 90
77350 22
77351 61
77352 87
77353 52
77354 30
77355 54
77356 79
77357 76
77358 41
77359 33
77360 38
77361 29
77362 56
77363 91
77364 85
77365 74
77366 57
77367 79
77368 81
77369 19
77370 30
77371 53
77372 72
77373 72
77374 67
77375 65
77376 25
77377 72
77378 63
77379 60
77380 60
77381 62
77382 72
77383 83
77384 76
77385 83
77386 50
77387 98
77388 61
77389 90
77390 16
77391 10
77392 78
77393 97
77394 3
77395 60
77396 58
77397 4
77398 13
77399 18
77400 54
77401 17
77402 21
77403 43
77404 72
77405 2
77406 57
77407 83
77408 58
77409 36
77410 75
77411 57
77412 96
77413 16
77414 72
77415 52
77416 69
77417 9
77418 73
77419 60
77420 28
77421 63
77422 82
77423 44
77424 73
77425 0
77426 56
77427 17
77428 36
77429 33
77430 44
77431 24
77432 73
77433 50
77434 19
77435 72
77436 58
77437 83
77438 81
77439 8
77440 72
77441 71
77442 7
77443 84
77444 53
77445 55
77446 68
77447 75
77448 24
77449 75
77450 43
77451 92
77452 56
77453 60
77454 69
77455 18
77456 53
77457 56
77458 19
77459 67
77460 0
77461 56
77462 98
77463 38
77464 60
77465 57
77466 43
77467 85
77468 67
77469 72
77470 46
77471 60
77472 64
77473 72
77474 20
77475 95
77476 65
77477 67
77478 72
77479 5
77480 72
77481 9
77482 13
77483 34
77484 86
77485 55
77486 54
77487 68
77488 9
77489 2
77490 99
77491 84
77492 22
77493 73
77494 72
77495 60
77496 62
77497 2
77498 55
77499 72
77500 81
77501 81
77502 66
77503 25
77504 84
77505 82
77506 2
77507 91
77508 56
77509 38
77510 72
77511 71
77512 83
77513 43
77514 14
77515 57
77516 60
77517 15
77518 2
77519 5
77520 60
77521 4
77522 99
77523 79
77524 70
77525 36
77526 55
77527 71
77528 75
77529 58
77530 18
77531 33
77532 56
77533 61
77534 97
77535 23
77536 95
77537 29
77538 75
77539 29
77540 65
77541 97
77542 43
77543 44
77544 46
77545 93
77546 86
77547 60
77548 52
77549 28
77550 11
77551 83
77552 50
77553 86
77554 69
77555 58
77556 1
77557 55
77558 69
77559 20
77560 41
77561 94
77562 37
77563 55
77564 33
77565 33
77566 99
77567 76
77568 33
77569 54
77570 35
77571 3
77572 56
77573 67
77574 97
77575 41
77576 72
77577 46
77578 75
77579 74
77580 2
77581 92
77582 3
77583 6
77584 2
77585 61
77586 72
77587 76
77588 34
77589 2
77590 55
77591 2
77592 58
77593 97
77594 96
77595 58
77596 32
77597 15
77598 80
77599 93
77600 73
77601 18
77602 40
77603 18
77604 2
77605 91
77606 54
77607 69
77608 72
77609 58
77610 54
77611 60
77612 63
77613 32
77614 71
77615 43
77616 73
77617 61
77618 89
77619 18
77620 16
77621 14
77622 4
77623 27
77624 53
77625 75
77626 70
77627 73
77628 32
77629 81
77630 30
77631 26
77632 60
77633 61
77634 41
77635 46
77636 60
77637 7
77638 35
77639 22
77640 30
77641 76
77642 15
77643 8
77644 71
77645 35
77646 17
77647 75
77648 30
77649 35
77650 73
77651 3
77652 76
77653 75
77654 55
77655 73
77656 34
77657 13
77658 22
77659 56
77660 13
77661 14
77662 2
77663 60
77664 31
77665 67
77666 71
77667 53
77668 4
77669 62
77670 63
77671 72
77672 88
77673 39
77674 64
77675 36
77676 31
77677 19
77678 43
77679 4
77680 35
77681 61
77682 68
77683 61
77684 28
77685 50
77686 25
77687 72
77688 43
77689 21
77690 94
77691 6
77692 48
77693 87
77694 97
77695 80
77696 75
77697 72
77698 89
77699 70
77700 49
77701 20
77702 63
77703 25
77704 55
77705 19
77706 29
77707 94
77708 43
77709 54
77710 95
77711 95
77712 83
77713 52
77714 39
77715 46
77716 45
77717 1
77718 50
77719 73
77720 69
77721 72
77722 72
77723 22
77724 72
77725 24
77726 53
77727 50
77728 83
77729 97
77730 50
77731 79
77732 22
77733 76
77734 73
77735 95
77736 97
77737 35
77738 76
77739 64
77740 14
77741 42
77742 96
77743 57
77744 49
77745 66
77746 29
77747 14
77748 16
77749 82
77750 70
77751 28
77752 77
77753 72
77754 61
77755 50
77756 42
77757 91
77758 63
77759 14
77760 63
77761 14
77762 48
77763 96
77764 2
77765 29
77766 4
77767 25
77768 20
77769 90
77770 73
77771 15
77772 20
77773 36
77774 57
77775 43
77776 91
77777 21
77778 82
77779 57
77780 30
77781 50
77782 1
77783 60
77784 60
77785 83
77786 89
77787 18
77788 82
77789 83
77790 65
77791 24
77792 81
77793 42
77794 2
77795 8
77796 63
77797 62
77798 73
77799 53
77800 51
77801 82
77802 2
77803 11
77804 30
77805 65
77806 94
77807 0
77808 66
77809 83
77810 93
77811 47
77812 19
77813 20
77814 8
77815 67
77816 15
77817 72
77818 51
77819 81
77820 16
77821 18
77822 8
77823 61
77824 73
77825 44
77826 72
77827 42
77828 82
77829 14
77830 41
77831 69
77832 61
77833 53
77834 60
77835 72
77836 82
77837 45
77838 95
77839 73
77840 60
77841 68
77842 44
77843 75
77844 45
77845 53
77846 48
77847 39
77848 60
77849 51
77850 42
77851 95
77852 10
77853 1
77854 9
77855 92
77856 4
77857 77
77858 50
77859 25
77860 23
77861 21
77862 72
77863 95
77864 78
77865 26
77866 65
77867 69
77868 50
77869 65
77870 94
77871 55
77872 73
77873 41
77874 88
77875 54
77876 88
77877 76
77878 79
77879 74
77880 19
77881 96
77882 30
77883 50
77884 53
77885 96
77886 71
77887 72
77888 58
77889 18
77890 59
77891 72
77892 66
77893 45
77894 47
77895 72
77896 60
77897 25
77898 52
77899 18
77900 0
77901 74
77902 62
77903 88
77904 33
77905 65
77906 70
77907 53
77908 26
77909 71
77910 10
77911 48
77912 5
77913 24
77914 68
77915 50
77916 41
77917 72
77918 43
77919 55
77920 73
77921 11
77922 2
77923 13
77924 17
77925 55
77926 14
77927 10
77928 88
77929 83
77930 59
77931 96
77932 2
77933 60
77934 63
77935 97
77936 97
77937 56
77938 26
77939 70
77940 41
77941 47
77942 67
77943 50
77944 73
77945 11
77946 85
77947 72
77948 25
77949 73
77950 54
77951 72
77952 74
77953 34
77954 73
77955 72
77956 94
77957 52
77958 60
77959 0
77960 70
77961 3
77962 51
77963 73
77964 55
77965 60
77966 13
77967 23
77968 10
77969 72
77970 97
77971 30
77972 70
77973 55
77974 74
77975 35
77976 56
77977 60
77978 33
77979 35
77980 56
77981 32
77982 21
77983 72
77984 58
77985 95
77986 83
77987 56
77988 37
77989 67
77990 91
77991 7
77992 73
77993 57
77994 22
77995 25
77996 90
77997 49
77998 22
77999 57
78000 74
78001 94
78002 28
78003 61
78004 85
78005 80
78006 60
78007 73
78008 54
78009 97
78010 7
78011 65
78012 69
78013 25
78014 46
78015 98
78016 30
78017 3
78018 95
78019 42
78020 13
78021 54
78022 73
78023 80
78024 21
78025 0
78026 70
78027 7
78028 49
78029 53
78030 78
78031 26
78032 70
78033 96
78034 44
78035 71
78036 73
78037 52
78038 61
78039 94
78040 66
78041 18
78042 94
78043 88
78044 55
78045 86
78046 89
78047 63
78048 16
78049 96
78050 58
78051 19
78052 36
78053 0
78054 40
78055 60
78056 64
78057 33
78058 48
78059 58
78060 44
78061 68
78062 86
78063 36
78064 45
78065 98
78066 72
78067 39
78068 66
78069 83
78070 97
78071 43
78072 85
78073 85
78074 72
78075 6
78076 60
78077 3
78078 79
78079 64
78080 25
78081 55
78082 62
78083 69
78084 81
78085 53
78086 94
78087 73
78088 50
78089 29
78090 66
78091 63
78092 31
78093 4
78094 46
78095 0
78096 51
78097 91
78098 35
78099 94
78100 51
78101 73
78102 90
78103 87
78104 96
78105 54
78106 28
78107 57
78108 89
78109 53
78110 15
78111 76
78112 14
78113 71
78114 60
78115 52
78116 68
78117 50
78118 3
78119 72
78120 56
78121 36
78122 14
78123 74
78124 67
78125 93
78126 81
78127 74
78128 66
78129 87
78130 51
78131 67
78132 36
78133 1
78134 54
78135 90
78136 90
78137 94
78138 24
78139 65
78140 60
78141 45
78142 73
78143 82
78144 35
78145 53
78146 53
78147 69
78148 45
78149 97
78150 64
78151 74
78152 55
78153 44
78154 47
78155 46
78156 50
78157 89
78158 89
78159 67
78160 60
78161 14
78162 94
78163 95
78164 78
78165 65
78166 60
78167 54
78168 54
78169 76
78170 77
78171 51
78172 17
78173 2
78174 60
78175 67
78176 82
78177 94
78178 87
78179 95
78180 74
78181 9
78182 32
78183 41
78184 61
78185 44
78186 19
78187 27
78188 68
78189 5
78190 72
78191 73
78192 60
78193 85
78194 76
78195 54
78196 72
78197 86
78198 58
78199 72
78200 39
78201 83
78202 97
78203 57
78204 51
78205 89
78206 80
78207 70
78208 64
78209 87
78210 49
78211 56
78212 16
78213 25
78214 64
78215 67
78216 61
78217 77
78218 72
78219 14
78220 53
78221 48
78222 72
78223 61
78224 64
78225 70
78226 86
78227 9
78228 54
78229 13
78230 4
78231 65
78232 56
78233 3
78234 43
78235 60
78236 32
78237 51
78238 60
78239 42
78240 18
78241 4
78242 71
78243 53
78244 73
78245 91
78246 72
78247 43
78248 19
78249 67
78250 41
78251 19
78252 72
78253 21
78254 71
78255 60
78256 21
78257 32
78258 38
78259 99
78260 51
78261 98
78262 33
78263 94
78264 25
78265 64
78266 63
78267 63
78268 87
78269 70
78270 64
78271 52
78272 58
78273 55
78274 23
78275 72
78276 89
78277 99
78278 54
78279 25
78280 73
78281 57
78282 60
78283 40
78284 32
78285 27
78286 85
78287 53
78288 58
78289 63
78290 17
78291 33
78292 60
78293 42
78294 54
78295 35
78296 22
78297 43
78298 66
78299 87
78300 6
78301 4
78302 42
78303 59
78304 27
78305 45
78306 26
78307 23
78308 57
78309 28
78310 72
78311 4
78312 67
78313 83
78314 55
78315 58
78316 55
78317 95
78318 39
78319 74
78320 82
78321 43
78322 42
78323 67
78324 68
78325 89
78326 76
78327 90
78328 62
78329 96
78330 64
78331 13
78332 19
78333 24
78334 44
78335 73
78336 52
78337 46
78338 50
78339 41
78340 6
78341 72
78342 58
78343 18
78344 68
78345 96
78346 83
78347 91
78348 83
78349 69
78350 67
78351 53
78352 10
78353 73
78354 27
78355 70
78356 25
78357 90
78358 47
78359 72
78360 60
78361 53
78362 92
78363 60
78364 63
78365 51
78366 81
78367 61
78368 26
78369 21
78370 25
78371 82
78372 87
78373 90
78374 73
78375 13
78376 36
78377 73
78378 16
78379 16
78380 51
78381 13
78382 60
78383 87
78384 69
78385 44
78386 39
78387 0
78388 43
78389 4
78390 97
78391 48
78392 21
78393 39
78394 69
78395 20
78396 20
78397 92
78398 60
78399 67
78400 16
78401 69
78402 82
78403 78
78404 4
78405 35
78406 64
78407 19
78408 59
78409 71
78410 36
78411 45
78412 54
78413 96
78414 40
78415 3
78416 25
78417 1
78418 98
78419 40
78420 20
78421 62
78422 40
78423 41
78424 25
78425 17
78426 98
78427 19
78428 60
78429 60
78430 94
78431 19
78432 68
78433 39
78434 54
78435 41
78436 13
78437 94
78438 18
78439 67
78440 70
78441 34
78442 64
78443 53
78444 58
78445 52
78446 79
78447 83
78448 97
78449 20
78450 26
78451 0
78452 20
78453 48
78454 69
78455 40
78456 56
78457 73
78458 70
78459 61
78460 64
78461 61
78462 51
78463 72
78464 63
78465 96
78466 81
78467 66
78468 15
78469 51
78470 77
78471 72
78472 64
78473 25
78474 58
78475 96
78476 7
78477 85
78478 4
78479 94
78480 58
78481 23
78482 25
78483 58
78484 82
78485 4
78486 32
78487 68
78488 66
78489 42
78490 4
78491 91
78492 13
78493 87
78494 15
78495 86
78496 13
78497 61
78498 89
78499 0
78500 7
78501 82
78502 51
78503 71
78504 86
78505 48
78506 79
78507 81
78508 85
78509 25
78510 63
78511 35
78512 35
78513 4
78514 2
78515 73
78516 5
78517 35
78518 14
78519 6
78520 25
78521 70
78522 13
78523 67
78524 23
78525 35
78526 43
78527 95
78528 29
78529 61
78530 15
78531 69
78532 10
78533 64
78534 23
78535 67
78536 63
78537 2
78538 81
78539 58
78540 18
78541 62
78542 13
78543 91
78544 89
78545 70
78546 34
78547 94
78548 15
78549 55
78550 21
78551 53
78552 68
78553 91
78554 51
78555 28
78556 47
78557 19
78558 51
78559 55
78560 29
78561 61
78562 22
78563 25
78564 62
78565 45
78566 9
78567 15
78568 76
78569 2
78570 79
78571 89
78572 65
78573 97
78574 36
78575 18
78576 69
78577 85
78578 73
78579 56
78580 39
78581 24
78582 76
78583 90
78584 95
78585 19
78586 60
78587 18
78588 75
78589 16
78590 60
78591 19
78592 18
78593 17
78594 50
78595 41
78596 19
78597 64
78598 2
78599 28
78600 86
78601 53
78602 41
78603 25
78604 43
78605 97
78606 18
78607 81
78608 23
78609 30
78610 7
78611 72
78612 98
78613 94
78614 26
78615 33
78616 83
78617 40
78618 47
78619 66
78620 96
78621 72
78622 73
78623 95
78624 63
78625 70
78626 72
78627 35
78628 89
78629 68
78630 54
78631 93
78632 74
78633 95
78634 57
78635 97
78636 70
78637 27
78638 61
78639 96
78640 17
78641 92
78642 63
78643 4
78644 97
78645 55
78646 55
78647 71
78648 67
78649 32
78650 69
78651 60
78652 83
78653 63
78654 95
78655 51
78656 81
78657 51
78658 46
78659 42
78660 21
78661 13
78662 96
78663 73
78664 16
78665 2
78666 2
78667 95
78668 36
78669 94
78670 74
78671 3
78672 57
78673 52
78674 67
78675 53
78676 67
78677 92
78678 72
78679 50
78680 53
78681 73
78682 93
78683 87
78684 39
78685 79
78686 85
78687 32
78688 29
78689 37
78690 98
78691 35
78692 2
78693 1
78694 25
78695 68
78696 90
78697 54
78698 41
78699 56
78700 45
78701 73
78702 43
78703 36
78704 26
78705 74
78706 44
78707 19
78708 95
78709 76
78710 79
78711 10
78712 61
78713 51
78714 16
78715 45
78716 98
78717 62
78718 98
78719 51
78720 77
78721 63
78722 4
78723 29
78724 30
78725 47
78726 91
78727 57
78728 83
78729 28
78730 53
78731 18
78732 0
78733 77
78734 4
78735 82
78736 61
78737 25
78738 73
78739 29
78740 37
78741 40
78742 67
78743 70
78744 43
78745 8
78746 92
78747 73
78748 47
78749 41
78750 57
78751 4
78752 29
78753 72
78754 83
78755 72
78756 55
78757 66
78758 53
78759 63
78760 50
78761 72
78762 85
78763 25
78764 97
78765 22
78766 54
78767 67
78768 47
78769 18
78770 86
78771 62
78772 73
78773 13
78774 55
78775 78
78776 3
78777 62
78778 71
78779 19
78780 98
78781 85
78782 39
78783 94
78784 52
78785 22
78786 48
78787 66
78788 89
78789 70
78790 58
78791 64
78792 99
78793 73
78794 79
78795 98
78796 51
78797 56
78798 82
78799 95
78800 28
78801 28
78802 13
78803 39
78804 16
78805 5
78806 15
78807 14
78808 68
78809 19
78810 69
78811 35
78812 72
78813 84
78814 72
78815 9
78816 7
78817 13
78818 92
78819 7
78820 55
78821 53
78822 60
78823 96
78824 53
78825 62
78826 15
78827 0
78828 62
78829 19
78830 51
78831 22
78832 21
78833 55
78834 18
78835 39
78836 84
78837 50
78838 73
78839 5
78840 33
78841 15
78842 15
78843 25
78844 73
78845 59
78846 48
78847 73
78848 41
78849 99
78850 18
78851 85
78852 73
78853 11
78854 74
78855 39
78856 98
78857 85
78858 0
78859 92
78860 35
78861 97
78862 54
78863 44
78864 76
78865 55
78866 8
78867 73
78868 4
78869 36
78870 69
78871 73
78872 51
78873 10
78874 87
78875 74
78876 0
78877 40
78878 81
78879 14
78880 82
78881 52
78882 62
78883 68
78884 90
78885 95
78886 63
78887 39
78888 6
78889 94
78890 61
78891 47
78892 9
78893 72
78894 50
78895 72
78896 23
78897 72
78898 87
78899 81
78900 13
78901 45
78902 16
78903 63
78904 51
78905 64
78906 30
78907 73
78908 62
78909 23
78910 89
78911 88
78912 84
78913 81
78914 42
78915 79
78916 73
78917 40
78918 61
78919 81
78920 44
78921 73
78922 99
78923 95
78924 45
78925 55
78926 24
78927 94
78928 20
78929 10
78930 67
78931 55
78932 69
78933 51
78934 61
78935 60
78936 60
78937 62
78938 52
78939 73
78940 73
78941 60
78942 43
78943 33
78944 33
78945 78
78946 59
78947 43
78948 76
78949 47
78950 70
78951 19
78952 88
78953 78
78954 30
78955 95
78956 82
78957 97
78958 91
78959 73
78960 70
78961 15
78962 34
78963 2
78964 60
78965 94
78966 33
78967 19
78968 50
78969 18
78970 40
78971 52
78972 45
78973 72
78974 98
78975 88
78976 96
78977 9
78978 61
78979 61
78980 42
78981 87
78982 60
78983 52
78984 51
78985 85
78986 38
78987 68
78988 77
78989 94
78990 7
78991 33
78992 57
78993 98
78994 60
78995 2
78996 80
78997 52
78998 59
78999 19
79000 11
79001 45
79002 89
79003 72
79004 2
79005 70
79006 82
79007 99
79008 18
79009 85
79010 70
79011 45
79012 73
79013 53
79014 99
79015 82
79016 70
79017 89
79018 68
79019 30
79020 73
79021 46
79022 1
79023 79
79024 58
79025 55
79026 51
79027 17
79028 57
79029 36
79030 7
79031 55
79032 67
79033 69
79034 53
79035 43
79036 61
79037 61
79038 2
79039 43
79040 78
79041 35
79042 77
79043 13
79044 33
79045 20
79046 51
79047 81
79048 42
79049 46
79050 78
79051 63
79052 75
79053 13
79054 77
79055 29
79056 13
79057 72
79058 96
79059 44
79060 87
79061 25
79062 21
79063 82
79064 43
79065 25
79066 14
79067 61
79068 48
79069 55
79070 70
79071 60
79072 41
79073 60
79074 90
79075 97
79076 58
79077 14
79078 19
79079 87
79080 40
79081 23
79082 30
79083 54
79084 25
79085 39
79086 73
79087 48
79088 88
79089 62
79090 9
79091 62
79092 68
79093 40
79094 18
79095 60
79096 5
79097 86
79098 60
79099 45
79100 94
79101 69
79102 40
79103 42
79104 36
79105 76
79106 52
79107 94
79108 15
79109 41
79110 99
79111 97
79112 74
79113 13
79114 41
79115 13
79116 89
79117 61
79118 54
79119 73
79120 95
79121 54
79122 18
79123 19
79124 55
79125 74
79126 76
79127 61
79128 32
79129 61
79130 72
79131 50
79132 36
79133 30
79134 97
79135 47
79136 72
79137 29
79138 70
79139 72
79140 26
79141 77
79142 17
79143 36
79144 51
79145 51
79146 98
79147 25
79148 11
79149 39
79150 55
79151 36
79152 40
79153 97
79154 19
79155 2
79156 70
79157 72
79158 55
79159 63
79160 43
79161 98
79162 67
79163 35
79164 77
79165 32
79166 30
79167 35
79168 56
79169 74
79170 54
79171 0
79172 18
79173 14
79174 63
79175 35
79176 13
79177 39
79178 21
79179 73
79180 18
79181 45
79182 29
79183 67
79184 29
79185 95
79186 73
79187 54
79188 52
79189 78
79190 60
79191 26
79192 85
79193 70
79194 23
79195 85
79196 10
79197 61
79198 54
79199 60
79200 72
79201 0
79202 60
79203 72
79204 81
79205 0
79206 79
79207 65
79208 22
79209 79
79210 72
79211 51
79212 95
79213 91
79214 73
79215 90
79216 74
79217 40
79218 96
79219 40
79220 36
79221 53
79222 8
79223 59
79224 97
79225 2
79226 78
79227 4
79228 56
79229 99
79230 69
79231 80
79232 2
79233 2
79234 0
79235 2
79236 77
79237 21
79238 84
79239 49
79240 26
79241 3
79242 18
79243 10
79244 57
79245 95
79246 93
79247 50
79248 77
79249 52
79250 91
79251 10
79252 93
79253 55
79254 71
79255 60
79256 10
79257 25
79258 82
79259 92
79260 5
79261 57
79262 17
79263 0
79264 56
79265 13
79266 46
79267 16
79268 25
79269 45
79270 43
79271 85
79272 30
79273 13
79274 70
79275 94
79276 63
79277 11
79278 93
79279 76
79280 57
79281 86
79282 67
79283 2
79284 77
79285 98
79286 24
79287 70
79288 53
79289 89
79290 72
79291 45
79292 58
79293 73
79294 35
79295 86
79296 8
79297 89
79298 35
79299 73
79300 52
79301 62
79302 62
79303 97
79304 2
79305 79
79306 97
79307 88
79308 51
79309 85
79310 78
79311 35
79312 72
79313 7
79314 66
79315 94
79316 99
79317 1
79318 26
79319 25
79320 45
79321 24
79322 95
79323 10
79324 2
79325 60
79326 95
79327 73
79328 86
79329 2
79330 72
79331 82
79332 54
79333 63
79334 79
79335 63
79336 51
79337 6
79338 0
79339 72
79340 88
79341 53
79342 33
79343 27
79344 82
79345 67
79346 14
79347 54
79348 55
79349 73
79350 42
79351 8
79352 4
79353 67
79354 98
79355 53
79356 54
79357 77
79358 55
79359 23
79360 60
79361 75
79362 26
79363 43
79364 63
79365 62
79366 54
79367 53
79368 85
79369 55
79370 95
79371 10
79372 44
79373 46
79374 59
79375 41
79376 95
79377 10
79378 81
79379 91
79380 51
79381 61
79382 0
79383 85
79384 67
79385 95
79386 57
79387 51
79388 24
79389 46
79390 70
79391 8
79392 80
79393 23
79394 13
79395 41
79396 19
79397 63
79398 98
79399 60
79400 89
79401 22
79402 73
79403 4
79404 62
79405 58
79406 53
79407 10
79408 55
79409 56
79410 64
79411 84
79412 91
79413 91
79414 34
79415 4
79416 38
79417 62
79418 82
79419 60
79420 7
79421 42
79422 92
79423 28
79424 28
79425 73
79426 72
79427 93
79428 13
79429 42
79430 41
79431 1
79432 74
79433 70
79434 13
79435 98
79436 45
79437 87
79438 51
79439 42
79440 42
79441 51
79442 26
79443 78
79444 95
79445 55
79446 4
79447 62
79448 54
79449 57
79450 18
79451 84
79452 14
79453 48
79454 25
79455 27
79456 39
79457 18
79458 58
79459 30
79460 36
79461 84
79462 6
79463 24
79464 75
79465 92
79466 95
79467 72
79468 71
79469 98
79470 0
79471 70
79472 57
79473 53
79474 95
79475 40
79476 62
79477 57
79478 90
79479 73
79480 71
79481 2
79482 60
79483 5
79484 56
79485 56
79486 66
79487 85
79488 83
79489 77
79490 70
79491 71
79492 64
79493 83
79494 55
79495 58
79496 73
79497 13
79498 94
79499 48
79500 23
79501 94
79502 65
79503 85
79504 55
79505 94
79506 84
79507 13
79508 47
79509 72
79510 10
79511 40
79512 8
79513 85
79514 73
79515 6
79516 60
79517 59
79518 41
79519 18
79520 45
79521 49
79522 68
79523 35
79524 35
79525 69
79526 42
79527 30
79528 69
79529 6
79530 57
79531 72
79532 14
79533 47
79534 41
79535 97
79536 98
79537 94
79538 56
79539 67
79540 23
79541 36
79542 36
79543 43
79544 25
79545 58
79546 60
79547 63
79548 6
79549 64
79550 11
79551 76
79552 55
79553 43
79554 98
79555 9
79556 98
79557 44
79558 39
79559 96
79560 67
79561 76
79562 48
79563 70
79564 11
79565 55
79566 30
79567 55
79568 90
79569 36
79570 42
79571 65
79572 96
79573 98
79574 60
79575 6
79576 2
79577 62
79578 48
79579 51
79580 76
79581 17
79582 52
79583 15
79584 24
79585 70
79586 55
79587 93
79588 79
79589 66
79590 60
79591 9
79592 70
79593 80
79594 82
79595 61
79596 68
79597 36
79598 59
79599 11
79600 63
79601 53
79602 59
79603 85
79604 85
79605 30
79606 53
79607 50
79608 90
79609 97
79610 5
79611 72
79612 9
79613 61
79614 63
79615 70
79616 95
79617 67
79618 19
79619 17
79620 40
79621 95
79622 70
79623 32
79624 76
79625 56
79626 13
79627 13
79628 56
79629 19
79630 11
79631 85
79632 54
79633 36
79634 76
79635 57
79636 76
79637 76
79638 2
79639 97
79640 32
79641 0
79642 4
79643 98
79644 16
79645 60
79646 73
79647 72
79648 83
79649 35
79650 44
79651 68
79652 80
79653 95
79654 73
79655 45
79656 72
79657 73
79658 4
79659 5
79660 72
79661 69
79662 8
79663 73
79664 53
79665 76
79666 64
79667 19
79668 23
79669 51
79670 94
79671 73
79672 40
79673 46
79674 25
79675 88
79676 55
79677 45
79678 94
79679 41
79680 7
79681 73
79682 38
79683 22
79684 4
79685 28
79686 64
79687 61
79688 63
79689 97
79690 63
79691 60
79692 85
79693 65
79694 73
79695 74
79696 61
79697 57
79698 60
79699 17
79700 60
79701 20
79702 26
79703 22
79704 2
79705 51
79706 73
79707 82
79708 61
79709 58
79710 36
79711 35
79712 91
79713 73
79714 58
79715 25
79716 84
79717 73
79718 77
79719 90
79720 45
79721 13
79722 95
79723 65
79724 23
79725 60
79726 55
79727 93
79728 72
79729 89
79730 36
79731 32
79732 30
79733 45
79734 97
79735 67
79736 59
79737 69
79738 74
79739 71
79740 46
79741 68
79742 15
79743 52
79744 50
79745 98
79746 73
79747 19
79748 57
79749 60
79750 18
79751 79
79752 65
79753 5
79754 98
79755 18
79756 60
79757 71
79758 68
79759 98
79760 19
79761 77
79762 25
79763 8
79764 53
79765 72
79766 62
79767 25
79768 39
79769 53
79770 60
79771 85
79772 25
79773 94
79774 93
79775 28
79776 71
79777 55
79778 89
79779 58
79780 82
79781 44
79782 85
79783 58
79784 56
79785 4
79786 91
79787 82
79788 45
79789 25
79790 9
79791 58
79792 41
79793 30
79794 38
79795 30
79796 84
79797 73
79798 16
79799 55
79800 72
79801 7
79802 22
79803 35
79804 7
79805 70
79806 35
79807 81
79808 57
79809 39
79810 2
79811 8
79812 54
79813 74
79814 14
79815 60
79816 74
79817 73
79818 16
79819 54
79820 22
79821 67
79822 6
79823 10
79824 76
79825 52
79826 35
79827 84
79828 84
79829 1
79830 1
79831 51
79832 75
79833 17
79834 4
79835 18
79836 7
79837 93
79838 28
79839 8
79840 2
79841 45
79842 66
79843 73
79844 40
79845 75
79846 54
79847 97
79848 1
79849 24
79850 94
79851 48
79852 13
79853 69
79854 14
79855 24
79856 15
79857 95
79858 23
79859 94
79860 40
79861 74
79862 56
79863 16
79864 95
79865 2
79866 28
79867 68
79868 40
79869 27
79870 97
79871 74
79872 19
79873 41
79874 86
79875 23
79876 76
79877 53
79878 56
79879 10
79880 6
79881 41
79882 90
79883 45
79884 32
79885 16
79886 48
79887 38
79888 72
79889 63
79890 23
79891 10
79892 60
79893 69
79894 85
79895 25
79896 10
79897 74
79898 63
79899 73
79900 42
79901 69
79902 91
79903 9
79904 16
79905 14
79906 96
79907 63
79908 18
79909 87
79910 70
79911 67
79912 55
79913 56
79914 9
79915 50
79916 95
79917 89
79918 35
79919 72
79920 13
79921 85
79922 85
79923 13
79924 82
79925 60
79926 67
79927 54
79928 65
79929 59
79930 54
79931 68
79932 68
79933 74
79934 72
79935 30
79936 44
79937 72
79938 93
79939 73
79940 77
79941 55
79942 41
79943 86
79944 98
79945 46
79946 91
79947 32
79948 53
79949 44
79950 72
79951 45
79952 57
79953 41
79954 53
79955 35
79956 60
79957 94
79958 75
79959 50
79960 42
79961 61
79962 70
79963 5
79964 91
79965 20
79966 92
79967 13
79968 47
79969 57
79970 15
79971 2
79972 10
79973 34
79974 51
79975 30
79976 20
79977 39
79978 25
79979 99
79980 61
79981 16
79982 51
79983 29
79984 38
79985 24
79986 55
79987 63
79988 72
79989 5
79990 87
79991 18
79992 21
79993 91
79994 65
79995 82
79996 60
79997 41
79998 16
79999 23
80000 30
80001 83
80002 56
80003 82
80004 28
80005 72
80006 62
80007 89
80008 22
80009 61
80010 2
80011 28
80012 1
80013 66
80014 2
80015 13
80016 61
80017 74
80018 28
80019 23
80020 96
80021 96
80022 67
80023 22
80024 96
80025 6
80026 61
80027 40
80028 42
80029 61
80030 85
80031 67
80032 15
80033 81
80034 60
80035 59
80036 10
80037 81
80038 32
80039 0
80040 67
80041 60
80042 57
80043 39
80044 67
80045 56
80046 75
80047 33
80048 72
80049 4
80050 44
80051 7
80052 49
80053 73
80054 42
80055 73
80056 13
80057 20
80058 65
80059 73
80060 97
80061 90
80062 56
80063 22
80064 85
80065 74
80066 62
80067 56
80068 35
80069 77
80070 30
80071 86
80072 25
80073 2
80074 97
80075 62
80076 36
80077 15
80078 72
80079 77
80080 51
80081 72
80082 95
80083 43
80084 34
80085 61
80086 72
80087 68
80088 57
80089 24
80090 86
80091 74
80092 5
80093 14
80094 54
80095 33
80096 95
80097 22
80098 13
80099 9
80100 13
80101 74
80102 22
80103 5
80104 22
80105 74
80106 22
80107 41
80108 23
80109 18
80110 45
80111 95
80112 2
80113 98
80114 20
80115 51
80116 45
80117 43
80118 14
80119 38
80120 54
80121 52
80122 53
80123 40
80124 94
80125 67
80126 13
80127 94
80128 85
80129 89
80130 70
80131 80
80132 94
80133 92
80134 48
80135 66
80136 29
80137 68
80138 33
80139 18
80140 95
80141 47
80142 77
80143 72
80144 91
80145 48
80146 5
80147 63
80148 60
80149 66
80150 72
80151 72
80152 97
80153 15
80154 40
80155 13
80156 86
80157 50
80158 19
80159 72
80160 72
80161 46
80162 66
80163 17
80164 32
80165 59
80166 36
80167 8
80168 77
80169 60
80170 70
80171 0
80172 52
80173 41
80174 92
80175 50
80176 81
80177 47
80178 30
80179 63
80180 18
80181 22
80182 45
80183 2
80184 40
80185 64
80186 74
80187 5
80188 72
80189 74
80190 59
80191 94
80192 42
80193 91
80194 26
80195 94
80196 60
80197 64
80198 14
80199 92
80200 77
80201 55
80202 74
80203 89
80204 23
80205 14
80206 98
80207 10
80208 60
80209 30
80210 24
80211 73
80212 81
80213 78
80214 11
80215 62
80216 74
80217 53
80218 46
80219 98
80220 46
80221 53
80222 58
80223 46
80224 57
80225 67
80226 30
80227 59
80228 62
80229 91
80230 67
80231 46
80232 72
80233 70
80234 57
80235 60
80236 94
80237 28
80238 15
80239 21
80240 78
80241 19
80242 57
80243 26
80244 72
80245 23
80246 51
80247 45
80248 45
80249 1
80250 93
80251 56
80252 81
80253 9
80254 57
80255 13
80256 11
80257 51
80258 75
80259 56
80260 60
80261 84
80262 61
80263 52
80264 69
80265 67
80266 92
80267 5
80268 82
80269 89
80270 73
80271 85
80272 56
80273 73
80274 97
80275 35
80276 9
80277 99
80278 19
80279 72
80280 61
80281 19
80282 54
80283 14
80284 85
80285 42
80286 47
80287 28
80288 52
80289 17
80290 63
80291 30
80292 77
80293 85
80294 63
80295 13
80296 33
80297 38
80298 26
80299 71
80300 91
80301 58
80302 38
80303 73
80304 53
80305 27
80306 15
80307 18
80308 71
80309 87
80310 95
80311 78
80312 72
80313 38
80314 45
80315 74
80316 95
80317 55
80318 30
80319 54
80320 94
80321 57
80322 20
80323 45
80324 30
80325 55
80326 1
80327 55
80328 25
80329 56
80330 35
80331 96
80332 73
80333 63
80334 82
80335 72
80336 10
80337 68
80338 73
80339 2
80340 50
80341 92
80342 72
80343 0
80344 74
80345 64
80346 72
80347 87
80348 85
80349 57
80350 50
80351 81
80352 95
80353 56
80354 62
80355 33
80356 72
80357 39
80358 79
80359 58
80360 13
80361 83
80362 72
80363 61
80364 43
80365 70
80366 25
80367 62
80368 1
80369 76
80370 62
80371 73
80372 60
80373 44
80374 76
80375 7
80376 18
80377 20
80378 72
80379 93
80380 97
80381 0
80382 72
80383 99
80384 98
80385 4
80386 55
80387 72
80388 57
80389 16
80390 3
80391 62
80392 38
80393 76
80394 18
80395 14
80396 51
80397 61
80398 50
80399 29
80400 58
80401 97
80402 17
80403 38
80404 64
80405 75
80406 0
80407 72
80408 33
80409 63
80410 36
80411 49
80412 13
80413 72
80414 77
80415 61
80416 50
80417 11
80418 83
80419 95
80420 71
80421 81
80422 53
80423 2
80424 58
80425 34
80426 4
80427 84
80428 8
80429 95
80430 25
80431 72
80432 92
80433 55
80434 2
80435 38
80436 45
80437 26
80438 93
80439 64
80440 25
80441 95
80442 35
80443 64
80444 73
80445 87
80446 45
80447 2
80448 41
80449 25
80450 21
80451 87
80452 45
80453 72
80454 89
80455 73
80456 8
80457 72
80458 86
80459 15
80460 60
80461 7
80462 55
80463 11
80464 22
80465 60
80466 74
80467 35
80468 73
80469 54
80470 75
80471 89
80472 30
80473 74
80474 46
80475 3
80476 13
80477 55
80478 73
80479 42
80480 60
80481 54
80482 54
80483 97
80484 74
80485 58
80486 62
80487 47
80488 74
80489 50
80490 62
80491 52
80492 3
80493 72
80494 26
80495 51
80496 55
80497 0
80498 60
80499 95
80500 51
80501 82
80502 85
80503 89
80504 9
80505 55
80506 44
80507 58
80508 2
80509 64
80510 11
80511 43
80512 97
80513 57
80514 98
80515 14
80516 94
80517 89
80518 65
80519 37
80520 54
80521 95
80522 77
80523 72
80524 88
80525 86
80526 94
80527 4
80528 50
80529 68
80530 78
80531 2
80532 20
80533 64
80534 72
80535 11
80536 53
80537 72
80538 75
80539 67
80540 50
80541 64
80542 20
80543 72
80544 61
80545 87
80546 47
80547 72
80548 74
80549 2
80550 18
80551 54
80552 94
80553 72
80554 2
80555 98
80556 73
80557 21
80558 72
80559 13
80560 35
80561 53
80562 60
80563 36
80564 96
80565 72
80566 67
80567 38
80568 2
80569 58
80570 97
80571 91
80572 73
80573 98
80574 98
80575 56
80576 83
80577 70
80578 7
80579 95
80580 85
80581 60
80582 78
80583 83
80584 70
80585 13
80586 83
80587 42
80588 53
80589 58
80590 86
80591 9
80592 7
80593 59
80594 2
80595 13
80596 1
80597 73
80598 78
80599 72
80600 11
80601 58
80602 72
80603 13
80604 97
80605 13
80606 53
80607 54
80608 99
80609 79
80610 73
80611 2
80612 20
80613 63
80614 81
80615 29
80616 48
80617 25
80618 47
80619 28
80620 58
80621 95
80622 61
80623 7
80624 19
80625 62
80626 32
80627 72
80628 67
80629 85
80630 63
80631 18
80632 51
80633 47
80634 59
80635 94
80636 83
80637 67
80638 73
80639 34
80640 36
80641 6
80642 58
80643 55
80644 73
80645 25
80646 7
80647 59
80648 77
80649 59
80650 72
80651 50
80652 44
80653 61
80654 1
80655 16
80656 45
80657 77
80658 69
80659 25
80660 60
80661 79
80662 50
80663 30
80664 69
80665 43
80666 64
80667 85
80668 98
80669 87
80670 86
80671 0
80672 71
80673 62
80674 50
80675 13
80676 48
80677 80
80678 53
80679 97
80680 7
80681 35
80682 71
80683 25
80684 2
80685 38
80686 0
80687 56
80688 86
80689 67
80690 73
80691 81
80692 3
80693 45
80694 60
80695 54
80696 10
80697 52
80698 40
80699 42
80700 73
80701 55
80702 2
80703 53
80704 13
80705 5
80706 72
80707 91
80708 86
80709 98
80710 55
80711 55
80712 73
80713 46
80714 73
80715 85
80716 0
80717 28
80718 9
80719 30
80720 75
80721 99
80722 41
80723 21
80724 55
80725 96
80726 70
80727 41
80728 18
80729 95
80730 13
80731 83
80732 46
80733 69
80734 40
80735 99
80736 8
80737 35
80738 45
80739 15
80740 3
80741 16
80742 72
80743 58
80744 3
80745 43
80746 78
80747 26
80748 30
80749 58
80750 97
80751 64
80752 98
80753 36
80754 51
80755 0
80756 55
80757 98
80758 70
80759 28
80760 0
80761 66
80762 73
80763 17
80764 18
80765 94
80766 45
80767 16
80768 64
80769 51
80770 87
80771 69
80772 30
80773 74
80774 62
80775 61
80776 17
80777 30
80778 1
80779 26
80780 26
80781 27
80782 85
80783 93
80784 60
80785 2
80786 16
80787 52
80788 1
80789 3
80790 98
80791 55
80792 41
80793 13
80794 19
80795 6
80796 44
80797 26
80798 45
80799 36
80800 54
80801 85
80802 43
80803 32
80804 23
80805 62
80806 95
80807 83
80808 66
80809 96
80810 41
80811 52
80812 73
80813 96
80814 58
80815 24
80816 87
80817 64
80818 33
80819 7
80820 60
80821 85
80822 97
80823 52
80824 96
80825 41
80826 64
80827 71
80828 72
80829 72
80830 95
80831 10
80832 60
80833 28
80834 96
80835 57
80836 41
80837 72
80838 2
80839 71
80840 27
80841 58
80842 65
80843 58
80844 30
80845 54
80846 52
80847 0
80848 92
80849 73
80850 82
80851 58
80852 17
80853 71
80854 18
80855 47
80856 88
80857 18
80858 66
80859 64
80860 18
80861 34
80862 95
80863 60
80864 82
80865 89
80866 72
80867 78
80868 25
80869 75
80870 95
80871 70
80872 69
80873 43
80874 68
80875 39
80876 59
80877 53
80878 8
80879 53
80880 94
80881 33
80882 85
80883 55
80884 13
80885 69
80886 71
80887 1
80888 26
80889 38
80890 58
80891 24
80892 56
80893 53
80894 94
80895 43
80896 64
80897 61
80898 42
80899 41
80900 41
80901 89
80902 68
80903 3
80904 81
80905 53
80906 46
80907 62
80908 81
80909 6
80910 1
80911 98
80912 51
80913 19
80914 85
80915 80
80916 0
80917 60
80918 3
80919 90
80920 50
80921 13
80922 23
80923 2
80924 18
80925 64
80926 2
80927 45
80928 53
80929 14
80930 91
80931 72
80932 72
80933 45
80934 30
80935 1
80936 29
80937 0
80938 54
80939 13
80940 40
80941 67
80942 45
80943 87
80944 86
80945 71
80946 15
80947 96
80948 78
80949 94
80950 30
80951 69
80952 69
80953 98
80954 61
80955 36
80956 19
80957 61
80958 9
80959 64
80960 57
80961 71
80962 54
80963 96
80964 72
80965 0
80966 91
80967 22
80968 13
80969 4
80970 98
80971 52
80972 58
80973 78
80974 50
80975 85
80976 73
80977 46
80978 79
80979 83
80980 72
80981 58
80982 8
80983 76
80984 30
80985 13
80986 23
80987 60
80988 5
80989 3
80990 51
80991 38
80992 25
80993 80
80994 50
80995 87
80996 93
80997 29
80998 2
80999 78
81000 25
81001 33
81002 73
81003 53
81004 63
81005 60
81006 24
81007 4
81008 68
81009 89
81010 21
81011 58
81012 97
81013 86
81014 37
81015 20
81016 79
81017 27
81018 58
81019 28
81020 30
81021 62
81022 65
81023 76
81024 55
81025 64
81026 40
81027 73
81028 62
81029 93
81030 73
81031 13
81032 75
81033 74
81034 3
81035 56
81036 13
81037 44
81038 16
81039 72
81040 24
81041 57
81042 60
81043 76
81044 98
81045 50
81046 88
81047 59
81048 89
81049 39
81050 28
81051 94
81052 25
81053 41
81054 16
81055 55
81056 30
81057 83
81058 61
81059 72
81060 25
81061 98
81062 72
81063 53
81064 58
81065 86
81066 83
81067 70
81068 36
81069 60
81070 29
81071 69
81072 51
81073 39
81074 54
81075 51
81076 37
81077 72
81078 36
81079 18
81080 39
81081 46
81082 86
81083 91
81084 47
81085 21
81086 95
81087 42
81088 95
81089 45
81090 33
81091 74
81092 54
81093 36
81094 54
81095 3
81096 78
81097 36
81098 35
81099 61
81100 67
81101 96
81102 57
81103 36
81104 93
81105 72
81106 97
81107 60
81108 24
81109 36
81110 0
81111 26
81112 54
81113 28
81114 60
81115 98
81116 18
81117 52
81118 70
81119 77
81120 11
81121 71
81122 98
81123 47
81124 52
81125 16
81126 13
81127 17
81128 85
81129 86
81130 35
81131 96
81132 18
81133 21
81134 83
81135 72
81136 21
81137 91
81138 21
81139 20
81140 55
81141 13
81142 21
81143 53
81144 58
81145 73
81146 44
81147 66
81148 45
81149 16
81150 48
81151 55
81152 81
81153 90
81154 69
81155 40
81156 47
81157 13
81158 58
81159 96
81160 33
81161 75
81162 15
81163 20
81164 74
81165 26
81166 40
81167 85
81168 64
81169 33
81170 50
81171 7
81172 76
81173 72
81174 54
81175 13
81176 55
81177 75
81178 71
81179 72
81180 94
81181 37
81182 98
81183 85
81184 64
81185 26
81186 36
81187 19
81188 81
81189 36
81190 36
81191 4
81192 40
81193 4
81194 29
81195 72
81196 30
81197 70
81198 35
81199 73
81200 54
81201 74
81202 73
81203 57
81204 2
81205 72
81206 94
81207 64
81208 14
81209 96
81210 15
81211 65
81212 53
81213 13
81214 95
81215 54
81216 98
81217 40
81218 61
81219 19
81220 10
81221 29
81222 86
81223 38
81224 78
81225 71
81226 2
81227 36
81228 65
81229 42
81230 76
81231 32
81232 69
81233 63
81234 72
81235 28
81236 55
81237 70
81238 66
81239 64
81240 97
81241 4
81242 14
81243 31
81244 58
81245 85
81246 27
81247 83
81248 7
81249 56
81250 89
81251 60
81252 20
81253 68
81254 26
81255 64
81256 63
81257 45
81258 16
81259 19
81260 20
81261 50
81262 13
81263 23
81264 90
81265 70
81266 62
81267 63
81268 4
81269 96
81270 4
81271 8
81272 61
81273 53
81274 86
81275 26
81276 37
81277 87
81278 42
81279 95
81280 73
81281 42
81282 54
81283 14
81284 69
81285 99
81286 62
81287 85
81288 45
81289 87
81290 70
81291 90
81292 73
81293 87
81294 36
81295 58
81296 2
81297 61
81298 36
81299 46
81300 38
81301 59
81302 18
81303 72
81304 13
81305 72
81306 52
81307 94
81308 85
81309 30
81310 90
81311 92
81312 64
81313 6
81314 6
81315 29
81316 59
81317 2
81318 43
81319 15
81320 57
81321 60
81322 95
81323 97
81324 30
81325 85
81326 50
81327 85
81328 20
81329 56
81330 58
81331 74
81332 55
81333 53
81334 95
81335 94
81336 47
81337 82
81338 44
81339 71
81340 34
81341 24
81342 95
81343 67
81344 36
81345 74
81346 42
81347 94
81348 13
81349 54
81350 73
81351 84
81352 95
81353 46
81354 63
81355 61
81356 89
81357 2
81358 86
81359 53
81360 88
81361 13
81362 4
81363 56
81364 94
81365 32
81366 72
81367 79
81368 65
81369 94
81370 23
81371 95
81372 60
81373 94
81374 73
81375 74
81376 58
81377 83
81378 27
81379 13
81380 20
81381 25
81382 16
81383 85
81384 75
81385 88
81386 54
81387 64
81388 35
81389 31
81390 58
81391 47
81392 51
81393 18
81394 2
81395 0
81396 47
81397 6
81398 71
81399 55
81400 22
81401 51
81402 60
81403 63
81404 58
81405 15
81406 26
81407 55
81408 60
81409 1
81410 75
81411 86
81412 52
81413 56
81414 29
81415 54
81416 45
81417 46
81418 73
81419 25
81420 55
81421 72
81422 33
81423 82
81424 50
81425 95
81426 51
81427 72
81428 57
81429 68
81430 3
81431 67
81432 22
81433 7
81434 56
81435 61
81436 81
81437 89
81438 49
81439 19
81440 30
81441 16
81442 97
81443 4
81444 63
81445 19
81446 30
81447 88
81448 92
81449 80
81450 71
81451 25
81452 58
81453 30
81454 56
81455 4
81456 70
81457 72
81458 61
81459 28
81460 11
81461 76
81462 73
81463 25
81464 0
81465 25
81466 66
81467 58
81468 73
81469 59
81470 21
81471 92
81472 74
81473 70
81474 54
81475 35
81476 54
81477 72
81478 64
81479 95
81480 39
81481 8
81482 50
81483 63
81484 47
81485 94
81486 95
81487 57
81488 72
81489 70
81490 56
81491 56
81492 95
81493 76
81494 41
81495 86
81496 30
81497 24
81498 64
81499 19
81500 53
81501 74
81502 18
81503 23
81504 57
81505 63
81506 61
81507 74
81508 22
81509 44
81510 10
81511 72
81512 73
81513 69
81514 26
81515 73
81516 23
81517 88
81518 13
81519 81
81520 35
81521 46
81522 15
81523 71
81524 72
81525 70
81526 50
81527 43
81528 93
81529 55
81530 29
81531 39
81532 94
81533 90
81534 84
81535 86
81536 42
81537 55
81538 58
81539 75
81540 66
81541 18
81542 96
81543 63
81544 40
81545 78
81546 45
81547 73
81548 26
81549 16
81550 22
81551 63
81552 95
81553 73
81554 53
81555 18
81556 15
81557 68
81558 19
81559 66
81560 61
81561 33
81562 71
81563 60
81564 24
81565 76
81566 89
81567 17
81568 58
81569 22
81570 53
81571 26
81572 14
81573 24
81574 89
81575 21
81576 23
81577 62
81578 63
81579 13
81580 72
81581 26
81582 59
81583 60
81584 72
81585 30
81586 57
81587 28
81588 13
81589 58
81590 25
81591 25
81592 18
81593 54
81594 50
81595 32
81596 19
81597 62
81598 94
81599 2
81600 53
81601 36
81602 49
81603 83
81604 40
81605 98
81606 51
81607 93
81608 96
81609 30
81610 2
81611 59
81612 28
81613 54
81614 17
81615 34
81616 20
81617 48
81618 0
81619 61
81620 85
81621 81
81622 45
81623 71
81624 51
81625 18
81626 85
81627 60
81628 94
81629 60
81630 13
81631 94
81632 33
81633 55
81634 54
81635 86
81636 28
81637 57
81638 72
81639 30
81640 44
81641 81
81642 3
81643 58
81644 76
81645 62
81646 76
81647 91
81648 73
81649 22
81650 81
81651 94
81652 36
81653 74
81654 23
81655 66
81656 66
81657 67
81658 55
81659 61
81660 20
81661 55
81662 0
81663 45
81664 32
81665 78
81666 59
81667 58
81668 25
81669 74
81670 60
81671 60
81672 54
81673 79
81674 60
81675 53
81676 23
81677 43
81678 62
81679 57
81680 94
81681 52
81682 61
81683 76
81684 73
81685 16
81686 2
81687 32
81688 36
81689 91
81690 55
81691 94
81692 99
81693 40
81694 42
81695 25
81696 54
81697 70
81698 35
81699 51
81700 74
81701 30
81702 83
81703 64
81704 54
81705 51
81706 38
81707 72
81708 30
81709 30
81710 98
81711 59
81712 72
81713 90
81714 2
81715 61
81716 55
81717 68
81718 56
81719 61
81720 70
81721 60
81722 2
81723 85
81724 49
81725 77
81726 57
81727 57
81728 62
81729 60
81730 78
81731 41
81732 69
81733 44
81734 16
81735 38
81736 52
81737 21
81738 1
81739 69
81740 10
81741 51
81742 50
81743 89
81744 57
81745 30
81746 19
81747 53
81748 2
81749 60
81750 53
81751 81
81752 26
81753 3
81754 72
81755 56
81756 91
81757 74
81758 80
81759 55
81760 92
81761 51
81762 98
81763 72
81764 27
81765 20
81766 74
81767 55
81768 30
81769 20
81770 0
81771 98
81772 63
81773 95
81774 95
81775 60
81776 10
81777 59
81778 20
81779 70
81780 9
81781 65
81782 74
81783 53
81784 88
81785 94
81786 18
81787 63
81788 68
81789 21
81790 76
81791 45
81792 1
81793 15
81794 52
81795 47
81796 51
81797 73
81798 30
81799 69
81800 55
81801 20
81802 5
81803 79
81804 21
81805 97
81806 32
81807 60
81808 6
81809 72
81810 94
81811 15
81812 82
81813 71
81814 73
81815 97
81816 18
81817 31
81818 65
81819 41
81820 50
81821 24
81822 20
81823 63
81824 56
81825 95
81826 77
81827 53
81828 53
81829 59
81830 98
81831 30
81832 13
81833 25
81834 4
81835 26
81836 86
81837 14
81838 81
81839 76
81840 60
81841 72
81842 86
81843 54
81844 2
81845 72
81846 72
81847 90
81848 86
81849 28
81850 73
81851 2
81852 41
81853 19
81854 51
81855 45
81856 80
81857 58
81858 14
81859 73
81860 66
81861 95
81862 72
81863 39
81864 47
81865 63
81866 47
81867 96
81868 39
81869 8
81870 87
81871 54
81872 87
81873 92
81874 73
81875 26
81876 72
81877 95
81878 61
81879 1
81880 25
81881 47
81882 78
81883 3
81884 25
81885 6
81886 25
81887 17
81888 46
81889 33
81890 46
81891 89
81892 83
81893 2
81894 53
81895 72
81896 72
81897 50
81898 3
81899 32
81900 51
81901 77
81902 57
81903 75
81904 60
81905 78
81906 16
81907 9
81908 53
81909 41
81910 15
81911 48
81912 45
81913 52
81914 0
81915 82
81916 41
81917 95
81918 89
81919 60
81920 73
81921 89
81922 36
81923 93
81924 74
81925 64
81926 69
81927 22
81928 36
81929 83
81930 54
81931 62
81932 97
81933 95
81934 98
81935 54
81936 28
81937 25
81938 2
81939 97
81940 19
81941 96
81942 40
81943 40
81944 25
81945 85
81946 56
81947 26
81948 44
81949 44
81950 77
81951 25
81952 91
81953 56
81954 14
81955 18
81956 58
81957 29
81958 85
81959 23
81960 2
81961 19
81962 56
81963 8
81964 4
81965 63
81966 28
81967 96
81968 25
81969 70
81970 20
81971 48
81972 52
81973 38
81974 72
81975 97
81976 36
81977 98
81978 87
81979 10
81980 18
81981 79
81982 95
81983 78
81984 69
81985 30
81986 13
81987 45
81988 38
81989 16
81990 51
81991 78
81992 68
81993 87
81994 13
81995 39
81996 23
81997 23
81998 25
81999 1
82000 85
82001 19
82002 73
82003 97
82004 72
82005 15
82006 53
82007 82
82008 52
82009 46
82010 44
82011 24
82012 53
82013 4
82014 38
82015 72
82016 25
82017 25
82018 29
82019 53
82020 94
82021 3
82022 40
82023 60
82024 54
82025 4
82026 70
82027 60
82028 60
82029 36
82030 85
82031 53
82032 20
82033 73
82034 36
82035 9
82036 50
82037 82
82038 87
82039 38
82040 86
82041 47
82042 59
82043 97
82044 0
82045 26
82046 77
82047 63
82048 48
82049 55
82050 53
82051 72
82052 70
82053 15
82054 70
82055 56
82056 19
82057 54
82058 55
82059 98
82060 58
82061 97
82062 14
82063 57
82064 70
82065 84
82066 1
82067 93
82068 93
82069 85
82070 53
82071 28
82072 72
82073 68
82074 76
82075 83
82076 5
82077 42
82078 87
82079 25
82080 1
82081 94
82082 82
82083 85
82084 60
82085 49
82086 73
82087 83
82088 54
82089 30
82090 96
82091 70
82092 45
82093 72
82094 95
82095 98
82096 51
82097 23
82098 96
82099 99
82100 93
82101 54
82102 78
82103 81
82104 95
82105 73
82106 60
82107 81
82108 94
82109 33
82110 0
82111 63
82112 85
82113 85
82114 61
82115 28
82116 9
82117 58
82118 27
82119 50
82120 25
82121 61
82122 54
82123 55
82124 93
82125 60
82126 22
82127 84
82128 55
82129 73
82130 6
82131 97
82132 42
82133 57
82134 74
82135 13
82136 81
82137 21
82138 94
82139 96
82140 64
82141 2
82142 57
82143 3
82144 72
82145 17
82146 57
82147 85
82148 52
82149 71
82150 84
82151 8
82152 59
82153 99
82154 98
82155 40
82156 22
82157 21
82158 54
82159 29
82160 16
82161 78
82162 83
82163 43
82164 86
82165 46
82166 81
82167 73
82168 53
82169 36
82170 48
82171 60
82172 94
82173 13
82174 63
82175 95
82176 8
82177 45
82178 54
82179 67
82180 30
82181 15
82182 51
82183 54
82184 33
82185 94
82186 73
82187 61
82188 57
82189 35
82190 18
82191 48
82192 22
82193 21
82194 84
82195 1
82196 47
82197 29
82198 27
82199 97
82200 26
82201 35
82202 21
82203 47
82204 56
82205 51
82206 35
82207 73
82208 23
82209 98
82210 24
82211 39
82212 32
82213 81
82214 94
82215 26
82216 50
82217 51
82218 82
82219 77
82220 94
82221 85
82222 14
82223 17
82224 85
82225 81
82226 17
82227 73
82228 7
82229 25
82230 16
82231 60
82232 15
82233 51
82234 53
82235 24
82236 41
82237 62
82238 79
82239 52
82240 95
82241 38
82242 47
82243 0
82244 94
82245 79
82246 51
82247 64
82248 36
82249 3
82250 71
82251 86
82252 72
82253 63
82254 53
82255 74
82256 83
82257 29
82258 30
82259 64
82260 10
82261 90
82262 85
82263 81
82264 29
82265 61
82266 69
82267 56
82268 5
82269 9
82270 95
82271 19
82272 44
82273 92
82274 70
82275 60
82276 56
82277 82
82278 43
82279 50
82280 22
82281 67
82282 56
82283 18
82284 73
82285 88
82286 76
82287 93
82288 94
82289 13
82290 95
82291 51
82292 77
82293 97
82294 83
82295 24
82296 4
82297 22
82298 67
82299 36
82300 76
82301 62
82302 41
82303 44
82304 0
82305 58
82306 36
82307 15
82308 29
82309 55
82310 75
82311 11
82312 48
82313 18
82314 57
82315 72
82316 18
82317 72
82318 88
82319 71
82320 41
82321 47
82322 68
82323 42
82324 81
82325 65
82326 1
82327 87
82328 51
82329 2
82330 30
82331 87
82332 57
82333 73
82334 83
82335 25
82336 42
82337 45
82338 83
82339 26
82340 42
82341 80
82342 14
82343 72
82344 95
82345 61
82346 51
82347 58
82348 40
82349 19
82350 47
82351 0
82352 18
82353 24
82354 89
82355 26
82356 67
82357 2
82358 55
82359 69
82360 74
82361 63
82362 2
82363 69
82364 18
82365 63
82366 47
82367 30
82368 62
82369 91
82370 74
82371 67
82372 95
82373 80
82374 62
82375 22
82376 52
82377 45
82378 87
82379 51
82380 68
82381 61
82382 76
82383 11
82384 72
82385 40
82386 13
82387 89
82388 13
82389 72
82390 73
82391 4
82392 60
82393 40
82394 86
82395 25
82396 55
82397 78
82398 2
82399 33
82400 64
82401 33
82402 42
82403 23
82404 81
82405 79
82406 31
82407 13
82408 77
82409 60
82410 72
82411 36
82412 82
82413 99
82414 1
82415 97
82416 81
82417 26
82418 27
82419 2
82420 56
82421 55
82422 99
82423 71
82424 97
82425 55
82426 39
82427 25
82428 85
82429 55
82430 78
82431 56
82432 47
82433 42
82434 95
82435 4
82436 81
82437 53
82438 57
82439 58
82440 95
82441 36
82442 61
82443 18
82444 44
82445 53
82446 38
82447 48
82448 61
82449 70
82450 80
82451 88
82452 4
82453 22
82454 39
82455 60
82456 32
82457 29
82458 30
82459 14
82460 72
82461 21
82462 70
82463 60
82464 96
82465 86
82466 39
82467 61
82468 83
82469 14
82470 48
82471 59
82472 72
82473 13
82474 94
82475 77
82476 55
82477 73
82478 58
82479 40
82480 25
82481 68
82482 64
82483 0
82484 53
82485 95
82486 98
82487 40
82488 7
82489 36
82490 61
82491 1
82492 57
82493 35
82494 46
82495 5
82496 25
82497 73
82498 96
82499 69
82500 40
82501 93
82502 59
82503 22
82504 92
82505 74
82506 56
82507 6
82508 57
82509 42
82510 95
82511 75
82512 1
82513 53
82514 51
82515 38
82516 87
82517 42
82518 2
82519 14
82520 69
82521 57
82522 94
82523 17
82524 49
82525 70
82526 67
82527 2
82528 85
82529 3
82530 55
82531 39
82532 70
82533 56
82534 5
82535 2
82536 47
82537 55
82538 38
82539 48
82540 61
82541 72
82542 51
82543 8
82544 95
82545 97
82546 4
82547 28
82548 87
82549 96
82550 40
82551 23
82552 52
82553 17
82554 81
82555 85
82556 19
82557 60
82558 94
82559 85
82560 47
82561 95
82562 53
82563 98
82564 25
82565 61
82566 87
82567 27
82568 43
82569 72
82570 2
82571 60
82572 56
82573 63
82574 93
82575 51
82576 48
82577 96
82578 85
82579 66
82580 8
82581 3
82582 25
82583 48
82584 70
82585 6
82586 91
82587 51
82588 57
82589 57
82590 94
82591 79
82592 61
82593 7
82594 42
82595 56
82596 53
82597 27
82598 64
82599 0
82600 19
82601 63
82602 96
82603 45
82604 98
82605 23
82606 87
82607 69
82608 89
82609 71
82610 96
82611 45
82612 51
82613 56
82614 45
82615 75
82616 36
82617 60
82618 78
82619 51
82620 93
82621 24
82622 83
82623 57
82624 44
82625 77
82626 61
82627 51
82628 16
82629 51
82630 60
82631 66
82632 48
82633 76
82634 95
82635 24
82636 21
82637 95
82638 61
82639 13
82640 60
82641 97
82642 8
82643 58
82644 72
82645 70
82646 61
82647 83
82648 2
82649 74
82650 97
82651 87
82652 63
82653 45
82654 20
82655 14
82656 38
82657 2
82658 18
82659 57
82660 40
82661 61
82662 72
82663 43
82664 30
82665 73
82666 39
82667 41
82668 45
82669 95
82670 26
82671 11
82672 98
82673 49
82674 3
82675 72
82676 50
82677 10
82678 71
82679 26
82680 86
82681 95
82682 0
82683 97
82684 60
82685 19
82686 79
82687 9
82688 16
82689 73
82690 69
82691 5
82692 95
82693 44
82694 86
82695 95
82696 31
82697 74
82698 2
82699 68
82700 37
82701 65
82702 19
82703 3
82704 46
82705 33
82706 33
82707 32
82708 72
82709 13
82710 76
82711 52
82712 39
82713 26
82714 60
82715 55
82716 40
82717 58
82718 25
82719 50
82720 95
82721 51
82722 69
82723 16
82724 11
82725 51
82726 25
82727 28
82728 54
82729 52
82730 91
82731 10
82732 62
82733 57
82734 31
82735 85
82736 67
82737 20
82738 53
82739 25
82740 8
82741 22
82742 72
82743 21
82744 6
82745 47
82746 67
82747 43
82748 60
82749 45
82750 51
82751 25
82752 58
82753 71
82754 14
82755 17
82756 86
82757 72
82758 24
82759 72
82760 7
82761 13
82762 3
82763 81
82764 57
82765 44
82766 9
82767 10
82768 28
82769 47
82770 94
82771 79
82772 89
82773 89
82774 98
82775 14
82776 55
82777 73
82778 39
82779 35
82780 22
82781 43
82782 69
82783 74
82784 17
82785 81
82786 13
82787 20
82788 82
82789 42
82790 84
82791 33
82792 6
82793 95
82794 56
82795 93
82796 70
82797 2
82798 55
82799 91
82800 72
82801 87
82802 91
82803 46
82804 53
82805 22
82806 74
82807 30
82808 21
82809 67
82810 35
82811 58
82812 95
82813 70
82814 95
82815 97
82816 39
82817 63
82818 3
82819 98
82820 53
82821 13
82822 86
82823 99
82824 1
82825 55
82826 70
82827 74
82828 64
82829 63
82830 11
82831 72
82832 36
82833 64
82834 89
82835 71
82836 82
82837 68
82838 40
82839 63
82840 86
82841 25
82842 55
82843 63
82844 82
82845 66
82846 92
82847 4
82848 30
82849 28
82850 63
82851 47
82852 71
82853 91
82854 40
82855 75
82856 45
82857 46
82858 63
82859 93
82860 2
82861 74
82862 85
82863 84
82864 97
82865 24
82866 86
82867 93
82868 0
82869 53
82870 46
82871 95
82872 28
82873 72
82874 94
82875 92
82876 7
82877 95
82878 69
82879 41
82880 50
82881 30
82882 86
82883 73
82884 24
82885 6
82886 6
82887 67
82888 24
82889 53
82890 97
82891 18
82892 19
82893 94
82894 97
82895 36
82896 40
82897 54
82898 91
82899 38
82900 70
82901 51
82902 87
82903 91
82904 23
82905 21
82906 97
82907 57
82908 47
82909 96
82910 7
82911 21
82912 76
82913 48
82914 53
82915 57
82916 59
82917 83
82918 13
82919 58
82920 55
82921 29
82922 23
82923 17
82924 22
82925 51
82926 55
82927 67
82928 45
82929 55
82930 94
82931 19
82932 48
82933 69
82934 70
82935 48
82936 25
82937 32
82938 36
82939 54
82940 28
82941 20
82942 95
82943 51
82944 41
82945 70
82946 17
82947 58
82948 2
82949 65
82950 70
82951 46
82952 87
82953 62
82954 63
82955 99
82956 50
82957 61
82958 55
82959 86
82960 55
82961 65
82962 22
82963 24
82964 67
82965 41
82966 35
82967 85
82968 17
82969 20
82970 2
82971 18
82972 57
82973 72
82974 89
82975 80
82976 2
82977 82
82978 57
82979 22
82980 28
82981 2
82982 22
82983 52
82984 48
82985 74
82986 26
82987 75
82988 0
82989 90
82990 87
82991 89
82992 14
82993 83
82994 18
82995 72
82996 60
82997 76
82998 41
82999 7
83000 32
83001 72
83002 81
83003 37
83004 80
83005 70
83006 57
83007 94
83008 32
83009 25
83010 34
83011 25
83012 45
83013 50
83014 25
83015 75
83016 45
83017 25
83018 23
83019 45
83020 43
83021 43
83022 75
83023 96
83024 19
83025 54
83026 13
83027 97
83028 95
83029 45
83030 94
83031 36
83032 95
83033 97
83034 98
83035 90
83036 73
83037 81
83038 28
83039 47
83040 54
83041 55
83042 75
83043 93
83044 58
83045 50
83046 71
83047 45
83048 72
83049 6
83050 48
83051 54
83052 10
83053 1
83054 71
83055 57
83056 41
83057 26
83058 73
83059 94
83060 95
83061 53
83062 55
83063 51
83064 72
83065 0
83066 22
83067 78
83068 50
83069 53
83070 46
83071 62
83072 83
83073 81
83074 72
83075 25
83076 13
83077 83
83078 95
83079 81
83080 60
83081 39
83082 64
83083 94
83084 42
83085 46
83086 32
83087 95
83088 17
83089 70
83090 89
83091 21
83092 83
83093 2
83094 85
83095 34
83096 70
83097 18
83098 52
83099 24
83100 35
83101 46
83102 34
83103 72
83104 15
83105 11
83106 63
83107 26
83108 72
83109 6
83110 87
83111 35
83112 0
83113 46
83114 10
83115 81
83116 30
83117 81
83118 85
83119 25
83120 57
83121 25
83122 54
83123 72
83124 62
83125 98
83126 74
83127 84
83128 18
83129 95
83130 91
83131 86
83132 19
83133 78
83134 71
83135 69
83136 91
83137 73
83138 20
83139 61
83140 15
83141 81
83142 13
83143 40
83144 13
83145 18
83146 34
83147 66
83148 64
83149 17
83150 76
83151 8
83152 95
83153 72
83154 66
83155 42
83156 98
83157 41
83158 41
83159 24
83160 22
83161 73
83162 61
83163 39
83164 56
83165 69
83166 64
83167 2
83168 72
83169 13
83170 21
83171 33
83172 87
83173 24
83174 49
83175 99
83176 24
83177 84
83178 25
83179 13
83180 1
83181 89
83182 64
83183 54
83184 77
83185 13
83186 65
83187 86
83188 19
83189 40
83190 8
83191 98
83192 24
83193 30
83194 95
83195 95
83196 85
83197 85
83198 74
83199 7
83200 47
83201 26
83202 62
83203 10
83204 0
83205 97
83206 2
83207 70
83208 25
83209 60
83210 60
83211 26
83212 62
83213 14
83214 94
83215 16
83216 19
83217 25
83218 65
83219 60
83220 57
83221 28
83222 78
83223 41
83224 50
83225 83
83226 72
83227 50
83228 2
83229 81
83230 25
83231 27
83232 65
83233 55
83234 94
83235 7
83236 53
83237 67
83238 41
83239 1
83240 25
83241 4
83242 21
83243 76
83244 84
83245 25
83246 0
83247 70
83248 53
83249 22
83250 73
83251 86
83252 55
83253 40
83254 52
83255 28
83256 55
83257 44
83258 36
83259 84
83260 54
83261 60
83262 40
83263 14
83264 49
83265 14
83266 46
83267 58
83268 67
83269 14
83270 27
83271 62
83272 95
83273 80
83274 92
83275 73
83276 53
83277 51
83278 58
83279 54
83280 34
83281 65
83282 31
83283 62
83284 58
83285 74
83286 34
83287 96
83288 64
83289 83
83290 67
83291 56
83292 60
83293 78
83294 96
83295 13
83296 28
83297 55
83298 45
83299 15
83300 83
83301 16
83302 97
83303 64
83304 6
83305 58
83306 27
83307 40
83308 78
83309 51
83310 0
83311 72
83312 47
83313 39
83314 82
83315 83
83316 98
83317 2
83318 90
83319 5
83320 76
83321 53
83322 28
83323 41
83324 39
83325 24
83326 55
83327 21
83328 3
83329 86
83330 9
83331 82
83332 8
83333 8
83334 64
83335 97
83336 24
83337 74
83338 28
83339 26
83340 60
83341 5
83342 74
83343 83
83344 5
83345 67
83346 13
83347 61
83348 50
83349 95
83350 79
83351 70
83352 49
83353 9
83354 81
83355 13
83356 99
83357 29
83358 78
83359 40
83360 20
83361 40
83362 86
83363 89
83364 94
83365 46
83366 40
83367 87
83368 37
83369 78
83370 70
83371 38
83372 30
83373 43
83374 35
83375 69
83376 63
83377 82
83378 79
83379 95
83380 88
83381 3
83382 70
83383 74
83384 76
83385 25
83386 64
83387 47
83388 13
83389 18
83390 45
83391 13
83392 75
83393 17
83394 55
83395 51
83396 63
83397 8
83398 6
83399 72
83400 50
83401 69
83402 15
83403 53
83404 47
83405 73
83406 94
83407 17
83408 63
83409 77
83410 51
83411 88
83412 54
83413 86
83414 40
83415 43
83416 20
83417 34
83418 52
83419 70
83420 41
83421 39
83422 23
83423 60
83424 3
83425 57
83426 15
83427 75
83428 73
83429 81
83430 94
83431 54
83432 54
83433 38
83434 5
83435 1
83436 99
83437 23
83438 58
83439 5
83440 57
83441 57
83442 47
83443 78
83444 20
83445 56
83446 69
83447 98
83448 24
83449 72
83450 70
83451 62
83452 4
83453 74
83454 56
83455 70
83456 77
83457 83
83458 41
83459 64
83460 13
83461 48
83462 41
83463 53
83464 42
83465 51
83466 2
83467 2
83468 54
83469 53
83470 57
83471 84
83472 75
83473 32
83474 63
83475 60
83476 95
83477 66
83478 34
83479 98
83480 55
83481 47
83482 23
83483 24
83484 84
83485 25
83486 2
83487 41
83488 13
83489 19
83490 94
83491 47
83492 72
83493 35
83494 83
83495 59
83496 96
83497 46
83498 8
83499 23
83500 55
83501 78
83502 42
83503 29
83504 1
83505 50
83506 50
83507 18
83508 55
83509 50
83510 50
83511 47
83512 62
83513 14
83514 19
83515 94
83516 24
83517 82
83518 60
83519 24
83520 44
83521 68
83522 7
83523 72
83524 84
83525 17
83526 94
83527 91
83528 29
83529 52
83530 30
83531 30
83532 14
83533 82
83534 58
83535 2
83536 73
83537 52
83538 33
83539 36
83540 2
83541 94
83542 68
83543 3
83544 70
83545 13
83546 52
83547 42
83548 49
83549 24
83550 15
83551 69
83552 21
83553 98
83554 39
83555 25
83556 95
83557 17
83558 72
83559 28
83560 17
83561 40
83562 79
83563 51
83564 7
83565 81
83566 47
83567 77
83568 52
83569 73
83570 32
83571 50
83572 91
83573 62
83574 94
83575 61
83576 33
83577 61
83578 74
83579 54
83580 57
83581 45
83582 7
83583 39
83584 87
83585 55
83586 30
83587 13
83588 38
83589 13
83590 41
83591 61
83592 23
83593 13
83594 93
83595 58
83596 84
83597 87
83598 13
83599 26
83600 21
83601 86
83602 89
83603 58
83604 19
83605 27
83606 98
83607 4
83608 97
83609 96
83610 20
83611 44
83612 35
83613 81
83614 5
83615 55
83616 55
83617 70
83618 33
83619 47
83620 24
83621 96
83622 64
83623 19
83624 88
83625 74
83626 17
83627 76
83628 80
83629 83
83630 94
83631 25
83632 97
83633 25
83634 2
83635 32
83636 72
83637 53
83638 79
83639 67
83640 69
83641 55
83642 96
83643 47
83644 8
83645 24
83646 94
83647 30
83648 17
83649 30
83650 25
83651 56
83652 50
83653 95
83654 83
83655 51
83656 66
83657 51
83658 82
83659 14
83660 73
83661 56
83662 64
83663 45
83664 7
83665 73
83666 53
83667 91
83668 20
83669 9
83670 60
83671 54
83672 69
83673 6
83674 72
83675 2
83676 7
83677 28
83678 1
83679 56
83680 73
83681 13
83682 55
83683 70
83684 39
83685 72
83686 17
83687 78
83688 70
83689 4
83690 30
83691 5
83692 53
83693 88
83694 50
83695 36
83696 8
83697 82
83698 1
83699 70
83700 62
83701 72
83702 66
83703 66
83704 9
83705 42
83706 10
83707 73
83708 97
83709 25
83710 26
83711 71
83712 66
83713 89
83714 4
83715 2
83716 88
83717 28
83718 0
83719 78
83720 50
83721 41
83722 2
83723 85
83724 55
83725 50
83726 18
83727 99
83728 93
83729 45
83730 20
83731 92
83732 63
83733 57
83734 51
83735 26
83736 58
83737 64
83738 6
83739 13
83740 5
83741 97
83742 40
83743 59
83744 62
83745 16
83746 54
83747 73
83748 30
83749 42
83750 22
83751 5
83752 36
83753 95
83754 79
83755 16
83756 58
83757 63
83758 53
83759 19
83760 0
83761 21
83762 89
83763 73
83764 17
83765 28
83766 35
83767 97
83768 60
83769 32
83770 64
83771 98
83772 31
83773 72
83774 44
83775 60
83776 70
83777 73
83778 60
83779 87
83780 53
83781 45
83782 16
83783 71
83784 14
83785 42
83786 73
83787 57
83788 60
83789 53
83790 64
83791 95
83792 26
83793 48
83794 70
83795 16
83796 78
83797 52
83798 71
83799 0
83800 63
83801 94
83802 97
83803 57
83804 8
83805 91
83806 50
83807 73
83808 29
83809 58
83810 47
83811 93
83812 39
83813 20
83814 61
83815 72
83816 57
83817 95
83818 55
83819 80
83820 76
83821 61
83822 66
83823 70
83824 25
83825 24
83826 36
83827 71
83828 69
83829 30
83830 51
83831 43
83832 76
83833 5
83834 4
83835 98
83836 50
83837 96
83838 2
83839 24
83840 11
83841 7
83842 38
83843 22
83844 70
83845 61
83846 2
83847 72
83848 57
83849 58
83850 74
83851 15
83852 16
83853 22
83854 60
83855 73
83856 56
83857 99
83858 58
83859 95
83860 3
83861 16
83862 18
83863 33
83864 18
83865 20
83866 71
83867 89
83868 55
83869 35
83870 45
83871 6
83872 18
83873 55
83874 69
83875 61
83876 93
83877 33
83878 46
83879 46
83880 64
83881 97
83882 2
83883 28
83884 60
83885 72
83886 8
83887 1
83888 94
83889 27
83890 60
83891 60
83892 64
83893 62
83894 53
83895 2
83896 58
83897 30
83898 19
83899 62
83900 28
83901 37
83902 87
83903 81
83904 85
83905 3
83906 74
83907 33
83908 60
83909 52
83910 26
83911 15
83912 6
83913 57
83914 17
83915 44
83916 71
83917 64
83918 5
83919 30
83920 70
83921 4
83922 45
83923 89
83924 13
83925 18
83926 8
83927 58
83928 41
83929 97
83930 55
83931 47
83932 54
83933 97
83934 2
83935 83
83936 79
83937 39
83938 72
83939 53
83940 62
83941 95
83942 39
83943 19
83944 25
83945 50
83946 45
83947 73
83948 72
83949 54
83950 18
83951 26
83952 48
83953 71
83954 83
83955 6
83956 98
83957 4
83958 72
83959 53
83960 56
83961 2
83962 86
83963 53
83964 65
83965 3
83966 64
83967 87
83968 68
83969 51
83970 83
83971 4
83972 97
83973 10
83974 97
83975 55
83976 13
83977 73
83978 2
83979 45
83980 88
83981 41
83982 96
83983 60
83984 73
83985 83
83986 72
83987 67
83988 30
83989 27
83990 93
83991 89
83992 86
83993 28
83994 73
83995 55
83996 9
83997 90
83998 48
83999 73
84000 51
84001 18
84002 57
84003 18
84004 2
84005 36
84006 38
84007 98
84008 77
84009 73
84010 35
84011 97
84012 64
84013 30
84014 3
84015 91
84016 87
84017 73
84018 72
84019 45
84020 58
84021 43
84022 37
84023 7
84024 0
84025 78
84026 35
84027 24
84028 97
84029 93
84030 57
84031 50
84032 97
84033 60
84034 38
84035 3
84036 57
84037 25
84038 73
84039 98
84040 7
84041 87
84042 47
84043 97
84044 2
84045 2
84046 86
84047 94
84048 69
84049 30
84050 53
84051 73
84052 30
84053 2
84054 85
84055 34
84056 53
84057 56
84058 70
84059 66
84060 69
84061 40
84062 52
84063 14
84064 19
84065 26
84066 36
84067 55
84068 93
84069 79
84070 2
84071 87
84072 43
84073 35
84074 92
84075 63
84076 45
84077 51
84078 54
84079 54
84080 25
84081 72
84082 65
84083 92
84084 89
84085 51
84086 54
84087 53
84088 21
84089 95
84090 57
84091 91
84092 55
84093 85
84094 20
84095 70
84096 89
84097 46
84098 59
84099 14
84100 13
84101 73
84102 0
84103 93
84104 51
84105 53
84106 21
84107 79
84108 43
84109 65
84110 71
84111 0
84112 63
84113 15
84114 8
84115 98
84116 48
84117 95
84118 2
84119 61
84120 85
84121 30
84122 74
84123 95
84124 27
84125 82
84126 54
84127 98
84128 63
84129 23
84130 30
84131 94
84132 27
84133 53
84134 39
84135 95
84136 14
84137 54
84138 48
84139 61
84140 79
84141 70
84142 63
84143 78
84144 75
84145 74
84146 87
84147 56
84148 1
84149 46
84150 94
84151 23
84152 41
84153 95
84154 50
84155 0
84156 53
84157 54
84158 72
84159 14
84160 46
84161 98
84162 38
84163 82
84164 79
84165 15
84166 81
84167 79
84168 62
84169 17
84170 69
84171 77
84172 93
84173 42
84174 48
84175 39
84176 73
84177 1
84178 57
84179 51
84180 8
84181 61
84182 2
84183 35
84184 82
84185 25
84186 8
84187 38
84188 94
84189 30
84190 2
84191 82
84192 54
84193 82
84194 55
84195 80
84196 20
84197 18
84198 98
84199 40
84200 5
84201 62
84202 58
84203 13
84204 67
84205 62
84206 51
84207 13
84208 40
84209 11
84210 72
84211 2
84212 25
84213 96
84214 44
84215 42
84216 92
84217 52
84218 13
84219 2
84220 81
84221 24
84222 63
84223 23
84224 42
84225 41
84226 57
84227 25
84228 62
84229 94
84230 71
84231 73
84232 95
84233 86
84234 8
84235 94
84236 8
84237 60
84238 94
84239 30
84240 89
84241 51
84242 63
84243 0
84244 95
84245 26
84246 2
84247 24
84248 91
84249 98
84250 62
84251 84
84252 38
84253 22
84254 13
84255 22
84256 50
84257 3
84258 36
84259 71
84260 50
84261 2
84262 95
84263 33
84264 38
84265 2
84266 79
84267 22
84268 68
84269 96
84270 10
84271 60
84272 62
84273 24
84274 63
84275 83
84276 89
84277 95
84278 85
84279 54
84280 67
84281 82
84282 23
84283 10
84284 98
84285 53
84286 94
84287 92
84288 15
84289 56
84290 32
84291 18
84292 75
84293 58
84294 30
84295 74
84296 3
84297 85
84298 26
84299 83
84300 33
84301 20
84302 6
84303 78
84304 66
84305 0
84306 50
84307 73
84308 96
84309 77
84310 23
84311 91
84312 35
84313 64
84314 41
84315 69
84316 0
84317 97
84318 51
84319 40
84320 1
84321 77
84322 73
84323 3
84324 42
84325 61
84326 85
84327 30
84328 45
84329 26
84330 17
84331 6
84332 84
84333 73
84334 86
84335 72
84336 5
84337 41
84338 73
84339 95
84340 74
84341 42
84342 79
84343 81
84344 42
84345 38
84346 22
84347 76
84348 70
84349 55
84350 94
84351 88
84352 95
84353 44
84354 0
84355 51
84356 95
84357 86
84358 61
84359 30
84360 30
84361 87
84362 83
84363 22
84364 69
84365 98
84366 11
84367 87
84368 36
84369 32
84370 2
84371 97
84372 94
84373 70
84374 67
84375 25
84376 57
84377 10
84378 45
84379 95
84380 79
84381 17
84382 1
84383 57
84384 74
84385 1
84386 50
84387 24
84388 91
84389 65
84390 85
84391 15
84392 96
84393 25
84394 47
84395 55
84396 89
84397 61
84398 69
84399 95
84400 55
84401 30
84402 51
84403 30
84404 94
84405 78
84406 60
84407 29
84408 28
84409 8
84410 82
84411 75
84412 0
84413 65
84414 98
84415 53
84416 58
84417 56
84418 17
84419 97
84420 50
84421 68
84422 29
84423 32
84424 18
84425 38
84426 46
84427 79
84428 38
84429 20
84430 71
84431 81
84432 59
84433 45
84434 5
84435 38
84436 75
84437 40
84438 81
84439 69
84440 85
84441 89
84442 38
84443 27
84444 61
84445 86
84446 48
84447 23
84448 60
84449 64
84450 58
84451 61
84452 18
84453 22
84454 38
84455 25
84456 76
84457 55
84458 20
84459 0
84460 78
84461 0
84462 19
84463 85
84464 81
84465 87
84466 94
84467 86
84468 25
84469 96
84470 85
84471 63
84472 33
84473 45
84474 64
84475 2
84476 95
84477 60
84478 69
84479 63
84480 3
84481 19
84482 62
84483 87
84484 92
84485 18
84486 10
84487 51
84488 57
84489 24
84490 73
84491 13
84492 13
84493 27
84494 66
84495 24
84496 14
84497 4
84498 55
84499 95
84500 28
84501 23
84502 99
84503 96
84504 27
84505 36
84506 57
84507 64
84508 21
84509 70
84510 51
84511 48
84512 77
84513 85
84514 51
84515 65
84516 84
84517 61
84518 95
84519 54
84520 44
84521 53
84522 2
84523 29
84524 61
84525 95
84526 94
84527 54
84528 45
84529 0
84530 50
84531 63
84532 80
84533 73
84534 44
84535 19
84536 15
84537 42
84538 57
84539 55
84540 26
84541 53
84542 96
84543 62
84544 22
84545 40
84546 83
84547 39
84548 13
84549 70
84550 71
84551 11
84552 10
84553 79
84554 15
84555 4
84556 24
84557 53
84558 52
84559 51
84560 64
84561 95
84562 11
84563 30
84564 18
84565 21
84566 66
84567 81
84568 29
84569 33
84570 47
84571 86
84572 95
84573 86
84574 2
84575 74
84576 24
84577 10
84578 14
84579 83
84580 76
84581 78
84582 22
84583 44
84584 40
84585 44
84586 3
84587 51
84588 14
84589 94
84590 77
84591 32
84592 45
84593 73
84594 80
84595 35
84596 10
84597 95
84598 7
84599 14
84600 47
84601 96
84602 4
84603 53
84604 29
84605 46
84606 73
84607 72
84608 45
84609 86
84610 19
84611 97
84612 15
84613 32
84614 46
84615 25
84616 93
84617 15
84618 61
84619 95
84620 42
84621 58
84622 14
84623 14
84624 3
84625 4
84626 36
84627 58
84628 11
84629 3
84630 52
84631 74
84632 67
84633 14
84634 91
84635 69
84636 8
84637 20
84638 36
84639 15
84640 26
84641 28
84642 41
84643 40
84644 69
84645 1
84646 98
84647 35
84648 70
84649 73
84650 48
84651 69
84652 71
84653 23
84654 52
84655 44
84656 74
84657 8
84658 24
84659 98
84660 4
84661 22
84662 0
84663 28
84664 33
84665 17
84666 0
84667 11
84668 30
84669 65
84670 63
84671 61
84672 25
84673 73
84674 98
84675 73
84676 3
84677 94
84678 81
84679 7
84680 41
84681 72
84682 88
84683 87
84684 81
84685 81
84686 97
84687 41
84688 52
84689 17
84690 36
84691 39
84692 90
84693 73
84694 14
84695 94
84696 52
84697 85
84698 38
84699 51
84700 0
84701 28
84702 19
84703 29
84704 72
84705 83
84706 33
84707 64
84708 95
84709 60
84710 5
84711 13
84712 23
84713 18
84714 16
84715 32
84716 2
84717 60
84718 78
84719 48
84720 32
84721 26
84722 64
84723 43
84724 19
84725 48
84726 80
84727 47
84728 72
84729 87
84730 55
84731 58
84732 59
84733 44
84734 53
84735 38
84736 72
84737 26
84738 28
84739 52
84740 97
84741 6
84742 62
84743 70
84744 97
84745 0
84746 36
84747 96
84748 33
84749 62
84750 79
84751 69
84752 55
84753 85
84754 95
84755 63
84756 57
84757 42
84758 26
84759 16
84760 5
84761 32
84762 55
84763 32
84764 47
84765 51
84766 26
84767 69
84768 7
84769 62
84770 44
84771 73
84772 63
84773 53
84774 90
84775 82
84776 67
84777 90
84778 35
84779 87
84780 14
84781 76
84782 29
84783 40
84784 52
84785 90
84786 93
84787 56
84788 20
84789 83
84790 2
84791 58
84792 39
84793 81
84794 38
84795 73
84796 39
84797 28
84798 27
84799 25
84800 65
84801 75
84802 39
84803 25
84804 95
84805 13
84806 20
84807 14
84808 40
84809 71
84810 0
84811 99
84812 86
84813 28
84814 52
84815 83
84816 84
84817 24
84818 57
84819 46
84820 43
84821 72
84822 53
84823 98
84824 72
84825 14
84826 89
84827 28
84828 54
84829 62
84830 89
84831 50
84832 95
84833 16
84834 17
84835 86
84836 66
84837 61
84838 5
84839 55
84840 74
84841 54
84842 51
84843 71
84844 51
84845 50
84846 65
84847 72
84848 29
84849 3
84850 61
84851 16
84852 60
84853 43
84854 22
84855 8
84856 30
84857 86
84858 9
84859 72
84860 95
84861 73
84862 95
84863 55
84864 17
84865 20
84866 45
84867 58
84868 53
84869 95
84870 39
84871 39
84872 8
84873 67
84874 61
84875 36
84876 5
84877 57
84878 10
84879 15
84880 41
84881 40
84882 70
84883 36
84884 17
84885 19
84886 64
84887 70
84888 91
84889 69
84890 13
84891 98
84892 38
84893 63
84894 95
84895 55
84896 43
84897 51
84898 51
84899 33
84900 22
84901 81
84902 93
84903 53
84904 20
84905 55
84906 51
84907 22
84908 84
84909 59
84910 94
84911 51
84912 61
84913 67
84914 45
84915 13
84916 4
84917 95
84918 83
84919 63
84920 51
84921 95
84922 89
84923 15
84924 62
84925 5
84926 61
84927 65
84928 96
84929 26
84930 30
84931 84
84932 21
84933 14
84934 68
84935 22
84936 95
84937 85
84938 51
84939 30
84940 11
84941 45
84942 72
84943 33
84944 92
84945 76
84946 28
84947 21
84948 74
84949 75
84950 3
84951 89
84952 51
84953 46
84954 38
84955 13
84956 54
84957 21
84958 69
84959 58
84960 73
84961 79
84962 44
84963 18
84964 92
84965 70
84966 13
84967 95
84968 52
84969 86
84970 73
84971 47
84972 18
84973 6
84974 17
84975 30
84976 26
84977 69
84978 69
84979 19
84980 5
84981 83
84982 21
84983 73
84984 50
84985 73
84986 53
84987 73
84988 11
84989 27
84990 13
84991 51
84992 96
84993 2
84994 8
84995 65
84996 68
84997 59
84998 55
84999 2
85000 41
85001 17
85002 41
85003 19
85004 94
85005 56
85006 61
85007 40
85008 92
85009 7
85010 88
85011 30
85012 60
85013 92
85014 58
85015 27
85016 9
85017 74
85018 45
85019 48
85020 39
85021 54
85022 81
85023 63
85024 93
85025 10
85026 15
85027 51
85028 97
85029 19
85030 83
85031 94
85032 47
85033 69
85034 92
85035 36
85036 57
85037 57
85038 95
85039 55
85040 81
85041 90
85042 72
85043 41
85044 61
85045 32
85046 53
85047 0
85048 47
85049 44
85050 54
85051 98
85052 94
85053 97
85054 79
85055 55
85056 23
85057 48
85058 66
85059 85
85060 81
85061 46
85062 91
85063 93
85064 38
85065 39
85066 0
85067 55
85068 53
85069 73
85070 4
85071 85
85072 35
85073 57
85074 0
85075 51
85076 55
85077 56
85078 1
85079 65
85080 58
85081 53
85082 81
85083 88
85084 36
85085 72
85086 15
85087 25
85088 61
85089 50
85090 2
85091 30
85092 35
85093 57
85094 47
85095 36
85096 55
85097 55
85098 54
85099 98
85100 67
85101 59
85102 68
85103 57
85104 84
85105 47
85106 1
85107 48
85108 55
85109 76
85110 70
85111 7
85112 18
85113 0
85114 39
85115 36
85116 61
85117 42
85118 87
85119 51
85120 60
85121 6
85122 28
85123 87
85124 88
85125 35
85126 41
85127 78
85128 66
85129 72
85130 2
85131 54
85132 17
85133 92
85134 27
85135 63
85136 94
85137 74
85138 55
85139 78
85140 53
85141 56
85142 32
85143 25
85144 87
85145 64
85146 58
85147 64
85148 42
85149 0
85150 45
85151 65
85152 95
85153 35
85154 61
85155 17
85156 95
85157 98
85158 55
85159 18
85160 60
85161 32
85162 26
85163 83
85164 38
85165 85
85166 13
85167 91
85168 58
85169 17
85170 87
85171 6
85172 25
85173 19
85174 2
85175 53
85176 62
85177 95
85178 16
85179 6
85180 53
85181 67
85182 45
85183 35
85184 2
85185 11
85186 61
85187 73
85188 59
85189 14
85190 94
85191 81
85192 69
85193 58
85194 74
85195 51
85196 70
85197 42
85198 70
85199 95
85200 11
85201 2
85202 84
85203 36
85204 76
85205 82
85206 53
85207 94
85208 1
85209 69
85210 25
85211 81
85212 61
85213 50
85214 4
85215 35
85216 67
85217 10
85218 55
85219 18
85220 27
85221 13
85222 60
85223 44
85224 13
85225 63
85226 68
85227 38
85228 86
85229 19
85230 51
85231 47
85232 7
85233 94
85234 56
85235 32
85236 95
85237 30
85238 73
85239 72
85240 45
85241 73
85242 33
85243 98
85244 40
85245 20
85246 8
85247 72
85248 54
85249 94
85250 66
85251 52
85252 18
85253 41
85254 5
85255 25
85256 95
85257 42
85258 75
85259 65
85260 60
85261 74
85262 11
85263 22
85264 97
85265 83
85266 95
85267 53
85268 16
85269 61
85270 54
85271 7
85272 55
85273 55
85274 91
85275 95
85276 30
85277 53
85278 6
85279 19
85280 22
85281 0
85282 44
85283 13
85284 14
85285 57
85286 4
85287 51
85288 61
85289 25
85290 4
85291 16
85292 65
85293 18
85294 98
85295 45
85296 76
85297 64
85298 13
85299 63
85300 53
85301 28
85302 63
85303 75
85304 86
85305 39
85306 76
85307 57
85308 47
85309 70
85310 44
85311 25
85312 8
85313 64
85314 22
85315 7
85316 16
85317 74
85318 73
85319 74
85320 22
85321 4
85322 94
85323 45
85324 73
85325 1
85326 32
85327 21
85328 48
85329 2
85330 70
85331 73
85332 73
85333 19
85334 10
85335 91
85336 51
85337 70
85338 8
85339 51
85340 85
85341 54
85342 25
85343 43
85344 71
85345 82
85346 66
85347 13
85348 19
85349 93
85350 39
85351 59
85352 70
85353 26
85354 16
85355 86
85356 91
85357 95
85358 70
85359 17
85360 69
85361 15
85362 39
85363 20
85364 58
85365 83
85366 35
85367 62
85368 66
85369 45
85370 38
85371 17
85372 55
85373 7
85374 50
85375 50
85376 51
85377 55
85378 98
85379 56
85380 90
85381 6
85382 58
85383 32
85384 0
85385 47
85386 96
85387 0
85388 15
85389 36
85390 19
85391 71
85392 41
85393 22
85394 69
85395 69
85396 83
85397 82
85398 81
85399 18
85400 19
85401 85
85402 70
85403 57
85404 60
85405 15
85406 73
85407 98
85408 94
85409 8
85410 44
85411 2
85412 86
85413 40
85414 32
85415 72
85416 57
85417 24
85418 36
85419 45
85420 32
85421 85
85422 72
85423 70
85424 94
85425 75
85426 28
85427 20
85428 86
85429 2
85430 62
85431 57
85432 61
85433 55
85434 72
85435 79
85436 89
85437 26
85438 3
85439 70
85440 46
85441 86
85442 60
85443 41
85444 25
85445 89
85446 55
85447 54
85448 18
85449 62
85450 19
85451 20
85452 60
85453 66
85454 93
85455 25
85456 55
85457 61
85458 62
85459 35
85460 95
85461 45
85462 44
85463 74
85464 72
85465 87
85466 25
85467 6
85468 91
85469 72
85470 87
85471 0
85472 83
85473 38
85474 70
85475 67
85476 45
85477 69
85478 53
85479 23
85480 64
85481 55
85482 95
85483 31
85484 74
85485 2
85486 55
85487 97
85488 4
85489 89
85490 60
85491 4
85492 96
85493 59
85494 32
85495 15
85496 42
85497 45
85498 51
85499 81
85500 18
85501 62
85502 55
85503 3
85504 10
85505 67
85506 35
85507 47
85508 2
85509 39
85510 74
85511 74
85512 89
85513 85
85514 74
85515 77
85516 57
85517 96
85518 9
85519 8
85520 86
85521 73
85522 11
85523 81
85524 66
85525 2
85526 62
85527 32
85528 28
85529 73
85530 2
85531 98
85532 74
85533 97
85534 22
85535 67
85536 42
85537 23
85538 20
85539 36
85540 83
85541 2
85542 19
85543 94
85544 43
85545 54
85546 98
85547 66
85548 11
85549 67
85550 65
85551 86
85552 0
85553 36
85554 24
85555 85
85556 16
85557 14
85558 38
85559 7
85560 28
85561 72
85562 42
85563 58
85564 43
85565 94
85566 57
85567 72
85568 18
85569 6
85570 8
85571 53
85572 97
85573 57
85574 70
85575 70
85576 83
85577 78
85578 36
85579 36
85580 45
85581 58
85582 42
85583 74
85584 40
85585 94
85586 77
85587 95
85588 40
85589 60
85590 87
85591 41
85592 39
85593 69
85594 27
85595 31
85596 14
85597 73
85598 34
85599 71
85600 98
85601 45
85602 55
85603 38
85604 78
85605 64
85606 25
85607 1
85608 38
85609 57
85610 60
85611 71
85612 30
85613 87
85614 96
85615 34
85616 42
85617 22
85618 81
85619 53
85620 84
85621 97
85622 98
85623 25
85624 4
85625 51
85626 47
85627 97
85628 11
85629 89
85630 97
85631 57
85632 29
85633 55
85634 88
85635 88
85636 42
85637 98
85638 57
85639 30
85640 3
85641 58
85642 40
85643 14
85644 17
85645 94
85646 15
85647 10
85648 91
85649 15
85650 24
85651 58
85652 4
85653 28
85654 89
85655 97
85656 84
85657 38
85658 22
85659 95
85660 51
85661 40
85662 52
85663 55
85664 98
85665 50
85666 57
85667 61
85668 60
85669 35
85670 69
85671 13
85672 2
85673 70
85674 53
85675 45
85676 5
85677 32
85678 24
85679 19
85680 57
85681 91
85682 25
85683 18
85684 55
85685 50
85686 68
85687 52
85688 65
85689 17
85690 25
85691 66
85692 14
85693 56
85694 41
85695 1
85696 5
85697 53
85698 72
85699 46
85700 13
85701 77
85702 61
85703 98
85704 68
85705 57
85706 65
85707 33
85708 27
85709 32
85710 3
85711 1
85712 20
85713 52
85714 89
85715 22
85716 38
85717 94
85718 97
85719 53
85720 63
85721 70
85722 8
85723 17
85724 23
85725 62
85726 22
85727 64
85728 83
85729 57
85730 72
85731 40
85732 87
85733 85
85734 39
85735 79
85736 88
85737 85
85738 24
85739 62
85740 89
85741 19
85742 86
85743 57
85744 15
85745 81
85746 39
85747 94
85748 35
85749 34
85750 59
85751 79
85752 15
85753 3
85754 0
85755 3
85756 57
85757 80
85758 54
85759 97
85760 58
85761 35
85762 11
85763 68
85764 36
85765 44
85766 72
85767 70
85768 25
85769 13
85770 57
85771 30
85772 79
85773 53
85774 74
85775 58
85776 95
85777 55
85778 91
85779 70
85780 1
85781 55
85782 15
85783 75
85784 39
85785 54
85786 60
85787 78
85788 92
85789 61
85790 23
85791 57
85792 6
85793 62
85794 93
85795 11
85796 22
85797 37
85798 57
85799 66
85800 94
85801 57
85802 69
85803 58
85804 90
85805 55
85806 65
85807 83
85808 38
85809 53
85810 25
85811 2
85812 62
85813 5
85814 26
85815 33
85816 89
85817 77
85818 13
85819 83
85820 39
85821 94
85822 1
85823 53
85824 4
85825 51
85826 72
85827 20
85828 3
85829 14
85830 54
85831 19
85832 18
85833 50
85834 94
85835 89
85836 0
85837 38
85838 70
85839 94
85840 53
85841 58
85842 94
85843 13
85844 55
85845 13
85846 97
85847 25
85848 58
85849 47
85850 91
85851 46
85852 45
85853 1
85854 21
85855 73
85856 42
85857 25
85858 4
85859 53
85860 55
85861 30
85862 70
85863 39
85864 22
85865 81
85866 58
85867 55
85868 44
85869 14
85870 38
85871 23
85872 94
85873 57
85874 72
85875 19
85876 5
85877 94
85878 61
85879 70
85880 42
85881 84
85882 22
85883 22
85884 85
85885 52
85886 45
85887 67
85888 4
85889 97
85890 93
85891 3
85892 34
85893 55
85894 18
85895 25
85896 64
85897 10
85898 62
85899 20
85900 98
85901 2
85902 57
85903 98
85904 65
85905 22
85906 51
85907 32
85908 53
85909 79
85910 96
85911 79
85912 62
85913 5
85914 56
85915 45
85916 17
85917 52
85918 60
85919 68
85920 5
85921 46
85922 55
85923 97
85924 51
85925 75
85926 47
85927 72
85928 41
85929 98
85930 45
85931 20
85932 61
85933 68
85934 62
85935 39
85936 25
85937 43
85938 35
85939 17
85940 85
85941 98
85942 82
85943 21
85944 70
85945 54
85946 99
85947 43
85948 95
85949 94
85950 2
85951 94
85952 2
85953 60
85954 25
85955 60
85956 66
85957 42
85958 48
85959 62
85960 25
85961 30
85962 80
85963 64
85964 86
85965 76
85966 97
85967 13
85968 99
85969 44
85970 83
85971 51
85972 79
85973 73
85974 70
85975 87
85976 96
85977 81
85978 94
85979 69
85980 21
85981 65
85982 58
85983 30
85984 25
85985 19
85986 97
85987 54
85988 14
85989 72
85990 28
85991 40
85992 60
85993 79
85994 41
85995 16
85996 78
85997 10
85998 45
85999 35
86000 91
86001 96
86002 58
86003 47
86004 60
86005 95
86006 84
86007 9
86008 95
86009 36
86010 33
86011 35
86012 99
86013 63
86014 2
86015 83
86016 32
86017 36
86018 14
86019 68
86020 62
86021 0
86022 44
86023 69
86024 70
86025 13
86026 91
86027 13
86028 14
86029 73
86030 68
86031 72
86032 4
86033 62
86034 70
86035 23
86036 61
86037 34
86038 53
86039 42
86040 95
86041 53
86042 44
86043 19
86044 25
86045 19
86046 83
86047 65
86048 38
86049 45
86050 46
86051 71
86052 29
86053 1
86054 45
86055 83
86056 23
86057 16
86058 78
86059 60
86060 60
86061 96
86062 18
86063 27
86064 41
86065 29
86066 98
86067 4
86068 58
86069 60
86070 40
86071 73
86072 46
86073 19
86074 38
86075 53
86076 3
86077 2
86078 36
86079 44
86080 72
86081 19
86082 74
86083 41
86084 48
86085 43
86086 25
86087 74
86088 53
86089 17
86090 77
86091 28
86092 66
86093 0
86094 22
86095 46
86096 75
86097 5
86098 46
86099 23
86100 8
86101 72
86102 66
86103 96
86104 2
86105 36
86106 28
86107 61
86108 2
86109 95
86110 79
86111 17
86112 44
86113 22
86114 30
86115 50
86116 27
86117 89
86118 81
86119 94
86120 23
86121 3
86122 95
86123 60
86124 98
86125 97
86126 25
86127 25
86128 61
86129 79
86130 69
86131 28
86132 1
86133 58
86134 37
86135 96
86136 0
86137 65
86138 9
86139 1
86140 73
86141 74
86142 94
86143 95
86144 54
86145 38
86146 26
86147 38
86148 53
86149 13
86150 62
86151 25
86152 24
86153 50
86154 58
86155 30
86156 65
86157 81
86158 40
86159 33
86160 52
86161 52
86162 1
86163 38
86164 78
86165 14
86166 45
86167 70
86168 55
86169 98
86170 97
86171 78
86172 74
86173 45
86174 2
86175 85
86176 25
86177 10
86178 95
86179 72
86180 26
86181 1
86182 53
86183 30
86184 54
86185 20
86186 93
86187 19
86188 59
86189 45
86190 24
86191 53
86192 2
86193 70
86194 43
86195 25
86196 3
86197 35
86198 63
86199 45
86200 65
86201 55
86202 8
86203 23
86204 53
86205 58
86206 25
86207 2
86208 16
86209 21
86210 44
86211 90
86212 98
86213 46
86214 60
86215 42
86216 14
86217 12
86218 45
86219 63
86220 41
86221 78
86222 2
86223 8
86224 76
86225 95
86226 88
86227 27
86228 28
86229 3
86230 89
86231 24
86232 69
86233 53
86234 34
86235 74
86236 33
86237 61
86238 60
86239 8
86240 22
86241 11
86242 55
86243 17
86244 21
86245 39
86246 78
86247 17
86248 26
86249 4
86250 48
86251 22
86252 7
86253 74
86254 58
86255 89
86256 94
86257 25
86258 57
86259 19
86260 61
86261 38
86262 53
86263 24
86264 80
86265 64
86266 69
86267 95
86268 38
86269 17
86270 54
86271 53
86272 25
86273 13
86274 96
86275 92
86276 36
86277 53
86278 52
86279 51
86280 54
86281 39
86282 81
86283 91
86284 1
86285 57
86286 57
86287 46
86288 10
86289 40
86290 13
86291 61
86292 79
86293 97
86294 71
86295 1
86296 13
86297 1
86298 7
86299 58
86300 51
86301 38
86302 52
86303 20
86304 36
86305 22
86306 74
86307 58
86308 9
86309 76
86310 30
86311 48
86312 0
86313 65
86314 58
86315 14
86316 22
86317 35
86318 78
86319 15
86320 40
86321 13
86322 74
86323 54
86324 25
86325 26
86326 73
86327 71
86328 60
86329 94
86330 33
86331 38
86332 20
86333 79
86334 14
86335 99
86336 18
86337 42
86338 34
86339 7
86340 83
86341 45
86342 62
86343 13
86344 70
86345 29
86346 53
86347 87
86348 23
86349 28
86350 16
86351 40
86352 85
86353 98
86354 97
86355 42
86356 22
86357 51
86358 72
86359 14
86360 40
86361 73
86362 42
86363 5
86364 23
86365 18
86366 95
86367 53
86368 50
86369 76
86370 51
86371 13
86372 92
86373 21
86374 2
86375 86
86376 0
86377 9
86378 32
86379 22
86380 71
86381 17
86382 95
86383 83
86384 83
86385 33
86386 47
86387 36
86388 73
86389 45
86390 71
86391 24
86392 53
86393 25
86394 98
86395 8
86396 58
86397 13
86398 65
86399 0
86400 26
86401 0
86402 61
86403 47
86404 54
86405 32
86406 81
86407 20
86408 2
86409 53
86410 17
86411 95
86412 3
86413 81
86414 6
86415 1
86416 75
86417 10
86418 95
86419 54
86420 79
86421 73
86422 49
86423 64
86424 89
86425 47
86426 50
86427 18
86428 56
86429 7
86430 61
86431 25
86432 18
86433 60
86434 13
86435 1
86436 94
86437 42
86438 27
86439 92
86440 69
86441 53
86442 33
86443 58
86444 25
86445 7
86446 38
86447 19
86448 98
86449 13
86450 53
86451 87
86452 41
86453 23
86454 86
86455 52
86456 1
86457 36
86458 71
86459 44
86460 95
86461 73
86462 4
86463 83
86464 95
86465 70
86466 79
86467 55
86468 81
86469 7
86470 79
86471 98
86472 60
86473 63
86474 50
86475 25
86476 41
86477 70
86478 51
86479 97
86480 3
86481 71
86482 98
86483 95
86484 38
86485 35
86486 55
86487 56
86488 40
86489 57
86490 65
86491 6
86492 63
86493 57
86494 79
86495 52
86496 70
86497 10
86498 7
86499 88
86500 41
86501 23
86502 70
86503 19
86504 60
86505 97
86506 22
86507 87
86508 73
86509 66
86510 60
86511 14
86512 72
86513 8
86514 19
86515 53
86516 5
86517 62
86518 62
86519 96
86520 87
86521 74
86522 92
86523 8
86524 44
86525 62
86526 36
86527 53
86528 54
86529 51
86530 95
86531 42
86532 32
86533 57
86534 64
86535 52
86536 46
86537 73
86538 10
86539 81
86540 82
86541 35
86542 2
86543 96
86544 87
86545 28
86546 53
86547 52
86548 41
86549 4
86550 67
86551 90
86552 24
86553 72
86554 79
86555 1
86556 47
86557 13
86558 28
86559 46
86560 53
86561 60
86562 91
86563 35
86564 58
86565 55
86566 4
86567 66
86568 69
86569 36
86570 17
86571 60
86572 53
86573 5
86574 47
86575 72
86576 23
86577 13
86578 65
86579 11
86580 3
86581 53
86582 61
86583 36
86584 95
86585 27
86586 38
86587 55
86588 55
86589 48
86590 65
86591 92
86592 57
86593 78
86594 92
86595 50
86596 23
86597 90
86598 2
86599 26
86600 56
86601 24
86602 41
86603 22
86604 32
86605 38
86606 62
86607 50
86608 75
86609 38
86610 36
86611 65
86612 84
86613 38
86614 89
86615 3
86616 54
86617 36
86618 45
86619 70
86620 87
86621 95
86622 95
86623 97
86624 55
86625 26
86626 95
86627 72
86628 6
86629 48
86630 74
86631 19
86632 61
86633 43
86634 67
86635 84
86636 91
86637 10
86638 66
86639 25
86640 38
86641 32
86642 22
86643 71
86644 10
86645 30
86646 5
86647 47
86648 22
86649 72
86650 28
86651 95
86652 38
86653 83
86654 30
86655 89
86656 63
86657 32
86658 97
86659 20
86660 85
86661 54
86662 40
86663 19
86664 3
86665 13
86666 72
86667 93
86668 47
86669 63
86670 65
86671 38
86672 70
86673 36
86674 82
86675 62
86676 25
86677 27
86678 5
86679 18
86680 32
86681 3
86682 86
86683 57
86684 20
86685 53
86686 88
86687 46
86688 28
86689 36
86690 73
86691 63
86692 28
86693 40
86694 21
86695 34
86696 41
86697 98
86698 39
86699 99
86700 19
86701 1
86702 59
86703 17
86704 28
86705 49
86706 90
86707 0
86708 18
86709 51
86710 23
86711 72
86712 38
86713 97
86714 50
86715 36
86716 6
86717 48
86718 42
86719 87
86720 24
86721 41
86722 14
86723 52
86724 75
86725 5
86726 89
86727 50
86728 78
86729 25
86730 25
86731 67
86732 46
86733 82
86734 19
86735 61
86736 73
86737 53
86738 51
86739 83
86740 54
86741 94
86742 94
86743 75
86744 5
86745 0
86746 79
86747 57
86748 72
86749 95
86750 78
86751 0
86752 61
86753 83
86754 58
86755 45
86756 84
86757 40
86758 74
86759 98
86760 25
86761 63
86762 22
86763 50
86764 2
86765 51
86766 3
86767 42
86768 13
86769 53
86770 95
86771 72
86772 97
86773 41
86774 95
86775 4
86776 58
86777 57
86778 83
86779 68
86780 95
86781 30
86782 97
86783 38
86784 75
86785 95
86786 70
86787 23
86788 45
86789 94
86790 94
86791 42
86792 1
86793 18
86794 69
86795 42
86796 39
86797 60
86798 94
86799 98
86800 40
86801 87
86802 98
86803 69
86804 89
86805 53
86806 24
86807 38
86808 49
86809 36
86810 58
86811 65
86812 68
86813 70
86814 94
86815 13
86816 23
86817 18
86818 44
86819 87
86820 26
86821 55
86822 65
86823 25
86824 30
86825 57
86826 6
86827 95
86828 22
86829 51
86830 3
86831 27
86832 98
86833 82
86834 2
86835 0
86836 29
86837 34
86838 72
86839 89
86840 35
86841 32
86842 52
86843 73
86844 32
86845 57
86846 60
86847 17
86848 48
86849 27
86850 62
86851 56
86852 2
86853 65
86854 43
86855 1
86856 95
86857 40
86858 52
86859 82
86860 58
86861 73
86862 77
86863 72
86864 69
86865 71
86866 85
86867 61
86868 84
86869 70
86870 97
86871 30
86872 58
86873 26
86874 23
86875 72
86876 70
86877 44
86878 3
86879 29
86880 57
86881 38
86882 89
86883 91
86884 24
86885 70
86886 45
86887 24
86888 2
86889 39
86890 58
86891 2
86892 61
86893 85
86894 73
86895 74
86896 29
86897 42
86898 72
86899 83
86900 73
86901 1
86902 58
86903 40
86904 51
86905 60
86906 20
86907 35
86908 54
86909 65
86910 69
86911 15
86912 20
86913 66
86914 54
86915 23
86916 98
86917 92
86918 94
86919 51
86920 83
86921 53
86922 72
86923 41
86924 47
86925 94
86926 21
86927 42
86928 72
86929 16
86930 4
86931 16
86932 30
86933 90
86934 54
86935 73
86936 45
86937 72
86938 41
86939 1
86940 19
86941 28
86942 69
86943 22
86944 1
86945 54
86946 17
86947 87
86948 40
86949 72
86950 30
86951 61
86952 53
86953 65
86954 42
86955 1
86956 41
86957 47
86958 73
86959 7
86960 72
86961 13
86962 56
86963 46
86964 81
86965 96
86966 81
86967 25
86968 21
86969 17
86970 73
86971 96
86972 5
86973 55
86974 30
86975 84
86976 28
86977 60
86978 41
86979 95
86980 39
86981 26
86982 60
86983 0
86984 14
86985 30
86986 60
86987 67
86988 64
86989 55
86990 73
86991 62
86992 25
86993 33
86994 29
86995 50
86996 82
86997 50
86998 87
86999 36
87000 43
87001 13
87002 57
87003 19
87004 14
87005 98
87006 4
87007 69
87008 7
87009 53
87010 29
87011 95
87012 83
87013 80
87014 98
87015 60
87016 72
87017 4
87018 34
87019 52
87020 48
87021 98
87022 26
87023 28
87024 63
87025 51
87026 87
87027 12
87028 10
87029 64
87030 32
87031 22
87032 45
87033 1
87034 64
87035 58
87036 45
87037 46
87038 86
87039 51
87040 64
87041 19
87042 13
87043 21
87044 8
87045 95
87046 36
87047 31
87048 83
87049 81
87050 14
87051 40
87052 79
87053 11
87054 61
87055 22
87056 71
87057 77
87058 95
87059 81
87060 6
87061 24
87062 25
87063 32
87064 47
87065 92
87066 2
87067 51
87068 15
87069 10
87070 98
87071 17
87072 42
87073 91
87074 61
87075 52
87076 94
87077 23
87078 81
87079 28
87080 76
87081 94
87082 19
87083 60
87084 11
87085 65
87086 38
87087 55
87088 72
87089 65
87090 28
87091 8
87092 97
87093 62
87094 95
87095 48
87096 27
87097 94
87098 4
87099 7
87100 86
87101 41
87102 94
87103 99
87104 20
87105 22
87106 71
87107 96
87108 16
87109 97
87110 28
87111 58
87112 71
87113 72
87114 3
87115 88
87116 70
87117 6
87118 91
87119 21
87120 54
87121 44
87122 25
87123 55
87124 73
87125 73
87126 33
87127 42
87128 36
87129 73
87130 82
87131 89
87132 70
87133 13
87134 23
87135 95
87136 51
87137 48
87138 61
87139 71
87140 18
87141 81
87142 80
87143 17
87144 44
87145 96
87146 30
87147 22
87148 2
87149 73
87150 32
87151 69
87152 51
87153 58
87154 74
87155 63
87156 30
87157 32
87158 35
87159 63
87160 37
87161 13
87162 51
87163 60
87164 64
87165 18
87166 41
87167 60
87168 51
87169 74
87170 95
87171 13
87172 55
87173 17
87174 78
87175 15
87176 8
87177 53
87178 93
87179 73
87180 69
87181 8
87182 61
87183 33
87184 52
87185 81
87186 98
87187 35
87188 20
87189 52
87190 23
87191 49
87192 29
87193 18
87194 86
87195 0
87196 73
87197 78
87198 19
87199 87
87200 57
87201 43
87202 71
87203 69
87204 74
87205 81
87206 97
87207 52
87208 70
87209 75
87210 79
87211 53
87212 62
87213 42
87214 10
87215 9
87216 14
87217 66
87218 84
87219 62
87220 76
87221 11
87222 45
87223 75
87224 7
87225 38
87226 54
87227 25
87228 15
87229 85
87230 53
87231 98
87232 92
87233 88
87234 0
87235 26
87236 89
87237 36
87238 11
87239 0
87240 35
87241 38
87242 14
87243 98
87244 98
87245 95
87246 47
87247 25
87248 13
87249 81
87250 76
87251 96
87252 48
87253 14
87254 8
87255 74
87256 61
87257 8
87258 58
87259 74
87260 43
87261 47
87262 11
87263 15
87264 20
87265 53
87266 77
87267 97
87268 6
87269 23
87270 62
87271 35
87272 13
87273 99
87274 4
87275 53
87276 55
87277 32
87278 94
87279 67
87280 24
87281 94
87282 5
87283 32
87284 3
87285 77
87286 44
87287 30
87288 85
87289 73
87290 30
87291 26
87292 53
87293 45
87294 22
87295 65
87296 54
87297 78
87298 17
87299 25
87300 23
87301 97
87302 32
87303 94
87304 94
87305 70
87306 8
87307 44
87308 86
87309 4
87310 54
87311 45
87312 41
87313 87
87314 95
87315 3
87316 87
87317 81
87318 62
87319 54
87320 61
87321 18
87322 49
87323 73
87324 61
87325 14
87326 25
87327 38
87328 89
87329 45
87330 86
87331 57
87332 20
87333 36
87334 80
87335 19
87336 38
87337 87
87338 95
87339 80
87340 3
87341 24
87342 49
87343 18
87344 69
87345 18
87346 88
87347 70
87348 60
87349 72
87350 26
87351 13
87352 65
87353 35
87354 60
87355 59
87356 50
87357 39
87358 44
87359 50
87360 35
87361 66
87362 73
87363 63
87364 88
87365 5
87366 72
87367 14
87368 60
87369 94
87370 97
87371 59
87372 39
87373 29
87374 95
87375 7
87376 45
87377 97
87378 51
87379 25
87380 68
87381 47
87382 60
87383 42
87384 22
87385 45
87386 40
87387 59
87388 91
87389 25
87390 45
87391 94
87392 3
87393 8
87394 45
87395 13
87396 42
87397 74
87398 60
87399 42
87400 18
87401 78
87402 42
87403 95
87404 69
87405 69
87406 69
87407 96
87408 52
87409 50
87410 94
87411 1
87412 70
87413 53
87414 99
87415 17
87416 46
87417 36
87418 48
87419 25
87420 43
87421 7
87422 56
87423 42
87424 88
87425 62
87426 92
87427 56
87428 5
87429 64
87430 95
87431 13
87432 1
87433 2
87434 57
87435 50
87436 7
87437 58
87438 95
87439 44
87440 95
87441 47
87442 17
87443 16
87444 57
87445 94
87446 13
87447 15
87448 39
87449 18
87450 56
87451 32
87452 24
87453 43
87454 51
87455 38
87456 99
87457 44
87458 98
87459 98
87460 40
87461 23
87462 98
87463 98
87464 14
87465 14
87466 89
87467 69
87468 72
87469 46
87470 57
87471 25
87472 58
87473 32
87474 86
87475 62
87476 33
87477 70
87478 57
87479 55
87480 45
87481 40
87482 45
87483 68
87484 14
87485 26
87486 0
87487 77
87488 82
87489 68
87490 53
87491 62
87492 13
87493 52
87494 57
87495 44
87496 51
87497 53
87498 80
87499 17
87500 19
87501 25
87502 96
87503 94
87504 50
87505 0
87506 28
87507 44
87508 94
87509 44
87510 87
87511 53
87512 17
87513 96
87514 61
87515 62
87516 72
87517 46
87518 58
87519 70
87520 57
87521 61
87522 60
87523 18
87524 1
87525 85
87526 97
87527 17
87528 13
87529 45
87530 48
87531 40
87532 5
87533 45
87534 50
87535 46
87536 97
87537 69
87538 23
87539 86
87540 14
87541 93
87542 88
87543 47
87544 60
87545 2
87546 47
87547 49
87548 5
87549 35
87550 29
87551 97
87552 5
87553 42
87554 50
87555 27
87556 85
87557 65
87558 42
87559 52
87560 8
87561 70
87562 4
87563 95
87564 57
87565 94
87566 63
87567 58
87568 45
87569 5
87570 47
87571 55
87572 25
87573 74
87574 87
87575 58
87576 66
87577 45
87578 3
87579 22
87580 94
87581 13
87582 0
87583 39
87584 40
87585 58
87586 48
87587 69
87588 26
87589 71
87590 97
87591 54
87592 64
87593 14
87594 44
87595 89
87596 54
87597 39
87598 36
87599 88
87600 28
87601 60
87602 97
87603 61
87604 67
87605 95
87606 47
87607 73
87608 95
87609 15
87610 94
87611 2
87612 48
87613 72
87614 4
87615 7
87616 28
87617 38
87618 41
87619 96
87620 6
87621 13
87622 2
87623 97
87624 41
87625 83
87626 53
87627 62
87628 4
87629 67
87630 40
87631 80
87632 3
87633 99
87634 32
87635 98
87636 55
87637 24
87638 98
87639 98
87640 45
87641 13
87642 38
87643 40
87644 89
87645 61
87646 16
87647 63
87648 84
87649 51
87650 0
87651 5
87652 5
87653 61
87654 44
87655 72
87656 18
87657 60
87658 32
87659 55
87660 72
87661 58
87662 35
87663 56
87664 15
87665 42
87666 45
87667 61
87668 97
87669 23
87670 3
87671 21
87672 24
87673 15
87674 40
87675 28
87676 62
87677 71
87678 52
87679 46
87680 50
87681 58
87682 48
87683 53
87684 51
87685 63
87686 78
87687 50
87688 32
87689 42
87690 52
87691 13
87692 41
87693 73
87694 77
87695 43
87696 11
87697 59
87698 85
87699 50
87700 57
87701 94
87702 0
87703 13
87704 88
87705 25
87706 48
87707 68
87708 28
87709 25
87710 71
87711 32
87712 52
87713 69
87714 38
87715 44
87716 90
87717 36
87718 45
87719 56
87720 22
87721 47
87722 65
87723 94
87724 95
87725 96
87726 75
87727 28
87728 26
87729 55
87730 2
87731 0
87732 57
87733 18
87734 2
87735 2
87736 79
87737 14
87738 98
87739 56
87740 61
87741 47
87742 33
87743 60
87744 13
87745 33
87746 72
87747 80
87748 25
87749 57
87750 95
87751 60
87752 48
87753 15
87754 50
87755 59
87756 87
87757 13
87758 53
87759 39
87760 3
87761 15
87762 15
87763 17
87764 19
87765 53
87766 14
87767 28
87768 13
87769 60
87770 15
87771 53
87772 51
87773 54
87774 15
87775 55
87776 79
87777 25
87778 16
87779 78
87780 2
87781 26
87782 40
87783 59
87784 41
87785 57
87786 62
87787 52
87788 90
87789 4
87790 71
87791 95
87792 69
87793 21
87794 14
87795 36
87796 22
87797 77
87798 74
87799 22
87800 11
87801 32
87802 79
87803 67
87804 45
87805 63
87806 33
87807 94
87808 62
87809 94
87810 25
87811 21
87812 30
87813 41
87814 50
87815 9
87816 87
87817 87
87818 41
87819 14
87820 14
87821 15
87822 54
87823 55
87824 22
87825 57
87826 20
87827 18
87828 73
87829 17
87830 61
87831 69
87832 65
87833 54
87834 24
87835 83
87836 38
87837 17
87838 75
87839 81
87840 82
87841 87
87842 13
87843 52
87844 52
87845 92
87846 19
87847 57
87848 67
87849 74
87850 47
87851 48
87852 47
87853 30
87854 25
87855 25
87856 38
87857 85
87858 55
87859 66
87860 53
87861 64
87862 44
87863 50
87864 73
87865 14
87866 44
87867 70
87868 33
87869 25
87870 38
87871 30
87872 71
87873 87
87874 41
87875 38
87876 79
87877 41
87878 60
87879 73
87880 18
87881 26
87882 86
87883 48
87884 43
87885 53
87886 51
87887 54
87888 62
87889 46
87890 98
87891 50
87892 27
87893 9
87894 17
87895 53
87896 25
87897 25
87898 50
87899 55
87900 8
87901 70
87902 50
87903 25
87904 72
87905 26
87906 53
87907 44
87908 52
87909 41
87910 38
87911 39
87912 72
87913 35
87914 45
87915 56
87916 94
87917 26
87918 58
87919 21
87920 7
87921 47
87922 3
87923 79
87924 41
87925 32
87926 38
87927 72
87928 73
87929 82
87930 59
87931 30
87932 36
87933 22
87934 83
87935 65
87936 61
87937 91
87938 70
87939 61
87940 94
87941 26
87942 70
87943 64
87944 96
87945 22
87946 25
87947 91
87948 79
87949 18
87950 23
87951 91
87952 35
87953 85
87954 32
87955 50
87956 31
87957 48
87958 53
87959 30
87960 86
87961 60
87962 62
87963 36
87964 3
87965 14
87966 38
87967 19
87968 62
87969 13
87970 61
87971 25
87972 33
87973 24
87974 27
87975 64
87976 68
87977 13
87978 61
87979 41
87980 47
87981 73
87982 50
87983 66
87984 74
87985 46
87986 50
87987 25
87988 93
87989 45
87990 74
87991 18
87992 72
87993 78
87994 58
87995 25
87996 18
87997 69
87998 63
87999 54
88000 27
88001 97
88002 93
88003 53
88004 61
88005 94
88006 28
88007 14
88008 54
88009 10
88010 29
88011 57
88012 20
88013 42
88014 13
88015 25
88016 70
88017 21
88018 91
88019 38
88020 55
88021 20
88022 26
88023 13
88024 56
88025 57
88026 93
88027 88
88028 72
88029 0
88030 45
88031 28
88032 81
88033 41
88034 34
88035 95
88036 51
88037 48
88038 71
88039 72
88040 10
88041 50
88042 32
88043 13
88044 14
88045 18
88046 25
88047 38
88048 63
88049 81
88050 90
88051 61
88052 63
88053 39
88054 51
88055 98
88056 73
88057 72
88058 89
88059 8
88060 1
88061 42
88062 32
88063 52
88064 78
88065 81
88066 98
88067 61
88068 8
88069 46
88070 6
88071 38
88072 92
88073 81
88074 73
88075 51
88076 75
88077 14
88078 55
88079 46
88080 33
88081 19
88082 60
88083 48
88084 34
88085 92
88086 42
88087 4
88088 44
88089 45
88090 98
88091 17
88092 25
88093 65
88094 57
88095 13
88096 2
88097 99
88098 22
88099 23
88100 23
88101 96
88102 85
88103 57
88104 67
88105 17
88106 55
88107 53
88108 14
88109 40
88110 43
88111 83
88112 55
88113 21
88114 3
88115 2
88116 41
88117 94
88118 62
88119 54
88120 19
88121 90
88122 2
88123 64
88124 4
88125 60
88126 55
88127 0
88128 69
88129 25
88130 93
88131 94
88132 57
88133 38
88134 13
88135 55
88136 50
88137 28
88138 88
88139 73
88140 61
88141 25
88142 97
88143 61
88144 7
88145 99
88146 24
88147 79
88148 6
88149 6
88150 46
88151 57
88152 95
88153 28
88154 62
88155 53
88156 92
88157 41
88158 95
88159 58
88160 59
88161 14
88162 35
88163 26
88164 75
88165 97
88166 51
88167 60
88168 40
88169 42
88170 57
88171 41
88172 73
88173 61
88174 22
88175 82
88176 44
88177 15
88178 84
88179 8
88180 20
88181 41
88182 99
88183 36
88184 41
88185 24
88186 51
88187 3
88188 24
88189 8
88190 54
88191 18
88192 22
88193 28
88194 36
88195 39
88196 44
88197 41
88198 25
88199 21
88200 22
88201 39
88202 43
88203 97
88204 7
88205 38
88206 47
88207 42
88208 50
88209 74
88210 50
88211 15
88212 58
88213 72
88214 10
88215 71
88216 71
88217 50
88218 8
88219 66
88220 36
88221 64
88222 15
88223 24
88224 95
88225 47
88226 14
88227 57
88228 94
88229 40
88230 95
88231 10
88232 13
88233 14
88234 85
88235 66
88236 48
88237 57
88238 19
88239 24
88240 56
88241 41
88242 25
88243 7
88244 67
88245 8
88246 72
88247 22
88248 61
88249 43
88250 28
88251 42
88252 39
88253 20
88254 64
88255 24
88256 60
88257 94
88258 8
88259 71
88260 85
88261 27
88262 78
88263 97
88264 30
88265 46
88266 61
88267 35
88268 9
88269 23
88270 85
88271 99
88272 70
88273 54
88274 35
88275 71
88276 21
88277 99
88278 39
88279 10
88280 55
88281 99
88282 7
88283 85
88284 97
88285 61
88286 47
88287 55
88288 22
88289 40
88290 33
88291 63
88292 60
88293 7
88294 57
88295 30
88296 55
88297 2
88298 50
88299 54
88300 33
88301 2
88302 29
88303 79
88304 86
88305 99
88306 48
88307 61
88308 69
88309 61
88310 96
88311 78
88312 2
88313 38
88314 77
88315 14
88316 30
88317 26
88318 65
88319 1
88320 45
88321 74
88322 86
88323 21
88324 19
88325 58
88326 71
88327 18
88328 28
88329 85
88330 20
88331 23
88332 20
88333 35
88334 98
88335 45
88336 18
88337 14
88338 57
88339 32
88340 33
88341 78
88342 54
88343 88
88344 32
88345 95
88346 21
88347 72
88348 35
88349 97
88350 4
88351 69
88352 45
88353 56
88354 94
88355 94
88356 22
88357 60
88358 82
88359 65
88360 15
88361 28
88362 48
88363 67
88364 51
88365 77
88366 7
88367 98
88368 55
88369 4
88370 97
88371 98
88372 86
88373 41
88374 14
88375 57
88376 77
88377 61
88378 30
88379 64
88380 63
88381 54
88382 44
88383 62
88384 2
88385 50
88386 48
88387 90
88388 69
88389 17
88390 52
88391 49
88392 86
88393 65
88394 58
88395 17
88396 87
88397 34
88398 44
88399 40
88400 71
88401 96
88402 54
88403 25
88404 5
88405 91
88406 78
88407 44
88408 20
88409 58
88410 61
88411 23
88412 56
88413 24
88414 32
88415 23
88416 83
88417 77
88418 3
88419 6
88420 47
88421 33
88422 43
88423 72
88424 5
88425 16
88426 18
88427 57
88428 11
88429 61
88430 38
88431 94
88432 3
88433 13
88434 27
88435 7
88436 32
88437 58
88438 10
88439 13
88440 18
88441 57
88442 54
88443 57
88444 58
88445 20
88446 5
88447 51
88448 84
88449 57
88450 41
88451 51
88452 40
88453 90
88454 73
88455 55
88456 5
88457 0
88458 70
88459 42
88460 5
88461 30
88462 45
88463 71
88464 24
88465 72
88466 44
88467 95
88468 39
88469 26
88470 43
88471 77
88472 57
88473 80
88474 45
88475 45
88476 29
88477 52
88478 63
88479 65
88480 38
88481 38
88482 8
88483 33
88484 25
88485 35
88486 46
88487 5
88488 46
88489 51
88490 6
88491 18
88492 63
88493 38
88494 83
88495 54
88496 99
88497 50
88498 62
88499 51
88500 13
88501 7
88502 96
88503 52
88504 98
88505 89
88506 15
88507 60
88508 64
88509 44
88510 44
88511 31
88512 23
88513 65
88514 95
88515 4
88516 19
88517 42
88518 72
88519 34
88520 45
88521 7
88522 69
88523 46
88524 23
88525 60
88526 61
88527 20
88528 60
88529 14
88530 39
88531 54
88532 85
88533 70
88534 68
88535 55
88536 41
88537 1
88538 97
88539 7
88540 52
88541 5
88542 51
88543 78
88544 11
88545 42
88546 54
88547 32
88548 41
88549 45
88550 21
88551 0
88552 5
88553 83
88554 13
88555 81
88556 52
88557 95
88558 86
88559 10
88560 15
88561 6
88562 40
88563 61
88564 86
88565 72
88566 42
88567 14
88568 42
88569 95
88570 71
88571 58
88572 89
88573 62
88574 82
88575 61
88576 50
88577 71
88578 94
88579 82
88580 14
88581 28
88582 11
88583 65
88584 72
88585 57
88586 71
88587 40
88588 26
88589 52
88590 45
88591 8
88592 38
88593 38
88594 52
88595 76
88596 21
88597 85
88598 11
88599 6
88600 36
88601 22
88602 50
88603 29
88604 48
88605 50
88606 2
88607 22
88608 98
88609 91
88610 81
88611 95
88612 47
88613 59
88614 24
88615 63
88616 61
88617 15
88618 25
88619 38
88620 97
88621 26
88622 61
88623 45
88624 48
88625 6
88626 0
88627 36
88628 64
88629 76
88630 7
88631 98
88632 52
88633 81
88634 4
88635 22
88636 81
88637 23
88638 11
88639 62
88640 55
88641 99
88642 98
88643 3
88644 26
88645 21
88646 17
88647 61
88648 74
88649 57
88650 65
88651 25
88652 91
88653 34
88654 45
88655 41
88656 38
88657 56
88658 98
88659 56
88660 41
88661 18
88662 14
88663 57
88664 23
88665 97
88666 37
88667 86
88668 75
88669 71
88670 52
88671 88
88672 55
88673 47
88674 28
88675 5
88676 61
88677 58
88678 85
88679 71
88680 63
88681 95
88682 25
88683 15
88684 55
88685 27
88686 58
88687 33
88688 3
88689 90
88690 10
88691 17
88692 40
88693 2
88694 61
88695 53
88696 19
88697 5
88698 19
88699 52
88700 40
88701 55
88702 24
88703 66
88704 7
88705 65
88706 69
88707 72
88708 69
88709 69
88710 14
88711 8
88712 95
88713 63
88714 32
88715 95
88716 46
88717 52
88718 41
88719 44
88720 45
88721 92
88722 42
88723 70
88724 48
88725 37
88726 94
88727 21
88728 74
88729 98
88730 92
88731 2
88732 13
88733 54
88734 22
88735 98
88736 3
88737 57
88738 41
88739 27
88740 25
88741 69
88742 52
88743 52
88744 32
88745 73
88746 34
88747 53
88748 45
88749 6
88750 35
88751 16
88752 2
88753 25
88754 61
88755 55
88756 63
88757 79
88758 20
88759 57
88760 56
88761 18
88762 49
88763 16
88764 2
88765 74
88766 52
88767 61
88768 53
88769 62
88770 61
88771 72
88772 52
88773 3
88774 28
88775 1
88776 39
88777 79
88778 66
88779 97
88780 36
88781 97
88782 77
88783 38
88784 68
88785 21
88786 52
88787 52
88788 55
88789 57
88790 35
88791 58
88792 45
88793 92
88794 15
88795 33
88796 67
88797 73
88798 55
88799 57
88800 54
88801 73
88802 52
88803 71
88804 22
88805 51
88806 52
88807 51
88808 52
88809 52
88810 70
88811 85
88812 13
88813 69
88814 77
88815 25
88816 42
88817 80
88818 53
88819 14
88820 30
88821 36
88822 19
88823 50
88824 41
88825 4
88826 11
88827 61
88828 86
88829 94
88830 72
88831 54
88832 28
88833 73
88834 4
88835 10
88836 4
88837 70
88838 66
88839 7
88840 52
88841 65
88842 51
88843 7
88844 58
88845 30
88846 57
88847 69
88848 26
88849 57
88850 42
88851 75
88852 49
88853 45
88854 94
88855 71
88856 7
88857 18
88858 6
88859 87
88860 52
88861 92
88862 76
88863 52
88864 38
88865 58
88866 57
88867 61
88868 30
88869 36
88870 17
88871 2
88872 26
88873 79
88874 14
88875 95
88876 52
88877 31
88878 2
88879 53
88880 55
88881 92
88882 63
88883 45
88884 38
88885 94
88886 70
88887 0
88888 89
88889 63
88890 42
88891 55
88892 62
88893 4
88894 64
88895 70
88896 42
88897 54
88898 2
88899 58
88900 6
88901 52
88902 22
88903 52
88904 38
88905 63
88906 0
88907 93
88908 38
88909 22
88910 89
88911 32
88912 85
88913 68
88914 41
88915 43
88916 81
88917 62
88918 4
88919 94
88920 50
88921 22
88922 47
88923 52
88924 42
88925 52
88926 1
88927 86
88928 59
88929 67
88930 77
88931 58
88932 14
88933 20
88934 58
88935 2
88936 97
88937 63
88938 38
88939 87
88940 28
88941 76
88942 95
88943 70
88944 7
88945 49
88946 41
88947 69
88948 36
88949 53
88950 65
88951 80
88952 47
88953 51
88954 9
88955 50
88956 72
88957 39
88958 13
88959 44
88960 97
88961 57
88962 40
88963 8
88964 13
88965 58
88966 70
88967 70
88968 52
88969 55
88970 88
88971 88
88972 50
88973 14
88974 32
88975 14
88976 97
88977 82
88978 63
88979 91
88980 34
88981 57
88982 51
88983 90
88984 32
88985 55
88986 23
88987 24
88988 79
88989 56
88990 64
88991 20
88992 95
88993 2
88994 28
88995 54
88996 43
88997 48
88998 0
88999 75
89000 56
89001 50
89002 60
89003 16
89004 27
89005 62
89006 80
89007 52
89008 25
89009 6
89010 18
89011 87
89012 18
89013 33
89014 30
89015 95
89016 30
89017 92
89018 25
89019 97
89020 15
89021 82
89022 35
89023 88
89024 13
89025 0
89026 50
89027 52
89028 92
89029 76
89030 52
89031 6
89032 30
89033 41
89034 36
89035 22
89036 96
89037 61
89038 50
89039 52
89040 38
89041 85
89042 70
89043 18
89044 98
89045 65
89046 15
89047 5
89048 38
89049 15
89050 28
89051 58
89052 65
89053 38
89054 73
89055 48
89056 95
89057 7
89058 65
89059 52
89060 87
89061 73
89062 53
89063 1
89064 79
89065 26
89066 52
89067 32
89068 18
89069 15
89070 60
89071 59
89072 51
89073 70
89074 2
89075 52
89076 35
89077 19
89078 94
89079 24
89080 84
89081 23
89082 80
89083 40
89084 71
89085 45
89086 45
89087 38
89088 13
89089 63
89090 29
89091 22
89092 42
89093 87
89094 36
89095 83
89096 30
89097 24
89098 6
89099 38
89100 52
89101 40
89102 52
89103 92
89104 32
89105 41
89106 3
89107 71
89108 2
89109 23
89110 32
89111 2
89112 33
89113 27
89114 52
89115 58
89116 35
89117 45
89118 97
89119 4
89120 7
89121 45
89122 67
89123 25
89124 62
89125 35
89126 19
89127 52
89128 77
89129 50
89130 35
89131 57
89132 2
89133 52
89134 66
89135 26
89136 17
89137 52
89138 86
89139 57
89140 70
89141 63
89142 96
89143 10
89144 14
89145 1
89146 87
89147 88
89148 36
89149 60
89150 94
89151 29
89152 83
89153 62
89154 50
89155 52
89156 22
89157 85
89158 22
89159 9
89160 70
89161 28
89162 66
89163 61
89164 2
89165 28
89166 72
89167 39
89168 7
89169 13
89170 7
89171 29
89172 2
89173 69
89174 44
89175 88
89176 30
89177 54
89178 43
89179 33
89180 52
89181 41
89182 19
89183 30
89184 69
89185 95
89186 94
89187 52
89188 96
89189 26
89190 32
89191 55
89192 71
89193 2
89194 53
89195 33
89196 53
89197 26
89198 50
89199 60
89200 57
89201 94
89202 42
89203 9
89204 30
89205 22
89206 97
89207 52
89208 0
89209 11
89210 89
89211 13
89212 97
89213 32
89214 4
89215 50
89216 81
89217 52
89218 56
89219 52
89220 69
89221 52
89222 63
89223 35
89224 16
89225 20
89226 46
89227 55
89228 33
89229 52
89230 7
89231 76
89232 56
89233 32
89234 36
89235 52
89236 52
89237 53
89238 7
89239 13
89240 78
89241 30
89242 55
89243 73
89244 52
89245 41
89246 87
89247 98
89248 38
89249 97
89250 57
89251 95
89252 41
89253 25
89254 51
89255 52
89256 74
89257 60
89258 50
89259 70
89260 7
89261 95
89262 2
89263 41
89264 52
89265 25
89266 0
89267 21
89268 62
89269 5
89270 57
89271 55
89272 95
89273 73
89274 1
89275 53
89276 26
89277 26
89278 58
89279 0
89280 74
89281 13
89282 52
89283 51
89284 70
89285 41
89286 73
89287 50
89288 77
89289 55
89290 71
89291 98
89292 71
89293 87
89294 22
89295 94
89296 41
89297 50
89298 44
89299 14
89300 52
89301 94
89302 72
89303 73
89304 57
89305 37
89306 69
89307 79
89308 57
89309 39
89310 72
89311 69
89312 58
89313 52
89314 4
89315 65
89316 52
89317 98
89318 17
89319 50
89320 18
89321 73
89322 97
89323 54
89324 33
89325 32
89326 50
89327 32
89328 50
89329 95
89330 13
89331 18
89332 22
89333 93
89334 95
89335 51
89336 41
89337 14
89338 53
89339 74
89340 6
89341 10
89342 51
89343 40
89344 78
89345 86
89346 57
89347 41
89348 8
89349 4
89350 18
89351 53
89352 91
89353 61
89354 25
89355 6
89356 25
89357 50
89358 83
89359 52
89360 19
89361 13
89362 39
89363 34
89364 73
89365 67
89366 16
89367 79
89368 10
89369 51
89370 52
89371 55
89372 69
89373 13
89374 0
89375 52
89376 52
89377 44
89378 39
89379 37
89380 40
89381 28
89382 34
89383 32
89384 49
89385 71
89386 71
89387 46
89388 21
89389 15
89390 52
89391 23
89392 81
89393 13
89394 24
89395 13
89396 48
89397 52
89398 54
89399 45
89400 55
89401 16
89402 23
89403 79
89404 49
89405 45
89406 52
89407 24
89408 10
89409 63
89410 66
89411 51
89412 1
89413 35
89414 41
89415 45
89416 43
89417 4
89418 8
89419 18
89420 32
89421 28
89422 50
89423 14
89424 34
89425 99
89426 27
89427 13
89428 35
89429 96
89430 32
89431 13
89432 4
89433 14
89434 24
89435 10
89436 22
89437 74
89438 53
89439 2
89440 52
89441 23
89442 52
89443 10
89444 73
89445 61
89446 42
89447 95
89448 75
89449 25
89450 52
89451 57
89452 58
89453 43
89454 44
89455 32
89456 52
89457 30
89458 7
89459 17
89460 52
89461 10
89462 52
89463 11
89464 45
89465 57
89466 52
89467 6
89468 35
89469 78
89470 52
89471 2
89472 4
89473 47
89474 30
89475 67
89476 83
89477 14
89478 45
89479 61
89480 40
89481 84
89482 52
89483 70
89484 71
89485 18
89486 85
89487 4
89488 30
89489 18
89490 57
89491 76
89492 89
89493 81
89494 52
89495 98
89496 60
89497 38
89498 8
89499 56
89500 94
89501 65
89502 46
89503 52
89504 23
89505 25
89506 18
89507 52
89508 97
89509 22
89510 18
89511 52
89512 54
89513 60
89514 97
89515 39
89516 95
89517 13
89518 13
89519 52
89520 52
89521 76
89522 57
89523 64
89524 39
89525 55
89526 97
89527 17
89528 50
89529 52
89530 32
89531 19
89532 23
89533 32
89534 52
89535 25
89536 58
89537 84
89538 9
89539 50
89540 60
89541 38
89542 32
89543 79
89544 91
89545 52
89546 74
89547 25
89548 13
89549 17
89550 16
89551 63
89552 10
89553 74
89554 23
89555 48
89556 35
89557 52
89558 94
89559 25
89560 44
89561 52
89562 26
89563 87
89564 66
89565 64
89566 47
89567 61
89568 22
89569 18
89570 52
89571 17
89572 93
89573 43
89574 95
89575 77
89576 61
89577 54
89578 91
89579 26
89580 60
89581 85
89582 17
89583 2
89584 7
89585 34
89586 98
89587 97
89588 88
89589 52
89590 95
89591 18
89592 41
89593 84
89594 8
89595 22
89596 10
89597 55
89598 26
89599 40
89600 38
89601 52
89602 40
89603 95
89604 50
89605 60
89606 53
89607 51
89608 58
89609 42
89610 90
89611 21
89612 50
89613 98
89614 97
89615 55
89616 22
89617 47
89618 8
89619 23
89620 52
89621 3
89622 45
89623 54
89624 87
89625 52
89626 75
89627 18
89628 41
89629 5
89630 45
89631 0
89632 27
89633 65
89634 20
89635 46
89636 61
89637 55
89638 18
89639 9
89640 22
89641 24
89642 94
89643 36
89644 6
89645 45
89646 63
89647 18
89648 53
89649 52
89650 18
89651 30
89652 63
89653 98
89654 36
89655 92
89656 25
89657 17
89658 5
89659 43
89660 47
89661 57
89662 57
89663 93
89664 52
89665 14
89666 28
89667 69
89668 52
89669 10
89670 52
89671 70
89672 78
89673 60
89674 53
89675 2
89676 79
89677 23
89678 4
89679 62
89680 34
89681 67
89682 50
89683 97
89684 3
89685 25
89686 89
89687 48
89688 61
89689 63
89690 53
89691 14
89692 62
89693 51
89694 44
89695 25
89696 2
89697 33
89698 99
89699 81
89700 24
89701 50
89702 46
89703 2
89704 31
89705 33
89706 6
89707 77
89708 75
89709 93
89710 36
89711 65
89712 18
89713 6
89714 41
89715 36
89716 46
89717 17
89718 52
89719 65
89720 97
89721 88
89722 72
89723 25
89724 56
89725 96
89726 62
89727 0
89728 52
89729 90
89730 98
89731 24
89732 80
89733 13
89734 30
89735 17
89736 43
89737 54
89738 18
89739 97
89740 60
89741 61
89742 56
89743 54
89744 13
89745 51
89746 22
89747 94
89748 25
89749 40
89750 3
89751 52
89752 74
89753 64
89754 83
89755 94
89756 97
89757 47
89758 65
89759 46
89760 52
89761 32
89762 98
89763 38
89764 11
89765 57
89766 95
89767 72
89768 11
89769 92
89770 0
89771 38
89772 52
89773 20
89774 23
89775 21
89776 36
89777 97
89778 46
89779 37
89780 19
89781 81
89782 38
89783 52
89784 16
89785 95
89786 8
89787 51
89788 69
89789 46
89790 63
89791 70
89792 52
89793 19
89794 47
89795 69
89796 52
89797 32
89798 85
89799 22
89800 2
89801 57
89802 55
89803 22
89804 11
89805 50
89806 95
89807 25
89808 30
89809 57
89810 81
89811 68
89812 44
89813 40
89814 33
89815 52
89816 40
89817 70
89818 13
89819 51
89820 73
89821 52
89822 17
89823 43
89824 52
89825 26
89826 1
89827 74
89828 91
89829 65
89830 23
89831 30
89832 17
89833 95
89834 14
89835 15
89836 97
89837 51
89838 10
89839 38
89840 72
89841 21
89842 94
89843 56
89844 81
89845 52
89846 55
89847 93
89848 81
89849 38
89850 98
89851 46
89852 52
89853 23
89854 41
89855 30
89856 80
89857 5
89858 82
89859 0
89860 38
89861 49
89862 51
89863 51
89864 25
89865 22
89866 70
89867 38
89868 2
89869 71
89870 46
89871 22
89872 38
89873 2
89874 50
89875 10
89876 52
89877 52
89878 86
89879 97
89880 23
89881 52
89882 76
89883 14
89884 48
89885 45
89886 57
89887 55
89888 42
89889 71
89890 47
89891 52
89892 18
89893 57
89894 13
89895 52
89896 40
89897 1
89898 52
89899 9
89900 32
89901 4
89902 15
89903 54
89904 29
89905 33
89906 29
89907 51
89908 80
89909 39
89910 53
89911 58
89912 47
89913 52
89914 4
89915 58
89916 71
89917 75
89918 52
89919 94
89920 76
89921 32
89922 78
89923 72
89924 97
89925 70
89926 93
89927 70
89928 52
89929 62
89930 63
89931 32
89932 57
89933 33
89934 36
89935 16
89936 52
89937 72
89938 88
89939 52
89940 88
89941 86
89942 21
89943 21
89944 52
89945 0
89946 24
89947 45
89948 70
89949 38
89950 54
89951 3
89952 52
89953 57
89954 58
89955 85
89956 92
89957 78
89958 25
89959 10
89960 73
89961 2
89962 51
89963 25
89964 52
89965 69
89966 52
89967 52
89968 52
89969 53
89970 52
89971 57
89972 4
89973 31
89974 16
89975 13
89976 35
89977 4
89978 2
89979 52
89980 97
89981 32
89982 52
89983 95
89984 96
89985 94
89986 51
89987 55
89988 52
89989 23
89990 62
89991 87
89992 95
89993 55
89994 90
89995 7
89996 29
89997 53
89998 60
89999 35
