0 112
1 115
2 157
3 157
4 115
5 116
6 112
7 116
8 157
9 195
10 154
11 144
12 197
13 195
14 113
15 154
16 144
17 195
18 144
19 197
20 195
21 144
22 112
23 113
24 195
25 115
26 159
27 112
28 205
29 181
30 181
31 181
32 112
33 205
34 159
35 2
36 2
37 15
38 159
39 205
40 205
41 181
42 157
43 181
44 181
45 181
46 15
47 176
48 109
49 151
50 109
51 116
52 157
53 151
54 109
55 116
56 113
57 166
58 166
59 171
60 166
61 173
62 156
63 113
64 156
65 115
66 166
67 173
68 173
69 119
70 116
71 116
72 148
73 163
74 131
75 129
76 173
77 163
78 72
79 172
80 72
81 79
82 2
83 129
84 208
85 172
86 202
87 154
88 153
89 173
90 62
91 208
92 128
93 112
94 79
95 163
96 110
97 150
98 32
99 114
100 163
101 208
102 111
103 172
104 32
105 139
106 23
107 90
108 2
109 131
110 112
111 193
112 62
113 110
114 150
115 129
116 128
117 90
118 154
119 112
120 148
121 202
122 148
123 150
124 154
125 2
126 193
127 300
128 195
129 79
130 371
131 193
132 23
133 163
134 321
135 153
136 195
137 139
138 123
139 139
140 128
141 321
142 23
143 23
144 123
145 371
146 172
147 622
148 46
149 524
150 34
151 790
152 177
153 282
154 262
155 345
156 610
157 424
158 322
159 236
160 281
161 365
162 52
163 420
164 85
165 404
166 76
167 142
168 636
169 858
170 366
171 47
172 406
173 623
174 386
175 51
176 387
177 116
178 249
179 192
180 267
181 794
182 335
183 760
184 349
185 607
186 253
187 414
188 300
189 834
190 339
191 70
192 752
193 273
194 6
195 766
196 769
197 127
198 623
199 80
200 197
201 56
202 795
203 747
204 386
205 349
206 834
207 292
208 821
209 397
210 311
211 637
212 287
213 298
214 728
215 318
216 846
217 498
218 362
219 759
220 610
221 803
222 56
223 281
224 766
225 175
226 365
227 353
228 483
229 84
230 532
231 364
232 387
233 846
234 240
235 581
236 149
237 373
238 414
239 173
240 350
241 162
242 362
243 345
244 192
245 728
246 104
247 712
248 773
249 70
250 82
251 197
252 349
253 823
254 342
255 370
256 693
257 409
258 373
259 570
260 300
261 343
262 308
263 426
264 10
265 83
266 199
267 287
268 42
269 839
270 62
271 860
272 300
273 338
274 799
275 42
276 751
277 21
278 56
279 581
280 211
281 330
282 397
283 831
284 318
285 786
286 204
287 353
288 267
289 310
290 61
291 769
292 79
293 32
294 65
295 349
296 767
297 427
298 248
299 79
300 412
301 204
302 549
303 462
304 759
305 32
306 715
307 76
308 782
309 708
310 577
311 799
312 21
313 787
314 846
315 498
316 175
317 32
318 85
319 524
320 549
321 760
322 796
323 524
324 406
325 10
326 390
327 712
328 364
329 793
330 173
331 436
332 292
333 343
334 55
335 221
336 164
337 728
338 426
339 146
340 86
341 6
342 795
343 370
344 349
345 42
346 173
347 116
348 47
349 82
350 343
351 160
352 164
353 426
354 424
355 300
356 273
357 397
358 144
359 298
360 66
361 253
362 253
363 414
364 338
365 611
366 335
367 498
368 712
369 458
370 49
371 122
372 127
373 752
374 271
375 740
376 700
377 76
378 424
379 298
380 6
381 164
382 116
383 740
384 387
385 728
386 522
387 335
388 144
389 311
390 144
391 740
392 51
393 248
394 373
395 82
396 204
397 122
398 308
399 390
400 240
401 263
402 240
403 262
404 816
405 221
406 236
407 406
408 381
409 766
410 211
411 807
412 194
413 42
414 240
415 373
416 728
417 858
418 412
419 715
420 846
421 373
422 364
423 412
424 345
425 61
426 426
427 747
428 61
429 62
430 107
431 32
432 211
433 807
434 343
435 180
436 116
437 409
438 793
439 570
440 345
441 800
442 421
443 104
444 607
445 823
446 399
447 404
448 839
449 21
450 846
451 311
452 421
453 180
454 751
455 21
456 177
457 404
458 86
459 436
460 694
461 76
462 273
463 715
464 766
465 6
466 49
467 483
468 800
469 194
470 381
471 76
472 776
473 751
474 688
475 146
476 786
477 498
478 458
479 796
480 715
481 127
482 524
483 197
484 773
485 221
486 330
487 597
488 86
489 577
490 620
491 747
492 793
493 796
494 298
495 347
496 740
497 32
498 322
499 52
500 107
501 795
502 387
503 273
504 34
505 414
506 839
507 236
508 483
509 220
510 532
511 287
512 782
513 524
514 313
515 786
516 835
517 55
518 532
519 622
520 83
521 531
522 700
523 390
524 353
525 751
526 366
527 199
528 794
529 373
530 831
531 127
532 300
533 330
534 414
535 240
536 787
537 462
538 240
539 397
540 858
541 752
542 66
543 248
544 318
545 637
546 700
547 173
548 821
549 49
550 51
551 101
552 782
553 308
554 267
555 858
556 760
557 310
558 427
559 204
560 101
561 330
562 803
563 160
564 84
565 426
566 549
567 370
568 860
569 116
570 220
571 790
572 313
573 287
574 622
575 399
576 65
577 46
578 695
579 330
580 340
581 821
582 759
583 693
584 366
585 759
586 759
587 217
588 364
589 390
590 412
591 249
592 292
593 767
594 338
595 823
596 421
597 522
598 6
599 217
600 194
601 34
602 782
603 404
604 79
605 79
606 366
607 310
608 292
609 625
610 316
611 265
612 264
613 366
614 60
615 415
616 321
617 278
618 340
619 369
620 783
621 389
622 185
623 363
624 236
625 326
626 278
627 187
628 238
629 30
630 661
631 295
632 319
633 38
634 5
635 321
636 384
637 351
638 106
639 727
640 290
641 193
642 353
643 222
644 156
645 50
646 263
647 321
648 225
649 278
650 5
651 197
652 321
653 568
654 13
655 134
656 282
657 358
658 52
659 258
660 31
661 192
662 155
663 347
664 66
665 305
666 224
667 326
668 236
669 405
670 265
671 17
672 356
673 375
674 211
675 100
676 257
677 64
678 98
679 372
680 236
681 363
682 342
683 291
684 116
685 60
686 281
687 352
688 243
689 53
690 147
691 353
692 72
693 231
694 220
695 274
696 136
697 272
698 13
699 43
700 59
701 287
702 109
703 139
704 254
705 143
706 363
707 312
708 145
709 310
710 126
711 30
712 82
713 50
714 6
715 254
716 192
717 132
718 97
719 37
720 31
721 38
722 79
723 20
724 141
725 20
726 167
727 83
728 190
729 278
730 102
731 100
732 264
733 132
734 269
735 116
736 375
737 340
738 129
739 449
740 71
741 316
742 64
743 225
744 152
745 83
746 180
747 84
748 72
749 173
750 54
751 60
752 15
753 294
754 116
755 154
756 98
757 477
758 67
759 202
760 240
761 276
762 225
763 315
764 111
765 269
766 59
767 345
768 177
769 489
770 597
771 55
772 67
773 393
774 142
775 597
776 198
777 79
778 38
779 181
780 20
781 28
782 130
783 130
784 26
785 45
786 101
787 11
788 13
789 48
790 366
791 153
792 363
793 11
794 38
795 211
796 26
797 13
798 278
799 213
800 267
801 207
802 177
803 139
804 45
805 173
806 290
807 217
808 154
809 150
810 143
811 82
812 100
813 45
814 55
815 71
816 175
817 45
818 178
819 160
820 56
821 120
822 71
823 54
824 329
825 150
826 119
827 269
828 94
829 26
830 175
831 72
832 169
833 520
834 319
835 178
836 257
837 2
838 12
839 175
840 187
841 20
842 48
843 171
844 106
845 167
846 76
847 150
848 38
849 69
850 783
851 319
852 8
853 19
854 405
855 139
856 69
857 276
858 51
859 38
860 391
861 276
862 160
863 50
864 82
865 197
866 184
867 145
868 29
869 343
870 125
871 321
872 258
873 105
874 154
875 0
876 379
877 119
878 169
879 615
880 313
881 157
882 238
883 287
884 157
885 28
886 84
887 340
888 153
889 66
890 190
891 36
892 43
893 164
894 64
895 156
896 102
897 169
898 180
899 484
900 770
901 10
902 118
903 23
904 12
905 48
906 2
907 25
908 296
909 358
910 175
911 155
912 389
913 403
914 153
915 351
916 103
917 127
918 64
919 78
920 532
921 83
922 372
923 433
924 28
925 141
926 2
927 25
928 661
929 15
930 33
931 296
932 75
933 60
934 17
935 5
936 160
937 231
938 139
939 269
940 288
941 231
942 59
943 110
944 213
945 651
946 78
947 168
948 70
949 181
950 79
951 186
952 177
953 203
954 735
955 45
956 76
957 5
958 164
959 100
960 778
961 145
962 206
963 205
964 161
965 181
966 193
967 50
968 156
969 2
970 8
971 129
972 76
973 590
974 389
975 267
976 64
977 315
978 110
979 205
980 200
981 727
982 139
983 276
984 519
985 32
986 19
987 142
988 111
989 98
990 252
991 448
992 38
993 242
994 252
995 207
996 295
997 20
998 276
999 116
1000 334
1001 185
1002 347
1003 352
1004 291
1005 213
1006 332
1007 9
1008 273
1009 295
1010 68
1011 289
1012 47
1013 41
1014 205
1015 778
1016 91
1017 140
1018 98
1019 342
1020 243
1021 390
1022 358
1023 288
1024 313
1025 375
1026 150
1027 272
1028 297
1029 167
1030 109
1031 248
1032 347
1033 91
1034 345
1035 403
1036 12
1037 142
1038 161
1039 692
1040 735
1041 62
1042 6
1043 783
1044 224
1045 98
1046 267
1047 192
1048 37
1049 150
1050 399
1051 67
1052 78
1053 23
1054 237
1055 116
1056 63
1057 403
1058 12
1059 123
1060 59
1061 181
1062 32
1063 123
1064 186
1065 137
1066 426
1067 168
1068 352
1069 238
1070 216
1071 329
1072 268
1073 82
1074 169
1075 92
1076 91
1077 31
1078 223
1079 399
1080 616
1081 160
1082 44
1083 98
1084 243
1085 53
1086 369
1087 33
1088 213
1089 28
1090 60
1091 68
1092 362
1093 69
1094 47
1095 290
1096 544
1097 68
1098 197
1099 328
1100 192
1101 160
1102 30
1103 426
1104 727
1105 616
1106 343
1107 222
1108 312
1109 146
1110 236
1111 256
1112 242
1113 274
1114 362
1115 245
1116 53
1117 15
1118 181
1119 263
1120 23
1121 187
1122 238
1123 146
1124 137
1125 114
1126 213
1127 79
1128 116
1129 415
1130 353
1131 171
1132 100
1133 44
1134 405
1135 276
1136 347
1137 140
1138 45
1139 449
1140 345
1141 433
1142 400
1143 41
1144 597
1145 101
1146 692
1147 263
1148 171
1149 254
1150 67
1151 17
1152 326
1153 204
1154 154
1155 204
1156 372
1157 394
1158 334
1159 375
1160 328
1161 37
1162 207
1163 273
1164 169
1165 23
1166 155
1167 20
1168 297
1169 75
1170 141
1171 47
1172 156
1173 35
1174 125
1175 146
1176 310
1177 258
1178 178
1179 651
1180 140
1181 403
1182 148
1183 199
1184 18
1185 21
1186 489
1187 62
1188 53
1189 245
1190 79
1191 137
1192 98
1193 143
1194 59
1195 127
1196 11
1197 44
1198 310
1199 18
1200 100
1201 273
1202 342
1203 276
1204 449
1205 25
1206 532
1207 237
1208 127
1209 92
1210 92
1211 200
1212 263
1213 187
1214 181
1215 206
1216 4
1217 12
1218 66
1219 291
1220 267
1221 569
1222 238
1223 167
1224 292
1225 120
1226 340
1227 319
1228 544
1229 352
1230 88
1231 129
1232 62
1233 505
1234 73
1235 544
1236 661
1237 17
1238 23
1239 98
1240 72
1241 10
1242 171
1243 45
1244 175
1245 91
1246 40
1247 448
1248 52
1249 63
1250 114
1251 178
1252 178
1253 340
1254 287
1255 288
1256 636
1257 193
1258 4
1259 220
1260 111
1261 476
1262 519
1263 102
1264 96
1265 134
1266 5
1267 187
1268 492
1269 91
1270 216
1271 0
1272 305
1273 0
1274 31
1275 136
1276 184
1277 28
1278 50
1279 590
1280 8
1281 252
1282 475
1283 23
1284 115
1285 52
1286 180
1287 66
1288 78
1289 379
1290 206
1291 393
1292 180
1293 37
1294 96
1295 6
1296 615
1297 11
1298 28
1299 160
1300 148
1301 144
1302 182
1303 484
1304 143
1305 248
1306 151
1307 49
1308 153
1309 505
1310 278
1311 6
1312 623
1313 41
1314 343
1315 137
1316 47
1317 6
1318 167
1319 519
1320 294
1321 578
1322 21
1323 616
1324 156
1325 391
1326 42
1327 268
1328 153
1329 211
1330 522
1331 64
1332 183
1333 505
1334 36
1335 106
1336 278
1337 55
1338 256
1339 33
1340 625
1341 692
1342 120
1343 372
1344 403
1345 578
1346 98
1347 183
1348 5
1349 207
1350 274
1351 329
1352 6
1353 313
1354 167
1355 289
1356 92
1357 532
1358 2
1359 82
1360 116
1361 353
1362 291
1363 88
1364 105
1365 4
1366 139
1367 133
1368 136
1369 13
1370 114
1371 115
1372 403
1373 148
1374 356
1375 43
1376 222
1377 226
1378 345
1379 29
1380 32
1381 148
1382 169
1383 143
1384 369
1385 137
1386 319
1387 157
1388 60
1389 109
1390 173
1391 112
1392 71
1393 154
1394 211
1395 173
1396 156
1397 522
1398 115
1399 150
1400 447
1401 127
1402 83
1403 60
1404 380
1405 294
1406 332
1407 41
1408 126
1409 340
1410 32
1411 13
1412 256
1413 19
1414 168
1415 216
1416 123
1417 11
1418 112
1419 180
1420 497
1421 186
1422 699
1423 393
1424 117
1425 100
1426 142
1427 62
1428 8
1429 206
1430 405
1431 369
1432 141
1433 30
1434 623
1435 4
1436 141
1437 206
1438 0
1439 444
1440 50
1441 49
1442 137
1443 217
1444 316
1445 184
1446 147
1447 9
1448 64
1449 56
1450 281
1451 202
1452 60
1453 316
1454 35
1455 192
1456 217
1457 177
1458 59
1459 102
1460 125
1461 111
1462 125
1463 42
1464 117
1465 88
1466 186
1467 263
1468 140
1469 447
1470 185
1471 100
1472 203
1473 42
1474 315
1475 8
1476 0
1477 11
1478 106
1479 269
1480 197
1481 37
1482 51
1483 40
1484 200
1485 375
1486 49
1487 254
1488 183
1489 88
1490 43
1491 405
1492 623
1493 129
1494 111
1495 139
1496 197
1497 35
1498 326
1499 242
1500 292
1501 119
1502 89
1503 274
1504 205
1505 103
1506 101
1507 340
1508 312
1509 51
1510 193
1511 265
1512 356
1513 636
1514 231
1515 72
1516 197
1517 175
1518 84
1519 144
1520 52
1521 783
1522 10
1523 193
1524 145
1525 144
1526 113
1527 32
1528 281
1529 106
1530 405
1531 146
1532 267
1533 186
1534 23
1535 12
1536 84
1537 111
1538 18
1539 23
1540 52
1541 144
1542 182
1543 167
1544 37
1545 380
1546 92
1547 120
1548 134
1549 187
1550 132
1551 143
1552 282
1553 223
1554 211
1555 117
1556 597
1557 113
1558 144
1559 118
1560 160
1561 186
1562 136
1563 25
1564 10
1565 295
1566 60
1567 5
1568 125
1569 384
1570 278
1571 568
1572 184
1573 290
1574 156
1575 154
1576 8
1577 17
1578 274
1579 492
1580 115
1581 273
1582 207
1583 136
1584 155
1585 207
1586 13
1587 139
1588 239
1589 47
1590 6
1591 140
1592 187
1593 171
1594 73
1595 181
1596 123
1597 53
1598 415
1599 151
1600 117
1601 23
1602 94
1603 15
1604 2
1605 48
1606 375
1607 50
1608 35
1609 717
1610 35
1611 35
1612 309
1613 35
1614 297
1615 309
1616 297
1617 310
1618 35
1619 541
1620 35
1621 35
1622 561
1623 310
1624 243
1625 85
1626 310
1627 28
1628 247
1629 275
1630 247
1631 290
1632 275
1633 596
1634 106
1635 86
1636 243
1637 561
1638 243
1639 352
1640 331
1641 331
1642 596
1643 35
1644 352
1645 35
1646 275
1647 284
1648 331
1649 331
1650 596
1651 106
1652 561
1653 275
1654 561
1655 275
1656 28
1657 28
1658 596
1659 35
1660 352
1661 61
1662 284
1663 106
1664 61
1665 35
1666 290
1667 310
1668 61
1669 106
1670 331
1671 290
1672 247
1673 85
1674 247
1675 106
1676 275
1677 35
1678 709
1679 709
1680 717
1681 717
1682 709
1683 709
1684 709
1685 717
1686 67
1687 571
1688 736
1689 822
1690 42
1691 409
1692 456
1693 571
1694 460
1695 786
1696 16
1697 532
1698 365
1699 625
1700 297
1701 681
1702 682
1703 479
1704 809
1705 601
1706 535
1707 85
1708 562
1709 638
1710 553
1711 820
1712 693
1713 80
1714 380
1715 739
1716 367
1717 482
1718 693
1719 762
1720 828
1721 796
1722 855
1723 821
1724 661
1725 196
1726 412
1727 354
1728 734
1729 652
1730 545
1731 834
1732 769
1733 16
1734 252
1735 259
1736 403
1737 708
1738 461
1739 225
1740 645
1741 228
1742 682
1743 541
1744 829
1745 769
1746 841
1747 377
1748 681
1749 279
1750 127
1751 399
1752 728
1753 326
1754 312
1755 415
1756 603
1757 658
1758 704
1759 366
1760 821
1761 549
1762 736
1763 354
1764 808
1765 596
1766 283
1767 503
1768 696
1769 106
1770 847
1771 359
1772 387
1773 734
1774 640
1775 747
1776 271
1777 820
1778 739
1779 764
1780 713
1781 248
1782 330
1783 200
1784 509
1785 792
1786 428
1787 13
1788 834
1789 714
1790 329
1791 366
1792 710
1793 674
1794 330
1795 80
1796 753
1797 771
1798 857
1799 726
1800 415
1801 71
1802 203
1803 374
1804 734
1805 700
1806 312
1807 48
1808 840
1809 359
1810 640
1811 555
1812 857
1813 391
1814 12
1815 533
1816 252
1817 12
1818 42
1819 204
1820 815
1821 611
1822 842
1823 734
1824 739
1825 86
1826 377
1827 106
1828 710
1829 813
1830 614
1831 688
1832 85
1833 338
1834 469
1835 579
1836 479
1837 713
1838 107
1839 658
1840 764
1841 412
1842 681
1843 652
1844 312
1845 470
1846 399
1847 417
1848 330
1849 631
1850 792
1851 726
1852 787
1853 815
1854 423
1855 674
1856 708
1857 811
1858 806
1859 834
1860 482
1861 661
1862 697
1863 728
1864 848
1865 433
1866 796
1867 673
1868 750
1869 640
1870 834
1871 423
1872 730
1873 326
1874 840
1875 508
1876 736
1877 225
1878 379
1879 802
1880 852
1881 681
1882 776
1883 842
1884 808
1885 535
1886 555
1887 338
1888 811
1889 589
1890 820
1891 764
1892 455
1893 368
1894 833
1895 203
1896 796
1897 726
1898 477
1899 503
1900 408
1901 631
1902 842
1903 658
1904 633
1905 601
1906 589
1907 507
1908 143
1909 588
1910 806
1911 700
1912 503
1913 859
1914 541
1915 535
1916 271
1917 730
1918 821
1919 645
1920 728
1921 414
1922 503
1923 414
1924 576
1925 590
1926 545
1927 858
1928 407
1929 309
1930 828
1931 753
1932 801
1933 131
1934 719
1935 688
1936 590
1937 619
1938 769
1939 833
1940 409
1941 792
1942 639
1943 397
1944 719
1945 561
1946 809
1947 457
1948 549
1949 771
1950 638
1951 279
1952 568
1953 714
1954 477
1955 523
1956 12
1957 728
1958 705
1959 604
1960 590
1961 469
1962 387
1963 204
1964 728
1965 728
1966 507
1967 417
1968 822
1969 387
1970 469
1971 523
1972 625
1973 408
1974 455
1975 729
1976 414
1977 433
1978 829
1979 568
1980 359
1981 837
1982 326
1983 590
1984 452
1985 708
1986 433
1987 451
1988 652
1989 792
1990 48
1991 535
1992 196
1993 732
1994 645
1995 658
1996 460
1997 769
1998 859
1999 415
2000 403
2001 610
2002 545
2003 841
2004 633
2005 847
2006 356
2007 645
2008 755
2009 553
2010 507
2011 571
2012 308
2013 673
2014 359
2015 673
2016 143
2017 279
2018 452
2019 42
2020 523
2021 470
2022 562
2023 424
2024 688
2025 297
2026 796
2027 423
2028 509
2029 604
2030 249
2031 759
2032 833
2033 848
2034 419
2035 228
2036 329
2037 750
2038 532
2039 740
2040 619
2041 553
2042 748
2043 601
2044 414
2045 391
2046 859
2047 338
2048 588
2049 697
2050 461
2051 771
2052 802
2053 248
2054 374
2055 571
2056 309
2057 740
2058 710
2059 397
2060 249
2061 541
2062 523
2063 549
2064 330
2065 808
2066 71
2067 603
2068 408
2069 732
2070 417
2071 200
2072 829
2073 772
2074 339
2075 842
2076 730
2077 704
2078 700
2079 367
2080 748
2081 279
2082 762
2083 579
2084 682
2085 834
2086 451
2087 855
2088 801
2089 753
2090 764
2091 855
2092 457
2093 596
2094 748
2095 365
2096 769
2097 731
2098 555
2099 619
2100 603
2101 811
2102 847
2103 596
2104 516
2105 535
2106 731
2107 80
2108 417
2109 729
2110 610
2111 806
2112 837
2113 619
2114 588
2115 645
2116 755
2117 562
2118 469
2119 308
2120 423
2121 848
2122 576
2123 719
2124 769
2125 515
2126 42
2127 398
2128 393
2129 740
2130 393
2131 314
2132 409
2133 750
2134 786
2135 852
2136 748
2137 808
2138 314
2139 252
2140 820
2141 640
2142 719
2143 399
2144 596
2145 516
2146 713
2147 397
2148 776
2149 787
2150 611
2151 482
2152 759
2153 579
2154 748
2155 739
2156 387
2157 587
2158 403
2159 815
2160 764
2161 71
2162 681
2163 674
2164 639
2165 127
2166 785
2167 470
2168 408
2169 848
2170 379
2171 40
2172 808
2173 428
2174 178
2175 170
2176 302
2177 89
2178 415
2179 843
2180 523
2181 8
2182 57
2183 65
2184 18
2185 56
2186 445
2187 184
2188 22
2189 72
2190 240
2191 166
2192 196
2193 224
2194 118
2195 40
2196 403
2197 110
2198 69
2199 308
2200 68
2201 68
2202 19
2203 75
2204 25
2205 205
2206 372
2207 305
2208 322
2209 96
2210 291
2211 845
2212 43
2213 353
2214 88
2215 25
2216 426
2217 71
2218 103
2219 134
2220 337
2221 108
2222 7
2223 154
2224 348
2225 235
2226 160
2227 789
2228 789
2229 27
2230 133
2231 27
2232 83
2233 103
2234 254
2235 190
2236 339
2237 297
2238 284
2239 296
2240 729
2241 277
2242 18
2243 4
2244 75
2245 293
2246 828
2247 71
2248 332
2249 808
2250 420
2251 276
2252 95
2253 296
2254 166
2255 227
2256 129
2257 276
2258 35
2259 230
2260 302
2261 194
2262 35
2263 330
2264 353
2265 73
2266 410
2267 376
2268 406
2269 140
2270 372
2271 386
2272 259
2273 408
2274 255
2275 207
2276 285
2277 154
2278 385
2279 140
2280 308
2281 190
2282 19
2283 280
2284 332
2285 231
2286 761
2287 276
2288 643
2289 187
2290 259
2291 305
2292 129
2293 279
2294 643
2295 330
2296 337
2297 224
2298 259
2299 811
2300 46
2301 194
2302 114
2303 32
2304 515
2305 72
2306 65
2307 73
2308 345
2309 240
2310 362
2311 269
2312 322
2313 332
2314 112
2315 178
2316 83
2317 189
2318 332
2319 330
2320 426
2321 240
2322 828
2323 96
2324 269
2325 309
2326 5
2327 372
2328 236
2329 302
2330 305
2331 515
2332 808
2333 9
2334 76
2335 111
2336 413
2337 302
2338 284
2339 110
2340 118
2341 40
2342 22
2343 65
2344 397
2345 707
2346 18
2347 135
2348 396
2349 205
2350 291
2351 178
2352 83
2353 230
2354 292
2355 207
2356 845
2357 845
2358 420
2359 75
2360 5
2361 271
2362 211
2363 19
2364 73
2365 705
2366 31
2367 135
2368 761
2369 362
2370 810
2371 216
2372 120
2373 280
2374 426
2375 26
2376 332
2377 403
2378 69
2379 170
2380 126
2381 373
2382 187
2383 410
2384 70
2385 236
2386 382
2387 135
2388 267
2389 227
2390 322
2391 410
2392 89
2393 284
2394 465
2395 523
2396 330
2397 292
2398 165
2399 259
2400 170
2401 382
2402 118
2403 89
2404 57
2405 178
2406 267
2407 96
2408 388
2409 158
2410 271
2411 296
2412 189
2413 216
2414 178
2415 705
2416 313
2417 166
2418 403
2419 410
2420 810
2421 227
2422 348
2423 525
2424 26
2425 297
2426 361
2427 238
2428 707
2429 112
2430 187
2431 118
2432 320
2433 353
2434 332
2435 787
2436 88
2437 140
2438 26
2439 254
2440 190
2441 249
2442 207
2443 373
2444 372
2445 96
2446 213
2447 22
2448 35
2449 385
2450 66
2451 184
2452 100
2453 69
2454 76
2455 184
2456 382
2457 313
2458 108
2459 276
2460 376
2461 292
2462 133
2463 157
2464 761
2465 43
2466 348
2467 376
2468 649
2469 293
2470 320
2471 302
2472 396
2473 206
2474 386
2475 26
2476 388
2477 22
2478 729
2479 339
2480 322
2481 22
2482 154
2483 165
2484 274
2485 123
2486 27
2487 9
2488 388
2489 76
2490 276
2491 276
2492 8
2493 166
2494 415
2495 111
2496 384
2497 216
2498 27
2499 134
2500 196
2501 843
2502 280
2503 298
2504 309
2505 165
2506 108
2507 308
2508 138
2509 151
2510 133
2511 337
2512 279
2513 230
2514 372
2515 213
2516 183
2517 5
2518 281
2519 397
2520 362
2521 240
2522 158
2523 18
2524 57
2525 787
2526 375
2527 190
2528 353
2529 43
2530 73
2531 165
2532 445
2533 347
2534 108
2535 415
2536 410
2537 271
2538 292
2539 361
2540 269
2541 41
2542 76
2543 118
2544 388
2545 291
2546 205
2547 56
2548 151
2549 313
2550 309
2551 813
2552 194
2553 343
2554 183
2555 111
2556 187
2557 277
2558 57
2559 322
2560 397
2561 388
2562 151
2563 843
2564 420
2565 230
2566 43
2567 5
2568 164
2569 8
2570 332
2571 249
2572 843
2573 313
2574 100
2575 100
2576 71
2577 138
2578 154
2579 643
2580 66
2581 413
2582 787
2583 259
2584 362
2585 259
2586 413
2587 170
2588 160
2589 525
2590 787
2591 382
2592 112
2593 123
2594 271
2595 403
2596 408
2597 274
2598 372
2599 46
2600 281
2601 32
2602 267
2603 238
2604 339
2605 828
2606 376
2607 361
2608 388
2609 313
2610 235
2611 271
2612 112
2613 515
2614 397
2615 41
2616 347
2617 46
2618 285
2619 131
2620 284
2621 292
2622 345
2623 160
2624 339
2625 649
2626 643
2627 787
2628 376
2629 140
2630 238
2631 126
2632 7
2633 705
2634 730
2635 157
2636 828
2637 254
2638 69
2639 5
2640 279
2641 19
2642 403
2643 309
2644 385
2645 380
2646 274
2647 274
2648 326
2649 244
2650 324
2651 301
2652 128
2653 240
2654 351
2655 275
2656 385
2657 386
2658 240
2659 283
2660 386
2661 311
2662 364
2663 357
2664 367
2665 357
2666 364
2667 138
2668 97
2669 271
2670 656
2671 406
2672 243
2673 497
2674 368
2675 129
2676 129
2677 652
2678 342
2679 358
2680 138
2681 344
2682 283
2683 240
2684 497
2685 326
2686 498
2687 410
2688 243
2689 827
2690 334
2691 371
2692 652
2693 381
2694 573
2695 311
2696 297
2697 301
2698 373
2699 386
2700 406
2701 847
2702 297
2703 351
2704 497
2705 385
2706 373
2707 342
2708 129
2709 358
2710 201
2711 847
2712 767
2713 852
2714 385
2715 97
2716 271
2717 303
2718 410
2719 767
2720 410
2721 97
2722 351
2723 201
2724 573
2725 334
2726 827
2727 788
2728 385
2729 357
2730 344
2731 271
2732 244
2733 334
2734 380
2735 98
2736 657
2737 656
2738 788
2739 828
2740 276
2741 110
2742 159
2743 332
2744 427
2745 410
2746 145
2747 271
2748 292
2749 292
2750 131
2751 332
2752 276
2753 227
2754 845
2755 388
2756 264
2757 271
2758 388
2759 227
2760 109
2761 100
2762 159
2763 65
2764 21
2765 264
2766 332
2767 332
2768 397
2769 265
2770 309
2771 65
2772 397
2773 21
2774 145
2775 270
2776 845
2777 148
2778 410
2779 79
2780 574
2781 109
2782 160
2783 732
2784 410
2785 227
2786 845
2787 397
2788 843
2789 843
2790 467
2791 100
2792 131
2793 276
2794 649
2795 292
2796 732
2797 22
2798 556
2799 698
2800 574
2801 270
2802 698
2803 148
2804 387
2805 216
2806 427
2807 309
2808 160
2809 109
2810 843
2811 332
2812 697
2813 264
2814 309
2815 732
2816 387
2817 22
2818 556
2819 843
2820 100
2821 100
2822 556
2823 216
2824 397
2825 265
2826 160
2827 574
2828 732
2829 148
2830 264
2831 350
2832 427
2833 291
2834 845
2835 353
2836 410
2837 790
2838 109
2839 291
2840 810
2841 480
2842 751
2843 318
2844 425
2845 439
2846 614
2847 230
2848 709
2849 388
2850 759
2851 388
2852 805
2853 109
2854 583
2855 751
2856 580
2857 723
2858 410
2859 684
2860 669
2861 709
2862 731
2863 669
2864 264
2865 485
2866 684
2867 566
2868 302
2869 442
2870 669
2871 704
2872 392
2873 580
2874 833
2875 439
2876 790
2877 759
2878 810
2879 372
2880 392
2881 318
2882 674
2883 425
2884 684
2885 583
2886 109
2887 723
2888 709
2889 684
2890 731
2891 811
2892 843
2893 723
2894 810
2895 707
2896 614
2897 845
2898 580
2899 235
2900 723
2901 845
2902 467
2903 354
2904 786
2905 704
2906 109
2907 710
2908 684
2909 843
2910 606
2911 7
2912 291
2913 414
2914 759
2915 562
2916 684
2917 7
2918 745
2919 709
2920 580
2921 8
2922 833
2923 656
2924 614
2925 745
2926 230
2927 707
2928 786
2929 562
2930 805
2931 372
2932 485
2933 656
2934 669
2935 707
2936 759
2937 606
2938 843
2939 442
2940 707
2941 580
2942 706
2943 8
2944 480
2945 414
2946 264
2947 811
2948 481
2949 656
2950 674
2951 656
2952 751
2953 684
2954 442
2955 583
2956 786
2957 439
2958 441
2959 353
2960 787
2961 563
2962 264
2963 712
2964 729
2965 235
2966 297
2967 845
2968 706
2969 805
2970 439
2971 704
2972 845
2973 563
2974 388
2975 291
2976 656
2977 845
2978 786
2979 231
2980 651
2981 441
2982 704
2983 759
2984 751
2985 759
2986 695
2987 553
2988 758
2989 731
2990 805
2991 487
2992 509
2993 817
2994 456
2995 777
2996 460
2997 489
2998 281
2999 614
3000 540
3001 610
3002 512
3003 763
3004 704
3005 553
3006 616
3007 693
3008 365
3009 527
3010 551
3011 253
3012 572
3013 756
3014 769
3015 545
3016 599
3017 581
3018 678
3019 272
3020 472
3021 293
3022 805
3023 708
3024 797
3025 512
3026 534
3027 592
3028 629
3029 370
3030 761
3031 238
3032 516
3033 515
3034 803
3035 509
3036 805
3037 329
3038 837
3039 771
3040 527
3041 729
3042 394
3043 386
3044 368
3045 473
3046 524
3047 555
3048 597
3049 238
3050 71
3051 669
3052 705
3053 552
3054 271
3055 516
3056 354
3057 477
3058 559
3059 836
3060 283
3061 386
3062 642
3063 581
3064 409
3065 742
3066 439
3067 602
3068 515
3069 264
3070 330
3071 304
3072 603
3073 329
3074 394
3075 767
3076 387
3077 534
3078 558
3079 326
3080 524
3081 581
3082 833
3083 325
3084 571
3085 582
3086 826
3087 569
3088 739
3089 787
3090 264
3091 534
3092 330
3093 310
3094 642
3095 667
3096 854
3097 695
3098 553
3099 710
3100 415
3101 584
3102 667
3103 559
3104 669
3105 854
3106 623
3107 587
3108 854
3109 400
3110 711
3111 763
3112 283
3113 711
3114 586
3115 391
3116 586
3117 624
3118 439
3119 252
3120 281
3121 293
3122 394
3123 86
3124 266
3125 592
3126 271
3127 623
3128 710
3129 635
3130 575
3131 635
3132 557
3133 756
3134 826
3135 377
3136 565
3137 569
3138 349
3139 779
3140 438
3141 349
3142 669
3143 497
3144 86
3145 681
3146 44
3147 329
3148 614
3149 325
3150 456
3151 358
3152 460
3153 71
3154 230
3155 582
3156 551
3157 549
3158 547
3159 415
3160 770
3161 509
3162 102
3163 534
3164 460
3165 549
3166 792
3167 575
3168 572
3169 588
3170 847
3171 728
3172 364
3173 588
3174 552
3175 575
3176 855
3177 549
3178 767
3179 587
3180 833
3181 475
3182 374
3183 572
3184 739
3185 253
3186 854
3187 349
3188 512
3189 786
3190 618
3191 446
3192 728
3193 446
3194 785
3195 102
3196 281
3197 547
3198 86
3199 572
3200 387
3201 330
3202 42
3203 817
3204 545
3205 330
3206 837
3207 786
3208 610
3209 349
3210 331
3211 132
3212 388
3213 826
3214 489
3215 770
3216 43
3217 473
3218 249
3219 793
3220 582
3221 374
3222 409
3223 201
3224 297
3225 731
3226 42
3227 695
3228 761
3229 826
3230 771
3231 575
3232 565
3233 231
3234 667
3235 797
3236 792
3237 779
3238 238
3239 325
3240 370
3241 763
3242 386
3243 272
3244 767
3245 231
3246 731
3247 711
3248 331
3249 742
3250 785
3251 362
3252 352
3253 445
3254 359
3255 592
3256 359
3257 729
3258 769
3259 761
3260 651
3261 329
3262 792
3263 654
3264 588
3265 405
3266 409
3267 272
3268 586
3269 678
3270 758
3271 43
3272 376
3273 368
3274 667
3275 370
3276 693
3277 847
3278 763
3279 785
3280 613
3281 86
3282 553
3283 833
3284 697
3285 86
3286 415
3287 362
3288 279
3289 44
3290 588
3291 238
3292 669
3293 729
3294 473
3295 833
3296 669
3297 326
3298 708
3299 786
3300 362
3301 628
3302 333
3303 545
3304 283
3305 770
3306 326
3307 700
3308 779
3309 708
3310 836
3311 602
3312 101
3313 762
3314 837
3315 391
3316 333
3317 220
3318 584
3319 489
3320 555
3321 405
3322 388
3323 527
3324 102
3325 787
3326 400
3327 487
3328 220
3329 297
3330 581
3331 704
3332 329
3333 77
3334 291
3335 629
3336 329
3337 249
3338 588
3339 797
3340 71
3341 623
3342 411
3343 497
3344 628
3345 387
3346 333
3347 411
3348 608
3349 608
3350 557
3351 359
3352 238
3353 700
3354 279
3355 326
3356 475
3357 304
3358 329
3359 230
3360 266
3361 411
3362 728
3363 366
3364 769
3365 253
3366 438
3367 581
3368 742
3369 731
3370 349
3371 597
3372 77
3373 304
3374 610
3375 352
3376 391
3377 837
3378 618
3379 374
3380 771
3381 603
3382 671
3383 333
3384 540
3385 328
3386 201
3387 438
3388 472
3389 616
3390 271
3391 377
3392 497
3393 731
3394 249
3395 608
3396 354
3397 325
3398 771
3399 376
3400 770
3401 252
3402 756
3403 854
3404 222
3405 711
3406 669
3407 352
3408 292
3409 557
3410 797
3411 364
3412 365
3413 558
3414 767
3415 742
3416 651
3417 366
3418 680
3419 624
3420 477
3421 667
3422 387
3423 355
3424 355
3425 642
3426 629
3427 71
3428 855
3429 614
3430 705
3431 445
3432 729
3433 438
3434 475
3435 613
3436 252
3437 366
3438 368
3439 310
3440 625
3441 105
3442 243
3443 31
3444 28
3445 32
3446 269
3447 85
3448 243
3449 287
3450 105
3451 596
3452 86
3453 61
3454 561
3455 243
3456 352
3457 331
3458 331
3459 596
3460 352
3461 35
3462 275
3463 287
3464 331
3465 331
3466 596
3467 32
3468 561
3469 269
3470 561
3471 275
3472 31
3473 28
3474 61
3475 625
3476 35
3477 352
3478 61
3479 106
3480 61
3481 35
3482 275
3483 293
3484 61
3485 106
3486 331
3487 243
3488 85
3489 28
3490 269
3491 28
3492 575
3493 575
3494 575
3495 575
3496 541
3497 338
3498 292
3499 338
3500 338
3501 400
3502 400
3503 400
3504 335
3505 335
3506 338
3507 292
3508 396
3509 339
3510 243
3511 306
3512 306
3513 338
3514 339
3515 289
3516 289
3517 243
3518 290
3519 306
3520 342
3521 289
3522 289
3523 290
3524 342
3525 306
3526 342
3527 306
3528 152
3529 272
3530 159
3531 225
3532 229
3533 225
3534 91
3535 292
3536 152
3537 152
3538 91
3539 312
3540 313
3541 320
3542 364
3543 280
3544 313
3545 364
3546 320
3547 352
3548 338
3549 364
3550 313
3551 312
3552 280
3553 306
3554 400
3555 156
3556 95
3557 73
3558 236
3559 203
3560 366
3561 156
3562 95
3563 11
3564 66
3565 67
3566 67
3567 82
3568 44
3569 368
3570 30
3571 82
3572 127
3573 48
3574 264
3575 9
3576 41
3577 306
3578 95
3579 20
3580 48
3581 366
3582 368
3583 69
3584 265
3585 82
3586 203
3587 56
3588 303
3589 203
3590 12
3591 61
3592 69
3593 105
3594 267
3595 289
3596 293
3597 9
3598 95
3599 7
3600 236
3601 39
3602 285
3603 29
3604 39
3605 289
3606 2
3607 254
3608 78
3609 20
3610 48
3611 6
3612 69
3613 95
3614 20
3615 39
3616 61
3617 48
3618 236
3619 54
3620 381
3621 7
3622 105
3623 156
3624 78
3625 7
3626 204
3627 81
3628 303
3629 82
3630 277
3631 45
3632 293
3633 277
3634 2
3635 41
3636 265
3637 61
3638 11
3639 127
3640 35
3641 400
3642 204
3643 66
3644 73
3645 307
3646 39
3647 203
3648 381
3649 27
3650 54
3651 35
3652 48
3653 240
3654 18
3655 9
3656 27
3657 27
3658 12
3659 267
3660 35
3661 105
3662 105
3663 78
3664 307
3665 293
3666 29
3667 39
3668 303
3669 6
3670 307
3671 18
3672 380
3673 18
3674 78
3675 306
3676 254
3677 265
3678 48
3679 240
3680 48
3681 156
3682 242
3683 254
3684 285
3685 380
3686 81
3687 168
3688 203
3689 785
3690 90
3691 684
3692 316
3693 175
3694 391
3695 16
3696 805
3697 118
3698 402
3699 187
3700 396
3701 571
3702 90
3703 118
3704 802
3705 253
3706 175
3707 383
3708 591
3709 87
3710 358
3711 34
3712 809
3713 783
3714 85
3715 396
3716 45
3717 82
3718 12
3719 149
3720 14
3721 316
3722 60
3723 12
3724 319
3725 478
3726 332
3727 457
3728 785
3729 418
3730 591
3731 150
3732 791
3733 316
3734 226
3735 799
3736 80
3737 794
3738 313
3739 396
3740 311
3741 805
3742 769
3743 89
3744 857
3745 763
3746 769
3747 804
3748 132
3749 835
3750 381
3751 688
3752 34
3753 86
3754 371
3755 806
3756 622
3757 805
3758 200
3759 316
3760 285
3761 130
3762 71
3763 385
3764 438
3765 783
3766 807
3767 374
3768 162
3769 52
3770 524
3771 44
3772 52
3773 306
3774 378
3775 364
3776 801
3777 90
3778 173
3779 236
3780 315
3781 522
3782 81
3783 363
3784 792
3785 86
3786 591
3787 418
3788 302
3789 809
3790 287
3791 569
3792 807
3793 808
3794 316
3795 835
3796 808
3797 173
3798 150
3799 318
3800 846
3801 761
3802 385
3803 349
3804 175
3805 846
3806 93
3807 29
3808 799
3809 801
3810 317
3811 341
3812 71
3813 200
3814 202
3815 315
3816 371
3817 94
3818 763
3819 688
3820 394
3821 779
3822 116
3823 147
3824 571
3825 236
3826 445
3827 397
3828 469
3829 571
3830 790
3831 306
3832 343
3833 88
3834 591
3835 319
3836 405
3837 807
3838 169
3839 569
3840 783
3841 149
3842 82
3843 793
3844 86
3845 71
3846 394
3847 280
3848 303
3849 195
3850 29
3851 521
3852 309
3853 858
3854 380
3855 471
3856 311
3857 344
3858 807
3859 173
3860 98
3861 293
3862 253
3863 285
3864 202
3865 107
3866 391
3867 363
3868 855
3869 805
3870 794
3871 413
3872 288
3873 93
3874 688
3875 463
3876 471
3877 730
3878 107
3879 94
3880 88
3881 357
3882 87
3883 835
3884 800
3885 306
3886 286
3887 310
3888 275
3889 335
3890 310
3891 853
3892 163
3893 807
3894 42
3895 849
3896 357
3897 364
3898 807
3899 804
3900 200
3901 308
3902 799
3903 623
3904 579
3905 779
3906 84
3907 94
3908 859
3909 173
3910 800
3911 341
3912 855
3913 402
3914 605
3915 509
3916 318
3917 408
3918 835
3919 42
3920 40
3921 792
3922 427
3923 380
3924 792
3925 383
3926 206
3927 860
3928 311
3929 45
3930 860
3931 468
3932 739
3933 794
3934 298
3935 290
3936 696
3937 85
3938 98
3939 408
3940 289
3941 42
3942 52
3943 67
3944 84
3945 6
3946 769
3947 400
3948 855
3949 302
3950 82
3951 229
3952 316
3953 793
3954 203
3955 390
3956 785
3957 374
3958 808
3959 846
3960 859
3961 6
3962 341
3963 42
3964 521
3965 808
3966 316
3967 93
3968 84
3969 322
3970 420
3971 602
3972 313
3973 293
3974 343
3975 809
3976 846
3977 193
3978 857
3979 665
3980 807
3981 809
3982 478
3983 200
3984 808
3985 509
3986 285
3987 290
3988 189
3989 697
3990 67
3991 149
3992 310
3993 348
3994 383
3995 374
3996 202
3997 763
3998 85
3999 347
4000 306
4001 672
4002 412
4003 573
4004 522
4005 794
4006 390
4007 390
4008 226
4009 331
4010 374
4011 445
4012 858
4013 309
4014 342
4015 87
4016 397
4017 794
4018 285
4019 88
4020 463
4021 256
4022 580
4023 389
4024 498
4025 697
4026 193
4027 402
4028 342
4029 761
4030 571
4031 800
4032 130
4033 31
4034 98
4035 290
4036 40
4037 47
4038 150
4039 6
4040 778
4041 163
4042 162
4043 311
4044 147
4045 469
4046 298
4047 116
4048 85
4049 371
4050 88
4051 800
4052 361
4053 400
4054 299
4055 407
4056 363
4057 71
4058 118
4059 264
4060 727
4061 400
4062 800
4063 806
4064 316
4065 807
4066 402
4067 792
4068 353
4069 150
4070 303
4071 478
4072 318
4073 795
4074 813
4075 835
4076 313
4077 256
4078 381
4079 779
4080 308
4081 809
4082 808
4083 402
4084 343
4085 625
4086 236
4087 764
4088 34
4089 859
4090 372
4091 86
4092 746
4093 727
4094 813
4095 285
4096 733
4097 353
4098 672
4099 855
4100 445
4101 835
4102 604
4103 804
4104 205
4105 469
4106 396
4107 56
4108 305
4109 31
4110 342
4111 314
4112 316
4113 363
4114 314
4115 82
4116 785
4117 162
4118 203
4119 170
4120 580
4121 791
4122 205
4123 414
4124 344
4125 445
4126 348
4127 80
4128 319
4129 293
4130 413
4131 605
4132 319
4133 374
4134 88
4135 322
4136 169
4137 767
4138 293
4139 792
4140 335
4141 107
4142 86
4143 299
4144 389
4145 343
4146 130
4147 169
4148 400
4149 809
4150 148
4151 60
4152 8
4153 85
4154 604
4155 80
4156 286
4157 289
4158 187
4159 89
4160 808
4161 322
4162 716
4163 342
4164 783
4165 857
4166 288
4167 315
4168 767
4169 783
4170 93
4171 288
4172 14
4173 402
4174 85
4175 846
4176 89
4177 672
4178 189
4179 168
4180 305
4181 802
4182 418
4183 843
4184 394
4185 465
4186 807
4187 289
4188 378
4189 313
4190 206
4191 298
4192 790
4193 148
4194 809
4195 381
4196 841
4197 315
4198 767
4199 203
4200 860
4201 372
4202 358
4203 798
4204 380
4205 40
4206 383
4207 315
4208 315
4209 857
4210 746
4211 568
4212 804
4213 861
4214 288
4215 321
4216 85
4217 400
4218 804
4219 307
4220 855
4221 684
4222 275
4223 289
4224 93
4225 389
4226 427
4227 375
4228 666
4229 394
4230 299
4231 418
4232 684
4233 13
4234 843
4235 761
4236 605
4237 309
4238 357
4239 739
4240 303
4241 289
4242 844
4243 418
4244 478
4245 82
4246 82
4247 200
4248 256
4249 293
4250 809
4251 89
4252 229
4253 795
4254 665
4255 29
4256 843
4257 716
4258 381
4259 206
4260 289
4261 396
4262 318
4263 396
4264 783
4265 763
4266 175
4267 396
4268 205
4269 800
4270 733
4271 697
4272 853
4273 344
4274 767
4275 315
4276 805
4277 412
4278 86
4279 806
4280 414
4281 857
4282 287
4283 308
4284 414
4285 835
4286 853
4287 56
4288 808
4289 400
4290 289
4291 162
4292 90
4293 792
4294 795
4295 684
4296 170
4297 790
4298 568
4299 311
4300 13
4301 809
4302 290
4303 80
4304 80
4305 860
4306 746
4307 316
4308 844
4309 761
4310 81
4311 322
4312 794
4313 843
4314 420
4315 316
4316 592
4317 90
4318 468
4319 275
4320 285
4321 8
4322 405
4323 375
4324 87
4325 67
4326 375
4327 316
4328 290
4329 798
4330 202
4331 317
4332 524
4333 844
4334 229
4335 162
4336 394
4337 331
4338 498
4339 579
4340 288
4341 805
4342 316
4343 173
4344 42
4345 794
4346 316
4347 88
4348 400
4349 347
4350 777
4351 90
4352 315
4353 579
4354 841
4355 52
4356 746
4357 307
4358 289
4359 805
4360 306
4361 418
4362 806
4363 779
4364 118
4365 835
4366 795
4367 857
4368 808
4369 418
4370 408
4371 777
4372 81
4373 293
4374 264
4375 858
4376 858
4377 285
4378 162
4379 861
4380 761
4381 344
4382 791
4383 418
4384 571
4385 580
4386 317
4387 361
4388 835
4389 321
4390 469
4391 777
4392 56
4393 86
4394 94
4395 804
4396 785
4397 317
4398 275
4399 361
4400 445
4401 107
4402 290
4403 375
4404 86
4405 767
4406 850
4407 132
4408 859
4409 688
4410 795
4411 358
4412 343
4413 402
4414 344
4415 285
4416 90
4417 794
4418 785
4419 835
4420 397
4421 282
4422 801
4423 47
4424 317
4425 132
4426 81
4427 413
4428 321
4429 800
4430 807
4431 779
4432 89
4433 229
4434 405
4435 378
4436 280
4437 310
4438 807
4439 316
4440 407
4441 170
4442 413
4443 40
4444 82
4445 107
4446 236
4447 471
4448 236
4449 795
4450 779
4451 302
4452 792
4453 289
4454 94
4455 846
4456 794
4457 841
4458 307
4459 132
4460 794
4461 808
4462 777
4463 791
4464 291
4465 335
4466 791
4467 328
4468 328
4469 335
4470 852
4471 291
4472 328
4473 252
4474 89
4475 777
4476 252
4477 87
4478 791
4479 852
4480 87
4481 736
4482 684
4483 736
4484 252
4485 672
4486 337
4487 824
4488 824
4489 337
4490 838
4491 335
4492 722
4493 722
4494 745
4495 745
4496 335
4497 744
4498 672
4499 657
4500 828
4501 306
4502 306
4503 306
4504 338
4505 289
4506 289
4507 290
4508 306
4509 342
4510 289
4511 289
4512 290
4513 342
4514 306
4515 342
4516 306
4517 292
4518 396
4519 396
4520 751
4521 727
4522 727
4523 751
4524 751
4525 751
4526 727
4527 727
4528 751
4529 751
4530 727
4531 777
4532 727
4533 777
4534 777
4535 724
4536 724
4537 663
4538 779
4539 699
4540 729
4541 325
4542 819
4543 786
4544 465
4545 655
4546 282
4547 341
4548 785
4549 45
4550 744
4551 840
4552 246
4553 364
4554 801
4555 380
4556 718
4557 822
4558 818
4559 306
4560 697
4561 229
4562 791
4563 748
4564 392
4565 844
4566 699
4567 57
4568 741
4569 81
4570 779
4571 655
4572 697
4573 564
4574 738
4575 675
4576 840
4577 309
4578 282
4579 805
4580 453
4581 805
4582 701
4583 365
4584 348
4585 755
4586 755
4587 849
4588 555
4589 807
4590 565
4591 467
4592 744
4593 669
4594 775
4595 779
4596 742
4597 831
4598 619
4599 639
4600 705
4601 713
4602 591
4603 828
4604 45
4605 694
4606 309
4607 316
4608 422
4609 325
4610 723
4611 422
4612 737
4613 829
4614 622
4615 467
4616 669
4617 394
4618 767
4619 365
4620 387
4621 57
4622 775
4623 774
4624 425
4625 835
4626 47
4627 738
4628 655
4629 306
4630 476
4631 299
4632 786
4633 791
4634 86
4635 306
4636 299
4637 697
4638 696
4639 407
4640 835
4641 396
4642 737
4643 836
4644 857
4645 747
4646 271
4647 738
4648 664
4649 309
4650 755
4651 691
4652 606
4653 479
4654 372
4655 526
4656 630
4657 304
4658 371
4659 761
4660 438
4661 705
4662 676
4663 699
4664 360
4665 425
4666 307
4667 455
4668 819
4669 791
4670 671
4671 114
4672 762
4673 45
4674 392
4675 420
4676 713
4677 419
4678 172
4679 590
4680 299
4681 738
4682 661
4683 845
4684 845
4685 847
4686 723
4687 747
4688 341
4689 713
4690 416
4691 694
4692 746
4693 724
4694 407
4695 368
4696 224
4697 742
4698 742
4699 316
4700 741
4701 372
4702 47
4703 585
4704 371
4705 691
4706 80
4707 818
4708 801
4709 732
4710 47
4711 748
4712 371
4713 310
4714 528
4715 380
4716 172
4717 348
4718 503
4719 45
4720 348
4721 444
4722 829
4723 727
4724 539
4725 675
4726 661
4727 762
4728 325
4729 851
4730 697
4731 564
4732 590
4733 424
4734 805
4735 290
4736 360
4737 734
4738 664
4739 416
4740 501
4741 791
4742 746
4743 59
4744 774
4745 348
4746 394
4747 254
4748 539
4749 694
4750 491
4751 531
4752 229
4753 416
4754 313
4755 407
4756 365
4757 842
4758 724
4759 372
4760 849
4761 80
4762 436
4763 847
4764 396
4765 744
4766 80
4767 691
4768 851
4769 246
4770 603
4771 224
4772 828
4773 697
4774 785
4775 282
4776 849
4777 836
4778 577
4779 664
4780 475
4781 694
4782 608
4783 325
4784 661
4785 398
4786 387
4787 767
4788 560
4789 492
4790 555
4791 450
4792 172
4793 565
4794 746
4795 104
4796 47
4797 476
4798 360
4799 577
4800 325
4801 301
4802 570
4803 465
4804 436
4805 801
4806 619
4807 467
4808 755
4809 295
4810 718
4811 570
4812 114
4813 849
4814 372
4815 402
4816 436
4817 84
4818 398
4819 80
4820 716
4821 419
4822 663
4823 402
4824 585
4825 669
4826 457
4827 577
4828 450
4829 715
4830 560
4831 791
4832 528
4833 819
4834 729
4835 373
4836 747
4837 754
4838 836
4839 424
4840 520
4841 671
4842 732
4843 619
4844 83
4845 402
4846 503
4847 555
4848 479
4849 295
4850 734
4851 671
4852 59
4853 608
4854 539
4855 398
4856 424
4857 560
4858 503
4859 606
4860 591
4861 570
4862 787
4863 714
4864 519
4865 531
4866 246
4867 577
4868 455
4869 539
4870 669
4871 746
4872 422
4873 84
4874 407
4875 639
4876 402
4877 407
4878 396
4879 491
4880 501
4881 457
4882 622
4883 201
4884 398
4885 597
4886 444
4887 675
4888 450
4889 378
4890 271
4891 577
4892 453
4893 201
4894 836
4895 831
4896 476
4897 744
4898 475
4899 114
4900 663
4901 835
4902 364
4903 528
4904 471
4905 670
4906 857
4907 591
4908 526
4909 619
4910 761
4911 520
4912 603
4913 639
4914 697
4915 396
4916 669
4917 713
4918 304
4919 316
4920 438
4921 364
4922 325
4923 787
4924 104
4925 775
4926 597
4927 290
4928 822
4929 671
4930 313
4931 378
4932 828
4933 141
4934 159
4935 295
4936 573
4937 599
4938 785
4939 617
4940 90
4941 415
4942 9
4943 531
4944 566
4945 394
4946 316
4947 696
4948 417
4949 171
4950 381
4951 779
4952 122
4953 768
4954 382
4955 834
4956 553
4957 209
4958 127
4959 45
4960 420
4961 655
4962 406
4963 554
4964 33
4965 392
4966 225
4967 158
4968 308
4969 690
4970 115
4971 840
4972 251
4973 822
4974 851
4975 71
4976 779
4977 229
4978 411
4979 763
4980 802
4981 330
4982 218
4983 229
4984 51
4985 222
4986 762
4987 686
4988 124
4989 472
4990 337
4991 695
4992 409
4993 822
4994 642
4995 29
4996 22
4997 572
4998 118
4999 375
5000 440
5001 604
5002 22
5003 191
5004 714
5005 29
5006 553
5007 96
5008 187
5009 552
5010 312
5011 786
5012 621
5013 804
5014 219
5015 676
5016 17
5017 541
5018 342
5019 661
5020 386
5021 423
5022 138
5023 684
5024 131
5025 636
5026 29
5027 288
5028 557
5029 591
5030 655
5031 789
5032 477
5033 40
5034 153
5035 207
5036 158
5037 87
5038 105
5039 201
5040 633
5041 516
5042 577
5043 359
5044 842
5045 421
5046 40
5047 210
5048 297
5049 594
5050 112
5051 350
5052 274
5053 145
5054 224
5055 118
5056 53
5057 156
5058 842
5059 330
5060 433
5061 705
5062 642
5063 207
5064 307
5065 99
5066 158
5067 588
5068 799
5069 608
5070 479
5071 199
5072 786
5073 160
5074 542
5075 276
5076 272
5077 41
5078 251
5079 421
5080 609
5081 95
5082 225
5083 627
5084 113
5085 625
5086 203
5087 840
5088 49
5089 308
5090 531
5091 732
5092 392
5093 328
5094 596
5095 379
5096 219
5097 615
5098 512
5099 402
5100 570
5101 692
5102 822
5103 327
5104 77
5105 88
5106 287
5107 598
5108 604
5109 174
5110 464
5111 423
5112 760
5113 5
5114 224
5115 426
5116 466
5117 855
5118 553
5119 435
5120 201
5121 471
5122 313
5123 519
5124 641
5125 410
5126 12
5127 300
5128 347
5129 394
5130 365
5131 792
5132 196
5133 409
5134 200
5135 775
5136 53
5137 254
5138 378
5139 176
5140 441
5141 22
5142 758
5143 239
5144 60
5145 221
5146 623
5147 549
5148 155
5149 699
5150 347
5151 433
5152 522
5153 310
5154 4
5155 26
5156 544
5157 167
5158 74
5159 254
5160 367
5161 818
5162 319
5163 585
5164 114
5165 221
5166 31
5167 505
5168 830
5169 296
5170 735
5171 63
5172 585
5173 856
5174 15
5175 367
5176 207
5177 336
5178 467
5179 588
5180 437
5181 595
5182 445
5183 332
5184 652
5185 456
5186 608
5187 785
5188 89
5189 276
5190 531
5191 661
5192 446
5193 364
5194 37
5195 757
5196 273
5197 260
5198 314
5199 475
5200 455
5201 681
5202 418
5203 763
5204 519
5205 290
5206 831
5207 71
5208 715
5209 321
5210 189
5211 668
5212 192
5213 77
5214 259
5215 617
5216 309
5217 413
5218 720
5219 856
5220 363
5221 363
5222 369
5223 244
5224 115
5225 337
5226 394
5227 610
5228 813
5229 345
5230 370
5231 733
5232 12
5233 54
5234 211
5235 81
5236 268
5237 311
5238 320
5239 607
5240 253
5241 226
5242 424
5243 180
5244 344
5245 535
5246 94
5247 445
5248 300
5249 7
5250 791
5251 295
5252 352
5253 198
5254 17
5255 437
5256 412
5257 566
5258 744
5259 80
5260 326
5261 411
5262 690
5263 96
5264 796
5265 186
5266 289
5267 693
5268 159
5269 605
5270 293
5271 363
5272 256
5273 630
5274 312
5275 316
5276 57
5277 578
5278 398
5279 667
5280 19
5281 393
5282 645
5283 160
5284 708
5285 773
5286 25
5287 471
5288 21
5289 320
5290 32
5291 43
5292 30
5293 520
5294 428
5295 65
5296 167
5297 381
5298 794
5299 524
5300 314
5301 779
5302 715
5303 152
5304 369
5305 837
5306 362
5307 687
5308 803
5309 132
5310 762
5311 804
5312 408
5313 89
5314 179
5315 363
5316 206
5317 655
5318 613
5319 185
5320 114
5321 40
5322 355
5323 534
5324 26
5325 712
5326 599
5327 694
5328 465
5329 828
5330 809
5331 132
5332 832
5333 19
5334 475
5335 791
5336 641
5337 623
5338 670
5339 481
5340 833
5341 685
5342 733
5343 669
5344 856
5345 446
5346 167
5347 189
5348 834
5349 834
5350 59
5351 682
5352 318
5353 241
5354 225
5355 458
5356 146
5357 830
5358 343
5359 364
5360 221
5361 271
5362 435
5363 225
5364 712
5365 612
5366 294
5367 17
5368 539
5369 841
5370 848
5371 68
5372 322
5373 376
5374 653
5375 630
5376 722
5377 472
5378 446
5379 682
5380 643
5381 598
5382 605
5383 638
5384 501
5385 480
5386 671
5387 854
5388 182
5389 803
5390 834
5391 401
5392 597
5393 48
5394 45
5395 390
5396 682
5397 66
5398 360
5399 806
5400 702
5401 72
5402 200
5403 437
5404 796
5405 121
5406 492
5407 780
5408 172
5409 270
5410 771
5411 425
5412 428
5413 741
5414 684
5415 32
5416 54
5417 728
5418 310
5419 2
5420 349
5421 250
5422 332
5423 207
5424 182
5425 769
5426 418
5427 296
5428 133
5429 784
5430 292
5431 142
5432 83
5433 636
5434 110
5435 707
5436 386
5437 425
5438 294
5439 408
5440 115
5441 199
5442 755
5443 367
5444 98
5445 850
5446 87
5447 247
5448 258
5449 23
5450 205
5451 699
5452 433
5453 262
5454 265
5455 62
5456 336
5457 191
5458 653
5459 285
5460 92
5461 751
5462 348
5463 105
5464 393
5465 262
5466 357
5467 797
5468 414
5469 845
5470 41
5471 371
5472 852
5473 386
5474 388
5475 365
5476 446
5477 728
5478 841
5479 338
5480 453
5481 728
5482 338
5483 689
5484 315
5485 292
5486 222
5487 52
5488 172
5489 187
5490 686
5491 59
5492 628
5493 699
5494 591
5495 59
5496 402
5497 140
5498 708
5499 17
5500 721
5501 259
5502 719
5503 18
5504 618
5505 409
5506 260
5507 80
5508 696
5509 54
5510 853
5511 67
5512 526
5513 690
5514 837
5515 30
5516 719
5517 311
5518 628
5519 82
5520 231
5521 773
5522 680
5523 762
5524 847
5525 573
5526 238
5527 491
5528 689
5529 361
5530 285
5531 362
5532 603
5533 573
5534 800
5535 85
5536 844
5537 107
5538 342
5539 792
5540 1
5541 658
5542 337
5543 185
5544 353
5545 742
5546 364
5547 720
5548 777
5549 610
5550 403
5551 40
5552 173
5553 110
5554 831
5555 304
5556 102
5557 627
5558 196
5559 663
5560 698
5561 382
5562 674
5563 34
5564 388
5565 429
5566 670
5567 65
5568 699
5569 171
5570 653
5571 456
5572 238
5573 307
5574 411
5575 834
5576 829
5577 347
5578 363
5579 799
5580 257
5581 386
5582 848
5583 549
5584 86
5585 858
5586 399
5587 708
5588 418
5589 474
5590 361
5591 337
5592 56
5593 99
5594 312
5595 33
5596 461
5597 557
5598 403
5599 369
5600 147
5601 168
5602 200
5603 550
5604 191
5605 717
5606 825
5607 337
5608 664
5609 455
5610 359
5611 793
5612 831
5613 808
5614 850
5615 11
5616 229
5617 732
5618 259
5619 667
5620 316
5621 11
5622 775
5623 422
5624 36
5625 664
5626 531
5627 5
5628 114
5629 537
5630 80
5631 628
5632 213
5633 378
5634 305
5635 106
5636 167
5637 173
5638 248
5639 283
5640 202
5641 717
5642 3
5643 258
5644 125
5645 474
5646 605
5647 262
5648 723
5649 343
5650 836
5651 460
5652 224
5653 309
5654 2
5655 260
5656 33
5657 84
5658 495
5659 170
5660 386
5661 816
5662 71
5663 50
5664 248
5665 267
5666 591
5667 302
5668 150
5669 318
5670 532
5671 64
5672 534
5673 130
5674 150
5675 376
5676 49
5677 143
5678 570
5679 314
5680 368
5681 17
5682 107
5683 642
5684 258
5685 319
5686 390
5687 33
5688 385
5689 179
5690 557
5691 349
5692 652
5693 653
5694 608
5695 640
5696 572
5697 107
5698 419
5699 310
5700 107
5701 338
5702 32
5703 241
5704 491
5705 483
5706 35
5707 568
5708 825
5709 638
5710 19
5711 844
5712 727
5713 41
5714 139
5715 655
5716 250
5717 36
5718 65
5719 799
5720 604
5721 616
5722 469
5723 737
5724 317
5725 745
5726 613
5727 341
5728 320
5729 813
5730 144
5731 160
5732 60
5733 598
5734 743
5735 26
5736 838
5737 751
5738 105
5739 172
5740 467
5741 535
5742 670
5743 120
5744 339
5745 553
5746 330
5747 200
5748 826
5749 624
5750 813
5751 804
5752 600
5753 397
5754 680
5755 615
5756 326
5757 280
5758 142
5759 315
5760 265
5761 371
5762 330
5763 557
5764 14
5765 415
5766 594
5767 194
5768 94
5769 329
5770 61
5771 219
5772 207
5773 460
5774 477
5775 365
5776 177
5777 545
5778 314
5779 861
5780 231
5781 387
5782 504
5783 395
5784 641
5785 345
5786 613
5787 409
5788 356
5789 322
5790 776
5791 77
5792 643
5793 303
5794 723
5795 425
5796 671
5797 101
5798 242
5799 827
5800 771
5801 638
5802 704
5803 435
5804 209
5805 47
5806 687
5807 738
5808 370
5809 606
5810 626
5811 377
5812 728
5813 481
5814 460
5815 82
5816 86
5817 155
5818 72
5819 790
5820 754
5821 396
5822 569
5823 286
5824 490
5825 552
5826 628
5827 221
5828 312
5829 229
5830 238
5831 259
5832 732
5833 771
5834 283
5835 101
5836 37
5837 160
5838 616
5839 278
5840 271
5841 31
5842 449
5843 105
5844 671
5845 642
5846 130
5847 297
5848 225
5849 423
5850 775
5851 632
5852 662
5853 340
5854 252
5855 620
5856 832
5857 59
5858 347
5859 195
5860 556
5861 688
5862 501
5863 26
5864 424
5865 300
5866 113
5867 411
5868 256
5869 776
5870 643
5871 687
5872 535
5873 187
5874 583
5875 156
5876 223
5877 369
5878 265
5879 455
5880 12
5881 644
5882 51
5883 238
5884 516
5885 227
5886 857
5887 658
5888 517
5889 226
5890 811
5891 374
5892 551
5893 782
5894 57
5895 219
5896 82
5897 78
5898 719
5899 251
5900 136
5901 538
5902 86
5903 376
5904 135
5905 695
5906 641
5907 121
5908 712
5909 714
5910 683
5911 239
5912 537
5913 348
5914 228
5915 395
5916 374
5917 570
5918 300
5919 667
5920 559
5921 369
5922 676
5923 658
5924 269
5925 283
5926 386
5927 667
5928 12
5929 60
5930 464
5931 392
5932 444
5933 207
5934 148
5935 575
5936 19
5937 576
5938 839
5939 417
5940 390
5941 623
5942 361
5943 287
5944 262
5945 145
5946 78
5947 309
5948 85
5949 244
5950 632
5951 700
5952 737
5953 435
5954 120
5955 196
5956 426
5957 273
5958 769
5959 325
5960 849
5961 400
5962 687
5963 661
5964 721
5965 440
5966 239
5967 286
5968 840
5969 344
5970 640
5971 130
5972 427
5973 450
5974 170
5975 21
5976 735
5977 58
5978 341
5979 690
5980 129
5981 121
5982 711
5983 318
5984 479
5985 235
5986 79
5987 567
5988 521
5989 840
5990 266
5991 607
5992 819
5993 209
5994 364
5995 87
5996 202
5997 203
5998 857
5999 460
6000 264
6001 250
6002 213
6003 714
6004 325
6005 657
6006 26
6007 279
6008 333
6009 64
6010 255
6011 363
6012 603
6013 652
6014 386
6015 276
6016 289
6017 444
6018 574
6019 796
6020 189
6021 413
6022 475
6023 778
6024 304
6025 295
6026 804
6027 796
6028 688
6029 118
6030 603
6031 840
6032 458
6033 362
6034 263
6035 350
6036 788
6037 207
6038 129
6039 705
6040 329
6041 658
6042 130
6043 570
6044 606
6045 44
6046 665
6047 330
6048 351
6049 428
6050 191
6051 586
6052 676
6053 56
6054 23
6055 816
6056 754
6057 748
6058 687
6059 394
6060 617
6061 811
6062 71
6063 186
6064 775
6065 394
6066 153
6067 329
6068 510
6069 204
6070 292
6071 97
6072 382
6073 496
6074 88
6075 417
6076 373
6077 830
6078 757
6079 30
6080 189
6081 269
6082 723
6083 138
6084 802
6085 377
6086 577
6087 746
6088 306
6089 394
6090 449
6091 177
6092 378
6093 819
6094 252
6095 158
6096 6
6097 266
6098 738
6099 618
6100 716
6101 416
6102 792
6103 813
6104 255
6105 162
6106 65
6107 620
6108 165
6109 150
6110 730
6111 429
6112 134
6113 165
6114 661
6115 34
6116 528
6117 142
6118 296
6119 606
6120 198
6121 105
6122 515
6123 777
6124 194
6125 20
6126 687
6127 319
6128 98
6129 676
6130 362
6131 381
6132 804
6133 180
6134 377
6135 408
6136 408
6137 440
6138 303
6139 206
6140 721
6141 196
6142 90
6143 171
6144 769
6145 692
6146 146
6147 73
6148 201
6149 190
6150 65
6151 747
6152 224
6153 791
6154 831
6155 726
6156 251
6157 760
6158 360
6159 469
6160 838
6161 31
6162 755
6163 258
6164 419
6165 60
6166 579
6167 779
6168 746
6169 421
6170 775
6171 425
6172 247
6173 157
6174 479
6175 777
6176 302
6177 620
6178 557
6179 492
6180 84
6181 269
6182 776
6183 262
6184 307
6185 683
6186 288
6187 520
6188 777
6189 304
6190 554
6191 479
6192 192
6193 231
6194 301
6195 419
6196 332
6197 562
6198 339
6199 704
6200 630
6201 855
6202 728
6203 469
6204 204
6205 498
6206 138
6207 543
6208 280
6209 204
6210 19
6211 121
6212 681
6213 28
6214 769
6215 474
6216 415
6217 207
6218 36
6219 687
6220 465
6221 501
6222 340
6223 792
6224 417
6225 158
6226 652
6227 233
6228 78
6229 605
6230 4
6231 53
6232 223
6233 366
6234 470
6235 772
6236 392
6237 251
6238 757
6239 297
6240 769
6241 317
6242 72
6243 114
6244 804
6245 374
6246 309
6247 357
6248 199
6249 504
6250 530
6251 496
6252 207
6253 264
6254 177
6255 197
6256 152
6257 735
6258 65
6259 269
6260 619
6261 513
6262 223
6263 427
6264 510
6265 271
6266 185
6267 333
6268 248
6269 178
6270 6
6271 118
6272 130
6273 257
6274 618
6275 39
6276 342
6277 340
6278 35
6279 659
6280 610
6281 57
6282 484
6283 208
6284 380
6285 291
6286 157
6287 125
6288 653
6289 638
6290 385
6291 657
6292 686
6293 283
6294 809
6295 471
6296 285
6297 263
6298 137
6299 708
6300 196
6301 235
6302 321
6303 191
6304 170
6305 50
6306 3
6307 250
6308 45
6309 781
6310 185
6311 532
6312 532
6313 311
6314 424
6315 39
6316 166
6317 414
6318 266
6319 591
6320 426
6321 71
6322 120
6323 233
6324 292
6325 587
6326 320
6327 371
6328 513
6329 507
6330 396
6331 826
6332 200
6333 551
6334 311
6335 674
6336 549
6337 180
6338 468
6339 444
6340 190
6341 739
6342 94
6343 270
6344 388
6345 588
6346 331
6347 23
6348 475
6349 706
6350 845
6351 5
6352 305
6353 226
6354 834
6355 424
6356 39
6357 211
6358 615
6359 241
6360 816
6361 284
6362 335
6363 568
6364 71
6365 444
6366 171
6367 408
6368 530
6369 157
6370 205
6371 159
6372 361
6373 854
6374 62
6375 352
6376 408
6377 794
6378 600
6379 201
6380 502
6381 213
6382 727
6383 337
6384 749
6385 198
6386 570
6387 283
6388 755
6389 586
6390 659
6391 309
6392 194
6393 219
6394 683
6395 401
6396 501
6397 747
6398 451
6399 717
6400 779
6401 336
6402 32
6403 311
6404 400
6405 676
6406 791
6407 85
6408 748
6409 351
6410 419
6411 37
6412 98
6413 488
6414 855
6415 201
6416 178
6417 775
6418 408
6419 620
6420 573
6421 79
6422 429
6423 407
6424 302
6425 264
6426 721
6427 357
6428 476
6429 39
6430 699
6431 82
6432 229
6433 856
6434 307
6435 796
6436 613
6437 303
6438 423
6439 368
6440 224
6441 626
6442 253
6443 541
6444 811
6445 276
6446 64
6447 208
6448 289
6449 305
6450 309
6451 385
6452 478
6453 838
6454 654
6455 723
6456 562
6457 817
6458 235
6459 389
6460 356
6461 362
6462 374
6463 141
6464 274
6465 154
6466 761
6467 354
6468 204
6469 643
6470 381
6471 347
6472 370
6473 836
6474 264
6475 775
6476 412
6477 771
6478 859
6479 338
6480 213
6481 176
6482 403
6483 417
6484 6
6485 521
6486 636
6487 847
6488 326
6489 206
6490 349
6491 839
6492 101
6493 428
6494 685
6495 259
6496 857
6497 352
6498 379
6499 532
6500 663
6501 316
6502 93
6503 676
6504 45
6505 832
6506 588
6507 490
6508 322
6509 79
6510 628
6511 377
6512 538
6513 344
6514 774
6515 170
6516 361
6517 854
6518 400
6519 314
6520 786
6521 636
6522 48
6523 381
6524 744
6525 352
6526 705
6527 317
6528 185
6529 231
6530 827
6531 436
6532 727
6533 577
6534 348
6535 387
6536 342
6537 813
6538 444
6539 209
6540 816
6541 375
6542 568
6543 484
6544 339
6545 71
6546 221
6547 690
6548 618
6549 788
6550 857
6551 855
6552 630
6553 361
6554 732
6555 42
6556 85
6557 320
6558 688
6559 245
6560 620
6561 558
6562 210
6563 155
6564 586
6565 241
6566 748
6567 370
6568 323
6569 365
6570 426
6571 7
6572 36
6573 745
6574 742
6575 393
6576 379
6577 345
6578 478
6579 537
6580 381
6581 330
6582 291
6583 467
6584 409
6585 200
6586 20
6587 192
6588 518
6589 443
6590 397
6591 769
6592 12
6593 145
6594 672
6595 402
6596 295
6597 609
6598 198
6599 377
6600 732
6601 842
6602 691
6603 515
6604 849
6605 170
6606 700
6607 857
6608 802
6609 655
6610 262
6611 692
6612 311
6613 95
6614 681
6615 181
6616 792
6617 691
6618 187
6619 795
6620 99
6621 748
6622 57
6623 535
6624 538
6625 30
6626 479
6627 843
6628 375
6629 273
6630 344
6631 634
6632 820
6633 811
6634 349
6635 118
6636 660
6637 383
6638 135
6639 789
6640 311
6641 20
6642 757
6643 283
6644 855
6645 776
6646 114
6647 224
6648 633
6649 829
6650 633
6651 187
6652 23
6653 239
6654 444
6655 425
6656 241
6657 446
6658 269
6659 403
6660 184
6661 93
6662 564
6663 418
6664 706
6665 737
6666 680
6667 159
6668 570
6669 837
6670 347
6671 22
6672 64
6673 382
6674 417
6675 56
6676 295
6677 708
6678 86
6679 86
6680 670
6681 628
6682 174
6683 247
6684 412
6685 138
6686 737
6687 766
6688 18
6689 787
6690 227
6691 177
6692 417
6693 203
6694 177
6695 694
6696 344
6697 181
6698 794
6699 348
6700 315
6701 33
6702 694
6703 739
6704 408
6705 184
6706 185
6707 654
6708 149
6709 182
6710 485
6711 484
6712 406
6713 192
6714 273
6715 390
6716 306
6717 376
6718 748
6719 139
6720 370
6721 851
6722 143
6723 591
6724 317
6725 199
6726 719
6727 310
6728 737
6729 789
6730 137
6731 360
6732 761
6733 268
6734 393
6735 692
6736 772
6737 228
6738 106
6739 221
6740 627
6741 424
6742 505
6743 233
6744 359
6745 374
6746 335
6747 124
6748 734
6749 421
6750 288
6751 231
6752 343
6753 287
6754 630
6755 167
6756 785
6757 445
6758 216
6759 305
6760 853
6761 105
6762 170
6763 253
6764 619
6765 338
6766 464
6767 789
6768 816
6769 11
6770 330
6771 742
6772 630
6773 625
6774 417
6775 300
6776 446
6777 224
6778 425
6779 125
6780 218
6781 322
6782 283
6783 397
6784 604
6785 27
6786 144
6787 408
6788 809
6789 476
6790 793
6791 531
6792 603
6793 4
6794 697
6795 835
6796 337
6797 366
6798 122
6799 298
6800 266
6801 33
6802 140
6803 366
6804 178
6805 253
6806 321
6807 384
6808 58
6809 450
6810 763
6811 485
6812 182
6813 396
6814 506
6815 53
6816 674
6817 654
6818 433
6819 293
6820 612
6821 785
6822 411
6823 717
6824 417
6825 29
6826 209
6827 256
6828 216
6829 621
6830 171
6831 742
6832 317
6833 178
6834 532
6835 577
6836 268
6837 385
6838 617
6839 410
6840 568
6841 231
6842 820
6843 683
6844 379
6845 458
6846 513
6847 183
6848 260
6849 413
6850 384
6851 742
6852 861
6853 714
6854 534
6855 305
6856 739
6857 369
6858 235
6859 539
6860 410
6861 115
6862 368
6863 702
6864 200
6865 296
6866 587
6867 333
6868 714
6869 103
6870 578
6871 349
6872 198
6873 820
6874 1
6875 72
6876 67
6877 390
6878 649
6879 93
6880 68
6881 39
6882 747
6883 292
6884 700
6885 77
6886 620
6887 362
6888 412
6889 559
6890 288
6891 753
6892 346
6893 744
6894 227
6895 699
6896 476
6897 288
6898 349
6899 596
6900 301
6901 563
6902 244
6903 798
6904 451
6905 292
6906 752
6907 543
6908 516
6909 752
6910 89
6911 346
6912 291
6913 179
6914 387
6915 319
6916 576
6917 187
6918 237
6919 229
6920 785
6921 651
6922 367
6923 148
6924 706
6925 556
6926 31
6927 40
6928 148
6929 279
6930 84
6931 651
6932 312
6933 695
6934 702
6935 839
6936 170
6937 233
6938 700
6939 737
6940 363
6941 414
6942 282
6943 653
6944 79
6945 222
6946 384
6947 745
6948 674
6949 260
6950 23
6951 416
6952 840
6953 421
6954 795
6955 276
6956 317
6957 216
6958 278
6959 722
6960 143
6961 822
6962 840
6963 577
6964 174
6965 165
6966 735
6967 389
6968 384
6969 653
6970 365
6971 121
6972 403
6973 178
6974 820
6975 180
6976 778
6977 822
6978 244
6979 242
6980 187
6981 817
6982 251
6983 858
6984 723
6985 366
6986 137
6987 599
6988 29
6989 26
6990 373
6991 339
6992 535
6993 304
6994 410
6995 429
6996 373
6997 120
6998 363
6999 391
7000 309
7001 575
7002 536
7003 793
7004 519
7005 229
7006 252
7007 425
7008 674
7009 120
7010 843
7011 365
7012 228
7013 348
7014 331
7015 691
7016 612
7017 822
7018 671
7019 302
7020 387
7021 424
7022 827
7023 693
7024 780
7025 260
7026 490
7027 793
7028 807
7029 422
7030 325
7031 537
7032 53
7033 38
7034 241
7035 757
7036 411
7037 222
7038 310
7039 425
7040 332
7041 233
7042 529
7043 371
7044 480
7045 419
7046 658
7047 336
7048 400
7049 852
7050 53
7051 677
7052 324
7053 144
7054 723
7055 225
7056 796
7057 314
7058 715
7059 742
7060 10
7061 652
7062 820
7063 526
7064 618
7065 252
7066 468
7067 96
7068 388
7069 241
7070 118
7071 426
7072 175
7073 171
7074 849
7075 609
7076 310
7077 467
7078 776
7079 175
7080 371
7081 313
7082 697
7083 501
7084 273
7085 207
7086 792
7087 367
7088 570
7089 245
7090 760
7091 806
7092 346
7093 197
7094 153
7095 772
7096 180
7097 211
7098 816
7099 582
7100 320
7101 780
7102 807
7103 309
7104 735
7105 88
7106 350
7107 797
7108 338
7109 307
7110 290
7111 324
7112 303
7113 613
7114 124
7115 271
7116 665
7117 37
7118 740
7119 731
7120 270
7121 97
7122 516
7123 310
7124 795
7125 10
7126 388
7127 79
7128 10
7129 695
7130 859
7131 733
7132 384
7133 174
7134 25
7135 686
7136 229
7137 41
7138 739
7139 169
7140 252
7141 343
7142 855
7143 416
7144 523
7145 739
7146 686
7147 381
7148 693
7149 77
7150 779
7151 853
7152 689
7153 308
7154 809
7155 176
7156 362
7157 115
7158 660
7159 339
7160 179
7161 336
7162 33
7163 749
7164 800
7165 211
7166 128
7167 165
7168 413
7169 121
7170 608
7171 195
7172 125
7173 854
7174 222
7175 712
7176 379
7177 558
7178 745
7179 642
7180 842
7181 826
7182 512
7183 195
7184 714
7185 486
7186 671
7187 394
7188 859
7189 725
7190 173
7191 852
7192 746
7193 363
7194 819
7195 86
7196 303
7197 375
7198 199
7199 368
7200 640
7201 87
7202 263
7203 203
7204 576
7205 325
7206 31
7207 848
7208 157
7209 300
7210 403
7211 604
7212 125
7213 162
7214 846
7215 373
7216 529
7217 134
7218 792
7219 619
7220 33
7221 813
7222 249
7223 762
7224 568
7225 139
7226 40
7227 170
7228 523
7229 728
7230 609
7231 512
7232 198
7233 589
7234 288
7235 825
7236 375
7237 710
7238 115
7239 535
7240 129
7241 478
7242 321
7243 81
7244 119
7245 659
7246 141
7247 74
7248 379
7249 49
7250 728
7251 445
7252 134
7253 559
7254 721
7255 120
7256 35
7257 775
7258 125
7259 830
7260 83
7261 799
7262 128
7263 661
7264 66
7265 146
7266 47
7267 155
7268 766
7269 207
7270 133
7271 403
7272 804
7273 57
7274 700
7275 673
7276 121
7277 616
7278 690
7279 384
7280 341
7281 80
7282 308
7283 151
7284 771
7285 784
7286 387
7287 691
7288 206
7289 858
7290 237
7291 714
7292 382
7293 12
7294 828
7295 740
7296 136
7297 654
7298 275
7299 744
7300 228
7301 728
7302 695
7303 142
7304 777
7305 42
7306 815
7307 716
7308 680
7309 728
7310 128
7311 119
7312 829
7313 752
7314 417
7315 488
7316 795
7317 737
7318 726
7319 210
7320 221
7321 828
7322 790
7323 733
7324 149
7325 382
7326 53
7327 175
7328 246
7329 670
7330 296
7331 742
7332 146
7333 575
7334 659
7335 414
7336 127
7337 412
7338 316
7339 298
7340 59
7341 625
7342 815
7343 760
7344 476
7345 721
7346 626
7347 314
7348 36
7349 124
7350 310
7351 697
7352 44
7353 422
7354 574
7355 211
7356 828
7357 67
7358 667
7359 735
7360 18
7361 237
7362 665
7363 113
7364 290
7365 330
7366 658
7367 416
7368 530
7369 815
7370 282
7371 395
7372 668
7373 849
7374 141
7375 698
7376 641
7377 120
7378 364
7379 719
7380 235
7381 859
7382 363
7383 61
7384 589
7385 339
7386 127
7387 318
7388 667
7389 256
7390 799
7391 532
7392 264
7393 458
7394 155
7395 699
7396 359
7397 152
7398 395
7399 416
7400 843
7401 462
7402 372
7403 368
7404 250
7405 283
7406 29
7407 445
7408 34
7409 328
7410 653
7411 356
7412 181
7413 376
7414 497
7415 711
7416 421
7417 413
7418 841
7419 663
7420 836
7421 59
7422 653
7423 383
7424 379
7425 518
7426 605
7427 267
7428 845
7429 692
7430 320
7431 680
7432 95
7433 246
7434 409
7435 391
7436 166
7437 228
7438 429
7439 820
7440 130
7441 660
7442 386
7443 671
7444 585
7445 332
7446 702
7447 72
7448 344
7449 799
7450 314
7451 523
7452 417
7453 688
7454 667
7455 772
7456 532
7457 197
7458 745
7459 207
7460 767
7461 619
7462 366
7463 349
7464 808
7465 552
7466 22
7467 589
7468 822
7469 74
7470 61
7471 304
7472 833
7473 745
7474 191
7475 339
7476 322
7477 165
7478 768
7479 425
7480 213
7481 684
7482 4
7483 696
7484 673
7485 386
7486 458
7487 225
7488 266
7489 479
7490 657
7491 603
7492 130
7493 669
7494 808
7495 607
7496 834
7497 792
7498 335
7499 595
7500 744
7501 160
7502 86
7503 661
7504 694
7505 118
7506 563
7507 17
7508 61
7509 268
7510 386
7511 839
7512 659
7513 465
7514 454
7515 89
7516 375
7517 632
7518 462
7519 20
7520 314
7521 171
7522 845
7523 343
7524 112
7525 253
7526 659
7527 674
7528 773
7529 180
7530 829
7531 370
7532 6
7533 65
7534 386
7535 99
7536 792
7537 379
7538 255
7539 698
7540 661
7541 535
7542 207
7543 778
7544 256
7545 634
7546 30
7547 411
7548 387
7549 837
7550 30
7551 669
7552 627
7553 850
7554 51
7555 131
7556 474
7557 210
7558 624
7559 248
7560 785
7561 370
7562 672
7563 179
7564 624
7565 854
7566 817
7567 59
7568 832
7569 816
7570 9
7571 381
7572 185
7573 286
7574 834
7575 118
7576 849
7577 241
7578 604
7579 799
7580 128
7581 514
7582 829
7583 172
7584 462
7585 813
7586 394
7587 562
7588 758
7589 363
7590 382
7591 702
7592 144
7593 786
7594 780
7595 476
7596 732
7597 37
7598 352
7599 836
7600 131
7601 827
7602 517
7603 306
7604 658
7605 195
7606 829
7607 487
7608 455
7609 484
7610 348
7611 529
7612 774
7613 361
7614 712
7615 609
7616 832
7617 768
7618 18
7619 327
7620 494
7621 521
7622 769
7623 700
7624 359
7625 203
7626 77
7627 162
7628 722
7629 507
7630 399
7631 823
7632 630
7633 820
7634 701
7635 830
7636 686
7637 326
7638 787
7639 588
7640 436
7641 288
7642 374
7643 239
7644 280
7645 416
7646 651
7647 255
7648 496
7649 315
7650 37
7651 248
7652 767
7653 529
7654 786
7655 133
7656 825
7657 127
7658 435
7659 607
7660 711
7661 364
7662 133
7663 679
7664 145
7665 386
7666 184
7667 844
7668 306
7669 54
7670 207
7671 48
7672 599
7673 154
7674 470
7675 89
7676 661
7677 722
7678 574
7679 563
7680 20
7681 758
7682 56
7683 506
7684 762
7685 748
7686 320
7687 691
7688 854
7689 66
7690 413
7691 823
7692 802
7693 205
7694 421
7695 829
7696 418
7697 743
7698 583
7699 355
7700 748
7701 578
7702 818
7703 860
7704 206
7705 382
7706 731
7707 192
7708 702
7709 308
7710 823
7711 465
7712 763
7713 427
7714 193
7715 616
7716 788
7717 738
7718 449
7719 771
7720 780
7721 313
7722 43
7723 841
7724 45
7725 20
7726 239
7727 825
7728 122
7729 180
7730 575
7731 336
7732 274
7733 314
7734 686
7735 734
7736 501
7737 45
7738 350
7739 849
7740 752
7741 393
7742 681
7743 785
7744 645
7745 838
7746 19
7747 782
7748 411
7749 184
7750 168
7751 768
7752 621
7753 843
7754 108
7755 719
7756 532
7757 631
7758 833
7759 784
7760 471
7761 856
7762 222
7763 167
7764 315
7765 763
7766 303
7767 658
7768 50
7769 42
7770 474
7771 758
7772 7
7773 273
7774 151
7775 194
7776 715
7777 265
7778 373
7779 423
7780 836
7781 714
7782 739
7783 543
7784 293
7785 559
7786 855
7787 722
7788 712
7789 428
7790 519
7791 672
7792 144
7793 365
7794 6
7795 598
7796 836
7797 845
7798 634
7799 655
7800 725
7801 278
7802 803
7803 700
7804 860
7805 384
7806 44
7807 528
7808 124
7809 440
7810 591
7811 379
7812 529
7813 425
7814 45
7815 354
7816 700
7817 421
7818 800
7819 861
7820 413
7821 458
7822 247
7823 36
7824 698
7825 380
7826 680
7827 753
7828 510
7829 6
7830 43
7831 174
7832 388
7833 660
7834 325
7835 787
7836 114
7837 213
7838 833
7839 120
7840 79
7841 661
7842 150
7843 857
7844 837
7845 674
7846 282
7847 535
7848 380
7849 184
7850 505
7851 715
7852 861
7853 741
7854 88
7855 424
7856 86
7857 688
7858 673
7859 146
7860 368
7861 42
7862 199
7863 742
7864 309
7865 575
7866 282
7867 633
7868 250
7869 268
7870 289
7871 263
7872 786
7873 809
7874 178
7875 497
7876 36
7877 798
7878 468
7879 366
7880 288
7881 414
7882 649
7883 395
7884 830
7885 772
7886 472
7887 126
7888 158
7889 80
7890 192
7891 364
7892 350
7893 706
7894 402
7895 64
7896 655
7897 510
7898 127
7899 819
7900 816
7901 791
7902 200
7903 28
7904 105
7905 211
7906 526
7907 710
7908 227
7909 462
7910 695
7911 444
7912 61
7913 688
7914 658
7915 427
7916 851
7917 861
7918 599
7919 349
7920 417
7921 649
7922 127
7923 814
7924 680
7925 231
7926 307
7927 373
7928 72
7929 654
7930 631
7931 353
7932 833
7933 350
7934 403
7935 528
7936 854
7937 581
7938 588
7939 388
7940 302
7941 35
7942 627
7943 420
7944 387
7945 692
7946 295
7947 295
7948 24
7949 772
7950 828
7951 741
7952 488
7953 378
7954 458
7955 372
7956 26
7957 768
7958 578
7959 829
7960 175
7961 665
7962 843
7963 192
7964 612
7965 372
7966 518
7967 793
7968 761
7969 132
7970 193
7971 806
7972 808
7973 679
7974 94
7975 144
7976 125
7977 735
7978 77
7979 700
7980 747
7981 40
7982 640
7983 335
7984 681
7985 849
7986 419
7987 312
7988 633
7989 421
7990 309
7991 251
7992 336
7993 771
7994 324
7995 730
7996 340
7997 162
7998 268
7999 449
8000 790
8001 781
8002 763
8003 569
8004 525
8005 519
8006 474
8007 307
8008 379
8009 573
8010 108
8011 844
8012 2
8013 520
8014 530
8015 469
8016 755
8017 150
8018 858
8019 702
8020 847
8021 206
8022 202
8023 665
8024 553
8025 382
8026 695
8027 418
8028 836
8029 732
8030 532
8031 673
8032 43
8033 282
8034 377
8035 450
8036 843
8037 322
8038 175
8039 229
8040 101
8041 354
8042 477
8043 256
8044 789
8045 619
8046 84
8047 809
8048 19
8049 14
8050 587
8051 659
8052 599
8053 4
8054 318
8055 837
8056 268
8057 677
8058 347
8059 468
8060 133
8061 543
8062 737
8063 42
8064 269
8065 57
8066 402
8067 747
8068 42
8069 17
8070 722
8071 677
8072 425
8073 745
8074 692
8075 453
8076 83
8077 502
8078 30
8079 148
8080 371
8081 324
8082 826
8083 40
8084 429
8085 406
8086 195
8087 303
8088 588
8089 115
8090 376
8091 63
8092 800
8093 749
8094 411
8095 73
8096 619
8097 839
8098 203
8099 604
8100 102
8101 697
8102 353
8103 82
8104 531
8105 667
8106 37
8107 721
8108 714
8109 843
8110 705
8111 558
8112 798
8113 59
8114 394
8115 235
8116 478
8117 45
8118 763
8119 792
8120 740
8121 106
8122 691
8123 248
8124 297
8125 498
8126 124
8127 74
8128 49
8129 184
8130 523
8131 746
8132 368
8133 174
8134 745
8135 573
8136 383
8137 708
8138 211
8139 621
8140 37
8141 681
8142 657
8143 733
8144 450
8145 626
8146 398
8147 658
8148 645
8149 704
8150 690
8151 575
8152 155
8153 288
8154 763
8155 425
8156 407
8157 152
8158 314
8159 710
8160 529
8161 197
8162 735
8163 577
8164 794
8165 71
8166 136
8167 80
8168 86
8169 314
8170 153
8171 735
8172 845
8173 357
8174 753
8175 451
8176 272
8177 576
8178 661
8179 156
8180 74
8181 238
8182 321
8183 800
8184 731
8185 73
8186 290
8187 348
8188 525
8189 398
8190 308
8191 414
8192 425
8193 98
8194 244
8195 529
8196 851
8197 298
8198 793
8199 273
8200 787
8201 408
8202 737
8203 761
8204 483
8205 686
8206 280
8207 39
8208 460
8209 369
8210 132
8211 626
8212 86
8213 835
8214 127
8215 606
8216 667
8217 844
8218 383
8219 479
8220 861
8221 83
8222 703
8223 612
8224 781
8225 591
8226 386
8227 792
8228 320
8229 296
8230 387
8231 795
8232 33
8233 443
8234 568
8235 787
8236 752
8237 843
8238 667
8239 621
8240 705
8241 722
8242 252
8243 144
8244 832
8245 703
8246 411
8247 846
8248 301
8249 297
8250 832
8251 173
8252 754
8253 153
8254 621
8255 744
8256 660
8257 837
8258 772
8259 840
8260 86
8261 834
8262 712
8263 361
8264 699
8265 239
8266 291
8267 539
8268 495
8269 342
8270 354
8271 843
8272 63
8273 360
8274 183
8275 185
8276 179
8277 344
8278 291
8279 302
8280 343
8281 242
8282 849
8283 352
8284 27
8285 607
8286 69
8287 6
8288 158
8289 375
8290 329
8291 453
8292 233
8293 50
8294 80
8295 418
8296 792
8297 640
8298 704
8299 539
8300 409
8301 669
8302 562
8303 498
8304 860
8305 367
8306 532
8307 336
8308 98
8309 142
8310 359
8311 829
8312 357
8313 237
8314 732
8315 658
8316 420
8317 399
8318 355
8319 749
8320 690
8321 614
8322 357
8323 175
8324 845
8325 143
8326 426
8327 468
8328 356
8329 719
8330 719
8331 534
8332 585
8333 248
8334 819
8335 359
8336 476
8337 429
8338 201
8339 84
8340 411
8341 779
8342 321
8343 149
8344 608
8345 152
8346 74
8347 407
8348 705
8349 723
8350 497
8351 606
8352 186
8353 799
8354 425
8355 538
8356 85
8357 394
8358 540
8359 751
8360 719
8361 807
8362 536
8363 517
8364 191
8365 612
8366 158
8367 233
8368 723
8369 38
8370 435
8371 28
8372 337
8373 586
8374 101
8375 440
8376 377
8377 238
8378 309
8379 354
8380 222
8381 576
8382 563
8383 468
8384 577
8385 461
8386 814
8387 357
8388 530
8389 840
8390 785
8391 213
8392 315
8393 521
8394 735
8395 725
8396 390
8397 451
8398 563
8399 373
8400 636
8401 615
8402 354
8403 835
8404 477
8405 411
8406 52
8407 186
8408 498
8409 458
8410 316
8411 699
8412 375
8413 174
8414 354
8415 413
8416 384
8417 141
8418 349
8419 5
8420 296
8421 222
8422 185
8423 575
8424 228
8425 769
8426 653
8427 204
8428 472
8429 734
8430 326
8431 291
8432 245
8433 244
8434 645
8435 685
8436 351
8437 613
8438 706
8439 380
8440 772
8441 462
8442 319
8443 315
8444 383
8445 552
8446 416
8447 252
8448 174
8449 403
8450 589
8451 354
8452 683
8453 258
8454 130
8455 800
8456 534
8457 858
8458 90
8459 249
8460 129
8461 74
8462 191
8463 769
8464 445
8465 346
8466 143
8467 514
8468 753
8469 158
8470 683
8471 316
8472 98
8473 152
8474 265
8475 818
8476 217
8477 605
8478 300
8479 847
8480 525
8481 132
8482 623
8483 433
8484 788
8485 488
8486 229
8487 785
8488 524
8489 302
8490 596
8491 82
8492 113
8493 458
8494 394
8495 319
8496 226
8497 478
8498 631
8499 540
8500 570
8501 843
8502 751
8503 269
8504 460
8505 304
8506 691
8507 498
8508 266
8509 378
8510 288
8511 364
8512 582
8513 597
8514 181
8515 173
8516 790
8517 644
8518 128
8519 66
8520 413
8521 731
8522 444
8523 588
8524 352
8525 475
8526 567
8527 122
8528 284
8529 337
8530 776
8531 71
8532 728
8533 526
8534 316
8535 610
8536 182
8537 269
8538 638
8539 451
8540 315
8541 407
8542 846
8543 625
8544 224
8545 54
8546 572
8547 719
8548 465
8549 444
8550 610
8551 627
8552 306
8553 598
8554 701
8555 603
8556 497
8557 60
8558 424
8559 361
8560 834
8561 698
8562 289
8563 49
8564 306
8565 701
8566 201
8567 342
8568 86
8569 363
8570 402
8571 242
8572 708
8573 485
8574 248
8575 336
8576 320
8577 674
8578 540
8579 5
8580 410
8581 841
8582 186
8583 201
8584 619
8585 625
8586 315
8587 668
8588 416
8589 220
8590 566
8591 522
8592 613
8593 588
8594 318
8595 57
8596 77
8597 319
8598 402
8599 126
8600 118
8601 318
8602 82
8603 153
8604 160
8605 777
8606 433
8607 835
8608 451
8609 795
8610 47
8611 289
8612 280
8613 38
8614 683
8615 200
8616 828
8617 519
8618 174
8619 689
8620 307
8621 408
8622 79
8623 177
8624 761
8625 426
8626 777
8627 574
8628 512
8629 426
8630 578
8631 293
8632 685
8633 794
8634 87
8635 740
8636 198
8637 268
8638 706
8639 207
8640 178
8641 858
8642 84
8643 831
8644 340
8645 285
8646 480
8647 820
8648 807
8649 401
8650 581
8651 858
8652 288
8653 454
8654 762
8655 242
8656 300
8657 733
8658 330
8659 423
8660 169
8661 248
8662 351
8663 64
8664 608
8665 583
8666 474
8667 655
8668 591
8669 829
8670 719
8671 196
8672 835
8673 418
8674 621
8675 128
8676 146
8677 323
8678 119
8679 251
8680 743
8681 276
8682 196
8683 579
8684 558
8685 204
8686 350
8687 317
8688 326
8689 242
8690 263
8691 101
8692 269
8693 670
8694 181
8695 361
8696 795
8697 114
8698 393
8699 24
8700 427
8701 124
8702 835
8703 413
8704 181
8705 569
8706 835
8707 693
8708 327
8709 94
8710 37
8711 578
8712 422
8713 772
8714 95
8715 287
8716 398
8717 140
8718 534
8719 295
8720 776
8721 325
8722 451
8723 566
8724 359
8725 857
8726 249
8727 142
8728 490
8729 788
8730 574
8731 776
8732 357
8733 842
8734 312
8735 120
8736 393
8737 512
8738 441
8739 604
8740 652
8741 618
8742 53
8743 723
8744 10
8745 267
8746 331
8747 122
8748 496
8749 225
8750 494
8751 71
8752 337
8753 338
8754 333
8755 326
8756 785
8757 209
8758 578
8759 455
8760 735
8761 18
8762 248
8763 554
8764 383
8765 373
8766 317
8767 855
8768 701
8769 275
8770 822
8771 715
8772 2
8773 786
8774 565
8775 670
8776 107
8777 335
8778 293
8779 564
8780 22
8781 260
8782 544
8783 336
8784 480
8785 340
8786 688
8787 368
8788 521
8789 218
8790 192
8791 268
8792 351
8793 283
8794 470
8795 694
8796 748
8797 313
8798 166
8799 726
8800 224
8801 87
8802 242
8803 271
8804 152
8805 529
8806 323
8807 220
8808 661
8809 177
8810 410
8811 859
8812 618
8813 791
8814 841
8815 456
8816 761
8817 719
8818 665
8819 528
8820 207
8821 640
8822 522
8823 640
8824 758
8825 267
8826 397
8827 248
8828 52
8829 118
8830 847
8831 795
8832 31
8833 321
8834 529
8835 370
8836 403
8837 435
8838 565
8839 53
8840 715
8841 4
8842 841
8843 40
8844 96
8845 460
8846 19
8847 514
8848 556
8849 193
8850 243
8851 168
8852 669
8853 255
8854 69
8855 46
8856 444
8857 31
8858 396
8859 318
8860 767
8861 585
8862 795
8863 131
8864 305
8865 367
8866 497
8867 303
8868 357
8869 92
8870 645
8871 295
8872 624
8873 362
8874 350
8875 687
8876 688
8877 505
8878 282
8879 458
8880 269
8881 345
8882 840
8883 422
8884 47
8885 782
8886 171
8887 717
8888 22
8889 780
8890 554
8891 695
8892 166
8893 187
8894 468
8895 507
8896 519
8897 406
8898 695
8899 223
8900 813
8901 246
8902 480
8903 143
8904 72
8905 614
8906 844
8907 209
8908 437
8909 413
8910 597
8911 336
8912 30
8913 321
8914 686
8915 777
8916 226
8917 64
8918 790
8919 127
8920 826
8921 186
8922 26
8923 794
8924 626
8925 687
8926 209
8927 229
8928 827
8929 69
8930 105
8931 17
8932 722
8933 114
8934 262
8935 542
8936 518
8937 782
8938 328
8939 362
8940 394
8941 5
8942 179
8943 742
8944 695
8945 328
8946 748
8947 838
8948 828
8949 693
8950 589
8951 762
8952 323
8953 282
8954 752
8955 620
8956 316
8957 249
8958 315
8959 796
8960 449
8961 472
8962 722
8963 275
8964 472
8965 466
8966 758
8967 332
8968 586
8969 412
8970 749
8971 640
8972 776
8973 498
8974 419
8975 691
8976 529
8977 830
8978 668
8979 387
8980 30
8981 339
8982 568
8983 237
8984 456
8985 28
8986 342
8987 677
8988 583
8989 472
8990 853
8991 424
8992 191
8993 223
8994 147
8995 834
8996 644
8997 832
8998 809
8999 517
9000 471
9001 782
9002 848
9003 795
9004 776
9005 443
9006 695
9007 776
9008 336
9009 364
9010 150
9011 445
9012 841
9013 335
9014 119
9015 631
9016 794
9017 695
9018 483
9019 833
9020 121
9021 169
9022 302
9023 321
9024 12
9025 343
9026 421
9027 776
9028 626
9029 198
9030 574
9031 795
9032 803
9033 855
9034 686
9035 395
9036 305
9037 409
9038 752
9039 289
9040 614
9041 82
9042 487
9043 674
9044 247
9045 860
9046 322
9047 239
9048 664
9049 774
9050 743
9051 127
9052 140
9053 335
9054 298
9055 581
9056 479
9057 829
9058 683
9059 733
9060 218
9061 445
9062 464
9063 614
9064 199
9065 186
9066 402
9067 671
9068 852
9069 469
9070 313
9071 780
9072 466
9073 242
9074 470
9075 398
9076 152
9077 604
9078 456
9079 681
9080 481
9081 421
9082 9
9083 673
9084 294
9085 486
9086 524
9087 779
9088 518
9089 343
9090 483
9091 607
9092 400
9093 148
9094 308
9095 613
9096 413
9097 375
9098 324
9099 771
9100 7
9101 153
9102 243
9103 828
9104 600
9105 308
9106 636
9107 651
9108 124
9109 125
9110 125
9111 125
9112 617
9113 124
9114 617
9115 617
9116 125
9117 125
9118 110
9119 147
9120 110
9121 124
9122 147
9123 124
9124 147
9125 185
9126 96
9127 164
9128 67
9129 67
9130 96
9131 127
9132 43
9133 125
9134 150
9135 139
9136 124
9137 43
9138 168
9139 67
9140 287
9141 127
9142 144
9143 168
9144 185
9145 124
9146 43
9147 124
9148 176
9149 163
9150 164
9151 199
9152 185
9153 242
9154 242
9155 144
9156 150
9157 150
9158 164
9159 168
9160 125
9161 199
9162 64
9163 67
9164 139
9165 176
9166 287
9167 64
9168 127
9169 134
9170 196
9171 196
9172 116
9173 196
9174 125
9175 134
9176 190
9177 116
9178 190
9179 125
9180 122
9181 209
9182 40
9183 113
9184 40
9185 192
9186 187
9187 190
9188 140
9189 185
9190 165
9191 151
9192 183
9193 114
9194 140
9195 114
9196 209
9197 174
9198 190
9199 40
9200 164
9201 179
9202 185
9203 144
9204 209
9205 176
9206 208
9207 43
9208 151
9209 183
9210 150
9211 125
9212 150
9213 43
9214 12
9215 174
9216 185
9217 187
9218 142
9219 144
9220 144
9221 43
9222 148
9223 82
9224 148
9225 140
9226 165
9227 144
9228 179
9229 40
9230 179
9231 185
9232 144
9233 12
9234 164
9235 148
9236 192
9237 192
9238 114
9239 142
9240 113
9241 208
9242 140
9243 148
9244 142
9245 164
9246 185
9247 183
9248 179
9249 144
9250 185
9251 208
9252 125
9253 148
9254 174
9255 84
9256 208
9257 84
9258 113
9259 190
9260 82
9261 187
9262 113
9263 355
9264 598
9265 388
9266 82
9267 257
9268 551
9269 90
9270 669
9271 202
9272 626
9273 429
9274 233
9275 696
9276 776
9277 175
9278 262
9279 654
9280 834
9281 222
9282 224
9283 415
9284 758
9285 466
9286 507
9287 464
9288 654
9289 156
9290 358
9291 80
9292 118
9293 282
9294 539
9295 337
9296 365
9297 50
9298 176
9299 282
9300 443
9301 51
9302 497
9303 51
9304 583
9305 657
9306 674
9307 211
9308 359
9309 786
9310 465
9311 457
9312 695
9313 839
9314 458
9315 642
9316 572
9317 118
9318 510
9319 368
9320 531
9321 760
9322 504
9323 176
9324 725
9325 183
9326 175
9327 746
9328 505
9329 786
9330 163
9331 368
9332 777
9333 569
9334 304
9335 454
9336 39
9337 600
9338 673
9339 254
9340 477
9341 560
9342 40
9343 622
9344 532
9345 491
9346 58
9347 577
9348 834
9349 365
9350 574
9351 683
9352 406
9353 210
9354 834
9355 60
9356 368
9357 597
9358 330
9359 254
9360 810
9361 609
9362 696
9363 121
9364 574
9365 554
9366 367
9367 351
9368 628
9369 576
9370 225
9371 517
9372 399
9373 200
9374 644
9375 113
9376 444
9377 0
9378 308
9379 6
9380 531
9381 749
9382 358
9383 262
9384 336
9385 543
9386 64
9387 291
9388 300
9389 353
9390 560
9391 746
9392 208
9393 460
9394 168
9395 71
9396 287
9397 117
9398 636
9399 602
9400 617
9401 19
9402 463
9403 507
9404 460
9405 423
9406 760
9407 638
9408 570
9409 504
9410 317
9411 612
9412 225
9413 25
9414 43
9415 195
9416 855
9417 348
9418 493
9419 242
9420 468
9421 471
9422 26
9423 45
9424 248
9425 820
9426 203
9427 190
9428 607
9429 736
9430 80
9431 355
9432 130
9433 249
9434 722
9435 473
9436 638
9437 370
9438 254
9439 316
9440 211
9441 494
9442 17
9443 81
9444 477
9445 100
9446 205
9447 757
9448 239
9449 551
9450 460
9451 48
9452 221
9453 257
9454 267
9455 285
9456 700
9457 347
9458 753
9459 49
9460 310
9461 172
9462 11
9463 596
9464 4
9465 83
9466 319
9467 53
9468 527
9469 282
9470 854
9471 19
9472 347
9473 498
9474 436
9475 735
9476 497
9477 113
9478 416
9479 166
9480 360
9481 852
9482 370
9483 258
9484 7
9485 579
9486 130
9487 389
9488 19
9489 479
9490 781
9491 71
9492 344
9493 631
9494 67
9495 853
9496 547
9497 636
9498 484
9499 208
9500 254
9501 600
9502 451
9503 446
9504 438
9505 259
9506 579
9507 273
9508 260
9509 314
9510 494
9511 266
9512 418
9513 225
9514 290
9515 321
9516 317
9517 57
9518 267
9519 627
9520 721
9521 609
9522 263
9523 720
9524 41
9525 446
9526 258
9527 182
9528 468
9529 369
9530 337
9531 855
9532 706
9533 486
9534 812
9535 821
9536 54
9537 832
9538 512
9539 199
9540 770
9541 368
9542 154
9543 274
9544 176
9545 37
9546 344
9547 180
9548 534
9549 360
9550 135
9551 300
9552 714
9553 474
9554 239
9555 361
9556 690
9557 340
9558 317
9559 412
9560 529
9561 354
9562 331
9563 744
9564 276
9565 326
9566 411
9567 662
9568 74
9569 482
9570 796
9571 26
9572 202
9573 371
9574 506
9575 166
9576 262
9577 107
9578 363
9579 622
9580 805
9581 256
9582 407
9583 429
9584 363
9585 57
9586 578
9587 815
9588 347
9589 406
9590 835
9591 736
9592 776
9593 834
9594 491
9595 126
9596 268
9597 787
9598 65
9599 258
9600 80
9601 460
9602 50
9603 185
9604 755
9605 396
9606 554
9607 778
9608 442
9609 416
9610 650
9611 59
9612 510
9613 37
9614 51
9615 805
9616 797
9617 512
9618 318
9619 503
9620 464
9621 206
9622 679
9623 616
9624 556
9625 267
9626 420
9627 689
9628 659
9629 536
9630 468
9631 828
9632 47
9633 832
9634 269
9635 43
9636 65
9637 498
9638 475
9639 209
9640 337
9641 287
9642 44
9643 259
9644 496
9645 537
9646 722
9647 592
9648 556
9649 598
9650 20
9651 629
9652 505
9653 137
9654 654
9655 355
9656 465
9657 856
9658 89
9659 328
9660 787
9661 166
9662 688
9663 54
9664 278
9665 175
9666 471
9667 322
9668 567
9669 225
9670 462
9671 348
9672 99
9673 343
9674 100
9675 166
9676 362
9677 271
9678 324
9679 696
9680 671
9681 97
9682 748
9683 294
9684 433
9685 146
9686 309
9687 536
9688 815
9689 535
9690 1
9691 499
9692 68
9693 389
9694 282
9695 630
9696 567
9697 233
9698 243
9699 618
9700 535
9701 360
9702 598
9703 12
9704 182
9705 803
9706 607
9707 577
9708 834
9709 602
9710 359
9711 597
9712 529
9713 495
9714 201
9715 345
9716 696
9717 168
9718 131
9719 452
9720 350
9721 200
9722 149
9723 210
9724 321
9725 355
9726 412
9727 149
9728 115
9729 172
9730 83
9731 519
9732 41
9733 577
9734 728
9735 240
9736 71
9737 598
9738 182
9739 679
9740 818
9741 480
9742 128
9743 90
9744 538
9745 240
9746 679
9747 300
9748 246
9749 101
9750 206
9751 806
9752 361
9753 652
9754 554
9755 233
9756 707
9757 377
9758 116
9759 527
9760 199
9761 450
9762 254
9763 250
9764 593
9765 655
9766 281
9767 329
9768 21
9769 71
9770 670
9771 527
9772 266
9773 247
9774 50
9775 639
9776 375
9777 48
9778 807
9779 565
9780 559
9781 371
9782 246
9783 844
9784 365
9785 318
9786 485
9787 841
9788 338
9789 121
9790 338
9791 413
9792 334
9793 786
9794 588
9795 602
9796 400
9797 222
9798 439
9799 260
9800 861
9801 591
9802 79
9803 136
9804 59
9805 211
9806 107
9807 582
9808 726
9809 182
9810 711
9811 687
9812 718
9813 267
9814 623
9815 199
9816 373
9817 853
9818 851
9819 322
9820 745
9821 628
9822 452
9823 762
9824 262
9825 464
9826 760
9827 49
9828 825
9829 415
9830 235
9831 361
9832 826
9833 662
9834 618
9835 625
9836 46
9837 4
9838 271
9839 110
9840 118
9841 733
9842 548
9843 60
9844 337
9845 302
9846 749
9847 361
9848 14
9849 250
9850 367
9851 1
9852 176
9853 696
9854 52
9855 236
9856 141
9857 77
9858 585
9859 627
9860 475
9861 196
9862 619
9863 698
9864 432
9865 130
9866 0
9867 58
9868 484
9869 60
9870 537
9871 826
9872 238
9873 821
9874 475
9875 121
9876 347
9877 383
9878 348
9879 551
9880 488
9881 591
9882 858
9883 67
9884 189
9885 101
9886 668
9887 56
9888 95
9889 93
9890 233
9891 199
9892 716
9893 68
9894 448
9895 385
9896 50
9897 168
9898 598
9899 825
9900 433
9901 455
9902 793
9903 835
9904 818
9905 539
9906 229
9907 259
9908 186
9909 308
9910 792
9911 664
9912 211
9913 335
9914 26
9915 531
9916 701
9917 391
9918 628
9919 537
9920 477
9921 835
9922 373
9923 847
9924 572
9925 509
9926 331
9927 827
9928 305
9929 749
9930 488
9931 417
9932 794
9933 505
9934 173
9935 519
9936 180
9937 262
9938 343
9939 716
9940 851
9941 406
9942 784
9943 858
9944 636
9945 428
9946 260
9947 9
9948 284
9949 605
9950 822
9951 101
9952 261
9953 674
9954 555
9955 9
9956 318
9957 421
9958 60
9959 537
9960 370
9961 150
9962 361
9963 196
9964 217
9965 97
9966 143
9967 570
9968 574
9969 75
9970 107
9971 642
9972 114
9973 728
9974 416
9975 203
9976 608
9977 640
9978 173
9979 494
9980 846
9981 513
9982 610
9983 824
9984 179
9985 173
9986 829
9987 330
9988 650
9989 781
9990 742
9991 24
9992 209
9993 638
9994 286
9995 217
9996 175
9997 55
9998 211
9999 92
10000 53
10001 235
10002 510
10003 145
10004 673
10005 217
10006 764
10007 173
10008 350
10009 511
10010 548
10011 641
10012 377
10013 692
10014 32
10015 710
10016 577
10017 51
10018 105
10019 330
10020 362
10021 535
10022 839
10023 670
10024 622
10025 518
10026 330
10027 7
10028 738
10029 643
10030 700
10031 319
10032 12
10033 628
10034 813
10035 26
10036 317
10037 85
10038 600
10039 630
10040 123
10041 669
10042 537
10043 212
10044 248
10045 487
10046 675
10047 726
10048 515
10049 23
10050 393
10051 32
10052 853
10053 306
10054 26
10055 329
10056 232
10057 802
10058 101
10059 259
10060 477
10061 517
10062 836
10063 459
10064 318
10065 414
10066 56
10067 686
10068 0
10069 147
10070 829
10071 834
10072 161
10073 644
10074 718
10075 490
10076 692
10077 329
10078 738
10079 232
10080 837
10081 499
10082 771
10083 505
10084 12
10085 397
10086 370
10087 197
10088 258
10089 703
10090 731
10091 710
10092 675
10093 82
10094 521
10095 570
10096 248
10097 359
10098 819
10099 78
10100 798
10101 414
10102 65
10103 155
10104 213
10105 21
10106 34
10107 396
10108 286
10109 619
10110 396
10111 33
10112 107
10113 221
10114 352
10115 812
10116 180
10117 828
10118 68
10119 88
10120 82
10121 714
10122 491
10123 816
10124 160
10125 0
10126 410
10127 317
10128 346
10129 423
10130 48
10131 448
10132 105
10133 123
10134 670
10135 615
10136 849
10137 781
10138 787
10139 698
10140 530
10141 778
10142 576
10143 256
10144 26
10145 424
10146 139
10147 287
10148 482
10149 256
10150 80
10151 276
10152 569
10153 776
10154 46
10155 226
10156 535
10157 583
10158 804
10159 642
10160 62
10161 416
10162 484
10163 351
10164 163
10165 23
10166 391
10167 857
10168 701
10169 6
10170 377
10171 50
10172 551
10173 814
10174 27
10175 506
10176 366
10177 630
10178 641
10179 681
10180 197
10181 353
10182 32
10183 20
10184 336
10185 394
10186 457
10187 779
10188 688
10189 323
10190 250
10191 299
10192 825
10193 379
10194 669
10195 697
10196 251
10197 743
10198 21
10199 506
10200 828
10201 64
10202 576
10203 337
10204 37
10205 6
10206 512
10207 343
10208 387
10209 779
10210 203
10211 158
10212 165
10213 99
10214 85
10215 210
10216 835
10217 397
10218 196
10219 121
10220 487
10221 836
10222 100
10223 62
10224 324
10225 851
10226 645
10227 150
10228 651
10229 140
10230 261
10231 715
10232 372
10233 239
10234 269
10235 640
10236 334
10237 362
10238 857
10239 114
10240 183
10241 686
10242 262
10243 195
10244 85
10245 610
10246 604
10247 169
10248 76
10249 90
10250 49
10251 243
10252 322
10253 121
10254 321
10255 479
10256 293
10257 293
10258 511
10259 531
10260 23
10261 385
10262 413
10263 490
10264 36
10265 266
10266 744
10267 580
10268 180
10269 713
10270 321
10271 43
10272 163
10273 507
10274 312
10275 213
10276 327
10277 679
10278 350
10279 693
10280 107
10281 391
10282 416
10283 518
10284 644
10285 180
10286 603
10287 484
10288 724
10289 444
10290 689
10291 507
10292 348
10293 302
10294 657
10295 778
10296 804
10297 93
10298 226
10299 688
10300 496
10301 172
10302 749
10303 816
10304 410
10305 106
10306 256
10307 272
10308 471
10309 372
10310 638
10311 48
10312 693
10313 722
10314 260
10315 814
10316 824
10317 606
10318 759
10319 55
10320 55
10321 4
10322 591
10323 234
10324 739
10325 479
10326 354
10327 815
10328 281
10329 711
10330 92
10331 71
10332 186
10333 507
10334 438
10335 188
10336 358
10337 236
10338 853
10339 576
10340 301
10341 548
10342 88
10343 34
10344 526
10345 687
10346 576
10347 831
10348 622
10349 499
10350 800
10351 442
10352 377
10353 480
10354 816
10355 577
10356 749
10357 616
10358 304
10359 506
10360 130
10361 371
10362 46
10363 286
10364 696
10365 266
10366 738
10367 239
10368 725
10369 120
10370 257
10371 340
10372 792
10373 529
10374 735
10375 786
10376 404
10377 632
10378 741
10379 100
10380 238
10381 413
10382 241
10383 781
10384 506
10385 50
10386 575
10387 328
10388 397
10389 661
10390 654
10391 715
10392 435
10393 336
10394 701
10395 211
10396 161
10397 826
10398 97
10399 109
10400 173
10401 335
10402 714
10403 713
10404 145
10405 290
10406 270
10407 471
10408 769
10409 155
10410 308
10411 66
10412 77
10413 304
10414 347
10415 826
10416 838
10417 687
10418 332
10419 755
10420 122
10421 729
10422 211
10423 5
10424 661
10425 828
10426 291
10427 519
10428 421
10429 623
10430 425
10431 585
10432 766
10433 344
10434 107
10435 55
10436 598
10437 505
10438 657
10439 278
10440 579
10441 117
10442 333
10443 561
10444 445
10445 99
10446 68
10447 671
10448 158
10449 728
10450 442
10451 46
10452 99
10453 464
10454 685
10455 138
10456 402
10457 509
10458 465
10459 266
10460 759
10461 340
10462 291
10463 376
10464 226
10465 455
10466 74
10467 596
10468 233
10469 823
10470 312
10471 605
10472 509
10473 539
10474 447
10475 605
10476 250
10477 366
10478 414
10479 470
10480 79
10481 757
10482 513
10483 828
10484 373
10485 309
10486 399
10487 815
10488 36
10489 569
10490 50
10491 455
10492 718
10493 417
10494 210
10495 237
10496 97
10497 707
10498 308
10499 115
10500 76
10501 510
10502 5
10503 333
10504 65
10505 442
10506 178
10507 457
10508 372
10509 491
10510 192
10511 257
10512 618
10513 368
10514 834
10515 385
10516 803
10517 205
10518 699
10519 248
10520 583
10521 613
10522 710
10523 573
10524 97
10525 205
10526 708
10527 781
10528 330
10529 686
10530 146
10531 142
10532 344
10533 246
10534 90
10535 713
10536 387
10537 423
10538 556
10539 321
10540 532
10541 659
10542 664
10543 312
10544 424
10545 197
10546 39
10547 144
10548 472
10549 346
10550 762
10551 71
10552 141
10553 722
10554 815
10555 411
10556 371
10557 684
10558 778
10559 165
10560 674
10561 452
10562 606
10563 801
10564 131
10565 222
10566 209
10567 283
10568 344
10569 281
10570 367
10571 826
10572 582
10573 813
10574 708
10575 699
10576 428
10577 490
10578 121
10579 151
10580 244
10581 588
10582 649
10583 609
10584 331
10585 389
10586 858
10587 114
10588 329
10589 226
10590 361
10591 113
10592 513
10593 822
10594 816
10595 584
10596 85
10597 730
10598 482
10599 341
10600 615
10601 380
10602 468
10603 240
10604 537
10605 52
10606 855
10607 53
10608 110
10609 822
10610 435
10611 385
10612 831
10613 408
10614 175
10615 34
10616 294
10617 686
10618 677
10619 701
10620 337
10621 570
10622 592
10623 89
10624 138
10625 810
10626 848
10627 747
10628 266
10629 186
10630 154
10631 141
10632 678
10633 711
10634 416
10635 74
10636 504
10637 832
10638 172
10639 183
10640 0
10641 821
10642 131
10643 327
10644 27
10645 488
10646 114
10647 389
10648 408
10649 252
10650 746
10651 55
10652 429
10653 299
10654 176
10655 741
10656 229
10657 776
10658 404
10659 641
10660 355
10661 482
10662 387
10663 422
10664 673
10665 240
10666 721
10667 249
10668 802
10669 751
10670 545
10671 57
10672 188
10673 76
10674 385
10675 117
10676 222
10677 78
10678 50
10679 424
10680 374
10681 274
10682 655
10683 414
10684 675
10685 181
10686 116
10687 821
10688 472
10689 743
10690 858
10691 186
10692 786
10693 834
10694 463
10695 259
10696 846
10697 208
10698 370
10699 630
10700 534
10701 46
10702 47
10703 151
10704 742
10705 176
10706 208
10707 450
10708 853
10709 858
10710 464
10711 636
10712 847
10713 687
10714 839
10715 573
10716 428
10717 685
10718 693
10719 259
10720 480
10721 406
10722 822
10723 356
10724 663
10725 82
10726 420
10727 224
10728 56
10729 328
10730 19
10731 657
10732 281
10733 804
10734 691
10735 322
10736 410
10737 211
10738 841
10739 570
10740 341
10741 191
10742 6
10743 786
10744 778
10745 585
10746 352
10747 358
10748 704
10749 252
10750 140
10751 225
10752 293
10753 394
10754 97
10755 333
10756 340
10757 59
10758 329
10759 226
10760 89
10761 221
10762 284
10763 485
10764 696
10765 158
10766 161
10767 482
10768 699
10769 60
10770 844
10771 716
10772 368
10773 583
10774 186
10775 358
10776 640
10777 109
10778 600
10779 427
10780 71
10781 369
10782 5
10783 271
10784 673
10785 499
10786 255
10787 537
10788 101
10789 468
10790 412
10791 196
10792 548
10793 804
10794 97
10795 628
10796 839
10797 285
10798 106
10799 196
10800 173
10801 424
10802 740
10803 689
10804 155
10805 201
10806 679
10807 283
10808 423
10809 772
10810 176
10811 23
10812 551
10813 6
10814 270
10815 591
10816 679
10817 257
10818 334
10819 120
10820 628
10821 832
10822 736
10823 684
10824 51
10825 192
10826 539
10827 548
10828 151
10829 332
10830 55
10831 489
10832 383
10833 722
10834 657
10835 711
10836 389
10837 374
10838 299
10839 684
10840 195
10841 345
10842 487
10843 416
10844 224
10845 840
10846 854
10847 651
10848 572
10849 387
10850 433
10851 42
10852 173
10853 854
10854 334
10855 55
10856 217
10857 190
10858 314
10859 427
10860 155
10861 417
10862 376
10863 393
10864 420
10865 77
10866 116
10867 47
10868 596
10869 503
10870 785
10871 835
10872 708
10873 206
10874 139
10875 463
10876 739
10877 85
10878 337
10879 463
10880 741
10881 393
10882 106
10883 269
10884 416
10885 73
10886 29
10887 354
10888 768
10889 371
10890 18
10891 523
10892 792
10893 737
10894 192
10895 66
10896 447
10897 377
10898 93
10899 344
10900 823
10901 181
10902 196
10903 537
10904 141
10905 251
10906 654
10907 158
10908 321
10909 256
10910 39
10911 37
10912 273
10913 45
10914 42
10915 24
10916 748
10917 23
10918 139
10919 334
10920 821
10921 699
10922 248
10923 853
10924 765
10925 845
10926 718
10927 33
10928 93
10929 224
10930 675
10931 578
10932 272
10933 186
10934 112
10935 823
10936 80
10937 90
10938 721
10939 252
10940 89
10941 565
10942 689
10943 477
10944 188
10945 234
10946 278
10947 643
10948 685
10949 5
10950 445
10951 152
10952 829
10953 305
10954 100
10955 25
10956 504
10957 260
10958 25
10959 2
10960 155
10961 800
10962 536
10963 706
10964 236
10965 322
10966 159
10967 425
10968 218
10969 273
10970 770
10971 317
10972 785
10973 142
10974 536
10975 363
10976 7
10977 367
10978 146
10979 337
10980 54
10981 266
10982 794
10983 698
10984 820
10985 366
10986 418
10987 825
10988 141
10989 31
10990 438
10991 383
10992 450
10993 163
10994 638
10995 580
10996 479
10997 654
10998 250
10999 629
11000 411
11001 560
11002 17
11003 442
11004 163
11005 57
11006 496
11007 580
11008 762
11009 622
11010 262
11011 740
11012 801
11013 235
11014 226
11015 128
11016 676
11017 450
11018 1
11019 666
11020 48
11021 20
11022 820
11023 248
11024 543
11025 762
11026 654
11027 156
11028 840
11029 454
11030 53
11031 797
11032 50
11033 143
11034 250
11035 805
11036 370
11037 291
11038 643
11039 753
11040 25
11041 145
11042 327
11043 702
11044 518
11045 333
11046 355
11047 186
11048 643
11049 583
11050 643
11051 404
11052 820
11053 245
11054 612
11055 662
11056 6
11057 588
11058 59
11059 812
11060 71
11061 284
11062 52
11063 639
11064 151
11065 628
11066 374
11067 122
11068 229
11069 475
11070 848
11071 301
11072 301
11073 777
11074 3
11075 189
11076 113
11077 152
11078 371
11079 822
11080 537
11081 498
11082 354
11083 730
11084 538
11085 496
11086 93
11087 740
11088 800
11089 617
11090 457
11091 714
11092 645
11093 316
11094 617
11095 510
11096 742
11097 385
11098 627
11099 271
11100 147
11101 491
11102 661
11103 233
11104 828
11105 363
11106 638
11107 93
11108 641
11109 409
11110 665
11111 674
11112 665
11113 438
11114 74
11115 122
11116 488
11117 260
11118 146
11119 855
11120 416
11121 276
11122 245
11123 37
11124 501
11125 70
11126 127
11127 572
11128 423
11129 722
11130 293
11131 285
11132 13
11133 745
11134 228
11135 846
11136 188
11137 243
11138 19
11139 251
11140 477
11141 858
11142 681
11143 724
11144 27
11145 531
11146 535
11147 818
11148 429
11149 739
11150 355
11151 18
11152 51
11153 620
11154 246
11155 654
11156 250
11157 252
11158 425
11159 477
11160 85
11161 746
11162 649
11163 554
11164 331
11165 109
11166 400
11167 604
11168 687
11169 774
11170 592
11171 347
11172 638
11173 285
11174 52
11175 568
11176 839
11177 424
11178 1
11179 106
11180 784
11181 728
11182 597
11183 497
11184 793
11185 21
11186 770
11187 725
11188 841
11189 46
11190 241
11191 181
11192 411
11193 642
11194 801
11195 88
11196 499
11197 263
11198 348
11199 74
11200 397
11201 21
11202 154
11203 827
11204 324
11205 510
11206 337
11207 262
11208 742
11209 7
11210 351
11211 78
11212 667
11213 765
11214 172
11215 156
11216 413
11217 398
11218 201
11219 372
11220 806
11221 519
11222 690
11223 812
11224 11
11225 577
11226 265
11227 254
11228 352
11229 639
11230 51
11231 654
11232 520
11233 757
11234 609
11235 619
11236 141
11237 453
11238 776
11239 335
11240 726
11241 482
11242 341
11243 617
11244 218
11245 501
11246 213
11247 427
11248 14
11249 57
11250 406
11251 160
11252 500
11253 801
11254 583
11255 816
11256 435
11257 808
11258 638
11259 359
11260 196
11261 110
11262 402
11263 496
11264 811
11265 826
11266 486
11267 631
11268 283
11269 370
11270 333
11271 520
11272 737
11273 829
11274 333
11275 512
11276 144
11277 100
11278 607
11279 218
11280 163
11281 108
11282 97
11283 587
11284 781
11285 388
11286 329
11287 435
11288 765
11289 551
11290 480
11291 743
11292 733
11293 369
11294 591
11295 850
11296 7
11297 248
11298 266
11299 443
11300 776
11301 686
11302 539
11303 163
11304 140
11305 847
11306 427
11307 607
11308 230
11309 853
11310 249
11311 17
11312 616
11313 67
11314 347
11315 336
11316 159
11317 244
11318 371
11319 848
11320 193
11321 628
11322 100
11323 619
11324 824
11325 362
11326 108
11327 652
11328 630
11329 158
11330 827
11331 634
11332 355
11333 283
11334 78
11335 759
11336 154
11337 204
11338 659
11339 484
11340 813
11341 679
11342 512
11343 67
11344 380
11345 488
11346 575
11347 199
11348 100
11349 266
11350 816
11351 212
11352 667
11353 41
11354 529
11355 455
11356 759
11357 101
11358 651
11359 202
11360 807
11361 588
11362 85
11363 391
11364 273
11365 547
11366 92
11367 849
11368 798
11369 512
11370 477
11371 486
11372 756
11373 565
11374 572
11375 229
11376 147
11377 477
11378 397
11379 113
11380 824
11381 437
11382 579
11383 735
11384 641
11385 226
11386 462
11387 445
11388 158
11389 479
11390 247
11391 38
11392 193
11393 697
11394 775
11395 254
11396 447
11397 46
11398 169
11399 59
11400 491
11401 448
11402 89
11403 673
11404 858
11405 51
11406 769
11407 770
11408 260
11409 523
11410 48
11411 587
11412 308
11413 234
11414 254
11415 745
11416 420
11417 429
11418 237
11419 714
11420 316
11421 693
11422 711
11423 395
11424 740
11425 27
11426 771
11427 208
11428 680
11429 758
11430 147
11431 511
11432 396
11433 312
11434 728
11435 18
11436 488
11437 822
11438 710
11439 444
11440 760
11441 655
11442 748
11443 499
11444 753
11445 825
11446 428
11447 861
11448 335
11449 338
11450 163
11451 307
11452 769
11453 324
11454 670
11455 138
11456 326
11457 543
11458 200
11459 683
11460 314
11461 302
11462 59
11463 836
11464 815
11465 721
11466 63
11467 173
11468 631
11469 383
11470 525
11471 485
11472 754
11473 537
11474 697
11475 657
11476 30
11477 574
11478 681
11479 711
11480 677
11481 608
11482 52
11483 202
11484 363
11485 663
11486 697
11487 625
11488 599
11489 496
11490 466
11491 234
11492 505
11493 450
11494 489
11495 578
11496 151
11497 631
11498 229
11499 236
11500 464
11501 220
11502 615
11503 576
11504 532
11505 458
11506 479
11507 340
11508 383
11509 840
11510 670
11511 512
11512 385
11513 282
11514 737
11515 415
11516 379
11517 445
11518 510
11519 330
11520 134
11521 345
11522 356
11523 438
11524 655
11525 634
11526 54
11527 230
11528 812
11529 85
11530 634
11531 111
11532 722
11533 701
11534 463
11535 463
11536 561
11537 616
11538 736
11539 511
11540 703
11541 518
11542 687
11543 792
11544 596
11545 845
11546 638
11547 680
11548 500
11549 521
11550 543
11551 327
11552 228
11553 213
11554 772
11555 650
11556 667
11557 822
11558 527
11559 6
11560 843
11561 285
11562 503
11563 438
11564 413
11565 841
11566 498
11567 750
11568 467
11569 823
11570 409
11571 272
11572 645
11573 631
11574 526
11575 284
11576 410
11577 532
11578 464
11579 667
11580 744
11581 252
11582 312
11583 299
11584 95
11585 507
11586 552
11587 400
11588 2
11589 254
11590 36
11591 652
11592 778
11593 375
11594 154
11595 425
11596 625
11597 708
11598 696
11599 673
11600 126
11601 458
11602 225
11603 45
11604 133
11605 479
11606 368
11607 358
11608 597
11609 808
11610 466
11611 668
11612 143
11613 548
11614 342
11615 160
11616 407
11617 452
11618 2
11619 4
11620 559
11621 633
11622 503
11623 32
11624 703
11625 451
11626 482
11627 465
11628 482
11629 625
11630 249
11631 530
11632 471
11633 836
11634 817
11635 123
11636 462
11637 154
11638 766
11639 538
11640 159
11641 243
11642 487
11643 201
11644 48
11645 584
11646 241
11647 460
11648 634
11649 674
11650 715
11651 858
11652 370
11653 495
11654 228
11655 178
11656 512
11657 243
11658 465
11659 435
11660 778
11661 74
11662 256
11663 556
11664 518
11665 427
11666 512
11667 361
11668 513
11669 632
11670 198
11671 131
11672 409
11673 133
11674 362
11675 785
11676 106
11677 536
11678 644
11679 400
11680 414
11681 577
11682 291
11683 557
11684 336
11685 463
11686 848
11687 263
11688 163
11689 241
11690 668
11691 137
11692 829
11693 172
11694 230
11695 778
11696 466
11697 659
11698 526
11699 823
11700 140
11701 318
11702 507
11703 148
11704 285
11705 43
11706 506
11707 377
11708 822
11709 106
11710 111
11711 794
11712 847
11713 606
11714 276
11715 487
11716 328
11717 484
11718 529
11719 805
11720 421
11721 577
11722 468
11723 494
11724 498
11725 857
11726 361
11727 446
11728 134
11729 445
11730 397
11731 851
11732 657
11733 733
11734 111
11735 231
11736 503
11737 156
11738 83
11739 75
11740 518
11741 501
11742 794
11743 699
11744 415
11745 244
11746 613
11747 802
11748 825
11749 239
11750 681
11751 251
11752 138
11753 416
11754 453
11755 156
11756 496
11757 671
11758 515
11759 152
11760 110
11761 384
11762 49
11763 444
11764 787
11765 787
11766 532
11767 827
11768 373
11769 450
11770 619
11771 695
11772 68
11773 67
11774 711
11775 57
11776 167
11777 284
11778 470
11779 85
11780 245
11781 668
11782 39
11783 154
11784 834
11785 861
11786 265
11787 661
11788 163
11789 843
11790 824
11791 721
11792 678
11793 192
11794 676
11795 398
11796 496
11797 506
11798 505
11799 691
11800 482
11801 134
11802 823
11803 397
11804 50
11805 212
11806 818
11807 283
11808 51
11809 206
11810 545
11811 821
11812 618
11813 702
11814 241
11815 730
11816 82
11817 823
11818 211
11819 850
11820 108
11821 395
11822 607
11823 448
11824 775
11825 212
11826 829
11827 82
11828 393
11829 410
11830 345
11831 620
11832 231
11833 206
11834 205
11835 699
11836 512
11837 203
11838 135
11839 811
11840 10
11841 49
11842 351
11843 587
11844 484
11845 54
11846 572
11847 202
11848 141
11849 536
11850 350
11851 806
11852 681
11853 372
11854 525
11855 232
11856 383
11857 472
11858 470
11859 10
11860 759
11861 666
11862 768
11863 146
11864 536
11865 523
11866 679
11867 347
11868 414
11869 383
11870 530
11871 826
11872 246
11873 801
11874 818
11875 812
11876 206
11877 856
11878 143
11879 573
11880 57
11881 800
11882 507
11883 749
11884 436
11885 175
11886 48
11887 92
11888 758
11889 156
11890 362
11891 203
11892 598
11893 222
11894 673
11895 262
11896 418
11897 133
11898 772
11899 413
11900 778
11901 655
11902 44
11903 680
11904 462
11905 319
11906 226
11907 722
11908 221
11909 60
11910 252
11911 398
11912 687
11913 126
11914 836
11915 444
11916 847
11917 724
11918 41
11919 50
11920 725
11921 278
11922 243
11923 523
11924 640
11925 735
11926 825
11927 90
11928 3
11929 355
11930 287
11931 596
11932 755
11933 72
11934 498
11935 305
11936 60
11937 681
11938 247
11939 354
11940 699
11941 602
11942 285
11943 192
11944 247
11945 108
11946 698
11947 411
11948 680
11949 580
11950 704
11951 40
11952 815
11953 662
11954 758
11955 154
11956 511
11957 36
11958 241
11959 721
11960 383
11961 62
11962 535
11963 428
11964 420
11965 751
11966 575
11967 473
11968 804
11969 443
11970 627
11971 14
11972 861
11973 414
11974 667
11975 374
11976 156
11977 671
11978 198
11979 506
11980 688
11981 819
11982 398
11983 344
11984 146
11985 678
11986 146
11987 42
11988 189
11989 267
11990 573
11991 413
11992 526
11993 484
11994 246
11995 374
11996 361
11997 416
11998 809
11999 163
12000 766
12001 711
12002 193
12003 831
12004 468
12005 812
12006 239
12007 519
12008 639
12009 599
12010 674
12011 692
12012 395
12013 477
12014 509
12015 545
12016 779
12017 2
12018 406
12019 509
12020 664
12021 354
12022 842
12023 269
12024 307
12025 191
12026 360
12027 179
12028 70
12029 111
12030 278
12031 165
12032 538
12033 504
12034 592
12035 337
12036 634
12037 182
12038 105
12039 805
12040 93
12041 526
12042 185
12043 747
12044 688
12045 376
12046 256
12047 417
12048 504
12049 33
12050 814
12051 535
12052 838
12053 815
12054 46
12055 222
12056 211
12057 827
12058 787
12059 649
12060 551
12061 464
12062 368
12063 615
12064 678
12065 25
12066 604
12067 784
12068 295
12069 149
12070 295
12071 418
12072 407
12073 409
12074 634
12075 699
12076 766
12077 97
12078 794
12079 402
12080 102
12081 373
12082 775
12083 262
12084 825
12085 796
12086 13
12087 234
12088 609
12089 232
12090 212
12091 641
12092 835
12093 837
12094 5
12095 246
12096 258
12097 295
12098 561
12099 156
12100 848
12101 654
12102 5
12103 274
12104 521
12105 83
12106 199
12107 309
12108 671
12109 302
12110 752
12111 772
12112 859
12113 859
12114 526
12115 796
12116 763
12117 317
12118 337
12119 480
12120 316
12121 40
12122 800
12123 526
12124 778
12125 803
12126 657
12127 652
12128 32
12129 752
12130 692
12131 350
12132 847
12133 757
12134 271
12135 726
12136 282
12137 858
12138 702
12139 847
12140 47
12141 205
12142 207
12143 511
12144 603
12145 527
12146 444
12147 778
12148 673
12149 457
12150 152
12151 814
12152 123
12153 450
12154 39
12155 840
12156 59
12157 695
12158 578
12159 529
12160 587
12161 538
12162 495
12163 684
12164 52
12165 229
12166 414
12167 722
12168 220
12169 600
12170 749
12171 318
12172 827
12173 139
12174 639
12175 54
12176 677
12177 468
12178 518
12179 839
12180 507
12181 843
12182 690
12183 331
12184 323
12185 633
12186 234
12187 75
12188 388
12189 447
12190 493
12191 511
12192 118
12193 246
12194 627
12195 83
12196 815
12197 114
12198 363
12199 115
12200 439
12201 577
12202 724
12203 708
12204 185
12205 821
12206 366
12207 841
12208 857
12209 439
12210 195
12211 588
12212 226
12213 101
12214 344
12215 348
12216 800
12217 369
12218 106
12219 324
12220 653
12221 839
12222 632
12223 395
12224 262
12225 667
12226 335
12227 666
12228 714
12229 387
12230 178
12231 141
12232 176
12233 543
12234 477
12235 120
12236 56
12237 666
12238 771
12239 664
12240 778
12241 818
12242 511
12243 537
12244 534
12245 499
12246 498
12247 745
12248 806
12249 191
12250 815
12251 413
12252 780
12253 472
12254 593
12255 100
12256 654
12257 211
12258 141
12259 653
12260 450
12261 845
12262 672
12263 230
12264 34
12265 359
12266 756
12267 40
12268 526
12269 38
12270 355
12271 350
12272 1
12273 484
12274 716
12275 663
12276 173
12277 370
12278 805
12279 794
12280 592
12281 243
12282 118
12283 422
12284 57
12285 398
12286 452
12287 735
12288 139
12289 151
12290 88
12291 720
12292 262
12293 772
12294 5
12295 573
12296 185
12297 59
12298 162
12299 786
12300 24
12301 539
12302 477
12303 750
12304 414
12305 835
12306 623
12307 756
12308 236
12309 433
12310 97
12311 839
12312 730
12313 506
12314 252
12315 85
12316 529
12317 839
12318 745
12319 696
12320 844
12321 451
12322 543
12323 617
12324 479
12325 495
12326 770
12327 781
12328 817
12329 423
12330 801
12331 265
12332 443
12333 333
12334 203
12335 411
12336 801
12337 657
12338 212
12339 740
12340 380
12341 674
12342 294
12343 677
12344 846
12345 56
12346 654
12347 168
12348 735
12349 832
12350 716
12351 513
12352 429
12353 228
12354 266
12355 138
12356 829
12357 346
12358 615
12359 13
12360 294
12361 629
12362 848
12363 358
12364 104
12365 42
12366 196
12367 636
12368 842
12369 354
12370 327
12371 359
12372 763
12373 698
12374 222
12375 380
12376 854
12377 179
12378 511
12379 829
12380 213
12381 352
12382 80
12383 644
12384 288
12385 657
12386 290
12387 823
12388 333
12389 375
12390 169
12391 692
12392 111
12393 168
12394 117
12395 701
12396 498
12397 465
12398 605
12399 607
12400 63
12401 715
12402 700
12403 428
12404 812
12405 179
12406 74
12407 845
12408 112
12409 839
12410 399
12411 424
12412 640
12413 336
12414 198
12415 690
12416 466
12417 718
12418 677
12419 537
12420 659
12421 819
12422 439
12423 301
12424 384
12425 126
12426 411
12427 463
12428 122
12429 151
12430 602
12431 829
12432 724
12433 615
12434 409
12435 639
12436 49
12437 145
12438 1
12439 706
12440 186
12441 538
12442 118
12443 210
12444 797
12445 402
12446 414
12447 536
12448 603
12449 803
12450 191
12451 80
12452 212
12453 733
12454 233
12455 196
12456 204
12457 38
12458 424
12459 572
12460 754
12461 329
12462 205
12463 51
12464 327
12465 731
12466 285
12467 832
12468 89
12469 560
12470 355
12471 585
12472 254
12473 144
12474 623
12475 26
12476 398
12477 410
12478 56
12479 80
12480 826
12481 702
12482 406
12483 25
12484 813
12485 654
12486 175
12487 389
12488 213
12489 97
12490 716
12491 52
12492 402
12493 458
12494 750
12495 572
12496 316
12497 728
12498 283
12499 286
12500 689
12501 254
12502 222
12503 775
12504 175
12505 668
12506 234
12507 672
12508 118
12509 335
12510 655
12511 293
12512 416
12513 576
12514 511
12515 421
12516 24
12517 645
12518 687
12519 787
12520 678
12521 411
12522 537
12523 444
12524 136
12525 730
12526 445
12527 725
12528 117
12529 859
12530 50
12531 499
12532 244
12533 66
12534 159
12535 352
12536 765
12537 371
12538 495
12539 495
12540 789
12541 335
12542 138
12543 229
12544 683
12545 467
12546 258
12547 217
12548 518
12549 597
12550 259
12551 375
12552 10
12553 147
12554 692
12555 509
12556 506
12557 74
12558 729
12559 201
12560 754
12561 603
12562 769
12563 839
12564 268
12565 143
12566 202
12567 421
12568 19
12569 203
12570 81
12571 245
12572 451
12573 677
12574 33
12575 202
12576 322
12577 782
12578 37
12579 251
12580 152
12581 265
12582 842
12583 653
12584 818
12585 300
12586 398
12587 687
12588 527
12589 623
12590 117
12591 341
12592 114
12593 418
12594 627
12595 627
12596 29
12597 652
12598 60
12599 252
12600 703
12601 208
12602 775
12603 266
12604 812
12605 191
12606 697
12607 121
12608 319
12609 436
12610 85
12611 46
12612 605
12613 374
12614 823
12615 410
12616 814
12617 350
12618 757
12619 258
12620 655
12621 721
12622 559
12623 687
12624 475
12625 40
12626 122
12627 337
12628 211
12629 89
12630 373
12631 610
12632 661
12633 608
12634 95
12635 148
12636 578
12637 52
12638 654
12639 718
12640 778
12641 306
12642 668
12643 681
12644 192
12645 237
12646 829
12647 127
12648 358
12649 53
12650 677
12651 306
12652 855
12653 450
12654 779
12655 693
12656 832
12657 236
12658 674
12659 189
12660 355
12661 825
12662 766
12663 416
12664 252
12665 388
12666 832
12667 743
12668 49
12669 371
12670 133
12671 404
12672 525
12673 236
12674 295
12675 393
12676 640
12677 673
12678 792
12679 13
12680 568
12681 289
12682 680
12683 183
12684 808
12685 462
12686 58
12687 828
12688 375
12689 418
12690 334
12691 499
12692 115
12693 463
12694 769
12695 281
12696 40
12697 226
12698 427
12699 81
12700 841
12701 803
12702 673
12703 317
12704 654
12705 818
12706 52
12707 639
12708 836
12709 254
12710 201
12711 121
12712 285
12713 820
12714 104
12715 358
12716 138
12717 464
12718 118
12719 506
12720 681
12721 355
12722 815
12723 261
12724 477
12725 200
12726 263
12727 336
12728 653
12729 506
12730 622
12731 152
12732 409
12733 67
12734 117
12735 861
12736 42
12737 411
12738 743
12739 240
12740 654
12741 474
12742 680
12743 786
12744 30
12745 827
12746 668
12747 634
12748 780
12749 135
12750 196
12751 269
12752 548
12753 329
12754 518
12755 350
12756 197
12757 507
12758 141
12759 831
12760 505
12761 95
12762 618
12763 486
12764 837
12765 598
12766 33
12767 593
12768 182
12769 526
12770 208
12771 288
12772 427
12773 527
12774 500
12775 754
12776 526
12777 754
12778 59
12779 10
12780 604
12781 360
12782 324
12783 206
12784 72
12785 770
12786 358
12787 826
12788 252
12789 749
12790 765
12791 778
12792 348
12793 560
12794 60
12795 424
12796 821
12797 23
12798 775
12799 206
12800 842
12801 632
12802 852
12803 475
12804 398
12805 237
12806 135
12807 77
12808 389
12809 230
12810 53
12811 421
12812 731
12813 1
12814 290
12815 496
12816 412
12817 735
12818 160
12819 231
12820 336
12821 209
12822 666
12823 248
12824 383
12825 843
12826 375
12827 163
12828 851
12829 148
12830 52
12831 53
12832 827
12833 565
12834 829
12835 510
12836 411
12837 838
12838 301
12839 854
12840 260
12841 784
12842 480
12843 645
12844 710
12845 20
12846 487
12847 85
12848 267
12849 4
12850 193
12851 183
12852 433
12853 222
12854 444
12855 257
12856 726
12857 348
12858 322
12859 512
12860 242
12861 344
12862 116
12863 113
12864 314
12865 807
12866 631
12867 676
12868 281
12869 818
12870 134
12871 654
12872 768
12873 738
12874 841
12875 343
12876 489
12877 303
12878 671
12879 389
12880 663
12881 615
12882 58
12883 351
12884 820
12885 406
12886 634
12887 738
12888 204
12889 707
12890 348
12891 779
12892 373
12893 573
12894 38
12895 411
12896 82
12897 151
12898 626
12899 517
12900 358
12901 584
12902 736
12903 755
12904 565
12905 520
12906 92
12907 715
12908 305
12909 654
12910 713
12911 815
12912 504
12913 269
12914 73
12915 339
12916 678
12917 415
12918 193
12919 100
12920 363
12921 710
12922 289
12923 444
12924 458
12925 37
12926 730
12927 796
12928 653
12929 784
12930 289
12931 198
12932 25
12933 731
12934 825
12935 417
12936 458
12937 721
12938 375
12939 818
12940 74
12941 776
12942 95
12943 299
12944 176
12945 782
12946 210
12947 720
12948 711
12949 281
12950 808
12951 668
12952 822
12953 767
12954 210
12955 115
12956 471
12957 394
12958 840
12959 577
12960 679
12961 199
12962 252
12963 626
12964 391
12965 234
12966 470
12967 519
12968 437
12969 24
12970 482
12971 287
12972 113
12973 673
12974 496
12975 147
12976 429
12977 467
12978 24
12979 843
12980 182
12981 211
12982 367
12983 73
12984 439
12985 336
12986 686
12987 20
12988 321
12989 482
12990 814
12991 576
12992 395
12993 118
12994 70
12995 625
12996 582
12997 443
12998 247
12999 700
13000 105
13001 342
13002 673
13003 127
13004 776
13005 742
13006 823
13007 13
13008 651
13009 607
13010 838
13011 114
13012 725
13013 693
13014 824
13015 774
13016 820
13017 385
13018 831
13019 74
13020 807
13021 526
13022 580
13023 3
13024 606
13025 396
13026 459
13027 517
13028 680
13029 700
13030 162
13031 472
13032 60
13033 466
13034 336
13035 757
13036 721
13037 749
13038 828
13039 60
13040 384
13041 800
13042 432
13043 688
13044 191
13045 339
13046 82
13047 146
13048 267
13049 559
13050 551
13051 231
13052 413
13053 678
13054 245
13055 307
13056 835
13057 348
13058 607
13059 613
13060 213
13061 472
13062 256
13063 827
13064 827
13065 809
13066 146
13067 191
13068 172
13069 782
13070 827
13071 273
13072 218
13073 445
13074 203
13075 248
13076 532
13077 451
13078 722
13079 661
13080 336
13081 710
13082 206
13083 618
13084 147
13085 641
13086 348
13087 631
13088 161
13089 146
13090 482
13091 198
13092 485
13093 299
13094 767
13095 89
13096 610
13097 236
13098 107
13099 792
13100 702
13101 772
13102 363
13103 703
13104 433
13105 273
13106 88
13107 207
13108 13
13109 289
13110 681
13111 851
13112 803
13113 351
13114 577
13115 380
13116 141
13117 334
13118 322
13119 489
13120 737
13121 704
13122 472
13123 802
13124 674
13125 127
13126 794
13127 312
13128 206
13129 684
13130 1
13131 850
13132 837
13133 828
13134 464
13135 445
13136 92
13137 696
13138 465
13139 203
13140 48
13141 445
13142 217
13143 552
13144 172
13145 353
13146 20
13147 338
13148 83
13149 495
13150 504
13151 446
13152 480
13153 246
13154 212
13155 853
13156 62
13157 805
13158 681
13159 532
13160 31
13161 178
13162 771
13163 779
13164 343
13165 722
13166 436
13167 803
13168 308
13169 40
13170 318
13171 641
13172 221
13173 2
13174 370
13175 843
13176 188
13177 676
13178 113
13179 568
13180 256
13181 368
13182 828
13183 487
13184 812
13185 201
13186 523
13187 616
13188 733
13189 123
13190 123
13191 124
13192 124
13193 499
13194 497
13195 51
13196 331
13197 497
13198 60
13199 51
13200 51
13201 67
13202 497
13203 331
13204 67
13205 60
13206 299
13207 299
13208 299
13209 60
13210 51
13211 499
13212 497
13213 780
13214 826
13215 288
13216 819
13217 16
13218 348
13219 260
13220 819
13221 782
13222 16
13223 340
13224 340
13225 826
13226 465
13227 780
13228 260
13229 458
13230 458
13231 340
13232 458
13233 826
13234 826
13235 16
13236 819
13237 260
13238 348
13239 288
13240 780
13241 465
13242 782
13243 271
13244 232
13245 489
13246 232
13247 271
13248 362
13249 328
13250 623
13251 362
13252 498
13253 562
13254 498
13255 232
13256 328
13257 562
13258 562
13259 261
13260 328
13261 271
13262 632
13263 489
13264 623
13265 331
13266 562
13267 497
13268 497
13269 657
13270 46
13271 381
13272 341
13273 619
13274 356
13275 247
13276 176
13277 802
13278 644
13279 661
13280 393
13281 325
13282 266
13283 682
13284 611
13285 235
13286 487
13287 304
13288 333
13289 63
13290 194
13291 187
13292 840
13293 365
13294 694
13295 64
13296 138
13297 183
13298 230
13299 350
13300 495
13301 770
13302 825
13303 408
13304 529
13305 58
13306 288
13307 846
13308 273
13309 71
13310 581
13311 762
13312 537
13313 441
13314 41
13315 660
13316 853
13317 715
13318 724
13319 667
13320 255
13321 349
13322 418
13323 314
13324 300
13325 300
13326 713
13327 834
13328 142
13329 241
13330 667
13331 299
13332 441
13333 834
13334 780
13335 830
13336 602
13337 667
13338 393
13339 2
13340 301
13341 80
13342 454
13343 542
13344 63
13345 844
13346 694
13347 686
13348 711
13349 245
13350 255
13351 30
13352 51
13353 784
13354 820
13355 707
13356 682
13357 422
13358 770
13359 371
13360 795
13361 228
13362 329
13363 437
13364 142
13365 498
13366 657
13367 365
13368 726
13369 164
13370 553
13371 2
13372 723
13373 59
13374 408
13375 279
13376 825
13377 469
13378 454
13379 794
13380 679
13381 276
13382 303
13383 342
13384 319
13385 846
13386 789
13387 247
13388 172
13389 820
13390 176
13391 764
13392 731
13393 300
13394 669
13395 381
13396 773
13397 314
13398 326
13399 441
13400 164
13401 680
13402 660
13403 495
13404 427
13405 333
13406 366
13407 302
13408 309
13409 81
13410 576
13411 549
13412 631
13413 22
13414 96
13415 350
13416 526
13417 686
13418 837
13419 49
13420 80
13421 59
13422 228
13423 764
13424 30
13425 46
13426 253
13427 86
13428 723
13429 368
13430 764
13431 30
13432 728
13433 271
13434 547
13435 255
13436 682
13437 422
13438 167
13439 260
13440 834
13441 115
13442 253
13443 292
13444 287
13445 187
13446 616
13447 750
13448 830
13449 669
13450 700
13451 247
13452 740
13453 80
13454 509
13455 781
13456 456
13457 49
13458 19
13459 602
13460 789
13461 239
13462 325
13463 171
13464 260
13465 585
13466 820
13467 172
13468 0
13469 292
13470 669
13471 739
13472 62
13473 264
13474 572
13475 310
13476 494
13477 276
13478 343
13479 39
13480 764
13481 557
13482 726
13483 723
13484 691
13485 271
13486 830
13487 802
13488 349
13489 255
13490 48
13491 40
13492 815
13493 799
13494 737
13495 569
13496 456
13497 715
13498 784
13499 694
13500 586
13501 253
13502 664
13503 284
13504 255
13505 208
13506 380
13507 276
13508 670
13509 707
13510 172
13511 804
13512 31
13513 722
13514 421
13515 536
13516 760
13517 765
13518 25
13519 754
13520 282
13521 780
13522 426
13523 293
13524 731
13525 92
13526 86
13527 741
13528 858
13529 371
13530 310
13531 602
13532 371
13533 49
13534 733
13535 255
13536 501
13537 164
13538 703
13539 221
13540 743
13541 408
13542 713
13543 253
13544 438
13545 746
13546 302
13547 103
13548 623
13549 597
13550 851
13551 623
13552 90
13553 467
13554 736
13555 329
13556 781
13557 51
13558 766
13559 86
13560 553
13561 51
13562 46
13563 241
13564 408
13565 88
13566 520
13567 851
13568 46
13569 733
13570 247
13571 88
13572 460
13573 329
13574 304
13575 63
13576 600
13577 583
13578 768
13579 568
13580 314
13581 590
13582 299
13583 96
13584 441
13585 754
13586 592
13587 842
13588 710
13589 721
13590 738
13591 87
13592 557
13593 518
13594 241
13595 487
13596 600
13597 661
13598 500
13599 301
13600 533
13601 331
13602 460
13603 703
13604 570
13605 497
13606 254
13607 427
13608 844
13609 691
13610 41
13611 557
13612 230
13613 276
13614 235
13615 356
13616 325
13617 314
13618 221
13619 41
13620 684
13621 426
13622 476
13623 45
13624 793
13625 858
13626 844
13627 737
13628 314
13629 252
13630 282
13631 343
13632 808
13633 59
13634 853
13635 834
13636 408
13637 664
13638 234
13639 722
13640 164
13641 495
13642 529
13643 494
13644 613
13645 789
13646 25
13647 502
13648 472
13649 669
13650 669
13651 326
13652 438
13653 9
13654 39
13655 726
13656 842
13657 613
13658 606
13659 816
13660 719
13661 860
13662 522
13663 740
13664 684
13665 694
13666 272
13667 711
13668 549
13669 842
13670 549
13671 494
13672 103
13673 520
13674 660
13675 138
13676 549
13677 726
13678 48
13679 171
13680 472
13681 736
13682 851
13683 781
13684 631
13685 741
13686 58
13687 284
13688 568
13689 695
13690 743
13691 24
13692 283
13693 619
13694 709
13695 502
13696 282
13697 687
13698 116
13699 589
13700 185
13701 260
13702 16
13703 296
13704 547
13705 685
13706 51
13707 438
13708 730
13709 754
13710 47
13711 623
13712 541
13713 555
13714 578
13715 633
13716 715
13717 250
13718 651
13719 418
13720 728
13721 616
13722 167
13723 39
13724 549
13725 715
13726 741
13727 700
13728 707
13729 553
13730 557
13731 16
13732 0
13733 2
13734 51
13735 611
13736 250
13737 48
13738 853
13739 522
13740 549
13741 750
13742 743
13743 844
13744 618
13745 592
13746 495
13747 715
13748 509
13749 641
13750 526
13751 309
13752 254
13753 860
13754 283
13755 773
13756 472
13757 613
13758 548
13759 45
13760 760
13761 719
13762 572
13763 92
13764 791
13765 218
13766 287
13767 548
13768 601
13769 563
13770 613
13771 45
13772 858
13773 371
13774 717
13775 549
13776 854
13777 19
13778 553
13779 441
13780 16
13781 644
13782 51
13783 22
13784 533
13785 47
13786 200
13787 333
13788 80
13789 618
13790 303
13791 553
13792 700
13793 644
13794 331
13795 549
13796 279
13797 501
13798 854
13799 689
13800 651
13801 680
13802 221
13803 804
13804 563
13805 631
13806 568
13807 12
13808 51
13809 715
13810 418
13811 31
13812 330
13813 292
13814 271
13815 333
13816 500
13817 467
13818 51
13819 815
13820 556
13821 422
13822 458
13823 408
13824 686
13825 579
13826 456
13827 485
13828 208
13829 366
13830 458
13831 485
13832 287
13833 421
13834 509
13835 293
13836 524
13837 299
13838 581
13839 581
13840 45
13841 583
13842 591
13843 333
13844 19
13845 460
13846 606
13847 589
13848 167
13849 9
13850 610
13851 555
13852 633
13853 684
13854 784
13855 728
13856 786
13857 808
13858 561
13859 746
13860 549
13861 754
13862 808
13863 476
13864 667
13865 743
13866 685
13867 723
13868 487
13869 282
13870 691
13871 679
13872 187
13873 808
13874 252
13875 319
13876 600
13877 682
13878 52
13879 667
13880 639
13881 485
13882 183
13883 24
13884 623
13885 583
13886 586
13887 703
13888 500
13889 103
13890 682
13891 289
13892 597
13893 738
13894 743
13895 45
13896 691
13897 271
13898 682
13899 556
13900 685
13901 260
13902 632
13903 853
13904 791
13905 518
13906 366
13907 632
13908 289
13909 90
13910 860
13911 846
13912 264
13913 585
13914 747
13915 639
13916 12
13917 717
13918 316
13919 631
13920 715
13921 719
13922 437
13923 709
13924 616
13925 533
13926 804
13927 739
13928 547
13929 301
13930 218
13931 846
13932 509
13933 858
13934 469
13935 331
13936 208
13937 627
13938 709
13939 60
13940 605
13941 476
13942 561
13943 368
13944 768
13945 368
13946 470
13947 689
13948 717
13949 561
13950 518
13951 219
13952 228
13953 371
13954 707
13955 605
13956 255
13957 747
13958 840
13959 26
13960 726
13961 356
13962 319
13963 517
13964 92
13965 553
13966 707
13967 695
13968 172
13969 241
13970 799
13971 273
13972 765
13973 87
13974 572
13975 557
13976 422
13977 639
13978 619
13979 487
13980 802
13981 307
13982 846
13983 282
13984 331
13985 241
13986 456
13987 572
13988 576
13989 541
13990 627
13991 619
13992 733
13993 22
13994 616
13995 314
13996 793
13997 726
13998 791
13999 467
14000 549
14001 632
14002 700
14003 830
14004 794
14005 581
14006 589
14007 659
14008 602
14009 600
14010 487
14011 780
14012 719
14013 768
14014 25
14015 773
14016 754
14017 659
14018 739
14019 746
14020 138
14021 664
14022 172
14023 670
14024 555
14025 485
14026 752
14027 555
14028 786
14029 581
14030 301
14031 460
14032 495
14033 760
14034 721
14035 64
14036 460
14037 485
14038 81
14039 747
14040 606
14041 393
14042 316
14043 458
14044 834
14045 762
14046 541
14047 58
14048 773
14049 700
14050 597
14051 641
14052 293
14053 585
14054 606
14055 307
14056 427
14057 793
14058 485
14059 293
14060 40
14061 760
14062 115
14063 368
14064 689
14065 722
14066 522
14067 438
14068 581
14069 789
14070 393
14071 611
14072 39
14073 576
14074 576
14075 760
14076 95
14077 454
14078 815
14079 741
14080 46
14081 627
14082 437
14083 497
14084 245
14085 851
14086 715
14087 341
14088 724
14089 234
14090 239
14091 579
14092 536
14093 9
14094 815
14095 591
14096 501
14097 661
14098 791
14099 736
14100 40
14101 524
14102 331
14103 45
14104 272
14105 825
14106 606
14107 747
14108 590
14109 266
14110 586
14111 342
14112 750
14113 470
14114 610
14115 426
14116 770
14117 276
14118 526
14119 380
14120 288
14121 288
14122 115
14123 319
14124 194
14125 30
14126 680
14127 365
14128 746
14129 304
14130 71
14131 555
14132 667
14133 717
14134 724
14135 509
14136 667
14137 456
14138 86
14139 329
14140 437
14141 740
14142 518
14143 579
14144 167
14145 660
14146 576
14147 613
14148 255
14149 366
14150 700
14151 569
14152 794
14153 680
14154 167
14155 685
14156 670
14157 858
14158 639
14159 307
14160 733
14161 498
14162 752
14163 458
14164 780
14165 600
14166 709
14167 590
14168 517
14169 454
14170 454
14171 656
14172 689
14173 781
14174 77
14175 44
14176 561
14177 695
14178 375
14179 780
14180 368
14181 460
14182 7
14183 723
14184 491
14185 523
14186 552
14187 325
14188 327
14189 853
14190 611
14191 518
14192 581
14193 225
14194 172
14195 793
14196 197
14197 784
14198 301
14199 698
14200 636
14201 73
14202 504
14203 435
14204 183
14205 559
14206 80
14207 695
14208 625
14209 823
14210 599
14211 753
14212 171
14213 434
14214 74
14215 165
14216 823
14217 626
14218 374
14219 588
14220 52
14221 303
14222 559
14223 439
14224 609
14225 748
14226 53
14227 686
14228 211
14229 612
14230 555
14231 623
14232 98
14233 636
14234 714
14235 474
14236 582
14237 186
14238 602
14239 44
14240 524
14241 74
14242 177
14243 44
14244 764
14245 170
14246 540
14247 639
14248 523
14249 607
14250 519
14251 593
14252 531
14253 447
14254 392
14255 80
14256 94
14257 146
14258 604
14259 540
14260 618
14261 184
14262 540
14263 629
14264 499
14265 365
14266 164
14267 570
14268 332
14269 750
14270 144
14271 160
14272 265
14273 35
14274 790
14275 240
14276 44
14277 52
14278 820
14279 172
14280 559
14281 311
14282 392
14283 570
14284 491
14285 807
14286 186
14287 176
14288 759
14289 474
14290 434
14291 40
14292 351
14293 218
14294 760
14295 809
14296 576
14297 86
14298 540
14299 332
14300 771
14301 604
14302 837
14303 576
14304 590
14305 559
14306 703
14307 844
14308 165
14309 787
14310 283
14311 717
14312 570
14313 85
14314 501
14315 265
14316 318
14317 723
14318 318
14319 525
14320 318
14321 305
14322 537
14323 450
14324 41
14325 491
14326 219
14327 669
14328 139
14329 376
14330 312
14331 826
14332 277
14333 591
14334 567
14335 349
14336 515
14337 853
14338 748
14339 28
14340 376
14341 581
14342 365
14343 86
14344 529
14345 277
14346 656
14347 561
14348 197
14349 492
14350 225
14351 802
14352 572
14353 307
14354 621
14355 439
14356 7
14357 855
14358 374
14359 386
14360 605
14361 301
14362 824
14363 195
14364 623
14365 435
14366 119
14367 164
14368 525
14369 741
14370 184
14371 454
14372 515
14373 98
14374 23
14375 440
14376 460
14377 673
14378 570
14379 624
14380 510
14381 536
14382 435
14383 23
14384 598
14385 602
14386 757
14387 711
14388 437
14389 301
14390 204
14391 275
14392 593
14393 450
14394 639
14395 41
14396 639
14397 697
14398 632
14399 197
14400 565
14401 747
14402 632
14403 164
14404 780
14405 471
14406 454
14407 698
14408 139
14409 776
14410 292
14411 565
14412 780
14413 184
14414 28
14415 629
14416 121
14417 52
14418 392
14419 251
14420 644
14421 125
14422 612
14423 510
14424 540
14425 460
14426 53
14427 798
14428 802
14429 845
14430 250
14431 595
14432 784
14433 591
14434 590
14435 844
14436 310
14437 808
14438 631
14439 605
14440 73
14441 426
14442 172
14443 288
14444 748
14445 764
14446 685
14447 449
14448 165
14449 124
14450 820
14451 595
14452 522
14453 311
14454 35
14455 714
14456 618
14457 353
14458 228
14459 449
14460 823
14461 213
14462 171
14463 41
14464 636
14465 206
14466 599
14467 532
14468 585
14469 125
14470 493
14471 491
14472 195
14473 808
14474 810
14475 761
14476 564
14477 164
14478 85
14479 760
14480 449
14481 397
14482 471
14483 693
14484 86
14485 197
14486 585
14487 772
14488 726
14489 522
14490 375
14491 624
14492 332
14493 349
14494 619
14495 698
14496 757
14497 53
14498 522
14499 325
14500 510
14501 854
14502 795
14503 828
14504 595
14505 854
14506 547
14507 437
14508 501
14509 374
14510 786
14511 772
14512 158
14513 477
14514 618
14515 170
14516 732
14517 473
14518 7
14519 435
14520 570
14521 447
14522 125
14523 6
14524 351
14525 80
14526 855
14527 611
14528 739
14529 781
14530 587
14531 496
14532 605
14533 717
14534 810
14535 504
14536 508
14537 141
14538 654
14539 695
14540 41
14541 588
14542 6
14543 590
14544 593
14545 176
14546 781
14547 28
14548 24
14549 686
14550 288
14551 7
14552 244
14553 515
14554 576
14555 148
14556 454
14557 555
14558 639
14559 665
14560 832
14561 455
14562 685
14563 656
14564 256
14565 625
14566 786
14567 748
14568 693
14569 837
14570 853
14571 663
14572 204
14573 547
14574 364
14575 496
14576 745
14577 426
14578 570
14579 510
14580 757
14581 772
14582 70
14583 303
14584 665
14585 798
14586 24
14587 739
14588 739
14589 561
14590 686
14591 77
14592 121
14593 760
14594 548
14595 204
14596 376
14597 530
14598 70
14599 781
14600 697
14601 604
14602 170
14603 809
14604 710
14605 693
14606 292
14607 781
14608 125
14609 824
14610 146
14611 518
14612 141
14613 536
14614 648
14615 474
14616 598
14617 609
14618 460
14619 98
14620 626
14621 77
14622 310
14623 537
14624 847
14625 832
14626 141
14627 576
14628 375
14629 741
14630 685
14631 552
14632 283
14633 80
14634 497
14635 628
14636 561
14637 518
14638 288
14639 820
14640 549
14641 794
14642 211
14643 808
14644 244
14645 119
14646 833
14647 184
14648 663
14649 761
14650 633
14651 325
14652 636
14653 386
14654 492
14655 158
14656 549
14657 624
14658 624
14659 854
14660 288
14661 121
14662 426
14663 629
14664 443
14665 504
14666 848
14667 644
14668 195
14669 609
14670 609
14671 698
14672 639
14673 807
14674 160
14675 739
14676 441
14677 518
14678 220
14679 764
14680 745
14681 170
14682 784
14683 595
14684 572
14685 491
14686 686
14687 790
14688 364
14689 365
14690 750
14691 759
14692 184
14693 611
14694 828
14695 807
14696 784
14697 552
14698 7
14699 146
14700 714
14701 565
14702 450
14703 125
14704 240
14705 585
14706 602
14707 639
14708 703
14709 776
14710 24
14711 625
14712 77
14713 795
14714 673
14715 523
14716 741
14717 303
14718 747
14719 565
14720 794
14721 497
14722 496
14723 619
14724 559
14725 707
14726 332
14727 211
14728 695
14729 353
14730 477
14731 568
14732 546
14733 689
14734 854
14735 157
14736 157
14737 829
14738 443
14739 745
14740 228
14741 633
14742 449
14743 619
14744 781
14745 726
14746 356
14747 529
14748 564
14749 546
14750 707
14751 532
14752 183
14753 834
14754 593
14755 570
14756 327
14757 473
14758 206
14759 765
14760 364
14761 598
14762 665
14763 345
14764 318
14765 177
14766 798
14767 837
14768 764
14769 499
14770 437
14771 745
14772 710
14773 40
14774 236
14775 524
14776 118
14777 555
14778 186
14779 236
14780 307
14781 240
14782 832
14783 496
14784 611
14785 124
14786 716
14787 236
14788 848
14789 707
14790 632
14791 307
14792 455
14793 581
14794 345
14795 515
14796 790
14797 301
14798 609
14799 118
14800 665
14801 739
14802 519
14803 716
14804 305
14805 614
14806 213
14807 351
14808 319
14809 199
14810 581
14811 491
14812 669
14813 470
14814 834
14815 301
14816 786
14817 288
14818 477
14819 739
14820 288
14821 582
14822 125
14823 723
14824 567
14825 602
14826 765
14827 247
14828 52
14829 51
14830 147
14831 711
14832 626
14833 663
14834 696
14835 117
14836 493
14837 148
14838 508
14839 265
14840 807
14841 546
14842 614
14843 501
14844 518
14845 753
14846 494
14847 275
14848 670
14849 496
14850 437
14851 693
14852 764
14853 441
14854 144
14855 771
14856 802
14857 826
14858 834
14859 455
14860 582
14861 386
14862 587
14863 802
14864 368
14865 848
14866 171
14867 567
14868 141
14869 795
14870 621
14871 747
14872 847
14873 439
14874 288
14875 624
14876 40
14877 28
14878 561
14879 303
14880 633
14881 288
14882 687
14883 703
14884 648
14885 787
14886 624
14887 275
14888 696
14889 776
14890 607
14891 837
14892 250
14893 695
14894 614
14895 499
14896 247
14897 499
14898 312
14899 614
14900 780
14901 673
14902 732
14903 443
14904 515
14905 492
14906 784
14907 805
14908 804
14909 542
14910 632
14911 221
14912 682
14913 761
14914 737
14915 677
14916 771
14917 853
14918 853
14919 848
14920 707
14921 761
14922 707
14923 826
14924 600
14925 750
14926 729
14927 771
14928 660
14929 741
14930 628
14931 468
14932 737
14933 453
14934 745
14935 778
14936 814
14937 777
14938 473
14939 705
14940 586
14941 626
14942 714
14943 628
14944 714
14945 790
14946 777
14947 788
14948 468
14949 437
14950 727
14951 705
14952 549
14953 492
14954 773
14955 729
14956 549
14957 784
14958 750
14959 437
14960 741
14961 569
14962 853
14963 437
14964 726
14965 660
14966 660
14967 549
14968 846
14969 218
14970 745
14971 815
14972 814
14973 853
14974 51
14975 729
14976 651
14977 815
14978 606
14979 750
14980 748
14981 750
14982 826
14983 773
14984 652
14985 758
14986 549
14987 549
14988 705
14989 51
14990 848
14991 685
14992 683
14993 569
14994 746
14995 448
14996 726
14997 739
14998 542
14999 492
15000 586
15001 761
15002 685
15003 682
15004 846
15005 715
15006 750
15007 218
15008 601
15009 542
15010 569
15011 652
15012 814
15013 766
15014 331
15015 467
15016 467
15017 758
15018 746
15019 221
15020 815
15021 761
15022 805
15023 569
15024 543
15025 677
15026 453
15027 606
15028 601
15029 473
15030 586
15031 651
15032 448
15033 677
15034 683
15035 758
15036 491
15037 793
15038 784
15039 801
15040 723
15041 765
15042 673
15043 540
15044 781
15045 841
15046 741
15047 841
15048 547
15049 847
15050 781
15051 804
15052 804
15053 592
15054 689
15055 766
15056 307
15057 704
15058 689
15059 440
15060 741
15061 804
15062 307
15063 766
15064 547
15065 697
15066 595
15067 595
15068 659
15069 704
15070 801
15071 714
15072 440
15073 714
15074 491
15075 673
15076 433
15077 547
15078 684
15079 781
15080 802
15081 268
15082 766
15083 745
15084 745
15085 689
15086 847
15087 848
15088 741
15089 685
15090 848
15091 659
15092 801
15093 685
15094 594
15095 690
15096 659
15097 684
15098 67
15099 547
15100 540
15101 67
15102 723
15103 716
15104 848
15105 673
15106 716
15107 491
15108 784
15109 594
15110 765
15111 758
15112 697
15113 673
15114 268
15115 802
15116 592
15117 802
15118 841
15119 780
15120 826
15121 436
15122 826
15123 546
15124 819
15125 436
15126 497
15127 826
15128 781
15129 781
15130 546
15131 546
15132 826
15133 819
15134 780
15135 497
15136 436
15137 342
15138 331
15139 331
15140 504
15141 355
15142 504
15143 504
15144 355
15145 504
15146 279
15147 462
15148 277
15149 462
15150 504
15151 462
15152 279
15153 505
15154 355
15155 352
15156 817
15157 813
15158 498
15159 817
15160 498
15161 359
15162 237
15163 258
15164 234
15165 233
15166 258
15167 237
15168 355
15169 359
15170 234
15171 233
15172 234
15173 258
15174 234
15175 258
15176 258
15177 332
15178 582
15179 375
15180 297
15181 633
15182 851
15183 595
15184 440
15185 788
15186 800
15187 457
15188 489
15189 749
15190 349
15191 378
15192 249
15193 567
15194 774
15195 457
15196 43
15197 500
15198 662
15199 461
15200 572
15201 629
15202 548
15203 824
15204 350
15205 830
15206 232
15207 232
15208 783
15209 788
15210 332
15211 557
15212 468
15213 470
15214 50
15215 451
15216 500
15217 776
15218 470
15219 851
15220 500
15221 557
15222 483
15223 468
15224 312
15225 522
15226 650
15227 749
15228 659
15229 583
15230 720
15231 447
15232 349
15233 263
15234 717
15235 595
15236 399
15237 243
15238 293
15239 773
15240 496
15241 517
15242 436
15243 595
15244 457
15245 454
15246 478
15247 263
15248 830
15249 378
15250 298
15251 478
15252 567
15253 375
15254 263
15255 310
15256 468
15257 522
15258 633
15259 572
15260 633
15261 659
15262 613
15263 612
15264 494
15265 310
15266 312
15267 497
15268 232
15269 612
15270 50
15271 720
15272 857
15273 777
15274 219
15275 567
15276 662
15277 800
15278 494
15279 510
15280 774
15281 496
15282 788
15283 89
15284 629
15285 824
15286 451
15287 720
15288 651
15289 312
15290 440
15291 449
15292 449
15293 496
15294 830
15295 717
15296 293
15297 497
15298 219
15299 454
15300 592
15301 507
15302 582
15303 312
15304 548
15305 249
15306 557
15307 442
15308 442
15309 399
15310 454
15311 592
15312 633
15313 749
15314 629
15315 522
15316 43
15317 496
15318 496
15319 500
15320 442
15321 595
15322 400
15323 773
15324 613
15325 527
15326 612
15327 800
15328 583
15329 480
15330 461
15331 861
15332 518
15333 500
15334 483
15335 437
15336 526
15337 463
15338 650
15339 783
15340 447
15341 289
15342 303
15343 517
15344 470
15345 480
15346 461
15347 478
15348 481
15349 631
15350 440
15351 332
15352 527
15353 400
15354 293
15355 458
15356 851
15357 749
15358 662
15359 451
15360 219
15361 89
15362 478
15363 436
15364 777
15365 489
15366 548
15367 507
15368 232
15369 494
15370 263
15371 437
15372 442
15373 550
15374 489
15375 303
15376 458
15377 507
15378 243
15379 463
15380 662
15381 720
15382 458
15383 612
15384 507
15385 548
15386 232
15387 631
15388 489
15389 480
15390 691
15391 698
15392 698
15393 698
15394 697
15395 697
15396 691
15397 698
15398 698
15399 731
15400 731
15401 698
15402 327
15403 772
15404 324
15405 725
15406 593
15407 769
15408 703
15409 568
15410 848
15411 811
15412 489
15413 527
15414 764
15415 581
15416 485
15417 764
15418 577
15419 769
15420 772
15421 536
15422 470
15423 256
15424 601
15425 625
15426 547
15427 781
15428 841
15429 573
15430 806
15431 795
15432 703
15433 648
15434 848
15435 676
15436 670
15437 783
15438 455
15439 435
15440 489
15441 447
15442 657
15443 506
15444 610
15445 573
15446 811
15447 749
15448 715
15449 783
15450 489
15451 657
15452 531
15453 703
15454 787
15455 581
15456 783
15457 327
15458 761
15459 303
15460 527
15461 216
15462 813
15463 675
15464 485
15465 802
15466 513
15467 814
15468 559
15469 852
15470 601
15471 634
15472 733
15473 676
15474 676
15475 576
15476 772
15477 601
15478 216
15479 232
15480 541
15481 651
15482 848
15483 598
15484 531
15485 527
15486 256
15487 533
15488 380
15489 774
15490 852
15491 526
15492 601
15493 628
15494 732
15495 749
15496 764
15497 218
15498 852
15499 774
15500 705
15501 821
15502 509
15503 509
15504 504
15505 638
15506 380
15507 540
15508 715
15509 725
15510 275
15511 504
15512 487
15513 381
15514 520
15515 500
15516 587
15517 470
15518 705
15519 476
15520 232
15521 258
15522 675
15523 562
15524 707
15525 742
15526 587
15527 408
15528 761
15529 368
15530 670
15531 697
15532 781
15533 854
15534 388
15535 393
15536 513
15537 572
15538 761
15539 854
15540 367
15541 732
15542 324
15543 435
15544 721
15545 676
15546 480
15547 327
15548 848
15549 841
15550 666
15551 806
15552 835
15553 572
15554 760
15555 533
15556 715
15557 651
15558 806
15559 748
15560 852
15561 639
15562 520
15563 609
15564 350
15565 522
15566 806
15567 788
15568 821
15569 666
15570 455
15571 534
15572 835
15573 256
15574 648
15575 218
15576 518
15577 697
15578 619
15579 476
15580 791
15581 559
15582 470
15583 788
15584 616
15585 494
15586 534
15587 435
15588 634
15589 749
15590 827
15591 625
15592 802
15593 829
15594 842
15595 447
15596 829
15597 774
15598 509
15599 848
15600 581
15601 811
15602 715
15603 622
15604 634
15605 848
15606 821
15607 801
15608 721
15609 612
15610 440
15611 533
15612 393
15613 835
15614 350
15615 504
15616 599
15617 411
15618 813
15619 478
15620 829
15621 541
15622 614
15623 527
15624 388
15625 742
15626 738
15627 275
15628 802
15629 442
15630 599
15631 350
15632 562
15633 526
15634 649
15635 827
15636 795
15637 536
15638 806
15639 411
15640 628
15641 393
15642 732
15643 258
15644 587
15645 616
15646 841
15647 501
15648 527
15649 442
15650 781
15651 302
15652 494
15653 541
15654 639
15655 526
15656 552
15657 540
15658 493
15659 568
15660 619
15661 485
15662 609
15663 493
15664 643
15665 638
15666 568
15667 628
15668 487
15669 485
15670 522
15671 547
15672 500
15673 216
15674 598
15675 801
15676 480
15677 576
15678 707
15679 480
15680 761
15681 634
15682 518
15683 670
15684 534
15685 622
15686 842
15687 455
15688 721
15689 622
15690 301
15691 536
15692 573
15693 411
15694 764
15695 455
15696 568
15697 593
15698 440
15699 540
15700 593
15701 487
15702 442
15703 504
15704 541
15705 102
15706 783
15707 748
15708 628
15709 493
15710 791
15711 848
15712 218
15713 598
15714 408
15715 485
15716 302
15717 487
15718 455
15719 506
15720 531
15721 610
15722 612
15723 697
15724 637
15725 726
15726 638
15727 633
15728 637
15729 726
15730 633
15731 637
15732 672
15733 637
15734 727
15735 633
15736 638
15737 637
15738 637
15739 726
15740 630
15741 598
15742 617
15743 523
15744 630
15745 604
15746 579
15747 614
15748 686
15749 734
15750 479
15751 612
15752 377
15753 544
15754 732
15755 598
15756 212
15757 572
15758 734
15759 666
15760 769
15761 509
15762 765
15763 548
15764 548
15765 793
15766 582
15767 202
15768 544
15769 515
15770 738
15771 636
15772 782
15773 439
15774 782
15775 551
15776 624
15777 533
15778 536
15779 808
15780 439
15781 618
15782 797
15783 454
15784 454
15785 812
15786 725
15787 721
15788 533
15789 593
15790 618
15791 563
15792 808
15793 393
15794 488
15795 525
15796 481
15797 461
15798 732
15799 842
15800 723
15801 570
15802 581
15803 446
15804 419
15805 523
15806 518
15807 638
15808 515
15809 508
15810 492
15811 419
15812 599
15813 782
15814 535
15815 514
15816 553
15817 423
15818 739
15819 515
15820 436
15821 570
15822 854
15823 812
15824 793
15825 695
15826 666
15827 508
15828 752
15829 506
15830 515
15831 849
15832 588
15833 588
15834 599
15835 684
15836 360
15837 461
15838 693
15839 775
15840 686
15841 723
15842 579
15843 723
15844 506
15845 769
15846 606
15847 559
15848 550
15849 559
15850 788
15851 607
15852 535
15853 479
15854 436
15855 653
15856 800
15857 483
15858 533
15859 373
15860 447
15861 604
15862 599
15863 644
15864 380
15865 613
15866 373
15867 722
15868 447
15869 754
15870 738
15871 705
15872 615
15873 559
15874 553
15875 615
15876 337
15877 514
15878 769
15879 821
15880 467
15881 461
15882 721
15883 637
15884 474
15885 570
15886 617
15887 837
15888 500
15889 537
15890 695
15891 518
15892 582
15893 470
15894 776
15895 832
15896 748
15897 854
15898 202
15899 738
15900 474
15901 593
15902 381
15903 611
15904 618
15905 742
15906 638
15907 612
15908 793
15909 637
15910 525
15911 832
15912 605
15913 608
15914 508
15915 705
15916 644
15917 453
15918 739
15919 518
15920 525
15921 620
15922 753
15923 373
15924 563
15925 752
15926 538
15927 603
15928 842
15929 572
15930 599
15931 611
15932 447
15933 550
15934 518
15935 489
15936 617
15937 359
15938 562
15939 613
15940 742
15941 630
15942 578
15943 739
15944 616
15945 808
15946 419
15947 748
15948 380
15949 477
15950 721
15951 775
15952 616
15953 702
15954 582
15955 523
15956 808
15957 588
15958 667
15959 797
15960 536
15961 436
15962 544
15963 497
15964 722
15965 638
15966 630
15967 797
15968 544
15969 624
15970 684
15971 462
15972 562
15973 446
15974 782
15975 857
15976 548
15977 453
15978 849
15979 832
15980 821
15981 434
15982 436
15983 381
15984 578
15985 754
15986 578
15987 623
15988 570
15989 437
15990 579
15991 470
15992 212
15993 593
15994 88
15995 525
15996 331
15997 581
15998 481
15999 437
16000 471
16001 588
16002 588
16003 525
16004 739
16005 58
16006 588
16007 837
16008 483
16009 439
16010 419
16011 686
16012 559
16013 653
16014 550
16015 695
16016 800
16017 433
16018 857
16019 468
16020 832
16021 532
16022 742
16023 616
16024 559
16025 419
16026 848
16027 763
16028 533
16029 636
16030 751
16031 848
16032 468
16033 406
16034 608
16035 705
16036 751
16037 406
16038 393
16039 439
16040 832
16041 732
16042 468
16043 615
16044 537
16045 467
16046 360
16047 74
16048 202
16049 617
16050 605
16051 623
16052 88
16053 393
16054 380
16055 514
16056 562
16057 624
16058 563
16059 483
16060 477
16061 604
16062 359
16063 434
16064 434
16065 525
16066 756
16067 800
16068 406
16069 667
16070 614
16071 500
16072 620
16073 503
16074 788
16075 393
16076 776
16077 775
16078 630
16079 337
16080 503
16081 734
16082 616
16083 742
16084 373
16085 722
16086 697
16087 331
16088 848
16089 769
16090 468
16091 808
16092 578
16093 637
16094 765
16095 693
16096 695
16097 753
16098 667
16099 607
16100 488
16101 640
16102 509
16103 667
16104 613
16105 710
16106 710
16107 614
16108 424
16109 74
16110 832
16111 611
16112 684
16113 611
16114 581
16115 734
16116 535
16117 88
16118 853
16119 754
16120 732
16121 515
16122 699
16123 549
16124 399
16125 571
16126 786
16127 383
16128 767
16129 604
16130 611
16131 842
16132 379
16133 729
16134 752
16135 401
16136 381
16137 731
16138 410
16139 734
16140 561
16141 778
16142 385
16143 406
16144 81
16145 379
16146 390
16147 562
16148 410
16149 392
16150 387
16151 385
16152 699
16153 525
16154 401
16155 726
16156 81
16157 381
16158 742
16159 405
16160 149
16161 782
16162 406
16163 561
16164 153
16165 415
16166 293
16167 400
16168 198
16169 425
16170 417
16171 399
16172 405
16173 571
16174 525
16175 395
16176 726
16177 759
16178 301
16179 30
16180 126
16181 798
16182 779
16183 782
16184 782
16185 399
16186 409
16187 14
16188 390
16189 403
16190 390
16191 385
16192 702
16193 401
16194 388
16195 388
16196 126
16197 401
16198 425
16199 528
16200 427
16201 384
16202 405
16203 778
16204 409
16205 379
16206 390
16207 405
16208 671
16209 382
16210 611
16211 410
16212 409
16213 388
16214 126
16215 394
16216 153
16217 401
16218 678
16219 572
16220 399
16221 394
16222 416
16223 767
16224 778
16225 861
16226 392
16227 813
16228 671
16229 390
16230 410
16231 379
16232 542
16233 57
16234 420
16235 390
16236 405
16237 401
16238 423
16239 420
16240 149
16241 380
16242 390
16243 407
16244 384
16245 85
16246 525
16247 813
16248 779
16249 387
16250 514
16251 542
16252 786
16253 778
16254 759
16255 403
16256 423
16257 379
16258 402
16259 14
16260 81
16261 395
16262 340
16263 379
16264 381
16265 742
16266 81
16267 528
16268 383
16269 199
16270 126
16271 689
16272 30
16273 149
16274 549
16275 388
16276 392
16277 726
16278 382
16279 409
16280 659
16281 406
16282 425
16283 604
16284 633
16285 423
16286 786
16287 410
16288 702
16289 425
16290 14
16291 742
16292 402
16293 410
16294 324
16295 388
16296 857
16297 572
16298 731
16299 400
16300 857
16301 842
16302 383
16303 842
16304 410
16305 752
16306 857
16307 422
16308 425
16309 610
16310 415
16311 394
16312 378
16313 153
16314 379
16315 423
16316 293
16317 861
16318 384
16319 528
16320 383
16321 549
16322 562
16323 392
16324 384
16325 407
16326 415
16327 293
16328 748
16329 415
16330 383
16331 779
16332 406
16333 381
16334 395
16335 390
16336 404
16337 379
16338 542
16339 401
16340 401
16341 415
16342 409
16343 813
16344 381
16345 14
16346 399
16347 423
16348 782
16349 802
16350 610
16351 381
16352 30
16353 30
16354 395
16355 399
16356 782
16357 409
16358 417
16359 400
16360 417
16361 153
16362 416
16363 390
16364 399
16365 409
16366 399
16367 427
16368 734
16369 778
16370 752
16371 293
16372 402
16373 410
16374 779
16375 779
16376 300
16377 381
16378 303
16379 384
16380 861
16381 401
16382 394
16383 778
16384 734
16385 427
16386 734
16387 399
16388 610
16389 420
16390 379
16391 729
16392 734
16393 394
16394 857
16395 752
16396 406
16397 388
16398 659
16399 518
16400 417
16401 401
16402 382
16403 678
16404 81
16405 392
16406 611
16407 401
16408 410
16409 300
16410 425
16411 401
16412 693
16413 693
16414 752
16415 633
16416 417
16417 417
16418 153
16419 381
16420 380
16421 388
16422 857
16423 85
16424 718
16425 378
16426 340
16427 748
16428 149
16429 752
16430 718
16431 842
16432 779
16433 199
16434 400
16435 395
16436 392
16437 861
16438 149
16439 400
16440 378
16441 402
16442 410
16443 689
16444 401
16445 57
16446 571
16447 415
16448 153
16449 301
16450 85
16451 407
16452 782
16453 395
16454 734
16455 379
16456 671
16457 392
16458 422
16459 759
16460 394
16461 400
16462 399
16463 126
16464 731
16465 303
16466 633
16467 733
16468 678
16469 395
16470 767
16471 324
16472 404
16473 416
16474 324
16475 767
16476 403
16477 611
16478 733
16479 402
16480 752
16481 759
16482 395
16483 454
16484 492
16485 506
16486 553
16487 658
16488 392
16489 358
16490 518
16491 580
16492 508
16493 786
16494 538
16495 543
16496 544
16497 238
16498 547
16499 304
16500 459
16501 253
16502 520
16503 327
16504 332
16505 609
16506 703
16507 739
16508 611
16509 540
16510 851
16511 609
16512 609
16513 327
16514 234
16515 619
16516 772
16517 516
16518 653
16519 560
16520 612
16521 560
16522 629
16523 243
16524 589
16525 625
16526 749
16527 432
16528 546
16529 459
16530 556
16531 588
16532 492
16533 305
16534 636
16535 364
16536 482
16537 303
16538 267
16539 242
16540 544
16541 298
16542 557
16543 624
16544 617
16545 471
16546 255
16547 557
16548 584
16549 392
16550 459
16551 738
16552 603
16553 756
16554 254
16555 558
16556 636
16557 672
16558 617
16559 508
16560 483
16561 473
16562 739
16563 439
16564 585
16565 267
16566 259
16567 574
16568 659
16569 248
16570 499
16571 290
16572 554
16573 621
16574 557
16575 419
16576 565
16577 232
16578 246
16579 483
16580 681
16581 843
16582 556
16583 589
16584 730
16585 539
16586 287
16587 249
16588 480
16589 574
16590 500
16591 260
16592 618
16593 423
16594 301
16595 584
16596 569
16597 598
16598 754
16599 536
16600 841
16601 246
16602 243
16603 465
16604 536
16605 335
16606 849
16607 583
16608 327
16609 275
16610 467
16611 463
16612 268
16613 407
16614 789
16615 417
16616 421
16617 524
16618 786
16619 590
16620 520
16621 546
16622 726
16623 566
16624 712
16625 328
16626 614
16627 409
16628 73
16629 851
16630 491
16631 483
16632 526
16633 508
16634 589
16635 563
16636 254
16637 73
16638 543
16639 335
16640 404
16641 218
16642 327
16643 557
16644 432
16645 540
16646 604
16647 558
16648 235
16649 616
16650 553
16651 846
16652 554
16653 749
16654 558
16655 416
16656 221
16657 678
16658 283
16659 473
16660 219
16661 327
16662 291
16663 221
16664 546
16665 326
16666 294
16667 603
16668 411
16669 362
16670 367
16671 422
16672 270
16673 219
16674 416
16675 360
16676 423
16677 424
16678 515
16679 799
16680 565
16681 454
16682 280
16683 584
16684 423
16685 97
16686 571
16687 356
16688 659
16689 500
16690 612
16691 739
16692 531
16693 391
16694 471
16695 610
16696 610
16697 249
16698 287
16699 374
16700 538
16701 492
16702 628
16703 361
16704 610
16705 791
16706 265
16707 518
16708 534
16709 589
16710 367
16711 265
16712 391
16713 557
16714 446
16715 569
16716 301
16717 791
16718 819
16719 540
16720 427
16721 280
16722 294
16723 221
16724 284
16725 226
16726 367
16727 301
16728 444
16729 379
16730 473
16731 739
16732 261
16733 397
16734 226
16735 423
16736 848
16737 492
16738 303
16739 249
16740 738
16741 303
16742 848
16743 756
16744 754
16745 246
16746 562
16747 247
16748 421
16749 294
16750 439
16751 584
16752 272
16753 216
16754 616
16755 591
16756 356
16757 536
16758 611
16759 517
16760 536
16761 358
16762 483
16763 266
16764 403
16765 609
16766 537
16767 446
16768 237
16769 639
16770 733
16771 590
16772 178
16773 612
16774 653
16775 303
16776 549
16777 566
16778 304
16779 628
16780 335
16781 585
16782 597
16783 291
16784 559
16785 672
16786 598
16787 349
16788 438
16789 349
16790 412
16791 284
16792 259
16793 336
16794 754
16795 226
16796 824
16797 374
16798 247
16799 718
16800 566
16801 631
16802 574
16803 538
16804 319
16805 503
16806 712
16807 483
16808 332
16809 616
16810 422
16811 325
16812 629
16813 556
16814 543
16815 591
16816 362
16817 352
16818 559
16819 275
16820 424
16821 696
16822 558
16823 789
16824 543
16825 520
16826 597
16827 288
16828 336
16829 520
16830 246
16831 718
16832 545
16833 559
16834 852
16835 642
16836 414
16837 537
16838 786
16839 332
16840 631
16841 362
16842 238
16843 499
16844 543
16845 259
16846 616
16847 283
16848 847
16849 597
16850 340
16851 454
16852 592
16853 780
16854 275
16855 360
16856 422
16857 255
16858 591
16859 546
16860 409
16861 380
16862 549
16863 510
16864 299
16865 612
16866 372
16867 466
16868 544
16869 176
16870 759
16871 738
16872 248
16873 28
16874 272
16875 549
16876 216
16877 379
16878 240
16879 612
16880 549
16881 718
16882 229
16883 349
16884 819
16885 424
16886 97
16887 420
16888 696
16889 260
16890 367
16891 465
16892 791
16893 819
16894 234
16895 571
16896 621
16897 566
16898 482
16899 253
16900 367
16901 266
16902 846
16903 177
16904 287
16905 412
16906 283
16907 538
16908 428
16909 660
16910 589
16911 590
16912 267
16913 588
16914 604
16915 290
16916 349
16917 321
16918 726
16919 520
16920 537
16921 237
16922 678
16923 279
16924 852
16925 361
16926 299
16927 271
16928 846
16929 704
16930 218
16931 548
16932 216
16933 841
16934 584
16935 590
16936 590
16937 227
16938 531
16939 857
16940 389
16941 536
16942 246
16943 592
16944 324
16945 839
16946 841
16947 407
16948 536
16949 538
16950 324
16951 547
16952 658
16953 407
16954 427
16955 660
16956 228
16957 454
16958 631
16959 283
16960 407
16961 177
16962 704
16963 270
16964 465
16965 328
16966 551
16967 583
16968 645
16969 539
16970 252
16971 313
16972 407
16973 847
16974 324
16975 356
16976 616
16977 847
16978 240
16979 301
16980 218
16981 372
16982 450
16983 299
16984 97
16985 404
16986 228
16987 849
16988 791
16989 678
16990 618
16991 303
16992 849
16993 637
16994 551
16995 299
16996 275
16997 466
16998 853
16999 508
17000 291
17001 603
17002 428
17003 327
17004 612
17005 851
17006 256
17007 280
17008 492
17009 704
17010 754
17011 478
17012 749
17013 598
17014 463
17015 270
17016 299
17017 612
17018 324
17019 421
17020 551
17021 414
17022 625
17023 221
17024 328
17025 232
17026 291
17027 327
17028 332
17029 759
17030 325
17031 438
17032 254
17033 520
17034 590
17035 590
17036 645
17037 288
17038 562
17039 612
17040 352
17041 291
17042 420
17043 525
17044 772
17045 610
17046 356
17047 544
17048 348
17049 10
17050 518
17051 629
17052 28
17053 518
17054 559
17055 580
17056 397
17057 291
17058 301
17059 349
17060 454
17061 780
17062 290
17063 352
17064 177
17065 252
17066 421
17067 612
17068 397
17069 843
17070 428
17071 658
17072 294
17073 590
17074 503
17075 228
17076 242
17077 590
17078 515
17079 492
17080 839
17081 695
17082 284
17083 500
17084 287
17085 624
17086 260
17087 289
17088 255
17089 237
17090 283
17091 484
17092 621
17093 328
17094 280
17095 219
17096 642
17097 272
17098 603
17099 556
17100 625
17101 232
17102 768
17103 256
17104 681
17105 381
17106 473
17107 531
17108 772
17109 466
17110 289
17111 221
17112 349
17113 403
17114 846
17115 849
17116 287
17117 681
17118 749
17119 604
17120 289
17121 574
17122 738
17123 611
17124 839
17125 565
17126 437
17127 571
17128 756
17129 566
17130 484
17131 283
17132 328
17133 695
17134 546
17135 362
17136 545
17137 807
17138 846
17139 432
17140 416
17141 841
17142 658
17143 296
17144 219
17145 319
17146 768
17147 612
17148 718
17149 416
17150 566
17151 403
17152 104
17153 583
17154 559
17155 296
17156 789
17157 228
17158 598
17159 819
17160 703
17161 645
17162 227
17163 324
17164 290
17165 299
17166 280
17167 424
17168 301
17169 573
17170 271
17171 846
17172 300
17173 671
17174 349
17175 216
17176 517
17177 229
17178 216
17179 327
17180 537
17181 585
17182 726
17183 571
17184 598
17185 376
17186 306
17187 409
17188 73
17189 335
17190 738
17191 580
17192 218
17193 228
17194 352
17195 612
17196 499
17197 403
17198 695
17199 553
17200 409
17201 712
17202 619
17203 503
17204 313
17205 591
17206 524
17207 616
17208 279
17209 294
17210 733
17211 421
17212 645
17213 531
17214 419
17215 305
17216 268
17217 517
17218 539
17219 619
17220 539
17221 422
17222 10
17223 424
17224 326
17225 730
17226 301
17227 261
17228 789
17229 574
17230 304
17231 799
17232 524
17233 471
17234 653
17235 563
17236 712
17237 340
17238 733
17239 256
17240 414
17241 291
17242 411
17243 609
17244 619
17245 562
17246 298
17247 97
17248 560
17249 733
17250 749
17251 296
17252 73
17253 301
17254 226
17255 695
17256 355
17257 289
17258 392
17259 739
17260 559
17261 328
17262 444
17263 417
17264 358
17265 328
17266 237
17267 546
17268 478
17269 428
17270 361
17271 376
17272 391
17273 852
17274 484
17275 592
17276 571
17277 543
17278 10
17279 294
17280 670
17281 332
17282 243
17283 272
17284 287
17285 416
17286 227
17287 625
17288 508
17289 429
17290 367
17291 287
17292 853
17293 358
17294 681
17295 557
17296 411
17297 611
17298 540
17299 616
17300 364
17301 240
17302 695
17303 313
17304 328
17305 619
17306 526
17307 287
17308 294
17309 551
17310 598
17311 424
17312 658
17313 360
17314 389
17315 265
17316 537
17317 506
17318 510
17319 524
17320 268
17321 517
17322 265
17323 671
17324 252
17325 325
17326 516
17327 585
17328 849
17329 642
17330 226
17331 612
17332 249
17333 619
17334 284
17335 363
17336 768
17337 590
17338 619
17339 380
17340 412
17341 617
17342 403
17343 303
17344 499
17345 290
17346 847
17347 563
17348 556
17349 272
17350 526
17351 422
17352 480
17353 609
17354 429
17355 444
17356 637
17357 824
17358 562
17359 584
17360 238
17361 307
17362 283
17363 557
17364 422
17365 621
17366 847
17367 466
17368 324
17369 722
17370 275
17371 538
17372 267
17373 301
17374 592
17375 450
17376 768
17377 722
17378 380
17379 454
17380 289
17381 275
17382 670
17383 611
17384 786
17385 559
17386 851
17387 376
17388 503
17389 290
17390 559
17391 551
17392 465
17393 525
17394 492
17395 843
17396 441
17397 246
17398 534
17399 516
17400 361
17401 289
17402 610
17403 471
17404 616
17405 399
17406 423
17407 392
17408 381
17409 416
17410 81
17411 390
17412 81
17413 405
17414 153
17415 425
17416 399
17417 779
17418 399
17419 385
17420 388
17421 388
17422 90
17423 425
17424 425
17425 405
17426 381
17427 410
17428 394
17429 401
17430 390
17431 412
17432 286
17433 412
17434 390
17435 390
17436 405
17437 423
17438 390
17439 384
17440 779
17441 381
17442 379
17443 81
17444 379
17445 381
17446 783
17447 388
17448 726
17449 425
17450 90
17451 423
17452 410
17453 394
17454 425
17455 402
17456 410
17457 384
17458 288
17459 382
17460 399
17461 384
17462 402
17463 384
17464 412
17465 405
17466 401
17467 381
17468 379
17469 423
17470 412
17471 379
17472 384
17473 382
17474 390
17475 423
17476 394
17477 416
17478 286
17479 401
17480 416
17481 399
17482 381
17483 394
17484 392
17485 286
17486 425
17487 402
17488 390
17489 779
17490 392
17491 379
17492 726
17493 416
17494 783
17495 385
17496 392
17497 394
17498 399
17499 384
17500 411
17501 388
17502 384
17503 412
17504 249
17505 344
17506 283
17507 505
17508 344
17509 286
17510 219
17511 778
17512 291
17513 623
17514 535
17515 349
17516 616
17517 249
17518 778
17519 349
17520 130
17521 778
17522 291
17523 535
17524 344
17525 283
17526 400
17527 298
17528 298
17529 806
17530 400
17531 388
17532 283
17533 216
17534 349
17535 249
17536 632
17537 130
17538 344
17539 388
17540 535
17541 535
17542 216
17543 216
17544 616
17545 130
17546 298
17547 630
17548 630
17549 630
17550 630
17551 539
17552 524
17553 584
17554 434
17555 584
17556 434
17557 779
17558 582
17559 779
17560 630
17561 581
17562 539
17563 501
17564 779
17565 584
17566 524
17567 707
17568 707
17569 477
17570 477
17571 477
17572 477
17573 477
17574 707
17575 707
17576 707
17577 707
17578 657
17579 657
17580 704
17581 674
17582 708
17583 674
17584 708
17585 704
17586 707
17587 735
17588 735
17589 477
17590 348
17591 479
17592 524
17593 655
17594 859
17595 334
17596 374
17597 421
17598 5
17599 370
17600 477
17601 720
17602 760
17603 378
17604 512
17605 411
17606 338
17607 310
17608 748
17609 521
17610 413
17611 849
17612 185
17613 355
17614 720
17615 353
17616 505
17617 172
17618 325
17619 748
17620 480
17621 583
17622 698
17623 629
17624 629
17625 329
17626 423
17627 554
17628 639
17629 229
17630 327
17631 846
17632 525
17633 532
17634 395
17635 762
17636 362
17637 86
17638 241
17639 351
17640 477
17641 497
17642 477
17643 456
17644 282
17645 611
17646 338
17647 655
17648 255
17649 423
17650 487
17651 471
17652 410
17653 486
17654 776
17655 517
17656 325
17657 714
17658 487
17659 374
17660 340
17661 779
17662 648
17663 505
17664 692
17665 374
17666 370
17667 779
17668 331
17669 456
17670 402
17671 332
17672 791
17673 479
17674 413
17675 264
17676 714
17677 477
17678 223
17679 463
17680 388
17681 330
17682 254
17683 830
17684 463
17685 593
17686 479
17687 714
17688 255
17689 781
17690 579
17691 241
17692 87
17693 259
17694 658
17695 760
17696 338
17697 513
17698 304
17699 826
17700 332
17701 237
17702 826
17703 254
17704 733
17705 456
17706 463
17707 698
17708 513
17709 290
17710 822
17711 534
17712 533
17713 74
17714 504
17715 497
17716 229
17717 541
17718 573
17719 714
17720 859
17721 847
17722 822
17723 830
17724 602
17725 558
17726 330
17727 480
17728 517
17729 609
17730 282
17731 479
17732 714
17733 331
17734 282
17735 420
17736 86
17737 411
17738 693
17739 748
17740 521
17741 781
17742 327
17743 445
17744 523
17745 300
17746 762
17747 223
17748 410
17749 533
17750 513
17751 370
17752 245
17753 450
17754 316
17755 361
17756 554
17757 469
17758 329
17759 348
17760 623
17761 791
17762 370
17763 471
17764 172
17765 388
17766 245
17767 248
17768 310
17769 733
17770 859
17771 776
17772 611
17773 749
17774 625
17775 379
17776 379
17777 300
17778 402
17779 264
17780 522
17781 854
17782 826
17783 769
17784 108
17785 597
17786 450
17787 555
17788 840
17789 374
17790 87
17791 602
17792 692
17793 415
17794 216
17795 583
17796 532
17797 310
17798 754
17799 184
17800 597
17801 633
17802 471
17803 184
17804 633
17805 645
17806 615
17807 420
17808 255
17809 504
17810 512
17811 847
17812 456
17813 698
17814 415
17815 583
17816 615
17817 229
17818 410
17819 469
17820 525
17821 349
17822 534
17823 512
17824 349
17825 395
17826 456
17827 513
17828 237
17829 580
17830 388
17831 469
17832 623
17833 840
17834 464
17835 846
17836 787
17837 302
17838 353
17839 568
17840 593
17841 521
17842 290
17843 108
17844 847
17845 623
17846 698
17847 304
17848 486
17849 468
17850 229
17851 857
17852 523
17853 555
17854 645
17855 184
17856 410
17857 74
17858 822
17859 471
17860 395
17861 497
17862 781
17863 379
17864 854
17865 830
17866 74
17867 840
17868 846
17869 602
17870 749
17871 340
17872 787
17873 799
17874 402
17875 340
17876 558
17877 477
17878 316
17879 521
17880 593
17881 573
17882 445
17883 445
17884 86
17885 579
17886 351
17887 776
17888 423
17889 609
17890 857
17891 799
17892 334
17893 769
17894 464
17895 762
17896 248
17897 361
17898 623
17899 568
17900 693
17901 445
17902 497
17903 456
17904 579
17905 521
17906 779
17907 415
17908 255
17909 580
17910 282
17911 733
17912 378
17913 625
17914 524
17915 108
17916 568
17917 5
17918 693
17919 517
17920 593
17921 264
17922 787
17923 607
17924 395
17925 720
17926 639
17927 217
17928 216
17929 361
17930 406
17931 406
17932 823
17933 598
17934 570
17935 570
17936 359
17937 476
17938 353
17939 368
17940 570
17941 265
17942 562
17943 823
17944 281
17945 725
17946 358
17947 368
17948 852
17949 280
17950 281
17951 311
17952 352
17953 570
17954 852
17955 348
17956 823
17957 691
17958 691
17959 353
17960 823
17961 349
17962 476
17963 725
17964 413
17965 349
17966 562
17967 598
17968 413
17969 44
17970 402
17971 62
17972 477
17973 44
17974 359
17975 570
17976 476
17977 741
17978 402
17979 741
17980 413
17981 421
17982 352
17983 44
17984 280
17985 265
17986 265
17987 697
17988 697
17989 44
17990 725
17991 288
17992 322
17993 692
17994 353
17995 564
17996 345
17997 361
17998 564
17999 368
18000 288
18001 474
18002 691
18003 361
18004 335
18005 691
18006 353
18007 345
18008 717
18009 361
18010 722
18011 477
18012 368
18013 361
18014 722
18015 353
18016 717
18017 722
18018 474
18019 476
18020 692
18021 760
18022 845
18023 843
18024 707
18025 708
18026 760
18027 708
18028 708
18029 845
18030 707
18031 707
18032 707
18033 726
18034 726
18035 726
18036 726
18037 726
18038 728
18039 728
18040 726
18041 468
18042 468
18043 478
18044 531
18045 481
18046 342
18047 244
18048 614
18049 538
18050 37
18051 423
18052 702
18053 602
18054 749
18055 338
18056 516
18057 398
18058 287
18059 840
18060 527
18061 258
18062 37
18063 89
18064 484
18065 423
18066 757
18067 406
18068 293
18069 589
18070 423
18071 529
18072 744
18073 689
18074 378
18075 492
18076 645
18077 293
18078 666
18079 534
18080 694
18081 792
18082 729
18083 685
18084 220
18085 784
18086 720
18087 298
18088 339
18089 345
18090 296
18091 825
18092 385
18093 651
18094 694
18095 492
18096 678
18097 220
18098 853
18099 745
18100 758
18101 774
18102 689
18103 346
18104 660
18105 262
18106 516
18107 807
18108 422
18109 834
18110 827
18111 770
18112 293
18113 406
18114 278
18115 529
18116 504
18117 402
18118 825
18119 233
18120 353
18121 278
18122 85
18123 345
18124 388
18125 861
18126 664
18127 829
18128 745
18129 740
18130 287
18131 792
18132 278
18133 518
18134 506
18135 346
18136 309
18137 570
18138 858
18139 325
18140 400
18141 332
18142 786
18143 409
18144 518
18145 427
18146 780
18147 293
18148 394
18149 752
18150 378
18151 738
18152 511
18153 792
18154 326
18155 370
18156 823
18157 776
18158 713
18159 377
18160 838
18161 358
18162 738
18163 273
18164 757
18165 531
18166 492
18167 602
18168 813
18169 53
18170 467
18171 192
18172 823
18173 834
18174 332
18175 385
18176 664
18177 784
18178 860
18179 427
18180 516
18181 723
18182 615
18183 661
18184 589
18185 685
18186 403
18187 53
18188 241
18189 856
18190 192
18191 522
18192 606
18193 388
18194 779
18195 651
18196 192
18197 478
18198 334
18199 570
18200 852
18201 827
18202 342
18203 258
18204 665
18205 394
18206 106
18207 850
18208 531
18209 273
18210 660
18211 345
18212 684
18213 735
18214 577
18215 346
18216 713
18217 346
18218 338
18219 689
18220 233
18221 664
18222 366
18223 366
18224 745
18225 481
18226 718
18227 410
18228 527
18229 298
18230 856
18231 328
18232 651
18233 661
18234 665
18235 745
18236 403
18237 481
18238 531
18239 519
18240 858
18241 324
18242 538
18243 325
18244 233
18245 827
18246 723
18247 577
18248 776
18249 484
18250 570
18251 757
18252 792
18253 516
18254 779
18255 504
18256 258
18257 774
18258 729
18259 779
18260 832
18261 518
18262 689
18263 370
18264 579
18265 678
18266 700
18267 745
18268 338
18269 241
18270 342
18271 853
18272 661
18273 589
18274 400
18275 615
18276 634
18277 378
18278 685
18279 694
18280 366
18281 845
18282 589
18283 850
18284 287
18285 89
18286 370
18287 654
18288 106
18289 832
18290 241
18291 241
18292 799
18293 244
18294 142
18295 323
18296 579
18297 726
18298 370
18299 602
18300 37
18301 223
18302 719
18303 516
18304 847
18305 694
18306 823
18307 807
18308 738
18309 770
18310 850
18311 660
18312 810
18313 89
18314 414
18315 807
18316 738
18317 724
18318 856
18319 860
18320 465
18321 523
18322 861
18323 740
18324 740
18325 85
18326 415
18327 298
18328 328
18329 685
18330 398
18331 619
18332 719
18333 406
18334 538
18335 522
18336 599
18337 388
18338 478
18339 518
18340 516
18341 94
18342 845
18343 708
18344 847
18345 735
18346 726
18347 377
18348 354
18349 645
18350 310
18351 702
18352 223
18353 324
18354 527
18355 398
18356 534
18357 858
18358 422
18359 718
18360 398
18361 832
18362 661
18363 309
18364 752
18365 328
18366 832
18367 726
18368 654
18369 735
18370 244
18371 465
18372 700
18373 409
18374 845
18375 534
18376 366
18377 651
18378 614
18379 244
18380 516
18381 834
18382 749
18383 296
18384 358
18385 378
18386 752
18387 107
18388 346
18389 700
18390 410
18391 522
18392 830
18393 645
18394 142
18395 744
18396 840
18397 827
18398 780
18399 323
18400 720
18401 276
18402 353
18403 632
18404 523
18405 358
18406 632
18407 276
18408 829
18409 511
18410 325
18411 107
18412 377
18413 422
18414 336
18415 767
18416 394
18417 323
18418 770
18419 665
18420 758
18421 427
18422 334
18423 534
18424 354
18425 713
18426 689
18427 845
18428 276
18429 799
18430 262
18431 328
18432 415
18433 634
18434 661
18435 323
18436 807
18437 767
18438 832
18439 415
18440 724
18441 388
18442 678
18443 310
18444 684
18445 793
18446 744
18447 713
18448 767
18449 767
18450 702
18451 479
18452 850
18453 838
18454 666
18455 713
18456 481
18457 767
18458 412
18459 749
18460 412
18461 749
18462 414
18463 412
18464 413
18465 537
18466 508
18467 414
18468 537
18469 413
18470 749
18471 260
18472 298
18473 220
18474 351
18475 299
18476 240
18477 299
18478 313
18479 35
18480 306
18481 299
18482 382
18483 382
18484 220
18485 260
18486 298
18487 35
18488 313
18489 35
18490 240
18491 260
18492 351
18493 298
18494 487
18495 749
18496 487
18497 221
18498 217
18499 699
18500 216
18501 388
18502 221
18503 388
18504 221
18505 216
18506 388
18507 388
18508 699
18509 699
18510 388
18511 388
18512 388
18513 221
18514 388
18515 388
18516 813
18517 486
18518 318
18519 486
18520 228
18521 486
18522 228
18523 318
18524 813
18525 486
18526 217
18527 217
18528 699
18529 216
18530 325
18531 251
18532 642
18533 225
18534 500
18535 243
18536 221
18537 837
18538 360
18539 231
18540 226
18541 633
18542 243
18543 296
18544 135
18545 271
18546 521
18547 278
18548 318
18549 349
18550 243
18551 516
18552 682
18553 246
18554 400
18555 843
18556 48
18557 327
18558 235
18559 296
18560 285
18561 258
18562 260
18563 371
18564 15
18565 262
18566 281
18567 521
18568 349
18569 454
18570 516
18571 224
18572 244
18573 296
18574 226
18575 48
18576 548
18577 567
18578 837
18579 225
18580 620
18581 454
18582 371
18583 371
18584 303
18585 278
18586 333
18587 48
18588 349
18589 455
18590 223
18591 669
18592 260
18593 374
18594 247
18595 843
18596 271
18597 226
18598 474
18599 38
18600 246
18601 633
18602 302
18603 276
18604 268
18605 459
18606 361
18607 360
18608 669
18609 860
18610 400
18611 444
18612 400
18613 247
18614 669
18615 420
18616 261
18617 250
18618 578
18619 612
18620 258
18621 578
18622 685
18623 285
18624 620
18625 337
18626 333
18627 287
18628 247
18629 252
18630 754
18631 508
18632 637
18633 445
18634 467
18635 221
18636 501
18637 473
18638 837
18639 250
18640 230
18641 287
18642 423
18643 86
18644 642
18645 631
18646 548
18647 508
18648 459
18649 318
18650 349
18651 135
18652 269
18653 444
18654 860
18655 521
18656 578
18657 364
18658 499
18659 86
18660 303
18661 247
18662 262
18663 337
18664 247
18665 747
18666 230
18667 327
18668 225
18669 364
18670 333
18671 747
18672 361
18673 262
18674 302
18675 473
18676 281
18677 244
18678 499
18679 633
18680 420
18681 15
18682 287
18683 268
18684 261
18685 420
18686 296
18687 669
18688 230
18689 250
18690 631
18691 703
18692 796
18693 371
18694 325
18695 244
18696 682
18697 685
18698 329
18699 67
18700 287
18701 374
18702 516
18703 86
18704 445
18705 38
18706 860
18707 642
18708 221
18709 247
18710 567
18711 637
18712 467
18713 223
18714 459
18715 796
18716 754
18717 612
18718 445
18719 252
18720 137
18721 350
18722 669
18723 202
18724 684
18725 479
18726 325
18727 786
18728 346
18729 777
18730 464
18731 408
18732 349
18733 229
18734 391
18735 638
18736 844
18737 744
18738 818
18739 222
18740 669
18741 106
18742 328
18743 146
18744 767
18745 517
18746 245
18747 31
18748 793
18749 603
18750 283
18751 844
18752 799
18753 333
18754 82
18755 638
18756 225
18757 791
18758 736
18759 287
18760 720
18761 227
18762 79
18763 67
18764 627
18765 489
18766 282
18767 19
18768 278
18769 281
18770 258
18771 100
18772 562
18773 479
18774 762
18775 281
18776 345
18777 239
18778 249
18779 367
18780 724
18781 747
18782 317
18783 220
18784 398
18785 283
18786 484
18787 155
18788 274
18789 345
18790 378
18791 257
18792 226
18793 497
18794 738
18795 378
18796 202
18797 720
18798 107
18799 296
18800 345
18801 171
18802 546
18803 858
18804 389
18805 691
18806 624
18807 699
18808 739
18809 268
18810 81
18811 643
18812 297
18813 331
18814 224
18815 363
18816 146
18817 752
18818 309
18819 269
18820 766
18821 697
18822 224
18823 299
18824 245
18825 403
18826 682
18827 750
18828 203
18829 53
18830 844
18831 175
18832 222
18833 849
18834 338
18835 165
18836 522
18837 339
18838 330
18839 229
18840 564
18841 345
18842 350
18843 837
18844 546
18845 321
18846 681
18847 93
18848 684
18849 198
18850 834
18851 484
18852 239
18853 475
18854 325
18855 343
18856 202
18857 564
18858 104
18859 284
18860 399
18861 728
18862 467
18863 789
18864 399
18865 326
18866 229
18867 343
18868 467
18869 348
18870 818
18871 738
18872 728
18873 678
18874 176
18875 87
18876 198
18877 164
18878 415
18879 704
18880 229
18881 136
18882 104
18883 302
18884 287
18885 224
18886 704
18887 803
18888 233
18889 367
18890 210
18891 781
18892 254
18893 130
18894 239
18895 91
18896 747
18897 302
18898 736
18899 371
18900 216
18901 308
18902 536
18903 293
18904 851
18905 87
18906 578
18907 256
18908 229
18909 699
18910 217
18911 387
18912 172
18913 368
18914 387
18915 734
18916 571
18917 844
18918 81
18919 829
18920 165
18921 233
18922 224
18923 291
18924 724
18925 510
18926 427
18927 272
18928 522
18929 624
18930 789
18931 736
18932 669
18933 710
18934 51
18935 391
18936 216
18937 219
18938 454
18939 424
18940 399
18941 291
18942 715
18943 329
18944 795
18945 313
18946 19
18947 333
18948 740
18949 366
18950 302
18951 396
18952 37
18953 242
18954 171
18955 295
18956 22
18957 391
18958 692
18959 330
18960 107
18961 354
18962 76
18963 740
18964 692
18965 82
18966 753
18967 589
18968 343
18969 228
18970 36
18971 97
18972 793
18973 505
18974 250
18975 771
18976 377
18977 79
18978 313
18979 245
18980 234
18981 355
18982 105
18983 724
18984 750
18985 224
18986 100
18987 240
18988 737
18989 697
18990 299
18991 278
18992 846
18993 413
18994 232
18995 725
18996 15
18997 42
18998 136
18999 508
19000 232
19001 339
19002 210
19003 678
19004 289
19005 384
19006 47
19007 243
19008 522
19009 562
19010 753
19011 555
19012 102
19013 203
19014 671
19015 164
19016 245
19017 309
19018 321
19019 396
19020 736
19021 12
19022 225
19023 13
19024 669
19025 501
19026 832
19027 626
19028 329
19029 84
19030 724
19031 226
19032 273
19033 813
19034 577
19035 97
19036 291
19037 484
19038 510
19039 326
19040 227
19041 377
19042 202
19043 858
19044 281
19045 227
19046 239
19047 519
19048 799
19049 107
19050 350
19051 511
19052 732
19053 741
19054 590
19055 676
19056 415
19057 560
19058 793
19059 369
19060 508
19061 278
19062 823
19063 249
19064 338
19065 377
19066 440
19067 330
19068 331
19069 51
19070 350
19071 31
19072 455
19073 692
19074 388
19075 333
19076 736
19077 643
19078 766
19079 391
19080 239
19081 455
19082 99
19083 269
19084 826
19085 76
19086 279
19087 339
19088 627
19089 715
19090 801
19091 228
19092 682
19093 120
19094 792
19095 228
19096 154
19097 354
19098 87
19099 778
19100 305
19101 299
19102 8
19103 843
19104 283
19105 849
19106 393
19107 384
19108 691
19109 228
19110 517
19111 842
19112 243
19113 217
19114 806
19115 222
19116 589
19117 67
19118 743
19119 279
19120 508
19121 227
19122 320
19123 728
19124 712
19125 777
19126 463
19127 272
19128 475
19129 842
19130 641
19131 229
19132 721
19133 741
19134 826
19135 254
19136 219
19137 740
19138 42
19139 273
19140 330
19141 475
19142 508
19143 224
19144 578
19145 120
19146 858
19147 737
19148 103
19149 171
19150 227
19151 440
19152 333
19153 727
19154 511
19155 860
19156 256
19157 272
19158 671
19159 87
19160 475
19161 816
19162 751
19163 47
19164 258
19165 734
19166 269
19167 255
19168 744
19169 146
19170 840
19171 860
19172 702
19173 423
19174 741
19175 697
19176 317
19177 242
19178 780
19179 233
19180 240
19181 267
19182 261
19183 555
19184 308
19185 172
19186 681
19187 860
19188 823
19189 93
19190 740
19191 395
19192 334
19193 781
19194 219
19195 93
19196 393
19197 577
19198 700
19199 526
19200 503
19201 198
19202 249
19203 130
19204 305
19205 505
19206 741
19207 235
19208 216
19209 343
19210 227
19211 842
19212 318
19213 249
19214 639
19215 317
19216 13
19217 219
19218 418
19219 740
19220 381
19221 313
19222 232
19223 730
19224 853
19225 780
19226 503
19227 799
19228 691
19229 692
19230 97
19231 639
19232 734
19233 725
19234 164
19235 8
19236 719
19237 66
19238 284
19239 263
19240 350
19241 388
19242 555
19243 697
19244 479
19245 22
19246 31
19247 198
19248 669
19249 164
19250 281
19251 282
19252 660
19253 273
19254 326
19255 104
19256 373
19257 105
19258 105
19259 508
19260 712
19261 344
19262 678
19263 860
19264 289
19265 712
19266 31
19267 721
19268 79
19269 198
19270 778
19271 555
19272 120
19273 216
19274 94
19275 823
19276 242
19277 727
19278 399
19279 93
19280 424
19281 603
19282 144
19283 741
19284 734
19285 855
19286 535
19287 313
19288 8
19289 719
19290 753
19291 274
19292 87
19293 569
19294 183
19295 789
19296 678
19297 250
19298 324
19299 53
19300 498
19301 786
19302 263
19303 348
19304 216
19305 183
19306 719
19307 417
19308 79
19309 389
19310 806
19311 22
19312 100
19313 453
19314 510
19315 175
19316 249
19317 413
19318 575
19319 791
19320 326
19321 409
19322 334
19323 860
19324 803
19325 827
19326 702
19327 102
19328 637
19329 319
19330 236
19331 165
19332 350
19333 363
19334 455
19335 287
19336 266
19337 775
19338 99
19339 100
19340 427
19341 551
19342 528
19343 739
19344 791
19345 249
19346 371
19347 508
19348 637
19349 573
19350 363
19351 377
19352 249
19353 590
19354 282
19355 489
19356 273
19357 517
19358 553
19359 417
19360 535
19361 641
19362 479
19363 607
19364 697
19365 79
19366 553
19367 239
19368 571
19369 102
19370 847
19371 104
19372 546
19373 258
19374 434
19375 103
19376 741
19377 767
19378 590
19379 466
19380 508
19381 354
19382 710
19383 737
19384 627
19385 753
19386 683
19387 64
19388 82
19389 224
19390 418
19391 31
19392 255
19393 391
19394 720
19395 220
19396 433
19397 657
19398 849
19399 87
19400 367
19401 522
19402 228
19403 847
19404 611
19405 64
19406 320
19407 107
19408 256
19409 641
19410 247
19411 120
19412 503
19413 284
19414 219
19415 691
19416 137
19417 813
19418 310
19419 223
19420 719
19421 138
19422 735
19423 736
19424 826
19425 267
19426 791
19427 589
19428 329
19429 719
19430 329
19431 74
19432 346
19433 624
19434 556
19435 427
19436 239
19437 272
19438 626
19439 278
19440 660
19441 718
19442 106
19443 381
19444 840
19445 489
19446 536
19447 732
19448 466
19449 786
19450 255
19451 210
19452 224
19453 786
19454 589
19455 130
19456 704
19457 657
19458 233
19459 12
19460 232
19461 87
19462 684
19463 325
19464 40
19465 754
19466 279
19467 348
19468 453
19469 268
19470 747
19471 384
19472 242
19473 258
19474 417
19475 319
19476 747
19477 415
19478 223
19479 751
19480 378
19481 13
19482 274
19483 93
19484 228
19485 194
19486 261
19487 678
19488 844
19489 409
19490 22
19491 603
19492 223
19493 395
19494 718
19495 82
19496 228
19497 274
19498 856
19499 752
19500 233
19501 293
19502 37
19503 283
19504 179
19505 700
19506 766
19507 738
19508 287
19509 279
19510 791
19511 571
19512 415
19513 87
19514 293
19515 434
19516 467
19517 261
19518 691
19519 269
19520 842
19521 503
19522 806
19523 349
19524 82
19525 175
19526 224
19527 31
19528 317
19529 718
19530 577
19531 13
19532 354
19533 794
19534 684
19535 328
19536 573
19537 172
19538 239
19539 639
19540 715
19541 660
19542 396
19543 167
19544 299
19545 734
19546 766
19547 266
19548 183
19549 326
19550 391
19551 37
19552 725
19553 522
19554 676
19555 378
19556 72
19557 296
19558 751
19559 415
19560 330
19561 99
19562 368
19563 409
19564 302
19565 721
19566 274
19567 198
19568 8
19569 12
19570 219
19571 508
19572 371
19573 228
19574 104
19575 103
19576 588
19577 739
19578 371
19579 463
19580 282
19581 313
19582 47
19583 367
19584 501
19585 799
19586 255
19587 562
19588 700
19589 556
19590 229
19591 727
19592 247
19593 229
19594 226
19595 107
19596 279
19597 827
19598 91
19599 611
19600 99
19601 724
19602 229
19603 511
19604 102
19605 87
19606 724
19607 625
19608 536
19609 222
19610 735
19611 528
19612 712
19613 224
19614 324
19615 832
19616 771
19617 76
19618 794
19619 512
19620 741
19621 737
19622 744
19623 398
19624 331
19625 415
19626 660
19627 489
19628 349
19629 154
19630 234
19631 210
19632 183
19633 350
19634 719
19635 737
19636 497
19637 603
19638 287
19639 511
19640 627
19641 389
19642 766
19643 242
19644 734
19645 103
19646 93
19647 297
19648 138
19649 562
19650 365
19651 339
19652 19
19653 767
19654 730
19655 154
19656 691
19657 715
19658 345
19659 571
19660 377
19661 503
19662 223
19663 72
19664 100
19665 625
19666 276
19667 683
19668 834
19669 393
19670 356
19671 279
19672 278
19673 239
19674 739
19675 846
19676 560
19677 279
19678 611
19679 398
19680 433
19681 517
19682 754
19683 216
19684 226
19685 296
19686 691
19687 849
19688 699
19689 782
19690 138
19691 775
19692 234
19693 858
19694 627
19695 837
19696 297
19697 84
19698 222
19699 91
19700 66
19701 501
19702 202
19703 743
19704 281
19705 226
19706 455
19707 730
19708 844
19709 107
19710 396
19711 236
19712 255
19713 730
19714 94
19715 36
19716 258
19717 293
19718 777
19719 356
19720 91
19721 222
19722 736
19723 287
19724 289
19725 560
19726 829
19727 517
19728 263
19729 355
19730 226
19731 562
19732 40
19733 105
19734 678
19735 366
19736 372
19737 523
19738 735
19739 603
19740 308
19741 575
19742 789
19743 727
19744 782
19745 302
19746 479
19747 329
19748 576
19749 67
19750 611
19751 349
19752 313
19753 345
19754 607
19755 227
19756 105
19757 691
19758 104
19759 727
19760 37
19761 22
19762 256
19763 727
19764 780
19765 94
19766 775
19767 551
19768 625
19769 226
19770 93
19771 725
19772 384
19773 372
19774 479
19775 258
19776 310
19777 740
19778 330
19779 51
19780 276
19781 228
19782 724
19783 803
19784 712
19785 296
19786 365
19787 217
19788 771
19789 440
19790 194
19791 408
19792 818
19793 281
19794 97
19795 384
19796 528
19797 279
19798 105
19799 348
19800 221
19801 320
19802 719
19803 571
19804 626
19805 464
19806 792
19807 276
19808 427
19809 223
19810 91
19811 84
19812 82
19813 219
19814 752
19815 508
19816 167
19817 511
19818 607
19819 239
19820 853
19821 801
19822 290
19823 569
19824 120
19825 840
19826 276
19827 626
19828 384
19829 325
19830 345
19831 239
19832 243
19833 855
19834 229
19835 700
19836 536
19837 47
19838 328
19839 732
19840 806
19841 721
19842 719
19843 103
19844 301
19845 321
19846 294
19847 573
19848 295
19849 816
19850 371
19851 823
19852 276
19853 395
19854 724
19855 369
19856 681
19857 747
19858 103
19859 754
19860 257
19861 348
19862 310
19863 827
19864 318
19865 511
19866 813
19867 51
19868 511
19869 700
19870 278
19871 569
19872 228
19873 103
19874 611
19875 291
19876 107
19877 803
19878 229
19879 136
19880 284
19881 684
19882 233
19883 64
19884 179
19885 338
19886 697
19887 398
19888 829
19889 172
19890 155
19891 107
19892 343
19893 329
19894 15
19895 627
19896 607
19897 104
19898 223
19899 440
19900 681
19901 394
19902 396
19903 396
19904 394
19905 394
19906 396
19907 399
19908 394
19909 385
19910 399
19911 385
19912 397
19913 394
19914 390
19915 394
19916 390
19917 384
19918 399
19919 378
19920 384
19921 378
19922 384
19923 390
19924 399
19925 394
19926 394
19927 396
19928 396
19929 385
19930 397
19931 397
19932 378
19933 76
19934 158
19935 73
19936 19
19937 156
19938 245
19939 263
19940 76
19941 378
19942 274
19943 313
19944 67
19945 319
19946 378
19947 25
19948 12
19949 27
19950 143
19951 296
19952 314
19953 49
19954 99
19955 269
19956 129
19957 316
19958 129
19959 261
19960 154
19961 76
19962 97
19963 28
19964 319
19965 26
19966 156
19967 28
19968 313
19969 60
19970 25
19971 378
19972 153
19973 274
19974 131
19975 154
19976 76
19977 49
19978 102
19979 387
19980 263
19981 100
19982 153
19983 387
19984 154
19985 269
19986 251
19987 60
19988 67
19989 26
19990 143
19991 396
19992 67
19993 73
19994 103
19995 100
19996 154
19997 76
19998 17
19999 295
20000 245
20001 296
20002 100
20003 73
20004 295
20005 129
20006 378
20007 143
20008 381
20009 129
20010 73
20011 99
20012 25
20013 5
20014 102
20015 91
20016 12
20017 143
20018 245
20019 27
20020 19
20021 73
20022 60
20023 5
20024 314
20025 91
20026 381
20027 60
20028 49
20029 28
20030 105
20031 103
20032 156
20033 105
20034 141
20035 131
20036 261
20037 28
20038 19
20039 17
20040 399
20041 394
20042 385
20043 379
20044 385
20045 397
20046 394
20047 390
20048 394
20049 390
20050 379
20051 399
20052 394
20053 379
20054 379
20055 390
20056 394
20057 394
20058 396
20059 396
20060 385
20061 397
20062 397
20063 379
20064 394
20065 390
20066 394
20067 379
20068 390
20069 379
20070 390
20071 394
20072 394
20073 379
20074 394
20075 379
20076 394
20077 379
20078 379
20079 394
20080 379
20081 394
20082 420
20083 420
20084 428
20085 428
20086 396
20087 396
20088 336
20089 336
20090 72
20091 13
20092 72
20093 40
20094 76
20095 40
20096 76
20097 40
20098 13
20099 13
20100 11
20101 219
20102 4
20103 32
20104 219
20105 56
20106 319
20107 4
20108 32
20109 319
20110 11
20111 220
20112 238
20113 237
20114 240
20115 56
20116 57
20117 72
20118 72
20119 56
20120 25
20121 72
20122 319
20123 237
20124 13
20125 13
20126 13
20127 68
20128 68
20129 142
20130 142
20131 131
20132 131
20133 27
20134 18
20135 8
20136 18
20137 127
20138 127
20139 131
20140 27
20141 158
20142 147
20143 158
20144 142
20145 18
20146 8
20147 40
20148 142
20149 57
20150 76
20151 57
20152 76
20153 40
20154 351
20155 221
20156 643
20157 570
20158 251
20159 374
20160 813
20161 643
20162 398
20163 17
20164 351
20165 351
20166 750
20167 328
20168 750
20169 296
20170 312
20171 270
20172 356
20173 356
20174 312
20175 329
20176 352
20177 374
20178 399
20179 750
20180 750
20181 385
20182 570
20183 393
20184 398
20185 643
20186 342
20187 329
20188 270
20189 10
20190 343
20191 228
20192 228
20193 251
20194 352
20195 17
20196 399
20197 387
20198 167
20199 170
20200 216
20201 251
20202 271
20203 387
20204 216
20205 330
20206 786
20207 343
20208 701
20209 329
20210 115
20211 328
20212 778
20213 778
20214 273
20215 385
20216 296
20217 398
20218 393
20219 271
20220 221
20221 701
20222 580
20223 167
20224 13
20225 356
20226 342
20227 573
20228 697
20229 115
20230 167
20231 10
20232 697
20233 251
20234 167
20235 239
20236 4
20237 56
20238 319
20239 4
20240 13
20241 235
20242 239
20243 239
20244 56
20245 13
20246 70
20247 56
20248 70
20249 319
20250 239
20251 148
20252 141
20253 141
20254 141
20255 141
20256 141
20257 148
20258 134
20259 142
20260 196
20261 196
20262 134
20263 148
20264 148
20265 133
20266 142
20267 133
20268 146
20269 146
20270 144
20271 141
20272 17
20273 140
20274 129
20275 129
20276 194
20277 140
20278 129
20279 18
20280 196
20281 17
20282 140
20283 50
20284 50
20285 17
20286 131
20287 50
20288 194
20289 131
20290 194
20291 18
20292 194
20293 194
20294 119
20295 119
20296 139
20297 140
20298 121
20299 120
20300 139
20301 120
20302 139
20303 133
20304 148
20305 148
20306 148
20307 133
20308 159
20309 137
20310 137
20311 159
20312 82
20313 82
20314 159
20315 159
20316 82
20317 131
20318 169
20319 10
20320 136
20321 169
20322 82
20323 137
20324 137
20325 10
20326 169
20327 129
20328 129
20329 185
20330 129
20331 68
20332 69
20333 137
20334 124
20335 169
20336 129
20337 68
20338 185
20339 69
20340 124
20341 124
20342 124
20343 139
20344 69
20345 69
20346 69
20347 69
20348 159
20349 183
20350 176
20351 202
20352 160
20353 159
20354 202
20355 160
20356 202
20357 176
20358 183
20359 324
20360 359
20361 370
20362 359
20363 549
20364 370
20365 370
20366 187
20367 205
20368 192
20369 325
20370 167
20371 113
20372 110
20373 62
20374 186
20375 117
20376 126
20377 134
20378 120
20379 138
20380 174
20381 8
20382 120
20383 117
20384 134
20385 186
20386 125
20387 152
20388 113
20389 152
20390 117
20391 114
20392 194
20393 550
20394 138
20395 149
20396 172
20397 117
20398 110
20399 186
20400 324
20401 163
20402 205
20403 62
20404 195
20405 172
20406 180
20407 9
20408 63
20409 194
20410 126
20411 134
20412 9
20413 138
20414 149
20415 175
20416 34
20417 114
20418 8
20419 142
20420 142
20421 180
20422 163
20423 175
20424 163
20425 195
20426 118
20427 125
20428 192
20429 205
20430 135
20431 125
20432 175
20433 187
20434 82
20435 8
20436 180
20437 158
20438 63
20439 191
20440 186
20441 158
20442 142
20443 191
20444 158
20445 167
20446 149
20447 134
20448 113
20449 194
20450 163
20451 114
20452 158
20453 194
20454 126
20455 325
20456 172
20457 343
20458 343
20459 348
20460 348
20461 82
20462 330
20463 91
20464 343
20465 82
20466 295
20467 295
20468 295
20469 295
20470 295
20471 401
20472 414
20473 278
20474 364
20475 609
20476 336
20477 290
20478 336
20479 336
20480 303
20481 244
20482 319
20483 249
20484 246
20485 266
20486 278
20487 126
20488 335
20489 357
20490 391
20491 219
20492 335
20493 438
20494 539
20495 491
20496 762
20497 157
20498 294
20499 188
20500 448
20501 326
20502 217
20503 469
20504 375
20505 414
20506 219
20507 180
20508 246
20509 448
20510 250
20511 250
20512 265
20513 826
20514 788
20515 226
20516 249
20517 322
20518 241
20519 180
20520 346
20521 246
20522 301
20523 391
20524 219
20525 257
20526 469
20527 126
20528 226
20529 491
20530 319
20531 257
20532 340
20533 299
20534 826
20535 228
20536 636
20537 299
20538 241
20539 413
20540 627
20541 447
20542 47
20543 762
20544 774
20545 180
20546 93
20547 263
20548 226
20549 335
20550 322
20551 346
20552 326
20553 284
20554 762
20555 93
20556 301
20557 242
20558 299
20559 495
20560 774
20561 364
20562 267
20563 263
20564 266
20565 157
20566 303
20567 491
20568 414
20569 357
20570 290
20571 357
20572 414
20573 376
20574 401
20575 503
20576 495
20577 242
20578 291
20579 539
20580 322
20581 303
20582 94
20583 609
20584 826
20585 788
20586 281
20587 95
20588 295
20589 254
20590 340
20591 447
20592 236
20593 627
20594 375
20595 348
20596 95
20597 253
20598 284
20599 228
20600 217
20601 788
20602 340
20603 438
20604 254
20605 335
20606 247
20607 335
20608 376
20609 218
20610 303
20611 319
20612 226
20613 236
20614 294
20615 47
20616 448
20617 265
20618 401
20619 336
20620 249
20621 552
20622 247
20623 851
20624 47
20625 335
20626 244
20627 218
20628 257
20629 281
20630 348
20631 294
20632 391
20633 788
20634 228
20635 364
20636 299
20637 348
20638 552
20639 303
20640 267
20641 413
20642 386
20643 386
20644 295
20645 396
20646 231
20647 378
20648 378
20649 219
20650 200
20651 296
20652 294
20653 85
20654 217
20655 386
20656 567
20657 386
20658 402
20659 231
20660 219
20661 363
20662 386
20663 309
20664 386
20665 562
20666 217
20667 200
20668 564
20669 363
20670 309
20671 385
20672 260
20673 568
20674 463
20675 416
20676 309
20677 260
20678 389
20679 389
20680 363
20681 182
20682 208
20683 378
20684 295
20685 390
20686 208
20687 327
20688 379
20689 309
20690 386
20691 19
20692 327
20693 363
20694 416
20695 309
20696 231
20697 407
20698 404
20699 463
20700 402
20701 567
20702 19
20703 396
20704 562
20705 568
20706 407
20707 416
20708 416
20709 85
20710 416
20711 390
20712 379
20713 292
20714 407
20715 182
20716 402
20717 292
20718 292
20719 295
20720 200
20721 639
20722 295
20723 343
20724 659
20725 531
20726 406
20727 383
20728 343
20729 213
20730 353
20731 416
20732 370
20733 195
20734 347
20735 247
20736 363
20737 761
20738 794
20739 180
20740 612
20741 406
20742 166
20743 116
20744 317
20745 121
20746 79
20747 353
20748 343
20749 659
20750 341
20751 643
20752 341
20753 416
20754 416
20755 605
20756 246
20757 363
20758 247
20759 371
20760 341
20761 406
20762 723
20763 85
20764 137
20765 263
20766 155
20767 61
20768 426
20769 343
20770 622
20771 669
20772 761
20773 736
20774 155
20775 343
20776 299
20777 357
20778 529
20779 69
20780 289
20781 69
20782 688
20783 69
20784 61
20785 201
20786 731
20787 303
20788 155
20789 86
20790 303
20791 302
20792 341
20793 168
20794 747
20795 529
20796 263
20797 390
20798 794
20799 201
20800 406
20801 204
20802 474
20803 347
20804 260
20805 745
20806 13
20807 61
20808 47
20809 531
20810 137
20811 238
20812 233
20813 233
20814 343
20815 416
20816 121
20817 426
20818 311
20819 416
20820 745
20821 295
20822 317
20823 723
20824 311
20825 106
20826 213
20827 688
20828 49
20829 357
20830 736
20831 246
20832 195
20833 640
20834 166
20835 363
20836 27
20837 155
20838 761
20839 264
20840 49
20841 213
20842 260
20843 204
20844 688
20845 575
20846 363
20847 44
20848 640
20849 821
20850 400
20851 299
20852 474
20853 669
20854 186
20855 180
20856 186
20857 474
20858 573
20859 341
20860 370
20861 370
20862 85
20863 640
20864 44
20865 426
20866 237
20867 353
20868 181
20869 263
20870 761
20871 288
20872 761
20873 817
20874 72
20875 116
20876 347
20877 86
20878 808
20879 747
20880 295
20881 181
20882 353
20883 426
20884 106
20885 299
20886 204
20887 27
20888 142
20889 723
20890 573
20891 728
20892 745
20893 605
20894 761
20895 201
20896 731
20897 237
20898 195
20899 142
20900 426
20901 383
20902 289
20903 808
20904 808
20905 79
20906 529
20907 669
20908 821
20909 317
20910 406
20911 61
20912 289
20913 688
20914 246
20915 295
20916 386
20917 386
20918 200
20919 386
20920 386
20921 200
20922 416
20923 295
20924 390
20925 386
20926 386
20927 416
20928 416
20929 390
20930 292
20931 292
20932 292
20933 639
20934 599
20935 639
20936 599
20937 639
20938 709
20939 599
20940 652
20941 759
20942 300
20943 599
20944 300
20945 759
20946 652
20947 758
20948 654
20949 300
20950 759
20951 599
20952 709
20953 758
20954 622
20955 828
20956 672
20957 828
20958 812
20959 639
20960 622
20961 673
20962 812
20963 639
20964 812
20965 655
20966 639
20967 639
20968 622
20969 622
20970 673
20971 673
20972 429
20973 325
20974 391
20975 385
20976 429
20977 539
20978 414
20979 780
20980 686
20981 378
20982 562
20983 391
20984 635
20985 839
20986 821
20987 744
20988 228
20989 692
20990 313
20991 351
20992 344
20993 325
20994 307
20995 588
20996 799
20997 799
20998 421
20999 817
21000 351
21001 399
21002 635
21003 696
21004 226
21005 425
21006 405
21007 855
21008 720
21009 559
21010 26
21011 529
21012 336
21013 823
21014 219
21015 856
21016 9
21017 845
21018 344
21019 537
21020 427
21021 220
21022 724
21023 198
21024 693
21025 819
21026 834
21027 675
21028 780
21029 198
21030 226
21031 854
21032 819
21033 794
21034 791
21035 340
21036 688
21037 733
21038 688
21039 385
21040 811
21041 385
21042 564
21043 198
21044 771
21045 261
21046 300
21047 538
21048 750
21049 664
21050 335
21051 653
21052 679
21053 794
21054 679
21055 371
21056 786
21057 395
21058 107
21059 687
21060 409
21061 685
21062 87
21063 79
21064 443
21065 413
21066 85
21067 413
21068 750
21069 385
21070 522
21071 309
21072 56
21073 106
21074 335
21075 343
21076 477
21077 482
21078 417
21079 405
21080 391
21081 740
21082 571
21083 834
21084 726
21085 813
21086 751
21087 454
21088 291
21089 198
21090 780
21091 738
21092 380
21093 394
21094 395
21095 718
21096 482
21097 571
21098 511
21099 619
21100 374
21101 399
21102 671
21103 775
21104 391
21105 403
21106 529
21107 503
21108 828
21109 79
21110 226
21111 701
21112 419
21113 741
21114 474
21115 651
21116 688
21117 425
21118 744
21119 309
21120 522
21121 784
21122 313
21123 833
21124 522
21125 522
21126 848
21127 754
21128 562
21129 696
21130 421
21131 638
21132 813
21133 307
21134 665
21135 328
21136 841
21137 704
21138 654
21139 328
21140 291
21141 9
21142 839
21143 741
21144 369
21145 609
21146 725
21147 511
21148 766
21149 590
21150 414
21151 429
21152 362
21153 729
21154 726
21155 848
21156 425
21157 716
21158 283
21159 738
21160 651
21161 417
21162 757
21163 407
21164 106
21165 590
21166 674
21167 675
21168 538
21169 794
21170 371
21171 460
21172 768
21173 832
21174 391
21175 45
21176 405
21177 311
21178 424
21179 424
21180 424
21181 79
21182 784
21183 443
21184 825
21185 228
21186 335
21187 686
21188 701
21189 395
21190 399
21191 479
21192 311
21193 678
21194 220
21195 419
21196 775
21197 766
21198 344
21199 573
21200 559
21201 545
21202 768
21203 817
21204 474
21205 374
21206 786
21207 846
21208 649
21209 399
21210 857
21211 56
21212 409
21213 786
21214 348
21215 730
21216 388
21217 809
21218 834
21219 360
21220 825
21221 283
21222 809
21223 45
21224 638
21225 740
21226 679
21227 376
21228 261
21229 548
21230 261
21231 283
21232 737
21233 728
21234 198
21235 854
21236 741
21237 737
21238 537
21239 834
21240 786
21241 424
21242 688
21243 564
21244 700
21245 291
21246 657
21247 813
21248 87
21249 799
21250 308
21251 383
21252 638
21253 53
21254 502
21255 801
21256 664
21257 397
21258 413
21259 454
21260 539
21261 590
21262 753
21263 588
21264 649
21265 729
21266 229
21267 714
21268 651
21269 848
21270 737
21271 665
21272 855
21273 382
21274 308
21275 857
21276 818
21277 672
21278 363
21279 674
21280 344
21281 671
21282 427
21283 674
21284 482
21285 53
21286 413
21287 800
21288 343
21289 220
21290 811
21291 477
21292 719
21293 740
21294 388
21295 79
21296 693
21297 738
21298 261
21299 454
21300 692
21301 609
21302 821
21303 376
21304 854
21305 511
21306 325
21307 403
21308 854
21309 229
21310 813
21311 226
21312 855
21313 799
21314 835
21315 571
21316 383
21317 590
21318 784
21319 714
21320 382
21321 56
21322 825
21323 336
21324 360
21325 720
21326 799
21327 511
21328 657
21329 421
21330 841
21331 511
21332 845
21333 429
21334 417
21335 744
21336 845
21337 833
21338 741
21339 526
21340 311
21341 665
21342 696
21343 836
21344 817
21345 460
21346 588
21347 548
21348 15
21349 813
21350 394
21351 352
21352 326
21353 529
21354 609
21355 768
21356 348
21357 733
21358 374
21359 671
21360 787
21361 752
21362 742
21363 839
21364 678
21365 56
21366 311
21367 283
21368 328
21369 409
21370 811
21371 336
21372 754
21373 828
21374 846
21375 846
21376 300
21377 672
21378 107
21379 671
21380 704
21381 427
21382 718
21383 344
21384 751
21385 421
21386 639
21387 302
21388 624
21389 340
21390 753
21391 688
21392 360
21393 751
21394 624
21395 407
21396 766
21397 809
21398 744
21399 219
21400 787
21401 681
21402 26
21403 657
21404 382
21405 562
21406 519
21407 830
21408 383
21409 417
21410 744
21411 429
21412 800
21413 409
21414 619
21415 839
21416 754
21417 771
21418 106
21419 413
21420 657
21421 86
21422 720
21423 573
21424 300
21425 529
21426 369
21427 742
21428 729
21429 813
21430 427
21431 839
21432 503
21433 326
21434 845
21435 819
21436 857
21437 845
21438 519
21439 661
21440 603
21441 780
21442 724
21443 714
21444 811
21445 609
21446 740
21447 725
21448 588
21449 813
21450 677
21451 560
21452 684
21453 619
21454 603
21455 733
21456 677
21457 787
21458 460
21459 845
21460 684
21461 85
21462 352
21463 728
21464 526
21465 429
21466 782
21467 841
21468 307
21469 376
21470 855
21471 85
21472 417
21473 700
21474 833
21475 603
21476 696
21477 427
21478 787
21479 654
21480 692
21481 839
21482 407
21483 603
21484 351
21485 343
21486 360
21487 328
21488 397
21489 107
21490 795
21491 526
21492 229
21493 688
21494 560
21495 479
21496 839
21497 780
21498 795
21499 713
21500 724
21501 678
21502 701
21503 713
21504 795
21505 376
21506 522
21507 692
21508 220
21509 402
21510 661
21511 391
21512 79
21513 344
21514 427
21515 768
21516 688
21517 752
21518 653
21519 511
21520 11
21521 818
21522 700
21523 229
21524 846
21525 681
21526 720
21527 687
21528 823
21529 283
21530 819
21531 526
21532 229
21533 757
21534 830
21535 419
21536 835
21537 639
21538 348
21539 768
21540 832
21541 445
21542 685
21543 443
21544 651
21545 700
21546 409
21547 482
21548 179
21549 801
21550 380
21551 851
21552 704
21553 733
21554 402
21555 832
21556 107
21557 343
21558 362
21559 371
21560 15
21561 623
21562 826
21563 672
21564 826
21565 813
21566 812
21567 639
21568 672
21569 812
21570 812
21571 655
21572 655
21573 639
21574 639
21575 623
21576 672
21577 672
21578 350
21579 350
21580 350
21581 670
21582 670
21583 670
21584 350
21585 203
21586 781
21587 781
21588 663
21589 781
21590 348
21591 350
21592 350
21593 709
21594 709
21595 709
21596 670
21597 670
21598 670
21599 670
21600 302
21601 384
21602 384
21603 302
21604 384
21605 302
21606 302
21607 302
21608 384
21609 257
21610 785
21611 622
21612 333
21613 341
21614 814
21615 510
21616 635
21617 725
21618 300
21619 494
21620 423
21621 461
21622 473
21623 708
21624 406
21625 551
21626 456
21627 257
21628 257
21629 19
21630 345
21631 317
21632 57
21633 363
21634 477
21635 773
21636 708
21637 499
21638 635
21639 483
21640 785
21641 663
21642 473
21643 324
21644 337
21645 510
21646 18
21647 690
21648 335
21649 609
21650 387
21651 461
21652 406
21653 489
21654 316
21655 235
21656 366
21657 537
21658 389
21659 395
21660 551
21661 333
21662 435
21663 568
21664 585
21665 493
21666 632
21667 498
21668 366
21669 537
21670 374
21671 703
21672 711
21673 49
21674 460
21675 690
21676 358
21677 303
21678 493
21679 456
21680 612
21681 568
21682 235
21683 312
21684 635
21685 649
21686 773
21687 341
21688 67
21689 312
21690 257
21691 390
21692 654
21693 663
21694 394
21695 387
21696 288
21697 690
21698 804
21699 291
21700 649
21701 838
21702 703
21703 384
21704 524
21705 489
21706 67
21707 551
21708 635
21709 291
21710 456
21711 458
21712 348
21713 737
21714 703
21715 353
21716 663
21717 57
21718 483
21719 499
21720 785
21721 498
21722 291
21723 333
21724 499
21725 363
21726 498
21727 456
21728 394
21729 363
21730 227
21731 423
21732 57
21733 227
21734 537
21735 725
21736 324
21737 690
21738 654
21739 635
21740 316
21741 458
21742 324
21743 423
21744 217
21745 693
21746 675
21747 529
21748 512
21749 567
21750 18
21751 390
21752 48
21753 767
21754 227
21755 444
21756 767
21757 257
21758 575
21759 477
21760 622
21761 458
21762 711
21763 48
21764 332
21765 767
21766 348
21767 324
21768 567
21769 435
21770 337
21771 785
21772 530
21773 608
21774 353
21775 818
21776 795
21777 394
21778 524
21779 491
21780 478
21781 795
21782 462
21783 653
21784 827
21785 725
21786 23
21787 675
21788 337
21789 652
21790 693
21791 575
21792 23
21793 711
21794 348
21795 395
21796 609
21797 771
21798 300
21799 444
21800 491
21801 587
21802 335
21803 843
21804 750
21805 806
21806 483
21807 806
21808 773
21809 462
21810 524
21811 738
21812 358
21813 818
21814 333
21815 585
21816 384
21817 737
21818 341
21819 622
21820 827
21821 530
21822 838
21823 288
21824 389
21825 217
21826 575
21827 293
21828 454
21829 654
21830 489
21831 827
21832 512
21833 652
21834 524
21835 64
21836 334
21837 217
21838 767
21839 649
21840 693
21841 384
21842 346
21843 622
21844 217
21845 585
21846 341
21847 454
21848 529
21849 460
21850 525
21851 771
21852 494
21853 302
21854 530
21855 542
21856 230
21857 230
21858 257
21859 530
21860 230
21861 257
21862 542
21863 230
21864 492
21865 530
21866 492
21867 492
21868 492
21869 548
21870 542
21871 548
21872 548
21873 548
21874 542
21875 542
21876 542
21877 542
21878 230
21879 230
21880 230
21881 230
21882 230
21883 230
21884 257
21885 345
21886 301
21887 297
21888 297
21889 345
21890 340
21891 324
21892 93
21893 246
21894 257
21895 93
21896 345
21897 297
21898 340
21899 301
21900 89
21901 297
21902 529
21903 530
21904 663
21905 738
21906 530
21907 738
21908 665
21909 738
21910 665
21911 166
21912 164
21913 257
21914 230
21915 230
21916 257
21917 242
21918 164
21919 548
21920 548
21921 548
21922 542
21923 548
21924 230
21925 231
21926 532
21927 532
21928 231
21929 116
21930 109
21931 109
21932 116
21933 116
21934 19
21935 19
21936 131
21937 117
21938 120
21939 120
21940 240
21941 19
21942 26
21943 120
21944 116
21945 131
21946 139
21947 109
21948 109
21949 139
21950 139
21951 134
21952 162
21953 230
21954 112
21955 182
21956 230
21957 112
21958 237
21959 237
21960 230
21961 134
21962 162
21963 134
21964 134
21965 196
21966 196
21967 196
21968 195
21969 117
21970 182
21971 181
21972 176
21973 128
21974 143
21975 116
21976 176
21977 195
21978 181
21979 182
21980 195
21981 128
21982 181
21983 128
21984 195
21985 176
21986 143
21987 128
21988 151
21989 358
21990 352
21991 57
21992 27
21993 122
21994 41
21995 159
21996 2
21997 167
21998 367
21999 182
22000 139
22001 367
22002 2
22003 200
22004 372
22005 54
22006 289
22007 367
22008 170
22009 27
22010 126
22011 126
22012 358
22013 370
22014 193
22015 117
22016 122
22017 151
22018 370
22019 390
22020 156
22021 139
22022 182
22023 289
22024 116
22025 57
22026 128
22027 165
22028 151
22029 170
22030 159
22031 116
22032 167
22033 352
22034 17
22035 170
22036 182
22037 141
22038 157
22039 194
22040 19
22041 200
22042 156
22043 390
22044 193
22045 54
22046 189
22047 62
22048 151
22049 122
22050 116
22051 193
22052 165
22053 190
22054 117
22055 59
22056 157
22057 289
22058 117
22059 62
22060 390
22061 2
22062 27
22063 170
22064 139
22065 165
22066 167
22067 159
22068 126
22069 17
22070 194
22071 19
22072 495
22073 494
22074 494
22075 551
22076 551
22077 494
22078 777
22079 777
22080 775
22081 777
22082 706
22083 591
22084 487
22085 775
22086 706
22087 589
22088 565
22089 495
22090 588
22091 565
22092 589
22093 565
22094 495
22095 487
22096 777
22097 775
22098 487
22099 221
22100 494
22101 232
22102 232
22103 221
22104 221
22105 49
22106 232
22107 274
22108 373
22109 385
22110 274
22111 385
22112 752
22113 385
22114 752
22115 373
22116 385
22117 494
22118 456
22119 551
22120 456
22121 587
22122 473
22123 551
22124 456
22125 455
22126 473
22127 455
22128 551
22129 599
22130 553
22131 599
22132 612
22133 384
22134 4
22135 250
22136 569
22137 42
22138 499
22139 267
22140 657
22141 319
22142 357
22143 505
22144 393
22145 244
22146 410
22147 267
22148 471
22149 454
22150 362
22151 381
22152 526
22153 328
22154 260
22155 97
22156 328
22157 522
22158 350
22159 494
22160 404
22161 572
22162 42
22163 284
22164 300
22165 467
22166 480
22167 482
22168 92
22169 337
22170 224
22171 764
22172 602
22173 466
22174 448
22175 488
22176 764
22177 333
22178 480
22179 350
22180 493
22181 280
22182 393
22183 381
22184 237
22185 747
22186 569
22187 410
22188 237
22189 336
22190 284
22191 471
22192 289
22193 362
22194 569
22195 350
22196 843
22197 690
22198 482
22199 290
22200 632
22201 98
22202 413
22203 283
22204 4
22205 333
22206 602
22207 97
22208 244
22209 283
22210 283
22211 219
22212 224
22213 259
22214 42
22215 499
22216 480
22217 372
22218 843
22219 300
22220 337
22221 505
22222 266
22223 319
22224 97
22225 351
22226 410
22227 677
22228 37
22229 300
22230 219
22231 367
22232 436
22233 795
22234 244
22235 297
22236 585
22237 223
22238 677
22239 454
22240 582
22241 333
22242 632
22243 97
22244 230
22245 244
22246 632
22247 437
22248 499
22249 690
22250 413
22251 362
22252 466
22253 505
22254 493
22255 320
22256 561
22257 569
22258 657
22259 711
22260 325
22261 250
22262 482
22263 736
22264 710
22265 98
22266 259
22267 752
22268 678
22269 526
22270 250
22271 747
22272 251
22273 531
22274 284
22275 846
22276 505
22277 448
22278 632
22279 523
22280 582
22281 372
22282 374
22283 766
22284 37
22285 350
22286 772
22287 522
22288 393
22289 436
22290 357
22291 266
22292 709
22293 602
22294 523
22295 523
22296 458
22297 526
22298 531
22299 244
22300 494
22301 467
22302 351
22303 230
22304 361
22305 283
22306 772
22307 267
22308 258
22309 384
22310 561
22311 843
22312 436
22313 410
22314 413
22315 221
22316 226
22317 289
22318 381
22319 404
22320 523
22321 280
22322 413
22323 92
22324 285
22325 764
22326 367
22327 736
22328 258
22329 569
22330 336
22331 561
22332 480
22333 259
22334 384
22335 752
22336 488
22337 251
22338 244
22339 361
22340 381
22341 795
22342 355
22343 289
22344 709
22345 436
22346 795
22347 785
22348 785
22349 89
22350 783
22351 104
22352 89
22353 783
22354 89
22355 825
22356 825
22357 824
22358 824
22359 824
22360 825
22361 309
22362 802
22363 321
22364 342
22365 332
22366 177
22367 609
22368 321
22369 68
22370 192
22371 239
22372 245
22373 291
22374 11
22375 372
22376 251
22377 486
22378 200
22379 652
22380 321
22381 263
22382 796
22383 142
22384 274
22385 260
22386 407
22387 357
22388 27
22389 409
22390 111
22391 337
22392 332
22393 239
22394 785
22395 200
22396 142
22397 552
22398 182
22399 228
22400 785
22401 142
22402 783
22403 825
22404 796
22405 41
22406 138
22407 670
22408 820
22409 342
22410 395
22411 389
22412 395
22413 52
22414 58
22415 652
22416 848
22417 33
22418 820
22419 155
22420 390
22421 9
22422 298
22423 68
22424 376
22425 107
22426 238
22427 796
22428 251
22429 393
22430 710
22431 33
22432 238
22433 71
22434 153
22435 182
22436 83
22437 372
22438 357
22439 332
22440 321
22441 107
22442 64
22443 238
22444 743
22445 748
22446 309
22447 9
22448 592
22449 342
22450 619
22451 683
22452 686
22453 270
22454 238
22455 11
22456 592
22457 308
22458 419
22459 245
22460 609
22461 783
22462 196
22463 848
22464 443
22465 192
22466 274
22467 332
22468 847
22469 570
22470 785
22471 672
22472 116
22473 376
22474 271
22475 609
22476 30
22477 409
22478 670
22479 47
22480 172
22481 172
22482 785
22483 64
22484 248
22485 83
22486 457
22487 58
22488 172
22489 389
22490 785
22491 652
22492 778
22493 198
22494 4
22495 336
22496 849
22497 41
22498 292
22499 110
22500 115
22501 515
22502 228
22503 516
22504 201
22505 172
22506 311
22507 831
22508 686
22509 245
22510 200
22511 196
22512 409
22513 785
22514 9
22515 516
22516 308
22517 515
22518 457
22519 308
22520 457
22521 291
22522 820
22523 11
22524 354
22525 393
22526 407
22527 92
22528 270
22529 609
22530 115
22531 92
22532 781
22533 138
22534 350
22535 758
22536 443
22537 102
22538 785
22539 298
22540 92
22541 263
22542 486
22543 552
22544 291
22545 61
22546 138
22547 796
22548 110
22549 257
22550 177
22551 337
22552 683
22553 9
22554 274
22555 694
22556 239
22557 710
22558 257
22559 61
22560 4
22561 802
22562 829
22563 688
22564 609
22565 177
22566 694
22567 683
22568 672
22569 372
22570 619
22571 743
22572 796
22573 350
22574 165
22575 111
22576 488
22577 332
22578 710
22579 825
22580 348
22581 781
22582 6
22583 102
22584 350
22585 47
22586 778
22587 443
22588 486
22589 710
22590 710
22591 153
22592 720
22593 652
22594 825
22595 592
22596 142
22597 58
22598 239
22599 61
22600 298
22601 849
22602 688
22603 336
22604 30
22605 354
22606 298
22607 354
22608 174
22609 4
22610 357
22611 348
22612 58
22613 263
22614 829
22615 6
22616 670
22617 443
22618 174
22619 177
22620 311
22621 41
22622 697
22623 12
22624 111
22625 670
22626 552
22627 33
22628 33
22629 116
22630 192
22631 274
22632 248
22633 238
22634 831
22635 311
22636 165
22637 149
22638 758
22639 251
22640 192
22641 796
22642 64
22643 298
22644 720
22645 198
22646 419
22647 283
22648 390
22649 292
22650 333
22651 71
22652 694
22653 68
22654 357
22655 308
22656 308
22657 308
22658 82
22659 90
22660 82
22661 396
22662 396
22663 82
22664 90
22665 316
22666 86
22667 316
22668 399
22669 316
22670 316
22671 86
22672 399
22673 399
22674 316
22675 88
22676 88
22677 88
22678 84
22679 90
22680 90
22681 84
22682 396
22683 396
22684 760
22685 664
22686 417
22687 670
22688 51
22689 658
22690 793
22691 531
22692 376
22693 576
22694 632
22695 153
22696 105
22697 359
22698 487
22699 41
22700 694
22701 769
22702 746
22703 629
22704 426
22705 738
22706 278
22707 686
22708 508
22709 254
22710 51
22711 735
22712 497
22713 652
22714 457
22715 690
22716 41
22717 41
22718 831
22719 791
22720 743
22721 371
22722 429
22723 667
22724 30
22725 794
22726 755
22727 766
22728 711
22729 649
22730 856
22731 197
22732 682
22733 671
22734 612
22735 848
22736 671
22737 602
22738 397
22739 741
22740 850
22741 750
22742 303
22743 417
22744 797
22745 686
22746 649
22747 121
22748 834
22749 199
22750 397
22751 741
22752 680
22753 229
22754 680
22755 730
22756 495
22757 403
22758 791
22759 291
22760 666
22761 804
22762 550
22763 793
22764 795
22765 796
22766 426
22767 605
22768 389
22769 844
22770 571
22771 42
22772 30
22773 576
22774 826
22775 804
22776 399
22777 726
22778 199
22779 376
22780 770
22781 738
22782 777
22783 728
22784 153
22785 690
22786 35
22787 793
22788 197
22789 687
22790 226
22791 377
22792 814
22793 482
22794 817
22795 805
22796 426
22797 669
22798 417
22799 210
22800 426
22801 210
22802 796
22803 804
22804 724
22805 788
22806 419
22807 278
22808 419
22809 401
22810 291
22811 382
22812 88
22813 357
22814 35
22815 327
22816 381
22817 107
22818 416
22819 404
22820 612
22821 408
22822 347
22823 773
22824 561
22825 84
22826 814
22827 690
22828 419
22829 800
22830 329
22831 481
22832 605
22833 404
22834 815
22835 653
22836 793
22837 686
22838 278
22839 619
22840 629
22841 642
22842 346
22843 765
22844 826
22845 652
22846 571
22847 813
22848 699
22849 632
22850 86
22851 814
22852 789
22853 721
22854 419
22855 361
22856 794
22857 414
22858 675
22859 838
22860 465
22861 389
22862 389
22863 356
22864 761
22865 306
22866 848
22867 681
22868 844
22869 224
22870 847
22871 314
22872 827
22873 547
22874 568
22875 482
22876 699
22877 585
22878 426
22879 255
22880 412
22881 196
22882 669
22883 840
22884 857
22885 726
22886 792
22887 668
22888 847
22889 425
22890 417
22891 482
22892 851
22893 670
22894 416
22895 344
22896 794
22897 408
22898 791
22899 229
22900 399
22901 699
22902 851
22903 765
22904 789
22905 740
22906 550
22907 465
22908 105
22909 619
22910 425
22911 7
22912 403
22913 350
22914 665
22915 429
22916 653
22917 105
22918 397
22919 653
22920 550
22921 361
22922 371
22923 746
22924 666
22925 237
22926 589
22927 857
22928 742
22929 840
22930 531
22931 429
22932 741
22933 522
22934 364
22935 425
22936 495
22937 694
22938 698
22939 687
22940 856
22941 770
22942 425
22943 658
22944 720
22945 314
22946 715
22947 589
22948 376
22949 303
22950 607
22951 679
22952 859
22953 671
22954 291
22955 847
22956 756
22957 211
22958 237
22959 84
22960 679
22961 394
22962 640
22963 576
22964 258
22965 792
22966 589
22967 813
22968 687
22969 589
22970 761
22971 47
22972 766
22973 642
22974 770
22975 523
22976 237
22977 356
22978 690
22979 680
22980 523
22981 680
22982 640
22983 675
22984 306
22985 760
22986 677
22987 589
22988 640
22989 711
22990 357
22991 822
22992 344
22993 805
22994 7
22995 293
22996 653
22997 329
22998 389
22999 855
23000 773
23001 829
23002 715
23003 357
23004 719
23005 372
23006 778
23007 822
23008 258
23009 449
23010 402
23011 86
23012 844
23013 850
23014 320
23015 414
23016 397
23017 586
23018 579
23019 465
23020 855
23021 642
23022 719
23023 398
23024 467
23025 42
23026 755
23027 481
23028 797
23029 482
23030 680
23031 730
23032 717
23033 652
23034 796
23035 658
23036 381
23037 317
23038 629
23039 571
23040 765
23041 377
23042 682
23043 831
23044 414
23045 429
23046 766
23047 818
23048 756
23049 457
23050 695
23051 524
23052 372
23053 226
23054 649
23055 481
23056 568
23057 35
23058 105
23059 721
23060 416
23061 561
23062 665
23063 796
23064 834
23065 640
23066 859
23067 619
23068 667
23069 413
23070 695
23071 677
23072 347
23073 527
23074 258
23075 726
23076 822
23077 602
23078 403
23079 694
23080 394
23081 354
23082 756
23083 524
23084 329
23085 735
23086 414
23087 653
23088 255
23089 383
23090 817
23091 612
23092 568
23093 756
23094 487
23095 823
23096 792
23097 859
23098 743
23099 829
23100 719
23101 429
23102 789
23103 196
23104 586
23105 576
23106 254
23107 664
23108 671
23109 720
23110 458
23111 699
23112 354
23113 482
23114 84
23115 380
23116 416
23117 547
23118 376
23119 346
23120 743
23121 605
23122 773
23123 728
23124 730
23125 742
23126 698
23127 389
23128 121
23129 458
23130 834
23131 449
23132 720
23133 287
23134 320
23135 724
23136 640
23137 795
23138 777
23139 740
23140 42
23141 364
23142 680
23143 695
23144 769
23145 743
23146 571
23147 317
23148 800
23149 761
23150 788
23151 750
23152 712
23153 383
23154 838
23155 410
23156 632
23157 465
23158 399
23159 508
23160 629
23161 724
23162 237
23163 585
23164 721
23165 376
23166 350
23167 458
23168 47
23169 426
23170 199
23171 822
23172 371
23173 287
23174 359
23175 396
23176 105
23177 419
23178 746
23179 719
23180 717
23181 30
23182 412
23183 735
23184 223
23185 508
23186 121
23187 664
23188 589
23189 462
23190 681
23191 329
23192 223
23193 153
23194 527
23195 523
23196 669
23197 669
23198 669
23199 289
23200 654
23201 822
23202 410
23203 328
23204 689
23205 695
23206 680
23207 423
23208 681
23209 239
23210 392
23211 236
23212 516
23213 705
23214 236
23215 276
23216 392
23217 194
23218 516
23219 476
23220 300
23221 349
23222 792
23223 350
23224 768
23225 805
23226 785
23227 88
23228 207
23229 475
23230 253
23231 476
23232 94
23233 401
23234 369
23235 823
23236 300
23237 738
23238 736
23239 830
23240 643
23241 691
23242 369
23243 805
23244 293
23245 805
23246 712
23247 345
23248 722
23249 750
23250 849
23251 604
23252 696
23253 652
23254 665
23255 468
23256 785
23257 434
23258 625
23259 750
23260 293
23261 806
23262 72
23263 467
23264 415
23265 844
23266 52
23267 786
23268 184
23269 738
23270 373
23271 300
23272 689
23273 49
23274 718
23275 680
23276 427
23277 411
23278 383
23279 280
23280 856
23281 765
23282 818
23283 792
23284 202
23285 822
23286 376
23287 49
23288 346
23289 342
23290 389
23291 510
23292 616
23293 549
23294 522
23295 700
23296 765
23297 574
23298 799
23299 680
23300 660
23301 748
23302 353
23303 606
23304 342
23305 423
23306 384
23307 626
23308 516
23309 551
23310 725
23311 823
23312 705
23313 696
23314 666
23315 503
23316 508
23317 769
23318 849
23319 538
23320 344
23321 373
23322 203
23323 657
23324 363
23325 804
23326 652
23327 643
23328 707
23329 263
23330 626
23331 468
23332 759
23333 748
23334 426
23335 659
23336 769
23337 510
23338 202
23339 266
23340 620
23341 560
23342 701
23343 643
23344 427
23345 764
23346 562
23347 855
23348 280
23349 415
23350 633
23351 659
23352 804
23353 768
23354 682
23355 717
23356 342
23357 659
23358 392
23359 74
23360 657
23361 799
23362 426
23363 346
23364 192
23365 551
23366 282
23367 738
23368 592
23369 422
23370 266
23371 194
23372 816
23373 399
23374 389
23375 630
23376 335
23377 412
23378 426
23379 676
23380 740
23381 282
23382 727
23383 727
23384 395
23385 782
23386 664
23387 797
23388 659
23389 705
23390 427
23391 700
23392 6
23393 689
23394 772
23395 736
23396 816
23397 860
23398 823
23399 522
23400 740
23401 829
23402 738
23403 615
23404 344
23405 522
23406 203
23407 263
23408 822
23409 410
23410 503
23411 422
23412 184
23413 855
23414 625
23415 697
23416 300
23417 830
23418 80
23419 389
23420 496
23421 687
23422 568
23423 742
23424 267
23425 370
23426 415
23427 516
23428 538
23429 740
23430 598
23431 633
23432 74
23433 707
23434 486
23435 822
23436 389
23437 718
23438 792
23439 529
23440 693
23441 529
23442 743
23443 389
23444 757
23445 467
23446 475
23447 510
23448 697
23449 660
23450 860
23451 526
23452 829
23453 665
23454 350
23455 855
23456 561
23457 427
23458 551
23459 768
23460 236
23461 764
23462 859
23463 759
23464 816
23465 806
23466 759
23467 488
23468 849
23469 829
23470 725
23471 620
23472 551
23473 80
23474 854
23475 426
23476 856
23477 412
23478 815
23479 752
23480 615
23481 750
23482 668
23483 363
23484 422
23485 551
23486 283
23487 345
23488 328
23489 476
23490 701
23491 797
23492 660
23493 207
23494 253
23495 402
23496 664
23497 717
23498 854
23499 834
23500 604
23501 786
23502 426
23503 736
23504 276
23505 606
23506 675
23507 685
23508 328
23509 700
23510 282
23511 723
23512 399
23513 233
23514 682
23515 786
23516 722
23517 812
23518 727
23519 496
23520 631
23521 422
23522 743
23523 693
23524 423
23525 43
23526 346
23527 300
23528 530
23529 383
23530 538
23531 793
23532 88
23533 94
23534 434
23535 488
23536 687
23537 6
23538 498
23539 625
23540 466
23541 604
23542 411
23543 815
23544 630
23545 94
23546 533
23547 718
23548 533
23549 816
23550 283
23551 522
23552 498
23553 396
23554 804
23555 402
23556 772
23557 851
23558 349
23559 669
23560 415
23561 315
23562 854
23563 561
23564 675
23565 769
23566 427
23567 829
23568 192
23569 727
23570 854
23571 793
23572 530
23573 793
23574 530
23575 202
23576 665
23577 530
23578 376
23579 560
23580 615
23581 353
23582 633
23583 424
23584 682
23585 453
23586 363
23587 598
23588 427
23589 604
23590 812
23591 396
23592 675
23593 732
23594 733
23595 616
23596 568
23597 376
23598 700
23599 6
23600 453
23601 849
23602 696
23603 498
23604 860
23605 666
23606 198
23607 732
23608 658
23609 426
23610 779
23611 723
23612 797
23613 530
23614 503
23615 676
23616 725
23617 502
23618 202
23619 682
23620 786
23621 730
23622 652
23623 757
23624 373
23625 516
23626 549
23627 598
23628 293
23629 376
23630 746
23631 707
23632 681
23633 531
23634 309
23635 750
23636 434
23637 818
23638 198
23639 688
23640 815
23641 349
23642 786
23643 526
23644 772
23645 700
23646 508
23647 502
23648 94
23649 476
23650 701
23651 759
23652 239
23653 822
23654 233
23655 625
23656 768
23657 736
23658 276
23659 309
23660 315
23661 289
23662 604
23663 750
23664 658
23665 526
23666 422
23667 844
23668 533
23669 466
23670 434
23671 746
23672 782
23673 531
23674 620
23675 786
23676 823
23677 730
23678 859
23679 424
23680 695
23681 746
23682 236
23683 792
23684 626
23685 486
23686 752
23687 743
23688 467
23689 849
23690 631
23691 752
23692 604
23693 516
23694 779
23695 192
23696 848
23697 833
23698 363
23699 363
23700 341
23701 363
23702 848
23703 366
23704 366
23705 363
23706 385
23707 371
23708 341
23709 385
23710 833
23711 415
23712 848
23713 341
23714 845
23715 848
23716 758
23717 759
23718 759
23719 845
23720 845
23721 759
23722 758
23723 845
23724 848
23725 759
23726 833
23727 229
23728 363
23729 248
23730 363
23731 248
23732 369
23733 514
23734 369
23735 692
23736 229
23737 514
23738 514
23739 371
23740 371
23741 371
23742 387
23743 692
23744 363
23745 248
23746 514
23747 369
23748 371
23749 229
23750 387
23751 514
23752 46
23753 203
23754 363
23755 338
23756 670
23757 453
23758 74
23759 46
23760 453
23761 514
23762 74
23763 453
23764 325
23765 338
23766 670
23767 325
23768 514
23769 46
23770 338
23771 363
23772 363
23773 585
23774 341
23775 340
23776 359
23777 745
23778 585
23779 745
23780 745
23781 359
23782 407
23783 202
23784 208
23785 767
23786 325
23787 483
23788 622
23789 837
23790 420
23791 627
23792 822
23793 822
23794 239
23795 463
23796 375
23797 240
23798 467
23799 562
23800 249
23801 547
23802 207
23803 330
23804 581
23805 335
23806 517
23807 345
23808 414
23809 483
23810 259
23811 787
23812 774
23813 839
23814 276
23815 464
23816 206
23817 280
23818 378
23819 670
23820 787
23821 74
23822 400
23823 538
23824 679
23825 207
23826 642
23827 257
23828 85
23829 548
23830 40
23831 575
23832 536
23833 577
23834 693
23835 536
23836 605
23837 557
23838 812
23839 259
23840 638
23841 362
23842 767
23843 19
23844 414
23845 230
23846 557
23847 754
23848 202
23849 420
23850 642
23851 837
23852 852
23853 361
23854 345
23855 492
23856 632
23857 217
23858 230
23859 712
23860 547
23861 596
23862 622
23863 592
23864 394
23865 65
23866 414
23867 335
23868 808
23869 565
23870 831
23871 304
23872 257
23873 55
23874 280
23875 402
23876 19
23877 402
23878 347
23879 847
23880 754
23881 821
23882 271
23883 472
23884 520
23885 565
23886 800
23887 510
23888 65
23889 293
23890 713
23891 304
23892 648
23893 638
23894 860
23895 498
23896 556
23897 614
23898 385
23899 200
23900 547
23901 367
23902 467
23903 240
23904 570
23905 631
23906 336
23907 614
23908 55
23909 679
23910 537
23911 331
23912 362
23913 537
23914 498
23915 693
23916 808
23917 538
23918 325
23919 510
23920 670
23921 504
23922 244
23923 757
23924 515
23925 633
23926 550
23927 570
23928 463
23929 461
23930 713
23931 631
23932 472
23933 394
23934 573
23935 438
23936 642
23937 537
23938 637
23939 592
23940 577
23941 442
23942 31
23943 482
23944 577
23945 384
23946 276
23947 627
23948 575
23949 839
23950 461
23951 336
23952 363
23953 713
23954 335
23955 735
23956 338
23957 467
23958 293
23959 637
23960 244
23961 614
23962 325
23963 633
23964 345
23965 547
23966 330
23967 74
23968 712
23969 520
23970 648
23971 234
23972 638
23973 633
23974 330
23975 759
23976 821
23977 642
23978 297
23979 407
23980 759
23981 438
23982 347
23983 442
23984 381
23985 400
23986 61
23987 839
23988 368
23989 433
23990 800
23991 482
23992 550
23993 361
23994 536
23995 584
23996 596
23997 548
23998 239
23999 200
24000 492
24001 831
24002 280
24003 230
24004 407
24005 259
24006 556
24007 627
24008 464
24009 592
24010 236
24011 365
24012 311
24013 438
24014 860
24015 293
24016 381
24017 400
24018 506
24019 757
24020 545
24021 483
24022 367
24023 61
24024 614
24025 504
24026 710
24027 658
24028 229
24029 488
24030 571
24031 614
24032 501
24033 847
24034 40
24035 550
24036 271
24037 348
24038 338
24039 536
24040 19
24041 550
24042 488
24043 385
24044 387
24045 605
24046 632
24047 557
24048 387
24049 767
24050 492
24051 331
24052 488
24053 658
24054 544
24055 787
24056 515
24057 627
24058 311
24059 614
24060 577
24061 433
24062 642
24063 44
24064 575
24065 44
24066 562
24067 672
24068 517
24069 461
24070 259
24071 858
24072 249
24073 812
24074 605
24075 217
24076 780
24077 250
24078 46
24079 492
24080 520
24081 297
24082 630
24083 710
24084 713
24085 584
24086 614
24087 592
24088 250
24089 348
24090 648
24091 236
24092 338
24093 361
24094 544
24095 759
24096 361
24097 325
24098 338
24099 571
24100 693
24101 297
24102 759
24103 780
24104 244
24105 482
24106 501
24107 295
24108 774
24109 368
24110 304
24111 797
24112 435
24113 335
24114 229
24115 433
24116 774
24117 206
24118 46
24119 852
24120 271
24121 529
24122 529
24123 465
24124 529
24125 309
24126 83
24127 49
24128 336
24129 152
24130 381
24131 309
24132 49
24133 624
24134 336
24135 93
24136 336
24137 318
24138 366
24139 173
24140 69
24141 83
24142 309
24143 226
24144 152
24145 226
24146 336
24147 158
24148 381
24149 367
24150 625
24151 288
24152 71
24153 381
24154 83
24155 69
24156 81
24157 173
24158 226
24159 81
24160 49
24161 152
24162 625
24163 624
24164 288
24165 288
24166 71
24167 69
24168 333
24169 352
24170 556
24171 229
24172 678
24173 417
24174 331
24175 228
24176 775
24177 375
24178 229
24179 52
24180 446
24181 300
24182 477
24183 231
24184 834
24185 241
24186 525
24187 243
24188 608
24189 623
24190 229
24191 409
24192 338
24193 395
24194 831
24195 344
24196 706
24197 7
24198 488
24199 241
24200 568
24201 320
24202 330
24203 501
24204 395
24205 409
24206 609
24207 738
24208 623
24209 771
24210 372
24211 288
24212 556
24213 52
24214 515
24215 86
24216 228
24217 340
24218 238
24219 364
24220 385
24221 333
24222 706
24223 356
24224 352
24225 477
24226 344
24227 331
24228 497
24229 501
24230 645
24231 229
24232 385
24233 834
24234 69
24235 372
24236 643
24237 771
24238 344
24239 568
24240 320
24241 582
24242 368
24243 7
24244 333
24245 330
24246 344
24247 672
24248 789
24249 330
24250 300
24251 447
24252 366
24253 300
24254 704
24255 379
24256 241
24257 515
24258 744
24259 86
24260 288
24261 448
24262 229
24263 741
24264 74
24265 9
24266 325
24267 340
24268 74
24269 308
24270 229
24271 461
24272 561
24273 561
24274 86
24275 300
24276 574
24277 568
24278 609
24279 338
24280 477
24281 749
24282 561
24283 379
24284 771
24285 749
24286 714
24287 789
24288 702
24289 300
24290 608
24291 448
24292 418
24293 305
24294 409
24295 417
24296 30
24297 749
24298 703
24299 714
24300 331
24301 409
24302 387
24303 706
24304 9
24305 364
24306 352
24307 704
24308 501
24309 248
24310 42
24311 320
24312 582
24313 678
24314 606
24315 395
24316 623
24317 606
24318 308
24319 42
24320 372
24321 238
24322 673
24323 229
24324 525
24325 525
24326 231
24327 372
24328 73
24329 340
24330 702
24331 418
24332 789
24333 30
24334 375
24335 41
24336 744
24337 488
24338 448
24339 238
24340 461
24341 623
24342 623
24343 609
24344 714
24345 531
24346 86
24347 635
24348 417
24349 356
24350 356
24351 290
24352 333
24353 561
24354 635
24355 607
24356 340
24357 375
24358 418
24359 744
24360 320
24361 608
24362 352
24363 706
24364 678
24365 609
24366 86
24367 242
24368 248
24369 446
24370 248
24371 288
24372 325
24373 673
24374 831
24375 738
24376 395
24377 531
24378 69
24379 497
24380 645
24381 678
24382 364
24383 9
24384 775
24385 325
24386 531
24387 749
24388 488
24389 387
24390 30
24391 356
24392 789
24393 52
24394 831
24395 574
24396 771
24397 305
24398 352
24399 672
24400 531
24401 243
24402 246
24403 335
24404 566
24405 412
24406 356
24407 356
24408 335
24409 257
24410 479
24411 257
24412 257
24413 565
24414 565
24415 412
24416 363
24417 479
24418 505
24419 363
24420 254
24421 383
24422 246
24423 505
24424 561
24425 561
24426 566
24427 355
24428 230
24429 368
24430 368
24431 230
24432 386
24433 656
24434 844
24435 656
24436 648
24437 368
24438 229
24439 844
24440 368
24441 229
24442 514
24443 358
24444 514
24445 514
24446 514
24447 371
24448 371
24449 358
24450 229
24451 229
24452 371
24453 229
24454 514
24455 405
24456 637
24457 220
24458 385
24459 637
24460 385
24461 220
24462 405
24463 640
24464 640
24465 542
24466 542
24467 542
24468 822
24469 822
24470 542
24471 542
24472 542
24473 585
24474 608
24475 312
24476 312
24477 302
24478 406
24479 608
24480 406
24481 302
24482 585
24483 415
24484 670
24485 585
24486 670
24487 845
24488 759
24489 758
24490 759
24491 759
24492 845
24493 845
24494 759
24495 758
24496 848
24497 759
24498 341
24499 399
24500 18
24501 382
24502 358
24503 46
24504 283
24505 379
24506 50
24507 87
24508 70
24509 87
24510 83
24511 54
24512 295
24513 34
24514 217
24515 50
24516 399
24517 85
24518 50
24519 308
24520 8
24521 382
24522 294
24523 272
24524 101
24525 358
24526 19
24527 295
24528 203
24529 50
24530 8
24531 306
24532 399
24533 308
24534 306
24535 18
24536 18
24537 371
24538 45
24539 130
24540 217
24541 316
24542 265
24543 400
24544 36
24545 58
24546 52
24547 295
24548 316
24549 29
24550 20
24551 85
24552 70
24553 309
24554 52
24555 130
24556 260
24557 101
24558 217
24559 70
24560 101
24561 18
24562 20
24563 87
24564 34
24565 36
24566 34
24567 283
24568 403
24569 83
24570 382
24571 11
24572 101
24573 272
24574 273
24575 265
24576 45
24577 11
24578 8
24579 319
24580 379
24581 95
24582 316
24583 379
24584 403
24585 101
24586 29
24587 382
24588 58
24589 37
24590 217
24591 54
24592 80
24593 203
24594 371
24595 217
24596 400
24597 130
24598 260
24599 95
24600 101
24601 101
24602 85
24603 95
24604 11
24605 384
24606 271
24607 319
24608 295
24609 101
24610 316
24611 95
24612 26
24613 106
24614 26
24615 25
24616 9
24617 106
24618 25
24619 25
24620 171
24621 171
24622 175
24623 26
24624 26
24625 171
24626 171
24627 171
24628 26
24629 118
24630 3
24631 3
24632 117
24633 118
24634 241
24635 26
24636 117
24637 281
24638 118
24639 26
24640 57
24641 63
24642 137
24643 137
24644 63
24645 137
24646 63
24647 25
24648 33
24649 9
24650 9
24651 33
24652 33
24653 16
24654 196
24655 68
24656 112
24657 187
24658 12
24659 35
24660 25
24661 133
24662 322
24663 42
24664 76
24665 42
24666 149
24667 322
24668 180
24669 184
24670 89
24671 89
24672 108
24673 99
24674 96
24675 96
24676 15
24677 69
24678 108
24679 97
24680 127
24681 2
24682 196
24683 127
24684 12
24685 113
24686 89
24687 180
24688 2
24689 165
24690 200
24691 200
24692 381
24693 69
24694 127
24695 2
24696 157
24697 157
24698 141
24699 69
24700 34
24701 25
24702 378
24703 16
24704 168
24705 166
24706 168
24707 165
24708 137
24709 133
24710 25
24711 113
24712 128
24713 99
24714 196
24715 156
24716 166
24717 206
24718 76
24719 322
24720 149
24721 184
24722 68
24723 196
24724 166
24725 381
24726 152
24727 112
24728 200
24729 206
24730 141
24731 133
24732 137
24733 200
24734 76
24735 15
24736 108
24737 156
24738 35
24739 168
24740 184
24741 148
24742 152
24743 149
24744 16
24745 76
24746 69
24747 12
24748 148
24749 232
24750 75
24751 353
24752 51
24753 262
24754 91
24755 241
24756 275
24757 380
24758 423
24759 170
24760 351
24761 117
24762 20
24763 423
24764 516
24765 66
24766 128
24767 12
24768 186
24769 719
24770 505
24771 64
24772 51
24773 118
24774 84
24775 254
24776 409
24777 357
24778 353
24779 280
24780 354
24781 398
24782 208
24783 73
24784 415
24785 38
24786 5
24787 350
24788 686
24789 556
24790 735
24791 556
24792 324
24793 75
24794 664
24795 329
24796 389
24797 359
24798 684
24799 291
24800 205
24801 580
24802 122
24803 169
24804 374
24805 348
24806 358
24807 198
24808 664
24809 45
24810 334
24811 262
24812 166
24813 39
24814 374
24815 354
24816 58
24817 169
24818 11
24819 5
24820 412
24821 71
24822 376
24823 96
24824 127
24825 220
24826 45
24827 42
24828 719
24829 93
24830 117
24831 642
24832 97
24833 30
24834 346
24835 536
24836 324
24837 102
24838 277
24839 491
24840 88
24841 423
24842 160
24843 530
24844 69
24845 367
24846 160
24847 791
24848 23
24849 275
24850 415
24851 389
24852 379
24853 359
24854 390
24855 388
24856 359
24857 84
24858 358
24859 303
24860 169
24861 243
24862 487
24863 351
24864 358
24865 186
24866 400
24867 30
24868 39
24869 89
24870 179
24871 148
24872 4
24873 415
24874 122
24875 56
24876 686
24877 378
24878 291
24879 358
24880 333
24881 447
24882 257
24883 93
24884 84
24885 754
24886 168
24887 773
24888 361
24889 234
24890 427
24891 255
24892 333
24893 351
24894 23
24895 794
24896 398
24897 73
24898 234
24899 423
24900 7
24901 428
24902 294
24903 367
24904 232
24905 684
24906 306
24907 358
24908 20
24909 91
24910 380
24911 142
24912 31
24913 229
24914 390
24915 259
24916 306
24917 623
24918 232
24919 89
24920 91
24921 89
24922 187
24923 357
24924 69
24925 262
24926 536
24927 37
24928 537
24929 102
24930 616
24931 400
24932 42
24933 102
24934 427
24935 168
24936 74
24937 238
24938 58
24939 537
24940 229
24941 232
24942 160
24943 459
24944 30
24945 186
24946 262
24947 177
24948 367
24949 320
24950 412
24951 412
24952 10
24953 522
24954 593
24955 25
24956 692
24957 255
24958 426
24959 491
24960 692
24961 284
24962 11
24963 505
24964 407
24965 529
24966 348
24967 208
24968 348
24969 74
24970 400
24971 398
24972 75
24973 275
24974 320
24975 791
24976 459
24977 177
24978 447
24979 407
24980 666
24981 249
24982 217
24983 616
24984 821
24985 37
24986 544
24987 346
24988 173
24989 423
24990 427
24991 257
24992 407
24993 390
24994 510
24995 97
24996 426
24997 227
24998 160
24999 350
25000 627
25001 415
25002 4
25003 221
25004 579
25005 217
25006 148
25007 30
25008 361
25009 160
25010 135
25011 93
25012 324
25013 374
25014 465
25015 642
25016 206
25017 447
25018 76
25019 187
25020 38
25021 206
25022 423
25023 389
25024 89
25025 609
25026 602
25027 796
25028 291
25029 463
25030 142
25031 603
25032 135
25033 794
25034 329
25035 97
25036 515
25037 397
25038 544
25039 821
25040 642
25041 255
25042 243
25043 192
25044 66
25045 51
25046 259
25047 166
25048 426
25049 294
25050 505
25051 217
25052 84
25053 16
25054 609
25055 692
25056 277
25057 4
25058 447
25059 137
25060 357
25061 602
25062 388
25063 208
25064 642
25065 351
25066 367
25067 272
25068 821
25069 64
25070 75
25071 227
25072 463
25073 415
25074 491
25075 16
25076 447
25077 232
25078 350
25079 821
25080 583
25081 303
25082 666
25083 59
25084 217
25085 284
25086 75
25087 206
25088 427
25089 390
25090 116
25091 412
25092 403
25093 220
25094 191
25095 66
25096 59
25097 753
25098 400
25099 173
25100 222
25101 735
25102 198
25103 623
25104 142
25105 179
25106 16
25107 69
25108 735
25109 168
25110 232
25111 324
25112 329
25113 122
25114 510
25115 7
25116 10
25117 773
25118 137
25119 238
25120 56
25121 175
25122 583
25123 291
25124 10
25125 259
25126 205
25127 505
25128 127
25129 179
25130 25
25131 521
25132 208
25133 117
25134 461
25135 75
25136 320
25137 5
25138 187
25139 272
25140 461
25141 217
25142 530
25143 25
25144 820
25145 359
25146 118
25147 249
25148 75
25149 232
25150 579
25151 294
25152 31
25153 38
25154 280
25155 409
25156 284
25157 444
25158 529
25159 64
25160 530
25161 71
25162 7
25163 603
25164 45
25165 168
25166 122
25167 186
25168 179
25169 428
25170 376
25171 361
25172 711
25173 521
25174 753
25175 346
25176 179
25177 415
25178 135
25179 91
25180 711
25181 487
25182 177
25183 515
25184 487
25185 580
25186 773
25187 556
25188 177
25189 465
25190 465
25191 177
25192 378
25193 31
25194 93
25195 117
25196 324
25197 30
25198 192
25199 531
25200 531
25201 531
25202 531
25203 531
25204 531
25205 531
25206 202
25207 202
25208 202
25209 202
25210 682
25211 776
25212 790
25213 352
25214 658
25215 261
25216 805
25217 302
25218 737
25219 489
25220 358
25221 842
25222 842
25223 330
25224 520
25225 757
25226 596
25227 505
25228 348
25229 3
25230 737
25231 266
25232 378
25233 208
25234 273
25235 352
25236 721
25237 838
25238 818
25239 610
25240 816
25241 74
25242 524
25243 602
25244 835
25245 407
25246 752
25247 407
25248 408
25249 474
25250 832
25251 419
25252 370
25253 532
25254 702
25255 785
25256 682
25257 405
25258 858
25259 501
25260 803
25261 606
25262 629
25263 688
25264 726
25265 728
25266 818
25267 418
25268 750
25269 558
25270 658
25271 348
25272 408
25273 846
25274 400
25275 750
25276 373
25277 663
25278 734
25279 590
25280 14
25281 485
25282 811
25283 792
25284 503
25285 775
25286 651
25287 378
25288 636
25289 393
25290 519
25291 836
25292 677
25293 266
25294 761
25295 846
25296 790
25297 518
25298 520
25299 272
25300 617
25301 775
25302 337
25303 602
25304 627
25305 329
25306 617
25307 389
25308 165
25309 692
25310 405
25311 827
25312 610
25313 548
25314 393
25315 330
25316 610
25317 596
25318 538
25319 551
25320 692
25321 658
25322 261
25323 459
25324 766
25325 728
25326 642
25327 562
25328 511
25329 521
25330 602
25331 761
25332 419
25333 805
25334 236
25335 840
25336 816
25337 279
25338 832
25339 831
25340 754
25341 724
25342 811
25343 630
25344 831
25345 687
25346 266
25347 418
25348 602
25349 734
25350 370
25351 628
25352 165
25353 398
25354 102
25355 846
25356 831
25357 713
25358 419
25359 206
25360 721
25361 419
25362 780
25363 717
25364 518
25365 825
25366 538
25367 502
25368 170
25369 627
25370 484
25371 837
25372 419
25373 639
25374 291
25375 818
25376 325
25377 747
25378 358
25379 503
25380 636
25381 87
25382 639
25383 52
25384 855
25385 358
25386 509
25387 352
25388 89
25389 408
25390 747
25391 512
25392 682
25393 310
25394 837
25395 730
25396 703
25397 272
25398 568
25399 842
25400 757
25401 613
25402 557
25403 776
25404 642
25405 858
25406 353
25407 555
25408 528
25409 521
25410 325
25411 400
25412 93
25413 572
25414 291
25415 358
25416 816
25417 787
25418 855
25419 675
25420 3
25421 423
25422 734
25423 628
25424 302
25425 538
25426 539
25427 820
25428 613
25429 459
25430 651
25431 572
25432 102
25433 3
25434 418
25435 93
25436 700
25437 613
25438 426
25439 787
25440 717
25441 737
25442 370
25443 418
25444 221
25445 627
25446 423
25447 170
25448 402
25449 236
25450 734
25451 717
25452 474
25453 532
25454 838
25455 418
25456 691
25457 669
25458 378
25459 840
25460 835
25461 717
25462 761
25463 690
25464 551
25465 400
25466 617
25467 507
25468 93
25469 702
25470 170
25471 202
25472 734
25473 840
25474 539
25475 842
25476 722
25477 373
25478 820
25479 400
25480 52
25481 642
25482 74
25483 687
25484 790
25485 687
25486 807
25487 396
25488 806
25489 482
25490 509
25491 687
25492 568
25493 757
25494 373
25495 690
25496 266
25497 757
25498 642
25499 533
25500 402
25501 675
25502 523
25503 610
25504 509
25505 561
25506 846
25507 561
25508 208
25509 170
25510 846
25511 373
25512 426
25513 444
25514 228
25515 558
25516 384
25517 295
25518 386
25519 769
25520 206
25521 858
25522 829
25523 790
25524 747
25525 400
25526 325
25527 750
25528 663
25529 14
25530 842
25531 669
25532 228
25533 565
25534 426
25535 302
25536 396
25537 747
25538 3
25539 750
25540 523
25541 524
25542 482
25543 502
25544 459
25545 702
25546 807
25547 511
25548 272
25549 524
25550 370
25551 423
25552 842
25553 411
25554 754
25555 329
25556 586
25557 348
25558 801
25559 832
25560 724
25561 590
25562 89
25563 588
25564 501
25565 787
25566 378
25567 518
25568 724
25569 416
25570 769
25571 393
25572 785
25573 568
25574 801
25575 426
25576 411
25577 294
25578 842
25579 518
25580 337
25581 519
25582 702
25583 640
25584 825
25585 3
25586 485
25587 586
25588 565
25589 855
25590 488
25591 509
25592 337
25593 633
25594 816
25595 93
25596 444
25597 811
25598 488
25599 95
25600 627
25601 645
25602 370
25603 507
25604 645
25605 596
25606 588
25607 781
25608 700
25609 606
25610 857
25611 752
25612 507
25613 484
25614 206
25615 836
25616 700
25617 389
25618 587
25619 370
25620 692
25621 538
25622 587
25623 640
25624 502
25625 527
25626 418
25627 721
25628 393
25629 505
25630 658
25631 272
25632 400
25633 766
25634 386
25635 423
25636 387
25637 411
25638 722
25639 846
25640 310
25641 781
25642 555
25643 353
25644 501
25645 538
25646 511
25647 688
25648 690
25649 411
25650 478
25651 276
25652 606
25653 565
25654 89
25655 754
25656 389
25657 691
25658 474
25659 710
25660 352
25661 165
25662 509
25663 818
25664 502
25665 687
25666 636
25667 337
25668 602
25669 304
25670 730
25671 806
25672 504
25673 402
25674 820
25675 484
25676 561
25677 491
25678 524
25679 663
25680 827
25681 426
25682 87
25683 505
25684 330
25685 651
25686 411
25687 393
25688 766
25689 827
25690 304
25691 842
25692 329
25693 691
25694 383
25695 551
25696 295
25697 857
25698 785
25699 855
25700 587
25701 383
25702 780
25703 807
25704 102
25705 505
25706 524
25707 710
25708 305
25709 329
25710 677
25711 840
25712 835
25713 840
25714 276
25715 617
25716 838
25717 426
25718 807
25719 89
25720 229
25721 827
25722 775
25723 555
25724 651
25725 806
25726 721
25727 792
25728 829
25729 700
25730 827
25731 389
25732 565
25733 478
25734 524
25735 640
25736 811
25737 846
25738 829
25739 528
25740 489
25741 488
25742 398
25743 722
25744 587
25745 370
25746 459
25747 459
25748 626
25749 626
25750 459
25751 459
25752 622
25753 459
25754 622
25755 473
25756 473
25757 473
25758 622
25759 622
25760 622
25761 470
25762 500
25763 553
25764 459
25765 457
25766 459
25767 456
25768 461
25769 461
25770 553
25771 461
25772 461
25773 461
25774 456
25775 500
25776 456
25777 500
25778 457
25779 457
25780 161
25781 692
25782 575
25783 460
25784 737
25785 525
25786 196
25787 459
25788 520
25789 644
25790 492
25791 503
25792 592
25793 407
25794 385
25795 85
25796 345
25797 498
25798 450
25799 325
25800 485
25801 85
25802 624
25803 573
25804 295
25805 592
25806 498
25807 254
25808 575
25809 644
25810 527
25811 537
25812 564
25813 563
25814 382
25815 644
25816 442
25817 293
25818 563
25819 85
25820 563
25821 161
25822 481
25823 47
25824 456
25825 503
25826 594
25827 460
25828 475
25829 475
25830 749
25831 388
25832 775
25833 737
25834 83
25835 453
25836 273
25837 595
25838 414
25839 460
25840 196
25841 487
25842 644
25843 595
25844 758
25845 594
25846 441
25847 592
25848 301
25849 450
25850 717
25851 624
25852 450
25853 407
25854 436
25855 520
25856 495
25857 468
25858 467
25859 442
25860 573
25861 634
25862 47
25863 86
25864 509
25865 359
25866 602
25867 313
25868 359
25869 478
25870 413
25871 650
25872 602
25873 472
25874 230
25875 295
25876 644
25877 523
25878 218
25879 467
25880 201
25881 459
25882 492
25883 520
25884 563
25885 841
25886 356
25887 717
25888 798
25889 763
25890 441
25891 614
25892 624
25893 626
25894 843
25895 161
25896 527
25897 841
25898 520
25899 737
25900 525
25901 492
25902 758
25903 581
25904 230
25905 230
25906 388
25907 859
25908 345
25909 595
25910 454
25911 359
25912 453
25913 438
25914 466
25915 563
25916 748
25917 434
25918 492
25919 530
25920 854
25921 219
25922 602
25923 345
25924 537
25925 472
25926 634
25927 692
25928 854
25929 614
25930 758
25931 375
25932 436
25933 523
25934 530
25935 537
25936 254
25937 481
25938 359
25939 575
25940 487
25941 716
25942 614
25943 273
25944 385
25945 467
25946 573
25947 313
25948 492
25949 375
25950 413
25951 485
25952 218
25953 581
25954 626
25955 375
25956 716
25957 434
25958 394
25959 293
25960 498
25961 475
25962 201
25963 669
25964 438
25965 523
25966 763
25967 575
25968 201
25969 301
25970 454
25971 669
25972 505
25973 853
25974 242
25975 742
25976 450
25977 325
25978 798
25979 644
25980 749
25981 748
25982 456
25983 595
25984 530
25985 841
25986 478
25987 453
25988 650
25989 394
25990 466
25991 345
25992 472
25993 499
25994 472
25995 509
25996 495
25997 242
25998 456
25999 742
26000 375
26001 574
26002 585
26003 517
26004 510
26005 491
26006 718
26007 718
26008 497
26009 627
26010 599
26011 517
26012 517
26013 626
26014 849
26015 586
26016 724
26017 445
26018 444
26019 530
26020 627
26021 613
26022 849
26023 849
26024 502
26025 724
26026 480
26027 718
26028 484
26029 480
26030 561
26031 497
26032 630
26033 434
26034 574
26035 849
26036 724
26037 434
26038 484
26039 502
26040 490
26041 510
26042 718
26043 599
26044 480
26045 599
26046 626
26047 586
26048 626
26049 613
26050 630
26051 585
26052 530
26053 718
26054 502
26055 480
26056 561
26057 444
26058 490
26059 626
26060 445
26061 480
26062 599
26063 459
26064 456
26065 461
26066 461
26067 461
26068 456
26069 456
26070 459
26071 470
26072 473
26073 473
26074 473
26075 470
26076 473
26077 470
26078 89
26079 89
26080 528
26081 530
26082 530
26083 528
26084 89
26085 528
26086 89
26087 89
26088 89
26089 44
26090 248
26091 218
26092 392
26093 333
26094 251
26095 586
26096 246
26097 260
26098 452
26099 445
26100 232
26101 362
26102 630
26103 452
26104 371
26105 294
26106 90
26107 467
26108 44
26109 445
26110 303
26111 457
26112 708
26113 455
26114 45
26115 528
26116 604
26117 60
26118 250
26119 60
26120 218
26121 630
26122 232
26123 494
26124 260
26125 463
26126 56
26127 511
26128 630
26129 604
26130 246
26131 340
26132 247
26133 452
26134 493
26135 265
26136 340
26137 532
26138 622
26139 251
26140 93
26141 586
26142 392
26143 600
26144 340
26145 382
26146 250
26147 721
26148 470
26149 586
26150 256
26151 232
26152 708
26153 256
26154 445
26155 340
26156 586
26157 337
26158 317
26159 491
26160 272
26161 787
26162 232
26163 600
26164 384
26165 250
26166 270
26167 559
26168 640
26169 787
26170 272
26171 93
26172 228
26173 57
26174 396
26175 228
26176 270
26177 395
26178 559
26179 248
26180 333
26181 247
26182 44
26183 251
26184 218
26185 493
26186 364
26187 340
26188 637
26189 228
26190 412
26191 395
26192 452
26193 56
26194 787
26195 415
26196 604
26197 721
26198 256
26199 90
26200 106
26201 484
26202 364
26203 307
26204 491
26205 294
26206 93
26207 265
26208 600
26209 525
26210 415
26211 511
26212 412
26213 412
26214 532
26215 443
26216 307
26217 604
26218 294
26219 294
26220 307
26221 600
26222 336
26223 763
26224 463
26225 246
26226 637
26227 371
26228 494
26229 397
26230 525
26231 266
26232 364
26233 56
26234 640
26235 463
26236 317
26237 303
26238 484
26239 604
26240 396
26241 525
26242 260
26243 382
26244 443
26245 45
26246 251
26247 412
26248 266
26249 467
26250 470
26251 362
26252 763
26253 622
26254 336
26255 258
26256 306
26257 455
26258 530
26259 95
26260 532
26261 344
26262 478
26263 671
26264 532
26265 373
26266 227
26267 376
26268 671
26269 538
26270 373
26271 373
26272 477
26273 95
26274 478
26275 532
26276 226
26277 532
26278 478
26279 344
26280 96
26281 373
26282 292
26283 88
26284 532
26285 89
26286 671
26287 227
26288 671
26289 529
26290 532
26291 96
26292 373
26293 538
26294 373
26295 478
26296 668
26297 413
26298 532
26299 538
26300 381
26301 532
26302 668
26303 413
26304 373
26305 530
26306 226
26307 478
26308 478
26309 478
26310 373
26311 478
26312 529
26313 532
26314 88
26315 530
26316 477
26317 413
26318 478
26319 478
26320 668
26321 226
26322 376
26323 408
26324 559
26325 177
26326 330
26327 731
26328 451
26329 408
26330 723
26331 547
26332 81
26333 810
26334 513
26335 524
26336 330
26337 261
26338 438
26339 41
26340 332
26341 435
26342 77
26343 606
26344 495
26345 264
26346 177
26347 45
26348 524
26349 45
26350 810
26351 330
26352 264
26353 723
26354 303
26355 731
26356 205
26357 349
26358 397
26359 524
26360 600
26361 462
26362 607
26363 495
26364 205
26365 55
26366 572
26367 560
26368 530
26369 731
26370 44
26371 547
26372 228
26373 495
26374 832
26375 87
26376 450
26377 205
26378 737
26379 545
26380 608
26381 533
26382 303
26383 559
26384 494
26385 476
26386 600
26387 45
26388 545
26389 167
26390 560
26391 600
26392 832
26393 81
26394 71
26395 41
26396 723
26397 227
26398 610
26399 450
26400 855
26401 610
26402 810
26403 723
26404 397
26405 81
26406 524
26407 571
26408 165
26409 349
26410 77
26411 608
26412 186
26413 3
26414 264
26415 462
26416 516
26417 494
26418 737
26419 606
26420 609
26421 732
26422 450
26423 55
26424 434
26425 571
26426 303
26427 438
26428 524
26429 227
26430 434
26431 228
26432 3
26433 227
26434 462
26435 530
26436 530
26437 411
26438 438
26439 504
26440 438
26441 3
26442 608
26443 165
26444 186
26445 264
26446 811
26447 55
26448 44
26449 855
26450 560
26451 713
26452 513
26453 685
26454 682
26455 685
26456 682
26457 685
26458 325
26459 241
26460 799
26461 479
26462 726
26463 602
26464 560
26465 45
26466 227
26467 167
26468 239
26469 726
26470 803
26471 511
26472 555
26473 691
26474 541
26475 572
26476 30
26477 691
26478 511
26479 577
26480 813
26481 325
26482 781
26483 184
26484 467
26485 348
26486 530
26487 184
26488 61
26489 29
26490 501
26491 803
26492 747
26493 536
26494 468
26495 570
26496 61
26497 510
26498 272
26499 510
26500 544
26501 682
26502 104
26503 467
26504 692
26505 172
26506 753
26507 517
26508 313
26509 726
26510 545
26511 412
26512 548
26513 626
26514 45
26515 327
26516 572
26517 511
26518 635
26519 560
26520 98
26521 692
26522 61
26523 239
26524 803
26525 635
26526 104
26527 87
26528 555
26529 629
26530 501
26531 560
26532 511
26533 61
26534 87
26535 544
26536 536
26537 577
26538 343
26539 227
26540 313
26541 29
26542 709
26543 781
26544 327
26545 611
26546 753
26547 683
26548 602
26549 241
26550 517
26551 479
26552 223
26553 725
26554 228
26555 479
26556 813
26557 325
26558 683
26559 272
26560 555
26561 511
26562 548
26563 241
26564 660
26565 228
26566 725
26567 468
26568 412
26569 577
26570 438
26571 104
26572 172
26573 660
26574 746
26575 511
26576 327
26577 98
26578 371
26579 47
26580 799
26581 626
26582 747
26583 727
26584 504
26585 509
26586 709
26587 511
26588 660
26589 541
26590 555
26591 466
26592 629
26593 435
26594 504
26595 223
26596 466
26597 438
26598 611
26599 517
26600 753
26601 228
26602 555
26603 626
26604 104
26605 371
26606 167
26607 560
26608 479
26609 343
26610 313
26611 569
26612 569
26613 239
26614 348
26615 626
26616 753
26617 509
26618 511
26619 272
26620 813
26621 104
26622 726
26623 104
26624 805
26625 312
26626 87
26627 809
26628 805
26629 688
26630 808
26631 88
26632 90
26633 312
26634 809
26635 764
26636 794
26637 846
26638 857
26639 805
26640 571
26641 342
26642 86
26643 84
26644 312
26645 344
26646 808
26647 804
26648 808
26649 804
26650 800
26651 800
26652 800
26653 290
26654 684
26655 571
26656 857
26657 463
26658 791
26659 804
26660 463
26661 290
26662 685
26663 372
26664 670
26665 794
26666 87
26667 463
26668 404
26669 342
26670 571
26671 290
26672 800
26673 469
26674 791
26675 808
26676 858
26677 372
26678 783
26679 84
26680 88
26681 808
26682 86
26683 89
26684 808
26685 372
26686 857
26687 86
26688 88
26689 418
26690 684
26691 13
26692 312
26693 571
26694 469
26695 800
26696 344
26697 469
26698 809
26699 404
26700 846
26701 90
26702 86
26703 10
26704 764
26705 794
26706 858
26707 805
26708 418
26709 670
26710 858
26711 791
26712 800
26713 10
26714 783
26715 571
26716 768
26717 809
26718 344
26719 794
26720 805
26721 86
26722 846
26723 794
26724 808
26725 682
26726 500
26727 135
26728 500
26729 502
26730 480
26731 480
26732 480
26733 502
26734 480
26735 486
26736 138
26737 140
26738 140
26739 140
26740 135
26741 137
26742 486
26743 500
26744 494
26745 486
26746 486
26747 135
26748 135
26749 500
26750 501
26751 473
26752 482
26753 513
26754 513
26755 501
26756 502
26757 513
26758 747
26759 663
26760 502
26761 747
26762 663
26763 513
26764 473
26765 376
26766 502
26767 376
26768 747
26769 825
26770 542
26771 586
26772 437
26773 483
26774 480
26775 825
26776 825
26777 437
26778 558
26779 558
26780 542
26781 483
26782 816
26783 483
26784 586
26785 483
26786 853
26787 275
26788 348
26789 443
26790 308
26791 786
26792 304
26793 40
26794 648
26795 386
26796 628
26797 446
26798 402
26799 558
26800 570
26801 628
26802 40
26803 582
26804 440
26805 505
26806 775
26807 631
26808 446
26809 321
26810 796
26811 557
26812 481
26813 368
26814 436
26815 433
26816 622
26817 706
26818 317
26819 637
26820 624
26821 470
26822 650
26823 548
26824 804
26825 654
26826 227
26827 610
26828 831
26829 68
26830 825
26831 838
26832 552
26833 484
26834 237
26835 679
26836 368
26837 670
26838 527
26839 458
26840 411
26841 480
26842 632
26843 800
26844 800
26845 759
26846 364
26847 386
26848 565
26849 858
26850 668
26851 744
26852 825
26853 227
26854 628
26855 308
26856 436
26857 227
26858 786
26859 606
26860 605
26861 775
26862 632
26863 424
26864 679
26865 347
26866 744
26867 748
26868 853
26869 610
26870 271
26871 487
26872 838
26873 68
26874 223
26875 484
26876 259
26877 619
26878 635
26879 584
26880 479
26881 825
26882 621
26883 793
26884 347
26885 569
26886 360
26887 480
26888 763
26889 690
26890 744
26891 616
26892 386
26893 624
26894 304
26895 558
26896 455
26897 548
26898 480
26899 616
26900 853
26901 505
26902 715
26903 570
26904 525
26905 527
26906 763
26907 259
26908 154
26909 336
26910 525
26911 719
26912 715
26913 682
26914 638
26915 756
26916 623
26917 831
26918 336
26919 288
26920 360
26921 481
26922 570
26923 823
26924 853
26925 695
26926 322
26927 322
26928 420
26929 484
26930 227
26931 484
26932 75
26933 424
26934 804
26935 364
26936 347
26937 619
26938 637
26939 615
26940 786
26941 505
26942 530
26943 317
26944 433
26945 392
26946 858
26947 742
26948 322
26949 424
26950 458
26951 402
26952 668
26953 490
26954 547
26955 490
26956 552
26957 569
26958 822
26959 732
26960 557
26961 271
26962 282
26963 745
26964 584
26965 525
26966 387
26967 756
26968 719
26969 763
26970 271
26971 40
26972 424
26973 496
26974 668
26975 373
26976 671
26977 525
26978 635
26979 488
26980 149
26981 307
26982 337
26983 373
26984 668
26985 364
26986 624
26987 450
26988 605
26989 149
26990 458
26991 822
26992 778
26993 458
26994 472
26995 525
26996 386
26997 606
26998 601
26999 530
27000 668
27001 823
27002 823
27003 488
27004 154
27005 671
27006 505
27007 695
27008 237
27009 484
27010 601
27011 373
27012 392
27013 748
27014 530
27015 670
27016 472
27017 748
27018 715
27019 772
27020 75
27021 424
27022 505
27023 321
27024 557
27025 440
27026 519
27027 462
27028 480
27029 360
27030 805
27031 455
27032 763
27033 337
27034 411
27035 772
27036 227
27037 392
27038 634
27039 387
27040 75
27041 402
27042 75
27043 462
27044 409
27045 621
27046 450
27047 615
27048 690
27049 433
27050 800
27051 348
27052 307
27053 793
27054 619
27055 308
27056 558
27057 682
27058 615
27059 745
27060 757
27061 336
27062 259
27063 635
27064 584
27065 778
27066 606
27067 732
27068 424
27069 706
27070 775
27071 622
27072 277
27073 411
27074 706
27075 69
27076 565
27077 420
27078 582
27079 582
27080 619
27081 748
27082 259
27083 621
27084 436
27085 546
27086 518
27087 610
27088 71
27089 349
27090 835
27091 835
27092 770
27093 530
27094 488
27095 364
27096 496
27097 288
27098 719
27099 223
27100 565
27101 277
27102 770
27103 496
27104 470
27105 695
27106 610
27107 277
27108 632
27109 610
27110 790
27111 518
27112 847
27113 606
27114 472
27115 479
27116 237
27117 472
27118 440
27119 322
27120 733
27121 733
27122 732
27123 71
27124 771
27125 470
27126 616
27127 580
27128 359
27129 487
27130 401
27131 805
27132 358
27133 294
27134 294
27135 656
27136 596
27137 61
27138 359
27139 773
27140 504
27141 113
27142 680
27143 179
27144 536
27145 233
27146 538
27147 505
27148 487
27149 372
27150 548
27151 637
27152 596
27153 413
27154 233
27155 579
27156 687
27157 118
27158 635
27159 456
27160 457
27161 373
27162 447
27163 514
27164 447
27165 638
27166 602
27167 487
27168 294
27169 480
27170 656
27171 372
27172 179
27173 464
27174 358
27175 337
27176 412
27177 548
27178 805
27179 447
27180 182
27181 143
27182 459
27183 182
27184 504
27185 638
27186 464
27187 656
27188 456
27189 579
27190 504
27191 645
27192 413
27193 692
27194 617
27195 410
27196 480
27197 165
27198 576
27199 635
27200 388
27201 89
27202 638
27203 516
27204 447
27205 768
27206 457
27207 579
27208 234
27209 680
27210 768
27211 412
27212 337
27213 698
27214 77
27215 576
27216 383
27217 320
27218 839
27219 373
27220 773
27221 487
27222 453
27223 97
27224 46
27225 131
27226 617
27227 449
27228 145
27229 410
27230 180
27231 645
27232 617
27233 100
27234 337
27235 113
27236 580
27237 412
27238 456
27239 522
27240 504
27241 464
27242 514
27243 46
27244 835
27245 459
27246 768
27247 413
27248 388
27249 538
27250 457
27251 536
27252 548
27253 602
27254 453
27255 412
27256 456
27257 100
27258 645
27259 383
27260 77
27261 89
27262 576
27263 773
27264 670
27265 698
27266 698
27267 638
27268 410
27269 670
27270 516
27271 131
27272 143
27273 522
27274 118
27275 358
27276 645
27277 97
27278 410
27279 373
27280 320
27281 835
27282 46
27283 637
27284 61
27285 579
27286 698
27287 412
27288 524
27289 113
27290 548
27291 704
27292 530
27293 704
27294 513
27295 513
27296 502
27297 513
27298 704
27299 502
27300 705
27301 534
27302 502
27303 502
27304 480
27305 542
27306 542
27307 483
27308 480
27309 480
27310 483
27311 486
27312 486
27313 486
27314 136
27315 137
27316 137
27317 136
27318 138
27319 136
27320 136
27321 138
27322 118
27323 110
27324 97
27325 110
27326 111
27327 136
27328 165
27329 97
27330 165
27331 139
27332 106
27333 118
27334 118
27335 139
27336 146
27337 136
27338 146
27339 136
27340 110
27341 137
27342 137
27343 57
27344 57
27345 62
27346 20
27347 57
27348 20
27349 139
27350 57
27351 126
27352 18
27353 58
27354 139
27355 139
27356 58
27357 132
27358 201
27359 58
27360 62
27361 201
27362 126
27363 201
27364 201
27365 133
27366 57
27367 18
27368 62
27369 20
27370 137
27371 58
27372 133
27373 136
27374 197
27375 122
27376 201
27377 197
27378 136
27379 122
27380 201
27381 126
27382 197
27383 197
27384 126
27385 197
27386 122
27387 136
27388 127
27389 138
27390 187
27391 187
27392 172
27393 136
27394 136
27395 44
27396 72
27397 160
27398 180
27399 96
27400 27
27401 3
27402 136
27403 136
27404 1
27405 152
27406 44
27407 114
27408 72
27409 310
27410 321
27411 152
27412 72
27413 55
27414 24
27415 193
27416 6
27417 90
27418 112
27419 111
27420 70
27421 160
27422 62
27423 321
27424 55
27425 72
27426 77
27427 127
27428 83
27429 136
27430 193
27431 24
27432 6
27433 83
27434 5
27435 314
27436 62
27437 27
27438 140
27439 62
27440 127
27441 68
27442 98
27443 27
27444 398
27445 180
27446 167
27447 140
27448 6
27449 83
27450 132
27451 152
27452 5
27453 127
27454 160
27455 70
27456 165
27457 96
27458 3
27459 27
27460 167
27461 314
27462 1
27463 165
27464 165
27465 180
27466 77
27467 111
27468 132
27469 395
27470 95
27471 77
27472 68
27473 140
27474 158
27475 62
27476 110
27477 110
27478 132
27479 168
27480 68
27481 114
27482 24
27483 6
27484 24
27485 165
27486 180
27487 132
27488 90
27489 90
27490 23
27491 70
27492 152
27493 132
27494 165
27495 5
27496 395
27497 112
27498 152
27499 6
27500 193
27501 156
27502 415
27503 23
27504 188
27505 398
27506 118
27507 281
27508 138
27509 121
27510 367
27511 174
27512 43
27513 597
27514 134
27515 38
27516 53
27517 285
27518 46
27519 119
27520 281
27521 207
27522 46
27523 136
27524 78
27525 207
27526 56
27527 406
27528 154
27529 424
27530 24
27531 32
27532 27
27533 121
27534 355
27535 174
27536 111
27537 294
27538 86
27539 139
27540 149
27541 21
27542 62
27543 71
27544 15
27545 294
27546 21
27547 285
27548 27
27549 198
27550 149
27551 108
27552 133
27553 798
27554 374
27555 108
27556 52
27557 236
27558 141
27559 121
27560 281
27561 188
27562 33
27563 459
27564 740
27565 60
27566 115
27567 32
27568 24
27569 102
27570 116
27571 143
27572 24
27573 188
27574 165
27575 91
27576 136
27577 46
27578 146
27579 121
27580 146
27581 139
27582 165
27583 111
27584 153
27585 248
27586 594
27587 121
27588 180
27589 27
27590 137
27591 371
27592 688
27593 180
27594 285
27595 156
27596 594
27597 415
27598 111
27599 205
27600 92
27601 19
27602 5
27603 371
27604 23
27605 146
27606 181
27607 172
27608 3
27609 144
27610 23
27611 23
27612 32
27613 139
27614 134
27615 68
27616 234
27617 118
27618 78
27619 424
27620 141
27621 122
27622 121
27623 417
27624 119
27625 355
27626 47
27627 459
27628 189
27629 110
27630 141
27631 86
27632 121
27633 91
27634 201
27635 71
27636 6
27637 139
27638 137
27639 139
27640 122
27641 68
27642 5
27643 507
27644 154
27645 139
27646 123
27647 123
27648 14
27649 374
27650 108
27651 118
27652 112
27653 594
27654 141
27655 139
27656 99
27657 98
27658 60
27659 52
27660 427
27661 374
27662 113
27663 149
27664 117
27665 92
27666 92
27667 163
27668 146
27669 123
27670 205
27671 108
27672 14
27673 201
27674 129
27675 225
27676 78
27677 417
27678 156
27679 427
27680 211
27681 3
27682 241
27683 294
27684 144
27685 15
27686 163
27687 33
27688 261
27689 144
27690 145
27691 234
27692 261
27693 78
27694 172
27695 188
27696 38
27697 62
27698 24
27699 78
27700 143
27701 174
27702 154
27703 114
27704 27
27705 123
27706 56
27707 22
27708 114
27709 597
27710 181
27711 174
27712 102
27713 139
27714 86
27715 143
27716 110
27717 133
27718 134
27719 62
27720 113
27721 201
27722 162
27723 508
27724 156
27725 174
27726 827
27727 211
27728 141
27729 141
27730 146
27731 118
27732 145
27733 248
27734 43
27735 134
27736 189
27737 261
27738 15
27739 294
27740 508
27741 740
27742 118
27743 139
27744 406
27745 827
27746 188
27747 6
27748 156
27749 207
27750 190
27751 111
27752 507
27753 123
27754 39
27755 139
27756 424
27757 62
27758 245
27759 188
27760 43
27761 141
27762 374
27763 24
27764 248
27765 110
27766 162
27767 115
27768 740
27769 111
27770 47
27771 98
27772 27
27773 111
27774 163
27775 112
27776 23
27777 149
27778 145
27779 23
27780 143
27781 46
27782 424
27783 110
27784 86
27785 162
27786 188
27787 245
27788 117
27789 138
27790 508
27791 798
27792 108
27793 78
27794 688
27795 146
27796 22
27797 60
27798 424
27799 99
27800 33
27801 138
27802 39
27803 226
27804 198
27805 139
27806 139
27807 27
27808 138
27809 92
27810 115
27811 143
27812 153
27813 52
27814 121
27815 113
27816 92
27817 139
27818 91
27819 111
27820 472
27821 415
27822 285
27823 144
27824 134
27825 19
27826 190
27827 47
27828 424
27829 24
27830 20
27831 20
27832 225
27833 106
27834 184
27835 38
27836 172
27837 116
27838 688
27839 21
27840 129
27841 236
27842 149
27843 149
27844 172
27845 99
27846 119
27847 165
27848 110
27849 571
27850 571
27851 622
27852 656
27853 656
27854 656
27855 454
27856 454
27857 622
27858 571
27859 454
27860 571
27861 571
27862 571
27863 784
27864 576
27865 531
27866 668
27867 617
27868 402
27869 519
27870 805
27871 712
27872 762
27873 651
27874 661
27875 364
27876 290
27877 559
27878 837
27879 743
27880 858
27881 740
27882 739
27883 665
27884 778
27885 563
27886 780
27887 734
27888 804
27889 689
27890 519
27891 688
27892 770
27893 471
27894 716
27895 471
27896 842
27897 605
27898 661
27899 311
27900 699
27901 415
27902 458
27903 728
27904 656
27905 591
27906 162
27907 290
27908 815
27909 816
27910 844
27911 725
27912 852
27913 848
27914 820
27915 837
27916 162
27917 722
27918 753
27919 858
27920 402
27921 728
27922 716
27923 811
27924 687
27925 750
27926 743
27927 725
27928 212
27929 686
27930 754
27931 471
27932 804
27933 642
27934 820
27935 583
27936 811
27937 778
27938 605
27939 750
27940 714
27941 665
27942 791
27943 278
27944 748
27945 827
27946 725
27947 737
27948 640
27949 610
27950 805
27951 802
27952 670
27953 794
27954 739
27955 853
27956 731
27957 663
27958 835
27959 653
27960 730
27961 778
27962 770
27963 458
27964 739
27965 543
27966 674
27967 780
27968 605
27969 725
27970 657
27971 608
27972 591
27973 778
27974 444
27975 699
27976 858
27977 741
27978 689
27979 444
27980 597
27981 663
27982 770
27983 741
27984 820
27985 542
27986 519
27987 778
27988 838
27989 642
27990 355
27991 471
27992 162
27993 597
27994 618
27995 722
27996 728
27997 725
27998 837
27999 759
28000 848
28001 802
28002 692
28003 311
28004 680
28005 759
28006 727
28007 600
28008 718
28009 734
28010 674
28011 853
28012 784
28013 731
28014 617
28015 697
28016 677
28017 686
28018 740
28019 699
28020 802
28021 665
28022 722
28023 792
28024 663
28025 517
28026 810
28027 727
28028 402
28029 718
28030 290
28031 517
28032 407
28033 794
28034 743
28035 853
28036 720
28037 714
28038 364
28039 618
28040 744
28041 711
28042 752
28043 771
28044 853
28045 617
28046 688
28047 670
28048 657
28049 815
28050 471
28051 415
28052 687
28053 680
28054 671
28055 827
28056 740
28057 835
28058 718
28059 792
28060 311
28061 563
28062 386
28063 803
28064 679
28065 805
28066 712
28067 642
28068 679
28069 699
28070 543
28071 827
28072 711
28073 661
28074 674
28075 748
28076 802
28077 212
28078 744
28079 278
28080 686
28081 734
28082 531
28083 759
28084 423
28085 680
28086 365
28087 542
28088 311
28089 478
28090 741
28091 737
28092 583
28093 674
28094 444
28095 858
28096 805
28097 653
28098 835
28099 610
28100 663
28101 699
28102 747
28103 519
28104 517
28105 727
28106 722
28107 617
28108 386
28109 803
28110 531
28111 480
28112 718
28113 753
28114 859
28115 407
28116 750
28117 740
28118 697
28119 635
28120 564
28121 725
28122 792
28123 688
28124 720
28125 810
28126 597
28127 640
28128 730
28129 665
28130 754
28131 844
28132 478
28133 661
28134 754
28135 365
28136 680
28137 635
28138 722
28139 478
28140 415
28141 852
28142 858
28143 423
28144 162
28145 423
28146 727
28147 727
28148 480
28149 386
28150 531
28151 688
28152 792
28153 402
28154 677
28155 776
28156 668
28157 365
28158 564
28159 816
28160 600
28161 415
28162 858
28163 576
28164 600
28165 816
28166 748
28167 478
28168 776
28169 776
28170 519
28171 576
28172 670
28173 858
28174 737
28175 780
28176 815
28177 607
28178 670
28179 651
28180 696
28181 681
28182 658
28183 696
28184 681
28185 656
28186 492
28187 518
28188 543
28189 544
28190 503
28191 45
28192 489
28193 489
28194 589
28195 403
28196 349
28197 544
28198 544
28199 623
28200 403
28201 762
28202 657
28203 290
28204 531
28205 465
28206 328
28207 454
28208 601
28209 471
28210 574
28211 500
28212 471
28213 657
28214 600
28215 440
28216 465
28217 328
28218 580
28219 598
28220 789
28221 433
28222 506
28223 520
28224 566
28225 489
28226 483
28227 543
28228 404
28229 432
28230 657
28231 45
28232 518
28233 603
28234 561
28235 598
28236 515
28237 492
28238 524
28239 657
28240 544
28241 537
28242 492
28243 361
28244 713
28245 589
28246 466
28247 580
28248 552
28249 483
28250 543
28251 454
28252 283
28253 843
28254 609
28255 421
28256 704
28257 765
28258 483
28259 45
28260 786
28261 550
28262 433
28263 837
28264 291
28265 556
28266 438
28267 762
28268 738
28269 543
28270 520
28271 440
28272 471
28273 568
28274 556
28275 552
28276 507
28277 544
28278 434
28279 584
28280 786
28281 550
28282 283
28283 361
28284 288
28285 552
28286 762
28287 95
28288 705
28289 513
28290 841
28291 584
28292 95
28293 404
28294 837
28295 452
28296 714
28297 704
28298 465
28299 515
28300 489
28301 500
28302 601
28303 552
28304 404
28305 678
28306 581
28307 705
28308 738
28309 507
28310 328
28311 465
28312 610
28313 432
28314 291
28315 611
28316 438
28317 580
28318 518
28319 559
28320 452
28321 291
28322 421
28323 452
28324 733
28325 288
28326 328
28327 584
28328 580
28329 601
28330 786
28331 574
28332 566
28333 283
28334 361
28335 657
28336 95
28337 568
28338 416
28339 566
28340 559
28341 349
28342 640
28343 438
28344 550
28345 550
28346 598
28347 435
28348 403
28349 531
28350 798
28351 623
28352 531
28353 611
28354 291
28355 798
28356 452
28357 765
28358 714
28359 561
28360 609
28361 733
28362 544
28363 328
28364 640
28365 560
28366 503
28367 566
28368 566
28369 434
28370 416
28371 500
28372 466
28373 678
28374 584
28375 537
28376 506
28377 524
28378 291
28379 361
28380 440
28381 621
28382 556
28383 765
28384 584
28385 610
28386 465
28387 452
28388 556
28389 513
28390 466
28391 841
28392 503
28393 513
28394 465
28395 466
28396 438
28397 610
28398 471
28399 747
28400 842
28401 272
28402 609
28403 841
28404 841
28405 516
28406 571
28407 471
28408 324
28409 325
28410 301
28411 301
28412 842
28413 842
28414 459
28415 554
28416 325
28417 524
28418 454
28419 516
28420 524
28421 516
28422 747
28423 678
28424 301
28425 759
28426 842
28427 324
28428 609
28429 324
28430 609
28431 842
28432 301
28433 842
28434 301
28435 461
28436 678
28437 524
28438 759
28439 566
28440 750
28441 554
28442 461
28443 841
28444 759
28445 566
28446 571
28447 750
28448 461
28449 842
28450 516
28451 841
28452 454
28453 609
28454 471
28455 622
28456 571
28457 479
28458 625
28459 566
28460 561
28461 802
28462 802
28463 563
28464 802
28465 566
28466 635
28467 635
28468 217
28469 408
28470 337
28471 497
28472 625
28473 497
28474 622
28475 251
28476 561
28477 707
28478 265
28479 381
28480 225
28481 673
28482 691
28483 381
28484 251
28485 673
28486 707
28487 728
28488 364
28489 503
28490 503
28491 359
28492 359
28493 622
28494 251
28495 691
28496 359
28497 622
28498 225
28499 474
28500 503
28501 669
28502 381
28503 265
28504 474
28505 268
28506 806
28507 636
28508 432
28509 544
28510 241
28511 317
28512 777
28513 224
28514 595
28515 366
28516 589
28517 351
28518 841
28519 435
28520 858
28521 579
28522 165
28523 316
28524 60
28525 432
28526 747
28527 636
28528 442
28529 624
28530 309
28531 858
28532 607
28533 453
28534 385
28535 789
28536 361
28537 508
28538 797
28539 849
28540 465
28541 493
28542 607
28543 458
28544 432
28545 692
28546 525
28547 472
28548 277
28549 366
28550 351
28551 643
28552 569
28553 412
28554 86
28555 448
28556 457
28557 507
28558 624
28559 764
28560 841
28561 453
28562 490
28563 780
28564 456
28565 715
28566 353
28567 530
28568 448
28569 90
28570 764
28571 308
28572 462
28573 354
28574 459
28575 311
28576 420
28577 385
28578 443
28579 635
28580 500
28581 460
28582 589
28583 59
28584 849
28585 488
28586 528
28587 857
28588 453
28589 457
28590 37
28591 453
28592 90
28593 507
28594 514
28595 715
28596 801
28597 351
28598 191
28599 576
28600 800
28601 442
28602 198
28603 470
28604 500
28605 56
28606 692
28607 591
28608 780
28609 717
28610 456
28611 57
28612 635
28613 708
28614 191
28615 465
28616 514
28617 805
28618 514
28619 692
28620 493
28621 546
28622 241
28623 624
28624 225
28625 577
28626 779
28627 525
28628 641
28629 802
28630 420
28631 826
28632 797
28633 633
28634 545
28635 624
28636 490
28637 525
28638 624
28639 857
28640 751
28641 311
28642 805
28643 840
28644 643
28645 796
28646 557
28647 550
28648 781
28649 780
28650 165
28651 594
28652 579
28653 557
28654 599
28655 448
28656 692
28657 490
28658 442
28659 227
28660 229
28661 512
28662 550
28663 351
28664 488
28665 464
28666 27
28667 589
28668 497
28669 497
28670 577
28671 351
28672 806
28673 57
28674 764
28675 406
28676 284
28677 781
28678 489
28679 470
28680 692
28681 37
28682 512
28683 595
28684 432
28685 550
28686 358
28687 57
28688 453
28689 308
28690 460
28691 659
28692 534
28693 500
28694 366
28695 594
28696 327
28697 28
28698 410
28699 421
28700 353
28701 595
28702 227
28703 530
28704 528
28705 558
28706 421
28707 90
28708 685
28709 416
28710 747
28711 514
28712 435
28713 751
28714 827
28715 488
28716 558
28717 589
28718 836
28719 705
28720 406
28721 633
28722 462
28723 453
28724 779
28725 544
28726 759
28727 464
28728 797
28729 443
28730 777
28731 794
28732 550
28733 789
28734 569
28735 546
28736 546
28737 385
28738 747
28739 570
28740 327
28741 493
28742 453
28743 544
28744 358
28745 705
28746 558
28747 56
28748 191
28749 577
28750 805
28751 576
28752 420
28753 657
28754 685
28755 557
28756 659
28757 534
28758 589
28759 528
28760 794
28761 414
28762 316
28763 459
28764 717
28765 576
28766 414
28767 500
28768 464
28769 789
28770 493
28771 570
28772 508
28773 324
28774 780
28775 277
28776 579
28777 366
28778 457
28779 705
28780 224
28781 635
28782 780
28783 37
28784 849
28785 59
28786 412
28787 715
28788 827
28789 284
28790 836
28791 717
28792 27
28793 198
28794 493
28795 840
28796 317
28797 554
28798 595
28799 493
28800 198
28801 599
28802 412
28803 759
28804 643
28805 342
28806 764
28807 342
28808 836
28809 657
28810 317
28811 324
28812 662
28813 802
28814 439
28815 346
28816 346
28817 378
28818 675
28819 339
28820 802
28821 675
28822 662
28823 378
28824 662
28825 675
28826 662
28827 643
28828 325
28829 802
28830 339
28831 643
28832 325
28833 442
28834 439
28835 378
28836 64
28837 220
28838 563
28839 97
28840 231
28841 259
28842 87
28843 265
28844 87
28845 563
28846 220
28847 64
28848 233
28849 231
28850 64
28851 563
28852 233
28853 550
28854 231
28855 550
28856 64
28857 802
28858 542
28859 566
28860 654
28861 809
28862 806
28863 806
28864 809
28865 809
28866 806
28867 809
28868 809
28869 567
28870 809
28871 806
28872 648
28873 768
28874 768
28875 768
28876 658
28877 648
28878 492
28879 648
28880 492
28881 648
28882 648
28883 648
28884 768
28885 792
28886 774
28887 792
28888 792
28889 768
28890 791
28891 606
28892 542
28893 796
28894 796
28895 542
28896 542
28897 606
28898 791
28899 796
28900 542
28901 542
28902 792
28903 768
28904 542
28905 792
28906 768
28907 811
28908 768
28909 811
28910 553
28911 415
28912 713
28913 332
28914 331
28915 524
28916 713
28917 553
28918 707
28919 715
28920 707
28921 768
28922 332
28923 553
28924 328
28925 579
28926 707
28927 328
28928 331
28929 414
28930 553
28931 789
28932 524
28933 524
28934 768
28935 658
28936 792
28937 774
28938 792
28939 792
28940 702
28941 704
28942 767
28943 752
28944 702
28945 702
28946 774
28947 704
28948 752
28949 774
28950 792
28951 702
28952 767
28953 792
28954 751
28955 648
28956 649
28957 649
28958 662
28959 649
28960 479
28961 528
28962 648
28963 648
28964 648
28965 428
28966 429
28967 429
28968 428
28969 428
28970 428
28971 428
28972 428
28973 422
28974 422
28975 422
28976 422
28977 422
28978 429
28979 429
28980 422
28981 429
28982 422
28983 429
28984 428
28985 756
28986 421
28987 412
28988 419
28989 419
28990 422
28991 412
28992 428
28993 422
28994 419
28995 428
28996 426
28997 422
28998 426
28999 106
29000 427
29001 426
29002 421
29003 424
29004 100
29005 424
29006 426
29007 428
29008 407
29009 419
29010 407
29011 424
29012 758
29013 419
29014 426
29015 106
29016 106
29017 412
29018 412
29019 424
29020 423
29021 100
29022 419
29023 424
29024 419
29025 408
29026 106
29027 356
29028 427
29029 423
29030 356
29031 428
29032 424
29033 426
29034 422
29035 423
29036 427
29037 355
29038 421
29039 426
29040 427
29041 426
29042 421
29043 427
29044 422
29045 356
29046 758
29047 428
29048 63
29049 61
29050 61
29051 64
29052 264
29053 64
29054 46
29055 63
29056 64
29057 63
29058 46
29059 46
29060 63
29061 109
29062 63
29063 201
29064 63
29065 63
29066 167
29067 167
29068 116
29069 125
29070 167
29071 165
29072 165
29073 117
29074 167
29075 63
29076 42
29077 165
29078 116
29079 47
29080 109
29081 63
29082 115
29083 49
29084 63
29085 201
29086 47
29087 116
29088 49
29089 117
29090 116
29091 63
29092 116
29093 109
29094 42
29095 115
29096 201
29097 125
29098 42
29099 116
29100 116
29101 49
29102 210
29103 210
29104 63
29105 99
29106 61
29107 288
29108 99
29109 288
29110 61
29111 17
29112 64
29113 286
29114 286
29115 604
29116 276
29117 17
29118 64
29119 220
29120 356
29121 270
29122 357
29123 356
29124 438
29125 438
29126 357
29127 604
29128 29
29129 219
29130 219
29131 17
29132 357
29133 29
29134 220
29135 274
29136 274
29137 356
29138 604
29139 17
29140 30
29141 289
29142 447
29143 17
29144 270
29145 17
29146 357
29147 270
29148 446
29149 446
29150 20
29151 438
29152 30
29153 447
29154 270
29155 264
29156 264
29157 320
29158 105
29159 167
29160 119
29161 90
29162 64
29163 278
29164 45
29165 45
29166 76
29167 101
29168 86
29169 11
29170 55
29171 5
29172 32
29173 24
29174 64
29175 52
29176 379
29177 78
29178 287
29179 11
29180 105
29181 55
29182 9
29183 149
29184 296
29185 388
29186 296
29187 52
29188 22
29189 99
29190 391
29191 22
29192 52
29193 90
29194 104
29195 380
29196 16
29197 278
29198 76
29199 81
29200 379
29201 36
29202 279
29203 16
29204 5
29205 24
29206 78
29207 16
29208 9
29209 105
29210 119
29211 388
29212 5
29213 39
29214 187
29215 76
29216 187
29217 24
29218 87
29219 32
29220 401
29221 379
29222 99
29223 78
29224 16
29225 81
29226 379
29227 104
29228 55
29229 39
29230 391
29231 320
29232 150
29233 36
29234 149
29235 9
29236 81
29237 90
29238 104
29239 36
29240 22
29241 588
29242 5
29243 16
29244 39
29245 45
29246 81
29247 150
29248 5
29249 287
29250 115
29251 401
29252 287
29253 320
29254 47
29255 86
29256 55
29257 86
29258 55
29259 22
29260 388
29261 101
29262 86
29263 401
29264 105
29265 101
29266 119
29267 22
29268 9
29269 32
29270 167
29271 32
29272 115
29273 13
29274 32
29275 5
29276 724
29277 295
29278 724
29279 549
29280 444
29281 731
29282 177
29283 463
29284 570
29285 479
29286 707
29287 46
29288 304
29289 570
29290 521
29291 731
29292 549
29293 549
29294 45
29295 451
29296 742
29297 177
29298 458
29299 444
29300 370
29301 521
29302 45
29303 444
29304 304
29305 724
29306 742
29307 451
29308 570
29309 304
29310 479
29311 549
29312 2
29313 201
29314 63
29315 55
29316 167
29317 63
29318 55
29319 167
29320 63
29321 49
29322 63
29323 2
29324 2
29325 14
29326 55
29327 115
29328 49
29329 63
29330 201
29331 167
29332 115
29333 49
29334 14
29335 167
29336 63
29337 14
29338 115
29339 201
29340 14
29341 115
29342 115
29343 17
29344 64
29345 220
29346 17
29347 64
29348 574
29349 220
29350 357
29351 446
29352 438
29353 550
29354 357
29355 550
29356 17
29357 357
29358 220
29359 17
29360 270
29361 798
29362 17
29363 798
29364 64
29365 270
29366 270
29367 17
29368 438
29369 270
29370 446
29371 446
29372 438
29373 574
29374 270
29375 63
29376 63
29377 63
29378 167
29379 63
29380 49
29381 63
29382 116
29383 14
29384 63
29385 115
29386 49
29387 24
29388 49
29389 167
29390 167
29391 49
29392 14
29393 116
29394 24
29395 116
29396 199
29397 14
29398 116
29399 49
29400 167
29401 355
29402 46
29403 187
29404 187
29405 187
29406 355
29407 48
29408 14
29409 14
29410 14
29411 48
29412 63
29413 394
29414 332
29415 324
29416 392
29417 392
29418 649
29419 632
29420 632
29421 627
29422 394
29423 649
29424 553
29425 338
29426 791
29427 791
29428 791
29429 339
29430 553
29431 333
29432 333
29433 383
29434 383
29435 383
29436 233
29437 406
29438 232
29439 763
29440 763
29441 232
29442 768
29443 406
29444 406
29445 331
29446 335
29447 383
29448 406
29449 763
29450 331
29451 383
29452 383
29453 621
29454 383
29455 621
29456 383
29457 383
29458 383
29459 383
29460 406
29461 594
29462 722
29463 233
29464 406
29465 406
29466 605
29467 605
29468 594
29469 628
29470 233
29471 722
29472 619
29473 804
29474 763
29475 649
29476 504
29477 456
29478 569
29479 485
29480 675
29481 477
29482 350
29483 379
29484 441
29485 49
29486 636
29487 464
29488 471
29489 573
29490 437
29491 638
29492 378
29493 554
29494 780
29495 686
29496 551
29497 812
29498 424
29499 387
29500 721
29501 689
29502 804
29503 367
29504 526
29505 739
29506 51
29507 841
29508 475
29509 592
29510 491
29511 610
29512 534
29513 783
29514 477
29515 735
29516 833
29517 636
29518 526
29519 592
29520 726
29521 686
29522 4
29523 252
29524 491
29525 1
29526 723
29527 395
29528 483
29529 86
29530 526
29531 268
29532 515
29533 543
29534 608
29535 573
29536 670
29537 599
29538 445
29539 778
29540 504
29541 670
29542 366
29543 197
29544 86
29545 64
29546 783
29547 838
29548 776
29549 776
29550 723
29551 448
29552 794
29553 49
29554 442
29555 283
29556 360
29557 455
29558 395
29559 449
29560 491
29561 753
29562 851
29563 721
29564 753
29565 649
29566 607
29567 64
29568 586
29569 437
29570 644
29571 569
29572 778
29573 437
29574 94
29575 841
29576 378
29577 330
29578 639
29579 810
29580 477
29581 763
29582 726
29583 293
29584 464
29585 543
29586 803
29587 687
29588 74
29589 366
29590 614
29591 372
29592 795
29593 794
29594 764
29595 504
29596 534
29597 532
29598 491
29599 701
29600 326
29601 485
29602 599
29603 753
29604 97
29605 443
29606 763
29607 326
29608 523
29609 545
29610 795
29611 417
29612 795
29613 526
29614 628
29615 783
29616 753
29617 639
29618 643
29619 445
29620 473
29621 515
29622 545
29623 505
29624 741
29625 252
29626 84
29627 283
29628 624
29629 384
29630 787
29631 861
29632 404
29633 1
29634 475
29635 387
29636 384
29637 753
29638 780
29639 4
29640 608
29641 841
29642 584
29643 808
29644 735
29645 802
29646 803
29647 473
29648 739
29649 485
29650 456
29651 619
29652 628
29653 643
29654 185
29655 551
29656 455
29657 701
29658 569
29659 387
29660 456
29661 804
29662 543
29663 477
29664 624
29665 449
29666 592
29667 650
29668 4
29669 787
29670 595
29671 614
29672 417
29673 532
29674 492
29675 829
29676 534
29677 848
29678 592
29679 808
29680 829
29681 743
29682 491
29683 445
29684 268
29685 701
29686 417
29687 802
29688 599
29689 586
29690 384
29691 834
29692 675
29693 404
29694 762
29695 632
29696 595
29697 395
29698 832
29699 681
29700 198
29701 505
29702 441
29703 689
29704 675
29705 639
29706 523
29707 94
29708 442
29709 619
29710 611
29711 778
29712 620
29713 404
29714 841
29715 592
29716 283
29717 84
29718 295
29719 456
29720 271
29721 611
29722 532
29723 614
29724 689
29725 628
29726 492
29727 527
29728 611
29729 582
29730 84
29731 448
29732 185
29733 483
29734 543
29735 628
29736 269
29737 252
29738 582
29739 532
29740 607
29741 619
29742 198
29743 448
29744 638
29745 813
29746 1
29747 477
29748 554
29749 464
29750 252
29751 595
29752 610
29753 650
29754 350
29755 573
29756 701
29757 832
29758 569
29759 852
29760 787
29761 478
29762 683
29763 639
29764 829
29765 861
29766 608
29767 506
29768 350
29769 483
29770 780
29771 743
29772 527
29773 534
29774 850
29775 51
29776 526
29777 372
29778 554
29779 763
29780 741
29781 293
29782 445
29783 850
29784 813
29785 841
29786 838
29787 361
29788 295
29789 808
29790 269
29791 471
29792 437
29793 534
29794 762
29795 638
29796 852
29797 471
29798 834
29799 471
29800 834
29801 360
29802 619
29803 445
29804 810
29805 776
29806 4
29807 559
29808 802
29809 551
29810 683
29811 543
29812 762
29813 554
29814 532
29815 45
29816 595
29817 603
29818 45
29819 503
29820 420
29821 420
29822 336
29823 389
29824 802
29825 94
29826 381
29827 360
29828 426
29829 502
29830 405
29831 777
29832 392
29833 637
29834 200
29835 814
29836 45
29837 296
29838 337
29839 650
29840 689
29841 383
29842 852
29843 795
29844 783
29845 502
29846 405
29847 822
29848 376
29849 359
29850 650
29851 94
29852 392
29853 781
29854 380
29855 171
29856 373
29857 690
29858 374
29859 196
29860 324
29861 383
29862 360
29863 359
29864 491
29865 420
29866 94
29867 296
29868 392
29869 543
29870 376
29871 852
29872 814
29873 502
29874 420
29875 360
29876 389
29877 200
29878 426
29879 185
29880 491
29881 783
29882 389
29883 196
29884 3
29885 783
29886 94
29887 491
29888 3
29889 376
29890 171
29891 374
29892 426
29893 294
29894 420
29895 417
29896 389
29897 822
29898 200
29899 407
29900 383
29901 642
29902 407
29903 395
29904 200
29905 376
29906 797
29907 595
29908 642
29909 383
29910 447
29911 380
29912 392
29913 373
29914 221
29915 405
29916 93
29917 802
29918 815
29919 336
29920 426
29921 642
29922 447
29923 376
29924 420
29925 802
29926 407
29927 689
29928 390
29929 822
29930 232
29931 417
29932 529
29933 393
29934 426
29935 407
29936 797
29937 802
29938 383
29939 94
29940 392
29941 383
29942 447
29943 3
29944 543
29945 529
29946 200
29947 93
29948 637
29949 420
29950 420
29951 395
29952 640
29953 529
29954 392
29955 502
29956 529
29957 503
29958 405
29959 773
29960 693
29961 232
29962 858
29963 324
29964 502
29965 797
29966 407
29967 858
29968 407
29969 777
29970 502
29971 773
29972 595
29973 360
29974 690
29975 376
29976 417
29977 294
29978 447
29979 543
29980 595
29981 405
29982 389
29983 405
29984 529
29985 373
29986 376
29987 360
29988 374
29989 642
29990 543
29991 693
29992 405
29993 548
29994 795
29995 773
29996 773
29997 376
29998 94
29999 324
