30000 45
30001 390
30002 763
30003 783
30004 359
30005 389
30006 94
30007 822
30008 405
30009 777
30010 389
30011 200
30012 405
30013 689
30014 554
30015 92
30016 405
30017 405
30018 376
30019 92
30020 94
30021 473
30022 690
30023 374
30024 360
30025 360
30026 94
30027 543
30028 376
30029 420
30030 815
30031 200
30032 822
30033 420
30034 783
30035 45
30036 783
30037 94
30038 420
30039 389
30040 822
30041 200
30042 46
30043 595
30044 375
30045 254
30046 797
30047 797
30048 375
30049 45
30050 420
30051 407
30052 689
30053 446
30054 407
30055 359
30056 797
30057 254
30058 446
30059 375
30060 420
30061 389
30062 680
30063 554
30064 773
30065 822
30066 773
30067 797
30068 680
30069 777
30070 595
30071 711
30072 376
30073 389
30074 473
30075 690
30076 405
30077 389
30078 405
30079 783
30080 375
30081 374
30082 543
30083 405
30084 254
30085 773
30086 376
30087 94
30088 405
30089 380
30090 630
30091 623
30092 624
30093 783
30094 502
30095 783
30096 675
30097 502
30098 675
30099 766
30100 380
30101 763
30102 383
30103 383
30104 766
30105 383
30106 502
30107 405
30108 383
30109 405
30110 623
30111 595
30112 45
30113 638
30114 175
30115 46
30116 817
30117 94
30118 822
30119 817
30120 415
30121 638
30122 595
30123 389
30124 105
30125 596
30126 63
30127 63
30128 543
30129 389
30130 595
30131 405
30132 405
30133 773
30134 175
30135 410
30136 514
30137 171
30138 46
30139 675
30140 773
30141 105
30142 543
30143 554
30144 773
30145 441
30146 641
30147 232
30148 402
30149 94
30150 171
30151 240
30152 232
30153 675
30154 240
30155 175
30156 175
30157 240
30158 688
30159 417
30160 516
30161 686
30162 415
30163 514
30164 241
30165 242
30166 499
30167 94
30168 402
30169 543
30170 499
30171 389
30172 491
30173 105
30174 514
30175 175
30176 554
30177 543
30178 641
30179 773
30180 595
30181 232
30182 390
30183 543
30184 402
30185 410
30186 441
30187 543
30188 405
30189 490
30190 817
30191 554
30192 773
30193 405
30194 641
30195 402
30196 603
30197 841
30198 854
30199 396
30200 788
30201 650
30202 351
30203 263
30204 518
30205 493
30206 817
30207 511
30208 679
30209 520
30210 448
30211 448
30212 817
30213 851
30214 448
30215 263
30216 747
30217 243
30218 576
30219 449
30220 650
30221 518
30222 746
30223 746
30224 768
30225 814
30226 462
30227 796
30228 841
30229 510
30230 224
30231 680
30232 396
30233 576
30234 493
30235 603
30236 841
30237 679
30238 511
30239 546
30240 344
30241 768
30242 854
30243 528
30244 522
30245 228
30246 224
30247 396
30248 576
30249 546
30250 650
30251 746
30252 396
30253 522
30254 796
30255 814
30256 461
30257 510
30258 511
30259 528
30260 576
30261 343
30262 243
30263 510
30264 518
30265 746
30266 797
30267 520
30268 461
30269 768
30270 788
30271 546
30272 546
30273 263
30274 343
30275 351
30276 854
30277 814
30278 603
30279 680
30280 257
30281 260
30282 257
30283 741
30284 800
30285 778
30286 741
30287 778
30288 333
30289 624
30290 406
30291 800
30292 624
30293 621
30294 800
30295 406
30296 406
30297 330
30298 624
30299 406
30300 778
30301 260
30302 778
30303 333
30304 624
30305 594
30306 105
30307 351
30308 508
30309 469
30310 484
30311 702
30312 372
30313 798
30314 417
30315 594
30316 702
30317 92
30318 406
30319 656
30320 372
30321 564
30322 802
30323 798
30324 522
30325 92
30326 484
30327 675
30328 352
30329 662
30330 3
30331 564
30332 814
30333 533
30334 602
30335 798
30336 541
30337 811
30338 801
30339 541
30340 352
30341 675
30342 484
30343 541
30344 3
30345 811
30346 656
30347 814
30348 104
30349 522
30350 814
30351 610
30352 92
30353 407
30354 702
30355 508
30356 801
30357 602
30358 372
30359 104
30360 105
30361 662
30362 541
30363 407
30364 3
30365 798
30366 562
30367 351
30368 656
30369 353
30370 3
30371 562
30372 798
30373 353
30374 541
30375 562
30376 811
30377 798
30378 372
30379 104
30380 594
30381 406
30382 508
30383 331
30384 853
30385 364
30386 331
30387 364
30388 357
30389 353
30390 357
30391 353
30392 353
30393 789
30394 789
30395 335
30396 379
30397 379
30398 379
30399 837
30400 621
30401 383
30402 621
30403 383
30404 383
30405 621
30406 383
30407 383
30408 671
30409 406
30410 406
30411 671
30412 671
30413 763
30414 675
30415 675
30416 763
30417 331
30418 375
30419 0
30420 0
30421 0
30422 0
30423 16
30424 16
30425 0
30426 0
30427 4
30428 145
30429 2
30430 4
30431 69
30432 176
30433 1
30434 0
30435 145
30436 69
30437 148
30438 79
30439 176
30440 335
30441 158
30442 0
30443 3
30444 68
30445 2
30446 176
30447 68
30448 79
30449 145
30450 192
30451 148
30452 192
30453 335
30454 158
30455 181
30456 192
30457 2
30458 176
30459 159
30460 0
30461 166
30462 166
30463 186
30464 186
30465 0
30466 0
30467 49
30468 49
30469 140
30470 148
30471 3
30472 140
30473 0
30474 0
30475 0
30476 3
30477 0
30478 6
30479 0
30480 0
30481 6
30482 0
30483 34
30484 18
30485 35
30486 18
30487 35
30488 34
30489 16
30490 35
30491 0
30492 148
30493 145
30494 2
30495 176
30496 145
30497 1
30498 145
30499 148
30500 1
30501 176
30502 186
30503 2
30504 176
30505 145
30506 2
30507 148
30508 145
30509 176
30510 176
30511 316
30512 316
30513 316
30514 316
30515 316
30516 289
30517 316
30518 316
30519 316
30520 315
30521 315
30522 289
30523 316
30524 316
30525 289
30526 837
30527 291
30528 832
30529 285
30530 832
30531 316
30532 291
30533 799
30534 285
30535 804
30536 802
30537 313
30538 292
30539 289
30540 291
30541 289
30542 285
30543 285
30544 313
30545 837
30546 799
30547 804
30548 316
30549 292
30550 316
30551 842
30552 762
30553 642
30554 780
30555 561
30556 659
30557 489
30558 49
30559 555
30560 762
30561 339
30562 708
30563 201
30564 468
30565 313
30566 625
30567 494
30568 535
30569 848
30570 848
30571 223
30572 385
30573 830
30574 761
30575 434
30576 637
30577 200
30578 780
30579 101
30580 637
30581 561
30582 482
30583 441
30584 708
30585 596
30586 712
30587 842
30588 823
30589 607
30590 434
30591 693
30592 535
30593 799
30594 332
30595 494
30596 816
30597 346
30598 300
30599 385
30600 357
30601 426
30602 701
30603 607
30604 607
30605 30
30606 487
30607 780
30608 780
30609 701
30610 816
30611 410
30612 830
30613 300
30614 517
30615 301
30616 583
30617 367
30618 512
30619 339
30620 280
30621 385
30622 301
30623 581
30624 484
30625 30
30626 637
30627 686
30628 555
30629 728
30630 223
30631 551
30632 447
30633 435
30634 483
30635 385
30636 411
30637 637
30638 367
30639 435
30640 385
30641 227
30642 221
30643 630
30644 712
30645 581
30646 854
30647 482
30648 625
30649 201
30650 389
30651 439
30652 446
30653 837
30654 625
30655 389
30656 823
30657 484
30658 838
30659 837
30660 639
30661 555
30662 494
30663 441
30664 346
30665 859
30666 447
30667 488
30668 848
30669 596
30670 494
30671 708
30672 201
30673 724
30674 410
30675 195
30676 859
30677 573
30678 601
30679 630
30680 369
30681 283
30682 633
30683 562
30684 447
30685 384
30686 607
30687 637
30688 260
30689 512
30690 651
30691 512
30692 201
30693 221
30694 683
30695 838
30696 346
30697 639
30698 332
30699 562
30700 316
30701 333
30702 697
30703 517
30704 489
30705 466
30706 517
30707 489
30708 484
30709 573
30710 633
30711 227
30712 790
30713 49
30714 642
30715 260
30716 313
30717 43
30718 384
30719 799
30720 861
30721 301
30722 816
30723 596
30724 524
30725 581
30726 488
30727 837
30728 535
30729 260
30730 260
30731 449
30732 799
30733 761
30734 633
30735 859
30736 601
30737 447
30738 809
30739 517
30740 848
30741 30
30742 854
30743 49
30744 291
30745 280
30746 280
30747 861
30748 712
30749 697
30750 200
30751 357
30752 683
30753 601
30754 49
30755 693
30756 332
30757 785
30758 357
30759 630
30760 724
30761 291
30762 291
30763 683
30764 524
30765 823
30766 410
30767 410
30768 43
30769 468
30770 741
30771 483
30772 588
30773 785
30774 626
30775 517
30776 526
30777 339
30778 686
30779 626
30780 830
30781 494
30782 439
30783 651
30784 637
30785 762
30786 651
30787 551
30788 588
30789 809
30790 607
30791 454
30792 790
30793 454
30794 466
30795 583
30796 601
30797 316
30798 315
30799 315
30800 316
30801 15
30802 265
30803 15
30804 14
30805 15
30806 15
30807 15
30808 14
30809 57
30810 65
30811 286
30812 193
30813 7
30814 119
30815 13
30816 15
30817 65
30818 195
30819 122
30820 57
30821 604
30822 58
30823 357
30824 355
30825 67
30826 122
30827 122
30828 58
30829 58
30830 604
30831 286
30832 357
30833 58
30834 120
30835 355
30836 119
30837 355
30838 119
30839 67
30840 13
30841 67
30842 57
30843 13
30844 193
30845 286
30846 122
30847 15
30848 15
30849 195
30850 7
30851 265
30852 39
30853 38
30854 5
30855 5
30856 38
30857 34
30858 354
30859 341
30860 391
30861 95
30862 55
30863 34
30864 15
30865 16
30866 342
30867 170
30868 95
30869 9
30870 170
30871 15
30872 342
30873 391
30874 57
30875 16
30876 340
30877 95
30878 341
30879 354
30880 15
30881 340
30882 55
30883 383
30884 95
30885 5
30886 35
30887 34
30888 55
30889 55
30890 55
30891 366
30892 71
30893 18
30894 118
30895 118
30896 20
30897 20
30898 18
30899 71
30900 366
30901 14
30902 34
30903 14
30904 20
30905 20
30906 34
30907 71
30908 35
30909 366
30910 47
30911 29
30912 36
30913 14
30914 14
30915 49
30916 370
30917 15
30918 78
30919 2
30920 47
30921 86
30922 165
30923 8
30924 21
30925 225
30926 162
30927 95
30928 303
30929 264
30930 307
30931 46
30932 45
30933 93
30934 36
30935 29
30936 21
30937 67
30938 154
30939 382
30940 14
30941 21
30942 136
30943 12
30944 400
30945 78
30946 21
30947 277
30948 36
30949 266
30950 303
30951 38
30952 165
30953 39
30954 81
30955 371
30956 8
30957 101
30958 81
30959 370
30960 45
30961 81
30962 200
30963 101
30964 383
30965 93
30966 47
30967 55
30968 67
30969 39
30970 54
30971 54
30972 29
30973 277
30974 78
30975 38
30976 303
30977 86
30978 303
30979 78
30980 200
30981 136
30982 225
30983 383
30984 382
30985 285
30986 400
30987 21
30988 2
30989 307
30990 285
30991 264
30992 264
30993 49
30994 383
30995 343
30996 153
30997 268
30998 153
30999 36
31000 8
31001 225
31002 398
31003 225
31004 29
31005 411
31006 81
31007 277
31008 95
31009 81
31010 371
31011 95
31012 382
31013 81
31014 382
31015 101
31016 165
31017 162
31018 38
31019 411
31020 21
31021 95
31022 136
31023 18
31024 56
31025 18
31026 341
31027 57
31028 15
31029 15
31030 56
31031 15
31032 341
31033 57
31034 340
31035 341
31036 340
31037 340
31038 57
31039 7
31040 13
31041 15
31042 57
31043 267
31044 58
31045 662
31046 662
31047 122
31048 58
31049 58
31050 267
31051 58
31052 267
31053 122
31054 57
31055 58
31056 57
31057 13
31058 15
31059 13
31060 7
31061 55
31062 55
31063 34
31064 34
31065 14
31066 34
31067 55
31068 593
31069 593
31070 571
31071 571
31072 593
31073 586
31074 381
31075 384
31076 387
31077 387
31078 384
31079 381
31080 593
31081 782
31082 593
31083 782
31084 571
31085 99
31086 99
31087 100
31088 100
31089 133
31090 99
31091 21
31092 21
31093 39
31094 39
31095 98
31096 39
31097 98
31098 133
31099 133
31100 99
31101 99
31102 197
31103 60
31104 156
31105 150
31106 197
31107 100
31108 151
31109 151
31110 59
31111 150
31112 150
31113 156
31114 60
31115 150
31116 156
31117 189
31118 156
31119 59
31120 150
31121 156
31122 99
31123 73
31124 31
31125 18
31126 34
31127 17
31128 34
31129 31
31130 95
31131 54
31132 392
31133 97
31134 17
31135 99
31136 36
31137 17
31138 18
31139 9
31140 100
31141 53
31142 12
31143 315
31144 12
31145 33
31146 79
31147 119
31148 264
31149 97
31150 97
31151 79
31152 392
31153 34
31154 70
31155 57
31156 57
31157 18
31158 317
31159 97
31160 81
31161 380
31162 55
31163 119
31164 57
31165 81
31166 392
31167 22
31168 24
31169 31
31170 317
31171 9
31172 318
31173 100
31174 17
31175 81
31176 54
31177 338
31178 12
31179 36
31180 318
31181 36
31182 95
31183 100
31184 20
31185 10
31186 319
31187 52
31188 119
31189 255
31190 13
31191 319
31192 53
31193 13
31194 339
31195 54
31196 99
31197 119
31198 24
31199 24
31200 57
31201 81
31202 380
31203 338
31204 279
31205 24
31206 315
31207 12
31208 279
31209 22
31210 12
31211 255
31212 265
31213 53
31214 18
31215 99
31216 13
31217 33
31218 70
31219 24
31220 696
31221 696
31222 664
31223 696
31224 822
31225 696
31226 813
31227 525
31228 525
31229 822
31230 525
31231 822
31232 525
31233 454
31234 696
31235 696
31236 525
31237 696
31238 664
31239 417
31240 417
31241 402
31242 417
31243 402
31244 417
31245 417
31246 402
31247 366
31248 417
31249 402
31250 808
31251 303
31252 390
31253 272
31254 388
31255 272
31256 150
31257 399
31258 275
31259 150
31260 303
31261 297
31262 366
31263 698
31264 402
31265 399
31266 698
31267 531
31268 152
31269 808
31270 808
31271 402
31272 402
31273 303
31274 531
31275 303
31276 531
31277 297
31278 808
31279 417
31280 698
31281 403
31282 808
31283 402
31284 813
31285 811
31286 808
31287 603
31288 549
31289 549
31290 521
31291 606
31292 606
31293 606
31294 606
31295 325
31296 555
31297 521
31298 603
31299 521
31300 603
31301 549
31302 606
31303 603
31304 603
31305 603
31306 603
31307 603
31308 656
31309 650
31310 652
31311 650
31312 549
31313 656
31314 549
31315 549
31316 545
31317 549
31318 505
31319 695
31320 695
31321 695
31322 505
31323 524
31324 505
31325 505
31326 505
31327 505
31328 695
31329 515
31330 672
31331 843
31332 581
31333 524
31334 585
31335 759
31336 610
31337 523
31338 523
31339 759
31340 581
31341 610
31342 843
31343 524
31344 524
31345 759
31346 843
31347 515
31348 585
31349 768
31350 695
31351 695
31352 695
31353 505
31354 523
31355 605
31356 584
31357 523
31358 581
31359 524
31360 585
31361 605
31362 610
31363 523
31364 523
31365 581
31366 610
31367 570
31368 524
31369 524
31370 585
31371 585
31372 584
31373 505
31374 505
31375 75
31376 407
31377 407
31378 142
31379 71
31380 138
31381 71
31382 75
31383 142
31384 150
31385 71
31386 138
31387 75
31388 117
31389 3
31390 117
31391 147
31392 75
31393 147
31394 117
31395 75
31396 292
31397 292
31398 300
31399 357
31400 356
31401 407
31402 117
31403 117
31404 142
31405 117
31406 142
31407 776
31408 776
31409 776
31410 776
31411 796
31412 770
31413 796
31414 764
31415 764
31416 770
31417 774
31418 776
31419 693
31420 693
31421 693
31422 693
31423 693
31424 693
31425 770
31426 649
31427 714
31428 713
31429 774
31430 649
31431 774
31432 770
31433 713
31434 770
31435 500
31436 662
31437 662
31438 693
31439 662
31440 662
31441 500
31442 693
31443 745
31444 758
31445 308
31446 554
31447 590
31448 717
31449 525
31450 509
31451 705
31452 756
31453 579
31454 547
31455 633
31456 756
31457 851
31458 752
31459 745
31460 545
31461 368
31462 809
31463 832
31464 468
31465 579
31466 536
31467 608
31468 764
31469 665
31470 696
31471 617
31472 445
31473 689
31474 833
31475 807
31476 803
31477 828
31478 691
31479 802
31480 844
31481 511
31482 665
31483 422
31484 543
31485 695
31486 813
31487 738
31488 856
31489 850
31490 758
31491 694
31492 546
31493 699
31494 545
31495 322
31496 376
31497 584
31498 358
31499 419
31500 709
31501 803
31502 699
31503 809
31504 747
31505 381
31506 595
31507 731
31508 717
31509 579
31510 699
31511 406
31512 652
31513 419
31514 738
31515 801
31516 445
31517 629
31518 705
31519 726
31520 721
31521 477
31522 837
31523 505
31524 731
31525 592
31526 552
31527 655
31528 611
31529 620
31530 514
31531 757
31532 406
31533 721
31534 632
31535 779
31536 665
31537 741
31538 586
31539 659
31540 648
31541 809
31542 573
31543 705
31544 617
31545 809
31546 576
31547 851
31548 691
31549 793
31550 515
31551 450
31552 828
31553 698
31554 554
31555 859
31556 410
31557 769
31558 810
31559 764
31560 759
31561 309
31562 759
31563 595
31564 699
31565 709
31566 837
31567 641
31568 849
31569 860
31570 468
31571 845
31572 788
31573 406
31574 788
31575 859
31576 793
31577 787
31578 663
31579 525
31580 759
31581 498
31582 514
31583 594
31584 620
31585 608
31586 515
31587 852
31588 465
31589 573
31590 832
31591 449
31592 849
31593 376
31594 859
31595 844
31596 449
31597 345
31598 629
31599 543
31600 318
31601 419
31602 552
31603 629
31604 410
31605 586
31606 698
31607 793
31608 858
31609 576
31610 673
31611 845
31612 295
31613 810
31614 273
31615 721
31616 641
31617 649
31618 794
31619 536
31620 832
31621 621
31622 579
31623 764
31624 781
31625 620
31626 615
31627 709
31628 800
31629 621
31630 621
31631 695
31632 802
31633 793
31634 449
31635 774
31636 590
31637 721
31638 681
31639 589
31640 844
31641 652
31642 381
31643 726
31644 659
31645 842
31646 309
31647 807
31648 512
31649 813
31650 652
31651 850
31652 800
31653 589
31654 652
31655 756
31656 693
31657 733
31658 781
31659 731
31660 778
31661 726
31662 748
31663 828
31664 295
31665 537
31666 721
31667 525
31668 699
31669 345
31670 649
31671 808
31672 543
31673 641
31674 772
31675 659
31676 667
31677 505
31678 764
31679 696
31680 845
31681 781
31682 845
31683 652
31684 837
31685 662
31686 691
31687 499
31688 696
31689 681
31690 586
31691 667
31692 782
31693 554
31694 608
31695 506
31696 511
31697 617
31698 731
31699 620
31700 595
31701 859
31702 512
31703 778
31704 591
31705 779
31706 615
31707 632
31708 631
31709 726
31710 841
31711 800
31712 778
31713 655
31714 632
31715 801
31716 637
31717 637
31718 322
31719 525
31720 828
31721 787
31722 509
31723 748
31724 547
31725 809
31726 740
31727 772
31728 772
31729 709
31730 422
31731 368
31732 741
31733 358
31734 573
31735 584
31736 545
31737 406
31738 839
31739 672
31740 841
31741 796
31742 842
31743 850
31744 781
31745 745
31746 809
31747 681
31748 672
31749 592
31750 859
31751 591
31752 477
31753 839
31754 393
31755 844
31756 648
31757 851
31758 584
31759 594
31760 745
31761 536
31762 592
31763 733
31764 782
31765 638
31766 662
31767 694
31768 468
31769 547
31770 422
31771 747
31772 800
31773 358
31774 318
31775 779
31776 673
31777 696
31778 579
31779 689
31780 652
31781 506
31782 318
31783 845
31784 537
31785 616
31786 696
31787 421
31788 308
31789 465
31790 649
31791 595
31792 498
31793 693
31794 537
31795 554
31796 698
31797 665
31798 594
31799 707
31800 808
31801 794
31802 368
31803 620
31804 796
31805 590
31806 731
31807 633
31808 586
31809 717
31810 655
31811 273
31812 741
31813 800
31814 779
31815 768
31816 833
31817 573
31818 741
31819 345
31820 616
31821 782
31822 580
31823 841
31824 631
31825 421
31826 611
31827 829
31828 468
31829 345
31830 693
31831 693
31832 693
31833 696
31834 696
31835 520
31836 202
31837 696
31838 520
31839 202
31840 696
31841 696
31842 520
31843 520
31844 523
31845 802
31846 523
31847 460
31848 465
31849 460
31850 465
31851 696
31852 696
31853 525
31854 460
31855 802
31856 465
31857 696
31858 699
31859 515
31860 520
31861 517
31862 632
31863 638
31864 635
31865 632
31866 525
31867 517
31868 638
31869 170
31870 170
31871 590
31872 698
31873 453
31874 698
31875 457
31876 700
31877 552
31878 696
31879 557
31880 696
31881 789
31882 700
31883 453
31884 784
31885 789
31886 552
31887 552
31888 557
31889 789
31890 517
31891 517
31892 698
31893 784
31894 590
31895 453
31896 517
31897 700
31898 572
31899 517
31900 433
31901 533
31902 629
31903 598
31904 520
31905 533
31906 433
31907 629
31908 520
31909 521
31910 598
31911 485
31912 433
31913 202
31914 3
31915 3
31916 356
31917 356
31918 202
31919 3
31920 356
31921 501
31922 696
31923 696
31924 453
31925 457
31926 552
31927 552
31928 554
31929 501
31930 457
31931 552
31932 554
31933 453
31934 501
31935 696
31936 552
31937 696
31938 524
31939 519
31940 524
31941 519
31942 520
31943 519
31944 520
31945 553
31946 553
31947 563
31948 520
31949 525
31950 525
31951 549
31952 525
31953 173
31954 171
31955 175
31956 171
31957 173
31958 189
31959 169
31960 173
31961 173
31962 189
31963 189
31964 169
31965 189
31966 173
31967 165
31968 171
31969 162
31970 169
31971 162
31972 175
31973 63
31974 96
31975 2
31976 89
31977 199
31978 111
31979 469
31980 1
31981 75
31982 96
31983 87
31984 64
31985 10
31986 65
31987 7
31988 19
31989 22
31990 324
31991 48
31992 808
31993 597
31994 468
31995 65
31996 125
31997 639
31998 65
31999 150
32000 109
32001 111
32002 22
32003 76
32004 621
32005 103
32006 96
32007 125
32008 154
32009 156
32010 121
32011 386
32012 20
32013 37
32014 96
32015 32
32016 121
32017 386
32018 156
32019 28
32020 137
32021 621
32022 119
32023 150
32024 546
32025 109
32026 321
32027 26
32028 10
32029 63
32030 64
32031 119
32032 22
32033 805
32034 96
32035 66
32036 75
32037 7
32038 404
32039 546
32040 808
32041 321
32042 171
32043 75
32044 150
32045 137
32046 76
32047 109
32048 87
32049 18
32050 157
32051 66
32052 18
32053 70
32054 19
32055 2
32056 28
32057 125
32058 72
32059 37
32060 204
32061 103
32062 32
32063 48
32064 66
32065 154
32066 26
32067 103
32068 157
32069 75
32070 20
32071 87
32072 171
32073 10
32074 404
32075 10
32076 70
32077 65
32078 10
32079 65
32080 469
32081 178
32082 28
32083 204
32084 404
32085 66
32086 48
32087 199
32088 1
32089 189
32090 169
32091 173
32092 173
32093 189
32094 169
32095 189
32096 189
32097 264
32098 265
32099 853
32100 264
32101 265
32102 264
32103 852
32104 852
32105 264
32106 265
32107 268
32108 265
32109 268
32110 265
32111 268
32112 264
32113 265
32114 265
32115 265
32116 60
32117 274
32118 53
32119 60
32120 81
32121 312
32122 6
32123 109
32124 74
32125 104
32126 27
32127 20
32128 75
32129 322
32130 130
32131 109
32132 42
32133 109
32134 20
32135 95
32136 37
32137 155
32138 36
32139 273
32140 74
32141 130
32142 32
32143 155
32144 78
32145 53
32146 31
32147 383
32148 109
32149 110
32150 92
32151 10
32152 290
32153 42
32154 32
32155 286
32156 322
32157 37
32158 36
32159 312
32160 53
32161 10
32162 22
32163 264
32164 75
32165 21
32166 10
32167 78
32168 10
32169 37
32170 83
32171 27
32172 20
32173 78
32174 6
32175 49
32176 378
32177 110
32178 17
32179 130
32180 6
32181 286
32182 104
32183 130
32184 383
32185 10
32186 60
32187 17
32188 109
32189 312
32190 82
32191 22
32192 37
32193 273
32194 273
32195 274
32196 266
32197 42
32198 80
32199 21
32200 81
32201 312
32202 53
32203 80
32204 47
32205 53
32206 145
32207 10
32208 49
32209 92
32210 10
32211 145
32212 266
32213 104
32214 378
32215 322
32216 31
32217 22
32218 47
32219 266
32220 74
32221 20
32222 155
32223 267
32224 265
32225 265
32226 265
32227 267
32228 391
32229 289
32230 391
32231 289
32232 381
32233 539
32234 294
32235 294
32236 434
32237 482
32238 434
32239 578
32240 578
32241 578
32242 578
32243 578
32244 622
32245 626
32246 578
32247 578
32248 578
32249 578
32250 578
32251 578
32252 734
32253 751
32254 330
32255 751
32256 363
32257 432
32258 750
32259 184
32260 42
32261 311
32262 375
32263 737
32264 685
32265 752
32266 734
32267 840
32268 614
32269 223
32270 338
32271 833
32272 448
32273 798
32274 492
32275 582
32276 387
32277 347
32278 626
32279 737
32280 223
32281 651
32282 780
32283 856
32284 748
32285 815
32286 854
32287 774
32288 750
32289 751
32290 404
32291 374
32292 780
32293 734
32294 763
32295 751
32296 720
32297 385
32298 626
32299 385
32300 397
32301 538
32302 755
32303 664
32304 769
32305 846
32306 755
32307 649
32308 846
32309 309
32310 492
32311 734
32312 855
32313 780
32314 725
32315 680
32316 767
32317 309
32318 856
32319 766
32320 263
32321 39
32322 363
32323 519
32324 694
32325 482
32326 696
32327 39
32328 820
32329 346
32330 591
32331 198
32332 745
32333 554
32334 763
32335 831
32336 748
32337 763
32338 367
32339 398
32340 538
32341 258
32342 419
32343 414
32344 591
32345 582
32346 448
32347 805
32348 755
32349 732
32350 261
32351 432
32352 766
32353 833
32354 622
32355 309
32356 856
32357 787
32358 806
32359 346
32360 805
32361 42
32362 279
32363 825
32364 745
32365 200
32366 614
32367 737
32368 833
32369 699
32370 739
32371 261
32372 851
32373 407
32374 719
32375 167
32376 739
32377 633
32378 492
32379 745
32380 404
32381 538
32382 42
32383 778
32384 787
32385 642
32386 323
32387 846
32388 626
32389 637
32390 720
32391 741
32392 414
32393 766
32394 680
32395 859
32396 374
32397 787
32398 519
32399 649
32400 642
32401 750
32402 751
32403 419
32404 398
32405 438
32406 517
32407 45
32408 666
32409 774
32410 688
32411 171
32412 734
32413 763
32414 728
32415 43
32416 223
32417 833
32418 787
32419 344
32420 815
32421 263
32422 452
32423 851
32424 396
32425 389
32426 223
32427 451
32428 344
32429 422
32430 380
32431 403
32432 662
32433 578
32434 539
32435 806
32436 755
32437 370
32438 820
32439 43
32440 856
32441 543
32442 538
32443 524
32444 787
32445 696
32446 850
32447 732
32448 535
32449 699
32450 448
32451 277
32452 769
32453 535
32454 344
32455 277
32456 408
32457 755
32458 415
32459 694
32460 483
32461 517
32462 746
32463 517
32464 813
32465 732
32466 591
32467 591
32468 728
32469 258
32470 538
32471 806
32472 519
32473 855
32474 649
32475 387
32476 167
32477 535
32478 856
32479 338
32480 482
32481 356
32482 261
32483 750
32484 750
32485 637
32486 642
32487 582
32488 396
32489 850
32490 374
32491 452
32492 854
32493 367
32494 622
32495 492
32496 752
32497 774
32498 637
32499 488
32500 43
32501 554
32502 448
32503 415
32504 404
32505 849
32506 516
32507 47
32508 850
32509 414
32510 831
32511 515
32512 403
32513 578
32514 769
32515 855
32516 750
32517 859
32518 261
32519 383
32520 658
32521 538
32522 448
32523 236
32524 846
32525 787
32526 398
32527 90
32528 831
32529 813
32530 488
32531 45
32532 345
32533 822
32534 311
32535 850
32536 737
32537 820
32538 496
32539 451
32540 375
32541 309
32542 330
32543 519
32544 236
32545 750
32546 740
32547 389
32548 200
32549 535
32550 859
32551 383
32552 258
32553 236
32554 798
32555 538
32556 356
32557 43
32558 277
32559 840
32560 694
32561 719
32562 396
32563 806
32564 859
32565 734
32566 854
32567 740
32568 720
32569 798
32570 408
32571 398
32572 105
32573 849
32574 404
32575 666
32576 198
32577 451
32578 751
32579 763
32580 383
32581 787
32582 856
32583 699
32584 397
32585 855
32586 312
32587 576
32588 582
32589 482
32590 622
32591 356
32592 415
32593 859
32594 806
32595 516
32596 578
32597 43
32598 755
32599 347
32600 309
32601 591
32602 825
32603 769
32604 375
32605 688
32606 407
32607 755
32608 496
32609 766
32610 840
32611 404
32612 769
32613 279
32614 397
32615 850
32616 45
32617 780
32618 42
32619 492
32620 535
32621 719
32622 344
32623 728
32624 750
32625 375
32626 680
32627 422
32628 739
32629 626
32630 780
32631 666
32632 516
32633 517
32634 330
32635 633
32636 748
32637 787
32638 822
32639 105
32640 725
32641 323
32642 720
32643 434
32644 767
32645 746
32646 279
32647 488
32648 576
32649 815
32650 642
32651 734
32652 685
32653 438
32654 448
32655 408
32656 745
32657 524
32658 200
32659 846
32660 535
32661 822
32662 554
32663 767
32664 649
32665 356
32666 367
32667 507
32668 574
32669 635
32670 574
32671 348
32672 519
32673 519
32674 519
32675 535
32676 493
32677 635
32678 623
32679 750
32680 458
32681 348
32682 446
32683 721
32684 446
32685 635
32686 719
32687 462
32688 455
32689 832
32690 597
32691 346
32692 574
32693 462
32694 613
32695 832
32696 810
32697 473
32698 637
32699 637
32700 519
32701 748
32702 482
32703 558
32704 613
32705 548
32706 455
32707 507
32708 750
32709 473
32710 493
32711 623
32712 721
32713 597
32714 833
32715 750
32716 493
32717 464
32718 553
32719 555
32720 464
32721 482
32722 820
32723 507
32724 719
32725 535
32726 623
32727 555
32728 548
32729 346
32730 833
32731 750
32732 820
32733 810
32734 832
32735 832
32736 734
32737 750
32738 42
32739 752
32740 338
32741 492
32742 622
32743 856
32744 750
32745 750
32746 720
32747 846
32748 492
32749 734
32750 787
32751 696
32752 831
32753 591
32754 833
32755 856
32756 42
32757 787
32758 846
32759 720
32760 787
32761 517
32762 728
32763 787
32764 815
32765 452
32766 856
32767 696
32768 850
32769 734
32770 699
32771 448
32772 277
32773 277
32774 517
32775 813
32776 591
32777 728
32778 856
32779 338
32780 750
32781 452
32782 622
32783 43
32784 448
32785 622
32786 831
32787 859
32788 356
32789 846
32790 787
32791 813
32792 850
32793 750
32794 859
32795 277
32796 734
32797 720
32798 344
32799 591
32800 750
32801 699
32802 356
32803 859
32804 578
32805 43
32806 591
32807 344
32808 42
32809 344
32810 728
32811 517
32812 815
32813 734
32814 846
32815 815
32816 356
32817 752
32818 637
32819 622
32820 751
32821 751
32822 441
32823 637
32824 441
32825 441
32826 751
32827 751
32828 622
32829 203
32830 599
32831 525
32832 630
32833 626
32834 628
32835 525
32836 630
32837 538
32838 599
32839 626
32840 626
32841 538
32842 626
32843 602
32844 763
32845 602
32846 617
32847 519
32848 617
32849 602
32850 763
32851 165
32852 578
32853 475
32854 519
32855 165
32856 571
32857 475
32858 578
32859 519
32860 578
32861 578
32862 786
32863 779
32864 779
32865 779
32866 779
32867 779
32868 167
32869 167
32870 167
32871 93
32872 167
32873 167
32874 167
32875 167
32876 167
32877 33
32878 194
32879 93
32880 137
32881 137
32882 208
32883 71
32884 167
32885 164
32886 194
32887 208
32888 167
32889 128
32890 208
32891 194
32892 29
32893 167
32894 128
32895 137
32896 128
32897 71
32898 202
32899 202
32900 93
32901 128
32902 29
32903 137
32904 128
32905 135
32906 31
32907 208
32908 198
32909 88
32910 31
32911 147
32912 133
32913 208
32914 190
32915 146
32916 110
32917 154
32918 198
32919 88
32920 135
32921 145
32922 151
32923 162
32924 157
32925 181
32926 124
32927 171
32928 179
32929 31
32930 157
32931 145
32932 171
32933 188
32934 190
32935 193
32936 154
32937 119
32938 110
32939 31
32940 191
32941 110
32942 145
32943 88
32944 124
32945 174
32946 184
32947 202
32948 147
32949 193
32950 202
32951 157
32952 171
32953 133
32954 193
32955 133
32956 191
32957 151
32958 184
32959 15
32960 167
32961 15
32962 111
32963 181
32964 145
32965 207
32966 193
32967 162
32968 135
32969 119
32970 181
32971 15
32972 181
32973 207
32974 174
32975 129
32976 190
32977 179
32978 110
32979 174
32980 162
32981 129
32982 146
32983 119
32984 157
32985 147
32986 179
32987 188
32988 110
32989 746
32990 385
32991 580
32992 746
32993 580
32994 580
32995 580
32996 580
32997 746
32998 738
32999 738
33000 385
33001 388
33002 113
33003 122
33004 123
33005 746
33006 123
33007 113
33008 745
33009 746
33010 552
33011 552
33012 801
33013 633
33014 582
33015 747
33016 790
33017 790
33018 582
33019 552
33020 748
33021 587
33022 552
33023 587
33024 792
33025 583
33026 552
33027 552
33028 801
33029 792
33030 633
33031 353
33032 597
33033 640
33034 748
33035 353
33036 580
33037 747
33038 805
33039 787
33040 562
33041 566
33042 566
33043 547
33044 540
33045 805
33046 787
33047 562
33048 580
33049 444
33050 696
33051 546
33052 546
33053 552
33054 444
33055 548
33056 547
33057 562
33058 683
33059 444
33060 696
33061 683
33062 552
33063 566
33064 548
33065 580
33066 583
33067 227
33068 580
33069 227
33070 580
33071 583
33072 644
33073 644
33074 644
33075 644
33076 644
33077 644
33078 644
33079 577
33080 688
33081 688
33082 249
33083 249
33084 597
33085 597
33086 82
33087 251
33088 644
33089 632
33090 632
33091 620
33092 309
33093 227
33094 518
33095 398
33096 368
33097 777
33098 744
33099 406
33100 440
33101 611
33102 111
33103 833
33104 689
33105 381
33106 558
33107 731
33108 626
33109 424
33110 633
33111 849
33112 521
33113 426
33114 605
33115 630
33116 637
33117 774
33118 755
33119 853
33120 484
33121 565
33122 729
33123 415
33124 465
33125 552
33126 518
33127 852
33128 650
33129 807
33130 485
33131 590
33132 521
33133 755
33134 677
33135 539
33136 728
33137 731
33138 846
33139 509
33140 309
33141 650
33142 841
33143 474
33144 535
33145 799
33146 829
33147 359
33148 549
33149 746
33150 743
33151 629
33152 723
33153 633
33154 824
33155 846
33156 527
33157 527
33158 673
33159 317
33160 510
33161 482
33162 179
33163 227
33164 527
33165 853
33166 688
33167 459
33168 534
33169 641
33170 527
33171 790
33172 510
33173 591
33174 432
33175 568
33176 732
33177 688
33178 723
33179 551
33180 737
33181 677
33182 784
33183 732
33184 839
33185 623
33186 598
33187 799
33188 790
33189 653
33190 860
33191 807
33192 603
33193 764
33194 799
33195 413
33196 626
33197 658
33198 824
33199 574
33200 630
33201 531
33202 275
33203 799
33204 275
33205 706
33206 723
33207 737
33208 440
33209 484
33210 804
33211 565
33212 824
33213 810
33214 755
33215 746
33216 421
33217 603
33218 505
33219 497
33220 766
33221 824
33222 227
33223 573
33224 509
33225 784
33226 111
33227 490
33228 415
33229 824
33230 633
33231 421
33232 591
33233 445
33234 421
33235 859
33236 309
33237 743
33238 551
33239 623
33240 419
33241 591
33242 623
33243 398
33244 813
33245 849
33246 753
33247 689
33248 618
33249 387
33250 519
33251 417
33252 737
33253 573
33254 673
33255 406
33256 653
33257 849
33258 825
33259 633
33260 521
33261 475
33262 658
33263 630
33264 465
33265 733
33266 738
33267 531
33268 739
33269 709
33270 860
33271 641
33272 46
33273 482
33274 437
33275 573
33276 712
33277 852
33278 694
33279 846
33280 700
33281 810
33282 475
33283 506
33284 618
33285 658
33286 618
33287 51
33288 743
33289 560
33290 605
33291 664
33292 387
33293 782
33294 668
33295 764
33296 791
33297 637
33298 608
33299 712
33300 813
33301 793
33302 825
33303 375
33304 706
33305 733
33306 641
33307 474
33308 653
33309 841
33310 629
33311 506
33312 465
33313 608
33314 445
33315 565
33316 703
33317 807
33318 552
33319 521
33320 799
33321 552
33322 578
33323 668
33324 299
33325 264
33326 590
33327 774
33328 644
33329 608
33330 774
33331 613
33332 694
33333 613
33334 518
33335 841
33336 413
33337 829
33338 341
33339 500
33340 774
33341 381
33342 623
33343 179
33344 782
33345 574
33346 626
33347 384
33348 849
33349 264
33350 712
33351 375
33352 424
33353 668
33354 275
33355 698
33356 359
33357 299
33358 375
33359 417
33360 551
33361 712
33362 247
33363 733
33364 739
33365 468
33366 247
33367 510
33368 227
33369 518
33370 509
33371 521
33372 282
33373 738
33374 510
33375 701
33376 282
33377 782
33378 227
33379 698
33380 549
33381 633
33382 703
33383 677
33384 518
33385 615
33386 359
33387 375
33388 417
33389 611
33390 179
33391 227
33392 359
33393 424
33394 596
33395 777
33396 639
33397 558
33398 596
33399 729
33400 535
33401 753
33402 317
33403 841
33404 839
33405 398
33406 46
33407 804
33408 186
33409 578
33410 459
33411 497
33412 860
33413 706
33414 573
33415 728
33416 694
33417 694
33418 426
33419 500
33420 603
33421 317
33422 639
33423 341
33424 611
33425 791
33426 791
33427 846
33428 538
33429 500
33430 658
33431 608
33432 341
33433 739
33434 509
33435 859
33436 738
33437 616
33438 505
33439 615
33440 370
33441 755
33442 90
33443 534
33444 743
33445 428
33446 688
33447 549
33448 782
33449 629
33450 406
33451 432
33452 698
33453 500
33454 829
33455 839
33456 700
33457 538
33458 813
33459 497
33460 688
33461 90
33462 490
33463 333
33464 623
33465 505
33466 598
33467 247
33468 333
33469 317
33470 419
33471 410
33472 428
33473 368
33474 147
33475 147
33476 147
33477 192
33478 186
33479 146
33480 43
33481 186
33482 60
33483 59
33484 130
33485 26
33486 147
33487 26
33488 32
33489 160
33490 113
33491 146
33492 60
33493 191
33494 177
33495 59
33496 116
33497 191
33498 177
33499 186
33500 199
33501 186
33502 157
33503 59
33504 191
33505 192
33506 113
33507 186
33508 148
33509 26
33510 10
33511 130
33512 113
33513 43
33514 26
33515 187
33516 59
33517 176
33518 157
33519 58
33520 58
33521 199
33522 191
33523 26
33524 113
33525 58
33526 32
33527 148
33528 116
33529 177
33530 141
33531 57
33532 194
33533 194
33534 194
33535 57
33536 147
33537 211
33538 141
33539 211
33540 169
33541 169
33542 194
33543 33
33544 91
33545 12
33546 197
33547 160
33548 19
33549 153
33550 197
33551 151
33552 145
33553 133
33554 183
33555 59
33556 33
33557 162
33558 33
33559 200
33560 145
33561 146
33562 19
33563 113
33564 119
33565 69
33566 153
33567 169
33568 59
33569 190
33570 204
33571 185
33572 133
33573 186
33574 204
33575 186
33576 91
33577 69
33578 193
33579 197
33580 164
33581 88
33582 184
33583 184
33584 113
33585 186
33586 162
33587 204
33588 183
33589 12
33590 120
33591 197
33592 59
33593 183
33594 204
33595 119
33596 190
33597 164
33598 183
33599 190
33600 172
33601 169
33602 147
33603 146
33604 120
33605 193
33606 193
33607 188
33608 160
33609 188
33610 88
33611 91
33612 133
33613 160
33614 153
33615 172
33616 200
33617 151
33618 113
33619 183
33620 59
33621 183
33622 145
33623 134
33624 172
33625 658
33626 758
33627 660
33628 768
33629 758
33630 660
33631 660
33632 673
33633 720
33634 413
33635 718
33636 720
33637 324
33638 681
33639 720
33640 658
33641 325
33642 718
33643 658
33644 324
33645 413
33646 413
33647 325
33648 325
33649 681
33650 758
33651 558
33652 453
33653 395
33654 558
33655 395
33656 344
33657 395
33658 661
33659 453
33660 549
33661 661
33662 394
33663 547
33664 394
33665 549
33666 660
33667 513
33668 660
33669 513
33670 64
33671 513
33672 661
33673 341
33674 341
33675 64
33676 558
33677 341
33678 558
33679 344
33680 760
33681 760
33682 447
33683 252
33684 546
33685 471
33686 466
33687 810
33688 266
33689 326
33690 445
33691 831
33692 326
33693 760
33694 546
33695 810
33696 830
33697 447
33698 830
33699 445
33700 447
33701 546
33702 768
33703 266
33704 812
33705 253
33706 331
33707 253
33708 831
33709 326
33710 252
33711 756
33712 756
33713 756
33714 758
33715 756
33716 756
33717 558
33718 540
33719 395
33720 558
33721 385
33722 341
33723 541
33724 661
33725 394
33726 394
33727 540
33728 660
33729 385
33730 385
33731 559
33732 661
33733 341
33734 341
33735 341
33736 558
33737 707
33738 760
33739 706
33740 660
33741 789
33742 760
33743 705
33744 713
33745 831
33746 760
33747 830
33748 655
33749 655
33750 655
33751 706
33752 656
33753 830
33754 789
33755 831
33756 830
33757 715
33758 756
33759 756
33760 673
33761 715
33762 727
33763 756
33764 673
33765 11
33766 11
33767 13
33768 13
33769 13
33770 11
33771 11
33772 11
33773 825
33774 825
33775 825
33776 11
33777 825
33778 11
33779 464
33780 751
33781 840
33782 780
33783 469
33784 416
33785 750
33786 714
33787 42
33788 694
33789 8
33790 412
33791 362
33792 669
33793 685
33794 365
33795 517
33796 367
33797 403
33798 612
33799 426
33800 379
33801 507
33802 507
33803 586
33804 855
33805 805
33806 245
33807 551
33808 760
33809 387
33810 631
33811 347
33812 282
33813 347
33814 413
33815 850
33816 479
33817 555
33818 561
33819 369
33820 439
33821 309
33822 398
33823 856
33824 469
33825 418
33826 493
33827 535
33828 293
33829 502
33830 805
33831 514
33832 578
33833 167
33834 416
33835 245
33836 406
33837 845
33838 238
33839 682
33840 494
33841 509
33842 385
33843 281
33844 360
33845 673
33846 167
33847 412
33848 281
33849 352
33850 198
33851 433
33852 769
33853 405
33854 388
33855 292
33856 555
33857 822
33858 182
33859 514
33860 293
33861 635
33862 777
33863 618
33864 735
33865 45
33866 45
33867 309
33868 315
33869 585
33870 398
33871 826
33872 39
33873 385
33874 685
33875 535
33876 572
33877 343
33878 309
33879 642
33880 385
33881 349
33882 86
33883 167
33884 742
33885 346
33886 537
33887 206
33888 840
33889 515
33890 329
33891 19
33892 346
33893 674
33894 671
33895 827
33896 509
33897 612
33898 396
33899 370
33900 377
33901 682
33902 396
33903 167
33904 101
33905 346
33906 642
33907 297
33908 315
33909 791
33910 642
33911 352
33912 667
33913 783
33914 542
33915 385
33916 742
33917 750
33918 667
33919 521
33920 661
33921 622
33922 363
33923 340
33924 735
33925 502
33926 701
33927 287
33928 394
33929 362
33930 492
33931 577
33932 236
33933 281
33934 373
33935 757
33936 608
33937 424
33938 755
33939 435
33940 575
33941 807
33942 435
33943 408
33944 757
33945 406
33946 692
33947 812
33948 838
33949 494
33950 365
33951 766
33952 669
33953 226
33954 86
33955 293
33956 379
33957 835
33958 307
33959 233
33960 292
33961 507
33962 561
33963 393
33964 388
33965 757
33966 737
33967 721
33968 712
33969 631
33970 777
33971 813
33972 465
33973 838
33974 542
33975 39
33976 856
33977 385
33978 233
33979 618
33980 356
33981 42
33982 622
33983 426
33984 777
33985 346
33986 673
33987 577
33988 514
33989 226
33990 256
33991 807
33992 443
33993 822
33994 673
33995 475
33996 509
33997 697
33998 826
33999 513
34000 751
34001 39
34002 233
34003 39
34004 712
34005 385
34006 855
34007 219
34008 414
34009 584
34010 193
34011 815
34012 377
34013 347
34014 219
34015 393
34016 780
34017 233
34018 536
34019 789
34020 473
34021 847
34022 820
34023 252
34024 763
34025 483
34026 580
34027 721
34028 580
34029 226
34030 236
34031 198
34032 820
34033 198
34034 493
34035 330
34036 408
34037 42
34038 697
34039 840
34040 340
34041 330
34042 366
34043 535
34044 547
34045 536
34046 419
34047 408
34048 765
34049 239
34050 742
34051 419
34052 427
34053 435
34054 516
34055 685
34056 731
34057 515
34058 282
34059 753
34060 384
34061 427
34062 369
34063 90
34064 355
34065 584
34066 555
34067 328
34068 182
34069 807
34070 757
34071 565
34072 535
34073 321
34074 226
34075 796
34076 849
34077 403
34078 435
34079 711
34080 396
34081 42
34082 502
34083 714
34084 525
34085 742
34086 608
34087 765
34088 667
34089 711
34090 847
34091 529
34092 352
34093 479
34094 383
34095 737
34096 330
34097 239
34098 383
34099 483
34100 586
34101 645
34102 525
34103 661
34104 607
34105 661
34106 766
34107 584
34108 714
34109 606
34110 529
34111 572
34112 39
34113 625
34114 439
34115 414
34116 475
34117 840
34118 363
34119 536
34120 46
34121 360
34122 521
34123 233
34124 19
34125 315
34126 521
34127 360
34128 586
34129 307
34130 199
34131 694
34132 578
34133 618
34134 435
34135 763
34136 193
34137 856
34138 809
34139 692
34140 86
34141 635
34142 812
34143 287
34144 714
34145 691
34146 735
34147 373
34148 433
34149 421
34150 669
34151 383
34152 349
34153 850
34154 551
34155 798
34156 667
34157 671
34158 765
34159 692
34160 416
34161 580
34162 469
34163 761
34164 755
34165 239
34166 427
34167 529
34168 414
34169 674
34170 373
34171 86
34172 577
34173 669
34174 394
34175 347
34176 469
34177 493
34178 695
34179 701
34180 101
34181 529
34182 625
34183 659
34184 835
34185 827
34186 537
34187 220
34188 388
34189 236
34190 554
34191 426
34192 584
34193 577
34194 798
34195 492
34196 536
34197 492
34198 228
34199 252
34200 297
34201 741
34202 631
34203 737
34204 513
34205 553
34206 629
34207 783
34208 731
34209 525
34210 408
34211 529
34212 801
34213 791
34214 443
34215 542
34216 418
34217 619
34218 812
34219 790
34220 659
34221 575
34222 780
34223 366
34224 383
34225 365
34226 538
34227 525
34228 328
34229 807
34230 465
34231 547
34232 840
34233 315
34234 433
34235 585
34236 340
34237 835
34238 849
34239 838
34240 674
34241 355
34242 315
34243 90
34244 769
34245 769
34246 737
34247 393
34248 408
34249 691
34250 714
34251 835
34252 622
34253 606
34254 367
34255 516
34256 537
34257 827
34258 529
34259 789
34260 807
34261 474
34262 220
34263 483
34264 606
34265 622
34266 360
34267 777
34268 46
34269 575
34270 618
34271 735
34272 375
34273 840
34274 426
34275 761
34276 645
34277 694
34278 512
34279 377
34280 631
34281 256
34282 840
34283 584
34284 815
34285 347
34286 669
34287 669
34288 845
34289 801
34290 645
34291 801
34292 473
34293 292
34294 577
34295 384
34296 555
34297 424
34298 413
34299 642
34300 625
34301 855
34302 405
34303 695
34304 13
34305 321
34306 355
34307 413
34308 375
34309 515
34310 517
34311 813
34312 380
34313 629
34314 553
34315 238
34316 321
34317 838
34318 474
34319 565
34320 535
34321 548
34322 11
34323 825
34324 825
34325 825
34326 11
34327 825
34328 11
34329 367
34330 382
34331 316
34332 309
34333 382
34334 320
34335 367
34336 38
34337 269
34338 95
34339 196
34340 126
34341 99
34342 95
34343 11
34344 38
34345 11
34346 269
34347 11
34348 101
34349 200
34350 251
34351 196
34352 196
34353 30
34354 99
34355 125
34356 11
34357 200
34358 382
34359 125
34360 154
34361 11
34362 251
34363 251
34364 30
34365 384
34366 315
34367 315
34368 316
34369 309
34370 52
34371 307
34372 50
34373 307
34374 31
34375 31
34376 31
34377 5
34378 50
34379 309
34380 5
34381 382
34382 320
34383 96
34384 96
34385 481
34386 481
34387 481
34388 481
34389 481
34390 250
34391 161
34392 161
34393 262
34394 161
34395 250
34396 161
34397 230
34398 250
34399 230
34400 216
34401 466
34402 392
34403 848
34404 266
34405 327
34406 466
34407 249
34408 848
34409 249
34410 327
34411 161
34412 327
34413 406
34414 238
34415 249
34416 266
34417 48
34418 48
34419 48
34420 469
34421 266
34422 329
34423 238
34424 627
34425 392
34426 327
34427 360
34428 848
34429 266
34430 469
34431 238
34432 249
34433 238
34434 466
34435 357
34436 450
34437 262
34438 450
34439 360
34440 357
34441 262
34442 439
34443 439
34444 450
34445 250
34446 736
34447 464
34448 45
34449 771
34450 108
34451 335
34452 505
34453 600
34454 682
34455 597
34456 225
34457 299
34458 71
34459 636
34460 600
34461 722
34462 367
34463 477
34464 331
34465 93
34466 436
34467 416
34468 852
34469 367
34470 152
34471 344
34472 200
34473 225
34474 3
34475 712
34476 94
34477 279
34478 518
34479 511
34480 344
34481 337
34482 331
34483 109
34484 365
34485 536
34486 363
34487 491
34488 853
34489 535
34490 152
34491 290
34492 493
34493 539
34494 20
34495 505
34496 328
34497 787
34498 164
34499 628
34500 515
34501 385
34502 607
34503 610
34504 130
34505 210
34506 519
34507 186
34508 358
34509 652
34510 337
34511 515
34512 335
34513 37
34514 639
34515 341
34516 341
34517 506
34518 136
34519 198
34520 464
34521 234
34522 85
34523 3
34524 498
34525 483
34526 338
34527 348
34528 668
34529 93
34530 479
34531 830
34532 519
34533 191
34534 92
34535 710
34536 230
34537 570
34538 257
34539 45
34540 237
34541 164
34542 511
34543 30
34544 637
34545 13
34546 443
34547 538
34548 573
34549 570
34550 78
34551 71
34552 682
34553 423
34554 358
34555 446
34556 487
34557 480
34558 191
34559 607
34560 376
34561 336
34562 385
34563 158
34564 85
34565 358
34566 372
34567 85
34568 610
34569 713
34570 416
34571 348
34572 93
34573 136
34574 372
34575 136
34576 824
34577 479
34578 30
34579 815
34580 94
34581 467
34582 188
34583 461
34584 446
34585 237
34586 635
34587 506
34588 441
34589 304
34590 293
34591 505
34592 657
34593 46
34594 635
34595 376
34596 74
34597 467
34598 823
34599 461
34600 46
34601 619
34602 801
34603 486
34604 414
34605 445
34606 423
34607 460
34608 501
34609 518
34610 801
34611 129
34612 344
34613 490
34614 537
34615 821
34616 778
34617 212
34618 481
34619 801
34620 372
34621 439
34622 852
34623 682
34624 693
34625 230
34626 283
34627 409
34628 841
34629 570
34630 394
34631 226
34632 798
34633 368
34634 745
34635 628
34636 283
34637 423
34638 506
34639 441
34640 337
34641 372
34642 416
34643 510
34644 393
34645 835
34646 741
34647 416
34648 354
34649 823
34650 299
34651 45
34652 348
34653 657
34654 845
34655 722
34656 20
34657 159
34658 418
34659 234
34660 654
34661 158
34662 798
34663 333
34664 702
34665 653
34666 71
34667 461
34668 385
34669 290
34670 164
34671 498
34672 436
34673 485
34674 293
34675 745
34676 228
34677 188
34678 818
34679 354
34680 147
34681 654
34682 477
34683 338
34684 74
34685 336
34686 351
34687 667
34688 539
34689 801
34690 257
34691 811
34692 490
34693 446
34694 283
34695 737
34696 652
34697 37
34698 328
34699 537
34700 798
34701 821
34702 628
34703 634
34704 337
34705 210
34706 573
34707 85
34708 334
34709 273
34710 229
34711 186
34712 771
34713 334
34714 119
34715 712
34716 713
34717 583
34718 771
34719 472
34720 680
34721 653
34722 299
34723 30
34724 363
34725 697
34726 487
34727 159
34728 340
34729 798
34730 385
34731 510
34732 328
34733 655
34734 818
34735 583
34736 409
34737 299
34738 333
34739 845
34740 697
34741 45
34742 597
34743 420
34744 30
34745 444
34746 796
34747 538
34748 243
34749 811
34750 634
34751 487
34752 510
34753 74
34754 392
34755 583
34756 338
34757 823
34758 47
34759 376
34760 328
34761 119
34762 501
34763 619
34764 841
34765 722
34766 823
34767 818
34768 607
34769 679
34770 383
34771 383
34772 499
34773 191
34774 414
34775 801
34776 680
34777 594
34778 472
34779 92
34780 363
34781 80
34782 423
34783 682
34784 655
34785 722
34786 392
34787 722
34788 279
34789 40
34790 668
34791 368
34792 375
34793 198
34794 519
34795 164
34796 628
34797 535
34798 841
34799 786
34800 776
34801 679
34802 13
34803 515
34804 94
34805 679
34806 796
34807 337
34808 40
34809 778
34810 652
34811 47
34812 477
34813 490
34814 414
34815 722
34816 304
34817 486
34818 710
34819 841
34820 493
34821 821
34822 257
34823 667
34824 335
34825 771
34826 745
34827 491
34828 745
34829 815
34830 472
34831 409
34832 716
34833 80
34834 446
34835 786
34836 853
34837 511
34838 801
34839 443
34840 333
34841 293
34842 716
34843 228
34844 697
34845 854
34846 511
34847 487
34848 290
34849 715
34850 505
34851 845
34852 30
34853 639
34854 704
34855 108
34856 210
34857 414
34858 80
34859 212
34860 230
34861 702
34862 654
34863 716
34864 293
34865 501
34866 411
34867 609
34868 499
34869 376
34870 467
34871 375
34872 147
34873 411
34874 37
34875 418
34876 119
34877 655
34878 778
34879 668
34880 693
34881 824
34882 771
34883 365
34884 393
34885 673
34886 827
34887 418
34888 283
34889 841
34890 673
34891 814
34892 506
34893 186
34894 653
34895 237
34896 654
34897 680
34898 786
34899 420
34900 420
34901 94
34902 852
34903 79
34904 336
34905 673
34906 841
34907 827
34908 854
34909 344
34910 351
34911 854
34912 210
34913 771
34914 411
34915 358
34916 363
34917 372
34918 736
34919 835
34920 657
34921 394
34922 673
34923 439
34924 673
34925 13
34926 385
34927 600
34928 237
34929 835
34930 273
34931 363
34932 851
34933 273
34934 351
34935 376
34936 704
34937 673
34938 445
34939 92
34940 480
34941 597
34942 74
34943 506
34944 771
34945 483
34946 841
34947 375
34948 830
34949 521
34950 342
34951 266
34952 261
34953 784
34954 784
34955 521
34956 257
34957 339
34958 339
34959 339
34960 261
34961 521
34962 521
34963 521
34964 521
34965 520
34966 520
34967 520
34968 342
34969 353
34970 344
34971 767
34972 705
34973 703
34974 767
34975 335
34976 394
34977 804
34978 806
34979 705
34980 703
34981 769
34982 335
34983 705
34984 804
34985 845
34986 845
34987 703
34988 353
34989 845
34990 769
34991 845
34992 342
34993 806
34994 335
34995 280
34996 702
34997 660
34998 266
34999 280
35000 702
35001 660
35002 660
35003 295
35004 661
35005 295
35006 295
35007 515
35008 713
35009 77
35010 261
35011 713
35012 715
35013 713
35014 336
35015 261
35016 10
35017 332
35018 89
35019 10
35020 515
35021 47
35022 89
35023 660
35024 782
35025 47
35026 221
35027 286
35028 349
35029 47
35030 286
35031 332
35032 221
35033 660
35034 349
35035 349
35036 280
35037 715
35038 660
35039 332
35040 336
35041 782
35042 286
35043 661
35044 705
35045 745
35046 784
35047 784
35048 660
35049 661
35050 705
35051 746
35052 746
35053 745
35054 660
35055 661
35056 758
35057 661
35058 846
35059 660
35060 846
35061 758
35062 802
35063 769
35064 705
35065 705
35066 802
35067 720
35068 720
35069 845
35070 845
35071 705
35072 705
35073 845
35074 705
35075 769
35076 845
35077 769
35078 845
35079 474
35080 802
35081 784
35082 521
35083 521
35084 521
35085 520
35086 520
35087 520
35088 275
35089 651
35090 651
35091 654
35092 651
35093 651
35094 651
35095 661
35096 651
35097 651
35098 648
35099 648
35100 651
35101 654
35102 651
35103 651
35104 347
35105 347
35106 347
35107 341
35108 343
35109 341
35110 343
35111 831
35112 523
35113 343
35114 347
35115 733
35116 767
35117 347
35118 767
35119 733
35120 249
35121 483
35122 633
35123 4
35124 825
35125 4
35126 825
35127 481
35128 627
35129 249
35130 4
35131 341
35132 244
35133 327
35134 633
35135 341
35136 483
35137 481
35138 249
35139 217
35140 627
35141 230
35142 311
35143 728
35144 338
35145 230
35146 328
35147 233
35148 328
35149 343
35150 299
35151 230
35152 406
35153 233
35154 233
35155 311
35156 343
35157 357
35158 406
35159 406
35160 299
35161 817
35162 338
35163 354
35164 428
35165 299
35166 354
35167 761
35168 817
35169 354
35170 299
35171 728
35172 761
35173 233
35174 783
35175 307
35176 676
35177 331
35178 307
35179 695
35180 783
35181 341
35182 676
35183 695
35184 331
35185 695
35186 676
35187 307
35188 307
35189 700
35190 783
35191 229
35192 803
35193 307
35194 343
35195 841
35196 518
35197 843
35198 518
35199 223
35200 344
35201 841
35202 307
35203 343
35204 308
35205 223
35206 518
35207 307
35208 307
35209 841
35210 307
35211 681
35212 681
35213 678
35214 831
35215 664
35216 649
35217 681
35218 831
35219 664
35220 633
35221 523
35222 633
35223 633
35224 633
35225 383
35226 383
35227 419
35228 419
35229 414
35230 426
35231 416
35232 414
35233 419
35234 212
35235 382
35236 167
35237 212
35238 380
35239 211
35240 290
35241 426
35242 361
35243 380
35244 361
35245 426
35246 334
35247 340
35248 192
35249 200
35250 167
35251 211
35252 93
35253 206
35254 426
35255 167
35256 373
35257 382
35258 105
35259 210
35260 380
35261 210
35262 383
35263 340
35264 369
35265 236
35266 419
35267 547
35268 398
35269 346
35270 382
35271 197
35272 500
35273 105
35274 768
35275 210
35276 383
35277 419
35278 200
35279 361
35280 211
35281 205
35282 730
35283 340
35284 191
35285 206
35286 380
35287 380
35288 766
35289 397
35290 397
35291 397
35292 361
35293 766
35294 778
35295 500
35296 766
35297 766
35298 211
35299 382
35300 342
35301 342
35302 757
35303 767
35304 192
35305 192
35306 369
35307 500
35308 212
35309 205
35310 530
35311 383
35312 383
35313 383
35314 342
35315 211
35316 382
35317 346
35318 212
35319 398
35320 200
35321 205
35322 782
35323 236
35324 383
35325 547
35326 203
35327 212
35328 691
35329 361
35330 766
35331 691
35332 206
35333 290
35334 191
35335 782
35336 197
35337 342
35338 383
35339 206
35340 500
35341 206
35342 93
35343 203
35344 105
35345 203
35346 778
35347 203
35348 767
35349 57
35350 60
35351 60
35352 99
35353 54
35354 99
35355 370
35356 397
35357 83
35358 96
35359 99
35360 96
35361 54
35362 96
35363 83
35364 370
35365 83
35366 57
35367 65
35368 99
35369 65
35370 80
35371 80
35372 818
35373 834
35374 818
35375 834
35376 834
35377 834
35378 193
35379 810
35380 818
35381 70
35382 604
35383 604
35384 193
35385 70
35386 364
35387 339
35388 440
35389 366
35390 764
35391 352
35392 338
35393 834
35394 440
35395 834
35396 763
35397 764
35398 763
35399 338
35400 441
35401 364
35402 366
35403 339
35404 366
35405 440
35406 339
35407 441
35408 339
35409 328
35410 818
35411 818
35412 586
35413 586
35414 663
35415 818
35416 663
35417 333
35418 573
35419 818
35420 663
35421 333
35422 328
35423 751
35424 738
35425 449
35426 418
35427 227
35428 407
35429 651
35430 408
35431 508
35432 844
35433 659
35434 667
35435 389
35436 840
35437 739
35438 391
35439 727
35440 296
35441 783
35442 829
35443 615
35444 296
35445 413
35446 414
35447 736
35448 347
35449 313
35450 685
35451 375
35452 403
35453 699
35454 847
35455 389
35456 234
35457 737
35458 389
35459 52
35460 71
35461 418
35462 831
35463 659
35464 259
35465 255
35466 733
35467 360
35468 352
35469 254
35470 667
35471 713
35472 360
35473 785
35474 815
35475 393
35476 750
35477 428
35478 809
35479 767
35480 352
35481 679
35482 420
35483 857
35484 697
35485 740
35486 246
35487 739
35488 673
35489 707
35490 325
35491 839
35492 360
35493 303
35494 428
35495 707
35496 408
35497 246
35498 227
35499 831
35500 421
35501 673
35502 345
35503 326
35504 826
35505 422
35506 855
35507 342
35508 803
35509 174
35510 718
35511 307
35512 800
35513 577
35514 718
35515 420
35516 661
35517 766
35518 653
35519 408
35520 701
35521 673
35522 819
35523 591
35524 528
35525 574
35526 326
35527 824
35528 723
35529 241
35530 727
35531 428
35532 641
35533 692
35534 52
35535 105
35536 391
35537 724
35538 737
35539 371
35540 424
35541 283
35542 740
35543 738
35544 239
35545 391
35546 509
35547 105
35548 790
35549 692
35550 352
35551 651
35552 657
35553 672
35554 225
35555 654
35556 804
35557 673
35558 719
35559 778
35560 239
35561 699
35562 697
35563 381
35564 379
35565 840
35566 815
35567 390
35568 632
35569 766
35570 196
35571 196
35572 687
35573 102
35574 226
35575 293
35576 241
35577 673
35578 659
35579 833
35580 421
35581 356
35582 307
35583 811
35584 293
35585 449
35586 371
35587 676
35588 508
35589 408
35590 851
35591 407
35592 555
35593 598
35594 736
35595 685
35596 352
35597 347
35598 259
35599 374
35600 745
35601 427
35602 255
35603 803
35604 393
35605 707
35606 414
35607 750
35608 811
35609 454
35610 591
35611 847
35612 627
35613 746
35614 847
35615 213
35616 692
35617 778
35618 283
35619 755
35620 749
35621 718
35622 429
35623 699
35624 589
35625 307
35626 345
35627 422
35628 374
35629 844
35630 174
35631 785
35632 745
35633 704
35634 246
35635 509
35636 807
35637 478
35638 834
35639 700
35640 767
35641 679
35642 241
35643 613
35644 681
35645 860
35646 102
35647 325
35648 564
35649 707
35650 413
35651 106
35652 227
35653 641
35654 654
35655 307
35656 396
35657 679
35658 424
35659 692
35660 819
35661 689
35662 839
35663 785
35664 507
35665 736
35666 417
35667 809
35668 662
35669 835
35670 633
35671 723
35672 740
35673 325
35674 677
35675 260
35676 396
35677 834
35678 641
35679 762
35680 509
35681 727
35682 615
35683 839
35684 704
35685 420
35686 701
35687 734
35688 778
35689 373
35690 739
35691 106
35692 839
35693 422
35694 804
35695 371
35696 528
35697 415
35698 820
35699 417
35700 428
35701 352
35702 313
35703 803
35704 826
35705 637
35706 528
35707 790
35708 372
35709 651
35710 417
35711 800
35712 697
35713 824
35714 766
35715 858
35716 379
35717 429
35718 740
35719 500
35720 795
35721 760
35722 754
35723 697
35724 422
35725 381
35726 574
35727 418
35728 663
35729 859
35730 227
35731 815
35732 637
35733 375
35734 736
35735 515
35736 429
35737 677
35738 843
35739 847
35740 254
35741 823
35742 52
35743 375
35744 749
35745 421
35746 676
35747 211
35748 659
35749 454
35750 632
35751 589
35752 591
35753 858
35754 809
35755 515
35756 71
35757 778
35758 427
35759 668
35760 718
35761 692
35762 795
35763 857
35764 823
35765 657
35766 829
35767 235
35768 448
35769 651
35770 736
35771 668
35772 857
35773 418
35774 356
35775 403
35776 407
35777 750
35778 393
35779 239
35780 613
35781 623
35782 814
35783 347
35784 448
35785 749
35786 657
35787 500
35788 366
35789 831
35790 293
35791 672
35792 844
35793 847
35794 174
35795 213
35796 833
35797 734
35798 239
35799 227
35800 820
35801 234
35802 260
35803 685
35804 815
35805 784
35806 615
35807 418
35808 699
35809 641
35810 800
35811 803
35812 507
35813 477
35814 809
35815 749
35816 745
35817 102
35818 356
35819 303
35820 478
35821 396
35822 313
35823 478
35824 477
35825 745
35826 281
35827 734
35828 407
35829 577
35830 704
35831 615
35832 686
35833 667
35834 755
35835 795
35836 843
35837 833
35838 105
35839 727
35840 790
35841 754
35842 834
35843 673
35844 352
35845 657
35846 829
35847 689
35848 851
35849 724
35850 615
35851 803
35852 653
35853 393
35854 623
35855 735
35856 375
35857 668
35858 858
35859 413
35860 293
35861 859
35862 403
35863 408
35864 307
35865 820
35866 785
35867 396
35868 739
35869 790
35870 379
35871 700
35872 211
35873 835
35874 598
35875 390
35876 52
35877 778
35878 701
35879 829
35880 342
35881 673
35882 735
35883 749
35884 762
35885 835
35886 807
35887 307
35888 679
35889 713
35890 858
35891 820
35892 477
35893 733
35894 760
35895 574
35896 829
35897 196
35898 627
35899 749
35900 604
35901 762
35902 421
35903 858
35904 296
35905 719
35906 735
35907 281
35908 338
35909 687
35910 815
35911 662
35912 606
35913 719
35914 751
35915 421
35916 326
35917 174
35918 239
35919 226
35920 826
35921 679
35922 554
35923 740
35924 255
35925 52
35926 366
35927 746
35928 686
35929 786
35930 803
35931 577
35932 554
35933 767
35934 338
35935 427
35936 606
35937 676
35938 764
35939 440
35940 333
35941 366
35942 764
35943 353
35944 333
35945 834
35946 440
35947 353
35948 834
35949 763
35950 763
35951 338
35952 333
35953 338
35954 366
35955 333
35956 339
35957 366
35958 339
35959 441
35960 339
35961 353
35962 834
35963 561
35964 660
35965 561
35966 660
35967 660
35968 660
35969 660
35970 539
35971 539
35972 539
35973 539
35974 539
35975 539
35976 539
35977 523
35978 523
35979 539
35980 241
35981 346
35982 346
35983 582
35984 241
35985 241
35986 241
35987 241
35988 219
35989 264
35990 261
35991 219
35992 369
35993 267
35994 219
35995 264
35996 262
35997 219
35998 262
35999 346
36000 267
36001 41
36002 369
36003 88
36004 41
36005 267
36006 88
36007 261
36008 219
36009 261
36010 291
36011 222
36012 291
36013 333
36014 346
36015 626
36016 333
36017 626
36018 626
36019 582
36020 267
36021 267
36022 67
36023 67
36024 64
36025 63
36026 63
36027 67
36028 47
36029 160
36030 67
36031 102
36032 76
36033 76
36034 25
36035 96
36036 76
36037 76
36038 160
36039 67
36040 25
36041 76
36042 96
36043 61
36044 152
36045 64
36046 61
36047 152
36048 149
36049 152
36050 149
36051 394
36052 160
36053 30
36054 319
36055 50
36056 146
36057 305
36058 83
36059 387
36060 220
36061 134
36062 104
36063 24
36064 37
36065 66
36066 284
36067 120
36068 387
36069 319
36070 139
36071 319
36072 13
36073 305
36074 403
36075 319
36076 345
36077 405
36078 220
36079 66
36080 151
36081 245
36082 13
36083 83
36084 390
36085 322
36086 10
36087 30
36088 110
36089 83
36090 305
36091 263
36092 18
36093 139
36094 66
36095 263
36096 394
36097 120
36098 242
36099 280
36100 110
36101 284
36102 10
36103 320
36104 263
36105 320
36106 275
36107 305
36108 48
36109 72
36110 37
36111 100
36112 104
36113 146
36114 395
36115 18
36116 20
36117 329
36118 24
36119 403
36120 83
36121 156
36122 66
36123 50
36124 139
36125 395
36126 110
36127 99
36128 72
36129 72
36130 329
36131 160
36132 403
36133 99
36134 10
36135 99
36136 110
36137 242
36138 72
36139 322
36140 63
36141 277
36142 245
36143 119
36144 329
36145 104
36146 20
36147 146
36148 37
36149 50
36150 160
36151 281
36152 48
36153 160
36154 49
36155 156
36156 49
36157 284
36158 345
36159 30
36160 151
36161 275
36162 50
36163 166
36164 96
36165 160
36166 173
36167 282
36168 156
36169 20
36170 134
36171 159
36172 161
36173 180
36174 75
36175 120
36176 180
36177 325
36178 120
36179 44
36180 277
36181 301
36182 161
36183 656
36184 134
36185 72
36186 239
36187 41
36188 76
36189 153
36190 171
36191 75
36192 128
36193 98
36194 409
36195 31
36196 197
36197 122
36198 12
36199 166
36200 319
36201 301
36202 222
36203 232
36204 110
36205 70
36206 275
36207 198
36208 282
36209 111
36210 80
36211 191
36212 223
36213 279
36214 334
36215 220
36216 279
36217 279
36218 341
36219 54
36220 242
36221 282
36222 106
36223 155
36224 661
36225 78
36226 155
36227 77
36228 61
36229 274
36230 274
36231 292
36232 275
36233 282
36234 161
36235 145
36236 345
36237 161
36238 111
36239 39
36240 153
36241 96
36242 592
36243 26
36244 409
36245 137
36246 655
36247 305
36248 335
36249 286
36250 208
36251 262
36252 301
36253 197
36254 208
36255 12
36256 157
36257 150
36258 227
36259 235
36260 345
36261 44
36262 324
36263 98
36264 66
36265 198
36266 63
36267 159
36268 274
36269 240
36270 154
36271 4
36272 111
36273 153
36274 262
36275 198
36276 240
36277 183
36278 246
36279 99
36280 360
36281 312
36282 311
36283 361
36284 220
36285 282
36286 275
36287 742
36288 239
36289 98
36290 210
36291 153
36292 274
36293 274
36294 76
36295 220
36296 298
36297 222
36298 277
36299 305
36300 210
36301 157
36302 173
36303 184
36304 173
36305 246
36306 341
36307 20
36308 220
36309 32
36310 151
36311 137
36312 153
36313 63
36314 99
36315 161
36316 319
36317 246
36318 240
36319 110
36320 159
36321 65
36322 742
36323 151
36324 128
36325 134
36326 145
36327 197
36328 166
36329 4
36330 157
36331 38
36332 592
36333 32
36334 25
36335 262
36336 158
36337 742
36338 96
36339 160
36340 77
36341 77
36342 52
36343 26
36344 150
36345 277
36346 99
36347 239
36348 198
36349 262
36350 270
36351 99
36352 78
36353 75
36354 227
36355 73
36356 161
36357 240
36358 192
36359 4
36360 44
36361 75
36362 153
36363 38
36364 157
36365 298
36366 234
36367 65
36368 292
36369 76
36370 122
36371 161
36372 325
36373 262
36374 409
36375 76
36376 16
36377 52
36378 157
36379 134
36380 184
36381 274
36382 12
36383 288
36384 275
36385 171
36386 592
36387 72
36388 159
36389 150
36390 128
36391 99
36392 54
36393 180
36394 223
36395 245
36396 223
36397 381
36398 112
36399 341
36400 220
36401 161
36402 70
36403 32
36404 274
36405 96
36406 305
36407 301
36408 235
36409 245
36410 592
36411 262
36412 114
36413 409
36414 128
36415 106
36416 208
36417 275
36418 301
36419 106
36420 227
36421 153
36422 156
36423 183
36424 315
36425 134
36426 305
36427 361
36428 341
36429 239
36430 286
36431 171
36432 288
36433 25
36434 137
36435 310
36436 277
36437 341
36438 311
36439 183
36440 234
36441 312
36442 157
36443 39
36444 191
36445 134
36446 279
36447 114
36448 25
36449 154
36450 41
36451 324
36452 274
36453 31
36454 270
36455 35
36456 282
36457 99
36458 161
36459 60
36460 208
36461 60
36462 334
36463 35
36464 32
36465 77
36466 245
36467 183
36468 232
36469 73
36470 242
36471 112
36472 60
36473 242
36474 154
36475 183
36476 277
36477 11
36478 274
36479 158
36480 35
36481 223
36482 150
36483 61
36484 268
36485 233
36486 381
36487 305
36488 180
36489 133
36490 265
36491 155
36492 270
36493 161
36494 240
36495 156
36496 145
36497 11
36498 183
36499 193
36500 158
36501 265
36502 137
36503 70
36504 159
36505 292
36506 310
36507 157
36508 156
36509 319
36510 286
36511 133
36512 159
36513 98
36514 32
36515 361
36516 655
36517 265
36518 76
36519 284
36520 262
36521 66
36522 315
36523 284
36524 360
36525 301
36526 198
36527 96
36528 173
36529 145
36530 96
36531 197
36532 137
36533 246
36534 249
36535 706
36536 333
36537 706
36538 333
36539 249
36540 337
36541 249
36542 706
36543 337
36544 553
36545 337
36546 553
36547 269
36548 553
36549 269
36550 553
36551 332
36552 227
36553 537
36554 325
36555 249
36556 229
36557 581
36558 537
36559 537
36560 249
36561 227
36562 331
36563 332
36564 325
36565 249
36566 249
36567 229
36568 575
36569 249
36570 249
36571 581
36572 325
36573 575
36574 448
36575 228
36576 575
36577 332
36578 331
36579 564
36580 581
36581 575
36582 448
36583 325
36584 229
36585 229
36586 816
36587 816
36588 520
36589 656
36590 816
36591 707
36592 664
36593 790
36594 707
36595 706
36596 710
36597 652
36598 706
36599 715
36600 626
36601 520
36602 707
36603 664
36604 816
36605 520
36606 664
36607 790
36608 625
36609 652
36610 652
36611 710
36612 520
36613 710
36614 736
36615 656
36616 626
36617 816
36618 520
36619 665
36620 816
36621 652
36622 626
36623 736
36624 710
36625 231
36626 569
36627 334
36628 777
36629 777
36630 706
36631 572
36632 333
36633 230
36634 230
36635 824
36636 333
36637 824
36638 569
36639 477
36640 703
36641 333
36642 340
36643 572
36644 477
36645 706
36646 231
36647 477
36648 816
36649 816
36650 665
36651 664
36652 707
36653 520
36654 816
36655 625
36656 707
36657 664
36658 790
36659 707
36660 706
36661 715
36662 652
36663 706
36664 715
36665 520
36666 707
36667 664
36668 655
36669 816
36670 520
36671 790
36672 625
36673 652
36674 652
36675 661
36676 520
36677 710
36678 664
36679 736
36680 625
36681 520
36682 665
36683 661
36684 655
36685 816
36686 652
36687 736
36688 710
36689 354
36690 703
36691 333
36692 726
36693 329
36694 726
36695 354
36696 329
36697 703
36698 354
36699 332
36700 227
36701 325
36702 229
36703 229
36704 581
36705 581
36706 448
36707 249
36708 227
36709 331
36710 325
36711 325
36712 249
36713 249
36714 229
36715 575
36716 249
36717 581
36718 325
36719 575
36720 448
36721 228
36722 575
36723 228
36724 331
36725 448
36726 581
36727 448
36728 229
36729 337
36730 337
36731 337
36732 241
36733 249
36734 540
36735 434
36736 434
36737 572
36738 572
36739 834
36740 824
36741 433
36742 540
36743 572
36744 706
36745 824
36746 433
36747 553
36748 553
36749 545
36750 553
36751 23
36752 23
36753 23
36754 571
36755 571
36756 670
36757 670
36758 670
36759 670
36760 571
36761 571
36762 571
36763 571
36764 571
36765 571
36766 571
36767 571
36768 330
36769 522
36770 225
36771 228
36772 518
36773 682
36774 539
36775 330
36776 518
36777 296
36778 225
36779 682
36780 683
36781 228
36782 228
36783 518
36784 730
36785 683
36786 330
36787 670
36788 683
36789 377
36790 228
36791 228
36792 670
36793 522
36794 730
36795 377
36796 225
36797 296
36798 730
36799 296
36800 296
36801 571
36802 571
36803 571
36804 142
36805 142
36806 61
36807 142
36808 63
36809 142
36810 149
36811 63
36812 149
36813 149
36814 142
36815 142
36816 264
36817 146
36818 204
36819 142
36820 299
36821 264
36822 299
36823 203
36824 181
36825 178
36826 118
36827 137
36828 118
36829 181
36830 137
36831 178
36832 61
36833 142
36834 65
36835 7
36836 65
36837 77
36838 65
36839 7
36840 149
36841 156
36842 77
36843 66
36844 152
36845 138
36846 150
36847 146
36848 146
36849 138
36850 26
36851 26
36852 26
36853 152
36854 137
36855 153
36856 198
36857 287
36858 238
36859 362
36860 264
36861 724
36862 238
36863 108
36864 267
36865 806
36866 306
36867 375
36868 362
36869 62
36870 198
36871 264
36872 370
36873 196
36874 243
36875 62
36876 497
36877 62
36878 239
36879 137
36880 137
36881 198
36882 370
36883 410
36884 360
36885 304
36886 375
36887 667
36888 287
36889 407
36890 859
36891 384
36892 795
36893 724
36894 370
36895 846
36896 361
36897 370
36898 287
36899 149
36900 350
36901 426
36902 365
36903 126
36904 365
36905 365
36906 167
36907 384
36908 360
36909 108
36910 321
36911 167
36912 716
36913 287
36914 243
36915 667
36916 426
36917 407
36918 497
36919 375
36920 108
36921 126
36922 306
36923 845
36924 350
36925 806
36926 667
36927 261
36928 304
36929 167
36930 716
36931 261
36932 267
36933 321
36934 407
36935 248
36936 108
36937 497
36938 716
36939 350
36940 153
36941 142
36942 142
36943 142
36944 209
36945 209
36946 209
36947 209
36948 209
36949 209
36950 209
36951 173
36952 173
36953 208
36954 175
36955 208
36956 209
36957 173
36958 209
36959 213
36960 213
36961 209
36962 209
36963 208
36964 208
36965 209
36966 209
36967 222
36968 220
36969 222
36970 222
36971 222
36972 222
36973 222
36974 222
36975 222
36976 221
36977 222
36978 222
36979 222
36980 217
36981 250
36982 328
36983 341
36984 341
36985 217
36986 341
36987 341
36988 267
36989 781
36990 250
36991 250
36992 267
36993 222
36994 220
36995 500
36996 388
36997 267
36998 222
36999 388
37000 222
37001 222
37002 217
37003 340
37004 328
37005 497
37006 498
37007 851
37008 500
37009 222
37010 341
37011 781
37012 324
37013 222
37014 324
37015 324
37016 267
37017 217
37018 851
37019 222
37020 222
37021 222
37022 222
37023 414
37024 414
37025 224
37026 224
37027 224
37028 266
37029 229
37030 757
37031 757
37032 300
37033 317
37034 225
37035 757
37036 664
37037 224
37038 253
37039 266
37040 317
37041 332
37042 218
37043 342
37044 762
37045 424
37046 261
37047 356
37048 267
37049 472
37050 277
37051 357
37052 283
37053 290
37054 682
37055 224
37056 347
37057 216
37058 86
37059 283
37060 261
37061 216
37062 319
37063 224
37064 710
37065 306
37066 223
37067 305
37068 332
37069 234
37070 246
37071 253
37072 356
37073 306
37074 267
37075 255
37076 261
37077 223
37078 271
37079 334
37080 244
37081 283
37082 170
37083 244
37084 287
37085 60
37086 362
37087 290
37088 253
37089 319
37090 271
37091 87
37092 464
37093 334
37094 319
37095 234
37096 255
37097 234
37098 256
37099 464
37100 762
37101 472
37102 60
37103 261
37104 225
37105 253
37106 218
37107 763
37108 224
37109 277
37110 357
37111 224
37112 87
37113 354
37114 413
37115 464
37116 347
37117 347
37118 306
37119 261
37120 87
37121 342
37122 763
37123 256
37124 234
37125 342
37126 290
37127 682
37128 334
37129 354
37130 244
37131 319
37132 788
37133 319
37134 413
37135 277
37136 287
37137 361
37138 267
37139 287
37140 261
37141 242
37142 305
37143 226
37144 424
37145 226
37146 362
37147 267
37148 242
37149 347
37150 361
37151 354
37152 170
37153 356
37154 242
37155 256
37156 256
37157 122
37158 127
37159 207
37160 127
37161 207
37162 207
37163 25
37164 122
37165 122
37166 24
37167 226
37168 25
37169 122
37170 24
37171 305
37172 115
37173 305
37174 275
37175 295
37176 294
37177 305
37178 115
37179 275
37180 127
37181 305
37182 294
37183 153
37184 321
37185 127
37186 321
37187 236
37188 236
37189 127
37190 153
37191 236
37192 125
37193 57
37194 63
37195 155
37196 9
37197 153
37198 125
37199 67
37200 9
37201 235
37202 235
37203 67
37204 216
37205 216
37206 207
37207 235
37208 54
37209 153
37210 63
37211 207
37212 54
37213 22
37214 22
37215 235
37216 180
37217 180
37218 121
37219 76
37220 125
37221 180
37222 26
37223 127
37224 150
37225 119
37226 180
37227 126
37228 150
37229 193
37230 121
37231 125
37232 140
37233 193
37234 184
37235 150
37236 26
37237 78
37238 121
37239 24
37240 184
37241 76
37242 26
37243 78
37244 24
37245 125
37246 127
37247 149
37248 126
37249 127
37250 149
37251 184
37252 140
37253 193
37254 126
37255 193
37256 119
37257 184
37258 150
37259 119
37260 184
37261 184
37262 189
37263 108
37264 196
37265 196
37266 125
37267 181
37268 189
37269 181
37270 196
37271 128
37272 181
37273 184
37274 108
37275 184
37276 108
37277 184
37278 189
37279 185
37280 207
37281 182
37282 180
37283 185
37284 208
37285 174
37286 180
37287 159
37288 127
37289 173
37290 174
37291 208
37292 127
37293 177
37294 163
37295 86
37296 177
37297 173
37298 174
37299 190
37300 167
37301 166
37302 163
37303 23
37304 115
37305 180
37306 12
37307 123
37308 172
37309 86
37310 110
37311 189
37312 159
37313 185
37314 177
37315 166
37316 172
37317 130
37318 146
37319 174
37320 163
37321 173
37322 177
37323 126
37324 124
37325 159
37326 147
37327 163
37328 190
37329 134
37330 182
37331 124
37332 12
37333 167
37334 207
37335 146
37336 115
37337 130
37338 182
37339 134
37340 200
37341 207
37342 167
37343 185
37344 180
37345 147
37346 134
37347 167
37348 134
37349 182
37350 110
37351 146
37352 126
37353 177
37354 341
37355 341
37356 341
37357 341
37358 341
37359 341
37360 279
37361 279
37362 279
37363 341
37364 341
37365 279
37366 343
37367 279
37368 316
37369 791
37370 304
37371 341
37372 174
37373 791
37374 804
37375 804
37376 331
37377 94
37378 304
37379 804
37380 289
37381 316
37382 791
37383 289
37384 289
37385 790
37386 804
37387 341
37388 289
37389 86
37390 289
37391 804
37392 86
37393 86
37394 316
37395 804
37396 289
37397 340
37398 363
37399 342
37400 284
37401 363
37402 341
37403 284
37404 358
37405 284
37406 236
37407 340
37408 342
37409 358
37410 363
37411 342
37412 285
37413 236
37414 284
37415 340
37416 363
37417 369
37418 284
37419 363
37420 341
37421 284
37422 369
37423 284
37424 284
37425 342
37426 369
37427 363
37428 342
37429 285
37430 342
37431 284
37432 304
37433 804
37434 304
37435 804
37436 341
37437 804
37438 289
37439 341
37440 10
37441 289
37442 804
37443 10
37444 289
37445 279
37446 340
37447 279
37448 341
37449 341
37450 279
37451 279
37452 240
37453 240
37454 241
37455 241
37456 240
37457 223
37458 294
37459 296
37460 240
37461 246
37462 296
37463 294
37464 241
37465 241
37466 241
37467 369
37468 222
37469 218
37470 269
37471 304
37472 310
37473 287
37474 251
37475 223
37476 225
37477 319
37478 353
37479 244
37480 274
37481 94
37482 242
37483 53
37484 18
37485 270
37486 270
37487 285
37488 378
37489 438
37490 269
37491 427
37492 307
37493 351
37494 263
37495 274
37496 427
37497 270
37498 401
37499 367
37500 242
37501 295
37502 225
37503 335
37504 304
37505 369
37506 251
37507 262
37508 438
37509 18
37510 279
37511 813
37512 295
37513 378
37514 335
37515 307
37516 220
37517 269
37518 251
37519 374
37520 94
37521 270
37522 18
37523 94
37524 222
37525 279
37526 311
37527 327
37528 335
37529 251
37530 322
37531 256
37532 351
37533 269
37534 53
37535 53
37536 253
37537 813
37538 283
37539 304
37540 310
37541 285
37542 287
37543 225
37544 89
37545 401
37546 18
37547 275
37548 263
37549 231
37550 315
37551 279
37552 279
37553 280
37554 270
37555 244
37556 218
37557 268
37558 218
37559 218
37560 231
37561 231
37562 244
37563 223
37564 427
37565 89
37566 283
37567 256
37568 226
37569 287
37570 315
37571 367
37572 263
37573 263
37574 427
37575 311
37576 270
37577 311
37578 94
37579 275
37580 94
37581 813
37582 322
37583 256
37584 242
37585 253
37586 319
37587 222
37588 242
37589 222
37590 310
37591 220
37592 268
37593 221
37594 319
37595 262
37596 327
37597 612
37598 612
37599 612
37600 612
37601 612
37602 553
37603 440
37604 637
37605 440
37606 612
37607 489
37608 612
37609 612
37610 637
37611 612
37612 612
37613 489
37614 612
37615 612
37616 683
37617 841
37618 769
37619 675
37620 841
37621 729
37622 609
37623 849
37624 609
37625 729
37626 612
37627 675
37628 729
37629 769
37630 841
37631 609
37632 769
37633 612
37634 683
37635 841
37636 612
37637 612
37638 841
37639 769
37640 841
37641 489
37642 612
37643 489
37644 612
37645 612
37646 612
37647 489
37648 612
37649 612
37650 489
37651 612
37652 8
37653 8
37654 8
37655 3
37656 8
37657 386
37658 386
37659 386
37660 198
37661 192
37662 181
37663 155
37664 155
37665 155
37666 185
37667 188
37668 155
37669 180
37670 185
37671 8
37672 176
37673 211
37674 180
37675 192
37676 155
37677 192
37678 176
37679 8
37680 8
37681 369
37682 137
37683 191
37684 96
37685 38
37686 278
37687 130
37688 154
37689 184
37690 236
37691 157
37692 234
37693 38
37694 358
37695 234
37696 199
37697 197
37698 110
37699 105
37700 32
37701 236
37702 77
37703 96
37704 130
37705 72
37706 103
37707 3
37708 369
37709 278
37710 154
37711 127
37712 358
37713 32
37714 194
37715 174
37716 126
37717 142
37718 31
37719 58
37720 389
37721 171
37722 199
37723 194
37724 158
37725 72
37726 70
37727 172
37728 70
37729 387
37730 130
37731 203
37732 96
37733 77
37734 150
37735 70
37736 70
37737 100
37738 184
37739 403
37740 96
37741 105
37742 72
37743 387
37744 157
37745 100
37746 3
37747 130
37748 137
37749 110
37750 3
37751 126
37752 72
37753 389
37754 399
37755 25
37756 153
37757 38
37758 158
37759 358
37760 142
37761 171
37762 171
37763 77
37764 137
37765 174
37766 191
37767 111
37768 137
37769 278
37770 153
37771 31
37772 111
37773 399
37774 23
37775 100
37776 25
37777 58
37778 105
37779 137
37780 70
37781 203
37782 172
37783 197
37784 137
37785 734
37786 734
37787 734
37788 249
37789 281
37790 266
37791 262
37792 298
37793 257
37794 277
37795 600
37796 53
37797 571
37798 298
37799 292
37800 262
37801 345
37802 278
37803 338
37804 250
37805 262
37806 249
37807 369
37808 269
37809 278
37810 345
37811 314
37812 269
37813 410
37814 292
37815 271
37816 269
37817 338
37818 291
37819 321
37820 312
37821 291
37822 216
37823 277
37824 289
37825 339
37826 314
37827 42
37828 216
37829 277
37830 258
37831 297
37832 571
37833 235
37834 319
37835 98
37836 410
37837 250
37838 407
37839 252
37840 236
37841 261
37842 270
37843 248
37844 316
37845 291
37846 327
37847 95
37848 216
37849 262
37850 48
37851 407
37852 571
37853 235
37854 721
37855 218
37856 98
37857 252
37858 345
37859 289
37860 312
37861 270
37862 289
37863 369
37864 292
37865 278
37866 321
37867 266
37868 316
37869 242
37870 43
37871 345
37872 270
37873 733
37874 312
37875 242
37876 327
37877 98
37878 339
37879 248
37880 252
37881 297
37882 242
37883 298
37884 289
37885 319
37886 263
37887 312
37888 218
37889 258
37890 53
37891 607
37892 48
37893 281
37894 263
37895 235
37896 257
37897 600
37898 298
37899 721
37900 48
37901 338
37902 415
37903 415
37904 415
37905 415
37906 408
37907 338
37908 363
37909 338
37910 343
37911 341
37912 343
37913 343
37914 218
37915 343
37916 343
37917 338
37918 340
37919 340
37920 343
37921 341
37922 218
37923 415
37924 304
37925 41
37926 219
37927 776
37928 320
37929 408
37930 304
37931 277
37932 12
37933 288
37934 281
37935 82
37936 219
37937 95
37938 301
37939 236
37940 327
37941 243
37942 304
37943 341
37944 279
37945 95
37946 281
37947 261
37948 219
37949 95
37950 311
37951 298
37952 221
37953 356
37954 264
37955 533
37956 279
37957 342
37958 42
37959 243
37960 239
37961 327
37962 515
37963 533
37964 279
37965 240
37966 852
37967 261
37968 291
37969 265
37970 219
37971 41
37972 39
37973 85
37974 82
37975 301
37976 277
37977 257
37978 515
37979 273
37980 314
37981 264
37982 274
37983 299
37984 85
37985 287
37986 40
37987 85
37988 8
37989 311
37990 291
37991 377
37992 239
37993 301
37994 236
37995 12
37996 314
37997 314
37998 261
37999 299
38000 320
38001 12
38002 288
38003 837
38004 257
38005 298
38006 367
38007 346
38008 82
38009 299
38010 39
38011 341
38012 274
38013 298
38014 304
38015 43
38016 221
38017 42
38018 346
38019 398
38020 338
38021 837
38022 398
38023 95
38024 320
38025 8
38026 240
38027 340
38028 41
38029 273
38030 274
38031 314
38032 273
38033 273
38034 243
38035 277
38036 301
38037 43
38038 320
38039 299
38040 95
38041 301
38042 311
38043 265
38044 236
38045 8
38046 240
38047 288
38048 11
38049 40
38050 327
38051 408
38052 311
38053 340
38054 377
38055 356
38056 287
38057 12
38058 342
38059 265
38060 408
38061 852
38062 40
38063 776
38064 82
38065 298
38066 338
38067 343
38068 341
38069 343
38070 343
38071 343
38072 338
38073 341
38074 343
38075 341
38076 343
38077 736
38078 758
38079 736
38080 736
38081 736
38082 729
38083 735
38084 729
38085 735
38086 325
38087 51
38088 51
38089 51
38090 75
38091 79
38092 51
38093 51
38094 75
38095 75
38096 79
38097 79
38098 79
38099 51
38100 20
38101 29
38102 51
38103 777
38104 780
38105 780
38106 777
38107 819
38108 703
38109 703
38110 703
38111 703
38112 703
38113 819
38114 780
38115 328
38116 328
38117 522
38118 773
38119 780
38120 780
38121 522
38122 751
38123 750
38124 750
38125 703
38126 389
38127 526
38128 521
38129 345
38130 291
38131 389
38132 374
38133 685
38134 521
38135 304
38136 703
38137 523
38138 291
38139 384
38140 304
38141 346
38142 685
38143 521
38144 384
38145 291
38146 72
38147 391
38148 750
38149 72
38150 526
38151 345
38152 703
38153 384
38154 750
38155 750
38156 738
38157 738
38158 738
38159 393
38160 393
38161 393
38162 393
38163 393
38164 738
38165 393
38166 738
38167 738
38168 335
38169 335
38170 335
38171 335
38172 843
38173 336
38174 335
38175 371
38176 336
38177 335
38178 335
38179 334
38180 334
38181 843
38182 466
38183 821
38184 822
38185 821
38186 466
38187 783
38188 855
38189 821
38190 821
38191 783
38192 783
38193 821
38194 821
38195 855
38196 855
38197 843
38198 797
38199 539
38200 690
38201 781
38202 344
38203 250
38204 672
38205 344
38206 241
38207 689
38208 539
38209 822
38210 843
38211 241
38212 689
38213 539
38214 537
38215 781
38216 231
38217 797
38218 670
38219 843
38220 265
38221 822
38222 672
38223 822
38224 797
38225 251
38226 670
38227 783
38228 821
38229 821
38230 783
38231 783
38232 821
38233 821
38234 855
38235 686
38236 686
38237 686
38238 507
38239 507
38240 686
38241 507
38242 686
38243 686
38244 686
38245 686
38246 679
38247 654
38248 654
38249 680
38250 686
38251 679
38252 680
38253 365
38254 686
38255 365
38256 812
38257 365
38258 685
38259 812
38260 365
38261 685
38262 686
38263 596
38264 533
38265 533
38266 533
38267 533
38268 596
38269 507
38270 507
38271 507
38272 507
38273 507
38274 679
38275 679
38276 679
38277 679
38278 533
38279 533
38280 533
38281 533
38282 507
38283 507
38284 369
38285 686
38286 834
38287 369
38288 369
38289 686
38290 722
38291 722
38292 306
38293 34
38294 306
38295 306
38296 306
38297 79
38298 302
38299 304
38300 302
38301 302
38302 79
38303 71
38304 306
38305 34
38306 331
38307 306
38308 276
38309 19
38310 372
38311 369
38312 253
38313 320
38314 292
38315 332
38316 398
38317 260
38318 260
38319 30
38320 85
38321 264
38322 264
38323 14
38324 14
38325 65
38326 420
38327 420
38328 52
38329 255
38330 315
38331 245
38332 98
38333 63
38334 50
38335 235
38336 292
38337 339
38338 308
38339 339
38340 270
38341 398
38342 276
38343 85
38344 98
38345 101
38346 341
38347 284
38348 244
38349 323
38350 13
38351 63
38352 308
38353 98
38354 369
38355 339
38356 341
38357 85
38358 52
38359 331
38360 40
38361 270
38362 220
38363 310
38364 63
38365 271
38366 292
38367 292
38368 52
38369 285
38370 30
38371 220
38372 306
38373 52
38374 285
38375 276
38376 243
38377 308
38378 271
38379 369
38380 235
38381 50
38382 101
38383 244
38384 315
38385 292
38386 285
38387 332
38388 773
38389 308
38390 40
38391 270
38392 398
38393 243
38394 47
38395 320
38396 773
38397 255
38398 13
38399 285
38400 13
38401 316
38402 98
38403 270
38404 253
38405 316
38406 316
38407 235
38408 264
38409 320
38410 271
38411 260
38412 19
38413 40
38414 372
38415 84
38416 52
38417 235
38418 285
38419 30
38420 284
38421 332
38422 767
38423 656
38424 656
38425 656
38426 656
38427 788
38428 402
38429 418
38430 826
38431 636
38432 788
38433 643
38434 418
38435 788
38436 744
38437 414
38438 744
38439 414
38440 636
38441 399
38442 399
38443 784
38444 656
38445 751
38446 224
38447 414
38448 784
38449 636
38450 643
38451 402
38452 368
38453 226
38454 826
38455 418
38456 413
38457 661
38458 744
38459 377
38460 618
38461 224
38462 368
38463 618
38464 661
38465 744
38466 618
38467 203
38468 203
38469 203
38470 203
38471 203
38472 203
38473 91
38474 91
38475 203
38476 203
38477 203
38478 203
38479 203
38480 394
38481 707
38482 394
38483 397
38484 731
38485 397
38486 790
38487 394
38488 394
38489 394
38490 707
38491 735
38492 394
38493 740
38494 735
38495 666
38496 830
38497 666
38498 827
38499 666
38500 563
38501 563
38502 811
38503 731
38504 811
38505 830
38506 655
38507 655
38508 397
38509 397
38510 790
38511 790
38512 390
38513 391
38514 360
38515 360
38516 360
38517 391
38518 360
38519 360
38520 391
38521 391
38522 390
38523 391
38524 384
38525 391
38526 390
38527 390
38528 390
38529 390
38530 390
38531 390
38532 390
38533 391
38534 390
38535 390
38536 391
38537 391
38538 360
38539 196
38540 124
38541 426
38542 196
38543 360
38544 426
38545 23
38546 23
38547 122
38548 360
38549 360
38550 619
38551 349
38552 240
38553 353
38554 241
38555 804
38556 759
38557 417
38558 683
38559 299
38560 287
38561 805
38562 248
38563 278
38564 254
38565 235
38566 665
38567 409
38568 266
38569 223
38570 415
38571 420
38572 696
38573 292
38574 318
38575 278
38576 649
38577 362
38578 311
38579 391
38580 318
38581 355
38582 747
38583 830
38584 373
38585 417
38586 453
38587 92
38588 257
38589 192
38590 334
38591 391
38592 522
38593 262
38594 830
38595 368
38596 412
38597 391
38598 819
38599 657
38600 240
38601 747
38602 411
38603 42
38604 15
38605 522
38606 254
38607 273
38608 278
38609 319
38610 292
38611 326
38612 230
38613 329
38614 427
38615 391
38616 409
38617 254
38618 349
38619 747
38620 415
38621 173
38622 15
38623 390
38624 85
38625 280
38626 276
38627 299
38628 358
38629 651
38630 522
38631 391
38632 333
38633 855
38634 348
38635 223
38636 427
38637 353
38638 629
38639 113
38640 404
38641 406
38642 411
38643 173
38644 651
38645 412
38646 747
38647 368
38648 651
38649 292
38650 629
38651 186
38652 362
38653 417
38654 218
38655 355
38656 334
38657 747
38658 629
38659 390
38660 392
38661 220
38662 696
38663 299
38664 358
38665 299
38666 235
38667 760
38668 820
38669 192
38670 218
38671 392
38672 804
38673 302
38674 360
38675 313
38676 192
38677 555
38678 522
38679 102
38680 138
38681 92
38682 390
38683 255
38684 112
38685 420
38686 804
38687 224
38688 90
38689 327
38690 278
38691 411
38692 453
38693 326
38694 224
38695 231
38696 824
38697 270
38698 349
38699 555
38700 76
38701 373
38702 364
38703 348
38704 427
38705 186
38706 406
38707 276
38708 362
38709 249
38710 235
38711 411
38712 760
38713 362
38714 427
38715 295
38716 42
38717 405
38718 415
38719 15
38720 855
38721 287
38722 102
38723 683
38724 334
38725 368
38726 85
38727 441
38728 186
38729 270
38730 415
38731 555
38732 224
38733 411
38734 348
38735 138
38736 683
38737 355
38738 243
38739 90
38740 356
38741 259
38742 86
38743 391
38744 103
38745 759
38746 248
38747 299
38748 278
38749 255
38750 319
38751 230
38752 241
38753 392
38754 329
38755 86
38756 415
38757 362
38758 192
38759 173
38760 333
38761 358
38762 665
38763 555
38764 747
38765 427
38766 417
38767 230
38768 358
38769 448
38770 262
38771 259
38772 42
38773 243
38774 696
38775 390
38776 327
38777 334
38778 243
38779 619
38780 76
38781 249
38782 436
38783 805
38784 417
38785 262
38786 448
38787 173
38788 272
38789 113
38790 390
38791 820
38792 488
38793 522
38794 113
38795 280
38796 619
38797 362
38798 657
38799 257
38800 112
38801 303
38802 373
38803 411
38804 334
38805 442
38806 417
38807 138
38808 360
38809 759
38810 326
38811 819
38812 855
38813 824
38814 319
38815 355
38816 412
38817 819
38818 488
38819 404
38820 220
38821 488
38822 360
38823 804
38824 333
38825 303
38826 276
38827 329
38828 436
38829 368
38830 350
38831 375
38832 375
38833 365
38834 376
38835 281
38836 400
38837 422
38838 252
38839 271
38840 271
38841 294
38842 271
38843 365
38844 374
38845 102
38846 421
38847 102
38848 405
38849 668
38850 376
38851 796
38852 392
38853 668
38854 532
38855 231
38856 409
38857 372
38858 297
38859 392
38860 313
38861 102
38862 336
38863 406
38864 98
38865 102
38866 358
38867 623
38868 391
38869 325
38870 428
38871 406
38872 623
38873 400
38874 376
38875 376
38876 231
38877 476
38878 798
38879 798
38880 297
38881 92
38882 428
38883 350
38884 357
38885 92
38886 668
38887 231
38888 770
38889 767
38890 386
38891 391
38892 252
38893 375
38894 358
38895 391
38896 102
38897 406
38898 476
38899 532
38900 799
38901 364
38902 365
38903 796
38904 798
38905 392
38906 623
38907 374
38908 376
38909 799
38910 232
38911 796
38912 391
38913 668
38914 252
38915 325
38916 313
38917 98
38918 409
38919 357
38920 422
38921 250
38922 374
38923 375
38924 767
38925 770
38926 421
38927 368
38928 372
38929 300
38930 332
38931 351
38932 728
38933 420
38934 806
38935 349
38936 230
38937 332
38938 359
38939 714
38940 806
38941 420
38942 351
38943 368
38944 395
38945 332
38946 302
38947 325
38948 714
38949 300
38950 230
38951 420
38952 359
38953 230
38954 325
38955 372
38956 385
38957 349
38958 349
38959 728
38960 395
38961 385
38962 368
38963 332
38964 728
38965 391
38966 372
38967 368
38968 420
38969 395
38970 391
38971 420
38972 351
38973 391
38974 300
38975 351
38976 302
38977 325
38978 368
38979 230
38980 368
38981 389
38982 796
38983 389
38984 351
38985 420
38986 376
38987 357
38988 420
38989 389
38990 359
38991 420
38992 376
38993 359
38994 796
38995 423
38996 357
38997 355
38998 389
38999 374
39000 389
39001 420
39002 796
39003 390
39004 798
39005 359
39006 408
39007 359
39008 374
39009 351
39010 376
39011 420
39012 423
39013 547
39014 408
39015 390
39016 423
39017 359
39018 380
39019 351
39020 796
39021 420
39022 389
39023 547
39024 390
39025 798
39026 247
39027 247
39028 355
39029 420
39030 355
39031 380
39032 355
39033 796
39034 408
39035 420
39036 390
39037 390
39038 390
39039 391
39040 390
39041 391
39042 391
39043 390
39044 391
39045 391
39046 390
39047 390
39048 390
39049 390
39050 390
39051 390
39052 390
39053 390
39054 859
39055 859
39056 859
39057 859
39058 859
39059 843
39060 859
39061 843
39062 859
39063 843
39064 859
39065 859
39066 859
39067 859
39068 843
39069 843
39070 859
39071 843
39072 859
39073 859
39074 859
39075 859
39076 859
39077 764
39078 406
39079 352
39080 764
39081 406
39082 352
39083 764
39084 764
39085 764
39086 765
39087 764
39088 765
39089 308
39090 409
39091 833
39092 825
39093 308
39094 833
39095 682
39096 409
39097 308
39098 833
39099 308
39100 825
39101 833
39102 682
39103 514
39104 682
39105 409
39106 682
39107 514
39108 406
39109 356
39110 762
39111 762
39112 400
39113 400
39114 223
39115 352
39116 491
39117 400
39118 817
39119 338
39120 356
39121 239
39122 654
39123 653
39124 223
39125 810
39126 343
39127 356
39128 656
39129 762
39130 293
39131 491
39132 762
39133 653
39134 239
39135 288
39136 728
39137 338
39138 326
39139 326
39140 229
39141 817
39142 326
39143 288
39144 810
39145 271
39146 728
39147 229
39148 728
39149 343
39150 728
39151 229
39152 491
39153 656
39154 223
39155 343
39156 831
39157 764
39158 710
39159 763
39160 709
39161 763
39162 709
39163 702
39164 706
39165 706
39166 706
39167 831
39168 764
39169 702
39170 831
39171 702
39172 308
39173 409
39174 682
39175 833
39176 825
39177 308
39178 833
39179 409
39180 308
39181 833
39182 308
39183 825
39184 833
39185 682
39186 514
39187 682
39188 406
39189 409
39190 682
39191 514
39192 406
39193 351
39194 506
39195 617
39196 617
39197 351
39198 352
39199 764
39200 764
39201 353
39202 353
39203 304
39204 658
39205 304
39206 353
39207 353
39208 304
39209 353
39210 801
39211 801
39212 387
39213 766
39214 523
39215 224
39216 766
39217 523
39218 387
39219 224
39220 523
39221 523
39222 554
39223 820
39224 820
39225 756
39226 756
39227 820
39228 554
39229 820
39230 389
39231 654
39232 725
39233 349
39234 259
39235 744
39236 389
39237 727
39238 661
39239 700
39240 591
39241 727
39242 389
39243 223
39244 365
39245 844
39246 685
39247 404
39248 522
39249 855
39250 607
39251 410
39252 409
39253 775
39254 838
39255 347
39256 789
39257 374
39258 418
39259 780
39260 853
39261 695
39262 519
39263 413
39264 335
39265 349
39266 404
39267 314
39268 335
39269 398
39270 406
39271 533
39272 823
39273 616
39274 826
39275 537
39276 343
39277 414
39278 607
39279 741
39280 696
39281 321
39282 355
39283 652
39284 844
39285 377
39286 187
39287 463
39288 708
39289 837
39290 628
39291 314
39292 46
39293 689
39294 196
39295 652
39296 404
39297 590
39298 809
39299 479
39300 363
39301 519
39302 664
39303 628
39304 794
39305 415
39306 344
39307 426
39308 649
39309 742
39310 314
39311 844
39312 799
39313 613
39314 377
39315 736
39316 838
39317 628
39318 415
39319 726
39320 678
39321 823
39322 314
39323 695
39324 643
39325 687
39326 37
39327 708
39328 420
39329 229
39330 375
39331 374
39332 218
39333 628
39334 662
39335 228
39336 696
39337 355
39338 414
39339 835
39340 846
39341 349
39342 688
39343 739
39344 309
39345 429
39346 753
39347 840
39348 671
39349 628
39350 327
39351 689
39352 823
39353 805
39354 226
39355 186
39356 46
39357 836
39358 236
39359 761
39360 735
39361 826
39362 732
39363 786
39364 747
39365 687
39366 764
39367 661
39368 726
39369 420
39370 821
39371 777
39372 777
39373 799
39374 685
39375 643
39376 376
39377 791
39378 777
39379 798
39380 809
39381 535
39382 654
39383 753
39384 314
39385 581
39386 700
39387 746
39388 842
39389 674
39390 730
39391 735
39392 537
39393 820
39394 661
39395 533
39396 855
39397 721
39398 427
39399 812
39400 691
39401 826
39402 414
39403 723
39404 589
39405 754
39406 785
39407 808
39408 775
39409 404
39410 499
39411 426
39412 685
39413 475
39414 750
39415 858
39416 654
39417 836
39418 808
39419 727
39420 671
39421 361
39422 418
39423 745
39424 335
39425 347
39426 804
39427 732
39428 456
39429 783
39430 789
39431 760
39432 759
39433 780
39434 223
39435 835
39436 37
39437 845
39438 371
39439 374
39440 664
39441 223
39442 692
39443 721
39444 421
39445 410
39446 691
39447 671
39448 682
39449 335
39450 725
39451 846
39452 794
39453 316
39454 414
39455 654
39456 619
39457 725
39458 399
39459 538
39460 725
39461 798
39462 375
39463 349
39464 836
39465 218
39466 789
39467 643
39468 418
39469 619
39470 821
39471 535
39472 730
39473 424
39474 741
39475 259
39476 365
39477 735
39478 477
39479 365
39480 745
39481 723
39482 535
39483 347
39484 424
39485 827
39486 327
39487 777
39488 678
39489 691
39490 786
39491 463
39492 725
39493 742
39494 846
39495 228
39496 519
39497 415
39498 849
39499 309
39500 735
39501 363
39502 846
39503 800
39504 413
39505 371
39506 343
39507 842
39508 746
39509 538
39510 849
39511 424
39512 853
39513 727
39514 535
39515 392
39516 429
39517 361
39518 649
39519 377
39520 654
39521 752
39522 682
39523 719
39524 327
39525 200
39526 594
39527 342
39528 791
39529 463
39530 849
39531 581
39532 413
39533 429
39534 374
39535 688
39536 349
39537 817
39538 842
39539 603
39540 407
39541 327
39542 791
39543 201
39544 674
39545 703
39546 739
39547 533
39548 411
39549 186
39550 392
39551 607
39552 695
39553 702
39554 751
39555 836
39556 392
39557 747
39558 499
39559 406
39560 342
39561 794
39562 678
39563 477
39564 861
39565 259
39566 196
39567 730
39568 745
39569 594
39570 828
39571 691
39572 838
39573 410
39574 616
39575 861
39576 836
39577 761
39578 821
39579 754
39580 409
39581 662
39582 603
39583 721
39584 344
39585 309
39586 853
39587 655
39588 327
39589 725
39590 813
39591 309
39592 330
39593 330
39594 612
39595 775
39596 808
39597 421
39598 702
39599 418
39600 612
39601 760
39602 850
39603 789
39604 342
39605 399
39606 785
39607 371
39608 376
39609 533
39610 719
39611 741
39612 662
39613 404
39614 499
39615 780
39616 344
39617 782
39618 735
39619 414
39620 719
39621 835
39622 853
39623 499
39624 745
39625 674
39626 361
39627 236
39628 420
39629 522
39630 849
39631 607
39632 798
39633 404
39634 589
39635 355
39636 817
39637 392
39638 648
39639 754
39640 702
39641 752
39642 655
39643 421
39644 725
39645 687
39646 777
39647 723
39648 727
39649 752
39650 692
39651 782
39652 794
39653 229
39654 655
39655 721
39656 840
39657 429
39658 846
39659 535
39660 777
39661 201
39662 678
39663 349
39664 377
39665 678
39666 752
39667 820
39668 581
39669 842
39670 643
39671 754
39672 628
39673 463
39674 407
39675 725
39676 451
39677 475
39678 342
39679 845
39680 786
39681 775
39682 46
39683 456
39684 314
39685 421
39686 671
39687 849
39688 703
39689 736
39690 344
39691 46
39692 375
39693 327
39694 399
39695 841
39696 342
39697 519
39698 427
39699 823
39700 411
39701 321
39702 855
39703 861
39704 700
39705 813
39706 744
39707 739
39708 800
39709 789
39710 355
39711 689
39712 451
39713 590
39714 522
39715 803
39716 727
39717 855
39718 374
39719 674
39720 418
39721 200
39722 805
39723 398
39724 780
39725 533
39726 794
39727 366
39728 367
39729 342
39730 713
39731 714
39732 349
39733 713
39734 714
39735 366
39736 342
39737 756
39738 367
39739 756
39740 730
39741 730
39742 342
39743 408
39744 408
39745 408
39746 408
39747 756
39748 410
39749 410
39750 410
39751 410
39752 410
39753 410
39754 410
39755 308
39756 309
39757 47
39758 319
39759 381
39760 274
39761 20
39762 298
39763 321
39764 155
39765 317
39766 322
39767 410
39768 222
39769 47
39770 315
39771 298
39772 298
39773 236
39774 321
39775 345
39776 273
39777 317
39778 267
39779 321
39780 280
39781 283
39782 320
39783 406
39784 94
39785 323
39786 412
39787 320
39788 416
39789 293
39790 322
39791 323
39792 309
39793 318
39794 47
39795 281
39796 308
39797 741
39798 279
39799 318
39800 282
39801 323
39802 79
39803 274
39804 234
39805 338
39806 607
39807 309
39808 322
39809 67
39810 312
39811 169
39812 272
39813 381
39814 309
39815 268
39816 288
39817 170
39818 344
39819 322
39820 311
39821 791
39822 295
39823 320
39824 362
39825 311
39826 343
39827 317
39828 280
39829 315
39830 313
39831 298
39832 319
39833 365
39834 324
39835 295
39836 313
39837 305
39838 283
39839 88
39840 317
39841 318
39842 345
39843 288
39844 286
39845 317
39846 279
39847 741
39848 406
39849 369
39850 269
39851 362
39852 737
39853 309
39854 791
39855 273
39856 321
39857 226
39858 298
39859 318
39860 281
39861 322
39862 273
39863 274
39864 279
39865 791
39866 277
39867 273
39868 309
39869 267
39870 312
39871 196
39872 172
39873 320
39874 323
39875 272
39876 368
39877 217
39878 412
39879 275
39880 305
39881 280
39882 283
39883 309
39884 278
39885 416
39886 272
39887 412
39888 312
39889 318
39890 79
39891 322
39892 295
39893 313
39894 268
39895 320
39896 381
39897 106
39898 318
39899 317
39900 270
39901 273
39902 395
39903 317
39904 295
39905 269
39906 416
39907 737
39908 737
39909 322
39910 286
39911 741
39912 322
39913 317
39914 88
39915 279
39916 287
39917 226
39918 217
39919 344
39920 766
39921 106
39922 309
39923 318
39924 312
39925 313
39926 277
39927 312
39928 172
39929 298
39930 320
39931 410
39932 309
39933 321
39934 323
39935 607
39936 313
39937 317
39938 362
39939 273
39940 345
39941 236
39942 287
39943 88
39944 106
39945 283
39946 362
39947 320
39948 155
39949 170
39950 221
39951 40
39952 170
39953 349
39954 313
39955 280
39956 391
39957 279
39958 277
39959 412
39960 310
39961 416
39962 324
39963 88
39964 282
39965 271
39966 318
39967 320
39968 298
39969 279
39970 282
39971 79
39972 293
39973 381
39974 406
39975 737
39976 741
39977 323
39978 196
39979 239
39980 408
39981 275
39982 278
39983 20
39984 607
39985 234
39986 286
39987 368
39988 279
39989 381
39990 37
39991 344
39992 748
39993 280
39994 395
39995 313
39996 298
39997 273
39998 369
39999 381
40000 318
40001 312
40002 273
40003 322
40004 395
40005 270
40006 47
40007 287
40008 170
40009 79
40010 286
40011 106
40012 406
40013 748
40014 315
40015 416
40016 322
40017 37
40018 323
40019 286
40020 318
40021 234
40022 370
40023 321
40024 317
40025 320
40026 313
40027 322
40028 322
40029 279
40030 795
40031 338
40032 274
40033 45
40034 309
40035 40
40036 67
40037 322
40038 321
40039 308
40040 287
40041 741
40042 278
40043 607
40044 277
40045 322
40046 312
40047 279
40048 287
40049 309
40050 280
40051 280
40052 283
40053 318
40054 416
40055 239
40056 315
40057 416
40058 298
40059 322
40060 155
40061 319
40062 380
40063 239
40064 293
40065 271
40066 67
40067 234
40068 410
40069 268
40070 280
40071 312
40072 293
40073 268
40074 315
40075 298
40076 40
40077 169
40078 343
40079 313
40080 323
40081 275
40082 280
40083 221
40084 795
40085 365
40086 290
40087 313
40088 318
40089 408
40090 279
40091 79
40092 281
40093 280
40094 321
40095 309
40096 45
40097 368
40098 317
40099 391
40100 287
40101 321
40102 315
40103 280
40104 365
40105 40
40106 318
40107 278
40108 321
40109 88
40110 380
40111 94
40112 286
40113 410
40114 315
40115 464
40116 463
40117 463
40118 381
40119 381
40120 381
40121 462
40122 462
40123 381
40124 381
40125 381
40126 218
40127 494
40128 739
40129 381
40130 218
40131 218
40132 494
40133 381
40134 339
40135 74
40136 348
40137 92
40138 269
40139 339
40140 252
40141 56
40142 221
40143 252
40144 72
40145 341
40146 338
40147 72
40148 269
40149 92
40150 269
40151 56
40152 252
40153 381
40154 72
40155 338
40156 534
40157 462
40158 533
40159 462
40160 533
40161 773
40162 773
40163 457
40164 462
40165 462
40166 457
40167 462
40168 457
40169 763
40170 332
40171 358
40172 414
40173 560
40174 53
40175 218
40176 322
40177 259
40178 409
40179 381
40180 344
40181 595
40182 287
40183 246
40184 284
40185 48
40186 292
40187 300
40188 243
40189 311
40190 409
40191 311
40192 53
40193 251
40194 393
40195 354
40196 217
40197 292
40198 816
40199 339
40200 245
40201 243
40202 560
40203 414
40204 396
40205 745
40206 221
40207 343
40208 678
40209 300
40210 48
40211 260
40212 281
40213 243
40214 678
40215 46
40216 259
40217 331
40218 263
40219 393
40220 532
40221 260
40222 457
40223 287
40224 367
40225 384
40226 361
40227 414
40228 275
40229 358
40230 381
40231 247
40232 344
40233 300
40234 223
40235 217
40236 763
40237 396
40238 247
40239 278
40240 457
40241 218
40242 221
40243 281
40244 223
40245 476
40246 385
40247 292
40248 245
40249 251
40250 331
40251 678
40252 263
40253 367
40254 332
40255 220
40256 595
40257 292
40258 395
40259 414
40260 476
40261 719
40262 339
40263 354
40264 367
40265 275
40266 385
40267 386
40268 251
40269 301
40270 386
40271 572
40272 219
40273 393
40274 311
40275 414
40276 804
40277 292
40278 220
40279 354
40280 322
40281 275
40282 246
40283 317
40284 284
40285 247
40286 381
40287 396
40288 331
40289 763
40290 343
40291 56
40292 381
40293 281
40294 285
40295 354
40296 278
40297 572
40298 284
40299 300
40300 221
40301 457
40302 251
40303 327
40304 367
40305 804
40306 361
40307 395
40308 719
40309 532
40310 384
40311 301
40312 532
40313 251
40314 287
40315 532
40316 782
40317 381
40318 381
40319 773
40320 773
40321 771
40322 783
40323 784
40324 788
40325 788
40326 787
40327 788
40328 773
40329 773
40330 784
40331 787
40332 217
40333 217
40334 217
40335 297
40336 400
40337 217
40338 297
40339 400
40340 216
40341 315
40342 216
40343 216
40344 389
40345 389
40346 216
40347 787
40348 787
40349 315
40350 297
40351 400
40352 315
40353 787
40354 315
40355 787
40356 217
40357 317
40358 3
40359 295
40360 307
40361 218
40362 47
40363 273
40364 81
40365 345
40366 295
40367 41
40368 3
40369 268
40370 267
40371 292
40372 262
40373 261
40374 343
40375 332
40376 273
40377 81
40378 266
40379 338
40380 409
40381 334
40382 292
40383 347
40384 273
40385 365
40386 267
40387 591
40388 379
40389 300
40390 298
40391 264
40392 273
40393 345
40394 263
40395 298
40396 212
40397 103
40398 343
40399 217
40400 332
40401 347
40402 318
40403 88
40404 401
40405 311
40406 238
40407 88
40408 307
40409 103
40410 292
40411 268
40412 89
40413 332
40414 263
40415 409
40416 335
40417 409
40418 261
40419 47
40420 365
40421 85
40422 338
40423 266
40424 292
40425 343
40426 102
40427 217
40428 365
40429 250
40430 120
40431 218
40432 312
40433 3
40434 311
40435 222
40436 519
40437 334
40438 212
40439 230
40440 591
40441 343
40442 346
40443 353
40444 274
40445 102
40446 279
40447 345
40448 267
40449 266
40450 261
40451 519
40452 262
40453 85
40454 288
40455 268
40456 261
40457 47
40458 219
40459 273
40460 519
40461 279
40462 41
40463 401
40464 212
40465 353
40466 288
40467 310
40468 402
40469 312
40470 310
40471 318
40472 268
40473 264
40474 274
40475 335
40476 230
40477 103
40478 355
40479 300
40480 255
40481 274
40482 222
40483 233
40484 263
40485 355
40486 89
40487 310
40488 402
40489 379
40490 238
40491 255
40492 233
40493 299
40494 311
40495 326
40496 325
40497 326
40498 304
40499 304
40500 369
40501 449
40502 304
40503 326
40504 326
40505 369
40506 325
40507 449
40508 369
40509 369
40510 73
40511 300
40512 304
40513 33
40514 73
40515 33
40516 73
40517 33
40518 244
40519 243
40520 243
40521 223
40522 326
40523 243
40524 352
40525 244
40526 326
40527 223
40528 228
40529 244
40530 223
40531 264
40532 352
40533 228
40534 264
40535 352
40536 352
40537 229
40538 351
40539 352
40540 223
40541 333
40542 333
40543 333
40544 325
40545 333
40546 325
40547 333
40548 325
40549 325
40550 497
40551 520
40552 264
40553 409
40554 446
40555 562
40556 520
40557 409
40558 326
40559 409
40560 264
40561 536
40562 562
40563 498
40564 446
40565 447
40566 366
40567 446
40568 497
40569 520
40570 266
40571 366
40572 366
40573 306
40574 326
40575 304
40576 267
40577 415
40578 223
40579 229
40580 304
40581 268
40582 324
40583 267
40584 330
40585 315
40586 326
40587 330
40588 267
40589 223
40590 460
40591 819
40592 781
40593 490
40594 328
40595 781
40596 803
40597 781
40598 328
40599 247
40600 328
40601 327
40602 781
40603 781
40604 247
40605 458
40606 324
40607 460
40608 460
40609 803
40610 490
40611 819
40612 490
40613 492
40614 328
40615 324
40616 247
40617 327
40618 490
40619 369
40620 491
40621 491
40622 366
40623 369
40624 368
40625 369
40626 366
40627 366
40628 366
40629 366
40630 497
40631 704
40632 663
40633 543
40634 765
40635 720
40636 446
40637 704
40638 848
40639 765
40640 542
40641 449
40642 502
40643 704
40644 649
40645 446
40646 542
40647 497
40648 542
40649 848
40650 765
40651 720
40652 730
40653 720
40654 730
40655 765
40656 663
40657 649
40658 328
40659 564
40660 329
40661 564
40662 304
40663 304
40664 564
40665 328
40666 304
40667 329
40668 329
40669 244
40670 243
40671 243
40672 245
40673 326
40674 326
40675 223
40676 326
40677 244
40678 223
40679 352
40680 228
40681 244
40682 352
40683 245
40684 352
40685 352
40686 326
40687 781
40688 327
40689 781
40690 803
40691 781
40692 781
40693 327
40694 781
40695 781
40696 509
40697 495
40698 509
40699 495
40700 495
40701 247
40702 327
40703 247
40704 327
40705 509
40706 366
40707 369
40708 366
40709 369
40710 369
40711 369
40712 366
40713 366
40714 366
40715 333
40716 333
40717 325
40718 333
40719 333
40720 325
40721 432
40722 432
40723 432
40724 449
40725 449
40726 311
40727 369
40728 311
40729 375
40730 371
40731 73
40732 73
40733 619
40734 619
40735 619
40736 619
40737 748
40738 619
40739 619
40740 608
40741 619
40742 752
40743 748
40744 748
40745 608
40746 619
40747 392
40748 392
40749 392
40750 392
40751 262
40752 557
40753 844
40754 769
40755 217
40756 389
40757 307
40758 266
40759 413
40760 357
40761 361
40762 612
40763 339
40764 420
40765 230
40766 389
40767 331
40768 420
40769 403
40770 711
40771 499
40772 260
40773 747
40774 420
40775 769
40776 282
40777 246
40778 425
40779 48
40780 545
40781 500
40782 373
40783 413
40784 334
40785 235
40786 345
40787 627
40788 280
40789 337
40790 541
40791 724
40792 361
40793 256
40794 217
40795 217
40796 217
40797 317
40798 715
40799 536
40800 392
40801 425
40802 357
40803 781
40804 569
40805 348
40806 343
40807 294
40808 499
40809 382
40810 388
40811 303
40812 303
40813 203
40814 724
40815 778
40816 353
40817 353
40818 537
40819 354
40820 849
40821 570
40822 86
40823 541
40824 339
40825 627
40826 48
40827 499
40828 234
40829 225
40830 367
40831 384
40832 444
40833 475
40834 362
40835 778
40836 303
40837 219
40838 360
40839 475
40840 317
40841 260
40842 786
40843 345
40844 462
40845 235
40846 343
40847 452
40848 367
40849 374
40850 548
40851 260
40852 256
40853 844
40854 285
40855 373
40856 368
40857 382
40858 49
40859 537
40860 242
40861 380
40862 402
40863 657
40864 599
40865 246
40866 612
40867 348
40868 413
40869 380
40870 500
40871 570
40872 548
40873 326
40874 339
40875 326
40876 337
40877 262
40878 537
40879 724
40880 353
40881 237
40882 541
40883 452
40884 537
40885 462
40886 612
40887 256
40888 262
40889 334
40890 304
40891 657
40892 462
40893 343
40894 556
40895 282
40896 362
40897 536
40898 306
40899 242
40900 778
40901 831
40902 395
40903 294
40904 849
40905 203
40906 233
40907 500
40908 471
40909 569
40910 786
40911 556
40912 343
40913 285
40914 758
40915 715
40916 760
40917 225
40918 285
40919 500
40920 266
40921 339
40922 462
40923 256
40924 296
40925 627
40926 226
40927 280
40928 444
40929 747
40930 392
40931 556
40932 217
40933 233
40934 226
40935 226
40936 557
40937 778
40938 49
40939 326
40940 420
40941 248
40942 262
40943 517
40944 420
40945 388
40946 517
40947 234
40948 627
40949 326
40950 317
40951 354
40952 262
40953 781
40954 82
40955 303
40956 282
40957 280
40958 462
40959 499
40960 306
40961 778
40962 248
40963 237
40964 230
40965 368
40966 517
40967 303
40968 360
40969 82
40970 380
40971 499
40972 758
40973 760
40974 711
40975 282
40976 373
40977 339
40978 747
40979 361
40980 237
40981 382
40982 226
40983 266
40984 395
40985 690
40986 339
40987 48
40988 517
40989 599
40990 420
40991 381
40992 413
40993 377
40994 392
40995 413
40996 409
40997 409
40998 413
40999 420
41000 381
41001 376
41002 392
41003 420
41004 383
41005 383
41006 383
41007 415
41008 413
41009 415
41010 417
41011 409
41012 383
41013 420
41014 381
41015 417
41016 383
41017 417
41018 376
41019 415
41020 716
41021 716
41022 716
41023 389
41024 799
41025 389
41026 716
41027 356
41028 716
41029 389
41030 389
41031 716
41032 509
41033 509
41034 509
41035 716
41036 509
41037 716
41038 656
41039 756
41040 839
41041 839
41042 656
41043 656
41044 839
41045 756
41046 831
41047 656
41048 756
41049 831
41050 655
41051 682
41052 682
41053 682
41054 682
41055 658
41056 658
41057 717
41058 682
41059 716
41060 682
41061 716
41062 655
41063 394
41064 799
41065 378
41066 799
41067 800
41068 391
41069 799
41070 800
41071 800
41072 800
41073 378
41074 378
41075 799
41076 389
41077 799
41078 656
41079 756
41080 757
41081 656
41082 667
41083 758
41084 758
41085 666
41086 757
41087 656
41088 800
41089 667
41090 666
41091 800
41092 794
41093 225
41094 389
41095 356
41096 225
41097 679
41098 389
41099 725
41100 357
41101 725
41102 835
41103 356
41104 391
41105 360
41106 389
41107 419
41108 835
41109 364
41110 833
41111 725
41112 419
41113 357
41114 391
41115 240
41116 360
41117 833
41118 356
41119 679
41120 357
41121 364
41122 725
41123 676
41124 682
41125 682
41126 682
41127 682
41128 716
41129 682
41130 716
41131 676
41132 356
41133 360
41134 360
41135 360
41136 356
41137 716
41138 509
41139 509
41140 716
41141 509
41142 799
41143 378
41144 800
41145 799
41146 800
41147 378
41148 378
41149 799
41150 292
41151 389
41152 149
41153 154
41154 154
41155 149
41156 155
41157 155
41158 23
41159 127
41160 23
41161 196
41162 23
41163 23
41164 193
41165 23
41166 149
41167 127
41168 193
41169 40
41170 144
41171 154
41172 144
41173 145
41174 40
41175 63
41176 144
41177 63
41178 63
41179 131
41180 131
41181 293
41182 117
41183 117
41184 154
41185 291
41186 131
41187 165
41188 293
41189 154
41190 168
41191 149
41192 170
41193 168
41194 170
41195 149
41196 171
41197 149
41198 168
41199 156
41200 156
41201 155
41202 152
41203 108
41204 176
41205 132
41206 126
41207 135
41208 179
41209 141
41210 55
41211 149
41212 198
41213 140
41214 176
41215 155
41216 179
41217 137
41218 78
41219 194
41220 90
41221 6
41222 122
41223 179
41224 135
41225 108
41226 171
41227 122
41228 171
41229 199
41230 4
41231 166
41232 224
41233 4
41234 78
41235 47
41236 140
41237 47
41238 204
41239 41
41240 193
41241 41
41242 41
41243 78
41244 203
41245 126
41246 90
41247 224
41248 198
41249 195
41250 195
41251 126
41252 179
41253 135
41254 133
41255 78
41256 132
41257 55
41258 198
41259 152
41260 152
41261 4
41262 132
41263 171
41264 146
41265 91
41266 133
41267 199
41268 112
41269 155
41270 55
41271 203
41272 204
41273 4
41274 194
41275 112
41276 155
41277 91
41278 103
41279 198
41280 146
41281 47
41282 195
41283 194
41284 654
41285 654
41286 654
41287 654
41288 654
41289 654
41290 654
41291 654
41292 654
41293 654
41294 654
41295 654
41296 654
41297 654
41298 651
41299 654
41300 829
41301 651
41302 651
41303 825
41304 829
41305 259
41306 225
41307 259
41308 225
41309 223
41310 223
41311 259
41312 259
41313 225
41314 65
41315 259
41316 312
41317 259
41318 65
41319 260
41320 312
41321 258
41322 442
41323 41
41324 442
41325 41
41326 450
41327 258
41328 258
41329 298
41330 298
41331 260
41332 450
41333 312
41334 258
41335 263
41336 234
41337 234
41338 238
41339 447
41340 251
41341 263
41342 251
41343 447
41344 238
41345 251
41346 447
41347 181
41348 109
41349 78
41350 109
41351 162
41352 181
41353 151
41354 20
41355 78
41356 116
41357 181
41358 78
41359 78
41360 162
41361 162
41362 162
41363 151
41364 78
41365 109
41366 151
41367 162
41368 181
41369 116
41370 162
41371 223
41372 223
41373 224
41374 223
41375 223
41376 255
41377 237
41378 220
41379 384
41380 339
41381 81
41382 220
41383 345
41384 314
41385 349
41386 289
41387 390
41388 311
41389 309
41390 345
41391 219
41392 264
41393 271
41394 240
41395 386
41396 311
41397 286
41398 311
41399 10
41400 278
41401 11
41402 220
41403 81
41404 231
41405 343
41406 271
41407 305
41408 343
41409 281
41410 237
41411 262
41412 286
41413 219
41414 30
41415 339
41416 251
41417 384
41418 309
41419 294
41420 255
41421 11
41422 265
41423 296
41424 314
41425 281
41426 310
41427 305
41428 10
41429 285
41430 390
41431 237
41432 298
41433 323
41434 332
41435 254
41436 316
41437 251
41438 280
41439 339
41440 248
41441 220
41442 30
41443 382
41444 81
41445 259
41446 33
41447 254
41448 248
41449 33
41450 40
41451 84
41452 220
41453 324
41454 40
41455 391
41456 294
41457 239
41458 323
41459 52
41460 240
41461 95
41462 223
41463 390
41464 220
41465 251
41466 293
41467 33
41468 84
41469 264
41470 271
41471 38
41472 339
41473 11
41474 609
41475 52
41476 285
41477 231
41478 391
41479 90
41480 298
41481 305
41482 384
41483 289
41484 271
41485 278
41486 262
41487 298
41488 265
41489 332
41490 343
41491 293
41492 390
41493 239
41494 223
41495 609
41496 262
41497 33
41498 289
41499 280
41500 84
41501 323
41502 310
41503 95
41504 330
41505 265
41506 281
41507 281
41508 97
41509 265
41510 324
41511 316
41512 38
41513 294
41514 97
41515 259
41516 260
41517 258
41518 258
41519 41
41520 41
41521 258
41522 258
41523 258
41524 225
41525 329
41526 328
41527 329
41528 330
41529 329
41530 286
41531 329
41532 445
41533 329
41534 286
41535 331
41536 445
41537 243
41538 243
41539 329
41540 440
41541 228
41542 331
41543 329
41544 243
41545 445
41546 329
41547 228
41548 243
41549 329
41550 243
41551 228
41552 286
41553 329
41554 329
41555 440
41556 286
41557 309
41558 244
41559 433
41560 244
41561 433
41562 328
41563 304
41564 304
41565 302
41566 302
41567 304
41568 344
41569 244
41570 440
41571 559
41572 339
41573 559
41574 304
41575 440
41576 328
41577 339
41578 400
41579 329
41580 409
41581 832
41582 523
41583 252
41584 333
41585 661
41586 262
41587 280
41588 718
41589 262
41590 386
41591 615
41592 330
41593 409
41594 718
41595 656
41596 569
41597 262
41598 9
41599 280
41600 297
41601 569
41602 817
41603 815
41604 445
41605 661
41606 626
41607 721
41608 832
41609 836
41610 491
41611 330
41612 817
41613 615
41614 247
41615 297
41616 495
41617 721
41618 656
41619 225
41620 480
41621 44
41622 718
41623 297
41624 661
41625 815
41626 443
41627 625
41628 625
41629 243
41630 465
41631 409
41632 823
41633 724
41634 521
41635 280
41636 521
41637 325
41638 718
41639 506
41640 386
41641 247
41642 333
41643 225
41644 480
41645 521
41646 274
41647 491
41648 44
41649 409
41650 615
41651 661
41652 330
41653 297
41654 523
41655 386
41656 252
41657 724
41658 718
41659 724
41660 718
41661 506
41662 445
41663 243
41664 465
41665 480
41666 443
41667 827
41668 274
41669 721
41670 827
41671 333
41672 626
41673 445
41674 506
41675 9
41676 297
41677 158
41678 146
41679 146
41680 131
41681 78
41682 60
41683 158
41684 131
41685 158
41686 158
41687 131
41688 78
41689 146
41690 146
41691 146
41692 189
41693 180
41694 180
41695 132
41696 193
41697 76
41698 133
41699 12
41700 168
41701 71
41702 189
41703 12
41704 160
41705 192
41706 132
41707 9
41708 194
41709 76
41710 146
41711 158
41712 70
41713 180
41714 193
41715 192
41716 160
41717 180
41718 12
41719 193
41720 166
41721 148
41722 167
41723 132
41724 168
41725 193
41726 9
41727 12
41728 133
41729 148
41730 133
41731 192
41732 180
41733 70
41734 160
41735 194
41736 167
41737 71
41738 95
41739 95
41740 95
41741 95
41742 244
41743 408
41744 247
41745 247
41746 408
41747 284
41748 244
41749 264
41750 247
41751 247
41752 264
41753 244
41754 264
41755 264
41756 284
41757 284
41758 353
41759 440
41760 764
41761 223
41762 239
41763 242
41764 304
41765 345
41766 94
41767 239
41768 250
41769 345
41770 223
41771 764
41772 310
41773 353
41774 294
41775 355
41776 284
41777 402
41778 216
41779 252
41780 359
41781 310
41782 402
41783 315
41784 306
41785 391
41786 443
41787 315
41788 241
41789 42
41790 247
41791 338
41792 346
41793 259
41794 247
41795 250
41796 462
41797 245
41798 252
41799 272
41800 447
41801 295
41802 231
41803 443
41804 221
41805 338
41806 344
41807 517
41808 386
41809 256
41810 252
41811 217
41812 344
41813 53
41814 359
41815 216
41816 496
41817 313
41818 306
41819 231
41820 1
41821 216
41822 272
41823 344
41824 42
41825 362
41826 764
41827 29
41828 13
41829 447
41830 272
41831 42
41832 313
41833 340
41834 415
41835 255
41836 39
41837 13
41838 355
41839 344
41840 473
41841 806
41842 285
41843 294
41844 362
41845 251
41846 1
41847 496
41848 443
41849 272
41850 241
41851 353
41852 251
41853 216
41854 241
41855 57
41856 29
41857 57
41858 313
41859 806
41860 391
41861 345
41862 231
41863 415
41864 256
41865 444
41866 340
41867 252
41868 294
41869 462
41870 517
41871 259
41872 355
41873 245
41874 60
41875 284
41876 242
41877 13
41878 241
41879 344
41880 53
41881 304
41882 355
41883 247
41884 247
41885 278
41886 18
41887 278
41888 278
41889 279
41890 278
41891 279
41892 284
41893 278
41894 285
41895 284
41896 285
41897 43
41898 43
41899 43
41900 278
41901 285
41902 285
41903 19
41904 19
41905 15
41906 15
41907 15
41908 15
41909 15
41910 19
41911 19
41912 18
41913 280
41914 279
41915 411
41916 22
41917 276
41918 237
41919 220
41920 74
41921 320
41922 346
41923 41
41924 282
41925 367
41926 297
41927 270
41928 194
41929 205
41930 364
41931 414
41932 236
41933 122
41934 365
41935 820
41936 26
41937 326
41938 367
41939 410
41940 309
41941 320
41942 272
41943 26
41944 428
41945 220
41946 804
41947 297
41948 320
41949 271
41950 123
41951 820
41952 281
41953 350
41954 332
41955 390
41956 428
41957 276
41958 43
41959 228
41960 363
41961 408
41962 273
41963 306
41964 259
41965 393
41966 194
41967 274
41968 291
41969 302
41970 804
41971 364
41972 270
41973 350
41974 206
41975 205
41976 194
41977 428
41978 802
41979 332
41980 346
41981 346
41982 391
41983 393
41984 367
41985 88
41986 206
41987 279
41988 228
41989 403
41990 696
41991 332
41992 46
41993 714
41994 697
41995 349
41996 397
41997 309
41998 216
41999 315
42000 786
42001 696
42002 354
42003 315
42004 397
42005 329
42006 802
42007 210
42008 302
42009 286
42010 304
42011 308
42012 350
42013 216
42014 354
42015 713
42016 237
42017 23
42018 291
42019 123
42020 282
42021 290
42022 271
42023 69
42024 697
42025 213
42026 713
42027 732
42028 408
42029 276
42030 741
42031 389
42032 390
42033 839
42034 364
42035 216
42036 79
42037 410
42038 41
42039 376
42040 310
42041 26
42042 69
42043 732
42044 410
42045 236
42046 382
42047 43
42048 393
42049 820
42050 74
42051 274
42052 376
42053 389
42054 297
42055 786
42056 194
42057 741
42058 403
42059 366
42060 123
42061 397
42062 428
42063 194
42064 270
42065 410
42066 701
42067 741
42068 45
42069 205
42070 84
42071 346
42072 276
42073 365
42074 242
42075 308
42076 741
42077 786
42078 400
42079 26
42080 259
42081 273
42082 365
42083 802
42084 217
42085 205
42086 26
42087 240
42088 220
42089 243
42090 213
42091 804
42092 701
42093 206
42094 228
42095 843
42096 310
42097 276
42098 400
42099 326
42100 210
42101 363
42102 354
42103 416
42104 348
42105 315
42106 302
42107 270
42108 22
42109 400
42110 348
42111 194
42112 367
42113 122
42114 346
42115 220
42116 414
42117 286
42118 276
42119 732
42120 408
42121 416
42122 272
42123 216
42124 786
42125 210
42126 196
42127 391
42128 309
42129 45
42130 279
42131 45
42132 411
42133 349
42134 410
42135 236
42136 270
42137 23
42138 270
42139 366
42140 382
42141 194
42142 428
42143 309
42144 818
42145 210
42146 818
42147 88
42148 414
42149 364
42150 302
42151 354
42152 818
42153 411
42154 411
42155 367
42156 732
42157 43
42158 228
42159 410
42160 84
42161 346
42162 306
42163 41
42164 41
42165 236
42166 242
42167 408
42168 839
42169 414
42170 843
42171 270
42172 216
42173 315
42174 241
42175 210
42176 273
42177 393
42178 326
42179 298
42180 231
42181 843
42182 196
42183 254
42184 220
42185 354
42186 216
42187 354
42188 349
42189 416
42190 843
42191 254
42192 363
42193 206
42194 259
42195 43
42196 272
42197 297
42198 217
42199 713
42200 84
42201 408
42202 281
42203 376
42204 408
42205 354
42206 46
42207 843
42208 194
42209 732
42210 282
42211 376
42212 364
42213 342
42214 732
42215 348
42216 254
42217 408
42218 354
42219 366
42220 56
42221 56
42222 156
42223 156
42224 55
42225 56
42226 55
42227 55
42228 156
42229 95
42230 14
42231 0
42232 57
42233 0
42234 57
42235 0
42236 56
42237 14
42238 80
42239 95
42240 13
42241 0
42242 243
42243 274
42244 246
42245 232
42246 231
42247 480
42248 231
42249 243
42250 56
42251 246
42252 48
42253 243
42254 48
42255 39
42256 38
42257 240
42258 60
42259 240
42260 480
42261 38
42262 56
42263 274
42264 38
42265 232
42266 48
42267 60
42268 458
42269 60
42270 156
42271 232
42272 49
42273 7
42274 225
42275 74
42276 9
42277 231
42278 231
42279 55
42280 9
42281 232
42282 225
42283 0
42284 74
42285 95
42286 38
42287 55
42288 231
42289 231
42290 0
42291 74
42292 290
42293 217
42294 231
42295 232
42296 7
42297 97
42298 74
42299 49
42300 0
42301 74
42302 225
42303 49
42304 7
42305 95
42306 97
42307 284
42308 232
42309 290
42310 49
42311 95
42312 284
42313 100
42314 34
42315 100
42316 34
42317 55
42318 55
42319 73
42320 72
42321 55
42322 352
42323 35
42324 321
42325 110
42326 381
42327 24
42328 160
42329 111
42330 75
42331 139
42332 156
42333 111
42334 330
42335 33
42336 35
42337 103
42338 58
42339 103
42340 171
42341 231
42342 160
42343 28
42344 97
42345 22
42346 139
42347 58
42348 98
42349 264
42350 64
42351 22
42352 277
42353 352
42354 75
42355 60
42356 110
42357 100
42358 100
42359 0
42360 110
42361 198
42362 79
42363 277
42364 0
42365 319
42366 79
42367 64
42368 239
42369 100
42370 60
42371 312
42372 22
42373 33
42374 104
42375 100
42376 292
42377 79
42378 312
42379 24
42380 342
42381 3
42382 24
42383 171
42384 3
42385 37
42386 24
42387 198
42388 198
42389 75
42390 321
42391 75
42392 55
42393 342
42394 28
42395 264
42396 76
42397 398
42398 28
42399 381
42400 111
42401 208
42402 55
42403 8
42404 277
42405 208
42406 37
42407 97
42408 100
42409 24
42410 32
42411 76
42412 32
42413 64
42414 22
42415 229
42416 28
42417 153
42418 60
42419 103
42420 35
42421 64
42422 26
42423 58
42424 315
42425 58
42426 229
42427 22
42428 319
42429 75
42430 292
42431 103
42432 239
42433 28
42434 104
42435 398
42436 261
42437 261
42438 261
42439 261
42440 261
42441 260
42442 794
42443 261
42444 837
42445 261
42446 260
42447 794
42448 261
42449 260
42450 794
42451 794
42452 318
42453 267
42454 318
42455 267
42456 261
42457 268
42458 261
42459 260
42460 794
42461 261
42462 260
42463 794
42464 166
42465 166
42466 166
42467 9
42468 153
42469 134
42470 134
42471 182
42472 166
42473 97
42474 183
42475 134
42476 133
42477 143
42478 43
42479 153
42480 142
42481 153
42482 143
42483 166
42484 210
42485 183
42486 153
42487 5
42488 153
42489 182
42490 183
42491 97
42492 89
42493 210
42494 143
42495 9
42496 89
42497 9
42498 143
42499 43
42500 183
42501 210
42502 4
42503 134
42504 133
42505 182
42506 9
42507 182
42508 183
42509 210
42510 183
42511 183
42512 4
42513 142
42514 182
42515 183
42516 142
42517 96
42518 134
42519 134
42520 96
42521 186
42522 143
42523 166
42524 168
42525 168
42526 166
42527 751
42528 72
42529 70
42530 70
42531 70
42532 199
42533 72
42534 68
42535 72
42536 178
42537 179
42538 8
42539 179
42540 68
42541 70
42542 72
42543 70
42544 199
42545 8
42546 8
42547 72
42548 72
42549 70
42550 8
42551 178
42552 56
42553 70
42554 56
42555 333
42556 380
42557 378
42558 369
42559 585
42560 593
42561 369
42562 380
42563 220
42564 388
42565 70
42566 90
42567 388
42568 333
42569 592
42570 220
42571 384
42572 90
42573 334
42574 278
42575 70
42576 239
42577 268
42578 220
42579 89
42580 237
42581 237
42582 278
42583 333
42584 592
42585 70
42586 592
42587 70
42588 70
42589 308
42590 308
42591 308
42592 308
42593 308
42594 308
42595 308
42596 308
42597 308
42598 308
42599 308
42600 308
42601 309
42602 309
42603 309
42604 380
42605 380
42606 136
42607 136
42608 58
42609 195
42610 202
42611 56
42612 136
42613 195
42614 154
42615 154
42616 154
42617 202
42618 195
42619 56
42620 111
42621 136
42622 226
42623 109
42624 226
42625 111
42626 109
42627 136
42628 690
42629 690
42630 690
42631 690
42632 683
42633 690
42634 683
42635 690
42636 690
42637 690
42638 690
42639 682
42640 536
42641 536
42642 536
42643 688
42644 536
42645 682
42646 537
42647 682
42648 348
42649 358
42650 348
42651 350
42652 348
42653 348
42654 345
42655 350
42656 350
42657 345
42658 348
42659 348
42660 348
42661 398
42662 358
42663 652
42664 398
42665 819
42666 358
42667 819
42668 820
42669 652
42670 398
42671 814
42672 819
42673 398
42674 814
42675 814
42676 652
42677 348
42678 348
42679 348
42680 345
42681 345
42682 348
42683 348
42684 348
42685 763
42686 763
42687 333
42688 333
42689 334
42690 763
42691 763
42692 764
42693 358
42694 345
42695 19
42696 258
42697 258
42698 723
42699 236
42700 19
42701 5
42702 277
42703 264
42704 19
42705 264
42706 236
42707 19
42708 236
42709 277
42710 37
42711 37
42712 37
42713 333
42714 277
42715 259
42716 17
42717 37
42718 264
42719 17
42720 264
42721 264
42722 257
42723 284
42724 277
42725 264
42726 245
42727 245
42728 4
42729 284
42730 723
42731 286
42732 345
42733 258
42734 4
42735 259
42736 708
42737 329
42738 708
42739 329
42740 367
42741 708
42742 367
42743 333
42744 485
42745 827
42746 485
42747 366
42748 827
42749 514
42750 513
42751 14
42752 500
42753 14
42754 334
42755 513
42756 501
42757 500
42758 610
42759 610
42760 610
42761 609
42762 610
42763 842
42764 842
42765 610
42766 610
42767 842
42768 842
42769 842
42770 842
42771 609
42772 610
42773 610
42774 849
42775 849
42776 805
42777 805
42778 805
42779 47
42780 47
42781 47
42782 280
42783 47
42784 47
42785 277
42786 277
42787 277
42788 47
42789 280
42790 277
42791 280
42792 47
42793 280
42794 47
42795 280
42796 47
42797 47
42798 277
42799 277
42800 277
42801 47
42802 280
42803 277
42804 280
42805 47
42806 280
42807 228
42808 370
42809 400
42810 241
42811 327
42812 277
42813 357
42814 228
42815 241
42816 257
42817 649
42818 398
42819 400
42820 277
42821 357
42822 327
42823 327
42824 241
42825 228
42826 398
42827 649
42828 357
42829 652
42830 398
42831 652
42832 228
42833 371
42834 649
42835 351
42836 359
42837 775
42838 764
42839 775
42840 653
42841 774
42842 351
42843 764
42844 247
42845 359
42846 351
42847 230
42848 248
42849 774
42850 247
42851 230
42852 580
42853 549
42854 548
42855 580
42856 580
42857 806
42858 48
42859 370
42860 370
42861 231
42862 260
42863 231
42864 97
42865 260
42866 231
42867 806
42868 370
42869 369
42870 234
42871 370
42872 369
42873 234
42874 97
42875 806
42876 370
42877 97
42878 369
42879 806
42880 234
42881 260
42882 48
42883 235
42884 235
42885 370
42886 235
42887 192
42888 192
42889 192
42890 199
42891 115
42892 115
42893 194
42894 194
42895 190
42896 134
42897 133
42898 192
42899 193
42900 80
42901 192
42902 134
42903 80
42904 165
42905 146
42906 162
42907 165
42908 192
42909 102
42910 132
42911 133
42912 162
42913 102
42914 148
42915 142
42916 80
42917 134
42918 146
42919 194
42920 195
42921 313
42922 195
42923 405
42924 161
42925 136
42926 182
42927 363
42928 136
42929 136
42930 44
42931 191
42932 325
42933 44
42934 182
42935 186
42936 161
42937 102
42938 191
42939 163
42940 363
42941 183
42942 186
42943 81
42944 303
42945 191
42946 146
42947 305
42948 192
42949 183
42950 195
42951 135
42952 189
42953 138
42954 81
42955 305
42956 161
42957 183
42958 195
42959 102
42960 195
42961 153
42962 181
42963 325
42964 163
42965 81
42966 164
42967 148
42968 195
42969 161
42970 142
42971 148
42972 142
42973 181
42974 191
42975 303
42976 161
42977 161
42978 189
42979 185
42980 164
42981 182
42982 143
42983 181
42984 188
42985 138
42986 150
42987 185
42988 161
42989 405
42990 153
42991 186
42992 146
42993 44
42994 146
42995 150
42996 155
42997 840
42998 840
42999 840
43000 725
43001 725
43002 725
43003 725
43004 482
43005 623
43006 563
43007 482
43008 482
43009 482
43010 563
43011 563
43012 623
43013 851
43014 781
43015 337
43016 262
43017 286
43018 644
43019 250
43020 504
43021 87
43022 334
43023 326
43024 514
43025 523
43026 494
43027 708
43028 591
43029 640
43030 612
43031 861
43032 234
43033 87
43034 442
43035 439
43036 681
43037 363
43038 257
43039 337
43040 304
43041 368
43042 245
43043 361
43044 689
43045 591
43046 247
43047 294
43048 851
43049 315
43050 861
43051 259
43052 781
43053 259
43054 689
43055 475
43056 781
43057 474
43058 361
43059 49
43060 416
43061 494
43062 286
43063 253
43064 456
43065 659
43066 326
43067 294
43068 284
43069 598
43070 694
43071 396
43072 284
43073 681
43074 591
43075 523
43076 257
43077 575
43078 521
43079 319
43080 439
43081 253
43082 304
43083 598
43084 304
43085 559
43086 708
43087 238
43088 514
43089 758
43090 568
43091 559
43092 600
43093 659
43094 235
43095 494
43096 238
43097 259
43098 399
43099 381
43100 822
43101 245
43102 334
43103 238
43104 694
43105 494
43106 416
43107 253
43108 337
43109 396
43110 417
43111 348
43112 689
43113 494
43114 694
43115 515
43116 785
43117 475
43118 822
43119 250
43120 559
43121 327
43122 49
43123 523
43124 640
43125 591
43126 721
43127 543
43128 659
43129 224
43130 48
43131 250
43132 52
43133 463
43134 631
43135 224
43136 85
43137 463
43138 247
43139 262
43140 631
43141 460
43142 644
43143 514
43144 399
43145 627
43146 482
43147 85
43148 494
43149 235
43150 822
43151 262
43152 659
43153 758
43154 857
43155 282
43156 575
43157 631
43158 416
43159 544
43160 475
43161 504
43162 417
43163 294
43164 631
43165 368
43166 381
43167 234
43168 348
43169 442
43170 474
43171 540
43172 367
43173 226
43174 327
43175 315
43176 345
43177 396
43178 417
43179 708
43180 455
43181 575
43182 627
43183 592
43184 515
43185 439
43186 716
43187 52
43188 568
43189 460
43190 659
43191 455
43192 442
43193 304
43194 475
43195 456
43196 627
43197 540
43198 49
43199 401
43200 782
43201 237
43202 350
43203 544
43204 247
43205 361
43206 460
43207 442
43208 456
43209 785
43210 345
43211 364
43212 286
43213 247
43214 259
43215 416
43216 681
43217 364
43218 337
43219 592
43220 716
43221 363
43222 494
43223 504
43224 321
43225 568
43226 225
43227 358
43228 352
43229 698
43230 241
43231 363
43232 409
43233 388
43234 383
43235 94
43236 273
43237 19
43238 343
43239 412
43240 273
43241 225
43242 686
43243 522
43244 352
43245 482
43246 409
43247 698
43248 343
43249 383
43250 410
43251 14
43252 388
43253 737
43254 522
43255 240
43256 698
43257 737
43258 14
43259 388
43260 240
43261 225
43262 383
43263 241
43264 412
43265 522
43266 409
43267 19
43268 737
43269 358
43270 343
43271 94
43272 410
43273 352
43274 412
43275 273
43276 340
43277 369
43278 31
43279 383
43280 222
43281 278
43282 376
43283 58
43284 260
43285 58
43286 355
43287 6
43288 297
43289 376
43290 54
43291 234
43292 154
43293 234
43294 277
43295 354
43296 406
43297 29
43298 131
43299 216
43300 67
43301 54
43302 235
43303 273
43304 329
43305 340
43306 300
43307 65
43308 235
43309 244
43310 357
43311 78
43312 237
43313 234
43314 187
43315 542
43316 6
43317 98
43318 297
43319 354
43320 29
43321 403
43322 406
43323 302
43324 369
43325 150
43326 242
43327 166
43328 180
43329 115
43330 244
43331 379
43332 244
43333 186
43334 302
43335 186
43336 210
43337 369
43338 154
43339 98
43340 237
43341 222
43342 237
43343 216
43344 340
43345 65
43346 98
43347 269
43348 150
43349 222
43350 277
43351 349
43352 187
43353 235
43354 357
43355 331
43356 180
43357 204
43358 301
43359 102
43360 207
43361 269
43362 155
43363 542
43364 297
43365 7
43366 58
43367 273
43368 234
43369 187
43370 297
43371 8
43372 180
43373 331
43374 329
43375 166
43376 178
43377 300
43378 376
43379 406
43380 55
43381 176
43382 264
43383 115
43384 406
43385 78
43386 354
43387 6
43388 349
43389 154
43390 6
43391 131
43392 55
43393 354
43394 246
43395 273
43396 300
43397 166
43398 8
43399 115
43400 67
43401 176
43402 264
43403 369
43404 355
43405 383
43406 329
43407 176
43408 357
43409 186
43410 354
43411 142
43412 260
43413 117
43414 383
43415 354
43416 379
43417 142
43418 102
43419 117
43420 242
43421 31
43422 259
43423 355
43424 197
43425 354
43426 142
43427 131
43428 406
43429 197
43430 180
43431 204
43432 235
43433 814
43434 142
43435 207
43436 171
43437 178
43438 210
43439 7
43440 403
43441 424
43442 297
43443 388
43444 61
43445 61
43446 257
43447 503
43448 257
43449 320
43450 400
43451 535
43452 320
43453 503
43454 49
43455 329
43456 388
43457 424
43458 83
43459 83
43460 400
43461 83
43462 535
43463 563
43464 248
43465 329
43466 297
43467 624
43468 623
43469 251
43470 262
43471 262
43472 262
43473 251
43474 262
43475 251
43476 251
43477 250
43478 251
43479 231
43480 251
43481 591
43482 231
43483 591
43484 250
43485 262
43486 284
43487 653
43488 653
43489 329
43490 354
43491 653
43492 284
43493 648
43494 354
43495 653
43496 648
43497 262
43498 219
43499 648
43500 329
43501 329
43502 284
43503 474
43504 474
43505 329
43506 354
43507 284
43508 219
43509 284
43510 354
43511 262
43512 252
43513 256
43514 262
43515 251
43516 252
43517 251
43518 789
43519 343
43520 789
43521 825
43522 344
43523 342
43524 252
43525 343
43526 216
43527 216
43528 791
43529 791
43530 22
43531 342
43532 251
43533 284
43534 653
43535 262
43536 653
43537 284
43538 648
43539 354
43540 653
43541 648
43542 262
43543 648
43544 329
43545 354
43546 284
43547 653
43548 329
43549 329
43550 354
43551 284
43552 283
43553 284
43554 354
43555 250
43556 251
43557 250
43558 188
43559 72
43560 188
43561 80
43562 72
43563 80
43564 72
43565 80
43566 188
43567 181
43568 181
43569 188
43570 188
43571 188
43572 188
43573 28
43574 43
43575 132
43576 133
43577 28
43578 43
43579 133
43580 132
43581 188
43582 188
43583 27
43584 181
43585 118
43586 109
43587 188
43588 181
43589 27
43590 14
43591 117
43592 190
43593 79
43594 27
43595 109
43596 167
43597 109
43598 190
43599 167
43600 188
43601 188
43602 14
43603 188
43604 109
43605 80
43606 167
43607 188
43608 117
43609 117
43610 109
43611 190
43612 79
43613 60
43614 108
43615 188
43616 33
43617 110
43618 188
43619 163
43620 185
43621 162
43622 38
43623 108
43624 60
43625 38
43626 154
43627 110
43628 60
43629 60
43630 30
43631 162
43632 154
43633 154
43634 30
43635 185
43636 72
43637 72
43638 363
43639 222
43640 164
43641 278
43642 164
43643 363
43644 232
43645 232
43646 62
43647 363
43648 79
43649 394
43650 164
43651 284
43652 222
43653 21
43654 198
43655 278
43656 192
43657 322
43658 198
43659 225
43660 177
43661 123
43662 225
43663 132
43664 225
43665 139
43666 122
43667 79
43668 177
43669 123
43670 122
43671 91
43672 183
43673 159
43674 141
43675 131
43676 22
43677 159
43678 232
43679 139
43680 192
43681 278
43682 192
43683 128
43684 132
43685 141
43686 23
43687 21
43688 154
43689 23
43690 284
43691 192
43692 394
43693 80
43694 183
43695 322
43696 141
43697 154
43698 122
43699 94
43700 122
43701 94
43702 132
43703 132
43704 94
43705 159
43706 62
43707 62
43708 131
43709 154
43710 91
43711 822
43712 506
43713 506
43714 506
43715 822
43716 418
43717 418
43718 418
43719 418
43720 118
43721 808
43722 808
43723 418
43724 808
43725 414
43726 808
43727 414
43728 118
43729 851
43730 837
43731 837
43732 851
43733 841
43734 217
43735 369
43736 250
43737 386
43738 851
43739 304
43740 370
43741 252
43742 386
43743 787
43744 252
43745 851
43746 217
43747 217
43748 252
43749 787
43750 217
43751 304
43752 787
43753 252
43754 221
43755 221
43756 252
43757 237
43758 771
43759 771
43760 463
43761 837
43762 270
43763 270
43764 771
43765 216
43766 463
43767 221
43768 463
43769 216
43770 241
43771 296
43772 270
43773 216
43774 771
43775 296
43776 252
43777 325
43778 237
43779 463
43780 254
43781 651
43782 48
43783 238
43784 340
43785 352
43786 324
43787 651
43788 241
43789 699
43790 837
43791 324
43792 238
43793 340
43794 352
43795 699
43796 840
43797 699
43798 340
43799 254
43800 774
43801 458
43802 457
43803 817
43804 601
43805 851
43806 670
43807 463
43808 561
43809 771
43810 457
43811 670
43812 463
43813 851
43814 463
43815 601
43816 817
43817 774
43818 771
43819 670
43820 774
43821 774
43822 774
43823 771
43824 561
43825 463
43826 352
43827 340
43828 340
43829 352
43830 841
43831 843
43832 340
43833 352
43834 282
43835 282
43836 282
43837 282
43838 282
43839 282
43840 235
43841 220
43842 254
43843 270
43844 401
43845 231
43846 332
43847 332
43848 235
43849 268
43850 216
43851 301
43852 224
43853 322
43854 274
43855 257
43856 83
43857 11
43858 235
43859 103
43860 235
43861 58
43862 347
43863 242
43864 356
43865 106
43866 356
43867 56
43868 216
43869 289
43870 4
43871 464
43872 301
43873 315
43874 499
43875 257
43876 438
43877 332
43878 351
43879 401
43880 305
43881 282
43882 280
43883 320
43884 242
43885 356
43886 270
43887 332
43888 344
43889 347
43890 11
43891 279
43892 268
43893 274
43894 81
43895 103
43896 4
43897 298
43898 351
43899 106
43900 235
43901 320
43902 4
43903 349
43904 315
43905 278
43906 225
43907 253
43908 219
43909 224
43910 347
43911 344
43912 356
43913 106
43914 464
43915 289
43916 289
43917 240
43918 225
43919 224
43920 307
43921 246
43922 301
43923 464
43924 231
43925 219
43926 254
43927 274
43928 103
43929 4
43930 315
43931 253
43932 58
43933 216
43934 279
43935 224
43936 298
43937 278
43938 278
43939 220
43940 225
43941 349
43942 298
43943 83
43944 56
43945 235
43946 226
43947 349
43948 401
43949 290
43950 242
43951 268
43952 224
43953 246
43954 438
43955 356
43956 257
43957 240
43958 4
43959 305
43960 103
43961 221
43962 278
43963 289
43964 246
43965 356
43966 235
43967 235
43968 236
43969 236
43970 222
43971 235
43972 71
43973 222
43974 222
43975 340
43976 71
43977 297
43978 235
43979 354
43980 268
43981 310
43982 235
43983 360
43984 297
43985 302
43986 268
43987 360
43988 235
43989 304
43990 260
43991 260
43992 235
43993 305
43994 235
43995 235
43996 349
43997 349
43998 303
43999 220
44000 349
44001 303
44002 269
44003 326
44004 222
44005 326
44006 269
44007 235
44008 303
44009 220
44010 257
44011 817
44012 63
44013 242
44014 221
44015 660
44016 280
44017 627
44018 175
44019 196
44020 126
44021 280
44022 141
44023 781
44024 271
44025 79
44026 708
44027 80
44028 175
44029 141
44030 85
44031 683
44032 328
44033 374
44034 354
44035 279
44036 257
44037 708
44038 399
44039 328
44040 63
44041 171
44042 60
44043 86
44044 328
44045 271
44046 357
44047 85
44048 300
44049 409
44050 232
44051 416
44052 221
44053 409
44054 200
44055 58
44056 233
44057 466
44058 26
44059 353
44060 86
44061 171
44062 727
44063 354
44064 374
44065 257
44066 85
44067 498
44068 137
44069 657
44070 271
44071 300
44072 353
44073 244
44074 280
44075 48
44076 312
44077 328
44078 271
44079 196
44080 781
44081 112
44082 357
44083 86
44084 328
44085 112
44086 236
44087 851
44088 271
44089 657
44090 192
44091 304
44092 86
44093 164
44094 112
44095 257
44096 62
44097 498
44098 79
44099 466
44100 126
44101 171
44102 404
44103 312
44104 853
44105 17
44106 80
44107 853
44108 268
44109 193
44110 168
44111 41
44112 200
44113 781
44114 304
44115 58
44116 408
44117 408
44118 168
44119 853
44120 251
44121 80
44122 319
44123 271
44124 143
44125 241
44126 62
44127 399
44128 683
44129 48
44130 228
44131 26
44132 683
44133 244
44134 62
44135 141
44136 319
44137 62
44138 193
44139 41
44140 228
44141 404
44142 112
44143 356
44144 221
44145 137
44146 708
44147 853
44148 624
44149 51
44150 354
44151 408
44152 683
44153 745
44154 241
44155 127
44156 236
44157 817
44158 241
44159 399
44160 657
44161 498
44162 232
44163 164
44164 164
44165 344
44166 268
44167 745
44168 228
44169 196
44170 251
44171 26
44172 126
44173 228
44174 26
44175 221
44176 58
44177 683
44178 568
44179 193
44180 624
44181 319
44182 280
44183 344
44184 624
44185 657
44186 141
44187 112
44188 244
44189 627
44190 328
44191 41
44192 660
44193 851
44194 851
44195 48
44196 328
44197 137
44198 232
44199 280
44200 143
44201 236
44202 356
44203 404
44204 404
44205 466
44206 300
44207 727
44208 192
44209 627
44210 624
44211 51
44212 193
44213 319
44214 80
44215 279
44216 328
44217 271
44218 242
44219 143
44220 342
44221 342
44222 48
44223 271
44224 271
44225 46
44226 328
44227 271
44228 356
44229 364
44230 46
44231 271
44232 48
44233 271
44234 228
44235 46
44236 271
44237 241
44238 228
44239 683
44240 41
44241 228
44242 364
44243 356
44244 236
44245 683
44246 328
44247 41
44248 48
44249 328
44250 356
44251 328
44252 685
44253 271
44254 217
44255 251
44256 251
44257 324
44258 341
44259 341
44260 217
44261 328
44262 267
44263 267
44264 498
44265 251
44266 267
44267 222
44268 505
44269 325
44270 267
44271 222
44272 222
44273 222
44274 217
44275 340
44276 328
44277 498
44278 498
44279 504
44280 504
44281 222
44282 325
44283 222
44284 324
44285 324
44286 267
44287 217
44288 505
44289 297
44290 131
44291 131
44292 143
44293 234
44294 297
44295 239
44296 354
44297 256
44298 297
44299 297
44300 234
44301 129
44302 129
44303 239
44304 354
44305 256
44306 354
44307 143
44308 354
44309 25
44310 152
44311 25
44312 23
44313 175
44314 148
44315 170
44316 77
44317 125
44318 71
44319 170
44320 77
44321 23
44322 77
44323 77
44324 171
44325 124
44326 23
44327 148
44328 44
44329 122
44330 124
44331 25
44332 762
44333 762
44334 225
44335 225
44336 661
44337 414
44338 762
44339 49
44340 387
44341 414
44342 674
44343 46
44344 222
44345 46
44346 292
44347 387
44348 85
44349 661
44350 661
44351 291
44352 547
44353 222
44354 331
44355 58
44356 271
44357 58
44358 25
44359 387
44360 328
44361 547
44362 387
44363 222
44364 547
44365 387
44366 328
44367 548
44368 18
44369 58
44370 233
44371 25
44372 62
44373 25
44374 331
44375 329
44376 62
44377 18
44378 25
44379 747
44380 747
44381 340
44382 346
44383 71
44384 71
44385 781
44386 772
44387 772
44388 781
44389 779
44390 772
44391 772
44392 770
44393 772
44394 771
44395 781
44396 705
44397 772
44398 705
44399 705
44400 772
44401 772
44402 542
44403 772
44404 771
44405 770
44406 771
44407 770
44408 781
44409 542
44410 771
44411 772
44412 772
44413 818
44414 818
44415 802
44416 454
44417 818
44418 457
44419 454
44420 772
44421 771
44422 818
44423 802
44424 457
44425 772
44426 771
44427 454
44428 452
44429 802
44430 791
44431 772
44432 848
44433 848
44434 491
44435 848
44436 491
44437 628
44438 488
44439 791
44440 772
44441 488
44442 628
44443 772
44444 488
44445 791
44446 790
44447 833
44448 772
44449 770
44450 772
44451 771
44452 781
44453 772
44454 781
44455 781
44456 772
44457 772
44458 542
44459 772
44460 771
44461 770
44462 771
44463 770
44464 781
44465 542
44466 771
44467 772
44468 772
44469 818
44470 818
44471 770
44472 566
44473 818
44474 634
44475 770
44476 634
44477 566
44478 634
44479 566
44480 770
44481 779
44482 772
44483 772
44484 529
44485 530
44486 530
44487 529
44488 529
44489 421
44490 421
44491 529
44492 477
44493 477
44494 478
44495 478
44496 226
44497 478
44498 227
44499 227
44500 478
44501 538
44502 530
44503 478
44504 478
44505 530
44506 226
44507 478
44508 478
44509 231
44510 472
44511 346
44512 327
44513 228
44514 35
44515 730
44516 243
44517 222
44518 390
44519 256
44520 539
44521 50
44522 233
44523 546
44524 621
44525 321
44526 245
44527 243
44528 267
44529 276
44530 267
44531 84
44532 231
44533 238
44534 285
44535 233
44536 357
44537 67
44538 312
44539 233
44540 179
44541 50
44542 84
44543 256
44544 267
44545 233
44546 327
44547 248
44548 313
44549 245
44550 287
44551 256
44552 557
44553 370
44554 256
44555 730
44556 421
44557 346
44558 238
44559 290
44560 300
44561 51
44562 228
44563 138
44564 35
44565 472
44566 220
44567 621
44568 389
44569 370
44570 216
44571 17
44572 328
44573 370
44574 355
44575 285
44576 557
44577 389
44578 242
44579 220
44580 466
44581 18
44582 243
44583 222
44584 389
44585 93
44586 228
44587 267
44588 258
44589 539
44590 233
44591 421
44592 256
44593 218
44594 67
44595 346
44596 218
44597 279
44598 308
44599 256
44600 300
44601 279
44602 356
44603 370
44604 471
44605 356
44606 234
44607 356
44608 276
44609 238
44610 730
44611 276
44612 222
44613 280
44614 216
44615 557
44616 285
44617 179
44618 471
44619 138
44620 245
44621 370
44622 258
44623 325
44624 328
44625 228
44626 234
44627 245
44628 346
44629 649
44630 84
44631 383
44632 370
44633 308
44634 17
44635 179
44636 213
44637 383
44638 357
44639 243
44640 138
44641 730
44642 306
44643 248
44644 222
44645 287
44646 313
44647 389
44648 228
44649 93
44650 313
44651 300
44652 18
44653 222
44654 530
44655 248
44656 285
44657 290
44658 325
44659 389
44660 649
44661 248
44662 621
44663 529
44664 554
44665 539
44666 603
44667 537
44668 554
44669 554
44670 554
44671 554
44672 686
44673 411
44674 256
44675 770
44676 696
44677 686
44678 411
44679 601
44680 102
44681 256
44682 444
44683 686
44684 102
44685 696
44686 772
44687 411
44688 102
44689 686
44690 601
44691 686
44692 444
44693 411
44694 603
44695 772
44696 770
44697 537
44698 537
44699 537
44700 554
44701 554
44702 554
44703 327
44704 272
44705 327
44706 272
44707 272
44708 272
44709 270
44710 288
44711 272
44712 52
44713 272
44714 272
44715 270
44716 272
44717 52
44718 52
44719 272
44720 270
44721 52
44722 288
44723 270
44724 460
44725 460
44726 330
44727 272
44728 270
44729 272
44730 272
44731 270
44732 272
44733 272
44734 272
44735 270
44736 229
44737 227
44738 227
44739 227
44740 229
44741 227
44742 229
44743 398
44744 285
44745 229
44746 398
44747 229
44748 398
44749 398
44750 398
44751 285
44752 398
44753 398
44754 398
44755 229
44756 812
44757 812
44758 227
44759 662
44760 406
44761 662
44762 812
44763 818
44764 812
44765 417
44766 706
44767 812
44768 706
44769 233
44770 417
44771 812
44772 233
44773 406
44774 227
44775 231
44776 233
44777 406
44778 459
44779 406
44780 407
44781 459
44782 417
44783 227
44784 459
44785 233
44786 233
44787 407
44788 168
44789 258
44790 258
44791 70
44792 97
44793 217
44794 227
44795 217
44796 168
44797 109
44798 97
44799 109
44800 98
44801 168
44802 227
44803 109
44804 98
44805 70
44806 168
44807 70
44808 812
44809 227
44810 812
44811 410
44812 812
44813 738
44814 410
44815 812
44816 706
44817 812
44818 706
44819 410
44820 233
44821 812
44822 233
44823 406
44824 227
44825 233
44826 406
44827 459
44828 406
44829 459
44830 410
44831 227
44832 233
44833 233
44834 398
44835 229
44836 229
44837 398
44838 229
44839 398
44840 398
44841 398
44842 398
44843 398
44844 398
44845 229
44846 228
44847 228
44848 227
44849 609
44850 228
44851 228
44852 609
44853 337
44854 332
44855 337
44856 332
44857 337
44858 337
44859 337
44860 676
44861 337
44862 337
44863 337
44864 337
44865 337
44866 676
44867 337
44868 676
44869 332
44870 332
44871 332
44872 337
44873 337
44874 337
44875 676
44876 337
44877 337
44878 337
44879 337
44880 337
44881 676
44882 159
44883 159
44884 159
44885 159
44886 159
44887 160
44888 160
44889 159
44890 131
44891 159
44892 159
44893 58
44894 174
44895 190
44896 131
44897 54
44898 135
44899 124
44900 38
44901 119
44902 26
44903 154
44904 172
44905 190
44906 200
44907 26
44908 38
44909 88
44910 135
44911 119
44912 190
44913 202
44914 172
44915 186
44916 184
44917 194
44918 205
44919 124
44920 131
44921 205
44922 141
44923 115
44924 192
44925 137
44926 163
44927 200
44928 88
44929 154
44930 154
44931 200
44932 119
44933 137
44934 174
44935 124
44936 141
44937 184
44938 38
44939 163
44940 202
44941 54
44942 124
44943 190
44944 115
44945 194
44946 192
44947 184
44948 172
44949 82
44950 168
44951 69
44952 119
44953 82
44954 186
44955 131
44956 163
44957 124
44958 174
44959 192
44960 188
44961 186
44962 124
44963 137
44964 194
44965 159
44966 159
44967 499
44968 250
44969 268
44970 268
44971 247
44972 247
44973 250
44974 402
44975 499
44976 402
44977 499
44978 251
44979 253
44980 290
44981 730
44982 730
44983 286
44984 253
44985 695
44986 251
44987 695
44988 828
44989 436
44990 436
44991 497
44992 497
44993 492
44994 286
44995 492
44996 251
44997 344
44998 344
44999 290
45000 695
45001 286
45002 497
45003 290
45004 497
45005 497
45006 251
45007 290
45008 253
45009 286
45010 436
45011 286
45012 250
45013 492
45014 828
45015 261
45016 261
45017 268
45018 261
45019 261
45020 268
45021 268
45022 247
45023 248
45024 221
45025 307
45026 269
45027 365
45028 726
45029 813
45030 50
45031 313
45032 813
45033 257
45034 102
45035 679
45036 301
45037 258
45038 274
45039 296
45040 337
45041 411
45042 116
45043 257
45044 290
45045 272
45046 273
45047 273
45048 308
45049 289
45050 49
45051 284
45052 227
45053 354
45054 337
45055 34
45056 223
45057 317
45058 35
45059 254
45060 369
45061 317
45062 222
45063 694
45064 396
45065 102
45066 761
45067 354
45068 273
45069 35
45070 103
45071 447
45072 351
45073 288
45074 269
45075 317
45076 269
45077 336
45078 396
45079 272
45080 244
45081 284
45082 91
45083 266
45084 336
45085 351
45086 252
45087 188
45088 274
45089 336
45090 289
45091 54
45092 301
45093 308
45094 187
45095 116
45096 306
45097 307
45098 103
45099 263
45100 35
45101 255
45102 254
45103 227
45104 13
45105 306
45106 227
45107 290
45108 378
45109 92
45110 252
45111 266
45112 247
45113 221
45114 298
45115 92
45116 694
45117 298
45118 246
45119 44
45120 306
45121 116
45122 44
45123 244
45124 607
45125 269
45126 370
45127 93
45128 223
45129 370
45130 103
45131 44
45132 411
45133 50
45134 244
45135 370
45136 848
45137 232
45138 246
45139 607
45140 255
45141 447
45142 255
45143 44
45144 679
45145 321
45146 34
45147 93
45148 680
45149 606
45150 308
45151 296
45152 369
45153 252
45154 258
45155 284
45156 447
45157 34
45158 726
45159 50
45160 411
45161 313
45162 227
45163 35
45164 447
45165 272
45166 321
45167 252
45168 44
45169 54
45170 276
45171 336
45172 94
45173 288
45174 396
45175 232
45176 369
45177 681
45178 351
45179 254
45180 378
45181 251
45182 253
45183 290
45184 436
45185 488
45186 286
45187 253
45188 488
45189 251
45190 492
45191 492
45192 436
45193 436
45194 497
45195 497
45196 492
45197 286
45198 492
45199 253
45200 290
45201 286
45202 497
45203 290
45204 497
45205 251
45206 253
45207 286
45208 436
45209 286
45210 250
45211 492
45212 488
45213 42
45214 362
45215 545
45216 354
45217 354
45218 354
45219 44
45220 545
45221 488
45222 488
45223 436
45224 436
45225 402
45226 763
45227 763
45228 763
45229 763
45230 763
45231 233
45232 416
45233 375
45234 518
45235 643
45236 425
45237 396
45238 655
45239 83
45240 632
45241 54
45242 854
45243 336
45244 84
45245 848
45246 518
45247 273
45248 655
45249 424
45250 850
45251 848
45252 233
45253 199
45254 850
45255 573
45256 636
45257 850
45258 636
45259 417
45260 85
45261 608
45262 273
45263 518
45264 273
45265 396
45266 283
45267 643
45268 642
45269 857
45270 425
45271 19
45272 839
45273 857
45274 640
45275 106
45276 179
45277 518
45278 92
45279 417
45280 200
45281 632
45282 408
45283 330
45284 763
45285 273
45286 770
45287 106
45288 587
45289 636
45290 691
45291 854
45292 691
45293 406
45294 636
45295 849
45296 737
45297 854
45298 363
45299 728
45300 85
45301 283
45302 83
45303 737
45304 643
45305 764
45306 226
45307 273
45308 273
45309 102
45310 642
45311 636
45312 643
45313 375
45314 848
45315 839
45316 424
45317 330
45318 282
45319 18
45320 216
45321 396
45322 608
45323 200
45324 363
45325 282
45326 106
45327 764
45328 854
45329 643
45330 363
45331 849
45332 376
45333 728
45334 226
45335 642
45336 854
45337 715
45338 376
45339 273
45340 366
45341 849
45342 839
45343 608
45344 85
45345 363
45346 692
45347 199
45348 233
45349 233
45350 404
45351 199
45352 857
45353 691
45354 587
45355 854
45356 42
45357 424
45358 658
45359 417
45360 84
45361 282
45362 92
45363 229
45364 106
45365 850
45366 42
45367 839
45368 770
45369 179
45370 636
45371 640
45372 857
45373 106
45374 375
45375 643
45376 330
45377 854
45378 841
45379 54
45380 643
45381 226
45382 608
45383 179
45384 18
45385 102
45386 640
45387 640
45388 841
45389 396
45390 229
45391 162
45392 216
45393 573
45394 162
45395 336
45396 643
45397 416
45398 366
45399 366
45400 199
45401 216
45402 50
45403 70
45404 50
45405 50
45406 50
45407 70
45408 50
45409 50
45410 50
45411 50
45412 73
45413 97
45414 342
45415 73
45416 127
45417 97
45418 342
45419 342
45420 50
45421 127
45422 50
45423 127
45424 73
45425 43
45426 97
45427 50
45428 73
45429 70
45430 152
45431 211
45432 138
45433 90
45434 159
45435 168
45436 129
45437 83
45438 128
45439 28
45440 76
45441 117
45442 197
45443 177
45444 117
45445 18
45446 18
45447 18
45448 201
45449 159
45450 138
45451 76
45452 170
45453 81
45454 12
45455 211
45456 153
45457 197
45458 28
45459 18
45460 50
45461 163
45462 211
45463 170
45464 114
45465 201
45466 138
45467 6
45468 28
45469 128
45470 76
45471 118
45472 0
45473 129
45474 197
45475 76
45476 152
45477 163
45478 69
45479 1
45480 175
45481 175
45482 28
45483 81
45484 177
45485 90
45486 129
45487 72
45488 175
45489 170
45490 152
45491 126
45492 129
45493 126
45494 4
45495 50
45496 163
45497 6
45498 28
45499 72
45500 72
45501 26
45502 4
45503 168
45504 168
45505 114
45506 175
45507 90
45508 83
45509 175
45510 0
45511 138
45512 152
45513 201
45514 26
45515 69
45516 138
45517 69
45518 72
45519 175
45520 129
45521 163
45522 83
45523 72
45524 24
45525 114
45526 118
45527 159
45528 327
45529 70
45530 373
45531 70
45532 793
45533 324
45534 327
45535 70
45536 792
45537 333
45538 400
45539 400
45540 792
45541 793
45542 324
45543 400
45544 668
45545 373
45546 373
45547 733
45548 792
45549 733
45550 390
45551 793
45552 333
45553 735
45554 327
45555 390
45556 668
45557 668
45558 97
45559 50
45560 50
45561 97
45562 50
45563 32
45564 50
45565 50
45566 32
45567 50
45568 50
45569 97
45570 79
45571 79
45572 50
45573 25
45574 25
45575 25
45576 699
45577 699
45578 699
45579 699
45580 699
45581 699
45582 733
45583 733
45584 689
45585 814
45586 814
45587 814
45588 814
45589 177
45590 176
45591 177
45592 772
45593 340
45594 340
45595 779
45596 77
45597 772
45598 779
45599 518
45600 77
45601 340
45602 205
45603 177
45604 205
45605 177
45606 207
45607 169
45608 181
45609 181
45610 181
45611 177
45612 207
45613 181
45614 205
45615 163
45616 208
45617 182
45618 164
45619 196
45620 164
45621 208
45622 176
45623 189
45624 196
45625 196
45626 208
45627 208
45628 189
45629 208
45630 208
45631 182
45632 181
45633 177
45634 209
45635 209
45636 205
45637 209
45638 209
45639 181
45640 209
45641 181
45642 205
45643 780
45644 802
45645 802
45646 756
45647 756
45648 756
45649 780
45650 802
45651 68
45652 426
45653 357
45654 424
45655 223
45656 427
45657 768
45658 424
45659 393
45660 357
45661 424
45662 427
45663 3
45664 68
45665 396
45666 226
45667 3
45668 756
45669 357
45670 339
45671 372
45672 179
45673 356
45674 421
45675 396
45676 427
45677 393
45678 357
45679 421
45680 424
45681 179
45682 356
45683 179
45684 768
45685 357
45686 426
45687 768
45688 223
45689 179
45690 179
45691 282
45692 95
45693 95
45694 95
45695 282
45696 282
45697 100
45698 93
45699 93
45700 12
45701 101
45702 49
45703 12
45704 13
45705 97
45706 52
45707 97
45708 100
45709 93
45710 93
45711 52
45712 100
45713 13
45714 49
45715 13
45716 97
45717 95
45718 95
45719 95
45720 105
45721 95
45722 95
45723 282
45724 320
45725 631
45726 317
45727 695
45728 46
45729 80
45730 631
45731 166
45732 332
45733 359
45734 258
45735 331
45736 311
45737 248
45738 355
45739 166
45740 653
45741 282
45742 330
45743 390
45744 108
45745 583
45746 397
45747 730
45748 221
45749 373
45750 225
45751 355
45752 258
45753 311
45754 265
45755 104
45756 299
45757 46
45758 830
45759 226
45760 354
45761 234
45762 311
45763 235
45764 226
45765 368
45766 364
45767 266
45768 103
45769 347
45770 467
45771 93
45772 332
45773 373
45774 346
45775 397
45776 368
45777 265
45778 390
45779 204
45780 67
45781 241
45782 61
45783 204
45784 330
45785 30
45786 339
45787 397
45788 851
45789 67
45790 95
45791 355
45792 320
45793 282
45794 183
45795 320
45796 355
45797 441
45798 67
45799 226
45800 234
45801 46
45802 241
45803 359
45804 297
45805 103
45806 61
45807 282
45808 397
45809 38
45810 370
45811 46
45812 290
45813 368
45814 61
45815 370
45816 282
45817 95
45818 441
45819 103
45820 225
45821 248
45822 241
45823 21
45824 290
45825 299
45826 258
45827 255
45828 364
45829 22
45830 828
45831 370
45832 372
45833 38
45834 467
45835 30
45836 828
45837 346
45838 46
45839 258
45840 730
45841 368
45842 166
45843 258
45844 828
45845 290
45846 235
45847 234
45848 330
45849 266
45850 441
45851 108
45852 234
45853 67
45854 441
45855 297
45856 583
45857 294
45858 290
45859 365
45860 364
45861 218
45862 397
45863 320
45864 247
45865 247
45866 365
45867 294
45868 331
45869 93
45870 290
45871 38
45872 695
45873 22
45874 1
45875 364
45876 21
45877 218
45878 320
45879 397
45880 233
45881 636
45882 642
45883 642
45884 233
45885 636
45886 391
45887 642
45888 636
45889 636
45890 642
45891 636
45892 226
45893 642
45894 642
45895 636
45896 636
45897 636
45898 642
45899 642
45900 636
45901 642
45902 636
45903 642
45904 636
45905 642
45906 642
45907 642
45908 636
45909 636
45910 642
45911 349
45912 349
45913 804
45914 804
45915 329
45916 584
45917 580
45918 584
45919 574
45920 253
45921 349
45922 489
45923 253
45924 278
45925 780
45926 3
45927 278
45928 489
45929 349
45930 489
45931 574
45932 590
45933 590
45934 362
45935 588
45936 349
45937 362
45938 360
45939 417
45940 450
45941 451
45942 362
45943 450
45944 588
45945 417
45946 417
45947 559
45948 559
45949 576
45950 630
45951 595
45952 858
45953 630
45954 595
45955 559
45956 858
45957 481
45958 621
45959 804
45960 481
45961 621
45962 300
45963 329
45964 445
45965 331
45966 331
45967 445
45968 226
45969 243
45970 329
45971 440
45972 253
45973 331
45974 329
45975 253
45976 445
45977 329
45978 253
45979 243
45980 329
45981 243
45982 331
45983 300
45984 329
45985 226
45986 440
45987 586
45988 583
45989 586
45990 575
45991 433
45992 580
45993 433
45994 584
45995 763
45996 330
45997 330
45998 437
45999 779
46000 689
46001 437
46002 437
46003 437
46004 763
46005 578
46006 718
46007 298
46008 346
46009 655
46010 674
46011 297
46012 655
46013 578
46014 346
46015 674
46016 362
46017 394
46018 674
46019 304
46020 578
46021 268
46022 346
46023 718
46024 718
46025 268
46026 718
46027 297
46028 821
46029 103
46030 103
46031 263
46032 105
46033 105
46034 816
46035 356
46036 330
46037 821
46038 818
46039 263
46040 356
46041 356
46042 44
46043 44
46044 44
46045 369
46046 369
46047 369
46048 487
46049 370
46050 44
46051 486
46052 370
46053 264
46054 488
46055 369
46056 46
46057 488
46058 264
46059 369
46060 264
46061 46
46062 44
46063 488
46064 486
46065 44
46066 44
46067 264
46068 355
46069 355
46070 44
46071 46
46072 44
46073 355
46074 486
46075 355
46076 355
46077 44
46078 339
46079 225
46080 44
46081 216
46082 44
46083 837
46084 689
46085 288
46086 77
46087 369
46088 288
46089 304
46090 77
46091 369
46092 837
46093 238
46094 288
46095 237
46096 609
46097 416
46098 403
46099 689
46100 819
46101 689
46102 830
46103 497
46104 689
46105 225
46106 304
46107 409
46108 338
46109 409
46110 237
46111 611
46112 369
46113 332
46114 499
46115 416
46116 409
46117 44
46118 830
46119 237
46120 338
46121 819
46122 44
46123 819
46124 237
46125 819
46126 689
46127 73
46128 499
46129 403
46130 73
46131 609
46132 411
46133 609
46134 409
46135 497
46136 225
46137 609
46138 332
46139 44
46140 332
46141 837
46142 216
46143 250
46144 370
46145 300
46146 488
46147 248
46148 300
46149 250
46150 453
46151 300
46152 453
46153 621
46154 369
46155 622
46156 622
46157 248
46158 622
46159 467
46160 250
46161 248
46162 454
46163 622
46164 353
46165 466
46166 488
46167 623
46168 488
46169 353
46170 621
46171 248
46172 512
46173 466
46174 369
46175 216
46176 44
46177 216
46178 304
46179 238
46180 689
46181 304
46182 44
46183 304
46184 369
46185 837
46186 44
46187 238
46188 609
46189 416
46190 689
46191 689
46192 619
46193 689
46194 304
46195 409
46196 338
46197 409
46198 237
46199 486
46200 369
46201 394
46202 416
46203 409
46204 237
46205 338
46206 237
46207 689
46208 44
46209 486
46210 404
46211 609
46212 837
46213 44
46214 609
46215 44
46216 837
46217 216
46218 44
46219 486
46220 264
46221 238
46222 488
46223 369
46224 238
46225 488
46226 264
46227 369
46228 238
46229 46
46230 44
46231 488
46232 486
46233 44
46234 264
46235 355
46236 355
46237 44
46238 46
46239 44
46240 355
46241 486
46242 355
46243 355
46244 636
46245 487
46246 622
46247 448
46248 622
46249 487
46250 622
46251 636
46252 218
46253 252
46254 218
46255 252
46256 219
46257 218
46258 219
46259 252
46260 764
46261 218
46262 255
46263 764
46264 220
46265 79
46266 255
46267 338
46268 79
46269 255
46270 338
46271 764
46272 764
46273 252
46274 252
46275 229
46276 229
46277 229
46278 227
46279 229
46280 227
46281 134
46282 44
46283 197
46284 132
46285 207
46286 189
46287 143
46288 142
46289 193
46290 194
46291 171
46292 147
46293 193
46294 161
46295 165
46296 171
46297 184
46298 124
46299 197
46300 189
46301 161
46302 161
46303 162
46304 8
46305 199
46306 162
46307 120
46308 186
46309 140
46310 195
46311 199
46312 147
46313 197
46314 183
46315 183
46316 165
46317 204
46318 199
46319 194
46320 161
46321 124
46322 171
46323 134
46324 162
46325 8
46326 44
46327 171
46328 204
46329 135
46330 43
46331 43
46332 183
46333 207
46334 143
46335 8
46336 192
46337 132
46338 140
46339 124
46340 192
46341 204
46342 120
46343 135
46344 195
46345 192
46346 142
46347 134
46348 207
46349 204
46350 184
46351 140
46352 185
46353 134
46354 132
46355 443
46356 443
46357 445
46358 257
46359 337
46360 450
46361 243
46362 308
46363 244
46364 443
46365 335
46366 257
46367 298
46368 335
46369 235
46370 243
46371 336
46372 298
46373 235
46374 450
46375 298
46376 257
46377 450
46378 308
46379 699
46380 846
46381 699
46382 362
46383 361
46384 846
46385 361
46386 443
46387 699
46388 665
46389 451
46390 447
46391 447
46392 445
46393 445
46394 696
46395 445
46396 396
46397 398
46398 396
46399 105
46400 396
46401 396
46402 396
46403 396
46404 344
46405 344
46406 344
46407 396
46408 105
46409 105
46410 73
46411 73
46412 73
46413 73
46414 73
46415 73
46416 73
46417 73
46418 117
46419 76
46420 69
46421 66
46422 386
46423 106
46424 340
46425 60
46426 61
46427 87
46428 199
46429 79
46430 68
46431 131
46432 7
46433 44
46434 386
46435 149
46436 128
46437 7
46438 35
46439 76
46440 80
46441 120
46442 380
46443 17
46444 117
46445 98
46446 136
46447 76
46448 68
46449 158
46450 132
46451 23
46452 3
46453 133
46454 149
46455 106
46456 26
46457 25
46458 128
46459 62
46460 151
46461 158
46462 158
46463 159
46464 380
46465 151
46466 19
46467 158
46468 26
46469 40
46470 87
46471 158
46472 35
46473 61
46474 7
46475 44
46476 159
46477 44
46478 340
46479 97
46480 117
46481 19
46482 66
46483 380
46484 97
46485 73
46486 17
46487 106
46488 185
46489 25
46490 151
46491 136
46492 114
46493 132
46494 62
46495 136
46496 106
46497 132
46498 60
46499 380
46500 35
46501 136
46502 117
46503 61
46504 19
46505 203
46506 114
46507 40
46508 199
46509 25
46510 117
46511 79
46512 7
46513 3
46514 73
46515 185
46516 98
46517 60
46518 40
46519 87
46520 19
46521 23
46522 238
46523 231
46524 231
46525 238
46526 238
46527 238
46528 811
46529 238
46530 811
46531 238
46532 293
46533 293
46534 231
46535 265
46536 284
46537 260
46538 442
46539 265
46540 260
46541 258
46542 452
46543 258
46544 452
46545 235
46546 231
46547 235
46548 238
46549 235
46550 238
46551 238
46552 65
46553 65
46554 189
46555 66
46556 193
46557 55
46558 55
46559 55
46560 62
46561 55
46562 65
46563 65
46564 65
46565 97
46566 97
46567 97
46568 206
46569 189
46570 204
46571 189
46572 170
46573 144
46574 172
46575 206
46576 112
46577 172
46578 170
46579 204
46580 172
46581 184
46582 170
46583 192
46584 189
46585 204
46586 144
46587 184
46588 184
46589 112
46590 112
46591 204
46592 184
46593 172
46594 77
46595 183
46596 63
46597 191
46598 175
46599 63
46600 208
46601 172
46602 191
46603 63
46604 77
46605 183
46606 172
46607 66
46608 153
46609 186
46610 153
46611 152
46612 193
46613 186
46614 146
46615 193
46616 171
46617 621
46618 358
46619 764
46620 42
46621 763
46622 764
46623 51
46624 405
46625 763
46626 585
46627 621
46628 94
46629 85
46630 451
46631 85
46632 451
46633 97
46634 358
46635 358
46636 612
46637 764
46638 764
46639 824
46640 824
46641 690
46642 683
46643 781
46644 833
46645 833
46646 690
46647 764
46648 697
46649 612
46650 824
46651 764
46652 824
46653 617
46654 690
46655 617
46656 781
46657 617
46658 347
46659 42
46660 347
46661 42
46662 793
46663 763
46664 763
46665 801
46666 612
46667 765
46668 765
46669 824
46670 824
46671 764
46672 833
46673 833
46674 765
46675 833
46676 765
46677 612
46678 833
46679 765
46680 824
46681 764
46682 617
46683 612
46684 612
46685 765
46686 617
46687 36
46688 242
46689 7
46690 277
46691 264
46692 7
46693 284
46694 277
46695 263
46696 277
46697 51
46698 36
46699 264
46700 264
46701 284
46702 277
46703 263
46704 409
46705 368
46706 405
46707 405
46708 415
46709 368
46710 368
46711 415
46712 405
46713 373
46714 373
46715 405
46716 824
46717 487
46718 451
46719 763
46720 487
46721 585
46722 585
46723 561
46724 561
46725 497
46726 561
46727 295
46728 561
46729 397
46730 831
46731 812
46732 848
46733 831
46734 850
46735 280
46736 400
46737 848
46738 561
46739 561
46740 814
46741 561
46742 848
46743 812
46744 728
46745 280
46746 706
46747 814
46748 706
46749 71
46750 71
46751 561
46752 523
46753 561
46754 520
46755 831
46756 561
46757 713
46758 706
46759 814
46760 831
46761 561
46762 848
46763 561
46764 561
46765 814
46766 561
46767 848
46768 767
46769 706
46770 814
46771 713
46772 848
46773 767
46774 730
46775 729
46776 730
46777 730
46778 734
46779 729
46780 325
46781 631
46782 631
46783 631
46784 539
46785 631
46786 443
46787 819
46788 833
46789 833
46790 443
46791 443
46792 819
46793 655
46794 657
46795 657
46796 657
46797 833
46798 657
46799 655
46800 833
46801 655
46802 833
46803 771
46804 686
46805 833
46806 651
46807 833
46808 771
46809 686
46810 771
46811 686
46812 221
46813 466
46814 221
46815 466
46816 221
46817 466
46818 51
46819 51
46820 358
46821 793
46822 225
46823 358
46824 534
46825 832
46826 294
46827 200
46828 413
46829 108
46830 1
46831 188
46832 225
46833 775
46834 188
46835 0
46836 0
46837 121
46838 413
46839 445
46840 108
46841 445
46842 200
46843 637
46844 358
46845 0
46846 523
46847 359
46848 225
46849 824
46850 108
46851 51
46852 793
46853 523
46854 413
46855 188
46856 108
46857 534
46858 827
46859 637
46860 523
46861 534
46862 413
46863 377
46864 358
46865 627
46866 775
46867 51
46868 645
46869 445
46870 348
46871 824
46872 294
46873 218
46874 348
46875 832
46876 339
46877 583
46878 708
46879 405
46880 708
46881 407
46882 405
46883 708
46884 583
46885 586
46886 586
46887 624
46888 723
46889 665
46890 665
46891 708
46892 665
46893 723
46894 723
46895 230
46896 230
46897 679
46898 405
46899 405
46900 848
46901 770
46902 221
46903 683
46904 687
46905 405
46906 405
46907 679
46908 683
46909 683
46910 770
46911 679
46912 683
46913 405
46914 827
46915 230
46916 827
46917 708
46918 708
46919 708
46920 749
46921 708
46922 708
46923 512
46924 749
46925 708
46926 272
46927 101
46928 325
46929 77
46930 756
46931 327
46932 324
46933 325
46934 324
46935 327
46936 407
46937 756
46938 272
46939 756
46940 272
46941 101
46942 77
46943 406
46944 230
46945 405
46946 770
46947 416
46948 683
46949 405
46950 405
46951 683
46952 770
46953 770
46954 683
46955 405
46956 230
46957 770
46958 683
46959 708
46960 708
46961 730
46962 730
46963 708
46964 708
46965 658
46966 657
46967 224
46968 224
46969 367
46970 260
46971 252
46972 260
46973 451
46974 499
46975 282
46976 499
46977 487
46978 336
46979 232
46980 282
46981 336
46982 336
46983 451
46984 499
46985 237
46986 490
46987 487
46988 451
46989 375
46990 490
46991 335
46992 335
46993 499
46994 237
46995 367
46996 375
46997 260
46998 499
46999 657
47000 657
47001 657
47002 657
47003 674
47004 655
47005 676
47006 679
47007 793
47008 762
47009 655
47010 679
47011 674
47012 674
47013 674
47014 482
47015 655
47016 687
47017 655
47018 687
47019 655
47020 687
47021 482
47022 266
47023 699
47024 739
47025 730
47026 699
47027 730
47028 739
47029 730
47030 676
47031 266
47032 266
47033 679
47034 679
47035 793
47036 213
47037 326
47038 793
47039 620
47040 620
47041 218
47042 404
47043 326
47044 326
47045 396
47046 213
47047 213
47048 396
47049 218
47050 655
47051 650
47052 713
47053 829
47054 813
47055 650
47056 813
47057 760
47058 659
47059 813
47060 659
47061 713
47062 655
47063 650
47064 813
47065 655
47066 760
47067 445
47068 651
47069 585
47070 652
47071 652
47072 655
47073 655
47074 656
47075 679
47076 189
47077 346
47078 189
47079 189
47080 189
47081 385
47082 385
47083 254
47084 389
47085 254
47086 254
47087 259
47088 353
47089 353
47090 353
47091 597
47092 638
47093 44
47094 346
47095 603
47096 656
47097 353
47098 649
47099 649
47100 658
47101 189
47102 656
47103 603
47104 44
47105 116
47106 190
47107 189
47108 116
47109 190
47110 189
47111 190
47112 122
47113 189
47114 190
47115 122
47116 116
47117 346
47118 346
47119 346
47120 34
47121 121
47122 164
47123 34
47124 34
47125 34
47126 21
47127 149
47128 150
47129 21
47130 164
47131 16
47132 21
47133 16
47134 164
47135 149
47136 21
47137 150
47138 121
47139 34
47140 208
47141 21
47142 150
47143 179
47144 109
47145 12
47146 109
47147 195
47148 189
47149 179
47150 195
47151 12
47152 189
47153 176
47154 190
47155 189
47156 190
47157 189
47158 190
47159 122
47160 189
47161 122
47162 221
47163 222
47164 221
47165 221
47166 252
47167 221
47168 255
47169 453
47170 256
47171 252
47172 453
47173 252
47174 252
47175 325
47176 251
47177 325
47178 325
47179 259
47180 50
47181 51
47182 794
47183 50
47184 50
47185 251
47186 777
47187 259
47188 259
47189 774
47190 774
47191 777
47192 777
47193 222
47194 273
47195 269
47196 221
47197 225
47198 269
47199 269
47200 225
47201 233
47202 221
47203 233
47204 325
47205 221
47206 325
47207 325
47208 118
47209 117
47210 117
47211 117
47212 119
47213 70
47214 119
47215 70
47216 117
47217 63
47218 117
47219 117
47220 14
47221 117
47222 117
47223 117
47224 14
47225 117
47226 469
47227 571
47228 474
47229 571
47230 469
47231 571
47232 571
47233 211
47234 211
47235 211
47236 211
47237 176
47238 176
47239 205
47240 176
47241 176
47242 211
47243 170
47244 170
47245 176
47246 170
47247 163
47248 205
47249 205
47250 176
47251 170
47252 205
47253 191
47254 210
47255 210
47256 209
47257 205
47258 211
47259 211
47260 205
47261 191
47262 211
47263 182
47264 182
47265 205
47266 176
47267 176
47268 211
47269 182
47270 176
47271 181
47272 182
47273 205
47274 212
47275 203
47276 212
47277 359
47278 212
47279 203
47280 212
47281 210
47282 211
47283 211
47284 213
47285 206
47286 212
47287 210
47288 213
47289 115
47290 212
47291 212
47292 117
47293 206
47294 189
47295 211
47296 212
47297 205
47298 211
47299 212
47300 189
47301 205
47302 206
47303 210
47304 115
47305 212
47306 203
47307 208
47308 204
47309 204
47310 208
47311 203
47312 208
47313 203
47314 208
47315 211
47316 210
47317 212
47318 211
47319 210
47320 212
47321 212
47322 212
47323 212
47324 380
47325 336
47326 380
47327 361
47328 340
47329 778
47330 192
47331 206
47332 211
47333 85
47334 206
47335 85
47336 382
47337 210
47338 382
47339 547
47340 382
47341 500
47342 383
47343 192
47344 87
47345 766
47346 778
47347 766
47348 766
47349 359
47350 767
47351 192
47352 778
47353 383
47354 383
47355 87
47356 382
47357 383
47358 211
47359 361
47360 766
47361 206
47362 333
47363 383
47364 206
47365 500
47366 210
47367 767
47368 212
47369 210
47370 211
47371 213
47372 212
47373 210
47374 213
47375 115
47376 212
47377 212
47378 206
47379 189
47380 211
47381 203
47382 212
47383 189
47384 206
47385 203
47386 115
47387 212
47388 203
47389 208
47390 208
47391 203
47392 208
47393 203
47394 208
47395 590
47396 590
47397 615
47398 714
47399 325
47400 375
47401 711
47402 590
47403 709
47404 714
47405 374
47406 324
47407 325
47408 615
47409 325
47410 375
47411 374
47412 752
47413 615
47414 711
47415 375
47416 709
47417 593
47418 590
47419 408
47420 411
47421 408
47422 416
47423 416
47424 416
47425 416
47426 417
47427 416
47428 416
47429 416
47430 417
47431 495
47432 495
47433 508
47434 508
47435 375
47436 853
47437 289
47438 326
47439 326
47440 736
47441 289
47442 698
47443 495
47444 375
47445 737
47446 698
47447 853
47448 326
47449 289
47450 853
47451 434
47452 71
47453 530
47454 71
47455 495
47456 328
47457 583
47458 530
47459 484
47460 71
47461 434
47462 583
47463 221
47464 583
47465 484
47466 484
47467 259
47468 221
47469 495
47470 328
47471 328
47472 584
47473 238
47474 221
47475 530
47476 259
47477 495
47478 710
47479 724
47480 710
47481 508
47482 525
47483 508
47484 858
47485 710
47486 525
47487 853
47488 853
47489 858
47490 724
47491 508
47492 762
47493 786
47494 803
47495 786
47496 355
47497 838
47498 844
47499 844
47500 358
47501 94
47502 511
47503 836
47504 799
47505 507
47506 836
47507 45
47508 799
47509 292
47510 358
47511 799
47512 838
47513 844
47514 355
47515 258
47516 89
47517 512
47518 50
47519 45
47520 358
47521 803
47522 512
47523 507
47524 511
47525 838
47526 101
47527 511
47528 101
47529 258
47530 358
47531 512
47532 355
47533 838
47534 89
47535 838
47536 355
47537 786
47538 242
47539 386
47540 826
47541 789
47542 387
47543 826
47544 242
47545 386
47546 829
47547 826
47548 826
47549 387
47550 57
47551 789
47552 826
47553 57
47554 829
47555 515
47556 383
47557 242
47558 76
47559 76
47560 68
47561 68
47562 70
47563 76
47564 194
47565 192
47566 192
47567 76
47568 19
47569 192
47570 192
47571 192
47572 194
47573 194
47574 192
47575 70
47576 19
47577 199
47578 7
47579 199
47580 77
47581 37
47582 61
47583 165
47584 257
47585 158
47586 9
47587 9
47588 9
47589 158
47590 23
47591 292
47592 158
47593 199
47594 77
47595 37
47596 292
47597 258
47598 76
47599 7
47600 257
47601 54
47602 54
47603 16
47604 54
47605 16
47606 9
47607 257
47608 298
47609 292
47610 257
47611 265
47612 298
47613 14
47614 14
47615 68
47616 29
47617 96
47618 262
47619 64
47620 262
47621 64
47622 262
47623 96
47624 29
47625 68
47626 263
47627 262
47628 29
47629 14
47630 64
47631 96
47632 68
47633 66
47634 112
47635 189
47636 120
47637 64
47638 66
47639 120
47640 189
47641 66
47642 113
47643 465
47644 465
47645 819
47646 465
47647 391
47648 391
47649 391
47650 391
47651 45
47652 45
47653 287
47654 287
47655 729
47656 814
47657 814
47658 740
47659 851
47660 740
47661 287
47662 740
47663 851
47664 814
47665 526
47666 335
47667 526
47668 399
47669 526
47670 615
47671 409
47672 615
47673 409
47674 399
47675 409
47676 720
47677 716
47678 615
47679 716
47680 720
47681 409
47682 391
47683 351
47684 351
47685 376
47686 687
47687 687
47688 124
47689 185
47690 124
47691 124
47692 124
47693 185
47694 185
47695 124
47696 124
47697 69
47698 185
47699 73
47700 124
47701 187
47702 75
47703 185
47704 123
47705 187
47706 124
47707 68
47708 124
47709 185
47710 124
47711 69
47712 68
47713 124
47714 185
47715 123
47716 187
47717 69
47718 187
47719 68
47720 158
47721 123
47722 185
47723 158
47724 68
47725 123
47726 69
47727 123
47728 185
47729 124
47730 75
47731 123
47732 75
47733 158
47734 75
47735 73
47736 124
47737 187
47738 183
47739 10
47740 177
47741 168
47742 183
47743 168
47744 7
47745 124
47746 124
47747 69
47748 128
47749 128
47750 86
47751 145
47752 145
47753 124
47754 125
47755 64
47756 64
47757 128
47758 124
47759 141
47760 69
47761 141
47762 128
47763 64
47764 125
47765 86
47766 79
47767 69
47768 66
47769 176
47770 127
47771 126
47772 28
47773 126
47774 69
47775 68
47776 124
47777 177
47778 176
47779 126
47780 124
47781 69
47782 68
47783 124
47784 177
47785 125
47786 126
47787 126
47788 66
47789 124
47790 66
47791 176
47792 179
47793 189
47794 185
47795 179
47796 3
47797 189
47798 113
47799 3
47800 185
47801 179
47802 113
47803 69
47804 187
47805 75
47806 124
47807 123
47808 187
47809 124
47810 68
47811 185
47812 69
47813 68
47814 124
47815 185
47816 123
47817 123
47818 124
47819 68
47820 185
47821 123
47822 69
47823 124
47824 123
47825 75
47826 75
47827 69
47828 143
47829 143
47830 130
47831 171
47832 144
47833 124
47834 130
47835 130
47836 144
47837 144
47838 130
47839 124
47840 143
47841 171
47842 124
47843 126
47844 124
47845 124
47846 124
47847 126
47848 124
47849 767
47850 472
47851 472
47852 767
47853 826
47854 767
47855 826
47856 457
47857 736
47858 337
47859 331
47860 282
47861 820
47862 472
47863 457
47864 730
47865 282
47866 337
47867 271
47868 472
47869 271
47870 271
47871 337
47872 826
47873 283
47874 271
47875 736
47876 820
47877 331
47878 337
47879 749
47880 820
47881 457
47882 749
47883 331
47884 282
47885 730
47886 736
47887 363
47888 363
47889 363
47890 360
47891 360
47892 159
47893 159
47894 9
47895 159
47896 161
47897 96
47898 40
47899 12
47900 134
47901 108
47902 166
47903 197
47904 197
47905 166
47906 9
47907 98
47908 72
47909 66
47910 155
47911 98
47912 161
47913 96
47914 119
47915 161
47916 143
47917 161
47918 69
47919 143
47920 166
47921 153
47922 72
47923 197
47924 69
47925 208
47926 161
47927 161
47928 153
47929 143
47930 12
47931 98
47932 70
47933 166
47934 153
47935 69
47936 134
47937 66
47938 177
47939 142
47940 11
47941 98
47942 161
47943 99
47944 157
47945 161
47946 153
47947 157
47948 161
47949 40
47950 98
47951 177
47952 166
47953 159
47954 177
47955 166
47956 177
47957 161
47958 108
47959 134
47960 155
47961 12
47962 129
47963 34
47964 99
47965 161
47966 66
47967 161
47968 66
47969 96
47970 96
47971 129
47972 99
47973 208
47974 40
47975 161
47976 96
47977 159
47978 34
47979 70
47980 166
47981 134
47982 69
47983 159
47984 159
47985 11
47986 143
47987 173
47988 158
47989 121
47990 176
47991 171
47992 192
47993 143
47994 121
47995 137
47996 121
47997 133
47998 171
47999 2
48000 82
48001 176
48002 211
48003 176
48004 208
48005 133
48006 129
48007 165
48008 136
48009 111
48010 164
48011 121
48012 158
48013 124
48014 190
48015 151
48016 69
48017 116
48018 158
48019 62
48020 151
48021 176
48022 21
48023 68
48024 116
48025 173
48026 82
48027 190
48028 69
48029 176
48030 211
48031 133
48032 136
48033 192
48034 165
48035 210
48036 176
48037 89
48038 89
48039 158
48040 173
48041 21
48042 21
48043 160
48044 2
48045 62
48046 164
48047 68
48048 62
48049 211
48050 22
48051 193
48052 108
48053 108
48054 129
48055 159
48056 129
48057 173
48058 194
48059 174
48060 136
48061 210
48062 208
48063 151
48064 160
48065 124
48066 109
48067 164
48068 174
48069 125
48070 143
48071 137
48072 194
48073 171
48074 133
48075 192
48076 193
48077 21
48078 125
48079 165
48080 111
48081 191
48082 194
48083 191
48084 136
48085 171
48086 208
48087 62
48088 492
48089 638
48090 635
48091 492
48092 30
48093 666
48094 684
48095 238
48096 674
48097 340
48098 253
48099 340
48100 529
48101 340
48102 684
48103 29
48104 638
48105 529
48106 238
48107 684
48108 624
48109 624
48110 666
48111 29
48112 674
48113 666
48114 238
48115 238
48116 253
48117 340
48118 529
48119 258
48120 635
48121 492
48122 486
48123 486
48124 838
48125 844
48126 838
48127 838
48128 839
48129 754
48130 844
48131 90
48132 90
48133 90
48134 90
48135 695
48136 695
48137 259
48138 689
48139 689
48140 71
48141 71
48142 794
48143 71
48144 331
48145 796
48146 365
48147 331
48148 407
48149 331
48150 331
48151 407
48152 410
48153 796
48154 695
48155 695
48156 365
48157 794
48158 750
48159 750
48160 750
48161 750
48162 750
48163 839
48164 839
48165 824
48166 837
48167 86
48168 839
48169 839
48170 841
48171 837
48172 86
48173 6
48174 824
48175 824
48176 824
48177 824
48178 236
48179 717
48180 717
48181 236
48182 236
48183 236
48184 239
48185 239
48186 411
48187 411
48188 717
48189 239
48190 585
48191 239
48192 346
48193 236
48194 367
48195 271
48196 345
48197 346
48198 272
48199 367
48200 271
48201 346
48202 346
48203 346
48204 345
48205 346
48206 272
48207 345
48208 367
48209 757
48210 274
48211 757
48212 236
48213 346
48214 236
48215 346
48216 346
48217 367
48218 346
48219 236
48220 274
48221 345
48222 795
48223 723
48224 715
48225 802
48226 859
48227 717
48228 802
48229 802
48230 795
48231 576
48232 802
48233 859
48234 715
48235 795
48236 802
48237 814
48238 795
48239 576
48240 795
48241 718
48242 346
48243 236
48244 367
48245 271
48246 345
48247 346
48248 272
48249 367
48250 271
48251 346
48252 345
48253 346
48254 272
48255 345
48256 367
48257 274
48258 236
48259 236
48260 346
48261 367
48262 346
48263 274
48264 345
48265 719
48266 719
48267 666
48268 666
48269 666
48270 822
48271 822
48272 499
48273 333
48274 492
48275 822
48276 719
48277 498
48278 509
48279 226
48280 228
48281 333
48282 827
48283 228
48284 827
48285 822
48286 450
48287 498
48288 333
48289 499
48290 831
48291 492
48292 498
48293 228
48294 450
48295 509
48296 717
48297 226
48298 717
48299 719
48300 241
48301 476
48302 518
48303 355
48304 355
48305 343
48306 240
48307 338
48308 481
48309 640
48310 330
48311 481
48312 618
48313 618
48314 498
48315 357
48316 240
48317 518
48318 592
48319 512
48320 639
48321 478
48322 639
48323 369
48324 357
48325 355
48326 476
48327 592
48328 330
48329 498
48330 620
48331 338
48332 640
48333 241
48334 592
48335 478
48336 499
48337 640
48338 330
48339 241
48340 343
48341 687
48342 609
48343 344
48344 474
48345 612
48346 534
48347 247
48348 336
48349 233
48350 656
48351 666
48352 515
48353 344
48354 515
48355 88
48356 612
48357 582
48358 299
48359 515
48360 289
48361 42
48362 289
48363 42
48364 336
48365 541
48366 609
48367 248
48368 412
48369 541
48370 474
48371 233
48372 412
48373 329
48374 474
48375 247
48376 42
48377 582
48378 299
48379 474
48380 480
48381 656
48382 329
48383 248
48384 534
48385 88
48386 412
48387 480
48388 609
48389 315
48390 687
48391 509
48392 541
48393 663
48394 663
48395 662
48396 666
48397 666
48398 662
48399 666
48400 666
48401 498
48402 822
48403 498
48404 672
48405 498
48406 436
48407 482
48408 498
48409 672
48410 822
48411 482
48412 436
48413 498
48414 649
48415 717
48416 822
48417 649
48418 717
48419 458
48420 458
48421 456
48422 59
48423 345
48424 297
48425 347
48426 347
48427 60
48428 345
48429 456
48430 299
48431 297
48432 299
48433 300
48434 59
48435 300
48436 642
48437 642
48438 642
48439 642
48440 109
48441 34
48442 109
48443 33
48444 201
48445 109
48446 254
48447 289
48448 200
48449 113
48450 200
48451 109
48452 254
48453 200
48454 34
48455 47
48456 221
48457 34
48458 34
48459 34
48460 295
48461 295
48462 47
48463 34
48464 364
48465 362
48466 221
48467 364
48468 160
48469 109
48470 156
48471 156
48472 160
48473 156
48474 196
48475 83
48476 83
48477 121
48478 121
48479 121
48480 172
48481 173
48482 172
48483 334
48484 334
48485 149
48486 152
48487 83
48488 149
48489 83
48490 334
48491 152
48492 196
48493 33
48494 306
48495 306
48496 29
48497 306
48498 311
48499 311
48500 306
48501 29
48502 29
48503 34
48504 38
48505 34
48506 36
48507 234
48508 494
48509 494
48510 339
48511 36
48512 27
48513 339
48514 260
48515 34
48516 260
48517 38
48518 38
48519 27
48520 794
48521 136
48522 136
48523 305
48524 306
48525 140
48526 22
48527 22
48528 224
48529 304
48530 248
48531 306
48532 348
48533 224
48534 248
48535 773
48536 304
48537 248
48538 304
48539 306
48540 773
48541 304
48542 218
48543 347
48544 218
48545 224
48546 705
48547 347
48548 348
48549 224
48550 705
48551 305
48552 348
48553 781
48554 304
48555 248
48556 705
48557 224
48558 218
48559 248
48560 248
48561 311
48562 311
48563 227
48564 248
48565 306
48566 252
48567 333
48568 248
48569 304
48570 304
48571 306
48572 304
48573 218
48574 347
48575 218
48576 227
48577 347
48578 347
48579 224
48580 252
48581 249
48582 304
48583 224
48584 218
48585 249
48586 248
48587 29
48588 73
48589 32
48590 290
48591 56
48592 132
48593 240
48594 73
48595 31
48596 65
48597 131
48598 56
48599 32
48600 35
48601 29
48602 149
48603 131
48604 150
48605 65
48606 290
48607 230
48608 290
48609 230
48610 230
48611 31
48612 149
48613 38
48614 38
48615 236
48616 27
48617 29
48618 38
48619 38
48620 27
48621 22
48622 19
48623 22
48624 190
48625 190
48626 190
48627 20
48628 19
48629 19
48630 659
48631 659
48632 108
48633 91
48634 111
48635 111
48636 90
48637 692
48638 108
48639 211
48640 111
48641 211
48642 345
48643 111
48644 111
48645 350
48646 111
48647 91
48648 345
48649 350
48650 693
48651 693
48652 108
48653 108
48654 108
48655 83
48656 159
48657 111
48658 111
48659 111
48660 157
48661 198
48662 64
48663 83
48664 64
48665 198
48666 157
48667 188
48668 198
48669 64
48670 171
48671 159
48672 157
48673 198
48674 188
48675 157
48676 159
48677 112
48678 171
48679 112
48680 157
48681 112
48682 188
48683 171
48684 165
48685 64
48686 165
48687 64
48688 70
48689 171
48690 159
48691 112
48692 198
48693 70
48694 158
48695 110
48696 111
48697 110
48698 110
48699 78
48700 78
48701 324
48702 324
48703 394
48704 324
48705 29
48706 118
48707 108
48708 232
48709 108
48710 232
48711 29
48712 794
48713 794
48714 432
48715 324
48716 792
48717 432
48718 792
48719 324
48720 792
48721 394
48722 394
48723 394
48724 432
48725 324
48726 792
48727 792
48728 334
48729 375
48730 375
48731 375
48732 375
48733 375
48734 375
48735 382
48736 382
48737 382
48738 504
48739 510
48740 504
48741 510
48742 255
48743 255
48744 440
48745 255
48746 409
48747 292
48748 409
48749 851
48750 246
48751 255
48752 292
48753 246
48754 851
48755 243
48756 292
48757 243
48758 255
48759 31
48760 34
48761 30
48762 46
48763 255
48764 255
48765 252
48766 233
48767 20
48768 233
48769 252
48770 397
48771 20
48772 327
48773 327
48774 232
48775 333
48776 324
48777 46
48778 256
48779 255
48780 256
48781 30
48782 232
48783 252
48784 333
48785 255
48786 324
48787 324
48788 232
48789 233
48790 233
48791 34
48792 327
48793 255
48794 31
48795 440
48796 499
48797 604
48798 268
48799 255
48800 604
48801 604
48802 268
48803 525
48804 330
48805 525
48806 330
48807 507
48808 507
48809 522
48810 522
48811 351
48812 367
48813 244
48814 371
48815 689
48816 363
48817 740
48818 738
48819 329
48820 241
48821 557
48822 351
48823 326
48824 383
48825 355
48826 325
48827 591
48828 747
48829 326
48830 738
48831 270
48832 244
48833 383
48834 689
48835 229
48836 270
48837 740
48838 241
48839 363
48840 747
48841 557
48842 591
48843 367
48844 351
48845 270
48846 355
48847 538
48848 538
48849 539
48850 844
48851 536
48852 590
48853 538
48854 844
48855 536
48856 844
48857 590
48858 538
48859 590
48860 538
48861 590
48862 579
48863 846
48864 590
48865 536
48866 538
48867 590
48868 579
48869 590
48870 590
48871 590
48872 590
48873 846
48874 538
48875 507
48876 538
48877 539
48878 846
48879 536
48880 507
48881 507
48882 846
48883 538
48884 76
48885 802
48886 610
48887 604
48888 604
48889 835
48890 802
48891 802
48892 835
48893 835
48894 835
48895 835
48896 624
48897 540
48898 474
48899 550
48900 550
48901 474
48902 624
48903 540
48904 610
48905 678
48906 604
48907 625
48908 590
48909 590
48910 604
48911 625
48912 678
48913 809
48914 604
48915 184
48916 184
48917 184
48918 183
48919 130
48920 102
48921 183
48922 183
48923 99
48924 121
48925 116
48926 183
48927 119
48928 102
48929 116
48930 183
48931 119
48932 43
48933 130
48934 184
48935 131
48936 43
48937 102
48938 184
48939 43
48940 184
48941 183
48942 130
48943 121
48944 116
48945 131
48946 74
48947 177
48948 133
48949 74
48950 132
48951 132
48952 132
48953 133
48954 132
48955 119
48956 119
48957 78
48958 184
48959 119
48960 177
48961 132
48962 186
48963 110
48964 169
48965 165
48966 43
48967 7
48968 143
48969 59
48970 59
48971 68
48972 64
48973 59
48974 165
48975 136
48976 110
48977 91
48978 121
48979 408
48980 143
48981 182
48982 168
48983 152
48984 188
48985 28
48986 136
48987 123
48988 116
48989 408
48990 179
48991 152
48992 121
48993 169
48994 119
48995 140
48996 188
48997 68
48998 91
48999 47
49000 152
49001 125
49002 114
49003 123
49004 179
49005 7
49006 116
49007 139
49008 174
49009 47
49010 7
49011 90
49012 140
49013 133
49014 143
49015 133
49016 119
49017 114
49018 408
49019 114
49020 184
49021 91
49022 133
49023 68
49024 43
49025 165
49026 139
49027 136
49028 114
49029 168
49030 123
49031 110
49032 152
49033 110
49034 66
49035 169
49036 169
49037 64
49038 66
49039 143
49040 139
49041 90
49042 125
49043 7
49044 165
49045 152
49046 744
49047 529
49048 744
49049 744
49050 744
49051 744
49052 529
49053 744
49054 529
49055 529
49056 335
49057 500
49058 362
49059 500
49060 335
49061 502
49062 368
49063 335
49064 362
49065 500
49066 335
49067 308
49068 308
49069 334
49070 334
49071 335
49072 335
49073 334
49074 335
49075 335
49076 334
49077 334
49078 335
49079 334
49080 500
49081 500
49082 353
49083 340
49084 340
49085 743
49086 355
49087 355
49088 362
49089 776
49090 353
49091 743
49092 776
49093 412
49094 353
49095 362
49096 385
49097 340
49098 776
49099 412
49100 743
49101 355
49102 340
49103 743
49104 355
49105 412
49106 412
49107 340
49108 713
49109 500
49110 845
49111 714
49112 500
49113 844
49114 463
49115 463
49116 845
49117 844
49118 713
49119 340
49120 743
49121 355
49122 335
49123 358
49124 335
49125 602
49126 743
49127 355
49128 602
49129 732
49130 353
49131 335
49132 743
49133 602
49134 412
49135 353
49136 358
49137 385
49138 340
49139 732
49140 412
49141 614
49142 355
49143 340
49144 743
49145 355
49146 412
49147 412
49148 340
49149 502
49150 346
49151 615
49152 344
49153 344
49154 346
49155 344
49156 368
49157 346
49158 368
49159 615
49160 615
49161 334
49162 335
49163 335
49164 334
49165 335
49166 335
49167 334
49168 334
49169 334
49170 334
49171 328
49172 706
49173 328
49174 608
49175 362
49176 666
49177 328
49178 749
49179 362
49180 706
49181 500
49182 500
49183 334
49184 335
49185 334
49186 335
49187 335
49188 334
49189 334
49190 334
49191 45
49192 46
49193 217
49194 46
49195 46
49196 45
49197 217
49198 282
49199 45
49200 217
49201 320
49202 106
49203 319
49204 61
49205 104
49206 106
49207 279
49208 313
49209 320
49210 61
49211 313
49212 412
49213 320
49214 106
49215 45
49216 412
49217 104
49218 104
49219 412
49220 398
49221 106
49222 319
49223 106
49224 186
49225 279
49226 186
49227 313
49228 319
49229 743
49230 743
49231 743
49232 700
49233 509
49234 530
49235 701
49236 530
49237 511
49238 699
49239 700
49240 217
49241 509
49242 282
49243 531
49244 531
49245 260
49246 539
49247 240
49248 260
49249 233
49250 539
49251 260
49252 329
49253 233
49254 329
49255 260
49256 329
49257 469
49258 240
49259 490
49260 490
49261 233
49262 531
49263 251
49264 543
49265 53
49266 53
49267 251
49268 542
49269 251
49270 251
49271 251
49272 543
49273 53
49274 53
49275 53
49276 251
49277 542
49278 17
49279 276
49280 22
49281 17
49282 22
49283 276
49284 11
49285 257
49286 135
49287 135
49288 9
49289 135
49290 257
49291 11
49292 11
49293 9
49294 17
49295 387
49296 97
49297 97
49298 22
49299 131
49300 240
49301 302
49302 223
49303 302
49304 16
49305 16
49306 240
49307 223
49308 302
49309 131
49310 131
49311 89
49312 39
49313 22
49314 36
49315 54
49316 244
49317 85
49318 252
49319 54
49320 1
49321 36
49322 464
49323 244
49324 464
49325 22
49326 1
49327 39
49328 252
49329 36
49330 319
49331 244
49332 252
49333 1
49334 1
49335 319
49336 247
49337 276
49338 247
49339 247
49340 544
49341 643
49342 544
49343 854
49344 643
49345 544
49346 544
49347 544
49348 548
49349 552
49350 552
49351 552
49352 544
49353 544
49354 544
49355 552
49356 643
49357 225
49358 636
49359 227
49360 642
49361 357
49362 352
49363 636
49364 636
49365 527
49366 352
49367 350
49368 818
49369 529
49370 642
49371 357
49372 227
49373 357
49374 225
49375 642
49376 529
49377 818
49378 527
49379 227
49380 357
49381 227
49382 642
49383 544
49384 544
49385 544
49386 552
49387 552
49388 544
49389 552
49390 544
49391 552
49392 727
49393 227
49394 828
49395 274
49396 854
49397 274
49398 726
49399 854
49400 227
49401 828
49402 726
49403 829
49404 726
49405 227
49406 313
49407 643
49408 300
49409 227
49410 225
49411 92
49412 227
49413 642
49414 92
49415 357
49416 372
49417 92
49418 642
49419 357
49420 225
49421 643
49422 372
49423 313
49424 357
49425 227
49426 342
49427 342
49428 342
49429 331
49430 223
49431 585
49432 293
49433 342
49434 585
49435 288
49436 518
49437 370
49438 342
49439 585
49440 331
49441 370
49442 288
49443 223
49444 288
49445 223
49446 223
49447 288
49448 370
49449 342
49450 518
49451 288
49452 223
49453 521
49454 585
49455 585
49456 293
49457 521
49458 331
49459 293
49460 394
49461 342
49462 394
49463 290
49464 223
49465 223
49466 585
49467 268
49468 585
49469 288
49470 529
49471 347
49472 347
49473 585
49474 344
49475 223
49476 288
49477 223
49478 223
49479 288
49480 342
49481 288
49482 223
49483 529
49484 529
49485 585
49486 585
49487 290
49488 529
49489 268
49490 525
49491 525
49492 241
49493 525
49494 241
49495 241
49496 241
49497 525
49498 526
49499 513
49500 525
49501 2
49502 244
49503 734
49504 453
49505 453
49506 516
49507 734
49508 516
49509 2
49510 2
49511 323
49512 695
49513 241
49514 241
49515 693
49516 323
49517 241
49518 693
49519 525
49520 471
49521 528
49522 525
49523 818
49524 818
49525 471
49526 818
49527 528
49528 840
49529 693
49530 858
49531 834
49532 834
49533 852
49534 858
49535 250
49536 693
49537 693
49538 852
49539 250
49540 693
49541 218
49542 248
49543 218
49544 248
49545 248
49546 218
49547 248
49548 196
49549 191
49550 199
49551 196
49552 4
49553 7
49554 191
49555 31
49556 31
49557 4
49558 7
49559 4
49560 4
49561 78
49562 163
49563 196
49564 191
49565 162
49566 163
49567 163
49568 197
49569 197
49570 78
49571 204
49572 163
49573 175
49574 163
49575 163
49576 78
49577 204
49578 191
49579 162
49580 191
49581 191
49582 191
49583 163
49584 371
49585 371
49586 163
49587 371
49588 80
49589 80
49590 71
49591 71
49592 195
49593 163
49594 196
49595 191
49596 163
49597 191
49598 163
49599 196
49600 163
49601 163
49602 195
49603 702
49604 702
49605 702
49606 692
49607 702
49608 692
49609 743
49610 744
49611 153
49612 743
49613 187
49614 750
49615 380
49616 227
49617 702
49618 749
49619 596
49620 397
49621 597
49622 397
49623 852
49624 750
49625 743
49626 398
49627 702
49628 376
49629 842
49630 692
49631 853
49632 743
49633 753
49634 187
49635 743
49636 744
49637 227
49638 749
49639 853
49640 692
49641 754
49642 744
49643 380
49644 227
49645 749
49646 754
49647 852
49648 743
49649 398
49650 227
49651 842
49652 753
49653 754
49654 692
49655 694
49656 754
49657 749
49658 842
49659 744
49660 153
49661 744
49662 743
49663 743
49664 749
49665 398
49666 750
49667 376
49668 597
49669 169
49670 380
49671 678
49672 509
49673 678
49674 498
49675 498
49676 764
49677 678
49678 676
49679 692
49680 678
49681 764
49682 764
49683 676
49684 676
49685 676
49686 443
49687 509
49688 602
49689 607
49690 443
49691 502
49692 502
49693 602
49694 701
49695 502
49696 452
49697 602
49698 678
49699 452
49700 512
49701 602
49702 602
49703 452
49704 701
49705 607
49706 602
49707 607
49708 502
49709 607
49710 602
49711 695
49712 502
49713 502
49714 501
49715 602
49716 678
49717 695
49718 678
49719 602
49720 602
49721 501
49722 607
49723 72
49724 252
49725 742
49726 105
49727 243
49728 89
49729 89
49730 436
49731 89
49732 89
49733 72
49734 72
49735 740
49736 252
49737 498
49738 498
49739 436
49740 740
49741 498
49742 281
49743 275
49744 278
49745 73
49746 54
49747 73
49748 73
49749 29
49750 278
49751 73
49752 275
49753 54
49754 281
49755 281
49756 281
49757 264
49758 264
49759 275
49760 300
49761 300
49762 689
49763 300
49764 648
49765 278
49766 350
49767 747
49768 350
49769 300
49770 278
49771 237
49772 300
49773 648
49774 359
49775 547
49776 747
49777 350
49778 238
49779 362
49780 547
49781 359
49782 237
49783 238
49784 350
49785 689
49786 362
49787 747
49788 359
49789 574
49790 237
49791 359
49792 574
49793 648
49794 73
49795 74
49796 235
49797 136
49798 70
49799 235
49800 235
49801 135
49802 466
49803 73
49804 137
49805 74
49806 303
49807 235
49808 73
49809 74
49810 466
49811 70
49812 303
49813 303
49814 143
49815 186
49816 193
49817 0
49818 0
49819 145
49820 145
49821 131
49822 143
49823 0
49824 186
49825 184
49826 184
49827 131
49828 54
49829 193
49830 145
49831 131
49832 131
49833 148
49834 63
49835 186
49836 300
49837 186
49838 143
49839 132
49840 193
49841 145
49842 63
49843 0
49844 589
49845 73
49846 377
49847 344
49848 376
49849 778
49850 778
49851 71
49852 71
49853 843
49854 340
49855 74
49856 589
49857 376
49858 340
49859 340
49860 589
49861 778
49862 377
49863 74
49864 109
49865 458
49866 108
49867 35
49868 331
49869 359
49870 109
49871 253
49872 187
49873 423
49874 30
49875 253
49876 823
49877 30
49878 253
49879 331
49880 187
49881 357
49882 424
49883 359
49884 42
49885 331
49886 423
49887 457
49888 29
49889 423
49890 457
49891 362
49892 30
49893 222
49894 253
49895 359
49896 354
49897 222
49898 29
49899 362
49900 458
49901 823
49902 35
49903 300
49904 227
49905 689
49906 350
49907 648
49908 333
49909 350
49910 333
49911 300
49912 278
49913 227
49914 648
49915 359
49916 674
49917 227
49918 362
49919 697
49920 359
49921 350
49922 689
49923 362
49924 665
49925 330
49926 665
49927 227
49928 359
49929 235
49930 73
49931 74
49932 65
49933 86
49934 235
49935 73
49936 65
49937 235
49938 73
49939 74
49940 86
49941 86
49942 286
49943 275
49944 275
49945 286
49946 285
49947 54
49948 0
49949 59
49950 0
49951 0
49952 59
49953 0
49954 0
49955 281
49956 281
49957 376
49958 375
49959 760
49960 375
49961 760
49962 348
49963 376
49964 348
49965 760
49966 760
49967 760
49968 314
49969 225
49970 374
49971 842
49972 514
49973 83
49974 290
49975 46
49976 111
49977 46
49978 121
49979 589
49980 293
49981 854
49982 111
49983 83
49984 65
49985 47
49986 514
49987 785
49988 225
49989 385
49990 300
49991 97
49992 361
49993 291
49994 121
49995 156
49996 102
49997 356
49998 640
49999 54
50000 374
50001 679
50002 545
50003 263
50004 24
50005 201
50006 93
50007 49
50008 375
50009 374
50010 102
50011 840
50012 117
50013 294
50014 156
50015 475
50016 117
50017 356
50018 389
50019 201
50020 352
50021 110
50022 159
50023 98
50024 102
50025 381
50026 17
50027 567
50028 92
50029 709
50030 495
50031 437
50032 1
50033 849
50034 661
50035 361
50036 339
50037 245
50038 225
50039 356
50040 679
50041 621
50042 374
50043 495
50044 204
50045 93
50046 291
50047 495
50048 66
50049 225
50050 226
50051 246
50052 245
50053 802
50054 17
50055 263
50056 42
50057 24
50058 545
50059 1
50060 300
50061 476
50062 17
50063 621
50064 709
50065 567
50066 644
50067 98
50068 437
50069 93
50070 373
50071 300
50072 660
50073 245
50074 389
50075 54
50076 225
50077 204
50078 475
50079 381
50080 110
50081 49
50082 495
50083 92
50084 211
50085 842
50086 640
50087 356
50088 852
50089 263
50090 49
50091 83
50092 155
50093 514
50094 202
50095 356
50096 661
50097 361
50098 476
50099 155
50100 644
50101 352
50102 385
50103 313
50104 263
50105 86
50106 375
50107 65
50108 361
50109 52
50110 801
50111 201
50112 300
50113 476
50114 374
50115 679
50116 47
50117 801
50118 806
50119 86
50120 621
50121 801
50122 42
50123 589
50124 374
50125 373
50126 294
50127 155
50128 246
50129 207
50130 375
50131 854
50132 24
50133 740
50134 644
50135 246
50136 389
50137 108
50138 425
50139 294
50140 740
50141 244
50142 374
50143 681
50144 854
50145 621
50146 300
50147 98
50148 313
50149 246
50150 127
50151 52
50152 246
50153 24
50154 356
50155 476
50156 117
50157 589
50158 854
50159 65
50160 127
50161 108
50162 660
50163 226
50164 201
50165 374
50166 293
50167 740
50168 211
50169 644
50170 375
50171 46
50172 1
50173 314
50174 840
50175 514
50176 268
50177 211
50178 344
50179 46
50180 852
50181 437
50182 47
50183 268
50184 339
50185 361
50186 425
50187 155
50188 159
50189 93
50190 668
50191 854
50192 854
50193 668
50194 854
50195 758
50196 670
50197 758
50198 760
50199 668
50200 668
50201 668
50202 670
50203 818
50204 500
50205 818
50206 500
50207 813
50208 632
50209 588
50210 632
50211 486
50212 639
50213 639
50214 498
50215 500
50216 632
50217 486
50218 588
50219 498
50220 633
50221 739
50222 818
50223 739
50224 739
50225 829
50226 500
50227 794
50228 553
50229 553
50230 794
50231 649
50232 553
50233 705
50234 553
50235 369
50236 769
50237 475
50238 369
50239 466
50240 769
50241 369
50242 466
50243 769
50244 369
50245 794
50246 369
50247 475
50248 769
50249 475
50250 625
50251 621
50252 643
50253 552
50254 553
50255 552
50256 621
50257 668
50258 668
50259 668
50260 782
50261 655
50262 585
50263 475
50264 655
50265 475
50266 781
50267 781
50268 794
50269 475
50270 585
50271 655
50272 585
50273 369
50274 475
50275 369
50276 655
50277 369
50278 655
50279 475
50280 369
50281 649
50282 369
50283 475
50284 475
50285 705
50286 576
50287 576
50288 576
50289 576
50290 713
50291 683
50292 713
50293 688
50294 683
50295 576
50296 178
50297 178
50298 178
50299 176
50300 178
50301 178
50302 178
50303 178
50304 178
50305 178
50306 170
50307 170
50308 178
50309 205
50310 145
50311 205
50312 62
50313 115
50314 189
50315 184
50316 123
50317 90
50318 123
50319 213
50320 78
50321 201
50322 145
50323 164
50324 98
50325 176
50326 121
50327 78
50328 123
50329 194
50330 164
50331 208
50332 176
50333 147
50334 201
50335 206
50336 189
50337 121
50338 144
50339 97
50340 194
50341 147
50342 162
50343 121
50344 121
50345 97
50346 62
50347 144
50348 121
50349 147
50350 174
50351 162
50352 138
50353 206
50354 121
50355 115
50356 184
50357 144
50358 213
50359 138
50360 176
50361 145
50362 164
50363 147
50364 178
50365 178
50366 178
50367 178
50368 101
50369 101
50370 101
50371 101
50372 101
50373 308
50374 101
50375 280
50376 751
50377 101
50378 101
50379 407
50380 717
50381 705
50382 514
50383 751
50384 407
50385 514
50386 511
50387 4
50388 2
50389 751
50390 705
50391 280
50392 514
50393 407
50394 283
50395 407
50396 514
50397 511
50398 705
50399 308
50400 98
50401 96
50402 96
50403 96
50404 96
50405 96
50406 725
50407 725
50408 183
50409 179
50410 130
50411 162
50412 183
50413 121
50414 116
50415 183
50416 163
50417 163
50418 131
50419 121
50420 162
50421 130
50422 121
50423 116
50424 131
50425 127
50426 121
50427 126
50428 121
50429 121
50430 119
50431 150
50432 121
50433 127
50434 127
50435 179
50436 126
50437 150
50438 119
50439 150
50440 119
50441 131
50442 552
50443 780
50444 552
50445 552
50446 44
50447 305
50448 317
50449 485
50450 485
50451 40
50452 520
50453 780
50454 658
50455 655
50456 848
50457 521
50458 35
50459 658
50460 848
50461 244
50462 655
50463 485
50464 305
50465 520
50466 317
50467 254
50468 238
50469 520
50470 368
50471 407
50472 386
50473 44
50474 238
50475 238
50476 305
50477 305
50478 254
50479 407
50480 35
50481 244
50482 24
50483 485
50484 386
50485 658
50486 24
50487 560
50488 624
50489 560
50490 521
50491 624
50492 485
50493 521
50494 550
50495 520
50496 632
50497 443
50498 550
50499 457
50500 560
50501 440
50502 443
50503 552
50504 440
50505 457
50506 589
50507 589
50508 552
50509 589
50510 565
50511 565
50512 589
50513 96
50514 96
50515 83
50516 96
50517 96
50518 96
50519 97
50520 97
50521 83
50522 160
50523 57
50524 57
50525 57
50526 57
50527 134
50528 159
50529 126
50530 160
50531 134
50532 55
50533 57
50534 55
50535 16
50536 16
50537 57
50538 74
50539 29
50540 74
50541 74
50542 55
50543 16
50544 57
50545 29
50546 74
50547 39
50548 128
50549 88
50550 277
50551 265
50552 318
50553 38
50554 277
50555 128
50556 265
50557 130
50558 158
50559 133
50560 130
50561 142
50562 39
50563 87
50564 142
50565 27
50566 57
50567 85
50568 27
50569 87
50570 142
50571 318
50572 27
50573 65
50574 39
50575 38
50576 65
50577 321
50578 158
50579 318
50580 54
50581 304
50582 88
50583 88
50584 39
50585 128
50586 38
50587 277
50588 265
50589 158
50590 39
50591 279
50592 57
50593 359
50594 330
50595 359
50596 377
50597 377
50598 330
50599 377
50600 55
50601 41
50602 55
50603 29
50604 57
50605 57
50606 29
50607 29
50608 55
50609 32
50610 57
50611 29
50612 55
50613 70
50614 275
50615 54
50616 70
50617 54
50618 54
50619 70
50620 275
50621 87
50622 70
50623 98
50624 98
50625 98
50626 70
50627 27
50628 27
50629 27
50630 87
50631 27
50632 275
50633 261
50634 286
50635 85
50636 54
50637 85
50638 289
50639 200
50640 286
50641 303
50642 311
50643 54
50644 317
50645 317
50646 200
50647 261
50648 200
50649 289
50650 55
50651 311
50652 55
50653 54
50654 286
50655 85
50656 286
50657 78
50658 78
50659 78
50660 72
50661 68
50662 15
50663 70
50664 72
50665 68
50666 15
50667 20
50668 15
50669 72
50670 70
50671 78
50672 371
50673 20
50674 20
50675 20
50676 72
50677 371
50678 78
50679 95
50680 95
50681 66
50682 54
50683 603
50684 227
50685 281
50686 177
50687 301
50688 395
50689 54
50690 218
50691 93
50692 529
50693 296
50694 247
50695 93
50696 222
50697 16
50698 334
50699 54
50700 45
50701 247
50702 239
50703 237
50704 234
50705 495
50706 88
50707 288
50708 16
50709 260
50710 334
50711 280
50712 29
50713 275
50714 603
50715 536
50716 227
50717 498
50718 218
50719 50
50720 220
50721 222
50722 50
50723 220
50724 495
50725 288
50726 29
50727 498
50728 245
50729 39
50730 334
50731 372
50732 237
50733 247
50734 625
50735 73
50736 245
50737 261
50738 296
50739 237
50740 128
50741 50
50742 117
50743 88
50744 603
50745 222
50746 128
50747 301
50748 234
50749 16
50750 260
50751 395
50752 319
50753 88
50754 377
50755 319
50756 288
50757 268
50758 329
50759 14
50760 281
50761 377
50762 245
50763 247
50764 268
50765 529
50766 261
50767 247
50768 268
50769 427
50770 72
50771 296
50772 427
50773 603
50774 39
50775 292
50776 45
50777 93
50778 41
50779 625
50780 91
50781 245
50782 88
50783 177
50784 373
50785 247
50786 73
50787 279
50788 372
50789 281
50790 117
50791 46
50792 529
50793 289
50794 275
50795 301
50796 301
50797 427
50798 529
50799 279
50800 93
50801 70
50802 70
50803 15
50804 15
50805 15
50806 16
50807 17
50808 15
50809 275
50810 291
50811 298
50812 297
50813 275
50814 298
50815 312
50816 312
50817 253
50818 312
50819 313
50820 292
50821 312
50822 295
50823 295
50824 403
50825 292
50826 403
50827 312
50828 402
50829 403
50830 295
50831 402
50832 402
50833 292
50834 84
50835 20
50836 36
50837 65
50838 126
50839 82
50840 301
50841 78
50842 82
50843 70
50844 98
50845 65
50846 169
50847 17
50848 269
50849 5
50850 100
50851 8
50852 84
50853 294
50854 301
50855 43
50856 341
50857 8
50858 21
50859 71
50860 70
50861 126
50862 70
50863 105
50864 302
50865 20
50866 265
50867 312
50868 17
50869 37
50870 29
50871 24
50872 25
50873 276
50874 88
50875 276
50876 8
50877 98
50878 71
50879 100
50880 43
50881 31
50882 83
50883 130
50884 99
50885 20
50886 84
50887 299
50888 5
50889 78
50890 341
50891 20
50892 17
50893 169
50894 340
50895 382
50896 302
50897 99
50898 382
50899 33
50900 17
50901 342
50902 88
50903 31
50904 57
50905 294
50906 76
50907 382
50908 265
50909 65
50910 44
50911 341
50912 276
50913 320
50914 301
50915 82
50916 100
50917 169
50918 33
50919 299
50920 51
50921 78
50922 5
50923 36
50924 8
50925 245
50926 57
50927 342
50928 130
50929 76
50930 29
50931 98
50932 71
50933 80
50934 31
50935 89
50936 21
50937 5
50938 78
50939 276
50940 269
50941 76
50942 57
50943 89
50944 341
50945 245
50946 44
50947 43
50948 105
50949 320
50950 294
50951 29
50952 98
50953 51
50954 21
50955 245
50956 130
50957 382
50958 77
50959 25
50960 372
50961 792
50962 372
50963 376
50964 372
50965 792
50966 611
50967 613
50968 253
50969 243
50970 372
50971 376
50972 611
50973 792
50974 403
50975 295
50976 295
50977 292
50978 403
50979 312
50980 403
50981 403
50982 292
50983 313
50984 313
50985 724
50986 262
50987 724
50988 719
50989 712
50990 724
50991 724
50992 724
50993 728
50994 719
50995 579
50996 580
50997 825
50998 579
50999 825
51000 0
51001 3
51002 3
51003 0
51004 0
51005 0
51006 66
51007 66
51008 1
51009 218
51010 218
51011 218
51012 218
51013 218
51014 1
51015 219
51016 66
51017 235
51018 72
51019 11
51020 42
51021 95
51022 298
51023 235
51024 37
51025 11
51026 298
51027 42
51028 235
51029 11
51030 298
51031 298
51032 37
51033 234
51034 234
51035 298
51036 72
51037 37
51038 95
51039 72
51040 126
51041 135
51042 68
51043 68
51044 68
51045 129
51046 126
51047 129
51048 126
51049 6
51050 68
51051 135
51052 126
51053 77
51054 129
51055 3
51056 77
51057 126
51058 6
51059 27
51060 27
51061 27
51062 27
51063 75
51064 1
51065 78
51066 27
51067 75
51068 0
51069 1
51070 218
51071 218
51072 218
51073 218
51074 1
51075 219
51076 175
51077 162
51078 175
51079 162
51080 83
51081 84
51082 84
51083 83
51084 85
51085 85
51086 83
51087 162
51088 162
51089 83
51090 83
51091 85
51092 170
51093 84
51094 85
51095 83
51096 85
51097 162
51098 170
51099 162
51100 195
51101 116
51102 175
51103 116
51104 204
51105 175
51106 211
51107 190
51108 145
51109 183
51110 204
51111 207
51112 213
51113 213
51114 204
51115 143
51116 183
51117 145
51118 213
51119 204
51120 145
51121 195
51122 115
51123 190
51124 143
51125 176
51126 211
51127 175
51128 183
51129 183
51130 207
51131 176
51132 143
51133 213
51134 115
51135 190
51136 116
51137 113
51138 211
51139 83
51140 84
51141 84
51142 83
51143 85
51144 162
51145 83
51146 162
51147 162
51148 83
51149 83
51150 85
51151 89
51152 85
51153 83
51154 85
51155 162
51156 162
51157 644
51158 632
51159 644
51160 632
51161 632
51162 643
51163 643
51164 643
51165 644
51166 194
51167 173
51168 194
51169 194
51170 158
51171 122
51172 68
51173 15
51174 68
51175 158
51176 122
51177 194
51178 158
51179 192
51180 45
51181 45
51182 194
51183 194
51184 45
51185 158
51186 192
51187 194
51188 15
51189 15
51190 68
51191 15
51192 158
51193 194
51194 122
51195 23
51196 173
51197 173
51198 173
51199 173
51200 156
51201 159
51202 201
51203 133
51204 61
51205 26
51206 61
51207 61
51208 133
51209 152
51210 197
51211 156
51212 152
51213 151
51214 186
51215 2
51216 61
51217 40
51218 33
51219 40
51220 201
51221 57
51222 159
51223 194
51224 15
51225 40
51226 151
51227 61
51228 33
51229 133
51230 7
51231 183
51232 2
51233 183
51234 57
51235 1
51236 159
51237 134
51238 1
51239 7
51240 152
51241 156
51242 186
51243 15
51244 64
51245 77
51246 123
51247 123
51248 77
51249 193
51250 5
51251 192
51252 123
51253 115
51254 115
51255 192
51256 5
51257 112
51258 192
51259 77
51260 77
51261 113
51262 5
51263 112
51264 113
51265 238
51266 238
51267 238
51268 238
51269 238
51270 238
51271 276
51272 276
51273 238
51274 460
51275 460
51276 460
51277 460
51278 557
51279 628
51280 557
51281 460
51282 628
51283 460
51284 595
51285 594
51286 595
51287 765
51288 500
51289 595
51290 372
51291 389
51292 378
51293 372
51294 595
51295 378
51296 372
51297 765
51298 500
51299 500
51300 595
51301 643
51302 594
51303 595
51304 710
51305 589
51306 589
51307 589
51308 683
51309 502
51310 502
51311 502
51312 683
51313 765
51314 674
51315 766
51316 710
51317 765
51318 674
51319 500
51320 500
51321 543
51322 543
51323 500
51324 745
51325 595
51326 595
51327 745
51328 745
51329 417
51330 245
51331 118
51332 7
51333 235
51334 650
51335 245
51336 335
51337 393
51338 415
51339 30
51340 362
51341 16
51342 262
51343 235
51344 854
51345 658
51346 747
51347 411
51348 26
51349 372
51350 232
51351 262
51352 412
51353 327
51354 169
51355 254
51356 415
51357 390
51358 334
51359 358
51360 747
51361 327
51362 390
51363 416
51364 30
51365 630
51366 118
51367 412
51368 445
51369 650
51370 417
51371 118
51372 355
51373 372
51374 747
51375 232
51376 358
51377 235
51378 548
51379 390
51380 440
51381 392
51382 355
51383 44
51384 765
51385 243
51386 657
51387 548
51388 411
51389 16
51390 859
51391 427
51392 169
51393 261
51394 544
51395 334
51396 427
51397 334
51398 415
51399 853
51400 170
51401 854
51402 335
51403 30
51404 411
51405 747
51406 548
51407 390
51408 411
51409 603
51410 327
51411 416
51412 261
51413 364
51414 245
51415 392
51416 44
51417 630
51418 327
51419 427
51420 243
51421 859
51422 362
51423 44
51424 170
51425 390
51426 544
51427 362
51428 657
51429 411
51430 362
51431 765
51432 364
51433 412
51434 440
51435 483
51436 765
51437 335
51438 415
51439 372
51440 411
51441 555
51442 403
51443 409
51444 544
51445 427
51446 555
51447 544
51448 451
51449 390
51450 427
51451 545
51452 389
51453 420
51454 451
51455 420
51456 555
51457 451
51458 574
51459 409
51460 403
51461 574
51462 420
51463 544
51464 555
51465 390
51466 220
51467 378
51468 220
51469 222
51470 768
51471 765
51472 768
51473 220
51474 405
51475 376
51476 94
51477 376
51478 74
51479 407
51480 407
51481 94
51482 74
51483 407
51484 372
51485 405
51486 405
51487 376
51488 94
51489 584
51490 598
51491 819
51492 680
51493 760
51494 760
51495 680
51496 598
51497 812
51498 680
51499 680
51500 588
51501 812
51502 819
51503 584
51504 378
51505 664
51506 362
51507 371
51508 371
51509 765
51510 506
51511 329
51512 329
51513 765
51514 362
51515 766
51516 674
51517 664
51518 765
51519 674
51520 376
51521 372
51522 376
51523 376
51524 765
51525 500
51526 500
51527 500
51528 248
51529 314
51530 314
51531 314
51532 311
51533 248
51534 248
51535 235
51536 707
51537 96
51538 713
51539 248
51540 707
51541 235
51542 707
51543 248
51544 248
51545 96
51546 235
51547 248
51548 248
51549 248
51550 248
51551 248
51552 311
51553 248
51554 248
51555 248
51556 248
51557 301
51558 220
51559 301
51560 316
51561 316
51562 220
51563 220
51564 301
51565 301
51566 302
51567 302
51568 218
51569 219
51570 216
51571 263
51572 263
51573 218
51574 216
51575 216
51576 220
51577 326
51578 320
51579 316
51580 320
51581 326
51582 393
51583 393
51584 403
51585 403
51586 316
51587 245
51588 104
51589 104
51590 104
51591 245
51592 104
51593 104
51594 104
51595 216
51596 216
51597 220
51598 37
51599 746
51600 729
51601 19
51602 19
51603 74
51604 729
51605 414
51606 501
51607 501
51608 746
51609 735
51610 729
51611 506
51612 729
51613 506
51614 729
51615 20
51616 19
51617 671
51618 607
51619 416
51620 607
51621 481
51622 416
51623 607
51624 71
51625 785
51626 74
51627 746
51628 74
51629 671
51630 450
51631 785
51632 326
51633 608
51634 450
51635 71
51636 506
51637 333
51638 800
51639 326
51640 151
51641 671
51642 505
51643 416
51644 71
51645 326
51646 506
51647 505
51648 608
51649 671
51650 505
51651 746
51652 333
51653 800
51654 800
51655 481
51656 151
51657 617
51658 671
51659 74
51660 800
51661 74
51662 506
51663 729
51664 729
51665 505
51666 680
51667 720
51668 505
51669 720
51670 680
51671 506
51672 505
51673 815
51674 447
51675 506
51676 506
51677 506
51678 447
51679 815
51680 506
51681 447
51682 506
51683 495
51684 815
51685 496
51686 770
51687 619
51688 495
51689 506
51690 505
51691 815
51692 619
51693 437
51694 437
51695 506
51696 437
51697 770
51698 678
51699 680
51700 505
51701 506
51702 437
51703 815
51704 678
51705 506
51706 619
51707 770
51708 505
51709 437
51710 506
51711 680
51712 602
51713 605
51714 711
51715 720
51716 720
51717 711
51718 605
51719 680
51720 720
51721 605
51722 602
51723 720
51724 607
51725 506
51726 607
51727 505
51728 513
51729 506
51730 513
51731 720
51732 506
51733 506
51734 720
51735 505
51736 505
51737 505
51738 622
51739 619
51740 680
51741 506
51742 505
51743 505
51744 680
51745 821
51746 437
51747 506
51748 770
51749 681
51750 505
51751 506
51752 437
51753 821
51754 622
51755 506
51756 619
51757 770
51758 505
51759 437
51760 506
51761 786
51762 786
51763 786
51764 347
51765 345
51766 347
51767 369
51768 406
51769 345
51770 345
51771 775
51772 369
51773 423
51774 347
51775 467
51776 423
51777 466
51778 406
51779 423
51780 406
51781 347
51782 369
51783 411
51784 786
51785 775
51786 347
51787 347
51788 593
51789 347
51790 786
51791 786
51792 606
51793 603
51794 45
51795 226
51796 45
51797 327
51798 45
51799 249
51800 249
51801 327
51802 226
51803 643
51804 332
51805 227
51806 249
51807 48
51808 249
51809 606
51810 227
51811 226
51812 327
51813 226
51814 48
51815 249
51816 533
51817 533
51818 533
51819 533
51820 603
51821 726
51822 621
51823 621
51824 727
51825 726
51826 726
51827 254
51828 254
51829 58
51830 238
51831 846
51832 337
51833 343
51834 44
51835 458
51836 710
51837 708
51838 841
51839 58
51840 458
51841 710
51842 846
51843 337
51844 337
51845 44
51846 96
51847 233
51848 238
51849 708
51850 621
51851 841
51852 621
51853 458
51854 343
51855 254
51856 720
51857 623
51858 726
51859 726
51860 643
51861 643
51862 623
51863 726
51864 552
51865 727
51866 727
51867 726
51868 726
51869 690
51870 801
51871 820
51872 820
51873 801
51874 690
51875 694
51876 817
51877 663
51878 663
51879 690
51880 819
51881 827
51882 781
51883 781
51884 517
51885 517
51886 781
51887 781
51888 690
51889 598
51890 801
51891 819
51892 819
51893 690
51894 690
51895 598
51896 827
51897 832
51898 77
51899 820
51900 542
51901 634
51902 77
51903 628
51904 542
51905 820
51906 701
51907 820
51908 701
51909 801
51910 517
51911 689
51912 710
51913 519
51914 846
51915 689
51916 817
51917 817
51918 846
51919 817
51920 690
51921 710
51922 710
51923 519
51924 687
51925 677
51926 694
51927 677
51928 224
51929 218
51930 218
51931 224
51932 224
51933 288
51934 225
51935 288
51936 225
51937 224
51938 224
51939 414
51940 483
51941 338
51942 338
51943 336
51944 354
51945 483
51946 218
51947 218
51948 483
51949 336
51950 336
51951 483
51952 218
51953 454
51954 513
51955 513
51956 361
51957 361
51958 516
51959 217
51960 247
51961 247
51962 361
51963 247
51964 247
51965 454
51966 363
51967 363
51968 224
51969 351
51970 217
51971 363
51972 654
51973 217
51974 654
51975 654
51976 224
51977 224
51978 219
51979 236
51980 219
51981 238
51982 30
51983 238
51984 219
51985 19
51986 311
51987 30
51988 16
51989 219
51990 20
51991 30
51992 219
51993 219
51994 16
51995 311
51996 311
51997 19
51998 236
51999 10
52000 10
52001 239
52002 10
52003 10
52004 237
52005 239
52006 31
52007 31
52008 36
52009 237
52010 31
52011 31
52012 30
52013 30
52014 238
52015 238
52016 219
52017 293
52018 219
52019 277
52020 293
52021 277
52022 649
52023 228
52024 676
52025 228
52026 676
52027 228
52028 228
52029 706
52030 649
52031 690
52032 706
52033 676
52034 676
52035 676
52036 676
52037 676
52038 711
52039 711
52040 506
52041 712
52042 504
52043 504
52044 506
52045 676
52046 676
52047 506
52048 238
52049 676
52050 676
52051 676
52052 676
52053 711
52054 506
52055 712
52056 506
52057 711
52058 506
52059 250
52060 250
52061 77
52062 77
52063 17
52064 259
52065 300
52066 300
52067 17
52068 17
52069 17
52070 20
52071 17
52072 20
52073 16
52074 16
52075 363
52076 259
52077 259
52078 300
52079 254
52080 523
52081 309
52082 327
52083 373
52084 523
52085 622
52086 450
52087 300
52088 449
52089 326
52090 248
52091 254
52092 373
52093 300
52094 327
52095 326
52096 523
52097 327
52098 450
52099 627
52100 449
52101 622
52102 17
52103 34
52104 17
52105 20
52106 34
52107 34
52108 30
52109 328
52110 296
52111 402
52112 249
52113 254
52114 231
52115 254
52116 367
52117 475
52118 627
52119 394
52120 274
52121 226
52122 223
52123 482
52124 774
52125 320
52126 264
52127 637
52128 272
52129 30
52130 309
52131 249
52132 605
52133 480
52134 254
52135 52
52136 17
52137 498
52138 336
52139 367
52140 581
52141 308
52142 262
52143 33
52144 320
52145 584
52146 598
52147 397
52148 231
52149 275
52150 397
52151 828
52152 0
52153 324
52154 358
52155 849
52156 482
52157 73
52158 394
52159 308
52160 21
52161 828
52162 444
52163 299
52164 397
52165 410
52166 350
52167 318
52168 358
52169 328
52170 776
52171 112
52172 301
52173 344
52174 266
52175 605
52176 222
52177 849
52178 329
52179 262
52180 309
52181 336
52182 249
52183 89
52184 381
52185 89
52186 539
52187 326
52188 216
52189 0
52190 538
52191 249
52192 249
52193 89
52194 112
52195 253
52196 299
52197 149
52198 262
52199 636
52200 541
52201 540
52202 216
52203 710
52204 462
52205 410
52206 498
52207 397
52208 30
52209 222
52210 249
52211 409
52212 350
52213 463
52214 605
52215 249
52216 286
52217 584
52218 512
52219 402
52220 286
52221 495
52222 350
52223 331
52224 341
52225 598
52226 326
52227 30
52228 463
52229 462
52230 336
52231 538
52232 253
52233 52
52234 324
52235 341
52236 231
52237 539
52238 498
52239 506
52240 274
52241 636
52242 409
52243 475
52244 255
52245 357
52246 350
52247 600
52248 253
52249 444
52250 112
52251 89
52252 394
52253 605
52254 73
52255 598
52256 301
52257 506
52258 495
52259 461
52260 331
52261 228
52262 409
52263 344
52264 350
52265 1
52266 266
52267 637
52268 539
52269 223
52270 774
52271 261
52272 625
52273 301
52274 463
52275 461
52276 52
52277 324
52278 286
52279 228
52280 253
52281 33
52282 331
52283 350
52284 329
52285 776
52286 625
52287 357
52288 226
52289 318
52290 299
52291 301
52292 296
52293 261
52294 112
52295 462
52296 275
52297 357
52298 231
52299 506
52300 367
52301 444
52302 598
52303 272
52304 74
52305 264
52306 367
52307 367
52308 600
52309 264
52310 275
52311 275
52312 776
52313 336
52314 89
52315 149
52316 540
52317 480
52318 329
52319 444
52320 73
52321 31
52322 31
52323 31
52324 30
52325 72
52326 72
52327 73
52328 73
52329 73
52330 73
52331 73
52332 138
52333 118
52334 90
52335 118
52336 31
52337 73
52338 31
52339 16
52340 15
52341 73
52342 15
52343 118
52344 119
52345 129
52346 90
52347 16
52348 201
52349 31
52350 129
52351 70
52352 74
52353 138
52354 31
52355 202
52356 90
52357 132
52358 201
52359 119
52360 201
52361 73
52362 202
52363 70
52364 26
52365 30
52366 8
52367 29
52368 24
52369 37
52370 29
52371 40
52372 8
52373 40
52374 24
52375 24
52376 72
52377 70
52378 70
52379 72
52380 72
52381 73
52382 73
52383 222
52384 222
52385 222
52386 41
52387 270
52388 270
52389 84
52390 270
52391 84
52392 84
52393 222
52394 222
52395 270
52396 222
52397 41
52398 43
52399 270
52400 43
52401 41
52402 41
52403 43
52404 222
52405 222
52406 41
52407 270
52408 270
52409 84
52410 84
52411 222
52412 222
52413 270
52414 222
52415 41
52416 43
52417 270
52418 43
52419 41
52420 43
52421 222
52422 222
52423 541
52424 541
52425 541
52426 168
52427 353
52428 168
52429 543
52430 353
52431 536
52432 541
52433 353
52434 534
52435 534
52436 168
52437 87
52438 87
52439 87
52440 87
52441 87
52442 87
52443 87
52444 128
52445 390
52446 157
52447 109
52448 154
52449 199
52450 198
52451 35
52452 72
52453 198
52454 162
52455 390
52456 198
52457 417
52458 96
52459 198
52460 65
52461 59
52462 87
52463 150
52464 154
52465 390
52466 35
52467 57
52468 72
52469 72
52470 160
52471 315
52472 81
52473 109
52474 73
52475 199
52476 100
52477 66
52478 157
52479 57
52480 73
52481 63
52482 164
52483 59
52484 99
52485 57
52486 160
52487 21
52488 198
52489 157
52490 9
52491 6
52492 204
52493 75
52494 63
52495 43
52496 5
52497 72
52498 322
52499 38
52500 204
52501 164
52502 128
52503 164
52504 96
52505 78
52506 96
52507 99
52508 23
52509 96
52510 87
52511 35
52512 81
52513 350
52514 162
52515 372
52516 78
52517 72
52518 83
52519 199
52520 59
52521 21
52522 315
52523 75
52524 83
52525 387
52526 92
52527 128
52528 89
52529 150
52530 40
52531 65
52532 38
52533 383
52534 350
52535 75
52536 199
52537 63
52538 9
52539 387
52540 100
52541 9
52542 9
52543 150
52544 128
52545 72
52546 372
52547 417
52548 96
52549 43
52550 315
52551 5
52552 58
52553 109
52554 89
52555 109
52556 155
52557 6
52558 574
52559 458
52560 87
52561 577
52562 577
52563 366
52564 749
52565 87
52566 387
52567 366
52568 749
52569 574
52570 749
52571 387
52572 458
52573 8
52574 333
52575 8
52576 333
52577 810
52578 333
52579 810
52580 845
52581 810
52582 845
52583 8
52584 4
52585 39
52586 7
52587 43
52588 39
52589 4
52590 7
52591 8
52592 8
52593 43
52594 43
52595 333
52596 333
52597 352
52598 342
52599 352
52600 676
52601 676
52602 352
52603 676
52604 352
52605 345
52606 342
52607 352
52608 352
52609 661
52610 661
52611 729
52612 661
52613 677
52614 667
52615 667
52616 667
52617 819
52618 543
52619 784
52620 814
52621 819
52622 459
52623 819
52624 783
52625 459
52626 543
52627 652
52628 459
52629 814
52630 803
52631 803
52632 543
52633 814
52634 652
52635 567
52636 667
52637 667
52638 611
52639 667
52640 581
52641 567
52642 28
52643 28
52644 2
52645 3
52646 2
52647 28
52648 28
52649 167
52650 167
52651 2
52652 321
52653 0
52654 0
52655 0
52656 321
52657 0
52658 3
52659 5
52660 177
52661 133
52662 2
52663 117
52664 132
52665 117
52666 133
52667 177
52668 119
52669 119
52670 2
52671 177
52672 177
52673 756
52674 645
52675 645
52676 645
52677 830
52678 756
52679 756
52680 756
52681 756
52682 756
52683 830
52684 830
52685 339
52686 819
52687 223
52688 406
52689 819
52690 273
52691 273
52692 643
52693 223
52694 227
52695 406
52696 228
52697 819
52698 645
52699 643
52700 819
52701 643
52702 594
52703 489
52704 727
52705 473
52706 706
52707 791
52708 524
52709 473
52710 594
52711 488
52712 565
52713 524
52714 473
52715 791
52716 727
52717 791
52718 488
52719 727
52720 489
52721 791
52722 706
52723 645
52724 473
52725 791
52726 473
52727 707
52728 565
52729 473
52730 727
52731 706
52732 526
52733 594
52734 473
52735 706
52736 489
52737 488
52738 565
52739 524
52740 295
52741 351
52742 351
52743 386
52744 386
52745 351
52746 351
52747 831
52748 351
52749 295
52750 295
52751 386
52752 386
52753 385
52754 614
52755 614
52756 831
52757 295
52758 386
52759 386
52760 295
52761 386
52762 295
52763 386
52764 242
52765 386
52766 7
52767 393
52768 237
52769 7
52770 574
52771 69
52772 403
52773 392
52774 574
52775 574
52776 74
52777 403
52778 393
52779 237
52780 403
52781 69
52782 65
52783 69
52784 105
52785 568
52786 568
52787 568
52788 763
52789 403
52790 237
52791 65
52792 105
52793 242
52794 763
52795 229
52796 67
52797 765
52798 229
52799 386
52800 580
52801 358
52802 351
52803 358
52804 831
52805 351
52806 351
52807 386
52808 386
52809 295
52810 295
52811 386
52812 386
52813 386
52814 386
52815 320
52816 320
52817 203
52818 177
52819 177
52820 392
52821 366
52822 177
52823 314
52824 177
52825 203
52826 320
52827 177
52828 302
52829 156
52830 203
52831 203
52832 4
52833 203
52834 156
52835 302
52836 302
52837 156
52838 314
52839 4
52840 203
52841 314
52842 4
52843 320
52844 302
52845 314
52846 177
52847 203
52848 320
52849 392
52850 366
52851 375
52852 374
52853 375
52854 375
52855 227
52856 227
52857 375
52858 374
52859 602
52860 231
52861 370
52862 297
52863 231
52864 297
52865 370
52866 602
52867 374
52868 644
52869 30
52870 562
52871 562
52872 195
52873 374
52874 351
52875 194
52876 195
52877 375
52878 374
52879 374
52880 32
52881 30
52882 351
52883 194
52884 317
52885 317
52886 319
52887 301
52888 319
52889 317
52890 301
52891 317
52892 317
52893 317
52894 314
52895 314
52896 317
52897 254
52898 616
52899 848
52900 850
52901 363
52902 363
52903 363
52904 797
52905 618
52906 300
52907 797
52908 616
52909 300
52910 228
52911 256
52912 331
52913 850
52914 254
52915 800
52916 848
52917 800
52918 331
52919 351
52920 351
52921 351
52922 266
52923 351
52924 358
52925 351
52926 411
52927 504
52928 235
52929 504
52930 351
52931 351
52932 504
52933 254
52934 411
52935 358
52936 266
52937 351
52938 411
52939 267
52940 235
52941 632
52942 841
52943 385
52944 453
52945 443
52946 443
52947 299
52948 259
52949 442
52950 442
52951 299
52952 385
52953 269
52954 385
52955 269
52956 598
52957 385
52958 598
52959 453
52960 269
52961 318
52962 318
52963 318
52964 318
52965 318
52966 320
52967 320
52968 318
52969 298
52970 320
52971 318
52972 298
52973 318
52974 318
52975 318
52976 318
52977 318
52978 320
52979 318
52980 318
52981 275
52982 318
52983 318
52984 295
52985 295
52986 320
52987 318
52988 318
52989 320
52990 318
52991 320
52992 318
52993 318
52994 318
52995 318
52996 579
52997 593
52998 593
52999 579
53000 593
53001 579
53002 491
53003 593
53004 735
53005 709
53006 562
53007 593
53008 709
53009 562
53010 579
53011 786
53012 786
53013 786
53014 786
53015 411
53016 411
53017 14
53018 14
53019 399
53020 399
53021 399
53022 786
53023 14
53024 800
53025 800
53026 203
53027 203
53028 409
53029 409
53030 212
53031 203
53032 203
53033 6
53034 1
53035 1
53036 38
53037 38
53038 6
53039 38
53040 6
53041 38
53042 65
53043 55
53044 149
53045 55
53046 121
53047 110
53048 110
53049 71
53050 6
53051 71
53052 118
53053 118
53054 118
53055 65
53056 149
53057 55
53058 132
53059 110
53060 149
53061 132
53062 6
53063 149
53064 118
53065 65
53066 149
53067 1
53068 8
53069 1
53070 62
53071 152
53072 97
53073 39
53074 66
53075 97
53076 97
53077 65
53078 152
53079 65
53080 58
53081 453
53082 152
53083 197
53084 9
53085 2
53086 197
53087 54
53088 97
53089 64
53090 151
53091 97
53092 2
53093 318
53094 151
53095 417
53096 110
53097 318
53098 197
53099 417
53100 453
53101 108
53102 9
53103 108
53104 38
53105 54
53106 152
53107 71
53108 197
53109 62
53110 318
53111 38
53112 6
53113 856
53114 353
53115 38
53116 856
53117 38
53118 353
53119 855
53120 855
53121 90
53122 353
53123 90
53124 14
53125 152
53126 75
53127 152
53128 118
53129 65
53130 6
53131 14
53132 6
53133 118
53134 118
53135 65
53136 393
53137 393
53138 777
53139 393
53140 826
53141 826
53142 828
53143 777
53144 828
53145 777
53146 826
53147 828
53148 780
53149 780
53150 828
53151 483
53152 483
53153 423
53154 383
53155 423
53156 383
53157 809
53158 809
53159 809
53160 73
53161 378
53162 55
53163 55
53164 378
53165 378
53166 383
53167 326
53168 235
53169 326
53170 326
53171 372
53172 457
53173 601
53174 231
53175 457
53176 601
53177 92
53178 359
53179 359
53180 326
53181 247
53182 92
53183 89
53184 306
53185 89
53186 326
53187 306
53188 350
53189 247
53190 358
53191 306
53192 92
53193 247
53194 306
53195 298
53196 236
53197 298
53198 298
53199 236
53200 235
53201 235
53202 298
53203 298
53204 298
53205 235
53206 92
53207 327
53208 326
53209 306
53210 92
53211 89
53212 306
53213 89
53214 326
53215 306
53216 92
53217 162
53218 163
53219 162
53220 137
53221 173
53222 32
53223 32
53224 137
53225 211
53226 162
53227 173
53228 143
53229 143
53230 200
53231 211
53232 137
53233 162
53234 137
53235 61
53236 163
53237 163
53238 182
53239 172
53240 162
53241 172
53242 182
53243 162
53244 332
53245 281
53246 368
53247 332
53248 281
53249 332
53250 247
53251 332
53252 247
53253 247
53254 311
53255 311
53256 311
53257 311
53258 281
53259 72
53260 300
53261 359
53262 360
53263 517
53264 69
53265 360
53266 517
53267 653
53268 282
53269 281
53270 365
53271 69
53272 360
53273 360
53274 300
53275 300
53276 281
53277 359
53278 514
53279 519
53280 72
53281 653
53282 365
53283 514
53284 359
53285 517
53286 281
53287 360
53288 516
53289 360
53290 514
53291 653
53292 516
53293 674
53294 669
53295 332
53296 713
53297 714
53298 674
53299 713
53300 406
53301 324
53302 669
53303 324
53304 72
53305 300
53306 359
53307 360
53308 517
53309 69
53310 360
53311 517
53312 788
53313 281
53314 281
53315 365
53316 69
53317 360
53318 360
53319 300
53320 281
53321 359
53322 514
53323 788
53324 300
53325 72
53326 365
53327 514
53328 359
53329 517
53330 281
53331 360
53332 514
53333 360
53334 514
53335 514
53336 135
53337 135
53338 135
53339 135
53340 138
53341 178
53342 178
53343 120
53344 190
53345 178
53346 135
53347 135
53348 190
53349 207
53350 207
53351 120
53352 135
53353 141
53354 155
53355 135
53356 140
53357 121
53358 142
53359 121
53360 121
53361 142
53362 135
53363 135
53364 142
53365 142
53366 121
53367 121
53368 121
53369 121
53370 135
53371 135
53372 189
53373 138
53374 189
53375 736
53376 736
53377 736
53378 736
53379 818
53380 818
53381 818
53382 736
53383 736
53384 736
53385 736
53386 736
53387 736
53388 736
53389 736
53390 511
53391 511
53392 748
53393 818
53394 777
53395 787
53396 787
53397 787
53398 787
53399 777
53400 777
53401 777
53402 777
53403 393
53404 377
53405 393
53406 296
53407 377
53408 393
53409 379
53410 382
53411 377
53412 369
53413 531
53414 787
53415 296
53416 379
53417 787
53418 531
53419 382
53420 369
53421 296
53422 382
53423 382
53424 382
53425 379
53426 777
53427 777
53428 762
53429 776
53430 776
53431 762
53432 762
53433 762
53434 762
53435 776
53436 776
53437 776
53438 776
53439 762
53440 776
53441 776
53442 346
53443 346
53444 346
53445 41
53446 282
53447 53
53448 41
53449 346
53450 346
53451 53
53452 282
53453 282
53454 346
53455 282
53456 282
53457 282
53458 346
53459 281
53460 346
53461 282
53462 282
53463 346
53464 282
53465 282
53466 282
53467 346
53468 346
53469 346
53470 346
53471 265
53472 265
53473 268
53474 265
53475 265
53476 684
53477 684
53478 684
53479 681
53480 681
53481 684
53482 599
53483 684
53484 684
53485 686
53486 833
53487 824
53488 824
53489 824
53490 628
53491 686
53492 628
53493 824
53494 831
53495 673
53496 681
53497 681
53498 673
53499 829
53500 829
53501 686
53502 824
53503 681
53504 686
53505 681
53506 824
53507 831
53508 21
53509 126
53510 21
53511 128
53512 128
53513 547
53514 547
53515 547
53516 22
53517 122
53518 128
53519 128
53520 128
53521 122
53522 128
53523 132
53524 21
53525 22
53526 132
53527 128
53528 122
53529 128
53530 128
53531 22
53532 30
53533 69
53534 5
53535 126
53536 2
53537 96
53538 64
53539 5
53540 30
53541 64
53542 159
53543 77
53544 2
53545 96
53546 30
53547 64
53548 30
53549 1
53550 77
53551 69
53552 64
53553 159
53554 30
53555 126
53556 31
53557 96
53558 69
53559 1
53560 132
53561 21
53562 4
53563 132
53564 132
53565 4
53566 122
53567 128
53568 128
53569 128
53570 128
53571 128
53572 128
53573 122
53574 128
53575 128
53576 779
53577 779
53578 779
53579 550
53580 661
53581 550
53582 779
53583 336
53584 336
53585 331
53586 778
53587 353
53588 778
53589 622
53590 614
53591 614
53592 331
53593 622
53594 354
53595 353
53596 2
53597 0
53598 0
53599 228
53600 466
53601 386
53602 466
53603 485
53604 766
53605 276
53606 765
53607 485
53608 228
53609 766
53610 386
53611 765
53612 407
53613 765
53614 407
53615 239
53616 765
53617 485
53618 485
53619 779
53620 466
53621 778
53622 778
53623 819
53624 819
53625 819
53626 778
53627 778
53628 779
53629 819
53630 549
53631 598
53632 648
53633 648
53634 585
53635 648
53636 648
53637 585
53638 784
53639 783
53640 766
53641 586
53642 586
53643 499
53644 783
53645 499
53646 766
53647 550
53648 765
53649 765
53650 784
53651 766
53652 778
53653 778
53654 779
53655 778
53656 779
53657 779
53658 534
53659 15
53660 534
53661 15
53662 16
53663 534
53664 534
53665 15
53666 18
53667 457
53668 457
53669 227
53670 280
53671 220
53672 227
53673 15
53674 84
53675 16
53676 16
53677 84
53678 84
53679 5
53680 5
53681 39
53682 5
53683 461
53684 84
53685 288
53686 83
53687 92
53688 92
53689 84
53690 288
53691 5
53692 39
53693 461
53694 39
53695 39
53696 289
53697 288
53698 39
53699 92
53700 5
53701 5
53702 288
53703 288
53704 92
53705 289
53706 240
53707 27
53708 27
53709 206
53710 237
53711 16
53712 240
53713 160
53714 19
53715 72
53716 33
53717 56
53718 240
53719 160
53720 206
53721 56
53722 19
53723 56
53724 33
53725 56
53726 72
53727 237
53728 0
53729 0
53730 240
53731 240
53732 13
53733 240
53734 278
53735 72
53736 33
53737 33
53738 2
53739 22
53740 22
53741 16
53742 16
53743 22
53744 16
53745 22
53746 314
53747 318
53748 81
53749 314
53750 314
53751 86
53752 316
53753 81
53754 84
53755 86
53756 83
53757 92
53758 95
53759 407
53760 407
53761 94
53762 407
53763 95
53764 95
53765 92
53766 407
53767 275
53768 5
53769 84
53770 288
53771 92
53772 84
53773 288
53774 5
53775 2
53776 288
53777 92
53778 5
53779 288
53780 288
53781 2
53782 32
53783 5
53784 32
53785 32
53786 32
53787 636
53788 636
53789 635
53790 118
53791 675
53792 300
53793 115
53794 675
53795 550
53796 550
53797 770
53798 115
53799 249
53800 249
53801 300
53802 249
53803 549
53804 745
53805 549
53806 249
53807 635
53808 622
53809 622
53810 29
53811 94
53812 75
53813 34
53814 257
53815 257
53816 94
53817 34
53818 75
53819 13
53820 11
53821 11
53822 29
53823 29
53824 254
53825 256
53826 254
53827 29
53828 5
53829 26
53830 160
53831 13
53832 160
53833 317
53834 100
53835 160
53836 75
53837 75
53838 314
53839 100
53840 75
53841 26
53842 314
53843 75
53844 13
53845 317
53846 34
53847 331
53848 234
53849 41
53850 34
53851 264
53852 337
53853 41
53854 0
53855 262
53856 234
53857 49
53858 331
53859 53
53860 1
53861 41
53862 1
53863 262
53864 0
53865 0
53866 268
53867 234
53868 262
53869 262
53870 234
53871 0
53872 30
53873 49
53874 262
53875 40
53876 41
53877 1
53878 222
53879 338
53880 251
53881 251
53882 255
53883 251
53884 265
53885 338
53886 219
53887 338
53888 257
53889 265
53890 338
53891 219
53892 339
53893 327
53894 385
53895 243
53896 347
53897 729
53898 249
53899 283
53900 283
53901 347
53902 387
53903 810
53904 283
53905 326
53906 387
53907 347
53908 379
53909 783
53910 729
53911 257
53912 783
53913 385
53914 379
53915 354
53916 537
53917 260
53918 288
53919 385
53920 729
53921 810
53922 333
53923 283
53924 297
53925 256
53926 297
53927 354
53928 385
53929 327
53930 470
53931 843
53932 733
53933 326
53934 537
53935 783
53936 369
53937 256
53938 790
53939 388
53940 733
53941 537
53942 354
53943 846
53944 843
53945 729
53946 470
53947 541
53948 541
53949 46
53950 46
53951 541
53952 94
53953 39
53954 46
53955 541
53956 34
53957 0
53958 49
53959 303
53960 1
53961 262
53962 0
53963 268
53964 262
53965 262
53966 1
53967 109
53968 109
53969 75
53970 569
53971 412
53972 412
53973 412
53974 412
53975 360
53976 360
53977 412
53978 360
53979 412
53980 360
53981 360
53982 360
53983 412
53984 360
53985 412
53986 18
53987 222
53988 425
53989 219
53990 216
53991 216
53992 590
53993 425
53994 593
53995 39
53996 58
53997 58
53998 19
53999 62
54000 18
54001 216
54002 216
54003 216
54004 222
54005 216
54006 216
54007 391
54008 290
54009 290
54010 283
54011 283
54012 355
54013 290
54014 241
54015 355
54016 391
54017 241
54018 283
54019 294
54020 294
54021 219
54022 216
54023 293
54024 293
54025 216
54026 216
54027 216
54028 216
54029 41
54030 454
54031 700
54032 454
54033 454
54034 460
54035 523
54036 700
54037 454
54038 522
54039 454
54040 454
54041 522
54042 700
54043 700
54044 523
54045 700
54046 101
54047 101
54048 322
54049 101
54050 101
54051 322
54052 39
54053 39
54054 307
54055 255
54056 39
54057 255
54058 255
54059 39
54060 255
54061 373
54062 369
54063 39
54064 255
54065 255
54066 832
54067 39
54068 81
54069 255
54070 255
54071 367
54072 768
54073 81
54074 768
54075 367
54076 367
54077 36
54078 333
54079 348
54080 333
54081 232
54082 39
54083 233
54084 36
54085 39
54086 39
54087 232
54088 333
54089 30
54090 233
54091 233
54092 333
54093 232
54094 39
54095 328
54096 307
54097 281
54098 328
54099 281
54100 342
54101 307
54102 342
54103 255
54104 245
54105 245
54106 255
54107 232
54108 255
54109 337
54110 255
54111 351
54112 351
54113 233
54114 324
54115 256
54116 324
54117 240
54118 256
54119 255
54120 256
54121 337
54122 232
54123 233
54124 255
54125 324
54126 324
54127 232
54128 233
54129 233
54130 327
54131 255
54132 255
54133 255
54134 312
54135 312
54136 39
54137 19
54138 152
54139 152
54140 554
54141 557
54142 554
54143 546
54144 546
54145 74
54146 74
54147 74
54148 748
54149 554
54150 74
54151 748
54152 471
54153 304
54154 333
54155 250
54156 557
54157 358
54158 489
54159 471
54160 236
54161 241
54162 499
54163 250
54164 333
54165 236
54166 489
54167 358
54168 499
54169 471
54170 237
54171 613
54172 450
54173 450
54174 358
54175 344
54176 333
54177 237
54178 334
54179 450
54180 304
54181 305
54182 557
54183 613
54184 236
54185 251
54186 333
54187 550
54188 527
54189 550
54190 564
54191 550
54192 554
54193 470
54194 550
54195 527
54196 690
54197 600
54198 689
54199 689
54200 691
54201 690
54202 600
54203 691
54204 691
54205 690
54206 690
54207 628
54208 548
54209 628
54210 690
54211 689
54212 689
54213 365
54214 365
54215 675
54216 353
54217 685
54218 691
54219 675
54220 691
54221 365
54222 675
54223 365
54224 353
54225 690
54226 671
54227 671
54228 690
54229 673
54230 690
54231 671
54232 690
54233 711
54234 711
54235 755
54236 674
54237 673
54238 600
54239 615
54240 691
54241 770
54242 691
54243 691
54244 365
54245 365
54246 351
54247 675
54248 353
54249 691
54250 675
54251 691
54252 365
54253 679
54254 353
54255 675
54256 365
54257 351
54258 353
54259 690
54260 671
54261 671
54262 690
54263 671
54264 690
54265 671
54266 485
54267 485
54268 368
54269 629
54270 368
54271 282
54272 368
54273 368
54274 283
54275 282
54276 629
54277 629
54278 485
54279 842
54280 575
54281 576
54282 485
54283 575
54284 576
54285 842
54286 314
54287 302
54288 314
54289 314
54290 314
54291 224
54292 785
54293 203
54294 177
54295 426
54296 413
54297 482
54298 748
54299 177
54300 203
54301 730
54302 674
54303 839
54304 397
54305 386
54306 753
54307 87
54308 87
54309 392
54310 413
54311 831
54312 639
54313 200
54314 272
54315 177
54316 314
54317 298
54318 49
54319 177
54320 203
54321 200
54322 377
54323 330
54324 320
54325 397
54326 177
54327 203
54328 302
54329 324
54330 156
54331 39
54332 321
54333 743
54334 298
54335 203
54336 840
54337 386
54338 426
54339 203
54340 748
54341 45
54342 831
54343 177
54344 366
54345 730
54346 748
54347 39
54348 45
54349 852
54350 852
54351 482
54352 377
54353 203
54354 314
54355 839
54356 386
54357 325
54358 785
54359 203
54360 377
54361 748
54362 156
54363 325
54364 730
54365 852
54366 324
54367 49
54368 302
54369 743
54370 314
54371 785
54372 831
54373 330
54374 785
54375 302
54376 4
54377 45
54378 224
54379 200
54380 314
54381 4
54382 386
54383 639
54384 272
54385 200
54386 49
54387 839
54388 392
54389 314
54390 831
54391 730
54392 397
54393 640
54394 753
54395 730
54396 748
54397 4
54398 320
54399 413
54400 302
54401 840
54402 321
54403 392
54404 156
54405 785
54406 674
54407 413
54408 325
54409 314
54410 87
54411 317
54412 177
54413 325
54414 640
54415 203
54416 852
54417 49
54418 639
54419 87
54420 320
54421 386
54422 49
54423 324
54424 392
54425 743
54426 317
54427 366
54428 314
54429 314
54430 357
54431 362
54432 357
54433 362
54434 362
54435 357
54436 357
54437 362
54438 591
54439 393
54440 398
54441 652
54442 669
54443 669
54444 652
54445 242
54446 652
54447 653
54448 240
54449 239
54450 783
54451 788
54452 675
54453 788
54454 789
54455 675
54456 783
54457 783
54458 41
54459 675
54460 110
54461 41
54462 455
54463 660
54464 660
54465 661
54466 42
54467 454
54468 675
54469 110
54470 455
54471 455
54472 454
54473 330
54474 328
54475 588
54476 723
54477 328
54478 588
54479 783
54480 716
54481 783
54482 788
54483 698
54484 783
54485 757
54486 757
54487 854
54488 457
54489 485
54490 457
54491 709
54492 455
54493 709
54494 675
54495 455
54496 485
54497 671
54498 671
54499 671
54500 671
54501 783
54502 783
54503 783
54504 672
54505 673
54506 673
54507 672
54508 673
54509 673
54510 674
54511 539
54512 353
54513 364
54514 672
54515 351
54516 471
54517 673
54518 364
54519 471
54520 518
54521 673
54522 672
54523 353
54524 351
54525 392
54526 392
54527 395
54528 392
54529 392
54530 249
54531 254
54532 254
54533 249
54534 244
54535 244
54536 254
54537 61
54538 244
54539 61
54540 95
54541 307
54542 96
54543 307
54544 244
54545 61
54546 249
54547 96
54548 136
54549 364
54550 254
54551 254
54552 254
54553 252
54554 252
54555 12
54556 363
54557 363
54558 308
54559 247
54560 363
54561 350
54562 294
54563 41
54564 59
54565 247
54566 12
54567 367
54568 369
54569 369
54570 335
54571 55
54572 357
54573 369
54574 59
54575 39
54576 247
54577 3
54578 326
54579 39
54580 308
54581 55
54582 305
54583 363
54584 296
54585 67
54586 246
54587 294
54588 326
54589 305
54590 41
54591 339
54592 3
54593 12
54594 350
54595 80
54596 3
54597 247
54598 305
54599 41
54600 41
54601 80
54602 249
54603 294
54604 335
54605 67
54606 246
54607 305
54608 80
54609 244
54610 346
54611 228
54612 237
54613 99
54614 609
54615 389
54616 244
54617 411
54618 246
54619 95
54620 346
54621 284
54622 228
54623 388
54624 238
54625 678
54626 95
54627 244
54628 676
54629 101
54630 609
54631 676
54632 244
54633 388
54634 228
54635 99
54636 101
54637 237
54638 99
54639 95
54640 389
54641 609
54642 284
54643 246
54644 490
54645 288
54646 58
54647 338
54648 288
54649 518
54650 819
54651 825
54652 58
54653 825
54654 490
54655 819
54656 518
54657 505
54658 244
54659 519
54660 366
54661 490
54662 59
54663 288
54664 366
54665 338
54666 339
54667 505
54668 819
54669 66
54670 253
54671 66
54672 442
54673 265
54674 254
54675 67
54676 66
54677 254
54678 442
54679 94
54680 265
54681 253
54682 94
54683 304
54684 659
54685 304
54686 659
54687 301
54688 460
54689 314
54690 314
54691 322
54692 314
54693 459
54694 816
54695 460
54696 477
54697 166
54698 166
54699 152
54700 152
54701 151
54702 151
54703 74
54704 122
54705 122
54706 74
54707 157
54708 15
54709 166
54710 123
54711 15
54712 166
54713 8
54714 55
54715 8
54716 55
54717 7
54718 7
54719 166
54720 3
54721 3
54722 12
54723 185
54724 166
54725 185
54726 185
54727 116
54728 24
54729 18
54730 21
54731 116
54732 24
54733 112
54734 78
54735 18
54736 3
54737 3
54738 111
54739 78
54740 79
54741 111
54742 79
54743 152
54744 113
54745 112
54746 152
54747 100
54748 101
54749 100
54750 152
54751 152
54752 100
54753 103
54754 101
54755 164
54756 196
54757 196
54758 155
54759 196
54760 164
54761 151
54762 119
54763 196
54764 119
54765 737
54766 737
54767 261
54768 224
54769 737
54770 261
54771 456
54772 267
54773 267
54774 458
54775 332
54776 244
54777 324
54778 456
54779 364
54780 267
54781 364
54782 324
54783 244
54784 500
54785 260
54786 244
54787 224
54788 500
54789 741
54790 224
54791 458
54792 560
54793 560
54794 516
54795 561
54796 516
54797 560
54798 394
54799 236
54800 236
54801 394
54802 394
54803 394
54804 394
54805 394
54806 642
54807 394
54808 642
54809 394
54810 394
54811 236
54812 457
54813 712
54814 187
54815 360
54816 360
54817 614
54818 712
54819 400
54820 275
54821 187
54822 74
54823 360
54824 712
54825 457
54826 394
54827 74
54828 275
54829 316
54830 614
54831 437
54832 437
54833 400
54834 609
54835 609
54836 614
54837 400
54838 394
54839 400
54840 400
54841 394
54842 614
54843 400
54844 40
54845 615
54846 414
54847 414
54848 617
54849 234
54850 617
54851 617
54852 615
54853 839
54854 839
54855 839
54856 414
54857 839
54858 414
54859 234
54860 234
54861 154
54862 154
54863 154
54864 201
54865 207
54866 201
54867 207
54868 201
54869 74
54870 151
54871 124
54872 125
54873 59
54874 207
54875 151
54876 207
54877 123
54878 124
54879 59
54880 125
54881 124
54882 197
54883 176
54884 23
54885 125
54886 25
54887 147
54888 182
54889 187
54890 187
54891 201
54892 125
54893 146
54894 146
54895 187
54896 123
54897 176
54898 125
54899 9
54900 165
54901 147
54902 146
54903 197
54904 197
54905 9
54906 146
54907 197
54908 9
54909 191
54910 125
54911 123
54912 147
54913 191
54914 123
54915 25
54916 125
54917 23
54918 207
54919 135
54920 158
54921 135
54922 169
54923 169
54924 169
54925 135
54926 138
54927 135
54928 138
54929 211
54930 211
54931 135
54932 138
54933 138
54934 135
54935 132
54936 133
54937 133
54938 132
54939 132
54940 135
54941 135
54942 133
54943 135
54944 133
54945 165
54946 162
54947 162
54948 165
54949 162
54950 169
54951 162
54952 162
54953 124
54954 64
54955 2
54956 155
54957 118
54958 80
54959 169
54960 75
54961 131
54962 152
54963 116
54964 139
54965 109
54966 157
54967 109
54968 156
54969 58
54970 41
54971 108
54972 48
54973 124
54974 139
54975 133
54976 48
54977 91
54978 108
54979 118
54980 137
54981 75
54982 67
54983 169
54984 2
54985 162
54986 64
54987 186
54988 58
54989 124
54990 178
54991 177
54992 177
54993 133
54994 41
54995 116
54996 64
54997 15
54998 67
54999 157
55000 15
55001 133
55002 177
55003 118
55004 108
55005 157
55006 114
55007 130
55008 156
55009 155
55010 137
55011 152
55012 118
55013 175
55014 186
55015 178
55016 118
55017 90
55018 114
55019 124
55020 162
55021 175
55022 116
55023 163
55024 41
55025 130
55026 179
55027 91
55028 2
55029 52
55030 122
55031 179
55032 114
55033 169
55034 68
55035 15
55036 68
55037 68
55038 31
55039 194
55040 194
55041 194
55042 194
55043 32
55044 194
55045 194
55046 31
55047 194
55048 15
55049 15
55050 68
55051 31
55052 194
55053 169
55054 138
55055 135
55056 138
55057 135
55058 138
55059 135
55060 241
55061 497
55062 56
55063 345
55064 56
55065 345
55066 648
55067 497
55068 648
55069 57
55070 345
55071 648
55072 497
55073 57
55074 301
55075 251
55076 301
55077 251
55078 301
55079 249
55080 241
55081 473
55082 251
55083 473
55084 227
55085 473
55086 227
55087 251
55088 242
55089 497
55090 499
55091 34
55092 60
55093 225
55094 72
55095 34
55096 56
55097 18
55098 224
55099 18
55100 39
55101 60
55102 334
55103 30
55104 29
55105 224
55106 513
55107 225
55108 288
55109 224
55110 56
55111 30
55112 60
55113 72
55114 513
55115 334
55116 34
55117 333
55118 333
55119 494
55120 333
55121 225
55122 29
55123 513
55124 225
55125 333
55126 39
55127 494
55128 269
55129 333
55130 333
55131 513
55132 494
55133 314
55134 288
55135 56
55136 489
55137 334
55138 224
55139 56
55140 269
55141 494
55142 436
55143 283
55144 291
55145 345
55146 676
55147 820
55148 283
55149 670
55150 436
55151 434
55152 434
55153 820
55154 247
55155 291
55156 233
55157 324
55158 820
55159 324
55160 820
55161 324
55162 820
55163 247
55164 324
55165 690
55166 676
55167 324
55168 249
55169 670
55170 670
55171 283
55172 690
55173 233
55174 434
55175 34
55176 60
55177 225
55178 72
55179 56
55180 34
55181 333
55182 60
55183 334
55184 30
55185 29
55186 224
55187 513
55188 225
55189 226
55190 224
55191 56
55192 60
55193 60
55194 513
55195 334
55196 34
55197 333
55198 333
55199 494
55200 333
55201 225
55202 29
55203 513
55204 225
55205 333
55206 34
55207 494
55208 333
55209 333
55210 513
55211 494
55212 56
55213 334
55214 224
55215 56
55216 494
55217 807
55218 87
55219 87
55220 87
55221 344
55222 87
55223 807
55224 87
55225 807
55226 807
55227 807
55228 807
55229 344
55230 357
55231 357
55232 807
55233 807
55234 807
55235 253
55236 250
55237 253
55238 307
55239 253
55240 253
55241 307
55242 253
55243 297
55244 694
55245 526
55246 528
55247 332
55248 250
55249 306
55250 331
55251 528
55252 237
55253 254
55254 331
55255 306
55256 237
55257 546
55258 526
55259 240
55260 331
55261 240
55262 546
55263 546
55264 694
55265 254
55266 694
55267 332
55268 306
55269 297
55270 306
55271 237
55272 289
55273 289
55274 289
55275 546
55276 250
55277 331
55278 289
55279 253
55280 253
55281 109
55282 108
55283 108
55284 62
55285 109
55286 117
55287 109
55288 117
55289 62
55290 52
55291 62
55292 108
55293 111
55294 108
55295 109
55296 109
55297 109
55298 281
55299 282
55300 282
55301 282
55302 281
55303 282
55304 839
55305 308
55306 839
55307 282
55308 275
55309 841
55310 87
55311 90
55312 182
55313 105
55314 87
55315 105
55316 105
55317 740
55318 744
55319 105
55320 105
55321 740
55322 90
55323 105
55324 121
55325 85
55326 73
55327 121
55328 85
55329 120
55330 29
55331 85
55332 73
55333 29
55334 73
55335 120
55336 121
55337 120
55338 120
55339 29
55340 73
55341 29
55342 87
55343 120
55344 87
55345 29
55346 73
55347 29
55348 76
55349 136
55350 76
55351 28
55352 91
55353 198
55354 136
55355 136
55356 28
55357 28
55358 123
55359 136
55360 91
55361 123
55362 192
55363 198
55364 91
55365 138
55366 178
55367 182
55368 179
55369 178
55370 182
55371 182
55372 120
55373 85
55374 73
55375 120
55376 85
55377 120
55378 29
55379 85
55380 73
55381 30
55382 30
55383 120
55384 120
55385 120
55386 120
55387 30
55388 73
55389 29
55390 87
55391 120
55392 87
55393 29
55394 73
55395 29
55396 623
55397 623
55398 622
55399 623
55400 629
55401 487
55402 568
55403 328
55404 533
55405 629
55406 631
55407 629
55408 241
55409 364
55410 568
55411 631
55412 328
55413 241
55414 241
55415 533
55416 241
55417 533
55418 364
55419 488
55420 690
55421 241
55422 623
55423 487
55424 690
55425 328
55426 631
55427 629
55428 623
55429 621
55430 623
55431 730
55432 473
55433 730
55434 473
55435 634
55436 634
55437 730
55438 351
55439 358
55440 351
55441 351
55442 407
55443 407
55444 359
55445 359
55446 351
55447 528
55448 528
55449 532
55450 528
55451 532
55452 528
55453 528
55454 774
55455 774
55456 528
55457 467
55458 784
55459 850
55460 481
55461 532
55462 467
55463 786
55464 471
55465 784
55466 850
55467 640
55468 471
55469 532
55470 840
55471 840
55472 840
55473 784
55474 532
55475 784
55476 784
55477 532
55478 532
55479 528
55480 528
55481 201
55482 62
55483 201
55484 201
55485 201
55486 62
55487 196
55488 159
55489 159
55490 127
55491 127
55492 124
55493 209
55494 127
55495 124
55496 159
55497 201
55498 209
55499 201
55500 127
55501 127
55502 209
55503 5
55504 25
55505 169
55506 4
55507 14
55508 179
55509 4
55510 14
55511 169
55512 62
55513 179
55514 133
55515 133
55516 127
55517 169
55518 127
55519 155
55520 167
55521 127
55522 154
55523 155
55524 154
55525 154
55526 173
55527 155
55528 133
55529 127
55530 154
55531 133
55532 173
55533 201
55534 169
55535 201
55536 133
55537 127
55538 127
55539 209
55540 209
55541 201
55542 201
55543 201
55544 201
55545 127
55546 127
55547 209
55548 165
55549 165
55550 385
55551 385
55552 385
55553 385
55554 385
55555 385
55556 392
55557 396
55558 439
55559 392
55560 396
55561 439
55562 392
55563 392
55564 392
55565 596
55566 74
55567 378
55568 74
55569 399
55570 402
55571 382
55572 202
55573 597
55574 402
55575 399
55576 778
55577 402
55578 351
55579 316
55580 382
55581 1
55582 378
55583 429
55584 74
55585 429
55586 778
55587 778
55588 597
55589 778
55590 797
55591 413
55592 359
55593 202
55594 359
55595 382
55596 316
55597 1
55598 429
55599 74
55600 597
55601 351
55602 359
55603 429
55604 396
55605 382
55606 74
55607 358
55608 317
55609 413
55610 382
55611 396
55612 439
55613 392
55614 392
55615 724
55616 516
55617 723
55618 724
55619 728
55620 724
55621 516
55622 501
55623 489
55624 516
55625 501
55626 516
55627 489
55628 723
55629 723
55630 670
55631 808
55632 670
55633 281
55634 381
55635 281
55636 277
55637 277
55638 282
55639 281
55640 277
55641 277
55642 491
55643 569
55644 569
55645 569
55646 459
55647 491
55648 491
55649 491
55650 463
55651 463
55652 459
55653 450
55654 457
55655 456
55656 456
55657 569
55658 450
55659 569
55660 569
55661 58
55662 112
55663 24
55664 111
55665 59
55666 58
55667 117
55668 24
55669 117
55670 14
55671 111
55672 112
55673 14
55674 112
55675 24
55676 117
55677 117
55678 117
55679 112
55680 113
55681 24
55682 19
55683 8
55684 9
55685 264
55686 20
55687 19
55688 33
55689 37
55690 37
55691 264
55692 33
55693 8
55694 264
55695 264
55696 37
55697 20
55698 33
55699 837
55700 577
55701 577
55702 837
55703 837
55704 837
55705 570
55706 531
55707 570
55708 577
55709 577
55710 577
55711 570
55712 570
55713 501
55714 501
55715 601
55716 501
55717 531
55718 459
55719 577
55720 577
55721 757
55722 757
55723 577
55724 757
55725 309
55726 834
55727 834
55728 820
55729 342
55730 834
55731 834
55732 820
55733 820
55734 309
55735 309
55736 476
55737 473
55738 473
55739 820
55740 482
55741 819
55742 811
55743 819
55744 819
55745 299
55746 346
55747 346
55748 339
55749 294
55750 299
55751 342
55752 670
55753 669
55754 834
55755 827
55756 670
55757 670
55758 827
55759 834
55760 669
55761 834
55762 237
55763 795
55764 795
55765 795
55766 795
55767 237
55768 820
55769 820
55770 554
55771 778
55772 554
55773 555
55774 309
55775 635
55776 365
55777 635
55778 635
55779 635
55780 635
55781 643
55782 635
55783 643
55784 401
55785 401
55786 365
55787 635
55788 482
55789 662
55790 576
55791 569
55792 46
55793 490
55794 53
55795 817
55796 489
55797 30
55798 490
55799 481
55800 817
55801 62
55802 489
55803 294
55804 817
55805 596
55806 597
55807 800
55808 674
55809 773
55810 144
55811 637
55812 481
55813 187
55814 569
55815 106
55816 719
55817 773
55818 541
55819 635
55820 576
55821 481
55822 637
55823 830
55824 636
55825 23
55826 674
55827 718
55828 731
55829 472
55830 441
55831 643
55832 802
55833 137
55834 30
55835 731
55836 171
55837 823
55838 674
55839 187
55840 433
55841 830
55842 441
55843 718
55844 92
55845 144
55846 3
55847 92
55848 169
55849 294
55850 490
55851 802
55852 489
55853 830
55854 62
55855 62
55856 451
55857 106
55858 187
55859 145
55860 5
55861 731
55862 597
55863 145
55864 688
55865 596
55866 662
55867 294
55868 751
55869 773
55870 450
55871 569
55872 62
55873 450
55874 489
55875 452
55876 294
55877 187
55878 674
55879 773
55880 662
55881 23
55882 23
55883 46
55884 62
55885 823
55886 53
55887 294
55888 643
55889 668
55890 800
55891 800
55892 3
55893 92
55894 541
55895 92
55896 144
55897 23
55898 106
55899 688
55900 137
55901 171
55902 472
55903 5
55904 106
55905 106
55906 105
55907 106
55908 106
55909 102
55910 93
55911 102
55912 106
55913 103
55914 106
55915 93
55916 103
55917 106
55918 103
55919 103
55920 92
55921 94
55922 274
55923 91
55924 94
55925 274
55926 102
55927 274
55928 103
55929 106
55930 79
55931 91
55932 94
55933 103
55934 79
55935 79
55936 91
55937 103
55938 103
55939 94
55940 106
55941 94
55942 102
55943 102
55944 103
55945 79
55946 41
55947 274
55948 95
55949 94
55950 274
55951 274
55952 102
55953 274
55954 102
55955 102
55956 105
55957 13
55958 102
55959 339
55960 94
55961 102
55962 102
55963 104
55964 102
55965 94
55966 41
55967 95
55968 104
55969 95
55970 339
55971 95
55972 94
55973 94
55974 41
55975 104
55976 575
55977 758
55978 759
55979 758
55980 575
55981 638
55982 638
55983 575
55984 638
55985 480
55986 480
55987 480
55988 758
55989 16
55990 16
55991 758
55992 758
55993 480
55994 479
55995 479
55996 756
55997 758
55998 758
55999 358
56000 687
56001 687
56002 671
56003 686
56004 682
56005 671
56006 687
56007 687
56008 634
56009 634
56010 687
56011 658
56012 671
56013 622
56014 658
56015 617
56016 658
56017 617
56018 622
56019 811
56020 620
56021 703
56022 703
56023 675
56024 512
56025 600
56026 703
56027 618
56028 618
56029 686
56030 835
56031 512
56032 512
56033 703
56034 675
56035 577
56036 811
56037 577
56038 600
56039 682
56040 682
56041 687
56042 842
56043 842
56044 842
56045 413
56046 413
56047 857
56048 842
56049 406
56050 685
56051 685
56052 155
56053 221
56054 160
56055 221
56056 160
56057 155
56058 34
56059 160
56060 155
56061 708
56062 704
56063 221
56064 704
56065 666
56066 440
56067 559
56068 452
56069 558
56070 549
56071 558
56072 445
56073 624
56074 638
56075 668
56076 684
56077 624
56078 666
56079 684
56080 668
56081 624
56082 638
56083 439
56084 584
56085 439
56086 440
56087 445
56088 221
56089 221
56090 423
56091 615
56092 423
56093 423
56094 416
56095 416
56096 611
56097 611
56098 615
56099 425
56100 412
56101 423
56102 425
56103 425
56104 412
56105 423
56106 412
56107 423
56108 423
56109 423
56110 412
56111 70
56112 543
56113 637
56114 796
56115 679
56116 637
56117 448
56118 447
56119 679
56120 412
56121 786
56122 448
56123 559
56124 637
56125 487
56126 774
56127 615
56128 507
56129 786
56130 487
56131 438
56132 559
56133 447
56134 774
56135 580
56136 774
56137 542
56138 676
56139 675
56140 559
56141 580
56142 412
56143 752
56144 447
56145 487
56146 70
56147 447
56148 544
56149 559
56150 412
56151 542
56152 507
56153 544
56154 544
56155 412
56156 448
56157 752
56158 559
56159 44
56160 615
56161 774
56162 29
56163 796
56164 438
56165 44
56166 580
56167 572
56168 544
56169 675
56170 544
56171 507
56172 752
56173 29
56174 425
56175 425
56176 412
56177 423
56178 425
56179 425
56180 423
56181 393
56182 412
56183 423
56184 423
56185 423
56186 420
56187 420
56188 425
56189 393
56190 415
56191 412
56192 425
56193 412
56194 423
56195 425
56196 412
56197 423
56198 412
56199 423
56200 423
56201 425
56202 412
56203 388
56204 81
56205 403
56206 413
56207 405
56208 413
56209 404
56210 3
56211 382
56212 410
56213 384
56214 413
56215 8
56216 413
56217 405
56218 413
56219 399
56220 413
56221 405
56222 384
56223 404
56224 416
56225 404
56226 410
56227 81
56228 402
56229 382
56230 382
56231 388
56232 403
56233 384
56234 8
56235 413
56236 413
56237 413
56238 412
56239 413
56240 416
56241 412
56242 611
56243 611
56244 717
56245 176
56246 168
56247 187
56248 176
56249 176
56250 176
56251 210
56252 168
56253 96
56254 45
56255 2
56256 2
56257 73
56258 6
56259 45
56260 73
56261 210
56262 45
56263 73
56264 283
56265 283
56266 283
56267 46
56268 187
56269 187
56270 198
56271 198
56272 187
56273 20
56274 20
56275 190
56276 190
56277 190
56278 2
56279 2
56280 75
56281 75
56282 200
56283 194
56284 176
56285 190
56286 2
56287 194
56288 200
56289 176
56290 281
56291 282
56292 281
56293 281
56294 298
56295 298
56296 298
56297 282
56298 421
56299 421
56300 730
56301 730
56302 421
56303 421
56304 421
56305 42
56306 523
56307 42
56308 861
56309 581
56310 819
56311 861
56312 283
56313 283
56314 528
56315 523
56316 450
56317 449
56318 449
56319 861
56320 283
56321 694
56322 581
56323 523
56324 528
56325 694
56326 571
56327 819
56328 450
56329 723
56330 727
56331 724
56332 724
56333 723
56334 723
56335 727
56336 724
56337 448
56338 556
56339 556
56340 553
56341 633
56342 741
56343 702
56344 568
56345 705
56346 553
56347 724
56348 502
56349 684
56350 562
56351 563
56352 705
56353 656
56354 741
56355 47
56356 737
56357 502
56358 389
56359 724
56360 577
56361 633
56362 601
56363 448
56364 737
56365 7
56366 562
56367 485
56368 784
56369 784
56370 480
56371 656
56372 784
56373 7
56374 702
56375 7
56376 47
56377 705
56378 385
56379 577
56380 562
56381 655
56382 480
56383 684
56384 480
56385 568
56386 556
56387 47
56388 603
56389 446
56390 737
56391 655
56392 553
56393 508
56394 446
56395 723
56396 624
56397 624
56398 624
56399 99
56400 559
56401 169
56402 186
56403 186
56404 552
56405 551
56406 99
56407 552
56408 169
56409 771
56410 40
56411 758
56412 559
56413 559
56414 551
56415 559
56416 290
56417 758
56418 178
56419 178
56420 183
56421 124
56422 101
56423 96
56424 96
56425 168
56426 99
56427 168
56428 99
56429 168
56430 144
56431 135
56432 178
56433 144
56434 168
56435 99
56436 99
56437 135
56438 183
56439 101
56440 124
56441 178
56442 124
56443 178
56444 99
56445 144
56446 168
56447 144
56448 169
56449 146
56450 146
56451 146
56452 186
56453 186
56454 186
56455 187
56456 187
56457 551
56458 550
56459 550
56460 550
56461 178
56462 178
56463 183
56464 183
56465 130
56466 130
56467 168
56468 99
56469 168
56470 99
56471 168
56472 178
56473 168
56474 168
56475 99
56476 183
56477 130
56478 178
56479 130
56480 178
56481 99
56482 144
56483 144
56484 816
56485 631
56486 640
56487 631
56488 328
56489 816
56490 640
56491 816
56492 640
56493 625
56494 600
56495 625
56496 816
56497 625
56498 525
56499 816
56500 600
56501 298
56502 631
56503 298
56504 298
56505 298
56506 631
56507 631
56508 159
56509 159
56510 237
56511 237
56512 112
56513 180
56514 33
56515 27
56516 48
56517 108
56518 48
56519 120
56520 80
56521 120
56522 112
56523 194
56524 27
56525 159
56526 145
56527 116
56528 194
56529 194
56530 181
56531 24
56532 166
56533 80
56534 165
56535 145
56536 194
56537 166
56538 113
56539 108
56540 159
56541 80
56542 76
56543 165
56544 111
56545 76
56546 116
56547 113
56548 194
56549 33
56550 116
56551 108
56552 51
56553 80
56554 24
56555 143
56556 145
56557 180
56558 24
56559 194
56560 108
56561 180
56562 143
56563 180
56564 752
56565 752
56566 365
56567 752
56568 752
56569 365
56570 365
56571 365
56572 610
56573 610
56574 610
56575 555
56576 555
56577 555
56578 555
56579 555
56580 555
56581 210
56582 213
56583 213
56584 567
56585 459
56586 459
56587 459
56588 567
56589 585
56590 585
56591 757
56592 664
56593 546
56594 757
56595 684
56596 684
56597 635
56598 639
56599 664
56600 664
56601 684
56602 664
56603 637
56604 546
56605 790
56606 790
56607 567
56608 684
56609 757
56610 635
56611 790
56612 684
56613 470
56614 459
56615 470
56616 470
56617 470
56618 475
56619 375
56620 375
56621 473
56622 657
56623 459
56624 180
56625 473
56626 656
56627 475
56628 656
56629 375
56630 636
56631 685
56632 572
56633 790
56634 684
56635 684
56636 636
56637 572
56638 790
56639 567
56640 684
56641 685
56642 635
56643 635
56644 502
56645 240
56646 768
56647 768
56648 768
56649 449
56650 240
56651 442
56652 269
56653 242
56654 586
56655 586
56656 269
56657 502
56658 242
56659 585
56660 449
56661 442
56662 269
56663 195
56664 210
56665 179
56666 199
56667 200
56668 210
56669 195
56670 195
56671 199
56672 193
56673 205
56674 177
56675 146
56676 199
56677 146
56678 205
56679 205
56680 168
56681 195
56682 195
56683 195
56684 173
56685 173
56686 168
56687 195
56688 165
56689 213
56690 377
56691 375
56692 377
56693 375
56694 210
56695 210
56696 198
56697 213
56698 198
56699 189
56700 189
56701 189
56702 179
56703 130
56704 188
56705 130
56706 155
56707 200
56708 200
56709 189
56710 189
56711 154
56712 144
56713 144
56714 154
56715 195
56716 180
56717 2
56718 144
56719 178
56720 154
56721 18
56722 18
56723 2
56724 180
56725 181
56726 18
56727 2
56728 87
56729 195
56730 181
56731 176
56732 189
56733 87
56734 155
56735 213
56736 375
56737 375
56738 210
56739 213
56740 177
56741 195
56742 195
56743 195
56744 177
56745 183
56746 183
56747 189
56748 189
56749 195
56750 189
56751 594
56752 594
56753 721
56754 594
56755 734
56756 734
56757 452
56758 310
56759 452
56760 594
56761 534
56762 595
56763 305
56764 449
56765 310
56766 438
56767 436
56768 534
56769 310
56770 438
56771 452
56772 594
56773 552
56774 449
56775 436
56776 305
56777 438
56778 534
56779 552
56780 489
56781 817
56782 578
56783 473
56784 709
56785 791
56786 629
56787 569
56788 473
56789 771
56790 709
56791 643
56792 569
56793 473
56794 791
56795 727
56796 483
56797 452
56798 488
56799 578
56800 727
56801 489
56802 817
56803 706
56804 489
56805 707
56806 771
56807 643
56808 791
56809 629
56810 707
56811 709
56812 707
56813 707
56814 483
56815 727
56816 706
56817 452
56818 594
56819 473
56820 706
56821 489
56822 488
56823 771
56824 717
56825 721
56826 569
56827 717
56828 721
56829 569
56830 605
56831 569
56832 717
56833 717
56834 717
56835 452
56836 310
56837 452
56838 594
56839 669
56840 595
56841 655
56842 310
56843 553
56844 452
56845 438
56846 452
56847 669
56848 669
56849 436
56850 438
56851 436
56852 553
56853 734
56854 734
56855 734
56856 734
56857 704
56858 433
56859 709
56860 709
56861 704
56862 704
56863 433
56864 709
56865 709
56866 704
56867 704
56868 716
56869 704
56870 704
56871 704
56872 716
56873 716
56874 716
56875 705
56876 706
56877 456
56878 814
56879 456
56880 649
56881 682
56882 649
56883 682
56884 814
56885 686
56886 705
56887 565
56888 762
56889 613
56890 686
56891 433
56892 565
56893 613
56894 762
56895 703
56896 433
56897 457
56898 682
56899 760
56900 660
56901 760
56902 486
56903 486
56904 487
56905 684
56906 660
56907 760
56908 684
56909 709
56910 723
56911 703
56912 709
56913 660
56914 685
56915 703
56916 760
56917 723
56918 660
56919 824
56920 793
56921 792
56922 714
56923 792
56924 715
56925 824
56926 811
56927 811
56928 792
56929 714
56930 714
56931 853
56932 709
56933 793
56934 853
56935 704
56936 704
56937 716
56938 704
56939 704
56940 704
56941 716
56942 716
56943 716
56944 760
56945 562
56946 760
56947 771
56948 679
56949 760
56950 562
56951 662
56952 709
56953 575
56954 703
56955 679
56956 760
56957 703
56958 703
56959 709
56960 655
56961 679
56962 703
56963 760
56964 575
56965 655
56966 704
56967 433
56968 564
56969 704
56970 658
56971 434
56972 672
56973 564
56974 446
56975 704
56976 565
56977 672
56978 558
56979 658
56980 433
56981 658
56982 565
56983 558
56984 433
56985 446
56986 625
56987 759
56988 709
56989 709
56990 759
56991 712
56992 759
56993 625
56994 759
56995 712
56996 759
56997 709
56998 112
56999 117
57000 117
57001 112
57002 112
57003 117
57004 117
57005 350
57006 768
57007 768
57008 768
57009 768
57010 768
57011 350
57012 390
57013 390
57014 350
57015 350
57016 248
57017 216
57018 216
57019 339
57020 350
57021 387
57022 339
57023 216
57024 764
57025 768
57026 845
57027 764
57028 839
57029 767
57030 765
57031 503
57032 767
57033 845
57034 765
57035 839
57036 845
57037 764
57038 769
57039 768
57040 775
57041 768
57042 787
57043 787
57044 787
57045 775
57046 769
57047 775
57048 350
57049 281
57050 281
57051 341
57052 350
57053 341
57054 339
57055 339
57056 602
57057 327
57058 218
57059 602
57060 513
57061 521
57062 521
57063 513
57064 513
57065 521
57066 602
57067 513
57068 513
57069 327
57070 294
57071 327
57072 327
57073 287
57074 294
57075 287
57076 327
57077 290
57078 294
57079 327
57080 294
57081 327
57082 294
57083 294
57084 287
57085 294
57086 290
57087 217
57088 217
57089 327
57090 294
57091 602
57092 287
57093 327
57094 610
57095 610
57096 294
57097 327
57098 294
57099 294
57100 294
57101 287
57102 294
57103 287
57104 36
57105 830
57106 834
57107 34
57108 834
57109 830
57110 353
57111 834
57112 36
57113 36
57114 37
57115 256
57116 256
57117 37
57118 256
57119 37
57120 37
57121 36
57122 256
57123 256
57124 256
57125 830
57126 605
57127 438
57128 773
57129 527
57130 476
57131 565
57132 476
57133 613
57134 773
57135 565
57136 834
57137 832
57138 773
57139 613
57140 518
57141 605
57142 438
57143 606
57144 613
57145 834
57146 834
57147 834
57148 527
57149 832
57150 208
57151 41
57152 184
57153 34
57154 41
57155 34
57156 191
57157 98
57158 77
57159 184
57160 77
57161 98
57162 41
57163 77
57164 191
57165 77
57166 38
57167 38
57168 764
57169 657
57170 660
57171 584
57172 584
57173 584
57174 791
57175 389
57176 657
57177 47
57178 342
57179 791
57180 791
57181 768
57182 768
57183 389
57184 562
57185 769
57186 576
57187 660
57188 47
57189 830
57190 764
57191 769
57192 342
57193 47
57194 562
57195 363
57196 363
57197 352
57198 352
57199 834
57200 613
57201 834
57202 613
57203 613
57204 613
57205 834
57206 834
57207 37
57208 256
57209 256
57210 37
57211 256
57212 36
57213 256
57214 256
57215 256
57216 463
57217 531
57218 463
57219 531
57220 531
57221 463
57222 531
57223 831
57224 831
57225 831
57226 465
57227 831
57228 463
57229 676
57230 463
57231 459
57232 460
57233 676
57234 463
57235 459
57236 459
57237 544
57238 591
57239 455
57240 591
57241 455
57242 544
57243 531
57244 463
57245 463
57246 677
57247 570
57248 788
57249 570
57250 562
57251 677
57252 789
57253 464
57254 218
57255 463
57256 218
57257 788
57258 454
57259 562
57260 454
57261 788
57262 677
57263 723
57264 722
57265 670
57266 723
57267 266
57268 56
57269 723
57270 852
57271 825
57272 702
57273 651
57274 702
57275 513
57276 266
57277 560
57278 224
57279 651
57280 651
57281 532
57282 532
57283 670
57284 825
57285 513
57286 702
57287 266
57288 310
57289 831
57290 829
57291 618
57292 283
57293 284
57294 310
57295 829
57296 284
57297 618
57298 804
57299 831
57300 577
57301 605
57302 800
57303 564
57304 531
57305 625
57306 712
57307 656
57308 531
57309 706
57310 598
57311 564
57312 650
57313 786
57314 564
57315 564
57316 567
57317 653
57318 605
57319 798
57320 650
57321 423
57322 810
57323 446
57324 333
57325 544
57326 800
57327 564
57328 294
57329 712
57330 564
57331 464
57332 544
57333 706
57334 324
57335 695
57336 712
57337 598
57338 798
57339 656
57340 625
57341 574
57342 623
57343 695
57344 623
57345 446
57346 574
57347 810
57348 627
57349 464
57350 574
57351 798
57352 650
57353 598
57354 577
57355 423
57356 598
57357 464
57358 574
57359 546
57360 531
57361 441
57362 623
57363 625
57364 551
57365 566
57366 566
57367 798
57368 823
57369 566
57370 441
57371 603
57372 798
57373 565
57374 810
57375 798
57376 564
57377 604
57378 810
57379 551
57380 465
57381 625
57382 798
57383 566
57384 625
57385 478
57386 566
57387 623
57388 441
57389 604
57390 798
57391 810
57392 465
57393 798
57394 603
57395 566
57396 564
57397 798
57398 823
57399 603
57400 504
57401 831
57402 527
57403 527
57404 786
57405 831
57406 786
57407 504
57408 454
57409 527
57410 454
57411 466
57412 463
57413 466
57414 463
57415 459
57416 459
57417 274
57418 274
57419 274
57420 339
57421 42
57422 42
57423 327
57424 327
57425 339
57426 344
57427 327
57428 344
57429 25
57430 42
57431 25
57432 27
57433 27
57434 145
57435 145
57436 145
57437 145
57438 131
57439 127
57440 127
57441 147
57442 145
57443 149
57444 149
57445 145
57446 149
57447 148
57448 145
57449 145
57450 147
57451 193
57452 193
57453 155
57454 155
57455 193
57456 185
57457 185
57458 185
57459 65
57460 66
57461 65
57462 65
57463 11
57464 11
57465 65
57466 66
57467 11
57468 25
57469 11
57470 222
57471 258
57472 11
57473 65
57474 99
57475 99
57476 99
57477 66
57478 66
57479 66
57480 124
57481 124
57482 66
57483 80
57484 124
57485 209
57486 209
57487 209
57488 207
57489 209
57490 207
57491 209
57492 65
57493 207
57494 67
57495 65
57496 198
57497 198
57498 198
57499 67
57500 198
57501 11
57502 171
57503 28
57504 143
57505 59
57506 58
57507 125
57508 125
57509 2
57510 125
57511 124
57512 59
57513 130
57514 3
57515 122
57516 11
57517 28
57518 171
57519 69
57520 68
57521 58
57522 29
57523 28
57524 146
57525 68
57526 2
57527 68
57528 11
57529 184
57530 59
57531 122
57532 68
57533 184
57534 143
57535 171
57536 130
57537 184
57538 184
57539 130
57540 184
57541 124
57542 58
57543 124
57544 59
57545 69
57546 122
57547 146
57548 11
57549 29
57550 13
57551 59
57552 69
57553 125
57554 13
57555 125
57556 11
57557 69
57558 125
57559 68
57560 13
57561 131
57562 59
57563 68
57564 130
57565 130
57566 124
57567 59
57568 59
57569 124
57570 13
57571 67
57572 65
57573 198
57574 198
57575 67
57576 198
57577 65
57578 66
57579 66
57580 11
57581 69
57582 69
57583 11
57584 25
57585 25
57586 224
57587 224
57588 224
57589 224
57590 479
57591 768
57592 768
57593 767
57594 479
57595 518
57596 518
57597 518
57598 841
57599 841
57600 768
57601 768
57602 788
57603 768
57604 788
57605 767
57606 858
57607 793
57608 17
57609 662
57610 793
57611 592
57612 17
57613 853
57614 720
57615 664
57616 810
57617 793
57618 718
57619 479
57620 762
57621 609
57622 709
57623 810
57624 664
57625 485
57626 589
57627 673
57628 709
57629 742
57630 750
57631 858
57632 853
57633 790
57634 804
57635 804
57636 762
57637 392
57638 762
57639 90
57640 17
57641 589
57642 589
57643 833
57644 664
57645 485
57646 596
57647 479
57648 662
57649 664
57650 721
57651 793
57652 849
57653 849
57654 596
57655 724
57656 392
57657 620
57658 849
57659 750
57660 718
57661 662
57662 720
57663 858
57664 609
57665 589
57666 90
57667 793
57668 812
57669 479
57670 720
57671 742
57672 762
57673 673
57674 4
57675 110
57676 5
57677 13
57678 5
57679 13
57680 118
57681 4
57682 13
57683 38
57684 126
57685 4
57686 28
57687 78
57688 38
57689 28
57690 151
57691 6
57692 126
57693 78
57694 6
57695 49
57696 38
57697 28
57698 4
57699 78
57700 138
57701 17
57702 49
57703 151
57704 17
57705 6
57706 151
57707 110
57708 110
57709 21
57710 200
57711 197
57712 119
57713 22
57714 127
57715 21
57716 120
57717 5
57718 119
57719 128
57720 5
57721 21
57722 202
57723 202
57724 197
57725 119
57726 120
57727 21
57728 128
57729 21
57730 128
57731 200
57732 21
57733 19
57734 19
57735 13
57736 19
57737 22
57738 27
57739 13
57740 27
57741 27
57742 27
57743 5
57744 27
57745 73
57746 73
57747 23
57748 5
57749 118
57750 27
57751 118
57752 138
57753 118
57754 138
57755 5
57756 118
57757 5
57758 23
57759 138
57760 5
57761 13
57762 5
57763 104
57764 84
57765 4
57766 25
57767 84
57768 43
57769 136
57770 395
57771 149
57772 123
57773 203
57774 99
57775 39
57776 123
57777 73
57778 323
57779 150
57780 119
57781 104
57782 200
57783 5
57784 2
57785 5
57786 73
57787 4
57788 14
57789 25
57790 5
57791 149
57792 99
57793 133
57794 96
57795 2
57796 99
57797 25
57798 99
57799 39
57800 2
57801 38
57802 13
57803 150
57804 108
57805 38
57806 43
57807 119
57808 61
57809 123
57810 2
57811 16
57812 395
57813 16
57814 323
57815 99
57816 13
57817 96
57818 168
57819 150
57820 168
57821 134
57822 123
57823 323
57824 76
57825 16
57826 61
57827 5
57828 16
57829 13
57830 108
57831 73
57832 150
57833 59
57834 73
57835 59
57836 200
57837 168
57838 149
57839 395
57840 395
57841 51
57842 14
57843 14
57844 136
57845 25
57846 133
57847 136
57848 75
57849 203
57850 395
57851 119
57852 119
57853 119
57854 38
57855 4
57856 38
57857 38
57858 38
57859 151
57860 4
57861 151
57862 266
57863 73
57864 99
57865 66
57866 264
57867 73
57868 319
57869 64
57870 64
57871 17
57872 264
57873 99
57874 99
57875 73
57876 74
57877 17
57878 319
57879 319
57880 66
57881 17
57882 99
57883 74
57884 446
57885 446
57886 518
57887 446
57888 52
57889 8
57890 614
57891 53
57892 60
57893 614
57894 614
57895 52
57896 614
57897 614
57898 52
57899 48
57900 48
57901 48
57902 52
57903 63
57904 52
57905 63
57906 8
57907 35
57908 53
57909 35
57910 35
57911 53
57912 35
57913 60
57914 52
57915 48
57916 48
57917 48
57918 52
57919 52
57920 810
57921 811
57922 810
57923 368
57924 811
57925 810
57926 810
57927 818
57928 810
57929 810
57930 810
57931 810
57932 368
57933 165
57934 165
57935 597
57936 597
57937 597
57938 597
57939 597
57940 597
57941 597
57942 597
57943 597
57944 507
57945 437
57946 217
57947 512
57948 506
57949 512
57950 507
57951 594
57952 632
57953 510
57954 470
57955 438
57956 632
57957 432
57958 512
57959 594
57960 432
57961 510
57962 506
57963 637
57964 217
57965 470
57966 437
57967 470
57968 597
57969 507
57970 437
57971 594
57972 470
57973 637
57974 217
57975 437
57976 217
57977 217
57978 512
57979 512
57980 437
57981 432
57982 470
57983 594
57984 432
57985 437
57986 597
57987 637
57988 217
57989 594
57990 437
57991 470
57992 597
57993 512
57994 637
57995 597
57996 597
57997 597
57998 642
57999 716
58000 625
58001 716
58002 716
58003 642
58004 156
58005 40
58006 38
58007 117
58008 178
58009 117
58010 178
58011 156
58012 83
58013 83
58014 83
58015 27
58016 27
58017 27
58018 42
58019 16
58020 35
58021 42
58022 40
58023 16
58024 37
58025 10
58026 99
58027 54
58028 33
58029 26
58030 19
58031 38
58032 38
58033 19
58034 33
58035 37
58036 54
58037 99
58038 33
58039 33
58040 10
58041 99
58042 60
58043 25
58044 60
58045 100
58046 60
58047 26
58048 687
58049 687
58050 842
58051 842
58052 842
58053 759
58054 759
58055 842
58056 842
58057 759
58058 842
58059 759
58060 403
58061 403
58062 403
58063 403
58064 98
58065 98
58066 98
58067 98
58068 166
58069 163
58070 163
58071 163
58072 166
58073 102
58074 102
58075 102
58076 98
58077 306
58078 102
58079 102
58080 306
58081 840
58082 840
58083 791
58084 330
58085 791
58086 794
58087 794
58088 791
58089 330
58090 366
58091 366
58092 330
58093 791
58094 754
58095 791
58096 754
58097 791
58098 659
58099 659
58100 659
58101 659
58102 659
58103 659
58104 659
58105 453
58106 659
58107 453
58108 659
58109 660
58110 659
58111 499
58112 476
58113 601
58114 267
58115 594
58116 258
58117 460
58118 595
58119 659
58120 476
58121 659
58122 460
58123 601
58124 594
58125 334
58126 258
58127 597
58128 334
58129 444
58130 236
58131 659
58132 260
58133 628
58134 659
58135 628
58136 453
58137 639
58138 628
58139 260
58140 236
58141 444
58142 648
58143 331
58144 254
58145 254
58146 59
58147 59
58148 59
58149 254
58150 59
58151 59
58152 254
58153 236
58154 254
58155 254
58156 254
58157 262
58158 236
58159 433
58160 433
58161 810
58162 705
58163 705
58164 853
58165 810
58166 810
58167 705
58168 746
58169 547
58170 727
58171 746
58172 414
58173 414
58174 547
58175 414
58176 853
58177 810
58178 644
58179 642
58180 644
58181 644
58182 273
58183 642
58184 273
58185 642
58186 478
58187 359
58188 359
58189 359
58190 325
58191 359
58192 359
58193 325
58194 359
58195 359
58196 359
58197 304
58198 43
58199 43
58200 595
58201 595
58202 624
58203 623
58204 595
58205 207
58206 624
58207 207
58208 207
58209 304
58210 43
58211 43
58212 38
58213 38
58214 43
58215 611
58216 611
58217 611
58218 611
58219 791
58220 611
58221 611
58222 611
58223 611
58224 791
58225 611
58226 611
58227 611
58228 611
58229 791
58230 611
58231 611
58232 611
58233 611
58234 611
58235 611
58236 608
58237 612
58238 841
58239 841
58240 608
58241 612
58242 611
58243 696
58244 307
58245 696
58246 696
58247 696
58248 307
58249 696
58250 99
58251 143
58252 168
58253 166
58254 148
58255 143
58256 166
58257 168
58258 121
58259 137
58260 143
58261 8
58262 137
58263 8
58264 8
58265 181
58266 181
58267 166
58268 139
58269 166
58270 139
58271 181
58272 139
58273 166
58274 139
58275 139
58276 148
58277 139
58278 148
58279 144
58280 143
58281 102
58282 147
58283 167
58284 207
58285 166
58286 191
58287 167
58288 147
58289 213
58290 203
58291 176
58292 191
58293 203
58294 204
58295 147
58296 209
58297 209
58298 191
58299 213
58300 167
58301 147
58302 191
58303 166
58304 213
58305 176
58306 204
58307 213
58308 209
58309 147
58310 209
58311 207
58312 207
58313 209
58314 168
58315 147
58316 211
58317 211
58318 147
58319 168
58320 147
58321 138
58322 147
58323 147
58324 121
58325 121
58326 20
58327 20
58328 702
58329 671
58330 665
58331 702
58332 671
58333 665
58334 665
58335 236
58336 236
58337 153
58338 111
58339 111
58340 158
58341 158
58342 158
58343 114
58344 132
58345 114
58346 114
58347 114
58348 136
58349 136
58350 153
58351 114
58352 132
58353 114
58354 136
58355 609
58356 114
58357 111
58358 114
58359 111
58360 111
58361 158
58362 114
58363 114
58364 154
58365 158
58366 145
58367 154
58368 192
58369 145
58370 614
58371 614
58372 50
58373 613
58374 447
58375 613
58376 447
58377 253
58378 253
58379 756
58380 756
58381 365
58382 756
58383 370
58384 365
58385 756
58386 756
58387 756
58388 757
58389 757
58390 756
58391 405
58392 335
58393 387
58394 387
58395 365
58396 387
58397 365
58398 335
58399 405
58400 387
58401 336
58402 387
58403 387
58404 336
58405 405
58406 387
58407 776
58408 756
58409 756
58410 776
58411 773
58412 776
58413 756
58414 776
58415 772
58416 756
58417 370
58418 370
58419 381
58420 405
58421 335
58422 387
58423 387
58424 365
58425 387
58426 365
58427 335
58428 405
58429 405
58430 387
58431 387
58432 387
58433 405
58434 387
58435 756
58436 777
58437 777
58438 756
58439 760
58440 762
58441 762
58442 756
58443 757
58444 757
58445 756
58446 298
58447 301
58448 381
58449 298
58450 381
58451 298
58452 298
58453 298
58454 301
58455 298
58456 588
58457 588
58458 588
58459 581
58460 581
58461 588
58462 799
58463 799
58464 805
58465 799
58466 799
58467 643
58468 606
58469 605
58470 605
58471 805
58472 799
58473 799
58474 765
58475 608
58476 612
58477 608
58478 765
58479 608
58480 764
58481 612
58482 614
58483 608
58484 621
58485 608
58486 765
58487 765
58488 622
58489 608
58490 621
58491 608
58492 608
58493 779
58494 608
58495 621
58496 640
58497 608
58498 608
58499 608
58500 612
58501 612
58502 608
58503 304
58504 563
58505 569
58506 787
58507 632
58508 314
58509 569
58510 764
58511 304
58512 608
58513 805
58514 563
58515 608
58516 304
58517 764
58518 787
58519 787
58520 787
58521 613
58522 563
58523 314
58524 608
58525 621
58526 608
58527 622
58528 608
58529 622
58530 608
58531 621
58532 784
58533 558
58534 784
58535 764
58536 556
58537 764
58538 787
58539 787
58540 787
58541 558
58542 556
58543 556
58544 608
58545 608
58546 619
58547 619
58548 608
58549 612
58550 612
58551 608
58552 455
58553 541
58554 542
58555 608
58556 541
58557 614
58558 785
58559 785
58560 479
58561 479
58562 785
58563 479
58564 785
58565 748
58566 748
58567 748
58568 748
58569 748
58570 479
58571 788
58572 788
58573 479
58574 567
58575 839
58576 435
58577 844
58578 434
58579 435
58580 434
58581 435
58582 434
58583 567
58584 574
58585 568
58586 567
58587 568
58588 766
58589 568
58590 568
58591 569
58592 839
58593 650
58594 839
58595 839
58596 256
58597 256
58598 825
58599 830
58600 473
58601 435
58602 540
58603 473
58604 825
58605 473
58606 435
58607 546
58608 830
58609 825
58610 540
58611 540
58612 830
58613 377
58614 377
58615 814
58616 802
58617 800
58618 130
58619 814
58620 814
58621 377
58622 844
58623 802
58624 800
58625 281
58626 303
58627 303
58628 434
58629 434
58630 281
58631 434
58632 839
58633 839
58634 434
58635 832
58636 435
58637 540
58638 574
58639 434
58640 574
58641 832
58642 540
58643 540
58644 434
58645 452
58646 650
58647 434
58648 798
58649 728
58650 728
58651 728
58652 452
58653 649
58654 649
58655 728
58656 798
58657 481
58658 435
58659 583
58660 481
58661 584
58662 583
58663 481
58664 259
58665 584
58666 584
58667 259
58668 434
58669 568
58670 567
58671 568
58672 574
58673 574
58674 490
58675 554
58676 518
58677 554
58678 520
58679 490
58680 490
58681 554
58682 587
58683 554
58684 554
58685 592
58686 592
58687 587
58688 554
58689 452
58690 766
58691 452
58692 490
58693 766
58694 518
58695 802
58696 490
58697 766
58698 802
58699 802
58700 566
58701 554
58702 560
58703 560
58704 566
58705 566
58706 554
58707 520
58708 643
58709 643
58710 643
58711 643
58712 540
58713 540
58714 540
58715 366
58716 366
58717 540
58718 540
58719 435
58720 540
58721 435
58722 261
58723 540
58724 261
58725 622
58726 622
58727 540
58728 517
58729 517
58730 435
58731 622
58732 541
58733 518
58734 625
58735 693
58736 457
58737 515
58738 625
58739 693
58740 621
58741 838
58742 556
58743 838
58744 540
58745 838
58746 495
58747 540
58748 838
58749 569
58750 556
58751 693
58752 665
58753 457
58754 621
58755 457
58756 515
58757 463
58758 515
58759 463
58760 556
58761 457
58762 572
58763 540
58764 495
58765 665
58766 572
58767 693
58768 545
58769 607
58770 540
58771 540
58772 620
58773 620
58774 540
58775 540
58776 607
58777 366
58778 354
58779 366
58780 625
58781 495
58782 457
58783 513
58784 625
58785 693
58786 693
58787 625
58788 621
58789 838
58790 564
58791 828
58792 540
58793 838
58794 670
58795 540
58796 838
58797 540
58798 693
58799 457
58800 621
58801 457
58802 513
58803 625
58804 514
58805 828
58806 828
58807 514
58808 457
58809 495
58810 540
58811 432
58812 693
58813 432
58814 545
58815 540
58816 540
58817 540
58818 540
58819 739
58820 739
58821 739
58822 739
58823 851
58824 559
58825 847
58826 424
58827 424
58828 515
58829 559
58830 610
58831 650
58832 562
58833 559
58834 849
58835 380
58836 515
58837 849
58838 849
58839 851
58840 610
58841 610
58842 424
58843 557
58844 562
58845 557
58846 471
58847 650
58848 847
58849 380
58850 559
58851 110
58852 110
58853 189
58854 135
58855 168
58856 194
58857 20
58858 153
58859 18
58860 7
58861 124
58862 59
58863 153
58864 7
58865 194
58866 59
58867 204
58868 165
58869 20
58870 151
58871 168
58872 168
58873 110
58874 122
58875 151
58876 151
58877 124
58878 18
58879 138
58880 194
58881 195
58882 195
58883 189
58884 138
58885 122
58886 59
58887 20
58888 194
58889 199
58890 119
58891 74
58892 25
58893 75
58894 193
58895 199
58896 34
58897 119
58898 193
58899 199
58900 25
58901 133
58902 149
58903 74
58904 119
58905 111
58906 156
58907 25
58908 36
58909 58
58910 25
58911 156
58912 193
58913 58
58914 75
58915 110
58916 75
58917 34
58918 193
58919 133
58920 156
58921 199
58922 165
58923 199
58924 199
58925 126
58926 126
58927 6
58928 199
58929 170
58930 113
58931 159
58932 160
58933 163
58934 159
58935 170
58936 170
58937 175
58938 163
58939 113
58940 175
58941 111
58942 111
58943 160
58944 174
58945 165
58946 46
58947 159
58948 199
58949 197
58950 197
58951 611
58952 611
58953 45
58954 611
58955 611
58956 611
58957 45
58958 791
58959 611
58960 611
58961 611
58962 791
58963 611
58964 611
58965 611
58966 611
58967 567
58968 567
58969 81
58970 81
58971 31
58972 567
58973 567
58974 567
58975 509
58976 729
58977 509
58978 729
58979 760
58980 706
58981 760
58982 706
58983 721
58984 760
58985 760
58986 81
58987 84
58988 186
58989 9
58990 189
58991 9
58992 176
58993 176
58994 81
58995 176
58996 31
58997 31
58998 31
58999 567
59000 511
59001 567
59002 179
59003 179
59004 263
59005 179
59006 179
59007 179
59008 179
59009 263
59010 179
59011 218
59012 218
59013 216
59014 216
59015 216
59016 100
59017 216
59018 757
59019 786
59020 784
59021 786
59022 757
59023 757
59024 786
59025 742
59026 439
59027 708
59028 708
59029 439
59030 574
59031 439
59032 742
59033 439
59034 439
59035 574
59036 784
59037 586
59038 455
59039 439
59040 757
59041 775
59042 770
59043 665
59044 455
59045 577
59046 439
59047 665
59048 439
59049 439
59050 775
59051 665
59052 586
59053 439
59054 577
59055 770
59056 586
59057 586
59058 775
59059 586
59060 149
59061 67
59062 160
59063 160
59064 160
59065 149
59066 129
59067 129
59068 149
59069 149
59070 129
59071 129
59072 129
59073 77
59074 275
59075 33
59076 77
59077 275
59078 33
59079 33
59080 160
59081 132
59082 136
59083 136
59084 201
59085 129
59086 129
59087 149
59088 149
59089 129
59090 769
59091 767
59092 610
59093 637
59094 406
59095 610
59096 475
59097 683
59098 683
59099 704
59100 584
59101 475
59102 775
59103 801
59104 704
59105 422
59106 767
59107 475
59108 584
59109 801
59110 769
59111 775
59112 610
59113 767
59114 801
59115 584
59116 704
59117 775
59118 635
59119 704
59120 408
59121 635
59122 406
59123 408
59124 767
59125 713
59126 713
59127 767
59128 502
59129 743
59130 744
59131 799
59132 542
59133 731
59134 716
59135 743
59136 744
59137 743
59138 502
59139 799
59140 744
59141 767
59142 502
59143 773
59144 831
59145 831
59146 831
59147 773
59148 767
59149 831
59150 743
59151 743
59152 743
59153 743
59154 743
59155 743
59156 743
59157 744
59158 744
59159 744
59160 744
59161 749
59162 744
59163 749
59164 551
59165 756
59166 707
59167 756
59168 731
59169 731
59170 731
59171 707
59172 731
59173 550
59174 550
59175 731
59176 707
59177 756
59178 542
59179 543
59180 759
59181 542
59182 543
59183 542
59184 759
59185 766
59186 763
59187 707
59188 756
59189 731
59190 731
59191 707
59192 707
59193 758
59194 731
59195 756
59196 758
59197 731
59198 707
59199 756
59200 721
59201 716
59202 831
59203 831
59204 772
59205 548
59206 540
59207 548
59208 540
59209 548
59210 440
59211 711
59212 518
59213 851
59214 549
59215 711
59216 549
59217 440
59218 518
59219 440
59220 711
59221 851
59222 541
59223 540
59224 756
59225 762
59226 616
59227 756
59228 616
59229 546
59230 540
59231 541
59232 855
59233 756
59234 541
59235 855
59236 616
59237 540
59238 762
59239 546
59240 855
59241 548
59242 548
59243 541
59244 540
59245 544
59246 564
59247 756
59248 766
59249 544
59250 564
59251 540
59252 541
59253 564
59254 756
59255 540
59256 548
59257 523
59258 523
59259 523
59260 521
59261 738
59262 380
59263 521
59264 738
59265 521
59266 521
59267 738
59268 380
59269 523
59270 523
59271 743
59272 521
59273 743
59274 523
59275 261
59276 261
59277 261
59278 262
59279 261
59280 272
59281 270
59282 272
59283 273
59284 270
59285 304
59286 304
59287 851
59288 304
59289 308
59290 304
59291 311
59292 17
59293 308
59294 301
59295 304
59296 301
59297 308
59298 301
59299 311
59300 308
59301 308
59302 308
59303 308
59304 301
59305 308
59306 308
59307 308
59308 308
59309 304
59310 308
59311 301
59312 304
59313 301
59314 304
59315 308
59316 308
59317 308
59318 301
59319 308
59320 308
59321 308
59322 666
59323 662
59324 662
59325 666
59326 574
59327 574
59328 574
59329 392
59330 577
59331 577
59332 666
59333 577
59334 577
59335 666
59336 577
59337 717
59338 717
59339 717
59340 662
59341 821
59342 669
59343 662
59344 822
59345 669
59346 574
59347 717
59348 717
59349 717
59350 717
59351 666
59352 717
59353 580
59354 666
59355 580
59356 574
59357 564
59358 544
59359 574
59360 650
59361 764
59362 566
59363 652
59364 585
59365 566
59366 650
59367 585
59368 658
59369 544
59370 658
59371 544
59372 564
59373 588
59374 588
59375 587
59376 544
59377 566
59378 574
59379 764
59380 587
59381 717
59382 717
59383 475
59384 717
59385 717
59386 574
59387 717
59388 475
59389 717
59390 475
59391 574
59392 574
59393 574
59394 392
59395 577
59396 577
59397 577
59398 577
59399 577
59400 41
59401 479
59402 548
59403 479
59404 461
59405 479
59406 484
59407 484
59408 10
59409 484
59410 10
59411 548
59412 479
59413 798
59414 798
59415 477
59416 798
59417 677
59418 677
59419 677
59420 581
59421 581
59422 581
59423 250
59424 582
59425 613
59426 620
59427 439
59428 582
59429 93
59430 443
59431 443
59432 613
59433 443
59434 613
59435 613
59436 458
59437 613
59438 445
59439 443
59440 445
59441 613
59442 396
59443 581
59444 581
59445 620
59446 439
59447 613
59448 555
59449 505
59450 535
59451 495
59452 88
59453 495
59454 555
59455 88
59456 503
59457 231
59458 231
59459 2
59460 265
59461 28
59462 250
59463 28
59464 2
59465 28
59466 231
59467 265
59468 231
59469 33
59470 2
59471 231
59472 481
59473 499
59474 481
59475 481
59476 499
59477 499
59478 499
59479 499
59480 434
59481 481
59482 481
59483 420
59484 350
59485 420
59486 391
59487 348
59488 420
59489 380
59490 350
59491 391
59492 348
59493 420
59494 359
59495 420
59496 350
59497 391
59498 458
59499 348
59500 758
59501 853
59502 853
59503 853
59504 853
59505 530
59506 458
59507 758
59508 348
59509 530
59510 359
59511 359
59512 420
59513 359
59514 420
59515 420
59516 380
59517 378
59518 380
59519 378
59520 775
59521 724
59522 777
59523 724
59524 350
59525 350
59526 775
59527 775
59528 391
59529 624
59530 508
59531 778
59532 394
59533 490
59534 391
59535 490
59536 778
59537 509
59538 504
59539 504
59540 778
59541 624
59542 508
59543 504
59544 348
59545 758
59546 853
59547 853
59548 796
59549 853
59550 853
59551 758
59552 348
59553 768
59554 853
59555 758
59556 359
59557 359
59558 359
59559 421
59560 69
59561 69
59562 524
59563 626
59564 626
59565 609
59566 524
59567 626
59568 689
59569 811
59570 745
59571 626
59572 811
59573 689
59574 745
59575 626
59576 811
59577 626
59578 626
59579 626
59580 626
59581 626
59582 546
59583 609
59584 626
59585 546
59586 609
59587 609
59588 817
59589 727
59590 727
59591 851
59592 786
59593 609
59594 786
59595 786
59596 851
59597 609
59598 609
59599 570
59600 570
59601 570
59602 570
59603 502
59604 502
59605 609
59606 609
59607 570
59608 757
59609 759
59610 759
59611 757
59612 759
59613 663
59614 662
59615 663
59616 757
59617 759
59618 757
59619 674
59620 785
59621 620
59622 346
59623 785
59624 345
59625 759
59626 620
59627 674
59628 785
59629 759
59630 674
59631 714
59632 758
59633 753
59634 723
59635 714
59636 723
59637 713
59638 713
59639 326
59640 714
59641 723
59642 326
59643 753
59644 519
59645 713
59646 758
59647 739
59648 757
59649 518
59650 518
59651 730
59652 753
59653 439
59654 439
59655 730
59656 717
59657 649
59658 717
59659 810
59660 741
59661 649
59662 741
59663 825
59664 810
59665 810
59666 759
59667 663
59668 663
59669 760
59670 760
59671 760
59672 758
59673 760
59674 707
59675 758
59676 663
59677 707
59678 706
59679 706
59680 758
59681 490
59682 489
59683 662
59684 294
59685 489
59686 82
59687 116
59688 827
59689 136
59690 136
59691 662
59692 135
59693 144
59694 490
59695 145
59696 144
59697 294
59698 489
59699 827
59700 136
59701 145
59702 117
59703 92
59704 144
59705 144
59706 117
59707 136
59708 649
59709 718
59710 760
59711 649
59712 719
59713 741
59714 718
59715 760
59716 625
59717 625
59718 625
59719 321
59720 73
59721 321
59722 321
59723 82
59724 17
59725 315
59726 316
59727 73
59728 351
59729 351
59730 379
59731 379
59732 379
59733 379
59734 379
59735 385
59736 385
59737 379
59738 379
59739 401
59740 401
59741 401
59742 400
59743 400
59744 401
59745 401
59746 401
59747 401
59748 401
59749 383
59750 383
59751 379
59752 401
59753 401
59754 383
59755 401
59756 401
59757 401
59758 401
59759 400
59760 400
59761 401
59762 401
59763 400
59764 401
59765 401
59766 401
59767 400
59768 400
59769 401
59770 401
59771 401
59772 401
59773 401
59774 379
59775 401
59776 401
59777 400
59778 401
59779 401
59780 401
59781 401
59782 400
59783 401
59784 504
59785 541
59786 491
59787 223
59788 491
59789 504
59790 491
59791 504
59792 541
59793 491
59794 439
59795 630
59796 366
59797 366
59798 305
59799 366
59800 585
59801 630
59802 504
59803 305
59804 599
59805 274
59806 585
59807 366
59808 305
59809 219
59810 585
59811 274
59812 219
59813 250
59814 305
59815 274
59816 599
59817 246
59818 274
59819 250
59820 305
59821 439
59822 439
59823 599
59824 504
59825 582
59826 305
59827 305
59828 582
59829 541
59830 305
59831 541
59832 216
59833 223
59834 234
59835 245
59836 296
59837 305
59838 305
59839 13
59840 280
59841 808
59842 395
59843 386
59844 101
59845 220
59846 71
59847 664
59848 13
59849 259
59850 100
59851 218
59852 412
59853 737
59854 288
59855 319
59856 218
59857 295
59858 662
59859 289
59860 248
59861 245
59862 662
59863 800
59864 594
59865 800
59866 105
59867 312
59868 296
59869 594
59870 49
59871 234
59872 402
59873 248
59874 266
59875 90
59876 570
59877 100
59878 412
59879 90
59880 448
59881 267
59882 91
59883 504
59884 91
59885 245
59886 312
59887 100
59888 218
59889 386
59890 663
59891 280
59892 101
59893 220
59894 310
59895 432
59896 386
59897 220
59898 448
59899 312
59900 267
59901 41
59902 434
59903 505
59904 295
59905 242
59906 49
59907 413
59908 266
59909 100
59910 544
59911 664
59912 395
59913 234
59914 263
59915 34
59916 234
59917 395
59918 69
59919 248
59920 505
59921 434
59922 90
59923 413
59924 101
59925 280
59926 13
59927 800
59928 268
59929 71
59930 288
59931 288
59932 11
59933 100
59934 402
59935 295
59936 395
59937 288
59938 261
59939 34
59940 295
59941 242
59942 310
59943 280
59944 105
59945 403
59946 402
59947 319
59948 280
59949 544
59950 69
59951 105
59952 402
59953 268
59954 11
59955 261
59956 34
59957 481
59958 491
59959 491
59960 599
59961 366
59962 366
59963 504
59964 305
59965 599
59966 274
59967 585
59968 366
59969 305
59970 585
59971 274
59972 305
59973 274
59974 599
59975 305
59976 439
59977 439
59978 599
59979 541
59980 541
59981 627
59982 627
59983 793
59984 793
59985 793
59986 627
59987 557
59988 533
59989 741
59990 459
59991 627
59992 557
59993 515
59994 462
59995 741
59996 741
59997 816
59998 459
59999 462
