0 754
1 173
2 348
3 458
4 182
5 493
6 449
7 38
8 387
9 10
10 903
11 68
12 944
13 864
14 201
15 378
16 916
17 643
18 654
19 611
20 609
21 227
22 134
23 447
24 806
25 532
26 239
27 615
28 717
29 343
30 818
31 502
32 192
33 911
34 392
35 708
36 540
37 470
38 31
39 460
40 900
41 476
42 386
43 930
44 549
45 412
46 100
47 56
48 518
49 782
50 944
51 808
52 833
53 804
54 59
55 395
56 877
57 548
58 874
59 151
60 921
61 566
62 631
63 144
64 673
65 35
66 940
67 574
68 897
69 596
70 768
71 258
72 109
73 613
74 699
75 286
76 104
77 894
78 111
79 677
80 676
81 941
82 866
83 81
84 546
85 948
86 491
87 649
88 264
89 174
90 999
91 995
92 873
93 100
94 327
95 919
96 273
97 982
98 954
99 504
100 722
101 663
102 857
103 929
104 479
105 458
106 697
107 219
108 372
109 374
110 766
111 715
112 712
113 571
114 665
115 682
116 492
117 605
118 548
119 598
120 743
121 886
122 415
123 195
124 449
125 270
126 218
127 857
128 575
129 857
130 866
131 151
132 537
133 341
134 818
135 187
136 847
137 543
138 833
139 56
140 593
141 865
142 501
143 570
144 777
145 270
146 686
147 972
148 321
149 727
150 635
151 908
152 55
153 339
154 916
155 291
156 211
157 600
158 852
159 416
160 632
161 784
162 54
163 175
164 989
165 230
166 240
167 851
168 636
169 451
170 825
171 105
172 949
173 738
174 677
175 765
176 756
177 136
178 360
179 223
180 447
181 11
182 305
183 515
184 366
185 810
186 103
187 343
188 958
189 98
190 928
191 143
192 813
193 151
194 350
195 93
196 147
197 37
198 505
199 888
200 560
201 670
202 145
203 171
204 951
205 732
206 675
207 859
208 541
209 229
210 510
211 454
212 947
213 740
214 739
215 112
216 669
217 4
218 208
219 242
220 200
221 180
222 990
223 588
224 544
225 577
226 104
227 804
228 140
229 926
230 93
231 281
232 580
233 164
234 176
235 298
236 198
237 316
238 992
239 428
240 712
241 594
242 666
243 126
244 352
245 989
246 75
247 559
248 889
249 419
250 918
251 527
252 632
253 964
254 675
255 910
256 155
257 733
258 168
259 109
260 993
261 363
262 469
263 893
264 13
265 47
266 243
267 999
268 791
269 100
270 267
271 159
272 176
273 89
274 481
275 278
276 203
277 578
278 925
279 70
280 790
281 824
282 330
283 146
284 718
285 297
286 673
287 205
288 156
289 589
290 515
291 321
292 26
293 79
294 908
295 147
296 386
297 659
298 202
299 384
300 809
301 980
302 701
303 573
304 4
305 317
306 570
307 986
308 329
309 164
310 982
311 446
312 74
313 788
314 725
315 379
316 297
317 749
318 765
319 342
320 98
321 431
322 512
323 403
324 286
325 796
326 672
327 573
328 378
329 347
330 531
331 150
332 778
333 116
334 352
335 946
336 685
337 522
338 790
339 754
340 716
341 100
342 51
343 463
344 566
345 24
346 471
347 433
348 222
349 428
350 411
351 672
352 447
353 374
354 228
355 303
356 676
357 866
358 617
359 196
360 671
361 436
362 88
363 192
364 740
365 779
366 301
367 63
368 127
369 998
370 107
371 850
372 507
373 607
374 949
375 708
376 842
377 323
378 652
379 493
380 320
381 334
382 55
383 782
384 916
385 194
386 429
387 95
388 749
389 199
390 133
391 752
392 600
393 378
394 205
395 293
396 335
397 295
398 71
399 241
400 761
401 348
402 677
403 226
404 315
405 535
406 58
407 837
408 599
409 993
410 221
411 429
412 402
413 79
414 656
415 239
416 428
417 601
418 658
419 85
420 732
421 274
422 13
423 706
424 622
425 262
426 628
427 194
428 30
429 834
430 332
431 967
432 726
433 707
434 972
435 673
436 33
437 237
438 959
439 212
440 393
441 359
442 902
443 25
444 66
445 390
446 609
447 25
448 394
449 55
450 487
451 887
452 706
453 761
454 153
455 725
456 432
457 345
458 64
459 658
460 294
461 584
462 646
463 343
464 771
465 68
466 847
467 407
468 488
469 559
470 55
471 627
472 430
473 309
474 639
475 177
476 904
477 517
478 957
479 27
480 852
481 345
482 408
483 318
484 667
485 416
486 398
487 855
488 319
489 517
490 405
491 952
492 133
493 454
494 220
495 301
496 871
497 826
498 197
499 518
500 833
501 437
502 60
503 737
504 651
505 159
506 268
507 148
508 558
509 403
510 830
511 49
512 569
513 696
514 470
515 848
516 258
517 520
518 795
519 116
520 857
521 493
522 361
523 207
524 79
525 236
526 556
527 637
528 857
529 80
530 903
531 573
532 528
533 460
534 828
535 341
536 945
537 254
538 113
539 660
540 260
541 61
542 119
543 280
544 223
545 928
546 686
547 418
548 137
549 920
550 413
551 581
552 914
553 588
554 139
555 948
556 119
557 990
558 774
559 809
560 633
561 85
562 313
563 858
564 301
565 153
566 611
567 682
568 564
569 989
570 327
571 75
572 343
573 562
574 984
575 687
576 637
577 673
578 689
579 633
580 91
581 153
582 923
583 276
584 417
585 629
586 619
587 251
588 482
589 871
590 180
591 483
592 609
593 446
594 489
595 68
596 679
597 541
598 433
599 622
600 856
601 104
602 310
603 940
604 131
605 363
606 136
607 911
608 695
609 645
610 720
611 518
612 104
613 950
614 147
615 942
616 899
617 517
618 546
619 4
620 580
621 153
622 494
623 643
624 551
625 719
626 294
627 10
628 866
629 692
630 769
631 567
632 842
633 315
634 508
635 66
636 25
637 3
638 424
639 75
640 360
641 974
642 673
643 427
644 653
645 425
646 102
647 981
648 878
649 584
650 283
651 786
652 505
653 465
654 521
655 923
656 396
657 817
658 286
659 483
660 545
661 875
662 318
663 762
664 801
665 994
666 126
667 999
668 928
669 325
670 918
671 210
672 335
673 392
674 131
675 926
676 507
677 877
678 311
679 992
680 424
681 641
682 486
683 743
684 345
685 239
686 665
687 276
688 967
689 193
690 231
691 868
692 643
693 387
694 39
695 50
696 832
697 913
698 659
699 541
700 697
701 600
702 819
703 789
704 704
705 465
706 32
707 685
708 180
709 803
710 401
711 72
712 274
713 880
714 70
715 447
716 222
717 748
718 496
719 677
720 123
721 433
722 251
723 352
724 851
725 598
726 631
727 177
728 671
729 768
730 663
731 250
732 45
733 342
734 200
735 253
736 106
737 884
738 676
739 589
740 565
741 83
742 131
743 230
744 99
745 819
746 377
747 439
748 273
749 658
750 354
751 475
752 361
753 443
754 282
755 694
756 902
757 43
758 544
759 557
760 393
761 593
762 724
763 885
764 755
765 649
766 434
767 482
768 688
769 260
770 761
771 29
772 388
773 324
774 325
775 113
776 789
777 859
778 684
779 732
780 416
781 831
782 714
783 148
784 668
785 294
786 0
787 139
788 111
789 962
790 930
791 71
792 898
793 662
794 777
795 18
796 298
797 992
798 416
799 526
800 401
801 189
802 453
803 466
804 455
805 962
806 183
807 128
808 602
809 909
810 774
811 442
812 72
813 700
814 782
815 903
816 28
817 746
818 578
819 3
820 663
821 273
822 964
823 1
824 872
825 818
826 187
827 55
828 481
829 801
830 141
831 266
832 170
833 81
834 306
835 631
836 588
837 363
838 730
839 206
840 45
841 3
842 267
843 563
844 272
845 455
846 267
847 876
848 886
849 35
850 888
851 974
852 625
853 439
854 624
855 250
856 126
857 792
858 654
859 67
860 583
861 732
862 227
863 957
864 810
865 36
866 20
867 952
868 964
869 72
870 879
871 512
872 115
873 133
874 301
875 891
876 704
877 153
878 189
879 421
880 703
881 172
882 266
883 792
884 910
885 244
886 120
887 945
888 23
889 16
890 918
891 857
892 929
893 691
894 152
895 401
896 767
897 562
898 203
899 670
900 61
901 17
902 803
903 356
904 682
905 138
906 993
907 659
908 894
909 527
910 150
911 631
912 467
913 877
914 402
915 732
916 109
917 131
918 348
919 105
920 106
921 672
922 381
923 221
924 301
925 654
926 213
927 921
928 263
929 998
930 596
931 773
932 99
933 526
934 732
935 393
936 483
937 556
938 293
939 324
940 623
941 523
942 888
943 867
944 376
945 892
946 208
947 313
948 901
949 785
950 188
951 135
952 646
953 356
954 703
955 310
956 652
957 904
958 369
959 837
960 38
961 556
962 384
963 431
964 639
965 861
966 750
967 62
968 229
969 267
970 726
971 842
972 830
973 373
974 537
975 579
976 687
977 995
978 493
979 502
980 99
981 639
982 462
983 723
984 675
985 965
986 773
987 789
988 958
989 53
990 720
991 891
992 944
993 569
994 630
995 959
996 863
997 939
998 5
999 562
1000 428
1001 734
1002 961
1003 217
1004 803
1005 278
1006 630
1007 581
1008 223
1009 880
1010 168
1011 617
1012 49
1013 819
1014 112
1015 771
1016 386
1017 364
1018 693
1019 110
1020 906
1021 7
1022 9
1023 670
1024 152
1025 528
1026 289
1027 514
1028 613
1029 556
1030 911
1031 506
1032 603
1033 199
1034 300
1035 426
1036 380
1037 217
1038 262
1039 337
1040 537
1041 744
1042 138
1043 492
1044 408
1045 183
1046 685
1047 243
1048 669
1049 955
1050 923
1051 899
1052 97
1053 903
1054 622
1055 420
1056 504
1057 391
1058 834
1059 213
1060 214
1061 932
1062 204
1063 527
1064 370
1065 738
1066 390
1067 51
1068 195
1069 611
1070 54
1071 279
1072 715
1073 400
1074 35
1075 97
1076 601
1077 161
1078 502
1079 384
1080 667
1081 947
1082 147
1083 146
1084 22
1085 431
1086 193
1087 268
1088 222
1089 223
1090 928
1091 718
1092 435
1093 749
1094 508
1095 847
1096 644
1097 882
1098 461
1099 605
1100 594
1101 238
1102 438
1103 98
1104 323
1105 254
1106 233
1107 607
1108 787
1109 656
1110 848
1111 204
1112 536
1113 79
1114 590
1115 103
1116 870
1117 545
1118 553
1119 783
1120 297
1121 509
1122 753
1123 175
1124 36
1125 398
1126 25
1127 810
1128 944
1129 855
1130 425
1131 225
1132 29
1133 120
1134 881
1135 375
1136 672
1137 949
1138 206
1139 315
1140 82
1141 787
1142 775
1143 670
1144 183
1145 857
1146 780
1147 393
1148 773
1149 382
1150 987
1151 604
1152 13
1153 75
1154 839
1155 461
1156 51
1157 236
1158 892
1159 403
1160 517
1161 68
1162 734
1163 152
1164 852
1165 228
1166 162
1167 538
1168 877
1169 801
1170 895
1171 264
1172 100
1173 274
1174 624
1175 200
1176 768
1177 907
1178 322
1179 502
1180 502
1181 486
1182 383
1183 895
1184 982
1185 97
1186 540
1187 547
1188 730
1189 708
1190 592
1191 456
1192 709
1193 418
1194 291
1195 226
1196 103
1197 488
1198 470
1199 352
1200 705
1201 186
1202 370
1203 216
1204 92
1205 119
1206 910
1207 509
1208 835
1209 856
1210 475
1211 460
1212 527
1213 408
1214 540
1215 104
1216 944
1217 944
1218 674
1219 862
1220 410
1221 764
1222 555
1223 282
1224 635
1225 284
1226 783
1227 220
1228 113
1229 263
1230 284
1231 605
1232 50
1233 56
1234 103
1235 238
1236 577
1237 387
1238 897
1239 292
1240 214
1241 394
1242 537
1243 11
1244 903
1245 357
1246 871
1247 292
1248 730
1249 71
1250 678
1251 894
1252 857
1253 23
1254 1
1255 344
1256 584
1257 361
1258 112
1259 930
1260 479
1261 71
1262 796
1263 67
1264 151
1265 694
1266 192
1267 371
1268 907
1269 231
1270 303
1271 724
1272 517
1273 109
1274 818
1275 881
1276 595
1277 13
1278 677
1279 292
1280 289
1281 723
1282 763
1283 890
1284 344
1285 727
1286 31
1287 706
1288 427
1289 656
1290 387
1291 132
1292 443
1293 23
1294 195
1295 453
1296 149
1297 574
1298 743
1299 285
1300 760
1301 260
1302 920
1303 546
1304 872
1305 498
1306 918
1307 248
1308 245
1309 166
1310 838
1311 249
1312 513
1313 761
1314 227
1315 21
1316 309
1317 717
1318 55
1319 613
1320 711
1321 398
1322 940
1323 608
1324 888
1325 387
1326 537
1327 475
1328 277
1329 599
1330 199
1331 371
1332 655
1333 234
1334 63
1335 678
1336 674
1337 504
1338 562
1339 566
1340 44
1341 574
1342 706
1343 160
1344 111
1345 393
1346 517
1347 30
1348 892
1349 897
1350 588
1351 655
1352 282
1353 604
1354 483
1355 878
1356 379
1357 43
1358 237
1359 859
1360 23
1361 273
1362 807
1363 914
1364 127
1365 157
1366 277
1367 703
1368 543
1369 182
1370 427
1371 490
1372 911
1373 681
1374 511
1375 697
1376 976
1377 341
1378 579
1379 787
1380 304
1381 395
1382 377
1383 807
1384 916
1385 485
1386 285
1387 767
1388 388
1389 633
1390 75
1391 227
1392 304
1393 493
1394 941
1395 385
1396 102
1397 535
1398 693
1399 585
1400 167
1401 857
1402 981
1403 944
1404 331
1405 949
1406 256
1407 121
1408 328
1409 755
1410 938
1411 708
1412 164
1413 891
1414 904
1415 274
1416 152
1417 452
1418 878
1419 433
1420 866
1421 493
1422 145
1423 460
1424 512
1425 358
1426 433
1427 286
1428 512
1429 523
1430 737
1431 645
1432 636
1433 356
1434 464
1435 730
1436 76
1437 513
1438 580
1439 237
1440 65
1441 424
1442 365
1443 798
1444 254
1445 411
1446 599
1447 82
1448 862
1449 375
1450 460
1451 974
1452 241
1453 664
1454 484
1455 296
1456 870
1457 481
1458 833
1459 319
1460 773
1461 491
1462 916
1463 770
1464 500
1465 918
1466 361
1467 318
1468 249
1469 327
1470 268
1471 922
1472 522
1473 48
1474 829
1475 490
1476 710
1477 650
1478 446
1479 982
1480 128
1481 78
1482 858
1483 665
1484 221
1485 704
1486 304
1487 875
1488 900
1489 532
1490 585
1491 222
1492 663
1493 444
1494 706
1495 784
1496 243
1497 906
1498 539
1499 689
1500 220
1501 571
1502 57
1503 515
1504 965
1505 371
1506 624
1507 147
1508 452
1509 800
1510 904
1511 908
1512 621
1513 196
1514 217
1515 108
1516 670
1517 216
1518 411
1519 315
1520 855
1521 488
1522 428
1523 188
1524 235
1525 440
1526 873
1527 728
1528 27
1529 358
1530 70
1531 732
1532 829
1533 964
1534 88
1535 663
1536 521
1537 14
1538 269
1539 522
1540 124
1541 216
1542 182
1543 27
1544 303
1545 791
1546 855
1547 730
1548 397
1549 707
1550 476
1551 433
1552 790
1553 628
1554 171
1555 440
1556 625
1557 738
1558 599
1559 939
1560 551
1561 677
1562 340
1563 681
1564 895
1565 370
1566 170
1567 817
1568 92
1569 35
1570 953
1571 358
1572 414
1573 991
1574 788
1575 835
1576 395
1577 349
1578 685
1579 771
1580 74
1581 363
1582 905
1583 829
1584 444
1585 336
1586 138
1587 167
1588 97
1589 225
1590 437
1591 461
1592 955
1593 512
1594 56
1595 669
1596 447
1597 482
1598 780
1599 285
1600 865
1601 705
1602 1
1603 209
1604 828
1605 150
1606 360
1607 261
1608 622
1609 559
1610 959
1611 818
1612 913
1613 577
1614 987
1615 681
1616 426
1617 411
1618 348
1619 463
1620 744
1621 840
1622 721
1623 625
1624 918
1625 507
1626 295
1627 920
1628 345
1629 529
1630 992
1631 185
1632 915
1633 558
1634 977
1635 829
1636 193
1637 186
1638 995
1639 941
1640 993
1641 955
1642 614
1643 785
1644 796
1645 778
1646 954
1647 385
1648 92
1649 466
1650 565
1651 793
1652 347
1653 876
1654 162
1655 584
1656 100
1657 995
1658 799
1659 848
1660 515
1661 186
1662 675
1663 706
1664 473
1665 264
1666 89
1667 204
1668 6
1669 415
1670 588
1671 337
1672 793
1673 910
1674 664
1675 501
1676 451
1677 709
1678 377
1679 662
1680 634
1681 734
1682 828
1683 829
1684 686
1685 134
1686 615
1687 605
1688 224
1689 573
1690 866
1691 91
1692 605
1693 392
1694 140
1695 770
1696 228
1697 253
1698 415
1699 950
1700 945
1701 464
1702 757
1703 628
1704 992
1705 148
1706 155
1707 734
1708 497
1709 360
1710 387
1711 854
1712 284
1713 805
1714 485
1715 890
1716 525
1717 999
1718 392
1719 382
1720 608
1721 428
1722 808
1723 359
1724 319
1725 191
1726 891
1727 917
1728 145
1729 875
1730 592
1731 133
1732 588
1733 623
1734 218
1735 698
1736 597
1737 632
1738 792
1739 792
1740 176
1741 320
1742 561
1743 49
1744 560
1745 205
1746 878
1747 730
1748 976
1749 584
1750 451
1751 894
1752 671
1753 519
1754 830
1755 168
1756 13
1757 987
1758 69
1759 48
1760 838
1761 36
1762 378
1763 818
1764 290
1765 384
1766 305
1767 677
1768 904
1769 772
1770 641
1771 538
1772 521
1773 827
1774 721
1775 633
1776 923
1777 479
1778 288
1779 106
1780 760
1781 679
1782 461
1783 533
1784 221
1785 659
1786 95
1787 377
1788 203
1789 336
1790 989
1791 9
1792 103
1793 386
1794 71
1795 52
1796 269
1797 858
1798 392
1799 171
1800 721
1801 178
1802 466
1803 676
1804 118
1805 552
1806 972
1807 107
1808 67
1809 823
1810 717
1811 395
1812 592
1813 767
1814 16
1815 424
1816 378
1817 993
1818 394
1819 102
1820 850
1821 59
1822 232
1823 302
1824 396
1825 454
1826 103
1827 458
1828 569
1829 602
1830 557
1831 844
1832 217
1833 630
1834 259
1835 801
1836 773
1837 403
1838 682
1839 185
1840 298
1841 145
1842 980
1843 966
1844 336
1845 448
1846 817
1847 293
1848 592
1849 789
1850 503
1851 955
1852 218
1853 170
1854 969
1855 455
1856 722
1857 687
1858 392
1859 797
1860 153
1861 907
1862 864
1863 574
1864 44
1865 672
1866 141
1867 920
1868 241
1869 35
1870 208
1871 844
1872 263
1873 749
1874 436
1875 351
1876 420
1877 40
1878 603
1879 248
1880 770
1881 512
1882 28
1883 535
1884 873
1885 566
1886 68
1887 782
1888 643
1889 847
1890 61
1891 964
1892 473
1893 314
1894 854
1895 899
1896 534
1897 457
1898 789
1899 943
1900 2
1901 580
1902 996
1903 53
1904 133
1905 381
1906 115
1907 218
1908 718
1909 14
1910 435
1911 594
1912 314
1913 869
1914 852
1915 600
1916 162
1917 635
1918 548
1919 794
1920 98
1921 159
1922 264
1923 41
1924 288
1925 6
1926 349
1927 404
1928 909
1929 24
1930 792
1931 766
1932 907
1933 135
1934 664
1935 696
1936 830
1937 898
1938 78
1939 606
1940 942
1941 169
1942 83
1943 281
1944 976
1945 216
1946 638
1947 124
1948 212
1949 791
1950 647
1951 263
1952 540
1953 184
1954 584
1955 324
1956 578
1957 204
1958 793
1959 125
1960 532
1961 889
1962 274
1963 385
1964 286
1965 887
1966 119
1967 876
1968 1
1969 586
1970 275
1971 687
1972 982
1973 341
1974 740
1975 199
1976 320
1977 496
1978 477
1979 566
1980 62
1981 870
1982 144
1983 530
1984 824
1985 183
1986 986
1987 367
1988 8
1989 694
1990 230
1991 471
1992 50
1993 778
1994 139
1995 161
1996 708
1997 894
1998 551
1999 877
2000 311
2001 992
2002 901
2003 80
2004 692
2005 854
2006 232
2007 201
2008 535
2009 888
2010 916
2011 892
2012 724
2013 834
2014 482
2015 911
2016 770
2017 857
2018 115
2019 908
2020 185
2021 840
2022 24
2023 94
2024 900
2025 902
2026 200
2027 962
2028 231
2029 170
2030 787
2031 227
2032 483
2033 898
2034 972
2035 612
2036 101
2037 556
2038 500
2039 444
2040 135
2041 15
2042 342
2043 879
2044 10
2045 149
2046 447
2047 417
2048 218
2049 758
2050 548
2051 306
2052 820
2053 981
2054 431
2055 549
2056 207
2057 550
2058 319
2059 104
2060 478
2061 512
2062 88
2063 962
2064 152
2065 45
2066 419
2067 316
2068 340
2069 387
2070 383
2071 331
2072 213
2073 37
2074 822
2075 455
2076 183
2077 845
2078 591
2079 916
2080 226
2081 370
2082 523
2083 816
2084 628
2085 434
2086 67
2087 949
2088 640
2089 134
2090 470
2091 530
2092 477
2093 995
2094 644
2095 989
2096 995
2097 730
2098 843
2099 553
2100 693
2101 757
2102 252
2103 190
2104 277
2105 902
2106 921
2107 768
2108 586
2109 332
2110 158
2111 633
2112 382
2113 172
2114 751
2115 362
2116 713
2117 254
2118 413
2119 337
2120 738
2121 69
2122 173
2123 850
2124 685
2125 608
2126 5
2127 779
2128 581
2129 641
2130 817
2131 285
2132 504
2133 258
2134 106
2135 12
2136 961
2137 843
2138 901
2139 949
2140 838
2141 849
2142 683
2143 263
2144 103
2145 58
2146 433
2147 322
2148 389
2149 403
2150 820
2151 83
2152 711
2153 469
2154 113
2155 224
2156 506
2157 541
2158 518
2159 738
2160 256
2161 1
2162 846
2163 704
2164 27
2165 88
2166 438
2167 531
2168 751
2169 384
2170 539
2171 39
2172 469
2173 969
2174 423
2175 197
2176 623
2177 778
2178 705
2179 874
2180 536
2181 235
2182 759
2183 30
2184 557
2185 555
2186 657
2187 427
2188 647
2189 721
2190 662
2191 226
2192 859
2193 128
2194 473
2195 868
2196 976
2197 985
2198 526
2199 350
2200 522
2201 304
2202 231
2203 952
2204 343
2205 897
2206 620
2207 183
2208 156
2209 613
2210 274
2211 951
2212 902
2213 358
2214 189
2215 234
2216 300
2217 244
2218 793
2219 778
2220 302
2221 476
2222 752
2223 106
2224 91
2225 998
2226 966
2227 628
2228 454
2229 376
2230 165
2231 805
2232 7
2233 811
2234 825
2235 561
2236 444
2237 571
2238 62
2239 157
2240 497
2241 589
2242 313
2243 199
2244 914
2245 336
2246 238
2247 229
2248 858
2249 330
2250 843
2251 305
2252 30
2253 702
2254 91
2255 502
2256 775
2257 508
2258 764
2259 306
2260 711
2261 135
2262 382
2263 815
2264 5
2265 493
2266 626
2267 789
2268 807
2269 591
2270 962
2271 274
2272 427
2273 591
2274 378
2275 321
2276 983
2277 921
2278 542
2279 677
2280 250
2281 588
2282 222
2283 824
2284 298
2285 58
2286 337
2287 139
2288 762
2289 315
2290 641
2291 785
2292 560
2293 118
2294 344
2295 204
2296 466
2297 380
2298 184
2299 649
2300 583
2301 598
2302 517
2303 225
2304 982
2305 649
2306 49
2307 825
2308 942
2309 104
2310 190
2311 716
2312 794
2313 601
2314 720
2315 523
2316 258
2317 761
2318 636
2319 449
2320 702
2321 196
2322 341
2323 492
2324 743
2325 473
2326 318
2327 351
2328 100
2329 98
2330 188
2331 2
2332 811
2333 109
2334 847
2335 315
2336 239
2337 108
2338 505
2339 980
2340 200
2341 349
2342 381
2343 394
2344 608
2345 451
2346 587
2347 245
2348 568
2349 942
2350 462
2351 322
2352 860
2353 386
2354 473
2355 346
2356 780
2357 976
2358 435
2359 411
2360 417
2361 989
2362 166
2363 167
2364 230
2365 300
2366 589
2367 373
2368 399
2369 677
2370 340
2371 371
2372 861
2373 927
2374 15
2375 413
2376 645
2377 106
2378 649
2379 650
2380 666
2381 964
2382 50
2383 62
2384 438
2385 726
2386 699
2387 394
2388 27
2389 175
2390 867
2391 394
2392 989
2393 334
2394 895
2395 530
2396 172
2397 803
2398 944
2399 477
2400 701
2401 5
2402 880
2403 662
2404 448
2405 76
2406 75
2407 440
2408 721
2409 355
2410 253
2411 652
2412 829
2413 116
2414 903
2415 923
2416 638
2417 901
2418 119
2419 465
2420 421
2421 558
2422 233
2423 795
2424 323
2425 940
2426 34
2427 373
2428 74
2429 141
2430 630
2431 923
2432 884
2433 887
2434 112
2435 994
2436 355
2437 814
2438 522
2439 117
2440 704
2441 283
2442 318
2443 372
2444 608
2445 355
2446 734
2447 398
2448 872
2449 140
2450 127
2451 180
2452 909
2453 306
2454 72
2455 493
2456 426
2457 773
2458 453
2459 790
2460 169
2461 521
2462 92
2463 399
2464 918
2465 444
2466 44
2467 75
2468 977
2469 639
2470 535
2471 554
2472 244
2473 304
2474 952
2475 840
2476 570
2477 860
2478 523
2479 115
2480 67
2481 555
2482 163
2483 291
2484 254
2485 274
2486 521
2487 287
2488 418
2489 316
2490 570
2491 56
2492 194
2493 298
2494 954
2495 821
2496 724
2497 899
2498 869
2499 821
2500 276
2501 193
2502 540
2503 810
2504 155
2505 91
2506 740
2507 623
2508 52
2509 426
2510 981
2511 4
2512 788
2513 422
2514 225
2515 109
2516 641
2517 848
2518 9
2519 24
2520 522
2521 5
2522 964
2523 242
2524 85
2525 8
2526 796
2527 354
2528 747
2529 218
2530 319
2531 9
2532 206
2533 282
2534 595
2535 765
2536 893
2537 249
2538 730
2539 693
2540 609
2541 487
2542 913
2543 721
2544 617
2545 272
2546 240
2547 553
2548 949
2549 280
2550 462
2551 600
2552 579
2553 216
2554 79
2555 492
2556 879
2557 965
2558 973
2559 568
2560 402
2561 382
2562 137
2563 578
2564 103
2565 62
2566 802
2567 439
2568 445
2569 816
2570 613
2571 233
2572 212
2573 742
2574 60
2575 826
2576 925
2577 900
2578 340
2579 513
2580 582
2581 566
2582 116
2583 22
2584 577
2585 439
2586 877
2587 440
2588 714
2589 188
2590 242
2591 17
2592 170
2593 43
2594 785
2595 169
2596 548
2597 42
2598 38
2599 996
2600 996
2601 430
2602 707
2603 144
2604 473
2605 300
2606 844
2607 227
2608 599
2609 897
2610 778
2611 336
2612 912
2613 376
2614 945
2615 490
2616 762
2617 331
2618 533
2619 641
2620 725
2621 278
2622 389
2623 333
2624 326
2625 367
2626 443
2627 221
2628 158
2629 543
2630 710
2631 709
2632 904
2633 990
2634 579
2635 429
2636 142
2637 78
2638 493
2639 422
2640 209
2641 148
2642 771
2643 365
2644 969
2645 146
2646 751
2647 0
2648 127
2649 691
2650 924
2651 175
2652 201
2653 570
2654 446
2655 891
2656 880
2657 849
2658 155
2659 675
2660 769
2661 915
2662 212
2663 894
2664 541
2665 487
2666 751
2667 345
2668 142
2669 107
2670 56
2671 720
2672 944
2673 730
2674 433
2675 291
2676 657
2677 277
2678 274
2679 813
2680 765
2681 154
2682 417
2683 107
2684 542
2685 834
2686 596
2687 10
2688 541
2689 43
2690 291
2691 421
2692 657
2693 670
2694 352
2695 390
2696 611
2697 450
2698 273
2699 186
2700 450
2701 824
2702 594
2703 453
2704 161
2705 10
2706 853
2707 380
2708 35
2709 377
2710 850
2711 156
2712 330
2713 724
2714 517
2715 470
2716 716
2717 106
2718 263
2719 639
2720 140
2721 315
2722 7
2723 722
2724 415
2725 765
2726 913
2727 495
2728 456
2729 133
2730 548
2731 227
2732 129
2733 705
2734 806
2735 844
2736 170
2737 724
2738 416
2739 130
2740 871
2741 484
2742 373
2743 399
2744 507
2745 309
2746 174
2747 820
2748 46
2749 264
2750 773
2751 10
2752 653
2753 578
2754 635
2755 377
2756 473
2757 912
2758 845
2759 586
2760 469
2761 807
2762 482
2763 86
2764 913
2765 948
2766 234
2767 115
2768 631
2769 837
2770 741
2771 383
2772 255
2773 712
2774 226
2775 561
2776 386
2777 951
2778 607
2779 667
2780 28
2781 457
2782 344
2783 979
2784 905
2785 519
2786 630
2787 100
2788 277
2789 877
2790 369
2791 182
2792 525
2793 134
2794 344
2795 381
2796 707
2797 806
2798 290
2799 395
2800 187
2801 785
2802 690
2803 878
2804 857
2805 431
2806 863
2807 646
2808 235
2809 545
2810 430
2811 601
2812 106
2813 502
2814 226
2815 681
2816 492
2817 333
2818 730
2819 570
2820 627
2821 807
2822 932
2823 700
2824 431
2825 648
2826 298
2827 771
2828 722
2829 606
2830 88
2831 232
2832 483
2833 656
2834 621
2835 521
2836 681
2837 452
2838 773
2839 603
2840 601
2841 795
2842 410
2843 851
2844 769
2845 507
2846 803
2847 50
2848 821
2849 50
2850 827
2851 696
2852 24
2853 498
2854 212
2855 385
2856 693
2857 438
2858 333
2859 780
2860 865
2861 940
2862 445
2863 302
2864 859
2865 120
2866 863
2867 228
2868 648
2869 905
2870 624
2871 405
2872 35
2873 586
2874 693
2875 888
2876 376
2877 301
2878 464
2879 603
2880 414
2881 730
2882 575
2883 779
2884 800
2885 304
2886 415
2887 932
2888 76
2889 802
2890 149
2891 563
2892 957
2893 91
2894 519
2895 753
2896 822
2897 503
2898 524
2899 930
2900 287
2901 413
2902 141
2903 545
2904 493
2905 339
2906 604
2907 581
2908 216
2909 123
2910 899
2911 426
2912 665
2913 421
2914 488
2915 128
2916 559
2917 698
2918 380
2919 969
2920 930
2921 756
2922 98
2923 701
2924 109
2925 35
2926 639
2927 697
2928 261
2929 753
2930 140
2931 332
2932 592
2933 919
2934 754
2935 570
2936 548
2937 969
2938 31
2939 831
2940 107
2941 382
2942 453
2943 591
2944 734
2945 82
2946 721
2947 140
2948 872
2949 709
2950 210
2951 772
2952 85
2953 561
2954 450
2955 787
2956 728
2957 794
2958 773
2959 451
2960 516
2961 220
2962 721
2963 881
2964 737
2965 371
2966 667
2967 8
2968 788
2969 911
2970 3
2971 908
2972 238
2973 757
2974 637
2975 762
2976 168
2977 10
2978 609
2979 640
2980 320
2981 797
2982 832
2983 427
2984 586
2985 405
2986 478
2987 144
2988 60
2989 546
2990 660
2991 275
2992 528
2993 846
2994 290
2995 480
2996 635
2997 862
2998 701
2999 71
3000 185
3001 82
3002 561
3003 380
3004 553
3005 12
3006 529
3007 806
3008 736
3009 56
3010 489
3011 675
3012 323
3013 224
3014 341
3015 137
3016 206
3017 310
3018 97
3019 805
3020 330
3021 259
3022 25
3023 635
3024 800
3025 969
3026 893
3027 168
3028 521
3029 984
3030 291
3031 996
3032 300
3033 300
3034 811
3035 986
3036 38
3037 544
3038 370
3039 898
3040 778
3041 826
3042 159
3043 801
3044 343
3045 450
3046 480
3047 925
3048 64
3049 305
3050 117
3051 825
3052 779
3053 781
3054 554
3055 816
3056 978
3057 97
3058 767
3059 563
3060 89
3061 801
3062 694
3063 636
3064 562
3065 497
3066 593
3067 732
3068 857
3069 304
3070 305
3071 832
3072 378
3073 125
3074 492
3075 58
3076 95
3077 197
3078 640
3079 599
3080 289
3081 678
3082 506
3083 841
3084 453
3085 632
3086 683
3087 668
3088 157
3089 90
3090 309
3091 604
3092 539
3093 623
3094 154
3095 757
3096 592
3097 617
3098 146
3099 649
3100 541
3101 803
3102 754
3103 301
3104 91
3105 487
3106 722
3107 952
3108 751
3109 163
3110 630
3111 271
3112 69
3113 793
3114 83
3115 404
3116 536
3117 669
3118 561
3119 277
3120 24
3121 108
3122 670
3123 380
3124 248
3125 528
3126 620
3127 159
3128 320
3129 201
3130 134
3131 906
3132 776
3133 750
3134 416
3135 986
3136 648
3137 679
3138 518
3139 211
3140 171
3141 604
3142 516
3143 131
3144 488
3145 691
3146 77
3147 656
3148 346
3149 779
3150 365
3151 714
3152 568
3153 230
3154 315
3155 816
3156 206
3157 881
3158 852
3159 139
3160 527
3161 371
3162 908
3163 862
3164 63
3165 15
3166 882
3167 525
3168 276
3169 328
3170 529
3171 38
3172 598
3173 206
3174 987
3175 775
3176 490
3177 276
3178 273
3179 722
3180 519
3181 964
3182 98
3183 277
3184 827
3185 158
3186 275
3187 559
3188 430
3189 690
3190 429
3191 21
3192 542
3193 62
3194 883
3195 283
3196 885
3197 38
3198 855
3199 851
3200 535
3201 511
3202 213
3203 728
3204 406
3205 331
3206 14
3207 145
3208 523
3209 810
3210 867
3211 5
3212 869
3213 442
3214 798
3215 438
3216 745
3217 683
3218 141
3219 750
3220 984
3221 843
3222 418
3223 671
3224 861
3225 608
3226 496
3227 586
3228 837
3229 37
3230 318
3231 769
3232 269
3233 209
3234 452
3235 240
3236 338
3237 622
3238 648
3239 138
3240 272
3241 568
3242 592
3243 723
3244 523
3245 320
3246 767
3247 555
3248 954
3249 83
3250 277
3251 464
3252 644
3253 654
3254 594
3255 803
3256 992
3257 576
3258 112
3259 907
3260 909
3261 374
3262 527
3263 139
3264 559
3265 38
3266 581
3267 240
3268 944
3269 977
3270 4
3271 366
3272 598
3273 227
3274 777
3275 17
3276 540
3277 727
3278 598
3279 722
3280 194
3281 882
3282 596
3283 944
3284 541
3285 977
3286 852
3287 768
3288 635
3289 755
3290 895
3291 404
3292 814
3293 295
3294 832
3295 123
3296 209
3297 754
3298 398
3299 238
3300 33
3301 531
3302 698
3303 665
3304 919
3305 148
3306 117
3307 740
3308 777
3309 542
3310 319
3311 719
3312 754
3313 311
3314 550
3315 897
3316 874
3317 354
3318 626
3319 659
3320 648
3321 453
3322 839
3323 654
3324 479
3325 557
3326 296
3327 97
3328 640
3329 632
3330 918
3331 323
3332 736
3333 713
3334 139
3335 875
3336 943
3337 130
3338 964
3339 386
3340 594
3341 92
3342 29
3343 731
3344 258
3345 662
3346 618
3347 52
3348 764
3349 279
3350 434
3351 982
3352 718
3353 386
3354 434
3355 874
3356 120
3357 913
3358 608
3359 55
3360 382
3361 194
3362 380
3363 740
3364 381
3365 297
3366 428
3367 878
3368 263
3369 328
3370 589
3371 790
3372 352
3373 645
3374 530
3375 946
3376 397
3377 80
3378 602
3379 288
3380 447
3381 969
3382 620
3383 413
3384 124
3385 439
3386 333
3387 651
3388 307
3389 134
3390 524
3391 622
3392 186
3393 294
3394 942
3395 172
3396 18
3397 599
3398 334
3399 853
3400 29
3401 898
3402 963
3403 545
3404 683
3405 824
3406 453
3407 472
3408 337
3409 448
3410 20
3411 377
3412 516
3413 185
3414 231
3415 661
3416 161
3417 373
3418 702
3419 544
3420 871
3421 888
3422 292
3423 545
3424 290
3425 790
3426 899
3427 394
3428 81
3429 434
3430 791
3431 734
3432 845
3433 48
3434 899
3435 856
3436 250
3437 816
3438 11
3439 729
3440 832
3441 865
3442 355
3443 674
3444 404
3445 607
3446 962
3447 473
3448 124
3449 108
3450 554
3451 511
3452 882
3453 6
3454 519
3455 424
3456 712
3457 311
3458 356
3459 704
3460 820
3461 326
3462 250
3463 221
3464 175
3465 442
3466 966
3467 664
3468 533
3469 951
3470 532
3471 980
3472 866
3473 132
3474 92
3475 226
3476 124
3477 504
3478 993
3479 770
3480 54
3481 815
3482 794
3483 41
3484 923
3485 397
3486 477
3487 999
3488 715
3489 643
3490 759
3491 43
3492 33
3493 801
3494 491
3495 124
3496 383
3497 376
3498 350
3499 85
3500 385
3501 588
3502 793
3503 138
3504 977
3505 648
3506 240
3507 39
3508 879
3509 891
3510 735
3511 643
3512 337
3513 833
3514 57
3515 2
3516 503
3517 355
3518 836
3519 489
3520 883
3521 746
3522 264
3523 474
3524 849
3525 452
3526 370
3527 975
3528 220
3529 740
3530 378
3531 271
3532 215
3533 105
3534 512
3535 163
3536 62
3537 349
3538 837
3539 45
3540 942
3541 40
3542 65
3543 175
3544 435
3545 596
3546 325
3547 905
3548 722
3549 679
3550 906
3551 454
3552 675
3553 178
3554 803
3555 790
3556 127
3557 90
3558 431
3559 720
3560 137
3561 114
3562 579
3563 487
3564 585
3565 299
3566 742
3567 777
3568 668
3569 767
3570 926
3571 690
3572 227
3573 174
3574 154
3575 379
3576 186
3577 77
3578 166
3579 594
3580 892
3581 143
3582 426
3583 746
3584 171
3585 878
3586 442
3587 515
3588 396
3589 470
3590 929
3591 971
3592 889
3593 790
3594 796
3595 25
3596 469
3597 943
3598 414
3599 173
3600 626
3601 702
3602 493
3603 953
3604 539
3605 713
3606 306
3607 722
3608 728
3609 695
3610 166
3611 310
3612 290
3613 583
3614 369
3615 188
3616 90
3617 669
3618 76
3619 734
3620 713
3621 583
3622 908
3623 354
3624 501
3625 609
3626 61
3627 724
3628 439
3629 768
3630 160
3631 53
3632 882
3633 470
3634 378
3635 184
3636 865
3637 409
3638 174
3639 861
3640 778
3641 172
3642 266
3643 805
3644 672
3645 784
3646 581
3647 728
3648 278
3649 147
3650 321
3651 856
3652 434
3653 687
3654 128
3655 101
3656 520
3657 76
3658 961
3659 535
3660 491
3661 157
3662 439
3663 743
3664 220
3665 183
3666 62
3667 306
3668 607
3669 477
3670 698
3671 185
3672 29
3673 517
3674 593
3675 382
3676 47
3677 425
3678 925
3679 606
3680 960
3681 172
3682 460
3683 539
3684 606
3685 821
3686 679
3687 687
3688 552
3689 945
3690 992
3691 301
3692 808
3693 645
3694 674
3695 640
3696 381
3697 418
3698 789
3699 94
3700 911
3701 378
3702 500
3703 150
3704 456
3705 490
3706 424
3707 393
3708 274
3709 770
3710 685
3711 421
3712 347
3713 558
3714 808
3715 44
3716 131
3717 275
3718 922
3719 824
3720 789
3721 288
3722 996
3723 739
3724 696
3725 257
3726 491
3727 446
3728 160
3729 502
3730 243
3731 113
3732 217
3733 613
3734 419
3735 593
3736 765
3737 979
3738 991
3739 329
3740 315
3741 731
3742 596
3743 609
3744 49
3745 786
3746 684
3747 96
3748 127
3749 999
3750 286
3751 58
3752 908
3753 41
3754 705
3755 947
3756 980
3757 168
3758 69
3759 7
3760 680
3761 481
3762 906
3763 309
3764 953
3765 433
3766 159
3767 472
3768 272
3769 866
3770 663
3771 449
3772 607
3773 689
3774 126
3775 797
3776 828
3777 620
3778 648
3779 207
3780 424
3781 491
3782 148
3783 485
3784 357
3785 989
3786 63
3787 181
3788 838
3789 593
3790 471
3791 340
3792 521
3793 584
3794 876
3795 183
3796 841
3797 284
3798 436
3799 383
3800 278
3801 505
3802 160
3803 561
3804 302
3805 239
3806 518
3807 443
3808 563
3809 991
3810 188
3811 874
3812 431
3813 853
3814 896
3815 465
3816 375
3817 167
3818 661
3819 14
3820 165
3821 964
3822 442
3823 301
3824 715
3825 324
3826 176
3827 900
3828 81
3829 867
3830 538
3831 149
3832 84
3833 887
3834 746
3835 369
3836 20
3837 509
3838 166
3839 464
3840 397
3841 628
3842 839
3843 893
3844 629
3845 24
3846 18
3847 72
3848 586
3849 183
3850 731
3851 985
3852 851
3853 914
3854 351
3855 403
3856 908
3857 685
3858 568
3859 370
3860 58
3861 494
3862 181
3863 938
3864 188
3865 28
3866 201
3867 992
3868 458
3869 533
3870 367
3871 511
3872 976
3873 427
3874 120
3875 397
3876 842
3877 826
3878 490
3879 637
3880 379
3881 739
3882 407
3883 738
3884 930
3885 541
3886 910
3887 486
3888 290
3889 166
3890 24
3891 98
3892 393
3893 299
3894 190
3895 768
3896 216
3897 843
3898 572
3899 251
3900 366
3901 795
3902 690
3903 551
3904 982
3905 917
3906 875
3907 495
3908 478
3909 59
3910 46
3911 434
3912 25
3913 776
3914 104
3915 202
3916 664
3917 902
3918 320
3919 88
3920 888
3921 458
3922 519
3923 948
3924 228
3925 754
3926 112
3927 619
3928 647
3929 379
3930 913
3931 465
3932 741
3933 360
3934 292
3935 844
3936 63
3937 616
3938 983
3939 896
3940 272
3941 407
3942 41
3943 886
3944 900
3945 210
3946 721
3947 804
3948 97
3949 564
3950 753
3951 29
3952 758
3953 512
3954 594
3955 148
3956 902
3957 564
3958 591
3959 107
3960 261
3961 391
3962 297
3963 422
3964 273
3965 804
3966 664
3967 832
3968 107
3969 948
3970 74
3971 590
3972 246
3973 393
3974 803
3975 482
3976 982
3977 320
3978 938
3979 384
3980 287
3981 609
3982 255
3983 531
3984 436
3985 772
3986 633
3987 239
3988 751
3989 500
3990 998
3991 985
3992 919
3993 830
3994 330
3995 4
3996 166
3997 669
3998 202
3999 705
4000 649
4001 643
4002 40
4003 338
4004 56
4005 246
4006 702
4007 879
4008 169
4009 448
4010 771
4011 166
4012 904
4013 584
4014 397
4015 204
4016 353
4017 381
4018 556
4019 750
4020 331
4021 770
4022 946
4023 222
4024 10
4025 960
4026 780
4027 799
4028 840
4029 337
4030 478
4031 147
4032 569
4033 560
4034 223
4035 668
4036 269
4037 325
4038 604
4039 156
4040 420
4041 249
4042 248
4043 164
4044 958
4045 265
4046 930
4047 521
4048 316
4049 34
4050 212
4051 927
4052 948
4053 546
4054 862
4055 441
4056 332
4057 891
4058 674
4059 442
4060 560
4061 478
4062 987
4063 616
4064 525
4065 119
4066 340
4067 322
4068 258
4069 35
4070 948
4071 149
4072 180
4073 476
4074 988
4075 74
4076 84
4077 767
4078 415
4079 849
4080 426
4081 53
4082 401
4083 392
4084 182
4085 911
4086 956
4087 895
4088 530
4089 361
4090 733
4091 893
4092 874
4093 84
4094 299
4095 611
4096 82
4097 293
4098 422
4099 792
4100 596
4101 516
4102 46
4103 149
4104 570
4105 445
4106 34
4107 51
4108 143
4109 876
4110 58
4111 355
4112 375
4113 177
4114 543
4115 321
4116 820
4117 573
4118 354
4119 304
4120 301
4121 665
4122 856
4123 476
4124 402
4125 942
4126 386
4127 498
4128 448
4129 469
4130 440
4131 923
4132 328
4133 268
4134 76
4135 294
4136 247
4137 864
4138 371
4139 575
4140 924
4141 838
4142 526
4143 822
4144 751
4145 325
4146 389
4147 976
4148 907
4149 242
4150 208
4151 403
4152 926
4153 785
4154 620
4155 292
4156 925
4157 135
4158 395
4159 294
4160 587
4161 425
4162 310
4163 716
4164 242
4165 211
4166 858
4167 948
4168 684
4169 231
4170 411
4171 188
4172 434
4173 277
4174 478
4175 775
4176 793
4177 772
4178 481
4179 355
4180 404
4181 276
4182 333
4183 104
4184 376
4185 214
4186 955
4187 891
4188 152
4189 747
4190 6
4191 121
4192 352
4193 70
4194 803
4195 164
4196 275
4197 537
4198 759
4199 90
4200 196
4201 841
4202 172
4203 957
4204 459
4205 197
4206 702
4207 361
4208 876
4209 750
4210 724
4211 423
4212 580
4213 166
4214 338
4215 878
4216 311
4217 233
4218 641
4219 889
4220 520
4221 816
4222 385
4223 771
4224 0
4225 602
4226 419
4227 699
4228 563
4229 862
4230 305
4231 64
4232 347
4233 126
4234 275
4235 208
4236 644
4237 815
4238 197
4239 714
4240 651
4241 856
4242 88
4243 581
4244 694
4245 352
4246 114
4247 867
4248 81
4249 662
4250 994
4251 53
4252 880
4253 569
4254 469
4255 760
4256 756
4257 831
4258 733
4259 328
4260 987
4261 562
4262 345
4263 59
4264 259
4265 672
4266 703
4267 722
4268 773
4269 431
4270 897
4271 389
4272 622
4273 500
4274 453
4275 171
4276 826
4277 387
4278 445
4279 759
4280 665
4281 749
4282 295
4283 219
4284 263
4285 708
4286 96
4287 839
4288 848
4289 138
4290 367
4291 586
4292 262
4293 679
4294 592
4295 12
4296 5
4297 122
4298 718
4299 112
4300 684
4301 662
4302 399
4303 601
4304 970
4305 72
4306 415
4307 197
4308 99
4309 307
4310 626
4311 423
4312 843
4313 487
4314 33
4315 981
4316 204
4317 782
4318 25
4319 261
4320 351
4321 105
4322 826
4323 174
4324 994
4325 837
4326 470
4327 837
4328 737
4329 796
4330 343
4331 769
4332 391
4333 786
4334 8
4335 29
4336 859
4337 634
4338 593
4339 191
4340 975
4341 510
4342 683
4343 810
4344 782
4345 227
4346 656
4347 415
4348 146
4349 166
4350 316
4351 450
4352 981
4353 866
4354 925
4355 185
4356 662
4357 84
4358 600
4359 597
4360 520
4361 885
4362 481
4363 346
4364 881
4365 183
4366 940
4367 119
4368 452
4369 491
4370 384
4371 360
4372 391
4373 527
4374 383
4375 158
4376 703
4377 286
4378 146
4379 858
4380 769
4381 550
4382 472
4383 240
4384 602
4385 955
4386 537
4387 490
4388 787
4389 307
4390 808
4391 848
4392 38
4393 83
4394 693
4395 670
4396 752
4397 731
4398 35
4399 8
4400 157
4401 456
4402 469
4403 2
4404 287
4405 358
4406 61
4407 251
4408 781
4409 250
4410 226
4411 805
4412 84
4413 850
4414 740
4415 367
4416 918
4417 442
4418 328
4419 255
4420 135
4421 67
4422 563
4423 190
4424 637
4425 694
4426 970
4427 34
4428 692
4429 481
4430 654
4431 957
4432 675
4433 272
4434 474
4435 567
4436 431
4437 394
4438 208
4439 359
4440 545
4441 341
4442 422
4443 381
4444 492
4445 776
4446 171
4447 398
4448 762
4449 130
4450 286
4451 973
4452 978
4453 376
4454 234
4455 434
4456 191
4457 24
4458 518
4459 606
4460 518
4461 385
4462 663
4463 341
4464 761
4465 646
4466 839
4467 733
4468 956
4469 953
4470 48
4471 861
4472 91
4473 420
4474 682
4475 997
4476 213
4477 32
4478 958
4479 591
4480 30
4481 222
4482 283
4483 36
4484 739
4485 115
4486 504
4487 606
4488 762
4489 465
4490 300
4491 102
4492 814
4493 570
4494 844
4495 976
4496 138
4497 5
4498 224
4499 818
4500 922
4501 664
4502 418
4503 260
4504 542
4505 453
4506 840
4507 736
4508 872
4509 715
4510 480
4511 264
4512 368
4513 600
4514 480
4515 696
4516 14
4517 640
4518 17
4519 620
4520 845
4521 306
4522 799
4523 176
4524 530
4525 810
4526 661
4527 87
4528 988
4529 71
4530 341
4531 387
4532 214
4533 751
4534 854
4535 15
4536 283
4537 817
4538 304
4539 823
4540 89
4541 413
4542 469
4543 112
4544 26
4545 971
4546 690
4547 924
4548 921
4549 368
4550 734
4551 51
4552 246
4553 674
4554 941
4555 695
4556 659
4557 530
4558 197
4559 265
4560 833
4561 8
4562 512
4563 293
4564 835
4565 774
4566 123
4567 628
4568 496
4569 775
4570 12
4571 190
4572 62
4573 553
4574 224
4575 914
4576 753
4577 382
4578 528
4579 64
4580 280
4581 22
4582 531
4583 668
4584 369
4585 733
4586 57
4587 60
4588 311
4589 768
4590 264
4591 98
4592 694
4593 440
4594 365
4595 943
4596 7
4597 426
4598 667
4599 23
4600 890
4601 443
4602 938
4603 867
4604 56
4605 11
4606 739
4607 223
4608 257
4609 837
4610 727
4611 669
4612 362
4613 707
4614 784
4615 742
4616 382
4617 371
4618 648
4619 783
4620 974
4621 6
4622 358
4623 108
4624 252
4625 716
4626 872
4627 775
4628 21
4629 307
4630 579
4631 190
4632 202
4633 328
4634 922
4635 844
4636 87
4637 1
4638 361
4639 177
4640 402
4641 502
4642 83
4643 284
4644 743
4645 260
4646 729
4647 402
4648 988
4649 538
4650 782
4651 350
4652 513
4653 651
4654 170
4655 434
4656 567
4657 135
4658 332
4659 142
4660 312
4661 673
4662 380
4663 102
4664 332
4665 426
4666 333
4667 908
4668 833
4669 390
4670 411
4671 421
4672 555
4673 839
4674 878
4675 99
4676 689
4677 500
4678 650
4679 2
4680 357
4681 227
4682 519
4683 121
4684 279
4685 45
4686 490
4687 71
4688 12
4689 551
4690 977
4691 729
4692 365
4693 905
4694 737
4695 17
4696 230
4697 40
4698 73
4699 275
4700 66
4701 973
4702 105
4703 94
4704 193
4705 670
4706 991
4707 528
4708 132
4709 309
4710 143
4711 704
4712 207
4713 491
4714 591
4715 732
4716 482
4717 425
4718 251
4719 33
4720 519
4721 241
4722 796
4723 814
4724 29
4725 495
4726 656
4727 682
4728 699
4729 213
4730 723
4731 861
4732 306
4733 961
4734 320
4735 65
4736 838
4737 403
4738 217
4739 126
4740 604
4741 586
4742 945
4743 343
4744 339
4745 845
4746 865
4747 90
4748 684
4749 446
4750 269
4751 423
4752 673
4753 296
4754 398
4755 82
4756 79
4757 265
4758 585
4759 993
4760 137
4761 191
4762 948
4763 97
4764 923
4765 362
4766 563
4767 9
4768 141
4769 326
4770 381
4771 568
4772 307
4773 889
4774 18
4775 425
4776 920
4777 222
4778 410
4779 438
4780 594
4781 286
4782 592
4783 473
4784 804
4785 887
4786 247
4787 932
4788 634
4789 674
4790 565
4791 379
4792 896
4793 586
4794 513
4795 794
4796 483
4797 756
4798 805
4799 662
4800 51
4801 878
4802 445
4803 203
4804 383
4805 541
4806 4
4807 305
4808 265
4809 726
4810 430
4811 681
4812 666
4813 299
4814 350
4815 259
4816 769
4817 451
4818 15
4819 713
4820 670
4821 914
4822 526
4823 648
4824 435
4825 568
4826 345
4827 536
4828 258
4829 5
4830 113
4831 292
4832 563
4833 516
4834 855
4835 179
4836 852
4837 864
4838 602
4839 169
4840 747
4841 701
4842 523
4843 241
4844 149
4845 965
4846 514
4847 21
4848 926
4849 677
4850 216
4851 312
4852 437
4853 860
4854 160
4855 393
4856 227
4857 128
4858 450
4859 253
4860 974
4861 966
4862 686
4863 195
4864 7
4865 265
4866 691
4867 841
4868 925
4869 920
4870 470
4871 646
4872 512
4873 244
4874 869
4875 300
4876 194
4877 990
4878 324
4879 521
4880 920
4881 609
4882 667
4883 697
4884 239
4885 949
4886 259
4887 819
4888 452
4889 444
4890 269
4891 262
4892 525
4893 604
4894 575
4895 720
4896 97
4897 953
4898 862
4899 640
4900 71
4901 827
4902 737
4903 737
4904 166
4905 653
4906 792
4907 479
4908 942
4909 100
4910 637
4911 74
4912 778
4913 125
4914 250
4915 741
4916 758
4917 998
4918 858
4919 158
4920 476
4921 838
4922 285
4923 85
4924 583
4925 482
4926 442
4927 755
4928 483
4929 338
4930 87
4931 718
4932 595
4933 299
4934 564
4935 290
4936 31
4937 83
4938 10
4939 451
4940 112
4941 916
4942 123
4943 239
4944 689
4945 546
4946 784
4947 506
4948 673
4949 712
4950 205
4951 805
4952 907
4953 589
4954 614
4955 624
4956 778
4957 107
4958 30
4959 477
4960 555
4961 683
4962 253
4963 484
4964 124
4965 21
4966 236
4967 113
4968 219
4969 503
4970 829
4971 547
4972 602
4973 899
4974 879
4975 260
4976 2
4977 664
4978 707
4979 819
4980 803
4981 702
4982 745
4983 400
4984 271
4985 601
4986 920
4987 91
4988 164
4989 845
4990 752
4991 560
4992 595
4993 862
4994 231
4995 813
4996 372
4997 898
4998 864
4999 670
5000 783
5001 486
5002 233
5003 117
5004 385
5005 618
5006 381
5007 284
5008 971
5009 939
5010 17
5011 280
5012 45
5013 303
5014 100
5015 525
5016 27
5017 304
5018 18
5019 750
5020 803
5021 19
5022 179
5023 476
5024 486
5025 639
5026 100
5027 904
5028 146
5029 426
5030 368
5031 865
5032 188
5033 831
5034 31
5035 161
5036 876
5037 287
5038 819
5039 782
5040 369
5041 660
5042 511
5043 834
5044 295
5045 765
5046 426
5047 780
5048 222
5049 853
5050 993
5051 441
5052 247
5053 870
5054 676
5055 710
5056 941
5057 799
5058 111
5059 250
5060 201
5061 646
5062 639
5063 832
5064 858
5065 506
5066 276
5067 717
5068 506
5069 545
5070 640
5071 502
5072 353
5073 328
5074 215
5075 495
5076 415
5077 698
5078 767
5079 924
5080 40
5081 620
5082 417
5083 22
5084 236
5085 32
5086 786
5087 143
5088 146
5089 97
5090 862
5091 339
5092 375
5093 479
5094 254
5095 899
5096 894
5097 80
5098 854
5099 930
5100 690
5101 527
5102 618
5103 48
5104 601
5105 818
5106 481
5107 698
5108 129
5109 880
5110 554
5111 930
5112 582
5113 483
5114 135
5115 862
5116 328
5117 558
5118 449
5119 247
5120 990
5121 17
5122 966
5123 338
5124 789
5125 675
5126 46
5127 531
5128 63
5129 236
5130 366
5131 444
5132 913
5133 916
5134 607
5135 587
5136 266
5137 837
5138 595
5139 899
5140 52
5141 855
5142 332
5143 105
5144 482
5145 476
5146 789
5147 492
5148 88
5149 716
5150 663
5151 131
5152 616
5153 278
5154 544
5155 266
5156 58
5157 506
5158 485
5159 7
5160 831
5161 992
5162 784
5163 800
5164 227
5165 316
5166 39
5167 199
5168 516
5169 996
5170 446
5171 242
5172 101
5173 74
5174 62
5175 710
5176 471
5177 360
5178 824
5179 774
5180 410
5181 779
5182 328
5183 387
5184 250
5185 32
5186 63
5187 884
5188 657
5189 389
5190 640
5191 342
5192 787
5193 692
5194 986
5195 610
5196 136
5197 577
5198 517
5199 687
5200 683
5201 29
5202 749
5203 118
5204 800
5205 135
5206 925
5207 754
5208 230
5209 970
5210 843
5211 671
5212 550
5213 884
5214 802
5215 48
5216 173
5217 549
5218 440
5219 707
5220 610
5221 73
5222 15
5223 615
5224 492
5225 768
5226 901
5227 40
5228 203
5229 279
5230 72
5231 661
5232 35
5233 629
5234 231
5235 930
5236 995
5237 464
5238 62
5239 840
5240 166
5241 345
5242 124
5243 115
5244 112
5245 706
5246 793
5247 254
5248 516
5249 658
5250 131
5251 10
5252 653
5253 820
5254 296
5255 514
5256 972
5257 478
5258 899
5259 396
5260 410
5261 367
5262 510
5263 856
5264 14
5265 87
5266 164
5267 281
5268 123
5269 932
5270 519
5271 768
5272 214
5273 200
5274 415
5275 75
5276 787
5277 37
5278 334
5279 634
5280 996
5281 265
5282 878
5283 748
5284 249
5285 135
5286 271
5287 226
5288 455
5289 353
5290 205
5291 15
5292 656
5293 978
5294 20
5295 538
5296 87
5297 941
5298 302
5299 888
5300 32
5301 821
5302 882
5303 379
5304 916
5305 480
5306 656
5307 532
5308 735
5309 183
5310 546
5311 95
5312 97
5313 184
5314 450
5315 35
5316 562
5317 201
5318 91
5319 638
5320 639
5321 829
5322 483
5323 327
5324 859
5325 417
5326 949
5327 415
5328 282
5329 708
5330 417
5331 371
5332 371
5333 136
5334 952
5335 376
5336 455
5337 471
5338 81
5339 229
5340 273
5341 397
5342 232
5343 128
5344 526
5345 949
5346 46
5347 138
5348 736
5349 650
5350 153
5351 781
5352 427
5353 348
5354 964
5355 12
5356 294
5357 783
5358 40
5359 684
5360 964
5361 222
5362 161
5363 392
5364 503
5365 3
5366 734
5367 984
5368 316
5369 758
5370 22
5371 389
5372 679
5373 765
5374 626
5375 723
5376 646
5377 969
5378 179
5379 920
5380 481
5381 512
5382 673
5383 110
5384 615
5385 626
5386 879
5387 428
5388 330
5389 541
5390 77
5391 426
5392 909
5393 504
5394 869
5395 659
5396 158
5397 249
5398 179
5399 694
5400 487
5401 488
5402 115
5403 113
5404 312
5405 25
5406 758
5407 723
5408 624
5409 236
5410 518
5411 333
5412 261
5413 310
5414 121
5415 982
5416 840
5417 144
5418 708
5419 195
5420 145
5421 975
5422 280
5423 52
5424 882
5425 103
5426 212
5427 241
5428 768
5429 532
5430 449
5431 347
5432 507
5433 546
5434 491
5435 304
5436 163
5437 457
5438 40
5439 347
5440 553
5441 384
5442 257
5443 97
5444 760
5445 823
5446 268
5447 844
5448 36
5449 636
5450 577
5451 371
5452 814
5453 245
5454 993
5455 942
5456 544
5457 664
5458 922
5459 589
5460 702
5461 958
5462 428
5463 879
5464 6
5465 519
5466 985
5467 849
5468 373
5469 327
5470 985
5471 917
5472 389
5473 739
5474 678
5475 582
5476 190
5477 303
5478 884
5479 602
5480 779
5481 925
5482 708
5483 998
5484 80
5485 791
5486 614
5487 262
5488 358
5489 819
5490 114
5491 627
5492 951
5493 211
5494 624
5495 199
5496 83
5497 359
5498 401
5499 804
5500 752
5501 342
5502 417
5503 780
5504 649
5505 54
5506 215
5507 628
5508 30
5509 500
5510 274
5511 28
5512 987
5513 96
5514 754
5515 504
5516 404
5517 324
5518 369
5519 868
5520 16
5521 16
5522 908
5523 439
5524 874
5525 516
5526 794
5527 912
5528 370
5529 496
5530 163
5531 505
5532 520
5533 40
5534 868
5535 848
5536 27
5537 124
5538 804
5539 218
5540 724
5541 87
5542 310
5543 787
5544 143
5545 600
5546 295
5547 373
5548 356
5549 906
5550 176
5551 894
5552 849
5553 128
5554 139
5555 298
5556 249
5557 704
5558 359
5559 879
5560 108
5561 983
5562 950
5563 658
5564 679
5565 169
5566 514
5567 861
5568 767
5569 980
5570 668
5571 330
5572 62
5573 227
5574 618
5575 222
5576 946
5577 931
5578 68
5579 518
5580 612
5581 132
5582 665
5583 173
5584 146
5585 560
5586 8
5587 561
5588 393
5589 982
5590 38
5591 290
5592 779
5593 804
5594 870
5595 89
5596 20
5597 702
5598 703
5599 736
5600 995
5601 164
5602 65
5603 420
5604 254
5605 723
5606 233
5607 184
5608 759
5609 503
5610 225
5611 791
5612 701
5613 698
5614 297
5615 904
5616 179
5617 173
5618 305
5619 684
5620 319
5621 723
5622 367
5623 950
5624 942
5625 9
5626 491
5627 605
5628 380
5629 251
5630 914
5631 245
5632 974
5633 504
5634 55
5635 234
5636 447
5637 105
5638 784
5639 417
5640 761
5641 109
5642 323
5643 505
5644 983
5645 757
5646 793
5647 478
5648 690
5649 793
5650 502
5651 159
5652 140
5653 69
5654 622
5655 525
5656 735
5657 650
5658 264
5659 566
5660 784
5661 841
5662 699
5663 240
5664 599
5665 188
5666 778
5667 822
5668 110
5669 852
5670 793
5671 129
5672 964
5673 605
5674 663
5675 3
5676 428
5677 766
5678 655
5679 90
5680 899
5681 271
5682 601
5683 619
5684 275
5685 105
5686 322
5687 5
5688 376
5689 928
5690 175
5691 618
5692 662
5693 717
5694 229
5695 435
5696 522
5697 807
5698 951
5699 546
5700 172
5701 547
5702 827
5703 92
5704 19
5705 518
5706 963
5707 748
5708 66
5709 844
5710 723
5711 121
5712 841
5713 44
5714 749
5715 339
5716 419
5717 132
5718 487
5719 258
5720 466
5721 747
5722 971
5723 399
5724 575
5725 878
5726 772
5727 62
5728 495
5729 73
5730 48
5731 426
5732 419
5733 229
5734 300
5735 227
5736 760
5737 797
5738 45
5739 155
5740 29
5741 77
5742 775
5743 554
5744 433
5745 494
5746 87
5747 923
5748 35
5749 491
5750 568
5751 687
5752 360
5753 480
5754 245
5755 507
5756 63
5757 356
5758 713
5759 660
5760 316
5761 103
5762 669
5763 974
5764 650
5765 804
5766 161
5767 328
5768 60
5769 222
5770 728
5771 36
5772 26
5773 530
5774 877
5775 714
5776 711
5777 409
5778 231
5779 333
5780 165
5781 618
5782 17
5783 229
5784 154
5785 365
5786 623
5787 973
5788 487
5789 434
5790 357
5791 344
5792 57
5793 741
5794 406
5795 96
5796 73
5797 876
5798 794
5799 245
5800 256
5801 426
5802 128
5803 311
5804 204
5805 204
5806 890
5807 808
5808 897
5809 806
5810 186
5811 612
5812 710
5813 637
5814 642
5815 854
5816 5
5817 958
5818 794
5819 1
5820 803
5821 506
5822 472
5823 46
5824 689
5825 361
5826 333
5827 850
5828 188
5829 543
5830 12
5831 337
5832 539
5833 109
5834 74
5835 265
5836 886
5837 22
5838 772
5839 256
5840 979
5841 733
5842 758
5843 369
5844 146
5845 279
5846 354
5847 666
5848 333
5849 810
5850 809
5851 405
5852 862
5853 638
5854 295
5855 52
5856 220
5857 321
5858 825
5859 543
5860 961
5861 615
5862 697
5863 18
5864 811
5865 926
5866 264
5867 900
5868 29
5869 700
5870 275
5871 567
5872 801
5873 723
5874 939
5875 845
5876 786
5877 872
5878 700
5879 589
5880 930
5881 46
5882 965
5883 785
5884 221
5885 919
5886 112
5887 780
5888 795
5889 733
5890 197
5891 542
5892 839
5893 835
5894 557
5895 769
5896 73
5897 94
5898 623
5899 583
5900 834
5901 841
5902 53
5903 298
5904 303
5905 515
5906 489
5907 438
5908 34
5909 741
5910 288
5911 583
5912 447
5913 349
5914 10
5915 431
5916 513
5917 166
5918 507
5919 147
5920 41
5921 199
5922 129
5923 472
5924 814
5925 565
5926 576
5927 606
5928 625
5929 456
5930 739
5931 690
5932 99
5933 159
5934 221
5935 163
5936 36
5937 456
5938 256
5939 367
5940 896
5941 119
5942 684
5943 94
5944 477
5945 71
5946 0
5947 453
5948 469
5949 854
5950 355
5951 423
5952 330
5953 379
5954 249
5955 138
5956 174
5957 371
5958 92
5959 918
5960 65
5961 66
5962 699
5963 579
5964 193
5965 345
5966 579
5967 461
5968 378
5969 257
5970 486
5971 321
5972 285
5973 486
5974 11
5975 640
5976 265
5977 753
5978 804
5979 691
5980 538
5981 367
5982 948
5983 635
5984 728
5985 575
5986 872
5987 141
5988 915
5989 212
5990 102
5991 314
5992 356
5993 864
5994 463
5995 289
5996 552
5997 544
5998 676
5999 919
6000 285
6001 474
6002 865
6003 623
6004 64
6005 95
6006 909
6007 363
6008 847
6009 314
6010 85
6011 324
6012 580
6013 846
6014 567
6015 362
6016 4
6017 138
6018 505
6019 870
6020 235
6021 137
6022 599
6023 742
6024 332
6025 384
6026 312
6027 615
6028 591
6029 243
6030 166
6031 666
6032 115
6033 239
6034 656
6035 714
6036 567
6037 126
6038 902
6039 687
6040 553
6041 506
6042 489
6043 370
6044 774
6045 767
6046 997
6047 953
6048 426
6049 549
6050 556
6051 402
6052 366
6053 761
6054 356
6055 182
6056 185
6057 767
6058 319
6059 275
6060 331
6061 634
6062 998
6063 527
6064 802
6065 610
6066 666
6067 132
6068 78
6069 778
6070 11
6071 223
6072 251
6073 270
6074 680
6075 411
6076 55
6077 81
6078 820
6079 50
6080 679
6081 481
6082 432
6083 295
6084 544
6085 43
6086 764
6087 885
6088 53
6089 149
6090 591
6091 822
6092 688
6093 342
6094 173
6095 303
6096 132
6097 686
6098 852
6099 640
6100 983
6101 959
6102 969
6103 727
6104 290
6105 975
6106 433
6107 940
6108 867
6109 974
6110 809
6111 713
6112 297
6113 47
6114 303
6115 420
6116 485
6117 748
6118 601
6119 665
6120 911
6121 462
6122 772
6123 519
6124 620
6125 836
6126 748
6127 97
6128 190
6129 134
6130 575
6131 385
6132 304
6133 529
6134 852
6135 634
6136 661
6137 590
6138 32
6139 666
6140 564
6141 162
6142 355
6143 203
6144 972
6145 820
6146 24
6147 864
6148 626
6149 288
6150 399
6151 447
6152 829
6153 10
6154 679
6155 993
6156 70
6157 34
6158 9
6159 334
6160 487
6161 635
6162 31
6163 207
6164 612
6165 728
6166 83
6167 479
6168 128
6169 657
6170 246
6171 88
6172 759
6173 49
6174 740
6175 973
6176 727
6177 657
6178 480
6179 507
6180 485
6181 616
6182 785
6183 218
6184 805
6185 589
6186 704
6187 315
6188 226
6189 887
6190 21
6191 712
6192 942
6193 86
6194 532
6195 113
6196 867
6197 868
6198 179
6199 495
6200 444
6201 710
6202 707
6203 903
6204 741
6205 270
6206 8
6207 129
6208 25
6209 334
6210 500
6211 541
6212 119
6213 832
6214 693
6215 707
6216 404
6217 993
6218 570
6219 767
6220 37
6221 157
6222 765
6223 633
6224 782
6225 577
6226 880
6227 963
6228 187
6229 890
6230 19
6231 704
6232 380
6233 261
6234 6
6235 23
6236 311
6237 577
6238 55
6239 655
6240 809
6241 670
6242 77
6243 602
6244 183
6245 881
6246 442
6247 696
6248 892
6249 697
6250 874
6251 119
6252 420
6253 424
6254 487
6255 11
6256 598
6257 741
6258 507
6259 505
6260 284
6261 975
6262 518
6263 977
6264 62
6265 395
6266 397
6267 21
6268 526
6269 218
6270 45
6271 17
6272 215
6273 346
6274 866
6275 397
6276 766
6277 558
6278 613
6279 568
6280 81
6281 726
6282 574
6283 40
6284 69
6285 711
6286 405
6287 18
6288 877
6289 766
6290 613
6291 104
6292 783
6293 515
6294 496
6295 652
6296 339
6297 877
6298 148
6299 903
6300 262
6301 146
6302 308
6303 638
6304 775
6305 154
6306 50
6307 543
6308 364
6309 98
6310 637
6311 700
6312 322
6313 803
6314 203
6315 206
6316 841
6317 599
6318 125
6319 477
6320 175
6321 137
6322 31
6323 950
6324 411
6325 781
6326 712
6327 429
6328 381
6329 501
6330 415
6331 113
6332 809
6333 489
6334 946
6335 589
6336 849
6337 213
6338 801
6339 855
6340 310
6341 145
6342 126
6343 259
6344 600
6345 534
6346 726
6347 572
6348 701
6349 646
6350 455
6351 834
6352 385
6353 427
6354 689
6355 430
6356 257
6357 976
6358 394
6359 7
6360 243
6361 792
6362 181
6363 174
6364 77
6365 800
6366 399
6367 500
6368 952
6369 858
6370 806
6371 165
6372 311
6373 66
6374 619
6375 362
6376 980
6377 478
6378 202
6379 786
6380 723
6381 516
6382 263
6383 435
6384 909
6385 877
6386 201
6387 18
6388 370
6389 473
6390 167
6391 214
6392 412
6393 389
6394 866
6395 7
6396 508
6397 159
6398 750
6399 57
6400 916
6401 265
6402 975
6403 565
6404 176
6405 136
6406 29
6407 697
6408 317
6409 729
6410 623
6411 35
6412 400
6413 35
6414 739
6415 787
6416 917
6417 698
6418 482
6419 528
6420 196
6421 567
6422 308
6423 591
6424 235
6425 781
6426 524
6427 227
6428 155
6429 646
6430 472
6431 13
6432 256
6433 29
6434 681
6435 817
6436 712
6437 523
6438 260
6439 922
6440 322
6441 584
6442 736
6443 125
6444 153
6445 34
6446 794
6447 904
6448 279
6449 386
6450 539
6451 704
6452 424
6453 140
6454 536
6455 834
6456 755
6457 918
6458 19
6459 280
6460 174
6461 230
6462 651
6463 445
6464 407
6465 121
6466 385
6467 185
6468 671
6469 609
6470 89
6471 824
6472 637
6473 9
6474 445
6475 477
6476 792
6477 210
6478 400
6479 327
6480 188
6481 13
6482 930
6483 312
6484 126
6485 52
6486 961
6487 904
6488 467
6489 616
6490 910
6491 232
6492 454
6493 402
6494 684
6495 604
6496 932
6497 716
6498 126
6499 418
6500 781
6501 145
6502 316
6503 649
6504 503
6505 99
6506 320
6507 528
6508 15
6509 374
6510 342
6511 242
6512 276
6513 618
6514 410
6515 23
6516 372
6517 515
6518 990
6519 345
6520 951
6521 520
6522 811
6523 693
6524 276
6525 98
6526 37
6527 230
6528 129
6529 437
6530 388
6531 916
6532 146
6533 181
6534 763
6535 497
6536 979
6537 971
6538 705
6539 37
6540 521
6541 647
6542 827
6543 13
6544 175
6545 773
6546 455
6547 289
6548 136
6549 15
6550 216
6551 825
6552 715
6553 420
6554 172
6555 848
6556 377
6557 192
6558 454
6559 159
6560 997
6561 14
6562 5
6563 226
6564 171
6565 899
6566 406
6567 962
6568 533
6569 415
6570 587
6571 769
6572 199
6573 75
6574 457
6575 216
6576 243
6577 316
6578 33
6579 285
6580 98
6581 914
6582 330
6583 986
6584 678
6585 356
6586 657
6587 826
6588 570
6589 15
6590 616
6591 621
6592 845
6593 704
6594 533
6595 748
6596 641
6597 63
6598 797
6599 192
6600 18
6601 684
6602 80
6603 807
6604 344
6605 666
6606 907
6607 658
6608 328
6609 617
6610 44
6611 334
6612 454
6613 564
6614 469
6615 265
6616 821
6617 448
6618 160
6619 398
6620 613
6621 72
6622 961
6623 514
6624 874
6625 359
6626 362
6627 823
6628 7
6629 783
6630 135
6631 351
6632 989
6633 884
6634 873
6635 169
6636 430
6637 840
6638 738
6639 641
6640 348
6641 677
6642 453
6643 373
6644 607
6645 792
6646 969
6647 736
6648 668
6649 547
6650 668
6651 143
6652 742
6653 760
6654 850
6655 725
6656 781
6657 762
6658 139
6659 378
6660 705
6661 146
6662 551
6663 21
6664 848
6665 127
6666 810
6667 143
6668 799
6669 224
6670 765
6671 43
6672 248
6673 238
6674 9
6675 732
6676 233
6677 316
6678 379
6679 167
6680 470
6681 83
6682 856
6683 926
6684 742
6685 247
6686 470
6687 986
6688 139
6689 321
6690 41
6691 91
6692 615
6693 430
6694 165
6695 945
6696 612
6697 319
6698 431
6699 973
6700 842
6701 241
6702 689
6703 46
6704 98
6705 830
6706 883
6707 80
6708 376
6709 299
6710 51
6711 71
6712 55
6713 21
6714 784
6715 176
6716 408
6717 720
6718 886
6719 150
6720 155
6721 800
6722 514
6723 473
6724 992
6725 957
6726 57
6727 152
6728 222
6729 96
6730 301
6731 91
6732 910
6733 904
6734 235
6735 639
6736 14
6737 612
6738 930
6739 387
6740 236
6741 374
6742 169
6743 675
6744 892
6745 840
6746 7
6747 157
6748 596
6749 433
6750 159
6751 585
6752 317
6753 500
6754 58
6755 338
6756 88
6757 953
6758 542
6759 626
6760 92
6761 886
6762 423
6763 987
6764 383
6765 545
6766 316
6767 159
6768 259
6769 860
6770 826
6771 615
6772 590
6773 585
6774 361
6775 213
6776 788
6777 26
6778 86
6779 145
6780 768
6781 842
6782 472
6783 722
6784 834
6785 54
6786 473
6787 75
6788 99
6789 305
6790 877
6791 584
6792 543
6793 488
6794 723
6795 841
6796 336
6797 909
6798 145
6799 677
6800 182
6801 749
6802 727
6803 64
6804 121
6805 474
6806 342
6807 228
6808 525
6809 404
6810 394
6811 112
6812 173
6813 432
6814 296
6815 0
6816 736
6817 822
6818 689
6819 620
6820 856
6821 307
6822 907
6823 260
6824 66
6825 173
6826 68
6827 152
6828 657
6829 228
6830 444
6831 140
6832 218
6833 688
6834 861
6835 411
6836 799
6837 984
6838 341
6839 596
6840 117
6841 917
6842 332
6843 191
6844 39
6845 659
6846 27
6847 126
6848 73
6849 824
6850 815
6851 251
6852 553
6853 715
6854 440
6855 981
6856 856
6857 604
6858 526
6859 16
6860 766
6861 601
6862 471
6863 138
6864 435
6865 1
6866 907
6867 355
6868 651
6869 254
6870 553
6871 378
6872 925
6873 700
6874 505
6875 449
6876 675
6877 76
6878 562
6879 18
6880 985
6881 840
6882 757
6883 460
6884 35
6885 292
6886 236
6887 521
6888 677
6889 672
6890 788
6891 849
6892 407
6893 188
6894 818
6895 205
6896 112
6897 154
6898 88
6899 843
6900 369
6901 537
6902 762
6903 725
6904 5
6905 463
6906 410
6907 73
6908 924
6909 455
6910 334
6911 490
6912 666
6913 978
6914 198
6915 822
6916 365
6917 827
6918 848
6919 414
6920 725
6921 309
6922 93
6923 302
6924 855
6925 331
6926 685
6927 730
6928 65
6929 411
6930 854
6931 991
6932 990
6933 893
6934 421
6935 784
6936 941
6937 380
6938 255
6939 666
6940 322
6941 360
6942 794
6943 977
6944 690
6945 438
6946 871
6947 400
6948 940
6949 615
6950 291
6951 584
6952 14
6953 570
6954 814
6955 158
6956 355
6957 904
6958 522
6959 845
6960 161
6961 989
6962 399
6963 389
6964 560
6965 476
6966 81
6967 88
6968 114
6969 409
6970 144
6971 952
6972 406
6973 671
6974 280
6975 910
6976 752
6977 723
6978 856
6979 831
6980 938
6981 707
6982 168
6983 135
6984 108
6985 453
6986 380
6987 975
6988 189
6989 637
6990 871
6991 599
6992 360
6993 393
6994 706
6995 912
6996 989
6997 618
6998 686
6999 419
7000 774
7001 901
7002 208
7003 12
7004 904
7005 907
7006 531
7007 91
7008 609
7009 78
7010 57
7011 16
7012 297
7013 787
7014 502
7015 684
7016 808
7017 421
7018 703
7019 365
7020 540
7021 107
7022 238
7023 875
7024 11
7025 865
7026 362
7027 102
7028 644
7029 153
7030 237
7031 240
7032 854
7033 233
7034 669
7035 286
7036 413
7037 38
7038 77
7039 954
7040 511
7041 285
7042 875
7043 215
7044 75
7045 129
7046 713
7047 434
7048 124
7049 480
7050 479
7051 6
7052 932
7053 927
7054 61
7055 384
7056 519
7057 339
7058 274
7059 510
7060 157
7061 593
7062 151
7063 276
7064 962
7065 927
7066 192
7067 705
7068 566
7069 847
7070 351
7071 731
7072 91
7073 670
7074 266
7075 851
7076 403
7077 135
7078 755
7079 914
7080 833
7081 550
7082 496
7083 896
7084 316
7085 635
7086 719
7087 34
7088 33
7089 561
7090 387
7091 262
7092 81
7093 311
7094 111
7095 286
7096 558
7097 518
7098 67
7099 773
7100 447
7101 188
7102 772
7103 400
7104 570
7105 149
7106 127
7107 124
7108 675
7109 928
7110 278
7111 365
7112 271
7113 907
7114 719
7115 740
7116 19
7117 356
7118 151
7119 507
7120 311
7121 204
7122 76
7123 487
7124 919
7125 532
7126 888
7127 176
7128 341
7129 897
7130 92
7131 540
7132 125
7133 667
7134 656
7135 961
7136 195
7137 982
7138 174
7139 529
7140 900
7141 341
7142 930
7143 110
7144 797
7145 126
7146 832
7147 510
7148 914
7149 746
7150 139
7151 214
7152 6
7153 680
7154 665
7155 204
7156 73
7157 648
7158 653
7159 229
7160 668
7161 976
7162 265
7163 39
7164 345
7165 297
7166 994
7167 713
7168 466
7169 117
7170 449
7171 196
7172 358
7173 497
7174 917
7175 942
7176 865
7177 618
7178 566
7179 397
7180 512
7181 523
7182 390
7183 276
7184 212
7185 615
7186 489
7187 755
7188 491
7189 847
7190 820
7191 873
7192 806
7193 661
7194 253
7195 371
7196 440
7197 749
7198 51
7199 209
7200 898
7201 131
7202 293
7203 75
7204 408
7205 870
7206 710
7207 670
7208 71
7209 491
7210 558
7211 137
7212 463
7213 489
7214 525
7215 457
7216 267
7217 267
7218 592
7219 655
7220 308
7221 475
7222 277
7223 544
7224 615
7225 355
7226 187
7227 210
7228 405
7229 759
7230 641
7231 92
7232 918
7233 397
7234 109
7235 878
7236 396
7237 724
7238 510
7239 398
7240 324
7241 34
7242 303
7243 995
7244 628
7245 43
7246 391
7247 241
7248 726
7249 644
7250 653
7251 98
7252 431
7253 843
7254 544
7255 4
7256 879
7257 815
7258 762
7259 625
7260 402
7261 588
7262 210
7263 162
7264 255
7265 537
7266 649
7267 263
7268 644
7269 171
7270 664
7271 871
7272 542
7273 949
7274 804
7275 534
7276 34
7277 778
7278 153
7279 495
7280 819
7281 410
7282 987
7283 692
7284 753
7285 851
7286 186
7287 707
7288 416
7289 153
7290 712
7291 446
7292 221
7293 334
7294 301
7295 85
7296 511
7297 622
7298 364
7299 254
7300 571
7301 146
7302 642
7303 962
7304 176
7305 102
7306 615
7307 178
7308 506
7309 480
7310 186
7311 533
7312 795
7313 303
7314 898
7315 777
7316 595
7317 16
7318 832
7319 635
7320 642
7321 137
7322 685
7323 943
7324 696
7325 714
7326 4
7327 677
7328 766
7329 171
7330 524
7331 580
7332 815
7333 55
7334 528
7335 766
7336 44
7337 983
7338 564
7339 355
7340 591
7341 230
7342 967
7343 829
7344 535
7345 324
7346 147
7347 358
7348 795
7349 308
7350 771
7351 884
7352 142
7353 653
7354 595
7355 453
7356 404
7357 865
7358 674
7359 39
7360 442
7361 378
7362 594
7363 967
7364 433
7365 734
7366 592
7367 730
7368 697
7369 269
7370 685
7371 213
7372 169
7373 989
7374 174
7375 897
7376 940
7377 490
7378 792
7379 867
7380 312
7381 338
7382 384
7383 811
7384 49
7385 672
7386 201
7387 993
7388 630
7389 147
7390 731
7391 965
7392 524
7393 986
7394 497
7395 116
7396 895
7397 227
7398 150
7399 445
7400 744
7401 726
7402 212
7403 254
7404 632
7405 529
7406 100
7407 68
7408 650
7409 194
7410 515
7411 701
7412 459
7413 907
7414 248
7415 535
7416 488
7417 455
7418 257
7419 956
7420 625
7421 360
7422 595
7423 779
7424 897
7425 6
7426 0
7427 596
7428 797
7429 787
7430 104
7431 573
7432 600
7433 879
7434 476
7435 533
7436 716
7437 53
7438 448
7439 922
7440 79
7441 102
7442 91
7443 641
7444 527
7445 566
7446 637
7447 528
7448 996
7449 924
7450 379
7451 114
7452 843
7453 652
7454 23
7455 938
7456 952
7457 86
7458 142
7459 162
7460 505
7461 952
7462 687
7463 290
7464 517
7465 163
7466 393
7467 806
7468 517
7469 554
7470 824
7471 782
7472 235
7473 496
7474 488
7475 517
7476 597
7477 980
7478 882
7479 306
7480 198
7481 540
7482 715
7483 241
7484 980
7485 430
7486 238
7487 846
7488 290
7489 238
7490 256
7491 462
7492 697
7493 664
7494 612
7495 273
7496 321
7497 410
7498 913
7499 488
7500 440
7501 535
7502 606
7503 133
7504 506
7505 165
7506 988
7507 300
7508 953
7509 291
7510 831
7511 476
7512 676
7513 524
7514 893
7515 970
7516 863
7517 491
7518 322
7519 80
7520 206
7521 588
7522 646
7523 522
7524 100
7525 883
7526 271
7527 451
7528 545
7529 812
7530 263
7531 714
7532 389
7533 315
7534 942
7535 890
7536 567
7537 205
7538 537
7539 864
7540 721
7541 61
7542 332
7543 595
7544 618
7545 952
7546 211
7547 157
7548 682
7549 370
7550 529
7551 823
7552 781
7553 940
7554 43
7555 466
7556 414
7557 559
7558 412
7559 557
7560 825
7561 96
7562 908
7563 226
7564 241
7565 469
7566 191
7567 719
7568 48
7569 508
7570 973
7571 950
7572 775
7573 555
7574 539
7575 665
7576 280
7577 755
7578 458
7579 473
7580 442
7581 843
7582 202
7583 637
7584 701
7585 52
7586 629
7587 807
7588 359
7589 942
7590 350
7591 426
7592 59
7593 257
7594 25
7595 675
7596 887
7597 870
7598 599
7599 85
7600 103
7601 759
7602 404
7603 644
7604 260
7605 187
7606 52
7607 775
7608 750
7609 143
7610 312
7611 183
7612 741
7613 404
7614 816
7615 378
7616 893
7617 988
7618 222
7619 383
7620 598
7621 823
7622 863
7623 228
7624 563
7625 155
7626 417
7627 163
7628 693
7629 13
7630 524
7631 561
7632 472
7633 59
7634 308
7635 423
7636 481
7637 697
7638 110
7639 441
7640 598
7641 191
7642 397
7643 567
7644 862
7645 376
7646 640
7647 913
7648 29
7649 428
7650 733
7651 741
7652 708
7653 139
7654 142
7655 178
7656 592
7657 986
7658 74
7659 798
7660 743
7661 351
7662 324
7663 495
7664 205
7665 774
7666 758
7667 369
7668 8
7669 407
7670 494
7671 368
7672 835
7673 910
7674 607
7675 507
7676 257
7677 41
7678 331
7679 211
7680 62
7681 428
7682 912
7683 6
7684 401
7685 193
7686 697
7687 72
7688 191
7689 337
7690 68
7691 242
7692 110
7693 253
7694 564
7695 39
7696 241
7697 42
7698 209
7699 333
7700 615
7701 478
7702 772
7703 254
7704 954
7705 518
7706 475
7707 955
7708 260
7709 495
7710 915
7711 542
7712 395
7713 963
7714 195
7715 655
7716 744
7717 195
7718 635
7719 26
7720 654
7721 957
7722 271
7723 459
7724 278
7725 646
7726 572
7727 787
7728 774
7729 122
7730 320
7731 573
7732 61
7733 691
7734 789
7735 549
7736 653
7737 821
7738 103
7739 977
7740 675
7741 917
7742 511
7743 775
7744 586
7745 384
7746 33
7747 990
7748 487
7749 661
7750 844
7751 453
7752 614
7753 307
7754 847
7755 708
7756 531
7757 256
7758 990
7759 528
7760 54
7761 496
7762 502
7763 967
7764 613
7765 372
7766 614
7767 438
7768 819
7769 183
7770 455
7771 659
7772 792
7773 162
7774 95
7775 268
7776 478
7777 280
7778 871
7779 48
7780 223
7781 849
7782 524
7783 194
7784 473
7785 26
7786 770
7787 532
7788 889
7789 546
7790 828
7791 587
7792 197
7793 272
7794 10
7795 52
7796 292
7797 246
7798 172
7799 972
7800 536
7801 565
7802 863
7803 335
7804 431
7805 665
7806 567
7807 988
7808 798
7809 386
7810 923
7811 61
7812 375
7813 644
7814 102
7815 591
7816 393
7817 911
7818 227
7819 213
7820 650
7821 251
7822 737
7823 335
7824 550
7825 545
7826 261
7827 975
7828 281
7829 117
7830 919
7831 212
7832 164
7833 382
7834 787
7835 82
7836 954
7837 233
7838 326
7839 390
7840 955
7841 710
7842 474
7843 864
7844 229
7845 234
7846 462
7847 575
7848 330
7849 5
7850 663
7851 970
7852 94
7853 891
7854 325
7855 319
7856 408
7857 113
7858 766
7859 98
7860 823
7861 14
7862 750
7863 74
7864 784
7865 645
7866 909
7867 71
7868 872
7869 557
7870 444
7871 384
7872 345
7873 563
7874 648
7875 884
7876 198
7877 100
7878 333
7879 45
7880 452
7881 209
7882 325
7883 654
7884 726
7885 693
7886 529
7887 267
7888 147
7889 872
7890 391
7891 203
7892 81
7893 990
7894 156
7895 18
7896 61
7897 596
7898 595
7899 793
7900 402
7901 709
7902 667
7903 237
7904 446
7905 909
7906 830
7907 95
7908 844
7909 327
7910 387
7911 888
7912 686
7913 860
7914 28
7915 708
7916 586
7917 511
7918 173
7919 997
7920 469
7921 126
7922 417
7923 872
7924 773
7925 611
7926 348
7927 523
7928 331
7929 682
7930 161
7931 639
7932 375
7933 519
7934 149
7935 449
7936 489
7937 993
7938 7
7939 258
7940 706
7941 183
7942 292
7943 730
7944 503
7945 964
7946 182
7947 844
7948 93
7949 483
7950 554
7951 793
7952 119
7953 991
7954 439
7955 72
7956 288
7957 695
7958 733
7959 944
7960 202
7961 550
7962 845
7963 701
7964 6
7965 213
7966 920
7967 853
7968 445
7969 21
7970 604
7971 242
7972 740
7973 486
7974 35
7975 165
7976 725
7977 37
7978 294
7979 541
7980 7
7981 194
7982 133
7983 235
7984 73
7985 588
7986 272
7987 461
7988 690
7989 627
7990 36
7991 740
7992 321
7993 769
7994 263
7995 694
7996 100
7997 880
7998 291
7999 976
8000 740
8001 704
8002 559
8003 469
8004 839
8005 959
8006 817
8007 926
8008 428
8009 806
8010 515
8011 531
8012 283
8013 879
8014 394
8015 494
8016 105
8017 113
8018 865
8019 346
8020 568
8021 548
8022 260
8023 350
8024 690
8025 249
8026 831
8027 68
8028 571
8029 425
8030 131
8031 546
8032 297
8033 384
8034 224
8035 667
8036 437
8037 510
8038 113
8039 69
8040 597
8041 74
8042 139
8043 434
8044 538
8045 128
8046 515
8047 651
8048 972
8049 73
8050 226
8051 188
8052 412
8053 181
8054 661
8055 800
8056 669
8057 515
8058 258
8059 645
8060 296
8061 450
8062 86
8063 286
8064 326
8065 521
8066 52
8067 981
8068 530
8069 568
8070 563
8071 589
8072 946
8073 977
8074 570
8075 847
8076 29
8077 486
8078 344
8079 342
8080 941
8081 175
8082 631
8083 292
8084 961
8085 46
8086 93
8087 292
8088 957
8089 734
8090 406
8091 655
8092 625
8093 869
8094 345
8095 111
8096 416
8097 815
8098 471
8099 319
8100 702
8101 509
8102 830
8103 96
8104 266
8105 842
8106 896
8107 285
8108 537
8109 95
8110 583
8111 837
8112 233
8113 978
8114 48
8115 342
8116 62
8117 510
8118 27
8119 240
8120 834
8121 919
8122 117
8123 467
8124 646
8125 648
8126 272
8127 669
8128 953
8129 871
8130 853
8131 133
8132 164
8133 515
8134 919
8135 966
8136 808
8137 190
8138 948
8139 517
8140 324
8141 221
8142 73
8143 970
8144 215
8145 705
8146 373
8147 313
8148 650
8149 871
8150 581
8151 111
8152 557
8153 670
8154 147
8155 488
8156 206
8157 945
8158 444
8159 222
8160 341
8161 560
8162 678
8163 196
8164 78
8165 941
8166 712
8167 748
8168 929
8169 127
8170 508
8171 947
8172 342
8173 23
8174 899
8175 298
8176 911
8177 194
8178 687
8179 184
8180 886
8181 720
8182 284
8183 901
8184 592
8185 446
8186 790
8187 516
8188 971
8189 753
8190 289
8191 476
8192 956
8193 94
8194 906
8195 29
8196 360
8197 834
8198 953
8199 463
8200 647
8201 482
8202 516
8203 385
8204 808
8205 28
8206 694
8207 702
8208 328
8209 530
8210 122
8211 307
8212 331
8213 228
8214 671
8215 787
8216 112
8217 850
8218 116
8219 311
8220 577
8221 572
8222 307
8223 375
8224 574
8225 481
8226 375
8227 709
8228 595
8229 790
8230 821
8231 536
8232 134
8233 797
8234 647
8235 550
8236 416
8237 395
8238 904
8239 849
8240 813
8241 824
8242 396
8243 865
8244 359
8245 619
8246 432
8247 581
8248 581
8249 692
8250 568
8251 556
8252 896
8253 49
8254 70
8255 360
8256 807
8257 67
8258 241
8259 353
8260 24
8261 107
8262 232
8263 160
8264 423
8265 299
8266 806
8267 84
8268 613
8269 553
8270 29
8271 216
8272 947
8273 762
8274 365
8275 136
8276 400
8277 310
8278 645
8279 277
8280 331
8281 480
8282 639
8283 783
8284 865
8285 278
8286 425
8287 610
8288 739
8289 555
8290 594
8291 321
8292 151
8293 163
8294 370
8295 145
8296 99
8297 159
8298 358
8299 595
8300 408
8301 63
8302 229
8303 491
8304 979
8305 56
8306 264
8307 477
8308 626
8309 295
8310 887
8311 68
8312 284
8313 944
8314 791
8315 564
8316 763
8317 59
8318 478
8319 633
8320 248
8321 782
8322 958
8323 186
8324 638
8325 651
8326 332
8327 356
8328 865
8329 879
8330 606
8331 234
8332 749
8333 429
8334 202
8335 571
8336 967
8337 753
8338 776
8339 744
8340 402
8341 465
8342 873
8343 363
8344 356
8345 655
8346 219
8347 878
8348 229
8349 610
8350 71
8351 432
8352 439
8353 682
8354 921
8355 752
8356 366
8357 417
8358 187
8359 20
8360 315
8361 393
8362 411
8363 866
8364 536
8365 969
8366 761
8367 873
8368 712
8369 859
8370 591
8371 223
8372 231
8373 143
8374 120
8375 867
8376 777
8377 700
8378 328
8379 168
8380 470
8381 818
8382 337
8383 604
8384 133
8385 80
8386 553
8387 466
8388 476
8389 726
8390 564
8391 362
8392 754
8393 648
8394 224
8395 530
8396 291
8397 163
8398 511
8399 898
8400 287
8401 894
8402 539
8403 833
8404 704
8405 653
8406 163
8407 510
8408 152
8409 96
8410 486
8411 513
8412 760
8413 146
8414 482
8415 113
8416 528
8417 130
8418 920
8419 316
8420 525
8421 782
8422 322
8423 988
8424 751
8425 557
8426 529
8427 104
8428 184
8429 939
8430 566
8431 233
8432 824
8433 6
8434 907
8435 522
8436 528
8437 10
8438 898
8439 949
8440 108
8441 368
8442 232
8443 868
8444 240
8445 749
8446 598
8447 921
8448 880
8449 240
8450 809
8451 803
8452 744
8453 658
8454 735
8455 610
8456 466
8457 313
8458 401
8459 5
8460 973
8461 161
8462 122
8463 766
8464 242
8465 562
8466 851
8467 74
8468 456
8469 558
8470 892
8471 306
8472 842
8473 456
8474 814
8475 118
8476 951
8477 500
8478 764
8479 579
8480 87
8481 465
8482 848
8483 217
8484 751
8485 651
8486 966
8487 740
8488 667
8489 371
8490 101
8491 386
8492 699
8493 778
8494 608
8495 164
8496 573
8497 225
8498 76
8499 281
8500 309
8501 709
8502 237
8503 265
8504 578
8505 970
8506 600
8507 765
8508 646
8509 626
8510 480
8511 78
8512 252
8513 202
8514 820
8515 122
8516 817
8517 774
8518 790
8519 650
8520 595
8521 697
8522 645
8523 862
8524 782
8525 175
8526 878
8527 886
8528 251
8529 551
8530 340
8531 960
8532 360
8533 670
8534 377
8535 570
8536 706
8537 190
8538 754
8539 727
8540 579
8541 105
8542 445
8543 590
8544 298
8545 610
8546 915
8547 569
8548 555
8549 681
8550 225
8551 521
8552 511
8553 794
8554 820
8555 980
8556 390
8557 656
8558 352
8559 414
8560 260
8561 141
8562 262
8563 778
8564 159
8565 308
8566 4
8567 618
8568 75
8569 728
8570 505
8571 947
8572 579
8573 438
8574 4
8575 999
8576 676
8577 72
8578 10
8579 725
8580 238
8581 513
8582 771
8583 51
8584 279
8585 516
8586 500
8587 865
8588 216
8589 673
8590 582
8591 373
8592 733
8593 445
8594 4
8595 294
8596 276
8597 828
8598 820
8599 213
8600 533
8601 293
8602 169
8603 322
8604 595
8605 427
8606 849
8607 21
8608 824
8609 257
8610 71
8611 606
8612 958
8613 234
8614 719
8615 176
8616 508
8617 724
8618 596
8619 901
8620 748
8621 304
8622 97
8623 502
8624 74
8625 135
8626 192
8627 345
8628 315
8629 302
8630 162
8631 250
8632 666
8633 494
8634 284
8635 198
8636 445
8637 331
8638 319
8639 524
8640 11
8641 735
8642 758
8643 175
8644 838
8645 314
8646 282
8647 879
8648 78
8649 485
8650 977
8651 618
8652 669
8653 318
8654 164
8655 272
8656 789
8657 334
8658 710
8659 569
8660 899
8661 86
8662 783
8663 614
8664 721
8665 707
8666 31
8667 512
8668 690
8669 135
8670 988
8671 801
8672 283
8673 508
8674 230
8675 524
8676 276
8677 191
8678 306
8679 539
8680 108
8681 568
8682 700
8683 731
8684 828
8685 399
8686 525
8687 372
8688 675
8689 40
8690 553
8691 275
8692 324
8693 410
8694 478
8695 90
8696 672
8697 435
8698 66
8699 793
8700 660
8701 361
8702 894
8703 219
8704 93
8705 571
8706 753
8707 973
8708 553
8709 482
8710 231
8711 543
8712 477
8713 183
8714 784
8715 269
8716 480
8717 305
8718 312
8719 432
8720 693
8721 648
8722 345
8723 97
8724 802
8725 277
8726 829
8727 903
8728 167
8729 781
8730 72
8731 536
8732 448
8733 281
8734 978
8735 10
8736 16
8737 911
8738 65
8739 319
8740 233
8741 532
8742 698
8743 140
8744 541
8745 431
8746 742
8747 2
8748 144
8749 305
8750 875
8751 853
8752 139
8753 481
8754 425
8755 791
8756 995
8757 821
8758 131
8759 956
8760 986
8761 915
8762 856
8763 420
8764 986
8765 570
8766 494
8767 286
8768 910
8769 315
8770 777
8771 649
8772 37
8773 978
8774 260
8775 256
8776 305
8777 677
8778 720
8779 127
8780 429
8781 157
8782 254
8783 712
8784 46
8785 349
8786 483
8787 259
8788 574
8789 623
8790 219
8791 745
8792 594
8793 942
8794 670
8795 792
8796 165
8797 674
8798 150
8799 654
8800 721
8801 107
8802 564
8803 806
8804 438
8805 182
8806 114
8807 487
8808 663
8809 535
8810 682
8811 641
8812 104
8813 21
8814 452
8815 23
8816 853
8817 55
8818 599
8819 899
8820 752
8821 649
8822 296
8823 251
8824 304
8825 846
8826 146
8827 181
8828 60
8829 730
8830 171
8831 657
8832 285
8833 721
8834 563
8835 318
8836 231
8837 967
8838 103
8839 785
8840 178
8841 149
8842 103
8843 200
8844 58
8845 74
8846 401
8847 549
8848 983
8849 205
8850 731
8851 405
8852 571
8853 361
8854 963
8855 27
8856 870
8857 502
8858 732
8859 478
8860 687
8861 319
8862 334
8863 464
8864 760
8865 464
8866 659
8867 73
8868 33
8869 729
8870 461
8871 764
8872 313
8873 895
8874 483
8875 38
8876 250
8877 643
8878 922
8879 748
8880 610
8881 745
8882 841
8883 112
8884 121
8885 723
8886 398
8887 940
8888 459
8889 240
8890 623
8891 830
8892 51
8893 748
8894 957
8895 604
8896 967
8897 427
8898 879
8899 688
8900 481
8901 868
8902 482
8903 62
8904 929
8905 671
8906 753
8907 953
8908 714
8909 595
8910 584
8911 962
8912 441
8913 794
8914 358
8915 767
8916 179
8917 429
8918 756
8919 982
8920 86
8921 50
8922 270
8923 327
8924 838
8925 485
8926 101
8927 737
8928 731
8929 689
8930 607
8931 266
8932 426
8933 384
8934 93
8935 335
8936 129
8937 924
8938 5
8939 242
8940 841
8941 802
8942 240
8943 217
8944 918
8945 830
8946 659
8947 990
8948 674
8949 446
8950 733
8951 107
8952 209
8953 924
8954 235
8955 133
8956 784
8957 912
8958 596
8959 685
8960 820
8961 913
8962 595
8963 869
8964 249
8965 272
8966 459
8967 930
8968 654
8969 363
8970 10
8971 806
8972 300
8973 781
8974 750
8975 185
8976 375
8977 396
8978 677
8979 519
8980 906
8981 338
8982 78
8983 751
8984 706
8985 709
8986 206
8987 861
8988 576
8989 364
8990 600
8991 167
8992 317
8993 60
8994 327
8995 618
8996 737
8997 193
8998 410
8999 491
9000 126
9001 312
9002 442
9003 179
9004 988
9005 694
9006 703
9007 748
9008 121
9009 256
9010 632
9011 237
9012 963
9013 734
9014 39
9015 120
9016 27
9017 971
9018 9
9019 497
9020 795
9021 350
9022 561
9023 847
9024 675
9025 206
9026 18
9027 755
9028 699
9029 332
9030 377
9031 225
9032 493
9033 686
9034 217
9035 756
9036 925
9037 648
9038 818
9039 319
9040 33
9041 853
9042 870
9043 316
9044 434
9045 916
9046 705
9047 456
9048 837
9049 984
9050 408
9051 963
9052 319
9053 73
9054 138
9055 777
9056 393
9057 150
9058 971
9059 448
9060 898
9061 729
9062 629
9063 593
9064 547
9065 159
9066 820
9067 845
9068 14
9069 556
9070 294
9071 681
9072 615
9073 585
9074 857
9075 622
9076 318
9077 116
9078 882
9079 798
9080 111
9081 429
9082 359
9083 114
9084 389
9085 480
9086 423
9087 111
9088 883
9089 2
9090 709
9091 840
9092 951
9093 862
9094 357
9095 558
9096 810
9097 405
9098 952
9099 64
9100 693
9101 207
9102 294
9103 2
9104 455
9105 445
9106 65
9107 69
9108 367
9109 549
9110 537
9111 787
9112 888
9113 781
9114 383
9115 449
9116 164
9117 50
9118 689
9119 920
9120 661
9121 879
9122 85
9123 981
9124 765
9125 471
9126 897
9127 86
9128 769
9129 342
9130 949
9131 113
9132 617
9133 48
9134 472
9135 522
9136 886
9137 479
9138 538
9139 993
9140 727
9141 208
9142 157
9143 535
9144 527
9145 508
9146 146
9147 16
9148 494
9149 413
9150 569
9151 582
9152 289
9153 363
9154 268
9155 253
9156 623
9157 392
9158 612
9159 138
9160 194
9161 641
9162 291
9163 658
9164 727
9165 320
9166 112
9167 623
9168 188
9169 756
9170 19
9171 25
9172 455
9173 284
9174 560
9175 754
9176 949
9177 259
9178 83
9179 710
9180 160
9181 653
9182 103
9183 254
9184 103
9185 464
9186 694
9187 266
9188 353
9189 203
9190 439
9191 368
9192 92
9193 367
9194 830
9195 191
9196 559
9197 175
9198 650
9199 433
9200 978
9201 158
9202 810
9203 23
9204 494
9205 664
9206 10
9207 728
9208 717
9209 844
9210 571
9211 972
9212 221
9213 159
9214 440
9215 156
9216 875
9217 614
9218 459
9219 303
9220 724
9221 304
9222 35
9223 809
9224 564
9225 55
9226 560
9227 150
9228 641
9229 473
9230 372
9231 975
9232 246
9233 163
9234 692
9235 786
9236 821
9237 644
9238 162
9239 27
9240 477
9241 54
9242 891
9243 173
9244 173
9245 417
9246 599
9247 381
9248 476
9249 726
9250 815
9251 906
9252 261
9253 23
9254 309
9255 786
9256 185
9257 825
9258 421
9259 691
9260 584
9261 516
9262 343
9263 11
9264 557
9265 996
9266 946
9267 631
9268 852
9269 384
9270 220
9271 520
9272 773
9273 325
9274 22
9275 494
9276 277
9277 500
9278 723
9279 668
9280 56
9281 897
9282 587
9283 22
9284 481
9285 850
9286 170
9287 155
9288 314
9289 821
9290 292
9291 754
9292 490
9293 267
9294 666
9295 567
9296 318
9297 703
9298 71
9299 418
9300 24
9301 519
9302 724
9303 497
9304 151
9305 313
9306 185
9307 384
9308 776
9309 771
9310 879
9311 639
9312 187
9313 558
9314 632
9315 580
9316 278
9317 369
9318 356
9319 368
9320 156
9321 720
9322 984
9323 348
9324 706
9325 147
9326 918
9327 82
9328 656
9329 712
9330 115
9331 376
9332 724
9333 513
9334 162
9335 560
9336 856
9337 808
9338 997
9339 696
9340 489
9341 839
9342 226
9343 331
9344 560
9345 891
9346 995
9347 85
9348 413
9349 910
9350 528
9351 498
9352 236
9353 852
9354 429
9355 56
9356 316
9357 954
9358 328
9359 638
9360 106
9361 110
9362 722
9363 434
9364 22
9365 526
9366 307
9367 205
9368 815
9369 970
9370 958
9371 191
9372 679
9373 313
9374 852
9375 31
9376 48
9377 476
9378 750
9379 871
9380 453
9381 809
9382 259
9383 954
9384 120
9385 564
9386 733
9387 857
9388 635
9389 587
9390 722
9391 279
9392 412
9393 156
9394 856
9395 154
9396 581
9397 605
9398 104
9399 29
9400 162
9401 878
9402 973
9403 455
9404 5
9405 6
9406 555
9407 649
9408 248
9409 32
9410 859
9411 80
9412 177
9413 217
9414 183
9415 113
9416 972
9417 514
9418 573
9419 412
9420 952
9421 585
9422 782
9423 683
9424 922
9425 782
9426 188
9427 200
9428 288
9429 918
9430 551
9431 830
9432 137
9433 327
9434 168
9435 927
9436 798
9437 971
9438 734
9439 80
9440 14
9441 979
9442 495
9443 674
9444 609
9445 283
9446 640
9447 571
9448 531
9449 191
9450 263
9451 642
9452 398
9453 875
9454 69
9455 654
9456 104
9457 892
9458 337
9459 996
9460 552
9461 456
9462 854
9463 179
9464 109
9465 266
9466 415
9467 672
9468 518
9469 896
9470 326
9471 749
9472 552
9473 264
9474 447
9475 165
9476 243
9477 733
9478 458
9479 889
9480 454
9481 615
9482 178
9483 732
9484 228
9485 616
9486 10
9487 842
9488 342
9489 829
9490 473
9491 119
9492 851
9493 489
9494 113
9495 970
9496 508
9497 562
9498 400
9499 280
9500 725
9501 742
9502 822
9503 179
9504 29
9505 94
9506 881
9507 495
9508 761
9509 737
9510 81
9511 169
9512 275
9513 136
9514 597
9515 147
9516 680
9517 535
9518 906
9519 989
9520 787
9521 514
9522 64
9523 308
9524 35
9525 147
9526 784
9527 909
9528 309
9529 958
9530 282
9531 95
9532 204
9533 712
9534 299
9535 997
9536 877
9537 98
9538 315
9539 475
9540 195
9541 740
9542 242
9543 753
9544 63
9545 149
9546 359
9547 921
9548 125
9549 221
9550 176
9551 460
9552 731
9553 544
9554 31
9555 744
9556 673
9557 35
9558 725
9559 143
9560 866
9561 337
9562 681
9563 162
9564 417
9565 116
9566 752
9567 538
9568 673
9569 912
9570 755
9571 566
9572 568
9573 330
9574 377
9575 188
9576 42
9577 26
9578 985
9579 390
9580 387
9581 378
9582 835
9583 993
9584 791
9585 671
9586 86
9587 760
9588 640
9589 274
9590 438
9591 366
9592 454
9593 976
9594 698
9595 187
9596 845
9597 388
9598 651
9599 166
9600 198
9601 852
9602 398
9603 958
9604 976
9605 214
9606 562
9607 1
9608 294
9609 760
9610 890
9611 847
9612 9
9613 445
9614 119
9615 184
9616 900
9617 949
9618 113
9619 120
9620 316
9621 153
9622 98
9623 795
9624 74
9625 695
9626 210
9627 925
9628 338
9629 255
9630 873
9631 484
9632 538
9633 320
9634 772
9635 712
9636 161
9637 744
9638 895
9639 635
9640 902
9641 445
9642 986
9643 655
9644 801
9645 137
9646 196
9647 659
9648 374
9649 578
9650 584
9651 604
9652 900
9653 905
9654 315
9655 337
9656 290
9657 914
9658 287
9659 213
9660 568
9661 494
9662 5
9663 162
9664 725
9665 497
9666 422
9667 885
9668 847
9669 480
9670 357
9671 836
9672 813
9673 370
9674 423
9675 210
9676 90
9677 335
9678 177
9679 51
9680 696
9681 728
9682 10
9683 537
9684 46
9685 678
9686 748
9687 784
9688 464
9689 815
9690 272
9691 36
9692 361
9693 157
9694 990
9695 226
9696 72
9697 522
9698 347
9699 208
9700 222
9701 792
9702 291
9703 910
9704 817
9705 45
9706 205
9707 513
9708 941
9709 221
9710 216
9711 303
9712 323
9713 810
9714 918
9715 405
9716 87
9717 199
9718 557
9719 49
9720 146
9721 97
9722 403
9723 535
9724 450
9725 38
9726 242
9727 543
9728 321
9729 169
9730 281
9731 195
9732 611
9733 960
9734 875
9735 195
9736 226
9737 669
9738 178
9739 289
9740 454
9741 219
9742 282
9743 815
9744 432
9745 604
9746 261
9747 438
9748 665
9749 436
9750 886
9751 261
9752 171
9753 489
9754 737
9755 184
9756 213
9757 828
9758 914
9759 991
9760 708
9761 212
9762 789
9763 566
9764 96
9765 877
9766 777
9767 690
9768 729
9769 181
9770 781
9771 596
9772 701
9773 943
9774 291
9775 974
9776 443
9777 229
9778 282
9779 282
9780 128
9781 832
9782 208
9783 957
9784 477
9785 517
9786 308
9787 771
9788 24
9789 522
9790 272
9791 238
9792 200
9793 430
9794 394
9795 982
9796 493
9797 326
9798 96
9799 281
9800 317
9801 97
9802 248
9803 460
9804 985
9805 545
9806 668
9807 595
9808 944
9809 611
9810 193
9811 146
9812 62
9813 802
9814 507
9815 442
9816 891
9817 421
9818 598
9819 241
9820 677
9821 578
9822 457
9823 228
9824 921
9825 318
9826 891
9827 83
9828 629
9829 391
9830 27
9831 596
9832 110
9833 473
9834 947
9835 268
9836 627
9837 484
9838 464
9839 625
9840 917
9841 32
9842 762
9843 575
9844 652
9845 513
9846 153
9847 544
9848 719
9849 354
9850 793
9851 39
9852 873
9853 449
9854 377
9855 175
9856 904
9857 914
9858 54
9859 644
9860 291
9861 557
9862 516
9863 496
9864 164
9865 229
9866 663
9867 238
9868 17
9869 496
9870 322
9871 246
9872 314
9873 22
9874 220
9875 78
9876 908
9877 340
9878 710
9879 343
9880 671
9881 0
9882 978
9883 511
9884 622
9885 598
9886 805
9887 834
9888 118
9889 719
9890 630
9891 492
9892 615
9893 636
9894 42
9895 1
9896 296
9897 688
9898 905
9899 217
9900 844
9901 62
9902 851
9903 121
9904 560
9905 439
9906 475
9907 72
9908 392
9909 285
9910 649
9911 595
9912 747
9913 500
9914 772
9915 274
9916 844
9917 529
9918 507
9919 895
9920 340
9921 620
9922 472
9923 392
9924 797
9925 845
9926 637
9927 224
9928 787
9929 557
9930 200
9931 40
9932 390
9933 126
9934 73
9935 397
9936 785
9937 768
9938 580
9939 46
9940 735
9941 519
9942 49
9943 309
9944 193
9945 798
9946 12
9947 219
9948 53
9949 200
9950 789
9951 827
9952 9
9953 152
9954 842
9955 949
9956 413
9957 893
9958 634
9959 588
9960 531
9961 88
9962 395
9963 450
9964 845
9965 207
9966 422
9967 168
9968 807
9969 55
9970 795
9971 407
9972 40
9973 44
9974 50
9975 197
9976 226
9977 867
9978 825
9979 890
9980 748
9981 429
9982 175
9983 612
9984 241
9985 252
9986 903
9987 602
9988 64
9989 195
9990 481
9991 77
9992 467
9993 422
9994 112
9995 478
9996 320
9997 866
9998 844
9999 341
10000 114
10001 107
10002 659
10003 371
10004 759
10005 309
10006 758
10007 741
10008 626
10009 84
10010 316
10011 569
10012 370
10013 502
10014 370
10015 339
10016 139
10017 569
10018 351
10019 447
10020 870
10021 275
10022 920
10023 728
10024 142
10025 847
10026 439
10027 796
10028 755
10029 384
10030 365
10031 927
10032 513
10033 279
10034 305
10035 943
10036 576
10037 504
10038 129
10039 384
10040 609
10041 625
10042 543
10043 673
10044 495
10045 976
10046 245
10047 691
10048 956
10049 251
10050 312
10051 508
10052 444
10053 713
10054 745
10055 329
10056 897
10057 832
10058 0
10059 517
10060 302
10061 195
10062 853
10063 839
10064 399
10065 243
10066 520
10067 401
10068 61
10069 752
10070 394
10071 864
10072 609
10073 928
10074 627
10075 437
10076 485
10077 748
10078 364
10079 971
10080 791
10081 172
10082 370
10083 156
10084 348
10085 332
10086 531
10087 678
10088 373
10089 298
10090 881
10091 714
10092 643
10093 742
10094 812
10095 318
10096 126
10097 737
10098 958
10099 63
10100 988
10101 214
10102 797
10103 451
10104 62
10105 687
10106 295
10107 225
10108 315
10109 678
10110 399
10111 884
10112 889
10113 775
10114 64
10115 824
10116 402
10117 34
10118 949
10119 223
10120 710
10121 504
10122 603
10123 661
10124 50
10125 170
10126 198
10127 869
10128 214
10129 538
10130 345
10131 860
10132 820
10133 433
10134 869
10135 228
10136 514
10137 735
10138 487
10139 26
10140 487
10141 80
10142 303
10143 372
10144 65
10145 419
10146 144
10147 646
10148 888
10149 69
10150 684
10151 571
10152 593
10153 752
10154 23
10155 395
10156 538
10157 119
10158 185
10159 879
10160 761
10161 411
10162 350
10163 615
10164 429
10165 363
10166 799
10167 383
10168 408
10169 517
10170 452
10171 491
10172 285
10173 850
10174 885
10175 350
10176 10
10177 679
10178 750
10179 866
10180 914
10181 216
10182 619
10183 666
10184 184
10185 426
10186 720
10187 324
10188 566
10189 370
10190 273
10191 352
10192 835
10193 893
10194 118
10195 320
10196 794
10197 965
10198 897
10199 337
10200 170
10201 455
10202 235
10203 40
10204 666
10205 26
10206 363
10207 932
10208 17
10209 75
10210 938
10211 163
10212 786
10213 648
10214 987
10215 884
10216 135
10217 504
10218 674
10219 533
10220 808
10221 238
10222 703
10223 270
10224 848
10225 915
10226 117
10227 291
10228 377
10229 560
10230 584
10231 399
10232 893
10233 569
10234 801
10235 284
10236 184
10237 829
10238 644
10239 411
10240 234
10241 330
10242 288
10243 965
10244 72
10245 710
10246 912
10247 88
10248 837
10249 498
10250 476
10251 727
10252 896
10253 114
10254 953
10255 704
10256 307
10257 52
10258 291
10259 669
10260 439
10261 454
10262 359
10263 373
10264 272
10265 457
10266 37
10267 146
10268 607
10269 773
10270 167
10271 535
10272 205
10273 355
10274 447
10275 16
10276 366
10277 496
10278 809
10279 569
10280 513
10281 830
10282 768
10283 835
10284 310
10285 601
10286 251
10287 30
10288 435
10289 591
10290 400
10291 23
10292 558
10293 905
10294 520
10295 331
10296 614
10297 34
10298 144
10299 397
10300 252
10301 32
10302 559
10303 491
10304 161
10305 897
10306 221
10307 907
10308 302
10309 413
10310 930
10311 495
10312 289
10313 484
10314 146
10315 875
10316 866
10317 324
10318 507
10319 643
10320 406
10321 589
10322 354
10323 754
10324 809
10325 484
10326 738
10327 757
10328 976
10329 454
10330 236
10331 780
10332 374
10333 518
10334 743
10335 48
10336 452
10337 917
10338 607
10339 604
10340 768
10341 240
10342 365
10343 196
10344 780
10345 578
10346 896
10347 342
10348 8
10349 558
10350 708
10351 702
10352 649
10353 411
10354 46
10355 813
10356 191
10357 662
10358 254
10359 642
10360 80
10361 243
10362 637
10363 206
10364 545
10365 741
10366 590
10367 817
10368 229
10369 928
10370 513
10371 363
10372 78
10373 27
10374 663
10375 450
10376 883
10377 938
10378 629
10379 172
10380 356
10381 824
10382 120
10383 882
10384 351
10385 901
10386 674
10387 231
10388 254
10389 473
10390 522
10391 68
10392 715
10393 706
10394 555
10395 917
10396 633
10397 243
10398 571
10399 340
10400 799
10401 560
10402 887
10403 50
10404 735
10405 128
10406 837
10407 575
10408 635
10409 199
10410 858
10411 632
10412 66
10413 255
10414 233
10415 454
10416 969
10417 948
10418 458
10419 663
10420 470
10421 259
10422 125
10423 886
10424 6
10425 643
10426 788
10427 453
10428 341
10429 168
10430 535
10431 447
10432 313
10433 884
10434 210
10435 823
10436 712
10437 224
10438 686
10439 950
10440 213
10441 715
10442 727
10443 133
10444 326
10445 872
10446 410
10447 644
10448 704
10449 566
10450 821
10451 560
10452 535
10453 107
10454 959
10455 346
10456 282
10457 841
10458 163
10459 155
10460 234
10461 682
10462 409
10463 743
10464 227
10465 113
10466 744
10467 871
10468 21
10469 216
10470 4
10471 277
10472 190
10473 236
10474 331
10475 361
10476 649
10477 777
10478 767
10479 632
10480 754
10481 532
10482 920
10483 321
10484 371
10485 810
10486 95
10487 535
10488 806
10489 314
10490 808
10491 407
10492 688
10493 400
10494 365
10495 631
10496 326
10497 761
10498 489
10499 199
10500 87
10501 994
10502 252
10503 7
10504 745
10505 256
10506 617
10507 688
10508 159
10509 192
10510 875
10511 75
10512 341
10513 415
10514 20
10515 267
10516 862
10517 296
10518 535
10519 556
10520 153
10521 739
10522 739
10523 673
10524 958
10525 845
10526 930
10527 835
10528 397
10529 822
10530 819
10531 928
10532 190
10533 730
10534 487
10535 785
10536 175
10537 425
10538 631
10539 157
10540 186
10541 355
10542 170
10543 988
10544 206
10545 952
10546 107
10547 197
10548 915
10549 898
10550 598
10551 339
10552 55
10553 153
10554 710
10555 166
10556 369
10557 771
10558 17
10559 111
10560 810
10561 533
10562 625
10563 885
10564 248
10565 907
10566 420
10567 274
10568 495
10569 691
10570 948
10571 140
10572 885
10573 644
10574 780
10575 365
10576 231
10577 943
10578 690
10579 364
10580 930
10581 618
10582 181
10583 24
10584 819
10585 501
10586 689
10587 7
10588 585
10589 894
10590 577
10591 573
10592 107
10593 976
10594 587
10595 458
10596 547
10597 286
10598 807
10599 407
10600 733
10601 34
10602 909
10603 561
10604 675
10605 94
10606 7
10607 474
10608 583
10609 830
10610 709
10611 520
10612 833
10613 804
10614 836
10615 567
10616 151
10617 992
10618 563
10619 766
10620 972
10621 119
10622 214
10623 234
10624 425
10625 958
10626 190
10627 0
10628 299
10629 136
10630 289
10631 195
10632 46
10633 916
10634 637
10635 482
10636 481
10637 763
10638 406
10639 308
10640 277
10641 718
10642 125
10643 626
10644 0
10645 619
10646 962
10647 830
10648 887
10649 401
10650 565
10651 762
10652 510
10653 531
10654 908
10655 202
10656 718
10657 407
10658 331
10659 656
10660 802
10661 681
10662 60
10663 917
10664 806
10665 576
10666 690
10667 137
10668 840
10669 710
10670 555
10671 944
10672 800
10673 667
10674 57
10675 524
10676 147
10677 912
10678 191
10679 776
10680 445
10681 731
10682 38
10683 513
10684 202
10685 14
10686 544
10687 821
10688 107
10689 183
10690 274
10691 346
10692 89
10693 328
10694 204
10695 605
10696 677
10697 650
10698 250
10699 449
10700 129
10701 890
10702 30
10703 247
10704 595
10705 160
10706 110
10707 814
10708 782
10709 115
10710 35
10711 479
10712 459
10713 993
10714 659
10715 416
10716 243
10717 522
10718 831
10719 642
10720 725
10721 585
10722 113
10723 987
10724 416
10725 550
10726 769
10727 46
10728 240
10729 188
10730 875
10731 765
10732 700
10733 184
10734 293
10735 701
10736 949
10737 502
10738 74
10739 87
10740 953
10741 829
10742 923
10743 502
10744 434
10745 433
10746 736
10747 810
10748 889
10749 452
10750 560
10751 831
10752 657
10753 372
10754 2
10755 559
10756 677
10757 318
10758 584
10759 785
10760 756
10761 225
10762 339
10763 469
10764 274
10765 641
10766 155
10767 65
10768 151
10769 764
10770 707
10771 278
10772 245
10773 620
10774 561
10775 443
10776 575
10777 148
10778 364
10779 754
10780 887
10781 992
10782 234
10783 433
10784 147
10785 913
10786 652
10787 548
10788 229
10789 689
10790 327
10791 791
10792 310
10793 945
10794 46
10795 732
10796 201
10797 938
10798 460
10799 728
10800 120
10801 846
10802 410
10803 413
10804 368
10805 98
10806 723
10807 338
10808 538
10809 548
10810 714
10811 220
10812 372
10813 388
10814 276
10815 633
10816 4
10817 96
10818 72
10819 112
10820 523
10821 576
10822 276
10823 610
10824 310
10825 407
10826 344
10827 62
10828 549
10829 386
10830 548
10831 755
10832 22
10833 846
10834 700
10835 758
10836 401
10837 483
10838 824
10839 244
10840 587
10841 121
10842 65
10843 957
10844 470
10845 84
10846 902
10847 93
10848 333
10849 771
10850 697
10851 825
10852 975
10853 32
10854 949
10855 804
10856 858
10857 851
10858 881
10859 232
10860 505
10861 422
10862 338
10863 407
10864 615
10865 979
10866 664
10867 827
10868 185
10869 772
10870 582
10871 617
10872 552
10873 626
10874 766
10875 982
10876 938
10877 356
10878 504
10879 259
10880 332
10881 52
10882 105
10883 703
10884 834
10885 812
10886 824
10887 302
10888 602
10889 877
10890 889
10891 414
10892 816
10893 842
10894 551
10895 900
10896 524
10897 175
10898 714
10899 42
10900 565
10901 110
10902 667
10903 395
10904 465
10905 667
10906 588
10907 792
10908 899
10909 49
10910 391
10911 227
10912 32
10913 840
10914 786
10915 40
10916 788
10917 978
10918 331
10919 678
10920 803
10921 624
10922 926
10923 125
10924 836
10925 257
10926 243
10927 748
10928 463
10929 524
10930 429
10931 238
10932 430
10933 49
10934 684
10935 349
10936 730
10937 951
10938 129
10939 760
10940 256
10941 354
10942 942
10943 903
10944 474
10945 850
10946 131
10947 339
10948 329
10949 536
10950 642
10951 127
10952 640
10953 956
10954 663
10955 740
10956 774
10957 640
10958 920
10959 73
10960 6
10961 391
10962 943
10963 753
10964 198
10965 114
10966 252
10967 906
10968 872
10969 836
10970 8
10971 293
10972 59
10973 356
10974 612
10975 839
10976 412
10977 51
10978 403
10979 346
10980 163
10981 394
10982 223
10983 305
10984 410
10985 952
10986 384
10987 941
10988 498
10989 92
10990 1
10991 951
10992 329
10993 363
10994 913
10995 426
10996 389
10997 73
10998 27
10999 644
11000 511
11001 276
11002 959
11003 212
11004 794
11005 361
11006 223
11007 296
11008 950
11009 681
11010 981
11011 567
11012 49
11013 759
11014 842
11015 793
11016 233
11017 312
11018 890
11019 867
11020 178
11021 702
11022 956
11023 330
11024 617
11025 330
11026 683
11027 720
11028 633
11029 882
11030 194
11031 281
11032 227
11033 305
11034 950
11035 918
11036 531
11037 307
11038 104
11039 287
11040 893
11041 458
11042 973
11043 315
11044 605
11045 347
11046 62
11047 375
11048 441
11049 866
11050 466
11051 72
11052 816
11053 763
11054 596
11055 559
11056 751
11057 521
11058 876
11059 555
11060 502
11061 609
11062 392
11063 823
11064 814
11065 537
11066 611
11067 317
11068 501
11069 679
11070 480
11071 512
11072 180
11073 253
11074 836
11075 162
11076 755
11077 470
11078 246
11079 506
11080 330
11081 211
11082 995
11083 145
11084 361
11085 96
11086 9
11087 789
11088 675
11089 840
11090 984
11091 827
11092 854
11093 338
11094 945
11095 1
11096 485
11097 552
11098 602
11099 53
11100 870
11101 36
11102 905
11103 722
11104 52
11105 854
11106 853
11107 900
11108 848
11109 453
11110 636
11111 153
11112 971
11113 668
11114 539
11115 641
11116 21
11117 507
11118 524
11119 343
11120 140
11121 675
11122 825
11123 597
11124 463
11125 652
11126 59
11127 709
11128 128
11129 891
11130 397
11131 409
11132 673
11133 455
11134 647
11135 599
11136 482
11137 61
11138 637
11139 905
11140 763
11141 527
11142 304
11143 202
11144 75
11145 257
11146 864
11147 892
11148 831
11149 816
11150 629
11151 335
11152 880
11153 893
11154 642
11155 925
11156 183
11157 388
11158 4
11159 382
11160 759
11161 779
11162 681
11163 771
11164 702
11165 546
11166 219
11167 376
11168 402
11169 634
11170 702
11171 943
11172 779
11173 14
11174 470
11175 68
11176 537
11177 341
11178 845
11179 364
11180 731
11181 770
11182 100
11183 287
11184 405
11185 632
11186 525
11187 854
11188 168
11189 584
11190 870
11191 37
11192 864
11193 974
11194 464
11195 217
11196 427
11197 218
11198 87
11199 444
11200 251
11201 552
11202 570
11203 491
11204 241
11205 399
11206 80
11207 562
11208 823
11209 447
11210 830
11211 112
11212 548
11213 208
11214 752
11215 494
11216 131
11217 381
11218 717
11219 431
11220 577
11221 125
11222 834
11223 540
11224 966
11225 395
11226 643
11227 735
11228 333
11229 23
11230 829
11231 693
11232 313
11233 93
11234 51
11235 110
11236 116
11237 337
11238 902
11239 58
11240 555
11241 367
11242 164
11243 162
11244 312
11245 843
11246 585
11247 530
11248 960
11249 662
11250 633
11251 195
11252 520
11253 358
11254 774
11255 290
11256 521
11257 358
11258 497
11259 42
11260 668
11261 741
11262 403
11263 567
11264 890
11265 832
11266 533
11267 470
11268 578
11269 995
11270 636
11271 242
11272 432
11273 302
11274 868
11275 506
11276 429
11277 119
11278 730
11279 757
11280 928
11281 403
11282 979
11283 236
11284 82
11285 583
11286 732
11287 77
11288 699
11289 354
11290 710
11291 631
11292 750
11293 241
11294 264
11295 78
11296 231
11297 632
11298 474
11299 149
11300 546
11301 946
11302 715
11303 268
11304 680
11305 358
11306 377
11307 278
11308 405
11309 449
11310 337
11311 323
11312 369
11313 797
11314 185
11315 115
11316 104
11317 619
11318 781
11319 45
11320 274
11321 943
11322 677
11323 454
11324 349
11325 729
11326 2
11327 61
11328 729
11329 273
11330 185
11331 610
11332 895
11333 108
11334 577
11335 476
11336 242
11337 407
11338 905
11339 692
11340 543
11341 606
11342 969
11343 115
11344 433
11345 350
11346 529
11347 788
11348 833
11349 274
11350 640
11351 350
11352 737
11353 364
11354 942
11355 885
11356 886
11357 214
11358 940
11359 896
11360 214
11361 449
11362 75
11363 97
11364 762
11365 832
11366 951
11367 245
11368 582
11369 774
11370 774
11371 723
11372 487
11373 787
11374 5
11375 510
11376 158
11377 312
11378 489
11379 983
11380 573
11381 856
11382 681
11383 24
11384 98
11385 809
11386 125
11387 801
11388 643
11389 283
11390 196
11391 883
11392 419
11393 483
11394 728
11395 680
11396 852
11397 980
11398 389
11399 883
11400 488
11401 219
11402 452
11403 320
11404 709
11405 789
11406 863
11407 538
11408 229
11409 887
11410 564
11411 822
11412 260
11413 97
11414 189
11415 536
11416 569
11417 873
11418 461
11419 339
11420 633
11421 708
11422 862
11423 564
11424 458
11425 911
11426 730
11427 292
11428 661
11429 0
11430 919
11431 803
11432 339
11433 442
11434 223
11435 202
11436 449
11437 16
11438 358
11439 251
11440 978
11441 926
11442 220
11443 966
11444 61
11445 573
11446 464
11447 286
11448 833
11449 660
11450 602
11451 162
11452 826
11453 715
11454 18
11455 691
11456 411
11457 239
11458 353
11459 159
11460 787
11461 119
11462 265
11463 643
11464 433
11465 480
11466 656
11467 537
11468 507
11469 556
11470 231
11471 23
11472 444
11473 108
11474 784
11475 113
11476 586
11477 25
11478 186
11479 825
11480 365
11481 215
11482 820
11483 515
11484 684
11485 644
11486 924
11487 589
11488 757
11489 567
11490 894
11491 153
11492 132
11493 522
11494 503
11495 723
11496 452
11497 365
11498 440
11499 236
11500 6
11501 715
11502 799
11503 722
11504 630
11505 196
11506 585
11507 424
11508 278
11509 341
11510 832
11511 611
11512 427
11513 167
11514 171
11515 431
11516 23
11517 801
11518 293
11519 495
11520 755
11521 941
11522 735
11523 342
11524 19
11525 803
11526 312
11527 541
11528 314
11529 442
11530 630
11531 991
11532 96
11533 308
11534 615
11535 225
11536 250
11537 285
11538 398
11539 130
11540 233
11541 495
11542 752
11543 938
11544 601
11545 960
11546 298
11547 743
11548 85
11549 587
11550 458
11551 980
11552 441
11553 243
11554 588
11555 604
11556 16
11557 54
11558 302
11559 550
11560 597
11561 252
11562 671
11563 539
11564 900
11565 443
11566 295
11567 711
11568 3
11569 566
11570 72
11571 364
11572 283
11573 687
11574 503
11575 734
11576 748
11577 65
11578 324
11579 915
11580 592
11581 60
11582 926
11583 79
11584 216
11585 149
11586 95
11587 483
11588 255
11589 994
11590 285
11591 712
11592 723
11593 457
11594 980
11595 514
11596 35
11597 160
11598 831
11599 524
11600 564
11601 44
11602 171
11603 928
11604 222
11605 113
11606 194
11607 501
11608 398
11609 194
11610 869
11611 292
11612 659
11613 305
11614 309
11615 299
11616 81
11617 886
11618 999
11619 421
11620 593
11621 31
11622 655
11623 890
11624 386
11625 416
11626 418
11627 658
11628 166
11629 726
11630 848
11631 762
11632 407
11633 123
11634 163
11635 598
11636 15
11637 678
11638 168
11639 48
11640 508
11641 216
11642 537
11643 954
11644 331
11645 680
11646 983
11647 249
11648 20
11649 671
11650 691
11651 399
11652 896
11653 28
11654 564
11655 343
11656 116
11657 765
11658 611
11659 32
11660 614
11661 512
11662 503
11663 736
11664 196
11665 236
11666 153
11667 902
11668 307
11669 383
11670 322
11671 349
11672 322
11673 537
11674 155
11675 588
11676 273
11677 771
11678 27
11679 445
11680 960
11681 796
11682 42
11683 900
11684 526
11685 109
11686 418
11687 863
11688 632
11689 338
11690 364
11691 827
11692 276
11693 376
11694 304
11695 226
11696 101
11697 431
11698 724
11699 48
11700 794
11701 365
11702 628
11703 115
11704 310
11705 692
11706 636
11707 248
11708 487
11709 132
11710 457
11711 6
11712 223
11713 446
11714 794
11715 116
11716 640
11717 944
11718 613
11719 721
11720 901
11721 464
11722 918
11723 972
11724 735
11725 865
11726 578
11727 502
11728 440
11729 858
11730 425
11731 787
11732 741
11733 908
11734 27
11735 895
11736 547
11737 296
11738 809
11739 538
11740 754
11741 470
11742 359
11743 10
11744 617
11745 768
11746 164
11747 706
11748 818
11749 962
11750 307
11751 720
11752 383
11753 506
11754 882
11755 923
11756 95
11757 272
11758 655
11759 590
11760 289
11761 268
11762 413
11763 17
11764 233
11765 297
11766 716
11767 236
11768 928
11769 923
11770 421
11771 814
11772 598
11773 330
11774 627
11775 410
11776 237
11777 589
11778 513
11779 375
11780 759
11781 565
11782 512
11783 305
11784 174
11785 661
11786 177
11787 560
11788 144
11789 332
11790 70
11791 993
11792 473
11793 84
11794 45
11795 4
11796 840
11797 492
11798 390
11799 800
11800 827
11801 818
11802 953
11803 721
11804 272
11805 144
11806 294
11807 618
11808 46
11809 714
11810 547
11811 333
11812 397
11813 542
11814 710
11815 883
11816 510
11817 173
11818 873
11819 939
11820 613
11821 72
11822 478
11823 734
11824 538
11825 714
11826 238
11827 209
11828 758
11829 299
11830 584
11831 43
11832 783
11833 681
11834 950
11835 439
11836 326
11837 954
11838 633
11839 359
11840 75
11841 563
11842 438
11843 53
11844 519
11845 350
11846 990
11847 240
11848 645
11849 800
11850 38
11851 704
11852 537
11853 133
11854 73
11855 554
11856 901
11857 743
11858 480
11859 35
11860 150
11861 846
11862 625
11863 894
11864 747
11865 901
11866 601
11867 492
11868 426
11869 351
11870 809
11871 570
11872 715
11873 7
11874 170
11875 901
11876 146
11877 649
11878 466
11879 16
11880 795
11881 163
11882 751
11883 706
11884 540
11885 254
11886 580
11887 492
11888 861
11889 565
11890 260
11891 218
11892 988
11893 884
11894 250
11895 849
11896 981
11897 797
11898 998
11899 663
11900 291
11901 189
11902 331
11903 304
11904 404
11905 192
11906 841
11907 378
11908 590
11909 955
11910 809
11911 519
11912 751
11913 523
11914 778
11915 194
11916 48
11917 716
11918 390
11919 791
11920 111
11921 874
11922 841
11923 802
11924 34
11925 38
11926 413
11927 442
11928 985
11929 736
11930 126
11931 7
11932 911
11933 527
11934 559
11935 448
11936 151
11937 49
11938 892
11939 381
11940 444
11941 775
11942 364
11943 518
11944 395
11945 480
11946 534
11947 377
11948 603
11949 243
11950 719
11951 394
11952 922
11953 925
11954 595
11955 527
11956 816
11957 234
11958 568
11959 628
11960 361
11961 40
11962 806
11963 736
11964 144
11965 847
11966 969
11967 809
11968 711
11969 442
11970 813
11971 91
11972 513
11973 335
11974 889
11975 684
11976 239
11977 466
11978 811
11979 731
11980 629
11981 425
11982 265
11983 260
11984 78
11985 716
11986 211
11987 37
11988 575
11989 890
11990 212
11991 801
11992 650
11993 47
11994 599
11995 22
11996 104
11997 906
11998 332
11999 994
12000 536
12001 118
12002 808
12003 210
12004 396
12005 669
12006 278
12007 119
12008 782
12009 564
12010 488
12011 295
12012 624
12013 673
12014 900
12015 568
12016 628
12017 114
12018 679
12019 803
12020 280
12021 857
12022 990
12023 59
12024 139
12025 708
12026 535
12027 277
12028 440
12029 705
12030 760
12031 899
12032 561
12033 524
12034 97
12035 749
12036 304
12037 635
12038 856
12039 804
12040 230
12041 888
12042 778
12043 500
12044 506
12045 226
12046 82
12047 378
12048 533
12049 255
12050 481
12051 60
12052 370
12053 879
12054 897
12055 569
12056 729
12057 891
12058 280
12059 798
12060 617
12061 552
12062 792
12063 102
12064 447
12065 535
12066 921
12067 463
12068 829
12069 566
12070 44
12071 102
12072 328
12073 203
12074 133
12075 941
12076 264
12077 522
12078 892
12079 718
12080 207
12081 638
12082 54
12083 167
12084 400
12085 866
12086 10
12087 695
12088 171
12089 574
12090 107
12091 990
12092 486
12093 435
12094 603
12095 19
12096 867
12097 760
12098 376
12099 713
12100 389
12101 302
12102 375
12103 962
12104 453
12105 736
12106 81
12107 308
12108 992
12109 707
12110 743
12111 206
12112 709
12113 592
12114 793
12115 545
12116 436
12117 487
12118 677
12119 519
12120 335
12121 257
12122 430
12123 40
12124 34
12125 154
12126 759
12127 181
12128 110
12129 951
12130 587
12131 86
12132 32
12133 524
12134 361
12135 288
12136 278
12137 721
12138 352
12139 398
12140 304
12141 582
12142 636
12143 594
12144 502
12145 470
12146 226
12147 373
12148 316
12149 612
12150 350
12151 751
12152 22
12153 413
12154 253
12155 485
12156 845
12157 519
12158 301
12159 62
12160 297
12161 525
12162 972
12163 649
12164 404
12165 838
12166 647
12167 942
12168 184
12169 370
12170 231
12171 779
12172 602
12173 142
12174 553
12175 442
12176 973
12177 66
12178 522
12179 284
12180 338
12181 931
12182 628
12183 616
12184 209
12185 856
12186 484
12187 204
12188 352
12189 843
12190 138
12191 331
12192 513
12193 600
12194 100
12195 299
12196 484
12197 332
12198 11
12199 256
12200 923
12201 433
12202 370
12203 498
12204 203
12205 7
12206 609
12207 167
12208 268
12209 782
12210 160
12211 340
12212 483
12213 878
12214 953
12215 127
12216 111
12217 282
12218 343
12219 883
12220 816
12221 188
12222 564
12223 687
12224 990
12225 7
12226 133
12227 858
12228 394
12229 845
12230 987
12231 837
12232 525
12233 232
12234 490
12235 210
12236 927
12237 131
12238 753
12239 359
12240 123
12241 626
12242 173
12243 682
12244 123
12245 393
12246 837
12247 983
12248 501
12249 680
12250 157
12251 792
12252 351
12253 91
12254 561
12255 502
12256 824
12257 315
12258 291
12259 399
12260 500
12261 971
12262 433
12263 331
12264 623
12265 865
12266 891
12267 850
12268 344
12269 645
12270 505
12271 232
12272 864
12273 576
12274 899
12275 759
12276 887
12277 646
12278 493
12279 633
12280 772
12281 634
12282 703
12283 86
12284 514
12285 338
12286 698
12287 650
12288 381
12289 215
12290 652
12291 591
12292 642
12293 740
12294 314
12295 797
12296 827
12297 774
12298 784
12299 754
12300 202
12301 287
12302 963
12303 223
12304 387
12305 527
12306 926
12307 977
12308 133
12309 155
12310 526
12311 377
12312 681
12313 594
12314 138
12315 776
12316 727
12317 944
12318 975
12319 918
12320 984
12321 29
12322 779
12323 940
12324 657
12325 403
12326 807
12327 91
12328 728
12329 422
12330 653
12331 851
12332 47
12333 102
12334 203
12335 851
12336 136
12337 123
12338 573
12339 8
12340 910
12341 545
12342 5
12343 755
12344 906
12345 161
12346 626
12347 113
12348 557
12349 169
12350 949
12351 180
12352 415
12353 291
12354 576
12355 953
12356 341
12357 831
12358 333
12359 258
12360 641
12361 882
12362 601
12363 764
12364 504
12365 982
12366 278
12367 226
12368 81
12369 717
12370 258
12371 809
12372 554
12373 529
12374 719
12375 681
12376 508
12377 666
12378 487
12379 605
12380 637
12381 996
12382 214
12383 994
12384 497
12385 160
12386 813
12387 940
12388 364
12389 723
12390 974
12391 514
12392 674
12393 762
12394 755
12395 145
12396 778
12397 229
12398 352
12399 254
12400 950
12401 456
12402 819
12403 987
12404 961
12405 330
12406 84
12407 542
12408 614
12409 188
12410 811
12411 29
12412 672
12413 24
12414 846
12415 599
12416 246
12417 620
12418 455
12419 353
12420 423
12421 125
12422 144
12423 215
12424 806
12425 912
12426 572
12427 687
12428 295
12429 259
12430 801
12431 9
12432 687
12433 608
12434 651
12435 507
12436 388
12437 349
12438 645
12439 256
12440 702
12441 196
12442 966
12443 701
12444 280
12445 904
12446 326
12447 963
12448 956
12449 399
12450 100
12451 419
12452 126
12453 515
12454 693
12455 236
12456 427
12457 651
12458 513
12459 802
12460 516
12461 737
12462 9
12463 803
12464 279
12465 85
12466 878
12467 133
12468 538
12469 522
12470 788
12471 650
12472 697
12473 904
12474 714
12475 208
12476 552
12477 445
12478 837
12479 135
12480 537
12481 487
12482 125
12483 95
12484 324
12485 39
12486 911
12487 43
12488 123
12489 591
12490 815
12491 393
12492 950
12493 754
12494 761
12495 153
12496 650
12497 295
12498 299
12499 977
12500 787
12501 9
12502 912
12503 789
12504 206
12505 532
12506 659
12507 435
12508 540
12509 988
12510 985
12511 145
12512 589
12513 435
12514 841
12515 858
12516 857
12517 528
12518 709
12519 250
12520 842
12521 791
12522 737
12523 692
12524 422
12525 353
12526 586
12527 590
12528 853
12529 228
12530 898
12531 110
12532 132
12533 48
12534 73
12535 712
12536 580
12537 719
12538 709
12539 523
12540 354
12541 526
12542 451
12543 957
12544 354
12545 46
12546 599
12547 923
12548 288
12549 62
12550 951
12551 480
12552 567
12553 282
12554 580
12555 414
12556 292
12557 189
12558 645
12559 614
12560 655
12561 224
12562 556
12563 540
12564 732
12565 119
12566 212
12567 193
12568 901
12569 531
12570 354
12571 670
12572 326
12573 303
12574 559
12575 650
12576 403
12577 618
12578 536
12579 543
12580 457
12581 771
12582 315
12583 915
12584 555
12585 274
12586 675
12587 153
12588 160
12589 239
12590 233
12591 512
12592 475
12593 565
12594 813
12595 781
12596 205
12597 477
12598 163
12599 334
12600 20
12601 44
12602 239
12603 166
12604 348
12605 167
12606 113
12607 764
12608 158
12609 496
12610 41
12611 674
12612 147
12613 672
12614 610
12615 339
12616 644
12617 675
12618 539
12619 627
12620 712
12621 114
12622 294
12623 524
12624 908
12625 115
12626 481
12627 992
12628 61
12629 425
12630 78
12631 407
12632 701
12633 502
12634 227
12635 363
12636 684
12637 334
12638 634
12639 994
12640 421
12641 292
12642 8
12643 391
12644 803
12645 611
12646 878
12647 138
12648 281
12649 569
12650 849
12651 25
12652 166
12653 75
12654 400
12655 769
12656 78
12657 227
12658 593
12659 697
12660 311
12661 363
12662 552
12663 640
12664 26
12665 984
12666 424
12667 150
12668 515
12669 74
12670 404
12671 263
12672 767
12673 588
12674 998
12675 621
12676 425
12677 195
12678 444
12679 766
12680 239
12681 453
12682 755
12683 528
12684 293
12685 481
12686 826
12687 159
12688 227
12689 659
12690 920
12691 522
12692 317
12693 676
12694 667
12695 584
12696 389
12697 2
12698 440
12699 879
12700 962
12701 566
12702 258
12703 663
12704 808
12705 892
12706 784
12707 143
12708 209
12709 596
12710 605
12711 676
12712 411
12713 418
12714 600
12715 128
12716 294
12717 347
12718 745
12719 46
12720 888
12721 70
12722 246
12723 457
12724 143
12725 264
12726 12
12727 208
12728 548
12729 751
12730 738
12731 437
12732 93
12733 169
12734 926
12735 914
12736 293
12737 839
12738 41
12739 433
12740 133
12741 611
12742 703
12743 258
12744 442
12745 926
12746 599
12747 510
12748 879
12749 661
12750 231
12751 352
12752 925
12753 431
12754 155
12755 198
12756 589
12757 831
12758 233
12759 265
12760 637
12761 513
12762 355
12763 463
12764 144
12765 997
12766 900
12767 399
12768 884
12769 708
12770 685
12771 733
12772 950
12773 628
12774 78
12775 572
12776 19
12777 126
12778 628
12779 295
12780 486
12781 150
12782 844
12783 170
12784 471
12785 761
12786 849
12787 78
12788 670
12789 510
12790 271
12791 181
12792 492
12793 674
12794 631
12795 407
12796 904
12797 607
12798 315
12799 762
12800 628
12801 908
12802 126
12803 385
12804 789
12805 265
12806 623
12807 793
12808 222
12809 43
12810 722
12811 52
12812 32
12813 352
12814 773
12815 85
12816 587
12817 192
12818 347
12819 274
12820 578
12821 586
12822 451
12823 633
12824 250
12825 67
12826 362
12827 713
12828 500
12829 960
12830 429
12831 641
12832 540
12833 159
12834 126
12835 787
12836 576
12837 419
12838 715
12839 996
12840 579
12841 230
12842 755
12843 950
12844 909
12845 891
12846 645
12847 721
12848 199
12849 915
12850 997
12851 141
12852 623
12853 191
12854 789
12855 154
12856 909
12857 418
12858 94
12859 847
12860 253
12861 237
12862 3
12863 221
12864 556
12865 211
12866 662
12867 800
12868 138
12869 425
12870 553
12871 590
12872 568
12873 463
12874 341
12875 477
12876 313
12877 19
12878 858
12879 832
12880 855
12881 697
12882 621
12883 450
12884 411
12885 479
12886 864
12887 122
12888 60
12889 747
12890 477
12891 216
12892 974
12893 953
12894 174
12895 254
12896 169
12897 732
12898 932
12899 653
12900 774
12901 688
12902 710
12903 418
12904 21
12905 564
12906 321
12907 181
12908 928
12909 105
12910 757
12911 596
12912 594
12913 81
12914 429
12915 58
12916 789
12917 190
12918 51
12919 339
12920 637
12921 778
12922 704
12923 368
12924 27
12925 843
12926 261
12927 584
12928 780
12929 235
12930 480
12931 668
12932 630
12933 491
12934 428
12935 689
12936 585
12937 836
12938 275
12939 456
12940 187
12941 811
12942 657
12943 80
12944 588
12945 221
12946 602
12947 793
12948 554
12949 192
12950 38
12951 536
12952 698
12953 555
12954 702
12955 898
12956 510
12957 12
12958 703
12959 14
12960 420
12961 60
12962 133
12963 579
12964 366
12965 740
12966 107
12967 886
12968 354
12969 278
12970 839
12971 442
12972 369
12973 52
12974 508
12975 758
12976 349
12977 998
12978 564
12979 747
12980 574
12981 496
12982 183
12983 514
12984 273
12985 710
12986 440
12987 492
12988 794
12989 70
12990 504
12991 54
12992 670
12993 344
12994 724
12995 501
12996 818
12997 173
12998 857
12999 892
13000 416
13001 295
13002 835
13003 784
13004 589
13005 328
13006 614
13007 606
13008 222
13009 638
13010 866
13011 153
13012 804
13013 798
13014 509
13015 871
13016 885
13017 524
13018 722
13019 762
13020 561
13021 45
13022 323
13023 178
13024 482
13025 25
13026 153
13027 394
13028 685
13029 528
13030 159
13031 744
13032 501
13033 172
13034 826
13035 80
13036 202
13037 943
13038 802
13039 201
13040 592
13041 297
13042 430
13043 257
13044 518
13045 275
13046 360
13047 746
13048 832
13049 312
13050 81
13051 0
13052 986
13053 318
13054 791
13055 214
13056 616
13057 117
13058 366
13059 589
13060 893
13061 387
13062 513
13063 189
13064 848
13065 621
13066 625
13067 24
13068 59
13069 574
13070 852
13071 825
13072 451
13073 286
13074 485
13075 461
13076 313
13077 699
13078 667
13079 27
13080 681
13081 451
13082 507
13083 287
13084 938
13085 503
13086 463
13087 723
13088 332
13089 280
13090 694
13091 4
13092 897
13093 129
13094 290
13095 626
13096 941
13097 221
13098 569
13099 152
13100 182
13101 311
13102 406
13103 729
13104 373
13105 40
13106 57
13107 373
13108 586
13109 568
13110 306
13111 861
13112 209
13113 783
13114 299
13115 898
13116 1
13117 430
13118 85
13119 828
13120 221
13121 164
13122 138
13123 870
13124 907
13125 679
13126 109
13127 971
13128 867
13129 482
13130 162
13131 102
13132 816
13133 21
13134 9
13135 336
13136 229
13137 271
13138 12
13139 564
13140 230
13141 275
13142 167
13143 568
13144 239
13145 641
13146 577
13147 257
13148 143
13149 556
13150 431
13151 479
13152 665
13153 522
13154 603
13155 143
13156 854
13157 991
13158 819
13159 840
13160 822
13161 257
13162 763
13163 177
13164 85
13165 137
13166 82
13167 583
13168 503
13169 965
13170 628
13171 847
13172 658
13173 631
13174 415
13175 859
13176 62
13177 917
13178 939
13179 184
13180 750
13181 104
13182 266
13183 879
13184 53
13185 558
13186 715
13187 389
13188 562
13189 770
13190 903
13191 606
13192 765
13193 23
13194 684
13195 901
13196 617
13197 885
13198 27
13199 20
13200 903
13201 199
13202 281
13203 565
13204 570
13205 422
13206 336
13207 603
13208 505
13209 949
13210 37
13211 558
13212 943
13213 538
13214 180
13215 631
13216 204
13217 238
13218 79
13219 396
13220 774
13221 516
13222 262
13223 766
13224 319
13225 68
13226 873
13227 336
13228 952
13229 821
13230 847
13231 452
13232 725
13233 196
13234 542
13235 316
13236 621
13237 57
13238 228
13239 427
13240 687
13241 280
13242 756
13243 81
13244 904
13245 730
13246 378
13247 969
13248 650
13249 953
13250 890
13251 700
13252 365
13253 526
13254 843
13255 976
13256 498
13257 950
13258 997
13259 109
13260 876
13261 767
13262 10
13263 408
13264 406
13265 292
13266 446
13267 125
13268 483
13269 903
13270 293
13271 619
13272 227
13273 527
13274 162
13275 776
13276 899
13277 49
13278 321
13279 481
13280 131
13281 65
13282 8
13283 669
13284 823
13285 400
13286 68
13287 685
13288 964
13289 614
13290 106
13291 776
13292 172
13293 501
13294 144
13295 784
13296 529
13297 99
13298 439
13299 104
13300 71
13301 376
13302 544
13303 749
13304 341
13305 893
13306 801
13307 67
13308 9
13309 712
13310 112
13311 976
13312 132
13313 28
13314 444
13315 258
13316 22
13317 709
13318 642
13319 441
13320 528
13321 200
13322 823
13323 925
13324 438
13325 236
13326 278
13327 0
13328 190
13329 606
13330 589
13331 21
13332 531
13333 978
13334 143
13335 258
13336 118
13337 331
13338 485
13339 918
13340 959
13341 177
13342 696
13343 631
13344 899
13345 254
13346 278
13347 477
13348 742
13349 103
13350 888
13351 32
13352 220
13353 633
13354 576
13355 73
13356 886
13357 668
13358 233
13359 832
13360 122
13361 970
13362 858
13363 30
13364 721
13365 851
13366 572
13367 625
13368 462
13369 493
13370 327
13371 205
13372 643
13373 752
13374 614
13375 892
13376 294
13377 844
13378 229
13379 869
13380 433
13381 833
13382 568
13383 792
13384 399
13385 252
13386 772
13387 997
13388 551
13389 478
13390 899
13391 790
13392 336
13393 872
13394 617
13395 32
13396 528
13397 782
13398 943
13399 526
13400 175
13401 294
13402 748
13403 149
13404 741
13405 879
13406 12
13407 564
13408 597
13409 509
13410 51
13411 357
13412 682
13413 360
13414 435
13415 738
13416 228
13417 602
13418 125
13419 608
13420 855
13421 552
13422 321
13423 771
13424 335
13425 531
13426 991
13427 709
13428 195
13429 507
13430 479
13431 810
13432 736
13433 305
13434 939
13435 574
13436 669
13437 292
13438 710
13439 420
13440 127
13441 986
13442 383
13443 898
13444 176
13445 268
13446 272
13447 220
13448 950
13449 784
13450 491
13451 805
13452 819
13453 234
13454 26
13455 483
13456 369
13457 500
13458 942
13459 715
13460 716
13461 475
13462 114
13463 49
13464 443
13465 660
13466 328
13467 426
13468 87
13469 283
13470 141
13471 541
13472 553
13473 391
13474 353
13475 521
13476 196
13477 79
13478 850
13479 885
13480 971
13481 880
13482 646
13483 459
13484 792
13485 131
13486 53
13487 299
13488 122
13489 352
13490 250
13491 879
13492 785
13493 904
13494 195
13495 708
13496 96
13497 226
13498 78
13499 73
13500 930
13501 732
13502 17
13503 809
13504 619
13505 22
13506 563
13507 546
13508 811
13509 761
13510 9
13511 514
13512 173
13513 213
13514 828
13515 747
13516 902
13517 166
13518 629
13519 313
13520 855
13521 939
13522 596
13523 213
13524 81
13525 338
13526 60
13527 398
13528 692
13529 717
13530 813
13531 880
13532 892
13533 739
13534 204
13535 92
13536 887
13537 695
13538 556
13539 415
13540 87
13541 533
13542 181
13543 52
13544 757
13545 775
13546 806
13547 467
13548 321
13549 12
13550 558
13551 266
13552 326
13553 742
13554 902
13555 297
13556 918
13557 414
13558 837
13559 628
13560 917
13561 619
13562 487
13563 364
13564 276
13565 728
13566 23
13567 950
13568 31
13569 890
13570 834
13571 43
13572 458
13573 802
13574 866
13575 990
13576 610
13577 246
13578 14
13579 514
13580 481
13581 366
13582 113
13583 165
13584 677
13585 169
13586 675
13587 277
13588 596
13589 630
13590 798
13591 914
13592 800
13593 52
13594 770
13595 917
13596 797
13597 765
13598 218
13599 276
13600 991
13601 334
13602 24
13603 770
13604 244
13605 204
13606 875
13607 579
13608 375
13609 856
13610 261
13611 201
13612 651
13613 411
13614 911
13615 347
13616 213
13617 829
13618 876
13619 265
13620 95
13621 3
13622 132
13623 680
13624 348
13625 944
13626 147
13627 362
13628 33
13629 439
13630 600
13631 335
13632 842
13633 324
13634 392
13635 698
13636 1
13637 568
13638 863
13639 717
13640 878
13641 362
13642 203
13643 270
13644 177
13645 708
13646 397
13647 402
13648 709
13649 483
13650 117
13651 602
13652 914
13653 583
13654 556
13655 514
13656 895
13657 819
13658 563
13659 520
13660 998
13661 43
13662 220
13663 223
13664 47
13665 113
13666 300
13667 490
13668 333
13669 407
13670 692
13671 612
13672 788
13673 466
13674 903
13675 849
13676 173
13677 677
13678 672
13679 767
13680 421
13681 644
13682 941
13683 461
13684 70
13685 97
13686 371
13687 724
13688 748
13689 747
13690 420
13691 312
13692 583
13693 267
13694 407
13695 230
13696 320
13697 947
13698 514
13699 205
13700 607
13701 885
13702 529
13703 290
13704 316
13705 869
13706 141
13707 803
13708 195
13709 585
13710 659
13711 134
13712 234
13713 784
13714 503
13715 533
13716 738
13717 341
13718 384
13719 552
13720 136
13721 313
13722 269
13723 436
13724 408
13725 789
13726 359
13727 916
13728 766
13729 4
13730 772
13731 314
13732 989
13733 429
13734 247
13735 983
13736 375
13737 199
13738 653
13739 573
13740 357
13741 479
13742 400
13743 975
13744 737
13745 679
13746 450
13747 602
13748 173
13749 168
13750 300
13751 9
13752 543
13753 700
13754 53
13755 989
13756 298
13757 901
13758 165
13759 816
13760 717
13761 171
13762 505
13763 126
13764 801
13765 418
13766 39
13767 39
13768 538
13769 67
13770 780
13771 494
13772 644
13773 147
13774 861
13775 198
13776 189
13777 107
13778 133
13779 698
13780 768
13781 600
13782 378
13783 671
13784 456
13785 304
13786 479
13787 133
13788 79
13789 840
13790 837
13791 803
13792 925
13793 869
13794 648
13795 194
13796 0
13797 690
13798 911
13799 629
13800 122
13801 651
13802 60
13803 41
13804 972
13805 629
13806 119
13807 36
13808 706
13809 606
13810 978
13811 893
13812 603
13813 353
13814 218
13815 474
13816 942
13817 690
13818 175
13819 379
13820 86
13821 306
13822 102
13823 589
13824 86
13825 800
13826 383
13827 153
13828 751
13829 821
13830 181
13831 366
13832 349
13833 732
13834 141
13835 768
13836 349
13837 235
13838 274
13839 580
13840 293
13841 684
13842 839
13843 793
13844 841
13845 579
13846 779
13847 27
13848 2
13849 840
13850 185
13851 631
13852 615
13853 556
13854 435
13855 267
13856 882
13857 766
13858 40
13859 844
13860 895
13861 47
13862 86
13863 914
13864 215
13865 50
13866 913
13867 178
13868 14
13869 560
13870 530
13871 920
13872 783
13873 300
13874 408
13875 574
13876 650
13877 403
13878 60
13879 995
13880 314
13881 998
13882 270
13883 386
13884 507
13885 484
13886 616
13887 982
13888 612
13889 727
13890 621
13891 811
13892 485
13893 168
13894 561
13895 434
13896 970
13897 388
13898 741
13899 375
13900 455
13901 801
13902 494
13903 246
13904 448
13905 910
13906 513
13907 399
13908 404
13909 711
13910 180
13911 9
13912 195
13913 166
13914 656
13915 574
13916 949
13917 70
13918 174
13919 296
13920 38
13921 196
13922 306
13923 889
13924 108
13925 304
13926 197
13927 169
13928 589
13929 281
13930 657
13931 639
13932 235
13933 888
13934 212
13935 649
13936 377
13937 23
13938 602
13939 507
13940 382
13941 176
13942 892
13943 704
13944 877
13945 355
13946 542
13947 80
13948 34
13949 342
13950 462
13951 149
13952 150
13953 971
13954 420
13955 464
13956 790
13957 702
13958 342
13959 593
13960 715
13961 735
13962 870
13963 701
13964 250
13965 924
13966 441
13967 52
13968 684
13969 881
13970 992
13971 793
13972 661
13973 709
13974 406
13975 673
13976 586
13977 474
13978 268
13979 365
13980 893
13981 899
13982 170
13983 45
13984 345
13985 713
13986 965
13987 691
13988 927
13989 223
13990 243
13991 300
13992 781
13993 101
13994 809
13995 266
13996 756
13997 84
13998 257
13999 470
14000 583
14001 490
14002 965
14003 913
14004 581
14005 65
14006 61
14007 289
14008 381
14009 875
14010 751
14011 722
14012 391
14013 200
14014 214
14015 755
14016 519
14017 811
14018 42
14019 903
14020 540
14021 358
14022 369
14023 12
14024 75
14025 849
14026 722
14027 126
14028 35
14029 268
14030 434
14031 443
14032 687
14033 959
14034 298
14035 28
14036 18
14037 168
14038 392
14039 443
14040 477
14041 22
14042 852
14043 183
14044 5
14045 973
14046 199
14047 263
14048 901
14049 267
14050 697
14051 631
14052 262
14053 608
14054 40
14055 89
14056 690
14057 144
14058 206
14059 608
14060 974
14061 402
14062 173
14063 80
14064 645
14065 576
14066 429
14067 666
14068 681
14069 38
14070 456
14071 908
14072 250
14073 27
14074 988
14075 411
14076 955
14077 493
14078 709
14079 78
14080 879
14081 504
14082 404
14083 410
14084 279
14085 594
14086 203
14087 472
14088 694
14089 158
14090 828
14091 143
14092 893
14093 16
14094 486
14095 317
14096 836
14097 219
14098 900
14099 765
14100 876
14101 305
14102 62
14103 587
14104 592
14105 596
14106 220
14107 927
14108 794
14109 205
14110 334
14111 883
14112 76
14113 109
14114 54
14115 642
14116 434
14117 519
14118 902
14119 521
14120 502
14121 319
14122 949
14123 815
14124 988
14125 294
14126 922
14127 759
14128 652
14129 409
14130 686
14131 640
14132 159
14133 898
14134 108
14135 301
14136 987
14137 913
14138 877
14139 970
14140 605
14141 308
14142 443
14143 112
14144 427
14145 832
14146 539
14147 690
14148 40
14149 9
14150 395
14151 825
14152 295
14153 451
14154 428
14155 200
14156 66
14157 17
14158 829
14159 238
14160 754
14161 421
14162 823
14163 404
14164 481
14165 529
14166 81
14167 161
14168 378
14169 667
14170 143
14171 615
14172 896
14173 320
14174 604
14175 892
14176 898
14177 522
14178 592
14179 179
14180 608
14181 734
14182 261
14183 602
14184 205
14185 157
14186 718
14187 875
14188 487
14189 866
14190 496
14191 909
14192 537
14193 194
14194 245
14195 261
14196 147
14197 822
14198 433
14199 272
14200 124
14201 159
14202 445
14203 579
14204 190
14205 54
14206 379
14207 484
14208 516
14209 334
14210 531
14211 460
14212 604
14213 699
14214 580
14215 912
14216 965
14217 259
14218 30
14219 939
14220 727
14221 879
14222 616
14223 534
14224 78
14225 72
14226 284
14227 720
14228 990
14229 105
14230 541
14231 286
14232 389
14233 350
14234 394
14235 264
14236 874
14237 60
14238 265
14239 409
14240 700
14241 503
14242 805
14243 514
14244 108
14245 375
14246 78
14247 211
14248 531
14249 24
14250 212
14251 735
14252 79
14253 449
14254 859
14255 391
14256 623
14257 973
14258 455
14259 551
14260 138
14261 818
14262 963
14263 361
14264 254
14265 733
14266 905
14267 483
14268 626
14269 226
14270 928
14271 759
14272 655
14273 476
14274 709
14275 922
14276 83
14277 627
14278 801
14279 404
14280 634
14281 587
14282 671
14283 465
14284 40
14285 895
14286 930
14287 100
14288 364
14289 389
14290 563
14291 997
14292 658
14293 64
14294 969
14295 660
14296 546
14297 843
14298 191
14299 900
14300 364
14301 282
14302 404
14303 985
14304 524
14305 168
14306 512
14307 56
14308 533
14309 835
14310 456
14311 574
14312 150
14313 685
14314 995
14315 824
14316 72
14317 1
14318 55
14319 982
14320 973
14321 639
14322 269
14323 186
14324 604
14325 545
14326 520
14327 217
14328 487
14329 316
14330 752
14331 391
14332 827
14333 678
14334 337
14335 156
14336 786
14337 386
14338 273
14339 717
14340 228
14341 692
14342 424
14343 316
14344 782
14345 969
14346 262
14347 533
14348 546
14349 938
14350 783
14351 135
14352 530
14353 490
14354 439
14355 413
14356 924
14357 758
14358 689
14359 511
14360 478
14361 860
14362 731
14363 73
14364 295
14365 962
14366 729
14367 105
14368 173
14369 964
14370 767
14371 741
14372 33
14373 647
14374 462
14375 182
14376 476
14377 789
14378 441
14379 366
14380 720
14381 462
14382 195
14383 447
14384 18
14385 550
14386 885
14387 666
14388 512
14389 841
14390 23
14391 952
14392 20
14393 475
14394 605
14395 827
14396 675
14397 641
14398 40
14399 3
14400 151
14401 100
14402 627
14403 311
14404 479
14405 650
14406 384
14407 765
14408 858
14409 147
14410 547
14411 432
14412 100
14413 630
14414 97
14415 75
14416 696
14417 299
14418 325
14419 697
14420 768
14421 332
14422 369
14423 640
14424 197
14425 503
14426 63
14427 279
14428 620
14429 624
14430 14
14431 128
14432 912
14433 467
14434 963
14435 214
14436 975
14437 533
14438 616
14439 443
14440 531
14441 47
14442 783
14443 874
14444 672
14445 480
14446 466
14447 488
14448 661
14449 848
14450 753
14451 522
14452 593
14453 518
14454 61
14455 228
14456 571
14457 792
14458 3
14459 396
14460 529
14461 320
14462 503
14463 57
14464 416
14465 146
14466 800
14467 426
14468 314
14469 11
14470 644
14471 748
14472 37
14473 840
14474 689
14475 620
14476 286
14477 569
14478 387
14479 345
14480 836
14481 666
14482 661
14483 310
14484 994
14485 679
14486 4
14487 231
14488 791
14489 740
14490 830
14491 850
14492 317
14493 134
14494 484
14495 36
14496 836
14497 750
14498 653
14499 517
14500 346
14501 799
14502 718
14503 424
14504 250
14505 753
14506 70
14507 25
14508 134
14509 95
14510 611
14511 559
14512 173
14513 768
14514 262
14515 829
14516 516
14517 11
14518 522
14519 382
14520 877
14521 630
14522 510
14523 403
14524 463
14525 683
14526 869
14527 14
14528 247
14529 78
14530 675
14531 136
14532 374
14533 941
14534 470
14535 679
14536 626
14537 992
14538 830
14539 364
14540 129
14541 616
14542 104
14543 645
14544 927
14545 757
14546 428
14547 616
14548 627
14549 611
14550 731
14551 566
14552 635
14553 400
14554 795
14555 305
14556 860
14557 253
14558 972
14559 297
14560 324
14561 991
14562 220
14563 5
14564 210
14565 113
14566 281
14567 996
14568 827
14569 994
14570 545
14571 792
14572 613
14573 9
14574 889
14575 817
14576 550
14577 746
14578 791
14579 559
14580 669
14581 70
14582 165
14583 109
14584 928
14585 847
14586 231
14587 167
14588 594
14589 656
14590 614
14591 832
14592 855
14593 233
14594 667
14595 998
14596 753
14597 439
14598 511
14599 497
14600 696
14601 529
14602 74
14603 573
14604 482
14605 866
14606 657
14607 192
14608 402
14609 272
14610 259
14611 258
14612 284
14613 824
14614 614
14615 515
14616 860
14617 153
14618 306
14619 433
14620 889
14621 274
14622 284
14623 615
14624 100
14625 596
14626 229
14627 573
14628 400
14629 808
14630 161
14631 217
14632 0
14633 663
14634 822
14635 426
14636 11
14637 375
14638 799
14639 945
14640 68
14641 520
14642 71
14643 258
14644 382
14645 419
14646 48
14647 781
14648 260
14649 335
14650 405
14651 141
14652 458
14653 201
14654 874
14655 174
14656 158
14657 741
14658 257
14659 837
14660 148
14661 388
14662 584
14663 544
14664 43
14665 534
14666 140
14667 42
14668 433
14669 778
14670 259
14671 457
14672 793
14673 693
14674 198
14675 138
14676 281
14677 797
14678 860
14679 455
14680 896
14681 928
14682 76
14683 465
14684 753
14685 129
14686 660
14687 205
14688 988
14689 13
14690 816
14691 826
14692 333
14693 915
14694 824
14695 555
14696 22
14697 398
14698 762
14699 327
14700 78
14701 787
14702 191
14703 621
14704 830
14705 744
14706 55
14707 861
14708 942
14709 739
14710 210
14711 525
14712 140
14713 253
14714 44
14715 754
14716 11
14717 717
14718 932
14719 545
14720 462
14721 285
14722 564
14723 942
14724 392
14725 857
14726 235
14727 716
14728 225
14729 892
14730 308
14731 28
14732 804
14733 844
14734 433
14735 533
14736 448
14737 995
14738 944
14739 632
14740 832
14741 855
14742 257
14743 986
14744 433
14745 532
14746 21
14747 138
14748 479
14749 688
14750 712
14751 544
14752 13
14753 843
14754 995
14755 669
14756 118
14757 355
14758 288
14759 600
14760 252
14761 170
14762 834
14763 947
14764 90
14765 86
14766 631
14767 458
14768 339
14769 607
14770 13
14771 475
14772 720
14773 37
14774 246
14775 796
14776 244
14777 300
14778 919
14779 922
14780 917
14781 356
14782 894
14783 607
14784 306
14785 717
14786 823
14787 15
14788 584
14789 734
14790 620
14791 27
14792 553
14793 57
14794 797
14795 37
14796 511
14797 891
14798 68
14799 181
14800 327
14801 325
14802 28
14803 808
14804 580
14805 636
14806 731
14807 176
14808 352
14809 688
14810 320
14811 561
14812 188
14813 111
14814 402
14815 986
14816 21
14817 682
14818 465
14819 433
14820 449
14821 799
14822 610
14823 545
14824 478
14825 301
14826 466
14827 541
14828 655
14829 904
14830 406
14831 814
14832 111
14833 148
14834 132
14835 868
14836 372
14837 270
14838 760
14839 307
14840 598
14841 981
14842 592
14843 146
14844 284
14845 998
14846 45
14847 5
14848 201
14849 624
14850 606
14851 98
14852 915
14853 425
14854 771
14855 965
14856 445
14857 680
14858 989
14859 811
14860 506
14861 707
14862 41
14863 164
14864 587
14865 891
14866 388
14867 919
14868 92
14869 38
14870 484
14871 373
14872 64
14873 262
14874 550
14875 903
14876 636
14877 355
14878 327
14879 851
14880 657
14881 142
14882 766
14883 808
14884 377
14885 648
14886 220
14887 12
14888 560
14889 832
14890 198
14891 23
14892 813
14893 99
14894 735
14895 829
14896 780
14897 32
14898 39
14899 86
14900 70
14901 541
14902 0
14903 817
14904 828
14905 702
14906 364
14907 716
14908 981
14909 957
14910 728
14911 11
14912 506
14913 901
14914 701
14915 433
14916 206
14917 381
14918 837
14919 50
14920 415
14921 201
14922 767
14923 731
14924 396
14925 742
14926 821
14927 28
14928 702
14929 255
14930 608
14931 88
14932 291
14933 16
14934 647
14935 434
14936 801
14937 118
14938 805
14939 660
14940 320
14941 454
14942 354
14943 862
14944 168
14945 708
14946 705
14947 239
14948 775
14949 825
14950 715
14951 576
14952 891
14953 532
14954 702
14955 352
14956 629
14957 469
14958 93
14959 839
14960 523
14961 875
14962 918
14963 108
14964 150
14965 542
14966 614
14967 105
14968 458
14969 803
14970 371
14971 846
14972 864
14973 712
14974 145
14975 327
14976 629
14977 904
14978 369
14979 346
14980 911
14981 690
14982 286
14983 559
14984 365
14985 318
14986 997
14987 414
14988 245
14989 381
14990 530
14991 730
14992 655
14993 76
14994 610
14995 926
14996 631
14997 1
14998 829
14999 230
15000 354
15001 537
15002 148
15003 938
15004 771
15005 430
15006 482
15007 439
15008 124
15009 224
15010 715
15011 650
15012 283
15013 126
15014 343
15015 982
15016 928
15017 654
15018 85
15019 939
15020 832
15021 362
15022 675
15023 605
15024 722
15025 226
15026 619
15027 988
15028 814
15029 249
15030 887
15031 880
15032 903
15033 247
15034 52
15035 352
15036 353
15037 230
15038 130
15039 208
15040 616
15041 138
15042 855
15043 728
15044 311
15045 808
15046 845
15047 179
15048 521
15049 31
15050 699
15051 545
15052 634
15053 406
15054 631
15055 455
15056 955
15057 999
15058 994
15059 576
15060 722
15061 780
15062 232
15063 498
15064 501
15065 19
15066 700
15067 637
15068 636
15069 4
15070 634
15071 979
15072 845
15073 993
15074 782
15075 973
15076 335
15077 233
15078 79
15079 363
15080 669
15081 281
15082 572
15083 106
15084 988
15085 667
15086 321
15087 389
15088 135
15089 748
15090 430
15091 763
15092 160
15093 315
15094 789
15095 299
15096 524
15097 168
15098 432
15099 615
15100 48
15101 167
15102 522
15103 43
15104 647
15105 62
15106 345
15107 696
15108 241
15109 833
15110 73
15111 122
15112 534
15113 62
15114 593
15115 640
15116 312
15117 171
15118 901
15119 250
15120 82
15121 830
15122 542
15123 386
15124 143
15125 535
15126 138
15127 405
15128 593
15129 280
15130 331
15131 307
15132 919
15133 726
15134 276
15135 539
15136 564
15137 506
15138 790
15139 124
15140 361
15141 787
15142 899
15143 152
15144 10
15145 581
15146 548
15147 297
15148 659
15149 829
15150 535
15151 349
15152 237
15153 46
15154 435
15155 401
15156 443
15157 666
15158 943
15159 454
15160 103
15161 583
15162 163
15163 276
15164 952
15165 493
15166 232
15167 203
15168 664
15169 697
15170 400
15171 808
15172 401
15173 176
15174 527
15175 659
15176 740
15177 635
15178 507
15179 309
15180 314
15181 554
15182 364
15183 416
15184 134
15185 298
15186 308
15187 335
15188 319
15189 684
15190 712
15191 214
15192 613
15193 433
15194 74
15195 156
15196 137
15197 332
15198 203
15199 752
15200 462
15201 736
15202 384
15203 926
15204 944
15205 723
15206 676
15207 398
15208 225
15209 18
15210 139
15211 39
15212 841
15213 281
15214 888
15215 128
15216 917
15217 667
15218 487
15219 586
15220 511
15221 215
15222 704
15223 813
15224 357
15225 637
15226 432
15227 22
15228 957
15229 563
15230 573
15231 774
15232 376
15233 362
15234 362
15235 886
15236 38
15237 338
15238 736
15239 620
15240 760
15241 62
15242 707
15243 277
15244 632
15245 820
15246 787
15247 888
15248 990
15249 840
15250 574
15251 633
15252 110
15253 325
15254 849
15255 999
15256 89
15257 680
15258 149
15259 94
15260 675
15261 425
15262 413
15263 299
15264 644
15265 658
15266 878
15267 123
15268 909
15269 980
15270 512
15271 870
15272 859
15273 549
15274 760
15275 859
15276 549
15277 541
15278 304
15279 842
15280 575
15281 594
15282 144
15283 201
15284 50
15285 926
15286 864
15287 237
15288 294
15289 980
15290 260
15291 523
15292 35
15293 223
15294 802
15295 542
15296 416
15297 204
15298 446
15299 668
15300 524
15301 748
15302 466
15303 116
15304 112
15305 532
15306 177
15307 111
15308 390
15309 51
15310 293
15311 965
15312 494
15313 908
15314 597
15315 270
15316 548
15317 698
15318 329
15319 715
15320 855
15321 12
15322 770
15323 605
15324 868
15325 486
15326 979
15327 806
15328 70
15329 96
15330 793
15331 980
15332 638
15333 531
15334 246
15335 508
15336 348
15337 900
15338 916
15339 471
15340 638
15341 890
15342 642
15343 15
15344 560
15345 8
15346 741
15347 530
15348 118
15349 652
15350 400
15351 157
15352 276
15353 150
15354 65
15355 877
15356 448
15357 931
15358 397
15359 788
15360 697
15361 571
15362 385
15363 796
15364 132
15365 139
15366 420
15367 335
15368 817
15369 179
15370 551
15371 93
15372 810
15373 395
15374 396
15375 874
15376 868
15377 194
15378 427
15379 319
15380 670
15381 492
15382 387
15383 302
15384 727
15385 806
15386 485
15387 151
15388 97
15389 339
15390 66
15391 842
15392 444
15393 239
15394 977
15395 886
15396 758
15397 829
15398 312
15399 507
15400 428
15401 646
15402 347
15403 719
15404 333
15405 723
15406 216
15407 267
15408 138
15409 889
15410 458
15411 347
15412 295
15413 131
15414 279
15415 58
15416 739
15417 703
15418 552
15419 681
15420 958
15421 136
15422 626
15423 501
15424 699
15425 172
15426 997
15427 941
15428 958
15429 246
15430 1
15431 258
15432 778
15433 795
15434 274
15435 462
15436 954
15437 466
15438 21
15439 829
15440 247
15441 441
15442 111
15443 814
15444 435
15445 304
15446 663
15447 943
15448 884
15449 175
15450 896
15451 281
15452 27
15453 185
15454 562
15455 557
15456 12
15457 766
15458 632
15459 27
15460 56
15461 318
15462 593
15463 310
15464 93
15465 974
15466 24
15467 350
15468 411
15469 295
15470 633
15471 717
15472 241
15473 768
15474 738
15475 149
15476 243
15477 622
15478 729
15479 152
15480 204
15481 366
15482 493
15483 689
15484 700
15485 590
15486 147
15487 818
15488 903
15489 940
15490 85
15491 26
15492 284
15493 114
15494 950
15495 987
15496 491
15497 126
15498 233
15499 441
15500 135
15501 989
15502 809
15503 139
15504 439
15505 60
15506 480
15507 519
15508 683
15509 533
15510 648
15511 304
15512 586
15513 74
15514 6
15515 252
15516 241
15517 414
15518 437
15519 63
15520 983
15521 204
15522 871
15523 788
15524 994
15525 550
15526 577
15527 183
15528 41
15529 407
15530 865
15531 307
15532 86
15533 780
15534 517
15535 489
15536 628
15537 235
15538 257
15539 979
15540 68
15541 64
15542 718
15543 988
15544 376
15545 931
15546 554
15547 349
15548 307
15549 34
15550 95
15551 683
15552 664
15553 435
15554 986
15555 994
15556 77
15557 34
15558 183
15559 849
15560 686
15561 860
15562 56
15563 160
15564 657
15565 225
15566 392
15567 994
15568 534
15569 918
15570 496
15571 131
15572 84
15573 212
15574 260
15575 918
15576 342
15577 920
15578 438
15579 169
15580 831
15581 266
15582 770
15583 700
15584 975
15585 655
15586 812
15587 47
15588 552
15589 815
15590 676
15591 410
15592 631
15593 230
15594 450
15595 230
15596 997
15597 783
15598 717
15599 572
15600 120
15601 226
15602 811
15603 291
15604 380
15605 676
15606 13
15607 575
15608 889
15609 39
15610 609
15611 771
15612 432
15613 211
15614 897
15615 249
15616 999
15617 590
15618 218
15619 714
15620 97
15621 973
15622 180
15623 942
15624 386
15625 367
15626 323
15627 636
15628 776
15629 516
15630 423
15631 462
15632 527
15633 582
15634 23
15635 771
15636 213
15637 336
15638 438
15639 502
15640 550
15641 249
15642 249
15643 141
15644 673
15645 98
15646 266
15647 969
15648 873
15649 6
15650 242
15651 917
15652 625
15653 434
15654 766
15655 734
15656 992
15657 574
15658 309
15659 180
15660 447
15661 665
15662 913
15663 88
15664 634
15665 528
15666 186
15667 226
15668 394
15669 452
15670 7
15671 627
15672 105
15673 650
15674 88
15675 383
15676 739
15677 28
15678 662
15679 449
15680 387
15681 860
15682 222
15683 914
15684 970
15685 811
15686 171
15687 333
15688 255
15689 116
15690 626
15691 307
15692 738
15693 282
15694 159
15695 285
15696 653
15697 685
15698 201
15699 410
15700 304
15701 623
15702 230
15703 632
15704 579
15705 546
15706 285
15707 767
15708 661
15709 204
15710 364
15711 860
15712 845
15713 877
15714 886
15715 624
15716 529
15717 75
15718 822
15719 377
15720 978
15721 270
15722 631
15723 986
15724 336
15725 696
15726 580
15727 282
15728 460
15729 36
15730 585
15731 892
15732 612
15733 393
15734 101
15735 850
15736 237
15737 69
15738 780
15739 142
15740 526
15741 469
15742 445
15743 43
15744 259
15745 343
15746 211
15747 41
15748 662
15749 814
15750 8
15751 230
15752 149
15753 53
15754 276
15755 269
15756 18
15757 84
15758 312
15759 546
15760 746
15761 148
15762 217
15763 459
15764 31
15765 391
15766 154
15767 118
15768 438
15769 46
15770 736
15771 105
15772 542
15773 76
15774 65
15775 252
15776 301
15777 898
15778 804
15779 811
15780 876
15781 495
15782 214
15783 831
15784 405
15785 984
15786 426
15787 46
15788 709
15789 236
15790 245
15791 422
15792 682
15793 260
15794 684
15795 431
15796 28
15797 11
15798 668
15799 357
15800 827
15801 782
15802 161
15803 58
15804 520
15805 755
15806 13
15807 9
15808 834
15809 135
15810 161
15811 69
15812 528
15813 656
15814 328
15815 943
15816 723
15817 384
15818 220
15819 621
15820 384
15821 539
15822 251
15823 391
15824 962
15825 17
15826 103
15827 740
15828 839
15829 229
15830 135
15831 269
15832 602
15833 569
15834 803
15835 652
15836 619
15837 89
15838 890
15839 27
15840 758
15841 978
15842 143
15843 901
15844 545
15845 57
15846 174
15847 752
15848 210
15849 739
15850 394
15851 919
15852 43
15853 519
15854 345
15855 203
15856 520
15857 317
15858 255
15859 89
15860 215
15861 548
15862 938
15863 25
15864 780
15865 602
15866 623
15867 554
15868 779
15869 202
15870 523
15871 488
15872 946
15873 651
15874 732
15875 503
15876 63
15877 83
15878 459
15879 423
15880 990
15881 970
15882 672
15883 366
15884 975
15885 127
15886 222
15887 776
15888 720
15889 234
15890 678
15891 58
15892 796
15893 848
15894 750
15895 462
15896 751
15897 327
15898 4
15899 561
15900 138
15901 546
15902 695
15903 268
15904 885
15905 102
15906 771
15907 112
15908 115
15909 756
15910 310
15911 746
15912 671
15913 482
15914 759
15915 595
15916 525
15917 747
15918 22
15919 307
15920 57
15921 520
15922 932
15923 202
15924 526
15925 857
15926 875
15927 977
15928 703
15929 34
15930 365
15931 310
15932 138
15933 569
15934 884
15935 770
15936 371
15937 978
15938 694
15939 946
15940 358
15941 410
15942 716
15943 943
15944 888
15945 381
15946 564
15947 242
15948 298
15949 819
15950 924
15951 433
15952 173
15953 868
15954 836
15955 330
15956 141
15957 346
15958 798
15959 961
15960 410
15961 297
15962 720
15963 217
15964 62
15965 677
15966 545
15967 828
15968 81
15969 120
15970 460
15971 108
15972 486
15973 221
15974 113
15975 298
15976 638
15977 483
15978 324
15979 373
15980 469
15981 181
15982 396
15983 764
15984 844
15985 354
15986 608
15987 79
15988 353
15989 946
15990 562
15991 971
15992 185
15993 134
15994 466
15995 253
15996 135
15997 307
15998 983
15999 473
16000 315
16001 64
16002 427
16003 196
16004 635
16005 170
16006 398
16007 91
16008 396
16009 623
16010 598
16011 133
16012 939
16013 337
16014 698
16015 815
16016 654
16017 343
16018 983
16019 821
16020 951
16021 26
16022 555
16023 979
16024 95
16025 986
16026 894
16027 852
16028 698
16029 560
16030 943
16031 958
16032 662
16033 79
16034 815
16035 13
16036 219
16037 297
16038 295
16039 920
16040 255
16041 284
16042 951
16043 2
16044 786
16045 886
16046 616
16047 683
16048 18
16049 631
16050 561
16051 502
16052 951
16053 981
16054 295
16055 384
16056 641
16057 307
16058 643
16059 356
16060 181
16061 839
16062 516
16063 480
16064 576
16065 511
16066 775
16067 853
16068 559
16069 376
16070 424
16071 180
16072 652
16073 294
16074 8
16075 512
16076 292
16077 377
16078 620
16079 492
16080 523
16081 293
16082 76
16083 557
16084 231
16085 474
16086 107
16087 948
16088 91
16089 471
16090 958
16091 492
16092 160
16093 612
16094 606
16095 732
16096 497
16097 126
16098 24
16099 192
16100 951
16101 604
16102 355
16103 867
16104 553
16105 85
16106 692
16107 11
16108 599
16109 392
16110 839
16111 413
16112 112
16113 755
16114 377
16115 586
16116 325
16117 479
16118 977
16119 218
16120 135
16121 56
16122 777
16123 479
16124 6
16125 528
16126 443
16127 628
16128 890
16129 921
16130 425
16131 138
16132 204
16133 102
16134 536
16135 191
16136 720
16137 356
16138 544
16139 601
16140 210
16141 142
16142 374
16143 300
16144 167
16145 563
16146 106
16147 414
16148 243
16149 300
16150 208
16151 218
16152 188
16153 801
16154 833
16155 189
16156 759
16157 890
16158 25
16159 235
16160 261
16161 8
16162 838
16163 542
16164 687
16165 861
16166 298
16167 84
16168 681
16169 502
16170 609
16171 304
16172 0
16173 207
16174 711
16175 923
16176 158
16177 268
16178 25
16179 114
16180 675
16181 7
16182 800
16183 860
16184 875
16185 157
16186 191
16187 459
16188 28
16189 722
16190 893
16191 567
16192 969
16193 187
16194 249
16195 469
16196 64
16197 340
16198 425
16199 745
16200 187
16201 550
16202 589
16203 956
16204 900
16205 980
16206 519
16207 590
16208 476
16209 990
16210 375
16211 522
16212 134
16213 164
16214 860
16215 885
16216 949
16217 851
16218 60
16219 759
16220 77
16221 325
16222 411
16223 924
16224 436
16225 404
16226 335
16227 39
16228 941
16229 753
16230 472
16231 209
16232 378
16233 896
16234 856
16235 824
16236 829
16237 612
16238 694
16239 291
16240 897
16241 862
16242 614
16243 600
16244 646
16245 440
16246 951
16247 887
16248 558
16249 945
16250 0
16251 654
16252 619
16253 862
16254 36
16255 507
16256 78
16257 591
16258 80
16259 275
16260 236
16261 120
16262 105
16263 191
16264 319
16265 808
16266 410
16267 757
16268 882
16269 907
16270 519
16271 703
16272 560
16273 334
16274 574
16275 647
16276 542
16277 36
16278 479
16279 768
16280 502
16281 24
16282 680
16283 184
16284 708
16285 369
16286 43
16287 218
16288 225
16289 433
16290 660
16291 197
16292 434
16293 127
16294 384
16295 125
16296 800
16297 140
16298 376
16299 680
16300 953
16301 30
16302 173
16303 485
16304 294
16305 490
16306 307
16307 358
16308 654
16309 670
16310 642
16311 295
16312 165
16313 874
16314 772
16315 778
16316 501
16317 376
16318 978
16319 372
16320 445
16321 61
16322 225
16323 198
16324 351
16325 418
16326 435
16327 749
16328 735
16329 36
16330 256
16331 524
16332 303
16333 869
16334 178
16335 686
16336 524
16337 285
16338 614
16339 209
16340 260
16341 997
16342 163
16343 322
16344 556
16345 807
16346 892
16347 446
16348 775
16349 96
16350 384
16351 313
16352 133
16353 124
16354 692
16355 694
16356 214
16357 83
16358 21
16359 56
16360 911
16361 690
16362 647
16363 324
16364 788
16365 969
16366 637
16367 817
16368 130
16369 902
16370 873
16371 403
16372 102
16373 87
16374 131
16375 301
16376 643
16377 183
16378 325
16379 423
16380 612
16381 496
16382 776
16383 313
16384 127
16385 949
16386 11
16387 753
16388 522
16389 93
16390 347
16391 731
16392 406
16393 342
16394 195
16395 182
16396 7
16397 12
16398 706
16399 493
16400 319
16401 83
16402 621
16403 425
16404 655
16405 927
16406 627
16407 86
16408 589
16409 97
16410 51
16411 568
16412 892
16413 408
16414 203
16415 58
16416 115
16417 81
16418 294
16419 588
16420 241
16421 211
16422 920
16423 579
16424 482
16425 596
16426 196
16427 845
16428 797
16429 593
16430 788
16431 461
16432 882
16433 710
16434 867
16435 789
16436 178
16437 277
16438 295
16439 166
16440 445
16441 177
16442 860
16443 51
16444 807
16445 789
16446 10
16447 419
16448 330
16449 142
16450 911
16451 333
16452 870
16453 102
16454 376
16455 835
16456 223
16457 149
16458 568
16459 885
16460 131
16461 654
16462 758
16463 558
16464 163
16465 418
16466 892
16467 393
16468 310
16469 395
16470 594
16471 129
16472 427
16473 81
16474 29
16475 233
16476 288
16477 597
16478 15
16479 233
16480 289
16481 192
16482 972
16483 71
16484 116
16485 944
16486 946
16487 509
16488 433
16489 299
16490 78
16491 294
16492 200
16493 444
16494 974
16495 584
16496 914
16497 88
16498 851
16499 466
16500 465
16501 247
16502 569
16503 891
16504 181
16505 889
16506 342
16507 95
16508 717
16509 291
16510 270
16511 182
16512 851
16513 76
16514 695
16515 136
16516 330
16517 199
16518 318
16519 44
16520 859
16521 472
16522 971
16523 253
16524 670
16525 294
16526 627
16527 682
16528 585
16529 301
16530 841
16531 751
16532 869
16533 953
16534 143
16535 703
16536 756
16537 180
16538 91
16539 477
16540 88
16541 922
16542 787
16543 254
16544 275
16545 155
16546 237
16547 447
16548 344
16549 957
16550 696
16551 727
16552 928
16553 926
16554 117
16555 242
16556 8
16557 847
16558 855
16559 910
16560 735
16561 570
16562 330
16563 822
16564 148
16565 118
16566 271
16567 115
16568 60
16569 8
16570 698
16571 261
16572 702
16573 635
16574 496
16575 865
16576 186
16577 400
16578 818
16579 312
16580 10
16581 285
16582 270
16583 248
16584 260
16585 260
16586 376
16587 475
16588 119
16589 242
16590 866
16591 800
16592 966
16593 74
16594 707
16595 875
16596 392
16597 385
16598 485
16599 729
16600 272
16601 820
16602 251
16603 931
16604 657
16605 127
16606 210
16607 125
16608 164
16609 155
16610 642
16611 454
16612 906
16613 875
16614 648
16615 261
16616 72
16617 574
16618 789
16619 356
16620 37
16621 270
16622 19
16623 557
16624 719
16625 549
16626 127
16627 206
16628 884
16629 909
16630 133
16631 979
16632 891
16633 872
16634 71
16635 654
16636 562
16637 979
16638 67
16639 981
16640 845
16641 927
16642 680
16643 582
16644 293
16645 697
16646 117
16647 836
16648 47
16649 392
16650 377
16651 426
16652 977
16653 646
16654 913
16655 1
16656 33
16657 826
16658 141
16659 56
16660 797
16661 59
16662 668
16663 593
16664 255
16665 775
16666 355
16667 958
16668 734
16669 469
16670 299
16671 117
16672 343
16673 360
16674 488
16675 502
16676 153
16677 305
16678 963
16679 408
16680 85
16681 941
16682 939
16683 613
16684 785
16685 718
16686 954
16687 545
16688 306
16689 897
16690 475
16691 906
16692 302
16693 399
16694 31
16695 117
16696 142
16697 428
16698 646
16699 105
16700 121
16701 594
16702 608
16703 430
16704 590
16705 193
16706 843
16707 320
16708 831
16709 486
16710 486
16711 472
16712 657
16713 275
16714 14
16715 997
16716 681
16717 907
16718 481
16719 587
16720 78
16721 586
16722 958
16723 887
16724 44
16725 257
16726 436
16727 622
16728 912
16729 901
16730 643
16731 734
16732 620
16733 325
16734 791
16735 775
16736 900
16737 364
16738 859
16739 928
16740 298
16741 277
16742 138
16743 116
16744 387
16745 681
16746 453
16747 269
16748 322
16749 553
16750 177
16751 645
16752 123
16753 960
16754 638
16755 227
16756 134
16757 10
16758 765
16759 979
16760 496
16761 366
16762 386
16763 173
16764 399
16765 927
16766 400
16767 113
16768 447
16769 854
16770 989
16771 346
16772 403
16773 23
16774 681
16775 230
16776 181
16777 489
16778 257
16779 932
16780 326
16781 760
16782 475
16783 289
16784 953
16785 244
16786 353
16787 784
16788 981
16789 439
16790 50
16791 576
16792 713
16793 854
16794 214
16795 517
16796 127
16797 87
16798 347
16799 212
16800 28
16801 106
16802 378
16803 601
16804 577
16805 819
16806 297
16807 643
16808 120
16809 952
16810 975
16811 176
16812 634
16813 439
16814 793
16815 491
16816 244
16817 882
16818 85
16819 839
16820 239
16821 98
16822 206
16823 994
16824 532
16825 887
16826 249
16827 486
16828 167
16829 702
16830 948
16831 910
16832 364
16833 612
16834 903
16835 511
16836 483
16837 825
16838 51
16839 566
16840 419
16841 379
16842 861
16843 247
16844 119
16845 155
16846 665
16847 864
16848 208
16849 710
16850 170
16851 613
16852 408
16853 799
16854 580
16855 559
16856 854
16857 958
16858 61
16859 595
16860 5
16861 76
16862 267
16863 155
16864 89
16865 745
16866 484
16867 899
16868 167
16869 239
16870 489
16871 996
16872 322
16873 981
16874 648
16875 224
16876 867
16877 737
16878 956
16879 480
16880 487
16881 319
16882 361
16883 452
16884 182
16885 81
16886 14
16887 711
16888 977
16889 551
16890 130
16891 244
16892 610
16893 367
16894 503
16895 241
16896 152
16897 760
16898 58
16899 176
16900 402
16901 368
16902 440
16903 165
16904 300
16905 178
16906 328
16907 840
16908 893
16909 483
16910 571
16911 574
16912 828
16913 82
16914 662
16915 383
16916 452
16917 772
16918 473
16919 518
16920 807
16921 277
16922 776
16923 816
16924 744
16925 779
16926 318
16927 248
16928 863
16929 23
16930 573
16931 406
16932 495
16933 319
16934 154
16935 745
16936 582
16937 138
16938 828
16939 773
16940 449
16941 259
16942 577
16943 953
16944 830
16945 758
16946 139
16947 576
16948 136
16949 181
16950 475
16951 959
16952 409
16953 423
16954 548
16955 351
16956 707
16957 18
16958 183
16959 755
16960 684
16961 352
16962 351
16963 92
16964 382
16965 922
16966 285
16967 292
16968 535
16969 94
16970 359
16971 112
16972 51
16973 787
16974 785
16975 894
16976 381
16977 595
16978 804
16979 816
16980 372
16981 55
16982 519
16983 549
16984 367
16985 726
16986 529
16987 617
16988 12
16989 510
16990 857
16991 988
16992 168
16993 729
16994 716
16995 591
16996 248
16997 667
16998 623
16999 107
17000 350
17001 27
17002 194
17003 953
17004 231
17005 778
17006 664
17007 813
17008 982
17009 806
17010 885
17011 512
17012 844
17013 320
17014 320
17015 494
17016 340
17017 741
17018 827
17019 206
17020 872
17021 815
17022 882
17023 959
17024 869
17025 588
17026 775
17027 203
17028 438
17029 146
17030 182
17031 517
17032 370
17033 900
17034 970
17035 425
17036 71
17037 451
17038 176
17039 216
17040 756
17041 498
17042 734
17043 717
17044 301
17045 210
17046 268
17047 339
17048 213
17049 798
17050 647
17051 164
17052 774
17053 562
17054 694
17055 787
17056 415
17057 535
17058 333
17059 795
17060 301
17061 16
17062 534
17063 999
17064 846
17065 646
17066 227
17067 998
17068 139
17069 62
17070 999
17071 825
17072 590
17073 234
17074 429
17075 316
17076 757
17077 229
17078 193
17079 397
17080 328
17081 828
17082 813
17083 116
17084 133
17085 368
17086 223
17087 304
17088 731
17089 665
17090 406
17091 98
17092 179
17093 708
17094 964
17095 148
17096 457
17097 597
17098 647
17099 814
17100 436
17101 753
17102 388
17103 14
17104 230
17105 181
17106 476
17107 118
17108 215
17109 175
17110 206
17111 244
17112 876
17113 246
17114 980
17115 339
17116 257
17117 118
17118 408
17119 930
17120 376
17121 818
17122 854
17123 382
17124 783
17125 64
17126 426
17127 356
17128 302
17129 901
17130 574
17131 288
17132 918
17133 670
17134 219
17135 247
17136 815
17137 264
17138 718
17139 911
17140 163
17141 766
17142 95
17143 669
17144 912
17145 822
17146 177
17147 881
17148 301
17149 566
17150 66
17151 70
17152 264
17153 945
17154 910
17155 681
17156 668
17157 944
17158 938
17159 296
17160 988
17161 26
17162 203
17163 684
17164 539
17165 348
17166 709
17167 466
17168 541
17169 560
17170 105
17171 626
17172 950
17173 853
17174 816
17175 393
17176 697
17177 70
17178 810
17179 804
17180 366
17181 994
17182 401
17183 188
17184 17
17185 115
17186 209
17187 86
17188 994
17189 265
17190 994
17191 150
17192 879
17193 950
17194 574
17195 680
17196 474
17197 950
17198 897
17199 624
17200 229
17201 149
17202 882
17203 910
17204 665
17205 414
17206 580
17207 650
17208 355
17209 627
17210 250
17211 210
17212 704
17213 202
17214 580
17215 441
17216 228
17217 244
17218 276
17219 639
17220 362
17221 578
17222 145
17223 303
17224 695
17225 262
17226 850
17227 38
17228 196
17229 645
17230 911
17231 720
17232 76
17233 899
17234 308
17235 806
17236 531
17237 591
17238 981
17239 99
17240 712
17241 155
17242 204
17243 733
17244 932
17245 391
17246 392
17247 435
17248 11
17249 839
17250 876
17251 272
17252 722
17253 70
17254 189
17255 272
17256 833
17257 923
17258 257
17259 302
17260 634
17261 498
17262 915
17263 94
17264 433
17265 859
17266 611
17267 998
17268 686
17269 495
17270 737
17271 788
17272 686
17273 278
17274 315
17275 111
17276 676
17277 817
17278 352
17279 808
17280 769
17281 811
17282 672
17283 536
17284 841
17285 353
17286 538
17287 268
17288 955
17289 880
17290 5
17291 763
17292 423
17293 442
17294 276
17295 563
17296 334
17297 707
17298 697
17299 647
17300 987
17301 560
17302 46
17303 615
17304 432
17305 377
17306 449
17307 817
17308 646
17309 749
17310 665
17311 853
17312 344
17313 332
17314 706
17315 329
17316 979
17317 376
17318 374
17319 655
17320 746
17321 233
17322 881
17323 525
17324 238
17325 419
17326 584
17327 82
17328 196
17329 407
17330 869
17331 273
17332 42
17333 291
17334 817
17335 472
17336 401
17337 463
17338 591
17339 825
17340 711
17341 5
17342 456
17343 381
17344 242
17345 727
17346 389
17347 399
17348 313
17349 621
17350 350
17351 243
17352 918
17353 8
17354 715
17355 644
17356 310
17357 554
17358 680
17359 306
17360 838
17361 858
17362 106
17363 117
17364 750
17365 300
17366 244
17367 867
17368 42
17369 835
17370 591
17371 339
17372 635
17373 173
17374 277
17375 445
17376 658
17377 681
17378 126
17379 431
17380 237
17381 749
17382 993
17383 894
17384 907
17385 457
17386 314
17387 271
17388 858
17389 177
17390 381
17391 932
17392 815
17393 195
17394 450
17395 734
17396 672
17397 23
17398 228
17399 842
17400 191
17401 938
17402 871
17403 89
17404 208
17405 619
17406 989
17407 437
17408 897
17409 889
17410 859
17411 814
17412 716
17413 918
17414 96
17415 58
17416 580
17417 465
17418 248
17419 154
17420 423
17421 572
17422 271
17423 744
17424 443
17425 566
17426 771
17427 545
17428 664
17429 22
17430 159
17431 781
17432 585
17433 802
17434 619
17435 893
17436 588
17437 540
17438 173
17439 981
17440 808
17441 985
17442 13
17443 836
17444 154
17445 234
17446 118
17447 415
17448 759
17449 850
17450 816
17451 732
17452 600
17453 739
17454 766
17455 761
17456 409
17457 133
17458 817
17459 905
17460 927
17461 392
17462 444
17463 449
17464 120
17465 208
17466 606
17467 61
17468 416
17469 671
17470 546
17471 175
17472 12
17473 695
17474 652
17475 886
17476 270
17477 349
17478 700
17479 587
17480 226
17481 578
17482 343
17483 888
17484 763
17485 832
17486 974
17487 58
17488 719
17489 228
17490 409
17491 806
17492 736
17493 321
17494 944
17495 972
17496 980
17497 948
17498 340
17499 864
17500 920
17501 890
17502 264
17503 794
17504 271
17505 805
17506 504
17507 494
17508 710
17509 682
17510 942
17511 63
17512 992
17513 663
17514 932
17515 628
17516 583
17517 811
17518 814
17519 40
17520 922
17521 8
17522 809
17523 352
17524 668
17525 455
17526 821
17527 866
17528 570
17529 652
17530 802
17531 399
17532 211
17533 953
17534 308
17535 568
17536 880
17537 594
17538 598
17539 215
17540 235
17541 690
17542 341
17543 486
17544 803
17545 835
17546 103
17547 331
17548 625
17549 179
17550 988
17551 407
17552 448
17553 540
17554 87
17555 162
17556 823
17557 92
17558 184
17559 643
17560 382
17561 272
17562 304
17563 892
17564 352
17565 39
17566 407
17567 740
17568 928
17569 225
17570 910
17571 785
17572 651
17573 391
17574 358
17575 442
17576 512
17577 217
17578 844
17579 28
17580 464
17581 481
17582 479
17583 903
17584 592
17585 619
17586 459
17587 238
17588 29
17589 213
17590 392
17591 643
17592 493
17593 311
17594 914
17595 590
17596 805
17597 875
17598 78
17599 46
17600 360
17601 958
17602 443
17603 365
17604 720
17605 131
17606 570
17607 456
17608 905
17609 486
17610 198
17611 371
17612 699
17613 863
17614 310
17615 366
17616 555
17617 942
17618 288
17619 362
17620 890
17621 240
17622 461
17623 363
17624 44
17625 748
17626 894
17627 114
17628 518
17629 651
17630 129
17631 322
17632 76
17633 727
17634 767
17635 19
17636 923
17637 671
17638 795
17639 522
17640 284
17641 296
17642 228
17643 835
17644 807
17645 150
17646 267
17647 917
17648 834
17649 45
17650 690
17651 985
17652 945
17653 973
17654 875
17655 832
17656 762
17657 492
17658 660
17659 866
17660 27
17661 146
17662 447
17663 234
17664 102
17665 768
17666 418
17667 393
17668 85
17669 401
17670 196
17671 909
17672 65
17673 509
17674 81
17675 130
17676 362
17677 374
17678 9
17679 171
17680 89
17681 716
17682 198
17683 979
17684 573
17685 880
17686 296
17687 840
17688 522
17689 637
17690 810
17691 628
17692 859
17693 700
17694 692
17695 452
17696 914
17697 861
17698 68
17699 682
17700 132
17701 94
17702 812
17703 556
17704 829
17705 850
17706 640
17707 971
17708 276
17709 167
17710 278
17711 142
17712 219
17713 182
17714 106
17715 736
17716 256
17717 88
17718 70
17719 395
17720 753
17721 392
17722 492
17723 465
17724 342
17725 705
17726 154
17727 437
17728 16
17729 445
17730 631
17731 120
17732 806
17733 181
17734 66
17735 70
17736 678
17737 26
17738 900
17739 208
17740 630
17741 506
17742 542
17743 975
17744 188
17745 353
17746 657
17747 817
17748 532
17749 305
17750 622
17751 230
17752 448
17753 794
17754 23
17755 654
17756 923
17757 580
17758 212
17759 190
17760 592
17761 710
17762 538
17763 551
17764 509
17765 756
17766 867
17767 96
17768 606
17769 131
17770 770
17771 674
17772 449
17773 941
17774 430
17775 679
17776 796
17777 535
17778 648
17779 210
17780 716
17781 557
17782 563
17783 951
17784 87
17785 588
17786 987
17787 762
17788 736
17789 856
17790 76
17791 837
17792 442
17793 547
17794 353
17795 3
17796 703
17797 865
17798 915
17799 302
17800 715
17801 90
17802 691
17803 87
17804 223
17805 79
17806 424
17807 246
17808 978
17809 701
17810 620
17811 645
17812 726
17813 492
17814 810
17815 41
17816 248
17817 526
17818 192
17819 295
17820 490
17821 518
17822 560
17823 76
17824 961
17825 843
17826 334
17827 517
17828 632
17829 664
17830 538
17831 174
17832 333
17833 415
17834 205
17835 566
17836 215
17837 191
17838 102
17839 164
17840 800
17841 50
17842 575
17843 554
17844 593
17845 641
17846 31
17847 959
17848 384
17849 5
17850 691
17851 949
17852 734
17853 971
17854 17
17855 873
17856 407
17857 796
17858 847
17859 196
17860 65
17861 592
17862 632
17863 432
17864 853
17865 452
17866 754
17867 241
17868 927
17869 2
17870 618
17871 246
17872 165
17873 405
17874 117
17875 740
17876 840
17877 322
17878 509
17879 501
17880 311
17881 83
17882 835
17883 881
17884 141
17885 257
17886 904
17887 462
17888 588
17889 996
17890 61
17891 792
17892 151
17893 48
17894 917
17895 377
17896 962
17897 816
17898 690
17899 374
17900 624
17901 710
17902 299
17903 57
17904 585
17905 531
17906 880
17907 351
17908 656
17909 668
17910 58
17911 809
17912 259
17913 701
17914 482
17915 50
17916 287
17917 811
17918 626
17919 842
17920 870
17921 32
17922 862
17923 135
17924 65
17925 625
17926 562
17927 151
17928 21
17929 856
17930 660
17931 971
17932 45
17933 384
17934 838
17935 120
17936 893
17937 884
17938 209
17939 160
17940 128
17941 818
17942 682
17943 103
17944 854
17945 394
17946 575
17947 634
17948 174
17949 646
17950 15
17951 444
17952 925
17953 378
17954 795
17955 449
17956 916
17957 51
17958 444
17959 442
17960 850
17961 674
17962 713
17963 807
17964 184
17965 864
17966 891
17967 852
17968 981
17969 347
17970 172
17971 772
17972 59
17973 971
17974 923
17975 816
17976 368
17977 799
17978 14
17979 111
17980 925
17981 144
17982 509
17983 413
17984 839
17985 559
17986 459
17987 955
17988 251
17989 782
17990 240
17991 168
17992 97
17993 576
17994 300
17995 364
17996 479
17997 308
17998 542
17999 23
18000 195
18001 561
18002 957
18003 594
18004 802
18005 767
18006 209
18007 132
18008 721
18009 777
18010 503
18011 563
18012 272
18013 508
18014 120
18015 478
18016 317
18017 865
18018 463
18019 794
18020 981
18021 343
18022 770
18023 767
18024 400
18025 640
18026 546
18027 431
18028 524
18029 261
18030 879
18031 714
18032 260
18033 373
18034 58
18035 379
18036 734
18037 558
18038 901
18039 659
18040 922
18041 701
18042 12
18043 667
18044 210
18045 27
18046 527
18047 742
18048 50
18049 490
18050 630
18051 868
18052 248
18053 452
18054 251
18055 347
18056 693
18057 470
18058 248
18059 345
18060 495
18061 197
18062 693
18063 534
18064 437
18065 413
18066 587
18067 28
18068 472
18069 267
18070 210
18071 384
18072 614
18073 705
18074 558
18075 535
18076 647
18077 138
18078 900
18079 18
18080 882
18081 827
18082 244
18083 202
18084 814
18085 885
18086 646
18087 63
18088 185
18089 116
18090 726
18091 786
18092 512
18093 642
18094 597
18095 745
18096 82
18097 837
18098 420
18099 884
18100 186
18101 401
18102 940
18103 496
18104 999
18105 197
18106 59
18107 148
18108 756
18109 178
18110 437
18111 108
18112 302
18113 912
18114 187
18115 479
18116 921
18117 325
18118 55
18119 409
18120 819
18121 497
18122 547
18123 226
18124 637
18125 224
18126 627
18127 784
18128 836
18129 855
18130 561
18131 708
18132 295
18133 829
18134 630
18135 767
18136 716
18137 636
18138 309
18139 607
18140 582
18141 0
18142 649
18143 186
18144 145
18145 529
18146 126
18147 979
18148 785
18149 377
18150 79
18151 596
18152 708
18153 382
18154 591
18155 117
18156 346
18157 688
18158 273
18159 579
18160 9
18161 17
18162 346
18163 439
18164 982
18165 988
18166 99
18167 453
18168 382
18169 340
18170 624
18171 539
18172 748
18173 666
18174 119
18175 83
18176 392
18177 577
18178 619
18179 314
18180 823
18181 602
18182 447
18183 491
18184 385
18185 966
18186 256
18187 469
18188 404
18189 946
18190 772
18191 558
18192 234
18193 28
18194 199
18195 785
18196 715
18197 349
18198 429
18199 959
18200 522
18201 493
18202 343
18203 551
18204 46
18205 806
18206 595
18207 463
18208 786
18209 611
18210 634
18211 352
18212 741
18213 316
18214 561
18215 338
18216 427
18217 658
18218 153
18219 3
18220 940
18221 481
18222 977
18223 314
18224 261
18225 530
18226 887
18227 241
18228 795
18229 867
18230 54
18231 339
18232 586
18233 548
18234 430
18235 963
18236 327
18237 783
18238 569
18239 432
18240 646
18241 654
18242 317
18243 334
18244 300
18245 7
18246 582
18247 155
18248 119
18249 128
18250 335
18251 601
18252 617
18253 856
18254 424
18255 353
18256 710
18257 631
18258 306
18259 0
18260 251
18261 298
18262 596
18263 507
18264 843
18265 250
18266 538
18267 485
18268 706
18269 440
18270 836
18271 555
18272 408
18273 897
18274 462
18275 472
18276 115
18277 404
18278 149
18279 509
18280 443
18281 194
18282 153
18283 90
18284 683
18285 223
18286 574
18287 343
18288 688
18289 452
18290 713
18291 755
18292 952
18293 14
18294 961
18295 561
18296 603
18297 385
18298 613
18299 635
18300 145
18301 166
18302 473
18303 722
18304 15
18305 870
18306 491
18307 544
18308 589
18309 668
18310 616
18311 612
18312 511
18313 896
18314 50
18315 771
18316 380
18317 572
18318 722
18319 648
18320 836
18321 877
18322 311
18323 15
18324 58
18325 708
18326 125
18327 721
18328 625
18329 62
18330 554
18331 887
18332 583
18333 227
18334 270
18335 193
18336 451
18337 112
18338 780
18339 943
18340 5
18341 864
18342 113
18343 266
18344 688
18345 52
18346 473
18347 435
18348 876
18349 230
18350 851
18351 619
18352 280
18353 158
18354 869
18355 904
18356 782
18357 50
18358 256
18359 406
18360 825
18361 166
18362 127
18363 827
18364 190
18365 257
18366 532
18367 115
18368 926
18369 413
18370 524
18371 316
18372 872
18373 878
18374 762
18375 725
18376 619
18377 574
18378 9
18379 239
18380 314
18381 653
18382 719
18383 474
18384 774
18385 808
18386 885
18387 351
18388 76
18389 827
18390 975
18391 459
18392 768
18393 930
18394 459
18395 553
18396 154
18397 293
18398 703
18399 834
18400 299
18401 121
18402 736
18403 870
18404 237
18405 39
18406 975
18407 301
18408 541
18409 9
18410 461
18411 267
18412 618
18413 102
18414 161
18415 930
18416 975
18417 888
18418 920
18419 440
18420 389
18421 223
18422 523
18423 279
18424 988
18425 730
18426 186
18427 832
18428 777
18429 393
18430 659
18431 970
18432 735
18433 369
18434 219
18435 203
18436 101
18437 211
18438 644
18439 791
18440 179
18441 697
18442 359
18443 284
18444 413
18445 97
18446 129
18447 878
18448 989
18449 425
18450 976
18451 776
18452 56
18453 574
18454 835
18455 344
18456 840
18457 173
18458 65
18459 390
18460 884
18461 298
18462 474
18463 619
18464 488
18465 187
18466 517
18467 893
18468 639
18469 517
18470 42
18471 955
18472 522
18473 405
18474 100
18475 500
18476 681
18477 680
18478 415
18479 674
18480 133
18481 10
18482 423
18483 986
18484 716
18485 306
18486 317
18487 305
18488 568
18489 201
18490 179
18491 859
18492 57
18493 989
18494 612
18495 692
18496 623
18497 643
18498 518
18499 399
18500 537
18501 364
18502 62
18503 133
18504 661
18505 593
18506 834
18507 235
18508 857
18509 456
18510 782
18511 171
18512 252
18513 652
18514 703
18515 767
18516 925
18517 128
18518 785
18519 414
18520 421
18521 769
18522 907
18523 95
18524 485
18525 489
18526 261
18527 57
18528 462
18529 442
18530 134
18531 225
18532 432
18533 168
18534 497
18535 159
18536 359
18537 886
18538 424
18539 432
18540 672
18541 395
18542 559
18543 670
18544 563
18545 278
18546 593
18547 369
18548 940
18549 487
18550 476
18551 854
18552 537
18553 84
18554 304
18555 328
18556 643
18557 757
18558 360
18559 51
18560 648
18561 375
18562 663
18563 557
18564 767
18565 111
18566 301
18567 754
18568 762
18569 63
18570 305
18571 311
18572 136
18573 246
18574 451
18575 525
18576 419
18577 211
18578 442
18579 405
18580 10
18581 379
18582 987
18583 764
18584 102
18585 177
18586 866
18587 627
18588 632
18589 688
18590 140
18591 871
18592 652
18593 840
18594 829
18595 520
18596 742
18597 120
18598 514
18599 176
18600 839
18601 900
18602 692
18603 564
18604 194
18605 846
18606 175
18607 409
18608 737
18609 606
18610 994
18611 229
18612 16
18613 464
18614 364
18615 164
18616 495
18617 426
18618 158
18619 424
18620 472
18621 293
18622 185
18623 183
18624 483
18625 947
18626 510
18627 656
18628 592
18629 788
18630 56
18631 74
18632 742
18633 507
18634 379
18635 283
18636 291
18637 469
18638 864
18639 316
18640 374
18641 784
18642 76
18643 894
18644 648
18645 773
18646 596
18647 643
18648 301
18649 901
18650 91
18651 241
18652 523
18653 190
18654 757
18655 162
18656 850
18657 978
18658 505
18659 841
18660 168
18661 43
18662 102
18663 809
18664 45
18665 419
18666 539
18667 908
18668 461
18669 481
18670 488
18671 196
18672 459
18673 358
18674 852
18675 531
18676 103
18677 367
18678 480
18679 68
18680 587
18681 927
18682 2
18683 272
18684 614
18685 89
18686 877
18687 230
18688 208
18689 928
18690 89
18691 192
18692 223
18693 435
18694 462
18695 582
18696 360
18697 180
18698 420
18699 616
18700 15
18701 824
18702 553
18703 995
18704 356
18705 916
18706 583
18707 264
18708 999
18709 453
18710 980
18711 212
18712 233
18713 550
18714 347
18715 540
18716 73
18717 870
18718 816
18719 837
18720 161
18721 216
18722 656
18723 490
18724 599
18725 538
18726 225
18727 147
18728 67
18729 255
18730 756
18731 912
18732 954
18733 617
18734 3
18735 223
18736 901
18737 360
18738 92
18739 757
18740 344
18741 850
18742 823
18743 579
18744 753
18745 680
18746 182
18747 576
18748 904
18749 95
18750 67
18751 883
18752 280
18753 420
18754 537
18755 461
18756 851
18757 708
18758 258
18759 464
18760 820
18761 27
18762 822
18763 379
18764 140
18765 884
18766 66
18767 655
18768 679
18769 100
18770 323
18771 655
18772 366
18773 587
18774 817
18775 909
18776 577
18777 581
18778 107
18779 426
18780 425
18781 576
18782 960
18783 613
18784 955
18785 739
18786 100
18787 177
18788 625
18789 914
18790 753
18791 7
18792 863
18793 932
18794 417
18795 117
18796 767
18797 716
18798 625
18799 939
18800 514
18801 665
18802 817
18803 715
18804 443
18805 582
18806 503
18807 670
18808 917
18809 918
18810 476
18811 170
18812 395
18813 355
18814 342
18815 568
18816 660
18817 168
18818 424
18819 96
18820 923
18821 604
18822 817
18823 700
18824 474
18825 533
18826 683
18827 381
18828 38
18829 475
18830 898
18831 69
18832 962
18833 157
18834 61
18835 811
18836 304
18837 80
18838 720
18839 805
18840 695
18841 581
18842 599
18843 957
18844 824
18845 156
18846 364
18847 847
18848 927
18849 56
18850 455
18851 138
18852 531
18853 259
18854 862
18855 455
18856 416
18857 719
18858 529
18859 73
18860 559
18861 603
18862 442
18863 136
18864 789
18865 629
18866 225
18867 21
18868 394
18869 642
18870 727
18871 556
18872 753
18873 302
18874 376
18875 756
18876 973
18877 846
18878 567
18879 255
18880 318
18881 86
18882 598
18883 625
18884 331
18885 194
18886 201
18887 362
18888 494
18889 115
18890 856
18891 333
18892 196
18893 599
18894 377
18895 466
18896 855
18897 69
18898 612
18899 548
18900 464
18901 828
18902 361
18903 440
18904 366
18905 213
18906 549
18907 611
18908 308
18909 436
18910 160
18911 180
18912 834
18913 167
18914 406
18915 624
18916 847
18917 885
18918 920
18919 500
18920 496
18921 586
18922 833
18923 552
18924 917
18925 719
18926 488
18927 402
18928 647
18929 617
18930 864
18931 150
18932 993
18933 576
18934 268
18935 865
18936 536
18937 690
18938 104
18939 634
18940 95
18941 331
18942 864
18943 517
18944 187
18945 689
18946 990
18947 411
18948 269
18949 871
18950 37
18951 766
18952 136
18953 263
18954 231
18955 834
18956 45
18957 170
18958 182
18959 95
18960 397
18961 985
18962 10
18963 214
18964 303
18965 217
18966 930
18967 544
18968 755
18969 771
18970 391
18971 160
18972 582
18973 234
18974 674
18975 181
18976 679
18977 302
18978 186
18979 454
18980 353
18981 921
18982 930
18983 245
18984 766
18985 967
18986 880
18987 165
18988 950
18989 388
18990 535
18991 27
18992 346
18993 840
18994 108
18995 216
18996 351
18997 349
18998 676
18999 325
19000 526
19001 869
19002 5
19003 946
19004 715
19005 835
19006 830
19007 516
19008 60
19009 896
19010 771
19011 359
19012 813
19013 692
19014 582
19015 819
19016 808
19017 131
19018 721
19019 4
19020 695
19021 522
19022 915
19023 67
19024 851
19025 740
19026 840
19027 398
19028 277
19029 533
19030 943
19031 48
19032 727
19033 827
19034 297
19035 191
19036 830
19037 845
19038 96
19039 192
19040 773
19041 983
19042 677
19043 307
19044 918
19045 851
19046 161
19047 195
19048 206
19049 716
19050 265
19051 697
19052 909
19053 723
19054 207
19055 930
19056 830
19057 808
19058 940
19059 920
19060 949
19061 855
19062 178
19063 84
19064 762
19065 191
19066 252
19067 836
19068 885
19069 98
19070 757
19071 870
19072 97
19073 963
19074 543
19075 858
19076 507
19077 773
19078 613
19079 646
19080 653
19081 240
19082 518
19083 549
19084 882
19085 341
19086 244
19087 885
19088 208
19089 56
19090 769
19091 615
19092 653
19093 315
19094 641
19095 335
19096 487
19097 600
19098 456
19099 276
19100 850
19101 325
19102 330
19103 294
19104 553
19105 544
19106 550
19107 539
19108 727
19109 181
19110 411
19111 605
19112 337
19113 202
19114 787
19115 135
19116 725
19117 239
19118 820
19119 636
19120 1
19121 386
19122 492
19123 469
19124 390
19125 724
19126 915
19127 427
19128 180
19129 203
19130 920
19131 651
19132 479
19133 591
19134 432
19135 281
19136 149
19137 715
19138 176
19139 776
19140 679
19141 768
19142 318
19143 354
19144 891
19145 496
19146 52
19147 425
19148 736
19149 659
19150 651
19151 287
19152 332
19153 345
19154 298
19155 402
19156 6
19157 254
19158 557
19159 668
19160 672
19161 258
19162 523
19163 602
19164 546
19165 740
19166 182
19167 400
19168 899
19169 564
19170 125
19171 173
19172 970
19173 863
19174 641
19175 895
19176 562
19177 154
19178 23
19179 21
19180 124
19181 233
19182 535
19183 563
19184 526
19185 406
19186 713
19187 14
19188 956
19189 885
19190 60
19191 349
19192 445
19193 76
19194 523
19195 312
19196 869
19197 345
19198 474
19199 20
19200 858
19201 78
19202 65
19203 588
19204 287
19205 765
19206 603
19207 867
19208 282
19209 763
19210 639
19211 85
19212 994
19213 881
19214 36
19215 11
19216 582
19217 992
19218 982
19219 659
19220 9
19221 832
19222 146
19223 209
19224 231
19225 515
19226 696
19227 257
19228 892
19229 688
19230 738
19231 960
19232 761
19233 24
19234 93
19235 302
19236 553
19237 434
19238 11
19239 167
19240 665
19241 304
19242 559
19243 867
19244 454
19245 897
19246 197
19247 588
19248 952
19249 390
19250 94
19251 85
19252 84
19253 893
19254 648
19255 876
19256 516
19257 647
19258 313
19259 408
19260 529
19261 902
19262 906
19263 534
19264 668
19265 589
19266 458
19267 117
19268 147
19269 588
19270 26
19271 873
19272 760
19273 577
19274 800
19275 221
19276 962
19277 15
19278 181
19279 338
19280 433
19281 667
19282 652
19283 406
19284 492
19285 272
19286 184
19287 506
19288 562
19289 826
19290 825
19291 842
19292 739
19293 287
19294 355
19295 920
19296 634
19297 825
19298 55
19299 82
19300 393
19301 157
19302 670
19303 267
19304 717
19305 752
19306 248
19307 531
19308 588
19309 802
19310 830
19311 97
19312 751
19313 478
19314 871
19315 130
19316 545
19317 862
19318 53
19319 793
19320 825
19321 438
19322 82
19323 476
19324 162
19325 387
19326 976
19327 870
19328 717
19329 687
19330 839
19331 192
19332 582
19333 84
19334 246
19335 153
19336 416
19337 35
19338 261
19339 807
19340 342
19341 744
19342 412
19343 870
19344 812
19345 171
19346 633
19347 219
19348 22
19349 704
19350 650
19351 632
19352 738
19353 38
19354 44
19355 916
19356 780
19357 894
19358 664
19359 41
19360 313
19361 204
19362 239
19363 710
19364 80
19365 773
19366 307
19367 293
19368 117
19369 414
19370 789
19371 527
19372 566
19373 976
19374 915
19375 309
19376 6
19377 997
19378 418
19379 423
19380 688
19381 943
19382 959
19383 636
19384 734
19385 692
19386 635
19387 841
19388 398
19389 861
19390 209
19391 565
19392 356
19393 78
19394 306
19395 865
19396 973
19397 610
19398 725
19399 678
19400 741
19401 710
19402 331
19403 735
19404 862
19405 792
19406 684
19407 0
19408 247
19409 363
19410 193
19411 728
19412 199
19413 353
19414 501
19415 205
19416 815
19417 496
19418 397
19419 807
19420 74
19421 812
19422 371
19423 356
19424 407
19425 550
19426 231
19427 798
19428 728
19429 475
19430 575
19431 316
19432 363
19433 843
19434 409
19435 943
19436 189
19437 551
19438 60
19439 369
19440 910
19441 428
19442 6
19443 512
19444 724
19445 380
19446 531
19447 503
19448 21
19449 198
19450 875
19451 982
19452 413
19453 446
19454 927
19455 815
19456 69
19457 91
19458 490
19459 124
19460 502
19461 306
19462 722
19463 745
19464 876
19465 682
19466 702
19467 951
19468 239
19469 8
19470 715
19471 480
19472 691
19473 74
19474 977
19475 514
19476 403
19477 431
19478 320
19479 103
19480 322
19481 67
19482 25
19483 234
19484 860
19485 275
19486 421
19487 971
19488 537
19489 494
19490 776
19491 103
19492 150
19493 951
19494 812
19495 393
19496 253
19497 54
19498 635
19499 581
19500 896
19501 293
19502 307
19503 85
19504 698
19505 452
19506 365
19507 889
19508 457
19509 667
19510 17
19511 799
19512 549
19513 862
19514 831
19515 128
19516 277
19517 310
19518 294
19519 11
19520 235
19521 608
19522 581
19523 686
19524 449
19525 289
19526 998
19527 872
19528 562
19529 226
19530 63
19531 2
19532 639
19533 134
19534 996
19535 164
19536 989
19537 319
19538 80
19539 196
19540 18
19541 756
19542 474
19543 483
19544 771
19545 349
19546 94
19547 471
19548 433
19549 17
19550 627
19551 637
19552 851
19553 475
19554 823
19555 105
19556 913
19557 128
19558 903
19559 408
19560 612
19561 134
19562 124
19563 418
19564 321
19565 679
19566 837
19567 398
19568 314
19569 169
19570 791
19571 260
19572 989
19573 820
19574 616
19575 127
19576 424
19577 397
19578 215
19579 150
19580 739
19581 196
19582 370
19583 690
19584 258
19585 839
19586 273
19587 438
19588 94
19589 62
19590 600
19591 443
19592 753
19593 628
19594 226
19595 852
19596 763
19597 879
19598 381
19599 740
19600 298
19601 894
19602 181
19603 425
19604 372
19605 522
19606 438
19607 44
19608 360
19609 737
19610 588
19611 715
19612 496
19613 139
19614 221
19615 574
19616 824
19617 280
19618 832
19619 847
19620 6
19621 842
19622 266
19623 151
19624 700
19625 222
19626 166
19627 338
19628 440
19629 618
19630 748
19631 336
19632 629
19633 383
19634 84
19635 7
19636 832
19637 838
19638 488
19639 757
19640 410
19641 152
19642 851
19643 652
19644 690
19645 361
19646 823
19647 213
19648 617
19649 299
19650 825
19651 901
19652 827
19653 337
19654 316
19655 422
19656 975
19657 304
19658 639
19659 220
19660 791
19661 762
19662 35
19663 861
19664 599
19665 496
19666 602
19667 850
19668 28
19669 204
19670 610
19671 915
19672 521
19673 70
19674 642
19675 61
19676 463
19677 638
19678 410
19679 676
19680 979
19681 317
19682 766
19683 956
19684 32
19685 371
19686 597
19687 178
19688 47
19689 31
19690 336
19691 841
19692 300
19693 258
19694 494
19695 866
19696 670
19697 111
19698 723
19699 820
19700 411
19701 441
19702 715
19703 71
19704 370
19705 347
19706 949
19707 128
19708 610
19709 238
19710 143
19711 947
19712 387
19713 434
19714 85
19715 169
19716 940
19717 684
19718 835
19719 688
19720 424
19721 835
19722 34
19723 767
19724 568
19725 255
19726 463
19727 919
19728 828
19729 150
19730 250
19731 19
19732 38
19733 701
19734 740
19735 562
19736 307
19737 924
19738 781
19739 21
19740 790
19741 481
19742 136
19743 730
19744 914
19745 218
19746 827
19747 526
19748 307
19749 127
19750 99
19751 215
19752 13
19753 945
19754 222
19755 789
19756 565
19757 142
19758 390
19759 798
19760 751
19761 697
19762 541
19763 644
19764 326
19765 978
19766 385
19767 204
19768 457
19769 3
19770 414
19771 61
19772 756
19773 854
19774 692
19775 199
19776 179
19777 683
19778 360
19779 708
19780 23
19781 142
19782 969
19783 395
19784 126
19785 388
19786 382
19787 509
19788 302
19789 886
19790 415
19791 339
19792 358
19793 748
19794 587
19795 437
19796 47
19797 523
19798 280
19799 195
19800 932
19801 185
19802 167
19803 235
19804 258
19805 36
19806 985
19807 897
19808 459
19809 640
19810 560
19811 854
19812 547
19813 320
19814 893
19815 916
19816 288
19817 81
19818 330
19819 117
19820 607
19821 332
19822 117
19823 742
19824 425
19825 955
19826 308
19827 773
19828 581
19829 713
19830 616
19831 255
19832 216
19833 609
19834 302
19835 715
19836 146
19837 507
19838 38
19839 793
19840 257
19841 515
19842 798
19843 592
19844 930
19845 533
19846 735
19847 664
19848 588
19849 99
19850 774
19851 413
19852 882
19853 354
19854 755
19855 346
19856 927
19857 811
19858 529
19859 31
19860 313
19861 888
19862 239
19863 83
19864 348
19865 393
19866 791
19867 828
19868 539
19869 814
19870 984
19871 78
19872 73
19873 550
19874 235
19875 816
19876 148
19877 521
19878 419
19879 851
19880 681
19881 81
19882 224
19883 816
19884 29
19885 662
19886 653
19887 385
19888 943
19889 426
19890 752
19891 116
19892 868
19893 17
19894 815
19895 678
19896 786
19897 963
19898 39
19899 614
19900 570
19901 257
19902 172
19903 780
19904 6
19905 676
19906 667
19907 484
19908 476
19909 654
19910 481
19911 872
19912 500
19913 244
19914 69
19915 615
19916 408
19917 208
19918 925
19919 167
19920 229
19921 527
19922 269
19923 139
19924 163
19925 162
19926 66
19927 218
19928 999
19929 550
19930 784
19931 974
19932 206
19933 453
19934 33
19935 490
19936 725
19937 258
19938 413
19939 816
19940 899
19941 983
19942 593
19943 956
19944 532
19945 784
19946 55
19947 162
19948 478
19949 457
19950 876
19951 949
19952 74
19953 686
19954 177
19955 806
19956 302
19957 583
19958 747
19959 982
19960 954
19961 711
19962 437
19963 266
19964 551
19965 347
19966 724
19967 914
19968 930
19969 850
19970 982
19971 997
19972 971
19973 724
19974 134
19975 60
19976 80
19977 518
19978 822
19979 92
19980 800
19981 261
19982 257
19983 551
19984 851
19985 57
19986 309
19987 677
19988 765
19989 56
19990 807
19991 609
19992 555
19993 729
19994 999
19995 636
19996 954
19997 335
19998 839
19999 987
20000 346
20001 386
20002 176
20003 641
20004 510
20005 7
20006 242
20007 606
20008 419
20009 861
20010 251
20011 653
20012 982
20013 891
20014 938
20015 862
20016 627
20017 821
20018 862
20019 762
20020 205
20021 220
20022 278
20023 981
20024 397
20025 378
20026 457
20027 485
20028 750
20029 721
20030 472
20031 628
20032 771
20033 729
20034 828
20035 640
20036 676
20037 202
20038 841
20039 524
20040 676
20041 262
20042 832
20043 170
20044 946
20045 59
20046 114
20047 427
20048 743
20049 152
20050 64
20051 459
20052 512
20053 730
20054 685
20055 188
20056 705
20057 412
20058 209
20059 809
20060 498
20061 867
20062 833
20063 489
20064 640
20065 578
20066 181
20067 465
20068 118
20069 831
20070 750
20071 640
20072 507
20073 663
20074 194
20075 972
20076 679
20077 0
20078 116
20079 361
20080 178
20081 71
20082 422
20083 297
20084 346
20085 94
20086 569
20087 118
20088 507
20089 547
20090 873
20091 34
20092 378
20093 364
20094 953
20095 923
20096 420
20097 891
20098 929
20099 399
20100 810
20101 535
20102 103
20103 735
20104 471
20105 675
20106 699
20107 286
20108 617
20109 390
20110 564
20111 324
20112 244
20113 270
20114 136
20115 395
20116 613
20117 157
20118 471
20119 886
20120 424
20121 469
20122 458
20123 121
20124 69
20125 323
20126 868
20127 957
20128 154
20129 51
20130 533
20131 367
20132 911
20133 922
20134 372
20135 480
20136 586
20137 451
20138 352
20139 617
20140 421
20141 532
20142 836
20143 752
20144 625
20145 585
20146 387
20147 557
20148 946
20149 510
20150 249
20151 969
20152 583
20153 734
20154 221
20155 407
20156 221
20157 738
20158 726
20159 786
20160 751
20161 145
20162 998
20163 744
20164 451
20165 202
20166 565
20167 333
20168 704
20169 333
20170 445
20171 312
20172 886
20173 332
20174 969
20175 603
20176 341
20177 185
20178 659
20179 192
20180 488
20181 637
20182 307
20183 363
20184 875
20185 166
20186 209
20187 400
20188 514
20189 386
20190 243
20191 703
20192 844
20193 30
20194 910
20195 778
20196 599
20197 687
20198 963
20199 253
20200 728
20201 260
20202 343
20203 544
20204 185
20205 762
20206 724
20207 545
20208 370
20209 775
20210 223
20211 636
20212 642
20213 853
20214 273
20215 65
20216 484
20217 246
20218 328
20219 239
20220 467
20221 886
20222 826
20223 624
20224 630
20225 243
20226 736
20227 517
20228 912
20229 806
20230 766
20231 970
20232 548
20233 129
20234 365
20235 98
20236 325
20237 718
20238 586
20239 867
20240 627
20241 337
20242 952
20243 732
20244 534
20245 259
20246 982
20247 826
20248 467
20249 646
20250 416
20251 538
20252 628
20253 561
20254 791
20255 519
20256 629
20257 134
20258 129
20259 354
20260 820
20261 182
20262 490
20263 263
20264 418
20265 2
20266 619
20267 132
20268 510
20269 460
20270 553
20271 752
20272 524
20273 49
20274 71
20275 93
20276 409
20277 53
20278 838
20279 392
20280 342
20281 710
20282 308
20283 714
20284 489
20285 716
20286 98
20287 222
20288 960
20289 71
20290 741
20291 604
20292 765
20293 658
20294 333
20295 320
20296 729
20297 836
20298 578
20299 409
20300 49
20301 43
20302 96
20303 125
20304 594
20305 243
20306 270
20307 246
20308 410
20309 96
20310 184
20311 346
20312 830
20313 370
20314 172
20315 861
20316 731
20317 231
20318 579
20319 775
20320 998
20321 969
20322 73
20323 113
20324 622
20325 813
20326 741
20327 814
20328 244
20329 570
20330 500
20331 18
20332 790
20333 884
20334 330
20335 569
20336 106
20337 343
20338 978
20339 113
20340 438
20341 183
20342 751
20343 800
20344 205
20345 295
20346 489
20347 685
20348 46
20349 243
20350 88
20351 4
20352 788
20353 867
20354 332
20355 120
20356 493
20357 932
20358 994
20359 445
20360 903
20361 522
20362 820
20363 612
20364 180
20365 932
20366 258
20367 708
20368 240
20369 823
20370 716
20371 957
20372 290
20373 99
20374 852
20375 599
20376 266
20377 882
20378 108
20379 249
20380 798
20381 664
20382 609
20383 31
20384 865
20385 712
20386 360
20387 720
20388 931
20389 630
20390 375
20391 396
20392 514
20393 974
20394 804
20395 640
20396 513
20397 775
20398 136
20399 621
20400 63
20401 666
20402 969
20403 817
20404 372
20405 974
20406 240
20407 733
20408 89
20409 165
20410 964
20411 644
20412 863
20413 204
20414 817
20415 559
20416 99
20417 924
20418 607
20419 279
20420 486
20421 230
20422 997
20423 797
20424 427
20425 493
20426 224
20427 615
20428 734
20429 459
20430 164
20431 89
20432 20
20433 26
20434 771
20435 522
20436 17
20437 552
20438 766
20439 122
20440 538
20441 418
20442 834
20443 547
20444 9
20445 503
20446 57
20447 415
20448 236
20449 126
20450 715
20451 113
20452 632
20453 214
20454 399
20455 699
20456 947
20457 592
20458 465
20459 549
20460 183
20461 619
20462 5
20463 218
20464 598
20465 128
20466 961
20467 681
20468 284
20469 939
20470 116
20471 793
20472 164
20473 106
20474 960
20475 820
20476 117
20477 93
20478 874
20479 999
20480 349
20481 114
20482 496
20483 377
20484 127
20485 496
20486 68
20487 79
20488 362
20489 625
20490 960
20491 6
20492 750
20493 723
20494 207
20495 631
20496 814
20497 156
20498 37
20499 199
20500 948
20501 97
20502 77
20503 132
20504 731
20505 536
20506 999
20507 648
20508 422
20509 961
20510 572
20511 589
20512 717
20513 518
20514 501
20515 234
20516 814
20517 398
20518 52
20519 204
20520 233
20521 285
20522 19
20523 424
20524 714
20525 742
20526 187
20527 853
20528 754
20529 779
20530 448
20531 265
20532 646
20533 664
20534 341
20535 644
20536 39
20537 441
20538 750
20539 280
20540 283
20541 893
20542 744
20543 773
20544 323
20545 710
20546 706
20547 429
20548 522
20549 978
20550 197
20551 337
20552 515
20553 849
20554 371
20555 220
20556 887
20557 883
20558 492
20559 230
20560 203
20561 182
20562 461
20563 154
20564 378
20565 332
20566 984
20567 286
20568 399
20569 301
20570 740
20571 884
20572 636
20573 541
20574 428
20575 780
20576 336
20577 477
20578 171
20579 370
20580 124
20581 334
20582 493
20583 144
20584 278
20585 388
20586 177
20587 386
20588 104
20589 236
20590 245
20591 343
20592 452
20593 997
20594 539
20595 447
20596 595
20597 729
20598 516
20599 681
20600 177
20601 538
20602 463
20603 483
20604 431
20605 647
20606 388
20607 416
20608 108
20609 845
20610 357
20611 47
20612 629
20613 874
20614 495
20615 758
20616 661
20617 594
20618 287
20619 837
20620 159
20621 773
20622 589
20623 376
20624 761
20625 381
20626 348
20627 282
20628 768
20629 914
20630 671
20631 587
20632 888
20633 612
20634 241
20635 992
20636 916
20637 920
20638 9
20639 909
20640 785
20641 919
20642 504
20643 561
20644 8
20645 928
20646 463
20647 954
20648 38
20649 459
20650 564
20651 104
20652 387
20653 256
20654 91
20655 296
20656 170
20657 472
20658 862
20659 224
20660 119
20661 677
20662 952
20663 389
20664 300
20665 315
20666 300
20667 68
20668 54
20669 455
20670 75
20671 127
20672 407
20673 543
20674 675
20675 242
20676 593
20677 924
20678 736
20679 14
20680 642
20681 662
20682 417
20683 614
20684 803
20685 599
20686 16
20687 693
20688 957
20689 122
20690 184
20691 467
20692 730
20693 228
20694 719
20695 539
20696 207
20697 252
20698 614
20699 604
20700 422
20701 534
20702 8
20703 571
20704 75
20705 684
20706 3
20707 324
20708 337
20709 734
20710 378
20711 107
20712 93
20713 261
20714 505
20715 607
20716 898
20717 60
20718 621
20719 508
20720 425
20721 381
20722 813
20723 45
20724 154
20725 543
20726 142
20727 876
20728 471
20729 549
20730 352
20731 349
20732 90
20733 503
20734 288
20735 208
20736 308
20737 754
20738 874
20739 639
20740 428
20741 263
20742 108
20743 694
20744 779
20745 630
20746 919
20747 135
20748 335
20749 280
20750 95
20751 504
20752 361
20753 460
20754 957
20755 117
20756 216
20757 75
20758 307
20759 703
20760 681
20761 443
20762 308
20763 686
20764 792
20765 727
20766 899
20767 973
20768 298
20769 607
20770 191
20771 878
20772 593
20773 631
20774 167
20775 103
20776 14
20777 757
20778 898
20779 888
20780 322
20781 705
20782 71
20783 379
20784 454
20785 894
20786 649
20787 545
20788 24
20789 336
20790 19
20791 996
20792 304
20793 529
20794 837
20795 30
20796 609
20797 569
20798 430
20799 70
20800 651
20801 429
20802 69
20803 202
20804 380
20805 73
20806 773
20807 256
20808 776
20809 922
20810 912
20811 246
20812 743
20813 846
20814 786
20815 844
20816 21
20817 805
20818 859
20819 160
20820 765
20821 568
20822 691
20823 772
20824 138
20825 33
20826 399
20827 102
20828 10
20829 359
20830 310
20831 567
20832 21
20833 259
20834 65
20835 599
20836 785
20837 516
20838 241
20839 790
20840 995
20841 564
20842 228
20843 153
20844 948
20845 870
20846 481
20847 605
20848 464
20849 914
20850 93
20851 969
20852 140
20853 546
20854 88
20855 269
20856 552
20857 343
20858 578
20859 118
20860 475
20861 553
20862 850
20863 575
20864 846
20865 618
20866 132
20867 453
20868 741
20869 540
20870 928
20871 23
20872 580
20873 258
20874 571
20875 678
20876 912
20877 952
20878 698
20879 695
20880 674
20881 567
20882 434
20883 869
20884 647
20885 862
20886 667
20887 721
20888 312
20889 452
20890 713
20891 943
20892 851
20893 517
20894 324
20895 704
20896 375
20897 196
20898 978
20899 701
20900 525
20901 104
20902 711
20903 611
20904 868
20905 579
20906 709
20907 402
20908 8
20909 802
20910 393
20911 545
20912 971
20913 331
20914 670
20915 520
20916 456
20917 27
20918 522
20919 266
20920 439
20921 455
20922 883
20923 37
20924 103
20925 613
20926 670
20927 268
20928 111
20929 20
20930 774
20931 183
20932 846
20933 204
20934 976
20935 402
20936 343
20937 124
20938 299
20939 467
20940 159
20941 211
20942 508
20943 851
20944 376
20945 835
20946 292
20947 853
20948 409
20949 563
20950 596
20951 676
20952 485
20953 870
20954 997
20955 848
20956 939
20957 278
20958 196
20959 218
20960 374
20961 377
20962 94
20963 975
20964 167
20965 209
20966 411
20967 398
20968 256
20969 762
20970 335
20971 187
20972 290
20973 239
20974 640
20975 879
20976 623
20977 604
20978 166
20979 77
20980 342
20981 610
20982 170
20983 700
20984 210
20985 476
20986 277
20987 67
20988 884
20989 290
20990 631
20991 810
20992 364
20993 363
20994 641
20995 844
20996 533
20997 46
20998 117
20999 579
21000 227
21001 592
21002 68
21003 611
21004 591
21005 427
21006 513
21007 249
21008 851
21009 377
21010 151
21011 201
21012 156
21013 291
21014 317
21015 188
21016 307
21017 89
21018 3
21019 586
21020 287
21021 941
21022 174
21023 748
21024 859
21025 978
21026 403
21027 576
21028 393
21029 513
21030 396
21031 82
21032 842
21033 259
21034 852
21035 985
21036 961
21037 172
21038 300
21039 28
21040 446
21041 490
21042 739
21043 900
21044 674
21045 895
21046 354
21047 192
21048 307
21049 686
21050 812
21051 214
21052 169
21053 660
21054 236
21055 108
21056 30
21057 111
21058 457
21059 928
21060 576
21061 456
21062 892
21063 271
21064 125
21065 415
21066 534
21067 19
21068 862
21069 167
21070 456
21071 738
21072 190
21073 80
21074 697
21075 200
21076 921
21077 503
21078 33
21079 5
21080 323
21081 893
21082 204
21083 28
21084 379
21085 175
21086 845
21087 761
21088 294
21089 705
21090 680
21091 575
21092 852
21093 231
21094 72
21095 363
21096 193
21097 486
21098 473
21099 783
21100 4
21101 844
21102 731
21103 960
21104 492
21105 890
21106 540
21107 208
21108 829
21109 619
21110 79
21111 573
21112 36
21113 845
21114 853
21115 294
21116 776
21117 158
21118 616
21119 212
21120 505
21121 590
21122 302
21123 984
21124 715
21125 786
21126 667
21127 217
21128 830
21129 426
21130 329
21131 663
21132 129
21133 999
21134 676
21135 874
21136 102
21137 359
21138 860
21139 57
21140 191
21141 289
21142 360
21143 696
21144 26
21145 774
21146 212
21147 285
21148 516
21149 84
21150 387
21151 617
21152 66
21153 337
21154 433
21155 465
21156 217
21157 43
21158 16
21159 460
21160 446
21161 267
21162 671
21163 631
21164 623
21165 668
21166 529
21167 959
21168 141
21169 488
21170 620
21171 162
21172 269
21173 614
21174 671
21175 673
21176 540
21177 493
21178 173
21179 590
21180 683
21181 579
21182 518
21183 165
21184 805
21185 628
21186 988
21187 309
21188 491
21189 960
21190 576
21191 103
21192 758
21193 100
21194 882
21195 448
21196 481
21197 976
21198 551
21199 698
21200 373
21201 781
21202 189
21203 678
21204 956
21205 390
21206 747
21207 32
21208 982
21209 621
21210 152
21211 445
21212 637
21213 664
21214 986
21215 608
21216 518
21217 188
21218 282
21219 920
21220 89
21221 62
21222 711
21223 434
21224 357
21225 76
21226 446
21227 249
21228 326
21229 763
21230 228
21231 697
21232 63
21233 16
21234 477
21235 644
21236 665
21237 111
21238 533
21239 815
21240 133
21241 930
21242 760
21243 338
21244 858
21245 349
21246 377
21247 76
21248 65
21249 364
21250 859
21251 552
21252 582
21253 906
21254 786
21255 442
21256 504
21257 632
21258 20
21259 669
21260 831
21261 545
21262 634
21263 362
21264 896
21265 152
21266 343
21267 16
21268 101
21269 852
21270 315
21271 371
21272 881
21273 553
21274 542
21275 813
21276 96
21277 463
21278 583
21279 208
21280 744
21281 68
21282 79
21283 719
21284 272
21285 859
21286 635
21287 647
21288 349
21289 605
21290 655
21291 55
21292 114
21293 652
21294 892
21295 811
21296 192
21297 411
21298 916
21299 863
21300 8
21301 611
21302 323
21303 894
21304 796
21305 594
21306 207
21307 728
21308 685
21309 709
21310 49
21311 975
21312 969
21313 828
21314 704
21315 391
21316 688
21317 70
21318 230
21319 459
21320 81
21321 71
21322 876
21323 552
21324 562
21325 653
21326 457
21327 199
21328 557
21329 972
21330 377
21331 508
21332 352
21333 182
21334 66
21335 492
21336 227
21337 627
21338 65
21339 771
21340 189
21341 579
21342 380
21343 297
21344 535
21345 155
21346 36
21347 74
21348 729
21349 769
21350 857
21351 358
21352 956
21353 388
21354 624
21355 903
21356 77
21357 528
21358 204
21359 948
21360 973
21361 179
21362 310
21363 115
21364 215
21365 487
21366 670
21367 18
21368 395
21369 710
21370 484
21371 285
21372 472
21373 852
21374 57
21375 723
21376 249
21377 380
21378 720
21379 149
21380 681
21381 764
21382 519
21383 19
21384 256
21385 913
21386 757
21387 203
21388 73
21389 633
21390 501
21391 234
21392 466
21393 261
21394 474
21395 239
21396 247
21397 621
21398 461
21399 860
21400 638
21401 611
21402 523
21403 894
21404 313
21405 986
21406 439
21407 796
21408 644
21409 711
21410 742
21411 290
21412 904
21413 379
21414 484
21415 396
21416 647
21417 520
21418 63
21419 341
21420 586
21421 3
21422 4
21423 838
21424 382
21425 378
21426 675
21427 538
21428 18
21429 420
21430 854
21431 862
21432 264
21433 485
21434 998
21435 118
21436 827
21437 427
21438 318
21439 132
21440 341
21441 299
21442 326
21443 542
21444 972
21445 176
21446 550
21447 263
21448 41
21449 537
21450 624
21451 97
21452 312
21453 389
21454 398
21455 347
21456 758
21457 965
21458 212
21459 107
21460 743
21461 94
21462 349
21463 198
21464 905
21465 860
21466 137
21467 719
21468 738
21469 738
21470 946
21471 513
21472 977
21473 308
21474 774
21475 7
21476 460
21477 947
21478 381
21479 670
21480 447
21481 245
21482 111
21483 603
21484 478
21485 690
21486 416
21487 526
21488 945
21489 202
21490 867
21491 210
21492 530
21493 97
21494 812
21495 423
21496 244
21497 848
21498 75
21499 883
21500 983
21501 292
21502 332
21503 883
21504 822
21505 458
21506 815
21507 110
21508 917
21509 474
21510 100
21511 600
21512 240
21513 425
21514 651
21515 440
21516 552
21517 176
21518 886
21519 196
21520 683
21521 642
21522 546
21523 167
21524 939
21525 341
21526 184
21527 835
21528 443
21529 170
21530 836
21531 982
21532 762
21533 716
21534 861
21535 406
21536 119
21537 428
21538 504
21539 22
21540 386
21541 223
21542 683
21543 316
21544 222
21545 436
21546 582
21547 585
21548 108
21549 790
21550 334
21551 992
21552 508
21553 240
21554 809
21555 607
21556 815
21557 986
21558 847
21559 836
21560 414
21561 552
21562 860
21563 849
21564 144
21565 667
21566 801
21567 829
21568 223
21569 9
21570 844
21571 566
21572 535
21573 945
21574 547
21575 907
21576 149
21577 249
21578 779
21579 434
21580 482
21581 531
21582 606
21583 921
21584 503
21585 367
21586 723
21587 758
21588 567
21589 909
21590 638
21591 782
21592 703
21593 788
21594 901
21595 891
21596 294
21597 918
21598 695
21599 727
21600 869
21601 675
21602 163
21603 314
21604 14
21605 631
21606 929
21607 229
21608 634
21609 356
21610 838
21611 753
21612 221
21613 440
21614 960
21615 135
21616 272
21617 850
21618 203
21619 477
21620 428
21621 712
21622 559
21623 240
21624 729
21625 142
21626 378
21627 725
21628 409
21629 422
21630 206
21631 718
21632 542
21633 738
21634 145
21635 808
21636 973
21637 825
21638 746
21639 638
21640 811
21641 305
21642 156
21643 912
21644 940
21645 325
21646 332
21647 809
21648 948
21649 864
21650 932
21651 361
21652 702
21653 547
21654 275
21655 638
21656 903
21657 614
21658 866
21659 991
21660 581
21661 227
21662 991
21663 508
21664 662
21665 299
21666 174
21667 193
21668 496
21669 425
21670 795
21671 969
21672 63
21673 298
21674 870
21675 300
21676 483
21677 461
21678 50
21679 447
21680 254
21681 113
21682 873
21683 302
21684 956
21685 408
21686 854
21687 387
21688 942
21689 36
21690 340
21691 326
21692 728
21693 556
21694 874
21695 98
21696 53
21697 961
21698 87
21699 485
21700 565
21701 71
21702 835
21703 940
21704 324
21705 838
21706 981
21707 262
21708 339
21709 873
21710 329
21711 357
21712 341
21713 594
21714 501
21715 160
21716 602
21717 911
21718 982
21719 491
21720 814
21721 580
21722 204
21723 560
21724 128
21725 443
21726 915
21727 280
21728 283
21729 886
21730 861
21731 372
21732 161
21733 140
21734 311
21735 825
21736 491
21737 623
21738 148
21739 368
21740 422
21741 316
21742 839
21743 3
21744 238
21745 29
21746 4
21747 705
21748 219
21749 319
21750 586
21751 907
21752 606
21753 133
21754 923
21755 562
21756 723
21757 949
21758 323
21759 129
21760 614
21761 66
21762 472
21763 158
21764 515
21765 737
21766 105
21767 952
21768 572
21769 238
21770 536
21771 552
21772 550
21773 909
21774 665
21775 728
21776 142
21777 134
21778 293
21779 849
21780 731
21781 850
21782 205
21783 311
21784 18
21785 928
21786 136
21787 517
21788 718
21789 439
21790 633
21791 533
21792 340
21793 510
21794 801
21795 649
21796 311
21797 92
21798 439
21799 779
21800 398
21801 882
21802 549
21803 95
21804 606
21805 759
21806 66
21807 469
21808 316
21809 816
21810 17
21811 513
21812 673
21813 917
21814 881
21815 496
21816 413
21817 480
21818 915
21819 586
21820 368
21821 309
21822 353
21823 881
21824 657
21825 193
21826 291
21827 362
21828 992
21829 50
21830 224
21831 180
21832 519
21833 953
21834 674
21835 451
21836 15
21837 827
21838 199
21839 606
21840 630
21841 321
21842 569
21843 308
21844 595
21845 594
21846 914
21847 688
21848 704
21849 48
21850 423
21851 928
21852 73
21853 637
21854 349
21855 181
21856 745
21857 819
21858 909
21859 772
21860 184
21861 196
21862 864
21863 845
21864 664
21865 83
21866 628
21867 53
21868 626
21869 359
21870 807
21871 352
21872 903
21873 846
21874 455
21875 617
21876 602
21877 98
21878 548
21879 661
21880 41
21881 37
21882 590
21883 797
21884 265
21885 190
21886 28
21887 850
21888 850
21889 887
21890 300
21891 555
21892 424
21893 672
21894 844
21895 602
21896 708
21897 925
21898 294
21899 29
21900 871
21901 376
21902 828
21903 502
21904 432
21905 56
21906 220
21907 412
21908 737
21909 319
21910 812
21911 705
21912 176
21913 189
21914 215
21915 553
21916 862
21917 360
21918 985
21919 697
21920 547
21921 707
21922 463
21923 755
21924 15
21925 679
21926 375
21927 363
21928 143
21929 118
21930 181
21931 818
21932 312
21933 750
21934 64
21935 210
21936 74
21937 159
21938 524
21939 954
21940 0
21941 270
21942 615
21943 405
21944 162
21945 942
21946 914
21947 543
21948 772
21949 379
21950 185
21951 20
21952 740
21953 614
21954 757
21955 387
21956 261
21957 504
21958 374
21959 902
21960 279
21961 720
21962 59
21963 120
21964 252
21965 587
21966 804
21967 140
21968 170
21969 193
21970 32
21971 450
21972 375
21973 86
21974 26
21975 607
21976 770
21977 43
21978 330
21979 788
21980 806
21981 673
21982 268
21983 206
21984 268
21985 537
21986 841
21987 877
21988 938
21989 832
21990 97
21991 548
21992 91
21993 697
21994 731
21995 218
21996 27
21997 660
21998 190
21999 884
22000 729
22001 964
22002 818
22003 391
22004 500
22005 134
22006 838
22007 810
22008 861
22009 118
22010 699
22011 534
22012 391
22013 613
22014 531
22015 131
22016 502
22017 66
22018 692
22019 574
22020 678
22021 261
22022 140
22023 171
22024 85
22025 92
22026 600
22027 145
22028 310
22029 777
22030 715
22031 510
22032 488
22033 591
22034 134
22035 214
22036 317
22037 91
22038 183
22039 545
22040 707
22041 938
22042 103
22043 791
22044 385
22045 758
22046 872
22047 359
22048 47
22049 29
22050 770
22051 762
22052 854
22053 978
22054 210
22055 874
22056 982
22057 348
22058 86
22059 837
22060 502
22061 303
22062 111
22063 150
22064 932
22065 790
22066 171
22067 402
22068 817
22069 84
22070 179
22071 6
22072 107
22073 458
22074 958
22075 394
22076 618
22077 168
22078 866
22079 209
22080 228
22081 154
22082 485
22083 223
22084 294
22085 656
22086 546
22087 691
22088 547
22089 755
22090 658
22091 734
22092 696
22093 162
22094 393
22095 730
22096 881
22097 364
22098 781
22099 469
22100 666
22101 469
22102 805
22103 310
22104 589
22105 388
22106 203
22107 527
22108 183
22109 598
22110 268
22111 686
22112 668
22113 822
22114 260
22115 19
22116 799
22117 632
22118 747
22119 536
22120 561
22121 296
22122 157
22123 448
22124 90
22125 691
22126 251
22127 862
22128 322
22129 38
22130 4
22131 715
22132 151
22133 798
22134 593
22135 139
22136 911
22137 107
22138 346
22139 11
22140 374
22141 712
22142 852
22143 200
22144 229
22145 383
22146 38
22147 5
22148 600
22149 28
22150 695
22151 787
22152 64
22153 900
22154 529
22155 413
22156 836
22157 656
22158 182
22159 354
22160 571
22161 995
22162 258
22163 825
22164 193
22165 77
22166 562
22167 192
22168 912
22169 53
22170 291
22171 120
22172 806
22173 271
22174 130
22175 587
22176 521
22177 5
22178 429
22179 108
22180 643
22181 651
22182 979
22183 587
22184 774
22185 383
22186 680
22187 596
22188 984
22189 53
22190 814
22191 736
22192 744
22193 146
22194 823
22195 883
22196 910
22197 246
22198 121
22199 35
22200 160
22201 895
22202 677
22203 550
22204 350
22205 181
22206 484
22207 421
22208 565
22209 892
22210 269
22211 493
22212 268
22213 844
22214 81
22215 223
22216 252
22217 600
22218 397
22219 234
22220 385
22221 28
22222 132
22223 930
22224 598
22225 59
22226 561
22227 386
22228 347
22229 807
22230 316
22231 181
22232 415
22233 718
22234 238
22235 714
22236 778
22237 421
22238 78
22239 180
22240 446
22241 293
22242 355
22243 577
22244 247
22245 980
22246 0
22247 863
22248 193
22249 162
22250 798
22251 273
22252 618
22253 739
22254 320
22255 898
22256 1
22257 16
22258 333
22259 254
22260 912
22261 227
22262 687
22263 664
22264 382
22265 675
22266 329
22267 242
22268 873
22269 351
22270 510
22271 992
22272 996
22273 910
22274 668
22275 118
22276 682
22277 586
22278 618
22279 84
22280 30
22281 258
22282 271
22283 763
22284 627
22285 70
22286 82
22287 217
22288 606
22289 393
22290 399
22291 519
22292 238
22293 869
22294 91
22295 218
22296 116
22297 414
22298 693
22299 817
22300 508
22301 681
22302 541
22303 863
22304 445
22305 42
22306 434
22307 771
22308 9
22309 222
22310 343
22311 343
22312 613
22313 663
22314 34
22315 37
22316 143
22317 984
22318 167
22319 144
22320 793
22321 589
22322 540
22323 273
22324 289
22325 94
22326 865
22327 135
22328 445
22329 138
22330 370
22331 491
22332 785
22333 366
22334 341
22335 302
22336 415
22337 145
22338 272
22339 1
22340 339
22341 569
22342 367
22343 289
22344 335
22345 95
22346 428
22347 209
22348 215
22349 479
22350 949
22351 869
22352 848
22353 569
22354 885
22355 165
22356 997
22357 399
22358 709
22359 350
22360 638
22361 541
22362 351
22363 834
22364 511
22365 408
22366 601
22367 705
22368 119
22369 424
22370 540
22371 778
22372 415
22373 747
22374 597
22375 316
22376 855
22377 571
22378 410
22379 507
22380 835
22381 885
22382 415
22383 734
22384 895
22385 834
22386 144
22387 778
22388 202
22389 726
22390 586
22391 705
22392 405
22393 878
22394 218
22395 431
22396 627
22397 352
22398 398
22399 629
22400 743
22401 513
22402 198
22403 155
22404 410
22405 759
22406 553
22407 827
22408 320
22409 177
22410 287
22411 318
22412 762
22413 387
22414 765
22415 809
22416 259
22417 108
22418 152
22419 212
22420 115
22421 279
22422 630
22423 110
22424 253
22425 272
22426 205
22427 770
22428 793
22429 34
22430 684
22431 234
22432 9
22433 643
22434 964
22435 249
22436 863
22437 70
22438 806
22439 857
22440 892
22441 729
22442 701
22443 224
22444 237
22445 577
22446 7
22447 762
22448 151
22449 330
22450 621
22451 162
22452 955
22453 209
22454 264
22455 688
22456 654
22457 939
22458 541
22459 287
22460 556
22461 278
22462 314
22463 127
22464 975
22465 422
22466 769
22467 477
22468 898
22469 96
22470 546
22471 986
22472 32
22473 98
22474 762
22475 340
22476 406
22477 654
22478 162
22479 534
22480 894
22481 729
22482 6
22483 671
22484 235
22485 284
22486 885
22487 139
22488 151
22489 675
22490 863
22491 105
22492 398
22493 304
22494 788
22495 48
22496 128
22497 865
22498 347
22499 938
22500 130
22501 315
22502 461
22503 556
22504 170
22505 149
22506 520
22507 521
22508 309
22509 363
22510 480
22511 651
22512 314
22513 769
22514 818
22515 47
22516 659
22517 754
22518 43
22519 485
22520 391
22521 409
22522 640
22523 589
22524 244
22525 281
22526 705
22527 431
22528 547
22529 858
22530 560
22531 451
22532 630
22533 531
22534 692
22535 925
22536 456
22537 596
22538 588
22539 303
22540 668
22541 457
22542 191
22543 634
22544 545
22545 170
22546 352
22547 787
22548 756
22549 122
22550 734
22551 395
22552 682
22553 735
22554 23
22555 71
22556 26
22557 624
22558 992
22559 57
22560 919
22561 603
22562 973
22563 542
22564 501
22565 999
22566 533
22567 348
22568 243
22569 540
22570 604
22571 830
22572 211
22573 41
22574 620
22575 219
22576 553
22577 888
22578 488
22579 620
22580 442
22581 497
22582 352
22583 905
22584 517
22585 364
22586 629
22587 575
22588 609
22589 181
22590 779
22591 824
22592 446
22593 58
22594 950
22595 840
22596 365
22597 804
22598 676
22599 960
22600 247
22601 692
22602 722
22603 213
22604 335
22605 281
22606 128
22607 712
22608 330
22609 126
22610 585
22611 587
22612 539
22613 893
22614 828
22615 299
22616 946
22617 869
22618 417
22619 241
22620 474
22621 156
22622 679
22623 712
22624 694
22625 559
22626 767
22627 48
22628 586
22629 685
22630 74
22631 661
22632 627
22633 860
22634 133
22635 830
22636 83
22637 856
22638 405
22639 126
22640 548
22641 259
22642 344
22643 457
22644 241
22645 47
22646 932
22647 417
22648 618
22649 655
22650 378
22651 226
22652 960
22653 712
22654 462
22655 129
22656 668
22657 87
22658 128
22659 813
22660 88
22661 431
22662 415
22663 551
22664 250
22665 560
22666 15
22667 18
22668 478
22669 963
22670 597
22671 0
22672 303
22673 138
22674 439
22675 890
22676 94
22677 496
22678 214
22679 309
22680 183
22681 302
22682 883
22683 733
22684 710
22685 44
22686 440
22687 986
22688 202
22689 567
22690 701
22691 337
22692 653
22693 568
22694 239
22695 665
22696 210
22697 370
22698 760
22699 398
22700 834
22701 459
22702 108
22703 603
22704 777
22705 740
22706 383
22707 506
22708 503
22709 476
22710 561
22711 45
22712 203
22713 58
22714 479
22715 522
22716 322
22717 34
22718 252
22719 269
22720 60
22721 707
22722 637
22723 332
22724 104
22725 312
22726 170
22727 607
22728 728
22729 726
22730 461
22731 78
22732 660
22733 896
22734 668
22735 368
22736 908
22737 631
22738 351
22739 380
22740 708
22741 557
22742 600
22743 876
22744 82
22745 608
22746 439
22747 491
22748 962
22749 392
22750 600
22751 501
22752 617
22753 86
22754 899
22755 447
22756 477
22757 17
22758 136
22759 67
22760 487
22761 200
22762 863
22763 904
22764 516
22765 338
22766 529
22767 823
22768 565
22769 163
22770 194
22771 800
22772 196
22773 726
22774 779
22775 739
22776 407
22777 854
22778 815
22779 289
22780 893
22781 62
22782 439
22783 221
22784 932
22785 270
22786 402
22787 124
22788 773
22789 627
22790 392
22791 628
22792 512
22793 574
22794 710
22795 311
22796 655
22797 693
22798 632
22799 887
22800 102
22801 528
22802 313
22803 358
22804 782
22805 811
22806 207
22807 865
22808 381
22809 296
22810 15
22811 342
22812 902
22813 429
22814 820
22815 418
22816 278
22817 132
22818 750
22819 906
22820 510
22821 744
22822 787
22823 66
22824 393
22825 668
22826 405
22827 414
22828 529
22829 743
22830 833
22831 769
22832 511
22833 365
22834 436
22835 497
22836 756
22837 597
22838 752
22839 874
22840 909
22841 322
22842 609
22843 623
22844 958
22845 534
22846 838
22847 830
22848 593
22849 904
22850 558
22851 353
22852 733
22853 29
22854 910
22855 693
22856 806
22857 148
22858 215
22859 40
22860 60
22861 122
22862 401
22863 248
22864 461
22865 602
22866 720
22867 429
22868 878
22869 834
22870 397
22871 306
22872 938
22873 594
22874 136
22875 748
22876 733
22877 911
22878 812
22879 998
22880 961
22881 669
22882 157
22883 980
22884 296
22885 929
22886 395
22887 982
22888 52
22889 635
22890 844
22891 362
22892 115
22893 531
22894 896
22895 738
22896 798
22897 555
22898 770
22899 385
22900 176
22901 176
22902 859
22903 855
22904 249
22905 786
22906 754
22907 33
22908 995
22909 954
22910 157
22911 238
22912 109
22913 609
22914 44
22915 411
22916 272
22917 808
22918 152
22919 540
22920 720
22921 645
22922 126
22923 808
22924 347
22925 101
22926 818
22927 430
22928 511
22929 115
22930 205
22931 225
22932 297
22933 659
22934 870
22935 682
22936 838
22937 808
22938 287
22939 126
22940 908
22941 394
22942 621
22943 791
22944 13
22945 905
22946 830
22947 562
22948 60
22949 1
22950 655
22951 376
22952 578
22953 109
22954 742
22955 66
22956 790
22957 533
22958 842
22959 903
22960 97
22961 506
22962 327
22963 373
22964 450
22965 475
22966 457
22967 587
22968 209
22969 362
22970 76
22971 113
22972 86
22973 475
22974 963
22975 717
22976 368
22977 497
22978 67
22979 798
22980 549
22981 695
22982 726
22983 588
22984 727
22985 610
22986 102
22987 69
22988 668
22989 972
22990 11
22991 204
22992 388
22993 284
22994 470
22995 904
22996 313
22997 982
22998 289
22999 431
23000 760
23001 844
23002 982
23003 495
23004 563
23005 705
23006 862
23007 743
23008 683
23009 183
23010 179
23011 209
23012 865
23013 318
23014 258
23015 270
23016 956
23017 351
23018 299
23019 255
23020 770
23021 540
23022 556
23023 970
23024 291
23025 282
23026 645
23027 620
23028 890
23029 750
23030 884
23031 561
23032 383
23033 34
23034 465
23035 773
23036 699
23037 478
23038 713
23039 849
23040 236
23041 314
23042 593
23043 969
23044 326
23045 185
23046 24
23047 319
23048 944
23049 978
23050 510
23051 24
23052 857
23053 686
23054 839
23055 689
23056 843
23057 891
23058 496
23059 565
23060 379
23061 439
23062 334
23063 556
23064 185
23065 858
23066 660
23067 203
23068 92
23069 281
23070 920
23071 49
23072 738
23073 97
23074 601
23075 497
23076 15
23077 338
23078 439
23079 814
23080 799
23081 866
23082 772
23083 624
23084 756
23085 625
23086 73
23087 335
23088 252
23089 283
23090 259
23091 414
23092 916
23093 2
23094 314
23095 539
23096 865
23097 215
23098 387
23099 616
23100 848
23101 465
23102 863
23103 3
23104 220
23105 469
23106 692
23107 727
23108 882
23109 535
23110 568
23111 166
23112 248
23113 738
23114 315
23115 894
23116 412
23117 876
23118 505
23119 82
23120 995
23121 17
23122 133
23123 395
23124 612
23125 63
23126 295
23127 696
23128 649
23129 461
23130 774
23131 790
23132 730
23133 719
23134 557
23135 412
23136 248
23137 541
23138 651
23139 38
23140 532
23141 319
23142 636
23143 502
23144 776
23145 971
23146 187
23147 800
23148 765
23149 870
23150 920
23151 712
23152 240
23153 618
23154 107
23155 671
23156 685
23157 543
23158 4
23159 138
23160 896
23161 892
23162 139
23163 763
23164 353
23165 106
23166 817
23167 108
23168 338
23169 115
23170 692
23171 562
23172 824
23173 384
23174 917
23175 25
23176 457
23177 278
23178 622
23179 505
23180 558
23181 439
23182 87
23183 566
23184 189
23185 890
23186 329
23187 956
23188 834
23189 797
23190 804
23191 962
23192 284
23193 707
23194 648
23195 456
23196 446
23197 660
23198 931
23199 600
23200 349
23201 358
23202 128
23203 26
23204 340
23205 421
23206 123
23207 101
23208 433
23209 88
23210 110
23211 392
23212 147
23213 588
23214 250
23215 294
23216 194
23217 14
23218 211
23219 73
23220 778
23221 166
23222 400
23223 733
23224 508
23225 857
23226 579
23227 656
23228 148
23229 986
23230 615
23231 824
23232 245
23233 291
23234 431
23235 942
23236 324
23237 809
23238 860
23239 542
23240 963
23241 639
23242 647
23243 33
23244 313
23245 14
23246 612
23247 508
23248 911
23249 271
23250 531
23251 236
23252 579
23253 938
23254 410
23255 109
23256 578
23257 608
23258 442
23259 841
23260 595
23261 210
23262 110
23263 376
23264 518
23265 827
23266 643
23267 482
23268 28
23269 182
23270 265
23271 862
23272 237
23273 437
23274 409
23275 665
23276 612
23277 429
23278 262
23279 445
23280 977
23281 946
23282 792
23283 95
23284 568
23285 33
23286 631
23287 319
23288 435
23289 675
23290 465
23291 945
23292 828
23293 164
23294 738
23295 99
23296 757
23297 729
23298 108
23299 305
23300 685
23301 147
23302 249
23303 560
23304 313
23305 437
23306 802
23307 808
23308 290
23309 431
23310 386
23311 245
23312 450
23313 411
23314 115
23315 311
23316 457
23317 19
23318 459
23319 640
23320 322
23321 111
23322 757
23323 168
23324 667
23325 271
23326 807
23327 290
23328 805
23329 833
23330 212
23331 16
23332 965
23333 535
23334 607
23335 127
23336 362
23337 228
23338 851
23339 888
23340 42
23341 696
23342 530
23343 712
23344 642
23345 277
23346 822
23347 913
23348 321
23349 84
23350 484
23351 244
23352 537
23353 602
23354 920
23355 183
23356 962
23357 960
23358 583
23359 608
23360 188
23361 278
23362 303
23363 918
23364 703
23365 561
23366 191
23367 176
23368 912
23369 481
23370 158
23371 549
23372 29
23373 329
23374 895
23375 646
23376 718
23377 526
23378 315
23379 579
23380 184
23381 355
23382 697
23383 999
23384 646
23385 725
23386 373
23387 639
23388 414
23389 2
23390 836
23391 834
23392 59
23393 177
23394 738
23395 737
23396 459
23397 53
23398 32
23399 623
23400 276
23401 635
23402 182
23403 516
23404 363
23405 835
23406 170
23407 78
23408 458
23409 557
23410 437
23411 159
23412 110
23413 273
23414 976
23415 446
23416 912
23417 809
23418 850
23419 124
23420 911
23421 737
23422 900
23423 567
23424 279
23425 312
23426 401
23427 557
23428 85
23429 530
23430 88
23431 358
23432 808
23433 121
23434 346
23435 575
23436 490
23437 163
23438 353
23439 759
23440 828
23441 792
23442 653
23443 60
23444 779
23445 54
23446 386
23447 449
23448 446
23449 925
23450 520
23451 790
23452 842
23453 137
23454 807
23455 980
23456 942
23457 39
23458 817
23459 171
23460 502
23461 580
23462 244
23463 366
23464 488
23465 853
23466 384
23467 243
23468 8
23469 181
23470 54
23471 590
23472 209
23473 899
23474 657
23475 511
23476 431
23477 856
23478 776
23479 617
23480 689
23481 223
23482 441
23483 759
23484 657
23485 469
23486 99
23487 394
23488 81
23489 132
23490 660
23491 738
23492 392
23493 582
23494 416
23495 439
23496 332
23497 191
23498 222
23499 948
23500 569
23501 747
23502 95
23503 313
23504 658
23505 520
23506 211
23507 70
23508 921
23509 219
23510 562
23511 185
23512 272
23513 860
23514 388
23515 950
23516 377
23517 262
23518 205
23519 908
23520 505
23521 418
23522 10
23523 983
23524 572
23525 328
23526 209
23527 947
23528 374
23529 260
23530 904
23531 230
23532 595
23533 864
23534 569
23535 85
23536 853
23537 246
23538 44
23539 828
23540 312
23541 410
23542 556
23543 296
23544 288
23545 533
23546 265
23547 777
23548 845
23549 378
23550 457
23551 697
23552 484
23553 843
23554 103
23555 55
23556 746
23557 961
23558 679
23559 710
23560 3
23561 907
23562 984
23563 711
23564 974
23565 483
23566 527
23567 553
23568 902
23569 403
23570 501
23571 286
23572 763
23573 756
23574 624
23575 10
23576 134
23577 586
23578 107
23579 831
23580 659
23581 440
23582 366
23583 255
23584 676
23585 842
23586 779
23587 865
23588 304
23589 245
23590 355
23591 908
23592 804
23593 215
23594 825
23595 178
23596 311
23597 25
23598 440
23599 620
23600 30
23601 913
23602 496
23603 179
23604 678
23605 813
23606 215
23607 157
23608 697
23609 37
23610 805
23611 587
23612 545
23613 342
23614 702
23615 605
23616 581
23617 385
23618 990
23619 189
23620 707
23621 806
23622 252
23623 179
23624 976
23625 204
23626 658
23627 410
23628 192
23629 575
23630 183
23631 53
23632 893
23633 528
23634 874
23635 576
23636 547
23637 533
23638 362
23639 842
23640 940
23641 498
23642 594
23643 51
23644 268
23645 587
23646 808
23647 159
23648 872
23649 104
23650 709
23651 503
23652 873
23653 821
23654 712
23655 546
23656 233
23657 120
23658 69
23659 768
23660 463
23661 882
23662 324
23663 480
23664 867
23665 326
23666 896
23667 2
23668 78
23669 240
23670 521
23671 444
23672 27
23673 117
23674 222
23675 640
23676 820
23677 311
23678 748
23679 723
23680 276
23681 777
23682 942
23683 136
23684 377
23685 41
23686 8
23687 897
23688 414
23689 602
23690 276
23691 643
23692 756
23693 770
23694 652
23695 671
23696 246
23697 667
23698 288
23699 953
23700 957
23701 949
23702 165
23703 903
23704 294
23705 743
23706 542
23707 345
23708 411
23709 67
23710 152
23711 824
23712 852
23713 16
23714 681
23715 657
23716 351
23717 243
23718 549
23719 209
23720 356
23721 638
23722 825
23723 871
23724 243
23725 955
23726 479
23727 840
23728 40
23729 740
23730 88
23731 637
23732 774
23733 260
23734 230
23735 79
23736 257
23737 433
23738 613
23739 247
23740 289
23741 894
23742 775
23743 553
23744 114
23745 827
23746 261
23747 247
23748 315
23749 540
23750 290
23751 798
23752 90
23753 632
23754 310
23755 791
23756 913
23757 590
23758 661
23759 528
23760 819
23761 897
23762 638
23763 813
23764 101
23765 453
23766 836
23767 159
23768 759
23769 142
23770 478
23771 470
23772 109
23773 84
23774 348
23775 731
23776 469
23777 480
23778 475
23779 52
23780 694
23781 561
23782 265
23783 553
23784 755
23785 471
23786 291
23787 46
23788 411
23789 103
23790 109
23791 240
23792 69
23793 840
23794 621
23795 315
23796 616
23797 247
23798 360
23799 55
23800 167
23801 2
23802 112
23803 488
23804 506
23805 342
23806 718
23807 977
23808 799
23809 497
23810 666
23811 546
23812 123
23813 837
23814 599
23815 506
23816 616
23817 497
23818 137
23819 37
23820 530
23821 230
23822 298
23823 629
23824 428
23825 13
23826 127
23827 739
23828 948
23829 644
23830 131
23831 993
23832 423
23833 93
23834 864
23835 158
23836 606
23837 674
23838 235
23839 486
23840 377
23841 939
23842 141
23843 313
23844 695
23845 454
23846 312
23847 285
23848 440
23849 103
23850 474
23851 408
23852 586
23853 257
23854 881
23855 270
23856 535
23857 119
23858 899
23859 633
23860 413
23861 94
23862 874
23863 225
23864 256
23865 147
23866 925
23867 471
23868 428
23869 803
23870 864
23871 242
23872 143
23873 969
23874 799
23875 368
23876 641
23877 90
23878 801
23879 634
23880 590
23881 340
23882 536
23883 223
23884 56
23885 496
23886 816
23887 772
23888 907
23889 657
23890 241
23891 75
23892 384
23893 711
23894 835
23895 658
23896 683
23897 764
23898 19
23899 989
23900 980
23901 410
23902 265
23903 730
23904 17
23905 445
23906 579
23907 28
23908 917
23909 420
23910 60
23911 842
23912 402
23913 555
23914 237
23915 691
23916 519
23917 48
23918 526
23919 240
23920 759
23921 925
23922 794
23923 371
23924 187
23925 275
23926 596
23927 768
23928 159
23929 368
23930 912
23931 638
23932 685
23933 631
23934 981
23935 776
23936 652
23937 231
23938 271
23939 771
23940 608
23941 623
23942 633
23943 395
23944 385
23945 375
23946 396
23947 980
23948 910
23949 784
23950 76
23951 658
23952 603
23953 771
23954 399
23955 241
23956 596
23957 762
23958 820
23959 80
23960 628
23961 808
23962 296
23963 628
23964 100
23965 583
23966 470
23967 396
23968 257
23969 388
23970 583
23971 625
23972 483
23973 690
23974 158
23975 580
23976 699
23977 625
23978 754
23979 260
23980 615
23981 192
23982 828
23983 908
23984 66
23985 77
23986 385
23987 19
23988 629
23989 193
23990 105
23991 796
23992 474
23993 7
23994 74
23995 870
23996 804
23997 417
23998 434
23999 548
24000 336
24001 625
24002 780
24003 265
24004 504
24005 346
24006 152
24007 135
24008 512
24009 604
24010 438
24011 184
24012 818
24013 763
24014 324
24015 842
24016 524
24017 504
24018 781
24019 141
24020 147
24021 346
24022 263
24023 734
24024 168
24025 442
24026 183
24027 488
24028 194
24029 101
24030 291
24031 472
24032 610
24033 79
24034 530
24035 797
24036 477
24037 174
24038 555
24039 63
24040 801
24041 805
24042 0
24043 330
24044 532
24045 594
24046 948
24047 572
24048 567
24049 765
24050 423
24051 781
24052 610
24053 61
24054 696
24055 181
24056 832
24057 848
24058 228
24059 60
24060 394
24061 218
24062 464
24063 907
24064 941
24065 198
24066 714
24067 653
24068 16
24069 614
24070 528
24071 141
24072 274
24073 553
24074 959
24075 153
24076 779
24077 532
24078 166
24079 512
24080 148
24081 261
24082 598
24083 893
24084 627
24085 995
24086 375
24087 93
24088 437
24089 427
24090 584
24091 871
24092 347
24093 51
24094 564
24095 787
24096 543
24097 507
24098 648
24099 100
24100 231
24101 614
24102 116
24103 862
24104 231
24105 66
24106 178
24107 365
24108 655
24109 871
24110 683
24111 522
24112 601
24113 352
24114 466
24115 978
24116 427
24117 29
24118 186
24119 666
24120 42
24121 708
24122 69
24123 938
24124 405
24125 363
24126 141
24127 961
24128 264
24129 924
24130 406
24131 233
24132 420
24133 588
24134 892
24135 985
24136 242
24137 511
24138 925
24139 274
24140 838
24141 17
24142 429
24143 868
24144 645
24145 656
24146 175
24147 693
24148 211
24149 713
24150 957
24151 502
24152 580
24153 298
24154 112
24155 950
24156 778
24157 719
24158 448
24159 956
24160 938
24161 625
24162 914
24163 369
24164 203
24165 530
24166 212
24167 226
24168 444
24169 752
24170 350
24171 371
24172 537
24173 770
24174 349
24175 54
24176 228
24177 480
24178 163
24179 956
24180 401
24181 497
24182 161
24183 33
24184 443
24185 191
24186 626
24187 222
24188 999
24189 748
24190 333
24191 969
24192 578
24193 140
24194 472
24195 70
24196 741
24197 453
24198 315
24199 429
24200 992
24201 381
24202 866
24203 816
24204 370
24205 334
24206 720
24207 554
24208 541
24209 650
24210 609
24211 996
24212 326
24213 916
24214 200
24215 874
24216 30
24217 895
24218 46
24219 813
24220 834
24221 973
24222 876
24223 627
24224 430
24225 395
24226 905
24227 308
24228 870
24229 536
24230 534
24231 42
24232 111
24233 659
24234 10
24235 345
24236 78
24237 449
24238 920
24239 560
24240 30
24241 856
24242 152
24243 464
24244 586
24245 859
24246 34
24247 701
24248 407
24249 590
24250 865
24251 959
24252 726
24253 629
24254 383
24255 552
24256 903
24257 208
24258 197
24259 27
24260 925
24261 527
24262 322
24263 121
24264 343
24265 222
24266 185
24267 354
24268 326
24269 691
24270 744
24271 781
24272 402
24273 240
24274 760
24275 545
24276 98
24277 532
24278 772
24279 276
24280 858
24281 123
24282 761
24283 696
24284 908
24285 808
24286 191
24287 684
24288 182
24289 606
24290 338
24291 215
24292 891
24293 683
24294 734
24295 944
24296 831
24297 73
24298 880
24299 65
24300 612
24301 443
24302 332
24303 208
24304 277
24305 30
24306 828
24307 948
24308 141
24309 947
24310 297
24311 473
24312 13
24313 709
24314 207
24315 143
24316 292
24317 584
24318 574
24319 765
24320 315
24321 917
24322 256
24323 867
24324 162
24325 683
24326 284
24327 174
24328 101
24329 207
24330 855
24331 822
24332 706
24333 328
24334 670
24335 221
24336 344
24337 768
24338 759
24339 61
24340 409
24341 208
24342 690
24343 539
24344 659
24345 270
24346 247
24347 9
24348 811
24349 392
24350 413
24351 205
24352 683
24353 678
24354 256
24355 175
24356 802
24357 194
24358 321
24359 757
24360 201
24361 769
24362 861
24363 924
24364 289
24365 883
24366 167
24367 611
24368 974
24369 326
24370 531
24371 349
24372 419
24373 618
24374 956
24375 292
24376 889
24377 592
24378 466
24379 385
24380 578
24381 505
24382 87
24383 943
24384 971
24385 775
24386 71
24387 399
24388 193
24389 833
24390 703
24391 989
24392 989
24393 699
24394 156
24395 140
24396 63
24397 220
24398 727
24399 323
24400 566
24401 872
24402 647
24403 351
24404 516
24405 974
24406 783
24407 527
24408 328
24409 166
24410 477
24411 914
24412 585
24413 26
24414 304
24415 857
24416 474
24417 360
24418 598
24419 480
24420 857
24421 289
24422 986
24423 246
24424 433
24425 956
24426 603
24427 844
24428 849
24429 954
24430 387
24431 99
24432 926
24433 645
24434 818
24435 866
24436 37
24437 846
24438 720
24439 755
24440 831
24441 77
24442 591
24443 993
24444 767
24445 565
24446 863
24447 845
24448 65
24449 915
24450 2
24451 990
24452 712
24453 741
24454 81
24455 631
24456 68
24457 822
24458 716
24459 26
24460 517
24461 963
24462 483
24463 633
24464 95
24465 96
24466 56
24467 445
24468 275
24469 92
24470 593
24471 608
24472 865
24473 629
24474 4
24475 958
24476 221
24477 828
24478 24
24479 269
24480 440
24481 939
24482 787
24483 973
24484 438
24485 286
24486 28
24487 191
24488 756
24489 355
24490 164
24491 354
24492 868
24493 294
24494 74
24495 847
24496 90
24497 595
24498 571
24499 755
24500 956
24501 481
24502 806
24503 697
24504 783
24505 854
24506 703
24507 759
24508 209
24509 377
24510 918
24511 199
24512 226
24513 243
24514 488
24515 625
24516 215
24517 651
24518 295
24519 365
24520 607
24521 218
24522 170
24523 673
24524 658
24525 461
24526 627
24527 993
24528 542
24529 407
24530 695
24531 146
24532 586
24533 529
24534 764
24535 823
24536 163
24537 850
24538 925
24539 327
24540 512
24541 566
24542 309
24543 581
24544 178
24545 834
24546 726
24547 860
24548 339
24549 500
24550 601
24551 77
24552 606
24553 961
24554 451
24555 980
24556 134
24557 868
24558 910
24559 832
24560 949
24561 967
24562 103
24563 518
24564 974
24565 523
24566 346
24567 826
24568 843
24569 237
24570 22
24571 312
24572 676
24573 648
24574 261
24575 664
24576 141
24577 129
24578 344
24579 366
24580 366
24581 469
24582 801
24583 829
24584 381
24585 546
24586 678
24587 793
24588 569
24589 963
24590 358
24591 92
24592 131
24593 872
24594 880
24595 303
24596 648
24597 146
24598 361
24599 22
24600 919
24601 371
24602 490
24603 835
24604 365
24605 616
24606 610
24607 783
24608 726
24609 106
24610 15
24611 137
24612 662
24613 638
24614 501
24615 414
24616 635
24617 386
24618 766
24619 690
24620 774
24621 674
24622 959
24623 18
24624 762
24625 850
24626 119
24627 637
24628 541
24629 597
24630 409
24631 843
24632 801
24633 633
24634 853
24635 221
24636 211
24637 462
24638 90
24639 44
24640 756
24641 369
24642 322
24643 404
24644 571
24645 262
24646 531
24647 990
24648 174
24649 390
24650 426
24651 666
24652 744
24653 817
24654 999
24655 832
24656 142
24657 793
24658 160
24659 720
24660 621
24661 301
24662 782
24663 859
24664 63
24665 921
24666 751
24667 919
24668 444
24669 525
24670 811
24671 335
24672 199
24673 658
24674 449
24675 497
24676 185
24677 628
24678 947
24679 379
24680 894
24681 824
24682 299
24683 979
24684 955
24685 787
24686 263
24687 466
24688 127
24689 630
24690 299
24691 356
24692 178
24693 625
24694 434
24695 201
24696 192
24697 522
24698 509
24699 838
24700 298
24701 760
24702 538
24703 171
24704 720
24705 394
24706 416
24707 230
24708 373
24709 673
24710 379
24711 835
24712 613
24713 506
24714 997
24715 908
24716 113
24717 212
24718 631
24719 15
24720 409
24721 17
24722 569
24723 865
24724 945
24725 122
24726 380
24727 989
24728 709
24729 254
24730 174
24731 204
24732 594
24733 43
24734 861
24735 902
24736 620
24737 907
24738 716
24739 748
24740 549
24741 128
24742 855
24743 408
24744 254
24745 893
24746 361
24747 165
24748 813
24749 264
24750 384
24751 443
24752 480
24753 189
24754 262
24755 91
24756 859
24757 251
24758 536
24759 980
24760 450
24761 272
24762 842
24763 111
24764 596
24765 289
24766 777
24767 734
24768 332
24769 164
24770 332
24771 31
24772 496
24773 340
24774 983
24775 483
24776 293
24777 777
24778 228
24779 52
24780 602
24781 580
24782 742
24783 972
24784 584
24785 517
24786 613
24787 328
24788 430
24789 809
24790 171
24791 518
24792 481
24793 279
24794 623
24795 244
24796 525
24797 895
24798 504
24799 181
24800 642
24801 13
24802 610
24803 335
24804 568
24805 261
24806 802
24807 245
24808 951
24809 294
24810 273
24811 160
24812 766
24813 68
24814 625
24815 982
24816 338
24817 158
24818 262
24819 208
24820 67
24821 755
24822 667
24823 238
24824 357
24825 190
24826 534
24827 137
24828 58
24829 892
24830 297
24831 454
24832 814
24833 550
24834 412
24835 932
24836 790
24837 177
24838 36
24839 341
24840 363
24841 130
24842 360
24843 408
24844 883
24845 152
24846 213
24847 615
24848 855
24849 983
24850 809
24851 580
24852 695
24853 6
24854 529
24855 258
24856 454
24857 670
24858 253
24859 888
24860 651
24861 280
24862 52
24863 875
24864 48
24865 995
24866 974
24867 17
24868 73
24869 540
24870 630
24871 508
24872 679
24873 649
24874 149
24875 628
24876 414
24877 53
24878 347
24879 504
24880 198
24881 507
24882 132
24883 852
24884 114
24885 857
24886 406
24887 860
24888 655
24889 986
24890 174
24891 910
24892 825
24893 921
24894 581
24895 185
24896 962
24897 857
24898 496
24899 3
24900 512
24901 35
24902 771
24903 582
24904 655
24905 501
24906 46
24907 741
24908 269
24909 404
24910 243
24911 445
24912 897
24913 620
24914 755
24915 678
24916 718
24917 514
24918 823
24919 651
24920 688
24921 139
24922 953
24923 696
24924 604
24925 540
24926 288
24927 564
24928 914
24929 542
24930 247
24931 495
24932 360
24933 433
24934 416
24935 373
24936 231
24937 105
24938 649
24939 970
24940 361
24941 205
24942 823
24943 421
24944 404
24945 236
24946 400
24947 225
24948 910
24949 593
24950 427
24951 788
24952 776
24953 122
24954 722
24955 194
24956 63
24957 986
24958 990
24959 871
24960 244
24961 889
24962 615
24963 205
24964 888
24965 480
24966 971
24967 453
24968 727
24969 396
24970 695
24971 196
24972 996
24973 544
24974 854
24975 704
24976 796
24977 155
24978 722
24979 841
24980 989
24981 608
24982 996
24983 835
24984 256
24985 141
24986 419
24987 430
24988 252
24989 107
24990 233
24991 714
24992 220
24993 380
24994 446
24995 621
24996 855
24997 720
24998 284
24999 316
25000 813
25001 290
25002 310
25003 505
25004 311
25005 420
25006 615
25007 583
25008 981
25009 321
25010 844
25011 387
25012 512
25013 623
25014 430
25015 15
25016 284
25017 386
25018 257
25019 638
25020 804
25021 598
25022 591
25023 788
25024 872
25025 619
25026 622
25027 428
25028 116
25029 507
25030 842
25031 889
25032 72
25033 978
25034 668
25035 640
25036 276
25037 193
25038 216
25039 281
25040 780
25041 15
25042 973
25043 669
25044 213
25045 976
25046 451
25047 200
25048 109
25049 146
25050 124
25051 827
25052 59
25053 399
25054 318
25055 13
25056 31
25057 650
25058 48
25059 854
25060 161
25061 229
25062 418
25063 308
25064 488
25065 774
25066 81
25067 90
25068 732
25069 326
25070 450
25071 398
25072 583
25073 757
25074 708
25075 43
25076 239
25077 760
25078 560
25079 403
25080 543
25081 593
25082 693
25083 708
25084 680
25085 913
25086 129
25087 744
25088 454
25089 969
25090 134
25091 62
25092 249
25093 361
25094 824
25095 133
25096 588
25097 915
25098 617
25099 470
25100 803
25101 751
25102 344
25103 381
25104 797
25105 510
25106 364
25107 334
25108 925
25109 19
25110 738
25111 351
25112 65
25113 455
25114 382
25115 436
25116 447
25117 89
25118 62
25119 15
25120 222
25121 525
25122 368
25123 780
25124 75
25125 962
25126 814
25127 753
25128 372
25129 998
25130 707
25131 77
25132 582
25133 706
25134 839
25135 784
25136 868
25137 520
25138 273
25139 332
25140 669
25141 896
25142 368
25143 391
25144 744
25145 919
25146 830
25147 583
25148 633
25149 131
25150 623
25151 800
25152 31
25153 544
25154 729
25155 303
25156 163
25157 164
25158 708
25159 153
25160 662
25161 297
25162 567
25163 633
25164 753
25165 387
25166 778
25167 691
25168 126
25169 773
25170 100
25171 101
25172 950
25173 433
25174 106
25175 244
25176 860
25177 511
25178 440
25179 723
25180 259
25181 839
25182 236
25183 325
25184 694
25185 25
25186 117
25187 345
25188 726
25189 801
25190 397
25191 261
25192 646
25193 619
25194 270
25195 125
25196 818
25197 648
25198 533
25199 551
25200 861
25201 561
25202 496
25203 672
25204 200
25205 95
25206 251
25207 229
25208 73
25209 358
25210 831
25211 891
25212 951
25213 259
25214 177
25215 621
25216 461
25217 970
25218 504
25219 365
25220 441
25221 188
25222 106
25223 718
25224 348
25225 28
25226 956
25227 648
25228 438
25229 991
25230 644
25231 852
25232 796
25233 421
25234 7
25235 738
25236 874
25237 577
25238 641
25239 644
25240 578
25241 821
25242 515
25243 131
25244 1
25245 803
25246 585
25247 158
25248 858
25249 455
25250 365
25251 617
25252 694
25253 955
25254 731
25255 115
25256 361
25257 456
25258 580
25259 549
25260 981
25261 332
25262 610
25263 308
25264 187
25265 798
25266 739
25267 511
25268 923
25269 218
25270 289
25271 748
25272 537
25273 657
25274 409
25275 883
25276 766
25277 612
25278 134
25279 263
25280 625
25281 661
25282 429
25283 84
25284 297
25285 404
25286 956
25287 27
25288 659
25289 780
25290 141
25291 535
25292 245
25293 346
25294 108
25295 223
25296 950
25297 615
25298 653
25299 587
25300 370
25301 517
25302 927
25303 196
25304 40
25305 679
25306 488
25307 505
25308 637
25309 992
25310 687
25311 558
25312 711
25313 883
25314 199
25315 414
25316 211
25317 113
25318 350
25319 862
25320 785
25321 492
25322 487
25323 412
25324 762
25325 536
25326 930
25327 243
25328 497
25329 588
25330 100
25331 829
25332 471
25333 762
25334 675
25335 261
25336 462
25337 212
25338 85
25339 783
25340 263
25341 610
25342 152
25343 980
25344 576
25345 579
25346 259
25347 541
25348 109
25349 829
25350 165
25351 652
25352 812
25353 211
25354 106
25355 407
25356 380
25357 989
25358 431
25359 725
25360 165
25361 234
25362 631
25363 409
25364 687
25365 837
25366 256
25367 735
25368 774
25369 138
25370 452
25371 605
25372 285
25373 676
25374 486
25375 119
25376 81
25377 634
25378 159
25379 132
25380 922
25381 383
25382 377
25383 554
25384 99
25385 621
25386 113
25387 21
25388 816
25389 420
25390 727
25391 239
25392 547
25393 7
25394 946
25395 191
25396 667
25397 760
25398 101
25399 640
25400 104
25401 982
25402 213
25403 311
25404 879
25405 112
25406 472
25407 692
25408 398
25409 788
25410 456
25411 97
25412 870
25413 498
25414 452
25415 594
25416 213
25417 479
25418 184
25419 487
25420 307
25421 995
25422 616
25423 676
25424 342
25425 918
25426 455
25427 141
25428 898
25429 477
25430 320
25431 53
25432 356
25433 283
25434 698
25435 219
25436 473
25437 650
25438 887
25439 782
25440 377
25441 905
25442 328
25443 718
25444 553
25445 678
25446 49
25447 428
25448 159
25449 416
25450 848
25451 542
25452 998
25453 369
25454 366
25455 821
25456 303
25457 607
25458 38
25459 187
25460 687
25461 779
25462 391
25463 777
25464 734
25465 899
25466 476
25467 25
25468 770
25469 67
25470 675
25471 913
25472 98
25473 965
25474 691
25475 721
25476 58
25477 199
25478 697
25479 32
25480 358
25481 800
25482 666
25483 517
25484 710
25485 7
25486 132
25487 658
25488 780
25489 208
25490 469
25491 110
25492 47
25493 424
25494 680
25495 755
25496 791
25497 828
25498 118
25499 318
25500 565
25501 401
25502 595
25503 391
25504 745
25505 238
25506 903
25507 690
25508 835
25509 362
25510 801
25511 757
25512 185
25513 862
25514 995
25515 721
25516 599
25517 632
25518 736
25519 346
25520 88
25521 521
25522 730
25523 629
25524 28
25525 382
25526 227
25527 529
25528 43
25529 345
25530 378
25531 540
25532 830
25533 598
25534 710
25535 12
25536 154
25537 670
25538 627
25539 185
25540 159
25541 369
25542 722
25543 538
25544 795
25545 145
25546 190
25547 558
25548 71
25549 705
25550 628
25551 481
25552 646
25553 10
25554 611
25555 789
25556 694
25557 225
25558 172
25559 770
25560 658
25561 950
25562 100
25563 841
25564 975
25565 3
25566 184
25567 735
25568 743
25569 379
25570 264
25571 755
25572 839
25573 397
25574 874
25575 895
25576 404
25577 535
25578 9
25579 176
25580 771
25581 736
25582 385
25583 487
25584 204
25585 805
25586 373
25587 513
25588 259
25589 461
25590 497
25591 250
25592 864
25593 387
25594 302
25595 19
25596 875
25597 835
25598 259
25599 10
25600 848
25601 683
25602 227
25603 996
25604 829
25605 909
25606 830
25607 525
25608 793
25609 438
25610 822
25611 837
25612 596
25613 745
25614 365
25615 734
25616 807
25617 255
25618 859
25619 527
25620 574
25621 748
25622 165
25623 339
25624 678
25625 344
25626 596
25627 487
25628 809
25629 220
25630 616
25631 626
25632 361
25633 972
25634 281
25635 398
25636 301
25637 425
25638 283
25639 622
25640 770
25641 819
25642 36
25643 835
25644 857
25645 223
25646 263
25647 51
25648 435
25649 723
25650 497
25651 980
25652 820
25653 739
25654 410
25655 963
25656 48
25657 776
25658 187
25659 521
25660 287
25661 149
25662 260
25663 398
25664 999
25665 789
25666 493
25667 91
25668 46
25669 559
25670 315
25671 660
25672 157
25673 876
25674 700
25675 644
25676 898
25677 585
25678 303
25679 319
25680 103
25681 386
25682 566
25683 554
25684 60
25685 266
25686 267
25687 121
25688 818
25689 317
25690 891
25691 640
25692 736
25693 580
25694 735
25695 765
25696 211
25697 228
25698 299
25699 738
25700 359
25701 346
25702 561
25703 693
25704 328
25705 448
25706 818
25707 62
25708 68
25709 805
25710 602
25711 428
25712 246
25713 4
25714 134
25715 718
25716 898
25717 870
25718 798
25719 15
25720 943
25721 391
25722 559
25723 470
25724 545
25725 490
25726 913
25727 225
25728 20
25729 193
25730 228
25731 614
25732 519
25733 854
25734 828
25735 903
25736 452
25737 770
25738 390
25739 171
25740 626
25741 856
25742 364
25743 748
25744 861
25745 962
25746 372
25747 90
25748 957
25749 390
25750 738
25751 840
25752 620
25753 954
25754 181
25755 643
25756 90
25757 470
25758 828
25759 288
25760 248
25761 620
25762 87
25763 720
25764 557
25765 519
25766 708
25767 446
25768 240
25769 393
25770 836
25771 778
25772 180
25773 523
25774 564
25775 123
25776 238
25777 180
25778 939
25779 988
25780 659
25781 797
25782 433
25783 53
25784 528
25785 742
25786 988
25787 473
25788 532
25789 128
25790 858
25791 230
25792 487
25793 422
25794 883
25795 714
25796 68
25797 570
25798 90
25799 50
25800 859
25801 977
25802 384
25803 211
25804 612
25805 456
25806 796
25807 63
25808 910
25809 154
25810 634
25811 816
25812 331
25813 780
25814 748
25815 563
25816 710
25817 918
25818 601
25819 710
25820 232
25821 123
25822 341
25823 254
25824 883
25825 161
25826 676
25827 564
25828 301
25829 720
25830 714
25831 517
25832 815
25833 991
25834 731
25835 795
25836 893
25837 973
25838 772
25839 220
25840 274
25841 355
25842 622
25843 279
25844 451
25845 991
25846 752
25847 175
25848 81
25849 915
25850 823
25851 309
25852 580
25853 870
25854 261
25855 911
25856 46
25857 87
25858 778
25859 717
25860 271
25861 173
25862 952
25863 124
25864 202
25865 871
25866 930
25867 208
25868 611
25869 477
25870 994
25871 675
25872 135
25873 855
25874 972
25875 286
25876 670
25877 182
25878 839
25879 649
25880 880
25881 282
25882 108
25883 868
25884 239
25885 993
25886 544
25887 610
25888 812
25889 135
25890 415
25891 874
25892 636
25893 760
25894 896
25895 349
25896 894
25897 351
25898 243
25899 756
25900 268
25901 503
25902 565
25903 733
25904 108
25905 774
25906 99
25907 570
25908 549
25909 126
25910 955
25911 539
25912 713
25913 678
25914 966
25915 301
25916 771
25917 20
25918 368
25919 221
25920 35
25921 932
25922 371
25923 685
25924 416
25925 476
25926 77
25927 276
25928 388
25929 697
25930 39
25931 637
25932 66
25933 747
25934 980
25935 163
25936 109
25937 217
25938 857
25939 955
25940 702
25941 309
25942 224
25943 559
25944 670
25945 245
25946 58
25947 247
25948 367
25949 205
25950 455
25951 430
25952 249
25953 390
25954 734
25955 878
25956 651
25957 49
25958 190
25959 276
25960 64
25961 137
25962 801
25963 21
25964 261
25965 2
25966 865
25967 197
25968 907
25969 779
25970 411
25971 813
25972 43
25973 794
25974 866
25975 356
25976 612
25977 2
25978 550
25979 74
25980 251
25981 627
25982 101
25983 258
25984 709
25985 910
25986 728
25987 756
25988 713
25989 202
25990 730
25991 463
25992 474
25993 527
25994 685
25995 151
25996 386
25997 602
25998 635
25999 565
26000 992
26001 917
26002 795
26003 156
26004 297
26005 216
26006 792
26007 57
26008 592
26009 394
26010 59
26011 236
26012 709
26013 515
26014 833
26015 514
26016 535
26017 168
26018 863
26019 840
26020 415
26021 181
26022 562
26023 224
26024 259
26025 985
26026 479
26027 610
26028 590
26029 986
26030 868
26031 63
26032 24
26033 285
26034 150
26035 365
26036 674
26037 671
26038 140
26039 395
26040 179
26041 413
26042 669
26043 907
26044 331
26045 287
26046 756
26047 143
26048 919
26049 163
26050 463
26051 761
26052 703
26053 951
26054 101
26055 453
26056 575
26057 904
26058 233
26059 902
26060 169
26061 677
26062 71
26063 339
26064 432
26065 555
26066 327
26067 226
26068 461
26069 697
26070 701
26071 604
26072 811
26073 175
26074 873
26075 878
26076 198
26077 184
26078 311
26079 839
26080 510
26081 450
26082 513
26083 640
26084 959
26085 912
26086 919
26087 710
26088 463
26089 641
26090 63
26091 544
26092 457
26093 327
26094 879
26095 472
26096 160
26097 912
26098 33
26099 514
26100 524
26101 401
26102 296
26103 367
26104 391
26105 912
26106 763
26107 459
26108 34
26109 832
26110 428
26111 855
26112 706
26113 194
26114 696
26115 438
26116 256
26117 902
26118 224
26119 373
26120 140
26121 469
26122 83
26123 825
26124 297
26125 980
26126 8
26127 562
26128 73
26129 152
26130 529
26131 357
26132 974
26133 114
26134 766
26135 163
26136 725
26137 915
26138 737
26139 317
26140 848
26141 432
26142 749
26143 507
26144 399
26145 609
26146 766
26147 725
26148 991
26149 277
26150 907
26151 526
26152 525
26153 209
26154 692
26155 107
26156 662
26157 510
26158 128
26159 909
26160 651
26161 581
26162 621
26163 531
26164 862
26165 99
26166 642
26167 486
26168 956
26169 778
26170 585
26171 348
26172 298
26173 74
26174 505
26175 799
26176 77
26177 74
26178 829
26179 1
26180 167
26181 756
26182 579
26183 1
26184 587
26185 351
26186 101
26187 521
26188 954
26189 234
26190 460
26191 898
26192 67
26193 119
26194 182
26195 131
26196 900
26197 719
26198 355
26199 896
26200 940
26201 802
26202 383
26203 813
26204 951
26205 428
26206 932
26207 692
26208 942
26209 414
26210 85
26211 354
26212 98
26213 326
26214 717
26215 116
26216 955
26217 864
26218 707
26219 441
26220 652
26221 675
26222 219
26223 703
26224 699
26225 751
26226 458
26227 95
26228 642
26229 262
26230 764
26231 552
26232 660
26233 7
26234 620
26235 465
26236 766
26237 888
26238 86
26239 588
26240 753
26241 869
26242 650
26243 808
26244 687
26245 411
26246 520
26247 18
26248 835
26249 910
26250 192
26251 751
26252 579
26253 95
26254 856
26255 230
26256 944
26257 474
26258 742
26259 672
26260 857
26261 545
26262 353
26263 181
26264 918
26265 477
26266 92
26267 498
26268 67
26269 0
26270 961
26271 799
26272 5
26273 986
26274 472
26275 791
26276 507
26277 349
26278 252
26279 688
26280 351
26281 700
26282 704
26283 806
26284 593
26285 632
26286 601
26287 483
26288 939
26289 926
26290 70
26291 68
26292 459
26293 292
26294 165
26295 214
26296 700
26297 875
26298 677
26299 359
26300 675
26301 944
26302 679
26303 90
26304 668
26305 148
26306 703
26307 948
26308 767
26309 654
26310 818
26311 770
26312 373
26313 851
26314 811
26315 121
26316 424
26317 750
26318 625
26319 952
26320 993
26321 374
26322 925
26323 291
26324 318
26325 470
26326 267
26327 635
26328 551
26329 683
26330 618
26331 928
26332 100
26333 555
26334 177
26335 583
26336 487
26337 659
26338 341
26339 37
26340 447
26341 223
26342 75
26343 973
26344 699
26345 331
26346 830
26347 578
26348 677
26349 158
26350 631
26351 900
26352 509
26353 949
26354 736
26355 977
26356 831
26357 457
26358 84
26359 474
26360 565
26361 540
26362 814
26363 252
26364 359
26365 475
26366 674
26367 663
26368 685
26369 390
26370 688
26371 834
26372 489
26373 299
26374 445
26375 337
26376 24
26377 294
26378 848
26379 322
26380 215
26381 948
26382 833
26383 287
26384 110
26385 61
26386 550
26387 897
26388 358
26389 869
26390 205
26391 518
26392 735
26393 708
26394 852
26395 400
26396 152
26397 404
26398 245
26399 515
26400 597
26401 527
26402 815
26403 332
26404 767
26405 234
26406 607
26407 568
26408 382
26409 815
26410 757
26411 780
26412 285
26413 604
26414 108
26415 735
26416 160
26417 223
26418 583
26419 191
26420 296
26421 999
26422 636
26423 148
26424 500
26425 678
26426 482
26427 241
26428 79
26429 411
26430 853
26431 34
26432 449
26433 661
26434 381
26435 323
26436 409
26437 685
26438 395
26439 891
26440 50
26441 808
26442 427
26443 698
26444 276
26445 182
26446 16
26447 768
26448 105
26449 868
26450 73
26451 593
26452 90
26453 401
26454 972
26455 188
26456 568
26457 979
26458 68
26459 126
26460 108
26461 577
26462 835
26463 559
26464 751
26465 310
26466 881
26467 418
26468 773
26469 339
26470 266
26471 173
26472 245
26473 186
26474 324
26475 460
26476 634
26477 303
26478 6
26479 657
26480 86
26481 293
26482 82
26483 740
26484 830
26485 60
26486 763
26487 652
26488 580
26489 907
26490 225
26491 746
26492 696
26493 212
26494 212
26495 127
26496 450
26497 738
26498 388
26499 987
26500 641
26501 214
26502 597
26503 540
26504 397
26505 911
26506 991
26507 423
26508 824
26509 370
26510 953
26511 226
26512 170
26513 417
26514 424
26515 901
26516 726
26517 238
26518 180
26519 143
26520 858
26521 150
26522 988
26523 346
26524 165
26525 418
26526 717
26527 106
26528 879
26529 174
26530 862
26531 792
26532 653
26533 257
26534 480
26535 370
26536 551
26537 765
26538 964
26539 309
26540 393
26541 710
26542 977
26543 100
26544 997
26545 72
26546 656
26547 34
26548 583
26549 274
26550 41
26551 266
26552 457
26553 693
26554 788
26555 962
26556 833
26557 101
26558 427
26559 171
26560 688
26561 377
26562 806
26563 429
26564 498
26565 698
26566 16
26567 684
26568 353
26569 484
26570 5
26571 142
26572 466
26573 197
26574 117
26575 542
26576 338
26577 916
26578 313
26579 273
26580 152
26581 425
26582 168
26583 736
26584 275
26585 690
26586 129
26587 556
26588 403
26589 899
26590 580
26591 31
26592 977
26593 27
26594 853
26595 497
26596 655
26597 741
26598 381
26599 311
26600 261
26601 705
26602 800
26603 417
26604 472
26605 341
26606 457
26607 370
26608 537
26609 954
26610 18
26611 175
26612 584
26613 969
26614 129
26615 931
26616 230
26617 741
26618 135
26619 625
26620 860
26621 268
26622 65
26623 821
26624 444
26625 283
26626 201
26627 648
26628 698
26629 983
26630 757
26631 112
26632 351
26633 414
26634 830
26635 260
26636 539
26637 376
26638 910
26639 989
26640 976
26641 235
26642 235
26643 878
26644 488
26645 772
26646 801
26647 900
26648 364
26649 320
26650 256
26651 871
26652 118
26653 473
26654 663
26655 458
26656 462
26657 976
26658 655
26659 611
26660 533
26661 179
26662 578
26663 340
26664 781
26665 198
26666 221
26667 498
26668 582
26669 626
26670 231
26671 114
26672 276
26673 439
26674 12
26675 328
26676 451
26677 903
26678 565
26679 597
26680 455
26681 711
26682 822
26683 483
26684 18
26685 117
26686 344
26687 890
26688 47
26689 678
26690 311
26691 425
26692 801
26693 479
26694 29
26695 667
26696 682
26697 638
26698 926
26699 748
26700 771
26701 523
26702 581
26703 301
26704 354
26705 586
26706 117
26707 826
26708 830
26709 449
26710 382
26711 435
26712 203
26713 36
26714 195
26715 354
26716 590
26717 490
26718 504
26719 970
26720 274
26721 597
26722 430
26723 547
26724 783
26725 873
26726 833
26727 43
26728 404
26729 84
26730 591
26731 744
26732 696
26733 609
26734 21
26735 732
26736 300
26737 18
26738 587
26739 440
26740 386
26741 67
26742 470
26743 277
26744 892
26745 615
26746 721
26747 932
26748 710
26749 166
26750 107
26751 547
26752 305
26753 122
26754 734
26755 994
26756 659
26757 724
26758 393
26759 86
26760 862
26761 814
26762 839
26763 908
26764 635
26765 636
26766 872
26767 66
26768 66
26769 218
26770 720
26771 175
26772 586
26773 841
26774 781
26775 669
26776 849
26777 966
26778 669
26779 243
26780 24
26781 537
26782 217
26783 362
26784 503
26785 442
26786 614
26787 421
26788 459
26789 64
26790 462
26791 896
26792 438
26793 509
26794 100
26795 103
26796 704
26797 947
26798 903
26799 894
26800 867
26801 152
26802 859
26803 120
26804 199
26805 832
26806 950
26807 399
26808 445
26809 439
26810 693
26811 862
26812 280
26813 140
26814 674
26815 948
26816 70
26817 419
26818 759
26819 9
26820 288
26821 357
26822 225
26823 714
26824 55
26825 469
26826 844
26827 774
26828 109
26829 183
26830 268
26831 885
26832 119
26833 288
26834 527
26835 768
26836 614
26837 895
26838 346
26839 235
26840 411
26841 677
26842 192
26843 556
26844 309
26845 800
26846 163
26847 303
26848 874
26849 104
26850 383
26851 641
26852 301
26853 311
26854 271
26855 409
26856 930
26857 773
26858 669
26859 325
26860 97
26861 380
26862 310
26863 511
26864 43
26865 46
26866 446
26867 506
26868 390
26869 868
26870 280
26871 108
26872 558
26873 757
26874 681
26875 182
26876 338
26877 916
26878 482
26879 174
26880 227
26881 589
26882 337
26883 103
26884 110
26885 852
26886 636
26887 810
26888 804
26889 926
26890 9
26891 694
26892 33
26893 535
26894 140
26895 984
26896 179
26897 201
26898 728
26899 495
26900 308
26901 89
26902 719
26903 619
26904 272
26905 620
26906 742
26907 486
26908 164
26909 142
26910 65
26911 931
26912 389
26913 654
26914 480
26915 752
26916 14
26917 952
26918 941
26919 639
26920 213
26921 485
26922 510
26923 265
26924 198
26925 570
26926 134
26927 885
26928 300
26929 977
26930 172
26931 267
26932 604
26933 281
26934 151
26935 554
26936 954
26937 154
26938 950
26939 455
26940 80
26941 672
26942 104
26943 814
26944 55
26945 608
26946 503
26947 831
26948 657
26949 829
26950 695
26951 376
26952 897
26953 927
26954 179
26955 723
26956 816
26957 168
26958 884
26959 972
26960 42
26961 712
26962 634
26963 955
26964 979
26965 925
26966 426
26967 369
26968 430
26969 237
26970 425
26971 463
26972 14
26973 85
26974 385
26975 34
26976 348
26977 115
26978 135
26979 645
26980 350
26981 895
26982 727
26983 101
26984 639
26985 234
26986 739
26987 949
26988 234
26989 792
26990 610
26991 304
26992 529
26993 949
26994 671
26995 713
26996 164
26997 561
26998 485
26999 761
27000 977
27001 330
27002 48
27003 384
27004 567
27005 202
27006 343
27007 245
27008 450
27009 433
27010 19
27011 490
27012 850
27013 406
27014 988
27015 312
27016 450
27017 450
27018 237
27019 812
27020 593
27021 480
27022 453
27023 671
27024 546
27025 685
27026 187
27027 90
27028 41
27029 238
27030 133
27031 428
27032 206
27033 10
27034 56
27035 834
27036 772
27037 460
27038 734
27039 54
27040 266
27041 287
27042 595
27043 672
27044 818
27045 321
27046 956
27047 195
27048 545
27049 710
27050 69
27051 227
27052 584
27053 789
27054 18
27055 938
27056 932
27057 735
27058 100
27059 24
27060 252
27061 601
27062 289
27063 717
27064 319
27065 359
27066 719
27067 571
27068 777
27069 125
27070 139
27071 237
27072 395
27073 599
27074 350
27075 308
27076 365
27077 513
27078 645
27079 330
27080 189
27081 585
27082 735
27083 601
27084 616
27085 777
27086 623
27087 218
27088 268
27089 595
27090 76
27091 229
27092 858
27093 122
27094 601
27095 722
27096 610
27097 54
27098 747
27099 23
27100 336
27101 980
27102 109
27103 197
27104 399
27105 278
27106 126
27107 738
27108 401
27109 500
27110 733
27111 276
27112 941
27113 293
27114 522
27115 969
27116 228
27117 290
27118 439
27119 836
27120 919
27121 256
27122 581
27123 947
27124 43
27125 181
27126 765
27127 230
27128 268
27129 261
27130 328
27131 893
27132 513
27133 927
27134 268
27135 32
27136 311
27137 988
27138 533
27139 216
27140 963
27141 188
27142 41
27143 559
27144 2
27145 328
27146 995
27147 246
27148 238
27149 319
27150 65
27151 984
27152 638
27153 579
27154 748
27155 363
27156 354
27157 93
27158 74
27159 422
27160 825
27161 137
27162 662
27163 267
27164 579
27165 10
27166 844
27167 803
27168 424
27169 754
27170 865
27171 282
27172 316
27173 789
27174 449
27175 386
27176 313
27177 929
27178 311
27179 78
27180 800
27181 598
27182 507
27183 782
27184 139
27185 899
27186 158
27187 950
27188 329
27189 452
27190 939
27191 700
27192 575
27193 640
27194 556
27195 228
27196 999
27197 447
27198 381
27199 498
27200 398
27201 367
27202 87
27203 44
27204 682
27205 472
27206 461
27207 807
27208 269
27209 810
27210 677
27211 243
27212 597
27213 461
27214 307
27215 433
27216 941
27217 302
27218 583
27219 701
27220 636
27221 782
27222 112
27223 177
27224 629
27225 353
27226 14
27227 993
27228 571
27229 661
27230 711
27231 415
27232 753
27233 523
27234 831
27235 415
27236 494
27237 477
27238 299
27239 441
27240 761
27241 858
27242 614
27243 479
27244 772
27245 661
27246 445
27247 476
27248 632
27249 620
27250 502
27251 342
27252 667
27253 411
27254 490
27255 543
27256 865
27257 672
27258 242
27259 348
27260 661
27261 121
27262 261
27263 808
27264 315
27265 764
27266 989
27267 23
27268 706
27269 230
27270 379
27271 251
27272 21
27273 773
27274 848
27275 941
27276 271
27277 280
27278 867
27279 908
27280 353
27281 400
27282 206
27283 411
27284 988
27285 903
27286 425
27287 959
27288 880
27289 193
27290 68
27291 367
27292 163
27293 720
27294 908
27295 655
27296 45
27297 916
27298 732
27299 214
27300 70
27301 393
27302 997
27303 958
27304 127
27305 53
27306 729
27307 206
27308 64
27309 422
27310 524
27311 731
27312 758
27313 797
27314 865
27315 82
27316 889
27317 702
27318 177
27319 484
27320 130
27321 898
27322 549
27323 672
27324 761
27325 557
27326 731
27327 276
27328 27
27329 526
27330 597
27331 951
27332 214
27333 526
27334 123
27335 74
27336 751
27337 319
27338 75
27339 732
27340 471
27341 958
27342 358
27343 8
27344 898
27345 633
27346 524
27347 579
27348 160
27349 996
27350 27
27351 679
27352 457
27353 432
27354 398
27355 785
27356 732
27357 842
27358 266
27359 783
27360 170
27361 45
27362 86
27363 61
27364 988
27365 787
27366 733
27367 432
27368 603
27369 606
27370 799
27371 748
27372 759
27373 593
27374 953
27375 832
27376 474
27377 176
27378 402
27379 365
27380 524
27381 415
27382 687
27383 714
27384 898
27385 638
27386 596
27387 953
27388 713
27389 996
27390 395
27391 924
27392 278
27393 575
27394 932
27395 59
27396 145
27397 580
27398 797
27399 200
27400 569
27401 41
27402 843
27403 53
27404 465
27405 319
27406 442
27407 334
27408 95
27409 622
27410 845
27411 145
27412 311
27413 623
27414 265
27415 669
27416 123
27417 406
27418 864
27419 349
27420 712
27421 844
27422 736
27423 49
27424 708
27425 220
27426 0
27427 211
27428 416
27429 203
27430 323
27431 609
27432 281
27433 255
27434 182
27435 414
27436 430
27437 903
27438 380
27439 927
27440 852
27441 502
27442 997
27443 883
27444 427
27445 969
27446 529
27447 979
27448 580
27449 901
27450 328
27451 471
27452 967
27453 71
27454 343
27455 768
27456 160
27457 121
27458 251
27459 918
27460 237
27461 882
27462 287
27463 600
27464 469
27465 288
27466 550
27467 171
27468 467
27469 419
27470 57
27471 382
27472 553
27473 160
27474 707
27475 580
27476 854
27477 253
27478 615
27479 121
27480 58
27481 841
27482 532
27483 635
27484 821
27485 178
27486 108
27487 471
27488 799
27489 661
27490 36
27491 679
27492 260
27493 515
27494 123
27495 953
27496 837
27497 702
27498 206
27499 650
27500 440
27501 558
27502 897
27503 606
27504 77
27505 157
27506 281
27507 33
27508 890
27509 340
27510 466
27511 766
27512 903
27513 566
27514 407
27515 124
27516 753
27517 589
27518 850
27519 808
27520 836
27521 579
27522 450
27523 87
27524 882
27525 294
27526 26
27527 663
27528 340
27529 213
27530 755
27531 145
27532 246
27533 184
27534 768
27535 781
27536 62
27537 822
27538 36
27539 127
27540 542
27541 833
27542 908
27543 75
27544 941
27545 150
27546 192
27547 927
27548 72
27549 367
27550 42
27551 851
27552 616
27553 213
27554 606
27555 628
27556 563
27557 876
27558 420
27559 100
27560 462
27561 83
27562 634
27563 231
27564 158
27565 366
27566 466
27567 893
27568 720
27569 11
27570 932
27571 841
27572 478
27573 797
27574 565
27575 804
27576 680
27577 277
27578 823
27579 107
27580 39
27581 798
27582 390
27583 524
27584 146
27585 146
27586 678
27587 860
27588 357
27589 351
27590 818
27591 369
27592 776
27593 924
27594 403
27595 278
27596 469
27597 990
27598 24
27599 326
27600 565
27601 558
27602 770
27603 169
27604 136
27605 141
27606 77
27607 149
27608 857
27609 269
27610 683
27611 366
27612 32
27613 357
27614 631
27615 991
27616 680
27617 758
27618 44
27619 651
27620 836
27621 786
27622 49
27623 836
27624 673
27625 843
27626 833
27627 412
27628 684
27629 159
27630 980
27631 488
27632 384
27633 199
27634 199
27635 575
27636 624
27637 960
27638 981
27639 91
27640 411
27641 201
27642 480
27643 230
27644 259
27645 331
27646 369
27647 70
27648 977
27649 524
27650 405
27651 655
27652 141
27653 682
27654 357
27655 20
27656 414
27657 150
27658 357
27659 94
27660 311
27661 350
27662 854
27663 906
27664 48
27665 259
27666 635
27667 316
27668 572
27669 131
27670 974
27671 385
27672 991
27673 666
27674 104
27675 608
27676 384
27677 259
27678 421
27679 318
27680 515
27681 572
27682 251
27683 763
27684 685
27685 315
27686 594
27687 465
27688 419
27689 543
27690 265
27691 906
27692 570
27693 222
27694 791
27695 288
27696 439
27697 866
27698 363
27699 663
27700 192
27701 506
27702 889
27703 429
27704 852
27705 23
27706 248
27707 165
27708 184
27709 677
27710 241
27711 67
27712 44
27713 285
27714 59
27715 143
27716 67
27717 703
27718 17
27719 925
27720 648
27721 977
27722 817
27723 735
27724 266
27725 773
27726 236
27727 178
27728 701
27729 746
27730 110
27731 662
27732 619
27733 560
27734 604
27735 136
27736 423
27737 989
27738 325
27739 634
27740 608
27741 799
27742 180
27743 685
27744 614
27745 541
27746 851
27747 984
27748 94
27749 424
27750 304
27751 748
27752 583
27753 514
27754 577
27755 583
27756 318
27757 586
27758 794
27759 187
27760 796
27761 645
27762 507
27763 89
27764 575
27765 613
27766 572
27767 7
27768 170
27769 163
27770 205
27771 479
27772 479
27773 300
27774 445
27775 473
27776 442
27777 142
27778 307
27779 975
27780 572
27781 273
27782 343
27783 242
27784 921
27785 270
27786 795
27787 473
27788 569
27789 139
27790 738
27791 564
27792 969
27793 633
27794 880
27795 633
27796 5
27797 853
27798 208
27799 801
27800 163
27801 534
27802 590
27803 122
27804 438
27805 156
27806 528
27807 325
27808 94
27809 687
27810 54
27811 413
27812 448
27813 40
27814 108
27815 599
27816 174
27817 793
27818 992
27819 870
27820 412
27821 129
27822 317
27823 895
27824 652
27825 169
27826 104
27827 886
27828 743
27829 848
27830 71
27831 147
27832 922
27833 872
27834 323
27835 707
27836 896
27837 795
27838 737
27839 4
27840 184
27841 886
27842 898
27843 17
27844 49
27845 889
27846 536
27847 271
27848 765
27849 611
27850 542
27851 807
27852 226
27853 401
27854 990
27855 347
27856 556
27857 472
27858 433
27859 156
27860 639
27861 197
27862 2
27863 572
27864 948
27865 773
27866 633
27867 956
27868 717
27869 742
27870 991
27871 80
27872 604
27873 576
27874 240
27875 624
27876 77
27877 928
27878 916
27879 474
27880 117
27881 692
27882 627
27883 519
27884 229
27885 146
27886 853
27887 161
27888 49
27889 366
27890 281
27891 848
27892 858
27893 221
27894 489
27895 495
27896 277
27897 999
27898 165
27899 112
27900 425
27901 886
27902 670
27903 528
27904 580
27905 704
27906 261
27907 228
27908 140
27909 473
27910 602
27911 689
27912 833
27913 247
27914 734
27915 299
27916 777
27917 95
27918 13
27919 503
27920 536
27921 392
27922 799
27923 450
27924 353
27925 906
27926 768
27927 650
27928 429
27929 418
27930 760
27931 329
27932 616
27933 91
27934 590
27935 187
27936 275
27937 669
27938 830
27939 522
27940 506
27941 701
27942 624
27943 990
27944 494
27945 542
27946 490
27947 705
27948 456
27949 322
27950 387
27951 307
27952 225
27953 31
27954 867
27955 806
27956 788
27957 141
27958 286
27959 958
27960 76
27961 627
27962 889
27963 641
27964 678
27965 159
27966 689
27967 409
27968 154
27969 301
27970 681
27971 996
27972 367
27973 3
27974 714
27975 203
27976 458
27977 332
27978 231
27979 41
27980 222
27981 361
27982 701
27983 604
27984 916
27985 693
27986 269
27987 244
27988 714
27989 35
27990 929
27991 347
27992 56
27993 225
27994 230
27995 305
27996 426
27997 450
27998 94
27999 422
28000 597
28001 223
28002 662
28003 541
28004 95
28005 726
28006 785
28007 254
28008 787
28009 794
28010 750
28011 227
28012 120
28013 356
28014 276
28015 51
28016 636
28017 834
28018 872
28019 95
28020 532
28021 616
28022 731
28023 742
28024 121
28025 797
28026 76
28027 789
28028 992
28029 379
28030 500
28031 125
28032 712
28033 855
28034 836
28035 716
28036 654
28037 798
28038 27
28039 156
28040 183
28041 868
28042 989
28043 121
28044 448
28045 344
28046 376
28047 972
28048 586
28049 444
28050 247
28051 44
28052 250
28053 686
28054 319
28055 732
28056 710
28057 310
28058 565
28059 232
28060 309
28061 408
28062 361
28063 343
28064 714
28065 601
28066 4
28067 788
28068 788
28069 435
28070 256
28071 55
28072 571
28073 999
28074 26
28075 586
28076 288
28077 506
28078 676
28079 821
28080 789
28081 988
28082 876
28083 544
28084 959
28085 203
28086 690
28087 423
28088 40
28089 895
28090 248
28091 471
28092 640
28093 66
28094 394
28095 734
28096 699
28097 186
28098 554
28099 662
28100 910
28101 166
28102 217
28103 101
28104 195
28105 398
28106 870
28107 196
28108 482
28109 813
28110 304
28111 630
28112 6
28113 16
28114 901
28115 572
28116 176
28117 266
28118 145
28119 823
28120 135
28121 886
28122 455
28123 144
28124 361
28125 740
28126 263
28127 870
28128 533
28129 594
28130 954
28131 367
28132 915
28133 246
28134 571
28135 333
28136 184
28137 603
28138 209
28139 939
28140 114
28141 664
28142 410
28143 683
28144 953
28145 96
28146 841
28147 386
28148 816
28149 234
28150 980
28151 922
28152 757
28153 834
28154 792
28155 899
28156 915
28157 173
28158 880
28159 976
28160 602
28161 448
28162 960
28163 91
28164 0
28165 800
28166 126
28167 840
28168 24
28169 986
28170 751
28171 602
28172 81
28173 837
28174 207
28175 399
28176 527
28177 911
28178 228
28179 990
28180 54
28181 14
28182 685
28183 350
28184 12
28185 681
28186 725
28187 207
28188 779
28189 163
28190 156
28191 591
28192 208
28193 754
28194 586
28195 196
28196 489
28197 253
28198 613
28199 887
28200 103
28201 974
28202 278
28203 136
28204 775
28205 266
28206 54
28207 595
28208 422
28209 232
28210 759
28211 673
28212 70
28213 814
28214 974
28215 27
28216 643
28217 908
28218 527
28219 346
28220 586
28221 859
28222 444
28223 135
28224 919
28225 463
28226 733
28227 883
28228 641
28229 589
28230 465
28231 825
28232 702
28233 258
28234 640
28235 192
28236 100
28237 480
28238 714
28239 403
28240 636
28241 837
28242 128
28243 840
28244 658
28245 313
28246 381
28247 28
28248 473
28249 78
28250 704
28251 713
28252 829
28253 91
28254 826
28255 658
28256 912
28257 532
28258 584
28259 236
28260 817
28261 207
28262 411
28263 421
28264 345
28265 699
28266 736
28267 858
28268 725
28269 166
28270 904
28271 323
28272 556
28273 103
28274 579
28275 96
28276 325
28277 121
28278 766
28279 266
28280 902
28281 486
28282 28
28283 543
28284 709
28285 330
28286 563
28287 791
28288 402
28289 160
28290 542
28291 217
28292 741
28293 974
28294 623
28295 878
28296 734
28297 853
28298 992
28299 246
28300 669
28301 32
28302 107
28303 200
28304 439
28305 467
28306 546
28307 797
28308 80
28309 627
28310 364
28311 401
28312 793
28313 795
28314 100
28315 789
28316 321
28317 17
28318 369
28319 355
28320 10
28321 389
28322 753
28323 731
28324 897
28325 471
28326 141
28327 382
28328 91
28329 126
28330 897
28331 776
28332 125
28333 296
28334 463
28335 537
28336 506
28337 16
28338 888
28339 856
28340 283
28341 174
28342 197
28343 107
28344 754
28345 852
28346 265
28347 273
28348 789
28349 919
28350 384
28351 971
28352 151
28353 848
28354 72
28355 670
28356 490
28357 60
28358 881
28359 744
28360 545
28361 494
28362 102
28363 405
28364 94
28365 13
28366 290
28367 19
28368 509
28369 297
28370 373
28371 308
28372 839
28373 841
28374 764
28375 132
28376 230
28377 634
28378 569
28379 494
28380 648
28381 381
28382 218
28383 979
28384 582
28385 59
28386 55
28387 66
28388 960
28389 185
28390 622
28391 724
28392 106
28393 64
28394 581
28395 912
28396 605
28397 764
28398 325
28399 764
28400 981
28401 852
28402 979
28403 731
28404 730
28405 642
28406 136
28407 923
28408 789
28409 217
28410 705
28411 641
28412 741
28413 199
28414 791
28415 108
28416 64
28417 638
28418 295
28419 345
28420 519
28421 462
28422 36
28423 258
28424 715
28425 166
28426 148
28427 932
28428 664
28429 657
28430 93
28431 746
28432 777
28433 738
28434 311
28435 726
28436 718
28437 493
28438 114
28439 460
28440 916
28441 479
28442 973
28443 866
28444 830
28445 981
28446 866
28447 337
28448 91
28449 430
28450 1
28451 73
28452 808
28453 415
28454 398
28455 221
28456 269
28457 319
28458 545
28459 102
28460 886
28461 649
28462 295
28463 177
28464 695
28465 406
28466 684
28467 851
28468 658
28469 366
28470 954
28471 783
28472 402
28473 963
28474 290
28475 764
28476 483
28477 732
28478 90
28479 414
28480 89
28481 49
28482 140
28483 40
28484 283
28485 698
28486 953
28487 609
28488 600
28489 859
28490 311
28491 252
28492 861
28493 41
28494 23
28495 982
28496 173
28497 145
28498 797
28499 99
28500 210
28501 511
28502 821
28503 900
28504 92
28505 142
28506 291
28507 699
28508 141
28509 716
28510 322
28511 938
28512 729
28513 136
28514 380
28515 135
28516 136
28517 912
28518 181
28519 76
28520 829
28521 736
28522 449
28523 733
28524 291
28525 134
28526 126
28527 685
28528 379
28529 836
28530 856
28531 101
28532 158
28533 882
28534 661
28535 712
28536 612
28537 982
28538 365
28539 359
28540 204
28541 670
28542 206
28543 222
28544 267
28545 73
28546 744
28547 612
28548 467
28549 386
28550 113
28551 992
28552 268
28553 512
28554 250
28555 735
28556 409
28557 883
28558 127
28559 40
28560 634
28561 108
28562 845
28563 564
28564 137
28565 908
28566 717
28567 576
28568 657
28569 501
28570 962
28571 727
28572 685
28573 669
28574 798
28575 910
28576 276
28577 269
28578 613
28579 339
28580 680
28581 632
28582 236
28583 792
28584 839
28585 135
28586 107
28587 362
28588 426
28589 766
28590 472
28591 330
28592 253
28593 449
28594 19
28595 978
28596 522
28597 410
28598 31
28599 318
28600 575
28601 255
28602 91
28603 513
28604 637
28605 150
28606 894
28607 367
28608 987
28609 884
28610 794
28611 82
28612 990
28613 668
28614 628
28615 832
28616 477
28617 962
28618 877
28619 517
28620 564
28621 419
28622 668
28623 17
28624 559
28625 815
28626 505
28627 584
28628 28
28629 659
28630 664
28631 702
28632 557
28633 303
28634 873
28635 667
28636 303
28637 139
28638 880
28639 334
28640 409
28641 445
28642 362
28643 875
28644 558
28645 532
28646 414
28647 388
28648 120
28649 443
28650 474
28651 742
28652 489
28653 125
28654 216
28655 947
28656 764
28657 96
28658 103
28659 485
28660 699
28661 220
28662 140
28663 417
28664 199
28665 465
28666 878
28667 177
28668 341
28669 773
28670 835
28671 82
28672 620
28673 494
28674 58
28675 67
28676 419
28677 533
28678 203
28679 386
28680 571
28681 48
28682 765
28683 219
28684 574
28685 888
28686 331
28687 878
28688 631
28689 137
28690 764
28691 541
28692 856
28693 127
28694 832
28695 126
28696 504
28697 271
28698 330
28699 106
28700 222
28701 737
28702 959
28703 218
28704 487
28705 862
28706 987
28707 169
28708 676
28709 922
28710 606
28711 147
28712 280
28713 539
28714 253
28715 993
28716 756
28717 86
28718 82
28719 420
28720 544
28721 695
28722 553
28723 43
28724 777
28725 760
28726 118
28727 171
28728 982
28729 540
28730 211
28731 53
28732 652
28733 241
28734 244
28735 915
28736 515
28737 310
28738 722
28739 183
28740 623
28741 621
28742 459
28743 108
28744 987
28745 991
28746 427
28747 119
28748 323
28749 897
28750 197
28751 314
28752 880
28753 837
28754 954
28755 925
28756 340
28757 686
28758 527
28759 359
28760 992
28761 17
28762 31
28763 706
28764 889
28765 303
28766 37
28767 820
28768 493
28769 843
28770 24
28771 716
28772 337
28773 11
28774 665
28775 888
28776 370
28777 656
28778 767
28779 607
28780 904
28781 74
28782 469
28783 98
28784 91
28785 21
28786 347
28787 229
28788 264
28789 643
28790 39
28791 21
28792 34
28793 223
28794 31
28795 668
28796 549
28797 697
28798 494
28799 561
28800 420
28801 785
28802 181
28803 274
28804 165
28805 110
28806 56
28807 678
28808 911
28809 54
28810 510
28811 78
28812 14
28813 785
28814 568
28815 267
28816 178
28817 246
28818 242
28819 909
28820 329
28821 864
28822 276
28823 582
28824 374
28825 876
28826 343
28827 432
28828 254
28829 983
28830 755
28831 209
28832 627
28833 855
28834 866
28835 733
28836 3
28837 442
28838 472
28839 752
28840 871
28841 953
28842 88
28843 4
28844 58
28845 487
28846 511
28847 189
28848 974
28849 293
28850 751
28851 172
28852 764
28853 24
28854 835
28855 122
28856 127
28857 572
28858 761
28859 770
28860 242
28861 805
28862 703
28863 843
28864 810
28865 334
28866 276
28867 628
28868 211
28869 536
28870 563
28871 576
28872 722
28873 577
28874 977
28875 199
28876 852
28877 7
28878 291
28879 384
28880 956
28881 895
28882 682
28883 808
28884 180
28885 464
28886 887
28887 844
28888 118
28889 635
28890 161
28891 866
28892 893
28893 979
28894 947
28895 346
28896 368
28897 938
28898 816
28899 773
28900 242
28901 158
28902 284
28903 97
28904 476
28905 71
28906 344
28907 689
28908 762
28909 405
28910 613
28911 846
28912 722
28913 355
28914 559
28915 346
28916 596
28917 83
28918 601
28919 938
28920 932
28921 520
28922 324
28923 255
28924 498
28925 897
28926 399
28927 342
28928 293
28929 909
28930 460
28931 572
28932 510
28933 191
28934 788
28935 971
28936 870
28937 546
28938 1
28939 447
28940 616
28941 189
28942 36
28943 73
28944 556
28945 372
28946 23
28947 74
28948 671
28949 198
28950 104
28951 273
28952 843
28953 19
28954 979
28955 998
28956 70
28957 171
28958 902
28959 742
28960 599
28961 689
28962 708
28963 487
28964 527
28965 764
28966 644
28967 301
28968 338
28969 652
28970 448
28971 972
28972 173
28973 164
28974 76
28975 407
28976 55
28977 205
28978 164
28979 682
28980 170
28981 862
28982 76
28983 386
28984 122
28985 523
28986 532
28987 592
28988 992
28989 599
28990 103
28991 923
28992 298
28993 580
28994 901
28995 128
28996 465
28997 806
28998 234
28999 990
29000 169
29001 330
29002 911
29003 33
29004 785
29005 107
29006 964
29007 702
29008 354
29009 656
29010 486
29011 72
29012 274
29013 115
29014 711
29015 109
29016 80
29017 345
29018 402
29019 267
29020 458
29021 974
29022 122
29023 83
29024 265
29025 605
29026 440
29027 961
29028 385
29029 866
29030 68
29031 86
29032 916
29033 220
29034 251
29035 753
29036 704
29037 504
29038 225
29039 524
29040 583
29041 884
29042 152
29043 91
29044 512
29045 491
29046 866
29047 889
29048 780
29049 33
29050 435
29051 680
29052 989
29053 220
29054 310
29055 189
29056 462
29057 561
29058 682
29059 219
29060 660
29061 788
29062 445
29063 700
29064 84
29065 972
29066 293
29067 163
29068 375
29069 602
29070 99
29071 508
29072 292
29073 140
29074 178
29075 328
29076 396
29077 607
29078 24
29079 898
29080 777
29081 437
29082 241
29083 292
29084 477
29085 75
29086 22
29087 561
29088 672
29089 584
29090 436
29091 901
29092 792
29093 152
29094 735
29095 506
29096 214
29097 992
29098 228
29099 988
29100 618
29101 429
29102 831
29103 567
29104 87
29105 974
29106 875
29107 542
29108 584
29109 612
29110 49
29111 971
29112 457
29113 670
29114 627
29115 222
29116 366
29117 344
29118 137
29119 144
29120 641
29121 182
29122 530
29123 4
29124 652
29125 493
29126 400
29127 106
29128 184
29129 50
29130 472
29131 285
29132 685
29133 695
29134 142
29135 805
29136 752
29137 49
29138 395
29139 840
29140 927
29141 626
29142 158
29143 347
29144 67
29145 368
29146 103
29147 203
29148 776
29149 604
29150 99
29151 256
29152 246
29153 31
29154 617
29155 839
29156 655
29157 151
29158 747
29159 493
29160 851
29161 818
29162 138
29163 905
29164 197
29165 520
29166 193
29167 547
29168 281
29169 862
29170 296
29171 61
29172 312
29173 950
29174 481
29175 848
29176 454
29177 146
29178 100
29179 650
29180 440
29181 120
29182 314
29183 689
29184 473
29185 970
29186 913
29187 618
29188 871
29189 874
29190 38
29191 282
29192 752
29193 629
29194 284
29195 735
29196 131
29197 393
29198 689
29199 526
29200 20
29201 324
29202 767
29203 535
29204 63
29205 413
29206 35
29207 686
29208 371
29209 988
29210 54
29211 801
29212 413
29213 504
29214 38
29215 893
29216 280
29217 447
29218 148
29219 695
29220 513
29221 884
29222 112
29223 880
29224 541
29225 146
29226 432
29227 421
29228 437
29229 839
29230 451
29231 72
29232 603
29233 456
29234 347
29235 973
29236 656
29237 990
29238 572
29239 302
29240 251
29241 496
29242 6
29243 589
29244 412
29245 166
29246 19
29247 944
29248 875
29249 278
29250 491
29251 69
29252 840
29253 363
29254 717
29255 702
29256 766
29257 435
29258 89
29259 964
29260 145
29261 212
29262 116
29263 122
29264 869
29265 640
29266 534
29267 626
29268 379
29269 626
29270 196
29271 13
29272 248
29273 929
29274 284
29275 982
29276 992
29277 186
29278 106
29279 570
29280 269
29281 996
29282 147
29283 541
29284 492
29285 70
29286 347
29287 817
29288 718
29289 827
29290 212
29291 160
29292 246
29293 764
29294 177
29295 801
29296 725
29297 695
29298 517
29299 801
29300 235
29301 30
29302 380
29303 406
29304 343
29305 809
29306 197
29307 135
29308 558
29309 770
29310 442
29311 229
29312 214
29313 340
29314 793
29315 152
29316 685
29317 13
29318 962
29319 206
29320 736
29321 283
29322 368
29323 211
29324 874
29325 583
29326 434
29327 120
29328 83
29329 321
29330 792
29331 310
29332 310
29333 125
29334 262
29335 145
29336 61
29337 902
29338 667
29339 109
29340 265
29341 379
29342 310
29343 7
29344 539
29345 918
29346 699
29347 285
29348 883
29349 758
29350 420
29351 875
29352 129
29353 37
29354 440
29355 796
29356 588
29357 652
29358 906
29359 94
29360 222
29361 9
29362 320
29363 952
29364 728
29365 434
29366 181
29367 882
29368 433
29369 43
29370 344
29371 599
29372 136
29373 567
29374 846
29375 350
29376 567
29377 367
29378 1
29379 10
29380 316
29381 685
29382 682
29383 335
29384 389
29385 395
29386 675
29387 815
29388 509
29389 746
29390 631
29391 642
29392 797
29393 533
29394 316
29395 99
29396 682
29397 457
29398 718
29399 216
29400 590
29401 56
29402 646
29403 199
29404 853
29405 68
29406 704
29407 508
29408 236
29409 35
29410 523
29411 985
29412 117
29413 761
29414 319
29415 511
29416 604
29417 455
29418 439
29419 448
29420 501
29421 627
29422 136
29423 808
29424 149
29425 944
29426 733
29427 685
29428 206
29429 465
29430 778
29431 698
29432 698
29433 894
29434 885
29435 816
29436 443
29437 671
29438 361
29439 932
29440 279
29441 639
29442 806
29443 681
29444 676
29445 653
29446 77
29447 819
29448 927
29449 895
29450 239
29451 441
29452 348
29453 690
29454 268
29455 903
29456 288
29457 22
29458 9
29459 537
29460 114
29461 873
29462 371
29463 387
29464 877
29465 48
29466 696
29467 782
29468 881
29469 50
29470 19
29471 719
29472 363
29473 24
29474 182
29475 954
29476 924
29477 782
29478 618
29479 551
29480 865
29481 38
29482 232
29483 833
29484 232
29485 252
29486 549
29487 158
29488 539
29489 156
29490 301
29491 618
29492 672
29493 577
29494 900
29495 716
29496 145
29497 757
29498 890
29499 354
29500 28
29501 717
29502 333
29503 223
29504 131
29505 121
29506 144
29507 562
29508 474
29509 532
29510 736
29511 237
29512 522
29513 801
29514 466
29515 674
29516 635
29517 616
29518 178
29519 205
29520 619
29521 80
29522 941
29523 953
29524 665
29525 655
29526 722
29527 393
29528 914
29529 254
29530 613
29531 970
29532 956
29533 686
29534 482
29535 492
29536 978
29537 25
29538 657
29539 553
29540 364
29541 625
29542 361
29543 957
29544 732
29545 722
29546 68
29547 294
29548 820
29549 129
29550 486
29551 567
29552 437
29553 831
29554 857
29555 296
29556 65
29557 210
29558 621
29559 439
29560 433
29561 141
29562 671
29563 315
29564 7
29565 988
29566 449
29567 625
29568 390
29569 509
29570 94
29571 374
29572 705
29573 927
29574 847
29575 726
29576 317
29577 429
29578 674
29579 330
29580 431
29581 71
29582 722
29583 576
29584 976
29585 697
29586 640
29587 706
29588 257
29589 209
29590 391
29591 724
29592 821
29593 441
29594 310
29595 164
29596 555
29597 338
29598 942
29599 339
29600 525
29601 463
29602 562
29603 486
29604 657
29605 949
29606 751
29607 975
29608 176
29609 503
29610 799
29611 947
29612 37
29613 603
29614 800
29615 367
29616 218
29617 702
29618 490
29619 709
29620 594
29621 405
29622 698
29623 190
29624 979
29625 514
29626 941
29627 904
29628 784
29629 604
29630 869
29631 167
29632 192
29633 18
29634 366
29635 498
29636 798
29637 799
29638 732
29639 207
29640 205
29641 117
29642 424
29643 54
29644 323
29645 507
29646 713
29647 914
29648 811
29649 735
29650 165
29651 707
29652 647
29653 5
29654 229
29655 273
29656 11
29657 182
29658 349
29659 4
29660 896
29661 312
29662 201
29663 31
29664 727
29665 750
29666 78
29667 175
29668 6
29669 956
29670 497
29671 553
29672 228
29673 393
29674 72
29675 89
29676 910
29677 905
29678 8
29679 719
29680 732
29681 628
29682 525
29683 367
29684 361
29685 229
29686 433
29687 74
29688 876
29689 759
29690 288
29691 639
29692 613
29693 457
29694 962
29695 927
29696 189
29697 823
29698 719
29699 647
29700 762
29701 85
29702 640
29703 831
29704 65
29705 585
29706 180
29707 217
29708 896
29709 991
29710 887
29711 900
29712 253
29713 908
29714 128
29715 299
29716 814
29717 735
29718 689
29719 508
29720 705
29721 737
29722 357
29723 203
29724 523
29725 585
29726 995
29727 821
29728 283
29729 561
29730 278
29731 41
29732 891
29733 867
29734 778
29735 848
29736 605
29737 239
29738 706
29739 659
29740 69
29741 151
29742 458
29743 229
29744 231
29745 163
29746 457
29747 652
29748 645
29749 904
29750 519
29751 760
29752 445
29753 771
29754 20
29755 583
29756 169
29757 363
29758 365
29759 535
29760 917
29761 348
29762 957
29763 219
29764 752
29765 98
29766 445
29767 55
29768 429
29769 571
29770 781
29771 978
29772 65
29773 403
29774 309
29775 320
29776 64
29777 947
29778 65
29779 450
29780 67
29781 438
29782 823
29783 429
29784 326
29785 180
29786 345
29787 71
29788 199
29789 396
29790 954
29791 735
29792 96
29793 572
29794 401
29795 678
29796 992
29797 545
29798 338
29799 912
29800 366
29801 725
29802 464
29803 606
29804 481
29805 854
29806 55
29807 120
29808 429
29809 992
29810 216
29811 544
29812 867
29813 381
29814 966
29815 201
29816 561
29817 363
29818 99
29819 789
29820 96
29821 153
29822 304
29823 563
29824 751
29825 509
29826 274
29827 859
29828 777
29829 315
29830 262
29831 141
29832 876
29833 431
29834 917
29835 292
29836 507
29837 45
29838 461
29839 894
29840 980
29841 36
29842 521
29843 859
29844 249
29845 34
29846 200
29847 780
29848 949
29849 352
29850 102
29851 108
29852 402
29853 381
29854 758
29855 646
29856 252
29857 132
29858 522
29859 905
29860 508
29861 420
29862 712
29863 547
29864 173
29865 923
29866 482
29867 437
29868 280
29869 941
29870 510
29871 416
29872 655
29873 609
29874 575
29875 478
29876 876
29877 790
29878 577
29879 684
29880 33
29881 892
29882 15
29883 226
29884 534
29885 150
29886 95
29887 690
29888 294
29889 303
29890 52
29891 575
29892 436
29893 490
29894 854
29895 714
29896 703
29897 127
29898 61
29899 835
29900 747
29901 723
29902 514
29903 278
29904 804
29905 456
29906 735
29907 30
29908 849
29909 629
29910 162
29911 960
29912 625
29913 36
29914 200
29915 329
29916 725
29917 422
29918 276
29919 225
29920 629
29921 784
29922 990
29923 103
29924 290
29925 84
29926 902
29927 282
29928 298
29929 957
29930 366
29931 869
29932 421
29933 666
29934 660
29935 778
29936 448
29937 98
29938 290
29939 126
29940 329
29941 510
29942 232
29943 126
29944 967
29945 208
29946 717
29947 872
29948 819
29949 919
29950 806
29951 84
29952 509
29953 762
29954 753
29955 563
29956 577
29957 912
29958 532
29959 245
29960 50
29961 636
29962 61
29963 249
29964 221
29965 311
29966 819
29967 631
29968 857
29969 78
29970 12
29971 98
29972 785
29973 509
29974 887
29975 53
29976 107
29977 552
29978 865
29979 25
29980 523
29981 896
29982 637
29983 542
29984 248
29985 132
29986 914
29987 527
29988 991
29989 531
29990 677
29991 205
29992 432
29993 438
29994 70
29995 918
29996 980
29997 36
29998 660
29999 518
