60000 32
60001 738
60002 174
60003 877
60004 395
60005 602
60006 484
60007 488
60008 606
60009 170
60010 258
60011 679
60012 542
60013 144
60014 286
60015 164
60016 813
60017 145
60018 296
60019 421
60020 543
60021 590
60022 415
60023 475
60024 666
60025 246
60026 185
60027 620
60028 729
60029 99
60030 784
60031 226
60032 855
60033 689
60034 303
60035 637
60036 603
60037 366
60038 814
60039 445
60040 803
60041 213
60042 447
60043 46
60044 394
60045 322
60046 773
60047 621
60048 325
60049 36
60050 402
60051 712
60052 700
60053 561
60054 405
60055 121
60056 591
60057 721
60058 411
60059 818
60060 204
60061 83
60062 127
60063 842
60064 512
60065 334
60066 873
60067 883
60068 540
60069 196
60070 527
60071 552
60072 9
60073 116
60074 338
60075 231
60076 20
60077 270
60078 344
60079 373
60080 59
60081 134
60082 52
60083 330
60084 493
60085 741
60086 514
60087 780
60088 265
60089 945
60090 834
60091 175
60092 344
60093 369
60094 95
60095 634
60096 509
60097 147
60098 456
60099 302
60100 173
60101 806
60102 502
60103 550
60104 491
60105 732
60106 249
60107 59
60108 660
60109 12
60110 815
60111 769
60112 286
60113 427
60114 256
60115 665
60116 393
60117 121
60118 590
60119 552
60120 695
60121 542
60122 920
60123 573
60124 659
60125 4
60126 686
60127 545
60128 357
60129 244
60130 787
60131 643
60132 219
60133 632
60134 952
60135 296
60136 455
60137 86
60138 785
60139 585
60140 775
60141 401
60142 464
60143 5
60144 432
60145 797
60146 328
60147 0
60148 861
60149 442
60150 868
60151 660
60152 596
60153 525
60154 200
60155 880
60156 212
60157 610
60158 275
60159 692
60160 309
60161 22
60162 893
60163 496
60164 765
60165 337
60166 43
60167 823
60168 623
60169 841
60170 525
60171 154
60172 664
60173 793
60174 715
60175 217
60176 689
60177 789
60178 782
60179 122
60180 821
60181 519
60182 142
60183 741
60184 479
60185 156
60186 523
60187 567
60188 105
60189 597
60190 790
60191 326
60192 118
60193 567
60194 731
60195 924
60196 557
60197 269
60198 188
60199 581
60200 60
60201 712
60202 103
60203 519
60204 388
60205 474
60206 185
60207 910
60208 588
60209 830
60210 474
60211 750
60212 508
60213 49
60214 845
60215 304
60216 29
60217 940
60218 658
60219 360
60220 734
60221 740
60222 119
60223 342
60224 583
60225 888
60226 18
60227 361
60228 318
60229 509
60230 999
60231 174
60232 586
60233 356
60234 148
60235 297
60236 149
60237 322
60238 527
60239 380
60240 494
60241 449
60242 98
60243 286
60244 572
60245 584
60246 806
60247 83
60248 776
60249 256
60250 961
60251 974
60252 594
60253 928
60254 422
60255 71
60256 340
60257 381
60258 820
60259 751
60260 159
60261 473
60262 367
60263 361
60264 571
60265 228
60266 243
60267 103
60268 159
60269 49
60270 90
60271 645
60272 271
60273 757
60274 383
60275 192
60276 615
60277 342
60278 561
60279 590
60280 436
60281 151
60282 659
60283 102
60284 456
60285 750
60286 901
60287 705
60288 518
60289 55
60290 478
60291 799
60292 306
60293 841
60294 901
60295 566
60296 685
60297 56
60298 689
60299 784
60300 932
60301 295
60302 600
60303 728
60304 750
60305 887
60306 472
60307 137
60308 707
60309 91
60310 180
60311 833
60312 345
60313 164
60314 466
60315 150
60316 37
60317 666
60318 221
60319 204
60320 548
60321 741
60322 633
60323 671
60324 336
60325 23
60326 370
60327 198
60328 398
60329 806
60330 795
60331 8
60332 418
60333 564
60334 40
60335 976
60336 287
60337 537
60338 613
60339 896
60340 462
60341 337
60342 100
60343 907
60344 387
60345 28
60346 277
60347 319
60348 577
60349 558
60350 534
60351 286
60352 637
60353 372
60354 993
60355 967
60356 424
60357 31
60358 345
60359 635
60360 674
60361 688
60362 784
60363 865
60364 875
60365 313
60366 192
60367 464
60368 401
60369 66
60370 640
60371 504
60372 836
60373 895
60374 836
60375 399
60376 500
60377 805
60378 399
60379 434
60380 611
60381 332
60382 792
60383 924
60384 11
60385 82
60386 235
60387 423
60388 195
60389 999
60390 958
60391 57
60392 185
60393 876
60394 192
60395 807
60396 608
60397 83
60398 13
60399 972
60400 876
60401 844
60402 42
60403 74
60404 642
60405 373
60406 178
60407 881
60408 773
60409 477
60410 714
60411 673
60412 203
60413 487
60414 150
60415 896
60416 900
60417 716
60418 414
60419 906
60420 825
60421 458
60422 417
60423 609
60424 448
60425 234
60426 717
60427 833
60428 18
60429 731
60430 835
60431 409
60432 473
60433 973
60434 971
60435 407
60436 116
60437 816
60438 737
60439 697
60440 267
60441 954
60442 433
60443 961
60444 121
60445 292
60446 159
60447 116
60448 414
60449 435
60450 142
60451 280
60452 34
60453 731
60454 202
60455 339
60456 649
60457 325
60458 56
60459 612
60460 864
60461 76
60462 175
60463 915
60464 694
60465 72
60466 45
60467 525
60468 481
60469 560
60470 42
60471 341
60472 994
60473 795
60474 276
60475 130
60476 914
60477 411
60478 203
60479 444
60480 361
60481 831
60482 628
60483 500
60484 526
60485 405
60486 392
60487 996
60488 865
60489 573
60490 588
60491 296
60492 842
60493 643
60494 139
60495 978
60496 250
60497 755
60498 166
60499 755
60500 944
60501 155
60502 320
60503 881
60504 131
60505 822
60506 75
60507 973
60508 223
60509 994
60510 276
60511 790
60512 210
60513 552
60514 241
60515 318
60516 358
60517 639
60518 490
60519 490
60520 186
60521 845
60522 300
60523 769
60524 505
60525 86
60526 290
60527 29
60528 293
60529 228
60530 519
60531 766
60532 777
60533 233
60534 652
60535 555
60536 29
60537 30
60538 181
60539 352
60540 865
60541 552
60542 913
60543 325
60544 602
60545 627
60546 158
60547 750
60548 131
60549 150
60550 502
60551 360
60552 662
60553 587
60554 719
60555 964
60556 389
60557 295
60558 666
60559 848
60560 97
60561 139
60562 385
60563 762
60564 21
60565 946
60566 166
60567 485
60568 146
60569 841
60570 107
60571 432
60572 832
60573 22
60574 57
60575 32
60576 278
60577 360
60578 820
60579 506
60580 185
60581 142
60582 679
60583 184
60584 479
60585 314
60586 339
60587 39
60588 147
60589 674
60590 339
60591 333
60592 912
60593 658
60594 30
60595 458
60596 471
60597 832
60598 621
60599 426
60600 993
60601 128
60602 559
60603 771
60604 956
60605 464
60606 669
60607 423
60608 171
60609 174
60610 673
60611 252
60612 401
60613 828
60614 321
60615 198
60616 543
60617 530
60618 323
60619 717
60620 269
60621 27
60622 829
60623 34
60624 652
60625 282
60626 685
60627 721
60628 837
60629 990
60630 235
60631 579
60632 740
60633 270
60634 129
60635 926
60636 788
60637 111
60638 840
60639 623
60640 333
60641 73
60642 159
60643 399
60644 571
60645 786
60646 750
60647 128
60648 241
60649 187
60650 502
60651 596
60652 399
60653 785
60654 180
60655 679
60656 174
60657 671
60658 554
60659 537
60660 230
60661 345
60662 297
60663 337
60664 28
60665 390
60666 606
60667 823
60668 311
60669 628
60670 958
60671 365
60672 388
60673 691
60674 23
60675 569
60676 505
60677 144
60678 832
60679 882
60680 889
60681 405
60682 239
60683 97
60684 12
60685 291
60686 539
60687 109
60688 76
60689 340
60690 351
60691 696
60692 714
60693 371
60694 783
60695 838
60696 688
60697 735
60698 768
60699 519
60700 72
60701 826
60702 106
60703 601
60704 345
60705 797
60706 584
60707 275
60708 807
60709 0
60710 162
60711 0
60712 147
60713 174
60714 252
60715 20
60716 81
60717 313
60718 976
60719 178
60720 199
60721 521
60722 19
60723 163
60724 218
60725 335
60726 318
60727 23
60728 863
60729 360
60730 417
60731 802
60732 472
60733 357
60734 984
60735 612
60736 502
60737 238
60738 726
60739 717
60740 672
60741 370
60742 491
60743 748
60744 536
60745 102
60746 277
60747 17
60748 268
60749 29
60750 391
60751 212
60752 122
60753 334
60754 756
60755 752
60756 896
60757 81
60758 384
60759 802
60760 854
60761 904
60762 177
60763 250
60764 22
60765 551
60766 796
60767 574
60768 898
60769 301
60770 751
60771 255
60772 81
60773 26
60774 522
60775 332
60776 764
60777 47
60778 829
60779 254
60780 808
60781 927
60782 206
60783 913
60784 158
60785 444
60786 114
60787 552
60788 646
60789 954
60790 616
60791 641
60792 858
60793 321
60794 991
60795 541
60796 21
60797 713
60798 680
60799 856
60800 111
60801 449
60802 42
60803 227
60804 601
60805 115
60806 439
60807 423
60808 148
60809 155
60810 692
60811 38
60812 300
60813 752
60814 209
60815 636
60816 514
60817 823
60818 46
60819 730
60820 775
60821 625
60822 376
60823 958
60824 81
60825 512
60826 113
60827 698
60828 351
60829 1
60830 119
60831 77
60832 441
60833 722
60834 382
60835 270
60836 584
60837 235
60838 357
60839 22
60840 9
60841 407
60842 420
60843 204
60844 342
60845 840
60846 85
60847 122
60848 399
60849 150
60850 658
60851 300
60852 248
60853 501
60854 601
60855 128
60856 807
60857 16
60858 197
60859 0
60860 372
60861 949
60862 841
60863 139
60864 128
60865 631
60866 286
60867 162
60868 320
60869 558
60870 265
60871 772
60872 128
60873 126
60874 228
60875 329
60876 640
60877 721
60878 587
60879 771
60880 951
60881 228
60882 900
60883 222
60884 923
60885 413
60886 412
60887 886
60888 286
60889 276
60890 995
60891 358
60892 892
60893 433
60894 614
60895 118
60896 881
60897 789
60898 541
60899 336
60900 766
60901 199
60902 766
60903 674
60904 123
60905 275
60906 592
60907 502
60908 958
60909 922
60910 63
60911 340
60912 37
60913 769
60914 681
60915 715
60916 123
60917 572
60918 208
60919 215
60920 361
60921 746
60922 190
60923 39
60924 707
60925 488
60926 608
60927 29
60928 70
60929 7
60930 859
60931 757
60932 922
60933 754
60934 987
60935 400
60936 341
60937 420
60938 686
60939 426
60940 584
60941 413
60942 119
60943 429
60944 219
60945 263
60946 650
60947 112
60948 69
60949 642
60950 107
60951 920
60952 919
60953 219
60954 838
60955 4
60956 914
60957 149
60958 256
60959 910
60960 972
60961 833
60962 790
60963 581
60964 57
60965 481
60966 247
60967 136
60968 627
60969 306
60970 796
60971 8
60972 787
60973 490
60974 67
60975 216
60976 13
60977 856
60978 36
60979 998
60980 390
60981 299
60982 869
60983 746
60984 231
60985 632
60986 762
60987 659
60988 531
60989 957
60990 932
60991 785
60992 632
60993 811
60994 38
60995 169
60996 367
60997 761
60998 36
60999 849
61000 579
61001 160
61002 888
61003 311
61004 555
61005 330
61006 83
61007 453
61008 236
61009 382
61010 102
61011 538
61012 160
61013 90
61014 347
61015 368
61016 683
61017 707
61018 855
61019 512
61020 13
61021 739
61022 787
61023 153
61024 243
61025 641
61026 26
61027 267
61028 771
61029 358
61030 160
61031 455
61032 744
61033 516
61034 856
61035 872
61036 925
61037 849
61038 611
61039 940
61040 796
61041 34
61042 78
61043 396
61044 961
61045 102
61046 251
61047 846
61048 460
61049 904
61050 749
61051 793
61052 799
61053 44
61054 746
61055 532
61056 486
61057 11
61058 907
61059 424
61060 426
61061 221
61062 470
61063 984
61064 678
61065 884
61066 587
61067 814
61068 891
61069 630
61070 369
61071 19
61072 640
61073 302
61074 574
61075 405
61076 809
61077 200
61078 27
61079 847
61080 170
61081 406
61082 493
61083 784
61084 994
61085 944
61086 564
61087 839
61088 576
61089 941
61090 788
61091 598
61092 953
61093 333
61094 300
61095 992
61096 377
61097 302
61098 64
61099 512
61100 539
61101 72
61102 513
61103 507
61104 273
61105 813
61106 367
61107 54
61108 551
61109 642
61110 201
61111 920
61112 976
61113 392
61114 89
61115 470
61116 821
61117 462
61118 811
61119 323
61120 672
61121 777
61122 859
61123 56
61124 622
61125 916
61126 963
61127 153
61128 549
61129 46
61130 136
61131 379
61132 789
61133 412
61134 105
61135 86
61136 652
61137 975
61138 383
61139 399
61140 482
61141 998
61142 585
61143 471
61144 962
61145 116
61146 202
61147 502
61148 196
61149 60
61150 987
61151 426
61152 716
61153 690
61154 677
61155 246
61156 775
61157 905
61158 77
61159 388
61160 283
61161 117
61162 837
61163 660
61164 372
61165 691
61166 475
61167 18
61168 542
61169 377
61170 284
61171 676
61172 402
61173 701
61174 776
61175 576
61176 222
61177 65
61178 227
61179 480
61180 47
61181 578
61182 723
61183 566
61184 373
61185 366
61186 459
61187 231
61188 840
61189 264
61190 10
61191 195
61192 901
61193 193
61194 546
61195 484
61196 706
61197 370
61198 442
61199 337
61200 643
61201 148
61202 365
61203 869
61204 152
61205 316
61206 232
61207 491
61208 808
61209 359
61210 35
61211 770
61212 446
61213 788
61214 681
61215 336
61216 46
61217 975
61218 769
61219 27
61220 719
61221 342
61222 975
61223 182
61224 201
61225 673
61226 75
61227 665
61228 310
61229 831
61230 386
61231 574
61232 82
61233 239
61234 323
61235 454
61236 275
61237 799
61238 336
61239 306
61240 713
61241 478
61242 39
61243 969
61244 776
61245 977
61246 678
61247 796
61248 617
61249 584
61250 618
61251 285
61252 794
61253 627
61254 20
61255 831
61256 803
61257 378
61258 224
61259 53
61260 571
61261 917
61262 653
61263 859
61264 397
61265 139
61266 365
61267 115
61268 527
61269 319
61270 683
61271 919
61272 52
61273 18
61274 12
61275 451
61276 692
61277 99
61278 801
61279 725
61280 441
61281 688
61282 940
61283 19
61284 35
61285 185
61286 780
61287 592
61288 916
61289 49
61290 27
61291 999
61292 943
61293 381
61294 896
61295 595
61296 711
61297 730
61298 686
61299 387
61300 418
61301 397
61302 289
61303 736
61304 735
61305 272
61306 364
61307 777
61308 946
61309 228
61310 827
61311 941
61312 169
61313 484
61314 673
61315 153
61316 429
61317 811
61318 591
61319 307
61320 394
61321 203
61322 874
61323 712
61324 949
61325 85
61326 903
61327 267
61328 312
61329 87
61330 109
61331 442
61332 532
61333 638
61334 860
61335 250
61336 981
61337 500
61338 748
61339 724
61340 249
61341 430
61342 806
61343 99
61344 567
61345 876
61346 350
61347 593
61348 248
61349 579
61350 910
61351 761
61352 115
61353 724
61354 184
61355 628
61356 620
61357 355
61358 127
61359 291
61360 237
61361 310
61362 64
61363 378
61364 823
61365 329
61366 379
61367 588
61368 247
61369 214
61370 23
61371 163
61372 136
61373 857
61374 110
61375 975
61376 444
61377 662
61378 647
61379 140
61380 350
61381 123
61382 341
61383 720
61384 181
61385 703
61386 864
61387 815
61388 514
61389 628
61390 447
61391 669
61392 312
61393 787
61394 576
61395 302
61396 713
61397 647
61398 515
61399 541
61400 197
61401 908
61402 593
61403 488
61404 41
61405 981
61406 662
61407 79
61408 775
61409 276
61410 129
61411 410
61412 237
61413 331
61414 106
61415 421
61416 246
61417 939
61418 668
61419 251
61420 830
61421 915
61422 220
61423 260
61424 430
61425 706
61426 983
61427 965
61428 457
61429 473
61430 108
61431 119
61432 68
61433 698
61434 47
61435 412
61436 557
61437 864
61438 769
61439 754
61440 564
61441 849
61442 716
61443 472
61444 153
61445 894
61446 314
61447 108
61448 153
61449 697
61450 843
61451 878
61452 51
61453 851
61454 958
61455 710
61456 357
61457 838
61458 39
61459 166
61460 157
61461 846
61462 124
61463 820
61464 888
61465 563
61466 54
61467 657
61468 594
61469 592
61470 892
61471 621
61472 240
61473 550
61474 407
61475 732
61476 574
61477 633
61478 280
61479 775
61480 854
61481 82
61482 232
61483 952
61484 148
61485 274
61486 913
61487 411
61488 7
61489 827
61490 173
61491 558
61492 382
61493 270
61494 883
61495 78
61496 69
61497 638
61498 121
61499 46
61500 523
61501 917
61502 474
61503 325
61504 395
61505 252
61506 338
61507 796
61508 676
61509 63
61510 903
61511 604
61512 204
61513 575
61514 179
61515 900
61516 56
61517 386
61518 372
61519 1
61520 998
61521 222
61522 929
61523 699
61524 144
61525 844
61526 395
61527 597
61528 658
61529 342
61530 174
61531 685
61532 483
61533 969
61534 30
61535 589
61536 627
61537 3
61538 230
61539 445
61540 246
61541 88
61542 394
61543 99
61544 701
61545 193
61546 351
61547 148
61548 880
61549 449
61550 627
61551 630
61552 753
61553 573
61554 529
61555 427
61556 183
61557 28
61558 877
61559 918
61560 813
61561 207
61562 241
61563 202
61564 463
61565 645
61566 6
61567 902
61568 621
61569 945
61570 72
61571 558
61572 919
61573 218
61574 909
61575 141
61576 816
61577 248
61578 3
61579 331
61580 872
61581 343
61582 203
61583 746
61584 639
61585 283
61586 127
61587 193
61588 374
61589 894
61590 65
61591 70
61592 138
61593 552
61594 469
61595 235
61596 627
61597 216
61598 558
61599 450
61600 15
61601 478
61602 993
61603 412
61604 622
61605 287
61606 229
61607 308
61608 871
61609 37
61610 246
61611 249
61612 947
61613 549
61614 464
61615 765
61616 295
61617 826
61618 293
61619 756
61620 328
61621 241
61622 659
61623 225
61624 358
61625 241
61626 515
61627 244
61628 477
61629 721
61630 49
61631 986
61632 503
61633 73
61634 731
61635 416
61636 553
61637 555
61638 112
61639 999
61640 121
61641 928
61642 555
61643 323
61644 465
61645 667
61646 116
61647 754
61648 859
61649 225
61650 892
61651 481
61652 174
61653 202
61654 357
61655 99
61656 544
61657 734
61658 118
61659 289
61660 510
61661 273
61662 394
61663 109
61664 643
61665 315
61666 255
61667 863
61668 389
61669 227
61670 383
61671 314
61672 941
61673 27
61674 281
61675 290
61676 357
61677 590
61678 353
61679 803
61680 606
61681 47
61682 381
61683 301
61684 605
61685 648
61686 621
61687 357
61688 533
61689 124
61690 873
61691 67
61692 712
61693 955
61694 407
61695 640
61696 960
61697 576
61698 597
61699 888
61700 206
61701 522
61702 699
61703 884
61704 652
61705 403
61706 248
61707 56
61708 396
61709 572
61710 285
61711 200
61712 179
61713 206
61714 203
61715 643
61716 192
61717 151
61718 101
61719 717
61720 891
61721 440
61722 880
61723 160
61724 873
61725 462
61726 218
61727 868
61728 385
61729 482
61730 833
61731 637
61732 153
61733 484
61734 632
61735 251
61736 158
61737 225
61738 565
61739 558
61740 943
61741 966
61742 787
61743 648
61744 657
61745 98
61746 983
61747 976
61748 249
61749 378
61750 633
61751 495
61752 36
61753 465
61754 141
61755 302
61756 474
61757 881
61758 272
61759 448
61760 907
61761 686
61762 132
61763 613
61764 663
61765 464
61766 565
61767 159
61768 460
61769 950
61770 231
61771 491
61772 839
61773 507
61774 641
61775 222
61776 865
61777 96
61778 392
61779 386
61780 560
61781 37
61782 304
61783 797
61784 637
61785 411
61786 594
61787 682
61788 160
61789 209
61790 47
61791 170
61792 851
61793 315
61794 185
61795 671
61796 133
61797 207
61798 496
61799 853
61800 729
61801 249
61802 971
61803 646
61804 761
61805 824
61806 949
61807 748
61808 787
61809 309
61810 38
61811 350
61812 744
61813 100
61814 322
61815 111
61816 886
61817 546
61818 452
61819 675
61820 781
61821 458
61822 190
61823 781
61824 681
61825 181
61826 45
61827 995
61828 435
61829 123
61830 944
61831 729
61832 119
61833 572
61834 120
61835 458
61836 654
61837 12
61838 445
61839 363
61840 446
61841 868
61842 65
61843 322
61844 389
61845 830
61846 436
61847 391
61848 568
61849 781
61850 842
61851 507
61852 101
61853 627
61854 172
61855 209
61856 156
61857 954
61858 147
61859 132
61860 287
61861 733
61862 532
61863 559
61864 997
61865 886
61866 807
61867 739
61868 338
61869 13
61870 889
61871 264
61872 589
61873 199
61874 383
61875 478
61876 127
61877 260
61878 589
61879 171
61880 610
61881 288
61882 581
61883 909
61884 52
61885 281
61886 182
61887 341
61888 45
61889 613
61890 409
61891 265
61892 887
61893 172
61894 243
61895 335
61896 717
61897 971
61898 588
61899 462
61900 759
61901 388
61902 474
61903 880
61904 939
61905 78
61906 20
61907 4
61908 443
61909 623
61910 470
61911 554
61912 581
61913 870
61914 379
61915 857
61916 695
61917 632
61918 983
61919 657
61920 462
61921 505
61922 222
61923 956
61924 54
61925 374
61926 321
61927 155
61928 866
61929 540
61930 442
61931 93
61932 896
61933 285
61934 509
61935 461
61936 414
61937 131
61938 482
61939 788
61940 896
61941 755
61942 913
61943 565
61944 344
61945 341
61946 760
61947 261
61948 99
61949 291
61950 696
61951 560
61952 877
61953 344
61954 644
61955 702
61956 485
61957 147
61958 298
61959 859
61960 587
61961 779
61962 988
61963 977
61964 790
61965 549
61966 303
61967 423
61968 808
61969 89
61970 898
61971 339
61972 982
61973 666
61974 860
61975 375
61976 728
61977 662
61978 241
61979 540
61980 683
61981 257
61982 753
61983 54
61984 327
61985 65
61986 209
61987 987
61988 844
61989 797
61990 916
61991 883
61992 247
61993 646
61994 456
61995 493
61996 233
61997 266
61998 26
61999 674
62000 610
62001 991
62002 490
62003 120
62004 352
62005 429
62006 7
62007 22
62008 540
62009 806
62010 465
62011 117
62012 376
62013 0
62014 977
62015 642
62016 490
62017 358
62018 992
62019 957
62020 168
62021 421
62022 546
62023 87
62024 262
62025 163
62026 913
62027 777
62028 210
62029 198
62030 683
62031 477
62032 2
62033 689
62034 854
62035 897
62036 574
62037 310
62038 235
62039 166
62040 826
62041 451
62042 192
62043 803
62044 18
62045 639
62046 876
62047 920
62048 530
62049 333
62050 80
62051 804
62052 363
62053 484
62054 608
62055 826
62056 787
62057 220
62058 503
62059 54
62060 255
62061 917
62062 442
62063 922
62064 158
62065 648
62066 755
62067 972
62068 927
62069 521
62070 373
62071 908
62072 174
62073 402
62074 6
62075 890
62076 443
62077 579
62078 719
62079 683
62080 430
62081 497
62082 788
62083 388
62084 458
62085 920
62086 740
62087 854
62088 17
62089 372
62090 448
62091 646
62092 287
62093 455
62094 287
62095 262
62096 597
62097 265
62098 574
62099 70
62100 721
62101 751
62102 471
62103 657
62104 331
62105 277
62106 833
62107 774
62108 461
62109 823
62110 656
62111 395
62112 571
62113 685
62114 777
62115 233
62116 641
62117 351
62118 211
62119 329
62120 480
62121 589
62122 400
62123 914
62124 672
62125 292
62126 158
62127 821
62128 538
62129 201
62130 789
62131 955
62132 501
62133 987
62134 459
62135 298
62136 636
62137 288
62138 861
62139 86
62140 226
62141 438
62142 938
62143 99
62144 347
62145 562
62146 2
62147 218
62148 414
62149 225
62150 347
62151 770
62152 901
62153 717
62154 117
62155 705
62156 721
62157 450
62158 542
62159 793
62160 13
62161 87
62162 537
62163 429
62164 121
62165 322
62166 657
62167 647
62168 391
62169 43
62170 147
62171 555
62172 522
62173 739
62174 253
62175 343
62176 541
62177 371
62178 204
62179 415
62180 26
62181 406
62182 32
62183 573
62184 900
62185 618
62186 215
62187 646
62188 829
62189 720
62190 520
62191 938
62192 848
62193 781
62194 30
62195 557
62196 843
62197 508
62198 738
62199 647
62200 700
62201 585
62202 93
62203 494
62204 535
62205 33
62206 894
62207 629
62208 744
62209 520
62210 576
62211 601
62212 106
62213 204
62214 872
62215 242
62216 606
62217 518
62218 546
62219 988
62220 270
62221 888
62222 733
62223 699
62224 587
62225 826
62226 208
62227 449
62228 871
62229 950
62230 402
62231 674
62232 843
62233 141
62234 209
62235 149
62236 962
62237 62
62238 898
62239 811
62240 184
62241 778
62242 676
62243 199
62244 95
62245 745
62246 179
62247 392
62248 312
62249 360
62250 897
62251 872
62252 105
62253 321
62254 233
62255 600
62256 68
62257 507
62258 327
62259 649
62260 921
62261 842
62262 129
62263 597
62264 873
62265 943
62266 413
62267 260
62268 37
62269 886
62270 543
62271 501
62272 576
62273 471
62274 176
62275 855
62276 786
62277 439
62278 194
62279 886
62280 228
62281 26
62282 20
62283 27
62284 214
62285 619
62286 813
62287 579
62288 706
62289 176
62290 280
62291 880
62292 517
62293 104
62294 227
62295 285
62296 864
62297 864
62298 406
62299 701
62300 814
62301 514
62302 287
62303 420
62304 972
62305 495
62306 488
62307 622
62308 327
62309 55
62310 976
62311 948
62312 320
62313 614
62314 152
62315 990
62316 45
62317 533
62318 174
62319 960
62320 817
62321 342
62322 564
62323 577
62324 739
62325 648
62326 745
62327 922
62328 434
62329 274
62330 621
62331 438
62332 973
62333 707
62334 894
62335 544
62336 996
62337 543
62338 89
62339 357
62340 805
62341 604
62342 763
62343 532
62344 484
62345 30
62346 661
62347 438
62348 662
62349 845
62350 469
62351 531
62352 306
62353 513
62354 111
62355 550
62356 803
62357 616
62358 856
62359 998
62360 363
62361 212
62362 817
62363 662
62364 907
62365 376
62366 900
62367 670
62368 179
62369 652
62370 815
62371 992
62372 161
62373 677
62374 476
62375 410
62376 401
62377 907
62378 61
62379 219
62380 214
62381 303
62382 78
62383 636
62384 919
62385 345
62386 368
62387 979
62388 764
62389 453
62390 746
62391 715
62392 286
62393 204
62394 609
62395 899
62396 581
62397 258
62398 516
62399 911
62400 878
62401 206
62402 321
62403 701
62404 372
62405 186
62406 772
62407 805
62408 837
62409 283
62410 507
62411 16
62412 976
62413 601
62414 720
62415 611
62416 535
62417 25
62418 478
62419 554
62420 551
62421 706
62422 239
62423 919
62424 974
62425 544
62426 553
62427 962
62428 684
62429 28
62430 11
62431 846
62432 912
62433 731
62434 591
62435 752
62436 271
62437 836
62438 530
62439 88
62440 978
62441 101
62442 338
62443 19
62444 642
62445 406
62446 274
62447 77
62448 187
62449 18
62450 827
62451 206
62452 987
62453 606
62454 147
62455 294
62456 377
62457 301
62458 750
62459 703
62460 689
62461 304
62462 602
62463 339
62464 148
62465 86
62466 13
62467 553
62468 911
62469 992
62470 596
62471 130
62472 972
62473 121
62474 127
62475 733
62476 843
62477 47
62478 474
62479 649
62480 245
62481 107
62482 195
62483 116
62484 614
62485 911
62486 582
62487 110
62488 587
62489 572
62490 332
62491 855
62492 202
62493 866
62494 573
62495 230
62496 186
62497 173
62498 528
62499 903
62500 854
62501 155
62502 897
62503 531
62504 919
62505 19
62506 1
62507 789
62508 350
62509 986
62510 484
62511 707
62512 239
62513 725
62514 263
62515 738
62516 607
62517 144
62518 181
62519 632
62520 575
62521 437
62522 570
62523 320
62524 554
62525 833
62526 72
62527 623
62528 315
62529 181
62530 320
62531 344
62532 544
62533 716
62534 413
62535 524
62536 636
62537 379
62538 11
62539 970
62540 223
62541 30
62542 291
62543 718
62544 337
62545 330
62546 478
62547 674
62548 858
62549 136
62550 144
62551 811
62552 779
62553 296
62554 400
62555 745
62556 281
62557 654
62558 644
62559 978
62560 240
62561 820
62562 923
62563 264
62564 324
62565 91
62566 142
62567 890
62568 951
62569 47
62570 40
62571 357
62572 681
62573 236
62574 886
62575 21
62576 158
62577 137
62578 401
62579 428
62580 398
62581 620
62582 589
62583 298
62584 771
62585 336
62586 744
62587 889
62588 599
62589 485
62590 198
62591 520
62592 434
62593 883
62594 122
62595 210
62596 663
62597 336
62598 918
62599 502
62600 452
62601 454
62602 719
62603 15
62604 315
62605 421
62606 570
62607 457
62608 220
62609 110
62610 85
62611 303
62612 359
62613 688
62614 29
62615 429
62616 514
62617 565
62618 588
62619 358
62620 186
62621 749
62622 478
62623 266
62624 342
62625 124
62626 319
62627 38
62628 694
62629 266
62630 19
62631 230
62632 691
62633 351
62634 949
62635 831
62636 759
62637 941
62638 254
62639 420
62640 143
62641 902
62642 449
62643 398
62644 842
62645 428
62646 752
62647 342
62648 537
62649 73
62650 736
62651 689
62652 755
62653 835
62654 390
62655 622
62656 271
62657 61
62658 16
62659 843
62660 254
62661 706
62662 515
62663 684
62664 74
62665 132
62666 705
62667 352
62668 42
62669 427
62670 76
62671 747
62672 477
62673 279
62674 605
62675 484
62676 830
62677 624
62678 925
62679 950
62680 24
62681 234
62682 951
62683 823
62684 842
62685 232
62686 357
62687 658
62688 6
62689 779
62690 484
62691 681
62692 686
62693 296
62694 504
62695 222
62696 927
62697 725
62698 731
62699 70
62700 907
62701 413
62702 263
62703 273
62704 171
62705 777
62706 129
62707 845
62708 221
62709 773
62710 661
62711 911
62712 83
62713 300
62714 180
62715 36
62716 162
62717 606
62718 741
62719 527
62720 662
62721 730
62722 398
62723 707
62724 892
62725 815
62726 634
62727 884
62728 865
62729 219
62730 873
62731 624
62732 696
62733 392
62734 569
62735 90
62736 41
62737 376
62738 835
62739 467
62740 198
62741 421
62742 942
62743 242
62744 98
62745 285
62746 372
62747 39
62748 735
62749 80
62750 328
62751 774
62752 65
62753 415
62754 923
62755 469
62756 738
62757 154
62758 761
62759 50
62760 422
62761 280
62762 777
62763 182
62764 494
62765 616
62766 981
62767 489
62768 585
62769 442
62770 880
62771 702
62772 195
62773 46
62774 994
62775 465
62776 299
62777 799
62778 434
62779 292
62780 621
62781 413
62782 330
62783 746
62784 702
62785 11
62786 118
62787 40
62788 144
62789 231
62790 233
62791 441
62792 735
62793 320
62794 782
62795 200
62796 485
62797 704
62798 385
62799 922
62800 651
62801 898
62802 572
62803 713
62804 899
62805 49
62806 37
62807 706
62808 673
62809 441
62810 663
62811 759
62812 16
62813 382
62814 281
62815 917
62816 714
62817 247
62818 832
62819 899
62820 690
62821 212
62822 710
62823 372
62824 21
62825 472
62826 563
62827 931
62828 519
62829 44
62830 312
62831 950
62832 440
62833 661
62834 92
62835 521
62836 221
62837 366
62838 335
62839 119
62840 50
62841 425
62842 941
62843 32
62844 551
62845 455
62846 104
62847 900
62848 629
62849 944
62850 867
62851 61
62852 547
62853 145
62854 376
62855 268
62856 885
62857 561
62858 264
62859 886
62860 372
62861 71
62862 268
62863 176
62864 780
62865 658
62866 281
62867 480
62868 497
62869 638
62870 726
62871 337
62872 356
62873 155
62874 208
62875 435
62876 861
62877 770
62878 764
62879 389
62880 74
62881 355
62882 528
62883 97
62884 503
62885 395
62886 76
62887 12
62888 796
62889 75
62890 63
62891 162
62892 622
62893 302
62894 250
62895 593
62896 303
62897 26
62898 736
62899 956
62900 240
62901 221
62902 659
62903 193
62904 981
62905 850
62906 190
62907 44
62908 126
62909 74
62910 628
62911 985
62912 920
62913 570
62914 59
62915 577
62916 997
62917 203
62918 449
62919 109
62920 543
62921 524
62922 401
62923 802
62924 791
62925 168
62926 463
62927 926
62928 877
62929 601
62930 36
62931 82
62932 292
62933 310
62934 676
62935 457
62936 713
62937 201
62938 178
62939 631
62940 280
62941 233
62942 519
62943 730
62944 334
62945 33
62946 295
62947 444
62948 603
62949 974
62950 412
62951 326
62952 469
62953 389
62954 415
62955 885
62956 50
62957 811
62958 644
62959 194
62960 477
62961 141
62962 592
62963 293
62964 492
62965 745
62966 860
62967 206
62968 180
62969 477
62970 873
62971 418
62972 531
62973 632
62974 779
62975 958
62976 719
62977 660
62978 443
62979 459
62980 645
62981 324
62982 600
62983 868
62984 827
62985 615
62986 652
62987 69
62988 739
62989 951
62990 757
62991 686
62992 39
62993 237
62994 131
62995 857
62996 415
62997 734
62998 457
62999 983
63000 410
63001 290
63002 137
63003 247
63004 824
63005 425
63006 665
63007 93
63008 444
63009 278
63010 883
63011 514
63012 715
63013 16
63014 374
63015 127
63016 423
63017 155
63018 544
63019 645
63020 980
63021 364
63022 522
63023 554
63024 336
63025 816
63026 526
63027 516
63028 903
63029 356
63030 440
63031 890
63032 638
63033 538
63034 861
63035 244
63036 185
63037 150
63038 49
63039 926
63040 99
63041 213
63042 949
63043 892
63044 750
63045 704
63046 997
63047 214
63048 994
63049 355
63050 516
63051 642
63052 442
63053 58
63054 121
63055 712
63056 622
63057 528
63058 723
63059 682
63060 381
63061 218
63062 645
63063 213
63064 284
63065 340
63066 224
63067 761
63068 98
63069 626
63070 341
63071 549
63072 884
63073 429
63074 957
63075 17
63076 71
63077 157
63078 370
63079 620
63080 356
63081 250
63082 797
63083 240
63084 603
63085 9
63086 100
63087 654
63088 634
63089 438
63090 949
63091 512
63092 93
63093 101
63094 513
63095 682
63096 546
63097 304
63098 181
63099 46
63100 626
63101 647
63102 97
63103 95
63104 583
63105 847
63106 573
63107 601
63108 621
63109 316
63110 713
63111 330
63112 970
63113 133
63114 188
63115 622
63116 355
63117 283
63118 604
63119 124
63120 779
63121 760
63122 326
63123 194
63124 309
63125 695
63126 53
63127 944
63128 702
63129 117
63130 332
63131 783
63132 861
63133 888
63134 186
63135 528
63136 217
63137 719
63138 355
63139 221
63140 31
63141 407
63142 233
63143 322
63144 606
63145 124
63146 269
63147 434
63148 15
63149 201
63150 99
63151 630
63152 309
63153 151
63154 446
63155 730
63156 651
63157 9
63158 584
63159 490
63160 176
63161 850
63162 658
63163 443
63164 424
63165 282
63166 247
63167 0
63168 49
63169 292
63170 790
63171 73
63172 92
63173 800
63174 946
63175 450
63176 337
63177 470
63178 575
63179 298
63180 962
63181 602
63182 776
63183 410
63184 603
63185 473
63186 816
63187 65
63188 787
63189 911
63190 22
63191 496
63192 997
63193 579
63194 84
63195 664
63196 700
63197 688
63198 792
63199 86
63200 664
63201 271
63202 48
63203 60
63204 114
63205 489
63206 53
63207 17
63208 636
63209 537
63210 450
63211 775
63212 377
63213 529
63214 316
63215 638
63216 799
63217 697
63218 458
63219 827
63220 332
63221 116
63222 279
63223 516
63224 198
63225 768
63226 401
63227 343
63228 707
63229 680
63230 33
63231 102
63232 453
63233 662
63234 949
63235 726
63236 95
63237 261
63238 121
63239 134
63240 656
63241 533
63242 426
63243 19
63244 424
63245 944
63246 995
63247 870
63248 344
63249 809
63250 974
63251 820
63252 554
63253 854
63254 692
63255 410
63256 632
63257 795
63258 223
63259 453
63260 323
63261 731
63262 551
63263 512
63264 906
63265 427
63266 119
63267 460
63268 377
63269 494
63270 837
63271 37
63272 260
63273 602
63274 683
63275 348
63276 374
63277 177
63278 465
63279 558
63280 513
63281 691
63282 340
63283 295
63284 470
63285 738
63286 367
63287 323
63288 953
63289 791
63290 220
63291 834
63292 685
63293 268
63294 232
63295 643
63296 977
63297 81
63298 735
63299 682
63300 993
63301 520
63302 315
63303 841
63304 576
63305 784
63306 285
63307 373
63308 422
63309 139
63310 586
63311 817
63312 630
63313 722
63314 418
63315 634
63316 634
63317 321
63318 810
63319 247
63320 805
63321 555
63322 827
63323 57
63324 728
63325 379
63326 525
63327 734
63328 158
63329 726
63330 541
63331 822
63332 988
63333 271
63334 165
63335 435
63336 751
63337 509
63338 385
63339 828
63340 333
63341 25
63342 343
63343 758
63344 268
63345 337
63346 994
63347 610
63348 623
63349 464
63350 819
63351 956
63352 72
63353 428
63354 938
63355 65
63356 762
63357 348
63358 643
63359 736
63360 623
63361 276
63362 717
63363 674
63364 563
63365 604
63366 182
63367 809
63368 648
63369 978
63370 957
63371 192
63372 713
63373 630
63374 717
63375 853
63376 678
63377 266
63378 648
63379 522
63380 553
63381 459
63382 83
63383 409
63384 174
63385 823
63386 434
63387 504
63388 841
63389 622
63390 782
63391 528
63392 719
63393 863
63394 529
63395 963
63396 110
63397 64
63398 790
63399 739
63400 368
63401 186
63402 247
63403 170
63404 599
63405 387
63406 378
63407 683
63408 853
63409 671
63410 683
63411 263
63412 35
63413 340
63414 624
63415 384
63416 817
63417 819
63418 946
63419 89
63420 166
63421 306
63422 193
63423 174
63424 890
63425 829
63426 651
63427 542
63428 174
63429 237
63430 186
63431 692
63432 280
63433 595
63434 333
63435 43
63436 876
63437 84
63438 710
63439 148
63440 837
63441 100
63442 764
63443 534
63444 346
63445 379
63446 505
63447 196
63448 474
63449 165
63450 17
63451 738
63452 280
63453 533
63454 178
63455 912
63456 804
63457 539
63458 32
63459 365
63460 550
63461 918
63462 952
63463 445
63464 431
63465 835
63466 642
63467 318
63468 53
63469 620
63470 90
63471 338
63472 755
63473 898
63474 434
63475 105
63476 205
63477 798
63478 201
63479 952
63480 40
63481 905
63482 329
63483 476
63484 967
63485 953
63486 247
63487 84
63488 36
63489 948
63490 892
63491 255
63492 91
63493 201
63494 563
63495 55
63496 563
63497 456
63498 804
63499 318
63500 489
63501 649
63502 573
63503 628
63504 754
63505 74
63506 550
63507 986
63508 617
63509 679
63510 551
63511 151
63512 990
63513 335
63514 326
63515 766
63516 654
63517 57
63518 765
63519 739
63520 172
63521 188
63522 348
63523 245
63524 823
63525 871
63526 363
63527 398
63528 224
63529 236
63530 871
63531 162
63532 36
63533 469
63534 445
63535 611
63536 916
63537 132
63538 949
63539 575
63540 867
63541 832
63542 391
63543 917
63544 422
63545 459
63546 550
63547 571
63548 828
63549 101
63550 533
63551 784
63552 918
63553 574
63554 656
63555 81
63556 288
63557 958
63558 612
63559 924
63560 557
63561 636
63562 580
63563 895
63564 168
63565 127
63566 864
63567 94
63568 696
63569 2
63570 180
63571 363
63572 845
63573 962
63574 397
63575 30
63576 539
63577 318
63578 854
63579 336
63580 527
63581 869
63582 985
63583 547
63584 423
63585 732
63586 945
63587 503
63588 887
63589 266
63590 994
63591 422
63592 839
63593 79
63594 938
63595 688
63596 730
63597 265
63598 438
63599 735
63600 68
63601 999
63602 654
63603 585
63604 111
63605 29
63606 774
63607 950
63608 421
63609 473
63610 664
63611 143
63612 247
63613 516
63614 836
63615 788
63616 705
63617 406
63618 320
63619 515
63620 665
63621 895
63622 813
63623 154
63624 338
63625 164
63626 68
63627 928
63628 14
63629 390
63630 58
63631 227
63632 202
63633 232
63634 375
63635 971
63636 579
63637 593
63638 280
63639 63
63640 224
63641 592
63642 37
63643 50
63644 334
63645 196
63646 70
63647 398
63648 311
63649 938
63650 303
63651 783
63652 941
63653 783
63654 237
63655 498
63656 249
63657 501
63658 670
63659 884
63660 356
63661 727
63662 529
63663 767
63664 564
63665 793
63666 567
63667 835
63668 299
63669 304
63670 530
63671 848
63672 878
63673 114
63674 392
63675 483
63676 297
63677 82
63678 205
63679 88
63680 944
63681 897
63682 572
63683 460
63684 70
63685 707
63686 62
63687 508
63688 26
63689 504
63690 596
63691 430
63692 377
63693 279
63694 840
63695 291
63696 142
63697 808
63698 465
63699 816
63700 582
63701 518
63702 658
63703 668
63704 951
63705 311
63706 772
63707 292
63708 477
63709 652
63710 744
63711 916
63712 985
63713 777
63714 183
63715 681
63716 709
63717 318
63718 189
63719 431
63720 540
63721 285
63722 884
63723 10
63724 973
63725 396
63726 435
63727 355
63728 654
63729 867
63730 475
63731 586
63732 839
63733 262
63734 550
63735 12
63736 623
63737 708
63738 1
63739 924
63740 370
63741 82
63742 555
63743 775
63744 357
63745 458
63746 318
63747 152
63748 674
63749 311
63750 860
63751 29
63752 268
63753 594
63754 493
63755 192
63756 830
63757 780
63758 84
63759 813
63760 480
63761 306
63762 846
63763 45
63764 801
63765 147
63766 99
63767 63
63768 944
63769 922
63770 535
63771 207
63772 840
63773 32
63774 108
63775 678
63776 42
63777 535
63778 665
63779 699
63780 927
63781 272
63782 444
63783 211
63784 718
63785 342
63786 841
63787 527
63788 218
63789 494
63790 964
63791 420
63792 957
63793 190
63794 734
63795 189
63796 868
63797 271
63798 557
63799 748
63800 991
63801 111
63802 224
63803 594
63804 561
63805 694
63806 102
63807 178
63808 972
63809 644
63810 169
63811 846
63812 953
63813 269
63814 588
63815 690
63816 714
63817 940
63818 999
63819 136
63820 113
63821 159
63822 839
63823 162
63824 659
63825 841
63826 565
63827 911
63828 970
63829 255
63830 251
63831 699
63832 430
63833 221
63834 198
63835 753
63836 299
63837 847
63838 981
63839 33
63840 507
63841 635
63842 193
63843 938
63844 176
63845 142
63846 193
63847 420
63848 376
63849 880
63850 220
63851 911
63852 329
63853 784
63854 963
63855 406
63856 648
63857 660
63858 316
63859 965
63860 830
63861 671
63862 92
63863 787
63864 722
63865 250
63866 903
63867 514
63868 231
63869 57
63870 76
63871 539
63872 770
63873 805
63874 324
63875 223
63876 516
63877 82
63878 507
63879 389
63880 44
63881 696
63882 861
63883 170
63884 429
63885 101
63886 769
63887 505
63888 955
63889 516
63890 901
63891 872
63892 164
63893 589
63894 750
63895 241
63896 888
63897 234
63898 864
63899 998
63900 939
63901 80
63902 273
63903 643
63904 11
63905 576
63906 639
63907 962
63908 546
63909 784
63910 939
63911 754
63912 513
63913 643
63914 914
63915 784
63916 922
63917 836
63918 73
63919 846
63920 990
63921 50
63922 294
63923 379
63924 641
63925 984
63926 137
63927 636
63928 116
63929 329
63930 956
63931 881
63932 289
63933 909
63934 277
63935 749
63936 395
63937 205
63938 64
63939 791
63940 525
63941 684
63942 104
63943 452
63944 242
63945 419
63946 857
63947 249
63948 490
63949 419
63950 206
63951 908
63952 441
63953 673
63954 455
63955 316
63956 295
63957 738
63958 121
63959 741
63960 154
63961 632
63962 515
63963 891
63964 421
63965 69
63966 287
63967 833
63968 902
63969 257
63970 457
63971 737
63972 236
63973 816
63974 569
63975 575
63976 877
63977 855
63978 963
63979 704
63980 669
63981 741
63982 342
63983 617
63984 593
63985 313
63986 310
63987 529
63988 658
63989 780
63990 940
63991 684
63992 972
63993 236
63994 437
63995 970
63996 565
63997 239
63998 755
63999 787
64000 304
64001 1
64002 552
64003 973
64004 461
64005 604
64006 636
64007 64
64008 208
64009 635
64010 766
64011 895
64012 585
64013 964
64014 755
64015 486
64016 161
64017 790
64018 353
64019 6
64020 302
64021 867
64022 7
64023 696
64024 86
64025 210
64026 566
64027 515
64028 437
64029 742
64030 85
64031 441
64032 191
64033 477
64034 653
64035 60
64036 110
64037 783
64038 252
64039 157
64040 556
64041 682
64042 818
64043 868
64044 741
64045 552
64046 838
64047 841
64048 178
64049 621
64050 791
64051 906
64052 712
64053 418
64054 590
64055 817
64056 220
64057 823
64058 856
64059 115
64060 77
64061 680
64062 205
64063 824
64064 733
64065 846
64066 216
64067 764
64068 8
64069 270
64070 245
64071 598
64072 708
64073 427
64074 357
64075 946
64076 636
64077 989
64078 592
64079 569
64080 629
64081 554
64082 306
64083 431
64084 392
64085 819
64086 60
64087 528
64088 610
64089 277
64090 686
64091 402
64092 105
64093 406
64094 723
64095 782
64096 824
64097 450
64098 388
64099 79
64100 319
64101 42
64102 336
64103 33
64104 693
64105 492
64106 909
64107 231
64108 164
64109 587
64110 88
64111 382
64112 333
64113 700
64114 487
64115 198
64116 609
64117 408
64118 44
64119 917
64120 959
64121 909
64122 372
64123 74
64124 583
64125 371
64126 899
64127 92
64128 701
64129 445
64130 996
64131 289
64132 835
64133 493
64134 493
64135 525
64136 236
64137 911
64138 43
64139 707
64140 578
64141 547
64142 953
64143 680
64144 347
64145 469
64146 523
64147 355
64148 853
64149 527
64150 844
64151 502
64152 791
64153 381
64154 815
64155 775
64156 387
64157 716
64158 518
64159 274
64160 412
64161 78
64162 458
64163 335
64164 110
64165 125
64166 417
64167 695
64168 883
64169 252
64170 369
64171 172
64172 190
64173 885
64174 71
64175 545
64176 892
64177 194
64178 138
64179 912
64180 389
64181 257
64182 867
64183 578
64184 18
64185 121
64186 972
64187 578
64188 925
64189 751
64190 983
64191 922
64192 568
64193 848
64194 610
64195 501
64196 615
64197 627
64198 879
64199 90
64200 971
64201 201
64202 835
64203 504
64204 60
64205 219
64206 346
64207 660
64208 498
64209 929
64210 86
64211 834
64212 939
64213 655
64214 542
64215 269
64216 386
64217 179
64218 15
64219 526
64220 257
64221 756
64222 939
64223 152
64224 686
64225 303
64226 245
64227 994
64228 762
64229 223
64230 756
64231 988
64232 551
64233 211
64234 380
64235 686
64236 45
64237 386
64238 670
64239 581
64240 876
64241 163
64242 627
64243 589
64244 189
64245 546
64246 819
64247 152
64248 345
64249 445
64250 978
64251 293
64252 361
64253 373
64254 47
64255 567
64256 385
64257 133
64258 686
64259 793
64260 650
64261 811
64262 331
64263 420
64264 361
64265 346
64266 545
64267 814
64268 707
64269 622
64270 381
64271 833
64272 791
64273 915
64274 962
64275 528
64276 99
64277 665
64278 258
64279 483
64280 746
64281 978
64282 445
64283 53
64284 828
64285 972
64286 0
64287 621
64288 989
64289 709
64290 66
64291 890
64292 422
64293 391
64294 484
64295 96
64296 329
64297 149
64298 38
64299 631
64300 482
64301 310
64302 928
64303 776
64304 274
64305 323
64306 234
64307 286
64308 11
64309 985
64310 167
64311 861
64312 770
64313 299
64314 134
64315 772
64316 489
64317 76
64318 985
64319 314
64320 498
64321 302
64322 485
64323 8
64324 102
64325 409
64326 12
64327 847
64328 682
64329 717
64330 583
64331 1
64332 807
64333 444
64334 714
64335 169
64336 555
64337 879
64338 995
64339 678
64340 557
64341 414
64342 41
64343 916
64344 801
64345 703
64346 163
64347 731
64348 174
64349 900
64350 438
64351 699
64352 32
64353 155
64354 910
64355 459
64356 783
64357 892
64358 902
64359 594
64360 454
64361 296
64362 905
64363 469
64364 122
64365 137
64366 246
64367 332
64368 19
64369 759
64370 359
64371 298
64372 709
64373 501
64374 151
64375 993
64376 696
64377 551
64378 441
64379 399
64380 299
64381 688
64382 293
64383 191
64384 452
64385 887
64386 226
64387 565
64388 532
64389 803
64390 724
64391 512
64392 237
64393 835
64394 765
64395 842
64396 48
64397 577
64398 563
64399 336
64400 781
64401 447
64402 325
64403 262
64404 419
64405 441
64406 992
64407 860
64408 860
64409 310
64410 213
64411 68
64412 517
64413 554
64414 344
64415 238
64416 897
64417 990
64418 619
64419 573
64420 32
64421 872
64422 974
64423 774
64424 916
64425 793
64426 410
64427 503
64428 34
64429 406
64430 532
64431 382
64432 369
64433 960
64434 403
64435 591
64436 232
64437 275
64438 376
64439 328
64440 84
64441 941
64442 953
64443 229
64444 941
64445 353
64446 958
64447 816
64448 36
64449 794
64450 418
64451 328
64452 304
64453 386
64454 301
64455 790
64456 971
64457 443
64458 571
64459 144
64460 820
64461 265
64462 708
64463 407
64464 888
64465 476
64466 869
64467 792
64468 343
64469 341
64470 184
64471 155
64472 55
64473 497
64474 115
64475 265
64476 670
64477 79
64478 663
64479 303
64480 148
64481 178
64482 509
64483 531
64484 570
64485 222
64486 782
64487 992
64488 573
64489 969
64490 342
64491 543
64492 118
64493 373
64494 359
64495 250
64496 177
64497 113
64498 872
64499 283
64500 945
64501 542
64502 67
64503 43
64504 298
64505 589
64506 328
64507 693
64508 244
64509 995
64510 309
64511 637
64512 453
64513 615
64514 669
64515 209
64516 260
64517 45
64518 861
64519 83
64520 106
64521 963
64522 331
64523 83
64524 750
64525 241
64526 596
64527 809
64528 575
64529 953
64530 274
64531 986
64532 691
64533 660
64534 147
64535 92
64536 881
64537 719
64538 875
64539 390
64540 964
64541 365
64542 362
64543 329
64544 964
64545 795
64546 662
64547 363
64548 579
64549 32
64550 718
64551 658
64552 697
64553 888
64554 706
64555 706
64556 481
64557 64
64558 863
64559 543
64560 890
64561 254
64562 190
64563 133
64564 517
64565 40
64566 713
64567 482
64568 454
64569 436
64570 799
64571 217
64572 242
64573 840
64574 652
64575 388
64576 503
64577 941
64578 394
64579 69
64580 58
64581 962
64582 685
64583 304
64584 932
64585 462
64586 590
64587 56
64588 700
64589 792
64590 159
64591 321
64592 126
64593 639
64594 461
64595 6
64596 355
64597 484
64598 72
64599 415
64600 784
64601 490
64602 817
64603 864
64604 281
64605 699
64606 865
64607 996
64608 652
64609 871
64610 111
64611 813
64612 803
64613 343
64614 269
64615 389
64616 278
64617 838
64618 360
64619 112
64620 392
64621 644
64622 463
64623 955
64624 462
64625 496
64626 727
64627 747
64628 184
64629 235
64630 481
64631 59
64632 265
64633 784
64634 52
64635 979
64636 37
64637 281
64638 474
64639 993
64640 701
64641 333
64642 758
64643 892
64644 715
64645 504
64646 304
64647 553
64648 942
64649 835
64650 389
64651 271
64652 120
64653 506
64654 259
64655 30
64656 82
64657 12
64658 432
64659 565
64660 133
64661 904
64662 275
64663 999
64664 516
64665 175
64666 905
64667 779
64668 942
64669 193
64670 478
64671 311
64672 413
64673 744
64674 371
64675 268
64676 406
64677 214
64678 802
64679 645
64680 874
64681 65
64682 920
64683 519
64684 496
64685 681
64686 428
64687 408
64688 797
64689 522
64690 739
64691 689
64692 898
64693 605
64694 484
64695 705
64696 948
64697 791
64698 293
64699 53
64700 802
64701 894
64702 644
64703 405
64704 292
64705 377
64706 497
64707 219
64708 364
64709 859
64710 200
64711 496
64712 788
64713 179
64714 473
64715 153
64716 382
64717 956
64718 403
64719 477
64720 428
64721 18
64722 276
64723 431
64724 649
64725 423
64726 89
64727 652
64728 813
64729 160
64730 989
64731 237
64732 930
64733 352
64734 711
64735 362
64736 882
64737 451
64738 698
64739 108
64740 360
64741 878
64742 380
64743 165
64744 636
64745 32
64746 657
64747 739
64748 970
64749 534
64750 924
64751 836
64752 701
64753 711
64754 330
64755 283
64756 751
64757 534
64758 401
64759 236
64760 833
64761 342
64762 143
64763 617
64764 10
64765 786
64766 399
64767 146
64768 182
64769 386
64770 555
64771 551
64772 113
64773 656
64774 242
64775 304
64776 868
64777 44
64778 360
64779 942
64780 306
64781 595
64782 30
64783 289
64784 769
64785 233
64786 760
64787 748
64788 631
64789 880
64790 418
64791 651
64792 667
64793 254
64794 687
64795 91
64796 743
64797 45
64798 692
64799 286
64800 130
64801 722
64802 875
64803 767
64804 763
64805 884
64806 486
64807 134
64808 582
64809 623
64810 69
64811 986
64812 342
64813 276
64814 497
64815 286
64816 995
64817 425
64818 110
64819 676
64820 370
64821 992
64822 379
64823 36
64824 247
64825 34
64826 916
64827 802
64828 625
64829 444
64830 218
64831 250
64832 299
64833 976
64834 794
64835 613
64836 42
64837 292
64838 409
64839 570
64840 467
64841 883
64842 15
64843 422
64844 182
64845 232
64846 734
64847 313
64848 144
64849 957
64850 428
64851 671
64852 626
64853 161
64854 617
64855 412
64856 142
64857 257
64858 330
64859 498
64860 821
64861 214
64862 279
64863 48
64864 302
64865 289
64866 455
64867 400
64868 574
64869 505
64870 922
64871 184
64872 848
64873 92
64874 176
64875 20
64876 629
64877 973
64878 614
64879 177
64880 310
64881 868
64882 412
64883 111
64884 835
64885 498
64886 160
64887 43
64888 879
64889 140
64890 443
64891 93
64892 379
64893 363
64894 146
64895 500
64896 134
64897 302
64898 232
64899 353
64900 918
64901 711
64902 87
64903 644
64904 905
64905 765
64906 362
64907 758
64908 254
64909 870
64910 428
64911 231
64912 222
64913 738
64914 724
64915 814
64916 396
64917 803
64918 94
64919 240
64920 392
64921 358
64922 886
64923 571
64924 407
64925 342
64926 980
64927 423
64928 783
64929 925
64930 85
64931 634
64932 569
64933 442
64934 506
64935 685
64936 146
64937 117
64938 997
64939 613
64940 356
64941 431
64942 701
64943 979
64944 241
64945 470
64946 365
64947 49
64948 912
64949 659
64950 600
64951 494
64952 406
64953 839
64954 336
64955 906
64956 757
64957 413
64958 263
64959 949
64960 101
64961 659
64962 908
64963 143
64964 45
64965 680
64966 187
64967 436
64968 957
64969 52
64970 398
64971 744
64972 947
64973 710
64974 857
64975 675
64976 691
64977 611
64978 657
64979 244
64980 214
64981 48
64982 820
64983 146
64984 171
64985 16
64986 712
64987 34
64988 956
64989 801
64990 793
64991 673
64992 707
64993 784
64994 832
64995 946
64996 481
64997 257
64998 421
64999 210
65000 897
65001 486
65002 66
65003 381
65004 10
65005 333
65006 809
65007 207
65008 348
65009 945
65010 889
65011 593
65012 408
65013 170
65014 623
65015 261
65016 590
65017 96
65018 863
65019 81
65020 718
65021 876
65022 112
65023 677
65024 614
65025 914
65026 545
65027 603
65028 787
65029 583
65030 982
65031 670
65032 496
65033 900
65034 437
65035 739
65036 695
65037 860
65038 340
65039 772
65040 211
65041 249
65042 807
65043 685
65044 989
65045 214
65046 539
65047 687
65048 984
65049 558
65050 608
65051 372
65052 220
65053 689
65054 719
65055 694
65056 140
65057 79
65058 588
65059 495
65060 422
65061 262
65062 412
65063 479
65064 596
65065 513
65066 494
65067 339
65068 334
65069 733
65070 802
65071 741
65072 214
65073 146
65074 859
65075 907
65076 908
65077 24
65078 970
65079 599
65080 746
65081 136
65082 129
65083 948
65084 389
65085 180
65086 345
65087 878
65088 17
65089 838
65090 856
65091 242
65092 457
65093 761
65094 531
65095 175
65096 711
65097 680
65098 78
65099 847
65100 956
65101 795
65102 656
65103 313
65104 778
65105 424
65106 123
65107 514
65108 561
65109 65
65110 751
65111 692
65112 96
65113 508
65114 224
65115 219
65116 405
65117 732
65118 945
65119 403
65120 445
65121 562
65122 493
65123 71
65124 139
65125 77
65126 991
65127 167
65128 71
65129 727
65130 771
65131 546
65132 430
65133 843
65134 459
65135 352
65136 999
65137 561
65138 10
65139 401
65140 127
65141 235
65142 71
65143 656
65144 293
65145 496
65146 274
65147 464
65148 808
65149 880
65150 63
65151 765
65152 656
65153 82
65154 581
65155 371
65156 707
65157 504
65158 805
65159 506
65160 560
65161 450
65162 376
65163 228
65164 926
65165 477
65166 169
65167 278
65168 786
65169 519
65170 677
65171 407
65172 617
65173 368
65174 305
65175 834
65176 827
65177 490
65178 987
65179 897
65180 224
65181 979
65182 941
65183 608
65184 545
65185 130
65186 472
65187 294
65188 793
65189 493
65190 999
65191 926
65192 62
65193 38
65194 80
65195 625
65196 536
65197 602
65198 484
65199 839
65200 82
65201 281
65202 204
65203 942
65204 704
65205 637
65206 378
65207 248
65208 733
65209 210
65210 773
65211 962
65212 911
65213 850
65214 196
65215 593
65216 662
65217 168
65218 600
65219 832
65220 138
65221 605
65222 555
65223 229
65224 412
65225 400
65226 548
65227 91
65228 604
65229 560
65230 440
65231 464
65232 749
65233 51
65234 98
65235 680
65236 698
65237 916
65238 168
65239 734
65240 715
65241 806
65242 387
65243 796
65244 548
65245 710
65246 559
65247 59
65248 273
65249 991
65250 649
65251 264
65252 569
65253 1
65254 266
65255 675
65256 216
65257 378
65258 712
65259 262
65260 125
65261 620
65262 683
65263 870
65264 183
65265 954
65266 986
65267 138
65268 639
65269 536
65270 888
65271 517
65272 462
65273 137
65274 146
65275 665
65276 850
65277 663
65278 994
65279 798
65280 706
65281 711
65282 306
65283 47
65284 903
65285 631
65286 118
65287 682
65288 348
65289 944
65290 971
65291 239
65292 342
65293 490
65294 320
65295 117
65296 999
65297 149
65298 868
65299 228
65300 925
65301 543
65302 959
65303 479
65304 502
65305 295
65306 764
65307 275
65308 380
65309 156
65310 243
65311 76
65312 810
65313 990
65314 830
65315 431
65316 208
65317 470
65318 6
65319 930
65320 856
65321 200
65322 753
65323 546
65324 153
65325 483
65326 720
65327 345
65328 597
65329 266
65330 426
65331 137
65332 969
65333 594
65334 686
65335 142
65336 613
65337 84
65338 445
65339 425
65340 923
65341 124
65342 277
65343 351
65344 653
65345 132
65346 248
65347 342
65348 66
65349 147
65350 998
65351 847
65352 407
65353 180
65354 920
65355 64
65356 19
65357 982
65358 994
65359 178
65360 153
65361 790
65362 554
65363 512
65364 600
65365 78
65366 910
65367 602
65368 983
65369 211
65370 336
65371 350
65372 504
65373 84
65374 159
65375 476
65376 347
65377 668
65378 124
65379 216
65380 964
65381 488
65382 474
65383 758
65384 160
65385 534
65386 805
65387 832
65388 263
65389 358
65390 115
65391 960
65392 284
65393 729
65394 375
65395 764
65396 388
65397 700
65398 441
65399 282
65400 872
65401 959
65402 827
65403 992
65404 620
65405 695
65406 851
65407 384
65408 765
65409 781
65410 598
65411 167
65412 101
65413 300
65414 343
65415 498
65416 970
65417 941
65418 130
65419 235
65420 879
65421 855
65422 969
65423 992
65424 314
65425 901
65426 869
65427 998
65428 896
65429 568
65430 959
65431 156
65432 400
65433 89
65434 544
65435 402
65436 932
65437 920
65438 508
65439 280
65440 413
65441 334
65442 775
65443 406
65444 138
65445 532
65446 751
65447 627
65448 308
65449 193
65450 94
65451 927
65452 250
65453 786
65454 663
65455 895
65456 600
65457 950
65458 727
65459 247
65460 304
65461 404
65462 487
65463 690
65464 108
65465 129
65466 825
65467 586
65468 73
65469 134
65470 703
65471 46
65472 130
65473 459
65474 722
65475 704
65476 194
65477 683
65478 985
65479 262
65480 731
65481 702
65482 482
65483 26
65484 264
65485 117
65486 189
65487 969
65488 488
65489 554
65490 383
65491 83
65492 388
65493 858
65494 282
65495 973
65496 299
65497 850
65498 307
65499 610
65500 340
65501 261
65502 602
65503 846
65504 539
65505 658
65506 660
65507 885
65508 650
65509 804
65510 811
65511 772
65512 559
65513 4
65514 76
65515 140
65516 661
65517 80
65518 337
65519 237
65520 752
65521 120
65522 732
65523 240
65524 976
65525 721
65526 702
65527 530
65528 907
65529 19
65530 43
65531 88
65532 432
65533 303
65534 882
65535 698
65536 409
65537 575
65538 991
65539 301
65540 692
65541 799
65542 175
65543 84
65544 133
65545 896
65546 267
65547 847
65548 918
65549 745
65550 359
65551 94
65552 4
65553 298
65554 694
65555 978
65556 998
65557 246
65558 701
65559 711
65560 955
65561 975
65562 24
65563 97
65564 638
65565 545
65566 264
65567 406
65568 505
65569 525
65570 649
65571 567
65572 61
65573 262
65574 532
65575 840
65576 607
65577 315
65578 459
65579 43
65580 22
65581 129
65582 251
65583 137
65584 50
65585 512
65586 158
65587 996
65588 103
65589 70
65590 243
65591 756
65592 737
65593 780
65594 452
65595 267
65596 570
65597 308
65598 335
65599 819
65600 606
65601 537
65602 149
65603 901
65604 752
65605 446
65606 339
65607 507
65608 79
65609 323
65610 9
65611 876
65612 326
65613 396
65614 513
65615 491
65616 844
65617 866
65618 652
65619 573
65620 147
65621 277
65622 983
65623 71
65624 659
65625 491
65626 97
65627 32
65628 311
65629 110
65630 676
65631 523
65632 169
65633 751
65634 111
65635 473
65636 849
65637 766
65638 922
65639 12
65640 226
65641 452
65642 299
65643 289
65644 99
65645 631
65646 64
65647 973
65648 548
65649 921
65650 344
65651 267
65652 238
65653 890
65654 256
65655 200
65656 642
65657 486
65658 975
65659 20
65660 865
65661 951
65662 316
65663 537
65664 697
65665 391
65666 604
65667 493
65668 262
65669 407
65670 841
65671 573
65672 500
65673 55
65674 584
65675 174
65676 851
65677 986
65678 387
65679 732
65680 955
65681 348
65682 913
65683 768
65684 36
65685 781
65686 648
65687 217
65688 813
65689 678
65690 796
65691 272
65692 234
65693 226
65694 829
65695 412
65696 85
65697 260
65698 571
65699 826
65700 807
65701 255
65702 658
65703 561
65704 124
65705 903
65706 969
65707 63
65708 485
65709 482
65710 686
65711 978
65712 773
65713 873
65714 478
65715 604
65716 158
65717 239
65718 947
65719 232
65720 139
65721 779
65722 40
65723 80
65724 975
65725 5
65726 998
65727 685
65728 247
65729 502
65730 341
65731 773
65732 155
65733 708
65734 246
65735 760
65736 952
65737 808
65738 353
65739 417
65740 320
65741 495
65742 344
65743 823
65744 184
65745 78
65746 566
65747 776
65748 407
65749 304
65750 817
65751 367
65752 677
65753 679
65754 514
65755 325
65756 269
65757 774
65758 504
65759 184
65760 903
65761 486
65762 273
65763 41
65764 907
65765 206
65766 923
65767 480
65768 838
65769 740
65770 916
65771 744
65772 163
65773 402
65774 812
65775 549
65776 49
65777 479
65778 529
65779 908
65780 928
65781 419
65782 378
65783 984
65784 419
65785 111
65786 837
65787 902
65788 208
65789 421
65790 600
65791 701
65792 794
65793 757
65794 487
65795 786
65796 357
65797 77
65798 625
65799 380
65800 543
65801 695
65802 116
65803 411
65804 897
65805 101
65806 638
65807 646
65808 24
65809 756
65810 59
65811 591
65812 652
65813 243
65814 79
65815 377
65816 2
65817 609
65818 991
65819 701
65820 439
65821 141
65822 924
65823 136
65824 618
65825 974
65826 916
65827 530
65828 179
65829 48
65830 117
65831 977
65832 667
65833 683
65834 536
65835 903
65836 369
65837 699
65838 261
65839 77
65840 832
65841 411
65842 122
65843 456
65844 632
65845 724
65846 874
65847 280
65848 458
65849 257
65850 621
65851 191
65852 84
65853 0
65854 526
65855 518
65856 442
65857 377
65858 678
65859 27
65860 422
65861 603
65862 530
65863 871
65864 385
65865 888
65866 436
65867 194
65868 164
65869 871
65870 395
65871 179
65872 791
65873 823
65874 470
65875 149
65876 641
65877 50
65878 83
65879 150
65880 98
65881 28
65882 254
65883 40
65884 717
65885 761
65886 102
65887 927
65888 217
65889 469
65890 656
65891 919
65892 102
65893 852
65894 248
65895 698
65896 731
65897 250
65898 966
65899 297
65900 371
65901 110
65902 578
65903 56
65904 296
65905 642
65906 337
65907 446
65908 139
65909 875
65910 232
65911 299
65912 227
65913 74
65914 318
65915 514
65916 158
65917 157
65918 255
65919 333
65920 183
65921 947
65922 510
65923 9
65924 493
65925 232
65926 266
65927 245
65928 470
65929 926
65930 752
65931 411
65932 694
65933 336
65934 916
65935 46
65936 781
65937 379
65938 102
65939 12
65940 501
65941 327
65942 427
65943 998
65944 17
65945 554
65946 799
65947 770
65948 751
65949 804
65950 420
65951 635
65952 49
65953 782
65954 549
65955 457
65956 656
65957 39
65958 1
65959 793
65960 625
65961 944
65962 254
65963 710
65964 932
65965 94
65966 948
65967 544
65968 626
65969 635
65970 624
65971 131
65972 670
65973 956
65974 691
65975 677
65976 390
65977 691
65978 736
65979 994
65980 201
65981 295
65982 155
65983 349
65984 544
65985 138
65986 368
65987 577
65988 101
65989 321
65990 560
65991 135
65992 905
65993 296
65994 695
65995 366
65996 655
65997 724
65998 54
65999 208
66000 643
66001 7
66002 89
66003 770
66004 306
66005 198
66006 503
66007 97
66008 844
66009 724
66010 951
66011 449
66012 879
66013 404
66014 605
66015 818
66016 336
66017 357
66018 449
66019 629
66020 799
66021 668
66022 148
66023 351
66024 961
66025 875
66026 60
66027 526
66028 943
66029 670
66030 978
66031 706
66032 94
66033 790
66034 459
66035 280
66036 651
66037 36
66038 316
66039 601
66040 559
66041 838
66042 159
66043 626
66044 757
66045 64
66046 584
66047 951
66048 44
66049 661
66050 600
66051 2
66052 628
66053 338
66054 315
66055 44
66056 556
66057 636
66058 370
66059 661
66060 96
66061 800
66062 505
66063 197
66064 292
66065 227
66066 566
66067 122
66068 943
66069 632
66070 952
66071 116
66072 683
66073 393
66074 595
66075 249
66076 456
66077 610
66078 372
66079 718
66080 523
66081 831
66082 39
66083 390
66084 896
66085 112
66086 342
66087 438
66088 417
66089 723
66090 613
66091 750
66092 806
66093 217
66094 666
66095 625
66096 302
66097 253
66098 11
66099 372
66100 219
66101 59
66102 399
66103 604
66104 743
66105 512
66106 878
66107 29
66108 604
66109 615
66110 517
66111 195
66112 189
66113 729
66114 357
66115 988
66116 832
66117 496
66118 414
66119 775
66120 308
66121 614
66122 400
66123 116
66124 400
66125 944
66126 186
66127 396
66128 516
66129 326
66130 67
66131 856
66132 776
66133 244
66134 526
66135 751
66136 71
66137 991
66138 53
66139 348
66140 779
66141 497
66142 208
66143 648
66144 145
66145 752
66146 141
66147 975
66148 459
66149 639
66150 157
66151 407
66152 387
66153 493
66154 366
66155 919
66156 527
66157 952
66158 932
66159 949
66160 884
66161 19
66162 475
66163 129
66164 219
66165 707
66166 822
66167 980
66168 912
66169 40
66170 638
66171 69
66172 586
66173 820
66174 836
66175 978
66176 566
66177 573
66178 731
66179 822
66180 863
66181 363
66182 972
66183 686
66184 43
66185 615
66186 917
66187 172
66188 484
66189 580
66190 707
66191 744
66192 427
66193 748
66194 56
66195 238
66196 177
66197 501
66198 763
66199 214
66200 695
66201 624
66202 713
66203 153
66204 893
66205 847
66206 773
66207 873
66208 530
66209 860
66210 811
66211 264
66212 649
66213 124
66214 513
66215 70
66216 689
66217 144
66218 382
66219 756
66220 248
66221 433
66222 995
66223 289
66224 709
66225 68
66226 776
66227 870
66228 878
66229 816
66230 362
66231 739
66232 478
66233 513
66234 473
66235 617
66236 58
66237 967
66238 39
66239 522
66240 233
66241 470
66242 526
66243 342
66244 509
66245 877
66246 647
66247 721
66248 431
66249 775
66250 217
66251 738
66252 207
66253 998
66254 439
66255 829
66256 473
66257 635
66258 462
66259 857
66260 464
66261 71
66262 375
66263 924
66264 261
66265 311
66266 502
66267 780
66268 171
66269 545
66270 124
66271 198
66272 923
66273 884
66274 875
66275 393
66276 956
66277 855
66278 760
66279 282
66280 141
66281 740
66282 692
66283 704
66284 962
66285 561
66286 706
66287 919
66288 739
66289 578
66290 865
66291 202
66292 831
66293 738
66294 197
66295 371
66296 363
66297 255
66298 899
66299 550
66300 514
66301 153
66302 874
66303 811
66304 306
66305 722
66306 969
66307 363
66308 451
66309 613
66310 409
66311 146
66312 631
66313 202
66314 500
66315 119
66316 29
66317 561
66318 272
66319 791
66320 520
66321 422
66322 447
66323 977
66324 598
66325 317
66326 25
66327 617
66328 854
66329 403
66330 327
66331 148
66332 471
66333 160
66334 127
66335 620
66336 800
66337 429
66338 410
66339 970
66340 855
66341 893
66342 1
66343 581
66344 215
66345 504
66346 270
66347 822
66348 115
66349 470
66350 293
66351 104
66352 619
66353 92
66354 248
66355 247
66356 44
66357 831
66358 663
66359 856
66360 736
66361 668
66362 772
66363 292
66364 951
66365 230
66366 711
66367 654
66368 858
66369 797
66370 372
66371 143
66372 152
66373 426
66374 143
66375 612
66376 352
66377 980
66378 148
66379 557
66380 44
66381 323
66382 27
66383 129
66384 341
66385 121
66386 72
66387 213
66388 520
66389 966
66390 488
66391 732
66392 618
66393 147
66394 404
66395 606
66396 899
66397 809
66398 199
66399 548
66400 784
66401 45
66402 491
66403 590
66404 776
66405 842
66406 379
66407 348
66408 233
66409 841
66410 545
66411 993
66412 739
66413 991
66414 218
66415 862
66416 383
66417 382
66418 807
66419 856
66420 761
66421 310
66422 731
66423 771
66424 930
66425 784
66426 650
66427 483
66428 585
66429 530
66430 226
66431 809
66432 943
66433 7
66434 536
66435 964
66436 548
66437 613
66438 403
66439 149
66440 330
66441 816
66442 976
66443 860
66444 263
66445 651
66446 762
66447 334
66448 930
66449 132
66450 795
66451 180
66452 332
66453 691
66454 262
66455 204
66456 134
66457 288
66458 538
66459 349
66460 20
66461 975
66462 858
66463 147
66464 447
66465 269
66466 456
66467 977
66468 16
66469 564
66470 124
66471 33
66472 591
66473 945
66474 87
66475 797
66476 800
66477 431
66478 492
66479 239
66480 49
66481 763
66482 682
66483 826
66484 817
66485 164
66486 544
66487 815
66488 594
66489 264
66490 538
66491 259
66492 322
66493 640
66494 119
66495 828
66496 694
66497 659
66498 751
66499 22
66500 297
66501 601
66502 95
66503 176
66504 212
66505 750
66506 570
66507 59
66508 795
66509 975
66510 358
66511 895
66512 515
66513 52
66514 28
66515 692
66516 634
66517 677
66518 153
66519 749
66520 64
66521 203
66522 682
66523 793
66524 305
66525 305
66526 548
66527 350
66528 990
66529 858
66530 201
66531 241
66532 992
66533 370
66534 599
66535 869
66536 237
66537 447
66538 45
66539 588
66540 960
66541 814
66542 322
66543 619
66544 140
66545 118
66546 616
66547 221
66548 400
66549 474
66550 126
66551 662
66552 111
66553 760
66554 518
66555 483
66556 842
66557 531
66558 571
66559 852
66560 470
66561 383
66562 819
66563 120
66564 725
66565 581
66566 766
66567 757
66568 389
66569 858
66570 66
66571 243
66572 9
66573 155
66574 598
66575 175
66576 121
66577 415
66578 860
66579 624
66580 505
66581 610
66582 347
66583 923
66584 434
66585 429
66586 677
66587 715
66588 80
66589 909
66590 73
66591 369
66592 799
66593 48
66594 395
66595 393
66596 953
66597 905
66598 785
66599 281
66600 919
66601 509
66602 497
66603 95
66604 232
66605 310
66606 985
66607 258
66608 320
66609 290
66610 595
66611 263
66612 206
66613 71
66614 663
66615 829
66616 723
66617 461
66618 652
66619 843
66620 312
66621 731
66622 673
66623 103
66624 993
66625 104
66626 32
66627 320
66628 551
66629 987
66630 37
66631 776
66632 31
66633 885
66634 554
66635 380
66636 244
66637 355
66638 401
66639 200
66640 249
66641 367
66642 757
66643 290
66644 205
66645 925
66646 94
66647 354
66648 970
66649 371
66650 593
66651 26
66652 262
66653 81
66654 744
66655 131
66656 190
66657 639
66658 490
66659 460
66660 505
66661 53
66662 807
66663 409
66664 683
66665 817
66666 206
66667 469
66668 136
66669 312
66670 31
66671 536
66672 927
66673 158
66674 765
66675 50
66676 396
66677 814
66678 791
66679 25
66680 684
66681 486
66682 161
66683 647
66684 946
66685 542
66686 380
66687 776
66688 88
66689 313
66690 384
66691 601
66692 731
66693 141
66694 720
66695 675
66696 265
66697 200
66698 303
66699 800
66700 354
66701 390
66702 228
66703 263
66704 960
66705 30
66706 904
66707 458
66708 123
66709 337
66710 652
66711 41
66712 898
66713 227
66714 219
66715 925
66716 85
66717 996
66718 370
66719 267
66720 148
66721 622
66722 667
66723 599
66724 778
66725 977
66726 462
66727 38
66728 279
66729 361
66730 694
66731 791
66732 37
66733 418
66734 993
66735 387
66736 599
66737 728
66738 979
66739 513
66740 27
66741 509
66742 317
66743 406
66744 64
66745 507
66746 804
66747 348
66748 717
66749 96
66750 275
66751 129
66752 457
66753 562
66754 341
66755 268
66756 560
66757 811
66758 726
66759 80
66760 153
66761 334
66762 747
66763 655
66764 264
66765 234
66766 53
66767 904
66768 562
66769 556
66770 789
66771 849
66772 594
66773 578
66774 618
66775 869
66776 687
66777 257
66778 759
66779 444
66780 14
66781 941
66782 323
66783 151
66784 831
66785 714
66786 304
66787 106
66788 245
66789 981
66790 640
66791 613
66792 134
66793 632
66794 720
66795 762
66796 556
66797 798
66798 975
66799 433
66800 237
66801 307
66802 938
66803 200
66804 976
66805 557
66806 405
66807 189
66808 294
66809 758
66810 476
66811 71
66812 859
66813 818
66814 977
66815 167
66816 653
66817 892
66818 647
66819 61
66820 288
66821 856
66822 619
66823 841
66824 79
66825 26
66826 507
66827 373
66828 842
66829 663
66830 443
66831 226
66832 98
66833 316
66834 661
66835 653
66836 352
66837 5
66838 765
66839 193
66840 930
66841 160
66842 110
66843 563
66844 919
66845 913
66846 544
66847 684
66848 753
66849 898
66850 913
66851 661
66852 895
66853 537
66854 229
66855 541
66856 672
66857 492
66858 560
66859 288
66860 130
66861 326
66862 0
66863 369
66864 964
66865 574
66866 647
66867 324
66868 350
66869 636
66870 341
66871 56
66872 985
66873 782
66874 405
66875 62
66876 29
66877 308
66878 92
66879 586
66880 922
66881 814
66882 152
66883 380
66884 227
66885 368
66886 652
66887 776
66888 412
66889 311
66890 866
66891 603
66892 582
66893 908
66894 44
66895 715
66896 848
66897 839
66898 318
66899 434
66900 318
66901 374
66902 675
66903 744
66904 522
66905 705
66906 400
66907 716
66908 74
66909 769
66910 872
66911 202
66912 892
66913 714
66914 37
66915 335
66916 828
66917 257
66918 769
66919 186
66920 919
66921 27
66922 624
66923 119
66924 209
66925 674
66926 979
66927 239
66928 593
66929 390
66930 613
66931 101
66932 553
66933 4
66934 238
66935 703
66936 409
66937 429
66938 925
66939 819
66940 810
66941 585
66942 899
66943 472
66944 118
66945 17
66946 631
66947 276
66948 266
66949 402
66950 313
66951 266
66952 489
66953 449
66954 437
66955 856
66956 893
66957 271
66958 759
66959 802
66960 313
66961 759
66962 808
66963 817
66964 807
66965 162
66966 193
66967 1
66968 573
66969 79
66970 658
66971 138
66972 485
66973 58
66974 740
66975 538
66976 105
66977 178
66978 393
66979 14
66980 282
66981 446
66982 560
66983 427
66984 742
66985 147
66986 752
66987 908
66988 204
66989 82
66990 171
66991 447
66992 401
66993 212
66994 352
66995 501
66996 285
66997 863
66998 565
66999 915
67000 654
67001 976
67002 833
67003 518
67004 146
67005 999
67006 362
67007 663
67008 939
67009 414
67010 893
67011 470
67012 132
67013 477
67014 713
67015 887
67016 535
67017 421
67018 170
67019 462
67020 836
67021 512
67022 83
67023 872
67024 188
67025 775
67026 38
67027 896
67028 223
67029 991
67030 715
67031 214
67032 265
67033 443
67034 125
67035 399
67036 510
67037 82
67038 657
67039 729
67040 252
67041 910
67042 393
67043 514
67044 543
67045 167
67046 764
67047 357
67048 536
67049 662
67050 821
67051 594
67052 270
67053 274
67054 828
67055 665
67056 187
67057 309
67058 676
67059 735
67060 620
67061 37
67062 11
67063 433
67064 606
67065 285
67066 806
67067 395
67068 225
67069 948
67070 999
67071 81
67072 412
67073 758
67074 755
67075 347
67076 930
67077 810
67078 810
67079 460
67080 759
67081 429
67082 163
67083 501
67084 248
67085 241
67086 542
67087 192
67088 32
67089 318
67090 930
67091 393
67092 125
67093 44
67094 246
67095 568
67096 787
67097 24
67098 862
67099 950
67100 807
67101 550
67102 679
67103 926
67104 854
67105 364
67106 334
67107 520
67108 984
67109 631
67110 200
67111 88
67112 727
67113 750
67114 914
67115 212
67116 993
67117 987
67118 22
67119 761
67120 581
67121 426
67122 350
67123 765
67124 418
67125 548
67126 539
67127 998
67128 250
67129 167
67130 211
67131 402
67132 140
67133 776
67134 420
67135 369
67136 593
67137 584
67138 703
67139 808
67140 604
67141 435
67142 168
67143 656
67144 376
67145 347
67146 318
67147 896
67148 808
67149 128
67150 386
67151 179
67152 896
67153 530
67154 978
67155 76
67156 997
67157 8
67158 493
67159 1
67160 341
67161 107
67162 287
67163 318
67164 331
67165 765
67166 3
67167 566
67168 570
67169 699
67170 395
67171 926
67172 534
67173 358
67174 878
67175 586
67176 972
67177 863
67178 924
67179 718
67180 21
67181 848
67182 815
67183 355
67184 888
67185 948
67186 477
67187 455
67188 578
67189 757
67190 137
67191 291
67192 826
67193 122
67194 721
67195 579
67196 412
67197 411
67198 695
67199 741
67200 834
67201 625
67202 196
67203 207
67204 238
67205 919
67206 434
67207 175
67208 615
67209 529
67210 314
67211 288
67212 850
67213 245
67214 422
67215 447
67216 216
67217 536
67218 708
67219 266
67220 347
67221 50
67222 597
67223 786
67224 948
67225 691
67226 408
67227 377
67228 119
67229 179
67230 639
67231 170
67232 920
67233 526
67234 630
67235 852
67236 10
67237 595
67238 477
67239 174
67240 996
67241 387
67242 220
67243 284
67244 874
67245 300
67246 637
67247 892
67248 350
67249 301
67250 478
67251 436
67252 799
67253 428
67254 657
67255 706
67256 192
67257 265
67258 800
67259 452
67260 346
67261 969
67262 741
67263 980
67264 294
67265 397
67266 679
67267 135
67268 810
67269 198
67270 408
67271 525
67272 753
67273 124
67274 908
67275 875
67276 223
67277 679
67278 763
67279 204
67280 136
67281 746
67282 666
67283 279
67284 563
67285 361
67286 769
67287 261
67288 687
67289 639
67290 528
67291 176
67292 797
67293 513
67294 684
67295 814
67296 518
67297 587
67298 484
67299 989
67300 168
67301 683
67302 390
67303 93
67304 806
67305 853
67306 959
67307 905
67308 778
67309 554
67310 863
67311 75
67312 208
67313 117
67314 558
67315 632
67316 964
67317 979
67318 387
67319 988
67320 613
67321 666
67322 186
67323 853
67324 480
67325 401
67326 278
67327 746
67328 514
67329 740
67330 754
67331 246
67332 293
67333 670
67334 280
67335 926
67336 896
67337 711
67338 799
67339 994
67340 361
67341 338
67342 372
67343 768
67344 919
67345 106
67346 331
67347 789
67348 197
67349 895
67350 851
67351 37
67352 252
67353 715
67354 774
67355 655
67356 336
67357 66
67358 869
67359 398
67360 99
67361 249
67362 823
67363 263
67364 230
67365 746
67366 370
67367 980
67368 977
67369 868
67370 801
67371 3
67372 722
67373 74
67374 772
67375 864
67376 621
67377 591
67378 946
67379 680
67380 544
67381 784
67382 20
67383 486
67384 758
67385 486
67386 259
67387 157
67388 178
67389 843
67390 641
67391 535
67392 163
67393 304
67394 932
67395 355
67396 296
67397 570
67398 455
67399 178
67400 594
67401 466
67402 208
67403 620
67404 861
67405 760
67406 285
67407 833
67408 617
67409 412
67410 661
67411 154
67412 406
67413 660
67414 520
67415 227
67416 120
67417 46
67418 607
67419 120
67420 326
67421 958
67422 634
67423 513
67424 454
67425 156
67426 66
67427 130
67428 430
67429 991
67430 65
67431 653
67432 687
67433 586
67434 57
67435 802
67436 794
67437 259
67438 539
67439 202
67440 549
67441 535
67442 744
67443 875
67444 210
67445 64
67446 914
67447 621
67448 678
67449 291
67450 594
67451 185
67452 990
67453 642
67454 899
67455 853
67456 774
67457 721
67458 307
67459 258
67460 484
67461 910
67462 360
67463 279
67464 637
67465 972
67466 228
67467 463
67468 903
67469 881
67470 34
67471 475
67472 555
67473 50
67474 946
67475 163
67476 22
67477 35
67478 258
67479 694
67480 235
67481 219
67482 633
67483 820
67484 869
67485 709
67486 772
67487 541
67488 966
67489 764
67490 959
67491 239
67492 740
67493 7
67494 460
67495 292
67496 85
67497 26
67498 421
67499 265
67500 806
67501 938
67502 132
67503 991
67504 401
67505 746
67506 646
67507 109
67508 576
67509 794
67510 20
67511 735
67512 831
67513 261
67514 191
67515 793
67516 556
67517 960
67518 33
67519 869
67520 123
67521 573
67522 252
67523 409
67524 434
67525 485
67526 996
67527 161
67528 86
67529 297
67530 970
67531 765
67532 829
67533 112
67534 372
67535 967
67536 165
67537 891
67538 255
67539 67
67540 184
67541 398
67542 341
67543 417
67544 578
67545 99
67546 298
67547 570
67548 52
67549 763
67550 845
67551 927
67552 939
67553 827
67554 905
67555 63
67556 599
67557 279
67558 459
67559 530
67560 943
67561 151
67562 242
67563 960
67564 375
67565 947
67566 562
67567 603
67568 203
67569 801
67570 766
67571 981
67572 620
67573 993
67574 829
67575 866
67576 373
67577 900
67578 727
67579 511
67580 656
67581 940
67582 841
67583 972
67584 659
67585 636
67586 64
67587 531
67588 825
67589 490
67590 460
67591 444
67592 500
67593 676
67594 365
67595 565
67596 696
67597 346
67598 682
67599 459
67600 758
67601 275
67602 591
67603 68
67604 795
67605 174
67606 523
67607 94
67608 69
67609 922
67610 657
67611 908
67612 640
67613 975
67614 231
67615 787
67616 871
67617 315
67618 788
67619 312
67620 20
67621 456
67622 751
67623 223
67624 185
67625 54
67626 854
67627 502
67628 441
67629 122
67630 546
67631 939
67632 908
67633 560
67634 860
67635 637
67636 21
67637 67
67638 714
67639 111
67640 627
67641 55
67642 845
67643 871
67644 197
67645 401
67646 534
67647 652
67648 43
67649 305
67650 860
67651 708
67652 712
67653 862
67654 527
67655 23
67656 679
67657 597
67658 632
67659 706
67660 326
67661 277
67662 6
67663 269
67664 154
67665 582
67666 91
67667 371
67668 395
67669 363
67670 171
67671 265
67672 514
67673 747
67674 540
67675 777
67676 491
67677 147
67678 781
67679 272
67680 260
67681 676
67682 921
67683 735
67684 335
67685 133
67686 481
67687 490
67688 941
67689 84
67690 438
67691 859
67692 831
67693 831
67694 612
67695 942
67696 605
67697 881
67698 382
67699 286
67700 669
67701 229
67702 262
67703 918
67704 881
67705 268
67706 150
67707 287
67708 874
67709 543
67710 162
67711 964
67712 871
67713 820
67714 510
67715 635
67716 29
67717 718
67718 227
67719 982
67720 808
67721 407
67722 387
67723 428
67724 88
67725 53
67726 823
67727 605
67728 644
67729 382
67730 8
67731 498
67732 892
67733 662
67734 693
67735 236
67736 825
67737 642
67738 394
67739 535
67740 504
67741 733
67742 196
67743 664
67744 666
67745 458
67746 945
67747 374
67748 238
67749 147
67750 275
67751 789
67752 542
67753 631
67754 163
67755 991
67756 449
67757 84
67758 696
67759 423
67760 218
67761 24
67762 752
67763 815
67764 751
67765 712
67766 821
67767 511
67768 169
67769 136
67770 461
67771 225
67772 464
67773 369
67774 470
67775 6
67776 548
67777 206
67778 160
67779 290
67780 619
67781 612
67782 727
67783 658
67784 5
67785 795
67786 135
67787 125
67788 344
67789 239
67790 944
67791 537
67792 177
67793 971
67794 522
67795 210
67796 8
67797 180
67798 808
67799 313
67800 516
67801 421
67802 651
67803 440
67804 48
67805 866
67806 441
67807 228
67808 385
67809 695
67810 470
67811 108
67812 429
67813 465
67814 994
67815 662
67816 505
67817 64
67818 746
67819 978
67820 434
67821 678
67822 208
67823 221
67824 602
67825 680
67826 489
67827 642
67828 495
67829 514
67830 845
67831 564
67832 630
67833 823
67834 65
67835 794
67836 22
67837 374
67838 282
67839 298
67840 434
67841 199
67842 712
67843 387
67844 720
67845 941
67846 757
67847 453
67848 101
67849 769
67850 78
67851 538
67852 120
67853 848
67854 811
67855 197
67856 140
67857 597
67858 875
67859 721
67860 677
67861 723
67862 91
67863 272
67864 607
67865 341
67866 766
67867 665
67868 727
67869 370
67870 191
67871 435
67872 281
67873 665
67874 779
67875 402
67876 2
67877 344
67878 77
67879 911
67880 404
67881 139
67882 676
67883 175
67884 513
67885 578
67886 32
67887 573
67888 760
67889 228
67890 400
67891 405
67892 144
67893 979
67894 900
67895 17
67896 223
67897 122
67898 940
67899 679
67900 268
67901 22
67902 382
67903 904
67904 920
67905 116
67906 290
67907 987
67908 974
67909 444
67910 293
67911 784
67912 604
67913 944
67914 691
67915 144
67916 15
67917 212
67918 766
67919 646
67920 809
67921 825
67922 546
67923 635
67924 213
67925 176
67926 518
67927 661
67928 718
67929 991
67930 702
67931 886
67932 334
67933 764
67934 975
67935 554
67936 585
67937 30
67938 868
67939 373
67940 714
67941 683
67942 193
67943 564
67944 671
67945 808
67946 382
67947 548
67948 665
67949 894
67950 172
67951 131
67952 723
67953 862
67954 389
67955 910
67956 345
67957 353
67958 200
67959 54
67960 463
67961 316
67962 885
67963 63
67964 966
67965 608
67966 755
67967 381
67968 542
67969 132
67970 497
67971 596
67972 395
67973 200
67974 805
67975 401
67976 447
67977 287
67978 747
67979 138
67980 626
67981 676
67982 46
67983 999
67984 634
67985 680
67986 273
67987 24
67988 202
67989 612
67990 356
67991 543
67992 759
67993 647
67994 466
67995 476
67996 327
67997 622
67998 129
67999 641
68000 738
68001 348
68002 124
68003 790
68004 703
68005 432
68006 799
68007 609
68008 206
68009 735
68010 744
68011 277
68012 697
68013 930
68014 289
68015 130
68016 502
68017 4
68018 544
68019 810
68020 311
68021 866
68022 767
68023 360
68024 26
68025 538
68026 814
68027 841
68028 944
68029 110
68030 649
68031 708
68032 314
68033 965
68034 940
68035 343
68036 974
68037 321
68038 858
68039 502
68040 768
68041 77
68042 703
68043 346
68044 168
68045 871
68046 340
68047 905
68048 911
68049 236
68050 418
68051 385
68052 117
68053 394
68054 636
68055 58
68056 632
68057 169
68058 450
68059 301
68060 980
68061 589
68062 40
68063 400
68064 743
68065 11
68066 603
68067 540
68068 909
68069 956
68070 907
68071 448
68072 644
68073 277
68074 25
68075 754
68076 164
68077 18
68078 899
68079 24
68080 556
68081 970
68082 475
68083 799
68084 251
68085 719
68086 81
68087 819
68088 387
68089 874
68090 86
68091 754
68092 522
68093 224
68094 592
68095 270
68096 457
68097 335
68098 38
68099 959
68100 807
68101 558
68102 782
68103 529
68104 102
68105 973
68106 883
68107 190
68108 171
68109 629
68110 67
68111 193
68112 22
68113 520
68114 797
68115 57
68116 384
68117 802
68118 854
68119 352
68120 493
68121 502
68122 814
68123 660
68124 66
68125 617
68126 186
68127 973
68128 665
68129 795
68130 61
68131 542
68132 430
68133 542
68134 942
68135 371
68136 472
68137 470
68138 914
68139 969
68140 553
68141 122
68142 859
68143 76
68144 291
68145 861
68146 671
68147 701
68148 621
68149 378
68150 785
68151 622
68152 171
68153 28
68154 483
68155 469
68156 101
68157 670
68158 193
68159 824
68160 405
68161 191
68162 613
68163 955
68164 718
68165 869
68166 629
68167 876
68168 678
68169 912
68170 502
68171 456
68172 772
68173 397
68174 586
68175 203
68176 87
68177 420
68178 588
68179 459
68180 348
68181 285
68182 548
68183 422
68184 333
68185 59
68186 938
68187 945
68188 405
68189 167
68190 849
68191 728
68192 856
68193 639
68194 491
68195 117
68196 112
68197 492
68198 427
68199 370
68200 272
68201 619
68202 964
68203 81
68204 40
68205 159
68206 928
68207 226
68208 136
68209 671
68210 498
68211 57
68212 467
68213 888
68214 970
68215 425
68216 372
68217 343
68218 590
68219 615
68220 536
68221 993
68222 856
68223 733
68224 118
68225 478
68226 930
68227 390
68228 26
68229 316
68230 383
68231 842
68232 279
68233 359
68234 534
68235 106
68236 514
68237 753
68238 303
68239 172
68240 619
68241 98
68242 52
68243 11
68244 942
68245 325
68246 585
68247 149
68248 368
68249 852
68250 139
68251 489
68252 44
68253 182
68254 652
68255 882
68256 363
68257 504
68258 252
68259 448
68260 889
68261 626
68262 292
68263 854
68264 346
68265 679
68266 241
68267 987
68268 497
68269 242
68270 52
68271 975
68272 46
68273 524
68274 988
68275 914
68276 849
68277 178
68278 982
68279 226
68280 274
68281 104
68282 469
68283 90
68284 687
68285 906
68286 878
68287 994
68288 477
68289 213
68290 589
68291 510
68292 939
68293 287
68294 884
68295 740
68296 789
68297 777
68298 217
68299 611
68300 403
68301 241
68302 310
68303 819
68304 149
68305 220
68306 303
68307 729
68308 996
68309 172
68310 952
68311 281
68312 381
68313 359
68314 139
68315 12
68316 679
68317 444
68318 705
68319 71
68320 892
68321 496
68322 42
68323 844
68324 245
68325 582
68326 777
68327 682
68328 31
68329 212
68330 700
68331 711
68332 205
68333 514
68334 535
68335 56
68336 769
68337 33
68338 816
68339 842
68340 448
68341 825
68342 256
68343 447
68344 278
68345 785
68346 954
68347 998
68348 439
68349 644
68350 481
68351 110
68352 776
68353 808
68354 217
68355 865
68356 30
68357 523
68358 51
68359 277
68360 819
68361 685
68362 305
68363 157
68364 865
68365 46
68366 876
68367 369
68368 481
68369 112
68370 994
68371 123
68372 380
68373 79
68374 385
68375 997
68376 69
68377 425
68378 349
68379 735
68380 376
68381 993
68382 730
68383 630
68384 702
68385 795
68386 471
68387 373
68388 764
68389 614
68390 334
68391 113
68392 309
68393 39
68394 647
68395 988
68396 617
68397 225
68398 340
68399 101
68400 767
68401 399
68402 692
68403 265
68404 750
68405 665
68406 464
68407 751
68408 515
68409 266
68410 334
68411 958
68412 811
68413 783
68414 157
68415 426
68416 515
68417 343
68418 544
68419 451
68420 825
68421 314
68422 263
68423 71
68424 79
68425 323
68426 383
68427 816
68428 558
68429 638
68430 59
68431 444
68432 593
68433 903
68434 867
68435 617
68436 714
68437 861
68438 919
68439 761
68440 667
68441 695
68442 839
68443 229
68444 588
68445 505
68446 384
68447 202
68448 888
68449 672
68450 455
68451 869
68452 309
68453 49
68454 960
68455 339
68456 370
68457 801
68458 643
68459 8
68460 56
68461 320
68462 252
68463 513
68464 852
68465 304
68466 22
68467 867
68468 94
68469 342
68470 796
68471 30
68472 539
68473 993
68474 144
68475 82
68476 116
68477 645
68478 987
68479 96
68480 793
68481 333
68482 851
68483 322
68484 620
68485 43
68486 391
68487 25
68488 946
68489 403
68490 649
68491 800
68492 486
68493 505
68494 892
68495 249
68496 72
68497 716
68498 626
68499 869
68500 967
68501 699
68502 582
68503 545
68504 453
68505 48
68506 148
68507 400
68508 75
68509 287
68510 795
68511 927
68512 666
68513 167
68514 493
68515 396
68516 180
68517 220
68518 96
68519 885
68520 651
68521 215
68522 502
68523 49
68524 82
68525 38
68526 909
68527 797
68528 293
68529 282
68530 694
68531 251
68532 233
68533 802
68534 432
68535 11
68536 801
68537 291
68538 522
68539 41
68540 572
68541 447
68542 80
68543 340
68544 452
68545 807
68546 922
68547 625
68548 470
68549 861
68550 55
68551 931
68552 976
68553 582
68554 643
68555 869
68556 79
68557 514
68558 322
68559 790
68560 63
68561 508
68562 817
68563 742
68564 214
68565 124
68566 456
68567 562
68568 561
68569 531
68570 257
68571 308
68572 638
68573 114
68574 308
68575 862
68576 30
68577 269
68578 736
68579 469
68580 376
68581 510
68582 13
68583 830
68584 369
68585 594
68586 202
68587 604
68588 94
68589 946
68590 79
68591 954
68592 323
68593 769
68594 655
68595 35
68596 601
68597 883
68598 437
68599 633
68600 377
68601 574
68602 816
68603 417
68604 602
68605 162
68606 596
68607 87
68608 655
68609 722
68610 975
68611 323
68612 794
68613 813
68614 649
68615 418
68616 118
68617 283
68618 208
68619 397
68620 417
68621 129
68622 766
68623 419
68624 89
68625 972
68626 980
68627 197
68628 512
68629 27
68630 180
68631 332
68632 734
68633 772
68634 590
68635 679
68636 671
68637 323
68638 796
68639 277
68640 677
68641 691
68642 696
68643 384
68644 845
68645 979
68646 75
68647 274
68648 635
68649 493
68650 969
68651 428
68652 962
68653 208
68654 415
68655 820
68656 345
68657 866
68658 126
68659 908
68660 871
68661 810
68662 739
68663 993
68664 109
68665 244
68666 355
68667 24
68668 410
68669 687
68670 777
68671 671
68672 2
68673 243
68674 729
68675 112
68676 522
68677 417
68678 321
68679 989
68680 333
68681 263
68682 872
68683 172
68684 688
68685 624
68686 714
68687 683
68688 430
68689 293
68690 736
68691 848
68692 857
68693 752
68694 141
68695 618
68696 451
68697 599
68698 890
68699 932
68700 498
68701 797
68702 213
68703 65
68704 353
68705 21
68706 668
68707 164
68708 863
68709 564
68710 186
68711 805
68712 230
68713 707
68714 521
68715 379
68716 824
68717 406
68718 730
68719 318
68720 669
68721 337
68722 894
68723 922
68724 41
68725 963
68726 116
68727 475
68728 350
68729 678
68730 71
68731 62
68732 577
68733 734
68734 198
68735 941
68736 245
68737 693
68738 759
68739 450
68740 333
68741 607
68742 567
68743 920
68744 43
68745 559
68746 398
68747 884
68748 72
68749 848
68750 184
68751 974
68752 862
68753 28
68754 94
68755 940
68756 846
68757 261
68758 175
68759 326
68760 93
68761 227
68762 795
68763 426
68764 663
68765 320
68766 450
68767 233
68768 133
68769 181
68770 945
68771 833
68772 684
68773 522
68774 574
68775 439
68776 960
68777 658
68778 79
68779 411
68780 728
68781 307
68782 527
68783 146
68784 521
68785 10
68786 694
68787 197
68788 449
68789 917
68790 377
68791 344
68792 649
68793 33
68794 690
68795 93
68796 408
68797 996
68798 347
68799 232
68800 830
68801 497
68802 453
68803 689
68804 805
68805 233
68806 547
68807 440
68808 552
68809 443
68810 761
68811 7
68812 750
68813 382
68814 746
68815 908
68816 89
68817 735
68818 140
68819 817
68820 779
68821 961
68822 364
68823 91
68824 211
68825 241
68826 489
68827 253
68828 416
68829 793
68830 596
68831 562
68832 993
68833 734
68834 552
68835 922
68836 624
68837 243
68838 444
68839 547
68840 985
68841 194
68842 383
68843 64
68844 81
68845 795
68846 306
68847 288
68848 463
68849 746
68850 572
68851 791
68852 255
68853 334
68854 690
68855 488
68856 509
68857 331
68858 737
68859 355
68860 363
68861 73
68862 274
68863 581
68864 775
68865 993
68866 386
68867 257
68868 421
68869 194
68870 905
68871 34
68872 689
68873 388
68874 550
68875 576
68876 39
68877 648
68878 253
68879 404
68880 597
68881 900
68882 526
68883 852
68884 597
68885 22
68886 384
68887 558
68888 67
68889 271
68890 432
68891 86
68892 697
68893 237
68894 328
68895 26
68896 793
68897 571
68898 568
68899 189
68900 876
68901 602
68902 57
68903 510
68904 170
68905 132
68906 154
68907 825
68908 651
68909 228
68910 363
68911 515
68912 495
68913 869
68914 11
68915 780
68916 358
68917 303
68918 426
68919 245
68920 990
68921 264
68922 708
68923 663
68924 796
68925 885
68926 413
68927 997
68928 207
68929 976
68930 704
68931 804
68932 89
68933 348
68934 798
68935 87
68936 868
68937 912
68938 177
68939 580
68940 857
68941 490
68942 261
68943 532
68944 431
68945 415
68946 680
68947 55
68948 663
68949 89
68950 57
68951 564
68952 589
68953 683
68954 992
68955 737
68956 202
68957 86
68958 189
68959 963
68960 84
68961 5
68962 961
68963 407
68964 388
68965 828
68966 32
68967 164
68968 954
68969 684
68970 805
68971 209
68972 818
68973 813
68974 252
68975 845
68976 142
68977 399
68978 941
68979 56
68980 20
68981 590
68982 750
68983 355
68984 663
68985 400
68986 256
68987 198
68988 554
68989 783
68990 260
68991 38
68992 138
68993 101
68994 368
68995 639
68996 572
68997 826
68998 565
68999 961
69000 834
69001 645
69002 191
69003 452
69004 761
69005 876
69006 738
69007 326
69008 552
69009 581
69010 570
69011 536
69012 282
69013 249
69014 203
69015 519
69016 824
69017 305
69018 472
69019 656
69020 392
69021 979
69022 224
69023 481
69024 79
69025 246
69026 455
69027 707
69028 789
69029 423
69030 676
69031 179
69032 506
69033 427
69034 630
69035 334
69036 136
69037 404
69038 959
69039 530
69040 252
69041 295
69042 199
69043 178
69044 324
69045 405
69046 2
69047 930
69048 819
69049 32
69050 204
69051 375
69052 29
69053 73
69054 395
69055 161
69056 500
69057 94
69058 774
69059 81
69060 398
69061 648
69062 647
69063 564
69064 657
69065 447
69066 140
69067 850
69068 408
69069 619
69070 786
69071 519
69072 607
69073 482
69074 709
69075 384
69076 896
69077 688
69078 970
69079 423
69080 70
69081 84
69082 412
69083 951
69084 101
69085 259
69086 839
69087 26
69088 76
69089 150
69090 962
69091 487
69092 34
69093 70
69094 360
69095 514
69096 412
69097 940
69098 174
69099 644
69100 471
69101 876
69102 172
69103 604
69104 643
69105 153
69106 334
69107 563
69108 741
69109 344
69110 4
69111 949
69112 902
69113 583
69114 253
69115 423
69116 571
69117 80
69118 308
69119 153
69120 814
69121 353
69122 660
69123 713
69124 160
69125 324
69126 47
69127 71
69128 760
69129 253
69130 278
69131 728
69132 234
69133 668
69134 78
69135 288
69136 436
69137 730
69138 663
69139 897
69140 959
69141 355
69142 396
69143 672
69144 824
69145 282
69146 848
69147 69
69148 785
69149 622
69150 751
69151 118
69152 157
69153 508
69154 40
69155 549
69156 103
69157 288
69158 590
69159 364
69160 419
69161 577
69162 195
69163 572
69164 183
69165 179
69166 645
69167 765
69168 632
69169 357
69170 380
69171 739
69172 655
69173 298
69174 477
69175 450
69176 241
69177 882
69178 407
69179 306
69180 199
69181 691
69182 104
69183 377
69184 122
69185 573
69186 117
69187 325
69188 454
69189 765
69190 448
69191 741
69192 570
69193 568
69194 843
69195 13
69196 38
69197 331
69198 183
69199 27
69200 318
69201 450
69202 559
69203 693
69204 94
69205 951
69206 275
69207 226
69208 923
69209 689
69210 991
69211 952
69212 146
69213 526
69214 297
69215 383
69216 254
69217 704
69218 256
69219 735
69220 331
69221 29
69222 4
69223 830
69224 73
69225 125
69226 307
69227 589
69228 975
69229 117
69230 177
69231 302
69232 582
69233 135
69234 480
69235 11
69236 769
69237 118
69238 580
69239 424
69240 790
69241 704
69242 151
69243 311
69244 745
69245 188
69246 838
69247 353
69248 92
69249 979
69250 791
69251 758
69252 921
69253 498
69254 86
69255 551
69256 215
69257 294
69258 411
69259 118
69260 447
69261 781
69262 599
69263 35
69264 118
69265 265
69266 903
69267 873
69268 947
69269 13
69270 288
69271 714
69272 281
69273 887
69274 431
69275 712
69276 310
69277 53
69278 97
69279 167
69280 219
69281 817
69282 272
69283 419
69284 857
69285 355
69286 882
69287 721
69288 541
69289 780
69290 353
69291 610
69292 845
69293 625
69294 765
69295 579
69296 497
69297 574
69298 438
69299 119
69300 322
69301 909
69302 705
69303 35
69304 149
69305 466
69306 108
69307 673
69308 534
69309 114
69310 383
69311 662
69312 127
69313 485
69314 281
69315 68
69316 866
69317 231
69318 131
69319 994
69320 687
69321 641
69322 395
69323 319
69324 630
69325 833
69326 687
69327 869
69328 577
69329 785
69330 438
69331 808
69332 981
69333 426
69334 430
69335 541
69336 291
69337 53
69338 385
69339 131
69340 881
69341 911
69342 381
69343 740
69344 131
69345 317
69346 93
69347 314
69348 864
69349 481
69350 697
69351 850
69352 455
69353 683
69354 912
69355 354
69356 243
69357 211
69358 182
69359 927
69360 525
69361 783
69362 825
69363 919
69364 887
69365 997
69366 653
69367 634
69368 833
69369 853
69370 352
69371 496
69372 655
69373 534
69374 464
69375 339
69376 59
69377 90
69378 952
69379 486
69380 148
69381 986
69382 39
69383 180
69384 467
69385 374
69386 976
69387 515
69388 510
69389 763
69390 431
69391 417
69392 649
69393 136
69394 801
69395 632
69396 290
69397 442
69398 402
69399 176
69400 24
69401 59
69402 469
69403 347
69404 373
69405 380
69406 336
69407 42
69408 77
69409 424
69410 676
69411 107
69412 471
69413 321
69414 923
69415 706
69416 674
69417 478
69418 418
69419 521
69420 310
69421 785
69422 485
69423 839
69424 364
69425 369
69426 335
69427 772
69428 132
69429 355
69430 159
69431 302
69432 286
69433 979
69434 309
69435 679
69436 875
69437 808
69438 165
69439 712
69440 352
69441 527
69442 493
69443 459
69444 406
69445 531
69446 605
69447 359
69448 47
69449 342
69450 702
69451 363
69452 987
69453 917
69454 434
69455 797
69456 388
69457 805
69458 494
69459 984
69460 543
69461 145
69462 436
69463 800
69464 339
69465 837
69466 497
69467 295
69468 366
69469 159
69470 43
69471 181
69472 888
69473 350
69474 651
69475 587
69476 687
69477 979
69478 476
69479 575
69480 470
69481 794
69482 964
69483 891
69484 267
69485 469
69486 630
69487 562
69488 359
69489 121
69490 595
69491 781
69492 41
69493 151
69494 107
69495 886
69496 603
69497 672
69498 139
69499 577
69500 40
69501 907
69502 951
69503 222
69504 404
69505 893
69506 551
69507 673
69508 168
69509 452
69510 635
69511 270
69512 255
69513 202
69514 558
69515 658
69516 958
69517 646
69518 665
69519 434
69520 14
69521 160
69522 832
69523 918
69524 267
69525 129
69526 942
69527 765
69528 14
69529 616
69530 207
69531 277
69532 977
69533 643
69534 283
69535 251
69536 705
69537 981
69538 474
69539 177
69540 710
69541 140
69542 652
69543 264
69544 644
69545 374
69546 660
69547 541
69548 312
69549 14
69550 160
69551 29
69552 785
69553 838
69554 406
69555 61
69556 638
69557 282
69558 419
69559 179
69560 14
69561 526
69562 962
69563 516
69564 212
69565 514
69566 464
69567 970
69568 490
69569 371
69570 438
69571 401
69572 687
69573 25
69574 681
69575 507
69576 964
69577 693
69578 78
69579 183
69580 272
69581 172
69582 279
69583 650
69584 55
69585 485
69586 391
69587 976
69588 959
69589 998
69590 654
69591 316
69592 222
69593 402
69594 865
69595 132
69596 360
69597 775
69598 478
69599 824
69600 820
69601 694
69602 242
69603 876
69604 448
69605 18
69606 988
69607 105
69608 760
69609 337
69610 284
69611 493
69612 287
69613 187
69614 110
69615 97
69616 403
69617 948
69618 87
69619 73
69620 564
69621 791
69622 907
69623 753
69624 806
69625 831
69626 726
69627 504
69628 765
69629 355
69630 141
69631 607
69632 978
69633 723
69634 263
69635 988
69636 885
69637 224
69638 829
69639 131
69640 181
69641 599
69642 247
69643 728
69644 244
69645 735
69646 340
69647 296
69648 825
69649 817
69650 154
69651 253
69652 924
69653 513
69654 207
69655 756
69656 483
69657 812
69658 566
69659 75
69660 160
69661 128
69662 444
69663 723
69664 927
69665 588
69666 128
69667 311
69668 340
69669 577
69670 766
69671 771
69672 153
69673 598
69674 207
69675 56
69676 572
69677 255
69678 328
69679 79
69680 481
69681 907
69682 902
69683 625
69684 915
69685 11
69686 998
69687 68
69688 383
69689 77
69690 880
69691 602
69692 716
69693 721
69694 220
69695 362
69696 606
69697 907
69698 398
69699 13
69700 393
69701 689
69702 48
69703 188
69704 846
69705 820
69706 49
69707 320
69708 219
69709 360
69710 46
69711 170
69712 200
69713 123
69714 249
69715 769
69716 274
69717 199
69718 772
69719 522
69720 572
69721 527
69722 579
69723 574
69724 808
69725 865
69726 318
69727 713
69728 555
69729 900
69730 463
69731 5
69732 543
69733 140
69734 840
69735 419
69736 125
69737 679
69738 177
69739 384
69740 130
69741 344
69742 977
69743 623
69744 299
69745 58
69746 702
69747 579
69748 148
69749 989
69750 449
69751 546
69752 681
69753 684
69754 97
69755 463
69756 234
69757 231
69758 901
69759 116
69760 791
69761 777
69762 553
69763 382
69764 979
69765 170
69766 375
69767 834
69768 657
69769 955
69770 451
69771 733
69772 835
69773 868
69774 557
69775 260
69776 48
69777 155
69778 697
69779 205
69780 595
69781 930
69782 285
69783 915
69784 50
69785 236
69786 10
69787 28
69788 851
69789 494
69790 596
69791 360
69792 259
69793 962
69794 987
69795 680
69796 168
69797 814
69798 255
69799 462
69800 783
69801 57
69802 406
69803 539
69804 51
69805 849
69806 131
69807 889
69808 741
69809 608
69810 107
69811 576
69812 27
69813 671
69814 787
69815 356
69816 597
69817 720
69818 921
69819 170
69820 456
69821 924
69822 409
69823 237
69824 54
69825 671
69826 298
69827 735
69828 872
69829 719
69830 600
69831 95
69832 860
69833 488
69834 614
69835 900
69836 675
69837 457
69838 52
69839 248
69840 748
69841 367
69842 380
69843 738
69844 304
69845 303
69846 756
69847 331
69848 566
69849 425
69850 883
69851 276
69852 73
69853 285
69854 510
69855 257
69856 132
69857 317
69858 829
69859 480
69860 169
69861 9
69862 596
69863 944
69864 828
69865 806
69866 58
69867 164
69868 246
69869 167
69870 827
69871 840
69872 45
69873 323
69874 652
69875 419
69876 555
69877 332
69878 245
69879 816
69880 773
69881 307
69882 538
69883 754
69884 220
69885 881
69886 761
69887 779
69888 470
69889 272
69890 885
69891 547
69892 784
69893 808
69894 481
69895 900
69896 624
69897 20
69898 405
69899 189
69900 814
69901 303
69902 778
69903 532
69904 554
69905 60
69906 139
69907 850
69908 23
69909 888
69910 350
69911 172
69912 131
69913 140
69914 25
69915 345
69916 674
69917 550
69918 466
69919 954
69920 446
69921 758
69922 485
69923 639
69924 174
69925 768
69926 930
69927 640
69928 337
69929 69
69930 18
69931 855
69932 718
69933 860
69934 917
69935 228
69936 85
69937 0
69938 554
69939 45
69940 484
69941 489
69942 313
69943 451
69944 453
69945 788
69946 258
69947 62
69948 405
69949 576
69950 21
69951 253
69952 490
69953 381
69954 537
69955 351
69956 875
69957 119
69958 142
69959 538
69960 77
69961 210
69962 407
69963 723
69964 725
69965 977
69966 797
69967 501
69968 41
69969 812
69970 698
69971 851
69972 46
69973 822
69974 425
69975 990
69976 924
69977 522
69978 661
69979 696
69980 79
69981 593
69982 721
69983 833
69984 963
69985 96
69986 511
69987 478
69988 115
69989 536
69990 815
69991 442
69992 76
69993 689
69994 598
69995 464
69996 769
69997 864
69998 633
69999 290
70000 142
70001 452
70002 736
70003 106
70004 636
70005 425
70006 546
70007 800
70008 800
70009 587
70010 179
70011 758
70012 666
70013 784
70014 930
70015 851
70016 148
70017 13
70018 256
70019 327
70020 923
70021 587
70022 464
70023 277
70024 92
70025 718
70026 257
70027 700
70028 408
70029 643
70030 943
70031 332
70032 783
70033 531
70034 911
70035 809
70036 586
70037 51
70038 354
70039 866
70040 492
70041 199
70042 562
70043 625
70044 384
70045 600
70046 299
70047 767
70048 950
70049 72
70050 997
70051 660
70052 560
70053 850
70054 837
70055 912
70056 928
70057 378
70058 761
70059 550
70060 18
70061 146
70062 767
70063 748
70064 686
70065 359
70066 422
70067 718
70068 489
70069 306
70070 359
70071 720
70072 338
70073 47
70074 319
70075 269
70076 788
70077 497
70078 927
70079 494
70080 884
70081 740
70082 456
70083 394
70084 684
70085 942
70086 910
70087 518
70088 124
70089 879
70090 211
70091 341
70092 914
70093 674
70094 834
70095 975
70096 91
70097 785
70098 777
70099 407
70100 282
70101 54
70102 989
70103 342
70104 200
70105 534
70106 856
70107 818
70108 305
70109 709
70110 719
70111 723
70112 261
70113 123
70114 335
70115 872
70116 641
70117 760
70118 133
70119 508
70120 90
70121 666
70122 528
70123 700
70124 93
70125 959
70126 655
70127 297
70128 995
70129 943
70130 372
70131 88
70132 465
70133 909
70134 21
70135 265
70136 913
70137 970
70138 697
70139 858
70140 889
70141 21
70142 844
70143 693
70144 657
70145 11
70146 611
70147 729
70148 961
70149 467
70150 992
70151 241
70152 554
70153 334
70154 129
70155 917
70156 153
70157 195
70158 546
70159 198
70160 32
70161 360
70162 854
70163 484
70164 373
70165 455
70166 184
70167 976
70168 131
70169 524
70170 439
70171 938
70172 137
70173 12
70174 115
70175 198
70176 249
70177 330
70178 663
70179 42
70180 713
70181 995
70182 647
70183 440
70184 931
70185 504
70186 938
70187 470
70188 219
70189 331
70190 761
70191 555
70192 616
70193 399
70194 509
70195 979
70196 360
70197 574
70198 802
70199 358
70200 450
70201 186
70202 619
70203 922
70204 893
70205 7
70206 762
70207 532
70208 321
70209 741
70210 811
70211 718
70212 840
70213 895
70214 534
70215 508
70216 487
70217 535
70218 51
70219 798
70220 389
70221 620
70222 763
70223 858
70224 909
70225 6
70226 130
70227 448
70228 549
70229 407
70230 247
70231 205
70232 0
70233 789
70234 432
70235 739
70236 197
70237 585
70238 81
70239 140
70240 336
70241 53
70242 963
70243 899
70244 478
70245 284
70246 408
70247 926
70248 875
70249 879
70250 271
70251 974
70252 481
70253 39
70254 504
70255 958
70256 817
70257 217
70258 658
70259 643
70260 230
70261 18
70262 553
70263 119
70264 130
70265 512
70266 384
70267 479
70268 593
70269 957
70270 846
70271 360
70272 536
70273 889
70274 61
70275 207
70276 107
70277 173
70278 462
70279 939
70280 876
70281 820
70282 663
70283 98
70284 869
70285 62
70286 623
70287 300
70288 821
70289 664
70290 808
70291 607
70292 695
70293 521
70294 980
70295 287
70296 466
70297 346
70298 66
70299 692
70300 853
70301 839
70302 568
70303 839
70304 369
70305 796
70306 203
70307 381
70308 354
70309 608
70310 563
70311 447
70312 103
70313 660
70314 667
70315 808
70316 766
70317 113
70318 430
70319 77
70320 273
70321 422
70322 707
70323 939
70324 900
70325 791
70326 125
70327 993
70328 988
70329 545
70330 816
70331 309
70332 92
70333 248
70334 380
70335 381
70336 150
70337 762
70338 793
70339 560
70340 139
70341 950
70342 976
70343 224
70344 924
70345 634
70346 622
70347 218
70348 746
70349 834
70350 990
70351 324
70352 704
70353 51
70354 585
70355 517
70356 301
70357 642
70358 377
70359 474
70360 531
70361 305
70362 757
70363 423
70364 6
70365 675
70366 167
70367 693
70368 139
70369 599
70370 145
70371 550
70372 435
70373 176
70374 574
70375 192
70376 382
70377 962
70378 797
70379 194
70380 526
70381 826
70382 143
70383 979
70384 975
70385 770
70386 7
70387 660
70388 268
70389 682
70390 398
70391 211
70392 269
70393 710
70394 336
70395 80
70396 198
70397 390
70398 517
70399 543
70400 172
70401 504
70402 795
70403 331
70404 882
70405 210
70406 756
70407 608
70408 550
70409 587
70410 111
70411 691
70412 961
70413 690
70414 153
70415 341
70416 753
70417 369
70418 181
70419 844
70420 151
70421 689
70422 954
70423 197
70424 591
70425 784
70426 427
70427 793
70428 420
70429 492
70430 146
70431 92
70432 498
70433 24
70434 324
70435 34
70436 257
70437 352
70438 835
70439 300
70440 948
70441 417
70442 753
70443 664
70444 105
70445 364
70446 758
70447 324
70448 807
70449 8
70450 206
70451 603
70452 952
70453 280
70454 724
70455 619
70456 324
70457 680
70458 434
70459 303
70460 293
70461 689
70462 724
70463 776
70464 29
70465 108
70466 799
70467 71
70468 839
70469 67
70470 235
70471 546
70472 397
70473 442
70474 260
70475 481
70476 819
70477 464
70478 299
70479 344
70480 482
70481 435
70482 957
70483 695
70484 184
70485 66
70486 44
70487 259
70488 821
70489 273
70490 451
70491 795
70492 65
70493 452
70494 273
70495 190
70496 852
70497 481
70498 102
70499 31
70500 336
70501 183
70502 550
70503 218
70504 704
70505 341
70506 104
70507 79
70508 133
70509 771
70510 625
70511 877
70512 435
70513 211
70514 204
70515 604
70516 445
70517 562
70518 159
70519 685
70520 27
70521 81
70522 732
70523 8
70524 822
70525 211
70526 996
70527 769
70528 615
70529 876
70530 224
70531 217
70532 722
70533 998
70534 591
70535 737
70536 577
70537 334
70538 830
70539 108
70540 239
70541 776
70542 773
70543 674
70544 165
70545 142
70546 575
70547 780
70548 783
70549 154
70550 624
70551 143
70552 926
70553 749
70554 967
70555 856
70556 84
70557 930
70558 42
70559 199
70560 636
70561 262
70562 804
70563 599
70564 64
70565 514
70566 580
70567 685
70568 842
70569 525
70570 210
70571 74
70572 975
70573 41
70574 13
70575 222
70576 531
70577 807
70578 334
70579 427
70580 350
70581 236
70582 113
70583 632
70584 787
70585 87
70586 963
70587 570
70588 320
70589 388
70590 715
70591 838
70592 416
70593 459
70594 834
70595 399
70596 930
70597 822
70598 967
70599 908
70600 475
70601 979
70602 395
70603 486
70604 950
70605 127
70606 324
70607 452
70608 810
70609 768
70610 212
70611 485
70612 442
70613 955
70614 14
70615 108
70616 103
70617 817
70618 930
70619 446
70620 9
70621 702
70622 830
70623 849
70624 158
70625 122
70626 218
70627 158
70628 773
70629 509
70630 33
70631 964
70632 24
70633 477
70634 175
70635 995
70636 692
70637 25
70638 822
70639 349
70640 111
70641 853
70642 123
70643 987
70644 449
70645 775
70646 532
70647 537
70648 68
70649 768
70650 738
70651 253
70652 792
70653 201
70654 106
70655 909
70656 675
70657 566
70658 304
70659 623
70660 230
70661 167
70662 691
70663 303
70664 43
70665 12
70666 264
70667 2
70668 244
70669 908
70670 383
70671 796
70672 837
70673 608
70674 799
70675 104
70676 269
70677 911
70678 284
70679 165
70680 37
70681 0
70682 501
70683 754
70684 74
70685 52
70686 19
70687 824
70688 207
70689 27
70690 153
70691 259
70692 685
70693 659
70694 757
70695 444
70696 72
70697 415
70698 696
70699 43
70700 147
70701 415
70702 67
70703 812
70704 315
70705 671
70706 248
70707 444
70708 234
70709 467
70710 13
70711 948
70712 366
70713 331
70714 160
70715 726
70716 272
70717 14
70718 947
70719 797
70720 467
70721 201
70722 221
70723 469
70724 854
70725 519
70726 419
70727 96
70728 752
70729 608
70730 833
70731 984
70732 767
70733 143
70734 695
70735 121
70736 532
70737 918
70738 942
70739 654
70740 734
70741 975
70742 850
70743 165
70744 836
70745 814
70746 475
70747 824
70748 505
70749 858
70750 201
70751 171
70752 106
70753 210
70754 11
70755 912
70756 501
70757 804
70758 303
70759 544
70760 541
70761 247
70762 385
70763 956
70764 887
70765 267
70766 6
70767 405
70768 393
70769 362
70770 995
70771 358
70772 557
70773 234
70774 281
70775 126
70776 703
70777 775
70778 345
70779 961
70780 12
70781 629
70782 863
70783 586
70784 579
70785 887
70786 279
70787 431
70788 900
70789 884
70790 278
70791 487
70792 516
70793 296
70794 458
70795 134
70796 982
70797 1
70798 192
70799 895
70800 333
70801 273
70802 42
70803 805
70804 903
70805 395
70806 747
70807 892
70808 879
70809 949
70810 7
70811 922
70812 26
70813 150
70814 32
70815 187
70816 183
70817 183
70818 365
70819 640
70820 770
70821 190
70822 203
70823 226
70824 948
70825 950
70826 656
70827 822
70828 384
70829 788
70830 647
70831 572
70832 666
70833 115
70834 177
70835 762
70836 27
70837 955
70838 378
70839 679
70840 112
70841 191
70842 380
70843 137
70844 878
70845 722
70846 263
70847 23
70848 68
70849 882
70850 785
70851 897
70852 956
70853 671
70854 416
70855 532
70856 70
70857 916
70858 879
70859 811
70860 355
70861 539
70862 271
70863 694
70864 2
70865 559
70866 836
70867 697
70868 13
70869 873
70870 443
70871 861
70872 491
70873 718
70874 122
70875 607
70876 713
70877 945
70878 398
70879 574
70880 453
70881 18
70882 692
70883 957
70884 706
70885 695
70886 825
70887 377
70888 774
70889 559
70890 476
70891 567
70892 588
70893 727
70894 912
70895 975
70896 633
70897 966
70898 268
70899 923
70900 813
70901 495
70902 125
70903 780
70904 399
70905 909
70906 7
70907 222
70908 26
70909 781
70910 48
70911 365
70912 598
70913 220
70914 32
70915 393
70916 119
70917 556
70918 281
70919 838
70920 367
70921 295
70922 587
70923 482
70924 182
70925 66
70926 979
70927 639
70928 62
70929 658
70930 610
70931 266
70932 114
70933 619
70934 836
70935 494
70936 725
70937 970
70938 151
70939 99
70940 112
70941 795
70942 604
70943 192
70944 218
70945 211
70946 270
70947 375
70948 422
70949 350
70950 238
70951 502
70952 788
70953 474
70954 347
70955 903
70956 822
70957 779
70958 84
70959 831
70960 130
70961 898
70962 744
70963 698
70964 650
70965 211
70966 213
70967 222
70968 967
70969 141
70970 317
70971 391
70972 43
70973 367
70974 922
70975 971
70976 614
70977 172
70978 297
70979 704
70980 358
70981 801
70982 486
70983 563
70984 823
70985 569
70986 433
70987 206
70988 793
70989 410
70990 202
70991 416
70992 11
70993 144
70994 384
70995 87
70996 628
70997 807
70998 518
70999 561
71000 608
71001 199
71002 974
71003 560
71004 138
71005 708
71006 528
71007 802
71008 327
71009 908
71010 534
71011 920
71012 86
71013 354
71014 679
71015 408
71016 692
71017 361
71018 700
71019 225
71020 415
71021 802
71022 308
71023 281
71024 186
71025 96
71026 930
71027 475
71028 497
71029 535
71030 330
71031 328
71032 140
71033 551
71034 685
71035 324
71036 676
71037 669
71038 325
71039 77
71040 502
71041 150
71042 662
71043 719
71044 33
71045 951
71046 732
71047 177
71048 764
71049 505
71050 199
71051 115
71052 783
71053 353
71054 74
71055 250
71056 617
71057 381
71058 419
71059 791
71060 295
71061 511
71062 733
71063 285
71064 608
71065 265
71066 865
71067 321
71068 284
71069 636
71070 177
71071 513
71072 83
71073 654
71074 203
71075 410
71076 737
71077 386
71078 121
71079 483
71080 187
71081 854
71082 985
71083 388
71084 102
71085 895
71086 345
71087 135
71088 250
71089 477
71090 550
71091 60
71092 752
71093 343
71094 965
71095 270
71096 161
71097 466
71098 752
71099 663
71100 189
71101 443
71102 674
71103 331
71104 897
71105 501
71106 190
71107 722
71108 136
71109 169
71110 235
71111 461
71112 325
71113 560
71114 281
71115 39
71116 268
71117 170
71118 249
71119 538
71120 397
71121 138
71122 917
71123 231
71124 163
71125 561
71126 185
71127 632
71128 92
71129 864
71130 823
71131 957
71132 525
71133 314
71134 809
71135 738
71136 267
71137 686
71138 550
71139 571
71140 175
71141 939
71142 938
71143 552
71144 804
71145 215
71146 538
71147 888
71148 726
71149 519
71150 869
71151 143
71152 277
71153 354
71154 125
71155 439
71156 706
71157 401
71158 427
71159 587
71160 294
71161 380
71162 485
71163 375
71164 640
71165 514
71166 877
71167 760
71168 813
71169 756
71170 892
71171 232
71172 593
71173 177
71174 268
71175 211
71176 161
71177 217
71178 826
71179 231
71180 759
71181 156
71182 760
71183 758
71184 520
71185 740
71186 55
71187 210
71188 340
71189 581
71190 723
71191 13
71192 627
71193 305
71194 836
71195 292
71196 119
71197 1
71198 475
71199 178
71200 752
71201 997
71202 500
71203 28
71204 554
71205 745
71206 561
71207 329
71208 800
71209 291
71210 137
71211 61
71212 188
71213 277
71214 158
71215 861
71216 213
71217 221
71218 796
71219 879
71220 709
71221 460
71222 903
71223 395
71224 991
71225 103
71226 541
71227 658
71228 720
71229 846
71230 789
71231 450
71232 449
71233 112
71234 712
71235 368
71236 231
71237 796
71238 497
71239 626
71240 363
71241 395
71242 134
71243 901
71244 456
71245 87
71246 664
71247 17
71248 539
71249 676
71250 56
71251 73
71252 816
71253 568
71254 961
71255 798
71256 0
71257 758
71258 478
71259 257
71260 22
71261 633
71262 507
71263 11
71264 190
71265 611
71266 191
71267 259
71268 593
71269 932
71270 136
71271 488
71272 717
71273 444
71274 698
71275 534
71276 952
71277 262
71278 472
71279 609
71280 20
71281 729
71282 735
71283 719
71284 296
71285 286
71286 308
71287 736
71288 259
71289 726
71290 381
71291 746
71292 645
71293 166
71294 34
71295 500
71296 958
71297 618
71298 739
71299 531
71300 599
71301 189
71302 780
71303 157
71304 881
71305 84
71306 208
71307 940
71308 215
71309 975
71310 40
71311 67
71312 568
71313 451
71314 449
71315 474
71316 390
71317 270
71318 822
71319 265
71320 640
71321 198
71322 153
71323 243
71324 192
71325 286
71326 28
71327 1
71328 661
71329 378
71330 753
71331 235
71332 693
71333 524
71334 775
71335 507
71336 432
71337 157
71338 453
71339 859
71340 706
71341 551
71342 228
71343 503
71344 481
71345 15
71346 986
71347 795
71348 691
71349 356
71350 877
71351 32
71352 135
71353 413
71354 344
71355 598
71356 581
71357 667
71358 96
71359 495
71360 909
71361 72
71362 226
71363 443
71364 974
71365 970
71366 266
71367 993
71368 120
71369 11
71370 104
71371 156
71372 195
71373 253
71374 978
71375 838
71376 102
71377 178
71378 317
71379 204
71380 398
71381 226
71382 211
71383 31
71384 108
71385 805
71386 239
71387 188
71388 347
71389 932
71390 683
71391 520
71392 798
71393 321
71394 657
71395 463
71396 789
71397 242
71398 413
71399 621
71400 818
71401 947
71402 931
71403 478
71404 999
71405 949
71406 482
71407 115
71408 160
71409 16
71410 893
71411 463
71412 506
71413 448
71414 108
71415 753
71416 318
71417 120
71418 767
71419 364
71420 997
71421 219
71422 922
71423 622
71424 544
71425 812
71426 944
71427 276
71428 145
71429 585
71430 435
71431 757
71432 682
71433 11
71434 367
71435 947
71436 100
71437 490
71438 309
71439 44
71440 717
71441 536
71442 978
71443 926
71444 779
71445 705
71446 465
71447 591
71448 907
71449 309
71450 122
71451 253
71452 717
71453 311
71454 75
71455 720
71456 914
71457 363
71458 721
71459 462
71460 671
71461 817
71462 356
71463 550
71464 272
71465 386
71466 595
71467 647
71468 101
71469 428
71470 22
71471 120
71472 725
71473 330
71474 128
71475 396
71476 104
71477 987
71478 482
71479 271
71480 819
71481 646
71482 30
71483 827
71484 587
71485 659
71486 901
71487 196
71488 506
71489 209
71490 112
71491 893
71492 516
71493 976
71494 364
71495 439
71496 685
71497 44
71498 512
71499 492
71500 686
71501 4
71502 416
71503 39
71504 729
71505 647
71506 34
71507 38
71508 549
71509 36
71510 335
71511 441
71512 703
71513 981
71514 167
71515 191
71516 107
71517 32
71518 807
71519 580
71520 820
71521 280
71522 401
71523 487
71524 249
71525 322
71526 349
71527 572
71528 628
71529 763
71530 959
71531 221
71532 646
71533 819
71534 357
71535 309
71536 566
71537 151
71538 336
71539 354
71540 690
71541 630
71542 596
71543 727
71544 658
71545 431
71546 200
71547 492
71548 158
71549 595
71550 503
71551 721
71552 593
71553 387
71554 757
71555 237
71556 58
71557 310
71558 262
71559 356
71560 410
71561 230
71562 180
71563 127
71564 75
71565 953
71566 639
71567 62
71568 639
71569 315
71570 370
71571 246
71572 168
71573 388
71574 208
71575 512
71576 223
71577 564
71578 690
71579 720
71580 418
71581 132
71582 131
71583 995
71584 707
71585 707
71586 791
71587 205
71588 898
71589 346
71590 103
71591 88
71592 940
71593 698
71594 774
71595 276
71596 853
71597 777
71598 455
71599 740
71600 819
71601 701
71602 339
71603 180
71604 747
71605 831
71606 752
71607 196
71608 52
71609 232
71610 908
71611 18
71612 739
71613 242
71614 101
71615 628
71616 667
71617 896
71618 605
71619 782
71620 678
71621 212
71622 221
71623 709
71624 297
71625 34
71626 310
71627 112
71628 220
71629 137
71630 730
71631 223
71632 539
71633 352
71634 396
71635 752
71636 679
71637 605
71638 544
71639 930
71640 559
71641 257
71642 987
71643 56
71644 548
71645 116
71646 605
71647 772
71648 54
71649 910
71650 194
71651 457
71652 551
71653 979
71654 388
71655 598
71656 614
71657 832
71658 394
71659 855
71660 943
71661 837
71662 703
71663 951
71664 678
71665 165
71666 549
71667 801
71668 836
71669 440
71670 198
71671 614
71672 897
71673 922
71674 714
71675 706
71676 218
71677 581
71678 856
71679 859
71680 697
71681 667
71682 912
71683 853
71684 983
71685 214
71686 121
71687 283
71688 837
71689 945
71690 789
71691 33
71692 799
71693 293
71694 644
71695 147
71696 975
71697 658
71698 786
71699 538
71700 91
71701 746
71702 428
71703 640
71704 241
71705 641
71706 431
71707 18
71708 29
71709 743
71710 52
71711 641
71712 380
71713 403
71714 967
71715 761
71716 290
71717 921
71718 324
71719 374
71720 645
71721 447
71722 780
71723 534
71724 603
71725 898
71726 846
71727 10
71728 620
71729 605
71730 474
71731 258
71732 57
71733 673
71734 47
71735 583
71736 541
71737 407
71738 287
71739 425
71740 344
71741 633
71742 566
71743 938
71744 879
71745 207
71746 909
71747 258
71748 85
71749 741
71750 160
71751 171
71752 637
71753 569
71754 128
71755 301
71756 818
71757 942
71758 139
71759 988
71760 790
71761 829
71762 276
71763 539
71764 19
71765 494
71766 244
71767 901
71768 292
71769 48
71770 207
71771 80
71772 607
71773 126
71774 765
71775 582
71776 120
71777 449
71778 984
71779 653
71780 239
71781 969
71782 3
71783 956
71784 418
71785 646
71786 636
71787 803
71788 656
71789 879
71790 156
71791 309
71792 923
71793 465
71794 245
71795 401
71796 436
71797 386
71798 983
71799 436
71800 554
71801 822
71802 249
71803 926
71804 978
71805 821
71806 502
71807 430
71808 870
71809 602
71810 478
71811 788
71812 446
71813 419
71814 591
71815 680
71816 792
71817 194
71818 22
71819 312
71820 461
71821 463
71822 918
71823 291
71824 59
71825 949
71826 153
71827 232
71828 864
71829 902
71830 202
71831 129
71832 584
71833 1
71834 957
71835 835
71836 986
71837 773
71838 378
71839 612
71840 586
71841 455
71842 689
71843 223
71844 387
71845 310
71846 909
71847 13
71848 572
71849 102
71850 777
71851 724
71852 142
71853 560
71854 784
71855 860
71856 630
71857 308
71858 317
71859 509
71860 314
71861 677
71862 512
71863 315
71864 930
71865 178
71866 747
71867 826
71868 262
71869 954
71870 313
71871 160
71872 445
71873 574
71874 146
71875 907
71876 306
71877 3
71878 834
71879 891
71880 633
71881 1
71882 414
71883 745
71884 639
71885 93
71886 505
71887 515
71888 55
71889 142
71890 313
71891 363
71892 443
71893 272
71894 133
71895 20
71896 395
71897 31
71898 224
71899 606
71900 424
71901 633
71902 190
71903 732
71904 857
71905 416
71906 741
71907 581
71908 668
71909 348
71910 490
71911 454
71912 62
71913 502
71914 334
71915 714
71916 488
71917 389
71918 402
71919 125
71920 464
71921 426
71922 280
71923 38
71924 430
71925 119
71926 614
71927 360
71928 370
71929 694
71930 231
71931 450
71932 507
71933 452
71934 913
71935 76
71936 536
71937 95
71938 317
71939 294
71940 436
71941 846
71942 302
71943 301
71944 283
71945 266
71946 675
71947 110
71948 876
71949 450
71950 823
71951 157
71952 374
71953 360
71954 210
71955 873
71956 38
71957 104
71958 435
71959 691
71960 347
71961 191
71962 166
71963 449
71964 688
71965 48
71966 88
71967 441
71968 243
71969 766
71970 125
71971 325
71972 53
71973 425
71974 148
71975 287
71976 260
71977 645
71978 15
71979 465
71980 779
71981 688
71982 419
71983 145
71984 241
71985 660
71986 444
71987 133
71988 875
71989 929
71990 691
71991 69
71992 735
71993 993
71994 506
71995 972
71996 531
71997 486
71998 215
71999 601
72000 260
72001 442
72002 282
72003 474
72004 977
72005 975
72006 246
72007 285
72008 890
72009 515
72010 30
72011 152
72012 514
72013 831
72014 987
72015 617
72016 357
72017 545
72018 292
72019 485
72020 750
72021 12
72022 628
72023 607
72024 68
72025 660
72026 824
72027 434
72028 574
72029 628
72030 975
72031 572
72032 779
72033 644
72034 223
72035 615
72036 987
72037 962
72038 824
72039 259
72040 955
72041 673
72042 269
72043 538
72044 78
72045 257
72046 272
72047 372
72048 876
72049 818
72050 841
72051 857
72052 727
72053 132
72054 879
72055 573
72056 425
72057 491
72058 310
72059 150
72060 40
72061 689
72062 434
72063 117
72064 67
72065 920
72066 136
72067 103
72068 143
72069 616
72070 54
72071 818
72072 275
72073 823
72074 433
72075 281
72076 534
72077 878
72078 820
72079 626
72080 230
72081 926
72082 24
72083 220
72084 130
72085 467
72086 681
72087 727
72088 428
72089 234
72090 241
72091 794
72092 848
72093 198
72094 498
72095 644
72096 997
72097 347
72098 400
72099 958
72100 5
72101 636
72102 307
72103 453
72104 475
72105 41
72106 892
72107 257
72108 888
72109 983
72110 545
72111 82
72112 629
72113 147
72114 983
72115 639
72116 152
72117 610
72118 437
72119 195
72120 327
72121 571
72122 174
72123 691
72124 858
72125 255
72126 927
72127 768
72128 11
72129 607
72130 893
72131 154
72132 857
72133 811
72134 331
72135 368
72136 923
72137 452
72138 642
72139 587
72140 910
72141 407
72142 584
72143 219
72144 739
72145 646
72146 997
72147 926
72148 829
72149 729
72150 33
72151 642
72152 487
72153 145
72154 92
72155 115
72156 757
72157 575
72158 314
72159 982
72160 864
72161 553
72162 459
72163 500
72164 729
72165 981
72166 266
72167 38
72168 323
72169 258
72170 113
72171 917
72172 472
72173 108
72174 713
72175 542
72176 331
72177 471
72178 140
72179 37
72180 167
72181 815
72182 113
72183 251
72184 338
72185 209
72186 733
72187 513
72188 882
72189 844
72190 427
72191 79
72192 971
72193 825
72194 988
72195 482
72196 804
72197 323
72198 85
72199 952
72200 441
72201 529
72202 55
72203 804
72204 680
72205 431
72206 46
72207 946
72208 476
72209 483
72210 730
72211 120
72212 431
72213 996
72214 198
72215 91
72216 788
72217 362
72218 192
72219 131
72220 538
72221 225
72222 570
72223 526
72224 504
72225 941
72226 349
72227 153
72228 909
72229 904
72230 172
72231 798
72232 664
72233 959
72234 977
72235 424
72236 493
72237 17
72238 192
72239 902
72240 211
72241 539
72242 860
72243 861
72244 752
72245 484
72246 264
72247 9
72248 134
72249 908
72250 568
72251 192
72252 298
72253 879
72254 784
72255 839
72256 33
72257 854
72258 42
72259 638
72260 254
72261 585
72262 879
72263 837
72264 636
72265 556
72266 325
72267 963
72268 583
72269 462
72270 577
72271 869
72272 55
72273 505
72274 862
72275 217
72276 30
72277 764
72278 765
72279 852
72280 701
72281 226
72282 791
72283 51
72284 547
72285 457
72286 359
72287 696
72288 261
72289 683
72290 292
72291 615
72292 385
72293 137
72294 972
72295 566
72296 838
72297 801
72298 977
72299 503
72300 428
72301 75
72302 262
72303 590
72304 408
72305 308
72306 678
72307 217
72308 887
72309 179
72310 343
72311 349
72312 5
72313 553
72314 858
72315 912
72316 63
72317 947
72318 883
72319 580
72320 579
72321 888
72322 634
72323 471
72324 808
72325 724
72326 629
72327 515
72328 219
72329 412
72330 851
72331 982
72332 457
72333 768
72334 96
72335 334
72336 612
72337 134
72338 658
72339 178
72340 152
72341 4
72342 982
72343 848
72344 309
72345 398
72346 247
72347 939
72348 584
72349 124
72350 976
72351 810
72352 913
72353 350
72354 774
72355 784
72356 944
72357 118
72358 119
72359 458
72360 338
72361 806
72362 963
72363 119
72364 221
72365 279
72366 544
72367 691
72368 604
72369 949
72370 454
72371 365
72372 67
72373 375
72374 16
72375 689
72376 111
72377 51
72378 942
72379 836
72380 34
72381 555
72382 72
72383 458
72384 907
72385 947
72386 982
72387 707
72388 750
72389 809
72390 117
72391 588
72392 720
72393 372
72394 658
72395 351
72396 749
72397 486
72398 498
72399 700
72400 344
72401 407
72402 63
72403 941
72404 133
72405 669
72406 768
72407 792
72408 717
72409 164
72410 518
72411 230
72412 47
72413 903
72414 469
72415 891
72416 838
72417 125
72418 142
72419 493
72420 361
72421 429
72422 875
72423 128
72424 230
72425 767
72426 237
72427 34
72428 229
72429 984
72430 652
72431 861
72432 64
72433 628
72434 250
72435 954
72436 446
72437 182
72438 671
72439 916
72440 135
72441 229
72442 185
72443 60
72444 767
72445 281
72446 33
72447 528
72448 597
72449 484
72450 832
72451 259
72452 379
72453 572
72454 912
72455 773
72456 823
72457 665
72458 711
72459 662
72460 18
72461 338
72462 300
72463 194
72464 867
72465 336
72466 332
72467 728
72468 407
72469 893
72470 851
72471 286
72472 393
72473 995
72474 473
72475 528
72476 138
72477 914
72478 828
72479 719
72480 38
72481 485
72482 972
72483 113
72484 368
72485 947
72486 296
72487 993
72488 794
72489 998
72490 869
72491 652
72492 576
72493 711
72494 5
72495 650
72496 192
72497 394
72498 636
72499 444
72500 507
72501 648
72502 483
72503 645
72504 487
72505 581
72506 795
72507 556
72508 643
72509 988
72510 214
72511 259
72512 313
72513 192
72514 960
72515 326
72516 164
72517 48
72518 871
72519 441
72520 692
72521 198
72522 291
72523 10
72524 668
72525 272
72526 216
72527 869
72528 889
72529 284
72530 57
72531 576
72532 325
72533 726
72534 313
72535 548
72536 31
72537 656
72538 292
72539 722
72540 713
72541 496
72542 927
72543 92
72544 198
72545 453
72546 396
72547 15
72548 651
72549 429
72550 204
72551 586
72552 828
72553 713
72554 439
72555 977
72556 350
72557 813
72558 737
72559 455
72560 842
72561 608
72562 257
72563 742
72564 237
72565 953
72566 630
72567 693
72568 603
72569 308
72570 363
72571 350
72572 603
72573 682
72574 225
72575 335
72576 375
72577 589
72578 68
72579 671
72580 466
72581 503
72582 763
72583 922
72584 953
72585 313
72586 297
72587 221
72588 344
72589 72
72590 613
72591 598
72592 635
72593 448
72594 841
72595 932
72596 868
72597 838
72598 778
72599 147
72600 128
72601 320
72602 470
72603 434
72604 701
72605 227
72606 453
72607 542
72608 417
72609 547
72610 607
72611 738
72612 284
72613 106
72614 235
72615 617
72616 424
72617 573
72618 822
72619 851
72620 857
72621 87
72622 425
72623 313
72624 183
72625 957
72626 914
72627 172
72628 261
72629 100
72630 629
72631 536
72632 952
72633 671
72634 117
72635 452
72636 362
72637 745
72638 980
72639 899
72640 25
72641 658
72642 299
72643 864
72644 201
72645 803
72646 614
72647 74
72648 259
72649 605
72650 267
72651 69
72652 836
72653 668
72654 296
72655 544
72656 351
72657 236
72658 211
72659 732
72660 621
72661 212
72662 861
72663 776
72664 584
72665 621
72666 853
72667 554
72668 4
72669 275
72670 942
72671 256
72672 81
72673 631
72674 601
72675 838
72676 844
72677 348
72678 679
72679 895
72680 773
72681 429
72682 813
72683 588
72684 960
72685 702
72686 601
72687 199
72688 777
72689 644
72690 509
72691 654
72692 450
72693 83
72694 747
72695 755
72696 866
72697 264
72698 922
72699 779
72700 973
72701 586
72702 261
72703 584
72704 571
72705 135
72706 661
72707 461
72708 613
72709 212
72710 208
72711 979
72712 415
72713 37
72714 197
72715 673
72716 265
72717 643
72718 256
72719 677
72720 255
72721 3
72722 629
72723 657
72724 956
72725 795
72726 592
72727 295
72728 974
72729 870
72730 143
72731 254
72732 227
72733 17
72734 911
72735 607
72736 197
72737 938
72738 274
72739 372
72740 176
72741 409
72742 690
72743 472
72744 560
72745 314
72746 253
72747 240
72748 733
72749 980
72750 47
72751 659
72752 33
72753 852
72754 482
72755 355
72756 96
72757 544
72758 948
72759 519
72760 55
72761 37
72762 571
72763 156
72764 386
72765 597
72766 884
72767 266
72768 419
72769 882
72770 542
72771 575
72772 94
72773 568
72774 134
72775 151
72776 413
72777 500
72778 91
72779 1
72780 786
72781 757
72782 178
72783 17
72784 563
72785 803
72786 226
72787 548
72788 786
72789 513
72790 721
72791 199
72792 858
72793 577
72794 245
72795 44
72796 641
72797 424
72798 639
72799 594
72800 463
72801 727
72802 902
72803 653
72804 618
72805 351
72806 36
72807 561
72808 501
72809 425
72810 973
72811 597
72812 679
72813 485
72814 320
72815 740
72816 864
72817 71
72818 412
72819 104
72820 305
72821 462
72822 285
72823 773
72824 114
72825 367
72826 35
72827 403
72828 261
72829 537
72830 487
72831 610
72832 143
72833 775
72834 617
72835 60
72836 208
72837 35
72838 930
72839 58
72840 527
72841 11
72842 358
72843 145
72844 929
72845 419
72846 519
72847 976
72848 163
72849 254
72850 439
72851 232
72852 16
72853 779
72854 564
72855 418
72856 992
72857 523
72858 253
72859 457
72860 752
72861 93
72862 168
72863 595
72864 5
72865 895
72866 902
72867 897
72868 606
72869 290
72870 555
72871 406
72872 148
72873 41
72874 532
72875 55
72876 955
72877 223
72878 545
72879 774
72880 878
72881 679
72882 956
72883 446
72884 490
72885 240
72886 988
72887 967
72888 577
72889 778
72890 702
72891 802
72892 547
72893 553
72894 507
72895 135
72896 299
72897 885
72898 371
72899 765
72900 916
72901 696
72902 802
72903 948
72904 73
72905 494
72906 27
72907 989
72908 963
72909 500
72910 877
72911 68
72912 31
72913 106
72914 6
72915 272
72916 474
72917 15
72918 502
72919 121
72920 513
72921 59
72922 740
72923 680
72924 437
72925 398
72926 390
72927 676
72928 64
72929 600
72930 181
72931 719
72932 558
72933 459
72934 352
72935 884
72936 270
72937 773
72938 330
72939 399
72940 875
72941 37
72942 989
72943 868
72944 598
72945 914
72946 321
72947 665
72948 145
72949 877
72950 335
72951 594
72952 598
72953 740
72954 599
72955 797
72956 522
72957 903
72958 516
72959 364
72960 737
72961 862
72962 338
72963 67
72964 172
72965 449
72966 230
72967 512
72968 575
72969 990
72970 316
72971 131
72972 880
72973 748
72974 240
72975 722
72976 661
72977 823
72978 810
72979 68
72980 312
72981 238
72982 77
72983 113
72984 58
72985 768
72986 696
72987 35
72988 680
72989 826
72990 529
72991 435
72992 748
72993 286
72994 907
72995 297
72996 169
72997 207
72998 662
72999 27
73000 386
73001 432
73002 844
73003 793
73004 45
73005 551
73006 694
73007 428
73008 494
73009 924
73010 844
73011 572
73012 943
73013 120
73014 175
73015 817
73016 666
73017 949
73018 729
73019 775
73020 687
73021 546
73022 48
73023 810
73024 598
73025 428
73026 518
73027 279
73028 650
73029 304
73030 876
73031 240
73032 165
73033 501
73034 155
73035 482
73036 413
73037 200
73038 187
73039 672
73040 908
73041 155
73042 569
73043 226
73044 745
73045 750
73046 324
73047 856
73048 267
73049 168
73050 673
73051 214
73052 390
73053 289
73054 686
73055 262
73056 998
73057 54
73058 72
73059 517
73060 521
73061 309
73062 860
73063 77
73064 385
73065 958
73066 210
73067 12
73068 352
73069 422
73070 729
73071 302
73072 989
73073 802
73074 61
73075 453
73076 942
73077 588
73078 707
73079 174
73080 484
73081 944
73082 276
73083 314
73084 635
73085 324
73086 940
73087 37
73088 357
73089 69
73090 6
73091 104
73092 774
73093 503
73094 193
73095 118
73096 364
73097 942
73098 49
73099 436
73100 255
73101 817
73102 295
73103 10
73104 27
73105 447
73106 705
73107 698
73108 293
73109 144
73110 25
73111 101
73112 106
73113 979
73114 358
73115 645
73116 205
73117 244
73118 103
73119 292
73120 551
73121 655
73122 980
73123 121
73124 140
73125 58
73126 331
73127 940
73128 611
73129 570
73130 639
73131 864
73132 479
73133 161
73134 782
73135 236
73136 497
73137 243
73138 85
73139 265
73140 889
73141 253
73142 309
73143 529
73144 561
73145 521
73146 663
73147 193
73148 280
73149 29
73150 942
73151 346
73152 303
73153 560
73154 668
73155 2
73156 852
73157 972
73158 803
73159 670
73160 975
73161 593
73162 684
73163 19
73164 916
73165 237
73166 954
73167 451
73168 646
73169 867
73170 706
73171 305
73172 131
73173 11
73174 678
73175 199
73176 950
73177 73
73178 421
73179 85
73180 511
73181 522
73182 355
73183 53
73184 541
73185 121
73186 166
73187 433
73188 33
73189 945
73190 163
73191 621
73192 119
73193 264
73194 222
73195 961
73196 17
73197 823
73198 362
73199 354
73200 11
73201 95
73202 14
73203 784
73204 808
73205 738
73206 248
73207 476
73208 235
73209 199
73210 51
73211 493
73212 861
73213 383
73214 417
73215 915
73216 563
73217 159
73218 905
73219 536
73220 354
73221 360
73222 416
73223 534
73224 9
73225 323
73226 166
73227 214
73228 523
73229 840
73230 231
73231 750
73232 451
73233 237
73234 617
73235 763
73236 471
73237 942
73238 602
73239 102
73240 950
73241 289
73242 697
73243 885
73244 881
73245 136
73246 396
73247 38
73248 398
73249 810
73250 458
73251 192
73252 799
73253 74
73254 944
73255 546
73256 242
73257 959
73258 173
73259 235
73260 158
73261 744
73262 576
73263 225
73264 519
73265 851
73266 278
73267 394
73268 551
73269 548
73270 885
73271 17
73272 277
73273 573
73274 84
73275 51
73276 772
73277 506
73278 858
73279 528
73280 779
73281 40
73282 171
73283 614
73284 13
73285 413
73286 692
73287 719
73288 295
73289 435
73290 786
73291 327
73292 727
73293 138
73294 617
73295 273
73296 463
73297 246
73298 559
73299 788
73300 883
73301 605
73302 264
73303 361
73304 854
73305 869
73306 527
73307 232
73308 448
73309 301
73310 589
73311 421
73312 778
73313 295
73314 421
73315 297
73316 615
73317 708
73318 642
73319 226
73320 770
73321 698
73322 923
73323 775
73324 645
73325 389
73326 714
73327 464
73328 293
73329 292
73330 97
73331 489
73332 942
73333 186
73334 175
73335 796
73336 735
73337 992
73338 161
73339 962
73340 597
73341 88
73342 895
73343 77
73344 651
73345 741
73346 733
73347 955
73348 146
73349 952
73350 230
73351 518
73352 950
73353 465
73354 988
73355 980
73356 493
73357 56
73358 481
73359 705
73360 862
73361 940
73362 674
73363 27
73364 748
73365 716
73366 281
73367 7
73368 630
73369 213
73370 731
73371 846
73372 428
73373 173
73374 749
73375 558
73376 952
73377 417
73378 113
73379 955
73380 82
73381 111
73382 883
73383 896
73384 374
73385 981
73386 291
73387 344
73388 672
73389 565
73390 878
73391 424
73392 764
73393 91
73394 210
73395 430
73396 203
73397 550
73398 763
73399 166
73400 284
73401 684
73402 8
73403 941
73404 495
73405 418
73406 316
73407 844
73408 97
73409 346
73410 450
73411 765
73412 576
73413 168
73414 577
73415 270
73416 976
73417 209
73418 231
73419 169
73420 197
73421 22
73422 288
73423 688
73424 312
73425 309
73426 683
73427 362
73428 304
73429 586
73430 519
73431 281
73432 367
73433 523
73434 125
73435 726
73436 244
73437 57
73438 437
73439 80
73440 636
73441 872
73442 961
73443 887
73444 329
73445 500
73446 43
73447 405
73448 134
73449 634
73450 306
73451 678
73452 872
73453 599
73454 801
73455 754
73456 305
73457 881
73458 826
73459 190
73460 717
73461 667
73462 472
73463 635
73464 273
73465 797
73466 535
73467 236
73468 255
73469 924
73470 109
73471 205
73472 879
73473 185
73474 235
73475 932
73476 800
73477 897
73478 292
73479 131
73480 535
73481 643
73482 350
73483 425
73484 751
73485 78
73486 810
73487 994
73488 219
73489 915
73490 660
73491 799
73492 695
73493 852
73494 401
73495 720
73496 875
73497 721
73498 930
73499 300
73500 981
73501 362
73502 566
73503 348
73504 33
73505 471
73506 887
73507 785
73508 323
73509 771
73510 563
73511 265
73512 126
73513 21
73514 998
73515 126
73516 92
73517 746
73518 786
73519 129
73520 161
73521 223
73522 128
73523 233
73524 902
73525 849
73526 604
73527 558
73528 533
73529 151
73530 267
73531 939
73532 619
73533 93
73534 627
73535 840
73536 877
73537 947
73538 409
73539 875
73540 528
73541 208
73542 726
73543 740
73544 893
73545 260
73546 566
73547 197
73548 710
73549 322
73550 366
73551 741
73552 565
73553 137
73554 400
73555 317
73556 13
73557 785
73558 79
73559 37
73560 721
73561 415
73562 769
73563 188
73564 901
73565 6
73566 813
73567 880
73568 89
73569 17
73570 706
73571 526
73572 821
73573 724
73574 240
73575 494
73576 485
73577 583
73578 561
73579 855
73580 650
73581 904
73582 881
73583 202
73584 336
73585 730
73586 122
73587 246
73588 895
73589 142
73590 252
73591 541
73592 695
73593 256
73594 11
73595 580
73596 232
73597 209
73598 803
73599 736
73600 149
73601 224
73602 251
73603 783
73604 583
73605 92
73606 124
73607 127
73608 907
73609 953
73610 885
73611 12
73612 959
73613 453
73614 15
73615 788
73616 190
73617 616
73618 409
73619 730
73620 369
73621 488
73622 112
73623 839
73624 800
73625 147
73626 677
73627 818
73628 444
73629 713
73630 50
73631 365
73632 318
73633 25
73634 658
73635 410
73636 177
73637 589
73638 260
73639 377
73640 31
73641 606
73642 539
73643 995
73644 950
73645 656
73646 819
73647 116
73648 143
73649 148
73650 226
73651 819
73652 217
73653 625
73654 16
73655 947
73656 803
73657 642
73658 564
73659 903
73660 249
73661 132
73662 711
73663 942
73664 883
73665 263
73666 61
73667 231
73668 28
73669 641
73670 477
73671 140
73672 919
73673 910
73674 738
73675 512
73676 371
73677 334
73678 163
73679 416
73680 264
73681 720
73682 231
73683 280
73684 397
73685 901
73686 319
73687 5
73688 619
73689 262
73690 538
73691 64
73692 137
73693 917
73694 537
73695 646
73696 225
73697 663
73698 997
73699 924
73700 186
73701 750
73702 300
73703 901
73704 202
73705 442
73706 233
73707 601
73708 193
73709 407
73710 105
73711 463
73712 831
73713 793
73714 281
73715 834
73716 94
73717 393
73718 620
73719 417
73720 681
73721 856
73722 566
73723 210
73724 640
73725 394
73726 561
73727 389
73728 939
73729 438
73730 749
73731 158
73732 779
73733 97
73734 988
73735 272
73736 488
73737 700
73738 475
73739 549
73740 786
73741 792
73742 250
73743 592
73744 905
73745 230
73746 108
73747 712
73748 163
73749 694
73750 756
73751 228
73752 570
73753 527
73754 789
73755 710
73756 623
73757 70
73758 31
73759 665
73760 261
73761 259
73762 684
73763 22
73764 281
73765 515
73766 200
73767 309
73768 671
73769 158
73770 766
73771 952
73772 494
73773 957
73774 96
73775 311
73776 99
73777 967
73778 552
73779 340
73780 901
73781 998
73782 864
73783 119
73784 602
73785 987
73786 129
73787 810
73788 908
73789 963
73790 660
73791 466
73792 551
73793 882
73794 40
73795 834
73796 382
73797 727
73798 470
73799 444
73800 1
73801 377
73802 472
73803 141
73804 464
73805 185
73806 515
73807 63
73808 13
73809 309
73810 895
73811 833
73812 852
73813 425
73814 364
73815 423
73816 571
73817 678
73818 376
73819 435
73820 347
73821 304
73822 372
73823 304
73824 870
73825 796
73826 853
73827 984
73828 820
73829 501
73830 207
73831 884
73832 476
73833 134
73834 407
73835 796
73836 516
73837 297
73838 394
73839 915
73840 138
73841 338
73842 764
73843 674
73844 138
73845 831
73846 21
73847 440
73848 879
73849 661
73850 238
73851 731
73852 130
73853 870
73854 222
73855 412
73856 759
73857 86
73858 591
73859 780
73860 236
73861 279
73862 292
73863 251
73864 599
73865 485
73866 36
73867 625
73868 478
73869 105
73870 873
73871 5
73872 636
73873 311
73874 514
73875 727
73876 320
73877 58
73878 844
73879 230
73880 252
73881 75
73882 14
73883 538
73884 96
73885 570
73886 57
73887 123
73888 387
73889 551
73890 822
73891 187
73892 575
73893 151
73894 14
73895 273
73896 21
73897 332
73898 447
73899 521
73900 801
73901 774
73902 568
73903 53
73904 944
73905 4
73906 783
73907 403
73908 994
73909 248
73910 263
73911 598
73912 777
73913 616
73914 34
73915 828
73916 889
73917 121
73918 418
73919 446
73920 604
73921 545
73922 298
73923 365
73924 371
73925 564
73926 28
73927 329
73928 306
73929 860
73930 327
73931 226
73932 349
73933 684
73934 801
73935 488
73936 375
73937 252
73938 582
73939 398
73940 216
73941 373
73942 484
73943 100
73944 926
73945 42
73946 706
73947 751
73948 975
73949 800
73950 688
73951 827
73952 206
73953 980
73954 59
73955 300
73956 419
73957 45
73958 573
73959 590
73960 319
73961 956
73962 844
73963 510
73964 222
73965 838
73966 482
73967 554
73968 202
73969 74
73970 826
73971 76
73972 613
73973 675
73974 895
73975 615
73976 838
73977 892
73978 891
73979 805
73980 694
73981 761
73982 861
73983 201
73984 768
73985 797
73986 957
73987 142
73988 964
73989 89
73990 8
73991 445
73992 627
73993 58
73994 155
73995 998
73996 396
73997 884
73998 824
73999 315
74000 523
74001 409
74002 221
74003 525
74004 360
74005 652
74006 960
74007 707
74008 871
74009 290
74010 12
74011 190
74012 940
74013 969
74014 32
74015 616
74016 372
74017 449
74018 158
74019 48
74020 547
74021 527
74022 406
74023 425
74024 791
74025 396
74026 210
74027 762
74028 811
74029 856
74030 109
74031 334
74032 136
74033 749
74034 172
74035 602
74036 202
74037 870
74038 565
74039 122
74040 761
74041 542
74042 537
74043 765
74044 813
74045 901
74046 729
74047 53
74048 973
74049 598
74050 471
74051 742
74052 813
74053 772
74054 452
74055 902
74056 992
74057 572
74058 30
74059 266
74060 549
74061 846
74062 942
74063 523
74064 614
74065 647
74066 702
74067 288
74068 332
74069 795
74070 293
74071 275
74072 998
74073 983
74074 227
74075 605
74076 364
74077 451
74078 333
74079 919
74080 724
74081 125
74082 544
74083 110
74084 368
74085 744
74086 685
74087 630
74088 548
74089 414
74090 296
74091 733
74092 952
74093 760
74094 34
74095 483
74096 61
74097 232
74098 498
74099 506
74100 213
74101 224
74102 836
74103 421
74104 296
74105 394
74106 503
74107 88
74108 373
74109 475
74110 95
74111 669
74112 890
74113 984
74114 85
74115 785
74116 987
74117 591
74118 657
74119 788
74120 209
74121 897
74122 578
74123 136
74124 761
74125 198
74126 845
74127 651
74128 407
74129 574
74130 147
74131 874
74132 247
74133 796
74134 166
74135 719
74136 530
74137 681
74138 668
74139 694
74140 579
74141 919
74142 113
74143 954
74144 313
74145 95
74146 60
74147 541
74148 8
74149 864
74150 428
74151 87
74152 108
74153 763
74154 885
74155 553
74156 400
74157 845
74158 230
74159 443
74160 727
74161 994
74162 533
74163 338
74164 367
74165 815
74166 324
74167 952
74168 731
74169 213
74170 301
74171 235
74172 199
74173 847
74174 613
74175 176
74176 428
74177 870
74178 178
74179 401
74180 962
74181 982
74182 116
74183 650
74184 826
74185 978
74186 279
74187 994
74188 678
74189 91
74190 692
74191 365
74192 702
74193 164
74194 105
74195 271
74196 870
74197 669
74198 437
74199 465
74200 731
74201 548
74202 86
74203 373
74204 288
74205 456
74206 447
74207 268
74208 122
74209 98
74210 500
74211 495
74212 183
74213 768
74214 404
74215 238
74216 287
74217 290
74218 508
74219 671
74220 333
74221 958
74222 156
74223 514
74224 599
74225 625
74226 154
74227 306
74228 989
74229 511
74230 161
74231 987
74232 174
74233 453
74234 878
74235 592
74236 294
74237 101
74238 13
74239 265
74240 108
74241 6
74242 787
74243 806
74244 427
74245 404
74246 216
74247 554
74248 233
74249 577
74250 449
74251 269
74252 971
74253 981
74254 815
74255 362
74256 588
74257 974
74258 287
74259 893
74260 783
74261 245
74262 102
74263 389
74264 946
74265 533
74266 759
74267 409
74268 997
74269 783
74270 871
74271 31
74272 205
74273 193
74274 713
74275 425
74276 186
74277 688
74278 634
74279 206
74280 730
74281 4
74282 643
74283 569
74284 719
74285 819
74286 210
74287 205
74288 109
74289 324
74290 105
74291 282
74292 54
74293 338
74294 454
74295 299
74296 519
74297 344
74298 395
74299 254
74300 948
74301 721
74302 295
74303 889
74304 395
74305 571
74306 285
74307 285
74308 188
74309 781
74310 861
74311 101
74312 640
74313 397
74314 633
74315 600
74316 445
74317 766
74318 863
74319 750
74320 502
74321 769
74322 570
74323 283
74324 326
74325 342
74326 978
74327 512
74328 954
74329 800
74330 210
74331 453
74332 711
74333 511
74334 955
74335 80
74336 145
74337 927
74338 162
74339 426
74340 924
74341 711
74342 522
74343 133
74344 573
74345 77
74346 277
74347 311
74348 410
74349 778
74350 545
74351 867
74352 581
74353 778
74354 924
74355 823
74356 962
74357 667
74358 472
74359 19
74360 843
74361 647
74362 721
74363 325
74364 38
74365 454
74366 195
74367 875
74368 688
74369 705
74370 947
74371 141
74372 51
74373 638
74374 618
74375 427
74376 319
74377 619
74378 557
74379 361
74380 107
74381 537
74382 40
74383 340
74384 404
74385 529
74386 301
74387 18
74388 665
74389 151
74390 415
74391 172
74392 724
74393 229
74394 422
74395 913
74396 130
74397 555
74398 862
74399 498
74400 213
74401 770
74402 790
74403 52
74404 367
74405 738
74406 15
74407 575
74408 576
74409 278
74410 225
74411 541
74412 359
74413 865
74414 798
74415 948
74416 557
74417 66
74418 349
74419 600
74420 675
74421 751
74422 768
74423 27
74424 576
74425 41
74426 330
74427 676
74428 651
74429 391
74430 841
74431 73
74432 823
74433 330
74434 387
74435 590
74436 795
74437 560
74438 265
74439 612
74440 656
74441 78
74442 132
74443 413
74444 283
74445 26
74446 814
74447 715
74448 793
74449 906
74450 411
74451 230
74452 32
74453 519
74454 47
74455 45
74456 931
74457 887
74458 138
74459 391
74460 173
74461 197
74462 713
74463 692
74464 165
74465 738
74466 211
74467 420
74468 328
74469 960
74470 253
74471 52
74472 107
74473 536
74474 733
74475 15
74476 559
74477 268
74478 56
74479 875
74480 82
74481 475
74482 863
74483 850
74484 999
74485 427
74486 109
74487 266
74488 967
74489 723
74490 547
74491 792
74492 465
74493 55
74494 700
74495 25
74496 601
74497 223
74498 779
74499 677
74500 45
74501 506
74502 909
74503 183
74504 837
74505 690
74506 484
74507 451
74508 915
74509 317
74510 458
74511 856
74512 625
74513 426
74514 236
74515 569
74516 827
74517 216
74518 712
74519 412
74520 974
74521 51
74522 896
74523 133
74524 63
74525 70
74526 248
74527 161
74528 686
74529 760
74530 627
74531 919
74532 576
74533 141
74534 316
74535 255
74536 643
74537 888
74538 644
74539 108
74540 352
74541 701
74542 433
74543 33
74544 575
74545 818
74546 176
74547 111
74548 484
74549 714
74550 414
74551 796
74552 834
74553 488
74554 577
74555 79
74556 875
74557 102
74558 555
74559 43
74560 612
74561 441
74562 827
74563 178
74564 232
74565 892
74566 462
74567 52
74568 397
74569 503
74570 186
74571 323
74572 535
74573 114
74574 10
74575 412
74576 693
74577 200
74578 565
74579 450
74580 959
74581 646
74582 317
74583 76
74584 949
74585 443
74586 228
74587 279
74588 155
74589 365
74590 375
74591 839
74592 532
74593 481
74594 712
74595 944
74596 700
74597 274
74598 34
74599 188
74600 963
74601 886
74602 701
74603 329
74604 663
74605 994
74606 34
74607 330
74608 581
74609 301
74610 956
74611 870
74612 390
74613 33
74614 539
74615 494
74616 914
74617 857
74618 810
74619 527
74620 243
74621 401
74622 108
74623 196
74624 243
74625 410
74626 339
74627 588
74628 969
74629 928
74630 683
74631 637
74632 396
74633 700
74634 707
74635 211
74636 378
74637 444
74638 426
74639 945
74640 950
74641 866
74642 36
74643 903
74644 913
74645 726
74646 882
74647 561
74648 39
74649 647
74650 826
74651 827
74652 112
74653 507
74654 286
74655 74
74656 716
74657 998
74658 237
74659 37
74660 506
74661 950
74662 253
74663 421
74664 822
74665 597
74666 321
74667 830
74668 397
74669 854
74670 650
74671 278
74672 683
74673 895
74674 551
74675 232
74676 409
74677 282
74678 579
74679 451
74680 762
74681 669
74682 521
74683 225
74684 30
74685 2
74686 197
74687 821
74688 370
74689 758
74690 371
74691 291
74692 656
74693 410
74694 285
74695 829
74696 532
74697 518
74698 500
74699 229
74700 99
74701 57
74702 685
74703 16
74704 642
74705 82
74706 46
74707 607
74708 282
74709 990
74710 273
74711 957
74712 108
74713 418
74714 787
74715 623
74716 198
74717 297
74718 407
74719 116
74720 955
74721 967
74722 10
74723 349
74724 11
74725 347
74726 162
74727 803
74728 398
74729 927
74730 598
74731 781
74732 909
74733 392
74734 245
74735 636
74736 978
74737 709
74738 798
74739 397
74740 30
74741 78
74742 214
74743 340
74744 475
74745 274
74746 122
74747 133
74748 128
74749 669
74750 472
74751 695
74752 938
74753 472
74754 856
74755 175
74756 421
74757 730
74758 530
74759 245
74760 284
74761 722
74762 114
74763 277
74764 198
74765 886
74766 210
74767 751
74768 771
74769 397
74770 646
74771 652
74772 212
74773 529
74774 659
74775 536
74776 615
74777 390
74778 786
74779 120
74780 921
74781 926
74782 63
74783 14
74784 67
74785 672
74786 964
74787 803
74788 500
74789 572
74790 43
74791 726
74792 882
74793 29
74794 292
74795 75
74796 729
74797 461
74798 939
74799 32
74800 52
74801 750
74802 830
74803 641
74804 433
74805 932
74806 191
74807 679
74808 537
74809 757
74810 895
74811 697
74812 179
74813 571
74814 19
74815 738
74816 387
74817 952
74818 256
74819 837
74820 209
74821 521
74822 448
74823 887
74824 333
74825 167
74826 12
74827 533
74828 405
74829 130
74830 822
74831 336
74832 663
74833 916
74834 280
74835 975
74836 218
74837 115
74838 843
74839 347
74840 134
74841 818
74842 970
74843 672
74844 538
74845 964
74846 920
74847 547
74848 402
74849 211
74850 106
74851 90
74852 810
74853 890
74854 198
74855 244
74856 847
74857 844
74858 479
74859 526
74860 715
74861 0
74862 911
74863 669
74864 341
74865 924
74866 103
74867 493
74868 911
74869 750
74870 601
74871 955
74872 911
74873 153
74874 144
74875 213
74876 763
74877 136
74878 152
74879 889
74880 709
74881 601
74882 807
74883 51
74884 802
74885 837
74886 55
74887 297
74888 368
74889 976
74890 164
74891 553
74892 751
74893 981
74894 414
74895 98
74896 122
74897 301
74898 405
74899 11
74900 104
74901 324
74902 22
74903 306
74904 85
74905 434
74906 42
74907 466
74908 869
74909 954
74910 290
74911 620
74912 803
74913 600
74914 544
74915 787
74916 763
74917 22
74918 111
74919 980
74920 513
74921 68
74922 783
74923 523
74924 961
74925 656
74926 371
74927 173
74928 488
74929 747
74930 374
74931 438
74932 461
74933 820
74934 309
74935 950
74936 159
74937 292
74938 317
74939 719
74940 509
74941 188
74942 794
74943 520
74944 939
74945 867
74946 912
74947 251
74948 794
74949 915
74950 685
74951 585
74952 150
74953 47
74954 249
74955 655
74956 86
74957 519
74958 916
74959 760
74960 530
74961 189
74962 809
74963 867
74964 881
74965 959
74966 783
74967 216
74968 726
74969 983
74970 79
74971 382
74972 621
74973 803
74974 886
74975 885
74976 832
74977 898
74978 951
74979 31
74980 864
74981 980
74982 471
74983 924
74984 883
74985 552
74986 854
74987 259
74988 314
74989 513
74990 450
74991 247
74992 775
74993 675
74994 25
74995 497
74996 447
74997 772
74998 358
74999 239
75000 773
75001 802
75002 365
75003 574
75004 920
75005 667
75006 75
75007 628
75008 583
75009 637
75010 288
75011 179
75012 260
75013 526
75014 635
75015 163
75016 91
75017 469
75018 463
75019 890
75020 215
75021 658
75022 660
75023 644
75024 858
75025 22
75026 196
75027 420
75028 135
75029 162
75030 456
75031 888
75032 980
75033 111
75034 344
75035 588
75036 300
75037 329
75038 547
75039 277
75040 158
75041 183
75042 657
75043 55
75044 836
75045 846
75046 429
75047 122
75048 820
75049 871
75050 517
75051 377
75052 454
75053 920
75054 237
75055 414
75056 271
75057 553
75058 952
75059 115
75060 42
75061 122
75062 273
75063 116
75064 317
75065 236
75066 135
75067 855
75068 380
75069 178
75070 447
75071 9
75072 362
75073 700
75074 168
75075 36
75076 662
75077 419
75078 74
75079 223
75080 626
75081 673
75082 674
75083 653
75084 33
75085 79
75086 536
75087 746
75088 924
75089 774
75090 198
75091 83
75092 668
75093 130
75094 539
75095 233
75096 399
75097 796
75098 584
75099 461
75100 294
75101 729
75102 813
75103 123
75104 178
75105 777
75106 357
75107 532
75108 558
75109 644
75110 308
75111 686
75112 360
75113 742
75114 710
75115 251
75116 54
75117 72
75118 992
75119 846
75120 828
75121 154
75122 272
75123 449
75124 788
75125 902
75126 679
75127 451
75128 214
75129 738
75130 134
75131 834
75132 729
75133 428
75134 447
75135 15
75136 247
75137 182
75138 53
75139 659
75140 510
75141 263
75142 666
75143 965
75144 168
75145 622
75146 305
75147 696
75148 985
75149 462
75150 74
75151 659
75152 169
75153 521
75154 572
75155 256
75156 397
75157 508
75158 679
75159 319
75160 153
75161 534
75162 16
75163 911
75164 84
75165 175
75166 260
75167 656
75168 136
75169 441
75170 742
75171 562
75172 561
75173 775
75174 89
75175 327
75176 76
75177 116
75178 699
75179 344
75180 846
75181 105
75182 750
75183 68
75184 851
75185 542
75186 274
75187 749
75188 838
75189 869
75190 632
75191 185
75192 210
75193 842
75194 946
75195 996
75196 196
75197 651
75198 342
75199 239
75200 995
75201 594
75202 297
75203 496
75204 733
75205 510
75206 895
75207 84
75208 453
75209 141
75210 164
75211 48
75212 72
75213 849
75214 128
75215 804
75216 717
75217 986
75218 624
75219 529
75220 409
75221 507
75222 477
75223 49
75224 359
75225 883
75226 319
75227 70
75228 836
75229 275
75230 86
75231 542
75232 770
75233 450
75234 821
75235 11
75236 769
75237 337
75238 258
75239 951
75240 363
75241 742
75242 21
75243 659
75244 127
75245 92
75246 807
75247 439
75248 300
75249 532
75250 770
75251 803
75252 171
75253 992
75254 755
75255 130
75256 238
75257 95
75258 350
75259 434
75260 345
75261 986
75262 29
75263 38
75264 914
75265 112
75266 510
75267 300
75268 285
75269 551
75270 170
75271 581
75272 864
75273 103
75274 547
75275 990
75276 611
75277 188
75278 30
75279 768
75280 128
75281 605
75282 366
75283 264
75284 589
75285 348
75286 863
75287 272
75288 259
75289 88
75290 623
75291 167
75292 859
75293 186
75294 944
75295 10
75296 986
75297 691
75298 925
75299 69
75300 998
75301 438
75302 733
75303 852
75304 648
75305 277
75306 136
75307 352
75308 44
75309 854
75310 608
75311 477
75312 854
75313 83
75314 82
75315 960
75316 396
75317 633
75318 81
75319 404
75320 260
75321 722
75322 625
75323 757
75324 247
75325 529
75326 32
75327 195
75328 709
75329 244
75330 379
75331 998
75332 528
75333 196
75334 546
75335 344
75336 77
75337 507
75338 85
75339 805
75340 365
75341 104
75342 311
75343 169
75344 765
75345 875
75346 404
75347 97
75348 527
75349 959
75350 178
75351 959
75352 357
75353 77
75354 701
75355 656
75356 247
75357 138
75358 52
75359 21
75360 252
75361 576
75362 345
75363 676
75364 712
75365 842
75366 601
75367 592
75368 808
75369 93
75370 482
75371 980
75372 253
75373 179
75374 879
75375 781
75376 802
75377 536
75378 671
75379 581
75380 256
75381 987
75382 199
75383 609
75384 703
75385 232
75386 733
75387 601
75388 698
75389 783
75390 243
75391 574
75392 291
75393 737
75394 590
75395 838
75396 909
75397 964
75398 413
75399 756
75400 266
75401 66
75402 92
75403 91
75404 74
75405 438
75406 535
75407 959
75408 808
75409 725
75410 704
75411 202
75412 642
75413 781
75414 680
75415 455
75416 988
75417 362
75418 999
75419 865
75420 670
75421 247
75422 743
75423 858
75424 388
75425 978
75426 589
75427 227
75428 411
75429 545
75430 698
75431 597
75432 107
75433 427
75434 566
75435 868
75436 414
75437 682
75438 769
75439 973
75440 451
75441 280
75442 268
75443 345
75444 823
75445 336
75446 560
75447 948
75448 900
75449 534
75450 352
75451 312
75452 430
75453 830
75454 812
75455 324
75456 576
75457 928
75458 547
75459 754
75460 728
75461 501
75462 401
75463 870
75464 446
75465 133
75466 265
75467 114
75468 436
75469 167
75470 569
75471 19
75472 535
75473 210
75474 913
75475 455
75476 233
75477 880
75478 814
75479 167
75480 827
75481 773
75482 969
75483 339
75484 487
75485 734
75486 607
75487 649
75488 899
75489 194
75490 837
75491 188
75492 892
75493 807
75494 985
75495 337
75496 168
75497 198
75498 102
75499 585
75500 292
75501 316
75502 537
75503 311
75504 531
75505 130
75506 500
75507 415
75508 477
75509 161
75510 950
75511 569
75512 380
75513 192
75514 114
75515 310
75516 873
75517 885
75518 148
75519 275
75520 161
75521 281
75522 502
75523 519
75524 91
75525 788
75526 611
75527 4
75528 520
75529 224
75530 442
75531 336
75532 666
75533 490
75534 893
75535 681
75536 945
75537 624
75538 819
75539 537
75540 42
75541 713
75542 402
75543 64
75544 630
75545 750
75546 888
75547 589
75548 68
75549 211
75550 337
75551 43
75552 316
75553 333
75554 297
75555 170
75556 986
75557 324
75558 148
75559 833
75560 179
75561 105
75562 134
75563 177
75564 467
75565 185
75566 81
75567 220
75568 603
75569 653
75570 612
75571 740
75572 913
75573 886
75574 423
75575 682
75576 58
75577 358
75578 251
75579 346
75580 910
75581 47
75582 531
75583 462
75584 719
75585 489
75586 184
75587 695
75588 791
75589 282
75590 712
75591 564
75592 964
75593 549
75594 261
75595 194
75596 792
75597 424
75598 777
75599 579
75600 621
75601 784
75602 738
75603 769
75604 409
75605 771
75606 124
75607 799
75608 810
75609 526
75610 581
75611 881
75612 516
75613 193
75614 192
75615 705
75616 283
75617 84
75618 141
75619 725
75620 861
75621 863
75622 231
75623 246
75624 887
75625 862
75626 388
75627 850
75628 795
75629 26
75630 869
75631 442
75632 453
75633 740
75634 908
75635 232
75636 374
75637 826
75638 66
75639 655
75640 518
75641 396
75642 932
75643 124
75644 53
75645 442
75646 343
75647 412
75648 536
75649 675
75650 829
75651 184
75652 219
75653 834
75654 107
75655 367
75656 603
75657 407
75658 418
75659 412
75660 59
75661 586
75662 529
75663 336
75664 853
75665 738
75666 767
75667 407
75668 114
75669 476
75670 742
75671 905
75672 375
75673 35
75674 123
75675 166
75676 338
75677 680
75678 288
75679 173
75680 891
75681 927
75682 634
75683 616
75684 281
75685 985
75686 855
75687 742
75688 173
75689 895
75690 977
75691 96
75692 142
75693 399
75694 680
75695 461
75696 686
75697 408
75698 11
75699 556
75700 704
75701 863
75702 614
75703 133
75704 509
75705 525
75706 33
75707 89
75708 598
75709 286
75710 32
75711 403
75712 980
75713 297
75714 260
75715 396
75716 80
75717 658
75718 359
75719 212
75720 434
75721 946
75722 424
75723 144
75724 539
75725 743
75726 699
75727 342
75728 418
75729 654
75730 744
75731 359
75732 114
75733 963
75734 708
75735 898
75736 906
75737 918
75738 733
75739 663
75740 220
75741 745
75742 946
75743 104
75744 536
75745 58
75746 587
75747 165
75748 472
75749 866
75750 374
75751 288
75752 409
75753 193
75754 628
75755 356
75756 392
75757 678
75758 81
75759 363
75760 132
75761 594
75762 890
75763 396
75764 109
75765 54
75766 80
75767 535
75768 720
75769 159
75770 51
75771 255
75772 401
75773 190
75774 257
75775 533
75776 960
75777 923
75778 299
75779 693
75780 643
75781 947
75782 676
75783 42
75784 273
75785 94
75786 439
75787 629
75788 542
75789 584
75790 701
75791 31
75792 660
75793 186
75794 160
75795 136
75796 139
75797 62
75798 156
75799 631
75800 966
75801 768
75802 679
75803 985
75804 767
75805 686
75806 73
75807 158
75808 183
75809 819
75810 699
75811 590
75812 619
75813 359
75814 287
75815 8
75816 105
75817 844
75818 4
75819 726
75820 858
75821 796
75822 877
75823 385
75824 908
75825 821
75826 898
75827 259
75828 817
75829 223
75830 345
75831 27
75832 158
75833 871
75834 156
75835 890
75836 217
75837 534
75838 876
75839 288
75840 492
75841 972
75842 215
75843 441
75844 442
75845 145
75846 482
75847 769
75848 347
75849 899
75850 537
75851 443
75852 914
75853 907
75854 355
75855 883
75856 503
75857 876
75858 477
75859 770
75860 145
75861 350
75862 328
75863 18
75864 33
75865 764
75866 874
75867 423
75868 700
75869 276
75870 799
75871 185
75872 72
75873 426
75874 362
75875 753
75876 275
75877 177
75878 344
75879 302
75880 773
75881 857
75882 260
75883 592
75884 368
75885 811
75886 382
75887 381
75888 845
75889 540
75890 478
75891 443
75892 840
75893 425
75894 563
75895 622
75896 233
75897 294
75898 154
75899 296
75900 623
75901 154
75902 694
75903 699
75904 971
75905 396
75906 300
75907 233
75908 568
75909 862
75910 701
75911 103
75912 411
75913 7
75914 33
75915 973
75916 772
75917 524
75918 388
75919 553
75920 486
75921 768
75922 923
75923 733
75924 132
75925 289
75926 604
75927 385
75928 377
75929 958
75930 68
75931 313
75932 286
75933 199
75934 721
75935 852
75936 787
75937 326
75938 579
75939 980
75940 378
75941 245
75942 626
75943 815
75944 330
75945 601
75946 200
75947 894
75948 355
75949 354
75950 23
75951 145
75952 510
75953 382
75954 363
75955 426
75956 146
75957 947
75958 672
75959 975
75960 659
75961 657
75962 737
75963 660
75964 841
75965 891
75966 526
75967 38
75968 203
75969 136
75970 241
75971 250
75972 293
75973 537
75974 966
75975 605
75976 607
75977 723
75978 302
75979 152
75980 164
75981 16
75982 539
75983 165
75984 895
75985 316
75986 849
75987 315
75988 410
75989 452
75990 425
75991 904
75992 551
75993 85
75994 809
75995 382
75996 919
75997 48
75998 46
75999 42
76000 995
76001 224
76002 112
76003 868
76004 685
76005 977
76006 522
76007 322
76008 333
76009 768
76010 154
76011 278
76012 656
76013 60
76014 690
76015 737
76016 609
76017 522
76018 608
76019 70
76020 660
76021 903
76022 941
76023 337
76024 46
76025 997
76026 442
76027 253
76028 455
76029 796
76030 82
76031 17
76032 978
76033 947
76034 570
76035 534
76036 688
76037 644
76038 652
76039 797
76040 531
76041 680
76042 769
76043 415
76044 631
76045 327
76046 48
76047 922
76048 208
76049 745
76050 538
76051 531
76052 133
76053 312
76054 601
76055 482
76056 680
76057 313
76058 445
76059 472
76060 893
76061 310
76062 185
76063 552
76064 93
76065 16
76066 389
76067 611
76068 321
76069 928
76070 121
76071 731
76072 768
76073 699
76074 306
76075 452
76076 92
76077 579
76078 846
76079 635
76080 528
76081 220
76082 398
76083 78
76084 234
76085 340
76086 210
76087 677
76088 472
76089 277
76090 853
76091 813
76092 815
76093 459
76094 497
76095 975
76096 486
76097 542
76098 573
76099 650
76100 869
76101 746
76102 535
76103 210
76104 414
76105 774
76106 722
76107 86
76108 40
76109 693
76110 483
76111 400
76112 336
76113 479
76114 476
76115 544
76116 403
76117 416
76118 569
76119 206
76120 66
76121 25
76122 255
76123 771
76124 647
76125 405
76126 450
76127 337
76128 66
76129 624
76130 439
76131 392
76132 179
76133 773
76134 635
76135 224
76136 821
76137 219
76138 890
76139 11
76140 360
76141 181
76142 652
76143 421
76144 890
76145 397
76146 791
76147 156
76148 427
76149 221
76150 761
76151 309
76152 525
76153 582
76154 810
76155 90
76156 15
76157 757
76158 667
76159 445
76160 178
76161 949
76162 803
76163 541
76164 905
76165 605
76166 550
76167 670
76168 584
76169 159
76170 858
76171 930
76172 969
76173 505
76174 172
76175 727
76176 977
76177 520
76178 236
76179 519
76180 568
76181 277
76182 841
76183 194
76184 647
76185 776
76186 859
76187 740
76188 11
76189 190
76190 603
76191 230
76192 587
76193 469
76194 284
76195 915
76196 727
76197 507
76198 712
76199 548
76200 69
76201 787
76202 523
76203 738
76204 429
76205 186
76206 137
76207 701
76208 723
76209 252
76210 634
76211 155
76212 670
76213 67
76214 234
76215 899
76216 424
76217 79
76218 724
76219 838
76220 40
76221 529
76222 775
76223 874
76224 870
76225 481
76226 355
76227 700
76228 170
76229 709
76230 855
76231 570
76232 686
76233 976
76234 680
76235 145
76236 7
76237 546
76238 703
76239 73
76240 195
76241 676
76242 349
76243 345
76244 485
76245 39
76246 766
76247 368
76248 610
76249 877
76250 540
76251 237
76252 295
76253 384
76254 577
76255 567
76256 247
76257 789
76258 910
76259 65
76260 13
76261 737
76262 766
76263 66
76264 869
76265 99
76266 414
76267 431
76268 7
76269 952
76270 5
76271 251
76272 596
76273 678
76274 503
76275 253
76276 182
76277 426
76278 132
76279 239
76280 564
76281 877
76282 605
76283 236
76284 579
76285 25
76286 905
76287 853
76288 456
76289 97
76290 241
76291 277
76292 914
76293 398
76294 3
76295 466
76296 405
76297 150
76298 692
76299 324
76300 636
76301 576
76302 686
76303 223
76304 248
76305 916
76306 459
76307 970
76308 759
76309 184
76310 524
76311 401
76312 95
76313 560
76314 646
76315 820
76316 157
76317 130
76318 117
76319 336
76320 608
76321 639
76322 994
76323 371
76324 350
76325 794
76326 453
76327 919
76328 509
76329 375
76330 272
76331 597
76332 908
76333 479
76334 744
76335 0
76336 382
76337 789
76338 637
76339 90
76340 819
76341 826
76342 210
76343 474
76344 236
76345 673
76346 389
76347 987
76348 608
76349 426
76350 194
76351 373
76352 785
76353 204
76354 572
76355 261
76356 218
76357 307
76358 169
76359 445
76360 51
76361 576
76362 283
76363 240
76364 861
76365 342
76366 832
76367 323
76368 55
76369 944
76370 318
76371 612
76372 337
76373 443
76374 276
76375 469
76376 170
76377 662
76378 593
76379 420
76380 16
76381 182
76382 550
76383 214
76384 294
76385 705
76386 868
76387 878
76388 685
76389 71
76390 831
76391 344
76392 60
76393 148
76394 449
76395 539
76396 318
76397 465
76398 181
76399 518
76400 560
76401 847
76402 152
76403 492
76404 418
76405 472
76406 355
76407 548
76408 16
76409 424
76410 686
76411 98
76412 231
76413 813
76414 344
76415 549
76416 643
76417 821
76418 263
76419 884
76420 605
76421 307
76422 531
76423 521
76424 6
76425 12
76426 832
76427 85
76428 823
76429 331
76430 286
76431 793
76432 187
76433 983
76434 849
76435 752
76436 819
76437 772
76438 292
76439 961
76440 439
76441 807
76442 15
76443 965
76444 93
76445 673
76446 683
76447 432
76448 508
76449 190
76450 795
76451 31
76452 607
76453 446
76454 378
76455 91
76456 478
76457 902
76458 890
76459 496
76460 652
76461 526
76462 188
76463 348
76464 486
76465 303
76466 828
76467 150
76468 617
76469 116
76470 214
76471 341
76472 68
76473 41
76474 526
76475 918
76476 231
76477 645
76478 835
76479 635
76480 264
76481 110
76482 35
76483 141
76484 247
76485 242
76486 310
76487 810
76488 548
76489 461
76490 821
76491 164
76492 299
76493 22
76494 22
76495 107
76496 647
76497 615
76498 960
76499 76
76500 554
76501 194
76502 688
76503 943
76504 85
76505 734
76506 771
76507 534
76508 566
76509 105
76510 230
76511 17
76512 207
76513 506
76514 863
76515 210
76516 397
76517 200
76518 38
76519 582
76520 741
76521 295
76522 917
76523 291
76524 640
76525 185
76526 979
76527 267
76528 526
76529 502
76530 716
76531 896
76532 992
76533 350
76534 352
76535 535
76536 558
76537 701
76538 747
76539 758
76540 671
76541 351
76542 458
76543 344
76544 223
76545 48
76546 268
76547 630
76548 279
76549 714
76550 647
76551 116
76552 610
76553 785
76554 412
76555 13
76556 326
76557 808
76558 551
76559 952
76560 976
76561 849
76562 452
76563 638
76564 477
76565 918
76566 345
76567 724
76568 632
76569 93
76570 366
76571 810
76572 59
76573 890
76574 921
76575 35
76576 115
76577 258
76578 108
76579 95
76580 866
76581 510
76582 494
76583 778
76584 173
76585 722
76586 687
76587 122
76588 133
76589 642
76590 77
76591 713
76592 567
76593 607
76594 642
76595 161
76596 92
76597 564
76598 311
76599 686
76600 813
76601 220
76602 786
76603 384
76604 675
76605 850
76606 831
76607 882
76608 66
76609 448
76610 240
76611 721
76612 467
76613 365
76614 305
76615 316
76616 511
76617 578
76618 809
76619 692
76620 762
76621 201
76622 850
76623 298
76624 568
76625 266
76626 290
76627 501
76628 530
76629 341
76630 977
76631 692
76632 381
76633 521
76634 725
76635 339
76636 79
76637 763
76638 15
76639 839
76640 969
76641 81
76642 24
76643 423
76644 460
76645 664
76646 571
76647 479
76648 606
76649 87
76650 165
76651 585
76652 381
76653 197
76654 182
76655 803
76656 145
76657 285
76658 47
76659 894
76660 544
76661 123
76662 887
76663 796
76664 753
76665 145
76666 595
76667 799
76668 972
76669 828
76670 420
76671 104
76672 334
76673 559
76674 880
76675 398
76676 353
76677 351
76678 283
76679 268
76680 803
76681 563
76682 263
76683 5
76684 60
76685 856
76686 116
76687 914
76688 246
76689 209
76690 307
76691 555
76692 446
76693 492
76694 113
76695 490
76696 538
76697 4
76698 229
76699 652
76700 67
76701 236
76702 794
76703 568
76704 752
76705 267
76706 343
76707 244
76708 590
76709 835
76710 502
76711 559
76712 615
76713 913
76714 580
76715 260
76716 700
76717 764
76718 41
76719 560
76720 835
76721 84
76722 981
76723 874
76724 719
76725 45
76726 79
76727 630
76728 463
76729 549
76730 651
76731 462
76732 17
76733 271
76734 869
76735 959
76736 388
76737 884
76738 461
76739 597
76740 403
76741 882
76742 509
76743 361
76744 749
76745 782
76746 802
76747 880
76748 227
76749 210
76750 982
76751 158
76752 560
76753 709
76754 123
76755 523
76756 919
76757 49
76758 47
76759 496
76760 826
76761 214
76762 810
76763 240
76764 847
76765 720
76766 343
76767 325
76768 630
76769 98
76770 991
76771 430
76772 820
76773 728
76774 142
76775 782
76776 919
76777 190
76778 316
76779 811
76780 88
76781 791
76782 638
76783 352
76784 106
76785 50
76786 868
76787 481
76788 595
76789 55
76790 325
76791 583
76792 395
76793 524
76794 501
76795 385
76796 771
76797 979
76798 174
76799 455
76800 239
76801 770
76802 255
76803 682
76804 101
76805 191
76806 270
76807 240
76808 208
76809 244
76810 578
76811 13
76812 475
76813 831
76814 94
76815 972
76816 912
76817 455
76818 80
76819 503
76820 780
76821 209
76822 152
76823 431
76824 23
76825 146
76826 265
76827 321
76828 286
76829 583
76830 446
76831 649
76832 217
76833 851
76834 38
76835 630
76836 442
76837 114
76838 165
76839 40
76840 116
76841 992
76842 92
76843 940
76844 211
76845 603
76846 822
76847 189
76848 504
76849 7
76850 657
76851 192
76852 656
76853 807
76854 283
76855 6
76856 554
76857 569
76858 452
76859 192
76860 97
76861 723
76862 374
76863 368
76864 202
76865 195
76866 148
76867 576
76868 964
76869 44
76870 446
76871 626
76872 569
76873 217
76874 907
76875 768
76876 734
76877 864
76878 50
76879 851
76880 47
76881 296
76882 961
76883 594
76884 65
76885 266
76886 419
76887 18
76888 833
76889 956
76890 845
76891 845
76892 704
76893 873
76894 332
76895 581
76896 1
76897 799
76898 656
76899 356
76900 186
76901 814
76902 361
76903 526
76904 107
76905 690
76906 503
76907 469
76908 84
76909 547
76910 927
76911 177
76912 426
76913 126
76914 131
76915 847
76916 318
76917 651
76918 48
76919 563
76920 107
76921 601
76922 713
76923 522
76924 407
76925 171
76926 980
76927 336
76928 118
76929 880
76930 598
76931 396
76932 546
76933 388
76934 819
76935 447
76936 476
76937 388
76938 511
76939 705
76940 176
76941 567
76942 31
76943 851
76944 155
76945 905
76946 725
76947 150
76948 50
76949 394
76950 145
76951 813
76952 189
76953 787
76954 520
76955 823
76956 464
76957 289
76958 279
76959 210
76960 481
76961 430
76962 850
76963 873
76964 510
76965 356
76966 439
76967 330
76968 737
76969 342
76970 455
76971 909
76972 592
76973 80
76974 919
76975 175
76976 286
76977 239
76978 802
76979 313
76980 405
76981 344
76982 887
76983 918
76984 991
76985 283
76986 107
76987 895
76988 21
76989 833
76990 951
76991 43
76992 693
76993 57
76994 167
76995 682
76996 335
76997 44
76998 905
76999 336
77000 131
77001 611
77002 296
77003 454
77004 205
77005 618
77006 3
77007 879
77008 629
77009 961
77010 539
77011 283
77012 950
77013 349
77014 588
77015 849
77016 897
77017 827
77018 562
77019 991
77020 530
77021 475
77022 557
77023 203
77024 867
77025 485
77026 300
77027 940
77028 298
77029 252
77030 504
77031 261
77032 665
77033 564
77034 877
77035 118
77036 279
77037 280
77038 162
77039 148
77040 551
77041 801
77042 112
77043 915
77044 546
77045 304
77046 888
77047 126
77048 646
77049 282
77050 152
77051 534
77052 609
77053 42
77054 223
77055 983
77056 866
77057 845
77058 15
77059 6
77060 628
77061 879
77062 620
77063 651
77064 535
77065 677
77066 337
77067 775
77068 978
77069 980
77070 786
77071 34
77072 483
77073 232
77074 511
77075 801
77076 659
77077 976
77078 4
77079 836
77080 548
77081 46
77082 103
77083 720
77084 280
77085 511
77086 290
77087 791
77088 862
77089 108
77090 971
77091 388
77092 422
77093 465
77094 89
77095 666
77096 390
77097 156
77098 192
77099 886
77100 97
77101 107
77102 354
77103 825
77104 519
77105 563
77106 42
77107 700
77108 825
77109 404
77110 865
77111 635
77112 931
77113 652
77114 956
77115 850
77116 648
77117 356
77118 543
77119 597
77120 640
77121 918
77122 782
77123 691
77124 338
77125 192
77126 358
77127 17
77128 195
77129 717
77130 519
77131 145
77132 380
77133 259
77134 109
77135 226
77136 28
77137 410
77138 448
77139 296
77140 132
77141 66
77142 64
77143 636
77144 587
77145 813
77146 292
77147 497
77148 748
77149 501
77150 392
77151 560
77152 15
77153 306
77154 199
77155 920
77156 538
77157 708
77158 265
77159 722
77160 736
77161 719
77162 543
77163 89
77164 142
77165 54
77166 30
77167 710
77168 210
77169 663
77170 483
77171 631
77172 105
77173 601
77174 16
77175 868
77176 287
77177 520
77178 118
77179 760
77180 137
77181 471
77182 255
77183 438
77184 793
77185 16
77186 786
77187 345
77188 951
77189 507
77190 392
77191 340
77192 940
77193 889
77194 803
77195 656
77196 883
77197 690
77198 165
77199 608
77200 239
77201 869
77202 125
77203 732
77204 686
77205 733
77206 626
77207 473
77208 693
77209 863
77210 256
77211 357
77212 890
77213 238
77214 611
77215 816
77216 707
77217 345
77218 973
77219 436
77220 432
77221 422
77222 692
77223 297
77224 212
77225 416
77226 394
77227 595
77228 3
77229 358
77230 375
77231 282
77232 946
77233 66
77234 189
77235 462
77236 926
77237 295
77238 0
77239 940
77240 386
77241 818
77242 917
77243 859
77244 729
77245 551
77246 617
77247 28
77248 872
77249 101
77250 623
77251 108
77252 371
77253 644
77254 982
77255 736
77256 643
77257 175
77258 946
77259 337
77260 279
77261 442
77262 100
77263 161
77264 496
77265 465
77266 479
77267 810
77268 568
77269 369
77270 730
77271 134
77272 369
77273 143
77274 29
77275 782
77276 270
77277 919
77278 764
77279 897
77280 83
77281 395
77282 474
77283 863
77284 543
77285 147
77286 487
77287 318
77288 316
77289 655
77290 357
77291 250
77292 881
77293 847
77294 423
77295 990
77296 585
77297 270
77298 293
77299 67
77300 723
77301 282
77302 471
77303 433
77304 510
77305 32
77306 351
77307 322
77308 203
77309 431
77310 343
77311 643
77312 500
77313 500
77314 485
77315 740
77316 986
77317 703
77318 775
77319 586
77320 741
77321 777
77322 168
77323 349
77324 826
77325 592
77326 216
77327 899
77328 231
77329 440
77330 682
77331 961
77332 121
77333 903
77334 831
77335 280
77336 79
77337 873
77338 826
77339 76
77340 607
77341 832
77342 938
77343 405
77344 768
77345 956
77346 902
77347 145
77348 712
77349 379
77350 452
77351 582
77352 482
77353 380
77354 194
77355 927
77356 94
77357 887
77358 268
77359 617
77360 765
77361 574
77362 966
77363 536
77364 853
77365 954
77366 88
77367 809
77368 249
77369 800
77370 47
77371 506
77372 575
77373 948
77374 640
77375 457
77376 267
77377 541
77378 881
77379 878
77380 79
77381 88
77382 717
77383 0
77384 995
77385 228
77386 211
77387 726
77388 287
77389 679
77390 798
77391 806
77392 71
77393 324
77394 394
77395 128
77396 507
77397 264
77398 626
77399 896
77400 647
77401 56
77402 118
77403 132
77404 660
77405 219
77406 286
77407 765
77408 544
77409 306
77410 862
77411 333
77412 713
77413 236
77414 512
77415 994
77416 188
77417 641
77418 742
77419 117
77420 156
77421 666
77422 54
77423 435
77424 231
77425 769
77426 53
77427 547
77428 650
77429 877
77430 335
77431 721
77432 207
77433 759
77434 938
77435 140
77436 278
77437 570
77438 755
77439 113
77440 385
77441 752
77442 370
77443 522
77444 739
77445 621
77446 882
77447 405
77448 655
77449 602
77450 264
77451 559
77452 334
77453 941
77454 200
77455 416
77456 539
77457 39
77458 560
77459 75
77460 975
77461 904
77462 644
77463 380
77464 956
77465 721
77466 531
77467 339
77468 622
77469 554
77470 792
77471 635
77472 845
77473 263
77474 589
77475 424
77476 494
77477 495
77478 898
77479 446
77480 434
77481 3
77482 474
77483 893
77484 76
77485 134
77486 715
77487 117
77488 380
77489 882
77490 932
77491 909
77492 809
77493 996
77494 732
77495 659
77496 694
77497 83
77498 623
77499 945
77500 60
77501 887
77502 263
77503 142
77504 213
77505 398
77506 237
77507 628
77508 137
77509 547
77510 527
77511 224
77512 338
77513 855
77514 742
77515 822
77516 453
77517 585
77518 162
77519 522
77520 263
77521 121
77522 29
77523 719
77524 641
77525 692
77526 411
77527 367
77528 282
77529 953
77530 573
77531 926
77532 599
77533 27
77534 579
77535 627
77536 13
77537 420
77538 309
77539 833
77540 13
77541 294
77542 28
77543 564
77544 627
77545 577
77546 922
77547 737
77548 782
77549 662
77550 361
77551 120
77552 216
77553 815
77554 635
77555 807
77556 77
77557 823
77558 149
77559 301
77560 322
77561 963
77562 12
77563 123
77564 275
77565 582
77566 283
77567 454
77568 307
77569 28
77570 178
77571 991
77572 343
77573 964
77574 761
77575 444
77576 708
77577 954
77578 833
77579 881
77580 238
77581 770
77582 366
77583 624
77584 954
77585 290
77586 483
77587 489
77588 361
77589 918
77590 96
77591 226
77592 990
77593 12
77594 491
77595 688
77596 164
77597 592
77598 540
77599 275
77600 20
77601 155
77602 157
77603 373
77604 54
77605 265
77606 63
77607 557
77608 708
77609 446
77610 601
77611 696
77612 537
77613 982
77614 659
77615 151
77616 385
77617 642
77618 326
77619 613
77620 112
77621 5
77622 751
77623 57
77624 891
77625 697
77626 443
77627 218
77628 943
77629 650
77630 861
77631 731
77632 384
77633 951
77634 300
77635 381
77636 843
77637 797
77638 443
77639 716
77640 343
77641 393
77642 665
77643 278
77644 929
77645 668
77646 494
77647 467
77648 684
77649 918
77650 789
77651 475
77652 150
77653 355
77654 579
77655 822
77656 587
77657 236
77658 606
77659 334
77660 374
77661 492
77662 216
77663 519
77664 760
77665 265
77666 497
77667 109
77668 962
77669 148
77670 747
77671 813
77672 471
77673 94
77674 388
77675 455
77676 467
77677 301
77678 262
77679 267
77680 272
77681 155
77682 447
77683 655
77684 38
77685 409
77686 545
77687 597
77688 308
77689 38
77690 462
77691 57
77692 98
77693 4
77694 259
77695 539
77696 582
77697 217
77698 592
77699 672
77700 928
77701 23
77702 628
77703 518
77704 22
77705 787
77706 426
77707 974
77708 15
77709 33
77710 810
77711 686
77712 47
77713 156
77714 122
77715 278
77716 178
77717 250
77718 219
77719 650
77720 985
77721 247
77722 790
77723 691
77724 830
77725 997
77726 6
77727 846
77728 180
77729 308
77730 431
77731 947
77732 812
77733 736
77734 97
77735 247
77736 951
77737 278
77738 823
77739 769
77740 165
77741 516
77742 595
77743 887
77744 109
77745 528
77746 762
77747 891
77748 414
77749 617
77750 359
77751 212
77752 232
77753 643
77754 49
77755 189
77756 171
77757 309
77758 882
77759 377
77760 323
77761 234
77762 445
77763 626
77764 684
77765 285
77766 924
77767 752
77768 278
77769 94
77770 662
77771 819
77772 442
77773 735
77774 237
77775 256
77776 264
77777 157
77778 753
77779 794
77780 424
77781 485
77782 907
77783 739
77784 906
77785 647
77786 875
77787 503
77788 862
77789 453
77790 415
77791 15
77792 780
77793 334
77794 756
77795 168
77796 471
77797 27
77798 95
77799 618
77800 7
77801 275
77802 995
77803 526
77804 123
77805 849
77806 700
77807 290
77808 301
77809 237
77810 606
77811 84
77812 387
77813 917
77814 652
77815 92
77816 423
77817 168
77818 585
77819 947
77820 592
77821 885
77822 423
77823 431
77824 346
77825 600
77826 605
77827 629
77828 552
77829 946
77830 451
77831 607
77832 605
77833 736
77834 472
77835 940
77836 348
77837 271
77838 626
77839 658
77840 693
77841 558
77842 487
77843 573
77844 67
77845 600
77846 505
77847 50
77848 926
77849 296
77850 437
77851 124
77852 2
77853 798
77854 759
77855 404
77856 901
77857 734
77858 240
77859 647
77860 261
77861 971
77862 133
77863 8
77864 116
77865 200
77866 164
77867 738
77868 533
77869 25
77870 606
77871 170
77872 414
77873 967
77874 731
77875 216
77876 73
77877 34
77878 534
77879 119
77880 95
77881 769
77882 85
77883 424
77884 738
77885 916
77886 136
77887 782
77888 623
77889 238
77890 787
77891 124
77892 700
77893 349
77894 242
77895 405
77896 642
77897 339
77898 814
77899 91
77900 452
77901 516
77902 400
77903 651
77904 721
77905 406
77906 702
77907 602
77908 344
77909 634
77910 622
77911 978
77912 272
77913 118
77914 49
77915 437
77916 637
77917 853
77918 865
77919 164
77920 87
77921 411
77922 485
77923 904
77924 368
77925 836
77926 830
77927 924
77928 389
77929 900
77930 361
77931 329
77932 622
77933 879
77934 56
77935 690
77936 900
77937 392
77938 404
77939 386
77940 789
77941 419
77942 202
77943 466
77944 878
77945 679
77946 232
77947 478
77948 941
77949 580
77950 82
77951 508
77952 464
77953 89
77954 267
77955 200
77956 829
77957 541
77958 126
77959 143
77960 686
77961 369
77962 317
77963 68
77964 143
77965 785
77966 346
77967 689
77968 204
77969 10
77970 441
77971 457
77972 579
77973 447
77974 48
77975 909
77976 844
77977 590
77978 428
77979 575
77980 66
77981 373
77982 464
77983 965
77984 114
77985 925
77986 54
77987 368
77988 699
77989 854
77990 119
77991 839
77992 146
77993 671
77994 740
77995 336
77996 675
77997 364
77998 377
77999 827
78000 761
78001 336
78002 806
78003 343
78004 353
78005 609
78006 432
78007 349
78008 462
78009 147
78010 132
78011 32
78012 829
78013 762
78014 28
78015 892
78016 78
78017 680
78018 560
78019 140
78020 855
78021 474
78022 944
78023 798
78024 304
78025 189
78026 664
78027 77
78028 214
78029 942
78030 751
78031 174
78032 592
78033 396
78034 567
78035 305
78036 179
78037 145
78038 343
78039 491
78040 52
78041 689
78042 732
78043 855
78044 342
78045 828
78046 781
78047 252
78048 376
78049 984
78050 288
78051 620
78052 485
78053 761
78054 136
78055 841
78056 166
78057 780
78058 481
78059 126
78060 596
78061 793
78062 395
78063 326
78064 414
78065 157
78066 976
78067 524
78068 415
78069 72
78070 681
78071 70
78072 898
78073 645
78074 443
78075 235
78076 530
78077 84
78078 584
78079 160
78080 201
78081 675
78082 198
78083 72
78084 576
78085 325
78086 627
78087 554
78088 876
78089 824
78090 714
78091 766
78092 224
78093 168
78094 142
78095 203
78096 973
78097 991
78098 793
78099 89
78100 783
78101 143
78102 340
78103 321
78104 306
78105 0
78106 749
78107 797
78108 908
78109 840
78110 913
78111 161
78112 39
78113 20
78114 535
78115 470
78116 474
78117 577
78118 644
78119 266
78120 307
78121 300
78122 23
78123 846
78124 641
78125 191
78126 160
78127 954
78128 255
78129 112
78130 673
78131 274
78132 368
78133 787
78134 781
78135 363
78136 395
78137 367
78138 803
78139 686
78140 7
78141 861
78142 370
78143 392
78144 592
78145 577
78146 99
78147 229
78148 574
78149 179
78150 455
78151 225
78152 673
78153 417
78154 617
78155 750
78156 221
78157 344
78158 892
78159 128
78160 437
78161 113
78162 984
78163 372
78164 547
78165 818
78166 626
78167 215
78168 672
78169 953
78170 674
78171 302
78172 128
78173 518
78174 379
78175 503
78176 418
78177 686
78178 898
78179 885
78180 982
78181 749
78182 115
78183 418
78184 466
78185 513
78186 702
78187 814
78188 353
78189 836
78190 845
78191 418
78192 140
78193 82
78194 153
78195 573
78196 275
78197 63
78198 374
78199 730
78200 872
78201 303
78202 222
78203 630
78204 982
78205 779
78206 215
78207 308
78208 758
78209 732
78210 565
78211 930
78212 398
78213 707
78214 718
78215 985
78216 331
78217 62
78218 277
78219 174
78220 261
78221 714
78222 903
78223 94
78224 300
78225 225
78226 488
78227 661
78228 292
78229 22
78230 928
78231 763
78232 456
78233 412
78234 956
78235 246
78236 68
78237 753
78238 17
78239 341
78240 573
78241 616
78242 93
78243 637
78244 704
78245 280
78246 638
78247 461
78248 215
78249 161
78250 875
78251 122
78252 366
78253 352
78254 958
78255 35
78256 897
78257 509
78258 219
78259 93
78260 38
78261 445
78262 322
78263 534
78264 963
78265 762
78266 567
78267 447
78268 999
78269 349
78270 432
78271 132
78272 7
78273 948
78274 944
78275 32
78276 393
78277 578
78278 994
78279 342
78280 620
78281 748
78282 369
78283 853
78284 139
78285 110
78286 870
78287 344
78288 473
78289 585
78290 698
78291 164
78292 30
78293 657
78294 586
78295 172
78296 392
78297 117
78298 286
78299 586
78300 603
78301 478
78302 311
78303 44
78304 840
78305 389
78306 763
78307 711
78308 147
78309 679
78310 828
78311 285
78312 89
78313 660
78314 190
78315 253
78316 224
78317 277
78318 293
78319 886
78320 300
78321 846
78322 548
78323 584
78324 525
78325 847
78326 554
78327 762
78328 52
78329 779
78330 707
78331 771
78332 621
78333 242
78334 799
78335 730
78336 415
78337 680
78338 317
78339 5
78340 588
78341 683
78342 9
78343 127
78344 879
78345 975
78346 638
78347 101
78348 244
78349 304
78350 620
78351 282
78352 980
78353 634
78354 465
78355 135
78356 828
78357 645
78358 632
78359 179
78360 84
78361 923
78362 700
78363 952
78364 226
78365 415
78366 885
78367 604
78368 50
78369 687
78370 99
78371 389
78372 335
78373 196
78374 541
78375 423
78376 740
78377 780
78378 945
78379 234
78380 573
78381 552
78382 30
78383 673
78384 557
78385 77
78386 938
78387 810
78388 750
78389 35
78390 358
78391 276
78392 361
78393 540
78394 57
78395 769
78396 439
78397 814
78398 979
78399 626
78400 175
78401 266
78402 265
78403 105
78404 58
78405 345
78406 963
78407 83
78408 160
78409 854
78410 628
78411 764
78412 44
78413 245
78414 368
78415 125
78416 47
78417 454
78418 335
78419 185
78420 38
78421 639
78422 288
78423 536
78424 658
78425 876
78426 733
78427 420
78428 414
78429 667
78430 800
78431 451
78432 865
78433 196
78434 670
78435 801
78436 149
78437 614
78438 444
78439 866
78440 11
78441 152
78442 696
78443 906
78444 983
78445 65
78446 334
78447 543
78448 559
78449 727
78450 783
78451 29
78452 859
78453 310
78454 282
78455 56
78456 346
78457 491
78458 725
78459 772
78460 150
78461 475
78462 700
78463 732
78464 800
78465 795
78466 696
78467 639
78468 903
78469 521
78470 237
78471 232
78472 1
78473 313
78474 112
78475 95
78476 732
78477 989
78478 222
78479 510
78480 57
78481 554
78482 131
78483 895
78484 510
78485 995
78486 307
78487 32
78488 383
78489 267
78490 24
78491 268
78492 685
78493 445
78494 271
78495 413
78496 76
78497 790
78498 637
78499 897
78500 892
78501 218
78502 578
78503 281
78504 680
78505 486
78506 500
78507 864
78508 51
78509 441
78510 404
78511 240
78512 672
78513 985
78514 866
78515 598
78516 766
78517 64
78518 691
78519 175
78520 537
78521 593
78522 488
78523 212
78524 391
78525 371
78526 112
78527 434
78528 106
78529 875
78530 895
78531 352
78532 899
78533 146
78534 13
78535 322
78536 14
78537 204
78538 687
78539 390
78540 811
78541 375
78542 329
78543 252
78544 930
78545 340
78546 439
78547 239
78548 735
78549 942
78550 213
78551 232
78552 300
78553 584
78554 105
78555 641
78556 112
78557 834
78558 921
78559 895
78560 431
78561 551
78562 836
78563 613
78564 104
78565 964
78566 411
78567 415
78568 871
78569 57
78570 56
78571 669
78572 366
78573 122
78574 567
78575 939
78576 720
78577 254
78578 505
78579 984
78580 971
78581 612
78582 670
78583 481
78584 932
78585 782
78586 637
78587 472
78588 167
78589 401
78590 790
78591 777
78592 804
78593 714
78594 494
78595 864
78596 415
78597 701
78598 954
78599 356
78600 143
78601 616
78602 666
78603 578
78604 812
78605 412
78606 280
78607 620
78608 257
78609 467
78610 189
78611 52
78612 604
78613 194
78614 799
78615 45
78616 263
78617 537
78618 767
78619 835
78620 242
78621 622
78622 495
78623 461
78624 31
78625 55
78626 563
78627 73
78628 484
78629 971
78630 739
78631 208
78632 87
78633 113
78634 555
78635 30
78636 990
78637 39
78638 100
78639 559
78640 381
78641 420
78642 12
78643 717
78644 813
78645 232
78646 136
78647 428
78648 817
78649 582
78650 422
78651 512
78652 956
78653 821
78654 423
78655 661
78656 724
78657 286
78658 852
78659 777
78660 282
78661 269
78662 607
78663 953
78664 242
78665 610
78666 208
78667 928
78668 180
78669 729
78670 955
78671 567
78672 26
78673 677
78674 173
78675 533
78676 101
78677 730
78678 454
78679 675
78680 986
78681 990
78682 353
78683 700
78684 837
78685 989
78686 616
78687 555
78688 320
78689 76
78690 540
78691 487
78692 188
78693 66
78694 343
78695 299
78696 163
78697 101
78698 154
78699 208
78700 925
78701 985
78702 125
78703 899
78704 0
78705 483
78706 611
78707 348
78708 547
78709 140
78710 536
78711 8
78712 744
78713 16
78714 244
78715 217
78716 501
78717 340
78718 963
78719 354
78720 224
78721 501
78722 127
78723 952
78724 899
78725 240
78726 190
78727 725
78728 198
78729 221
78730 85
78731 753
78732 466
78733 760
78734 258
78735 361
78736 96
78737 251
78738 486
78739 254
78740 169
78741 599
78742 964
78743 491
78744 152
78745 250
78746 880
78747 538
78748 455
78749 956
78750 156
78751 254
78752 889
78753 974
78754 119
78755 467
78756 275
78757 740
78758 496
78759 263
78760 12
78761 687
78762 762
78763 160
78764 439
78765 867
78766 175
78767 228
78768 346
78769 686
78770 490
78771 595
78772 574
78773 978
78774 503
78775 664
78776 775
78777 676
78778 640
78779 262
78780 851
78781 245
78782 282
78783 757
78784 77
78785 330
78786 605
78787 804
78788 64
78789 678
78790 770
78791 582
78792 688
78793 87
78794 804
78795 59
78796 566
78797 767
78798 852
78799 677
78800 117
78801 263
78802 377
78803 823
78804 677
78805 189
78806 299
78807 738
78808 135
78809 583
78810 130
78811 753
78812 123
78813 188
78814 985
78815 339
78816 622
78817 927
78818 100
78819 366
78820 520
78821 674
78822 202
78823 620
78824 267
78825 157
78826 324
78827 478
78828 246
78829 405
78830 580
78831 965
78832 528
78833 361
78834 554
78835 356
78836 280
78837 798
78838 608
78839 956
78840 349
78841 442
78842 666
78843 688
78844 585
78845 501
78846 852
78847 631
78848 320
78849 66
78850 331
78851 326
78852 68
78853 113
78854 118
78855 364
78856 254
78857 292
78858 759
78859 520
78860 856
78861 795
78862 699
78863 323
78864 173
78865 50
78866 955
78867 318
78868 151
78869 778
78870 131
78871 568
78872 976
78873 752
78874 232
78875 263
78876 170
78877 152
78878 538
78879 405
78880 162
78881 125
78882 638
78883 509
78884 222
78885 659
78886 804
78887 744
78888 272
78889 137
78890 644
78891 239
78892 9
78893 6
78894 166
78895 35
78896 774
78897 767
78898 641
78899 274
78900 857
78901 262
78902 529
78903 517
78904 89
78905 162
78906 505
78907 74
78908 214
78909 781
78910 259
78911 5
78912 356
78913 973
78914 132
78915 881
78916 154
78917 708
78918 202
78919 216
78920 757
78921 503
78922 846
78923 719
78924 917
78925 821
78926 90
78927 648
78928 2
78929 93
78930 899
78931 899
78932 478
78933 90
78934 306
78935 449
78936 831
78937 925
78938 746
78939 820
78940 553
78941 730
78942 2
78943 692
78944 561
78945 602
78946 40
78947 729
78948 283
78949 617
78950 618
78951 79
78952 596
78953 597
78954 669
78955 717
78956 52
78957 488
78958 759
78959 433
78960 944
78961 452
78962 556
78963 549
78964 755
78965 860
78966 681
78967 57
78968 95
78969 163
78970 599
78971 301
78972 562
78973 64
78974 918
78975 293
78976 82
78977 741
78978 396
78979 473
78980 497
78981 337
78982 686
78983 692
78984 299
78985 139
78986 133
78987 538
78988 809
78989 770
78990 465
78991 998
78992 769
78993 870
78994 381
78995 888
78996 179
78997 348
78998 340
78999 773
79000 649
79001 752
79002 131
79003 96
79004 66
79005 730
79006 977
79007 31
79008 525
79009 905
79010 601
79011 902
79012 516
79013 421
79014 575
79015 302
79016 703
79017 495
79018 699
79019 906
79020 820
79021 172
79022 200
79023 561
79024 711
79025 781
79026 612
79027 471
79028 607
79029 795
79030 303
79031 306
79032 921
79033 534
79034 675
79035 334
79036 224
79037 26
79038 157
79039 64
79040 357
79041 975
79042 303
79043 429
79044 908
79045 327
79046 562
79047 170
79048 680
79049 678
79050 492
79051 220
79052 460
79053 72
79054 199
79055 411
79056 305
79057 526
79058 948
79059 423
79060 248
79061 890
79062 378
79063 134
79064 284
79065 406
79066 416
79067 758
79068 232
79069 673
79070 870
79071 535
79072 782
79073 637
79074 978
79075 898
79076 664
79077 939
79078 270
79079 66
79080 16
79081 589
79082 638
79083 644
79084 218
79085 325
79086 186
79087 257
79088 33
79089 619
79090 365
79091 340
79092 804
79093 550
79094 901
79095 576
79096 614
79097 483
79098 323
79099 856
79100 191
79101 272
79102 123
79103 356
79104 22
79105 818
79106 48
79107 664
79108 567
79109 67
79110 847
79111 669
79112 591
79113 347
79114 120
79115 105
79116 430
79117 256
79118 119
79119 800
79120 351
79121 523
79122 347
79123 168
79124 309
79125 621
79126 395
79127 477
79128 469
79129 971
79130 695
79131 189
79132 248
79133 860
79134 658
79135 100
79136 891
79137 497
79138 925
79139 212
79140 948
79141 826
79142 343
79143 811
79144 93
79145 137
79146 619
79147 42
79148 298
79149 251
79150 5
79151 14
79152 992
79153 410
79154 220
79155 839
79156 33
79157 88
79158 843
79159 881
79160 115
79161 621
79162 409
79163 782
79164 945
79165 656
79166 485
79167 350
79168 80
79169 670
79170 185
79171 630
79172 325
79173 293
79174 661
79175 348
79176 989
79177 74
79178 321
79179 919
79180 963
79181 349
79182 698
79183 271
79184 863
79185 834
79186 182
79187 623
79188 738
79189 18
79190 926
79191 200
79192 82
79193 976
79194 143
79195 655
79196 202
79197 824
79198 125
79199 729
79200 219
79201 636
79202 364
79203 256
79204 306
79205 379
79206 402
79207 325
79208 854
79209 692
79210 460
79211 565
79212 788
79213 732
79214 207
79215 545
79216 851
79217 945
79218 166
79219 927
79220 328
79221 38
79222 265
79223 881
79224 9
79225 509
79226 897
79227 569
79228 503
79229 729
79230 448
79231 54
79232 979
79233 304
79234 819
79235 183
79236 423
79237 232
79238 146
79239 306
79240 816
79241 107
79242 83
79243 362
79244 688
79245 76
79246 66
79247 402
79248 53
79249 851
79250 481
79251 308
79252 953
79253 392
79254 199
79255 550
79256 360
79257 532
79258 109
79259 722
79260 624
79261 414
79262 701
79263 822
79264 782
79265 265
79266 975
79267 20
79268 898
79269 311
79270 464
79271 378
79272 554
79273 750
79274 78
79275 8
79276 67
79277 533
79278 264
79279 364
79280 705
79281 909
79282 170
79283 245
79284 39
79285 728
79286 513
79287 55
79288 410
79289 867
79290 358
79291 58
79292 236
79293 400
79294 220
79295 313
79296 162
79297 62
79298 419
79299 20
79300 106
79301 48
79302 1
79303 168
79304 870
79305 907
79306 86
79307 972
79308 401
79309 557
79310 220
79311 947
79312 132
79313 310
79314 894
79315 997
79316 702
79317 624
79318 474
79319 326
79320 683
79321 602
79322 274
79323 492
79324 593
79325 163
79326 457
79327 240
79328 830
79329 324
79330 852
79331 165
79332 774
79333 620
79334 579
79335 585
79336 299
79337 280
79338 275
79339 434
79340 662
79341 221
79342 955
79343 942
79344 69
79345 848
79346 629
79347 160
79348 569
79349 698
79350 19
79351 678
79352 633
79353 597
79354 771
79355 685
79356 190
79357 244
79358 585
79359 720
79360 367
79361 861
79362 38
79363 876
79364 617
79365 535
79366 302
79367 104
79368 14
79369 493
79370 617
79371 825
79372 361
79373 771
79374 769
79375 771
79376 25
79377 201
79378 241
79379 276
79380 760
79381 503
79382 110
79383 22
79384 991
79385 884
79386 98
79387 273
79388 833
79389 895
79390 71
79391 637
79392 816
79393 301
79394 152
79395 225
79396 261
79397 996
79398 8
79399 535
79400 627
79401 358
79402 450
79403 813
79404 422
79405 998
79406 263
79407 477
79408 308
79409 273
79410 462
79411 552
79412 738
79413 581
79414 195
79415 31
79416 869
79417 454
79418 415
79419 421
79420 19
79421 819
79422 15
79423 866
79424 332
79425 368
79426 282
79427 880
79428 221
79429 622
79430 532
79431 31
79432 748
79433 226
79434 806
79435 898
79436 959
79437 728
79438 163
79439 341
79440 19
79441 695
79442 636
79443 565
79444 81
79445 325
79446 515
79447 948
79448 62
79449 721
79450 542
79451 2
79452 865
79453 27
79454 321
79455 440
79456 248
79457 419
79458 633
79459 234
79460 501
79461 802
79462 866
79463 691
79464 5
79465 422
79466 890
79467 635
79468 565
79469 676
79470 869
79471 708
79472 32
79473 530
79474 809
79475 567
79476 755
79477 426
79478 859
79479 265
79480 716
79481 118
79482 620
79483 701
79484 402
79485 799
79486 62
79487 824
79488 686
79489 849
79490 418
79491 721
79492 695
79493 532
79494 979
79495 346
79496 508
79497 513
79498 296
79499 683
79500 509
79501 330
79502 942
79503 621
79504 847
79505 536
79506 672
79507 94
79508 930
79509 108
79510 5
79511 756
79512 120
79513 794
79514 314
79515 702
79516 131
79517 152
79518 78
79519 567
79520 46
79521 430
79522 342
79523 630
79524 559
79525 422
79526 12
79527 681
79528 690
79529 384
79530 730
79531 149
79532 171
79533 815
79534 375
79535 521
79536 850
79537 770
79538 903
79539 585
79540 889
79541 565
79542 517
79543 972
79544 657
79545 110
79546 787
79547 620
79548 67
79549 399
79550 368
79551 235
79552 398
79553 2
79554 277
79555 669
79556 646
79557 885
79558 195
79559 947
79560 410
79561 208
79562 340
79563 69
79564 719
79565 191
79566 103
79567 738
79568 62
79569 774
79570 287
79571 318
79572 148
79573 959
79574 335
79575 101
79576 723
79577 564
79578 217
79579 370
79580 788
79581 390
79582 349
79583 36
79584 605
79585 225
79586 771
79587 793
79588 579
79589 299
79590 414
79591 565
79592 734
79593 522
79594 753
79595 451
79596 331
79597 390
79598 440
79599 257
79600 621
79601 826
79602 91
79603 98
79604 235
79605 840
79606 498
79607 662
79608 687
79609 391
79610 620
79611 850
79612 996
79613 978
79614 926
79615 127
79616 6
79617 752
79618 616
79619 379
79620 237
79621 243
79622 772
79623 288
79624 443
79625 469
79626 228
79627 784
79628 399
79629 989
79630 36
79631 464
79632 235
79633 152
79634 744
79635 815
79636 629
79637 568
79638 565
79639 270
79640 546
79641 233
79642 266
79643 826
79644 29
79645 184
79646 708
79647 123
79648 615
79649 451
79650 157
79651 807
79652 544
79653 790
79654 213
79655 598
79656 955
79657 716
79658 571
79659 686
79660 4
79661 203
79662 621
79663 79
79664 105
79665 404
79666 961
79667 648
79668 726
79669 774
79670 115
79671 229
79672 246
79673 31
79674 915
79675 353
79676 899
79677 892
79678 848
79679 638
79680 92
79681 477
79682 526
79683 439
79684 536
79685 705
79686 875
79687 391
79688 928
79689 723
79690 890
79691 767
79692 725
79693 809
79694 57
79695 615
79696 351
79697 341
79698 694
79699 818
79700 770
79701 75
79702 267
79703 478
79704 355
79705 661
79706 400
79707 407
79708 812
79709 1
79710 776
79711 3
79712 762
79713 868
79714 717
79715 25
79716 822
79717 682
79718 526
79719 157
79720 270
79721 94
79722 863
79723 337
79724 340
79725 637
79726 669
79727 195
79728 938
79729 278
79730 951
79731 220
79732 59
79733 871
79734 34
79735 116
79736 967
79737 225
79738 377
79739 812
79740 879
79741 870
79742 110
79743 280
79744 646
79745 882
79746 251
79747 284
79748 534
79749 217
79750 440
79751 208
79752 208
79753 469
79754 445
79755 876
79756 930
79757 753
79758 315
79759 426
79760 455
79761 199
79762 895
79763 89
79764 722
79765 555
79766 959
79767 861
79768 70
79769 326
79770 242
79771 901
79772 870
79773 461
79774 831
79775 327
79776 420
79777 912
79778 479
79779 768
79780 366
79781 75
79782 610
79783 2
79784 486
79785 816
79786 882
79787 247
79788 911
79789 10
79790 407
79791 416
79792 574
79793 372
79794 29
79795 607
79796 411
79797 457
79798 799
79799 949
79800 451
79801 722
79802 403
79803 506
79804 732
79805 221
79806 136
79807 396
79808 175
79809 474
79810 650
79811 37
79812 195
79813 464
79814 400
79815 732
79816 840
79817 371
79818 650
79819 760
79820 108
79821 405
79822 653
79823 570
79824 790
79825 946
79826 955
79827 767
79828 263
79829 994
79830 388
79831 24
79832 373
79833 277
79834 508
79835 78
79836 81
79837 635
79838 335
79839 615
79840 746
79841 176
79842 911
79843 166
79844 527
79845 711
79846 160
79847 104
79848 684
79849 897
79850 632
79851 865
79852 835
79853 693
79854 804
79855 886
79856 42
79857 713
79858 645
79859 957
79860 158
79861 49
79862 331
79863 949
79864 62
79865 367
79866 852
79867 279
79868 686
79869 828
79870 598
79871 287
79872 658
79873 173
79874 750
79875 133
79876 22
79877 972
79878 745
79879 95
79880 587
79881 346
79882 777
79883 257
79884 696
79885 13
79886 942
79887 803
79888 238
79889 962
79890 844
79891 948
79892 411
79893 355
79894 862
79895 829
79896 926
79897 271
79898 603
79899 212
79900 60
79901 317
79902 641
79903 54
79904 455
79905 340
79906 813
79907 109
79908 74
79909 917
79910 899
79911 616
79912 857
79913 123
79914 106
79915 704
79916 891
79917 703
79918 214
79919 774
79920 257
79921 298
79922 185
79923 682
79924 984
79925 863
79926 360
79927 439
79928 200
79929 522
79930 306
79931 786
79932 601
79933 275
79934 571
79935 401
79936 226
79937 221
79938 658
79939 923
79940 431
79941 104
79942 575
79943 206
79944 128
79945 865
79946 416
79947 852
79948 414
79949 583
79950 186
79951 793
79952 481
79953 392
79954 857
79955 988
79956 965
79957 425
79958 882
79959 823
79960 87
79961 622
79962 138
79963 450
79964 276
79965 716
79966 609
79967 990
79968 583
79969 760
79970 517
79971 862
79972 111
79973 493
79974 217
79975 162
79976 57
79977 325
79978 508
79979 622
79980 521
79981 233
79982 810
79983 289
79984 432
79985 632
79986 683
79987 53
79988 509
79989 473
79990 852
79991 114
79992 289
79993 942
79994 77
79995 100
79996 693
79997 372
79998 198
79999 802
80000 96
80001 501
80002 447
80003 170
80004 775
80005 918
80006 295
80007 262
80008 389
80009 899
80010 369
80011 945
80012 743
80013 996
80014 871
80015 802
80016 37
80017 416
80018 764
80019 371
80020 582
80021 954
80022 985
80023 74
80024 570
80025 845
80026 797
80027 578
80028 271
80029 656
80030 79
80031 131
80032 715
80033 680
80034 206
80035 8
80036 371
80037 837
80038 940
80039 210
80040 860
80041 112
80042 972
80043 693
80044 278
80045 822
80046 414
80047 622
80048 848
80049 795
80050 634
80051 328
80052 534
80053 647
80054 960
80055 962
80056 362
80057 61
80058 574
80059 256
80060 579
80061 754
80062 206
80063 412
80064 250
80065 10
80066 781
80067 300
80068 262
80069 271
80070 94
80071 624
80072 403
80073 193
80074 91
80075 676
80076 854
80077 659
80078 829
80079 611
80080 60
80081 639
80082 811
80083 959
80084 803
80085 377
80086 828
80087 463
80088 779
80089 638
80090 392
80091 398
80092 200
80093 830
80094 704
80095 901
80096 515
80097 789
80098 467
80099 556
80100 576
80101 640
80102 475
80103 13
80104 479
80105 602
80106 422
80107 103
80108 512
80109 913
80110 556
80111 918
80112 543
80113 24
80114 547
80115 129
80116 851
80117 224
80118 648
80119 563
80120 734
80121 895
80122 824
80123 13
80124 504
80125 555
80126 895
80127 190
80128 772
80129 599
80130 580
80131 497
80132 640
80133 167
80134 765
80135 558
80136 405
80137 390
80138 596
80139 643
80140 94
80141 387
80142 915
80143 951
80144 138
80145 94
80146 403
80147 844
80148 103
80149 947
80150 407
80151 434
80152 959
80153 671
80154 892
80155 518
80156 125
80157 857
80158 424
80159 788
80160 429
80161 53
80162 822
80163 462
80164 503
80165 786
80166 89
80167 868
80168 331
80169 619
80170 837
80171 808
80172 509
80173 142
80174 14
80175 122
80176 340
80177 671
80178 422
80179 975
80180 457
80181 176
80182 948
80183 331
80184 328
80185 714
80186 883
80187 229
80188 571
80189 41
80190 889
80191 245
80192 539
80193 847
80194 718
80195 739
80196 271
80197 606
80198 13
80199 101
80200 157
80201 536
80202 447
80203 129
80204 227
80205 550
80206 609
80207 607
80208 224
80209 334
80210 107
80211 605
80212 373
80213 9
80214 264
80215 326
80216 787
80217 725
80218 346
80219 938
80220 209
80221 657
80222 393
80223 305
80224 363
80225 400
80226 944
80227 550
80228 198
80229 851
80230 997
80231 139
80232 44
80233 685
80234 48
80235 724
80236 847
80237 162
80238 681
80239 39
80240 90
80241 406
80242 855
80243 847
80244 333
80245 355
80246 280
80247 628
80248 478
80249 536
80250 601
80251 23
80252 252
80253 989
80254 828
80255 890
80256 211
80257 92
80258 54
80259 13
80260 597
80261 830
80262 70
80263 691
80264 419
80265 953
80266 921
80267 802
80268 720
80269 291
80270 861
80271 216
80272 959
80273 268
80274 655
80275 173
80276 877
80277 298
80278 970
80279 144
80280 779
80281 897
80282 787
80283 211
80284 758
80285 344
80286 284
80287 772
80288 544
80289 796
80290 711
80291 938
80292 44
80293 508
80294 97
80295 982
80296 556
80297 466
80298 554
80299 303
80300 978
80301 439
80302 744
80303 849
80304 123
80305 216
80306 143
80307 872
80308 289
80309 241
80310 481
80311 63
80312 416
80313 132
80314 663
80315 803
80316 875
80317 120
80318 337
80319 999
80320 761
80321 36
80322 83
80323 560
80324 707
80325 562
80326 815
80327 538
80328 897
80329 180
80330 269
80331 717
80332 422
80333 405
80334 996
80335 433
80336 799
80337 747
80338 137
80339 152
80340 910
80341 461
80342 105
80343 364
80344 781
80345 502
80346 354
80347 448
80348 553
80349 481
80350 192
80351 63
80352 117
80353 50
80354 491
80355 369
80356 854
80357 104
80358 985
80359 942
80360 423
80361 379
80362 640
80363 32
80364 282
80365 41
80366 133
80367 862
80368 134
80369 250
80370 836
80371 450
80372 668
80373 237
80374 793
80375 218
80376 629
80377 163
80378 108
80379 806
80380 162
80381 722
80382 829
80383 382
80384 256
80385 784
80386 70
80387 561
80388 49
80389 75
80390 50
80391 703
80392 838
80393 985
80394 61
80395 502
80396 731
80397 844
80398 836
80399 288
80400 3
80401 215
80402 320
80403 231
80404 708
80405 566
80406 93
80407 173
80408 625
80409 652
80410 678
80411 701
80412 516
80413 157
80414 113
80415 602
80416 880
80417 127
80418 419
80419 633
80420 343
80421 951
80422 517
80423 622
80424 277
80425 656
80426 826
80427 225
80428 917
80429 0
80430 823
80431 691
80432 806
80433 323
80434 55
80435 368
80436 77
80437 842
80438 283
80439 683
80440 917
80441 727
80442 205
80443 177
80444 763
80445 605
80446 757
80447 942
80448 380
80449 17
80450 605
80451 385
80452 523
80453 859
80454 287
80455 465
80456 930
80457 450
80458 579
80459 540
80460 727
80461 720
80462 213
80463 947
80464 202
80465 444
80466 441
80467 511
80468 614
80469 477
80470 167
80471 28
80472 738
80473 263
80474 292
80475 512
80476 919
80477 41
80478 981
80479 183
80480 348
80481 346
80482 425
80483 599
80484 679
80485 565
80486 855
80487 3
80488 711
80489 951
80490 765
80491 183
80492 58
80493 752
80494 605
80495 964
80496 692
80497 797
80498 615
80499 728
80500 302
80501 223
80502 559
80503 99
80504 138
80505 369
80506 845
80507 899
80508 488
80509 798
80510 263
80511 730
80512 252
80513 671
80514 419
80515 591
80516 608
80517 5
80518 658
80519 285
80520 201
80521 847
80522 328
80523 327
80524 950
80525 175
80526 130
80527 75
80528 915
80529 167
80530 441
80531 251
80532 957
80533 458
80534 168
80535 574
80536 121
80537 171
80538 105
80539 200
80540 280
80541 29
80542 279
80543 697
80544 115
80545 122
80546 285
80547 518
80548 508
80549 766
80550 483
80551 928
80552 909
80553 65
80554 805
80555 345
80556 137
80557 54
80558 820
80559 331
80560 682
80561 308
80562 453
80563 984
80564 207
80565 385
80566 379
80567 420
80568 772
80569 530
80570 375
80571 185
80572 601
80573 153
80574 51
80575 788
80576 818
80577 837
80578 992
80579 788
80580 149
80581 326
80582 132
80583 277
80584 705
80585 214
80586 372
80587 452
80588 395
80589 966
80590 328
80591 147
80592 749
80593 835
80594 736
80595 119
80596 707
80597 795
80598 996
80599 689
80600 522
80601 189
80602 476
80603 219
80604 157
80605 931
80606 40
80607 406
80608 787
80609 539
80610 481
80611 715
80612 68
80613 118
80614 245
80615 149
80616 662
80617 29
80618 538
80619 251
80620 345
80621 608
80622 903
80623 215
80624 315
80625 453
80626 800
80627 506
80628 277
80629 841
80630 200
80631 109
80632 867
80633 657
80634 689
80635 69
80636 75
80637 608
80638 647
80639 1
80640 330
80641 350
80642 292
80643 882
80644 993
80645 184
80646 254
80647 725
80648 920
80649 196
80650 897
80651 400
80652 436
80653 760
80654 73
80655 983
80656 95
80657 669
80658 420
80659 732
80660 224
80661 478
80662 891
80663 434
80664 723
80665 431
80666 190
80667 693
80668 773
80669 932
80670 129
80671 550
80672 3
80673 764
80674 464
80675 363
80676 543
80677 217
80678 951
80679 910
80680 150
80681 845
80682 68
80683 436
80684 19
80685 715
80686 144
80687 809
80688 720
80689 670
80690 967
80691 622
80692 150
80693 140
80694 98
80695 260
80696 142
80697 792
80698 617
80699 327
80700 743
80701 279
80702 234
80703 73
80704 110
80705 787
80706 801
80707 897
80708 904
80709 819
80710 989
80711 869
80712 957
80713 984
80714 297
80715 852
80716 331
80717 225
80718 607
80719 699
80720 502
80721 411
80722 915
80723 305
80724 673
80725 668
80726 114
80727 265
80728 275
80729 652
80730 913
80731 281
80732 26
80733 786
80734 601
80735 838
80736 628
80737 642
80738 976
80739 580
80740 564
80741 298
80742 519
80743 689
80744 571
80745 87
80746 416
80747 368
80748 495
80749 646
80750 595
80751 188
80752 348
80753 867
80754 775
80755 257
80756 542
80757 794
80758 224
80759 539
80760 542
80761 122
80762 246
80763 894
80764 413
80765 236
80766 729
80767 664
80768 805
80769 702
80770 42
80771 494
80772 441
80773 707
80774 400
80775 631
80776 381
80777 782
80778 108
80779 683
80780 920
80781 13
80782 267
80783 630
80784 207
80785 324
80786 191
80787 889
80788 271
80789 423
80790 391
80791 355
80792 83
80793 414
80794 19
80795 628
80796 54
80797 188
80798 134
80799 882
80800 870
80801 465
80802 767
80803 963
80804 867
80805 451
80806 910
80807 40
80808 927
80809 784
80810 191
80811 540
80812 58
80813 189
80814 509
80815 984
80816 794
80817 588
80818 131
80819 73
80820 707
80821 913
80822 787
80823 856
80824 843
80825 331
80826 443
80827 407
80828 250
80829 635
80830 891
80831 482
80832 304
80833 631
80834 498
80835 985
80836 740
80837 79
80838 548
80839 642
80840 705
80841 326
80842 135
80843 376
80844 737
80845 428
80846 128
80847 956
80848 819
80849 773
80850 809
80851 418
80852 993
80853 116
80854 40
80855 682
80856 571
80857 895
80858 586
80859 72
80860 95
80861 122
80862 169
80863 993
80864 90
80865 595
80866 213
80867 885
80868 17
80869 686
80870 738
80871 889
80872 501
80873 84
80874 491
80875 182
80876 980
80877 109
80878 526
80879 643
80880 3
80881 914
80882 165
80883 296
80884 635
80885 565
80886 633
80887 575
80888 252
80889 356
80890 952
80891 651
80892 989
80893 442
80894 882
80895 502
80896 387
80897 996
80898 823
80899 699
80900 362
80901 573
80902 794
80903 236
80904 97
80905 543
80906 212
80907 744
80908 379
80909 94
80910 742
80911 750
80912 144
80913 135
80914 210
80915 998
80916 139
80917 202
80918 750
80919 909
80920 939
80921 229
80922 4
80923 615
80924 843
80925 171
80926 726
80927 54
80928 31
80929 810
80930 932
80931 455
80932 77
80933 324
80934 23
80935 969
80936 319
80937 101
80938 227
80939 32
80940 509
80941 909
80942 669
80943 208
80944 29
80945 469
80946 233
80947 662
80948 282
80949 874
80950 734
80951 466
80952 242
80953 440
80954 34
80955 536
80956 615
80957 94
80958 963
80959 174
80960 683
80961 282
80962 78
80963 928
80964 794
80965 417
80966 894
80967 89
80968 35
80969 505
80970 821
80971 422
80972 237
80973 26
80974 61
80975 259
80976 977
80977 294
80978 716
80979 84
80980 310
80981 867
80982 816
80983 917
80984 451
80985 53
80986 957
80987 640
80988 841
80989 892
80990 823
80991 645
80992 603
80993 609
80994 855
80995 346
80996 901
80997 552
80998 135
80999 244
81000 480
81001 785
81002 571
81003 681
81004 721
81005 0
81006 60
81007 255
81008 149
81009 480
81010 384
81011 652
81012 96
81013 342
81014 927
81015 328
81016 201
81017 366
81018 605
81019 736
81020 703
81021 860
81022 290
81023 207
81024 604
81025 319
81026 497
81027 854
81028 472
81029 195
81030 164
81031 114
81032 74
81033 149
81034 760
81035 234
81036 884
81037 913
81038 37
81039 321
81040 353
81041 405
81042 65
81043 393
81044 279
81045 698
81046 689
81047 519
81048 978
81049 484
81050 741
81051 832
81052 221
81053 695
81054 577
81055 483
81056 26
81057 450
81058 761
81059 365
81060 699
81061 56
81062 737
81063 740
81064 575
81065 505
81066 677
81067 655
81068 110
81069 12
81070 95
81071 511
81072 610
81073 737
81074 549
81075 260
81076 121
81077 974
81078 107
81079 249
81080 754
81081 782
81082 118
81083 857
81084 375
81085 256
81086 60
81087 268
81088 418
81089 115
81090 540
81091 897
81092 170
81093 795
81094 360
81095 828
81096 717
81097 244
81098 194
81099 818
81100 469
81101 445
81102 333
81103 515
81104 654
81105 951
81106 49
81107 59
81108 625
81109 413
81110 631
81111 734
81112 141
81113 194
81114 87
81115 294
81116 57
81117 735
81118 449
81119 885
81120 425
81121 814
81122 902
81123 462
81124 786
81125 217
81126 208
81127 127
81128 200
81129 177
81130 491
81131 193
81132 48
81133 213
81134 809
81135 550
81136 609
81137 299
81138 548
81139 477
81140 238
81141 69
81142 61
81143 10
81144 418
81145 789
81146 525
81147 299
81148 153
81149 334
81150 177
81151 988
81152 194
81153 245
81154 762
81155 186
81156 779
81157 807
81158 768
81159 489
81160 669
81161 510
81162 625
81163 92
81164 584
81165 489
81166 58
81167 570
81168 21
81169 60
81170 885
81171 454
81172 382
81173 305
81174 424
81175 15
81176 12
81177 994
81178 586
81179 456
81180 529
81181 294
81182 653
81183 420
81184 415
81185 229
81186 920
81187 839
81188 410
81189 273
81190 527
81191 250
81192 213
81193 1
81194 987
81195 322
81196 299
81197 293
81198 482
81199 346
81200 73
81201 793
81202 758
81203 815
81204 940
81205 109
81206 795
81207 657
81208 738
81209 582
81210 290
81211 436
81212 325
81213 523
81214 488
81215 742
81216 54
81217 764
81218 990
81219 765
81220 185
81221 86
81222 286
81223 667
81224 122
81225 280
81226 164
81227 817
81228 472
81229 162
81230 443
81231 14
81232 530
81233 930
81234 726
81235 762
81236 463
81237 611
81238 155
81239 348
81240 821
81241 183
81242 386
81243 142
81244 413
81245 432
81246 476
81247 456
81248 845
81249 456
81250 254
81251 79
81252 672
81253 432
81254 893
81255 62
81256 371
81257 77
81258 946
81259 391
81260 269
81261 88
81262 788
81263 847
81264 183
81265 510
81266 690
81267 439
81268 366
81269 453
81270 707
81271 261
81272 3
81273 227
81274 378
81275 593
81276 207
81277 290
81278 44
81279 802
81280 45
81281 408
81282 644
81283 686
81284 298
81285 139
81286 404
81287 991
81288 126
81289 621
81290 785
81291 383
81292 217
81293 587
81294 403
81295 192
81296 971
81297 286
81298 295
81299 376
81300 274
81301 657
81302 556
81303 543
81304 527
81305 30
81306 974
81307 980
81308 32
81309 12
81310 417
81311 110
81312 132
81313 227
81314 145
81315 449
81316 296
81317 890
81318 845
81319 60
81320 875
81321 938
81322 340
81323 908
81324 588
81325 733
81326 481
81327 211
81328 723
81329 439
81330 327
81331 321
81332 18
81333 320
81334 894
81335 41
81336 667
81337 583
81338 931
81339 854
81340 930
81341 481
81342 992
81343 717
81344 30
81345 304
81346 592
81347 134
81348 904
81349 420
81350 430
81351 207
81352 741
81353 886
81354 329
81355 56
81356 599
81357 92
81358 559
81359 591
81360 845
81361 82
81362 382
81363 169
81364 37
81365 289
81366 877
81367 886
81368 522
81369 972
81370 113
81371 972
81372 178
81373 868
81374 738
81375 260
81376 902
81377 889
81378 470
81379 132
81380 61
81381 555
81382 576
81383 404
81384 863
81385 582
81386 533
81387 130
81388 861
81389 610
81390 562
81391 531
81392 873
81393 837
81394 154
81395 85
81396 131
81397 335
81398 872
81399 410
81400 15
81401 368
81402 591
81403 724
81404 301
81405 827
81406 694
81407 163
81408 644
81409 721
81410 854
81411 27
81412 637
81413 96
81414 781
81415 237
81416 915
81417 848
81418 275
81419 150
81420 162
81421 701
81422 400
81423 587
81424 865
81425 157
81426 427
81427 525
81428 803
81429 523
81430 895
81431 818
81432 375
81433 560
81434 800
81435 524
81436 650
81437 141
81438 301
81439 537
81440 997
81441 595
81442 853
81443 106
81444 345
81445 255
81446 315
81447 149
81448 139
81449 680
81450 237
81451 223
81452 377
81453 705
81454 367
81455 480
81456 176
81457 730
81458 909
81459 857
81460 44
81461 476
81462 753
81463 367
81464 310
81465 31
81466 366
81467 144
81468 275
81469 101
81470 394
81471 39
81472 535
81473 232
81474 367
81475 943
81476 601
81477 737
81478 863
81479 36
81480 655
81481 554
81482 543
81483 35
81484 254
81485 797
81486 698
81487 803
81488 451
81489 89
81490 174
81491 240
81492 124
81493 981
81494 186
81495 803
81496 58
81497 855
81498 383
81499 580
81500 8
81501 788
81502 24
81503 794
81504 828
81505 679
81506 978
81507 563
81508 188
81509 123
81510 410
81511 370
81512 946
81513 123
81514 432
81515 390
81516 682
81517 525
81518 586
81519 111
81520 483
81521 890
81522 767
81523 129
81524 798
81525 615
81526 322
81527 513
81528 764
81529 959
81530 824
81531 560
81532 650
81533 181
81534 748
81535 633
81536 383
81537 791
81538 774
81539 681
81540 399
81541 669
81542 4
81543 109
81544 926
81545 953
81546 752
81547 121
81548 847
81549 412
81550 694
81551 463
81552 322
81553 606
81554 297
81555 488
81556 926
81557 29
81558 965
81559 942
81560 686
81561 0
81562 423
81563 809
81564 130
81565 817
81566 553
81567 524
81568 479
81569 404
81570 28
81571 84
81572 141
81573 155
81574 687
81575 566
81576 581
81577 445
81578 144
81579 732
81580 876
81581 870
81582 71
81583 703
81584 339
81585 42
81586 16
81587 551
81588 764
81589 378
81590 117
81591 970
81592 609
81593 897
81594 474
81595 476
81596 844
81597 515
81598 355
81599 763
81600 511
81601 150
81602 670
81603 563
81604 269
81605 798
81606 559
81607 465
81608 285
81609 180
81610 58
81611 427
81612 451
81613 896
81614 451
81615 727
81616 811
81617 705
81618 632
81619 450
81620 61
81621 816
81622 848
81623 396
81624 541
81625 246
81626 71
81627 980
81628 718
81629 450
81630 745
81631 348
81632 28
81633 78
81634 47
81635 430
81636 800
81637 313
81638 59
81639 221
81640 760
81641 708
81642 738
81643 551
81644 411
81645 656
81646 337
81647 720
81648 310
81649 158
81650 201
81651 114
81652 756
81653 159
81654 75
81655 927
81656 683
81657 14
81658 930
81659 930
81660 818
81661 233
81662 248
81663 95
81664 195
81665 181
81666 118
81667 335
81668 208
81669 525
81670 746
81671 223
81672 737
81673 48
81674 317
81675 201
81676 589
81677 927
81678 701
81679 919
81680 808
81681 637
81682 2
81683 957
81684 668
81685 964
81686 47
81687 385
81688 670
81689 436
81690 644
81691 261
81692 835
81693 816
81694 219
81695 370
81696 964
81697 151
81698 119
81699 727
81700 700
81701 168
81702 396
81703 741
81704 574
81705 122
81706 339
81707 46
81708 762
81709 799
81710 598
81711 454
81712 155
81713 813
81714 998
81715 890
81716 542
81717 375
81718 68
81719 466
81720 123
81721 671
81722 350
81723 1
81724 437
81725 483
81726 3
81727 321
81728 424
81729 79
81730 628
81731 541
81732 751
81733 393
81734 262
81735 753
81736 564
81737 704
81738 307
81739 884
81740 911
81741 759
81742 994
81743 417
81744 654
81745 763
81746 883
81747 168
81748 808
81749 589
81750 139
81751 368
81752 441
81753 280
81754 872
81755 633
81756 63
81757 186
81758 294
81759 269
81760 791
81761 80
81762 119
81763 855
81764 879
81765 840
81766 879
81767 640
81768 997
81769 67
81770 990
81771 577
81772 684
81773 783
81774 71
81775 130
81776 318
81777 463
81778 723
81779 50
81780 669
81781 264
81782 441
81783 708
81784 277
81785 376
81786 801
81787 527
81788 369
81789 641
81790 664
81791 69
81792 67
81793 20
81794 260
81795 451
81796 618
81797 205
81798 695
81799 215
81800 648
81801 143
81802 535
81803 168
81804 250
81805 333
81806 595
81807 560
81808 334
81809 998
81810 146
81811 818
81812 240
81813 249
81814 988
81815 97
81816 743
81817 617
81818 382
81819 440
81820 207
81821 408
81822 650
81823 401
81824 964
81825 556
81826 392
81827 99
81828 973
81829 520
81830 779
81831 944
81832 65
81833 516
81834 315
81835 98
81836 407
81837 267
81838 89
81839 951
81840 399
81841 853
81842 12
81843 195
81844 388
81845 285
81846 253
81847 341
81848 665
81849 596
81850 950
81851 957
81852 325
81853 162
81854 674
81855 23
81856 871
81857 408
81858 45
81859 679
81860 696
81861 529
81862 555
81863 641
81864 495
81865 500
81866 587
81867 142
81868 461
81869 228
81870 235
81871 710
81872 361
81873 788
81874 518
81875 15
81876 259
81877 144
81878 89
81879 635
81880 688
81881 116
81882 228
81883 16
81884 491
81885 754
81886 552
81887 784
81888 839
81889 847
81890 881
81891 62
81892 119
81893 909
81894 478
81895 816
81896 26
81897 969
81898 0
81899 817
81900 200
81901 63
81902 234
81903 296
81904 480
81905 858
81906 732
81907 58
81908 507
81909 542
81910 420
81911 109
81912 668
81913 85
81914 76
81915 236
81916 498
81917 361
81918 481
81919 666
81920 376
81921 152
81922 702
81923 217
81924 919
81925 436
81926 703
81927 510
81928 693
81929 645
81930 126
81931 347
81932 290
81933 573
81934 638
81935 452
81936 26
81937 119
81938 972
81939 856
81940 978
81941 788
81942 860
81943 133
81944 281
81945 563
81946 734
81947 735
81948 492
81949 669
81950 363
81951 383
81952 505
81953 99
81954 302
81955 247
81956 40
81957 453
81958 240
81959 636
81960 473
81961 311
81962 940
81963 110
81964 527
81965 325
81966 882
81967 301
81968 773
81969 628
81970 334
81971 858
81972 77
81973 463
81974 673
81975 186
81976 907
81977 112
81978 974
81979 353
81980 319
81981 993
81982 661
81983 940
81984 73
81985 558
81986 383
81987 156
81988 145
81989 767
81990 151
81991 881
81992 458
81993 941
81994 566
81995 137
81996 865
81997 987
81998 542
81999 348
82000 984
82001 175
82002 17
82003 321
82004 33
82005 547
82006 569
82007 247
82008 808
82009 787
82010 154
82011 783
82012 470
82013 786
82014 692
82015 160
82016 831
82017 128
82018 994
82019 769
82020 130
82021 658
82022 741
82023 54
82024 571
82025 51
82026 28
82027 349
82028 516
82029 761
82030 835
82031 51
82032 35
82033 972
82034 825
82035 987
82036 885
82037 112
82038 340
82039 395
82040 189
82041 661
82042 908
82043 361
82044 574
82045 847
82046 285
82047 648
82048 633
82049 860
82050 274
82051 772
82052 11
82053 199
82054 194
82055 546
82056 376
82057 639
82058 803
82059 923
82060 23
82061 644
82062 414
82063 398
82064 209
82065 680
82066 76
82067 825
82068 537
82069 21
82070 991
82071 890
82072 988
82073 598
82074 227
82075 6
82076 591
82077 379
82078 556
82079 842
82080 590
82081 487
82082 169
82083 182
82084 475
82085 68
82086 754
82087 694
82088 516
82089 115
82090 317
82091 489
82092 650
82093 955
82094 615
82095 418
82096 373
82097 412
82098 193
82099 21
82100 271
82101 182
82102 567
82103 915
82104 563
82105 122
82106 815
82107 211
82108 118
82109 272
82110 617
82111 959
82112 346
82113 320
82114 656
82115 100
82116 13
82117 374
82118 110
82119 540
82120 854
82121 437
82122 541
82123 652
82124 913
82125 139
82126 740
82127 951
82128 802
82129 423
82130 506
82131 797
82132 488
82133 547
82134 91
82135 659
82136 231
82137 653
82138 556
82139 252
82140 492
82141 16
82142 224
82143 80
82144 125
82145 162
82146 745
82147 892
82148 655
82149 597
82150 471
82151 634
82152 760
82153 124
82154 505
82155 211
82156 391
82157 726
82158 920
82159 340
82160 24
82161 593
82162 247
82163 714
82164 182
82165 19
82166 896
82167 722
82168 450
82169 987
82170 31
82171 862
82172 288
82173 40
82174 528
82175 364
82176 649
82177 763
82178 18
82179 578
82180 617
82181 325
82182 351
82183 650
82184 503
82185 426
82186 229
82187 927
82188 843
82189 66
82190 91
82191 327
82192 207
82193 778
82194 788
82195 170
82196 50
82197 200
82198 323
82199 981
82200 129
82201 389
82202 495
82203 709
82204 795
82205 40
82206 406
82207 883
82208 561
82209 729
82210 70
82211 314
82212 217
82213 819
82214 57
82215 714
82216 465
82217 707
82218 589
82219 147
82220 550
82221 475
82222 33
82223 4
82224 159
82225 735
82226 973
82227 782
82228 339
82229 397
82230 538
82231 600
82232 901
82233 892
82234 52
82235 212
82236 898
82237 93
82238 561
82239 270
82240 309
82241 742
82242 849
82243 758
82244 203
82245 638
82246 821
82247 19
82248 150
82249 361
82250 48
82251 204
82252 607
82253 69
82254 167
82255 878
82256 791
82257 839
82258 763
82259 648
82260 983
82261 408
82262 756
82263 682
82264 555
82265 415
82266 448
82267 540
82268 639
82269 264
82270 130
82271 294
82272 393
82273 89
82274 475
82275 842
82276 546
82277 379
82278 754
82279 901
82280 689
82281 310
82282 619
82283 984
82284 676
82285 636
82286 311
82287 809
82288 23
82289 160
82290 805
82291 205
82292 132
82293 404
82294 712
82295 782
82296 541
82297 67
82298 780
82299 749
82300 557
82301 614
82302 413
82303 883
82304 563
82305 439
82306 370
82307 387
82308 197
82309 782
82310 224
82311 752
82312 41
82313 649
82314 958
82315 430
82316 832
82317 561
82318 876
82319 997
82320 830
82321 472
82322 673
82323 415
82324 738
82325 74
82326 451
82327 944
82328 1
82329 371
82330 939
82331 581
82332 372
82333 556
82334 417
82335 302
82336 209
82337 970
82338 536
82339 555
82340 908
82341 146
82342 52
82343 672
82344 177
82345 482
82346 392
82347 803
82348 594
82349 179
82350 320
82351 330
82352 787
82353 678
82354 121
82355 299
82356 371
82357 549
82358 852
82359 661
82360 328
82361 921
82362 147
82363 375
82364 815
82365 707
82366 3
82367 496
82368 854
82369 945
82370 762
82371 557
82372 790
82373 432
82374 202
82375 983
82376 793
82377 980
82378 279
82379 306
82380 528
82381 505
82382 130
82383 285
82384 254
82385 845
82386 939
82387 543
82388 427
82389 500
82390 340
82391 780
82392 926
82393 205
82394 551
82395 168
82396 268
82397 94
82398 446
82399 262
82400 387
82401 203
82402 799
82403 587
82404 509
82405 556
82406 160
82407 205
82408 136
82409 518
82410 678
82411 567
82412 48
82413 394
82414 212
82415 359
82416 578
82417 817
82418 433
82419 581
82420 763
82421 394
82422 490
82423 121
82424 379
82425 974
82426 262
82427 345
82428 289
82429 207
82430 252
82431 477
82432 392
82433 190
82434 947
82435 807
82436 115
82437 915
82438 271
82439 57
82440 304
82441 803
82442 233
82443 676
82444 894
82445 203
82446 19
82447 196
82448 294
82449 992
82450 707
82451 647
82452 242
82453 411
82454 224
82455 324
82456 556
82457 357
82458 921
82459 292
82460 328
82461 960
82462 727
82463 99
82464 242
82465 932
82466 501
82467 828
82468 507
82469 846
82470 745
82471 861
82472 822
82473 13
82474 646
82475 74
82476 985
82477 30
82478 530
82479 647
82480 710
82481 565
82482 611
82483 49
82484 996
82485 420
82486 836
82487 989
82488 642
82489 164
82490 946
82491 160
82492 866
82493 378
82494 880
82495 466
82496 56
82497 848
82498 718
82499 615
82500 51
82501 357
82502 341
82503 129
82504 454
82505 185
82506 890
82507 151
82508 502
82509 168
82510 683
82511 290
82512 283
82513 241
82514 208
82515 137
82516 359
82517 814
82518 173
82519 701
82520 249
82521 709
82522 848
82523 287
82524 670
82525 484
82526 218
82527 473
82528 243
82529 296
82530 195
82531 547
82532 572
82533 907
82534 290
82535 552
82536 358
82537 419
82538 837
82539 396
82540 685
82541 788
82542 577
82543 120
82544 612
82545 460
82546 135
82547 35
82548 988
82549 496
82550 569
82551 883
82552 866
82553 256
82554 810
82555 825
82556 51
82557 552
82558 961
82559 838
82560 521
82561 857
82562 251
82563 715
82564 595
82565 623
82566 987
82567 864
82568 506
82569 79
82570 821
82571 827
82572 260
82573 507
82574 268
82575 828
82576 831
82577 918
82578 61
82579 53
82580 212
82581 661
82582 799
82583 427
82584 917
82585 602
82586 915
82587 115
82588 402
82589 137
82590 543
82591 501
82592 245
82593 384
82594 592
82595 622
82596 717
82597 623
82598 294
82599 909
82600 432
82601 221
82602 239
82603 677
82604 301
82605 122
82606 132
82607 832
82608 626
82609 715
82610 84
82611 635
82612 809
82613 847
82614 391
82615 381
82616 994
82617 455
82618 572
82619 3
82620 535
82621 703
82622 81
82623 915
82624 729
82625 358
82626 300
82627 324
82628 406
82629 63
82630 240
82631 846
82632 859
82633 984
82634 997
82635 542
82636 430
82637 243
82638 493
82639 867
82640 286
82641 187
82642 105
82643 219
82644 298
82645 427
82646 639
82647 11
82648 915
82649 773
82650 83
82651 484
82652 133
82653 574
82654 436
82655 559
82656 825
82657 858
82658 478
82659 617
82660 416
82661 545
82662 246
82663 417
82664 987
82665 214
82666 85
82667 480
82668 939
82669 509
82670 978
82671 994
82672 693
82673 566
82674 326
82675 49
82676 640
82677 172
82678 10
82679 571
82680 754
82681 891
82682 69
82683 709
82684 665
82685 854
82686 28
82687 56
82688 424
82689 480
82690 41
82691 873
82692 452
82693 35
82694 791
82695 736
82696 490
82697 644
82698 804
82699 541
82700 73
82701 9
82702 234
82703 619
82704 381
82705 216
82706 792
82707 407
82708 880
82709 466
82710 869
82711 621
82712 359
82713 547
82714 706
82715 125
82716 137
82717 876
82718 969
82719 914
82720 677
82721 626
82722 463
82723 817
82724 193
82725 179
82726 905
82727 556
82728 564
82729 415
82730 327
82731 939
82732 450
82733 449
82734 434
82735 416
82736 274
82737 979
82738 885
82739 8
82740 113
82741 586
82742 243
82743 677
82744 854
82745 738
82746 135
82747 163
82748 661
82749 883
82750 337
82751 274
82752 539
82753 178
82754 236
82755 108
82756 286
82757 143
82758 472
82759 255
82760 870
82761 861
82762 662
82763 651
82764 285
82765 73
82766 274
82767 913
82768 312
82769 848
82770 661
82771 756
82772 901
82773 576
82774 854
82775 520
82776 33
82777 124
82778 540
82779 796
82780 641
82781 465
82782 487
82783 586
82784 302
82785 511
82786 612
82787 189
82788 759
82789 830
82790 321
82791 437
82792 184
82793 304
82794 913
82795 786
82796 624
82797 692
82798 892
82799 164
82800 283
82801 101
82802 567
82803 612
82804 65
82805 790
82806 387
82807 403
82808 551
82809 424
82810 682
82811 35
82812 388
82813 365
82814 749
82815 527
82816 643
82817 376
82818 622
82819 479
82820 458
82821 265
82822 721
82823 699
82824 160
82825 457
82826 170
82827 871
82828 826
82829 740
82830 220
82831 25
82832 234
82833 242
82834 689
82835 836
82836 19
82837 496
82838 41
82839 277
82840 759
82841 515
82842 185
82843 256
82844 617
82845 910
82846 348
82847 464
82848 461
82849 150
82850 768
82851 551
82852 761
82853 613
82854 266
82855 902
82856 798
82857 552
82858 34
82859 159
82860 26
82861 263
82862 384
82863 643
82864 439
82865 660
82866 722
82867 175
82868 216
82869 557
82870 476
82871 617
82872 260
82873 67
82874 753
82875 98
82876 838
82877 987
82878 500
82879 890
82880 145
82881 408
82882 701
82883 797
82884 930
82885 568
82886 253
82887 850
82888 597
82889 673
82890 204
82891 574
82892 862
82893 893
82894 13
82895 767
82896 323
82897 283
82898 555
82899 118
82900 37
82901 125
82902 381
82903 394
82904 841
82905 596
82906 474
82907 740
82908 909
82909 221
82910 867
82911 897
82912 405
82913 39
82914 783
82915 81
82916 195
82917 508
82918 168
82919 919
82920 432
82921 33
82922 792
82923 657
82924 333
82925 747
82926 804
82927 279
82928 758
82929 28
82930 922
82931 524
82932 121
82933 388
82934 25
82935 333
82936 727
82937 506
82938 387
82939 284
82940 768
82941 797
82942 81
82943 129
82944 638
82945 897
82946 569
82947 640
82948 847
82949 143
82950 177
82951 989
82952 745
82953 500
82954 603
82955 707
82956 544
82957 541
82958 784
82959 884
82960 100
82961 828
82962 317
82963 662
82964 794
82965 120
82966 10
82967 320
82968 685
82969 321
82970 266
82971 910
82972 721
82973 103
82974 388
82975 232
82976 280
82977 471
82978 793
82979 649
82980 405
82981 769
82982 27
82983 707
82984 502
82985 106
82986 724
82987 884
82988 261
82989 255
82990 788
82991 409
82992 421
82993 495
82994 978
82995 995
82996 980
82997 728
82998 119
82999 256
83000 975
83001 516
83002 802
83003 34
83004 323
83005 500
83006 236
83007 748
83008 645
83009 951
83010 308
83011 311
83012 617
83013 895
83014 981
83015 618
83016 611
83017 379
83018 375
83019 181
83020 399
83021 100
83022 443
83023 563
83024 114
83025 471
83026 521
83027 672
83028 684
83029 393
83030 695
83031 446
83032 620
83033 427
83034 174
83035 68
83036 498
83037 960
83038 363
83039 76
83040 425
83041 156
83042 801
83043 78
83044 725
83045 464
83046 276
83047 244
83048 2
83049 387
83050 781
83051 885
83052 436
83053 631
83054 413
83055 996
83056 907
83057 239
83058 115
83059 612
83060 686
83061 397
83062 884
83063 252
83064 34
83065 905
83066 808
83067 192
83068 591
83069 835
83070 671
83071 49
83072 837
83073 956
83074 416
83075 565
83076 459
83077 526
83078 5
83079 517
83080 785
83081 681
83082 97
83083 782
83084 711
83085 566
83086 650
83087 243
83088 75
83089 421
83090 529
83091 511
83092 835
83093 507
83094 133
83095 957
83096 768
83097 326
83098 147
83099 1
83100 96
83101 420
83102 352
83103 253
83104 234
83105 77
83106 158
83107 609
83108 822
83109 172
83110 40
83111 565
83112 162
83113 960
83114 948
83115 871
83116 202
83117 488
83118 612
83119 144
83120 736
83121 407
83122 230
83123 554
83124 51
83125 590
83126 692
83127 304
83128 840
83129 777
83130 598
83131 22
83132 792
83133 579
83134 291
83135 511
83136 320
83137 308
83138 56
83139 643
83140 67
83141 891
83142 504
83143 276
83144 778
83145 22
83146 896
83147 101
83148 461
83149 479
83150 177
83151 561
83152 262
83153 817
83154 304
83155 145
83156 652
83157 530
83158 940
83159 291
83160 400
83161 149
83162 849
83163 531
83164 612
83165 798
83166 210
83167 539
83168 764
83169 21
83170 640
83171 675
83172 721
83173 569
83174 560
83175 730
83176 145
83177 886
83178 736
83179 797
83180 865
83181 262
83182 915
83183 943
83184 553
83185 199
83186 868
83187 535
83188 660
83189 87
83190 551
83191 286
83192 173
83193 862
83194 125
83195 375
83196 684
83197 969
83198 556
83199 577
83200 576
83201 788
83202 624
83203 173
83204 503
83205 136
83206 306
83207 567
83208 109
83209 120
83210 129
83211 706
83212 731
83213 847
83214 983
83215 261
83216 829
83217 439
83218 22
83219 529
83220 914
83221 971
83222 797
83223 409
83224 230
83225 248
83226 971
83227 828
83228 263
83229 915
83230 324
83231 902
83232 46
83233 427
83234 686
83235 644
83236 195
83237 878
83238 567
83239 477
83240 961
83241 799
83242 300
83243 85
83244 998
83245 436
83246 847
83247 61
83248 290
83249 612
83250 126
83251 681
83252 201
83253 476
83254 687
83255 357
83256 621
83257 269
83258 488
83259 510
83260 275
83261 879
83262 81
83263 312
83264 980
83265 85
83266 586
83267 615
83268 283
83269 270
83270 747
83271 210
83272 910
83273 869
83274 325
83275 828
83276 206
83277 679
83278 349
83279 752
83280 96
83281 571
83282 861
83283 623
83284 440
83285 653
83286 602
83287 904
83288 188
83289 577
83290 882
83291 126
83292 850
83293 91
83294 410
83295 859
83296 760
83297 342
83298 999
83299 823
83300 296
83301 130
83302 401
83303 119
83304 298
83305 337
83306 424
83307 285
83308 565
83309 197
83310 496
83311 193
83312 387
83313 779
83314 865
83315 239
83316 778
83317 107
83318 865
83319 801
83320 686
83321 196
83322 969
83323 253
83324 590
83325 248
83326 415
83327 891
83328 373
83329 981
83330 838
83331 543
83332 218
83333 101
83334 961
83335 301
83336 674
83337 172
83338 494
83339 812
83340 247
83341 254
83342 352
83343 872
83344 506
83345 750
83346 673
83347 15
83348 490
83349 856
83350 852
83351 216
83352 68
83353 347
83354 396
83355 403
83356 600
83357 216
83358 120
83359 386
83360 697
83361 651
83362 41
83363 23
83364 369
83365 332
83366 266
83367 204
83368 804
83369 580
83370 94
83371 412
83372 604
83373 822
83374 622
83375 598
83376 570
83377 980
83378 47
83379 142
83380 751
83381 128
83382 134
83383 946
83384 842
83385 825
83386 489
83387 519
83388 817
83389 700
83390 91
83391 344
83392 931
83393 644
83394 851
83395 844
83396 220
83397 882
83398 951
83399 37
83400 920
83401 620
83402 502
83403 461
83404 102
83405 668
83406 193
83407 72
83408 129
83409 136
83410 884
83411 848
83412 581
83413 223
83414 376
83415 900
83416 901
83417 550
83418 490
83419 334
83420 301
83421 979
83422 890
83423 290
83424 715
83425 329
83426 198
83427 237
83428 651
83429 605
83430 152
83431 416
83432 634
83433 463
83434 855
83435 331
83436 264
83437 429
83438 36
83439 700
83440 567
83441 189
83442 893
83443 310
83444 306
83445 205
83446 516
83447 698
83448 575
83449 725
83450 801
83451 847
83452 396
83453 831
83454 727
83455 138
83456 564
83457 18
83458 358
83459 690
83460 55
83461 342
83462 495
83463 175
83464 391
83465 655
83466 219
83467 661
83468 793
83469 720
83470 354
83471 95
83472 993
83473 783
83474 3
83475 149
83476 681
83477 435
83478 791
83479 188
83480 516
83481 157
83482 977
83483 206
83484 947
83485 714
83486 515
83487 697
83488 186
83489 849
83490 286
83491 181
83492 293
83493 2
83494 200
83495 384
83496 69
83497 631
83498 747
83499 590
83500 215
83501 194
83502 732
83503 479
83504 902
83505 885
83506 196
83507 121
83508 325
83509 302
83510 854
83511 653
83512 169
83513 299
83514 293
83515 55
83516 868
83517 818
83518 666
83519 25
83520 121
83521 52
83522 989
83523 724
83524 301
83525 338
83526 856
83527 957
83528 553
83529 828
83530 985
83531 383
83532 517
83533 461
83534 436
83535 94
83536 490
83537 806
83538 380
83539 646
83540 167
83541 294
83542 217
83543 87
83544 234
83545 233
83546 940
83547 483
83548 353
83549 623
83550 650
83551 500
83552 527
83553 402
83554 236
83555 709
83556 294
83557 995
83558 694
83559 16
83560 979
83561 926
83562 844
83563 560
83564 243
83565 410
83566 958
83567 979
83568 313
83569 897
83570 339
83571 721
83572 266
83573 509
83574 649
83575 541
83576 276
83577 596
83578 984
83579 637
83580 508
83581 772
83582 722
83583 861
83584 973
83585 597
83586 741
83587 41
83588 733
83589 869
83590 685
83591 940
83592 240
83593 309
83594 409
83595 137
83596 522
83597 269
83598 939
83599 47
83600 872
83601 980
83602 145
83603 863
83604 631
83605 874
83606 57
83607 177
83608 254
83609 626
83610 109
83611 768
83612 945
83613 246
83614 97
83615 336
83616 423
83617 953
83618 829
83619 809
83620 68
83621 747
83622 511
83623 71
83624 17
83625 267
83626 549
83627 486
83628 614
83629 226
83630 422
83631 226
83632 906
83633 828
83634 281
83635 805
83636 827
83637 443
83638 558
83639 150
83640 532
83641 276
83642 603
83643 409
83644 928
83645 581
83646 296
83647 91
83648 769
83649 960
83650 311
83651 835
83652 273
83653 996
83654 515
83655 753
83656 331
83657 434
83658 959
83659 183
83660 811
83661 82
83662 889
83663 251
83664 819
83665 826
83666 944
83667 671
83668 492
83669 466
83670 992
83671 619
83672 348
83673 653
83674 607
83675 645
83676 836
83677 22
83678 613
83679 503
83680 671
83681 867
83682 219
83683 887
83684 915
83685 891
83686 420
83687 253
83688 135
83689 330
83690 507
83691 135
83692 696
83693 706
83694 306
83695 172
83696 267
83697 411
83698 870
83699 660
83700 29
83701 858
83702 552
83703 197
83704 476
83705 735
83706 763
83707 109
83708 94
83709 962
83710 838
83711 683
83712 863
83713 30
83714 519
83715 494
83716 552
83717 674
83718 498
83719 919
83720 352
83721 749
83722 768
83723 886
83724 699
83725 127
83726 300
83727 238
83728 450
83729 481
83730 691
83731 246
83732 326
83733 728
83734 930
83735 302
83736 762
83737 903
83738 633
83739 20
83740 599
83741 273
83742 836
83743 271
83744 624
83745 428
83746 648
83747 152
83748 680
83749 42
83750 502
83751 162
83752 171
83753 212
83754 174
83755 267
83756 56
83757 85
83758 871
83759 903
83760 20
83761 819
83762 543
83763 417
83764 254
83765 436
83766 949
83767 692
83768 464
83769 925
83770 610
83771 344
83772 634
83773 178
83774 911
83775 995
83776 198
83777 706
83778 272
83779 957
83780 218
83781 558
83782 887
83783 698
83784 334
83785 401
83786 643
83787 857
83788 478
83789 497
83790 632
83791 779
83792 314
83793 873
83794 375
83795 25
83796 320
83797 62
83798 238
83799 131
83800 333
83801 56
83802 734
83803 583
83804 597
83805 622
83806 1
83807 975
83808 413
83809 539
83810 917
83811 310
83812 714
83813 199
83814 660
83815 673
83816 23
83817 82
83818 747
83819 216
83820 819
83821 166
83822 661
83823 589
83824 412
83825 798
83826 846
83827 641
83828 551
83829 140
83830 458
83831 855
83832 170
83833 44
83834 555
83835 306
83836 384
83837 849
83838 768
83839 612
83840 184
83841 523
83842 423
83843 272
83844 595
83845 412
83846 734
83847 438
83848 710
83849 860
83850 29
83851 143
83852 183
83853 239
83854 197
83855 238
83856 841
83857 629
83858 752
83859 491
83860 26
83861 368
83862 479
83863 325
83864 876
83865 75
83866 102
83867 105
83868 613
83869 414
83870 622
83871 593
83872 520
83873 170
83874 471
83875 907
83876 497
83877 945
83878 967
83879 192
83880 838
83881 521
83882 659
83883 678
83884 847
83885 771
83886 378
83887 689
83888 895
83889 650
83890 876
83891 744
83892 517
83893 728
83894 774
83895 571
83896 697
83897 524
83898 599
83899 589
83900 64
83901 46
83902 910
83903 663
83904 471
83905 791
83906 947
83907 783
83908 112
83909 144
83910 663
83911 89
83912 26
83913 277
83914 612
83915 500
83916 780
83917 112
83918 866
83919 877
83920 311
83921 115
83922 913
83923 687
83924 301
83925 146
83926 146
83927 492
83928 471
83929 902
83930 173
83931 463
83932 767
83933 508
83934 750
83935 514
83936 412
83937 398
83938 408
83939 678
83940 127
83941 506
83942 932
83943 129
83944 319
83945 697
83946 903
83947 629
83948 662
83949 651
83950 1
83951 998
83952 842
83953 835
83954 731
83955 926
83956 551
83957 896
83958 345
83959 354
83960 653
83961 643
83962 725
83963 228
83964 140
83965 301
83966 112
83967 930
83968 351
83969 224
83970 168
83971 976
83972 550
83973 927
83974 951
83975 558
83976 492
83977 315
83978 128
83979 183
83980 632
83981 463
83982 584
83983 176
83984 717
83985 956
83986 374
83987 382
83988 484
83989 44
83990 529
83991 732
83992 494
83993 843
83994 822
83995 303
83996 580
83997 920
83998 485
83999 851
84000 603
84001 189
84002 271
84003 347
84004 952
84005 536
84006 775
84007 95
84008 721
84009 945
84010 994
84011 442
84012 477
84013 988
84014 856
84015 353
84016 272
84017 440
84018 992
84019 803
84020 614
84021 787
84022 880
84023 945
84024 596
84025 599
84026 361
84027 18
84028 35
84029 309
84030 31
84031 163
84032 282
84033 639
84034 737
84035 91
84036 411
84037 709
84038 54
84039 518
84040 91
84041 495
84042 446
84043 22
84044 853
84045 905
84046 87
84047 485
84048 307
84049 131
84050 429
84051 927
84052 462
84053 949
84054 301
84055 305
84056 378
84057 263
84058 288
84059 819
84060 581
84061 331
84062 326
84063 259
84064 44
84065 173
84066 823
84067 737
84068 32
84069 396
84070 721
84071 964
84072 881
84073 458
84074 939
84075 331
84076 942
84077 169
84078 986
84079 872
84080 378
84081 885
84082 526
84083 614
84084 756
84085 769
84086 10
84087 49
84088 524
84089 654
84090 534
84091 42
84092 631
84093 202
84094 338
84095 597
84096 915
84097 616
84098 668
84099 631
84100 807
84101 16
84102 180
84103 587
84104 212
84105 828
84106 798
84107 155
84108 485
84109 88
84110 2
84111 735
84112 155
84113 151
84114 87
84115 253
84116 857
84117 840
84118 545
84119 990
84120 662
84121 302
84122 79
84123 240
84124 343
84125 366
84126 780
84127 634
84128 451
84129 609
84130 118
84131 363
84132 160
84133 739
84134 85
84135 227
84136 249
84137 942
84138 502
84139 790
84140 453
84141 744
84142 769
84143 768
84144 462
84145 613
84146 776
84147 611
84148 659
84149 964
84150 688
84151 583
84152 270
84153 284
84154 967
84155 0
84156 303
84157 555
84158 982
84159 835
84160 317
84161 362
84162 355
84163 739
84164 334
84165 198
84166 553
84167 222
84168 218
84169 618
84170 5
84171 358
84172 238
84173 532
84174 130
84175 559
84176 30
84177 477
84178 876
84179 253
84180 989
84181 560
84182 583
84183 415
84184 212
84185 309
84186 784
84187 28
84188 225
84189 66
84190 98
84191 622
84192 879
84193 474
84194 393
84195 758
84196 40
84197 954
84198 210
84199 264
84200 70
84201 833
84202 215
84203 957
84204 523
84205 321
84206 288
84207 873
84208 137
84209 898
84210 198
84211 163
84212 548
84213 682
84214 369
84215 42
84216 337
84217 290
84218 737
84219 988
84220 26
84221 391
84222 734
84223 882
84224 597
84225 209
84226 619
84227 732
84228 842
84229 863
84230 991
84231 981
84232 218
84233 232
84234 894
84235 608
84236 36
84237 396
84238 678
84239 41
84240 328
84241 459
84242 693
84243 161
84244 861
84245 297
84246 734
84247 188
84248 700
84249 599
84250 668
84251 959
84252 523
84253 613
84254 757
84255 773
84256 300
84257 479
84258 59
84259 537
84260 174
84261 378
84262 953
84263 4
84264 263
84265 73
84266 139
84267 195
84268 603
84269 220
84270 717
84271 383
84272 293
84273 620
84274 586
84275 894
84276 543
84277 660
84278 886
84279 565
84280 911
84281 887
84282 328
84283 285
84284 173
84285 521
84286 87
84287 873
84288 397
84289 651
84290 877
84291 645
84292 171
84293 520
84294 303
84295 334
84296 848
84297 836
84298 824
84299 737
84300 436
84301 206
84302 81
84303 811
84304 946
84305 460
84306 548
84307 737
84308 406
84309 408
84310 257
84311 26
84312 437
84313 533
84314 693
84315 953
84316 134
84317 32
84318 563
84319 123
84320 449
84321 739
84322 640
84323 73
84324 11
84325 740
84326 817
84327 720
84328 6
84329 595
84330 980
84331 239
84332 996
84333 741
84334 646
84335 642
84336 200
84337 974
84338 792
84339 577
84340 210
84341 731
84342 463
84343 332
84344 353
84345 793
84346 477
84347 325
84348 126
84349 325
84350 253
84351 162
84352 905
84353 792
84354 753
84355 501
84356 322
84357 249
84358 549
84359 497
84360 689
84361 26
84362 321
84363 444
84364 358
84365 373
84366 63
84367 157
84368 599
84369 889
84370 687
84371 536
84372 975
84373 964
84374 919
84375 408
84376 923
84377 962
84378 767
84379 969
84380 49
84381 99
84382 114
84383 138
84384 365
84385 885
84386 356
84387 596
84388 317
84389 786
84390 124
84391 107
84392 865
84393 351
84394 480
84395 831
84396 222
84397 780
84398 406
84399 596
84400 330
84401 642
84402 453
84403 559
84404 618
84405 644
84406 177
84407 69
84408 954
84409 690
84410 187
84411 923
84412 476
84413 939
84414 504
84415 925
84416 249
84417 596
84418 628
84419 430
84420 283
84421 985
84422 213
84423 16
84424 188
84425 516
84426 707
84427 910
84428 419
84429 928
84430 548
84431 306
84432 740
84433 744
84434 280
84435 663
84436 579
84437 184
84438 714
84439 270
84440 527
84441 871
84442 203
84443 267
84444 178
84445 600
84446 218
84447 318
84448 748
84449 945
84450 160
84451 190
84452 796
84453 301
84454 385
84455 479
84456 34
84457 50
84458 44
84459 3
84460 927
84461 298
84462 752
84463 733
84464 687
84465 787
84466 11
84467 572
84468 367
84469 596
84470 846
84471 509
84472 741
84473 339
84474 918
84475 309
84476 976
84477 597
84478 49
84479 661
84480 329
84481 221
84482 764
84483 533
84484 305
84485 46
84486 416
84487 916
84488 20
84489 8
84490 23
84491 665
84492 325
84493 478
84494 88
84495 506
84496 475
84497 790
84498 178
84499 777
84500 314
84501 691
84502 801
84503 141
84504 227
84505 455
84506 377
84507 807
84508 236
84509 763
84510 387
84511 110
84512 900
84513 209
84514 1
84515 189
84516 917
84517 834
84518 354
84519 915
84520 672
84521 123
84522 382
84523 387
84524 120
84525 573
84526 837
84527 917
84528 396
84529 232
84530 304
84531 376
84532 546
84533 813
84534 304
84535 320
84536 985
84537 356
84538 406
84539 623
84540 494
84541 747
84542 900
84543 723
84544 923
84545 570
84546 124
84547 236
84548 128
84549 360
84550 210
84551 265
84552 487
84553 918
84554 803
84555 163
84556 906
84557 710
84558 77
84559 624
84560 464
84561 174
84562 228
84563 670
84564 723
84565 597
84566 589
84567 291
84568 191
84569 718
84570 25
84571 33
84572 734
84573 51
84574 384
84575 530
84576 141
84577 299
84578 355
84579 47
84580 983
84581 495
84582 874
84583 236
84584 674
84585 906
84586 596
84587 324
84588 382
84589 296
84590 816
84591 806
84592 750
84593 281
84594 699
84595 181
84596 723
84597 362
84598 93
84599 959
84600 966
84601 820
84602 213
84603 216
84604 123
84605 548
84606 859
84607 183
84608 29
84609 643
84610 285
84611 771
84612 500
84613 198
84614 585
84615 579
84616 979
84617 589
84618 383
84619 8
84620 55
84621 755
84622 690
84623 888
84624 617
84625 113
84626 794
84627 461
84628 528
84629 944
84630 90
84631 798
84632 733
84633 92
84634 622
84635 86
84636 711
84637 150
84638 642
84639 506
84640 616
84641 401
84642 818
84643 307
84644 102
84645 748
84646 640
84647 619
84648 102
84649 330
84650 635
84651 939
84652 762
84653 210
84654 816
84655 523
84656 203
84657 893
84658 138
84659 303
84660 100
84661 581
84662 166
84663 837
84664 320
84665 140
84666 105
84667 624
84668 486
84669 227
84670 552
84671 987
84672 882
84673 727
84674 526
84675 266
84676 205
84677 930
84678 489
84679 389
84680 336
84681 905
84682 65
84683 184
84684 998
84685 82
84686 701
84687 665
84688 654
84689 764
84690 858
84691 15
84692 285
84693 938
84694 630
84695 364
84696 788
84697 4
84698 459
84699 494
84700 224
84701 100
84702 53
84703 797
84704 448
84705 508
84706 15
84707 198
84708 993
84709 218
84710 989
84711 428
84712 312
84713 693
84714 31
84715 299
84716 93
84717 207
84718 585
84719 290
84720 106
84721 306
84722 698
84723 344
84724 552
84725 445
84726 104
84727 70
84728 440
84729 700
84730 123
84731 640
84732 337
84733 600
84734 662
84735 568
84736 984
84737 570
84738 751
84739 634
84740 739
84741 479
84742 858
84743 352
84744 399
84745 121
84746 588
84747 92
84748 497
84749 153
84750 505
84751 297
84752 305
84753 99
84754 321
84755 484
84756 4
84757 847
84758 865
84759 656
84760 855
84761 144
84762 190
84763 985
84764 674
84765 634
84766 493
84767 218
84768 354
84769 633
84770 951
84771 576
84772 409
84773 604
84774 871
84775 658
84776 668
84777 610
84778 582
84779 822
84780 448
84781 735
84782 532
84783 540
84784 397
84785 889
84786 955
84787 4
84788 452
84789 409
84790 207
84791 839
84792 73
84793 811
84794 186
84795 654
84796 528
84797 938
84798 765
84799 587
84800 273
84801 505
84802 540
84803 564
84804 415
84805 981
84806 99
84807 165
84808 284
84809 660
84810 851
84811 826
84812 515
84813 357
84814 807
84815 979
84816 146
84817 793
84818 790
84819 317
84820 217
84821 859
84822 829
84823 681
84824 652
84825 770
84826 422
84827 341
84828 207
84829 409
84830 384
84831 771
84832 966
84833 828
84834 22
84835 109
84836 157
84837 543
84838 770
84839 534
84840 436
84841 498
84842 461
84843 733
84844 998
84845 403
84846 252
84847 843
84848 527
84849 617
84850 711
84851 420
84852 864
84853 335
84854 85
84855 285
84856 927
84857 239
84858 183
84859 323
84860 451
84861 262
84862 821
84863 331
84864 831
84865 959
84866 67
84867 875
84868 674
84869 692
84870 705
84871 843
84872 607
84873 660
84874 898
84875 524
84876 405
84877 389
84878 61
84879 791
84880 579
84881 508
84882 725
84883 689
84884 384
84885 675
84886 526
84887 444
84888 246
84889 656
84890 284
84891 545
84892 676
84893 621
84894 0
84895 505
84896 547
84897 221
84898 975
84899 412
84900 180
84901 739
84902 861
84903 979
84904 483
84905 79
84906 279
84907 571
84908 478
84909 409
84910 90
84911 444
84912 400
84913 398
84914 78
84915 380
84916 62
84917 18
84918 717
84919 518
84920 101
84921 617
84922 77
84923 585
84924 250
84925 509
84926 974
84927 836
84928 357
84929 443
84930 544
84931 305
84932 758
84933 882
84934 621
84935 27
84936 101
84937 954
84938 755
84939 289
84940 657
84941 384
84942 816
84943 960
84944 986
84945 390
84946 151
84947 582
84948 708
84949 641
84950 300
84951 923
84952 480
84953 736
84954 164
84955 133
84956 267
84957 890
84958 995
84959 457
84960 371
84961 611
84962 197
84963 767
84964 994
84965 140
84966 445
84967 916
84968 171
84969 896
84970 621
84971 273
84972 502
84973 422
84974 339
84975 639
84976 572
84977 176
84978 130
84979 282
84980 137
84981 413
84982 259
84983 794
84984 761
84985 689
84986 482
84987 557
84988 367
84989 712
84990 688
84991 715
84992 217
84993 705
84994 456
84995 43
84996 852
84997 163
84998 262
84999 179
85000 886
85001 938
85002 314
85003 653
85004 410
85005 51
85006 762
85007 550
85008 286
85009 576
85010 577
85011 734
85012 268
85013 181
85014 555
85015 161
85016 507
85017 608
85018 692
85019 8
85020 809
85021 159
85022 483
85023 602
85024 485
85025 714
85026 61
85027 346
85028 320
85029 976
85030 40
85031 535
85032 761
85033 145
85034 78
85035 619
85036 986
85037 528
85038 357
85039 174
85040 632
85041 447
85042 86
85043 231
85044 320
85045 611
85046 581
85047 954
85048 910
85049 638
85050 456
85051 91
85052 494
85053 91
85054 203
85055 852
85056 995
85057 525
85058 180
85059 285
85060 116
85061 62
85062 230
85063 699
85064 743
85065 347
85066 54
85067 655
85068 857
85069 932
85070 610
85071 715
85072 882
85073 525
85074 711
85075 538
85076 180
85077 535
85078 154
85079 642
85080 3
85081 786
85082 95
85083 609
85084 288
85085 655
85086 168
85087 981
85088 145
85089 773
85090 746
85091 489
85092 108
85093 650
85094 884
85095 597
85096 429
85097 96
85098 917
85099 186
85100 244
85101 7
85102 952
85103 26
85104 15
85105 205
85106 625
85107 537
85108 576
85109 102
85110 257
85111 441
85112 753
85113 582
85114 79
85115 859
85116 722
85117 737
85118 886
85119 463
85120 362
85121 780
85122 211
85123 472
85124 100
85125 569
85126 962
85127 756
85128 650
85129 568
85130 774
85131 759
85132 541
85133 566
85134 799
85135 632
85136 9
85137 363
85138 731
85139 257
85140 633
85141 843
85142 96
85143 546
85144 885
85145 259
85146 15
85147 273
85148 595
85149 842
85150 462
85151 181
85152 20
85153 836
85154 127
85155 701
85156 982
85157 24
85158 463
85159 825
85160 83
85161 402
85162 2
85163 143
85164 53
85165 594
85166 688
85167 837
85168 818
85169 328
85170 207
85171 581
85172 240
85173 785
85174 637
85175 880
85176 868
85177 448
85178 839
85179 445
85180 161
85181 587
85182 323
85183 173
85184 738
85185 527
85186 769
85187 613
85188 344
85189 539
85190 815
85191 166
85192 222
85193 872
85194 685
85195 546
85196 240
85197 25
85198 323
85199 906
85200 691
85201 222
85202 491
85203 71
85204 845
85205 410
85206 25
85207 658
85208 73
85209 523
85210 235
85211 624
85212 315
85213 179
85214 503
85215 285
85216 84
85217 686
85218 177
85219 145
85220 230
85221 721
85222 347
85223 131
85224 4
85225 912
85226 194
85227 775
85228 586
85229 776
85230 263
85231 724
85232 655
85233 829
85234 549
85235 599
85236 814
85237 475
85238 613
85239 607
85240 403
85241 509
85242 757
85243 169
85244 175
85245 911
85246 438
85247 212
85248 870
85249 500
85250 728
85251 425
85252 417
85253 111
85254 400
85255 455
85256 334
85257 947
85258 44
85259 413
85260 827
85261 216
85262 711
85263 670
85264 832
85265 644
85266 930
85267 733
85268 567
85269 82
85270 389
85271 432
85272 485
85273 452
85274 715
85275 530
85276 717
85277 860
85278 400
85279 304
85280 108
85281 364
85282 578
85283 883
85284 684
85285 548
85286 375
85287 954
85288 225
85289 264
85290 237
85291 930
85292 476
85293 381
85294 705
85295 95
85296 301
85297 607
85298 378
85299 572
85300 131
85301 164
85302 641
85303 161
85304 560
85305 330
85306 454
85307 682
85308 308
85309 77
85310 894
85311 161
85312 104
85313 582
85314 257
85315 506
85316 760
85317 982
85318 761
85319 249
85320 868
85321 194
85322 15
85323 255
85324 502
85325 496
85326 24
85327 123
85328 236
85329 365
85330 480
85331 904
85332 524
85333 874
85334 516
85335 544
85336 440
85337 123
85338 878
85339 487
85340 476
85341 255
85342 784
85343 635
85344 16
85345 287
85346 397
85347 460
85348 24
85349 827
85350 27
85351 142
85352 293
85353 207
85354 329
85355 382
85356 334
85357 296
85358 582
85359 516
85360 990
85361 776
85362 180
85363 59
85364 396
85365 751
85366 748
85367 700
85368 397
85369 607
85370 309
85371 256
85372 973
85373 716
85374 168
85375 156
85376 435
85377 94
85378 818
85379 334
85380 884
85381 759
85382 248
85383 139
85384 787
85385 206
85386 772
85387 670
85388 194
85389 529
85390 304
85391 72
85392 749
85393 664
85394 244
85395 409
85396 259
85397 456
85398 846
85399 692
85400 241
85401 831
85402 190
85403 79
85404 573
85405 864
85406 695
85407 512
85408 59
85409 742
85410 92
85411 93
85412 581
85413 75
85414 442
85415 94
85416 121
85417 282
85418 387
85419 702
85420 184
85421 241
85422 990
85423 66
85424 617
85425 50
85426 334
85427 745
85428 43
85429 213
85430 970
85431 188
85432 516
85433 450
85434 723
85435 363
85436 110
85437 708
85438 135
85439 55
85440 358
85441 196
85442 165
85443 990
85444 913
85445 360
85446 106
85447 650
85448 872
85449 638
85450 359
85451 590
85452 554
85453 382
85454 380
85455 853
85456 358
85457 239
85458 754
85459 338
85460 351
85461 200
85462 211
85463 21
85464 599
85465 546
85466 622
85467 209
85468 274
85469 75
85470 547
85471 899
85472 20
85473 617
85474 903
85475 898
85476 157
85477 999
85478 174
85479 141
85480 69
85481 403
85482 377
85483 636
85484 547
85485 343
85486 727
85487 647
85488 236
85489 866
85490 599
85491 624
85492 768
85493 899
85494 702
85495 950
85496 923
85497 314
85498 842
85499 541
85500 803
85501 590
85502 62
85503 53
85504 478
85505 606
85506 523
85507 148
85508 538
85509 58
85510 332
85511 115
85512 535
85513 810
85514 11
85515 956
85516 684
85517 675
85518 609
85519 185
85520 565
85521 801
85522 787
85523 493
85524 664
85525 869
85526 406
85527 854
85528 983
85529 148
85530 417
85531 606
85532 5
85533 277
85534 664
85535 502
85536 458
85537 147
85538 19
85539 987
85540 452
85541 322
85542 806
85543 522
85544 375
85545 582
85546 576
85547 620
85548 75
85549 441
85550 797
85551 323
85552 811
85553 475
85554 917
85555 402
85556 961
85557 673
85558 202
85559 286
85560 531
85561 529
85562 647
85563 896
85564 826
85565 475
85566 761
85567 971
85568 195
85569 89
85570 912
85571 691
85572 118
85573 107
85574 209
85575 369
85576 706
85577 853
85578 725
85579 462
85580 322
85581 137
85582 242
85583 665
85584 249
85585 690
85586 327
85587 997
85588 342
85589 926
85590 510
85591 328
85592 607
85593 19
85594 20
85595 235
85596 101
85597 993
85598 281
85599 727
85600 191
85601 560
85602 976
85603 364
85604 414
85605 701
85606 736
85607 701
85608 915
85609 682
85610 154
85611 466
85612 504
85613 202
85614 321
85615 524
85616 508
85617 517
85618 267
85619 420
85620 132
85621 357
85622 303
85623 721
85624 556
85625 234
85626 187
85627 261
85628 4
85629 247
85630 510
85631 159
85632 897
85633 566
85634 617
85635 172
85636 120
85637 550
85638 23
85639 545
85640 302
85641 633
85642 299
85643 954
85644 710
85645 376
85646 214
85647 361
85648 284
85649 66
85650 190
85651 598
85652 390
85653 179
85654 560
85655 729
85656 241
85657 627
85658 19
85659 380
85660 869
85661 597
85662 88
85663 336
85664 9
85665 232
85666 551
85667 737
85668 296
85669 334
85670 545
85671 169
85672 628
85673 3
85674 750
85675 426
85676 124
85677 641
85678 909
85679 867
85680 903
85681 836
85682 500
85683 177
85684 803
85685 196
85686 168
85687 139
85688 411
85689 770
85690 11
85691 814
85692 455
85693 94
85694 785
85695 951
85696 95
85697 478
85698 931
85699 413
85700 7
85701 956
85702 754
85703 618
85704 790
85705 187
85706 23
85707 666
85708 759
85709 497
85710 390
85711 104
85712 118
85713 326
85714 470
85715 387
85716 713
85717 909
85718 648
85719 7
85720 939
85721 252
85722 448
85723 122
85724 120
85725 382
85726 266
85727 755
85728 899
85729 78
85730 990
85731 366
85732 326
85733 897
85734 383
85735 815
85736 955
85737 408
85738 266
85739 577
85740 922
85741 7
85742 578
85743 339
85744 700
85745 949
85746 437
85747 38
85748 395
85749 699
85750 839
85751 460
85752 115
85753 559
85754 400
85755 289
85756 178
85757 748
85758 391
85759 324
85760 331
85761 286
85762 690
85763 55
85764 863
85765 50
85766 695
85767 103
85768 584
85769 650
85770 948
85771 679
85772 756
85773 757
85774 543
85775 767
85776 567
85777 990
85778 290
85779 151
85780 299
85781 556
85782 195
85783 206
85784 624
85785 521
85786 279
85787 77
85788 559
85789 980
85790 201
85791 839
85792 55
85793 24
85794 562
85795 97
85796 510
85797 578
85798 100
85799 48
85800 85
85801 454
85802 587
85803 281
85804 479
85805 959
85806 422
85807 218
85808 642
85809 557
85810 512
85811 3
85812 973
85813 795
85814 60
85815 39
85816 177
85817 283
85818 229
85819 208
85820 607
85821 831
85822 721
85823 572
85824 258
85825 84
85826 585
85827 832
85828 6
85829 322
85830 329
85831 958
85832 129
85833 126
85834 311
85835 573
85836 976
85837 448
85838 298
85839 209
85840 960
85841 580
85842 182
85843 105
85844 896
85845 137
85846 173
85847 551
85848 150
85849 611
85850 573
85851 654
85852 187
85853 624
85854 223
85855 548
85856 914
85857 785
85858 123
85859 947
85860 466
85861 723
85862 395
85863 23
85864 559
85865 400
85866 275
85867 134
85868 207
85869 280
85870 830
85871 684
85872 182
85873 310
85874 317
85875 302
85876 74
85877 505
85878 444
85879 505
85880 924
85881 580
85882 295
85883 988
85884 751
85885 402
85886 765
85887 946
85888 511
85889 55
85890 254
85891 362
85892 681
85893 849
85894 11
85895 559
85896 502
85897 332
85898 496
85899 486
85900 156
85901 150
85902 200
85903 475
85904 337
85905 105
85906 439
85907 221
85908 633
85909 893
85910 60
85911 505
85912 567
85913 446
85914 956
85915 712
85916 660
85917 182
85918 518
85919 817
85920 614
85921 842
85922 344
85923 971
85924 431
85925 859
85926 226
85927 909
85928 300
85929 165
85930 906
85931 577
85932 694
85933 395
85934 546
85935 246
85936 315
85937 80
85938 36
85939 525
85940 123
85941 966
85942 61
85943 651
85944 575
85945 408
85946 596
85947 433
85948 665
85949 751
85950 471
85951 607
85952 466
85953 624
85954 452
85955 340
85956 175
85957 780
85958 306
85959 675
85960 26
85961 957
85962 631
85963 795
85964 91
85965 907
85966 502
85967 390
85968 349
85969 527
85970 887
85971 115
85972 215
85973 670
85974 431
85975 907
85976 329
85977 677
85978 785
85979 697
85980 512
85981 407
85982 711
85983 879
85984 289
85985 425
85986 290
85987 171
85988 235
85989 309
85990 159
85991 917
85992 59
85993 361
85994 404
85995 417
85996 903
85997 656
85998 153
85999 11
86000 78
86001 821
86002 529
86003 428
86004 474
86005 408
86006 364
86007 182
86008 367
86009 84
86010 877
86011 875
86012 616
86013 783
86014 873
86015 388
86016 599
86017 208
86018 251
86019 998
86020 812
86021 761
86022 882
86023 516
86024 804
86025 153
86026 21
86027 710
86028 700
86029 833
86030 222
86031 194
86032 729
86033 948
86034 201
86035 44
86036 167
86037 266
86038 30
86039 810
86040 124
86041 772
86042 159
86043 686
86044 168
86045 529
86046 981
86047 66
86048 309
86049 384
86050 72
86051 304
86052 932
86053 64
86054 572
86055 140
86056 502
86057 629
86058 361
86059 735
86060 582
86061 336
86062 552
86063 975
86064 980
86065 754
86066 185
86067 786
86068 654
86069 326
86070 745
86071 467
86072 264
86073 685
86074 889
86075 763
86076 280
86077 341
86078 554
86079 335
86080 709
86081 13
86082 969
86083 760
86084 135
86085 19
86086 895
86087 390
86088 795
86089 572
86090 677
86091 157
86092 810
86093 538
86094 925
86095 435
86096 229
86097 975
86098 93
86099 36
86100 441
86101 368
86102 952
86103 981
86104 761
86105 520
86106 283
86107 737
86108 149
86109 2
86110 38
86111 721
86112 520
86113 388
86114 983
86115 385
86116 106
86117 494
86118 818
86119 646
86120 174
86121 35
86122 97
86123 465
86124 95
86125 823
86126 40
86127 174
86128 248
86129 900
86130 760
86131 697
86132 436
86133 52
86134 149
86135 0
86136 344
86137 857
86138 418
86139 662
86140 446
86141 240
86142 602
86143 540
86144 769
86145 748
86146 142
86147 134
86148 264
86149 288
86150 274
86151 860
86152 585
86153 52
86154 325
86155 701
86156 153
86157 856
86158 891
86159 675
86160 604
86161 157
86162 512
86163 895
86164 391
86165 899
86166 777
86167 289
86168 560
86169 424
86170 996
86171 24
86172 539
86173 373
86174 34
86175 741
86176 83
86177 521
86178 695
86179 203
86180 559
86181 243
86182 483
86183 426
86184 645
86185 375
86186 432
86187 144
86188 645
86189 407
86190 537
86191 245
86192 653
86193 412
86194 631
86195 391
86196 873
86197 488
86198 762
86199 555
86200 267
86201 145
86202 822
86203 875
86204 299
86205 216
86206 236
86207 962
86208 118
86209 28
86210 395
86211 889
86212 480
86213 64
86214 339
86215 712
86216 217
86217 767
86218 18
86219 875
86220 45
86221 550
86222 444
86223 583
86224 652
86225 825
86226 833
86227 839
86228 10
86229 310
86230 723
86231 258
86232 244
86233 521
86234 404
86235 578
86236 24
86237 913
86238 393
86239 831
86240 960
86241 100
86242 828
86243 890
86244 235
86245 206
86246 953
86247 23
86248 928
86249 211
86250 13
86251 406
86252 661
86253 122
86254 448
86255 92
86256 678
86257 877
86258 189
86259 472
86260 608
86261 704
86262 372
86263 215
86264 588
86265 68
86266 788
86267 659
86268 394
86269 819
86270 628
86271 840
86272 614
86273 346
86274 18
86275 756
86276 946
86277 873
86278 38
86279 674
86280 741
86281 316
86282 942
86283 697
86284 601
86285 621
86286 360
86287 290
86288 960
86289 338
86290 681
86291 513
86292 592
86293 939
86294 580
86295 674
86296 269
86297 478
86298 253
86299 497
86300 723
86301 198
86302 881
86303 97
86304 598
86305 36
86306 416
86307 767
86308 189
86309 79
86310 915
86311 434
86312 344
86313 853
86314 265
86315 219
86316 662
86317 90
86318 38
86319 639
86320 903
86321 189
86322 129
86323 796
86324 529
86325 898
86326 427
86327 690
86328 215
86329 86
86330 777
86331 551
86332 218
86333 368
86334 769
86335 185
86336 500
86337 29
86338 571
86339 770
86340 321
86341 261
86342 942
86343 197
86344 609
86345 926
86346 269
86347 234
86348 219
86349 496
86350 77
86351 242
86352 783
86353 40
86354 860
86355 138
86356 255
86357 472
86358 731
86359 400
86360 534
86361 859
86362 357
86363 611
86364 294
86365 248
86366 177
86367 623
86368 284
86369 152
86370 307
86371 542
86372 139
86373 485
86374 744
86375 715
86376 156
86377 98
86378 145
86379 883
86380 352
86381 559
86382 627
86383 356
86384 28
86385 136
86386 282
86387 222
86388 913
86389 791
86390 728
86391 726
86392 302
86393 91
86394 371
86395 374
86396 910
86397 394
86398 964
86399 420
86400 559
86401 339
86402 819
86403 945
86404 246
86405 603
86406 863
86407 578
86408 867
86409 637
86410 148
86411 386
86412 447
86413 3
86414 429
86415 27
86416 691
86417 216
86418 64
86419 807
86420 972
86421 753
86422 460
86423 631
86424 415
86425 836
86426 397
86427 611
86428 783
86429 142
86430 429
86431 127
86432 401
86433 819
86434 66
86435 428
86436 651
86437 359
86438 645
86439 757
86440 902
86441 595
86442 316
86443 323
86444 411
86445 624
86446 376
86447 917
86448 515
86449 182
86450 917
86451 175
86452 209
86453 914
86454 808
86455 329
86456 772
86457 606
86458 365
86459 652
86460 74
86461 311
86462 562
86463 318
86464 758
86465 218
86466 342
86467 985
86468 998
86469 90
86470 247
86471 253
86472 388
86473 692
86474 954
86475 440
86476 858
86477 732
86478 402
86479 858
86480 952
86481 663
86482 38
86483 727
86484 181
86485 123
86486 771
86487 878
86488 103
86489 625
86490 321
86491 214
86492 166
86493 608
86494 190
86495 958
86496 439
86497 17
86498 45
86499 387
86500 946
86501 249
86502 494
86503 186
86504 405
86505 502
86506 484
86507 60
86508 984
86509 254
86510 315
86511 245
86512 938
86513 592
86514 946
86515 911
86516 448
86517 107
86518 721
86519 919
86520 846
86521 224
86522 858
86523 177
86524 753
86525 62
86526 344
86527 817
86528 768
86529 377
86530 101
86531 802
86532 741
86533 274
86534 422
86535 821
86536 694
86537 259
86538 477
86539 876
86540 206
86541 378
86542 629
86543 755
86544 703
86545 204
86546 980
86547 291
86548 813
86549 839
86550 180
86551 56
86552 83
86553 942
86554 872
86555 998
86556 277
86557 95
86558 768
86559 736
86560 977
86561 14
86562 229
86563 332
86564 163
86565 450
86566 1
86567 532
86568 295
86569 250
86570 605
86571 854
86572 841
86573 511
86574 107
86575 488
86576 653
86577 676
86578 348
86579 906
86580 724
86581 821
86582 582
86583 475
86584 312
86585 578
86586 735
86587 460
86588 240
86589 848
86590 877
86591 607
86592 121
86593 110
86594 704
86595 618
86596 891
86597 948
86598 515
86599 813
86600 351
86601 400
86602 910
86603 225
86604 252
86605 218
86606 959
86607 688
86608 235
86609 639
86610 785
86611 128
86612 498
86613 265
86614 128
86615 214
86616 216
86617 357
86618 155
86619 548
86620 128
86621 698
86622 332
86623 782
86624 38
86625 419
86626 838
86627 368
86628 661
86629 737
86630 268
86631 593
86632 78
86633 691
86634 511
86635 475
86636 19
86637 570
86638 530
86639 512
86640 386
86641 437
86642 142
86643 493
86644 331
86645 510
86646 323
86647 21
86648 355
86649 683
86650 319
86651 569
86652 820
86653 199
86654 356
86655 754
86656 484
86657 389
86658 182
86659 356
86660 237
86661 842
86662 709
86663 704
86664 51
86665 181
86666 673
86667 777
86668 892
86669 995
86670 404
86671 706
86672 234
86673 486
86674 719
86675 911
86676 62
86677 184
86678 479
86679 577
86680 235
86681 393
86682 165
86683 534
86684 865
86685 223
86686 882
86687 395
86688 729
86689 21
86690 427
86691 991
86692 58
86693 582
86694 899
86695 283
86696 510
86697 156
86698 187
86699 545
86700 734
86701 584
86702 308
86703 982
86704 447
86705 798
86706 155
86707 696
86708 957
86709 122
86710 9
86711 838
86712 193
86713 211
86714 876
86715 185
86716 63
86717 946
86718 107
86719 884
86720 69
86721 378
86722 200
86723 180
86724 474
86725 180
86726 837
86727 740
86728 900
86729 575
86730 186
86731 984
86732 699
86733 49
86734 318
86735 755
86736 352
86737 210
86738 132
86739 165
86740 43
86741 82
86742 960
86743 60
86744 687
86745 758
86746 106
86747 559
86748 797
86749 898
86750 893
86751 409
86752 726
86753 614
86754 595
86755 684
86756 450
86757 399
86758 838
86759 725
86760 332
86761 982
86762 961
86763 860
86764 26
86765 168
86766 397
86767 743
86768 829
86769 371
86770 178
86771 768
86772 696
86773 846
86774 703
86775 812
86776 314
86777 89
86778 566
86779 77
86780 96
86781 96
86782 785
86783 142
86784 667
86785 575
86786 912
86787 104
86788 609
86789 709
86790 637
86791 392
86792 759
86793 782
86794 781
86795 279
86796 4
86797 616
86798 888
86799 917
86800 204
86801 705
86802 146
86803 535
86804 737
86805 660
86806 6
86807 705
86808 969
86809 318
86810 967
86811 271
86812 508
86813 153
86814 657
86815 765
86816 308
86817 645
86818 112
86819 120
86820 542
86821 813
86822 458
86823 755
86824 474
86825 220
86826 902
86827 949
86828 101
86829 234
86830 492
86831 453
86832 994
86833 804
86834 620
86835 502
86836 542
86837 799
86838 749
86839 217
86840 186
86841 947
86842 778
86843 115
86844 375
86845 627
86846 241
86847 91
86848 727
86849 82
86850 802
86851 961
86852 580
86853 586
86854 637
86855 244
86856 430
86857 836
86858 822
86859 250
86860 907
86861 350
86862 346
86863 528
86864 890
86865 494
86866 840
86867 554
86868 205
86869 773
86870 265
86871 28
86872 6
86873 683
86874 819
86875 460
86876 376
86877 834
86878 879
86879 548
86880 664
86881 500
86882 663
86883 571
86884 383
86885 576
86886 400
86887 882
86888 680
86889 570
86890 819
86891 303
86892 422
86893 925
86894 197
86895 957
86896 620
86897 63
86898 938
86899 326
86900 55
86901 837
86902 501
86903 419
86904 757
86905 456
86906 534
86907 791
86908 424
86909 283
86910 229
86911 845
86912 421
86913 496
86914 590
86915 673
86916 13
86917 32
86918 454
86919 147
86920 662
86921 918
86922 361
86923 331
86924 75
86925 815
86926 733
86927 142
86928 953
86929 627
86930 52
86931 815
86932 482
86933 531
86934 754
86935 129
86936 537
86937 41
86938 667
86939 368
86940 773
86941 805
86942 829
86943 554
86944 360
86945 410
86946 806
86947 170
86948 408
86949 726
86950 400
86951 108
86952 88
86953 275
86954 90
86955 439
86956 584
86957 899
86958 78
86959 353
86960 133
86961 483
86962 102
86963 632
86964 358
86965 854
86966 947
86967 662
86968 121
86969 282
86970 657
86971 342
86972 207
86973 652
86974 132
86975 22
86976 593
86977 140
86978 267
86979 586
86980 66
86981 662
86982 455
86983 709
86984 338
86985 749
86986 684
86987 844
86988 975
86989 167
86990 995
86991 683
86992 420
86993 834
86994 78
86995 219
86996 22
86997 380
86998 986
86999 600
87000 176
87001 281
87002 68
87003 530
87004 323
87005 296
87006 654
87007 554
87008 401
87009 898
87010 159
87011 921
87012 780
87013 37
87014 792
87015 408
87016 160
87017 26
87018 350
87019 17
87020 519
87021 761
87022 846
87023 88
87024 682
87025 656
87026 51
87027 694
87028 511
87029 523
87030 350
87031 188
87032 614
87033 709
87034 608
87035 495
87036 340
87037 991
87038 87
87039 244
87040 663
87041 996
87042 675
87043 445
87044 225
87045 868
87046 397
87047 768
87048 158
87049 426
87050 398
87051 964
87052 633
87053 601
87054 875
87055 579
87056 946
87057 517
87058 863
87059 33
87060 910
87061 472
87062 868
87063 698
87064 255
87065 941
87066 21
87067 17
87068 430
87069 798
87070 724
87071 98
87072 492
87073 506
87074 332
87075 945
87076 510
87077 706
87078 507
87079 879
87080 451
87081 490
87082 564
87083 365
87084 96
87085 307
87086 454
87087 60
87088 825
87089 675
87090 439
87091 778
87092 948
87093 905
87094 609
87095 58
87096 695
87097 721
87098 381
87099 579
87100 574
87101 378
87102 157
87103 484
87104 694
87105 192
87106 35
87107 204
87108 334
87109 215
87110 328
87111 465
87112 763
87113 120
87114 154
87115 354
87116 890
87117 285
87118 225
87119 823
87120 381
87121 410
87122 485
87123 674
87124 979
87125 651
87126 738
87127 179
87128 425
87129 917
87130 310
87131 574
87132 24
87133 861
87134 167
87135 344
87136 734
87137 454
87138 100
87139 882
87140 877
87141 446
87142 279
87143 328
87144 717
87145 322
87146 798
87147 313
87148 957
87149 185
87150 164
87151 23
87152 362
87153 801
87154 473
87155 955
87156 365
87157 740
87158 838
87159 341
87160 642
87161 302
87162 337
87163 737
87164 196
87165 878
87166 606
87167 607
87168 367
87169 920
87170 594
87171 301
87172 472
87173 904
87174 961
87175 497
87176 683
87177 583
87178 380
87179 276
87180 797
87181 484
87182 270
87183 253
87184 855
87185 217
87186 96
87187 880
87188 561
87189 405
87190 788
87191 877
87192 760
87193 516
87194 559
87195 93
87196 537
87197 434
87198 979
87199 493
87200 89
87201 552
87202 118
87203 278
87204 803
87205 575
87206 62
87207 953
87208 178
87209 460
87210 807
87211 689
87212 822
87213 222
87214 386
87215 627
87216 563
87217 358
87218 47
87219 41
87220 455
87221 882
87222 241
87223 128
87224 769
87225 453
87226 237
87227 50
87228 322
87229 660
87230 379
87231 894
87232 611
87233 217
87234 581
87235 533
87236 900
87237 805
87238 440
87239 748
87240 984
87241 336
87242 339
87243 141
87244 384
87245 420
87246 404
87247 29
87248 964
87249 558
87250 56
87251 177
87252 770
87253 341
87254 66
87255 891
87256 917
87257 571
87258 497
87259 355
87260 444
87261 258
87262 941
87263 150
87264 943
87265 623
87266 798
87267 844
87268 895
87269 69
87270 886
87271 222
87272 147
87273 258
87274 987
87275 166
87276 388
87277 478
87278 377
87279 324
87280 470
87281 761
87282 104
87283 576
87284 911
87285 379
87286 690
87287 176
87288 900
87289 51
87290 617
87291 477
87292 171
87293 372
87294 109
87295 799
87296 124
87297 702
87298 32
87299 755
87300 313
87301 548
87302 600
87303 812
87304 649
87305 535
87306 848
87307 792
87308 323
87309 258
87310 831
87311 329
87312 725
87313 761
87314 899
87315 301
87316 770
87317 285
87318 646
87319 494
87320 770
87321 912
87322 327
87323 653
87324 19
87325 546
87326 143
87327 562
87328 809
87329 164
87330 872
87331 76
87332 695
87333 148
87334 849
87335 451
87336 586
87337 260
87338 9
87339 723
87340 255
87341 581
87342 29
87343 880
87344 873
87345 202
87346 912
87347 442
87348 736
87349 104
87350 20
87351 167
87352 687
87353 250
87354 240
87355 878
87356 191
87357 307
87358 384
87359 228
87360 979
87361 99
87362 206
87363 573
87364 543
87365 977
87366 597
87367 193
87368 84
87369 961
87370 578
87371 111
87372 454
87373 190
87374 320
87375 578
87376 642
87377 957
87378 751
87379 259
87380 391
87381 287
87382 668
87383 718
87384 955
87385 724
87386 292
87387 99
87388 834
87389 732
87390 762
87391 553
87392 348
87393 597
87394 307
87395 23
87396 287
87397 186
87398 629
87399 637
87400 745
87401 873
87402 152
87403 691
87404 521
87405 4
87406 296
87407 689
87408 964
87409 225
87410 448
87411 267
87412 19
87413 716
87414 657
87415 376
87416 535
87417 50
87418 569
87419 479
87420 117
87421 395
87422 785
87423 418
87424 223
87425 944
87426 984
87427 408
87428 788
87429 243
87430 467
87431 29
87432 329
87433 253
87434 156
87435 173
87436 956
87437 926
87438 546
87439 908
87440 180
87441 414
87442 479
87443 347
87444 849
87445 454
87446 955
87447 642
87448 820
87449 685
87450 475
87451 500
87452 838
87453 789
87454 395
87455 736
87456 357
87457 775
87458 298
87459 456
87460 668
87461 778
87462 51
87463 931
87464 291
87465 25
87466 180
87467 351
87468 891
87469 525
87470 692
87471 403
87472 341
87473 632
87474 826
87475 904
87476 287
87477 417
87478 914
87479 30
87480 345
87481 549
87482 788
87483 911
87484 463
87485 722
87486 462
87487 147
87488 433
87489 833
87490 47
87491 705
87492 305
87493 304
87494 548
87495 307
87496 710
87497 87
87498 654
87499 771
87500 472
87501 369
87502 812
87503 650
87504 4
87505 284
87506 722
87507 656
87508 591
87509 391
87510 327
87511 784
87512 394
87513 60
87514 204
87515 562
87516 151
87517 317
87518 822
87519 729
87520 18
87521 758
87522 907
87523 327
87524 854
87525 332
87526 813
87527 733
87528 964
87529 985
87530 171
87531 304
87532 424
87533 491
87534 649
87535 328
87536 126
87537 101
87538 831
87539 132
87540 187
87541 996
87542 520
87543 629
87544 615
87545 647
87546 434
87547 79
87548 892
87549 490
87550 524
87551 469
87552 342
87553 961
87554 63
87555 695
87556 226
87557 578
87558 507
87559 438
87560 738
87561 700
87562 866
87563 73
87564 615
87565 10
87566 757
87567 768
87568 731
87569 422
87570 259
87571 865
87572 417
87573 275
87574 89
87575 358
87576 108
87577 752
87578 539
87579 434
87580 3
87581 758
87582 603
87583 376
87584 437
87585 714
87586 143
87587 163
87588 699
87589 469
87590 447
87591 658
87592 79
87593 175
87594 70
87595 548
87596 712
87597 641
87598 788
87599 537
87600 637
87601 894
87602 667
87603 960
87604 690
87605 738
87606 549
87607 536
87608 766
87609 790
87610 787
87611 717
87612 869
87613 786
87614 260
87615 361
87616 259
87617 981
87618 621
87619 710
87620 206
87621 90
87622 779
87623 290
87624 885
87625 880
87626 918
87627 875
87628 606
87629 634
87630 533
87631 171
87632 504
87633 90
87634 415
87635 287
87636 295
87637 413
87638 984
87639 66
87640 237
87641 285
87642 0
87643 261
87644 33
87645 984
87646 51
87647 828
87648 375
87649 123
87650 421
87651 789
87652 102
87653 837
87654 981
87655 610
87656 562
87657 11
87658 306
87659 300
87660 383
87661 558
87662 685
87663 670
87664 991
87665 265
87666 856
87667 283
87668 193
87669 51
87670 322
87671 744
87672 53
87673 111
87674 980
87675 189
87676 363
87677 31
87678 981
87679 221
87680 224
87681 528
87682 560
87683 542
87684 884
87685 811
87686 477
87687 651
87688 572
87689 53
87690 9
87691 0
87692 257
87693 579
87694 477
87695 954
87696 950
87697 72
87698 649
87699 755
87700 949
87701 134
87702 826
87703 576
87704 711
87705 23
87706 912
87707 543
87708 44
87709 88
87710 482
87711 758
87712 184
87713 701
87714 170
87715 190
87716 611
87717 402
87718 134
87719 849
87720 480
87721 635
87722 123
87723 571
87724 526
87725 219
87726 24
87727 500
87728 149
87729 414
87730 970
87731 941
87732 759
87733 338
87734 525
87735 967
87736 632
87737 465
87738 524
87739 350
87740 986
87741 840
87742 829
87743 112
87744 115
87745 216
87746 275
87747 644
87748 315
87749 568
87750 807
87751 817
87752 535
87753 130
87754 148
87755 218
87756 49
87757 245
87758 856
87759 423
87760 283
87761 799
87762 210
87763 363
87764 630
87765 323
87766 102
87767 511
87768 662
87769 333
87770 920
87771 124
87772 603
87773 828
87774 987
87775 146
87776 507
87777 537
87778 971
87779 216
87780 317
87781 762
87782 119
87783 391
87784 242
87785 129
87786 320
87787 102
87788 224
87789 236
87790 420
87791 424
87792 179
87793 616
87794 43
87795 304
87796 822
87797 490
87798 105
87799 247
87800 445
87801 843
87802 946
87803 769
87804 886
87805 327
87806 5
87807 981
87808 891
87809 584
87810 228
87811 181
87812 318
87813 60
87814 773
87815 527
87816 613
87817 735
87818 248
87819 37
87820 638
87821 511
87822 538
87823 699
87824 490
87825 441
87826 737
87827 90
87828 275
87829 871
87830 122
87831 949
87832 289
87833 188
87834 445
87835 68
87836 568
87837 11
87838 877
87839 358
87840 711
87841 10
87842 114
87843 740
87844 700
87845 948
87846 59
87847 892
87848 727
87849 985
87850 27
87851 777
87852 347
87853 455
87854 769
87855 698
87856 213
87857 873
87858 543
87859 567
87860 797
87861 309
87862 982
87863 355
87864 478
87865 891
87866 361
87867 913
87868 531
87869 301
87870 166
87871 873
87872 144
87873 590
87874 557
87875 70
87876 211
87877 536
87878 482
87879 542
87880 524
87881 781
87882 842
87883 517
87884 949
87885 295
87886 847
87887 884
87888 765
87889 772
87890 512
87891 559
87892 434
87893 402
87894 426
87895 654
87896 469
87897 421
87898 778
87899 524
87900 666
87901 868
87902 959
87903 824
87904 347
87905 644
87906 380
87907 545
87908 157
87909 825
87910 33
87911 880
87912 604
87913 947
87914 425
87915 870
87916 467
87917 691
87918 317
87919 257
87920 20
87921 550
87922 91
87923 602
87924 392
87925 643
87926 31
87927 758
87928 819
87929 591
87930 826
87931 813
87932 783
87933 503
87934 865
87935 866
87936 615
87937 400
87938 754
87939 289
87940 368
87941 543
87942 719
87943 545
87944 245
87945 668
87946 535
87947 362
87948 827
87949 29
87950 441
87951 656
87952 221
87953 193
87954 8
87955 389
87956 702
87957 42
87958 806
87959 298
87960 549
87961 453
87962 755
87963 480
87964 622
87965 389
87966 67
87967 673
87968 245
87969 279
87970 135
87971 369
87972 618
87973 799
87974 686
87975 781
87976 577
87977 820
87978 895
87979 847
87980 840
87981 25
87982 688
87983 63
87984 673
87985 890
87986 749
87987 186
87988 365
87989 227
87990 861
87991 345
87992 734
87993 483
87994 421
87995 595
87996 585
87997 953
87998 980
87999 56
88000 449
88001 998
88002 355
88003 98
88004 693
88005 206
88006 481
88007 511
88008 451
88009 419
88010 924
88011 199
88012 960
88013 333
88014 56
88015 649
88016 827
88017 69
88018 37
88019 478
88020 772
88021 256
88022 719
88023 555
88024 940
88025 760
88026 509
88027 612
88028 591
88029 959
88030 843
88031 642
88032 466
88033 888
88034 409
88035 781
88036 524
88037 602
88038 4
88039 290
88040 589
88041 396
88042 314
88043 901
88044 447
88045 431
88046 668
88047 252
88048 383
88049 582
88050 326
88051 99
88052 186
88053 251
88054 583
88055 619
88056 204
88057 37
88058 232
88059 234
88060 291
88061 840
88062 401
88063 988
88064 46
88065 123
88066 37
88067 849
88068 792
88069 658
88070 737
88071 783
88072 379
88073 355
88074 74
88075 113
88076 396
88077 793
88078 462
88079 788
88080 222
88081 199
88082 45
88083 349
88084 531
88085 138
88086 921
88087 209
88088 249
88089 596
88090 322
88091 523
88092 941
88093 131
88094 854
88095 779
88096 602
88097 98
88098 624
88099 732
88100 33
88101 133
88102 113
88103 336
88104 299
88105 63
88106 582
88107 111
88108 273
88109 236
88110 655
88111 117
88112 240
88113 550
88114 837
88115 475
88116 349
88117 15
88118 242
88119 54
88120 236
88121 167
88122 624
88123 189
88124 963
88125 137
88126 996
88127 235
88128 342
88129 287
88130 110
88131 178
88132 457
88133 696
88134 315
88135 571
88136 226
88137 556
88138 693
88139 104
88140 172
88141 253
88142 643
88143 474
88144 697
88145 461
88146 166
88147 219
88148 426
88149 905
88150 471
88151 544
88152 102
88153 168
88154 760
88155 25
88156 537
88157 720
88158 682
88159 392
88160 574
88161 549
88162 147
88163 626
88164 973
88165 658
88166 107
88167 89
88168 3
88169 523
88170 732
88171 548
88172 605
88173 442
88174 616
88175 873
88176 920
88177 517
88178 511
88179 11
88180 674
88181 142
88182 121
88183 50
88184 894
88185 353
88186 120
88187 830
88188 248
88189 171
88190 774
88191 380
88192 795
88193 219
88194 812
88195 8
88196 698
88197 763
88198 136
88199 53
88200 796
88201 576
88202 478
88203 928
88204 725
88205 409
88206 983
88207 406
88208 995
88209 331
88210 956
88211 314
88212 836
88213 787
88214 167
88215 521
88216 495
88217 309
88218 664
88219 961
88220 508
88221 697
88222 326
88223 87
88224 529
88225 309
88226 565
88227 760
88228 483
88229 71
88230 710
88231 324
88232 675
88233 148
88234 466
88235 923
88236 232
88237 708
88238 43
88239 446
88240 571
88241 520
88242 781
88243 222
88244 688
88245 176
88246 308
88247 843
88248 258
88249 98
88250 44
88251 959
88252 877
88253 301
88254 944
88255 162
88256 903
88257 520
88258 980
88259 308
88260 182
88261 974
88262 444
88263 61
88264 979
88265 616
88266 246
88267 154
88268 293
88269 895
88270 987
88271 52
88272 375
88273 12
88274 930
88275 175
88276 87
88277 791
88278 889
88279 751
88280 329
88281 903
88282 287
88283 36
88284 31
88285 851
88286 63
88287 440
88288 860
88289 623
88290 258
88291 576
88292 967
88293 729
88294 799
88295 975
88296 267
88297 983
88298 267
88299 170
88300 189
88301 753
88302 369
88303 763
88304 249
88305 364
88306 380
88307 488
88308 469
88309 909
88310 948
88311 401
88312 689
88313 264
88314 265
88315 80
88316 887
88317 183
88318 779
88319 380
88320 473
88321 966
88322 251
88323 441
88324 994
88325 786
88326 600
88327 167
88328 306
88329 390
88330 310
88331 417
88332 997
88333 824
88334 260
88335 36
88336 37
88337 301
88338 711
88339 193
88340 778
88341 954
88342 277
88343 542
88344 530
88345 887
88346 225
88347 570
88348 404
88349 43
88350 65
88351 586
88352 521
88353 273
88354 623
88355 267
88356 680
88357 813
88358 189
88359 581
88360 957
88361 65
88362 275
88363 85
88364 616
88365 222
88366 611
88367 723
88368 793
88369 297
88370 820
88371 932
88372 157
88373 114
88374 589
88375 258
88376 228
88377 329
88378 488
88379 924
88380 312
88381 408
88382 728
88383 608
88384 518
88385 396
88386 92
88387 598
88388 847
88389 831
88390 694
88391 184
88392 198
88393 382
88394 241
88395 774
88396 784
88397 886
88398 3
88399 667
88400 781
88401 400
88402 64
88403 463
88404 980
88405 232
88406 549
88407 416
88408 524
88409 978
88410 199
88411 709
88412 357
88413 308
88414 250
88415 931
88416 680
88417 103
88418 441
88419 238
88420 964
88421 828
88422 569
88423 909
88424 206
88425 87
88426 56
88427 303
88428 658
88429 429
88430 37
88431 647
88432 163
88433 780
88434 875
88435 505
88436 282
88437 606
88438 876
88439 658
88440 228
88441 31
88442 535
88443 581
88444 685
88445 524
88446 747
88447 837
88448 825
88449 22
88450 306
88451 287
88452 57
88453 15
88454 674
88455 756
88456 143
88457 50
88458 285
88459 290
88460 806
88461 683
88462 149
88463 542
88464 296
88465 696
88466 523
88467 378
88468 699
88469 155
88470 633
88471 92
88472 289
88473 183
88474 150
88475 475
88476 728
88477 386
88478 915
88479 480
88480 987
88481 838
88482 443
88483 947
88484 795
88485 110
88486 388
88487 635
88488 629
88489 638
88490 416
88491 270
88492 866
88493 757
88494 487
88495 674
88496 701
88497 777
88498 524
88499 625
88500 347
88501 889
88502 715
88503 443
88504 179
88505 113
88506 647
88507 807
88508 275
88509 872
88510 960
88511 400
88512 386
88513 93
88514 9
88515 219
88516 93
88517 571
88518 890
88519 339
88520 907
88521 234
88522 658
88523 793
88524 340
88525 957
88526 670
88527 915
88528 257
88529 721
88530 328
88531 277
88532 81
88533 345
88534 344
88535 62
88536 323
88537 816
88538 498
88539 718
88540 80
88541 372
88542 604
88543 967
88544 536
88545 216
88546 866
88547 109
88548 20
88549 126
88550 999
88551 209
88552 667
88553 607
88554 908
88555 880
88556 32
88557 79
88558 886
88559 147
88560 458
88561 167
88562 119
88563 941
88564 425
88565 898
88566 676
88567 414
88568 529
88569 496
88570 38
88571 863
88572 836
88573 298
88574 769
88575 123
88576 77
88577 38
88578 504
88579 225
88580 122
88581 427
88582 516
88583 335
88584 356
88585 511
88586 831
88587 191
88588 627
88589 976
88590 553
88591 77
88592 898
88593 404
88594 602
88595 486
88596 259
88597 909
88598 592
88599 379
88600 804
88601 729
88602 813
88603 341
88604 632
88605 797
88606 673
88607 15
88608 593
88609 61
88610 549
88611 442
88612 852
88613 261
88614 679
88615 762
88616 690
88617 8
88618 854
88619 41
88620 711
88621 694
88622 266
88623 322
88624 12
88625 761
88626 953
88627 409
88628 848
88629 585
88630 483
88631 71
88632 622
88633 526
88634 688
88635 199
88636 584
88637 790
88638 192
88639 595
88640 318
88641 795
88642 871
88643 347
88644 105
88645 180
88646 404
88647 888
88648 993
88649 789
88650 291
88651 642
88652 411
88653 949
88654 339
88655 912
88656 7
88657 295
88658 846
88659 825
88660 834
88661 306
88662 748
88663 543
88664 654
88665 822
88666 650
88667 917
88668 708
88669 802
88670 588
88671 199
88672 247
88673 514
88674 168
88675 539
88676 592
88677 901
88678 514
88679 736
88680 940
88681 524
88682 215
88683 418
88684 528
88685 705
88686 469
88687 212
88688 896
88689 926
88690 303
88691 877
88692 569
88693 435
88694 270
88695 346
88696 638
88697 189
88698 21
88699 909
88700 480
88701 111
88702 419
88703 178
88704 928
88705 633
88706 608
88707 394
88708 235
88709 588
88710 515
88711 979
88712 791
88713 162
88714 830
88715 623
88716 600
88717 592
88718 627
88719 3
88720 364
88721 290
88722 204
88723 417
88724 570
88725 831
88726 891
88727 498
88728 706
88729 754
88730 812
88731 261
88732 430
88733 458
88734 269
88735 732
88736 267
88737 689
88738 59
88739 376
88740 887
88741 432
88742 47
88743 818
88744 99
88745 395
88746 412
88747 910
88748 856
88749 417
88750 111
88751 918
88752 255
88753 186
88754 79
88755 756
88756 589
88757 477
88758 396
88759 846
88760 500
88761 474
88762 893
88763 642
88764 722
88765 127
88766 391
88767 2
88768 599
88769 456
88770 356
88771 669
88772 294
88773 971
88774 813
88775 634
88776 976
88777 237
88778 15
88779 156
88780 666
88781 364
88782 83
88783 250
88784 349
88785 624
88786 845
88787 181
88788 876
88789 766
88790 136
88791 664
88792 719
88793 180
88794 860
88795 249
88796 259
88797 447
88798 655
88799 838
88800 417
88801 475
88802 254
88803 842
88804 753
88805 667
88806 629
88807 555
88808 732
88809 421
88810 874
88811 220
88812 810
88813 283
88814 718
88815 404
88816 389
88817 4
88818 84
88819 36
88820 226
88821 501
88822 690
88823 655
88824 952
88825 918
88826 151
88827 678
88828 528
88829 308
88830 14
88831 587
88832 44
88833 713
88834 796
88835 791
88836 500
88837 624
88838 724
88839 698
88840 737
88841 262
88842 273
88843 949
88844 246
88845 470
88846 392
88847 462
88848 753
88849 490
88850 338
88851 676
88852 860
88853 510
88854 354
88855 39
88856 531
88857 502
88858 512
88859 724
88860 330
88861 157
88862 473
88863 956
88864 480
88865 717
88866 585
88867 583
88868 370
88869 11
88870 30
88871 466
88872 252
88873 392
88874 565
88875 48
88876 796
88877 652
88878 18
88879 289
88880 485
88881 983
88882 639
88883 716
88884 360
88885 961
88886 495
88887 351
88888 797
88889 823
88890 17
88891 444
88892 923
88893 590
88894 989
88895 334
88896 610
88897 705
88898 857
88899 587
88900 392
88901 889
88902 966
88903 168
88904 535
88905 348
88906 769
88907 179
88908 744
88909 124
88910 778
88911 826
88912 252
88913 221
88914 898
88915 755
88916 605
88917 857
88918 796
88919 611
88920 116
88921 270
88922 789
88923 758
88924 149
88925 682
88926 409
88927 774
88928 652
88929 850
88930 20
88931 514
88932 940
88933 325
88934 501
88935 322
88936 8
88937 628
88938 853
88939 112
88940 312
88941 173
88942 510
88943 911
88944 469
88945 897
88946 824
88947 143
88948 166
88949 43
88950 125
88951 977
88952 807
88953 725
88954 529
88955 951
88956 194
88957 309
88958 61
88959 25
88960 926
88961 457
88962 361
88963 774
88964 453
88965 223
88966 361
88967 930
88968 539
88969 35
88970 648
88971 374
88972 169
88973 534
88974 178
88975 663
88976 475
88977 230
88978 430
88979 133
88980 556
88981 969
88982 745
88983 200
88984 209
88985 920
88986 575
88987 785
88988 38
88989 411
88990 238
88991 596
88992 344
88993 228
88994 916
88995 16
88996 895
88997 682
88998 419
88999 690
89000 168
89001 729
89002 566
89003 327
89004 517
89005 792
89006 140
89007 525
89008 124
89009 230
89010 229
89011 99
89012 860
89013 782
89014 116
89015 656
89016 45
89017 888
89018 647
89019 60
89020 700
89021 963
89022 443
89023 919
89024 350
89025 785
89026 988
89027 363
89028 976
89029 439
89030 847
89031 791
89032 713
89033 43
89034 449
89035 703
89036 634
89037 509
89038 945
89039 171
89040 494
89041 841
89042 111
89043 200
89044 998
89045 485
89046 865
89047 10
89048 156
89049 833
89050 289
89051 144
89052 731
89053 244
89054 163
89055 314
89056 777
89057 472
89058 961
89059 246
89060 55
89061 790
89062 784
89063 690
89064 891
89065 32
89066 282
89067 264
89068 804
89069 722
89070 435
89071 51
89072 356
89073 435
89074 488
89075 435
89076 995
89077 561
89078 664
89079 964
89080 512
89081 697
89082 504
89083 40
89084 325
89085 638
89086 389
89087 972
89088 159
89089 672
89090 1
89091 599
89092 76
89093 279
89094 25
89095 282
89096 570
89097 655
89098 687
89099 397
89100 231
89101 660
89102 137
89103 346
89104 745
89105 777
89106 111
89107 215
89108 717
89109 476
89110 912
89111 55
89112 991
89113 562
89114 237
89115 268
89116 528
89117 8
89118 765
89119 768
89120 350
89121 186
89122 193
89123 115
89124 395
89125 847
89126 161
89127 995
89128 35
89129 198
89130 509
89131 315
89132 392
89133 676
89134 609
89135 788
89136 108
89137 617
89138 418
89139 51
89140 483
89141 360
89142 717
89143 652
89144 233
89145 520
89146 203
89147 892
89148 345
89149 786
89150 460
89151 779
89152 212
89153 588
89154 667
89155 510
89156 872
89157 494
89158 663
89159 429
89160 109
89161 654
89162 839
89163 984
89164 699
89165 941
89166 332
89167 444
89168 971
89169 858
89170 312
89171 719
89172 857
89173 332
89174 190
89175 995
89176 340
89177 317
89178 538
89179 264
89180 537
89181 548
89182 326
89183 991
89184 458
89185 717
89186 70
89187 14
89188 539
89189 557
89190 538
89191 962
89192 588
89193 144
89194 622
89195 95
89196 827
89197 883
89198 259
89199 884
89200 54
89201 626
89202 133
89203 997
89204 221
89205 336
89206 0
89207 337
89208 763
89209 178
89210 165
89211 63
89212 569
89213 143
89214 593
89215 569
89216 92
89217 670
89218 49
89219 507
89220 570
89221 237
89222 351
89223 335
89224 847
89225 49
89226 54
89227 927
89228 20
89229 109
89230 423
89231 57
89232 876
89233 822
89234 123
89235 623
89236 229
89237 537
89238 211
89239 619
89240 221
89241 533
89242 457
89243 446
89244 24
89245 731
89246 250
89247 454
89248 802
89249 707
89250 668
89251 620
89252 219
89253 700
89254 12
89255 368
89256 506
89257 740
89258 187
89259 613
89260 532
89261 252
89262 417
89263 753
89264 223
89265 451
89266 309
89267 917
89268 386
89269 405
89270 915
89271 599
89272 23
89273 348
89274 48
89275 545
89276 147
89277 698
89278 534
89279 50
89280 116
89281 825
89282 635
89283 517
89284 544
89285 9
89286 105
89287 581
89288 264
89289 832
89290 320
89291 615
89292 379
89293 338
89294 706
89295 367
89296 187
89297 378
89298 443
89299 520
89300 605
89301 719
89302 714
89303 127
89304 82
89305 680
89306 49
89307 663
89308 565
89309 752
89310 986
89311 674
89312 952
89313 758
89314 123
89315 801
89316 701
89317 794
89318 429
89319 704
89320 105
89321 357
89322 745
89323 849
89324 781
89325 443
89326 274
89327 795
89328 503
89329 542
89330 841
89331 338
89332 479
89333 241
89334 411
89335 982
89336 135
89337 525
89338 358
89339 287
89340 998
89341 92
89342 737
89343 986
89344 962
89345 705
89346 994
89347 461
89348 571
89349 431
89350 915
89351 710
89352 68
89353 390
89354 422
89355 783
89356 881
89357 757
89358 227
89359 835
89360 515
89361 761
89362 396
89363 939
89364 805
89365 756
89366 318
89367 987
89368 763
89369 173
89370 703
89371 135
89372 614
89373 25
89374 247
89375 946
89376 311
89377 877
89378 909
89379 560
89380 423
89381 476
89382 702
89383 504
89384 639
89385 786
89386 861
89387 958
89388 887
89389 110
89390 185
89391 80
89392 95
89393 698
89394 504
89395 263
89396 424
89397 419
89398 553
89399 543
89400 523
89401 670
89402 78
89403 590
89404 658
89405 503
89406 829
89407 368
89408 444
89409 118
89410 224
89411 524
89412 244
89413 492
89414 724
89415 317
89416 368
89417 794
89418 99
89419 432
89420 827
89421 960
89422 20
89423 56
89424 472
89425 378
89426 280
89427 388
89428 778
89429 850
89430 189
89431 719
89432 310
89433 724
89434 329
89435 980
89436 766
89437 139
89438 793
89439 660
89440 203
89441 638
89442 566
89443 708
89444 60
89445 670
89446 852
89447 382
89448 365
89449 793
89450 730
89451 932
89452 222
89453 131
89454 990
89455 389
89456 58
89457 777
89458 942
89459 4
89460 848
89461 823
89462 555
89463 26
89464 707
89465 239
89466 860
89467 142
89468 116
89469 124
89470 667
89471 12
89472 598
89473 656
89474 568
89475 329
89476 453
89477 440
89478 614
89479 646
89480 812
89481 693
89482 127
89483 187
89484 15
89485 8
89486 363
89487 57
89488 197
89489 690
89490 845
89491 848
89492 639
89493 235
89494 746
89495 207
89496 758
89497 827
89498 210
89499 542
89500 626
89501 198
89502 386
89503 218
89504 143
89505 909
89506 901
89507 746
89508 299
89509 860
89510 720
89511 737
89512 713
89513 662
89514 962
89515 430
89516 503
89517 355
89518 394
89519 975
89520 446
89521 234
89522 639
89523 745
89524 512
89525 766
89526 107
89527 347
89528 325
89529 720
89530 385
89531 857
89532 384
89533 478
89534 66
89535 340
89536 837
89537 3
89538 483
89539 48
89540 276
89541 254
89542 693
89543 971
89544 987
89545 850
89546 185
89547 993
89548 445
89549 20
89550 366
89551 245
89552 554
89553 198
89554 261
89555 182
89556 367
89557 866
89558 335
89559 52
89560 725
89561 655
89562 89
89563 956
89564 25
89565 959
89566 415
89567 447
89568 380
89569 515
89570 454
89571 943
89572 756
89573 910
89574 335
89575 429
89576 642
89577 489
89578 800
89579 253
89580 645
89581 872
89582 113
89583 120
89584 617
89585 473
89586 605
89587 62
89588 493
89589 772
89590 834
89591 864
89592 755
89593 790
89594 770
89595 469
89596 37
89597 418
89598 189
89599 247
89600 59
89601 281
89602 286
89603 55
89604 34
89605 403
89606 58
89607 33
89608 72
89609 323
89610 19
89611 325
89612 731
89613 509
89614 946
89615 167
89616 615
89617 168
89618 400
89619 779
89620 958
89621 307
89622 760
89623 192
89624 133
89625 527
89626 908
89627 408
89628 757
89629 27
89630 735
89631 860
89632 363
89633 445
89634 803
89635 804
89636 912
89637 324
89638 773
89639 709
89640 178
89641 394
89642 54
89643 868
89644 712
89645 570
89646 26
89647 287
89648 881
89649 377
89650 349
89651 56
89652 248
89653 14
89654 770
89655 192
89656 7
89657 347
89658 591
89659 505
89660 907
89661 227
89662 484
89663 5
89664 806
89665 441
89666 32
89667 389
89668 442
89669 835
89670 419
89671 64
89672 14
89673 131
89674 655
89675 50
89676 356
89677 295
89678 33
89679 242
89680 622
89681 907
89682 489
89683 880
89684 347
89685 648
89686 826
89687 945
89688 136
89689 783
89690 271
89691 831
89692 87
89693 434
89694 802
89695 846
89696 512
89697 272
89698 434
89699 815
89700 800
89701 597
89702 676
89703 719
89704 641
89705 739
89706 242
89707 239
89708 133
89709 257
89710 392
89711 47
89712 549
89713 460
89714 650
89715 635
89716 257
89717 389
89718 835
89719 886
89720 448
89721 860
89722 734
89723 668
89724 734
89725 884
89726 233
89727 990
89728 917
89729 149
89730 364
89731 330
89732 374
89733 828
89734 465
89735 769
89736 40
89737 754
89738 409
89739 765
89740 320
89741 473
89742 613
89743 248
89744 388
89745 642
89746 352
89747 809
89748 347
89749 91
89750 86
89751 358
89752 878
89753 9
89754 256
89755 11
89756 950
89757 729
89758 205
89759 732
89760 377
89761 345
89762 809
89763 592
89764 220
89765 621
89766 837
89767 15
89768 276
89769 458
89770 925
89771 754
89772 354
89773 970
89774 996
89775 176
89776 127
89777 955
89778 131
89779 961
89780 655
89781 480
89782 905
89783 817
89784 687
89785 758
89786 726
89787 176
89788 980
89789 915
89790 698
89791 371
89792 864
89793 157
89794 589
89795 90
89796 806
89797 114
89798 578
89799 11
89800 920
89801 218
89802 219
89803 630
89804 415
89805 294
89806 589
89807 954
89808 815
89809 316
89810 671
89811 97
89812 675
89813 715
89814 684
89815 461
89816 242
89817 421
89818 886
89819 839
89820 12
89821 816
89822 947
89823 637
89824 943
89825 777
89826 385
89827 391
89828 447
89829 676
89830 481
89831 334
89832 698
89833 554
89834 780
89835 970
89836 225
89837 870
89838 666
89839 235
89840 304
89841 409
89842 152
89843 957
89844 889
89845 599
89846 557
89847 907
89848 131
89849 955
89850 521
89851 67
89852 105
89853 885
89854 535
89855 314
89856 945
89857 699
89858 295
89859 158
89860 597
89861 771
89862 232
89863 429
89864 39
89865 230
89866 459
89867 811
89868 276
89869 420
89870 830
89871 106
89872 693
89873 312
89874 717
89875 704
89876 917
89877 636
89878 988
89879 103
89880 824
89881 125
89882 529
89883 264
89884 504
89885 229
89886 85
89887 436
89888 42
89889 238
89890 578
89891 336
89892 571
89893 312
89894 313
89895 637
89896 589
89897 821
89898 242
89899 94
89900 874
89901 672
89902 244
89903 820
89904 709
89905 954
89906 531
89907 823
89908 948
89909 19
89910 926
89911 342
89912 388
89913 763
89914 811
89915 7
89916 941
89917 310
89918 293
89919 642
89920 961
89921 100
89922 883
89923 863
89924 824
89925 77
89926 93
89927 834
89928 524
89929 595
89930 517
89931 693
89932 447
89933 599
89934 437
89935 717
89936 281
89937 899
89938 990
89939 359
89940 267
89941 456
89942 118
89943 907
89944 471
89945 846
89946 523
89947 479
89948 585
89949 973
89950 655
89951 496
89952 234
89953 915
89954 816
89955 396
89956 27
89957 49
89958 31
89959 822
89960 113
89961 411
89962 552
89963 333
89964 647
89965 577
89966 505
89967 224
89968 483
89969 519
89970 951
89971 707
89972 418
89973 519
89974 14
89975 567
89976 739
89977 240
89978 504
89979 27
89980 520
89981 439
89982 942
89983 767
89984 46
89985 938
89986 289
89987 87
89988 585
89989 633
89990 653
89991 886
89992 533
89993 440
89994 282
89995 969
89996 136
89997 527
89998 221
89999 169
