0 2281
1 1570
2 1379
3 1645
4 1185
5 1304
6 1776
7 1414
8 234
9 2170
10 1033
11 638
12 1883
13 2196
14 1069
15 2113
16 537
17 617
18 1242
19 1819
20 2085
21 719
22 1008
23 837
24 2044
25 978
26 419
27 267
28 969
29 167
30 1702
31 903
32 2044
33 849
34 564
35 2000
36 1653
37 1032
38 241
39 1085
40 1630
41 960
42 1200
43 800
44 1738
45 1132
46 1897
47 1933
48 2074
49 1925
50 741
51 1364
52 1830
53 2185
54 1527
55 1860
56 1372
57 138
58 1306
59 1063
60 2044
61 2102
62 2138
63 787
64 1066
65 244
66 901
67 1234
68 821
69 2218
70 932
71 564
72 1150
73 243
74 2259
75 519
76 1937
77 1893
78 1898
79 2146
80 2229
81 1306
82 1898
83 131
84 1204
85 1269
86 621
87 254
88 690
89 1349
90 693
91 350
92 775
93 1502
94 1064
95 85
96 424
97 350
98 1440
99 1719
100 1666
101 2057
102 1920
103 1516
104 1534
105 1041
106 422
107 2106
108 526
109 254
110 313
111 184
112 1152
113 2045
114 1453
115 1655
116 839
117 1921
118 1497
119 2298
120 1365
121 1776
122 299
123 1995
124 1702
125 1931
126 1855
127 1932
128 229
129 1503
130 617
131 368
132 769
133 821
134 830
135 794
136 166
137 304
138 1305
139 2225
140 794
141 273
142 190
143 841
144 131
145 485
146 2024
147 2305
148 1052
149 1512
150 1277
151 686
152 673
153 537
154 1152
155 1279
156 2193
157 227
158 1774
159 1503
160 1107
161 1203
162 675
163 1940
164 2236
165 295
166 1283
167 1822
168 1966
169 167
170 93
171 1599
172 1800
173 1637
174 813
175 116
176 792
177 1897
178 1590
179 1188
180 631
181 1194
182 882
183 1977
184 632
185 2259
186 856
187 1597
188 800
189 653
190 788
191 11
192 1923
193 934
194 1568
195 532
196 564
197 304
198 378
199 1663
200 796
201 224
202 401
203 478
204 1602
205 1741
206 1830
207 1943
208 2066
209 867
210 517
211 484
212 525
213 10
214 1365
215 1666
216 631
217 1831
218 515
219 2236
220 2164
221 2259
222 739
223 1516
224 86
225 2109
226 338
227 867
228 77
229 1969
230 116
231 300
232 1803
233 1952
234 885
235 640
236 1142
237 564
238 194
239 991
240 727
241 498
242 1240
243 2124
244 2222
245 708
246 3
247 1742
248 1989
249 1246
250 171
251 1306
252 1152
253 1832
254 228
255 2165
256 2165
257 1712
258 941
259 1898
260 56
261 2172
262 1278
263 2234
264 1694
265 1923
266 599
267 700
268 1690
269 2134
270 2102
271 432
272 276
273 1598
274 167
275 2088
276 1350
277 488
278 1087
279 56
280 720
281 221
282 692
283 922
284 446
285 1787
286 1649
287 646
288 250
289 821
290 2259
291 1596
292 379
293 2073
294 1260
295 406
296 775
297 350
298 1306
299 47
300 1397
301 19
302 177
303 1279
304 1658
305 93
306 2185
307 616
308 502
309 85
310 1846
311 1661
312 877
313 1048
314 1878
315 1246
316 2059
317 350
318 927
319 885
320 1013
321 668
322 350
323 1920
324 1246
325 747
326 1429
327 397
328 686
329 92
330 1707
331 1424
332 608
333 341
334 1004
335 919
336 862
337 1263
338 398
339 1296
340 1783
341 1433
342 1936
343 299
344 1109
345 755
346 213
347 1472
348 775
349 750
350 29
351 550
352 10
353 1528
354 691
355 1624
356 1372
357 1069
358 2306
359 1199
360 2247
361 2045
362 2151
363 1095
364 726
365 2181
366 1997
367 1453
368 1460
369 1293
370 2104
371 313
372 1945
373 1512
374 792
375 1805
376 1140
377 726
378 313
379 2001
380 1200
381 224
382 2089
383 374
384 2017
385 2235
386 452
387 350
388 825
389 2045
390 428
391 1897
392 57
393 131
394 2021
395 2196
396 1701
397 1742
398 478
399 1690
400 397
401 1503
402 1898
403 2253
404 1636
405 1241
406 862
407 241
408 1775
409 1646
410 1773
411 203
412 1631
413 2026
414 1787
415 1499
416 1142
417 1295
418 1884
419 410
420 125
421 2259
422 2158
423 1724
424 1032
425 488
426 1952
427 938
428 1306
429 943
430 927
431 852
432 259
433 1885
434 668
435 832
436 755
437 801
438 313
439 130
440 244
441 371
442 1717
443 1453
444 965
445 1642
446 1631
447 1534
448 99
449 606
450 2259
451 405
452 1649
453 759
454 748
455 1478
456 561
457 1402
458 2139
459 1551
460 1418
461 1699
462 2004
463 1243
464 741
465 47
466 2249
467 2287
468 911
469 1222
470 647
471 2014
472 2255
473 800
474 980
475 95
476 1851
477 768
478 1035
479 1280
480 2259
481 1576
482 502
483 1331
484 1283
485 2045
486 1371
487 1948
488 1672
489 1201
490 2103
491 245
492 313
493 506
494 1071
495 1082
496 180
497 2114
498 456
499 1361
500 1672
501 1805
502 1773
503 2097
504 1913
505 1425
506 2017
507 658
508 1186
509 986
510 129
511 532
512 1605
513 544
514 2124
515 1472
516 2172
517 1810
518 1453
519 224
520 559
521 1516
522 1782
523 1700
524 1666
525 1714
526 99
527 74
528 470
529 94
530 1453
531 1832
532 1911
533 830
534 442
535 564
536 1810
537 1971
538 1043
539 1017
540 655
541 2106
542 2106
543 121
544 1041
545 695
546 1765
547 1778
548 2214
549 815
550 1831
551 2147
552 131
553 432
554 861
555 559
556 1136
557 1707
558 744
559 1695
560 2136
561 1597
562 1966
563 2118
564 2259
565 1026
566 333
567 830
568 2032
569 379
570 194
571 943
572 229
573 2222
574 904
575 1447
576 2142
577 613
578 814
579 902
580 1563
581 1144
582 1004
583 1283
584 2301
585 888
586 2078
587 1516
588 1605
589 456
590 452
591 2259
592 1589
593 2238
594 1940
595 2095
596 1664
597 1898
598 1569
599 1529
600 678
601 609
602 1323
603 388
604 15
605 1434
606 1563
607 1628
608 1048
609 1057
610 2234
611 2209
612 1489
613 968
614 885
615 960
616 1040
617 1246
618 299
619 957
620 1508
621 33
622 841
623 187
624 1060
625 754
626 626
627 1831
628 1525
629 702
630 304
631 963
632 1932
633 788
634 375
635 1215
636 1765
637 1865
638 1666
639 777
640 350
641 2113
642 1892
643 2181
644 2244
645 963
646 121
647 2124
648 400
649 2057
650 2169
651 1215
652 1287
653 38
654 1846
655 943
656 1236
657 1306
658 885
659 1832
660 1418
661 2096
662 870
663 2033
664 498
665 1787
666 959
667 860
668 1565
669 1107
670 2259
671 1666
672 1485
673 341
674 1742
675 994
676 2078
677 1898
678 2215
679 1409
680 1640
681 2175
682 1896
683 273
684 1918
685 463
686 1996
687 341
688 1831
689 2257
690 1152
691 390
692 1742
693 541
694 125
695 2259
696 796
697 962
698 559
699 276
700 341
701 1050
702 1061
703 713
704 406
705 2000
706 1654
707 1063
708 711
709 29
710 549
711 2127
712 1291
713 38
714 1295
715 775
716 2175
717 1858
718 2299
719 2257
720 192
721 743
722 531
723 1659
724 1594
725 191
726 1482
727 1117
728 1534
729 744
730 915
731 2103
732 1336
733 1306
734 1742
735 2135
736 22
737 2185
738 1729
739 846
740 334
741 649
742 1453
743 855
744 1152
745 1971
746 1534
747 1453
748 2094
749 1326
750 934
751 1366
752 276
753 374
754 390
755 1381
756 2090
757 649
758 2057
759 1152
760 1916
761 768
762 1214
763 1304
764 21
765 1246
766 1782
767 1423
768 2146
769 791
770 943
771 455
772 483
773 1672
774 692
775 521
776 635
777 147
778 1787
779 1199
780 906
781 350
782 2095
783 395
784 332
785 1735
786 1242
787 939
788 350
789 1279
790 304
791 2251
792 379
793 350
794 57
795 1577
796 1014
797 2206
798 2165
799 2231
800 2057
801 11
802 1253
803 1397
804 276
805 2151
806 1630
807 241
808 564
809 1267
810 1962
811 1742
812 930
813 1337
814 1785
815 1306
816 959
817 2125
818 1884
819 1617
820 2144
821 1898
822 1203
823 1709
824 619
825 558
826 88
827 1632
828 1152
829 43
830 8
831 628
832 1768
833 1821
834 1207
835 86
836 1921
837 304
838 903
839 250
840 1076
841 1787
842 553
843 2061
844 1527
845 588
846 506
847 887
848 116
849 2030
850 92
851 747
852 1363
853 1516
854 540
855 1218
856 892
857 1641
858 701
859 1432
860 1805
861 1261
862 1898
863 1987
864 999
865 717
866 1893
867 996
868 1091
869 245
870 1867
871 1712
872 245
873 1003
874 2063
875 2072
876 136
877 944
878 896
879 254
880 313
881 673
882 2045
883 1200
884 447
885 736
886 1952
887 1932
888 999
889 1306
890 11
891 1552
892 409
893 1120
894 2259
895 1508
896 313
897 398
898 313
899 855
900 735
901 502
902 1072
903 99
904 1213
905 1272
906 873
907 2153
908 1925
909 337
910 241
911 1029
912 525
913 2259
914 1502
915 816
916 1549
917 2137
918 204
919 1734
920 498
921 1402
922 1346
923 941
924 677
925 93
926 1152
927 1240
928 2315
929 1331
930 1246
931 1453
932 500
933 860
934 2278
935 1824
936 236
937 1447
938 1579
939 906
940 2260
941 1880
942 662
943 1605
944 765
945 313
946 1692
947 830
948 769
949 2120
950 43
951 1301
952 1658
953 944
954 1390
955 998
956 520
957 432
958 2041
959 178
960 852
961 766
962 375
963 2194
964 2229
965 1473
966 2010
967 272
968 564
969 234
970 720
971 739
972 373
973 746
974 750
975 2066
976 1787
977 658
978 2031
979 729
980 2185
981 594
982 1954
983 2206
984 775
985 941
986 420
987 1060
988 2250
989 158
990 708
991 1936
992 1152
993 447
994 432
995 222
996 1152
997 2144
998 203
999 1117
1000 2239
1001 1920
1002 1914
1003 619
1004 506
1005 2260
1006 1734
1007 2175
1008 120
1009 894
1010 1503
1011 782
1012 217
1013 865
1014 1774
1015 1558
1016 2247
1017 115
1018 877
1019 42
1020 1642
1021 2219
1022 1447
1023 1283
1024 2205
1025 519
1026 2076
1027 302
1028 893
1029 564
1030 2260
1031 1343
1032 1955
1033 1349
1034 1359
1035 2194
1036 2280
1037 1633
1038 1560
1039 999
1040 1861
1041 594
1042 2260
1043 640
1044 113
1045 375
1046 1562
1047 2181
1048 765
1049 2132
1050 1349
1051 1778
1052 654
1053 252
1054 1877
1055 1376
1056 748
1057 894
1058 1714
1059 47
1060 944
1061 1994
1062 813
1063 1057
1064 1763
1065 713
1066 276
1067 812
1068 1142
1069 452
1070 478
1071 1764
1072 565
1073 618
1074 1038
1075 1453
1076 1527
1077 2116
1078 612
1079 1812
1080 1503
1081 1112
1082 194
1083 565
1084 1284
1085 1142
1086 788
1087 506
1088 506
1089 606
1090 497
1091 1488
1092 796
1093 443
1094 1560
1095 47
1096 491
1097 1434
1098 258
1099 1404
1100 565
1101 656
1102 1787
1103 1306
1104 2260
1105 604
1106 1178
1107 788
1108 1898
1109 627
1110 213
1111 590
1112 1440
1113 784
1114 1716
1115 1180
1116 1565
1117 1430
1118 112
1119 394
1120 757
1121 1701
1122 137
1123 1649
1124 2045
1125 1666
1126 1305
1127 788
1128 1052
1129 847
1130 152
1131 2062
1132 477
1133 2319
1134 611
1135 208
1136 1142
1137 1765
1138 1503
1139 867
1140 515
1141 1859
1142 276
1143 1563
1144 1306
1145 1633
1146 517
1147 2022
1148 684
1149 1672
1150 1026
1151 2077
1152 788
1153 1737
1154 565
1155 236
1156 2078
1157 2245
1158 1299
1159 1138
1160 313
1161 186
1162 1602
1163 2157
1164 93
1165 2260
1166 1372
1167 1849
1168 1967
1169 1152
1170 1987
1171 871
1172 957
1173 1213
1174 1707
1175 475
1176 1859
1177 1876
1178 678
1179 1641
1180 2241
1181 399
1182 1152
1183 1431
1184 410
1185 1306
1186 751
1187 821
1188 836
1189 426
1190 1111
1191 466
1192 2032
1193 1529
1194 75
1195 1732
1196 1805
1197 1742
1198 2227
1199 1066
1200 258
1201 590
1202 1212
1203 1144
1204 1379
1205 455
1206 122
1207 1593
1208 1742
1209 38
1210 1265
1211 1534
1212 98
1213 226
1214 169
1215 1503
1216 2248
1217 421
1218 1778
1219 217
1220 335
1221 1534
1222 153
1223 212
1224 1831
1225 1089
1226 1516
1227 2205
1228 727
1229 1023
1230 1152
1231 519
1232 374
1233 944
1234 964
1235 85
1236 793
1237 453
1238 2152
1239 1067
1240 638
1241 168
1242 746
1243 738
1244 1356
1245 1103
1246 276
1247 463
1248 551
1249 609
1250 215
1251 1480
1252 1864
1253 2146
1254 1710
1255 2182
1256 466
1257 1623
1258 1534
1259 1971
1260 2143
1261 1016
1262 1071
1263 1976
1264 276
1265 625
1266 1742
1267 1692
1268 407
1269 783
1270 502
1271 40
1272 1640
1273 2231
1274 1328
1275 1638
1276 1773
1277 1090
1278 982
1279 2157
1280 337
1281 1594
1282 1742
1283 593
1284 2103
1285 2149
1286 1075
1287 1821
1288 591
1289 1091
1290 1479
1291 498
1292 543
1293 1453
1294 1331
1295 1042
1296 1032
1297 644
1298 2174
1299 1543
1300 720
1301 1516
1302 939
1303 1479
1304 775
1305 1295
1306 234
1307 693
1308 1763
1309 59
1310 1527
1311 1589
1312 1220
1313 1020
1314 1218
1315 1778
1316 1152
1317 113
1318 699
1319 1031
1320 1047
1321 2118
1322 332
1323 996
1324 1306
1325 116
1326 10
1327 1743
1328 1594
1329 944
1330 1411
1331 2162
1332 1511
1333 187
1334 785
1335 1913
1336 6
1337 720
1338 99
1339 865
1340 153
1341 1032
1342 1672
1343 2238
1344 1399
1345 701
1346 996
1347 457
1348 149
1349 1516
1350 695
1351 2021
1352 644
1353 1283
1354 561
1355 2045
1356 2218
1357 637
1358 59
1359 1658
1360 350
1361 1563
1362 276
1363 1555
1364 633
1365 1485
1366 432
1367 565
1368 1971
1369 627
1370 1425
1371 2113
1372 777
1373 766
1374 1078
1375 244
1376 980
1377 1352
1378 1962
1379 1151
1380 2070
1381 2296
1382 1341
1383 1961
1384 229
1385 313
1386 506
1387 1990
1388 388
1389 471
1390 470
1391 1885
1392 1658
1393 1898
1394 1898
1395 273
1396 234
1397 1406
1398 720
1399 2248
1400 136
1401 647
1402 2165
1403 91
1404 1449
1405 1861
1406 645
1407 719
1408 1246
1409 1842
1410 1306
1411 678
1412 491
1413 1784
1414 116
1415 341
1416 1605
1417 2260
1418 2122
1419 2034
1420 313
1421 466
1422 2026
1423 1126
1424 1663
1425 2257
1426 1989
1427 1987
1428 1482
1429 1426
1430 1861
1431 486
1432 1370
1433 1152
1434 667
1435 1200
1436 609
1437 131
1438 1084
1439 137
1440 994
1441 341
1442 720
1443 1183
1444 1010
1445 339
1446 350
1447 1562
1448 1491
1449 252
1450 149
1451 2085
1452 1054
1453 1306
1454 2279
1455 708
1456 2301
1457 1306
1458 2260
1459 1118
1460 180
1461 376
1462 1271
1463 1897
1464 214
1465 234
1466 752
1467 133
1468 1052
1469 2165
1470 1416
1471 1942
1472 621
1473 876
1474 121
1475 2260
1476 483
1477 1447
1478 2009
1479 379
1480 57
1481 24
1482 1142
1483 1658
1484 1188
1485 1013
1486 1453
1487 113
1488 1328
1489 34
1490 1548
1491 592
1492 0
1493 388
1494 1490
1495 1690
1496 2260
1497 2260
1498 1144
1499 2229
1500 341
1501 432
1502 341
1503 1118
1504 639
1505 2080
1506 531
1507 45
1508 1035
1509 2165
1510 990
1511 1040
1512 1234
1513 44
1514 254
1515 1647
1516 944
1517 1602
1518 1783
1519 1919
1520 1390
1521 1306
1522 1473
1523 1453
1524 1493
1525 74
1526 1365
1527 700
1528 1181
1529 254
1530 448
1531 858
1532 2260
1533 1236
1534 506
1535 1084
1536 125
1537 341
1538 649
1539 192
1540 1931
1541 1152
1542 840
1543 544
1544 20
1545 1278
1546 720
1547 177
1548 167
1549 537
1550 1262
1551 304
1552 1832
1553 906
1554 2121
1555 980
1556 517
1557 2085
1558 865
1559 788
1560 2137
1561 526
1562 1624
1563 1743
1564 217
1565 1631
1566 2091
1567 1430
1568 1411
1569 1743
1570 839
1571 1601
1572 1399
1573 2108
1574 1297
1575 2075
1576 175
1577 669
1578 1241
1579 350
1580 276
1581 963
1582 2165
1583 226
1584 304
1585 2192
1586 1061
1587 1070
1588 194
1589 1120
1590 1188
1591 2008
1592 1911
1593 1469
1594 992
1595 813
1596 617
1597 1741
1598 2021
1599 42
1600 866
1601 1727
1602 331
1603 2235
1604 2209
1605 1258
1606 1273
1607 1534
1608 1658
1609 2235
1610 1142
1611 166
1612 1527
1613 260
1614 489
1615 1231
1616 236
1617 490
1618 1570
1619 1717
1620 1445
1621 678
1622 82
1623 1534
1624 610
1625 963
1626 469
1627 1703
1628 751
1629 232
1630 1743
1631 334
1632 175
1633 506
1634 1606
1635 1152
1636 555
1637 189
1638 85
1639 1287
1640 2181
1641 1306
1642 506
1643 764
1644 735
1645 134
1646 484
1647 2260
1648 1089
1649 21
1650 294
1651 2045
1652 1516
1653 2069
1654 867
1655 1979
1656 1726
1657 266
1658 149
1659 91
1660 1288
1661 155
1662 1096
1663 448
1664 2196
1665 1012
1666 421
1667 2071
1668 305
1669 1390
1670 1978
1671 1672
1672 1119
1673 305
1674 1672
1675 662
1676 2163
1677 1633
1678 1404
1679 1483
1680 396
1681 761
1682 2247
1683 1453
1684 2127
1685 600
1686 1306
1687 1430
1688 1088
1689 565
1690 2249
1691 2014
1692 19
1693 1534
1694 40
1695 788
1696 1898
1697 1115
1698 1977
1699 2087
1700 1442
1701 1246
1702 47
1703 1436
1704 424
1705 982
1706 746
1707 977
1708 1606
1709 149
1710 941
1711 1095
1712 24
1713 432
1714 59
1715 985
1716 2127
1717 1867
1718 1029
1719 1812
1720 350
1721 726
1722 819
1723 1304
1724 1449
1725 1304
1726 1397
1727 180
1728 1985
1729 676
1730 523
1731 445
1732 2245
1733 2106
1734 1103
1735 2122
1736 470
1737 194
1738 1546
1739 236
1740 2321
1741 1803
1742 1699
1743 2026
1744 1117
1745 787
1746 1060
1747 15
1748 1898
1749 506
1750 2017
1751 655
1752 194
1753 1340
1754 1078
1755 1055
1756 720
1757 2247
1758 769
1759 1845
1760 1849
1761 10
1762 2022
1763 1694
1764 1447
1765 194
1766 1971
1767 1438
1768 1998
1769 906
1770 1306
1771 958
1772 350
1773 792
1774 490
1775 1550
1776 276
1777 1214
1778 788
1779 1691
1780 1821
1781 1801
1782 784
1783 1188
1784 1543
1785 2260
1786 1899
1787 789
1788 777
1789 13
1790 1086
1791 12
1792 1859
1793 1962
1794 964
1795 1980
1796 1249
1797 902
1798 824
1799 524
1800 610
1801 1743
1802 1357
1803 2087
1804 726
1805 1016
1806 932
1807 305
1808 2080
1809 379
1810 1440
1811 1512
1812 137
1813 857
1814 686
1815 1112
1816 88
1817 750
1818 302
1819 1152
1820 713
1821 12
1822 1152
1823 87
1824 1210
1825 1234
1826 2003
1827 1914
1828 541
1829 276
1830 739
1831 1525
1832 1642
1833 11
1834 244
1835 1449
1836 2174
1837 1546
1838 1409
1839 1409
1840 1699
1841 684
1842 86
1843 1570
1844 334
1845 154
1846 1357
1847 1346
1848 1079
1849 1534
1850 1328
1851 432
1852 491
1853 2204
1854 247
1855 242
1856 2284
1857 872
1858 1122
1859 1243
1860 1323
1861 47
1862 99
1863 246
1864 1372
1865 95
1866 1453
1867 1152
1868 475
1869 856
1870 2021
1871 559
1872 658
1873 1096
1874 2073
1875 1096
1876 1606
1877 605
1878 1828
1879 1278
1880 1647
1881 189
1882 1135
1883 1453
1884 1969
1885 2223
1886 2139
1887 1910
1888 1507
1889 878
1890 1714
1891 590
1892 423
1893 59
1894 1899
1895 1090
1896 596
1897 1057
1898 539
1899 926
1900 1330
1901 1622
1902 796
1903 1357
1904 2120
1905 2062
1906 1842
1907 2024
1908 153
1909 1349
1910 1962
1911 2101
1912 401
1913 1215
1914 2017
1915 506
1916 137
1917 305
1918 777
1919 470
1920 276
1921 491
1922 1110
1923 1089
1924 619
1925 2092
1926 121
1927 169
1928 1019
1929 1580
1930 1052
1931 1365
1932 313
1933 640
1934 2260
1935 1453
1936 718
1937 2017
1938 883
1939 1124
1940 1938
1941 1453
1942 789
1943 1729
1944 497
1945 1127
1946 1267
1947 982
1948 208
1949 1832
1950 547
1951 1702
1952 893
1953 2234
1954 91
1955 842
1956 1152
1957 302
1958 276
1959 1443
1960 266
1961 11
1962 2113
1963 59
1964 1787
1965 456
1966 1990
1967 1813
1968 1899
1969 977
1970 912
1971 2225
1972 2110
1973 1803
1974 2230
1975 470
1976 313
1977 565
1978 350
1979 1292
1980 1445
1981 1709
1982 841
1983 134
1984 2234
1985 644
1986 2226
1987 883
1988 447
1989 757
1990 2187
1991 1035
1992 1372
1993 2260
1994 1992
1995 720
1996 1356
1997 2097
1998 944
1999 1
2000 1846
2001 1283
2002 668
2003 1390
2004 2060
2005 455
2006 350
2007 432
2008 2026
2009 1025
2010 1050
2011 1969
2012 818
2013 1383
2014 1616
2015 1246
2016 224
2017 765
2018 1699
2019 1641
2020 276
2021 208
2022 39
2023 194
2024 1418
2025 743
2026 254
2027 272
2028 1988
2029 1559
2030 1618
2031 2109
2032 1598
2033 401
2034 625
2035 1094
2036 177
2037 1787
2038 313
2039 1704
2040 2296
2041 1096
2042 1626
2043 695
2044 1378
2045 1553
2046 617
2047 1962
2048 1234
2049 889
2050 2026
2051 719
2052 1209
2053 873
2054 2045
2055 1013
2056 2081
2057 75
2058 985
2059 2256
2060 1690
2061 922
2062 1215
2063 168
2064 1306
2065 565
2066 1306
2067 1637
2068 432
2069 1991
2070 1096
2071 594
2072 1803
2073 1213
2074 397
2075 1288
2076 956
2077 379
2078 1621
2079 1005
2080 1153
2081 1425
2082 1857
2083 718
2084 626
2085 379
2086 1047
2087 1638
2088 475
2089 1978
2090 1073
2091 1620
2092 1649
2093 1279
2094 1190
2095 2117
2096 258
2097 2120
2098 1516
2099 1147
2100 1899
2101 1089
2102 168
2103 2124
2104 432
2105 729
2106 889
2107 2017
2108 294
2109 1048
2110 1559
2111 264
2112 1691
2113 2187
2114 480
2115 1388
2116 722
2117 1135
2118 2235
2119 791
2120 1293
2121 1672
2122 1288
2123 777
2124 249
2125 851
2126 469
2127 554
2128 2245
2129 921
2130 794
2131 276
2132 744
2133 276
2134 1275
2135 1005
2136 2042
2137 432
2138 388
2139 268
2140 1770
2141 1087
2142 1633
2143 208
2144 350
2145 463
2146 2285
2147 376
2148 1473
2149 1429
2150 822
2151 944
2152 1971
2153 906
2154 653
2155 1284
2156 852
2157 722
2158 2078
2159 273
2160 1720
2161 1813
2162 97
2163 1647
2164 313
2165 2230
2166 313
2167 1693
2168 20
2169 608
2170 1115
2171 2260
2172 700
2173 994
2174 1153
2175 1048
2176 1121
2177 925
2178 2068
2179 1787
2180 2261
2181 410
2182 1123
2183 1649
2184 1800
2185 2261
2186 195
2187 1633
2188 252
2189 647
2190 1481
2191 926
2192 1339
2193 1304
2194 137
2195 1722
2196 497
2197 1666
2198 1636
2199 2220
2200 1819
2201 565
2202 432
2203 313
2204 1024
2205 944
2206 1735
2207 1813
2208 254
2209 695
2210 998
2211 236
2212 1035
2213 19
2214 99
2215 2261
2216 1727
2217 1642
2218 1472
2219 1831
2220 1360
2221 2285
2222 1052
2223 1252
2224 616
2225 654
2226 99
2227 470
2228 115
2229 1655
2230 552
2231 1380
2232 541
2233 594
2234 39
2235 1516
2236 212
2237 115
2238 175
2239 594
2240 695
2241 2261
2242 2261
2243 1442
2244 911
2245 1436
2246 1740
2247 1142
2248 1081
2249 893
2250 1886
2251 1345
2252 1417
2253 1840
2254 350
2255 749
2256 1011
2257 1948
2258 2261
2259 2261
2260 134
2261 782
2262 1993
2263 129
2264 547
2265 751
2266 1725
2267 1588
2268 532
2269 2242
2270 889
2271 677
2272 1994
2273 393
2274 1883
2275 1330
2276 2114
2277 1861
2278 1841
2279 649
2280 1031
2281 491
2282 19
2283 120
2284 1004
2285 645
2286 967
2287 334
2288 245
2289 1743
2290 1250
2291 1016
2292 1531
2293 463
2294 1110
2295 1672
2296 2241
2297 399
2298 867
2299 1925
2300 1306
2301 1292
2302 2150
2303 1279
2304 1911
2305 789
2306 1710
2307 1534
2308 2261
2309 100
2310 667
2311 2261
2312 2057
2313 2079
2314 78
2315 195
2316 1277
2317 929
2318 350
2319 875
2320 1470
2321 1765
2322 1506
2323 1400
2324 1306
2325 246
2326 1778
2327 1149
2328 1144
2329 208
2330 924
2331 1422
2332 350
2333 2148
2334 1345
2335 1948
2336 1127
2337 1481
2338 1021
2339 722
2340 40
2341 40
2342 2182
2343 313
2344 838
2345 123
2346 2231
2347 1649
2348 718
2349 2162
2350 885
2351 1479
2352 1787
2353 2196
2354 765
2355 252
2356 153
2357 1998
2358 2261
2359 425
2360 2261
2361 1110
2362 635
2363 276
2364 195
2365 1254
2366 1262
2367 516
2368 1805
2369 2144
2370 529
2371 1548
2372 1525
2373 59
2374 530
2375 1203
2376 2261
2377 2261
2378 2080
2379 1371
2380 871
2381 455
2382 2218
2383 2319
2384 1499
2385 37
2386 1351
2387 1153
2388 1185
2389 376
2390 791
2391 692
2392 1743
2393 722
2394 244
2395 1275
2396 1051
2397 1110
2398 1153
2399 609
2400 122
2401 1388
2402 965
2403 299
2404 1073
2405 537
2406 941
2407 720
2408 668
2409 1038
2410 1530
2411 2078
2412 451
2413 1038
2414 565
2415 195
2416 537
2417 241
2418 313
2419 1119
2420 42
2421 1888
2422 1653
2423 664
2424 1566
2425 2296
2426 1271
2427 95
2428 813
2429 1275
2430 1867
2431 2045
2432 930
2433 1004
2434 1899
2435 1899
2436 453
2437 1301
2438 241
2439 1672
2440 1693
2441 1959
2442 405
2443 273
2444 565
2445 1149
2446 276
2447 1491
2448 647
2449 1743
2450 134
2451 270
2452 2045
2453 2021
2454 336
2455 2077
2456 497
2457 699
2458 1331
2459 1702
2460 1658
2461 1418
2462 682
2463 1283
2464 1649
2465 613
2466 944
2467 162
2468 768
2469 1141
2470 1899
2471 264
2472 2078
2473 2116
2474 1819
2475 1046
2476 647
2477 1661
2478 393
2479 2045
2480 1744
2481 870
2482 669
2483 742
2484 711
2485 45
2486 2023
2487 711
2488 2045
2489 1787
2490 720
2491 1339
2492 1227
2493 1153
2494 178
2495 591
2496 420
2497 1236
2498 1885
2499 565
2500 1959
2501 1713
2502 1666
2503 341
2504 840
2505 1743
2506 998
2507 1787
2508 1
2509 2151
2510 1110
2511 82
2512 1985
2513 717
2514 1932
2515 1036
2516 2285
2517 602
2518 1941
2519 1017
2520 246
2521 1516
2522 1627
2523 2
2524 273
2525 1917
2526 1079
2527 1647
2528 1279
2529 28
2530 553
2531 388
2532 1407
2533 678
2534 1743
2535 815
2536 2124
2537 2174
2538 2098
2539 1328
2540 375
2541 789
2542 1531
2543 1698
2544 2141
2545 1857
2546 896
2547 337
2548 1240
2549 1032
2550 341
2551 1945
2552 1646
2553 558
2554 1534
2555 2097
2556 392
2557 19
2558 276
2559 693
2560 443
2561 1070
2562 755
2563 1867
2564 1526
2565 1420
2566 1976
2567 2086
2568 116
2569 564
2570 1008
2571 592
2572 1130
2573 456
2574 1379
2575 2224
2576 1469
2577 168
2578 603
2579 1326
2580 1000
2581 1843
2582 930
2583 2169
2584 276
2585 2235
2586 1347
2587 688
2588 1506
2589 491
2590 410
2591 888
2592 313
2593 1012
2594 332
2595 789
2596 775
2597 1544
2598 1275
2599 424
2600 2225
2601 1773
2602 1990
2603 313
2604 927
2605 1203
2606 1103
2607 2089
2608 628
2609 893
2610 212
2611 1390
2612 1348
2613 56
2614 263
2615 1102
2616 769
2617 1252
2618 2026
2619 821
2620 391
2621 1586
2622 944
2623 2229
2624 1089
2625 1899
2626 1825
2627 1001
2628 1284
2629 1109
2630 964
2631 1933
2632 176
2633 1500
2634 1039
2635 775
2636 334
2637 1526
2638 2117
2639 801
2640 726
2641 100
2642 554
2643 100
2644 1066
2645 1479
2646 20
2647 215
2648 1897
2649 483
2650 885
2651 1299
2652 2178
2653 840
2654 1306
2655 2145
2656 559
2657 1717
2658 1121
2659 1376
2660 1136
2661 2162
2662 208
2663 1370
2664 2078
2665 187
2666 42
2667 1560
2668 649
2669 800
2670 313
2671 1805
2672 269
2673 678
2674 1984
2675 688
2676 1153
2677 1971
2678 1153
2679 2095
2680 1895
2681 338
2682 958
2683 545
2684 448
2685 497
2686 475
2687 3
2688 339
2689 853
2690 1383
2691 1375
2692 1880
2693 1437
2694 834
2695 1011
2696 1855
2697 313
2698 2071
2699 1919
2700 350
2701 743
2702 1089
2703 649
2704 529
2705 471
2706 410
2707 336
2708 1988
2709 693
2710 2240
2711 2034
2712 964
2713 89
2714 1498
2715 1324
2716 175
2717 783
2718 894
2719 376
2720 1105
2721 1412
2722 1720
2723 1491
2724 1812
2725 74
2726 1447
2727 1410
2728 116
2729 1445
2730 969
2731 1842
2732 1293
2733 370
2734 1367
2735 1626
2736 1236
2737 212
2738 2209
2739 1516
2740 1260
2741 1832
2742 1016
2743 1188
2744 818
2745 90
2746 2196
2747 1778
2748 177
2749 1361
2750 669
2751 565
2752 2001
2753 1340
2754 168
2755 428
2756 155
2757 1943
2758 846
2759 2074
2760 100
2761 1201
2762 1971
2763 668
2764 2026
2765 1880
2766 1010
2767 499
2768 898
2769 1020
2770 391
2771 565
2772 852
2773 1618
2774 1767
2775 1113
2776 1693
2777 1573
2778 1658
2779 1005
2780 1638
2781 1925
2782 247
2783 1453
2784 443
2785 302
2786 609
2787 766
2788 1637
2789 113
2790 302
2791 1003
2792 44
2793 2003
2794 1049
2795 1335
2796 1153
2797 1849
2798 222
2799 875
2800 710
2801 1414
2802 2156
2803 1556
2804 1187
2805 224
2806 1658
2807 1277
2808 1329
2809 153
2810 268
2811 177
2812 40
2813 387
2814 2310
2815 229
2816 2119
2817 1985
2818 1141
2819 727
2820 305
2821 341
2822 1888
2823 99
2824 1705
2825 1236
2826 1727
2827 604
2828 2133
2829 2141
2830 565
2831 713
2832 1564
2833 305
2834 1859
2835 977
2836 38
2837 565
2838 1349
2839 1953
2840 1337
2841 1213
2842 775
2843 2236
2844 1144
2845 866
2846 849
2847 341
2848 376
2849 350
2850 813
2851 896
2852 466
2853 1188
2854 1587
2855 1619
2856 341
2857 97
2858 1352
2859 565
2860 1380
2861 686
2862 1306
2863 2003
2864 793
2865 521
2866 341
2867 785
2868 1469
2869 351
2870 684
2871 1880
2872 793
2873 227
2874 1516
2875 2141
2876 2087
2877 276
2878 2059
2879 607
2880 39
2881 944
2882 410
2883 1558
2884 856
2885 878
2886 2173
2887 1957
2888 2041
2889 1918
2890 1026
2891 930
2892 1823
2893 1888
2894 637
2895 802
2896 1009
2897 2042
2898 1589
2899 1962
2900 1493
2901 2261
2902 2070
2903 214
2904 1984
2905 1915
2906 2220
2907 1696
2908 1525
2909 502
2910 1019
2911 704
2912 2246
2913 711
2914 2185
2915 305
2916 1300
2917 1018
2918 1232
2919 2213
2920 1121
2921 755
2922 2118
2923 150
2924 1038
2925 1016
2926 341
2927 392
2928 998
2929 689
2930 2117
2931 160
2932 19
2933 1390
2934 2065
2935 904
2936 1962
2937 405
2938 1107
2939 2001
2940 1664
2941 822
2942 825
2943 813
2944 1103
2945 5
2946 678
2947 1054
2948 167
2949 180
2950 1900
2951 341
2952 1886
2953 1968
2954 691
2955 252
2956 1672
2957 649
2958 831
2959 1619
2960 212
2961 1227
2962 400
2963 1631
2964 2208
2965 122
2966 1899
2967 1802
2968 1888
2969 1153
2970 874
2971 261
2972 466
2973 1341
2974 2131
2975 1349
2976 341
2977 341
2978 1306
2979 927
2980 1473
2981 9
2982 116
2983 19
2984 1062
2985 2095
2986 865
2987 39
2988 1563
2989 461
2990 1186
2991 1899
2992 888
2993 195
2994 2070
2995 350
2996 2026
2997 563
2998 2033
2999 1190
3000 1769
3001 2239
3002 1743
3003 39
3004 1899
3005 2045
3006 489
3007 475
3008 1606
3009 2209
3010 2074
3011 1490
3012 1743
3013 1701
3014 305
3015 390
3016 1001
3017 759
3018 1255
3019 618
3020 752
3021 1175
3022 2105
3023 1390
3024 1186
3025 1587
3026 1516
3027 1804
3028 2081
3029 205
3030 2224
3031 1424
3032 986
3033 2282
3034 379
3035 1899
3036 2181
3037 1606
3038 502
3039 1587
3040 1649
3041 1899
3042 234
3043 2314
3044 116
3045 506
3046 2124
3047 2109
3048 1865
3049 983
3050 405
3051 640
3052 2148
3053 702
3054 1838
3055 423
3056 2209
3057 789
3058 1055
3059 426
3060 559
3061 616
3062 1433
3063 1738
3064 2057
3065 717
3066 24
3067 1194
3068 350
3069 262
3070 1912
3071 892
3072 1767
3073 1306
3074 941
3075 739
3076 1601
3077 489
3078 545
3079 305
3080 915
3081 1565
3082 904
3083 1770
3084 718
3085 1926
3086 684
3087 379
3088 1655
3089 701
3090 731
3091 276
3092 1810
3093 898
3094 858
3095 1306
3096 1661
3097 993
3098 2067
3099 1691
3100 913
3101 1153
3102 213
3103 1291
3104 456
3105 1606
3106 2261
3107 1937
3108 851
3109 2017
3110 991
3111 1847
3112 1958
3113 162
3114 267
3115 1534
3116 701
3117 1852
3118 1830
3119 1948
3120 273
3121 649
3122 1653
3123 180
3124 234
3125 1691
3126 305
3127 2098
3128 789
3129 1214
3130 1943
3131 668
3132 1743
3133 1805
3134 1672
3135 532
3136 932
3137 379
3138 1499
3139 930
3140 1606
3141 695
3142 1801
3143 1578
3144 1975
3145 591
3146 1306
3147 246
3148 1631
3149 2001
3150 649
3151 1256
3152 991
3153 1653
3154 19
3155 234
3156 1716
3157 773
3158 153
3159 486
3160 1072
3161 137
3162 176
3163 47
3164 2119
3165 162
3166 91
3167 129
3168 726
3169 1490
3170 1666
3171 1121
3172 272
3173 565
3174 1390
3175 1125
3176 350
3177 637
3178 1998
3179 1899
3180 1640
3181 234
3182 375
3183 738
3184 1568
3185 2045
3186 878
3187 604
3188 1775
3189 100
3190 2157
3191 1666
3192 85
3193 856
3194 19
3195 668
3196 276
3197 957
3198 1225
3199 116
3200 1503
3201 419
3202 131
3203 1376
3204 2160
3205 2184
3206 1257
3207 447
3208 1096
3209 625
3210 2058
3211 941
3212 456
3213 1732
3214 1921
3215 2045
3216 350
3217 1925
3218 1577
3219 1513
3220 1474
3221 1190
3222 2098
3223 1733
3224 2023
3225 502
3226 186
3227 1190
3228 783
3229 1730
3230 777
3231 1812
3232 1440
3233 1364
3234 305
3235 171
3236 379
3237 1851
3238 1445
3239 1854
3240 1385
3241 1471
3242 186
3243 1029
3244 1773
3245 2154
3246 1845
3247 853
3248 1038
3249 236
3250 565
3251 552
3252 277
3253 682
3254 81
3255 1265
3256 11
3257 1268
3258 350
3259 1217
3260 1426
3261 379
3262 2016
3263 398
3264 1831
3265 475
3266 1552
3267 424
3268 1306
3269 194
3270 1301
3271 1231
3272 922
3273 254
3274 1971
3275 1219
3276 2003
3277 1626
3278 208
3279 2124
3280 226
3281 498
3282 1626
3283 1554
3284 120
3285 878
3286 1770
3287 2017
3288 1135
3289 1425
3290 902
3291 1844
3292 1493
3293 1560
3294 114
3295 1141
3296 2004
3297 988
3298 2283
3299 47
3300 726
3301 2254
3302 2142
3303 423
3304 498
3305 1723
3306 1724
3307 1096
3308 543
3309 1506
3310 1055
3311 1397
3312 2242
3313 2016
3314 2121
3315 2292
3316 378
3317 1493
3318 121
3319 1875
3320 2118
3321 760
3322 1598
3323 1740
3324 1899
3325 1480
3326 840
3327 305
3328 2153
3329 1778
3330 1812
3331 1431
3332 1930
3333 1040
3334 1306
3335 277
3336 1919
3337 1932
3338 1324
3339 895
3340 486
3341 822
3342 2228
3343 135
3344 1693
3345 1534
3346 469
3347 1971
3348 1194
3349 596
3350 2139
3351 1692
3352 1606
3353 401
3354 1899
3355 1735
3356 421
3357 2138
3358 2127
3359 208
3360 484
3361 904
3362 463
3363 888
3364 474
3365 2218
3366 639
3367 47
3368 206
3369 137
3370 2297
3371 490
3372 901
3373 819
3374 305
3375 1576
3376 1218
3377 944
3378 15
3379 683
3380 1374
3381 993
3382 1120
3383 1071
3384 606
3385 1434
3386 2261
3387 821
3388 1129
3389 489
3390 1778
3391 1
3392 15
3393 1114
3394 1003
3395 1427
3396 374
3397 125
3398 135
3399 2237
3400 967
3401 1959
3402 1306
3403 617
3404 1778
3405 1499
3406 1899
3407 425
3408 934
3409 1384
3410 1390
3411 1899
3412 2042
3413 506
3414 1961
3415 1586
3416 208
3417 373
3418 1289
3419 11
3420 305
3421 763
3422 1507
3423 350
3424 205
3425 1658
3426 1547
3427 982
3428 2255
3429 1980
3430 295
3431 1647
3432 1125
3433 1300
3434 2237
3435 226
3436 1306
3437 2244
3438 1828
3439 2017
3440 849
3441 233
3442 796
3443 1880
3444 649
3445 757
3446 1384
3447 914
3448 171
3449 1897
3450 208
3451 565
3452 1730
3453 1176
3454 1072
3455 217
3456 47
3457 2127
3458 1774
3459 305
3460 2248
3461 919
3462 915
3463 2085
3464 2242
3465 678
3466 379
3467 1999
3468 1217
3469 828
3470 1484
3471 1899
3472 1865
3473 2292
3474 1571
3475 1117
3476 939
3477 461
3478 1934
3479 2171
3480 1743
3481 483
3482 10
3483 452
3484 1047
3485 2017
3486 673
3487 1111
3488 131
3489 1201
3490 1557
3491 1714
3492 1416
3493 414
3494 1203
3495 1417
3496 1732
3497 1183
3498 1491
3499 764
3500 1773
3501 2235
3502 244
3503 2165
3504 743
3505 1606
3506 551
3507 1390
3508 2096
3509 2117
3510 701
3511 2138
3512 373
3513 249
3514 13
3515 906
3516 401
3517 1876
3518 1402
3519 2105
3520 1823
3521 1773
3522 1442
3523 1502
3524 159
3525 1208
3526 1381
3527 506
3528 822
3529 748
3530 1351
3531 432
3532 369
3533 640
3534 1778
3535 1992
3536 1186
3537 432
3538 13
3539 401
3540 56
3541 834
3542 138
3543 1665
3544 1274
3545 1641
3546 524
3547 971
3548 726
3549 1690
3550 1082
3551 1899
3552 849
3553 988
3554 1397
3555 635
3556 1700
3557 922
3558 1718
3559 789
3560 1060
3561 701
3562 2253
3563 1655
3564 532
3565 29
3566 187
3567 662
3568 1918
3569 789
3570 305
3571 588
3572 1577
3573 845
3574 138
3575 456
3576 1778
3577 791
3578 2022
3579 1210
3580 1181
3581 1534
3582 2230
3583 1885
3584 1121
3585 1187
3586 2210
3587 2255
3588 1839
3589 208
3590 1425
3591 1897
3592 432
3593 792
3594 424
3595 1534
3596 962
3597 2085
3598 924
3599 1208
3600 245
3601 1351
3602 689
3603 1663
3604 2204
3605 244
3606 1979
3607 1586
3608 221
3609 832
3610 1375
3611 1813
3612 1306
3613 506
3614 1075
3615 1364
3616 236
3617 525
3618 2120
3619 10
3620 1655
3621 171
3622 609
3623 1899
3624 1390
3625 1502
3626 47
3627 2139
3628 379
3629 1187
3630 1897
3631 529
3632 1199
3633 884
3634 401
3635 1736
3636 1516
3637 1206
3638 506
3639 2239
3640 212
3641 883
3642 506
3643 1655
3644 1214
3645 559
3646 692
3647 300
3648 469
3649 1893
3650 981
3651 277
3652 1658
3653 1724
3654 621
3655 530
3656 1658
3657 565
3658 1953
3659 713
3660 1188
3661 922
3662 726
3663 1378
3664 1871
3665 1296
3666 2284
3667 277
3668 539
3669 1985
3670 2296
3671 187
3672 1010
3673 965
3674 893
3675 228
3676 2286
3677 2046
3678 1472
3679 1980
3680 1176
3681 944
3682 379
3683 1017
3684 1079
3685 2164
3686 506
3687 1842
3688 89
3689 639
3690 1672
3691 212
3692 1962
3693 1531
3694 1079
3695 305
3696 1855
3697 1548
3698 1811
3699 991
3700 1349
3701 1516
3702 2046
3703 267
3704 986
3705 1185
3706 2032
3707 596
3708 1231
3709 640
3710 1503
3711 1180
3712 1865
3713 844
3714 1914
3715 483
3716 2287
3717 1056
3718 944
3719 1819
3720 1502
3721 2241
3722 432
3723 1502
3724 134
3725 1694
3726 1214
3727 1152
3728 840
3729 1693
3730 1214
3731 1089
3732 261
3733 1264
3734 154
3735 1245
3736 1483
3737 350
3738 2262
3739 506
3740 1339
3741 667
3742 2252
3743 1844
3744 2
3745 971
3746 1428
3747 1700
3748 713
3749 1672
3750 1980
3751 757
3752 1932
3753 2230
3754 608
3755 1503
3756 1489
3757 700
3758 588
3759 1265
3760 1977
3761 277
3762 1915
3763 527
3764 138
3765 1153
3766 1712
3767 313
3768 1701
3769 787
3770 671
3771 1699
3772 1886
3773 720
3774 1234
3775 1326
3776 1899
3777 1606
3778 138
3779 1153
3780 1813
3781 591
3782 2149
3783 1944
3784 853
3785 160
3786 958
3787 675
3788 1153
3789 1340
3790 883
3791 1096
3792 1878
3793 1672
3794 988
3795 656
3796 2084
3797 12
3798 376
3799 1351
3800 401
3801 789
3802 2005
3803 1134
3804 2179
3805 2083
3806 1108
3807 1036
3808 498
3809 960
3810 1927
3811 1186
3812 562
3813 1938
3814 40
3815 379
3816 2117
3817 86
3818 1452
3819 883
3820 313
3821 1365
3822 748
3823 1016
3824 1593
3825 757
3826 1060
3827 1534
3828 1704
3829 1926
3830 350
3831 2022
3832 1234
3833 1989
3834 1190
3835 1672
3836 294
3837 1053
3838 1410
3839 313
3840 1899
3841 1473
3842 2034
3843 2104
3844 1655
3845 1106
3846 1700
3847 1566
3848 1114
3849 828
3850 627
3851 821
3852 2175
3853 1561
3854 1899
3855 1932
3856 903
3857 760
3858 153
3859 750
3860 1428
3861 2008
3862 1145
3863 1293
3864 558
3865 1880
3866 653
3867 1629
3868 2156
3869 699
3870 432
3871 1153
3872 1971
3873 2116
3874 668
3875 12
3876 1961
3877 915
3878 1899
3879 1410
3880 544
3881 556
3882 675
3883 931
3884 1778
3885 1576
3886 1014
3887 1153
3888 1190
3889 1647
3890 1276
3891 1663
3892 506
3893 1509
3894 313
3895 475
3896 1110
3897 2117
3898 1390
3899 1078
3900 1590
3901 893
3902 675
3903 242
3904 1801
3905 934
3906 483
3907 565
3908 777
3909 1305
3910 2136
3911 1297
3912 889
3913 565
3914 1485
3915 1842
3916 1672
3917 498
3918 2225
3919 980
3920 1350
3921 2314
3922 885
3923 869
3924 262
3925 304
3926 1898
3927 2223
3928 1153
3929 506
3930 1390
3931 408
3932 350
3933 748
3934 2262
3935 1176
3936 85
3937 840
3938 1938
3939 2257
3940 1045
3941 350
3942 1026
3943 1096
3944 2064
3945 789
3946 1635
3947 1125
3948 1766
3949 1655
3950 153
3951 1503
3952 1577
3953 1481
3954 313
3955 1606
3956 1999
3957 147
3958 432
3959 1288
3960 195
3961 2287
3962 1712
3963 1252
3964 1286
3965 1672
3966 1190
3967 1572
3968 374
3969 1449
3970 2246
3971 2306
3972 921
3973 1622
3974 1301
3975 996
3976 840
3977 1821
3978 1627
3979 185
3980 1986
3981 1594
3982 152
3983 2220
3984 710
3985 710
3986 414
3987 1287
3988 653
3989 125
3990 762
3991 1854
3992 858
3993 1899
3994 1022
3995 447
3996 2241
3997 1240
3998 897
3999 2144
4000 932
4001 1534
4002 813
4003 171
4004 944
4005 1035
4006 1124
4007 1030
4008 313
4009 203
4010 1623
4011 136
4012 1333
4013 1928
4014 2095
4015 565
4016 112
4017 1095
4018 482
4019 271
4020 136
4021 1719
4022 1404
4023 1105
4024 1442
4025 1732
4026 1672
4027 1847
4028 919
4029 1649
4030 85
4031 1849
4032 152
4033 401
4034 627
4035 2107
4036 2109
4037 2084
4038 1832
4039 830
4040 2046
4041 405
4042 2119
4043 522
4044 2065
4045 565
4046 12
4047 835
4048 1912
4049 267
4050 1345
4051 236
4052 523
4053 40
4054 1030
4055 2022
4056 2026
4057 853
4058 2262
4059 784
4060 1085
4061 861
4062 2309
4063 1417
4064 1215
4065 1306
4066 1883
4067 1543
4068 1038
4069 2089
4070 1089
4071 551
4072 636
4073 2104
4074 2191
4075 1642
4076 2118
4077 1554
4078 713
4079 1604
4080 313
4081 906
4082 1672
4083 1556
4084 475
4085 1743
4086 1179
4087 2262
4088 1875
4089 1203
4090 719
4091 432
4092 1306
4093 1452
4094 1606
4095 1655
4096 1209
4097 1920
4098 609
4099 1453
4100 424
4101 1734
4102 90
4103 203
4104 1848
4105 1606
4106 1004
4107 2262
4108 675
4109 392
4110 1692
4111 212
4112 2078
4113 1773
4114 1264
4115 1453
4116 984
4117 1128
4118 653
4119 1642
4120 1642
4121 977
4122 428
4123 1916
4124 2226
4125 1453
4126 12
4127 2240
4128 686
4129 1896
4130 1840
4131 2262
4132 2165
4133 10
4134 1713
4135 1565
4136 1250
4137 445
4138 613
4139 1201
4140 1236
4141 313
4142 846
4143 654
4144 1666
4145 2113
4146 1255
4147 1415
4148 1529
4149 592
4150 964
4151 1280
4152 453
4153 922
4154 85
4155 195
4156 1215
4157 2104
4158 635
4159 632
4160 1411
4161 437
4162 931
4163 1370
4164 444
4165 2223
4166 930
4167 2262
4168 443
4169 1534
4170 1649
4171 740
4172 2262
4173 2162
4174 1939
4175 1549
4176 2224
4177 375
4178 719
4179 1300
4180 2026
4181 2108
4182 875
4183 22
4184 1843
4185 2262
4186 1375
4187 1714
4188 1899
4189 2183
4190 944
4191 2144
4192 565
4193 2109
4194 1506
4195 1730
4196 630
4197 87
4198 2262
4199 1427
4200 1032
4201 1534
4202 1123
4203 2213
4204 1832
4205 1863
4206 1606
4207 475
4208 87
4209 1773
4210 906
4211 4
4212 1208
4213 676
4214 1001
4215 1655
4216 428
4217 1206
4218 1390
4219 944
4220 1190
4221 1453
4222 1530
4223 564
4224 1260
4225 40
4226 1364
4227 2000
4228 482
4229 1547
4230 1064
4231 1195
4232 658
4233 878
4234 599
4235 506
4236 1051
4237 1284
4238 782
4239 313
4240 2187
4241 1115
4242 1084
4243 985
4244 1109
4245 432
4246 1034
4247 704
4248 1267
4249 1782
4250 2095
4251 2072
4252 625
4253 432
4254 1640
4255 1597
4256 1306
4257 522
4258 95
4259 1328
4260 944
4261 1242
4262 944
4263 1416
4264 688
4265 924
4266 1115
4267 2241
4268 270
4269 195
4270 405
4271 709
4272 2215
4273 268
4274 617
4275 1549
4276 741
4277 1658
4278 751
4279 1096
4280 1716
4281 2185
4282 617
4283 277
4284 1129
4285 203
4286 401
4287 1743
4288 138
4289 1960
4290 1129
4291 940
4292 432
4293 19
4294 1832
4295 2263
4296 738
4297 2080
4298 491
4299 2249
4300 231
4301 432
4302 2262
4303 1516
4304 85
4305 1096
4306 2032
4307 1534
4308 1658
4309 82
4310 1150
4311 40
4312 519
4313 1899
4314 2033
4315 2262
4316 530
4317 717
4318 2262
4319 2118
4320 19
4321 593
4322 28
4323 755
4324 565
4325 2013
4326 1372
4327 1389
4328 415
4329 2196
4330 2083
4331 100
4332 565
4333 254
4334 907
4335 2225
4336 1571
4337 1516
4338 846
4339 678
4340 813
4341 2262
4342 215
4343 782
4344 273
4345 277
4346 603
4347 2060
4348 394
4349 1715
4350 824
4351 1307
4352 1352
4353 704
4354 1534
4355 653
4356 2088
4357 167
4358 415
4359 522
4360 2262
4361 2089
4362 1707
4363 645
4364 1124
4365 523
4366 1241
4367 1899
4368 1642
4369 1089
4370 368
4371 277
4372 1190
4373 2160
4374 40
4375 1307
4376 1449
4377 1206
4378 860
4379 563
4380 1057
4381 300
4382 1831
4383 1236
4384 653
4385 1899
4386 625
4387 765
4388 1103
4389 350
4390 1089
4391 1743
4392 313
4393 639
4394 1743
4395 1431
4396 1919
4397 841
4398 277
4399 474
4400 595
4401 1840
4402 463
4403 2058
4404 1731
4405 410
4406 589
4407 258
4408 350
4409 1346
4410 939
4411 1743
4412 1147
4413 350
4414 2193
4415 268
4416 1102
4417 97
4418 1081
4419 453
4420 990
4421 2262
4422 1388
4423 1787
4424 608
4425 455
4426 415
4427 1365
4428 1301
4429 1588
4430 2097
4431 1743
4432 1150
4433 1943
4434 1509
4435 2026
4436 1813
4437 1153
4438 2306
4439 1339
4440 254
4441 190
4442 1658
4443 1724
4444 1719
4445 254
4446 2263
4447 845
4448 1912
4449 678
4450 350
4451 1952
4452 1658
4453 2077
4454 1598
4455 896
4456 1252
4457 1153
4458 2263
4459 1132
4460 1210
4461 19
4462 1076
4463 1029
4464 138
4465 519
4466 2279
4467 1434
4468 1545
4469 1743
4470 96
4471 885
4472 1639
4473 2263
4474 1206
4475 1543
4476 138
4477 2070
4478 2108
4479 653
4480 212
4481 1148
4482 527
4483 769
4484 100
4485 1922
4486 722
4487 2209
4488 846
4489 1259
4490 1810
4491 2227
4492 1719
4493 2176
4494 1307
4495 1534
4496 1190
4497 1802
4498 996
4499 2062
4500 682
4501 1058
4502 392
4503 883
4504 147
4505 2086
4506 1471
4507 668
4508 1647
4509 1262
4510 1805
4511 1326
4512 2003
4513 2030
4514 1654
4515 535
4516 1729
4517 1917
4518 507
4519 686
4520 1190
4521 388
4522 1330
4523 1236
4524 783
4525 277
4526 1246
4527 2263
4528 2313
4529 944
4530 81
4531 1297
4532 1859
4533 2263
4534 554
4535 2134
4536 2118
4537 524
4538 100
4539 212
4540 792
4541 2081
4542 2226
4543 423
4544 1743
4545 1649
4546 1016
4547 100
4548 878
4549 2196
4550 100
4551 2142
4552 565
4553 2263
4554 313
4555 769
4556 244
4557 2263
4558 1351
4559 1655
4560 407
4561 350
4562 1592
4563 1376
4564 944
4565 491
4566 1380
4567 722
4568 1769
4569 1601
4570 1094
4571 1497
4572 865
4573 2180
4574 741
4575 242
4576 20
4577 19
4578 613
4579 826
4580 1289
4581 747
4582 777
4583 195
4584 1572
4585 2196
4586 40
4587 1694
4588 33
4589 500
4590 134
4591 1307
4592 1899
4593 691
4594 1376
4595 783
4596 1305
4597 635
4598 626
4599 2196
4600 1558
4601 277
4602 813
4603 313
4604 1109
4605 149
4606 2247
4607 250
4608 1480
4609 609
4610 138
4611 974
4612 702
4613 1361
4614 1663
4615 2263
4616 1057
4617 1283
4618 277
4619 783
4620 2263
4621 1064
4622 893
4623 1728
4624 1503
4625 1592
4626 379
4627 350
4628 2289
4629 1712
4630 1787
4631 150
4632 877
4633 1073
4634 2132
4635 138
4636 835
4637 1026
4638 432
4639 1071
4640 313
4641 336
4642 565
4643 974
4644 2242
4645 2263
4646 2263
4647 331
4648 1700
4649 1231
4650 654
4651 536
4652 838
4653 1474
4654 2178
4655 1743
4656 1179
4657 813
4658 1810
4659 1199
4660 1153
4661 967
4662 1787
4663 1743
4664 236
4665 236
4666 1241
4667 1245
4668 1371
4669 1819
4670 1435
4671 1655
4672 379
4673 711
4674 1057
4675 1999
4676 370
4677 2263
4678 626
4679 726
4680 1743
4681 460
4682 1227
4683 335
4684 588
4685 1378
4686 2247
4687 1787
4688 518
4689 2248
4690 2228
4691 938
4692 1706
4693 507
4694 2277
4695 1195
4696 189
4697 1948
4698 59
4699 4
4700 214
4701 470
4702 1787
4703 960
4704 19
4705 277
4706 1598
4707 1556
4708 1052
4709 628
4710 1072
4711 2088
4712 1419
4713 555
4714 1957
4715 1951
4716 940
4717 1785
4718 470
4719 695
4720 1899
4721 313
4722 1175
4723 1376
4724 350
4725 59
4726 19
4727 2208
4728 1646
4729 300
4730 2004
4731 1896
4732 277
4733 1897
4734 1868
4735 1787
4736 969
4737 1743
4738 689
4739 1858
4740 1513
4741 1516
4742 654
4743 1424
4744 1491
4745 1702
4746 370
4747 175
4748 893
4749 350
4750 136
4751 1580
4752 1718
4753 526
4754 2046
4755 350
4756 628
4757 1356
4758 350
4759 42
4760 1385
4761 379
4762 1307
4763 2247
4764 1947
4765 59
4766 1647
4767 924
4768 1334
4769 1534
4770 964
4771 1181
4772 1264
4773 736
4774 1278
4775 777
4776 93
4777 456
4778 2026
4779 206
4780 695
4781 269
4782 2263
4783 941
4784 1899
4785 994
4786 2279
4787 1073
4788 2138
4789 991
4790 19
4791 19
4792 1899
4793 2010
4794 254
4795 1571
4796 2046
4797 100
4798 1705
4799 500
4800 1307
4801 1190
4802 1665
4803 2253
4804 2133
4805 1075
4806 415
4807 976
4808 702
4809 684
4810 132
4811 234
4812 825
4813 1329
4814 777
4815 1286
4816 2255
4817 944
4818 2042
4819 1806
4820 19
4821 619
4822 1121
4823 1430
4824 719
4825 1943
4826 841
4827 43
4828 1324
4829 1899
4830 777
4831 299
4832 1645
4833 1026
4834 350
4835 944
4836 944
4837 2256
4838 1307
4839 1574
4840 189
4841 1845
4842 2026
4843 1289
4844 591
4845 1899
4846 2033
4847 1246
4848 1841
4849 1638
4850 19
4851 1787
4852 966
4853 1527
4854 1899
4855 1078
4856 1063
4857 1356
4858 331
4859 896
4860 113
4861 370
4862 1606
4863 1655
4864 870
4865 42
4866 426
4867 2232
4868 673
4869 2234
4870 1180
4871 1056
4872 1940
4873 838
4874 1594
4875 563
4876 649
4877 1059
4878 1888
4879 37
4880 237
4881 1089
4882 2015
4883 1407
4884 1743
4885 19
4886 874
4887 866
4888 415
4889 2263
4890 815
4891 1580
4892 2187
4893 341
4894 816
4895 1301
4896 736
4897 121
4898 2195
4899 638
4900 944
4901 603
4902 2263
4903 872
4904 2057
4905 1920
4906 1848
4907 1976
4908 1153
4909 500
4910 314
4911 1507
4912 883
4913 212
4914 1806
4915 1270
4916 1142
4917 985
4918 399
4919 1606
4920 169
4921 626
4922 1333
4923 465
4924 2213
4925 907
4926 466
4927 397
4928 1180
4929 1111
4930 619
4931 314
4932 2013
4933 1601
4934 988
4935 84
4936 1078
4937 162
4938 1558
4939 1787
4940 2040
4941 556
4942 2222
4943 822
4944 158
4945 1812
4946 24
4947 2264
4948 1534
4949 399
4950 830
4951 649
4952 1649
4953 1618
4954 158
4955 314
4956 2001
4957 1605
4958 1989
4959 42
4960 2192
4961 941
4962 517
4963 1489
4964 565
4965 1360
4966 944
4967 882
4968 1806
4969 1453
4970 100
4971 268
4972 535
4973 150
4974 766
4975 1546
4976 456
4977 263
4978 502
4979 2196
4980 1743
4981 565
4982 750
4983 869
4984 1032
4985 2236
4986 1439
4987 453
4988 1021
4989 667
4990 169
4991 1136
4992 1047
4993 1607
4994 1879
4995 333
4996 1690
4997 1971
4998 818
4999 2026
5000 1135
5001 1736
5002 1335
5003 1516
5004 59
5005 114
5006 842
5007 191
5008 426
5009 314
5010 371
5011 2044
5012 1095
5013 1534
5014 1148
5015 1269
5016 1252
5017 849
5018 252
5019 719
5020 1256
5021 80
5022 149
5023 1013
5024 1733
5025 82
5026 834
5027 1568
5028 2017
5029 547
5030 1997
5031 775
5032 1016
5033 1782
5034 968
5035 1589
5036 2216
5037 838
5038 915
5039 1182
5040 1743
5041 82
5042 878
5043 337
5044 649
5045 1806
5046 565
5047 1078
5048 1587
5049 85
5050 669
5051 1511
5052 1284
5053 2161
5054 2235
5055 1378
5056 1434
5057 1787
5058 1646
5059 818
5060 649
5061 1442
5062 1960
5063 388
5064 1453
5065 1953
5066 150
5067 1295
5068 1655
5069 1743
5070 927
5071 761
5072 1153
5073 822
5074 1324
5075 1435
5076 711
5077 1484
5078 1899
5079 350
5080 273
5081 668
5082 1980
5083 558
5084 1178
5085 944
5086 258
5087 1082
5088 1379
5089 263
5090 350
5091 301
5092 1119
5093 519
5094 314
5095 1743
5096 260
5097 565
5098 1013
5099 639
5100 1493
5101 1120
5102 1342
5103 625
5104 1201
5105 1743
5106 100
5107 647
5108 1857
5109 1695
5110 813
5111 466
5112 2021
5113 739
5114 668
5115 372
5116 563
5117 1331
5118 1307
5119 1252
5120 2176
5121 775
5122 2101
5123 2284
5124 944
5125 565
5126 521
5127 2155
5128 603
5129 2115
5130 399
5131 2082
5132 1935
5133 866
5134 277
5135 1412
5136 1345
5137 944
5138 341
5139 702
5140 244
5141 1263
5142 176
5143 789
5144 1516
5145 566
5146 1227
5147 1589
5148 1182
5149 1620
5150 1889
5151 1485
5152 20
5153 1119
5154 351
5155 2098
5156 85
5157 1023
5158 1787
5159 1888
5160 944
5161 944
5162 840
5163 1291
5164 552
5165 388
5166 1654
5167 1278
5168 1334
5169 878
5170 1296
5171 566
5172 1910
5173 314
5174 341
5175 934
5176 1151
5177 1445
5178 130
5179 1640
5180 566
5181 1562
5182 1040
5183 1142
5184 212
5185 276
5186 1453
5187 1272
5188 1563
5189 1353
5190 397
5191 2032
5192 1208
5193 213
5194 1875
5195 1820
5196 719
5197 1368
5198 547
5199 1485
5200 234
5201 2168
5202 869
5203 212
5204 1153
5205 2212
5206 2010
5207 1571
5208 1116
5209 1338
5210 1153
5211 432
5212 541
5213 1957
5214 1875
5215 959
5216 1576
5217 1347
5218 1941
5219 927
5220 2043
5221 212
5222 1655
5223 1874
5224 1250
5225 1151
5226 2242
5227 1055
5228 410
5229 298
5230 566
5231 2231
5232 604
5233 185
5234 647
5235 787
5236 150
5237 833
5238 969
5239 735
5240 830
5241 1476
5242 1453
5243 2034
5244 1979
5245 616
5246 1516
5247 1080
5248 2196
5249 662
5250 1412
5251 883
5252 1409
5253 178
5254 59
5255 1269
5256 719
5257 1804
5258 1470
5259 3
5260 524
5261 60
5262 1824
5263 265
5264 7
5265 2213
5266 2249
5267 121
5268 2103
5269 1516
5270 60
5271 1043
5272 1812
5273 1825
5274 1561
5275 169
5276 2033
5277 485
5278 1194
5279 1655
5280 1123
5281 1527
5282 335
5283 722
5284 1102
5285 97
5286 974
5287 1726
5288 695
5289 1447
5290 456
5291 1889
5292 341
5293 2264
5294 647
5295 1714
5296 1577
5297 2089
5298 816
5299 747
5300 2317
5301 2155
5302 1450
5303 1451
5304 1301
5305 645
5306 1969
5307 768
5308 1985
5309 1945
5310 904
5311 974
5312 277
5313 1000
5314 1215
5315 1647
5316 341
5317 76
5318 2232
5319 1698
5320 558
5321 1548
5322 1307
5323 1399
5324 1307
5325 1046
5326 1999
5327 2091
5328 1016
5329 1052
5330 617
5331 1223
5332 2012
5333 1500
5334 314
5335 1018
5336 2151
5337 2245
5338 2017
5339 1803
5340 1296
5341 1284
5342 19
5343 2242
5344 1278
5345 1516
5346 941
5347 120
5348 2134
5349 839
5350 2243
5351 226
5352 1442
5353 1913
5354 2009
5355 407
5356 166
5357 2288
5358 1697
5359 410
5360 1914
5361 466
5362 1146
5363 155
5364 314
5365 1413
5366 184
5367 246
5368 1888
5369 934
5370 1077
5371 60
5372 410
5373 979
5374 1200
5375 1179
5376 775
5377 934
5378 747
5379 627
5380 722
5381 2124
5382 1414
5383 1106
5384 1800
5385 1300
5386 456
5387 60
5388 162
5389 915
5390 1672
5391 100
5392 19
5393 866
5394 392
5395 751
5396 1025
5397 341
5398 1642
5399 1059
5400 878
5401 941
5402 2046
5403 2204
5404 410
5405 607
5406 42
5407 1440
5408 896
5409 2114
5410 100
5411 1718
5412 1048
5413 1969
5414 2007
5415 1362
5416 741
5417 74
5418 454
5419 535
5420 759
5421 1405
5422 1065
5423 2224
5424 924
5425 1726
5426 1770
5427 20
5428 1738
5429 45
5430 1875
5431 1148
5432 603
5433 488
5434 924
5435 765
5436 2264
5437 1596
5438 1424
5439 738
5440 1440
5441 616
5442 1114
5443 2256
5444 2221
5445 2034
5446 2187
5447 390
5448 2034
5449 627
5450 2302
5451 2242
5452 482
5453 543
5454 1846
5455 2264
5456 453
5457 1672
5458 991
5459 1301
5460 895
5461 1586
5462 2219
5463 1889
5464 2209
5465 1672
5466 1714
5467 867
5468 1672
5469 169
5470 1824
5471 785
5472 1407
5473 491
5474 526
5475 263
5476 1534
5477 2293
5478 1992
5479 1250
5480 1151
5481 351
5482 1453
5483 702
5484 1436
5485 456
5486 988
5487 1136
5488 590
5489 785
5490 930
5491 302
5492 1989
5493 885
5494 985
5495 212
5496 1215
5497 2135
5498 452
5499 1390
5500 449
5501 962
5502 369
5503 782
5504 1354
5505 1227
5506 388
5507 2072
5508 1842
5509 89
5510 1307
5511 426
5512 1581
5513 389
5514 1534
5515 466
5516 566
5517 1773
5518 1725
5519 934
5520 1135
5521 764
5522 821
5523 1246
5524 1888
5525 989
5526 2010
5527 761
5528 845
5529 167
5530 2245
5531 1269
5532 252
5533 1007
5534 1357
5535 1208
5536 717
5537 123
5538 1259
5539 123
5540 2168
5541 1477
5542 1266
5543 2216
5544 111
5545 336
5546 469
5547 1449
5548 893
5549 1914
5550 168
5551 1398
5552 19
5553 396
5554 2076
5555 1378
5556 1047
5557 796
5558 2146
5559 742
5560 19
5561 898
5562 1428
5563 934
5564 1134
5565 1307
5566 1665
5567 1721
5568 2015
5569 2143
5570 1853
5571 891
5572 2237
5573 1414
5574 1429
5575 1969
5576 341
5577 1717
5578 432
5579 294
5580 1737
5581 1863
5582 841
5583 862
5584 1499
5585 1231
5586 1473
5587 678
5588 1205
5589 224
5590 268
5591 700
5592 1899
5593 150
5594 1277
5595 1126
5596 334
5597 314
5598 379
5599 2101
5600 796
5601 964
5602 1548
5603 212
5604 2097
5605 500
5606 89
5607 1106
5608 2085
5609 532
5610 524
5611 1738
5612 1445
5613 744
5614 1546
5615 1397
5616 298
5617 1819
5618 2060
5619 453
5620 250
5621 1778
5622 1624
5623 2125
5624 2165
5625 203
5626 1953
5627 1543
5628 745
5629 1573
5630 673
5631 341
5632 1838
5633 559
5634 2010
5635 1812
5636 647
5637 120
5638 1123
5639 1810
5640 1326
5641 155
5642 491
5643 1241
5644 2110
5645 1969
5646 1227
5647 2030
5648 1297
5649 1354
5650 400
5651 432
5652 2107
5653 740
5654 37
5655 755
5656 934
5657 297
5658 153
5659 19
5660 305
5661 566
5662 1607
5663 1240
5664 1011
5665 2143
5666 351
5667 94
5668 1730
5669 1879
5670 2219
5671 618
5672 1378
5673 1724
5674 2046
5675 2254
5676 1206
5677 479
5678 254
5679 424
5680 1341
5681 2013
5682 1971
5683 545
5684 860
5685 479
5686 1555
5687 927
5688 774
5689 1630
5690 1655
5691 517
5692 1700
5693 1122
5694 1038
5695 1307
5696 566
5697 1287
5698 927
5699 1153
5700 796
5701 122
5702 2161
5703 534
5704 1869
5705 1787
5706 2008
5707 2179
5708 122
5709 453
5710 546
5711 224
5712 258
5713 1362
5714 1607
5715 1971
5716 1493
5717 1345
5718 1266
5719 1125
5720 684
5721 943
5722 1819
5723 277
5724 1846
5725 1744
5726 710
5727 424
5728 755
5729 388
5730 1564
5731 1744
5732 1865
5733 390
5734 2174
5735 2246
5736 904
5737 1485
5738 2221
5739 42
5740 1233
5741 1287
5742 1922
5743 1877
5744 261
5745 2040
5746 1769
5747 410
5748 208
5749 2253
5750 1824
5751 432
5752 1784
5753 2161
5754 1526
5755 1272
5756 557
5757 1831
5758 227
5759 2174
5760 1573
5761 914
5762 647
5763 1526
5764 1213
5765 231
5766 1744
5767 19
5768 1048
5769 1296
5770 398
5771 2013
5772 406
5773 1137
5774 1194
5775 393
5776 934
5777 115
5778 19
5779 1962
5780 1775
5781 977
5782 713
5783 1213
5784 116
5785 1914
5786 1931
5787 1222
5788 379
5789 341
5790 559
5791 649
5792 1666
5793 85
5794 840
5795 934
5796 224
5797 1605
5798 2284
5799 618
5800 305
5801 1624
5802 1861
5803 1012
5804 809
5805 1971
5806 607
5807 722
5808 1766
5809 410
5810 847
5811 1243
5812 616
5813 305
5814 695
5815 544
5816 566
5817 294
5818 1744
5819 2045
5820 1632
5821 557
5822 89
5823 1277
5824 1770
5825 1917
5826 1526
5827 4
5828 1369
5829 550
5830 1744
5831 1288
5832 1007
5833 1718
5834 1722
5835 2282
5836 1107
5837 1153
5838 8
5839 19
5840 1971
5841 489
5842 205
5843 1672
5844 1096
5845 987
5846 1529
5847 1360
5848 1919
5849 913
5850 1417
5851 506
5852 1939
5853 748
5854 1421
5855 2024
5856 2302
5857 277
5858 764
5859 1561
5860 616
5861 566
5862 42
5863 2196
5864 2227
5865 857
5866 2184
5867 483
5868 2188
5869 2148
5870 745
5871 2137
5872 478
5873 1324
5874 913
5875 774
5876 2016
5877 1823
5878 2134
5879 2150
5880 2264
5881 486
5882 2283
5883 1034
5884 208
5885 1112
5886 1811
5887 1004
5888 1196
5889 1453
5890 351
5891 1049
5892 1256
5893 1224
5894 1860
5895 1744
5896 1721
5897 7
5898 376
5899 426
5900 1326
5901 1093
5902 2065
5903 204
5904 234
5905 941
5906 1516
5907 561
5908 531
5909 277
5910 1770
5911 1333
5912 1058
5913 1307
5914 627
5915 1995
5916 152
5917 1635
5918 10
5919 988
5920 1933
5921 2046
5922 1892
5923 339
5924 87
5925 775
5926 603
5927 2254
5928 376
5929 2024
5930 252
5931 379
5932 1296
5933 2131
5934 1068
5935 2302
5936 2021
5937 988
5938 186
5939 2078
5940 338
5941 561
5942 277
5943 1707
5944 470
5945 1476
5946 2084
5947 1284
5948 1713
5949 1865
5950 208
5951 421
5952 1868
5953 2211
5954 1307
5955 1197
5956 1516
5957 159
5958 566
5959 1284
5960 1307
5961 1874
5962 251
5963 1205
5964 1020
5965 208
5966 1065
5967 1823
5968 1770
5969 423
5970 469
5971 603
5972 1568
5973 1290
5974 559
5975 39
5976 1924
5977 1994
5978 1634
5979 1096
5980 625
5981 813
5982 1770
5983 1744
5984 719
5985 1770
5986 2264
5987 775
5988 1323
5989 1846
5990 1856
5991 1111
5992 1765
5993 892
5994 1424
5995 1939
5996 1886
5997 2026
5998 1570
5999 1822
6000 689
6001 1209
6002 1256
6003 1594
6004 1558
6005 1405
6006 2006
6007 295
6008 1666
6009 815
6010 379
6011 2191
6012 233
6013 2122
6014 735
6015 840
6016 2131
6017 1868
6018 2208
6019 2190
6020 1213
6021 2003
6022 1875
6023 1197
6024 1955
6025 1571
6026 1567
6027 860
6028 249
6029 252
6030 116
6031 94
6032 472
6033 1821
6034 931
6035 376
6036 996
6037 1126
6038 1353
6039 498
6040 1856
6041 1433
6042 1299
6043 1987
6044 2159
6045 338
6046 2046
6047 1259
6048 2237
6049 932
6050 1581
6051 1200
6052 1509
6053 1389
6054 2220
6055 625
6056 1848
6057 2094
6058 1034
6059 138
6060 1722
6061 2126
6062 86
6063 86
6064 1043
6065 566
6066 672
6067 861
6068 821
6069 2013
6070 227
6071 1240
6072 938
6073 297
6074 1527
6075 678
6076 2094
6077 543
6078 186
6079 339
6080 116
6081 134
6082 415
6083 649
6084 1513
6085 2224
6086 1399
6087 259
6088 426
6089 1453
6090 488
6091 1925
6092 783
6093 425
6094 1153
6095 1223
6096 406
6097 884
6098 1307
6099 178
6100 2182
6101 1054
6102 415
6103 1594
6104 1733
6105 1931
6106 305
6107 2141
6108 2205
6109 1307
6110 116
6111 931
6112 2164
6113 339
6114 1307
6115 186
6116 1233
6117 1838
6118 1736
6119 1339
6120 1436
6121 392
6122 1899
6123 1999
6124 11
6125 176
6126 1729
6127 2210
6128 467
6129 932
6130 1416
6131 2009
6132 1328
6133 678
6134 1741
6135 1513
6136 2214
6137 176
6138 1556
6139 1503
6140 1994
6141 1096
6142 1544
6143 1829
6144 787
6145 1363
6146 1345
6147 2264
6148 826
6149 1153
6150 462
6151 1280
6152 1343
6153 2180
6154 1041
6155 1576
6156 744
6157 180
6158 1922
6159 1516
6160 1223
6161 1043
6162 254
6163 1846
6164 1623
6165 2030
6166 415
6167 958
6168 1666
6169 2140
6170 625
6171 38
6172 566
6173 631
6174 1126
6175 1390
6176 1929
6177 816
6178 688
6179 1849
6180 474
6181 1517
6182 1434
6183 1474
6184 1770
6185 722
6186 566
6187 1690
6188 1802
6189 2264
6190 269
6191 1568
6192 849
6193 1517
6194 1934
6195 2127
6196 1623
6197 750
6198 463
6199 532
6200 835
6201 2316
6202 1225
6203 1410
6204 1186
6205 2046
6206 1513
6207 168
6208 775
6209 2314
6210 148
6211 617
6212 2249
6213 2141
6214 443
6215 1207
6216 1529
6217 756
6218 1977
6219 1153
6220 769
6221 664
6222 988
6223 813
6224 2180
6225 339
6226 830
6227 1666
6228 894
6229 11
6230 1604
6231 177
6232 1061
6233 1634
6234 1988
6235 2004
6236 878
6237 700
6238 1763
6239 1702
6240 1607
6241 1004
6242 208
6243 1642
6244 11
6245 1275
6246 1328
6247 2242
6248 1433
6249 389
6250 1763
6251 483
6252 254
6253 2252
6254 2017
6255 463
6256 530
6257 1565
6258 708
6259 2308
6260 1867
6261 305
6262 38
6263 1453
6264 240
6265 1989
6266 1971
6267 932
6268 180
6269 1058
6270 121
6271 2173
6272 1862
6273 990
6274 1716
6275 195
6276 502
6277 1705
6278 1078
6279 2169
6280 875
6281 1921
6282 1782
6283 635
6284 1569
6285 187
6286 392
6287 1453
6288 736
6289 1129
6290 964
6291 934
6292 461
6293 1390
6294 194
6295 1971
6296 507
6297 2081
6298 1344
6299 1404
6300 2031
6301 1032
6302 1770
6303 1434
6304 305
6305 341
6306 1179
6307 1336
6308 789
6309 2017
6310 1057
6311 2218
6312 649
6313 486
6314 1442
6315 649
6316 701
6317 520
6318 1307
6319 408
6320 1804
6321 525
6322 1706
6323 958
6324 794
6325 688
6326 2125
6327 2061
6328 1767
6329 1340
6330 2046
6331 39
6332 1258
6333 708
6334 409
6335 2169
6336 15
6337 1856
6338 341
6339 260
6340 2046
6341 1666
6342 964
6343 415
6344 2058
6345 2224
6346 2012
6347 1390
6348 722
6349 967
6350 722
6351 4
6352 204
6353 1260
6354 1138
6355 1813
6356 1369
6357 1012
6358 379
6359 1453
6360 208
6361 2182
6362 539
6363 2026
6364 442
6365 668
6366 1337
6367 605
6368 277
6369 1664
6370 1433
6371 1339
6372 37
6373 818
6374 940
6375 633
6376 1831
6377 1709
6378 1128
6379 1952
6380 1430
6381 1018
6382 713
6383 1094
6384 2264
6385 1877
6386 222
6387 856
6388 999
6389 649
6390 59
6391 927
6392 113
6393 1089
6394 1210
6395 93
6396 154
6397 695
6398 713
6399 1824
6400 1628
6401 898
6402 15
6403 85
6404 1240
6405 463
6406 39
6407 1300
6408 236
6409 2264
6410 722
6411 234
6412 2118
6413 421
6414 1860
6415 1897
6416 2264
6417 701
6418 1442
6419 502
6420 341
6421 448
6422 934
6423 2254
6424 777
6425 2033
6426 617
6427 2010
6428 1213
6429 116
6430 1871
6431 1057
6432 603
6433 1411
6434 864
6435 379
6436 258
6437 1513
6438 1821
6439 1390
6440 1214
6441 959
6442 1663
6443 1594
6444 1333
6445 2006
6446 2245
6447 2109
6448 689
6449 713
6450 1732
6451 630
6452 1201
6453 98
6454 876
6455 1854
6456 2224
6457 2243
6458 398
6459 1766
6460 1016
6461 2122
6462 887
6463 1702
6464 1509
6465 524
6466 878
6467 305
6468 160
6469 686
6470 1783
6471 1054
6472 1088
6473 1242
6474 617
6475 1913
6476 180
6477 2060
6478 1484
6479 1507
6480 1585
6481 341
6482 2191
6483 1201
6484 602
6485 1453
6486 1184
6487 701
6488 1813
6489 678
6490 1878
6491 829
6492 1499
6493 894
6494 1050
6495 1770
6496 1655
6497 748
6498 887
6499 39
6500 1968
6501 39
6502 208
6503 1440
6504 843
6505 187
6506 2256
6507 2046
6508 1923
6509 379
6510 2165
6511 116
6512 601
6513 450
6514 873
6515 1985
6516 1773
6517 1594
6518 548
6519 818
6520 1929
6521 242
6522 1388
6523 777
6524 1198
6525 425
6526 2068
6527 640
6528 254
6529 2061
6530 2236
6531 444
6532 277
6533 1735
6534 959
6535 2208
6536 1368
6537 1968
6538 1916
6539 815
6540 617
6541 566
6542 2089
6543 722
6544 1195
6545 1047
6546 1883
6547 1399
6548 2104
6549 756
6550 2252
6551 1962
6552 116
6553 1204
6554 1692
6555 701
6556 603
6557 1233
6558 351
6559 2026
6560 913
6561 1932
6562 893
6563 892
6564 369
6565 1181
6566 341
6567 934
6568 752
6569 693
6570 1217
6571 1534
6572 1654
6573 2219
6574 1005
6575 976
6576 1009
6577 858
6578 1672
6579 1077
6580 692
6581 341
6582 2246
6583 1581
6584 254
6585 1959
6586 1763
6587 1328
6588 299
6589 2300
6590 1381
6591 2165
6592 920
6593 502
6594 351
6595 944
6596 766
6597 502
6598 1439
6599 1813
6600 1649
6601 1841
6602 566
6603 2320
6604 852
6605 1016
6606 766
6607 1500
6608 1936
6609 1201
6610 1548
6611 1126
6612 2163
6613 632
6614 684
6615 1778
6616 1147
6617 462
6618 334
6619 502
6620 860
6621 2220
6622 1530
6623 1720
6624 254
6625 566
6626 1186
6627 745
6628 915
6629 817
6630 40
6631 415
6632 1242
6633 926
6634 751
6635 2254
6636 1819
6637 838
6638 1840
6639 1307
6640 406
6641 1044
6642 456
6643 1142
6644 766
6645 847
6646 261
6647 1956
6648 15
6649 2101
6650 1016
6651 692
6652 1821
6653 1598
6654 1366
6655 1847
6656 1875
6657 351
6658 1439
6659 1733
6660 541
6661 566
6662 1053
6663 678
6664 713
6665 2296
6666 1153
6667 1227
6668 341
6669 2182
6670 1987
6671 1055
6672 1813
6673 640
6674 1663
6675 919
6676 270
6677 1453
6678 388
6679 813
6680 2110
6681 2061
6682 2205
6683 1889
6684 2110
6685 2280
6686 759
6687 2245
6688 99
6689 1135
6690 1731
6691 1694
6692 234
6693 1307
6694 710
6695 2218
6696 842
6697 736
6698 456
6699 1980
6700 1773
6701 134
6702 1125
6703 566
6704 1913
6705 15
6706 922
6707 2121
6708 378
6709 1058
6710 1774
6711 1640
6712 1839
6713 1145
6714 74
6715 1672
6716 566
6717 1009
6718 1551
6719 740
6720 1104
6721 11
6722 649
6723 1390
6724 1810
6725 1275
6726 1493
6727 1821
6728 1148
6729 708
6730 116
6731 1899
6732 85
6733 1436
6734 1658
6735 1012
6736 1089
6737 1552
6738 649
6739 208
6740 480
6741 305
6742 483
6743 878
6744 1348
6745 869
6746 864
6747 1626
6748 507
6749 1930
6750 247
6751 1617
6752 550
6753 903
6754 1899
6755 8
6756 678
6757 502
6758 1127
6759 2165
6760 456
6761 2143
6762 649
6763 566
6764 1491
6765 478
6766 1773
6767 1050
6768 1928
6769 305
6770 1503
6771 2149
6772 1885
6773 1933
6774 416
6775 2115
6776 2209
6777 1706
6778 566
6779 1185
6780 1810
6781 116
6782 502
6783 2256
6784 2119
6785 1778
6786 1246
6787 1133
6788 2243
6789 1084
6790 1548
6791 1663
6792 2237
6793 1227
6794 1374
6795 243
6796 566
6797 1480
6798 713
6799 1696
6800 1341
6801 545
6802 2060
6803 1714
6804 131
6805 668
6806 420
6807 1923
6808 1385
6809 2321
6810 649
6811 2059
6812 915
6813 369
6814 405
6815 1593
6816 40
6817 958
6818 1864
6819 752
6820 915
6821 2182
6822 1429
6823 1944
6824 1773
6825 40
6826 1338
6827 1397
6828 701
6829 742
6830 931
6831 305
6832 611
6833 2314
6834 1876
6835 1744
6836 2234
6837 959
6838 1843
6839 613
6840 1586
6841 1899
6842 722
6843 268
6844 1485
6845 2193
6846 595
6847 561
6848 482
6849 1918
6850 892
6851 2252
6852 221
6853 1563
6854 1946
6855 921
6856 818
6857 777
6858 994
6859 85
6860 1234
6861 1511
6862 57
6863 2236
6864 471
6865 2193
6866 1926
6867 461
6868 895
6869 944
6870 784
6871 1003
6872 222
6873 640
6874 85
6875 1127
6876 621
6877 1916
6878 718
6879 11
6880 2161
6881 1778
6882 305
6883 540
6884 1899
6885 2081
6886 1730
6887 2168
6888 673
6889 502
6890 1342
6891 100
6892 718
6893 1509
6894 1744
6895 674
6896 2082
6897 519
6898 873
6899 761
6900 1813
6901 2156
6902 8
6903 2065
6904 1884
6905 1038
6906 1778
6907 1447
6908 666
6909 796
6910 1778
6911 2173
6912 944
6913 47
6914 1499
6915 168
6916 1939
6917 1333
6918 1957
6919 85
6920 1350
6921 1883
6922 1141
6923 2242
6924 1946
6925 904
6926 931
6927 1820
6928 298
6929 1307
6930 85
6931 6
6932 1900
6933 1640
6934 1666
6935 11
6936 98
6937 1383
6938 1110
6939 1070
6940 74
6941 294
6942 98
6943 2171
6944 305
6945 595
6946 1832
6947 187
6948 1364
6949 1384
6950 1813
6951 1002
6952 1292
6953 683
6954 729
6955 1473
6956 2
6957 1088
6958 915
6959 1578
6960 2021
6961 1136
6962 1300
6963 2093
6964 2171
6965 187
6966 1926
6967 832
6968 2004
6969 153
6970 751
6971 245
6972 87
6973 1403
6974 376
6975 709
6976 2133
6977 1040
6978 1830
6979 2099
6980 1048
6981 852
6982 1883
6983 1871
6984 1900
6985 2102
6986 2243
6987 1026
6988 1961
6989 762
6990 2258
6991 136
6992 726
6993 915
6994 523
6995 1940
6996 1089
6997 1773
6998 1407
6999 2319
7000 1672
7001 462
7002 425
7003 847
7004 1994
7005 270
7006 11
7007 532
7008 1198
7009 2255
7010 47
7011 844
7012 1825
7013 1715
7014 1773
7015 1039
7016 1530
7017 2046
7018 789
7019 2280
7020 1485
7021 594
7022 212
7023 755
7024 1390
7025 2008
7026 971
7027 1867
7028 2233
7029 717
7030 1069
7031 625
7032 1634
7033 1104
7034 566
7035 1635
7036 2069
7037 554
7038 389
7039 2281
7040 116
7041 1672
7042 539
7043 944
7044 1813
7045 1886
7046 700
7047 93
7048 138
7049 1307
7050 2115
7051 738
7052 1874
7053 1946
7054 1571
7055 940
7056 649
7057 336
7058 1975
7059 1130
7060 1601
7061 2247
7062 546
7063 47
7064 1996
7065 897
7066 1666
7067 757
7068 1333
7069 1390
7070 603
7071 944
7072 1851
7073 532
7074 1730
7075 1280
7076 1810
7077 1534
7078 463
7079 1773
7080 944
7081 1290
7082 1333
7083 160
7084 1630
7085 1889
7086 5
7087 177
7088 853
7089 1663
7090 1962
7091 537
7092 2317
7093 2058
7094 305
7095 1636
7096 373
7097 833
7098 13
7099 1451
7100 499
7101 2223
7102 824
7103 520
7104 483
7105 2236
7106 600
7107 1149
7108 826
7109 1825
7110 168
7111 537
7112 1934
7113 664
7114 867
7115 1256
7116 251
7117 1773
7118 878
7119 132
7120 1020
7121 1017
7122 88
7123 1559
7124 964
7125 1709
7126 1264
7127 1453
7128 1871
7129 882
7130 1741
7131 902
7132 849
7133 1082
7134 463
7135 1926
7136 1344
7137 2073
7138 1841
7139 1889
7140 1022
7141 250
7142 1307
7143 518
7144 1980
7145 608
7146 1740
7147 860
7148 2265
7149 401
7150 2126
7151 1695
7152 2102
7153 626
7154 2046
7155 1267
7156 944
7157 1390
7158 757
7159 748
7160 819
7161 1803
7162 1895
7163 910
7164 121
7165 379
7166 1509
7167 1975
7168 1658
7169 261
7170 655
7171 626
7172 129
7173 1698
7174 1089
7175 1341
7176 2256
7177 1153
7178 2216
7179 1980
7180 1549
7181 549
7182 175
7183 305
7184 1913
7185 1559
7186 792
7187 772
7188 1825
7189 2023
7190 2072
7191 598
7192 1783
7193 241
7194 1508
7195 1534
7196 112
7197 1773
7198 1428
7199 1195
7200 691
7201 1201
7202 1234
7203 877
7204 2256
7205 341
7206 1420
7207 1900
7208 603
7209 471
7210 1939
7211 1066
7212 853
7213 1534
7214 1945
7215 13
7216 611
7217 49
7218 601
7219 1508
7220 563
7221 1050
7222 1534
7223 789
7224 2145
7225 1140
7226 692
7227 1711
7228 267
7229 2251
7230 463
7231 2138
7232 2009
7233 700
7234 13
7235 2046
7236 668
7237 536
7238 76
7239 180
7240 2046
7241 985
7242 1570
7243 1989
7244 962
7245 1390
7246 750
7247 812
7248 789
7249 2246
7250 2184
7251 849
7252 539
7253 1875
7254 1267
7255 944
7256 1830
7257 1766
7258 839
7259 853
7260 1368
7261 1585
7262 184
7263 970
7264 485
7265 546
7266 180
7267 2236
7268 1153
7269 1390
7270 945
7271 1153
7272 2145
7273 922
7274 1866
7275 1096
7276 507
7277 1084
7278 1778
7279 856
7280 2207
7281 1307
7282 1201
7283 305
7284 1914
7285 1877
7286 1571
7287 1115
7288 462
7289 1622
7290 1889
7291 653
7292 1562
7293 499
7294 1832
7295 864
7296 2232
7297 726
7298 1332
7299 1705
7300 261
7301 379
7302 2091
7303 13
7304 2204
7305 507
7306 926
7307 1175
7308 2106
7309 1047
7310 999
7311 2151
7312 1842
7313 1234
7314 302
7315 1341
7316 1602
7317 47
7318 829
7319 1577
7320 379
7321 897
7322 1127
7323 653
7324 566
7325 566
7326 1153
7327 2219
7328 1719
7329 379
7330 2234
7331 305
7332 1621
7333 1721
7334 1696
7335 2106
7336 1185
7337 731
7338 1009
7339 277
7340 2282
7341 1044
7342 970
7343 667
7344 1126
7345 2114
7346 523
7347 613
7348 1832
7349 626
7350 830
7351 351
7352 1307
7353 2165
7354 532
7355 1080
7356 1980
7357 160
7358 713
7359 1020
7360 1096
7361 401
7362 47
7363 2233
7364 1187
7365 2289
7366 710
7367 1454
7368 2071
7369 1503
7370 1713
7371 1967
7372 502
7373 945
7374 1064
7375 456
7376 865
7377 2246
7378 1939
7379 10
7380 1419
7381 2210
7382 1454
7383 566
7384 1878
7385 1951
7386 713
7387 683
7388 1658
7389 966
7390 507
7391 1128
7392 549
7393 1199
7394 447
7395 766
7396 1962
7397 1057
7398 521
7399 1005
7400 2181
7401 784
7402 2099
7403 2237
7404 1357
7405 1894
7406 613
7407 1032
7408 10
7409 1240
7410 1692
7411 1333
7412 474
7413 945
7414 566
7415 535
7416 1295
7417 1571
7418 2228
7419 1584
7420 1915
7421 875
7422 1511
7423 945
7424 373
7425 1876
7426 1849
7427 1783
7428 1120
7429 1484
7430 1546
7431 305
7432 1851
7433 1140
7434 1217
7435 566
7436 10
7437 1014
7438 351
7439 566
7440 1442
7441 1363
7442 768
7443 351
7444 1227
7445 1778
7446 613
7447 1700
7448 1323
7449 870
7450 1481
7451 995
7452 1940
7453 684
7454 1719
7455 1354
7456 888
7457 162
7458 1917
7459 1187
7460 1874
7461 12
7462 1081
7463 856
7464 2061
7465 277
7466 534
7467 1265
7468 1503
7469 693
7470 802
7471 1356
7472 686
7473 1980
7474 1986
7475 1617
7476 2229
7477 1085
7478 114
7479 474
7480 467
7481 351
7482 1512
7483 300
7484 499
7485 988
7486 12
7487 1592
7488 223
7489 873
7490 1773
7491 272
7492 1032
7493 1199
7494 338
7495 1402
7496 1153
7497 2119
7498 1616
7499 246
7500 761
7501 1440
7502 1246
7503 2176
7504 969
7505 1093
7506 1005
7507 667
7508 2204
7509 727
7510 483
7511 2047
7512 1488
7513 185
7514 12
7515 401
7516 1607
7517 305
7518 2184
7519 878
7520 777
7521 1534
7522 926
7523 1838
7524 1026
7525 1575
7526 1917
7527 351
7528 1323
7529 2299
7530 100
7531 1602
7532 1378
7533 453
7534 927
7535 1832
7536 1954
7537 1095
7538 138
7539 1153
7540 541
7541 1962
7542 1715
7543 974
7544 0
7545 2264
7546 1390
7547 1212
7548 2017
7549 184
7550 47
7551 232
7552 1454
7553 726
7554 1853
7555 467
7556 1594
7557 919
7558 1153
7559 47
7560 497
7561 305
7562 1131
7563 47
7564 738
7565 1389
7566 792
7567 2170
7568 2241
7569 1289
7570 829
7571 945
7572 919
7573 2257
7574 2164
7575 791
7576 2083
7577 1116
7578 815
7579 1007
7580 822
7581 1328
7582 2225
7583 392
7584 221
7585 1307
7586 998
7587 2151
7588 1517
7589 1272
7590 1390
7591 640
7592 87
7593 162
7594 1366
7595 12
7596 939
7597 1246
7598 423
7599 945
7600 654
7601 1210
7602 1980
7603 1052
7604 1889
7605 2065
7606 1934
7607 120
7608 5
7609 2135
7610 2155
7611 1773
7612 2023
7613 19
7614 1773
7615 184
7616 60
7617 398
7618 1532
7619 653
7620 2165
7621 1533
7622 1695
7623 1470
7624 368
7625 1304
7626 1607
7627 121
7628 2108
7629 456
7630 974
7631 1346
7632 1225
7633 1048
7634 332
7635 2241
7636 1721
7637 995
7638 1256
7639 208
7640 1778
7641 351
7642 1008
7643 2150
7644 446
7645 1551
7646 1577
7647 336
7648 189
7649 1454
7650 1880
7651 1843
7652 1529
7653 60
7654 876
7655 1460
7656 653
7657 1731
7658 444
7659 626
7660 1094
7661 2229
7662 839
7663 1217
7664 2159
7665 2228
7666 1383
7667 432
7668 1709
7669 351
7670 1569
7671 1301
7672 912
7673 351
7674 305
7675 390
7676 1451
7677 2000
7678 1181
7679 1804
7680 1390
7681 888
7682 1204
7683 2046
7684 2017
7685 2227
7686 2099
7687 1990
7688 1824
7689 1260
7690 1517
7691 1217
7692 410
7693 525
7694 960
7695 472
7696 1884
7697 1859
7698 1340
7699 858
7700 1663
7701 229
7702 1947
7703 277
7704 87
7705 740
7706 1127
7707 1061
7708 1855
7709 507
7710 858
7711 1813
7712 1655
7713 507
7714 1274
7715 1971
7716 489
7717 534
7718 1870
7719 1941
7720 2232
7721 609
7722 1144
7723 1372
7724 58
7725 1274
7726 713
7727 750
7728 1940
7729 47
7730 1778
7731 595
7732 1153
7733 2119
7734 1876
7735 1880
7736 2117
7737 1335
7738 2044
7739 40
7740 1517
7741 890
7742 1867
7743 217
7744 1900
7745 1881
7746 626
7747 1900
7748 2256
7749 226
7750 1252
7751 566
7752 1204
7753 157
7754 84
7755 1832
7756 1517
7757 601
7758 432
7759 1338
7760 1367
7761 1187
7762 483
7763 1556
7764 100
7765 2298
7766 1503
7767 154
7768 1369
7769 610
7770 1476
7771 2077
7772 925
7773 1307
7774 515
7775 1195
7776 1404
7777 1295
7778 2264
7779 1336
7780 1768
7781 1185
7782 398
7783 769
7784 2165
7785 2264
7786 566
7787 351
7788 772
7789 1950
7790 777
7791 1801
7792 1565
7793 537
7794 1813
7795 1644
7796 1154
7797 1176
7798 686
7799 764
7800 2264
7801 397
7802 19
7803 1884
7804 606
7805 1773
7806 352
7807 1195
7808 1258
7809 1454
7810 1283
7811 709
7812 848
7813 40
7814 1217
7815 1298
7816 1914
7817 1493
7818 769
7819 2165
7820 455
7821 731
7822 1607
7823 2026
7824 1734
7825 731
7826 483
7827 337
7828 1961
7829 1301
7830 841
7831 564
7832 1900
7833 1333
7834 305
7835 1618
7836 77
7837 2293
7838 1554
7839 302
7840 1734
7841 769
7842 1663
7843 1250
7844 856
7845 731
7846 1655
7847 1062
7848 566
7849 711
7850 1877
7851 809
7852 1113
7853 919
7854 1900
7855 1813
7856 208
7857 1828
7858 485
7859 682
7860 226
7861 2062
7862 1848
7863 295
7864 420
7865 1198
7866 1813
7867 410
7868 261
7869 1869
7870 2208
7871 939
7872 815
7873 300
7874 19
7875 2102
7876 1513
7877 467
7878 84
7879 276
7880 1261
7881 1017
7882 1082
7883 977
7884 1105
7885 1031
7886 1563
7887 2212
7888 1324
7889 56
7890 1102
7891 2046
7892 1672
7893 1138
7894 846
7895 208
7896 858
7897 2017
7898 992
7899 1493
7900 1592
7901 351
7902 704
7903 455
7904 499
7905 1517
7906 491
7907 566
7908 456
7909 1900
7910 842
7911 1697
7912 2010
7913 2264
7914 176
7915 57
7916 190
7917 1607
7918 784
7919 1933
7920 1002
7921 1534
7922 277
7923 2265
7924 1390
7925 1301
7926 2265
7927 751
7928 667
7929 812
7930 2073
7931 717
7932 2139
7933 203
7934 441
7935 596
7936 2207
7937 1607
7938 653
7939 1154
7940 133
7941 237
7942 40
7943 1624
7944 85
7945 847
7946 566
7947 2155
7948 1840
7949 2131
7950 1694
7951 1454
7952 594
7953 1607
7954 1175
7955 1112
7956 1946
7957 8
7958 2091
7959 889
7960 945
7961 339
7962 1117
7963 19
7964 314
7965 1868
7966 180
7967 777
7968 1713
7969 132
7970 1719
7971 314
7972 2205
7973 882
7974 1733
7975 1267
7976 237
7977 1559
7978 446
7979 1375
7980 470
7981 801
7982 1035
7983 2143
7984 2172
7985 121
7986 1483
7987 1472
7988 1384
7989 1637
7990 189
7991 184
7992 566
7993 1454
7994 2257
7995 1554
7996 1787
7997 1016
7998 2224
7999 277
8000 1246
8001 19
8002 19
8003 273
8004 1923
8005 939
8006 566
8007 1123
8008 1390
8009 1043
8010 2155
8011 1517
8012 1787
8013 1498
8014 904
8015 2235
8016 351
8017 423
8018 1154
8019 2265
8020 1639
8021 617
8022 2144
8023 1994
8024 19
8025 1231
8026 1307
8027 982
8028 1029
8029 2127
8030 2289
8031 2215
8032 1625
8033 1454
8034 1240
8035 401
8036 604
8037 609
8038 371
8039 839
8040 2101
8041 1048
8042 40
8043 1003
8044 824
8045 1649
8046 1397
8047 1148
8048 212
8049 2300
8050 852
8051 479
8052 19
8053 1649
8054 519
8055 864
8056 1843
8057 351
8058 865
8059 1691
8060 6
8061 1253
8062 84
8063 1356
8064 428
8065 1190
8066 467
8067 1991
8068 521
8069 1000
8070 2062
8071 2168
8072 777
8073 1787
8074 945
8075 1993
8076 764
8077 1119
8078 1217
8079 2190
8080 1900
8081 2250
8082 1564
8083 2265
8084 726
8085 237
8086 1154
8087 628
8088 704
8089 121
8090 764
8091 226
8092 813
8093 277
8094 491
8095 19
8096 1591
8097 2
8098 772
8099 2265
8100 1473
8101 1626
8102 1946
8103 945
8104 1900
8105 1264
8106 1897
8107 1627
8108 2095
8109 84
8110 162
8111 748
8112 772
8113 1346
8114 2265
8115 1900
8116 878
8117 566
8118 132
8119 640
8120 653
8121 19
8122 1374
8123 4
8124 401
8125 84
8126 1691
8127 456
8128 100
8129 1308
8130 1517
8131 1474
8132 86
8133 563
8134 1801
8135 1407
8136 853
8137 498
8138 81
8139 561
8140 981
8141 392
8142 189
8143 415
8144 1892
8145 2288
8146 189
8147 2165
8148 793
8149 1623
8150 19
8151 498
8152 2265
8153 1143
8154 566
8155 1010
8156 704
8157 2099
8158 1655
8159 351
8160 628
8161 2266
8162 945
8163 432
8164 1635
8165 2165
8166 4
8167 543
8168 1701
8169 1450
8170 1672
8171 1387
8172 1497
8173 1154
8174 297
8175 1491
8176 100
8177 1385
8178 674
8179 866
8180 1454
8181 432
8182 478
8183 895
8184 566
8185 1782
8186 636
8187 1133
8188 1246
8189 968
8190 2046
8191 1451
8192 1996
8193 1489
8194 1025
8195 1177
8196 2265
8197 561
8198 2212
8199 1700
8200 686
8201 180
8202 2149
8203 339
8204 1849
8205 1117
8206 2265
8207 2031
8208 2151
8209 1324
8210 1050
8211 1144
8212 1307
8213 1154
8214 693
8215 710
8216 1234
8217 1787
8218 1056
8219 2148
8220 960
8221 537
8222 226
8223 40
8224 1009
8225 1607
8226 470
8227 764
8228 432
8229 601
8230 1385
8231 958
8232 726
8233 1190
8234 1141
8235 653
8236 844
8237 428
8238 1482
8239 1866
8240 1266
8241 762
8242 125
8243 686
8244 1240
8245 2127
8246 2265
8247 1787
8248 212
8249 498
8250 277
8251 603
8252 731
8253 554
8254 184
8255 168
8256 895
8257 299
8258 432
8259 945
8260 498
8261 1673
8262 2265
8263 1250
8264 507
8265 1803
8266 2302
8267 979
8268 1740
8269 2265
8270 277
8271 40
8272 1154
8273 1475
8274 1673
8275 478
8276 1049
8277 1096
8278 1787
8279 664
8280 1131
8281 1900
8282 693
8283 628
8284 2122
8285 973
8286 1655
8287 1503
8288 1404
8289 1942
8290 1509
8291 726
8292 704
8293 2041
8294 1369
8295 675
8296 314
8297 851
8298 1549
8299 1517
8300 2183
8301 1476
8302 1274
8303 668
8304 40
8305 1281
8306 616
8307 246
8308 491
8309 2111
8310 314
8311 302
8312 1849
8313 1154
8314 1405
8315 2265
8316 699
8317 152
8318 212
8319 314
8320 19
8321 1730
8322 1234
8323 1490
8324 2230
8325 762
8326 1955
8327 1127
8328 2046
8329 1517
8330 1517
8331 1126
8332 1596
8333 478
8334 977
8335 866
8336 1217
8337 787
8338 314
8339 1154
8340 1183
8341 2265
8342 1741
8343 929
8344 713
8345 1442
8346 1354
8347 1933
8348 2156
8349 930
8350 2265
8351 2255
8352 519
8353 1387
8354 2059
8355 1655
8356 1133
8357 1745
8358 208
8359 985
8360 1937
8361 1948
8362 100
8363 300
8364 40
8365 1838
8366 240
8367 433
8368 996
8369 1575
8370 2059
8371 1234
8372 1095
8373 1476
8374 1190
8375 273
8376 491
8377 2041
8378 1924
8379 401
8380 869
8381 1592
8382 1362
8383 1445
8384 704
8385 314
8386 369
8387 186
8388 1021
8389 2291
8390 845
8391 864
8392 678
8393 1829
8394 2078
8395 2157
8396 334
8397 2116
8398 824
8399 829
8400 700
8401 40
8402 2266
8403 1442
8404 2093
8405 1658
8406 1561
8407 2266
8408 1104
8409 162
8410 222
8411 1607
8412 1385
8413 19
8414 537
8415 2083
8416 1481
8417 2114
8418 1897
8419 28
8420 2212
8421 1032
8422 138
8423 1140
8424 1728
8425 1673
8426 1545
8427 801
8428 896
8429 2286
8430 849
8431 1517
8432 138
8433 1340
8434 314
8435 2196
8436 789
8437 1673
8438 1895
8439 491
8440 432
8441 599
8442 446
8443 277
8444 2080
8445 1849
8446 801
8447 1214
8448 1078
8449 1209
8450 793
8451 1639
8452 998
8453 1647
8454 2250
8455 912
8456 782
8457 428
8458 993
8459 1513
8460 1707
8461 895
8462 1471
8463 559
8464 1704
8465 1692
8466 1132
8467 1597
8468 1918
8469 1061
8470 2023
8471 277
8472 1454
8473 277
8474 1084
8475 195
8476 1154
8477 667
8478 415
8479 153
8480 236
8481 1745
8482 2305
8483 2223
8484 875
8485 1503
8486 1696
8487 688
8488 945
8489 449
8490 782
8491 638
8492 2266
8493 2245
8494 314
8495 1568
8496 1049
8497 1413
8498 566
8499 460
8500 1531
8501 893
8502 2197
8503 2144
8504 1884
8505 1017
8506 2173
8507 789
8508 2252
8509 1141
8510 277
8511 481
8512 100
8513 616
8514 1416
8515 1787
8516 1517
8517 991
8518 1586
8519 1587
8520 1673
8521 1813
8522 2082
8523 2081
8524 2127
8525 945
8526 2147
8527 646
8528 2191
8529 726
8530 408
8531 782
8532 138
8533 2102
8534 1214
8535 924
8536 1307
8537 1299
8538 1414
8539 566
8540 1534
8541 1131
8542 830
8543 2233
8544 40
8545 1517
8546 760
8547 304
8548 277
8549 535
8550 1112
8551 1813
8552 1788
8553 455
8554 478
8555 394
8556 1089
8557 1745
8558 249
8559 738
8560 1040
8561 2093
8562 1372
8563 1141
8564 1534
8565 1916
8566 1937
8567 819
8568 314
8569 267
8570 314
8571 1937
8572 2221
8573 1260
8574 1649
8575 1813
8576 2062
8577 1544
8578 1535
8579 153
8580 1506
8581 1549
8582 653
8583 1585
8584 2191
8585 424
8586 1788
8587 1673
8588 1900
8589 2068
8590 2134
8591 1054
8592 1176
8593 849
8594 115
8595 1745
8596 1673
8597 1335
8598 1788
8599 625
8600 1673
8601 1233
8602 893
8603 789
8604 883
8605 1788
8606 1431
8607 507
8608 261
8609 1452
8610 927
8611 2266
8612 939
8613 1673
8614 1716
8615 782
8616 476
8617 1725
8618 2266
8619 254
8620 759
8621 2121
8622 1424
8623 2266
8624 931
8625 888
8626 910
8627 1123
8628 1812
8629 1768
8630 2148
8631 2266
8632 1103
8633 1624
8634 566
8635 772
8636 1288
8637 2234
8638 539
8639 1278
8640 1154
8641 619
8642 974
8643 2266
8644 1535
8645 1257
8646 964
8647 1009
8648 1701
8649 2017
8650 566
8651 2214
8652 1869
8653 2124
8654 979
8655 497
8656 60
8657 1301
8658 1544
8659 1745
8660 610
8661 331
8662 527
8663 2266
8664 783
8665 314
8666 2083
8667 242
8668 451
8669 1925
8670 2266
8671 2083
8672 2227
8673 302
8674 153
8675 1420
8676 273
8677 1868
8678 1124
8679 1785
8680 840
8681 1898
8682 432
8683 254
8684 700
8685 432
8686 1214
8687 1021
8688 2266
8689 1718
8690 2229
8691 471
8692 1402
8693 901
8694 1402
8695 2227
8696 1995
8697 478
8698 2080
8699 100
8700 470
8701 153
8702 1056
8703 2224
8704 93
8705 860
8706 7
8707 1207
8708 1806
8709 1944
8710 1592
8711 491
8712 748
8713 1077
8714 333
8715 507
8716 195
8717 1745
8718 491
8719 2177
8720 1489
8721 467
8722 1291
8723 335
8724 1788
8725 19
8726 1116
8727 1967
8728 722
8729 2266
8730 375
8731 1050
8732 277
8733 82
8734 1077
8735 566
8736 1397
8737 2
8738 1119
8739 1345
8740 987
8741 2225
8742 1848
8743 1052
8744 2267
8745 2242
8746 432
8747 138
8748 1863
8749 1529
8750 1449
8751 133
8752 399
8753 2021
8754 974
8755 1246
8756 2005
8757 702
8758 1405
8759 1198
8760 998
8761 1945
8762 180
8763 254
8764 432
8765 619
8766 408
8767 100
8768 1109
8769 702
8770 2181
8771 2266
8772 658
8773 2157
8774 1094
8775 1104
8776 2211
8777 815
8778 1860
8779 532
8780 625
8781 1745
8782 1089
8783 2266
8784 1214
8785 195
8786 1616
8787 874
8788 1378
8789 1089
8790 912
8791 254
8792 1274
8793 927
8794 1454
8795 1307
8796 378
8797 974
8798 1721
8799 2251
8800 1402
8801 1673
8802 866
8803 2204
8804 2266
8805 910
8806 1745
8807 1950
8808 2096
8809 689
8810 1548
8811 1625
8812 267
8813 432
8814 1551
8815 1075
8816 1068
8817 228
8818 1416
8819 2267
8820 1333
8821 2207
8822 19
8823 277
8824 1485
8825 1785
8826 1507
8827 2032
8828 1745
8829 1745
8830 1825
8831 635
8832 720
8833 2127
8834 675
8835 294
8836 77
8837 1255
8838 2136
8839 1264
8840 432
8841 985
8842 1406
8843 247
8844 1673
8845 1535
8846 401
8847 221
8848 1411
8849 1485
8850 559
8851 544
8852 208
8853 237
8854 237
8855 100
8856 702
8857 919
8858 1567
8859 2195
8860 1710
8861 368
8862 1803
8863 254
8864 777
8865 1673
8866 702
8867 2077
8868 2
8869 2267
8870 138
8871 1400
8872 741
8873 3
8874 1788
8875 1214
8876 1812
8877 1695
8878 1210
8879 2095
8880 491
8881 2233
8882 314
8883 1747
8884 398
8885 502
8886 251
8887 653
8888 668
8889 2071
8890 2013
8891 2292
8892 1745
8893 777
8894 1806
8895 1897
8896 297
8897 2267
8898 1366
8899 1331
8900 157
8901 896
8902 2021
8903 2267
8904 259
8905 1698
8906 19
8907 2082
8908 1869
8909 456
8910 619
8911 748
8912 2283
8913 1222
8914 667
8915 1559
8916 813
8917 1190
8918 1068
8919 789
8920 40
8921 1745
8922 2046
8923 2046
8924 135
8925 2046
8926 1806
8927 1954
8928 1402
8929 1111
8930 1954
8931 44
8932 195
8933 1929
8934 1342
8935 2225
8936 969
8937 1054
8938 314
8939 1078
8940 1603
8941 1716
8942 2092
8943 1658
8944 401
8945 1649
8946 252
8947 718
8948 1810
8949 1376
8950 1227
8951 1119
8952 2267
8953 491
8954 1745
8955 1290
8956 567
8957 2225
8958 1526
8959 1307
8960 1806
8961 491
8962 1655
8963 1307
8964 2090
8965 924
8966 2089
8967 821
8968 2046
8969 699
8970 1721
8971 2267
8972 1623
8973 1106
8974 1572
8975 125
8976 81
8977 695
8978 1778
8979 1881
8980 1745
8981 1788
8982 100
8983 1653
8984 1634
8985 1938
8986 1599
8987 702
8988 351
8989 826
8990 1517
8991 2296
8992 20
8993 1736
8994 2209
8995 1607
8996 4
8997 1649
8998 2208
8999 2096
9000 653
9001 447
9002 1745
9003 277
9004 1581
9005 2026
9006 351
9007 889
9008 690
9009 1049
9010 616
9011 1517
9012 1995
9013 1820
9014 2111
9015 1711
9016 1655
9017 722
9018 778
9019 221
9020 1154
9021 304
9022 1020
9023 757
9024 612
9025 149
9026 2161
9027 1279
9028 519
9029 914
9030 491
9031 2046
9032 1841
9033 462
9034 138
9035 690
9036 212
9037 1403
9038 726
9039 1714
9040 1845
9041 232
9042 1567
9043 1445
9044 423
9045 1516
9046 1154
9047 1745
9048 717
9049 2236
9050 42
9051 1889
9052 2046
9053 603
9054 2212
9055 1154
9056 1869
9057 1607
9058 1591
9059 567
9060 180
9061 37
9062 1850
9063 1663
9064 1531
9065 838
9066 1120
9067 152
9068 498
9069 2105
9070 931
9071 878
9072 351
9073 1993
9074 180
9075 702
9076 891
9077 237
9078 1190
9079 962
9080 277
9081 267
9082 212
9083 298
9084 1728
9085 125
9086 1769
9087 1915
9088 1154
9089 1001
9090 709
9091 331
9092 444
9093 869
9094 1701
9095 1335
9096 789
9097 447
9098 1491
9099 653
9100 195
9101 1041
9102 1633
9103 1364
9104 390
9105 1996
9106 1630
9107 1050
9108 1227
9109 1947
9110 1788
9111 2140
9112 667
9113 969
9114 1301
9115 460
9116 1788
9117 922
9118 1121
9119 2282
9120 1071
9121 1307
9122 1696
9123 1384
9124 1222
9125 1997
9126 78
9127 1110
9128 2026
9129 138
9130 148
9131 1472
9132 237
9133 2267
9134 180
9135 507
9136 2230
9137 787
9138 2144
9139 2186
9140 2042
9141 1631
9142 1420
9143 300
9144 351
9145 1745
9146 1154
9147 979
9148 567
9149 567
9150 2026
9151 625
9152 1550
9153 1745
9154 1583
9155 498
9156 1020
9157 2046
9158 1048
9159 599
9160 270
9161 212
9162 2005
9163 1998
9164 81
9165 1224
9166 1900
9167 677
9168 1806
9169 2249
9170 699
9171 1938
9172 1109
9173 1788
9174 81
9175 2247
9176 1132
9177 743
9178 38
9179 919
9180 1270
9181 416
9182 1953
9183 1509
9184 277
9185 1154
9186 625
9187 860
9188 2087
9189 1380
9190 940
9191 1599
9192 711
9193 351
9194 351
9195 1896
9196 113
9197 1271
9198 1654
9199 497
9200 984
9201 2173
9202 940
9203 1637
9204 1131
9205 314
9206 84
9207 2004
9208 98
9209 1859
9210 416
9211 1949
9212 830
9213 1207
9214 2138
9215 945
9216 1245
9217 121
9218 1517
9219 1592
9220 2062
9221 2111
9222 332
9223 819
9224 244
9225 691
9226 1766
9227 1841
9228 1485
9229 2001
9230 1405
9231 1916
9232 747
9233 1788
9234 2232
9235 1782
9236 1806
9237 2093
9238 1631
9239 1535
9240 206
9241 927
9242 133
9243 2078
9244 491
9245 138
9246 969
9247 1385
9248 252
9249 2162
9250 42
9251 862
9252 1148
9253 507
9254 465
9255 1642
9256 1491
9257 554
9258 1154
9259 424
9260 1290
9261 968
9262 2046
9263 1813
9264 2063
9265 2159
9266 974
9267 1745
9268 1276
9269 1558
9270 314
9271 138
9272 1910
9273 20
9274 351
9275 1068
9276 985
9277 902
9278 1745
9279 2197
9280 970
9281 789
9282 2064
9283 1922
9284 1914
9285 2046
9286 85
9287 760
9288 410
9289 2244
9290 1535
9291 1437
9292 1206
9293 1154
9294 717
9295 961
9296 588
9297 700
9298 314
9299 2119
9300 554
9301 397
9302 297
9303 1768
9304 1188
9305 2156
9306 636
9307 2014
9308 2072
9309 1888
9310 2232
9311 424
9312 525
9313 392
9314 1094
9315 1479
9316 1130
9317 1733
9318 195
9319 2252
9320 1051
9321 1287
9322 1581
9323 1655
9324 1640
9325 1009
9326 1241
9327 1419
9328 2016
9329 592
9330 895
9331 1517
9332 1511
9333 1698
9334 902
9335 2034
9336 1355
9337 1008
9338 1900
9339 640
9340 1788
9341 426
9342 645
9343 769
9344 43
9345 314
9346 1745
9347 1666
9348 913
9349 869
9350 166
9351 1637
9352 1250
9353 277
9354 244
9355 1517
9356 1598
9357 1154
9358 1843
9359 1154
9360 456
9361 1707
9362 2267
9363 1014
9364 2197
9365 2267
9366 898
9367 43
9368 1547
9369 410
9370 2122
9371 1476
9372 42
9373 85
9374 444
9375 1356
9376 973
9377 2090
9378 945
9379 1745
9380 1050
9381 653
9382 1331
9383 2197
9384 1200
9385 454
9386 1634
9387 233
9388 432
9389 1307
9390 1532
9391 1806
9392 981
9393 42
9394 351
9395 653
9396 1287
9397 2010
9398 2245
9399 616
9400 653
9401 1555
9402 1763
9403 1535
9404 841
9405 247
9406 2248
9407 20
9408 2234
9409 186
9410 2286
9411 589
9412 379
9413 1423
9414 963
9415 1829
9416 1517
9417 1546
9418 1123
9419 1307
9420 212
9421 1432
9422 1417
9423 314
9424 1845
9425 700
9426 1732
9427 138
9428 860
9429 1154
9430 856
9431 42
9432 1545
9433 1271
9434 1200
9435 1655
9436 722
9437 11
9438 1642
9439 826
9440 1059
9441 1607
9442 2159
9443 700
9444 1075
9445 1531
9446 822
9447 1782
9448 2065
9449 2205
9450 2267
9451 120
9452 700
9453 2267
9454 1338
9455 237
9456 250
9457 853
9458 1703
9459 1123
9460 1307
9461 2267
9462 877
9463 1380
9464 1971
9465 232
9466 20
9467 564
9468 446
9469 2105
9470 913
9471 524
9472 186
9473 1375
9474 1307
9475 502
9476 1376
9477 95
9478 0
9479 1992
9480 1304
9481 1020
9482 2267
9483 2223
9484 1828
9485 298
9486 675
9487 214
9488 212
9489 1274
9490 42
9491 1944
9492 1270
9493 446
9494 1079
9495 2242
9496 1438
9497 1600
9498 1145
9499 945
9500 912
9501 1154
9502 751
9503 801
9504 353
9505 114
9506 1856
9507 1994
9508 195
9509 2238
9510 1223
9511 2267
9512 426
9513 392
9514 893
9515 1913
9516 889
9517 212
9518 1212
9519 1745
9520 1125
9521 277
9522 871
9523 1607
9524 2267
9525 1400
9526 120
9527 973
9528 1362
9529 1577
9530 1014
9531 267
9532 443
9533 7
9534 2121
9535 100
9536 1636
9537 42
9538 558
9539 351
9540 206
9541 1072
9542 2188
9543 1788
9544 387
9545 739
9546 655
9547 1127
9548 162
9549 1957
9550 529
9551 1857
9552 100
9553 1132
9554 1746
9555 1154
9556 1128
9557 2313
9558 1403
9559 567
9560 1185
9561 1517
9562 1999
9563 1561
9564 1198
9565 42
9566 1655
9567 277
9568 1427
9569 1215
9570 695
9571 2227
9572 314
9573 1535
9574 2102
9575 1855
9576 998
9577 796
9578 162
9579 2205
9580 796
9581 1850
9582 1768
9583 467
9584 833
9585 1900
9586 1517
9587 2105
9588 567
9589 392
9590 515
9591 1622
9592 100
9593 472
9594 195
9595 1584
9596 700
9597 741
9598 1988
9599 775
9600 684
9601 186
9602 1529
9603 1824
9604 926
9605 1071
9606 616
9607 1020
9608 1359
9609 2257
9610 644
9611 743
9612 1857
9613 1745
9614 833
9615 2206
9616 1870
9617 1910
9618 1148
9619 1517
9620 1737
9621 1354
9622 1880
9623 1236
9624 1513
9625 57
9626 930
9627 675
9628 1711
9629 379
9630 1388
9631 627
9632 1788
9633 1410
9634 1352
9635 121
9636 1745
9637 2185
9638 1139
9639 722
9640 931
9641 1745
9642 1607
9643 1339
9644 1223
9645 849
9646 2100
9647 1784
9648 2181
9649 701
9650 1879
9651 1154
9652 2003
9653 478
9654 2081
9655 2
9656 1713
9657 1023
9658 896
9659 983
9660 1343
9661 114
9662 627
9663 1266
9664 478
9665 60
9666 969
9667 1338
9668 636
9669 1937
9670 1736
9671 1084
9672 860
9673 653
9674 1944
9675 567
9676 1889
9677 860
9678 233
9679 710
9680 596
9681 1333
9682 1995
9683 849
9684 1203
9685 448
9686 1284
9687 2242
9688 1232
9689 314
9690 2088
9691 993
9692 2267
9693 1142
9694 720
9695 1854
9696 1806
9697 934
9698 1186
9699 1959
9700 901
9701 769
9702 1280
9703 1658
9704 1871
9705 1425
9706 1078
9707 1535
9708 627
9709 1154
9710 1900
9711 1154
9712 1084
9713 88
9714 932
9715 2026
9716 314
9717 237
9718 453
9719 380
9720 1084
9721 567
9722 1401
9723 927
9724 1480
9725 1024
9726 1900
9727 507
9728 2250
9729 1398
9730 100
9731 100
9732 2285
9733 1658
9734 809
9735 1353
9736 1049
9737 60
9738 1154
9739 740
9740 277
9741 789
9742 516
9743 1962
9744 1154
9745 523
9746 1367
9747 9
9748 1773
9749 671
9750 649
9751 1961
9752 1442
9753 1543
9754 1966
9755 594
9756 2001
9757 374
9758 878
9759 1084
9760 1022
9761 507
9762 1197
9763 1070
9764 631
9765 2246
9766 981
9767 1011
9768 613
9769 1971
9770 1591
9771 1062
9772 507
9773 969
9774 635
9775 507
9776 789
9777 111
9778 1065
9779 1252
9780 1349
9781 2250
9782 1009
9783 1089
9784 335
9785 60
9786 351
9787 1491
9788 1029
9789 1292
9790 129
9791 818
9792 1971
9793 1498
9794 1227
9795 1933
9796 351
9797 491
9798 1108
9799 2034
9800 1745
9801 973
9802 1154
9803 1926
9804 1640
9805 111
9806 1106
9807 1035
9808 1927
9809 1745
9810 1047
9811 899
9812 1638
9813 1307
9814 1215
9815 1252
9816 20
9817 1215
9818 1893
9819 741
9820 1372
9821 2141
9822 314
9823 1513
9824 1716
9825 934
9826 838
9827 1154
9828 903
9829 1397
9830 408
9831 507
9832 2219
9833 1020
9834 1017
9835 1624
9836 60
9837 1806
9838 2246
9839 231
9840 1281
9841 934
9842 1035
9843 616
9844 934
9845 1859
9846 277
9847 60
9848 2224
9849 851
9850 993
9851 1200
9852 701
9853 1491
9854 314
9855 675
9856 1535
9857 739
9858 627
9859 1213
9860 138
9861 2008
9862 1003
9863 958
9864 1508
9865 393
9866 1288
9867 1093
9868 1412
9869 851
9870 2242
9871 1072
9872 1616
9873 2186
9874 2250
9875 1821
9876 1307
9877 567
9878 939
9879 100
9880 2231
9881 491
9882 791
9883 389
9884 722
9885 1376
9886 1566
9887 1047
9888 1953
9889 590
9890 1513
9891 961
9892 991
9893 1949
9894 1819
9895 932
9896 20
9897 1179
9898 1639
9899 20
9900 567
9901 1998
9902 1208
9903 1489
9904 491
9905 56
9906 1307
9907 2280
9908 2074
9909 907
9910 1016
9911 1600
9912 1200
9913 351
9914 791
9915 1016
9916 2230
9917 2197
9918 5
9919 20
9920 1850
9921 1334
9922 389
9923 2219
9924 76
9925 1084
9926 688
9927 186
9928 1186
9929 1845
9930 380
9931 738
9932 1889
9933 1997
9934 964
9935 934
9936 746
9937 1633
9938 314
9939 134
9940 1203
9941 1649
9942 1820
9943 1806
9944 2001
9945 2230
9946 247
9947 1784
9948 663
9949 1427
9950 849
9951 1697
9952 469
9953 269
9954 1366
9955 263
9956 1493
9957 20
9958 389
9959 507
9960 186
9961 82
9962 1738
9963 593
9964 1544
9965 1477
9966 449
9967 20
9968 1897
9969 158
9970 883
9971 277
9972 1553
9973 138
9974 84
9975 1658
9976 1012
9977 20
9978 930
9979 152
9980 1258
9981 662
9982 1638
9983 907
9984 1526
9985 2268
9986 153
9987 1082
9988 160
9989 272
9990 783
9991 1881
9992 489
9993 1049
9994 516
9995 100
9996 187
9997 2280
9998 130
9999 595
10000 907
10001 769
10002 1894
10003 277
10004 567
10005 970
10006 1345
10007 2253
10008 1390
10009 567
10010 819
10011 130
10012 783
10013 212
10014 722
10015 1971
10016 824
10017 1341
10018 1745
10019 500
10020 1548
10021 1590
10022 410
10023 60
10024 187
10025 1894
10026 351
10027 1649
10028 260
10029 2004
10030 1255
10031 1002
10032 627
10033 1030
10034 278
10035 720
10036 1045
10037 2140
10038 625
10039 2215
10040 990
10041 351
10042 1969
10043 2209
10044 1577
10045 996
10046 380
10047 1745
10048 558
10049 1658
10050 1711
10051 1603
10052 1700
10053 2163
10054 603
10055 1178
10056 243
10057 751
10058 2280
10059 42
10060 1895
10061 2158
10062 1036
10063 100
10064 2268
10065 1962
10066 1103
10067 1088
10068 133
10069 1249
10070 1631
10071 1620
10072 1707
10073 600
10074 1499
10075 1117
10076 1339
10077 1596
10078 2183
10079 2252
10080 1503
10081 649
10082 1154
10083 649
10084 636
10085 1806
10086 392
10087 1996
10088 1363
10089 1666
10090 1016
10091 1607
10092 2064
10093 1251
10094 2090
10095 1914
10096 701
10097 1128
10098 1349
10099 469
10100 516
10101 129
10102 864
10103 150
10104 1253
10105 1513
10106 120
10107 1607
10108 314
10109 739
10110 934
10111 1703
10112 243
10113 1858
10114 1578
10115 1241
10116 1117
10117 1087
10118 1493
10119 2168
10120 1801
10121 1112
10122 1618
10123 20
10124 638
10125 479
10126 1647
10127 1154
10128 1854
10129 913
10130 1900
10131 2212
10132 2216
10133 100
10134 599
10135 2117
10136 1215
10137 150
10138 1134
10139 751
10140 775
10141 701
10142 1858
10143 844
10144 1702
10145 1480
10146 392
10147 2099
10148 213
10149 1060
10150 667
10151 1550
10152 1363
10153 2236
10154 85
10155 20
10156 507
10157 2066
10158 1645
10159 1427
10160 272
10161 264
10162 2117
10163 278
10164 832
10165 1844
10166 1822
10167 294
10168 1889
10169 649
10170 1207
10171 2027
10172 1806
10173 1250
10174 907
10175 989
10176 1545
10177 1723
10178 720
10179 1356
10180 1658
10181 351
10182 1513
10183 212
10184 278
10185 2067
10186 1489
10187 294
10188 1123
10189 1026
10190 1154
10191 278
10192 1253
10193 649
10194 407
10195 1969
10196 2089
10197 314
10198 2103
10199 915
10200 1806
10201 755
10202 483
10203 2016
10204 212
10205 1551
10206 710
10207 1745
10208 392
10209 537
10210 1969
10211 1493
10212 989
10213 1424
10214 2119
10215 722
10216 391
10217 278
10218 376
10219 1503
10220 1307
10221 2044
10222 1738
10223 1810
10224 1194
10225 1745
10226 1007
10227 1040
10228 351
10229 2104
10230 1154
10231 231
10232 567
10233 1414
10234 351
10235 187
10236 1658
10237 1089
10238 1307
10239 979
10240 1533
10241 2283
10242 2067
10243 1943
10244 543
10245 1378
10246 1062
10247 479
10248 1433
10249 1445
10250 1775
10251 2000
10252 1820
10253 314
10254 649
10255 1480
10256 123
10257 467
10258 882
10259 278
10260 1947
10261 19
10262 2033
10263 19
10264 1003
10265 1354
10266 407
10267 1210
10268 314
10269 278
10270 1284
10271 1154
10272 669
10273 100
10274 2157
10275 1340
10276 19
10277 1802
10278 463
10279 1782
10280 2206
10281 1469
10282 1711
10283 718
10284 842
10285 1850
10286 777
10287 1871
10288 1093
10289 187
10290 755
10291 1089
10292 432
10293 1426
10294 1154
10295 1884
10296 1266
10297 475
10298 2089
10299 1073
10300 478
10301 701
10302 1745
10303 2224
10304 500
10305 1265
10306 722
10307 919
10308 713
10309 123
10310 278
10311 1360
10312 1154
10313 595
10314 1979
10315 1565
10316 1977
10317 545
10318 535
10319 822
10320 869
10321 1645
10322 1921
10323 608
10324 2208
10325 1356
10326 2231
10327 2208
10328 1632
10329 2298
10330 1450
10331 419
10332 1089
10333 2082
10334 616
10335 1555
10336 1352
10337 1999
10338 314
10339 834
10340 1276
10341 351
10342 1705
10343 919
10344 452
10345 545
10346 2244
10347 484
10348 1291
10349 226
10350 1088
10351 20
10352 2076
10353 1215
10354 449
10355 351
10356 1778
10357 1841
10358 1661
10359 1125
10360 1086
10361 999
10362 1819
10363 1729
10364 1399
10365 1241
10366 410
10367 519
10368 1706
10369 1358
10370 432
10371 1154
10372 1953
10373 2215
10374 1201
10375 1870
10376 1729
10377 115
10378 1531
10379 1269
10380 557
10381 567
10382 207
10383 1367
10384 1180
10385 1076
10386 1190
10387 21
10388 1401
10389 187
10390 1154
10391 1155
10392 2021
10393 42
10394 1236
10395 58
10396 1488
10397 1144
10398 526
10399 137
10400 1420
10401 789
10402 234
10403 1203
10404 420
10405 207
10406 1372
10407 398
10408 929
10409 649
10410 1190
10411 2268
10412 741
10413 1418
10414 407
10415 645
10416 1810
10417 640
10418 1851
10419 1452
10420 903
10421 2046
10422 1399
10423 240
10424 1034
10425 1454
10426 1823
10427 1838
10428 884
10429 1602
10430 1649
10431 2242
10432 506
10433 1454
10434 1454
10435 410
10436 1186
10437 1051
10438 1360
10439 1860
10440 1337
10441 187
10442 647
10443 717
10444 528
10445 1329
10446 1533
10447 20
10448 5
10449 865
10450 1326
10451 226
10452 410
10453 1649
10454 2149
10455 1351
10456 1291
10457 1729
10458 485
10459 2227
10460 1215
10461 20
10462 1962
10463 1124
10464 713
10465 1950
10466 187
10467 541
10468 912
10469 1038
10470 502
10471 625
10472 525
10473 1582
10474 1803
10475 1954
10476 1047
10477 516
10478 915
10479 2107
10480 665
10481 876
10482 849
10483 595
10484 455
10485 20
10486 486
10487 1057
10488 259
10489 1803
10490 351
10491 7
10492 1345
10493 2026
10494 1883
10495 1733
10496 2182
10497 123
10498 29
10499 701
10500 1413
10501 2077
10502 20
10503 314
10504 20
10505 608
10506 1454
10507 99
10508 1741
10509 1994
10510 1025
10511 558
10512 2198
10513 2256
10514 1289
10515 212
10516 123
10517 1849
10518 1341
10519 2284
10520 644
10521 2110
10522 2226
10523 1262
10524 263
10525 1118
10526 2000
10527 2178
10528 1337
10529 1223
10530 1307
10531 2228
10532 96
10533 2172
10534 1551
10535 591
10536 2094
10537 351
10538 399
10539 765
10540 334
10541 959
10542 314
10543 1301
10544 924
10545 232
10546 166
10547 1855
10548 1878
10549 507
10550 907
10551 1517
10552 1823
10553 2213
10554 1883
10555 1596
10556 432
10557 1383
10558 337
10559 567
10560 2107
10561 543
10562 1114
10563 940
10564 301
10565 684
10566 1416
10567 1900
10568 314
10569 1308
10570 640
10571 1839
10572 1442
10573 1470
10574 530
10575 2046
10576 1803
10577 187
10578 314
10579 1535
10580 2030
10581 2183
10582 469
10583 1142
10584 1600
10585 1911
10586 645
10587 701
10588 1659
10589 1934
10590 5
10591 120
10592 1390
10593 1183
10594 684
10595 1473
10596 2208
10597 331
10598 1765
10599 1096
10600 1721
10601 695
10602 195
10603 314
10604 278
10605 789
10606 1215
10607 150
10608 1922
10609 789
10610 121
10611 341
10612 278
10613 20
10614 1485
10615 341
10616 1442
10617 532
10618 1155
10619 2243
10620 589
10621 1649
10622 1005
10623 502
10624 341
10625 1820
10626 1513
10627 2228
10628 314
10629 278
10630 1413
10631 1197
10632 1148
10633 1127
10634 2164
10635 120
10636 1122
10637 314
10638 1030
10639 765
10640 1925
10641 893
10642 688
10643 932
10644 2301
10645 1213
10646 768
10647 1998
10648 1060
10649 1879
10650 958
10651 1697
10652 1987
10653 129
10654 1231
10655 1987
10656 701
10657 938
10658 1639
10659 1036
10660 1638
10661 20
10662 864
10663 475
10664 838
10665 2141
10666 1213
10667 546
10668 20
10669 375
10670 647
10671 1070
10672 1718
10673 410
10674 1258
10675 1308
10676 689
10677 1883
10678 2169
10679 1863
10680 380
10681 1236
10682 1368
10683 2171
10684 341
10685 645
10686 819
10687 301
10688 737
10689 1950
10690 2100
10691 934
10692 1711
10693 2288
10694 456
10695 2124
10696 603
10697 1282
10698 1585
10699 1155
10700 371
10701 722
10702 690
10703 1953
10704 1535
10705 1951
10706 1871
10707 247
10708 1564
10709 592
10710 2169
10711 115
10712 1445
10713 380
10714 647
10715 1275
10716 1804
10717 1308
10718 1579
10719 1844
10720 890
10721 254
10722 1649
10723 1194
10724 1607
10725 1370
10726 824
10727 1108
10728 1155
10729 1096
10730 1638
10731 1842
10732 1236
10733 1513
10734 334
10735 2247
10736 1451
10737 131
10738 2017
10739 1618
10740 554
10741 269
10742 1961
10743 874
10744 45
10745 1546
10746 2027
10747 278
10748 2182
10749 2294
10750 502
10751 2058
10752 534
10753 334
10754 234
10755 1863
10756 959
10757 1624
10758 500
10759 1511
10760 1284
10761 42
10762 589
10763 1324
10764 1225
10765 1379
10766 1804
10767 1493
10768 556
10769 699
10770 227
10771 2268
10772 2255
10773 2268
10774 1607
10775 686
10776 1308
10777 502
10778 965
10779 2061
10780 1004
10781 351
10782 2071
10783 829
10784 1489
10785 2081
10786 2146
10787 1175
10788 100
10789 534
10790 1509
10791 878
10792 891
10793 2236
10794 2000
10795 713
10796 433
10797 1445
10798 988
10799 1562
10800 1082
10801 741
10802 1079
10803 1844
10804 759
10805 603
10806 100
10807 463
10808 98
10809 1374
10810 757
10811 558
10812 1639
10813 1917
10814 956
10815 1962
10816 481
10817 2319
10818 1076
10819 1308
10820 252
10821 2092
10822 1437
10823 1208
10824 1655
10825 1607
10826 647
10827 1108
10828 1653
10829 722
10830 397
10831 1324
10832 2230
10833 1649
10834 212
10835 1871
10836 488
10837 1138
10838 1862
10839 502
10840 1728
10841 1045
10842 818
10843 1695
10844 675
10845 1572
10846 278
10847 1326
10848 132
10849 500
10850 2016
10851 341
10852 100
10853 399
10854 1647
10855 1346
10856 454
10857 341
10858 1345
10859 150
10860 1188
10861 1731
10862 700
10863 1848
10864 405
10865 1782
10866 1831
10867 524
10868 1206
10869 20
10870 136
10871 639
10872 1569
10873 401
10874 42
10875 122
10876 1840
10877 2001
10878 1770
10879 1724
10880 229
10881 1893
10882 399
10883 967
10884 415
10885 244
10886 263
10887 254
10888 722
10889 1511
10890 640
10891 1647
10892 1061
10893 314
10894 421
10895 557
10896 232
10897 456
10898 1049
10899 266
10900 789
10901 1731
10902 1249
10903 263
10904 424
10905 1213
10906 1655
10907 670
10908 294
10909 1619
10910 454
10911 2196
10912 757
10913 759
10914 1483
10915 1801
10916 595
10917 783
10918 1268
10919 252
10920 1151
10921 1962
10922 122
10923 314
10924 1969
10925 1263
10926 315
10927 147
10928 378
10929 856
10930 227
10931 1352
10932 341
10933 1454
10934 1886
10935 421
10936 747
10937 1343
10938 1763
10939 816
10940 1040
10941 227
10942 2027
10943 1205
10944 1589
10945 618
10946 1736
10947 1141
10948 1975
10949 1378
10950 819
10951 1976
10952 861
10953 625
10954 341
10955 760
10956 2070
10957 1258
10958 187
10959 1874
10960 1813
10961 1337
10962 1096
10963 160
10964 1631
10965 985
10966 1783
10967 864
10968 720
10969 153
10970 2268
10971 391
10972 1390
10973 1128
10974 1009
10975 252
10976 2046
10977 1155
10978 1925
10979 1709
10980 333
10981 1344
10982 741
10983 2229
10984 570
10985 1722
10986 2215
10987 315
10988 448
10989 155
10990 1308
10991 160
10992 2104
10993 1607
10994 2117
10995 1182
10996 782
10997 490
10998 1181
10999 1053
11000 391
11001 675
11002 42
11003 1155
11004 131
11005 267
11006 2144
11007 760
11008 796
11009 1155
11010 1445
11011 44
11012 974
11013 2180
11014 1603
11015 258
11016 1864
11017 1155
11018 389
11019 640
11020 1607
11021 2314
11022 570
11023 231
11024 555
11025 570
11026 1374
11027 941
11028 1404
11029 297
11030 2125
11031 2238
11032 1985
11033 1016
11034 1205
11035 1142
11036 1275
11037 272
11038 713
11039 500
11040 148
11041 1407
11042 695
11043 935
11044 2059
11045 906
11046 736
11047 452
11048 1865
11049 2137
11050 2165
11051 551
11052 2107
11053 315
11054 12
11055 646
11056 1390
11057 254
11058 484
11059 1852
11060 1020
11061 1447
11062 313
11063 1513
11064 1304
11065 1599
11066 1985
11067 337
11068 673
11069 369
11070 2178
11071 2110
11072 561
11073 278
11074 1810
11075 1421
11076 234
11077 488
11078 1997
11079 502
11080 1225
11081 1454
11082 187
11083 1849
11084 929
11085 1350
11086 423
11087 1241
11088 371
11089 2211
11090 603
11091 213
11092 1208
11093 1493
11094 1403
11095 1155
11096 333
11097 1892
11098 1182
11099 153
11100 855
11101 1442
11102 531
11103 9
11104 185
11105 502
11106 478
11107 1038
11108 541
11109 541
11110 996
11111 849
11112 1871
11113 2175
11114 271
11115 967
11116 934
11117 2287
11118 1607
11119 1049
11120 2034
11121 2034
11122 58
11123 212
11124 1397
11125 791
11126 598
11127 939
11128 351
11129 138
11130 682
11131 149
11132 1851
11133 2080
11134 194
11135 2293
11136 100
11137 1921
11138 1509
11139 1507
11140 1104
11141 844
11142 1442
11143 788
11144 844
11145 1738
11146 2186
11147 1121
11148 1991
11149 700
11150 1155
11151 1649
11152 433
11153 39
11154 679
11155 1438
11156 1617
11157 1769
11158 1084
11159 891
11160 269
11161 787
11162 2120
11163 785
11164 1390
11165 1736
11166 1326
11167 1665
11168 1379
11169 1731
11170 695
11171 570
11172 469
11173 166
11174 699
11175 1647
11176 1843
11177 2116
11178 695
11179 2078
11180 122
11181 278
11182 686
11183 541
11184 39
11185 1607
11186 877
11187 592
11188 1692
11189 1727
11190 1236
11191 1889
11192 2027
11193 775
11194 1454
11195 1813
11196 1348
11197 1763
11198 2249
11199 122
11200 1480
11201 1435
11202 2120
11203 2281
11204 1488
11205 2094
11206 152
11207 1951
11208 389
11209 537
11210 519
11211 2027
11212 2017
11213 1078
11214 1633
11215 1841
11216 1415
11217 679
11218 1975
11219 907
11220 39
11221 171
11222 1155
11223 1962
11224 1376
11225 1096
11226 2161
11227 1856
11228 1442
11229 341
11230 391
11231 1016
11232 915
11233 12
11234 81
11235 315
11236 1883
11237 1258
11238 878
11239 987
11240 1975
11241 971
11242 1509
11243 646
11244 1880
11245 171
11246 1509
11247 722
11248 1213
11249 1485
11250 1109
11251 1621
11252 995
11253 388
11254 1517
11255 875
11256 527
11257 245
11258 1449
11259 2096
11260 994
11261 1813
11262 1047
11263 1299
11264 1054
11265 934
11266 1449
11267 570
11268 1607
11269 932
11270 338
11271 789
11272 2162
11273 915
11274 932
11275 1952
11276 399
11277 713
11278 1348
11279 1110
11280 2229
11281 1322
11282 2227
11283 2222
11284 2161
11285 857
11286 1881
11287 677
11288 1975
11289 1329
11290 1183
11291 2151
11292 2124
11293 1811
11294 1155
11295 177
11296 1085
11297 390
11298 2212
11299 833
11300 2058
11301 2282
11302 722
11303 1182
11304 2176
11305 305
11306 2319
11307 1702
11308 812
11309 1607
11310 1631
11311 301
11312 792
11313 1155
11314 2289
11315 1213
11316 1578
11317 1962
11318 471
11319 2026
11320 379
11321 1975
11322 1356
11323 265
11324 245
11325 1936
11326 397
11327 2211
11328 1962
11329 786
11330 839
11331 1389
11332 387
11333 38
11334 647
11335 695
11336 1013
11337 1823
11338 1063
11339 2205
11340 722
11341 1308
11342 84
11343 570
11344 941
11345 93
11346 1813
11347 421
11348 1454
11349 746
11350 1871
11351 789
11352 907
11353 996
11354 1949
11355 889
11356 774
11357 212
11358 405
11359 224
11360 1390
11361 751
11362 1284
11363 1039
11364 1035
11365 2114
11366 822
11367 83
11368 1975
11369 1135
11370 1454
11371 1575
11372 1709
11373 10
11374 1155
11375 1267
11376 2117
11377 1727
11378 750
11379 305
11380 1470
11381 1739
11382 1996
11383 502
11384 85
11385 1704
11386 1288
11387 1442
11388 1956
11389 774
11390 2059
11391 722
11392 1021
11393 1900
11394 1402
11395 115
11396 481
11397 134
11398 1885
11399 1830
11400 1000
11401 1364
11402 2180
11403 1046
11404 122
11405 2078
11406 221
11407 2027
11408 1813
11409 171
11410 2268
11411 755
11412 601
11413 122
11414 38
11415 1454
11416 922
11417 1485
11418 2099
11419 1016
11420 278
11421 1573
11422 722
11423 1472
11424 720
11425 391
11426 1288
11427 1969
11428 2173
11429 554
11430 2305
11431 1378
11432 910
11433 278
11434 1374
11435 1647
11436 399
11437 38
11438 1346
11439 941
11440 819
11441 1127
11442 2001
11443 1402
11444 1878
11445 1293
11446 2211
11447 414
11448 242
11449 1750
11450 2064
11451 1745
11452 1337
11453 1250
11454 2084
11455 519
11456 224
11457 1197
11458 470
11459 1932
11460 1948
11461 1043
11462 2138
11463 1058
11464 750
11465 305
11466 1984
11467 1454
11468 2030
11469 1349
11470 699
11471 1543
11472 2268
11473 1915
11474 171
11475 1069
11476 10
11477 38
11478 548
11479 2124
11480 853
11481 1560
11482 990
11483 1944
11484 813
11485 545
11486 646
11487 305
11488 1745
11489 1329
11490 618
11491 536
11492 150
11493 1295
11494 331
11495 502
11496 185
11497 1502
11498 1745
11499 1390
11500 1917
11501 271
11502 1913
11503 2268
11504 416
11505 342
11506 539
11507 502
11508 774
11509 1575
11510 502
11511 541
11512 1577
11513 1886
11514 2284
11515 1470
11516 1693
11517 1822
11518 305
11519 10
11520 2250
11521 1955
11522 466
11523 708
11524 135
11525 754
11526 1745
11527 90
11528 1134
11529 1926
11530 1975
11531 160
11532 649
11533 1139
11534 2131
11535 234
11536 502
11537 932
11538 873
11539 1059
11540 1853
11541 368
11542 1155
11543 203
11544 37
11545 789
11546 1546
11547 1295
11548 1773
11549 2228
11550 1493
11551 825
11552 342
11553 2175
11554 1308
11555 922
11556 2022
11557 1082
11558 2205
11559 523
11560 783
11561 1271
11562 2217
11563 1837
11564 1883
11565 625
11566 1871
11567 1718
11568 122
11569 1720
11570 1308
11571 1471
11572 967
11573 1971
11574 2026
11575 1949
11576 1745
11577 1929
11578 649
11579 391
11580 759
11581 342
11582 765
11583 1470
11584 1849
11585 150
11586 469
11587 1378
11588 589
11589 1197
11590 1155
11591 608
11592 502
11593 1977
11594 2090
11595 342
11596 822
11597 570
11598 637
11599 1655
11600 1578
11601 1438
11602 1627
11603 921
11604 1510
11605 1529
11606 166
11607 719
11608 38
11609 1251
11610 1560
11611 39
11612 1213
11613 792
11614 1649
11615 1108
11616 1879
11617 335
11618 116
11619 2034
11620 1194
11621 2220
11622 1123
11623 782
11624 1000
11625 342
11626 519
11627 1060
11628 673
11629 1745
11630 519
11631 1837
11632 1745
11633 640
11634 2247
11635 1607
11636 1261
11637 1990
11638 547
11639 1654
11640 1876
11641 1746
11642 305
11643 1697
11644 2012
11645 1203
11646 625
11647 484
11648 873
11649 486
11650 454
11651 602
11652 2005
11653 839
11654 1256
11655 1715
11656 368
11657 2046
11658 1561
11659 1483
11660 1268
11661 2143
11662 2286
11663 723
11664 1144
11665 57
11666 1746
11667 650
11668 722
11669 1971
11670 1182
11671 1655
11672 1923
11673 1561
11674 1420
11675 137
11676 1485
11677 2022
11678 2094
11679 2079
11680 844
11681 342
11682 1607
11683 1417
11684 1414
11685 116
11686 975
11687 2233
11688 1589
11689 1886
11690 1261
11691 932
11692 2145
11693 10
11694 2065
11695 695
11696 1140
11697 1352
11698 1770
11699 618
11700 305
11701 1197
11702 2136
11703 305
11704 1213
11705 1236
11706 1814
11707 1746
11708 640
11709 649
11710 1225
11711 1328
11712 278
11713 735
11714 1470
11715 774
11716 765
11717 474
11718 1601
11719 2308
11720 1399
11721 454
11722 2177
11723 1971
11724 540
11725 2123
11726 1961
11727 1030
11728 252
11729 1408
11730 907
11731 915
11732 2138
11733 1813
11734 817
11735 2168
11736 2163
11737 1208
11738 445
11739 167
11740 1813
11741 243
11742 212
11743 1629
11744 1308
11745 570
11746 1569
11747 1155
11748 545
11749 1647
11750 867
11751 690
11752 2034
11753 2197
11754 423
11755 1114
11756 722
11757 1655
11758 1432
11759 456
11760 443
11761 1702
11762 892
11763 1813
11764 448
11765 2213
11766 1236
11767 89
11768 773
11769 39
11770 570
11771 477
11772 1055
11773 1932
11774 1214
11775 2177
11776 1227
11777 1102
11778 528
11779 600
11780 421
11781 300
11782 342
11783 2245
11784 1654
11785 986
11786 1482
11787 1271
11788 424
11789 388
11790 2215
11791 305
11792 1769
11793 1673
11794 1946
11795 1288
11796 2190
11797 988
11798 649
11799 2282
11800 1415
11801 844
11802 2228
11803 1655
11804 1206
11805 392
11806 1822
11807 775
11808 1511
11809 1765
11810 1075
11811 1691
11812 475
11813 898
11814 1871
11815 601
11816 117
11817 874
11818 1607
11819 1861
11820 530
11821 1475
11822 1888
11823 796
11824 111
11825 1735
11826 175
11827 2042
11828 342
11829 212
11830 669
11831 9
11832 842
11833 502
11834 625
11835 2186
11836 1746
11837 888
11838 351
11839 649
11840 2003
11841 470
11842 1593
11843 1984
11844 392
11845 1869
11846 1454
11847 1971
11848 2303
11849 603
11850 647
11851 2009
11852 1113
11853 2108
11854 2226
11855 649
11856 392
11857 847
11858 1085
11859 1059
11860 1655
11861 294
11862 1301
11863 1843
11864 1402
11865 78
11866 1061
11867 306
11868 265
11869 1129
11870 392
11871 263
11872 1021
11873 1565
11874 625
11875 722
11876 1710
11877 1195
11878 486
11879 2080
11880 789
11881 1375
11882 722
11883 1558
11884 1407
11885 1576
11886 2100
11887 932
11888 269
11889 502
11890 1037
11891 1181
11892 1489
11893 1275
11894 1770
11895 684
11896 2040
11897 2046
11898 399
11899 1866
11900 903
11901 134
11902 1140
11903 980
11904 1471
11905 726
11906 1592
11907 1270
11908 185
11909 890
11910 1967
11911 1095
11912 1214
11913 507
11914 1233
11915 1135
11916 10
11917 1943
11918 1118
11919 2080
11920 943
11921 1143
11922 334
11923 84
11924 743
11925 1695
11926 1877
11927 1472
11928 608
11929 1606
11930 1341
11931 300
11932 1765
11933 11
11934 2118
11935 1920
11936 1155
11937 675
11938 2188
11939 1379
11940 1746
11941 1349
11942 1418
11943 967
11944 129
11945 498
11946 1388
11947 831
11948 117
11949 1566
11950 844
11951 1858
11952 1227
11953 1295
11954 380
11955 550
11956 2047
11957 478
11958 167
11959 1440
11960 1724
11961 2268
11962 1183
11963 1297
11964 1155
11965 699
11966 1801
11967 967
11968 502
11969 1673
11970 2047
11971 433
11972 185
11973 184
11974 11
11975 1889
11976 6
11977 1732
11978 1271
11979 2187
11980 1561
11981 1823
11982 242
11983 750
11984 456
11985 2280
11986 965
11987 2169
11988 1042
11989 1655
11990 2117
11991 423
11992 1405
11993 1957
11994 1376
11995 610
11996 2003
11997 1517
11998 2095
11999 1914
12000 2317
12001 302
12002 1376
12003 447
12004 2135
12005 1186
12006 1050
12007 719
12008 1960
12009 1018
12010 1622
12011 2119
12012 2081
12013 245
12014 1913
12015 588
12016 893
12017 1155
12018 1770
12019 1765
12020 185
12021 1240
12022 1862
12023 296
12024 1894
12025 1503
12026 1746
12027 392
12028 559
12029 2068
12030 1858
12031 2076
12032 227
12033 1617
12034 1335
12035 1607
12036 150
12037 1767
12038 1111
12039 1886
12040 1719
12041 390
12042 1329
12043 1199
12044 5
12045 1390
12046 1371
12047 1550
12048 444
12049 1337
12050 1124
12051 824
12052 2035
12053 1002
12054 2256
12055 919
12056 526
12057 1454
12058 1640
12059 1245
12060 924
12061 1833
12062 1139
12063 773
12064 1673
12065 1401
12066 695
12067 1096
12068 380
12069 1878
12070 869
12071 1003
12072 469
12073 1155
12074 610
12075 1390
12076 1281
12077 1265
12078 91
12079 1971
12080 95
12081 371
12082 502
12083 131
12084 1108
12085 869
12086 1554
12087 839
12088 1880
12089 898
12090 618
12091 1473
12092 169
12093 765
12094 1783
12095 1155
12096 1206
12097 1078
12098 421
12099 1801
12100 380
12101 1272
12102 278
12103 2180
12104 1282
12105 338
12106 278
12107 10
12108 1820
12109 1886
12110 245
12111 1767
12112 1813
12113 523
12114 833
12115 677
12116 941
12117 704
12118 388
12119 1720
12120 1133
12121 135
12122 149
12123 2006
12124 547
12125 1985
12126 2218
12127 670
12128 1454
12129 1068
12130 1020
12131 775
12132 2155
12133 675
12134 1673
12135 1690
12136 750
12137 169
12138 1888
12139 407
12140 2149
12141 444
12142 1506
12143 1360
12144 1765
12145 1075
12146 534
12147 1018
12148 1822
12149 2146
12150 232
12151 478
12152 378
12153 986
12154 1625
12155 1783
12156 930
12157 1288
12158 818
12159 893
12160 1424
12161 1833
12162 2247
12163 1240
12164 722
12165 39
12166 1442
12167 117
12168 1711
12169 1563
12170 2207
12171 1914
12172 247
12173 1722
12174 1013
12175 133
12176 2223
12177 1579
12178 1284
12179 11
12180 1880
12181 861
12182 263
12183 2296
12184 2162
12185 2122
12186 1550
12187 2062
12188 830
12189 1378
12190 82
12191 175
12192 1813
12193 252
12194 85
12195 2032
12196 1399
12197 595
12198 2229
12199 39
12200 717
12201 338
12202 1089
12203 1975
12204 338
12205 2268
12206 243
12207 221
12208 1398
12209 2214
12210 530
12211 11
12212 1620
12213 351
12214 1948
12215 1454
12216 2005
12217 541
12218 1937
12219 637
12220 2076
12221 380
12222 147
12223 616
12224 1900
12225 2010
12226 2215
12227 94
12228 251
12229 2188
12230 490
12231 1655
12232 559
12233 570
12234 2030
12235 2047
12236 638
12237 594
12238 112
12239 594
12240 1414
12241 1267
12242 463
12243 553
12244 247
12245 852
12246 826
12247 1848
12248 1227
12249 1900
12250 2152
12251 89
12252 570
12253 306
12254 117
12255 2211
12256 570
12257 1223
12258 1274
12259 1233
12260 2135
12261 1390
12262 137
12263 338
12264 1096
12265 339
12266 1604
12267 1
12268 1570
12269 1868
12270 2191
12271 815
12272 1093
12273 722
12274 704
12275 1339
12276 1955
12277 39
12278 590
12279 2242
12280 463
12281 39
12282 15
12283 121
12284 1308
12285 1206
12286 132
12287 278
12288 1308
12289 820
12290 1481
12291 570
12292 2152
12293 370
12294 869
12295 212
12296 1298
12297 1408
12298 1767
12299 498
12300 1926
12301 423
12302 1664
12303 792
12304 830
12305 722
12306 374
12307 1715
12308 486
12309 113
12310 603
12311 1150
12312 117
12313 1155
12314 2070
12315 339
12316 1214
12317 1436
12318 1131
12319 1432
12320 185
12321 502
12322 302
12323 541
12324 1952
12325 446
12326 945
12327 455
12328 1618
12329 1183
12330 1067
12331 775
12332 594
12333 425
12334 1426
12335 1936
12336 867
12337 591
12338 272
12339 1490
12340 649
12341 1344
12342 1361
12343 684
12344 1177
12345 169
12346 1350
12347 934
12348 1454
12349 726
12350 1184
12351 421
12352 490
12353 95
12354 15
12355 802
12356 351
12357 860
12358 671
12359 2191
12360 594
12361 100
12362 1979
12363 874
12364 746
12365 1301
12366 1978
12367 1194
12368 1096
12369 902
12370 1358
12371 2174
12372 995
12373 113
12374 39
12375 339
12376 1485
12377 2242
12378 392
12379 138
12380 1084
12381 1910
12382 1425
12383 234
12384 339
12385 1842
12386 1212
12387 1407
12388 626
12389 339
12390 2047
12391 2244
12392 2127
12393 1804
12394 524
12395 1591
12396 2035
12397 1454
12398 40
12399 2010
12400 1945
12401 2134
12402 1013
12403 407
12404 234
12405 1724
12406 2127
12407 1673
12408 1858
12409 1553
12410 1900
12411 1500
12412 40
12413 641
12414 278
12415 1770
12416 554
12417 421
12418 40
12419 1155
12420 1502
12421 339
12422 1935
12423 637
12424 339
12425 1498
12426 840
12427 1767
12428 990
12429 1767
12430 1217
12431 1454
12432 691
12433 1000
12434 189
12435 1603
12436 1783
12437 704
12438 425
12439 1412
12440 713
12441 2288
12442 672
12443 1551
12444 155
12445 212
12446 1096
12447 117
12448 1020
12449 486
12450 1182
12451 904
12452 616
12453 1737
12454 1344
12455 2205
12456 1010
12457 75
12458 1934
12459 789
12460 117
12461 1137
12462 463
12463 251
12464 89
12465 1454
12466 175
12467 1018
12468 722
12469 160
12470 1655
12471 1567
12472 40
12473 339
12474 1432
12475 626
12476 1376
12477 96
12478 1210
12479 1018
12480 306
12481 882
12482 2030
12483 2057
12484 901
12485 463
12486 605
12487 1180
12488 2040
12489 160
12490 15
12491 819
12492 1927
12493 673
12494 1711
12495 2246
12496 1655
12497 1529
12498 885
12499 945
12500 1476
12501 1770
12502 40
12503 2074
12504 630
12505 722
12506 1587
12507 8
12508 1895
12509 331
12510 2035
12511 1900
12512 742
12513 1208
12514 1490
12515 736
12516 212
12517 1389
12518 1635
12519 870
12520 1115
12521 541
12522 1507
12523 769
12524 380
12525 390
12526 739
12527 1442
12528 612
12529 525
12530 761
12531 1578
12532 1842
12533 1914
12534 1217
12535 789
12536 390
12537 820
12538 789
12539 554
12540 195
12541 1280
12542 7
12543 234
12544 616
12545 380
12546 448
12547 1673
12548 692
12549 692
12550 792
12551 1203
12552 782
12553 2170
12554 891
12555 761
12556 498
12557 1227
12558 1454
12559 184
12560 543
12561 1821
12562 1631
12563 1833
12564 894
12565 224
12566 789
12567 2217
12568 212
12569 901
12570 499
12571 1658
12572 1506
12573 915
12574 1129
12575 15
12576 306
12577 800
12578 2086
12579 1485
12580 1269
12581 206
12582 2206
12583 775
12584 1423
12585 471
12586 1436
12587 1966
12588 1607
12589 704
12590 1155
12591 1368
12592 306
12593 704
12594 1277
12595 2150
12596 1428
12597 1442
12598 85
12599 1658
12600 306
12601 1096
12602 1997
12603 1063
12604 773
12605 117
12606 84
12607 773
12608 296
12609 160
12610 684
12611 214
12612 1944
12613 1002
12614 2119
12615 416
12616 934
12617 2189
12618 297
12619 1096
12620 254
12621 1719
12622 153
12623 433
12624 1417
12625 372
12626 722
12627 224
12628 649
12629 2205
12630 1055
12631 153
12632 2158
12633 1308
12634 1454
12635 1155
12636 1699
12637 1768
12638 2268
12639 570
12640 562
12641 331
12642 722
12643 515
12644 162
12645 1405
12646 1075
12647 2151
12648 2217
12649 1700
12650 1900
12651 635
12652 1260
12653 415
12654 2168
12655 1889
12656 570
12657 85
12658 1061
12659 1707
12660 915
12661 1188
12662 1231
12663 2104
12664 189
12665 1472
12666 425
12667 1356
12668 278
12669 117
12670 2219
12671 241
12672 1699
12673 1142
12674 1264
12675 2221
12676 7
12677 1045
12678 777
12679 544
12680 1481
12681 1714
12682 2016
12683 891
12684 117
12685 1331
12686 713
12687 1510
12688 191
12689 486
12690 1715
12691 15
12692 1535
12693 2090
12694 1018
12695 570
12696 824
12697 342
12698 980
12699 1273
12700 195
12701 368
12702 1308
12703 1800
12704 1390
12705 1770
12706 934
12707 1389
12708 649
12709 1293
12710 1284
12711 1004
12712 1953
12713 1900
12714 1493
12715 278
12716 1821
12717 641
12718 1971
12719 1002
12720 1960
12721 2022
12722 1498
12723 507
12724 1910
12725 742
12726 1783
12727 9
12728 425
12729 796
12730 816
12731 1197
12732 873
12733 306
12734 1385
12735 1971
12736 446
12737 278
12738 278
12739 1476
12740 448
12741 833
12742 204
12743 1286
12744 1286
12745 1497
12746 380
12747 2042
12748 1089
12749 425
12750 599
12751 58
12752 224
12753 433
12754 594
12755 84
12756 1262
12757 747
12758 549
12759 1231
12760 2282
12761 2210
12762 616
12763 934
12764 1067
12765 1704
12766 78
12767 2253
12768 704
12769 249
12770 40
12771 904
12772 782
12773 469
12774 2094
12775 376
12776 1802
12777 1922
12778 130
12779 1846
12780 922
12781 2064
12782 546
12783 1089
12784 2250
12785 1860
12786 447
12787 1980
12788 2041
12789 1998
12790 530
12791 1525
12792 1706
12793 1195
12794 2031
12795 2211
12796 1126
12797 2015
12798 2251
12799 1851
12800 57
12801 1666
12802 1278
12803 352
12804 644
12805 519
12806 775
12807 380
12808 1329
12809 934
12810 1485
12811 1002
12812 649
12813 40
12814 1417
12815 1493
12816 15
12817 1233
12818 252
12819 541
12820 176
12821 835
12822 342
12823 1622
12824 941
12825 2287
12826 242
12827 234
12828 1240
12829 489
12830 2035
12831 934
12832 2246
12833 848
12834 673
12835 1917
12836 1217
12837 1030
12838 833
12839 1838
12840 679
12841 903
12842 1822
12843 1561
12844 2000
12845 543
12846 1435
12847 441
12848 2155
12849 1564
12850 1663
12851 902
12852 843
12853 342
12854 592
12855 1133
12856 1723
12857 1666
12858 489
12859 934
12860 233
12861 352
12862 938
12863 647
12864 1388
12865 934
12866 671
12867 425
12868 2084
12869 1454
12870 941
12871 722
12872 796
12873 1653
12874 1695
12875 2293
12876 1210
12877 1770
12878 1240
12879 746
12880 278
12881 189
12882 1055
12883 1037
12884 1182
12885 1038
12886 2034
12887 1433
12888 254
12889 1819
12890 922
12891 1049
12892 878
12893 205
12894 2017
12895 208
12896 2099
12897 2269
12898 2207
12899 800
12900 1607
12901 539
12902 1222
12903 2189
12904 1937
12905 772
12906 941
12907 756
12908 818
12909 559
12910 1420
12911 1580
12912 645
12913 2152
12914 1696
12915 84
12916 1607
12917 617
12918 541
12919 1730
12920 1140
12921 397
12922 1065
12923 939
12924 2237
12925 2089
12926 535
12927 1471
12928 1096
12929 2258
12930 278
12931 2285
12932 252
12933 1722
12934 1400
12935 1559
12936 247
12937 1284
12938 1332
12939 1441
12940 1349
12941 901
12942 1883
12943 1658
12944 1258
12945 1943
12946 2251
12947 278
12948 2008
12949 1195
12950 1243
12951 1956
12952 688
12953 1121
12954 278
12955 1434
12956 1976
12957 1922
12958 594
12959 380
12960 592
12961 2123
12962 1297
12963 1956
12964 1260
12965 1673
12966 1096
12967 1910
12968 273
12969 2302
12970 1618
12971 295
12972 961
12973 1525
12974 1944
12975 1404
12976 796
12977 9
12978 1802
12979 735
12980 1547
12981 990
12982 531
12983 2009
12984 2035
12985 271
12986 1545
12987 1673
12988 1658
12989 1900
12990 1454
12991 722
12992 1833
12993 631
12994 2226
12995 2232
12996 789
12997 590
12998 747
12999 789
13000 2074
13001 2253
13002 515
13003 570
13004 1197
13005 1475
13006 117
13007 1949
13008 278
13009 271
13010 1852
13011 380
13012 1485
13013 1126
13014 472
13015 1673
13016 208
13017 2180
13018 1855
13019 489
13020 1485
13021 649
13022 1454
13023 939
13024 1002
13025 252
13026 2000
13027 1330
13028 1589
13029 1348
13030 47
13031 1416
13032 1332
13033 455
13034 2181
13035 1089
13036 1900
13037 851
13038 420
13039 278
13040 208
13041 1997
13042 449
13043 111
13044 1710
13045 1402
13046 331
13047 838
13048 84
13049 570
13050 1385
13051 1198
13052 1532
13053 352
13054 989
13055 1975
13056 1658
13057 649
13058 1632
13059 1591
13060 915
13061 1962
13062 2010
13063 764
13064 2224
13065 2278
13066 278
13067 929
13068 37
13069 1591
13070 1666
13071 507
13072 1666
13073 1900
13074 761
13075 2088
13076 1871
13077 261
13078 1155
13079 1900
13080 1038
13081 1716
13082 2245
13083 1980
13084 1421
13085 1549
13086 2268
13087 2113
13088 682
13089 278
13090 15
13091 1952
13092 2082
13093 617
13094 1297
13095 416
13096 878
13097 536
13098 1857
13099 2127
13100 761
13101 222
13102 816
13103 570
13104 401
13105 1802
13106 7
13107 1490
13108 885
13109 1179
13110 1061
13111 396
13112 11
13113 84
13114 2229
13115 1925
13116 612
13117 536
13118 1587
13119 2064
13120 246
13121 1573
13122 1245
13123 748
13124 1850
13125 1692
13126 1417
13127 1839
13128 47
13129 2194
13130 208
13131 819
13132 420
13133 2047
13134 372
13135 756
13136 278
13137 11
13138 1454
13139 1850
13140 306
13141 1062
13142 1900
13143 784
13144 2236
13145 561
13146 1528
13147 1155
13148 189
13149 1250
13150 57
13151 1582
13152 306
13153 306
13154 1308
13155 1372
13156 507
13157 649
13158 420
13159 1517
13160 176
13161 1552
13162 1507
13163 2245
13164 117
13165 1188
13166 507
13167 1208
13168 227
13169 1892
13170 117
13171 1422
13172 1413
13173 976
13174 847
13175 1663
13176 132
13177 784
13178 478
13179 371
13180 1454
13181 2122
13182 483
13183 1535
13184 1387
13185 1900
13186 84
13187 1364
13188 2043
13189 669
13190 1290
13191 1032
13192 1293
13193 848
13194 10
13195 1954
13196 1599
13197 2268
13198 1853
13199 11
13200 1442
13201 352
13202 617
13203 1765
13204 1806
13205 117
13206 208
13207 2216
13208 176
13209 2305
13210 1013
13211 1666
13212 754
13213 84
13214 1063
13215 1725
13216 1016
13217 1107
13218 1770
13219 1282
13220 1210
13221 1128
13222 1210
13223 860
13224 1233
13225 1838
13226 1155
13227 1840
13228 1544
13229 1499
13230 933
13231 1454
13232 2243
13233 2065
13234 2209
13235 1223
13236 507
13237 1770
13238 939
13239 154
13240 208
13241 2022
13242 1980
13243 1673
13244 1673
13245 1549
13246 2001
13247 1046
13248 162
13249 306
13250 796
13251 507
13252 227
13253 915
13254 1218
13255 1308
13256 919
13257 2109
13258 1323
13259 904
13260 1878
13261 744
13262 829
13263 1805
13264 162
13265 1299
13266 1666
13267 915
13268 665
13269 1535
13270 521
13271 410
13272 1666
13273 11
13274 1372
13275 2255
13276 1155
13277 507
13278 499
13279 1122
13280 1555
13281 333
13282 205
13283 608
13284 570
13285 117
13286 2268
13287 2287
13288 1308
13289 306
13290 2239
13291 891
13292 1284
13293 380
13294 664
13295 1105
13296 1958
13297 1217
13298 2066
13299 689
13300 265
13301 890
13302 971
13303 489
13304 1116
13305 176
13306 1375
13307 2279
13308 1560
13309 2085
13310 276
13311 489
13312 904
13313 1436
13314 154
13315 1292
13316 273
13317 1646
13318 1442
13319 1663
13320 885
13321 2168
13322 162
13323 507
13324 1829
13325 337
13326 2098
13327 261
13328 2010
13329 2269
13330 2204
13331 2151
13332 1485
13333 1485
13334 789
13335 162
13336 158
13337 306
13338 980
13339 1246
13340 1127
13341 756
13342 1567
13343 1051
13344 1293
13345 731
13346 990
13347 836
13348 926
13349 833
13350 524
13351 455
13352 376
13353 1727
13354 1618
13355 1600
13356 1673
13357 1567
13358 713
13359 787
13360 816
13361 1618
13362 2035
13363 1725
13364 1801
13365 469
13366 1586
13367 2122
13368 1034
13369 1372
13370 2269
13371 1805
13372 11
13373 1402
13374 1243
13375 342
13376 1367
13377 169
13378 1804
13379 2103
13380 1980
13381 2197
13382 1607
13383 137
13384 726
13385 1454
13386 205
13387 996
13388 1209
13389 1385
13390 1861
13391 638
13392 1179
13393 1374
13394 1729
13395 1663
13396 1806
13397 1199
13398 2154
13399 772
13400 601
13401 878
13402 2060
13403 1454
13404 666
13405 945
13406 1573
13407 1833
13408 1532
13409 1026
13410 552
13411 790
13412 169
13413 208
13414 1637
13415 704
13416 1181
13417 2252
13418 47
13419 1655
13420 713
13421 1944
13422 756
13423 812
13424 1605
13425 465
13426 1997
13427 1820
13428 596
13429 636
13430 1156
13431 589
13432 273
13433 1576
13434 1831
13435 1240
13436 1433
13437 1084
13438 1528
13439 1075
13440 2010
13441 1427
13442 1737
13443 2293
13444 873
13445 681
13446 11
13447 662
13448 1917
13449 1333
13450 507
13451 1385
13452 1155
13453 1977
13454 983
13455 2060
13456 83
13457 1378
13458 1337
13459 943
13460 1207
13461 714
13462 1673
13463 1263
13464 1433
13465 342
13466 472
13467 134
13468 1833
13469 1293
13470 1437
13471 1733
13472 278
13473 641
13474 878
13475 1234
13476 1104
13477 927
13478 1209
13479 1535
13480 295
13481 2022
13482 153
13483 1025
13484 1517
13485 714
13486 962
13487 262
13488 2159
13489 135
13490 1308
13491 1534
13492 602
13493 1324
13494 2010
13495 205
13496 1570
13497 342
13498 1204
13499 1619
13500 1932
13501 169
13502 561
13503 1962
13504 1673
13505 138
13506 1607
13507 2006
13508 420
13509 630
13510 1975
13511 2221
13512 1330
13513 368
13514 1725
13515 1060
13516 1329
13517 2308
13518 778
13519 1770
13520 1474
13521 969
13522 934
13523 224
13524 1442
13525 649
13526 2148
13527 37
13528 764
13529 117
13530 1148
13531 1623
13532 1861
13533 1385
13534 2074
13535 1801
13536 548
13537 2161
13538 352
13539 462
13540 499
13541 552
13542 2175
13543 1110
13544 1707
13545 1070
13546 117
13547 1266
13548 714
13549 1178
13550 1579
13551 10
13552 223
13553 1454
13554 84
13555 47
13556 2110
13557 2021
13558 133
13559 848
13560 778
13561 641
13562 1252
13563 867
13564 1032
13565 617
13566 1190
13567 617
13568 190
13569 2108
13570 2312
13571 1528
13572 420
13573 796
13574 1425
13575 756
13576 342
13577 996
13578 2133
13579 47
13580 2032
13581 1273
13582 2098
13583 1663
13584 241
13585 2147
13586 1955
13587 765
13588 2007
13589 887
13590 829
13591 2111
13592 162
13593 641
13594 117
13595 2061
13596 1563
13597 744
13598 2007
13599 1828
13600 1957
13601 443
13602 2317
13603 763
13604 789
13605 890
13606 971
13607 194
13608 890
13609 132
13610 974
13611 726
13612 234
13613 668
13614 2047
13615 1980
13616 731
13617 154
13618 1350
13619 1269
13620 630
13621 714
13622 1886
13623 811
13624 2292
13625 465
13626 2024
13627 1454
13628 1930
13629 208
13630 1900
13631 1820
13632 352
13633 1080
13634 1308
13635 306
13636 1333
13637 295
13638 1396
13639 1286
13640 453
13641 306
13642 1900
13643 2236
13644 449
13645 240
13646 641
13647 1778
13648 57
13649 1511
13650 559
13651 1806
13652 1646
13653 234
13654 2245
13655 1104
13656 1778
13657 380
13658 270
13659 1529
13660 1284
13661 2314
13662 2269
13663 1231
13664 1868
13665 1204
13666 1553
13667 1927
13668 1655
13669 2096
13670 939
13671 741
13672 1308
13673 2252
13674 2009
13675 1489
13676 1054
13677 1624
13678 1435
13679 1116
13680 1014
13681 2223
13682 2219
13683 489
13684 1096
13685 1210
13686 485
13687 1833
13688 469
13689 276
13690 1943
13691 729
13692 1833
13693 750
13694 674
13695 1503
13696 601
13697 1842
13698 1387
13699 352
13700 670
13701 423
13702 974
13703 47
13704 934
13705 1122
13706 342
13707 452
13708 610
13709 2161
13710 1956
13711 974
13712 1962
13713 693
13714 1363
13715 1517
13716 1607
13717 1869
13718 752
13719 2248
13720 1673
13721 635
13722 47
13723 1454
13724 420
13725 519
13726 241
13727 1879
13728 934
13729 1661
13730 2111
13731 983
13732 887
13733 231
13734 2307
13735 1900
13736 162
13737 84
13738 1900
13739 306
13740 2210
13741 1005
13742 1040
13743 352
13744 809
13745 2111
13746 233
13747 714
13748 766
13749 1217
13750 1032
13751 2017
13752 968
13753 1439
13754 2137
13755 2030
13756 2215
13757 1591
13758 483
13759 2127
13760 1528
13761 1403
13762 985
13763 553
13764 1445
13765 673
13766 915
13767 189
13768 1575
13769 342
13770 1206
13771 649
13772 1035
13773 195
13774 1849
13775 342
13776 934
13777 154
13778 609
13779 2016
13780 945
13781 1499
13782 1013
13783 465
13784 1064
13785 1561
13786 1020
13787 178
13788 2240
13789 1535
13790 1954
13791 208
13792 521
13793 662
13794 1806
13795 630
13796 1155
13797 849
13798 1293
13799 342
13800 138
13801 1535
13802 483
13803 1383
13804 1037
13805 2017
13806 2078
13807 1861
13808 2168
13809 1031
13810 1861
13811 1265
13812 1566
13813 13
13814 570
13815 1546
13816 1856
13817 2087
13818 1403
13819 138
13820 789
13821 423
13822 748
13823 1949
13824 167
13825 816
13826 570
13827 380
13828 2150
13829 2170
13830 13
13831 1139
13832 254
13833 1328
13834 259
13835 1656
13836 1352
13837 158
13838 968
13839 443
13840 630
13841 755
13842 1029
13843 1773
13844 47
13845 752
13846 1980
13847 499
13848 589
13849 1308
13850 1264
13851 1178
13852 845
13853 1543
13854 1335
13855 726
13856 833
13857 306
13858 93
13859 1454
13860 1900
13861 649
13862 1425
13863 13
13864 1939
13865 1195
13866 1819
13867 222
13868 2232
13869 1047
13870 1308
13871 829
13872 2240
13873 878
13874 47
13875 236
13876 176
13877 1820
13878 1562
13879 1642
13880 352
13881 1144
13882 1200
13883 1886
13884 544
13885 945
13886 1606
13887 13
13888 1847
13889 1910
13890 407
13891 2269
13892 273
13893 389
13894 452
13895 1268
13896 169
13897 241
13898 1778
13899 1143
13900 380
13901 389
13902 714
13903 169
13904 2242
13905 1387
13906 189
13907 1773
13908 601
13909 738
13910 792
13911 686
13912 1603
13913 2305
13914 1995
13915 828
13916 1884
13917 1026
13918 1944
13919 273
13920 87
13921 267
13922 1023
13923 1142
13924 878
13925 752
13926 1633
13927 1603
13928 1378
13929 1357
13930 398
13931 761
13932 79
13933 802
13934 1517
13935 116
13936 2214
13937 2088
13938 1602
13939 1308
13940 117
13941 665
13942 559
13943 2253
13944 1155
13945 2257
13946 1155
13947 1889
13948 2126
13949 600
13950 376
13951 1094
13952 47
13953 472
13954 1133
13955 1413
13956 904
13957 380
13958 13
13959 1769
13960 1706
13961 2010
13962 13
13963 1623
13964 1813
13965 945
13966 1980
13967 985
13968 87
13969 2132
13970 2248
13971 1663
13972 1936
13973 549
13974 1570
13975 138
13976 617
13977 154
13978 1710
13979 617
13980 1477
13981 849
13982 1813
13983 1090
13984 789
13985 58
13986 2165
13987 1016
13988 352
13989 189
13990 683
13991 47
13992 2209
13993 976
13994 1234
13995 1801
13996 521
13997 976
13998 1951
13999 1422
14000 2292
14001 1511
14002 1329
14003 152
14004 2006
14005 376
14006 1850
14007 1002
14008 878
14009 731
14010 1953
14011 679
14012 1527
14013 132
14014 1838
14015 1439
14016 1607
14017 1877
14018 1821
14019 1308
14020 1365
14021 736
14022 2175
14023 1642
14024 945
14025 528
14026 2006
14027 77
14028 1357
14029 208
14030 2013
14031 860
14032 1813
14033 857
14034 1308
14035 1177
14036 1343
14037 2314
14038 601
14039 2233
14040 816
14041 927
14042 1562
14043 2295
14044 224
14045 87
14046 1357
14047 1267
14048 1478
14049 1656
14050 1455
14051 1069
14052 857
14053 1151
14054 714
14055 1328
14056 2071
14057 564
14058 663
14059 766
14060 405
14061 13
14062 1388
14063 342
14064 120
14065 152
14066 1900
14067 1240
14068 2170
14069 1962
14070 891
14071 1224
14072 507
14073 1370
14074 1594
14075 120
14076 240
14077 626
14078 761
14079 483
14080 1290
14081 2245
14082 2027
14083 1087
14084 2027
14085 423
14086 926
14087 2178
14088 380
14089 746
14090 1718
14091 693
14092 1916
14093 1820
14094 1526
14095 1871
14096 1026
14097 1892
14098 47
14099 455
14100 532
14101 704
14102 1251
14103 1990
14104 1445
14105 1000
14106 792
14107 893
14108 373
14109 2081
14110 1491
14111 617
14112 915
14113 748
14114 263
14115 1059
14116 1204
14117 1020
14118 792
14119 867
14120 766
14121 47
14122 833
14123 1000
14124 1217
14125 1921
14126 47
14127 874
14128 1326
14129 784
14130 1340
14131 251
14132 762
14133 746
14134 673
14135 755
14136 718
14137 47
14138 1656
14139 1923
14140 184
14141 904
14142 1813
14143 342
14144 904
14145 1849
14146 693
14147 167
14148 1594
14149 939
14150 2015
14151 423
14152 930
14153 1289
14154 152
14155 1594
14156 1966
14157 1952
14158 87
14159 1123
14160 1627
14161 1691
14162 1594
14163 120
14164 1378
14165 2145
14166 1727
14167 1419
14168 1071
14169 1600
14170 47
14171 1042
14172 181
14173 2040
14174 673
14175 650
14176 47
14177 342
14178 1608
14179 1116
14180 1477
14181 1529
14182 1801
14183 1656
14184 1455
14185 1868
14186 1442
14187 380
14188 1604
14189 561
14190 1489
14191 2015
14192 1833
14193 306
14194 927
14195 2175
14196 1912
14197 2133
14198 1783
14199 708
14200 1924
14201 2290
14202 420
14203 1283
14204 342
14205 2195
14206 2138
14207 1730
14208 456
14209 93
14210 401
14211 189
14212 570
14213 332
14214 2163
14215 1131
14216 231
14217 1054
14218 1783
14219 2172
14220 1533
14221 1849
14222 94
14223 373
14224 1866
14225 1869
14226 1721
14227 1491
14228 1892
14229 1047
14230 748
14231 1994
14232 1598
14233 2005
14234 1548
14235 414
14236 380
14237 456
14238 1075
14239 2248
14240 2058
14241 1596
14242 120
14243 1727
14244 342
14245 1326
14246 10
14247 97
14248 2194
14249 1714
14250 1240
14251 306
14252 1866
14253 1234
14254 689
14255 261
14256 47
14257 1449
14258 1900
14259 704
14260 570
14261 1141
14262 1384
14263 1666
14264 2205
14265 2156
14266 507
14267 372
14268 1089
14269 189
14270 1
14271 1242
14272 278
14273 2123
14274 995
14275 1666
14276 60
14277 784
14278 1184
14279 380
14280 1050
14281 342
14282 794
14283 2083
14284 1898
14285 1911
14286 1631
14287 306
14288 1483
14289 2008
14290 1782
14291 1980
14292 1778
14293 167
14294 1234
14295 401
14296 178
14297 729
14298 1721
14299 254
14300 1115
14301 1788
14302 1430
14303 778
14304 306
14305 750
14306 2252
14307 1724
14308 667
14309 1656
14310 1082
14311 1603
14312 167
14313 1888
14314 294
14315 226
14316 1825
14317 525
14318 178
14319 1773
14320 1308
14321 1331
14322 681
14323 1869
14324 528
14325 153
14326 2246
14327 208
14328 1426
14329 1980
14330 456
14331 237
14332 1118
14333 570
14334 483
14335 40
14336 1726
14337 1833
14338 857
14339 447
14340 12
14341 1900
14342 1114
14343 1869
14344 626
14345 570
14346 2160
14347 1432
14348 59
14349 650
14350 844
14351 1975
14352 1443
14353 1778
14354 809
14355 153
14356 40
14357 1785
14358 1863
14359 2035
14360 2005
14361 1390
14362 994
14363 636
14364 1261
14365 499
14366 121
14367 1352
14368 1825
14369 1875
14370 2092
14371 818
14372 2155
14373 2136
14374 870
14375 686
14376 1930
14377 1181
14378 1888
14379 2035
14380 759
14381 1773
14382 1673
14383 1987
14384 497
14385 855
14386 449
14387 1326
14388 1830
14389 1259
14390 81
14391 1442
14392 380
14393 1517
14394 1666
14395 158
14396 1528
14397 352
14398 1578
14399 1531
14400 2011
14401 2170
14402 380
14403 2269
14404 689
14405 789
14406 731
14407 570
14408 491
14409 40
14410 1155
14411 1268
14412 520
14413 2269
14414 175
14415 2246
14416 1190
14417 1527
14418 1607
14419 208
14420 1152
14421 1204
14422 760
14423 1089
14424 1853
14425 1324
14426 2026
14427 121
14428 121
14429 2095
14430 378
14431 1475
14432 1217
14433 2071
14434 306
14435 1901
14436 1104
14437 653
14438 1500
14439 149
14440 88
14441 945
14442 270
14443 1217
14444 2067
14445 1351
14446 570
14447 136
14448 60
14449 1927
14450 2258
14451 2024
14452 662
14453 1673
14454 1491
14455 1921
14456 40
14457 1016
14458 1242
14459 1813
14460 1673
14461 1778
14462 331
14463 843
14464 1625
14465 483
14466 1813
14467 746
14468 1833
14469 2017
14470 825
14471 2091
14472 869
14473 1217
14474 2155
14475 1552
14476 1551
14477 231
14478 1962
14479 298
14480 1200
14481 1140
14482 2134
14483 1543
14484 1766
14485 306
14486 1007
14487 1890
14488 536
14489 1890
14490 1082
14491 162
14492 1390
14493 416
14494 10
14495 1778
14496 1656
14497 987
14498 611
14499 1723
14500 1323
14501 1628
14502 2017
14503 1555
14504 1258
14505 2027
14506 1217
14507 768
14508 1867
14509 1635
14510 1828
14511 1591
14512 416
14513 1381
14514 1734
14515 416
14516 98
14517 254
14518 683
14519 98
14520 571
14521 20
14522 1261
14523 121
14524 1825
14525 443
14526 380
14527 980
14528 1913
14529 1991
14530 1383
14531 2186
14532 557
14533 963
14534 988
14535 1773
14536 617
14537 731
14538 686
14539 463
14540 1201
14541 237
14542 550
14543 1920
14544 1094
14545 1944
14546 423
14547 401
14548 485
14549 788
14550 743
14551 1984
14552 1593
14553 1113
14554 1217
14555 2210
14556 789
14557 1203
14558 1374
14559 2118
14560 867
14561 2043
14562 306
14563 1140
14564 1442
14565 1210
14566 162
14567 352
14568 278
14569 1424
14570 2074
14571 149
14572 3
14573 380
14574 1569
14575 1301
14576 1824
14577 1047
14578 754
14579 2228
14580 472
14581 2027
14582 306
14583 2233
14584 1254
14585 1658
14586 1302
14587 2270
14588 964
14589 892
14590 1123
14591 153
14592 762
14593 945
14594 40
14595 1472
14596 1277
14597 2135
14598 559
14599 208
14600 1890
14601 800
14602 2081
14603 10
14604 2027
14605 1528
14606 2209
14607 731
14608 2094
14609 1574
14610 945
14611 2064
14612 2174
14613 1618
14614 352
14615 462
14616 1883
14617 691
14618 5
14619 1869
14620 1691
14621 121
14622 641
14623 507
14624 2063
14625 1885
14626 1089
14627 772
14628 1642
14629 1555
14630 1414
14631 208
14632 380
14633 153
14634 1841
14635 853
14636 932
14637 138
14638 1274
14639 1605
14640 689
14641 700
14642 423
14643 2084
14644 1186
14645 570
14646 1128
14647 1082
14648 2244
14649 1402
14650 1382
14651 87
14652 1177
14653 138
14654 2247
14655 405
14656 466
14657 794
14658 2241
14659 1833
14660 1217
14661 670
14662 874
14663 2237
14664 208
14665 2088
14666 1480
14667 251
14668 1358
14669 1483
14670 1869
14671 2281
14672 1673
14673 2084
14674 40
14675 522
14676 784
14677 1296
14678 2182
14679 873
14680 2190
14681 483
14682 1893
14683 1811
14684 1628
14685 686
14686 1181
14687 1921
14688 2269
14689 641
14690 1527
14691 1054
14692 2104
14693 2215
14694 1601
14695 973
14696 1924
14697 1800
14698 855
14699 125
14700 1937
14701 1700
14702 237
14703 1963
14704 333
14705 1201
14706 2073
14707 2153
14708 2101
14709 2217
14710 668
14711 1997
14712 1942
14713 699
14714 1950
14715 1491
14716 1594
14717 873
14718 466
14719 1596
14720 1175
14721 1963
14722 87
14723 2098
14724 530
14725 738
14726 507
14727 278
14728 1567
14729 1673
14730 924
14731 1956
14732 136
14733 1944
14734 922
14735 2166
14736 635
14737 1673
14738 10
14739 570
14740 1673
14741 1451
14742 663
14743 2258
14744 1089
14745 1727
14746 1234
14747 1658
14748 589
14749 1388
14750 467
14751 590
14752 1089
14753 208
14754 1607
14755 1547
14756 1410
14757 904
14758 906
14759 809
14760 2121
14761 1940
14762 853
14763 2024
14764 1284
14765 1566
14766 1935
14767 208
14768 531
14769 939
14770 1980
14771 136
14772 2017
14773 1568
14774 869
14775 995
14776 1075
14777 1766
14778 499
14779 1658
14780 726
14781 1061
14782 983
14783 2242
14784 945
14785 1892
14786 40
14787 1673
14788 1442
14789 1143
14790 2141
14791 2033
14792 167
14793 60
14794 639
14795 878
14796 2140
14797 131
14798 1289
14799 1634
14800 1763
14801 2066
14802 1135
14803 2226
14804 1946
14805 761
14806 1950
14807 570
14808 1656
14809 1117
14810 1963
14811 1890
14812 1036
14813 1423
14814 1477
14815 1566
14816 278
14817 1773
14818 963
14819 2064
14820 2081
14821 1222
14822 229
14823 741
14824 1625
14825 1269
14826 1535
14827 1663
14828 2090
14829 782
14830 2017
14831 679
14832 159
14833 1850
14834 763
14835 99
14836 332
14837 507
14838 208
14839 1076
14840 557
14841 2218
14842 337
14843 1043
14844 2269
14845 855
14846 1442
14847 778
14848 209
14849 2258
14850 784
14851 1012
14852 1371
14853 1935
14854 546
14855 2017
14856 229
14857 2089
14858 295
14859 600
14860 1778
14861 87
14862 278
14863 1656
14864 1535
14865 433
14866 1825
14867 1607
14868 679
14869 240
14870 10
14871 507
14872 1558
14873 667
14874 985
14875 153
14876 1186
14877 2047
14878 2242
14879 902
14880 1841
14881 1696
14882 1886
14883 1508
14884 1939
14885 958
14886 1673
14887 626
14888 40
14889 1846
14890 1375
14891 2098
14892 523
14893 246
14894 1642
14895 1005
14896 1042
14897 1879
14898 555
14899 1331
14900 241
14901 162
14902 100
14903 710
14904 1923
14905 2140
14906 1568
14907 1011
14908 1876
14909 1530
14910 147
14911 849
14912 204
14913 596
14914 441
14915 1400
14916 1768
14917 2105
14918 801
14919 1362
14920 1491
14921 2111
14922 1113
14923 1374
14924 1064
14925 1654
14926 1525
14927 2118
14928 489
14929 930
14930 2127
14931 1901
14932 1937
14933 380
14934 1737
14935 673
14936 278
14937 1607
14938 298
14939 1767
14940 2236
14941 1224
14942 1489
14943 1489
14944 1874
14945 589
14946 993
14947 1946
14948 641
14949 1931
14950 380
14951 1355
14952 763
14953 850
14954 1096
14955 887
14956 1943
14957 1222
14958 1945
14959 1369
14960 668
14961 10
14962 1778
14963 125
14964 537
14965 258
14966 497
14967 125
14968 84
14969 673
14970 1428
14971 1308
14972 84
14973 1089
14974 2061
14975 1933
14976 1893
14977 1624
14978 647
14979 636
14980 352
14981 565
14982 1535
14983 1573
14984 129
14985 743
14986 789
14987 1960
14988 306
14989 1143
14990 1578
14991 1352
14992 254
14993 2212
14994 738
14995 1023
14996 1485
14997 816
14998 39
14999 60
15000 138
15001 2110
15002 1921
15003 1849
15004 567
15005 567
15006 778
15007 1145
15008 1833
15009 176
15010 819
15011 1106
15012 1856
15013 1596
15014 664
15015 2127
15016 892
15017 1849
15018 2281
15019 1286
15020 791
15021 1195
15022 2239
15023 1656
15024 1032
15025 153
15026 1508
15027 1114
15028 653
15029 979
15030 1980
15031 1473
15032 1390
15033 1375
15034 867
15035 2101
15036 352
15037 919
15038 2017
15039 1656
15040 1656
15041 1442
15042 699
15043 1517
15044 1875
15045 475
15046 1833
15047 546
15048 1918
15049 832
15050 1214
15051 306
15052 596
15053 1455
15054 559
15055 1284
15056 112
15057 1984
15058 2173
15059 168
15060 1517
15061 1910
15062 371
15063 302
15064 1944
15065 1653
15066 1273
15067 306
15068 1267
15069 782
15070 856
15071 352
15072 260
15073 1286
15074 1263
15075 1376
15076 1404
15077 250
15078 2062
15079 1644
15080 1437
15081 1489
15082 1026
15083 1290
15084 1886
15085 1214
15086 731
15087 1483
15088 1704
15089 1707
15090 1258
15091 176
15092 1066
15093 1583
15094 1137
15095 2113
15096 306
15097 1155
15098 2140
15099 2094
15100 745
15101 1133
15102 1535
15103 654
15104 237
15105 1633
15106 1722
15107 226
15108 1020
15109 1246
15110 1656
15111 1594
15112 1095
15113 2174
15114 1693
15115 710
15116 2021
15117 1445
15118 1410
15119 1185
15120 846
15121 1833
15122 1725
15123 1553
15124 374
15125 1607
15126 1544
15127 663
15128 1992
15129 878
15130 2013
15131 2058
15132 959
15133 613
15134 1442
15135 271
15136 1483
15137 40
15138 1374
15139 177
15140 2247
15141 567
15142 1126
15143 1323
15144 693
15145 1623
15146 1828
15147 420
15148 1967
15149 1139
15150 2208
15151 1517
15152 906
15153 1915
15154 184
15155 401
15156 669
15157 1063
15158 1530
15159 466
15160 1833
15161 894
15162 1276
15163 1500
15164 2176
15165 930
15166 1376
15167 1231
15168 2227
15169 12
15170 1825
15171 1938
15172 2127
15173 1528
15174 1778
15175 84
15176 1599
15177 132
15178 1179
15179 1419
15180 834
15181 958
15182 1329
15183 1773
15184 1889
15185 2127
15186 1861
15187 1371
15188 922
15189 887
15190 1656
15191 762
15192 1825
15193 1773
15194 1440
15195 2035
15196 1483
15197 769
15198 1649
15199 478
15200 1107
15201 1860
15202 600
15203 339
15204 1012
15205 741
15206 189
15207 1223
15208 1955
15209 1721
15210 100
15211 1646
15212 1391
15213 1096
15214 133
15215 813
15216 2026
15217 1654
15218 137
15219 1469
15220 352
15221 902
15222 1061
15223 1378
15224 97
15225 491
15226 1348
15227 1391
15228 121
15229 959
15230 158
15231 1936
15232 98
15233 2017
15234 1214
15235 1047
15236 56
15237 247
15238 640
15239 1084
15240 1649
15241 352
15242 1066
15243 2157
15244 138
15245 168
15246 1341
15247 2287
15248 820
15249 904
15250 869
15251 1980
15252 2008
15253 1474
15254 2075
15255 2153
15256 9
15257 247
15258 693
15259 846
15260 540
15261 481
15262 12
15263 2251
15264 1870
15265 1673
15266 612
15267 299
15268 1185
15269 1455
15270 352
15271 2210
15272 1971
15273 1589
15274 134
15275 410
15276 1439
15277 278
15278 2017
15279 1025
15280 2150
15281 2257
15282 1223
15283 1185
15284 401
15285 2269
15286 968
15287 1376
15288 860
15289 2153
15290 1517
15291 84
15292 815
15293 939
15294 2316
15295 1581
15296 2205
15297 2089
15298 1734
15299 858
15300 1252
15301 1779
15302 769
15303 979
15304 93
15305 1034
15306 507
15307 1470
15308 352
15309 1607
15310 246
15311 84
15312 237
15313 1732
15314 4
15315 783
15316 1963
15317 731
15318 1103
15319 1214
15320 392
15321 720
15322 2128
15323 153
15324 2122
15325 2216
15326 975
15327 1647
15328 997
15329 567
15330 444
15331 132
15332 738
15333 1656
15334 1483
15335 1210
15336 226
15337 1038
15338 491
15339 2277
15340 613
15341 1691
15342 84
15343 1629
15344 1588
15345 1910
15346 241
15347 1005
15348 474
15349 1134
15350 40
15351 1279
15352 1455
15353 247
15354 138
15355 1299
15356 596
15357 58
15358 2127
15359 1975
15360 177
15361 748
15362 415
15363 2047
15364 626
15365 278
15366 675
15367 1185
15368 1271
15369 2217
15370 3
15371 2125
15372 2149
15373 2089
15374 278
15375 1308
15376 2090
15377 2115
15378 2127
15379 1968
15380 78
15381 613
15382 1115
15383 745
15384 189
15385 718
15386 1214
15387 1047
15388 1455
15389 626
15390 1049
15391 40
15392 1391
15393 611
15394 2216
15395 869
15396 138
15397 1431
15398 1570
15399 1308
15400 1940
15401 1934
15402 2035
15403 532
15404 507
15405 1415
15406 1773
15407 1424
15408 1234
15409 1773
15410 894
15411 1773
15412 1769
15413 177
15414 1096
15415 2291
15416 388
15417 975
15418 1608
15419 130
15420 1234
15421 1690
15422 1935
15423 570
15424 1716
15425 613
15426 1715
15427 1525
15428 452
15429 980
15430 821
15431 878
15432 1535
15433 640
15434 2017
15435 2166
15436 2162
15437 2256
15438 2314
15439 611
15440 84
15441 278
15442 1663
15443 897
15444 2217
15445 1517
15446 523
15447 876
15448 1864
15449 2099
15450 2003
15451 1656
15452 1214
15453 2094
15454 4
15455 1245
15456 401
15457 254
15458 945
15459 766
15460 896
15461 531
15462 84
15463 1441
15464 1714
15465 9
15466 2021
15467 693
15468 1967
15469 2155
15470 40
15471 2219
15472 278
15473 1416
15474 2249
15475 845
15476 1442
15477 138
15478 518
15479 1991
15480 2230
15481 1646
15482 499
15483 654
15484 1020
15485 1234
15486 1778
15487 2146
15488 567
15489 2090
15490 1378
15491 1941
15492 177
15493 1949
15494 570
15495 1778
15496 2181
15497 273
15498 1773
15499 136
15500 2224
15501 1718
15502 601
15503 1936
15504 2110
15505 279
15506 9
15507 455
15508 1067
15509 1117
15510 56
15511 1245
15512 596
15513 1442
15514 1600
15515 463
15516 2176
15517 272
15518 1297
15519 153
15520 478
15521 1270
15522 968
15523 1889
15524 1737
15525 1766
15526 773
15527 718
15528 594
15529 1517
15530 2094
15531 902
15532 390
15533 2017
15534 1254
15535 1308
15536 2210
15537 888
15538 897
15539 2282
15540 1367
15541 2070
15542 773
15543 1966
15544 1996
15545 20
15546 1579
15547 769
15548 1656
15549 1139
15550 1442
15551 352
15552 1201
15553 302
15554 1436
15555 416
15556 2031
15557 1746
15558 2210
15559 588
15560 613
15561 1041
15562 1649
15563 1855
15564 1824
15565 873
15566 1778
15567 1323
15568 1656
15569 233
15570 1608
15571 2
15572 226
15573 152
15574 2021
15575 1121
15576 1877
15577 416
15578 1146
15579 299
15580 1455
15581 818
15582 1650
15583 301
15584 1242
15585 491
15586 778
15587 762
15588 1890
15589 1865
15590 2188
15591 2217
15592 894
15593 1185
15594 1035
15595 1259
15596 1360
15597 1355
15598 996
15599 913
15600 302
15601 1000
15602 1155
15603 489
15604 962
15605 1706
15606 988
15607 424
15608 2220
15609 1106
15610 691
15611 662
15612 1050
15613 1473
15614 945
15615 401
15616 885
15617 2040
15618 1647
15619 809
15620 1881
15621 1033
15622 279
15623 1424
15624 1901
15625 2269
15626 2296
15627 1603
15628 40
15629 974
15630 471
15631 419
15632 1141
15633 1963
15634 845
15635 700
15636 1890
15637 1598
15638 1425
15639 2040
15640 1455
15641 1053
15642 567
15643 1348
15644 840
15645 1985
15646 1810
15647 279
15648 2047
15649 1337
15650 261
15651 967
15652 994
15653 2231
15654 2237
15655 1967
15656 2047
15657 306
15658 1697
15659 20
15660 20
15661 688
15662 690
15663 2015
15664 20
15665 2244
15666 1155
15667 1002
15668 2152
15669 1242
15670 1246
15671 1692
15672 160
15673 447
15674 1097
15675 270
15676 890
15677 540
15678 1773
15679 2014
15680 1227
15681 709
15682 352
15683 1943
15684 1517
15685 1376
15686 1155
15687 945
15688 433
15689 667
15690 2091
15691 613
15692 1673
15693 20
15694 1489
15695 306
15696 647
15697 1385
15698 700
15699 1155
15700 988
15701 1097
15702 967
15703 1546
15704 2269
15705 1298
15706 1137
15707 1589
15708 138
15709 1720
15710 279
15711 1594
15712 1287
15713 1733
15714 401
15715 1920
15716 589
15717 507
15718 1698
15719 2184
15720 1503
15721 1804
15722 751
15723 1331
15724 1265
15725 2047
15726 2230
15727 570
15728 1658
15729 1617
15730 1545
15731 401
15732 535
15733 1554
15734 856
15735 702
15736 982
15737 1035
15738 1984
15739 1388
15740 515
15741 907
15742 537
15743 1020
15744 455
15745 1498
15746 1489
15747 397
15748 1576
15749 1128
15750 741
15751 748
15752 1938
15753 1355
15754 1623
15755 1366
15756 613
15757 668
15758 2017
15759 2166
15760 84
15761 570
15762 1227
15763 2121
15764 1513
15765 920
15766 2251
15767 1156
15768 1485
15769 306
15770 1047
15771 245
15772 168
15773 570
15774 380
15775 1246
15776 959
15777 1424
15778 1897
15779 815
15780 189
15781 847
15782 671
15783 1773
15784 2216
15785 1140
15786 516
15787 1813
15788 84
15789 1016
15790 561
15791 702
15792 524
15793 2098
15794 2066
15795 392
15796 1231
15797 1044
15798 2269
15799 2135
15800 2104
15801 1923
15802 570
15803 1774
15804 237
15805 1665
15806 1008
15807 507
15808 469
15809 1105
15810 498
15811 56
15812 2293
15813 1604
15814 2047
15815 746
15816 2076
15817 1008
15818 1658
15819 980
15820 1469
15821 2126
15822 497
15823 2176
15824 2076
15825 1324
15826 769
15827 627
15828 1379
15829 2120
15830 1952
15831 336
15832 1986
15833 1813
15834 1357
15835 926
15836 2230
15837 1949
15838 1535
15839 832
15840 1616
15841 40
15842 945
15843 1296
15844 1302
15845 964
15846 1773
15847 1647
15848 1801
15849 1429
15850 1047
15851 1308
15852 138
15853 125
15854 273
15855 1554
15856 433
15857 376
15858 1277
15859 1082
15860 20
15861 1016
15862 1066
15863 653
15864 570
15865 1125
15866 567
15867 315
15868 1535
15869 1572
15870 686
15871 1717
15872 20
15873 1258
15874 2072
15875 570
15876 1567
15877 1404
15878 1267
15879 138
15880 478
15881 1381
15882 1738
15883 1097
15884 1084
15885 929
15886 570
15887 1363
15888 279
15889 2006
15890 1081
15891 394
15892 1986
15893 1984
15894 589
15895 2110
15896 195
15897 1563
15898 970
15899 2003
15900 864
15901 1556
15902 1391
15903 2116
15904 726
15905 1442
15906 939
15907 1414
15908 463
15909 41
15910 1650
15911 186
15912 2003
15913 2193
15914 1901
15915 420
15916 1956
15917 653
15918 40
15919 315
15920 1810
15921 1060
15922 449
15923 1343
15924 1636
15925 1385
15926 1570
15927 1778
15928 1290
15929 888
15930 1005
15931 1005
15932 1265
15933 2238
15934 1333
15935 2269
15936 1349
15937 41
15938 1053
15939 570
15940 254
15941 236
15942 1503
15943 855
15944 1778
15945 2177
15946 177
15947 2152
15948 1727
15949 611
15950 594
15951 1952
15952 1888
15953 474
15954 897
15955 1829
15956 1412
15957 84
15958 1919
15959 1418
15960 2064
15961 212
15962 86
15963 39
15964 279
15965 138
15966 1876
15967 674
15968 2271
15969 1036
15970 96
15971 537
15972 1810
15973 463
15974 2300
15975 315
15976 1951
15977 791
15978 98
15979 1298
15980 945
15981 401
15982 2258
15983 1308
15984 315
15985 1210
15986 212
15987 232
15988 42
15989 488
15990 1308
15991 1578
15992 982
15993 2291
15994 2080
15995 2111
15996 1223
15997 1156
15998 839
15999 1301
16000 613
16001 154
16002 479
16003 726
16004 2283
16005 1308
16006 1290
16007 2021
16008 1258
16009 246
16010 1148
16011 1711
16012 1948
16013 1240
16014 1234
16015 1038
16016 878
16017 626
16018 613
16019 86
16020 484
16021 1963
16022 2269
16023 2104
16024 988
16025 2278
16026 2225
16027 2269
16028 945
16029 460
16030 42
16031 1455
16032 433
16033 1308
16034 1533
16035 1149
16036 1890
16037 907
16038 186
16039 613
16040 1008
16041 1429
16042 1729
16043 1695
16044 1373
16045 315
16046 1017
16047 1082
16048 1026
16049 907
16050 195
16051 693
16052 1389
16053 1856
16054 80
16055 1813
16056 537
16057 1455
16058 1473
16059 1488
16060 315
16061 433
16062 1012
16063 759
16064 1326
16065 979
16066 673
16067 866
16068 20
16069 1647
16070 2270
16071 2137
16072 819
16073 42
16074 1252
16075 1261
16076 177
16077 434
16078 853
16079 570
16080 2125
16081 865
16082 726
16083 86
16084 1746
16085 2104
16086 315
16087 1278
16088 945
16089 1813
16090 1388
16091 410
16092 1008
16093 380
16094 1404
16095 368
16096 1804
16097 769
16098 751
16099 1491
16100 20
16101 1204
16102 1097
16103 2023
16104 751
16105 641
16106 1084
16107 1156
16108 401
16109 625
16110 1911
16111 1097
16112 1721
16113 352
16114 746
16115 1246
16116 1714
16117 1881
16118 267
16119 1380
16120 843
16121 315
16122 231
16123 60
16124 209
16125 1438
16126 352
16127 1533
16128 1060
16129 489
16130 731
16131 1513
16132 613
16133 315
16134 818
16135 241
16136 1246
16137 152
16138 1599
16139 2063
16140 1097
16141 497
16142 2270
16143 570
16144 791
16145 246
16146 653
16147 2157
16148 1455
16149 1125
16150 1040
16151 152
16152 1890
16153 392
16154 2270
16155 1563
16156 138
16157 2246
16158 498
16159 273
16160 1650
16161 677
16162 987
16163 1916
16164 20
16165 1766
16166 945
16167 1387
16168 1201
16169 656
16170 833
16171 1890
16172 1875
16173 1532
16174 702
16175 1608
16176 1040
16177 1024
16178 1773
16179 693
16180 613
16181 1455
16182 315
16183 77
16184 1180
16185 1853
16186 168
16187 1270
16188 212
16189 392
16190 1535
16191 96
16192 1599
16193 1442
16194 674
16195 1578
16196 1627
16197 2139
16198 778
16199 2047
16200 1380
16201 2158
16202 373
16203 1145
16204 2183
16205 702
16206 1371
16207 2047
16208 401
16209 421
16210 1259
16211 527
16212 1156
16213 702
16214 1005
16215 1874
16216 405
16217 967
16218 380
16219 1858
16220 2270
16221 567
16222 2270
16223 1376
16224 668
16225 2195
16226 996
16227 1990
16228 1947
16229 1287
16230 713
16231 673
16232 374
16233 1584
16234 1423
16235 1076
16236 2195
16237 1930
16238 250
16239 180
16240 336
16241 1292
16242 152
16243 2279
16244 1608
16245 1287
16246 1631
16247 86
16248 653
16249 2237
16250 433
16251 1673
16252 2270
16253 2062
16254 1062
16255 1008
16256 1442
16257 1598
16258 401
16259 1813
16260 237
16261 1126
16262 2111
16263 470
16264 1638
16265 1097
16266 2150
16267 138
16268 613
16269 893
16270 570
16271 885
16272 1105
16273 1156
16274 1451
16275 1778
16276 518
16277 1252
16278 460
16279 2206
16280 570
16281 43
16282 86
16283 2079
16284 2270
16285 691
16286 1308
16287 2099
16288 212
16289 1968
16290 1430
16291 1690
16292 1455
16293 352
16294 567
16295 1251
16296 2270
16297 101
16298 1673
16299 571
16300 699
16301 1066
16302 1568
16303 2283
16304 43
16305 315
16306 1270
16307 352
16308 1716
16309 2154
16310 675
16311 100
16312 572
16313 42
16314 1385
16315 945
16316 883
16317 2228
16318 177
16319 421
16320 727
16321 1608
16322 1198
16323 1559
16324 99
16325 272
16326 1385
16327 2270
16328 922
16329 315
16330 1963
16331 138
16332 1513
16333 1736
16334 1813
16335 1925
16336 815
16337 1264
16338 1608
16339 1011
16340 1841
16341 613
16342 1246
16343 1023
16344 1722
16345 888
16346 571
16347 334
16348 1104
16349 1984
16350 1608
16351 607
16352 1845
16353 515
16354 2047
16355 1182
16356 280
16357 2281
16358 1142
16359 529
16360 424
16361 294
16362 994
16363 409
16364 1036
16365 1082
16366 1455
16367 352
16368 1625
16369 507
16370 86
16371 2160
16372 672
16373 838
16374 1323
16375 1822
16376 352
16377 2227
16378 559
16379 571
16380 641
16381 2144
16382 20
16383 180
16384 616
16385 2270
16386 1586
16387 1156
16388 1626
16389 352
16390 401
16391 1206
16392 138
16393 374
16394 167
16395 1656
16396 42
16397 1636
16398 1491
16399 1227
16400 1385
16401 243
16402 1223
16403 1089
16404 212
16405 1253
16406 1479
16407 2270
16408 2278
16409 1089
16410 1408
16411 616
16412 931
16413 352
16414 535
16415 1544
16416 276
16417 818
16418 571
16419 1156
16420 653
16421 315
16422 444
16423 1778
16424 945
16425 653
16426 945
16427 2003
16428 1190
16429 1545
16430 302
16431 159
16432 152
16433 1673
16434 2152
16435 1915
16436 2084
16437 2270
16438 994
16439 20
16440 2270
16441 2164
16442 1039
16443 571
16444 1665
16445 380
16446 675
16447 231
16448 42
16449 1267
16450 2270
16451 2270
16452 1391
16453 782
16454 467
16455 8
16456 1633
16457 1067
16458 1063
16459 1917
16460 398
16461 2270
16462 1948
16463 1778
16464 2182
16465 1453
16466 1870
16467 428
16468 2246
16469 2271
16470 1713
16471 1109
16472 1837
16473 567
16474 279
16475 1952
16476 236
16477 1148
16478 401
16479 702
16480 2014
16481 315
16482 1185
16483 1569
16484 958
16485 153
16486 1190
16487 1778
16488 1214
16489 2292
16490 635
16491 1207
16492 2271
16493 637
16494 983
16495 1673
16496 1566
16497 11
16498 1380
16499 2184
16500 1746
16501 895
16502 352
16503 2271
16504 20
16505 2271
16506 1952
16507 2271
16508 209
16509 2254
16510 2271
16511 1935
16512 1388
16513 1813
16514 571
16515 558
16516 1324
16517 1593
16518 1234
16519 132
16520 675
16521 718
16522 2271
16523 1746
16524 1430
16525 2125
16526 1068
16527 2113
16528 491
16529 688
16530 2166
16531 1673
16532 653
16533 352
16534 1877
16535 1514
16536 1156
16537 478
16538 1993
16539 279
16540 1118
16541 1746
16542 945
16543 1246
16544 80
16545 625
16546 1806
16547 1596
16548 424
16549 2008
16550 1879
16551 2111
16552 152
16553 2271
16554 6
16555 751
16556 554
16557 2271
16558 790
16559 843
16560 1990
16561 554
16562 1829
16563 594
16564 139
16565 475
16566 456
16567 2003
16568 2271
16569 42
16570 562
16571 86
16572 2271
16573 2212
16574 471
16575 1114
16576 1553
16577 2272
16578 1079
16579 1455
16580 20
16581 2003
16582 662
16583 2000
16584 352
16585 1196
16586 1478
16587 571
16588 416
16589 1550
16590 1773
16591 892
16592 727
16593 336
16594 1346
16595 57
16596 1493
16597 20
16598 1632
16599 607
16600 1623
16601 778
16602 1187
16603 96
16604 1498
16605 1008
16606 1563
16607 1351
16608 964
16609 616
16610 1038
16611 1480
16612 664
16613 1806
16614 2226
16615 1198
16616 405
16617 2006
16618 761
16619 1179
16620 2213
16621 1278
16622 1901
16623 537
16624 673
16625 987
16626 2290
16627 416
16628 2127
16629 1810
16630 2214
16631 98
16632 1482
16633 822
16634 1214
16635 2043
16636 1881
16637 352
16638 21
16639 1176
16640 2271
16641 865
16642 478
16643 588
16644 2243
16645 693
16646 42
16647 1410
16648 43
16649 2271
16650 2177
16651 139
16652 1598
16653 273
16654 374
16655 790
16656 2271
16657 1156
16658 1056
16659 209
16660 478
16661 2003
16662 602
16663 773
16664 274
16665 1341
16666 217
16667 1234
16668 21
16669 1292
16670 601
16671 748
16672 1739
16673 885
16674 1262
16675 2271
16676 1493
16677 1223
16678 5
16679 2208
16680 195
16681 315
16682 1346
16683 1656
16684 738
16685 1014
16686 1746
16687 56
16688 1390
16689 878
16690 571
16691 424
16692 1038
16693 702
16694 731
16695 1442
16696 959
16697 1145
16698 1754
16699 1054
16700 100
16701 134
16702 1530
16703 1673
16704 1132
16705 625
16706 2109
16707 1672
16708 60
16709 1187
16710 2248
16711 2206
16712 592
16713 1608
16714 2272
16715 1374
16716 401
16717 858
16718 2072
16719 1928
16720 1673
16721 646
16722 1746
16723 1746
16724 475
16725 168
16726 186
16727 2272
16728 1587
16729 720
16730 279
16731 1387
16732 100
16733 628
16734 2072
16735 1439
16736 791
16737 1533
16738 748
16739 2247
16740 606
16741 754
16742 1746
16743 176
16744 1998
16745 449
16746 428
16747 1734
16748 1773
16749 474
16750 852
16751 237
16752 1067
16753 1868
16754 1084
16755 1082
16756 1156
16757 93
16758 1132
16759 1987
16760 213
16761 1213
16762 2123
16763 1992
16764 1066
16765 641
16766 539
16767 653
16768 2106
16769 1255
16770 1183
16771 2272
16772 2316
16773 1498
16774 213
16775 1673
16776 98
16777 2079
16778 1868
16779 1628
16780 100
16781 2272
16782 1778
16783 692
16784 1644
16785 1841
16786 2272
16787 300
16788 1879
16789 1674
16790 279
16791 2000
16792 726
16793 571
16794 428
16795 1929
16796 603
16797 1526
16798 2254
16799 2272
16800 853
16801 2272
16802 423
16803 994
16804 2023
16805 2225
16806 1493
16807 168
16808 456
16809 1746
16810 2131
16811 1558
16812 101
16813 1690
16814 2272
16815 9
16816 2137
16817 1785
16818 947
16819 4
16820 1050
16821 603
16822 1502
16823 1828
16824 213
16825 1024
16826 2298
16827 243
16828 1278
16829 2007
16830 1647
16831 2272
16832 1708
16833 254
16834 2272
16835 2151
16836 1746
16837 1880
16838 628
16839 261
16840 621
16841 2174
16842 1308
16843 410
16844 213
16845 1511
16846 2174
16847 1103
16848 609
16849 1397
16850 1923
16851 2248
16852 693
16853 1728
16854 726
16855 1120
16856 787
16857 58
16858 690
16859 1674
16860 2204
16861 571
16862 2273
16863 1724
16864 947
16865 1102
16866 1178
16867 1233
16868 2166
16869 690
16870 1746
16871 1177
16872 1551
16873 571
16874 2272
16875 1849
16876 719
16877 1746
16878 1124
16879 1621
16880 433
16881 1210
16882 1885
16883 986
16884 1407
16885 1093
16886 1788
16887 1199
16888 2215
16889 315
16890 491
16891 782
16892 621
16893 1308
16894 671
16895 1069
16896 1038
16897 1956
16898 1514
16899 1911
16900 60
16901 1721
16902 1062
16903 1433
16904 2125
16905 1064
16906 1608
16907 56
16908 1916
16909 1480
16910 1557
16911 1608
16912 979
16913 21
16914 1066
16915 790
16916 2110
16917 1207
16918 258
16919 2227
16920 2157
16921 1476
16922 1618
16923 1947
16924 213
16925 1213
16926 1859
16927 42
16928 2072
16929 888
16930 1187
16931 1079
16932 1782
16933 1493
16934 497
16935 766
16936 374
16937 840
16938 1837
16939 462
16940 2272
16941 1726
16942 1746
16943 421
16944 21
16945 1514
16946 1639
16947 2040
16948 1825
16949 1146
16950 1350
16951 2183
16952 86
16953 101
16954 554
16955 1674
16956 42
16957 1720
16958 2272
16959 315
16960 2075
16961 433
16962 1990
16963 274
16964 887
16965 768
16966 1842
16967 1277
16968 2026
16969 1350
16970 114
16971 910
16972 947
16973 1629
16974 628
16975 2272
16976 1709
16977 411
16978 865
16979 2272
16980 635
16981 441
16982 2243
16983 1674
16984 793
16985 590
16986 2237
16987 42
16988 1726
16989 1996
16990 2111
16991 2278
16992 1252
16993 184
16994 2009
16995 1130
16996 2171
16997 524
16998 1032
16999 888
17000 1919
17001 267
17002 1806
17003 1415
17004 519
17005 1692
17006 1514
17007 945
17008 1901
17009 2254
17010 2219
17011 2115
17012 967
17013 168
17014 133
17015 1746
17016 2253
17017 2230
17018 1006
17019 1279
17020 2299
17021 2272
17022 1213
17023 1966
17024 1897
17025 2001
17026 2296
17027 653
17028 1927
17029 1721
17030 747
17031 1846
17032 315
17033 2273
17034 2273
17035 1212
17036 835
17037 424
17038 922
17039 1418
17040 2079
17041 599
17042 2224
17043 428
17044 926
17045 1879
17046 790
17047 241
17048 559
17049 521
17050 1926
17051 56
17052 251
17053 1145
17054 352
17055 1953
17056 2273
17057 42
17058 590
17059 920
17060 600
17061 1914
17062 139
17063 1035
17064 1052
17065 1477
17066 726
17067 1084
17068 226
17069 831
17070 1082
17071 411
17072 1674
17073 481
17074 433
17075 736
17076 1846
17077 1250
17078 628
17079 60
17080 968
17081 1507
17082 1709
17083 2166
17084 243
17085 892
17086 894
17087 702
17088 2099
17089 1642
17090 279
17091 2154
17092 2273
17093 1334
17094 2127
17095 1293
17096 1207
17097 1339
17098 1210
17099 461
17100 2273
17101 42
17102 21
17103 226
17104 1806
17105 1050
17106 611
17107 1806
17108 2107
17109 1278
17110 433
17111 507
17112 1141
17113 843
17114 2131
17115 628
17116 1535
17117 869
17118 1746
17119 2221
17120 1812
17121 2296
17122 639
17123 1800
17124 2273
17125 1107
17126 1455
17127 1860
17128 895
17129 1746
17130 970
17131 1852
17132 1036
17133 304
17134 668
17135 543
17136 1514
17137 778
17138 1129
17139 315
17140 267
17141 2082
17142 2183
17143 702
17144 777
17145 1399
17146 1942
17147 824
17148 1250
17149 1339
17150 279
17151 168
17152 21
17153 711
17154 548
17155 1843
17156 2228
17157 1768
17158 1122
17159 1674
17160 1071
17161 883
17162 1788
17163 1748
17164 1475
17165 279
17166 2273
17167 1806
17168 1746
17169 1850
17170 279
17171 801
17172 97
17173 1376
17174 315
17175 2278
17176 1066
17177 247
17178 1989
17179 2158
17180 315
17181 1020
17182 1288
17183 517
17184 1284
17185 1056
17186 778
17187 2273
17188 897
17189 977
17190 2273
17191 1852
17192 1864
17193 1569
17194 621
17195 2282
17196 545
17197 2273
17198 793
17199 1705
17200 546
17201 389
17202 1052
17203 1345
17204 380
17205 1851
17206 571
17207 744
17208 887
17209 1674
17210 274
17211 899
17212 401
17213 887
17214 1699
17215 2072
17216 166
17217 1723
17218 2273
17219 1326
17220 1014
17221 1156
17222 1269
17223 1596
17224 2072
17225 250
17226 571
17227 1043
17228 964
17229 419
17230 2144
17231 279
17232 152
17233 948
17234 2157
17235 1746
17236 1134
17237 139
17238 195
17239 1141
17240 2162
17241 2274
17242 195
17243 60
17244 1043
17245 213
17246 162
17247 947
17248 241
17249 1354
17250 2127
17251 778
17252 1890
17253 1209
17254 279
17255 1656
17256 1408
17257 2143
17258 2273
17259 1455
17260 1649
17261 1194
17262 433
17263 433
17264 42
17265 1535
17266 743
17267 1722
17268 899
17269 2188
17270 1449
17271 1788
17272 1284
17273 966
17274 2209
17275 1148
17276 1024
17277 1601
17278 961
17279 186
17280 1859
17281 2171
17282 101
17283 213
17284 621
17285 1117
17286 1287
17287 410
17288 254
17289 778
17290 1920
17291 947
17292 1093
17293 1376
17294 1732
17295 1092
17296 1597
17297 1258
17298 924
17299 2107
17300 1535
17301 1837
17302 710
17303 911
17304 132
17305 2001
17306 42
17307 720
17308 1806
17309 1357
17310 873
17311 276
17312 195
17313 675
17314 1058
17315 1861
17316 929
17317 571
17318 1788
17319 1647
17320 1011
17321 1746
17322 2140
17323 273
17324 1223
17325 471
17326 1585
17327 42
17328 639
17329 2083
17330 1233
17331 1240
17332 2009
17333 279
17334 2273
17335 2273
17336 1156
17337 166
17338 1693
17339 315
17340 150
17341 1723
17342 150
17343 433
17344 1634
17345 2127
17346 60
17347 1225
17348 926
17349 446
17350 691
17351 1308
17352 1047
17353 571
17354 42
17355 1989
17356 1653
17357 1190
17358 2273
17359 1866
17360 769
17361 518
17362 1557
17363 695
17364 1190
17365 1967
17366 1250
17367 1412
17368 1058
17369 1338
17370 1227
17371 1195
17372 543
17373 1118
17374 1414
17375 1308
17376 150
17377 2086
17378 635
17379 849
17380 1806
17381 1271
17382 1068
17383 1695
17384 451
17385 2004
17386 1865
17387 2274
17388 1956
17389 2148
17390 793
17391 625
17392 1278
17393 1725
17394 625
17395 1746
17396 1601
17397 1292
17398 455
17399 1768
17400 858
17401 2171
17402 1144
17403 1642
17404 21
17405 1600
17406 2210
17407 1617
17408 433
17409 1064
17410 1555
17411 1892
17412 2275
17413 243
17414 1272
17415 2274
17416 1108
17417 559
17418 376
17419 1733
17420 1334
17421 1957
17422 433
17423 2274
17424 2212
17425 907
17426 171
17427 1213
17428 852
17429 401
17430 1588
17431 2047
17432 1026
17433 93
17434 1433
17435 2274
17436 829
17437 1582
17438 702
17439 1180
17440 980
17441 1405
17442 571
17443 1716
17444 1430
17445 969
17446 465
17447 1071
17448 1014
17449 1746
17450 1471
17451 1952
17452 1106
17453 433
17454 869
17455 2181
17456 1119
17457 489
17458 93
17459 160
17460 980
17461 616
17462 1104
17463 616
17464 1535
17465 1653
17466 1930
17467 139
17468 885
17469 78
17470 606
17471 947
17472 902
17473 757
17474 1302
17475 1258
17476 793
17477 1414
17478 410
17479 80
17480 885
17481 1938
17482 274
17483 411
17484 213
17485 2274
17486 927
17487 1190
17488 873
17489 1935
17490 1385
17491 2010
17492 254
17493 261
17494 2101
17495 1507
17496 2122
17497 139
17498 1507
17499 726
17500 1565
17501 1076
17502 299
17503 1513
17504 244
17505 846
17506 1740
17507 2047
17508 1240
17509 315
17510 467
17511 1992
17512 101
17513 214
17514 1647
17515 1746
17516 1341
17517 2084
17518 411
17519 1156
17520 411
17521 37
17522 1535
17523 1035
17524 334
17525 171
17526 2066
17527 8
17528 1097
17529 947
17530 99
17531 42
17532 1656
17533 571
17534 2219
17535 380
17536 433
17537 1156
17538 613
17539 241
17540 1782
17541 1082
17542 1080
17543 213
17544 279
17545 991
17546 1645
17547 743
17548 1058
17549 668
17550 2274
17551 1746
17552 787
17553 2294
17554 433
17555 2224
17556 206
17557 550
17558 401
17559 747
17560 268
17561 450
17562 428
17563 1746
17564 1622
17565 1956
17566 1562
17567 213
17568 2195
17569 1788
17570 653
17571 1308
17572 1663
17573 524
17574 793
17575 1608
17576 444
17577 947
17578 1470
17579 1287
17580 139
17581 1933
17582 2183
17583 21
17584 1026
17585 1640
17586 790
17587 2204
17588 1890
17589 2274
17590 2154
17591 529
17592 947
17593 1282
17594 213
17595 1550
17596 962
17597 1306
17598 571
17599 876
17600 1535
17601 1493
17602 2071
17603 1800
17604 1631
17605 1608
17606 1746
17607 2222
17608 2274
17609 813
17610 1746
17611 279
17612 531
17613 1746
17614 336
17615 1141
17616 800
17617 1291
17618 2133
17619 2132
17620 1788
17621 1240
17622 738
17623 1245
17624 1240
17625 1856
17626 1642
17627 1666
17628 1916
17629 1401
17630 279
17631 1945
17632 315
17633 1084
17634 2274
17635 1896
17636 1788
17637 1601
17638 60
17639 1180
17640 1656
17641 2075
17642 1265
17643 589
17644 491
17645 245
17646 213
17647 571
17648 315
17649 474
17650 1250
17651 865
17652 315
17653 1806
17654 1270
17655 369
17656 1233
17657 5
17658 991
17659 1150
17660 21
17661 139
17662 1598
17663 77
17664 653
17665 718
17666 1341
17667 1493
17668 452
17669 467
17670 1032
17671 1746
17672 947
17673 424
17674 1051
17675 135
17676 985
17677 336
17678 1347
17679 10
17680 877
17681 1055
17682 1929
17683 1806
17684 2139
17685 1620
17686 1770
17687 869
17688 2274
17689 1788
17690 1916
17691 1485
17692 1279
17693 692
17694 1953
17695 537
17696 591
17697 1374
17698 1742
17699 844
17700 2274
17701 2274
17702 250
17703 1851
17704 1258
17705 433
17706 1378
17707 981
17708 2010
17709 924
17710 1535
17711 433
17712 945
17713 268
17714 1341
17715 653
17716 433
17717 2278
17718 1942
17719 1482
17720 2274
17721 2290
17722 1950
17723 1841
17724 911
17725 1131
17726 433
17727 21
17728 1300
17729 237
17730 2059
17731 2244
17732 1621
17733 1788
17734 1359
17735 1806
17736 1275
17737 1782
17738 1455
17739 858
17740 1351
17741 1208
17742 532
17743 268
17744 1654
17745 2
17746 2274
17747 653
17748 647
17749 1114
17750 300
17751 247
17752 315
17753 1746
17754 474
17755 554
17756 1002
17757 2080
17758 2047
17759 616
17760 60
17761 450
17762 858
17763 1325
17764 1603
17765 912
17766 315
17767 2180
17768 411
17769 978
17770 424
17771 433
17772 819
17773 1865
17774 1274
17775 631
17776 1788
17777 973
17778 2166
17779 491
17780 279
17781 196
17782 80
17783 2042
17784 1054
17785 1225
17786 1434
17787 1024
17788 1711
17789 114
17790 279
17791 1847
17792 1241
17793 967
17794 491
17795 133
17796 160
17797 1517
17798 2063
17799 1411
17800 279
17801 101
17802 60
17803 1647
17804 2218
17805 878
17806 60
17807 689
17808 559
17809 1590
17810 2168
17811 2001
17812 1923
17813 304
17814 562
17815 1241
17816 985
17817 1054
17818 1105
17819 1647
17820 571
17821 1642
17822 433
17823 1698
17824 132
17825 947
17826 1568
17827 1642
17828 1997
17829 1063
17830 1658
17831 2006
17832 1806
17833 869
17834 433
17835 815
17836 1008
17837 1517
17838 1503
17839 1097
17840 1399
17841 1806
17842 1746
17843 1156
17844 540
17845 1535
17846 1361
17847 717
17848 1658
17849 1236
17850 1535
17851 226
17852 750
17853 1633
17854 1746
17855 1190
17856 1406
17857 233
17858 970
17859 822
17860 2159
17861 2091
17862 869
17863 60
17864 1455
17865 21
17866 1721
17867 2159
17868 982
17869 1498
17870 751
17871 2274
17872 1020
17873 719
17874 196
17875 1442
17876 1103
17877 209
17878 947
17879 790
17880 1870
17881 750
17882 470
17883 1556
17884 481
17885 2194
17886 9
17887 557
17888 616
17889 2089
17890 299
17891 1734
17892 300
17893 1517
17894 2275
17895 1988
17896 1746
17897 691
17898 242
17899 433
17900 1430
17901 1131
17902 2177
17903 1535
17904 1734
17905 2275
17906 833
17907 1629
17908 260
17909 60
17910 1032
17911 1544
17912 2275
17913 279
17914 101
17915 21
17916 1763
17917 1493
17918 646
17919 135
17920 1082
17921 1871
17922 1512
17923 2094
17924 1295
17925 1878
17926 470
17927 977
17928 1150
17929 2275
17930 641
17931 1115
17932 1072
17933 2011
17934 480
17935 1971
17936 653
17937 2248
17938 1302
17939 196
17940 1934
17941 2151
17942 686
17943 726
17944 1402
17945 274
17946 571
17947 42
17948 1367
17949 1026
17950 2243
17951 401
17952 1637
17953 244
17954 1730
17955 594
17956 2275
17957 1605
17958 1548
17959 726
17960 1824
17961 392
17962 519
17963 773
17964 150
17965 315
17966 1992
17967 387
17968 750
17969 1075
17970 964
17971 1415
17972 1890
17973 150
17974 719
17975 380
17976 947
17977 1934
17978 1718
17979 1141
17980 1146
17981 203
17982 433
17983 2047
17984 1063
17985 1112
17986 1479
17987 1788
17988 653
17989 679
17990 1156
17991 571
17992 790
17993 1805
17994 1139
17995 947
17996 1106
17997 619
17998 150
17999 1190
18000 926
18001 2301
18002 743
18003 237
18004 2248
18005 1072
18006 1507
18007 315
18008 1075
18009 2111
18010 2134
18011 1345
18012 1308
18013 2137
18014 681
18015 1880
18016 150
18017 2066
18018 653
18019 858
18020 1434
18021 507
18022 1732
18023 1746
18024 1570
18025 373
18026 636
18027 1766
18028 392
18029 20
18030 778
18031 2212
18032 2197
18033 626
18034 726
18035 702
18036 1215
18037 1747
18038 1025
18039 963
18040 1819
18041 2047
18042 638
18043 1141
18044 2245
18045 419
18046 1156
18047 1939
18048 2063
18049 2008
18050 1747
18051 2059
18052 2180
18053 254
18054 60
18055 60
18056 228
18057 1497
18058 1766
18059 254
18060 1854
18061 871
18062 719
18063 888
18064 636
18065 947
18066 2204
18067 1820
18068 2040
18069 2107
18070 957
18071 653
18072 2090
18073 919
18074 2314
18075 889
18076 402
18077 456
18078 793
18079 958
18080 1274
18081 1747
18082 1273
18083 540
18084 1971
18085 790
18086 1919
18087 2123
18088 1594
18089 1215
18090 1130
18091 1921
18092 1485
18093 2023
18094 196
18095 1241
18096 150
18097 370
18098 1963
18099 1060
18100 1334
18101 790
18102 433
18103 1361
18104 1037
18105 1355
18106 1747
18107 1898
18108 2213
18109 1658
18110 1008
18111 625
18112 1094
18113 1455
18114 554
18115 2275
18116 1265
18117 337
18118 279
18119 849
18120 2197
18121 1532
18122 1358
18123 2071
18124 101
18125 947
18126 1139
18127 2047
18128 1703
18129 840
18130 1291
18131 139
18132 498
18133 160
18134 2023
18135 1876
18136 1704
18137 1730
18138 1477
18139 1245
18140 1846
18141 2047
18142 1122
18143 352
18144 242
18145 2162
18146 1497
18147 1415
18148 433
18149 892
18150 244
18151 1003
18152 1257
18153 1806
18154 821
18155 2224
18156 1561
18157 1812
18158 228
18159 2081
18160 1284
18161 279
18162 552
18163 101
18164 114
18165 393
18166 876
18167 1747
18168 433
18169 1376
18170 755
18171 1375
18172 1747
18173 352
18174 279
18175 508
18176 625
18177 1266
18178 478
18179 274
18180 1089
18181 2248
18182 1493
18183 139
18184 1654
18185 1728
18186 1014
18187 979
18188 1665
18189 910
18190 1712
18191 1885
18192 2034
18193 1737
18194 139
18195 1628
18196 1345
18197 1584
18198 1569
18199 226
18200 304
18201 1198
18202 1922
18203 1747
18204 824
18205 1769
18206 1434
18207 613
18208 1545
18209 411
18210 101
18211 433
18212 148
18213 1658
18214 1922
18215 1788
18216 702
18217 1919
18218 1589
18219 1093
18220 1829
18221 2115
18222 523
18223 588
18224 411
18225 1345
18226 433
18227 2143
18228 373
18229 453
18230 571
18231 1658
18232 1375
18233 2024
18234 399
18235 298
18236 1901
18237 2099
18238 157
18239 653
18240 790
18241 2169
18242 541
18243 1400
18244 95
18245 279
18246 2177
18247 1414
18248 1236
18249 2279
18250 1433
18251 1324
18252 60
18253 1338
18254 2242
18255 865
18256 619
18257 912
18258 1324
18259 1912
18260 1223
18261 196
18262 2192
18263 94
18264 411
18265 196
18266 153
18267 247
18268 274
18269 315
18270 1408
18271 1901
18272 1429
18273 1535
18274 132
18275 1400
18276 1078
18277 1924
18278 2156
18279 1264
18280 1009
18281 1705
18282 449
18283 433
18284 872
18285 1579
18286 335
18287 1782
18288 1958
18289 700
18290 769
18291 1567
18292 101
18293 1535
18294 1047
18295 254
18296 991
18297 472
18298 2126
18299 101
18300 1118
18301 1874
18302 1215
18303 763
18304 1642
18305 1647
18306 832
18307 1102
18308 1901
18309 1658
18310 315
18311 1308
18312 1188
18313 1010
18314 213
18315 899
18316 37
18317 474
18318 1600
18319 196
18320 1054
18321 139
18322 1014
18323 778
18324 1857
18325 812
18326 557
18327 1948
18328 203
18329 1236
18330 1716
18331 121
18332 1397
18333 1747
18334 1535
18335 1185
18336 625
18337 760
18338 973
18339 603
18340 1277
18341 60
18342 1361
18343 2215
18344 1919
18345 866
18346 515
18347 9
18348 1806
18349 1289
18350 334
18351 1152
18352 1284
18353 491
18354 1692
18355 408
18356 1625
18357 60
18358 981
18359 791
18360 315
18361 603
18362 1550
18363 1236
18364 1601
18365 315
18366 1764
18367 2156
18368 1107
18369 571
18370 260
18371 390
18372 1897
18373 1263
18374 1939
18375 1185
18376 226
18377 1975
18378 2060
18379 787
18380 1206
18381 869
18382 380
18383 2159
18384 2275
18385 964
18386 1375
18387 2209
18388 447
18389 995
18390 809
18391 60
18392 625
18393 37
18394 196
18395 2159
18396 700
18397 1728
18398 791
18399 856
18400 755
18401 869
18402 675
18403 1938
18404 2153
18405 279
18406 1532
18407 959
18408 1727
18409 241
18410 625
18411 747
18412 1093
18413 402
18414 2145
18415 926
18416 60
18417 1856
18418 433
18419 610
18420 2275
18421 1088
18422 782
18423 1650
18424 1341
18425 1966
18426 1334
18427 101
18428 1866
18429 787
18430 947
18431 1327
18432 1732
18433 21
18434 809
18435 1901
18436 150
18437 251
18438 1589
18439 2219
18440 2068
18441 139
18442 1199
18443 619
18444 1788
18445 1608
18446 719
18447 1971
18448 1645
18449 722
18450 1080
18451 1105
18452 983
18453 1093
18454 433
18455 544
18456 1647
18457 571
18458 541
18459 261
18460 2189
18461 478
18462 2297
18463 852
18464 1410
18465 352
18466 411
18467 1426
18468 965
18469 2001
18470 947
18471 352
18472 2150
18473 796
18474 972
18475 411
18476 1933
18477 8
18478 2275
18479 822
18480 1372
18481 196
18482 919
18483 902
18484 1700
18485 1788
18486 2041
18487 996
18488 21
18489 213
18490 1371
18491 1719
18492 196
18493 746
18494 571
18495 389
18496 2238
18497 947
18498 1030
18499 1043
18500 722
18501 790
18502 1714
18503 1640
18504 491
18505 1810
18506 2047
18507 929
18508 1870
18509 1284
18510 530
18511 334
18512 1308
18513 2001
18514 2098
18515 2117
18516 2252
18517 1236
18518 2197
18519 860
18520 1360
18521 1493
18522 751
18523 2121
18524 2125
18525 571
18526 157
18527 1859
18528 1050
18529 1002
18530 1387
18531 1455
18532 2063
18533 1971
18534 2249
18535 21
18536 1712
18537 508
18538 402
18539 1916
18540 1063
18541 1806
18542 1944
18543 571
18544 466
18545 1020
18546 571
18547 1025
18548 1308
18549 1026
18550 2275
18551 1104
18552 2127
18553 2197
18554 1308
18555 2175
18556 2204
18557 1931
18558 1996
18559 1604
18560 943
18561 1788
18562 1309
18563 873
18564 1747
18565 1156
18566 2040
18567 876
18568 675
18569 1747
18570 818
18571 129
18572 1747
18573 2075
18574 689
18575 675
18576 1295
18577 274
18578 1806
18579 2276
18580 491
18581 139
18582 433
18583 1927
18584 1055
18585 1802
18586 424
18587 213
18588 1298
18589 996
18590 1629
18591 947
18592 912
18593 527
18594 1225
18595 380
18596 2009
18597 1747
18598 428
18599 209
18600 1378
18601 1878
18602 2075
18603 111
18604 1049
18605 1338
18606 1690
18607 160
18608 2138
18609 885
18610 1442
18611 302
18612 619
18613 380
18614 1747
18615 1012
18616 424
18617 667
18618 2021
18619 1535
18620 559
18621 1747
18622 2164
18623 1139
18624 115
18625 2156
18626 433
18627 1037
18628 1430
18629 1710
18630 1845
18631 1447
18632 627
18633 1531
18634 1225
18635 2156
18636 2150
18637 1143
18638 1421
18639 6
18640 1563
18641 1045
18642 1215
18643 298
18644 1332
18645 236
18646 1901
18647 977
18648 101
18649 1804
18650 1747
18651 1222
18652 2115
18653 315
18654 1055
18655 433
18656 1602
18657 610
18658 1736
18659 1335
18660 686
18661 267
18662 840
18663 658
18664 1473
18665 1747
18666 261
18667 203
18668 996
18669 352
18670 2251
18671 760
18672 482
18673 1009
18674 670
18675 722
18676 1517
18677 1846
18678 1730
18679 2233
18680 1309
18681 778
18682 723
18683 1196
18684 258
18685 1925
18686 2106
18687 1037
18688 1912
18689 1517
18690 1865
18691 2039
18692 1653
18693 1062
18694 1040
18695 160
18696 1402
18697 1958
18698 1156
18699 1413
18700 212
18701 945
18702 1236
18703 989
18704 667
18705 2242
18706 855
18707 2047
18708 352
18709 1747
18710 2088
18711 2133
18712 1601
18713 1305
18714 1821
18715 1517
18716 764
18717 392
18718 79
18719 653
18720 196
18721 1629
18722 1620
18723 279
18724 778
18725 603
18726 2195
18727 1995
18728 352
18729 551
18730 2287
18731 720
18732 558
18733 222
18734 315
18735 315
18736 1845
18737 1215
18738 1585
18739 2186
18740 958
18741 710
18742 2275
18743 2275
18744 1148
18745 250
18746 1829
18747 1305
18748 254
18749 1901
18750 1574
18751 976
18752 1788
18753 913
18754 186
18755 1784
18756 1714
18757 2275
18758 826
18759 2208
18760 2154
18761 1117
18762 2090
18763 914
18764 1901
18765 266
18766 1449
18767 2096
18768 571
18769 1737
18770 2102
18771 2248
18772 81
18773 1185
18774 279
18775 1901
18776 331
18777 1047
18778 1700
18779 60
18780 352
18781 1121
18782 392
18783 433
18784 557
18785 167
18786 1363
18787 763
18788 1862
18789 1130
18790 2222
18791 866
18792 1647
18793 2281
18794 352
18795 424
18796 1215
18797 1236
18798 1723
18799 691
18800 1747
18801 2108
18802 1002
18803 1597
18804 1061
18805 1097
18806 1450
18807 1291
18808 1864
18809 594
18810 42
18811 1367
18812 139
18813 2257
18814 352
18815 1078
18816 990
18817 1766
18818 2275
18819 1663
18820 1329
18821 1647
18822 101
18823 899
18824 2127
18825 860
18826 1871
18827 101
18828 1802
18829 1995
18830 2153
18831 764
18832 1156
18833 1512
18834 2275
18835 1619
18836 380
18837 1185
18838 411
18839 1156
18840 1255
18841 1597
18842 1503
18843 654
18844 1849
18845 851
18846 751
18847 2205
18848 1140
18849 1591
18850 1267
18851 508
18852 2197
18853 1503
18854 654
18855 1084
18856 315
18857 2062
18858 1440
18859 899
18860 491
18861 1105
18862 1650
18863 1788
18864 115
18865 2208
18866 1497
18867 1156
18868 1788
18869 1571
18870 1535
18871 1433
18872 1661
18873 2104
18874 686
18875 1254
18876 2118
18877 654
18878 1947
18879 571
18880 1934
18881 1295
18882 411
18883 1302
18884 1089
18885 279
18886 2299
18887 1255
18888 2059
18889 454
18890 467
18891 2276
18892 764
18893 2276
18894 1605
18895 0
18896 985
18897 2185
18898 1156
18899 1236
18900 352
18901 101
18902 1498
18903 1438
18904 991
18905 6
18906 1399
18907 1493
18908 899
18909 558
18910 1002
18911 2246
18912 700
18913 1038
18914 757
18915 654
18916 2005
18917 2154
18918 101
18919 720
18920 1564
18921 1915
18922 1728
18923 2178
18924 213
18925 2243
18926 1660
18927 2276
18928 1156
18929 2276
18930 101
18931 1918
18932 315
18933 958
18934 1141
18935 1658
18936 2276
18937 101
18938 654
18939 1784
18940 796
18941 723
18942 2276
18943 2222
18944 1577
18945 196
18946 1984
18947 746
18948 491
18949 2089
18950 546
18951 101
18952 2141
18953 1178
18954 2204
18955 1503
18956 1428
18957 1064
18958 2276
18959 528
18960 2214
18961 765
18962 1666
18963 101
18964 554
18965 508
18966 508
18967 1658
18968 1642
18969 206
18970 279
18971 279
18972 1156
18973 723
18974 2185
18975 595
18976 1915
18977 683
18978 196
18979 1901
18980 1484
18981 2276
18982 1845
18983 137
18984 196
18985 571
18986 1693
18987 1989
18988 2259
18989 1582
18990 1901
18991 1111
18992 1810
18993 1084
18994 556
18995 1284
18996 765
18997 352
18998 1222
18999 1131
19000 1075
19001 2131
19002 129
19003 2107
19004 135
19005 1572
19006 1433
19007 654
19008 2109
19009 815
19010 31
19011 9
19012 1279
19013 841
19014 279
19015 279
19016 1404
19017 213
19018 1955
19019 1525
19020 1747
19021 1554
19022 1236
19023 2027
19024 1291
19025 233
19026 603
19027 2034
19028 353
19029 1478
19030 662
19031 1868
19032 1488
19033 611
19034 1034
19035 263
19036 765
19037 1406
19038 609
19039 1375
19040 1881
19041 1250
19042 21
19043 195
19044 392
19045 207
19046 899
19047 1497
19048 2157
19049 1535
19050 681
19051 456
19052 1295
19053 171
19054 2212
19055 1190
19056 139
19057 1371
19058 433
19059 1256
19060 1344
19061 1329
19062 2100
19063 1978
19064 1601
19065 1763
19066 1279
19067 2231
19068 562
19069 1309
19070 1503
19071 1360
19072 745
19073 279
19074 796
19075 302
19076 1246
19077 985
19078 778
19079 2154
19080 711
19081 1177
19082 42
19083 43
19084 883
19085 251
19086 74
19087 93
19088 43
19089 1690
19090 1942
19091 2001
19092 213
19093 1206
19094 166
19095 1624
19096 171
19097 491
19098 1215
19099 1348
19100 1747
19101 180
19102 353
19103 1747
19104 101
19105 2239
19106 963
19107 467
19108 769
19109 1585
19110 2040
19111 434
19112 423
19113 1821
19114 958
19115 2190
19116 460
19117 2213
19118 777
19119 470
19120 1052
19121 1553
19122 353
19123 567
19124 1552
19125 2082
19126 1535
19127 1653
19128 1438
19129 608
19130 1576
19131 2149
19132 1036
19133 1517
19134 947
19135 1104
19136 1623
19137 736
19138 1001
19139 1658
19140 1551
19141 1412
19142 1654
19143 947
19144 180
19145 1901
19146 849
19147 611
19148 150
19149 516
19150 541
19151 1633
19152 1438
19153 264
19154 746
19155 428
19156 1567
19157 825
19158 1258
19159 1592
19160 1405
19161 1978
19162 1156
19163 1784
19164 1731
19165 1788
19166 1124
19167 171
19168 7
19169 96
19170 889
19171 824
19172 2211
19173 2100
19174 1747
19175 373
19176 967
19177 1222
19178 1828
19179 1713
19180 654
19181 1639
19182 1493
19183 2047
19184 1788
19185 2185
19186 1009
19187 195
19188 1288
19189 1924
19190 2166
19191 1731
19192 1066
19193 700
19194 396
19195 2187
19196 1608
19197 254
19198 1253
19199 1208
19200 945
19201 1944
19202 1804
19203 1215
19204 1089
19205 1246
19206 1698
19207 1805
19208 1747
19209 1420
19210 1732
19211 1281
19212 1603
19213 8
19214 1563
19215 448
19216 331
19217 1901
19218 213
19219 627
19220 21
19221 1116
19222 1585
19223 1038
19224 1156
19225 1110
19226 738
19227 1659
19228 1822
19229 1484
19230 43
19231 787
19232 1026
19233 2211
19234 279
19235 1356
19236 1055
19237 378
19238 1901
19239 466
19240 1941
19241 353
19242 279
19243 2188
19244 2162
19245 860
19246 1072
19247 1788
19248 260
19249 1139
19250 1692
19251 2008
19252 481
19253 1331
19254 1032
19255 2115
19256 180
19257 2178
19258 1656
19259 456
19260 2161
19261 171
19262 2062
19263 541
19264 866
19265 1378
19266 1784
19267 315
19268 1627
19269 1985
19270 1892
19271 56
19272 1115
19273 939
19274 186
19275 1616
19276 2088
19277 250
19278 1637
19279 2161
19280 1901
19281 9
19282 2108
19283 237
19284 1925
19285 675
19286 1901
19287 1621
19288 555
19289 1288
19290 1768
19291 45
19292 390
19293 58
19294 1802
19295 86
19296 21
19297 635
19298 453
19299 1405
19300 1580
19301 2225
19302 428
19303 841
19304 1049
19305 1126
19306 1913
19307 919
19308 1405
19309 2290
19310 1961
19311 2000
19312 1106
19313 1984
19314 627
19315 434
19316 1763
19317 2234
19318 2212
19319 279
19320 2233
19321 2005
19322 1156
19323 2276
19324 1291
19325 700
19326 419
19327 315
19328 2276
19329 1963
19330 2276
19331 627
19332 2139
19333 1126
19334 2276
19335 227
19336 1123
19337 690
19338 160
19339 315
19340 2089
19341 876
19342 571
19343 2068
19344 150
19345 213
19346 271
19347 98
19348 1535
19349 1653
19350 750
19351 1094
19352 1828
19353 1535
19354 1533
19355 2276
19356 388
19357 408
19358 1705
19359 297
19360 434
19361 1342
19362 315
19363 1206
19364 1095
19365 1713
19366 1592
19367 491
19368 2031
19369 472
19370 975
19371 279
19372 1788
19373 2016
19374 1946
19375 667
19376 2145
19377 456
19378 2197
19379 1309
19380 213
19381 7
19382 1646
19383 2154
19384 931
19385 1326
19386 1056
19387 2114
19388 1849
19389 2197
19390 171
19391 655
19392 1782
19393 553
19394 1788
19395 1201
19396 1414
19397 1833
19398 207
19399 1557
19400 279
19401 160
19402 518
19403 21
19404 1502
19405 519
19406 353
19407 449
19408 1874
19409 1719
19410 353
19411 964
19412 469
19413 796
19414 2021
19415 139
19416 316
19417 672
19418 1215
19419 1529
19420 1923
19421 1327
19422 1620
19423 1876
19424 1608
19425 1280
19426 1117
19427 571
19428 853
19429 1089
19430 353
19431 1738
19432 1871
19433 571
19434 2140
19435 1471
19436 2214
19437 379
19438 1208
19439 254
19440 2228
19441 979
19442 448
19443 1845
19444 335
19445 736
19446 1839
19447 1608
19448 1788
19449 1722
19450 1455
19451 2179
19452 2227
19453 316
19454 831
19455 1139
19456 2306
19457 1353
19458 662
19459 2001
19460 353
19461 691
19462 627
19463 1455
19464 1971
19465 2155
19466 1517
19467 1190
19468 668
19469 891
19470 242
19471 1274
19472 1747
19473 461
19474 1131
19475 683
19476 571
19477 1552
19478 1135
19479 2057
19480 1804
19481 695
19482 2004
19483 1078
19484 1369
19485 474
19486 619
19487 139
19488 2215
19489 1692
19490 279
19491 160
19492 1733
19493 2235
19494 43
19495 1326
19496 1804
19497 1956
19498 2170
19499 2088
19500 461
19501 1747
19502 1103
19503 1003
19504 263
19505 1747
19506 769
19507 2113
19508 2133
19509 380
19510 1435
19511 1275
19512 1558
19513 877
19514 856
19515 1480
19516 1107
19517 964
19518 115
19519 245
19520 654
19521 2044
19522 491
19523 1334
19524 541
19525 80
19526 1696
19527 2073
19528 1082
19529 627
19530 1628
19531 423
19532 1241
19533 21
19534 180
19535 846
19536 1469
19537 1529
19538 1546
19539 150
19540 1546
19541 1156
19542 1059
19543 1149
19544 1592
19545 1638
19546 1862
19547 2159
19548 180
19549 2138
19550 1062
19551 2197
19552 1432
19553 1360
19554 2175
19555 1089
19556 700
19557 1988
19558 1122
19559 467
19560 492
19561 1236
19562 638
19563 121
19564 1703
19565 1089
19566 1190
19567 237
19568 1932
19569 907
19570 1115
19571 1479
19572 822
19573 1207
19574 1803
19575 101
19576 1989
19577 869
19578 2179
19579 392
19580 353
19581 263
19582 1586
19583 1788
19584 964
19585 1804
19586 411
19587 1435
19588 681
19589 848
19590 1567
19591 1349
19592 1309
19593 1121
19594 1656
19595 1700
19596 2079
19597 1788
19598 2175
19599 1878
19600 2100
19601 1148
19602 1391
19603 1156
19604 635
19605 1227
19606 353
19607 783
19608 2315
19609 898
19610 856
19611 869
19612 237
19613 175
19614 1928
19615 1728
19616 1288
19617 353
19618 497
19619 970
19620 279
19621 1897
19622 1262
19623 2235
19624 1592
19625 1656
19626 645
19627 2221
19628 2027
19629 461
19630 1971
19631 2197
19632 426
19633 1156
19634 1820
19635 1212
19636 101
19637 1650
19638 849
19639 353
19640 1194
19641 1550
19642 603
19643 2040
19644 263
19645 121
19646 1704
19647 571
19648 723
19649 1298
19650 272
19651 1853
19652 207
19653 175
19654 186
19655 1089
19656 866
19657 1650
19658 883
19659 56
19660 595
19661 775
19662 2318
19663 1602
19664 846
19665 279
19666 1208
19667 1493
19668 907
19669 1145
19670 353
19671 2173
19672 1810
19673 2224
19674 557
19675 43
19676 223
19677 1089
19678 21
19679 1599
19680 1944
19681 2288
19682 1642
19683 132
19684 335
19685 1060
19686 796
19687 1241
19688 1893
19689 180
19690 101
19691 304
19692 1747
19693 1405
19694 2276
19695 1253
19696 1325
19697 984
19698 940
19699 787
19700 1422
19701 1535
19702 595
19703 982
19704 1056
19705 1418
19706 809
19707 279
19708 723
19709 2035
19710 1455
19711 911
19712 815
19713 1723
19714 1935
19715 1830
19716 1062
19717 1144
19718 1417
19719 982
19720 1650
19721 899
19722 2033
19723 267
19724 1156
19725 316
19726 571
19727 488
19728 1858
19729 906
19730 1365
19731 373
19732 1129
19733 375
19734 1559
19735 488
19736 1250
19737 2033
19738 1656
19739 885
19740 544
19741 720
19742 1374
19743 695
19744 21
19745 1591
19746 895
19747 221
19748 213
19749 1030
19750 1876
19751 57
19752 599
19753 1208
19754 768
19755 1329
19756 380
19757 740
19758 1451
19759 2174
19760 1108
19761 2250
19762 991
19763 610
19764 204
19765 2118
19766 1804
19767 1309
19768 711
19769 1999
19770 353
19771 1156
19772 742
19773 571
19774 860
19775 2111
19776 1061
19777 571
19778 43
19779 353
19780 1323
19781 331
19782 1378
19783 237
19784 241
19785 1094
19786 1747
19787 335
19788 829
19789 1901
19790 2241
19791 1518
19792 1048
19793 1014
19794 2175
19795 2061
19796 1839
19797 675
19798 1535
19799 1412
19800 1716
19801 856
19802 1788
19803 638
19804 101
19805 834
19806 121
19807 720
19808 353
19809 1747
19810 2284
19811 493
19812 2206
19813 2197
19814 408
19815 738
19816 1608
19817 1144
19818 380
19819 1642
19820 813
19821 2276
19822 1699
19823 555
19824 392
19825 227
19826 1639
19827 1971
19828 1
19829 790
19830 1156
19831 2237
19832 899
19833 1699
19834 353
19835 1012
19836 1075
19837 947
19838 2218
19839 1802
19840 765
19841 232
19842 341
19843 1747
19844 353
19845 544
19846 2061
19847 1977
19848 1820
19849 101
19850 1544
19851 1847
19852 2183
19853 1518
19854 2068
19855 1727
19856 1000
19857 9
19858 1029
19859 1336
19860 1701
19861 280
19862 196
19863 2282
19864 571
19865 1747
19866 488
19867 2096
19868 2303
19869 1408
19870 112
19871 1084
19872 1089
19873 1589
19874 1146
19875 1422
19876 2299
19877 822
19878 1901
19879 913
19880 1650
19881 1215
19882 1572
19883 2146
19884 667
19885 99
19886 847
19887 186
19888 1475
19889 675
19890 1292
19891 700
19892 1716
19893 2243
19894 654
19895 1212
19896 469
19897 2083
19898 759
19899 1919
19900 862
19901 1782
19902 663
19903 369
19904 1963
19905 1916
19906 677
19907 353
19908 1813
19909 974
19910 2276
19911 1916
19912 43
19913 1929
19914 1638
19915 1551
19916 1957
19917 866
19918 1442
19919 1203
19920 1295
19921 1656
19922 392
19923 1788
19924 1788
19925 1639
19926 1963
19927 551
19928 223
19929 1901
19930 44
19931 456
19932 849
19933 1704
19934 115
19935 1362
19936 2032
19937 1476
19938 1914
19939 1888
19940 380
19941 1813
19942 1846
19943 571
19944 1185
19945 855
19946 1723
19947 723
19948 1919
19949 1569
19950 493
19951 270
19952 2123
19953 1017
19954 1693
19955 160
19956 616
19957 2133
19958 1156
19959 1813
19960 1425
19961 2222
19962 1822
19963 1201
19964 2290
19965 81
19966 1656
19967 898
19968 1349
19969 1629
19970 2027
19971 2213
19972 263
19973 595
19974 1525
19975 2076
19976 2293
19977 213
19978 1374
19979 1207
19980 3
19981 1507
19982 973
19983 523
19984 1606
19985 44
19986 149
19987 1493
19988 604
19989 56
19990 2197
19991 551
19992 801
19993 114
19994 1489
19995 2060
19996 998
19997 947
19998 1650
19999 393
20000 490
20001 1037
20002 2320
20003 171
20004 1190
20005 1552
20006 1871
20007 2244
20008 1108
20009 1227
20010 353
20011 571
20012 1712
20013 380
20014 58
20015 1105
20016 467
20017 2322
20018 929
20019 571
20020 1503
20021 1582
20022 1650
20023 370
20024 1653
20025 353
20026 434
20027 1057
20028 822
20029 1309
20030 2107
20031 1512
20032 2059
20033 783
20034 1768
20035 518
20036 1997
20037 158
20038 355
20039 1007
20040 120
20041 237
20042 1190
20043 1424
20044 381
20045 43
20046 1084
20047 129
20048 1352
20049 79
20050 1372
20051 1518
20052 1293
20053 654
20054 1132
20055 2065
20056 149
20057 720
20058 2097
20059 1619
20060 1637
20061 1252
20062 603
20063 1636
20064 213
20065 2224
20066 616
20067 667
20068 1583
20069 1089
20070 2124
20071 571
20072 2142
20073 2063
20074 800
20075 1871
20076 1729
20077 878
20078 2099
20079 926
20080 1871
20081 2027
20082 1231
20083 280
20084 1985
20085 1918
20086 1045
20087 353
20088 1788
20089 1391
20090 927
20091 316
20092 970
20093 227
20094 1442
20095 878
20096 1293
20097 1653
20098 2030
20099 1415
20100 2182
20101 1208
20102 1379
20103 1187
20104 572
20105 1701
20106 1212
20107 1323
20108 711
20109 1640
20110 1608
20111 1030
20112 1692
20113 316
20114 1305
20115 646
20116 1338
20117 2197
20118 381
20119 101
20120 2093
20121 551
20122 1518
20123 84
20124 186
20125 237
20126 940
20127 472
20128 456
20129 1178
20130 159
20131 171
20132 2123
20133 1416
20134 616
20135 1119
20136 685
20137 1081
20138 1215
20139 1034
20140 2119
20141 1430
20142 1814
20143 1844
20144 1348
20145 1007
20146 831
20147 878
20148 627
20149 878
20150 1853
20151 983
20152 1526
20153 1552
20154 842
20155 1838
20156 1002
20157 2227
20158 947
20159 160
20160 1788
20161 162
20162 1043
20163 2066
20164 1474
20165 493
20166 1422
20167 1810
20168 455
20169 2086
20170 675
20171 2222
20172 1552
20173 1489
20174 493
20175 746
20176 508
20177 1959
20178 1001
20179 790
20180 555
20181 381
20182 1046
20183 1396
20184 1222
20185 451
20186 462
20187 790
20188 43
20189 1619
20190 479
20191 508
20192 738
20193 375
20194 1958
20195 1990
20196 1518
20197 2208
20198 889
20199 353
20200 1650
20201 1480
20202 1279
20203 1280
20204 120
20205 1886
20206 1814
20207 1156
20208 1309
20209 1215
20210 573
20211 1819
20212 1072
20213 301
20214 120
20215 674
20216 4
20217 1708
20218 392
20219 353
20220 1278
20221 1213
20222 964
20223 2216
20224 1747
20225 1747
20226 2208
20227 280
20228 1608
20229 2120
20230 213
20231 1241
20232 213
20233 1222
20234 1955
20235 811
20236 337
20237 93
20238 2208
20239 338
20240 2012
20241 2044
20242 488
20243 1654
20244 959
20245 471
20246 572
20247 1871
20248 665
20249 483
20250 1502
20251 1788
20252 922
20253 2000
20254 381
20255 1452
20256 884
20257 788
20258 627
20259 1089
20260 2132
20261 280
20262 709
20263 1801
20264 919
20265 207
20266 1136
20267 2077
20268 791
20269 263
20270 572
20271 353
20272 1975
20273 603
20274 700
20275 1855
20276 1198
20277 947
20278 5
20279 695
20280 133
20281 2277
20282 1747
20283 434
20284 1635
20285 375
20286 2086
20287 101
20288 757
20289 316
20290 353
20291 962
20292 1814
20293 316
20294 2027
20295 684
20296 929
20297 1257
20298 1151
20299 234
20300 508
20301 186
20302 2213
20303 1732
20304 123
20305 446
20306 316
20307 765
20308 1697
20309 123
20310 1400
20311 1206
20312 1558
20313 818
20314 1997
20315 2161
20316 1814
20317 1009
20318 2177
20319 1849
20320 2141
20321 1349
20322 2003
20323 1374
20324 1820
20325 76
20326 914
20327 21
20328 353
20329 1747
20330 43
20331 316
20332 711
20333 990
20334 866
20335 1553
20336 1493
20337 2145
20338 700
20339 1012
20340 2103
20341 1043
20342 1946
20343 919
20344 1967
20345 612
20346 316
20347 353
20348 185
20349 1984
20350 1493
20351 450
20352 1309
20353 1052
20354 2178
20355 1782
20356 1995
20357 2197
20358 76
20359 120
20360 723
20361 1379
20362 1156
20363 1747
20364 1824
20365 2211
20366 627
20367 1455
20368 1535
20369 1581
20370 1086
20371 1236
20372 1518
20373 841
20374 1822
20375 1284
20376 39
20377 1309
20378 1227
20379 1326
20380 1232
20381 2207
20382 123
20383 369
20384 1536
20385 695
20386 1886
20387 1050
20388 1264
20389 39
20390 2212
20391 1436
20392 203
20393 381
20394 1512
20395 268
20396 1447
20397 833
20398 1699
20399 2114
20400 1069
20401 1947
20402 1888
20403 720
20404 1716
20405 434
20406 1406
20407 911
20408 1737
20409 945
20410 316
20411 4
20412 7
20413 1455
20414 80
20415 21
20416 101
20417 898
20418 316
20419 2321
20420 2197
20421 2145
20422 1729
20423 884
20424 830
20425 39
20426 1789
20427 101
20428 2208
20429 1627
20430 857
20431 667
20432 1580
20433 817
20434 2147
20435 1156
20436 1536
20437 353
20438 964
20439 1963
20440 765
20441 1041
20442 1933
20443 723
20444 1276
20445 2229
20446 2102
20447 1656
20448 1009
20449 1001
20450 2064
20451 2248
20452 895
20453 1455
20454 2014
20455 699
20456 1302
20457 2212
20458 1657
20459 111
20460 2318
20461 1309
20462 2001
20463 280
20464 1975
20465 2021
20466 1963
20467 1599
20468 650
20469 1178
20470 841
20471 1923
20472 1345
20473 1447
20474 280
20475 524
20476 919
20477 2246
20478 720
20479 101
20480 381
20481 1536
20482 906
20483 1391
20484 1886
20485 902
20486 1626
20487 521
20488 124
20489 541
20490 650
20491 1049
20492 490
20493 21
20494 776
20495 1663
20496 852
20497 723
20498 552
20499 1529
20500 589
20501 1977
20502 1358
20503 603
20504 833
20505 711
20506 1518
20507 822
20508 757
20509 2047
20510 446
20511 914
20512 2114
20513 841
20514 907
20515 612
20516 1421
20517 2014
20518 353
20519 2197
20520 408
20521 1213
20522 1782
20523 1912
20524 98
20525 9
20526 847
20527 123
20528 1227
20529 1150
20530 498
20531 1701
20532 1971
20533 1940
20534 1455
20535 1434
20536 1582
20537 1618
20538 2148
20539 1506
20540 1518
20541 1190
20542 1283
20543 263
20544 645
20545 1227
20546 551
20547 467
20548 101
20549 938
20550 532
20551 2292
20552 1650
20553 2197
20554 1967
20555 1309
20556 695
20557 1196
20558 572
20559 1559
20560 1470
20561 39
20562 1819
20563 280
20564 1288
20565 2246
20566 790
20567 1725
20568 2117
20569 483
20570 2148
20571 1829
20572 1814
20573 381
20574 1656
20575 1281
20576 1227
20577 175
20578 1236
20579 2279
20580 1186
20581 187
20582 930
20583 1896
20584 250
20585 947
20586 2161
20587 700
20588 945
20589 2215
20590 280
20591 1358
20592 187
20593 626
20594 123
20595 280
20596 207
20597 263
20598 1530
20599 2147
20600 1455
20601 1088
20602 1789
20603 1337
20604 723
20605 233
20606 483
20607 2322
20608 274
20609 1843
20610 1616
20611 901
20612 2086
20613 1931
20614 101
20615 2096
20616 1871
20617 1892
20618 175
20619 1650
20620 2297
20621 1971
20622 297
20623 701
20624 856
20625 1941
20626 1531
20627 175
20628 2104
20629 1536
20630 515
20631 39
20632 2277
20633 1783
20634 213
20635 914
20636 2161
20637 2241
20638 1653
20639 389
20640 1302
20641 2144
20642 1068
20643 607
20644 2197
20645 316
20646 1789
20647 1814
20648 765
20649 684
20650 1712
20651 1288
20652 2120
20653 884
20654 2171
20655 444
20656 554
20657 957
20658 1404
20659 701
20660 467
20661 1429
20662 456
20663 1439
20664 2111
20665 336
20666 540
20667 1887
20668 1288
20669 1838
20670 2178
20671 508
20672 1130
20673 1065
20674 1012
20675 2178
20676 1455
20677 204
20678 1585
20679 316
20680 626
20681 1083
20682 1246
20683 2242
20684 84
20685 2175
20686 79
20687 120
20688 1227
20689 1560
20690 1445
20691 39
20692 2094
20693 2217
20694 892
20695 2179
20696 21
20697 1012
20698 195
20699 171
20700 946
20701 1536
20702 234
20703 1720
20704 2188
20705 2105
20706 529
20707 978
20708 1992
20709 1276
20710 1557
20711 816
20712 1105
20713 1391
20714 1649
20715 1001
20716 120
20717 467
20718 559
20719 426
20720 783
20721 1971
20722 353
20723 1139
20724 1971
20725 551
20726 616
20727 101
20728 280
20729 1082
20730 1692
20731 2081
20732 651
20733 1407
20734 270
20735 926
20736 206
20737 353
20738 485
20739 2148
20740 1387
20741 1213
20742 159
20743 537
20744 2159
20745 2040
20746 1063
20747 1213
20748 2152
20749 980
20750 1875
20751 1190
20752 650
20753 1971
20754 3
20755 1031
20756 1125
20757 1420
20758 38
20759 626
20760 1423
20761 203
20762 38
20763 2153
20764 1930
20765 1473
20766 1144
20767 796
20768 1362
20769 392
20770 21
20771 1971
20772 1025
20773 1489
20774 723
20775 838
20776 735
20777 637
20778 2027
20779 822
20780 1346
20781 714
20782 1658
20783 1703
20784 390
20785 1485
20786 2291
20787 1450
20788 1201
20789 1190
20790 1476
20791 472
20792 426
20793 7
20794 38
20795 21
20796 2089
20797 2109
20798 1694
20799 2176
20800 516
20801 2090
20802 1567
20803 171
20804 1304
20805 60
20806 9
20807 572
20808 650
20809 381
20810 1133
20811 461
20812 572
20813 2118
20814 508
20815 280
20816 1485
20817 1041
20818 2064
20819 120
20820 1557
20821 2178
20822 1041
20823 641
20824 1455
20825 187
20826 280
20827 1650
20828 485
20829 411
20830 1564
20831 2160
20832 508
20833 2194
20834 1925
20835 1871
20836 2290
20837 735
20838 695
20839 684
20840 849
20841 2148
20842 1001
20843 1484
20844 56
20845 213
20846 1862
20847 1293
20848 1616
20849 1295
20850 1079
20851 434
20852 895
20853 2322
20854 237
20855 2110
20856 2231
20857 353
20858 2239
20859 1186
20860 1943
20861 1095
20862 280
20863 818
20864 1789
20865 1146
20866 1156
20867 539
20868 1987
20869 1117
20870 1911
20871 408
20872 1367
20873 381
20874 1426
20875 686
20876 1385
20877 1431
20878 2190
20879 1388
20880 1656
20881 2230
20882 1208
20883 664
20884 892
20885 834
20886 746
20887 414
20888 101
20889 423
20890 537
20891 1650
20892 572
20893 552
20894 426
20895 914
20896 1875
20897 1536
20898 1112
20899 1721
20900 1286
20901 2045
20902 783
20903 747
20904 1647
20905 2047
20906 1379
20907 237
20908 1289
20909 1045
20910 647
20911 1864
20912 1529
20913 691
20914 245
20915 353
20916 1323
20917 1789
20918 120
20919 484
20920 746
20921 2137
20922 1157
20923 837
20924 741
20925 1201
20926 1663
20927 38
20928 718
20929 1822
20930 711
20931 1094
20932 672
20933 992
20934 2169
20935 204
20936 866
20937 1548
20938 1337
20939 679
20940 695
20941 1881
20942 232
20943 508
20944 120
20945 547
20946 342
20947 626
20948 567
20949 1232
20950 665
20951 187
20952 2035
20953 796
20954 1634
20955 1871
20956 213
20957 508
20958 1490
20959 1488
20960 1130
20961 1847
20962 1841
20963 711
20964 1656
20965 342
20966 1566
20967 1201
20968 1204
20969 316
20970 791
20971 1069
20972 2287
20973 1408
20974 701
20975 448
20976 818
20977 295
20978 1984
20979 1406
20980 1030
20981 1013
20982 1789
20983 2172
20984 1636
20985 1574
20986 1351
20987 1497
20988 1277
20989 544
20990 1929
20991 1608
20992 342
20993 1391
20994 1260
20995 1582
20996 1789
20997 271
20998 2081
20999 1719
21000 2062
21001 1194
21002 206
21003 1145
21004 1289
21005 1940
21006 695
21007 1764
21008 369
21009 471
21010 1358
21011 1766
21012 1254
21013 1650
21014 1518
21015 595
21016 543
21017 1664
21018 1845
21019 1911
21020 701
21021 572
21022 996
21023 101
21024 674
21025 996
21026 1789
21027 1379
21028 139
21029 21
21030 1279
21031 919
21032 233
21033 980
21034 1250
21035 1789
21036 280
21037 1789
21038 1097
21039 446
21040 2322
21041 423
21042 2205
21043 1299
21044 736
21045 150
21046 234
21047 1937
21048 294
21049 626
21050 134
21051 1986
21052 280
21053 21
21054 462
21055 1397
21056 2047
21057 1823
21058 381
21059 1157
21060 38
21061 1250
21062 421
21063 38
21064 1783
21065 829
21066 1157
21067 1975
21068 554
21069 408
21070 168
21071 484
21072 1585
21073 775
21074 1937
21075 737
21076 39
21077 2084
21078 1097
21079 1532
21080 790
21081 353
21082 895
21083 616
21084 1431
21085 1114
21086 1963
21087 1692
21088 300
21089 1309
21090 527
21091 535
21092 342
21093 2193
21094 1421
21095 1871
21096 1265
21097 1117
21098 791
21099 38
21100 2314
21101 1548
21102 650
21103 1544
21104 1122
21105 1455
21106 830
21107 787
21108 1176
21109 610
21110 1594
21111 353
21112 1417
21113 234
21114 691
21115 1536
21116 2144
21117 1997
21118 316
21119 896
21120 561
21121 77
21122 2192
21123 1288
21124 2278
21125 873
21126 381
21127 1963
21128 1477
21129 120
21130 1894
21131 2191
21132 572
21133 975
21134 990
21135 960
21136 232
21137 1191
21138 450
21139 1864
21140 1598
21141 695
21142 1213
21143 1576
21144 1043
21145 897
21146 2085
21147 1203
21148 1124
21149 101
21150 1141
21151 101
21152 783
21153 1365
21154 720
21155 1333
21156 996
21157 982
21158 21
21159 684
21160 2099
21161 1006
21162 2079
21163 1400
21164 1506
21165 588
21166 609
21167 2137
21168 1389
21169 558
21170 2135
21171 3
21172 2283
21173 1936
21174 175
21175 1256
21176 2009
21177 1782
21178 1445
21179 2141
21180 2067
21181 567
21182 833
21183 2168
21184 456
21185 924
21186 1714
21187 1157
21188 342
21189 1512
21190 234
21191 1181
21192 388
21193 157
21194 252
21195 2163
21196 2152
21197 2071
21198 101
21199 2085
21200 572
21201 993
21202 1814
21203 1455
21204 1256
21205 260
21206 770
21207 907
21208 1789
21209 20
21210 572
21211 912
21212 1302
21213 1518
21214 175
21215 508
21216 1190
21217 1569
21218 866
21219 1440
21220 907
21221 1942
21222 553
21223 1360
21224 1656
21225 162
21226 157
21227 822
21228 1337
21229 2209
21230 1469
21231 1240
21232 2119
21233 1283
21234 1768
21235 2040
21236 962
21237 1481
21238 555
21239 1455
21240 962
21241 21
21242 1213
21243 1659
21244 1546
21245 940
21246 316
21247 1199
21248 1262
21249 1333
21250 1917
21251 369
21252 1988
21253 822
21254 644
21255 1470
21256 1963
21257 869
21258 1365
21259 1714
21260 1532
21261 353
21262 822
21263 1422
21264 1043
21265 684
21266 2219
21267 1622
21268 1969
21269 1778
21270 2229
21271 204
21272 342
21273 2030
21274 2123
21275 1871
21276 1351
21277 1076
21278 701
21279 1886
21280 2027
21281 2003
21282 1401
21283 1300
21284 1339
21285 456
21286 334
21287 2171
21288 453
21289 2105
21290 723
21291 857
21292 1518
21293 1536
21294 610
21295 1083
21296 1617
21297 1139
21298 228
21299 1119
21300 1035
21301 2322
21302 561
21303 1536
21304 2089
21305 2110
21306 2211
21307 391
21308 2171
21309 1919
21310 1341
21311 508
21312 898
21313 101
21314 1429
21315 21
21316 2164
21317 526
21318 213
21319 1009
21320 1852
21321 8
21322 2249
21323 2218
21324 1097
21325 1874
21326 2001
21327 1387
21328 21
21329 1778
21330 1420
21331 1608
21332 1913
21333 1824
21334 1980
21335 60
21336 259
21337 1190
21338 139
21339 2107
21340 1933
21341 2127
21342 1617
21343 907
21344 1937
21345 537
21346 2001
21347 168
21348 1530
21349 1773
21350 1399
21351 1051
21352 2207
21353 415
21354 166
21355 1302
21356 483
21357 1690
21358 790
21359 2016
21360 1190
21361 1650
21362 38
21363 1251
21364 979
21365 1536
21366 714
21367 1518
21368 101
21369 1213
21370 877
21371 1897
21372 1213
21373 342
21374 331
21375 2169
21376 1246
21377 1654
21378 870
21379 1009
21380 1340
21381 265
21382 150
21383 1201
21384 783
21385 1208
21386 463
21387 2187
21388 1969
21389 782
21390 1363
21391 1545
21392 101
21393 342
21394 342
21395 1952
21396 1075
21397 991
21398 2212
21399 38
21400 1020
21401 280
21402 265
21403 1829
21404 1912
21405 1471
21406 1352
21407 1997
21408 940
21409 1703
21410 1814
21411 930
21412 695
21413 1148
21414 2322
21415 906
21416 1901
21417 1493
21418 1445
21419 2280
21420 1424
21421 2072
21422 508
21423 814
21424 1518
21425 2188
21426 1593
21427 1442
21428 416
21429 408
21430 1894
21431 547
21432 123
21433 1656
21434 2322
21435 1389
21436 1186
21437 2280
21438 157
21439 2033
21440 2132
21441 38
21442 1139
21443 866
21444 1017
21445 1407
21446 2030
21447 790
21448 448
21449 983
21450 1416
21451 2117
21452 463
21453 1518
21454 280
21455 1213
21456 689
21457 815
21458 986
21459 227
21460 1645
21461 101
21462 485
21463 232
21464 2082
21465 940
21466 187
21467 747
21468 1050
21469 2000
21470 2223
21471 2034
21472 113
21473 1887
21474 167
21475 523
21476 493
21477 1249
21478 122
21479 1778
21480 1493
21481 1253
21482 331
21483 884
21484 101
21485 1518
21486 1231
21487 1112
21488 915
21489 1528
21490 1273
21491 263
21492 2012
21493 1007
21494 1838
21495 1691
21496 21
21497 1256
21498 2207
21499 994
21500 539
21501 2140
21502 2189
21503 677
21504 1108
21505 447
21506 898
21507 2127
21508 1984
21509 316
21510 616
21511 247
21512 402
21513 1663
21514 1783
21515 1716
21516 1455
21517 2148
21518 167
21519 999
21520 1774
21521 38
21522 1240
21523 1823
21524 790
21525 592
21526 1240
21527 1993
21528 1608
21529 490
21530 745
21531 1112
21532 448
21533 1729
21534 187
21535 1946
21536 2027
21537 1186
21538 463
21539 833
21540 1989
21541 1567
21542 1592
21543 2013
21544 1455
21545 1369
21546 1942
21547 342
21548 1478
21549 1638
21550 2315
21551 1536
21552 2279
21553 1650
21554 1064
21555 1997
21556 969
21557 388
21558 645
21559 1886
21560 304
21561 1969
21562 1509
21563 227
21564 969
21565 2196
21566 233
21567 1823
21568 709
21569 1109
21570 1656
21571 2085
21572 39
21573 342
21574 618
21575 21
21576 2018
21577 713
21578 701
21579 775
21580 1353
21581 21
21582 1280
21583 1213
21584 148
21585 2027
21586 849
21587 268
21588 1110
21589 1887
21590 2027
21591 555
21592 2063
21593 567
21594 1779
21595 1656
21596 635
21597 790
21598 758
21599 1424
21600 1227
21601 561
21602 490
21603 247
21604 816
21605 1125
21606 609
21607 1258
21608 1374
21609 280
21610 2152
21611 2291
21612 401
21613 825
21614 2241
21615 839
21616 1182
21617 1123
21618 535
21619 169
21620 695
21621 1661
21622 1703
21623 2027
21624 1210
21625 2278
21626 280
21627 1485
21628 603
21629 1647
21630 1644
21631 931
21632 572
21633 196
21634 1814
21635 1403
21636 1265
21637 1852
21638 913
21639 1936
21640 1503
21641 550
21642 280
21643 695
21644 595
21645 1560
21646 176
21647 947
21648 213
21649 1933
21650 465
21651 498
21652 1007
21653 1178
21654 1284
21655 122
21656 1117
21657 162
21658 790
21659 1832
21660 790
21661 1770
21662 724
21663 234
21664 557
21665 915
21666 831
21667 203
21668 796
21669 1530
21670 176
21671 1919
21672 1127
21673 1656
21674 878
21675 463
21676 783
21677 2277
21678 1483
21679 971
21680 537
21681 1975
21682 679
21683 819
21684 555
21685 176
21686 603
21687 1236
21688 1267
21689 1375
21690 991
21691 1246
21692 39
21693 353
21694 1650
21695 240
21696 2018
21697 1224
21698 1963
21699 1702
21700 666
21701 2133
21702 2228
21703 2197
21704 1157
21705 1895
21706 301
21707 334
21708 2216
21709 1280
21710 1482
21711 2152
21712 1097
21713 1978
21714 2027
21715 243
21716 2137
21717 213
21718 1017
21719 792
21720 1822
21721 1299
21722 915
21723 1455
21724 1988
21725 75
21726 1693
21727 150
21728 1924
21729 999
21730 1665
21731 234
21732 701
21733 342
21734 2145
21735 616
21736 2222
21737 2295
21738 354
21739 962
21740 1025
21741 2218
21742 816
21743 1125
21744 695
21745 1845
21746 39
21747 263
21748 1742
21749 1418
21750 2190
21751 1571
21752 94
21753 101
21754 400
21755 451
21756 1449
21757 2306
21758 1236
21759 114
21760 878
21761 1022
21762 590
21763 1262
21764 280
21765 342
21766 1442
21767 122
21768 1637
21769 723
21770 2291
21771 2212
21772 610
21773 1251
21774 39
21775 572
21776 1036
21777 1435
21778 1552
21779 342
21780 1608
21781 2228
21782 1846
21783 280
21784 618
21785 1108
21786 931
21787 2280
21788 1416
21789 1254
21790 1963
21791 822
21792 2110
21793 1149
21794 342
21795 1736
21796 875
21797 2322
21798 102
21799 556
21800 737
21801 765
21802 428
21803 1654
21804 641
21805 1961
21806 747
21807 1887
21808 1479
21809 1894
21810 269
21811 977
21812 1157
21813 2278
21814 342
21815 1886
21816 2047
21817 59
21818 1240
21819 2027
21820 2091
21821 2235
21822 452
21823 647
21824 490
21825 6
21826 1177
21827 1814
21828 444
21829 1975
21830 1140
21831 470
21832 1951
21833 720
21834 1931
21835 1884
21836 1391
21837 1617
21838 1000
21839 720
21840 896
21841 1969
21842 400
21843 1186
21844 162
21845 761
21846 1499
21847 1666
21848 866
21849 9
21850 1332
21851 213
21852 2016
21853 1843
21854 1814
21855 1097
21856 250
21857 1931
21858 1608
21859 1953
21860 2296
21861 184
21862 792
21863 1452
21864 1141
21865 1391
21866 280
21867 1814
21868 1391
21869 2031
21870 1391
21871 1199
21872 187
21873 234
21874 342
21875 122
21876 1659
21877 2027
21878 1674
21879 2180
21880 1252
21881 665
21882 721
21883 1309
21884 2109
21885 2096
21886 1144
21887 1358
21888 1278
21889 1518
21890 1617
21891 603
21892 227
21893 2061
21894 2141
21895 1727
21896 989
21897 1914
21898 97
21899 603
21900 153
21901 206
21902 2118
21903 2293
21904 1871
21905 471
21906 572
21907 1485
21908 1213
21909 411
21910 1283
21911 1146
21912 1183
21913 2106
21914 2047
21915 637
21916 484
21917 2160
21918 1471
21919 441
21920 1139
21921 1783
21922 2027
21923 169
21924 1044
21925 267
21926 2012
21927 562
21928 1969
21929 1455
21930 508
21931 1297
21932 626
21933 1251
21934 1436
21935 1113
21936 1427
21937 1213
21938 647
21939 21
21940 897
21941 342
21942 1062
21943 465
21944 915
21945 2142
21946 99
21947 1272
21948 1126
21949 204
21950 567
21951 1130
21952 750
21953 857
21954 670
21955 297
21956 1425
21957 1350
21958 1365
21959 1137
21960 790
21961 1271
21962 1068
21963 2049
21964 1141
21965 1455
21966 977
21967 1766
21968 547
21969 1334
21970 699
21971 2204
21972 1771
21973 543
21974 2000
21975 670
21976 1388
21977 506
21978 1309
21979 1103
21980 2296
21981 1626
21982 545
21983 907
21984 1604
21985 1608
21986 1877
21987 540
21988 2187
21989 1013
21990 2288
21991 2156
21992 1097
21993 1608
21994 396
21995 1184
21996 1327
21997 809
21998 187
21999 1050
22000 1365
22001 647
22002 925
22003 665
22004 647
22005 408
22006 1374
22007 2211
22008 369
22009 169
22010 2084
22011 1117
22012 1369
22013 2089
22014 1703
22015 1309
22016 203
22017 1570
22018 818
22019 84
22020 1455
22021 1969
22022 1803
22023 1659
22024 1182
22025 1954
22026 1471
22027 1037
22028 802
22029 1987
22030 1157
22031 610
22032 2000
22033 80
22034 1954
22035 927
22036 1304
22037 1897
22038 927
22039 2086
22040 2116
22041 1919
22042 43
22043 1693
22044 1881
22045 280
22046 1473
22047 525
22048 2068
22049 1282
22050 227
22051 39
22052 1847
22053 2035
22054 2111
22055 1992
22056 1095
22057 39
22058 1897
22059 1445
22060 1632
22061 1814
22062 1115
22063 2299
22064 333
22065 618
22066 2151
22067 1848
22068 2223
22069 2102
22070 1016
22071 1262
22072 1414
22073 1477
22074 263
22075 1497
22076 169
22077 893
22078 647
22079 1659
22080 723
22081 235
22082 761
22083 316
22084 599
22085 723
22086 336
22087 1026
22088 539
22089 826
22090 2099
22091 830
22092 74
22093 1350
22094 1855
22095 755
22096 423
22097 20
22098 1653
22099 82
22100 162
22101 1963
22102 547
22103 1419
22104 567
22105 1379
22106 39
22107 280
22108 572
22109 711
22110 1222
22111 1771
22112 1833
22113 1126
22114 1659
22115 878
22116 802
22117 122
22118 958
22119 718
22120 1367
22121 1309
22122 1352
22123 775
22124 1045
22125 2283
22126 1665
22127 1252
22128 1077
22129 672
22130 2047
22131 644
22132 1659
22133 338
22134 1062
22135 1264
22136 1771
22137 423
22138 857
22139 169
22140 378
22141 1026
22142 1054
22143 1602
22144 1293
22145 2179
22146 1863
22147 1429
22148 947
22149 960
22150 1530
22151 1186
22152 280
22153 1359
22154 130
22155 2070
22156 1157
22157 39
22158 1674
22159 263
22160 1276
22161 1361
22162 1518
22163 1548
22164 737
22165 1501
22166 2191
22167 2322
22168 397
22169 2026
22170 316
22171 498
22172 857
22173 162
22174 1993
22175 1943
22176 2012
22177 479
22178 1232
22179 2034
22180 545
22181 301
22182 802
22183 1408
22184 974
22185 648
22186 862
22187 770
22188 857
22189 572
22190 1593
22191 205
22192 21
22193 1536
22194 665
22195 710
22196 976
22197 1950
22198 1993
22199 1608
22200 1391
22201 1127
22202 1199
22203 847
22204 1518
22205 39
22206 1004
22207 1942
22208 1938
22209 477
22210 2047
22211 1814
22212 187
22213 1814
22214 1257
22215 2060
22216 1871
22217 849
22218 1958
22219 2133
22220 1328
22221 166
22222 1999
22223 545
22224 1299
22225 1862
22226 1943
22227 1581
22228 421
22229 1109
22230 1502
22231 1037
22232 1498
22233 572
22234 1518
22235 236
22236 2039
22237 252
22238 626
22239 1951
22240 2133
22241 824
22242 2322
22243 701
22244 562
22245 1182
22246 883
22247 648
22248 39
22249 550
22250 1455
22251 1879
22252 1299
22253 1017
22254 1079
22255 1996
22256 1455
22257 1710
22258 1328
22259 1065
22260 2026
22261 411
22262 1442
22263 2287
22264 1017
22265 1766
22266 1472
22267 2111
22268 479
22269 1693
22270 1552
22271 297
22272 1157
22273 1771
22274 1157
22275 792
22276 1084
22277 1989
22278 1583
22279 1586
22280 1186
22281 802
22282 221
22283 765
22284 2047
22285 1157
22286 537
22287 2096
22288 865
22289 824
22290 828
22291 1078
22292 1278
22293 1511
22294 39
22295 1659
22296 679
22297 1338
22298 1349
22299 1616
22300 1823
22301 342
22302 150
22303 1309
22304 227
22305 423
22306 1536
22307 882
22308 1397
22309 1135
22310 692
22311 1297
22312 2021
22313 1500
22314 2280
22315 1608
22316 81
22317 1391
22318 1324
22319 2027
22320 783
22321 746
22322 689
22323 2133
22324 298
22325 842
22326 1893
22327 1277
22328 1659
22329 135
22330 1825
22331 2195
22332 1885
22333 671
22334 1413
22335 762
22336 1717
22337 723
22338 1928
22339 1712
22340 561
22341 1125
22342 893
22343 1408
22344 1269
22345 902
22346 2047
22347 1980
22348 162
22349 388
22350 2159
22351 1104
22352 1177
22353 1605
22354 2030
22355 645
22356 1224
22357 915
22358 561
22359 226
22360 86
22361 549
22362 1771
22363 1993
22364 2317
22365 2007
22366 476
22367 84
22368 2166
22369 692
22370 1062
22371 815
22372 99
22373 1057
22374 498
22375 187
22376 1433
22377 122
22378 618
22379 535
22380 2000
22381 750
22382 1331
22383 2180
22384 711
22385 1405
22386 1065
22387 1608
22388 1493
22389 1442
22390 855
22391 206
22392 1709
22393 1783
22394 1576
22395 1413
22396 2116
22397 1653
22398 1586
22399 1829
22400 963
22401 572
22402 1654
22403 1552
22404 2048
22405 934
22406 249
22407 1387
22408 515
22409 2289
22410 1562
22411 2048
22412 1530
22413 2004
22414 297
22415 1895
22416 423
22417 1869
22418 553
22419 1138
22420 701
22421 421
22422 888
22423 1346
22424 2000
22425 2074
22426 1763
22427 931
22428 1674
22429 342
22430 1709
22431 995
22432 2027
22433 1726
22434 1183
22435 1557
22436 2224
22437 250
22438 1323
22439 263
22440 1888
22441 2078
22442 1186
22443 2069
22444 1157
22445 822
22446 2207
22447 39
22448 150
22449 1431
22450 1814
22451 1108
22452 21
22453 460
22454 2280
22455 1940
22456 711
22457 1007
22458 1005
22459 221
22460 1403
22461 499
22462 2093
22463 169
22464 1157
22465 1013
22466 465
22467 1182
22468 406
22469 911
22470 1593
22471 316
22472 1128
22473 1895
22474 1948
22475 1865
22476 74
22477 175
22478 887
22479 721
22480 353
22481 944
22482 353
22483 811
22484 2148
22485 1880
22486 1309
22487 751
22488 1883
22489 150
22490 1259
22491 572
22492 777
22493 2223
22494 1847
22495 2290
22496 842
22497 406
22498 1040
22499 484
22500 2169
22501 1326
22502 2233
22503 1208
22504 1409
22505 1886
22506 2087
22507 150
22508 959
22509 674
22510 1551
22511 1885
22512 1008
22513 1118
22514 1304
22515 1082
22516 750
22517 1961
22518 2155
22519 1561
22520 84
22521 353
22522 1674
22523 39
22524 1435
22525 1996
22526 2099
22527 1455
22528 2237
22529 2098
22530 221
22531 981
22532 1455
22533 333
22534 316
22535 690
22536 1250
22537 648
22538 1815
22539 1988
22540 2307
22541 1747
22542 743
22543 1200
22544 1885
22545 2110
22546 2161
22547 934
22548 2035
22549 1782
22550 1455
22551 84
22552 227
22553 406
22554 2241
22555 2012
22556 1214
22557 572
22558 167
22559 2322
22560 1240
22561 497
22562 1036
22563 2216
22564 1447
22565 445
22566 1571
22567 2196
22568 1255
22569 122
22570 391
22571 84
22572 1485
22573 1951
22574 919
22575 2290
22576 1309
22577 2082
22578 2094
22579 21
22580 1823
22581 648
22582 1013
22583 2288
22584 2188
22585 1888
22586 532
22587 1108
22588 500
22589 518
22590 747
22591 1027
22592 7
22593 500
22594 1402
22595 21
22596 22
22597 1659
22598 1283
22599 1267
22600 770
22601 301
22602 1945
22603 1422
22604 1747
22605 2074
22606 1087
22607 1374
22608 2317
22609 723
22610 1151
22611 884
22612 1422
22613 891
22614 85
22615 1870
22616 39
22617 759
22618 221
22619 1864
22620 1336
22621 970
22622 1606
22623 1747
22624 1409
22625 1938
22626 1674
22627 983
22628 846
22629 572
22630 599
22631 187
22632 1375
22633 546
22634 1309
22635 711
22636 2187
22637 1058
22638 679
22639 1639
22640 903
22641 1038
22642 572
22643 1633
22644 608
22645 259
22646 1886
22647 397
22648 2221
22649 1545
22650 982
22651 470
22652 1490
22653 1986
22654 2125
22655 553
22656 1299
22657 1998
22658 2301
22659 471
22660 1566
22661 122
22662 342
22663 996
22664 150
22665 537
22666 852
22667 2253
22668 148
22669 802
22670 2142
22671 750
22672 1822
22673 775
22674 224
22675 421
22676 485
22677 1357
22678 1969
22679 1861
22680 39
22681 2114
22682 235
22683 224
22684 1719
22685 223
22686 184
22687 447
22688 999
22689 1605
22690 1845
22691 1456
22692 2245
22693 342
22694 10
22695 22
22696 1231
22697 1986
22698 1885
22699 149
22700 2091
22701 1431
22702 1374
22703 502
22704 822
22705 1698
22706 2243
22707 1815
22708 2145
22709 519
22710 2000
22711 1824
22712 1309
22713 2095
22714 1598
22715 907
22716 828
22717 424
22718 625
22719 60
22720 737
22721 93
22722 1674
22723 1083
22724 915
22725 252
22726 1874
22727 85
22728 938
22729 1233
22730 2197
22731 1035
22732 612
22733 397
22734 41
22735 1073
22736 2035
22737 2096
22738 862
22739 456
22740 1674
22741 996
22742 22
22743 224
22744 940
22745 1456
22746 2143
22747 2178
22748 2197
22749 572
22750 1500
22751 721
22752 1740
22753 603
22754 1867
22755 2250
22756 1071
22757 488
22758 1771
22759 122
22760 2066
22761 2322
22762 1821
22763 2035
22764 985
22765 701
22766 1747
22767 947
22768 1876
22769 1298
22770 1260
22771 1636
22772 1536
22773 316
22774 1481
22775 205
22776 122
22777 1328
22778 353
22779 1885
22780 1861
22781 971
22782 539
22783 343
22784 1747
22785 1666
22786 2107
22787 1119
22788 2134
22789 845
22790 1574
22791 911
22792 2219
22793 2212
22794 1371
22795 2006
22796 252
22797 775
22798 2236
22799 2322
22800 2091
22801 1949
22802 1592
22803 522
22804 2312
22805 41
22806 130
22807 708
22808 1748
22809 618
22810 80
22811 22
22812 1839
22813 1992
22814 1543
22815 1879
22816 375
22817 613
22818 934
22819 1266
22820 1920
22821 1580
22822 1957
22823 853
22824 85
22825 1477
22826 1992
22827 1881
22828 1748
22829 1715
22830 1748
22831 802
22832 316
22833 167
22834 998
22835 774
22836 1557
22837 2134
22838 1699
22839 1933
22840 267
22841 316
22842 1887
22843 835
22844 802
22845 122
22846 890
22847 2069
22848 1875
22849 2111
22850 213
22851 1855
22852 1266
22853 528
22854 1124
22855 162
22856 391
22857 701
22858 603
22859 2218
22860 97
22861 1725
22862 1176
22863 1608
22864 2134
22865 842
22866 1083
22867 1980
22868 1948
22869 1067
22870 1765
22871 618
22872 298
22873 1182
22874 1550
22875 1195
22876 343
22877 1926
22878 2135
22879 150
22880 259
22881 7
22882 757
22883 903
22884 2287
22885 1997
22886 2048
22887 22
22888 1608
22889 757
22890 572
22891 187
22892 333
22893 1944
22894 299
22895 601
22896 1590
22897 1348
22898 343
22899 751
22900 316
22901 213
22902 22
22903 1040
22904 1120
22905 773
22906 1783
22907 1742
22908 600
22909 1802
22910 1363
22911 333
22912 2174
22913 1727
22914 853
22915 213
22916 405
22917 353
22918 1608
22919 1507
22920 1058
22921 1383
22922 122
22923 461
22924 1514
22925 1297
22926 847
22927 447
22928 469
22929 2127
22930 1335
22931 677
22932 1748
22933 865
22934 1514
22935 1703
22936 508
22937 1748
22938 2073
22939 2048
22940 2120
22941 1385
22942 1748
22943 721
22944 441
22945 1026
22946 1449
22947 1740
22948 572
22949 1598
22950 2197
22951 2219
22952 1969
22953 1801
22954 1255
22955 1484
22956 812
22957 557
22958 2294
22959 1274
22960 1558
22961 2131
22962 757
22963 1245
22964 120
22965 1582
22966 150
22967 1630
22968 968
22969 2035
22970 2006
22971 1415
22972 1130
22973 567
22974 648
22975 1771
22976 2281
22977 1748
22978 2146
22979 2322
22980 41
22981 57
22982 1666
22983 2119
22984 1748
22985 848
22986 1769
22987 1276
22988 1128
22989 1659
22990 423
22991 316
22992 500
22993 1125
22994 297
22995 1456
22996 1363
22997 373
22998 1423
22999 2301
23000 2227
23001 774
23002 1830
23003 1739
23004 1214
23005 316
23006 2294
23007 120
23008 648
23009 1748
23010 1281
23011 1128
23012 1060
23013 934
23014 1157
23015 1674
23016 618
23017 1126
23018 500
23019 2114
23020 2227
23021 1536
23022 1598
23023 677
23024 1599
23025 2172
23026 1186
23027 1815
23028 1926
23029 1666
23030 1803
23031 943
23032 1804
23033 603
23034 676
23035 1375
23036 1511
23037 1561
23038 343
23039 450
23040 425
23041 983
23042 1252
23043 150
23044 2116
23045 102
23046 591
23047 940
23048 234
23049 1597
23050 747
23051 563
23052 1608
23053 476
23054 2120
23055 1957
23056 205
23057 1576
23058 1608
23059 1398
23060 482
23061 1694
23062 765
23063 783
23064 400
23065 701
23066 450
23067 78
23068 1157
23069 1356
23070 1182
23071 1224
23072 1432
23073 1771
23074 1602
23075 1729
23076 876
23077 22
23078 1666
23079 792
23080 1157
23081 1343
23082 981
23083 2006
23084 1508
23085 556
23086 1748
23087 444
23088 111
23089 416
23090 41
23091 2007
23092 1674
23093 2232
23094 1771
23095 2291
23096 618
23097 1704
23098 723
23099 735
23100 1619
23101 2171
23102 1182
23103 2030
23104 2184
23105 121
23106 41
23107 572
23108 2184
23109 1032
23110 243
23111 1804
23112 1691
23113 1267
23114 723
23115 1955
23116 522
23117 86
23118 187
23119 1157
23120 1360
23121 488
23122 878
23123 601
23124 162
23125 2288
23126 316
23127 1857
23128 1710
23129 1783
23130 2035
23131 502
23132 1666
23133 833
23134 1876
23135 944
23136 465
23137 819
23138 280
23139 2297
23140 1531
23141 592
23142 545
23143 250
23144 1609
23145 701
23146 1748
23147 381
23148 855
23149 343
23150 572
23151 169
23152 1405
23153 539
23154 736
23155 414
23156 1240
23157 77
23158 2320
23159 864
23160 1292
23161 1470
23162 1663
23163 1608
23164 1765
23165 1939
23166 498
23167 518
23168 1140
23169 852
23170 41
23171 1272
23172 85
23173 2086
23174 1748
23175 994
23176 802
23177 826
23178 736
23179 792
23180 2289
23181 774
23182 572
23183 1284
23184 1969
23185 2291
23186 2229
23187 1157
23188 41
23189 1763
23190 120
23191 2087
23192 162
23193 831
23194 2132
23195 22
23196 986
23197 2078
23198 1144
23199 1131
23200 802
23201 461
23202 405
23203 353
23204 792
23205 343
23206 1475
23207 1485
23208 2137
23209 1767
23210 1224
23211 1577
23212 224
23213 1176
23214 2315
23215 2187
23216 800
23217 1255
23218 2048
23219 1023
23220 2007
23221 519
23222 456
23223 2292
23224 1309
23225 273
23226 2322
23227 22
23228 2034
23229 2322
23230 226
23231 598
23232 2096
23233 2145
23234 12
23235 532
23236 521
23237 41
23238 391
23239 673
23240 1626
23241 130
23242 1514
23243 1963
23244 1804
23245 802
23246 684
23247 982
23248 645
23249 406
23250 2218
23251 2004
23252 553
23253 1881
23254 343
23255 1250
23256 1700
23257 343
23258 1748
23259 196
23260 213
23261 252
23262 1157
23263 601
23264 1214
23265 1963
23266 1910
23267 1968
23268 1357
23269 1119
23270 1067
23271 1140
23272 2004
23273 1862
23274 931
23275 2190
23276 1283
23277 688
23278 832
23279 297
23280 2035
23281 224
23282 2229
23283 2132
23284 1276
23285 1802
23286 331
23287 391
23288 295
23289 1674
23290 639
23291 85
23292 1157
23293 343
23294 1674
23295 1616
23296 1405
23297 1224
23298 1431
23299 721
23300 1262
23301 2171
23302 2183
23303 940
23304 618
23305 1004
23306 1729
23307 891
23308 263
23309 252
23310 626
23311 603
23312 252
23313 280
23314 792
23315 864
23316 120
23317 973
23318 934
23319 1930
23320 1831
23321 1109
23322 626
23323 1257
23324 1972
23325 236
23326 860
23327 489
23328 860
23329 416
23330 2282
23331 636
23332 2132
23333 1640
23334 663
23335 1560
23336 301
23337 1563
23338 2251
23339 1335
23340 1708
23341 2214
23342 563
23343 1748
23344 987
23345 1309
23346 746
23347 883
23348 502
23349 235
23350 2006
23351 2160
23352 1430
23353 2251
23354 2322
23355 851
23356 1924
23357 934
23358 334
23359 85
23360 391
23361 998
23362 1664
23363 2211
23364 2065
23365 1859
23366 537
23367 2035
23368 460
23369 1630
23370 1375
23371 169
23372 1035
23373 1994
23374 636
23375 2226
23376 1666
23377 1281
23378 1082
23379 2177
23380 1608
23381 378
23382 1630
23383 12
23384 2071
23385 816
23386 1802
23387 243
23388 1079
23389 912
23390 2173
23391 1674
23392 1157
23393 1478
23394 980
23395 252
23396 334
23397 684
23398 572
23399 426
23400 2210
23401 1212
23402 592
23403 260
23404 41
23405 1823
23406 1584
23407 1947
23408 1880
23409 2132
23410 1748
23411 443
23412 2322
23413 1748
23414 2121
23415 802
23416 1887
23417 2040
23418 1107
23419 864
23420 1626
23421 1590
23422 135
23423 695
23424 2043
23425 381
23426 2207
23427 530
23428 131
23429 85
23430 381
23431 1886
23432 1267
23433 224
23434 2119
23435 1412
23436 1433
23437 882
23438 1630
23439 1482
23440 1147
23441 977
23442 538
23443 1748
23444 864
23445 770
23446 1529
23447 663
23448 1214
23449 1654
23450 960
23451 906
23452 947
23453 1473
23454 381
23455 1879
23456 1157
23457 2039
23458 884
23459 343
23460 701
23461 2293
23462 1113
23463 1378
23464 1157
23465 718
23466 1052
23467 782
23468 1708
23469 1641
23470 2315
23471 241
23472 1550
23473 648
23474 1224
23475 1256
23476 915
23477 1158
23478 316
23479 975
23480 611
23481 1252
23482 196
23483 1253
23484 2062
23485 1343
23486 7
23487 343
23488 120
23489 1007
23490 968
23491 1493
23492 423
23493 353
23494 2297
23495 1206
23496 508
23497 1887
23498 12
23499 2153
23500 187
23501 1070
23502 155
23503 2035
23504 1972
23505 1646
23506 1115
23507 1030
23508 774
23509 1430
23510 693
23511 2179
23512 1026
23513 1331
23514 1411
23515 598
23516 2110
23517 2107
23518 907
23519 648
23520 1309
23521 2108
23522 822
23523 522
23524 2006
23525 1309
23526 1139
23527 399
23528 180
23529 463
23530 1878
23531 1771
23532 1748
23533 1286
23534 601
23535 453
23536 893
23537 1511
23538 612
23539 2287
23540 1199
23541 934
23542 415
23543 280
23544 176
23545 2066
23546 782
23547 1485
23548 1727
23549 456
23550 2159
23551 870
23552 280
23553 1194
23554 147
23555 2322
23556 240
23557 343
23558 343
23559 829
23560 1566
23561 1283
23562 1409
23563 2004
23564 1729
23565 2209
23566 111
23567 737
23568 552
23569 1157
23570 970
23571 2147
23572 1113
23573 721
23574 915
23575 1353
23576 301
23577 919
23578 280
23579 1942
23580 693
23581 2035
23582 1919
23583 2071
23584 1999
23585 1953
23586 873
23587 169
23588 1998
23589 2307
23590 915
23591 1186
23592 82
23593 1129
23594 691
23595 1733
23596 235
23597 1888
23598 1430
23599 1084
23600 616
23601 1708
23602 1339
23603 2090
23604 500
23605 821
23606 1712
23607 1958
23608 41
23609 484
23610 915
23611 1585
23612 2223
23613 22
23614 421
23615 2148
23616 1999
23617 947
23618 1266
23619 280
23620 213
23621 934
23622 1940
23623 1157
23624 1159
23625 537
23626 1713
23627 475
23628 1631
23629 1304
23630 1309
23631 1009
23632 1103
23633 1590
23634 2141
23635 1721
23636 934
23637 155
23638 2117
23639 609
23640 1456
23641 2027
23642 1664
23643 425
23644 1004
23645 548
23646 1980
23647 2232
23648 864
23649 169
23650 1730
23651 899
23652 2147
23653 521
23654 2166
23655 2035
23656 1636
23657 389
23658 2007
23659 1748
23660 1404
23661 1351
23662 2032
23663 595
23664 2014
23665 1953
23666 153
23667 1577
23668 1309
23669 343
23670 529
23671 849
23672 1748
23673 2169
23674 536
23675 1769
23676 1214
23677 637
23678 1422
23679 1476
23680 1914
23681 85
23682 521
23683 1674
23684 2303
23685 1097
23686 224
23687 1053
23688 891
23689 478
23690 1176
23691 448
23692 1456
23693 1427
23694 2062
23695 1112
23696 120
23697 2111
23698 1140
23699 2048
23700 2093
23701 1033
23702 1233
23703 796
23704 1598
23705 1032
23706 2169
23707 829
23708 864
23709 1748
23710 1199
23711 1132
23712 813
23713 1656
23714 421
23715 2177
23716 1749
23717 1913
23718 648
23719 824
23720 958
23721 2064
23722 848
23723 1728
23724 316
23725 1991
23726 1860
23727 2305
23728 2232
23729 1208
23730 1157
23731 401
23732 2008
23733 1693
23734 373
23735 1901
23736 448
23737 1707
23738 1841
23739 77
23740 616
23741 838
23742 224
23743 1275
23744 1070
23745 893
23746 280
23747 973
23748 1529
23749 2093
23750 1812
23751 2173
23752 524
23753 473
23754 1451
23755 1887
23756 1151
23757 736
23758 1972
23759 1470
23760 22
23761 508
23762 1608
23763 1639
23764 1427
23765 1603
23766 2177
23767 485
23768 2137
23769 626
23770 41
23771 2292
23772 472
23773 2008
23774 947
23775 1097
23776 947
23777 1805
23778 2075
23779 2282
23780 463
23781 41
23782 1053
23783 1852
23784 855
23785 934
23786 41
23787 1954
23788 1858
23789 402
23790 84
23791 1360
23792 1771
23793 1456
23794 1867
23795 893
23796 1674
23797 1140
23798 1088
23799 474
23800 1480
23801 343
23802 41
23803 2044
23804 1017
23805 1828
23806 1879
23807 1697
23808 1991
23809 1642
23810 1666
23811 214
23812 1954
23813 2009
23814 316
23815 1157
23816 2059
23817 1608
23818 2241
23819 1104
23820 1157
23821 343
23822 6
23823 759
23824 802
23825 2048
23826 536
23827 595
23828 485
23829 973
23830 2214
23831 1115
23832 482
23833 22
23834 1157
23835 1240
23836 402
23837 1184
23838 502
23839 1748
23840 113
23841 524
23842 979
23843 616
23844 765
23845 2000
23846 1855
23847 1342
23848 2035
23849 1013
23850 1666
23851 1771
23852 1992
23853 536
23854 503
23855 750
23856 503
23857 1048
23858 1717
23859 812
23860 976
23861 598
23862 1097
23863 117
23864 1924
23865 1724
23866 1479
23867 22
23868 1034
23869 1266
23870 155
23871 1490
23872 41
23873 1868
23874 1950
23875 1748
23876 444
23877 572
23878 2100
23879 1009
23880 677
23881 1067
23882 957
23883 1051
23884 1822
23885 102
23886 2096
23887 1698
23888 927
23889 1291
23890 930
23891 22
23892 1181
23893 930
23894 343
23895 379
23896 1485
23897 1233
23898 313
23899 1626
23900 1456
23901 47
23902 611
23903 626
23904 1963
23905 2099
23906 934
23907 196
23908 1343
23909 80
23910 280
23911 280
23912 1309
23913 3
23914 1023
23915 829
23916 1972
23917 1118
23918 2169
23919 22
23920 2
23921 870
23922 1674
23923 337
23924 1710
23925 2132
23926 1594
23927 838
23928 1075
23929 2083
23930 814
23931 2033
23932 508
23933 1562
23934 1632
23935 701
23936 187
23937 692
23938 1069
23939 1309
23940 187
23941 1246
23942 1389
23943 721
23944 1045
23945 1845
23946 1485
23947 1674
23948 1184
23949 2090
23950 563
23951 1509
23952 1768
23953 1262
23954 1085
23955 136
23956 1733
23957 280
23958 1763
23959 593
23960 1498
23961 1928
23962 89
23963 1387
23964 251
23965 1071
23966 2228
23967 878
23968 1741
23969 1233
23970 726
23971 563
23972 447
23973 1068
23974 214
23975 1456
23976 1608
23977 979
23978 2186
23979 1105
23980 1594
23981 1666
23982 1946
23983 553
23984 1485
23985 1980
23986 985
23987 47
23988 1837
23989 500
23990 1214
23991 1771
23992 1046
23993 1157
23994 1472
23995 1268
23996 316
23997 139
23998 1551
23999 1398
24000 461
24001 1367
24002 1666
24003 456
24004 2292
24005 2035
24006 1456
24007 1427
24008 1500
24009 1656
24010 1157
24011 822
24012 1721
24013 463
24014 2297
24015 2074
24016 38
24017 280
24018 2250
24019 269
24020 2296
24021 247
24022 907
24023 684
24024 1475
24025 885
24026 196
24027 1594
24028 1568
24029 1111
24030 1085
24031 553
24032 1852
24033 2137
24034 1895
24035 187
24036 280
24037 1518
24038 420
24039 572
24040 1606
24041 1058
24042 2035
24043 22
24044 915
24045 519
24046 1883
24047 497
24048 563
24049 1428
24050 1991
24051 1043
24052 598
24053 1283
24054 1240
24055 1361
24056 2035
24057 206
24058 802
24059 1260
24060 1085
24061 774
24062 316
24063 1700
24064 919
24065 2140
24066 1375
24067 2299
24068 353
24069 796
24070 1058
24071 1040
24072 2299
24073 1222
24074 883
24075 516
24076 2158
24077 720
24078 1935
24079 1621
24080 2180
24081 425
24082 1961
24083 316
24084 2101
24085 1666
24086 2282
24087 860
24088 736
24089 339
24090 1994
24091 43
24092 1714
24093 1544
24094 2027
24095 774
24096 1868
24097 1309
24098 441
24099 782
24100 121
24101 929
24102 89
24103 935
24104 47
24105 1005
24106 294
24107 572
24108 723
24109 1047
24110 855
24111 626
24112 2154
24113 2170
24114 2040
24115 1563
24116 1417
24117 549
24118 2224
24119 241
24120 469
24121 194
24122 1554
24123 338
24124 390
24125 1456
24126 935
24127 1188
24128 1387
24129 1061
24130 1666
24131 1272
24132 1599
24133 1419
24134 844
24135 22
24136 1116
24137 1278
24138 535
24139 1553
24140 1855
24141 1013
24142 2096
24143 616
24144 1509
24145 2000
24146 1456
24147 57
24148 2244
24149 399
24150 1865
24151 1370
24152 931
24153 1267
24154 545
24155 1181
24156 48
24157 1456
24158 774
24159 1411
24160 2208
24161 280
24162 935
24163 971
24164 981
24165 528
24166 399
24167 1932
24168 611
24169 242
24170 373
24171 2044
24172 1702
24173 2116
24174 679
24175 22
24176 461
24177 503
24178 1331
24179 605
24180 47
24181 194
24182 1544
24183 1027
24184 1065
24185 1666
24186 2124
24187 1036
24188 1333
24189 1804
24190 2191
24191 782
24192 1322
24193 1071
24194 1937
24195 1691
24196 1004
24197 2191
24198 12
24199 626
24200 648
24201 273
24202 117
24203 1980
24204 1702
24205 162
24206 354
24207 1055
24208 1060
24209 1972
24210 796
24211 263
24212 723
24213 2087
24214 1058
24215 1017
24216 878
24217 2048
24218 1141
24219 2131
24220 1059
24221 1456
24222 1309
24223 1955
24224 209
24225 338
24226 1945
24227 2001
24228 89
24229 2069
24230 2206
24231 1157
24232 2282
24233 474
24234 117
24235 1354
24236 1141
24237 280
24238 711
24239 47
24240 2287
24241 2235
24242 1583
24243 1727
24244 390
24245 187
24246 241
24247 2083
24248 1346
24249 47
24250 616
24251 638
24252 2322
24253 2048
24254 316
24255 2163
24256 976
24257 2007
24258 832
24259 185
24260 2011
24261 78
24262 12
24263 1771
24264 1972
24265 47
24266 516
24267 2171
24268 1270
24269 788
24270 701
24271 774
24272 1456
24273 1506
24274 1783
24275 1929
24276 354
24277 1084
24278 12
24279 47
24280 1694
24281 1097
24282 1741
24283 1233
24284 824
24285 56
24286 399
24287 1343
24288 1280
24289 915
24290 378
24291 1118
24292 1950
24293 338
24294 2322
24295 2016
24296 1222
24297 1936
24298 500
24299 593
24300 915
24301 1368
24302 561
24303 1975
24304 12
24305 1451
24306 519
24307 1097
24308 1876
24309 1945
24310 1717
24311 648
24312 280
24313 1157
24314 419
24315 891
24316 1245
24317 2012
24318 2322
24319 2223
24320 372
24321 601
24322 1417
24323 873
24324 467
24325 489
24326 838
24327 1764
24328 1299
24329 1280
24330 455
24331 1384
24332 1456
24333 1639
24334 1304
24335 796
24336 1514
24337 1097
24338 990
24339 1771
24340 684
24341 416
24342 147
24343 833
24344 1556
24345 1771
24346 1787
24347 1546
24348 2035
24349 751
24350 1408
24351 741
24352 1957
24353 1080
24354 796
24355 549
24356 1090
24357 1008
24358 636
24359 1084
24360 935
24361 1708
24362 338
24363 114
24364 1667
24365 2206
24366 1667
24367 1990
24368 316
24369 1640
24370 0
24371 616
24372 1410
24373 1764
24374 1608
24375 1962
24376 396
24377 1020
24378 435
24379 376
24380 2044
24381 48
24382 232
24383 2204
24384 1214
24385 1059
24386 559
24387 648
24388 338
24389 425
24390 2111
24391 2117
24392 717
24393 1117
24394 1157
24395 796
24396 644
24397 896
24398 2032
24399 1853
24400 1065
24401 1832
24402 539
24403 2073
24404 2086
24405 2026
24406 425
24407 2030
24408 994
24409 648
24410 2097
24411 973
24412 1030
24413 2018
24414 82
24415 1129
24416 299
24417 1293
24418 2170
24419 1782
24420 708
24421 2219
24422 1456
24423 391
24424 1066
24425 116
24426 89
24427 1117
24428 2283
24429 1843
24430 1525
24431 1427
24432 1624
24433 247
24434 1024
24435 2322
24436 777
24437 692
24438 648
24439 2119
24440 1901
24441 1071
24442 1855
24443 540
24444 925
24445 1352
24446 1924
24447 1597
24448 1157
24449 90
24450 1210
24451 677
24452 317
24453 1070
24454 2191
24455 926
24456 1017
24457 721
24458 726
24459 860
24460 1233
24461 243
24462 523
24463 1942
24464 1353
24465 2091
24466 2116
24467 12
24468 1667
24469 1233
24470 2302
24471 723
24472 1765
24473 268
24474 626
24475 590
24476 224
24477 2155
24478 80
24479 416
24480 2322
24481 1413
24482 338
24483 1296
24484 263
24485 870
24486 2030
24487 475
24488 1708
24489 1697
24490 947
24491 1233
24492 2218
24493 2225
24494 89
24495 169
24496 1214
24497 896
24498 520
24499 11
24500 461
24501 522
24502 1418
24503 1594
24504 931
24505 1366
24506 860
24507 224
24508 1134
24509 48
24510 885
24511 1830
24512 2096
24513 203
24514 1824
24515 932
24516 1124
24517 3
24518 316
24519 1398
24520 617
24521 1016
24522 1875
24523 0
24524 541
24525 626
24526 1972
24527 338
24528 488
24529 1887
24530 500
24531 1456
24532 338
24533 671
24534 1769
24535 751
24536 679
24537 981
24538 1379
24539 1693
24540 2098
24541 912
24542 2220
24543 2170
24544 1478
24545 1135
24546 968
24547 1501
24548 258
24549 1407
24550 1240
24551 1097
24552 2322
24553 1352
24554 2134
24555 1124
24556 280
24557 2322
24558 11
24559 1097
24560 2156
24561 764
24562 246
24563 1716
24564 801
24565 541
24566 1482
24567 456
24568 224
24569 247
24570 234
24571 1421
24572 1921
24573 1562
24574 737
24575 1555
24576 1480
24577 11
24578 1333
24579 2098
24580 552
24581 692
24582 1730
24583 1543
24584 1598
24585 1597
24586 1006
24587 1374
24588 1534
24589 1257
24590 1911
24591 339
24592 932
24593 1035
24594 1339
24595 1456
24596 922
24597 825
24598 901
24599 1034
24600 1431
24601 1837
24602 1053
24603 932
24604 612
24605 1500
24606 270
24607 677
24608 89
24609 1558
24610 593
24611 134
24612 1694
24613 701
24614 967
24615 1121
24616 1551
24617 1513
24618 1378
24619 1145
24620 1370
24621 1430
24622 1240
24623 1712
24624 48
24625 684
24626 1619
24627 1663
24628 1360
24629 1713
24630 452
24631 1972
24632 1391
24633 2255
24634 1456
24635 815
24636 721
24637 679
24638 1265
24639 11
24640 2322
24641 2048
24642 1887
24643 2103
24644 1717
24645 1725
24646 1376
24647 1413
24648 1127
24649 1339
24650 2175
24651 1409
24652 2143
24653 833
24654 1456
24655 1667
24656 452
24657 774
24658 1674
24659 1324
24660 205
24661 425
24662 2322
24663 1963
24664 1222
24665 611
24666 1866
24667 1364
24668 1094
24669 2035
24670 1919
24671 1977
24672 316
24673 2048
24674 1070
24675 503
24676 650
24677 2120
24678 532
24679 2087
24680 1456
24681 1103
24682 1771
24683 1338
24684 117
24685 770
24686 1801
24687 11
24688 434
24689 1600
24690 1214
24691 316
24692 1620
24693 2322
24694 389
24695 971
24696 673
24697 2035
24698 508
24699 1332
24700 158
24701 1260
24702 2164
24703 544
24704 243
24705 617
24706 1804
24707 489
24708 824
24709 1240
24710 1474
24711 425
24712 896
24713 339
24714 1157
24715 2081
24716 2140
24717 635
24718 56
24719 170
24720 2252
24721 1046
24722 1667
24723 1599
24724 2035
24725 1937
24726 1008
24727 2064
24728 2189
24729 2016
24730 737
24731 391
24732 1488
24733 833
24734 546
24735 2091
24736 425
24737 921
24738 1726
24739 2096
24740 148
24741 1858
24742 1859
24743 89
24744 757
24745 251
24746 940
24747 112
24748 1456
24749 5
24750 2256
24751 1993
24752 447
24753 369
24754 1223
24755 764
24756 2011
24757 721
24758 1200
24759 1864
24760 11
24761 1915
24762 1190
24763 185
24764 1217
24765 737
24766 280
24767 752
24768 485
24769 117
24770 396
24771 339
24772 1397
24773 1866
24774 1292
24775 2314
24776 2158
24777 1642
24778 572
24779 1436
24780 1157
24781 1511
24782 896
24783 503
24784 1771
24785 1782
24786 1918
24787 812
24788 1639
24789 1667
24790 135
24791 2322
24792 1180
24793 541
24794 775
24795 1771
24796 830
24797 1116
24798 2160
24799 1697
24800 1013
24801 770
24802 1349
24803 599
24804 1105
24805 1509
24806 420
24807 1717
24808 907
24809 885
24810 1309
24811 354
24812 2071
24813 1222
24814 185
24815 723
24816 892
24817 1456
24818 2237
24819 508
24820 2127
24821 1139
24822 2280
24823 534
24824 572
24825 1065
24826 316
24827 1278
24828 684
24829 399
24830 1157
24831 11
24832 1913
24833 1413
24834 1233
24835 686
24836 425
24837 1848
24838 1409
24839 833
24840 1802
24841 1728
24842 1847
24843 176
24844 1771
24845 1068
24846 1864
24847 1980
24848 500
24849 1090
24850 485
24851 472
24852 1017
24853 1240
24854 77
24855 737
24856 1863
24857 1112
24858 968
24859 1728
24860 915
24861 1594
24862 1932
24863 1851
24864 224
24865 1223
24866 1284
24867 2035
24868 777
24869 1674
24870 1514
24871 904
24872 723
24873 1391
24874 825
24875 1139
24876 11
24877 316
24878 79
24879 603
24880 89
24881 2217
24882 1385
24883 1732
24884 0
24885 2249
24886 2322
24887 1511
24888 1820
24889 522
24890 1452
24891 1188
24892 339
24893 209
24894 48
24895 1771
24896 1127
24897 1243
24898 1913
24899 2140
24900 316
24901 461
24902 2089
24903 1329
24904 787
24905 2227
24906 674
24907 1918
24908 764
24909 1286
24910 1121
24911 472
24912 1135
24913 316
24914 2300
24915 1134
24916 441
24917 667
24918 2031
24919 235
24920 1626
24921 1601
24922 1052
24923 1866
24924 1482
24925 932
24926 1851
24927 1157
24928 89
24929 316
24930 1894
24931 1972
24932 1961
24933 1090
24934 1197
24935 1440
24936 1034
24937 1385
24938 1008
24939 1409
24940 700
24941 988
24942 2032
24943 1866
24944 796
24945 294
24946 1594
24947 1178
24948 543
24949 932
24950 2057
24951 1260
24952 1635
24953 2105
24954 2205
24955 1478
24956 306
24957 1194
24958 339
24959 601
24960 1375
24961 471
24962 1862
24963 601
24964 601
24965 796
24966 11
24967 2288
24968 1291
24969 983
24970 77
24971 89
24972 1271
24973 2287
24974 1332
24975 1008
24976 1131
24977 965
24978 2245
24979 2077
24980 1667
24981 2117
24982 1223
24983 503
24984 89
24985 600
24986 117
24987 1840
24988 84
24989 1112
24990 271
24991 1310
24992 87
24993 176
24994 391
24995 1867
24996 1097
24997 121
24998 1804
24999 1368
