30000 365
30001 365
30002 379
30003 379
30004 379
30005 379
30006 94
30007 148
30008 87
30009 92
30010 391
30011 391
30012 127
30013 277
30014 277
30015 344
30016 306
30017 307
30018 306
30019 306
30020 47
30021 47
30022 246
30023 408
30024 37
30025 408
30026 317
30027 75
30028 75
30029 329
30030 75
30031 321
30032 321
30033 426
30034 414
30035 426
30036 38
30037 74
30038 74
30039 126
30040 126
30041 329
30042 169
30043 75
30044 59
30045 60
30046 413
30047 392
30048 392
30049 392
30050 392
30051 71
30052 71
30053 241
30054 268
30055 332
30056 332
30057 332
30058 332
30059 296
30060 415
30061 296
30062 193
30063 422
30064 344
30065 422
30066 422
30067 83
30068 230
30069 230
30070 230
30071 393
30072 393
30073 283
30074 393
30075 393
30076 393
30077 74
30078 272
30079 39
30080 315
30081 315
30082 274
30083 274
30084 274
30085 260
30086 317
30087 317
30088 380
30089 216
30090 216
30091 264
30092 221
30093 167
30094 167
30095 369
30096 369
30097 341
30098 107
30099 290
30100 219
30101 266
30102 254
30103 43
30104 47
30105 105
30106 105
30107 105
30108 206
30109 206
30110 36
30111 62
30112 184
30113 184
30114 66
30115 66
30116 66
30117 306
30118 306
30119 157
30120 76
30121 76
30122 69
30123 69
30124 276
30125 287
30126 419
30127 221
30128 221
30129 221
30130 221
30131 345
30132 345
30133 146
30134 170
30135 106
30136 106
30137 127
30138 209
30139 126
30140 126
30141 61
30142 65
30143 91
30144 259
30145 259
30146 259
30147 184
30148 112
30149 265
30150 265
30151 265
30152 265
30153 23
30154 269
30155 269
30156 312
30157 255
30158 312
30159 312
30160 380
30161 92
30162 92
30163 257
30164 257
30165 257
30166 234
30167 142
30168 231
30169 231
30170 102
30171 102
30172 240
30173 240
30174 293
30175 374
30176 350
30177 350
30178 424
30179 253
30180 297
30181 297
30182 297
30183 210
30184 210
30185 421
30186 317
30187 107
30188 38
30189 38
30190 240
30191 240
30192 198
30193 304
30194 185
30195 185
30196 185
30197 187
30198 187
30199 274
30200 274
30201 292
30202 274
30203 325
30204 351
30205 325
30206 377
30207 325
30208 22
30209 22
30210 22
30211 327
30212 351
30213 351
30214 351
30215 351
30216 263
30217 263
30218 102
30219 102
30220 102
30221 221
30222 362
30223 98
30224 98
30225 98
30226 272
30227 272
30228 371
30229 393
30230 87
30231 163
30232 163
30233 279
30234 279
30235 54
30236 54
30237 396
30238 279
30239 250
30240 250
30241 250
30242 250
30243 147
30244 134
30245 173
30246 167
30247 173
30248 173
30249 376
30250 302
30251 302
30252 347
30253 288
30254 288
30255 288
30256 231
30257 307
30258 125
30259 310
30260 336
30261 310
30262 310
30263 329
30264 150
30265 150
30266 150
30267 150
30268 107
30269 107
30270 258
30271 258
30272 258
30273 219
30274 219
30275 108
30276 183
30277 112
30278 183
30279 183
30280 183
30281 120
30282 112
30283 247
30284 247
30285 247
30286 374
30287 388
30288 374
30289 374
30290 326
30291 155
30292 155
30293 155
30294 178
30295 178
30296 250
30297 250
30298 329
30299 385
30300 225
30301 225
30302 185
30303 132
30304 185
30305 185
30306 144
30307 335
30308 335
30309 337
30310 369
30311 369
30312 335
30313 380
30314 380
30315 380
30316 138
30317 44
30318 283
30319 283
30320 329
30321 363
30322 50
30323 333
30324 333
30325 333
30326 94
30327 279
30328 279
30329 78
30330 246
30331 249
30332 240
30333 256
30334 109
30335 109
30336 105
30337 334
30338 326
30339 194
30340 105
30341 264
30342 264
30343 320
30344 409
30345 297
30346 297
30347 297
30348 189
30349 189
30350 194
30351 189
30352 228
30353 399
30354 74
30355 138
30356 138
30357 138
30358 138
30359 138
30360 138
30361 140
30362 140
30363 140
30364 146
30365 140
30366 140
30367 81
30368 141
30369 275
30370 329
30371 329
30372 239
30373 329
30374 239
30375 71
30376 71
30377 103
30378 103
30379 104
30380 192
30381 241
30382 87
30383 241
30384 124
30385 124
30386 124
30387 367
30388 367
30389 262
30390 262
30391 148
30392 247
30393 247
30394 73
30395 107
30396 287
30397 66
30398 66
30399 235
30400 381
30401 381
30402 77
30403 280
30404 280
30405 170
30406 170
30407 400
30408 400
30409 400
30410 423
30411 211
30412 273
30413 220
30414 267
30415 203
30416 219
30417 203
30418 67
30419 84
30420 174
30421 67
30422 166
30423 166
30424 190
30425 290
30426 61
30427 384
30428 279
30429 267
30430 279
30431 251
30432 381
30433 68
30434 68
30435 68
30436 68
30437 68
30438 147
30439 147
30440 39
30441 428
30442 213
30443 213
30444 214
30445 307
30446 397
30447 397
30448 234
30449 272
30450 272
30451 272
30452 285
30453 222
30454 290
30455 301
30456 301
30457 301
30458 77
30459 409
30460 411
30461 409
30462 316
30463 206
30464 206
30465 311
30466 311
30467 311
30468 311
30469 428
30470 92
30471 92
30472 124
30473 249
30474 31
30475 239
30476 239
30477 239
30478 262
30479 262
30480 156
30481 42
30482 207
30483 207
30484 207
30485 207
30486 207
30487 16
30488 16
30489 355
30490 355
30491 174
30492 174
30493 119
30494 119
30495 119
30496 208
30497 388
30498 129
30499 129
30500 332
30501 364
30502 332
30503 332
30504 271
30505 137
30506 359
30507 359
30508 236
30509 405
30510 155
30511 323
30512 264
30513 264
30514 389
30515 389
30516 28
30517 29
30518 28
30519 184
30520 184
30521 37
30522 184
30523 407
30524 120
30525 310
30526 271
30527 271
30528 316
30529 316
30530 316
30531 227
30532 227
30533 389
30534 227
30535 227
30536 59
30537 59
30538 143
30539 143
30540 396
30541 396
30542 297
30543 94
30544 311
30545 311
30546 311
30547 314
30548 290
30549 307
30550 307
30551 307
30552 103
30553 103
30554 103
30555 114
30556 115
30557 130
30558 119
30559 348
30560 421
30561 99
30562 119
30563 182
30564 254
30565 254
30566 384
30567 405
30568 405
30569 113
30570 405
30571 269
30572 269
30573 168
30574 287
30575 315
30576 39
30577 418
30578 68
30579 68
30580 68
30581 353
30582 353
30583 15
30584 353
30585 414
30586 239
30587 239
30588 239
30589 239
30590 247
30591 123
30592 147
30593 145
30594 143
30595 333
30596 358
30597 358
30598 94
30599 19
30600 19
30601 19
30602 19
30603 295
30604 121
30605 69
30606 69
30607 69
30608 69
30609 72
30610 208
30611 75
30612 75
30613 141
30614 214
30615 214
30616 134
30617 134
30618 205
30619 271
30620 271
30621 198
30622 224
30623 224
30624 334
30625 296
30626 296
30627 281
30628 342
30629 342
30630 394
30631 394
30632 375
30633 144
30634 141
30635 248
30636 144
30637 47
30638 47
30639 47
30640 387
30641 387
30642 117
30643 117
30644 290
30645 282
30646 252
30647 177
30648 97
30649 33
30650 97
30651 105
30652 97
30653 97
30654 65
30655 242
30656 161
30657 100
30658 150
30659 150
30660 150
30661 293
30662 293
30663 277
30664 277
30665 277
30666 280
30667 275
30668 342
30669 106
30670 320
30671 352
30672 352
30673 138
30674 183
30675 248
30676 425
30677 425
30678 122
30679 122
30680 122
30681 90
30682 130
30683 156
30684 156
30685 156
30686 249
30687 249
30688 132
30689 132
30690 132
30691 81
30692 81
30693 26
30694 192
30695 192
30696 192
30697 192
30698 123
30699 122
30700 122
30701 385
30702 25
30703 427
30704 427
30705 389
30706 114
30707 88
30708 88
30709 88
30710 137
30711 137
30712 59
30713 59
30714 59
30715 162
30716 162
30717 236
30718 188
30719 393
30720 393
30721 86
30722 86
30723 138
30724 138
30725 138
30726 203
30727 203
30728 252
30729 314
30730 376
30731 242
30732 22
30733 335
30734 335
30735 130
30736 183
30737 183
30738 53
30739 326
30740 326
30741 307
30742 415
30743 415
30744 208
30745 208
30746 208
30747 271
30748 72
30749 271
30750 271
30751 62
30752 316
30753 392
30754 392
30755 400
30756 400
30757 95
30758 116
30759 116
30760 365
30761 365
30762 365
30763 376
30764 369
30765 383
30766 376
30767 248
30768 25
30769 25
30770 175
30771 299
30772 299
30773 165
30774 166
30775 165
30776 165
30777 165
30778 264
30779 264
30780 264
30781 264
30782 426
30783 195
30784 195
30785 248
30786 248
30787 261
30788 224
30789 224
30790 224
30791 277
30792 277
30793 277
30794 303
30795 364
30796 32
30797 32
30798 32
30799 33
30800 32
30801 189
30802 199
30803 83
30804 83
30805 345
30806 409
30807 409
30808 268
30809 268
30810 268
30811 268
30812 268
30813 377
30814 311
30815 311
30816 311
30817 311
30818 60
30819 320
30820 332
30821 374
30822 374
30823 34
30824 34
30825 187
30826 385
30827 385
30828 385
30829 385
30830 75
30831 72
30832 245
30833 245
30834 95
30835 95
30836 95
30837 95
30838 95
30839 248
30840 239
30841 239
30842 239
30843 75
30844 238
30845 208
30846 238
30847 385
30848 385
30849 385
30850 391
30851 267
30852 150
30853 150
30854 94
30855 94
30856 218
30857 216
30858 323
30859 341
30860 341
30861 314
30862 339
30863 271
30864 271
30865 195
30866 297
30867 297
30868 297
30869 297
30870 267
30871 193
30872 193
30873 52
30874 390
30875 390
30876 25
30877 390
30878 395
30879 395
30880 121
30881 120
30882 121
30883 236
30884 236
30885 254
30886 310
30887 132
30888 132
30889 132
30890 157
30891 157
30892 235
30893 219
30894 219
30895 219
30896 219
30897 219
30898 400
30899 400
30900 291
30901 291
30902 308
30903 131
30904 308
30905 106
30906 106
30907 366
30908 366
30909 340
30910 340
30911 257
30912 87
30913 33
30914 235
30915 281
30916 235
30917 184
30918 184
30919 82
30920 82
30921 82
30922 244
30923 223
30924 426
30925 217
30926 426
30927 207
30928 401
30929 396
30930 270
30931 197
30932 343
30933 343
30934 391
30935 114
30936 36
30937 36
30938 36
30939 401
30940 88
30941 278
30942 278
30943 278
30944 91
30945 162
30946 162
30947 219
30948 222
30949 219
30950 302
30951 219
30952 219
30953 222
30954 263
30955 225
30956 225
30957 225
30958 330
30959 51
30960 162
30961 162
30962 162
30963 34
30964 301
30965 301
30966 59
30967 131
30968 46
30969 61
30970 61
30971 32
30972 32
30973 33
30974 143
30975 143
30976 145
30977 254
30978 254
30979 254
30980 204
30981 204
30982 204
30983 211
30984 211
30985 211
30986 35
30987 35
30988 334
30989 334
30990 334
30991 334
30992 348
30993 348
30994 293
30995 293
30996 398
30997 235
30998 51
30999 377
31000 177
31001 177
31002 177
31003 177
31004 302
31005 302
31006 181
31007 241
31008 226
31009 226
31010 226
31011 226
31012 226
31013 403
31014 178
31015 178
31016 287
31017 388
31018 275
31019 63
31020 63
31021 63
31022 265
31023 327
31024 327
31025 188
31026 235
31027 235
31028 91
31029 91
31030 91
31031 319
31032 319
31033 132
31034 132
31035 396
31036 138
31037 138
31038 138
31039 138
31040 156
31041 25
31042 276
31043 378
31044 121
31045 59
31046 242
31047 65
31048 65
31049 65
31050 254
31051 254
31052 254
31053 254
31054 254
31055 119
31056 234
31057 403
31058 260
31059 59
31060 352
31061 352
31062 352
31063 352
31064 78
31065 78
31066 310
31067 209
31068 380
31069 106
31070 257
31071 216
31072 308
31073 274
31074 246
31075 246
31076 31
31077 58
31078 58
31079 58
31080 58
31081 146
31082 262
31083 266
31084 31
31085 107
31086 107
31087 223
31088 223
31089 223
31090 240
31091 240
31092 266
31093 171
31094 171
31095 152
31096 152
31097 345
31098 345
31099 108
31100 314
31101 314
31102 420
31103 84
31104 84
31105 339
31106 339
31107 290
31108 333
31109 333
31110 333
31111 268
31112 33
31113 40
31114 176
31115 182
31116 176
31117 176
31118 182
31119 176
31120 317
31121 317
31122 90
31123 90
31124 20
31125 389
31126 389
31127 389
31128 389
31129 239
31130 239
31131 239
31132 91
31133 282
31134 375
31135 339
31136 339
31137 339
31138 339
31139 292
31140 367
31141 367
31142 367
31143 367
31144 221
31145 221
31146 168
31147 126
31148 126
31149 414
31150 106
31151 106
31152 85
31153 367
31154 128
31155 223
31156 223
31157 116
31158 317
31159 315
31160 315
31161 315
31162 319
31163 423
31164 187
31165 187
31166 187
31167 77
31168 77
31169 178
31170 178
31171 353
31172 353
31173 353
31174 244
31175 336
31176 244
31177 99
31178 99
31179 99
31180 333
31181 333
31182 333
31183 333
31184 417
31185 417
31186 15
31187 15
31188 40
31189 127
31190 221
31191 221
31192 221
31193 221
31194 317
31195 404
31196 346
31197 346
31198 346
31199 420
31200 241
31201 241
31202 322
31203 322
31204 322
31205 322
31206 86
31207 91
31208 91
31209 368
31210 102
31211 177
31212 177
31213 177
31214 218
31215 218
31216 218
31217 218
31218 212
31219 212
31220 61
31221 61
31222 204
31223 204
31224 204
31225 204
31226 204
31227 173
31228 197
31229 197
31230 77
31231 77
31232 341
31233 341
31234 371
31235 371
31236 302
31237 319
31238 302
31239 302
31240 302
31241 82
31242 82
31243 151
31244 82
31245 82
31246 187
31247 424
31248 187
31249 62
31250 62
31251 366
31252 366
31253 366
31254 366
31255 91
31256 179
31257 91
31258 281
31259 357
31260 150
31261 416
31262 285
31263 285
31264 44
31265 44
31266 35
31267 60
31268 60
31269 372
31270 223
31271 288
31272 223
31273 211
31274 92
31275 92
31276 164
31277 164
31278 40
31279 87
31280 112
31281 112
31282 416
31283 72
31284 72
31285 331
31286 406
31287 406
31288 406
31289 406
31290 255
31291 131
31292 255
31293 237
31294 237
31295 235
31296 313
31297 313
31298 313
31299 65
31300 65
31301 26
31302 26
31303 346
31304 346
31305 346
31306 109
31307 109
31308 109
31309 225
31310 174
31311 346
31312 346
31313 346
31314 346
31315 346
31316 248
31317 267
31318 76
31319 76
31320 120
31321 53
31322 337
31323 337
31324 310
31325 394
31326 394
31327 237
31328 237
31329 237
31330 237
31331 84
31332 13
31333 86
31334 84
31335 236
31336 155
31337 40
31338 253
31339 253
31340 323
31341 253
31342 170
31343 170
31344 76
31345 338
31346 96
31347 338
31348 378
31349 381
31350 378
31351 163
31352 163
31353 165
31354 292
31355 282
31356 292
31357 323
31358 262
31359 262
31360 108
31361 62
31362 184
31363 184
31364 179
31365 53
31366 426
31367 398
31368 109
31369 109
31370 343
31371 109
31372 389
31373 369
31374 389
31375 127
31376 186
31377 186
31378 169
31379 169
31380 174
31381 96
31382 96
31383 179
31384 179
31385 47
31386 280
31387 204
31388 204
31389 204
31390 409
31391 409
31392 409
31393 139
31394 139
31395 139
31396 79
31397 79
31398 79
31399 79
31400 47
31401 47
31402 358
31403 358
31404 343
31405 343
31406 343
31407 332
31408 260
31409 260
31410 260
31411 126
31412 126
31413 252
31414 139
31415 139
31416 139
31417 139
31418 139
31419 139
31420 181
31421 95
31422 181
31423 181
31424 261
31425 274
31426 274
31427 334
31428 334
31429 120
31430 332
31431 332
31432 402
31433 111
31434 111
31435 111
31436 278
31437 278
31438 351
31439 422
31440 351
31441 146
31442 146
31443 197
31444 124
31445 124
31446 124
31447 165
31448 137
31449 165
31450 165
31451 428
31452 428
31453 177
31454 177
31455 177
31456 138
31457 138
31458 166
31459 166
31460 40
31461 245
31462 323
31463 407
31464 37
31465 45
31466 12
31467 382
31468 382
31469 382
31470 402
31471 376
31472 376
31473 101
31474 101
31475 211
31476 211
31477 244
31478 244
31479 255
31480 40
31481 242
31482 130
31483 130
31484 320
31485 345
31486 219
31487 225
31488 219
31489 329
31490 329
31491 329
31492 180
31493 180
31494 199
31495 180
31496 180
31497 180
31498 333
31499 333
31500 333
31501 333
31502 333
31503 377
31504 101
31505 59
31506 59
31507 107
31508 51
31509 141
31510 45
31511 45
31512 178
31513 65
31514 241
31515 241
31516 227
31517 420
31518 420
31519 420
31520 49
31521 49
31522 49
31523 49
31524 182
31525 182
31526 157
31527 93
31528 93
31529 299
31530 171
31531 283
31532 283
31533 207
31534 264
31535 264
31536 264
31537 264
31538 141
31539 133
31540 261
31541 261
31542 261
31543 147
31544 147
31545 147
31546 147
31547 378
31548 378
31549 378
31550 417
31551 169
31552 169
31553 169
31554 298
31555 225
31556 225
31557 225
31558 225
31559 225
31560 193
31561 193
31562 193
31563 50
31564 264
31565 264
31566 264
31567 80
31568 9
31569 307
31570 171
31571 171
31572 123
31573 123
31574 405
31575 405
31576 187
31577 187
31578 235
31579 235
31580 235
31581 235
31582 89
31583 89
31584 265
31585 265
31586 70
31587 116
31588 116
31589 116
31590 118
31591 131
31592 231
31593 231
31594 231
31595 68
31596 68
31597 22
31598 259
31599 259
31600 350
31601 346
31602 346
31603 35
31604 247
31605 247
31606 332
31607 332
31608 205
31609 205
31610 110
31611 383
31612 383
31613 383
31614 383
31615 383
31616 29
31617 29
31618 32
31619 29
31620 150
31621 150
31622 310
31623 219
31624 222
31625 220
31626 21
31627 21
31628 172
31629 319
31630 319
31631 397
31632 232
31633 232
31634 232
31635 342
31636 135
31637 135
31638 135
31639 135
31640 135
31641 135
31642 194
31643 279
31644 389
31645 389
31646 62
31647 62
31648 224
31649 165
31650 224
31651 383
31652 334
31653 420
31654 334
31655 222
31656 264
31657 264
31658 264
31659 264
31660 264
31661 264
31662 220
31663 382
31664 241
31665 405
31666 405
31667 405
31668 274
31669 274
31670 274
31671 276
31672 50
31673 58
31674 147
31675 147
31676 418
31677 418
31678 406
31679 427
31680 406
31681 418
31682 105
31683 105
31684 273
31685 273
31686 273
31687 273
31688 273
31689 151
31690 314
31691 422
31692 28
31693 81
31694 85
31695 81
31696 81
31697 188
31698 384
31699 384
31700 168
31701 301
31702 93
31703 93
31704 93
31705 121
31706 106
31707 106
31708 166
31709 85
31710 36
31711 36
31712 153
31713 179
31714 179
31715 294
31716 322
31717 322
31718 402
31719 402
31720 402
31721 340
31722 340
31723 340
31724 340
31725 258
31726 149
31727 402
31728 402
31729 315
31730 315
31731 315
31732 414
31733 414
31734 414
31735 63
31736 63
31737 197
31738 197
31739 92
31740 225
31741 148
31742 225
31743 116
31744 116
31745 116
31746 113
31747 381
31748 381
31749 96
31750 183
31751 183
31752 247
31753 385
31754 385
31755 184
31756 184
31757 174
31758 137
31759 326
31760 314
31761 280
31762 280
31763 280
31764 199
31765 118
31766 105
31767 105
31768 140
31769 285
31770 285
31771 341
31772 341
31773 406
31774 422
31775 422
31776 18
31777 187
31778 187
31779 187
31780 302
31781 302
31782 297
31783 275
31784 206
31785 187
31786 128
31787 322
31788 322
31789 125
31790 125
31791 397
31792 141
31793 296
31794 295
31795 182
31796 379
31797 246
31798 277
31799 277
31800 171
31801 171
31802 171
31803 223
31804 262
31805 262
31806 156
31807 156
31808 156
31809 24
31810 361
31811 147
31812 147
31813 106
31814 246
31815 246
31816 246
31817 246
31818 132
31819 132
31820 132
31821 165
31822 405
31823 405
31824 405
31825 406
31826 406
31827 406
31828 55
31829 55
31830 109
31831 81
31832 207
31833 238
31834 238
31835 238
31836 238
31837 269
31838 100
31839 287
31840 180
31841 147
31842 147
31843 147
31844 145
31845 145
31846 154
31847 84
31848 227
31849 227
31850 218
31851 219
31852 219
31853 133
31854 133
31855 152
31856 152
31857 152
31858 176
31859 176
31860 176
31861 127
31862 127
31863 266
31864 394
31865 164
31866 164
31867 164
31868 128
31869 382
31870 61
31871 61
31872 403
31873 397
31874 403
31875 276
31876 276
31877 118
31878 118
31879 145
31880 145
31881 97
31882 97
31883 97
31884 253
31885 373
31886 373
31887 373
31888 373
31889 373
31890 141
31891 201
31892 250
31893 250
31894 75
31895 75
31896 75
31897 199
31898 199
31899 194
31900 330
31901 421
31902 249
31903 325
31904 325
31905 260
31906 327
31907 33
31908 23
31909 23
31910 23
31911 374
31912 374
31913 220
31914 152
31915 152
31916 130
31917 130
31918 130
31919 62
31920 62
31921 62
31922 62
31923 172
31924 172
31925 227
31926 138
31927 138
31928 413
31929 396
31930 60
31931 226
31932 226
31933 228
31934 317
31935 317
31936 77
31937 77
31938 153
31939 132
31940 42
31941 390
31942 42
31943 25
31944 390
31945 389
31946 174
31947 52
31948 118
31949 118
31950 118
31951 201
31952 201
31953 100
31954 333
31955 333
31956 275
31957 267
31958 267
31959 47
31960 132
31961 113
31962 113
31963 422
31964 422
31965 67
31966 67
31967 410
31968 250
31969 250
31970 88
31971 108
31972 331
31973 331
31974 381
31975 118
31976 145
31977 145
31978 53
31979 26
31980 126
31981 280
31982 280
31983 280
31984 285
31985 74
31986 287
31987 287
31988 287
31989 416
31990 158
31991 219
31992 219
31993 33
31994 49
31995 49
31996 49
31997 69
31998 69
31999 65
32000 77
32001 129
32002 77
32003 79
32004 127
32005 173
32006 130
32007 71
32008 112
32009 112
32010 112
32011 112
32012 112
32013 407
32014 329
32015 329
32016 64
32017 64
32018 64
32019 326
32020 326
32021 326
32022 269
32023 328
32024 314
32025 397
32026 373
32027 349
32028 198
32029 382
32030 201
32031 201
32032 300
32033 300
32034 300
32035 85
32036 89
32037 85
32038 85
32039 232
32040 233
32041 37
32042 37
32043 43
32044 43
32045 43
32046 27
32047 27
32048 27
32049 352
32050 41
32051 347
32052 347
32053 348
32054 347
32055 281
32056 60
32057 60
32058 60
32059 146
32060 336
32061 336
32062 42
32063 42
32064 235
32065 246
32066 246
32067 134
32068 299
32069 368
32070 231
32071 231
32072 51
32073 51
32074 325
32075 325
32076 86
32077 328
32078 396
32079 177
32080 299
32081 177
32082 71
32083 260
32084 389
32085 389
32086 296
32087 421
32088 266
32089 26
32090 227
32091 227
32092 390
32093 414
32094 415
32095 414
32096 415
32097 414
32098 418
32099 42
32100 42
32101 271
32102 271
32103 271
32104 224
32105 214
32106 402
32107 58
32108 344
32109 375
32110 256
32111 293
32112 94
32113 413
32114 237
32115 237
32116 362
32117 161
32118 362
32119 299
32120 340
32121 23
32122 64
32123 64
32124 364
32125 265
32126 314
32127 314
32128 314
32129 295
32130 309
32131 200
32132 309
32133 34
32134 34
32135 211
32136 64
32137 142
32138 142
32139 182
32140 182
32141 93
32142 34
32143 34
32144 211
32145 211
32146 311
32147 160
32148 398
32149 398
32150 398
32151 24
32152 24
32153 393
32154 393
32155 393
32156 196
32157 196
32158 400
32159 400
32160 400
32161 49
32162 79
32163 79
32164 205
32165 205
32166 301
32167 265
32168 403
32169 70
32170 403
32171 416
32172 98
32173 98
32174 188
32175 188
32176 328
32177 328
32178 268
32179 268
32180 113
32181 382
32182 368
32183 314
32184 314
32185 314
32186 425
32187 340
32188 276
32189 232
32190 232
32191 183
32192 232
32193 232
32194 164
32195 164
32196 164
32197 155
32198 25
32199 280
32200 280
32201 208
32202 174
32203 168
32204 168
32205 168
32206 377
32207 186
32208 186
32209 186
32210 272
32211 272
32212 361
32213 361
32214 361
32215 9
32216 361
32217 406
32218 408
32219 406
32220 406
32221 382
32222 327
32223 205
32224 205
32225 205
32226 355
32227 278
32228 278
32229 278
32230 245
32231 245
32232 373
32233 373
32234 373
32235 373
32236 367
32237 367
32238 99
32239 367
32240 367
32241 410
32242 415
32243 362
32244 36
32245 40
32246 189
32247 189
32248 384
32249 155
32250 278
32251 276
32252 276
32253 276
32254 354
32255 354
32256 354
32257 53
32258 217
32259 58
32260 58
32261 352
32262 352
32263 296
32264 296
32265 296
32266 66
32267 66
32268 66
32269 121
32270 121
32271 121
32272 418
32273 418
32274 137
32275 318
32276 311
32277 318
32278 383
32279 318
32280 289
32281 185
32282 185
32283 185
32284 337
32285 195
32286 84
32287 224
32288 224
32289 224
32290 290
32291 290
32292 342
32293 97
32294 273
32295 273
32296 290
32297 290
32298 237
32299 237
32300 237
32301 252
32302 75
32303 228
32304 228
32305 91
32306 91
32307 91
32308 181
32309 181
32310 377
32311 342
32312 67
32313 22
32314 22
32315 112
32316 112
32317 112
32318 154
32319 352
32320 352
32321 352
32322 163
32323 163
32324 163
32325 96
32326 96
32327 96
32328 319
32329 319
32330 95
32331 94
32332 310
32333 28
32334 422
32335 302
32336 195
32337 195
32338 195
32339 33
32340 78
32341 416
32342 416
32343 416
32344 145
32345 145
32346 145
32347 409
32348 409
32349 409
32350 409
32351 283
32352 283
32353 316
32354 78
32355 407
32356 407
32357 407
32358 407
32359 68
32360 68
32361 231
32362 253
32363 231
32364 168
32365 137
32366 137
32367 310
32368 195
32369 195
32370 195
32371 195
32372 269
32373 271
32374 271
32375 271
32376 64
32377 309
32378 309
32379 395
32380 410
32381 296
32382 209
32383 270
32384 270
32385 270
32386 270
32387 188
32388 246
32389 46
32390 378
32391 378
32392 324
32393 324
32394 324
32395 131
32396 58
32397 58
32398 83
32399 83
32400 83
32401 268
32402 249
32403 269
32404 51
32405 232
32406 232
32407 232
32408 232
32409 417
32410 318
32411 318
32412 241
32413 241
32414 296
32415 123
32416 296
32417 53
32418 169
32419 169
32420 169
32421 169
32422 349
32423 45
32424 386
32425 386
32426 138
32427 248
32428 31
32429 311
32430 311
32431 311
32432 311
32433 132
32434 132
32435 111
32436 247
32437 298
32438 298
32439 298
32440 298
32441 254
32442 216
32443 216
32444 216
32445 260
32446 56
32447 56
32448 178
32449 178
32450 385
32451 385
32452 27
32453 27
32454 27
32455 362
32456 362
32457 413
32458 413
32459 372
32460 372
32461 163
32462 163
32463 162
32464 164
32465 301
32466 404
32467 167
32468 167
32469 167
32470 167
32471 167
32472 275
32473 276
32474 275
32475 60
32476 205
32477 205
32478 205
32479 205
32480 383
32481 383
32482 243
32483 263
32484 243
32485 397
32486 341
32487 341
32488 307
32489 307
32490 307
32491 352
32492 352
32493 72
32494 116
32495 116
32496 53
32497 90
32498 402
32499 171
32500 171
32501 171
32502 424
32503 424
32504 424
32505 241
32506 423
32507 423
32508 294
32509 294
32510 294
32511 294
32512 230
32513 230
32514 230
32515 283
32516 372
32517 372
32518 333
32519 333
32520 304
32521 33
32522 33
32523 33
32524 167
32525 193
32526 292
32527 292
32528 185
32529 185
32530 339
32531 339
32532 339
32533 219
32534 298
32535 298
32536 317
32537 40
32538 169
32539 169
32540 169
32541 169
32542 169
32543 51
32544 51
32545 213
32546 32
32547 34
32548 34
32549 416
32550 385
32551 141
32552 141
32553 141
32554 141
32555 395
32556 395
32557 395
32558 69
32559 69
32560 69
32561 324
32562 324
32563 324
32564 346
32565 346
32566 163
32567 163
32568 163
32569 176
32570 176
32571 376
32572 176
32573 176
32574 176
32575 406
32576 408
32577 406
32578 407
32579 406
32580 406
32581 406
32582 420
32583 406
32584 406
32585 56
32586 56
32587 50
32588 244
32589 178
32590 369
32591 178
32592 369
32593 415
32594 356
32595 392
32596 415
32597 415
32598 160
32599 160
32600 175
32601 322
32602 265
32603 322
32604 298
32605 298
32606 298
32607 298
32608 194
32609 35
32610 40
32611 393
32612 393
32613 393
32614 390
32615 303
32616 305
32617 424
32618 305
32619 305
32620 305
32621 305
32622 425
32623 60
32624 75
32625 72
32626 283
32627 75
32628 242
32629 396
32630 280
32631 280
32632 280
32633 280
32634 280
32635 281
32636 281
32637 189
32638 189
32639 301
32640 121
32641 393
32642 393
32643 393
32644 393
32645 208
32646 208
32647 291
32648 291
32649 102
32650 102
32651 307
32652 407
32653 207
32654 207
32655 66
32656 306
32657 104
32658 104
32659 104
32660 35
32661 35
32662 415
32663 415
32664 152
32665 209
32666 152
32667 43
32668 366
32669 172
32670 172
32671 178
32672 178
32673 199
32674 207
32675 406
32676 406
32677 406
32678 253
32679 253
32680 367
32681 367
32682 127
32683 253
32684 253
32685 151
32686 151
32687 300
32688 300
32689 140
32690 140
32691 167
32692 167
32693 167
32694 269
32695 91
32696 131
32697 243
32698 245
32699 153
32700 153
32701 345
32702 345
32703 345
32704 301
32705 345
32706 119
32707 119
32708 282
32709 262
32710 263
32711 400
32712 299
32713 270
32714 299
32715 390
32716 299
32717 299
32718 299
32719 335
32720 335
32721 303
32722 335
32723 206
32724 206
32725 330
32726 395
32727 290
32728 268
32729 268
32730 352
32731 352
32732 352
32733 356
32734 352
32735 76
32736 76
32737 76
32738 87
32739 100
32740 272
32741 92
32742 272
32743 407
32744 407
32745 94
32746 134
32747 259
32748 259
32749 287
32750 287
32751 287
32752 145
32753 375
32754 378
32755 378
32756 378
32757 378
32758 378
32759 378
32760 125
32761 360
32762 223
32763 204
32764 204
32765 158
32766 158
32767 160
32768 88
32769 88
32770 88
32771 104
32772 104
32773 104
32774 161
32775 27
32776 27
32777 27
32778 200
32779 200
32780 200
32781 40
32782 40
32783 372
32784 415
32785 418
32786 401
32787 182
32788 401
32789 178
32790 351
32791 189
32792 283
32793 283
32794 59
32795 28
32796 377
32797 188
32798 188
32799 383
32800 349
32801 349
32802 349
32803 57
32804 57
32805 57
32806 47
32807 77
32808 91
32809 368
32810 51
32811 51
32812 193
32813 193
32814 193
32815 132
32816 132
32817 308
32818 308
32819 308
32820 308
32821 87
32822 111
32823 87
32824 83
32825 37
32826 404
32827 344
32828 344
32829 298
32830 298
32831 298
32832 298
32833 140
32834 226
32835 246
32836 186
32837 245
32838 288
32839 250
32840 250
32841 251
32842 250
32843 105
32844 105
32845 105
32846 107
32847 36
32848 356
32849 230
32850 427
32851 427
32852 427
32853 250
32854 250
32855 256
32856 251
32857 250
32858 134
32859 267
32860 267
32861 267
32862 267
32863 381
32864 381
32865 381
32866 381
32867 277
32868 384
32869 384
32870 403
32871 403
32872 403
32873 167
32874 162
32875 167
32876 167
32877 419
32878 419
32879 310
32880 407
32881 407
32882 379
32883 379
32884 379
32885 261
32886 190
32887 190
32888 85
32889 85
32890 85
32891 85
32892 230
32893 230
32894 222
32895 56
32896 247
32897 247
32898 283
32899 262
32900 262
32901 211
32902 211
32903 46
32904 46
32905 46
32906 46
32907 162
32908 162
32909 77
32910 133
32911 133
32912 177
32913 177
32914 122
32915 122
32916 122
32917 35
32918 154
32919 41
32920 41
32921 41
32922 41
32923 251
32924 198
32925 101
32926 193
32927 193
32928 229
32929 229
32930 219
32931 219
32932 123
32933 123
32934 123
32935 123
32936 123
32937 41
32938 355
32939 419
32940 419
32941 419
32942 419
32943 419
32944 419
32945 419
32946 59
32947 59
32948 66
32949 59
32950 197
32951 251
32952 197
32953 363
32954 53
32955 363
32956 264
32957 189
32958 144
32959 189
32960 30
32961 359
32962 30
32963 328
32964 328
32965 312
32966 140
32967 70
32968 70
32969 69
32970 69
32971 69
32972 69
32973 69
32974 69
32975 69
32976 157
32977 377
32978 377
32979 229
32980 302
32981 43
32982 416
32983 387
32984 387
32985 40
32986 400
32987 400
32988 310
32989 202
32990 135
32991 135
32992 135
32993 90
32994 269
32995 91
32996 63
32997 396
32998 358
32999 358
33000 358
33001 375
33002 352
33003 51
33004 51
33005 241
33006 241
33007 57
33008 125
33009 125
33010 85
33011 85
33012 413
33013 409
33014 101
33015 127
33016 330
33017 102
33018 94
33019 161
33020 161
33021 364
33022 364
33023 234
33024 234
33025 364
33026 142
33027 142
33028 145
33029 330
33030 414
33031 146
33032 146
33033 257
33034 257
33035 257
33036 257
33037 411
33038 135
33039 105
33040 105
33041 358
33042 358
33043 86
33044 86
33045 57
33046 57
33047 388
33048 388
33049 388
33050 344
33051 344
33052 332
33053 397
33054 327
33055 40
33056 45
33057 378
33058 378
33059 272
33060 231
33061 306
33062 262
33063 142
33064 142
33065 386
33066 386
33067 122
33068 316
33069 366
33070 159
33071 159
33072 159
33073 159
33074 419
33075 419
33076 57
33077 222
33078 167
33079 167
33080 167
33081 209
33082 167
33083 91
33084 226
33085 226
33086 378
33087 378
33088 378
33089 254
33090 349
33091 259
33092 187
33093 398
33094 187
33095 150
33096 329
33097 328
33098 329
33099 413
33100 413
33101 98
33102 403
33103 123
33104 123
33105 123
33106 123
33107 326
33108 326
33109 220
33110 47
33111 33
33112 240
33113 240
33114 12
33115 250
33116 326
33117 250
33118 250
33119 225
33120 225
33121 225
33122 374
33123 374
33124 356
33125 356
33126 361
33127 361
33128 361
33129 36
33130 51
33131 309
33132 309
33133 356
33134 90
33135 268
33136 143
33137 143
33138 143
33139 119
33140 119
33141 205
33142 119
33143 119
33144 392
33145 392
33146 392
33147 392
33148 122
33149 122
33150 122
33151 142
33152 142
33153 86
33154 286
33155 306
33156 306
33157 181
33158 181
33159 363
33160 68
33161 68
33162 68
33163 335
33164 335
33165 317
33166 319
33167 405
33168 405
33169 263
33170 291
33171 291
33172 51
33173 387
33174 64
33175 115
33176 115
33177 113
33178 113
33179 222
33180 222
33181 94
33182 156
33183 192
33184 174
33185 245
33186 245
33187 186
33188 111
33189 111
33190 110
33191 110
33192 110
33193 421
33194 421
33195 421
33196 233
33197 197
33198 190
33199 104
33200 338
33201 338
33202 51
33203 51
33204 93
33205 93
33206 424
33207 424
33208 424
33209 297
33210 423
33211 420
33212 325
33213 420
33214 253
33215 253
33216 228
33217 253
33218 139
33219 321
33220 49
33221 60
33222 99
33223 314
33224 314
33225 314
33226 129
33227 411
33228 411
33229 411
33230 293
33231 293
33232 293
33233 74
33234 83
33235 32
33236 72
33237 405
33238 405
33239 429
33240 384
33241 384
33242 315
33243 109
33244 89
33245 194
33246 89
33247 67
33248 105
33249 166
33250 105
33251 105
33252 21
33253 265
33254 363
33255 403
33256 69
33257 199
33258 335
33259 284
33260 398
33261 284
33262 284
33263 323
33264 284
33265 284
33266 324
33267 324
33268 324
33269 415
33270 227
33271 201
33272 117
33273 117
33274 210
33275 210
33276 252
33277 252
33278 398
33279 242
33280 398
33281 402
33282 402
33283 293
33284 409
33285 421
33286 421
33287 421
33288 302
33289 302
33290 253
33291 253
33292 185
33293 185
33294 378
33295 378
33296 378
33297 378
33298 407
33299 422
33300 407
33301 407
33302 407
33303 411
33304 41
33305 125
33306 41
33307 38
33308 117
33309 242
33310 242
33311 102
33312 102
33313 102
33314 208
33315 314
33316 301
33317 388
33318 388
33319 388
33320 388
33321 216
33322 265
33323 216
33324 121
33325 318
33326 318
33327 321
33328 318
33329 288
33330 287
33331 151
33332 74
33333 74
33334 334
33335 375
33336 388
33337 17
33338 83
33339 281
33340 281
33341 101
33342 422
33343 380
33344 380
33345 394
33346 69
33347 69
33348 69
33349 130
33350 130
33351 199
33352 199
33353 295
33354 188
33355 349
33356 254
33357 423
33358 300
33359 128
33360 285
33361 231
33362 321
33363 285
33364 28
33365 32
33366 28
33367 28
33368 238
33369 206
33370 206
33371 225
33372 67
33373 273
33374 308
33375 308
33376 334
33377 334
33378 43
33379 266
33380 266
33381 101
33382 91
33383 91
33384 91
33385 380
33386 378
33387 378
33388 285
33389 285
33390 285
33391 94
33392 211
33393 211
33394 85
33395 85
33396 87
33397 57
33398 343
33399 343
33400 343
33401 225
33402 38
33403 225
33404 306
33405 306
33406 78
33407 282
33408 401
33409 401
33410 401
33411 253
33412 253
33413 253
33414 253
33415 149
33416 344
33417 344
33418 344
33419 400
33420 400
33421 400
33422 338
33423 338
33424 334
33425 84
33426 84
33427 84
33428 285
33429 285
33430 285
33431 285
33432 295
33433 295
33434 130
33435 349
33436 67
33437 375
33438 198
33439 198
33440 111
33441 111
33442 111
33443 129
33444 129
33445 129
33446 129
33447 220
33448 208
33449 193
33450 307
33451 307
33452 366
33453 366
33454 366
33455 293
33456 303
33457 384
33458 196
33459 202
33460 196
33461 184
33462 184
33463 393
33464 393
33465 398
33466 393
33467 353
33468 357
33469 353
33470 353
33471 262
33472 262
33473 85
33474 85
33475 85
33476 284
33477 249
33478 284
33479 30
33480 29
33481 30
33482 30
33483 72
33484 72
33485 78
33486 412
33487 380
33488 403
33489 403
33490 403
33491 162
33492 162
33493 162
33494 67
33495 162
33496 162
33497 56
33498 56
33499 56
33500 170
33501 170
33502 420
33503 155
33504 286
33505 155
33506 120
33507 231
33508 210
33509 210
33510 322
33511 322
33512 322
33513 97
33514 97
33515 315
33516 157
33517 157
33518 202
33519 134
33520 134
33521 201
33522 200
33523 200
33524 51
33525 214
33526 214
33527 214
33528 403
33529 403
33530 327
33531 121
33532 120
33533 120
33534 346
33535 346
33536 94
33537 233
33538 233
33539 233
33540 344
33541 342
33542 221
33543 236
33544 236
33545 79
33546 57
33547 57
33548 56
33549 57
33550 141
33551 139
33552 169
33553 169
33554 169
33555 160
33556 174
33557 174
33558 174
33559 174
33560 79
33561 175
33562 79
33563 424
33564 424
33565 209
33566 415
33567 415
33568 417
33569 417
33570 417
33571 122
33572 122
33573 122
33574 167
33575 276
33576 427
33577 235
33578 81
33579 81
33580 81
33581 195
33582 103
33583 103
33584 352
33585 196
33586 196
33587 196
33588 196
33589 196
33590 107
33591 123
33592 123
33593 123
33594 123
33595 337
33596 148
33597 101
33598 291
33599 291
33600 65
33601 263
33602 263
33603 412
33604 412
33605 415
33606 318
33607 318
33608 410
33609 410
33610 82
33611 82
33612 82
33613 82
33614 248
33615 347
33616 347
33617 89
33618 89
33619 197
33620 79
33621 187
33622 144
33623 64
33624 397
33625 397
33626 397
33627 173
33628 173
33629 173
33630 316
33631 316
33632 277
33633 277
33634 277
33635 277
33636 277
33637 277
33638 86
33639 86
33640 86
33641 392
33642 392
33643 125
33644 145
33645 145
33646 373
33647 373
33648 286
33649 286
33650 264
33651 264
33652 265
33653 265
33654 174
33655 358
33656 358
33657 358
33658 383
33659 341
33660 306
33661 339
33662 339
33663 151
33664 129
33665 382
33666 382
33667 382
33668 406
33669 406
33670 229
33671 149
33672 149
33673 297
33674 297
33675 299
33676 184
33677 176
33678 315
33679 315
33680 87
33681 87
33682 74
33683 252
33684 252
33685 252
33686 327
33687 173
33688 133
33689 115
33690 115
33691 203
33692 348
33693 133
33694 133
33695 244
33696 244
33697 244
33698 122
33699 122
33700 122
33701 375
33702 124
33703 124
33704 124
33705 285
33706 285
33707 346
33708 346
33709 261
33710 117
33711 82
33712 82
33713 96
33714 96
33715 111
33716 96
33717 299
33718 71
33719 177
33720 177
33721 51
33722 78
33723 269
33724 418
33725 242
33726 427
33727 427
33728 390
33729 66
33730 66
33731 103
33732 103
33733 382
33734 382
33735 203
33736 203
33737 203
33738 203
33739 330
33740 208
33741 305
33742 305
33743 208
33744 208
33745 263
33746 208
33747 64
33748 337
33749 337
33750 256
33751 82
33752 82
33753 333
33754 333
33755 150
33756 150
33757 199
33758 199
33759 109
33760 275
33761 43
33762 43
33763 207
33764 207
33765 373
33766 373
33767 348
33768 348
33769 321
33770 314
33771 186
33772 186
33773 313
33774 336
33775 336
33776 53
33777 89
33778 315
33779 408
33780 408
33781 408
33782 408
33783 408
33784 408
33785 40
33786 338
33787 338
33788 338
33789 338
33790 371
33791 339
33792 339
33793 276
33794 13
33795 276
33796 276
33797 105
33798 105
33799 64
33800 194
33801 280
33802 149
33803 149
33804 155
33805 155
33806 323
33807 323
33808 103
33809 103
33810 75
33811 75
33812 26
33813 337
33814 337
33815 423
33816 423
33817 416
33818 341
33819 341
33820 79
33821 79
33822 339
33823 339
33824 339
33825 339
33826 208
33827 208
33828 380
33829 381
33830 184
33831 326
33832 115
33833 138
33834 138
33835 138
33836 138
33837 200
33838 200
33839 200
33840 107
33841 147
33842 256
33843 222
33844 368
33845 254
33846 138
33847 138
33848 138
33849 138
33850 302
33851 195
33852 337
33853 179
33854 140
33855 140
33856 150
33857 150
33858 150
33859 150
33860 387
33861 231
33862 231
33863 350
33864 19
33865 19
33866 237
33867 237
33868 237
33869 237
33870 21
33871 53
33872 98
33873 98
33874 130
33875 225
33876 276
33877 216
33878 401
33879 199
33880 199
33881 349
33882 318
33883 349
33884 349
33885 45
33886 282
33887 282
33888 421
33889 103
33890 366
33891 366
33892 390
33893 50
33894 50
33895 262
33896 262
33897 389
33898 249
33899 366
33900 242
33901 370
33902 366
33903 366
33904 366
33905 155
33906 322
33907 366
33908 401
33909 366
33910 68
33911 68
33912 55
33913 55
33914 55
33915 218
33916 218
33917 218
33918 219
33919 219
33920 149
33921 149
33922 192
33923 192
33924 175
33925 61
33926 196
33927 181
33928 181
33929 181
33930 50
33931 50
33932 190
33933 190
33934 60
33935 60
33936 296
33937 132
33938 247
33939 378
33940 378
33941 378
33942 378
33943 169
33944 169
33945 169
33946 149
33947 149
33948 36
33949 73
33950 73
33951 73
33952 318
33953 248
33954 214
33955 214
33956 322
33957 275
33958 391
33959 275
33960 268
33961 174
33962 174
33963 330
33964 414
33965 414
33966 414
33967 414
33968 102
33969 118
33970 102
33971 94
33972 144
33973 144
33974 289
33975 93
33976 409
33977 409
33978 425
33979 296
33980 91
33981 91
33982 64
33983 314
33984 251
33985 251
33986 38
33987 351
33988 351
33989 351
33990 320
33991 320
33992 320
33993 320
33994 320
33995 316
33996 316
33997 45
33998 45
33999 45
34000 96
34001 38
34002 38
34003 84
34004 43
34005 409
34006 126
34007 126
34008 199
34009 199
34010 88
34011 88
34012 278
34013 278
34014 278
34015 174
34016 187
34017 187
34018 187
34019 233
34020 233
34021 233
34022 229
34023 74
34024 43
34025 43
34026 43
34027 330
34028 143
34029 143
34030 85
34031 321
34032 133
34033 133
34034 78
34035 211
34036 167
34037 167
34038 167
34039 325
34040 381
34041 325
34042 422
34043 329
34044 426
34045 171
34046 171
34047 219
34048 311
34049 311
34050 301
34051 301
34052 61
34053 61
34054 395
34055 30
34056 41
34057 41
34058 419
34059 419
34060 135
34061 239
34062 364
34063 39
34064 39
34065 383
34066 383
34067 383
34068 339
34069 245
34070 245
34071 403
34072 403
34073 392
34074 424
34075 424
34076 114
34077 114
34078 114
34079 413
34080 413
34081 153
34082 153
34083 153
34084 129
34085 255
34086 129
34087 241
34088 181
34089 181
34090 168
34091 268
34092 268
34093 78
34094 405
34095 78
34096 268
34097 156
34098 156
34099 156
34100 234
34101 234
34102 80
34103 263
34104 192
34105 136
34106 136
34107 136
34108 136
34109 401
34110 401
34111 401
34112 58
34113 58
34114 312
34115 203
34116 203
34117 36
34118 275
34119 275
34120 204
34121 204
34122 391
34123 204
34124 204
34125 204
34126 204
34127 366
34128 366
34129 366
34130 346
34131 346
34132 245
34133 83
34134 64
34135 64
34136 266
34137 266
34138 122
34139 220
34140 220
34141 240
34142 222
34143 308
34144 304
34145 304
34146 304
34147 349
34148 113
34149 135
34150 135
34151 354
34152 354
34153 327
34154 354
34155 349
34156 426
34157 286
34158 64
34159 364
34160 111
34161 326
34162 109
34163 109
34164 109
34165 198
34166 141
34167 186
34168 186
34169 279
34170 306
34171 279
34172 36
34173 76
34174 76
34175 261
34176 158
34177 308
34178 381
34179 87
34180 81
34181 382
34182 81
34183 81
34184 81
34185 198
34186 198
34187 279
34188 279
34189 115
34190 115
34191 158
34192 283
34193 283
34194 276
34195 417
34196 417
34197 417
34198 417
34199 417
34200 40
34201 176
34202 176
34203 176
34204 381
34205 381
34206 381
34207 371
34208 135
34209 135
34210 135
34211 355
34212 355
34213 355
34214 211
34215 355
34216 355
34217 255
34218 144
34219 255
34220 175
34221 175
34222 311
34223 311
34224 406
34225 406
34226 406
34227 201
34228 201
34229 201
34230 153
34231 153
34232 264
34233 264
34234 333
34235 333
34236 303
34237 337
34238 303
34239 262
34240 262
34241 71
34242 71
34243 71
34244 71
34245 325
34246 326
34247 325
34248 286
34249 286
34250 388
34251 388
34252 367
34253 263
34254 367
34255 136
34256 136
34257 364
34258 60
34259 60
34260 253
34261 253
34262 230
34263 159
34264 230
34265 230
34266 230
34267 274
34268 347
34269 347
34270 347
34271 151
34272 257
34273 257
34274 6
34275 88
34276 88
34277 88
34278 88
34279 179
34280 108
34281 108
34282 80
34283 428
34284 48
34285 48
34286 48
34287 142
34288 142
34289 142
34290 142
34291 200
34292 200
34293 265
34294 265
34295 213
34296 211
34297 152
34298 110
34299 184
34300 103
34301 172
34302 172
34303 172
34304 172
34305 173
34306 141
34307 331
34308 330
34309 331
34310 29
34311 29
34312 29
34313 82
34314 82
34315 82
34316 82
34317 82
34318 231
34319 231
34320 155
34321 31
34322 33
34323 418
34324 171
34325 171
34326 171
34327 363
34328 363
34329 209
34330 209
34331 375
34332 410
34333 330
34334 98
34335 98
34336 98
34337 91
34338 266
34339 105
34340 182
34341 290
34342 30
34343 30
34344 357
34345 255
34346 266
34347 121
34348 121
34349 222
34350 183
34351 183
34352 183
34353 162
34354 162
34355 162
34356 387
34357 195
34358 387
34359 272
34360 171
34361 160
34362 160
34363 41
34364 294
34365 35
34366 41
34367 44
34368 207
34369 207
34370 207
34371 207
34372 239
34373 71
34374 71
34375 314
34376 168
34377 168
34378 356
34379 269
34380 313
34381 313
34382 292
34383 292
34384 292
34385 292
34386 297
34387 297
34388 297
34389 274
34390 274
34391 119
34392 119
34393 80
34394 51
34395 47
34396 99
34397 99
34398 99
34399 207
34400 166
34401 166
34402 166
34403 263
34404 108
34405 108
34406 108
34407 284
34408 284
34409 284
34410 105
34411 253
34412 253
34413 46
34414 46
34415 60
34416 419
34417 419
34418 419
34419 419
34420 251
34421 251
34422 251
34423 251
34424 263
34425 411
34426 206
34427 224
34428 224
34429 330
34430 148
34431 359
34432 359
34433 251
34434 251
34435 235
34436 251
34437 387
34438 383
34439 147
34440 147
34441 147
34442 58
34443 125
34444 125
34445 148
34446 148
34447 41
34448 41
34449 41
34450 41
34451 158
34452 158
34453 307
34454 283
34455 125
34456 119
34457 119
34458 267
34459 330
34460 108
34461 53
34462 317
34463 217
34464 217
34465 217
34466 65
34467 65
34468 366
34469 366
34470 234
34471 234
34472 255
34473 255
34474 267
34475 141
34476 79
34477 293
34478 419
34479 419
34480 249
34481 249
34482 308
34483 308
34484 308
34485 259
34486 74
34487 365
34488 365
34489 337
34490 223
34491 223
34492 223
34493 273
34494 156
34495 156
34496 156
34497 156
34498 25
34499 412
34500 412
34501 412
34502 256
34503 256
34504 46
34505 161
34506 161
34507 417
34508 100
34509 100
34510 327
34511 300
34512 300
34513 278
34514 193
34515 193
34516 77
34517 77
34518 266
34519 368
34520 71
34521 71
34522 313
34523 127
34524 37
34525 37
34526 402
34527 345
34528 141
34529 141
34530 172
34531 342
34532 342
34533 112
34534 112
34535 112
34536 264
34537 88
34538 57
34539 57
34540 57
34541 133
34542 133
34543 181
34544 176
34545 176
34546 62
34547 62
34548 176
34549 349
34550 194
34551 240
34552 240
34553 240
34554 328
34555 328
34556 330
34557 328
34558 399
34559 399
34560 202
34561 202
34562 202
34563 368
34564 368
34565 368
34566 73
34567 73
34568 383
34569 383
34570 410
34571 410
34572 410
34573 148
34574 266
34575 395
34576 395
34577 395
34578 258
34579 258
34580 258
34581 258
34582 44
34583 306
34584 306
34585 256
34586 256
34587 256
34588 356
34589 356
34590 194
34591 81
34592 81
34593 406
34594 406
34595 389
34596 128
34597 128
34598 424
34599 424
34600 344
34601 162
34602 336
34603 252
34604 252
34605 341
34606 341
34607 163
34608 380
34609 380
34610 426
34611 380
34612 380
34613 380
34614 121
34615 324
34616 326
34617 324
34618 167
34619 167
34620 36
34621 92
34622 123
34623 237
34624 237
34625 42
34626 42
34627 42
34628 42
34629 73
34630 73
34631 270
34632 263
34633 424
34634 424
34635 155
34636 74
34637 80
34638 188
34639 106
34640 106
34641 311
34642 311
34643 226
34644 115
34645 115
34646 115
34647 360
34648 360
34649 360
34650 182
34651 414
34652 362
34653 362
34654 385
34655 385
34656 191
34657 191
34658 50
34659 41
34660 334
34661 334
34662 94
34663 417
34664 417
34665 355
34666 355
34667 101
34668 296
34669 13
34670 174
34671 115
34672 115
34673 115
34674 118
34675 115
34676 42
34677 42
34678 173
34679 173
34680 351
34681 351
34682 295
34683 331
34684 331
34685 331
34686 168
34687 168
34688 194
34689 153
34690 250
34691 250
34692 250
34693 197
34694 197
34695 179
34696 179
34697 349
34698 22
34699 22
34700 22
34701 413
34702 413
34703 413
34704 53
34705 380
34706 417
34707 417
34708 126
34709 126
34710 343
34711 415
34712 415
34713 248
34714 146
34715 348
34716 427
34717 346
34718 310
34719 310
34720 120
34721 120
34722 120
34723 121
34724 310
34725 247
34726 247
34727 74
34728 141
34729 301
34730 147
34731 147
34732 319
34733 319
34734 187
34735 187
34736 409
34737 263
34738 309
34739 309
34740 226
34741 226
34742 226
34743 292
34744 292
34745 292
34746 295
34747 295
34748 89
34749 89
34750 89
34751 89
34752 263
34753 63
34754 350
34755 254
34756 291
34757 277
34758 277
34759 50
34760 273
34761 344
34762 344
34763 344
34764 288
34765 288
34766 288
34767 288
34768 403
34769 375
34770 401
34771 421
34772 421
34773 421
34774 159
34775 159
34776 357
34777 357
34778 207
34779 290
34780 207
34781 207
34782 112
34783 112
34784 112
34785 112
34786 112
34787 94
34788 94
34789 58
34790 58
34791 144
34792 87
34793 237
34794 237
34795 237
34796 181
34797 181
34798 181
34799 192
34800 192
34801 25
34802 222
34803 311
34804 160
34805 424
34806 424
34807 260
34808 260
34809 262
34810 262
34811 118
34812 286
34813 286
34814 286
34815 286
34816 121
34817 211
34818 211
34819 192
34820 211
34821 211
34822 211
34823 148
34824 253
34825 253
34826 253
34827 144
34828 142
34829 306
34830 306
34831 306
34832 44
34833 44
34834 44
34835 44
34836 44
34837 368
34838 274
34839 264
34840 264
34841 264
34842 264
34843 366
34844 366
34845 420
34846 341
34847 341
34848 383
34849 152
34850 152
34851 152
34852 53
34853 333
34854 333
34855 333
34856 412
34857 412
34858 160
34859 58
34860 58
34861 417
34862 184
34863 381
34864 381
34865 281
34866 265
34867 175
34868 175
34869 127
34870 202
34871 218
34872 218
34873 218
34874 218
34875 218
34876 364
34877 99
34878 304
34879 304
34880 304
34881 255
34882 236
34883 236
34884 147
34885 147
34886 147
34887 12
34888 381
34889 381
34890 417
34891 398
34892 133
34893 398
34894 104
34895 282
34896 291
34897 302
34898 267
34899 267
34900 425
34901 425
34902 31
34903 96
34904 96
34905 270
34906 301
34907 270
34908 270
34909 185
34910 185
34911 331
34912 331
34913 385
34914 385
34915 249
34916 99
34917 99
34918 160
34919 164
34920 160
34921 160
34922 364
34923 364
34924 119
34925 119
34926 57
34927 57
34928 57
34929 143
34930 143
34931 71
34932 71
34933 71
34934 71
34935 71
34936 224
34937 224
34938 391
34939 123
34940 45
34941 62
34942 184
34943 184
34944 237
34945 247
34946 247
34947 74
34948 178
34949 397
34950 229
34951 411
34952 411
34953 256
34954 53
34955 127
34956 127
34957 344
34958 312
34959 312
34960 235
34961 235
34962 207
34963 148
34964 377
34965 276
34966 202
34967 397
34968 216
34969 365
34970 365
34971 355
34972 222
34973 415
34974 415
34975 336
34976 203
34977 206
34978 112
34979 203
34980 203
34981 205
34982 428
34983 428
34984 107
34985 107
34986 402
34987 277
34988 277
34989 162
34990 162
34991 162
34992 56
34993 56
34994 421
34995 421
34996 254
34997 272
34998 272
34999 272
35000 43
35001 43
35002 114
35003 205
35004 205
35005 205
35006 117
35007 117
35008 283
35009 27
35010 27
35011 32
35012 27
35013 282
35014 133
35015 87
35016 64
35017 79
35018 213
35019 213
35020 213
35021 213
35022 199
35023 250
35024 250
35025 250
35026 277
35027 277
35028 309
35029 309
35030 231
35031 231
35032 231
35033 195
35034 51
35035 51
35036 108
35037 356
35038 356
35039 197
35040 375
35041 52
35042 284
35043 134
35044 119
35045 119
35046 205
35047 205
35048 205
35049 205
35050 205
35051 213
35052 241
35053 241
35054 131
35055 131
35056 273
35057 273
35058 277
35059 277
35060 277
35061 246
35062 394
35063 157
35064 157
35065 157
35066 157
35067 119
35068 119
35069 64
35070 133
35071 133
35072 133
35073 203
35074 203
35075 203
35076 48
35077 48
35078 48
35079 329
35080 308
35081 330
35082 24
35083 24
35084 200
35085 76
35086 76
35087 76
35088 76
35089 76
35090 375
35091 245
35092 182
35093 182
35094 140
35095 182
35096 105
35097 258
35098 258
35099 258
35100 258
35101 258
35102 307
35103 278
35104 278
35105 278
35106 192
35107 192
35108 32
35109 106
35110 106
35111 106
35112 20
35113 418
35114 42
35115 42
35116 228
35117 228
35118 249
35119 177
35120 228
35121 154
35122 361
35123 361
35124 361
35125 158
35126 158
35127 53
35128 135
35129 135
35130 136
35131 135
35132 135
35133 135
35134 366
35135 366
35136 184
35137 74
35138 74
35139 44
35140 94
35141 94
35142 40
35143 244
35144 244
35145 417
35146 256
35147 287
35148 62
35149 335
35150 219
35151 325
35152 325
35153 253
35154 51
35155 51
35156 390
35157 134
35158 89
35159 89
35160 315
35161 315
35162 346
35163 191
35164 191
35165 224
35166 224
35167 315
35168 257
35169 257
35170 257
35171 257
35172 257
35173 349
35174 349
35175 349
35176 220
35177 205
35178 205
35179 286
35180 332
35181 331
35182 108
35183 108
35184 324
35185 324
35186 324
35187 30
35188 30
35189 30
35190 145
35191 145
35192 145
35193 145
35194 148
35195 101
35196 156
35197 156
35198 153
35199 153
35200 359
35201 359
35202 257
35203 257
35204 257
35205 123
35206 24
35207 427
35208 427
35209 427
35210 427
35211 427
35212 427
35213 373
35214 342
35215 342
35216 254
35217 254
35218 151
35219 184
35220 295
35221 295
35222 87
35223 211
35224 211
35225 211
35226 211
35227 110
35228 313
35229 110
35230 194
35231 194
35232 218
35233 218
35234 63
35235 67
35236 291
35237 291
35238 85
35239 85
35240 85
35241 85
35242 252
35243 150
35244 150
35245 150
35246 85
35247 85
35248 426
35249 426
35250 266
35251 134
35252 364
35253 409
35254 99
35255 38
35256 275
35257 290
35258 17
35259 135
35260 135
35261 135
35262 411
35263 312
35264 352
35265 352
35266 352
35267 320
35268 352
35269 428
35270 428
35271 325
35272 275
35273 184
35274 163
35275 163
35276 163
35277 163
35278 68
35279 68
35280 302
35281 302
35282 359
35283 302
35284 374
35285 374
35286 370
35287 371
35288 186
35289 186
35290 305
35291 305
35292 242
35293 87
35294 285
35295 285
35296 285
35297 58
35298 58
35299 192
35300 68
35301 96
35302 96
35303 351
35304 351
35305 351
35306 361
35307 142
35308 320
35309 320
35310 320
35311 363
35312 363
35313 154
35314 108
35315 199
35316 199
35317 343
35318 343
35319 128
35320 48
35321 48
35322 48
35323 134
35324 92
35325 138
35326 423
35327 86
35328 86
35329 262
35330 261
35331 263
35332 251
35333 316
35334 257
35335 100
35336 100
35337 273
35338 96
35339 186
35340 186
35341 379
35342 395
35343 395
35344 395
35345 395
35346 339
35347 344
35348 13
35349 94
35350 310
35351 310
35352 81
35353 81
35354 166
35355 61
35356 61
35357 61
35358 65
35359 240
35360 240
35361 240
35362 200
35363 412
35364 412
35365 412
35366 412
35367 410
35368 410
35369 263
35370 259
35371 276
35372 332
35373 276
35374 38
35375 238
35376 238
35377 238
35378 170
35379 170
35380 394
35381 394
35382 413
35383 394
35384 341
35385 345
35386 295
35387 295
35388 267
35389 368
35390 38
35391 316
35392 50
35393 232
35394 64
35395 64
35396 34
35397 114
35398 34
35399 34
35400 393
35401 393
35402 102
35403 195
35404 22
35405 195
35406 195
35407 282
35408 281
35409 218
35410 218
35411 45
35412 315
35413 315
35414 425
35415 173
35416 173
35417 173
35418 353
35419 353
35420 233
35421 233
35422 233
35423 396
35424 183
35425 371
35426 255
35427 356
35428 115
35429 404
35430 404
35431 394
35432 321
35433 321
35434 321
35435 322
35436 354
35437 322
35438 295
35439 50
35440 266
35441 77
35442 77
35443 77
35444 77
35445 19
35446 19
35447 287
35448 369
35449 369
35450 369
35451 182
35452 147
35453 361
35454 361
35455 361
35456 127
35457 60
35458 289
35459 289
35460 260
35461 355
35462 362
35463 237
35464 237
35465 285
35466 285
35467 285
35468 208
35469 30
35470 27
35471 30
35472 30
35473 389
35474 413
35475 413
35476 401
35477 401
35478 369
35479 200
35480 200
35481 295
35482 70
35483 138
35484 138
35485 138
35486 393
35487 393
35488 314
35489 127
35490 28
35491 28
35492 184
35493 73
35494 73
35495 246
35496 246
35497 409
35498 91
35499 91
35500 93
35501 93
35502 314
35503 168
35504 407
35505 10
35506 407
35507 144
35508 80
35509 128
35510 128
35511 128
35512 341
35513 341
35514 397
35515 397
35516 270
35517 270
35518 270
35519 270
35520 355
35521 355
35522 359
35523 401
35524 401
35525 412
35526 412
35527 412
35528 145
35529 145
35530 145
35531 145
35532 40
35533 377
35534 195
35535 348
35536 180
35537 279
35538 279
35539 397
35540 398
35541 260
35542 291
35543 291
35544 291
35545 291
35546 366
35547 366
35548 282
35549 282
35550 157
35551 157
35552 116
35553 116
35554 116
35555 291
35556 291
35557 291
35558 291
35559 175
35560 181
35561 205
35562 302
35563 302
35564 387
35565 95
35566 74
35567 95
35568 127
35569 127
35570 25
35571 25
35572 283
35573 283
35574 283
35575 276
35576 419
35577 276
35578 276
35579 306
35580 245
35581 306
35582 373
35583 373
35584 373
35585 9
35586 9
35587 203
35588 203
35589 325
35590 325
35591 325
35592 367
35593 367
35594 368
35595 368
35596 36
35597 132
35598 122
35599 122
35600 122
35601 122
35602 160
35603 264
35604 264
35605 315
35606 315
35607 361
35608 84
35609 73
35610 73
35611 177
35612 177
35613 384
35614 349
35615 126
35616 418
35617 366
35618 240
35619 377
35620 401
35621 401
35622 261
35623 345
35624 242
35625 300
35626 300
35627 288
35628 79
35629 118
35630 210
35631 210
35632 83
35633 210
35634 315
35635 315
35636 315
35637 8
35638 207
35639 243
35640 243
35641 243
35642 243
35643 329
35644 329
35645 347
35646 95
35647 95
35648 408
35649 408
35650 414
35651 205
35652 205
35653 300
35654 300
35655 140
35656 140
35657 140
35658 362
35659 419
35660 419
35661 419
35662 82
35663 82
35664 324
35665 324
35666 324
35667 324
35668 224
35669 404
35670 40
35671 22
35672 22
35673 304
35674 304
35675 59
35676 248
35677 248
35678 397
35679 397
35680 397
35681 314
35682 202
35683 426
35684 426
35685 132
35686 132
35687 177
35688 177
35689 177
35690 177
35691 177
35692 286
35693 322
35694 322
35695 198
35696 41
35697 41
35698 41
35699 72
35700 72
35701 389
35702 389
35703 389
35704 198
35705 43
35706 43
35707 271
35708 23
35709 271
35710 370
35711 333
35712 333
35713 234
35714 234
35715 129
35716 129
35717 263
35718 353
35719 353
35720 353
35721 353
35722 342
35723 349
35724 279
35725 279
35726 310
35727 310
35728 297
35729 297
35730 180
35731 180
35732 180
35733 304
35734 304
35735 158
35736 158
35737 158
35738 102
35739 102
35740 102
35741 231
35742 231
35743 231
35744 231
35745 343
35746 343
35747 131
35748 328
35749 309
35750 163
35751 31
35752 31
35753 141
35754 31
35755 17
35756 268
35757 253
35758 253
35759 376
35760 399
35761 399
35762 45
35763 45
35764 416
35765 416
35766 416
35767 120
35768 326
35769 326
35770 326
35771 259
35772 259
35773 259
35774 259
35775 182
35776 182
35777 80
35778 80
35779 113
35780 153
35781 153
35782 153
35783 61
35784 61
35785 114
35786 114
35787 397
35788 397
35789 394
35790 394
35791 300
35792 159
35793 394
35794 286
35795 286
35796 315
35797 66
35798 66
35799 66
35800 429
35801 429
35802 52
35803 52
35804 343
35805 343
35806 343
35807 362
35808 362
35809 364
35810 325
35811 325
35812 325
35813 75
35814 75
35815 224
35816 224
35817 291
35818 291
35819 291
35820 42
35821 29
35822 29
35823 32
35824 160
35825 79
35826 79
35827 329
35828 329
35829 162
35830 162
35831 162
35832 289
35833 289
35834 204
35835 45
35836 204
35837 204
35838 204
35839 204
35840 204
35841 223
35842 316
35843 365
35844 163
35845 163
35846 72
35847 72
35848 314
35849 121
35850 424
35851 40
35852 400
35853 270
35854 270
35855 270
35856 270
35857 148
35858 148
35859 43
35860 76
35861 76
35862 165
35863 121
35864 201
35865 263
35866 160
35867 251
35868 251
35869 251
35870 124
35871 124
35872 124
35873 153
35874 374
35875 189
35876 189
35877 260
35878 260
35879 208
35880 56
35881 56
35882 56
35883 56
35884 255
35885 408
35886 408
35887 408
35888 408
35889 333
35890 380
35891 380
35892 380
35893 240
35894 240
35895 240
35896 240
35897 117
35898 117
35899 413
35900 409
35901 390
35902 390
35903 390
35904 167
35905 53
35906 355
35907 36
35908 415
35909 393
35910 218
35911 218
35912 218
35913 376
35914 283
35915 309
35916 309
35917 309
35918 309
35919 279
35920 279
35921 279
35922 123
35923 123
35924 104
35925 104
35926 104
35927 122
35928 122
35929 122
35930 122
35931 209
35932 330
35933 203
35934 203
35935 203
35936 203
35937 203
35938 203
35939 422
35940 422
35941 220
35942 312
35943 312
35944 155
35945 226
35946 226
35947 197
35948 157
35949 157
35950 157
35951 349
35952 349
35953 286
35954 281
35955 387
35956 114
35957 416
35958 196
35959 196
35960 390
35961 390
35962 109
35963 109
35964 375
35965 72
35966 72
35967 72
35968 150
35969 150
35970 150
35971 103
35972 393
35973 393
35974 393
35975 393
35976 393
35977 213
35978 303
35979 303
35980 303
35981 72
35982 225
35983 29
35984 29
35985 275
35986 369
35987 369
35988 131
35989 132
35990 149
35991 149
35992 149
35993 152
35994 152
35995 268
35996 54
35997 57
35998 54
35999 54
36000 54
36001 232
36002 232
36003 232
36004 100
36005 100
36006 276
36007 245
36008 245
36009 245
36010 178
36011 178
36012 39
36013 160
36014 160
36015 168
36016 26
36017 170
36018 170
36019 170
36020 51
36021 262
36022 240
36023 263
36024 263
36025 235
36026 235
36027 100
36028 100
36029 238
36030 238
36031 238
36032 18
36033 240
36034 105
36035 69
36036 304
36037 304
36038 59
36039 59
36040 261
36041 261
36042 261
36043 40
36044 30
36045 30
36046 286
36047 335
36048 335
36049 335
36050 323
36051 111
36052 251
36053 251
36054 38
36055 36
36056 81
36057 81
36058 185
36059 64
36060 396
36061 182
36062 182
36063 424
36064 260
36065 37
36066 37
36067 37
36068 42
36069 42
36070 42
36071 241
36072 241
36073 92
36074 402
36075 371
36076 38
36077 158
36078 158
36079 192
36080 192
36081 221
36082 205
36083 141
36084 205
36085 258
36086 258
36087 258
36088 285
36089 285
36090 285
36091 285
36092 296
36093 296
36094 296
36095 259
36096 259
36097 155
36098 187
36099 77
36100 77
36101 77
36102 198
36103 361
36104 236
36105 299
36106 236
36107 399
36108 254
36109 399
36110 289
36111 289
36112 321
36113 151
36114 151
36115 84
36116 256
36117 234
36118 234
36119 234
36120 226
36121 370
36122 370
36123 185
36124 358
36125 358
36126 358
36127 86
36128 200
36129 200
36130 325
36131 325
36132 188
36133 188
36134 188
36135 170
36136 170
36137 170
36138 426
36139 426
36140 20
36141 20
36142 184
36143 180
36144 180
36145 100
36146 100
36147 313
36148 313
36149 190
36150 114
36151 56
36152 56
36153 356
36154 332
36155 368
36156 368
36157 117
36158 225
36159 225
36160 225
36161 321
36162 321
36163 323
36164 79
36165 79
36166 78
36167 93
36168 150
36169 150
36170 150
36171 150
36172 150
36173 38
36174 73
36175 359
36176 359
36177 359
36178 232
36179 232
36180 120
36181 389
36182 384
36183 228
36184 112
36185 112
36186 111
36187 111
36188 111
36189 365
36190 365
36191 367
36192 365
36193 125
36194 125
36195 85
36196 368
36197 85
36198 45
36199 290
36200 195
36201 103
36202 103
36203 152
36204 152
36205 27
36206 325
36207 325
36208 325
36209 325
36210 185
36211 338
36212 51
36213 121
36214 51
36215 51
36216 302
36217 302
36218 302
36219 302
36220 145
36221 145
36222 93
36223 268
36224 288
36225 211
36226 211
36227 211
36228 269
36229 269
36230 146
36231 369
36232 369
36233 18
36234 206
36235 244
36236 244
36237 244
36238 391
36239 276
36240 276
36241 313
36242 111
36243 111
36244 95
36245 190
36246 190
36247 209
36248 209
36249 209
36250 376
36251 387
36252 349
36253 21
36254 367
36255 44
36256 38
36257 277
36258 277
36259 277
36260 277
36261 277
36262 44
36263 138
36264 138
36265 138
36266 138
36267 377
36268 160
36269 15
36270 321
36271 321
36272 55
36273 57
36274 55
36275 55
36276 156
36277 384
36278 106
36279 106
36280 106
36281 106
36282 254
36283 254
36284 335
36285 170
36286 170
36287 280
36288 170
36289 170
36290 346
36291 219
36292 219
36293 410
36294 399
36295 179
36296 178
36297 179
36298 65
36299 228
36300 228
36301 193
36302 265
36303 265
36304 274
36305 274
36306 92
36307 92
36308 321
36309 166
36310 279
36311 376
36312 316
36313 316
36314 77
36315 77
36316 192
36317 192
36318 55
36319 55
36320 369
36321 369
36322 339
36323 140
36324 140
36325 254
36326 254
36327 254
36328 426
36329 426
36330 420
36331 420
36332 420
36333 155
36334 289
36335 289
36336 202
36337 34
36338 34
36339 50
36340 193
36341 387
36342 387
36343 387
36344 387
36345 223
36346 223
36347 422
36348 422
36349 422
36350 93
36351 370
36352 280
36353 280
36354 148
36355 378
36356 378
36357 141
36358 348
36359 237
36360 237
36361 133
36362 274
36363 274
36364 203
36365 203
36366 56
36367 56
36368 109
36369 109
36370 246
36371 60
36372 60
36373 60
36374 60
36375 60
36376 34
36377 34
36378 34
36379 134
36380 62
36381 248
36382 114
36383 166
36384 166
36385 166
36386 166
36387 60
36388 241
36389 241
36390 64
36391 64
36392 64
36393 280
36394 280
36395 280
36396 325
36397 325
36398 355
36399 211
36400 346
36401 211
36402 40
36403 146
36404 146
36405 32
36406 207
36407 194
36408 389
36409 98
36410 98
36411 199
36412 199
36413 208
36414 66
36415 66
36416 66
36417 25
36418 248
36419 187
36420 239
36421 329
36422 313
36423 313
36424 313
36425 247
36426 247
36427 75
36428 75
36429 75
36430 174
36431 395
36432 165
36433 177
36434 177
36435 177
36436 177
36437 193
36438 150
36439 150
36440 150
36441 105
36442 330
36443 330
36444 408
36445 399
36446 399
36447 399
36448 399
36449 381
36450 182
36451 280
36452 121
36453 121
36454 419
36455 419
36456 419
36457 323
36458 98
36459 98
36460 80
36461 80
36462 359
36463 359
36464 170
36465 170
36466 170
36467 226
36468 226
36469 226
36470 310
36471 327
36472 310
36473 148
36474 148
36475 43
36476 264
36477 264
36478 264
36479 264
36480 394
36481 394
36482 394
36483 394
36484 394
36485 176
36486 31
36487 31
36488 408
36489 400
36490 400
36491 400
36492 400
36493 400
36494 94
36495 303
36496 104
36497 60
36498 60
36499 316
36500 142
36501 142
36502 142
36503 34
36504 34
36505 34
36506 303
36507 346
36508 154
36509 154
36510 212
36511 212
36512 114
36513 399
36514 399
36515 399
36516 399
36517 399
36518 51
36519 51
36520 325
36521 86
36522 178
36523 178
36524 178
36525 397
36526 316
36527 316
36528 338
36529 338
36530 338
36531 338
36532 25
36533 328
36534 390
36535 60
36536 114
36537 266
36538 53
36539 298
36540 298
36541 298
36542 298
36543 222
36544 295
36545 210
36546 210
36547 98
36548 303
36549 92
36550 98
36551 64
36552 179
36553 288
36554 288
36555 286
36556 132
36557 132
36558 335
36559 335
36560 284
36561 160
36562 369
36563 249
36564 67
36565 368
36566 109
36567 274
36568 274
36569 388
36570 343
36571 343
36572 32
36573 32
36574 239
36575 239
36576 239
36577 239
36578 120
36579 120
36580 189
36581 29
36582 29
36583 29
36584 29
36585 83
36586 83
36587 83
36588 56
36589 182
36590 180
36591 190
36592 190
36593 325
36594 272
36595 272
36596 263
36597 397
36598 128
36599 151
36600 151
36601 165
36602 165
36603 231
36604 231
36605 231
36606 231
36607 128
36608 108
36609 108
36610 108
36611 339
36612 48
36613 339
36614 339
36615 339
36616 339
36617 339
36618 289
36619 289
36620 252
36621 252
36622 103
36623 364
36624 77
36625 103
36626 354
36627 423
36628 356
36629 102
36630 102
36631 102
36632 284
36633 284
36634 284
36635 85
36636 219
36637 219
36638 217
36639 217
36640 217
36641 200
36642 130
36643 218
36644 218
36645 218
36646 218
36647 218
36648 218
36649 287
36650 35
36651 35
36652 35
36653 36
36654 345
36655 387
36656 387
36657 317
36658 293
36659 293
36660 322
36661 322
36662 241
36663 315
36664 315
36665 315
36666 386
36667 386
36668 194
36669 380
36670 334
36671 159
36672 159
36673 221
36674 62
36675 398
36676 134
36677 88
36678 94
36679 266
36680 87
36681 266
36682 196
36683 196
36684 212
36685 212
36686 267
36687 71
36688 378
36689 258
36690 258
36691 259
36692 86
36693 86
36694 75
36695 75
36696 73
36697 15
36698 175
36699 101
36700 155
36701 369
36702 398
36703 369
36704 50
36705 110
36706 110
36707 110
36708 110
36709 46
36710 205
36711 325
36712 325
36713 105
36714 105
36715 250
36716 250
36717 250
36718 250
36719 250
36720 250
36721 224
36722 224
36723 229
36724 187
36725 187
36726 26
36727 140
36728 130
36729 140
36730 140
36731 281
36732 281
36733 59
36734 59
36735 59
36736 59
36737 52
36738 261
36739 310
36740 313
36741 313
36742 12
36743 400
36744 400
36745 400
36746 400
36747 144
36748 400
36749 400
36750 202
36751 160
36752 160
36753 7
36754 7
36755 308
36756 308
36757 264
36758 264
36759 264
36760 413
36761 324
36762 324
36763 324
36764 324
36765 360
36766 360
36767 360
36768 335
36769 335
36770 333
36771 40
36772 298
36773 298
36774 369
36775 362
36776 362
36777 362
36778 282
36779 103
36780 87
36781 153
36782 383
36783 311
36784 311
36785 185
36786 118
36787 118
36788 152
36789 152
36790 152
36791 95
36792 95
36793 95
36794 51
36795 146
36796 146
36797 140
36798 148
36799 18
36800 175
36801 254
36802 254
36803 29
36804 29
36805 29
36806 194
36807 110
36808 122
36809 144
36810 125
36811 122
36812 122
36813 192
36814 192
36815 290
36816 44
36817 290
36818 317
36819 317
36820 123
36821 123
36822 364
36823 371
36824 37
36825 37
36826 136
36827 136
36828 136
36829 136
36830 136
36831 136
36832 383
36833 231
36834 231
36835 370
36836 370
36837 185
36838 185
36839 370
36840 238
36841 368
36842 230
36843 290
36844 230
36845 230
36846 230
36847 370
36848 371
36849 370
36850 370
36851 184
36852 184
36853 184
36854 184
36855 99
36856 99
36857 99
36858 118
36859 305
36860 305
36861 428
36862 72
36863 160
36864 404
36865 245
36866 245
36867 369
36868 96
36869 96
36870 137
36871 137
36872 412
36873 412
36874 37
36875 37
36876 37
36877 352
36878 352
36879 352
36880 352
36881 251
36882 251
36883 137
36884 137
36885 137
36886 286
36887 340
36888 340
36889 285
36890 340
36891 80
36892 233
36893 150
36894 329
36895 282
36896 129
36897 129
36898 261
36899 216
36900 216
36901 216
36902 38
36903 244
36904 334
36905 244
36906 157
36907 157
36908 114
36909 114
36910 50
36911 50
36912 15
36913 15
36914 121
36915 28
36916 28
36917 28
36918 88
36919 412
36920 388
36921 412
36922 412
36923 412
36924 412
36925 130
36926 130
36927 130
36928 296
36929 296
36930 29
36931 29
36932 314
36933 314
36934 314
36935 74
36936 20
36937 130
36938 130
36939 287
36940 114
36941 342
36942 49
36943 115
36944 115
36945 385
36946 385
36947 151
36948 151
36949 237
36950 164
36951 227
36952 384
36953 227
36954 62
36955 227
36956 219
36957 207
36958 323
36959 35
36960 307
36961 307
36962 307
36963 307
36964 386
36965 386
36966 386
36967 428
36968 155
36969 152
36970 119
36971 359
36972 359
36973 287
36974 287
36975 168
36976 228
36977 228
36978 27
36979 27
36980 27
36981 29
36982 29
36983 29
36984 224
36985 224
36986 224
36987 224
36988 398
36989 142
36990 142
36991 142
36992 286
36993 262
36994 303
36995 121
36996 326
36997 326
36998 233
36999 330
37000 146
37001 146
37002 146
37003 305
37004 305
37005 419
37006 235
37007 272
37008 272
37009 86
37010 86
37011 340
37012 340
37013 29
37014 191
37015 191
37016 58
37017 60
37018 60
37019 404
37020 404
37021 89
37022 380
37023 49
37024 49
37025 82
37026 394
37027 82
37028 87
37029 246
37030 113
37031 113
37032 341
37033 341
37034 63
37035 185
37036 280
37037 280
37038 82
37039 82
37040 82
37041 132
37042 111
37043 111
37044 197
37045 197
37046 238
37047 238
37048 37
37049 375
37050 164
37051 164
37052 164
37053 164
37054 164
37055 164
37056 74
37057 179
37058 179
37059 300
37060 300
37061 389
37062 410
37063 290
37064 56
37065 56
37066 56
37067 184
37068 417
37069 417
37070 417
37071 256
37072 276
37073 148
37074 148
37075 72
37076 72
37077 191
37078 101
37079 234
37080 234
37081 234
37082 299
37083 299
37084 283
37085 283
37086 201
37087 192
37088 192
37089 192
37090 277
37091 374
37092 163
37093 163
37094 163
37095 163
37096 163
37097 354
37098 354
37099 354
37100 354
37101 282
37102 201
37103 201
37104 400
37105 400
37106 265
37107 275
37108 234
37109 276
37110 66
37111 360
37112 64
37113 127
37114 127
37115 222
37116 330
37117 341
37118 341
37119 341
37120 341
37121 329
37122 329
37123 425
37124 393
37125 393
37126 393
37127 280
37128 400
37129 278
37130 305
37131 305
37132 305
37133 95
37134 95
37135 95
37136 95
37137 295
37138 135
37139 135
37140 269
37141 15
37142 183
37143 183
37144 183
37145 278
37146 278
37147 278
37148 391
37149 391
37150 216
37151 216
37152 216
37153 216
37154 130
37155 55
37156 95
37157 166
37158 95
37159 171
37160 95
37161 417
37162 417
37163 417
37164 70
37165 363
37166 320
37167 320
37168 396
37169 396
37170 396
37171 373
37172 373
37173 216
37174 216
37175 381
37176 377
37177 377
37178 265
37179 408
37180 354
37181 408
37182 78
37183 213
37184 315
37185 315
37186 152
37187 152
37188 367
37189 205
37190 36
37191 36
37192 36
37193 14
37194 427
37195 282
37196 82
37197 82
37198 92
37199 92
37200 93
37201 251
37202 251
37203 251
37204 346
37205 346
37206 330
37207 186
37208 286
37209 279
37210 279
37211 105
37212 258
37213 258
37214 107
37215 107
37216 119
37217 119
37218 344
37219 67
37220 98
37221 61
37222 214
37223 147
37224 147
37225 158
37226 260
37227 99
37228 91
37229 91
37230 377
37231 339
37232 339
37233 339
37234 156
37235 156
37236 43
37237 43
37238 313
37239 313
37240 168
37241 50
37242 384
37243 384
37244 384
37245 244
37246 244
37247 158
37248 158
37249 284
37250 284
37251 284
37252 268
37253 268
37254 55
37255 55
37256 55
37257 93
37258 267
37259 278
37260 278
37261 208
37262 208
37263 75
37264 75
37265 75
37266 125
37267 125
37268 125
37269 45
37270 45
37271 359
37272 359
37273 360
37274 359
37275 359
37276 355
37277 190
37278 258
37279 235
37280 61
37281 61
37282 61
37283 298
37284 298
37285 298
37286 298
37287 298
37288 101
37289 101
37290 101
37291 160
37292 160
37293 417
37294 417
37295 417
37296 417
37297 425
37298 179
37299 409
37300 368
37301 355
37302 216
37303 216
37304 216
37305 264
37306 264
37307 264
37308 264
37309 392
37310 392
37311 392
37312 288
37313 180
37314 336
37315 180
37316 320
37317 320
37318 320
37319 320
37320 320
37321 347
37322 22
37323 351
37324 351
37325 240
37326 370
37327 122
37328 125
37329 122
37330 122
37331 122
37332 128
37333 125
37334 125
37335 332
37336 341
37337 341
37338 294
37339 377
37340 377
37341 347
37342 347
37343 68
37344 68
37345 68
37346 417
37347 417
37348 143
37349 143
37350 143
37351 333
37352 333
37353 333
37354 258
37355 258
37356 258
37357 320
37358 320
37359 414
37360 414
37361 414
37362 409
37363 259
37364 259
37365 420
37366 420
37367 420
37368 398
37369 420
37370 93
37371 261
37372 389
37373 205
37374 205
37375 261
37376 261
37377 261
37378 184
37379 184
37380 162
37381 162
37382 162
37383 30
37384 30
37385 89
37386 89
37387 156
37388 156
37389 52
37390 135
37391 141
37392 342
37393 44
37394 44
37395 44
37396 377
37397 63
37398 63
37399 78
37400 92
37401 92
37402 307
37403 307
37404 120
37405 306
37406 274
37407 274
37408 274
37409 421
37410 421
37411 340
37412 340
37413 340
37414 340
37415 53
37416 107
37417 158
37418 158
37419 286
37420 68
37421 173
37422 173
37423 173
37424 173
37425 173
37426 93
37427 255
37428 53
37429 315
37430 315
37431 315
37432 56
37433 56
37434 77
37435 354
37436 148
37437 302
37438 302
37439 302
37440 366
37441 366
37442 400
37443 400
37444 398
37445 398
37446 166
37447 322
37448 322
37449 335
37450 209
37451 103
37452 103
37453 399
37454 399
37455 399
37456 187
37457 187
37458 187
37459 286
37460 265
37461 250
37462 250
37463 196
37464 80
37465 368
37466 368
37467 362
37468 58
37469 81
37470 81
37471 113
37472 113
37473 359
37474 359
37475 359
37476 359
37477 299
37478 299
37479 299
37480 299
37481 130
37482 130
37483 130
37484 130
37485 64
37486 64
37487 205
37488 205
37489 320
37490 62
37491 76
37492 76
37493 76
37494 116
37495 116
37496 164
37497 164
37498 367
37499 367
37500 367
37501 367
37502 183
37503 258
37504 258
37505 258
37506 111
37507 51
37508 85
37509 85
37510 318
37511 273
37512 318
37513 239
37514 121
37515 426
37516 426
37517 255
37518 93
37519 268
37520 268
37521 263
37522 263
37523 263
37524 358
37525 358
37526 235
37527 235
37528 128
37529 305
37530 305
37531 110
37532 255
37533 255
37534 58
37535 58
37536 81
37537 81
37538 38
37539 384
37540 307
37541 307
37542 52
37543 388
37544 388
37545 388
37546 47
37547 76
37548 76
37549 217
37550 113
37551 113
37552 281
37553 248
37554 288
37555 288
37556 108
37557 329
37558 329
37559 329
37560 329
37561 329
37562 329
37563 242
37564 258
37565 261
37566 258
37567 164
37568 147
37569 166
37570 166
37571 365
37572 125
37573 99
37574 86
37575 50
37576 50
37577 50
37578 207
37579 263
37580 263
37581 263
37582 400
37583 400
37584 411
37585 316
37586 132
37587 36
37588 36
37589 142
37590 142
37591 92
37592 148
37593 252
37594 252
37595 327
37596 327
37597 91
37598 91
37599 93
37600 175
37601 313
37602 313
37603 123
37604 416
37605 118
37606 118
37607 216
37608 216
37609 216
37610 187
37611 187
37612 271
37613 320
37614 320
37615 320
37616 361
37617 48
37618 48
37619 140
37620 140
37621 399
37622 399
37623 399
37624 159
37625 399
37626 15
37627 399
37628 399
37629 200
37630 62
37631 62
37632 58
37633 58
37634 214
37635 342
37636 342
37637 291
37638 291
37639 291
37640 429
37641 429
37642 70
37643 24
37644 345
37645 345
37646 345
37647 71
37648 178
37649 178
37650 336
37651 336
37652 336
37653 371
37654 371
37655 371
37656 162
37657 162
37658 415
37659 275
37660 218
37661 218
37662 218
37663 245
37664 245
37665 245
37666 423
37667 423
37668 423
37669 198
37670 198
37671 309
37672 320
37673 219
37674 219
37675 219
37676 219
37677 219
37678 175
37679 368
37680 154
37681 115
37682 115
37683 350
37684 350
37685 340
37686 387
37687 369
37688 209
37689 28
37690 28
37691 28
37692 80
37693 279
37694 279
37695 279
37696 38
37697 292
37698 151
37699 151
37700 39
37701 365
37702 368
37703 365
37704 365
37705 321
37706 321
37707 282
37708 282
37709 49
37710 49
37711 49
37712 49
37713 334
37714 334
37715 105
37716 409
37717 409
37718 121
37719 285
37720 285
37721 285
37722 50
37723 312
37724 275
37725 300
37726 286
37727 286
37728 370
37729 370
37730 286
37731 286
37732 406
37733 97
37734 97
37735 326
37736 326
37737 211
37738 370
37739 370
37740 377
37741 377
37742 55
37743 55
37744 55
37745 55
37746 89
37747 89
37748 236
37749 255
37750 392
37751 392
37752 392
37753 392
37754 392
37755 403
37756 392
37757 392
37758 109
37759 247
37760 247
37761 156
37762 156
37763 345
37764 355
37765 355
37766 37
37767 191
37768 191
37769 181
37770 181
37771 98
37772 203
37773 203
37774 141
37775 198
37776 198
37777 276
37778 237
37779 140
37780 140
37781 68
37782 68
37783 68
37784 68
37785 128
37786 371
37787 89
37788 89
37789 89
37790 73
37791 196
37792 196
37793 48
37794 402
37795 263
37796 165
37797 251
37798 313
37799 313
37800 63
37801 63
37802 124
37803 124
37804 105
37805 233
37806 233
37807 273
37808 233
37809 233
37810 233
37811 233
37812 233
37813 251
37814 233
37815 233
37816 230
37817 230
37818 243
37819 243
37820 243
37821 268
37822 98
37823 98
37824 274
37825 274
37826 305
37827 305
37828 77
37829 157
37830 157
37831 165
37832 197
37833 337
37834 389
37835 380
37836 184
37837 234
37838 343
37839 343
37840 262
37841 128
37842 72
37843 69
37844 69
37845 69
37846 219
37847 205
37848 205
37849 402
37850 402
37851 96
37852 96
37853 414
37854 414
37855 414
37856 350
37857 416
37858 244
37859 348
37860 266
37861 244
37862 227
37863 227
37864 227
37865 235
37866 398
37867 72
37868 266
37869 248
37870 266
37871 266
37872 39
37873 359
37874 359
37875 359
37876 209
37877 360
37878 394
37879 394
37880 66
37881 66
37882 66
37883 230
37884 230
37885 292
37886 79
37887 79
37888 62
37889 62
37890 62
37891 25
37892 344
37893 344
37894 344
37895 383
37896 93
37897 169
37898 361
37899 262
37900 173
37901 173
37902 314
37903 255
37904 385
37905 385
37906 385
37907 292
37908 292
37909 99
37910 99
37911 426
37912 344
37913 254
37914 114
37915 387
37916 360
37917 423
37918 220
37919 175
37920 175
37921 362
37922 258
37923 258
37924 122
37925 122
37926 122
37927 383
37928 383
37929 296
37930 156
37931 156
37932 191
37933 191
37934 191
37935 416
37936 280
37937 329
37938 425
37939 51
37940 51
37941 278
37942 279
37943 279
37944 243
37945 246
37946 243
37947 243
37948 243
37949 58
37950 350
37951 46
37952 380
37953 380
37954 102
37955 102
37956 102
37957 305
37958 305
37959 305
37960 409
37961 409
37962 359
37963 359
37964 100
37965 100
37966 100
37967 178
37968 178
37969 154
37970 154
37971 402
37972 402
37973 406
37974 406
37975 406
37976 36
37977 341
37978 256
37979 256
37980 65
37981 191
37982 191
37983 191
37984 191
37985 191
37986 190
37987 50
37988 49
37989 49
37990 49
37991 49
37992 309
37993 309
37994 51
37995 51
37996 395
37997 395
37998 395
37999 345
38000 345
38001 345
38002 165
38003 157
38004 157
38005 157
38006 49
38007 49
38008 68
38009 68
38010 317
38011 202
38012 370
38013 370
38014 298
38015 298
38016 410
38017 375
38018 375
38019 149
38020 149
38021 299
38022 299
38023 87
38024 93
38025 93
38026 93
38027 273
38028 229
38029 32
38030 423
38031 73
38032 16
38033 73
38034 307
38035 307
38036 307
38037 307
38038 89
38039 89
38040 89
38041 78
38042 79
38043 78
38044 78
38045 113
38046 113
38047 113
38048 138
38049 138
38050 39
38051 39
38052 96
38053 188
38054 84
38055 84
38056 407
38057 84
38058 84
38059 280
38060 93
38061 286
38062 286
38063 286
38064 381
38065 290
38066 251
38067 88
38068 88
38069 88
38070 126
38071 126
38072 127
38073 330
38074 263
38075 223
38076 223
38077 411
38078 312
38079 312
38080 103
38081 103
38082 277
38083 277
38084 128
38085 378
38086 378
38087 378
38088 380
38089 378
38090 129
38091 129
38092 129
38093 18
38094 83
38095 83
38096 83
38097 83
38098 83
38099 84
38100 83
38101 119
38102 119
38103 334
38104 34
38105 34
38106 388
38107 263
38108 347
38109 355
38110 167
38111 167
38112 370
38113 423
38114 325
38115 325
38116 325
38117 25
38118 25
38119 125
38120 125
38121 276
38122 276
38123 276
38124 320
38125 320
38126 320
38127 234
38128 278
38129 278
38130 305
38131 305
38132 251
38133 241
38134 241
38135 309
38136 363
38137 421
38138 421
38139 421
38140 150
38141 150
38142 424
38143 66
38144 33
38145 33
38146 321
38147 266
38148 266
38149 109
38150 357
38151 357
38152 357
38153 357
38154 204
38155 204
38156 204
38157 204
38158 359
38159 359
38160 359
38161 348
38162 348
38163 348
38164 288
38165 288
38166 288
38167 330
38168 348
38169 394
38170 394
38171 141
38172 292
38173 292
38174 292
38175 292
38176 292
38177 80
38178 356
38179 356
38180 356
38181 103
38182 236
38183 411
38184 411
38185 338
38186 338
38187 317
38188 320
38189 222
38190 278
38191 159
38192 268
38193 108
38194 108
38195 108
38196 271
38197 271
38198 271
38199 272
38200 386
38201 271
38202 186
38203 186
38204 328
38205 328
38206 44
38207 44
38208 308
38209 44
38210 341
38211 262
38212 395
38213 395
38214 395
38215 324
38216 324
38217 324
38218 65
38219 65
38220 65
38221 170
38222 170
38223 170
38224 165
38225 165
38226 165
38227 165
38228 96
38229 96
38230 113
38231 113
38232 371
38233 371
38234 222
38235 89
38236 89
38237 390
38238 390
38239 390
38240 154
38241 154
38242 155
38243 155
38244 68
38245 68
38246 68
38247 187
38248 107
38249 52
38250 376
38251 376
38252 152
38253 152
38254 152
38255 152
38256 261
38257 121
38258 123
38259 362
38260 362
38261 195
38262 295
38263 50
38264 22
38265 268
38266 268
38267 52
38268 220
38269 142
38270 142
38271 142
38272 245
38273 245
38274 245
38275 319
38276 319
38277 409
38278 319
38279 280
38280 289
38281 289
38282 250
38283 250
38284 219
38285 407
38286 407
38287 407
38288 361
38289 342
38290 155
38291 322
38292 322
38293 145
38294 250
38295 250
38296 85
38297 85
38298 85
38299 85
38300 339
38301 183
38302 183
38303 183
38304 413
38305 413
38306 196
38307 196
38308 345
38309 345
38310 169
38311 90
38312 90
38313 64
38314 64
38315 399
38316 399
38317 374
38318 333
38319 389
38320 389
38321 136
38322 136
38323 254
38324 198
38325 198
38326 70
38327 83
38328 83
38329 137
38330 253
38331 253
38332 42
38333 80
38334 315
38335 315
38336 315
38337 389
38338 372
38339 372
38340 372
38341 63
38342 82
38343 82
38344 200
38345 200
38346 200
38347 374
38348 48
38349 48
38350 48
38351 337
38352 160
38353 160
38354 189
38355 353
38356 353
38357 353
38358 353
38359 419
38360 128
38361 377
38362 313
38363 313
38364 313
38365 313
38366 92
38367 237
38368 237
38369 196
38370 202
38371 202
38372 202
38373 159
38374 319
38375 319
38376 204
38377 204
38378 120
38379 196
38380 196
38381 196
38382 219
38383 26
38384 359
38385 359
38386 359
38387 128
38388 132
38389 132
38390 296
38391 406
38392 406
38393 406
38394 318
38395 318
38396 288
38397 318
38398 288
38399 288
38400 288
38401 233
38402 233
38403 300
38404 300
38405 300
38406 300
38407 66
38408 66
38409 288
38410 288
38411 100
38412 82
38413 264
38414 264
38415 121
38416 134
38417 412
38418 412
38419 412
38420 412
38421 188
38422 40
38423 242
38424 242
38425 242
38426 246
38427 246
38428 246
38429 202
38430 84
38431 145
38432 372
38433 328
38434 237
38435 237
38436 237
38437 285
38438 285
38439 285
38440 285
38441 285
38442 289
38443 205
38444 365
38445 408
38446 365
38447 367
38448 365
38449 386
38450 386
38451 386
38452 17
38453 17
38454 132
38455 175
38456 175
38457 175
38458 161
38459 316
38460 316
38461 319
38462 54
38463 54
38464 54
38465 191
38466 52
38467 111
38468 111
38469 114
38470 113
38471 258
38472 258
38473 260
38474 82
38475 82
38476 82
38477 155
38478 200
38479 412
38480 412
38481 107
38482 108
38483 375
38484 427
38485 23
38486 382
38487 382
38488 272
38489 316
38490 316
38491 371
38492 251
38493 251
38494 251
38495 251
38496 35
38497 35
38498 35
38499 35
38500 35
38501 35
38502 35
38503 35
38504 35
38505 53
38506 179
38507 179
38508 69
38509 69
38510 69
38511 69
38512 260
38513 198
38514 198
38515 198
38516 198
38517 198
38518 95
38519 109
38520 109
38521 61
38522 289
38523 289
38524 289
38525 39
38526 39
38527 122
38528 122
38529 373
38530 373
38531 373
38532 258
38533 258
38534 334
38535 241
38536 237
38537 136
38538 136
38539 136
38540 93
38541 105
38542 107
38543 121
38544 296
38545 296
38546 153
38547 153
38548 47
38549 201
38550 372
38551 332
38552 332
38553 52
38554 109
38555 109
38556 126
38557 126
38558 126
38559 287
38560 330
38561 183
38562 183
38563 30
38564 30
38565 32
38566 193
38567 193
38568 46
38569 119
38570 399
38571 399
38572 399
38573 399
38574 199
38575 199
38576 291
38577 291
38578 291
38579 311
38580 130
38581 130
38582 207
38583 207
38584 371
38585 113
38586 371
38587 255
38588 374
38589 152
38590 152
38591 119
38592 152
38593 152
38594 271
38595 271
38596 63
38597 63
38598 63
38599 27
38600 27
38601 27
38602 282
38603 294
38604 94
38605 399
38606 226
38607 226
38608 226
38609 133
38610 85
38611 36
38612 36
38613 73
38614 106
38615 106
38616 274
38617 236
38618 226
38619 226
38620 276
38621 276
38622 276
38623 276
38624 361
38625 361
38626 71
38627 71
38628 119
38629 285
38630 285
38631 285
38632 62
38633 62
38634 189
38635 383
38636 341
38637 419
38638 419
38639 419
38640 130
38641 130
38642 263
38643 59
38644 60
38645 59
38646 59
38647 364
38648 108
38649 212
38650 385
38651 385
38652 385
38653 165
38654 165
38655 175
38656 16
38657 416
38658 290
38659 168
38660 269
38661 384
38662 281
38663 281
38664 133
38665 109
38666 109
38667 109
38668 109
38669 109
38670 94
38671 192
38672 192
38673 192
38674 376
38675 376
38676 94
38677 360
38678 360
38679 283
38680 377
38681 83
38682 318
38683 318
38684 116
38685 361
38686 281
38687 180
38688 198
38689 308
38690 49
38691 49
38692 50
38693 340
38694 340
38695 196
38696 196
38697 196
38698 180
38699 180
38700 180
38701 180
38702 268
38703 112
38704 112
38705 79
38706 148
38707 392
38708 392
38709 392
38710 392
38711 178
38712 338
38713 42
38714 42
38715 174
38716 321
38717 187
38718 181
38719 135
38720 135
38721 135
38722 135
38723 179
38724 200
38725 200
38726 281
38727 93
38728 29
38729 174
38730 174
38731 235
38732 58
38733 67
38734 407
38735 173
38736 173
38737 402
38738 229
38739 11
38740 289
38741 200
38742 289
38743 290
38744 414
38745 414
38746 152
38747 422
38748 422
38749 422
38750 155
38751 274
38752 235
38753 235
38754 235
38755 315
38756 315
38757 174
38758 174
38759 260
38760 170
38761 170
38762 94
38763 393
38764 196
38765 196
38766 182
38767 386
38768 386
38769 386
38770 345
38771 345
38772 330
38773 242
38774 242
38775 87
38776 87
38777 21
38778 21
38779 350
38780 57
38781 60
38782 57
38783 97
38784 109
38785 166
38786 166
38787 60
38788 60
38789 158
38790 158
38791 158
38792 77
38793 357
38794 379
38795 379
38796 350
38797 255
38798 111
38799 245
38800 245
38801 104
38802 358
38803 362
38804 358
38805 59
38806 59
38807 254
38808 16
38809 38
38810 16
38811 68
38812 16
38813 16
38814 16
38815 16
38816 413
38817 413
38818 413
38819 130
38820 130
38821 231
38822 231
38823 231
38824 231
38825 231
38826 100
38827 99
38828 100
38829 100
38830 166
38831 336
38832 12
38833 12
38834 234
38835 37
38836 87
38837 398
38838 357
38839 357
38840 369
38841 36
38842 317
38843 317
38844 317
38845 277
38846 277
38847 277
38848 277
38849 202
38850 202
38851 202
38852 111
38853 380
38854 380
38855 380
38856 74
38857 394
38858 324
38859 324
38860 324
38861 324
38862 346
38863 146
38864 218
38865 218
38866 218
38867 218
38868 345
38869 229
38870 153
38871 153
38872 153
38873 423
38874 423
38875 423
38876 423
38877 214
38878 214
38879 175
38880 268
38881 268
38882 268
38883 179
38884 179
38885 412
38886 412
38887 105
38888 55
38889 218
38890 222
38891 218
38892 218
38893 99
38894 98
38895 98
38896 67
38897 67
38898 287
38899 67
38900 388
38901 339
38902 339
38903 339
38904 346
38905 346
38906 182
38907 80
38908 388
38909 388
38910 220
38911 399
38912 220
38913 182
38914 90
38915 52
38916 348
38917 370
38918 348
38919 72
38920 154
38921 154
38922 154
38923 321
38924 87
38925 118
38926 118
38927 118
38928 118
38929 265
38930 265
38931 265
38932 291
38933 58
38934 52
38935 179
38936 177
38937 179
38938 142
38939 142
38940 342
38941 342
38942 342
38943 66
38944 59
38945 293
38946 293
38947 293
38948 28
38949 28
38950 167
38951 71
38952 71
38953 71
38954 71
38955 22
38956 337
38957 327
38958 214
38959 214
38960 23
38961 23
38962 263
38963 42
38964 47
38965 42
38966 314
38967 188
38968 188
38969 167
38970 187
38971 300
38972 300
38973 300
38974 178
38975 178
38976 395
38977 178
38978 178
38979 219
38980 361
38981 361
38982 338
38983 338
38984 210
38985 210
38986 91
38987 75
38988 75
38989 311
38990 242
38991 125
38992 288
38993 288
38994 288
38995 288
38996 171
38997 171
38998 397
38999 415
39000 415
39001 326
39002 39
39003 410
39004 170
39005 170
39006 170
39007 397
39008 397
39009 243
39010 243
39011 134
39012 164
39013 164
39014 163
39015 194
39016 194
39017 265
39018 265
39019 88
39020 88
39021 61
39022 97
39023 364
39024 407
39025 377
39026 19
39027 405
39028 405
39029 405
39030 69
39031 247
39032 247
39033 272
39034 272
39035 377
39036 261
39037 40
39038 344
39039 339
39040 344
39041 59
39042 59
39043 123
39044 408
39045 408
39046 397
39047 354
39048 354
39049 294
39050 264
39051 264
39052 287
39053 154
39054 369
39055 422
39056 181
39057 409
39058 206
39059 214
39060 206
39061 381
39062 201
39063 201
39064 201
39065 253
39066 110
39067 83
39068 101
39069 101
39070 34
39071 34
39072 34
39073 34
39074 395
39075 395
39076 395
39077 364
39078 364
39079 313
39080 316
39081 313
39082 229
39083 223
39084 223
39085 223
39086 223
39087 366
39088 366
39089 367
39090 259
39091 259
39092 35
39093 35
39094 70
39095 240
39096 240
39097 169
39098 169
39099 46
39100 409
39101 35
39102 286
39103 286
39104 286
39105 286
39106 357
39107 130
39108 130
39109 37
39110 37
39111 37
39112 351
39113 353
39114 293
39115 293
39116 142
39117 142
39118 329
39119 329
39120 295
39121 50
39122 316
39123 276
39124 24
39125 323
39126 323
39127 374
39128 374
39129 374
39130 306
39131 306
39132 130
39133 130
39134 407
39135 76
39136 76
39137 181
39138 181
39139 101
39140 96
39141 96
39142 149
39143 284
39144 284
39145 286
39146 284
39147 95
39148 367
39149 367
39150 367
39151 367
39152 367
39153 271
39154 276
39155 294
39156 219
39157 207
39158 396
39159 323
39160 323
39161 75
39162 75
39163 75
39164 75
39165 236
39166 110
39167 110
39168 110
39169 110
39170 50
39171 51
39172 303
39173 254
39174 254
39175 397
39176 327
39177 327
39178 327
39179 198
39180 198
39181 198
39182 238
39183 238
39184 238
39185 252
39186 252
39187 125
39188 134
39189 97
39190 97
39191 97
39192 97
39193 257
39194 257
39195 289
39196 289
39197 155
39198 27
39199 27
39200 27
39201 27
39202 218
39203 218
39204 218
39205 119
39206 154
39207 140
39208 140
39209 165
39210 187
39211 165
39212 165
39213 168
39214 157
39215 157
39216 157
39217 60
39218 287
39219 294
39220 294
39221 46
39222 260
39223 194
39224 97
39225 97
39226 102
39227 243
39228 243
39229 252
39230 74
39231 166
39232 166
39233 91
39234 91
39235 175
39236 33
39237 375
39238 375
39239 375
39240 354
39241 122
39242 208
39243 208
39244 305
39245 305
39246 305
39247 200
39248 200
39249 371
39250 371
39251 27
39252 84
39253 84
39254 310
39255 74
39256 229
39257 125
39258 125
39259 125
39260 125
39261 186
39262 267
39263 267
39264 267
39265 48
39266 30
39267 30
39268 156
39269 330
39270 395
39271 292
39272 292
39273 292
39274 291
39275 291
39276 363
39277 39
39278 414
39279 414
39280 414
39281 53
39282 44
39283 44
39284 395
39285 395
39286 63
39287 101
39288 311
39289 311
39290 311
39291 311
39292 311
39293 244
39294 244
39295 154
39296 83
39297 83
39298 397
39299 396
39300 82
39301 27
39302 163
39303 163
39304 163
39305 195
39306 66
39307 66
39308 311
39309 62
39310 62
39311 62
39312 62
39313 72
39314 314
39315 338
39316 338
39317 338
39318 155
39319 182
39320 182
39321 296
39322 296
39323 356
39324 344
39325 356
39326 377
39327 356
39328 151
39329 255
39330 54
39331 54
39332 332
39333 308
39334 123
39335 123
39336 51
39337 51
39338 349
39339 349
39340 304
39341 304
39342 304
39343 304
39344 45
39345 45
39346 45
39347 195
39348 245
39349 286
39350 286
39351 286
39352 398
39353 308
39354 68
39355 68
39356 270
39357 270
39358 270
39359 127
39360 413
39361 413
39362 413
39363 413
39364 362
39365 372
39366 372
39367 169
39368 169
39369 169
39370 247
39371 247
39372 247
39373 151
39374 105
39375 105
39376 105
39377 152
39378 152
39379 287
39380 287
39381 393
39382 393
39383 393
39384 77
39385 77
39386 66
39387 248
39388 190
39389 190
39390 271
39391 271
39392 271
39393 334
39394 334
39395 334
39396 263
39397 94
39398 271
39399 271
39400 380
39401 380
39402 92
39403 92
39404 104
39405 126
39406 126
39407 403
39408 403
39409 50
39410 50
39411 82
39412 82
39413 82
39414 82
39415 82
39416 84
39417 84
39418 422
39419 283
39420 283
39421 283
39422 94
39423 94
39424 214
39425 214
39426 214
39427 217
39428 214
39429 398
39430 248
39431 279
39432 279
39433 279
39434 279
39435 391
39436 151
39437 94
39438 328
39439 328
39440 427
39441 427
39442 427
39443 113
39444 113
39445 63
39446 294
39447 207
39448 46
39449 422
39450 181
39451 181
39452 379
39453 379
39454 290
39455 247
39456 104
39457 75
39458 75
39459 169
39460 169
39461 276
39462 276
39463 302
39464 341
39465 143
39466 143
39467 143
39468 147
39469 143
39470 247
39471 415
39472 415
39473 181
39474 119
39475 119
39476 426
39477 426
39478 426
39479 159
39480 159
39481 159
39482 417
39483 417
39484 91
39485 91
39486 81
39487 81
39488 297
39489 297
39490 398
39491 375
39492 282
39493 198
39494 308
39495 316
39496 220
39497 309
39498 287
39499 187
39500 309
39501 113
39502 113
39503 78
39504 357
39505 411
39506 411
39507 306
39508 306
39509 86
39510 328
39511 331
39512 328
39513 361
39514 148
39515 148
39516 148
39517 54
39518 54
39519 376
39520 410
39521 410
39522 49
39523 49
39524 126
39525 136
39526 136
39527 136
39528 320
39529 320
39530 320
39531 320
39532 198
39533 198
39534 50
39535 270
39536 270
39537 225
39538 19
39539 86
39540 94
39541 32
39542 32
39543 32
39544 256
39545 22
39546 22
39547 397
39548 397
39549 133
39550 125
39551 125
39552 125
39553 56
39554 56
39555 56
39556 52
39557 52
39558 409
39559 409
39560 203
39561 48
39562 96
39563 48
39564 48
39565 259
39566 259
39567 408
39568 276
39569 276
39570 40
39571 225
39572 225
39573 170
39574 170
39575 288
39576 431
39577 431
39578 431
39579 22
39580 192
39581 192
39582 199
39583 397
39584 367
39585 367
39586 384
39587 179
39588 179
39589 179
39590 179
39591 179
39592 170
39593 170
39594 170
39595 170
39596 400
39597 19
39598 400
39599 37
39600 50
39601 60
39602 199
39603 50
39604 73
39605 73
39606 311
39607 311
39608 311
39609 311
39610 205
39611 175
39612 134
39613 188
39614 407
39615 203
39616 203
39617 63
39618 63
39619 183
39620 249
39621 249
39622 407
39623 412
39624 412
39625 412
39626 134
39627 286
39628 286
39629 426
39630 426
39631 73
39632 73
39633 232
39634 233
39635 155
39636 220
39637 220
39638 220
39639 220
39640 107
39641 134
39642 134
39643 137
39644 258
39645 277
39646 277
39647 59
39648 59
39649 59
39650 59
39651 206
39652 206
39653 206
39654 7
39655 73
39656 210
39657 263
39658 273
39659 95
39660 31
39661 358
39662 408
39663 408
39664 408
39665 131
39666 120
39667 30
39668 30
39669 170
39670 382
39671 382
39672 382
39673 337
39674 337
39675 107
39676 316
39677 404
39678 302
39679 302
39680 310
39681 420
39682 425
39683 102
39684 102
39685 102
39686 199
39687 102
39688 288
39689 288
39690 291
39691 291
39692 289
39693 290
39694 289
39695 289
39696 340
39697 340
39698 340
39699 294
39700 294
39701 81
39702 306
39703 306
39704 306
39705 306
39706 306
39707 283
39708 295
39709 392
39710 392
39711 392
39712 64
39713 64
39714 64
39715 116
39716 29
39717 29
39718 29
39719 29
39720 17
39721 51
39722 283
39723 283
39724 413
39725 126
39726 126
39727 144
39728 144
39729 309
39730 104
39731 186
39732 186
39733 286
39734 38
39735 36
39736 404
39737 97
39738 97
39739 178
39740 178
39741 178
39742 178
39743 178
39744 411
39745 187
39746 404
39747 233
39748 216
39749 216
39750 216
39751 206
39752 206
39753 206
39754 424
39755 226
39756 201
39757 336
39758 336
39759 390
39760 336
39761 23
39762 367
39763 367
39764 116
39765 116
39766 364
39767 423
39768 280
39769 349
39770 238
39771 242
39772 238
39773 238
39774 198
39775 198
39776 198
39777 78
39778 415
39779 413
39780 413
39781 355
39782 355
39783 171
39784 171
39785 67
39786 65
39787 65
39788 276
39789 286
39790 286
39791 40
39792 317
39793 378
39794 378
39795 378
39796 386
39797 380
39798 209
39799 172
39800 260
39801 260
39802 114
39803 260
39804 229
39805 62
39806 62
39807 62
39808 62
39809 166
39810 352
39811 423
39812 195
39813 278
39814 278
39815 266
39816 107
39817 107
39818 107
39819 107
39820 226
39821 226
39822 288
39823 226
39824 90
39825 90
39826 355
39827 385
39828 385
39829 385
39830 143
39831 143
39832 143
39833 83
39834 83
39835 83
39836 130
39837 238
39838 37
39839 302
39840 104
39841 202
39842 267
39843 180
39844 78
39845 414
39846 414
39847 414
39848 323
39849 236
39850 236
39851 24
39852 404
39853 410
39854 219
39855 219
39856 219
39857 425
39858 425
39859 331
39860 331
39861 331
39862 331
39863 331
39864 203
39865 331
39866 331
39867 331
39868 392
39869 392
39870 392
39871 392
39872 392
39873 392
39874 158
39875 329
39876 347
39877 349
39878 349
39879 202
39880 295
39881 295
39882 378
39883 380
39884 378
39885 154
39886 186
39887 375
39888 222
39889 32
39890 132
39891 304
39892 304
39893 208
39894 208
39895 267
39896 90
39897 90
39898 404
39899 78
39900 78
39901 105
39902 287
39903 297
39904 284
39905 336
39906 336
39907 303
39908 303
39909 303
39910 303
39911 197
39912 191
39913 191
39914 87
39915 391
39916 391
39917 410
39918 393
39919 383
39920 342
39921 342
39922 342
39923 211
39924 393
39925 393
39926 393
39927 246
39928 246
39929 139
39930 139
39931 139
39932 139
39933 139
39934 88
39935 88
39936 82
39937 82
39938 82
39939 82
39940 82
39941 82
39942 82
39943 82
39944 82
39945 82
39946 82
39947 82
39948 82
39949 294
39950 381
39951 74
39952 350
39953 350
39954 350
39955 177
39956 177
39957 95
39958 205
39959 51
39960 414
39961 371
39962 411
39963 348
39964 348
39965 122
39966 122
39967 34
39968 34
39969 34
39970 144
39971 144
39972 144
39973 262
39974 64
39975 64
39976 64
39977 31
39978 31
39979 31
39980 265
39981 94
39982 94
39983 382
39984 87
39985 94
39986 377
39987 393
39988 96
39989 96
39990 31
39991 31
39992 237
39993 237
39994 237
39995 47
39996 340
39997 340
39998 168
39999 421
40000 191
40001 191
40002 427
40003 427
40004 380
40005 380
40006 84
40007 84
40008 84
40009 325
40010 327
40011 325
40012 325
40013 325
40014 329
40015 344
40016 124
40017 124
40018 124
40019 124
40020 124
40021 124
40022 168
40023 124
40024 124
40025 50
40026 52
40027 23
40028 379
40029 379
40030 381
40031 171
40032 325
40033 325
40034 119
40035 174
40036 237
40037 237
40038 401
40039 185
40040 146
40041 413
40042 413
40043 229
40044 358
40045 358
40046 424
40047 358
40048 358
40049 362
40050 362
40051 362
40052 364
40053 116
40054 116
40055 211
40056 211
40057 211
40058 154
40059 154
40060 130
40061 326
40062 103
40063 103
40064 19
40065 310
40066 366
40067 366
40068 366
40069 379
40070 379
40071 395
40072 395
40073 395
40074 395
40075 395
40076 226
40077 227
40078 226
40079 226
40080 150
40081 150
40082 88
40083 351
40084 351
40085 351
40086 236
40087 371
40088 422
40089 149
40090 149
40091 48
40092 48
40093 28
40094 28
40095 28
40096 140
40097 140
40098 353
40099 353
40100 38
40101 97
40102 216
40103 216
40104 211
40105 121
40106 118
40107 118
40108 91
40109 91
40110 91
40111 91
40112 306
40113 275
40114 306
40115 30
40116 64
40117 336
40118 336
40119 336
40120 336
40121 336
40122 28
40123 27
40124 28
40125 327
40126 327
40127 327
40128 129
40129 129
40130 129
40131 129
40132 129
40133 72
40134 72
40135 255
40136 316
40137 316
40138 348
40139 226
40140 351
40141 351
40142 351
40143 294
40144 294
40145 294
40146 313
40147 313
40148 313
40149 313
40150 395
40151 395
40152 395
40153 193
40154 193
40155 277
40156 277
40157 170
40158 170
40159 121
40160 314
40161 424
40162 105
40163 105
40164 230
40165 230
40166 342
40167 342
40168 329
40169 228
40170 100
40171 100
40172 100
40173 292
40174 292
40175 222
40176 222
40177 183
40178 183
40179 105
40180 279
40181 279
40182 279
40183 279
40184 255
40185 255
40186 408
40187 408
40188 408
40189 68
40190 68
40191 71
40192 39
40193 429
40194 23
40195 23
40196 23
40197 129
40198 129
40199 129
40200 128
40201 41
40202 41
40203 211
40204 211
40205 211
40206 416
40207 416
40208 416
40209 101
40210 356
40211 356
40212 29
40213 29
40214 29
40215 105
40216 213
40217 213
40218 52
40219 154
40220 154
40221 98
40222 98
40223 375
40224 114
40225 375
40226 375
40227 121
40228 202
40229 355
40230 357
40231 355
40232 33
40233 89
40234 89
40235 89
40236 89
40237 89
40238 152
40239 315
40240 352
40241 425
40242 360
40243 360
40244 275
40245 275
40246 214
40247 214
40248 422
40249 422
40250 412
40251 389
40252 389
40253 119
40254 99
40255 99
40256 62
40257 62
40258 62
40259 62
40260 168
40261 332
40262 332
40263 32
40264 32
40265 126
40266 47
40267 68
40268 68
40269 71
40270 71
40271 179
40272 179
40273 179
40274 179
40275 327
40276 422
40277 328
40278 328
40279 328
40280 148
40281 142
40282 4
40283 4
40284 379
40285 379
40286 379
40287 364
40288 364
40289 87
40290 275
40291 72
40292 145
40293 145
40294 375
40295 379
40296 371
40297 146
40298 111
40299 120
40300 120
40301 120
40302 238
40303 238
40304 238
40305 205
40306 205
40307 205
40308 228
40309 113
40310 113
40311 110
40312 275
40313 275
40314 282
40315 282
40316 282
40317 235
40318 235
40319 65
40320 65
40321 345
40322 345
40323 345
40324 38
40325 308
40326 310
40327 308
40328 373
40329 373
40330 426
40331 426
40332 330
40333 315
40334 289
40335 254
40336 248
40337 262
40338 241
40339 310
40340 265
40341 265
40342 232
40343 173
40344 114
40345 114
40346 117
40347 117
40348 201
40349 251
40350 251
40351 251
40352 295
40353 48
40354 48
40355 221
40356 221
40357 221
40358 154
40359 154
40360 76
40361 76
40362 76
40363 78
40364 76
40365 76
40366 364
40367 364
40368 151
40369 229
40370 273
40371 299
40372 78
40373 78
40374 208
40375 397
40376 397
40377 91
40378 365
40379 93
40380 93
40381 93
40382 394
40383 394
40384 394
40385 261
40386 346
40387 420
40388 382
40389 382
40390 410
40391 120
40392 120
40393 195
40394 205
40395 205
40396 425
40397 179
40398 204
40399 228
40400 217
40401 217
40402 50
40403 50
40404 296
40405 143
40406 280
40407 143
40408 321
40409 96
40410 96
40411 96
40412 96
40413 37
40414 33
40415 37
40416 418
40417 81
40418 81
40419 57
40420 414
40421 414
40422 301
40423 301
40424 301
40425 400
40426 182
40427 360
40428 250
40429 250
40430 250
40431 403
40432 291
40433 291
40434 69
40435 69
40436 289
40437 200
40438 200
40439 24
40440 80
40441 80
40442 298
40443 298
40444 298
40445 287
40446 287
40447 107
40448 394
40449 405
40450 405
40451 125
40452 219
40453 285
40454 362
40455 362
40456 362
40457 290
40458 398
40459 294
40460 294
40461 136
40462 136
40463 48
40464 48
40465 191
40466 131
40467 197
40468 197
40469 155
40470 77
40471 77
40472 103
40473 103
40474 140
40475 140
40476 40
40477 427
40478 427
40479 427
40480 183
40481 183
40482 37
40483 37
40484 35
40485 35
40486 383
40487 266
40488 383
40489 350
40490 197
40491 197
40492 197
40493 293
40494 293
40495 284
40496 284
40497 260
40498 378
40499 264
40500 264
40501 264
40502 141
40503 362
40504 306
40505 306
40506 101
40507 83
40508 83
40509 83
40510 335
40511 90
40512 90
40513 90
40514 130
40515 266
40516 266
40517 50
40518 50
40519 371
40520 369
40521 294
40522 251
40523 251
40524 255
40525 255
40526 156
40527 332
40528 332
40529 222
40530 349
40531 405
40532 405
40533 101
40534 226
40535 226
40536 226
40537 226
40538 66
40539 66
40540 66
40541 109
40542 109
40543 66
40544 66
40545 343
40546 343
40547 343
40548 283
40549 401
40550 401
40551 31
40552 129
40553 129
40554 313
40555 168
40556 192
40557 192
40558 192
40559 192
40560 233
40561 233
40562 233
40563 417
40564 417
40565 229
40566 110
40567 236
40568 236
40569 236
40570 208
40571 208
40572 416
40573 416
40574 416
40575 133
40576 132
40577 132
40578 340
40579 340
40580 340
40581 112
40582 146
40583 112
40584 112
40585 112
40586 35
40587 223
40588 223
40589 366
40590 366
40591 302
40592 47
40593 186
40594 416
40595 424
40596 424
40597 315
40598 374
40599 374
40600 411
40601 286
40602 286
40603 359
40604 359
40605 359
40606 156
40607 262
40608 369
40609 338
40610 338
40611 338
40612 338
40613 295
40614 323
40615 209
40616 77
40617 77
40618 322
40619 322
40620 322
40621 65
40622 392
40623 392
40624 423
40625 392
40626 392
40627 277
40628 277
40629 277
40630 102
40631 102
40632 419
40633 265
40634 39
40635 39
40636 13
40637 33
40638 53
40639 53
40640 7
40641 224
40642 224
40643 368
40644 342
40645 203
40646 203
40647 203
40648 295
40649 227
40650 111
40651 139
40652 139
40653 268
40654 268
40655 132
40656 132
40657 126
40658 132
40659 195
40660 255
40661 232
40662 40
40663 40
40664 144
40665 144
40666 310
40667 88
40668 88
40669 417
40670 416
40671 417
40672 417
40673 312
40674 312
40675 404
40676 100
40677 100
40678 100
40679 261
40680 261
40681 149
40682 149
40683 149
40684 160
40685 345
40686 345
40687 390
40688 177
40689 177
40690 177
40691 227
40692 227
40693 130
40694 130
40695 110
40696 110
40697 110
40698 24
40699 388
40700 388
40701 254
40702 98
40703 254
40704 427
40705 427
40706 427
40707 142
40708 142
40709 254
40710 251
40711 251
40712 251
40713 306
40714 280
40715 277
40716 277
40717 277
40718 143
40719 143
40720 176
40721 329
40722 329
40723 151
40724 226
40725 33
40726 33
40727 97
40728 226
40729 226
40730 48
40731 48
40732 371
40733 371
40734 58
40735 146
40736 96
40737 96
40738 96
40739 238
40740 238
40741 321
40742 321
40743 144
40744 183
40745 183
40746 183
40747 176
40748 31
40749 31
40750 31
40751 139
40752 88
40753 88
40754 51
40755 283
40756 283
40757 107
40758 161
40759 213
40760 204
40761 204
40762 204
40763 204
40764 396
40765 106
40766 187
40767 187
40768 187
40769 152
40770 200
40771 200
40772 402
40773 304
40774 304
40775 195
40776 70
40777 92
40778 92
40779 80
40780 239
40781 239
40782 239
40783 239
40784 183
40785 183
40786 330
40787 265
40788 265
40789 307
40790 368
40791 64
40792 22
40793 385
40794 385
40795 398
40796 205
40797 63
40798 366
40799 366
40800 377
40801 243
40802 243
40803 243
40804 243
40805 377
40806 189
40807 189
40808 60
40809 319
40810 319
40811 364
40812 190
40813 85
40814 324
40815 324
40816 324
40817 330
40818 284
40819 347
40820 347
40821 330
40822 358
40823 358
40824 358
40825 358
40826 106
40827 93
40828 93
40829 191
40830 191
40831 191
40832 102
40833 102
40834 372
40835 372
40836 288
40837 288
40838 245
40839 55
40840 55
40841 55
40842 299
40843 299
40844 180
40845 180
40846 100
40847 100
40848 425
40849 276
40850 276
40851 184
40852 286
40853 172
40854 154
40855 330
40856 100
40857 100
40858 138
40859 138
40860 138
40861 234
40862 413
40863 207
40864 207
40865 207
40866 210
40867 210
40868 210
40869 417
40870 133
40871 133
40872 133
40873 133
40874 416
40875 409
40876 100
40877 78
40878 241
40879 241
40880 418
40881 418
40882 170
40883 170
40884 160
40885 314
40886 201
40887 201
40888 201
40889 21
40890 21
40891 21
40892 352
40893 361
40894 246
40895 246
40896 246
40897 89
40898 337
40899 337
40900 237
40901 337
40902 87
40903 87
40904 295
40905 295
40906 295
40907 295
40908 164
40909 86
40910 375
40911 375
40912 375
40913 81
40914 402
40915 38
40916 109
40917 109
40918 316
40919 18
40920 293
40921 174
40922 281
40923 281
40924 371
40925 93
40926 219
40927 219
40928 160
40929 160
40930 110
40931 110
40932 191
40933 191
40934 222
40935 140
40936 140
40937 140
40938 140
40939 186
40940 392
40941 132
40942 280
40943 138
40944 138
40945 138
40946 310
40947 288
40948 288
40949 290
40950 271
40951 271
40952 347
40953 281
40954 350
40955 367
40956 367
40957 182
40958 108
40959 86
40960 235
40961 222
40962 158
40963 158
40964 83
40965 83
40966 83
40967 193
40968 283
40969 291
40970 291
40971 317
40972 397
40973 317
40974 109
40975 253
40976 253
40977 59
40978 59
40979 94
40980 94
40981 360
40982 284
40983 285
40984 284
40985 378
40986 378
40987 379
40988 380
40989 381
40990 241
40991 357
40992 370
40993 128
40994 364
40995 302
40996 302
40997 302
40998 302
40999 302
41000 373
41001 140
41002 140
41003 384
41004 202
41005 202
41006 125
41007 412
41008 239
41009 239
41010 251
41011 251
41012 251
41013 409
41014 409
41015 144
41016 323
41017 123
41018 123
41019 123
41020 295
41021 283
41022 283
41023 302
41024 101
41025 101
41026 70
41027 403
41028 403
41029 164
41030 376
41031 386
41032 386
41033 386
41034 281
41035 281
41036 337
41037 382
41038 382
41039 382
41040 429
41041 429
41042 429
41043 82
41044 74
41045 415
41046 415
41047 415
41048 313
41049 415
41050 313
41051 313
41052 40
41053 40
41054 40
41055 375
41056 375
41057 317
41058 312
41059 312
41060 265
41061 219
41062 196
41063 193
41064 274
41065 274
41066 274
41067 130
41068 130
41069 130
41070 413
41071 413
41072 150
41073 150
41074 351
41075 351
41076 351
41077 351
41078 351
41079 129
41080 300
41081 300
41082 76
41083 37
41084 345
41085 405
41086 405
41087 57
41088 273
41089 350
41090 408
41091 408
41092 88
41093 88
41094 88
41095 88
41096 182
41097 182
41098 99
41099 99
41100 258
41101 236
41102 258
41103 42
41104 326
41105 326
41106 230
41107 230
41108 229
41109 354
41110 158
41111 52
41112 74
41113 426
41114 426
41115 368
41116 368
41117 197
41118 197
41119 197
41120 408
41121 176
41122 176
41123 176
41124 67
41125 176
41126 338
41127 338
41128 338
41129 84
41130 174
41131 91
41132 91
41133 329
41134 136
41135 203
41136 29
41137 29
41138 29
41139 390
41140 390
41141 283
41142 398
41143 398
41144 89
41145 38
41146 38
41147 146
41148 246
41149 210
41150 341
41151 341
41152 341
41153 305
41154 305
41155 51
41156 207
41157 204
41158 204
41159 251
41160 251
41161 128
41162 128
41163 128
41164 143
41165 143
41166 143
41167 100
41168 384
41169 384
41170 384
41171 279
41172 279
41173 348
41174 358
41175 358
41176 73
41177 83
41178 267
41179 332
41180 332
41181 98
41182 388
41183 176
41184 176
41185 176
41186 176
41187 159
41188 335
41189 197
41190 293
41191 293
41192 322
41193 220
41194 261
41195 76
41196 76
41197 101
41198 238
41199 238
41200 238
41201 66
41202 66
41203 66
41204 242
41205 45
41206 45
41207 229
41208 295
41209 228
41210 319
41211 319
41212 101
41213 67
41214 67
41215 218
41216 218
41217 287
41218 228
41219 302
41220 147
41221 302
41222 302
41223 302
41224 221
41225 73
41226 254
41227 220
41228 220
41229 57
41230 57
41231 57
41232 57
41233 29
41234 29
41235 174
41236 124
41237 124
41238 30
41239 30
41240 30
41241 81
41242 277
41243 277
41244 163
41245 163
41246 163
41247 162
41248 312
41249 312
41250 312
41251 343
41252 343
41253 340
41254 340
41255 168
41256 168
41257 168
41258 227
41259 128
41260 386
41261 339
41262 339
41263 339
41264 339
41265 177
41266 177
41267 177
41268 381
41269 381
41270 381
41271 176
41272 176
41273 76
41274 410
41275 211
41276 203
41277 203
41278 96
41279 423
41280 142
41281 142
41282 169
41283 169
41284 169
41285 169
41286 202
41287 202
41288 224
41289 224
41290 143
41291 143
41292 116
41293 116
41294 41
41295 55
41296 55
41297 55
41298 55
41299 55
41300 340
41301 340
41302 289
41303 50
41304 201
41305 201
41306 116
41307 116
41308 116
41309 309
41310 407
41311 407
41312 351
41313 351
41314 351
41315 326
41316 326
41317 21
41318 161
41319 297
41320 297
41321 161
41322 231
41323 231
41324 231
41325 88
41326 340
41327 340
41328 126
41329 28
41330 28
41331 319
41332 319
41333 168
41334 319
41335 122
41336 103
41337 103
41338 103
41339 103
41340 373
41341 373
41342 98
41343 98
41344 37
41345 190
41346 281
41347 64
41348 156
41349 156
41350 243
41351 243
41352 243
41353 315
41354 315
41355 315
41356 427
41357 427
41358 427
41359 360
41360 360
41361 154
41362 154
41363 368
41364 368
41365 162
41366 162
41367 187
41368 187
41369 163
41370 163
41371 163
41372 163
41373 163
41374 163
41375 310
41376 342
41377 342
41378 75
41379 70
41380 422
41381 422
41382 269
41383 201
41384 382
41385 148
41386 252
41387 356
41388 112
41389 112
41390 288
41391 288
41392 269
41393 39
41394 92
41395 142
41396 142
41397 142
41398 415
41399 176
41400 176
41401 176
41402 176
41403 176
41404 176
41405 361
41406 107
41407 84
41408 220
41409 220
41410 220
41411 220
41412 220
41413 223
41414 223
41415 223
41416 65
41417 267
41418 267
41419 160
41420 89
41421 89
41422 20
41423 61
41424 61
41425 266
41426 266
41427 66
41428 66
41429 348
41430 348
41431 89
41432 89
41433 89
41434 89
41435 282
41436 292
41437 292
41438 310
41439 182
41440 247
41441 90
41442 90
41443 409
41444 405
41445 405
41446 405
41447 330
41448 330
41449 330
41450 101
41451 391
41452 182
41453 176
41454 176
41455 176
41456 308
41457 308
41458 90
41459 90
41460 90
41461 87
41462 191
41463 370
41464 370
41465 289
41466 59
41467 228
41468 425
41469 275
41470 376
41471 392
41472 392
41473 45
41474 292
41475 35
41476 35
41477 106
41478 227
41479 227
41480 169
41481 169
41482 200
41483 200
41484 200
41485 427
41486 200
41487 200
41488 229
41489 161
41490 161
41491 247
41492 224
41493 197
41494 197
41495 399
41496 134
41497 234
41498 163
41499 108
41500 108
41501 374
41502 108
41503 379
41504 379
41505 379
41506 158
41507 158
41508 383
41509 383
41510 79
41511 45
41512 45
41513 45
41514 41
41515 262
41516 262
41517 262
41518 31
41519 31
41520 95
41521 95
41522 402
41523 402
41524 402
41525 400
41526 400
41527 203
41528 239
41529 239
41530 35
41531 26
41532 265
41533 265
41534 105
41535 85
41536 85
41537 286
41538 363
41539 363
41540 149
41541 149
41542 149
41543 149
41544 149
41545 285
41546 285
41547 235
41548 235
41549 189
41550 334
41551 334
41552 334
41553 25
41554 43
41555 43
41556 304
41557 304
41558 304
41559 18
41560 18
41561 18
41562 404
41563 404
41564 102
41565 102
41566 102
41567 413
41568 135
41569 135
41570 135
41571 301
41572 224
41573 224
41574 172
41575 270
41576 270
41577 270
41578 270
41579 70
41580 70
41581 70
41582 403
41583 69
41584 69
41585 226
41586 116
41587 116
41588 116
41589 307
41590 307
41591 330
41592 330
41593 292
41594 363
41595 119
41596 119
41597 162
41598 36
41599 310
41600 184
41601 270
41602 270
41603 270
41604 142
41605 142
41606 374
41607 94
41608 239
41609 270
41610 270
41611 270
41612 222
41613 373
41614 373
41615 373
41616 146
41617 120
41618 170
41619 312
41620 312
41621 298
41622 298
41623 216
41624 216
41625 202
41626 255
41627 194
41628 194
41629 194
41630 295
41631 76
41632 138
41633 138
41634 138
41635 425
41636 240
41637 174
41638 347
41639 46
41640 43
41641 43
41642 43
41643 43
41644 79
41645 355
41646 316
41647 389
41648 389
41649 73
41650 73
41651 73
41652 84
41653 367
41654 367
41655 367
41656 367
41657 144
41658 148
41659 57
41660 240
41661 287
41662 306
41663 306
41664 144
41665 144
41666 144
41667 135
41668 135
41669 135
41670 135
41671 131
41672 44
41673 297
41674 297
41675 297
41676 50
41677 266
41678 399
41679 311
41680 311
41681 147
41682 147
41683 147
41684 206
41685 334
41686 334
41687 334
41688 183
41689 183
41690 248
41691 265
41692 206
41693 78
41694 266
41695 266
41696 229
41697 229
41698 50
41699 79
41700 79
41701 129
41702 129
41703 97
41704 97
41705 92
41706 408
41707 421
41708 159
41709 273
41710 412
41711 412
41712 412
41713 242
41714 144
41715 263
41716 96
41717 46
41718 190
41719 190
41720 190
41721 201
41722 201
41723 68
41724 68
41725 68
41726 376
41727 423
41728 347
41729 347
41730 162
41731 162
41732 80
41733 282
41734 98
41735 26
41736 257
41737 257
41738 257
41739 257
41740 257
41741 257
41742 257
41743 257
41744 257
41745 311
41746 311
41747 174
41748 145
41749 145
41750 145
41751 404
41752 404
41753 81
41754 46
41755 322
41756 177
41757 177
41758 177
41759 77
41760 219
41761 201
41762 163
41763 163
41764 26
41765 26
41766 244
41767 244
41768 244
41769 241
41770 241
41771 241
41772 222
41773 357
41774 357
41775 357
41776 370
41777 255
41778 374
41779 164
41780 164
41781 223
41782 223
41783 15
41784 15
41785 15
41786 296
41787 99
41788 331
41789 331
41790 331
41791 331
41792 46
41793 321
41794 151
41795 199
41796 199
41797 360
41798 246
41799 360
41800 108
41801 292
41802 292
41803 292
41804 292
41805 151
41806 151
41807 151
41808 151
41809 151
41810 415
41811 415
41812 33
41813 65
41814 178
41815 178
41816 87
41817 337
41818 257
41819 257
41820 257
41821 236
41822 236
41823 261
41824 197
41825 197
41826 197
41827 166
41828 166
41829 166
41830 132
41831 132
41832 184
41833 184
41834 49
41835 49
41836 49
41837 60
41838 60
41839 51
41840 150
41841 150
41842 365
41843 365
41844 140
41845 140
41846 140
41847 50
41848 32
41849 113
41850 113
41851 371
41852 371
41853 371
41854 371
41855 342
41856 326
41857 275
41858 174
41859 174
41860 216
41861 216
41862 115
41863 115
41864 329
41865 120
41866 120
41867 352
41868 387
41869 424
41870 339
41871 174
41872 235
41873 235
41874 427
41875 412
41876 412
41877 186
41878 186
41879 301
41880 301
41881 372
41882 372
41883 372
41884 6
41885 366
41886 366
41887 366
41888 366
41889 366
41890 366
41891 173
41892 398
41893 402
41894 402
41895 176
41896 176
41897 176
41898 47
41899 47
41900 47
41901 344
41902 363
41903 363
41904 47
41905 294
41906 294
41907 294
41908 398
41909 26
41910 172
41911 172
41912 352
41913 352
41914 352
41915 352
41916 352
41917 402
41918 228
41919 228
41920 384
41921 53
41922 185
41923 118
41924 118
41925 118
41926 118
41927 342
41928 342
41929 342
41930 77
41931 275
41932 275
41933 55
41934 55
41935 427
41936 159
41937 177
41938 41
41939 41
41940 41
41941 394
41942 400
41943 284
41944 284
41945 284
41946 294
41947 294
41948 294
41949 294
41950 352
41951 352
41952 352
41953 352
41954 352
41955 352
41956 352
41957 56
41958 56
41959 56
41960 56
41961 147
41962 147
41963 121
41964 62
41965 62
41966 186
41967 186
41968 131
41969 176
41970 176
41971 176
41972 176
41973 176
41974 95
41975 95
41976 95
41977 287
41978 287
41979 309
41980 309
41981 365
41982 428
41983 426
41984 265
41985 265
41986 265
41987 255
41988 394
41989 38
41990 394
41991 126
41992 273
41993 138
41994 138
41995 138
41996 138
41997 138
41998 138
41999 274
42000 274
42001 274
42002 274
42003 185
42004 185
42005 355
42006 355
42007 383
42008 98
42009 98
42010 207
42011 207
42012 383
42013 408
42014 387
42015 387
42016 341
42017 269
42018 210
42019 210
42020 147
42021 210
42022 148
42023 267
42024 82
42025 82
42026 103
42027 239
42028 27
42029 394
42030 394
42031 288
42032 280
42033 288
42034 65
42035 141
42036 157
42037 157
42038 207
42039 207
42040 207
42041 361
42042 272
42043 272
42044 61
42045 61
42046 23
42047 23
42048 167
42049 167
42050 358
42051 358
42052 61
42053 61
42054 373
42055 373
42056 319
42057 91
42058 63
42059 63
42060 141
42061 330
42062 275
42063 401
42064 100
42065 100
42066 133
42067 310
42068 341
42069 341
42070 145
42071 20
42072 424
42073 131
42074 131
42075 89
42076 89
42077 89
42078 346
42079 199
42080 170
42081 170
42082 170
42083 64
42084 64
42085 367
42086 78
42087 374
42088 374
42089 392
42090 392
42091 392
42092 367
42093 70
42094 267
42095 154
42096 155
42097 154
42098 154
42099 313
42100 313
42101 278
42102 307
42103 307
42104 307
42105 345
42106 183
42107 82
42108 82
42109 82
42110 375
42111 375
42112 197
42113 197
42114 348
42115 348
42116 209
42117 266
42118 344
42119 331
42120 331
42121 415
42122 64
42123 64
42124 237
42125 237
42126 327
42127 320
42128 320
42129 320
42130 24
42131 420
42132 12
42133 98
42134 413
42135 413
42136 413
42137 349
42138 269
42139 89
42140 89
42141 272
42142 36
42143 287
42144 56
42145 56
42146 56
42147 165
42148 165
42149 26
42150 318
42151 318
42152 33
42153 289
42154 289
42155 286
42156 289
42157 120
42158 172
42159 172
42160 172
42161 172
42162 428
42163 391
42164 95
42165 300
42166 300
42167 300
42168 333
42169 333
42170 333
42171 333
42172 85
42173 108
42174 108
42175 108
42176 108
42177 20
42178 214
42179 214
42180 300
42181 300
42182 300
42183 300
42184 92
42185 92
42186 345
42187 345
42188 276
42189 418
42190 418
42191 418
42192 418
42193 380
42194 367
42195 367
42196 367
42197 424
42198 379
42199 379
42200 379
42201 21
42202 43
42203 21
42204 376
42205 221
42206 221
42207 221
42208 221
42209 81
42210 278
42211 278
42212 278
42213 307
42214 425
42215 425
42216 425
42217 120
42218 120
42219 278
42220 278
42221 278
42222 231
42223 231
42224 202
42225 92
42226 242
42227 65
42228 291
42229 291
42230 90
42231 131
42232 234
42233 234
42234 234
42235 99
42236 247
42237 247
42238 173
42239 173
42240 171
42241 131
42242 223
42243 223
42244 199
42245 361
42246 361
42247 365
42248 365
42249 286
42250 66
42251 66
42252 168
42253 367
42254 367
42255 158
42256 158
42257 158
42258 395
42259 290
42260 352
42261 352
42262 352
42263 40
42264 85
42265 85
42266 236
42267 410
42268 46
42269 60
42270 365
42271 365
42272 365
42273 196
42274 196
42275 196
42276 219
42277 146
42278 146
42279 146
42280 95
42281 95
42282 95
42283 157
42284 157
42285 412
42286 148
42287 148
42288 262
42289 368
42290 368
42291 189
42292 189
42293 189
42294 94
42295 367
42296 356
42297 150
42298 150
42299 67
42300 196
42301 386
42302 90
42303 56
42304 56
42305 20
42306 76
42307 337
42308 315
42309 320
42310 320
42311 320
42312 320
42313 106
42314 106
42315 274
42316 274
42317 274
42318 198
42319 150
42320 13
42321 127
42322 127
42323 361
42324 361
42325 35
42326 206
42327 309
42328 185
42329 185
42330 311
42331 311
42332 311
42333 421
42334 246
42335 335
42336 335
42337 335
42338 335
42339 106
42340 361
42341 138
42342 291
42343 291
42344 165
42345 208
42346 208
42347 95
42348 363
42349 385
42350 385
42351 385
42352 76
42353 76
42354 76
42355 306
42356 212
42357 212
42358 216
42359 399
42360 379
42361 379
42362 381
42363 379
42364 412
42365 412
42366 412
42367 412
42368 186
42369 385
42370 385
42371 385
42372 162
42373 40
42374 222
42375 40
42376 318
42377 318
42378 22
42379 216
42380 216
42381 35
42382 240
42383 240
42384 424
42385 417
42386 417
42387 417
42388 395
42389 395
42390 395
42391 247
42392 144
42393 294
42394 294
42395 294
42396 103
42397 103
42398 109
42399 109
42400 50
42401 428
42402 262
42403 262
42404 262
42405 348
42406 348
42407 138
42408 293
42409 293
42410 209
42411 361
42412 414
42413 414
42414 158
42415 158
42416 162
42417 162
42418 164
42419 162
42420 162
42421 330
42422 181
42423 181
42424 72
42425 72
42426 257
42427 257
42428 257
42429 257
42430 103
42431 103
42432 38
42433 38
42434 144
42435 144
42436 358
42437 358
42438 318
42439 318
42440 318
42441 177
42442 413
42443 413
42444 258
42445 275
42446 6
42447 34
42448 34
42449 34
42450 34
42451 34
42452 69
42453 258
42454 65
42455 65
42456 108
42457 108
42458 414
42459 414
42460 114
42461 245
42462 67
42463 417
42464 417
42465 410
42466 410
42467 278
42468 278
42469 245
42470 245
42471 407
42472 407
42473 407
42474 407
42475 99
42476 99
42477 99
42478 73
42479 125
42480 125
42481 191
42482 191
42483 101
42484 49
42485 49
42486 204
42487 204
42488 204
42489 204
42490 204
42491 247
42492 22
42493 22
42494 22
42495 98
42496 282
42497 119
42498 119
42499 33
42500 230
42501 398
42502 206
42503 173
42504 206
42505 206
42506 103
42507 103
42508 103
42509 390
42510 217
42511 117
42512 117
42513 117
42514 43
42515 154
42516 87
42517 202
42518 303
42519 382
42520 382
42521 248
42522 381
42523 231
42524 231
42525 231
42526 129
42527 129
42528 129
42529 313
42530 83
42531 83
42532 205
42533 98
42534 246
42535 88
42536 88
42537 88
42538 173
42539 173
42540 414
42541 414
42542 333
42543 333
42544 333
42545 333
42546 192
42547 142
42548 142
42549 243
42550 243
42551 243
42552 243
42553 167
42554 167
42555 167
42556 167
42557 167
42558 206
42559 253
42560 253
42561 253
42562 253
42563 420
42564 420
42565 420
42566 124
42567 124
42568 234
42569 234
42570 326
42571 277
42572 277
42573 277
42574 277
42575 112
42576 321
42577 321
42578 66
42579 66
42580 211
42581 103
42582 131
42583 131
42584 131
42585 390
42586 390
42587 390
42588 32
42589 264
42590 264
42591 160
42592 404
42593 404
42594 405
42595 405
42596 405
42597 315
42598 80
42599 47
42600 47
42601 47
42602 388
42603 369
42604 369
42605 369
42606 369
42607 369
42608 273
42609 273
42610 263
42611 273
42612 205
42613 36
42614 108
42615 108
42616 104
42617 104
42618 169
42619 172
42620 169
42621 169
42622 418
42623 72
42624 72
42625 72
42626 148
42627 233
42628 233
42629 216
42630 426
42631 283
42632 103
42633 103
42634 69
42635 69
42636 357
42637 316
42638 172
42639 172
42640 172
42641 282
42642 224
42643 224
42644 255
42645 161
42646 319
42647 301
42648 204
42649 204
42650 402
42651 402
42652 299
42653 299
42654 120
42655 120
42656 120
42657 373
42658 373
42659 145
42660 297
42661 297
42662 281
42663 128
42664 128
42665 406
42666 406
42667 118
42668 60
42669 239
42670 239
42671 217
42672 217
42673 193
42674 365
42675 365
42676 365
42677 365
42678 368
42679 94
42680 202
42681 157
42682 157
42683 157
42684 70
42685 139
42686 139
42687 139
42688 31
42689 31
42690 31
42691 335
42692 427
42693 427
42694 427
42695 86
42696 188
42697 398
42698 120
42699 120
42700 120
42701 403
42702 249
42703 145
42704 37
42705 37
42706 169
42707 169
42708 332
42709 394
42710 332
42711 332
42712 332
42713 70
42714 425
42715 391
42716 349
42717 349
42718 238
42719 410
42720 170
42721 71
42722 71
42723 104
42724 261
42725 261
42726 261
42727 80
42728 158
42729 158
42730 22
42731 218
42732 218
42733 218
42734 350
42735 364
42736 134
42737 297
42738 64
42739 416
42740 290
42741 130
42742 148
42743 130
42744 130
42745 413
42746 413
42747 161
42748 267
42749 267
42750 358
42751 358
42752 358
42753 161
42754 141
42755 141
42756 281
42757 281
42758 333
42759 333
42760 37
42761 148
42762 358
42763 358
42764 358
42765 358
42766 102
42767 102
42768 102
42769 207
42770 102
42771 192
42772 192
42773 15
42774 48
42775 48
42776 152
42777 152
42778 152
42779 127
42780 169
42781 397
42782 397
42783 284
42784 284
42785 284
42786 389
42787 199
42788 363
42789 359
42790 359
42791 164
42792 164
42793 164
42794 280
42795 70
42796 310
42797 376
42798 168
42799 415
42800 209
42801 45
42802 45
42803 304
42804 304
42805 307
42806 304
42807 274
42808 274
42809 411
42810 411
42811 324
42812 324
42813 324
42814 114
42815 262
42816 411
42817 411
42818 308
42819 423
42820 387
42821 387
42822 387
42823 42
42824 42
42825 252
42826 42
42827 42
42828 42
42829 269
42830 142
42831 142
42832 348
42833 402
42834 107
42835 311
42836 146
42837 146
42838 92
42839 306
42840 253
42841 381
42842 381
42843 381
42844 354
42845 354
42846 354
42847 354
42848 354
42849 171
42850 171
42851 66
42852 136
42853 136
42854 241
42855 177
42856 177
42857 176
42858 177
42859 177
42860 316
42861 134
42862 134
42863 134
42864 364
42865 98
42866 341
42867 413
42868 413
42869 413
42870 287
42871 394
42872 394
42873 394
42874 394
42875 61
42876 307
42877 282
42878 282
42879 355
42880 326
42881 98
42882 275
42883 135
42884 94
42885 70
42886 407
42887 328
42888 204
42889 204
42890 288
42891 79
42892 292
42893 292
42894 292
42895 260
42896 260
42897 260
42898 342
42899 342
42900 364
42901 364
42902 139
42903 139
42904 246
42905 246
42906 44
42907 299
42908 299
42909 299
42910 392
42911 60
42912 60
42913 56
42914 385
42915 258
42916 258
42917 254
42918 134
42919 330
42920 341
42921 375
42922 412
42923 98
42924 98
42925 98
42926 67
42927 67
42928 313
42929 318
42930 177
42931 177
42932 400
42933 283
42934 301
42935 301
42936 301
42937 184
42938 184
42939 87
42940 428
42941 115
42942 115
42943 67
42944 424
42945 424
42946 404
42947 403
42948 403
42949 364
42950 32
42951 32
42952 91
42953 37
42954 325
42955 305
42956 305
42957 305
42958 108
42959 108
42960 286
42961 286
42962 402
42963 196
42964 196
42965 295
42966 295
42967 43
42968 279
42969 253
42970 210
42971 326
42972 326
42973 34
42974 34
42975 34
42976 267
42977 267
42978 118
42979 284
42980 284
42981 284
42982 284
42983 234
42984 234
42985 125
42986 125
42987 348
42988 186
42989 186
42990 186
42991 96
42992 372
42993 372
42994 92
42995 92
42996 192
42997 192
42998 363
42999 225
43000 225
43001 225
43002 425
43003 252
43004 347
43005 347
43006 199
43007 362
43008 363
43009 363
43010 124
43011 124
43012 124
43013 124
43014 174
43015 174
43016 185
43017 127
43018 37
43019 222
43020 222
43021 383
43022 383
43023 305
43024 305
43025 305
43026 278
43027 278
43028 279
43029 290
43030 247
43031 247
43032 196
43033 196
43034 196
43035 47
43036 383
43037 383
43038 245
43039 245
43040 418
43041 289
43042 289
43043 324
43044 324
43045 324
43046 324
43047 393
43048 393
43049 393
43050 393
43051 222
43052 323
43053 280
43054 88
43055 87
43056 223
43057 223
43058 223
43059 223
43060 225
43061 265
43062 265
43063 394
43064 394
43065 298
43066 298
43067 37
43068 121
43069 96
43070 96
43071 266
43072 6
43073 341
43074 261
43075 59
43076 59
43077 134
43078 268
43079 268
43080 268
43081 163
43082 163
43083 417
43084 417
43085 383
43086 383
43087 92
43088 95
43089 95
43090 95
43091 237
43092 237
43093 376
43094 110
43095 110
43096 110
43097 159
43098 53
43099 53
43100 403
43101 403
43102 290
43103 403
43104 350
43105 96
43106 270
43107 270
43108 154
43109 154
43110 128
43111 288
43112 114
43113 195
43114 249
43115 254
43116 254
43117 66
43118 324
43119 326
43120 324
43121 324
43122 324
43123 199
43124 199
43125 129
43126 129
43127 129
43128 129
43129 412
43130 412
43131 412
43132 20
43133 288
43134 94
43135 201
43136 201
43137 358
43138 358
43139 46
43140 420
43141 420
43142 284
43143 132
43144 132
43145 316
43146 179
43147 179
43148 179
43149 38
43150 31
43151 31
43152 31
43153 30
43154 76
43155 76
43156 76
43157 238
43158 238
43159 21
43160 21
43161 323
43162 323
43163 251
43164 251
43165 53
43166 136
43167 136
43168 136
43169 365
43170 64
43171 24
43172 38
43173 24
43174 392
43175 392
43176 392
43177 361
43178 99
43179 359
43180 153
43181 214
43182 214
43183 214
43184 231
43185 39
43186 127
43187 188
43188 383
43189 347
43190 347
43191 347
43192 347
43193 355
43194 355
43195 355
43196 342
43197 257
43198 257
43199 257
43200 347
43201 372
43202 372
43203 254
43204 254
43205 243
43206 243
43207 80
43208 148
43209 148
43210 263
43211 97
43212 97
43213 97
43214 97
43215 97
43216 76
43217 364
43218 175
43219 156
43220 156
43221 156
43222 156
43223 283
43224 155
43225 204
43226 72
43227 164
43228 164
43229 247
43230 297
43231 208
43232 208
43233 60
