10000 108
10001 2626
10002 2626
10003 2626
10004 4956
10005 3995
10006 1084
10007 4956
10008 3995
10009 4273
10010 3899
10011 4267
10012 4740
10013 4173
10014 3557
10015 2843
10016 2173
10017 2279
10018 2279
10019 218
10020 379
10021 3669
10022 3669
10023 3647
10024 2182
10025 2777
10026 1300
10027 1521
10028 1983
10029 4675
10030 3426
10031 1349
10032 2466
10033 2370
10034 2466
10035 1970
10036 192
10037 1971
10038 2446
10039 4623
10040 4623
10041 2681
10042 2681
10043 2681
10044 1216
10045 2089
10046 1638
10047 3079
10048 2621
10049 2621
10050 4017
10051 2341
10052 4027
10053 4017
10054 1180
10055 663
10056 4017
10057 63
10058 3639
10059 3622
10060 759
10061 565
10062 3639
10063 1206
10064 298
10065 3623
10066 613
10067 3572
10068 1170
10069 1170
10070 4404
10071 4404
10072 1336
10073 1336
10074 483
10075 3834
10076 3834
10077 3834
10078 386
10079 4800
10080 593
10081 2824
10082 2824
10083 3029
10084 2823
10085 2339
10086 2339
10087 2258
10088 2258
10089 427
10090 1151
10091 458
10092 427
10093 1827
10094 994
10095 100
10096 540
10097 410
10098 409
10099 3908
10100 3908
10101 3908
10102 1656
10103 1777
10104 1793
10105 1656
10106 4594
10107 1861
10108 4594
10109 4424
10110 4519
10111 4424
10112 4423
10113 617
10114 497
10115 4656
10116 1789
10117 4032
10118 95
10119 1077
10120 1789
10121 3180
10122 3180
10123 1429
10124 1429
10125 1429
10126 306
10127 3164
10128 3132
10129 3516
10130 727
10131 2472
10132 1560
10133 727
10134 767
10135 3297
10136 3299
10137 3297
10138 3297
10139 3299
10140 3297
10141 3297
10142 3546
10143 3546
10144 3546
10145 1522
10146 1522
10147 1963
10148 135
10149 135
10150 451
10151 2140
10152 1621
10153 4743
10154 4191
10155 4191
10156 2865
10157 955
10158 255
10159 955
10160 154
10161 1797
10162 2325
10163 560
10164 1797
10165 3649
10166 3659
10167 3206
10168 3206
10169 4242
10170 4710
10171 3326
10172 3326
10173 937
10174 1453
10175 4597
10176 4598
10177 1195
10178 4871
10179 4871
10180 4871
10181 2517
10182 2517
10183 2572
10184 2517
10185 1115
10186 1114
10187 1115
10188 1114
10189 1114
10190 1930
10191 672
10192 1396
10193 1933
10194 1693
10195 1471
10196 1474
10197 1892
10198 1693
10199 1637
10200 1116
10201 4744
10202 1116
10203 4293
10204 4815
10205 2010
10206 4815
10207 4789
10208 4789
10209 3581
10210 2332
10211 4393
10212 3581
10213 3581
10214 421
10215 3440
10216 421
10217 421
10218 39
10219 3440
10220 443
10221 2244
10222 596
10223 1285
10224 1285
10225 1285
10226 1250
10227 1250
10228 1285
10229 217
10230 2759
10231 3435
10232 952
10233 2269
10234 221
10235 4719
10236 2444
10237 4778
10238 3654
10239 3654
10240 308
10241 37
10242 4696
10243 884
10244 2777
10245 1020
10246 2796
10247 1972
10248 4298
10249 4299
10250 672
10251 3934
10252 685
10253 1558
10254 672
10255 3656
10256 3002
10257 1269
10258 1269
10259 1269
10260 1738
10261 1286
10262 1691
10263 1178
10264 1738
10265 3249
10266 3249
10267 4256
10268 1905
10269 979
10270 979
10271 979
10272 979
10273 1934
10274 2420
10275 3630
10276 2493
10277 2493
10278 2921
10279 2921
10280 2921
10281 764
10282 764
10283 687
10284 2471
10285 875
10286 3502
10287 3502
10288 3502
10289 2271
10290 4362
10291 367
10292 2272
10293 2271
10294 394
10295 3945
10296 3945
10297 2721
10298 2723
10299 2723
10300 2721
10301 4774
10302 4774
10303 337
10304 4130
10305 4130
10306 2662
10307 2662
10308 2685
10309 2662
10310 2908
10311 60
10312 4874
10313 2678
10314 2684
10315 2678
10316 2678
10317 2681
10318 2678
10319 2678
10320 4573
10321 4573
10322 3290
10323 3290
10324 3290
10325 3290
10326 3290
10327 3291
10328 4421
10329 4420
10330 4420
10331 4421
10332 2423
10333 3348
10334 541
10335 3799
10336 2405
10337 3799
10338 3799
10339 3799
10340 1660
10341 3513
10342 1810
10343 3513
10344 2329
10345 2262
10346 2465
10347 2465
10348 4256
10349 1988
10350 1988
10351 2322
10352 3592
10353 3592
10354 3567
10355 2100
10356 2036
10357 2100
10358 2036
10359 2634
10360 4205
10361 4205
10362 4532
10363 4680
10364 4680
10365 2331
10366 4857
10367 4451
10368 3029
10369 4857
10370 3029
10371 3765
10372 3765
10373 3765
10374 2765
10375 2767
10376 2768
10377 4263
10378 2800
10379 2765
10380 3485
10381 2193
10382 1202
10383 1202
10384 2989
10385 1947
10386 4297
10387 4297
10388 4284
10389 1398
10390 1398
10391 1398
10392 4955
10393 1914
10394 4235
10395 1914
10396 4121
10397 4592
10398 4121
10399 616
10400 4593
10401 4185
10402 4121
10403 1613
10404 1035
10405 1621
10406 4671
10407 4036
10408 3533
10409 3533
10410 4405
10411 4405
10412 4405
10413 3526
10414 3526
10415 4144
10416 2817
10417 4144
10418 3829
10419 3829
10420 2363
10421 2090
10422 2362
10423 2717
10424 2717
10425 2717
10426 4387
10427 2717
10428 2718
10429 2718
10430 3651
10431 2717
10432 2650
10433 551
10434 2131
10435 2131
10436 4926
10437 381
10438 470
10439 470
10440 2152
10441 4116
10442 2152
10443 2152
10444 4180
10445 4180
10446 889
10447 881
10448 1711
10449 881
10450 904
10451 4448
10452 207
10453 371
10454 1621
10455 1457
10456 3503
10457 1457
10458 3240
10459 3164
10460 1028
10461 1028
10462 1028
10463 1125
10464 1028
10465 1028
10466 1028
10467 4028
10468 442
10469 4292
10470 4345
10471 600
10472 4929
10473 4929
10474 4929
10475 2442
10476 2442
10477 2442
10478 3309
10479 3309
10480 466
10481 3175
10482 4746
10483 3901
10484 1159
10485 3175
10486 4864
10487 4864
10488 3457
10489 684
10490 857
10491 3435
10492 117
10493 2773
10494 3697
10495 4199
10496 2773
10497 3874
10498 3874
10499 3874
10500 4664
10501 3201
10502 3423
10503 2038
10504 2038
10505 2160
10506 2038
10507 2038
10508 4544
10509 4544
10510 4544
10511 4544
10512 93
10513 93
10514 93
10515 4046
10516 4046
10517 4046
10518 4663
10519 4832
10520 4663
10521 4267
10522 2768
10523 638
10524 2768
10525 638
10526 172
10527 3098
10528 175
10529 2961
10530 1059
10531 1059
10532 1059
10533 3644
10534 4078
10535 4078
10536 1916
10537 1916
10538 1916
10539 2444
10540 2444
10541 921
10542 4922
10543 1044
10544 4931
10545 1064
10546 2079
10547 1068
10548 2984
10549 2984
10550 2987
10551 2984
10552 2984
10553 2984
10554 2816
10555 768
10556 2816
10557 2828
10558 3476
10559 1711
10560 4348
10561 1711
10562 2968
10563 2814
10564 927
10565 4157
10566 1595
10567 4160
10568 1497
10569 1325
10570 2943
10571 2943
10572 2668
10573 2668
10574 4189
10575 4188
10576 4188
10577 2360
10578 2359
10579 2361
10580 3962
10581 549
10582 1186
10583 1308
10584 549
10585 2390
10586 3553
10587 3417
10588 4219
10589 4219
10590 4219
10591 4249
10592 4875
10593 3196
10594 361
10595 463
10596 1493
10597 2386
10598 1493
10599 257
10600 1820
10601 3756
10602 1820
10603 257
10604 2386
10605 1442
10606 1251
10607 4554
10608 1454
10609 1251
10610 1442
10611 614
10612 2175
10613 4554
10614 1442
10615 1443
10616 1442
10617 680
10618 3592
10619 3592
10620 2442
10621 680
10622 1904
10623 1904
10624 1904
10625 1407
10626 1554
10627 1113
10628 3702
10629 3265
10630 464
10631 3630
10632 897
10633 1895
10634 3094
10635 3630
10636 207
10637 4125
10638 4273
10639 2039
10640 664
10641 4013
10642 1698
10643 1022
10644 1022
10645 4118
10646 4118
10647 2269
10648 2269
10649 2285
10650 2277
10651 2269
10652 2269
10653 483
10654 2266
10655 4562
10656 4563
10657 1050
10658 644
10659 2311
10660 2487
10661 4087
10662 4087
10663 4087
10664 2496
10665 262
10666 2141
10667 3552
10668 134
10669 2123
10670 3078
10671 3078
10672 4608
10673 3175
10674 4116
10675 1224
10676 4116
10677 1562
10678 1213
10679 3685
10680 2695
10681 1061
10682 4972
10683 2361
10684 4627
10685 4634
10686 2653
10687 2820
10688 3083
10689 2653
10690 2820
10691 3083
10692 1523
10693 1724
10694 2403
10695 1187
10696 2403
10697 2139
10698 3657
10699 3657
10700 2139
10701 4322
10702 1748
10703 4322
10704 608
10705 4322
10706 1118
10707 2720
10708 2716
10709 2719
10710 2716
10711 2200
10712 486
10713 2200
10714 3336
10715 3336
10716 3336
10717 1673
10718 1673
10719 1673
10720 1673
10721 560
10722 2426
10723 1734
10724 560
10725 2798
10726 2798
10727 2798
10728 4627
10729 4627
10730 1137
10731 3879
10732 914
10733 4751
10734 4038
10735 3899
10736 300
10737 2219
10738 293
10739 990
10740 4660
10741 4660
10742 990
10743 169
10744 1857
10745 295
10746 3258
10747 2813
10748 1701
10749 3494
10750 3258
10751 3258
10752 3258
10753 2813
10754 1656
10755 1657
10756 1656
10757 4241
10758 3591
10759 1657
10760 1656
10761 1977
10762 1977
10763 1977
10764 4566
10765 1592
10766 4408
10767 4408
10768 409
10769 4408
10770 4408
10771 4408
10772 4408
10773 1183
10774 1183
10775 1896
10776 1899
10777 3760
10778 3760
10779 2514
10780 2514
10781 110
10782 3229
10783 3198
10784 3233
10785 284
10786 284
10787 2737
10788 2737
10789 2737
10790 417
10791 1813
10792 281
10793 1029
10794 73
10795 73
10796 3180
10797 2852
10798 1320
10799 4737
10800 1320
10801 732
10802 746
10803 1603
10804 979
10805 131
10806 4950
10807 2373
10808 109
10809 200
10810 2651
10811 3716
10812 608
10813 496
10814 3716
10815 200
10816 200
10817 200
10818 3455
10819 2982
10820 3455
10821 3455
10822 3648
10823 3455
10824 3455
10825 1489
10826 1502
10827 691
10828 1489
10829 1117
10830 1123
10831 1123
10832 3540
10833 2996
10834 3540
10835 303
10836 449
10837 137
10838 3688
10839 3688
10840 3727
10841 1175
10842 1175
10843 3662
10844 3662
10845 3662
10846 4007
10847 4007
10848 4009
10849 4005
10850 2896
10851 4170
10852 2896
10853 1453
10854 2896
10855 310
10856 2317
10857 895
10858 2216
10859 2216
10860 1397
10861 1397
10862 1397
10863 1873
10864 3044
10865 1894
10866 1894
10867 1894
10868 143
10869 1004
10870 1092
10871 1818
10872 1834
10873 3341
10874 928
10875 3341
10876 815
10877 815
10878 3702
10879 3701
10880 3637
10881 728
10882 3184
10883 2411
10884 2987
10885 4049
10886 4049
10887 3381
10888 4237
10889 4237
10890 59
10891 791
10892 1663
10893 1834
10894 1542
10895 3138
10896 3689
10897 510
10898 2966
10899 2966
10900 3663
10901 3663
10902 3663
10903 4444
10904 4444
10905 4444
10906 4444
10907 509
10908 2283
10909 509
10910 2071
10911 3072
10912 3072
10913 122
10914 909
10915 122
10916 1232
10917 3373
10918 3373
10919 2641
10920 2645
10921 2642
10922 3450
10923 4290
10924 4290
10925 4290
10926 1959
10927 1959
10928 966
10929 961
10930 966
10931 966
10932 966
10933 1111
10934 966
10935 1711
10936 2118
10937 2118
10938 4341
10939 4341
10940 4341
10941 3024
10942 3022
10943 3018
10944 3024
10945 3024
10946 2605
10947 2605
10948 2605
10949 2605
10950 1646
10951 1646
10952 1649
10953 1646
10954 3707
10955 732
10956 4787
10957 3703
10958 1387
10959 4337
10960 1387
10961 4452
10962 4452
10963 59
10964 368
10965 581
10966 368
10967 1862
10968 1688
10969 1688
10970 85
10971 778
10972 1748
10973 967
10974 2485
10975 4753
10976 4443
10977 4444
10978 3500
10979 3500
10980 3500
10981 4356
10982 3935
10983 1694
10984 3935
10985 4851
10986 3609
10987 4834
10988 3609
10989 4668
10990 4551
10991 1155
10992 4668
10993 2953
10994 2953
10995 2953
10996 2814
10997 261
10998 261
10999 738
11000 3545
11001 738
11002 2119
11003 1427
11004 2119
11005 1256
11006 1256
11007 1256
11008 3599
11009 3599
11010 3599
11011 4647
11012 4647
11013 4478
11014 4478
11015 3372
11016 3372
11017 3372
11018 3458
11019 4346
11020 2333
11021 2333
11022 590
11023 590
11024 545
11025 1252
11026 1252
11027 1252
11028 4859
11029 2340
11030 755
11031 755
11032 680
11033 4248
11034 3951
11035 2669
11036 2793
11037 3951
11038 2669
11039 346
11040 345
11041 417
11042 3627
11043 1243
11044 2937
11045 2937
11046 3402
11047 3401
11048 3403
11049 3402
11050 363
11051 978
11052 1001
11053 1737
11054 1000
11055 3252
11056 76
11057 3234
11058 1222
11059 1715
11060 3242
11061 3234
11062 915
11063 1806
11064 915
11065 915
11066 1863
11067 2784
11068 2787
11069 2784
11070 2784
11071 1384
11072 1316
11073 1384
11074 2002
11075 1876
11076 1876
11077 3110
11078 2252
11079 4186
11080 1709
11081 1709
11082 1196
11083 1831
11084 3488
11085 1163
11086 2053
11087 1899
11088 2020
11089 4644
11090 3970
11091 4644
11092 4643
11093 4473
11094 4473
11095 747
11096 3887
11097 3381
11098 2327
11099 747
11100 150
11101 1240
11102 1863
11103 101
11104 4932
11105 1235
11106 1235
11107 2786
11108 2786
11109 2788
11110 2786
11111 2787
11112 1682
11113 3671
11114 4446
11115 4566
11116 4446
11117 4798
11118 3914
11119 3255
11120 3255
11121 2242
11122 1382
11123 2242
11124 509
11125 910
11126 3693
11127 910
11128 3586
11129 3984
11130 910
11131 4932
11132 4733
11133 4788
11134 4852
11135 3039
11136 1607
11137 223
11138 519
11139 1814
11140 1532
11141 1843
11142 2660
11143 2660
11144 2478
11145 3263
11146 3263
11147 620
11148 620
11149 4528
11150 4590
11151 1923
11152 1923
11153 256
11154 1107
11155 3613
11156 856
11157 145
11158 2250
11159 3039
11160 3190
11161 1052
11162 1052
11163 2466
11164 1052
11165 997
11166 1052
11167 4002
11168 316
11169 4002
11170 316
11171 1903
11172 1903
11173 278
11174 621
11175 1900
11176 281
11177 1737
11178 1737
11179 1547
11180 1737
11181 1596
11182 1737
11183 2499
11184 2499
11185 2340
11186 2340
11187 3078
11188 3078
11189 3329
11190 3329
11191 463
11192 1842
11193 1842
11194 3136
11195 3136
11196 3139
11197 3136
11198 3144
11199 3136
11200 465
11201 621
11202 2148
11203 2148
11204 145
11205 313
11206 313
11207 232
11208 4277
11209 4277
11210 4277
11211 1179
11212 1179
11213 570
11214 512
11215 1420
11216 2253
11217 567
11218 570
11219 2252
11220 570
11221 570
11222 709
11223 1830
11224 3906
11225 709
11226 3668
11227 3694
11228 1807
11229 1119
11230 1119
11231 685
11232 3360
11233 3360
11234 4916
11235 209
11236 209
11237 3722
11238 49
11239 1284
11240 1199
11241 2797
11242 4382
11243 4382
11244 78
11245 503
11246 308
11247 1900
11248 1900
11249 3214
11250 3214
11251 1290
11252 1390
11253 1390
11254 1390
11255 3755
11256 1390
11257 931
11258 934
11259 4310
11260 587
11261 3419
11262 4815
11263 3419
11264 3419
11265 4815
11266 165
11267 2023
11268 2029
11269 2023
11270 2982
11271 713
11272 713
11273 712
11274 713
11275 1148
11276 837
11277 2019
11278 2019
11279 2019
11280 2020
11281 4631
11282 1661
11283 4867
11284 4631
11285 2677
11286 2552
11287 2570
11288 2556
11289 2552
11290 1244
11291 1244
11292 1244
11293 1244
11294 2918
11295 887
11296 883
11297 887
11298 1382
11299 1827
11300 1827
11301 1530
11302 2637
11303 1943
11304 1943
11305 4642
11306 3899
11307 1943
11308 4642
11309 2413
11310 2413
11311 2413
11312 3554
11313 897
11314 770
11315 4859
11316 4859
11317 3691
11318 3691
11319 2229
11320 1015
11321 2229
11322 4611
11323 1668
11324 2855
11325 2619
11326 2861
11327 2861
11328 2855
11329 2855
11330 4258
11331 447
11332 547
11333 2175
11334 633
11335 2175
11336 3127
11337 3597
11338 3726
11339 3597
11340 741
11341 4206
11342 4206
11343 3743
11344 4056
11345 4056
11346 1688
11347 4885
11348 4845
11349 365
11350 365
11351 365
11352 1221
11353 4101
11354 1841
11355 1841
11356 1952
11357 1952
11358 885
11359 4230
11360 164
11361 4305
11362 4305
11363 4306
11364 4806
11365 4806
11366 4806
11367 4786
11368 4340
11369 150
11370 3906
11371 2837
11372 150
11373 1378
11374 4895
11375 4895
11376 1378
11377 1618
11378 1378
11379 1808
11380 1378
11381 4342
11382 4019
11383 4342
11384 802
11385 803
11386 803
11387 802
11388 802
11389 4893
11390 4893
11391 3023
11392 4893
11393 3175
11394 604
11395 169
11396 1124
11397 614
11398 1125
11399 4867
11400 556
11401 4713
11402 4713
11403 661
11404 2432
11405 4377
11406 1984
11407 4377
11408 340
11409 340
11410 340
11411 54
11412 1804
11413 4866
11414 1169
11415 149
11416 2156
11417 249
11418 90
11419 285
11420 69
11421 522
11422 557
11423 1804
11424 1734
11425 1734
11426 4134
11427 2193
11428 4718
11429 2017
11430 994
11431 4718
11432 3314
11433 3417
11434 3314
11435 3314
11436 3437
11437 3417
11438 3314
11439 2753
11440 2753
11441 2753
11442 2753
11443 4637
11444 2738
11445 2753
11446 2753
11447 4357
11448 2879
11449 2879
11450 2877
11451 2796
11452 2796
11453 1144
11454 3602
11455 2422
11456 4739
11457 2427
11458 2423
11459 2422
11460 4255
11461 4254
11462 4255
11463 3755
11464 1444
11465 3755
11466 346
11467 2293
11468 2151
11469 2151
11470 844
11471 1126
11472 3972
11473 1126
11474 286
11475 945
11476 286
11477 945
11478 286
11479 3485
11480 1599
11481 1599
11482 1599
11483 1646
11484 1646
11485 1646
11486 1729
11487 3055
11488 4011
11489 3440
11490 4011
11491 4011
11492 214
11493 2392
11494 36
11495 2437
11496 4032
11497 1770
11498 4345
11499 3316
11500 3316
11501 3316
11502 3315
11503 3269
11504 3269
11505 3269
11506 3269
11507 3269
11508 3269
11509 3070
11510 116
11511 2461
11512 513
11513 2480
11514 610
11515 1384
11516 1384
11517 1298
11518 1384
11519 1379
11520 4844
11521 4048
11522 4165
11523 1209
11524 864
11525 4931
11526 1194
11527 4269
11528 702
11529 638
11530 236
11531 236
11532 571
11533 2843
11534 4319
11535 2843
11536 4579
11537 3706
11538 2382
11539 3706
11540 4575
11541 4575
11542 4575
11543 3039
11544 3471
11545 3471
11546 2208
11547 2208
11548 2208
11549 3159
11550 3157
11551 3241
11552 3241
11553 3160
11554 3160
11555 524
11556 4217
11557 4218
11558 4217
11559 1746
11560 3086
11561 2524
11562 2576
11563 952
11564 3092
11565 1076
11566 1136
11567 1732
11568 2296
11569 779
11570 4175
11571 1645
11572 1698
11573 80
11574 1851
11575 1113
11576 1782
11577 1188
11578 4603
11579 3549
11580 3549
11581 3549
11582 3549
11583 2718
11584 3968
11585 3968
11586 3422
11587 4532
11588 624
11589 4532
11590 2866
11591 1555
11592 4532
11593 4719
11594 2412
11595 2061
11596 1528
11597 4507
11598 1528
11599 3889
11600 3889
11601 4053
11602 1892
11603 4053
11604 2991
11605 2991
11606 802
11607 811
11608 810
11609 811
11610 811
11611 806
11612 4676
11613 4676
11614 1967
11615 4266
11616 1967
11617 2011
11618 1968
11619 1968
11620 1967
11621 1572
11622 1325
11623 1572
11624 1961
11625 1572
11626 4877
11627 4133
11628 4133
11629 4036
11630 4133
11631 2478
11632 2096
11633 514
11634 2096
11635 2423
11636 2423
11637 247
11638 2388
11639 2388
11640 2388
11641 1754
11642 1754
11643 219
11644 572
11645 571
11646 219
11647 2044
11648 2044
11649 3242
11650 1954
11651 1954
11652 696
11653 4285
11654 1651
11655 2521
11656 2522
11657 2521
11658 2521
11659 2521
11660 2521
11661 2522
11662 3791
11663 3791
11664 1925
11665 3982
11666 3982
11667 3982
11668 856
11669 4616
11670 1990
11671 340
11672 1592
11673 3347
11674 983
11675 571
11676 1193
11677 1031
11678 1241
11679 1241
11680 3924
11681 2234
11682 1246
11683 4536
11684 1133
11685 1133
11686 1133
11687 4667
11688 127
11689 1783
11690 1783
11691 323
11692 2850
11693 2850
11694 2475
11695 1881
11696 1881
11697 4829
11698 4877
11699 4135
11700 4135
11701 1216
11702 3400
11703 1216
11704 3718
11705 1337
11706 3387
11707 3615
11708 3615
11709 4646
11710 621
11711 4091
11712 837
11713 837
11714 837
11715 149
11716 1098
11717 1811
11718 1098
11719 181
11720 177
11721 1858
11722 2352
11723 177
11724 594
11725 181
11726 1677
11727 1677
11728 1677
11729 2430
11730 1677
11731 4482
11732 1677
11733 1219
11734 830
11735 830
11736 1721
11737 2456
11738 1719
11739 1721
11740 3770
11741 583
11742 1721
11743 2434
11744 2434
11745 974
11746 4501
11747 391
11748 1741
11749 1892
11750 3190
11751 3189
11752 936
11753 1436
11754 4157
11755 1436
11756 1029
11757 1029
11758 1029
11759 4131
11760 4209
11761 4507
11762 4128
11763 4471
11764 4471
11765 1708
11766 311
11767 436
11768 4290
11769 4216
11770 3795
11771 4152
11772 3441
11773 3441
11774 3441
11775 3441
11776 4856
11777 575
11778 486
11779 4820
11780 1974
11781 1637
11782 1974
11783 2031
11784 4562
11785 4562
11786 4150
11787 4158
11788 4511
11789 4016
11790 3060
11791 2785
11792 1824
11793 1824
11794 3060
11795 4320
11796 2655
11797 2655
11798 4905
11799 4905
11800 838
11801 838
11802 847
11803 318
11804 2840
11805 2840
11806 3079
11807 2083
11808 2083
11809 3216
11810 3216
11811 3216
11812 3215
11813 2555
11814 2555
11815 2573
11816 3450
11817 103
11818 99
11819 4467
11820 1458
11821 4467
11822 4439
11823 4529
11824 4439
11825 190
11826 191
11827 1530
11828 1796
11829 190
11830 190
11831 2187
11832 2187
11833 4419
11834 4419
11835 4419
11836 4419
11837 4419
11838 3620
11839 3615
11840 3615
11841 1564
11842 1564
11843 3166
11844 3167
11845 752
11846 77
11847 77
11848 1974
11849 1974
11850 1974
11851 4294
11852 4885
11853 4201
11854 2162
11855 4826
11856 1551
11857 3704
11858 3704
11859 297
11860 309
11861 486
11862 486
11863 1531
11864 3113
11865 3624
11866 3625
11867 4972
11868 4107
11869 4935
11870 1065
11871 3110
11872 2857
11873 2857
11874 2736
11875 2798
11876 2739
11877 2739
11878 2751
11879 4547
11880 2798
11881 4447
11882 4447
11883 62
11884 567
11885 4447
11886 3825
11887 3825
11888 3825
11889 1189
11890 2290
11891 1189
11892 702
11893 4616
11894 4348
11895 4824
11896 997
11897 670
11898 1577
11899 997
11900 3580
11901 115
11902 1258
11903 1161
11904 2450
11905 1258
11906 2633
11907 2633
11908 2633
11909 2512
11910 2512
11911 2514
11912 2992
11913 3222
11914 3069
11915 2960
11916 578
11917 578
11918 1708
11919 781
11920 578
11921 567
11922 1497
11923 1436
11924 4453
11925 434
11926 118
11927 563
11928 218
11929 2933
11930 2933
11931 2933
11932 1100
11933 806
11934 3309
11935 806
11936 806
11937 806
11938 806
11939 3978
11940 3980
11941 3981
11942 3978
11943 3978
11944 1510
11945 1510
11946 1541
11947 1832
11948 2323
11949 4254
11950 4254
11951 2952
11952 2952
11953 2952
11954 4734
11955 2952
11956 2952
11957 3500
11958 1769
11959 3762
11960 1232
11961 801
11962 4054
11963 4054
11964 2760
11965 2763
11966 2760
11967 437
11968 2425
11969 4321
11970 2060
11971 3654
11972 2877
11973 4049
11974 1802
11975 1802
11976 1803
11977 4048
11978 1802
11979 2930
11980 2930
11981 2930
11982 2931
11983 3099
11984 108
11985 527
11986 530
11987 790
11988 790
11989 1451
11990 4139
11991 108
11992 3084
11993 933
11994 2356
11995 933
11996 1403
11997 2315
11998 2315
11999 3343
12000 3343
12001 3172
12002 3343
12003 3343
12004 3343
12005 3417
12006 1707
12007 3742
12008 2851
12009 1466
12010 1483
12011 1879
12012 1879
12013 1483
12014 1872
12015 1633
12016 2031
12017 2466
12018 2495
12019 2087
12020 2118
12021 2641
12022 2738
12023 2738
12024 2738
12025 3682
12026 3682
12027 2632
12028 3682
12029 3682
12030 3683
12031 3714
12032 327
12033 327
12034 327
12035 4681
12036 1824
12037 327
12038 1824
12039 3850
12040 3506
12041 4812
12042 3135
12043 3135
12044 4309
12045 2096
12046 1128
12047 2074
12048 2096
12049 4637
12050 3708
12051 455
12052 4412
12053 4571
12054 2810
12055 2222
12056 2222
12057 681
12058 223
12059 833
12060 4242
12061 1828
12062 1828
12063 242
12064 4550
12065 1759
12066 4569
12067 2781
12068 2781
12069 2781
12070 3186
12071 3186
12072 3076
12073 4598
12074 4598
12075 1547
12076 4111
12077 1692
12078 4111
12079 1099
12080 4965
12081 4965
12082 4965
12083 157
12084 3576
12085 3576
12086 3576
12087 3576
12088 3576
12089 4323
12090 4323
12091 2833
12092 2833
12093 2722
12094 3161
12095 3161
12096 1847
12097 3161
12098 3161
12099 2674
12100 1253
12101 1255
12102 1253
12103 593
12104 1253
12105 4303
12106 1696
12107 4301
12108 520
12109 707
12110 1177
12111 520
12112 520
12113 707
12114 795
12115 4820
12116 1931
12117 4820
12118 4820
12119 4236
12120 84
12121 645
12122 544
12123 4661
12124 1203
12125 1203
12126 174
12127 1203
12128 171
12129 4192
12130 1742
12131 2215
12132 4531
12133 2215
12134 2215
12135 4452
12136 2179
12137 2931
12138 3638
12139 2931
12140 2931
12141 2932
12142 2561
12143 4944
12144 1933
12145 2561
12146 2564
12147 2561
12148 4811
12149 4811
12150 4811
12151 3305
12152 3630
12153 3305
12154 3305
12155 3466
12156 2649
12157 3051
12158 376
12159 271
12160 1103
12161 3725
12162 3691
12163 4470
12164 1842
12165 1627
12166 1627
12167 4941
12168 4941
12169 4941
12170 142
12171 1495
12172 1495
12173 3738
12174 4011
12175 4065
12176 4065
12177 4065
12178 408
12179 2735
12180 2736
12181 2735
12182 2735
12183 4874
12184 4520
12185 3044
12186 859
12187 933
12188 3684
12189 4575
12190 4575
12191 4575
12192 3184
12193 3625
12194 1137
12195 251
12196 4855
12197 4855
12198 3660
12199 4287
12200 864
12201 4339
12202 864
12203 1042
12204 1175
12205 4344
12206 468
12207 55
12208 405
12209 468
12210 946
12211 946
12212 946
12213 946
12214 3558
12215 1505
12216 1544
12217 2954
12218 3190
12219 3190
12220 547
12221 4248
12222 1909
12223 4251
12224 1909
12225 1909
12226 3880
12227 423
12228 1909
12229 1195
12230 2177
12231 1070
12232 2551
12233 2551
12234 2551
12235 2578
12236 2558
12237 2551
12238 1073
12239 4799
12240 1073
12241 650
12242 1190
12243 1910
12244 259
12245 2067
12246 2067
12247 2067
12248 129
12249 4683
12250 280
12251 768
12252 525
12253 4683
12254 129
12255 779
12256 3202
12257 1767
12258 1598
12259 1598
12260 1598
12261 1598
12262 2212
12263 4260
12264 2528
12265 4561
12266 1818
12267 4560
12268 4560
12269 4561
12270 658
12271 3615
12272 764
12273 153
12274 1004
12275 618
12276 1392
12277 111
12278 2552
12279 2574
12280 1063
12281 4132
12282 516
12283 1932
12284 1932
12285 4410
12286 4340
12287 3710
12288 1934
12289 2191
12290 2191
12291 2191
12292 3927
12293 1836
12294 3927
12295 3548
12296 3809
12297 2490
12298 3924
12299 4262
12300 2342
12301 4009
12302 4335
12303 328
12304 1821
12305 328
12306 372
12307 4663
12308 328
12309 4362
12310 3989
12311 2025
12312 434
12313 2025
12314 1990
12315 283
12316 145
12317 546
12318 283
12319 3480
12320 3480
12321 3480
12322 4203
12323 3480
12324 3817
12325 3858
12326 3817
12327 3817
12328 3817
12329 3817
12330 295
12331 2295
12332 3241
12333 3241
12334 711
12335 711
12336 711
12337 711
12338 4351
12339 1057
12340 2858
12341 2858
12342 1168
12343 1500
12344 1500
12345 21
12346 4523
12347 587
12348 1268
12349 1074
12350 517
12351 2105
12352 2107
12353 587
12354 151
12355 290
12356 895
12357 1694
12358 1955
12359 1955
12360 920
12361 2230
12362 2300
12363 920
12364 699
12365 860
12366 4029
12367 4029
12368 4029
12369 1777
12370 2940
12371 2850
12372 2940
12373 4074
12374 4073
12375 23
12376 4135
12377 3165
12378 1345
12379 2342
12380 2652
12381 4862
12382 4862
12383 1960
12384 1960
12385 1960
12386 1548
12387 1960
12388 1312
12389 3664
12390 3663
12391 3475
12392 3664
12393 226
12394 582
12395 860
12396 226
12397 1617
12398 2806
12399 370
12400 1863
12401 1693
12402 3491
12403 1863
12404 150
12405 1470
12406 4442
12407 4824
12408 4852
12409 4726
12410 4473
12411 4942
12412 1510
12413 1444
12414 1444
12415 2685
12416 2685
12417 4568
12418 1200
12419 1200
12420 1076
12421 4628
12422 4628
12423 531
12424 4171
12425 1923
12426 4171
12427 1923
12428 2828
12429 2828
12430 4209
12431 2828
12432 2292
12433 2292
12434 2292
12435 1132
12436 639
12437 1132
12438 3233
12439 3233
12440 104
12441 1040
12442 1039
12443 4046
12444 2958
12445 4046
12446 329
12447 581
12448 369
12449 4946
12450 487
12451 1383
12452 1383
12453 1958
12454 1697
12455 1958
12456 1840
12457 1840
12458 1840
12459 537
12460 537
12461 2371
12462 2371
12463 174
12464 2371
12465 1605
12466 4569
12467 4860
12468 1979
12469 1979
12470 3755
12471 3755
12472 3755
12473 3755
12474 3755
12475 2451
12476 2451
12477 3684
12478 1125
12479 1264
12480 1702
12481 1264
12482 2246
12483 1264
12484 1264
12485 4140
12486 4140
12487 3655
12488 1795
12489 3655
12490 531
12491 537
12492 566
12493 2949
12494 2949
12495 2949
12496 2949
12497 279
12498 281
12499 3437
12500 3433
12501 3406
12502 3433
12503 3324
12504 3324
12505 3324
12506 3638
12507 3642
12508 3638
12509 811
12510 811
12511 811
12512 1500
12513 1258
12514 1258
12515 3661
12516 4107
12517 1388
12518 4107
12519 3914
12520 1548
12521 4797
12522 4819
12523 1949
12524 4173
12525 532
12526 1494
12527 535
12528 971
12529 971
12530 3686
12531 3686
12532 4737
12533 1597
12534 1597
12535 2016
12536 2015
12537 2016
12538 3884
12539 3837
12540 3571
12541 3558
12542 1988
12543 1213
12544 3174
12545 3174
12546 3174
12547 2223
12548 3859
12549 3859
12550 3859
12551 3859
12552 3862
12553 4604
12554 2244
12555 4604
12556 4580
12557 2974
12558 2974
12559 81
12560 2397
12561 3402
12562 953
12563 3402
12564 4565
12565 774
12566 1260
12567 1854
12568 1854
12569 2326
12570 620
12571 3746
12572 3079
12573 352
12574 354
12575 4769
12576 352
12577 352
12578 2462
12579 4143
12580 4143
12581 3549
12582 3550
12583 4044
12584 4044
12585 1281
12586 1492
12587 4477
12588 4477
12589 4477
12590 4477
12591 4478
12592 4961
12593 2347
12594 278
12595 961
12596 3267
12597 441
12598 439
12599 606
12600 3267
12601 441
12602 1870
12603 1870
12604 1870
12605 3210
12606 2010
12607 3269
12608 2528
12609 1172
12610 1172
12611 1172
12612 1172
12613 1172
12614 4757
12615 1620
12616 4664
12617 2671
12618 1620
12619 4664
12620 2671
12621 1620
12622 3016
12623 3016
12624 3016
12625 3783
12626 539
12627 1270
12628 3426
12629 1467
12630 1467
12631 1467
12632 3637
12633 3637
12634 1206
12635 3578
12636 2408
12637 2408
12638 2410
12639 4656
12640 2408
12641 2408
12642 3910
12643 4204
12644 3910
12645 4243
12646 2919
12647 3910
12648 3910
12649 1525
12650 1525
12651 2327
12652 2152
12653 1525
12654 2675
12655 2675
12656 3141
12657 3140
12658 3141
12659 4248
12660 4505
12661 4505
12662 2586
12663 2597
12664 2636
12665 2597
12666 2587
12667 4382
12668 4382
12669 3645
12670 3645
12671 3645
12672 2271
12673 848
12674 2327
12675 1778
12676 2173
12677 2271
12678 291
12679 214
12680 214
12681 4248
12682 1915
12683 646
12684 507
12685 646
12686 646
12687 214
12688 301
12689 1824
12690 491
12691 1824
12692 147
12693 1365
12694 618
12695 1777
12696 3146
12697 3146
12698 3146
12699 4339
12700 4339
12701 4550
12702 1665
12703 1254
12704 1864
12705 2805
12706 2804
12707 540
12708 4525
12709 2805
12710 847
12711 4193
12712 1052
12713 929
12714 929
12715 2336
12716 4109
12717 1062
12718 4107
12719 4109
12720 3590
12721 3590
12722 3015
12723 1310
12724 3015
12725 2847
12726 66
12727 750
12728 750
12729 2556
12730 2558
12731 2544
12732 2554
12733 2558
12734 4323
12735 2980
12736 2980
12737 2980
12738 1092
12739 2980
12740 4753
12741 2840
12742 996
12743 996
12744 2621
12745 2621
12746 2622
12747 2621
12748 411
12749 412
12750 3496
12751 536
12752 288
12753 3926
12754 3926
12755 3220
12756 1034
12757 2458
12758 2364
12759 1034
12760 1034
12761 2027
12762 2027
12763 2027
12764 1490
12765 142
12766 1818
12767 1818
12768 1818
12769 1063
12770 901
12771 3982
12772 901
12773 659
12774 4847
12775 4847
12776 4848
12777 4847
12778 2194
12779 2194
12780 769
12781 3406
12782 1027
12783 1071
12784 1027
12785 1027
12786 2217
12787 3456
12788 2217
12789 3679
12790 4930
12791 2538
12792 2307
12793 2307
12794 2322
12795 3041
12796 2825
12797 2825
12798 851
12799 851
12800 1843
12801 1843
12802 3959
12803 1843
12804 1383
12805 1386
12806 3493
12807 1383
12808 1383
12809 203
12810 3408
12811 4254
12812 576
12813 3408
12814 785
12815 785
12816 231
12817 2177
12818 2439
12819 1162
12820 2439
12821 1090
12822 1682
12823 1495
12824 849
12825 1673
12826 1673
12827 1673
12828 3012
12829 2219
12830 2219
12831 2317
12832 3956
12833 3956
12834 3956
12835 3956
12836 1277
12837 2100
12838 1277
12839 1277
12840 4099
12841 4099
12842 4099
12843 4939
12844 1492
12845 1492
12846 2324
12847 2789
12848 2323
12849 2791
12850 2386
12851 2789
12852 3207
12853 2782
12854 3207
12855 3207
12856 3211
12857 1438
12858 1438
12859 1438
12860 2752
12861 2752
12862 2789
12863 3097
12864 2270
12865 2270
12866 2270
12867 2275
12868 3066
12869 3890
12870 3805
12871 3890
12872 785
12873 923
12874 923
12875 670
12876 1044
12877 122
12878 2197
12879 1191
12880 2190
12881 4622
12882 4511
12883 2298
12884 4622
12885 3234
12886 1735
12887 2692
12888 3234
12889 1735
12890 2692
12891 4339
12892 2447
12893 2447
12894 2447
12895 885
12896 885
12897 4517
12898 3335
12899 4285
12900 4284
12901 3806
12902 3806
12903 4949
12904 1184
12905 1184
12906 4815
12907 4815
12908 4816
12909 4815
12910 3208
12911 3208
12912 3208
12913 3458
12914 4825
12915 4204
12916 2043
12917 2353
12918 3456
12919 3551
12920 3456
12921 3530
12922 3456
12923 3551
12924 3000
12925 3000
12926 3231
12927 1750
12928 1750
12929 1963
12930 1963
12931 2815
12932 1962
12933 2815
12934 3866
12935 3865
12936 407
12937 1509
12938 407
12939 482
12940 407
12941 1522
12942 1467
12943 1522
12944 1522
12945 3687
12946 3687
12947 3690
12948 3716
12949 3660
12950 3660
12951 3565
12952 3547
12953 3547
12954 2696
12955 2696
12956 1615
12957 1688
12958 3976
12959 62
12960 3002
12961 246
12962 246
12963 246
12964 4844
12965 4845
12966 3842
12967 3842
12968 536
12969 4148
12970 4750
12971 4751
12972 4750
12973 4351
12974 4351
12975 2837
12976 2837
12977 2837
12978 2837
12979 2577
12980 2536
12981 2812
12982 2577
12983 2574
12984 2776
12985 2776
12986 2776
12987 3720
12988 813
12989 813
12990 928
12991 664
12992 1849
12993 2049
12994 661
12995 3405
12996 3278
12997 3839
12998 3839
12999 3983
13000 1270
13001 2221
13002 2221
13003 2221
13004 3294
13005 3294
13006 2971
13007 243
13008 2484
13009 4668
13010 2484
13011 135
13012 4569
13013 2484
13014 4808
13015 248
13016 3022
13017 556
13018 2827
13019 3275
13020 3275
13021 342
13022 566
13023 342
13024 342
13025 342
13026 4036
13027 371
13028 4366
13029 1075
13030 3556
13031 3559
13032 3556
13033 3556
13034 3556
13035 3556
13036 3556
13037 3652
13038 4812
13039 2768
13040 1177
13041 1177
13042 4261
13043 4261
13044 2243
13045 4261
13046 2246
13047 646
13048 3698
13049 2491
13050 178
13051 4540
13052 4540
13053 3093
13054 3093
13055 3093
13056 3072
13057 3093
13058 3093
13059 2257
13060 2084
13061 2257
13062 2257
13063 2265
13064 2084
13065 1222
13066 1222
13067 1161
13068 1222
13069 1222
13070 3907
13071 3907
13072 3490
13073 3907
13074 1690
13075 1699
13076 1690
13077 2215
13078 2247
13079 2247
13080 2247
13081 2256
13082 2256
13083 1341
13084 1341
13085 1108
13086 4187
13087 1108
13088 4704
13089 4704
13090 116
13091 1818
13092 3319
13093 857
13094 3153
13095 3951
13096 4233
13097 3951
13098 3951
13099 494
13100 517
13101 1185
13102 1185
13103 1185
13104 1526
13105 522
13106 1234
13107 921
13108 2621
13109 2822
13110 2816
13111 2816
13112 2822
13113 3698
13114 1306
13115 3251
13116 4062
13117 4062
13118 4347
13119 4022
13120 3390
13121 821
13122 821
13123 359
13124 4917
13125 2436
13126 359
13127 3315
13128 3315
13129 3315
13130 245
13131 4359
13132 1026
13133 2111
13134 2110
13135 3789
13136 3788
13137 4582
13138 1996
13139 1996
13140 2060
13141 2275
13142 1996
13143 275
13144 4198
13145 4198
13146 4348
13147 82
13148 3060
13149 2671
13150 3060
13151 3060
13152 2681
13153 4147
13154 847
13155 4147
13156 4147
13157 4156
13158 1952
13159 1952
13160 2449
13161 1952
13162 4463
13163 2882
13164 4463
13165 4587
13166 1523
13167 4587
13168 2379
13169 1144
13170 2379
13171 2360
13172 2071
13173 3514
13174 2071
13175 2566
13176 2564
13177 2566
13178 4662
13179 2407
13180 2417
13181 3190
13182 4662
13183 726
13184 4949
13185 4169
13186 4169
13187 603
13188 3142
13189 3142
13190 3142
13191 3136
13192 280
13193 282
13194 3723
13195 106
13196 956
13197 106
13198 153
13199 2747
13200 2747
13201 1476
13202 1476
13203 1479
13204 4018
13205 3911
13206 1476
13207 2242
13208 2125
13209 2242
13210 2242
13211 4221
13212 4219
13213 4221
13214 2844
13215 2843
13216 2844
13217 2843
13218 129
13219 502
13220 1430
13221 3585
13222 1430
13223 1436
13224 1430
13225 1730
13226 2494
13227 2939
13228 1964
13229 1964
13230 4046
13231 1465
13232 4046
13233 2405
13234 2405
13235 2024
13236 2024
13237 2587
13238 2587
13239 2295
13240 4795
13241 2295
13242 270
13243 1081
13244 863
13245 935
13246 4126
13247 4580
13248 4580
13249 2449
13250 4579
13251 1057
13252 417
13253 1089
13254 2998
13255 2998
13256 2998
13257 877
13258 4327
13259 877
13260 877
13261 2099
13262 2099
13263 2099
13264 4276
13265 4276
13266 4149
13267 4109
13268 4149
13269 1679
13270 3018
13271 3018
13272 388
13273 2429
13274 606
13275 45
13276 2309
13277 2309
13278 3111
13279 2872
13280 3369
13281 3319
13282 3369
13283 3369
13284 3319
13285 4100
13286 4100
13287 4097
13288 4097
13289 4100
13290 4114
13291 4097
13292 4099
13293 2664
13294 2664
13295 4637
13296 3357
13297 4583
13298 4583
13299 244
13300 2384
13301 1149
13302 396
13303 396
13304 249
13305 271
13306 2030
13307 2030
13308 3581
13309 4721
13310 4721
13311 1243
13312 494
13313 440
13314 1697
13315 1201
13316 1312
13317 1189
13318 1576
13319 4123
13320 4123
13321 4123
13322 3513
13323 4898
13324 1803
13325 3099
13326 3099
13327 2749
13328 4961
13329 4963
13330 4860
13331 918
13332 4516
13333 1732
13334 1732
13335 1732
13336 1733
13337 1732
13338 2141
13339 449
13340 1694
13341 2141
13342 1123
13343 4538
13344 4538
13345 1754
13346 1754
13347 95
13348 1754
13349 591
13350 3960
13351 3960
13352 4031
13353 3960
13354 3960
13355 310
13356 3394
13357 292
13358 889
13359 452
13360 454
13361 1217
13362 785
13363 1484
13364 785
13365 2237
13366 2237
13367 1830
13368 1107
13369 1219
13370 2212
13371 2212
13372 2120
13373 2212
13374 746
13375 3701
13376 4856
13377 4856
13378 4856
13379 4856
13380 4856
13381 3824
13382 3824
13383 3771
13384 3338
13385 2239
13386 2231
13387 2231
13388 4545
13389 2431
13390 3106
13391 1765
13392 1839
13393 478
13394 1759
13395 477
13396 1765
13397 1839
13398 2338
13399 240
13400 483
13401 3001
13402 3001
13403 3001
13404 2581
13405 996
13406 996
13407 2834
13408 2834
13409 2711
13410 2707
13411 2834
13412 2048
13413 3367
13414 3571
13415 3046
13416 4285
13417 2822
13418 4299
13419 4299
13420 4299
13421 4604
13422 4300
13423 4299
13424 616
13425 616
13426 616
13427 2783
13428 2783
13429 2783
13430 590
13431 83
13432 583
13433 3092
13434 3587
13435 224
13436 1862
13437 4787
13438 1502
13439 4908
13440 4450
13441 4450
13442 762
13443 3115
13444 4616
13445 3115
13446 3621
13447 3621
13448 3622
13449 3091
13450 3091
13451 1248
13452 1448
13453 1448
13454 1448
13455 1448
13456 1448
13457 1099
13458 1099
13459 2168
13460 3752
13461 3752
13462 844
13463 844
13464 4549
13465 3740
13466 263
13467 2873
13468 263
13469 2873
13470 2707
13471 2706
13472 2707
13473 2707
13474 2161
13475 2161
13476 442
13477 2189
13478 2189
13479 4173
13480 348
13481 2792
13482 348
13483 611
13484 4702
13485 2792
13486 2770
13487 1531
13488 2770
13489 2770
13490 4834
13491 1471
13492 1668
13493 560
13494 3693
13495 2372
13496 2372
13497 2372
13498 2882
13499 2882
13500 2882
13501 1829
13502 1829
13503 277
13504 4030
13505 1229
13506 487
13507 1130
13508 1054
13509 2452
13510 2452
13511 2148
13512 2263
13513 140
13514 487
13515 3036
13516 2859
13517 2859
13518 2471
13519 2471
13520 2471
13521 4225
13522 3595
13523 1156
13524 127
13525 1156
13526 2728
13527 2728
13528 4827
13529 3077
13530 3077
13531 1731
13532 1447
13533 1615
13534 1731
13535 1731
13536 140
13537 4889
13538 3312
13539 3312
13540 3376
13541 3312
13542 1468
13543 1468
13544 3728
13545 1280
13546 1281
13547 1280
13548 1281
13549 1280
13550 1243
13551 743
13552 3529
13553 3529
13554 3529
13555 3529
13556 617
13557 861
13558 861
13559 2455
13560 67
13561 2455
13562 2455
13563 2455
13564 2029
13565 1771
13566 187
13567 846
13568 846
13569 846
13570 848
13571 846
13572 2358
13573 2251
13574 2247
13575 2251
13576 4230
13577 2247
13578 253
13579 595
13580 887
13581 3675
13582 2360
13583 3676
13584 2462
13585 1821
13586 287
13587 993
13588 3493
13589 4510
13590 287
13591 60
13592 4418
13593 2941
13594 4418
13595 3493
13596 979
13597 979
13598 4746
13599 1730
13600 3713
13601 4316
13602 1215
13603 2028
13604 2028
13605 1365
13606 1059
13607 1755
13608 1025
13609 4813
13610 270
13611 1423
13612 1821
13613 1423
13614 1423
13615 1847
13616 1121
13617 638
13618 638
13619 2243
13620 638
13621 1058
13622 554
13623 1058
13624 2452
13625 2988
13626 2185
13627 2304
13628 554
13629 3088
13630 2369
13631 1091
13632 1201
13633 2369
13634 3074
13635 1102
13636 683
13637 2254
13638 683
13639 1924
13640 1924
13641 1914
13642 390
13643 1606
13644 1432
13645 1606
13646 1606
13647 1863
13648 4876
13649 4525
13650 856
13651 1212
13652 3670
13653 790
13654 1153
13655 2212
13656 790
13657 1203
13658 3606
13659 3606
13660 2516
13661 2516
13662 423
13663 2112
13664 406
13665 423
13666 96
13667 271
13668 570
13669 1537
13670 1537
13671 3508
13672 3508
13673 2848
13674 3027
13675 3904
13676 3659
13677 1846
13678 1846
13679 1846
13680 1846
13681 724
13682 724
13683 724
13684 905
13685 1756
13686 756
13687 697
13688 4847
13689 2118
13690 4847
13691 4847
13692 180
13693 4685
13694 4686
13695 3411
13696 3674
13697 3674
13698 198
13699 4040
13700 1062
13701 1238
13702 510
13703 1062
13704 1062
13705 4041
13706 4041
13707 2294
13708 2294
13709 3102
13710 1152
13711 3102
13712 3656
13713 558
13714 3637
13715 2661
13716 2661
13717 3701
13718 1639
13719 4665
13720 3372
13721 3372
13722 3374
13723 3372
13724 3430
13725 2429
13726 3430
13727 937
13728 3430
13729 3656
13730 3656
13731 2961
13732 2830
13733 3496
13734 3496
13735 194
13736 1769
13737 412
13738 412
13739 412
13740 2333
13741 1488
13742 1456
13743 2334
13744 1675
13745 2671
13746 2671
13747 2957
13748 2483
13749 2483
13750 2404
13751 1009
13752 1009
13753 4406
13754 4406
13755 102
13756 3154
13757 3132
13758 3154
13759 1603
13760 1603
13761 4409
13762 4811
13763 2486
13764 251
13765 4333
13766 4319
13767 1790
13768 3978
13769 4319
13770 2524
13771 2520
13772 2524
13773 2524
13774 2088
13775 2086
13776 494
13777 494
13778 1085
13779 1085
13780 1078
13781 848
13782 1199
13783 4361
13784 3661
13785 1224
13786 3690
13787 3672
13788 3672
13789 1235
13790 2467
13791 1565
13792 1567
13793 1565
13794 1612
13795 1565
13796 3921
13797 3921
13798 3733
13799 1535
13800 1715
13801 3791
13802 1535
13803 1774
13804 304
13805 3285
13806 1535
13807 1637
13808 1637
13809 1637
13810 4117
13811 4117
13812 2803
13813 3427
13814 2602
13815 4348
13816 2046
13817 4348
13818 4852
13819 4852
13820 4275
13821 4852
13822 49
13823 49
13824 49
13825 3366
13826 3366
13827 3382
13828 3366
13829 3631
13830 3616
13831 3616
13832 4349
13833 660
13834 1595
13835 1595
13836 4714
13837 2181
13838 4714
13839 1770
13840 1770
13841 4014
13842 4014
13843 4939
13844 3821
13845 1906
13846 4697
13847 4251
13848 258
13849 2770
13850 2770
13851 3871
13852 3871
13853 3871
13854 1664
13855 1981
13856 1746
13857 1664
13858 1664
13859 1664
13860 489
13861 1981
13862 283
13863 2449
13864 2448
13865 194
13866 239
13867 62
13868 478
13869 2476
13870 2376
13871 2476
13872 2476
13873 3540
13874 102
13875 102
13876 1413
13877 2494
13878 1068
13879 1326
13880 1326
13881 1326
13882 2389
13883 23
13884 135
13885 4639
13886 4386
13887 4387
13888 4733
13889 4733
13890 4590
13891 2305
13892 1769
13893 2305
13894 2117
13895 2117
13896 2117
13897 1537
13898 2313
13899 3962
13900 317
13901 2170
13902 3031
13903 3031
13904 66
13905 3543
13906 1715
13907 3652
13908 3542
13909 3540
13910 3449
13911 4213
13912 4213
13913 3110
13914 2419
13915 1188
13916 1672
13917 2419
13918 4953
13919 1032
13920 1167
13921 4630
13922 4630
13923 442
13924 4630
13925 4138
13926 4138
13927 958
13928 958
13929 980
13930 980
13931 523
13932 573
13933 164
13934 3326
13935 2134
13936 544
13937 165
13938 164
13939 3326
13940 2134
13941 4043
13942 3625
13943 860
13944 860
13945 1747
13946 1084
13947 1757
13948 1663
13949 266
13950 1706
13951 1548
13952 3424
13953 1546
13954 4012
13955 4012
13956 4551
13957 882
13958 1552
13959 882
13960 3083
13961 3082
13962 4602
13963 3742
13964 2794
13965 2794
13966 2132
13967 2495
13968 2134
13969 2472
13970 2132
13971 2472
13972 2495
13973 4397
13974 4397
13975 4397
13976 2426
13977 820
13978 2456
13979 4117
13980 2213
13981 2213
13982 1592
13983 1090
13984 663
13985 2580
13986 2581
13987 2581
13988 2598
13989 2598
13990 2580
13991 2580
13992 1963
13993 1963
13994 3054
13995 3054
13996 4022
13997 3054
13998 2428
13999 1827
14000 896
14001 2428
14002 2425
14003 759
14004 332
14005 331
14006 1405
14007 1405
14008 4177
14009 610
14010 3255
14011 2974
14012 2974
14013 2975
14014 4310
14015 4310
14016 2063
14017 2063
14018 2102
14019 2033
14020 2032
14021 3049
14022 3049
14023 595
14024 279
14025 695
14026 3468
14027 3468
14028 4101
14029 3468
14030 3476
14031 4580
14032 4580
14033 1929
14034 4648
14035 1929
14036 4662
14037 2553
14038 2853
14039 2853
14040 2718
14041 2718
14042 2718
14043 4780
14044 2759
14045 2759
14046 4699
14047 4699
14048 4256
14049 2084
14050 2555
14051 2555
14052 2556
14053 948
14054 151
14055 2987
14056 4851
14057 4851
14058 2152
14059 2078
14060 270
14061 4316
14062 3779
14063 2685
14064 1946
14065 1946
14066 1946
14067 1946
14068 3412
14069 3522
14070 3412
14071 4698
14072 4698
14073 3157
14074 476
14075 541
14076 481
14077 476
14078 541
14079 476
14080 95
14081 95
14082 1159
14083 3892
14084 4341
14085 4026
14086 1811
14087 4026
14088 4026
14089 2104
14090 4471
14091 1509
14092 1622
14093 1622
14094 317
14095 3385
14096 2652
14097 4577
14098 726
14099 1794
14100 1794
14101 4722
14102 3667
14103 3667
14104 3819
14105 3827
14106 3819
14107 1926
14108 1926
14109 1926
14110 1926
14111 1926
14112 1925
14113 1870
14114 3620
14115 1870
14116 1493
14117 1493
14118 3620
14119 2433
14120 3713
14121 3720
14122 738
14123 1860
14124 738
14125 738
14126 3700
14127 1781
14128 1792
14129 3700
14130 4639
14131 1203
14132 4568
14133 4569
14134 2498
14135 648
14136 648
14137 338
14138 151
14139 3600
14140 3603
14141 3600
14142 3602
14143 3600
14144 796
14145 1608
14146 726
14147 1186
14148 726
14149 2113
14150 739
14151 1205
14152 726
14153 1087
14154 1087
14155 1087
14156 1162
14157 411
14158 411
14159 4347
14160 4347
14161 435
14162 436
14163 2686
14164 436
14165 2536
14166 2299
14167 4056
14168 3695
14169 4056
14170 4056
14171 3893
14172 77
14173 270
14174 1224
14175 3221
14176 3221
14177 1608
14178 1606
14179 1608
14180 4083
14181 4083
14182 4275
14183 4277
14184 4275
14185 394
14186 4275
14187 2718
14188 2716
14189 2717
14190 602
14191 602
14192 1845
14193 1845
14194 4110
14195 2308
14196 2308
14197 4311
14198 2829
14199 2829
14200 4940
14201 4722
14202 4719
14203 1586
14204 1587
14205 1586
14206 4038
14207 1586
14208 1586
14209 3722
14210 3722
14211 4811
14212 825
14213 4910
14214 2607
14215 2607
14216 2607
14217 2607
14218 198
14219 3130
14220 198
14221 3130
14222 3756
14223 1156
14224 1116
14225 1752
14226 1116
14227 1007
14228 1007
14229 1007
14230 3705
14231 3705
14232 3705
14233 2555
14234 2570
14235 1204
14236 1202
14237 4207
14238 1435
14239 4207
14240 4846
14241 755
14242 4867
14243 4867
14244 4867
14245 1721
14246 1721
14247 3335
14248 4722
14249 3335
14250 515
14251 4334
14252 4922
14253 2391
14254 552
14255 552
14256 1072
14257 890
14258 1484
14259 890
14260 3553
14261 1298
14262 1114
14263 4858
14264 4858
14265 2012
14266 69
14267 69
14268 4349
14269 1362
14270 1362
14271 1366
14272 1362
14273 4552
14274 1855
14275 418
14276 2827
14277 4182
14278 2929
14279 1930
14280 1930
14281 1930
14282 2093
14283 4949
14284 944
14285 4014
14286 672
14287 672
14288 685
14289 4636
14290 4636
14291 2480
14292 3259
14293 4571
14294 3974
14295 3259
14296 3259
14297 876
14298 4571
14299 3966
14300 3966
14301 3970
14302 2091
14303 2149
14304 2149
14305 2898
14306 2898
14307 372
14308 372
14309 1519
14310 1872
14311 1519
14312 1519
14313 1011
14314 1911
14315 4954
14316 4410
14317 812
14318 812
14319 4048
14320 2172
14321 4048
14322 2724
14323 3724
14324 2119
14325 311
14326 623
14327 1555
14328 571
14329 1862
14330 2901
14331 4534
14332 1798
14333 2901
14334 2345
14335 4515
14336 2904
14337 3282
14338 3282
14339 3282
14340 1637
14341 1637
14342 1637
14343 115
14344 2126
14345 2126
14346 2126
14347 2126
14348 3115
14349 4968
14350 940
14351 940
14352 1220
14353 1949
14354 1490
14355 1490
14356 3736
14357 3736
14358 4296
14359 1989
14360 1989
14361 1989
14362 1989
14363 1989
14364 1990
14365 2037
14366 2038
14367 2037
14368 534
14369 3429
14370 2332
14371 3429
14372 2725
14373 737
14374 737
14375 3840
14376 2217
14377 3840
14378 3840
14379 287
14380 2395
14381 1833
14382 4585
14383 4585
14384 4585
14385 3163
14386 3163
14387 3163
14388 3157
14389 3163
14390 4610
14391 4681
14392 4397
14393 4399
14394 4606
14395 4414
14396 4397
14397 351
14398 4447
14399 4447
14400 3724
14401 2576
14402 2576
14403 2576
14404 2578
14405 4347
14406 2851
14407 2851
14408 181
14409 4168
14410 3424
14411 1053
14412 683
14413 1053
14414 4785
14415 1009
14416 2278
14417 1189
14418 1009
14419 1009
14420 535
14421 3337
14422 4422
14423 3337
14424 3337
14425 4701
14426 4701
14427 4702
14428 2147
14429 918
14430 4131
14431 2147
14432 2953
14433 2953
14434 3711
14435 3204
14436 3204
14437 3681
14438 3632
14439 3681
14440 291
14441 2022
14442 291
14443 1598
14444 1598
14445 682
14446 4855
14447 2176
14448 682
14449 1857
14450 689
14451 1014
14452 1597
14453 1627
14454 1623
14455 1597
14456 1700
14457 1623
14458 1627
14459 3454
14460 3446
14461 3446
14462 84
14463 1162
14464 3347
14465 1043
14466 1044
14467 1037
14468 2302
14469 1998
14470 1998
14471 4305
14472 4439
14473 4439
14474 4439
14475 4439
14476 1955
14477 777
14478 779
14479 4652
14480 2715
14481 226
14482 252
14483 226
14484 226
14485 4253
14486 1224
14487 4253
14488 1642
14489 1261
14490 1642
14491 1642
14492 1718
14493 1642
14494 4776
14495 4777
14496 4776
14497 3411
14498 4727
14499 4727
14500 1315
14501 1315
14502 1315
14503 1836
14504 3604
14505 3604
14506 2202
14507 2202
14508 1059
14509 2881
14510 4753
14511 4517
14512 3895
14513 4515
14514 2847
14515 3980
14516 2648
14517 2648
14518 3748
14519 867
14520 973
14521 867
14522 4538
14523 4538
14524 2090
14525 4579
14526 4538
14527 2037
14528 2037
14529 2990
14530 2990
14531 3046
14532 2387
14533 2684
14534 2684
14535 766
14536 4741
14537 1951
14538 2436
14539 2436
14540 3520
14541 2436
14542 940
14543 940
14544 940
14545 3938
14546 3938
14547 3435
14548 1535
14549 3366
14550 1848
14551 4787
14552 4090
14553 4090
14554 4362
14555 4090
14556 1053
14557 1053
14558 2799
14559 1717
14560 456
14561 251
14562 4522
14563 2799
14564 2799
14565 4690
14566 3037
14567 4911
14568 4858
14569 4050
14570 2327
14571 2327
14572 1698
14573 1698
14574 2002
14575 2129
14576 2374
14577 4717
14578 2002
14579 976
14580 976
14581 865
14582 2236
14583 4025
14584 4026
14585 4025
14586 4325
14587 2877
14588 2949
14589 2880
14590 2877
14591 2856
14592 453
14593 74
14594 435
14595 2361
14596 2361
14597 2361
14598 1089
14599 1082
14600 4861
14601 4861
14602 3600
14603 3600
14604 3600
14605 569
14606 2675
14607 2675
14608 2675
14609 3363
14610 2611
14611 2611
14612 2611
14613 3697
14614 3697
14615 770
14616 2450
14617 1048
14618 540
14619 2393
14620 770
14621 562
14622 285
14623 4852
14624 3503
14625 3503
14626 3503
14627 904
14628 3141
14629 3141
14630 3141
14631 1462
14632 1564
14633 1159
14634 3804
14635 4014
14636 3804
14637 2628
14638 2631
14639 673
14640 679
14641 1822
14642 679
14643 1833
14644 2580
14645 2580
14646 3359
14647 3359
14648 344
14649 376
14650 1869
14651 642
14652 1667
14653 2496
14654 576
14655 1667
14656 4500
14657 4500
14658 4631
14659 4500
14660 2358
14661 538
14662 4451
14663 538
14664 3417
14665 539
14666 3318
14667 3318
14668 3318
14669 795
14670 796
14671 795
14672 3712
14673 3711
14674 3267
14675 3267
14676 482
14677 531
14678 591
14679 532
14680 485
14681 2660
14682 2660
14683 2716
14684 1050
14685 1050
14686 3135
14687 3136
14688 2260
14689 1696
14690 1742
14691 1874
14692 3260
14693 2528
14694 3258
14695 3260
14696 3434
14697 3430
14698 3816
14699 3816
14700 3816
14701 3815
14702 426
14703 437
14704 934
14705 4646
14706 2107
14707 1739
14708 2107
14709 2129
14710 330
14711 2106
14712 1739
14713 524
14714 533
14715 1212
14716 1939
14717 1939
14718 77
14719 1950
14720 1939
14721 1939
14722 190
14723 190
14724 985
14725 1633
14726 1633
14727 1633
14728 3426
14729 51
14730 131
14731 3155
14732 2543
14733 3157
14734 2543
14735 664
14736 696
14737 1729
14738 1729
14739 940
14740 1155
14741 940
14742 1155
14743 2000
14744 2000
14745 2000
14746 4539
14747 4539
14748 4539
14749 4067
14750 1936
14751 155
14752 1044
14753 602
14754 4821
14755 4821
14756 4821
14757 1470
14758 3012
14759 2920
14760 2920
14761 2920
14762 3034
14763 2920
14764 4854
14765 2873
14766 2873
14767 1323
14768 4692
14769 4364
14770 4364
14771 4364
14772 4765
14773 1292
14774 1874
14775 4896
14776 4069
14777 4411
14778 2706
14779 4069
14780 4411
14781 329
14782 2315
14783 925
14784 884
14785 587
14786 2282
14787 2394
14788 2394
14789 2398
14790 439
14791 2188
14792 2188
14793 2188
14794 155
14795 3735
14796 2808
14797 2890
14798 1841
14799 2550
14800 2550
14801 4324
14802 4805
14803 505
14804 4805
14805 4805
14806 505
14807 1694
14808 999
14809 999
14810 77
14811 452
14812 4387
14813 591
14814 194
14815 466
14816 3467
14817 3458
14818 3458
14819 2790
14820 2790
14821 3139
14822 3690
14823 3139
14824 3143
14825 3139
14826 3703
14827 4660
14828 56
14829 2548
14830 2548
14831 2548
14832 4158
14833 3655
14834 2453
14835 4717
14836 2063
14837 1932
14838 1205
14839 2063
14840 3164
14841 1805
14842 3716
14843 1547
14844 1521
14845 2407
14846 1547
14847 1547
14848 1120
14849 1120
14850 134
14851 2296
14852 37
14853 1521
14854 3373
14855 3373
14856 225
14857 216
14858 4479
14859 2285
14860 4479
14861 4479
14862 4904
14863 526
14864 526
14865 526
14866 526
14867 4157
14868 2087
14869 2087
14870 4242
14871 3405
14872 3405
14873 56
14874 3398
14875 534
14876 213
14877 56
14878 3721
14879 56
14880 246
14881 1596
14882 1641
14883 1596
14884 1641
14885 1182
14886 1186
14887 1182
14888 424
14889 387
14890 2635
14891 424
14892 376
14893 525
14894 3699
14895 457
14896 424
14897 3906
14898 3906
14899 3906
14900 3906
14901 4968
14902 3585
14903 1066
14904 1066
14905 831
14906 337
14907 831
14908 3859
14909 2407
14910 3859
14911 3860
14912 3863
14913 3396
14914 3867
14915 2828
14916 2991
14917 2829
14918 3318
14919 3318
14920 2726
14921 3318
14922 2160
14923 2161
14924 2080
14925 2080
14926 1060
14927 1075
14928 1079
14929 1061
14930 3791
14931 4943
14932 2477
14933 1126
14934 82
14935 4610
14936 698
14937 1161
14938 3975
14939 216
14940 4263
14941 4263
14942 4263
14943 705
14944 705
14945 3679
14946 1649
14947 3658
14948 2830
14949 3565
14950 3565
14951 3565
14952 4085
14953 3391
14954 4087
14955 3396
14956 2281
14957 2281
14958 2256
14959 3964
14960 506
14961 505
14962 3205
14963 3205
14964 4409
14965 4409
14966 4409
14967 3027
14968 3027
14969 3027
14970 4655
14971 1180
14972 4710
14973 4710
14974 4710
14975 4712
14976 2646
14977 4297
14978 4211
14979 4297
14980 2021
14981 2088
14982 3587
14983 1963
14984 395
14985 395
14986 553
14987 1556
14988 1556
14989 553
14990 2384
14991 2384
14992 2210
14993 2210
14994 1233
14995 1233
14996 4138
14997 264
14998 4138
14999 1882
15000 1882
15001 4940
15002 4219
15003 4219
15004 2834
15005 2834
15006 2596
15007 2833
15008 4071
15009 4071
15010 1518
15011 1553
15012 1518
15013 554
15014 1501
15015 2634
15016 4128
15017 1039
15018 1039
15019 2483
15020 2483
15021 4733
15022 4732
15023 4732
15024 1570
15025 3806
15026 2921
15027 1237
15028 1570
15029 4282
15030 2447
15031 4367
15032 2871
15033 2846
15034 890
15035 890
15036 4257
15037 3716
15038 1191
15039 1850
15040 89
15041 4184
15042 1497
15043 4683
15044 1497
15045 3996
15046 4683
15047 329
15048 1101
15049 1594
15050 1238
15051 181
15052 3457
15053 2736
15054 389
15055 4028
15056 4736
15057 760
15058 389
15059 1950
15060 1950
15061 3188
15062 1800
15063 3188
15064 3188
15065 2328
15066 123
15067 4060
15068 2501
15069 2502
15070 3678
15071 2501
15072 4475
15073 4475
15074 4475
15075 1036
15076 2836
15077 2836
15078 3291
15079 746
15080 4662
15081 1054
15082 1563
15083 1628
15084 1628
15085 3816
15086 1628
15087 4104
15088 574
15089 574
15090 4656
15091 4588
15092 2342
15093 4656
15094 2823
15095 2855
15096 2832
15097 490
15098 690
15099 1733
15100 490
15101 4033
15102 4030
15103 4201
15104 4218
15105 4218
15106 988
15107 546
15108 1248
15109 2137
15110 558
15111 951
15112 3989
15113 4224
15114 4224
15115 1150
15116 3945
15117 3941
15118 3944
15119 3850
15120 3850
15121 3850
15122 3855
15123 3850
15124 204
15125 399
15126 566
15127 1080
15128 753
15129 1713
15130 1713
15131 1713
15132 3746
15133 1714
15134 2882
15135 2312
15136 2312
15137 2137
15138 2137
15139 2137
15140 2137
15141 262
15142 564
15143 1670
15144 3415
15145 3414
15146 3415
15147 3415
15148 2187
15149 2187
15150 4712
15151 4711
15152 3156
15153 3156
15154 3156
15155 3413
15156 3165
15157 3156
15158 3641
15159 3382
15160 3382
15161 1178
15162 1178
15163 1180
15164 1185
15165 1178
15166 2970
15167 2970
15168 2970
15169 690
15170 690
15171 690
15172 4775
15173 3708
15174 4761
15175 4926
15176 4761
15177 3288
15178 3288
15179 3288
15180 3289
15181 3288
15182 3288
15183 132
15184 132
15185 3160
15186 3695
15187 3695
15188 2107
15189 2107
15190 2788
15191 2788
15192 2256
15193 4350
15194 4818
15195 2430
15196 2430
15197 1529
15198 1529
15199 1166
15200 1218
15201 1218
15202 1695
15203 1741
15204 1741
15205 1832
15206 1668
15207 1609
15208 3680
15209 3680
15210 3680
15211 3204
15212 3204
15213 3289
15214 3204
15215 3204
15216 1996
15217 4891
15218 1996
15219 1996
15220 1996
15221 1515
15222 1515
15223 1515
15224 794
15225 2628
15226 2629
15227 2629
15228 2319
15229 3220
15230 2319
15231 2771
15232 2771
15233 2771
15234 3563
15235 3563
15236 3563
15237 3735
15238 3500
15239 2794
15240 2794
15241 4331
15242 1550
15243 2346
15244 2200
15245 2200
15246 2141
15247 2141
15248 1700
15249 1700
15250 1700
15251 1886
15252 2101
15253 1886
15254 1914
15255 855
15256 854
15257 4309
15258 3017
15259 1887
15260 1887
15261 3340
15262 1003
15263 654
15264 381
15265 4800
15266 355
15267 1788
15268 4635
15269 2783
15270 2783
15271 2781
15272 2780
15273 3390
15274 1613
15275 3146
15276 3147
15277 4363
15278 2469
15279 1186
15280 4073
15281 4073
15282 4073
15283 4073
15284 4073
15285 1607
15286 4009
15287 4644
15288 920
15289 942
15290 942
15291 1063
15292 4031
15293 1502
15294 2861
15295 1502
15296 1504
15297 144
15298 1856
15299 1856
15300 1856
15301 4077
15302 4206
15303 4077
15304 4077
15305 2984
15306 2720
15307 2720
15308 156
15309 4087
15310 78
15311 161
15312 3843
15313 3843
15314 3843
15315 1551
15316 3926
15317 3843
15318 3843
15319 4227
15320 4227
15321 3007
15322 71
15323 2732
15324 4260
15325 4259
15326 224
15327 3361
15328 3361
15329 3361
15330 3361
15331 3361
15332 931
15333 1434
15334 4971
15335 905
15336 931
15337 1338
15338 4572
15339 4048
15340 251
15341 4166
15342 1345
15343 1345
15344 1140
15345 779
15346 1175
15347 56
15348 3087
15349 2288
15350 2288
15351 1581
15352 1519
15353 3270
15354 3598
15355 2288
15356 185
15357 957
15358 1787
15359 1719
15360 1850
15361 2159
15362 2159
15363 278
15364 2012
15365 1817
15366 1821
15367 1817
15368 1817
15369 1327
15370 1327
15371 1327
15372 3270
15373 1635
15374 2830
15375 2830
15376 2830
15377 2494
15378 2458
15379 1820
15380 1003
15381 4162
15382 4162
15383 4162
15384 3854
15385 4274
15386 3854
15387 3854
15388 3855
15389 193
15390 159
15391 1504
15392 1476
15393 1476
15394 1476
15395 1476
15396 1476
15397 868
15398 1794
15399 868
15400 1693
15401 3133
15402 3133
15403 3133
15404 265
15405 1812
15406 4589
15407 3075
15408 3038
15409 4589
15410 2884
15411 3837
15412 2714
15413 2714
15414 3391
15415 3391
15416 4168
15417 3372
15418 3391
15419 47
15420 1093
15421 126
15422 1546
15423 3394
15424 3394
15425 2251
15426 482
15427 2108
15428 3192
15429 4818
15430 3192
15431 3192
15432 3709
15433 3740
15434 3740
15435 2289
15436 2289
15437 4865
15438 1426
15439 4905
15440 776
15441 4847
15442 776
15443 2545
15444 2545
15445 2545
15446 3057
15447 3057
15448 3740
15449 2686
15450 4098
15451 4098
15452 4098
15453 4935
15454 4935
15455 3250
15456 367
15457 3255
15458 1193
15459 256
15460 2695
15461 4336
15462 876
15463 2192
15464 1724
15465 1728
15466 172
15467 1277
15468 174
15469 172
15470 172
15471 1811
15472 1006
15473 2778
15474 2547
15475 1036
15476 1036
15477 1036
15478 763
15479 1044
15480 1979
15481 1979
15482 2252
15483 2252
15484 2095
15485 2410
15486 2095
15487 610
15488 3923
15489 3923
15490 3923
15491 3923
15492 4803
15493 3585
15494 4242
15495 4242
15496 4304
15497 4030
15498 4030
15499 4030
15500 264
15501 1646
15502 4293
15503 2131
15504 2131
15505 2004
15506 2004
15507 2003
15508 2004
15509 875
15510 1720
15511 3088
15512 4056
15513 4056
15514 4056
15515 862
15516 2488
15517 862
15518 4930
15519 4221
15520 2954
15521 2108
15522 4938
15523 3955
15524 1808
15525 180
15526 3311
15527 1246
15528 2495
15529 1119
15530 180
15531 4349
15532 161
15533 244
15534 451
15535 161
15536 1871
15537 1675
15538 1693
15539 1080
15540 3021
15541 671
15542 4335
15543 1973
15544 2109
15545 1011
15546 1289
15547 2183
15548 4935
15549 1289
15550 460
15551 898
15552 777
15553 777
15554 3441
15555 3441
15556 49
15557 2395
15558 1687
15559 1821
15560 4585
15561 1701
15562 2244
15563 2244
15564 2313
15565 1854
15566 2313
15567 4118
15568 1083
15569 4421
15570 4460
15571 3509
15572 3509
15573 3495
15574 3509
15575 3264
15576 3264
15577 3263
15578 3264
15579 4701
15580 1086
15581 4701
15582 4701
15583 149
15584 4951
15585 986
15586 986
15587 1229
15588 3900
15589 3900
15590 4756
15591 3127
15592 3127
15593 1005
15594 1005
15595 699
15596 876
15597 1769
15598 1769
15599 1769
15600 2424
15601 1250
15602 4457
15603 4457
15604 4457
15605 2821
15606 2821
15607 4283
15608 4283
15609 2178
15610 2299
15611 1517
15612 2285
15613 1520
15614 682
15615 4339
15616 4295
15617 1072
15618 1072
15619 1093
15620 1093
15621 1072
15622 2397
15623 2397
15624 2005
15625 2298
15626 2397
15627 3641
15628 3641
15629 2994
15630 288
15631 1594
15632 1594
15633 252
15634 252
15635 1559
15636 221
15637 221
15638 3319
15639 3319
15640 3319
15641 2920
15642 4975
15643 4869
15644 4869
15645 4024
15646 4869
15647 4869
15648 2238
15649 2238
15650 3157
15651 3157
15652 3917
15653 4361
15654 3917
15655 901
15656 901
15657 901
15658 3487
15659 3655
15660 529
15661 4327
15662 1771
15663 4327
15664 4001
15665 4001
15666 4001
15667 4001
15668 249
15669 1397
15670 321
15671 249
15672 4862
15673 321
15674 1556
15675 2412
15676 2410
15677 2235
15678 4300
15679 2235
15680 2463
15681 585
15682 1567
15683 1567
15684 1855
15685 1809
15686 1567
15687 4781
15688 3434
15689 4781
15690 4930
15691 1587
15692 110
15693 579
15694 1846
15695 1758
15696 1774
15697 467
15698 4267
15699 1774
15700 4416
15701 4963
15702 4416
15703 4750
15704 548
15705 1719
15706 4639
15707 869
15708 4639
15709 4731
15710 4731
15711 4731
15712 2439
15713 1620
15714 4219
15715 4219
15716 3154
15717 3077
15718 1204
15719 3429
15720 3429
15721 3429
15722 4406
15723 1655
15724 4406
15725 3155
15726 3276
15727 3377
15728 3155
15729 1371
15730 1254
15731 1371
15732 1371
15733 1787
15734 4763
15735 4763
15736 254
15737 1561
15738 1771
15739 1561
15740 1561
15741 1889
15742 1889
15743 363
15744 4343
15745 1794
15746 1889
15747 294
15748 4291
15749 4464
15750 4725
15751 4725
15752 2220
15753 2848
15754 2848
15755 4573
15756 2848
15757 415
15758 4411
15759 1045
15760 2450
15761 3941
15762 3941
15763 3941
15764 3941
15765 3941
15766 3699
15767 3699
15768 3699
15769 2904
15770 2904
15771 3933
15772 3069
15773 3370
15774 3370
15775 3370
15776 3379
15777 3370
15778 4456
15779 4456
15780 3765
15781 3765
15782 3765
15783 1137
15784 3475
15785 1137
15786 1137
15787 859
15788 859
15789 859
15790 859
15791 858
15792 3297
15793 3297
15794 3301
15795 3298
15796 3301
15797 3297
15798 4769
15799 4769
15800 4769
15801 1097
15802 1097
15803 1111
15804 3834
15805 3834
15806 3834
15807 3876
15808 2853
15809 890
15810 263
15811 1813
15812 4494
15813 4256
15814 263
15815 1006
15816 4610
15817 397
15818 539
15819 2861
15820 690
15821 3619
15822 3604
15823 3604
15824 3899
15825 3899
15826 3899
15827 1782
15828 1856
15829 3414
15830 678
15831 678
15832 2230
15833 553
15834 553
15835 1998
15836 4441
15837 4442
15838 3485
15839 4441
15840 4441
15841 4441
15842 4237
15843 1221
15844 4237
15845 1219
15846 521
15847 3688
15848 3687
15849 4195
15850 2645
15851 4156
15852 437
15853 804
15854 804
15855 804
15856 4013
15857 859
15858 120
15859 1899
15860 1110
15861 4019
15862 2790
15863 4519
15864 4519
15865 4519
15866 4453
15867 4453
15868 3212
15869 3212
15870 3212
15871 2442
15872 2243
15873 1139
15874 473
15875 4564
15876 3636
15877 473
15878 473
15879 251
15880 4564
15881 2084
15882 2086
15883 2084
15884 2162
15885 2646
15886 2977
15887 2977
15888 527
15889 2977
15890 2977
15891 1303
15892 2349
15893 1303
15894 1303
15895 1303
15896 2349
15897 3953
15898 1757
15899 3695
15900 1282
15901 3953
15902 360
15903 3249
15904 3249
15905 123
15906 3805
15907 987
15908 987
15909 2049
15910 2263
15911 2049
15912 561
15913 449
15914 4217
15915 531
15916 531
15917 3323
15918 3323
15919 3734
15920 3323
15921 997
15922 1304
15923 1304
15924 2999
15925 2999
15926 3209
15927 4330
15928 3210
15929 3210
15930 3209
15931 2992
15932 3408
15933 202
15934 1101
15935 1101
15936 3698
15937 3698
15938 291
15939 4523
15940 4067
15941 4211
15942 4343
15943 4067
15944 4067
15945 583
15946 2514
15947 2513
15948 2514
15949 2514
15950 4634
15951 2514
15952 1889
15953 1889
15954 3729
15955 4662
15956 4432
15957 2193
15958 4432
15959 3704
15960 996
15961 996
15962 4519
15963 4519
15964 4519
15965 3765
15966 3765
15967 3940
15968 3765
15969 3534
15970 3534
15971 4644
15972 4461
15973 4460
15974 403
15975 386
15976 386
15977 1874
15978 1874
15979 4322
15980 3169
15981 3169
15982 3169
15983 3171
15984 3504
15985 2061
15986 1142
15987 2160
15988 1020
15989 1152
15990 1141
15991 1020
15992 2101
15993 2101
15994 3999
15995 3999
15996 4381
15997 271
15998 521
15999 1567
16000 1567
16001 1567
16002 1567
16003 1567
16004 4756
16005 1140
16006 948
16007 948
16008 218
16009 104
16010 218
16011 218
16012 641
16013 1084
16014 3085
16015 3721
16016 1135
16017 2043
16018 2043
16019 2848
16020 2848
16021 4905
16022 1011
16023 1011
16024 1301
16025 1301
16026 1301
16027 1375
16028 2865
16029 3099
16030 1375
16031 284
16032 3341
16033 3341
16034 2544
16035 2577
16036 2542
16037 2544
16038 3671
16039 3028
16040 3028
16041 4666
16042 870
16043 2626
16044 3387
16045 2626
16046 2859
16047 2859
16048 2859
16049 2859
16050 3069
16051 1605
16052 1605
16053 4673
16054 772
16055 772
16056 2532
16057 2532
16058 2532
16059 2532
16060 4879
16061 134
16062 51
16063 978
16064 51
16065 978
16066 1838
16067 474
16068 1838
16069 478
16070 2667
16071 2928
16072 2667
16073 2667
16074 1647
16075 1687
16076 1647
16077 1647
16078 2346
16079 3521
16080 1365
16081 2380
16082 1365
16083 3713
16084 3264
16085 3713
16086 3713
16087 989
16088 3081
16089 462
16090 519
16091 1233
16092 4792
16093 4792
16094 3026
16095 3026
16096 3026
16097 507
16098 488
16099 507
16100 588
16101 611
16102 3576
16103 3336
16104 1334
16105 1334
16106 1467
16107 1334
16108 883
16109 3081
16110 981
16111 2391
16112 4478
16113 2028
16114 2028
16115 4809
16116 4809
16117 4809
16118 1759
16119 3424
16120 2120
16121 1742
16122 1742
16123 1083
16124 2379
16125 2379
16126 2178
16127 433
16128 433
16129 3911
16130 433
16131 545
16132 439
16133 4674
16134 4161
16135 61
16136 3991
16137 3991
16138 506
16139 3991
16140 3991
16141 3835
16142 3301
16143 3835
16144 4013
16145 3300
16146 2396
16147 2007
16148 2959
16149 3049
16150 3063
16151 2953
16152 2958
16153 2459
16154 2459
16155 152
16156 2108
16157 565
16158 2016
16159 3651
16160 2021
16161 3720
16162 4605
16163 2016
16164 4470
16165 2021
16166 862
16167 954
16168 930
16169 4873
16170 931
16171 4320
16172 4320
16173 1282
16174 2181
16175 923
16176 614
16177 530
16178 1282
16179 1377
16180 1377
16181 1377
16182 1377
16183 1377
16184 1377
16185 668
16186 668
16187 1445
16188 2246
16189 4922
16190 3485
16191 4033
16192 2846
16193 2846
16194 2705
16195 3686
16196 2644
16197 2644
16198 2640
16199 2681
16200 2681
16201 2681
16202 1157
16203 2492
16204 1157
16205 2492
16206 409
16207 1511
16208 409
16209 1348
16210 854
16211 854
16212 854
16213 854
16214 848
16215 855
16216 1751
16217 3213
16218 2234
16219 1492
16220 1541
16221 1412
16222 4936
16223 4936
16224 4676
16225 3625
16226 3625
16227 1188
16228 3629
16229 1672
16230 1672
16231 1679
16232 1672
16233 1793
16234 1299
16235 1299
16236 115
16237 115
16238 463
16239 3353
16240 3353
16241 85
16242 2404
16243 1357
16244 85
16245 687
16246 3190
16247 3190
16248 3037
16249 684
16250 1340
16251 1340
16252 1340
16253 1344
16254 4130
16255 1340
16256 3405
16257 3405
16258 1103
16259 4436
16260 4436
16261 4436
16262 778
16263 778
16264 1882
16265 1882
16266 4257
16267 4138
16268 3065
16269 3065
16270 3065
16271 3065
16272 2687
16273 2687
16274 2687
16275 2695
16276 2688
16277 2694
16278 729
16279 1744
16280 729
16281 3729
16282 2010
16283 3606
16284 3712
16285 88
16286 136
16287 575
16288 88
16289 3074
16290 3074
16291 2355
16292 2355
16293 3325
16294 3325
16295 1994
16296 1994
16297 4439
16298 3674
16299 742
16300 3674
16301 1968
16302 1968
16303 1733
16304 1733
16305 1455
16306 1850
16307 2772
16308 2772
16309 3567
16310 2762
16311 3935
16312 2323
16313 1089
16314 3689
16315 2493
16316 2645
16317 2645
16318 2507
16319 2507
16320 2507
16321 2507
16322 2031
16323 4011
16324 4280
16325 1532
16326 445
16327 4301
16328 1532
16329 1912
16330 1912
16331 200
16332 613
16333 2840
16334 3485
16335 4762
16336 4762
16337 1466
16338 4819
16339 3774
16340 3774
16341 4140
16342 3965
16343 3965
16344 3958
16345 2059
16346 1375
16347 2059
16348 775
16349 61
16350 418
16351 4849
16352 2299
16353 4849
16354 4653
16355 4653
16356 3647
16357 3647
16358 3530
16359 2880
16360 2823
16361 4183
16362 4183
16363 3087
16364 2802
16365 2802
16366 2802
16367 4468
16368 4468
16369 4468
16370 3595
16371 4565
16372 4606
16373 4910
16374 4565
16375 3049
16376 489
16377 2260
16378 2444
16379 2257
16380 3658
16381 708
16382 3658
16383 3658
16384 1466
16385 706
16386 3658
16387 2709
16388 2709
16389 2260
16390 3428
16391 941
16392 493
16393 941
16394 941
16395 906
16396 2295
16397 1865
16398 3414
16399 1823
16400 4521
16401 32
16402 2568
16403 2800
16404 1824
16405 3427
16406 887
16407 3427
16408 282
16409 432
16410 432
16411 432
16412 432
16413 4679
16414 4679
16415 4733
16416 4329
16417 4329
16418 4329
16419 4329
16420 4866
16421 1201
16422 4866
16423 4866
16424 4788
16425 3815
16426 4788
16427 3078
16428 2979
16429 4405
16430 854
16431 4407
16432 4405
16433 4407
16434 168
16435 3796
16436 3796
16437 496
16438 411
16439 484
16440 344
16441 4869
16442 411
16443 2546
16444 2546
16445 2572
16446 2546
16447 2574
16448 2424
16449 1475
16450 1462
16451 1462
16452 3658
16453 3658
16454 2086
16455 2086
16456 322
16457 1161
16458 322
16459 322
16460 542
16461 322
16462 322
16463 4682
16464 1519
16465 3159
16466 2980
16467 2980
16468 2738
16469 512
16470 367
16471 4440
16472 4440
16473 4440
16474 1743
16475 346
16476 346
16477 346
16478 346
16479 346
16480 349
16481 3835
16482 838
16483 3835
16484 3340
16485 3340
16486 3340
16487 3107
16488 3639
16489 1903
16490 4686
16491 1736
16492 2897
16493 3173
16494 3173
16495 3350
16496 3173
16497 849
16498 3328
16499 3648
16500 3328
16501 4314
16502 3328
16503 3328
16504 1037
16505 1705
16506 1037
16507 1037
16508 1037
16509 3418
16510 3418
16511 3418
16512 1993
16513 1993
16514 1993
16515 3083
16516 2238
16517 2255
16518 4923
16519 4923
16520 3167
16521 3167
16522 3167
16523 89
16524 557
16525 2376
16526 95
16527 89
16528 557
16529 3302
16530 3302
16531 3302
16532 1302
16533 1498
16534 1303
16535 2525
16536 2525
16537 2527
16538 2535
16539 437
16540 435
16541 1814
16542 4270
16543 1813
16544 1545
16545 1548
16546 2495
16547 1766
16548 1545
16549 419
16550 3022
16551 2652
16552 2412
16553 2107
16554 1451
16555 1905
16556 2107
16557 1905
16558 3727
16559 3532
16560 1380
16561 763
16562 4783
16563 763
16564 765
16565 765
16566 4240
16567 4240
16568 552
16569 552
16570 1225
16571 1225
16572 4806
16573 4579
16574 2592
16575 2592
16576 1516
16577 1516
16578 1516
16579 97
16580 1518
16581 1516
16582 297
16583 1469
16584 2188
16585 2188
16586 1469
16587 1076
16588 3433
16589 3636
16590 3541
16591 4506
16592 3636
16593 3636
16594 268
16595 2324
16596 414
16597 4208
16598 4208
16599 4208
16600 4358
16601 4787
16602 693
16603 985
16604 2438
16605 2394
16606 813
16607 1980
16608 4392
16609 4392
16610 4391
16611 1884
16612 1517
16613 1884
16614 152
16615 1108
16616 4856
16617 4856
16618 1778
16619 1778
16620 2414
16621 1778
16622 3950
16623 3950
16624 4953
16625 4064
16626 4064
16627 4064
16628 4106
16629 654
16630 2101
16631 857
16632 4549
16633 4549
16634 4549
16635 4549
16636 4549
16637 3115
16638 4017
16639 4017
16640 3317
16641 361
16642 503
16643 502
16644 819
16645 1734
16646 1148
16647 1147
16648 683
16649 2682
16650 2684
16651 4510
16652 3244
16653 2682
16654 2683
16655 2682
16656 2684
16657 4377
16658 4377
16659 1684
16660 1234
16661 2886
16662 2886
16663 2886
16664 2830
16665 2886
16666 2774
16667 2774
16668 3171
16669 3171
16670 545
16671 3171
16672 1180
16673 4733
16674 1280
16675 1280
16676 3731
16677 1857
16678 1929
16679 733
16680 2561
16681 3416
16682 3388
16683 3696
16684 3696
16685 2586
16686 2597
16687 2587
16688 1892
16689 1892
16690 1892
16691 1892
16692 600
16693 980
16694 1408
16695 3228
16696 1408
16697 1408
16698 1982
16699 3761
16700 3761
16701 3761
16702 1622
16703 1240
16704 1622
16705 1805
16706 1805
16707 1406
16708 1805
16709 362
16710 362
16711 2393
16712 1113
16713 3682
16714 3679
16715 2227
16716 2481
16717 2227
16718 3186
16719 3185
16720 3552
16721 3186
16722 3186
16723 3170
16724 3170
16725 3908
16726 3412
16727 3409
16728 3409
16729 593
16730 1699
16731 2816
16732 2217
16733 2816
16734 2816
16735 1543
16736 3735
16737 292
16738 1771
16739 682
16740 1107
16741 1035
16742 1771
16743 1227
16744 1449
16745 1227
16746 319
16747 1394
16748 1235
16749 1828
16750 4393
16751 4890
16752 4393
16753 4393
16754 4393
16755 4471
16756 4471
16757 4471
16758 678
16759 1205
16760 1224
16761 3559
16762 2297
16763 1236
16764 2452
16765 4077
16766 4633
16767 4077
16768 4305
16769 4305
16770 3046
16771 3944
16772 25
16773 1179
16774 2790
16775 2790
16776 2577
16777 306
16778 1773
16779 4878
16780 4878
16781 3358
16782 3358
16783 1794
16784 4323
16785 1195
16786 3563
16787 2780
16788 1195
16789 3783
16790 4606
16791 4606
16792 2873
16793 2873
16794 3722
16795 1704
16796 1704
16797 3356
16798 3525
16799 3356
16800 3356
16801 3356
16802 3356
16803 4177
16804 4177
16805 4567
16806 4567
16807 4567
16808 1434
16809 1434
16810 1434
16811 4473
16812 954
16813 1511
16814 1511
16815 1514
16816 1511
16817 552
16818 1842
16819 138
16820 1553
16821 516
16822 2589
16823 2589
16824 4574
16825 4574
16826 3998
16827 3998
16828 3998
16829 4324
16830 1852
16831 4324
16832 677
16833 677
16834 3684
16835 1165
16836 665
16837 1437
16838 1433
16839 1433
16840 1847
16841 3193
16842 3193
16843 4165
16844 1783
16845 3944
16846 1265
16847 3791
16848 1265
16849 1370
16850 1264
16851 210
16852 2629
16853 3427
16854 3427
16855 2047
16856 2047
16857 573
16858 3334
16859 3334
16860 3334
16861 3335
16862 4786
16863 4786
16864 104
16865 4094
16866 4094
16867 4093
16868 891
16869 891
16870 1127
16871 4717
16872 1128
16873 4215
16874 1104
16875 1104
16876 3042
16877 2643
16878 4068
16879 4068
16880 4068
16881 4068
16882 4306
16883 3671
16884 966
16885 4510
16886 4510
16887 1907
16888 1196
16889 1196
16890 746
16891 1196
16892 608
16893 1196
16894 3413
16895 3413
16896 4801
16897 3715
16898 1033
16899 674
16900 3578
16901 3579
16902 4426
16903 4426
16904 4426
16905 4426
16906 812
16907 3584
16908 812
16909 1350
16910 2100
16911 4320
16912 2922
16913 2970
16914 3049
16915 3010
16916 2922
16917 2969
16918 3151
16919 2890
16920 3151
16921 2856
16922 2856
16923 4229
16924 4229
16925 2202
16926 2202
16927 3227
16928 3227
16929 3227
16930 3228
16931 3268
16932 3227
16933 3227
16934 3516
16935 3516
16936 2273
16937 918
16938 3516
16939 1501
16940 1161
16941 2216
16942 4114
16943 1735
16944 234
16945 3432
16946 4380
16947 4380
16948 4381
16949 2091
16950 999
16951 245
16952 1397
16953 2091
16954 2091
16955 1723
16956 1723
16957 402
16958 4357
16959 1809
16960 1809
16961 2414
16962 1809
16963 2269
16964 4686
16965 4686
16966 4686
16967 1112
16968 1112
16969 424
16970 452
16971 2261
16972 424
16973 424
16974 4674
16975 280
16976 2053
16977 2686
16978 700
16979 693
16980 2943
16981 1519
16982 1355
16983 1358
16984 1355
16985 1355
16986 1355
16987 1015
16988 3774
16989 2958
16990 3774
16991 4136
16992 1810
16993 1810
16994 1753
16995 1810
16996 440
16997 1146
16998 444
16999 4221
17000 4256
17001 4328
17002 4328
17003 3339
17004 3339
17005 3339
17006 4614
17007 4614
17008 4614
17009 4896
17010 4896
17011 4896
17012 2056
17013 3614
17014 3251
17015 2559
17016 2558
17017 2523
17018 4359
17019 4359
17020 605
17021 3431
17022 3431
17023 3431
17024 3431
17025 4253
17026 1506
17027 1505
17028 1083
17029 999
17030 1506
17031 3986
17032 1866
17033 1753
17034 355
17035 2687
17036 2687
17037 2687
17038 2594
17039 2594
17040 3538
17041 3538
17042 114
17043 3536
17044 3538
17045 3538
17046 1556
17047 1556
17048 1556
17049 3630
17050 1860
17051 4009
17052 561
17053 4700
17054 1455
17055 4700
17056 4699
17057 460
17058 460
17059 1194
17060 3295
17061 3738
17062 3295
17063 3293
17064 3295
17065 3300
17066 3426
17067 4469
17068 4469
17069 4933
17070 4933
17071 4933
17072 4933
17073 4933
17074 2473
17075 2473
17076 2473
17077 2405
17078 3448
17079 3514
17080 3448
17081 354
17082 354
17083 354
17084 4636
17085 4636
17086 2602
17087 2602
17088 914
17089 914
17090 3417
17091 1775
17092 746
17093 1775
17094 1835
17095 3109
17096 3564
17097 3109
17098 1498
17099 1498
17100 1498
17101 3073
17102 3073
17103 3073
17104 2437
17105 2950
17106 2950
17107 2842
17108 2951
17109 3043
17110 3043
17111 1935
17112 2219
17113 1936
17114 1935
17115 1717
17116 1717
17117 1701
17118 681
17119 3812
17120 3812
17121 3733
17122 865
17123 3733
17124 1563
17125 865
17126 4762
17127 3449
17128 1551
17129 4243
17130 3816
17131 4198
17132 1279
17133 1279
17134 1279
17135 3410
17136 3410
17137 3975
17138 4948
17139 3885
17140 3938
17141 3885
17142 3885
17143 653
17144 2457
17145 913
17146 4850
17147 680
17148 653
17149 931
17150 980
17151 2491
17152 4971
17153 2946
17154 3685
17155 2133
17156 2133
17157 2142
17158 2451
17159 3682
17160 4758
17161 3739
17162 3739
17163 2515
17164 2539
17165 2571
17166 2566
17167 2517
17168 3414
17169 1869
17170 1602
17171 2328
17172 943
17173 1223
17174 955
17175 955
17176 3281
17177 3281
17178 4338
17179 1716
17180 2726
17181 2730
17182 2730
17183 2726
17184 2726
17185 2726
17186 272
17187 4529
17188 599
17189 810
17190 4529
17191 408
17192 3745
17193 725
17194 1697
17195 742
17196 725
17197 1854
17198 725
17199 392
17200 1701
17201 565
17202 4138
17203 4140
17204 4588
17205 1884
17206 4752
17207 4086
17208 4086
17209 2385
17210 3648
17211 4050
17212 696
17213 4735
17214 4735
17215 3075
17216 1803
17217 1803
17218 4297
17219 4297
17220 3389
17221 3388
17222 4507
17223 4507
17224 3086
17225 3086
17226 46
17227 1994
17228 3030
17229 3030
17230 3030
17231 2180
17232 4767
17233 4767
17234 3860
17235 3860
17236 950
17237 950
17238 2140
17239 4169
17240 3470
17241 3470
17242 3470
17243 3469
17244 3469
17245 2245
17246 2245
17247 3931
17248 3928
17249 3931
17250 2233
17251 2233
17252 1210
17253 2393
17254 1557
17255 1122
17256 1122
17257 1122
17258 3409
17259 4372
17260 3409
17261 3409
17262 419
17263 1505
17264 1505
17265 754
17266 754
17267 1236
17268 1201
17269 4017
17270 4017
17271 1226
17272 1226
17273 266
17274 3770
17275 2734
17276 2734
17277 3293
17278 4926
17279 3293
17280 3293
17281 3293
17282 3368
17283 3368
17284 3368
17285 4383
17286 4383
17287 4537
17288 4537
17289 4710
17290 4537
17291 4295
17292 1689
17293 4564
17294 1023
17295 856
17296 1482
17297 1481
17298 1482
17299 1482
17300 1481
17301 4890
17302 3328
17303 3328
17304 578
17305 2279
17306 770
17307 60
17308 1716
17309 2833
17310 2833
17311 2189
17312 3533
17313 3533
17314 1906
17315 2458
17316 1538
17317 1906
17318 3708
17319 3605
17320 1860
17321 2163
17322 2163
17323 1534
17324 1534
17325 1535
17326 4280
17327 4280
17328 4280
17329 3073
17330 3073
17331 2045
17332 4595
17333 1991
17334 1991
17335 1927
17336 1991
17337 256
17338 1897
17339 3111
17340 911
17341 464
17342 359
17343 198
17344 198
17345 4206
17346 205
17347 198
17348 3872
17349 3872
17350 3886
17351 3872
17352 894
17353 72
17354 72
17355 75
17356 2317
17357 385
17358 1837
17359 367
17360 367
17361 4251
17362 4251
17363 1197
17364 1197
17365 3048
17366 3048
17367 2303
17368 2303
17369 104
17370 4286
17371 3075
17372 842
17373 842
17374 842
17375 1314
17376 1313
17377 1318
17378 3564
17379 1314
17380 2512
17381 2512
17382 2512
17383 2591
17384 2591
17385 2591
17386 2591
17387 2593
17388 3096
17389 2901
17390 2882
17391 4815
17392 4816
17393 4816
17394 289
17395 1113
17396 3745
17397 606
17398 1443
17399 1443
17400 1443
17401 516
17402 516
17403 874
17404 516
17405 1496
17406 549
17407 549
17408 4593
17409 4593
17410 549
17411 2932
17412 2932
17413 2932
17414 2961
17415 2370
17416 2370
17417 4659
17418 4659
17419 2549
17420 2549
17421 1107
17422 2140
17423 3336
17424 3337
17425 3336
17426 4883
17427 4883
17428 3883
17429 3332
17430 3522
17431 4160
17432 3522
17433 3524
17434 2595
17435 976
17436 4558
17437 4558
17438 4558
17439 4626
17440 3741
17441 3741
17442 3741
17443 4063
17444 2144
17445 3011
17446 808
17447 2329
17448 808
17449 1355
17450 808
17451 4466
17452 4456
17453 4466
17454 4466
17455 4466
17456 2973
17457 2973
17458 2973
17459 2973
17460 2973
17461 3157
17462 3157
17463 4929
17464 508
17465 2214
17466 2214
17467 2214
17468 2214
17469 743
17470 4455
17471 3378
17472 4455
17473 258
17474 259
17475 2348
17476 769
17477 4366
17478 4366
17479 611
17480 611
17481 1640
17482 1485
17483 1485
17484 1485
17485 1497
17486 4244
17487 4244
17488 2905
17489 905
17490 905
17491 902
17492 905
17493 584
17494 1172
17495 600
17496 1831
17497 3608
17498 800
17499 869
17500 1485
17501 1485
17502 1485
17503 1520
17504 3081
17505 64
17506 1242
17507 2103
17508 583
17509 1777
17510 1378
17511 1378
17512 3034
17513 3333
17514 2202
17515 2334
17516 2202
17517 3346
17518 3346
17519 3346
17520 3207
17521 3207
17522 3207
17523 2680
17524 2680
17525 2759
17526 2758
17527 2757
17528 2759
17529 3045
17530 3045
17531 376
17532 376
17533 376
17534 1499
17535 3701
17536 594
17537 2312
17538 4422
17539 4422
17540 2603
17541 2603
17542 820
17543 3226
17544 3226
17545 3226
17546 2725
17547 2718
17548 3510
17549 1219
17550 398
17551 1219
17552 2470
17553 125
17554 1858
17555 4173
17556 4196
17557 211
17558 4773
17559 619
17560 216
17561 257
17562 1726
17563 4042
17564 602
17565 4042
17566 2880
17567 3979
17568 3903
17569 251
17570 3912
17571 3912
17572 3912
17573 739
17574 1808
17575 739
17576 2250
17577 2250
17578 535
17579 1806
17580 1582
17581 1582
17582 1701
17583 664
17584 1582
17585 3127
17586 360
17587 975
17588 3714
17589 3714
17590 3714
17591 3714
17592 2469
17593 2469
17594 4756
17595 1121
17596 1121
17597 4299
17598 1121
17599 2781
17600 2778
17601 2781
17602 1796
17603 1796
17604 918
17605 913
17606 3749
17607 913
17608 4437
17609 1356
17610 4963
17611 1511
17612 3539
17613 3539
17614 3539
17615 1493
17616 1973
17617 1493
17618 3731
17619 3731
17620 4751
17621 2391
17622 3993
17623 1453
17624 584
17625 1291
17626 4802
17627 4802
17628 4748
17629 4748
17630 4802
17631 2774
17632 2774
17633 2774
17634 1630
17635 653
17636 4002
17637 1630
17638 1631
17639 91
17640 2195
17641 2195
17642 2195
17643 544
17644 1021
17645 2196
17646 1719
17647 3457
17648 4692
17649 2365
17650 791
17651 3456
17652 1023
17653 1023
17654 1023
17655 1021
17656 3374
17657 4657
17658 2103
17659 1941
17660 4198
17661 3374
17662 3964
17663 4534
17664 4534
17665 4298
17666 2818
17667 4279
17668 4279
17669 4279
17670 4427
17671 4427
17672 4384
17673 4384
17674 4384
17675 2846
17676 2844
17677 3662
17678 3873
17679 3873
17680 1458
17681 1458
17682 1093
17683 1451
17684 1451
17685 1451
17686 2264
17687 4463
17688 2908
17689 4463
17690 2297
17691 2300
17692 769
17693 1875
17694 3791
17695 1875
17696 2556
17697 2573
17698 2576
17699 2577
17700 3263
17701 3263
17702 4255
17703 259
17704 716
17705 2360
17706 1849
17707 1203
17708 1232
17709 1169
17710 2793
17711 2793
17712 1266
17713 3936
17714 3936
17715 3936
17716 1695
17717 3936
17718 1646
17719 3936
17720 3568
17721 2538
17722 2556
17723 2538
17724 2565
17725 3669
17726 4458
17727 4453
17728 4458
17729 4052
17730 2013
17731 572
17732 4243
17733 3589
17734 3589
17735 3252
17736 3252
17737 1129
17738 1129
17739 1129
17740 4238
17741 1577
17742 3963
17743 2297
17744 709
17745 2297
17746 2697
17747 2697
17748 2708
17749 2697
17750 2697
17751 2697
17752 2708
17753 1866
17754 4942
17755 843
17756 843
17757 1154
17758 129
17759 1208
17760 2368
17761 1727
17762 1786
17763 1879
17764 2367
17765 1866
17766 3962
17767 4090
17768 4092
17769 4090
17770 4092
17771 2725
17772 3526
17773 3526
17774 2678
17775 847
17776 847
17777 847
17778 1775
17779 1776
17780 3448
17781 3735
17782 3449
17783 2706
17784 2684
17785 2706
17786 2706
17787 2463
17788 1178
17789 2463
17790 2318
17791 2318
17792 547
17793 547
17794 1824
17795 4711
17796 4712
17797 4711
17798 145
17799 375
17800 488
17801 2394
17802 2124
17803 3253
17804 3253
17805 3253
17806 2437
17807 2820
17808 2820
17809 2890
17810 2890
17811 2820
17812 3132
17813 1797
17814 1797
17815 1797
17816 4143
17817 2916
17818 2916
17819 2916
17820 2758
17821 2758
17822 3328
17823 3328
17824 3401
17825 3338
17826 1091
17827 4107
17828 4107
17829 3792
17830 3792
17831 1164
17832 834
17833 1847
17834 4170
17835 1164
17836 1164
17837 1607
17838 4101
17839 1607
17840 1608
17841 1607
17842 2171
17843 1407
17844 2171
17845 2171
17846 609
17847 609
17848 4381
17849 4381
17850 4476
17851 4478
17852 1450
17853 1242
17854 2105
17855 4673
17856 4673
17857 4673
17858 836
17859 836
17860 836
17861 4877
17862 4877
17863 3217
17864 3824
17865 4268
17866 4268
17867 4302
17868 3789
17869 2134
17870 3789
17871 3789
17872 3789
17873 2134
17874 2433
17875 2432
17876 4255
17877 4255
17878 4968
17879 4357
17880 4357
17881 3067
17882 457
17883 332
17884 457
17885 457
17886 3833
17887 3904
17888 3833
17889 3835
17890 3617
17891 3617
17892 3617
17893 278
17894 278
17895 3437
17896 3669
17897 3204
17898 3229
17899 3439
17900 3229
17901 3439
17902 361
17903 260
17904 260
17905 4042
17906 2413
17907 2413
17908 2413
17909 1234
17910 2935
17911 2936
17912 2935
17913 2935
17914 2981
17915 3074
17916 2981
17917 2981
17918 1766
17919 3552
17920 2417
17921 4125
17922 4481
17923 4481
17924 1499
17925 4278
17926 4278
17927 648
17928 1194
17929 3977
17930 3977
17931 2953
17932 2953
17933 2954
17934 2953
17935 3498
17936 4530
17937 4530
17938 3996
17939 2328
17940 2327
17941 2341
17942 1390
17943 1390
17944 4018
17945 4018
17946 4018
17947 4018
17948 4623
17949 4632
17950 4687
17951 4623
17952 4623
17953 577
17954 583
17955 584
17956 580
17957 679
17958 3504
17959 3714
17960 577
17961 3955
17962 3955
17963 3955
17964 153
17965 886
17966 702
17967 154
17968 2163
17969 96
17970 3162
17971 3162
17972 309
17973 1079
17974 2468
17975 989
17976 2283
17977 2603
17978 2601
17979 2603
17980 2608
17981 2857
17982 3946
17983 2858
17984 3946
17985 2121
17986 2121
17987 2122
17988 2167
17989 2121
17990 2121
17991 4626
17992 3105
17993 4626
17994 2153
17995 2153
17996 1453
17997 2108
17998 1453
17999 1008
18000 824
18001 267
18002 3090
18003 4541
18004 2806
18005 990
18006 4783
18007 2806
18008 1015
18009 3031
18010 3031
18011 2776
18012 3145
18013 2158
18014 2157
18015 4666
18016 2158
18017 757
18018 4204
18019 4838
18020 4775
18021 980
18022 980
18023 2479
18024 2647
18025 527
18026 3838
18027 3838
18028 1875
18029 2180
18030 1298
18031 2184
18032 1834
18033 1623
18034 1949
18035 2357
18036 3918
18037 3918
18038 3918
18039 3918
18040 3485
18041 3482
18042 3493
18043 3482
18044 532
18045 1851
18046 532
18047 1888
18048 1888
18049 1888
18050 1888
18051 4625
18052 1395
18053 4052
18054 3489
18055 3737
18056 3495
18057 3487
18058 3489
18059 4871
18060 3013
18061 4563
18062 4871
18063 3013
18064 4700
18065 4700
18066 2661
18067 2651
18068 2661
18069 2998
18070 2653
18071 1499
18072 799
18073 4492
18074 799
18075 799
18076 3004
18077 3004
18078 4594
18079 4594
18080 4594
18081 1481
18082 1483
18083 1873
18084 1968
18085 1947
18086 1968
18087 1968
18088 2622
18089 2622
18090 2627
18091 4908
18092 4945
18093 136
18094 55
18095 622
18096 232
18097 2948
18098 1743
18099 1211
18100 1211
18101 1573
18102 1573
18103 999
18104 1577
18105 1579
18106 1573
18107 4640
18108 4642
18109 1250
18110 1741
18111 4267
18112 1741
18113 2262
18114 4724
18115 2262
18116 741
18117 741
18118 719
18119 232
18120 4136
18121 4308
18122 4308
18123 1633
18124 4308
18125 1166
18126 1166
18127 3578
18128 3578
18129 689
18130 4670
18131 3806
18132 4669
18133 3967
18134 3967
18135 3967
18136 3192
18137 4551
18138 3192
18139 4551
18140 3192
18141 3271
18142 3272
18143 3271
18144 4758
18145 3531
18146 3531
18147 3531
18148 1753
18149 3531
18150 519
18151 3201
18152 519
18153 519
18154 268
18155 1553
18156 268
18157 2663
18158 1056
18159 2663
18160 1130
18161 1188
18162 98
18163 535
18164 2981
18165 1245
18166 1247
18167 2981
18168 2512
18169 2512
18170 2512
18171 4596
18172 4597
18173 4596
18174 2482
18175 2880
18176 3743
18177 4076
18178 4076
18179 2144
18180 2521
18181 1424
18182 238
18183 238
18184 1740
18185 433
18186 1261
18187 1261
18188 381
18189 379
18190 924
18191 903
18192 993
18193 4578
18194 4578
18195 4578
18196 3251
18197 3251
18198 4146
18199 4146
18200 4150
18201 4146
18202 3094
18203 2955
18204 3583
18205 3583
18206 3584
18207 3987
18208 2123
18209 4188
18210 1198
18211 2158
18212 2124
18213 652
18214 1564
18215 4973
18216 256
18217 3968
18218 3968
18219 1773
18220 4546
18221 4546
18222 4686
18223 481
18224 1553
18225 481
18226 2683
18227 4681
18228 4681
18229 4379
18230 4379
18231 2468
18232 4640
18233 1349
18234 2528
18235 2528
18236 4040
18237 4526
18238 4526
18239 4531
18240 259
18241 259
18242 1846
18243 4514
18244 1510
18245 4514
18246 4513
18247 4514
18248 4773
18249 4963
18250 2140
18251 127
18252 377
18253 1966
18254 1045
18255 564
18256 343
18257 564
18258 1966
18259 2132
18260 2461
18261 2132
18262 2724
18263 2724
18264 2724
18265 3663
18266 3668
18267 3663
18268 941
18269 941
18270 2381
18271 2381
18272 2381
18273 2381
18274 174
18275 4891
18276 4331
18277 2469
18278 2063
18279 2063
18280 143
18281 846
18282 4042
18283 360
18284 4721
18285 4194
18286 3646
18287 154
18288 357
18289 357
18290 3370
18291 3370
18292 4796
18293 4796
18294 3087
18295 3087
18296 514
18297 3486
18298 3486
18299 1468
18300 1468
18301 1468
18302 1470
18303 2212
18304 1468
18305 1801
18306 1801
18307 1816
18308 4270
18309 4270
18310 4270
18311 4270
18312 756
18313 206
18314 208
18315 1752
18316 1585
18317 1585
18318 1585
18319 1585
18320 4766
18321 4766
18322 1796
18323 1794
18324 1796
18325 2948
18326 3555
18327 2948
18328 3513
18329 2969
18330 2969
18331 2969
18332 992
18333 4310
18334 4519
18335 2337
18336 3068
18337 2685
18338 1543
18339 4914
18340 4912
18341 4912
18342 4554
18343 4554
18344 4035
18345 2985
18346 4035
18347 4035
18348 4038
18349 3431
18350 3429
18351 3692
18352 1790
18353 1802
18354 3515
18355 3692
18356 4755
18357 4755
18358 3481
18359 3481
18360 3481
18361 1274
18362 1274
18363 2722
18364 4079
18365 4079
18366 891
18367 1198
18368 1159
18369 2406
18370 3989
18371 1784
18372 1508
18373 1508
18374 1015
18375 1015
18376 4922
18377 2024
18378 2024
18379 2267
18380 2024
18381 3381
18382 4025
18383 4025
18384 2472
18385 3647
18386 2396
18387 826
18388 826
18389 826
18390 826
18391 749
18392 4953
18393 3218
18394 3620
18395 3631
18396 3218
18397 3218
18398 899
18399 2639
18400 2764
18401 3577
18402 4848
18403 615
18404 2094
18405 3953
18406 3953
18407 4826
18408 4640
18409 4640
18410 542
18411 4641
18412 423
18413 3008
18414 3008
18415 3009
18416 428
18417 2852
18418 752
18419 752
18420 2182
18421 2182
18422 1036
18423 1045
18424 1045
18425 1037
18426 1036
18427 2223
18428 4908
18429 2223
18430 2223
18431 1846
18432 2223
18433 3909
18434 3909
18435 3908
18436 3641
18437 3909
18438 3909
18439 1148
18440 1148
18441 997
18442 4114
18443 4114
18444 4114
18445 347
18446 3760
18447 1109
18448 2794
18449 2795
18450 2720
18451 2720
18452 4268
18453 4268
18454 4392
18455 4281
18456 1644
18457 1644
18458 1644
18459 1644
18460 1644
18461 1645
18462 3405
18463 2986
18464 1680
18465 1826
18466 1680
18467 1689
18468 1680
18469 1560
18470 361
18471 4500
18472 4500
18473 4502
18474 4500
18475 4500
18476 2399
18477 751
18478 2399
18479 1700
18480 1700
18481 2398
18482 416
18483 1004
18484 416
18485 585
18486 3531
18487 416
18488 795
18489 795
18490 795
18491 795
18492 2804
18493 2804
18494 579
18495 457
18496 159
18497 4224
18498 854
18499 854
18500 1853
18501 4572
18502 4580
18503 4572
18504 403
18505 403
18506 2402
18507 2402
18508 4819
18509 4175
18510 736
18511 736
18512 736
18513 3929
18514 370
18515 1608
18516 4311
18517 1608
18518 370
18519 69
18520 2302
18521 3602
18522 3647
18523 3232
18524 4522
18525 1220
18526 2891
18527 2891
18528 3236
18529 3236
18530 3624
18531 2103
18532 1366
18533 2205
18534 2103
18535 4302
18536 4302
18537 3648
18538 4516
18539 700
18540 3432
18541 4053
18542 1142
18543 1142
18544 2541
18545 4100
18546 2415
18547 2414
18548 2415
18549 2414
18550 4080
18551 4080
18552 3702
18553 1162
18554 701
18555 701
18556 701
18557 1400
18558 1400
18559 1400
18560 4639
18561 3683
18562 4249
18563 3975
18564 4249
18565 4924
18566 4941
18567 4924
18568 4924
18569 4017
18570 4017
18571 2253
18572 2253
18573 2176
18574 2176
18575 1794
18576 255
18577 3687
18578 3228
18579 3676
18580 3676
18581 3676
18582 2453
18583 2400
18584 2400
18585 2400
18586 2400
18587 2868
18588 2868
18589 4412
18590 4058
18591 4412
18592 4414
18593 3905
18594 4412
18595 3413
18596 218
18597 4555
18598 4555
18599 4556
18600 4555
18601 4569
18602 196
18603 3987
18604 1444
18605 2402
18606 3987
18607 1227
18608 4367
18609 354
18610 3775
18611 1855
18612 4731
18613 354
18614 224
18615 4285
18616 4744
18617 4744
18618 1602
18619 1602
18620 4775
18621 3175
18622 1009
18623 4775
18624 2004
18625 4729
18626 2182
18627 2818
18628 2818
18629 2524
18630 3679
18631 3113
18632 4158
18633 4158
18634 4158
18635 3038
18636 3552
18637 3379
18638 207
18639 3646
18640 3413
18641 2050
18642 1819
18643 306
18644 123
18645 2095
18646 1304
18647 2220
18648 2220
18649 132
18650 441
18651 711
18652 367
18653 2744
18654 3833
18655 3833
18656 3833
18657 3833
18658 801
18659 1053
18660 801
18661 801
18662 4848
18663 2426
18664 1484
18665 1909
18666 1908
18667 3307
18668 3307
18669 844
18670 855
18671 1975
18672 597
18673 572
18674 572
18675 572
18676 2933
18677 2933
18678 3262
18679 931
18680 772
18681 2849
18682 1309
18683 712
18684 712
18685 712
18686 1239
18687 1239
18688 2613
18689 2613
18690 2613
18691 1127
18692 1703
18693 1703
18694 1703
18695 2928
18696 2928
18697 855
18698 1579
18699 2238
18700 855
18701 855
18702 858
18703 2194
18704 2194
18705 412
18706 3181
18707 2960
18708 2965
18709 2960
18710 90
18711 1639
18712 1426
18713 1425
18714 1426
18715 3463
18716 1136
18717 3463
18718 4277
18719 3758
18720 4794
18721 301
18722 4602
18723 4602
18724 4716
18725 4717
18726 3190
18727 1018
18728 1018
18729 3599
18730 3599
18731 468
18732 467
18733 1051
18734 1051
18735 4975
18736 2139
18737 2139
18738 1846
18739 1491
18740 1491
18741 1491
18742 2054
18743 2054
18744 2096
18745 4233
18746 591
18747 2780
18748 3203
18749 2780
18750 723
18751 2495
18752 723
18753 4678
18754 2240
18755 4678
18756 4462
18757 4462
18758 4462
18759 4793
18760 4389
18761 4389
18762 4552
18763 4552
18764 1360
18765 1360
18766 1360
18767 4859
18768 1188
18769 1228
18770 327
18771 4306
18772 4359
18773 4663
18774 664
18775 4663
18776 4312
18777 2421
18778 2071
18779 4910
18780 4910
18781 4035
18782 2348
18783 2348
18784 2348
18785 4275
18786 4808
18787 4808
18788 4176
18789 4176
18790 4176
18791 1090
18792 1090
18793 755
18794 3957
18795 3957
18796 3957
18797 2637
18798 2637
18799 1312
18800 1312
18801 519
18802 1517
18803 3762
18804 3762
18805 3762
18806 3814
18807 2817
18808 2476
18809 2355
18810 3581
18811 2355
18812 3385
18813 555
18814 2927
18815 2927
18816 2927
18817 1995
18818 1995
18819 1995
18820 4258
18821 4258
18822 4498
18823 774
18824 4498
18825 3053
18826 3101
18827 3053
18828 3287
18829 3287
18830 4784
18831 1455
18832 1455
18833 1455
18834 455
18835 1152
18836 229
18837 455
18838 1245
18839 509
18840 509
18841 509
18842 508
18843 4753
18844 4755
18845 4753
18846 4755
18847 2899
18848 2850
18849 2899
18850 2900
18851 2899
18852 2850
18853 2899
18854 176
18855 3187
18856 4227
18857 4539
18858 4539
18859 4851
18860 3821
18861 3824
18862 2573
18863 2573
18864 2573
18865 2407
18866 2407
18867 2379
18868 1793
18869 2407
18870 4830
18871 4241
18872 2328
18873 4241
18874 3709
18875 2154
18876 2154
18877 2082
18878 1356
18879 2082
18880 2082
18881 1944
18882 1944
18883 2527
18884 2527
18885 2527
18886 4149
18887 4149
18888 4150
18889 1640
18890 2385
18891 4968
18892 144
18893 1604
18894 1604
18895 1606
18896 1257
18897 1603
18898 1604
18899 802
18900 802
18901 176
18902 4294
18903 4260
18904 4781
18905 4781
18906 4330
18907 4330
18908 4651
18909 4755
18910 4755
18911 4755
18912 4117
18913 4132
18914 4132
18915 3846
18916 2412
18917 2998
18918 3846
18919 3846
18920 3905
18921 3961
18922 2996
18923 2390
18924 2390
18925 2015
18926 2015
18927 2015
18928 2013
18929 2021
18930 2017
18931 2040
18932 2040
18933 2075
18934 2080
18935 2317
18936 2315
18937 2315
18938 202
18939 449
18940 1855
18941 1855
18942 2226
18943 2226
18944 2380
18945 2649
18946 2649
18947 2649
18948 2763
18949 3891
18950 3891
18951 4098
18952 745
18953 745
18954 2173
18955 3000
18956 3000
18957 210
18958 536
18959 2753
18960 193
18961 748
18962 184
18963 884
18964 3769
18965 884
18966 4205
18967 3267
18968 3267
18969 3267
18970 3219
18971 3219
18972 3219
18973 3219
18974 3219
18975 3220
18976 3219
18977 4971
18978 4722
18979 3272
18980 781
18981 781
18982 781
18983 1670
18984 1141
18985 1391
18986 1391
18987 493
18988 4244
18989 4244
18990 2800
18991 3481
18992 3481
18993 3481
18994 2406
18995 787
18996 787
18997 1211
18998 4940
18999 343
19000 3553
19001 3613
19002 1277
19003 144
19004 1243
19005 4186
19006 4186
19007 1785
19008 1785
19009 4360
19010 4060
19011 427
19012 1216
19013 3296
19014 4924
19015 4924
19016 4924
19017 3523
19018 3393
19019 4191
19020 3523
19021 3523
19022 3523
19023 2568
19024 2336
19025 4681
19026 2460
19027 1226
19028 1226
19029 4338
19030 4338
19031 1127
19032 1128
19033 731
19034 3377
19035 2802
19036 731
19037 3230
19038 3236
19039 3230
19040 3230
19041 3236
19042 2462
19043 4346
19044 2810
19045 2632
19046 2810
19047 1677
19048 1677
19049 247
19050 1677
19051 495
19052 3142
19053 3144
19054 3141
19055 3142
19056 1315
19057 1315
19058 1316
19059 1317
19060 1315
19061 1315
19062 3845
19063 2121
19064 2121
19065 2121
19066 2633
19067 2633
19068 1255
19069 1255
19070 3767
19071 1255
19072 1255
19073 1763
19074 1427
19075 1136
19076 1136
19077 3350
19078 613
19079 613
19080 4629
19081 4629
19082 4629
19083 1990
19084 4101
19085 4101
19086 4101
19087 2700
19088 2700
19089 2700
19090 1722
19091 1260
19092 1722
19093 1041
19094 1729
19095 121
19096 101
19097 401
19098 101
19099 1307
19100 1909
19101 1909
19102 1909
19103 1909
19104 3668
19105 4671
19106 4739
19107 4739
19108 4677
19109 1449
19110 1449
19111 1449
19112 1243
19113 311
19114 1307
19115 2520
19116 2520
19117 2520
19118 2523
19119 2520
19120 2520
19121 4223
19122 4222
19123 3003
19124 2803
19125 3950
19126 3950
19127 621
19128 3561
19129 3561
19130 3561
19131 1881
19132 1881
19133 1881
19134 132
19135 2050
19136 756
19137 743
19138 2948
19139 2365
19140 2948
19141 2948
19142 2948
19143 2948
19144 3604
19145 3604
19146 4199
19147 4487
19148 709
19149 1801
19150 4079
19151 4079
19152 4819
19153 4819
19154 1594
19155 1594
19156 4904
19157 1593
19158 1594
19159 1594
19160 4498
19161 4498
19162 4498
19163 4498
19164 4498
19165 1395
19166 2148
19167 1395
19168 1395
19169 4416
19170 4416
19171 4416
19172 1494
19173 1494
19174 2524
19175 2524
19176 2574
19177 2523
19178 3021
19179 3021
19180 1866
19181 1866
19182 620
19183 2542
19184 1766
19185 1766
19186 2018
19187 2022
19188 2018
19189 2350
19190 3935
19191 3396
19192 3391
19193 3396
19194 3396
19195 3391
19196 773
19197 773
19198 1189
19199 4611
19200 4611
19201 280
19202 3050
19203 3050
19204 3050
19205 4758
19206 4758
19207 4758
19208 4758
19209 2248
19210 2491
19211 2248
19212 4911
19213 2175
19214 3076
19215 3076
19216 3161
19217 3160
19218 3161
19219 1046
19220 528
19221 1046
19222 1046
19223 1064
19224 146
19225 4399
19226 4809
19227 4399
19228 4399
19229 4778
19230 2562
19231 2562
19232 3426
19233 756
19234 4325
19235 2064
19236 2064
19237 2064
19238 3589
19239 102
19240 940
19241 3719
19242 3719
19243 3423
19244 765
19245 4404
19246 574
19247 1539
19248 908
19249 2434
19250 2584
19251 2634
19252 2585
19253 2588
19254 2584
19255 2593
19256 233
19257 282
19258 233
19259 2127
19260 1991
19261 2773
19262 2773
19263 2773
19264 3406
19265 4845
19266 470
19267 4126
19268 1134
19269 2903
19270 2903
19271 1913
19272 1913
19273 2378
19274 1474
19275 207
19276 719
19277 3765
19278 257
19279 1861
19280 282
19281 1150
19282 207
19283 374
19284 4239
19285 4239
19286 4239
19287 1080
19288 1844
19289 1535
19290 1081
19291 1080
19292 1080
19293 1291
19294 1291
19295 1291
19296 1291
19297 1291
19298 1291
19299 1220
19300 1273
19301 1428
19302 1273
19303 1791
19304 1791
19305 3842
19306 4058
19307 3842
19308 3842
19309 3145
19310 2938
19311 4043
19312 4199
19313 1153
19314 3963
19315 1153
19316 692
19317 2955
19318 2955
19319 3845
19320 84
19321 645
19322 3558
19323 3558
19324 3558
19325 394
19326 809
19327 3240
19328 408
19329 514
19330 2274
19331 2275
19332 39
19333 3806
19334 3805
19335 1014
19336 3773
19337 3773
19338 3111
19339 3111
19340 897
19341 3111
19342 3111
19343 2278
19344 2278
19345 2278
19346 4289
19347 732
19348 732
19349 4252
19350 288
19351 1397
19352 2385
19353 368
19354 1992
19355 1992
19356 2476
19357 2476
19358 308
19359 1235
19360 987
19361 1235
19362 3892
19363 889
19364 1428
19365 3407
19366 1944
19367 1511
19368 4134
19369 1429
19370 3407
19371 721
19372 4134
19373 2276
19374 1428
19375 818
19376 818
19377 4292
19378 4292
19379 4292
19380 1171
19381 208
19382 208
19383 230
19384 4099
19385 1409
19386 1409
19387 2501
19388 2501
19389 2501
19390 4811
19391 2664
19392 2664
19393 3591
19394 389
19395 389
19396 573
19397 2120
19398 2175
19399 2175
19400 513
19401 3995
19402 3996
19403 3995
19404 3840
19405 3840
19406 3840
19407 3642
19408 3376
19409 4464
19410 4464
19411 565
19412 4933
19413 4802
19414 1785
19415 2719
19416 2719
19417 2719
19418 4285
19419 2238
19420 2118
19421 2118
19422 4299
19423 3734
19424 943
19425 943
19426 4053
19427 952
19428 1857
19429 1857
19430 1786
19431 1809
19432 1786
19433 1809
19434 2674
19435 4846
19436 4821
19437 2674
19438 2674
19439 4847
19440 4226
19441 3519
19442 3519
19443 3519
19444 3546
19445 4508
19446 3520
19447 2985
19448 3057
19449 2995
19450 3057
19451 1106
19452 1106
19453 1685
19454 1170
19455 1685
19456 1685
19457 1617
19458 1748
19459 1775
19460 1617
19461 4788
19462 4756
19463 4515
19464 2055
19465 1197
19466 2055
19467 4730
19468 4574
19469 4717
19470 4730
19471 597
19472 4283
19473 437
19474 3918
19475 4058
19476 3919
19477 955
19478 955
19479 955
19480 2565
19481 2565
19482 2719
19483 2719
19484 2719
19485 4288
19486 2543
19487 2543
19488 2156
19489 2095
19490 2156
19491 4904
19492 1344
19493 2377
19494 1344
19495 1344
19496 2377
19497 1344
19498 1344
19499 1305
19500 1016
19501 1016
19502 4904
19503 1016
19504 1016
19505 1016
19506 3201
19507 3189
19508 3189
19509 3189
19510 3189
19511 4493
19512 4493
19513 3962
19514 1209
19515 1135
19516 339
19517 4605
19518 699
19519 1460
19520 1459
19521 1460
19522 1460
19523 1460
19524 2486
19525 703
19526 4594
19527 4003
19528 4003
19529 4003
19530 2206
19531 1289
19532 2206
19533 2206
19534 1832
19535 357
19536 353
19537 3743
19538 3747
19539 3747
19540 1531
19541 1286
19542 1286
19543 4812
19544 4083
19545 3662
19546 4083
19547 4781
19548 91
19549 4967
19550 91
19551 2546
19552 2546
19553 2546
19554 4334
19555 146
19556 3884
19557 805
19558 805
19559 806
19560 805
19561 4074
19562 4074
19563 4075
19564 3216
19565 3216
19566 3216
19567 3216
19568 319
19569 1120
19570 2380
19571 319
19572 1774
19573 319
19574 3349
19575 3349
19576 2390
19577 4656
19578 3981
19579 1385
19580 827
19581 827
19582 993
19583 4097
19584 1309
19585 993
19586 1577
19587 1308
19588 1853
19589 1309
19590 1309
19591 4925
19592 4925
19593 3249
19594 1047
19595 4427
19596 4427
19597 2820
19598 4427
19599 4427
19600 4427
19601 4621
19602 2719
19603 1386
19604 2719
19605 1718
19606 1718
19607 3617
19608 3617
19609 2348
19610 2176
19611 2176
19612 3306
19613 3306
19614 1838
19615 1700
19616 1839
19617 257
19618 1838
19619 3559
19620 2700
19621 3572
19622 1780
19623 1786
19624 1780
19625 1780
19626 2138
19627 4547
19628 4547
19629 2454
19630 3440
19631 3440
19632 2530
19633 2530
19634 2530
19635 1103
19636 1103
19637 4299
19638 1103
19639 1910
19640 1910
19641 1428
19642 2185
19643 2232
19644 2821
19645 2821
19646 875
19647 875
19648 1573
19649 239
19650 4910
19651 3513
19652 195
19653 3677
19654 2867
19655 3114
19656 4736
19657 3052
19658 2867
19659 4478
19660 1574
19661 4478
19662 2272
19663 2272
19664 4754
19665 3566
19666 3566
19667 3566
19668 4320
19669 410
19670 584
19671 3726
19672 3096
19673 3261
19674 3261
19675 3262
19676 3261
19677 3261
19678 3490
19679 4444
19680 4444
19681 4236
19682 1551
19683 4545
19684 4363
19685 1694
19686 3858
19687 4546
19688 1428
19689 3407
19690 2769
19691 1469
19692 1469
19693 1469
19694 1346
19695 1346
19696 4301
19697 1346
19698 4490
19699 4271
19700 4271
19701 3706
19702 3632
19703 3465
19704 3909
19705 3909
19706 622
19707 3909
19708 747
19709 2617
19710 4485
19711 1142
19712 1249
19713 1523
19714 3692
19715 3692
19716 3692
19717 3692
19718 2864
19719 3920
19720 3920
19721 3920
19722 4158
19723 3920
19724 3920
19725 210
19726 3796
19727 4047
19728 3796
19729 1171
19730 2124
19731 1171
19732 383
19733 383
19734 456
19735 416
19736 1456
19737 1457
19738 1456
19739 2238
19740 3758
19741 4758
19742 4343
19743 2470
19744 3558
19745 3558
19746 4188
19747 4188
19748 2536
19749 587
19750 234
19751 3836
19752 3836
19753 3830
19754 4569
19755 4951
19756 4550
19757 4738
19758 1790
19759 1791
19760 1791
19761 2732
19762 3478
19763 3478
19764 2703
19765 2703
19766 4542
19767 4542
19768 4542
19769 4542
19770 2903
19771 2903
19772 2980
19773 2901
19774 2907
19775 1767
19776 1767
19777 1767
19778 4179
19779 4179
19780 4179
19781 4854
19782 2742
19783 2422
19784 2742
19785 1641
19786 1641
19787 1281
19788 1281
19789 1281
19790 358
19791 1302
19792 1302
19793 4619
19794 4619
19795 4618
19796 4043
19797 3280
19798 3280
19799 3280
19800 3678
19801 1719
19802 3678
19803 3787
19804 3787
19805 4084
19806 4084
19807 4084
19808 3603
19809 3912
19810 3984
19811 3912
19812 4223
19813 4284
19814 4223
19815 802
19816 802
19817 1623
19818 1042
19819 909
19820 1042
19821 1599
19822 1094
19823 1094
19824 306
19825 1652
19826 1652
19827 4689
19828 4691
19829 4689
19830 4689
19831 2891
19832 2891
19833 2891
19834 296
19835 4205
19836 827
19837 829
19838 827
19839 2713
19840 2715
19841 3506
19842 2712
19843 2713
19844 604
19845 2831
19846 2965
19847 2965
19848 2965
19849 3059
19850 2097
19851 1763
19852 2097
19853 3296
19854 3296
19855 3296
19856 3432
19857 3432
19858 3432
19859 1373
19860 1373
19861 1373
19862 1547
19863 1547
19864 4725
19865 4725
19866 4725
19867 4725
19868 2926
19869 3083
19870 2889
19871 2926
19872 2926
19873 2926
19874 2929
19875 4028
19876 4028
19877 1132
19878 924
19879 924
19880 2362
19881 3592
19882 2362
19883 2362
19884 3467
19885 2145
19886 993
19887 154
19888 1721
19889 744
19890 744
19891 422
19892 316
19893 2083
19894 422
19895 316
19896 2932
19897 2056
19898 2055
19899 2056
19900 2056
19901 1674
19902 1674
19903 4263
19904 4263
19905 1210
19906 3963
19907 3963
19908 4114
19909 1982
19910 1982
19911 1982
19912 1412
19913 2019
19914 4634
19915 4613
19916 4613
19917 2568
19918 2578
19919 2523
19920 2568
19921 3566
19922 3569
19923 2323
19924 3603
19925 3603
19926 304
19927 3234
19928 358
19929 118
19930 1228
19931 4354
19932 3385
19933 3766
19934 3766
19935 3766
19936 552
19937 1182
19938 2235
19939 2927
19940 2927
19941 2912
19942 894
19943 644
19944 1363
19945 1363
19946 302
19947 869
19948 4956
19949 869
19950 100
19951 272
19952 1588
19953 1588
19954 1588
19955 3474
19956 3474
19957 4042
19958 3360
19959 3360
19960 3360
19961 3360
19962 3677
19963 3677
19964 782
19965 3904
19966 4601
19967 4601
19968 4520
19969 4520
19970 4520
19971 4521
19972 4025
19973 4025
19974 4025
19975 1464
19976 1464
19977 1464
19978 1464
19979 3392
19980 3396
19981 3392
19982 3392
19983 3392
19984 1579
19985 2340
19986 1435
19987 1579
19988 1579
19989 1640
19990 682
19991 2392
19992 1042
19993 4748
19994 357
19995 357
19996 4811
19997 4810
19998 2902
19999 2902
