0 35
1 84
2 61
3 59
4 96
5 63
6 47
7 87
8 66
9 57
10 10
11 83
12 32
13 37
14 99
15 66
16 46
17 23
18 17
19 15
20 11
21 98
22 94
23 63
24 44
25 9
26 91
27 12
28 4
29 34
30 44
31 0
32 71
33 44
34 68
35 4
36 1
37 78
38 83
39 78
40 10
41 53
42 66
43 23
44 73
45 71
46 85
47 93
48 8
49 48
50 38
51 27
52 36
53 27
54 93
55 67
56 84
57 36
58 37
59 99
60 46
61 72
62 16
63 77
64 23
65 91
66 36
67 73
68 10
69 17
70 22
71 58
72 85
73 40
74 5
75 66
76 86
77 11
78 81
79 21
80 17
81 41
82 17
83 81
84 9
85 41
86 93
87 23
88 60
89 76
90 20
91 38
92 29
93 85
94 53
95 22
96 65
97 19
98 42
99 13
100 3
101 17
102 34
103 23
104 62
105 60
106 9
107 90
108 55
109 56
110 11
111 4
112 3
113 73
114 39
115 21
116 57
117 11
118 41
119 15
120 3
121 46
122 59
123 94
124 47
125 45
126 97
127 31
128 73
129 9
130 25
131 94
132 19
133 38
134 37
135 65
136 34
137 1
138 36
139 89
140 72
141 37
142 32
143 72
144 26
145 45
146 18
147 38
148 60
149 5
150 18
151 56
152 88
153 59
154 46
155 50
156 97
157 15
158 36
159 69
160 0
161 25
162 89
163 71
164 54
165 91
166 92
167 31
168 17
169 71
170 36
171 86
172 41
173 6
174 21
175 25
176 35
177 95
178 87
179 97
180 47
181 77
182 52
183 0
184 92
185 19
186 84
187 57
188 42
189 85
190 22
191 83
192 35
193 99
194 58
195 81
196 96
197 44
198 11
199 22
200 7
201 24
202 95
203 75
204 41
205 3
206 77
207 8
208 1
209 89
210 0
211 19
212 37
213 6
214 3
215 85
216 13
217 79
218 99
219 91
220 97
221 76
222 20
223 74
224 48
225 73
226 86
227 27
228 94
229 46
230 83
231 60
232 72
233 39
234 99
235 54
236 71
237 53
238 50
239 63
240 4
241 15
242 48
243 95
244 61
245 55
246 80
247 36
248 44
249 71
250 47
251 18
252 0
253 43
254 24
255 40
256 95
257 9
258 75
259 85
260 20
261 97
262 82
263 9
264 89
265 93
266 99
267 20
268 25
269 85
270 63
271 39
272 84
273 80
274 53
275 63
276 90
277 73
278 23
279 82
280 27
281 35
282 32
283 84
284 4
285 51
286 21
287 98
288 96
289 1
290 9
291 60
292 78
293 76
294 45
295 96
296 74
297 48
298 98
299 74
300 66
301 44
302 7
303 73
304 78
305 62
306 72
307 38
308 58
309 39
310 39
311 47
312 82
313 28
314 6
315 66
316 51
317 4
318 25
319 57
320 85
321 69
322 13
323 68
324 51
325 31
326 2
327 73
328 74
329 56
330 2
331 98
332 26
333 76
334 61
335 41
336 19
337 8
338 31
339 32
340 5
341 85
342 76
343 29
344 73
345 88
346 56
347 70
348 90
349 71
350 71
351 48
352 72
353 55
354 91
355 54
356 21
357 34
358 20
359 96
360 38
361 69
362 87
363 87
364 6
365 28
366 64
367 83
368 98
369 20
370 86
371 37
372 14
373 12
374 41
375 11
376 35
377 53
378 23
379 36
380 53
381 29
382 89
383 27
384 46
385 76
386 67
387 85
388 4
389 99
390 96
391 35
392 15
393 74
394 90
395 30
396 53
397 53
398 82
399 91
400 30
401 61
402 21
403 99
404 53
405 9
406 91
407 30
408 15
409 43
410 92
411 70
412 67
413 80
414 16
415 99
416 71
417 24
418 11
419 78
420 5
421 64
422 88
423 6
424 21
425 51
426 18
427 90
428 80
429 34
430 33
431 48
432 39
433 4
434 41
435 18
436 81
437 82
438 42
439 90
440 67
441 60
442 10
443 95
444 80
445 66
446 12
447 82
448 67
449 88
450 63
451 65
452 4
453 30
454 95
455 6
456 69
457 58
458 76
459 18
460 51
461 72
462 17
463 53
464 28
465 83
466 37
467 33
468 63
469 22
470 89
471 16
472 74
473 50
474 16
475 98
476 10
477 74
478 42
479 72
480 18
481 56
482 67
483 54
484 0
485 59
486 34
487 34
488 53
489 12
490 68
491 38
492 94
493 59
494 90
495 43
496 64
497 36
498 98
499 13
500 33
501 70
502 58
503 2
504 23
505 90
506 58
507 96
508 8
509 68
510 29
511 91
512 73
513 11
514 62
515 18
516 64
517 8
518 45
519 76
520 31
521 65
522 53
523 91
524 81
525 90
526 13
527 18
528 31
529 85
530 10
531 73
532 1
533 78
534 35
535 57
536 38
537 58
538 76
539 65
540 52
541 93
542 86
543 64
544 90
545 22
546 15
547 57
548 99
549 46
550 69
551 73
552 46
553 74
554 94
555 41
556 82
557 17
558 26
559 66
560 2
561 82
562 53
563 7
564 52
565 93
566 15
567 20
568 13
569 19
570 51
571 83
572 57
573 14
574 19
575 20
576 18
577 17
578 24
579 2
580 81
581 94
582 46
583 64
584 57
585 18
586 24
587 51
588 62
589 31
590 76
591 79
592 12
593 47
594 63
595 82
596 17
597 1
598 70
599 13
600 44
601 86
602 52
603 43
604 97
605 59
606 95
607 47
608 7
609 16
610 12
611 77
612 86
613 19
614 84
615 42
616 10
617 1
618 2
619 77
620 69
621 96
622 65
623 68
624 13
625 12
626 51
627 22
628 17
629 99
630 65
631 72
632 35
633 53
634 8
635 83
636 78
637 89
638 70
639 83
640 56
641 40
642 18
643 70
644 16
645 70
646 86
647 38
648 84
649 74
650 33
651 45
652 13
653 21
654 1
655 40
656 68
657 41
658 51
659 53
660 1
661 84
662 37
663 28
664 36
665 30
666 50
667 35
668 46
669 53
670 22
671 92
672 51
673 66
674 94
675 0
676 1
677 84
678 51
679 21
680 70
681 40
682 63
683 5
684 61
685 91
686 40
687 53
688 39
689 99
690 92
691 35
692 18
693 67
694 81
695 89
696 34
697 34
698 48
699 1
700 9
701 15
702 34
703 27
704 3
705 24
706 90
707 14
708 76
709 27
710 67
711 82
712 64
713 22
714 82
715 47
716 90
717 4
718 65
719 21
720 81
721 70
722 51
723 62
724 31
725 15
726 48
727 99
728 3
729 22
730 40
731 41
732 93
733 57
734 97
735 52
736 85
737 84
738 20
739 71
740 73
741 81
742 99
743 89
744 85
745 35
746 96
747 15
748 77
749 11
750 61
751 82
752 54
753 68
754 40
755 5
756 10
757 52
758 1
759 9
760 67
761 71
762 2
763 44
764 30
765 16
766 70
767 62
768 0
769 52
770 30
771 88
772 66
773 53
774 60
775 76
776 28
777 8
778 0
779 5
780 59
781 36
782 3
783 52
784 3
785 34
786 42
787 94
788 86
789 42
790 23
791 82
792 40
793 89
794 26
795 79
796 52
797 21
798 64
799 12
800 67
801 97
802 71
803 55
804 69
805 42
806 94
807 97
808 68
809 46
810 26
811 44
812 48
813 7
814 45
815 10
816 79
817 5
818 24
819 77
820 17
821 64
822 43
823 77
824 29
825 13
826 87
827 89
828 54
829 36
830 96
831 63
832 75
833 81
834 50
835 13
836 73
837 57
838 3
839 98
840 93
841 52
842 58
843 72
844 45
845 72
846 63
847 9
848 44
849 93
850 46
851 40
852 0
853 63
854 15
855 63
856 95
857 25
858 17
859 85
860 73
861 3
862 91
863 42
864 31
865 81
866 79
867 17
868 43
869 83
870 25
871 13
872 76
873 96
874 53
875 10
876 15
877 95
878 90
879 69
880 7
881 39
882 63
883 25
884 46
885 96
886 86
887 38
888 79
889 79
890 47
891 31
892 23
893 2
894 94
895 56
896 54
897 48
898 90
899 48
900 91
901 79
902 27
903 51
904 16
905 98
906 20
907 48
908 11
909 13
910 94
911 0
912 54
913 84
914 66
915 5
916 86
917 74
918 56
919 86
920 86
921 20
922 66
923 65
924 53
925 17
926 49
927 46
928 52
929 20
930 11
931 26
932 85
933 1
934 5
935 67
936 62
937 20
938 77
939 60
940 24
941 8
942 22
943 34
944 66
945 10
946 99
947 53
948 10
949 36
950 99
951 95
952 16
953 61
954 7
955 64
956 23
957 10
958 89
959 30
960 87
961 13
962 74
963 70
964 24
965 24
966 26
967 26
968 91
969 60
970 6
971 35
972 29
973 55
974 19
975 73
976 6
977 20
978 65
979 7
980 86
981 2
982 68
983 5
984 20
985 38
986 26
987 71
988 42
989 89
990 12
991 10
992 32
993 72
994 0
995 42
996 31
997 42
998 47
999 14
1000 69
1001 9
1002 15
1003 82
1004 36
1005 63
1006 18
1007 74
1008 97
1009 22
1010 75
1011 20
1012 52
1013 54
1014 86
1015 28
1016 74
1017 68
1018 1
1019 85
1020 10
1021 45
1022 88
1023 24
1024 96
1025 8
1026 50
1027 71
1028 12
1029 20
1030 58
1031 13
1032 11
1033 94
1034 50
1035 67
1036 66
1037 90
1038 20
1039 60
1040 19
1041 5
1042 98
1043 57
1044 57
1045 76
1046 16
1047 97
1048 12
1049 42
1050 23
1051 10
1052 86
1053 10
1054 21
1055 69
1056 13
1057 68
1058 36
1059 98
1060 94
1061 22
1062 98
1063 83
1064 58
1065 6
1066 64
1067 91
1068 90
1069 7
1070 88
1071 63
1072 3
1073 67
1074 91
1075 79
1076 15
1077 98
1078 11
1079 74
1080 9
1081 37
1082 47
1083 84
1084 79
1085 70
1086 98
1087 64
1088 90
1089 90
1090 22
1091 4
1092 69
1093 6
1094 8
1095 22
1096 17
1097 84
1098 59
1099 11
1100 15
1101 55
1102 71
1103 77
1104 61
1105 51
1106 90
1107 12
1108 45
1109 17
1110 32
1111 99
1112 19
1113 81
1114 14
1115 85
1116 31
1117 1
1118 40
1119 27
1120 54
1121 13
1122 27
1123 73
1124 87
1125 67
1126 78
1127 31
1128 38
1129 30
1130 70
1131 87
1132 88
1133 87
1134 22
1135 61
1136 3
1137 41
1138 98
1139 60
1140 81
1141 45
1142 26
1143 48
1144 73
1145 32
1146 26
1147 68
1148 26
1149 37
1150 38
1151 11
1152 89
1153 79
1154 30
1155 54
1156 90
1157 55
1158 11
1159 68
1160 8
1161 78
1162 5
1163 94
1164 18
1165 92
1166 39
1167 32
1168 84
1169 36
1170 40
1171 51
1172 85
1173 45
1174 24
1175 97
1176 25
1177 47
1178 60
1179 0
1180 0
1181 92
1182 74
1183 40
1184 19
1185 76
1186 1
1187 14
1188 5
1189 0
1190 21
1191 34
1192 5
1193 57
1194 33
1195 99
1196 86
1197 58
1198 56
1199 61
1200 2
1201 66
1202 57
1203 98
1204 79
1205 82
1206 33
1207 24
1208 34
1209 8
1210 62
1211 50
1212 48
1213 69
1214 73
1215 85
1216 42
1217 41
1218 32
1219 40
1220 70
1221 25
1222 17
1223 58
1224 12
1225 85
1226 28
1227 87
1228 76
1229 24
1230 58
1231 11
1232 55
1233 89
1234 84
1235 89
1236 72
1237 66
1238 10
1239 51
1240 99
1241 67
1242 19
1243 88
1244 10
1245 52
1246 29
1247 58
1248 5
1249 82
1250 20
1251 11
1252 33
1253 79
1254 57
1255 61
1256 74
1257 55
1258 85
1259 23
1260 55
1261 82
1262 28
1263 80
1264 99
1265 5
1266 87
1267 54
1268 40
1269 99
1270 54
1271 9
1272 8
1273 85
1274 37
1275 22
1276 14
1277 88
1278 21
1279 33
1280 51
1281 6
1282 25
1283 44
1284 61
1285 5
1286 89
1287 3
1288 69
1289 16
1290 66
1291 95
1292 68
1293 77
1294 91
1295 71
1296 94
1297 73
1298 5
1299 50
1300 28
1301 44
1302 47
1303 1
1304 36
1305 74
1306 47
1307 97
1308 92
1309 75
1310 30
1311 98
1312 60
1313 25
1314 76
1315 80
1316 58
1317 4
1318 89
1319 19
1320 2
1321 66
1322 27
1323 12
1324 48
1325 66
1326 15
1327 62
1328 64
1329 15
1330 94
1331 93
1332 21
1333 89
1334 43
1335 20
1336 21
1337 13
1338 15
1339 72
1340 96
1341 73
1342 6
1343 96
1344 85
1345 67
1346 13
1347 79
1348 11
1349 10
1350 73
1351 16
1352 51
1353 11
1354 62
1355 1
1356 63
1357 78
1358 99
1359 9
1360 79
1361 56
1362 44
1363 44
1364 76
1365 87
1366 64
1367 7
1368 1
1369 96
1370 70
1371 61
1372 46
1373 6
1374 8
1375 12
1376 39
1377 58
1378 18
1379 27
1380 54
1381 67
1382 66
1383 27
1384 46
1385 83
1386 33
1387 13
1388 66
1389 21
1390 82
1391 91
1392 37
1393 64
1394 41
1395 66
1396 63
1397 9
1398 4
1399 74
1400 75
1401 31
1402 40
1403 32
1404 64
1405 41
1406 32
1407 86
1408 32
1409 53
1410 41
1411 53
1412 39
1413 8
1414 10
1415 64
1416 94
1417 69
1418 84
1419 70
1420 31
1421 64
1422 84
1423 78
1424 37
1425 55
1426 70
1427 51
1428 20
1429 8
1430 12
1431 16
1432 17
1433 61
1434 59
1435 5
1436 82
1437 0
1438 74
1439 92
1440 64
1441 66
1442 55
1443 45
1444 37
1445 22
1446 15
1447 81
1448 29
1449 54
1450 60
1451 40
1452 90
1453 48
1454 64
1455 51
1456 34
1457 62
1458 35
1459 53
1460 26
1461 56
1462 58
1463 28
1464 11
1465 47
1466 55
1467 62
1468 97
1469 54
1470 52
1471 46
1472 13
1473 75
1474 29
1475 56
1476 7
1477 23
1478 71
1479 19
1480 95
1481 82
1482 34
1483 17
1484 92
1485 3
1486 50
1487 8
1488 10
1489 56
1490 19
1491 55
1492 18
1493 43
1494 4
1495 36
1496 91
1497 10
1498 20
1499 0
1500 99
1501 73
1502 91
1503 9
1504 43
1505 55
1506 2
1507 96
1508 47
1509 22
1510 10
1511 22
1512 15
1513 97
1514 98
1515 86
1516 48
1517 98
1518 71
1519 51
1520 30
1521 58
1522 63
1523 97
1524 84
1525 48
1526 31
1527 5
1528 80
1529 61
1530 78
1531 5
1532 66
1533 43
1534 81
1535 18
1536 13
1537 88
1538 45
1539 8
1540 86
1541 96
1542 78
1543 80
1544 54
1545 28
1546 30
1547 5
1548 67
1549 4
1550 56
1551 70
1552 27
1553 18
1554 39
1555 61
1556 16
1557 5
1558 29
1559 41
1560 37
1561 20
1562 59
1563 3
1564 40
1565 55
1566 39
1567 35
1568 80
1569 52
1570 11
1571 54
1572 71
1573 21
1574 27
1575 44
1576 67
1577 29
1578 23
1579 26
1580 82
1581 55
1582 10
1583 36
1584 48
1585 58
1586 94
1587 75
1588 86
1589 99
1590 70
1591 50
1592 42
1593 2
1594 91
1595 48
1596 72
1597 52
1598 26
1599 22
1600 17
1601 2
1602 52
1603 90
1604 22
1605 98
1606 71
1607 44
1608 24
1609 13
1610 42
1611 33
1612 46
1613 73
1614 40
1615 3
1616 70
1617 71
1618 61
1619 47
1620 5
1621 30
1622 6
1623 13
1624 47
1625 6
1626 50
1627 46
1628 61
1629 13
1630 20
1631 65
1632 47
1633 8
1634 38
1635 29
1636 98
1637 71
1638 20
1639 38
1640 58
1641 41
1642 48
1643 36
1644 53
1645 25
1646 42
1647 66
1648 81
1649 96
1650 72
1651 28
1652 56
1653 41
1654 39
1655 74
1656 85
1657 21
1658 28
1659 45
1660 30
1661 65
1662 74
1663 4
1664 62
1665 51
1666 81
1667 97
1668 85
1669 59
1670 73
1671 60
1672 28
1673 15
1674 24
1675 32
1676 71
1677 5
1678 67
1679 89
1680 3
1681 6
1682 38
1683 29
1684 15
1685 94
1686 15
1687 11
1688 90
1689 73
1690 38
1691 82
1692 11
1693 67
1694 98
1695 26
1696 92
1697 77
1698 59
1699 19
1700 48
1701 50
1702 25
1703 40
1704 30
1705 96
1706 96
1707 6
1708 82
1709 78
1710 66
1711 34
1712 50
1713 36
1714 62
1715 44
1716 1
1717 21
1718 68
1719 64
1720 12
1721 71
1722 35
1723 89
1724 88
1725 90
1726 43
1727 47
1728 95
1729 38
1730 15
1731 88
1732 19
1733 24
1734 97
1735 11
1736 15
1737 0
1738 25
1739 25
1740 97
1741 53
1742 40
1743 91
1744 69
1745 99
1746 84
1747 5
1748 39
1749 74
1750 71
1751 10
1752 17
1753 6
1754 29
1755 75
1756 89
1757 43
1758 83
1759 93
1760 30
1761 87
1762 54
1763 36
1764 33
1765 74
1766 54
1767 57
1768 10
1769 44
1770 17
1771 8
1772 0
1773 36
1774 1
1775 2
1776 46
1777 62
1778 58
1779 77
1780 28
1781 23
1782 63
1783 27
1784 83
1785 47
1786 85
1787 66
1788 90
1789 59
1790 19
1791 88
1792 86
1793 66
1794 82
1795 89
1796 29
1797 44
1798 68
1799 89
1800 12
1801 99
1802 77
1803 24
1804 86
1805 49
1806 24
1807 77
1808 78
1809 22
1810 4
1811 67
1812 21
1813 13
1814 80
1815 70
1816 74
1817 20
1818 67
1819 86
1820 71
1821 93
1822 60
1823 54
1824 68
1825 15
1826 84
1827 60
1828 73
1829 12
1830 56
1831 32
1832 98
1833 16
1834 57
1835 28
1836 26
1837 68
1838 3
1839 56
1840 38
1841 95
1842 21
1843 41
1844 51
1845 47
1846 36
1847 77
1848 78
1849 28
1850 1
1851 42
1852 97
1853 75
1854 26
1855 59
1856 3
1857 20
1858 68
1859 25
1860 95
1861 36
1862 37
1863 73
1864 93
1865 21
1866 94
1867 46
1868 91
1869 91
1870 99
1871 32
1872 51
1873 4
1874 69
1875 59
1876 69
1877 77
1878 12
1879 97
1880 25
1881 13
1882 79
1883 9
1884 31
1885 72
1886 83
1887 45
1888 17
1889 34
1890 93
1891 43
1892 60
1893 49
1894 34
1895 10
1896 30
1897 61
1898 28
1899 41
1900 88
1901 74
1902 21
1903 88
1904 94
1905 66
1906 85
1907 41
1908 4
1909 88
1910 69
1911 11
1912 49
1913 8
1914 41
1915 15
1916 39
1917 18
1918 76
1919 27
1920 85
1921 76
1922 24
1923 93
1924 58
1925 77
1926 61
1927 68
1928 40
1929 79
1930 44
1931 28
1932 37
1933 95
1934 24
1935 9
1936 35
1937 10
1938 82
1939 12
1940 41
1941 75
1942 81
1943 63
1944 38
1945 60
1946 32
1947 80
1948 98
1949 28
1950 17
1951 51
1952 1
1953 94
1954 74
1955 60
1956 9
1957 99
1958 26
1959 87
1960 48
1961 44
1962 37
1963 72
1964 50
1965 22
1966 86
1967 31
1968 88
1969 65
1970 29
1971 16
1972 19
1973 58
1974 6
1975 99
1976 53
1977 65
1978 62
1979 21
1980 91
1981 31
1982 96
1983 8
1984 35
1985 75
1986 43
1987 55
1988 56
1989 5
1990 89
1991 39
1992 88
1993 26
1994 94
1995 39
1996 5
1997 11
1998 8
1999 84
2000 53
2001 21
2002 10
2003 85
2004 4
2005 31
2006 90
2007 71
2008 9
2009 22
2010 84
2011 26
2012 4
2013 40
2014 52
2015 42
2016 28
2017 9
2018 84
2019 44
2020 96
2021 30
2022 79
2023 80
2024 10
2025 10
2026 97
2027 42
2028 99
2029 75
2030 45
2031 89
2032 62
2033 10
2034 26
2035 24
2036 85
2037 7
2038 9
2039 48
2040 88
2041 71
2042 58
2043 22
2044 81
2045 72
2046 47
2047 74
2048 92
2049 25
2050 40
2051 51
2052 30
2053 38
2054 71
2055 14
2056 97
2057 46
2058 53
2059 86
2060 61
2061 37
2062 81
2063 37
2064 94
2065 93
2066 71
2067 33
2068 59
2069 66
2070 33
2071 33
2072 97
2073 87
2074 49
2075 33
2076 75
2077 34
2078 74
2079 47
2080 84
2081 55
2082 1
2083 54
2084 23
2085 70
2086 80
2087 41
2088 0
2089 94
2090 62
2091 2
2092 62
2093 20
2094 17
2095 20
2096 38
2097 5
2098 35
2099 67
2100 1
2101 35
2102 51
2103 94
2104 64
2105 41
2106 46
2107 34
2108 74
2109 65
2110 39
2111 2
2112 63
2113 91
2114 25
2115 56
2116 20
2117 29
2118 82
2119 60
2120 6
2121 82
2122 84
2123 71
2124 21
2125 12
2126 83
2127 27
2128 74
2129 40
2130 32
2131 56
2132 13
2133 64
2134 86
2135 77
2136 42
2137 28
2138 10
2139 41
2140 30
2141 32
2142 23
2143 61
2144 84
2145 91
2146 70
2147 60
2148 66
2149 67
2150 40
2151 83
2152 12
2153 62
2154 76
2155 88
2156 19
2157 15
2158 2
2159 6
2160 60
2161 77
2162 31
2163 2
2164 80
2165 81
2166 57
2167 2
2168 25
2169 74
2170 20
2171 80
2172 62
2173 26
2174 70
2175 90
2176 15
2177 26
2178 2
2179 29
2180 34
2181 90
2182 27
2183 79
2184 8
2185 44
2186 48
2187 1
2188 17
2189 4
2190 89
2191 90
2192 31
2193 95
2194 14
2195 44
2196 38
2197 39
2198 14
2199 59
2200 8
2201 51
2202 91
2203 41
2204 52
2205 10
2206 12
2207 93
2208 95
2209 3
2210 64
2211 41
2212 10
2213 62
2214 97
2215 92
2216 52
2217 77
2218 28
2219 26
2220 54
2221 58
2222 35
2223 86
2224 83
2225 20
2226 42
2227 16
2228 59
2229 66
2230 75
2231 28
2232 45
2233 31
2234 40
2235 40
2236 43
2237 73
2238 93
2239 75
2240 63
2241 38
2242 57
2243 98
2244 44
2245 59
2246 92
2247 78
2248 31
2249 58
2250 29
2251 54
2252 79
2253 7
2254 81
2255 13
2256 26
2257 0
2258 25
2259 53
2260 5
2261 88
2262 66
2263 33
2264 79
2265 65
2266 18
2267 27
2268 44
2269 74
2270 27
2271 64
2272 71
2273 72
2274 36
2275 60
2276 20
2277 46
2278 1
2279 21
2280 54
2281 21
2282 90
2283 34
2284 52
2285 91
2286 60
2287 94
2288 25
2289 90
2290 23
2291 44
2292 56
2293 76
2294 61
2295 98
2296 22
2297 66
2298 96
2299 23
2300 74
2301 15
2302 7
2303 90
2304 19
2305 18
2306 65
2307 37
2308 42
2309 86
2310 98
2311 5
2312 25
2313 15
2314 0
2315 8
2316 64
2317 30
2318 65
2319 47
2320 7
2321 97
2322 58
2323 57
2324 4
2325 62
2326 53
2327 57
2328 85
2329 86
2330 78
2331 52
2332 28
2333 85
2334 34
2335 54
2336 91
2337 85
2338 13
2339 21
2340 99
2341 61
2342 66
2343 67
2344 11
2345 71
2346 73
2347 92
2348 72
2349 41
2350 26
2351 61
2352 30
2353 74
2354 60
2355 58
2356 26
2357 39
2358 70
2359 71
2360 33
2361 20
2362 75
2363 75
2364 98
2365 51
2366 19
2367 56
2368 68
2369 21
2370 59
2371 59
2372 37
2373 23
2374 79
2375 56
2376 16
2377 85
2378 23
2379 49
2380 48
2381 43
2382 89
2383 88
2384 50
2385 6
2386 5
2387 67
2388 77
2389 67
2390 31
2391 67
2392 39
2393 57
2394 40
2395 9
2396 75
2397 28
2398 58
2399 57
2400 7
2401 52
2402 22
2403 81
2404 47
2405 79
2406 83
2407 50
2408 9
2409 61
2410 53
2411 23
2412 29
2413 76
2414 10
2415 46
2416 2
2417 10
2418 86
2419 54
2420 69
2421 8
2422 92
2423 45
2424 20
2425 42
2426 77
2427 57
2428 82
2429 96
2430 18
2431 36
2432 84
2433 22
2434 87
2435 20
2436 61
2437 51
2438 71
2439 76
2440 2
2441 51
2442 53
2443 55
2444 12
2445 61
2446 5
2447 34
2448 29
2449 88
2450 95
2451 76
2452 0
2453 50
2454 82
2455 65
2456 69
2457 26
2458 71
2459 45
2460 75
2461 13
2462 80
2463 67
2464 47
2465 48
2466 88
2467 83
2468 58
2469 2
2470 9
2471 73
2472 92
2473 54
2474 41
2475 30
2476 72
2477 30
2478 7
2479 62
2480 78
2481 71
2482 95
2483 33
2484 58
2485 64
2486 1
2487 65
2488 57
2489 53
2490 72
2491 89
2492 93
2493 32
2494 43
2495 33
2496 4
2497 10
2498 35
2499 43
2500 64
2501 71
2502 1
2503 36
2504 96
2505 81
2506 6
2507 15
2508 89
2509 69
2510 41
2511 85
2512 11
2513 69
2514 90
2515 85
2516 16
2517 31
2518 88
2519 88
2520 9
2521 88
2522 43
2523 91
2524 81
2525 80
2526 49
2527 56
2528 7
2529 98
2530 57
2531 82
2532 99
2533 53
2534 15
2535 25
2536 10
2537 87
2538 5
2539 0
2540 12
2541 64
2542 34
2543 6
2544 17
2545 45
2546 92
2547 19
2548 41
2549 54
2550 9
2551 15
2552 72
2553 98
2554 78
2555 61
2556 33
2557 42
2558 31
2559 72
2560 68
2561 63
2562 97
2563 73
2564 86
2565 93
2566 37
2567 63
2568 39
2569 35
2570 3
2571 92
2572 90
2573 6
2574 91
2575 35
2576 46
2577 10
2578 59
2579 40
2580 71
2581 72
2582 76
2583 79
2584 73
2585 15
2586 84
2587 81
2588 2
2589 77
2590 91
2591 79
2592 39
2593 91
2594 36
2595 75
2596 18
2597 93
2598 87
2599 20
2600 20
2601 70
2602 4
2603 77
2604 37
2605 51
2606 31
2607 86
2608 15
2609 10
2610 28
2611 58
2612 32
2613 66
2614 21
2615 62
2616 30
2617 59
2618 13
2619 16
2620 5
2621 63
2622 63
2623 56
2624 53
2625 55
2626 68
2627 83
2628 39
2629 1
2630 12
2631 5
2632 10
2633 20
2634 74
2635 69
2636 84
2637 82
2638 65
2639 69
2640 61
2641 95
2642 28
2643 55
2644 43
2645 95
2646 25
2647 87
2648 95
2649 15
2650 46
2651 77
2652 90
2653 72
2654 47
2655 10
2656 22
2657 18
2658 97
2659 18
2660 13
2661 47
2662 98
2663 11
2664 1
2665 57
2666 25
2667 56
2668 96
2669 86
2670 88
2671 12
2672 41
2673 5
2674 70
2675 33
2676 47
2677 60
2678 37
2679 15
2680 25
2681 65
2682 59
2683 85
2684 1
2685 36
2686 15
2687 84
2688 1
2689 80
2690 20
2691 64
2692 19
2693 48
2694 61
2695 55
2696 92
2697 69
2698 65
2699 96
2700 69
2701 36
2702 15
2703 71
2704 39
2705 88
2706 40
2707 66
2708 91
2709 63
2710 31
2711 95
2712 57
2713 4
2714 8
2715 78
2716 4
2717 85
2718 60
2719 0
2720 94
2721 53
2722 52
2723 5
2724 59
2725 25
2726 33
2727 54
2728 3
2729 96
2730 36
2731 91
2732 54
2733 3
2734 44
2735 32
2736 75
2737 11
2738 59
2739 90
2740 64
2741 62
2742 56
2743 68
2744 14
2745 50
2746 98
2747 30
2748 93
2749 52
2750 26
2751 77
2752 23
2753 73
2754 18
2755 66
2756 60
2757 32
2758 34
2759 3
2760 87
2761 29
2762 62
2763 79
2764 40
2765 41
2766 88
2767 62
2768 16
2769 35
2770 6
2771 74
2772 53
2773 4
2774 99
2775 8
2776 74
2777 41
2778 12
2779 20
2780 81
2781 14
2782 61
2783 24
2784 10
2785 7
2786 18
2787 85
2788 55
2789 84
2790 56
2791 90
2792 1
2793 94
2794 68
2795 66
2796 4
2797 44
2798 50
2799 67
2800 87
2801 36
2802 12
2803 84
2804 40
2805 69
2806 48
2807 16
2808 90
2809 1
2810 70
2811 15
2812 86
2813 0
2814 92
2815 3
2816 61
2817 59
2818 5
2819 72
2820 13
2821 45
2822 22
2823 7
2824 70
2825 17
2826 51
2827 31
2828 3
2829 11
2830 80
2831 83
2832 76
2833 14
2834 60
2835 13
2836 2
2837 69
2838 26
2839 11
2840 17
2841 45
2842 70
2843 15
2844 13
2845 62
2846 28
2847 88
2848 40
2849 50
2850 35
2851 13
2852 79
2853 65
2854 97
2855 66
2856 1
2857 64
2858 57
2859 26
2860 37
2861 32
2862 39
2863 54
2864 8
2865 87
2866 30
2867 92
2868 17
2869 84
2870 24
2871 72
2872 81
2873 72
2874 0
2875 22
2876 66
2877 90
2878 50
2879 3
2880 71
2881 5
2882 73
2883 26
2884 28
2885 54
2886 59
2887 40
2888 82
2889 36
2890 98
2891 0
2892 42
2893 83
2894 9
2895 27
2896 35
2897 3
2898 12
2899 23
2900 58
2901 67
2902 98
2903 1
2904 86
2905 59
2906 11
2907 14
2908 98
2909 86
2910 10
2911 70
2912 40
2913 69
2914 63
2915 95
2916 7
2917 7
2918 66
2919 19
2920 23
2921 67
2922 77
2923 7
2924 85
2925 89
2926 18
2927 11
2928 44
2929 27
2930 56
2931 58
2932 70
2933 22
2934 26
2935 72
2936 40
2937 19
2938 86
2939 36
2940 85
2941 66
2942 71
2943 73
2944 9
2945 80
2946 0
2947 98
2948 29
2949 5
2950 99
2951 26
2952 82
2953 8
2954 48
2955 45
2956 5
2957 27
2958 26
2959 71
2960 31
2961 90
2962 12
2963 84
2964 6
2965 93
2966 21
2967 87
2968 45
2969 13
2970 77
2971 32
2972 95
2973 27
2974 28
2975 25
2976 75
2977 46
2978 12
2979 0
2980 49
2981 44
2982 34
2983 70
2984 74
2985 68
2986 45
2987 82
2988 91
2989 1
2990 65
2991 29
2992 1
2993 30
2994 33
2995 58
2996 16
2997 37
2998 7
2999 83
3000 71
3001 81
3002 8
3003 66
3004 18
3005 88
3006 13
3007 44
3008 6
3009 93
3010 55
3011 18
3012 60
3013 90
3014 58
3015 99
3016 98
3017 53
3018 86
3019 28
3020 32
3021 60
3022 82
3023 18
3024 54
3025 43
3026 10
3027 75
3028 1
3029 19
3030 33
3031 20
3032 52
3033 58
3034 28
3035 31
3036 87
3037 1
3038 57
3039 40
3040 26
3041 35
3042 75
3043 37
3044 57
3045 69
3046 62
3047 46
3048 80
3049 52
3050 76
3051 36
3052 26
3053 25
3054 67
3055 35
3056 21
3057 83
3058 13
3059 73
3060 77
3061 37
3062 12
3063 17
3064 1
3065 63
3066 71
3067 13
3068 1
3069 50
3070 54
3071 29
3072 66
3073 95
3074 30
3075 79
3076 85
3077 78
3078 18
3079 15
3080 51
3081 21
3082 8
3083 29
3084 71
3085 0
3086 23
3087 49
3088 39
3089 83
3090 50
3091 11
3092 20
3093 15
3094 96
3095 19
3096 20
3097 14
3098 83
3099 23
3100 1
3101 28
3102 35
3103 52
3104 80
3105 76
3106 6
3107 41
3108 19
3109 39
3110 2
3111 45
3112 86
3113 25
3114 83
3115 68
3116 14
3117 48
3118 8
3119 89
3120 79
3121 85
3122 48
3123 66
3124 92
3125 8
3126 21
3127 39
3128 53
3129 99
3130 94
3131 10
3132 26
3133 26
3134 11
3135 38
3136 17
3137 2
3138 8
3139 92
3140 75
3141 11
3142 9
3143 74
3144 62
3145 13
3146 82
3147 16
3148 53
3149 26
3150 55
3151 3
3152 72
3153 87
3154 54
3155 35
3156 98
3157 84
3158 34
3159 94
3160 18
3161 57
3162 56
3163 34
3164 78
3165 41
3166 84
3167 4
3168 64
3169 56
3170 14
3171 87
3172 15
3173 98
3174 19
3175 26
3176 60
3177 64
3178 45
3179 3
3180 9
3181 43
3182 81
3183 64
3184 78
3185 39
3186 64
3187 8
3188 70
3189 18
3190 70
3191 77
3192 1
3193 78
3194 45
3195 59
3196 44
3197 87
3198 34
3199 31
3200 9
3201 8
3202 97
3203 5
3204 67
3205 58
3206 52
3207 84
3208 13
3209 25
3210 30
3211 41
3212 8
3213 44
3214 36
3215 39
3216 2
3217 14
3218 96
3219 32
3220 38
3221 36
3222 57
3223 16
3224 32
3225 12
3226 65
3227 74
3228 35
3229 87
3230 62
3231 84
3232 64
3233 99
3234 69
3235 77
3236 58
3237 15
3238 16
3239 94
3240 45
3241 72
3242 72
3243 2
3244 18
3245 53
3246 26
3247 71
3248 42
3249 81
3250 58
3251 24
3252 16
3253 21
3254 15
3255 28
3256 43
3257 73
3258 78
3259 47
3260 46
3261 55
3262 1
3263 94
3264 8
3265 87
3266 2
3267 92
3268 52
3269 38
3270 89
3271 55
3272 15
3273 91
3274 26
3275 79
3276 1
3277 9
3278 15
3279 3
3280 78
3281 84
3282 7
3283 42
3284 1
3285 43
3286 41
3287 28
3288 18
3289 25
3290 43
3291 66
3292 36
3293 42
3294 29
3295 78
3296 98
3297 35
3298 66
3299 92
3300 78
3301 8
3302 7
3303 40
3304 46
3305 84
3306 76
3307 6
3308 26
3309 1
3310 53
3311 9
3312 35
3313 51
3314 32
3315 10
3316 23
3317 61
3318 16
3319 48
3320 16
3321 71
3322 30
3323 18
3324 62
3325 48
3326 51
3327 76
3328 3
3329 0
3330 47
3331 60
3332 2
3333 3
3334 94
3335 38
3336 38
3337 76
3338 43
3339 74
3340 13
3341 80
3342 79
3343 5
3344 64
3345 42
3346 34
3347 89
3348 25
3349 63
3350 70
3351 19
3352 4
3353 67
3354 71
3355 29
3356 87
3357 34
3358 12
3359 89
3360 63
3361 76
3362 66
3363 6
3364 66
3365 51
3366 63
3367 10
3368 51
3369 53
3370 22
3371 25
3372 61
3373 17
3374 92
3375 41
3376 67
3377 85
3378 12
3379 6
3380 72
3381 38
3382 21
3383 70
3384 78
3385 63
3386 57
3387 23
3388 51
3389 98
3390 14
3391 21
3392 65
3393 51
3394 41
3395 75
3396 79
3397 15
3398 57
3399 31
3400 79
3401 10
3402 41
3403 1
3404 23
3405 34
3406 71
3407 97
3408 51
3409 80
3410 79
3411 67
3412 67
3413 96
3414 92
3415 19
3416 39
3417 53
3418 7
3419 1
3420 37
3421 48
3422 51
3423 1
3424 33
3425 25
3426 10
3427 67
3428 81
3429 70
3430 25
3431 9
3432 29
3433 61
3434 10
3435 31
3436 77
3437 35
3438 78
3439 5
3440 44
3441 37
3442 61
3443 25
3444 68
3445 12
3446 42
3447 22
3448 81
3449 86
3450 49
3451 19
3452 84
3453 52
3454 9
3455 70
3456 3
3457 50
3458 60
3459 15
3460 40
3461 53
3462 57
3463 92
3464 75
3465 44
3466 10
3467 41
3468 31
3469 41
3470 9
3471 24
3472 40
3473 95
3474 81
3475 99
3476 86
3477 13
3478 42
3479 28
3480 89
3481 33
3482 25
3483 81
3484 37
3485 67
3486 62
3487 24
3488 4
3489 22
3490 27
3491 79
3492 87
3493 54
3494 56
3495 86
3496 74
3497 66
3498 58
3499 78
3500 67
3501 2
3502 36
3503 98
3504 38
3505 17
3506 92
3507 81
3508 1
3509 65
3510 9
3511 18
3512 52
3513 35
3514 91
3515 88
3516 0
3517 61
3518 32
3519 56
3520 45
3521 4
3522 57
3523 39
3524 31
3525 69
3526 55
3527 38
3528 90
3529 6
3530 74
3531 45
3532 98
3533 86
3534 15
3535 39
3536 93
3537 61
3538 36
3539 93
3540 42
3541 93
3542 79
3543 71
3544 69
3545 15
3546 53
3547 10
3548 3
3549 21
3550 10
3551 50
3552 17
3553 99
3554 28
3555 25
3556 96
3557 82
3558 70
3559 12
3560 94
3561 76
3562 73
3563 63
3564 74
3565 50
3566 6
3567 26
3568 24
3569 26
3570 90
3571 7
3572 76
3573 96
3574 95
3575 66
3576 96
3577 86
3578 75
3579 12
3580 8
3581 84
3582 70
3583 5
3584 75
3585 42
3586 44
3587 11
3588 68
3589 56
3590 23
3591 37
3592 44
3593 34
3594 11
3595 78
3596 87
3597 38
3598 71
3599 99
3600 23
3601 7
3602 86
3603 41
3604 20
3605 3
3606 50
3607 3
3608 4
3609 49
3610 75
3611 64
3612 36
3613 74
3614 55
3615 56
3616 81
3617 48
3618 82
3619 9
3620 3
3621 74
3622 56
3623 61
3624 8
3625 12
3626 92
3627 11
3628 18
3629 39
3630 84
3631 89
3632 51
3633 78
3634 65
3635 96
3636 37
3637 33
3638 99
3639 30
3640 28
3641 75
3642 63
3643 36
3644 19
3645 45
3646 89
3647 5
3648 63
3649 96
3650 60
3651 31
3652 70
3653 20
3654 95
3655 76
3656 11
3657 82
3658 38
3659 9
3660 60
3661 95
3662 63
3663 3
3664 92
3665 90
3666 93
3667 53
3668 12
3669 62
3670 9
3671 56
3672 79
3673 13
3674 71
3675 66
3676 93
3677 70
3678 45
3679 12
3680 42
3681 75
3682 52
3683 20
3684 12
3685 33
3686 21
3687 20
3688 49
3689 33
3690 21
3691 99
3692 27
3693 16
3694 13
3695 3
3696 66
3697 57
3698 27
3699 81
3700 40
3701 67
3702 0
3703 94
3704 50
3705 60
3706 70
3707 68
3708 64
3709 26
3710 16
3711 69
3712 61
3713 8
3714 35
3715 93
3716 94
3717 64
3718 41
3719 35
3720 49
3721 57
3722 21
3723 1
3724 9
3725 44
3726 56
3727 47
3728 39
3729 27
3730 92
3731 81
3732 99
3733 40
3734 69
3735 24
3736 25
3737 48
3738 45
3739 57
3740 53
3741 5
3742 15
3743 12
3744 56
3745 34
3746 43
3747 81
3748 94
3749 20
3750 50
3751 93
3752 46
3753 81
3754 2
3755 37
3756 21
3757 75
3758 83
3759 78
3760 21
3761 62
3762 10
3763 50
3764 20
3765 70
3766 89
3767 93
3768 45
3769 31
3770 17
3771 47
3772 12
3773 0
3774 95
3775 27
3776 35
3777 12
3778 16
3779 89
3780 70
3781 62
3782 96
3783 76
3784 52
3785 20
3786 80
3787 84
3788 30
3789 73
3790 3
3791 59
3792 0
3793 74
3794 84
3795 96
3796 55
3797 54
3798 69
3799 74
3800 63
3801 9
3802 95
3803 8
3804 54
3805 91
3806 67
3807 14
3808 14
3809 21
3810 90
3811 29
3812 69
3813 31
3814 8
3815 57
3816 37
3817 75
3818 32
3819 88
3820 75
3821 43
3822 39
3823 77
3824 3
3825 60
3826 84
3827 10
3828 81
3829 37
3830 3
3831 94
3832 81
3833 22
3834 5
3835 55
3836 80
3837 13
3838 75
3839 59
3840 67
3841 0
3842 29
3843 11
3844 16
3845 79
3846 79
3847 82
3848 72
3849 95
3850 5
3851 38
3852 38
3853 35
3854 58
3855 68
3856 45
3857 3
3858 72
3859 55
3860 93
3861 65
3862 96
3863 41
3864 98
3865 79
3866 99
3867 43
3868 70
3869 13
3870 55
3871 8
3872 26
3873 55
3874 86
3875 71
3876 35
3877 35
3878 15
3879 18
3880 66
3881 11
3882 70
3883 4
3884 23
3885 1
3886 33
3887 61
3888 87
3889 75
3890 79
3891 85
3892 67
3893 32
3894 91
3895 34
3896 98
3897 35
3898 73
3899 50
3900 55
3901 45
3902 2
3903 7
3904 19
3905 47
3906 85
3907 58
3908 52
3909 91
3910 93
3911 70
3912 89
3913 26
3914 86
3915 99
3916 48
3917 26
3918 53
3919 83
3920 22
3921 50
3922 9
3923 41
3924 91
3925 35
3926 86
3927 12
3928 17
3929 60
3930 40
3931 50
3932 6
3933 55
3934 51
3935 44
3936 80
3937 60
3938 19
3939 10
3940 45
3941 69
3942 56
3943 44
3944 10
3945 78
3946 9
3947 35
3948 80
3949 9
3950 27
3951 79
3952 26
3953 0
3954 65
3955 95
3956 10
3957 73
3958 74
3959 85
3960 45
3961 68
3962 51
3963 70
3964 45
3965 35
3966 34
3967 40
3968 86
3969 41
3970 82
3971 73
3972 87
3973 68
3974 28
3975 62
3976 39
3977 53
3978 38
3979 74
3980 50
3981 12
3982 51
3983 2
3984 69
3985 28
3986 2
3987 99
3988 25
3989 19
3990 20
3991 38
3992 22
3993 29
3994 62
3995 77
3996 75
3997 48
3998 97
3999 2
4000 2
4001 22
4002 88
4003 58
4004 93
4005 92
4006 7
4007 14
4008 75
4009 47
4010 25
4011 75
4012 10
4013 74
4014 67
4015 99
4016 61
4017 66
4018 61
4019 44
4020 33
4021 26
4022 37
4023 92
4024 77
4025 42
4026 26
4027 27
4028 29
4029 50
4030 93
4031 95
4032 69
4033 3
4034 90
4035 23
4036 58
4037 53
4038 11
4039 96
4040 69
4041 91
4042 71
4043 39
4044 42
4045 50
4046 23
4047 2
4048 53
4049 87
4050 97
4051 23
4052 41
4053 1
4054 33
4055 39
4056 65
4057 8
4058 54
4059 40
4060 20
4061 57
4062 40
4063 54
4064 1
4065 86
4066 59
4067 60
4068 51
4069 91
4070 41
4071 94
4072 84
4073 54
4074 40
4075 82
4076 82
4077 54
4078 59
4079 31
4080 69
4081 89
4082 66
4083 56
4084 87
4085 46
4086 47
4087 84
4088 3
4089 54
4090 9
4091 9
4092 34
4093 75
4094 54
4095 14
4096 81
4097 32
4098 69
4099 25
4100 15
4101 67
4102 93
4103 94
4104 72
4105 39
4106 88
4107 91
4108 84
4109 84
4110 51
4111 22
4112 33
4113 99
4114 1
4115 60
4116 40
4117 73
4118 61
4119 21
4120 53
4121 55
4122 8
4123 56
4124 68
4125 41
4126 72
4127 63
4128 47
4129 75
4130 22
4131 46
4132 59
4133 64
4134 80
4135 32
4136 97
4137 37
4138 57
4139 73
4140 46
4141 30
4142 11
4143 33
4144 25
4145 53
4146 66
4147 38
4148 23
4149 78
4150 98
4151 68
4152 46
4153 29
4154 21
4155 51
4156 46
4157 88
4158 67
4159 54
4160 73
4161 70
4162 51
4163 4
4164 98
4165 98
4166 7
4167 41
4168 24
4169 91
4170 71
4171 98
4172 70
4173 28
4174 56
4175 26
4176 25
4177 44
4178 45
4179 61
4180 68
4181 64
4182 59
4183 86
4184 67
4185 99
4186 42
4187 36
4188 94
4189 2
4190 88
4191 87
4192 61
4193 82
4194 28
4195 39
4196 53
4197 19
4198 25
4199 83
4200 97
4201 30
4202 14
4203 42
4204 53
4205 88
4206 7
4207 52
4208 46
4209 44
4210 9
4211 70
4212 48
4213 75
4214 61
4215 95
4216 59
4217 90
4218 40
4219 44
4220 11
4221 35
4222 64
4223 26
4224 88
4225 11
4226 71
4227 5
4228 0
4229 33
4230 52
4231 80
4232 56
4233 95
4234 33
4235 95
4236 17
4237 33
4238 87
4239 3
4240 23
4241 31
4242 86
4243 74
4244 12
4245 62
4246 76
4247 31
4248 87
4249 89
4250 19
4251 89
4252 22
4253 72
4254 62
4255 28
4256 35
4257 59
4258 9
4259 86
4260 38
4261 13
4262 25
4263 93
4264 58
4265 9
4266 7
4267 3
4268 26
4269 74
4270 10
4271 66
4272 13
4273 0
4274 71
4275 97
4276 36
4277 66
4278 39
4279 27
4280 23
4281 4
4282 50
4283 90
4284 52
4285 4
4286 80
4287 30
4288 45
4289 98
4290 65
4291 76
4292 44
4293 21
4294 74
4295 59
4296 83
4297 78
4298 4
4299 76
4300 6
4301 19
4302 67
4303 15
4304 38
4305 82
4306 59
4307 91
4308 82
4309 50
4310 17
4311 70
4312 35
4313 87
4314 81
4315 38
4316 99
4317 27
4318 78
4319 52
4320 58
4321 86
4322 36
4323 88
4324 30
4325 29
4326 78
4327 43
4328 4
4329 49
4330 59
4331 13
4332 50
4333 49
4334 89
4335 79
4336 42
4337 6
4338 72
4339 77
4340 38
4341 13
4342 23
4343 36
4344 27
4345 92
4346 16
4347 59
4348 83
4349 75
4350 59
4351 69
4352 55
4353 31
4354 23
4355 95
4356 41
4357 83
4358 15
4359 15
4360 8
4361 44
4362 58
4363 58
4364 22
4365 93
4366 42
4367 82
4368 69
4369 69
4370 74
4371 58
4372 50
4373 24
4374 74
4375 93
4376 7
4377 50
4378 83
4379 34
4380 13
4381 11
4382 62
4383 99
4384 12
4385 48
4386 15
4387 61
4388 45
4389 50
4390 32
4391 34
4392 87
4393 83
4394 4
4395 48
4396 35
4397 5
4398 87
4399 80
4400 75
4401 34
4402 78
4403 77
4404 50
4405 52
4406 93
4407 51
4408 28
4409 77
4410 99
4411 28
4412 77
4413 31
4414 6
4415 55
4416 47
4417 44
4418 32
4419 54
4420 98
4421 80
4422 13
4423 68
4424 18
4425 0
4426 38
4427 78
4428 4
4429 54
4430 16
4431 42
4432 24
4433 45
4434 62
4435 72
4436 71
4437 67
4438 88
4439 62
4440 1
4441 58
4442 64
4443 63
4444 61
4445 26
4446 75
4447 68
4448 25
4449 75
4450 21
4451 39
4452 38
4453 66
4454 91
4455 71
4456 90
4457 79
4458 4
4459 11
4460 0
4461 66
4462 13
4463 57
4464 30
4465 1
4466 30
4467 9
4468 42
4469 41
4470 77
4471 54
4472 81
4473 69
4474 16
4475 37
4476 97
4477 77
4478 42
4479 72
4480 81
4481 90
4482 33
4483 77
4484 2
4485 86
4486 13
4487 12
4488 25
4489 21
4490 51
4491 85
4492 29
4493 72
4494 46
4495 39
4496 94
4497 77
4498 99
4499 35
4500 46
4501 17
4502 57
4503 52
4504 1
4505 47
4506 30
4507 6
4508 29
4509 7
4510 64
4511 75
4512 57
4513 15
4514 96
4515 9
4516 88
4517 20
4518 79
4519 21
4520 69
4521 50
4522 34
4523 93
4524 3
4525 45
4526 17
4527 81
4528 43
4529 83
4530 58
4531 66
4532 98
4533 25
4534 34
4535 88
4536 33
4537 25
4538 52
4539 32
4540 83
4541 70
4542 20
4543 92
4544 79
4545 34
4546 7
4547 46
4548 46
4549 65
4550 6
4551 86
4552 92
4553 3
4554 41
4555 7
4556 41
4557 2
4558 87
4559 52
4560 36
4561 89
4562 3
4563 58
4564 29
4565 26
4566 83
4567 18
4568 63
4569 26
4570 88
4571 89
4572 91
4573 49
4574 95
4575 47
4576 27
4577 37
4578 8
4579 82
4580 63
4581 79
4582 2
4583 23
4584 55
4585 9
4586 93
4587 92
4588 60
4589 26
4590 53
4591 83
4592 5
4593 81
4594 55
4595 41
4596 78
4597 67
4598 3
4599 77
4600 44
4601 68
4602 41
4603 37
4604 93
4605 52
4606 6
4607 75
4608 44
4609 29
4610 3
4611 24
4612 60
4613 4
4614 27
4615 6
4616 66
4617 57
4618 17
4619 58
4620 40
4621 85
4622 58
4623 80
4624 57
4625 4
4626 34
4627 26
4628 80
4629 54
4630 18
4631 98
4632 97
4633 84
4634 46
4635 37
4636 83
4637 78
4638 32
4639 99
4640 66
4641 7
4642 85
4643 67
4644 5
4645 52
4646 5
4647 68
4648 20
4649 13
4650 45
4651 59
4652 14
4653 23
4654 75
4655 70
4656 72
4657 95
4658 65
4659 96
4660 51
4661 18
4662 66
4663 86
4664 57
4665 70
4666 58
4667 42
4668 36
4669 52
4670 64
4671 69
4672 15
4673 29
4674 10
4675 86
4676 6
4677 0
4678 23
4679 77
4680 61
4681 90
4682 0
4683 86
4684 63
4685 93
4686 50
4687 82
4688 88
4689 8
4690 38
4691 5
4692 55
4693 10
4694 6
4695 79
4696 89
4697 93
4698 87
4699 55
4700 78
4701 39
4702 86
4703 81
4704 80
4705 48
4706 21
4707 1
4708 95
4709 91
4710 77
4711 2
4712 99
4713 59
4714 72
4715 0
4716 78
4717 70
4718 50
4719 14
4720 0
4721 90
4722 31
4723 33
4724 86
4725 54
4726 16
4727 16
4728 5
4729 97
4730 6
4731 41
4732 50
4733 38
4734 53
4735 83
4736 30
4737 68
4738 98
4739 95
4740 11
4741 69
4742 41
4743 62
4744 59
4745 31
4746 27
4747 83
4748 20
4749 47
4750 64
4751 70
4752 20
4753 51
4754 66
4755 81
4756 81
4757 29
4758 74
4759 20
4760 98
4761 92
4762 41
4763 85
4764 46
4765 56
4766 1
4767 87
4768 82
4769 53
4770 66
4771 72
4772 50
4773 44
4774 79
4775 70
4776 26
4777 92
4778 57
4779 64
4780 28
4781 58
4782 72
4783 22
4784 27
4785 22
4786 92
4787 22
4788 3
4789 21
4790 82
4791 66
4792 31
4793 74
4794 56
4795 27
4796 77
4797 29
4798 36
4799 16
4800 88
4801 10
4802 39
4803 89
4804 33
4805 38
4806 73
4807 52
4808 60
4809 6
4810 70
4811 6
4812 48
4813 54
4814 61
4815 63
4816 13
4817 71
4818 89
4819 3
4820 48
4821 36
4822 11
4823 17
4824 69
4825 72
4826 58
4827 19
4828 64
4829 88
4830 81
4831 58
4832 13
4833 8
4834 30
4835 99
4836 30
4837 30
4838 12
4839 75
4840 21
4841 7
4842 8
4843 92
4844 94
4845 43
4846 11
4847 79
4848 31
4849 21
4850 98
4851 59
4852 52
4853 31
4854 75
4855 68
4856 76
4857 95
4858 47
4859 53
4860 40
4861 42
4862 19
4863 91
4864 52
4865 51
4866 7
4867 29
4868 45
4869 47
4870 78
4871 16
4872 13
4873 77
4874 35
4875 32
4876 87
4877 21
4878 60
4879 1
4880 38
4881 3
4882 3
4883 12
4884 92
4885 41
4886 22
4887 29
4888 47
4889 43
4890 64
4891 37
4892 1
4893 11
4894 73
4895 11
4896 85
4897 49
4898 40
4899 0
4900 83
4901 31
4902 2
4903 7
4904 75
4905 17
4906 27
4907 62
4908 41
4909 80
4910 18
4911 82
4912 59
4913 66
4914 60
4915 6
4916 28
4917 37
4918 7
4919 39
4920 31
4921 30
4922 56
4923 81
4924 48
4925 62
4926 64
4927 30
4928 62
4929 60
4930 80
4931 4
4932 15
4933 51
4934 13
4935 33
4936 81
4937 81
4938 20
4939 71
4940 81
4941 33
4942 80
4943 91
4944 20
4945 13
4946 28
4947 8
4948 12
4949 2
4950 99
4951 28
4952 47
4953 72
4954 40
4955 0
4956 26
4957 86
4958 81
4959 57
4960 39
4961 18
4962 70
4963 62
4964 80
4965 79
4966 91
4967 76
4968 72
4969 0
4970 30
4971 14
4972 11
4973 10
4974 57
4975 44
4976 52
4977 14
4978 4
4979 33
4980 28
4981 7
4982 0
4983 68
4984 45
4985 15
4986 47
4987 81
4988 39
4989 29
4990 35
4991 56
4992 15
4993 30
4994 77
4995 36
4996 59
4997 10
4998 29
4999 48
5000 31
5001 64
5002 55
5003 76
5004 66
5005 59
5006 66
5007 50
5008 38
5009 42
5010 79
5011 87
5012 93
5013 54
5014 85
5015 4
5016 80
5017 54
5018 79
5019 32
5020 28
5021 96
5022 9
5023 58
5024 57
5025 11
5026 85
5027 10
5028 84
5029 70
5030 56
5031 37
5032 94
5033 54
5034 89
5035 39
5036 84
5037 54
5038 32
5039 32
5040 56
5041 65
5042 8
5043 29
5044 42
5045 25
5046 70
5047 26
5048 90
5049 40
5050 34
5051 57
5052 92
5053 31
5054 21
5055 5
5056 41
5057 31
5058 76
5059 52
5060 80
5061 16
5062 18
5063 40
5064 14
5065 9
5066 64
5067 4
5068 14
5069 1
5070 7
5071 0
5072 61
5073 53
5074 98
5075 81
5076 59
5077 9
5078 28
5079 46
5080 92
5081 2
5082 57
5083 79
5084 92
5085 81
5086 45
5087 96
5088 84
5089 80
5090 22
5091 58
5092 37
5093 62
5094 29
5095 10
5096 11
5097 85
5098 34
5099 23
5100 41
5101 18
5102 24
5103 61
5104 24
5105 32
5106 62
5107 11
5108 99
5109 22
5110 9
5111 44
5112 74
5113 62
5114 98
5115 44
5116 60
5117 8
5118 47
5119 92
5120 21
5121 83
5122 40
5123 59
5124 28
5125 52
5126 93
5127 2
5128 83
5129 85
5130 55
5131 48
5132 61
5133 46
5134 12
5135 73
5136 63
5137 30
5138 14
5139 10
5140 89
5141 30
5142 27
5143 86
5144 62
5145 58
5146 27
5147 55
5148 80
5149 4
5150 17
5151 74
5152 20
5153 63
5154 48
5155 63
5156 92
5157 19
5158 56
5159 91
5160 36
5161 43
5162 45
5163 25
5164 91
5165 51
5166 88
5167 94
5168 67
5169 21
5170 47
5171 89
5172 86
5173 80
5174 91
5175 23
5176 65
5177 55
5178 33
5179 26
5180 70
5181 28
5182 59
5183 66
5184 57
5185 87
5186 43
5187 40
5188 47
5189 64
5190 7
5191 58
5192 45
5193 4
5194 40
5195 11
5196 75
5197 73
5198 8
5199 3
5200 22
5201 79
5202 4
5203 86
5204 26
5205 97
5206 23
5207 35
5208 89
5209 38
5210 36
5211 21
5212 29
5213 84
5214 27
5215 87
5216 99
5217 27
5218 55
5219 4
5220 14
5221 82
5222 89
5223 1
5224 55
5225 34
5226 10
5227 77
5228 89
5229 63
5230 83
5231 18
5232 78
5233 16
5234 92
5235 23
5236 21
5237 54
5238 93
5239 30
5240 75
5241 61
5242 77
5243 76
5244 78
5245 4
5246 28
5247 51
5248 48
5249 37
5250 95
5251 19
5252 16
5253 40
5254 51
5255 9
5256 38
5257 62
5258 10
5259 68
5260 23
5261 67
5262 14
5263 31
5264 89
5265 81
5266 39
5267 63
5268 81
5269 22
5270 66
5271 25
5272 98
5273 97
5274 59
5275 83
5276 45
5277 87
5278 57
5279 0
5280 21
5281 53
5282 53
5283 4
5284 92
5285 94
5286 45
5287 99
5288 53
5289 61
5290 91
5291 88
5292 17
5293 38
5294 80
5295 39
5296 83
5297 41
5298 54
5299 68
5300 80
5301 36
5302 84
5303 63
5304 90
5305 62
5306 17
5307 19
5308 2
5309 96
5310 99
5311 82
5312 86
5313 90
5314 47
5315 52
5316 3
5317 90
5318 79
5319 2
5320 16
5321 29
5322 53
5323 53
5324 41
5325 59
5326 41
5327 11
5328 51
5329 0
5330 59
5331 57
5332 54
5333 95
5334 10
5335 66
5336 89
5337 39
5338 81
5339 89
5340 13
5341 67
5342 91
5343 95
5344 14
5345 41
5346 93
5347 98
5348 2
5349 16
5350 84
5351 26
5352 70
5353 61
5354 43
5355 59
5356 23
5357 31
5358 93
5359 6
5360 43
5361 90
5362 76
5363 68
5364 1
5365 18
5366 9
5367 19
5368 53
5369 25
5370 79
5371 66
5372 17
5373 25
5374 16
5375 9
5376 18
5377 38
5378 95
5379 47
5380 62
5381 19
5382 20
5383 80
5384 14
5385 18
5386 41
5387 71
5388 59
5389 1
5390 82
5391 70
5392 46
5393 13
5394 8
5395 14
5396 71
5397 97
5398 99
5399 5
5400 14
5401 62
5402 76
5403 55
5404 53
5405 82
5406 27
5407 2
5408 23
5409 90
5410 13
5411 57
5412 52
5413 53
5414 86
5415 19
5416 30
5417 96
5418 2
5419 90
5420 84
5421 41
5422 64
5423 52
5424 84
5425 85
5426 78
5427 91
5428 34
5429 62
5430 47
5431 57
5432 14
5433 1
5434 56
5435 54
5436 39
5437 21
5438 80
5439 53
5440 40
5441 74
5442 44
5443 85
5444 27
5445 36
5446 64
5447 40
5448 87
5449 17
5450 72
5451 55
5452 33
5453 91
5454 39
5455 40
5456 44
5457 19
5458 46
5459 9
5460 7
5461 41
5462 71
5463 32
5464 88
5465 9
5466 32
5467 31
5468 56
5469 59
5470 61
5471 47
5472 66
5473 3
5474 20
5475 74
5476 94
5477 77
5478 84
5479 11
5480 26
5481 49
5482 12
5483 38
5484 85
5485 25
5486 76
5487 60
5488 57
5489 35
5490 76
5491 61
5492 41
5493 94
5494 76
5495 94
5496 83
5497 62
5498 66
5499 37
5500 37
5501 57
5502 59
5503 26
5504 23
5505 71
5506 98
5507 74
5508 79
5509 0
5510 58
5511 79
5512 19
5513 81
5514 35
5515 72
5516 68
5517 53
5518 65
5519 37
5520 79
5521 81
5522 45
5523 34
5524 29
5525 67
5526 27
5527 22
5528 57
5529 65
5530 39
5531 13
5532 12
5533 88
5534 37
5535 32
5536 83
5537 86
5538 27
5539 92
5540 11
5541 83
5542 58
5543 45
5544 96
5545 15
5546 50
5547 56
5548 60
5549 10
5550 97
5551 11
5552 32
5553 95
5554 99
5555 54
5556 97
5557 3
5558 62
5559 48
5560 77
5561 19
5562 19
5563 11
5564 17
5565 75
5566 19
5567 30
5568 13
5569 30
5570 21
5571 64
5572 57
5573 76
5574 24
5575 90
5576 19
5577 23
5578 78
5579 90
5580 57
5581 95
5582 40
5583 99
5584 84
5585 77
5586 88
5587 7
5588 68
5589 19
5590 87
5591 33
5592 28
5593 27
5594 31
5595 82
5596 79
5597 7
5598 7
5599 6
5600 43
5601 39
5602 80
5603 67
5604 58
5605 1
5606 99
5607 96
5608 27
5609 0
5610 92
5611 27
5612 7
5613 11
5614 51
5615 10
5616 99
5617 99
5618 52
5619 3
5620 53
5621 0
5622 65
5623 19
5624 41
5625 41
5626 56
5627 11
5628 66
5629 50
5630 36
5631 92
5632 40
5633 13
5634 88
5635 90
5636 71
5637 86
5638 36
5639 59
5640 30
5641 86
5642 50
5643 1
5644 48
5645 30
5646 28
5647 67
5648 41
5649 28
5650 0
5651 76
5652 94
5653 83
5654 20
5655 1
5656 9
5657 23
5658 52
5659 72
5660 11
5661 30
5662 7
5663 89
5664 15
5665 77
5666 28
5667 33
5668 87
5669 18
5670 28
5671 77
5672 43
5673 11
5674 13
5675 79
5676 63
5677 28
5678 16
5679 83
5680 10
5681 45
5682 15
5683 24
5684 64
5685 86
5686 60
5687 78
5688 57
5689 44
5690 99
5691 24
5692 19
5693 4
5694 90
5695 65
5696 8
5697 44
5698 11
5699 13
5700 82
5701 14
5702 31
5703 79
5704 52
5705 8
5706 43
5707 4
5708 87
5709 56
5710 2
5711 86
5712 30
5713 93
5714 4
5715 59
5716 69
5717 95
5718 62
5719 64
5720 55
5721 5
5722 42
5723 67
5724 73
5725 40
5726 25
5727 88
5728 63
5729 82
5730 81
5731 70
5732 69
5733 91
5734 51
5735 92
5736 25
5737 32
5738 93
5739 96
5740 88
5741 83
5742 26
5743 49
5744 70
5745 65
5746 87
5747 46
5748 89
5749 56
5750 72
5751 21
5752 55
5753 64
5754 90
5755 30
5756 80
5757 61
5758 18
5759 18
5760 53
5761 81
5762 13
5763 40
5764 23
5765 27
5766 79
5767 59
5768 93
5769 90
5770 0
5771 92
5772 52
5773 2
5774 11
5775 3
5776 12
5777 33
5778 92
5779 59
5780 75
5781 24
5782 76
5783 78
5784 82
5785 55
5786 14
5787 39
5788 57
5789 70
5790 61
5791 35
5792 93
5793 6
5794 68
5795 79
5796 80
5797 10
5798 27
5799 92
5800 18
5801 70
5802 95
5803 53
5804 99
5805 97
5806 44
5807 35
5808 10
5809 44
5810 65
5811 15
5812 4
5813 18
5814 16
5815 34
5816 77
5817 47
5818 25
5819 91
5820 28
5821 17
5822 62
5823 93
5824 0
5825 92
5826 58
5827 37
5828 94
5829 46
5830 89
5831 60
5832 20
5833 85
5834 80
5835 60
5836 47
5837 79
5838 28
5839 52
5840 48
5841 5
5842 25
5843 55
5844 83
5845 63
5846 61
5847 48
5848 33
5849 31
5850 37
5851 68
5852 29
5853 2
5854 50
5855 91
5856 94
5857 60
5858 36
5859 1
5860 38
5861 14
5862 4
5863 78
5864 19
5865 46
5866 61
5867 10
5868 91
5869 7
5870 64
5871 72
5872 35
5873 2
5874 42
5875 18
5876 45
5877 29
5878 7
5879 0
5880 23
5881 93
5882 38
5883 36
5884 92
5885 22
5886 78
5887 26
5888 45
5889 3
5890 99
5891 1
5892 30
5893 29
5894 13
5895 13
5896 82
5897 86
5898 24
5899 74
5900 36
5901 30
5902 90
5903 52
5904 77
5905 11
5906 64
5907 22
5908 81
5909 6
5910 58
5911 72
5912 42
5913 61
5914 78
5915 69
5916 8
5917 75
5918 14
5919 82
5920 93
5921 97
5922 76
5923 62
5924 36
5925 72
5926 73
5927 12
5928 0
5929 34
5930 3
5931 2
5932 85
5933 75
5934 92
5935 39
5936 83
5937 96
5938 77
5939 92
5940 23
5941 82
5942 6
5943 78
5944 62
5945 78
5946 39
5947 71
5948 50
5949 34
5950 22
5951 70
5952 58
5953 66
5954 91
5955 95
5956 97
5957 93
5958 81
5959 47
5960 83
5961 87
5962 7
5963 74
5964 97
5965 56
5966 72
5967 78
5968 72
5969 60
5970 62
5971 60
5972 33
5973 63
5974 80
5975 0
5976 51
5977 35
5978 35
5979 15
5980 14
5981 55
5982 8
5983 18
5984 4
5985 73
5986 36
5987 77
5988 47
5989 98
5990 81
5991 51
5992 51
5993 37
5994 47
5995 36
5996 49
5997 1
5998 6
5999 41
6000 33
6001 74
6002 15
6003 14
6004 83
6005 85
6006 46
6007 55
6008 34
6009 54
6010 65
6011 44
6012 74
6013 18
6014 72
6015 64
6016 78
6017 98
6018 13
6019 17
6020 84
6021 99
6022 29
6023 6
6024 45
6025 74
6026 64
6027 14
6028 72
6029 91
6030 75
6031 48
6032 76
6033 52
6034 16
6035 3
6036 72
6037 95
6038 20
6039 20
6040 49
6041 16
6042 64
6043 57
6044 26
6045 26
6046 43
6047 19
6048 69
6049 14
6050 7
6051 66
6052 55
6053 30
6054 61
6055 96
6056 96
6057 13
6058 56
6059 64
6060 34
6061 0
6062 20
6063 13
6064 40
6065 15
6066 48
6067 95
6068 82
6069 26
6070 77
6071 39
6072 50
6073 45
6074 21
6075 71
6076 89
6077 81
6078 31
6079 88
6080 24
6081 58
6082 70
6083 53
6084 1
6085 78
6086 25
6087 44
6088 90
6089 94
6090 74
6091 32
6092 7
6093 58
6094 96
6095 54
6096 94
6097 3
6098 31
6099 7
6100 19
6101 42
6102 43
6103 5
6104 41
6105 38
6106 70
6107 42
6108 32
6109 42
6110 66
6111 3
6112 51
6113 93
6114 54
6115 69
6116 65
6117 0
6118 15
6119 40
6120 37
6121 68
6122 26
6123 15
6124 12
6125 29
6126 7
6127 85
6128 76
6129 94
6130 73
6131 72
6132 54
6133 8
6134 34
6135 17
6136 18
6137 73
6138 80
6139 48
6140 14
6141 39
6142 61
6143 89
6144 38
6145 18
6146 79
6147 37
6148 18
6149 32
6150 68
6151 42
6152 29
6153 81
6154 21
6155 39
6156 82
6157 80
6158 88
6159 57
6160 76
6161 18
6162 80
6163 97
6164 2
6165 5
6166 83
6167 62
6168 95
6169 47
6170 92
6171 83
6172 27
6173 52
6174 6
6175 42
6176 3
6177 29
6178 54
6179 2
6180 76
6181 62
6182 36
6183 78
6184 36
6185 19
6186 3
6187 54
6188 99
6189 22
6190 79
6191 3
6192 41
6193 82
6194 9
6195 81
6196 37
6197 29
6198 87
6199 82
6200 43
6201 14
6202 4
6203 10
6204 6
6205 45
6206 88
6207 94
6208 82
6209 57
6210 0
6211 1
6212 86
6213 31
6214 1
6215 4
6216 68
6217 20
6218 72
6219 28
6220 87
6221 39
6222 25
6223 0
6224 27
6225 73
6226 22
6227 41
6228 71
6229 47
6230 79
6231 0
6232 67
6233 52
6234 88
6235 79
6236 15
6237 72
6238 89
6239 16
6240 66
6241 48
6242 82
6243 11
6244 96
6245 84
6246 44
6247 24
6248 32
6249 12
6250 25
6251 82
6252 71
6253 70
6254 57
6255 77
6256 15
6257 6
6258 14
6259 13
6260 54
6261 38
6262 67
6263 38
6264 91
6265 67
6266 67
6267 79
6268 14
6269 92
6270 93
6271 91
6272 90
6273 58
6274 40
6275 67
6276 11
6277 89
6278 21
6279 72
6280 81
6281 6
6282 65
6283 93
6284 83
6285 5
6286 67
6287 80
6288 84
6289 25
6290 3
6291 86
6292 36
6293 77
6294 62
6295 23
6296 59
6297 84
6298 96
6299 10
6300 25
6301 84
6302 24
6303 2
6304 26
6305 96
6306 88
6307 1
6308 55
6309 81
6310 18
6311 7
6312 61
6313 28
6314 90
6315 98
6316 30
6317 15
6318 95
6319 74
6320 38
6321 94
6322 79
6323 38
6324 71
6325 26
6326 4
6327 70
6328 66
6329 13
6330 59
6331 61
6332 66
6333 50
6334 19
6335 72
6336 32
6337 97
6338 31
6339 30
6340 52
6341 95
6342 95
6343 13
6344 15
6345 9
6346 6
6347 73
6348 7
6349 16
6350 72
6351 36
6352 66
6353 70
6354 5
6355 70
6356 44
6357 38
6358 67
6359 92
6360 77
6361 25
6362 96
6363 98
6364 82
6365 19
6366 68
6367 7
6368 41
6369 8
6370 44
6371 75
6372 53
6373 85
6374 24
6375 56
6376 24
6377 62
6378 99
6379 45
6380 2
6381 2
6382 52
6383 64
6384 46
6385 11
6386 99
6387 77
6388 57
6389 60
6390 75
6391 97
6392 71
6393 63
6394 31
6395 88
6396 43
6397 39
6398 32
6399 91
6400 65
6401 64
6402 38
6403 1
6404 75
6405 96
6406 87
6407 0
6408 62
6409 5
6410 60
6411 81
6412 68
6413 91
6414 3
6415 45
6416 47
6417 7
6418 62
6419 1
6420 99
6421 72
6422 50
6423 74
6424 87
6425 26
6426 9
6427 91
6428 94
6429 3
6430 62
6431 89
6432 60
6433 79
6434 18
6435 34
6436 2
6437 8
6438 44
6439 36
6440 68
6441 74
6442 6
6443 83
6444 95
6445 78
6446 27
6447 10
6448 63
6449 66
6450 14
6451 2
6452 70
6453 97
6454 23
6455 36
6456 25
6457 47
6458 79
6459 87
6460 99
6461 77
6462 23
6463 39
6464 70
6465 87
6466 67
6467 96
6468 3
6469 12
6470 78
6471 32
6472 28
6473 88
6474 39
6475 62
6476 25
6477 97
6478 68
6479 60
6480 90
6481 88
6482 23
6483 56
6484 95
6485 89
6486 42
6487 10
6488 78
6489 20
6490 44
6491 92
6492 65
6493 66
6494 6
6495 11
6496 26
6497 4
6498 95
6499 57
6500 28
6501 84
6502 53
6503 14
6504 2
6505 85
6506 25
6507 8
6508 39
6509 55
6510 58
6511 89
6512 64
6513 24
6514 29
6515 79
6516 56
6517 3
6518 21
6519 55
6520 41
6521 35
6522 27
6523 0
6524 64
6525 83
6526 87
6527 87
6528 93
6529 70
6530 66
6531 46
6532 84
6533 96
6534 25
6535 63
6536 22
6537 20
6538 2
6539 87
6540 29
6541 17
6542 35
6543 88
6544 82
6545 26
6546 43
6547 54
6548 96
6549 89
6550 98
6551 26
6552 3
6553 69
6554 89
6555 25
6556 66
6557 71
6558 59
6559 76
6560 20
6561 52
6562 91
6563 92
6564 60
6565 10
6566 64
6567 43
6568 13
6569 59
6570 73
6571 13
6572 94
6573 83
6574 34
6575 98
6576 92
6577 33
6578 80
6579 54
6580 77
6581 40
6582 59
6583 38
6584 20
6585 61
6586 18
6587 35
6588 72
6589 79
6590 20
6591 19
6592 31
6593 9
6594 9
6595 4
6596 40
6597 83
6598 27
6599 91
6600 79
6601 6
6602 85
6603 31
6604 61
6605 48
6606 64
6607 48
6608 86
6609 15
6610 93
6611 58
6612 70
6613 72
6614 62
6615 58
6616 36
6617 47
6618 88
6619 68
6620 12
6621 83
6622 58
6623 0
6624 28
6625 60
6626 55
6627 22
6628 89
6629 36
6630 88
6631 59
6632 20
6633 84
6634 29
6635 72
6636 74
6637 35
6638 6
6639 17
6640 61
6641 21
6642 48
6643 56
6644 12
6645 40
6646 26
6647 6
6648 37
6649 14
6650 18
6651 96
6652 3
6653 48
6654 8
6655 6
6656 26
6657 25
6658 94
6659 54
6660 2
6661 83
6662 7
6663 79
6664 32
6665 94
6666 31
6667 96
6668 59
6669 99
6670 25
6671 93
6672 92
6673 93
6674 87
6675 3
6676 90
6677 51
6678 66
6679 75
6680 62
6681 81
6682 31
6683 46
6684 6
6685 96
6686 62
6687 36
6688 94
6689 60
6690 56
6691 81
6692 14
6693 70
6694 75
6695 38
6696 90
6697 61
6698 70
6699 42
6700 35
6701 55
6702 1
6703 93
6704 85
6705 29
6706 84
6707 81
6708 66
6709 54
6710 86
6711 82
6712 89
6713 79
6714 27
6715 75
6716 44
6717 12
6718 44
6719 94
6720 95
6721 36
6722 1
6723 60
6724 43
6725 41
6726 93
6727 94
6728 90
6729 80
6730 53
6731 80
6732 45
6733 10
6734 84
6735 23
6736 88
6737 19
6738 23
6739 66
6740 97
6741 55
6742 75
6743 24
6744 10
6745 37
6746 77
6747 84
6748 7
6749 70
6750 75
6751 74
6752 61
6753 0
6754 91
6755 60
6756 81
6757 20
6758 2
6759 16
6760 81
6761 44
6762 70
6763 38
6764 64
6765 1
6766 53
6767 95
6768 58
6769 18
6770 36
6771 14
6772 14
6773 19
6774 55
6775 92
6776 45
6777 80
6778 80
6779 95
6780 26
6781 35
6782 90
6783 3
6784 36
6785 89
6786 58
6787 85
6788 86
6789 52
6790 84
6791 74
6792 1
6793 56
6794 2
6795 36
6796 51
6797 46
6798 84
6799 21
6800 96
6801 6
6802 2
6803 76
6804 82
6805 29
6806 57
6807 92
6808 1
6809 68
6810 67
6811 78
6812 99
6813 69
6814 51
6815 91
6816 17
6817 35
6818 5
6819 21
6820 31
6821 50
6822 37
6823 45
6824 87
6825 65
6826 80
6827 94
6828 17
6829 91
6830 43
6831 97
6832 92
6833 2
6834 21
6835 71
6836 26
6837 19
6838 57
6839 8
6840 60
6841 46
6842 37
6843 90
6844 81
6845 48
6846 80
6847 95
6848 82
6849 35
6850 32
6851 51
6852 67
6853 3
6854 22
6855 38
6856 31
6857 11
6858 0
6859 78
6860 13
6861 15
6862 56
6863 95
6864 69
6865 77
6866 40
6867 61
6868 23
6869 29
6870 40
6871 67
6872 22
6873 7
6874 13
6875 47
6876 24
6877 85
6878 2
6879 80
6880 41
6881 30
6882 35
6883 50
6884 87
6885 51
6886 84
6887 1
6888 21
6889 48
6890 27
6891 31
6892 69
6893 90
6894 32
6895 97
6896 86
6897 95
6898 80
6899 36
6900 56
6901 19
6902 25
6903 6
6904 79
6905 47
6906 71
6907 82
6908 46
6909 50
6910 57
6911 71
6912 48
6913 40
6914 97
6915 33
6916 55
6917 36
6918 34
6919 71
6920 6
6921 50
6922 83
6923 54
6924 30
6925 61
6926 3
6927 5
6928 94
6929 71
6930 34
6931 21
6932 37
6933 84
6934 64
6935 27
6936 38
6937 66
6938 33
6939 48
6940 68
6941 55
6942 27
6943 38
6944 41
6945 50
6946 22
6947 74
6948 27
6949 48
6950 34
6951 74
6952 89
6953 72
6954 33
6955 39
6956 61
6957 10
6958 8
6959 18
6960 39
6961 20
6962 68
6963 66
6964 56
6965 58
6966 81
6967 83
6968 76
6969 11
6970 82
6971 41
6972 67
6973 48
6974 64
6975 15
6976 35
6977 1
6978 31
6979 36
6980 42
6981 4
6982 75
6983 88
6984 85
6985 71
6986 66
6987 38
6988 97
6989 18
6990 37
6991 15
6992 55
6993 68
6994 6
6995 34
6996 20
6997 24
6998 23
6999 69
7000 26
7001 10
7002 98
7003 89
7004 10
7005 47
7006 2
7007 83
7008 12
7009 82
7010 93
7011 80
7012 51
7013 28
7014 0
7015 6
7016 8
7017 74
7018 7
7019 55
7020 1
7021 85
7022 92
7023 38
7024 22
7025 31
7026 91
7027 55
7028 16
7029 95
7030 92
7031 92
7032 34
7033 90
7034 25
7035 51
7036 82
7037 44
7038 83
7039 43
7040 8
7041 33
7042 42
7043 99
7044 83
7045 97
7046 3
7047 70
7048 86
7049 62
7050 81
7051 77
7052 22
7053 23
7054 93
7055 74
7056 9
7057 59
7058 45
7059 0
7060 75
7061 73
7062 94
7063 64
7064 43
7065 46
7066 71
7067 2
7068 72
7069 37
7070 53
7071 4
7072 80
7073 48
7074 63
7075 49
7076 68
7077 94
7078 46
7079 44
7080 36
7081 49
7082 62
7083 43
7084 53
7085 18
7086 6
7087 85
7088 59
7089 18
7090 8
7091 60
7092 83
7093 51
7094 86
7095 46
7096 8
7097 9
7098 77
7099 26
7100 72
7101 90
7102 25
7103 72
7104 72
7105 95
7106 95
7107 86
7108 14
7109 45
7110 63
7111 55
7112 45
7113 64
7114 9
7115 6
7116 79
7117 61
7118 99
7119 9
7120 53
7121 99
7122 83
7123 63
7124 22
7125 14
7126 68
7127 84
7128 30
7129 10
7130 78
7131 1
7132 75
7133 3
7134 16
7135 42
7136 93
7137 40
7138 96
7139 18
7140 10
7141 57
7142 23
7143 78
7144 27
7145 95
7146 29
7147 14
7148 46
7149 5
7150 94
7151 98
7152 85
7153 21
7154 40
7155 95
7156 82
7157 17
7158 16
7159 54
7160 48
7161 39
7162 33
7163 78
7164 54
7165 51
7166 43
7167 3
7168 55
7169 76
7170 47
7171 89
7172 62
7173 86
7174 47
7175 41
7176 26
7177 24
7178 72
7179 67
7180 3
7181 7
7182 66
7183 64
7184 99
7185 14
7186 63
7187 30
7188 63
7189 32
7190 40
7191 31
7192 44
7193 19
7194 52
7195 55
7196 58
7197 4
7198 79
7199 98
7200 10
7201 94
7202 59
7203 82
7204 45
7205 24
7206 7
7207 48
7208 82
7209 61
7210 8
7211 94
7212 56
7213 61
7214 4
7215 34
7216 63
7217 52
7218 72
7219 16
7220 50
7221 61
7222 64
7223 39
7224 14
7225 42
7226 65
7227 94
7228 68
7229 25
7230 17
7231 80
7232 47
7233 67
7234 85
7235 10
7236 56
7237 4
7238 0
7239 66
7240 53
7241 75
7242 92
7243 38
7244 0
7245 78
7246 68
7247 91
7248 6
7249 17
7250 16
7251 85
7252 70
7253 36
7254 44
7255 95
7256 33
7257 38
7258 25
7259 0
7260 66
7261 73
7262 97
7263 39
7264 37
7265 19
7266 23
7267 51
7268 16
7269 75
7270 17
7271 64
7272 1
7273 41
7274 27
7275 39
7276 75
7277 26
7278 95
7279 60
7280 35
7281 71
7282 43
7283 4
7284 35
7285 29
7286 96
7287 4
7288 64
7289 96
7290 3
7291 47
7292 77
7293 58
7294 87
7295 75
7296 8
7297 20
7298 55
7299 29
7300 73
7301 84
7302 16
7303 33
7304 92
7305 85
7306 15
7307 88
7308 3
7309 62
7310 71
7311 13
7312 45
7313 54
7314 10
7315 26
7316 15
7317 65
7318 36
7319 18
7320 23
7321 94
7322 23
7323 38
7324 12
7325 3
7326 90
7327 21
7328 13
7329 75
7330 0
7331 74
7332 32
7333 89
7334 1
7335 2
7336 93
7337 19
7338 13
7339 52
7340 72
7341 87
7342 43
7343 35
7344 8
7345 60
7346 82
7347 43
7348 45
7349 51
7350 28
7351 84
7352 96
7353 16
7354 15
7355 70
7356 68
7357 27
7358 48
7359 52
7360 65
7361 66
7362 18
7363 48
7364 70
7365 4
7366 72
7367 5
7368 12
7369 45
7370 14
7371 96
7372 75
7373 21
7374 99
7375 10
7376 32
7377 60
7378 25
7379 40
7380 13
7381 57
7382 74
7383 28
7384 50
7385 48
7386 77
7387 34
7388 2
7389 95
7390 5
7391 43
7392 32
7393 40
7394 63
7395 76
7396 40
7397 92
7398 94
7399 39
7400 2
7401 6
7402 99
7403 58
7404 0
7405 8
7406 82
7407 78
7408 23
7409 92
7410 0
7411 7
7412 15
7413 47
7414 83
7415 9
7416 51
7417 54
7418 58
7419 42
7420 16
7421 55
7422 2
7423 28
7424 10
7425 77
7426 84
7427 11
7428 27
7429 45
7430 86
7431 49
7432 15
7433 22
7434 31
7435 1
7436 4
7437 90
7438 84
7439 44
7440 80
7441 85
7442 81
7443 40
7444 13
7445 72
7446 18
7447 44
7448 53
7449 46
7450 63
7451 76
7452 36
7453 23
7454 79
7455 48
7456 41
7457 80
7458 96
7459 39
7460 13
7461 41
7462 20
7463 43
7464 7
7465 39
7466 67
7467 44
7468 36
7469 49
7470 35
7471 48
7472 84
7473 65
7474 58
7475 8
7476 15
7477 21
7478 41
7479 80
7480 92
7481 1
7482 4
7483 91
7484 31
7485 70
7486 97
7487 67
7488 33
7489 99
7490 77
7491 68
7492 9
7493 18
7494 48
7495 45
7496 50
7497 69
7498 22
7499 56
7500 68
7501 9
7502 1
7503 98
7504 13
7505 75
7506 20
7507 52
7508 20
7509 51
7510 36
7511 58
7512 16
7513 9
7514 84
7515 33
7516 33
7517 63
7518 60
7519 81
7520 65
7521 73
7522 1
7523 13
7524 85
7525 45
7526 45
7527 71
7528 1
7529 11
7530 24
7531 2
7532 63
7533 53
7534 41
7535 44
7536 72
7537 98
7538 19
7539 38
7540 6
7541 91
7542 63
7543 14
7544 24
7545 41
7546 98
7547 39
7548 3
7549 55
7550 9
7551 36
7552 26
7553 50
7554 93
7555 55
7556 71
7557 8
7558 71
7559 9
7560 37
7561 85
7562 27
7563 99
7564 91
7565 78
7566 90
7567 12
7568 93
7569 0
7570 39
7571 19
7572 26
7573 48
7574 14
7575 40
7576 61
7577 30
7578 56
7579 60
7580 44
7581 35
7582 97
7583 16
7584 7
7585 59
7586 16
7587 27
7588 56
7589 41
7590 59
7591 69
7592 93
7593 44
7594 78
7595 24
7596 22
7597 31
7598 15
7599 65
7600 84
7601 27
7602 68
7603 23
7604 51
7605 89
7606 89
7607 26
7608 35
7609 95
7610 51
7611 96
7612 48
7613 68
7614 35
7615 54
7616 11
7617 43
7618 92
7619 74
7620 15
7621 36
7622 29
7623 91
7624 13
7625 96
7626 59
7627 95
7628 1
7629 89
7630 8
7631 9
7632 62
7633 91
7634 50
7635 70
7636 54
7637 9
7638 85
7639 57
7640 15
7641 90
7642 67
7643 72
7644 40
7645 66
7646 0
7647 18
7648 79
7649 63
7650 9
7651 6
7652 12
7653 90
7654 96
7655 99
7656 73
7657 38
7658 79
7659 27
7660 5
7661 58
7662 57
7663 54
7664 95
7665 26
7666 27
7667 56
7668 88
7669 70
7670 65
7671 57
7672 29
7673 33
7674 12
7675 14
7676 44
7677 93
7678 59
7679 93
7680 93
7681 63
7682 46
7683 88
7684 67
7685 99
7686 0
7687 82
7688 92
7689 60
7690 82
7691 77
7692 85
7693 52
7694 73
7695 87
7696 54
7697 91
7698 98
7699 22
7700 14
7701 62
7702 28
7703 58
7704 27
7705 8
7706 89
7707 42
7708 63
7709 63
7710 47
7711 1
7712 67
7713 42
7714 90
7715 16
7716 5
7717 93
7718 18
7719 79
7720 17
7721 38
7722 45
7723 49
7724 63
7725 16
7726 73
7727 45
7728 26
7729 77
7730 53
7731 73
7732 91
7733 7
7734 27
7735 22
7736 16
7737 32
7738 84
7739 38
7740 24
7741 47
7742 8
7743 26
7744 72
7745 74
7746 78
7747 20
7748 96
7749 19
7750 31
7751 71
7752 48
7753 50
7754 29
7755 4
7756 12
7757 58
7758 21
7759 1
7760 86
7761 65
7762 0
7763 48
7764 3
7765 56
7766 13
7767 90
7768 33
7769 96
7770 69
7771 47
7772 25
7773 39
7774 78
7775 64
7776 62
7777 54
7778 64
7779 91
7780 65
7781 18
7782 9
7783 76
7784 60
7785 77
7786 28
7787 14
7788 44
7789 1
7790 35
7791 73
7792 87
7793 45
7794 85
7795 52
7796 51
7797 55
7798 75
7799 28
7800 13
7801 72
7802 37
7803 50
7804 71
7805 21
7806 72
7807 38
7808 36
7809 74
7810 49
7811 93
7812 57
7813 16
7814 86
7815 74
7816 67
7817 33
7818 98
7819 49
7820 17
7821 51
7822 2
7823 50
7824 36
7825 1
7826 52
7827 38
7828 63
7829 76
7830 22
7831 32
7832 39
7833 66
7834 45
7835 81
7836 43
7837 89
7838 53
7839 67
7840 42
7841 8
7842 80
7843 37
7844 89
7845 92
7846 24
7847 73
7848 58
7849 88
7850 17
7851 39
7852 86
7853 8
7854 53
7855 53
7856 70
7857 81
7858 26
7859 81
7860 36
7861 41
7862 32
7863 82
7864 44
7865 3
7866 40
7867 82
7868 34
7869 8
7870 48
7871 74
7872 58
7873 73
7874 17
7875 84
7876 90
7877 85
7878 22
7879 93
7880 77
7881 76
7882 53
7883 0
7884 6
7885 43
7886 7
7887 60
7888 87
7889 30
7890 68
7891 89
7892 85
7893 21
7894 97
7895 79
7896 93
7897 11
7898 14
7899 25
7900 67
7901 5
7902 3
7903 82
7904 47
7905 46
7906 29
7907 85
7908 44
7909 53
7910 66
7911 22
7912 19
7913 29
7914 79
7915 12
7916 74
7917 8
7918 99
7919 60
7920 62
7921 95
7922 59
7923 29
7924 26
7925 5
7926 61
7927 8
7928 59
7929 2
7930 39
7931 6
7932 33
7933 7
7934 95
7935 47
7936 61
7937 60
7938 77
7939 60
7940 2
7941 96
7942 59
7943 3
7944 0
7945 43
7946 85
7947 34
7948 86
7949 61
7950 49
7951 28
7952 82
7953 30
7954 38
7955 83
7956 58
7957 7
7958 9
7959 32
7960 97
7961 29
7962 31
7963 7
7964 77
7965 96
7966 37
7967 40
7968 44
7969 79
7970 12
7971 96
7972 6
7973 71
7974 87
7975 89
7976 6
7977 87
7978 34
7979 1
7980 77
7981 76
7982 96
7983 84
7984 83
7985 73
7986 45
7987 61
7988 18
7989 16
7990 81
7991 6
7992 60
7993 28
7994 52
7995 5
7996 85
7997 22
7998 45
7999 39
8000 6
8001 48
8002 8
8003 32
8004 30
8005 42
8006 32
8007 90
8008 63
8009 44
8010 8
8011 2
8012 33
8013 22
8014 67
8015 65
8016 86
8017 81
8018 24
8019 56
8020 72
8021 48
8022 52
8023 58
8024 2
8025 92
8026 25
8027 78
8028 73
8029 69
8030 94
8031 48
8032 51
8033 64
8034 92
8035 22
8036 70
8037 0
8038 76
8039 83
8040 15
8041 80
8042 94
8043 70
8044 14
8045 95
8046 0
8047 23
8048 39
8049 80
8050 76
8051 98
8052 71
8053 96
8054 18
8055 55
8056 48
8057 0
8058 60
8059 16
8060 51
8061 69
8062 82
8063 54
8064 56
8065 0
8066 89
8067 40
8068 13
8069 72
8070 13
8071 0
8072 41
8073 42
8074 72
8075 32
8076 79
8077 99
8078 56
8079 57
8080 31
8081 77
8082 16
8083 32
8084 42
8085 93
8086 80
8087 51
8088 38
8089 9
8090 64
8091 16
8092 0
8093 9
8094 61
8095 76
8096 64
8097 33
8098 56
8099 53
8100 7
8101 13
8102 11
8103 85
8104 63
8105 66
8106 43
8107 29
8108 19
8109 86
8110 72
8111 30
8112 90
8113 38
8114 77
8115 58
8116 91
8117 14
8118 77
8119 92
8120 36
8121 22
8122 76
8123 54
8124 16
8125 16
8126 45
8127 13
8128 19
8129 33
8130 40
8131 96
8132 75
8133 20
8134 22
8135 42
8136 35
8137 98
8138 41
8139 8
8140 60
8141 92
8142 80
8143 40
8144 72
8145 2
8146 56
8147 76
8148 17
8149 31
8150 74
8151 81
8152 67
8153 48
8154 95
8155 62
8156 98
8157 32
8158 43
8159 89
8160 58
8161 56
8162 21
8163 94
8164 82
8165 41
8166 9
8167 4
8168 23
8169 94
8170 8
8171 37
8172 58
8173 79
8174 10
8175 32
8176 31
8177 90
8178 20
8179 96
8180 44
8181 6
8182 39
8183 10
8184 20
8185 47
8186 27
8187 8
8188 40
8189 35
8190 33
8191 31
8192 42
8193 80
8194 11
8195 79
8196 55
8197 40
8198 20
8199 47
8200 24
8201 62
8202 14
8203 58
8204 35
8205 79
8206 5
8207 7
8208 53
8209 9
8210 86
8211 50
8212 33
8213 91
8214 3
8215 45
8216 86
8217 30
8218 77
8219 34
8220 72
8221 73
8222 50
8223 72
8224 73
8225 96
8226 63
8227 5
8228 83
8229 27
8230 32
8231 19
8232 98
8233 28
8234 17
8235 61
8236 11
8237 67
8238 10
8239 31
8240 32
8241 45
8242 68
8243 40
8244 62
8245 12
8246 70
8247 0
8248 74
8249 4
8250 72
8251 7
8252 31
8253 56
8254 82
8255 58
8256 27
8257 82
8258 91
8259 61
8260 79
8261 85
8262 91
8263 88
8264 70
8265 50
8266 44
8267 83
8268 3
8269 27
8270 79
8271 98
8272 37
8273 25
8274 55
8275 95
8276 68
8277 53
8278 28
8279 44
8280 43
8281 62
8282 2
8283 45
8284 48
8285 63
8286 70
8287 2
8288 1
8289 17
8290 65
8291 60
8292 94
8293 39
8294 55
8295 95
8296 85
8297 89
8298 61
8299 14
8300 89
8301 80
8302 90
8303 88
8304 21
8305 91
8306 61
8307 50
8308 18
8309 50
8310 22
8311 78
8312 50
8313 36
8314 26
8315 72
8316 25
8317 90
8318 61
8319 0
8320 81
8321 32
8322 43
8323 96
8324 2
8325 23
8326 65
8327 54
8328 34
8329 22
8330 11
8331 89
8332 4
8333 70
8334 80
8335 73
8336 43
8337 35
8338 26
8339 3
8340 67
8341 24
8342 29
8343 55
8344 61
8345 9
8346 84
8347 84
8348 92
8349 14
8350 82
8351 70
8352 63
8353 3
8354 46
8355 35
8356 55
8357 55
8358 96
8359 79
8360 56
8361 67
8362 71
8363 31
8364 19
8365 38
8366 30
8367 29
8368 3
8369 11
8370 72
8371 92
8372 92
8373 96
8374 87
8375 30
8376 26
8377 9
8378 60
8379 75
8380 62
8381 35
8382 60
8383 11
8384 97
8385 80
8386 49
8387 55
8388 91
8389 6
8390 73
8391 58
8392 35
8393 17
8394 99
8395 3
8396 33
8397 97
8398 8
8399 10
8400 54
8401 11
8402 20
8403 36
8404 5
8405 16
8406 39
8407 0
8408 94
8409 80
8410 52
8411 0
8412 28
8413 84
8414 62
8415 76
8416 8
8417 90
8418 37
8419 53
8420 1
8421 27
8422 60
8423 19
8424 25
8425 56
8426 18
8427 85
8428 96
8429 42
8430 21
8431 92
8432 34
8433 87
8434 47
8435 8
8436 8
8437 77
8438 40
8439 11
8440 86
8441 56
8442 60
8443 35
8444 89
8445 5
8446 15
8447 46
8448 22
8449 27
8450 66
8451 27
8452 4
8453 48
8454 6
8455 13
8456 96
8457 53
8458 67
8459 88
8460 39
8461 76
8462 83
8463 25
8464 91
8465 1
8466 31
8467 82
8468 59
8469 8
8470 33
8471 51
8472 35
8473 50
8474 36
8475 85
8476 37
8477 56
8478 25
8479 14
8480 81
8481 50
8482 32
8483 97
8484 29
8485 23
8486 10
8487 2
8488 20
8489 93
8490 85
8491 21
8492 4
8493 59
8494 24
8495 39
8496 73
8497 99
8498 78
8499 63
8500 50
8501 5
8502 92
8503 53
8504 72
8505 44
8506 15
8507 25
8508 1
8509 18
8510 96
8511 83
8512 57
8513 99
8514 40
8515 79
8516 32
8517 26
8518 33
8519 24
8520 15
8521 11
8522 16
8523 33
8524 36
8525 94
8526 84
8527 44
8528 51
8529 18
8530 59
8531 46
8532 55
8533 48
8534 67
8535 72
8536 4
8537 94
8538 30
8539 5
8540 72
8541 86
8542 39
8543 73
8544 52
8545 13
8546 47
8547 69
8548 18
8549 14
8550 96
8551 9
8552 8
8553 27
8554 40
8555 34
8556 52
8557 16
8558 61
8559 71
8560 52
8561 77
8562 27
8563 28
8564 76
8565 50
8566 78
8567 24
8568 83
8569 4
8570 15
8571 37
8572 74
8573 50
8574 42
8575 20
8576 5
8577 83
8578 78
8579 6
8580 96
8581 18
8582 30
8583 88
8584 63
8585 14
8586 19
8587 29
8588 98
8589 23
8590 72
8591 55
8592 9
8593 39
8594 78
8595 51
8596 64
8597 28
8598 40
8599 97
8600 85
8601 59
8602 75
8603 60
8604 61
8605 70
8606 29
8607 77
8608 29
8609 34
8610 83
8611 12
8612 42
8613 92
8614 23
8615 71
8616 8
8617 6
8618 11
8619 84
8620 4
8621 51
8622 76
8623 0
8624 82
8625 88
8626 93
8627 64
8628 90
8629 54
8630 39
8631 52
8632 48
8633 55
8634 39
8635 97
8636 39
8637 64
8638 53
8639 12
8640 60
8641 41
8642 25
8643 71
8644 30
8645 53
8646 51
8647 22
8648 82
8649 63
8650 38
8651 24
8652 48
8653 50
8654 39
8655 39
8656 28
8657 58
8658 7
8659 73
8660 10
8661 81
8662 37
8663 14
8664 12
8665 4
8666 80
8667 11
8668 2
8669 98
8670 40
8671 28
8672 33
8673 8
8674 87
8675 3
8676 64
8677 90
8678 50
8679 20
8680 85
8681 72
8682 7
8683 5
8684 35
8685 68
8686 13
8687 56
8688 20
8689 80
8690 9
8691 56
8692 53
8693 69
8694 62
8695 83
8696 57
8697 70
8698 83
8699 25
8700 44
8701 53
8702 10
8703 92
8704 83
8705 73
8706 27
8707 20
8708 49
8709 62
8710 92
8711 1
8712 56
8713 96
8714 11
8715 45
8716 62
8717 52
8718 51
8719 69
8720 0
8721 16
8722 52
8723 76
8724 26
8725 64
8726 30
8727 10
8728 75
8729 26
8730 82
8731 19
8732 84
8733 63
8734 38
8735 78
8736 79
8737 44
8738 79
8739 53
8740 92
8741 56
8742 5
8743 94
8744 1
8745 69
8746 6
8747 61
8748 96
8749 52
8750 38
8751 28
8752 90
8753 55
8754 70
8755 25
8756 20
8757 32
8758 95
8759 43
8760 39
8761 47
8762 9
8763 69
8764 38
8765 72
8766 65
8767 51
8768 37
8769 55
8770 26
8771 32
8772 87
8773 21
8774 52
8775 33
8776 52
8777 20
8778 11
8779 95
8780 69
8781 75
8782 57
8783 4
8784 93
8785 61
8786 62
8787 48
8788 73
8789 15
8790 90
8791 2
8792 15
8793 41
8794 23
8795 25
8796 75
8797 54
8798 97
8799 16
8800 9
8801 85
8802 72
8803 44
8804 39
8805 96
8806 78
8807 63
8808 17
8809 87
8810 3
8811 23
8812 86
8813 79
8814 69
8815 78
8816 40
8817 89
8818 15
8819 10
8820 35
8821 23
8822 51
8823 51
8824 58
8825 67
8826 83
8827 96
8828 91
8829 5
8830 75
8831 48
8832 52
8833 1
8834 73
8835 53
8836 91
8837 48
8838 84
8839 37
8840 76
8841 77
8842 84
8843 99
8844 93
8845 82
8846 68
8847 14
8848 39
8849 87
8850 4
8851 68
8852 73
8853 96
8854 43
8855 80
8856 31
8857 11
8858 5
8859 62
8860 20
8861 53
8862 57
8863 62
8864 28
8865 24
8866 40
8867 76
8868 41
8869 5
8870 98
8871 25
8872 53
8873 84
8874 60
8875 87
8876 63
8877 18
8878 46
8879 4
8880 71
8881 11
8882 55
8883 78
8884 85
8885 2
8886 67
8887 38
8888 48
8889 85
8890 21
8891 29
8892 86
8893 4
8894 42
8895 11
8896 48
8897 70
8898 22
8899 0
8900 45
8901 32
8902 62
8903 91
8904 23
8905 0
8906 35
8907 11
8908 7
8909 15
8910 74
8911 42
8912 75
8913 27
8914 57
8915 13
8916 87
8917 70
8918 35
8919 19
8920 80
8921 88
8922 45
8923 60
8924 30
8925 43
8926 86
8927 6
8928 5
8929 17
8930 12
8931 63
8932 64
8933 74
8934 81
8935 50
8936 99
8937 33
8938 76
8939 91
8940 30
8941 27
8942 92
8943 98
8944 47
8945 25
8946 48
8947 20
8948 21
8949 47
8950 0
8951 86
8952 98
8953 46
8954 77
8955 96
8956 45
8957 23
8958 15
8959 24
8960 30
8961 35
8962 15
8963 37
8964 91
8965 57
8966 90
8967 23
8968 17
8969 55
8970 85
8971 44
8972 51
8973 28
8974 32
8975 96
8976 33
8977 68
8978 21
8979 1
8980 11
8981 57
8982 82
8983 47
8984 6
8985 5
8986 87
8987 30
8988 73
8989 55
8990 15
8991 75
8992 62
8993 88
8994 60
8995 24
8996 6
8997 98
8998 52
8999 63
9000 95
9001 51
9002 52
9003 90
9004 20
9005 5
9006 7
9007 4
9008 86
9009 54
9010 17
9011 92
9012 35
9013 9
9014 78
9015 87
9016 79
9017 20
9018 41
9019 83
9020 45
9021 58
9022 60
9023 37
9024 24
9025 97
9026 62
9027 30
9028 5
9029 34
9030 66
9031 92
9032 65
9033 14
9034 98
9035 35
9036 23
9037 17
9038 32
9039 52
9040 9
9041 40
9042 31
9043 53
9044 70
9045 48
9046 2
9047 50
9048 29
9049 19
9050 33
9051 48
9052 53
9053 81
9054 94
9055 26
9056 67
9057 97
9058 28
9059 47
9060 10
9061 5
9062 73
9063 70
9064 14
9065 75
9066 30
9067 34
9068 88
9069 7
9070 23
9071 3
9072 3
9073 74
9074 29
9075 24
9076 53
9077 76
9078 84
9079 67
9080 83
9081 70
9082 58
9083 76
9084 66
9085 62
9086 70
9087 86
9088 46
9089 39
9090 5
9091 30
9092 15
9093 29
9094 61
9095 8
9096 31
9097 67
9098 41
9099 82
9100 1
9101 91
9102 51
9103 77
9104 59
9105 39
9106 80
9107 82
9108 57
9109 44
9110 19
9111 45
9112 22
9113 28
9114 74
9115 47
9116 39
9117 76
9118 6
9119 38
9120 41
9121 22
9122 81
9123 38
9124 25
9125 62
9126 10
9127 81
9128 16
9129 59
9130 10
9131 85
9132 14
9133 75
9134 40
9135 8
9136 44
9137 78
9138 14
9139 34
9140 5
9141 98
9142 84
9143 9
9144 8
9145 8
9146 83
9147 94
9148 65
9149 71
9150 72
9151 72
9152 51
9153 55
9154 64
9155 53
9156 15
9157 68
9158 13
9159 94
9160 90
9161 17
9162 20
9163 11
9164 5
9165 53
9166 85
9167 24
9168 99
9169 74
9170 71
9171 78
9172 22
9173 52
9174 56
9175 37
9176 41
9177 24
9178 85
9179 2
9180 88
9181 17
9182 84
9183 58
9184 84
9185 24
9186 5
9187 63
9188 61
9189 90
9190 63
9191 56
9192 81
9193 55
9194 35
9195 90
9196 8
9197 65
9198 17
9199 70
9200 45
9201 39
9202 20
9203 79
9204 55
9205 45
9206 85
9207 5
9208 4
9209 34
9210 73
9211 38
9212 92
9213 75
9214 51
9215 96
9216 8
9217 48
9218 49
9219 60
9220 6
9221 54
9222 91
9223 66
9224 74
9225 54
9226 56
9227 97
9228 17
9229 54
9230 55
9231 38
9232 92
9233 39
9234 0
9235 25
9236 36
9237 16
9238 39
9239 80
9240 62
9241 88
9242 8
9243 90
9244 99
9245 11
9246 15
9247 66
9248 31
9249 6
9250 32
9251 10
9252 52
9253 79
9254 50
9255 25
9256 95
9257 36
9258 69
9259 7
9260 74
9261 8
9262 23
9263 88
9264 71
9265 43
9266 41
9267 18
9268 57
9269 74
9270 94
9271 8
9272 26
9273 50
9274 79
9275 65
9276 64
9277 77
9278 2
9279 48
9280 85
9281 10
9282 73
9283 79
9284 61
9285 37
9286 75
9287 95
9288 53
9289 22
9290 33
9291 35
9292 52
9293 63
9294 48
9295 72
9296 62
9297 7
9298 82
9299 57
9300 79
9301 1
9302 6
9303 65
9304 94
9305 62
9306 65
9307 74
9308 26
9309 26
9310 22
9311 16
9312 65
9313 56
9314 0
9315 74
9316 63
9317 55
9318 55
9319 56
9320 96
9321 9
9322 19
9323 61
9324 3
9325 96
9326 47
9327 81
9328 17
9329 4
9330 76
9331 66
9332 4
9333 8
9334 39
9335 69
9336 58
9337 35
9338 15
9339 9
9340 85
9341 30
9342 99
9343 58
9344 21
9345 10
9346 21
9347 80
9348 69
9349 37
9350 15
9351 62
9352 87
9353 40
9354 69
9355 54
9356 54
9357 42
9358 59
9359 18
9360 86
9361 87
9362 3
9363 69
9364 79
9365 8
9366 50
9367 99
9368 41
9369 38
9370 42
9371 90
9372 17
9373 53
9374 31
9375 78
9376 84
9377 53
9378 44
9379 37
9380 71
9381 37
9382 57
9383 28
9384 86
9385 72
9386 9
9387 40
9388 18
9389 73
9390 0
9391 63
9392 67
9393 82
9394 31
9395 65
9396 74
9397 11
9398 86
9399 79
9400 39
9401 10
9402 17
9403 52
9404 84
9405 77
9406 7
9407 23
9408 99
9409 78
9410 31
9411 86
9412 85
9413 95
9414 90
9415 81
9416 38
9417 2
9418 73
9419 67
9420 41
9421 74
9422 25
9423 62
9424 46
9425 36
9426 98
9427 92
9428 51
9429 47
9430 7
9431 37
9432 94
9433 60
9434 75
9435 46
9436 36
9437 22
9438 9
9439 83
9440 88
9441 24
9442 60
9443 21
9444 12
9445 33
9446 2
9447 73
9448 2
9449 90
9450 52
9451 16
9452 67
9453 10
9454 83
9455 17
9456 81
9457 46
9458 60
9459 71
9460 49
9461 3
9462 34
9463 95
9464 85
9465 63
9466 59
9467 43
9468 17
9469 42
9470 56
9471 4
9472 49
9473 55
9474 72
9475 75
9476 92
9477 9
9478 59
9479 44
9480 59
9481 15
9482 99
9483 5
9484 92
9485 14
9486 89
9487 35
9488 57
9489 30
9490 15
9491 82
9492 31
9493 43
9494 76
9495 41
9496 8
9497 14
9498 68
9499 64
9500 6
9501 6
9502 33
9503 90
9504 79
9505 86
9506 84
9507 62
9508 30
9509 9
9510 81
9511 72
9512 64
9513 95
9514 15
9515 95
9516 21
9517 9
9518 10
9519 42
9520 28
9521 2
9522 80
9523 52
9524 91
9525 82
9526 45
9527 46
9528 50
9529 42
9530 58
9531 78
9532 98
9533 3
9534 52
9535 42
9536 11
9537 86
9538 51
9539 60
9540 91
9541 6
9542 91
9543 35
9544 48
9545 94
9546 56
9547 46
9548 75
9549 92
9550 92
9551 27
9552 4
9553 44
9554 79
9555 5
9556 24
9557 81
9558 6
9559 95
9560 28
9561 51
9562 3
9563 39
9564 57
9565 78
9566 35
9567 14
9568 20
9569 32
9570 53
9571 72
9572 72
9573 58
9574 66
9575 94
9576 78
9577 87
9578 40
9579 53
9580 67
9581 66
9582 30
9583 39
9584 27
9585 48
9586 80
9587 25
9588 0
9589 64
9590 56
9591 55
9592 59
9593 39
9594 24
9595 65
9596 29
9597 66
9598 23
9599 75
9600 97
9601 57
9602 67
9603 42
9604 26
9605 98
9606 3
9607 77
9608 35
9609 27
9610 44
9611 31
9612 77
9613 39
9614 80
9615 96
9616 10
9617 41
9618 76
9619 87
9620 53
9621 96
9622 85
9623 45
9624 82
9625 4
9626 97
9627 46
9628 59
9629 37
9630 30
9631 50
9632 14
9633 53
9634 26
9635 4
9636 99
9637 5
9638 40
9639 18
9640 10
9641 39
9642 38
9643 16
9644 37
9645 94
9646 99
9647 47
9648 93
9649 9
9650 74
9651 11
9652 10
9653 50
9654 55
9655 56
9656 87
9657 47
9658 50
9659 76
9660 72
9661 65
9662 79
9663 39
9664 6
9665 62
9666 69
9667 44
9668 41
9669 62
9670 55
9671 32
9672 36
9673 55
9674 70
9675 94
9676 83
9677 51
9678 99
9679 86
9680 9
9681 5
9682 91
9683 19
9684 77
9685 21
9686 4
9687 28
9688 86
9689 33
9690 45
9691 87
9692 55
9693 75
9694 21
9695 92
9696 83
9697 8
9698 56
9699 98
9700 88
9701 44
9702 33
9703 37
9704 32
9705 88
9706 97
9707 40
9708 41
9709 87
9710 98
9711 91
9712 62
9713 21
9714 47
9715 68
9716 83
9717 99
9718 8
9719 54
9720 84
9721 86
9722 68
9723 9
9724 69
9725 87
9726 91
9727 1
9728 60
9729 75
9730 63
9731 90
9732 40
9733 42
9734 9
9735 90
9736 99
9737 48
9738 84
9739 50
9740 89
9741 99
9742 49
9743 41
9744 71
9745 11
9746 44
9747 50
9748 40
9749 69
9750 46
9751 52
9752 75
9753 56
9754 6
9755 96
9756 96
9757 22
9758 36
9759 21
9760 0
9761 77
9762 27
9763 72
9764 80
9765 84
9766 26
9767 41
9768 5
9769 56
9770 25
9771 2
9772 7
9773 38
9774 34
9775 41
9776 47
9777 92
9778 51
9779 52
9780 95
9781 29
9782 98
9783 42
9784 61
9785 7
9786 50
9787 28
9788 79
9789 8
9790 88
9791 92
9792 99
9793 70
9794 67
9795 38
9796 82
9797 51
9798 80
9799 22
9800 54
9801 81
9802 85
9803 52
9804 32
9805 1
9806 23
9807 14
9808 41
9809 92
9810 97
9811 84
9812 92
9813 28
9814 14
9815 44
9816 10
9817 64
9818 15
9819 89
9820 21
9821 73
9822 34
9823 89
9824 46
9825 53
9826 72
9827 85
9828 16
9829 68
9830 80
9831 12
9832 87
9833 60
9834 37
9835 64
9836 17
9837 61
9838 60
9839 16
9840 47
9841 89
9842 25
9843 73
9844 23
9845 21
9846 95
9847 1
9848 9
9849 61
9850 28
9851 81
9852 22
9853 47
9854 66
9855 94
9856 10
9857 47
9858 90
9859 40
9860 50
9861 13
9862 8
9863 65
9864 39
9865 90
9866 17
9867 92
9868 79
9869 65
9870 60
9871 92
9872 54
9873 80
9874 92
9875 82
9876 44
9877 58
9878 4
9879 57
9880 3
9881 77
9882 38
9883 8
9884 15
9885 15
9886 28
9887 36
9888 85
9889 4
9890 17
9891 74
9892 14
9893 40
9894 78
9895 77
9896 51
9897 7
9898 10
9899 98
9900 46
9901 93
9902 31
9903 87
9904 40
9905 63
9906 60
9907 82
9908 64
9909 51
9910 23
9911 15
9912 5
9913 2
9914 44
9915 45
9916 67
9917 7
9918 14
9919 40
9920 50
9921 12
9922 76
9923 67
9924 27
9925 33
9926 18
9927 99
9928 45
9929 18
9930 99
9931 88
9932 66
9933 95
9934 82
9935 67
9936 35
9937 34
9938 74
9939 93
9940 9
9941 9
9942 89
9943 50
9944 99
9945 36
9946 89
9947 92
9948 89
9949 99
9950 28
9951 36
9952 88
9953 95
9954 35
9955 41
9956 82
9957 11
9958 18
9959 72
9960 2
9961 83
9962 67
9963 69
9964 8
9965 98
9966 67
9967 75
9968 44
9969 89
9970 45
9971 70
9972 71
9973 93
9974 56
9975 91
9976 90
9977 32
9978 36
9979 44
9980 4
9981 70
9982 89
9983 21
9984 92
9985 33
9986 10
9987 11
9988 83
9989 93
9990 62
9991 83
9992 89
9993 69
9994 80
9995 71
9996 59
9997 31
9998 37
9999 60
10000 76
10001 86
10002 16
10003 54
10004 27
10005 50
10006 25
10007 6
10008 18
10009 86
10010 53
10011 69
10012 54
10013 11
10014 57
10015 59
10016 94
10017 69
10018 58
10019 47
10020 24
10021 52
10022 46
10023 5
10024 96
10025 37
10026 18
10027 28
10028 30
10029 74
10030 55
10031 46
10032 77
10033 63
10034 52
10035 41
10036 73
10037 13
10038 94
10039 74
10040 12
10041 18
10042 1
10043 13
10044 63
10045 39
10046 92
10047 7
10048 41
10049 51
10050 15
10051 8
10052 39
10053 3
10054 0
10055 58
10056 10
10057 29
10058 78
10059 36
10060 54
10061 90
10062 40
10063 30
10064 66
10065 92
10066 8
10067 66
10068 91
10069 35
10070 67
10071 38
10072 12
10073 22
10074 17
10075 70
10076 83
10077 5
10078 55
10079 42
10080 33
10081 75
10082 55
10083 56
10084 60
10085 34
10086 2
10087 20
10088 56
10089 53
10090 84
10091 3
10092 17
10093 6
10094 55
10095 36
10096 95
10097 6
10098 42
10099 80
10100 37
10101 97
10102 25
10103 71
10104 91
10105 20
10106 50
10107 91
10108 56
10109 20
10110 68
10111 84
10112 44
10113 26
10114 82
10115 36
10116 68
10117 88
10118 41
10119 90
10120 20
10121 72
10122 11
10123 13
10124 89
10125 75
10126 98
10127 36
10128 98
10129 13
10130 63
10131 40
10132 33
10133 70
10134 35
10135 18
10136 3
10137 2
10138 14
10139 78
10140 86
10141 86
10142 54
10143 56
10144 80
10145 69
10146 96
10147 16
10148 22
10149 82
10150 6
10151 73
10152 72
10153 35
10154 79
10155 67
10156 39
10157 82
10158 95
10159 22
10160 30
10161 64
10162 61
10163 15
10164 70
10165 88
10166 28
10167 67
10168 69
10169 7
10170 69
10171 58
10172 53
10173 34
10174 44
10175 59
10176 88
10177 23
10178 44
10179 31
10180 46
10181 93
10182 12
10183 48
10184 96
10185 70
10186 12
10187 54
10188 72
10189 57
10190 87
10191 61
10192 29
10193 48
10194 86
10195 53
10196 27
10197 43
10198 10
10199 60
10200 39
10201 50
10202 84
10203 77
10204 48
10205 78
10206 55
10207 22
10208 79
10209 83
10210 77
10211 39
10212 58
10213 16
10214 43
10215 84
10216 94
10217 13
10218 48
10219 55
10220 35
10221 96
10222 7
10223 45
10224 31
10225 47
10226 76
10227 33
10228 67
10229 65
10230 72
10231 68
10232 11
10233 73
10234 27
10235 50
10236 83
10237 29
10238 17
10239 71
10240 89
10241 58
10242 54
10243 38
10244 83
10245 7
10246 22
10247 81
10248 30
10249 88
10250 58
10251 5
10252 10
10253 76
10254 41
10255 48
10256 50
10257 89
10258 33
10259 48
10260 57
10261 59
10262 62
10263 56
10264 45
10265 21
10266 87
10267 84
10268 12
10269 25
10270 75
10271 9
10272 91
10273 61
10274 47
10275 80
10276 55
10277 63
10278 66
10279 2
10280 13
10281 33
10282 28
10283 29
10284 52
10285 15
10286 50
10287 79
10288 69
10289 74
10290 66
10291 79
10292 8
10293 31
10294 8
10295 58
10296 48
10297 78
10298 77
10299 67
10300 51
10301 87
10302 8
10303 56
10304 39
10305 43
10306 76
10307 46
10308 54
10309 69
10310 44
10311 57
10312 39
10313 60
10314 83
10315 11
10316 28
10317 60
10318 14
10319 16
10320 68
10321 72
10322 61
10323 27
10324 37
10325 55
10326 6
10327 35
10328 43
10329 59
10330 96
10331 26
10332 55
10333 17
10334 11
10335 56
10336 70
10337 47
10338 12
10339 11
10340 28
10341 55
10342 55
10343 90
10344 26
10345 73
10346 31
10347 58
10348 88
10349 8
10350 0
10351 7
10352 23
10353 71
10354 93
10355 36
10356 90
10357 19
10358 58
10359 17
10360 80
10361 75
10362 18
10363 94
10364 1
10365 6
10366 74
10367 32
10368 92
10369 22
10370 0
10371 56
10372 83
10373 77
10374 17
10375 69
10376 44
10377 41
10378 16
10379 83
10380 51
10381 34
10382 87
10383 84
10384 22
10385 10
10386 13
10387 89
10388 58
10389 15
10390 8
10391 80
10392 3
10393 5
10394 19
10395 47
10396 0
10397 91
10398 73
10399 59
10400 59
10401 56
10402 22
10403 89
10404 6
10405 95
10406 29
10407 73
10408 18
10409 94
10410 38
10411 0
10412 83
10413 37
10414 89
10415 34
10416 38
10417 41
10418 50
10419 17
10420 78
10421 58
10422 75
10423 48
10424 52
10425 69
10426 27
10427 71
10428 58
10429 75
10430 9
10431 71
10432 62
10433 46
10434 99
10435 36
10436 3
10437 99
10438 15
10439 19
10440 97
10441 4
10442 5
10443 96
10444 53
10445 16
10446 71
10447 16
10448 5
10449 72
10450 38
10451 58
10452 9
10453 85
10454 43
10455 53
10456 51
10457 36
10458 39
10459 95
10460 90
10461 24
10462 33
10463 3
10464 92
10465 81
10466 5
10467 40
10468 79
10469 98
10470 85
10471 60
10472 91
10473 56
10474 64
10475 93
10476 23
10477 26
10478 13
10479 5
10480 8
10481 48
10482 46
10483 60
10484 55
10485 27
10486 86
10487 9
10488 44
10489 53
10490 55
10491 50
10492 7
10493 68
10494 55
10495 33
10496 53
10497 30
10498 63
10499 97
10500 83
10501 43
10502 51
10503 85
10504 11
10505 66
10506 15
10507 7
10508 77
10509 71
10510 8
10511 82
10512 58
10513 59
10514 79
10515 63
10516 43
10517 51
10518 9
10519 56
10520 98
10521 3
10522 11
10523 18
10524 42
10525 69
10526 23
10527 29
10528 30
10529 48
10530 59
10531 22
10532 90
10533 5
10534 89
10535 41
10536 93
10537 70
10538 16
10539 75
10540 65
10541 22
10542 75
10543 38
10544 98
10545 41
10546 81
10547 90
10548 47
10549 10
10550 15
10551 59
10552 54
10553 96
10554 12
10555 90
10556 52
10557 28
10558 79
10559 77
10560 27
10561 7
10562 16
10563 44
10564 92
10565 47
10566 69
10567 37
10568 85
10569 7
10570 41
10571 94
10572 33
10573 17
10574 26
10575 55
10576 90
10577 40
10578 12
10579 55
10580 23
10581 24
10582 96
10583 78
10584 34
10585 72
10586 17
10587 88
10588 69
10589 11
10590 72
10591 73
10592 86
10593 39
10594 73
10595 23
10596 14
10597 50
10598 44
10599 70
10600 9
10601 77
10602 37
10603 23
10604 23
10605 86
10606 39
10607 77
10608 74
10609 40
10610 5
10611 11
10612 36
10613 27
10614 54
10615 72
10616 94
10617 37
10618 72
10619 28
10620 41
10621 82
10622 98
10623 89
10624 70
10625 42
10626 94
10627 77
10628 54
10629 95
10630 61
10631 90
10632 93
10633 65
10634 18
10635 62
10636 61
10637 25
10638 64
10639 24
10640 55
10641 4
10642 75
10643 48
10644 57
10645 24
10646 42
10647 29
10648 22
10649 67
10650 73
10651 25
10652 1
10653 2
10654 41
10655 97
10656 4
10657 69
10658 34
10659 16
10660 27
10661 17
10662 88
10663 47
10664 44
10665 73
10666 0
10667 94
10668 30
10669 4
10670 7
10671 32
10672 26
10673 13
10674 93
10675 14
10676 83
10677 32
10678 98
10679 26
10680 39
10681 5
10682 87
10683 0
10684 94
10685 88
10686 44
10687 32
10688 77
10689 96
10690 55
10691 41
10692 83
10693 53
10694 99
10695 11
10696 21
10697 23
10698 54
10699 47
10700 87
10701 47
10702 80
10703 84
10704 15
10705 88
10706 85
10707 36
10708 27
10709 76
10710 87
10711 62
10712 49
10713 20
10714 47
10715 59
10716 92
10717 1
10718 36
10719 17
10720 6
10721 74
10722 81
10723 43
10724 64
10725 32
10726 84
10727 93
10728 88
10729 98
10730 11
10731 25
10732 7
10733 90
10734 58
10735 7
10736 8
10737 8
10738 80
10739 78
10740 41
10741 30
10742 46
10743 32
10744 70
10745 70
10746 17
10747 40
10748 22
10749 69
10750 56
10751 37
10752 47
10753 62
10754 88
10755 8
10756 21
10757 53
10758 74
10759 67
10760 35
10761 75
10762 57
10763 78
10764 64
10765 18
10766 94
10767 80
10768 79
10769 25
10770 4
10771 63
10772 92
10773 24
10774 8
10775 24
10776 73
10777 96
10778 55
10779 37
10780 22
10781 20
10782 92
10783 70
10784 96
10785 40
10786 23
10787 13
10788 98
10789 17
10790 60
10791 27
10792 53
10793 36
10794 93
10795 4
10796 95
10797 41
10798 52
10799 4
10800 87
10801 18
10802 69
10803 70
10804 57
10805 76
10806 1
10807 59
10808 14
10809 39
10810 3
10811 90
10812 55
10813 66
10814 64
10815 2
10816 85
10817 76
10818 86
10819 86
10820 8
10821 73
10822 64
10823 3
10824 52
10825 69
10826 61
10827 93
10828 73
10829 74
10830 31
10831 30
10832 79
10833 40
10834 7
10835 27
10836 67
10837 21
10838 32
10839 91
10840 73
10841 81
10842 77
10843 42
10844 78
10845 86
10846 10
10847 78
10848 58
10849 26
10850 12
10851 36
10852 38
10853 75
10854 39
10855 7
10856 14
10857 31
10858 84
10859 91
10860 1
10861 64
10862 60
10863 11
10864 14
10865 24
10866 18
10867 35
10868 96
10869 28
10870 72
10871 14
10872 49
10873 16
10874 25
10875 38
10876 41
10877 61
10878 13
10879 60
10880 45
10881 89
10882 86
10883 7
10884 36
10885 27
10886 33
10887 54
10888 12
10889 84
10890 44
10891 71
10892 35
10893 35
10894 84
10895 10
10896 13
10897 99
10898 3
10899 76
10900 72
10901 81
10902 22
10903 67
10904 50
10905 3
10906 74
10907 25
10908 10
10909 92
10910 68
10911 91
10912 87
10913 35
10914 45
10915 93
10916 45
10917 19
10918 58
10919 21
10920 36
10921 34
10922 46
10923 94
10924 33
10925 50
10926 92
10927 4
10928 47
10929 8
10930 69
10931 54
10932 67
10933 92
10934 6
10935 61
10936 5
10937 78
10938 94
10939 28
10940 34
10941 61
10942 43
10943 10
10944 76
10945 31
10946 97
10947 59
10948 57
10949 19
10950 16
10951 95
10952 0
10953 43
10954 17
10955 6
10956 26
10957 0
10958 47
10959 82
10960 52
10961 50
10962 42
10963 27
10964 97
10965 60
10966 54
10967 10
10968 36
10969 30
10970 89
10971 59
10972 80
10973 51
10974 15
10975 44
10976 71
10977 86
10978 68
10979 51
10980 39
10981 67
10982 38
10983 52
10984 69
10985 43
10986 74
10987 42
10988 63
10989 83
10990 88
10991 41
10992 58
10993 55
10994 37
10995 70
10996 66
10997 82
10998 80
10999 17
11000 8
11001 64
11002 42
11003 92
11004 27
11005 55
11006 90
11007 51
11008 19
11009 18
11010 20
11011 72
11012 89
11013 27
11014 35
11015 26
11016 89
11017 11
11018 58
11019 19
11020 99
11021 7
11022 29
11023 62
11024 17
11025 58
11026 7
11027 12
11028 17
11029 84
11030 82
11031 52
11032 96
11033 52
11034 19
11035 47
11036 2
11037 50
11038 86
11039 64
11040 84
11041 56
11042 42
11043 53
11044 11
11045 56
11046 93
11047 33
11048 75
11049 31
11050 96
11051 83
11052 32
11053 25
11054 11
11055 8
11056 13
11057 15
11058 84
11059 49
11060 0
11061 12
11062 68
11063 40
11064 66
11065 47
11066 48
11067 50
11068 13
11069 21
11070 24
11071 0
11072 76
11073 52
11074 29
11075 39
11076 38
11077 78
11078 90
11079 0
11080 18
11081 98
11082 38
11083 94
11084 55
11085 78
11086 88
11087 28
11088 23
11089 36
11090 19
11091 35
11092 40
11093 59
11094 38
11095 52
11096 23
11097 49
11098 2
11099 89
11100 34
11101 87
11102 40
11103 6
11104 89
11105 34
11106 32
11107 10
11108 18
11109 48
11110 16
11111 95
11112 38
11113 20
11114 14
11115 23
11116 78
11117 14
11118 2
11119 58
11120 97
11121 14
11122 40
11123 15
11124 47
11125 23
11126 93
11127 5
11128 95
11129 84
11130 85
11131 56
11132 20
11133 17
11134 17
11135 15
11136 62
11137 93
11138 18
11139 50
11140 25
11141 13
11142 54
11143 76
11144 82
11145 44
11146 37
11147 48
11148 31
11149 37
11150 16
11151 50
11152 22
11153 11
11154 17
11155 45
11156 96
11157 67
11158 52
11159 66
11160 27
11161 28
11162 3
11163 26
11164 7
11165 1
11166 90
11167 74
11168 66
11169 17
11170 7
11171 38
11172 28
11173 88
11174 78
11175 78
11176 19
11177 57
11178 31
11179 55
11180 4
11181 28
11182 85
11183 54
11184 68
11185 0
11186 1
11187 34
11188 75
11189 74
11190 31
11191 87
11192 24
11193 43
11194 89
11195 77
11196 69
11197 78
11198 84
11199 39
11200 50
11201 49
11202 72
11203 63
11204 97
11205 68
11206 81
11207 67
11208 32
11209 63
11210 40
11211 86
11212 31
11213 99
11214 35
11215 87
11216 94
11217 66
11218 4
11219 69
11220 72
11221 95
11222 15
11223 1
11224 41
11225 67
11226 17
11227 4
11228 22
11229 77
11230 30
11231 4
11232 76
11233 78
11234 54
11235 78
11236 76
11237 60
11238 11
11239 91
11240 55
11241 61
11242 39
11243 75
11244 50
11245 1
11246 74
11247 3
11248 42
11249 81
11250 3
11251 94
11252 13
11253 62
11254 26
11255 50
11256 45
11257 62
11258 63
11259 78
11260 23
11261 6
11262 68
11263 72
11264 44
11265 33
11266 21
11267 78
11268 72
11269 38
11270 17
11271 91
11272 71
11273 54
11274 37
11275 14
11276 74
11277 82
11278 5
11279 30
11280 22
11281 68
11282 24
11283 92
11284 81
11285 74
11286 5
11287 87
11288 5
11289 61
11290 2
11291 33
11292 26
11293 92
11294 60
11295 82
11296 97
11297 18
11298 62
11299 72
11300 1
11301 41
11302 3
11303 64
11304 21
11305 61
11306 67
11307 63
11308 67
11309 47
11310 60
11311 60
11312 55
11313 27
11314 96
11315 76
11316 86
11317 12
11318 26
11319 93
11320 64
11321 38
11322 24
11323 59
11324 61
11325 5
11326 87
11327 91
11328 5
11329 56
11330 96
11331 0
11332 40
11333 85
11334 73
11335 58
11336 78
11337 69
11338 10
11339 3
11340 1
11341 12
11342 26
11343 76
11344 70
11345 57
11346 8
11347 45
11348 36
11349 37
11350 0
11351 59
11352 6
11353 56
11354 40
11355 44
11356 44
11357 97
11358 42
11359 10
11360 99
11361 47
11362 83
11363 76
11364 25
11365 29
11366 41
11367 92
11368 74
11369 26
11370 26
11371 6
11372 87
11373 45
11374 77
11375 0
11376 39
11377 56
11378 63
11379 20
11380 73
11381 31
11382 3
11383 80
11384 76
11385 27
11386 75
11387 37
11388 18
11389 33
11390 90
11391 45
11392 69
11393 60
11394 4
11395 21
11396 31
11397 38
11398 67
11399 45
11400 63
11401 99
11402 69
11403 53
11404 5
11405 28
11406 29
11407 39
11408 92
11409 22
11410 73
11411 35
11412 52
11413 80
11414 90
11415 19
11416 72
11417 29
11418 54
11419 58
11420 20
11421 12
11422 33
11423 14
11424 70
11425 22
11426 5
11427 58
11428 15
11429 79
11430 46
11431 56
11432 59
11433 44
11434 92
11435 97
11436 47
11437 79
11438 89
11439 50
11440 38
11441 46
11442 92
11443 41
11444 93
11445 73
11446 93
11447 51
11448 30
11449 3
11450 11
11451 95
11452 30
11453 3
11454 80
11455 7
11456 71
11457 55
11458 61
11459 75
11460 45
11461 85
11462 53
11463 16
11464 70
11465 57
11466 17
11467 19
11468 6
11469 13
11470 92
11471 79
11472 39
11473 86
11474 11
11475 76
11476 15
11477 81
11478 71
11479 40
11480 97
11481 99
11482 40
11483 20
11484 6
11485 16
11486 46
11487 19
11488 27
11489 72
11490 11
11491 94
11492 83
11493 8
11494 2
11495 9
11496 69
11497 87
11498 81
11499 84
11500 39
11501 3
11502 44
11503 6
11504 16
11505 99
11506 74
11507 70
11508 63
11509 57
11510 29
11511 15
11512 69
11513 75
11514 17
11515 69
11516 79
11517 27
11518 58
11519 82
11520 30
11521 41
11522 6
11523 58
11524 80
11525 36
11526 51
11527 13
11528 49
11529 64
11530 16
11531 45
11532 87
11533 21
11534 15
11535 90
11536 57
11537 56
11538 68
11539 95
11540 90
11541 61
11542 35
11543 38
11544 15
11545 42
11546 78
11547 3
11548 80
11549 19
11550 59
11551 34
11552 57
11553 92
11554 74
11555 11
11556 80
11557 88
11558 54
11559 11
11560 15
11561 51
11562 19
11563 20
11564 10
11565 1
11566 54
11567 5
11568 77
11569 72
11570 57
11571 58
11572 33
11573 21
11574 32
11575 6
11576 4
11577 77
11578 60
11579 47
11580 21
11581 91
11582 46
11583 81
11584 98
11585 72
11586 86
11587 55
11588 37
11589 43
11590 40
11591 3
11592 1
11593 34
11594 21
11595 71
11596 93
11597 88
11598 36
11599 12
11600 74
11601 93
11602 48
11603 23
11604 90
11605 81
11606 87
11607 13
11608 65
11609 87
11610 36
11611 59
11612 47
11613 52
11614 50
11615 54
11616 83
11617 44
11618 23
11619 11
11620 73
11621 87
11622 16
11623 44
11624 74
11625 71
11626 57
11627 48
11628 75
11629 6
11630 32
11631 25
11632 70
11633 86
11634 95
11635 15
11636 89
11637 62
11638 75
11639 85
11640 8
11641 98
11642 19
11643 43
11644 47
11645 21
11646 13
11647 87
11648 79
11649 17
11650 9
11651 68
11652 10
11653 80
11654 72
11655 57
11656 76
11657 25
11658 12
11659 93
11660 61
11661 15
11662 32
11663 6
11664 97
11665 90
11666 94
11667 11
11668 50
11669 33
11670 60
11671 61
11672 60
11673 19
11674 95
11675 73
11676 64
11677 28
11678 79
11679 39
11680 42
11681 34
11682 81
11683 10
11684 0
11685 85
11686 57
11687 33
11688 48
11689 59
11690 55
11691 35
11692 64
11693 66
11694 54
11695 99
11696 85
11697 69
11698 4
11699 93
11700 27
11701 55
11702 18
11703 76
11704 53
11705 4
11706 14
11707 97
11708 57
11709 95
11710 29
11711 88
11712 97
11713 47
11714 27
11715 76
11716 6
11717 27
11718 14
11719 6
11720 10
11721 59
11722 47
11723 38
11724 12
11725 34
11726 72
11727 0
11728 58
11729 14
11730 70
11731 45
11732 6
11733 45
11734 80
11735 43
11736 14
11737 51
11738 37
11739 14
11740 35
11741 78
11742 62
11743 39
11744 15
11745 28
11746 39
11747 4
11748 34
11749 40
11750 50
11751 0
11752 74
11753 16
11754 84
11755 15
11756 77
11757 45
11758 16
11759 14
11760 53
11761 64
11762 70
11763 82
11764 98
11765 51
11766 4
11767 92
11768 46
11769 40
11770 69
11771 36
11772 15
11773 18
11774 16
11775 57
11776 99
11777 69
11778 72
11779 74
11780 27
11781 73
11782 0
11783 52
11784 98
11785 23
11786 99
11787 14
11788 82
11789 64
11790 70
11791 43
11792 68
11793 85
11794 93
11795 52
11796 30
11797 57
11798 53
11799 41
11800 35
11801 52
11802 19
11803 12
11804 45
11805 77
11806 33
11807 24
11808 93
11809 3
11810 14
11811 22
11812 32
11813 1
11814 4
11815 46
11816 14
11817 99
11818 31
11819 42
11820 3
11821 83
11822 62
11823 9
11824 18
11825 4
11826 91
11827 98
11828 25
11829 54
11830 74
11831 90
11832 45
11833 3
11834 19
11835 59
11836 51
11837 42
11838 18
11839 60
11840 83
11841 72
11842 39
11843 88
11844 0
11845 58
11846 40
11847 55
11848 16
11849 27
11850 87
11851 5
11852 19
11853 88
11854 83
11855 49
11856 10
11857 3
11858 63
11859 92
11860 94
11861 49
11862 2
11863 11
11864 2
11865 10
11866 15
11867 48
11868 70
11869 58
11870 67
11871 72
11872 3
11873 77
11874 75
11875 10
11876 84
11877 23
11878 67
11879 81
11880 45
11881 39
11882 28
11883 6
11884 15
11885 29
11886 74
11887 21
11888 34
11889 73
11890 6
11891 97
11892 20
11893 84
11894 63
11895 32
11896 40
11897 27
11898 38
11899 18
11900 14
11901 90
11902 34
11903 21
11904 68
11905 87
11906 30
11907 54
11908 14
11909 42
11910 66
11911 7
11912 19
11913 18
11914 26
11915 90
11916 79
11917 4
11918 66
11919 25
11920 85
11921 27
11922 30
11923 36
11924 88
11925 89
11926 70
11927 65
11928 32
11929 6
11930 95
11931 83
11932 40
11933 1
11934 56
11935 47
11936 94
11937 80
11938 12
11939 66
11940 43
11941 26
11942 55
11943 8
11944 67
11945 62
11946 39
11947 66
11948 12
11949 90
11950 23
11951 67
11952 46
11953 22
11954 15
11955 83
11956 35
11957 91
11958 72
11959 0
11960 55
11961 93
11962 44
11963 2
11964 96
11965 32
11966 43
11967 66
11968 12
11969 44
11970 36
11971 80
11972 3
11973 53
11974 44
11975 21
11976 77
11977 55
11978 28
11979 6
11980 17
11981 70
11982 58
11983 52
11984 82
11985 4
11986 97
11987 87
11988 73
11989 44
11990 90
11991 36
11992 24
11993 93
11994 15
11995 79
11996 86
11997 11
11998 53
11999 57
12000 31
12001 86
12002 35
12003 98
12004 68
12005 48
12006 63
12007 84
12008 27
12009 13
12010 57
12011 50
12012 24
12013 21
12014 10
12015 72
12016 0
12017 76
12018 24
12019 28
12020 63
12021 31
12022 20
12023 93
12024 94
12025 0
12026 9
12027 64
12028 49
12029 2
12030 28
12031 10
12032 56
12033 15
12034 85
12035 4
12036 54
12037 18
12038 31
12039 37
12040 90
12041 22
12042 25
12043 7
12044 14
12045 92
12046 81
12047 65
12048 2
12049 54
12050 58
12051 91
12052 54
12053 22
12054 10
12055 69
12056 5
12057 32
12058 59
12059 45
12060 19
12061 49
12062 25
12063 86
12064 47
12065 9
12066 46
12067 47
12068 29
12069 72
12070 81
12071 85
12072 37
12073 90
12074 94
12075 47
12076 36
12077 13
12078 10
12079 4
12080 89
12081 2
12082 89
12083 75
12084 68
12085 34
12086 78
12087 7
12088 75
12089 2
12090 85
12091 21
12092 92
12093 69
12094 11
12095 79
12096 37
12097 28
12098 66
12099 3
12100 67
12101 54
12102 54
12103 42
12104 71
12105 2
12106 81
12107 24
12108 21
12109 4
12110 4
12111 98
12112 5
12113 9
12114 28
12115 1
12116 70
12117 57
12118 21
12119 7
12120 51
12121 33
12122 70
12123 91
12124 78
12125 96
12126 27
12127 96
12128 85
12129 42
12130 73
12131 83
12132 87
12133 13
12134 32
12135 51
12136 63
12137 5
12138 61
12139 67
12140 54
12141 72
12142 87
12143 11
12144 7
12145 78
12146 97
12147 56
12148 53
12149 34
12150 58
12151 47
12152 79
12153 71
12154 57
12155 25
12156 9
12157 9
12158 52
12159 93
12160 51
12161 1
12162 41
12163 2
12164 68
12165 30
12166 17
12167 87
12168 96
12169 57
12170 99
12171 28
12172 11
12173 96
12174 40
12175 44
12176 39
12177 83
12178 8
12179 67
12180 60
12181 45
12182 0
12183 20
12184 98
12185 8
12186 62
12187 98
12188 61
12189 35
12190 94
12191 60
12192 0
12193 8
12194 85
12195 50
12196 60
12197 65
12198 78
12199 64
12200 46
12201 70
12202 55
12203 83
12204 90
12205 88
12206 12
12207 75
12208 63
12209 45
12210 84
12211 59
12212 62
12213 38
12214 41
12215 94
12216 81
12217 77
12218 58
12219 46
12220 35
12221 90
12222 13
12223 20
12224 20
12225 88
12226 97
12227 31
12228 67
12229 8
12230 34
12231 30
12232 1
12233 92
12234 50
12235 99
12236 23
12237 94
12238 27
12239 62
12240 79
12241 17
12242 94
12243 3
12244 80
12245 67
12246 29
12247 19
12248 13
12249 21
12250 95
12251 25
12252 58
12253 83
12254 18
12255 73
12256 32
12257 53
12258 51
12259 68
12260 8
12261 32
12262 70
12263 58
12264 24
12265 31
12266 9
12267 37
12268 61
12269 16
12270 13
12271 91
12272 38
12273 73
12274 10
12275 47
12276 22
12277 18
12278 62
12279 23
12280 26
12281 6
12282 7
12283 82
12284 0
12285 59
12286 9
12287 16
12288 63
12289 97
12290 23
12291 74
12292 17
12293 6
12294 33
12295 50
12296 35
12297 26
12298 45
12299 35
12300 97
12301 50
12302 42
12303 97
12304 66
12305 1
12306 31
12307 38
12308 96
12309 95
12310 12
12311 66
12312 3
12313 65
12314 98
12315 26
12316 5
12317 38
12318 38
12319 47
12320 19
12321 79
12322 28
12323 27
12324 47
12325 68
12326 27
12327 81
12328 4
12329 68
12330 21
12331 31
12332 93
12333 85
12334 89
12335 40
12336 95
12337 86
12338 87
12339 88
12340 37
12341 1
12342 59
12343 38
12344 10
12345 98
12346 18
12347 76
12348 13
12349 75
12350 10
12351 63
12352 59
12353 33
12354 73
12355 24
12356 61
12357 34
12358 59
12359 64
12360 16
12361 84
12362 15
12363 25
12364 13
12365 19
12366 63
12367 97
12368 81
12369 4
12370 60
12371 66
12372 49
12373 7
12374 4
12375 14
12376 2
12377 48
12378 96
12379 11
12380 18
12381 20
12382 99
12383 36
12384 87
12385 54
12386 29
12387 38
12388 58
12389 2
12390 42
12391 30
12392 21
12393 30
12394 33
12395 84
12396 28
12397 90
12398 54
12399 58
12400 19
12401 61
12402 32
12403 20
12404 43
12405 51
12406 81
12407 1
12408 14
12409 78
12410 27
12411 77
12412 24
12413 88
12414 18
12415 15
12416 55
12417 12
12418 50
12419 61
12420 70
12421 94
12422 96
12423 72
12424 44
12425 31
12426 73
12427 21
12428 50
12429 52
12430 36
12431 88
12432 21
12433 12
12434 23
12435 14
12436 67
12437 61
12438 28
12439 77
12440 7
12441 98
12442 42
12443 7
12444 64
12445 10
12446 53
12447 42
12448 42
12449 66
12450 86
12451 69
12452 95
12453 77
12454 0
12455 91
12456 71
12457 23
12458 0
12459 27
12460 67
12461 14
12462 88
12463 28
12464 63
12465 81
12466 10
12467 88
12468 32
12469 8
12470 29
12471 16
12472 9
12473 10
12474 3
12475 98
12476 49
12477 39
12478 30
12479 98
12480 15
12481 78
12482 75
12483 85
12484 60
12485 88
12486 44
12487 81
12488 82
12489 71
12490 32
12491 67
12492 19
12493 35
12494 30
12495 94
12496 23
12497 54
12498 52
12499 38
12500 40
12501 89
12502 46
12503 36
12504 87
12505 14
12506 48
12507 58
12508 1
12509 42
12510 40
12511 84
12512 74
12513 70
12514 29
12515 44
12516 31
12517 1
12518 5
12519 52
12520 35
12521 26
12522 12
12523 4
12524 69
12525 61
12526 71
12527 19
12528 29
12529 90
12530 10
12531 87
12532 95
12533 93
12534 82
12535 3
12536 74
12537 5
12538 5
12539 14
12540 61
12541 0
12542 72
12543 42
12544 61
12545 93
12546 15
12547 46
12548 32
12549 93
12550 19
12551 71
12552 72
12553 54
12554 74
12555 71
12556 36
12557 97
12558 17
12559 14
12560 16
12561 90
12562 13
12563 1
12564 5
12565 76
12566 98
12567 90
12568 10
12569 2
12570 61
12571 48
12572 53
12573 77
12574 32
12575 16
12576 68
12577 24
12578 84
12579 1
12580 29
12581 28
12582 53
12583 47
12584 71
12585 64
12586 20
12587 96
12588 99
12589 91
12590 90
12591 13
12592 62
12593 72
12594 32
12595 26
12596 97
12597 62
12598 95
12599 58
12600 55
12601 93
12602 55
12603 75
12604 53
12605 75
12606 81
12607 25
12608 39
12609 65
12610 93
12611 21
12612 82
12613 17
12614 2
12615 51
12616 16
12617 33
12618 14
12619 16
12620 3
12621 76
12622 53
12623 13
12624 40
12625 76
12626 62
12627 21
12628 93
12629 70
12630 82
12631 70
12632 7
12633 0
12634 96
12635 55
12636 6
12637 58
12638 3
12639 58
12640 69
12641 51
12642 88
12643 68
12644 28
12645 15
12646 84
12647 94
12648 63
12649 69
12650 27
12651 78
12652 75
12653 83
12654 68
12655 13
12656 82
12657 86
12658 72
12659 12
12660 51
12661 55
12662 48
12663 0
12664 78
12665 19
12666 70
12667 97
12668 20
12669 82
12670 66
12671 67
12672 13
12673 19
12674 20
12675 22
12676 69
12677 90
12678 43
12679 32
12680 90
12681 71
12682 30
12683 8
12684 30
12685 65
12686 36
12687 56
12688 91
12689 48
12690 46
12691 71
12692 62
12693 20
12694 17
12695 74
12696 67
12697 78
12698 85
12699 22
12700 42
12701 72
12702 64
12703 17
12704 35
12705 33
12706 27
12707 96
12708 98
12709 17
12710 11
12711 24
12712 44
12713 57
12714 15
12715 95
12716 53
12717 52
12718 9
12719 93
12720 34
12721 82
12722 92
12723 3
12724 96
12725 75
12726 88
12727 98
12728 13
12729 37
12730 6
12731 70
12732 83
12733 75
12734 46
12735 44
12736 58
12737 30
12738 93
12739 70
12740 88
12741 7
12742 7
12743 60
12744 39
12745 46
12746 15
12747 13
12748 48
12749 19
12750 92
12751 61
12752 22
12753 69
12754 77
12755 97
12756 72
12757 31
12758 77
12759 63
12760 18
12761 20
12762 61
12763 47
12764 66
12765 45
12766 10
12767 67
12768 42
12769 5
12770 19
12771 9
12772 19
12773 13
12774 82
12775 73
12776 80
12777 95
12778 0
12779 53
12780 71
12781 94
12782 32
12783 75
12784 65
12785 30
12786 29
12787 82
12788 24
12789 14
12790 45
12791 56
12792 21
12793 2
12794 14
12795 67
12796 10
12797 12
12798 53
12799 25
12800 0
12801 44
12802 95
12803 74
12804 28
12805 58
12806 15
12807 28
12808 89
12809 80
12810 3
12811 89
12812 81
12813 52
12814 26
12815 83
12816 13
12817 71
12818 56
12819 64
12820 9
12821 65
12822 71
12823 17
12824 77
12825 77
12826 87
12827 3
12828 9
12829 32
12830 69
12831 40
12832 15
12833 39
12834 94
12835 45
12836 73
12837 69
12838 3
12839 21
12840 20
12841 90
12842 30
12843 19
12844 46
12845 72
12846 16
12847 6
12848 97
12849 47
12850 61
12851 94
12852 24
12853 90
12854 27
12855 95
12856 46
12857 57
12858 76
12859 28
12860 57
12861 92
12862 52
12863 76
12864 35
12865 98
12866 19
12867 55
12868 97
12869 70
12870 40
12871 19
12872 72
12873 54
12874 58
12875 56
12876 57
12877 79
12878 44
12879 27
12880 30
12881 12
12882 43
12883 69
12884 71
12885 78
12886 38
12887 79
12888 91
12889 2
12890 62
12891 98
12892 40
12893 19
12894 76
12895 14
12896 75
12897 5
12898 22
12899 0
12900 26
12901 7
12902 0
12903 57
12904 80
12905 73
12906 60
12907 96
12908 23
12909 86
12910 30
12911 15
12912 13
12913 81
12914 69
12915 87
12916 28
12917 89
12918 89
12919 58
12920 18
12921 28
12922 12
12923 55
12924 80
12925 43
12926 52
12927 74
12928 26
12929 90
12930 71
12931 17
12932 16
12933 54
12934 42
12935 6
12936 74
12937 30
12938 55
12939 50
12940 88
12941 27
12942 48
12943 85
12944 73
12945 92
12946 11
12947 25
12948 31
12949 86
12950 87
12951 23
12952 11
12953 77
12954 7
12955 10
12956 0
12957 88
12958 7
12959 88
12960 69
12961 93
12962 96
12963 18
12964 55
12965 6
12966 82
12967 44
12968 61
12969 63
12970 29
12971 39
12972 56
12973 89
12974 8
12975 25
12976 61
12977 20
12978 73
12979 0
12980 73
12981 65
12982 37
12983 2
12984 65
12985 1
12986 50
12987 48
12988 27
12989 80
12990 0
12991 89
12992 24
12993 61
12994 4
12995 13
12996 32
12997 99
12998 31
12999 33
13000 59
13001 50
13002 29
13003 36
13004 14
13005 83
13006 21
13007 12
13008 90
13009 18
13010 31
13011 95
13012 29
13013 28
13014 13
13015 64
13016 37
13017 13
13018 5
13019 30
13020 9
13021 93
13022 50
13023 84
13024 62
13025 82
13026 96
13027 67
13028 18
13029 1
13030 76
13031 5
13032 32
13033 75
13034 32
13035 81
13036 99
13037 38
13038 25
13039 90
13040 21
13041 51
13042 70
13043 33
13044 4
13045 52
13046 55
13047 5
13048 32
13049 61
13050 81
13051 88
13052 36
13053 56
13054 25
13055 98
13056 20
13057 76
13058 55
13059 13
13060 10
13061 66
13062 0
13063 88
13064 31
13065 15
13066 0
13067 80
13068 77
13069 2
13070 31
13071 37
13072 54
13073 51
13074 56
13075 78
13076 53
13077 7
13078 39
13079 80
13080 14
13081 54
13082 13
13083 54
13084 41
13085 8
13086 63
13087 2
13088 59
13089 61
13090 5
13091 94
13092 10
13093 95
13094 33
13095 16
13096 41
13097 76
13098 69
13099 94
13100 96
13101 15
13102 68
13103 5
13104 56
13105 84
13106 93
13107 56
13108 74
13109 72
13110 51
13111 29
13112 92
13113 36
13114 54
13115 40
13116 42
13117 71
13118 78
13119 28
13120 83
13121 75
13122 94
13123 31
13124 31
13125 22
13126 85
13127 40
13128 30
13129 62
13130 39
13131 86
13132 33
13133 78
13134 89
13135 57
13136 99
13137 45
13138 88
13139 73
13140 87
13141 55
13142 75
13143 72
13144 55
13145 18
13146 73
13147 52
13148 96
13149 8
13150 69
13151 57
13152 74
13153 8
13154 45
13155 77
13156 34
13157 20
13158 36
13159 30
13160 36
13161 44
13162 25
13163 99
13164 81
13165 97
13166 81
13167 74
13168 0
13169 20
13170 16
13171 37
13172 14
13173 11
13174 59
13175 11
13176 91
13177 46
13178 42
13179 96
13180 27
13181 86
13182 63
13183 22
13184 89
13185 8
13186 3
13187 66
13188 21
13189 26
13190 10
13191 12
13192 25
13193 79
13194 6
13195 10
13196 52
13197 44
13198 80
13199 80
13200 10
13201 76
13202 63
13203 72
13204 72
13205 69
13206 59
13207 11
13208 13
13209 41
13210 87
13211 8
13212 38
13213 13
13214 76
13215 0
13216 99
13217 99
13218 85
13219 68
13220 26
13221 67
13222 64
13223 8
13224 53
13225 80
13226 29
13227 57
13228 41
13229 32
13230 37
13231 69
13232 6
13233 90
13234 1
13235 53
13236 24
13237 93
13238 91
13239 71
13240 20
13241 59
13242 35
13243 81
13244 10
13245 5
13246 74
13247 41
13248 17
13249 41
13250 44
13251 7
13252 55
13253 14
13254 35
13255 32
13256 88
13257 19
13258 20
13259 80
13260 41
13261 84
13262 89
13263 70
13264 68
13265 33
13266 47
13267 75
13268 61
13269 10
13270 59
13271 24
13272 97
13273 2
13274 39
13275 26
13276 10
13277 80
13278 60
13279 61
13280 94
13281 77
13282 80
13283 48
13284 35
13285 68
13286 83
13287 48
13288 43
13289 73
13290 86
13291 26
13292 60
13293 13
13294 78
13295 31
13296 9
13297 82
13298 63
13299 86
13300 82
13301 66
13302 1
13303 4
13304 57
13305 10
13306 36
13307 82
13308 89
13309 4
13310 86
13311 38
13312 95
13313 79
13314 48
13315 60
13316 79
13317 5
13318 17
13319 57
13320 7
13321 97
13322 37
13323 46
13324 83
13325 97
13326 63
13327 89
13328 97
13329 11
13330 1
13331 80
13332 2
13333 38
13334 77
13335 64
13336 60
13337 43
13338 84
13339 47
13340 42
13341 99
13342 9
13343 0
13344 10
13345 57
13346 64
13347 62
13348 6
13349 84
13350 68
13351 80
13352 53
13353 92
13354 73
13355 82
13356 46
13357 23
13358 77
13359 28
13360 87
13361 87
13362 44
13363 80
13364 12
13365 31
13366 73
13367 14
13368 50
13369 64
13370 53
13371 97
13372 16
13373 35
13374 48
13375 11
13376 51
13377 29
13378 90
13379 36
13380 70
13381 30
13382 72
13383 25
13384 68
13385 51
13386 25
13387 43
13388 66
13389 62
13390 10
13391 25
13392 59
13393 34
13394 19
13395 80
13396 16
13397 27
13398 33
13399 8
13400 65
13401 51
13402 4
13403 94
13404 6
13405 22
13406 88
13407 72
13408 15
13409 13
13410 88
13411 27
13412 16
13413 71
13414 69
13415 6
13416 90
13417 18
13418 94
13419 12
13420 34
13421 49
13422 60
13423 26
13424 51
13425 2
13426 21
13427 5
13428 91
13429 14
13430 58
13431 28
13432 5
13433 52
13434 41
13435 73
13436 48
13437 77
13438 4
13439 70
13440 98
13441 34
13442 33
13443 10
13444 47
13445 64
13446 45
13447 90
13448 19
13449 27
13450 56
13451 44
13452 33
13453 89
13454 77
13455 57
13456 56
13457 15
13458 41
13459 4
13460 0
13461 60
13462 76
13463 89
13464 1
13465 5
13466 60
13467 71
13468 80
13469 33
13470 94
13471 1
13472 48
13473 68
13474 60
13475 45
13476 97
13477 85
13478 31
13479 44
13480 41
13481 22
13482 18
13483 34
13484 25
13485 94
13486 89
13487 50
13488 86
13489 52
13490 77
13491 22
13492 36
13493 10
13494 91
13495 0
13496 85
13497 84
13498 83
13499 82
13500 23
13501 5
13502 79
13503 66
13504 24
13505 80
13506 72
13507 3
13508 27
13509 30
13510 88
13511 3
13512 99
13513 98
13514 22
13515 6
13516 10
13517 75
13518 16
13519 53
13520 30
13521 42
13522 8
13523 97
13524 84
13525 57
13526 91
13527 68
13528 0
13529 6
13530 35
13531 22
13532 33
13533 6
13534 76
13535 80
13536 22
13537 12
13538 8
13539 59
13540 83
13541 19
13542 96
13543 86
13544 25
13545 26
13546 44
13547 57
13548 60
13549 89
13550 8
13551 63
13552 51
13553 6
13554 8
13555 51
13556 47
13557 71
13558 29
13559 40
13560 46
13561 12
13562 87
13563 55
13564 64
13565 5
13566 79
13567 19
13568 80
13569 44
13570 36
13571 78
13572 42
13573 27
13574 31
13575 20
13576 3
13577 92
13578 53
13579 7
13580 61
13581 55
13582 81
13583 75
13584 21
13585 75
13586 14
13587 64
13588 15
13589 4
13590 37
13591 38
13592 31
13593 89
13594 26
13595 46
13596 45
13597 25
13598 99
13599 64
13600 21
13601 56
13602 80
13603 28
13604 92
13605 89
13606 44
13607 20
13608 33
13609 11
13610 52
13611 90
13612 23
13613 71
13614 40
13615 68
13616 97
13617 29
13618 44
13619 29
13620 78
13621 52
13622 95
13623 21
13624 61
13625 38
13626 96
13627 59
13628 82
13629 59
13630 15
13631 51
13632 35
13633 53
13634 68
13635 9
13636 88
13637 72
13638 33
13639 4
13640 40
13641 56
13642 89
13643 45
13644 99
13645 12
13646 67
13647 67
13648 5
13649 56
13650 76
13651 12
13652 46
13653 74
13654 7
13655 16
13656 40
13657 31
13658 73
13659 11
13660 20
13661 78
13662 90
13663 90
13664 93
13665 81
13666 59
13667 52
13668 59
13669 69
13670 4
13671 12
13672 27
13673 59
13674 10
13675 45
13676 77
13677 21
13678 18
13679 26
13680 32
13681 16
13682 41
13683 17
13684 82
13685 85
13686 57
13687 11
13688 4
13689 2
13690 69
13691 51
13692 74
13693 63
13694 71
13695 89
13696 59
13697 37
13698 7
13699 97
13700 12
13701 44
13702 8
13703 50
13704 53
13705 29
13706 82
13707 28
13708 91
13709 74
13710 48
13711 94
13712 99
13713 25
13714 0
13715 13
13716 3
13717 58
13718 74
13719 49
13720 95
13721 53
13722 29
13723 69
13724 23
13725 71
13726 58
13727 48
13728 25
13729 85
13730 26
13731 77
13732 20
13733 69
13734 82
13735 19
13736 69
13737 94
13738 16
13739 73
13740 61
13741 62
13742 72
13743 38
13744 5
13745 21
13746 47
13747 11
13748 99
13749 75
13750 58
13751 88
13752 1
13753 7
13754 89
13755 20
13756 32
13757 10
13758 75
13759 35
13760 4
13761 75
13762 13
13763 95
13764 37
13765 57
13766 81
13767 81
13768 62
13769 80
13770 26
13771 65
13772 16
13773 97
13774 41
13775 90
13776 97
13777 85
13778 94
13779 11
13780 25
13781 15
13782 72
13783 3
13784 34
13785 37
13786 78
13787 90
13788 85
13789 30
13790 49
13791 28
13792 46
13793 40
13794 13
13795 82
13796 88
13797 0
13798 46
13799 16
13800 78
13801 23
13802 91
13803 56
13804 38
13805 16
13806 82
13807 87
13808 6
13809 11
13810 34
13811 10
13812 12
13813 61
13814 99
13815 62
13816 41
13817 3
13818 97
13819 66
13820 81
13821 32
13822 86
13823 74
13824 81
13825 37
13826 67
13827 94
13828 25
13829 18
13830 84
13831 55
13832 61
13833 5
13834 95
13835 28
13836 42
13837 96
13838 37
13839 74
13840 32
13841 6
13842 29
13843 25
13844 35
13845 72
13846 28
13847 78
13848 76
13849 30
13850 95
13851 36
13852 14
13853 13
13854 70
13855 60
13856 33
13857 32
13858 93
13859 34
13860 40
13861 93
13862 82
13863 46
13864 95
13865 88
13866 34
13867 99
13868 88
13869 56
13870 2
13871 46
13872 37
13873 51
13874 70
13875 2
13876 23
13877 68
13878 91
13879 38
13880 57
13881 20
13882 45
13883 74
13884 13
13885 62
13886 14
13887 19
13888 2
13889 5
13890 24
13891 27
13892 68
13893 75
13894 56
13895 70
13896 40
13897 66
13898 6
13899 33
13900 32
13901 37
13902 65
13903 92
13904 47
13905 33
13906 0
13907 68
13908 67
13909 5
13910 76
13911 41
13912 91
13913 75
13914 23
13915 73
13916 41
13917 82
13918 73
13919 51
13920 87
13921 97
13922 50
13923 44
13924 77
13925 21
13926 97
13927 72
13928 73
13929 63
13930 17
13931 23
13932 90
13933 22
13934 92
13935 16
13936 66
13937 78
13938 9
13939 2
13940 66
13941 95
13942 10
13943 2
13944 84
13945 41
13946 1
13947 85
13948 87
13949 57
13950 24
13951 94
13952 98
13953 40
13954 71
13955 52
13956 27
13957 7
13958 58
13959 72
13960 3
13961 6
13962 31
13963 7
13964 77
13965 46
13966 59
13967 88
13968 15
13969 84
13970 21
13971 44
13972 19
13973 5
13974 64
13975 3
13976 65
13977 39
13978 59
13979 90
13980 10
13981 10
13982 75
13983 88
13984 55
13985 3
13986 42
13987 9
13988 28
13989 75
13990 97
13991 32
13992 28
13993 78
13994 27
13995 63
13996 35
13997 82
13998 34
13999 78
14000 74
14001 60
14002 42
14003 40
14004 74
14005 79
14006 91
14007 32
14008 66
14009 44
14010 13
14011 6
14012 33
14013 97
14014 97
14015 48
14016 6
14017 27
14018 23
14019 10
14020 1
14021 61
14022 55
14023 83
14024 82
14025 29
14026 3
14027 94
14028 87
14029 59
14030 69
14031 68
14032 20
14033 36
14034 54
14035 79
14036 79
14037 75
14038 68
14039 68
14040 62
14041 79
14042 41
14043 96
14044 88
14045 39
14046 98
14047 34
14048 10
14049 64
14050 9
14051 18
14052 55
14053 3
14054 80
14055 80
14056 9
14057 90
14058 98
14059 12
14060 40
14061 68
14062 84
14063 85
14064 17
14065 73
14066 69
14067 39
14068 23
14069 87
14070 88
14071 45
14072 57
14073 80
14074 20
14075 71
14076 42
14077 63
14078 5
14079 82
14080 48
14081 2
14082 66
14083 58
14084 63
14085 11
14086 90
14087 62
14088 12
14089 39
14090 35
14091 65
14092 10
14093 79
14094 96
14095 51
14096 82
14097 92
14098 10
14099 25
14100 39
14101 52
14102 77
14103 73
14104 72
14105 17
14106 87
14107 46
14108 27
14109 98
14110 57
14111 44
14112 83
14113 85
14114 89
14115 17
14116 70
14117 9
14118 10
14119 1
14120 1
14121 53
14122 41
14123 33
14124 41
14125 33
14126 42
14127 27
14128 23
14129 69
14130 15
14131 2
14132 76
14133 10
14134 85
14135 52
14136 20
14137 40
14138 84
14139 41
14140 15
14141 50
14142 14
14143 78
14144 70
14145 34
14146 20
14147 12
14148 93
14149 88
14150 67
14151 35
14152 53
14153 71
14154 63
14155 97
14156 82
14157 79
14158 17
14159 98
14160 35
14161 70
14162 33
14163 68
14164 62
14165 7
14166 81
14167 39
14168 72
14169 39
14170 83
14171 14
14172 84
14173 53
14174 11
14175 8
14176 10
14177 32
14178 20
14179 90
14180 12
14181 9
14182 52
14183 11
14184 90
14185 39
14186 6
14187 10
14188 57
14189 31
14190 65
14191 45
14192 19
14193 76
14194 92
14195 58
14196 96
14197 49
14198 70
14199 45
14200 86
14201 75
14202 39
14203 72
14204 90
14205 81
14206 66
14207 50
14208 67
14209 57
14210 2
14211 50
14212 11
14213 7
14214 74
14215 13
14216 23
14217 64
14218 79
14219 38
14220 9
14221 33
14222 20
14223 13
14224 82
14225 83
14226 50
14227 12
14228 20
14229 86
14230 1
14231 32
14232 64
14233 57
14234 67
14235 45
14236 29
14237 91
14238 29
14239 33
14240 7
14241 72
14242 26
14243 8
14244 85
14245 57
14246 85
14247 99
14248 2
14249 52
14250 97
14251 12
14252 81
14253 47
14254 20
14255 59
14256 24
14257 39
14258 50
14259 13
14260 95
14261 32
14262 42
14263 55
14264 58
14265 9
14266 10
14267 60
14268 17
14269 99
14270 21
14271 27
14272 16
14273 58
14274 5
14275 46
14276 85
14277 16
14278 37
14279 68
14280 3
14281 73
14282 20
14283 21
14284 93
14285 40
14286 23
14287 85
14288 55
14289 66
14290 1
14291 61
14292 9
14293 82
14294 43
14295 18
14296 1
14297 35
14298 90
14299 10
14300 55
14301 51
14302 67
14303 40
14304 13
14305 75
14306 2
14307 48
14308 20
14309 29
14310 21
14311 16
14312 98
14313 23
14314 20
14315 36
14316 83
14317 84
14318 92
14319 19
14320 31
14321 16
14322 33
14323 96
14324 11
14325 1
14326 12
14327 77
14328 76
14329 59
14330 43
14331 33
14332 35
14333 16
14334 60
14335 95
14336 45
14337 74
14338 64
14339 4
14340 92
14341 4
14342 69
14343 53
14344 45
14345 31
14346 59
14347 55
14348 1
14349 41
14350 36
14351 94
14352 13
14353 47
14354 57
14355 67
14356 46
14357 25
14358 12
14359 8
14360 62
14361 18
14362 5
14363 82
14364 52
14365 43
14366 5
14367 86
14368 84
14369 43
14370 13
14371 3
14372 14
14373 17
14374 68
14375 96
14376 31
14377 27
14378 59
14379 55
14380 11
14381 21
14382 90
14383 47
14384 80
14385 32
14386 44
14387 48
14388 13
14389 30
14390 79
14391 41
14392 79
14393 60
14394 11
14395 32
14396 13
14397 17
14398 93
14399 52
14400 99
14401 85
14402 16
14403 52
14404 62
14405 23
14406 74
14407 25
14408 14
14409 53
14410 14
14411 69
14412 85
14413 16
14414 86
14415 83
14416 9
14417 33
14418 50
14419 9
14420 25
14421 58
14422 89
14423 3
14424 97
14425 1
14426 82
14427 63
14428 24
14429 24
14430 88
14431 95
14432 22
14433 54
14434 42
14435 97
14436 38
14437 31
14438 65
14439 68
14440 2
14441 93
14442 36
14443 29
14444 48
14445 13
14446 59
14447 58
14448 18
14449 32
14450 31
14451 8
14452 69
14453 13
14454 91
14455 91
14456 73
14457 25
14458 52
14459 68
14460 8
14461 53
14462 19
14463 91
14464 64
14465 84
14466 27
14467 70
14468 51
14469 77
14470 16
14471 4
14472 87
14473 30
14474 12
14475 12
14476 32
14477 72
14478 66
14479 61
14480 30
14481 48
14482 19
14483 52
14484 20
14485 17
14486 89
14487 90
14488 25
14489 6
14490 29
14491 31
14492 62
14493 98
14494 50
14495 54
14496 30
14497 38
14498 17
14499 7
14500 58
14501 36
14502 4
14503 70
14504 52
14505 27
14506 82
14507 78
14508 94
14509 86
14510 92
14511 13
14512 76
14513 26
14514 60
14515 30
14516 67
14517 77
14518 8
14519 67
14520 84
14521 8
14522 0
14523 68
14524 47
14525 23
14526 34
14527 88
14528 92
14529 82
14530 24
14531 96
14532 56
14533 11
14534 62
14535 21
14536 16
14537 21
14538 29
14539 55
14540 94
14541 75
14542 86
14543 17
14544 22
14545 27
14546 63
14547 56
14548 16
14549 14
14550 5
14551 72
14552 16
14553 74
14554 45
14555 52
14556 40
14557 52
14558 75
14559 51
14560 60
14561 28
14562 53
14563 88
14564 98
14565 81
14566 63
14567 20
14568 35
14569 43
14570 1
14571 25
14572 40
14573 89
14574 44
14575 32
14576 61
14577 5
14578 25
14579 8
14580 48
14581 78
14582 75
14583 81
14584 22
14585 34
14586 72
14587 75
14588 12
14589 17
14590 48
14591 29
14592 30
14593 88
14594 3
14595 20
14596 27
14597 63
14598 8
14599 63
14600 24
14601 8
14602 80
14603 73
14604 62
14605 31
14606 48
14607 91
14608 67
14609 45
14610 60
14611 64
14612 50
14613 32
14614 14
14615 7
14616 28
14617 95
14618 51
14619 70
14620 44
14621 64
14622 56
14623 12
14624 86
14625 11
14626 89
14627 73
14628 68
14629 35
14630 39
14631 97
14632 89
14633 17
14634 33
14635 70
14636 77
14637 64
14638 19
14639 42
14640 82
14641 8
14642 83
14643 60
14644 68
14645 69
14646 77
14647 28
14648 42
14649 59
14650 67
14651 84
14652 56
14653 91
14654 33
14655 98
14656 39
14657 6
14658 44
14659 30
14660 84
14661 67
14662 74
14663 48
14664 78
14665 39
14666 97
14667 81
14668 70
14669 26
14670 52
14671 99
14672 25
14673 4
14674 87
14675 94
14676 63
14677 27
14678 38
14679 9
14680 10
14681 22
14682 83
14683 63
14684 38
14685 94
14686 2
14687 95
14688 19
14689 88
14690 35
14691 30
14692 59
14693 47
14694 34
14695 20
14696 79
14697 67
14698 25
14699 59
14700 82
14701 45
14702 94
14703 24
14704 29
14705 5
14706 89
14707 32
14708 41
14709 6
14710 99
14711 1
14712 94
14713 52
14714 81
14715 35
14716 78
14717 4
14718 22
14719 1
14720 50
14721 51
14722 72
14723 41
14724 67
14725 31
14726 92
14727 4
14728 99
14729 46
14730 21
14731 85
14732 37
14733 37
14734 70
14735 17
14736 47
14737 43
14738 32
14739 2
14740 31
14741 30
14742 44
14743 34
14744 70
14745 14
14746 79
14747 94
14748 78
14749 24
14750 2
14751 1
14752 88
14753 35
14754 21
14755 48
14756 86
14757 52
14758 32
14759 15
14760 32
14761 75
14762 29
14763 37
14764 87
14765 78
14766 2
14767 39
14768 59
14769 12
14770 88
14771 60
14772 11
14773 87
14774 92
14775 27
14776 92
14777 51
14778 9
14779 41
14780 47
14781 54
14782 37
14783 12
14784 51
14785 4
14786 36
14787 91
14788 74
14789 5
14790 24
14791 80
14792 48
14793 93
14794 32
14795 87
14796 8
14797 10
14798 78
14799 56
14800 54
14801 60
14802 79
14803 35
14804 48
14805 17
14806 4
14807 89
14808 61
14809 0
14810 53
14811 56
14812 94
14813 92
14814 67
14815 42
14816 79
14817 3
14818 50
14819 70
14820 47
14821 36
14822 15
14823 1
14824 62
14825 75
14826 87
14827 15
14828 16
14829 10
14830 64
14831 33
14832 76
14833 96
14834 95
14835 55
14836 56
14837 45
14838 28
14839 58
14840 15
14841 24
14842 91
14843 84
14844 54
14845 20
14846 88
14847 88
14848 99
14849 24
14850 12
14851 77
14852 47
14853 69
14854 25
14855 42
14856 39
14857 21
14858 42
14859 27
14860 14
14861 1
14862 56
14863 39
14864 74
14865 10
14866 66
14867 22
14868 85
14869 87
14870 54
14871 56
14872 82
14873 63
14874 29
14875 10
14876 17
14877 61
14878 53
14879 31
14880 16
14881 96
14882 8
14883 25
14884 64
14885 17
14886 99
14887 89
14888 65
14889 31
14890 92
14891 52
14892 29
14893 85
14894 41
14895 36
14896 26
14897 93
14898 78
14899 81
14900 61
14901 38
14902 48
14903 32
14904 22
14905 7
14906 55
14907 4
14908 40
14909 42
14910 4
14911 77
14912 19
14913 10
14914 7
14915 70
14916 98
14917 66
14918 30
14919 88
14920 59
14921 99
14922 13
14923 5
14924 68
14925 6
14926 32
14927 79
14928 7
14929 37
14930 12
14931 81
14932 33
14933 79
14934 18
14935 71
14936 36
14937 76
14938 28
14939 65
14940 53
14941 19
14942 61
14943 29
14944 91
14945 0
14946 7
14947 56
14948 26
14949 37
14950 4
14951 73
14952 10
14953 9
14954 7
14955 61
14956 16
14957 78
14958 83
14959 30
14960 9
14961 11
14962 47
14963 85
14964 96
14965 1
14966 14
14967 86
14968 24
14969 30
14970 62
14971 31
14972 31
14973 3
14974 84
14975 60
14976 16
14977 10
14978 56
14979 58
14980 22
14981 41
14982 51
14983 8
14984 55
14985 37
14986 28
14987 71
14988 86
14989 66
14990 8
14991 5
14992 16
14993 83
14994 15
14995 90
14996 0
14997 77
14998 29
14999 89
15000 61
15001 14
15002 72
15003 38
15004 28
15005 70
15006 62
15007 63
15008 76
15009 71
15010 7
15011 16
15012 33
15013 95
15014 42
15015 19
15016 14
15017 17
15018 81
15019 42
15020 29
15021 55
15022 14
15023 11
15024 3
15025 99
15026 24
15027 20
15028 33
15029 77
15030 22
15031 22
15032 10
15033 84
15034 89
15035 61
15036 60
15037 89
15038 90
15039 91
15040 14
15041 94
15042 30
15043 5
15044 52
15045 37
15046 30
15047 90
15048 13
15049 89
15050 7
15051 1
15052 17
15053 68
15054 16
15055 9
15056 42
15057 20
15058 34
15059 73
15060 3
15061 28
15062 91
15063 57
15064 32
15065 79
15066 7
15067 24
15068 65
15069 85
15070 17
15071 48
15072 30
15073 43
15074 27
15075 17
15076 59
15077 55
15078 79
15079 55
15080 13
15081 63
15082 73
15083 85
15084 37
15085 3
15086 60
15087 67
15088 77
15089 4
15090 70
15091 25
15092 99
15093 51
15094 71
15095 54
15096 13
15097 89
15098 67
15099 15
15100 91
15101 75
15102 8
15103 91
15104 17
15105 91
15106 58
15107 9
15108 91
15109 36
15110 82
15111 75
15112 19
15113 88
15114 72
15115 0
15116 51
15117 75
15118 10
15119 52
15120 81
15121 29
15122 1
15123 74
15124 97
15125 9
15126 94
15127 67
15128 72
15129 63
15130 64
15131 50
15132 46
15133 6
15134 55
15135 20
15136 13
15137 1
15138 25
15139 80
15140 96
15141 45
15142 10
15143 94
15144 78
15145 18
15146 39
15147 51
15148 40
15149 30
15150 9
15151 61
15152 97
15153 93
15154 69
15155 67
15156 68
15157 48
15158 42
15159 52
15160 84
15161 74
15162 95
15163 64
15164 41
15165 76
15166 91
15167 89
15168 18
15169 12
15170 66
15171 35
15172 67
15173 75
15174 18
15175 48
15176 6
15177 16
15178 14
15179 50
15180 95
15181 8
15182 55
15183 64
15184 94
15185 43
15186 52
15187 51
15188 58
15189 23
15190 4
15191 97
15192 56
15193 70
15194 82
15195 82
15196 99
15197 33
15198 97
15199 35
15200 68
15201 17
15202 74
15203 46
15204 38
15205 6
15206 16
15207 67
15208 95
15209 80
15210 94
15211 88
15212 29
15213 63
15214 22
15215 95
15216 46
15217 0
15218 57
15219 72
15220 8
15221 98
15222 5
15223 29
15224 61
15225 18
15226 70
15227 79
15228 42
15229 65
15230 73
15231 26
15232 66
15233 56
15234 87
15235 22
15236 87
15237 64
15238 6
15239 21
15240 27
15241 91
15242 4
15243 64
15244 0
15245 40
15246 40
15247 48
15248 21
15249 30
15250 2
15251 0
15252 80
15253 53
15254 31
15255 24
15256 85
15257 19
15258 94
15259 86
15260 18
15261 70
15262 69
15263 36
15264 16
15265 37
15266 84
15267 81
15268 46
15269 32
15270 14
15271 22
15272 8
15273 27
15274 28
15275 11
15276 13
15277 1
15278 54
15279 35
15280 73
15281 65
15282 77
15283 90
15284 88
15285 46
15286 24
15287 77
15288 52
15289 22
15290 52
15291 47
15292 87
15293 92
15294 25
15295 1
15296 59
15297 98
15298 69
15299 20
15300 9
15301 1
15302 55
15303 76
15304 76
15305 9
15306 99
15307 86
15308 66
15309 89
15310 58
15311 42
15312 65
15313 18
15314 15
15315 45
15316 40
15317 11
15318 58
15319 3
15320 34
15321 88
15322 45
15323 11
15324 37
15325 64
15326 43
15327 21
15328 82
15329 85
15330 25
15331 21
15332 3
15333 2
15334 92
15335 8
15336 61
15337 11
15338 46
15339 65
15340 9
15341 44
15342 17
15343 88
15344 3
15345 88
15346 6
15347 7
15348 85
15349 23
15350 68
15351 75
15352 64
15353 99
15354 94
15355 84
15356 47
15357 45
15358 67
15359 40
15360 12
15361 73
15362 66
15363 49
15364 95
15365 77
15366 69
15367 50
15368 32
15369 89
15370 18
15371 81
15372 31
15373 67
15374 68
15375 30
15376 32
15377 90
15378 55
15379 53
15380 48
15381 20
15382 66
15383 50
15384 5
15385 44
15386 38
15387 94
15388 82
15389 59
15390 82
15391 35
15392 39
15393 97
15394 39
15395 44
15396 27
15397 29
15398 64
15399 2
15400 63
15401 18
15402 22
15403 9
15404 61
15405 9
15406 98
15407 63
15408 95
15409 44
15410 48
15411 61
15412 58
15413 98
15414 63
15415 93
15416 3
15417 7
15418 96
15419 18
15420 42
15421 95
15422 16
15423 13
15424 5
15425 75
15426 40
15427 41
15428 42
15429 54
15430 75
15431 61
15432 26
15433 45
15434 37
15435 68
15436 41
15437 87
15438 79
15439 35
15440 97
15441 39
15442 65
15443 29
15444 69
15445 54
15446 17
15447 41
15448 46
15449 71
15450 84
15451 63
15452 52
15453 65
15454 12
15455 13
15456 77
15457 13
15458 0
15459 80
15460 91
15461 53
15462 14
15463 20
15464 83
15465 40
15466 79
15467 58
15468 71
15469 84
15470 0
15471 4
15472 56
15473 28
15474 6
15475 98
15476 97
15477 24
15478 5
15479 94
15480 87
15481 55
15482 43
15483 2
15484 7
15485 14
15486 84
15487 32
15488 10
15489 41
15490 78
15491 81
15492 50
15493 76
15494 41
15495 38
15496 55
15497 95
15498 90
15499 39
15500 94
15501 20
15502 66
15503 90
15504 51
15505 91
15506 62
15507 15
15508 23
15509 55
15510 17
15511 37
15512 72
15513 80
15514 39
15515 51
15516 91
15517 56
15518 70
15519 83
15520 19
15521 97
15522 29
15523 40
15524 43
15525 11
15526 72
15527 96
15528 78
15529 70
15530 28
15531 50
15532 82
15533 26
15534 8
15535 61
15536 0
15537 93
15538 44
15539 22
15540 78
15541 80
15542 4
15543 20
15544 66
15545 45
15546 67
15547 61
15548 50
15549 87
15550 86
15551 18
15552 17
15553 69
15554 31
15555 19
15556 83
15557 78
15558 75
15559 31
15560 3
15561 21
15562 91
15563 88
15564 17
15565 90
15566 68
15567 43
15568 25
15569 47
15570 65
15571 95
15572 81
15573 97
15574 77
15575 47
15576 59
15577 46
15578 56
15579 75
15580 36
15581 63
15582 26
15583 7
15584 38
15585 16
15586 28
15587 88
15588 49
15589 33
15590 21
15591 69
15592 16
15593 89
15594 69
15595 91
15596 20
15597 36
15598 4
15599 73
15600 86
15601 99
15602 28
15603 33
15604 66
15605 57
15606 89
15607 73
15608 44
15609 81
15610 12
15611 28
15612 69
15613 98
15614 11
15615 87
15616 44
15617 72
15618 77
15619 3
15620 76
15621 33
15622 63
15623 37
15624 74
15625 93
15626 60
15627 40
15628 26
15629 67
15630 70
15631 49
15632 13
15633 73
15634 77
15635 26
15636 97
15637 57
15638 47
15639 1
15640 29
15641 88
15642 91
15643 77
15644 28
15645 76
15646 63
15647 43
15648 29
15649 88
15650 92
15651 44
15652 16
15653 70
15654 13
15655 9
15656 21
15657 73
15658 50
15659 78
15660 47
15661 17
15662 46
15663 82
15664 12
15665 44
15666 96
15667 99
15668 71
15669 69
15670 88
15671 16
15672 86
15673 22
15674 80
15675 74
15676 6
15677 80
15678 17
15679 47
15680 66
15681 83
15682 92
15683 44
15684 87
15685 29
15686 75
15687 59
15688 29
15689 76
15690 16
15691 50
15692 6
15693 51
15694 75
15695 33
15696 17
15697 2
15698 76
15699 70
15700 54
15701 24
15702 89
15703 0
15704 72
15705 1
15706 51
15707 25
15708 19
15709 82
15710 55
15711 29
15712 30
15713 84
15714 46
15715 24
15716 7
15717 83
15718 33
15719 67
15720 46
15721 45
15722 16
15723 43
15724 58
15725 12
15726 74
15727 50
15728 78
15729 87
15730 74
15731 84
15732 34
15733 67
15734 85
15735 29
15736 99
15737 81
15738 26
15739 96
15740 12
15741 62
15742 39
15743 93
15744 58
15745 60
15746 97
15747 93
15748 89
15749 51
15750 52
15751 87
15752 94
15753 89
15754 64
15755 58
15756 79
15757 81
15758 52
15759 1
15760 5
15761 95
15762 98
15763 49
15764 80
15765 68
15766 96
15767 86
15768 58
15769 93
15770 5
15771 86
15772 1
15773 83
15774 79
15775 57
15776 67
15777 18
15778 27
15779 28
15780 9
15781 58
15782 98
15783 32
15784 68
15785 19
15786 70
15787 93
15788 5
15789 97
15790 92
15791 64
15792 3
15793 44
15794 21
15795 70
15796 80
15797 52
15798 17
15799 61
15800 36
15801 45
15802 39
15803 91
15804 11
15805 25
15806 88
15807 88
15808 36
15809 88
15810 78
15811 83
15812 8
15813 16
15814 60
15815 38
15816 2
15817 74
15818 90
15819 48
15820 74
15821 0
15822 50
15823 68
15824 38
15825 79
15826 86
15827 6
15828 30
15829 89
15830 88
15831 45
15832 12
15833 72
15834 26
15835 23
15836 12
15837 80
15838 44
15839 80
15840 68
15841 19
15842 83
15843 10
15844 1
15845 93
15846 86
15847 35
15848 99
15849 3
15850 68
15851 22
15852 78
15853 9
15854 36
15855 90
15856 11
15857 50
15858 29
15859 80
15860 97
15861 39
15862 42
15863 56
15864 26
15865 12
15866 15
15867 48
15868 28
15869 87
15870 1
15871 63
15872 41
15873 23
15874 5
15875 0
15876 17
15877 83
15878 50
15879 70
15880 20
15881 40
15882 25
15883 55
15884 41
15885 94
15886 92
15887 26
15888 12
15889 89
15890 21
15891 93
15892 49
15893 34
15894 30
15895 52
15896 25
15897 59
15898 78
15899 8
15900 94
15901 13
15902 7
15903 59
15904 44
15905 85
15906 28
15907 82
15908 76
15909 66
15910 32
15911 5
15912 13
15913 62
15914 84
15915 83
15916 1
15917 48
15918 79
15919 50
15920 91
15921 8
15922 46
15923 99
15924 14
15925 40
15926 44
15927 43
15928 7
15929 78
15930 77
15931 53
15932 94
15933 72
15934 84
15935 28
15936 57
15937 38
15938 5
15939 41
15940 61
15941 70
15942 0
15943 38
15944 22
15945 66
15946 73
15947 92
15948 52
15949 54
15950 46
15951 70
15952 99
15953 37
15954 32
15955 59
15956 82
15957 61
15958 28
15959 48
15960 69
15961 51
15962 6
15963 98
15964 93
15965 21
15966 1
15967 35
15968 81
15969 87
15970 71
15971 85
15972 14
15973 98
15974 83
15975 34
15976 18
15977 57
15978 50
15979 56
15980 62
15981 96
15982 68
15983 25
15984 56
15985 61
15986 12
15987 81
15988 61
15989 11
15990 44
15991 19
15992 95
15993 98
15994 55
15995 52
15996 98
15997 50
15998 19
15999 60
16000 51
16001 81
16002 69
16003 97
16004 11
16005 39
16006 67
16007 80
16008 68
16009 24
16010 15
16011 98
16012 42
16013 57
16014 11
16015 41
16016 17
16017 60
16018 19
16019 33
16020 41
16021 81
16022 0
16023 0
16024 85
16025 31
16026 37
16027 32
16028 9
16029 65
16030 38
16031 42
16032 41
16033 54
16034 33
16035 89
16036 99
16037 51
16038 50
16039 46
16040 37
16041 50
16042 42
16043 39
16044 45
16045 44
16046 20
16047 23
16048 79
16049 13
16050 14
16051 0
16052 41
16053 38
16054 54
16055 74
16056 17
16057 50
16058 17
16059 55
16060 96
16061 46
16062 8
16063 13
16064 73
16065 8
16066 26
16067 31
16068 8
16069 66
16070 70
16071 76
16072 23
16073 52
16074 38
16075 13
16076 58
16077 67
16078 12
16079 21
16080 8
16081 59
16082 83
16083 44
16084 92
16085 87
16086 86
16087 41
16088 82
16089 59
16090 42
16091 82
16092 95
16093 21
16094 12
16095 0
16096 63
16097 95
16098 79
16099 77
16100 41
16101 11
16102 61
16103 34
16104 49
16105 78
16106 4
16107 52
16108 15
16109 67
16110 30
16111 70
16112 81
16113 53
16114 67
16115 74
16116 53
16117 77
16118 38
16119 97
16120 98
16121 93
16122 26
16123 62
16124 88
16125 45
16126 68
16127 18
16128 44
16129 46
16130 67
16131 94
16132 98
16133 52
16134 31
16135 90
16136 12
16137 55
16138 1
16139 24
16140 97
16141 84
16142 55
16143 51
16144 75
16145 65
16146 85
16147 71
16148 92
16149 50
16150 98
16151 92
16152 94
16153 36
16154 36
16155 41
16156 27
16157 44
16158 8
16159 55
16160 52
16161 88
16162 30
16163 1
16164 16
16165 40
16166 51
16167 81
16168 3
16169 0
16170 12
16171 37
16172 77
16173 99
16174 5
16175 46
16176 39
16177 63
16178 89
16179 78
16180 24
16181 88
16182 45
16183 22
16184 44
16185 95
16186 92
16187 87
16188 78
16189 3
16190 48
16191 72
16192 19
16193 98
16194 88
16195 56
16196 82
16197 59
16198 70
16199 2
16200 65
16201 15
16202 47
16203 43
16204 10
16205 21
16206 0
16207 14
16208 31
16209 40
16210 63
16211 7
16212 98
16213 88
16214 30
16215 44
16216 41
16217 36
16218 91
16219 84
16220 83
16221 53
16222 67
16223 40
16224 71
16225 68
16226 59
16227 81
16228 41
16229 27
16230 62
16231 98
16232 72
16233 10
16234 31
16235 32
16236 17
16237 15
16238 5
16239 33
16240 10
16241 37
16242 14
16243 15
16244 17
16245 68
16246 41
16247 22
16248 8
16249 38
16250 54
16251 16
16252 24
16253 33
16254 87
16255 13
16256 82
16257 74
16258 86
16259 64
16260 90
16261 87
16262 86
16263 90
16264 53
16265 28
16266 29
16267 66
16268 84
16269 47
16270 6
16271 7
16272 56
16273 58
16274 65
16275 17
16276 1
16277 83
16278 62
16279 28
16280 15
16281 79
16282 21
16283 96
16284 0
16285 58
16286 78
16287 93
16288 95
16289 70
16290 18
16291 99
16292 70
16293 94
16294 74
16295 92
16296 22
16297 94
16298 66
16299 19
16300 49
16301 79
16302 99
16303 89
16304 33
16305 15
16306 50
16307 62
16308 17
16309 48
16310 23
16311 54
16312 75
16313 28
16314 26
16315 26
16316 13
16317 66
16318 40
16319 56
16320 39
16321 91
16322 92
16323 97
16324 58
16325 57
16326 69
16327 4
16328 2
16329 87
16330 18
16331 32
16332 54
16333 36
16334 99
16335 23
16336 19
16337 56
16338 57
16339 91
16340 59
16341 20
16342 39
16343 60
16344 20
16345 64
16346 33
16347 24
16348 62
16349 86
16350 74
16351 57
16352 98
16353 80
16354 4
16355 5
16356 98
16357 81
16358 87
16359 91
16360 33
16361 12
16362 40
16363 60
16364 36
16365 48
16366 16
16367 32
16368 76
16369 41
16370 31
16371 68
16372 86
16373 80
16374 77
16375 52
16376 24
16377 86
16378 53
16379 70
16380 22
16381 86
16382 26
16383 42
16384 95
16385 41
16386 77
16387 27
16388 71
16389 87
16390 56
16391 5
16392 68
16393 57
16394 72
16395 96
16396 52
16397 17
16398 2
16399 65
16400 53
16401 81
16402 43
16403 70
16404 16
16405 23
16406 0
16407 81
16408 14
16409 83
16410 88
16411 72
16412 33
16413 69
16414 90
16415 93
16416 76
16417 83
16418 32
16419 73
16420 91
16421 98
16422 46
16423 74
16424 62
16425 15
16426 89
16427 29
16428 27
16429 71
16430 27
16431 64
16432 84
16433 0
16434 30
16435 27
16436 99
16437 54
16438 52
16439 75
16440 39
16441 75
16442 38
16443 53
16444 44
16445 27
16446 84
16447 69
16448 22
16449 84
16450 22
16451 32
16452 22
16453 85
16454 73
16455 29
16456 97
16457 77
16458 72
16459 44
16460 97
16461 17
16462 27
16463 8
16464 39
16465 57
16466 11
16467 67
16468 52
16469 67
16470 65
16471 94
16472 71
16473 81
16474 88
16475 89
16476 32
16477 15
16478 89
16479 94
16480 76
16481 91
16482 41
16483 83
16484 76
16485 61
16486 41
16487 13
16488 70
16489 54
16490 82
16491 8
16492 99
16493 59
16494 40
16495 72
16496 46
16497 83
16498 31
16499 55
16500 50
16501 91
16502 69
16503 9
16504 96
16505 44
16506 57
16507 85
16508 4
16509 33
16510 45
16511 96
16512 31
16513 83
16514 2
16515 95
16516 58
16517 94
16518 62
16519 93
16520 31
16521 62
16522 34
16523 61
16524 14
16525 51
16526 16
16527 3
16528 74
16529 64
16530 29
16531 25
16532 8
16533 11
16534 97
16535 7
16536 27
16537 76
16538 77
16539 50
16540 82
16541 46
16542 40
16543 58
16544 64
16545 96
16546 91
16547 47
16548 62
16549 42
16550 13
16551 5
16552 46
16553 46
16554 76
16555 91
16556 88
16557 18
16558 30
16559 46
16560 9
16561 72
16562 57
16563 33
16564 95
16565 80
16566 61
16567 76
16568 91
16569 89
16570 11
16571 52
16572 7
16573 18
16574 65
16575 34
16576 96
16577 68
16578 36
16579 51
16580 84
16581 54
16582 45
16583 81
16584 52
16585 44
16586 66
16587 61
16588 82
16589 87
16590 30
16591 45
16592 43
16593 82
16594 4
16595 44
16596 67
16597 67
16598 43
16599 5
16600 45
16601 40
16602 51
16603 45
16604 16
16605 98
16606 97
16607 99
16608 39
16609 88
16610 17
16611 34
16612 10
16613 9
16614 17
16615 52
16616 79
16617 73
16618 27
16619 55
16620 87
16621 45
16622 71
16623 8
16624 9
16625 14
16626 95
16627 99
16628 84
16629 40
16630 96
16631 22
16632 11
16633 35
16634 83
16635 17
16636 3
16637 19
16638 85
16639 38
16640 30
16641 22
16642 21
16643 72
16644 30
16645 7
16646 76
16647 30
16648 93
16649 56
16650 66
16651 70
16652 38
16653 16
16654 40
16655 77
16656 87
16657 30
16658 94
16659 93
16660 32
16661 93
16662 21
16663 21
16664 37
16665 26
16666 61
16667 42
16668 9
16669 84
16670 50
16671 76
16672 59
16673 55
16674 58
16675 0
16676 96
16677 54
16678 42
16679 67
16680 78
16681 41
16682 42
16683 14
16684 36
16685 4
16686 42
16687 1
16688 50
16689 10
16690 70
16691 10
16692 54
16693 68
16694 89
16695 76
16696 84
16697 63
16698 18
16699 86
16700 85
16701 15
16702 12
16703 70
16704 72
16705 80
16706 30
16707 53
16708 34
16709 56
16710 61
16711 62
16712 29
16713 55
16714 52
16715 20
16716 3
16717 35
16718 61
16719 73
16720 83
16721 65
16722 41
16723 65
16724 93
16725 33
16726 70
16727 54
16728 46
16729 10
16730 16
16731 9
16732 21
16733 60
16734 28
16735 26
16736 10
16737 55
16738 11
16739 23
16740 34
16741 64
16742 94
16743 76
16744 66
16745 6
16746 71
16747 57
16748 60
16749 67
16750 99
16751 28
16752 86
16753 32
16754 6
16755 92
16756 94
16757 89
16758 26
16759 24
16760 65
16761 55
16762 74
16763 99
16764 68
16765 46
16766 68
16767 81
16768 63
16769 56
16770 19
16771 63
16772 68
16773 82
16774 18
16775 92
16776 65
16777 63
16778 44
16779 22
16780 53
16781 26
16782 62
16783 51
16784 11
16785 91
16786 55
16787 25
16788 41
16789 38
16790 88
16791 73
16792 3
16793 34
16794 98
16795 43
16796 95
16797 83
16798 59
16799 99
16800 79
16801 79
16802 66
16803 15
16804 73
16805 30
16806 51
16807 18
16808 87
16809 41
16810 38
16811 95
16812 3
16813 50
16814 44
16815 60
16816 92
16817 84
16818 78
16819 30
16820 91
16821 77
16822 97
16823 15
16824 14
16825 22
16826 97
16827 87
16828 75
16829 7
16830 41
16831 46
16832 55
16833 71
16834 10
16835 8
16836 62
16837 36
16838 53
16839 72
16840 69
16841 63
16842 37
16843 84
16844 87
16845 96
16846 40
16847 37
16848 92
16849 12
16850 75
16851 21
16852 77
16853 44
16854 73
16855 56
16856 34
16857 42
16858 93
16859 14
16860 88
16861 79
16862 58
16863 95
16864 83
16865 5
16866 62
16867 10
16868 75
16869 82
16870 58
16871 21
16872 61
16873 21
16874 9
16875 88
16876 32
16877 6
16878 43
16879 62
16880 57
16881 53
16882 55
16883 69
16884 96
16885 81
16886 24
16887 4
16888 38
16889 18
16890 90
16891 92
16892 2
16893 54
16894 19
16895 99
16896 98
16897 28
16898 93
16899 96
16900 67
16901 56
16902 81
16903 75
16904 51
16905 99
16906 42
16907 30
16908 10
16909 62
16910 73
16911 73
16912 35
16913 81
16914 48
16915 33
16916 69
16917 40
16918 22
16919 12
16920 45
16921 64
16922 26
16923 35
16924 5
16925 28
16926 37
16927 97
16928 29
16929 78
16930 73
16931 64
16932 85
16933 53
16934 72
16935 9
16936 73
16937 98
16938 28
16939 28
16940 47
16941 57
16942 73
16943 11
16944 35
16945 25
16946 94
16947 73
16948 95
16949 84
16950 60
16951 42
16952 70
16953 70
16954 7
16955 57
16956 4
16957 80
16958 94
16959 30
16960 24
16961 61
16962 58
16963 80
16964 84
16965 46
16966 33
16967 33
16968 9
16969 80
16970 58
16971 81
16972 60
16973 45
16974 67
16975 11
16976 66
16977 14
16978 27
16979 35
16980 91
16981 89
16982 9
16983 7
16984 61
16985 6
16986 40
16987 14
16988 89
16989 48
16990 31
16991 43
16992 75
16993 5
16994 4
16995 74
16996 92
16997 3
16998 14
16999 85
17000 59
17001 80
17002 82
17003 49
17004 99
17005 26
17006 38
17007 29
17008 19
17009 44
17010 44
17011 1
17012 44
17013 53
17014 53
17015 65
17016 59
17017 6
17018 57
17019 98
17020 29
17021 33
17022 9
17023 42
17024 29
17025 74
17026 25
17027 90
17028 42
17029 83
17030 96
17031 35
17032 55
17033 11
17034 43
17035 70
17036 82
17037 71
17038 75
17039 98
17040 35
17041 96
17042 9
17043 4
17044 53
17045 99
17046 59
17047 51
17048 97
17049 36
17050 15
17051 88
17052 26
17053 37
17054 0
17055 45
17056 59
17057 9
17058 57
17059 45
17060 54
17061 79
17062 39
17063 20
17064 33
17065 16
17066 91
17067 20
17068 94
17069 91
17070 43
17071 36
17072 14
17073 89
17074 69
17075 54
17076 31
17077 97
17078 97
17079 67
17080 60
17081 35
17082 34
17083 76
17084 96
17085 56
17086 92
17087 54
17088 4
17089 74
17090 66
17091 86
17092 9
17093 4
17094 43
17095 96
17096 34
17097 15
17098 18
17099 33
17100 69
17101 27
17102 66
17103 77
17104 89
17105 96
17106 31
17107 85
17108 97
17109 99
17110 98
17111 91
17112 84
17113 92
17114 24
17115 59
17116 44
17117 82
17118 23
17119 23
17120 66
17121 33
17122 34
17123 68
17124 36
17125 82
17126 70
17127 61
17128 54
17129 10
17130 65
17131 32
17132 47
17133 48
17134 90
17135 84
17136 33
17137 51
17138 4
17139 58
17140 39
17141 28
17142 85
17143 48
17144 32
17145 33
17146 99
17147 22
17148 53
17149 72
17150 52
17151 82
17152 51
17153 38
17154 33
17155 3
17156 17
17157 36
17158 42
17159 51
17160 43
17161 78
17162 90
17163 6
17164 14
17165 61
17166 5
17167 62
17168 1
17169 56
17170 86
17171 2
17172 19
17173 22
17174 35
17175 67
17176 7
17177 82
17178 39
17179 27
17180 90
17181 37
17182 67
17183 90
17184 79
17185 76
17186 98
17187 81
17188 19
17189 53
17190 43
17191 98
17192 22
17193 19
17194 73
17195 21
17196 39
17197 19
17198 10
17199 2
17200 98
17201 94
17202 41
17203 44
17204 40
17205 71
17206 14
17207 16
17208 61
17209 16
17210 77
17211 99
17212 2
17213 87
17214 14
17215 57
17216 97
17217 92
17218 64
17219 3
17220 56
17221 72
17222 84
17223 54
17224 49
17225 44
17226 37
17227 87
17228 99
17229 16
17230 44
17231 12
17232 83
17233 10
17234 50
17235 44
17236 2
17237 72
17238 42
17239 86
17240 4
17241 95
17242 95
17243 9
17244 22
17245 68
17246 33
17247 69
17248 52
17249 30
17250 84
17251 45
17252 6
17253 82
17254 97
17255 87
17256 36
17257 49
17258 44
17259 54
17260 77
17261 63
17262 47
17263 78
17264 70
17265 42
17266 14
17267 20
17268 3
17269 38
17270 1
17271 27
17272 21
17273 63
17274 51
17275 83
17276 21
17277 32
17278 62
17279 37
17280 13
17281 28
17282 48
17283 19
17284 30
17285 61
17286 14
17287 64
17288 36
17289 22
17290 86
17291 25
17292 70
17293 53
17294 64
17295 73
17296 57
17297 4
17298 12
17299 40
17300 21
17301 56
17302 93
17303 44
17304 70
17305 66
17306 47
17307 32
17308 18
17309 4
17310 17
17311 40
17312 61
17313 33
17314 4
17315 61
17316 24
17317 66
17318 55
17319 17
17320 5
17321 90
17322 22
17323 1
17324 97
17325 69
17326 74
17327 81
17328 90
17329 69
17330 35
17331 87
17332 78
17333 33
17334 59
17335 62
17336 67
17337 56
17338 67
17339 36
17340 12
17341 81
17342 59
17343 66
17344 92
17345 5
17346 66
17347 68
17348 53
17349 20
17350 53
17351 97
17352 47
17353 55
17354 4
17355 16
17356 52
17357 48
17358 21
17359 50
17360 30
17361 14
17362 85
17363 76
17364 27
17365 51
17366 77
17367 28
17368 93
17369 29
17370 74
17371 59
17372 16
17373 99
17374 64
17375 39
17376 85
17377 14
17378 95
17379 69
17380 91
17381 4
17382 43
17383 10
17384 36
17385 47
17386 49
17387 45
17388 34
17389 95
17390 67
17391 22
17392 33
17393 91
17394 69
17395 9
17396 24
17397 79
17398 90
17399 35
17400 89
17401 41
17402 64
17403 80
17404 98
17405 24
17406 37
17407 70
17408 10
17409 22
17410 42
17411 29
17412 4
17413 22
17414 78
17415 51
17416 74
17417 24
17418 92
17419 96
17420 70
17421 73
17422 57
17423 2
17424 68
17425 72
17426 25
17427 1
17428 16
17429 79
17430 39
17431 26
17432 74
17433 27
17434 24
17435 10
17436 19
17437 1
17438 99
17439 51
17440 28
17441 42
17442 88
17443 30
17444 95
17445 90
17446 86
17447 59
17448 27
17449 37
17450 32
17451 12
17452 15
17453 7
17454 25
17455 30
17456 47
17457 88
17458 32
17459 15
17460 46
17461 68
17462 48
17463 47
17464 87
17465 76
17466 11
17467 55
17468 11
17469 17
17470 1
17471 82
17472 88
17473 9
17474 23
17475 47
17476 45
17477 61
17478 7
17479 74
17480 92
17481 73
17482 58
17483 22
17484 25
17485 34
17486 40
17487 93
17488 4
17489 90
17490 33
17491 44
17492 17
17493 60
17494 41
17495 26
17496 21
17497 41
17498 59
17499 29
17500 46
17501 44
17502 52
17503 27
17504 45
17505 36
17506 13
17507 63
17508 2
17509 3
17510 41
17511 81
17512 30
17513 17
17514 22
17515 12
17516 74
17517 27
17518 29
17519 88
17520 17
17521 88
17522 66
17523 62
17524 17
17525 90
17526 47
17527 31
17528 72
17529 23
17530 27
17531 68
17532 94
17533 37
17534 50
17535 72
17536 22
17537 15
17538 15
17539 97
17540 49
17541 12
17542 60
17543 61
17544 28
17545 29
17546 86
17547 33
17548 2
17549 87
17550 20
17551 69
17552 47
17553 1
17554 87
17555 39
17556 36
17557 81
17558 96
17559 17
17560 66
17561 88
17562 54
17563 8
17564 54
17565 86
17566 69
17567 6
17568 23
17569 90
17570 17
17571 29
17572 23
17573 68
17574 62
17575 52
17576 37
17577 95
17578 31
17579 79
17580 24
17581 62
17582 62
17583 10
17584 70
17585 24
17586 50
17587 80
17588 86
17589 97
17590 67
17591 40
17592 85
17593 53
17594 46
17595 14
17596 27
17597 8
17598 82
17599 93
17600 55
17601 42
17602 60
17603 55
17604 4
17605 94
17606 72
17607 50
17608 50
17609 71
17610 91
17611 57
17612 7
17613 30
17614 52
17615 93
17616 71
17617 42
17618 53
17619 55
17620 44
17621 90
17622 78
17623 56
17624 93
17625 4
17626 10
17627 76
17628 0
17629 23
17630 95
17631 89
17632 78
17633 9
17634 13
17635 82
17636 46
17637 48
17638 45
17639 8
17640 50
17641 51
17642 92
17643 31
17644 44
17645 94
17646 61
17647 47
17648 34
17649 93
17650 41
17651 24
17652 36
17653 43
17654 8
17655 33
17656 25
17657 61
17658 18
17659 30
17660 79
17661 77
17662 47
17663 92
17664 86
17665 22
17666 57
17667 68
17668 78
17669 68
17670 99
17671 46
17672 79
17673 13
17674 81
17675 98
17676 56
17677 92
17678 88
17679 75
17680 83
17681 4
17682 97
17683 40
17684 73
17685 22
17686 51
17687 36
17688 8
17689 18
17690 37
17691 16
17692 11
17693 7
17694 4
17695 95
17696 36
17697 29
17698 83
17699 23
17700 95
17701 85
17702 27
17703 20
17704 29
17705 36
17706 3
17707 38
17708 37
17709 75
17710 63
17711 96
17712 99
17713 72
17714 87
17715 6
17716 60
17717 83
17718 82
17719 67
17720 27
17721 67
17722 53
17723 24
17724 58
17725 2
17726 96
17727 70
17728 80
17729 39
17730 16
17731 83
17732 44
17733 96
17734 42
17735 82
17736 21
17737 78
17738 10
17739 92
17740 16
17741 19
17742 1
17743 38
17744 97
17745 55
17746 2
17747 32
17748 14
17749 52
17750 56
17751 87
17752 47
17753 27
17754 79
17755 17
17756 36
17757 74
17758 94
17759 99
17760 71
17761 12
17762 62
17763 13
17764 2
17765 35
17766 37
17767 87
17768 12
17769 94
17770 26
17771 21
17772 47
17773 38
17774 70
17775 0
17776 49
17777 9
17778 16
17779 97
17780 0
17781 22
17782 73
17783 41
17784 83
17785 19
17786 37
17787 25
17788 6
17789 31
17790 83
17791 29
17792 44
17793 14
17794 61
17795 77
17796 7
17797 27
17798 47
17799 52
17800 4
17801 87
17802 7
17803 81
17804 92
17805 80
17806 70
17807 44
17808 19
17809 7
17810 21
17811 17
17812 6
17813 56
17814 28
17815 93
17816 92
17817 8
17818 87
17819 84
17820 60
17821 13
17822 60
17823 83
17824 42
17825 29
17826 35
17827 48
17828 0
17829 18
17830 14
17831 96
17832 50
17833 59
17834 91
17835 72
17836 97
17837 90
17838 86
17839 39
17840 36
17841 55
17842 73
17843 3
17844 73
17845 17
17846 52
17847 42
17848 74
17849 76
17850 12
17851 41
17852 9
17853 21
17854 79
17855 28
17856 11
17857 45
17858 34
17859 89
17860 78
17861 72
17862 0
17863 70
17864 40
17865 69
17866 35
17867 77
17868 46
17869 88
17870 24
17871 77
17872 75
17873 68
17874 78
17875 6
17876 36
17877 60
17878 13
17879 32
17880 52
17881 81
17882 29
17883 84
17884 96
17885 87
17886 10
17887 48
17888 13
17889 21
17890 93
17891 25
17892 94
17893 77
17894 46
17895 66
17896 40
17897 35
17898 12
17899 55
17900 24
17901 2
17902 51
17903 93
17904 74
17905 2
17906 22
17907 63
17908 23
17909 23
17910 93
17911 66
17912 57
17913 7
17914 62
17915 76
17916 54
17917 28
17918 18
17919 35
17920 24
17921 80
17922 34
17923 98
17924 77
17925 16
17926 14
17927 99
17928 80
17929 58
17930 5
17931 38
17932 93
17933 74
17934 30
17935 86
17936 11
17937 46
17938 90
17939 39
17940 95
17941 51
17942 3
17943 85
17944 34
17945 67
17946 73
17947 17
17948 98
17949 17
17950 89
17951 48
17952 46
17953 54
17954 27
17955 47
17956 48
17957 90
17958 48
17959 44
17960 37
17961 2
17962 3
17963 44
17964 96
17965 37
17966 10
17967 32
17968 40
17969 22
17970 77
17971 20
17972 93
17973 38
17974 23
17975 35
17976 56
17977 44
17978 88
17979 79
17980 46
17981 77
17982 53
17983 69
17984 30
17985 22
17986 15
17987 42
17988 50
17989 45
17990 92
17991 75
17992 76
17993 73
17994 51
17995 55
17996 62
17997 24
17998 1
17999 79
18000 91
18001 48
18002 42
18003 12
18004 40
18005 13
18006 90
18007 95
18008 1
18009 26
18010 0
18011 0
18012 45
18013 8
18014 86
18015 62
18016 62
18017 30
18018 63
18019 27
18020 38
18021 52
18022 26
18023 84
18024 68
18025 3
18026 1
18027 69
18028 13
18029 52
18030 22
18031 3
18032 52
18033 56
18034 93
18035 66
18036 5
18037 91
18038 10
18039 40
18040 46
18041 7
18042 89
18043 3
18044 99
18045 79
18046 28
18047 6
18048 88
18049 60
18050 16
18051 35
18052 97
18053 69
18054 50
18055 36
18056 0
18057 78
18058 71
18059 56
18060 58
18061 91
18062 4
18063 39
18064 69
18065 70
18066 73
18067 79
18068 53
18069 60
18070 99
18071 74
18072 48
18073 22
18074 8
18075 9
18076 23
18077 98
18078 10
18079 80
18080 11
18081 36
18082 92
18083 99
18084 33
18085 44
18086 16
18087 83
18088 65
18089 76
18090 6
18091 25
18092 0
18093 17
18094 15
18095 7
18096 81
18097 36
18098 71
18099 84
18100 96
18101 67
18102 33
18103 86
18104 32
18105 91
18106 93
18107 72
18108 35
18109 99
18110 70
18111 85
18112 52
18113 46
18114 76
18115 62
18116 46
18117 53
18118 89
18119 11
18120 29
18121 63
18122 14
18123 99
18124 18
18125 99
18126 16
18127 27
18128 30
18129 29
18130 44
18131 2
18132 51
18133 29
18134 16
18135 25
18136 4
18137 17
18138 50
18139 12
18140 74
18141 84
18142 23
18143 65
18144 95
18145 8
18146 95
18147 24
18148 54
18149 67
18150 81
18151 15
18152 5
18153 68
18154 72
18155 76
18156 58
18157 9
18158 75
18159 48
18160 88
18161 80
18162 61
18163 18
18164 38
18165 20
18166 85
18167 71
18168 66
18169 59
18170 24
18171 14
18172 4
18173 14
18174 87
18175 83
18176 67
18177 73
18178 12
18179 54
18180 32
18181 11
18182 47
18183 55
18184 67
18185 53
18186 60
18187 58
18188 66
18189 41
18190 28
18191 8
18192 89
18193 79
18194 99
18195 48
18196 3
18197 61
18198 70
18199 43
18200 7
18201 43
18202 52
18203 8
18204 93
18205 30
18206 15
18207 47
18208 45
18209 15
18210 3
18211 61
18212 6
18213 53
18214 56
18215 59
18216 70
18217 91
18218 95
18219 52
18220 41
18221 47
18222 38
18223 49
18224 52
18225 2
18226 22
18227 7
18228 45
18229 30
18230 88
18231 59
18232 72
18233 48
18234 70
18235 42
18236 89
18237 25
18238 69
18239 70
18240 18
18241 18
18242 62
18243 57
18244 77
18245 89
18246 72
18247 96
18248 82
18249 95
18250 50
18251 15
18252 19
18253 8
18254 70
18255 61
18256 12
18257 16
18258 50
18259 79
18260 50
18261 34
18262 12
18263 2
18264 32
18265 52
18266 13
18267 82
18268 6
18269 48
18270 32
18271 71
18272 33
18273 10
18274 48
18275 62
18276 76
18277 66
18278 77
18279 13
18280 1
18281 87
18282 95
18283 82
18284 14
18285 92
18286 73
18287 57
18288 7
18289 69
18290 3
18291 25
18292 43
18293 88
18294 42
18295 8
18296 11
18297 64
18298 3
18299 16
18300 95
18301 75
18302 22
18303 6
18304 89
18305 31
18306 56
18307 7
18308 69
18309 3
18310 20
18311 15
18312 8
18313 42
18314 78
18315 28
18316 66
18317 73
18318 3
18319 17
18320 34
18321 84
18322 51
18323 88
18324 93
18325 12
18326 95
18327 12
18328 16
18329 93
18330 73
18331 65
18332 15
18333 90
18334 45
18335 90
18336 71
18337 81
18338 26
18339 41
18340 77
18341 48
18342 76
18343 63
18344 7
18345 89
18346 22
18347 69
18348 84
18349 93
18350 31
18351 24
18352 59
18353 39
18354 34
18355 10
18356 25
18357 76
18358 54
18359 68
18360 36
18361 75
18362 95
18363 35
18364 98
18365 44
18366 9
18367 76
18368 0
18369 70
18370 22
18371 53
18372 29
18373 84
18374 25
18375 6
18376 12
18377 65
18378 41
18379 92
18380 54
18381 16
18382 9
18383 39
18384 26
18385 28
18386 44
18387 58
18388 65
18389 35
18390 38
18391 68
18392 28
18393 23
18394 78
18395 19
18396 95
18397 59
18398 7
18399 36
18400 51
18401 87
18402 2
18403 31
18404 56
18405 78
18406 38
18407 43
18408 1
18409 88
18410 34
18411 63
18412 38
18413 86
18414 75
18415 37
18416 38
18417 22
18418 46
18419 58
18420 66
18421 92
18422 9
18423 63
18424 20
18425 2
18426 96
18427 34
18428 26
18429 67
18430 48
18431 39
18432 2
18433 55
18434 90
18435 90
18436 86
18437 98
18438 16
18439 26
18440 99
18441 11
18442 56
18443 50
18444 70
18445 85
18446 95
18447 84
18448 43
18449 70
18450 39
18451 26
18452 89
18453 73
18454 29
18455 62
18456 36
18457 96
18458 78
18459 66
18460 40
18461 52
18462 89
18463 12
18464 59
18465 77
18466 8
18467 84
18468 18
18469 7
18470 91
18471 41
18472 8
18473 67
18474 85
18475 0
18476 3
18477 20
18478 59
18479 13
18480 97
18481 22
18482 70
18483 34
18484 4
18485 50
18486 53
18487 54
18488 72
18489 90
18490 94
18491 11
18492 91
18493 20
18494 2
18495 4
18496 15
18497 40
18498 8
18499 66
18500 19
18501 55
18502 91
18503 97
18504 19
18505 73
18506 36
18507 84
18508 39
18509 88
18510 44
18511 39
18512 51
18513 23
18514 9
18515 26
18516 46
18517 74
18518 27
18519 71
18520 69
18521 28
18522 46
18523 86
18524 89
18525 58
18526 52
18527 93
18528 56
18529 44
18530 94
18531 99
18532 69
18533 75
18534 63
18535 95
18536 62
18537 47
18538 71
18539 69
18540 23
18541 67
18542 8
18543 48
18544 72
18545 63
18546 21
18547 56
18548 41
18549 87
18550 63
18551 31
18552 19
18553 86
18554 54
18555 82
18556 64
18557 25
18558 55
18559 90
18560 17
18561 37
18562 17
18563 18
18564 13
18565 76
18566 53
18567 69
18568 25
18569 83
18570 59
18571 21
18572 95
18573 92
18574 92
18575 1
18576 71
18577 93
18578 39
18579 68
18580 77
18581 63
18582 20
18583 25
18584 52
18585 99
18586 31
18587 16
18588 0
18589 7
18590 94
18591 64
18592 23
18593 30
18594 22
18595 11
18596 6
18597 80
18598 0
18599 95
18600 36
18601 10
18602 4
18603 72
18604 91
18605 18
18606 38
18607 69
18608 6
18609 12
18610 19
18611 91
18612 79
18613 59
18614 56
18615 39
18616 60
18617 69
18618 39
18619 70
18620 62
18621 58
18622 65
18623 93
18624 85
18625 37
18626 0
18627 17
18628 20
18629 45
18630 93
18631 82
18632 6
18633 13
18634 63
18635 51
18636 33
18637 62
18638 37
18639 53
18640 55
18641 11
18642 83
18643 40
18644 17
18645 26
18646 11
18647 16
18648 52
18649 10
18650 78
18651 91
18652 13
18653 91
18654 27
18655 39
18656 37
18657 19
18658 9
18659 30
18660 75
18661 80
18662 86
18663 66
18664 93
18665 71
18666 14
18667 46
18668 63
18669 58
18670 58
18671 99
18672 48
18673 54
18674 42
18675 2
18676 84
18677 55
18678 58
18679 78
18680 73
18681 23
18682 42
18683 45
18684 48
18685 83
18686 41
18687 89
18688 76
18689 22
18690 83
18691 71
18692 92
18693 69
18694 68
18695 71
18696 92
18697 76
18698 69
18699 20
18700 77
18701 32
18702 40
18703 38
18704 24
18705 8
18706 74
18707 51
18708 38
18709 71
18710 24
18711 97
18712 98
18713 8
18714 56
18715 1
18716 82
18717 31
18718 33
18719 32
18720 39
18721 98
18722 17
18723 54
18724 15
18725 48
18726 90
18727 96
18728 77
18729 37
18730 35
18731 14
18732 28
18733 14
18734 38
18735 92
18736 10
18737 55
18738 79
18739 25
18740 85
18741 8
18742 36
18743 74
18744 27
18745 20
18746 96
18747 73
18748 10
18749 85
18750 82
18751 45
18752 64
18753 70
18754 15
18755 59
18756 33
18757 53
18758 64
18759 24
18760 40
18761 81
18762 32
18763 63
18764 94
18765 84
18766 85
18767 16
18768 0
18769 85
18770 53
18771 16
18772 55
18773 14
18774 22
18775 46
18776 73
18777 72
18778 85
18779 69
18780 70
18781 73
18782 42
18783 40
18784 47
18785 6
18786 85
18787 99
18788 17
18789 28
18790 49
18791 88
18792 48
18793 22
18794 59
18795 76
18796 25
18797 3
18798 17
18799 38
18800 0
18801 23
18802 32
18803 4
18804 47
18805 72
18806 1
18807 48
18808 47
18809 47
18810 87
18811 75
18812 67
18813 61
18814 57
18815 72
18816 5
18817 75
18818 70
18819 78
18820 46
18821 12
18822 35
18823 7
18824 62
18825 9
18826 23
18827 63
18828 87
18829 60
18830 10
18831 78
18832 40
18833 87
18834 88
18835 27
18836 54
18837 85
18838 12
18839 28
18840 6
18841 23
18842 15
18843 42
18844 35
18845 95
18846 55
18847 35
18848 46
18849 43
18850 33
18851 94
18852 2
18853 55
18854 29
18855 69
18856 59
18857 12
18858 8
18859 78
18860 13
18861 12
18862 52
18863 94
18864 27
18865 16
18866 87
18867 39
18868 67
18869 17
18870 9
18871 7
18872 27
18873 54
18874 66
18875 35
18876 43
18877 23
18878 72
18879 37
18880 50
18881 80
18882 15
18883 23
18884 36
18885 97
18886 98
18887 55
18888 65
18889 76
18890 42
18891 59
18892 97
18893 15
18894 66
18895 55
18896 30
18897 82
18898 2
18899 7
18900 52
18901 22
18902 53
18903 68
18904 55
18905 97
18906 29
18907 12
18908 50
18909 69
18910 88
18911 76
18912 36
18913 75
18914 68
18915 2
18916 30
18917 44
18918 22
18919 40
18920 60
18921 74
18922 36
18923 49
18924 47
18925 4
18926 58
18927 68
18928 40
18929 17
18930 37
18931 96
18932 39
18933 73
18934 64
18935 28
18936 19
18937 0
18938 86
18939 6
18940 85
18941 58
18942 28
18943 7
18944 65
18945 12
18946 21
18947 71
18948 57
18949 64
18950 87
18951 13
18952 95
18953 52
18954 92
18955 36
18956 93
18957 75
18958 96
18959 86
18960 67
18961 40
18962 46
18963 98
18964 54
18965 94
18966 23
18967 1
18968 30
18969 28
18970 68
18971 54
18972 15
18973 91
18974 92
18975 96
18976 23
18977 54
18978 96
18979 90
18980 61
18981 46
18982 23
18983 54
18984 28
18985 48
18986 22
18987 75
18988 19
18989 66
18990 9
18991 79
18992 61
18993 30
18994 86
18995 98
18996 58
18997 61
18998 21
18999 53
19000 25
19001 40
19002 76
19003 36
19004 4
19005 29
19006 29
19007 67
19008 91
19009 10
19010 28
19011 56
19012 35
19013 4
19014 74
19015 35
19016 32
19017 74
19018 3
19019 88
19020 89
19021 1
19022 47
19023 77
19024 31
19025 6
19026 30
19027 67
19028 64
19029 14
19030 38
19031 77
19032 3
19033 35
19034 51
19035 90
19036 29
19037 34
19038 80
19039 71
19040 26
19041 19
19042 21
19043 50
19044 22
19045 44
19046 39
19047 91
19048 98
19049 4
19050 60
19051 12
19052 0
19053 0
19054 91
19055 53
19056 29
19057 27
19058 38
19059 46
19060 41
19061 31
19062 84
19063 85
19064 25
19065 98
19066 33
19067 29
19068 44
19069 76
19070 29
19071 22
19072 86
19073 42
19074 1
19075 7
19076 42
19077 26
19078 32
19079 18
19080 16
19081 89
19082 8
19083 7
19084 41
19085 57
19086 99
19087 44
19088 98
19089 91
19090 13
19091 1
19092 16
19093 13
19094 17
19095 58
19096 76
19097 15
19098 50
19099 64
19100 37
19101 53
19102 62
19103 83
19104 9
19105 1
19106 11
19107 19
19108 5
19109 96
19110 66
19111 7
19112 60
19113 94
19114 45
19115 98
19116 6
19117 91
19118 30
19119 17
19120 77
19121 66
19122 61
19123 62
19124 66
19125 4
19126 47
19127 71
19128 76
19129 90
19130 46
19131 23
19132 47
19133 74
19134 70
19135 63
19136 98
19137 3
19138 89
19139 26
19140 17
19141 25
19142 53
19143 61
19144 10
19145 65
19146 89
19147 69
19148 2
19149 47
19150 23
19151 58
19152 58
19153 36
19154 54
19155 67
19156 77
19157 29
19158 8
19159 17
19160 43
19161 56
19162 11
19163 11
19164 99
19165 6
19166 68
19167 68
19168 10
19169 72
19170 94
19171 90
19172 64
19173 32
19174 17
19175 40
19176 14
19177 95
19178 87
19179 80
19180 80
19181 24
19182 8
19183 72
19184 8
19185 68
19186 3
19187 82
19188 42
19189 44
19190 93
19191 61
19192 39
19193 82
19194 13
19195 53
19196 37
19197 61
19198 28
19199 80
19200 44
19201 82
19202 79
19203 73
19204 43
19205 25
19206 12
19207 30
19208 40
19209 25
19210 16
19211 78
19212 50
19213 84
19214 87
19215 77
19216 72
19217 21
19218 19
19219 48
19220 88
19221 44
19222 84
19223 90
19224 99
19225 2
19226 9
19227 44
19228 8
19229 0
19230 2
19231 42
19232 30
19233 79
19234 83
19235 54
19236 11
19237 70
19238 86
19239 75
19240 40
19241 54
19242 8
19243 28
19244 59
19245 10
19246 18
19247 73
19248 8
19249 67
19250 80
19251 78
19252 75
19253 9
19254 17
19255 41
19256 67
19257 17
19258 76
19259 70
19260 7
19261 10
19262 10
19263 30
19264 20
19265 19
19266 39
19267 76
19268 96
19269 73
19270 77
19271 29
19272 28
19273 72
19274 25
19275 92
19276 38
19277 89
19278 96
19279 57
19280 70
19281 3
19282 23
19283 64
19284 60
19285 45
19286 96
19287 14
19288 14
19289 35
19290 36
19291 35
19292 1
19293 64
19294 22
19295 46
19296 6
19297 36
19298 89
19299 81
19300 67
19301 84
19302 48
19303 63
19304 4
19305 38
19306 97
19307 2
19308 73
19309 49
19310 33
19311 80
19312 25
19313 56
19314 64
19315 90
19316 1
19317 33
19318 89
19319 28
19320 36
19321 57
19322 81
19323 55
19324 39
19325 66
19326 39
19327 22
19328 4
19329 0
19330 30
19331 91
19332 74
19333 86
19334 92
19335 95
19336 64
19337 91
19338 21
19339 44
19340 57
19341 5
19342 71
19343 31
19344 27
19345 75
19346 0
19347 99
19348 79
19349 5
19350 23
19351 0
19352 2
19353 87
19354 93
19355 46
19356 26
19357 11
19358 18
19359 56
19360 53
19361 97
19362 91
19363 2
19364 81
19365 26
19366 50
19367 30
19368 76
19369 71
19370 71
19371 8
19372 72
19373 39
19374 47
19375 50
19376 88
19377 48
19378 57
19379 70
19380 7
19381 84
19382 43
19383 17
19384 9
19385 4
19386 18
19387 30
19388 67
19389 33
19390 54
19391 72
19392 61
19393 82
19394 50
19395 29
19396 63
19397 2
19398 6
19399 21
19400 6
19401 7
19402 58
19403 4
19404 37
19405 25
19406 43
19407 57
19408 92
19409 59
19410 99
19411 4
19412 94
19413 61
19414 13
19415 99
19416 41
19417 65
19418 67
19419 44
19420 82
19421 11
19422 57
19423 89
19424 70
19425 2
19426 99
19427 36
19428 5
19429 60
19430 73
19431 53
19432 55
19433 35
19434 56
19435 38
19436 78
19437 66
19438 80
19439 55
19440 33
19441 63
19442 85
19443 11
19444 6
19445 66
19446 2
19447 8
19448 78
19449 98
19450 44
19451 19
19452 74
19453 47
19454 28
19455 41
19456 83
19457 86
19458 52
19459 79
19460 0
19461 53
19462 5
19463 2
19464 9
19465 6
19466 7
19467 41
19468 91
19469 88
19470 4
19471 52
19472 7
19473 80
19474 38
19475 15
19476 68
19477 70
19478 53
19479 84
19480 60
19481 82
19482 84
19483 90
19484 38
19485 64
19486 69
19487 22
19488 19
19489 65
19490 26
19491 86
19492 94
19493 19
19494 36
19495 67
19496 77
19497 89
19498 18
19499 39
19500 10
19501 59
19502 57
19503 83
19504 9
19505 47
19506 55
19507 44
19508 59
19509 18
19510 82
19511 42
19512 8
19513 29
19514 36
19515 95
19516 55
19517 61
19518 51
19519 76
19520 92
19521 12
19522 74
19523 3
19524 47
19525 32
19526 20
19527 33
19528 3
19529 97
19530 77
19531 77
19532 17
19533 94
19534 21
19535 39
19536 20
19537 53
19538 86
19539 89
19540 78
19541 35
19542 62
19543 81
19544 26
19545 61
19546 86
19547 62
19548 70
19549 79
19550 0
19551 18
19552 31
19553 61
19554 58
19555 86
19556 28
19557 95
19558 10
19559 50
19560 14
19561 98
19562 86
19563 57
19564 60
19565 24
19566 36
19567 67
19568 8
19569 72
19570 25
19571 52
19572 21
19573 40
19574 24
19575 95
19576 70
19577 67
19578 97
19579 94
19580 3
19581 99
19582 57
19583 2
19584 60
19585 30
19586 60
19587 90
19588 80
19589 93
19590 15
19591 60
19592 28
19593 0
19594 99
19595 66
19596 25
19597 22
19598 66
19599 2
19600 52
19601 11
19602 96
19603 70
19604 53
19605 71
19606 47
19607 93
19608 55
19609 2
19610 19
19611 4
19612 85
19613 94
19614 77
19615 73
19616 34
19617 64
19618 40
19619 31
19620 84
19621 35
19622 63
19623 94
19624 7
19625 89
19626 75
19627 57
19628 55
19629 24
19630 4
19631 57
19632 16
19633 74
19634 83
19635 88
19636 64
19637 30
19638 63
19639 13
19640 29
19641 98
19642 30
19643 23
19644 12
19645 32
19646 37
19647 97
19648 14
19649 52
19650 35
19651 10
19652 35
19653 60
19654 53
19655 64
19656 38
19657 37
19658 23
19659 99
19660 45
19661 37
19662 78
19663 29
19664 15
19665 65
19666 19
19667 37
19668 79
19669 98
19670 3
19671 47
19672 1
19673 82
19674 17
19675 93
19676 55
19677 18
19678 69
19679 24
19680 42
19681 62
19682 11
19683 97
19684 80
19685 55
19686 15
19687 56
19688 93
19689 86
19690 51
19691 30
19692 51
19693 64
19694 65
19695 34
19696 48
19697 80
19698 2
19699 30
19700 71
19701 57
19702 4
19703 82
19704 54
19705 66
19706 41
19707 95
19708 2
19709 92
19710 96
19711 37
19712 67
19713 70
19714 78
19715 75
19716 42
19717 6
19718 29
19719 7
19720 69
19721 29
19722 81
19723 54
19724 72
19725 37
19726 47
19727 22
19728 46
19729 94
19730 52
19731 79
19732 87
19733 7
19734 6
19735 3
19736 50
19737 46
19738 28
19739 79
19740 25
19741 61
19742 75
19743 5
19744 37
19745 97
19746 35
19747 12
19748 50
19749 94
19750 85
19751 98
19752 88
19753 38
19754 92
19755 28
19756 73
19757 84
19758 66
19759 67
19760 13
19761 12
19762 1
19763 17
19764 53
19765 34
19766 67
19767 90
19768 52
19769 52
19770 71
19771 91
19772 35
19773 56
19774 6
19775 97
19776 90
19777 19
19778 55
19779 12
19780 79
19781 84
19782 38
19783 67
19784 95
19785 66
19786 66
19787 75
19788 54
19789 46
19790 59
19791 61
19792 61
19793 4
19794 73
19795 64
19796 88
19797 8
19798 58
19799 91
19800 22
19801 95
19802 75
19803 84
19804 64
19805 87
19806 40
19807 10
19808 51
19809 2
19810 56
19811 34
19812 14
19813 29
19814 10
19815 45
19816 52
19817 87
19818 59
19819 76
19820 12
19821 33
19822 76
19823 6
19824 70
19825 41
19826 24
19827 26
19828 89
19829 3
19830 60
19831 27
19832 99
19833 15
19834 54
19835 3
19836 83
19837 14
19838 87
19839 25
19840 44
19841 0
19842 36
19843 20
19844 23
19845 9
19846 6
19847 18
19848 73
19849 86
19850 26
19851 23
19852 51
19853 61
19854 84
19855 57
19856 46
19857 28
19858 56
19859 76
19860 53
19861 22
19862 91
19863 78
19864 61
19865 68
19866 27
19867 28
19868 20
19869 36
19870 19
19871 82
19872 82
19873 11
19874 96
19875 58
19876 95
19877 1
19878 67
19879 29
19880 3
19881 81
19882 71
19883 35
19884 86
19885 17
19886 17
19887 56
19888 38
19889 70
19890 35
19891 76
19892 35
19893 77
19894 33
19895 23
19896 45
19897 36
19898 78
19899 14
19900 72
19901 44
19902 75
19903 26
19904 88
19905 21
19906 20
19907 22
19908 22
19909 17
19910 57
19911 36
19912 15
19913 92
19914 83
19915 3
19916 89
19917 99
19918 45
19919 75
19920 78
19921 13
19922 34
19923 94
19924 39
19925 39
19926 87
19927 97
19928 19
19929 47
19930 45
19931 40
19932 98
19933 43
19934 78
19935 60
19936 6
19937 64
19938 70
19939 35
19940 10
19941 19
19942 71
19943 40
19944 9
19945 45
19946 54
19947 39
19948 62
19949 34
19950 31
19951 41
19952 82
19953 21
19954 99
19955 44
19956 54
19957 73
19958 5
19959 19
19960 42
19961 4
19962 74
19963 63
19964 8
19965 56
19966 11
19967 38
19968 23
19969 71
19970 19
19971 38
19972 40
19973 9
19974 94
19975 77
19976 81
19977 8
19978 35
19979 78
19980 22
19981 52
19982 52
19983 18
19984 32
19985 91
19986 50
19987 21
19988 25
19989 28
19990 44
19991 12
19992 15
19993 5
19994 20
19995 6
19996 43
19997 51
19998 29
19999 38
20000 61
20001 74
20002 96
20003 18
20004 2
20005 77
20006 90
20007 12
20008 67
20009 21
20010 51
20011 23
20012 19
20013 84
20014 41
20015 37
20016 16
20017 32
20018 38
20019 25
20020 99
20021 90
20022 63
20023 87
20024 67
20025 72
20026 52
20027 80
20028 27
20029 6
20030 86
20031 2
20032 28
20033 5
20034 46
20035 0
20036 6
20037 99
20038 30
20039 14
20040 19
20041 61
20042 29
20043 75
20044 41
20045 93
20046 76
20047 71
20048 19
20049 94
20050 80
20051 78
20052 0
20053 5
20054 14
20055 92
20056 8
20057 71
20058 91
20059 37
20060 63
20061 28
20062 36
20063 63
20064 3
20065 73
20066 56
20067 21
20068 86
20069 31
20070 27
20071 0
20072 14
20073 18
20074 87
20075 38
20076 21
20077 77
20078 76
20079 55
20080 56
20081 83
20082 69
20083 51
20084 57
20085 86
20086 69
20087 82
20088 2
20089 14
20090 31
20091 90
20092 65
20093 55
20094 20
20095 46
20096 67
20097 10
20098 23
20099 66
20100 35
20101 48
20102 85
20103 9
20104 65
20105 24
20106 7
20107 50
20108 89
20109 66
20110 74
20111 53
20112 91
20113 45
20114 95
20115 67
20116 40
20117 87
20118 56
20119 44
20120 70
20121 54
20122 56
20123 85
20124 83
20125 20
20126 37
20127 42
20128 95
20129 90
20130 72
20131 55
20132 31
20133 46
20134 55
20135 62
20136 65
20137 72
20138 61
20139 15
20140 69
20141 31
20142 30
20143 35
20144 2
20145 74
20146 66
20147 51
20148 41
20149 0
20150 92
20151 38
20152 74
20153 9
20154 92
20155 33
20156 92
20157 3
20158 6
20159 25
20160 25
20161 84
20162 20
20163 5
20164 71
20165 97
20166 82
20167 32
20168 5
20169 32
20170 39
20171 50
20172 44
20173 33
20174 26
20175 11
20176 58
20177 96
20178 48
20179 97
20180 62
20181 18
20182 50
20183 55
20184 44
20185 75
20186 76
20187 68
20188 0
20189 74
20190 92
20191 7
20192 32
20193 80
20194 17
20195 26
20196 15
20197 20
20198 42
20199 64
20200 4
20201 52
20202 53
20203 1
20204 96
20205 25
20206 6
20207 1
20208 55
20209 26
20210 95
20211 65
20212 17
20213 30
20214 65
20215 79
20216 50
20217 92
20218 60
20219 93
20220 75
20221 46
20222 36
20223 24
20224 31
20225 92
20226 2
20227 8
20228 46
20229 44
20230 13
20231 38
20232 36
20233 95
20234 55
20235 85
20236 53
20237 4
20238 73
20239 37
20240 16
20241 51
20242 41
20243 5
20244 39
20245 64
20246 19
20247 30
20248 68
20249 16
20250 69
20251 14
20252 16
20253 8
20254 25
20255 7
20256 17
20257 94
20258 99
20259 61
20260 18
20261 96
20262 50
20263 60
20264 57
20265 77
20266 24
20267 95
20268 8
20269 68
20270 0
20271 37
20272 22
20273 32
20274 82
20275 83
20276 69
20277 89
20278 30
20279 56
20280 60
20281 12
20282 50
20283 3
20284 63
20285 4
20286 77
20287 81
20288 41
20289 82
20290 6
20291 11
20292 28
20293 48
20294 32
20295 62
20296 9
20297 30
20298 73
20299 11
20300 89
20301 81
20302 78
20303 94
20304 12
20305 92
20306 45
20307 91
20308 71
20309 87
20310 96
20311 61
20312 40
20313 55
20314 75
20315 54
20316 4
20317 99
20318 72
20319 26
20320 20
20321 19
20322 82
20323 81
20324 20
20325 22
20326 6
20327 33
20328 57
20329 72
20330 2
20331 79
20332 25
20333 84
20334 58
20335 69
20336 86
20337 57
20338 20
20339 76
20340 64
20341 96
20342 25
20343 25
20344 91
20345 51
20346 14
20347 14
20348 93
20349 99
20350 81
20351 85
20352 45
20353 32
20354 59
20355 87
20356 65
20357 22
20358 19
20359 39
20360 10
20361 8
20362 40
20363 15
20364 76
20365 22
20366 96
20367 4
20368 73
20369 34
20370 4
20371 42
20372 36
20373 86
20374 52
20375 15
20376 63
20377 51
20378 85
20379 98
20380 45
20381 19
20382 12
20383 79
20384 34
20385 4
20386 55
20387 12
20388 70
20389 16
20390 69
20391 68
20392 15
20393 41
20394 37
20395 3
20396 0
20397 26
20398 95
20399 65
20400 82
20401 48
20402 43
20403 32
20404 88
20405 40
20406 85
20407 9
20408 83
20409 75
20410 43
20411 40
20412 30
20413 77
20414 32
20415 8
20416 86
20417 46
20418 12
20419 63
20420 64
20421 87
20422 20
20423 32
20424 69
20425 63
20426 99
20427 14
20428 9
20429 18
20430 75
20431 83
20432 79
20433 77
20434 25
20435 8
20436 79
20437 49
20438 25
20439 82
20440 14
20441 57
20442 36
20443 15
20444 41
20445 0
20446 93
20447 59
20448 97
20449 95
20450 3
20451 76
20452 48
20453 77
20454 66
20455 5
20456 37
20457 20
20458 50
20459 73
20460 96
20461 12
20462 96
20463 99
20464 15
20465 95
20466 42
20467 3
20468 58
20469 38
20470 76
20471 28
20472 39
20473 85
20474 43
20475 40
20476 76
20477 83
20478 29
20479 38
20480 61
20481 78
20482 65
20483 37
20484 95
20485 65
20486 80
20487 81
20488 89
20489 16
20490 42
20491 88
20492 38
20493 2
20494 91
20495 0
20496 33
20497 96
20498 87
20499 99
20500 41
20501 85
20502 81
20503 95
20504 5
20505 19
20506 20
20507 16
20508 69
20509 42
20510 73
20511 74
20512 4
20513 2
20514 32
20515 97
20516 51
20517 67
20518 89
20519 97
20520 92
20521 33
20522 80
20523 70
20524 3
20525 6
20526 77
20527 36
20528 35
20529 28
20530 47
20531 29
20532 16
20533 24
20534 57
20535 16
20536 81
20537 75
20538 30
20539 63
20540 33
20541 84
20542 5
20543 26
20544 60
20545 7
20546 2
20547 69
20548 7
20549 19
20550 97
20551 56
20552 14
20553 31
20554 52
20555 92
20556 23
20557 46
20558 61
20559 83
20560 97
20561 96
20562 63
20563 95
20564 65
20565 57
20566 19
20567 51
20568 66
20569 52
20570 5
20571 84
20572 17
20573 1
20574 71
20575 26
20576 57
20577 56
20578 75
20579 92
20580 76
20581 57
20582 35
20583 77
20584 63
20585 66
20586 99
20587 74
20588 86
20589 85
20590 92
20591 58
20592 69
20593 20
20594 14
20595 71
20596 65
20597 5
20598 15
20599 6
20600 99
20601 13
20602 92
20603 62
20604 74
20605 24
20606 66
20607 59
20608 86
20609 18
20610 61
20611 93
20612 73
20613 15
20614 57
20615 27
20616 17
20617 43
20618 54
20619 35
20620 89
20621 28
20622 72
20623 72
20624 30
20625 67
20626 51
20627 24
20628 25
20629 28
20630 48
20631 73
20632 22
20633 22
20634 91
20635 43
20636 46
20637 46
20638 41
20639 46
20640 36
20641 22
20642 20
20643 8
20644 88
20645 23
20646 29
20647 42
20648 87
20649 49
20650 3
20651 86
20652 67
20653 34
20654 81
20655 51
20656 39
20657 90
20658 33
20659 99
20660 82
20661 57
20662 41
20663 63
20664 50
20665 53
20666 51
20667 80
20668 89
20669 54
20670 83
20671 95
20672 69
20673 1
20674 21
20675 92
20676 74
20677 46
20678 6
20679 52
20680 17
20681 89
20682 59
20683 63
20684 28
20685 15
20686 79
20687 0
20688 42
20689 86
20690 62
20691 68
20692 5
20693 92
20694 6
20695 20
20696 98
20697 54
20698 14
20699 11
20700 69
20701 25
20702 88
20703 73
20704 83
20705 3
20706 52
20707 60
20708 60
20709 9
20710 74
20711 85
20712 83
20713 52
20714 11
20715 11
20716 10
20717 91
20718 24
20719 8
20720 70
20721 66
20722 34
20723 93
20724 95
20725 1
20726 84
20727 84
20728 59
20729 73
20730 61
20731 61
20732 83
20733 0
20734 52
20735 99
20736 24
20737 35
20738 35
20739 18
20740 71
20741 51
20742 86
20743 5
20744 28
20745 18
20746 22
20747 98
20748 51
20749 64
20750 85
20751 12
20752 55
20753 24
20754 42
20755 76
20756 98
20757 83
20758 50
20759 12
20760 23
20761 60
20762 50
20763 42
20764 25
20765 5
20766 10
20767 43
20768 34
20769 12
20770 92
20771 84
20772 23
20773 11
20774 75
20775 86
20776 89
20777 30
20778 10
20779 48
20780 89
20781 2
20782 82
20783 51
20784 56
20785 40
20786 23
20787 1
20788 81
20789 33
20790 59
20791 21
20792 32
20793 8
20794 34
20795 79
20796 12
20797 72
20798 70
20799 65
20800 23
20801 56
20802 82
20803 97
20804 66
20805 82
20806 28
20807 38
20808 26
20809 41
20810 18
20811 92
20812 3
20813 22
20814 45
20815 31
20816 79
20817 28
20818 31
20819 84
20820 25
20821 72
20822 0
20823 26
20824 94
20825 91
20826 68
20827 86
20828 56
20829 56
20830 54
20831 72
20832 79
20833 48
20834 79
20835 15
20836 54
20837 13
20838 91
20839 25
20840 43
20841 32
20842 92
20843 95
20844 41
20845 31
20846 62
20847 11
20848 50
20849 28
20850 86
20851 38
20852 96
20853 1
20854 83
20855 45
20856 49
20857 58
20858 73
20859 82
20860 71
20861 48
20862 33
20863 73
20864 18
20865 24
20866 95
20867 71
20868 6
20869 73
20870 23
20871 79
20872 74
20873 64
20874 73
20875 21
20876 46
20877 19
20878 7
20879 4
20880 21
20881 72
20882 70
20883 9
20884 17
20885 37
20886 20
20887 9
20888 51
20889 69
20890 7
20891 38
20892 29
20893 13
20894 60
20895 3
20896 69
20897 99
20898 46
20899 7
20900 1
20901 86
20902 12
20903 15
20904 35
20905 72
20906 5
20907 68
20908 88
20909 40
20910 67
20911 1
20912 17
20913 43
20914 24
20915 11
20916 21
20917 80
20918 7
20919 63
20920 63
20921 54
20922 45
20923 87
20924 85
20925 3
20926 48
20927 63
20928 76
20929 79
20930 26
20931 59
20932 29
20933 89
20934 38
20935 66
20936 57
20937 81
20938 52
20939 75
20940 76
20941 99
20942 8
20943 31
20944 57
20945 29
20946 77
20947 28
20948 69
20949 73
20950 11
20951 21
20952 61
20953 22
20954 38
20955 25
20956 38
20957 63
20958 99
20959 97
20960 55
20961 66
20962 80
20963 41
20964 75
20965 98
20966 71
20967 68
20968 52
20969 25
20970 51
20971 65
20972 51
20973 75
20974 2
20975 22
20976 15
20977 11
20978 75
20979 83
20980 58
20981 12
20982 39
20983 7
20984 99
20985 61
20986 55
20987 77
20988 40
20989 87
20990 2
20991 27
20992 55
20993 38
20994 18
20995 56
20996 74
20997 93
20998 76
20999 74
21000 76
21001 70
21002 82
21003 12
21004 74
21005 69
21006 8
21007 97
21008 31
21009 67
21010 94
21011 90
21012 84
21013 33
21014 37
21015 98
21016 50
21017 86
21018 52
21019 74
21020 50
21021 40
21022 76
21023 4
21024 31
21025 38
21026 68
21027 73
21028 68
21029 40
21030 68
21031 81
21032 35
21033 63
21034 52
21035 40
21036 38
21037 75
21038 51
21039 79
21040 47
21041 50
21042 3
21043 10
21044 20
21045 40
21046 61
21047 71
21048 50
21049 3
21050 27
21051 96
21052 75
21053 18
21054 41
21055 81
21056 79
21057 86
21058 88
21059 22
21060 73
21061 23
21062 33
21063 45
21064 94
21065 59
21066 18
21067 79
21068 29
21069 75
21070 23
21071 5
21072 94
21073 81
21074 12
21075 97
21076 46
21077 13
21078 78
21079 79
21080 60
21081 10
21082 98
21083 78
21084 63
21085 71
21086 31
21087 30
21088 51
21089 2
21090 21
21091 73
21092 57
21093 72
21094 83
21095 57
21096 71
21097 63
21098 60
21099 36
21100 78
21101 37
21102 4
21103 42
21104 56
21105 58
21106 1
21107 76
21108 35
21109 24
21110 86
21111 73
21112 87
21113 29
21114 29
21115 35
21116 26
21117 39
21118 29
21119 90
21120 1
21121 14
21122 54
21123 19
21124 3
21125 45
21126 21
21127 98
21128 30
21129 70
21130 8
21131 18
21132 78
21133 20
21134 9
21135 29
21136 86
21137 62
21138 71
21139 93
21140 90
21141 36
21142 55
21143 9
21144 80
21145 26
21146 98
21147 54
21148 67
21149 79
21150 66
21151 14
21152 83
21153 57
21154 70
21155 24
21156 98
21157 78
21158 79
21159 54
21160 47
21161 63
21162 48
21163 0
21164 15
21165 21
21166 8
21167 42
21168 94
21169 58
21170 12
21171 39
21172 58
21173 14
21174 3
21175 21
21176 1
21177 65
21178 94
21179 19
21180 23
21181 74
21182 8
21183 75
21184 36
21185 18
21186 20
21187 50
21188 56
21189 41
21190 73
21191 86
21192 30
21193 85
21194 11
21195 84
21196 65
21197 38
21198 8
21199 11
21200 56
21201 26
21202 97
21203 0
21204 42
21205 66
21206 2
21207 81
21208 19
21209 43
21210 98
21211 44
21212 18
21213 18
21214 20
21215 24
21216 8
21217 94
21218 52
21219 46
21220 78
21221 91
21222 2
21223 69
21224 61
21225 82
21226 47
21227 91
21228 53
21229 25
21230 99
21231 12
21232 83
21233 79
21234 58
21235 5
21236 17
21237 86
21238 9
21239 33
21240 88
21241 23
21242 30
21243 59
21244 30
21245 61
21246 66
21247 78
21248 80
21249 55
21250 41
21251 49
21252 13
21253 10
21254 25
21255 44
21256 13
21257 0
21258 85
21259 12
21260 14
21261 1
21262 9
21263 91
21264 24
21265 94
21266 42
21267 50
21268 62
21269 57
21270 61
21271 57
21272 22
21273 40
21274 1
21275 35
21276 80
21277 54
21278 83
21279 91
21280 5
21281 83
21282 81
21283 9
21284 45
21285 41
21286 18
21287 17
21288 29
21289 11
21290 16
21291 88
21292 76
21293 23
21294 11
21295 28
21296 71
21297 64
21298 48
21299 48
21300 59
21301 15
21302 60
21303 10
21304 49
21305 43
21306 98
21307 5
21308 23
21309 5
21310 50
21311 38
21312 21
21313 35
21314 13
21315 68
21316 7
21317 81
21318 87
21319 50
21320 86
21321 83
21322 84
21323 48
21324 31
21325 17
21326 29
21327 99
21328 56
21329 41
21330 67
21331 8
21332 61
21333 87
21334 83
21335 57
21336 91
21337 16
21338 79
21339 28
21340 76
21341 72
21342 66
21343 51
21344 9
21345 97
21346 87
21347 80
21348 5
21349 13
21350 1
21351 61
21352 33
21353 66
21354 24
21355 10
21356 83
21357 45
21358 77
21359 41
21360 63
21361 99
21362 15
21363 76
21364 98
21365 96
21366 14
21367 79
21368 74
21369 5
21370 62
21371 33
21372 62
21373 32
21374 93
21375 6
21376 87
21377 66
21378 11
21379 94
21380 14
21381 25
21382 9
21383 71
21384 39
21385 61
21386 30
21387 89
21388 82
21389 17
21390 8
21391 89
21392 96
21393 44
21394 29
21395 56
21396 84
21397 19
21398 50
21399 22
21400 18
21401 15
21402 18
21403 10
21404 76
21405 40
21406 63
21407 49
21408 17
21409 6
21410 6
21411 33
21412 10
21413 63
21414 55
21415 68
21416 17
21417 11
21418 83
21419 57
21420 65
21421 88
21422 73
21423 30
21424 66
21425 65
21426 24
21427 42
21428 77
21429 42
21430 34
21431 37
21432 52
21433 83
21434 20
21435 86
21436 36
21437 69
21438 62
21439 95
21440 58
21441 32
21442 53
21443 1
21444 38
21445 93
21446 11
21447 62
21448 93
21449 19
21450 24
21451 86
21452 52
21453 66
21454 67
21455 56
21456 25
21457 42
21458 90
21459 85
21460 3
21461 85
21462 58
21463 97
21464 10
21465 40
21466 96
21467 12
21468 3
21469 6
21470 41
21471 77
21472 39
21473 23
21474 26
21475 77
21476 78
21477 37
21478 66
21479 48
21480 47
21481 97
21482 76
21483 12
21484 61
21485 12
21486 64
21487 15
21488 41
21489 97
21490 31
21491 22
21492 20
21493 85
21494 28
21495 70
21496 92
21497 34
21498 83
21499 46
21500 19
21501 33
21502 58
21503 84
21504 33
21505 39
21506 33
21507 80
21508 37
21509 87
21510 86
21511 15
21512 89
21513 69
21514 23
21515 50
21516 49
21517 90
21518 46
21519 89
21520 15
21521 16
21522 1
21523 75
21524 20
21525 52
21526 96
21527 29
21528 68
21529 75
21530 30
21531 19
21532 25
21533 0
21534 29
21535 68
21536 78
21537 71
21538 13
21539 80
21540 74
21541 65
21542 14
21543 53
21544 90
21545 69
21546 72
21547 74
21548 85
21549 35
21550 58
21551 20
21552 0
21553 92
21554 37
21555 12
21556 33
21557 42
21558 34
21559 30
21560 71
21561 49
21562 36
21563 23
21564 96
21565 17
21566 35
21567 35
21568 92
21569 41
21570 34
21571 72
21572 9
21573 33
21574 14
21575 47
21576 77
21577 97
21578 28
21579 70
21580 52
21581 2
21582 12
21583 46
21584 0
21585 60
21586 1
21587 27
21588 72
21589 46
21590 9
21591 45
21592 7
21593 45
21594 10
21595 10
21596 51
21597 47
21598 2
21599 5
21600 29
21601 24
21602 97
21603 53
21604 89
21605 18
21606 23
21607 59
21608 17
21609 54
21610 30
21611 35
21612 65
21613 51
21614 42
21615 98
21616 29
21617 37
21618 89
21619 61
21620 63
21621 4
21622 56
21623 92
21624 5
21625 84
21626 65
21627 6
21628 11
21629 69
21630 97
21631 0
21632 1
21633 6
21634 84
21635 30
21636 39
21637 36
21638 5
21639 21
21640 28
21641 54
21642 95
21643 32
21644 41
21645 60
21646 57
21647 66
21648 41
21649 37
21650 22
21651 62
21652 7
21653 14
21654 63
21655 18
21656 10
21657 40
21658 40
21659 21
21660 74
21661 89
21662 20
21663 0
21664 39
21665 54
21666 84
21667 98
21668 53
21669 70
21670 45
21671 38
21672 81
21673 32
21674 24
21675 50
21676 62
21677 78
21678 88
21679 72
21680 29
21681 76
21682 29
21683 50
21684 40
21685 70
21686 34
21687 66
21688 37
21689 87
21690 59
21691 53
21692 5
21693 7
21694 29
21695 86
21696 90
21697 42
21698 81
21699 61
21700 96
21701 83
21702 29
21703 50
21704 60
21705 30
21706 38
21707 60
21708 51
21709 31
21710 58
21711 61
21712 57
21713 28
21714 19
21715 88
21716 12
21717 46
21718 19
21719 61
21720 33
21721 72
21722 98
21723 13
21724 95
21725 47
21726 47
21727 53
21728 59
21729 44
21730 34
21731 56
21732 95
21733 94
21734 52
21735 37
21736 63
21737 23
21738 95
21739 56
21740 69
21741 53
21742 30
21743 52
21744 92
21745 79
21746 81
21747 2
21748 99
21749 53
21750 74
21751 37
21752 12
21753 88
21754 40
21755 3
21756 9
21757 41
21758 60
21759 76
21760 70
21761 78
21762 64
21763 77
21764 0
21765 14
21766 86
21767 41
21768 2
21769 92
21770 11
21771 49
21772 11
21773 46
21774 17
21775 5
21776 96
21777 94
21778 59
21779 18
21780 4
21781 37
21782 99
21783 53
21784 79
21785 22
21786 96
21787 1
21788 5
21789 56
21790 0
21791 14
21792 52
21793 13
21794 36
21795 23
21796 15
21797 85
21798 63
21799 28
21800 66
21801 84
21802 7
21803 85
21804 12
21805 27
21806 78
21807 82
21808 53
21809 33
21810 77
21811 46
21812 21
21813 46
21814 84
21815 65
21816 70
21817 58
21818 47
21819 74
21820 56
21821 50
21822 61
21823 84
21824 48
21825 71
21826 33
21827 56
21828 21
21829 89
21830 71
21831 76
21832 7
21833 11
21834 21
21835 71
21836 89
21837 35
21838 97
21839 12
21840 16
21841 50
21842 69
21843 34
21844 15
21845 65
21846 46
21847 7
21848 9
21849 93
21850 70
21851 46
21852 82
21853 28
21854 61
21855 56
21856 2
21857 43
21858 43
21859 28
21860 96
21861 99
21862 37
21863 31
21864 14
21865 83
21866 13
21867 89
21868 16
21869 56
21870 44
21871 62
21872 10
21873 31
21874 52
21875 14
21876 12
21877 85
21878 32
21879 19
21880 78
21881 87
21882 14
21883 30
21884 57
21885 97
21886 80
21887 37
21888 37
21889 22
21890 52
21891 15
21892 70
21893 18
21894 31
21895 12
21896 2
21897 46
21898 51
21899 79
21900 37
21901 66
21902 35
21903 0
21904 70
21905 91
21906 99
21907 71
21908 6
21909 61
21910 11
21911 2
21912 89
21913 97
21914 98
21915 9
21916 8
21917 55
21918 34
21919 9
21920 15
21921 4
21922 55
21923 30
21924 62
21925 21
21926 64
21927 55
21928 96
21929 82
21930 95
21931 52
21932 50
21933 32
21934 81
21935 99
21936 82
21937 84
21938 0
21939 43
21940 77
21941 45
21942 15
21943 67
21944 39
21945 52
21946 46
21947 1
21948 25
21949 66
21950 96
21951 79
21952 6
21953 21
21954 35
21955 67
21956 53
21957 13
21958 55
21959 10
21960 63
21961 12
21962 93
21963 87
21964 54
21965 73
21966 27
21967 94
21968 75
21969 99
21970 80
21971 69
21972 69
21973 81
21974 78
21975 12
21976 26
21977 78
21978 18
21979 45
21980 44
21981 17
21982 64
21983 65
21984 64
21985 19
21986 29
21987 84
21988 48
21989 43
21990 86
21991 18
21992 80
21993 12
21994 4
21995 92
21996 79
21997 17
21998 98
21999 84
22000 5
22001 43
22002 52
22003 67
22004 0
22005 94
22006 30
22007 45
22008 48
22009 76
22010 7
22011 30
22012 68
22013 3
22014 2
22015 94
22016 17
22017 82
22018 1
22019 73
22020 21
22021 15
22022 94
22023 75
22024 65
22025 83
22026 15
22027 83
22028 52
22029 26
22030 4
22031 0
22032 51
22033 74
22034 98
22035 97
22036 53
22037 78
22038 76
22039 1
22040 4
22041 41
22042 84
22043 25
22044 66
22045 25
22046 22
22047 62
22048 93
22049 79
22050 28
22051 25
22052 34
22053 38
22054 99
22055 35
22056 19
22057 27
22058 81
22059 29
22060 0
22061 54
22062 81
22063 94
22064 22
22065 25
22066 75
22067 68
22068 35
22069 81
22070 90
22071 77
22072 85
22073 34
22074 47
22075 68
22076 24
22077 75
22078 31
22079 97
22080 91
22081 95
22082 83
22083 97
22084 54
22085 17
22086 1
22087 7
22088 11
22089 30
22090 18
22091 9
22092 9
22093 39
22094 67
22095 5
22096 84
22097 55
22098 28
22099 62
22100 38
22101 62
22102 44
22103 52
22104 69
22105 66
22106 90
22107 1
22108 93
22109 15
22110 63
22111 20
22112 61
22113 35
22114 57
22115 59
22116 28
22117 0
22118 2
22119 23
22120 8
22121 51
22122 39
22123 47
22124 83
22125 7
22126 50
22127 34
22128 60
22129 87
22130 78
22131 4
22132 94
22133 27
22134 23
22135 94
22136 31
22137 86
22138 58
22139 78
22140 56
22141 4
22142 42
22143 97
22144 90
22145 66
22146 87
22147 88
22148 15
22149 80
22150 7
22151 45
22152 80
22153 10
22154 0
22155 70
22156 29
22157 16
22158 95
22159 61
22160 73
22161 38
22162 64
22163 36
22164 97
22165 82
22166 12
22167 71
22168 22
22169 89
22170 50
22171 87
22172 44
22173 45
22174 76
22175 73
22176 13
22177 77
22178 70
22179 85
22180 6
22181 23
22182 41
22183 73
22184 26
22185 74
22186 21
22187 15
22188 19
22189 89
22190 33
22191 17
22192 5
22193 95
22194 22
22195 45
22196 40
22197 90
22198 86
22199 88
22200 95
22201 40
22202 21
22203 60
22204 61
22205 96
22206 60
22207 80
22208 72
22209 33
22210 64
22211 65
22212 63
22213 9
22214 81
22215 90
22216 51
22217 15
22218 67
22219 92
22220 67
22221 80
22222 95
22223 22
22224 15
22225 93
22226 23
22227 74
22228 57
22229 31
22230 53
22231 77
22232 59
22233 4
22234 90
22235 3
22236 26
22237 64
22238 83
22239 76
22240 47
22241 59
22242 61
22243 72
22244 92
22245 31
22246 91
22247 32
22248 99
22249 95
22250 36
22251 60
22252 24
22253 6
22254 53
22255 10
22256 57
22257 79
22258 59
22259 58
22260 46
22261 89
22262 24
22263 19
22264 66
22265 24
22266 58
22267 91
22268 31
22269 58
22270 20
22271 21
22272 21
22273 38
22274 43
22275 86
22276 16
22277 69
22278 24
22279 86
22280 79
22281 60
22282 61
22283 25
22284 17
22285 82
22286 81
22287 97
22288 12
22289 68
22290 68
22291 9
22292 91
22293 3
22294 79
22295 99
22296 76
22297 71
22298 4
22299 32
22300 13
22301 3
22302 1
22303 30
22304 39
22305 78
22306 70
22307 28
22308 87
22309 89
22310 57
22311 57
22312 21
22313 17
22314 78
22315 87
22316 78
22317 19
22318 75
22319 96
22320 51
22321 72
22322 1
22323 87
22324 61
22325 80
22326 37
22327 88
22328 39
22329 94
22330 54
22331 56
22332 27
22333 55
22334 58
22335 78
22336 59
22337 77
22338 45
22339 77
22340 59
22341 69
22342 61
22343 35
22344 51
22345 78
22346 63
22347 98
22348 93
22349 62
22350 41
22351 29
22352 32
22353 2
22354 44
22355 75
22356 20
22357 68
22358 5
22359 57
22360 2
22361 1
22362 29
22363 36
22364 8
22365 33
22366 15
22367 2
22368 82
22369 70
22370 1
22371 26
22372 59
22373 5
22374 15
22375 53
22376 23
22377 73
22378 63
22379 14
22380 30
22381 44
22382 59
22383 5
22384 40
22385 36
22386 96
22387 40
22388 97
22389 6
22390 98
22391 2
22392 67
22393 95
22394 94
22395 74
22396 12
22397 61
22398 71
22399 16
22400 4
22401 13
22402 97
22403 96
22404 29
22405 27
22406 6
22407 35
22408 53
22409 95
22410 64
22411 53
22412 25
22413 66
22414 25
22415 28
22416 60
22417 86
22418 94
22419 98
22420 62
22421 63
22422 16
22423 80
22424 52
22425 45
22426 99
22427 25
22428 28
22429 87
22430 20
22431 92
22432 88
22433 40
22434 43
22435 92
22436 29
22437 83
22438 21
22439 31
22440 46
22441 5
22442 7
22443 99
22444 85
22445 73
22446 52
22447 25
22448 94
22449 58
22450 60
22451 39
22452 43
22453 98
22454 51
22455 7
22456 17
22457 38
22458 20
22459 50
22460 7
22461 63
22462 53
22463 94
22464 38
22465 67
22466 13
22467 62
22468 10
22469 82
22470 2
22471 31
22472 77
22473 85
22474 25
22475 59
22476 68
22477 16
22478 39
22479 15
22480 10
22481 5
22482 86
22483 19
22484 90
22485 54
22486 44
22487 94
22488 94
22489 77
22490 31
22491 86
22492 67
22493 32
22494 27
22495 88
22496 95
22497 15
22498 56
22499 42
22500 90
22501 54
22502 78
22503 8
22504 42
22505 72
22506 0
22507 0
22508 50
22509 55
22510 62
22511 23
22512 54
22513 56
22514 52
22515 93
22516 14
22517 30
22518 81
22519 76
22520 68
22521 11
22522 2
22523 19
22524 90
22525 63
22526 20
22527 70
22528 14
22529 8
22530 56
22531 54
22532 0
22533 2
22534 4
22535 46
22536 59
22537 11
22538 73
22539 54
22540 18
22541 34
22542 90
22543 3
22544 1
22545 75
22546 62
22547 27
22548 35
22549 81
22550 9
22551 67
22552 6
22553 6
22554 79
22555 82
22556 87
22557 0
22558 21
22559 91
22560 22
22561 12
22562 39
22563 1
22564 13
22565 21
22566 14
22567 61
22568 97
22569 1
22570 11
22571 29
22572 98
22573 93
22574 24
22575 84
22576 40
22577 33
22578 58
22579 24
22580 44
22581 63
22582 62
22583 84
22584 8
22585 55
22586 16
22587 73
22588 12
22589 96
22590 28
22591 32
22592 47
22593 86
22594 19
22595 29
22596 55
22597 35
22598 3
22599 46
22600 97
22601 4
22602 3
22603 98
22604 51
22605 63
22606 95
22607 4
22608 58
22609 95
22610 74
22611 73
22612 48
22613 10
22614 35
22615 52
22616 41
22617 28
22618 57
22619 91
22620 89
22621 97
22622 24
22623 3
22624 12
22625 8
22626 13
22627 81
22628 74
22629 3
22630 80
22631 19
22632 16
22633 31
22634 96
22635 29
22636 83
22637 11
22638 67
22639 95
22640 36
22641 48
22642 61
22643 3
22644 56
22645 93
22646 22
22647 57
22648 24
22649 16
22650 65
22651 99
22652 42
22653 3
22654 24
22655 76
22656 62
22657 81
22658 95
22659 30
22660 87
22661 70
22662 33
22663 13
22664 57
22665 71
22666 89
22667 80
22668 62
22669 43
22670 15
22671 52
22672 54
22673 98
22674 63
22675 58
22676 80
22677 60
22678 98
22679 50
22680 86
22681 54
22682 84
22683 9
22684 7
22685 93
22686 81
22687 20
22688 97
22689 72
22690 7
22691 60
22692 16
22693 72
22694 89
22695 38
22696 99
22697 55
22698 27
22699 67
22700 33
22701 61
22702 85
22703 12
22704 26
22705 6
22706 74
22707 13
22708 16
22709 58
22710 77
22711 93
22712 96
22713 78
22714 78
22715 11
22716 61
22717 78
22718 51
22719 64
22720 91
22721 4
22722 18
22723 57
22724 79
22725 51
22726 75
22727 12
22728 5
22729 6
22730 50
22731 82
22732 5
22733 42
22734 4
22735 55
22736 44
22737 13
22738 58
22739 66
22740 4
22741 48
22742 14
22743 84
22744 81
22745 12
22746 22
22747 60
22748 38
22749 56
22750 8
22751 13
22752 14
22753 81
22754 10
22755 47
22756 62
22757 82
22758 95
22759 81
22760 87
22761 97
22762 29
22763 10
22764 14
22765 59
22766 7
22767 36
22768 74
22769 39
22770 87
22771 36
22772 99
22773 6
22774 28
22775 6
22776 69
22777 34
22778 33
22779 51
22780 48
22781 93
22782 62
22783 87
22784 40
22785 45
22786 67
22787 86
22788 26
22789 61
22790 68
22791 18
22792 13
22793 2
22794 2
22795 51
22796 16
22797 0
22798 0
22799 23
22800 86
22801 8
22802 53
22803 62
22804 45
22805 27
22806 91
22807 29
22808 66
22809 51
22810 91
22811 57
22812 10
22813 70
22814 23
22815 57
22816 63
22817 95
22818 32
22819 10
22820 13
22821 3
22822 45
22823 83
22824 68
22825 17
22826 68
22827 71
22828 7
22829 3
22830 35
22831 13
22832 8
22833 55
22834 69
22835 63
22836 35
22837 15
22838 35
22839 28
22840 46
22841 60
22842 12
22843 24
22844 42
22845 39
22846 30
22847 29
22848 71
22849 10
22850 8
22851 61
22852 9
22853 79
22854 46
22855 4
22856 44
22857 95
22858 59
22859 88
22860 80
22861 86
22862 67
22863 83
22864 50
22865 11
22866 12
22867 69
22868 40
22869 40
22870 67
22871 50
22872 41
22873 15
22874 96
22875 4
22876 9
22877 31
22878 11
22879 20
22880 42
22881 48
22882 56
22883 31
22884 51
22885 23
22886 32
22887 19
22888 90
22889 18
22890 32
22891 55
22892 76
22893 2
22894 23
22895 6
22896 45
22897 14
22898 26
22899 67
22900 84
22901 75
22902 11
22903 39
22904 77
22905 27
22906 35
22907 80
22908 43
22909 41
22910 75
22911 91
22912 85
22913 12
22914 93
22915 71
22916 88
22917 35
22918 94
22919 1
22920 12
22921 9
22922 95
22923 27
22924 52
22925 81
22926 32
22927 74
22928 8
22929 76
22930 91
22931 92
22932 51
22933 48
22934 31
22935 3
22936 30
22937 27
22938 50
22939 98
22940 45
22941 68
22942 60
22943 28
22944 88
22945 10
22946 29
22947 3
22948 91
22949 77
22950 16
22951 66
22952 73
22953 85
22954 3
22955 83
22956 25
22957 13
22958 35
22959 10
22960 85
22961 19
22962 58
22963 56
22964 69
22965 60
22966 14
22967 69
22968 98
22969 56
22970 79
22971 76
22972 81
22973 53
22974 43
22975 4
22976 56
22977 63
22978 82
22979 36
22980 73
22981 4
22982 6
22983 2
22984 5
22985 0
22986 86
22987 83
22988 3
22989 48
22990 78
22991 98
22992 66
22993 50
22994 62
22995 10
22996 54
22997 44
22998 51
22999 70
23000 28
23001 37
23002 19
23003 63
23004 73
23005 2
23006 37
23007 3
23008 23
23009 90
23010 90
23011 98
23012 34
23013 54
23014 64
23015 45
23016 42
23017 57
23018 54
23019 37
23020 26
23021 1
23022 20
23023 38
23024 33
23025 35
23026 16
23027 12
23028 47
23029 32
23030 84
23031 8
23032 74
23033 89
23034 21
23035 26
23036 7
23037 61
23038 3
23039 31
23040 85
23041 59
23042 72
23043 38
23044 53
23045 96
23046 81
23047 53
23048 43
23049 19
23050 0
23051 79
23052 31
23053 20
23054 30
23055 20
23056 35
23057 10
23058 65
23059 72
23060 63
23061 18
23062 58
23063 13
23064 96
23065 8
23066 23
23067 97
23068 80
23069 63
23070 46
23071 24
23072 2
23073 85
23074 15
23075 65
23076 89
23077 59
23078 38
23079 33
23080 28
23081 25
23082 44
23083 23
23084 44
23085 18
23086 82
23087 51
23088 34
23089 33
23090 50
23091 71
23092 34
23093 77
23094 54
23095 20
23096 68
23097 98
23098 66
23099 62
23100 25
23101 24
23102 30
23103 77
23104 98
23105 62
23106 4
23107 5
23108 84
23109 87
23110 72
23111 75
23112 77
23113 6
23114 53
23115 10
23116 71
23117 41
23118 13
23119 81
23120 39
23121 69
23122 96
23123 67
23124 15
23125 80
23126 54
23127 9
23128 16
23129 63
23130 26
23131 25
23132 5
23133 12
23134 44
23135 55
23136 97
23137 1
23138 23
23139 87
23140 62
23141 53
23142 65
23143 0
23144 26
23145 40
23146 96
23147 28
23148 25
23149 31
23150 46
23151 4
23152 92
23153 24
23154 85
23155 3
23156 16
23157 1
23158 77
23159 94
23160 43
23161 33
23162 94
23163 25
23164 61
23165 86
23166 18
23167 82
23168 59
23169 76
23170 4
23171 31
23172 34
23173 74
23174 46
23175 52
23176 29
23177 63
23178 41
23179 31
23180 8
23181 38
23182 80
23183 72
23184 97
23185 44
23186 57
23187 42
23188 40
23189 30
23190 27
23191 42
23192 50
23193 4
23194 17
23195 88
23196 57
23197 17
23198 45
23199 15
23200 53
23201 62
23202 95
23203 79
23204 59
23205 69
23206 82
23207 85
23208 70
23209 80
23210 87
23211 68
23212 96
23213 73
23214 64
23215 51
23216 90
23217 88
23218 93
23219 82
23220 26
23221 75
23222 74
23223 4
23224 8
23225 28
23226 72
23227 16
23228 96
23229 38
23230 48
23231 35
23232 92
23233 33
23234 69
23235 87
23236 59
23237 66
23238 18
23239 1
23240 42
23241 3
23242 17
23243 80
23244 62
23245 88
23246 21
23247 8
23248 46
23249 45
23250 2
23251 85
23252 72
23253 48
23254 70
23255 86
23256 73
23257 12
23258 44
23259 30
23260 54
23261 71
23262 78
23263 68
23264 8
23265 54
23266 64
23267 62
23268 78
23269 84
23270 51
23271 37
23272 55
23273 74
23274 56
23275 40
23276 13
23277 70
23278 55
23279 39
23280 38
23281 42
23282 44
23283 77
23284 72
23285 88
23286 14
23287 53
23288 69
23289 24
23290 51
23291 40
23292 46
23293 39
23294 2
23295 81
23296 27
23297 5
23298 80
23299 54
23300 0
23301 83
23302 97
23303 13
23304 53
23305 70
23306 27
23307 42
23308 54
23309 70
23310 67
23311 91
23312 69
23313 64
23314 76
23315 49
23316 34
23317 65
23318 80
23319 2
23320 60
23321 79
23322 30
23323 75
23324 3
23325 45
23326 44
23327 33
23328 28
23329 35
23330 92
23331 80
23332 38
23333 9
23334 12
23335 95
23336 54
23337 65
23338 33
23339 22
23340 81
23341 9
23342 1
23343 3
23344 17
23345 37
23346 35
23347 61
23348 60
23349 86
23350 62
23351 91
23352 19
23353 68
23354 84
23355 96
23356 42
23357 42
23358 74
23359 24
23360 94
23361 63
23362 54
23363 47
23364 7
23365 8
23366 90
23367 92
23368 46
23369 62
23370 62
23371 73
23372 79
23373 61
23374 40
23375 18
23376 4
23377 68
23378 53
23379 73
23380 94
23381 61
23382 7
23383 24
23384 16
23385 6
23386 56
23387 6
23388 71
23389 52
23390 30
23391 33
23392 93
23393 99
23394 3
23395 2
23396 89
23397 89
23398 72
23399 15
23400 64
23401 18
23402 75
23403 7
23404 61
23405 29
23406 75
23407 77
23408 56
23409 22
23410 70
23411 89
23412 81
23413 53
23414 43
23415 47
23416 46
23417 37
23418 71
23419 79
23420 46
23421 4
23422 10
23423 72
23424 63
23425 51
23426 67
23427 41
23428 78
23429 2
23430 81
23431 55
23432 35
23433 86
23434 61
23435 72
23436 56
23437 39
23438 61
23439 84
23440 28
23441 25
23442 16
23443 91
23444 28
23445 89
23446 66
23447 47
23448 47
23449 23
23450 8
23451 27
23452 35
23453 94
23454 71
23455 32
23456 41
23457 88
23458 34
23459 75
23460 17
23461 74
23462 92
23463 89
23464 70
23465 28
23466 74
23467 77
23468 80
23469 96
23470 88
23471 14
23472 90
23473 10
23474 2
23475 8
23476 70
23477 31
23478 26
23479 17
23480 0
23481 75
23482 76
23483 84
23484 48
23485 54
23486 85
23487 67
23488 81
23489 98
23490 47
23491 6
23492 68
23493 74
23494 64
23495 63
23496 27
23497 90
23498 89
23499 41
23500 73
23501 5
23502 85
23503 60
23504 47
23505 11
23506 98
23507 83
23508 46
23509 99
23510 48
23511 96
23512 77
23513 22
23514 67
23515 19
23516 66
23517 44
23518 90
23519 41
23520 13
23521 57
23522 85
23523 19
23524 73
23525 59
23526 98
23527 37
23528 56
23529 52
23530 10
23531 87
23532 15
23533 37
23534 73
23535 80
23536 40
23537 54
23538 93
23539 46
23540 50
23541 69
23542 20
23543 51
23544 34
23545 9
23546 65
23547 26
23548 34
23549 32
23550 54
23551 11
23552 78
23553 35
23554 84
23555 89
23556 5
23557 42
23558 24
23559 4
23560 72
23561 46
23562 19
23563 2
23564 43
23565 62
23566 7
23567 3
23568 10
23569 68
23570 0
23571 32
23572 25
23573 35
23574 12
23575 85
23576 98
23577 74
23578 86
23579 33
23580 41
23581 61
23582 89
23583 37
23584 3
23585 28
23586 28
23587 15
23588 54
23589 92
23590 22
23591 42
23592 27
23593 98
23594 37
23595 40
23596 53
23597 82
23598 49
23599 12
23600 79
23601 34
23602 65
23603 90
23604 21
23605 29
23606 98
23607 39
23608 12
23609 87
23610 28
23611 13
23612 1
23613 58
23614 7
23615 11
23616 23
23617 66
23618 20
23619 91
23620 4
23621 45
23622 32
23623 90
23624 38
23625 98
23626 9
23627 43
23628 86
23629 73
23630 90
23631 89
23632 11
23633 3
23634 29
23635 73
23636 14
23637 14
23638 55
23639 28
23640 41
23641 62
23642 65
23643 52
23644 64
23645 73
23646 37
23647 81
23648 34
23649 86
23650 5
23651 1
23652 31
23653 47
23654 4
23655 1
23656 91
23657 87
23658 82
23659 28
23660 47
23661 41
23662 60
23663 62
23664 32
23665 53
23666 10
23667 88
23668 82
23669 85
23670 13
23671 48
23672 80
23673 76
23674 92
23675 2
23676 30
23677 92
23678 4
23679 0
23680 64
23681 26
23682 37
23683 96
23684 66
23685 78
23686 88
23687 10
23688 71
23689 12
23690 64
23691 18
23692 35
23693 26
23694 23
23695 39
23696 92
23697 9
23698 51
23699 20
23700 41
23701 10
23702 75
23703 10
23704 51
23705 4
23706 1
23707 35
23708 71
23709 83
23710 94
23711 34
23712 18
23713 65
23714 23
23715 17
23716 63
23717 92
23718 7
23719 98
23720 61
23721 2
23722 36
23723 64
23724 97
23725 42
23726 62
23727 30
23728 78
23729 6
23730 81
23731 18
23732 26
23733 77
23734 55
23735 79
23736 47
23737 70
23738 3
23739 92
23740 36
23741 10
23742 26
23743 49
23744 76
23745 36
23746 52
23747 96
23748 53
23749 5
23750 36
23751 27
23752 86
23753 0
23754 51
23755 25
23756 48
23757 14
23758 19
23759 45
23760 32
23761 10
23762 18
23763 35
23764 80
23765 71
23766 30
23767 75
23768 27
23769 84
23770 62
23771 62
23772 85
23773 86
23774 61
23775 5
23776 76
23777 62
23778 62
23779 89
23780 5
23781 67
23782 24
23783 49
23784 30
23785 53
23786 50
23787 88
23788 71
23789 84
23790 85
23791 92
23792 82
23793 30
23794 21
23795 53
23796 13
23797 92
23798 55
23799 89
23800 75
23801 88
23802 85
23803 43
23804 1
23805 57
23806 4
23807 38
23808 27
23809 63
23810 48
23811 1
23812 76
23813 30
23814 47
23815 19
23816 20
23817 63
23818 94
23819 87
23820 2
23821 89
23822 54
23823 73
23824 63
23825 76
23826 95
23827 2
23828 41
23829 16
23830 74
23831 48
23832 70
23833 81
23834 48
23835 39
23836 12
23837 21
23838 84
23839 56
23840 66
23841 38
23842 94
23843 53
23844 7
23845 59
23846 51
23847 22
23848 49
23849 84
23850 74
23851 33
23852 65
23853 44
23854 22
23855 45
23856 9
23857 82
23858 10
23859 2
23860 70
23861 80
23862 29
23863 90
23864 52
23865 84
23866 49
23867 56
23868 63
23869 28
23870 7
23871 89
23872 96
23873 38
23874 31
23875 56
23876 21
23877 87
23878 37
23879 17
23880 73
23881 57
23882 19
23883 90
23884 91
23885 57
23886 35
23887 28
23888 47
23889 48
23890 82
23891 80
23892 74
23893 38
23894 30
23895 77
23896 6
23897 25
23898 65
23899 43
23900 22
23901 70
23902 60
23903 5
23904 80
23905 39
23906 74
23907 79
23908 46
23909 69
23910 88
23911 28
23912 66
23913 11
23914 87
23915 0
23916 66
23917 24
23918 9
23919 96
23920 27
23921 46
23922 27
23923 57
23924 96
23925 64
23926 15
23927 25
23928 90
23929 57
23930 22
23931 18
23932 21
23933 16
23934 19
23935 26
23936 23
23937 72
23938 45
23939 28
23940 12
23941 24
23942 2
23943 67
23944 64
23945 33
23946 68
23947 22
23948 37
23949 27
23950 83
23951 1
23952 12
23953 31
23954 68
23955 99
23956 15
23957 25
23958 40
23959 81
23960 0
23961 32
23962 51
23963 17
23964 85
23965 74
23966 62
23967 68
23968 45
23969 66
23970 74
23971 16
23972 62
23973 7
23974 71
23975 74
23976 9
23977 14
23978 35
23979 52
23980 3
23981 71
23982 22
23983 45
23984 80
23985 82
23986 72
23987 80
23988 18
23989 97
23990 86
23991 53
23992 84
23993 84
23994 82
23995 31
23996 27
23997 11
23998 70
23999 49
24000 57
24001 0
24002 27
24003 60
24004 13
24005 61
24006 94
24007 98
24008 0
24009 11
24010 32
24011 96
24012 33
24013 25
24014 60
24015 35
24016 14
24017 13
24018 26
24019 95
24020 83
24021 53
24022 52
24023 9
24024 72
24025 39
24026 96
24027 63
24028 87
24029 85
24030 33
24031 62
24032 15
24033 83
24034 77
24035 27
24036 62
24037 96
24038 14
24039 86
24040 35
24041 36
24042 77
24043 32
24044 9
24045 13
24046 41
24047 73
24048 68
24049 25
24050 70
24051 28
24052 39
24053 93
24054 9
24055 96
24056 29
24057 32
24058 92
24059 77
24060 67
24061 97
24062 59
24063 36
24064 41
24065 97
24066 3
24067 16
24068 78
24069 14
24070 8
24071 96
24072 37
24073 32
24074 42
24075 95
24076 28
24077 56
24078 75
24079 16
24080 96
24081 52
24082 15
24083 11
24084 16
24085 20
24086 33
24087 85
24088 70
24089 71
24090 74
24091 64
24092 56
24093 93
24094 13
24095 45
24096 1
24097 14
24098 16
24099 85
24100 91
24101 21
24102 76
24103 10
24104 91
24105 83
24106 99
24107 55
24108 16
24109 64
24110 23
24111 8
24112 15
24113 62
24114 62
24115 38
24116 70
24117 79
24118 96
24119 48
24120 78
24121 9
24122 82
24123 42
24124 67
24125 55
24126 84
24127 42
24128 51
24129 46
24130 64
24131 91
24132 69
24133 74
24134 29
24135 21
24136 90
24137 8
24138 31
24139 64
24140 30
24141 79
24142 69
24143 35
24144 16
24145 16
24146 97
24147 0
24148 98
24149 3
24150 42
24151 0
24152 74
24153 34
24154 52
24155 19
24156 25
24157 11
24158 47
24159 42
24160 48
24161 16
24162 46
24163 56
24164 90
24165 56
24166 78
24167 97
24168 43
24169 35
24170 58
24171 57
24172 19
24173 26
24174 61
24175 88
24176 65
24177 62
24178 88
24179 42
24180 67
24181 62
24182 39
24183 59
24184 68
24185 90
24186 18
24187 55
24188 38
24189 4
24190 32
24191 43
24192 72
24193 94
24194 97
24195 78
24196 6
24197 42
24198 89
24199 70
24200 28
24201 63
24202 40
24203 36
24204 57
24205 53
24206 11
24207 49
24208 1
24209 23
24210 12
24211 21
24212 53
24213 48
24214 90
24215 37
24216 81
24217 40
24218 92
24219 35
24220 36
24221 39
24222 9
24223 16
24224 70
24225 67
24226 10
24227 24
24228 31
24229 62
24230 9
24231 93
24232 81
24233 18
24234 77
24235 58
24236 83
24237 47
24238 37
24239 56
24240 79
24241 31
24242 98
24243 62
24244 74
24245 11
24246 87
24247 7
24248 64
24249 72
24250 37
24251 42
24252 6
24253 61
24254 74
24255 49
24256 10
24257 98
24258 99
24259 79
24260 22
24261 11
24262 50
24263 82
24264 60
24265 55
24266 56
24267 61
24268 51
24269 0
24270 5
24271 26
24272 68
24273 99
24274 48
24275 1
24276 85
24277 20
24278 26
24279 64
24280 31
24281 76
24282 30
24283 9
24284 45
24285 26
24286 90
24287 6
24288 96
24289 12
24290 59
24291 97
24292 42
24293 21
24294 9
24295 52
24296 29
24297 82
24298 22
24299 80
24300 13
24301 68
24302 33
24303 98
24304 44
24305 80
24306 28
24307 41
24308 84
24309 37
24310 51
24311 22
24312 76
24313 5
24314 91
24315 96
24316 58
24317 74
24318 16
24319 25
24320 53
24321 46
24322 52
24323 30
24324 39
24325 14
24326 39
24327 99
24328 86
24329 97
24330 30
24331 36
24332 6
24333 55
24334 48
24335 87
24336 61
24337 26
24338 27
24339 88
24340 33
24341 98
24342 41
24343 40
24344 14
24345 45
24346 84
24347 88
24348 9
24349 68
24350 74
24351 87
24352 23
24353 20
24354 45
24355 77
24356 25
24357 76
24358 60
24359 66
24360 99
24361 84
24362 33
24363 46
24364 36
24365 44
24366 75
24367 15
24368 40
24369 53
24370 2
24371 61
24372 71
24373 24
24374 40
24375 32
24376 44
24377 72
24378 55
24379 73
24380 73
24381 13
24382 83
24383 38
24384 28
24385 26
24386 83
24387 68
24388 98
24389 30
24390 7
24391 54
24392 43
24393 4
24394 95
24395 94
24396 61
24397 92
24398 9
24399 60
24400 72
24401 30
24402 16
24403 57
24404 14
24405 37
24406 36
24407 9
24408 59
24409 75
24410 61
24411 44
24412 74
24413 78
24414 32
24415 31
24416 29
24417 55
24418 15
24419 62
24420 29
24421 61
24422 40
24423 87
24424 70
24425 47
24426 11
24427 31
24428 31
24429 42
24430 66
24431 82
24432 46
24433 17
24434 52
24435 30
24436 87
24437 34
24438 12
24439 30
24440 29
24441 82
24442 72
24443 39
24444 13
24445 72
24446 29
24447 31
24448 77
24449 47
24450 91
24451 20
24452 2
24453 6
24454 86
24455 0
24456 82
24457 33
24458 4
24459 77
24460 7
24461 43
24462 62
24463 23
24464 78
24465 78
24466 93
24467 39
24468 52
24469 80
24470 72
24471 24
24472 31
24473 73
24474 88
24475 42
24476 76
24477 22
24478 79
24479 33
24480 81
24481 38
24482 45
24483 20
24484 69
24485 51
24486 79
24487 92
24488 35
24489 61
24490 39
24491 61
24492 37
24493 51
24494 82
24495 18
24496 80
24497 14
24498 73
24499 30
24500 43
24501 65
24502 44
24503 9
24504 36
24505 34
24506 7
24507 84
24508 98
24509 66
24510 47
24511 98
24512 99
24513 97
24514 62
24515 0
24516 98
24517 23
24518 50
24519 87
24520 11
24521 97
24522 75
24523 17
24524 17
24525 78
24526 13
24527 20
24528 1
24529 67
24530 2
24531 84
24532 65
24533 8
24534 25
24535 36
24536 95
24537 46
24538 46
24539 53
24540 0
24541 72
24542 50
24543 95
24544 84
24545 36
24546 6
24547 29
24548 59
24549 0
24550 15
24551 82
24552 12
24553 41
24554 71
24555 22
24556 94
24557 35
24558 46
24559 29
24560 41
24561 43
24562 84
24563 0
24564 41
24565 18
24566 56
24567 36
24568 36
24569 92
24570 79
24571 51
24572 39
24573 16
24574 52
24575 7
24576 96
24577 99
24578 56
24579 55
24580 55
24581 87
24582 37
24583 29
24584 66
24585 3
24586 21
24587 34
24588 72
24589 42
24590 58
24591 80
24592 82
24593 29
24594 22
24595 77
24596 17
24597 84
24598 56
24599 79
24600 42
24601 57
24602 63
24603 38
24604 55
24605 20
24606 15
24607 36
24608 6
24609 86
24610 88
24611 94
24612 89
24613 3
24614 32
24615 71
24616 18
24617 74
24618 32
24619 9
24620 26
24621 14
24622 84
24623 79
24624 25
24625 37
24626 87
24627 18
24628 38
24629 15
24630 33
24631 36
24632 28
24633 0
24634 40
24635 92
24636 98
24637 65
24638 83
24639 93
24640 35
24641 56
24642 53
24643 66
24644 73
24645 44
24646 2
24647 21
24648 99
24649 66
24650 70
24651 14
24652 5
24653 59
24654 76
24655 37
24656 96
24657 34
24658 88
24659 11
24660 76
24661 40
24662 48
24663 11
24664 77
24665 22
24666 25
24667 22
24668 48
24669 1
24670 28
24671 59
24672 97
24673 60
24674 47
24675 82
24676 96
24677 18
24678 37
24679 63
24680 40
24681 36
24682 51
24683 77
24684 48
24685 40
24686 52
24687 55
24688 95
24689 2
24690 21
24691 55
24692 99
24693 0
24694 69
24695 99
24696 71
24697 8
24698 13
24699 29
24700 51
24701 25
24702 39
24703 90
24704 12
24705 67
24706 11
24707 98
24708 92
24709 18
24710 66
24711 29
24712 19
24713 19
24714 38
24715 56
24716 81
24717 97
24718 0
24719 88
24720 11
24721 91
24722 73
24723 29
24724 47
24725 86
24726 66
24727 23
24728 5
24729 57
24730 73
24731 98
24732 15
24733 93
24734 24
24735 15
24736 12
24737 36
24738 4
24739 5
24740 31
24741 95
24742 30
24743 22
24744 58
24745 10
24746 54
24747 75
24748 35
24749 61
24750 74
24751 47
24752 62
24753 91
24754 60
24755 79
24756 11
24757 50
24758 34
24759 21
24760 69
24761 45
24762 35
24763 79
24764 15
24765 51
24766 26
24767 9
24768 58
24769 39
24770 58
24771 80
24772 65
24773 59
24774 19
24775 62
24776 77
24777 26
24778 91
24779 89
24780 33
24781 74
24782 6
24783 23
24784 74
24785 13
24786 3
24787 59
24788 69
24789 27
24790 75
24791 8
24792 52
24793 63
24794 15
24795 93
24796 1
24797 40
24798 18
24799 56
24800 16
24801 88
24802 65
24803 51
24804 72
24805 52
24806 27
24807 97
24808 8
24809 54
24810 60
24811 99
24812 28
24813 78
24814 16
24815 19
24816 59
24817 39
24818 64
24819 99
24820 85
24821 30
24822 20
24823 91
24824 61
24825 89
24826 15
24827 95
24828 88
24829 46
24830 51
24831 59
24832 29
24833 8
24834 71
24835 26
24836 31
24837 99
24838 85
24839 58
24840 55
24841 90
24842 55
24843 69
24844 45
24845 98
24846 97
24847 11
24848 30
24849 19
24850 36
24851 74
24852 4
24853 77
24854 8
24855 37
24856 52
24857 48
24858 53
24859 22
24860 23
24861 54
24862 89
24863 44
24864 77
24865 43
24866 18
24867 82
24868 82
24869 1
24870 2
24871 8
24872 21
24873 23
24874 98
24875 18
24876 71
24877 89
24878 56
24879 13
24880 97
24881 2
24882 95
24883 40
24884 76
24885 9
24886 67
24887 28
24888 16
24889 27
24890 86
24891 40
24892 37
24893 46
24894 74
24895 96
24896 42
24897 32
24898 65
24899 78
24900 37
24901 91
24902 25
24903 72
24904 16
24905 32
24906 93
24907 6
24908 64
24909 68
24910 92
24911 39
24912 10
24913 24
24914 30
24915 21
24916 4
24917 16
24918 36
24919 23
24920 7
24921 94
24922 11
24923 9
24924 11
24925 1
24926 58
24927 0
24928 36
24929 1
24930 91
24931 38
24932 55
24933 70
24934 59
24935 56
24936 72
24937 86
24938 23
24939 38
24940 56
24941 99
24942 34
24943 69
24944 68
24945 90
24946 68
24947 99
24948 46
24949 14
24950 69
24951 35
24952 26
24953 85
24954 5
24955 76
24956 83
24957 43
24958 20
24959 44
24960 89
24961 44
24962 14
24963 90
24964 22
24965 62
24966 38
24967 71
24968 5
24969 67
24970 2
24971 90
24972 21
24973 39
24974 34
24975 2
24976 43
24977 65
24978 5
24979 29
24980 19
24981 12
24982 20
24983 31
24984 45
24985 96
24986 71
24987 70
24988 57
24989 85
24990 90
24991 3
24992 97
24993 66
24994 47
24995 20
24996 34
24997 12
24998 50
24999 53
25000 36
25001 87
25002 64
25003 13
25004 52
25005 69
25006 3
25007 74
25008 40
25009 60
25010 32
25011 66
25012 15
25013 15
25014 70
25015 52
25016 54
25017 74
25018 44
25019 18
25020 27
25021 15
25022 74
25023 45
25024 34
25025 12
25026 15
25027 63
25028 78
25029 14
25030 30
25031 44
25032 82
25033 38
25034 47
25035 2
25036 64
25037 71
25038 98
25039 63
25040 26
25041 88
25042 39
25043 13
25044 97
25045 26
25046 71
25047 97
25048 85
25049 83
25050 76
25051 35
25052 92
25053 66
25054 37
25055 88
25056 80
25057 22
25058 61
25059 34
25060 39
25061 90
25062 57
25063 50
25064 62
25065 26
25066 81
25067 87
25068 5
25069 53
25070 69
25071 68
25072 74
25073 25
25074 12
25075 80
25076 91
25077 28
25078 14
25079 68
25080 1
25081 14
25082 4
25083 0
25084 21
25085 18
25086 76
25087 17
25088 59
25089 39
25090 94
25091 93
25092 97
25093 57
25094 33
25095 88
25096 73
25097 47
25098 20
25099 76
25100 28
25101 25
25102 61
25103 66
25104 27
25105 0
25106 55
25107 58
25108 46
25109 79
25110 5
25111 58
25112 78
25113 52
25114 66
25115 69
25116 47
25117 86
25118 91
25119 77
25120 90
25121 52
25122 57
25123 26
25124 83
25125 37
25126 29
25127 27
25128 53
25129 20
25130 4
25131 82
25132 74
25133 6
25134 30
25135 27
25136 35
25137 12
25138 13
25139 59
25140 48
25141 10
25142 57
25143 67
25144 5
25145 22
25146 29
25147 74
25148 21
25149 74
25150 24
25151 26
25152 77
25153 48
25154 5
25155 54
25156 39
25157 39
25158 0
25159 95
25160 43
25161 51
25162 72
25163 18
25164 35
25165 66
25166 26
25167 7
25168 96
25169 26
25170 85
25171 80
25172 19
25173 70
25174 85
25175 96
25176 25
25177 8
25178 50
25179 2
25180 22
25181 29
25182 85
25183 53
25184 5
25185 77
25186 76
25187 61
25188 6
25189 28
25190 33
25191 52
25192 16
25193 24
25194 45
25195 99
25196 33
25197 16
25198 22
25199 13
25200 19
25201 8
25202 63
25203 48
25204 86
25205 85
25206 51
25207 65
25208 82
25209 43
25210 54
25211 11
25212 87
25213 57
25214 99
25215 65
25216 54
25217 38
25218 13
25219 90
25220 57
25221 99
25222 83
25223 4
25224 61
25225 79
25226 27
25227 17
25228 87
25229 21
25230 17
25231 9
25232 49
25233 74
25234 88
25235 6
25236 35
25237 73
25238 7
25239 16
25240 73
25241 40
25242 0
25243 82
25244 77
25245 35
25246 74
25247 39
25248 8
25249 59
25250 96
25251 77
25252 0
25253 42
25254 5
25255 76
25256 54
25257 34
25258 74
25259 27
25260 19
25261 33
25262 13
25263 50
25264 97
25265 27
25266 3
25267 8
25268 22
25269 83
25270 54
25271 4
25272 19
25273 23
25274 67
25275 11
25276 25
25277 2
25278 94
25279 34
25280 16
25281 19
25282 70
25283 76
25284 51
25285 68
25286 47
25287 80
25288 14
25289 26
25290 95
25291 8
25292 97
25293 58
25294 85
25295 98
25296 19
25297 14
25298 17
25299 73
25300 57
25301 9
25302 46
25303 98
25304 93
25305 0
25306 63
25307 13
25308 18
25309 43
25310 21
25311 8
25312 5
25313 84
25314 97
25315 71
25316 99
25317 76
25318 58
25319 33
25320 54
25321 61
25322 57
25323 71
25324 25
25325 30
25326 22
25327 99
25328 63
25329 19
25330 85
25331 29
25332 53
25333 25
25334 24
25335 21
25336 48
25337 97
25338 38
25339 36
25340 52
25341 65
25342 98
25343 24
25344 73
25345 72
25346 52
25347 1
25348 86
25349 29
25350 75
25351 23
25352 17
25353 93
25354 86
25355 69
25356 66
25357 20
25358 57
25359 6
25360 75
25361 91
25362 0
25363 77
25364 18
25365 34
25366 39
25367 4
25368 26
25369 94
25370 69
25371 11
25372 68
25373 3
25374 14
25375 87
25376 81
25377 17
25378 75
25379 95
25380 31
25381 33
25382 73
25383 67
25384 85
25385 24
25386 76
25387 79
25388 35
25389 69
25390 5
25391 91
25392 19
25393 88
25394 37
25395 98
25396 3
25397 28
25398 77
25399 2
25400 85
25401 19
25402 97
25403 52
25404 22
25405 76
25406 76
25407 3
25408 66
25409 27
25410 34
25411 85
25412 34
25413 63
25414 69
25415 65
25416 97
25417 62
25418 90
25419 76
25420 50
25421 38
25422 20
25423 24
25424 43
25425 47
25426 59
25427 84
25428 10
25429 62
25430 53
25431 89
25432 55
25433 33
25434 9
25435 99
25436 22
25437 16
25438 22
25439 27
25440 66
25441 10
25442 60
25443 4
25444 48
25445 21
25446 89
25447 71
25448 89
25449 64
25450 32
25451 1
25452 20
25453 55
25454 55
25455 31
25456 54
25457 18
25458 87
25459 65
25460 20
25461 25
25462 68
25463 26
25464 9
25465 10
25466 71
25467 80
25468 26
25469 85
25470 20
25471 34
25472 85
25473 42
25474 7
25475 6
25476 93
25477 97
25478 12
25479 81
25480 43
25481 55
25482 48
25483 8
25484 2
25485 88
25486 94
25487 18
25488 27
25489 99
25490 62
25491 85
25492 93
25493 70
25494 20
25495 30
25496 25
25497 35
25498 78
25499 53
25500 72
25501 68
25502 14
25503 67
25504 5
25505 55
25506 10
25507 12
25508 30
25509 56
25510 35
25511 35
25512 96
25513 29
25514 43
25515 6
25516 15
25517 0
25518 6
25519 58
25520 83
25521 33
25522 5
25523 16
25524 79
25525 29
25526 92
25527 8
25528 81
25529 54
25530 44
25531 48
25532 37
25533 15
25534 12
25535 89
25536 96
25537 2
25538 18
25539 96
25540 39
25541 56
25542 3
25543 14
25544 45
25545 95
25546 89
25547 8
25548 82
25549 2
25550 18
25551 52
25552 18
25553 85
25554 12
25555 49
25556 0
25557 76
25558 75
25559 28
25560 17
25561 19
25562 85
25563 36
25564 38
25565 77
25566 96
25567 9
25568 3
25569 33
25570 24
25571 30
25572 30
25573 67
25574 29
25575 42
25576 68
25577 31
25578 89
25579 89
25580 28
25581 6
25582 66
25583 76
25584 81
25585 27
25586 56
25587 7
25588 57
25589 80
25590 63
25591 32
25592 37
25593 66
25594 54
25595 79
25596 10
25597 29
25598 57
25599 77
25600 31
25601 23
25602 91
25603 20
25604 30
25605 46
25606 11
25607 1
25608 26
25609 39
25610 32
25611 29
25612 15
25613 6
25614 55
25615 5
25616 44
25617 64
25618 8
25619 28
25620 2
25621 5
25622 75
25623 58
25624 20
25625 85
25626 14
25627 76
25628 37
25629 99
25630 20
25631 48
25632 55
25633 38
25634 63
25635 67
25636 53
25637 69
25638 58
25639 13
25640 26
25641 59
25642 83
25643 29
25644 31
25645 92
25646 33
25647 54
25648 69
25649 9
25650 63
25651 24
25652 27
25653 3
25654 29
25655 43
25656 87
25657 26
25658 77
25659 2
25660 54
25661 94
25662 52
25663 67
25664 56
25665 27
25666 65
25667 83
25668 93
25669 20
25670 53
25671 18
25672 56
25673 9
25674 7
25675 16
25676 10
25677 74
25678 54
25679 53
25680 84
25681 67
25682 48
25683 48
25684 80
25685 63
25686 63
25687 85
25688 35
25689 53
25690 10
25691 2
25692 6
25693 72
25694 2
25695 25
25696 99
25697 91
25698 52
25699 2
25700 58
25701 61
25702 15
25703 0
25704 93
25705 47
25706 36
25707 93
25708 78
25709 28
25710 68
25711 63
25712 91
25713 9
25714 94
25715 88
25716 10
25717 31
25718 27
25719 88
25720 38
25721 68
25722 45
25723 62
25724 1
25725 58
25726 36
25727 99
25728 80
25729 80
25730 92
25731 62
25732 9
25733 31
25734 38
25735 10
25736 69
25737 26
25738 64
25739 75
25740 33
25741 31
25742 55
25743 4
25744 18
25745 42
25746 91
25747 81
25748 42
25749 66
25750 2
25751 29
25752 21
25753 42
25754 96
25755 38
25756 81
25757 78
25758 28
25759 58
25760 81
25761 12
25762 81
25763 12
25764 56
25765 7
25766 2
25767 47
25768 91
25769 67
25770 31
25771 26
25772 84
25773 9
25774 2
25775 83
25776 54
25777 54
25778 38
25779 37
25780 48
25781 27
25782 70
25783 89
25784 8
25785 6
25786 38
25787 60
25788 14
25789 95
25790 8
25791 92
25792 57
25793 69
25794 45
25795 3
25796 78
25797 72
25798 83
25799 88
25800 31
25801 38
25802 74
25803 98
25804 21
25805 34
25806 45
25807 82
25808 33
25809 96
25810 17
25811 35
25812 35
25813 27
25814 4
25815 73
25816 12
25817 47
25818 15
25819 2
25820 95
25821 78
25822 57
25823 58
25824 40
25825 39
25826 21
25827 72
25828 53
25829 12
25830 3
25831 13
25832 41
25833 20
25834 5
25835 45
25836 10
25837 39
25838 26
25839 87
25840 45
25841 61
25842 15
25843 63
25844 71
25845 21
25846 62
25847 76
25848 83
25849 47
25850 32
25851 50
25852 9
25853 24
25854 44
25855 31
25856 93
25857 83
25858 26
25859 4
25860 45
25861 90
25862 37
25863 81
25864 94
25865 64
25866 23
25867 98
25868 24
25869 57
25870 19
25871 20
25872 88
25873 30
25874 38
25875 23
25876 40
25877 68
25878 30
25879 23
25880 22
25881 52
25882 86
25883 37
25884 82
25885 39
25886 1
25887 15
25888 27
25889 94
25890 59
25891 35
25892 40
25893 28
25894 11
25895 61
25896 10
25897 58
25898 92
25899 35
25900 64
25901 77
25902 72
25903 9
25904 86
25905 26
25906 85
25907 72
25908 13
25909 95
25910 42
25911 14
25912 3
25913 20
25914 42
25915 51
25916 26
25917 85
25918 90
25919 92
25920 81
25921 22
25922 62
25923 23
25924 70
25925 58
25926 83
25927 64
25928 66
25929 7
25930 81
25931 18
25932 85
25933 2
25934 21
25935 39
25936 85
25937 98
25938 40
25939 42
25940 7
25941 50
25942 90
25943 8
25944 48
25945 91
25946 93
25947 92
25948 60
25949 87
25950 37
25951 70
25952 97
25953 66
25954 9
25955 84
25956 23
25957 80
25958 94
25959 64
25960 83
25961 94
25962 37
25963 79
25964 52
25965 52
25966 68
25967 99
25968 23
25969 28
25970 71
25971 32
25972 78
25973 27
25974 31
25975 61
25976 34
25977 87
25978 48
25979 82
25980 50
25981 9
25982 85
25983 64
25984 5
25985 33
25986 5
25987 35
25988 3
25989 97
25990 2
25991 47
25992 56
25993 15
25994 6
25995 99
25996 74
25997 12
25998 18
25999 72
26000 20
26001 46
26002 45
26003 65
26004 54
26005 13
26006 27
26007 91
26008 72
26009 67
26010 93
26011 88
26012 5
26013 0
26014 36
26015 1
26016 9
26017 75
26018 31
26019 30
26020 57
26021 56
26022 20
26023 90
26024 58
26025 20
26026 62
26027 3
26028 14
26029 38
26030 37
26031 81
26032 80
26033 54
26034 94
26035 97
26036 3
26037 22
26038 98
26039 67
26040 87
26041 69
26042 48
26043 40
26044 58
26045 50
26046 35
26047 94
26048 22
26049 39
26050 47
26051 30
26052 7
26053 87
26054 85
26055 71
26056 73
26057 10
26058 92
26059 8
26060 75
26061 21
26062 83
26063 61
26064 70
26065 67
26066 59
26067 99
26068 27
26069 12
26070 7
26071 11
26072 49
26073 96
26074 31
26075 10
26076 91
26077 77
26078 50
26079 30
26080 13
26081 69
26082 32
26083 7
26084 42
26085 32
26086 22
26087 7
26088 47
26089 16
26090 83
26091 8
26092 34
26093 50
26094 33
26095 62
26096 88
26097 32
26098 68
26099 2
26100 31
26101 67
26102 51
26103 65
26104 64
26105 46
26106 25
26107 52
26108 87
26109 29
26110 63
26111 30
26112 4
26113 91
26114 24
26115 82
26116 52
26117 26
26118 90
26119 55
26120 94
26121 64
26122 85
26123 36
26124 51
26125 34
26126 80
26127 14
26128 82
26129 94
26130 8
26131 61
26132 40
26133 76
26134 49
26135 39
26136 6
26137 47
26138 11
26139 51
26140 45
26141 70
26142 4
26143 14
26144 68
26145 12
26146 11
26147 6
26148 43
26149 64
26150 23
26151 9
26152 1
26153 98
26154 4
26155 83
26156 43
26157 8
26158 95
26159 46
26160 22
26161 2
26162 48
26163 2
26164 29
26165 85
26166 17
26167 63
26168 42
26169 28
26170 19
26171 61
26172 43
26173 82
26174 9
26175 25
26176 82
26177 82
26178 29
26179 88
26180 75
26181 29
26182 2
26183 52
26184 73
26185 58
26186 80
26187 9
26188 43
26189 90
26190 54
26191 10
26192 85
26193 86
26194 72
26195 94
26196 10
26197 9
26198 61
26199 24
26200 38
26201 40
26202 74
26203 15
26204 41
26205 71
26206 40
26207 0
26208 40
26209 71
26210 80
26211 61
26212 85
26213 53
26214 4
26215 76
26216 42
26217 64
26218 4
26219 57
26220 23
26221 20
26222 99
26223 7
26224 7
26225 25
26226 56
26227 85
26228 17
26229 64
26230 25
26231 49
26232 65
26233 88
26234 12
26235 59
26236 26
26237 48
26238 80
26239 74
26240 27
26241 36
26242 23
26243 35
26244 21
26245 71
26246 8
26247 78
26248 65
26249 46
26250 97
26251 25
26252 14
26253 85
26254 15
26255 92
26256 32
26257 29
26258 6
26259 24
26260 28
26261 1
26262 61
26263 83
26264 47
26265 56
26266 82
26267 90
26268 80
26269 77
26270 42
26271 54
26272 88
26273 34
26274 62
26275 25
26276 13
26277 61
26278 51
26279 7
26280 58
26281 7
26282 3
26283 44
26284 24
26285 0
26286 15
26287 62
26288 42
26289 22
26290 85
26291 82
26292 48
26293 32
26294 75
26295 98
26296 7
26297 10
26298 21
26299 62
26300 33
26301 42
26302 24
26303 83
26304 37
26305 95
26306 7
26307 41
26308 13
26309 17
26310 52
26311 28
26312 56
26313 31
26314 27
26315 82
26316 69
26317 27
26318 0
26319 41
26320 43
26321 55
26322 46
26323 16
26324 53
26325 78
26326 64
26327 18
26328 8
26329 23
26330 24
26331 46
26332 80
26333 55
26334 94
26335 73
26336 87
26337 40
26338 58
26339 87
26340 47
26341 87
26342 83
26343 42
26344 7
26345 59
26346 29
26347 73
26348 21
26349 86
26350 23
26351 10
26352 13
26353 11
26354 17
26355 45
26356 29
26357 34
26358 82
26359 39
26360 73
26361 1
26362 33
26363 33
26364 89
26365 60
26366 21
26367 16
26368 6
26369 66
26370 7
26371 35
26372 63
26373 54
26374 39
26375 52
26376 79
26377 44
26378 45
26379 60
26380 91
26381 41
26382 36
26383 50
26384 80
26385 91
26386 48
26387 10
26388 52
26389 36
26390 97
26391 17
26392 2
26393 0
26394 41
26395 67
26396 94
26397 68
26398 99
26399 3
26400 15
26401 13
26402 32
26403 58
26404 13
26405 92
26406 0
26407 72
26408 66
26409 32
26410 27
26411 26
26412 54
26413 11
26414 86
26415 0
26416 95
26417 95
26418 73
26419 92
26420 8
26421 29
26422 17
26423 84
26424 9
26425 21
26426 62
26427 91
26428 80
26429 71
26430 40
26431 78
26432 47
26433 19
26434 66
26435 60
26436 69
26437 6
26438 67
26439 10
26440 88
26441 35
26442 71
26443 11
26444 64
26445 96
26446 79
26447 25
26448 86
26449 29
26450 82
26451 71
26452 81
26453 67
26454 38
26455 94
26456 72
26457 48
26458 80
26459 95
26460 82
26461 72
26462 29
26463 8
26464 25
26465 52
26466 22
26467 57
26468 26
26469 52
26470 63
26471 99
26472 99
26473 65
26474 53
26475 50
26476 47
26477 54
26478 88
26479 1
26480 80
26481 58
26482 81
26483 6
26484 25
26485 91
26486 25
26487 23
26488 74
26489 40
26490 99
26491 5
26492 9
26493 98
26494 97
26495 98
26496 69
26497 6
26498 66
26499 19
26500 23
26501 98
26502 15
26503 1
26504 67
26505 44
26506 21
26507 70
26508 35
26509 57
26510 49
26511 99
26512 75
26513 57
26514 70
26515 11
26516 4
26517 92
26518 76
26519 95
26520 44
26521 98
26522 20
26523 57
26524 75
26525 57
26526 4
26527 86
26528 33
26529 75
26530 31
26531 25
26532 17
26533 44
26534 62
26535 55
26536 66
26537 25
26538 43
26539 50
26540 67
26541 12
26542 39
26543 86
26544 20
26545 83
26546 17
26547 54
26548 73
26549 64
26550 80
26551 63
26552 29
26553 0
26554 29
26555 40
26556 35
26557 86
26558 69
26559 75
26560 0
26561 66
26562 44
26563 69
26564 64
26565 11
26566 78
26567 6
26568 61
26569 62
26570 52
26571 84
26572 55
26573 91
26574 76
26575 1
26576 59
26577 46
26578 57
26579 75
26580 94
26581 70
26582 75
26583 17
26584 55
26585 13
26586 95
26587 7
26588 68
26589 10
26590 74
26591 86
26592 38
26593 77
26594 30
26595 65
26596 17
26597 6
26598 37
26599 50
26600 58
26601 3
26602 36
26603 59
26604 71
26605 58
26606 63
26607 57
26608 19
26609 42
26610 79
26611 98
26612 74
26613 21
26614 94
26615 45
26616 89
26617 6
26618 94
26619 16
26620 30
26621 64
26622 80
26623 33
26624 43
26625 32
26626 99
26627 17
26628 11
26629 19
26630 27
26631 78
26632 63
26633 71
26634 25
26635 60
26636 14
26637 73
26638 35
26639 43
26640 38
26641 87
26642 90
26643 53
26644 56
26645 26
26646 37
26647 10
26648 68
26649 53
26650 54
26651 31
26652 86
26653 62
26654 17
26655 56
26656 68
26657 39
26658 21
26659 32
26660 19
26661 95
26662 24
26663 59
26664 28
26665 44
26666 76
26667 63
26668 72
26669 48
26670 99
26671 78
26672 64
26673 59
26674 89
26675 64
26676 71
26677 10
26678 72
26679 15
26680 78
26681 1
26682 33
26683 43
26684 79
26685 76
26686 61
26687 47
26688 93
26689 21
26690 52
26691 70
26692 54
26693 53
26694 79
26695 3
26696 18
26697 18
26698 46
26699 5
26700 28
26701 8
26702 65
26703 53
26704 56
26705 3
26706 76
26707 36
26708 29
26709 47
26710 64
26711 69
26712 97
26713 87
26714 90
26715 61
26716 14
26717 50
26718 13
26719 38
26720 37
26721 15
26722 70
26723 14
26724 44
26725 22
26726 36
26727 91
26728 68
26729 80
26730 74
26731 5
26732 9
26733 12
26734 80
26735 4
26736 51
26737 79
26738 73
26739 56
26740 74
26741 82
26742 62
26743 64
26744 11
26745 14
26746 12
26747 22
26748 12
26749 75
26750 82
26751 14
26752 52
26753 81
26754 9
26755 43
26756 47
26757 4
26758 68
26759 81
26760 29
26761 36
26762 30
26763 45
26764 18
26765 65
26766 29
26767 81
26768 86
26769 83
26770 0
26771 41
26772 3
26773 30
26774 26
26775 48
26776 18
26777 49
26778 48
26779 92
26780 80
26781 19
26782 98
26783 56
26784 1
26785 54
26786 14
26787 69
26788 50
26789 80
26790 24
26791 10
26792 50
26793 18
26794 85
26795 84
26796 0
26797 37
26798 10
26799 10
26800 32
26801 94
26802 31
26803 87
26804 97
26805 33
26806 19
26807 68
26808 39
26809 63
26810 0
26811 29
26812 87
26813 99
26814 21
26815 41
26816 82
26817 69
26818 27
26819 41
26820 32
26821 61
26822 90
26823 2
26824 89
26825 62
26826 31
26827 26
26828 80
26829 90
26830 64
26831 44
26832 56
26833 51
26834 14
26835 34
26836 76
26837 40
26838 41
26839 96
26840 71
26841 21
26842 71
26843 35
26844 50
26845 55
26846 39
26847 60
26848 37
26849 86
26850 65
26851 2
26852 51
26853 52
26854 45
26855 69
26856 23
26857 26
26858 13
26859 53
26860 85
26861 66
26862 53
26863 8
26864 78
26865 93
26866 47
26867 14
26868 64
26869 37
26870 87
26871 86
26872 8
26873 67
26874 18
26875 72
26876 58
26877 47
26878 78
26879 90
26880 91
26881 13
26882 60
26883 84
26884 80
26885 31
26886 17
26887 9
26888 27
26889 46
26890 88
26891 0
26892 93
26893 9
26894 98
26895 19
26896 99
26897 77
26898 5
26899 29
26900 50
26901 83
26902 9
26903 12
26904 45
26905 12
26906 6
26907 63
26908 39
26909 84
26910 79
26911 45
26912 64
26913 17
26914 62
26915 35
26916 88
26917 41
26918 42
26919 17
26920 49
26921 68
26922 0
26923 57
26924 97
26925 72
26926 94
26927 44
26928 51
26929 38
26930 75
26931 61
26932 11
26933 63
26934 94
26935 18
26936 43
26937 95
26938 19
26939 53
26940 85
26941 23
26942 86
26943 29
26944 88
26945 24
26946 2
26947 25
26948 16
26949 36
26950 4
26951 74
26952 10
26953 46
26954 87
26955 1
26956 33
26957 75
26958 84
26959 41
26960 93
26961 4
26962 0
26963 41
26964 24
26965 46
26966 69
26967 55
26968 70
26969 99
26970 70
26971 47
26972 89
26973 81
26974 66
26975 78
26976 61
26977 76
26978 88
26979 17
26980 57
26981 40
26982 5
26983 85
26984 6
26985 89
26986 3
26987 41
26988 89
26989 25
26990 65
26991 54
26992 8
26993 11
26994 24
26995 3
26996 38
26997 53
26998 84
26999 30
27000 19
27001 58
27002 87
27003 74
27004 72
27005 97
27006 58
27007 82
27008 69
27009 70
27010 65
27011 50
27012 71
27013 64
27014 20
27015 51
27016 69
27017 69
27018 83
27019 28
27020 71
27021 62
27022 71
27023 17
27024 3
27025 16
27026 65
27027 82
27028 93
27029 92
27030 96
27031 63
27032 97
27033 78
27034 93
27035 36
27036 26
27037 89
27038 9
27039 88
27040 63
27041 50
27042 14
27043 18
27044 52
27045 60
27046 38
27047 91
27048 20
27049 4
27050 82
27051 89
27052 74
27053 28
27054 80
27055 42
27056 22
27057 12
27058 85
27059 79
27060 33
27061 15
27062 53
27063 4
27064 53
27065 62
27066 12
27067 73
27068 26
27069 95
27070 94
27071 96
27072 67
27073 15
27074 59
27075 50
27076 55
27077 0
27078 16
27079 58
27080 88
27081 74
27082 2
27083 15
27084 19
27085 26
27086 22
27087 92
27088 64
27089 15
27090 83
27091 89
27092 34
27093 77
27094 15
27095 3
27096 65
27097 89
27098 5
27099 77
27100 58
27101 24
27102 85
27103 91
27104 68
27105 63
27106 95
27107 6
27108 67
27109 0
27110 9
27111 64
27112 41
27113 58
27114 7
27115 43
27116 92
27117 33
27118 63
27119 30
27120 22
27121 58
27122 72
27123 37
27124 80
27125 84
27126 25
27127 88
27128 59
27129 52
27130 53
27131 9
27132 48
27133 22
27134 58
27135 72
27136 54
27137 37
27138 14
27139 98
27140 33
27141 94
27142 93
27143 8
27144 85
27145 60
27146 43
27147 92
27148 92
27149 53
27150 79
27151 19
27152 18
27153 72
27154 4
27155 55
27156 61
27157 83
27158 82
27159 64
27160 37
27161 97
27162 19
27163 60
27164 74
27165 77
27166 31
27167 36
27168 70
27169 35
27170 28
27171 50
27172 53
27173 27
27174 47
27175 72
27176 53
27177 23
27178 61
27179 83
27180 36
27181 15
27182 13
27183 25
27184 94
27185 10
27186 39
27187 19
27188 58
27189 69
27190 11
27191 7
27192 73
27193 2
27194 13
27195 92
27196 2
27197 47
27198 66
27199 90
27200 67
27201 55
27202 80
27203 82
27204 24
27205 62
27206 27
27207 44
27208 45
27209 13
27210 21
27211 92
27212 15
27213 78
27214 54
27215 70
27216 38
27217 54
27218 74
27219 7
27220 7
27221 27
27222 85
27223 99
27224 16
27225 60
27226 89
27227 20
27228 73
27229 19
27230 12
27231 59
27232 27
27233 8
27234 31
27235 59
27236 65
27237 62
27238 54
27239 57
27240 30
27241 14
27242 14
27243 94
27244 26
27245 19
27246 39
27247 71
27248 0
27249 46
27250 7
27251 57
27252 21
27253 64
27254 60
27255 1
27256 27
27257 33
27258 92
27259 27
27260 19
27261 81
27262 52
27263 35
27264 53
27265 25
27266 21
27267 79
27268 6
27269 87
27270 66
27271 51
27272 80
27273 26
27274 45
27275 41
27276 45
27277 55
27278 8
27279 44
27280 35
27281 68
27282 98
27283 71
27284 21
27285 10
27286 70
27287 43
27288 46
27289 94
27290 80
27291 55
27292 39
27293 12
27294 41
27295 9
27296 93
27297 46
27298 5
27299 98
27300 77
27301 67
27302 38
27303 47
27304 95
27305 89
27306 5
27307 87
27308 80
27309 69
27310 0
27311 5
27312 27
27313 28
27314 30
27315 81
27316 44
27317 7
27318 76
27319 50
27320 75
27321 40
27322 31
27323 24
27324 30
27325 51
27326 5
27327 64
27328 80
27329 14
27330 15
27331 42
27332 99
27333 0
27334 81
27335 82
27336 38
27337 52
27338 83
27339 5
27340 53
27341 47
27342 61
27343 88
27344 10
27345 17
27346 22
27347 90
27348 99
27349 20
27350 77
27351 21
27352 50
27353 70
27354 34
27355 54
27356 3
27357 29
27358 63
27359 32
27360 75
27361 88
27362 81
27363 93
27364 21
27365 29
27366 9
27367 69
27368 11
27369 12
27370 31
27371 0
27372 25
27373 72
27374 11
27375 36
27376 76
27377 95
27378 68
27379 55
27380 13
27381 59
27382 57
27383 2
27384 10
27385 18
27386 11
27387 20
27388 3
27389 13
27390 67
27391 37
27392 63
27393 73
27394 22
27395 93
27396 94
27397 77
27398 50
27399 99
27400 69
27401 56
27402 32
27403 89
27404 50
27405 53
27406 44
27407 64
27408 79
27409 15
27410 34
27411 94
27412 51
27413 24
27414 29
27415 13
27416 86
27417 63
27418 48
27419 61
27420 4
27421 29
27422 2
27423 91
27424 12
27425 90
27426 77
27427 93
27428 64
27429 97
27430 60
27431 12
27432 63
27433 37
27434 84
27435 71
27436 74
27437 10
27438 66
27439 46
27440 31
27441 0
27442 20
27443 40
27444 69
27445 31
27446 7
27447 19
27448 72
27449 84
27450 60
27451 53
27452 48
27453 82
27454 58
27455 28
27456 75
27457 78
27458 60
27459 47
27460 91
27461 84
27462 50
27463 15
27464 78
27465 33
27466 61
27467 75
27468 60
27469 71
27470 91
27471 66
27472 67
27473 88
27474 4
27475 74
27476 34
27477 50
27478 14
27479 81
27480 93
27481 36
27482 13
27483 18
27484 36
27485 13
27486 85
27487 65
27488 38
27489 19
27490 87
27491 21
27492 42
27493 9
27494 78
27495 20
27496 36
27497 7
27498 87
27499 23
27500 50
27501 8
27502 10
27503 12
27504 82
27505 8
27506 57
27507 78
27508 44
27509 51
27510 55
27511 11
27512 10
27513 72
27514 69
27515 80
27516 32
27517 69
27518 37
27519 33
27520 30
27521 72
27522 69
27523 81
27524 84
27525 54
27526 81
27527 0
27528 59
27529 97
27530 30
27531 84
27532 56
27533 92
27534 28
27535 28
27536 91
27537 33
27538 87
27539 94
27540 1
27541 36
27542 40
27543 79
27544 41
27545 94
27546 71
27547 46
27548 83
27549 55
27550 78
27551 31
27552 60
27553 97
27554 12
27555 18
27556 13
27557 41
27558 69
27559 85
27560 50
27561 81
27562 18
27563 99
27564 96
27565 91
27566 22
27567 84
27568 11
27569 77
27570 22
27571 29
27572 62
27573 27
27574 72
27575 27
27576 21
27577 37
27578 36
27579 86
27580 78
27581 36
27582 66
27583 13
27584 84
27585 95
27586 20
27587 30
27588 53
27589 63
27590 33
27591 55
27592 26
27593 46
27594 68
27595 63
27596 32
27597 20
27598 80
27599 53
27600 72
27601 8
27602 26
27603 75
27604 96
27605 82
27606 83
27607 98
27608 34
27609 77
27610 23
27611 52
27612 78
27613 55
27614 0
27615 19
27616 20
27617 27
27618 93
27619 23
27620 33
27621 25
27622 80
27623 30
27624 9
27625 35
27626 36
27627 71
27628 3
27629 75
27630 43
27631 56
27632 74
27633 97
27634 97
27635 73
27636 24
27637 42
27638 39
27639 81
27640 64
27641 99
27642 58
27643 94
27644 60
27645 61
27646 93
27647 82
27648 38
27649 13
27650 68
27651 9
27652 52
27653 13
27654 52
27655 80
27656 71
27657 94
27658 61
27659 78
27660 59
27661 58
27662 31
27663 10
27664 88
27665 44
27666 16
27667 53
27668 73
27669 94
27670 40
27671 72
27672 20
27673 48
27674 86
27675 12
27676 74
27677 56
27678 70
27679 53
27680 0
27681 73
27682 50
27683 25
27684 3
27685 54
27686 65
27687 68
27688 69
27689 1
27690 29
27691 10
27692 72
27693 91
27694 25
27695 58
27696 63
27697 31
27698 36
27699 18
27700 97
27701 11
27702 44
27703 70
27704 66
27705 79
27706 57
27707 75
27708 96
27709 24
27710 92
27711 85
27712 93
27713 34
27714 90
27715 96
27716 80
27717 7
27718 79
27719 46
27720 17
27721 43
27722 32
27723 6
27724 63
27725 26
27726 91
27727 84
27728 7
27729 5
27730 78
27731 19
27732 24
27733 56
27734 11
27735 96
27736 70
27737 21
27738 53
27739 0
27740 24
27741 59
27742 76
27743 18
27744 48
27745 1
27746 31
27747 40
27748 86
27749 65
27750 54
27751 4
27752 73
27753 8
27754 73
27755 74
27756 62
27757 74
27758 27
27759 97
27760 49
27761 9
27762 13
27763 83
27764 73
27765 21
27766 2
27767 88
27768 75
27769 39
27770 95
27771 62
27772 62
27773 51
27774 39
27775 99
27776 44
27777 96
27778 50
27779 38
27780 73
27781 45
27782 57
27783 92
27784 46
27785 45
27786 45
27787 60
27788 69
27789 94
27790 12
27791 73
27792 43
27793 3
27794 22
27795 2
27796 77
27797 40
27798 76
27799 37
27800 39
27801 39
27802 19
27803 86
27804 22
27805 69
27806 1
27807 53
27808 81
27809 21
27810 89
27811 70
27812 77
27813 80
27814 85
27815 15
27816 77
27817 31
27818 21
27819 34
27820 71
27821 87
27822 53
27823 84
27824 23
27825 75
27826 86
27827 46
27828 5
27829 31
27830 83
27831 77
27832 47
27833 34
27834 60
27835 4
27836 10
27837 45
27838 6
27839 85
27840 96
27841 47
27842 10
27843 79
27844 56
27845 44
27846 38
27847 45
27848 25
27849 92
27850 1
27851 44
27852 99
27853 67
27854 20
27855 56
27856 20
27857 93
27858 70
27859 97
27860 16
27861 97
27862 77
27863 73
27864 41
27865 26
27866 1
27867 47
27868 4
27869 6
27870 21
27871 85
27872 12
27873 73
27874 91
27875 24
27876 83
27877 22
27878 46
27879 39
27880 76
27881 4
27882 12
27883 7
27884 90
27885 83
27886 22
27887 39
27888 88
27889 55
27890 63
27891 25
27892 7
27893 92
27894 14
27895 52
27896 37
27897 40
27898 75
27899 87
27900 69
27901 46
27902 48
27903 1
27904 74
27905 5
27906 44
27907 65
27908 97
27909 22
27910 68
27911 0
27912 30
27913 82
27914 9
27915 51
27916 26
27917 85
27918 89
27919 0
27920 19
27921 68
27922 44
27923 69
27924 61
27925 10
27926 25
27927 17
27928 69
27929 57
27930 28
27931 58
27932 75
27933 81
27934 73
27935 98
27936 55
27937 48
27938 29
27939 11
27940 74
27941 7
27942 24
27943 20
27944 65
27945 1
27946 50
27947 2
27948 50
27949 60
27950 67
27951 50
27952 97
27953 80
27954 32
27955 44
27956 45
27957 94
27958 58
27959 42
27960 79
27961 16
27962 44
27963 17
27964 21
27965 75
27966 23
27967 69
27968 95
27969 32
27970 6
27971 21
27972 55
27973 75
27974 3
27975 89
27976 48
27977 58
27978 92
27979 93
27980 90
27981 91
27982 7
27983 11
27984 46
27985 4
27986 33
27987 92
27988 3
27989 81
27990 23
27991 62
27992 93
27993 75
27994 89
27995 52
27996 69
27997 69
27998 65
27999 69
28000 15
28001 92
28002 40
28003 1
28004 85
28005 6
28006 36
28007 29
28008 40
28009 27
28010 32
28011 76
28012 86
28013 89
28014 37
28015 88
28016 40
28017 36
28018 30
28019 85
28020 14
28021 20
28022 5
28023 6
28024 81
28025 27
28026 83
28027 27
28028 19
28029 66
28030 0
28031 95
28032 4
28033 30
28034 29
28035 4
28036 17
28037 27
28038 80
28039 82
28040 96
28041 37
28042 20
28043 58
28044 47
28045 61
28046 66
28047 23
28048 16
28049 43
28050 84
28051 93
28052 51
28053 24
28054 53
28055 5
28056 7
28057 58
28058 14
28059 91
28060 50
28061 69
28062 55
28063 57
28064 3
28065 17
28066 85
28067 27
28068 45
28069 70
28070 60
28071 88
28072 73
28073 20
28074 79
28075 65
28076 51
28077 1
28078 21
28079 32
28080 27
28081 20
28082 46
28083 1
28084 43
28085 91
28086 9
28087 70
28088 77
28089 40
28090 55
28091 40
28092 3
28093 82
28094 67
28095 9
28096 7
28097 71
28098 31
28099 81
28100 35
28101 90
28102 98
28103 85
28104 76
28105 71
28106 32
28107 90
28108 62
28109 15
28110 54
28111 18
28112 39
28113 79
28114 10
28115 73
28116 84
28117 63
28118 84
28119 22
28120 98
28121 44
28122 53
28123 96
28124 87
28125 6
28126 60
28127 22
28128 42
28129 12
28130 43
28131 93
28132 47
28133 92
28134 73
28135 50
28136 96
28137 12
28138 98
28139 38
28140 59
28141 17
28142 31
28143 23
28144 11
28145 87
28146 30
28147 74
28148 33
28149 88
28150 96
28151 46
28152 25
28153 36
28154 25
28155 10
28156 47
28157 99
28158 22
28159 38
28160 41
28161 47
28162 38
28163 78
28164 41
28165 36
28166 95
28167 30
28168 77
28169 38
28170 25
28171 11
28172 81
28173 43
28174 91
28175 68
28176 24
28177 22
28178 92
28179 20
28180 52
28181 88
28182 21
28183 57
28184 92
28185 18
28186 6
28187 97
28188 28
28189 39
28190 82
28191 74
28192 97
28193 27
28194 65
28195 97
28196 63
28197 53
28198 20
28199 23
28200 84
28201 41
28202 63
28203 95
28204 26
28205 63
28206 88
28207 14
28208 64
28209 92
28210 27
28211 21
28212 82
28213 36
28214 40
28215 79
28216 68
28217 22
28218 48
28219 58
28220 65
28221 31
28222 48
28223 88
28224 9
28225 47
28226 9
28227 40
28228 16
28229 72
28230 24
28231 36
28232 7
28233 60
28234 3
28235 71
28236 85
28237 62
28238 3
28239 68
28240 17
28241 35
28242 95
28243 30
28244 72
28245 53
28246 66
28247 79
28248 60
28249 82
28250 9
28251 3
28252 30
28253 80
28254 36
28255 48
28256 32
28257 14
28258 74
28259 92
28260 35
28261 96
28262 71
28263 69
28264 61
28265 5
28266 17
28267 8
28268 6
28269 75
28270 10
28271 60
28272 13
28273 86
28274 20
28275 80
28276 54
28277 87
28278 51
28279 63
28280 11
28281 71
28282 81
28283 1
28284 5
28285 59
28286 73
28287 25
28288 67
28289 88
28290 1
28291 77
28292 6
28293 40
28294 24
28295 10
28296 9
28297 40
28298 35
28299 92
28300 17
28301 85
28302 86
28303 97
28304 63
28305 54
28306 99
28307 27
28308 81
28309 16
28310 55
28311 67
28312 28
28313 45
28314 85
28315 28
28316 50
28317 79
28318 56
28319 61
28320 88
28321 63
28322 38
28323 5
28324 10
28325 59
28326 95
28327 66
28328 81
28329 95
28330 10
28331 26
28332 94
28333 51
28334 63
28335 19
28336 14
28337 79
28338 22
28339 31
28340 37
28341 99
28342 99
28343 86
28344 35
28345 9
28346 57
28347 60
28348 28
28349 22
28350 74
28351 38
28352 94
28353 32
28354 82
28355 48
28356 11
28357 92
28358 22
28359 5
28360 1
28361 65
28362 86
28363 63
28364 65
28365 88
28366 53
28367 71
28368 77
28369 51
28370 56
28371 24
28372 35
28373 29
28374 25
28375 94
28376 98
28377 17
28378 72
28379 65
28380 17
28381 66
28382 92
28383 40
28384 67
28385 93
28386 54
28387 82
28388 41
28389 96
28390 24
28391 4
28392 86
28393 82
28394 73
28395 32
28396 11
28397 25
28398 60
28399 25
28400 42
28401 57
28402 22
28403 5
28404 5
28405 17
28406 95
28407 46
28408 27
28409 98
28410 2
28411 35
28412 3
28413 99
28414 33
28415 78
28416 82
28417 21
28418 53
28419 35
28420 9
28421 51
28422 87
28423 64
28424 3
28425 75
28426 95
28427 22
28428 24
28429 48
28430 83
28431 5
28432 26
28433 3
28434 50
28435 6
28436 4
28437 65
28438 76
28439 78
28440 46
28441 58
28442 39
28443 31
28444 32
28445 38
28446 31
28447 52
28448 81
28449 70
28450 77
28451 82
28452 35
28453 59
28454 66
28455 78
28456 58
28457 57
28458 1
28459 13
28460 44
28461 18
28462 50
28463 99
28464 2
28465 68
28466 3
28467 31
28468 18
28469 55
28470 41
28471 45
28472 68
28473 42
28474 77
28475 25
28476 62
28477 5
28478 81
28479 71
28480 83
28481 80
28482 98
28483 93
28484 51
28485 7
28486 11
28487 12
28488 15
28489 34
28490 51
28491 51
28492 21
28493 87
28494 79
28495 19
28496 75
28497 84
28498 27
28499 85
28500 94
28501 8
28502 36
28503 10
28504 80
28505 96
28506 50
28507 7
28508 94
28509 6
28510 60
28511 41
28512 5
28513 95
28514 63
28515 98
28516 95
28517 32
28518 65
28519 83
28520 29
28521 6
28522 47
28523 9
28524 33
28525 94
28526 95
28527 0
28528 66
28529 30
28530 31
28531 76
28532 71
28533 41
28534 19
28535 3
28536 21
28537 38
28538 55
28539 58
28540 98
28541 48
28542 98
28543 89
28544 63
28545 82
28546 5
28547 21
28548 75
28549 67
28550 81
28551 21
28552 64
28553 17
28554 0
28555 2
28556 33
28557 45
28558 95
28559 93
28560 3
28561 85
28562 23
28563 73
28564 95
28565 44
28566 4
28567 73
28568 16
28569 13
28570 42
28571 3
28572 21
28573 13
28574 28
28575 17
28576 64
28577 45
28578 3
28579 61
28580 21
28581 18
28582 84
28583 25
28584 30
28585 88
28586 85
28587 59
28588 70
28589 11
28590 62
28591 59
28592 52
28593 47
28594 79
28595 19
28596 8
28597 31
28598 80
28599 37
28600 73
28601 37
28602 78
28603 40
28604 18
28605 96
28606 10
28607 55
28608 42
28609 19
28610 27
28611 81
28612 38
28613 47
28614 0
28615 29
28616 62
28617 42
28618 41
28619 41
28620 72
28621 71
28622 17
28623 80
28624 8
28625 31
28626 13
28627 74
28628 79
28629 48
28630 21
28631 11
28632 68
28633 54
28634 15
28635 18
28636 54
28637 94
28638 22
28639 58
28640 69
28641 39
28642 87
28643 10
28644 8
28645 14
28646 71
28647 66
28648 77
28649 1
28650 28
28651 6
28652 63
28653 94
28654 98
28655 37
28656 25
28657 78
28658 84
28659 65
28660 5
28661 90
28662 94
28663 57
28664 98
28665 24
28666 8
28667 99
28668 58
28669 26
28670 29
28671 81
28672 12
28673 65
28674 93
28675 82
28676 69
28677 28
28678 89
28679 74
28680 73
28681 61
28682 25
28683 90
28684 2
28685 22
28686 51
28687 10
28688 0
28689 97
28690 25
28691 21
28692 31
28693 95
28694 33
28695 95
28696 13
28697 45
28698 59
28699 85
28700 55
28701 2
28702 42
28703 98
28704 69
28705 8
28706 43
28707 75
28708 21
28709 34
28710 11
28711 83
28712 61
28713 14
28714 52
28715 43
28716 67
28717 81
28718 81
28719 69
28720 1
28721 7
28722 49
28723 80
28724 26
28725 28
28726 86
28727 75
28728 19
28729 15
28730 98
28731 89
28732 23
28733 91
28734 96
28735 47
28736 11
28737 72
28738 6
28739 96
28740 15
28741 38
28742 87
28743 85
28744 20
28745 21
28746 70
28747 85
28748 50
28749 10
28750 99
28751 77
28752 22
28753 36
28754 42
28755 46
28756 59
28757 19
28758 14
28759 62
28760 21
28761 79
28762 89
28763 4
28764 44
28765 54
28766 87
28767 30
28768 64
28769 33
28770 50
28771 5
28772 57
28773 77
28774 40
28775 22
28776 57
28777 16
28778 28
28779 12
28780 10
28781 82
28782 62
28783 77
28784 87
28785 79
28786 59
28787 92
28788 21
28789 17
28790 78
28791 77
28792 88
28793 92
28794 80
28795 23
28796 7
28797 6
28798 65
28799 8
28800 71
28801 36
28802 96
28803 37
28804 75
28805 85
28806 91
28807 20
28808 44
28809 89
28810 0
28811 82
28812 88
28813 27
28814 72
28815 63
28816 99
28817 92
28818 92
28819 46
28820 57
28821 31
28822 64
28823 74
28824 55
28825 9
28826 57
28827 69
28828 29
28829 24
28830 38
28831 76
28832 16
28833 30
28834 31
28835 9
28836 52
28837 39
28838 76
28839 35
28840 64
28841 41
28842 81
28843 85
28844 86
28845 60
28846 8
28847 98
28848 40
28849 77
28850 25
28851 75
28852 25
28853 52
28854 30
28855 77
28856 95
28857 73
28858 30
28859 28
28860 92
28861 36
28862 7
28863 36
28864 40
28865 57
28866 33
28867 16
28868 98
28869 30
28870 72
28871 73
28872 3
28873 72
28874 38
28875 94
28876 29
28877 52
28878 16
28879 74
28880 42
28881 40
28882 20
28883 45
28884 76
28885 50
28886 22
28887 32
28888 86
28889 18
28890 39
28891 31
28892 84
28893 48
28894 37
28895 56
28896 86
28897 41
28898 37
28899 26
28900 90
28901 39
28902 50
28903 83
28904 58
28905 83
28906 56
28907 6
28908 25
28909 68
28910 14
28911 33
28912 3
28913 61
28914 8
28915 58
28916 11
28917 85
28918 15
28919 42
28920 22
28921 0
28922 60
28923 37
28924 63
28925 10
28926 67
28927 57
28928 64
28929 46
28930 55
28931 73
28932 82
28933 90
28934 45
28935 24
28936 17
28937 1
28938 88
28939 47
28940 14
28941 97
28942 87
28943 82
28944 20
28945 56
28946 79
28947 82
28948 21
28949 97
28950 86
28951 71
28952 36
28953 79
28954 21
28955 20
28956 82
28957 48
28958 41
28959 6
28960 15
28961 6
28962 0
28963 62
28964 13
28965 25
28966 17
28967 64
28968 59
28969 23
28970 47
28971 43
28972 96
28973 39
28974 83
28975 33
28976 89
28977 91
28978 39
28979 3
28980 75
28981 29
28982 82
28983 74
28984 86
28985 13
28986 9
28987 73
28988 19
28989 15
28990 84
28991 49
28992 52
28993 74
28994 10
28995 95
28996 21
28997 44
28998 89
28999 20
29000 75
29001 58
29002 22
29003 81
29004 37
29005 85
29006 43
29007 7
29008 52
29009 16
29010 71
29011 83
29012 45
29013 76
29014 12
29015 85
29016 81
29017 52
29018 68
29019 60
29020 54
29021 40
29022 81
29023 81
29024 53
29025 11
29026 49
29027 48
29028 66
29029 31
29030 82
29031 81
29032 58
29033 91
29034 50
29035 37
29036 5
29037 13
29038 90
29039 13
29040 74
29041 84
29042 94
29043 80
29044 8
29045 56
29046 31
29047 44
29048 26
29049 78
29050 70
29051 21
29052 20
29053 90
29054 61
29055 91
29056 24
29057 8
29058 16
29059 92
29060 3
29061 45
29062 39
29063 9
29064 80
29065 26
29066 59
29067 39
29068 64
29069 12
29070 85
29071 8
29072 50
29073 97
29074 89
29075 60
29076 68
29077 12
29078 79
29079 10
29080 26
29081 70
29082 91
29083 33
29084 62
29085 83
29086 79
29087 18
29088 48
29089 74
29090 69
29091 10
29092 27
29093 76
29094 6
29095 13
29096 98
29097 21
29098 91
29099 20
29100 24
29101 85
29102 54
29103 72
29104 85
29105 40
29106 38
29107 1
29108 74
29109 13
29110 98
29111 37
29112 52
29113 48
29114 0
29115 90
29116 55
29117 86
29118 94
29119 77
29120 18
29121 93
29122 2
29123 77
29124 23
29125 64
29126 68
29127 77
29128 96
29129 88
29130 76
29131 33
29132 23
29133 7
29134 84
29135 28
29136 35
29137 89
29138 67
29139 30
29140 46
29141 18
29142 90
29143 56
29144 77
29145 91
29146 86
29147 90
29148 26
29149 11
29150 85
29151 52
29152 91
29153 79
29154 20
29155 30
29156 16
29157 94
29158 5
29159 85
29160 31
29161 33
29162 98
29163 31
29164 93
29165 11
29166 71
29167 14
29168 52
29169 33
29170 33
29171 91
29172 52
29173 19
29174 53
29175 32
29176 59
29177 84
29178 85
29179 23
29180 47
29181 87
29182 53
29183 0
29184 60
29185 89
29186 32
29187 24
29188 22
29189 30
29190 87
29191 32
29192 32
29193 16
29194 50
29195 2
29196 97
29197 67
29198 6
29199 13
29200 79
29201 53
29202 13
29203 9
29204 83
29205 70
29206 54
29207 15
29208 93
29209 38
29210 89
29211 36
29212 69
29213 13
29214 87
29215 11
29216 63
29217 63
29218 96
29219 4
29220 8
29221 42
29222 76
29223 22
29224 1
29225 84
29226 70
29227 67
29228 69
29229 30
29230 71
29231 82
29232 11
29233 3
29234 56
29235 43
29236 17
29237 20
29238 73
29239 54
29240 51
29241 86
29242 22
29243 47
29244 71
29245 75
29246 79
29247 52
29248 44
29249 63
29250 59
29251 83
29252 35
29253 55
29254 4
29255 7
29256 49
29257 70
29258 83
29259 43
29260 84
29261 78
29262 76
29263 78
29264 35
29265 6
29266 11
29267 16
29268 66
29269 17
29270 97
29271 88
29272 89
29273 23
29274 50
29275 19
29276 20
29277 96
29278 86
29279 72
29280 45
29281 24
29282 97
29283 1
29284 60
29285 82
29286 22
29287 36
29288 4
29289 36
29290 98
29291 88
29292 92
29293 25
29294 99
29295 37
29296 6
29297 7
29298 13
29299 36
29300 90
29301 79
29302 66
29303 68
29304 52
29305 66
29306 97
29307 97
29308 8
29309 28
29310 44
29311 54
29312 90
29313 59
29314 26
29315 98
29316 3
29317 89
29318 40
29319 98
29320 6
29321 52
29322 87
29323 93
29324 35
29325 74
29326 70
29327 87
29328 85
29329 60
29330 25
29331 52
29332 51
29333 94
29334 32
29335 84
29336 91
29337 10
29338 3
29339 85
29340 33
29341 63
29342 51
29343 88
29344 14
29345 22
29346 7
29347 29
29348 45
29349 27
29350 71
29351 44
29352 77
29353 87
29354 68
29355 28
29356 74
29357 23
29358 10
29359 86
29360 92
29361 88
29362 53
29363 41
29364 5
29365 70
29366 96
29367 84
29368 70
29369 80
29370 58
29371 15
29372 95
29373 72
29374 38
29375 58
29376 72
29377 52
29378 77
29379 22
29380 54
29381 3
29382 18
29383 50
29384 67
29385 67
29386 5
29387 32
29388 25
29389 5
29390 16
29391 17
29392 45
29393 27
29394 53
29395 80
29396 16
29397 54
29398 4
29399 98
29400 14
29401 93
29402 17
29403 99
29404 40
29405 83
29406 13
29407 8
29408 97
29409 89
29410 9
29411 32
29412 76
29413 30
29414 53
29415 8
29416 11
29417 72
29418 63
29419 84
29420 13
29421 16
29422 95
29423 46
29424 94
29425 38
29426 9
29427 16
29428 97
29429 21
29430 26
29431 7
29432 11
29433 11
29434 44
29435 35
29436 1
29437 13
29438 57
29439 22
29440 63
29441 2
29442 44
29443 14
29444 3
29445 16
29446 82
29447 35
29448 46
29449 40
29450 91
29451 75
29452 61
29453 12
29454 64
29455 10
29456 54
29457 80
29458 88
29459 19
29460 76
29461 31
29462 93
29463 67
29464 84
29465 84
29466 24
29467 3
29468 84
29469 56
29470 79
29471 12
29472 55
29473 80
29474 96
29475 43
29476 33
29477 25
29478 24
29479 2
29480 34
29481 87
29482 91
29483 36
29484 91
29485 33
29486 13
29487 77
29488 20
29489 95
29490 51
29491 20
29492 24
29493 73
29494 10
29495 4
29496 84
29497 27
29498 44
29499 52
29500 79
29501 4
29502 59
29503 95
29504 94
29505 81
29506 94
29507 62
29508 39
29509 9
29510 4
29511 85
29512 8
29513 36
29514 55
29515 21
29516 7
29517 21
29518 76
29519 87
29520 24
29521 81
29522 40
29523 41
29524 17
29525 17
29526 3
29527 67
29528 40
29529 58
29530 3
29531 38
29532 43
29533 23
29534 62
29535 61
29536 38
29537 78
29538 18
29539 6
29540 55
29541 16
29542 91
29543 42
29544 5
29545 3
29546 80
29547 83
29548 30
29549 95
29550 14
29551 72
29552 70
29553 36
29554 31
29555 51
29556 79
29557 71
29558 65
29559 39
29560 70
29561 97
29562 17
29563 53
29564 88
29565 20
29566 47
29567 0
29568 66
29569 16
29570 86
29571 55
29572 2
29573 46
29574 22
29575 6
29576 53
29577 70
29578 14
29579 62
29580 69
29581 83
29582 3
29583 73
29584 38
29585 7
29586 0
29587 4
29588 33
29589 98
29590 50
29591 4
29592 33
29593 39
29594 52
29595 39
29596 8
29597 59
29598 41
29599 59
29600 1
29601 47
29602 19
29603 62
29604 17
29605 41
29606 25
29607 38
29608 89
29609 8
29610 44
29611 37
29612 87
29613 45
29614 54
29615 55
29616 97
29617 7
29618 52
29619 5
29620 65
29621 68
29622 9
29623 94
29624 21
29625 0
29626 41
29627 10
29628 36
29629 11
29630 35
29631 75
29632 71
29633 79
29634 55
29635 57
29636 49
29637 28
29638 5
29639 84
29640 84
29641 76
29642 70
29643 88
29644 60
29645 2
29646 3
29647 46
29648 28
29649 2
29650 75
29651 4
29652 15
29653 88
29654 90
29655 87
29656 91
29657 84
29658 61
29659 78
29660 10
29661 51
29662 90
29663 80
29664 6
29665 26
29666 83
29667 97
29668 88
29669 97
29670 63
29671 48
29672 91
29673 68
29674 83
29675 83
29676 38
29677 10
29678 88
29679 9
29680 5
29681 18
29682 1
29683 55
29684 54
29685 78
29686 70
29687 80
29688 41
29689 27
29690 62
29691 2
29692 27
29693 34
29694 65
29695 46
29696 97
29697 36
29698 9
29699 17
29700 25
29701 78
29702 6
29703 29
29704 83
29705 74
29706 76
29707 22
29708 10
29709 38
29710 22
29711 10
29712 57
29713 45
29714 73
29715 21
29716 36
29717 9
29718 16
29719 8
29720 8
29721 6
29722 61
29723 90
29724 1
29725 74
29726 20
29727 33
29728 33
29729 18
29730 63
29731 93
29732 10
29733 32
29734 26
29735 32
29736 11
29737 89
29738 6
29739 48
29740 82
29741 94
29742 50
29743 54
29744 91
29745 39
29746 34
29747 23
29748 37
29749 10
29750 0
29751 26
29752 39
29753 28
29754 79
29755 73
29756 75
29757 54
29758 96
29759 87
29760 46
29761 61
29762 42
29763 92
29764 35
29765 85
29766 39
29767 89
29768 70
29769 73
29770 25
29771 19
29772 77
29773 68
29774 50
29775 34
29776 82
29777 37
29778 79
29779 69
29780 80
29781 39
29782 32
29783 64
29784 53
29785 63
29786 43
29787 82
29788 97
29789 68
29790 42
29791 2
29792 82
29793 73
29794 67
29795 19
29796 43
29797 1
29798 57
29799 34
29800 55
29801 6
29802 24
29803 11
29804 50
29805 34
29806 89
29807 87
29808 70
29809 43
29810 51
29811 1
29812 30
29813 66
29814 42
29815 99
29816 20
29817 55
29818 85
29819 28
29820 87
29821 94
29822 54
29823 14
29824 25
29825 13
29826 64
29827 11
29828 26
29829 53
29830 64
29831 94
29832 9
29833 69
29834 47
29835 77
29836 2
29837 93
29838 54
29839 11
29840 43
29841 81
29842 9
29843 41
29844 91
29845 75
29846 91
29847 26
29848 41
29849 54
29850 86
29851 86
29852 67
29853 66
29854 25
29855 16
29856 33
29857 95
29858 11
29859 10
29860 0
29861 69
29862 4
29863 14
29864 99
29865 40
29866 62
29867 70
29868 59
29869 41
29870 0
29871 64
29872 16
29873 12
29874 73
29875 62
29876 11
29877 27
29878 72
29879 21
29880 68
29881 10
29882 89
29883 99
29884 39
29885 94
29886 85
29887 9
29888 51
29889 53
29890 89
29891 73
29892 69
29893 63
29894 34
29895 7
29896 7
29897 98
29898 93
29899 29
29900 5
29901 1
29902 7
29903 63
29904 37
29905 57
29906 12
29907 79
29908 31
29909 16
29910 39
29911 42
29912 0
29913 87
29914 99
29915 59
29916 6
29917 69
29918 37
29919 99
29920 13
29921 45
29922 21
29923 84
29924 50
29925 86
29926 26
29927 50
29928 52
29929 38
29930 55
29931 27
29932 64
29933 48
29934 18
29935 25
29936 47
29937 86
29938 50
29939 95
29940 57
29941 13
29942 91
29943 95
29944 48
29945 98
29946 4
29947 22
29948 32
29949 46
29950 44
29951 75
29952 13
29953 25
29954 44
29955 73
29956 73
29957 46
29958 9
29959 99
29960 89
29961 17
29962 91
29963 97
29964 92
29965 51
29966 35
29967 16
29968 31
29969 83
29970 88
29971 78
29972 36
29973 16
29974 22
29975 89
29976 86
29977 49
29978 26
29979 56
29980 0
29981 24
29982 18
29983 1
29984 77
29985 94
29986 47
29987 1
29988 36
29989 2
29990 21
29991 91
29992 69
29993 50
29994 82
29995 47
29996 21
29997 87
29998 18
29999 2
