90000 319
90001 399
90002 265
90003 319
90004 405
90005 196
90006 41
90007 281
90008 241
90009 342
90010 240
90011 430
90012 225
90013 139
90014 439
90015 385
90016 329
90017 278
90018 204
90019 133
90020 133
90021 404
90022 325
90023 262
90024 49
90025 326
90026 495
90027 308
90028 94
90029 290
90030 272
90031 36
90032 291
90033 494
90034 102
90035 441
90036 384
90037 140
90038 317
90039 385
90040 73
90041 425
90042 137
90043 370
90044 52
90045 278
90046 248
90047 176
90048 249
90049 279
90050 102
90051 323
90052 49
90053 293
90054 230
90055 109
90056 339
90057 176
90058 359
90059 239
90060 346
90061 439
90062 360
90063 156
90064 280
90065 463
90066 444
90067 175
90068 147
90069 10
90070 237
90071 5
90072 408
90073 210
90074 355
90075 445
90076 365
90077 295
90078 264
90079 57
90080 450
90081 22
90082 178
90083 349
90084 342
90085 255
90086 462
90087 258
90088 235
90089 36
90090 32
90091 441
90092 198
90093 408
90094 345
90095 364
90096 58
90097 32
90098 475
90099 91
90100 390
90101 413
90102 2
90103 241
90104 265
90105 73
90106 329
90107 360
90108 403
90109 46
90110 52
90111 17
90112 350
90113 263
90114 225
90115 195
90116 262
90117 295
90118 120
90119 68
90120 122
90121 276
90122 211
90123 190
90124 7
90125 190
90126 432
90127 475
90128 157
90129 120
90130 46
90131 86
90132 338
90133 293
90134 86
90135 206
90136 137
90137 8
90138 50
90139 137
90140 454
90141 176
90142 165
90143 193
90144 121
90145 362
90146 108
90147 288
90148 325
90149 104
90150 175
90151 395
90152 48
90153 425
90154 155
90155 414
90156 432
90157 284
90158 116
90159 313
90160 123
90161 436
90162 189
90163 111
90164 202
90165 309
90166 484
90167 271
90168 315
90169 165
90170 465
90171 34
90172 481
90173 396
90174 461
90175 174
90176 7
90177 325
90178 436
90179 98
90180 431
90181 44
90182 122
90183 306
90184 256
90185 350
90186 349
90187 247
90188 152
90189 221
90190 233
90191 476
90192 123
90193 408
90194 106
90195 177
90196 71
90197 280
90198 324
90199 459
90200 324
90201 181
90202 413
90203 170
90204 180
90205 78
90206 195
90207 442
90208 324
90209 462
90210 437
90211 111
90212 11
90213 462
90214 350
90215 374
90216 59
90217 312
90218 144
90219 489
90220 201
90221 458
90222 352
90223 106
90224 210
90225 156
90226 259
90227 46
90228 153
90229 112
90230 135
90231 226
90232 403
90233 313
90234 432
90235 297
90236 213
90237 415
90238 29
90239 5
90240 205
90241 441
90242 396
90243 88
90244 183
90245 455
90246 180
90247 134
90248 138
90249 458
90250 162
90251 300
90252 407
90253 165
90254 181
90255 68
90256 417
90257 474
90258 401
90259 313
90260 347
90261 82
90262 252
90263 290
90264 309
90265 279
90266 460
90267 51
90268 42
90269 5
90270 101
90271 393
90272 391
90273 323
90274 110
90275 485
90276 262
90277 176
90278 14
90279 327
90280 8
90281 179
90282 262
90283 316
90284 162
90285 370
90286 486
90287 292
90288 118
90289 202
90290 178
90291 193
90292 193
90293 226
90294 48
90295 127
90296 46
90297 469
90298 220
90299 108
90300 493
90301 57
90302 74
90303 298
90304 106
90305 32
90306 318
90307 14
90308 386
90309 132
90310 181
90311 448
90312 43
90313 169
90314 259
90315 409
90316 70
90317 349
90318 113
90319 255
90320 382
90321 281
90322 488
90323 302
90324 73
90325 196
90326 186
90327 224
90328 270
90329 295
90330 113
90331 89
90332 93
90333 83
90334 249
90335 331
90336 105
90337 44
90338 414
90339 205
90340 154
90341 302
90342 18
90343 481
90344 458
90345 483
90346 103
90347 467
90348 302
90349 87
90350 297
90351 222
90352 204
90353 54
90354 290
90355 449
90356 76
90357 186
90358 459
90359 276
90360 234
90361 73
90362 338
90363 4
90364 85
90365 436
90366 263
90367 283
90368 184
90369 192
90370 250
90371 344
90372 62
90373 424
90374 245
90375 180
90376 293
90377 413
90378 461
90379 399
90380 159
90381 56
90382 154
90383 486
90384 9
90385 315
90386 316
90387 215
90388 383
90389 343
90390 285
90391 488
90392 210
90393 369
90394 341
90395 62
90396 230
90397 269
90398 131
90399 312
90400 121
90401 201
90402 87
90403 410
90404 262
90405 211
90406 173
90407 18
90408 411
90409 305
90410 275
90411 164
90412 258
90413 457
90414 410
90415 14
90416 25
90417 311
90418 342
90419 263
90420 405
90421 97
90422 172
90423 79
90424 214
90425 432
90426 321
90427 121
90428 133
90429 170
90430 296
90431 219
90432 256
90433 343
90434 144
90435 460
90436 465
90437 398
90438 371
90439 320
90440 48
90441 187
90442 489
90443 243
90444 43
90445 450
90446 353
90447 325
90448 357
90449 119
90450 93
90451 363
90452 269
90453 367
90454 123
90455 270
90456 102
90457 259
90458 122
90459 362
90460 470
90461 294
90462 390
90463 319
90464 388
90465 119
90466 134
90467 433
90468 12
90469 375
90470 461
90471 189
90472 169
90473 495
90474 488
90475 47
90476 168
90477 156
90478 259
90479 438
90480 322
90481 482
90482 289
90483 127
90484 7
90485 443
90486 124
90487 360
90488 391
90489 58
90490 182
90491 341
90492 464
90493 342
90494 457
90495 49
90496 333
90497 306
90498 390
90499 49
90500 421
90501 106
90502 450
90503 321
90504 20
90505 244
90506 177
90507 332
90508 156
90509 337
90510 340
90511 490
90512 90
90513 95
90514 301
90515 437
90516 323
90517 118
90518 362
90519 22
90520 77
90521 306
90522 455
90523 187
90524 486
90525 464
90526 417
90527 234
90528 416
90529 431
90530 389
90531 56
90532 225
90533 357
90534 375
90535 357
90536 198
90537 285
90538 437
90539 276
90540 183
90541 126
90542 50
90543 362
90544 377
90545 113
90546 405
90547 19
90548 172
90549 114
90550 275
90551 264
90552 131
90553 274
90554 27
90555 381
90556 269
90557 101
90558 104
90559 337
90560 156
90561 380
90562 139
90563 21
90564 210
90565 340
90566 353
90567 416
90568 367
90569 470
90570 94
90571 47
90572 187
90573 269
90574 483
90575 454
90576 444
90577 119
90578 228
90579 279
90580 455
90581 101
90582 422
90583 335
90584 448
90585 252
90586 221
90587 191
90588 138
90589 31
90590 400
90591 120
90592 483
90593 182
90594 339
90595 244
90596 444
90597 440
90598 439
90599 204
90600 64
90601 293
90602 261
90603 333
90604 363
90605 275
90606 320
90607 141
90608 180
90609 270
90610 431
90611 361
90612 472
90613 68
90614 367
90615 264
90616 464
90617 459
90618 236
90619 71
90620 132
90621 183
90622 410
90623 38
90624 447
90625 474
90626 142
90627 449
90628 473
90629 409
90630 425
90631 143
90632 398
90633 20
90634 389
90635 103
90636 186
90637 413
90638 434
90639 98
90640 228
90641 93
90642 5
90643 46
90644 17
90645 430
90646 263
90647 190
90648 460
90649 37
90650 494
90651 70
90652 149
90653 421
90654 354
90655 189
90656 231
90657 456
90658 146
90659 286
90660 452
90661 472
90662 472
90663 228
90664 6
90665 375
90666 479
90667 164
90668 50
90669 60
90670 432
90671 231
90672 12
90673 214
90674 387
90675 394
90676 480
90677 424
90678 202
90679 54
90680 7
90681 257
90682 495
90683 352
90684 113
90685 46
90686 95
90687 13
90688 416
90689 271
90690 494
90691 62
90692 244
90693 230
90694 256
90695 207
90696 66
90697 188
90698 179
90699 83
90700 386
90701 19
90702 149
90703 298
90704 420
90705 190
90706 310
90707 123
90708 420
90709 361
90710 252
90711 359
90712 291
90713 144
90714 96
90715 178
90716 400
90717 333
90718 276
90719 488
90720 464
90721 51
90722 154
90723 458
90724 385
90725 196
90726 456
90727 93
90728 45
90729 134
90730 330
90731 236
90732 58
90733 20
90734 67
90735 408
90736 188
90737 60
90738 26
90739 257
90740 329
90741 346
90742 18
90743 494
90744 340
90745 393
90746 10
90747 452
90748 77
90749 192
90750 9
90751 206
90752 12
90753 140
90754 141
90755 434
90756 406
90757 490
90758 181
90759 250
90760 355
90761 233
90762 249
90763 60
90764 224
90765 221
90766 357
90767 207
90768 473
90769 460
90770 122
90771 114
90772 90
90773 422
90774 338
90775 262
90776 118
90777 113
90778 39
90779 427
90780 28
90781 135
90782 458
90783 217
90784 407
90785 475
90786 335
90787 161
90788 247
90789 138
90790 76
90791 334
90792 25
90793 36
90794 421
90795 95
90796 92
90797 482
90798 25
90799 118
90800 438
90801 321
90802 348
90803 391
90804 342
90805 318
90806 19
90807 6
90808 130
90809 26
90810 331
90811 222
90812 387
90813 444
90814 491
90815 469
90816 233
90817 412
90818 8
90819 390
90820 274
90821 320
90822 177
90823 3
90824 191
90825 454
90826 388
90827 101
90828 30
90829 170
90830 68
90831 250
90832 350
90833 190
90834 38
90835 486
90836 456
90837 217
90838 442
90839 181
90840 158
90841 314
90842 489
90843 258
90844 236
90845 113
90846 96
90847 68
90848 358
90849 331
90850 459
90851 182
90852 334
90853 143
90854 454
90855 295
90856 3
90857 317
90858 224
90859 235
90860 275
90861 252
90862 162
90863 198
90864 222
90865 203
90866 216
90867 341
90868 100
90869 407
90870 72
90871 197
90872 179
90873 450
90874 347
90875 315
90876 299
90877 105
90878 350
90879 202
90880 466
90881 305
90882 64
90883 331
90884 344
90885 473
90886 415
90887 49
90888 383
90889 477
90890 350
90891 147
90892 422
90893 345
90894 133
90895 193
90896 206
90897 315
90898 214
90899 451
90900 78
90901 248
90902 231
90903 166
90904 376
90905 451
90906 82
90907 106
90908 204
90909 471
90910 73
90911 237
90912 346
90913 278
90914 26
90915 40
90916 222
90917 335
90918 494
90919 224
90920 97
90921 89
90922 83
90923 227
90924 335
90925 1
90926 425
90927 158
90928 131
90929 59
90930 422
90931 216
90932 479
90933 459
90934 337
90935 350
90936 417
90937 78
90938 491
90939 455
90940 357
90941 349
90942 158
90943 8
90944 95
90945 295
90946 193
90947 373
90948 130
90949 339
90950 7
90951 485
90952 467
90953 211
90954 219
90955 176
90956 331
90957 104
90958 458
90959 60
90960 311
90961 182
90962 397
90963 64
90964 385
90965 415
90966 192
90967 188
90968 341
90969 9
90970 68
90971 220
90972 34
90973 420
90974 249
90975 276
90976 109
90977 233
90978 440
90979 421
90980 211
90981 266
90982 434
90983 141
90984 8
90985 277
90986 309
90987 88
90988 442
90989 272
90990 334
90991 30
90992 462
90993 190
90994 78
90995 377
90996 149
90997 439
90998 85
90999 5
91000 391
91001 40
91002 35
91003 131
91004 190
91005 102
91006 98
91007 360
91008 111
91009 389
91010 261
91011 393
91012 484
91013 430
91014 403
91015 289
91016 371
91017 188
91018 79
91019 382
91020 322
91021 300
91022 474
91023 404
91024 236
91025 140
91026 207
91027 190
91028 94
91029 88
91030 459
91031 365
91032 352
91033 255
91034 301
91035 92
91036 211
91037 18
91038 422
91039 306
91040 120
91041 386
91042 467
91043 42
91044 90
91045 145
91046 12
91047 64
91048 194
91049 175
91050 131
91051 112
91052 161
91053 209
91054 269
91055 186
91056 17
91057 343
91058 123
91059 359
91060 75
91061 127
91062 334
91063 298
91064 414
91065 102
91066 202
91067 248
91068 211
91069 405
91070 18
91071 229
91072 227
91073 15
91074 6
91075 87
91076 57
91077 139
91078 429
91079 473
91080 120
91081 340
91082 82
91083 347
91084 408
91085 385
91086 190
91087 447
91088 175
91089 380
91090 433
91091 43
91092 334
91093 117
91094 302
91095 179
91096 474
91097 416
91098 89
91099 168
91100 147
91101 8
91102 353
91103 106
91104 159
91105 230
91106 257
91107 489
91108 28
91109 474
91110 398
91111 338
91112 269
91113 94
91114 113
91115 216
91116 257
91117 347
91118 30
91119 260
91120 436
91121 476
91122 443
91123 24
91124 43
91125 377
91126 145
91127 240
91128 260
91129 214
91130 160
91131 448
91132 464
91133 458
91134 210
91135 404
91136 338
91137 7
91138 413
91139 264
91140 266
91141 449
91142 188
91143 145
91144 78
91145 348
91146 72
91147 49
91148 251
91149 122
91150 378
91151 171
91152 266
91153 479
91154 417
91155 364
91156 173
91157 458
91158 381
91159 306
91160 371
91161 7
91162 33
91163 175
91164 389
91165 293
91166 116
91167 303
91168 197
91169 213
91170 172
91171 194
91172 236
91173 316
91174 29
91175 105
91176 116
91177 178
91178 468
91179 479
91180 443
91181 407
91182 359
91183 218
91184 393
91185 0
91186 110
91187 140
91188 8
91189 18
91190 248
91191 0
91192 257
91193 370
91194 128
91195 220
91196 359
91197 394
91198 398
91199 306
91200 438
91201 20
91202 298
91203 270
91204 339
91205 171
91206 0
91207 491
91208 301
91209 129
91210 323
91211 119
91212 162
91213 274
91214 467
91215 354
91216 166
91217 383
91218 301
91219 160
91220 21
91221 152
91222 290
91223 153
91224 214
91225 126
91226 238
91227 196
91228 207
91229 329
91230 94
91231 172
91232 443
91233 207
91234 310
91235 80
91236 410
91237 438
91238 369
91239 272
91240 127
91241 36
91242 142
91243 41
91244 481
91245 403
91246 174
91247 277
91248 77
91249 405
91250 306
91251 77
91252 364
91253 19
91254 133
91255 167
91256 348
91257 79
91258 341
91259 109
91260 173
91261 1
91262 73
91263 338
91264 232
91265 60
91266 326
91267 137
91268 35
91269 4
91270 495
91271 240
91272 334
91273 412
91274 100
91275 114
91276 218
91277 265
91278 276
91279 47
91280 225
91281 368
91282 22
91283 7
91284 303
91285 405
91286 234
91287 118
91288 282
91289 113
91290 180
91291 200
91292 489
91293 188
91294 465
91295 199
91296 262
91297 469
91298 348
91299 156
91300 475
91301 368
91302 46
91303 3
91304 264
91305 236
91306 280
91307 206
91308 414
91309 112
91310 39
91311 143
91312 439
91313 356
91314 297
91315 244
91316 87
91317 249
91318 300
91319 80
91320 399
91321 160
91322 103
91323 45
91324 448
91325 156
91326 248
91327 174
91328 255
91329 147
91330 124
91331 257
91332 217
91333 143
91334 236
91335 94
91336 296
91337 157
91338 328
91339 320
91340 166
91341 298
91342 458
91343 402
91344 8
91345 167
91346 433
91347 380
91348 240
91349 113
91350 356
91351 397
91352 407
91353 292
91354 441
91355 39
91356 199
91357 162
91358 239
91359 444
91360 29
91361 328
91362 266
91363 450
91364 103
91365 406
91366 154
91367 167
91368 425
91369 393
91370 131
91371 209
91372 101
91373 489
91374 340
91375 265
91376 8
91377 469
91378 95
91379 177
91380 43
91381 488
91382 109
91383 346
91384 391
91385 179
91386 104
91387 257
91388 160
91389 426
91390 20
91391 388
91392 405
91393 176
91394 146
91395 285
91396 475
91397 440
91398 5
91399 16
91400 342
91401 334
91402 151
91403 305
91404 208
91405 459
91406 13
91407 330
91408 169
91409 440
91410 256
91411 334
91412 29
91413 104
91414 340
91415 492
91416 277
91417 335
91418 131
91419 399
91420 453
91421 379
91422 454
91423 12
91424 163
91425 10
91426 461
91427 486
91428 261
91429 93
91430 157
91431 118
91432 412
91433 194
91434 466
91435 307
91436 486
91437 377
91438 14
91439 261
91440 94
91441 330
91442 297
91443 370
91444 129
91445 256
91446 202
91447 18
91448 351
91449 185
91450 4
91451 399
91452 234
91453 311
91454 285
91455 43
91456 15
91457 298
91458 114
91459 416
91460 171
91461 107
91462 223
91463 251
91464 351
91465 79
91466 448
91467 39
91468 172
91469 134
91470 275
91471 177
91472 53
91473 235
91474 125
91475 292
91476 137
91477 230
91478 46
91479 101
91480 457
91481 384
91482 321
91483 176
91484 471
91485 185
91486 145
91487 440
91488 209
91489 217
91490 217
91491 235
91492 363
91493 0
91494 344
91495 333
91496 171
91497 180
91498 110
91499 219
91500 321
91501 188
91502 238
91503 154
91504 427
91505 306
91506 61
91507 38
91508 398
91509 70
91510 493
91511 371
91512 264
91513 430
91514 158
91515 485
91516 210
91517 379
91518 312
91519 32
91520 389
91521 405
91522 493
91523 85
91524 415
91525 71
91526 458
91527 271
91528 49
91529 433
91530 231
91531 418
91532 58
91533 166
91534 472
91535 481
91536 363
91537 276
91538 140
91539 57
91540 279
91541 235
91542 24
91543 262
91544 401
91545 414
91546 406
91547 443
91548 475
91549 438
91550 26
91551 74
91552 407
91553 381
91554 31
91555 145
91556 69
91557 19
91558 69
91559 414
91560 444
91561 157
91562 163
91563 44
91564 188
91565 413
91566 392
91567 78
91568 137
91569 476
91570 109
91571 275
91572 173
91573 44
91574 439
91575 77
91576 240
91577 16
91578 281
91579 376
91580 276
91581 189
91582 458
91583 165
91584 176
91585 47
91586 75
91587 154
91588 465
91589 118
91590 177
91591 135
91592 126
91593 424
91594 218
91595 378
91596 296
91597 119
91598 315
91599 395
91600 5
91601 81
91602 346
91603 236
91604 94
91605 303
91606 347
91607 356
91608 251
91609 95
91610 313
91611 177
91612 89
91613 274
91614 301
91615 483
91616 495
91617 442
91618 30
91619 363
91620 11
91621 343
91622 240
91623 56
91624 385
91625 298
91626 119
91627 438
91628 383
91629 151
91630 493
91631 349
91632 114
91633 73
91634 211
91635 150
91636 479
91637 186
91638 406
91639 90
91640 208
91641 156
91642 111
91643 6
91644 91
91645 289
91646 211
91647 28
91648 207
91649 205
91650 468
91651 466
91652 488
91653 393
91654 309
91655 282
91656 47
91657 135
91658 72
91659 271
91660 479
91661 269
91662 161
91663 135
91664 166
91665 383
91666 289
91667 77
91668 4
91669 208
91670 9
91671 237
91672 19
91673 477
91674 231
91675 348
91676 23
91677 157
91678 315
91679 178
91680 266
91681 425
91682 412
91683 0
91684 422
91685 22
91686 469
91687 60
91688 148
91689 102
91690 199
91691 160
91692 373
91693 212
91694 425
91695 324
91696 333
91697 387
91698 49
91699 129
91700 192
91701 483
91702 240
91703 182
91704 18
91705 328
91706 326
91707 284
91708 141
91709 284
91710 412
91711 180
91712 107
91713 317
91714 56
91715 321
91716 409
91717 248
91718 15
91719 187
91720 380
91721 418
91722 49
91723 28
91724 172
91725 310
91726 440
91727 295
91728 209
91729 253
91730 54
91731 451
91732 438
91733 83
91734 55
91735 346
91736 294
91737 88
91738 172
91739 194
91740 135
91741 436
91742 461
91743 54
91744 267
91745 80
91746 369
91747 178
91748 269
91749 309
91750 186
91751 463
91752 247
91753 160
91754 98
91755 423
91756 130
91757 94
91758 216
91759 355
91760 442
91761 243
91762 235
91763 259
91764 63
91765 251
91766 142
91767 208
91768 378
91769 256
91770 291
91771 67
91772 117
91773 49
91774 299
91775 447
91776 153
91777 491
91778 428
91779 8
91780 491
91781 375
91782 287
91783 185
91784 112
91785 264
91786 16
91787 310
91788 463
91789 226
91790 114
91791 487
91792 449
91793 291
91794 361
91795 278
91796 89
91797 352
91798 85
91799 364
91800 214
91801 397
91802 233
91803 419
91804 294
91805 268
91806 47
91807 155
91808 132
91809 74
91810 18
91811 312
91812 220
91813 461
91814 202
91815 53
91816 377
91817 418
91818 20
91819 129
91820 438
91821 56
91822 30
91823 230
91824 396
91825 165
91826 465
91827 383
91828 302
91829 258
91830 0
91831 119
91832 467
91833 99
91834 135
91835 80
91836 41
91837 302
91838 494
91839 401
91840 469
91841 298
91842 432
91843 101
91844 245
91845 148
91846 341
91847 116
91848 388
91849 214
91850 257
91851 252
91852 46
91853 244
91854 152
91855 405
91856 282
91857 382
91858 206
91859 21
91860 294
91861 157
91862 77
91863 248
91864 275
91865 39
91866 137
91867 320
91868 415
91869 94
91870 303
91871 107
91872 198
91873 441
91874 200
91875 80
91876 106
91877 378
91878 208
91879 348
91880 338
91881 457
91882 415
91883 79
91884 306
91885 414
91886 271
91887 322
91888 115
91889 352
91890 80
91891 127
91892 136
91893 368
91894 86
91895 369
91896 451
91897 195
91898 150
91899 370
91900 480
91901 42
91902 69
91903 235
91904 303
91905 298
91906 157
91907 476
91908 480
91909 168
91910 475
91911 282
91912 132
91913 364
91914 262
91915 440
91916 20
91917 363
91918 32
91919 380
91920 290
91921 272
91922 148
91923 146
91924 251
91925 354
91926 251
91927 189
91928 435
91929 90
91930 43
91931 415
91932 490
91933 89
91934 89
91935 325
91936 79
91937 107
91938 313
91939 348
91940 432
91941 219
91942 396
91943 143
91944 394
91945 267
91946 146
91947 104
91948 319
91949 254
91950 2
91951 26
91952 214
91953 495
91954 475
91955 237
91956 467
91957 346
91958 270
91959 475
91960 481
91961 63
91962 407
91963 415
91964 15
91965 375
91966 431
91967 318
91968 302
91969 228
91970 79
91971 335
91972 192
91973 209
91974 126
91975 487
91976 195
91977 60
91978 14
91979 430
91980 82
91981 13
91982 292
91983 344
91984 195
91985 252
91986 123
91987 293
91988 132
91989 167
91990 355
91991 101
91992 44
91993 115
91994 229
91995 218
91996 9
91997 332
91998 452
91999 425
92000 489
92001 324
92002 324
92003 414
92004 450
92005 160
92006 382
92007 257
92008 162
92009 488
92010 446
92011 372
92012 50
92013 72
92014 247
92015 335
92016 417
92017 254
92018 308
92019 14
92020 190
92021 216
92022 389
92023 370
92024 494
92025 154
92026 157
92027 11
92028 342
92029 84
92030 61
92031 89
92032 284
92033 154
92034 55
92035 261
92036 448
92037 303
92038 427
92039 118
92040 128
92041 161
92042 132
92043 262
92044 260
92045 223
92046 481
92047 87
92048 340
92049 67
92050 420
92051 364
92052 488
92053 354
92054 358
92055 250
92056 179
92057 360
92058 425
92059 100
92060 150
92061 352
92062 360
92063 198
92064 416
92065 145
92066 21
92067 135
92068 464
92069 397
92070 90
92071 116
92072 232
92073 199
92074 12
92075 67
92076 192
92077 297
92078 369
92079 473
92080 258
92081 152
92082 407
92083 310
92084 358
92085 6
92086 443
92087 172
92088 131
92089 386
92090 387
92091 424
92092 329
92093 120
92094 328
92095 412
92096 75
92097 76
92098 260
92099 196
92100 190
92101 218
92102 46
92103 239
92104 55
92105 486
92106 205
92107 189
92108 470
92109 385
92110 31
92111 106
92112 343
92113 360
92114 54
92115 123
92116 192
92117 202
92118 198
92119 169
92120 487
92121 474
92122 140
92123 141
92124 210
92125 494
92126 190
92127 480
92128 293
92129 401
92130 472
92131 71
92132 297
92133 252
92134 283
92135 381
92136 157
92137 331
92138 467
92139 17
92140 138
92141 471
92142 44
92143 273
92144 105
92145 368
92146 277
92147 238
92148 66
92149 135
92150 343
92151 19
92152 366
92153 376
92154 238
92155 496
92156 66
92157 418
92158 215
92159 391
92160 252
92161 179
92162 49
92163 343
92164 428
92165 282
92166 90
92167 370
92168 372
92169 223
92170 378
92171 143
92172 44
92173 251
92174 340
92175 308
92176 113
92177 263
92178 353
92179 411
92180 259
92181 38
92182 281
92183 441
92184 33
92185 45
92186 79
92187 293
92188 472
92189 136
92190 360
92191 396
92192 117
92193 35
92194 225
92195 194
92196 31
92197 140
92198 228
92199 183
92200 312
92201 422
92202 164
92203 334
92204 298
92205 68
92206 20
92207 394
92208 302
92209 489
92210 212
92211 237
92212 19
92213 321
92214 67
92215 88
92216 349
92217 347
92218 9
92219 417
92220 53
92221 323
92222 160
92223 457
92224 153
92225 70
92226 88
92227 224
92228 175
92229 286
92230 51
92231 424
92232 66
92233 244
92234 379
92235 31
92236 26
92237 277
92238 255
92239 46
92240 171
92241 212
92242 333
92243 290
92244 151
92245 111
92246 193
92247 121
92248 387
92249 19
92250 247
92251 289
92252 228
92253 422
92254 77
92255 145
92256 261
92257 319
92258 107
92259 142
92260 288
92261 303
92262 405
92263 55
92264 158
92265 70
92266 110
92267 406
92268 264
92269 408
92270 488
92271 10
92272 113
92273 61
92274 233
92275 247
92276 255
92277 107
92278 308
92279 142
92280 418
92281 15
92282 446
92283 274
92284 362
92285 91
92286 230
92287 244
92288 94
92289 368
92290 18
92291 369
92292 229
92293 457
92294 1
92295 64
92296 124
92297 348
92298 209
92299 205
92300 213
92301 229
92302 342
92303 284
92304 11
92305 425
92306 0
92307 358
92308 241
92309 353
92310 245
92311 277
92312 285
92313 222
92314 64
92315 112
92316 96
92317 22
92318 66
92319 56
92320 261
92321 134
92322 111
92323 393
92324 133
92325 241
92326 270
92327 108
92328 389
92329 299
92330 371
92331 328
92332 414
92333 472
92334 134
92335 307
92336 52
92337 44
92338 234
92339 49
92340 428
92341 244
92342 370
92343 42
92344 312
92345 147
92346 398
92347 25
92348 248
92349 13
92350 17
92351 45
92352 401
92353 313
92354 54
92355 173
92356 451
92357 310
92358 293
92359 476
92360 17
92361 260
92362 115
92363 220
92364 259
92365 288
92366 430
92367 79
92368 231
92369 248
92370 97
92371 303
92372 158
92373 288
92374 365
92375 256
92376 243
92377 207
92378 271
92379 229
92380 69
92381 131
92382 299
92383 398
92384 364
92385 105
92386 69
92387 99
92388 362
92389 206
92390 164
92391 6
92392 189
92393 409
92394 51
92395 55
92396 352
92397 274
92398 320
92399 493
92400 117
92401 55
92402 296
92403 263
92404 370
92405 483
92406 444
92407 275
92408 222
92409 335
92410 234
92411 278
92412 23
92413 82
92414 415
92415 22
92416 317
92417 349
92418 308
92419 384
92420 248
92421 412
92422 328
92423 393
92424 212
92425 421
92426 460
92427 234
92428 182
92429 199
92430 446
92431 470
92432 230
92433 218
92434 51
92435 360
92436 17
92437 340
92438 372
92439 463
92440 61
92441 367
92442 48
92443 305
92444 356
92445 402
92446 256
92447 50
92448 196
92449 444
92450 74
92451 55
92452 232
92453 216
92454 26
92455 131
92456 102
92457 246
92458 76
92459 468
92460 238
92461 254
92462 104
92463 170
92464 302
92465 270
92466 106
92467 177
92468 214
92469 385
92470 277
92471 363
92472 31
92473 247
92474 8
92475 426
92476 2
92477 250
92478 457
92479 317
92480 383
92481 341
92482 207
92483 459
92484 367
92485 231
92486 156
92487 439
92488 15
92489 163
92490 190
92491 398
92492 187
92493 431
92494 422
92495 194
92496 489
92497 332
92498 22
92499 215
92500 369
92501 73
92502 264
92503 6
92504 84
92505 427
92506 251
92507 53
92508 75
92509 231
92510 195
92511 212
92512 268
92513 73
92514 285
92515 56
92516 329
92517 149
92518 264
92519 136
92520 352
92521 228
92522 226
92523 134
92524 22
92525 67
92526 175
92527 482
92528 307
92529 203
92530 172
92531 182
92532 356
92533 69
92534 49
92535 197
92536 276
92537 387
92538 67
92539 223
92540 59
92541 77
92542 103
92543 360
92544 372
92545 308
92546 72
92547 477
92548 464
92549 495
92550 113
92551 57
92552 40
92553 257
92554 236
92555 454
92556 454
92557 170
92558 461
92559 262
92560 445
92561 477
92562 155
92563 33
92564 5
92565 44
92566 58
92567 67
92568 451
92569 336
92570 183
92571 91
92572 480
92573 382
92574 435
92575 143
92576 377
92577 81
92578 410
92579 79
92580 358
92581 134
92582 416
92583 17
92584 120
92585 406
92586 115
92587 304
92588 108
92589 263
92590 448
92591 301
92592 158
92593 369
92594 117
92595 27
92596 448
92597 365
92598 23
92599 151
92600 99
92601 455
92602 81
92603 129
92604 200
92605 116
92606 78
92607 331
92608 255
92609 296
92610 432
92611 181
92612 16
92613 47
92614 268
92615 17
92616 284
92617 59
92618 80
92619 411
92620 466
92621 64
92622 64
92623 324
92624 247
92625 278
92626 63
92627 78
92628 111
92629 386
92630 117
92631 337
92632 464
92633 276
92634 129
92635 482
92636 362
92637 326
92638 7
92639 452
92640 45
92641 334
92642 175
92643 405
92644 385
92645 360
92646 10
92647 327
92648 42
92649 11
92650 357
92651 20
92652 8
92653 10
92654 171
92655 456
92656 121
92657 317
92658 341
92659 251
92660 46
92661 247
92662 448
92663 466
92664 246
92665 60
92666 23
92667 427
92668 396
92669 236
92670 358
92671 305
92672 4
92673 305
92674 208
92675 293
92676 404
92677 46
92678 166
92679 478
92680 219
92681 59
92682 255
92683 346
92684 439
92685 249
92686 32
92687 244
92688 32
92689 298
92690 477
92691 289
92692 455
92693 355
92694 29
92695 146
92696 399
92697 149
92698 448
92699 194
92700 79
92701 144
92702 131
92703 225
92704 4
92705 288
92706 325
92707 157
92708 310
92709 212
92710 46
92711 22
92712 7
92713 196
92714 447
92715 98
92716 203
92717 63
92718 449
92719 324
92720 133
92721 232
92722 27
92723 200
92724 138
92725 404
92726 319
92727 214
92728 192
92729 486
92730 125
92731 61
92732 51
92733 0
92734 435
92735 468
92736 403
92737 389
92738 275
92739 1
92740 277
92741 385
92742 365
92743 172
92744 129
92745 114
92746 352
92747 452
92748 377
92749 17
92750 393
92751 446
92752 56
92753 440
92754 101
92755 491
92756 36
92757 319
92758 36
92759 460
92760 267
92761 478
92762 280
92763 41
92764 395
92765 38
92766 118
92767 339
92768 21
92769 378
92770 52
92771 233
92772 404
92773 457
92774 196
92775 269
92776 5
92777 223
92778 296
92779 113
92780 415
92781 382
92782 190
92783 267
92784 417
92785 160
92786 156
92787 61
92788 317
92789 250
92790 427
92791 113
92792 78
92793 453
92794 89
92795 133
92796 459
92797 136
92798 196
92799 201
92800 120
92801 173
92802 27
92803 455
92804 407
92805 104
92806 224
92807 81
92808 106
92809 235
92810 275
92811 451
92812 382
92813 335
92814 42
92815 481
92816 336
92817 450
92818 120
92819 49
92820 261
92821 362
92822 287
92823 438
92824 230
92825 395
92826 213
92827 304
92828 360
92829 399
92830 276
92831 5
92832 221
92833 391
92834 222
92835 486
92836 315
92837 56
92838 470
92839 308
92840 197
92841 482
92842 134
92843 118
92844 134
92845 297
92846 380
92847 29
92848 60
92849 415
92850 483
92851 125
92852 417
92853 35
92854 368
92855 100
92856 82
92857 446
92858 414
92859 28
92860 0
92861 161
92862 487
92863 21
92864 152
92865 488
92866 424
92867 447
92868 112
92869 470
92870 248
92871 488
92872 439
92873 68
92874 199
92875 107
92876 239
92877 17
92878 455
92879 345
92880 200
92881 198
92882 321
92883 394
92884 114
92885 402
92886 331
92887 97
92888 18
92889 340
92890 341
92891 115
92892 74
92893 147
92894 195
92895 83
92896 175
92897 163
92898 337
92899 178
92900 282
92901 492
92902 151
92903 293
92904 444
92905 174
92906 84
92907 133
92908 197
92909 491
92910 111
92911 312
92912 486
92913 152
92914 359
92915 228
92916 366
92917 351
92918 177
92919 17
92920 202
92921 269
92922 157
92923 294
92924 207
92925 103
92926 226
92927 185
92928 464
92929 230
92930 98
92931 323
92932 174
92933 25
92934 406
92935 34
92936 250
92937 261
92938 25
92939 169
92940 10
92941 118
92942 400
92943 420
92944 162
92945 41
92946 188
92947 400
92948 92
92949 261
92950 79
92951 51
92952 202
92953 70
92954 206
92955 325
92956 370
92957 194
92958 198
92959 253
92960 275
92961 142
92962 434
92963 206
92964 232
92965 308
92966 312
92967 143
92968 248
92969 119
92970 18
92971 224
92972 172
92973 83
92974 272
92975 354
92976 274
92977 269
92978 311
92979 282
92980 167
92981 248
92982 94
92983 110
92984 261
92985 350
92986 426
92987 53
92988 310
92989 474
92990 121
92991 222
92992 274
92993 378
92994 373
92995 201
92996 263
92997 318
92998 381
92999 425
93000 12
93001 155
93002 334
93003 51
93004 325
93005 231
93006 92
93007 311
93008 177
93009 339
93010 394
93011 175
93012 411
93013 79
93014 162
93015 33
93016 302
93017 313
93018 182
93019 363
93020 129
93021 63
93022 273
93023 127
93024 491
93025 126
93026 101
93027 273
93028 399
93029 474
93030 212
93031 189
93032 122
93033 343
93034 248
93035 339
93036 321
93037 124
93038 87
93039 415
93040 45
93041 99
93042 444
93043 470
93044 175
93045 478
93046 322
93047 315
93048 250
93049 374
93050 79
93051 459
93052 475
93053 222
93054 460
93055 82
93056 73
93057 213
93058 469
93059 390
93060 232
93061 48
93062 284
93063 73
93064 61
93065 388
93066 412
93067 286
93068 296
93069 310
93070 116
93071 150
93072 163
93073 300
93074 146
93075 438
93076 296
93077 0
93078 84
93079 230
93080 144
93081 90
93082 89
93083 217
93084 157
93085 475
93086 186
93087 246
93088 365
93089 116
93090 118
93091 240
93092 297
93093 143
93094 349
93095 18
93096 315
93097 122
93098 431
93099 178
93100 15
93101 455
93102 459
93103 109
93104 400
93105 443
93106 178
93107 205
93108 208
93109 354
93110 443
93111 46
93112 162
93113 417
93114 411
93115 199
93116 269
93117 421
93118 340
93119 352
93120 207
93121 291
93122 54
93123 290
93124 235
93125 317
93126 79
93127 371
93128 64
93129 171
93130 186
93131 304
93132 479
93133 2
93134 277
93135 49
93136 340
93137 469
93138 469
93139 108
93140 376
93141 334
93142 10
93143 481
93144 209
93145 27
93146 139
93147 433
93148 452
93149 320
93150 466
93151 421
93152 161
93153 333
93154 352
93155 132
93156 433
93157 481
93158 84
93159 274
93160 116
93161 217
93162 82
93163 13
93164 366
93165 356
93166 362
93167 477
93168 211
93169 24
93170 181
93171 206
93172 318
93173 52
93174 12
93175 411
93176 138
93177 447
93178 40
93179 101
93180 387
93181 213
93182 370
93183 373
93184 81
93185 255
93186 82
93187 221
93188 228
93189 406
93190 485
93191 28
93192 219
93193 186
93194 200
93195 124
93196 260
93197 353
93198 298
93199 281
93200 455
93201 248
93202 304
93203 468
93204 69
93205 98
93206 410
93207 36
93208 190
93209 153
93210 416
93211 347
93212 401
93213 263
93214 50
93215 161
93216 280
93217 306
93218 448
93219 243
93220 125
93221 115
93222 184
93223 471
93224 17
93225 233
93226 305
93227 21
93228 461
93229 59
93230 396
93231 257
93232 59
93233 274
93234 96
93235 476
93236 356
93237 443
93238 105
93239 409
93240 259
93241 477
93242 255
93243 102
93244 162
93245 19
93246 131
93247 80
93248 417
93249 43
93250 313
93251 486
93252 170
93253 393
93254 369
93255 464
93256 241
93257 186
93258 259
93259 362
93260 280
93261 305
93262 89
93263 46
93264 440
93265 376
93266 248
93267 64
93268 401
93269 332
93270 477
93271 205
93272 237
93273 374
93274 151
93275 236
93276 171
93277 213
93278 90
93279 22
93280 373
93281 239
93282 250
93283 378
93284 144
93285 95
93286 2
93287 193
93288 137
93289 284
93290 257
93291 195
93292 156
93293 267
93294 176
93295 377
93296 49
93297 328
93298 76
93299 422
93300 416
93301 313
93302 19
93303 495
93304 38
93305 196
93306 40
93307 335
93308 132
93309 256
93310 12
93311 125
93312 354
93313 260
93314 331
93315 56
93316 26
93317 116
93318 332
93319 42
93320 424
93321 360
93322 371
93323 217
93324 274
93325 26
93326 287
93327 148
93328 487
93329 459
93330 315
93331 228
93332 2
93333 110
93334 161
93335 240
93336 338
93337 256
93338 244
93339 237
93340 334
93341 51
93342 378
93343 136
93344 464
93345 105
93346 129
93347 411
93348 297
93349 182
93350 266
93351 482
93352 355
93353 384
93354 159
93355 451
93356 456
93357 178
93358 89
93359 318
93360 71
93361 426
93362 215
93363 399
93364 84
93365 74
93366 330
93367 87
93368 131
93369 169
93370 404
93371 70
93372 488
93373 261
93374 238
93375 437
93376 154
93377 240
93378 156
93379 158
93380 369
93381 143
93382 249
93383 282
93384 324
93385 69
93386 479
93387 35
93388 148
93389 298
93390 40
93391 200
93392 286
93393 23
93394 156
93395 257
93396 475
93397 2
93398 284
93399 315
93400 257
93401 404
93402 285
93403 391
93404 278
93405 314
93406 310
93407 190
93408 115
93409 372
93410 447
93411 85
93412 478
93413 495
93414 429
93415 24
93416 324
93417 195
93418 343
93419 31
93420 68
93421 479
93422 45
93423 397
93424 369
93425 226
93426 244
93427 72
93428 186
93429 133
93430 71
93431 146
93432 32
93433 234
93434 178
93435 61
93436 477
93437 130
93438 449
93439 341
93440 442
93441 167
93442 372
93443 350
93444 428
93445 86
93446 129
93447 114
93448 223
93449 479
93450 338
93451 382
93452 349
93453 249
93454 455
93455 397
93456 6
93457 182
93458 419
93459 359
93460 75
93461 41
93462 353
93463 7
93464 17
93465 144
93466 349
93467 345
93468 493
93469 136
93470 209
93471 322
93472 292
93473 136
93474 377
93475 304
93476 400
93477 230
93478 292
93479 378
93480 414
93481 448
93482 276
93483 463
93484 339
93485 200
93486 147
93487 230
93488 339
93489 463
93490 152
93491 96
93492 126
93493 261
93494 479
93495 488
93496 136
93497 364
93498 103
93499 199
93500 484
93501 126
93502 478
93503 369
93504 445
93505 385
93506 260
93507 370
93508 52
93509 152
93510 331
93511 392
93512 476
93513 227
93514 310
93515 200
93516 185
93517 90
93518 154
93519 141
93520 376
93521 440
93522 420
93523 116
93524 37
93525 98
93526 462
93527 228
93528 402
93529 88
93530 466
93531 371
93532 341
93533 386
93534 439
93535 151
93536 417
93537 253
93538 387
93539 202
93540 204
93541 370
93542 267
93543 90
93544 320
93545 174
93546 447
93547 462
93548 2
93549 279
93550 28
93551 172
93552 481
93553 161
93554 293
93555 256
93556 229
93557 71
93558 295
93559 50
93560 318
93561 339
93562 193
93563 402
93564 290
93565 323
93566 207
93567 327
93568 335
93569 201
93570 74
93571 447
93572 319
93573 53
93574 37
93575 31
93576 12
93577 324
93578 108
93579 327
93580 325
93581 43
93582 439
93583 378
93584 402
93585 64
93586 152
93587 483
93588 331
93589 166
93590 62
93591 409
93592 429
93593 36
93594 329
93595 375
93596 446
93597 154
93598 41
93599 389
93600 93
93601 482
93602 301
93603 487
93604 69
93605 272
93606 198
93607 133
93608 254
93609 213
93610 442
93611 152
93612 248
93613 241
93614 317
93615 477
93616 284
93617 45
93618 168
93619 104
93620 4
93621 71
93622 181
93623 41
93624 376
93625 488
93626 201
93627 166
93628 294
93629 43
93630 299
93631 31
93632 16
93633 200
93634 108
93635 298
93636 380
93637 458
93638 198
93639 59
93640 174
93641 145
93642 74
93643 268
93644 101
93645 262
93646 139
93647 2
93648 367
93649 27
93650 108
93651 195
93652 211
93653 315
93654 425
93655 155
93656 323
93657 374
93658 298
93659 173
93660 132
93661 107
93662 460
93663 43
93664 122
93665 312
93666 349
93667 222
93668 302
93669 156
93670 487
93671 318
93672 261
93673 127
93674 262
93675 449
93676 22
93677 135
93678 295
93679 129
93680 273
93681 295
93682 371
93683 447
93684 267
93685 291
93686 181
93687 361
93688 96
93689 315
93690 193
93691 260
93692 400
93693 321
93694 178
93695 336
93696 312
93697 368
93698 22
93699 63
93700 93
93701 276
93702 323
93703 22
93704 432
93705 80
93706 198
93707 388
93708 364
93709 57
93710 366
93711 394
93712 123
93713 473
93714 77
93715 440
93716 475
93717 13
93718 162
93719 195
93720 323
93721 82
93722 336
93723 338
93724 272
93725 156
93726 436
93727 116
93728 325
93729 438
93730 309
93731 348
93732 155
93733 12
93734 126
93735 61
93736 41
93737 321
93738 84
93739 171
93740 443
93741 207
93742 198
93743 277
93744 3
93745 471
93746 188
93747 328
93748 5
93749 467
93750 21
93751 193
93752 486
93753 296
93754 495
93755 423
93756 185
93757 311
93758 406
93759 186
93760 485
93761 45
93762 159
93763 188
93764 467
93765 33
93766 357
93767 340
93768 96
93769 203
93770 422
93771 255
93772 12
93773 410
93774 282
93775 240
93776 251
93777 85
93778 276
93779 388
93780 496
93781 431
93782 414
93783 479
93784 473
93785 202
93786 468
93787 214
93788 263
93789 288
93790 197
93791 81
93792 451
93793 326
93794 478
93795 348
93796 266
93797 310
93798 495
93799 148
93800 432
93801 236
93802 0
93803 89
93804 496
93805 153
93806 281
93807 423
93808 285
93809 214
93810 99
93811 145
93812 359
93813 180
93814 193
93815 90
93816 79
93817 482
93818 90
93819 74
93820 6
93821 92
93822 116
93823 57
93824 255
93825 23
93826 326
93827 486
93828 18
93829 441
93830 134
93831 256
93832 426
93833 110
93834 131
93835 175
93836 58
93837 328
93838 217
93839 143
93840 407
93841 380
93842 94
93843 326
93844 40
93845 421
93846 131
93847 490
93848 64
93849 168
93850 134
93851 135
93852 213
93853 290
93854 336
93855 32
93856 152
93857 130
93858 162
93859 325
93860 27
93861 412
93862 289
93863 358
93864 414
93865 390
93866 334
93867 61
93868 261
93869 222
93870 439
93871 108
93872 426
93873 241
93874 125
93875 173
93876 29
93877 243
93878 57
93879 83
93880 480
93881 11
93882 264
93883 331
93884 327
93885 251
93886 300
93887 183
93888 57
93889 488
93890 267
93891 176
93892 375
93893 177
93894 272
93895 106
93896 136
93897 415
93898 61
93899 34
93900 30
93901 136
93902 379
93903 282
93904 400
93905 70
93906 32
93907 231
93908 36
93909 386
93910 245
93911 277
93912 435
93913 294
93914 28
93915 494
93916 399
93917 228
93918 106
93919 386
93920 382
93921 130
93922 488
93923 281
93924 123
93925 432
93926 82
93927 260
93928 198
93929 302
93930 300
93931 345
93932 35
93933 96
93934 312
93935 330
93936 228
93937 385
93938 190
93939 73
93940 324
93941 482
93942 142
93943 239
93944 456
93945 497
93946 461
93947 399
93948 164
93949 273
93950 28
93951 27
93952 460
93953 14
93954 479
93955 102
93956 102
93957 100
93958 145
93959 135
93960 182
93961 181
93962 147
93963 129
93964 24
93965 378
93966 135
93967 93
93968 104
93969 468
93970 260
93971 428
93972 122
93973 217
93974 118
93975 4
93976 387
93977 270
93978 212
93979 278
93980 392
93981 259
93982 46
93983 206
93984 336
93985 402
93986 133
93987 372
93988 411
93989 418
93990 398
93991 384
93992 408
93993 467
93994 120
93995 260
93996 396
93997 125
93998 27
93999 190
94000 113
94001 277
94002 22
94003 159
94004 467
94005 467
94006 284
94007 421
94008 251
94009 127
94010 217
94011 298
94012 237
94013 2
94014 26
94015 399
94016 409
94017 283
94018 228
94019 80
94020 204
94021 348
94022 495
94023 419
94024 276
94025 414
94026 245
94027 408
94028 48
94029 424
94030 370
94031 14
94032 415
94033 469
94034 449
94035 223
94036 219
94037 252
94038 126
94039 15
94040 229
94041 4
94042 352
94043 295
94044 213
94045 114
94046 122
94047 173
94048 112
94049 318
94050 353
94051 49
94052 330
94053 106
94054 246
94055 315
94056 187
94057 239
94058 84
94059 364
94060 434
94061 209
94062 480
94063 64
94064 275
94065 123
94066 212
94067 402
94068 164
94069 402
94070 262
94071 292
94072 322
94073 300
94074 196
94075 214
94076 164
94077 196
94078 321
94079 261
94080 370
94081 250
94082 56
94083 390
94084 110
94085 425
94086 311
94087 213
94088 410
94089 476
94090 182
94091 307
94092 271
94093 1
94094 120
94095 380
94096 471
94097 169
94098 354
94099 29
94100 174
94101 433
94102 463
94103 389
94104 471
94105 197
94106 254
94107 340
94108 286
94109 217
94110 398
94111 215
94112 46
94113 9
94114 169
94115 173
94116 326
94117 244
94118 135
94119 409
94120 194
94121 34
94122 396
94123 312
94124 413
94125 131
94126 218
94127 309
94128 268
94129 396
94130 163
94131 307
94132 92
94133 460
94134 344
94135 29
94136 57
94137 266
94138 143
94139 414
94140 24
94141 270
94142 132
94143 367
94144 414
94145 228
94146 169
94147 40
94148 383
94149 6
94150 126
94151 449
94152 1
94153 353
94154 101
94155 104
94156 321
94157 490
94158 162
94159 300
94160 276
94161 258
94162 281
94163 119
94164 19
94165 274
94166 417
94167 299
94168 466
94169 74
94170 395
94171 447
94172 202
94173 198
94174 473
94175 197
94176 75
94177 90
94178 285
94179 33
94180 280
94181 469
94182 70
94183 349
94184 311
94185 325
94186 148
94187 449
94188 388
94189 433
94190 30
94191 28
94192 295
94193 221
94194 295
94195 267
94196 320
94197 183
94198 349
94199 357
94200 317
94201 164
94202 429
94203 447
94204 478
94205 67
94206 98
94207 492
94208 394
94209 332
94210 398
94211 361
94212 475
94213 145
94214 32
94215 440
94216 80
94217 373
94218 163
94219 12
94220 207
94221 259
94222 417
94223 91
94224 200
94225 29
94226 124
94227 310
94228 455
94229 484
94230 162
94231 442
94232 452
94233 430
94234 111
94235 141
94236 343
94237 264
94238 328
94239 94
94240 381
94241 39
94242 295
94243 466
94244 69
94245 401
94246 19
94247 453
94248 176
94249 394
94250 281
94251 407
94252 251
94253 271
94254 416
94255 437
94256 464
94257 41
94258 424
94259 361
94260 332
94261 240
94262 84
94263 423
94264 208
94265 446
94266 70
94267 397
94268 156
94269 64
94270 28
94271 172
94272 148
94273 168
94274 470
94275 363
94276 447
94277 112
94278 332
94279 127
94280 206
94281 181
94282 470
94283 456
94284 259
94285 12
94286 338
94287 0
94288 391
94289 268
94290 253
94291 422
94292 436
94293 410
94294 305
94295 417
94296 294
94297 316
94298 403
94299 337
94300 371
94301 122
94302 375
94303 387
94304 380
94305 328
94306 436
94307 456
94308 101
94309 259
94310 156
94311 447
94312 460
94313 409
94314 100
94315 192
94316 446
94317 354
94318 310
94319 276
94320 282
94321 190
94322 287
94323 189
94324 403
94325 464
94326 219
94327 220
94328 495
94329 327
94330 284
94331 289
94332 31
94333 88
94334 324
94335 76
94336 273
94337 495
94338 473
94339 130
94340 415
94341 449
94342 466
94343 390
94344 323
94345 476
94346 21
94347 256
94348 432
94349 204
94350 196
94351 329
94352 175
94353 407
94354 465
94355 3
94356 201
94357 235
94358 47
94359 11
94360 296
94361 85
94362 83
94363 227
94364 360
94365 320
94366 411
94367 120
94368 123
94369 246
94370 133
94371 329
94372 454
94373 451
94374 24
94375 354
94376 29
94377 289
94378 285
94379 100
94380 301
94381 166
94382 276
94383 193
94384 189
94385 379
94386 263
94387 377
94388 456
94389 200
94390 457
94391 282
94392 275
94393 338
94394 5
94395 178
94396 49
94397 273
94398 361
94399 306
94400 6
94401 221
94402 212
94403 233
94404 155
94405 479
94406 92
94407 124
94408 262
94409 70
94410 145
94411 338
94412 349
94413 367
94414 42
94415 474
94416 342
94417 274
94418 186
94419 416
94420 0
94421 488
94422 139
94423 173
94424 394
94425 344
94426 117
94427 234
94428 446
94429 16
94430 302
94431 253
94432 115
94433 421
94434 315
94435 318
94436 317
94437 190
94438 462
94439 390
94440 315
94441 220
94442 43
94443 335
94444 293
94445 249
94446 318
94447 32
94448 327
94449 346
94450 84
94451 430
94452 427
94453 281
94454 326
94455 118
94456 12
94457 307
94458 308
94459 329
94460 206
94461 58
94462 318
94463 267
94464 17
94465 308
94466 474
94467 53
94468 34
94469 479
94470 255
94471 481
94472 22
94473 260
94474 13
94475 268
94476 143
94477 470
94478 54
94479 130
94480 493
94481 182
94482 90
94483 476
94484 472
94485 116
94486 483
94487 471
94488 124
94489 117
94490 434
94491 475
94492 298
94493 32
94494 51
94495 94
94496 250
94497 367
94498 467
94499 495
94500 343
94501 0
94502 25
94503 32
94504 489
94505 277
94506 22
94507 99
94508 60
94509 17
94510 281
94511 412
94512 30
94513 222
94514 347
94515 362
94516 138
94517 396
94518 233
94519 430
94520 40
94521 445
94522 4
94523 263
94524 469
94525 382
94526 336
94527 257
94528 319
94529 9
94530 258
94531 36
94532 226
94533 372
94534 133
94535 364
94536 398
94537 298
94538 204
94539 330
94540 168
94541 374
94542 58
94543 166
94544 139
94545 282
94546 303
94547 364
94548 420
94549 161
94550 246
94551 97
94552 91
94553 19
94554 155
94555 296
94556 152
94557 493
94558 147
94559 306
94560 433
94561 473
94562 316
94563 462
94564 112
94565 189
94566 448
94567 358
94568 92
94569 103
94570 352
94571 472
94572 104
94573 241
94574 485
94575 273
94576 323
94577 399
94578 83
94579 480
94580 38
94581 67
94582 423
94583 226
94584 28
94585 134
94586 126
94587 401
94588 465
94589 323
94590 253
94591 250
94592 224
94593 332
94594 120
94595 147
94596 284
94597 17
94598 401
94599 35
94600 335
94601 97
94602 86
94603 473
94604 474
94605 132
94606 349
94607 450
94608 352
94609 313
94610 394
94611 225
94612 204
94613 133
94614 239
94615 83
94616 302
94617 221
94618 18
94619 299
94620 478
94621 93
94622 251
94623 241
94624 295
94625 175
94626 51
94627 285
94628 74
94629 182
94630 420
94631 133
94632 298
94633 39
94634 434
94635 445
94636 317
94637 291
94638 292
94639 308
94640 62
94641 388
94642 211
94643 334
94644 394
94645 431
94646 283
94647 117
94648 237
94649 120
94650 442
94651 320
94652 327
94653 148
94654 115
94655 426
94656 99
94657 319
94658 439
94659 452
94660 275
94661 419
94662 115
94663 343
94664 94
94665 337
94666 462
94667 341
94668 18
94669 452
94670 448
94671 25
94672 186
94673 292
94674 326
94675 237
94676 286
94677 46
94678 473
94679 478
94680 210
94681 276
94682 239
94683 384
94684 131
94685 255
94686 457
94687 467
94688 171
94689 129
94690 479
94691 144
94692 367
94693 133
94694 53
94695 473
94696 282
94697 493
94698 370
94699 260
94700 40
94701 396
94702 235
94703 49
94704 456
94705 314
94706 441
94707 237
94708 89
94709 16
94710 295
94711 27
94712 372
94713 439
94714 459
94715 305
94716 149
94717 50
94718 154
94719 489
94720 350
94721 142
94722 474
94723 396
94724 260
94725 284
94726 438
94727 292
94728 466
94729 397
94730 260
94731 373
94732 455
94733 377
94734 29
94735 199
94736 432
94737 300
94738 159
94739 142
94740 470
94741 332
94742 97
94743 52
94744 248
94745 273
94746 206
94747 339
94748 346
94749 230
94750 230
94751 343
94752 14
94753 115
94754 322
94755 358
94756 151
94757 46
94758 235
94759 305
94760 224
94761 114
94762 448
94763 381
94764 24
94765 419
94766 89
94767 422
94768 263
94769 252
94770 148
94771 457
94772 452
94773 347
94774 96
94775 311
94776 320
94777 350
94778 275
94779 62
94780 354
94781 32
94782 281
94783 244
94784 178
94785 108
94786 359
94787 315
94788 165
94789 175
94790 487
94791 321
94792 229
94793 168
94794 43
94795 400
94796 170
94797 154
94798 346
94799 170
94800 457
94801 318
94802 70
94803 0
94804 209
94805 378
94806 486
94807 108
94808 302
94809 265
94810 433
94811 174
94812 18
94813 395
94814 155
94815 43
94816 255
94817 362
94818 392
94819 204
94820 86
94821 15
94822 315
94823 359
94824 299
94825 433
94826 158
94827 451
94828 414
94829 116
94830 300
94831 230
94832 261
94833 90
94834 418
94835 101
94836 397
94837 243
94838 51
94839 462
94840 415
94841 165
94842 432
94843 129
94844 247
94845 4
94846 210
94847 488
94848 100
94849 334
94850 251
94851 372
94852 81
94853 197
94854 71
94855 459
94856 456
94857 134
94858 281
94859 104
94860 353
94861 337
94862 54
94863 337
94864 323
94865 463
94866 121
94867 297
94868 260
94869 55
94870 448
94871 453
94872 219
94873 467
94874 283
94875 221
94876 17
94877 81
94878 475
94879 215
94880 219
94881 80
94882 139
94883 468
94884 221
94885 441
94886 26
94887 364
94888 384
94889 140
94890 182
94891 414
94892 39
94893 113
94894 274
94895 53
94896 273
94897 46
94898 335
94899 478
94900 38
94901 193
94902 128
94903 273
94904 379
94905 409
94906 361
94907 202
94908 289
94909 32
94910 393
94911 251
94912 336
94913 439
94914 218
94915 226
94916 230
94917 261
94918 454
94919 311
94920 201
94921 441
94922 483
94923 427
94924 17
94925 431
94926 491
94927 469
94928 374
94929 479
94930 0
94931 420
94932 397
94933 456
94934 71
94935 479
94936 25
94937 376
94938 239
94939 453
94940 131
94941 260
94942 122
94943 275
94944 194
94945 40
94946 303
94947 10
94948 52
94949 298
94950 123
94951 25
94952 264
94953 181
94954 490
94955 297
94956 194
94957 469
94958 25
94959 61
94960 364
94961 9
94962 108
94963 280
94964 343
94965 461
94966 443
94967 141
94968 186
94969 136
94970 103
94971 474
94972 433
94973 206
94974 344
94975 56
94976 269
94977 290
94978 127
94979 138
94980 459
94981 11
94982 257
94983 437
94984 408
94985 378
94986 462
94987 457
94988 168
94989 446
94990 317
94991 469
94992 216
94993 41
94994 403
94995 140
94996 390
94997 124
94998 421
94999 472
95000 69
95001 327
95002 290
95003 263
95004 56
95005 260
95006 447
95007 386
95008 255
95009 168
95010 84
95011 170
95012 86
95013 272
95014 189
95015 341
95016 438
95017 329
95018 162
95019 380
95020 292
95021 167
95022 235
95023 60
95024 134
95025 219
95026 432
95027 72
95028 56
95029 235
95030 494
95031 125
95032 294
95033 165
95034 252
95035 319
95036 405
95037 280
95038 263
95039 98
95040 162
95041 247
95042 439
95043 310
95044 173
95045 181
95046 36
95047 255
95048 401
95049 178
95050 446
95051 168
95052 443
95053 401
95054 226
95055 362
95056 208
95057 58
95058 382
95059 282
95060 461
95061 26
95062 410
95063 58
95064 24
95065 355
95066 56
95067 246
95068 386
95069 357
95070 477
95071 179
95072 153
95073 306
95074 30
95075 341
95076 159
95077 433
95078 460
95079 406
95080 371
95081 483
95082 408
95083 108
95084 385
95085 291
95086 378
95087 262
95088 57
95089 460
95090 51
95091 83
95092 78
95093 471
95094 364
95095 10
95096 62
95097 43
95098 273
95099 477
95100 336
95101 131
95102 66
95103 31
95104 433
95105 430
95106 206
95107 378
95108 124
95109 309
95110 167
95111 306
95112 323
95113 418
95114 149
95115 398
95116 306
95117 112
95118 90
95119 203
95120 142
95121 440
95122 374
95123 8
95124 85
95125 174
95126 193
95127 101
95128 441
95129 28
95130 221
95131 176
95132 129
95133 470
95134 364
95135 371
95136 154
95137 238
95138 125
95139 262
95140 195
95141 280
95142 413
95143 385
95144 82
95145 68
95146 97
95147 132
95148 188
95149 5
95150 200
95151 118
95152 397
95153 114
95154 271
95155 46
95156 470
95157 423
95158 88
95159 431
95160 283
95161 305
95162 477
95163 276
95164 96
95165 454
95166 175
95167 303
95168 330
95169 370
95170 402
95171 14
95172 166
95173 207
95174 354
95175 465
95176 461
95177 30
95178 256
95179 214
95180 349
95181 369
95182 381
95183 430
95184 224
95185 263
95186 208
95187 433
95188 16
95189 111
95190 457
95191 38
95192 33
95193 140
95194 314
95195 33
95196 75
95197 128
95198 16
95199 482
95200 471
95201 188
95202 444
95203 8
95204 346
95205 200
95206 17
95207 459
95208 161
95209 483
95210 294
95211 45
95212 84
95213 120
95214 440
95215 73
95216 410
95217 438
95218 141
95219 55
95220 420
95221 275
95222 23
95223 68
95224 15
95225 35
95226 347
95227 367
95228 73
95229 70
95230 190
95231 423
95232 415
95233 459
95234 304
95235 1
95236 40
95237 21
95238 55
95239 142
95240 150
95241 299
95242 425
95243 23
95244 51
95245 23
95246 192
95247 138
95248 202
95249 210
95250 187
95251 468
95252 240
95253 89
95254 372
95255 78
95256 442
95257 73
95258 391
95259 476
95260 349
95261 335
95262 325
95263 77
95264 388
95265 418
95266 381
95267 6
95268 308
95269 331
95270 354
95271 98
95272 345
95273 261
95274 67
95275 44
95276 210
95277 62
95278 276
95279 42
95280 243
95281 21
95282 62
95283 89
95284 215
95285 271
95286 178
95287 348
95288 99
95289 84
95290 188
95291 37
95292 196
95293 152
95294 109
95295 298
95296 79
95297 137
95298 0
95299 27
95300 85
95301 190
95302 432
95303 186
95304 248
95305 108
95306 163
95307 104
95308 142
95309 398
95310 277
95311 88
95312 301
95313 306
95314 46
95315 194
95316 233
95317 250
95318 388
95319 493
95320 272
95321 168
95322 57
95323 365
95324 437
95325 401
95326 111
95327 440
95328 321
95329 394
95330 396
95331 403
95332 383
95333 206
95334 480
95335 15
95336 463
95337 352
95338 12
95339 386
95340 10
95341 322
95342 259
95343 153
95344 33
95345 268
95346 227
95347 199
95348 424
95349 69
95350 48
95351 399
95352 319
95353 216
95354 20
95355 108
95356 120
95357 379
95358 385
95359 192
95360 142
95361 395
95362 40
95363 102
95364 434
95365 491
95366 335
95367 317
95368 445
95369 291
95370 325
95371 249
95372 100
95373 414
95374 131
95375 487
95376 53
95377 331
95378 439
95379 326
95380 153
95381 62
95382 300
95383 9
95384 149
95385 33
95386 439
95387 470
95388 236
95389 315
95390 420
95391 39
95392 127
95393 318
95394 166
95395 220
95396 212
95397 464
95398 36
95399 0
95400 195
95401 386
95402 489
95403 463
95404 193
95405 158
95406 156
95407 356
95408 223
95409 3
95410 154
95411 364
95412 159
95413 150
95414 454
95415 274
95416 147
95417 128
95418 405
95419 459
95420 231
95421 122
95422 69
95423 67
95424 31
95425 471
95426 454
95427 87
95428 17
95429 392
95430 122
95431 469
95432 308
95433 26
95434 424
95435 349
95436 32
95437 291
95438 292
95439 324
95440 483
95441 367
95442 5
95443 375
95444 450
95445 316
95446 155
95447 143
95448 216
95449 103
95450 381
95451 89
95452 346
95453 173
95454 381
95455 222
95456 462
95457 287
95458 413
95459 398
95460 311
95461 281
95462 404
95463 232
95464 309
95465 370
95466 42
95467 221
95468 57
95469 89
95470 488
95471 109
95472 49
95473 379
95474 311
95475 194
95476 214
95477 179
95478 370
95479 125
95480 380
95481 313
95482 427
95483 395
95484 482
95485 75
95486 24
95487 280
95488 316
95489 265
95490 357
95491 363
95492 41
95493 170
95494 37
95495 275
95496 99
95497 473
95498 308
95499 248
95500 59
95501 84
95502 413
95503 444
95504 496
95505 359
95506 18
95507 471
95508 23
95509 212
95510 31
95511 124
95512 4
95513 456
95514 143
95515 84
95516 333
95517 152
95518 487
95519 473
95520 393
95521 1
95522 379
95523 95
95524 88
95525 122
95526 380
95527 271
95528 84
95529 211
95530 272
95531 116
95532 51
95533 313
95534 268
95535 197
95536 2
95537 259
95538 430
95539 174
95540 315
95541 46
95542 259
95543 48
95544 368
95545 214
95546 428
95547 319
95548 404
95549 330
95550 210
95551 188
95552 380
95553 370
95554 202
95555 49
95556 29
95557 402
95558 482
95559 152
95560 213
95561 462
95562 192
95563 115
95564 162
95565 155
95566 295
95567 169
95568 62
95569 47
95570 40
95571 117
95572 252
95573 310
95574 196
95575 93
95576 48
95577 415
95578 439
95579 461
95580 311
95581 425
95582 243
95583 234
95584 406
95585 84
95586 358
95587 1
95588 357
95589 57
95590 74
95591 364
95592 379
95593 313
95594 482
95595 473
95596 262
95597 432
95598 45
95599 492
95600 416
95601 158
95602 202
95603 149
95604 374
95605 454
95606 190
95607 339
95608 204
95609 445
95610 375
95611 49
95612 206
95613 107
95614 49
95615 76
95616 425
95617 268
95618 445
95619 381
95620 70
95621 281
95622 396
95623 353
95624 273
95625 368
95626 265
95627 461
95628 13
95629 346
95630 72
95631 102
95632 369
95633 100
95634 310
95635 445
95636 99
95637 89
95638 461
95639 380
95640 453
95641 14
95642 309
95643 258
95644 398
95645 13
95646 473
95647 241
95648 459
95649 44
95650 289
95651 315
95652 176
95653 185
95654 389
95655 67
95656 201
95657 334
95658 112
95659 101
95660 346
95661 471
95662 367
95663 340
95664 93
95665 171
95666 198
95667 155
95668 147
95669 199
95670 303
95671 10
95672 286
95673 43
95674 168
95675 333
95676 81
95677 267
95678 268
95679 175
95680 288
95681 102
95682 360
95683 6
95684 452
95685 494
95686 440
95687 250
95688 21
95689 480
95690 355
95691 198
95692 99
95693 234
95694 316
95695 116
95696 300
95697 140
95698 493
95699 272
95700 470
95701 122
95702 312
95703 363
95704 134
95705 309
95706 399
95707 234
95708 224
95709 157
95710 3
95711 448
95712 230
95713 96
95714 313
95715 428
95716 70
95717 270
95718 384
95719 240
95720 288
95721 14
95722 113
95723 370
95724 297
95725 152
95726 42
95727 244
95728 360
95729 136
95730 33
95731 192
95732 125
95733 93
95734 397
95735 340
95736 116
95737 415
95738 382
95739 95
95740 141
95741 467
95742 96
95743 144
95744 186
95745 80
95746 441
95747 365
95748 158
95749 262
95750 185
95751 364
95752 445
95753 345
95754 365
95755 95
95756 199
95757 78
95758 134
95759 55
95760 437
95761 58
95762 269
95763 486
95764 235
95765 39
95766 300
95767 401
95768 178
95769 467
95770 384
95771 460
95772 216
95773 463
95774 415
95775 25
95776 94
95777 442
95778 244
95779 298
95780 307
95781 401
95782 107
95783 391
95784 20
95785 445
95786 138
95787 206
95788 192
95789 4
95790 467
95791 81
95792 26
95793 371
95794 205
95795 86
95796 283
95797 378
95798 439
95799 321
95800 348
95801 451
95802 239
95803 218
95804 364
95805 485
95806 389
95807 97
95808 424
95809 434
95810 14
95811 132
95812 452
95813 297
95814 15
95815 248
95816 237
95817 284
95818 293
95819 481
95820 23
95821 0
95822 135
95823 420
95824 153
95825 31
95826 270
95827 147
95828 252
95829 121
95830 454
95831 436
95832 12
95833 245
95834 171
95835 430
95836 337
95837 18
95838 447
95839 456
95840 328
95841 275
95842 122
95843 257
95844 39
95845 302
95846 454
95847 271
95848 460
95849 252
95850 68
95851 392
95852 162
95853 140
95854 215
95855 115
95856 114
95857 34
95858 216
95859 346
95860 118
95861 279
95862 257
95863 438
95864 89
95865 279
95866 145
95867 70
95868 284
95869 250
95870 92
95871 225
95872 188
95873 292
95874 160
95875 1
95876 463
95877 168
95878 0
95879 97
95880 294
95881 94
95882 467
95883 400
95884 446
95885 214
95886 272
95887 415
95888 76
95889 290
95890 165
95891 85
95892 443
95893 416
95894 334
95895 14
95896 140
95897 245
95898 339
95899 357
95900 381
95901 354
95902 278
95903 150
95904 276
95905 185
95906 195
95907 308
95908 329
95909 165
95910 280
95911 284
95912 72
95913 63
95914 170
95915 373
95916 279
95917 101
95918 328
95919 489
95920 461
95921 99
95922 310
95923 385
95924 2
95925 137
95926 380
95927 69
95928 42
95929 386
95930 147
95931 44
95932 87
95933 350
95934 367
95935 442
95936 131
95937 1
95938 366
95939 75
95940 204
95941 10
95942 375
95943 131
95944 291
95945 218
95946 315
95947 365
95948 157
95949 435
95950 387
95951 133
95952 467
95953 150
95954 297
95955 366
95956 418
95957 262
95958 85
95959 383
95960 15
95961 263
95962 419
95963 427
95964 145
95965 346
95966 193
95967 127
95968 380
95969 400
95970 331
95971 115
95972 463
95973 288
95974 407
95975 304
95976 417
95977 194
95978 292
95979 324
95980 443
95981 391
95982 25
95983 193
95984 170
95985 190
95986 33
95987 257
95988 493
95989 233
95990 493
95991 235
95992 326
95993 193
95994 336
95995 238
95996 296
95997 33
95998 140
95999 178
96000 325
96001 431
96002 14
96003 299
96004 397
96005 388
96006 421
96007 259
96008 96
96009 197
96010 372
96011 152
96012 231
96013 28
96014 150
96015 66
96016 168
96017 269
96018 372
96019 433
96020 401
96021 44
96022 282
96023 94
96024 230
96025 189
96026 407
96027 144
96028 457
96029 362
96030 60
96031 345
96032 173
96033 470
96034 42
96035 437
96036 61
96037 52
96038 58
96039 312
96040 313
96041 344
96042 40
96043 265
96044 418
96045 316
96046 92
96047 131
96048 64
96049 328
96050 141
96051 52
96052 245
96053 131
96054 299
96055 148
96056 415
96057 69
96058 154
96059 179
96060 63
96061 384
96062 50
96063 176
96064 52
96065 263
96066 129
96067 386
96068 407
96069 418
96070 401
96071 96
96072 422
96073 304
96074 43
96075 327
96076 24
96077 162
96078 373
96079 322
96080 418
96081 16
96082 43
96083 93
96084 298
96085 279
96086 94
96087 477
96088 375
96089 166
96090 88
96091 84
96092 106
96093 72
96094 350
96095 474
96096 493
96097 275
96098 91
96099 353
96100 362
96101 121
96102 238
96103 124
96104 10
96105 334
96106 245
96107 24
96108 138
96109 396
96110 443
96111 474
96112 29
96113 95
96114 301
96115 365
96116 276
96117 156
96118 4
96119 353
96120 325
96121 13
96122 192
96123 346
96124 31
96125 238
96126 482
96127 246
96128 465
96129 92
96130 454
96131 207
96132 286
96133 185
96134 165
96135 6
96136 248
96137 53
96138 71
96139 49
96140 11
96141 297
96142 42
96143 219
96144 338
96145 25
96146 43
96147 3
96148 5
96149 340
96150 423
96151 55
96152 358
96153 118
96154 183
96155 182
96156 185
96157 276
96158 462
96159 370
96160 486
96161 226
96162 493
96163 463
96164 351
96165 5
96166 70
96167 40
96168 465
96169 158
96170 254
96171 385
96172 295
96173 134
96174 32
96175 9
96176 148
96177 126
96178 71
96179 84
96180 195
96181 256
96182 454
96183 64
96184 127
96185 108
96186 11
96187 478
96188 428
96189 481
96190 14
96191 486
96192 487
96193 214
96194 341
96195 127
96196 156
96197 427
96198 5
96199 14
96200 191
96201 186
96202 198
96203 110
96204 41
96205 282
96206 474
96207 72
96208 302
96209 48
96210 294
96211 461
96212 12
96213 352
96214 280
96215 390
96216 74
96217 286
96218 464
96219 131
96220 140
96221 401
96222 109
96223 7
96224 375
96225 5
96226 246
96227 143
96228 341
96229 150
96230 127
96231 70
96232 119
96233 265
96234 292
96235 276
96236 264
96237 330
96238 328
96239 29
96240 475
96241 326
96242 46
96243 457
96244 59
96245 331
96246 294
96247 297
96248 391
96249 351
96250 81
96251 401
96252 136
96253 326
96254 198
96255 146
96256 234
96257 126
96258 51
96259 472
96260 9
96261 365
96262 196
96263 61
96264 434
96265 77
96266 292
96267 356
96268 253
96269 73
96270 40
96271 458
96272 164
96273 0
96274 172
96275 145
96276 33
96277 28
96278 262
96279 263
96280 225
96281 36
96282 178
96283 129
96284 388
96285 356
96286 100
96287 285
96288 106
96289 109
96290 335
96291 225
96292 349
96293 322
96294 479
96295 386
96296 30
96297 230
96298 77
96299 4
96300 285
96301 118
96302 468
96303 50
96304 463
96305 206
96306 457
96307 0
96308 394
96309 102
96310 372
96311 210
96312 438
96313 297
96314 25
96315 294
96316 256
96317 3
96318 84
96319 391
96320 252
96321 385
96322 60
96323 115
96324 11
96325 320
96326 485
96327 324
96328 83
96329 116
96330 435
96331 354
96332 446
96333 449
96334 79
96335 1
96336 73
96337 436
96338 299
96339 397
96340 0
96341 94
96342 76
96343 202
96344 183
96345 328
96346 1
96347 401
96348 432
96349 285
96350 369
96351 183
96352 19
96353 386
96354 150
96355 324
96356 344
96357 275
96358 254
96359 177
96360 383
96361 75
96362 5
96363 56
96364 112
96365 456
96366 421
96367 208
96368 224
96369 321
96370 250
96371 285
96372 256
96373 136
96374 243
96375 160
96376 85
96377 326
96378 158
96379 463
96380 339
96381 290
96382 5
96383 0
96384 399
96385 4
96386 168
96387 70
96388 170
96389 331
96390 477
96391 487
96392 123
96393 44
96394 261
96395 228
96396 294
96397 39
96398 181
96399 75
96400 316
96401 273
96402 5
96403 153
96404 330
96405 365
96406 213
96407 194
96408 130
96409 327
96410 329
96411 207
96412 474
96413 126
96414 264
96415 295
96416 123
96417 148
96418 19
96419 338
96420 273
96421 100
96422 477
96423 384
96424 263
96425 401
96426 447
96427 302
96428 293
96429 156
96430 329
96431 26
96432 175
96433 440
96434 90
96435 190
96436 463
96437 193
96438 439
96439 191
96440 324
96441 335
96442 214
96443 467
96444 75
96445 270
96446 424
96447 160
96448 207
96449 58
96450 237
96451 58
96452 287
96453 26
96454 414
96455 107
96456 150
96457 422
96458 249
96459 266
96460 65
96461 203
96462 57
96463 253
96464 323
96465 131
96466 399
96467 429
96468 218
96469 56
96470 486
96471 318
96472 176
96473 106
96474 178
96475 40
96476 210
96477 212
96478 335
96479 137
96480 403
96481 413
96482 11
96483 294
96484 60
96485 147
96486 303
96487 50
96488 315
96489 457
96490 394
96491 173
96492 334
96493 325
96494 449
96495 271
96496 42
96497 370
96498 135
96499 146
96500 290
96501 355
96502 65
96503 182
96504 313
96505 227
96506 85
96507 254
96508 476
96509 476
96510 2
96511 297
96512 110
96513 306
96514 497
96515 109
96516 162
96517 299
96518 423
96519 405
96520 102
96521 178
96522 70
96523 125
96524 162
96525 163
96526 145
96527 138
96528 232
96529 176
96530 250
96531 296
96532 408
96533 480
96534 467
96535 255
96536 56
96537 234
96538 68
96539 468
96540 114
96541 17
96542 309
96543 322
96544 435
96545 308
96546 422
96547 254
96548 193
96549 481
96550 31
96551 166
96552 496
96553 364
96554 391
96555 387
96556 373
96557 380
96558 112
96559 471
96560 82
96561 255
96562 344
96563 190
96564 331
96565 330
96566 160
96567 360
96568 280
96569 153
96570 111
96571 279
96572 181
96573 128
96574 12
96575 201
96576 367
96577 144
96578 189
96579 74
96580 430
96581 287
96582 469
96583 374
96584 318
96585 281
96586 153
96587 325
96588 244
96589 245
96590 489
96591 450
96592 319
96593 321
96594 127
96595 17
96596 403
96597 392
96598 24
96599 417
96600 251
96601 289
96602 250
96603 151
96604 68
96605 372
96606 155
96607 42
96608 385
96609 309
96610 317
96611 42
96612 478
96613 378
96614 20
96615 16
96616 473
96617 276
96618 374
96619 220
96620 195
96621 9
96622 228
96623 457
96624 69
96625 221
96626 181
96627 19
96628 472
96629 92
96630 305
96631 142
96632 230
96633 294
96634 308
96635 247
96636 114
96637 477
96638 191
96639 253
96640 192
96641 89
96642 108
96643 31
96644 317
96645 440
96646 28
96647 160
96648 239
96649 157
96650 171
96651 114
96652 428
96653 174
96654 298
96655 400
96656 294
96657 489
96658 264
96659 162
96660 232
96661 450
96662 361
96663 448
96664 13
96665 368
96666 90
96667 156
96668 305
96669 130
96670 86
96671 230
96672 277
96673 291
96674 140
96675 283
96676 467
96677 447
96678 185
96679 26
96680 414
96681 138
96682 483
96683 446
96684 197
96685 125
96686 208
96687 126
96688 228
96689 348
96690 445
96691 463
96692 354
96693 64
96694 426
96695 233
96696 279
96697 52
96698 33
96699 129
96700 129
96701 223
96702 219
96703 253
96704 274
96705 25
96706 451
96707 382
96708 384
96709 478
96710 449
96711 478
96712 405
96713 450
96714 74
96715 134
96716 245
96717 436
96718 265
96719 24
96720 346
96721 52
96722 385
96723 261
96724 380
96725 2
96726 140
96727 316
96728 99
96729 453
96730 254
96731 277
96732 150
96733 413
96734 182
96735 414
96736 201
96737 282
96738 145
96739 96
96740 140
96741 354
96742 321
96743 368
96744 442
96745 329
96746 288
96747 475
96748 440
96749 360
96750 480
96751 430
96752 117
96753 187
96754 184
96755 437
96756 388
96757 118
96758 93
96759 307
96760 440
96761 109
96762 4
96763 164
96764 111
96765 6
96766 368
96767 380
96768 287
96769 413
96770 341
96771 3
96772 321
96773 296
96774 0
96775 102
96776 79
96777 437
96778 308
96779 382
96780 34
96781 468
96782 244
96783 463
96784 481
96785 357
96786 209
96787 166
96788 66
96789 313
96790 101
96791 177
96792 442
96793 80
96794 367
96795 452
96796 177
96797 230
96798 395
96799 455
96800 105
96801 208
96802 99
96803 382
96804 245
96805 147
96806 259
96807 408
96808 216
96809 395
96810 336
96811 437
96812 103
96813 6
96814 190
96815 319
96816 417
96817 258
96818 356
96819 324
96820 387
96821 44
96822 478
96823 272
96824 101
96825 101
96826 427
96827 162
96828 339
96829 23
96830 272
96831 315
96832 357
96833 300
96834 456
96835 12
96836 58
96837 251
96838 33
96839 25
96840 93
96841 470
96842 110
96843 108
96844 310
96845 37
96846 259
96847 343
96848 452
96849 189
96850 244
96851 313
96852 119
96853 254
96854 446
96855 479
96856 215
96857 228
96858 93
96859 21
96860 20
96861 352
96862 176
96863 344
96864 345
96865 133
96866 77
96867 236
96868 37
96869 245
96870 451
96871 66
96872 44
96873 50
96874 82
96875 267
96876 272
96877 386
96878 208
96879 205
96880 214
96881 152
96882 424
96883 209
96884 145
96885 344
96886 278
96887 48
96888 231
96889 355
96890 223
96891 132
96892 404
96893 115
96894 247
96895 476
96896 288
96897 483
96898 393
96899 107
96900 245
96901 399
96902 29
96903 195
96904 229
96905 481
96906 463
96907 409
96908 91
96909 374
96910 202
96911 324
96912 252
96913 455
96914 235
96915 200
96916 56
96917 85
96918 192
96919 5
96920 394
96921 321
96922 153
96923 492
96924 246
96925 428
96926 136
96927 348
96928 74
96929 472
96930 283
96931 285
96932 300
96933 332
96934 282
96935 38
96936 293
96937 489
96938 200
96939 215
96940 290
96941 324
96942 448
96943 190
96944 9
96945 312
96946 157
96947 362
96948 32
96949 335
96950 216
96951 489
96952 0
96953 429
96954 167
96955 412
96956 35
96957 275
96958 326
96959 328
96960 418
96961 156
96962 433
96963 415
96964 40
96965 20
96966 197
96967 437
96968 53
96969 287
96970 468
96971 22
96972 458
96973 434
96974 8
96975 57
96976 123
96977 63
96978 179
96979 61
96980 202
96981 452
96982 424
96983 164
96984 413
96985 400
96986 337
96987 358
96988 366
96989 13
96990 478
96991 103
96992 392
96993 132
96994 160
96995 444
96996 133
96997 14
96998 149
96999 155
97000 172
97001 328
97002 401
97003 18
97004 19
97005 404
97006 144
97007 441
97008 229
97009 55
97010 212
97011 354
97012 313
97013 234
97014 95
97015 208
97016 206
97017 305
97018 267
97019 138
97020 139
97021 326
97022 179
97023 67
97024 9
97025 427
97026 330
97027 221
97028 339
97029 409
97030 118
97031 381
97032 350
97033 142
97034 445
97035 189
97036 301
97037 449
97038 107
97039 400
97040 128
97041 311
97042 326
97043 437
97044 246
97045 191
97046 263
97047 1
97048 57
97049 398
97050 396
97051 131
97052 144
97053 34
97054 200
97055 39
97056 377
97057 143
97058 303
97059 199
97060 104
97061 263
97062 360
97063 180
97064 352
97065 434
97066 362
97067 17
97068 373
97069 287
97070 467
97071 381
97072 475
97073 269
97074 173
97075 266
97076 431
97077 367
97078 76
97079 426
97080 253
97081 355
97082 135
97083 383
97084 342
97085 93
97086 203
97087 307
97088 6
97089 145
97090 477
97091 393
97092 201
97093 316
97094 428
97095 287
97096 233
97097 93
97098 138
97099 451
97100 405
97101 417
97102 305
97103 106
97104 18
97105 95
97106 402
97107 135
97108 295
97109 235
97110 35
97111 394
97112 276
97113 361
97114 398
97115 319
97116 48
97117 450
97118 486
97119 41
97120 410
97121 328
97122 341
97123 147
97124 16
97125 243
97126 483
97127 110
97128 393
97129 458
97130 39
97131 314
97132 423
97133 382
97134 355
97135 62
97136 24
97137 303
97138 464
97139 209
97140 391
97141 67
97142 304
97143 295
97144 310
97145 439
97146 235
97147 448
97148 25
97149 107
97150 323
97151 329
97152 320
97153 373
97154 395
97155 216
97156 190
97157 269
97158 316
97159 210
97160 243
97161 243
97162 409
97163 473
97164 184
97165 414
97166 464
97167 115
97168 54
97169 48
97170 17
97171 490
97172 191
97173 310
97174 204
97175 157
97176 251
97177 272
97178 354
97179 112
97180 78
97181 37
97182 181
97183 333
97184 165
97185 411
97186 195
97187 90
97188 372
97189 411
97190 325
97191 48
97192 66
97193 264
97194 467
97195 262
97196 322
97197 87
97198 332
97199 286
97200 243
97201 381
97202 429
97203 43
97204 230
97205 422
97206 48
97207 218
97208 275
97209 156
97210 397
97211 2
97212 61
97213 38
97214 317
97215 64
97216 228
97217 411
97218 56
97219 376
97220 367
97221 115
97222 68
97223 329
97224 398
97225 97
97226 117
97227 61
97228 129
97229 470
97230 155
97231 389
97232 205
97233 91
97234 40
97235 317
97236 328
97237 488
97238 142
97239 194
97240 304
97241 57
97242 222
97243 264
97244 218
97245 11
97246 30
97247 350
97248 55
97249 95
97250 246
97251 21
97252 192
97253 361
97254 495
97255 261
97256 403
97257 321
97258 348
97259 128
97260 144
97261 257
97262 166
97263 434
97264 177
97265 302
97266 423
97267 223
97268 220
97269 113
97270 317
97271 70
97272 261
97273 432
97274 62
97275 465
97276 213
97277 341
97278 332
97279 182
97280 489
97281 387
97282 80
97283 121
97284 302
97285 36
97286 355
97287 453
97288 83
97289 315
97290 56
97291 7
97292 448
97293 246
97294 334
97295 347
97296 413
97297 0
97298 227
97299 308
97300 305
97301 125
97302 128
97303 235
97304 397
97305 442
97306 206
97307 346
97308 447
97309 25
97310 333
97311 298
97312 1
97313 368
97314 438
97315 302
97316 271
97317 282
97318 267
97319 96
97320 269
97321 235
97322 277
97323 417
97324 313
97325 178
97326 139
97327 129
97328 117
97329 311
97330 275
97331 464
97332 452
97333 470
97334 100
97335 483
97336 111
97337 259
97338 333
97339 366
97340 2
97341 199
97342 107
97343 323
97344 392
97345 462
97346 131
97347 62
97348 294
97349 20
97350 280
97351 413
97352 41
97353 7
97354 143
97355 104
97356 141
97357 39
97358 201
97359 32
97360 77
97361 397
97362 67
97363 4
97364 30
97365 436
97366 96
97367 157
97368 145
97369 147
97370 179
97371 315
97372 488
97373 239
97374 195
97375 329
97376 70
97377 432
97378 487
97379 215
97380 225
97381 80
97382 215
97383 240
97384 409
97385 272
97386 155
97387 341
97388 395
97389 86
97390 368
97391 404
97392 460
97393 422
97394 88
97395 351
97396 138
97397 483
97398 232
97399 359
97400 86
97401 28
97402 422
97403 326
97404 301
97405 130
97406 228
97407 12
97408 33
97409 361
97410 375
97411 258
97412 18
97413 419
97414 1
97415 461
97416 230
97417 60
97418 463
97419 335
97420 352
97421 444
97422 46
97423 349
97424 285
97425 143
97426 139
97427 47
97428 56
97429 12
97430 188
97431 451
97432 210
97433 127
97434 494
97435 412
97436 338
97437 74
97438 183
97439 333
97440 221
97441 204
97442 271
97443 116
97444 294
97445 454
97446 433
97447 450
97448 6
97449 50
97450 199
97451 195
97452 407
97453 176
97454 380
97455 112
97456 493
97457 200
97458 347
97459 372
97460 394
97461 366
97462 163
97463 429
97464 237
97465 446
97466 389
97467 125
97468 168
97469 142
97470 472
97471 65
97472 279
97473 343
97474 254
97475 407
97476 175
97477 343
97478 240
97479 445
97480 265
97481 6
97482 456
97483 134
97484 360
97485 289
97486 483
97487 297
97488 78
97489 160
97490 388
97491 291
97492 93
97493 25
97494 51
97495 59
97496 102
97497 324
97498 136
97499 69
97500 267
97501 181
97502 463
97503 490
97504 129
97505 434
97506 264
97507 113
97508 366
97509 408
97510 52
97511 244
97512 226
97513 344
97514 106
97515 299
97516 124
97517 396
97518 170
97519 129
97520 341
97521 283
97522 333
97523 456
97524 23
97525 185
97526 215
97527 21
97528 253
97529 341
97530 454
97531 473
97532 398
97533 14
97534 27
97535 39
97536 256
97537 473
97538 212
97539 3
97540 81
97541 177
97542 142
97543 304
97544 254
97545 350
97546 83
97547 333
97548 407
97549 151
97550 383
97551 66
97552 213
97553 214
97554 274
97555 190
97556 35
97557 185
97558 241
97559 385
97560 116
97561 207
97562 116
97563 76
97564 405
97565 57
97566 436
97567 310
97568 186
97569 231
97570 459
97571 423
97572 10
97573 470
97574 305
97575 92
97576 291
97577 141
97578 383
97579 51
97580 15
97581 324
97582 235
97583 341
97584 288
97585 229
97586 10
97587 249
97588 234
97589 230
97590 230
97591 200
97592 116
97593 11
97594 488
97595 148
97596 404
97597 88
97598 376
97599 408
97600 52
97601 17
97602 81
97603 29
97604 484
97605 190
97606 342
97607 311
97608 24
97609 172
97610 297
97611 311
97612 335
97613 205
97614 88
97615 408
97616 53
97617 371
97618 318
97619 119
97620 477
97621 113
97622 494
97623 270
97624 432
97625 466
97626 245
97627 369
97628 462
97629 66
97630 272
97631 471
97632 225
97633 280
97634 257
97635 283
97636 59
97637 76
97638 272
97639 346
97640 379
97641 234
97642 376
97643 444
97644 322
97645 188
97646 386
97647 369
97648 360
97649 212
97650 454
97651 238
97652 386
97653 38
97654 6
97655 40
97656 205
97657 295
97658 404
97659 27
97660 261
97661 297
97662 148
97663 440
97664 386
97665 355
97666 385
97667 281
97668 420
97669 293
97670 389
97671 201
97672 209
97673 257
97674 128
97675 324
97676 111
97677 99
97678 305
97679 135
97680 483
97681 321
97682 311
97683 225
97684 79
97685 364
97686 289
97687 172
97688 257
97689 138
97690 394
97691 158
97692 113
97693 213
97694 488
97695 411
97696 297
97697 246
97698 357
97699 31
97700 162
97701 165
97702 84
97703 148
97704 117
97705 299
97706 418
97707 222
97708 103
97709 198
97710 298
97711 410
97712 206
97713 149
97714 86
97715 12
97716 229
97717 174
97718 490
97719 494
97720 154
97721 28
97722 78
97723 223
97724 67
97725 194
97726 401
97727 82
97728 359
97729 443
97730 264
97731 442
97732 58
97733 116
97734 169
97735 386
97736 251
97737 101
97738 187
97739 389
97740 485
97741 89
97742 52
97743 78
97744 211
97745 368
97746 444
97747 109
97748 233
97749 41
97750 388
97751 28
97752 177
97753 252
97754 289
97755 131
97756 183
97757 92
97758 445
97759 209
97760 219
97761 450
97762 331
97763 169
97764 414
97765 58
97766 362
97767 181
97768 319
97769 486
97770 85
97771 212
97772 235
97773 5
97774 401
97775 409
97776 74
97777 143
97778 76
97779 87
97780 21
97781 175
97782 70
97783 195
97784 257
97785 174
97786 292
97787 357
97788 207
97789 195
97790 269
97791 488
97792 349
97793 1
97794 69
97795 150
97796 207
97797 268
97798 472
97799 87
97800 443
97801 345
97802 204
97803 72
97804 38
97805 127
97806 73
97807 101
97808 304
97809 85
97810 20
97811 343
97812 82
97813 100
97814 65
97815 339
97816 465
97817 239
97818 425
97819 409
97820 148
97821 177
97822 444
97823 478
97824 81
97825 446
97826 495
97827 224
97828 205
97829 495
97830 46
97831 84
97832 151
97833 452
97834 88
97835 50
97836 388
97837 345
97838 46
97839 236
97840 76
97841 118
97842 133
97843 345
97844 447
97845 290
97846 251
97847 62
97848 23
97849 226
97850 234
97851 158
97852 348
97853 52
97854 441
97855 219
97856 163
97857 90
97858 151
97859 41
97860 473
97861 131
97862 111
97863 296
97864 225
97865 34
97866 241
97867 287
97868 78
97869 149
97870 143
97871 321
97872 61
97873 56
97874 306
97875 435
97876 199
97877 418
97878 80
97879 201
97880 200
97881 204
97882 103
97883 349
97884 457
97885 266
97886 196
97887 26
97888 40
97889 85
97890 17
97891 338
97892 184
97893 321
97894 480
97895 3
97896 124
97897 241
97898 156
97899 243
97900 81
97901 2
97902 436
97903 251
97904 340
97905 478
97906 133
97907 19
97908 102
97909 387
97910 278
97911 330
97912 259
97913 128
97914 49
97915 96
97916 239
97917 385
97918 3
97919 130
97920 216
97921 369
97922 393
97923 119
97924 383
97925 17
97926 327
97927 237
97928 109
97929 367
97930 181
97931 320
97932 354
97933 50
97934 475
97935 62
97936 198
97937 132
97938 429
97939 353
97940 317
97941 215
97942 433
97943 307
97944 496
97945 311
97946 223
97947 73
97948 98
97949 349
97950 453
97951 35
97952 462
97953 350
97954 274
97955 209
97956 247
97957 147
97958 369
97959 98
97960 133
97961 1
97962 71
97963 487
97964 367
97965 52
97966 132
97967 151
97968 272
97969 289
97970 413
97971 91
97972 145
97973 221
97974 345
97975 163
97976 285
97977 66
97978 268
97979 414
97980 327
97981 365
97982 356
97983 342
97984 276
97985 137
97986 308
97987 202
97988 389
97989 147
97990 273
97991 130
97992 457
97993 346
97994 219
97995 250
97996 281
97997 343
97998 16
97999 206
98000 430
98001 341
98002 4
98003 267
98004 131
98005 401
98006 245
98007 359
98008 313
98009 190
98010 181
98011 477
98012 383
98013 101
98014 135
98015 74
98016 473
98017 34
98018 187
98019 342
98020 396
98021 474
98022 108
98023 382
98024 260
98025 433
98026 314
98027 27
98028 333
98029 247
98030 34
98031 69
98032 348
98033 346
98034 145
98035 83
98036 291
98037 112
98038 69
98039 304
98040 95
98041 35
98042 46
98043 453
98044 60
98045 406
98046 14
98047 309
98048 338
98049 427
98050 370
98051 36
98052 376
98053 357
98054 404
98055 435
98056 448
98057 463
98058 220
98059 95
98060 309
98061 25
98062 370
98063 346
98064 415
98065 196
98066 233
98067 113
98068 422
98069 453
98070 246
98071 237
98072 100
98073 145
98074 24
98075 15
98076 235
98077 388
98078 46
98079 74
98080 112
98081 134
98082 91
98083 157
98084 435
98085 334
98086 344
98087 269
98088 147
98089 97
98090 39
98091 187
98092 344
98093 57
98094 252
98095 174
98096 382
98097 47
98098 346
98099 227
98100 125
98101 460
98102 456
98103 337
98104 337
98105 177
98106 397
98107 317
98108 154
98109 427
98110 288
98111 232
98112 17
98113 235
98114 401
98115 352
98116 121
98117 247
98118 78
98119 167
98120 478
98121 301
98122 216
98123 115
98124 74
98125 149
98126 80
98127 154
98128 241
98129 315
98130 494
98131 225
98132 25
98133 281
98134 432
98135 115
98136 194
98137 395
98138 135
98139 272
98140 39
98141 184
98142 104
98143 428
98144 413
98145 54
98146 168
98147 178
98148 140
98149 0
98150 422
98151 147
98152 62
98153 432
98154 217
98155 422
98156 205
98157 60
98158 438
98159 125
98160 136
98161 274
98162 265
98163 430
98164 78
98165 278
98166 251
98167 204
98168 97
98169 495
98170 82
98171 399
98172 60
98173 99
98174 27
98175 141
98176 284
98177 88
98178 117
98179 300
98180 269
98181 273
98182 411
98183 402
98184 373
98185 244
98186 196
98187 440
98188 0
98189 395
98190 214
98191 225
98192 328
98193 102
98194 4
98195 335
98196 37
98197 352
98198 225
98199 354
98200 246
98201 39
98202 66
98203 116
98204 489
98205 413
98206 397
98207 30
98208 210
98209 325
98210 72
98211 443
98212 372
98213 57
98214 468
98215 69
98216 440
98217 286
98218 457
98219 221
98220 134
98221 19
98222 222
98223 437
98224 5
98225 25
98226 338
98227 24
98228 131
98229 247
98230 384
98231 453
98232 480
98233 170
98234 362
98235 266
98236 386
98237 312
98238 196
98239 436
98240 301
98241 36
98242 110
98243 103
98244 213
98245 381
98246 90
98247 78
98248 26
98249 334
98250 294
98251 142
98252 253
98253 417
98254 120
98255 459
98256 208
98257 387
98258 58
98259 73
98260 291
98261 386
98262 208
98263 357
98264 81
98265 441
98266 218
98267 210
98268 329
98269 206
98270 231
98271 392
98272 244
98273 205
98274 192
98275 460
98276 205
98277 323
98278 468
98279 240
98280 49
98281 23
98282 129
98283 386
98284 200
98285 318
98286 419
98287 351
98288 341
98289 17
98290 235
98291 88
98292 358
98293 331
98294 330
98295 285
98296 7
98297 445
98298 365
98299 128
98300 422
98301 411
98302 27
98303 45
98304 51
98305 479
98306 118
98307 361
98308 92
98309 29
98310 281
98311 411
98312 473
98313 197
98314 161
98315 35
98316 163
98317 180
98318 362
98319 445
98320 109
98321 169
98322 50
98323 122
98324 317
98325 481
98326 381
98327 459
98328 307
98329 17
98330 118
98331 52
98332 424
98333 12
98334 32
98335 169
98336 123
98337 148
98338 29
98339 22
98340 303
98341 193
98342 245
98343 32
98344 299
98345 310
98346 445
98347 352
98348 134
98349 356
98350 378
98351 386
98352 432
98353 82
98354 228
98355 317
98356 126
98357 431
98358 144
98359 299
98360 388
98361 134
98362 356
98363 355
98364 73
98365 345
98366 350
98367 343
98368 257
98369 32
98370 114
98371 351
98372 54
98373 151
98374 195
98375 8
98376 173
98377 150
98378 207
98379 18
98380 180
98381 409
98382 438
98383 351
98384 194
98385 210
98386 257
98387 251
98388 377
98389 476
98390 484
98391 362
98392 333
98393 329
98394 271
98395 60
98396 100
98397 78
98398 15
98399 214
98400 42
98401 277
98402 138
98403 193
98404 449
98405 94
98406 428
98407 420
98408 491
98409 302
98410 178
98411 98
98412 373
98413 446
98414 143
98415 334
98416 390
98417 253
98418 209
98419 361
98420 281
98421 181
98422 337
98423 289
98424 382
98425 300
98426 159
98427 278
98428 429
98429 494
98430 383
98431 158
98432 346
98433 146
98434 494
98435 79
98436 227
98437 41
98438 141
98439 332
98440 313
98441 119
98442 284
98443 394
98444 134
98445 435
98446 438
98447 320
98448 25
98449 339
98450 380
98451 302
98452 224
98453 407
98454 431
98455 7
98456 108
98457 64
98458 484
98459 485
98460 4
98461 307
98462 166
98463 401
98464 364
98465 266
98466 490
98467 250
98468 385
98469 378
98470 384
98471 100
98472 154
98473 53
98474 273
98475 419
98476 94
98477 120
98478 134
98479 351
98480 30
98481 233
98482 91
98483 487
98484 120
98485 55
98486 393
98487 423
98488 156
98489 290
98490 40
98491 307
98492 174
98493 496
98494 304
98495 23
98496 10
98497 220
98498 428
98499 217
98500 149
98501 95
98502 224
98503 66
98504 70
98505 96
98506 174
98507 303
98508 458
98509 135
98510 46
98511 169
98512 469
98513 478
98514 396
98515 232
98516 442
98517 12
98518 392
98519 300
98520 328
98521 363
98522 241
98523 63
98524 211
98525 166
98526 495
98527 140
98528 265
98529 259
98530 395
98531 62
98532 263
98533 86
98534 377
98535 197
98536 73
98537 438
98538 149
98539 449
98540 391
98541 266
98542 411
98543 159
98544 317
98545 231
98546 126
98547 212
98548 306
98549 456
98550 203
98551 107
98552 404
98553 361
98554 131
98555 432
98556 441
98557 207
98558 332
98559 461
98560 269
98561 73
98562 437
98563 100
98564 195
98565 110
98566 494
98567 299
98568 365
98569 385
98570 403
98571 26
98572 314
98573 496
98574 4
98575 61
98576 312
98577 227
98578 478
98579 376
98580 41
98581 459
98582 286
98583 325
98584 313
98585 216
98586 99
98587 193
98588 108
98589 278
98590 433
98591 281
98592 380
98593 318
98594 284
98595 351
98596 250
98597 37
98598 358
98599 490
98600 426
98601 208
98602 297
98603 438
98604 345
98605 331
98606 223
98607 228
98608 430
98609 50
98610 206
98611 246
98612 336
98613 23
98614 490
98615 476
98616 72
98617 324
98618 60
98619 78
98620 116
98621 50
98622 375
98623 272
98624 13
98625 24
98626 391
98627 332
98628 473
98629 335
98630 156
98631 389
98632 324
98633 187
98634 10
98635 93
98636 388
98637 393
98638 329
98639 31
98640 32
98641 28
98642 190
98643 111
98644 133
98645 103
98646 245
98647 356
98648 20
98649 291
98650 373
98651 85
98652 93
98653 61
98654 121
98655 70
98656 312
98657 122
98658 1
98659 155
98660 416
98661 8
98662 23
98663 180
98664 435
98665 210
98666 202
98667 444
98668 348
98669 231
98670 139
98671 429
98672 96
98673 68
98674 368
98675 157
98676 465
98677 329
98678 8
98679 467
98680 29
98681 202
98682 26
98683 444
98684 100
98685 175
98686 115
98687 333
98688 20
98689 255
98690 211
98691 416
98692 310
98693 80
98694 448
98695 306
98696 71
98697 311
98698 209
98699 54
98700 435
98701 203
98702 98
98703 171
98704 215
98705 458
98706 87
98707 175
98708 453
98709 16
98710 247
98711 57
98712 205
98713 283
98714 208
98715 212
98716 282
98717 389
98718 200
98719 51
98720 299
98721 121
98722 351
98723 147
98724 406
98725 3
98726 357
98727 139
98728 333
98729 320
98730 60
98731 348
98732 133
98733 436
98734 351
98735 98
98736 63
98737 149
98738 56
98739 81
98740 125
98741 453
98742 200
98743 463
98744 397
98745 88
98746 135
98747 288
98748 88
98749 2
98750 142
98751 215
98752 160
98753 478
98754 21
98755 213
98756 228
98757 333
98758 240
98759 80
98760 173
98761 16
98762 444
98763 57
98764 208
98765 410
98766 108
98767 42
98768 85
98769 427
98770 440
98771 495
98772 447
98773 329
98774 221
98775 80
98776 371
98777 308
98778 168
98779 191
98780 143
98781 310
98782 244
98783 87
98784 474
98785 194
98786 381
98787 85
98788 266
98789 38
98790 64
98791 107
98792 309
98793 326
98794 415
98795 210
98796 226
98797 337
98798 88
98799 149
98800 361
98801 183
98802 394
98803 366
98804 386
98805 69
98806 12
98807 196
98808 490
98809 307
98810 434
98811 311
98812 191
98813 286
98814 13
98815 92
98816 307
98817 156
98818 9
98819 295
98820 394
98821 50
98822 175
98823 335
98824 481
98825 33
98826 223
98827 13
98828 493
98829 232
98830 88
98831 36
98832 182
98833 426
98834 325
98835 461
98836 215
98837 280
98838 419
98839 251
98840 7
98841 252
98842 25
98843 390
98844 296
98845 15
98846 357
98847 218
98848 400
98849 251
98850 483
98851 324
98852 122
98853 164
98854 348
98855 448
98856 264
98857 172
98858 176
98859 236
98860 123
98861 320
98862 438
98863 227
98864 197
98865 347
98866 464
98867 300
98868 448
98869 297
98870 473
98871 151
98872 159
98873 181
98874 69
98875 388
98876 353
98877 115
98878 73
98879 399
98880 425
98881 428
98882 450
98883 265
98884 454
98885 365
98886 108
98887 123
98888 461
98889 481
98890 42
98891 193
98892 157
98893 335
98894 491
98895 81
98896 370
98897 221
98898 330
98899 133
98900 101
98901 388
98902 294
98903 398
98904 294
98905 381
98906 488
98907 97
98908 153
98909 395
98910 223
98911 373
98912 61
98913 400
98914 184
98915 24
98916 95
98917 193
98918 452
98919 83
98920 212
98921 179
98922 386
98923 138
98924 70
98925 204
98926 219
98927 58
98928 386
98929 235
98930 353
98931 402
98932 377
98933 259
98934 433
98935 354
98936 42
98937 324
98938 444
98939 192
98940 158
98941 48
98942 96
98943 147
98944 320
98945 478
98946 52
98947 318
98948 140
98949 78
98950 450
98951 334
98952 317
98953 210
98954 390
98955 303
98956 486
98957 180
98958 390
98959 235
98960 429
98961 164
98962 139
98963 314
98964 313
98965 80
98966 418
98967 246
98968 288
98969 421
98970 371
98971 139
98972 87
98973 25
98974 466
98975 131
98976 491
98977 471
98978 215
98979 362
98980 110
98981 303
98982 391
98983 122
98984 288
98985 61
98986 101
98987 190
98988 54
98989 233
98990 379
98991 365
98992 91
98993 479
98994 244
98995 261
98996 369
98997 376
98998 470
98999 119
99000 37
99001 288
99002 312
99003 304
99004 414
99005 98
99006 314
99007 221
99008 84
99009 407
99010 29
99011 80
99012 394
99013 201
99014 9
99015 154
99016 209
99017 437
99018 481
99019 409
99020 302
99021 421
99022 315
99023 394
99024 64
99025 487
99026 471
99027 53
99028 424
99029 244
99030 247
99031 419
99032 75
99033 66
99034 327
99035 206
99036 156
99037 258
99038 491
99039 225
99040 443
99041 407
99042 174
99043 467
99044 76
99045 412
99046 397
99047 69
99048 93
99049 306
99050 108
99051 153
99052 338
99053 367
99054 361
99055 348
99056 450
99057 398
99058 416
99059 183
99060 65
99061 85
99062 434
99063 199
99064 413
99065 171
99066 393
99067 409
99068 14
99069 27
99070 427
99071 112
99072 217
99073 340
99074 329
99075 123
99076 21
99077 210
99078 264
99079 423
99080 14
99081 469
99082 81
99083 490
99084 465
99085 405
99086 473
99087 389
99088 424
99089 118
99090 340
99091 74
99092 410
99093 436
99094 378
99095 464
99096 124
99097 1
99098 301
99099 478
99100 375
99101 304
99102 363
99103 52
99104 354
99105 481
99106 19
99107 385
99108 43
99109 355
99110 273
99111 83
99112 389
99113 378
99114 39
99115 296
99116 459
99117 13
99118 160
99119 437
99120 74
99121 328
99122 173
99123 229
99124 178
99125 280
99126 146
99127 251
99128 439
99129 233
99130 138
99131 263
99132 147
99133 431
99134 125
99135 335
99136 144
99137 7
99138 203
99139 304
99140 182
99141 72
99142 188
99143 42
99144 31
99145 142
99146 132
99147 416
99148 282
99149 138
99150 349
99151 314
99152 292
99153 436
99154 303
99155 239
99156 64
99157 175
99158 325
99159 186
99160 32
99161 461
99162 222
99163 98
99164 16
99165 216
99166 473
99167 316
99168 465
99169 479
99170 464
99171 170
99172 344
99173 162
99174 122
99175 60
99176 452
99177 403
99178 99
99179 8
99180 446
99181 365
99182 255
99183 42
99184 45
99185 219
99186 441
99187 255
99188 28
99189 257
99190 180
99191 433
99192 477
99193 487
99194 141
99195 415
99196 463
99197 194
99198 495
99199 13
99200 338
99201 410
99202 53
99203 389
99204 206
99205 406
99206 88
99207 76
99208 189
99209 160
99210 67
99211 393
99212 408
99213 63
99214 8
99215 235
99216 224
99217 261
99218 231
99219 356
99220 57
99221 278
99222 281
99223 488
99224 344
99225 161
99226 113
99227 241
99228 76
99229 477
99230 447
99231 358
99232 110
99233 35
99234 470
99235 437
99236 367
99237 349
99238 486
99239 49
99240 147
99241 152
99242 384
99243 314
99244 491
99245 419
99246 165
99247 486
99248 414
99249 450
99250 425
99251 401
99252 99
99253 426
99254 490
99255 16
99256 477
99257 168
99258 315
99259 101
99260 6
99261 78
99262 47
99263 294
99264 24
99265 97
99266 315
99267 0
99268 223
99269 490
99270 479
99271 204
99272 86
99273 145
99274 61
99275 192
99276 253
99277 26
99278 393
99279 359
99280 420
99281 260
99282 347
99283 34
99284 170
99285 284
99286 303
99287 289
99288 237
99289 65
99290 170
99291 267
99292 282
99293 279
99294 163
99295 211
99296 122
99297 96
99298 250
99299 81
99300 293
99301 299
99302 303
99303 222
99304 297
99305 355
99306 330
99307 409
99308 298
99309 209
99310 188
99311 311
99312 221
99313 280
99314 8
99315 480
99316 38
99317 423
99318 52
99319 134
99320 358
99321 176
99322 459
99323 145
99324 448
99325 17
99326 108
99327 228
99328 390
99329 3
99330 133
99331 34
99332 218
99333 293
99334 15
99335 406
99336 362
99337 265
99338 177
99339 106
99340 171
99341 49
99342 179
99343 51
99344 42
99345 230
99346 312
99347 154
99348 386
99349 72
99350 413
99351 491
99352 103
99353 306
99354 223
99355 31
99356 294
99357 463
99358 9
99359 75
99360 428
99361 211
99362 462
99363 408
99364 371
99365 474
99366 440
99367 85
99368 255
99369 240
99370 238
99371 63
99372 98
99373 165
99374 479
99375 34
99376 99
99377 429
99378 381
99379 281
99380 318
99381 327
99382 274
99383 451
99384 227
99385 194
99386 30
99387 208
99388 222
99389 307
99390 17
99391 392
99392 404
99393 479
99394 287
99395 63
99396 70
99397 471
99398 307
99399 334
99400 74
99401 244
99402 418
99403 259
99404 0
99405 23
99406 81
99407 409
99408 368
99409 376
99410 348
99411 119
99412 104
99413 383
99414 211
99415 404
99416 412
99417 387
99418 257
99419 137
99420 206
99421 121
99422 455
99423 51
99424 157
99425 432
99426 465
99427 69
99428 98
99429 45
99430 135
99431 279
99432 276
99433 270
99434 290
99435 150
99436 91
99437 346
99438 10
99439 279
99440 390
99441 63
99442 48
99443 107
99444 406
99445 233
99446 169
99447 98
99448 214
99449 243
99450 151
99451 45
99452 5
99453 263
99454 420
99455 101
99456 443
99457 161
99458 459
99459 239
99460 197
99461 30
99462 398
99463 110
99464 190
99465 47
99466 349
99467 349
99468 359
99469 290
99470 247
99471 418
99472 5
99473 390
99474 37
99475 21
99476 280
99477 461
99478 448
99479 204
99480 176
99481 130
99482 99
99483 266
99484 353
99485 353
99486 209
99487 28
99488 353
99489 300
99490 31
99491 470
99492 34
99493 116
99494 16
99495 322
99496 271
99497 102
99498 52
99499 116
99500 369
99501 255
99502 238
99503 101
99504 330
99505 44
99506 41
99507 155
99508 379
99509 279
99510 166
99511 338
99512 355
99513 250
99514 371
99515 8
99516 413
99517 335
99518 400
99519 417
99520 157
99521 23
99522 120
99523 478
99524 141
99525 59
99526 38
99527 115
99528 223
99529 132
99530 416
99531 177
99532 152
99533 54
99534 275
99535 388
99536 268
99537 51
99538 5
99539 184
99540 240
99541 113
99542 26
99543 83
99544 246
99545 176
99546 199
99547 363
99548 61
99549 225
99550 19
99551 266
99552 106
99553 465
99554 48
99555 85
99556 471
99557 74
99558 174
99559 485
99560 75
99561 41
99562 173
99563 293
99564 270
99565 175
99566 111
99567 473
99568 55
99569 264
99570 76
99571 108
99572 7
99573 379
99574 393
99575 266
99576 479
99577 72
99578 345
99579 147
99580 107
99581 196
99582 210
99583 353
99584 124
99585 8
99586 238
99587 4
99588 76
99589 452
99590 30
99591 17
99592 115
99593 480
99594 72
99595 268
99596 355
99597 141
99598 133
99599 465
99600 247
99601 64
99602 480
99603 0
99604 197
99605 231
99606 385
99607 429
99608 49
99609 192
99610 141
99611 424
99612 91
99613 436
99614 289
99615 487
99616 476
99617 320
99618 410
99619 291
99620 52
99621 411
99622 371
99623 94
99624 433
99625 82
99626 301
99627 140
99628 475
99629 360
99630 230
99631 269
99632 235
99633 444
99634 119
99635 262
99636 245
99637 212
99638 150
99639 297
99640 17
99641 115
99642 254
99643 367
99644 280
99645 61
99646 9
99647 22
99648 417
99649 200
99650 143
99651 379
99652 299
99653 198
99654 382
99655 44
99656 161
99657 454
99658 405
99659 229
99660 378
99661 96
99662 78
99663 221
99664 290
99665 317
99666 327
99667 235
99668 170
99669 258
99670 204
99671 156
99672 300
99673 437
99674 289
99675 3
99676 202
99677 72
99678 431
99679 102
99680 163
99681 78
99682 188
99683 38
99684 495
99685 496
99686 349
99687 481
99688 72
99689 201
99690 247
99691 469
99692 333
99693 182
99694 33
99695 485
99696 339
99697 220
99698 415
99699 172
99700 476
99701 185
99702 317
99703 201
99704 293
99705 463
99706 36
99707 162
99708 109
99709 139
99710 249
99711 120
99712 456
99713 91
99714 146
99715 159
99716 323
99717 491
99718 305
99719 279
99720 97
99721 148
99722 297
99723 229
99724 31
99725 347
99726 113
99727 106
99728 306
99729 148
99730 202
99731 218
99732 358
99733 223
99734 141
99735 345
99736 191
99737 307
99738 424
99739 392
99740 170
99741 5
99742 268
99743 409
99744 162
99745 475
99746 279
99747 471
99748 244
99749 257
99750 353
99751 154
99752 481
99753 75
99754 89
99755 478
99756 246
99757 87
99758 349
99759 24
99760 396
99761 6
99762 424
99763 324
99764 173
99765 216
99766 438
99767 4
99768 80
99769 17
99770 446
99771 250
99772 133
99773 413
99774 457
99775 436
99776 152
99777 92
99778 14
99779 109
99780 36
99781 3
99782 175
99783 199
99784 21
99785 175
99786 317
99787 73
99788 485
99789 124
99790 11
99791 456
99792 444
99793 191
99794 291
99795 408
99796 93
99797 281
99798 219
99799 151
99800 454
99801 180
99802 161
99803 382
99804 113
99805 4
99806 427
99807 479
99808 222
99809 245
99810 63
99811 285
99812 407
99813 18
99814 404
99815 145
99816 429
99817 269
99818 67
99819 383
99820 227
99821 385
99822 179
99823 398
99824 258
99825 194
99826 282
99827 86
99828 226
99829 229
99830 382
99831 275
99832 131
99833 38
99834 495
99835 482
99836 71
99837 159
99838 223
99839 25
99840 307
99841 299
99842 174
99843 108
99844 155
99845 240
99846 86
99847 282
99848 241
99849 89
99850 68
99851 465
99852 89
99853 459
99854 49
99855 94
99856 16
99857 314
99858 88
99859 165
99860 251
99861 70
99862 447
99863 160
99864 273
99865 480
99866 22
99867 62
99868 452
99869 327
99870 487
99871 442
99872 471
99873 241
99874 299
99875 240
99876 362
99877 373
99878 92
99879 424
99880 421
99881 90
99882 185
99883 399
99884 231
99885 164
99886 432
99887 9
99888 38
99889 377
99890 394
99891 185
99892 355
99893 435
99894 147
99895 69
99896 144
99897 380
99898 488
99899 308
99900 310
99901 332
99902 341
99903 221
99904 89
99905 66
99906 57
99907 5
99908 402
99909 198
99910 353
99911 438
99912 396
99913 38
99914 125
99915 146
99916 81
99917 57
99918 367
99919 433
99920 58
99921 195
99922 290
99923 298
99924 253
99925 316
99926 400
99927 415
99928 467
99929 17
99930 101
99931 29
99932 162
99933 482
99934 292
99935 42
99936 300
99937 46
99938 101
99939 223
99940 95
99941 101
99942 146
99943 248
99944 16
99945 220
99946 266
99947 240
99948 286
99949 69
99950 428
99951 34
99952 235
99953 411
99954 226
99955 222
99956 52
99957 2
99958 215
99959 173
99960 489
99961 452
99962 167
99963 180
99964 470
99965 168
99966 115
99967 316
99968 264
99969 382
99970 494
99971 461
99972 404
99973 266
99974 27
99975 8
99976 101
99977 59
99978 12
99979 478
99980 151
99981 54
99982 341
99983 416
99984 229
99985 53
99986 22
99987 20
99988 211
99989 159
99990 317
99991 265
99992 46
99993 81
99994 260
99995 325
99996 105
99997 231
99998 415
99999 345
100000 369
100001 315
100002 359
100003 494
100004 288
100005 448
100006 423
100007 174
100008 436
100009 302
100010 237
100011 184
100012 45
100013 170
100014 468
100015 189
100016 136
100017 97
100018 274
100019 331
100020 433
100021 0
100022 471
100023 442
100024 234
100025 469
100026 237
100027 465
100028 321
100029 286
100030 180
100031 266
100032 134
100033 257
100034 415
100035 476
100036 420
100037 340
100038 447
100039 222
100040 419
100041 191
100042 27
100043 398
100044 231
100045 52
100046 462
100047 196
100048 313
100049 3
100050 396
100051 166
100052 219
100053 129
100054 386
100055 229
100056 324
100057 132
100058 8
100059 128
100060 414
100061 494
100062 212
100063 221
100064 399
100065 419
100066 346
100067 281
100068 43
100069 398
100070 311
100071 470
100072 186
100073 112
100074 447
100075 0
100076 291
100077 219
100078 199
100079 395
100080 451
100081 341
100082 336
100083 98
100084 260
100085 497
100086 16
100087 33
100088 442
100089 483
100090 304
100091 407
100092 278
100093 394
100094 166
100095 376
100096 210
100097 177
100098 481
100099 41
100100 81
100101 198
100102 427
100103 411
100104 280
100105 390
100106 367
100107 189
100108 268
100109 260
100110 316
100111 71
100112 116
100113 415
100114 312
100115 314
100116 84
100117 490
100118 363
100119 343
100120 374
100121 483
100122 274
100123 295
100124 186
100125 436
100126 59
100127 445
100128 406
100129 367
100130 64
100131 62
100132 20
100133 240
100134 248
100135 360
100136 105
100137 359
100138 228
100139 434
100140 34
100141 381
100142 370
100143 175
100144 252
100145 292
100146 93
100147 16
100148 417
100149 21
100150 287
100151 431
100152 385
100153 45
100154 442
100155 214
100156 172
100157 376
100158 311
100159 363
100160 53
100161 64
100162 494
100163 345
100164 130
100165 124
100166 470
100167 337
100168 160
100169 130
100170 200
100171 270
100172 457
100173 129
100174 331
100175 487
100176 460
100177 11
100178 75
100179 68
100180 105
100181 291
100182 57
100183 215
100184 155
100185 431
100186 157
100187 38
100188 288
100189 53
100190 315
100191 248
100192 75
100193 79
100194 284
100195 412
100196 415
100197 462
100198 105
100199 459
100200 377
100201 17
100202 15
100203 495
100204 85
100205 488
100206 186
100207 301
100208 121
100209 233
100210 234
100211 100
100212 134
100213 288
100214 314
100215 137
100216 281
100217 438
100218 354
100219 495
100220 455
100221 165
100222 92
100223 52
100224 153
100225 97
100226 410
100227 55
100228 439
100229 283
100230 57
100231 219
100232 84
100233 140
100234 152
100235 441
100236 122
100237 371
100238 350
100239 281
100240 114
100241 209
100242 408
100243 461
100244 348
100245 107
100246 433
100247 101
100248 13
100249 312
100250 39
100251 235
100252 40
100253 192
100254 152
100255 440
100256 326
100257 453
100258 440
100259 465
100260 354
100261 400
100262 212
100263 386
100264 360
100265 438
100266 18
100267 111
100268 372
100269 386
100270 278
100271 210
100272 214
100273 353
100274 370
100275 319
100276 106
100277 207
100278 443
100279 158
100280 131
100281 387
100282 393
100283 299
100284 298
100285 342
100286 225
100287 236
100288 168
100289 177
100290 417
100291 128
100292 254
100293 297
100294 201
100295 355
100296 377
100297 368
100298 163
100299 295
100300 348
100301 156
100302 420
100303 395
100304 335
100305 220
100306 82
100307 380
100308 308
100309 373
100310 396
100311 223
100312 336
100313 265
100314 30
100315 414
100316 111
100317 379
100318 363
100319 269
100320 352
100321 427
100322 481
100323 15
100324 10
100325 207
100326 295
100327 301
100328 96
100329 329
100330 278
100331 130
100332 312
100333 55
100334 369
100335 7
100336 154
100337 45
100338 274
100339 352
100340 169
100341 36
100342 222
100343 365
100344 387
100345 368
100346 298
100347 252
100348 105
100349 222
100350 144
100351 438
100352 191
100353 195
100354 143
100355 312
100356 356
100357 34
100358 352
100359 416
100360 443
100361 353
100362 336
100363 490
100364 92
100365 237
100366 71
100367 44
100368 300
100369 434
100370 132
100371 145
100372 63
100373 423
100374 145
100375 449
100376 148
100377 134
100378 234
100379 138
100380 83
100381 438
100382 104
100383 351
100384 331
100385 435
100386 239
100387 326
100388 418
100389 260
100390 83
100391 375
100392 391
100393 371
100394 439
100395 348
100396 136
100397 358
100398 67
100399 345
100400 414
100401 466
100402 304
100403 102
100404 446
100405 350
100406 406
100407 203
100408 335
100409 292
100410 113
100411 312
100412 169
100413 168
100414 147
100415 271
100416 84
100417 227
100418 322
100419 482
100420 494
100421 282
100422 119
100423 75
100424 20
100425 90
100426 287
100427 15
100428 488
100429 145
100430 253
100431 419
100432 495
100433 151
100434 113
100435 132
100436 292
100437 213
100438 64
100439 374
100440 49
100441 429
100442 322
100443 238
100444 219
100445 190
100446 227
100447 100
100448 289
100449 431
100450 139
100451 10
100452 64
100453 432
100454 75
100455 26
100456 37
100457 68
100458 464
100459 91
100460 28
100461 91
100462 340
100463 183
100464 70
100465 202
100466 295
100467 313
100468 117
100469 147
100470 456
100471 279
100472 130
100473 445
100474 337
100475 255
100476 429
100477 208
100478 425
100479 459
100480 341
100481 186
100482 140
100483 477
100484 331
100485 69
100486 216
100487 421
100488 353
100489 272
100490 261
100491 398
100492 169
100493 21
100494 295
100495 392
100496 454
100497 94
100498 160
100499 197
100500 475
100501 438
100502 229
100503 98
100504 157
100505 476
100506 98
100507 129
100508 449
100509 488
100510 198
100511 231
100512 413
100513 358
100514 378
100515 15
100516 331
100517 41
100518 136
100519 324
100520 365
100521 143
100522 339
100523 28
100524 357
100525 219
100526 294
100527 82
100528 127
100529 300
100530 218
100531 199
100532 240
100533 89
100534 59
100535 254
100536 257
100537 178
100538 262
100539 141
100540 194
100541 245
100542 474
100543 306
100544 301
100545 377
100546 322
100547 193
100548 266
100549 15
100550 395
100551 205
100552 60
100553 338
100554 210
100555 467
100556 83
100557 309
100558 245
100559 189
100560 284
100561 158
100562 342
100563 37
100564 399
100565 234
100566 176
100567 165
100568 478
100569 44
100570 81
100571 326
100572 381
100573 333
100574 222
100575 461
100576 13
100577 302
100578 134
100579 187
100580 86
100581 135
100582 481
100583 357
100584 92
100585 40
100586 448
100587 174
100588 481
100589 54
100590 471
100591 21
100592 175
100593 253
100594 413
100595 243
100596 287
100597 333
100598 210
100599 313
100600 387
100601 304
100602 49
100603 34
100604 228
100605 121
100606 262
100607 438
100608 270
100609 451
100610 284
100611 171
100612 8
100613 456
100614 324
100615 408
100616 164
100617 106
100618 382
100619 204
100620 230
100621 484
100622 487
100623 366
100624 264
100625 94
100626 3
100627 304
100628 44
100629 402
100630 360
100631 157
100632 142
100633 200
100634 53
100635 171
100636 406
100637 177
100638 46
100639 429
100640 326
100641 315
100642 396
100643 21
100644 349
100645 416
100646 137
100647 219
100648 112
100649 244
100650 417
100651 107
100652 440
100653 258
100654 194
100655 93
100656 296
100657 154
100658 13
100659 111
100660 401
100661 281
100662 164
100663 88
100664 243
100665 440
100666 82
100667 29
100668 163
100669 184
100670 104
100671 148
100672 467
100673 333
100674 133
100675 460
100676 141
100677 342
100678 179
100679 11
100680 367
100681 210
100682 195
100683 102
100684 477
100685 133
100686 58
100687 379
100688 493
100689 245
100690 62
100691 247
100692 30
100693 74
100694 472
100695 239
100696 368
100697 287
100698 314
100699 83
100700 183
100701 378
100702 348
100703 364
100704 73
100705 122
100706 488
100707 12
100708 125
100709 16
100710 69
100711 212
100712 428
100713 461
100714 63
100715 123
100716 404
100717 237
100718 278
100719 423
100720 329
100721 351
100722 17
100723 387
100724 451
100725 30
100726 58
100727 405
100728 458
100729 162
100730 162
100731 159
100732 308
100733 86
100734 378
100735 469
100736 157
100737 420
100738 326
100739 36
100740 15
100741 341
100742 352
100743 287
100744 274
100745 466
100746 400
100747 252
100748 5
100749 487
100750 172
100751 192
100752 301
100753 164
100754 456
100755 117
100756 202
100757 181
100758 212
100759 399
100760 446
100761 86
100762 455
100763 122
100764 335
100765 37
100766 264
100767 368
100768 216
100769 333
100770 266
100771 456
100772 230
100773 44
100774 299
100775 370
100776 285
100777 317
100778 190
100779 328
100780 203
100781 150
100782 370
100783 300
100784 377
100785 297
100786 110
100787 451
100788 354
100789 311
100790 339
100791 439
100792 116
100793 271
100794 15
100795 182
100796 224
100797 275
100798 196
100799 282
100800 420
100801 87
100802 193
100803 330
100804 214
100805 151
100806 130
100807 65
100808 231
100809 77
100810 250
100811 259
100812 241
100813 265
100814 151
100815 154
100816 292
100817 283
100818 115
100819 383
100820 73
100821 482
100822 19
100823 476
100824 295
100825 179
100826 457
100827 90
100828 156
100829 25
100830 174
100831 73
100832 220
100833 30
100834 469
100835 216
100836 230
100837 210
100838 471
100839 250
100840 323
100841 215
100842 300
100843 52
100844 157
100845 302
100846 475
100847 371
100848 434
100849 277
100850 198
100851 328
100852 464
100853 354
100854 388
100855 167
100856 447
100857 115
100858 232
100859 483
100860 190
100861 67
100862 346
100863 220
100864 29
100865 14
100866 307
100867 127
100868 362
100869 77
100870 437
100871 315
100872 332
100873 169
100874 426
100875 393
100876 259
100877 423
100878 198
100879 100
100880 393
100881 352
100882 212
100883 398
100884 38
100885 313
100886 132
100887 0
100888 334
100889 5
100890 144
100891 258
100892 88
100893 262
100894 348
100895 66
100896 156
100897 66
100898 198
100899 387
100900 286
100901 23
100902 69
100903 27
100904 80
100905 329
100906 94
100907 155
100908 262
100909 42
100910 130
100911 183
100912 127
100913 14
100914 77
100915 12
100916 124
100917 36
100918 70
100919 96
100920 238
100921 497
100922 0
100923 348
100924 170
100925 52
100926 100
100927 211
100928 168
100929 271
100930 371
100931 299
100932 312
100933 362
100934 100
100935 273
100936 457
100937 348
100938 346
100939 246
100940 264
100941 371
100942 45
100943 395
100944 23
100945 300
100946 255
100947 449
100948 186
100949 168
100950 3
100951 341
100952 157
100953 61
100954 458
100955 227
100956 436
100957 160
100958 215
100959 160
100960 246
100961 433
100962 321
100963 198
100964 155
100965 43
100966 454
100967 61
100968 346
100969 352
100970 344
100971 208
100972 410
100973 236
100974 441
100975 161
100976 421
100977 66
100978 265
100979 269
100980 460
100981 77
100982 77
100983 246
100984 407
100985 111
100986 138
100987 280
100988 437
100989 19
100990 88
100991 469
100992 20
100993 157
100994 356
100995 357
100996 34
100997 300
100998 474
100999 214
101000 400
101001 377
101002 415
101003 144
101004 71
101005 270
101006 446
101007 72
101008 104
101009 7
101010 245
101011 383
101012 10
101013 323
101014 137
101015 29
101016 344
101017 193
101018 347
101019 50
101020 184
101021 343
101022 430
101023 224
101024 235
101025 290
101026 451
101027 197
101028 71
101029 239
101030 396
101031 469
101032 122
101033 439
101034 183
101035 120
101036 253
101037 228
101038 444
101039 174
101040 42
101041 352
101042 295
101043 478
101044 81
101045 155
101046 151
101047 346
101048 302
101049 45
101050 126
101051 319
101052 465
101053 112
101054 280
101055 232
101056 74
101057 389
101058 122
101059 123
101060 429
101061 390
101062 71
101063 89
101064 210
101065 306
101066 44
101067 78
101068 411
101069 313
101070 84
101071 202
101072 393
101073 26
101074 147
101075 352
101076 6
101077 315
101078 416
101079 261
101080 273
101081 1
101082 326
101083 223
101084 434
101085 303
101086 471
101087 74
101088 98
101089 72
101090 433
101091 52
101092 112
101093 49
101094 495
101095 31
101096 55
101097 333
101098 427
101099 449
101100 366
101101 95
101102 252
101103 107
101104 76
101105 302
101106 46
101107 128
101108 210
101109 198
101110 197
101111 161
101112 432
101113 72
101114 128
101115 88
101116 491
101117 62
101118 63
101119 346
101120 268
101121 193
101122 143
101123 263
101124 24
101125 8
101126 482
101127 175
101128 141
101129 272
101130 273
101131 135
101132 30
101133 449
101134 25
101135 377
101136 179
101137 224
101138 446
101139 275
101140 367
101141 251
101142 61
101143 20
101144 370
101145 147
101146 304
101147 488
101148 206
101149 302
101150 39
101151 147
101152 39
101153 287
101154 483
101155 331
101156 183
101157 26
101158 126
101159 105
101160 319
101161 91
101162 320
101163 153
101164 223
101165 255
101166 144
101167 27
101168 248
101169 175
101170 266
101171 344
101172 111
101173 479
101174 96
101175 489
101176 250
101177 56
101178 418
101179 86
101180 440
101181 472
101182 39
101183 58
101184 277
101185 151
101186 463
101187 239
101188 297
101189 42
101190 4
101191 237
101192 435
101193 339
101194 40
101195 403
101196 421
101197 318
101198 363
101199 165
101200 316
101201 194
101202 432
101203 475
101204 178
101205 302
101206 475
101207 53
101208 464
101209 411
101210 394
101211 293
101212 114
101213 37
101214 313
101215 489
101216 297
101217 110
101218 267
101219 416
101220 479
101221 486
101222 293
101223 158
101224 215
101225 72
101226 365
101227 287
101228 443
101229 313
101230 422
101231 185
101232 482
101233 380
101234 211
101235 37
101236 99
101237 315
101238 356
101239 84
101240 141
101241 284
101242 341
101243 284
101244 461
101245 55
101246 377
101247 89
101248 52
101249 84
101250 353
101251 255
101252 121
101253 355
101254 314
101255 437
101256 199
101257 13
101258 404
101259 311
101260 346
101261 277
101262 407
101263 481
101264 410
101265 28
101266 404
101267 344
101268 429
101269 316
101270 65
101271 167
101272 354
101273 292
101274 338
101275 8
101276 370
101277 11
101278 314
101279 155
101280 38
101281 154
101282 18
101283 247
101284 403
101285 29
101286 151
101287 407
101288 284
101289 430
101290 135
101291 286
101292 294
101293 121
101294 319
101295 63
101296 80
101297 238
101298 474
101299 271
101300 416
101301 11
101302 129
101303 241
101304 56
101305 328
101306 114
101307 470
101308 305
101309 66
101310 417
101311 471
101312 399
101313 430
101314 44
101315 218
101316 70
101317 438
101318 475
101319 452
101320 454
101321 431
101322 58
101323 428
101324 8
101325 106
101326 133
101327 114
101328 206
101329 299
101330 348
101331 4
101332 70
101333 349
101334 93
101335 401
101336 240
101337 374
101338 487
101339 194
101340 66
101341 188
101342 167
101343 103
101344 490
101345 161
101346 308
101347 382
101348 220
101349 244
101350 64
101351 80
101352 269
101353 129
101354 301
101355 342
101356 185
101357 61
101358 283
101359 160
101360 419
101361 309
101362 201
101363 52
101364 139
101365 480
101366 98
101367 311
101368 317
101369 353
101370 473
101371 161
101372 87
101373 158
101374 363
101375 237
101376 475
101377 228
101378 221
101379 28
101380 397
101381 276
101382 398
101383 298
101384 8
101385 161
101386 61
101387 238
101388 446
101389 291
101390 392
101391 391
101392 405
101393 85
101394 16
101395 473
101396 423
101397 70
101398 294
101399 235
101400 227
101401 407
101402 107
101403 484
101404 445
101405 465
101406 438
101407 191
101408 266
101409 128
101410 157
101411 12
101412 419
101413 44
101414 64
101415 0
101416 486
101417 475
101418 479
101419 250
101420 398
101421 438
101422 31
101423 200
101424 158
101425 235
101426 80
101427 133
101428 415
101429 465
101430 103
101431 284
101432 407
101433 485
101434 410
101435 323
101436 207
101437 73
101438 273
101439 196
101440 372
101441 400
101442 228
101443 42
101444 11
101445 313
101446 441
101447 477
101448 156
101449 341
101450 410
101451 152
101452 35
101453 278
101454 31
101455 139
101456 232
101457 18
101458 304
101459 16
101460 370
101461 451
101462 93
101463 69
101464 267
101465 475
101466 464
101467 9
101468 311
101469 306
101470 181
101471 165
101472 292
101473 427
101474 324
101475 140
101476 174
101477 373
101478 224
101479 396
101480 180
101481 254
101482 469
101483 84
101484 360
101485 194
101486 293
101487 43
101488 116
101489 158
101490 316
101491 41
101492 373
101493 431
101494 396
101495 120
101496 453
101497 92
101498 302
101499 488
101500 54
101501 443
101502 384
101503 367
101504 471
101505 201
101506 293
101507 141
101508 380
101509 148
101510 68
101511 65
101512 473
101513 262
101514 191
101515 249
101516 342
101517 370
101518 99
101519 254
101520 261
101521 89
101522 76
101523 59
101524 149
101525 261
101526 384
101527 103
101528 193
101529 336
101530 349
101531 139
101532 179
101533 14
101534 39
101535 94
101536 258
101537 142
101538 80
101539 36
101540 291
101541 446
101542 180
101543 247
101544 457
101545 148
101546 340
101547 78
101548 382
101549 67
101550 373
101551 299
101552 98
101553 229
101554 190
101555 489
101556 168
101557 290
101558 73
101559 467
101560 291
101561 60
101562 97
101563 45
101564 44
101565 249
101566 222
101567 272
101568 281
101569 296
101570 400
101571 383
101572 168
101573 379
101574 296
101575 378
101576 149
101577 33
101578 133
101579 208
101580 340
101581 329
101582 413
101583 419
101584 71
101585 184
101586 394
101587 342
101588 123
101589 127
101590 310
101591 426
101592 23
101593 365
101594 337
101595 373
101596 132
101597 465
101598 168
101599 457
101600 366
101601 438
101602 362
101603 350
101604 391
101605 465
101606 408
101607 383
101608 489
101609 246
101610 54
101611 392
101612 15
101613 162
101614 308
101615 340
101616 221
101617 32
101618 129
101619 279
101620 135
101621 197
101622 326
101623 398
101624 279
101625 160
101626 449
101627 286
101628 274
101629 463
101630 452
101631 163
101632 57
101633 29
101634 137
101635 157
101636 270
101637 423
101638 118
101639 402
101640 124
101641 327
101642 456
101643 376
101644 273
101645 357
101646 53
101647 105
101648 238
101649 38
101650 58
101651 307
101652 373
101653 179
101654 119
101655 432
101656 356
101657 62
101658 400
101659 477
101660 430
101661 493
101662 403
101663 398
101664 178
101665 36
101666 116
101667 424
101668 439
101669 260
101670 225
101671 196
101672 36
101673 460
101674 131
101675 321
101676 120
101677 231
101678 284
101679 356
101680 96
101681 213
101682 237
101683 127
101684 33
101685 212
101686 348
101687 73
101688 18
101689 323
101690 78
101691 431
101692 442
101693 46
101694 77
101695 400
101696 270
101697 283
101698 320
101699 118
101700 264
101701 46
101702 414
101703 138
101704 85
101705 383
101706 10
101707 479
101708 111
101709 320
101710 1
101711 60
101712 192
101713 203
101714 268
101715 27
101716 119
101717 0
101718 179
101719 233
101720 413
101721 297
101722 47
101723 125
101724 199
101725 260
101726 236
101727 143
101728 327
101729 403
101730 338
101731 96
101732 12
101733 182
101734 231
101735 40
101736 152
101737 366
101738 438
101739 439
101740 251
101741 292
101742 169
101743 116
101744 206
101745 420
101746 259
101747 45
101748 284
101749 126
101750 440
101751 119
101752 234
101753 88
101754 116
101755 30
101756 469
101757 321
101758 235
101759 228
101760 394
101761 22
101762 263
101763 268
101764 100
101765 223
101766 373
101767 271
101768 233
101769 131
101770 281
101771 48
101772 97
101773 345
101774 0
101775 204
101776 302
101777 489
101778 259
101779 495
101780 148
101781 327
101782 323
101783 355
101784 106
101785 460
101786 335
101787 62
101788 307
101789 113
101790 171
101791 37
101792 363
101793 344
101794 36
101795 385
101796 447
101797 449
101798 305
101799 387
101800 317
101801 395
101802 347
101803 37
101804 71
101805 369
101806 88
101807 74
101808 140
101809 315
101810 196
101811 302
101812 125
101813 138
101814 138
101815 77
101816 329
101817 82
101818 29
101819 55
101820 114
101821 459
101822 310
101823 101
101824 447
101825 415
101826 273
101827 170
101828 385
101829 273
101830 200
101831 446
101832 105
101833 407
101834 295
101835 222
101836 309
101837 334
101838 22
101839 151
101840 358
101841 289
101842 25
101843 67
101844 390
101845 44
101846 309
101847 447
101848 58
101849 286
101850 475
101851 389
101852 68
101853 23
101854 150
101855 159
101856 390
101857 233
101858 41
101859 150
101860 211
101861 150
101862 302
101863 410
101864 21
101865 324
101866 339
101867 72
101868 339
101869 141
101870 105
101871 14
101872 44
101873 49
101874 57
101875 205
101876 481
101877 12
101878 36
101879 273
101880 370
101881 455
101882 10
101883 334
101884 110
101885 39
101886 450
101887 469
101888 141
101889 204
101890 331
101891 129
101892 251
101893 177
101894 46
101895 136
101896 114
101897 250
101898 16
101899 6
101900 490
101901 311
101902 36
101903 445
101904 157
101905 363
101906 48
101907 273
101908 226
101909 161
101910 72
101911 475
101912 274
101913 438
101914 229
101915 327
101916 489
101917 191
101918 5
101919 456
101920 114
101921 368
101922 145
101923 203
101924 317
101925 387
101926 180
101927 347
101928 178
101929 160
101930 398
101931 430
101932 0
101933 464
101934 163
101935 248
101936 400
101937 377
101938 178
101939 26
101940 75
101941 184
101942 470
101943 421
101944 384
101945 369
101946 402
101947 180
101948 30
101949 486
101950 254
101951 30
101952 139
101953 372
101954 263
101955 307
101956 118
101957 143
101958 118
101959 407
101960 124
101961 95
101962 494
101963 363
101964 409
101965 199
101966 29
101967 52
101968 199
101969 241
101970 282
101971 339
101972 55
101973 348
101974 420
101975 177
101976 186
101977 192
101978 297
101979 327
101980 260
101981 213
101982 210
101983 371
101984 338
101985 86
101986 275
101987 446
101988 477
101989 347
101990 358
101991 172
101992 396
101993 88
101994 115
101995 286
101996 467
101997 418
101998 382
101999 82
102000 212
102001 273
102002 309
102003 215
102004 283
102005 120
102006 479
102007 407
102008 418
102009 307
102010 191
102011 325
102012 469
102013 155
102014 92
102015 20
102016 403
102017 21
102018 36
102019 48
102020 491
102021 328
102022 296
102023 461
102024 85
102025 26
102026 215
102027 171
102028 233
102029 392
102030 283
102031 167
102032 45
102033 497
102034 446
102035 118
102036 399
102037 467
102038 28
102039 198
102040 126
102041 359
102042 266
102043 160
102044 248
102045 172
102046 195
102047 54
102048 320
102049 163
102050 332
102051 474
102052 368
102053 188
102054 116
102055 57
102056 311
102057 248
102058 292
102059 474
102060 417
102061 263
102062 355
102063 25
102064 92
102065 158
102066 467
102067 188
102068 314
102069 208
102070 233
102071 344
102072 20
102073 69
102074 284
102075 171
102076 302
102077 154
102078 478
102079 433
102080 415
102081 436
102082 30
102083 489
102084 1
102085 157
102086 470
102087 238
102088 294
102089 135
102090 116
102091 19
102092 158
102093 65
102094 25
102095 21
102096 124
102097 454
102098 208
102099 359
102100 130
102101 194
102102 179
102103 225
102104 105
102105 382
102106 207
102107 9
102108 306
102109 474
102110 438
102111 273
102112 280
102113 261
102114 112
102115 452
102116 299
102117 50
102118 88
102119 466
102120 346
102121 274
102122 119
102123 479
102124 23
102125 83
102126 461
102127 299
102128 14
102129 58
102130 467
102131 73
102132 467
102133 36
102134 460
102135 300
102136 284
102137 265
102138 295
102139 288
102140 412
102141 112
102142 237
102143 162
102144 367
102145 4
102146 112
102147 432
102148 206
102149 135
102150 229
102151 166
102152 375
102153 310
102154 85
102155 48
102156 480
102157 56
102158 287
102159 212
102160 334
102161 385
102162 258
102163 302
102164 135
102165 363
102166 170
102167 306
102168 51
102169 282
102170 335
102171 418
102172 471
102173 487
102174 138
102175 394
102176 59
102177 390
102178 148
102179 246
102180 250
102181 293
102182 313
102183 159
102184 259
102185 142
102186 35
102187 417
102188 91
102189 123
102190 132
102191 387
102192 322
102193 357
102194 494
102195 393
102196 231
102197 328
102198 226
102199 262
102200 408
102201 147
102202 304
102203 275
102204 245
102205 146
102206 193
102207 482
102208 202
102209 36
102210 207
102211 178
102212 87
102213 121
102214 177
102215 107
102216 347
102217 46
102218 371
102219 335
102220 106
102221 398
102222 111
102223 64
102224 11
102225 353
102226 268
102227 14
102228 436
102229 235
102230 430
102231 436
102232 39
102233 255
102234 217
102235 301
102236 435
102237 331
102238 429
102239 438
102240 208
102241 110
102242 301
102243 429
102244 125
102245 382
102246 149
102247 195
102248 261
102249 238
102250 343
102251 139
102252 353
102253 198
102254 78
102255 479
102256 29
102257 103
102258 294
102259 431
102260 150
102261 440
102262 26
102263 231
102264 274
102265 20
102266 476
102267 158
102268 239
102269 13
102270 286
102271 63
102272 32
102273 401
102274 358
102275 215
102276 421
102277 10
102278 482
102279 308
102280 23
102281 466
102282 79
102283 71
102284 199
102285 223
102286 12
102287 57
102288 113
102289 10
102290 148
102291 58
102292 358
102293 491
102294 214
102295 354
102296 339
102297 109
102298 125
102299 181
102300 470
102301 45
102302 262
102303 338
102304 119
102305 28
102306 398
102307 211
102308 128
102309 145
102310 332
102311 426
102312 55
102313 223
102314 166
102315 431
102316 79
102317 146
102318 398
102319 25
102320 442
102321 371
102322 419
102323 40
102324 130
102325 158
102326 205
102327 106
102328 21
102329 100
102330 192
102331 143
102332 170
102333 470
102334 203
102335 7
102336 307
102337 166
102338 385
102339 265
102340 335
102341 58
102342 330
102343 249
102344 223
102345 107
102346 129
102347 363
102348 71
102349 16
102350 432
102351 7
102352 475
102353 253
102354 490
102355 243
102356 285
102357 82
102358 372
102359 316
102360 142
102361 44
102362 163
102363 50
102364 42
102365 353
102366 136
102367 119
102368 112
102369 104
102370 110
102371 347
102372 148
102373 225
102374 357
102375 277
102376 156
102377 23
102378 49
102379 87
102380 229
102381 465
102382 193
102383 160
102384 11
102385 105
102386 16
102387 230
102388 297
102389 53
102390 432
102391 194
102392 373
102393 266
102394 239
102395 493
102396 52
102397 415
102398 39
102399 306
102400 384
102401 240
102402 482
102403 167
102404 29
102405 72
102406 93
102407 291
102408 355
102409 154
102410 32
102411 311
102412 14
102413 289
102414 156
102415 61
102416 39
102417 485
102418 443
102419 306
102420 439
102421 439
102422 183
102423 306
102424 41
102425 379
102426 167
102427 412
102428 270
102429 54
102430 2
102431 89
102432 34
102433 353
102434 333
102435 136
102436 40
102437 396
102438 183
102439 279
102440 0
102441 282
102442 268
102443 211
102444 6
102445 110
102446 387
102447 111
102448 180
102449 362
102450 438
102451 225
102452 138
102453 261
102454 341
102455 354
102456 251
102457 143
102458 56
102459 308
102460 269
102461 261
102462 308
102463 486
102464 135
102465 144
102466 334
102467 327
102468 203
102469 124
102470 486
102471 315
102472 49
102473 285
102474 454
102475 280
102476 495
102477 237
102478 198
102479 205
102480 138
102481 333
102482 379
102483 395
102484 475
102485 485
102486 139
102487 332
102488 110
102489 219
102490 291
102491 328
102492 432
102493 200
102494 189
102495 431
102496 13
102497 81
102498 485
102499 278
102500 491
102501 273
102502 88
102503 449
102504 8
102505 13
102506 319
102507 336
102508 169
102509 11
102510 286
102511 427
102512 309
102513 160
102514 4
102515 224
102516 104
102517 235
102518 122
102519 127
102520 294
102521 462
102522 26
102523 210
102524 496
102525 212
102526 332
102527 325
102528 320
102529 171
102530 48
102531 97
102532 468
102533 163
102534 220
102535 355
102536 483
102537 462
102538 396
102539 433
102540 385
102541 431
102542 189
102543 360
102544 16
102545 107
102546 280
102547 435
102548 333
102549 41
102550 296
102551 368
102552 375
102553 311
102554 474
102555 317
102556 104
102557 11
102558 360
102559 66
102560 115
102561 193
102562 94
102563 328
102564 437
102565 129
102566 222
102567 324
102568 132
102569 442
102570 93
102571 154
102572 42
102573 475
102574 336
102575 287
102576 166
102577 206
102578 341
102579 485
102580 142
102581 300
102582 305
102583 426
102584 232
102585 185
102586 178
102587 78
102588 124
102589 167
102590 132
102591 350
102592 34
102593 460
102594 449
102595 485
102596 185
102597 343
102598 256
102599 223
102600 448
102601 352
102602 345
102603 217
102604 291
102605 385
102606 452
102607 389
102608 343
102609 127
102610 402
102611 293
102612 347
102613 146
102614 327
102615 251
102616 282
102617 198
102618 128
102619 12
102620 412
102621 230
102622 323
102623 490
102624 79
102625 259
102626 236
102627 110
102628 94
102629 272
102630 376
102631 250
102632 214
102633 423
102634 213
102635 469
102636 82
102637 96
102638 133
102639 110
102640 190
102641 76
102642 186
102643 214
102644 111
102645 412
102646 243
102647 81
102648 434
102649 390
102650 102
102651 423
102652 40
102653 369
102654 141
102655 207
102656 453
102657 275
102658 37
102659 331
102660 175
102661 392
102662 323
102663 455
102664 186
102665 376
102666 278
102667 349
102668 40
102669 29
102670 1
102671 308
102672 486
102673 214
102674 401
102675 33
102676 474
102677 377
102678 230
102679 208
102680 418
102681 95
102682 385
102683 293
102684 56
102685 22
102686 32
102687 249
102688 166
102689 398
102690 84
102691 429
102692 153
102693 55
102694 150
102695 463
102696 285
102697 40
102698 470
102699 5
102700 156
102701 178
102702 370
102703 184
102704 352
102705 266
102706 379
102707 360
102708 186
102709 138
102710 280
102711 13
102712 483
102713 440
102714 417
102715 3
102716 380
102717 204
102718 20
102719 481
102720 37
102721 80
102722 397
102723 224
102724 85
102725 431
102726 8
102727 306
102728 134
102729 162
102730 68
102731 160
102732 349
102733 256
102734 293
102735 389
102736 335
102737 192
102738 179
102739 17
102740 377
102741 113
102742 21
102743 329
102744 292
102745 293
102746 21
102747 139
102748 58
102749 243
102750 142
102751 474
102752 13
102753 54
102754 219
102755 433
102756 334
102757 275
102758 51
102759 304
102760 440
102761 118
102762 96
102763 65
102764 20
102765 198
102766 117
102767 355
102768 432
102769 126
102770 137
102771 141
102772 155
102773 237
102774 309
102775 144
102776 100
102777 99
102778 325
102779 217
102780 475
102781 203
102782 79
102783 121
102784 418
102785 16
102786 340
102787 5
102788 429
102789 349
102790 446
102791 147
102792 330
102793 428
102794 96
102795 50
102796 491
102797 354
102798 411
102799 440
102800 259
102801 288
102802 173
102803 28
102804 56
102805 28
102806 85
102807 190
102808 158
102809 481
102810 382
102811 148
102812 187
102813 180
102814 414
102815 56
102816 106
102817 298
102818 487
102819 153
102820 162
102821 484
102822 112
102823 194
102824 426
102825 342
102826 472
102827 361
102828 19
102829 53
102830 74
102831 69
102832 289
102833 229
102834 485
102835 190
102836 182
102837 315
102838 239
102839 284
102840 218
102841 223
102842 218
102843 154
102844 357
102845 47
102846 188
102847 110
102848 472
102849 167
102850 134
102851 13
102852 6
102853 229
102854 114
102855 276
102856 249
102857 462
102858 33
102859 456
102860 253
102861 131
102862 345
102863 482
102864 186
102865 355
102866 451
102867 430
102868 333
102869 206
102870 314
102871 327
102872 290
102873 424
102874 343
102875 245
102876 420
102877 61
102878 42
102879 86
102880 71
102881 69
102882 54
102883 480
102884 404
102885 173
102886 120
102887 194
102888 409
102889 273
102890 213
102891 44
102892 0
102893 329
102894 161
102895 289
102896 15
102897 331
102898 263
102899 280
102900 314
102901 64
102902 345
102903 84
102904 266
102905 83
102906 416
102907 2
102908 471
102909 196
102910 410
102911 312
102912 386
102913 4
102914 376
102915 466
102916 145
102917 460
102918 413
102919 136
102920 417
102921 375
102922 294
102923 411
102924 195
102925 58
102926 7
102927 354
102928 404
102929 398
102930 211
102931 156
102932 441
102933 442
102934 301
102935 378
102936 184
102937 327
102938 34
102939 259
102940 212
102941 458
102942 52
102943 384
102944 349
102945 353
102946 458
102947 434
102948 149
102949 148
102950 82
102951 467
102952 110
102953 480
102954 74
102955 193
102956 198
102957 402
102958 395
102959 93
102960 351
102961 314
102962 276
102963 97
102964 62
102965 241
102966 220
102967 170
102968 464
102969 379
102970 27
102971 261
102972 333
102973 208
102974 140
102975 221
102976 90
102977 81
102978 116
102979 267
102980 253
102981 219
102982 0
102983 68
102984 215
102985 482
102986 457
102987 8
102988 224
102989 28
102990 447
102991 131
102992 53
102993 132
102994 318
102995 376
102996 460
102997 6
102998 257
102999 97
103000 43
103001 450
103002 469
103003 454
103004 267
103005 458
103006 487
103007 70
103008 364
103009 362
103010 438
103011 342
103012 84
103013 87
103014 104
103015 61
103016 391
103017 93
103018 312
103019 31
103020 465
103021 21
103022 470
103023 266
103024 262
103025 206
103026 448
103027 136
103028 407
103029 40
103030 394
103031 449
103032 444
103033 384
103034 188
103035 14
103036 295
103037 135
103038 167
103039 178
103040 306
103041 459
103042 186
103043 399
103044 142
103045 317
103046 156
103047 12
103048 487
103049 42
103050 459
103051 313
103052 79
103053 20
103054 289
103055 423
103056 65
103057 479
103058 200
103059 178
103060 451
103061 472
103062 421
103063 408
103064 52
103065 272
103066 291
103067 50
103068 493
103069 376
103070 98
103071 466
103072 322
103073 324
103074 243
103075 446
103076 17
103077 127
103078 69
103079 272
103080 454
103081 43
103082 289
103083 212
103084 88
103085 36
103086 438
103087 226
103088 52
103089 16
103090 96
103091 281
103092 473
103093 400
103094 414
103095 100
103096 411
103097 310
103098 361
103099 482
103100 361
103101 104
103102 377
103103 282
103104 110
103105 42
103106 412
103107 264
103108 433
103109 400
103110 81
103111 211
103112 441
103113 209
103114 410
103115 141
103116 20
103117 273
103118 276
103119 389
103120 322
103121 353
103122 414
103123 119
103124 109
103125 344
103126 273
103127 210
103128 488
103129 124
103130 341
103131 26
103132 308
103133 40
103134 336
103135 309
103136 363
103137 163
103138 282
103139 409
103140 88
103141 359
103142 339
103143 319
103144 221
103145 379
103146 368
103147 379
103148 38
103149 193
103150 20
103151 271
103152 15
103153 343
103154 481
103155 174
103156 45
103157 251
103158 357
103159 233
103160 237
103161 64
103162 76
103163 148
103164 241
103165 482
103166 413
103167 159
103168 481
103169 381
103170 472
103171 392
103172 404
103173 181
103174 329
103175 388
103176 372
103177 150
103178 138
103179 52
103180 178
103181 37
103182 196
103183 230
103184 407
103185 479
103186 325
103187 474
103188 429
103189 208
103190 9
103191 305
103192 273
103193 226
103194 172
103195 302
103196 384
103197 254
103198 136
103199 277
103200 61
103201 183
103202 445
103203 370
103204 51
103205 456
103206 315
103207 352
103208 173
103209 183
103210 109
103211 434
103212 67
103213 71
103214 134
103215 345
103216 384
103217 465
103218 219
103219 218
103220 258
103221 110
103222 273
103223 449
103224 61
103225 486
103226 143
103227 309
103228 85
103229 22
103230 16
103231 449
103232 426
103233 0
103234 260
103235 44
103236 390
103237 136
103238 67
103239 439
103240 194
103241 238
103242 170
103243 246
103244 493
103245 324
103246 452
103247 198
103248 398
103249 225
103250 136
103251 172
103252 86
103253 133
103254 85
103255 458
103256 188
103257 341
103258 480
103259 41
103260 353
103261 72
103262 353
103263 154
103264 413
103265 131
103266 328
103267 354
103268 337
103269 310
103270 78
103271 355
103272 347
103273 268
103274 453
103275 177
103276 23
103277 291
103278 125
103279 441
103280 115
103281 181
103282 71
103283 139
103284 51
103285 103
103286 124
103287 89
103288 396
103289 314
103290 358
103291 67
103292 134
103293 87
103294 118
103295 147
103296 308
103297 280
103298 469
103299 8
103300 123
103301 402
103302 255
103303 356
103304 333
103305 83
103306 474
103307 63
103308 35
103309 56
103310 42
103311 173
103312 313
103313 100
103314 74
103315 166
103316 296
103317 117
103318 26
103319 356
103320 464
103321 225
103322 237
103323 432
103324 244
103325 388
103326 258
103327 292
103328 155
103329 421
103330 296
103331 50
103332 206
103333 235
103334 252
103335 338
103336 480
103337 73
103338 121
103339 252
103340 13
103341 202
103342 326
103343 62
103344 282
103345 130
103346 57
103347 79
103348 434
103349 329
103350 472
103351 226
103352 449
103353 213
103354 353
103355 192
103356 304
103357 481
103358 481
103359 82
103360 59
103361 77
103362 456
103363 473
103364 59
103365 328
103366 23
103367 232
103368 222
103369 421
103370 79
103371 411
103372 342
103373 60
103374 464
103375 365
103376 18
103377 236
103378 184
103379 195
103380 319
103381 160
103382 366
103383 376
103384 271
103385 192
103386 43
103387 213
103388 436
103389 277
103390 125
103391 371
103392 471
103393 369
103394 167
103395 86
103396 463
103397 71
103398 411
103399 174
103400 233
103401 436
103402 426
103403 179
103404 136
103405 494
103406 412
103407 25
103408 193
103409 364
103410 226
103411 104
103412 307
103413 239
103414 140
103415 414
103416 298
103417 491
103418 230
103419 154
103420 263
103421 333
103422 353
103423 209
103424 358
103425 70
103426 9
103427 23
103428 399
103429 258
103430 30
103431 18
103432 38
103433 454
103434 332
103435 375
103436 447
103437 462
103438 49
103439 217
103440 32
103441 452
103442 434
103443 364
103444 412
103445 190
103446 74
103447 469
103448 230
103449 24
103450 378
103451 298
103452 317
103453 345
103454 261
103455 148
103456 236
103457 185
103458 136
103459 164
103460 187
103461 216
103462 359
103463 437
103464 214
103465 333
103466 494
103467 462
103468 157
103469 472
103470 439
103471 276
103472 466
103473 96
103474 209
103475 327
103476 162
103477 26
103478 487
103479 483
103480 188
103481 87
103482 395
103483 408
103484 273
103485 415
103486 38
103487 184
103488 104
103489 303
103490 244
103491 51
103492 152
103493 8
103494 76
103495 382
103496 473
103497 264
103498 195
103499 395
103500 27
103501 301
103502 73
103503 166
103504 36
103505 96
103506 333
103507 226
103508 440
103509 92
103510 241
103511 408
103512 402
103513 425
103514 438
103515 50
103516 29
103517 206
103518 91
103519 361
103520 359
103521 383
103522 460
103523 170
103524 220
103525 306
103526 17
103527 284
103528 360
103529 11
103530 319
103531 488
103532 463
103533 84
103534 272
103535 386
103536 326
103537 256
103538 418
103539 366
103540 277
103541 98
103542 109
103543 419
103544 142
103545 133
103546 449
103547 407
103548 141
103549 89
103550 96
103551 463
103552 253
103553 495
103554 353
103555 103
103556 9
103557 389
103558 135
103559 255
103560 258
103561 116
103562 75
103563 385
103564 49
103565 327
103566 149
103567 371
103568 41
103569 385
103570 406
103571 387
103572 74
103573 420
103574 297
103575 318
103576 238
103577 0
103578 209
103579 342
103580 57
103581 80
103582 62
103583 107
103584 46
103585 124
103586 245
103587 447
103588 305
103589 139
103590 42
103591 1
103592 393
103593 342
103594 171
103595 15
103596 440
103597 114
103598 66
103599 194
103600 121
103601 239
103602 324
103603 49
103604 47
103605 444
103606 339
103607 368
103608 188
103609 199
103610 84
103611 246
103612 56
103613 79
103614 97
103615 271
103616 179
103617 209
103618 110
103619 208
103620 309
103621 160
103622 456
103623 207
103624 126
103625 306
103626 6
103627 466
103628 359
103629 83
103630 322
103631 433
103632 56
103633 253
103634 3
103635 52
103636 28
103637 461
103638 156
103639 470
103640 19
103641 94
103642 165
103643 382
103644 51
103645 5
103646 461
103647 447
103648 157
103649 92
103650 253
103651 360
103652 142
103653 33
103654 232
103655 399
103656 30
103657 202
103658 114
103659 443
103660 245
103661 48
103662 486
103663 166
103664 419
103665 479
103666 459
103667 200
103668 483
103669 32
103670 460
103671 223
103672 370
103673 417
103674 1
103675 185
103676 310
103677 3
103678 262
103679 401
103680 41
103681 342
103682 267
103683 5
103684 179
103685 130
103686 143
103687 207
103688 159
103689 163
103690 244
103691 228
103692 128
103693 106
103694 72
103695 316
103696 27
103697 369
103698 484
103699 128
103700 190
103701 350
103702 72
103703 187
103704 258
103705 241
103706 264
103707 423
103708 231
103709 300
103710 412
103711 278
103712 246
103713 167
103714 353
103715 343
103716 86
103717 269
103718 173
103719 12
103720 99
103721 184
103722 448
103723 303
103724 236
103725 134
103726 226
103727 191
103728 114
103729 357
103730 220
103731 457
103732 39
103733 269
103734 54
103735 432
103736 477
103737 327
103738 167
103739 207
103740 19
103741 81
103742 338
103743 309
103744 123
103745 366
103746 476
103747 455
103748 281
103749 217
103750 459
103751 288
103752 486
103753 316
103754 296
103755 283
103756 68
103757 461
103758 466
103759 420
103760 97
103761 100
103762 159
103763 51
103764 20
103765 295
103766 306
103767 434
103768 19
103769 275
103770 197
103771 18
103772 461
103773 113
103774 230
103775 250
103776 208
103777 335
103778 379
103779 82
103780 18
103781 496
103782 310
103783 367
103784 334
103785 241
103786 107
103787 5
103788 75
103789 349
103790 394
103791 300
103792 186
103793 363
103794 268
103795 432
103796 157
103797 413
103798 357
103799 451
103800 461
103801 143
103802 161
103803 488
103804 84
103805 15
103806 451
103807 96
103808 322
103809 52
103810 129
103811 409
103812 144
103813 284
103814 279
103815 339
103816 167
103817 340
103818 373
103819 206
103820 0
103821 159
103822 183
103823 269
103824 459
103825 56
103826 28
103827 435
103828 489
103829 267
103830 193
103831 360
103832 424
103833 386
103834 7
103835 98
103836 431
103837 470
103838 312
103839 6
103840 221
103841 7
103842 374
103843 231
103844 454
103845 245
103846 206
103847 327
103848 420
103849 275
103850 156
103851 208
103852 24
103853 324
103854 309
103855 486
103856 6
103857 377
103858 89
103859 297
103860 167
103861 429
103862 347
103863 418
103864 82
103865 420
103866 121
103867 480
103868 79
103869 328
103870 429
103871 412
103872 491
103873 295
103874 320
103875 307
103876 469
103877 168
103878 177
103879 85
103880 488
103881 207
103882 68
103883 211
103884 282
103885 301
103886 34
103887 274
103888 274
103889 353
103890 346
103891 358
103892 232
103893 187
103894 145
103895 146
103896 480
103897 58
103898 149
103899 473
103900 283
103901 438
103902 159
103903 182
103904 158
103905 407
103906 112
103907 155
103908 200
103909 480
103910 94
103911 379
103912 458
103913 368
103914 0
103915 140
103916 468
103917 374
103918 229
103919 445
103920 398
103921 323
103922 128
103923 358
103924 482
103925 295
103926 336
103927 81
103928 20
103929 94
103930 474
103931 45
103932 58
103933 469
103934 354
103935 173
103936 148
103937 434
103938 107
103939 341
103940 280
103941 274
103942 121
103943 82
103944 440
103945 464
103946 467
103947 344
103948 410
103949 41
103950 273
103951 338
103952 418
103953 392
103954 403
103955 291
103956 132
103957 200
103958 184
103959 445
103960 257
103961 265
103962 96
103963 101
103964 65
103965 78
103966 374
103967 153
103968 236
103969 257
103970 136
103971 206
103972 258
103973 438
103974 485
103975 390
103976 93
103977 345
103978 463
103979 344
103980 211
103981 173
103982 416
103983 233
103984 78
103985 245
103986 89
103987 348
103988 476
103989 40
103990 57
103991 122
103992 444
103993 314
103994 18
103995 57
103996 408
103997 368
103998 24
103999 34
104000 380
104001 96
104002 329
104003 53
104004 208
104005 2
104006 305
104007 54
104008 263
104009 354
104010 305
104011 276
104012 191
104013 69
104014 263
104015 275
104016 312
104017 100
104018 451
104019 494
104020 257
104021 388
104022 2
104023 7
104024 384
104025 310
104026 412
104027 360
104028 61
104029 102
104030 11
104031 258
104032 324
104033 360
104034 67
104035 420
104036 280
104037 66
104038 5
104039 358
104040 415
104041 9
104042 368
104043 15
104044 486
104045 15
104046 377
104047 395
104048 360
104049 301
104050 110
104051 491
104052 266
104053 188
104054 217
104055 127
104056 235
104057 26
104058 221
104059 465
104060 99
104061 132
104062 192
104063 395
104064 113
104065 104
104066 404
104067 297
104068 232
104069 95
104070 230
104071 52
104072 260
104073 360
104074 436
104075 308
104076 26
104077 243
104078 465
104079 177
104080 305
104081 42
104082 259
104083 216
104084 459
104085 93
104086 457
104087 335
104088 175
104089 428
104090 126
104091 78
104092 490
104093 312
104094 147
104095 92
104096 82
104097 346
104098 121
104099 148
104100 97
104101 24
104102 7
104103 120
104104 376
104105 322
104106 15
104107 130
104108 232
104109 321
104110 170
104111 367
104112 174
104113 73
104114 260
104115 342
104116 198
104117 353
104118 263
104119 372
104120 8
104121 478
104122 51
104123 265
104124 497
104125 476
104126 123
104127 354
104128 150
104129 312
104130 254
104131 102
104132 155
104133 286
104134 18
104135 19
104136 160
104137 24
104138 125
104139 218
104140 179
104141 103
104142 241
104143 390
104144 497
104145 153
104146 207
104147 202
104148 357
104149 82
104150 147
104151 131
104152 385
104153 204
104154 362
104155 261
104156 147
104157 248
104158 144
104159 315
104160 217
104161 132
104162 339
104163 375
104164 0
104165 450
104166 99
104167 25
104168 64
104169 100
104170 419
104171 108
104172 473
104173 398
104174 154
104175 448
104176 354
104177 228
104178 453
104179 134
104180 275
104181 111
104182 443
104183 280
104184 96
104185 390
104186 361
104187 323
104188 106
104189 227
104190 424
104191 420
104192 481
104193 24
104194 300
104195 401
104196 493
104197 345
104198 400
104199 383
104200 283
104201 198
104202 353
104203 454
104204 97
104205 24
104206 291
104207 284
104208 296
104209 274
104210 202
104211 303
104212 480
104213 400
104214 467
104215 160
104216 281
104217 167
104218 453
104219 486
104220 133
104221 267
104222 103
104223 462
104224 384
104225 495
104226 296
104227 97
104228 440
104229 131
104230 286
104231 193
104232 474
104233 482
104234 234
104235 52
104236 20
104237 396
104238 469
104239 124
104240 275
104241 310
104242 390
104243 137
104244 462
104245 367
104246 315
104247 109
104248 136
104249 425
104250 111
104251 62
104252 270
104253 161
104254 391
104255 118
104256 81
104257 15
104258 277
104259 433
104260 104
104261 377
104262 126
104263 3
104264 325
104265 180
104266 479
104267 267
104268 289
104269 483
104270 494
104271 335
104272 54
104273 76
104274 343
104275 157
104276 353
104277 374
104278 449
104279 269
104280 280
104281 418
104282 417
104283 287
104284 7
104285 63
104286 84
104287 115
104288 405
104289 208
104290 112
104291 104
104292 170
104293 4
104294 347
104295 112
104296 163
104297 306
104298 60
104299 176
104300 88
104301 148
104302 254
104303 237
104304 385
104305 420
104306 263
104307 147
104308 129
104309 132
104310 461
104311 244
104312 252
104313 267
104314 22
104315 270
104316 394
104317 6
104318 7
104319 427
104320 100
104321 178
104322 109
104323 83
104324 470
104325 200
104326 460
104327 62
104328 150
104329 260
104330 319
104331 191
104332 214
104333 245
104334 416
104335 480
104336 339
104337 483
104338 208
104339 221
104340 268
104341 208
104342 176
104343 396
104344 167
104345 49
104346 344
104347 53
104348 335
104349 74
104350 419
104351 173
104352 477
104353 273
104354 432
104355 121
104356 471
104357 124
104358 117
104359 449
104360 491
104361 343
104362 93
104363 174
104364 53
104365 333
104366 68
104367 425
104368 26
104369 296
104370 48
104371 419
104372 385
104373 121
104374 49
104375 329
104376 402
104377 340
104378 425
104379 179
104380 389
104381 415
104382 322
104383 435
104384 415
104385 374
104386 188
104387 412
104388 45
104389 388
104390 173
104391 196
104392 286
104393 81
104394 401
104395 263
104396 427
104397 221
104398 49
104399 450
104400 264
104401 151
104402 192
104403 427
104404 19
104405 44
104406 460
104407 97
104408 374
104409 211
104410 197
104411 330
104412 22
104413 38
104414 104
104415 399
104416 390
104417 110
104418 339
104419 285
104420 304
104421 246
104422 263
104423 196
104424 294
104425 138
104426 85
104427 192
104428 53
104429 131
104430 220
104431 25
104432 111
104433 59
104434 120
104435 306
104436 355
104437 410
104438 273
104439 313
104440 177
104441 10
104442 66
104443 112
104444 260
104445 347
104446 457
104447 144
104448 419
104449 287
104450 116
104451 0
104452 16
104453 184
104454 211
104455 302
104456 92
104457 445
104458 81
104459 488
104460 409
104461 347
104462 82
104463 334
104464 178
104465 111
104466 15
104467 256
104468 139
104469 301
104470 3
104471 27
104472 180
104473 183
104474 102
104475 199
104476 351
104477 454
104478 25
104479 275
104480 193
104481 165
104482 293
104483 234
104484 464
104485 203
104486 209
104487 288
104488 451
104489 107
104490 21
104491 433
104492 394
104493 164
104494 279
104495 104
104496 361
104497 280
104498 410
104499 237
104500 135
104501 368
104502 448
104503 106
104504 232
104505 211
104506 296
104507 381
104508 282
104509 365
104510 477
104511 78
104512 280
104513 285
104514 293
104515 192
104516 31
104517 420
104518 125
104519 174
104520 294
104521 483
104522 448
104523 415
104524 196
104525 30
104526 24
104527 273
104528 351
104529 35
104530 271
104531 309
104532 343
104533 297
104534 214
104535 214
104536 14
104537 416
104538 146
104539 1
104540 32
104541 469
104542 389
104543 390
104544 232
104545 269
104546 269
104547 389
104548 149
104549 127
104550 296
104551 479
104552 457
104553 106
104554 482
104555 323
104556 73
104557 127
104558 136
104559 384
104560 322
104561 45
104562 130
104563 4
104564 233
104565 57
104566 409
104567 352
104568 123
104569 310
104570 337
104571 273
104572 97
104573 143
104574 174
104575 283
104576 254
104577 248
104578 262
104579 47
104580 85
104581 354
104582 237
104583 365
104584 431
104585 391
104586 169
104587 177
104588 247
104589 66
104590 339
104591 400
104592 121
104593 87
104594 194
104595 28
104596 274
104597 60
104598 104
104599 68
104600 468
104601 341
104602 461
104603 470
104604 481
104605 213
104606 67
104607 390
104608 38
104609 385
104610 194
104611 307
104612 84
104613 155
104614 56
104615 185
104616 22
104617 454
104618 367
104619 387
104620 97
104621 0
104622 25
104623 450
104624 437
104625 108
104626 162
104627 374
104628 394
104629 0
104630 422
104631 329
104632 177
104633 23
104634 85
104635 325
104636 91
104637 261
104638 92
104639 327
104640 112
104641 89
104642 485
104643 325
104644 89
104645 446
104646 426
104647 226
104648 32
104649 45
104650 23
104651 192
104652 97
104653 111
104654 91
104655 359
104656 104
104657 232
104658 162
104659 15
104660 383
104661 274
104662 206
104663 384
104664 158
104665 277
104666 83
104667 490
104668 197
104669 464
104670 138
104671 325
104672 402
104673 24
104674 120
104675 395
104676 319
104677 151
104678 130
104679 141
104680 159
104681 80
104682 150
104683 120
104684 108
104685 270
104686 412
104687 52
104688 100
104689 382
104690 189
104691 447
104692 424
104693 461
104694 384
104695 186
104696 201
104697 118
104698 387
104699 415
104700 354
104701 89
104702 8
104703 218
104704 210
104705 27
104706 402
104707 239
104708 66
104709 344
104710 235
104711 368
104712 497
104713 88
104714 91
104715 359
104716 110
104717 140
104718 160
104719 427
104720 104
104721 358
104722 133
104723 116
104724 78
104725 408
104726 83
104727 268
104728 442
104729 68
104730 313
104731 409
104732 241
104733 4
104734 342
104735 390
104736 435
104737 283
104738 326
104739 351
104740 411
104741 254
104742 280
104743 306
104744 287
104745 388
104746 229
104747 458
104748 137
104749 491
104750 470
104751 10
104752 42
104753 318
104754 75
104755 120
104756 158
104757 115
104758 420
104759 457
104760 489
104761 327
104762 218
104763 188
104764 328
104765 372
104766 120
104767 370
104768 352
104769 220
104770 279
104771 265
104772 251
104773 226
104774 394
104775 78
104776 266
104777 469
104778 458
104779 325
104780 490
104781 268
104782 46
104783 100
104784 254
104785 130
104786 66
104787 188
104788 98
104789 261
104790 231
104791 147
104792 199
104793 370
104794 389
104795 142
104796 178
104797 375
104798 349
104799 460
104800 455
104801 23
104802 423
104803 466
104804 230
104805 6
104806 365
104807 255
104808 264
104809 98
104810 190
104811 31
104812 40
104813 312
104814 332
104815 186
104816 214
104817 466
104818 269
104819 98
104820 450
104821 261
104822 55
104823 409
104824 64
104825 104
104826 415
104827 496
104828 181
104829 458
104830 118
104831 402
104832 70
104833 463
104834 250
104835 448
104836 285
104837 191
104838 3
104839 448
104840 218
104841 302
104842 490
104843 289
104844 384
104845 453
104846 304
104847 227
104848 208
104849 155
104850 366
104851 439
104852 142
104853 377
104854 404
104855 196
104856 95
104857 26
104858 131
104859 368
104860 66
104861 438
104862 250
104863 465
104864 140
104865 434
104866 112
104867 352
104868 282
104869 193
104870 10
104871 130
104872 224
104873 303
104874 24
104875 95
104876 65
104877 125
104878 14
104879 85
104880 151
104881 72
104882 182
104883 350
104884 97
104885 167
104886 127
104887 153
104888 86
104889 91
104890 13
104891 35
104892 183
104893 493
104894 268
104895 455
104896 4
104897 448
104898 285
104899 206
104900 254
104901 469
104902 31
104903 362
104904 192
104905 145
104906 259
104907 348
104908 470
104909 212
104910 113
104911 123
104912 488
104913 263
104914 124
104915 343
104916 294
104917 486
104918 200
104919 405
104920 488
104921 308
104922 251
104923 103
104924 148
104925 163
104926 378
104927 118
104928 186
104929 238
104930 459
104931 304
104932 397
104933 3
104934 274
104935 387
104936 472
104937 229
104938 28
104939 163
104940 250
104941 56
104942 89
104943 244
104944 309
104945 244
104946 11
104947 96
104948 202
104949 207
104950 116
104951 272
104952 76
104953 396
104954 361
104955 194
104956 424
104957 281
104958 339
104959 396
104960 199
104961 338
104962 279
104963 344
104964 142
104965 109
104966 335
104967 408
104968 269
104969 396
104970 399
104971 128
104972 117
104973 137
104974 479
104975 311
104976 55
104977 211
104978 96
104979 324
104980 142
104981 362
104982 295
104983 457
104984 381
104985 451
104986 312
104987 313
104988 330
104989 255
104990 61
104991 102
104992 399
104993 6
104994 137
104995 374
104996 349
104997 394
104998 162
104999 280
105000 446
105001 42
105002 106
105003 177
105004 226
105005 275
105006 321
105007 365
105008 448
105009 9
105010 454
105011 478
105012 220
105013 231
105014 62
105015 308
105016 410
105017 375
105018 178
105019 271
105020 400
105021 100
105022 237
105023 395
105024 137
105025 436
105026 113
105027 323
105028 287
105029 149
105030 404
105031 201
105032 39
105033 359
105034 155
105035 12
105036 361
105037 48
105038 419
105039 491
105040 411
105041 202
105042 172
105043 213
105044 358
105045 268
105046 146
105047 130
105048 258
105049 12
105050 495
105051 122
105052 271
105053 477
105054 148
105055 335
105056 183
105057 462
105058 27
105059 244
105060 448
105061 230
105062 52
105063 200
105064 301
105065 413
105066 217
105067 309
105068 429
105069 113
105070 269
105071 338
105072 367
105073 25
105074 142
105075 400
105076 162
105077 159
105078 26
105079 407
105080 224
105081 472
105082 3
105083 143
105084 261
105085 158
105086 278
105087 105
105088 282
105089 324
105090 491
105091 191
105092 146
105093 336
105094 236
105095 192
105096 154
105097 164
105098 399
105099 431
105100 362
105101 210
105102 143
105103 315
105104 473
105105 438
105106 457
105107 230
105108 176
105109 228
105110 348
105111 290
105112 56
105113 15
105114 268
105115 406
105116 264
105117 470
105118 118
105119 91
105120 127
105121 61
105122 74
105123 317
105124 449
105125 36
105126 471
105127 120
105128 191
105129 127
105130 96
105131 93
105132 6
105133 475
105134 349
105135 84
105136 417
105137 319
105138 435
105139 303
105140 164
105141 192
105142 284
105143 92
105144 477
105145 276
105146 473
105147 355
105148 259
105149 235
105150 147
105151 34
105152 59
105153 290
105154 120
105155 220
105156 358
105157 47
105158 342
105159 463
105160 441
105161 145
105162 108
105163 403
105164 95
105165 44
105166 123
105167 214
105168 144
105169 44
105170 472
105171 114
105172 340
105173 220
105174 270
105175 168
105176 29
105177 187
105178 403
105179 226
105180 268
105181 440
105182 479
105183 353
105184 265
105185 167
105186 27
105187 151
105188 395
105189 441
105190 385
105191 232
105192 70
105193 270
105194 444
105195 422
105196 225
105197 330
105198 197
105199 302
105200 321
105201 448
105202 427
105203 463
105204 266
105205 179
105206 204
105207 153
105208 385
105209 388
105210 159
105211 245
105212 187
105213 427
105214 468
105215 209
105216 168
105217 471
105218 20
105219 76
105220 67
105221 372
105222 10
105223 490
105224 470
105225 341
105226 395
105227 217
105228 240
105229 257
105230 82
105231 382
105232 287
105233 422
105234 269
105235 429
105236 424
105237 347
105238 147
105239 462
105240 13
105241 437
105242 53
105243 139
105244 365
105245 285
105246 392
105247 177
105248 182
105249 84
105250 281
105251 218
105252 103
105253 115
105254 69
105255 496
105256 10
105257 7
105258 205
105259 92
105260 324
105261 482
105262 365
105263 94
105264 458
105265 153
105266 38
105267 305
105268 198
105269 452
105270 196
105271 491
105272 62
105273 368
105274 163
105275 491
105276 156
105277 307
105278 100
105279 213
105280 167
105281 65
105282 477
105283 277
105284 392
105285 446
105286 247
105287 386
105288 375
105289 47
105290 462
105291 439
105292 178
105293 462
105294 317
105295 335
105296 159
105297 89
105298 273
105299 167
105300 191
105301 388
105302 21
105303 402
105304 150
105305 175
105306 294
105307 258
105308 215
105309 162
105310 47
105311 490
105312 133
105313 173
105314 100
105315 58
105316 451
105317 34
105318 263
105319 431
105320 350
105321 219
105322 374
105323 350
105324 405
105325 267
105326 462
105327 481
105328 188
105329 466
105330 228
105331 390
105332 435
105333 183
105334 161
105335 426
105336 83
105337 305
105338 197
105339 19
105340 471
105341 51
105342 331
105343 254
105344 360
105345 358
105346 496
105347 348
105348 2
105349 26
105350 252
105351 142
105352 333
105353 90
105354 378
105355 16
105356 263
105357 53
105358 403
105359 391
105360 271
105361 73
105362 274
105363 423
105364 141
105365 259
105366 293
105367 327
105368 62
105369 65
105370 376
105371 237
105372 41
105373 125
105374 378
105375 369
105376 314
105377 449
105378 345
105379 314
105380 95
105381 419
105382 133
105383 157
105384 300
105385 217
105386 2
105387 215
105388 490
105389 303
105390 140
105391 284
105392 79
105393 458
105394 271
105395 471
105396 420
105397 107
105398 416
105399 229
105400 204
105401 43
105402 189
105403 412
105404 472
105405 471
105406 143
105407 192
105408 316
105409 443
105410 432
105411 394
105412 304
105413 490
105414 18
105415 383
105416 428
105417 76
105418 413
105419 308
105420 433
105421 417
105422 337
105423 32
105424 160
105425 307
105426 155
105427 85
105428 403
105429 291
105430 435
105431 365
105432 244
105433 415
105434 452
105435 430
105436 383
105437 315
105438 172
105439 338
105440 43
105441 56
105442 451
105443 382
105444 101
105445 0
105446 420
105447 266
105448 19
105449 154
105450 230
105451 128
105452 111
105453 360
105454 288
105455 356
105456 394
105457 100
105458 460
105459 394
105460 296
105461 37
105462 104
105463 330
105464 179
105465 288
105466 250
105467 320
105468 143
105469 265
105470 117
105471 139
105472 210
105473 273
105474 153
105475 430
105476 54
105477 104
105478 420
105479 427
105480 475
105481 440
105482 436
105483 69
105484 443
105485 434
105486 96
105487 400
105488 314
105489 330
105490 66
105491 429
105492 272
105493 390
105494 414
105495 442
105496 396
105497 179
105498 16
105499 63
105500 480
105501 315
105502 55
105503 42
105504 477
105505 20
105506 399
105507 29
105508 360
105509 271
105510 487
105511 31
105512 347
105513 99
105514 69
105515 452
105516 473
105517 341
105518 166
105519 427
105520 279
105521 45
105522 407
105523 118
105524 129
105525 106
105526 457
105527 427
105528 210
105529 404
105530 8
105531 2
105532 2
105533 6
105534 68
105535 307
105536 262
105537 51
105538 134
105539 278
105540 275
105541 356
105542 214
105543 234
105544 22
105545 85
105546 137
105547 299
105548 49
105549 325
105550 44
105551 387
105552 51
105553 311
105554 148
105555 426
105556 322
105557 283
105558 427
105559 345
105560 157
105561 69
105562 351
105563 455
105564 147
105565 155
105566 94
105567 80
105568 296
105569 3
105570 209
105571 271
105572 27
105573 152
105574 152
105575 250
105576 335
105577 370
105578 457
105579 450
105580 301
105581 166
105582 324
105583 319
105584 140
105585 463
105586 200
105587 54
105588 260
105589 297
105590 466
105591 283
105592 489
105593 63
105594 78
105595 35
105596 48
105597 244
105598 322
105599 47
105600 194
105601 459
105602 233
105603 219
105604 457
105605 277
105606 240
105607 243
105608 175
105609 362
105610 424
105611 247
105612 0
105613 446
105614 314
105615 253
105616 179
105617 165
105618 173
105619 69
105620 76
105621 432
105622 287
105623 460
105624 139
105625 377
105626 291
105627 85
105628 246
105629 283
105630 40
105631 142
105632 119
105633 347
105634 361
105635 433
105636 101
105637 201
105638 268
105639 447
105640 392
105641 408
105642 191
105643 222
105644 18
105645 209
105646 226
105647 315
105648 385
105649 158
105650 397
105651 358
105652 101
105653 285
105654 100
105655 231
105656 332
105657 284
105658 11
105659 467
105660 222
105661 246
105662 468
105663 53
105664 171
105665 167
105666 372
105667 2
105668 48
105669 489
105670 361
105671 414
105672 98
105673 53
105674 209
105675 426
105676 24
105677 21
105678 445
105679 188
105680 10
105681 154
105682 245
105683 312
105684 97
105685 382
105686 352
105687 420
105688 434
105689 114
105690 427
105691 284
105692 415
105693 463
105694 480
105695 78
105696 334
105697 320
105698 145
105699 381
105700 96
105701 306
105702 125
105703 22
105704 423
105705 261
105706 166
105707 337
105708 119
105709 60
105710 436
105711 473
105712 64
105713 388
105714 460
105715 344
105716 95
105717 370
105718 23
105719 177
105720 438
105721 309
105722 129
105723 254
105724 180
105725 358
105726 250
105727 129
105728 112
105729 445
105730 31
105731 63
105732 104
105733 102
105734 454
105735 361
105736 19
105737 182
105738 265
105739 391
105740 465
105741 307
105742 299
105743 425
105744 10
105745 477
105746 493
105747 151
105748 382
105749 13
105750 117
105751 162
105752 478
105753 247
105754 185
105755 110
105756 251
105757 393
105758 171
105759 432
105760 332
105761 352
105762 144
105763 349
105764 292
105765 183
105766 147
105767 398
105768 348
105769 456
105770 56
105771 333
105772 224
105773 154
105774 417
105775 190
105776 464
105777 295
105778 128
105779 299
105780 120
105781 400
105782 205
105783 30
105784 16
105785 206
105786 490
105787 128
105788 451
105789 207
105790 168
105791 134
105792 104
105793 357
105794 94
105795 316
105796 285
105797 163
105798 57
105799 325
105800 338
105801 210
105802 421
105803 456
105804 111
105805 145
105806 264
105807 146
105808 69
105809 99
105810 20
105811 395
105812 174
105813 15
105814 67
105815 188
105816 112
105817 171
105818 381
105819 198
105820 394
105821 353
105822 280
105823 141
105824 477
105825 217
105826 406
105827 455
105828 67
105829 254
105830 398
105831 160
105832 123
105833 120
105834 238
105835 419
105836 458
105837 136
105838 156
105839 129
105840 320
105841 227
105842 189
105843 124
105844 388
105845 385
105846 44
105847 262
105848 258
105849 206
105850 217
105851 435
105852 459
105853 481
105854 18
105855 352
105856 194
105857 260
105858 389
105859 469
105860 159
105861 285
105862 337
105863 20
105864 184
105865 463
105866 283
105867 201
105868 51
105869 112
105870 336
105871 352
105872 354
105873 397
105874 409
105875 355
105876 121
105877 302
105878 313
105879 135
105880 260
105881 295
105882 304
105883 141
105884 61
105885 225
105886 335
105887 12
105888 11
105889 416
105890 471
105891 494
105892 219
105893 420
105894 265
105895 310
105896 285
105897 69
105898 117
105899 170
105900 63
105901 421
105902 329
105903 380
105904 152
105905 2
105906 261
105907 402
105908 3
105909 297
105910 411
105911 311
105912 428
105913 224
105914 303
105915 408
105916 419
105917 262
105918 92
105919 368
105920 52
105921 74
105922 80
105923 397
105924 143
105925 16
105926 482
105927 72
105928 260
105929 327
105930 348
105931 318
105932 245
105933 216
105934 429
105935 415
105936 380
105937 29
105938 22
105939 57
105940 100
105941 85
105942 159
105943 72
105944 72
105945 79
105946 210
105947 264
105948 469
105949 126
105950 90
105951 157
105952 302
105953 491
105954 96
105955 79
105956 174
105957 372
105958 315
105959 93
105960 299
105961 367
105962 114
105963 153
105964 7
105965 190
105966 455
105967 252
105968 88
105969 411
105970 178
105971 310
105972 319
105973 30
105974 485
105975 30
105976 79
105977 196
105978 465
105979 35
105980 229
105981 36
105982 158
105983 208
105984 194
105985 493
105986 155
105987 220
105988 233
105989 16
105990 146
105991 58
105992 302
105993 262
105994 477
105995 154
105996 99
105997 36
105998 496
105999 348
106000 214
106001 57
106002 221
106003 169
106004 479
106005 18
106006 11
106007 391
106008 359
106009 401
106010 338
106011 312
106012 328
106013 55
106014 177
106015 335
106016 133
106017 390
106018 351
106019 431
106020 133
106021 156
106022 449
106023 333
106024 320
106025 485
106026 253
106027 350
106028 58
106029 91
106030 340
106031 410
106032 40
106033 82
106034 477
106035 401
106036 241
106037 172
106038 271
106039 39
106040 181
106041 454
106042 173
106043 298
106044 118
106045 420
106046 191
106047 422
106048 10
106049 244
106050 27
106051 12
106052 466
106053 166
106054 119
106055 22
106056 122
106057 254
106058 376
106059 314
106060 418
106061 461
106062 280
106063 193
106064 376
106065 335
106066 37
106067 364
106068 430
106069 310
106070 137
106071 16
106072 290
106073 341
106074 456
106075 5
106076 237
106077 265
106078 49
106079 364
106080 393
106081 440
106082 51
106083 178
106084 408
106085 309
106086 46
106087 167
106088 291
106089 426
106090 414
106091 376
106092 409
106093 68
106094 428
106095 192
106096 399
106097 120
106098 127
106099 474
106100 343
106101 401
106102 348
106103 218
106104 385
106105 40
106106 70
106107 162
106108 48
106109 106
106110 380
106111 220
106112 284
106113 22
106114 194
106115 410
106116 245
106117 65
106118 250
106119 163
106120 246
106121 312
106122 85
106123 253
106124 158
106125 68
106126 125
106127 111
106128 290
106129 205
106130 405
106131 74
106132 41
106133 447
106134 322
106135 359
106136 100
106137 412
106138 232
106139 301
106140 125
106141 360
106142 13
106143 129
106144 153
106145 393
106146 353
106147 246
106148 85
106149 493
106150 227
106151 113
106152 61
106153 486
106154 123
106155 106
106156 45
106157 198
106158 185
106159 142
106160 48
106161 147
106162 443
106163 44
106164 281
106165 223
106166 433
106167 217
106168 179
106169 269
106170 374
106171 472
106172 78
106173 309
106174 303
106175 81
106176 183
106177 46
106178 361
106179 327
106180 466
106181 418
106182 360
106183 346
106184 203
106185 378
106186 40
106187 321
106188 175
106189 65
106190 482
106191 401
106192 101
106193 394
106194 485
106195 61
106196 184
106197 310
106198 235
106199 332
106200 71
106201 343
106202 313
106203 43
106204 426
106205 471
106206 267
106207 333
106208 61
106209 72
106210 489
106211 129
106212 228
106213 381
106214 431
106215 441
106216 378
106217 472
106218 344
106219 9
106220 338
106221 383
106222 162
106223 12
106224 101
106225 314
106226 488
106227 63
106228 235
106229 459
106230 216
106231 264
106232 471
106233 234
106234 78
106235 246
106236 215
106237 453
106238 422
106239 319
106240 349
106241 294
106242 78
106243 434
106244 136
106245 35
106246 72
106247 44
106248 169
106249 4
106250 233
106251 325
106252 476
106253 324
106254 122
106255 265
106256 150
106257 146
106258 229
106259 166
106260 54
106261 401
106262 36
106263 413
106264 180
106265 38
106266 408
106267 456
106268 143
106269 47
106270 228
106271 60
106272 310
106273 485
106274 245
106275 38
106276 301
106277 318
106278 346
106279 87
106280 131
106281 434
106282 267
106283 153
106284 442
106285 475
106286 93
106287 202
106288 455
106289 267
106290 344
106291 183
106292 238
106293 4
106294 122
106295 235
106296 345
106297 240
106298 259
106299 7
106300 55
106301 185
106302 283
106303 127
106304 379
106305 227
106306 119
106307 69
106308 298
106309 355
106310 239
106311 388
106312 83
106313 115
106314 355
106315 449
106316 277
106317 2
106318 415
106319 433
106320 150
106321 347
106322 153
106323 400
106324 193
106325 260
106326 471
106327 188
106328 367
106329 72
106330 94
106331 59
106332 191
106333 32
106334 155
106335 168
106336 310
106337 330
106338 351
106339 335
106340 114
106341 29
106342 407
106343 424
106344 179
106345 317
106346 426
106347 92
106348 166
106349 411
106350 253
106351 87
106352 273
106353 188
106354 445
106355 152
106356 231
106357 421
106358 380
106359 436
106360 309
106361 331
106362 430
106363 210
106364 220
106365 110
106366 486
106367 86
106368 100
106369 31
106370 350
106371 113
106372 460
106373 437
106374 352
106375 370
106376 402
106377 437
106378 59
106379 85
106380 75
106381 479
106382 222
106383 8
106384 421
106385 416
106386 301
106387 100
106388 165
106389 485
106390 171
106391 234
106392 34
106393 174
106394 208
106395 68
106396 74
106397 259
106398 74
106399 151
106400 335
106401 311
106402 121
106403 65
106404 37
106405 455
106406 340
106407 321
106408 467
106409 154
106410 224
106411 343
106412 131
106413 274
106414 315
106415 454
106416 47
106417 177
106418 196
106419 222
106420 79
106421 101
106422 78
106423 23
106424 22
106425 34
106426 281
106427 477
106428 367
106429 471
106430 300
106431 66
106432 46
106433 283
106434 413
106435 402
106436 128
106437 350
106438 310
106439 339
106440 72
106441 432
106442 495
106443 350
106444 140
106445 327
106446 74
106447 215
106448 443
106449 100
106450 475
106451 44
106452 494
106453 430
106454 413
106455 39
106456 446
106457 408
106458 257
106459 200
106460 458
106461 160
106462 390
106463 342
106464 181
106465 57
106466 304
106467 62
106468 280
106469 283
106470 200
106471 307
106472 229
106473 447
106474 100
106475 147
106476 385
106477 34
106478 215
106479 318
106480 444
106481 141
106482 229
106483 362
106484 180
106485 73
106486 351
106487 156
106488 208
106489 53
106490 392
106491 189
106492 460
106493 448
106494 40
106495 398
106496 226
106497 422
106498 497
106499 121
106500 15
106501 122
106502 375
106503 462
106504 63
106505 247
106506 369
106507 74
106508 14
106509 230
106510 148
106511 356
106512 219
106513 214
106514 8
106515 31
106516 176
106517 478
106518 407
106519 435
106520 103
106521 99
106522 91
106523 430
106524 96
106525 270
106526 97
106527 298
106528 309
106529 170
106530 241
106531 382
106532 423
106533 418
106534 490
106535 214
106536 246
106537 5
106538 334
106539 217
106540 244
106541 341
106542 441
106543 312
106544 140
106545 352
106546 52
106547 8
106548 7
106549 447
106550 483
106551 198
106552 211
106553 264
106554 111
106555 46
106556 136
106557 50
106558 426
106559 112
106560 33
106561 254
106562 290
106563 196
106564 248
106565 116
106566 157
106567 259
106568 38
106569 47
106570 366
106571 340
106572 319
106573 10
106574 51
106575 349
106576 232
106577 100
106578 279
106579 182
106580 348
106581 107
106582 464
106583 396
106584 159
106585 127
106586 59
106587 380
106588 227
106589 73
106590 364
106591 332
106592 433
106593 26
106594 32
106595 495
106596 390
106597 54
106598 8
106599 431
106600 243
106601 24
106602 450
106603 87
106604 440
106605 264
106606 325
106607 25
106608 481
106609 31
106610 6
106611 130
106612 329
106613 454
106614 174
106615 309
106616 229
106617 159
106618 42
106619 477
106620 50
106621 400
106622 57
106623 325
106624 79
106625 212
106626 461
106627 87
106628 325
106629 316
106630 308
106631 55
106632 401
106633 16
106634 196
106635 323
106636 256
106637 311
106638 72
106639 186
106640 12
106641 488
106642 150
106643 321
106644 62
106645 397
106646 240
106647 356
106648 402
106649 395
106650 144
106651 23
106652 337
106653 120
106654 189
106655 469
106656 432
106657 148
106658 66
106659 93
106660 358
106661 210
106662 31
106663 433
106664 365
106665 344
106666 211
106667 289
106668 262
106669 265
106670 303
106671 165
106672 167
106673 143
106674 348
106675 122
106676 143
106677 123
106678 290
106679 458
106680 91
106681 204
106682 411
106683 199
106684 39
106685 219
106686 241
106687 286
106688 149
106689 173
106690 290
106691 27
106692 215
106693 268
106694 102
106695 154
106696 176
106697 258
106698 208
106699 87
106700 138
106701 230
106702 473
106703 450
106704 343
106705 171
106706 368
106707 205
106708 222
106709 448
106710 253
106711 487
106712 332
106713 345
106714 467
106715 211
106716 138
106717 82
106718 218
106719 342
106720 415
106721 472
106722 150
106723 292
106724 62
106725 130
106726 425
106727 374
106728 388
106729 355
106730 156
106731 308
106732 178
106733 345
106734 350
106735 279
106736 16
106737 209
106738 144
106739 211
106740 126
106741 305
106742 10
106743 70
106744 198
106745 410
106746 7
106747 173
106748 299
106749 196
106750 219
106751 271
106752 293
106753 147
106754 30
106755 164
106756 448
106757 407
106758 368
106759 433
106760 34
106761 318
106762 422
106763 359
106764 57
106765 243
106766 336
106767 426
106768 175
106769 129
106770 338
106771 227
106772 443
106773 362
106774 149
106775 75
106776 296
106777 263
106778 287
106779 89
106780 365
106781 394
106782 426
106783 128
106784 35
106785 449
106786 347
106787 254
106788 49
106789 254
106790 146
106791 335
106792 81
106793 494
106794 150
106795 454
106796 221
106797 475
106798 8
106799 425
106800 400
106801 138
106802 202
106803 343
106804 463
106805 289
106806 136
106807 272
106808 206
106809 335
106810 409
106811 349
106812 488
106813 224
106814 238
106815 408
106816 307
106817 310
106818 6
106819 178
106820 25
106821 108
106822 16
106823 322
106824 232
106825 388
106826 254
106827 302
106828 358
106829 319
106830 455
106831 140
106832 340
106833 200
106834 385
106835 407
106836 14
106837 94
106838 407
106839 136
106840 110
106841 290
106842 483
106843 283
106844 359
106845 113
106846 57
106847 220
106848 240
106849 337
106850 439
106851 195
106852 2
106853 87
106854 46
106855 122
106856 277
106857 287
106858 66
106859 194
106860 304
106861 157
106862 46
106863 490
106864 395
106865 396
106866 81
106867 206
106868 341
106869 180
106870 481
106871 266
106872 455
106873 437
106874 39
106875 477
106876 73
106877 129
106878 287
106879 410
106880 359
106881 338
106882 275
106883 83
106884 344
106885 294
106886 79
106887 20
106888 10
106889 65
106890 52
106891 29
106892 172
106893 392
106894 141
106895 462
106896 359
106897 16
106898 319
106899 468
106900 207
106901 358
106902 371
106903 229
106904 24
106905 416
106906 426
106907 305
106908 322
106909 317
106910 41
106911 228
106912 312
106913 213
106914 146
106915 46
106916 30
106917 305
106918 207
106919 338
106920 394
106921 160
106922 102
106923 85
106924 94
106925 59
106926 296
106927 311
106928 277
106929 155
106930 117
106931 367
106932 459
106933 164
106934 95
106935 357
106936 272
106937 55
106938 114
106939 446
106940 42
106941 214
106942 17
106943 76
106944 54
106945 471
106946 112
106947 356
106948 152
106949 360
106950 72
106951 61
106952 22
106953 334
106954 57
106955 56
106956 490
106957 53
106958 458
106959 53
106960 151
106961 318
106962 392
106963 332
106964 63
106965 158
106966 258
106967 292
106968 206
106969 16
106970 461
106971 51
106972 265
106973 407
106974 114
106975 470
106976 39
106977 345
106978 193
106979 265
106980 377
106981 443
106982 328
106983 332
106984 236
106985 341
106986 176
106987 126
106988 352
106989 128
106990 245
106991 300
106992 399
106993 111
106994 349
106995 2
106996 361
106997 92
106998 184
106999 376
107000 372
107001 9
107002 106
107003 268
107004 165
107005 349
107006 85
107007 197
107008 300
107009 229
107010 122
107011 476
107012 385
107013 369
107014 187
107015 292
107016 137
107017 206
107018 245
107019 125
107020 306
107021 428
107022 429
107023 65
107024 184
107025 192
107026 118
107027 67
107028 184
107029 225
107030 463
107031 228
107032 150
107033 428
107034 139
107035 219
107036 353
107037 167
107038 418
107039 445
107040 152
107041 192
107042 419
107043 190
107044 380
107045 100
107046 141
107047 304
107048 315
107049 125
107050 98
107051 21
107052 83
107053 160
107054 127
107055 366
107056 424
107057 67
107058 96
107059 435
107060 361
107061 483
107062 15
107063 249
107064 31
107065 149
107066 231
107067 106
107068 464
107069 308
107070 381
107071 432
107072 92
107073 238
107074 50
107075 475
107076 296
107077 110
107078 368
107079 17
107080 304
107081 454
107082 281
107083 221
107084 464
107085 255
107086 236
107087 45
107088 412
107089 252
107090 326
107091 76
107092 143
107093 117
107094 207
107095 217
107096 267
107097 68
107098 317
107099 16
107100 75
107101 45
107102 26
107103 432
107104 156
107105 316
107106 287
107107 266
107108 422
107109 67
107110 262
107111 66
107112 4
107113 43
107114 224
107115 236
107116 74
107117 94
107118 487
107119 404
107120 329
107121 73
107122 28
107123 360
107124 181
107125 158
107126 275
107127 307
107128 133
107129 333
107130 253
107131 108
107132 378
107133 234
107134 284
107135 461
107136 444
107137 207
107138 189
107139 96
107140 147
107141 9
107142 466
107143 24
107144 32
107145 268
107146 324
107147 464
107148 281
107149 14
107150 458
107151 152
107152 121
107153 144
107154 76
107155 149
107156 482
107157 354
107158 409
107159 81
107160 266
107161 90
107162 241
107163 477
107164 270
107165 343
107166 165
107167 404
107168 370
107169 444
107170 10
107171 297
107172 406
107173 172
107174 395
107175 81
107176 454
107177 411
107178 250
107179 79
107180 122
107181 5
107182 165
107183 314
107184 483
107185 34
107186 153
107187 110
107188 166
107189 210
107190 378
107191 168
107192 0
107193 321
107194 90
107195 378
107196 116
107197 444
107198 128
107199 304
107200 69
107201 104
107202 72
107203 372
107204 53
107205 193
107206 23
107207 68
107208 302
107209 80
107210 61
107211 317
107212 276
107213 136
107214 101
107215 133
107216 233
107217 359
107218 355
107219 103
107220 304
107221 374
107222 16
107223 212
107224 179
107225 428
107226 473
107227 319
107228 455
107229 103
107230 103
107231 251
107232 416
107233 382
107234 270
107235 476
107236 297
107237 9
107238 429
107239 424
107240 47
107241 197
107242 166
107243 333
107244 282
107245 309
107246 111
107247 424
107248 404
107249 23
107250 287
107251 184
107252 356
107253 34
107254 379
107255 339
107256 115
107257 227
107258 320
107259 125
107260 214
107261 341
107262 403
107263 300
107264 238
107265 211
107266 47
107267 63
107268 143
107269 297
107270 490
107271 141
107272 451
107273 430
107274 449
107275 361
107276 250
107277 325
107278 277
107279 100
107280 83
107281 21
107282 28
107283 66
107284 475
107285 104
107286 494
107287 247
107288 442
107289 238
107290 410
107291 167
107292 244
107293 127
107294 354
107295 349
107296 18
107297 293
107298 130
107299 294
107300 459
107301 198
107302 159
107303 13
107304 446
107305 113
107306 84
107307 161
107308 447
107309 255
107310 141
107311 454
107312 236
107313 104
107314 181
107315 445
107316 123
107317 480
107318 421
107319 129
107320 89
107321 313
107322 41
107323 347
107324 188
107325 187
107326 35
107327 373
107328 66
107329 43
107330 216
107331 18
107332 475
107333 299
107334 187
107335 30
107336 132
107337 240
107338 52
107339 330
107340 89
107341 64
107342 335
107343 48
107344 388
107345 429
107346 377
107347 360
107348 278
107349 191
107350 177
107351 462
107352 65
107353 472
107354 174
107355 479
107356 179
107357 157
107358 400
107359 293
107360 231
107361 45
107362 475
107363 128
107364 73
107365 166
107366 196
107367 140
107368 74
107369 266
107370 228
107371 191
107372 199
107373 395
107374 386
107375 434
107376 59
107377 78
107378 218
107379 228
107380 228
107381 330
107382 36
107383 36
107384 250
107385 59
107386 406
107387 446
107388 77
107389 188
107390 111
107391 477
107392 226
107393 78
107394 132
107395 28
107396 115
107397 159
107398 239
107399 239
107400 489
107401 232
107402 267
107403 272
107404 162
107405 370
107406 328
107407 212
107408 421
107409 139
107410 180
107411 222
107412 292
107413 411
107414 317
107415 280
107416 176
107417 221
107418 230
107419 282
107420 250
107421 477
107422 55
107423 426
107424 138
107425 186
107426 189
107427 64
107428 338
107429 238
107430 224
107431 252
107432 274
107433 58
107434 392
107435 315
107436 353
107437 478
107438 77
107439 103
107440 333
107441 183
107442 317
107443 35
107444 416
107445 496
107446 274
107447 37
107448 399
107449 181
107450 0
107451 117
107452 85
107453 42
107454 76
107455 54
107456 98
107457 364
107458 266
107459 240
107460 479
107461 386
107462 444
107463 137
107464 259
107465 0
107466 340
107467 9
107468 148
107469 244
107470 42
107471 192
107472 86
107473 197
107474 108
107475 77
107476 281
107477 175
107478 7
107479 456
107480 409
107481 109
107482 226
107483 486
107484 8
107485 88
107486 444
107487 52
107488 195
107489 469
107490 31
107491 395
107492 37
107493 137
107494 27
107495 453
107496 174
107497 330
107498 122
107499 102
107500 155
107501 173
107502 476
107503 249
107504 296
107505 54
107506 300
107507 159
107508 264
107509 6
107510 112
107511 312
107512 352
107513 263
107514 67
107515 390
107516 313
107517 422
107518 176
107519 143
107520 67
107521 6
107522 330
107523 33
107524 313
107525 215
107526 443
107527 218
107528 283
107529 279
107530 78
107531 250
107532 243
107533 350
107534 48
107535 71
107536 149
107537 164
107538 44
107539 465
107540 202
107541 217
107542 422
107543 125
107544 226
107545 32
107546 62
107547 62
107548 322
107549 15
107550 331
107551 192
107552 90
107553 416
107554 85
107555 415
107556 180
107557 282
107558 386
107559 276
107560 454
107561 205
107562 369
107563 22
107564 72
107565 398
107566 418
107567 421
107568 445
107569 335
107570 321
107571 229
107572 158
107573 445
107574 219
107575 80
107576 363
107577 369
107578 259
107579 19
107580 171
107581 127
107582 32
107583 162
107584 372
107585 32
107586 377
107587 273
107588 361
107589 126
107590 100
107591 0
107592 135
107593 100
107594 189
107595 256
107596 143
107597 320
107598 345
107599 361
107600 56
107601 66
107602 44
107603 265
107604 154
107605 128
107606 261
107607 411
107608 310
107609 373
107610 114
107611 460
107612 246
107613 117
107614 337
107615 191
107616 90
107617 336
107618 302
107619 181
107620 373
107621 449
107622 477
107623 443
107624 284
107625 359
107626 384
107627 247
107628 338
107629 319
107630 83
107631 409
107632 81
107633 421
107634 422
107635 69
107636 146
107637 462
107638 65
107639 189
107640 283
107641 126
107642 274
107643 273
107644 452
107645 295
107646 244
107647 162
107648 62
107649 385
107650 288
107651 439
107652 31
107653 493
107654 187
107655 288
107656 467
107657 201
107658 165
107659 36
107660 440
107661 364
107662 291
107663 349
107664 179
107665 382
107666 51
107667 133
107668 363
107669 487
107670 99
107671 325
107672 194
107673 301
107674 87
107675 111
107676 307
107677 425
107678 146
107679 293
107680 215
107681 335
107682 320
107683 257
107684 446
107685 64
107686 283
107687 277
107688 92
107689 190
107690 267
107691 175
107692 76
107693 112
107694 155
107695 50
107696 208
107697 410
107698 80
107699 251
107700 37
107701 376
107702 93
107703 215
107704 81
107705 158
107706 248
107707 179
107708 38
107709 50
107710 90
107711 194
107712 363
107713 328
107714 175
107715 408
107716 379
107717 251
107718 454
107719 219
107720 433
107721 486
107722 483
107723 317
107724 135
107725 84
107726 193
107727 132
107728 362
107729 334
107730 406
107731 326
107732 380
107733 270
107734 288
107735 103
107736 167
107737 393
107738 129
107739 317
107740 467
107741 325
107742 487
107743 107
107744 238
107745 457
107746 50
107747 189
107748 248
107749 145
107750 423
107751 455
107752 70
107753 37
107754 350
107755 5
107756 204
107757 96
107758 27
107759 199
107760 201
107761 180
107762 365
107763 351
107764 343
107765 51
107766 158
107767 380
107768 94
107769 496
107770 474
107771 380
107772 334
107773 331
107774 182
107775 33
107776 371
107777 291
107778 25
107779 211
107780 236
107781 69
107782 316
107783 16
107784 300
107785 145
107786 364
107787 244
107788 239
107789 229
107790 417
107791 494
107792 8
107793 311
107794 26
107795 24
107796 356
107797 312
107798 341
107799 327
107800 451
107801 271
107802 409
107803 91
107804 164
107805 103
107806 151
107807 343
107808 234
107809 0
107810 1
107811 159
107812 349
107813 80
107814 169
107815 121
107816 301
107817 129
107818 494
107819 180
107820 13
107821 221
107822 496
107823 96
107824 113
107825 22
107826 451
107827 472
107828 89
107829 332
107830 427
107831 60
107832 143
107833 438
107834 331
107835 392
107836 343
107837 184
107838 379
107839 465
107840 126
107841 83
107842 410
107843 486
107844 9
107845 450
107846 330
107847 437
107848 78
107849 26
107850 166
107851 375
107852 94
107853 63
107854 48
107855 29
107856 450
107857 205
107858 357
107859 132
107860 44
107861 94
107862 462
107863 399
107864 446
107865 188
107866 459
107867 314
107868 9
107869 259
107870 304
107871 442
107872 466
107873 482
107874 202
107875 258
107876 465
107877 146
107878 425
107879 195
107880 127
107881 171
107882 495
107883 145
107884 277
107885 483
107886 466
107887 411
107888 452
107889 41
107890 184
107891 213
107892 252
107893 486
107894 290
107895 326
107896 325
107897 3
107898 488
107899 156
107900 435
107901 111
107902 197
107903 309
107904 323
107905 256
107906 167
107907 87
107908 418
107909 206
107910 101
107911 137
107912 449
107913 426
107914 303
107915 41
107916 340
107917 359
107918 122
107919 215
107920 192
107921 218
107922 411
107923 75
107924 46
107925 117
107926 293
107927 489
107928 270
107929 427
107930 466
107931 98
107932 206
107933 310
107934 424
107935 327
107936 229
107937 193
107938 97
107939 272
107940 344
107941 332
107942 48
107943 226
107944 329
107945 451
107946 306
107947 263
107948 192
107949 259
107950 366
107951 488
107952 374
107953 170
107954 1
107955 270
107956 308
107957 485
107958 21
107959 185
107960 417
107961 215
107962 219
107963 94
107964 417
107965 80
107966 198
107967 455
107968 130
107969 445
107970 222
107971 134
107972 145
107973 71
107974 493
107975 233
107976 136
107977 160
107978 176
107979 188
107980 306
107981 479
107982 487
107983 216
107984 103
107985 48
107986 40
107987 191
107988 278
107989 154
107990 46
107991 235
107992 399
107993 133
107994 447
107995 344
107996 103
107997 54
107998 66
107999 74
108000 289
108001 27
108002 4
108003 389
108004 94
108005 140
108006 359
108007 145
108008 449
108009 447
108010 430
108011 90
108012 243
108013 57
108014 250
108015 184
108016 177
108017 116
108018 140
108019 239
108020 164
108021 114
108022 161
108023 277
108024 131
108025 98
108026 120
108027 100
108028 100
108029 188
108030 159
108031 151
108032 295
108033 407
108034 28
108035 61
108036 302
108037 275
108038 166
108039 146
108040 330
108041 164
108042 329
108043 32
108044 436
108045 333
108046 487
108047 53
108048 321
108049 299
108050 74
108051 236
108052 434
108053 116
108054 331
108055 25
108056 442
108057 45
108058 27
108059 339
108060 445
108061 297
108062 399
108063 141
108064 425
108065 342
108066 134
108067 119
108068 14
108069 136
108070 131
108071 359
108072 220
108073 68
108074 133
108075 478
108076 272
108077 200
108078 481
108079 161
108080 299
108081 184
108082 245
108083 46
108084 290
108085 347
108086 252
108087 370
108088 181
108089 160
108090 349
108091 370
108092 437
108093 310
108094 312
108095 424
108096 425
108097 138
108098 347
108099 407
108100 57
108101 164
108102 285
108103 40
108104 200
108105 42
108106 205
108107 430
108108 267
108109 222
108110 303
108111 471
108112 467
108113 209
108114 319
108115 175
108116 349
108117 12
108118 89
108119 137
108120 414
108121 347
108122 84
108123 244
108124 164
108125 120
108126 16
108127 228
108128 250
108129 143
108130 294
108131 134
108132 145
108133 70
108134 318
108135 61
108136 65
108137 33
108138 179
108139 430
108140 424
108141 263
108142 469
108143 56
108144 384
108145 296
108146 1
108147 41
108148 496
108149 434
108150 339
108151 297
108152 453
108153 123
108154 240
108155 160
108156 196
108157 87
108158 261
108159 87
108160 443
108161 124
108162 38
108163 47
108164 442
108165 333
108166 327
108167 132
108168 429
108169 324
108170 472
108171 439
108172 133
108173 262
108174 414
108175 92
108176 371
108177 371
108178 382
108179 202
108180 405
108181 171
108182 388
108183 361
108184 203
108185 422
108186 127
108187 64
108188 340
108189 366
108190 184
108191 412
108192 168
108193 8
108194 18
108195 413
108196 169
108197 399
108198 268
108199 451
108200 95
108201 211
108202 217
108203 359
108204 418
108205 9
108206 115
108207 156
108208 166
108209 12
108210 359
108211 487
108212 328
108213 382
108214 70
108215 337
108216 203
108217 92
108218 300
108219 300
108220 385
108221 80
108222 332
108223 188
108224 8
108225 201
108226 169
108227 330
108228 329
108229 50
108230 66
108231 112
108232 60
108233 489
108234 281
108235 334
108236 174
108237 305
108238 64
108239 20
108240 439
108241 401
108242 366
108243 166
108244 183
108245 254
108246 68
108247 497
108248 216
108249 313
108250 185
108251 421
108252 192
108253 22
108254 369
108255 334
108256 331
108257 66
108258 28
108259 174
108260 107
108261 98
108262 358
108263 267
108264 404
108265 282
108266 45
108267 188
108268 430
108269 426
108270 418
108271 358
108272 381
108273 93
108274 278
108275 72
108276 192
108277 386
108278 78
108279 379
108280 180
108281 161
108282 229
108283 96
108284 490
108285 66
108286 344
108287 69
108288 376
108289 299
108290 131
108291 411
108292 275
108293 17
108294 157
108295 166
108296 436
108297 375
108298 42
108299 19
108300 29
108301 286
108302 201
108303 429
108304 485
108305 65
108306 158
108307 147
108308 106
108309 481
108310 400
108311 26
108312 458
108313 10
108314 371
108315 183
108316 63
108317 193
108318 193
108319 208
108320 421
108321 438
108322 470
108323 356
108324 444
108325 354
108326 20
108327 70
108328 399
108329 318
108330 177
108331 441
108332 60
108333 273
108334 441
108335 121
108336 448
108337 1
108338 191
108339 138
108340 280
108341 151
108342 172
108343 23
108344 43
108345 136
108346 161
108347 65
108348 256
108349 278
108350 456
108351 380
108352 278
108353 6
108354 199
108355 489
108356 123
108357 89
108358 405
108359 116
108360 10
108361 268
108362 239
108363 263
108364 202
108365 375
108366 341
108367 420
108368 306
108369 82
108370 355
108371 105
108372 375
108373 194
108374 259
108375 472
108376 72
108377 235
108378 260
108379 316
108380 191
108381 2
108382 377
108383 435
108384 456
108385 224
108386 14
108387 89
108388 80
108389 159
108390 240
108391 183
108392 249
108393 337
108394 22
108395 457
108396 200
108397 407
108398 202
108399 446
108400 309
108401 307
108402 224
108403 314
108404 215
108405 189
108406 188
108407 436
108408 440
108409 373
108410 328
108411 201
108412 91
108413 95
108414 66
108415 218
108416 73
108417 359
108418 162
108419 77
108420 112
108421 48
108422 20
108423 484
108424 28
108425 432
108426 64
108427 127
108428 292
108429 142
108430 189
108431 157
108432 93
108433 469
108434 384
108435 358
108436 229
108437 80
108438 455
108439 97
108440 356
108441 214
108442 68
108443 44
108444 71
108445 444
108446 475
108447 43
108448 300
108449 154
108450 487
108451 251
108452 404
108453 121
108454 418
108455 462
108456 51
108457 160
108458 40
108459 237
108460 324
108461 433
108462 446
108463 411
108464 36
108465 270
108466 390
108467 289
108468 94
108469 442
108470 160
108471 5
108472 23
108473 94
108474 59
108475 329
108476 314
108477 29
108478 157
108479 89
108480 212
108481 68
108482 167
108483 433
108484 218
108485 430
108486 123
108487 267
108488 405
108489 168
108490 18
108491 53
108492 369
108493 81
108494 275
108495 449
108496 1
108497 241
108498 350
108499 332
108500 2
108501 237
108502 159
108503 212
108504 205
108505 365
108506 399
108507 14
108508 487
108509 230
108510 267
108511 286
108512 82
108513 265
108514 376
108515 195
108516 88
108517 94
108518 156
108519 1
108520 23
108521 479
108522 196
108523 238
108524 292
108525 250
108526 332
108527 456
108528 385
108529 25
108530 281
108531 399
108532 156
108533 358
108534 288
108535 445
108536 387
108537 473
108538 168
108539 469
108540 121
108541 382
108542 465
108543 360
108544 403
108545 254
108546 49
108547 93
108548 252
108549 310
108550 75
108551 247
108552 162
108553 413
108554 243
108555 114
108556 104
108557 299
108558 204
108559 397
108560 289
108561 126
108562 36
108563 471
108564 114
108565 410
108566 206
108567 426
108568 356
108569 145
108570 12
108571 6
108572 123
108573 205
108574 270
108575 220
108576 452
108577 39
108578 39
108579 379
108580 0
108581 226
108582 50
108583 253
108584 279
108585 24
108586 212
108587 165
108588 46
108589 150
108590 411
108591 4
108592 170
108593 238
108594 153
108595 161
108596 68
108597 316
108598 167
108599 477
108600 49
108601 488
108602 136
108603 305
108604 291
108605 381
108606 291
108607 106
108608 87
108609 316
108610 331
108611 381
108612 422
108613 156
108614 463
108615 494
108616 223
108617 136
108618 401
108619 216
108620 465
108621 289
108622 485
108623 429
108624 96
108625 232
108626 487
108627 353
108628 417
108629 318
108630 324
108631 41
108632 359
108633 270
108634 457
108635 483
108636 123
108637 416
108638 215
108639 77
108640 204
108641 449
108642 63
108643 199
108644 450
108645 203
108646 41
108647 179
108648 448
108649 198
108650 157
108651 319
108652 92
108653 92
108654 66
108655 96
108656 266
108657 144
108658 432
108659 363
108660 187
108661 107
108662 245
108663 405
108664 53
108665 190
108666 270
108667 26
108668 458
108669 308
108670 326
108671 28
108672 226
108673 246
108674 396
108675 383
108676 87
108677 290
108678 55
108679 348
108680 54
108681 485
108682 58
108683 438
108684 286
108685 244
108686 139
108687 70
108688 413
108689 288
108690 100
108691 353
108692 320
108693 411
108694 193
108695 403
108696 17
108697 200
108698 403
108699 108
108700 185
108701 73
108702 47
108703 279
108704 126
108705 348
108706 315
108707 175
108708 487
108709 433
108710 381
108711 72
108712 474
108713 34
108714 104
108715 10
108716 148
108717 225
108718 166
108719 142
108720 58
108721 344
108722 382
108723 38
108724 209
108725 126
108726 117
108727 333
108728 363
108729 30
108730 67
108731 97
108732 233
108733 390
108734 473
108735 15
108736 259
108737 94
108738 496
108739 460
108740 65
108741 125
108742 38
108743 359
108744 209
108745 366
108746 247
108747 150
108748 278
108749 20
108750 68
108751 313
108752 266
108753 393
108754 382
108755 168
108756 336
108757 138
108758 317
108759 172
108760 118
108761 77
108762 324
108763 160
108764 61
108765 239
108766 163
108767 331
108768 89
108769 382
108770 6
108771 400
108772 252
108773 367
108774 336
108775 359
108776 376
108777 305
108778 412
108779 370
108780 121
108781 440
108782 97
108783 141
108784 357
108785 92
108786 89
108787 97
108788 152
108789 82
108790 196
108791 474
108792 132
108793 354
108794 26
108795 113
108796 422
108797 202
108798 52
108799 377
108800 155
108801 424
108802 97
108803 277
108804 57
108805 332
108806 107
108807 125
108808 203
108809 475
108810 200
108811 232
108812 142
108813 75
108814 357
108815 461
108816 169
108817 296
108818 409
108819 60
108820 381
108821 182
108822 166
108823 46
108824 12
108825 168
108826 248
108827 157
108828 461
108829 170
108830 194
108831 198
108832 273
108833 240
108834 465
108835 261
108836 274
108837 36
108838 49
108839 43
108840 241
108841 337
108842 473
108843 262
108844 195
108845 154
108846 364
108847 1
108848 461
108849 409
108850 413
108851 248
108852 489
108853 60
108854 258
108855 57
108856 9
108857 48
108858 424
108859 210
108860 298
108861 10
108862 443
108863 431
108864 370
108865 494
108866 151
108867 171
108868 19
108869 48
108870 447
108871 290
108872 56
108873 162
108874 388
108875 15
108876 273
108877 118
108878 390
108879 171
108880 356
108881 324
108882 397
108883 92
108884 292
108885 468
108886 443
108887 400
108888 277
108889 463
108890 326
108891 284
108892 422
108893 128
108894 60
108895 178
108896 282
108897 463
108898 344
108899 150
108900 237
108901 74
108902 140
108903 300
108904 258
108905 74
108906 98
108907 400
108908 413
108909 21
108910 191
108911 92
108912 81
108913 168
108914 388
108915 220
108916 401
108917 316
108918 256
108919 65
108920 14
108921 60
108922 412
108923 305
108924 31
108925 444
108926 475
108927 351
108928 287
108929 200
108930 329
108931 135
108932 87
108933 325
108934 400
108935 65
108936 32
108937 332
108938 185
108939 297
108940 301
108941 209
108942 309
108943 385
108944 381
108945 318
108946 463
108947 398
108948 27
108949 108
108950 52
108951 283
108952 458
108953 373
108954 451
108955 2
108956 422
108957 34
108958 86
108959 496
108960 377
108961 131
108962 75
108963 6
108964 174
108965 280
108966 333
108967 119
108968 493
108969 330
108970 287
108971 467
108972 480
108973 143
108974 261
108975 94
108976 461
108977 286
108978 410
108979 364
108980 228
108981 165
108982 303
108983 292
108984 145
108985 368
108986 24
108987 139
108988 240
108989 322
108990 490
108991 325
108992 195
108993 489
108994 30
108995 59
108996 177
108997 456
108998 329
108999 491
109000 357
109001 425
109002 344
109003 441
109004 479
109005 399
109006 34
109007 120
109008 150
109009 214
109010 489
109011 49
109012 65
109013 231
109014 16
109015 171
109016 212
109017 72
109018 356
109019 24
109020 439
109021 458
109022 228
109023 408
109024 63
109025 147
109026 22
109027 328
109028 303
109029 135
109030 70
109031 363
109032 483
109033 198
109034 250
109035 423
109036 38
109037 269
109038 234
109039 364
109040 208
109041 69
109042 282
109043 424
109044 92
109045 371
109046 306
109047 83
109048 130
109049 153
109050 179
109051 295
109052 17
109053 353
109054 32
109055 233
109056 393
109057 144
109058 261
109059 188
109060 142
109061 300
109062 461
109063 343
109064 108
109065 166
109066 231
109067 232
109068 433
109069 352
109070 21
109071 93
109072 387
109073 290
109074 234
109075 107
109076 306
109077 475
109078 61
109079 267
109080 190
109081 153
109082 346
109083 359
109084 419
109085 128
109086 241
109087 396
109088 170
109089 262
109090 294
109091 52
109092 430
109093 287
109094 218
109095 338
109096 327
109097 339
109098 59
109099 259
109100 482
109101 31
109102 231
109103 366
109104 491
109105 246
109106 309
109107 443
109108 363
109109 371
109110 444
109111 472
109112 198
109113 262
109114 333
109115 357
109116 0
109117 317
109118 318
109119 109
109120 333
109121 77
109122 182
109123 21
109124 478
109125 115
109126 114
109127 8
109128 464
109129 86
109130 75
109131 47
109132 331
109133 301
109134 42
109135 250
109136 53
109137 410
109138 15
109139 152
109140 43
109141 265
109142 177
109143 147
109144 91
109145 61
109146 464
109147 24
109148 233
109149 357
109150 175
109151 234
109152 163
109153 245
109154 438
109155 114
109156 65
109157 61
109158 360
109159 221
109160 470
109161 183
109162 28
109163 395
109164 35
109165 137
109166 331
109167 268
109168 222
109169 157
109170 428
109171 116
109172 368
109173 456
109174 60
109175 331
109176 19
109177 230
109178 120
109179 466
109180 309
109181 110
109182 65
109183 444
109184 152
109185 472
109186 59
109187 457
109188 7
109189 448
109190 441
109191 159
109192 218
109193 135
109194 408
109195 146
109196 433
109197 386
109198 445
109199 168
109200 420
109201 159
109202 244
109203 246
109204 352
109205 233
109206 425
109207 445
109208 173
109209 136
109210 108
109211 339
109212 272
109213 93
109214 472
109215 413
109216 200
109217 475
109218 48
109219 209
109220 465
109221 462
109222 278
109223 353
109224 416
109225 156
109226 54
109227 110
109228 87
109229 241
109230 186
109231 39
109232 292
109233 458
109234 478
109235 97
109236 427
109237 244
109238 105
109239 202
109240 90
109241 44
109242 79
109243 124
109244 321
109245 406
109246 108
109247 424
109248 392
109249 206
109250 65
109251 422
109252 22
109253 412
109254 319
109255 67
109256 464
109257 241
109258 137
109259 163
109260 122
109261 375
109262 434
109263 67
109264 132
109265 105
109266 341
109267 446
109268 149
109269 322
109270 207
109271 152
109272 342
109273 272
109274 116
109275 446
109276 448
109277 399
109278 373
109279 199
109280 194
109281 488
109282 152
109283 410
109284 270
109285 139
109286 252
109287 38
109288 349
109289 420
109290 140
109291 73
109292 165
109293 369
109294 269
109295 473
109296 180
109297 169
109298 169
109299 237
109300 139
109301 58
109302 363
109303 380
109304 159
109305 3
109306 61
109307 26
109308 382
109309 370
109310 139
109311 344
109312 183
109313 266
109314 58
109315 189
109316 427
109317 207
109318 338
109319 181
109320 310
109321 257
109322 272
109323 54
109324 196
109325 205
109326 340
109327 106
109328 398
109329 260
109330 14
109331 199
109332 105
109333 161
109334 140
109335 438
109336 251
109337 478
109338 212
109339 240
109340 235
109341 11
109342 5
109343 285
109344 469
109345 47
109346 164
109347 48
109348 158
109349 33
109350 487
109351 288
109352 40
109353 266
109354 223
109355 170
109356 419
109357 4
109358 267
109359 24
109360 418
109361 227
109362 124
109363 150
109364 420
109365 417
109366 281
109367 451
109368 360
109369 437
109370 187
109371 314
109372 461
109373 241
109374 399
109375 308
109376 381
109377 478
109378 151
109379 86
109380 320
109381 119
109382 118
109383 237
109384 244
109385 91
109386 31
109387 175
109388 387
109389 294
109390 326
109391 30
109392 36
109393 82
109394 157
109395 190
109396 185
109397 483
109398 68
109399 256
109400 130
109401 130
109402 96
109403 244
109404 392
109405 221
109406 102
109407 180
109408 216
109409 81
109410 27
109411 307
109412 319
109413 168
109414 384
109415 305
109416 379
109417 365
109418 205
109419 10
109420 399
109421 225
109422 134
109423 435
109424 171
109425 54
109426 428
109427 494
109428 431
109429 320
109430 157
109431 347
109432 158
109433 21
109434 206
109435 166
109436 23
109437 147
109438 100
109439 162
109440 240
109441 311
109442 451
109443 271
109444 471
109445 182
109446 356
109447 403
109448 169
109449 280
109450 258
109451 386
109452 420
109453 286
109454 39
109455 422
109456 372
109457 425
109458 69
109459 155
109460 68
109461 433
109462 238
109463 244
109464 347
109465 347
109466 281
109467 260
109468 228
109469 326
109470 135
109471 223
109472 417
109473 24
109474 346
109475 238
109476 368
109477 401
109478 412
109479 313
109480 129
109481 164
109482 401
109483 339
109484 344
109485 121
109486 241
109487 168
109488 36
109489 459
109490 222
109491 53
109492 479
109493 200
109494 397
109495 222
109496 257
109497 253
109498 31
109499 409
109500 449
109501 252
109502 87
109503 165
109504 307
109505 12
109506 332
109507 221
109508 164
109509 348
109510 456
109511 99
109512 306
109513 377
109514 289
109515 134
109516 50
109517 12
109518 326
109519 169
109520 179
109521 211
109522 62
109523 486
109524 485
109525 438
109526 352
109527 459
109528 310
109529 188
109530 348
109531 330
109532 317
109533 61
109534 20
109535 52
109536 322
109537 215
109538 469
109539 58
109540 477
109541 422
109542 427
109543 366
109544 447
109545 280
109546 491
109547 158
109548 9
109549 2
109550 30
109551 174
109552 424
109553 172
109554 19
109555 158
109556 404
109557 76
109558 43
109559 149
109560 383
109561 366
109562 270
109563 52
109564 61
109565 297
109566 461
109567 345
109568 422
109569 402
109570 222
109571 58
109572 198
109573 221
109574 331
109575 194
109576 279
109577 66
109578 468
109579 236
109580 457
109581 470
109582 146
109583 153
109584 326
109585 152
109586 14
109587 159
109588 377
109589 30
109590 322
109591 143
109592 175
109593 478
109594 402
109595 355
109596 45
109597 391
109598 186
109599 303
109600 352
109601 324
109602 358
109603 162
109604 277
109605 234
109606 1
109607 3
109608 224
109609 419
109610 428
109611 236
109612 16
109613 159
109614 215
109615 269
109616 415
109617 131
109618 142
109619 97
109620 233
109621 309
109622 30
109623 37
109624 350
109625 486
109626 69
109627 428
109628 495
109629 427
109630 408
109631 143
109632 458
109633 401
109634 175
109635 136
109636 110
109637 123
109638 374
109639 108
109640 190
109641 143
109642 338
109643 175
109644 205
109645 101
109646 263
109647 466
109648 432
109649 122
109650 174
109651 493
109652 382
109653 494
109654 216
109655 55
109656 12
109657 150
109658 220
109659 355
109660 119
109661 476
109662 315
109663 300
109664 410
109665 431
109666 380
109667 377
109668 155
109669 80
109670 82
109671 312
109672 26
109673 387
109674 416
109675 198
109676 379
109677 313
109678 406
109679 456
109680 201
109681 117
109682 334
109683 296
109684 169
109685 5
109686 56
109687 86
109688 347
109689 125
109690 285
109691 6
109692 154
109693 37
109694 63
109695 352
109696 362
109697 484
109698 486
109699 354
109700 80
109701 278
109702 7
109703 348
109704 146
109705 143
109706 108
109707 322
109708 102
109709 306
109710 19
109711 402
109712 202
109713 63
109714 239
109715 196
109716 402
109717 338
109718 265
109719 231
109720 28
109721 435
109722 415
109723 324
109724 449
109725 407
109726 348
109727 24
109728 216
109729 414
109730 358
109731 318
109732 421
109733 383
109734 164
109735 450
109736 96
109737 11
109738 461
109739 396
109740 79
109741 114
109742 293
109743 248
109744 131
109745 308
109746 191
109747 246
109748 317
109749 228
109750 87
109751 375
109752 62
109753 420
109754 312
109755 91
109756 310
109757 126
109758 193
109759 488
109760 243
109761 106
109762 353
109763 376
109764 273
109765 84
109766 130
109767 475
109768 389
109769 414
109770 199
109771 215
109772 271
109773 129
109774 191
109775 279
109776 155
109777 218
109778 146
109779 461
109780 170
109781 394
109782 323
109783 204
109784 1
109785 158
109786 484
109787 262
109788 319
109789 177
109790 251
109791 134
109792 64
109793 279
109794 192
109795 263
109796 196
109797 487
109798 388
109799 162
109800 468
109801 32
109802 327
109803 357
109804 233
109805 378
109806 142
109807 150
109808 288
109809 389
109810 65
109811 177
109812 36
109813 31
109814 10
109815 348
109816 41
109817 260
109818 413
109819 466
109820 155
109821 219
109822 25
109823 423
109824 220
109825 95
109826 187
109827 111
109828 225
109829 247
109830 107
109831 488
109832 58
109833 185
109834 68
109835 268
109836 174
109837 131
109838 178
109839 231
109840 185
109841 335
109842 8
109843 53
109844 313
109845 95
109846 476
109847 448
109848 101
109849 431
109850 386
109851 220
109852 208
109853 396
109854 327
109855 425
109856 408
109857 355
109858 125
109859 467
109860 332
109861 183
109862 46
109863 290
109864 323
109865 483
109866 458
109867 240
109868 109
109869 456
109870 32
109871 494
109872 449
109873 344
109874 107
109875 71
109876 42
109877 363
109878 380
109879 189
109880 379
109881 223
109882 328
109883 77
109884 475
109885 390
109886 480
109887 35
109888 232
109889 285
109890 477
109891 317
109892 2
109893 455
109894 463
109895 102
109896 2
109897 384
109898 256
109899 467
109900 252
109901 66
109902 418
109903 425
109904 186
109905 261
109906 146
109907 313
109908 245
109909 63
109910 1
109911 216
109912 90
109913 163
109914 55
109915 480
109916 436
109917 344
109918 291
109919 181
109920 131
109921 61
109922 152
109923 372
109924 13
109925 438
109926 33
109927 311
109928 394
109929 406
109930 218
109931 169
109932 333
109933 374
109934 488
109935 398
109936 245
109937 44
109938 351
109939 290
109940 45
109941 449
109942 361
109943 223
109944 426
109945 452
109946 386
109947 145
109948 189
109949 161
109950 469
109951 440
109952 307
109953 163
109954 154
109955 157
109956 122
109957 371
109958 111
109959 10
109960 407
109961 382
109962 156
109963 337
109964 486
109965 114
109966 275
109967 4
109968 250
109969 26
109970 123
109971 470
109972 112
109973 311
109974 55
109975 193
109976 248
109977 199
109978 377
109979 425
109980 128
109981 313
109982 376
109983 215
109984 333
109985 166
109986 281
109987 369
109988 405
109989 113
109990 65
109991 447
109992 428
109993 189
109994 3
109995 31
109996 236
109997 135
109998 451
109999 384
110000 304
110001 441
110002 209
110003 156
110004 28
110005 20
110006 340
110007 99
110008 199
110009 150
110010 180
110011 292
110012 205
110013 275
110014 437
110015 316
110016 407
110017 475
110018 466
110019 87
110020 222
110021 493
110022 379
110023 39
110024 412
110025 307
110026 168
110027 19
110028 171
110029 356
110030 188
110031 0
110032 173
110033 166
110034 265
110035 392
110036 335
110037 236
110038 19
110039 487
110040 453
110041 78
110042 50
110043 387
110044 303
110045 447
110046 51
110047 379
110048 108
110049 467
110050 449
110051 100
110052 292
110053 223
110054 379
110055 354
110056 117
110057 12
110058 378
110059 71
110060 382
110061 2
110062 84
110063 236
110064 74
110065 52
110066 284
110067 46
110068 323
110069 144
110070 255
110071 363
110072 68
110073 34
110074 412
110075 116
110076 338
110077 459
110078 480
110079 181
110080 486
110081 177
110082 17
110083 155
110084 279
110085 268
110086 377
110087 175
110088 212
110089 27
110090 415
110091 472
110092 473
110093 93
110094 279
110095 189
110096 194
110097 43
110098 221
110099 91
110100 239
110101 457
110102 338
110103 463
110104 256
110105 428
110106 280
110107 231
110108 49
110109 41
110110 233
110111 378
110112 184
110113 111
110114 88
110115 46
110116 36
110117 331
110118 343
110119 288
110120 309
110121 156
110122 58
110123 343
110124 282
110125 195
110126 356
110127 92
110128 366
110129 420
110130 124
110131 384
110132 52
110133 44
110134 99
110135 282
110136 282
110137 11
110138 122
110139 316
110140 98
110141 96
110142 363
110143 86
110144 309
110145 383
110146 89
110147 42
110148 443
110149 252
110150 32
110151 20
110152 302
110153 212
110154 152
110155 53
110156 113
110157 135
110158 197
110159 469
110160 425
110161 442
110162 8
110163 450
110164 49
110165 347
110166 382
110167 266
110168 388
110169 361
110170 245
110171 441
110172 59
110173 5
110174 372
110175 106
110176 60
110177 298
110178 407
110179 360
110180 70
110181 426
110182 363
110183 108
110184 406
110185 395
110186 96
110187 474
110188 167
110189 427
110190 40
110191 161
110192 76
110193 455
110194 15
110195 201
110196 95
110197 399
110198 97
110199 104
110200 79
110201 349
110202 225
110203 434
110204 209
110205 9
110206 348
110207 477
110208 123
110209 353
110210 49
110211 30
110212 77
110213 376
110214 428
110215 393
110216 338
110217 494
110218 180
110219 460
110220 288
110221 298
110222 295
110223 207
110224 28
110225 319
110226 473
110227 169
110228 308
110229 292
110230 322
110231 443
110232 200
110233 362
110234 442
110235 290
110236 129
110237 320
110238 183
110239 171
110240 240
110241 261
110242 478
110243 188
110244 239
110245 265
110246 199
110247 265
110248 280
110249 14
110250 82
110251 288
110252 452
110253 358
110254 370
110255 460
110256 425
110257 219
110258 415
110259 207
110260 392
110261 424
110262 293
110263 387
110264 131
110265 220
110266 482
110267 161
110268 185
110269 385
110270 286
110271 232
110272 37
110273 299
110274 369
110275 179
110276 131
110277 333
110278 29
110279 268
110280 250
110281 142
110282 15
110283 322
110284 228
110285 192
110286 226
110287 165
110288 50
110289 157
110290 76
110291 405
110292 194
110293 444
110294 4
110295 453
110296 20
110297 217
110298 302
110299 71
110300 19
110301 2
110302 281
110303 81
110304 443
110305 465
110306 85
110307 85
110308 330
110309 265
110310 490
110311 268
110312 280
110313 464
110314 99
110315 379
110316 375
110317 95
110318 324
110319 266
110320 447
110321 46
110322 240
110323 37
110324 313
110325 451
110326 333
110327 165
110328 222
110329 478
110330 304
110331 196
110332 96
110333 330
110334 22
110335 450
110336 254
110337 199
110338 77
110339 94
110340 274
110341 336
110342 315
110343 20
110344 362
110345 175
110346 314
110347 156
110348 2
110349 330
110350 98
110351 365
110352 221
110353 487
110354 179
110355 448
110356 390
110357 434
110358 150
110359 346
110360 176
110361 487
110362 127
110363 10
110364 130
110365 405
110366 99
110367 179
110368 371
110369 270
110370 399
110371 208
110372 237
110373 203
110374 46
110375 15
110376 404
110377 90
110378 297
110379 162
110380 481
110381 331
110382 296
110383 307
110384 419
110385 341
110386 147
110387 175
110388 289
110389 163
110390 320
110391 130
110392 207
110393 101
110394 385
110395 482
110396 458
110397 250
110398 260
110399 342
110400 11
110401 410
110402 79
110403 330
110404 191
110405 382
110406 215
110407 75
110408 56
110409 238
110410 442
110411 423
110412 78
110413 132
110414 289
110415 368
110416 410
110417 105
110418 234
110419 474
110420 236
110421 443
110422 4
110423 147
110424 116
110425 354
110426 269
110427 305
110428 253
110429 200
110430 459
110431 493
110432 59
110433 161
110434 298
110435 350
110436 427
110437 256
110438 486
110439 320
110440 381
110441 317
110442 494
110443 5
110444 248
110445 230
110446 208
110447 256
110448 243
110449 5
110450 432
110451 310
110452 141
110453 257
110454 9
110455 370
110456 22
110457 339
110458 132
110459 440
110460 3
110461 78
110462 4
110463 143
110464 451
110465 376
110466 81
110467 235
110468 319
110469 29
110470 362
110471 184
110472 189
110473 98
110474 440
110475 319
110476 273
110477 259
110478 370
110479 255
110480 21
110481 397
110482 269
110483 348
110484 195
110485 407
110486 140
110487 101
110488 285
110489 32
110490 51
110491 247
110492 41
110493 308
110494 434
110495 377
110496 39
110497 172
110498 258
110499 70
110500 307
110501 304
110502 448
110503 219
110504 460
110505 82
110506 180
110507 141
110508 269
110509 48
110510 80
110511 335
110512 179
110513 43
110514 76
110515 172
110516 126
110517 294
110518 73
110519 60
110520 211
110521 120
110522 365
110523 100
110524 108
110525 306
110526 309
110527 258
110528 431
110529 450
110530 103
110531 195
110532 278
110533 416
110534 442
110535 454
110536 76
110537 361
110538 422
110539 334
110540 25
110541 317
110542 265
110543 158
110544 26
110545 314
110546 401
110547 340
110548 162
110549 411
110550 142
110551 78
110552 438
110553 343
110554 273
110555 304
110556 84
110557 26
110558 217
110559 109
110560 431
110561 228
110562 475
110563 351
110564 381
110565 285
110566 54
110567 462
110568 414
110569 227
110570 454
110571 27
110572 466
110573 140
110574 438
110575 49
110576 494
110577 478
110578 348
110579 12
110580 274
110581 289
110582 276
110583 273
110584 294
110585 86
110586 208
110587 340
110588 282
110589 395
110590 118
110591 70
110592 87
110593 306
110594 136
110595 344
110596 14
110597 285
110598 348
110599 483
110600 89
110601 460
110602 1
110603 183
110604 434
110605 215
110606 418
110607 192
110608 119
110609 270
110610 363
110611 350
110612 369
110613 279
110614 375
110615 372
110616 209
110617 263
110618 73
110619 106
110620 131
110621 434
110622 36
110623 316
110624 494
110625 77
110626 410
110627 8
110628 420
110629 205
110630 476
110631 30
110632 470
110633 285
110634 247
110635 162
110636 185
110637 136
110638 463
110639 8
110640 26
110641 336
110642 196
110643 470
110644 140
110645 36
110646 335
110647 171
110648 389
110649 186
110650 253
110651 411
110652 218
110653 168
110654 24
110655 288
110656 227
110657 125
110658 118
110659 151
110660 335
110661 82
110662 208
110663 300
110664 320
110665 96
110666 249
110667 79
110668 271
110669 446
110670 143
110671 121
110672 67
110673 83
110674 289
110675 151
110676 381
110677 46
110678 313
110679 417
110680 159
110681 103
110682 222
110683 301
110684 130
110685 168
110686 322
110687 270
110688 217
110689 125
110690 176
110691 71
110692 164
110693 319
110694 27
110695 293
110696 16
110697 304
110698 471
110699 431
110700 85
110701 298
110702 330
110703 418
110704 484
110705 172
110706 24
110707 65
110708 284
110709 107
110710 394
110711 490
110712 5
110713 138
110714 481
110715 32
110716 459
110717 19
110718 450
110719 150
110720 258
110721 81
110722 65
110723 403
110724 375
110725 370
110726 380
110727 269
110728 151
110729 282
110730 434
110731 269
110732 28
110733 25
110734 466
110735 88
110736 384
110737 177
110738 169
110739 378
110740 173
110741 114
110742 161
110743 479
110744 157
110745 349
110746 202
110747 411
110748 5
110749 127
110750 292
110751 431
110752 88
110753 196
110754 183
110755 88
110756 488
110757 0
110758 69
110759 352
110760 405
110761 434
110762 50
110763 65
110764 191
110765 342
110766 146
110767 141
110768 214
110769 130
110770 20
110771 214
110772 149
110773 376
110774 122
110775 423
110776 278
110777 103
110778 59
110779 221
110780 34
110781 356
110782 214
110783 77
110784 179
110785 235
110786 21
110787 105
110788 282
110789 110
110790 243
110791 295
110792 49
110793 254
110794 473
110795 137
110796 477
110797 170
110798 218
110799 48
110800 98
110801 118
110802 301
110803 487
110804 463
110805 400
110806 0
110807 384
110808 280
110809 334
110810 63
110811 426
110812 153
110813 456
110814 385
110815 78
110816 346
110817 477
110818 261
110819 57
110820 436
110821 176
110822 137
110823 185
110824 292
110825 219
110826 16
110827 111
110828 93
110829 267
110830 483
110831 465
110832 226
110833 39
110834 138
110835 359
110836 415
110837 486
110838 128
110839 174
110840 366
110841 217
110842 190
110843 206
110844 19
110845 134
110846 199
110847 183
110848 452
110849 144
110850 196
110851 2
110852 269
110853 209
110854 9
110855 48
110856 391
110857 62
110858 433
110859 348
110860 464
110861 318
110862 0
110863 44
110864 15
110865 19
110866 127
110867 93
110868 47
110869 52
110870 486
110871 33
110872 210
110873 159
110874 427
110875 58
110876 175
110877 92
110878 270
110879 448
110880 364
110881 341
110882 106
110883 228
110884 5
110885 7
110886 171
110887 489
110888 112
110889 304
110890 408
110891 117
110892 202
110893 219
110894 410
110895 375
110896 364
110897 9
110898 186
110899 11
110900 385
110901 383
110902 21
110903 262
110904 135
110905 121
110906 391
110907 176
110908 313
110909 11
110910 468
110911 246
110912 454
110913 95
110914 362
110915 181
110916 455
110917 142
110918 348
110919 473
110920 432
110921 274
110922 136
110923 70
110924 357
110925 157
110926 338
110927 399
110928 170
110929 256
110930 375
110931 398
110932 72
110933 191
110934 170
110935 210
110936 300
110937 240
110938 432
110939 29
110940 37
110941 6
110942 329
110943 2
110944 457
110945 258
110946 441
110947 85
110948 357
110949 45
110950 213
110951 258
110952 51
110953 45
110954 405
110955 361
110956 165
110957 23
110958 2
110959 80
110960 31
110961 268
110962 308
110963 66
110964 164
110965 311
110966 385
110967 181
110968 125
110969 423
110970 403
110971 453
110972 90
110973 315
110974 237
110975 71
110976 367
110977 250
110978 2
110979 401
110980 18
110981 244
110982 321
110983 79
110984 167
110985 416
110986 149
110987 184
110988 24
110989 239
110990 48
110991 292
110992 46
110993 464
110994 133
110995 11
110996 173
110997 288
110998 2
110999 421
111000 181
111001 206
111002 434
111003 409
111004 282
111005 296
111006 245
111007 349
111008 102
111009 231
111010 489
111011 1
111012 103
111013 358
111014 15
111015 275
111016 249
111017 194
111018 392
111019 379
111020 68
111021 226
111022 387
111023 68
111024 440
111025 202
111026 276
111027 63
111028 267
111029 131
111030 56
111031 106
111032 372
111033 451
111034 144
111035 208
111036 83
111037 292
111038 38
111039 30
111040 34
111041 421
111042 266
111043 77
111044 26
111045 265
111046 374
111047 111
111048 264
111049 462
111050 322
111051 253
111052 15
111053 302
111054 168
111055 257
111056 241
111057 118
111058 15
111059 440
111060 137
111061 87
111062 239
111063 277
111064 253
111065 279
111066 219
111067 12
111068 305
111069 243
111070 28
111071 40
111072 310
111073 315
111074 177
111075 455
111076 177
111077 246
111078 269
111079 291
111080 197
111081 178
111082 111
111083 323
111084 5
111085 149
111086 454
111087 463
111088 232
111089 357
111090 419
111091 163
111092 406
111093 325
111094 165
111095 323
111096 284
111097 173
111098 411
111099 197
111100 55
111101 479
111102 188
111103 115
111104 152
111105 177
111106 63
111107 247
111108 108
111109 329
111110 209
111111 268
111112 472
111113 125
111114 394
111115 131
111116 323
111117 238
111118 269
111119 409
111120 203
111121 107
111122 87
111123 330
111124 29
111125 471
111126 394
111127 298
111128 288
111129 153
111130 80
111131 182
111132 367
111133 74
111134 389
111135 431
111136 202
111137 440
111138 174
111139 398
111140 435
111141 112
111142 355
111143 289
111144 228
111145 393
111146 192
111147 443
111148 71
111149 123
111150 204
111151 276
111152 471
111153 231
111154 364
111155 244
111156 157
111157 106
111158 297
111159 209
111160 223
111161 200
111162 420
111163 446
111164 59
111165 143
111166 340
111167 398
111168 485
111169 444
111170 323
111171 286
111172 145
111173 329
111174 180
111175 12
111176 376
111177 150
111178 405
111179 240
111180 28
111181 424
111182 252
111183 150
111184 197
111185 114
111186 34
111187 352
111188 30
111189 216
111190 376
111191 305
111192 422
111193 213
111194 403
111195 411
111196 141
111197 410
111198 368
111199 362
111200 73
111201 65
111202 432
111203 191
111204 338
111205 74
111206 386
111207 163
111208 100
111209 87
111210 213
111211 473
111212 82
111213 88
111214 446
111215 473
111216 229
111217 117
111218 251
111219 447
111220 206
111221 490
111222 19
111223 195
111224 217
111225 289
111226 214
111227 465
111228 416
111229 22
111230 346
111231 5
111232 490
111233 383
111234 84
111235 125
111236 343
111237 433
111238 52
111239 72
111240 16
111241 203
111242 332
111243 436
111244 50
111245 239
111246 342
111247 4
111248 258
111249 49
111250 89
111251 214
111252 458
111253 379
111254 193
111255 467
111256 53
111257 207
111258 165
111259 252
111260 87
111261 290
111262 271
111263 185
111264 179
111265 153
111266 241
111267 187
111268 133
111269 327
111270 432
111271 259
111272 88
111273 281
111274 104
111275 18
111276 184
111277 411
111278 289
111279 475
111280 40
111281 156
111282 375
111283 115
111284 331
111285 329
111286 474
111287 67
111288 480
111289 39
111290 493
111291 287
111292 195
111293 336
111294 61
111295 366
111296 73
111297 179
111298 263
111299 464
111300 80
111301 75
111302 124
111303 400
111304 121
111305 445
111306 229
111307 414
111308 339
111309 206
111310 311
111311 179
111312 373
111313 353
111314 312
111315 307
111316 323
111317 294
111318 346
111319 267
111320 497
111321 390
111322 136
111323 187
111324 170
111325 477
111326 133
111327 100
111328 317
111329 330
111330 356
111331 13
111332 314
111333 99
111334 64
111335 431
111336 74
111337 113
111338 29
111339 173
111340 281
111341 114
111342 233
111343 448
111344 302
111345 420
111346 32
111347 54
111348 130
111349 26
111350 106
111351 116
111352 82
111353 420
111354 170
111355 435
111356 90
111357 389
111358 234
111359 251
111360 234
111361 224
111362 473
111363 430
111364 218
111365 111
111366 296
111367 115
111368 473
111369 482
111370 316
111371 323
111372 462
111373 165
111374 372
111375 23
111376 391
111377 252
111378 170
111379 337
111380 238
111381 45
111382 75
111383 152
111384 231
111385 82
111386 442
111387 17
111388 58
111389 206
111390 218
111391 108
111392 106
111393 188
111394 201
111395 320
111396 361
111397 416
111398 32
111399 429
111400 239
111401 432
111402 40
111403 305
111404 308
111405 483
111406 36
111407 216
111408 457
111409 459
111410 260
111411 137
111412 143
111413 320
111414 445
111415 482
111416 236
111417 59
111418 220
111419 386
111420 215
111421 250
111422 81
111423 256
111424 397
111425 274
111426 177
111427 399
111428 31
111429 52
111430 427
111431 122
111432 317
111433 105
111434 102
111435 27
111436 485
111437 24
111438 5
111439 216
111440 119
111441 136
111442 8
111443 56
111444 152
111445 198
111446 218
111447 454
111448 27
111449 136
111450 7
111451 286
111452 361
111453 25
111454 467
111455 440
111456 153
111457 246
111458 122
111459 87
111460 83
111461 348
111462 135
111463 316
111464 141
111465 331
111466 282
111467 24
111468 103
111469 39
111470 416
111471 250
111472 194
111473 380
111474 113
111475 194
111476 90
111477 56
111478 140
111479 438
111480 483
111481 338
111482 175
111483 105
111484 5
111485 187
111486 56
111487 159
111488 20
111489 137
111490 309
111491 19
111492 27
111493 18
111494 490
111495 196
111496 370
111497 139
111498 123
111499 224
111500 457
111501 359
111502 126
111503 146
111504 190
111505 437
111506 433
111507 220
111508 51
111509 291
111510 412
111511 192
111512 229
111513 383
111514 129
111515 458
111516 442
111517 50
111518 96
111519 311
111520 472
111521 129
111522 437
111523 190
111524 366
111525 337
111526 496
111527 125
111528 34
111529 438
111530 416
111531 5
111532 204
111533 367
111534 213
111535 145
111536 46
111537 148
111538 376
111539 305
111540 120
111541 366
111542 117
111543 313
111544 384
111545 51
111546 91
111547 424
111548 75
111549 326
111550 329
111551 138
111552 465
111553 19
111554 45
111555 73
111556 219
111557 29
111558 360
111559 119
111560 28
111561 444
111562 355
111563 113
111564 268
111565 437
111566 429
111567 146
111568 79
111569 162
111570 448
111571 491
111572 142
111573 226
111574 359
111575 8
111576 153
111577 338
111578 368
111579 360
111580 103
111581 383
111582 65
111583 55
111584 49
111585 221
111586 172
111587 288
111588 369
111589 433
111590 387
111591 218
111592 175
111593 220
111594 367
111595 421
111596 59
111597 33
111598 245
111599 45
111600 305
111601 181
111602 276
111603 392
111604 457
111605 179
111606 62
111607 404
111608 55
111609 129
111610 48
111611 380
111612 116
111613 208
111614 308
111615 400
111616 403
111617 161
111618 137
111619 379
111620 55
111621 485
111622 283
111623 224
111624 308
111625 78
111626 277
111627 354
111628 100
111629 493
111630 291
111631 353
111632 221
111633 229
111634 424
111635 445
111636 469
111637 455
111638 281
111639 487
111640 149
111641 495
111642 196
111643 478
111644 394
111645 412
111646 43
111647 280
111648 290
111649 462
111650 428
111651 278
111652 384
111653 363
111654 359
111655 205
111656 294
111657 121
111658 154
111659 259
111660 305
111661 417
111662 73
111663 478
111664 295
111665 6
111666 23
111667 133
111668 450
111669 398
111670 30
111671 166
111672 368
111673 310
111674 421
111675 214
111676 334
111677 307
111678 268
111679 410
111680 58
111681 226
111682 429
111683 454
111684 15
111685 62
111686 139
111687 49
111688 23
111689 71
111690 205
111691 202
111692 14
111693 3
111694 79
111695 380
111696 222
111697 223
111698 444
111699 481
111700 48
111701 168
111702 94
111703 130
111704 197
111705 381
111706 93
111707 187
111708 22
111709 450
111710 184
111711 286
111712 296
111713 147
111714 240
111715 289
111716 298
111717 187
111718 224
111719 376
111720 42
111721 418
111722 313
111723 13
111724 496
111725 72
111726 386
111727 164
111728 222
111729 180
111730 41
111731 348
111732 20
111733 208
111734 117
111735 200
111736 374
111737 231
111738 304
111739 222
111740 376
111741 433
111742 417
111743 17
111744 185
111745 300
111746 8
111747 193
111748 151
111749 485
111750 154
111751 327
111752 249
111753 421
111754 82
111755 189
111756 128
111757 487
111758 59
111759 298
111760 353
111761 54
111762 411
111763 22
111764 21
111765 363
111766 385
111767 306
111768 127
111769 141
111770 332
111771 395
111772 90
111773 162
111774 287
111775 394
111776 322
111777 60
111778 208
111779 165
111780 63
111781 452
111782 369
111783 115
111784 438
111785 488
111786 33
111787 74
111788 217
111789 310
111790 257
111791 401
111792 82
111793 429
111794 374
111795 133
111796 377
111797 113
111798 101
111799 311
111800 60
111801 283
111802 237
111803 192
111804 472
111805 375
111806 437
111807 290
111808 96
111809 474
111810 299
111811 317
111812 229
111813 258
111814 178
111815 376
111816 180
111817 128
111818 462
111819 440
111820 212
111821 241
111822 380
111823 286
111824 363
111825 474
111826 344
111827 301
111828 454
111829 319
111830 486
111831 131
111832 191
111833 308
111834 263
111835 378
111836 296
111837 277
111838 272
111839 176
111840 293
111841 473
111842 320
111843 164
111844 235
111845 358
111846 52
111847 302
111848 338
111849 98
111850 123
111851 84
111852 82
111853 430
111854 113
111855 16
111856 408
111857 320
111858 86
111859 94
111860 163
111861 437
111862 369
111863 131
111864 80
111865 224
111866 282
111867 13
111868 62
111869 186
111870 23
111871 330
111872 166
111873 495
111874 143
111875 475
111876 202
111877 277
111878 28
111879 443
111880 36
111881 48
111882 390
111883 168
111884 334
111885 169
111886 47
111887 319
111888 262
111889 295
111890 68
111891 264
111892 54
111893 401
111894 215
111895 76
111896 198
111897 141
111898 490
111899 354
111900 164
111901 163
111902 60
111903 406
111904 105
111905 215
111906 215
111907 146
111908 211
111909 313
111910 103
111911 322
111912 439
111913 40
111914 286
111915 353
111916 241
111917 196
111918 182
111919 323
111920 60
111921 235
111922 287
111923 294
111924 246
111925 184
111926 172
111927 156
111928 316
111929 328
111930 311
111931 425
111932 195
111933 346
111934 203
111935 1
111936 132
111937 326
111938 202
111939 361
111940 303
111941 135
111942 379
111943 185
111944 419
111945 216
111946 78
111947 269
111948 429
111949 255
111950 96
111951 340
111952 161
111953 334
111954 254
111955 111
111956 62
111957 93
111958 445
111959 359
111960 104
111961 207
111962 193
111963 312
111964 453
111965 181
111966 114
111967 360
111968 339
111969 257
111970 433
111971 206
111972 200
111973 380
111974 140
111975 165
111976 75
111977 493
111978 263
111979 82
111980 419
111981 240
111982 224
111983 460
111984 174
111985 415
111986 317
111987 137
111988 78
111989 377
111990 127
111991 66
111992 179
111993 141
111994 184
111995 198
111996 283
111997 412
111998 445
111999 209
112000 220
112001 263
112002 102
112003 300
112004 155
112005 355
112006 439
112007 138
112008 32
112009 163
112010 497
112011 21
112012 158
112013 72
112014 430
112015 434
112016 125
112017 245
112018 260
112019 276
112020 229
112021 296
112022 14
112023 469
112024 8
112025 493
112026 212
112027 230
112028 355
112029 408
112030 126
112031 247
112032 74
112033 460
112034 188
112035 469
112036 230
112037 297
112038 399
112039 306
112040 136
112041 432
112042 397
112043 471
112044 433
112045 195
112046 65
112047 289
112048 304
112049 268
112050 68
112051 90
112052 10
112053 474
112054 315
112055 155
112056 489
112057 465
112058 257
112059 150
112060 137
112061 360
112062 433
112063 388
112064 213
112065 479
112066 425
112067 36
112068 302
112069 463
112070 434
112071 455
112072 146
112073 405
112074 330
112075 478
112076 251
112077 372
112078 279
112079 448
112080 474
112081 301
112082 292
112083 123
112084 251
112085 19
112086 37
112087 245
112088 207
112089 183
112090 29
112091 327
112092 406
112093 183
112094 99
112095 417
112096 326
112097 226
112098 24
112099 444
112100 101
112101 314
112102 37
112103 480
112104 461
112105 278
112106 14
112107 5
112108 82
112109 337
112110 239
112111 273
112112 234
112113 474
112114 182
112115 173
112116 98
112117 147
112118 145
112119 135
112120 256
112121 14
112122 357
112123 388
112124 360
112125 235
112126 270
112127 296
112128 281
112129 172
112130 288
112131 251
112132 257
112133 333
112134 418
112135 110
112136 318
112137 353
112138 485
112139 358
112140 186
112141 467
112142 269
112143 489
112144 123
112145 364
112146 10
112147 192
112148 163
112149 260
112150 276
112151 411
112152 485
112153 49
112154 25
112155 217
112156 154
112157 221
112158 183
112159 151
112160 392
112161 448
112162 131
112163 496
112164 45
112165 66
112166 450
112167 219
112168 41
112169 206
112170 241
112171 355
112172 105
112173 180
112174 96
112175 472
112176 8
112177 254
112178 157
112179 225
112180 23
112181 246
112182 311
112183 27
112184 284
112185 37
112186 10
112187 460
112188 311
112189 286
112190 420
112191 397
112192 240
112193 211
112194 482
112195 272
112196 432
112197 199
112198 402
112199 212
112200 233
112201 281
112202 51
112203 254
112204 112
112205 437
112206 73
112207 80
112208 117
112209 467
112210 170
112211 302
112212 211
112213 14
112214 478
112215 111
112216 237
112217 81
112218 121
112219 334
112220 39
112221 9
112222 139
112223 321
112224 68
112225 160
112226 33
112227 347
112228 184
112229 160
112230 426
112231 260
112232 406
112233 409
112234 443
112235 344
112236 278
112237 62
112238 183
112239 119
112240 246
112241 75
112242 252
112243 399
112244 258
112245 157
112246 292
112247 407
112248 453
112249 493
112250 166
112251 168
112252 106
112253 7
112254 444
112255 268
112256 467
112257 6
112258 106
112259 252
112260 397
112261 470
112262 340
112263 3
112264 124
112265 404
112266 85
112267 196
112268 257
112269 7
112270 473
112271 293
112272 67
112273 333
112274 301
112275 402
112276 172
112277 84
112278 435
112279 462
112280 27
112281 152
112282 482
112283 152
112284 182
112285 103
112286 1
112287 464
112288 473
112289 428
112290 365
112291 240
112292 79
112293 269
112294 322
112295 208
112296 138
112297 34
112298 44
112299 284
112300 274
112301 151
112302 67
112303 189
112304 13
112305 156
112306 27
112307 289
112308 175
112309 269
112310 496
112311 350
112312 305
112313 31
112314 287
112315 335
112316 217
112317 403
112318 383
112319 413
112320 377
112321 201
112322 220
112323 5
112324 91
112325 386
112326 335
112327 450
112328 329
112329 480
112330 268
112331 313
112332 68
112333 362
112334 53
112335 421
112336 30
112337 421
112338 353
112339 138
112340 423
112341 467
112342 295
112343 51
112344 339
112345 134
112346 198
112347 293
112348 485
112349 8
112350 303
112351 213
112352 26
112353 283
112354 169
112355 274
112356 95
112357 16
112358 396
112359 279
112360 288
112361 171
112362 227
112363 9
112364 88
112365 143
112366 372
112367 366
112368 390
112369 216
112370 373
112371 60
112372 362
112373 312
112374 211
112375 268
112376 406
112377 299
112378 492
112379 432
112380 298
112381 176
112382 27
112383 18
112384 411
112385 352
112386 405
112387 198
112388 104
112389 58
112390 135
112391 260
112392 392
112393 399
112394 346
112395 365
112396 215
112397 475
112398 203
112399 407
112400 308
112401 475
112402 467
112403 355
112404 339
112405 52
112406 299
112407 349
112408 23
112409 106
112410 413
112411 462
112412 419
112413 179
112414 114
112415 407
112416 215
112417 239
112418 263
112419 333
112420 359
112421 153
112422 77
112423 415
112424 145
112425 477
112426 409
112427 296
112428 90
112429 280
112430 159
112431 391
112432 3
112433 384
112434 284
112435 353
112436 222
112437 307
112438 108
112439 341
112440 126
112441 372
112442 122
112443 13
112444 343
112445 216
112446 490
112447 33
112448 24
112449 406
112450 497
112451 21
112452 368
112453 210
112454 99
112455 261
112456 4
112457 365
112458 210
112459 369
112460 363
112461 277
112462 161
112463 414
112464 35
112465 215
112466 386
112467 445
112468 350
112469 99
112470 482
112471 399
112472 105
112473 166
112474 346
112475 384
112476 287
112477 6
112478 72
112479 106
112480 102
112481 390
112482 187
112483 106
112484 109
112485 112
112486 17
112487 483
112488 11
112489 337
112490 213
112491 140
112492 406
112493 306
112494 188
112495 26
112496 49
112497 26
112498 22
112499 226
112500 227
112501 185
112502 325
112503 214
112504 83
112505 447
112506 165
112507 208
112508 7
112509 415
112510 81
112511 348
112512 260
112513 306
112514 104
112515 391
112516 282
112517 484
112518 380
112519 435
112520 257
112521 252
112522 37
112523 11
112524 195
112525 433
112526 238
112527 37
112528 136
112529 197
112530 247
112531 212
112532 422
112533 196
112534 321
112535 462
112536 66
112537 427
112538 104
112539 205
112540 372
112541 290
112542 224
112543 28
112544 327
112545 42
112546 361
112547 195
112548 348
112549 172
112550 286
112551 221
112552 193
112553 152
112554 486
112555 170
112556 160
112557 398
112558 267
112559 316
112560 64
112561 250
112562 63
112563 87
112564 256
112565 47
112566 156
112567 218
112568 187
112569 358
112570 163
112571 311
112572 413
112573 179
112574 45
112575 114
112576 13
112577 54
112578 45
112579 177
112580 423
112581 412
112582 39
112583 143
112584 25
112585 146
112586 81
112587 68
112588 341
112589 478
112590 356
112591 76
112592 339
112593 195
112594 101
112595 435
112596 295
112597 206
112598 92
112599 446
112600 376
112601 61
112602 141
112603 484
112604 309
112605 341
112606 351
112607 91
112608 68
112609 276
112610 485
112611 414
112612 415
112613 193
112614 94
112615 76
112616 114
112617 351
112618 49
112619 166
112620 170
112621 283
112622 232
112623 191
112624 210
112625 293
112626 480
112627 161
112628 417
112629 271
112630 32
112631 252
112632 457
112633 379
112634 188
112635 222
112636 396
112637 67
112638 84
112639 390
112640 441
112641 426
112642 449
112643 4
112644 440
112645 429
112646 150
112647 356
112648 298
112649 108
112650 118
112651 218
112652 82
112653 445
112654 66
112655 424
112656 29
112657 148
112658 188
112659 359
112660 378
112661 295
112662 162
112663 446
112664 352
112665 156
112666 199
112667 127
112668 393
112669 365
112670 489
112671 405
112672 131
112673 354
112674 83
112675 219
112676 184
112677 428
112678 343
112679 335
112680 184
112681 448
112682 156
112683 426
112684 141
112685 134
112686 472
112687 240
112688 453
112689 179
112690 205
112691 420
112692 198
112693 276
112694 137
112695 112
112696 338
112697 257
112698 261
112699 285
112700 488
112701 150
112702 320
112703 333
112704 310
112705 454
112706 297
112707 53
112708 316
112709 401
112710 164
112711 470
112712 203
112713 228
112714 40
112715 180
112716 27
112717 162
112718 129
112719 282
112720 201
112721 81
112722 139
112723 256
112724 355
112725 307
112726 341
112727 292
112728 419
112729 416
112730 281
112731 371
112732 422
112733 79
112734 50
112735 70
112736 128
112737 335
112738 411
112739 168
112740 494
112741 201
112742 325
112743 466
112744 228
112745 233
112746 491
112747 330
112748 343
112749 112
112750 456
112751 494
112752 22
112753 45
112754 157
112755 487
112756 309
112757 335
112758 34
112759 211
112760 360
112761 15
112762 173
112763 127
112764 181
112765 184
112766 199
112767 270
112768 393
112769 385
112770 348
112771 134
112772 459
112773 181
112774 342
112775 330
112776 162
112777 266
112778 224
112779 388
112780 448
112781 296
112782 292
112783 115
112784 264
112785 149
112786 40
112787 50
112788 299
112789 5
112790 223
112791 290
112792 380
112793 376
112794 337
112795 272
112796 152
112797 1
112798 130
112799 226
112800 10
112801 108
112802 124
112803 293
112804 170
112805 401
112806 50
112807 4
112808 334
112809 389
112810 477
112811 140
112812 350
112813 277
112814 104
112815 409
112816 275
112817 386
112818 321
112819 342
112820 394
112821 415
112822 97
112823 226
112824 22
112825 446
112826 252
112827 387
112828 13
112829 352
112830 120
112831 340
112832 346
112833 310
112834 113
112835 369
112836 158
112837 29
112838 116
112839 208
112840 445
112841 291
112842 302
112843 340
112844 204
112845 431
112846 9
112847 89
112848 131
112849 485
112850 85
112851 29
112852 361
112853 413
112854 40
112855 30
112856 156
112857 246
112858 117
112859 365
112860 77
112861 42
112862 320
112863 132
112864 125
112865 209
112866 210
112867 34
112868 40
112869 335
112870 3
112871 12
112872 244
112873 403
112874 110
112875 218
112876 277
112877 21
112878 25
112879 165
112880 493
112881 291
112882 60
112883 270
112884 113
112885 272
112886 37
112887 102
112888 169
112889 364
112890 220
112891 52
112892 198
112893 211
112894 306
112895 412
112896 408
112897 401
112898 370
112899 429
112900 103
112901 51
112902 201
112903 327
112904 387
112905 470
112906 11
112907 32
112908 106
112909 234
112910 310
112911 254
112912 259
112913 152
112914 415
112915 157
112916 100
112917 106
112918 305
112919 306
112920 362
112921 56
112922 319
112923 380
112924 68
112925 197
112926 443
112927 290
112928 382
112929 40
112930 313
112931 107
112932 69
112933 148
112934 486
112935 377
112936 322
112937 392
112938 8
112939 139
112940 126
112941 40
112942 234
112943 41
112944 333
112945 334
112946 343
112947 286
112948 166
112949 44
112950 219
112951 37
112952 402
112953 232
112954 125
112955 333
112956 71
112957 380
112958 455
112959 20
112960 312
112961 266
112962 412
112963 256
112964 1
112965 382
112966 478
112967 189
112968 296
112969 191
112970 349
112971 217
112972 293
112973 387
112974 345
112975 316
112976 296
112977 107
112978 325
112979 84
112980 216
112981 281
112982 321
112983 57
112984 146
112985 11
112986 87
112987 259
112988 235
112989 104
112990 363
112991 396
112992 212
112993 123
112994 406
112995 212
112996 126
112997 432
112998 237
112999 73
113000 475
113001 321
113002 234
113003 409
113004 429
113005 321
113006 191
113007 457
113008 36
113009 452
113010 257
113011 308
113012 380
113013 368
113014 276
113015 479
113016 274
113017 223
113018 157
113019 447
113020 21
113021 494
113022 309
113023 453
113024 131
113025 85
113026 274
113027 56
113028 27
113029 396
113030 173
113031 456
113032 91
113033 237
113034 81
113035 94
113036 387
113037 400
113038 344
113039 75
113040 258
113041 320
113042 241
113043 185
113044 454
113045 17
113046 393
113047 212
113048 67
113049 379
113050 382
113051 350
113052 312
113053 47
113054 482
113055 442
113056 409
113057 453
113058 483
113059 424
113060 182
113061 280
113062 244
113063 369
113064 380
113065 46
113066 325
113067 192
113068 454
113069 26
113070 92
113071 343
113072 74
113073 182
113074 330
113075 7
113076 231
113077 309
113078 222
113079 484
113080 380
113081 207
113082 334
113083 231
113084 28
113085 77
113086 443
113087 297
113088 244
113089 201
113090 20
113091 392
113092 33
113093 420
113094 451
113095 169
113096 249
113097 46
113098 236
113099 319
113100 319
113101 169
113102 179
113103 61
113104 117
113105 56
113106 466
113107 256
113108 18
113109 412
113110 236
113111 370
113112 473
113113 229
113114 152
113115 69
113116 14
113117 11
113118 418
113119 221
113120 154
113121 13
113122 403
113123 253
113124 11
113125 119
113126 177
113127 148
113128 37
113129 88
113130 312
113131 329
113132 466
113133 302
113134 474
113135 411
113136 399
113137 13
113138 394
113139 90
113140 86
113141 258
113142 322
113143 261
113144 388
113145 423
113146 307
113147 85
113148 127
113149 299
113150 300
113151 64
113152 21
113153 372
113154 202
113155 219
113156 227
113157 470
113158 199
113159 60
113160 421
113161 240
113162 270
113163 72
113164 127
113165 479
113166 110
113167 144
113168 354
113169 255
113170 432
113171 175
113172 387
113173 286
113174 147
113175 412
113176 314
113177 97
113178 130
113179 113
113180 17
113181 381
113182 300
113183 112
113184 50
113185 356
113186 322
113187 151
113188 185
113189 226
113190 263
113191 36
113192 293
113193 33
113194 80
113195 495
113196 109
113197 384
113198 395
113199 170
113200 180
113201 426
113202 361
113203 412
113204 363
113205 391
113206 365
113207 12
113208 309
113209 450
113210 216
113211 137
113212 125
113213 224
113214 374
113215 217
113216 228
113217 164
113218 241
113219 192
113220 284
113221 156
113222 83
113223 266
113224 73
113225 465
113226 394
113227 124
113228 318
113229 305
113230 373
113231 307
113232 450
113233 159
113234 428
113235 454
113236 320
113237 229
113238 224
113239 295
113240 413
113241 320
113242 306
113243 302
113244 237
113245 324
113246 352
113247 359
113248 266
113249 391
113250 381
113251 284
113252 345
113253 377
113254 106
113255 81
113256 316
113257 378
113258 490
113259 362
113260 425
113261 454
113262 344
113263 183
113264 397
113265 17
113266 404
113267 267
113268 67
113269 441
113270 452
113271 431
113272 237
113273 158
113274 109
113275 228
113276 253
113277 20
113278 493
113279 160
113280 308
113281 380
113282 230
113283 419
113284 173
113285 157
113286 474
113287 226
113288 346
113289 47
113290 458
113291 179
113292 12
113293 241
113294 159
113295 30
113296 192
113297 462
113298 157
113299 339
113300 190
113301 435
113302 29
113303 83
113304 142
113305 362
113306 469
113307 154
113308 481
113309 177
113310 157
113311 254
113312 380
113313 101
113314 360
113315 172
113316 45
113317 326
113318 322
113319 278
113320 351
113321 62
113322 456
113323 261
113324 243
113325 180
113326 87
113327 299
113328 454
113329 302
113330 352
113331 33
113332 381
113333 57
113334 103
113335 376
113336 67
113337 13
113338 414
113339 117
113340 65
113341 49
113342 109
113343 333
113344 304
113345 95
113346 368
113347 255
113348 392
113349 261
113350 427
113351 1
113352 391
113353 26
113354 329
113355 427
113356 271
113357 337
113358 303
113359 67
113360 60
113361 331
113362 197
113363 326
113364 204
113365 232
113366 449
113367 490
113368 274
113369 324
113370 2
113371 259
113372 301
113373 417
113374 182
113375 251
113376 491
113377 309
113378 325
113379 301
113380 14
113381 11
113382 445
113383 10
113384 63
113385 83
113386 303
113387 256
113388 29
113389 247
113390 27
113391 134
113392 410
113393 270
113394 214
113395 181
113396 199
113397 299
113398 116
113399 281
113400 307
113401 166
113402 235
113403 4
113404 338
113405 448
113406 168
113407 84
113408 74
113409 71
113410 384
113411 482
113412 437
113413 68
113414 416
113415 86
113416 145
113417 413
113418 364
113419 48
113420 173
113421 245
113422 268
113423 27
113424 182
113425 111
113426 106
113427 363
113428 369
113429 378
113430 387
113431 133
113432 245
113433 93
113434 20
113435 471
113436 355
113437 208
113438 199
113439 203
113440 10
113441 92
113442 327
113443 253
113444 227
113445 90
113446 74
113447 467
113448 222
113449 263
113450 81
113451 322
113452 33
113453 227
113454 421
113455 217
113456 441
113457 68
113458 69
113459 125
113460 417
113461 206
113462 277
113463 455
113464 452
113465 144
113466 188
113467 104
113468 73
113469 362
113470 98
113471 467
113472 168
113473 137
113474 335
113475 282
113476 154
113477 120
113478 331
113479 333
113480 349
113481 345
113482 265
113483 325
113484 309
113485 298
113486 484
113487 231
113488 115
113489 210
113490 256
113491 41
113492 309
113493 314
113494 192
113495 302
113496 153
113497 9
113498 39
113499 335
113500 478
113501 389
113502 60
113503 494
113504 26
113505 259
113506 415
113507 440
113508 408
113509 408
113510 299
113511 238
113512 333
113513 481
113514 254
113515 422
113516 493
113517 452
113518 430
113519 88
113520 381
113521 276
113522 186
113523 423
113524 364
113525 431
113526 299
113527 142
113528 312
113529 31
113530 98
113531 102
113532 234
113533 226
113534 319
113535 42
113536 375
113537 408
113538 123
113539 340
113540 47
113541 455
113542 168
113543 204
113544 193
113545 171
113546 225
113547 229
113548 309
113549 481
113550 44
113551 335
113552 2
113553 403
113554 118
113555 346
113556 488
113557 322
113558 434
113559 455
113560 69
113561 238
113562 10
113563 321
113564 238
113565 10
113566 323
113567 33
113568 188
113569 349
113570 228
113571 418
113572 282
113573 32
113574 226
113575 233
113576 424
113577 170
113578 339
113579 471
113580 459
113581 85
113582 41
113583 238
113584 59
113585 21
113586 139
113587 171
113588 248
113589 122
113590 301
113591 0
113592 91
113593 29
113594 397
113595 150
113596 207
113597 282
113598 316
113599 160
113600 94
113601 30
113602 203
113603 32
113604 497
113605 52
113606 92
113607 316
113608 197
113609 320
113610 297
113611 392
113612 345
113613 247
113614 316
113615 59
113616 351
113617 56
113618 212
113619 235
113620 355
113621 411
113622 212
113623 309
113624 44
113625 231
113626 372
113627 438
113628 473
113629 450
113630 45
113631 286
113632 246
113633 460
113634 292
113635 482
113636 292
113637 489
113638 33
113639 149
113640 243
113641 344
113642 206
113643 67
113644 154
113645 298
113646 28
113647 350
113648 67
113649 162
113650 483
113651 177
113652 467
113653 450
113654 338
113655 246
113656 150
113657 357
113658 256
113659 54
113660 311
113661 113
113662 373
113663 31
113664 228
113665 316
113666 1
113667 401
113668 137
113669 482
113670 122
113671 64
113672 178
113673 353
113674 204
113675 447
113676 190
113677 424
113678 170
113679 384
113680 183
113681 133
113682 32
113683 423
113684 414
113685 306
113686 174
113687 161
113688 161
113689 200
113690 486
113691 403
113692 299
113693 453
113694 193
113695 277
113696 200
113697 430
113698 65
113699 46
113700 471
113701 202
113702 222
113703 197
113704 171
113705 486
113706 380
113707 0
113708 440
113709 431
113710 44
113711 200
113712 250
113713 68
113714 317
113715 86
113716 64
113717 459
113718 223
113719 147
113720 387
113721 425
113722 240
113723 66
113724 273
113725 222
113726 170
113727 261
113728 438
113729 304
113730 304
113731 170
113732 126
113733 256
113734 65
113735 267
113736 38
113737 321
113738 232
113739 7
113740 293
113741 448
113742 417
113743 298
113744 264
113745 325
113746 324
113747 480
113748 380
113749 467
113750 367
113751 138
113752 264
113753 43
113754 380
113755 183
113756 181
113757 28
113758 147
113759 331
113760 30
113761 128
113762 423
113763 199
113764 215
113765 278
113766 482
113767 416
113768 274
113769 474
113770 187
113771 148
113772 132
113773 85
113774 124
113775 491
113776 494
113777 1
113778 181
113779 493
113780 104
113781 210
113782 5
113783 158
113784 375
113785 115
113786 176
113787 206
113788 352
113789 192
113790 315
113791 432
113792 135
113793 236
113794 74
113795 416
113796 275
113797 49
113798 334
113799 321
113800 40
113801 195
113802 200
113803 380
113804 421
113805 115
113806 278
113807 422
113808 466
113809 348
113810 312
113811 27
113812 475
113813 393
113814 306
113815 24
113816 442
113817 358
113818 211
113819 397
113820 315
113821 442
113822 452
113823 341
113824 489
113825 404
113826 294
113827 3
113828 54
113829 467
113830 348
113831 230
113832 336
113833 490
113834 419
113835 163
113836 404
113837 10
113838 255
113839 113
113840 142
113841 96
113842 390
113843 59
113844 394
113845 52
113846 103
113847 0
113848 255
113849 353
113850 185
113851 466
113852 224
113853 101
113854 145
113855 116
113856 27
113857 173
113858 145
113859 122
113860 54
113861 232
113862 221
113863 233
113864 94
113865 436
113866 86
113867 222
113868 168
113869 7
113870 269
113871 362
113872 87
113873 254
113874 497
113875 120
113876 178
113877 181
113878 286
113879 356
113880 445
113881 302
113882 388
113883 294
113884 212
113885 89
113886 392
113887 95
113888 237
113889 193
113890 139
113891 197
113892 164
113893 112
113894 393
113895 352
113896 227
113897 224
113898 161
113899 105
113900 258
113901 62
113902 464
113903 198
113904 429
113905 137
113906 231
113907 470
113908 357
113909 100
113910 412
113911 230
113912 214
113913 291
113914 294
113915 335
113916 226
113917 286
113918 390
113919 260
113920 74
113921 341
113922 275
113923 31
113924 432
113925 94
113926 157
113927 8
113928 71
113929 410
113930 125
113931 483
113932 208
113933 193
113934 337
113935 166
113936 102
113937 159
113938 114
113939 211
113940 313
113941 429
113942 203
113943 298
113944 76
113945 6
113946 305
113947 400
113948 66
113949 200
113950 215
113951 46
113952 132
113953 247
113954 390
113955 450
113956 259
113957 70
113958 112
113959 5
113960 129
113961 205
113962 4
113963 363
113964 208
113965 301
113966 79
113967 374
113968 316
113969 455
113970 123
113971 407
113972 372
113973 436
113974 185
113975 41
113976 387
113977 462
113978 380
113979 328
113980 248
113981 95
113982 40
113983 345
113984 253
113985 461
113986 463
113987 469
113988 91
113989 10
113990 264
113991 241
113992 63
113993 459
113994 166
113995 251
113996 180
113997 141
113998 188
113999 142
114000 63
114001 5
114002 18
114003 262
114004 71
114005 293
114006 407
114007 310
114008 327
114009 154
114010 11
114011 483
114012 266
114013 303
114014 434
114015 443
114016 91
114017 151
114018 192
114019 104
114020 62
114021 277
114022 273
114023 218
114024 244
114025 12
114026 407
114027 367
114028 247
114029 232
114030 493
114031 314
114032 438
114033 39
114034 20
114035 95
114036 325
114037 130
114038 182
114039 97
114040 434
114041 452
114042 314
114043 250
114044 33
114045 203
114046 340
114047 468
114048 441
114049 460
114050 42
114051 274
114052 54
114053 288
114054 313
114055 56
114056 365
114057 241
114058 139
114059 399
114060 227
114061 366
114062 23
114063 399
114064 288
114065 82
114066 323
114067 273
114068 213
114069 70
114070 303
114071 181
114072 28
114073 449
114074 118
114075 84
114076 141
114077 196
114078 351
114079 296
114080 145
114081 95
114082 431
114083 14
114084 484
114085 408
114086 211
114087 56
114088 477
114089 31
114090 477
114091 478
114092 365
114093 486
114094 228
114095 367
114096 136
114097 194
114098 465
114099 20
114100 61
114101 422
114102 385
114103 351
114104 235
114105 396
114106 327
114107 6
114108 43
114109 107
114110 120
114111 222
114112 269
114113 110
114114 197
114115 221
114116 273
114117 491
114118 494
114119 265
114120 431
114121 43
114122 376
114123 32
114124 45
114125 384
114126 205
114127 217
114128 92
114129 82
114130 166
114131 371
114132 489
114133 280
114134 40
114135 483
114136 381
114137 168
114138 95
114139 115
114140 113
114141 366
114142 17
114143 311
114144 487
114145 46
114146 115
114147 326
114148 381
114149 26
114150 148
114151 44
114152 53
114153 240
114154 207
114155 6
114156 388
114157 214
114158 446
114159 228
114160 1
114161 335
114162 480
114163 234
114164 3
114165 319
114166 330
114167 480
114168 115
114169 458
114170 276
114171 449
114172 465
114173 247
114174 317
114175 311
114176 486
114177 132
114178 433
114179 338
114180 432
114181 391
114182 105
114183 271
114184 494
114185 75
114186 68
114187 454
114188 129
114189 386
114190 46
114191 449
114192 103
114193 149
114194 227
114195 371
114196 477
114197 363
114198 482
114199 157
114200 30
114201 67
114202 429
114203 113
114204 243
114205 364
114206 346
114207 154
114208 482
114209 364
114210 200
114211 163
114212 281
114213 24
114214 400
114215 219
114216 374
114217 278
114218 142
114219 152
114220 442
114221 128
114222 74
114223 218
114224 419
114225 45
114226 154
114227 307
114228 436
114229 354
114230 337
114231 130
114232 319
114233 215
114234 425
114235 67
114236 9
114237 191
114238 370
114239 106
114240 368
114241 169
114242 44
114243 263
114244 51
114245 97
114246 413
114247 76
114248 287
114249 407
114250 168
114251 462
114252 279
114253 436
114254 252
114255 460
114256 329
114257 26
114258 289
114259 252
114260 259
114261 375
114262 85
114263 463
114264 394
114265 205
114266 401
114267 485
114268 157
114269 415
114270 291
114271 134
114272 245
114273 274
114274 26
114275 441
114276 446
114277 305
114278 384
114279 211
114280 101
114281 118
114282 143
114283 211
114284 419
114285 329
114286 434
114287 397
114288 352
114289 389
114290 348
114291 258
114292 357
114293 83
114294 152
114295 459
114296 179
114297 473
114298 128
114299 375
114300 278
114301 409
114302 277
114303 1
114304 91
114305 141
114306 382
114307 201
114308 336
114309 32
114310 330
114311 485
114312 399
114313 190
114314 220
114315 100
114316 256
114317 416
114318 150
114319 39
114320 467
114321 175
114322 223
114323 299
114324 71
114325 304
114326 58
114327 463
114328 246
114329 124
114330 457
114331 450
114332 458
114333 384
114334 466
114335 384
114336 328
114337 326
114338 181
114339 379
114340 157
114341 476
114342 494
114343 226
114344 411
114345 216
114346 168
114347 21
114348 182
114349 366
114350 79
114351 88
114352 150
114353 8
114354 337
114355 263
114356 168
114357 51
114358 477
114359 223
114360 464
114361 430
114362 172
114363 487
114364 428
114365 309
114366 346
114367 173
114368 494
114369 82
114370 14
114371 204
114372 107
114373 12
114374 149
114375 91
114376 51
114377 9
114378 326
114379 151
114380 40
114381 369
114382 144
114383 4
114384 313
114385 47
114386 144
114387 379
114388 440
114389 339
114390 138
114391 370
114392 125
114393 131
114394 153
114395 51
114396 97
114397 308
114398 263
114399 455
114400 247
114401 220
114402 88
114403 302
114404 133
114405 265
114406 433
114407 153
114408 56
114409 321
114410 455
114411 168
114412 332
114413 96
114414 19
114415 468
114416 358
114417 349
114418 41
114419 72
114420 222
114421 99
114422 132
114423 47
114424 42
114425 299
114426 26
114427 75
114428 73
114429 487
114430 247
114431 181
114432 49
114433 247
114434 22
114435 119
114436 361
114437 32
114438 476
114439 147
114440 68
114441 458
114442 350
114443 314
114444 212
114445 58
114446 51
114447 277
114448 340
114449 154
114450 24
114451 483
114452 205
114453 191
114454 359
114455 460
114456 452
114457 18
114458 358
114459 189
114460 314
114461 229
114462 474
114463 46
114464 5
114465 444
114466 87
114467 313
114468 343
114469 157
114470 81
114471 18
114472 346
114473 333
114474 194
114475 269
114476 460
114477 111
114478 308
114479 365
114480 443
114481 248
114482 89
114483 126
114484 51
114485 47
114486 180
114487 173
114488 483
114489 213
114490 156
114491 136
114492 204
114493 15
114494 232
114495 390
114496 467
114497 434
114498 374
114499 117
114500 111
114501 106
114502 400
114503 329
114504 48
114505 137
114506 463
114507 315
114508 288
114509 104
114510 68
114511 117
114512 103
114513 315
114514 82
114515 70
114516 133
114517 442
114518 7
114519 33
114520 192
114521 439
114522 225
114523 154
114524 407
114525 191
114526 305
114527 128
114528 349
114529 393
114530 445
114531 258
114532 206
114533 282
114534 95
114535 126
114536 259
114537 285
114538 35
114539 458
114540 189
114541 227
114542 400
114543 83
114544 364
114545 409
114546 176
114547 125
114548 391
114549 37
114550 12
114551 378
114552 184
114553 114
114554 280
114555 319
114556 191
114557 414
114558 39
114559 457
114560 251
114561 269
114562 81
114563 340
114564 127
114565 387
114566 443
114567 17
114568 382
114569 26
114570 231
114571 107
114572 166
114573 437
114574 110
114575 407
114576 363
114577 54
114578 139
114579 60
114580 201
114581 439
114582 444
114583 364
114584 130
114585 185
114586 236
114587 246
114588 28
114589 55
114590 363
114591 363
114592 159
114593 50
114594 451
114595 8
114596 388
114597 143
114598 12
114599 133
114600 421
114601 165
114602 187
114603 473
114604 412
114605 487
114606 471
114607 328
114608 57
114609 467
114610 415
114611 120
114612 457
114613 104
114614 189
114615 223
114616 79
114617 317
114618 118
114619 367
114620 174
114621 89
114622 165
114623 368
114624 378
114625 241
114626 481
114627 429
114628 41
114629 316
114630 15
114631 19
114632 282
114633 360
114634 318
114635 173
114636 93
114637 433
114638 436
114639 345
114640 300
114641 280
114642 493
114643 310
114644 355
114645 88
114646 363
114647 293
114648 400
114649 43
114650 91
114651 93
114652 237
114653 338
114654 76
114655 223
114656 139
114657 438
114658 315
114659 288
114660 190
114661 384
114662 161
114663 411
114664 457
114665 331
114666 416
114667 431
114668 487
114669 105
114670 53
114671 141
114672 13
114673 275
114674 188
114675 228
114676 318
114677 106
114678 105
114679 457
114680 347
114681 470
114682 227
114683 25
114684 465
114685 460
114686 277
114687 251
114688 413
114689 298
114690 392
114691 196
114692 363
114693 448
114694 109
114695 372
114696 493
114697 109
114698 137
114699 273
114700 246
114701 108
114702 362
114703 125
114704 370
114705 204
114706 144
114707 142
114708 378
114709 361
114710 444
114711 478
114712 400
114713 15
114714 354
114715 244
114716 360
114717 436
114718 434
114719 467
114720 462
114721 184
114722 271
114723 483
114724 312
114725 338
114726 149
114727 23
114728 228
114729 165
114730 182
114731 344
114732 288
114733 205
114734 45
114735 281
114736 66
114737 479
114738 137
114739 325
114740 473
114741 296
114742 46
114743 390
114744 298
114745 42
114746 180
114747 85
114748 204
114749 210
114750 281
114751 102
114752 81
114753 288
114754 232
114755 247
114756 354
114757 197
114758 230
114759 148
114760 234
114761 92
114762 71
114763 383
114764 320
114765 290
114766 370
114767 44
114768 486
114769 410
114770 273
114771 85
114772 92
114773 40
114774 387
114775 93
114776 434
114777 435
114778 318
114779 317
114780 179
114781 285
114782 23
114783 291
114784 234
114785 253
114786 11
114787 321
114788 463
114789 95
114790 391
114791 46
114792 319
114793 411
114794 418
114795 132
114796 212
114797 216
114798 449
114799 84
114800 99
114801 146
114802 168
114803 17
114804 355
114805 184
114806 382
114807 417
114808 221
114809 158
114810 186
114811 328
114812 271
114813 131
114814 136
114815 204
114816 44
114817 87
114818 211
114819 432
114820 347
114821 189
114822 286
114823 469
114824 14
114825 83
114826 179
114827 455
114828 221
114829 135
114830 10
114831 268
114832 221
114833 176
114834 145
114835 470
114836 340
114837 438
114838 436
114839 94
114840 378
114841 67
114842 334
114843 58
114844 92
114845 189
114846 222
114847 326
114848 141
114849 217
114850 121
114851 288
114852 318
114853 337
114854 209
114855 55
114856 402
114857 129
114858 313
114859 68
114860 357
114861 67
114862 446
114863 222
114864 174
114865 39
114866 309
114867 310
114868 193
114869 416
114870 468
114871 76
114872 491
114873 162
114874 153
114875 138
114876 94
114877 81
114878 309
114879 214
114880 191
114881 213
114882 160
114883 282
114884 331
114885 75
114886 423
114887 385
114888 475
114889 277
114890 404
114891 475
114892 215
114893 258
114894 64
114895 82
114896 429
114897 263
114898 99
114899 89
114900 224
114901 130
114902 348
114903 140
114904 75
114905 109
114906 396
114907 349
114908 356
114909 198
114910 232
114911 216
114912 193
114913 22
114914 206
114915 216
114916 464
114917 349
114918 308
114919 235
114920 176
114921 335
114922 344
114923 203
114924 196
114925 270
114926 323
114927 171
114928 233
114929 496
114930 41
114931 243
114932 419
114933 486
114934 249
114935 22
114936 54
114937 187
114938 127
114939 48
114940 403
114941 396
114942 458
114943 382
114944 68
114945 165
114946 226
114947 396
114948 332
114949 135
114950 315
114951 454
114952 225
114953 361
114954 343
114955 437
114956 51
114957 90
114958 366
114959 37
114960 388
114961 113
114962 43
114963 357
114964 263
114965 327
114966 271
114967 298
114968 459
114969 314
114970 159
114971 450
114972 286
114973 317
114974 159
114975 322
114976 172
114977 406
114978 219
114979 50
114980 389
114981 274
114982 174
114983 55
114984 103
114985 182
114986 251
114987 463
114988 481
114989 284
114990 38
114991 180
114992 144
114993 26
114994 31
114995 235
114996 152
114997 254
114998 462
114999 280
115000 325
115001 227
115002 192
115003 152
115004 444
115005 19
115006 100
115007 289
115008 400
115009 417
115010 230
115011 122
115012 56
115013 495
115014 430
115015 271
115016 497
115017 258
115018 129
115019 333
115020 444
115021 139
115022 448
115023 162
115024 183
115025 365
115026 65
115027 280
115028 276
115029 380
115030 400
115031 435
115032 399
115033 301
115034 70
115035 177
115036 249
115037 80
115038 407
115039 447
115040 462
115041 481
115042 94
115043 33
115044 280
115045 122
115046 376
115047 119
115048 31
115049 296
115050 132
115051 127
115052 243
115053 296
115054 304
115055 123
115056 121
115057 170
115058 97
115059 379
115060 340
115061 436
115062 193
115063 383
115064 82
115065 465
115066 167
115067 472
115068 32
115069 325
115070 207
115071 298
115072 3
115073 46
115074 452
115075 62
115076 314
115077 11
115078 197
115079 123
115080 402
115081 405
115082 16
115083 160
115084 315
115085 315
115086 429
115087 233
115088 358
115089 391
115090 204
115091 377
115092 294
115093 381
115094 95
115095 392
115096 376
115097 298
115098 320
115099 138
115100 42
115101 291
115102 489
115103 443
115104 181
115105 400
115106 167
115107 358
115108 34
115109 303
115110 264
115111 455
115112 432
115113 295
115114 30
115115 226
115116 82
115117 86
115118 173
115119 304
115120 337
115121 203
115122 37
115123 307
115124 431
115125 287
115126 392
115127 282
115128 19
115129 211
115130 21
115131 175
115132 116
115133 221
115134 482
115135 197
115136 18
115137 195
115138 467
115139 345
115140 422
115141 371
115142 222
115143 421
115144 213
115145 366
115146 377
115147 478
115148 22
115149 449
115150 406
115151 209
115152 293
115153 283
115154 13
115155 446
115156 119
115157 166
115158 319
115159 219
115160 155
115161 383
115162 385
115163 139
115164 306
115165 63
115166 107
115167 59
115168 95
115169 167
115170 176
115171 83
115172 361
115173 5
115174 233
115175 87
115176 169
115177 495
115178 104
115179 167
115180 323
115181 41
115182 54
115183 175
115184 352
115185 98
115186 82
115187 321
115188 279
115189 155
115190 260
115191 467
115192 164
115193 313
115194 137
115195 3
115196 466
115197 402
115198 479
115199 148
115200 466
115201 496
115202 378
115203 3
115204 181
115205 493
115206 451
115207 491
115208 197
115209 426
115210 67
115211 378
115212 61
115213 42
115214 290
115215 142
115216 48
115217 350
115218 235
115219 381
115220 432
115221 46
115222 114
115223 134
115224 456
115225 399
115226 98
115227 232
115228 113
115229 76
115230 61
115231 130
115232 468
115233 481
115234 368
115235 483
115236 25
115237 162
115238 94
115239 36
115240 270
115241 7
115242 434
115243 8
115244 458
115245 337
115246 90
115247 46
115248 194
115249 109
115250 268
115251 268
115252 156
115253 356
115254 111
115255 85
115256 195
115257 362
115258 255
115259 157
115260 130
115261 13
115262 468
115263 24
115264 262
115265 40
115266 412
115267 105
115268 96
115269 99
115270 134
115271 333
115272 51
115273 364
115274 167
115275 482
115276 183
115277 219
115278 91
115279 181
115280 367
115281 318
115282 480
115283 179
115284 230
115285 42
115286 85
115287 153
115288 253
115289 76
115290 77
115291 134
115292 174
115293 476
115294 446
115295 159
115296 472
115297 150
115298 21
115299 479
115300 70
115301 94
115302 258
115303 218
115304 224
115305 339
115306 271
115307 259
115308 413
115309 112
115310 372
115311 423
115312 289
115313 351
115314 351
115315 11
115316 133
115317 311
115318 186
115319 157
115320 429
115321 277
115322 127
115323 110
115324 405
115325 44
115326 294
115327 270
115328 98
115329 63
115330 344
115331 176
115332 307
115333 31
115334 436
115335 257
115336 380
115337 376
115338 310
115339 410
115340 243
115341 151
115342 49
115343 229
115344 0
115345 205
115346 339
115347 493
115348 109
115349 264
115350 494
115351 476
115352 159
115353 223
115354 46
115355 144
115356 101
115357 172
115358 462
115359 419
115360 167
115361 344
115362 426
115363 272
115364 426
115365 257
115366 112
115367 112
115368 384
115369 261
115370 175
115371 141
115372 239
115373 224
115374 131
115375 453
115376 325
115377 226
115378 88
115379 54
115380 260
115381 268
115382 328
115383 181
115384 358
115385 327
115386 95
115387 449
115388 92
115389 41
115390 191
115391 239
115392 311
115393 210
115394 202
115395 258
115396 108
115397 202
115398 12
115399 222
115400 457
115401 448
115402 473
115403 253
115404 55
115405 88
115406 383
115407 315
115408 123
115409 13
115410 5
115411 375
115412 221
115413 170
115414 260
115415 419
115416 478
115417 156
115418 96
115419 84
115420 202
115421 14
115422 415
115423 415
115424 109
115425 35
115426 263
115427 279
115428 20
115429 436
115430 398
115431 152
115432 232
115433 334
115434 6
115435 69
115436 222
115437 229
115438 310
115439 441
115440 308
115441 340
115442 25
115443 344
115444 447
115445 415
115446 288
115447 129
115448 12
115449 217
115450 435
115451 99
115452 417
115453 154
115454 369
115455 356
115456 177
115457 251
115458 447
115459 226
115460 53
115461 465
115462 328
115463 20
115464 385
115465 111
115466 141
115467 176
115468 354
115469 428
115470 141
115471 149
115472 15
115473 29
115474 286
115475 444
115476 150
115477 281
115478 265
115479 423
115480 123
115481 379
115482 45
115483 319
115484 108
115485 464
115486 452
115487 413
115488 123
115489 133
115490 195
115491 424
115492 310
115493 383
115494 201
115495 417
115496 330
115497 399
115498 18
115499 42
115500 63
115501 167
115502 22
115503 324
115504 150
115505 313
115506 393
115507 198
115508 235
115509 152
115510 44
115511 74
115512 436
115513 322
115514 429
115515 222
115516 457
115517 186
115518 48
115519 9
115520 201
115521 292
115522 171
115523 236
115524 40
115525 369
115526 102
115527 118
115528 405
115529 476
115530 457
115531 409
115532 300
115533 117
115534 62
115535 317
115536 384
115537 303
115538 134
115539 175
115540 339
115541 386
115542 326
115543 297
115544 114
115545 38
115546 35
115547 444
115548 473
115549 82
115550 178
115551 387
115552 45
115553 390
115554 9
115555 226
115556 482
115557 94
115558 2
115559 147
115560 75
115561 96
115562 383
115563 236
115564 122
115565 224
115566 496
115567 192
115568 204
115569 61
115570 156
115571 293
115572 27
115573 227
115574 140
115575 102
115576 38
115577 33
115578 314
115579 127
115580 484
115581 243
115582 338
115583 486
115584 384
115585 54
115586 346
115587 308
115588 20
115589 220
115590 414
115591 367
115592 50
115593 176
115594 425
115595 168
115596 45
115597 231
115598 197
115599 45
115600 43
115601 482
115602 100
115603 166
115604 278
115605 209
115606 342
115607 81
115608 226
115609 157
115610 101
115611 444
115612 267
115613 111
115614 275
115615 450
115616 96
115617 217
115618 494
115619 362
115620 128
115621 109
115622 220
115623 403
115624 427
115625 33
115626 17
115627 60
115628 359
115629 325
115630 450
115631 250
115632 107
115633 119
115634 493
115635 474
115636 77
115637 281
115638 117
115639 256
115640 250
115641 247
115642 260
115643 245
115644 39
115645 0
115646 452
115647 123
115648 358
115649 150
115650 165
115651 232
115652 256
115653 483
115654 240
115655 108
115656 55
115657 125
115658 432
115659 473
115660 370
115661 359
115662 405
115663 320
115664 155
115665 41
115666 447
115667 153
115668 368
115669 206
115670 327
115671 352
115672 28
115673 123
115674 413
115675 81
115676 423
115677 287
115678 363
115679 315
115680 433
115681 359
115682 392
115683 215
115684 268
115685 457
115686 9
115687 91
115688 384
115689 12
115690 62
115691 433
115692 81
115693 260
115694 63
115695 452
115696 260
115697 489
115698 84
115699 474
115700 98
115701 22
115702 468
115703 47
115704 367
115705 105
115706 100
115707 72
115708 321
115709 195
115710 339
115711 411
115712 322
115713 362
115714 316
115715 304
115716 443
115717 393
115718 73
115719 4
115720 319
115721 377
115722 118
115723 89
115724 102
115725 298
115726 299
115727 268
115728 331
115729 70
115730 125
115731 443
115732 156
115733 483
115734 334
115735 54
115736 475
115737 189
115738 364
115739 410
115740 452
115741 265
115742 342
115743 397
115744 89
115745 217
115746 497
115747 105
115748 64
115749 313
115750 454
115751 31
115752 259
115753 213
115754 186
115755 39
115756 71
115757 72
115758 452
115759 39
115760 226
115761 109
115762 355
115763 336
115764 367
115765 60
115766 114
115767 371
115768 3
115769 284
115770 416
115771 15
115772 401
115773 155
115774 139
115775 408
115776 246
115777 224
115778 60
115779 58
115780 237
115781 386
115782 134
115783 278
115784 213
115785 300
115786 296
115787 405
115788 84
115789 127
115790 67
115791 355
115792 84
115793 349
115794 216
115795 86
115796 111
115797 224
115798 147
115799 30
115800 106
115801 432
115802 287
115803 457
115804 338
115805 345
115806 63
115807 315
115808 195
115809 122
115810 22
115811 261
115812 333
115813 439
115814 378
115815 44
115816 333
115817 121
115818 18
115819 461
115820 127
115821 274
115822 185
115823 135
115824 281
115825 349
115826 294
115827 349
115828 295
115829 373
115830 261
115831 389
115832 184
115833 274
115834 49
115835 211
115836 396
115837 445
115838 441
115839 117
115840 100
115841 302
115842 151
115843 378
115844 75
115845 418
115846 57
115847 193
115848 104
115849 240
115850 71
115851 348
115852 217
115853 13
115854 36
115855 277
115856 353
115857 104
115858 342
115859 225
115860 275
115861 438
115862 361
115863 11
115864 148
115865 288
115866 317
115867 213
115868 46
115869 391
115870 152
115871 33
115872 12
115873 440
115874 224
115875 155
115876 83
115877 171
115878 325
115879 464
115880 475
115881 360
115882 461
115883 303
115884 404
115885 455
115886 408
115887 378
115888 171
115889 315
115890 354
115891 112
115892 272
115893 158
115894 343
115895 211
115896 352
115897 120
115898 378
115899 74
115900 43
115901 421
115902 150
115903 301
115904 429
115905 456
115906 437
115907 128
115908 344
115909 459
115910 26
115911 489
115912 426
115913 50
115914 276
115915 389
115916 439
115917 4
115918 53
115919 208
115920 76
115921 182
115922 148
115923 80
115924 363
115925 403
115926 37
115927 46
115928 376
115929 120
115930 131
115931 429
115932 152
115933 213
115934 302
115935 379
115936 63
115937 300
115938 184
115939 392
115940 193
115941 322
115942 138
115943 198
115944 268
115945 296
115946 394
115947 4
115948 213
115949 455
115950 33
115951 247
115952 289
115953 105
115954 163
115955 94
115956 62
115957 466
115958 118
115959 383
115960 308
115961 428
115962 309
115963 3
115964 78
115965 476
115966 452
115967 359
115968 472
115969 304
115970 250
115971 387
115972 464
115973 210
115974 181
115975 73
115976 373
115977 496
115978 205
115979 210
115980 134
115981 223
115982 27
115983 84
115984 370
115985 105
115986 316
115987 223
115988 85
115989 129
115990 174
115991 48
115992 7
115993 482
115994 275
115995 438
115996 280
115997 97
115998 13
115999 422
116000 171
116001 463
116002 2
116003 160
116004 94
116005 356
116006 135
116007 469
116008 0
116009 465
116010 30
116011 21
116012 236
116013 477
116014 60
116015 228
116016 80
116017 430
116018 139
116019 168
116020 110
116021 97
116022 223
116023 163
116024 295
116025 290
116026 205
116027 289
116028 445
116029 358
116030 432
116031 265
116032 186
116033 407
116034 12
116035 319
116036 237
116037 367
116038 433
116039 134
116040 95
116041 474
116042 27
116043 445
116044 442
116045 245
116046 137
116047 222
116048 149
116049 327
116050 10
116051 337
116052 474
116053 386
116054 495
116055 185
116056 171
116057 217
116058 316
116059 320
116060 484
116061 334
116062 105
116063 313
116064 141
116065 468
116066 466
116067 163
116068 13
116069 477
116070 24
116071 302
116072 451
116073 176
116074 119
116075 45
116076 177
116077 495
116078 53
116079 413
116080 182
116081 257
116082 239
116083 320
116084 158
116085 477
116086 225
116087 18
116088 252
116089 75
116090 385
116091 278
116092 150
116093 361
116094 243
116095 366
116096 288
116097 189
116098 215
116099 160
116100 117
116101 126
116102 359
116103 194
116104 179
116105 423
116106 243
116107 401
116108 355
116109 288
116110 29
116111 277
116112 149
116113 489
116114 453
116115 494
116116 113
116117 41
116118 33
116119 300
116120 202
116121 47
116122 445
116123 343
116124 363
116125 156
116126 150
116127 205
116128 373
116129 307
116130 376
116131 258
116132 109
116133 446
116134 214
116135 169
116136 108
116137 477
116138 150
116139 468
116140 69
116141 116
116142 291
116143 36
116144 66
116145 240
116146 51
116147 307
116148 454
116149 253
116150 190
116151 456
116152 410
116153 378
116154 269
116155 362
116156 358
116157 313
116158 231
116159 42
116160 388
116161 445
116162 75
116163 418
116164 223
116165 421
116166 69
116167 320
116168 316
116169 151
116170 25
116171 189
116172 195
116173 174
116174 416
116175 122
116176 476
116177 62
116178 106
116179 394
116180 14
116181 471
116182 345
116183 114
116184 414
116185 396
116186 328
116187 127
116188 254
116189 144
116190 48
116191 198
116192 354
116193 21
116194 43
116195 174
116196 324
116197 350
116198 312
116199 127
116200 309
116201 237
116202 138
116203 333
116204 493
116205 311
116206 262
116207 367
116208 446
116209 128
116210 191
116211 117
116212 430
116213 384
116214 264
116215 15
116216 357
116217 168
116218 238
116219 373
116220 255
116221 210
116222 344
116223 282
116224 99
116225 173
116226 204
116227 261
116228 416
116229 141
116230 104
116231 155
116232 13
116233 470
116234 99
116235 19
116236 169
116237 257
116238 82
116239 243
116240 266
116241 111
116242 338
116243 129
116244 424
116245 40
116246 386
116247 237
116248 1
116249 207
116250 108
116251 133
116252 283
116253 84
116254 487
116255 133
116256 403
116257 388
116258 102
116259 6
116260 224
116261 388
116262 350
116263 2
116264 11
116265 221
116266 200
116267 143
116268 146
116269 426
116270 265
116271 376
116272 350
116273 279
116274 206
116275 306
116276 82
116277 263
116278 475
116279 169
116280 189
116281 146
116282 383
116283 372
116284 399
116285 95
116286 38
116287 396
116288 288
116289 264
116290 44
116291 480
116292 153
116293 467
116294 195
116295 431
116296 42
116297 230
116298 256
116299 381
116300 9
116301 17
116302 79
116303 310
116304 422
116305 150
116306 463
116307 326
116308 170
116309 230
116310 164
116311 296
116312 107
116313 168
116314 222
116315 133
116316 342
116317 228
116318 158
116319 50
116320 180
116321 209
116322 455
116323 458
116324 28
116325 174
116326 125
116327 174
116328 77
116329 497
116330 221
116331 6
116332 301
116333 40
116334 81
116335 192
116336 306
116337 6
116338 387
116339 181
116340 258
116341 309
116342 201
116343 60
116344 95
116345 408
116346 125
116347 450
116348 409
116349 123
116350 307
116351 493
116352 485
116353 55
116354 426
116355 377
116356 395
116357 168
116358 179
116359 323
116360 281
116361 273
116362 180
116363 413
116364 480
116365 470
116366 348
116367 476
116368 140
116369 147
116370 86
116371 239
116372 62
116373 119
116374 119
116375 446
116376 35
116377 367
116378 453
116379 324
116380 79
116381 243
116382 216
116383 219
116384 217
116385 437
116386 435
116387 20
116388 104
116389 94
116390 299
116391 281
116392 83
116393 380
116394 190
116395 156
116396 41
116397 285
116398 107
116399 488
116400 253
116401 470
116402 228
116403 64
116404 96
116405 226
116406 490
116407 379
116408 358
116409 94
116410 113
116411 267
116412 286
116413 119
116414 290
116415 422
116416 443
116417 387
116418 105
116419 385
116420 18
116421 81
116422 239
116423 478
116424 101
116425 183
116426 347
116427 64
116428 150
116429 118
116430 394
116431 467
116432 311
116433 153
116434 72
116435 19
116436 63
116437 257
116438 345
116439 416
116440 314
116441 138
116442 48
116443 285
116444 314
116445 313
116446 355
116447 265
116448 250
116449 299
116450 331
116451 350
116452 439
116453 422
116454 54
116455 118
116456 94
116457 332
116458 122
116459 299
116460 436
116461 107
116462 280
116463 0
116464 28
116465 423
116466 475
116467 479
116468 88
116469 236
116470 61
116471 221
116472 196
116473 264
116474 208
116475 309
116476 465
116477 420
116478 309
116479 318
116480 335
116481 297
116482 53
116483 9
116484 60
116485 91
116486 163
116487 114
116488 104
116489 4
116490 294
116491 149
116492 122
116493 364
116494 131
116495 349
116496 163
116497 153
116498 480
116499 41
116500 370
116501 429
116502 256
116503 483
116504 217
116505 167
116506 412
116507 287
116508 487
116509 428
116510 261
116511 79
116512 198
116513 12
116514 13
116515 467
116516 228
116517 203
116518 177
116519 436
116520 181
116521 435
116522 256
116523 81
116524 56
116525 473
116526 96
116527 410
116528 336
116529 84
116530 468
116531 104
116532 210
116533 232
116534 360
116535 30
116536 364
116537 70
116538 430
116539 110
116540 99
116541 348
116542 150
116543 429
116544 20
116545 95
116546 314
116547 336
116548 207
116549 321
116550 142
116551 455
116552 410
116553 422
116554 380
116555 34
116556 204
116557 187
116558 453
116559 163
116560 166
116561 30
116562 145
116563 289
116564 412
116565 134
116566 362
116567 384
116568 162
116569 144
116570 288
116571 93
116572 297
116573 92
116574 312
116575 252
116576 51
116577 290
116578 392
116579 233
116580 112
116581 423
116582 322
116583 222
116584 266
116585 477
116586 249
116587 351
116588 383
116589 326
116590 397
116591 447
116592 40
116593 31
116594 284
116595 425
116596 248
116597 137
116598 41
116599 18
116600 83
116601 311
116602 276
116603 100
116604 56
116605 372
116606 255
116607 276
116608 483
116609 184
116610 488
116611 217
116612 418
116613 409
116614 282
116615 76
116616 223
116617 372
116618 286
116619 102
116620 11
116621 121
116622 390
116623 77
116624 275
116625 429
116626 325
116627 296
116628 159
116629 431
116630 364
116631 32
116632 99
116633 455
116634 141
116635 135
116636 411
116637 289
116638 473
116639 311
116640 403
116641 394
116642 267
116643 156
116644 324
116645 227
116646 489
116647 430
116648 458
116649 52
116650 289
116651 296
116652 348
116653 24
116654 224
116655 294
116656 275
116657 390
116658 374
116659 190
116660 55
116661 58
116662 331
116663 159
116664 153
116665 401
116666 443
116667 146
116668 381
116669 382
116670 290
116671 415
116672 134
116673 30
116674 240
116675 376
116676 399
116677 62
116678 92
116679 51
116680 282
116681 446
116682 42
116683 167
116684 319
116685 399
116686 346
116687 468
116688 131
116689 102
116690 408
116691 491
116692 213
116693 285
116694 254
116695 282
116696 276
116697 153
116698 77
116699 273
116700 244
116701 166
116702 367
116703 326
116704 416
116705 243
116706 122
116707 63
116708 0
116709 267
116710 491
116711 285
116712 487
116713 12
116714 111
116715 365
116716 41
116717 445
116718 12
116719 157
116720 181
116721 159
116722 169
116723 68
116724 31
116725 213
116726 63
116727 429
116728 192
116729 424
116730 71
116731 490
116732 484
116733 4
116734 475
116735 478
116736 97
116737 434
116738 345
116739 150
116740 53
116741 92
116742 382
116743 183
116744 15
116745 339
116746 302
116747 155
116748 97
116749 400
116750 74
116751 448
116752 202
116753 374
116754 380
116755 310
116756 388
116757 323
116758 138
116759 253
116760 361
116761 410
116762 122
116763 358
116764 151
116765 228
116766 387
116767 347
116768 399
116769 120
116770 139
116771 308
116772 325
116773 464
116774 72
116775 251
116776 74
116777 323
116778 456
116779 132
116780 35
116781 255
116782 226
116783 213
116784 53
116785 358
116786 57
116787 89
116788 106
116789 72
116790 98
116791 96
116792 25
116793 461
116794 389
116795 50
116796 275
116797 125
116798 364
116799 101
116800 479
116801 160
116802 255
116803 487
116804 102
116805 365
116806 45
116807 475
116808 95
116809 253
116810 275
116811 383
116812 327
116813 491
116814 380
116815 33
116816 54
116817 241
116818 18
116819 192
116820 226
116821 185
116822 55
116823 295
116824 415
116825 248
116826 152
116827 199
116828 397
116829 316
116830 494
116831 198
116832 279
116833 284
116834 30
116835 304
116836 267
116837 3
116838 113
116839 384
116840 152
116841 28
116842 35
116843 248
116844 379
116845 382
116846 47
116847 142
116848 280
116849 207
116850 393
116851 210
116852 430
116853 229
116854 445
116855 412
116856 238
116857 327
116858 430
116859 327
116860 213
116861 226
116862 363
116863 69
116864 204
116865 251
116866 229
116867 381
116868 45
116869 121
116870 221
116871 128
116872 358
116873 305
116874 435
116875 7
116876 89
116877 148
116878 314
116879 355
116880 286
116881 40
116882 418
116883 21
116884 147
116885 256
116886 397
116887 246
116888 476
116889 24
116890 363
116891 372
116892 376
116893 247
116894 18
116895 164
116896 412
116897 189
116898 267
116899 419
116900 110
116901 40
116902 357
116903 202
116904 276
116905 463
116906 97
116907 74
116908 437
116909 63
116910 50
116911 365
116912 403
116913 408
116914 486
116915 12
116916 81
116917 91
116918 131
116919 406
116920 486
116921 80
116922 316
116923 425
116924 39
116925 32
116926 140
116927 129
116928 136
116929 266
116930 164
116931 455
116932 158
116933 459
116934 342
116935 373
116936 49
116937 410
116938 263
116939 40
116940 187
116941 130
116942 338
116943 110
116944 113
116945 269
116946 45
116947 83
116948 244
116949 18
116950 377
116951 330
116952 206
116953 221
116954 218
116955 352
116956 344
116957 236
116958 412
116959 191
116960 377
116961 366
116962 131
116963 81
116964 362
116965 18
116966 228
116967 408
116968 153
116969 157
116970 274
116971 371
116972 214
116973 236
116974 310
116975 30
116976 325
116977 395
116978 306
116979 38
116980 182
116981 220
116982 496
116983 106
116984 146
116985 184
116986 49
116987 370
116988 322
116989 396
116990 159
116991 0
116992 354
116993 311
116994 224
116995 120
116996 366
116997 394
116998 43
116999 373
117000 205
117001 54
117002 185
117003 128
117004 246
117005 122
117006 44
117007 265
117008 133
117009 41
117010 7
117011 271
117012 122
117013 157
117014 142
117015 33
117016 161
117017 443
117018 185
117019 395
117020 371
117021 381
117022 323
117023 165
117024 145
117025 364
117026 216
117027 176
117028 339
117029 414
117030 44
117031 30
117032 117
117033 5
117034 365
117035 59
117036 248
117037 461
117038 290
117039 287
117040 320
117041 227
117042 347
117043 8
117044 241
117045 445
117046 88
117047 128
117048 389
117049 122
117050 213
117051 177
117052 153
117053 126
117054 321
117055 123
117056 428
117057 402
117058 255
117059 408
117060 35
117061 195
117062 284
117063 297
117064 171
117065 40
117066 6
117067 252
117068 62
117069 208
117070 94
117071 163
117072 455
117073 479
117074 438
117075 291
117076 91
117077 404
117078 243
117079 94
117080 308
117081 415
117082 490
117083 192
117084 85
117085 391
117086 281
117087 62
117088 311
117089 236
117090 216
117091 312
117092 70
117093 366
117094 475
117095 151
117096 423
117097 419
117098 368
117099 495
117100 49
117101 1
117102 245
117103 72
117104 166
117105 163
117106 123
117107 302
117108 252
117109 60
117110 470
117111 491
117112 334
117113 136
117114 301
117115 233
117116 353
117117 252
117118 464
117119 335
117120 357
117121 194
117122 294
117123 412
117124 239
117125 93
117126 394
117127 63
117128 293
117129 383
117130 355
117131 229
117132 169
117133 196
117134 204
117135 480
117136 244
117137 497
117138 205
117139 125
117140 425
117141 100
117142 224
117143 283
117144 132
117145 306
117146 341
117147 184
117148 1
117149 190
117150 47
117151 56
117152 488
117153 478
117154 477
117155 226
117156 105
117157 253
117158 18
117159 325
117160 92
117161 206
117162 182
117163 193
117164 132
117165 173
117166 433
117167 363
117168 181
117169 484
117170 437
117171 339
117172 326
117173 382
117174 61
117175 150
117176 470
117177 369
117178 305
117179 400
117180 264
117181 154
117182 312
117183 461
117184 32
117185 199
117186 87
117187 21
117188 401
117189 20
117190 155
117191 61
117192 257
117193 342
117194 17
117195 183
117196 464
117197 483
117198 478
117199 232
117200 33
117201 429
117202 236
117203 200
117204 126
117205 486
117206 360
117207 425
117208 15
117209 58
117210 328
117211 10
117212 138
117213 306
117214 98
117215 176
117216 41
117217 324
117218 266
117219 190
117220 51
117221 132
117222 405
117223 494
117224 135
117225 220
117226 281
117227 85
117228 278
117229 73
117230 445
117231 103
117232 406
117233 2
117234 189
117235 76
117236 280
117237 158
117238 273
117239 226
117240 454
117241 422
117242 134
117243 209
117244 58
117245 93
117246 480
117247 6
117248 159
117249 415
117250 90
117251 335
117252 54
117253 317
117254 413
117255 238
117256 350
117257 128
117258 236
117259 116
117260 435
117261 341
117262 32
117263 97
117264 178
117265 201
117266 108
117267 428
117268 345
117269 422
117270 213
117271 20
117272 414
117273 395
117274 22
117275 310
117276 100
117277 340
117278 69
117279 105
117280 15
117281 164
117282 229
117283 204
117284 266
117285 397
117286 464
117287 321
117288 244
117289 142
117290 108
117291 183
117292 278
117293 369
117294 207
117295 191
117296 275
117297 63
117298 378
117299 328
117300 431
117301 488
117302 359
117303 390
117304 191
117305 146
117306 346
117307 241
117308 23
117309 126
117310 322
117311 409
117312 211
117313 177
117314 368
117315 479
117316 333
117317 247
117318 5
117319 396
117320 197
117321 213
117322 455
117323 35
117324 227
117325 197
117326 334
117327 158
117328 240
117329 462
117330 110
117331 95
117332 134
117333 87
117334 55
117335 270
117336 96
117337 395
117338 270
117339 359
117340 487
117341 435
117342 98
117343 470
117344 161
117345 363
117346 253
117347 194
117348 54
117349 360
117350 38
117351 72
117352 73
117353 67
117354 75
117355 129
117356 178
117357 8
117358 104
117359 255
117360 44
117361 276
117362 71
117363 88
117364 46
117365 462
117366 272
117367 57
117368 142
117369 259
117370 427
117371 334
117372 391
117373 438
117374 222
117375 20
117376 99
117377 44
117378 205
117379 191
117380 365
117381 384
117382 35
117383 37
117384 216
117385 70
117386 80
117387 399
117388 102
117389 398
117390 405
117391 82
117392 234
117393 181
117394 276
117395 436
117396 355
117397 331
117398 223
117399 356
117400 365
117401 378
117402 193
117403 72
117404 489
117405 32
117406 78
117407 497
117408 435
117409 179
117410 409
117411 128
117412 74
117413 396
117414 70
117415 49
117416 278
117417 33
117418 474
117419 411
117420 277
117421 227
117422 408
117423 174
117424 418
117425 94
117426 301
117427 417
117428 167
117429 79
117430 208
117431 301
117432 325
117433 421
117434 82
117435 160
117436 153
117437 321
117438 362
117439 142
117440 290
117441 494
117442 81
117443 247
117444 360
117445 365
117446 46
117447 184
117448 356
117449 40
117450 362
117451 363
117452 222
117453 48
117454 373
117455 157
117456 30
117457 61
117458 180
117459 219
117460 111
117461 23
117462 369
117463 342
117464 15
117465 97
117466 19
117467 22
117468 121
117469 361
117470 449
117471 392
117472 461
117473 17
117474 455
117475 451
117476 469
117477 450
117478 283
117479 299
117480 103
117481 319
117482 333
117483 267
117484 42
117485 290
117486 428
117487 220
117488 103
117489 287
117490 103
117491 94
117492 345
117493 260
117494 56
117495 420
117496 401
117497 422
117498 88
117499 132
117500 251
117501 378
117502 128
117503 7
117504 293
117505 134
117506 21
117507 30
117508 257
117509 337
117510 174
117511 276
117512 270
117513 341
117514 84
117515 155
117516 237
117517 235
117518 203
117519 191
117520 268
117521 223
117522 394
117523 52
117524 147
117525 89
117526 446
117527 390
117528 127
117529 177
117530 31
117531 248
117532 388
117533 239
