60000 251
60001 276
60002 44
60003 253
60004 49
60005 251
60006 276
60007 49
60008 253
60009 284
60010 223
60011 223
60012 238
60013 101
60014 238
60015 254
60016 238
60017 101
60018 254
60019 238
60020 238
60021 254
60022 58
60023 59
60024 58
60025 59
60026 58
60027 59
60028 58
60029 59
60030 59
60031 59
60032 59
60033 430
60034 430
60035 430
60036 430
60037 284
60038 230
60039 234
60040 284
60041 233
60042 284
60043 284
60044 233
60045 230
60046 284
60047 284
60048 36
60049 230
60050 221
60051 317
60052 230
60053 227
60054 230
60055 284
60056 284
60057 317
60058 284
60059 227
60060 221
60061 3
60062 230
60063 221
60064 230
60065 260
60066 229
60067 313
60068 230
60069 260
60070 312
60071 321
60072 302
60073 312
60074 313
60075 321
60076 312
60077 260
60078 312
60079 302
60080 302
60081 312
60082 260
60083 313
60084 301
60085 260
60086 302
60087 250
60088 317
60089 250
60090 82
60091 234
60092 312
60093 240
60094 234
60095 240
60096 232
60097 240
60098 82
60099 232
60100 317
60101 312
60102 284
60103 284
60104 284
60105 284
60106 331
60107 331
60108 331
60109 331
60110 233
60111 81
60112 233
60113 81
60114 229
60115 34
60116 233
60117 233
60118 81
60119 47
60120 229
60121 34
60122 81
60123 284
60124 289
60125 289
60126 285
60127 273
60128 285
60129 273
60130 284
60131 284
60132 284
60133 331
60134 331
60135 331
60136 233
60137 232
60138 232
60139 232
60140 230
60141 231
60142 230
60143 220
60144 230
60145 220
60146 284
60147 273
60148 273
60149 284
60150 285
60151 406
60152 406
60153 36
60154 36
60155 375
60156 375
60157 193
60158 222
60159 220
60160 220
60161 222
60162 222
60163 355
60164 274
60165 357
60166 236
60167 355
60168 301
60169 224
60170 224
60171 220
60172 224
60173 220
60174 301
60175 277
60176 274
60177 301
60178 220
60179 277
60180 277
60181 236
60182 236
60183 357
60184 277
60185 236
60186 220
60187 301
60188 300
60189 241
60190 245
60191 228
60192 252
60193 393
60194 300
60195 228
60196 228
60197 245
60198 252
60199 241
60200 241
60201 300
60202 60
60203 238
60204 245
60205 220
60206 319
60207 393
60208 252
60209 252
60210 228
60211 245
60212 238
60213 250
60214 222
60215 264
60216 224
60217 224
60218 222
60219 222
60220 222
60221 222
60222 222
60223 264
60224 216
60225 264
60226 222
60227 264
60228 264
60229 216
60230 222
60231 222
60232 222
60233 222
60234 223
60235 222
60236 222
60237 222
60238 155
60239 155
60240 155
60241 155
60242 237
60243 313
60244 237
60245 318
60246 216
60247 237
60248 216
60249 318
60250 238
60251 216
60252 313
60253 313
60254 238
60255 237
60256 155
60257 245
60258 313
60259 216
60260 318
60261 192
60262 192
60263 197
60264 139
60265 192
60266 192
60267 197
60268 57
60269 176
60270 139
60271 128
60272 131
60273 176
60274 197
60275 133
60276 133
60277 201
60278 197
60279 201
60280 159
60281 196
60282 159
60283 196
60284 201
60285 9
60286 9
60287 9
60288 9
60289 136
60290 146
60291 146
60292 128
60293 128
60294 146
60295 136
60296 146
60297 136
60298 344
60299 344
60300 344
60301 344
60302 344
60303 344
60304 344
60305 140
60306 143
60307 140
60308 140
60309 138
60310 140
60311 143
60312 143
60313 143
60314 143
60315 143
60316 147
60317 140
60318 111
60319 151
60320 141
60321 147
60322 136
60323 151
60324 149
60325 111
60326 128
60327 140
60328 152
60329 140
60330 136
60331 149
60332 143
60333 152
60334 152
60335 143
60336 140
60337 108
60338 149
60339 143
60340 111
60341 108
60342 111
60343 143
60344 149
60345 140
60346 140
60347 140
60348 138
60349 144
60350 138
60351 144
60352 48
60353 253
60354 250
60355 250
60356 163
60357 48
60358 47
60359 48
60360 0
60361 163
60362 0
60363 0
60364 48
60365 48
60366 0
60367 163
60368 0
60369 48
60370 0
60371 48
60372 48
60373 48
60374 48
60375 47
60376 48
60377 0
60378 0
60379 47
60380 163
60381 48
60382 47
60383 0
60384 253
60385 49
60386 224
60387 219
60388 219
60389 253
60390 49
60391 235
60392 49
60393 49
60394 235
60395 223
60396 237
60397 237
60398 223
60399 251
60400 248
60401 251
60402 250
60403 251
60404 247
60405 298
60406 251
60407 247
60408 298
60409 248
60410 298
60411 250
60412 297
60413 297
60414 247
60415 248
60416 248
60417 248
60418 298
60419 298
60420 342
60421 342
60422 342
60423 250
60424 51
60425 29
60426 29
60427 48
60428 48
60429 48
60430 51
60431 48
60432 48
60433 94
60434 27
60435 94
60436 27
60437 29
60438 94
60439 94
60440 29
60441 240
60442 29
60443 264
60444 341
60445 259
60446 259
60447 385
60448 259
60449 260
60450 239
60451 260
60452 239
60453 277
60454 277
60455 298
60456 32
60457 258
60458 297
60459 258
60460 264
60461 32
60462 264
60463 298
60464 264
60465 341
60466 239
60467 399
60468 298
60469 297
60470 282
60471 385
60472 341
60473 298
60474 191
60475 191
60476 316
60477 192
60478 192
60479 192
60480 192
60481 316
60482 234
60483 234
60484 226
60485 226
60486 191
60487 165
60488 191
60489 191
60490 164
60491 191
60492 169
60493 165
60494 165
60495 142
60496 142
60497 165
60498 142
60499 134
60500 134
60501 129
60502 116
60503 134
60504 129
60505 142
60506 142
60507 115
60508 169
60509 115
60510 165
60511 142
60512 191
60513 169
60514 147
60515 191
60516 147
60517 169
60518 169
60519 147
60520 192
60521 192
60522 108
60523 109
60524 192
60525 192
60526 109
60527 108
60528 126
60529 192
60530 192
60531 126
60532 192
60533 197
60534 197
60535 125
60536 108
60537 202
60538 202
60539 192
60540 202
60541 192
60542 192
60543 125
60544 125
60545 109
60546 108
60547 114
60548 192
60549 190
60550 126
60551 122
60552 181
60553 211
60554 163
60555 211
60556 190
60557 169
60558 180
60559 122
60560 169
60561 211
60562 199
60563 121
60564 126
60565 111
60566 153
60567 135
60568 110
60569 163
60570 145
60571 133
60572 109
60573 170
60574 110
60575 152
60576 109
60577 110
60578 145
60579 185
60580 121
60581 110
60582 133
60583 152
60584 133
60585 132
60586 145
60587 111
60588 199
60589 169
60590 192
60591 152
60592 126
60593 185
60594 110
60595 111
60596 122
60597 199
60598 190
60599 145
60600 135
60601 133
60602 135
60603 133
60604 180
60605 122
60606 152
60607 170
60608 126
60609 109
60610 122
60611 122
60612 118
60613 151
60614 111
60615 163
60616 110
60617 185
60618 170
60619 151
60620 132
60621 153
60622 110
60623 152
60624 111
60625 109
60626 118
60627 118
60628 169
60629 133
60630 122
60631 170
60632 135
60633 129
60634 316
60635 115
60636 142
60637 134
60638 134
60639 134
60640 134
60641 142
60642 134
60643 129
60644 115
60645 129
60646 142
60647 402
60648 289
60649 400
60650 289
60651 402
60652 402
60653 402
60654 402
60655 402
60656 65
60657 65
60658 221
60659 289
60660 306
60661 289
60662 263
60663 289
60664 302
60665 221
60666 262
60667 262
60668 253
60669 302
60670 234
60671 234
60672 302
60673 306
60674 9
60675 289
60676 289
60677 306
60678 263
60679 61
60680 71
60681 217
60682 221
60683 61
60684 9
60685 289
60686 289
60687 234
60688 71
60689 221
60690 302
60691 217
60692 71
60693 61
60694 263
60695 400
60696 400
60697 221
60698 289
60699 289
60700 230
60701 274
60702 302
60703 262
60704 229
60705 262
60706 69
60707 262
60708 262
60709 302
60710 234
60711 234
60712 302
60713 221
60714 302
60715 306
60716 78
60717 289
60718 289
60719 230
60720 69
60721 274
60722 221
60723 78
60724 289
60725 234
60726 230
60727 221
60728 302
60729 227
60730 262
60731 274
60732 402
60733 402
60734 402
60735 75
60736 75
60737 128
60738 128
60739 196
60740 196
60741 196
60742 196
60743 128
60744 114
60745 128
60746 125
60747 127
60748 47
60749 128
60750 125
60751 114
60752 127
60753 124
60754 124
60755 129
60756 129
60757 129
60758 201
60759 197
60760 28
60761 196
60762 201
60763 28
60764 202
60765 196
60766 201
60767 197
60768 31
60769 31
60770 202
60771 31
60772 152
60773 136
60774 166
60775 129
60776 129
60777 141
60778 141
60779 201
60780 136
60781 187
60782 196
60783 152
60784 141
60785 167
60786 160
60787 167
60788 187
60789 152
60790 129
60791 201
60792 136
60793 160
60794 160
60795 201
60796 166
60797 160
60798 152
60799 129
60800 187
60801 129
60802 187
60803 160
60804 129
60805 160
60806 187
60807 152
60808 152
60809 128
60810 128
60811 224
60812 224
60813 224
60814 224
60815 232
60816 40
60817 227
60818 227
60819 227
60820 277
60821 277
60822 227
60823 232
60824 67
60825 361
60826 232
60827 232
60828 67
60829 233
60830 306
60831 306
60832 306
60833 21
60834 233
60835 301
60836 232
60837 301
60838 302
60839 361
60840 302
60841 302
60842 301
60843 233
60844 67
60845 361
60846 232
60847 228
60848 228
60849 233
60850 274
60851 40
60852 57
60853 308
60854 305
60855 229
60856 35
60857 285
60858 308
60859 274
60860 35
60861 233
60862 228
60863 229
60864 305
60865 233
60866 229
60867 285
60868 233
60869 57
60870 308
60871 57
60872 285
60873 40
60874 228
60875 228
60876 56
60877 227
60878 56
60879 228
60880 43
60881 249
60882 56
60883 249
60884 227
60885 43
60886 249
60887 227
60888 227
60889 228
60890 249
60891 249
60892 56
60893 43
60894 228
60895 227
60896 224
60897 56
60898 224
60899 58
60900 228
60901 58
60902 224
60903 228
60904 248
60905 231
60906 306
60907 231
60908 306
60909 306
60910 227
60911 231
60912 363
60913 361
60914 363
60915 301
60916 302
60917 361
60918 302
60919 227
60920 301
60921 227
60922 248
60923 361
60924 302
60925 228
60926 221
60927 221
60928 54
60929 228
60930 54
60931 216
60932 228
60933 317
60934 54
60935 228
60936 54
60937 58
60938 54
60939 58
60940 216
60941 310
60942 58
60943 221
60944 310
60945 228
60946 277
60947 376
60948 277
60949 299
60950 70
60951 68
60952 376
60953 339
60954 277
60955 339
60956 277
60957 299
60958 339
60959 299
60960 376
60961 236
60962 353
60963 268
60964 269
60965 353
60966 353
60967 268
60968 22
60969 230
60970 236
60971 277
60972 302
60973 277
60974 22
60975 230
60976 302
60977 236
60978 268
60979 300
60980 220
60981 62
60982 227
60983 78
60984 220
60985 62
60986 78
60987 78
60988 220
60989 232
60990 28
60991 28
60992 28
60993 73
60994 73
60995 197
60996 126
60997 203
60998 28
60999 193
61000 211
61001 178
61002 178
61003 173
61004 176
61005 193
61006 197
61007 112
61008 179
61009 173
61010 193
61011 188
61012 188
61013 129
61014 12
61015 204
61016 173
61017 112
61018 113
61019 7
61020 113
61021 162
61022 211
61023 91
61024 91
61025 126
61026 205
61027 184
61028 129
61029 91
61030 162
61031 28
61032 203
61033 112
61034 20
61035 197
61036 91
61037 166
61038 20
61039 204
61040 126
61041 173
61042 113
61043 164
61044 179
61045 162
61046 205
61047 211
61048 113
61049 126
61050 8
61051 162
61052 173
61053 112
61054 179
61055 206
61056 7
61057 28
61058 28
61059 179
61060 131
61061 31
61062 12
61063 176
61064 113
61065 127
61066 188
61067 184
61068 162
61069 196
61070 126
61071 206
61072 91
61073 179
61074 205
61075 196
61076 166
61077 12
61078 211
61079 131
61080 166
61081 203
61082 163
61083 419
61084 419
61085 419
61086 349
61087 304
61088 36
61089 304
61090 304
61091 36
61092 144
61093 119
61094 119
61095 306
61096 304
61097 304
61098 304
61099 36
61100 45
61101 45
61102 20
61103 264
61104 221
61105 50
61106 65
61107 65
61108 50
61109 221
61110 57
61111 57
61112 345
61113 221
61114 345
61115 346
61116 346
61117 304
61118 419
61119 421
61120 221
61121 345
61122 221
61123 264
61124 57
61125 264
61126 57
61127 66
61128 65
61129 304
61130 264
61131 304
61132 398
61133 223
61134 34
61135 36
61136 304
61137 223
61138 36
61139 223
61140 284
61141 309
61142 398
61143 49
61144 309
61145 398
61146 34
61147 284
61148 49
61149 223
61150 263
61151 261
61152 263
61153 28
61154 263
61155 261
61156 28
61157 263
61158 36
61159 174
61160 174
61161 174
61162 81
61163 130
61164 130
61165 126
61166 86
61167 130
61168 186
61169 130
61170 186
61171 186
61172 142
61173 123
61174 142
61175 126
61176 142
61177 123
61178 142
61179 126
61180 304
61181 292
61182 283
61183 310
61184 86
61185 292
61186 87
61187 44
61188 217
61189 44
61190 341
61191 217
61192 285
61193 271
61194 277
61195 341
61196 285
61197 217
61198 87
61199 271
61200 371
61201 310
61202 293
61203 341
61204 304
61205 293
61206 277
61207 86
61208 293
61209 292
61210 371
61211 217
61212 84
61213 84
61214 84
61215 104
61216 84
61217 285
61218 67
61219 285
61220 59
61221 60
61222 104
61223 285
61224 104
61225 67
61226 104
61227 20
61228 20
61229 20
61230 20
61231 20
61232 20
61233 28
61234 74
61235 71
61236 71
61237 48
61238 74
61239 48
61240 48
61241 228
61242 348
61243 258
61244 71
61245 258
61246 71
61247 348
61248 228
61249 258
61250 71
61251 25
61252 26
61253 26
61254 1
61255 1
61256 25
61257 1
61258 352
61259 352
61260 352
61261 328
61262 423
61263 423
61264 328
61265 352
61266 352
61267 352
61268 359
61269 83
61270 88
61271 247
61272 247
61273 203
61274 302
61275 326
61276 83
61277 203
61278 249
61279 302
61280 354
61281 83
61282 302
61283 355
61284 336
61285 249
61286 326
61287 203
61288 88
61289 302
61290 354
61291 247
61292 328
61293 328
61294 401
61295 401
61296 401
61297 391
61298 423
61299 346
61300 328
61301 346
61302 328
61303 225
61304 225
61305 177
61306 164
61307 142
61308 177
61309 143
61310 199
61311 198
61312 199
61313 198
61314 177
61315 199
61316 199
61317 306
61318 191
61319 92
61320 29
61321 163
61322 164
61323 163
61324 191
61325 41
61326 191
61327 164
61328 307
61329 163
61330 180
61331 128
61332 293
61333 70
61334 245
61335 190
61336 200
61337 306
61338 180
61339 240
61340 192
61341 41
61342 245
61343 200
61344 70
61345 29
61346 293
61347 41
61348 127
61349 228
61350 200
61351 163
61352 122
61353 127
61354 122
61355 190
61356 227
61357 79
61358 78
61359 190
61360 127
61361 0
61362 0
61363 164
61364 245
61365 245
61366 78
61367 0
61368 200
61369 122
61370 240
61371 122
61372 92
61373 306
61374 0
61375 306
61376 227
61377 192
61378 164
61379 79
61380 128
61381 127
61382 127
61383 190
61384 190
61385 142
61386 176
61387 128
61388 190
61389 200
61390 164
61391 129
61392 119
61393 128
61394 190
61395 194
61396 119
61397 157
61398 190
61399 190
61400 176
61401 164
61402 164
61403 164
61404 200
61405 164
61406 129
61407 193
61408 193
61409 164
61410 157
61411 200
61412 129
61413 193
61414 176
61415 164
61416 194
61417 131
61418 110
61419 189
61420 194
61421 131
61422 110
61423 191
61424 191
61425 110
61426 177
61427 177
61428 110
61429 110
61430 192
61431 192
61432 122
61433 128
61434 143
61435 129
61436 129
61437 146
61438 129
61439 128
61440 139
61441 127
61442 203
61443 122
61444 122
61445 146
61446 151
61447 151
61448 139
61449 127
61450 192
61451 127
61452 146
61453 203
61454 143
61455 151
61456 128
61457 151
61458 128
61459 143
61460 122
61461 122
61462 127
61463 146
61464 25
61465 25
61466 226
61467 226
61468 394
61469 394
61470 394
61471 397
61472 394
61473 421
61474 136
61475 130
61476 130
61477 148
61478 16
61479 136
61480 136
61481 129
61482 111
61483 136
61484 138
61485 133
61486 124
61487 124
61488 129
61489 125
61490 136
61491 124
61492 125
61493 133
61494 125
61495 134
61496 130
61497 130
61498 156
61499 126
61500 145
61501 149
61502 156
61503 135
61504 135
61505 171
61506 136
61507 135
61508 126
61509 135
61510 135
61511 135
61512 145
61513 154
61514 149
61515 171
61516 135
61517 135
61518 135
61519 116
61520 130
61521 154
61522 171
61523 116
61524 136
61525 135
61526 146
61527 128
61528 305
61529 427
61530 153
61531 137
61532 305
61533 147
61534 149
61535 165
61536 118
61537 128
61538 119
61539 282
61540 154
61541 147
61542 151
61543 149
61544 129
61545 139
61546 427
61547 189
61548 189
61549 148
61550 115
61551 165
61552 108
61553 151
61554 153
61555 139
61556 108
61557 147
61558 151
61559 136
61560 139
61561 156
61562 149
61563 147
61564 118
61565 137
61566 137
61567 154
61568 427
61569 123
61570 156
61571 139
61572 155
61573 190
61574 160
61575 160
61576 151
61577 158
61578 151
61579 190
61580 139
61581 147
61582 153
61583 136
61584 147
61585 119
61586 108
61587 119
61588 160
61589 190
61590 158
61591 146
61592 158
61593 153
61594 118
61595 148
61596 149
61597 123
61598 129
61599 115
61600 146
61601 123
61602 155
61603 139
61604 199
61605 148
61606 147
61607 129
61608 158
61609 148
61610 155
61611 153
61612 16
61613 16
61614 16
61615 16
61616 147
61617 135
61618 136
61619 135
61620 135
61621 147
61622 135
61623 135
61624 135
61625 135
61626 135
61627 135
61628 135
61629 136
61630 63
61631 208
61632 63
61633 208
61634 63
61635 58
61636 63
61637 59
61638 58
61639 63
61640 90
61641 90
61642 210
61643 208
61644 85
61645 314
61646 85
61647 189
61648 106
61649 308
61650 106
61651 200
61652 85
61653 217
61654 224
61655 322
61656 224
61657 89
61658 276
61659 200
61660 189
61661 89
61662 62
61663 62
61664 63
61665 276
61666 276
61667 217
61668 89
61669 251
61670 85
61671 85
61672 85
61673 189
61674 204
61675 308
61676 276
61677 106
61678 208
61679 380
61680 380
61681 380
61682 63
61683 56
61684 5
61685 5
61686 5
61687 66
61688 245
61689 5
61690 243
61691 4
61692 57
61693 57
61694 4
61695 336
61696 336
61697 4
61698 4
61699 5
61700 336
61701 229
61702 21
61703 52
61704 69
61705 42
61706 40
61707 21
61708 229
61709 9
61710 21
61711 5
61712 229
61713 29
61714 42
61715 22
61716 40
61717 8
61718 42
61719 51
61720 69
61721 21
61722 40
61723 29
61724 51
61725 5
61726 5
61727 32
61728 40
61729 51
61730 229
61731 229
61732 51
61733 74
61734 52
61735 52
61736 9
61737 8
61738 8
61739 57
61740 4
61741 4
61742 306
61743 396
61744 392
61745 306
61746 347
61747 246
61748 262
61749 246
61750 259
61751 302
61752 298
61753 298
61754 259
61755 245
61756 302
61757 347
61758 302
61759 245
61760 245
61761 347
61762 259
61763 246
61764 298
61765 245
61766 396
61767 392
61768 306
61769 302
61770 246
61771 246
61772 246
61773 308
61774 306
61775 298
61776 298
61777 259
61778 245
61779 302
61780 347
61781 302
61782 245
61783 245
61784 347
61785 298
61786 259
61787 246
61788 306
61789 245
61790 347
61791 99
61792 99
61793 99
61794 99
61795 99
61796 61
61797 61
61798 61
61799 99
61800 204
61801 204
61802 24
61803 24
61804 100
61805 99
61806 104
61807 99
61808 100
61809 282
61810 282
61811 282
61812 304
61813 304
61814 282
61815 272
61816 275
61817 275
61818 272
61819 273
61820 328
61821 328
61822 267
61823 273
61824 254
61825 267
61826 272
61827 273
61828 328
61829 282
61830 275
61831 254
61832 275
61833 32
61834 285
61835 285
61836 39
61837 96
61838 32
61839 39
61840 39
61841 96
61842 237
61843 237
61844 241
61845 285
61846 285
61847 257
61848 285
61849 84
61850 241
61851 257
61852 241
61853 84
61854 293
61855 257
61856 241
61857 84
61858 287
61859 257
61860 241
61861 237
61862 286
61863 285
61864 285
61865 285
61866 95
61867 269
61868 269
61869 95
61870 95
61871 269
61872 8
61873 148
61874 148
61875 148
61876 179
61877 148
61878 128
61879 178
61880 136
61881 169
61882 179
61883 127
61884 128
61885 177
61886 128
61887 179
61888 177
61889 148
61890 177
61891 127
61892 178
61893 179
61894 63
61895 151
61896 126
61897 151
61898 10
61899 151
61900 10
61901 124
61902 126
61903 124
61904 120
61905 10
61906 10
61907 10
61908 124
61909 126
61910 120
61911 83
61912 148
61913 151
61914 83
61915 126
61916 181
61917 143
61918 143
61919 143
61920 181
61921 148
61922 176
61923 179
61924 179
61925 176
61926 179
61927 63
61928 197
61929 197
61930 72
61931 91
61932 72
61933 168
61934 183
61935 18
61936 72
61937 175
61938 18
61939 18
61940 91
61941 168
61942 175
61943 123
61944 123
61945 122
61946 122
61947 122
61948 129
61949 123
61950 129
61951 123
61952 221
61953 221
61954 235
61955 235
61956 235
61957 4
61958 4
61959 5
61960 235
61961 5
61962 4
61963 290
61964 251
61965 263
61966 228
61967 221
61968 228
61969 24
61970 2
61971 228
61972 221
61973 280
61974 2
61975 280
61976 251
61977 290
61978 47
61979 24
61980 290
61981 263
61982 251
61983 263
61984 422
61985 422
61986 422
61987 422
61988 422
61989 422
61990 349
61991 349
61992 77
61993 349
61994 55
61995 368
61996 368
61997 371
61998 258
61999 258
62000 77
62001 312
62002 285
62003 269
62004 370
62005 285
62006 258
62007 94
62008 313
62009 313
62010 368
62011 264
62012 368
62013 258
62014 258
62015 285
62016 368
62017 264
62018 315
62019 285
62020 368
62021 349
62022 297
62023 293
62024 279
62025 354
62026 279
62027 354
62028 297
62029 349
62030 314
62031 366
62032 366
62033 307
62034 55
62035 55
62036 55
62037 55
62038 307
62039 55
62040 319
62041 55
62042 319
62043 298
62044 55
62045 63
62046 365
62047 258
62048 258
62049 305
62050 305
62051 285
62052 305
62053 258
62054 264
62055 285
62056 264
62057 355
62058 305
62059 63
62060 355
62061 63
62062 264
62063 258
62064 307
62065 305
62066 285
62067 368
62068 264
62069 365
62070 368
62071 361
62072 216
62073 216
62074 216
62075 216
62076 361
62077 368
62078 84
62079 85
62080 172
62081 85
62082 85
62083 85
62084 85
62085 172
62086 85
62087 85
62088 85
62089 85
62090 85
62091 85
62092 85
62093 85
62094 84
62095 84
62096 85
62097 85
62098 172
62099 85
62100 85
62101 85
62102 85
62103 172
62104 85
62105 337
62106 337
62107 281
62108 85
62109 299
62110 327
62111 299
62112 299
62113 327
62114 282
62115 299
62116 282
62117 282
62118 281
62119 338
62120 327
62121 299
62122 299
62123 149
62124 149
62125 149
62126 22
62127 22
62128 95
62129 149
62130 156
62131 22
62132 22
62133 149
62134 156
62135 95
62136 22
62137 156
62138 95
62139 22
62140 156
62141 149
62142 152
62143 149
62144 156
62145 22
62146 22
62147 95
62148 149
62149 156
62150 22
62151 22
62152 149
62153 156
62154 95
62155 22
62156 95
62157 257
62158 257
62159 258
62160 250
62161 250
62162 358
62163 257
62164 266
62165 358
62166 325
62167 257
62168 262
62169 325
62170 262
62171 290
62172 290
62173 285
62174 257
62175 343
62176 285
62177 325
62178 290
62179 325
62180 357
62181 357
62182 250
62183 325
62184 290
62185 290
62186 325
62187 290
62188 325
62189 252
62190 369
62191 313
62192 369
62193 311
62194 319
62195 319
62196 311
62197 313
62198 365
62199 337
62200 415
62201 337
62202 370
62203 370
62204 370
62205 370
62206 313
62207 370
62208 313
62209 370
62210 275
62211 275
62212 369
62213 311
62214 312
62215 311
62216 319
62217 319
62218 291
62219 243
62220 294
62221 252
62222 275
62223 311
62224 291
62225 297
62226 243
62227 252
62228 311
62229 275
62230 311
62231 294
62232 252
62233 310
62234 293
62235 310
62236 275
62237 370
62238 370
62239 370
62240 370
62241 313
62242 370
62243 313
62244 313
62245 370
62246 16
62247 16
62248 365
62249 351
62250 16
62251 36
62252 49
62253 49
62254 210
62255 210
62256 99
62257 99
62258 210
62259 210
62260 114
62261 280
62262 126
62263 210
62264 114
62265 280
62266 280
62267 129
62268 155
62269 126
62270 210
62271 210
62272 114
62273 129
62274 155
62275 155
62276 210
62277 210
62278 27
62279 210
62280 99
62281 210
62282 210
62283 210
62284 99
62285 210
62286 27
62287 13
62288 180
62289 196
62290 99
62291 93
62292 196
62293 196
62294 180
62295 196
62296 196
62297 196
62298 417
62299 417
62300 378
62301 417
62302 417
62303 408
62304 417
62305 378
62306 392
62307 392
62308 392
62309 379
62310 408
62311 418
62312 418
62313 392
62314 379
62315 417
62316 392
62317 392
62318 392
62319 378
62320 417
62321 378
62322 378
62323 417
62324 417
62325 417
62326 378
62327 392
62328 392
62329 418
62330 418
62331 392
62332 378
62333 417
62334 392
62335 392
62336 392
62337 378
62338 417
62339 378
62340 95
62341 95
62342 95
62343 95
62344 95
62345 95
62346 391
62347 391
62348 391
62349 391
62350 391
62351 391
62352 391
62353 106
62354 106
62355 106
62356 154
62357 106
62358 106
62359 8
62360 6
62361 6
62362 405
62363 430
62364 405
62365 8
62366 8
62367 405
62368 106
62369 106
62370 6
62371 6
62372 157
62373 154
62374 157
62375 147
62376 207
62377 207
62378 147
62379 154
62380 147
62381 106
62382 106
62383 65
62384 407
62385 247
62386 65
62387 354
62388 368
62389 29
62390 262
62391 261
62392 242
62393 354
62394 266
62395 408
62396 261
62397 30
62398 247
62399 29
62400 236
62401 63
62402 222
62403 63
62404 261
62405 236
62406 222
62407 407
62408 242
62409 407
62410 368
62411 354
62412 30
62413 346
62414 404
62415 346
62416 247
62417 264
62418 350
62419 264
62420 346
62421 310
62422 246
62423 311
62424 247
62425 310
62426 339
62427 246
62428 246
62429 346
62430 264
62431 311
62432 247
62433 346
62434 242
62435 404
62436 430
62437 242
62438 430
62439 430
62440 197
62441 167
62442 167
62443 197
62444 120
62445 124
62446 36
62447 128
62448 100
62449 38
62450 208
62451 38
62452 120
62453 206
62454 131
62455 167
62456 131
62457 206
62458 167
62459 38
62460 120
62461 123
62462 124
62463 38
62464 4
62465 120
62466 124
62467 35
62468 131
62469 36
62470 123
62471 162
62472 213
62473 100
62474 162
62475 208
62476 124
62477 4
62478 20
62479 131
62480 209
62481 123
62482 36
62483 20
62484 4
62485 123
62486 167
62487 321
62488 321
62489 321
62490 379
62491 284
62492 302
62493 295
62494 284
62495 357
62496 357
62497 295
62498 332
62499 336
62500 220
62501 220
62502 223
62503 256
62504 336
62505 321
62506 256
62507 256
62508 227
62509 336
62510 392
62511 336
62512 379
62513 284
62514 394
62515 352
62516 295
62517 357
62518 352
62519 284
62520 223
62521 392
62522 379
62523 235
62524 352
62525 301
62526 256
62527 301
62528 321
62529 235
62530 234
62531 234
62532 63
62533 235
62534 321
62535 235
62536 285
62537 234
62538 80
62539 80
62540 235
62541 285
62542 63
62543 47
62544 321
62545 47
62546 320
62547 272
62548 272
62549 89
62550 272
62551 272
62552 286
62553 85
62554 85
62555 85
62556 272
62557 272
62558 286
62559 406
62560 94
62561 235
62562 88
62563 385
62564 272
62565 406
62566 385
62567 236
62568 127
62569 68
62570 127
62571 88
62572 385
62573 272
62574 385
62575 366
62576 68
62577 272
62578 365
62579 366
62580 127
62581 235
62582 88
62583 94
62584 365
62585 68
62586 91
62587 110
62588 352
62589 110
62590 91
62591 89
62592 272
62593 272
62594 272
62595 285
62596 285
62597 232
62598 232
62599 285
62600 285
62601 286
62602 285
62603 285
62604 375
62605 375
62606 416
62607 416
62608 375
62609 416
62610 416
62611 285
62612 232
62613 371
62614 23
62615 371
62616 233
62617 23
62618 141
62619 141
62620 141
62621 137
62622 141
62623 141
62624 110
62625 137
62626 115
62627 110
62628 115
62629 110
62630 115
62631 118
62632 110
62633 115
62634 115
62635 137
62636 53
62637 53
62638 53
62639 318
62640 289
62641 241
62642 295
62643 241
62644 241
62645 318
62646 295
62647 289
62648 70
62649 318
62650 383
62651 318
62652 318
62653 318
62654 318
62655 327
62656 289
62657 304
62658 305
62659 327
62660 284
62661 305
62662 289
62663 327
62664 304
62665 327
62666 289
62667 304
62668 304
62669 289
62670 284
62671 289
62672 305
62673 327
62674 289
62675 304
62676 289
62677 428
62678 295
62679 296
62680 234
62681 240
62682 234
62683 241
62684 240
62685 332
62686 225
62687 254
62688 366
62689 241
62690 280
62691 224
62692 277
62693 332
62694 301
62695 225
62696 329
62697 277
62698 366
62699 301
62700 366
62701 329
62702 327
62703 339
62704 304
62705 304
62706 327
62707 284
62708 289
62709 339
62710 304
62711 289
62712 327
62713 304
62714 284
62715 284
62716 289
62717 327
62718 289
62719 304
62720 344
62721 278
62722 218
62723 234
62724 218
62725 218
62726 278
62727 314
62728 315
62729 314
62730 218
62731 234
62732 278
62733 234
62734 290
62735 289
62736 289
62737 399
62738 70
62739 318
62740 318
62741 318
62742 244
62743 267
62744 324
62745 244
62746 244
62747 343
62748 247
62749 217
62750 236
62751 228
62752 228
62753 228
62754 343
62755 236
62756 247
62757 247
62758 236
62759 217
62760 244
62761 267
62762 244
62763 376
62764 358
62765 358
62766 256
62767 300
62768 358
62769 358
62770 244
62771 376
62772 256
62773 300
62774 357
62775 357
62776 357
62777 357
62778 363
62779 357
62780 357
62781 368
62782 357
62783 363
62784 363
62785 361
62786 301
62787 339
62788 339
62789 301
62790 301
62791 301
62792 292
62793 246
62794 339
62795 339
62796 245
62797 339
62798 292
62799 246
62800 292
62801 246
62802 414
62803 325
62804 325
62805 414
62806 402
62807 402
62808 402
62809 395
62810 395
62811 402
62812 389
62813 389
62814 182
62815 182
62816 233
62817 331
62818 103
62819 277
62820 389
62821 233
62822 233
62823 331
62824 277
62825 177
62826 96
62827 332
62828 231
62829 231
62830 239
62831 231
62832 231
62833 218
62834 218
62835 322
62836 217
62837 231
62838 4
62839 47
62840 4
62841 40
62842 217
62843 322
62844 231
62845 9
62846 40
62847 4
62848 40
62849 47
62850 322
62851 239
62852 218
62853 239
62854 239
62855 218
62856 218
62857 218
62858 218
62859 42
62860 42
62861 232
62862 232
62863 231
62864 231
62865 42
62866 42
62867 36
62868 36
62869 49
62870 49
62871 29
62872 29
62873 49
62874 30
62875 30
62876 49
62877 49
62878 29
62879 19
62880 19
62881 223
62882 317
62883 285
62884 317
62885 223
62886 26
62887 285
62888 285
62889 256
62890 233
62891 256
62892 256
62893 32
62894 29
62895 256
62896 256
62897 32
62898 262
62899 32
62900 233
62901 262
62902 28
62903 275
62904 221
62905 375
62906 152
62907 152
62908 152
62909 152
62910 152
62911 150
62912 150
62913 160
62914 160
62915 160
62916 160
62917 152
62918 160
62919 160
62920 152
62921 152
62922 160
62923 150
62924 152
62925 150
62926 160
62927 150
62928 152
62929 150
62930 152
62931 160
62932 108
62933 127
62934 127
62935 129
62936 127
62937 108
62938 129
62939 127
62940 152
62941 108
62942 152
62943 122
62944 124
62945 151
62946 150
62947 167
62948 149
62949 129
62950 125
62951 144
62952 122
62953 125
62954 140
62955 150
62956 144
62957 167
62958 194
62959 151
62960 124
62961 194
62962 125
62963 152
62964 177
62965 150
62966 194
62967 152
62968 140
62969 122
62970 149
62971 141
62972 177
62973 150
62974 129
62975 125
62976 177
62977 124
62978 150
62979 140
62980 153
62981 157
62982 150
62983 152
62984 157
62985 150
62986 152
62987 152
62988 152
62989 157
62990 152
62991 150
62992 150
62993 153
62994 150
62995 427
62996 289
62997 289
62998 427
62999 289
63000 284
63001 284
63002 289
63003 289
63004 281
63005 273
63006 273
63007 289
63008 289
63009 294
63010 427
63011 427
63012 50
63013 50
63014 208
63015 208
63016 50
63017 208
63018 208
63019 195
63020 195
63021 50
63022 50
63023 50
63024 48
63025 50
63026 48
63027 50
63028 50
63029 74
63030 74
63031 308
63032 176
63033 217
63034 217
63035 217
63036 308
63037 50
63038 50
63039 200
63040 204
63041 199
63042 117
63043 130
63044 204
63045 130
63046 199
63047 114
63048 130
63049 130
63050 130
63051 113
63052 112
63053 204
63054 117
63055 112
63056 113
63057 130
63058 114
63059 413
63060 413
63061 413
63062 413
63063 397
63064 246
63065 397
63066 246
63067 413
63068 413
63069 87
63070 87
63071 87
63072 27
63073 87
63074 27
63075 33
63076 33
63077 180
63078 33
63079 52
63080 256
63081 256
63082 186
63083 186
63084 186
63085 33
63086 180
63087 180
63088 200
63089 3
63090 3
63091 90
63092 256
63093 90
63094 213
63095 184
63096 200
63097 184
63098 203
63099 33
63100 180
63101 33
63102 180
63103 191
63104 196
63105 191
63106 203
63107 191
63108 180
63109 196
63110 180
63111 191
63112 85
63113 85
63114 406
63115 406
63116 406
63117 406
63118 408
63119 300
63120 85
63121 85
63122 94
63123 85
63124 94
63125 94
63126 85
63127 406
63128 406
63129 406
63130 387
63131 387
63132 387
63133 380
63134 380
63135 380
63136 85
63137 85
63138 380
63139 387
63140 406
63141 406
63142 380
63143 94
63144 406
63145 94
63146 406
63147 406
63148 406
63149 341
63150 341
63151 60
63152 286
63153 318
63154 237
63155 242
63156 319
63157 286
63158 286
63159 341
63160 318
63161 288
63162 341
63163 286
63164 289
63165 287
63166 288
63167 287
63168 319
63169 237
63170 60
63171 60
63172 145
63173 256
63174 145
63175 256
63176 265
63177 265
63178 265
63179 282
63180 60
63181 236
63182 265
63183 265
63184 265
63185 236
63186 236
63187 47
63188 264
63189 265
63190 47
63191 7
63192 8
63193 265
63194 236
63195 236
63196 7
63197 47
63198 236
63199 236
63200 47
63201 227
63202 310
63203 265
63204 227
63205 265
63206 50
63207 227
63208 50
63209 282
63210 60
63211 236
63212 236
63213 47
63214 227
63215 227
63216 47
63217 6
63218 0
63219 47
63220 236
63221 236
63222 0
63223 47
63224 265
63225 424
63226 314
63227 5
63228 311
63229 5
63230 315
63231 311
63232 314
63233 393
63234 311
63235 393
63236 311
63237 311
63238 264
63239 29
63240 264
63241 5
63242 56
63243 58
63244 272
63245 29
63246 58
63247 5
63248 264
63249 272
63250 30
63251 66
63252 30
63253 56
63254 30
63255 272
63256 58
63257 42
63258 236
63259 58
63260 272
63261 1
63262 276
63263 311
63264 15
63265 24
63266 419
63267 419
63268 15
63269 412
63270 59
63271 412
63272 58
63273 412
63274 59
63275 58
63276 5
63277 15
63278 15
63279 5
63280 239
63281 286
63282 315
63283 311
63284 311
63285 304
63286 85
63287 85
63288 85
63289 269
63290 304
63291 258
63292 253
63293 319
63294 277
63295 285
63296 285
63297 277
63298 342
63299 341
63300 342
63301 253
63302 82
63303 82
63304 85
63305 0
63306 4
63307 0
63308 3
63309 3
63310 0
63311 0
63312 3
63313 216
63314 313
63315 313
63316 234
63317 313
63318 234
63319 216
63320 221
63321 333
63322 216
63323 333
63324 221
63325 216
63326 216
63327 386
63328 386
63329 359
63330 359
63331 342
63332 342
63333 359
63334 313
63335 341
63336 359
63337 342
63338 359
63339 313
63340 342
63341 313
63342 257
63343 359
63344 341
63345 359
63346 342
63347 257
63348 424
63349 234
63350 234
63351 424
63352 342
63353 424
63354 234
63355 342
63356 342
63357 359
63358 342
63359 359
63360 313
63361 341
63362 359
63363 341
63364 342
63365 313
63366 342
63367 341
63368 359
63369 342
63370 276
63371 342
63372 276
63373 424
63374 234
63375 234
63376 424
63377 236
63378 221
63379 333
63380 216
63381 216
63382 183
63383 63
63384 224
63385 224
63386 183
63387 183
63388 183
63389 181
63390 183
63391 165
63392 183
63393 165
63394 183
63395 14
63396 165
63397 63
63398 224
63399 224
63400 224
63401 231
63402 224
63403 190
63404 190
63405 190
63406 190
63407 190
63408 132
63409 192
63410 132
63411 191
63412 191
63413 192
63414 128
63415 192
63416 192
63417 128
63418 192
63419 133
63420 132
63421 190
63422 191
63423 133
63424 192
63425 192
63426 192
63427 133
63428 132
63429 134
63430 191
63431 134
63432 128
63433 192
63434 192
63435 114
63436 189
63437 114
63438 190
63439 198
63440 190
63441 198
63442 189
63443 190
63444 78
63445 250
63446 250
63447 250
63448 78
63449 78
63450 78
63451 78
63452 78
63453 78
63454 250
63455 78
63456 78
63457 78
63458 78
63459 179
63460 167
63461 27
63462 173
63463 190
63464 236
63465 173
63466 173
63467 190
63468 173
63469 173
63470 173
63471 173
63472 236
63473 178
63474 236
63475 190
63476 179
63477 190
63478 162
63479 199
63480 162
63481 199
63482 162
63483 27
63484 3
63485 2
63486 28
63487 2
63488 178
63489 173
63490 173
63491 173
63492 173
63493 172
63494 173
63495 172
63496 178
63497 172
63498 173
63499 45
63500 42
63501 47
63502 47
63503 31
63504 31
63505 47
63506 42
63507 235
63508 235
63509 235
63510 235
63511 159
63512 159
63513 417
63514 417
63515 159
63516 417
63517 159
63518 159
63519 159
63520 158
63521 158
63522 146
63523 146
63524 159
63525 150
63526 150
63527 160
63528 159
63529 128
63530 154
63531 159
63532 157
63533 157
63534 150
63535 159
63536 150
63537 128
63538 150
63539 150
63540 154
63541 160
63542 159
63543 126
63544 417
63545 239
63546 420
63547 418
63548 239
63549 421
63550 417
63551 241
63552 228
63553 421
63554 417
63555 418
63556 228
63557 239
63558 228
63559 417
63560 239
63561 228
63562 421
63563 227
63564 170
63565 159
63566 171
63567 170
63568 143
63569 143
63570 170
63571 159
63572 164
63573 42
63574 164
63575 164
63576 164
63577 164
63578 164
63579 309
63580 286
63581 309
63582 24
63583 31
63584 42
63585 290
63586 322
63587 286
63588 290
63589 309
63590 46
63591 42
63592 31
63593 24
63594 322
63595 164
63596 164
63597 164
63598 422
63599 422
63600 95
63601 88
63602 422
63603 88
63604 88
63605 88
63606 422
63607 88
63608 422
63609 362
63610 237
63611 260
63612 260
63613 331
63614 259
63615 362
63616 422
63617 362
63618 237
63619 331
63620 95
63621 88
63622 88
63623 88
63624 95
63625 409
63626 353
63627 342
63628 409
63629 342
63630 342
63631 406
63632 387
63633 391
63634 380
63635 284
63636 385
63637 380
63638 406
63639 85
63640 381
63641 387
63642 218
63643 391
63644 85
63645 85
63646 85
63647 409
63648 381
63649 85
63650 409
63651 385
63652 280
63653 381
63654 381
63655 85
63656 381
63657 387
63658 85
63659 406
63660 381
63661 387
63662 380
63663 409
63664 280
63665 391
63666 385
63667 353
63668 353
63669 20
63670 20
63671 342
63672 342
63673 343
63674 342
63675 342
63676 342
63677 343
63678 343
63679 406
63680 387
63681 387
63682 380
63683 380
63684 85
63685 381
63686 85
63687 85
63688 85
63689 381
63690 85
63691 409
63692 385
63693 380
63694 381
63695 85
63696 381
63697 387
63698 406
63699 381
63700 380
63701 409
63702 406
63703 380
63704 381
63705 385
63706 344
63707 344
63708 344
63709 342
63710 342
63711 301
63712 339
63713 311
63714 339
63715 301
63716 342
63717 343
63718 343
63719 15
63720 15
63721 130
63722 144
63723 112
63724 138
63725 197
63726 137
63727 173
63728 197
63729 123
63730 212
63731 10
63732 123
63733 188
63734 114
63735 114
63736 146
63737 171
63738 146
63739 159
63740 188
63741 83
63742 130
63743 188
63744 201
63745 83
63746 191
63747 191
63748 163
63749 112
63750 113
63751 178
63752 167
63753 117
63754 212
63755 114
63756 167
63757 125
63758 146
63759 175
63760 159
63761 113
63762 129
63763 83
63764 192
63765 161
63766 187
63767 130
63768 10
63769 113
63770 197
63771 137
63772 112
63773 146
63774 173
63775 125
63776 130
63777 201
63778 130
63779 178
63780 117
63781 123
63782 138
63783 168
63784 144
63785 188
63786 175
63787 191
63788 212
63789 117
63790 123
63791 159
63792 117
63793 201
63794 167
63795 113
63796 131
63797 192
63798 114
63799 113
63800 13
63801 113
63802 168
63803 191
63804 191
63805 178
63806 114
63807 198
63808 133
63809 144
63810 15
63811 187
63812 114
63813 123
63814 117
63815 129
63816 192
63817 173
63818 171
63819 114
63820 175
63821 117
63822 125
63823 171
63824 117
63825 123
63826 133
63827 90
63828 91
63829 91
63830 15
63831 83
63832 90
63833 83
63834 90
63835 91
63836 91
63837 91
63838 15
63839 90
63840 15
63841 15
63842 91
63843 83
63844 91
63845 91
63846 91
63847 83
63848 90
63849 91
63850 91
63851 411
63852 411
63853 411
63854 411
63855 258
63856 411
63857 320
63858 254
63859 405
63860 320
63861 264
63862 366
63863 258
63864 411
63865 405
63866 371
63867 371
63868 254
63869 264
63870 411
63871 306
63872 306
63873 306
63874 47
63875 45
63876 306
63877 47
63878 47
63879 307
63880 306
63881 343
63882 343
63883 343
63884 343
63885 231
63886 231
63887 231
63888 343
63889 343
63890 331
63891 339
63892 231
63893 331
63894 339
63895 343
63896 231
63897 231
63898 231
63899 343
63900 343
63901 339
63902 231
63903 328
63904 343
63905 328
63906 343
63907 330
63908 271
63909 345
63910 330
63911 334
63912 271
63913 330
63914 330
63915 330
63916 238
63917 330
63918 238
63919 238
63920 238
63921 272
63922 312
63923 272
63924 271
63925 271
63926 345
63927 345
63928 290
63929 290
63930 345
63931 290
63932 221
63933 221
63934 330
63935 330
63936 249
63937 369
63938 415
63939 310
63940 245
63941 249
63942 297
63943 334
63944 369
63945 245
63946 334
63947 369
63948 415
63949 297
63950 297
63951 334
63952 245
63953 245
63954 372
63955 335
63956 306
63957 306
63958 335
63959 306
63960 372
63961 271
63962 278
63963 372
63964 278
63965 372
63966 330
63967 330
63968 330
63969 330
63970 330
63971 347
63972 330
63973 347
63974 330
63975 330
63976 238
63977 238
63978 238
63979 14
63980 14
63981 181
63982 181
63983 14
63984 6
63985 269
63986 288
63987 267
63988 86
63989 267
63990 288
63991 288
63992 86
63993 288
63994 372
63995 288
63996 91
63997 288
63998 372
63999 14
64000 269
64001 14
64002 91
64003 24
64004 163
64005 394
64006 229
64007 181
64008 394
64009 163
64010 84
64011 181
64012 181
64013 218
64014 218
64015 84
64016 181
64017 163
64018 283
64019 283
64020 283
64021 283
64022 272
64023 277
64024 272
64025 277
64026 283
64027 283
64028 283
64029 283
64030 237
64031 242
64032 252
64033 252
64034 252
64035 237
64036 237
64037 237
64038 233
64039 238
64040 238
64041 238
64042 238
64043 233
64044 355
64045 354
64046 76
64047 316
64048 242
64049 355
64050 225
64051 219
64052 78
64053 356
64054 220
64055 376
64056 316
64057 278
64058 376
64059 80
64060 228
64061 219
64062 278
64063 75
64064 354
64065 278
64066 75
64067 316
64068 341
64069 242
64070 225
64071 355
64072 356
64073 225
64074 219
64075 354
64076 76
64077 280
64078 280
64079 233
64080 236
64081 237
64082 236
64083 252
64084 275
64085 275
64086 233
64087 251
64088 275
64089 280
64090 251
64091 237
64092 233
64093 236
64094 233
64095 275
64096 237
64097 382
64098 378
64099 248
64100 80
64101 286
64102 248
64103 286
64104 80
64105 78
64106 382
64107 378
64108 78
64109 237
64110 237
64111 238
64112 238
64113 238
64114 238
64115 192
64116 192
64117 177
64118 177
64119 192
64120 177
64121 177
64122 177
64123 413
64124 177
64125 177
64126 177
64127 218
64128 222
64129 222
64130 222
64131 218
64132 218
64133 218
64134 167
64135 222
64136 232
64137 222
64138 241
64139 220
64140 167
64141 232
64142 222
64143 167
64144 218
64145 218
64146 389
64147 229
64148 229
64149 389
64150 389
64151 389
64152 229
64153 141
64154 141
64155 141
64156 140
64157 140
64158 141
64159 110
64160 141
64161 110
64162 141
64163 141
64164 141
64165 141
64166 141
64167 113
64168 141
64169 141
64170 141
64171 140
64172 141
64173 135
64174 140
64175 141
64176 139
64177 141
64178 117
64179 135
64180 117
64181 117
64182 117
64183 141
64184 140
64185 139
64186 158
64187 118
64188 141
64189 141
64190 158
64191 118
64192 118
64193 139
64194 158
64195 139
64196 117
64197 118
64198 109
64199 141
64200 139
64201 117
64202 117
64203 141
64204 117
64205 117
64206 141
64207 140
64208 141
64209 109
64210 141
64211 141
64212 109
64213 117
64214 139
64215 140
64216 139
64217 141
64218 141
64219 141
64220 263
64221 263
64222 263
64223 263
64224 263
64225 259
64226 259
64227 294
64228 263
64229 233
64230 301
64231 232
64232 254
64233 302
64234 254
64235 233
64236 233
64237 220
64238 301
64239 254
64240 232
64241 220
64242 294
64243 254
64244 232
64245 263
64246 12
64247 82
64248 12
64249 12
64250 82
64251 16
64252 16
64253 16
64254 258
64255 268
64256 312
64257 311
64258 29
64259 312
64260 341
64261 36
64262 309
64263 341
64264 312
64265 36
64266 309
64267 341
64268 311
64269 312
64270 312
64271 224
64272 224
64273 224
64274 229
64275 225
64276 216
64277 224
64278 225
64279 219
64280 62
64281 77
64282 265
64283 224
64284 265
64285 62
64286 62
64287 77
64288 224
64289 229
64290 224
64291 224
64292 118
64293 118
64294 118
64295 132
64296 132
64297 118
64298 118
64299 167
64300 167
64301 111
64302 192
64303 112
64304 192
64305 119
64306 118
64307 119
64308 119
64309 112
64310 118
64311 118
64312 192
64313 119
64314 119
64315 118
64316 113
64317 137
64318 118
64319 118
64320 137
64321 192
64322 193
64323 189
64324 108
64325 113
64326 134
64327 189
64328 108
64329 113
64330 189
64331 132
64332 132
64333 134
64334 189
64335 113
64336 111
64337 192
64338 113
64339 113
64340 156
64341 118
64342 156
64343 118
64344 118
64345 156
64346 156
64347 117
64348 117
64349 118
64350 118
64351 119
64352 119
64353 355
64354 355
64355 58
64356 58
64357 27
64358 27
64359 289
64360 48
64361 289
64362 289
64363 27
64364 27
64365 27
64366 27
64367 27
64368 291
64369 359
64370 291
64371 2
64372 360
64373 2
64374 48
64375 341
64376 10
64377 341
64378 10
64379 360
64380 360
64381 208
64382 289
64383 289
64384 238
64385 289
64386 238
64387 363
64388 363
64389 363
64390 363
64391 373
64392 373
64393 373
64394 373
64395 373
64396 143
64397 144
64398 122
64399 159
64400 143
64401 160
64402 159
64403 130
64404 122
64405 130
64406 130
64407 160
64408 159
64409 166
64410 166
64411 149
64412 166
64413 117
64414 166
64415 144
64416 149
64417 132
64418 117
64419 149
64420 147
64421 144
64422 52
64423 147
64424 147
64425 132
64426 133
64427 149
64428 166
64429 133
64430 206
64431 206
64432 206
64433 299
64434 299
64435 15
64436 301
64437 369
64438 82
64439 355
64440 283
64441 206
64442 363
64443 82
64444 283
64445 389
64446 355
64447 206
64448 389
64449 289
64450 293
64451 363
64452 283
64453 393
64454 391
64455 206
64456 283
64457 428
64458 410
64459 283
64460 283
64461 98
64462 363
64463 289
64464 418
64465 381
64466 393
64467 410
64468 206
64469 98
64470 380
64471 381
64472 82
64473 381
64474 282
64475 250
64476 283
64477 396
64478 389
64479 396
64480 389
64481 282
64482 428
64483 250
64484 391
64485 428
64486 282
64487 391
64488 391
64489 418
64490 391
64491 380
64492 396
64493 259
64494 259
64495 171
64496 171
64497 406
64498 97
64499 406
64500 406
64501 406
64502 259
64503 58
64504 405
64505 405
64506 405
64507 405
64508 406
64509 97
64510 406
64511 405
64512 265
64513 8
64514 8
64515 8
64516 265
64517 11
64518 11
64519 265
64520 7
64521 8
64522 7
64523 265
64524 11
64525 265
64526 265
64527 8
64528 8
64529 8
64530 265
64531 8
64532 207
64533 207
64534 171
64535 207
64536 208
64537 207
64538 207
64539 171
64540 8
64541 207
64542 207
64543 207
64544 233
64545 11
64546 207
64547 207
64548 171
64549 207
64550 207
64551 207
64552 171
64553 207
64554 207
64555 207
64556 207
64557 206
64558 426
64559 426
64560 426
64561 206
64562 205
64563 205
64564 206
64565 206
64566 205
64567 206
64568 205
64569 205
64570 180
64571 180
64572 340
64573 340
64574 313
64575 313
64576 113
64577 111
64578 426
64579 178
64580 113
64581 178
64582 180
64583 426
64584 363
64585 426
64586 363
64587 363
64588 205
64589 205
64590 206
64591 206
64592 205
64593 205
64594 205
64595 82
64596 413
64597 379
64598 379
64599 254
64600 255
64601 254
64602 130
64603 414
64604 424
64605 424
64606 415
64607 424
64608 414
64609 329
64610 329
64611 329
64612 329
64613 329
64614 249
64615 254
64616 249
64617 329
64618 329
64619 342
64620 329
64621 342
64622 312
64623 317
64624 315
64625 312
64626 317
64627 312
64628 311
64629 311
64630 311
64631 312
64632 312
64633 311
64634 311
64635 311
64636 312
64637 295
64638 223
64639 223
64640 57
64641 258
64642 258
64643 57
64644 295
64645 237
64646 237
64647 317
64648 317
64649 241
64650 291
64651 57
64652 237
64653 237
64654 258
64655 237
64656 317
64657 57
64658 258
64659 291
64660 223
64661 238
64662 238
64663 223
64664 223
64665 278
64666 283
64667 315
64668 275
64669 278
64670 312
64671 312
64672 291
64673 317
64674 317
64675 284
64676 317
64677 291
64678 311
64679 311
64680 311
64681 312
64682 311
64683 311
64684 312
64685 7
64686 7
64687 7
64688 7
64689 8
64690 96
64691 13
64692 8
64693 7
64694 7
64695 191
64696 191
64697 166
64698 166
64699 154
64700 191
64701 118
64702 123
64703 117
64704 122
64705 200
64706 191
64707 194
64708 194
64709 118
64710 122
64711 165
64712 123
64713 209
64714 165
64715 154
64716 200
64717 209
64718 154
64719 118
64720 165
64721 122
64722 117
64723 122
64724 118
64725 122
64726 123
64727 191
64728 36
64729 191
64730 191
64731 236
64732 183
64733 196
64734 36
64735 191
64736 236
64737 183
64738 196
64739 196
64740 168
64741 166
64742 166
64743 168
64744 166
64745 166
64746 385
64747 385
64748 385
64749 385
64750 385
64751 201
64752 201
64753 201
64754 188
64755 179
64756 188
64757 166
64758 173
64759 222
64760 373
64761 122
64762 166
64763 166
64764 132
64765 173
64766 373
64767 168
64768 201
64769 201
64770 222
64771 168
64772 376
64773 132
64774 246
64775 246
64776 376
64777 376
64778 376
64779 83
64780 249
64781 249
64782 131
64783 137
64784 131
64785 137
64786 188
64787 188
64788 137
64789 188
64790 170
64791 179
64792 179
64793 179
64794 188
64795 188
64796 355
64797 360
64798 355
64799 223
64800 360
64801 321
64802 321
64803 355
64804 354
64805 359
64806 359
64807 359
64808 360
64809 359
64810 368
64811 355
64812 355
64813 279
64814 356
64815 356
64816 278
64817 294
64818 289
64819 289
64820 289
64821 278
64822 289
64823 354
64824 355
64825 368
64826 355
64827 356
64828 356
64829 294
64830 279
64831 354
64832 289
64833 227
64834 382
64835 382
64836 223
64837 225
64838 377
64839 225
64840 377
64841 383
64842 382
64843 383
64844 225
64845 227
64846 383
64847 360
64848 360
64849 322
64850 321
64851 321
64852 321
64853 322
64854 321
64855 321
64856 322
64857 321
64858 321
64859 321
64860 398
64861 398
64862 221
64863 221
64864 398
64865 221
64866 221
64867 381
64868 381
64869 381
64870 381
64871 381
64872 381
64873 381
64874 209
64875 381
64876 381
64877 381
64878 381
64879 381
64880 381
64881 381
64882 207
64883 207
64884 207
64885 209
64886 381
64887 209
64888 381
64889 381
64890 209
64891 209
64892 381
64893 381
64894 381
64895 381
64896 381
64897 136
64898 125
64899 136
64900 124
64901 136
64902 145
64903 125
64904 136
64905 125
64906 124
64907 125
64908 125
64909 380
64910 59
64911 407
64912 380
64913 58
64914 296
64915 285
64916 58
64917 58
64918 380
64919 285
64920 11
64921 11
64922 296
64923 92
64924 92
64925 58
64926 58
64927 310
64928 60
64929 239
64930 241
64931 371
64932 380
64933 371
64934 238
64935 241
64936 238
64937 238
64938 241
64939 58
64940 58
64941 58
64942 131
64943 126
64944 126
64945 131
64946 407
64947 407
64948 407
64949 407
64950 86
64951 380
64952 112
64953 55
64954 55
64955 55
64956 235
64957 391
64958 235
64959 235
64960 383
64961 383
64962 383
64963 383
64964 237
64965 237
64966 237
64967 237
64968 122
64969 126
64970 193
64971 126
64972 135
64973 133
64974 145
64975 185
64976 133
64977 148
64978 145
64979 126
64980 126
64981 109
64982 122
64983 135
64984 117
64985 117
64986 193
64987 133
64988 185
64989 145
64990 122
64991 135
64992 133
64993 193
64994 122
64995 351
64996 352
64997 352
64998 352
64999 352
65000 352
65001 351
65002 352
65003 352
65004 352
65005 352
65006 352
65007 415
65008 119
65009 119
65010 119
65011 117
65012 183
65013 119
65014 168
65015 119
65016 132
65017 130
65018 186
65019 183
65020 117
65021 168
65022 130
65023 186
65024 168
65025 407
65026 407
65027 201
65028 201
65029 201
65030 399
65031 399
65032 336
65033 324
65034 324
65035 336
65036 324
65037 350
65038 350
65039 335
65040 335
65041 336
65042 324
65043 335
65044 354
65045 319
65046 354
65047 319
65048 23
65049 324
65050 324
65051 300
65052 324
65053 23
65054 244
65055 232
65056 398
65057 13
65058 243
65059 232
65060 336
65061 3
65062 351
65063 244
65064 426
65065 413
65066 363
65067 336
65068 232
65069 398
65070 413
65071 252
65072 244
65073 244
65074 398
65075 363
65076 398
65077 398
65078 5
65079 13
65080 426
65081 336
65082 351
65083 15
65084 324
65085 119
65086 409
65087 409
65088 113
65089 409
65090 409
65091 119
65092 134
65093 113
65094 113
65095 410
65096 397
65097 411
65098 411
65099 410
65100 410
65101 219
65102 284
65103 364
65104 219
65105 284
65106 233
65107 356
65108 238
65109 238
65110 364
65111 273
65112 293
65113 273
65114 397
65115 273
65116 273
65117 361
65118 233
65119 219
65120 411
65121 392
65122 407
65123 407
65124 259
65125 392
65126 397
65127 392
65128 382
65129 392
65130 382
65131 392
65132 392
65133 382
65134 392
65135 392
65136 392
65137 392
65138 392
65139 382
65140 392
65141 382
65142 392
65143 392
65144 392
65145 19
65146 10
65147 208
65148 208
65149 208
65150 8
65151 10
65152 208
65153 208
65154 208
65155 9
65156 9
65157 9
65158 10
65159 10
65160 19
65161 9
65162 9
65163 10
65164 9
65165 10
65166 10
65167 10
65168 10
65169 9
65170 9
65171 9
65172 10
65173 10
65174 10
65175 10
65176 8
65177 9
65178 9
65179 10
65180 10
65181 9
65182 9
65183 10
65184 9
65185 10
65186 10
65187 10
65188 9
65189 208
65190 2
65191 2
65192 2
65193 2
65194 2
65195 2
65196 426
65197 426
65198 426
65199 426
65200 426
65201 426
65202 426
65203 426
65204 426
65205 426
65206 156
65207 156
65208 156
65209 111
65210 111
65211 156
65212 111
65213 156
65214 138
65215 144
65216 109
65217 156
65218 111
65219 144
65220 111
65221 156
65222 138
65223 109
65224 151
65225 151
65226 143
65227 143
65228 143
65229 151
65230 160
65231 356
65232 356
65233 356
65234 356
65235 235
65236 356
65237 356
65238 235
65239 356
65240 422
65241 414
65242 406
65243 333
65244 324
65245 422
65246 414
65247 356
65248 414
65249 333
65250 422
65251 422
65252 422
65253 414
65254 422
65255 356
65256 414
65257 414
65258 164
65259 22
65260 22
65261 164
65262 231
65263 231
65264 231
65265 163
65266 164
65267 163
65268 164
65269 164
65270 105
65271 105
65272 105
65273 21
65274 21
65275 22
65276 21
65277 222
65278 222
65279 222
65280 222
65281 222
65282 222
65283 222
65284 339
65285 339
65286 344
65287 220
65288 344
65289 220
65290 221
65291 220
65292 344
65293 220
65294 233
65295 228
65296 230
65297 233
65298 233
65299 398
65300 233
65301 398
65302 335
65303 335
65304 239
65305 230
65306 335
65307 337
65308 230
65309 230
65310 230
65311 337
65312 242
65313 260
65314 242
65315 242
65316 366
65317 260
65318 260
65319 233
65320 233
65321 233
65322 366
65323 121
65324 229
65325 208
65326 200
65327 208
65328 208
65329 200
65330 200
65331 121
65332 200
65333 121
65334 121
65335 345
65336 345
65337 346
65338 345
65339 346
65340 318
65341 337
65342 337
65343 345
65344 337
65345 36
65346 36
65347 36
65348 36
65349 36
65350 37
65351 233
65352 233
65353 256
65354 256
65355 248
65356 256
65357 248
65358 36
65359 37
65360 36
65361 36
65362 311
65363 36
65364 311
65365 263
65366 263
65367 36
65368 36
65369 194
65370 173
65371 193
65372 196
65373 194
65374 194
65375 179
65376 179
65377 28
65378 173
65379 167
65380 182
65381 173
65382 182
65383 179
65384 167
65385 179
65386 28
65387 173
65388 15
65389 182
65390 344
65391 344
65392 344
65393 287
65394 287
65395 287
65396 287
65397 287
65398 287
65399 287
65400 287
65401 26
65402 287
65403 287
65404 26
65405 287
65406 287
65407 239
65408 287
65409 239
65410 26
65411 26
65412 287
65413 287
65414 236
65415 236
65416 287
65417 236
65418 239
65419 287
65420 289
65421 26
65422 287
65423 287
65424 205
65425 204
65426 203
65427 133
65428 133
65429 164
65430 166
65431 164
65432 32
65433 124
65434 204
65435 169
65436 32
65437 116
65438 204
65439 133
65440 164
65441 120
65442 186
65443 166
65444 164
65445 193
65446 186
65447 193
65448 44
65449 186
65450 120
65451 133
65452 187
65453 179
65454 193
65455 32
65456 116
65457 204
65458 179
65459 169
65460 169
65461 44
65462 193
65463 168
65464 187
65465 166
65466 120
65467 124
65468 166
65469 174
65470 203
65471 174
65472 203
65473 58
65474 191
65475 191
65476 58
65477 191
65478 174
65479 184
65480 203
65481 203
65482 184
65483 385
65484 385
65485 178
65486 178
65487 28
65488 30
65489 30
65490 41
65491 46
65492 30
65493 41
65494 30
65495 163
65496 178
65497 129
65498 178
65499 197
65500 163
65501 197
65502 129
65503 129
65504 178
65505 203
65506 203
65507 61
65508 203
65509 203
65510 61
65511 203
65512 255
65513 255
65514 4
65515 303
65516 257
65517 303
65518 257
65519 5
65520 5
65521 5
65522 4
65523 257
65524 4
65525 5
65526 265
65527 255
65528 238
65529 238
65530 255
65531 255
65532 332
65533 332
65534 228
65535 166
65536 228
65537 228
65538 254
65539 228
65540 264
65541 264
65542 228
65543 254
65544 263
65545 264
65546 228
65547 263
65548 166
65549 166
65550 174
65551 174
65552 174
65553 166
65554 228
65555 217
65556 431
65557 71
65558 110
65559 149
65560 182
65561 243
65562 243
65563 110
65564 182
65565 182
65566 182
65567 71
65568 334
65569 333
65570 334
65571 356
65572 326
65573 333
65574 239
65575 356
65576 326
65577 239
65578 241
65579 334
65580 324
65581 329
65582 324
65583 384
65584 214
65585 214
65586 214
65587 198
65588 214
65589 198
65590 198
65591 198
65592 214
65593 198
65594 13
65595 198
65596 198
65597 198
65598 198
65599 198
65600 394
65601 243
65602 257
65603 257
65604 257
65605 332
65606 268
65607 69
65608 297
65609 310
65610 245
65611 254
65612 69
65613 254
65614 297
65615 268
65616 245
65617 310
65618 300
65619 302
65620 300
65621 310
65622 69
65623 303
65624 250
65625 331
65626 268
65627 286
65628 69
65629 376
65630 257
65631 376
65632 77
65633 331
65634 303
65635 250
65636 286
65637 267
65638 257
65639 331
65640 302
65641 376
65642 257
65643 302
65644 69
65645 68
65646 286
65647 250
65648 268
65649 302
65650 294
65651 68
65652 104
65653 69
65654 286
65655 267
65656 302
65657 303
65658 104
65659 77
65660 342
65661 257
65662 342
65663 257
65664 332
65665 250
65666 332
65667 310
65668 299
65669 361
65670 253
65671 332
65672 361
65673 310
65674 332
65675 310
65676 250
65677 286
65678 62
65679 115
65680 62
65681 61
65682 408
65683 115
65684 286
65685 286
65686 62
65687 283
65688 286
65689 286
65690 81
65691 56
65692 286
65693 82
65694 81
65695 0
65696 62
65697 0
65698 62
65699 286
65700 0
65701 62
65702 56
65703 56
65704 56
65705 48
65706 56
65707 287
65708 286
65709 48
65710 166
65711 116
65712 132
65713 174
65714 203
65715 116
65716 203
65717 166
65718 116
65719 174
65720 132
65721 116
65722 201
65723 132
65724 174
65725 209
65726 115
65727 115
65728 201
65729 1
65730 245
65731 1
65732 58
65733 245
65734 245
65735 269
65736 246
65737 1
65738 10
65739 58
65740 62
65741 269
65742 1
65743 10
65744 56
65745 286
65746 56
65747 56
65748 61
65749 61
65750 56
65751 56
65752 56
65753 56
65754 408
65755 156
65756 156
65757 337
65758 337
65759 337
65760 320
65761 337
65762 337
65763 428
65764 405
65765 428
65766 405
65767 337
65768 320
65769 320
65770 320
65771 12
65772 34
65773 12
65774 35
65775 34
65776 34
65777 12
65778 34
65779 73
65780 73
65781 14
65782 35
65783 14
65784 51
65785 108
65786 34
65787 64
65788 34
65789 51
65790 34
65791 34
65792 35
65793 35
65794 34
65795 35
65796 34
65797 139
65798 139
65799 139
65800 139
65801 139
65802 139
65803 139
65804 139
65805 139
65806 139
65807 342
65808 341
65809 341
65810 343
65811 341
65812 383
65813 383
65814 342
65815 373
65816 262
65817 305
65818 240
65819 298
65820 240
65821 262
65822 321
65823 321
65824 359
65825 303
65826 298
65827 342
65828 359
65829 324
65830 324
65831 305
65832 359
65833 324
65834 305
65835 324
65836 373
65837 305
65838 305
65839 303
65840 321
65841 359
65842 341
65843 173
65844 340
65845 340
65846 341
65847 341
65848 306
65849 329
65850 341
65851 306
65852 327
65853 329
65854 193
65855 297
65856 329
65857 329
65858 306
65859 341
65860 304
65861 341
65862 329
65863 55
65864 343
65865 95
65866 105
65867 217
65868 105
65869 55
65870 95
65871 360
65872 217
65873 105
65874 360
65875 360
65876 341
65877 173
65878 341
65879 341
65880 341
65881 363
65882 364
65883 363
65884 372
65885 369
65886 363
65887 369
65888 363
65889 350
65890 198
65891 345
65892 345
65893 345
65894 198
65895 328
65896 350
65897 198
65898 184
65899 184
65900 198
65901 198
65902 284
65903 347
65904 216
65905 294
65906 216
65907 281
65908 220
65909 344
65910 62
65911 281
65912 284
65913 50
65914 294
65915 50
65916 216
65917 282
65918 62
65919 282
65920 281
65921 344
65922 62
65923 345
65924 216
65925 346
65926 346
65927 282
65928 300
65929 346
65930 282
65931 282
65932 300
65933 289
65934 345
65935 366
65936 365
65937 366
65938 365
65939 345
65940 198
65941 271
65942 271
65943 271
65944 271
65945 220
65946 12
65947 220
65948 271
65949 12
65950 12
65951 271
65952 25
65953 220
65954 12
65955 271
65956 259
65957 259
65958 309
65959 305
65960 73
65961 305
65962 312
65963 259
65964 312
65965 312
65966 312
65967 73
65968 305
65969 259
65970 312
65971 262
65972 309
65973 73
65974 305
65975 259
65976 300
65977 300
65978 299
65979 278
65980 300
65981 217
65982 217
65983 310
65984 220
65985 220
65986 217
65987 300
65988 267
65989 216
65990 216
65991 355
65992 362
65993 362
65994 310
65995 266
65996 266
65997 355
65998 267
65999 300
66000 220
66001 362
66002 216
66003 362
66004 222
66005 221
66006 220
66007 243
66008 243
66009 310
66010 310
66011 220
66012 221
66013 220
66014 299
66015 326
66016 278
66017 324
66018 15
66019 278
66020 326
66021 11
66022 91
66023 91
66024 11
66025 13
66026 13
66027 13
66028 384
66029 416
66030 416
66031 416
66032 416
66033 416
66034 416
66035 416
66036 416
66037 416
66038 166
66039 190
66040 178
66041 205
66042 20
66043 300
66044 358
66045 20
66046 348
66047 348
66048 305
66049 166
66050 300
66051 358
66052 348
66053 305
66054 348
66055 331
66056 299
66057 299
66058 331
66059 331
66060 352
66061 296
66062 325
66063 331
66064 352
66065 352
66066 331
66067 331
66068 299
66069 299
66070 299
66071 299
66072 299
66073 299
66074 299
66075 299
66076 331
66077 335
66078 335
66079 331
66080 331
66081 331
66082 331
66083 331
66084 352
66085 352
66086 352
66087 352
66088 352
66089 296
66090 296
66091 296
66092 1
66093 55
66094 312
66095 56
66096 312
66097 82
66098 105
66099 42
66100 105
66101 76
66102 331
66103 43
66104 42
66105 313
66106 329
66107 84
66108 54
66109 82
66110 339
66111 55
66112 56
66113 380
66114 16
66115 42
66116 76
66117 46
66118 46
66119 56
66120 76
66121 84
66122 339
66123 339
66124 325
66125 1
66126 43
66127 54
66128 56
66129 84
66130 81
66131 46
66132 1
66133 54
66134 81
66135 313
66136 16
66137 380
66138 380
66139 331
66140 312
66141 76
66142 312
66143 331
66144 313
66145 331
66146 335
66147 335
66148 331
66149 335
66150 331
66151 259
66152 352
66153 298
66154 368
66155 368
66156 298
66157 368
66158 259
66159 331
66160 331
66161 368
66162 368
66163 352
66164 352
66165 352
66166 352
66167 352
66168 331
66169 71
66170 28
66171 28
66172 71
66173 28
66174 71
66175 31
66176 7
66177 267
66178 71
66179 31
66180 207
66181 267
66182 74
66183 31
66184 7
66185 31
66186 74
66187 7
66188 74
66189 117
66190 112
66191 141
66192 120
66193 117
66194 139
66195 141
66196 141
66197 121
66198 139
66199 116
66200 110
66201 110
66202 114
66203 117
66204 114
66205 117
66206 114
66207 114
66208 110
66209 117
66210 117
66211 114
66212 114
66213 122
66214 122
66215 112
66216 112
66217 112
66218 114
66219 112
66220 141
66221 110
66222 111
66223 117
66224 117
66225 117
66226 110
66227 110
66228 117
66229 111
66230 295
66231 295
66232 295
66233 295
66234 183
66235 353
66236 256
66237 233
66238 354
66239 61
66240 86
66241 103
66242 354
66243 89
66244 201
66245 223
66246 42
66247 256
66248 63
66249 201
66250 43
66251 343
66252 63
66253 223
66254 43
66255 338
66256 288
66257 200
66258 200
66259 61
66260 343
66261 81
66262 343
66263 226
66264 103
66265 103
66266 103
66267 81
66268 288
66269 89
66270 43
66271 63
66272 86
66273 143
66274 143
66275 25
66276 25
66277 25
66278 55
66279 55
66280 55
66281 55
66282 55
66283 55
66284 55
66285 55
66286 55
66287 55
66288 7
66289 7
66290 7
66291 7
66292 77
66293 77
66294 206
66295 200
66296 200
66297 150
66298 150
66299 152
66300 200
66301 150
66302 152
66303 206
66304 281
66305 82
66306 82
66307 31
66308 144
66309 144
66310 281
66311 400
66312 144
66313 31
66314 206
66315 162
66316 200
66317 166
66318 162
66319 166
66320 162
66321 166
66322 200
66323 200
66324 31
66325 144
66326 144
66327 31
66328 144
66329 276
66330 296
66331 276
66332 380
66333 390
66334 390
66335 276
66336 390
66337 276
66338 293
66339 296
66340 296
66341 332
66342 332
66343 332
66344 332
66345 24
66346 112
66347 118
66348 112
66349 109
66350 153
66351 153
66352 112
66353 153
66354 153
66355 153
66356 112
66357 153
66358 153
66359 112
66360 153
66361 112
66362 118
66363 115
66364 116
66365 115
66366 169
66367 189
66368 169
66369 189
66370 169
66371 112
66372 109
66373 194
66374 194
66375 194
66376 194
66377 109
66378 109
66379 109
66380 108
66381 109
66382 109
66383 108
66384 430
66385 94
66386 94
66387 427
66388 94
66389 430
66390 430
66391 427
66392 90
66393 347
66394 209
66395 154
66396 154
66397 344
66398 206
66399 354
66400 344
66401 99
66402 354
66403 18
66404 18
66405 154
66406 367
66407 367
66408 90
66409 99
66410 99
66411 354
66412 209
66413 154
66414 154
66415 154
66416 209
66417 90
66418 403
66419 90
66420 403
66421 347
66422 347
66423 205
66424 205
66425 209
66426 342
66427 300
66428 351
66429 283
66430 300
66431 354
66432 300
66433 298
66434 361
66435 361
66436 342
66437 300
66438 342
66439 300
66440 300
66441 288
66442 298
66443 298
66444 280
66445 368
66446 300
66447 361
66448 351
66449 288
66450 342
66451 280
66452 368
66453 368
66454 82
66455 138
66456 105
66457 142
66458 94
66459 105
66460 206
66461 98
66462 105
66463 425
66464 88
66465 420
66466 105
66467 198
66468 420
66469 94
66470 88
66471 420
66472 142
66473 52
66474 98
66475 105
66476 52
66477 198
66478 206
66479 425
66480 98
66481 154
66482 425
66483 206
66484 202
66485 198
66486 420
66487 52
66488 82
66489 105
66490 411
66491 354
66492 411
66493 281
66494 300
66495 354
66496 411
66497 298
66498 361
66499 361
66500 354
66501 300
66502 265
66503 253
66504 300
66505 354
66506 281
66507 298
66508 368
66509 265
66510 253
66511 254
66512 361
66513 254
66514 368
66515 388
66516 353
66517 306
66518 372
66519 306
66520 353
66521 344
66522 373
66523 344
66524 373
66525 307
66526 307
66527 389
66528 389
66529 389
66530 388
66531 372
66532 99
66533 354
66534 353
66535 353
66536 378
66537 378
66538 372
66539 378
66540 314
66541 379
66542 378
66543 372
66544 314
66545 289
66546 322
66547 289
66548 387
66549 271
66550 373
66551 289
66552 171
66553 373
66554 285
66555 171
66556 378
66557 378
66558 220
66559 248
66560 41
66561 219
66562 248
66563 248
66564 248
66565 248
66566 220
66567 220
66568 41
66569 41
66570 359
66571 359
66572 359
66573 359
66574 359
66575 359
66576 359
66577 249
66578 225
66579 241
66580 372
66581 243
66582 359
66583 249
66584 243
66585 419
66586 419
66587 199
66588 373
66589 241
66590 173
66591 419
66592 225
66593 199
66594 372
66595 372
66596 373
66597 241
66598 173
66599 359
66600 410
66601 359
66602 95
66603 35
66604 35
66605 95
66606 95
66607 95
66608 302
66609 95
66610 105
66611 302
66612 302
66613 302
66614 273
66615 273
66616 35
66617 273
66618 35
66619 273
66620 273
66621 317
66622 317
66623 35
66624 317
66625 35
66626 35
66627 317
66628 95
66629 95
66630 97
66631 95
66632 302
66633 99
66634 95
66635 302
66636 302
66637 302
66638 145
66639 125
66640 125
66641 144
66642 135
66643 135
66644 135
66645 125
66646 124
66647 194
66648 154
66649 113
66650 113
66651 197
66652 207
66653 169
66654 195
66655 154
66656 203
66657 194
66658 154
66659 173
66660 197
66661 203
66662 153
66663 125
66664 195
66665 113
66666 154
66667 173
66668 197
66669 207
66670 204
66671 173
66672 113
66673 207
66674 207
66675 169
66676 124
66677 207
66678 113
66679 124
66680 203
66681 154
66682 207
66683 195
66684 169
66685 169
66686 144
66687 144
66688 250
66689 264
66690 57
66691 306
66692 220
66693 304
66694 42
66695 57
66696 306
66697 220
66698 367
66699 367
66700 368
66701 57
66702 57
66703 42
66704 220
66705 57
66706 57
66707 237
66708 314
66709 264
66710 264
66711 314
66712 200
66713 306
66714 18
66715 306
66716 237
66717 16
66718 268
66719 18
66720 306
66721 16
66722 200
66723 200
66724 18
66725 200
66726 46
66727 18
66728 8
66729 41
66730 56
66731 6
66732 6
66733 41
66734 47
66735 47
66736 78
66737 56
66738 22
66739 56
66740 22
66741 56
66742 8
66743 78
66744 389
66745 198
66746 178
66747 178
66748 198
66749 93
66750 206
66751 198
66752 198
66753 198
66754 49
66755 174
66756 256
66757 49
66758 178
66759 256
66760 178
66761 256
66762 167
66763 174
66764 167
66765 136
66766 137
66767 136
66768 180
66769 198
66770 137
66771 179
66772 180
66773 202
66774 126
66775 183
66776 183
66777 198
66778 126
66779 179
66780 126
66781 202
66782 154
66783 184
66784 184
66785 141
66786 141
66787 154
66788 141
66789 154
66790 154
66791 122
66792 122
66793 184
66794 184
66795 141
66796 141
66797 141
66798 141
66799 141
66800 141
66801 141
66802 141
66803 141
66804 72
66805 72
66806 72
66807 72
66808 337
66809 337
66810 337
66811 337
66812 337
66813 337
66814 337
66815 200
66816 200
66817 200
66818 345
66819 371
66820 371
66821 271
66822 237
66823 383
66824 335
66825 383
66826 237
66827 379
66828 367
66829 46
66830 22
66831 22
66832 22
66833 378
66834 271
66835 271
66836 21
66837 379
66838 378
66839 367
66840 271
66841 21
66842 271
66843 46
66844 22
66845 3
66846 335
66847 237
66848 21
66849 378
66850 335
66851 21
66852 23
66853 22
66854 46
66855 22
66856 46
66857 271
66858 271
66859 22
66860 345
66861 46
66862 383
66863 3
66864 324
66865 271
66866 335
66867 271
66868 21
66869 237
66870 237
66871 271
66872 237
66873 336
66874 335
66875 379
66876 237
66877 379
66878 367
66879 44
66880 22
66881 22
66882 22
66883 378
66884 271
66885 271
66886 21
66887 379
66888 378
66889 271
66890 21
66891 271
66892 46
66893 22
66894 335
66895 378
66896 21
66897 378
66898 335
66899 21
66900 43
66901 22
66902 46
66903 22
66904 43
66905 271
66906 271
66907 22
66908 367
66909 46
66910 237
66911 336
66912 335
66913 271
66914 21
66915 237
66916 237
66917 155
66918 141
66919 182
66920 182
66921 155
66922 118
66923 118
66924 149
66925 118
66926 108
66927 153
66928 149
66929 108
66930 108
66931 108
66932 141
66933 141
66934 365
66935 353
66936 353
66937 266
66938 264
66939 365
66940 365
66941 380
66942 380
66943 384
66944 380
66945 365
66946 365
66947 365
66948 384
66949 332
66950 407
66951 332
66952 332
66953 353
66954 307
66955 407
66956 307
66957 307
66958 307
66959 304
66960 305
66961 304
66962 364
66963 332
66964 407
66965 362
66966 362
66967 353
66968 233
66969 372
66970 372
66971 233
66972 233
66973 32
66974 32
66975 233
66976 372
66977 266
66978 264
66979 224
66980 224
66981 224
66982 216
66983 216
66984 224
66985 410
66986 410
66987 410
66988 243
66989 304
66990 238
66991 65
66992 307
66993 252
66994 293
66995 243
66996 252
66997 243
66998 304
66999 243
67000 293
67001 220
67002 239
67003 65
67004 220
67005 307
67006 287
67007 65
67008 243
67009 293
67010 321
67011 238
67012 321
67013 220
67014 243
67015 307
67016 304
67017 224
67018 224
67019 226
67020 226
67021 373
67022 373
67023 373
67024 373
67025 421
67026 421
67027 421
67028 421
67029 338
67030 338
67031 338
67032 337
67033 337
67034 338
67035 338
67036 338
67037 338
67038 338
67039 336
67040 336
67041 336
67042 368
67043 239
67044 416
67045 368
67046 363
67047 363
67048 416
67049 374
67050 342
67051 399
67052 374
67053 374
67054 368
67055 374
67056 416
67057 342
67058 416
67059 374
67060 416
67061 416
67062 399
67063 416
67064 78
67065 280
67066 239
67067 280
67068 78
67069 239
67070 379
67071 416
67072 311
67073 311
67074 379
67075 408
67076 311
67077 311
67078 408
67079 311
67080 368
67081 368
67082 226
67083 226
67084 221
67085 260
67086 221
67087 368
67088 226
67089 368
67090 221
67091 311
67092 325
67093 311
67094 311
67095 363
67096 325
67097 325
67098 311
67099 311
67100 311
67101 352
67102 363
67103 363
67104 354
67105 352
67106 363
67107 374
67108 373
67109 374
67110 374
67111 373
67112 416
67113 416
67114 416
67115 315
67116 315
67117 315
67118 315
67119 40
67120 315
67121 40
67122 254
67123 148
67124 306
67125 131
67126 133
67127 312
67128 184
67129 133
67130 148
67131 419
67132 419
67133 131
67134 265
67135 169
67136 169
67137 260
67138 131
67139 184
67140 131
67141 306
67142 131
67143 260
67144 169
67145 265
67146 312
67147 131
67148 99
67149 133
67150 184
67151 372
67152 372
67153 372
67154 372
67155 372
67156 372
67157 283
67158 283
67159 313
67160 387
67161 391
67162 387
67163 101
67164 101
67165 374
67166 374
67167 361
67168 361
67169 303
67170 303
67171 374
67172 374
67173 361
67174 380
67175 374
67176 361
67177 303
67178 361
67179 380
67180 361
67181 225
67182 225
67183 374
67184 374
67185 374
67186 374
67187 374
67188 361
67189 361
67190 361
67191 428
67192 428
67193 332
67194 428
67195 350
67196 332
67197 153
67198 427
67199 427
67200 253
67201 203
67202 252
67203 149
67204 149
67205 149
67206 149
67207 73
67208 356
67209 158
67210 153
67211 427
67212 427
67213 90
67214 105
67215 90
67216 427
67217 105
67218 427
67219 385
67220 385
67221 385
67222 253
67223 253
67224 223
67225 371
67226 223
67227 371
67228 223
67229 386
67230 388
67231 386
67232 304
67233 223
67234 223
67235 304
67236 370
67237 370
67238 371
67239 228
67240 228
67241 371
67242 262
67243 262
67244 262
67245 262
67246 223
67247 387
67248 387
67249 386
67250 317
67251 317
67252 315
67253 306
67254 43
67255 238
67256 44
67257 44
67258 44
67259 317
67260 44
67261 44
67262 238
67263 238
67264 317
67265 44
67266 53
67267 220
67268 321
67269 322
67270 263
67271 220
67272 217
67273 219
67274 322
67275 217
67276 220
67277 321
67278 220
67279 263
67280 4
67281 4
67282 54
67283 54
67284 315
67285 428
67286 289
67287 428
67288 289
67289 306
67290 428
67291 306
67292 44
67293 44
67294 44
67295 96
67296 44
67297 86
67298 392
67299 420
67300 398
67301 394
67302 86
67303 394
67304 394
67305 86
67306 394
67307 398
67308 394
67309 96
67310 96
67311 96
67312 392
67313 96
67314 86
67315 86
67316 394
67317 382
67318 380
67319 382
67320 380
67321 298
67322 352
67323 335
67324 365
67325 352
67326 382
67327 335
67328 281
67329 319
67330 379
67331 340
67332 281
67333 335
67334 379
67335 379
67336 255
67337 255
67338 237
67339 335
67340 282
67341 319
67342 255
67343 294
67344 340
67345 294
67346 335
67347 281
67348 294
67349 380
67350 298
67351 298
67352 91
67353 30
67354 91
67355 91
67356 91
67357 89
67358 89
67359 421
67360 421
67361 30
67362 30
67363 421
67364 30
67365 4
67366 4
67367 2
67368 327
67369 55
67370 327
67371 55
67372 55
67373 327
67374 4
67375 57
67376 2
67377 3
67378 177
67379 4
67380 4
67381 24
67382 249
67383 249
67384 294
67385 249
67386 249
67387 218
67388 237
67389 260
67390 249
67391 237
67392 237
67393 218
67394 237
67395 218
67396 285
67397 285
67398 285
67399 300
67400 92
67401 226
67402 228
67403 278
67404 314
67405 226
67406 306
67407 314
67408 306
67409 314
67410 314
67411 306
67412 273
67413 300
67414 299
67415 250
67416 273
67417 299
67418 226
67419 278
67420 241
67421 314
67422 299
67423 278
67424 300
67425 300
67426 314
67427 226
67428 285
67429 249
67430 226
67431 314
67432 226
67433 241
67434 314
67435 314
67436 278
67437 285
67438 273
67439 285
67440 285
67441 300
67442 226
67443 228
67444 370
67445 314
67446 226
67447 327
67448 226
67449 314
67450 314
67451 299
67452 294
67453 370
67454 300
67455 250
67456 327
67457 370
67458 370
67459 297
67460 294
67461 250
67462 314
67463 228
67464 285
67465 300
67466 300
67467 314
67468 285
67469 226
67470 314
67471 226
67472 250
67473 314
67474 278
67475 285
67476 370
67477 249
67478 249
67479 254
67480 256
67481 254
67482 254
67483 254
67484 256
67485 254
67486 314
67487 314
67488 23
67489 314
67490 314
67491 221
67492 221
67493 220
67494 220
67495 220
67496 314
67497 392
67498 392
67499 220
67500 314
67501 220
67502 392
67503 392
67504 392
67505 295
67506 223
67507 295
67508 223
67509 223
67510 302
67511 223
67512 270
67513 319
67514 270
67515 220
67516 302
67517 319
67518 220
67519 236
67520 225
67521 23
67522 311
67523 246
67524 311
67525 392
67526 270
67527 246
67528 244
67529 392
67530 311
67531 30
67532 392
67533 30
67534 314
67535 30
67536 314
67537 385
67538 311
67539 362
67540 314
67541 362
67542 385
67543 311
67544 362
67545 311
67546 362
67547 220
67548 220
67549 221
67550 392
67551 220
67552 392
67553 392
67554 392
67555 221
67556 223
67557 223
67558 220
67559 221
67560 234
67561 220
67562 51
67563 51
67564 387
67565 51
67566 213
67567 387
67568 379
67569 102
67570 102
67571 51
67572 102
67573 390
67574 387
67575 213
67576 390
67577 42
67578 102
67579 51
67580 51
67581 426
67582 426
67583 428
67584 235
67585 428
67586 235
67587 426
67588 426
67589 426
67590 428
67591 364
67592 364
67593 235
67594 217
67595 235
67596 9
67597 9
67598 273
67599 273
67600 273
67601 273
67602 273
67603 273
67604 273
67605 273
67606 273
67607 273
67608 273
67609 273
67610 273
67611 273
67612 273
67613 273
67614 273
67615 335
67616 248
67617 271
67618 288
67619 246
67620 246
67621 271
67622 16
67623 365
67624 273
67625 288
67626 365
67627 246
67628 335
67629 17
67630 352
67631 359
67632 352
67633 359
67634 359
67635 359
67636 359
67637 359
67638 359
67639 352
67640 352
67641 359
67642 359
67643 359
67644 359
67645 352
67646 152
67647 145
67648 152
67649 148
67650 136
67651 136
67652 121
67653 108
67654 127
67655 145
67656 148
67657 108
67658 126
67659 126
67660 111
67661 127
67662 145
67663 387
67664 387
67665 387
67666 387
67667 387
67668 387
67669 387
67670 229
67671 229
67672 373
67673 229
67674 120
67675 373
67676 314
67677 373
67678 314
67679 373
67680 229
67681 218
67682 229
67683 218
67684 229
67685 218
67686 229
67687 218
67688 229
67689 419
67690 368
67691 413
67692 429
67693 299
67694 373
67695 373
67696 419
67697 422
67698 373
67699 419
67700 416
67701 413
67702 416
67703 419
67704 229
67705 158
67706 120
67707 158
67708 158
67709 120
67710 372
67711 372
67712 349
67713 349
67714 353
67715 354
67716 354
67717 269
67718 269
67719 349
67720 269
67721 354
67722 314
67723 390
67724 316
67725 314
67726 390
67727 419
67728 420
67729 413
67730 419
67731 407
67732 373
67733 407
67734 420
67735 373
67736 419
67737 413
67738 407
67739 413
67740 319
67741 319
67742 373
67743 377
67744 377
67745 377
67746 191
67747 210
67748 191
67749 191
67750 173
67751 167
67752 210
67753 167
67754 191
67755 198
67756 362
67757 83
67758 380
67759 380
67760 362
67761 269
67762 362
67763 362
67764 83
67765 299
67766 324
67767 423
67768 380
67769 299
67770 421
67771 299
67772 372
67773 373
67774 299
67775 421
67776 372
67777 373
67778 299
67779 373
67780 372
67781 289
67782 324
67783 289
67784 380
67785 380
67786 362
67787 324
67788 324
67789 299
67790 301
67791 299
67792 301
67793 372
67794 299
67795 372
67796 373
67797 324
67798 372
67799 301
67800 324
67801 28
67802 269
67803 269
67804 28
67805 28
67806 269
67807 324
67808 324
67809 324
67810 324
67811 39
67812 324
67813 20
67814 267
67815 269
67816 267
67817 267
67818 330
67819 325
67820 324
67821 330
67822 330
67823 325
67824 324
67825 325
67826 321
67827 20
67828 20
67829 20
67830 320
67831 343
67832 320
67833 19
67834 19
67835 343
67836 321
67837 321
67838 274
67839 325
67840 274
67841 325
67842 274
67843 324
67844 325
67845 39
67846 20
67847 319
67848 347
67849 233
67850 313
67851 233
67852 347
67853 319
67854 318
67855 318
67856 318
67857 319
67858 318
67859 347
67860 233
67861 313
67862 233
67863 400
67864 400
67865 233
67866 263
67867 400
67868 233
67869 400
67870 400
67871 296
67872 296
67873 296
67874 400
67875 233
67876 226
67877 233
67878 400
67879 226
67880 233
67881 263
67882 400
67883 233
67884 400
67885 400
67886 233
67887 263
67888 400
67889 233
67890 347
67891 318
67892 318
67893 318
67894 168
67895 168
67896 119
67897 175
67898 119
67899 119
67900 168
67901 168
67902 168
67903 168
67904 164
67905 168
67906 164
67907 165
67908 164
67909 168
67910 168
67911 188
67912 188
67913 168
67914 119
67915 129
67916 119
67917 167
67918 111
67919 167
67920 119
67921 167
67922 111
67923 112
67924 129
67925 162
67926 65
67927 111
67928 175
67929 175
67930 126
67931 119
67932 126
67933 126
67934 126
67935 119
67936 119
67937 130
67938 130
67939 426
67940 130
67941 118
67942 130
67943 135
67944 135
67945 135
67946 148
67947 135
67948 135
67949 135
67950 135
67951 135
67952 135
67953 135
67954 135
67955 110
67956 135
67957 110
67958 135
67959 116
67960 116
67961 135
67962 116
67963 148
67964 148
67965 148
67966 135
67967 135
67968 135
67969 135
67970 148
67971 148
67972 148
67973 148
67974 407
67975 407
67976 407
67977 407
67978 407
67979 407
67980 324
67981 324
67982 407
67983 407
67984 407
67985 324
67986 407
67987 223
67988 407
67989 387
67990 407
67991 387
67992 223
67993 407
67994 223
67995 274
67996 247
67997 249
67998 249
67999 389
68000 389
68001 363
68002 363
68003 283
68004 247
68005 249
68006 304
68007 363
68008 232
68009 341
68010 258
68011 232
68012 336
68013 363
68014 389
68015 304
68016 303
68017 370
68018 258
68019 304
68020 363
68021 222
68022 370
68023 232
68024 222
68025 303
68026 389
68027 341
68028 373
68029 390
68030 389
68031 288
68032 288
68033 373
68034 306
68035 390
68036 306
68037 309
68038 309
68039 363
68040 363
68041 226
68042 253
68043 382
68044 302
68045 226
68046 302
68047 316
68048 382
68049 253
68050 363
68051 220
68052 253
68053 220
68054 303
68055 253
68056 382
68057 258
68058 258
68059 363
68060 377
68061 258
68062 203
68063 203
68064 158
68065 19
68066 212
68067 113
68068 19
68069 19
68070 171
68071 172
68072 172
68073 172
68074 212
68075 19
68076 212
68077 203
68078 147
68079 147
68080 171
68081 172
68082 172
68083 113
68084 113
68085 19
68086 113
68087 164
68088 19
68089 210
68090 194
68091 19
68092 171
68093 172
68094 164
68095 19
68096 194
68097 203
68098 164
68099 172
68100 171
68101 172
68102 76
68103 172
68104 164
68105 76
68106 210
68107 37
68108 26
68109 37
68110 26
68111 37
68112 37
68113 26
68114 272
68115 272
68116 270
68117 272
68118 272
68119 270
68120 270
68121 270
68122 272
68123 272
68124 270
68125 272
68126 242
68127 308
68128 308
68129 309
68130 242
68131 51
68132 51
68133 51
68134 132
68135 192
68136 192
68137 173
68138 197
68139 191
68140 132
68141 108
68142 108
68143 133
68144 198
68145 86
68146 197
68147 103
68148 109
68149 86
68150 109
68151 200
68152 200
68153 200
68154 108
68155 200
68156 173
68157 198
68158 191
68159 103
68160 198
68161 192
68162 179
68163 128
68164 179
68165 192
68166 192
68167 128
68168 178
68169 178
68170 192
68171 132
68172 191
68173 192
68174 133
68175 133
68176 133
68177 192
68178 192
68179 192
68180 133
68181 132
68182 191
68183 132
68184 192
68185 192
68186 304
68187 304
68188 304
68189 184
68190 170
68191 184
68192 184
68193 184
68194 283
68195 283
68196 170
68197 412
68198 36
68199 283
68200 315
68201 171
68202 401
68203 19
68204 51
68205 412
68206 2
68207 2
68208 171
68209 170
68210 51
68211 36
68212 36
68213 184
68214 0
68215 0
68216 9
68217 0
68218 9
68219 184
68220 68
68221 173
68222 173
68223 173
68224 173
68225 191
68226 189
68227 173
68228 173
68229 189
68230 189
68231 191
68232 223
68233 223
68234 229
68235 67
68236 67
68237 420
68238 420
68239 420
68240 427
68241 427
68242 358
68243 358
68244 349
68245 369
68246 369
68247 349
68248 349
68249 420
68250 419
68251 238
68252 419
68253 284
68254 60
68255 284
68256 150
68257 150
68258 166
68259 103
68260 60
68261 60
68262 222
68263 284
68264 222
68265 284
68266 222
68267 315
68268 222
68269 315
68270 284
68271 230
68272 315
68273 315
68274 31
68275 102
68276 31
68277 104
68278 33
68279 32
68280 31
68281 31
68282 39
68283 39
68284 39
68285 42
68286 102
68287 39
68288 102
68289 102
68290 42
68291 39
68292 296
68293 31
68294 104
68295 33
68296 33
68297 349
68298 349
68299 398
68300 349
68301 349
68302 398
68303 343
68304 344
68305 343
68306 309
68307 306
68308 306
68309 343
68310 276
68311 344
68312 231
68313 276
68314 347
68315 343
68316 343
68317 347
68318 319
68319 319
68320 299
68321 319
68322 264
68323 264
68324 299
68325 264
68326 70
68327 70
68328 299
68329 297
68330 240
68331 240
68332 240
68333 240
68334 362
68335 240
68336 362
68337 228
68338 240
68339 364
68340 240
68341 243
68342 240
68343 50
68344 362
68345 367
68346 241
68347 50
68348 304
68349 50
68350 362
68351 362
68352 243
68353 243
68354 304
68355 281
68356 314
68357 367
68358 367
68359 281
68360 50
68361 243
68362 314
68363 241
68364 240
68365 231
68366 351
68367 231
68368 240
68369 239
68370 239
68371 123
68372 112
68373 118
68374 112
68375 112
68376 118
68377 118
68378 157
68379 164
68380 117
68381 123
68382 122
68383 164
68384 170
68385 164
68386 190
68387 170
68388 119
68389 117
68390 190
68391 170
68392 122
68393 164
68394 164
68395 190
68396 190
68397 117
68398 157
68399 190
68400 117
68401 158
68402 119
68403 122
68404 112
68405 112
68406 112
68407 172
68408 112
68409 153
68410 160
68411 151
68412 151
68413 163
68414 112
68415 153
68416 113
68417 163
68418 160
68419 124
68420 113
68421 153
68422 124
68423 163
68424 172
68425 163
68426 113
68427 172
68428 187
68429 150
68430 187
68431 150
68432 116
68433 151
68434 116
68435 150
68436 118
68437 138
68438 138
68439 118
68440 118
68441 337
68442 337
68443 337
68444 321
68445 337
68446 321
68447 84
68448 389
68449 389
68450 389
68451 389
68452 389
68453 280
68454 280
68455 414
68456 414
68457 379
68458 105
68459 105
68460 280
68461 316
68462 105
68463 105
68464 392
68465 392
68466 414
68467 237
68468 237
68469 237
68470 329
68471 430
68472 430
68473 34
68474 10
68475 10
68476 143
68477 10
68478 143
68479 34
68480 10
68481 143
68482 143
68483 26
68484 40
68485 40
68486 1
68487 34
68488 34
68489 34
68490 26
68491 34
68492 5
68493 5
68494 351
68495 351
68496 10
68497 10
68498 393
68499 228
68500 390
68501 251
68502 339
68503 353
68504 228
68505 92
68506 10
68507 390
68508 427
68509 353
68510 92
68511 390
68512 251
68513 339
68514 92
68515 353
68516 10
68517 92
68518 228
68519 390
68520 251
68521 34
68522 34
68523 34
68524 34
68525 34
68526 34
68527 10
68528 4
68529 4
68530 353
68531 429
68532 353
68533 429
68534 429
68535 395
68536 429
68537 396
68538 353
68539 353
68540 366
68541 396
68542 429
68543 429
68544 366
68545 353
68546 366
68547 353
68548 230
68549 395
68550 219
68551 230
68552 219
68553 395
68554 395
68555 230
68556 372
68557 372
68558 372
68559 359
68560 359
68561 319
68562 223
68563 293
68564 293
68565 297
68566 298
68567 223
68568 372
68569 298
68570 259
68571 319
68572 329
68573 298
68574 329
68575 373
68576 219
68577 319
68578 372
68579 259
68580 372
68581 235
68582 263
68583 263
68584 233
68585 5
68586 5
68587 235
68588 11
68589 11
68590 46
68591 51
68592 51
68593 52
68594 45
68595 45
68596 46
68597 188
68598 165
68599 188
68600 417
68601 188
68602 47
68603 46
68604 190
68605 190
68606 165
68607 162
68608 417
68609 47
68610 165
68611 47
68612 51
68613 51
68614 51
68615 47
68616 51
68617 47
68618 47
68619 46
68620 47
68621 47
68622 246
68623 246
68624 250
68625 250
68626 246
68627 246
68628 246
68629 246
68630 246
68631 246
68632 246
68633 246
68634 246
68635 297
68636 362
68637 297
68638 325
68639 325
68640 373
68641 235
68642 82
68643 425
68644 297
68645 325
68646 235
68647 332
68648 373
68649 250
68650 332
68651 297
68652 425
68653 362
68654 373
68655 81
68656 235
68657 362
68658 234
68659 250
68660 325
68661 332
68662 332
68663 325
68664 325
68665 258
68666 325
68667 325
68668 332
68669 258
68670 250
68671 250
68672 246
68673 246
68674 34
68675 34
68676 52
68677 34
68678 298
68679 306
68680 298
68681 32
68682 34
68683 230
68684 298
68685 230
68686 298
68687 34
68688 32
68689 216
68690 216
68691 306
68692 32
68693 230
68694 34
68695 29
68696 29
68697 52
68698 298
68699 306
68700 306
68701 34
68702 230
68703 298
68704 230
68705 298
68706 34
68707 216
68708 216
68709 306
68710 32
68711 230
68712 152
68713 116
68714 159
68715 116
68716 152
68717 152
68718 109
68719 108
68720 161
68721 159
68722 152
68723 109
68724 161
68725 109
68726 109
68727 159
68728 161
68729 159
68730 108
68731 109
68732 109
68733 108
68734 116
68735 116
68736 116
68737 116
68738 159
68739 159
68740 116
68741 116
68742 116
68743 115
68744 152
68745 109
68746 152
68747 151
68748 111
68749 109
68750 109
68751 111
68752 171
68753 171
68754 169
68755 171
68756 377
68757 171
68758 171
68759 171
68760 15
68761 21
68762 15
68763 15
68764 15
68765 20
68766 15
68767 15
68768 21
68769 21
68770 339
68771 232
68772 377
68773 15
68774 377
68775 377
68776 226
68777 377
68778 297
68779 232
68780 355
68781 297
68782 339
68783 355
68784 226
68785 15
68786 355
68787 303
68788 15
68789 15
68790 347
68791 347
68792 347
68793 409
68794 327
68795 267
68796 333
68797 267
68798 333
68799 409
68800 267
68801 255
68802 255
68803 255
68804 255
68805 253
68806 255
68807 255
68808 255
68809 338
68810 338
68811 311
68812 338
68813 311
68814 338
68815 311
68816 311
68817 311
68818 311
68819 338
68820 338
68821 338
68822 311
68823 311
68824 311
68825 311
68826 338
68827 338
68828 345
68829 345
68830 314
68831 151
68832 122
68833 151
68834 112
68835 151
68836 314
68837 142
68838 122
68839 142
68840 152
68841 152
68842 151
68843 151
68844 152
68845 151
68846 122
68847 122
68848 27
68849 11
68850 27
68851 11
68852 11
68853 27
68854 27
68855 11
68856 4
68857 4
68858 4
68859 11
68860 11
68861 336
68862 396
68863 396
68864 329
68865 371
68866 336
68867 396
68868 416
68869 397
68870 416
68871 397
68872 9
68873 313
68874 396
68875 321
68876 313
68877 396
68878 214
68879 199
68880 199
68881 321
68882 9
68883 214
68884 149
68885 152
68886 190
68887 190
68888 152
68889 149
68890 152
68891 149
68892 97
68893 380
68894 297
68895 385
68896 361
68897 357
68898 304
68899 238
68900 321
68901 238
68902 361
68903 304
68904 321
68905 219
68906 64
68907 380
68908 237
68909 321
68910 385
68911 297
68912 385
68913 305
68914 361
68915 380
68916 380
68917 231
68918 231
68919 242
68920 405
68921 231
68922 405
68923 405
68924 297
68925 297
68926 297
68927 297
68928 314
68929 314
68930 251
68931 238
68932 99
68933 385
68934 301
68935 99
68936 228
68937 100
68938 238
68939 251
68940 233
68941 301
68942 247
68943 385
68944 390
68945 233
68946 238
68947 238
68948 234
68949 301
68950 301
68951 234
68952 390
68953 228
68954 247
68955 233
68956 391
68957 217
68958 391
68959 218
68960 301
68961 217
68962 233
68963 361
68964 371
68965 361
68966 231
68967 231
68968 359
68969 231
68970 371
68971 359
68972 357
68973 355
68974 357
68975 357
68976 357
68977 350
68978 272
68979 350
68980 350
68981 307
68982 272
68983 304
68984 307
68985 280
68986 280
68987 280
68988 273
68989 382
68990 363
68991 378
68992 378
68993 307
68994 273
68995 321
68996 266
68997 378
68998 358
68999 398
69000 266
69001 378
69002 398
69003 307
69004 363
69005 280
69006 234
69007 358
69008 234
69009 378
69010 238
69011 363
69012 273
69013 363
69014 234
69015 234
69016 358
69017 266
69018 264
69019 358
69020 234
69021 307
69022 321
69023 321
69024 321
69025 313
69026 313
69027 313
69028 301
69029 254
69030 238
69031 254
69032 235
69033 301
69034 238
69035 238
69036 301
69037 238
69038 221
69039 255
69040 301
69041 221
69042 301
69043 301
69044 235
69045 221
69046 231
69047 231
69048 231
69049 361
69050 361
69051 361
69052 231
69053 305
69054 304
69055 219
69056 64
69057 380
69058 385
69059 297
69060 297
69061 297
69062 297
69063 385
69064 305
69065 305
69066 226
69067 226
69068 223
69069 223
69070 228
69071 226
69072 8
69073 289
69074 30
69075 289
69076 8
69077 289
69078 217
69079 217
69080 223
69081 223
69082 219
69083 32
69084 12
69085 223
69086 217
69087 219
69088 219
69089 217
69090 219
69091 223
69092 217
69093 219
69094 217
69095 204
69096 205
69097 187
69098 204
69099 204
69100 116
69101 189
69102 189
69103 117
69104 117
69105 119
69106 119
69107 117
69108 187
69109 117
69110 191
69111 191
69112 209
69113 209
69114 188
69115 188
69116 191
69117 188
69118 187
69119 191
69120 191
69121 187
69122 188
69123 187
69124 191
69125 116
69126 165
69127 146
69128 116
69129 146
69130 116
69131 165
69132 206
69133 209
69134 158
69135 155
69136 155
69137 158
69138 209
69139 206
69140 209
69141 209
69142 150
69143 153
69144 150
69145 359
69146 243
69147 243
69148 244
69149 244
69150 398
69151 248
69152 359
69153 108
69154 108
69155 108
69156 130
69157 130
69158 108
69159 108
69160 108
69161 120
69162 121
69163 108
69164 120
69165 113
69166 110
69167 110
69168 126
69169 319
69170 136
69171 162
69172 194
69173 162
69174 198
69175 176
69176 126
69177 176
69178 162
69179 194
69180 126
69181 113
69182 152
69183 136
69184 151
69185 129
69186 152
69187 151
69188 113
69189 129
69190 129
69191 152
69192 136
69193 151
69194 127
69195 127
69196 152
69197 129
69198 136
69199 129
69200 113
69201 314
69202 266
69203 266
69204 266
69205 314
69206 251
69207 313
69208 249
69209 256
69210 249
69211 249
69212 255
69213 245
69214 429
69215 245
69216 253
69217 297
69218 334
69219 334
69220 248
69221 253
69222 429
69223 429
69224 245
69225 334
69226 430
69227 297
69228 332
69229 248
69230 245
69231 225
69232 329
69233 329
69234 225
69235 256
69236 329
69237 408
69238 382
69239 408
69240 408
69241 382
69242 408
69243 264
69244 216
69245 264
69246 264
69247 216
69248 264
69249 221
69250 294
69251 269
69252 221
69253 294
69254 221
69255 264
69256 315
69257 350
69258 350
69259 264
69260 294
69261 315
69262 269
69263 267
69264 267
69265 414
69266 260
69267 216
69268 272
69269 260
69270 216
69271 343
69272 232
69273 232
69274 343
69275 343
69276 37
69277 343
69278 216
69279 343
69280 32
69281 216
69282 272
69283 260
69284 234
69285 216
69286 272
69287 37
69288 234
69289 267
69290 264
69291 309
69292 309
69293 264
69294 267
69295 267
69296 309
69297 269
69298 269
69299 363
69300 264
69301 421
69302 421
69303 34
69304 363
69305 363
69306 34
69307 52
69308 421
69309 264
69310 216
69311 216
69312 257
69313 216
69314 257
69315 361
69316 219
69317 351
69318 351
69319 257
69320 257
69321 216
69322 264
69323 264
69324 333
69325 333
69326 333
69327 60
69328 60
69329 60
69330 424
69331 424
69332 425
69333 425
69334 424
69335 425
69336 410
69337 424
69338 284
69339 276
69340 280
69341 280
69342 280
69343 276
69344 270
69345 280
69346 273
69347 261
69348 241
69349 257
69350 378
69351 378
69352 224
69353 273
69354 253
69355 309
69356 309
69357 224
69358 270
69359 280
69360 273
69361 309
69362 378
69363 262
69364 363
69365 280
69366 234
69367 257
69368 234
69369 280
69370 363
69371 273
69372 363
69373 234
69374 273
69375 226
69376 253
69377 364
69378 270
69379 270
69380 363
69381 262
69382 239
69383 314
69384 383
69385 314
69386 239
69387 279
69388 309
69389 423
69390 383
69391 314
69392 309
69393 239
69394 383
69395 309
69396 280
69397 410
69398 410
69399 423
69400 280
69401 280
69402 312
69403 311
69404 312
69405 312
69406 312
69407 397
69408 311
69409 52
69410 52
69411 52
69412 52
69413 122
69414 122
69415 122
69416 2
69417 151
69418 151
69419 151
69420 127
69421 127
69422 122
69423 125
69424 123
69425 125
69426 123
69427 125
69428 123
69429 125
69430 123
69431 122
69432 122
69433 148
69434 148
69435 148
69436 259
69437 259
69438 259
69439 259
69440 148
69441 389
69442 335
69443 259
69444 337
69445 259
69446 389
69447 336
69448 259
69449 335
69450 336
69451 389
69452 259
69453 259
69454 170
69455 170
69456 293
69457 170
69458 219
69459 219
69460 259
69461 57
69462 57
69463 210
69464 210
69465 210
69466 395
69467 210
69468 210
69469 57
69470 57
69471 57
69472 309
69473 36
69474 21
69475 36
69476 53
69477 62
69478 36
69479 21
69480 309
69481 57
69482 36
69483 57
69484 21
69485 309
69486 36
69487 62
69488 193
69489 210
69490 193
69491 181
69492 7
69493 7
69494 0
69495 40
69496 181
69497 210
69498 51
69499 40
69500 5
69501 214
69502 40
69503 51
69504 2
69505 238
69506 16
69507 54
69508 238
69509 54
69510 239
69511 0
69512 7
69513 0
69514 7
69515 238
69516 240
69517 238
69518 238
69519 7
69520 240
69521 7
69522 238
69523 238
69524 16
69525 54
69526 220
69527 75
69528 56
69529 75
69530 56
69531 89
69532 75
69533 54
69534 220
69535 75
69536 220
69537 56
69538 75
69539 54
69540 220
69541 56
69542 89
69543 332
69544 89
69545 56
69546 332
69547 238
69548 238
69549 238
69550 238
69551 163
69552 48
69553 48
69554 48
69555 48
69556 47
69557 47
69558 0
69559 0
69560 46
69561 0
69562 48
69563 0
69564 48
69565 0
69566 48
69567 48
69568 48
69569 47
69570 48
69571 0
69572 46
69573 48
69574 48
69575 48
69576 48
69577 48
69578 48
69579 48
69580 48
69581 48
69582 48
69583 48
69584 201
69585 201
69586 202
69587 201
69588 270
69589 270
69590 95
69591 95
69592 86
69593 86
69594 276
69595 270
69596 95
69597 306
69598 354
69599 354
69600 277
69601 270
69602 306
69603 270
69604 90
69605 93
69606 93
69607 427
69608 427
69609 427
69610 93
69611 95
69612 90
69613 226
69614 95
69615 226
69616 427
69617 226
69618 427
69619 97
69620 427
69621 95
69622 95
69623 188
69624 96
69625 96
69626 95
69627 188
69628 54
69629 252
69630 304
69631 64
69632 36
69633 89
69634 64
69635 79
69636 54
69637 64
69638 36
69639 87
69640 79
69641 54
69642 64
69643 87
69644 304
69645 86
69646 36
69647 252
69648 86
69649 79
69650 89
69651 304
69652 83
69653 0
69654 297
69655 387
69656 301
69657 231
69658 387
69659 71
69660 71
69661 387
69662 218
69663 81
69664 297
69665 86
69666 387
69667 3
69668 301
69669 0
69670 71
69671 218
69672 231
69673 218
69674 346
69675 238
69676 253
69677 346
69678 276
69679 276
69680 253
69681 354
69682 365
69683 354
69684 238
69685 365
69686 365
69687 354
69688 354
69689 307
69690 307
69691 307
69692 307
69693 270
69694 307
69695 95
69696 95
69697 7
69698 7
69699 81
69700 81
69701 81
69702 81
69703 81
69704 81
69705 81
69706 97
69707 244
69708 244
69709 12
69710 12
69711 13
69712 178
69713 12
69714 12
69715 178
69716 91
69717 13
69718 9
69719 9
69720 181
69721 12
69722 113
69723 113
69724 91
69725 91
69726 9
69727 189
69728 189
69729 189
69730 189
69731 189
69732 213
69733 190
69734 189
69735 190
69736 189
69737 190
69738 12
69739 27
69740 189
69741 27
69742 189
69743 189
69744 27
69745 110
69746 108
69747 110
69748 203
69749 27
69750 12
69751 12
69752 108
69753 189
69754 108
69755 189
69756 189
69757 189
69758 189
69759 190
69760 189
69761 190
69762 385
69763 376
69764 376
69765 376
69766 376
69767 376
69768 305
69769 302
69770 376
69771 302
69772 376
69773 305
69774 305
69775 376
69776 69
69777 69
69778 66
69779 376
69780 376
69781 66
69782 70
69783 74
69784 74
69785 74
69786 406
69787 416
69788 416
69789 417
69790 416
69791 417
69792 417
69793 417
69794 416
69795 417
69796 415
69797 416
69798 416
69799 417
69800 265
69801 366
69802 419
69803 265
69804 291
69805 265
69806 366
69807 419
69808 417
69809 359
69810 417
69811 419
69812 292
69813 405
69814 405
69815 265
69816 366
69817 291
69818 417
69819 292
69820 411
69821 359
69822 359
69823 292
69824 405
69825 417
69826 416
69827 416
69828 416
69829 417
69830 281
69831 218
69832 237
69833 237
69834 237
69835 218
69836 101
69837 99
69838 101
69839 101
69840 101
69841 101
69842 429
69843 101
69844 24
69845 24
69846 24
69847 99
69848 145
69849 171
69850 173
69851 36
69852 171
69853 145
69854 145
69855 172
69856 173
69857 166
69858 166
69859 171
69860 166
69861 36
69862 36
69863 36
69864 417
69865 416
69866 417
69867 417
69868 417
69869 417
69870 417
69871 17
69872 17
69873 17
69874 17
69875 17
69876 17
69877 149
69878 17
69879 188
69880 17
69881 188
69882 149
69883 17
69884 17
69885 17
69886 17
69887 17
69888 17
69889 17
69890 17
69891 17
69892 179
69893 213
69894 213
69895 392
69896 71
69897 71
69898 392
69899 392
69900 71
69901 71
69902 71
69903 47
69904 47
69905 71
69906 392
69907 308
69908 29
69909 59
69910 308
69911 59
69912 309
69913 232
69914 309
69915 308
69916 238
69917 309
69918 238
69919 308
69920 309
69921 232
69922 40
69923 40
69924 29
69925 32
69926 32
69927 45
69928 57
69929 45
69930 57
69931 47
69932 308
69933 308
69934 5
69935 5
69936 59
69937 58
69938 58
69939 58
69940 95
69941 88
69942 88
69943 98
69944 95
69945 88
69946 88
69947 88
69948 88
69949 30
69950 30
69951 29
69952 29
69953 35
69954 27
69955 30
69956 18
69957 18
69958 18
69959 35
69960 27
69961 35
69962 18
69963 18
69964 36
69965 27
69966 93
69967 30
69968 93
69969 36
69970 93
69971 27
69972 312
69973 312
69974 216
69975 312
69976 216
69977 29
69978 200
69979 200
69980 374
69981 201
69982 374
69983 201
69984 29
69985 29
69986 4
69987 0
69988 10
69989 10
69990 238
69991 10
69992 235
69993 0
69994 12
69995 238
69996 217
69997 217
69998 217
69999 217
70000 217
70001 217
70002 217
70003 417
70004 257
70005 217
70006 217
70007 217
70008 217
70009 217
70010 217
70011 24
70012 26
70013 217
70014 24
70015 217
70016 0
70017 217
70018 217
70019 26
70020 216
70021 216
70022 217
70023 217
70024 216
70025 217
70026 216
70027 217
70028 217
70029 216
70030 217
70031 217
70032 217
70033 217
70034 217
70035 3
70036 217
70037 3
70038 217
70039 217
70040 217
70041 217
70042 217
70043 217
70044 417
70045 257
70046 295
70047 313
70048 295
70049 295
70050 315
70051 313
70052 335
70053 335
70054 313
70055 314
70056 296
70057 313
70058 296
70059 313
70060 296
70061 294
70062 295
70063 294
70064 225
70065 287
70066 287
70067 225
70068 411
70069 411
70070 295
70071 251
70072 295
70073 294
70074 294
70075 411
70076 294
70077 295
70078 294
70079 294
70080 294
70081 295
70082 294
70083 294
70084 294
70085 275
70086 316
70087 276
70088 276
70089 315
70090 276
70091 260
70092 380
70093 380
70094 409
70095 401
70096 313
70097 358
70098 288
70099 288
70100 358
70101 275
70102 288
70103 275
70104 288
70105 288
70106 358
70107 358
70108 358
70109 358
70110 358
70111 385
70112 288
70113 284
70114 288
70115 284
70116 289
70117 430
70118 385
70119 288
70120 270
70121 270
70122 270
70123 268
70124 250
70125 270
70126 268
70127 358
70128 278
70129 227
70130 275
70131 421
70132 421
70133 278
70134 260
70135 421
70136 227
70137 260
70138 227
70139 293
70140 415
70141 391
70142 293
70143 415
70144 382
70145 248
70146 304
70147 225
70148 391
70149 225
70150 293
70151 225
70152 288
70153 225
70154 288
70155 304
70156 397
70157 248
70158 304
70159 270
70160 270
70161 270
70162 288
70163 288
70164 288
70165 358
70166 358
70167 326
70168 288
70169 288
70170 233
70171 290
70172 326
70173 338
70174 338
70175 338
70176 288
70177 288
70178 288
70179 288
70180 356
70181 64
70182 17
70183 350
70184 36
70185 65
70186 350
70187 218
70188 36
70189 356
70190 36
70191 218
70192 64
70193 356
70194 218
70195 245
70196 245
70197 356
70198 17
70199 233
70200 17
70201 318
70202 254
70203 318
70204 318
70205 251
70206 290
70207 253
70208 290
70209 254
70210 38
70211 170
70212 38
70213 38
70214 170
70215 38
70216 38
70217 38
70218 38
70219 341
70220 39
70221 36
70222 341
70223 38
70224 36
70225 36
70226 38
70227 39
70228 170
70229 29
70230 92
70231 76
70232 21
70233 24
70234 80
70235 76
70236 38
70237 29
70238 76
70239 92
70240 24
70241 21
70242 170
70243 79
70244 79
70245 39
70246 38
70247 39
70248 38
70249 52
70250 58
70251 58
70252 58
70253 52
70254 25
70255 25
70256 25
70257 183
70258 25
70259 114
70260 25
70261 183
70262 178
70263 114
70264 178
70265 291
70266 291
70267 291
70268 329
70269 364
70270 329
70271 364
70272 326
70273 329
70274 329
70275 329
70276 329
70277 430
70278 364
70279 430
70280 326
70281 326
70282 326
70283 3
70284 3
70285 3
70286 16
70287 3
70288 16
70289 3
70290 48
70291 153
70292 150
70293 88
70294 48
70295 150
70296 48
70297 150
70298 91
70299 210
70300 43
70301 210
70302 48
70303 48
70304 48
70305 48
70306 48
70307 210
70308 43
70309 43
70310 153
70311 153
70312 150
70313 150
70314 88
70315 97
70316 66
70317 62
70318 66
70319 62
70320 53
70321 97
70322 88
70323 97
70324 53
70325 149
70326 43
70327 149
70328 149
70329 48
70330 48
70331 45
70332 48
70333 45
70334 43
70335 160
70336 160
70337 160
70338 160
70339 150
70340 160
70341 150
70342 48
70343 48
70344 319
70345 319
70346 312
70347 319
70348 274
70349 274
70350 319
70351 319
70352 312
70353 311
70354 311
70355 277
70356 277
70357 267
70358 267
70359 83
70360 259
70361 259
70362 281
70363 295
70364 277
70365 295
70366 267
70367 257
70368 257
70369 257
70370 267
70371 19
70372 309
70373 101
70374 12
70375 19
70376 83
70377 278
70378 300
70379 8
70380 8
70381 287
70382 287
70383 287
70384 309
70385 287
70386 12
70387 278
70388 19
70389 272
70390 272
70391 258
70392 331
70393 258
70394 305
70395 331
70396 287
70397 254
70398 325
70399 254
70400 325
70401 305
70402 325
70403 259
70404 272
70405 272
70406 259
70407 259
70408 143
70409 143
70410 143
70411 116
70412 149
70413 149
70414 149
70415 144
70416 149
70417 149
70418 116
70419 143
70420 119
70421 137
70422 149
70423 140
70424 119
70425 140
70426 152
70427 140
70428 137
70429 143
70430 119
70431 152
70432 143
70433 137
70434 144
70435 152
70436 158
70437 119
70438 149
70439 149
70440 143
70441 149
70442 143
70443 149
70444 143
70445 149
70446 139
70447 147
70448 139
70449 143
70450 143
70451 147
70452 143
70453 126
70454 126
70455 127
70456 127
70457 139
70458 139
70459 126
70460 152
70461 152
70462 152
70463 139
70464 126
70465 126
70466 126
70467 116
70468 116
70469 116
70470 116
70471 116
70472 127
70473 139
70474 139
70475 139
70476 233
70477 420
70478 420
70479 306
70480 420
70481 233
70482 233
70483 233
70484 242
70485 228
70486 228
70487 242
70488 233
70489 233
70490 390
70491 390
70492 390
70493 245
70494 276
70495 306
70496 410
70497 245
70498 276
70499 279
70500 279
70501 262
70502 410
70503 420
70504 233
70505 233
70506 393
70507 393
70508 393
70509 393
70510 393
70511 393
70512 393
70513 394
70514 394
70515 393
70516 64
70517 313
70518 413
70519 313
70520 413
70521 407
70522 407
70523 407
70524 356
70525 356
70526 378
70527 313
70528 378
70529 397
70530 312
70531 407
70532 354
70533 356
70534 419
70535 379
70536 413
70537 413
70538 350
70539 335
70540 379
70541 335
70542 313
70543 407
70544 407
70545 407
70546 407
70547 413
70548 369
70549 413
70550 369
70551 407
70552 413
70553 369
70554 17
70555 17
70556 17
70557 22
70558 22
70559 17
70560 113
70561 113
70562 17
70563 0
70564 86
70565 311
70566 6
70567 87
70568 0
70569 87
70570 189
70571 189
70572 42
70573 207
70574 6
70575 25
70576 209
70577 39
70578 207
70579 189
70580 193
70581 42
70582 189
70583 42
70584 33
70585 25
70586 193
70587 33
70588 25
70589 42
70590 25
70591 209
70592 39
70593 25
70594 207
70595 33
70596 42
70597 209
70598 11
70599 86
70600 415
70601 86
70602 415
70603 384
70604 415
70605 86
70606 86
70607 11
70608 384
70609 315
70610 315
70611 315
70612 6
70613 6
70614 44
70615 3
70616 96
70617 317
70618 174
70619 311
70620 0
70621 317
70622 283
70623 281
70624 283
70625 44
70626 317
70627 96
70628 281
70629 3
70630 44
70631 63
70632 96
70633 44
70634 63
70635 75
70636 44
70637 283
70638 174
70639 75
70640 86
70641 86
70642 86
70643 86
70644 86
70645 87
70646 384
70647 51
70648 51
70649 51
70650 10
70651 10
70652 10
70653 10
70654 65
70655 334
70656 334
70657 334
70658 348
70659 273
70660 348
70661 334
70662 334
70663 273
70664 334
70665 280
70666 287
70667 273
70668 287
70669 280
70670 398
70671 348
70672 334
70673 334
70674 334
70675 287
70676 135
70677 154
70678 154
70679 142
70680 136
70681 135
70682 142
70683 218
70684 218
70685 348
70686 348
70687 89
70688 218
70689 89
70690 126
70691 126
70692 126
70693 117
70694 117
70695 126
70696 126
70697 135
70698 154
70699 154
70700 154
70701 111
70702 111
70703 191
70704 113
70705 147
70706 189
70707 132
70708 152
70709 191
70710 191
70711 150
70712 111
70713 178
70714 144
70715 111
70716 118
70717 130
70718 178
70719 144
70720 189
70721 178
70722 182
70723 189
70724 113
70725 182
70726 130
70727 191
70728 150
70729 132
70730 128
70731 179
70732 154
70733 118
70734 113
70735 132
70736 189
70737 128
70738 144
70739 144
70740 147
70741 130
70742 150
70743 152
70744 142
70745 142
70746 142
70747 142
70748 142
70749 142
70750 136
70751 136
70752 136
70753 200
70754 200
70755 136
70756 136
70757 135
70758 137
70759 137
70760 145
70761 137
70762 142
70763 143
70764 4
70765 6
70766 4
70767 4
70768 2
70769 2
70770 129
70771 150
70772 117
70773 117
70774 150
70775 150
70776 150
70777 150
70778 150
70779 136
70780 149
70781 159
70782 150
70783 129
70784 129
70785 129
70786 150
70787 159
70788 136
70789 129
70790 159
70791 149
70792 150
70793 129
70794 136
70795 150
70796 156
70797 150
70798 160
70799 150
70800 156
70801 160
70802 150
70803 156
70804 150
70805 122
70806 124
70807 115
70808 124
70809 124
70810 117
70811 122
70812 162
70813 117
70814 146
70815 162
70816 165
70817 146
70818 118
70819 117
70820 118
70821 117
70822 162
70823 152
70824 165
70825 149
70826 159
70827 160
70828 150
70829 160
70830 150
70831 150
70832 150
70833 150
70834 150
70835 159
70836 150
70837 158
70838 157
70839 157
70840 149
70841 150
70842 129
70843 129
70844 129
70845 150
70846 159
70847 129
70848 149
70849 150
70850 150
70851 149
70852 150
70853 150
70854 150
70855 150
70856 82
70857 321
70858 280
70859 93
70860 243
70861 243
70862 301
70863 82
70864 64
70865 359
70866 359
70867 72
70868 303
70869 64
70870 72
70871 93
70872 301
70873 82
70874 243
70875 40
70876 301
70877 62
70878 40
70879 359
70880 93
70881 321
70882 352
70883 359
70884 403
70885 243
70886 359
70887 352
70888 235
70889 359
70890 235
70891 392
70892 388
70893 388
70894 388
70895 260
70896 388
70897 260
70898 260
70899 397
70900 384
70901 397
70902 311
70903 393
70904 260
70905 260
70906 260
70907 260
70908 311
70909 311
70910 260
70911 313
70912 260
70913 384
70914 260
70915 313
70916 260
70917 405
70918 388
70919 260
70920 260
70921 260
70922 260
70923 260
70924 260
70925 260
70926 260
70927 382
70928 291
70929 382
70930 383
70931 382
70932 382
70933 382
70934 398
70935 377
70936 377
70937 221
70938 291
70939 222
70940 291
70941 382
70942 382
70943 380
70944 395
70945 383
70946 395
70947 395
70948 395
70949 119
70950 118
70951 117
70952 119
70953 140
70954 135
70955 122
70956 111
70957 113
70958 132
70959 135
70960 117
70961 108
70962 139
70963 111
70964 140
70965 117
70966 139
70967 116
70968 132
70969 116
70970 122
70971 108
70972 108
70973 116
70974 108
70975 140
70976 122
70977 119
70978 119
70979 128
70980 296
70981 388
70982 388
70983 334
70984 334
70985 187
70986 187
70987 334
70988 334
70989 28
70990 28
70991 36
70992 182
70993 36
70994 176
70995 176
70996 187
70997 196
70998 196
70999 334
71000 409
71001 275
71002 275
71003 274
71004 275
71005 108
71006 129
71007 165
71008 115
71009 165
71010 115
71011 115
71012 108
71013 108
71014 165
71015 169
71016 169
71017 172
71018 169
71019 122
71020 127
71021 122
71022 122
71023 253
71024 253
71025 253
71026 253
71027 253
71028 253
71029 253
71030 253
71031 253
71032 253
71033 253
71034 253
71035 253
71036 72
71037 315
71038 227
71039 315
71040 253
71041 227
71042 74
71043 315
71044 315
71045 258
71046 253
71047 74
71048 51
71049 260
71050 258
71051 72
71052 253
71053 253
71054 253
71055 253
71056 253
71057 253
71058 253
71059 253
71060 253
71061 253
71062 253
71063 253
71064 253
71065 253
71066 349
71067 280
71068 334
71069 280
71070 287
71071 334
71072 349
71073 349
71074 287
71075 349
71076 287
71077 334
71078 258
71079 305
71080 305
71081 279
71082 258
71083 280
71084 280
71085 258
71086 233
71087 279
71088 305
71089 287
71090 336
71091 336
71092 334
71093 334
71094 334
71095 349
71096 349
71097 349
71098 258
71099 258
71100 258
71101 231
71102 280
71103 258
71104 287
71105 287
71106 258
71107 280
71108 298
71109 319
71110 318
71111 318
71112 318
71113 319
71114 319
71115 27
71116 192
71117 192
71118 7
71119 7
71120 7
71121 27
71122 27
71123 178
71124 178
71125 178
71126 178
71127 179
71128 27
71129 179
71130 27
71131 178
71132 191
71133 191
71134 191
71135 192
71136 7
71137 164
71138 164
71139 7
71140 164
71141 397
71142 10
71143 366
71144 10
71145 10
71146 397
71147 366
71148 305
71149 305
71150 366
71151 27
71152 178
71153 178
71154 178
71155 178
71156 27
71157 178
71158 14
71159 14
71160 14
71161 17
71162 17
71163 14
71164 14
71165 14
71166 14
71167 378
71168 224
71169 0
71170 378
71171 378
71172 282
71173 228
71174 282
71175 282
71176 224
71177 0
71178 123
71179 124
71180 112
71181 182
71182 133
71183 184
71184 133
71185 123
71186 133
71187 184
71188 123
71189 132
71190 184
71191 184
71192 132
71193 182
71194 123
71195 124
71196 38
71197 38
71198 131
71199 124
71200 38
71201 131
71202 100
71203 124
71204 131
71205 122
71206 38
71207 122
71208 112
71209 112
71210 234
71211 429
71212 250
71213 230
71214 230
71215 250
71216 63
71217 234
71218 250
71219 234
71220 234
71221 429
71222 250
71223 291
71224 230
71225 316
71226 287
71227 227
71228 227
71229 316
71230 315
71231 315
71232 291
71233 230
71234 227
71235 227
71236 308
71237 308
71238 299
71239 308
71240 353
71241 245
71242 245
71243 420
71244 353
71245 353
71246 353
71247 68
71248 63
71249 63
71250 234
71251 234
71252 405
71253 406
71254 405
71255 289
71256 405
71257 405
71258 289
71259 405
71260 365
71261 365
71262 406
71263 321
71264 405
71265 321
71266 405
71267 370
71268 370
71269 365
71270 365
71271 87
71272 84
71273 87
71274 67
71275 315
71276 87
71277 260
71278 224
71279 311
71280 263
71281 311
71282 225
71283 67
71284 315
71285 254
71286 315
71287 254
71288 260
71289 263
71290 315
71291 263
71292 83
71293 30
71294 193
71295 20
71296 33
71297 38
71298 0
71299 30
71300 18
71301 33
71302 18
71303 38
71304 33
71305 1
71306 0
71307 193
71308 20
71309 83
71310 31
71311 18
71312 84
71313 39
71314 60
71315 20
71316 193
71317 31
71318 193
71319 87
71320 193
71321 27
71322 27
71323 111
71324 27
71325 27
71326 114
71327 114
71328 111
71329 92
71330 92
71331 92
71332 383
71333 92
71334 92
71335 77
71336 77
71337 422
71338 422
71339 422
71340 414
71341 422
71342 414
71343 422
71344 414
71345 422
71346 414
71347 280
71348 280
71349 282
71350 282
71351 280
71352 275
71353 282
71354 282
71355 275
71356 282
71357 287
71358 287
71359 313
71360 322
71361 289
71362 287
71363 289
71364 322
71365 287
71366 316
71367 316
71368 316
71369 317
71370 317
71371 372
71372 372
71373 372
71374 387
71375 116
71376 116
71377 345
71378 73
71379 71
71380 345
71381 186
71382 73
71383 186
71384 391
71385 391
71386 391
71387 401
71388 391
71389 401
71390 391
71391 394
71392 376
71393 376
71394 292
71395 295
71396 357
71397 295
71398 295
71399 357
71400 295
71401 376
71402 321
71403 321
71404 357
71405 357
71406 382
71407 382
71408 378
71409 327
71410 378
71411 382
71412 382
71413 382
71414 382
71415 259
71416 235
71417 255
71418 259
71419 23
71420 290
71421 235
71422 290
71423 217
71424 355
71425 23
71426 218
71427 287
71428 369
71429 218
71430 355
71431 255
71432 299
71433 327
71434 352
71435 255
71436 352
71437 369
71438 266
71439 266
71440 299
71441 217
71442 355
71443 355
71444 329
71445 304
71446 369
71447 299
71448 259
71449 275
71450 304
71451 266
71452 266
71453 225
71454 262
71455 266
71456 266
71457 262
71458 225
71459 266
71460 266
71461 259
71462 141
71463 141
71464 141
71465 426
71466 426
71467 337
71468 238
71469 426
71470 238
71471 337
71472 337
71473 426
71474 426
71475 285
71476 285
71477 285
71478 285
71479 285
71480 285
71481 285
71482 285
71483 15
71484 188
71485 15
71486 188
71487 203
71488 203
71489 15
71490 15
71491 173
71492 173
71493 15
71494 15
71495 17
71496 200
71497 200
71498 188
71499 188
71500 185
71501 188
71502 31
71503 194
71504 194
71505 133
71506 179
71507 146
71508 114
71509 133
71510 133
71511 181
71512 31
71513 178
71514 178
71515 146
71516 133
71517 179
71518 181
71519 2
71520 118
71521 2
71522 118
71523 118
71524 133
71525 183
71526 118
71527 173
71528 113
71529 336
71530 287
71531 336
71532 287
71533 194
71534 147
71535 336
71536 207
71537 113
71538 113
71539 173
71540 336
71541 207
71542 190
71543 173
71544 113
71545 207
71546 147
71547 207
71548 147
71549 207
71550 207
71551 207
71552 287
71553 194
71554 14
71555 14
71556 14
71557 14
71558 169
71559 14
71560 14
71561 75
71562 77
71563 41
71564 14
71565 77
71566 14
71567 77
71568 75
71569 41
71570 14
71571 14
71572 75
71573 77
71574 41
71575 75
71576 77
71577 14
71578 77
71579 75
71580 41
71581 14
71582 14
71583 251
71584 251
71585 15
71586 251
71587 250
71588 154
71589 372
71590 178
71591 15
71592 15
71593 260
71594 14
71595 250
71596 153
71597 169
71598 223
71599 257
71600 223
71601 223
71602 257
71603 169
71604 190
71605 119
71606 14
71607 62
71608 14
71609 190
71610 119
71611 190
71612 62
71613 119
71614 14
71615 391
71616 391
71617 356
71618 356
71619 239
71620 391
71621 396
71622 396
71623 245
71624 245
71625 245
71626 356
71627 368
71628 315
71629 315
71630 318
71631 356
71632 318
71633 239
71634 238
71635 409
71636 411
71637 411
71638 411
71639 411
71640 409
71641 409
71642 52
71643 52
71644 52
71645 52
71646 51
71647 51
71648 42
71649 42
71650 51
71651 151
71652 167
71653 167
71654 167
71655 151
71656 133
71657 129
71658 133
71659 151
71660 129
71661 4
71662 4
71663 4
71664 4
71665 4
71666 4
71667 94
71668 270
71669 272
71670 272
71671 270
71672 270
71673 270
71674 272
71675 270
71676 272
71677 178
71678 131
71679 178
71680 178
71681 124
71682 124
71683 124
71684 124
71685 131
71686 131
71687 88
71688 88
71689 88
71690 88
71691 88
71692 68
71693 68
71694 166
71695 131
71696 167
71697 131
71698 166
71699 211
71700 210
71701 211
71702 167
71703 165
71704 198
71705 210
71706 165
71707 198
71708 165
71709 165
71710 390
71711 390
71712 221
71713 221
71714 270
71715 390
71716 390
71717 396
71718 396
71719 396
71720 396
71721 396
71722 396
71723 396
71724 396
71725 396
71726 396
71727 396
71728 396
71729 396
71730 293
71731 286
71732 293
71733 286
71734 292
71735 286
71736 287
71737 287
71738 256
71739 236
71740 286
71741 236
71742 256
71743 293
71744 312
71745 312
71746 292
71747 292
71748 294
71749 294
71750 36
71751 36
71752 36
71753 294
71754 294
71755 154
71756 190
71757 150
71758 150
71759 198
71760 198
71761 198
71762 112
71763 112
71764 154
71765 189
71766 195
71767 189
71768 150
71769 150
71770 150
71771 160
71772 157
71773 157
71774 160
71775 160
71776 157
71777 150
71778 159
71779 196
71780 170
71781 159
71782 43
71783 161
71784 150
71785 150
71786 161
71787 150
71788 170
71789 196
71790 170
71791 43
71792 268
71793 268
71794 268
71795 268
71796 308
71797 268
71798 268
71799 268
71800 238
71801 268
71802 238
71803 238
71804 268
71805 238
71806 203
71807 203
71808 264
71809 97
71810 124
71811 225
71812 97
71813 268
71814 428
71815 106
71816 124
71817 428
71818 264
71819 106
71820 6
71821 428
71822 124
71823 6
71824 6
71825 308
71826 268
71827 268
71828 268
71829 268
71830 362
71831 58
71832 298
71833 298
71834 300
71835 268
71836 362
71837 300
71838 307
71839 366
71840 268
71841 261
71842 261
71843 300
71844 261
71845 341
71846 37
71847 34
71848 9
71849 9
71850 9
71851 260
71852 7
71853 182
71854 182
71855 182
71856 260
71857 7
71858 10
71859 260
71860 7
71861 43
71862 182
71863 43
71864 37
71865 216
71866 34
71867 216
71868 216
71869 230
71870 7
71871 182
71872 182
71873 7
71874 182
71875 7
71876 9
71877 182
71878 7
71879 9
71880 84
71881 308
71882 84
71883 419
71884 254
71885 69
71886 419
71887 69
71888 318
71889 318
71890 420
71891 318
71892 420
71893 359
71894 359
71895 359
71896 353
71897 359
71898 359
71899 232
71900 359
71901 359
71902 258
71903 300
71904 300
71905 353
71906 300
71907 357
71908 300
71909 357
71910 260
71911 258
71912 260
71913 99
71914 337
71915 337
71916 337
71917 337
71918 376
71919 337
71920 376
71921 346
71922 346
71923 346
71924 346
71925 346
71926 281
71927 2
71928 281
71929 281
71930 281
71931 281
71932 2
71933 2
71934 2
71935 2
71936 3
71937 2
71938 2
71939 2
71940 2
71941 2
71942 2
71943 20
71944 2
71945 2
71946 3
71947 3
71948 3
71949 2
71950 2
71951 20
71952 2
71953 2
71954 2
71955 2
71956 2
71957 281
71958 282
71959 51
71960 5
71961 57
71962 57
71963 295
71964 98
71965 1
71966 295
71967 295
71968 281
71969 98
71970 57
71971 51
71972 57
71973 4
71974 314
71975 5
71976 81
71977 245
71978 314
71979 93
71980 4
71981 314
71982 314
71983 93
71984 4
71985 245
71986 245
71987 314
71988 239
71989 239
71990 4
71991 239
71992 93
71993 316
71994 312
71995 316
71996 281
71997 287
71998 321
71999 21
72000 61
72001 281
72002 287
72003 21
72004 312
72005 21
72006 61
72007 228
72008 226
72009 223
72010 2
72011 2
72012 2
72013 2
72014 2
72015 2
72016 2
72017 2
72018 2
72019 2
72020 2
72021 2
72022 2
72023 2
72024 2
72025 2
72026 2
72027 2
72028 2
72029 414
72030 397
72031 414
72032 397
72033 397
72034 392
72035 414
72036 414
72037 392
72038 372
72039 372
72040 372
72041 414
72042 372
72043 414
72044 372
72045 263
72046 251
72047 251
72048 262
72049 251
72050 239
72051 397
72052 251
72053 239
72054 218
72055 218
72056 251
72057 397
72058 251
72059 251
72060 251
72061 263
72062 380
72063 397
72064 397
72065 380
72066 28
72067 28
72068 28
72069 28
72070 28
72071 289
72072 290
72073 289
72074 289
72075 288
72076 288
72077 289
72078 289
72079 288
72080 288
72081 289
72082 368
72083 376
72084 55
72085 368
72086 55
72087 368
72088 55
72089 197
72090 175
72091 175
72092 174
72093 174
72094 205
72095 175
72096 175
72097 175
72098 175
72099 180
72100 175
72101 181
72102 175
72103 180
72104 174
72105 17
72106 267
72107 17
72108 174
72109 241
72110 267
72111 205
72112 205
72113 259
72114 301
72115 255
72116 221
72117 255
72118 255
72119 301
72120 219
72121 259
72122 221
72123 259
72124 219
72125 255
72126 255
72127 301
72128 259
72129 259
72130 259
72131 301
72132 301
72133 301
72134 243
72135 255
72136 255
72137 243
72138 243
72139 254
72140 249
72141 255
72142 255
72143 249
72144 254
72145 243
72146 255
72147 243
72148 243
72149 254
72150 255
72151 243
72152 255
72153 254
72154 253
72155 253
72156 253
72157 255
72158 301
72159 301
72160 307
72161 307
72162 219
72163 243
72164 287
72165 243
72166 315
72167 238
72168 243
72169 307
72170 287
72171 315
72172 219
72173 307
72174 238
72175 243
72176 243
72177 287
72178 256
72179 247
72180 299
72181 300
72182 259
72183 247
72184 299
72185 247
72186 221
72187 229
72188 221
72189 229
72190 229
72191 259
72192 259
72193 219
72194 255
72195 163
72196 166
72197 163
72198 32
72199 21
72200 18
72201 21
72202 18
72203 53
72204 32
72205 18
72206 32
72207 166
72208 251
72209 251
72210 244
72211 244
72212 163
72213 163
72214 232
72215 329
72216 230
72217 329
72218 329
72219 230
72220 329
72221 329
72222 329
72223 237
72224 329
72225 237
72226 232
72227 232
72228 329
72229 329
72230 350
72231 329
72232 345
72233 345
72234 329
72235 329
72236 329
72237 230
72238 249
72239 329
72240 329
72241 328
72242 328
72243 329
72244 328
72245 329
72246 329
72247 232
72248 328
72249 232
72250 328
72251 329
72252 230
72253 329
72254 329
72255 345
72256 329
72257 345
72258 329
72259 329
72260 329
72261 329
72262 329
72263 329
72264 329
72265 329
72266 329
72267 329
72268 329
72269 213
72270 64
72271 29
72272 29
72273 64
72274 305
72275 88
72276 305
72277 64
72278 64
72279 88
72280 425
72281 425
72282 61
72283 57
72284 61
72285 35
72286 175
72287 73
72288 32
72289 61
72290 175
72291 57
72292 175
72293 32
72294 68
72295 29
72296 35
72297 73
72298 73
72299 68
72300 61
72301 88
72302 88
72303 16
72304 41
72305 16
72306 16
72307 16
72308 311
72309 41
72310 322
72311 314
72312 41
72313 281
72314 281
72315 322
72316 41
72317 322
72318 281
72319 229
72320 226
72321 311
72322 314
72323 322
72324 314
72325 17
72326 220
72327 229
72328 229
72329 220
72330 268
72331 57
72332 16
72333 17
72334 221
72335 57
72336 268
72337 268
72338 231
72339 231
72340 231
72341 231
72342 26
72343 396
72344 231
72345 395
72346 395
72347 234
72348 311
72349 311
72350 234
72351 234
72352 396
72353 231
72354 308
72355 362
72356 308
72357 298
72358 259
72359 308
72360 259
72361 259
72362 356
72363 361
72364 362
72365 356
72366 362
72367 230
72368 234
72369 230
72370 230
72371 239
72372 239
72373 234
72374 292
72375 292
72376 292
72377 291
72378 291
72379 291
72380 292
72381 5
72382 388
72383 388
72384 388
72385 388
72386 388
72387 388
72388 388
72389 388
72390 206
72391 206
72392 80
72393 209
72394 206
72395 206
72396 209
72397 206
72398 206
72399 206
72400 206
72401 240
72402 240
72403 331
72404 301
72405 306
72406 331
72407 424
72408 241
72409 301
72410 299
72411 424
72412 80
72413 299
72414 332
72415 299
72416 232
72417 233
72418 232
72419 232
72420 51
72421 315
72422 232
72423 232
72424 195
72425 232
72426 236
72427 34
72428 195
72429 195
72430 236
72431 51
72432 315
72433 34
72434 315
72435 236
72436 236
72437 34
72438 236
72439 51
72440 51
72441 232
72442 232
72443 233
72444 233
72445 232
72446 263
72447 263
72448 263
72449 263
72450 263
72451 232
72452 263
72453 263
72454 263
72455 315
72456 232
72457 232
72458 195
72459 232
72460 236
72461 34
72462 195
72463 236
72464 51
72465 315
72466 236
72467 34
72468 232
72469 51
72470 51
72471 232
72472 232
72473 116
72474 115
72475 149
72476 149
72477 116
72478 116
72479 116
72480 115
72481 115
72482 115
72483 115
72484 18
72485 18
72486 18
72487 18
72488 6
72489 18
72490 105
72491 100
72492 106
72493 4
72494 67
72495 4
72496 105
72497 4
72498 67
72499 105
72500 66
72501 105
72502 100
72503 65
72504 63
72505 100
72506 63
72507 0
72508 0
72509 106
72510 0
72511 174
72512 0
72513 174
72514 174
72515 0
72516 205
72517 213
72518 205
72519 205
72520 159
72521 159
72522 213
72523 161
72524 161
72525 161
72526 213
72527 160
72528 309
72529 309
72530 309
72531 304
72532 36
72533 304
72534 397
72535 377
72536 304
72537 309
72538 36
72539 397
72540 377
72541 303
72542 271
72543 25
72544 303
72545 303
72546 26
72547 322
72548 322
72549 322
72550 322
72551 322
72552 194
72553 299
72554 298
72555 299
72556 244
72557 221
72558 221
72559 321
72560 308
72561 318
72562 194
72563 221
72564 322
72565 304
72566 299
72567 308
72568 322
72569 236
72570 244
72571 318
72572 318
72573 244
72574 298
72575 322
72576 318
72577 244
72578 264
72579 321
72580 318
72581 322
72582 318
72583 321
72584 244
72585 318
72586 321
72587 387
72588 246
72589 266
72590 387
72591 246
72592 266
72593 390
72594 387
72595 387
72596 387
72597 387
72598 387
72599 387
72600 328
72601 305
72602 322
72603 246
72604 322
72605 302
72606 302
72607 328
72608 302
72609 322
72610 328
72611 305
72612 328
72613 302
72614 246
72615 297
72616 305
72617 298
72618 244
72619 309
72620 309
72621 305
72622 217
72623 217
72624 310
72625 216
72626 217
72627 299
72628 288
72629 216
72630 220
72631 362
72632 310
72633 310
72634 266
72635 266
72636 299
72637 266
72638 362
72639 220
72640 362
72641 276
72642 302
72643 276
72644 387
72645 387
72646 387
72647 387
72648 387
72649 387
72650 266
72651 390
72652 390
72653 288
72654 285
72655 288
72656 222
72657 315
72658 218
72659 315
72660 218
72661 315
72662 222
72663 218
72664 315
72665 240
72666 240
72667 288
72668 218
72669 285
72670 59
72671 59
72672 59
72673 59
72674 59
72675 59
72676 59
72677 59
72678 59
72679 59
72680 59
72681 59
72682 59
72683 9
72684 59
72685 92
72686 92
72687 87
72688 316
72689 220
72690 316
72691 315
72692 220
72693 316
72694 300
72695 316
72696 276
72697 316
72698 316
72699 248
72700 276
72701 316
72702 248
72703 300
72704 276
72705 222
72706 315
72707 340
72708 220
72709 63
72710 328
72711 224
72712 340
72713 340
72714 224
72715 228
72716 250
72717 255
72718 255
72719 124
72720 328
72721 63
72722 124
72723 259
72724 340
72725 255
72726 224
72727 57
72728 124
72729 259
72730 224
72731 328
72732 259
72733 316
72734 316
72735 289
72736 319
72737 290
72738 319
72739 289
72740 289
72741 289
72742 289
72743 366
72744 226
72745 314
72746 366
72747 218
72748 366
72749 216
72750 314
72751 216
72752 21
72753 365
72754 226
72755 370
72756 370
72757 319
72758 370
72759 24
72760 218
72761 218
72762 319
72763 319
72764 358
72765 365
72766 77
72767 24
72768 365
72769 358
72770 77
72771 216
72772 358
72773 370
72774 290
72775 72
72776 72
72777 290
72778 314
72779 314
72780 260
72781 73
72782 73
72783 290
72784 264
72785 255
72786 255
72787 314
72788 366
72789 73
72790 366
72791 358
72792 216
72793 216
72794 216
72795 365
72796 370
72797 370
72798 319
72799 370
72800 319
72801 319
72802 358
72803 365
72804 358
72805 216
72806 358
72807 370
72808 27
72809 27
72810 210
72811 21
72812 185
72813 29
72814 29
72815 23
72816 185
72817 185
72818 21
72819 185
72820 27
72821 168
72822 168
72823 183
72824 183
72825 185
72826 210
72827 140
72828 140
72829 161
72830 161
72831 374
72832 374
72833 374
72834 374
72835 374
72836 423
72837 420
72838 374
72839 423
72840 420
72841 425
72842 425
72843 420
72844 425
72845 423
72846 374
72847 270
72848 280
72849 270
72850 270
72851 270
72852 233
72853 233
72854 360
72855 280
72856 340
72857 340
72858 408
72859 360
72860 360
72861 360
72862 408
72863 340
72864 280
72865 359
72866 270
72867 270
72868 39
72869 83
72870 32
72871 32
72872 83
72873 56
72874 83
72875 56
72876 56
72877 56
72878 30
72879 32
72880 30
72881 42
72882 32
72883 32
72884 32
72885 32
72886 32
72887 32
72888 18
72889 18
72890 32
72891 18
72892 299
72893 313
72894 299
72895 313
72896 299
72897 313
72898 302
72899 302
72900 299
72901 299
72902 299
72903 313
72904 299
72905 313
72906 314
72907 314
72908 299
72909 299
72910 299
72911 313
72912 396
72913 396
72914 396
72915 402
72916 396
72917 366
72918 396
72919 396
72920 366
72921 366
72922 396
72923 396
72924 396
72925 396
72926 396
72927 396
72928 402
72929 396
72930 396
72931 396
72932 396
72933 265
72934 265
72935 265
72936 275
72937 275
72938 275
72939 275
72940 276
72941 276
72942 276
72943 275
72944 276
72945 289
72946 289
72947 276
72948 289
72949 276
72950 311
72951 289
72952 275
72953 311
72954 275
72955 273
72956 313
72957 275
72958 276
72959 313
72960 219
72961 273
72962 313
72963 275
72964 275
72965 313
72966 275
72967 217
72968 217
72969 275
72970 219
72971 232
72972 275
72973 232
72974 219
72975 219
72976 280
72977 232
72978 280
72979 275
72980 275
72981 219
72982 276
72983 276
72984 276
72985 275
72986 276
72987 289
72988 289
72989 276
72990 289
72991 275
72992 276
72993 275
72994 137
72995 137
72996 137
72997 131
72998 139
72999 131
73000 131
73001 131
73002 131
73003 131
73004 131
73005 137
73006 131
73007 131
73008 131
73009 185
73010 50
73011 116
73012 115
73013 189
73014 166
73015 115
73016 115
73017 121
73018 189
73019 115
73020 162
73021 166
73022 162
73023 50
73024 137
73025 189
73026 115
73027 73
73028 115
73029 115
73030 116
73031 4
73032 73
73033 185
73034 73
73035 166
73036 137
73037 137
73038 112
73039 137
73040 137
73041 112
73042 137
73043 221
73044 315
73045 311
73046 221
73047 311
73048 56
73049 315
73050 315
73051 315
73052 56
73053 275
73054 240
73055 311
73056 56
73057 56
73058 311
73059 275
73060 275
73061 311
73062 56
73063 279
73064 311
73065 311
73066 240
73067 311
73068 275
73069 218
73070 219
73071 283
73072 219
73073 315
73074 315
73075 283
73076 283
73077 315
73078 315
73079 218
73080 56
73081 275
73082 311
73083 56
73084 311
73085 275
73086 279
73087 56
73088 279
73089 311
73090 275
73091 311
73092 275
73093 347
73094 221
73095 368
73096 347
73097 368
73098 368
73099 313
73100 223
73101 297
73102 297
73103 216
73104 223
73105 311
73106 216
73107 223
73108 313
73109 297
73110 77
73111 100
73112 57
73113 57
73114 57
73115 77
73116 60
73117 77
73118 60
73119 56
73120 56
73121 315
73122 301
73123 315
73124 315
73125 301
73126 315
73127 315
73128 315
73129 258
73130 258
73131 258
73132 258
73133 258
73134 258
73135 258
73136 258
73137 258
73138 332
73139 268
73140 365
73141 268
73142 332
73143 365
73144 365
73145 332
73146 332
73147 251
73148 268
73149 268
73150 332
73151 268
73152 251
73153 251
73154 268
73155 251
73156 268
73157 258
73158 242
73159 268
73160 258
73161 332
73162 251
73163 251
73164 332
73165 251
73166 251
73167 332
73168 251
73169 251
73170 365
73171 425
73172 425
73173 382
73174 382
73175 382
73176 275
73177 275
73178 284
73179 299
73180 382
73181 275
73182 382
73183 275
73184 299
73185 275
73186 284
73187 299
73188 332
73189 301
73190 332
73191 301
73192 301
73193 332
73194 236
73195 311
73196 243
73197 243
73198 301
73199 243
73200 236
73201 301
73202 311
73203 399
73204 389
73205 389
73206 370
73207 352
73208 219
73209 352
73210 357
73211 275
73212 219
73213 216
73214 307
73215 390
73216 390
73217 248
73218 275
73219 370
73220 275
73221 370
73222 352
73223 390
73224 357
73225 370
73226 307
73227 299
73228 334
73229 216
73230 275
73231 43
73232 248
73233 370
73234 216
73235 334
73236 370
73237 357
73238 216
73239 271
73240 243
73241 243
73242 271
73243 271
73244 243
73245 301
73246 301
73247 301
73248 307
73249 307
73250 307
73251 307
73252 307
73253 315
73254 315
73255 386
73256 386
73257 386
73258 386
73259 378
73260 378
73261 386
73262 386
73263 386
73264 386
73265 386
73266 386
73267 386
73268 386
73269 386
73270 369
73271 369
73272 247
73273 371
73274 369
73275 369
73276 247
73277 243
73278 293
73279 371
73280 371
73281 371
73282 371
73283 369
73284 369
73285 369
73286 369
73287 247
73288 358
73289 362
73290 360
73291 371
73292 362
73293 264
73294 264
73295 314
73296 316
73297 314
73298 367
73299 264
73300 314
73301 314
73302 261
73303 351
73304 360
73305 351
73306 351
73307 358
73308 360
73309 369
73310 369
73311 358
73312 358
73313 360
73314 358
73315 376
73316 369
73317 100
73318 98
73319 106
73320 106
73321 102
73322 36
73323 376
73324 236
73325 98
73326 321
73327 386
73328 397
73329 376
73330 321
73331 91
73332 376
73333 386
73334 376
73335 397
73336 397
73337 236
73338 376
73339 91
73340 397
73341 321
73342 36
73343 397
73344 149
73345 136
73346 189
73347 149
73348 139
73349 149
73350 149
73351 182
73352 182
73353 2
73354 110
73355 151
73356 210
73357 111
73358 135
73359 122
73360 122
73361 122
73362 151
73363 118
73364 135
73365 149
73366 151
73367 151
73368 151
73369 204
73370 204
73371 135
73372 210
73373 118
73374 149
73375 149
73376 136
73377 155
73378 155
73379 135
73380 189
73381 149
73382 149
73383 149
73384 136
73385 136
73386 139
73387 149
73388 210
73389 149
73390 192
73391 149
73392 186
73393 186
73394 192
73395 210
73396 151
73397 149
73398 149
73399 45
73400 55
73401 45
73402 273
73403 273
73404 273
73405 270
73406 45
73407 270
73408 270
73409 273
73410 270
73411 398
73412 398
73413 195
73414 195
73415 273
73416 273
73417 45
73418 270
73419 270
73420 273
73421 270
73422 68
73423 68
73424 68
73425 24
73426 30
73427 30
73428 6
73429 16
73430 68
73431 68
73432 16
73433 24
73434 59
73435 30
73436 59
73437 0
73438 1
73439 240
73440 335
73441 1
73442 240
73443 240
73444 369
73445 266
73446 264
73447 258
73448 266
73449 266
73450 260
73451 407
73452 343
73453 217
73454 367
73455 374
73456 343
73457 260
73458 365
73459 218
73460 222
73461 365
73462 408
73463 407
73464 407
73465 407
73466 369
73467 218
73468 264
73469 264
73470 374
73471 374
73472 414
73473 218
73474 222
73475 333
73476 265
73477 4
73478 45
73479 4
73480 265
73481 45
73482 258
73483 31
73484 31
73485 90
73486 90
73487 31
73488 37
73489 31
73490 37
73491 37
73492 31
73493 78
73494 27
73495 27
73496 78
73497 206
73498 206
73499 90
73500 325
73501 268
73502 325
73503 90
73504 325
73505 257
73506 268
73507 268
73508 325
73509 264
73510 264
73511 264
73512 264
73513 264
73514 264
73515 264
73516 264
73517 305
73518 305
73519 301
73520 354
73521 301
73522 354
73523 352
73524 352
73525 301
73526 114
73527 240
73528 112
73529 240
73530 240
73531 112
73532 114
73533 114
73534 240
73535 129
73536 240
73537 129
73538 240
73539 153
73540 135
73541 135
73542 153
73543 139
73544 139
73545 108
73546 153
73547 121
73548 139
73549 108
73550 121
73551 108
73552 121
73553 84
73554 84
73555 84
73556 84
73557 84
73558 153
73559 151
73560 151
73561 153
73562 153
73563 153
73564 153
73565 155
73566 158
73567 158
73568 155
73569 154
73570 154
73571 154
73572 158
73573 161
73574 158
73575 154
73576 158
73577 158
73578 155
73579 158
73580 155
73581 155
73582 158
73583 154
73584 161
73585 151
73586 151
73587 158
73588 151
73589 158
73590 158
73591 151
73592 158
73593 151
73594 151
73595 151
73596 151
73597 153
73598 153
73599 155
73600 158
73601 158
73602 155
73603 154
73604 154
73605 158
73606 158
73607 154
73608 158
73609 158
73610 155
73611 158
73612 158
73613 155
73614 155
73615 155
73616 417
73617 100
73618 416
73619 100
73620 258
73621 258
73622 257
73623 417
73624 417
73625 100
73626 416
73627 248
73628 348
73629 248
73630 348
73631 100
73632 162
73633 154
73634 162
73635 162
73636 162
73637 11
73638 189
73639 11
73640 0
73641 0
73642 11
73643 11
73644 189
73645 165
73646 162
73647 165
73648 113
73649 173
73650 187
73651 113
73652 122
73653 36
73654 122
73655 187
73656 122
73657 35
73658 187
73659 35
73660 187
73661 119
73662 119
73663 119
73664 122
73665 122
73666 112
73667 113
73668 113
73669 112
73670 112
73671 206
73672 288
73673 288
73674 289
73675 289
73676 293
73677 289
73678 293
73679 18
73680 18
73681 18
73682 206
73683 206
73684 18
73685 18
73686 403
73687 403
73688 403
73689 403
73690 403
73691 3
73692 166
73693 172
73694 121
73695 172
73696 175
73697 166
73698 166
73699 167
73700 167
73701 172
73702 99
73703 285
73704 75
73705 285
73706 285
73707 75
73708 285
73709 279
73710 293
73711 279
73712 279
73713 279
73714 293
73715 279
73716 417
73717 417
73718 397
73719 397
73720 397
73721 397
73722 89
73723 89
73724 89
73725 337
73726 337
73727 337
73728 337
73729 337
73730 348
73731 337
73732 337
73733 348
73734 348
73735 403
73736 403
73737 403
73738 403
73739 403
73740 403
73741 403
73742 403
73743 403
73744 403
73745 403
73746 403
73747 403
73748 403
73749 404
73750 404
73751 403
73752 403
73753 399
73754 403
73755 399
73756 403
73757 399
73758 399
73759 403
73760 417
73761 417
73762 407
73763 417
73764 407
73765 339
73766 332
73767 332
73768 339
73769 339
73770 338
73771 338
73772 332
73773 332
73774 332
73775 332
73776 334
73777 407
73778 334
73779 339
73780 407
73781 332
73782 278
73783 408
73784 339
73785 332
73786 417
73787 430
73788 334
73789 334
73790 332
73791 339
73792 332
73793 339
73794 332
73795 332
73796 334
73797 334
73798 334
73799 144
73800 325
73801 278
73802 326
73803 325
73804 356
73805 326
73806 262
73807 225
73808 326
73809 356
73810 356
73811 224
73812 326
73813 356
73814 262
73815 261
73816 325
73817 262
73818 311
73819 278
73820 262
73821 311
73822 321
73823 281
73824 262
73825 361
73826 378
73827 361
73828 378
73829 380
73830 361
73831 374
73832 371
73833 374
73834 374
73835 374
73836 359
73837 371
73838 359
73839 371
73840 361
73841 245
73842 245
73843 249
73844 245
73845 249
73846 378
73847 245
73848 245
73849 390
73850 390
73851 378
73852 378
73853 361
73854 361
73855 379
73856 359
73857 360
73858 359
73859 378
73860 360
73861 361
73862 394
73863 19
73864 16
73865 95
73866 95
73867 16
73868 16
73869 19
73870 95
73871 16
73872 281
73873 281
73874 264
73875 344
73876 339
73877 232
73878 344
73879 245
73880 232
73881 232
73882 344
73883 346
73884 364
73885 232
73886 232
73887 346
73888 364
73889 339
73890 281
73891 281
73892 245
73893 281
73894 344
73895 380
73896 264
73897 338
73898 221
73899 380
73900 338
73901 254
73902 221
73903 254
73904 13
73905 9
73906 13
73907 85
73908 85
73909 9
73910 9
73911 82
73912 82
73913 95
73914 95
73915 95
73916 95
73917 403
73918 238
73919 82
73920 373
73921 175
73922 256
73923 114
73924 373
73925 372
73926 403
73927 383
73928 238
73929 373
73930 373
73931 373
73932 235
73933 256
73934 175
73935 225
73936 82
73937 372
73938 235
73939 114
73940 373
73941 403
73942 175
73943 383
73944 238
73945 374
73946 374
73947 374
73948 360
73949 374
73950 360
73951 241
73952 241
73953 282
73954 282
73955 368
73956 237
73957 241
73958 354
73959 368
73960 218
73961 237
73962 241
73963 218
73964 354
73965 282
73966 381
73967 381
73968 381
73969 381
73970 381
73971 384
73972 384
73973 384
73974 384
73975 382
73976 384
73977 384
73978 363
73979 363
73980 275
73981 315
73982 287
73983 287
73984 287
73985 287
73986 275
73987 353
73988 353
73989 278
73990 353
73991 56
73992 353
73993 353
73994 249
73995 353
73996 249
73997 356
73998 249
73999 249
74000 356
74001 353
74002 353
74003 249
74004 356
74005 353
74006 307
74007 307
74008 292
74009 307
74010 307
74011 307
74012 278
74013 307
74014 351
74015 249
74016 353
74017 249
74018 353
74019 249
74020 351
74021 353
74022 249
74023 353
74024 353
74025 56
74026 56
74027 31
74028 31
74029 31
74030 206
74031 31
74032 31
74033 31
74034 206
74035 30
74036 30
74037 33
74038 223
74039 19
74040 223
74041 346
74042 345
74043 346
74044 260
74045 223
74046 260
74047 369
74048 369
74049 346
74050 223
74051 428
74052 19
74053 367
74054 369
74055 226
74056 367
74057 369
74058 226
74059 369
74060 367
74061 369
74062 367
74063 13
74064 13
74065 13
74066 12
74067 12
74068 36
74069 49
74070 248
74071 257
74072 258
74073 257
74074 257
74075 36
74076 257
74077 342
74078 290
74079 277
74080 290
74081 342
74082 254
74083 276
74084 267
74085 267
74086 276
74087 267
74088 254
74089 288
74090 290
74091 276
74092 277
74093 290
74094 290
74095 290
74096 290
74097 77
74098 126
74099 77
74100 77
74101 77
74102 145
74103 117
74104 131
74105 145
74106 126
74107 135
74108 117
74109 122
74110 131
74111 145
74112 122
74113 135
74114 131
74115 183
74116 183
74117 183
74118 183
74119 165
74120 165
74121 183
74122 263
74123 263
74124 263
74125 263
74126 303
74127 380
74128 406
74129 406
74130 383
74131 407
74132 380
74133 373
74134 373
74135 405
74136 406
74137 254
74138 224
74139 405
74140 224
74141 406
74142 227
74143 383
74144 407
74145 407
74146 405
74147 254
74148 254
74149 405
74150 127
74151 183
74152 341
74153 341
74154 341
74155 341
74156 84
74157 128
74158 197
74159 196
74160 127
74161 127
74162 196
74163 197
74164 179
74165 183
74166 171
74167 183
74168 171
74169 183
74170 183
74171 336
74172 336
74173 336
74174 336
74175 336
74176 339
74177 339
74178 371
74179 352
74180 352
74181 339
74182 339
74183 339
74184 339
74185 339
74186 339
74187 371
74188 416
74189 416
74190 374
74191 416
74192 374
74193 416
74194 416
74195 416
74196 416
74197 319
74198 319
74199 416
74200 392
74201 392
74202 392
74203 392
74204 394
74205 394
74206 374
74207 374
74208 374
74209 416
74210 64
74211 64
74212 61
74213 64
74214 64
74215 61
74216 64
74217 407
74218 380
74219 381
74220 246
74221 246
74222 380
74223 246
74224 289
74225 246
74226 407
74227 383
74228 398
74229 398
74230 380
74231 398
74232 341
74233 341
74234 381
74235 246
74236 246
74237 318
74238 249
74239 249
74240 299
74241 318
74242 297
74243 249
74244 246
74245 299
74246 249
74247 380
74248 246
74249 289
74250 246
74251 365
74252 390
74253 380
74254 365
74255 368
74256 368
74257 368
74258 365
74259 27
74260 351
74261 27
74262 390
74263 351
74264 390
74265 351
74266 380
74267 300
74268 273
74269 394
74270 394
74271 302
74272 394
74273 273
74274 372
74275 300
74276 300
74277 372
74278 394
74279 380
74280 365
74281 330
74282 110
74283 111
74284 111
74285 111
74286 196
74287 110
74288 110
74289 196
74290 197
74291 197
74292 110
74293 111
74294 111
74295 114
74296 111
74297 111
74298 111
74299 111
74300 111
74301 111
74302 111
74303 50
74304 303
74305 303
74306 367
74307 367
74308 251
74309 367
74310 248
74311 91
74312 89
74313 205
74314 243
74315 367
74316 414
74317 88
74318 91
74319 91
74320 248
74321 248
74322 88
74323 243
74324 367
74325 367
74326 414
74327 248
74328 367
74329 205
74330 248
74331 205
74332 248
74333 367
74334 243
74335 367
74336 367
74337 367
74338 367
74339 367
74340 251
74341 248
74342 365
74343 91
74344 335
74345 91
74346 205
74347 265
74348 367
74349 371
74350 88
74351 91
74352 371
74353 248
74354 366
74355 366
74356 91
74357 248
74358 88
74359 335
74360 224
74361 205
74362 367
74363 265
74364 248
74365 367
74366 205
74367 335
74368 265
74369 205
74370 248
74371 365
74372 367
74373 335
74374 305
74375 305
74376 305
74377 305
74378 318
74379 318
74380 305
74381 56
74382 56
74383 356
74384 356
74385 356
74386 356
74387 17
74388 17
74389 191
74390 17
74391 191
74392 65
74393 159
74394 159
74395 161
74396 159
74397 159
74398 161
74399 159
74400 159
74401 270
74402 270
74403 270
74404 280
74405 295
74406 154
74407 128
74408 189
74409 146
74410 146
74411 146
74412 189
74413 189
74414 108
74415 108
74416 128
74417 108
74418 110
74419 128
74420 108
74421 309
74422 308
74423 154
74424 190
74425 182
74426 386
74427 369
74428 369
74429 380
74430 110
74431 154
74432 154
74433 380
74434 386
74435 123
74436 143
74437 143
74438 154
74439 154
74440 154
74441 143
74442 154
74443 190
74444 190
74445 201
74446 201
74447 190
74448 201
74449 187
74450 187
74451 110
74452 182
74453 187
74454 182
74455 182
74456 182
74457 110
74458 182
74459 187
74460 110
74461 110
74462 410
74463 46
74464 372
74465 46
74466 216
74467 156
74468 358
74469 372
74470 362
74471 238
74472 229
74473 238
74474 238
74475 386
74476 42
74477 401
74478 386
74479 388
74480 358
74481 229
74482 386
74483 368
74484 46
74485 363
74486 216
74487 362
74488 237
74489 372
74490 410
74491 42
74492 368
74493 360
74494 229
74495 373
74496 369
74497 373
74498 348
74499 348
74500 280
74501 280
74502 369
74503 280
74504 380
74505 110
74506 110
74507 110
74508 324
74509 324
74510 324
74511 278
74512 324
74513 246
74514 324
74515 244
74516 342
74517 342
74518 342
74519 244
74520 246
74521 246
74522 342
74523 243
74524 278
74525 278
74526 278
74527 278
74528 277
74529 278
74530 277
74531 278
74532 278
74533 278
74534 348
74535 348
74536 347
74537 348
74538 348
74539 347
74540 347
74541 347
74542 348
74543 348
74544 347
74545 100
74546 100
74547 96
74548 96
74549 96
74550 100
74551 100
74552 96
74553 96
74554 96
74555 96
74556 96
74557 19
74558 190
74559 19
74560 19
74561 19
74562 189
74563 190
74564 190
74565 262
74566 369
74567 262
74568 369
74569 262
74570 369
74571 369
74572 263
74573 263
74574 317
74575 317
74576 262
74577 240
74578 240
74579 317
74580 72
74581 72
74582 63
74583 72
74584 97
74585 79
74586 10
74587 97
74588 97
74589 97
74590 10
74591 72
74592 72
74593 10
74594 10
74595 97
74596 97
74597 97
74598 79
74599 97
74600 72
74601 56
74602 63
74603 48
74604 56
74605 48
74606 97
74607 97
74608 97
74609 97
74610 72
74611 72
74612 97
74613 97
74614 97
74615 72
74616 97
74617 276
74618 252
74619 284
74620 252
74621 276
74622 284
74623 284
74624 276
74625 253
74626 253
74627 284
74628 90
74629 308
74630 90
74631 357
74632 357
74633 357
74634 308
74635 396
74636 396
74637 398
74638 357
74639 357
74640 308
74641 398
74642 357
74643 398
74644 53
74645 53
74646 48
74647 41
74648 41
74649 37
74650 27
74651 196
74652 37
74653 27
74654 196
74655 27
74656 53
74657 41
74658 285
74659 27
74660 53
74661 40
74662 285
74663 40
74664 27
74665 146
74666 147
74667 146
74668 147
74669 146
74670 147
74671 147
74672 142
74673 149
74674 149
74675 142
74676 149
74677 218
74678 252
74679 252
74680 254
74681 218
74682 245
74683 328
74684 373
74685 351
74686 216
74687 367
74688 367
74689 351
74690 245
74691 351
74692 218
74693 373
74694 328
74695 373
74696 245
74697 216
74698 245
74699 367
74700 367
74701 348
74702 245
74703 348
74704 351
74705 348
74706 348
74707 348
74708 65
74709 65
74710 89
74711 372
74712 218
74713 372
74714 372
74715 362
74716 351
74717 367
74718 373
74719 367
74720 351
74721 245
74722 351
74723 218
74724 373
74725 373
74726 359
74727 373
74728 245
74729 245
74730 367
74731 367
74732 245
74733 359
74734 359
74735 65
74736 89
74737 65
74738 346
74739 346
74740 346
74741 346
74742 346
74743 346
74744 114
74745 211
74746 114
74747 142
74748 124
74749 124
74750 129
74751 129
74752 114
74753 210
74754 176
74755 210
74756 176
74757 210
74758 314
74759 314
74760 235
74761 235
74762 235
74763 314
74764 315
74765 104
74766 314
74767 314
74768 104
74769 314
74770 314
74771 314
74772 322
74773 36
74774 236
74775 314
74776 291
74777 295
74778 291
74779 314
74780 295
74781 295
74782 291
74783 291
74784 293
74785 322
74786 291
74787 291
74788 37
74789 36
74790 31
74791 34
74792 34
74793 31
74794 104
74795 104
74796 213
74797 166
74798 174
74799 10
74800 35
74801 7
74802 14
74803 174
74804 25
74805 169
74806 24
74807 35
74808 174
74809 7
74810 169
74811 14
74812 58
74813 174
74814 14
74815 58
74816 31
74817 14
74818 25
74819 166
74820 169
74821 34
74822 247
74823 251
74824 105
74825 251
74826 104
74827 363
74828 363
74829 363
74830 398
74831 364
74832 104
74833 262
74834 224
74835 364
74836 251
74837 32
74838 363
74839 225
74840 32
74841 249
74842 262
74843 363
74844 362
74845 398
74846 104
74847 105
74848 251
74849 105
74850 225
74851 362
74852 251
74853 104
74854 262
74855 32
74856 403
74857 251
74858 251
74859 403
74860 251
74861 363
74862 363
74863 364
74864 364
74865 104
74866 364
74867 363
74868 225
74869 363
74870 403
74871 104
74872 225
74873 251
74874 104
74875 251
74876 223
74877 223
74878 251
74879 104
74880 251
74881 377
74882 191
74883 377
74884 191
74885 377
74886 347
74887 191
74888 213
74889 394
74890 394
74891 394
74892 394
74893 394
74894 283
74895 423
74896 377
74897 394
74898 283
74899 377
74900 394
74901 394
74902 406
74903 97
74904 406
74905 406
74906 406
74907 405
74908 405
74909 405
74910 405
74911 97
74912 406
74913 405
74914 50
74915 50
74916 145
74917 50
74918 50
74919 50
74920 145
74921 239
74922 48
74923 48
74924 239
74925 55
74926 239
74927 237
74928 11
74929 401
74930 285
74931 426
74932 385
74933 426
74934 237
74935 385
74936 73
74937 73
74938 7
74939 73
74940 11
74941 73
74942 7
74943 41
74944 41
74945 41
74946 41
74947 245
74948 27
74949 245
74950 259
74951 259
74952 259
74953 272
74954 245
74955 272
74956 27
74957 41
74958 41
74959 373
74960 373
74961 373
74962 400
74963 373
74964 400
74965 373
74966 400
74967 400
74968 400
74969 400
74970 378
74971 247
74972 247
74973 247
74974 247
74975 256
74976 256
74977 247
74978 247
74979 247
74980 247
74981 247
74982 247
74983 247
74984 331
74985 331
74986 331
74987 293
74988 293
74989 331
74990 339
74991 331
74992 339
74993 339
74994 351
74995 351
74996 351
74997 413
74998 279
74999 370
75000 279
75001 413
75002 351
75003 351
75004 49
75005 279
75006 408
75007 365
75008 365
75009 49
75010 350
75011 408
75012 413
75013 279
75014 360
75015 351
75016 49
75017 351
75018 351
75019 351
75020 413
75021 413
75022 413
75023 372
75024 351
75025 366
75026 279
75027 366
75028 365
75029 365
75030 372
75031 360
75032 279
75033 360
75034 205
75035 205
75036 205
75037 205
75038 205
75039 205
75040 205
75041 418
75042 418
75043 418
75044 262
75045 291
75046 259
75047 262
75048 293
75049 256
75050 386
75051 250
75052 262
75053 386
75054 250
75055 262
75056 347
75057 262
75058 326
75059 326
75060 386
75061 347
75062 256
75063 291
75064 277
75065 259
75066 277
75067 260
75068 291
75069 259
75070 260
75071 260
75072 259
75073 260
75074 259
75075 259
75076 259
75077 259
75078 254
75079 254
75080 262
75081 253
75082 293
75083 344
75084 344
75085 344
75086 161
75087 161
75088 161
75089 142
75090 158
75091 183
75092 121
75093 183
75094 183
75095 183
75096 183
75097 183
75098 161
75099 116
75100 116
75101 121
75102 161
75103 161
75104 161
75105 183
75106 183
75107 183
75108 309
75109 324
75110 324
75111 324
75112 324
75113 324
75114 324
75115 324
75116 324
75117 324
75118 324
75119 324
75120 325
75121 324
75122 324
75123 264
75124 264
75125 264
75126 264
75127 264
75128 372
75129 371
75130 371
75131 372
75132 264
75133 372
75134 264
75135 229
75136 264
75137 264
75138 36
75139 321
75140 178
75141 36
75142 36
75143 321
75144 36
75145 201
75146 201
75147 178
75148 201
75149 201
75150 36
75151 162
75152 162
75153 91
75154 162
75155 36
75156 191
75157 91
75158 162
75159 91
75160 37
75161 36
75162 169
75163 117
75164 117
75165 170
75166 169
75167 117
75168 169
75169 169
75170 169
75171 128
75172 123
75173 129
75174 42
75175 113
75176 31
75177 14
75178 47
75179 20
75180 123
75181 42
75182 113
75183 129
75184 117
75185 123
75186 14
75187 117
75188 200
75189 200
75190 200
75191 144
75192 25
75193 186
75194 170
75195 26
75196 186
75197 198
75198 25
75199 25
75200 198
75201 198
75202 26
75203 186
75204 25
75205 26
75206 170
75207 169
75208 117
75209 123
75210 118
75211 201
75212 130
75213 130
75214 130
75215 169
75216 129
75217 130
75218 118
75219 129
75220 117
75221 123
75222 123
75223 134
75224 134
75225 117
75226 117
75227 169
75228 169
75229 207
75230 209
75231 209
75232 207
75233 209
75234 207
75235 209
75236 38
75237 180
75238 14
75239 38
75240 38
75241 38
75242 163
75243 38
75244 38
75245 38
75246 38
75247 39
75248 38
75249 38
75250 39
75251 180
75252 14
75253 14
75254 38
75255 353
75256 38
75257 353
75258 353
75259 38
75260 353
75261 353
75262 39
75263 38
75264 39
75265 353
75266 38
75267 38
75268 38
75269 38
75270 353
75271 353
75272 38
75273 38
75274 38
75275 39
75276 353
75277 38
75278 38
75279 353
75280 16
75281 353
75282 353
75283 38
75284 353
75285 353
75286 38
75287 38
75288 38
75289 14
75290 38
75291 38
75292 14
75293 353
75294 353
75295 38
75296 38
75297 38
75298 16
75299 14
75300 38
75301 170
75302 136
75303 136
75304 170
75305 163
75306 163
75307 38
75308 38
75309 38
75310 38
75311 38
75312 65
75313 65
75314 65
75315 65
75316 65
75317 65
75318 65
75319 65
75320 213
75321 213
75322 213
75323 213
75324 213
75325 213
75326 207
75327 207
75328 207
75329 207
75330 207
75331 213
75332 213
75333 213
75334 213
75335 383
75336 383
75337 342
75338 218
75339 421
75340 280
75341 408
75342 421
75343 342
75344 319
75345 49
75346 218
75347 280
75348 383
75349 365
75350 394
75351 218
75352 394
75353 233
75354 49
75355 383
75356 49
75357 280
75358 421
75359 383
75360 365
75361 233
75362 421
75363 233
75364 218
75365 383
75366 26
75367 26
75368 209
75369 286
75370 273
75371 273
75372 271
75373 271
75374 273
75375 273
75376 270
75377 267
75378 270
75379 273
75380 273
75381 273
75382 291
75383 273
75384 273
75385 291
75386 291
75387 273
75388 273
75389 271
75390 271
75391 275
75392 278
75393 271
75394 271
75395 278
75396 275
75397 273
75398 273
75399 202
75400 202
75401 202
75402 124
75403 124
75404 202
75405 124
75406 124
75407 202
75408 372
75409 372
75410 372
75411 372
75412 372
75413 372
75414 338
75415 333
75416 333
75417 276
75418 341
75419 333
75420 333
75421 338
75422 338
75423 338
75424 338
75425 338
75426 333
75427 333
75428 333
75429 333
75430 333
75431 333
75432 274
75433 274
75434 274
75435 276
75436 341
75437 235
75438 235
75439 31
75440 31
75441 156
75442 156
75443 158
75444 31
75445 31
75446 31
75447 168
75448 91
75449 91
75450 31
75451 91
75452 168
75453 205
75454 205
75455 31
75456 38
75457 163
75458 262
75459 262
75460 262
75461 262
75462 163
75463 173
75464 173
75465 163
75466 31
75467 36
75468 36
75469 31
75470 50
75471 46
75472 30
75473 247
75474 50
75475 237
75476 50
75477 46
75478 237
75479 46
75480 30
75481 237
75482 23
75483 84
75484 25
75485 84
75486 23
75487 36
75488 36
75489 84
75490 36
75491 36
75492 23
75493 26
75494 36
75495 36
75496 31
75497 33
75498 350
75499 340
75500 340
75501 350
75502 340
75503 340
75504 340
75505 48
75506 305
75507 306
75508 376
75509 305
75510 376
75511 76
75512 375
75513 375
75514 48
75515 48
75516 52
75517 48
75518 48
75519 108
75520 108
75521 108
75522 72
75523 72
75524 72
75525 27
75526 31
75527 163
75528 163
75529 27
75530 163
75531 162
75532 27
75533 75
75534 31
75535 71
75536 31
75537 75
75538 75
75539 163
75540 163
75541 163
75542 333
75543 333
75544 333
75545 333
75546 333
75547 333
75548 333
75549 331
75550 331
75551 333
75552 333
75553 100
75554 100
75555 100
75556 100
75557 83
75558 100
75559 83
75560 100
75561 342
75562 326
75563 337
75564 342
75565 326
75566 46
75567 43
75568 178
75569 178
75570 46
75571 180
75572 180
75573 45
75574 45
75575 46
75576 46
75577 46
75578 189
75579 201
75580 189
75581 189
75582 35
75583 189
75584 43
75585 201
75586 35
75587 178
75588 204
75589 204
75590 175
75591 191
75592 203
75593 178
75594 191
75595 176
75596 175
75597 176
75598 175
75599 45
75600 45
75601 45
75602 46
75603 181
75604 186
75605 180
75606 180
75607 180
75608 111
75609 151
75610 111
75611 151
75612 151
75613 151
75614 151
75615 151
75616 121
75617 151
75618 161
75619 161
75620 154
75621 113
75622 119
75623 154
75624 161
75625 121
75626 113
75627 151
75628 119
75629 160
75630 160
75631 157
75632 159
75633 159
75634 157
75635 413
75636 414
75637 414
75638 393
75639 393
75640 392
75641 392
75642 392
75643 101
75644 392
75645 393
75646 101
75647 101
75648 393
75649 393
75650 393
75651 392
75652 392
75653 392
75654 392
75655 392
75656 101
75657 392
75658 393
75659 101
75660 393
75661 393
75662 393
75663 392
75664 392
75665 392
75666 346
75667 348
75668 414
75669 426
75670 345
75671 346
75672 345
75673 414
75674 248
75675 346
75676 353
75677 370
75678 365
75679 353
75680 365
75681 248
75682 353
75683 370
75684 248
75685 365
75686 346
75687 348
75688 286
75689 286
75690 345
75691 345
75692 364
75693 377
75694 364
75695 352
75696 364
75697 352
75698 377
75699 364
75700 426
75701 359
75702 321
75703 353
75704 353
75705 359
75706 235
75707 321
75708 353
75709 353
75710 345
75711 353
75712 346
75713 376
75714 346
75715 376
75716 345
75717 345
75718 345
75719 129
75720 115
75721 129
75722 129
75723 115
75724 129
75725 115
75726 129
75727 115
75728 115
75729 130
75730 115
75731 115
75732 115
75733 316
75734 316
75735 316
75736 316
75737 316
75738 316
75739 21
75740 387
75741 387
75742 389
75743 387
75744 228
75745 426
75746 348
75747 228
75748 348
75749 426
75750 387
75751 352
75752 352
75753 352
75754 384
75755 352
75756 389
75757 352
75758 352
75759 352
75760 384
75761 165
75762 174
75763 174
75764 165
75765 173
75766 165
75767 31
75768 165
75769 163
75770 165
75771 26
75772 31
75773 165
75774 165
75775 21
75776 21
75777 165
75778 174
75779 174
75780 174
75781 174
75782 174
75783 174
75784 174
75785 165
75786 165
75787 165
75788 168
75789 173
75790 128
75791 168
75792 128
75793 168
75794 168
75795 168
75796 165
75797 165
75798 165
75799 165
75800 165
75801 20
75802 20
75803 20
75804 350
75805 350
75806 146
75807 146
75808 146
75809 146
75810 116
75811 146
75812 146
75813 146
75814 146
75815 146
75816 142
75817 146
75818 142
75819 146
75820 142
75821 147
75822 146
75823 146
75824 146
75825 147
75826 147
75827 159
75828 160
75829 159
75830 160
75831 146
75832 147
75833 146
75834 147
75835 147
75836 146
75837 419
75838 313
75839 48
75840 383
75841 393
75842 384
75843 384
75844 384
75845 48
75846 261
75847 172
75848 261
75849 313
75850 261
75851 172
75852 311
75853 10
75854 261
75855 28
75856 28
75857 4
75858 28
75859 28
75860 28
75861 29
75862 298
75863 29
75864 29
75865 253
75866 100
75867 100
75868 253
75869 367
75870 367
75871 253
75872 368
75873 100
75874 368
75875 4
75876 100
75877 253
75878 100
75879 253
75880 28
75881 260
75882 257
75883 257
75884 260
75885 362
75886 362
75887 362
75888 362
75889 362
75890 362
75891 362
75892 90
75893 93
75894 90
75895 93
75896 93
75897 90
75898 90
75899 93
75900 148
75901 148
75902 213
75903 213
75904 148
75905 153
75906 122
75907 138
75908 153
75909 154
75910 153
75911 153
75912 123
75913 123
75914 138
75915 153
75916 153
75917 153
75918 153
75919 112
75920 153
75921 153
75922 112
75923 112
75924 30
75925 245
75926 245
75927 33
75928 267
75929 30
75930 245
75931 267
75932 30
75933 30
75934 30
75935 30
75936 245
75937 1
75938 33
75939 33
75940 30
75941 315
75942 78
75943 315
75944 257
75945 78
75946 315
75947 315
75948 257
75949 243
75950 244
75951 244
75952 307
75953 315
75954 306
75955 313
75956 86
75957 307
75958 60
75959 307
75960 230
75961 385
75962 306
75963 390
75964 385
75965 239
75966 239
75967 239
75968 390
75969 381
75970 304
75971 353
75972 363
75973 353
75974 315
75975 239
75976 230
75977 353
75978 363
75979 353
75980 390
75981 230
75982 306
75983 363
75984 230
75985 381
75986 385
75987 29
75988 230
75989 385
75990 390
75991 304
75992 29
75993 306
75994 230
75995 353
75996 306
75997 390
75998 385
75999 239
76000 239
76001 353
76002 390
76003 353
76004 363
76005 353
76006 239
76007 353
76008 381
76009 353
76010 230
76011 306
76012 363
76013 381
76014 385
76015 230
76016 385
76017 390
76018 239
76019 306
76020 209
76021 209
76022 209
76023 190
76024 190
76025 211
76026 211
76027 211
76028 153
76029 153
76030 149
76031 164
76032 210
76033 164
76034 119
76035 191
76036 118
76037 191
76038 153
76039 191
76040 119
76041 119
76042 119
76043 153
76044 153
76045 153
76046 119
76047 118
76048 118
76049 153
76050 153
76051 191
76052 153
76053 119
76054 119
76055 153
76056 119
76057 189
76058 191
76059 119
76060 153
76061 153
76062 153
76063 153
76064 153
76065 153
76066 149
76067 153
76068 153
76069 149
76070 149
76071 149
76072 149
76073 120
76074 120
76075 164
76076 120
76077 164
76078 210
76079 166
76080 166
76081 373
76082 373
76083 387
76084 373
76085 68
76086 387
76087 373
76088 368
76089 374
76090 374
76091 368
76092 373
76093 373
76094 377
76095 243
76096 244
76097 377
76098 93
76099 387
76100 373
76101 244
76102 387
76103 387
76104 387
76105 139
76106 139
76107 58
76108 68
76109 387
76110 304
76111 387
76112 373
76113 373
76114 247
76115 37
76116 198
76117 247
76118 198
76119 247
76120 247
76121 318
76122 37
76123 37
76124 4
76125 28
76126 4
76127 104
76128 17
76129 51
76130 52
76131 17
76132 17
76133 17
76134 51
76135 51
76136 52
76137 24
76138 24
76139 24
76140 24
76141 24
76142 41
76143 41
76144 24
76145 24
76146 24
76147 41
76148 24
76149 44
76150 287
76151 244
76152 44
76153 243
76154 287
76155 42
76156 245
76157 41
76158 243
76159 244
76160 44
76161 41
76162 245
76163 266
76164 287
76165 42
76166 41
76167 21
76168 24
76169 24
76170 24
76171 229
76172 224
76173 229
76174 229
76175 429
76176 93
76177 5
76178 5
76179 93
76180 5
76181 363
76182 229
76183 5
76184 363
76185 5
76186 429
76187 5
76188 229
76189 224
76190 376
76191 227
76192 72
76193 376
76194 337
76195 376
76196 229
76197 337
76198 369
76199 5
76200 5
76201 229
76202 5
76203 369
76204 5
76205 229
76206 280
76207 280
76208 429
76209 280
76210 280
76211 280
76212 83
76213 83
76214 214
76215 203
76216 83
76217 214
76218 205
76219 205
76220 337
76221 114
76222 112
76223 114
76224 114
76225 149
76226 141
76227 149
76228 114
76229 114
76230 141
76231 185
76232 174
76233 142
76234 185
76235 142
76236 141
76237 174
76238 143
76239 143
76240 152
76241 137
76242 137
76243 152
76244 174
76245 114
76246 114
76247 98
76248 98
76249 304
76250 258
76251 304
76252 358
76253 360
76254 358
76255 360
76256 258
76257 304
76258 304
76259 303
76260 304
76261 304
76262 303
76263 304
76264 304
76265 258
76266 42
76267 258
76268 258
76269 258
76270 304
76271 245
76272 358
76273 358
76274 367
76275 368
76276 352
76277 245
76278 352
76279 245
76280 368
76281 368
76282 367
76283 352
76284 352
76285 358
76286 353
76287 360
76288 259
76289 364
76290 354
76291 354
76292 245
76293 364
76294 360
76295 245
76296 259
76297 364
76298 245
76299 424
76300 389
76301 45
76302 424
76303 261
76304 359
76305 389
76306 424
76307 353
76308 354
76309 364
76310 359
76311 354
76312 364
76313 259
76314 45
76315 245
76316 358
76317 358
76318 368
76319 352
76320 245
76321 352
76322 245
76323 245
76324 368
76325 368
76326 367
76327 245
76328 358
76329 367
76330 352
76331 352
76332 358
76333 360
76334 360
76335 258
76336 258
76337 318
76338 360
76339 318
76340 258
76341 258
76342 258
76343 258
76344 258
76345 304
76346 304
76347 304
76348 304
76349 46
76350 46
76351 46
76352 40
76353 320
76354 321
76355 311
76356 320
76357 230
76358 259
76359 289
76360 320
76361 319
76362 259
76363 320
76364 320
76365 319
76366 65
76367 259
76368 230
76369 275
76370 230
76371 65
76372 289
76373 275
76374 321
76375 322
76376 321
76377 322
76378 321
76379 240
76380 311
76381 311
76382 240
76383 240
76384 240
76385 64
76386 64
76387 254
76388 244
76389 254
76390 244
76391 383
76392 321
76393 244
76394 254
76395 254
76396 266
76397 318
76398 318
76399 318
76400 244
76401 229
76402 244
76403 229
76404 229
76405 229
76406 244
76407 229
76408 383
76409 383
76410 316
76411 318
76412 318
76413 321
76414 321
76415 316
76416 244
76417 244
76418 83
76419 163
76420 6
76421 174
76422 83
76423 6
76424 174
76425 174
76426 193
76427 197
76428 163
76429 167
76430 197
76431 163
76432 193
76433 197
76434 167
76435 193
76436 163
76437 315
76438 197
76439 33
76440 51
76441 33
76442 402
76443 399
76444 399
76445 399
76446 402
76447 399
76448 399
76449 399
76450 399
76451 399
76452 400
76453 399
76454 399
76455 399
76456 399
76457 402
76458 338
76459 343
76460 343
76461 338
76462 311
76463 241
76464 297
76465 241
76466 241
76467 230
76468 241
76469 237
76470 312
76471 241
76472 351
76473 299
76474 230
76475 237
76476 297
76477 230
76478 311
76479 230
76480 241
76481 237
76482 299
76483 351
76484 343
76485 299
76486 343
76487 299
76488 241
76489 241
76490 241
76491 241
76492 230
76493 241
76494 237
76495 241
76496 299
76497 230
76498 237
76499 297
76500 230
76501 299
76502 230
76503 241
76504 237
76505 299
76506 343
76507 343
76508 299
76509 343
76510 349
76511 345
76512 345
76513 345
76514 349
76515 412
76516 412
76517 381
76518 307
76519 255
76520 224
76521 255
76522 381
76523 255
76524 307
76525 392
76526 289
76527 300
76528 289
76529 224
76530 300
76531 300
76532 116
76533 116
76534 116
76535 116
76536 116
76537 116
76538 116
76539 307
76540 307
76541 307
76542 307
76543 351
76544 417
76545 416
76546 417
76547 351
76548 307
76549 417
76550 260
76551 416
76552 356
76553 196
76554 252
76555 184
76556 252
76557 252
76558 141
76559 156
76560 144
76561 108
76562 144
76563 108
76564 152
76565 152
76566 119
76567 152
76568 152
76569 119
76570 152
76571 156
76572 144
76573 225
76574 226
76575 44
76576 223
76577 44
76578 267
76579 253
76580 253
76581 253
76582 208
76583 225
76584 41
76585 223
76586 267
76587 223
76588 44
76589 208
76590 253
76591 267
76592 223
76593 225
76594 267
76595 225
76596 51
76597 423
76598 423
76599 423
76600 423
76601 423
76602 423
76603 423
76604 423
76605 423
76606 423
76607 31
76608 31
76609 207
76610 21
76611 200
76612 207
76613 31
76614 200
76615 31
76616 25
76617 198
76618 207
76619 25
76620 207
76621 32
76622 200
76623 198
76624 202
76625 31
76626 202
76627 32
76628 201
76629 31
76630 201
76631 25
76632 201
76633 25
76634 31
76635 31
76636 59
76637 59
76638 59
76639 32
76640 6
76641 6
76642 59
76643 59
76644 6
76645 49
76646 49
76647 259
76648 259
76649 49
76650 226
76651 114
76652 114
76653 115
76654 115
76655 114
76656 114
76657 21
76658 21
76659 21
76660 21
76661 236
76662 21
76663 14
76664 35
76665 35
76666 35
76667 21
76668 14
76669 34
76670 34
76671 16
76672 21
76673 34
76674 21
76675 21
76676 21
76677 21
76678 35
76679 35
76680 21
76681 21
76682 21
76683 33
76684 21
76685 22
76686 22
76687 225
76688 225
76689 236
76690 225
76691 35
76692 35
76693 35
76694 21
76695 21
76696 21
76697 35
76698 21
76699 21
76700 21
76701 35
76702 239
76703 426
76704 426
76705 232
76706 239
76707 232
76708 232
76709 239
76710 225
76711 225
76712 426
76713 225
76714 225
76715 426
76716 7
76717 53
76718 53
76719 53
76720 53
76721 53
76722 221
76723 180
76724 53
76725 53
76726 180
76727 53
76728 187
76729 66
76730 47
76731 47
76732 47
76733 274
76734 285
76735 285
76736 285
76737 318
76738 274
76739 318
76740 274
76741 352
76742 274
76743 274
76744 274
76745 285
76746 285
76747 285
76748 285
76749 334
76750 318
76751 229
76752 216
76753 234
76754 34
76755 334
76756 258
76757 34
76758 50
76759 382
76760 318
76761 50
76762 258
76763 382
76764 339
76765 50
76766 234
76767 229
76768 216
76769 318
76770 339
76771 234
76772 274
76773 216
76774 274
76775 262
76776 319
76777 319
76778 319
76779 319
76780 216
76781 318
76782 234
76783 234
76784 318
76785 318
76786 318
76787 318
76788 234
76789 274
76790 274
76791 274
76792 274
76793 352
76794 352
76795 352
76796 352
76797 177
76798 177
76799 179
76800 28
76801 28
76802 136
76803 179
76804 138
76805 179
76806 136
76807 136
76808 179
76809 28
76810 10
76811 11
76812 10
76813 173
76814 164
76815 173
76816 18
76817 30
76818 30
76819 28
76820 189
76821 87
76822 87
76823 87
76824 87
76825 13
76826 13
76827 13
76828 13
76829 13
76830 13
76831 13
76832 13
76833 13
76834 13
76835 9
76836 12
76837 13
76838 12
76839 13
76840 12
76841 23
76842 12
76843 9
76844 9
76845 193
76846 20
76847 23
76848 193
76849 12
76850 23
76851 23
76852 12
76853 13
76854 20
76855 13
76856 13
76857 13
76858 13
76859 13
76860 13
76861 13
76862 13
76863 18
76864 14
76865 14
76866 13
76867 14
76868 14
76869 18
76870 14
76871 14
76872 18
76873 13
76874 13
76875 13
76876 197
76877 13
76878 13
76879 13
76880 13
76881 13
76882 13
76883 10
76884 12
76885 13
76886 10
76887 13
76888 12
76889 12
76890 23
76891 23
76892 12
76893 13
76894 23
76895 219
76896 219
76897 294
76898 308
76899 294
76900 308
76901 241
76902 302
76903 241
76904 294
76905 219
76906 294
76907 241
76908 219
76909 429
76910 430
76911 369
76912 369
76913 426
76914 430
76915 429
76916 305
76917 371
76918 371
76919 430
76920 371
76921 430
76922 305
76923 421
76924 421
76925 315
76926 369
76927 38
76928 358
76929 360
76930 369
76931 360
76932 369
76933 358
76934 369
76935 358
76936 426
76937 371
76938 371
76939 371
76940 430
76941 371
76942 11
76943 13
76944 13
76945 11
76946 11
76947 11
76948 13
76949 13
76950 89
76951 262
76952 262
76953 222
76954 262
76955 262
76956 325
76957 329
76958 329
76959 329
76960 256
76961 222
76962 256
76963 256
76964 256
76965 363
76966 363
76967 363
76968 363
76969 282
76970 350
76971 363
76972 282
76973 350
76974 216
76975 363
76976 283
76977 216
76978 276
76979 0
76980 57
76981 281
76982 57
76983 0
76984 276
76985 0
76986 0
76987 0
76988 4
76989 29
76990 0
76991 0
76992 346
76993 346
76994 346
76995 57
76996 57
76997 57
76998 63
76999 57
77000 57
77001 57
77002 0
77003 0
77004 0
77005 49
77006 49
77007 335
77008 335
77009 335
77010 335
77011 414
77012 415
77013 414
77014 414
77015 414
77016 414
77017 414
77018 415
77019 414
77020 414
77021 414
77022 172
77023 172
77024 193
77025 193
77026 172
77027 21
77028 69
77029 84
77030 24
77031 193
77032 193
77033 193
77034 69
77035 29
77036 202
77037 24
77038 29
77039 193
77040 193
77041 69
77042 69
77043 385
77044 385
77045 385
77046 385
77047 385
77048 385
77049 385
77050 387
77051 385
77052 385
77053 385
77054 385
77055 385
77056 385
77057 242
77058 387
77059 385
77060 385
77061 385
77062 385
77063 383
77064 385
77065 383
77066 387
77067 383
77068 383
77069 385
77070 385
77071 385
77072 50
77073 248
77074 50
77075 156
77076 248
77077 248
77078 50
77079 50
77080 50
77081 50
77082 248
77083 248
77084 193
77085 21
77086 198
77087 21
77088 21
77089 193
77090 193
77091 193
77092 22
77093 193
77094 21
77095 22
77096 22
77097 22
77098 197
77099 197
77100 198
77101 41
77102 45
77103 41
77104 21
77105 41
77106 185
77107 185
77108 41
77109 185
77110 163
77111 21
77112 21
77113 21
77114 185
77115 21
77116 45
77117 45
77118 41
77119 45
77120 41
77121 41
77122 128
77123 41
77124 126
77125 21
77126 128
77127 21
77128 45
77129 45
77130 193
77131 193
77132 53
77133 53
77134 53
77135 182
77136 53
77137 53
77138 182
77139 182
77140 123
77141 27
77142 27
77143 27
77144 27
77145 123
77146 156
77147 156
77148 156
77149 156
77150 156
77151 156
77152 155
77153 155
77154 136
77155 155
77156 142
77157 156
77158 155
77159 142
77160 155
77161 340
77162 54
77163 352
77164 340
77165 340
77166 340
77167 355
77168 352
77169 352
77170 28
77171 77
77172 65
77173 272
77174 65
77175 219
77176 219
77177 65
77178 81
77179 68
77180 34
77181 360
77182 68
77183 93
77184 34
77185 360
77186 360
77187 34
77188 93
77189 34
77190 77
77191 98
77192 66
77193 285
77194 285
77195 98
77196 98
77197 65
77198 285
77199 392
77200 264
77201 406
77202 406
77203 383
77204 83
77205 82
77206 82
77207 87
77208 265
77209 87
77210 265
77211 83
77212 405
77213 392
77214 383
77215 250
77216 20
77217 252
77218 20
77219 252
77220 20
77221 20
77222 250
77223 20
77224 253
77225 317
77226 250
77227 425
77228 250
77229 316
77230 316
77231 250
77232 250
77233 20
77234 20
77235 20
77236 20
77237 20
77238 252
77239 252
77240 252
77241 252
77242 20
77243 20
77244 252
77245 185
77246 185
77247 185
77248 20
77249 20
77250 20
77251 20
77252 250
77253 250
77254 250
77255 250
77256 292
77257 306
77258 291
77259 291
77260 306
77261 292
77262 292
77263 292
77264 384
77265 306
77266 306
77267 306
77268 306
77269 291
77270 291
77271 291
77272 291
77273 291
77274 291
77275 291
77276 291
77277 291
77278 291
77279 291
77280 291
77281 291
77282 291
77283 291
77284 291
77285 291
77286 306
77287 306
77288 306
77289 306
77290 306
77291 306
77292 28
77293 28
77294 70
77295 73
77296 328
77297 70
77298 331
77299 57
77300 43
77301 58
77302 390
77303 73
77304 43
77305 28
77306 331
77307 390
77308 57
77309 58
77310 388
77311 174
77312 70
77313 174
77314 73
77315 331
77316 70
77317 28
77318 43
77319 331
77320 73
77321 388
77322 28
77323 151
77324 151
77325 151
77326 151
77327 191
77328 191
77329 119
77330 191
77331 168
77332 121
77333 174
77334 205
77335 191
77336 179
77337 174
77338 174
77339 181
77340 179
77341 168
77342 168
77343 181
77344 121
77345 174
77346 168
77347 205
77348 191
77349 191
77350 174
77351 174
77352 191
77353 153
77354 191
77355 153
77356 119
77357 119
77358 119
77359 119
77360 153
77361 192
77362 191
77363 153
77364 119
77365 119
77366 153
77367 119
77368 119
77369 192
77370 119
77371 119
77372 2
77373 62
77374 119
77375 2
77376 2
77377 119
77378 62
77379 2
77380 2
77381 2
77382 2
77383 119
77384 119
77385 2
77386 168
77387 174
77388 174
77389 174
77390 191
77391 160
77392 160
77393 160
77394 126
77395 121
77396 121
77397 121
77398 185
77399 121
77400 126
77401 185
77402 121
77403 126
77404 121
77405 141
77406 121
77407 121
77408 141
77409 185
77410 160
77411 125
77412 134
77413 160
77414 125
77415 114
77416 160
77417 256
77418 261
77419 262
77420 261
77421 261
77422 262
77423 257
77424 297
77425 297
77426 273
77427 258
77428 272
77429 273
77430 272
77431 257
77432 261
77433 409
77434 258
77435 261
77436 272
77437 272
77438 261
77439 297
77440 273
77441 409
77442 273
77443 272
77444 257
77445 273
77446 272
77447 253
77448 253
77449 262
77450 266
77451 339
77452 266
77453 339
77454 339
77455 266
77456 261
77457 294
77458 294
77459 294
77460 257
77461 261
77462 255
77463 261
77464 258
77465 272
77466 273
77467 258
77468 261
77469 409
77470 258
77471 261
77472 272
77473 261
77474 258
77475 273
77476 409
77477 273
77478 272
77479 257
77480 255
77481 272
77482 261
77483 262
77484 266
77485 266
77486 262
77487 266
77488 266
77489 261
77490 61
77491 143
77492 143
77493 15
77494 15
77495 61
77496 143
77497 143
77498 143
77499 118
77500 138
77501 118
77502 127
77503 118
77504 127
77505 127
77506 138
77507 143
77508 151
77509 151
77510 415
77511 408
77512 415
77513 272
77514 272
77515 46
77516 415
77517 415
77518 46
77519 412
77520 412
77521 408
77522 308
77523 308
77524 375
77525 308
77526 156
77527 156
77528 308
77529 308
77530 308
77531 51
77532 154
77533 52
77534 308
77535 308
77536 154
77537 51
77538 154
77539 156
77540 156
77541 156
77542 375
77543 308
77544 308
77545 112
77546 128
77547 128
77548 126
77549 109
77550 123
77551 132
77552 132
77553 108
77554 153
77555 151
77556 108
77557 132
77558 132
77559 153
77560 108
77561 112
77562 153
77563 112
77564 151
77565 132
77566 153
77567 128
77568 121
77569 143
77570 121
77571 128
77572 131
77573 144
77574 121
77575 131
77576 143
77577 116
77578 116
77579 143
77580 126
77581 126
77582 108
77583 108
77584 116
77585 126
77586 121
77587 122
77588 108
77589 126
77590 116
77591 122
77592 116
77593 126
77594 126
77595 59
77596 108
77597 122
77598 108
77599 108
77600 116
77601 59
77602 116
77603 121
77604 132
77605 109
77606 153
77607 109
77608 123
77609 153
77610 109
77611 109
77612 123
77613 123
77614 132
77615 153
77616 301
77617 274
77618 54
77619 301
77620 301
77621 301
77622 301
77623 301
77624 301
77625 274
77626 301
77627 301
77628 301
77629 301
77630 301
77631 206
77632 138
77633 140
77634 138
77635 140
77636 138
77637 111
77638 111
77639 111
77640 74
77641 74
77642 390
77643 390
77644 74
77645 186
77646 186
77647 171
77648 171
77649 169
77650 169
77651 190
77652 156
77653 171
77654 190
77655 190
77656 142
77657 142
77658 142
77659 142
77660 171
77661 142
77662 142
77663 156
77664 142
77665 171
77666 24
77667 65
77668 213
77669 202
77670 213
77671 173
77672 173
77673 25
77674 171
77675 25
77676 25
77677 189
77678 65
77679 65
77680 173
77681 172
77682 24
77683 173
77684 172
77685 25
77686 189
77687 197
77688 197
77689 172
77690 309
77691 309
77692 309
77693 309
77694 260
77695 285
77696 258
77697 285
77698 258
77699 285
77700 13
77701 26
77702 36
77703 36
77704 25
77705 26
77706 25
77707 36
77708 29
77709 36
77710 297
77711 69
77712 358
77713 331
77714 331
77715 69
77716 69
77717 276
77718 297
77719 276
77720 358
77721 358
77722 331
77723 402
77724 331
77725 331
77726 331
77727 331
77728 331
77729 402
77730 331
77731 402
77732 331
77733 331
77734 358
77735 331
77736 358
77737 331
77738 412
77739 331
77740 412
77741 331
77742 331
77743 331
77744 331
77745 331
77746 331
77747 331
77748 105
77749 372
77750 105
77751 105
77752 105
77753 203
77754 203
77755 105
77756 372
77757 372
77758 129
77759 129
77760 138
77761 129
77762 2
77763 0
77764 130
77765 129
77766 2
77767 130
77768 138
77769 141
77770 138
77771 145
77772 136
77773 136
77774 136
77775 297
77776 297
77777 299
77778 34
77779 297
77780 297
77781 297
77782 297
77783 299
77784 262
77785 305
77786 305
77787 79
77788 354
77789 80
77790 357
77791 34
77792 80
77793 354
77794 351
77795 351
77796 76
77797 354
77798 80
77799 34
77800 13
77801 362
77802 362
77803 362
77804 362
77805 253
77806 291
77807 293
77808 362
77809 291
77810 362
77811 253
77812 291
77813 253
77814 291
77815 318
77816 286
77817 363
77818 286
77819 364
77820 320
77821 318
77822 362
77823 362
77824 255
77825 291
77826 255
77827 362
77828 291
77829 249
77830 92
77831 92
77832 192
77833 192
77834 184
77835 184
77836 184
77837 184
77838 184
77839 184
77840 192
77841 121
77842 121
77843 52
77844 34
77845 121
77846 52
77847 34
77848 34
77849 192
77850 121
77851 121
77852 6
77853 6
77854 1
77855 6
77856 219
77857 388
77858 272
77859 272
77860 272
77861 219
77862 388
77863 247
77864 245
77865 247
77866 24
77867 247
77868 247
77869 75
77870 23
77871 247
77872 247
77873 23
77874 75
77875 247
77876 247
77877 247
77878 154
77879 154
77880 268
77881 268
77882 268
77883 268
77884 45
77885 275
77886 164
77887 45
77888 45
77889 275
77890 268
77891 268
77892 45
77893 275
77894 275
77895 275
77896 268
77897 275
77898 45
77899 275
77900 45
77901 45
77902 275
77903 268
77904 268
77905 45
77906 275
77907 275
77908 235
77909 217
77910 217
77911 235
77912 240
77913 241
77914 405
77915 240
77916 240
77917 405
77918 405
77919 235
77920 219
77921 217
77922 235
77923 235
77924 235
77925 227
77926 227
77927 408
77928 211
77929 62
77930 62
77931 57
77932 62
77933 48
77934 36
77935 189
77936 2
77937 28
77938 177
77939 64
77940 15
77941 189
77942 2
77943 2
77944 15
77945 2
77946 29
77947 15
77948 16
77949 64
77950 43
77951 171
77952 181
77953 2
77954 2
77955 171
77956 189
77957 16
77958 2
77959 2
77960 2
77961 48
77962 177
77963 29
77964 189
77965 43
77966 36
77967 48
77968 181
77969 62
77970 35
77971 71
77972 57
77973 35
77974 57
77975 71
77976 57
77977 113
77978 57
77979 64
77980 57
77981 336
77982 42
77983 42
77984 256
77985 42
77986 256
77987 57
77988 57
77989 26
77990 71
77991 413
77992 18
77993 26
77994 71
77995 105
77996 18
77997 413
77998 26
77999 64
78000 105
78001 271
78002 26
78003 26
78004 18
78005 57
78006 57
78007 57
78008 336
78009 29
78010 30
78011 192
78012 11
78013 41
78014 11
78015 29
78016 169
78017 41
78018 68
78019 29
78020 169
78021 68
78022 169
78023 192
78024 41
78025 169
78026 169
78027 192
78028 11
78029 68
78030 30
78031 30
78032 127
78033 122
78034 115
78035 115
78036 115
78037 163
78038 172
78039 171
78040 172
78041 138
78042 116
78043 161
78044 163
78045 122
78046 122
78047 116
78048 161
78049 138
78050 161
78051 187
78052 40
78053 50
78054 34
78055 318
78056 50
78057 24
78058 318
78059 243
78060 50
78061 187
78062 198
78063 198
78064 40
78065 77
78066 77
78067 40
78068 24
78069 24
78070 25
78071 386
78072 35
78073 112
78074 118
78075 386
78076 34
78077 112
78078 35
78079 386
78080 34
78081 35
78082 326
78083 70
78084 70
78085 326
78086 326
78087 333
78088 368
78089 326
78090 368
78091 333
78092 326
78093 333
78094 333
78095 326
78096 327
78097 333
78098 333
78099 326
78100 333
78101 327
78102 333
78103 326
78104 333
78105 326
78106 326
78107 326
78108 333
78109 326
78110 333
78111 326
78112 333
78113 326
78114 326
78115 325
78116 326
78117 409
78118 409
78119 393
78120 340
78121 336
78122 340
78123 344
78124 409
78125 409
78126 409
78127 336
78128 336
78129 393
78130 255
78131 255
78132 255
78133 70
78134 71
78135 71
78136 71
78137 71
78138 75
78139 67
78140 70
78141 75
78142 67
78143 67
78144 71
78145 187
78146 187
78147 297
78148 302
78149 298
78150 280
78151 304
78152 304
78153 304
78154 305
78155 305
78156 304
78157 304
78158 305
78159 18
78160 304
78161 18
78162 48
78163 48
78164 304
78165 238
78166 238
78167 268
78168 268
78169 304
78170 238
78171 135
78172 135
78173 100
78174 135
78175 291
78176 304
78177 164
78178 304
78179 186
78180 186
78181 195
78182 195
78183 186
78184 81
78185 256
78186 305
78187 384
78188 256
78189 93
78190 135
78191 93
78192 384
78193 135
78194 93
78195 81
78196 291
78197 324
78198 230
78199 231
78200 230
78201 230
78202 242
78203 230
78204 242
78205 230
78206 230
78207 231
78208 230
78209 231
78210 8
78211 0
78212 415
78213 8
78214 75
78215 75
78216 415
78217 0
78218 415
78219 6
78220 6
78221 412
78222 6
78223 0
78224 261
78225 261
78226 267
78227 31
78228 225
78229 261
78230 414
78231 414
78232 261
78233 261
78234 414
78235 225
78236 31
78237 228
78238 267
78239 268
78240 254
78241 312
78242 254
78243 312
78244 267
78245 312
78246 255
78247 381
78248 381
78249 381
78250 381
78251 381
78252 381
78253 401
78254 401
78255 401
78256 401
78257 402
78258 401
78259 401
78260 402
78261 403
78262 403
78263 401
78264 62
78265 132
78266 132
78267 140
78268 140
78269 173
78270 146
78271 132
78272 45
78273 125
78274 125
78275 156
78276 156
78277 156
78278 155
78279 155
78280 160
78281 309
78282 309
78283 309
78284 264
78285 266
78286 309
78287 266
78288 309
78289 306
78290 309
78291 306
78292 305
78293 409
78294 409
78295 241
78296 241
78297 241
78298 222
78299 222
78300 426
78301 281
78302 241
78303 281
78304 241
78305 77
78306 77
78307 77
78308 408
78309 77
78310 77
78311 77
78312 77
78313 77
78314 77
78315 284
78316 284
78317 408
78318 284
78319 77
78320 77
78321 77
78322 14
78323 14
78324 14
78325 14
78326 14
78327 14
78328 14
78329 14
78330 14
78331 14
78332 14
78333 14
78334 14
78335 14
78336 14
78337 218
78338 218
78339 222
78340 232
78341 232
78342 232
78343 222
78344 222
78345 222
78346 222
78347 57
78348 57
78349 21
78350 61
78351 53
78352 36
78353 54
78354 34
78355 53
78356 53
78357 61
78358 174
78359 61
78360 34
78361 174
78362 21
78363 34
78364 61
78365 53
78366 54
78367 8
78368 325
78369 325
78370 61
78371 36
78372 34
78373 36
78374 53
78375 8
78376 346
78377 8
78378 64
78379 53
78380 325
78381 36
78382 61
78383 343
78384 343
78385 228
78386 228
78387 228
78388 92
78389 92
78390 223
78391 88
78392 74
78393 92
78394 223
78395 224
78396 229
78397 363
78398 363
78399 363
78400 74
78401 88
78402 88
78403 2
78404 6
78405 6
78406 183
78407 285
78408 285
78409 6
78410 2
78411 2
78412 223
78413 6
78414 2
78415 4
78416 223
78417 223
78418 2
78419 21
78420 21
78421 223
78422 2
78423 223
78424 6
78425 18
78426 4
78427 183
78428 188
78429 223
78430 183
78431 223
78432 223
78433 18
78434 245
78435 245
78436 226
78437 262
78438 279
78439 279
78440 245
78441 340
78442 238
78443 226
78444 276
78445 279
78446 238
78447 340
78448 262
78449 226
78450 226
78451 246
78452 340
78453 379
78454 394
78455 380
78456 302
78457 256
78458 254
78459 352
78460 336
78461 234
78462 256
78463 302
78464 256
78465 336
78466 336
78467 235
78468 394
78469 352
78470 235
78471 352
78472 301
78473 302
78474 235
78475 301
78476 301
78477 256
78478 235
78479 74
78480 380
78481 380
78482 65
78483 158
78484 65
78485 158
78486 380
78487 158
78488 62
78489 79
78490 62
78491 284
78492 284
78493 284
78494 284
78495 426
78496 284
78497 240
78498 284
78499 240
78500 284
78501 426
78502 426
78503 285
78504 284
78505 235
78506 87
78507 87
78508 87
78509 87
78510 235
78511 87
78512 87
78513 342
78514 342
78515 338
78516 342
78517 342
78518 342
78519 348
78520 338
78521 338
78522 348
78523 348
78524 342
78525 0
78526 4
78527 4
78528 4
78529 184
78530 180
78531 184
78532 162
78533 178
78534 178
78535 178
78536 180
78537 186
78538 173
78539 173
78540 186
78541 184
78542 186
78543 162
78544 173
78545 180
78546 162
78547 173
78548 173
78549 178
78550 269
78551 269
78552 269
78553 269
78554 227
78555 269
78556 227
78557 267
78558 269
78559 267
78560 299
78561 189
78562 189
78563 191
78564 189
78565 189
78566 191
78567 191
78568 191
78569 189
78570 191
78571 191
78572 189
78573 191
78574 189
78575 189
78576 31
78577 233
78578 201
78579 213
78580 233
78581 234
78582 234
78583 233
78584 233
78585 233
78586 368
78587 201
78588 29
78589 29
78590 201
78591 32
78592 97
78593 32
78594 348
78595 348
78596 29
78597 97
78598 398
78599 248
78600 5
78601 301
78602 72
78603 248
78604 301
78605 72
78606 72
78607 248
78608 301
78609 97
78610 24
78611 243
78612 213
78613 243
78614 398
78615 97
78616 24
78617 243
78618 301
78619 398
78620 398
78621 5
78622 5
78623 306
78624 398
78625 72
78626 233
78627 233
78628 233
78629 233
78630 337
78631 68
78632 208
78633 68
78634 337
78635 337
78636 337
78637 208
78638 344
78639 344
78640 369
78641 369
78642 344
78643 226
78644 309
78645 344
78646 304
78647 304
78648 309
78649 226
78650 309
78651 344
78652 309
78653 325
78654 325
78655 251
78656 251
78657 258
78658 369
78659 325
78660 258
78661 369
78662 251
78663 258
78664 367
78665 229
78666 225
78667 244
78668 225
78669 229
78670 369
78671 244
78672 87
78673 136
78674 197
78675 197
78676 200
78677 197
78678 136
78679 136
78680 81
78681 81
78682 81
78683 81
78684 367
78685 396
78686 396
78687 367
78688 367
78689 396
78690 396
78691 367
78692 396
78693 396
78694 396
78695 367
78696 79
78697 367
78698 79
78699 79
78700 344
78701 367
78702 344
78703 396
78704 396
78705 367
78706 395
78707 405
78708 405
78709 396
78710 395
78711 396
78712 396
78713 396
78714 367
78715 396
78716 367
78717 396
78718 396
78719 396
78720 396
78721 203
78722 202
78723 203
78724 202
78725 203
78726 203
78727 204
78728 379
78729 379
78730 379
78731 379
78732 18
78733 18
78734 18
78735 16
78736 18
78737 48
78738 210
78739 18
78740 55
78741 68
78742 308
78743 384
78744 391
78745 249
78746 55
78747 55
78748 34
78749 35
78750 308
78751 53
78752 34
78753 303
78754 53
78755 68
78756 18
78757 68
78758 249
78759 55
78760 249
78761 391
78762 35
78763 303
78764 48
78765 26
78766 18
78767 284
78768 361
78769 95
78770 361
78771 10
78772 364
78773 284
78774 10
78775 102
78776 10
78777 385
78778 385
78779 57
78780 0
78781 57
78782 16
78783 0
78784 16
78785 29
78786 29
78787 40
78788 40
78789 33
78790 29
78791 29
78792 29
78793 40
78794 332
78795 332
78796 85
78797 286
78798 286
78799 309
78800 380
78801 99
78802 338
78803 338
78804 85
78805 85
78806 287
78807 286
78808 286
78809 286
78810 196
78811 376
78812 196
78813 422
78814 422
78815 422
78816 422
78817 16
78818 20
78819 20
78820 216
78821 176
78822 20
78823 141
78824 111
78825 141
78826 141
78827 200
78828 110
78829 120
78830 122
78831 141
78832 197
78833 123
78834 113
78835 120
78836 110
78837 123
78838 123
78839 113
78840 122
78841 110
78842 197
78843 200
78844 141
78845 120
78846 110
78847 141
78848 122
78849 111
78850 141
78851 110
78852 110
78853 141
78854 123
78855 110
78856 123
78857 123
78858 110
78859 123
78860 123
78861 123
78862 141
78863 110
78864 295
78865 46
78866 46
78867 279
78868 295
78869 46
78870 312
78871 312
78872 295
78873 46
78874 46
78875 46
78876 279
78877 279
78878 295
78879 295
78880 213
78881 290
78882 290
78883 290
78884 290
78885 290
78886 11
78887 11
78888 11
78889 11
78890 11
78891 11
78892 256
78893 269
78894 254
78895 254
78896 9
78897 9
78898 268
78899 268
78900 268
78901 321
78902 321
78903 321
78904 321
78905 268
78906 268
78907 123
78908 123
78909 123
78910 172
78911 186
78912 123
78913 123
78914 172
78915 144
78916 112
78917 128
78918 128
78919 144
78920 144
78921 144
78922 144
78923 156
78924 157
78925 138
78926 157
78927 157
78928 144
78929 157
78930 138
78931 112
78932 112
78933 144
78934 144
78935 157
78936 138
78937 157
78938 157
78939 157
78940 138
78941 296
78942 296
78943 278
78944 306
78945 244
78946 278
78947 280
78948 304
78949 244
78950 278
78951 306
78952 279
78953 243
78954 279
78955 279
78956 279
78957 279
78958 243
78959 244
78960 279
78961 279
78962 244
78963 220
78964 220
78965 278
78966 216
78967 216
78968 251
78969 251
78970 278
78971 251
78972 280
78973 279
78974 279
78975 216
78976 304
78977 268
78978 304
78979 299
78980 268
78981 216
78982 299
78983 318
78984 318
78985 279
78986 243
78987 279
78988 279
78989 279
78990 280
78991 243
78992 244
78993 279
78994 244
78995 147
78996 147
78997 16
78998 16
78999 16
79000 16
79001 147
79002 147
79003 36
79004 36
79005 424
79006 424
79007 424
79008 424
79009 176
79010 36
79011 176
79012 35
79013 177
79014 73
79015 35
79016 73
79017 365
79018 376
79019 73
79020 73
79021 176
79022 128
79023 128
79024 36
79025 18
79026 114
79027 114
79028 18
79029 191
79030 173
79031 191
79032 199
79033 173
79034 176
79035 129
79036 173
79037 191
79038 176
79039 199
79040 188
79041 131
79042 173
79043 29
79044 206
79045 206
79046 35
79047 165
79048 177
79049 165
79050 177
79051 90
79052 370
79053 90
79054 25
79055 61
79056 25
79057 25
79058 61
79059 25
79060 97
79061 61
79062 97
79063 370
79064 370
79065 35
79066 90
79067 140
79068 61
79069 73
79070 60
79071 73
79072 60
79073 369
79074 369
79075 376
79076 376
79077 73
79078 312
79079 312
79080 316
79081 308
79082 312
79083 312
79084 312
79085 312
79086 312
79087 312
79088 312
79089 312
79090 312
79091 312
79092 312
79093 316
79094 308
79095 308
79096 312
79097 312
79098 312
79099 312
79100 328
79101 328
79102 196
79103 196
79104 198
79105 196
79106 261
79107 218
79108 342
79109 312
79110 312
79111 312
79112 261
79113 263
79114 261
79115 312
79116 263
79117 263
79118 218
79119 280
79120 343
79121 218
79122 280
79123 218
79124 294
79125 218
79126 342
79127 342
79128 382
79129 382
79130 208
79131 127
79132 127
79133 153
79134 158
79135 151
79136 153
79137 151
79138 153
79139 158
79140 125
79141 151
79142 158
79143 125
79144 158
79145 158
79146 151
79147 115
79148 161
79149 116
79150 161
79151 153
79152 153
79153 115
79154 116
79155 116
79156 111
79157 115
79158 153
79159 151
79160 33
79161 33
79162 33
79163 420
79164 420
79165 33
79166 33
79167 33
79168 92
79169 84
79170 84
79171 85
79172 84
79173 85
79174 84
79175 84
79176 369
79177 85
79178 360
79179 369
79180 337
79181 369
79182 84
79183 85
79184 84
79185 84
79186 83
79187 84
79188 369
79189 369
79190 360
79191 132
79192 196
79193 196
79194 132
79195 132
79196 139
79197 132
79198 113
79199 6
79200 109
79201 2
79202 139
79203 132
79204 6
79205 111
79206 111
79207 113
79208 113
79209 6
79210 139
79211 132
79212 139
79213 132
79214 132
79215 132
79216 6
79217 132
79218 196
79219 139
79220 132
79221 113
79222 111
79223 139
79224 132
79225 113
79226 111
79227 111
79228 132
79229 139
79230 132
79231 132
79232 180
79233 180
79234 166
79235 180
79236 166
79237 25
79238 245
79239 1
79240 117
79241 117
79242 180
79243 25
79244 86
79245 1
79246 180
79247 4
79248 86
79249 166
79250 166
79251 166
79252 186
79253 186
79254 186
79255 175
79256 175
79257 272
79258 274
79259 274
79260 272
79261 272
79262 282
79263 27
79264 33
79265 121
79266 33
79267 121
79268 28
79269 31
79270 31
79271 121
79272 272
79273 27
79274 428
79275 428
79276 428
79277 250
79278 250
79279 250
79280 243
79281 243
79282 251
79283 241
79284 218
79285 422
79286 218
79287 422
79288 255
79289 255
79290 255
79291 255
79292 262
79293 255
79294 262
79295 262
79296 255
79297 255
79298 185
79299 185
79300 185
79301 185
79302 145
79303 145
79304 138
79305 138
79306 145
79307 164
79308 164
79309 172
79310 117
79311 137
79312 118
79313 151
79314 187
79315 151
79316 136
79317 187
79318 143
79319 117
79320 136
79321 187
79322 143
79323 152
79324 152
79325 114
79326 185
79327 173
79328 137
79329 152
79330 172
79331 118
79332 172
79333 143
79334 185
79335 173
79336 114
79337 114
79338 18
79339 18
79340 18
79341 143
79342 18
79343 13
79344 96
79345 18
79346 13
79347 95
79348 95
79349 95
79350 13
79351 143
79352 163
79353 143
79354 163
79355 33
79356 33
79357 33
79358 181
79359 119
79360 115
79361 115
79362 181
79363 115
79364 181
79365 166
79366 119
79367 115
79368 384
79369 383
79370 383
79371 255
79372 255
79373 255
79374 0
79375 224
79376 48
79377 0
79378 55
79379 224
79380 55
79381 65
79382 65
79383 55
79384 55
79385 48
79386 217
79387 48
79388 427
79389 427
79390 427
79391 385
79392 426
79393 427
79394 394
79395 230
79396 385
79397 394
79398 232
79399 394
79400 232
79401 230
79402 342
79403 365
79404 365
79405 427
79406 427
79407 340
79408 340
79409 427
79410 365
79411 342
79412 343
79413 343
79414 427
79415 375
79416 375
79417 343
79418 376
79419 376
79420 9
79421 400
79422 382
79423 394
79424 407
79425 394
79426 382
79427 76
79428 76
79429 421
79430 76
79431 76
79432 421
79433 421
79434 421
79435 421
79436 0
79437 185
79438 54
79439 0
79440 185
79441 76
79442 167
79443 167
79444 183
79445 167
79446 166
79447 166
79448 167
79449 166
79450 167
79451 167
79452 166
79453 166
79454 178
79455 178
79456 178
79457 167
79458 178
79459 167
79460 183
79461 166
79462 167
79463 166
79464 167
79465 399
79466 209
79467 209
79468 207
79469 207
79470 209
79471 18
79472 18
79473 18
79474 42
79475 42
79476 42
79477 18
79478 69
79479 18
79480 18
79481 235
79482 82
79483 69
79484 71
79485 235
79486 58
79487 71
79488 18
79489 82
79490 95
79491 235
79492 237
79493 237
79494 18
79495 82
79496 237
79497 18
79498 18
79499 284
79500 316
79501 308
79502 284
79503 284
79504 284
79505 18
79506 42
79507 42
79508 308
79509 42
79510 308
79511 308
79512 308
79513 316
79514 42
79515 47
79516 47
79517 30
79518 30
79519 264
79520 264
79521 264
79522 18
79523 237
79524 18
79525 18
79526 237
79527 5
79528 407
79529 97
79530 97
79531 0
79532 5
79533 12
79534 5
79535 12
79536 407
79537 97
79538 29
79539 46
79540 29
79541 46
79542 46
79543 29
79544 101
79545 101
79546 101
79547 96
79548 96
79549 96
79550 101
79551 101
79552 185
79553 185
79554 185
79555 86
79556 86
79557 193
79558 190
79559 190
79560 190
79561 190
79562 190
79563 223
79564 238
79565 223
79566 78
79567 57
79568 301
79569 301
79570 54
79571 301
79572 57
79573 314
79574 302
79575 218
79576 314
79577 54
79578 223
79579 218
79580 231
79581 301
79582 232
79583 301
79584 232
79585 298
79586 386
79587 238
79588 386
79589 231
79590 52
79591 232
79592 301
79593 238
79594 386
79595 301
79596 235
79597 216
79598 235
79599 276
79600 288
79601 276
79602 196
79603 223
79604 223
79605 196
79606 216
79607 288
79608 288
79609 57
79610 57
79611 86
79612 98
79613 98
79614 274
79615 199
79616 199
79617 274
79618 293
79619 274
79620 293
79621 199
79622 199
79623 132
79624 199
79625 123
79626 132
79627 123
79628 132
79629 132
79630 83
79631 83
79632 83
79633 45
79634 45
79635 45
79636 45
79637 45
79638 45
79639 319
79640 318
79641 60
79642 239
79643 223
79644 252
79645 252
79646 239
79647 239
79648 239
79649 280
79650 396
79651 239
79652 299
79653 252
79654 220
79655 374
79656 223
79657 280
79658 252
79659 220
79660 280
79661 309
79662 280
79663 220
79664 252
79665 319
79666 374
79667 396
79668 309
79669 299
79670 318
79671 245
79672 245
79673 318
79674 318
79675 291
79676 225
79677 245
79678 229
79679 226
79680 291
79681 61
79682 60
79683 61
79684 61
79685 64
79686 64
79687 48
79688 423
79689 423
79690 423
79691 423
79692 423
79693 423
79694 423
79695 423
79696 423
79697 423
79698 422
79699 351
79700 351
79701 422
79702 422
79703 352
79704 352
79705 361
79706 351
79707 427
79708 427
79709 427
79710 427
79711 427
79712 422
79713 422
79714 388
79715 308
79716 256
79717 254
79718 254
79719 308
79720 254
79721 308
79722 256
79723 308
79724 283
79725 283
79726 26
79727 48
79728 305
79729 260
79730 257
79731 237
79732 237
79733 257
79734 260
79735 260
79736 304
79737 48
79738 237
79739 237
79740 237
79741 237
79742 191
79743 191
79744 191
79745 195
79746 191
79747 191
79748 175
79749 175
79750 191
79751 191
79752 191
79753 191
79754 191
79755 191
79756 191
79757 191
79758 191
79759 191
79760 191
79761 191
79762 25
79763 25
79764 363
79765 363
79766 405
79767 427
79768 427
79769 25
79770 357
79771 427
79772 363
79773 393
79774 393
79775 351
79776 405
79777 25
79778 351
79779 134
79780 134
79781 164
79782 245
79783 245
79784 245
79785 123
79786 134
79787 134
79788 134
79789 123
79790 130
79791 130
79792 192
79793 119
79794 21
79795 164
79796 119
79797 164
79798 119
79799 166
79800 192
79801 192
79802 166
79803 119
79804 164
79805 255
79806 255
79807 245
79808 245
79809 221
79810 68
79811 68
79812 264
79813 245
79814 264
79815 249
79816 221
79817 331
79818 246
79819 246
79820 246
79821 245
79822 335
79823 331
79824 245
79825 109
79826 161
79827 161
79828 109
79829 155
79830 159
79831 159
79832 159
79833 170
79834 161
79835 155
79836 170
79837 155
79838 170
79839 161
79840 170
79841 170
79842 159
79843 159
79844 161
79845 48
79846 48
79847 359
79848 48
79849 48
79850 48
79851 195
79852 236
79853 190
79854 191
79855 190
79856 190
79857 190
79858 187
79859 187
79860 185
79861 123
79862 185
79863 190
79864 190
79865 123
79866 361
79867 191
79868 361
79869 193
79870 193
79871 193
79872 190
79873 190
79874 190
79875 190
79876 192
79877 196
79878 104
79879 104
79880 6
79881 11
79882 89
79883 192
79884 180
79885 192
79886 180
79887 196
79888 196
79889 196
79890 104
79891 298
79892 298
79893 196
79894 196
79895 208
79896 208
79897 89
79898 6
79899 20
79900 6
79901 89
79902 89
79903 84
79904 38
79905 63
79906 45
79907 11
79908 38
79909 11
79910 45
79911 63
79912 89
79913 89
79914 430
79915 430
79916 430
79917 430
79918 430
79919 430
79920 405
79921 405
79922 405
79923 405
79924 430
79925 430
79926 423
79927 430
79928 345
79929 355
79930 355
79931 355
79932 355
79933 355
79934 355
79935 229
79936 229
79937 373
79938 229
79939 229
79940 373
79941 426
79942 101
79943 101
79944 101
79945 426
79946 101
79947 95
79948 95
79949 426
79950 101
79951 101
79952 91
79953 101
79954 91
79955 213
79956 101
79957 91
79958 101
79959 213
79960 308
79961 308
79962 313
79963 308
79964 308
79965 308
79966 414
79967 327
79968 327
79969 299
79970 299
79971 326
79972 399
79973 330
79974 327
79975 327
79976 327
79977 335
79978 327
79979 327
79980 327
79981 335
79982 327
79983 327
79984 282
79985 326
79986 399
79987 122
79988 122
79989 129
79990 130
79991 130
79992 130
79993 123
79994 122
79995 123
79996 122
79997 122
79998 122
79999 129
80000 131
80001 131
80002 129
80003 117
80004 108
80005 207
80006 117
80007 130
80008 130
80009 191
80010 108
80011 117
80012 207
80013 108
80014 191
80015 130
80016 130
80017 130
80018 130
80019 198
80020 198
80021 422
80022 422
80023 198
80024 23
80025 23
80026 23
80027 48
80028 23
80029 23
80030 23
80031 321
80032 322
80033 321
80034 297
80035 297
80036 322
80037 346
80038 346
80039 417
80040 417
80041 417
80042 417
80043 417
80044 371
80045 365
80046 371
80047 351
80048 351
80049 371
80050 351
80051 351
80052 365
80053 365
80054 365
80055 197
80056 422
80057 422
80058 422
80059 422
80060 422
80061 377
80062 422
80063 377
80064 369
80065 422
80066 422
80067 264
80068 264
80069 264
80070 264
80071 264
80072 303
80073 305
80074 264
80075 35
80076 35
80077 273
80078 273
80079 273
80080 275
80081 275
80082 247
80083 6
80084 247
80085 35
80086 65
80087 65
80088 6
80089 65
80090 6
80091 6
80092 236
80093 252
80094 253
80095 252
80096 341
80097 219
80098 252
80099 227
80100 253
80101 236
80102 236
80103 227
80104 260
80105 218
80106 252
80107 236
80108 236
80109 260
80110 247
80111 252
80112 236
80113 252
80114 227
80115 31
80116 35
80117 37
80118 34
80119 93
80120 31
80121 93
80122 8
80123 8
80124 291
80125 106
80126 198
80127 199
80128 291
80129 254
80130 254
80131 106
80132 106
80133 106
80134 281
80135 281
80136 281
80137 281
80138 281
80139 281
80140 296
80141 296
80142 24
80143 246
80144 316
80145 246
80146 246
80147 321
80148 281
80149 262
80150 316
80151 235
80152 346
80153 262
80154 262
80155 45
80156 245
80157 233
80158 3
80159 257
80160 237
80161 245
80162 2
80163 281
80164 45
80165 346
80166 317
80167 262
80168 237
80169 257
80170 281
80171 233
80172 350
80173 316
80174 14
80175 14
80176 317
80177 350
80178 237
80179 350
80180 281
80181 305
80182 257
80183 257
80184 237
80185 305
80186 45
80187 281
80188 350
80189 305
80190 245
80191 2
80192 358
80193 226
80194 246
80195 222
80196 358
80197 226
80198 222
80199 245
80200 262
80201 245
80202 257
80203 237
80204 245
80205 262
80206 257
80207 307
80208 257
80209 350
80210 350
80211 305
80212 305
80213 257
80214 305
80215 237
80216 350
80217 305
80218 305
80219 321
80220 41
80221 237
80222 237
80223 237
80224 237
80225 41
80226 307
80227 311
80228 244
80229 391
80230 249
80231 304
80232 304
80233 237
80234 244
80235 237
80236 311
80237 307
80238 249
80239 237
80240 244
80241 371
80242 371
80243 378
80244 403
80245 403
80246 403
80247 274
80248 274
80249 274
80250 274
80251 274
80252 274
80253 161
80254 156
80255 160
80256 161
80257 156
80258 144
80259 156
80260 144
80261 299
80262 299
80263 299
80264 299
80265 299
80266 299
80267 299
80268 299
80269 309
80270 309
80271 378
80272 309
80273 309
80274 309
80275 328
80276 384
80277 266
80278 276
80279 302
80280 276
80281 276
80282 392
80283 276
80284 328
80285 392
80286 398
80287 309
80288 328
80289 430
80290 430
80291 378
80292 241
80293 286
80294 240
80295 218
80296 240
80297 241
80298 286
80299 304
80300 304
80301 291
80302 240
80303 235
80304 240
80305 235
80306 235
80307 259
80308 45
80309 250
80310 45
80311 304
80312 235
80313 250
80314 250
80315 240
80316 240
80317 259
80318 304
80319 291
80320 45
80321 259
80322 304
80323 291
80324 304
80325 235
80326 235
80327 250
80328 45
80329 240
80330 235
80331 304
80332 45
80333 291
80334 259
80335 252
80336 252
80337 218
80338 231
80339 379
80340 219
80341 379
80342 219
80343 304
80344 304
80345 240
80346 240
80347 235
80348 240
80349 235
80350 235
80351 45
80352 304
80353 45
80354 304
80355 235
80356 250
80357 240
80358 240
80359 259
80360 304
80361 304
80362 259
80363 304
80364 272
80365 304
80366 235
80367 272
80368 250
80369 45
80370 235
80371 304
80372 45
80373 272
80374 259
80375 404
80376 404
80377 404
80378 398
80379 393
80380 394
80381 389
80382 413
80383 393
80384 392
80385 394
80386 393
80387 413
80388 392
80389 398
80390 394
80391 417
80392 404
80393 389
80394 404
80395 404
80396 393
80397 394
80398 398
80399 398
80400 389
80401 393
80402 142
80403 142
80404 142
80405 143
80406 75
80407 124
80408 280
80409 73
80410 124
80411 196
80412 180
80413 273
80414 273
80415 117
80416 151
80417 151
80418 117
80419 117
80420 117
80421 159
80422 159
80423 159
80424 73
80425 73
80426 151
80427 121
80428 151
80429 121
80430 124
80431 121
80432 124
80433 121
80434 197
80435 196
80436 203
80437 197
80438 182
80439 180
80440 358
80441 44
80442 308
80443 358
80444 44
80445 346
80446 358
80447 80
80448 80
80449 346
80450 358
80451 44
80452 340
80453 340
80454 340
80455 340
80456 340
80457 340
80458 380
80459 340
80460 380
80461 338
80462 338
80463 327
80464 327
80465 340
80466 340
80467 340
80468 340
80469 340
80470 340
80471 294
80472 340
80473 340
80474 294
80475 340
80476 168
80477 168
80478 168
80479 174
80480 167
80481 112
80482 112
80483 168
80484 112
80485 112
80486 168
80487 112
80488 6
80489 194
80490 9
80491 4
80492 188
80493 178
80494 123
80495 195
80496 174
80497 131
80498 178
80499 97
80500 195
80501 195
80502 123
80503 6
80504 6
80505 192
80506 4
80507 313
80508 386
80509 203
80510 311
80511 167
80512 49
80513 104
80514 35
80515 49
80516 386
80517 2
80518 311
80519 203
80520 11
80521 49
80522 313
80523 185
80524 2
80525 185
80526 104
80527 386
80528 311
80529 104
80530 35
80531 11
80532 203
80533 427
80534 337
80535 427
80536 337
80537 427
80538 427
80539 427
80540 427
80541 393
80542 393
80543 393
80544 393
80545 182
80546 180
80547 182
80548 179
80549 182
80550 179
80551 179
80552 185
80553 185
80554 182
80555 179
80556 182
80557 185
80558 182
80559 185
80560 182
80561 182
80562 183
80563 182
80564 183
80565 183
80566 182
80567 181
80568 179
80569 182
80570 179
80571 185
80572 185
80573 182
80574 179
80575 182
80576 182
80577 185
80578 346
80579 346
80580 84
80581 346
80582 95
80583 346
80584 346
80585 84
80586 252
80587 258
80588 252
80589 252
80590 252
80591 236
80592 252
80593 66
80594 258
80595 56
80596 252
80597 252
80598 252
80599 252
80600 252
80601 252
80602 252
80603 252
80604 252
80605 305
80606 305
80607 258
80608 305
80609 294
80610 266
80611 305
80612 294
80613 305
80614 252
80615 252
80616 252
80617 309
80618 309
80619 252
80620 252
80621 252
80622 310
80623 236
80624 306
80625 236
80626 236
80627 227
80628 307
80629 307
80630 236
80631 308
80632 252
80633 308
80634 306
80635 252
80636 236
80637 252
80638 227
80639 252
80640 252
80641 254
80642 252
80643 254
80644 254
80645 254
80646 219
80647 230
80648 383
80649 241
80650 230
80651 279
80652 305
80653 279
80654 305
80655 241
80656 252
80657 252
80658 252
80659 252
80660 252
80661 252
80662 252
80663 252
80664 252
80665 86
80666 66
80667 99
80668 85
80669 85
80670 86
80671 56
80672 56
80673 130
80674 130
80675 130
80676 130
80677 125
80678 130
80679 125
80680 130
80681 125
80682 125
80683 125
80684 130
80685 125
80686 416
80687 270
80688 270
80689 270
80690 283
80691 283
80692 283
80693 137
80694 137
80695 137
80696 137
80697 138
80698 316
80699 260
80700 316
80701 260
80702 264
80703 260
80704 264
80705 260
80706 50
80707 134
80708 208
80709 83
80710 83
80711 208
80712 208
80713 134
80714 165
80715 165
80716 165
80717 165
80718 195
80719 195
80720 170
80721 195
80722 166
80723 185
80724 167
80725 178
80726 114
80727 166
80728 185
80729 124
80730 179
80731 124
80732 127
80733 124
80734 179
80735 134
80736 166
80737 195
80738 170
80739 166
80740 185
80741 170
80742 114
80743 195
80744 134
80745 134
80746 179
80747 178
80748 114
80749 14
80750 357
80751 283
80752 280
80753 357
80754 52
80755 14
80756 52
80757 52
80758 14
80759 235
80760 363
80761 306
80762 363
80763 363
80764 276
80765 357
80766 276
80767 306
80768 354
80769 357
80770 246
80771 255
80772 255
80773 307
80774 354
80775 411
80776 246
80777 357
80778 411
80779 411
80780 246
80781 276
80782 286
80783 284
80784 284
80785 220
80786 263
80787 285
80788 285
80789 263
80790 284
80791 263
80792 220
80793 220
80794 298
80795 298
80796 256
80797 256
80798 240
80799 360
80800 333
80801 252
80802 333
80803 232
80804 333
80805 358
80806 298
80807 252
80808 360
80809 232
80810 267
80811 240
80812 298
80813 358
80814 232
80815 232
80816 298
80817 218
80818 336
80819 218
80820 298
80821 276
80822 281
80823 276
80824 276
80825 276
80826 276
80827 281
80828 341
80829 341
80830 276
80831 399
80832 392
80833 399
80834 310
80835 310
80836 310
80837 334
80838 284
80839 335
80840 284
80841 310
80842 284
80843 334
80844 287
80845 310
80846 334
80847 243
80848 282
80849 243
80850 243
80851 282
80852 243
80853 252
80854 252
80855 282
80856 257
80857 243
80858 257
80859 244
80860 340
80861 257
80862 243
80863 340
80864 281
80865 281
80866 282
80867 281
80868 244
80869 340
80870 282
80871 282
80872 282
80873 378
80874 378
80875 411
80876 378
80877 402
80878 394
80879 394
80880 394
80881 409
80882 409
80883 409
80884 162
80885 394
80886 162
80887 394
80888 394
80889 183
80890 183
80891 183
80892 183
80893 166
80894 195
80895 166
80896 183
80897 183
80898 183
80899 429
80900 429
80901 429
80902 429
80903 429
80904 428
80905 386
80906 386
80907 428
80908 428
80909 386
80910 386
80911 358
80912 386
80913 358
80914 399
80915 399
80916 399
80917 399
80918 399
80919 403
80920 403
80921 401
80922 401
80923 403
80924 399
80925 399
80926 399
80927 399
80928 102
80929 102
80930 102
80931 375
80932 102
80933 239
80934 375
80935 239
80936 102
80937 102
80938 122
80939 122
80940 124
80941 202
80942 113
80943 141
80944 202
80945 185
80946 127
80947 142
80948 127
80949 142
80950 141
80951 113
80952 185
80953 113
80954 127
80955 185
80956 142
80957 122
80958 136
80959 122
80960 118
80961 118
80962 118
80963 122
80964 136
80965 124
80966 90
80967 111
80968 113
80969 90
80970 90
80971 152
80972 152
80973 139
80974 152
80975 109
80976 152
80977 111
80978 152
80979 160
80980 152
80981 111
80982 139
80983 152
80984 117
80985 117
80986 102
80987 104
80988 104
80989 104
80990 102
80991 189
80992 189
80993 33
80994 33
80995 34
80996 33
80997 33
80998 104
80999 33
81000 343
81001 343
81002 104
81003 133
81004 133
81005 133
81006 132
81007 126
81008 126
81009 148
81010 144
81011 137
81012 137
81013 144
81014 133
81015 112
81016 256
81017 132
81018 112
81019 256
81020 132
81021 9
81022 115
81023 132
81024 256
81025 166
81026 168
81027 194
81028 194
81029 194
81030 166
81031 35
81032 166
81033 35
81034 178
81035 128
81036 116
81037 128
81038 128
81039 168
81040 178
81041 116
81042 116
81043 168
81044 194
81045 194
81046 377
81047 377
81048 277
81049 420
81050 377
81051 225
81052 225
81053 277
81054 225
81055 385
81056 368
81057 272
81058 385
81059 272
81060 385
81061 256
81062 247
81063 253
81064 217
81065 217
81066 393
81067 256
81068 218
81069 199
81070 393
81071 218
81072 216
81073 199
81074 256
81075 292
81076 246
81077 247
81078 292
81079 253
81080 253
81081 120
81082 120
81083 120
81084 120
81085 120
81086 120
81087 117
81088 117
81089 51
81090 151
81091 238
81092 117
81093 238
81094 237
81095 151
81096 238
81097 114
81098 117
81099 175
81100 117
81101 175
81102 175
81103 114
81104 117
81105 430
81106 430
81107 430
81108 430
81109 162
81110 173
81111 173
81112 162
81113 162
81114 182
81115 182
81116 162
81117 163
81118 173
81119 162
81120 162
81121 286
81122 281
81123 286
81124 340
81125 340
81126 286
81127 278
81128 281
81129 286
81130 338
81131 338
81132 340
81133 340
81134 324
81135 324
81136 286
81137 224
81138 224
81139 286
81140 224
81141 394
81142 394
81143 393
81144 278
81145 277
81146 277
81147 281
81148 197
81149 196
81150 200
81151 196
81152 199
81153 200
81154 200
81155 200
81156 196
81157 197
81158 199
81159 200
81160 197
81161 70
81162 291
81163 236
81164 291
81165 250
81166 236
81167 53
81168 70
81169 291
81170 291
81171 291
81172 233
81173 10
81174 233
81175 282
81176 10
81177 10
81178 291
81179 282
81180 233
81181 230
81182 245
81183 376
81184 376
81185 245
81186 245
81187 250
81188 376
81189 256
81190 246
81191 246
81192 236
81193 53
81194 401
81195 401
81196 330
81197 330
81198 401
81199 330
81200 380
81201 380
81202 380
81203 88
81204 88
81205 78
81206 88
81207 78
81208 88
81209 78
81210 88
81211 78
81212 88
81213 355
81214 419
81215 355
81216 355
81217 355
81218 419
81219 355
81220 355
81221 249
81222 404
81223 360
81224 404
81225 249
81226 404
81227 379
81228 404
81229 360
81230 379
81231 404
81232 404
81233 249
81234 249
81235 249
81236 249
81237 176
81238 176
81239 200
81240 360
81241 351
81242 245
81243 200
81244 351
81245 245
81246 351
81247 245
81248 249
81249 249
81250 249
81251 249
81252 407
81253 379
81254 407
81255 404
81256 360
81257 379
81258 379
81259 104
81260 104
81261 104
81262 217
81263 217
81264 221
81265 217
81266 221
81267 11
81268 11
81269 11
81270 368
81271 371
81272 368
81273 310
81274 371
81275 371
81276 310
81277 230
81278 228
81279 229
81280 302
81281 302
81282 228
81283 250
81284 228
81285 261
81286 261
81287 250
81288 229
81289 349
81290 349
81291 349
81292 349
81293 349
81294 349
81295 349
81296 349
81297 349
81298 349
81299 224
81300 105
81301 105
81302 430
81303 430
81304 24
81305 24
81306 388
81307 389
81308 388
81309 347
81310 388
81311 388
81312 347
81313 372
81314 372
81315 372
81316 151
81317 186
81318 151
81319 186
81320 186
81321 119
81322 119
81323 172
81324 172
81325 172
81326 135
81327 119
81328 119
81329 172
81330 175
81331 172
81332 92
81333 92
81334 411
81335 411
81336 411
81337 411
81338 414
81339 414
81340 411
81341 414
81342 414
81343 81
81344 93
81345 93
81346 81
81347 419
81348 337
81349 337
81350 93
81351 337
81352 88
81353 197
81354 196
81355 196
81356 183
81357 268
81358 218
81359 219
81360 197
81361 52
81362 197
81363 219
81364 49
81365 268
81366 52
81367 183
81368 198
81369 52
81370 218
81371 45
81372 45
81373 45
81374 45
81375 119
81376 119
81377 119
81378 168
81379 111
81380 119
81381 168
81382 168
81383 109
81384 118
81385 109
81386 150
81387 37
81388 109
81389 150
81390 140
81391 37
81392 37
81393 190
81394 148
81395 14
81396 109
81397 109
81398 109
81399 109
81400 109
81401 190
81402 119
81403 148
81404 150
81405 137
81406 137
81407 148
81408 23
81409 23
81410 23
81411 23
81412 23
81413 23
81414 322
81415 23
81416 272
81417 322
81418 272
81419 368
81420 23
81421 53
81422 25
81423 25
81424 53
81425 25
81426 23
81427 23
81428 72
81429 274
81430 219
81431 274
81432 282
81433 219
81434 125
81435 227
81436 143
81437 143
81438 125
81439 156
81440 125
81441 125
81442 108
81443 156
81444 156
81445 29
81446 216
81447 198
81448 227
81449 30
81450 200
81451 198
81452 200
81453 32
81454 216
81455 311
81456 227
81457 311
81458 29
81459 200
81460 32
81461 52
81462 32
81463 197
81464 137
81465 137
81466 143
81467 143
81468 143
81469 407
81470 310
81471 407
81472 407
81473 407
81474 407
81475 295
81476 407
81477 295
81478 407
81479 310
81480 407
81481 407
81482 407
81483 407
81484 410
81485 410
81486 410
81487 409
81488 418
81489 409
81490 212
81491 212
81492 212
81493 212
81494 212
81495 212
81496 212
81497 212
81498 212
81499 212
81500 212
81501 212
81502 212
81503 212
81504 212
81505 212
81506 212
81507 212
81508 212
81509 147
81510 147
81511 160
81512 147
81513 160
81514 160
81515 144
81516 144
81517 147
81518 139
81519 139
81520 139
81521 281
81522 281
81523 140
81524 139
81525 140
81526 140
81527 140
81528 140
81529 140
81530 139
81531 140
81532 140
81533 140
81534 140
81535 139
81536 69
81537 68
81538 19
81539 19
81540 19
81541 308
81542 19
81543 309
81544 29
81545 20
81546 29
81547 19
81548 308
81549 20
81550 309
81551 325
81552 331
81553 325
81554 325
81555 102
81556 325
81557 220
81558 220
81559 328
81560 52
81561 257
81562 220
81563 51
81564 220
81565 325
81566 257
81567 356
81568 220
81569 51
81570 81
81571 88
81572 88
81573 95
81574 88
81575 191
81576 96
81577 96
81578 88
81579 88
81580 74
81581 95
81582 95
81583 95
81584 12
81585 27
81586 27
81587 27
81588 12
81589 153
81590 153
81591 155
81592 155
81593 153
81594 155
81595 153
81596 155
81597 112
81598 108
81599 112
81600 155
81601 155
81602 155
81603 153
81604 155
81605 155
81606 155
81607 155
81608 155
81609 155
81610 153
81611 153
81612 155
81613 155
81614 78
81615 78
81616 104
81617 78
81618 78
81619 398
81620 373
81621 317
81622 373
81623 317
81624 361
81625 373
81626 317
81627 398
81628 398
81629 361
81630 30
81631 337
81632 105
81633 220
81634 105
81635 30
81636 220
81637 30
81638 249
81639 30
81640 30
81641 340
81642 249
81643 249
81644 37
81645 37
81646 279
81647 364
81648 388
81649 364
81650 279
81651 280
81652 279
81653 280
81654 279
81655 280
81656 364
81657 364
81658 90
81659 174
81660 364
81661 279
81662 257
81663 257
81664 266
81665 257
81666 53
81667 257
81668 266
81669 266
81670 257
81671 101
81672 257
81673 257
81674 257
81675 101
81676 257
81677 101
81678 257
81679 257
81680 266
81681 266
81682 306
81683 225
81684 257
81685 53
81686 257
81687 257
81688 257
81689 257
81690 100
81691 257
81692 100
81693 257
81694 64
81695 64
81696 64
81697 64
81698 421
81699 421
81700 421
81701 421
81702 416
81703 416
81704 416
81705 421
81706 416
81707 416
81708 426
81709 426
81710 429
81711 426
81712 429
81713 325
81714 325
81715 352
81716 352
81717 342
81718 325
81719 352
81720 342
81721 325
81722 342
81723 325
81724 325
81725 325
81726 352
81727 325
81728 325
81729 349
81730 326
81731 342
81732 326
81733 290
81734 349
81735 326
81736 290
81737 326
81738 326
81739 326
81740 349
81741 349
81742 342
81743 349
81744 325
81745 333
81746 325
81747 325
81748 333
81749 325
81750 333
81751 349
81752 326
81753 342
81754 302
81755 326
81756 302
81757 349
81758 349
81759 326
81760 326
81761 326
81762 326
81763 349
81764 342
81765 342
81766 349
81767 325
81768 328
81769 325
81770 325
81771 342
81772 342
81773 342
81774 342
81775 342
81776 325
81777 325
81778 325
81779 325
81780 325
81781 325
81782 352
81783 352
81784 409
81785 409
81786 409
81787 409
81788 409
81789 409
81790 409
81791 409
81792 409
81793 409
81794 409
81795 409
81796 207
81797 255
81798 204
81799 255
81800 207
81801 185
81802 185
81803 185
81804 180
81805 61
81806 204
81807 204
81808 180
81809 182
81810 185
81811 182
81812 180
81813 204
81814 255
81815 49
81816 255
81817 49
81818 328
81819 328
81820 328
81821 328
81822 328
81823 411
81824 411
81825 282
81826 412
81827 412
81828 413
81829 240
81830 411
81831 411
81832 411
81833 411
81834 282
81835 282
81836 282
81837 327
81838 412
81839 282
81840 327
81841 327
81842 350
81843 350
81844 313
81845 350
81846 350
81847 350
81848 350
81849 350
81850 350
81851 350
81852 313
81853 313
81854 317
81855 313
81856 350
81857 264
81858 268
81859 348
81860 264
81861 268
81862 268
81863 268
81864 350
81865 314
81866 314
81867 7
81868 7
81869 7
81870 9
81871 171
81872 7
81873 174
81874 171
81875 9
81876 174
81877 9
81878 9
81879 7
81880 25
81881 377
81882 377
81883 376
81884 7
81885 14
81886 376
81887 14
81888 15
81889 377
81890 9
81891 7
81892 9
81893 9
81894 226
81895 226
81896 226
81897 226
81898 226
81899 262
81900 262
81901 265
81902 265
81903 277
81904 327
81905 271
81906 327
81907 277
81908 277
81909 277
81910 324
81911 327
81912 327
81913 324
81914 327
81915 327
81916 277
81917 271
81918 271
81919 271
81920 271
81921 271
81922 327
81923 327
81924 277
81925 312
81926 312
81927 312
81928 278
81929 322
81930 312
81931 313
81932 202
81933 202
81934 202
81935 202
81936 262
81937 368
81938 262
81939 368
81940 368
81941 256
81942 256
81943 256
81944 256
81945 256
81946 256
81947 256
81948 186
81949 181
81950 345
81951 345
81952 350
81953 157
81954 393
81955 231
81956 157
81957 392
81958 392
81959 235
81960 231
81961 186
81962 392
81963 181
81964 405
81965 405
81966 405
81967 405
81968 405
81969 405
81970 405
81971 405
81972 219
81973 62
81974 241
81975 62
81976 219
81977 219
81978 62
81979 210
81980 238
81981 241
81982 238
81983 241
81984 62
81985 258
81986 331
81987 251
81988 331
81989 258
81990 331
81991 338
81992 97
81993 331
81994 340
81995 331
81996 331
81997 331
81998 287
81999 261
82000 287
82001 277
82002 262
82003 277
82004 277
82005 277
82006 277
82007 287
82008 262
82009 261
82010 277
82011 239
82012 258
82013 261
82014 331
82015 251
82016 258
82017 287
82018 261
82019 331
82020 261
82021 380
82022 331
82023 277
82024 397
82025 277
82026 277
82027 287
82028 277
82029 261
82030 277
82031 277
82032 397
82033 261
82034 345
82035 237
82036 359
82037 218
82038 237
82039 355
82040 218
82041 338
82042 355
82043 345
82044 97
82045 331
82046 331
82047 331
82048 331
82049 331
82050 331
82051 373
82052 373
82053 373
82054 340
82055 331
82056 233
82057 270
82058 233
82059 330
82060 416
82061 416
82062 417
82063 346
82064 330
82065 330
82066 351
82067 416
82068 268
82069 351
82070 416
82071 268
82072 417
82073 339
82074 364
82075 363
82076 346
82077 363
82078 339
82079 346
82080 364
82081 144
82082 216
82083 216
82084 216
82085 217
82086 369
82087 277
82088 369
82089 369
82090 346
82091 369
82092 346
82093 329
82094 329
82095 277
82096 328
82097 328
82098 216
82099 369
82100 277
82101 283
82102 227
82103 227
82104 282
82105 282
82106 251
82107 277
82108 251
82109 216
82110 251
82111 277
82112 403
82113 403
82114 403
82115 403
82116 403
82117 399
82118 403
82119 399
82120 399
82121 403
82122 403
82123 399
82124 399
82125 399
82126 402
82127 402
82128 399
82129 403
82130 403
82131 402
82132 399
82133 401
82134 402
82135 399
82136 399
82137 401
82138 399
82139 70
82140 276
82141 276
82142 276
82143 196
82144 196
82145 299
82146 196
82147 196
82148 196
82149 70
82150 301
82151 299
82152 286
82153 286
82154 183
82155 286
82156 286
82157 286
82158 183
82159 183
82160 394
82161 394
82162 96
82163 394
82164 394
82165 394
82166 394
82167 394
82168 394
82169 394
82170 394
82171 96
82172 96
82173 96
82174 96
82175 96
82176 394
82177 394
82178 281
82179 281
82180 281
82181 281
82182 268
82183 281
82184 314
82185 314
82186 281
82187 278
82188 280
82189 281
82190 281
82191 280
82192 281
82193 272
82194 272
82195 309
82196 424
82197 268
82198 309
82199 361
82200 268
82201 354
82202 354
82203 361
82204 298
82205 424
82206 407
82207 298
82208 354
82209 361
82210 424
82211 354
82212 407
82213 424
82214 268
82215 424
82216 407
82217 218
82218 218
82219 218
82220 218
82221 218
82222 218
82223 149
82224 125
82225 121
82226 125
82227 121
82228 151
82229 151
82230 149
82231 149
82232 126
82233 125
82234 125
82235 126
82236 126
82237 125
82238 116
82239 116
82240 125
82241 132
82242 132
82243 132
82244 121
82245 428
82246 429
82247 429
82248 428
82249 429
82250 289
82251 310
82252 310
82253 285
82254 285
82255 285
82256 335
82257 330
82258 335
82259 330
82260 289
82261 391
82262 289
82263 289
82264 326
82265 306
82266 310
82267 332
82268 332
82269 326
82270 306
82271 285
82272 285
82273 285
82274 285
82275 278
82276 278
82277 47
82278 47
82279 278
82280 278
82281 278
82282 56
82283 56
82284 47
82285 237
82286 141
82287 237
82288 112
82289 141
82290 112
82291 141
82292 112
82293 112
82294 237
82295 237
82296 365
82297 365
82298 350
82299 350
82300 365
82301 348
82302 391
82303 365
82304 390
82305 391
82306 391
82307 104
82308 245
82309 365
82310 390
82311 365
82312 365
82313 104
82314 390
82315 245
82316 391
82317 408
82318 415
82319 361
82320 415
82321 408
82322 236
82323 363
82324 236
82325 251
82326 15
82327 350
82328 15
82329 251
82330 350
82331 391
82332 365
82333 391
82334 104
82335 365
82336 389
82337 365
82338 104
82339 389
82340 365
82341 391
82342 91
82343 91
82344 161
82345 91
82346 160
82347 161
82348 157
82349 91
82350 161
82351 91
82352 170
82353 170
82354 157
82355 205
82356 161
82357 169
82358 205
82359 157
82360 157
82361 169
82362 157
82363 170
82364 170
82365 204
82366 403
82367 148
82368 204
82369 142
82370 403
82371 403
82372 142
82373 204
82374 403
82375 204
82376 204
82377 148
82378 114
82379 148
82380 114
82381 204
82382 33
82383 204
82384 204
82385 203
82386 142
82387 144
82388 203
82389 201
82390 142
82391 201
82392 144
82393 403
82394 387
82395 141
82396 142
82397 204
82398 16
82399 16
82400 16
82401 353
82402 353
82403 353
82404 35
82405 353
82406 353
82407 230
82408 353
82409 353
82410 353
82411 354
82412 353
82413 354
82414 230
82415 389
82416 389
82417 353
82418 356
82419 259
82420 353
82421 260
82422 260
82423 389
82424 353
82425 353
82426 356
82427 356
82428 245
82429 245
82430 245
82431 353
82432 366
82433 353
82434 366
82435 245
82436 245
82437 366
82438 245
82439 35
82440 36
82441 18
82442 18
82443 173
82444 35
82445 35
82446 18
82447 18
82448 36
82449 36
82450 173
82451 353
82452 354
82453 351
82454 353
82455 354
82456 353
82457 353
82458 349
82459 394
82460 394
82461 336
82462 336
82463 394
82464 394
82465 277
82466 394
82467 377
82468 351
82469 377
82470 377
82471 377
82472 399
82473 399
82474 399
82475 399
82476 399
82477 399
82478 352
82479 360
82480 236
82481 370
82482 227
82483 370
82484 354
82485 227
82486 352
82487 352
82488 361
82489 361
82490 360
82491 361
82492 424
82493 228
82494 242
82495 228
82496 236
82497 228
82498 188
82499 188
82500 186
82501 132
82502 186
82503 132
82504 205
82505 336
82506 187
82507 328
82508 336
82509 205
82510 206
82511 187
82512 206
82513 188
82514 187
82515 187
82516 188
82517 188
82518 186
82519 187
82520 133
82521 132
82522 133
82523 132
82524 133
82525 186
82526 194
82527 194
82528 194
82529 193
82530 194
82531 194
82532 208
82533 18
82534 18
82535 68
82536 68
82537 68
82538 334
82539 234
82540 237
82541 295
82542 295
82543 234
82544 47
82545 237
82546 237
82547 47
82548 223
82549 223
82550 237
82551 192
82552 192
82553 24
82554 24
82555 171
82556 192
82557 171
82558 171
82559 192
82560 389
82561 385
82562 389
82563 232
82564 385
82565 257
82566 390
82567 321
82568 257
82569 389
82570 321
82571 343
82572 390
82573 321
82574 343
82575 389
82576 390
82577 390
82578 343
82579 321
82580 260
82581 257
82582 146
82583 157
82584 146
82585 146
82586 157
82587 284
82588 284
82589 284
82590 339
82591 339
82592 339
82593 381
82594 339
82595 381
82596 339
82597 339
82598 339
82599 339
82600 339
82601 387
82602 387
82603 387
82604 387
82605 387
82606 387
82607 387
82608 387
82609 387
82610 387
82611 387
82612 387
82613 387
82614 387
82615 387
82616 387
82617 387
82618 387
82619 80
82620 75
82621 80
82622 75
82623 66
82624 66
82625 66
82626 66
82627 66
82628 66
82629 75
82630 304
82631 304
82632 300
82633 250
82634 305
82635 250
82636 304
82637 300
82638 300
82639 240
82640 305
82641 240
82642 240
82643 304
82644 305
82645 240
82646 240
82647 305
82648 240
82649 240
82650 250
82651 305
82652 250
82653 304
82654 305
82655 240
82656 240
82657 304
82658 305
82659 240
82660 240
82661 305
82662 240
82663 240
82664 326
82665 423
82666 423
82667 340
82668 423
82669 326
82670 423
82671 326
82672 423
82673 423
82674 423
82675 326
82676 326
82677 183
82678 344
82679 344
82680 340
82681 423
82682 423
82683 327
82684 326
82685 423
82686 361
82687 361
82688 337
82689 337
82690 117
82691 139
82692 117
82693 139
82694 117
82695 139
82696 117
82697 139
82698 361
82699 361
82700 361
82701 168
82702 174
82703 197
82704 197
82705 113
82706 200
82707 113
82708 113
82709 167
82710 128
82711 167
82712 125
82713 125
82714 128
82715 174
82716 174
82717 174
82718 197
82719 197
82720 197
82721 197
82722 197
82723 197
82724 197
82725 197
82726 197
82727 113
82728 112
82729 113
82730 112
82731 113
82732 112
82733 113
82734 200
82735 200
82736 200
82737 200
82738 200
82739 113
82740 113
82741 113
82742 113
82743 218
82744 218
82745 29
82746 218
82747 224
82748 224
82749 69
82750 257
82751 69
82752 218
82753 286
82754 218
82755 257
82756 69
82757 286
82758 29
82759 391
82760 52
82761 31
82762 391
82763 391
82764 391
82765 210
82766 391
82767 163
82768 140
82769 52
82770 52
82771 31
82772 31
82773 37
82774 173
82775 37
82776 35
82777 37
82778 35
82779 37
82780 385
82781 173
82782 37
82783 63
82784 63
82785 63
82786 384
82787 384
82788 384
82789 384
82790 390
82791 384
82792 384
82793 390
82794 384
82795 384
82796 167
82797 167
82798 167
82799 7
82800 7
82801 319
82802 273
82803 240
82804 7
82805 273
82806 319
82807 7
82808 319
82809 319
82810 240
82811 7
82812 7
82813 7
82814 159
82815 159
82816 140
82817 213
82818 136
82819 140
82820 213
82821 159
82822 159
82823 140
82824 136
82825 140
82826 140
82827 140
82828 140
82829 139
82830 139
82831 115
82832 139
82833 139
82834 193
82835 139
82836 140
82837 193
82838 140
82839 139
82840 139
82841 141
82842 139
82843 115
82844 115
82845 139
82846 140
82847 140
82848 139
82849 138
82850 126
82851 195
82852 17
82853 17
82854 137
82855 17
82856 138
82857 195
82858 33
82859 137
82860 33
82861 4
82862 4
82863 195
82864 230
82865 135
82866 230
82867 135
82868 135
82869 135
82870 135
82871 230
82872 135
82873 135
82874 126
82875 126
82876 126
82877 230
82878 230
82879 195
82880 135
82881 195
82882 230
82883 135
82884 210
82885 135
82886 135
82887 195
82888 230
82889 230
82890 135
82891 135
82892 353
82893 245
82894 17
82895 17
82896 17
82897 17
82898 17
82899 17
82900 243
82901 353
82902 17
82903 353
82904 17
82905 17
82906 17
82907 17
82908 17
82909 17
82910 135
82911 135
82912 135
82913 135
82914 137
82915 137
82916 17
82917 17
82918 405
82919 277
82920 405
82921 405
82922 278
82923 277
82924 278
82925 187
82926 187
82927 366
82928 366
82929 29
82930 187
82931 366
82932 29
82933 187
82934 187
82935 15
82936 15
82937 15
82938 15
82939 15
82940 15
82941 356
82942 356
82943 356
82944 302
82945 408
82946 325
82947 365
82948 353
82949 365
82950 335
82951 325
82952 335
82953 353
82954 369
82955 325
82956 369
82957 369
82958 369
82959 334
82960 371
82961 334
82962 334
82963 365
82964 365
82965 373
82966 371
82967 314
82968 354
82969 354
82970 353
82971 354
82972 316
82973 316
82974 314
82975 356
82976 371
82977 371
82978 365
82979 335
82980 325
82981 369
82982 369
82983 369
82984 334
82985 334
82986 335
82987 353
82988 352
82989 353
82990 353
82991 352
82992 352
82993 212
82994 359
82995 344
82996 254
82997 254
82998 397
82999 397
83000 254
83001 344
83002 353
83003 328
83004 351
83005 353
83006 353
83007 351
83008 351
83009 351
83010 351
83011 351
83012 351
83013 383
83014 383
83015 399
83016 383
83017 428
83018 383
83019 399
83020 260
83021 256
83022 256
83023 400
83024 265
83025 266
83026 244
83027 265
83028 251
83029 251
83030 251
83031 244
83032 244
83033 265
83034 251
83035 244
83036 108
83037 135
83038 113
83039 113
83040 135
83041 265
83042 38
83043 265
83044 111
83045 265
83046 38
83047 108
83048 38
83049 108
83050 38
83051 38
83052 38
83053 265
83054 265
83055 135
83056 265
83057 135
83058 113
83059 135
83060 135
83061 57
83062 57
83063 57
83064 57
83065 57
83066 57
83067 105
83068 57
83069 191
83070 240
83071 240
83072 74
83073 10
83074 10
83075 191
83076 241
83077 240
83078 241
83079 255
83080 255
83081 225
83082 280
83083 225
83084 283
83085 283
83086 275
83087 225
83088 315
83089 148
83090 315
83091 335
83092 280
83093 335
83094 148
83095 229
83096 74
83097 362
83098 74
83099 224
83100 363
83101 74
83102 363
83103 74
83104 224
83105 362
83106 229
83107 283
83108 283
83109 283
83110 275
83111 299
83112 275
83113 275
83114 299
83115 299
83116 275
83117 302
83118 302
83119 25
83120 25
83121 25
83122 133
83123 133
83124 133
83125 133
83126 165
83127 168
83128 114
83129 372
83130 372
83131 179
83132 194
83133 114
83134 134
83135 162
83136 162
83137 162
83138 263
83139 372
83140 254
83141 254
83142 179
83143 179
83144 194
83145 415
83146 382
83147 219
83148 415
83149 219
83150 219
83151 239
83152 239
83153 239
83154 239
83155 239
83156 195
83157 195
83158 191
83159 191
83160 191
83161 128
83162 198
83163 198
83164 198
83165 191
83166 198
83167 195
83168 328
83169 243
83170 394
83171 243
83172 243
83173 243
83174 353
83175 353
83176 328
83177 353
83178 243
83179 243
83180 393
83181 313
83182 318
83183 292
83184 312
83185 206
83186 318
83187 186
83188 292
83189 254
83190 244
83191 312
83192 394
83193 254
83194 186
83195 206
83196 172
83197 186
83198 254
83199 243
83200 243
83201 243
83202 249
83203 243
83204 243
83205 180
83206 180
83207 225
83208 206
83209 225
83210 225
83211 225
83212 180
83213 180
83214 180
83215 132
83216 121
83217 121
83218 132
83219 206
83220 225
83221 252
83222 225
83223 267
83224 252
83225 223
83226 252
83227 237
83228 261
83229 346
83230 261
83231 237
83232 237
83233 305
83234 58
83235 263
83236 58
83237 346
83238 263
83239 335
83240 58
83241 137
83242 137
83243 137
83244 135
83245 137
83246 121
83247 137
83248 135
83249 300
83250 300
83251 300
83252 283
83253 319
83254 283
83255 319
83256 319
83257 283
83258 304
83259 304
83260 300
83261 262
83262 262
83263 419
83264 421
83265 419
83266 421
83267 366
83268 366
83269 353
83270 366
83271 394
83272 420
83273 419
83274 394
83275 420
83276 419
83277 343
83278 340
83279 343
83280 363
83281 340
83282 363
83283 343
83284 421
83285 394
83286 421
83287 343
83288 343
83289 427
83290 216
83291 286
83292 425
83293 423
83294 423
83295 419
83296 286
83297 427
83298 286
83299 423
83300 221
83301 414
83302 425
83303 221
83304 315
83305 343
83306 366
83307 343
83308 363
83309 366
83310 365
83311 343
83312 363
83313 365
83314 343
83315 343
83316 343
83317 366
83318 368
83319 355
83320 355
83321 355
83322 355
83323 353
83324 365
83325 365
83326 250
83327 217
83328 263
83329 250
83330 250
83331 250
83332 217
83333 223
83334 345
83335 134
83336 345
83337 223
83338 384
83339 134
83340 9
83341 9
83342 9
83343 165
83344 9
83345 165
83346 398
83347 398
83348 398
83349 165
83350 9
83351 9
83352 186
83353 309
83354 361
83355 286
83356 291
83357 227
83358 361
83359 333
83360 309
83361 302
83362 302
83363 226
83364 18
83365 333
83366 251
83367 309
83368 361
83369 9
83370 251
83371 293
83372 302
83373 227
83374 226
83375 286
83376 251
83377 311
83378 262
83379 219
83380 310
83381 247
83382 310
83383 369
83384 247
83385 219
83386 310
83387 321
83388 311
83389 321
83390 308
83391 264
83392 259
83393 259
83394 308
83395 310
83396 310
83397 310
83398 310
83399 310
83400 310
83401 429
83402 282
83403 282
83404 247
83405 247
83406 247
83407 282
83408 282
83409 282
83410 294
83411 294
83412 247
83413 282
83414 429
83415 310
83416 310
83417 310
83418 310
83419 310
83420 369
83421 369
83422 247
83423 247
83424 310
83425 301
83426 284
83427 284
83428 301
83429 301
83430 284
83431 284
83432 284
83433 284
83434 284
83435 284
83436 301
83437 260
83438 260
83439 338
83440 52
83441 394
83442 393
83443 398
83444 394
83445 394
83446 44
83447 394
83448 44
83449 393
83450 393
83451 398
83452 178
83453 402
83454 402
83455 178
83456 178
83457 402
83458 178
83459 178
83460 23
83461 178
83462 123
83463 174
83464 25
83465 65
83466 204
83467 25
83468 174
83469 178
83470 134
83471 65
83472 123
83473 25
83474 25
83475 178
83476 178
83477 14
83478 204
83479 204
83480 178
83481 134
83482 23
83483 14
83484 134
83485 174
83486 344
83487 402
83488 344
83489 404
83490 404
83491 402
83492 344
83493 344
83494 203
83495 178
83496 203
83497 178
83498 179
83499 65
83500 174
83501 174
83502 65
83503 174
83504 178
83505 65
83506 65
83507 178
83508 178
83509 178
83510 204
83511 204
83512 178
83513 152
83514 178
83515 152
83516 182
83517 126
83518 117
83519 136
83520 126
83521 167
83522 169
83523 126
83524 167
83525 127
83526 169
83527 126
83528 126
83529 127
83530 191
83531 117
83532 117
83533 127
83534 127
83535 191
83536 136
83537 126
83538 127
83539 126
83540 132
83541 126
83542 292
83543 292
83544 292
83545 292
83546 291
83547 292
83548 293
83549 292
83550 292
83551 292
83552 292
83553 292
83554 292
83555 292
83556 292
83557 292
83558 292
83559 292
83560 291
83561 291
83562 292
83563 292
83564 267
83565 330
83566 385
83567 266
83568 267
83569 330
83570 267
83571 415
83572 415
83573 267
83574 267
83575 267
83576 267
83577 267
83578 415
83579 331
83580 330
83581 266
83582 267
83583 415
83584 267
83585 267
83586 267
83587 385
83588 414
83589 414
83590 385
83591 229
83592 273
83593 272
83594 273
83595 272
83596 273
83597 411
83598 380
83599 411
83600 380
83601 309
83602 380
83603 380
83604 384
83605 411
83606 411
83607 2
83608 6
83609 40
83610 33
83611 314
83612 8
83613 314
83614 2
83615 311
83616 311
83617 314
83618 222
83619 6
83620 222
83621 222
83622 262
83623 267
83624 262
83625 222
83626 6
83627 262
83628 33
83629 291
83630 291
83631 291
83632 291
83633 288
83634 202
83635 122
83636 122
83637 124
83638 124
83639 133
83640 133
83641 182
83642 181
83643 134
83644 164
83645 133
83646 193
83647 164
83648 122
83649 128
83650 130
83651 128
83652 383
83653 383
83654 383
83655 383
83656 362
83657 362
83658 383
83659 412
83660 145
83661 193
83662 193
83663 164
83664 164
83665 270
83666 277
83667 277
83668 277
83669 360
83670 270
83671 360
83672 277
83673 277
83674 360
83675 360
83676 270
83677 277
83678 360
83679 277
83680 277
83681 277
83682 270
83683 360
83684 277
83685 277
83686 360
83687 270
83688 277
83689 277
83690 277
83691 360
83692 277
83693 277
83694 277
83695 277
83696 277
83697 277
83698 277
83699 277
83700 117
83701 117
83702 171
83703 221
83704 167
83705 115
83706 117
83707 180
83708 171
83709 221
83710 180
83711 221
83712 221
83713 117
83714 171
83715 115
83716 167
83717 115
83718 167
83719 117
83720 115
83721 4
83722 180
83723 180
83724 52
83725 4
83726 4
83727 115
83728 217
83729 217
83730 216
83731 216
83732 217
83733 216
83734 164
83735 179
83736 179
83737 410
83738 164
83739 230
83740 170
83741 175
83742 164
83743 179
83744 179
83745 179
83746 179
83747 114
83748 110
83749 179
83750 112
83751 125
83752 179
83753 114
83754 110
83755 132
83756 132
83757 166
83758 113
83759 179
83760 110
83761 125
83762 166
83763 166
83764 114
83765 231
83766 371
83767 374
83768 372
83769 231
83770 366
83771 371
83772 219
83773 372
83774 349
83775 371
83776 372
83777 349
83778 342
83779 371
83780 349
83781 371
83782 371
83783 369
83784 231
83785 369
83786 371
83787 371
83788 371
83789 371
83790 371
83791 371
83792 371
83793 371
83794 371
83795 375
83796 229
83797 372
83798 362
83799 375
83800 229
83801 353
83802 372
83803 362
83804 352
83805 353
83806 229
83807 303
83808 238
83809 231
83810 303
83811 238
83812 231
83813 366
83814 309
83815 371
83816 371
83817 369
83818 369
83819 371
83820 371
83821 371
83822 371
83823 219
83824 372
83825 349
83826 349
83827 371
83828 371
83829 371
83830 372
83831 371
83832 10
83833 10
83834 10
83835 10
83836 344
83837 344
83838 344
83839 344
83840 344
83841 344
83842 227
83843 225
83844 227
83845 344
83846 227
83847 344
83848 9
83849 9
83850 374
83851 374
83852 374
83853 335
83854 331
83855 336
83856 305
83857 264
83858 335
83859 281
83860 264
83861 264
83862 264
83863 259
83864 264
83865 335
83866 252
83867 259
83868 331
83869 325
83870 325
83871 325
83872 336
83873 305
83874 305
83875 210
83876 210
83877 210
83878 210
83879 210
83880 210
83881 418
83882 418
83883 418
83884 418
83885 418
83886 418
83887 413
83888 418
83889 365
83890 365
83891 409
83892 365
83893 365
83894 365
83895 365
83896 365
83897 377
83898 409
83899 409
83900 409
83901 365
83902 365
83903 188
83904 188
83905 291
83906 351
83907 351
83908 291
83909 225
83910 242
83911 291
83912 291
83913 291
83914 291
83915 291
83916 291
83917 351
83918 351
83919 53
83920 351
83921 53
83922 351
83923 291
83924 291
83925 291
83926 291
83927 291
83928 291
83929 218
83930 341
83931 225
83932 216
83933 341
83934 216
83935 225
83936 240
83937 240
83938 242
83939 334
83940 340
83941 334
83942 340
83943 340
83944 295
83945 333
83946 295
83947 327
83948 307
83949 326
83950 327
83951 327
83952 307
83953 334
83954 326
83955 326
83956 327
83957 270
83958 295
83959 334
83960 360
83961 341
83962 340
83963 360
83964 341
83965 360
83966 360
83967 341
83968 340
83969 6
83970 6
83971 6
83972 109
83973 155
83974 155
83975 108
83976 157
83977 108
83978 109
83979 114
83980 114
83981 155
83982 155
83983 155
83984 108
83985 110
83986 108
83987 108
83988 139
83989 139
83990 157
83991 140
83992 139
83993 110
83994 108
83995 109
83996 109
83997 144
83998 147
83999 156
84000 147
84001 157
84002 156
84003 144
84004 147
84005 129
84006 146
84007 191
84008 124
84009 124
84010 156
84011 186
84012 191
84013 120
84014 124
84015 137
84016 190
84017 137
84018 137
84019 191
84020 120
84021 120
84022 178
84023 156
84024 154
84025 108
84026 190
84027 154
84028 154
84029 154
84030 137
84031 108
84032 186
84033 191
84034 268
84035 203
84036 207
84037 147
84038 156
84039 207
84040 147
84041 203
84042 207
84043 150
84044 207
84045 147
84046 156
84047 150
84048 150
84049 147
84050 147
84051 268
84052 157
84053 157
84054 173
84055 156
84056 173
84057 154
84058 154
84059 173
84060 33
84061 27
84062 33
84063 33
84064 33
84065 27
84066 33
84067 33
84068 139
84069 139
84070 139
84071 221
84072 254
84073 255
84074 221
84075 255
84076 414
84077 254
84078 394
84079 254
84080 254
84081 221
84082 254
84083 254
84084 254
84085 254
84086 254
84087 254
84088 254
84089 254
84090 255
84091 255
84092 243
84093 349
84094 254
84095 228
84096 319
84097 221
84098 254
84099 319
84100 338
84101 319
84102 221
84103 349
84104 255
84105 255
84106 255
84107 255
84108 408
84109 414
84110 408
84111 254
84112 254
84113 254
84114 254
84115 422
84116 16
84117 197
84118 16
84119 420
84120 420
84121 420
84122 422
84123 16
84124 16
84125 197
84126 197
84127 18
84128 18
84129 16
84130 18
84131 16
84132 177
84133 297
84134 234
84135 187
84136 177
84137 177
84138 304
84139 304
84140 351
84141 415
84142 328
84143 387
84144 297
84145 351
84146 328
84147 328
84148 351
84149 387
84150 359
84151 359
84152 387
84153 415
84154 304
84155 328
84156 387
84157 351
84158 351
84159 293
84160 227
84161 234
84162 234
84163 372
84164 227
84165 351
84166 372
84167 293
84168 291
84169 291
84170 305
84171 291
84172 296
84173 399
84174 384
84175 384
84176 399
84177 379
84178 379
84179 291
84180 399
84181 384
84182 291
84183 291
84184 291
84185 291
84186 305
84187 54
84188 263
84189 263
84190 54
84191 263
84192 263
84193 68
84194 68
84195 68
84196 68
84197 54
84198 54
84199 54
84200 263
84201 228
84202 264
84203 228
84204 264
84205 264
84206 228
84207 228
84208 246
84209 246
84210 261
84211 317
84212 317
84213 317
84214 246
84215 261
84216 261
84217 48
84218 248
84219 317
84220 261
84221 42
84222 42
84223 261
84224 54
84225 54
84226 325
84227 278
84228 278
84229 263
84230 232
84231 341
84232 341
84233 229
84234 229
84235 325
84236 246
84237 263
84238 261
84239 263
84240 261
84241 261
84242 246
84243 261
84244 261
84245 5
84246 5
84247 5
84248 13
84249 13
84250 13
84251 13
84252 13
84253 13
84254 232
84255 349
84256 349
84257 349
84258 232
84259 239
84260 221
84261 87
84262 232
84263 232
84264 232
84265 349
84266 349
84267 349
84268 239
84269 239
84270 376
84271 376
84272 221
84273 87
84274 297
84275 297
84276 297
84277 297
84278 297
84279 297
84280 297
84281 118
84282 158
84283 158
84284 118
84285 118
84286 118
84287 118
84288 118
84289 158
84290 158
84291 245
84292 245
84293 315
84294 291
84295 227
84296 366
84297 227
84298 227
84299 315
84300 366
84301 245
84302 295
84303 295
84304 295
84305 295
84306 189
84307 192
84308 2
84309 2
84310 192
84311 2
84312 189
84313 50
84314 216
84315 228
84316 216
84317 4
84318 2
84319 228
84320 228
84321 399
84322 399
84323 399
84324 399
84325 137
84326 137
84327 206
84328 189
84329 137
84330 180
84331 137
84332 115
84333 181
84334 115
84335 180
84336 115
84337 186
84338 186
84339 115
84340 115
84341 137
84342 189
84343 180
84344 115
84345 180
84346 137
84347 206
84348 115
84349 183
84350 115
84351 137
84352 179
84353 115
84354 137
84355 115
84356 115
84357 179
84358 115
84359 137
84360 115
84361 115
84362 183
84363 137
84364 395
84365 316
84366 394
84367 394
84368 316
84369 316
84370 431
84371 387
84372 336
84373 387
84374 27
84375 389
84376 387
84377 336
84378 211
84379 391
84380 391
84381 48
84382 48
84383 211
84384 48
84385 48
84386 211
84387 391
84388 391
84389 358
84390 365
84391 307
84392 365
84393 356
84394 307
84395 356
84396 283
84397 283
84398 283
84399 307
84400 365
84401 229
84402 229
84403 229
84404 225
84405 225
84406 229
84407 225
84408 48
84409 48
84410 43
84411 43
84412 170
84413 234
84414 234
84415 234
84416 353
84417 101
84418 240
84419 240
84420 58
84421 234
84422 234
84423 6
84424 6
84425 6
84426 6
84427 6
84428 6
84429 6
84430 6
84431 250
84432 250
84433 250
84434 6
84435 237
84436 222
84437 237
84438 56
84439 56
84440 298
84441 271
84442 301
84443 222
84444 237
84445 271
84446 222
84447 56
84448 301
84449 237
84450 298
84451 56
84452 240
84453 252
84454 252
84455 242
84456 252
84457 381
84458 252
84459 252
84460 252
84461 402
84462 402
84463 386
84464 402
84465 386
84466 82
84467 82
84468 82
84469 24
84470 24
84471 261
84472 261
84473 261
84474 263
84475 263
84476 348
84477 261
84478 143
84479 143
84480 143
84481 153
84482 143
84483 154
84484 153
84485 257
84486 257
84487 365
84488 257
84489 396
84490 396
84491 396
84492 396
84493 396
84494 427
84495 385
84496 297
84497 63
84498 44
84499 44
84500 396
84501 63
84502 227
84503 297
84504 227
84505 297
84506 385
84507 385
84508 227
84509 45
84510 50
84511 63
84512 345
84513 345
84514 50
84515 50
84516 50
84517 50
84518 423
84519 384
84520 384
84521 350
84522 350
84523 178
84524 248
84525 248
84526 248
84527 248
84528 248
84529 248
84530 248
84531 248
84532 248
84533 248
84534 254
84535 248
84536 248
84537 261
84538 248
84539 248
84540 248
84541 248
84542 248
84543 379
84544 379
84545 378
84546 379
84547 379
84548 379
84549 378
84550 284
84551 284
84552 365
84553 365
84554 368
84555 368
84556 375
84557 375
84558 375
84559 375
84560 375
84561 375
84562 375
84563 272
84564 272
84565 240
84566 314
84567 272
84568 314
84569 272
84570 413
84571 413
84572 413
84573 346
84574 31
84575 258
84576 258
84577 31
84578 413
84579 413
84580 347
84581 331
84582 347
84583 275
84584 275
84585 275
84586 275
84587 275
84588 275
84589 275
84590 275
84591 275
84592 275
84593 318
84594 284
84595 284
84596 346
84597 318
84598 271
84599 270
84600 346
84601 318
84602 318
84603 275
84604 318
84605 303
84606 252
84607 303
84608 275
84609 247
84610 303
84611 247
84612 275
84613 275
84614 275
84615 275
84616 307
84617 297
84618 297
84619 297
84620 297
84621 297
84622 297
84623 112
84624 112
84625 112
84626 112
84627 112
84628 112
84629 282
84630 281
84631 281
84632 281
84633 334
84634 334
84635 428
84636 428
84637 428
84638 418
84639 428
84640 418
84641 419
84642 354
84643 354
84644 354
84645 354
84646 290
84647 290
84648 232
84649 232
84650 232
84651 261
84652 232
84653 297
84654 232
84655 297
84656 232
84657 276
84658 233
84659 234
84660 234
84661 48
84662 276
84663 234
84664 234
84665 276
84666 50
84667 50
84668 261
84669 261
84670 250
84671 257
84672 263
84673 263
84674 257
84675 380
84676 380
84677 380
84678 260
84679 380
84680 263
84681 91
84682 91
84683 262
84684 256
84685 262
84686 152
84687 169
84688 152
84689 376
84690 121
84691 117
84692 117
84693 199
84694 121
84695 197
84696 117
84697 121
84698 197
84699 121
84700 117
84701 199
84702 197
84703 197
84704 199
84705 137
84706 137
84707 197
84708 193
84709 195
84710 117
84711 199
84712 117
84713 197
84714 197
84715 117
84716 197
84717 197
84718 199
84719 110
84720 113
84721 110
84722 123
84723 110
84724 123
84725 110
84726 123
84727 184
84728 113
84729 184
84730 184
84731 184
84732 130
84733 33
84734 390
84735 230
84736 390
84737 390
84738 230
84739 390
84740 237
84741 230
84742 390
84743 390
84744 390
84745 390
84746 390
84747 390
84748 230
84749 333
84750 333
84751 333
84752 333
84753 389
84754 389
84755 390
84756 390
84757 390
84758 390
84759 390
84760 390
84761 390
84762 237
84763 200
84764 230
84765 200
84766 167
84767 386
84768 167
84769 146
84770 146
84771 146
84772 146
84773 146
84774 146
84775 288
84776 288
84777 339
84778 293
84779 296
84780 329
84781 329
84782 293
84783 296
84784 339
84785 288
84786 288
84787 288
84788 64
84789 42
84790 42
84791 340
84792 64
84793 64
84794 40
84795 162
84796 40
84797 162
84798 162
84799 40
84800 51
84801 42
84802 162
84803 51
84804 40
84805 51
84806 42
84807 340
84808 340
84809 340
84810 347
84811 347
84812 347
84813 347
84814 301
84815 301
84816 301
84817 301
84818 347
84819 425
84820 425
84821 347
84822 347
84823 310
84824 282
84825 280
84826 282
84827 277
84828 310
84829 277
84830 286
84831 280
84832 189
84833 189
84834 146
84835 137
84836 115
84837 137
84838 138
84839 138
84840 146
84841 115
84842 117
84843 117
84844 153
84845 146
84846 144
84847 144
84848 153
84849 191
84850 191
84851 189
84852 191
84853 189
84854 191
84855 361
84856 361
84857 361
84858 361
84859 264
84860 361
84861 361
84862 247
84863 264
84864 247
84865 358
84866 358
84867 360
84868 358
84869 358
84870 358
84871 358
84872 360
84873 360
84874 364
84875 364
84876 364
84877 364
84878 360
84879 333
84880 333
84881 327
84882 327
84883 407
84884 303
84885 407
84886 324
84887 324
84888 407
84889 324
84890 324
84891 13
84892 13
84893 121
84894 142
84895 132
84896 130
84897 132
84898 142
84899 130
84900 121
84901 146
84902 146
84903 139
84904 359
84905 424
84906 424
84907 424
84908 266
84909 353
84910 377
84911 353
84912 353
84913 353
84914 353
84915 353
84916 353
84917 353
84918 353
84919 353
84920 353
84921 353
84922 183
84923 175
84924 183
84925 175
84926 175
84927 197
84928 197
84929 169
84930 197
84931 201
84932 169
84933 201
84934 342
84935 343
84936 343
84937 343
84938 342
84939 102
84940 211
84941 375
84942 102
84943 375
84944 166
84945 9
84946 92
84947 166
84948 166
84949 92
84950 92
84951 166
84952 166
84953 9
84954 8
84955 166
84956 188
84957 188
84958 425
84959 425
84960 48
84961 426
84962 426
84963 426
84964 426
84965 426
84966 423
84967 327
84968 61
84969 75
84970 423
84971 423
84972 423
84973 61
84974 61
84975 75
84976 423
84977 19
84978 138
84979 138
84980 138
84981 138
84982 210
84983 168
84984 210
84985 168
84986 210
84987 138
84988 168
84989 138
84990 168
84991 138
84992 140
84993 138
84994 140
84995 138
84996 138
84997 214
84998 214
84999 290
85000 167
85001 166
85002 206
85003 190
85004 206
85005 190
85006 167
85007 166
85008 166
85009 166
85010 229
85011 229
85012 275
85013 229
85014 313
85015 260
85016 302
85017 302
85018 260
85019 229
85020 301
85021 260
85022 302
85023 316
85024 310
85025 310
85026 316
85027 42
85028 42
85029 310
85030 316
85031 275
85032 302
85033 302
85034 229
85035 229
85036 229
85037 406
85038 229
85039 229
85040 229
85041 229
85042 406
85043 229
85044 230
85045 230
85046 229
85047 229
85048 229
85049 233
85050 213
85051 211
85052 211
85053 213
85054 169
85055 169
85056 169
85057 211
85058 418
85059 375
85060 375
85061 375
85062 83
85063 83
85064 243
85065 243
85066 243
85067 253
85068 253
85069 243
85070 219
85071 224
85072 224
85073 219
85074 219
85075 219
85076 223
85077 248
85078 358
85079 248
85080 248
85081 358
85082 248
85083 358
85084 358
85085 358
85086 358
85087 223
85088 223
85089 254
85090 217
85091 224
85092 254
85093 217
85094 254
85095 217
85096 224
85097 254
85098 288
85099 219
85100 288
85101 282
85102 282
85103 294
85104 282
85105 282
85106 339
85107 269
85108 339
85109 338
85110 339
85111 339
85112 220
85113 269
85114 220
85115 220
85116 269
85117 294
85118 294
85119 325
85120 339
85121 338
85122 338
85123 334
85124 334
85125 120
85126 150
85127 115
85128 115
85129 117
85130 120
85131 121
85132 117
85133 119
85134 132
85135 115
85136 116
85137 116
85138 132
85139 115
85140 115
85141 114
85142 114
85143 193
85144 170
85145 169
85146 170
85147 117
85148 170
85149 117
85150 167
85151 202
85152 167
85153 167
85154 202
85155 167
85156 117
85157 169
85158 169
85159 173
85160 362
85161 355
85162 252
85163 252
85164 251
85165 362
85166 362
85167 362
85168 251
85169 251
85170 355
85171 252
85172 251
85173 252
85174 3
85175 3
85176 3
85177 3
85178 2
85179 2
85180 205
85181 205
85182 82
85183 116
85184 119
85185 119
85186 115
85187 115
85188 119
85189 115
85190 120
85191 125
85192 120
85193 120
85194 110
85195 110
85196 116
85197 120
85198 110
85199 116
85200 120
85201 110
85202 116
85203 109
85204 119
85205 153
85206 114
85207 153
85208 115
85209 158
85210 114
85211 115
85212 118
85213 114
85214 114
85215 114
85216 183
85217 153
85218 119
85219 119
85220 217
85221 217
85222 283
85223 217
85224 26
85225 26
85226 243
85227 26
85228 243
85229 176
85230 218
85231 0
85232 26
85233 218
85234 1
85235 217
85236 1
85237 1
85238 26
85239 0
85240 176
85241 176
85242 243
85243 26
85244 176
85245 26
85246 217
85247 1
85248 217
85249 1
85250 1
85251 176
85252 176
85253 283
85254 384
85255 428
85256 384
85257 365
85258 365
85259 277
85260 360
85261 292
85262 360
85263 365
85264 238
85265 365
85266 277
85267 238
85268 238
85269 242
85270 292
85271 365
85272 384
85273 384
85274 242
85275 360
85276 335
85277 411
85278 411
85279 407
85280 335
85281 335
85282 380
85283 382
85284 382
85285 411
85286 380
85287 419
85288 407
85289 252
85290 327
85291 144
85292 421
85293 253
85294 407
85295 252
85296 303
85297 243
85298 137
85299 65
85300 103
85301 243
85302 97
85303 372
85304 97
85305 243
85306 303
85307 365
85308 365
85309 421
85310 144
85311 252
85312 303
85313 335
85314 381
85315 381
85316 381
85317 267
85318 278
85319 263
85320 223
85321 263
85322 223
85323 223
85324 216
85325 216
85326 225
85327 256
85328 311
85329 311
85330 311
85331 361
85332 358
85333 256
85334 361
85335 350
85336 311
85337 311
85338 350
85339 311
85340 311
85341 350
85342 311
85343 33
85344 198
85345 198
85346 188
85347 198
85348 76
85349 76
85350 3
85351 3
85352 5
85353 3
85354 130
85355 172
85356 172
85357 139
85358 129
85359 132
85360 172
85361 187
85362 187
85363 177
85364 129
85365 177
85366 187
85367 132
85368 172
85369 139
85370 130
85371 420
85372 420
85373 420
85374 396
85375 396
85376 396
85377 396
85378 235
85379 235
85380 235
85381 196
85382 196
85383 128
85384 196
85385 164
85386 110
85387 164
85388 164
85389 112
85390 112
85391 164
85392 164
85393 110
85394 110
85395 110
85396 183
85397 165
85398 164
85399 165
85400 183
85401 183
85402 206
85403 206
85404 214
85405 93
85406 212
85407 369
85408 93
85409 93
85410 93
85411 369
85412 214
85413 212
85414 369
85415 93
85416 369
85417 214
85418 212
85419 370
85420 369
85421 370
85422 214
85423 214
85424 93
85425 93
85426 369
85427 214
85428 369
85429 369
85430 214
85431 369
85432 168
85433 120
85434 168
85435 23
85436 23
85437 168
85438 168
85439 120
85440 168
85441 132
85442 289
85443 185
85444 132
85445 132
85446 185
85447 185
85448 185
85449 132
85450 289
85451 59
85452 269
85453 269
85454 269
85455 237
85456 269
85457 248
85458 248
85459 269
85460 269
85461 257
85462 257
85463 227
85464 237
85465 227
85466 237
85467 99
85468 91
85469 99
85470 176
85471 56
85472 56
85473 56
85474 343
85475 100
85476 99
85477 99
85478 99
85479 99
85480 298
85481 169
85482 169
85483 1
85484 285
85485 248
85486 24
85487 285
85488 56
85489 56
85490 56
85491 56
85492 1
85493 1
85494 60
85495 285
85496 60
85497 248
85498 24
85499 194
85500 85
85501 85
85502 136
85503 148
85504 148
85505 265
85506 265
85507 265
85508 265
85509 14
85510 265
85511 248
85512 225
85513 225
85514 245
85515 265
85516 251
85517 251
85518 248
85519 265
85520 245
85521 14
85522 117
85523 117
85524 117
85525 117
85526 117
85527 117
85528 116
85529 165
85530 114
85531 180
85532 173
85533 165
85534 173
85535 114
85536 117
85537 117
85538 116
85539 180
85540 114
85541 175
85542 116
85543 185
85544 114
85545 185
85546 173
85547 180
85548 165
85549 114
85550 132
85551 95
85552 124
85553 95
85554 95
85555 124
85556 128
85557 190
85558 124
85559 256
85560 256
85561 58
85562 58
85563 58
85564 124
85565 95
85566 95
85567 82
85568 350
85569 350
85570 350
85571 350
85572 358
85573 389
85574 389
85575 358
85576 350
85577 350
85578 241
85579 241
85580 241
85581 241
85582 121
85583 121
85584 196
85585 121
85586 196
85587 196
85588 136
85589 113
85590 136
85591 113
85592 136
85593 196
85594 136
85595 196
85596 136
85597 121
85598 121
85599 121
85600 186
85601 186
85602 361
85603 361
85604 361
85605 285
85606 361
85607 361
85608 361
85609 285
85610 285
85611 361
85612 361
85613 373
85614 361
85615 373
85616 361
85617 373
85618 285
85619 285
85620 285
85621 13
85622 13
85623 13
85624 12
85625 9
85626 9
85627 1
85628 13
85629 9
85630 9
85631 1
85632 13
85633 115
85634 168
85635 115
85636 115
85637 37
85638 119
85639 127
85640 127
85641 127
85642 127
85643 119
85644 138
85645 138
85646 138
85647 145
85648 145
85649 138
85650 108
85651 108
85652 108
85653 145
85654 145
85655 163
85656 138
85657 111
85658 111
85659 163
85660 108
85661 138
85662 128
85663 128
85664 128
85665 128
85666 115
85667 115
85668 115
85669 126
85670 129
85671 129
85672 129
85673 126
85674 216
85675 249
85676 382
85677 216
85678 249
85679 251
85680 272
85681 272
85682 251
85683 274
85684 216
85685 306
85686 274
85687 251
85688 216
85689 228
85690 229
85691 298
85692 216
85693 298
85694 306
85695 274
85696 228
85697 249
85698 248
85699 248
85700 376
85701 248
85702 392
85703 228
85704 382
85705 228
85706 226
85707 392
85708 252
85709 216
85710 265
85711 216
85712 274
85713 216
85714 274
85715 274
85716 347
85717 352
85718 382
85719 216
85720 382
85721 265
85722 252
85723 216
85724 265
85725 274
85726 347
85727 352
85728 249
85729 263
85730 263
85731 249
85732 41
85733 41
85734 41
85735 41
85736 41
85737 41
85738 41
85739 41
85740 41
85741 41
85742 41
85743 259
85744 242
85745 201
85746 191
85747 195
85748 201
85749 191
85750 193
85751 193
85752 191
85753 201
85754 201
85755 191
85756 191
85757 195
85758 195
85759 195
85760 195
85761 191
85762 193
85763 193
85764 191
85765 157
85766 157
85767 245
85768 255
85769 291
85770 258
85771 310
85772 291
85773 233
85774 245
85775 255
85776 355
85777 261
85778 364
85779 261
85780 355
85781 325
85782 306
85783 306
85784 325
85785 306
85786 291
85787 403
85788 288
85789 350
85790 270
85791 311
85792 271
85793 347
85794 270
85795 288
85796 347
85797 350
85798 350
85799 288
85800 288
85801 288
85802 288
85803 270
85804 311
85805 311
85806 311
85807 311
85808 311
85809 311
85810 271
85811 271
85812 271
85813 270
85814 347
85815 270
85816 276
85817 270
85818 347
85819 347
85820 347
85821 276
85822 276
85823 270
85824 270
85825 270
85826 288
85827 288
85828 347
85829 347
85830 350
85831 122
85832 118
85833 118
85834 149
85835 118
85836 108
85837 118
85838 126
85839 149
85840 110
85841 159
85842 118
85843 108
85844 110
85845 108
85846 126
85847 159
85848 159
85849 149
85850 412
85851 390
85852 263
85853 379
85854 290
85855 290
85856 412
85857 412
85858 390
85859 390
85860 47
85861 73
85862 47
85863 263
85864 47
85865 74
85866 32
85867 74
85868 47
85869 47
85870 32
85871 32
85872 73
85873 32
85874 74
85875 73
85876 47
85877 263
85878 379
85879 379
85880 405
85881 310
85882 408
85883 408
85884 408
85885 408
85886 310
85887 408
85888 405
85889 405
85890 405
85891 405
85892 408
85893 405
85894 405
85895 408
85896 405
85897 310
85898 94
85899 94
85900 254
85901 392
85902 254
85903 248
85904 250
85905 267
85906 267
85907 267
85908 267
85909 392
85910 395
85911 395
85912 395
85913 395
85914 395
85915 395
85916 387
85917 395
85918 395
85919 395
85920 395
85921 395
85922 387
85923 387
85924 395
85925 395
85926 395
85927 395
85928 395
85929 395
85930 428
85931 428
85932 428
85933 428
85934 205
85935 205
85936 205
85937 205
85938 288
85939 374
85940 205
85941 83
85942 288
85943 374
85944 15
85945 15
85946 83
85947 15
85948 96
85949 96
85950 126
85951 126
85952 124
85953 126
85954 187
85955 187
85956 126
85957 370
85958 370
85959 234
85960 390
85961 390
85962 335
85963 360
85964 241
85965 51
85966 233
85967 51
85968 236
85969 236
85970 51
85971 51
85972 360
85973 51
85974 227
85975 236
85976 227
85977 370
85978 236
85979 241
85980 370
85981 234
85982 165
85983 165
85984 164
85985 173
85986 173
85987 165
85988 165
85989 88
85990 66
85991 88
85992 95
85993 88
85994 95
85995 95
85996 66
85997 128
85998 16
85999 128
86000 126
86001 128
86002 284
86003 16
86004 284
86005 128
86006 128
86007 190
86008 187
86009 128
86010 201
86011 190
86012 128
86013 187
86014 116
86015 126
86016 120
86017 116
86018 116
86019 122
86020 120
86021 128
86022 277
86023 277
86024 283
86025 277
86026 424
86027 244
86028 293
86029 331
86030 331
86031 218
86032 218
86033 331
86034 244
86035 277
86036 424
86037 293
86038 424
86039 283
86040 114
86041 114
86042 114
86043 186
86044 183
86045 114
86046 408
86047 408
86048 187
86049 114
86050 317
86051 13
86052 13
86053 13
86054 13
86055 0
86056 0
86057 13
86058 300
86059 307
86060 300
86061 300
86062 300
86063 300
86064 232
86065 305
86066 267
86067 267
86068 264
86069 65
86070 137
86071 220
86072 264
86073 65
86074 220
86075 307
86076 221
86077 232
86078 222
86079 267
86080 222
86081 137
86082 138
86083 267
86084 264
86085 137
86086 300
86087 359
86088 359
86089 218
86090 216
86091 359
86092 218
86093 218
86094 216
86095 242
86096 429
86097 238
86098 429
86099 242
86100 303
86101 238
86102 238
86103 77
86104 77
86105 77
86106 77
86107 77
86108 262
86109 269
86110 269
86111 260
86112 300
86113 300
86114 262
86115 269
86116 269
86117 369
86118 369
86119 66
86120 369
86121 369
86122 369
86123 336
86124 336
86125 66
86126 213
86127 297
86128 297
86129 301
86130 301
86131 301
86132 150
86133 89
86134 159
86135 150
86136 159
86137 150
86138 155
86139 159
86140 148
86141 148
86142 146
86143 146
86144 109
86145 147
86146 147
86147 147
86148 156
86149 109
86150 168
86151 211
86152 169
86153 156
86154 189
86155 148
86156 128
86157 147
86158 128
86159 168
86160 156
86161 147
86162 156
86163 137
86164 147
86165 189
86166 147
86167 147
86168 117
86169 137
86170 109
86171 117
86172 211
86173 147
86174 116
86175 147
86176 146
86177 147
86178 147
86179 140
86180 147
86181 147
86182 147
86183 124
86184 124
86185 124
86186 146
86187 124
86188 324
86189 324
86190 273
86191 324
86192 324
86193 273
86194 273
86195 324
86196 359
86197 324
86198 196
86199 324
86200 324
86201 368
86202 360
86203 199
86204 141
86205 141
86206 141
86207 141
86208 267
86209 267
86210 261
86211 267
86212 340
86213 267
86214 267
86215 267
86216 267
86217 382
86218 261
86219 410
86220 261
86221 382
86222 261
86223 279
86224 383
86225 408
86226 410
86227 279
86228 410
86229 410
86230 410
86231 410
86232 279
86233 408
86234 408
86235 279
86236 408
86237 383
86238 267
86239 392
86240 300
86241 300
86242 392
86243 392
86244 392
86245 392
86246 392
86247 300
86248 298
86249 392
86250 392
86251 392
86252 336
86253 336
86254 336
86255 281
86256 281
86257 281
86258 281
86259 374
86260 165
86261 165
86262 165
86263 165
86264 186
86265 186
86266 186
86267 186
86268 164
86269 186
86270 164
86271 57
86272 3
86273 3
86274 310
86275 309
86276 275
86277 310
86278 321
86279 321
86280 309
86281 244
86282 275
86283 244
86284 431
86285 392
86286 429
86287 395
86288 429
86289 395
86290 49
86291 49
86292 49
86293 49
86294 49
86295 18
86296 49
86297 42
86298 49
86299 121
86300 108
86301 174
86302 153
86303 153
86304 122
86305 124
86306 152
86307 124
86308 122
86309 152
86310 124
86311 121
86312 121
86313 152
86314 157
86315 111
86316 153
86317 153
86318 111
86319 157
86320 111
86321 108
86322 2
86323 153
86324 111
86325 153
86326 153
86327 152
86328 294
86329 111
86330 152
86331 153
86332 219
86333 219
86334 219
86335 378
86336 239
86337 398
86338 239
86339 219
86340 398
86341 400
86342 229
86343 317
86344 317
86345 400
86346 392
86347 378
86348 365
86349 21
86350 21
86351 3
86352 2
86353 227
86354 222
86355 2
86356 271
86357 2
86358 2
86359 2
86360 237
86361 237
86362 227
86363 227
86364 237
86365 2
86366 4
86367 4
86368 271
86369 271
86370 385
86371 385
86372 389
86373 223
86374 282
86375 232
86376 223
86377 282
86378 385
86379 385
86380 56
86381 356
86382 56
86383 56
86384 356
86385 361
86386 219
86387 219
86388 56
86389 173
86390 75
86391 75
86392 75
86393 75
86394 75
86395 391
86396 391
86397 391
86398 391
86399 391
86400 391
86401 100
86402 100
86403 71
86404 71
86405 24
86406 85
86407 85
86408 85
86409 85
86410 85
86411 85
86412 85
86413 85
86414 85
86415 85
86416 85
86417 85
86418 85
86419 403
86420 85
86421 85
86422 85
86423 85
86424 403
86425 85
86426 85
86427 85
86428 85
86429 85
86430 91
86431 362
86432 362
86433 84
86434 91
86435 363
86436 91
86437 363
86438 292
86439 292
86440 91
86441 364
86442 364
86443 364
86444 240
86445 239
86446 239
86447 242
86448 239
86449 237
86450 239
86451 237
86452 240
86453 240
86454 46
86455 281
86456 240
86457 45
86458 239
86459 239
86460 216
86461 304
86462 264
86463 237
86464 264
86465 216
86466 304
86467 264
86468 237
86469 237
86470 231
86471 231
86472 231
86473 264
86474 216
86475 200
86476 67
86477 355
86478 326
86479 250
86480 208
86481 237
86482 264
86483 355
86484 266
86485 355
86486 264
86487 237
86488 250
86489 231
86490 200
86491 231
86492 231
86493 237
86494 337
86495 337
86496 295
86497 89
86498 295
86499 100
86500 352
86501 89
86502 337
86503 337
86504 337
86505 337
86506 295
86507 295
86508 106
86509 295
86510 89
86511 295
86512 270
86513 270
86514 270
86515 294
86516 295
86517 294
86518 100
86519 40
86520 40
86521 89
86522 122
86523 125
86524 122
86525 122
86526 129
86527 122
86528 129
86529 129
86530 137
86531 137
86532 125
86533 304
86534 294
86535 294
86536 294
86537 295
86538 294
86539 294
86540 304
86541 304
86542 327
86543 274
86544 327
86545 324
86546 304
86547 294
86548 169
86549 304
86550 407
86551 321
86552 274
86553 319
86554 274
86555 274
86556 328
86557 324
86558 169
86559 274
86560 387
86561 407
86562 324
86563 328
86564 324
86565 295
86566 290
86567 328
86568 328
86569 275
86570 344
86571 295
86572 295
86573 344
86574 290
86575 344
86576 315
86577 289
86578 315
86579 101
86580 225
86581 290
86582 225
86583 290
86584 225
86585 289
86586 101
86587 290
86588 226
86589 229
86590 224
86591 319
86592 229
86593 319
86594 378
86595 378
86596 378
86597 378
86598 233
86599 233
86600 264
86601 264
86602 246
86603 264
86604 264
86605 4
86606 4
86607 263
86608 249
86609 342
86610 342
86611 381
86612 263
86613 263
86614 249
86615 261
86616 261
86617 248
86618 15
86619 15
86620 248
86621 304
86622 252
86623 395
86624 304
86625 304
86626 395
86627 384
86628 252
86629 384
86630 248
86631 398
86632 263
86633 263
86634 210
86635 34
86636 210
86637 210
86638 0
86639 210
86640 0
86641 0
86642 210
86643 210
86644 34
86645 34
86646 0
86647 0
86648 210
86649 214
86650 214
86651 214
86652 214
86653 108
86654 62
86655 62
86656 396
86657 396
86658 396
86659 357
86660 357
86661 357
86662 357
86663 357
86664 355
86665 357
86666 350
86667 137
86668 137
86669 17
86670 137
86671 17
86672 167
86673 137
86674 167
86675 17
86676 271
86677 270
86678 69
86679 68
86680 270
86681 271
86682 68
86683 271
86684 271
86685 276
86686 273
86687 290
86688 290
86689 243
86690 280
86691 243
86692 286
86693 243
86694 280
86695 379
86696 267
86697 267
86698 270
86699 286
86700 243
86701 87
86702 267
86703 379
86704 280
86705 295
86706 87
86707 270
86708 379
86709 270
86710 280
86711 295
86712 286
86713 61
86714 37
86715 37
86716 69
86717 69
86718 69
86719 173
86720 75
86721 201
86722 68
86723 68
86724 173
86725 201
86726 173
86727 243
86728 286
86729 243
86730 270
86731 286
86732 243
86733 243
86734 270
86735 270
86736 294
86737 271
86738 271
86739 271
86740 68
86741 325
86742 366
86743 366
86744 327
86745 325
86746 374
86747 276
86748 374
86749 374
86750 276
86751 366
86752 366
86753 330
86754 330
86755 366
86756 375
86757 330
86758 330
86759 330
86760 375
86761 372
86762 327
86763 377
86764 330
86765 189
86766 304
86767 189
86768 176
86769 189
86770 176
86771 37
86772 41
86773 37
86774 37
86775 41
86776 331
86777 421
86778 421
86779 421
86780 366
86781 366
86782 273
86783 272
86784 273
86785 272
86786 271
86787 313
86788 271
86789 276
86790 272
86791 24
86792 24
86793 24
86794 302
86795 302
86796 423
86797 423
86798 302
86799 24
86800 24
86801 24
86802 171
86803 22
86804 24
86805 22
86806 21
86807 21
86808 276
86809 276
86810 56
86811 276
86812 276
86813 68
86814 276
86815 276
86816 276
86817 68
86818 56
86819 276
86820 276
86821 276
86822 288
86823 346
86824 335
86825 348
86826 288
86827 346
86828 426
86829 176
86830 176
86831 426
86832 237
86833 237
86834 208
86835 205
86836 412
86837 412
86838 412
86839 412
86840 412
86841 412
86842 81
86843 189
86844 81
86845 81
86846 81
86847 81
86848 81
86849 81
86850 81
86851 81
86852 119
86853 189
86854 119
86855 144
86856 119
86857 119
86858 144
86859 119
86860 144
86861 177
86862 170
86863 2
86864 170
86865 2
86866 174
86867 2
86868 177
86869 208
86870 208
86871 189
86872 208
86873 181
86874 228
86875 79
86876 311
86877 227
86878 79
86879 227
86880 311
86881 227
86882 171
86883 54
86884 70
86885 54
86886 401
86887 401
86888 401
86889 401
86890 401
86891 401
86892 401
86893 403
86894 401
86895 403
86896 401
86897 401
86898 403
86899 402
86900 401
86901 402
86902 402
86903 402
86904 401
86905 227
86906 225
86907 83
86908 227
86909 228
86910 228
86911 422
86912 227
86913 228
86914 228
86915 24
86916 24
86917 228
86918 227
86919 422
86920 52
86921 229
86922 52
86923 228
86924 227
86925 422
86926 228
86927 225
86928 83
86929 83
86930 83
86931 228
86932 238
86933 227
86934 228
86935 227
86936 24
86937 24
86938 227
86939 227
86940 238
86941 219
86942 227
86943 219
86944 228
86945 257
86946 318
86947 306
86948 306
86949 254
86950 257
86951 254
86952 284
86953 284
86954 284
86955 394
86956 318
86957 318
86958 306
86959 300
86960 300
86961 300
86962 306
86963 290
86964 270
86965 270
86966 275
86967 340
86968 340
86969 270
86970 270
86971 270
86972 270
86973 270
86974 310
86975 270
86976 270
86977 340
86978 281
86979 338
86980 324
86981 276
86982 270
86983 324
86984 340
86985 270
86986 324
86987 340
86988 338
86989 324
86990 281
86991 270
86992 340
86993 257
86994 270
86995 327
86996 257
86997 325
86998 270
86999 324
87000 324
87001 340
87002 324
87003 270
87004 270
87005 270
87006 147
87007 147
87008 49
87009 50
87010 310
87011 391
87012 391
87013 310
87014 49
87015 391
87016 385
87017 385
87018 221
87019 49
87020 385
87021 49
87022 49
87023 309
87024 309
87025 221
87026 140
87027 147
87028 142
87029 141
87030 141
87031 147
87032 152
87033 142
87034 152
87035 148
87036 148
87037 148
87038 148
87039 402
87040 402
87041 402
87042 402
87043 418
87044 418
87045 418
87046 418
87047 418
87048 418
87049 418
87050 418
87051 418
87052 267
87053 256
87054 253
87055 5
87056 253
87057 1
87058 5
87059 5
87060 269
87061 269
87062 267
87063 92
87064 418
87065 418
87066 418
87067 249
87068 418
87069 355
87070 249
87071 313
87072 312
87073 249
87074 276
87075 276
87076 299
87077 299
87078 276
87079 249
87080 312
87081 355
87082 355
87083 233
87084 360
87085 249
87086 360
87087 355
87088 374
87089 352
87090 372
87091 374
87092 374
87093 374
87094 352
87095 374
87096 352
87097 352
87098 373
87099 90
87100 104
87101 352
87102 372
87103 96
87104 81
87105 372
87106 372
87107 372
87108 352
87109 104
87110 81
87111 374
87112 374
87113 374
87114 374
87115 374
87116 372
87117 374
87118 352
87119 352
87120 98
87121 272
87122 272
87123 272
87124 98
87125 272
87126 98
87127 98
87128 272
87129 294
87130 294
87131 98
87132 409
87133 409
87134 409
87135 409
87136 409
87137 30
87138 409
87139 409
87140 29
87141 409
87142 57
87143 29
87144 26
87145 25
87146 25
87147 25
87148 25
87149 25
87150 104
87151 104
87152 104
87153 104
87154 104
87155 104
87156 281
87157 313
87158 313
87159 281
87160 313
87161 313
87162 242
87163 242
87164 412
87165 412
87166 313
87167 281
87168 341
87169 313
87170 341
87171 344
87172 334
87173 341
87174 313
87175 334
87176 341
87177 344
87178 406
87179 360
87180 349
87181 263
87182 344
87183 262
87184 261
87185 349
87186 257
87187 257
87188 257
87189 349
87190 257
87191 346
87192 346
87193 236
87194 241
87195 259
87196 236
87197 259
87198 241
87199 236
87200 236
87201 263
87202 241
87203 236
87204 248
87205 236
87206 241
87207 236
87208 248
87209 259
87210 344
87211 347
87212 257
87213 257
87214 257
87215 262
87216 346
87217 257
87218 225
87219 261
87220 261
87221 261
87222 261
87223 168
87224 168
87225 168
87226 168
87227 172
87228 168
87229 172
87230 168
87231 174
87232 168
87233 34
87234 363
87235 363
87236 336
87237 363
87238 417
87239 417
87240 196
87241 20
87242 20
87243 132
87244 130
87245 132
87246 162
87247 132
87248 143
87249 124
87250 139
87251 139
87252 124
87253 132
87254 143
87255 130
87256 130
87257 132
87258 163
87259 163
87260 167
87261 362
87262 169
87263 362
87264 117
87265 132
87266 77
87267 386
87268 386
87269 386
87270 386
87271 178
87272 178
87273 65
87274 178
87275 178
87276 371
87277 371
87278 371
87279 371
87280 371
87281 371
87282 370
87283 310
87284 310
87285 369
87286 182
87287 302
87288 182
87289 365
87290 302
87291 369
87292 369
87293 365
87294 302
87295 342
87296 184
87297 64
87298 184
87299 184
87300 183
87301 183
87302 303
87303 303
87304 64
87305 302
87306 64
87307 303
87308 132
87309 132
87310 132
87311 132
87312 132
87313 132
87314 132
87315 1
87316 1
87317 1
87318 1
87319 389
87320 1
87321 1
87322 1
87323 1
87324 1
87325 1
87326 1
87327 1
87328 1
87329 1
87330 1
87331 1
87332 1
87333 34
87334 244
87335 73
87336 34
87337 244
87338 244
87339 75
87340 75
87341 41
87342 35
87343 34
87344 62
87345 62
87346 41
87347 194
87348 35
87349 194
87350 34
87351 41
87352 62
87353 73
87354 327
87355 70
87356 70
87357 73
87358 28
87359 34
87360 35
87361 35
87362 28
87363 296
87364 296
87365 296
87366 255
87367 1
87368 53
87369 255
87370 53
87371 10
87372 175
87373 1
87374 53
87375 53
87376 53
87377 254
87378 53
87379 53
87380 110
87381 155
87382 110
87383 155
87384 161
87385 159
87386 159
87387 159
87388 155
87389 82
87390 83
87391 284
87392 284
87393 279
87394 284
87395 279
87396 284
87397 284
87398 284
87399 284
87400 40
87401 165
87402 40
87403 40
87404 165
87405 130
87406 165
87407 314
87408 314
87409 100
87410 205
87411 100
87412 100
87413 29
87414 185
87415 405
87416 405
87417 405
87418 405
87419 405
87420 374
87421 258
87422 374
87423 374
87424 258
87425 258
87426 269
87427 251
87428 251
87429 251
87430 251
87431 251
87432 251
87433 353
87434 353
87435 248
87436 353
87437 353
87438 353
87439 353
87440 353
87441 353
87442 353
87443 353
87444 353
87445 353
87446 243
87447 246
87448 145
87449 173
87450 142
87451 173
87452 145
87453 178
87454 178
87455 178
87456 164
87457 175
87458 175
87459 175
87460 164
87461 390
87462 390
87463 390
87464 390
87465 391
87466 303
87467 303
87468 279
87469 279
87470 279
87471 279
87472 303
87473 149
87474 146
87475 146
87476 149
87477 149
87478 150
87479 129
87480 136
87481 136
87482 150
87483 111
87484 121
87485 150
87486 129
87487 130
87488 121
87489 130
87490 136
87491 121
87492 111
87493 146
87494 146
87495 146
87496 149
87497 150
87498 150
87499 150
87500 129
87501 129
87502 121
87503 121
87504 423
87505 276
87506 423
87507 260
87508 260
87509 423
87510 425
87511 425
87512 423
87513 260
87514 260
87515 264
87516 279
87517 280
87518 257
87519 324
87520 302
87521 324
87522 276
87523 353
87524 264
87525 257
87526 272
87527 272
87528 324
87529 276
87530 302
87531 324
87532 279
87533 279
87534 280
87535 30
87536 30
87537 419
87538 405
87539 405
87540 416
87541 229
87542 20
87543 310
87544 310
87545 405
87546 405
87547 310
87548 405
87549 310
87550 405
87551 276
87552 308
87553 230
87554 227
87555 334
87556 396
87557 336
87558 416
87559 177
87560 308
87561 336
87562 227
87563 229
87564 277
87565 230
87566 416
87567 396
87568 231
87569 276
87570 308
87571 276
87572 276
87573 177
87574 241
87575 232
87576 241
87577 405
87578 413
87579 241
87580 413
87581 405
87582 241
87583 232
87584 229
87585 19
87586 19
87587 19
87588 16
87589 49
87590 49
87591 51
87592 9
87593 9
87594 51
87595 5
87596 5
87597 4
87598 48
87599 4
87600 49
87601 4
87602 344
87603 344
87604 344
87605 344
87606 325
87607 325
87608 368
87609 368
87610 368
87611 175
87612 175
87613 305
87614 305
87615 140
87616 140
87617 199
87618 305
87619 176
87620 307
87621 307
87622 176
87623 305
87624 223
87625 312
87626 312
87627 312
87628 223
87629 262
87630 304
87631 312
87632 262
87633 319
87634 262
87635 174
87636 260
87637 169
87638 169
87639 201
87640 187
87641 187
87642 179
87643 171
87644 201
87645 187
87646 179
87647 176
87648 128
87649 176
87650 128
87651 176
87652 180
87653 176
87654 180
87655 180
87656 176
87657 253
87658 309
87659 253
87660 309
87661 253
87662 253
87663 371
87664 371
87665 309
87666 371
87667 371
87668 309
87669 253
87670 253
87671 324
87672 400
87673 326
87674 326
87675 324
87676 324
87677 324
87678 400
87679 277
87680 277
87681 277
87682 326
87683 277
87684 326
87685 277
87686 326
87687 373
87688 373
87689 373
87690 373
87691 373
87692 373
87693 373
87694 373
87695 373
87696 373
87697 224
87698 224
87699 373
87700 164
87701 315
87702 245
87703 313
87704 164
87705 42
87706 164
87707 162
87708 164
87709 162
87710 162
87711 162
87712 162
87713 165
87714 165
87715 164
87716 164
87717 165
87718 162
87719 165
87720 165
87721 297
87722 220
87723 173
87724 245
87725 299
87726 173
87727 265
87728 297
87729 185
87730 245
87731 315
87732 173
87733 299
87734 235
87735 245
87736 364
87737 51
87738 235
87739 315
87740 315
87741 243
87742 364
87743 219
87744 29
87745 219
87746 51
87747 235
87748 51
87749 29
87750 51
87751 235
87752 311
87753 167
87754 207
87755 311
87756 207
87757 167
87758 311
87759 167
87760 200
87761 200
87762 191
87763 162
87764 164
87765 162
87766 162
87767 162
87768 162
87769 165
87770 165
87771 164
87772 164
87773 165
87774 165
87775 165
87776 42
87777 51
87778 26
87779 26
87780 42
87781 51
87782 360
87783 249
87784 249
87785 425
87786 249
87787 249
87788 249
87789 255
87790 372
87791 108
87792 249
87793 108
87794 255
87795 249
87796 196
87797 13
87798 170
87799 196
87800 13
87801 196
87802 170
87803 196
87804 196
87805 196
87806 113
87807 170
87808 170
87809 170
87810 113
87811 170
87812 119
87813 119
87814 119
87815 197
87816 192
87817 196
87818 196
87819 197
87820 197
87821 257
87822 257
87823 343
87824 336
87825 249
87826 13
87827 336
87828 343
87829 336
87830 367
87831 13
87832 257
87833 343
87834 336
87835 367
87836 249
87837 196
87838 196
87839 170
87840 170
87841 60
87842 60
87843 60
87844 60
87845 60
87846 60
87847 280
87848 137
87849 137
87850 137
87851 137
87852 137
87853 38
87854 38
87855 38
87856 389
87857 389
87858 391
87859 410
87860 374
87861 391
87862 410
87863 427
87864 389
87865 410
87866 374
87867 391
87868 390
87869 389
87870 389
87871 410
87872 410
87873 380
87874 390
87875 413
87876 390
87877 398
87878 390
87879 390
87880 413
87881 410
87882 409
87883 409
87884 409
87885 390
87886 413
87887 390
87888 398
87889 409
87890 390
87891 413
87892 427
87893 421
87894 421
87895 421
87896 390
87897 409
87898 409
87899 389
87900 390
87901 389
87902 374
87903 374
87904 205
87905 179
87906 208
87907 418
87908 213
87909 213
87910 205
87911 179
87912 180
87913 180
87914 180
87915 208
87916 405
87917 405
87918 411
87919 405
87920 405
87921 14
87922 14
87923 15
87924 14
87925 20
87926 14
87927 403
87928 390
87929 403
87930 410
87931 249
87932 267
87933 249
87934 410
87935 263
87936 390
87937 269
87938 248
87939 248
87940 263
87941 249
87942 248
87943 267
87944 269
87945 263
87946 172
87947 172
87948 172
87949 172
87950 172
87951 172
87952 35
87953 35
87954 279
87955 279
87956 279
87957 297
87958 257
87959 248
87960 248
87961 297
87962 277
87963 257
87964 248
87965 279
87966 248
87967 373
87968 376
87969 72
87970 376
87971 373
87972 373
87973 72
87974 72
87975 376
87976 250
87977 250
87978 271
87979 227
87980 250
87981 250
87982 250
87983 250
87984 250
87985 250
87986 250
87987 271
87988 407
87989 407
87990 227
87991 227
87992 250
87993 415
87994 386
87995 378
87996 415
87997 378
87998 386
87999 378
88000 386
88001 386
88002 378
88003 69
88004 69
88005 69
88006 49
88007 49
88008 388
88009 388
88010 388
88011 388
88012 388
88013 388
88014 388
88015 388
88016 388
88017 388
88018 428
88019 388
88020 388
88021 388
88022 388
88023 388
88024 261
88025 261
88026 261
88027 261
88028 313
88029 313
88030 313
88031 313
88032 313
88033 313
88034 220
88035 313
88036 220
88037 220
88038 313
88039 313
88040 313
88041 313
88042 68
88043 188
88044 68
88045 186
88046 186
88047 186
88048 186
88049 252
88050 254
88051 331
88052 254
88053 332
88054 254
88055 252
88056 252
88057 252
88058 243
88059 254
88060 254
88061 349
88062 243
88063 230
88064 230
88065 331
88066 241
88067 254
88068 270
88069 254
88070 270
88071 270
88072 254
88073 254
88074 389
88075 267
88076 389
88077 255
88078 267
88079 254
88080 389
88081 255
88082 325
88083 325
88084 252
88085 252
88086 183
88087 155
88088 226
88089 226
88090 49
88091 227
88092 226
88093 227
88094 226
88095 49
88096 226
88097 240
88098 237
88099 412
88100 412
88101 413
88102 240
88103 240
88104 240
88105 412
88106 239
88107 240
88108 240
88109 239
88110 217
88111 370
88112 250
88113 227
88114 263
88115 217
88116 370
88117 227
88118 258
88119 258
88120 250
88121 217
88122 51
88123 248
88124 297
88125 248
88126 268
88127 322
88128 17
88129 248
88130 302
88131 322
88132 303
88133 17
88134 27
88135 27
88136 297
88137 248
88138 248
88139 268
88140 303
88141 303
88142 308
88143 226
88144 226
88145 227
88146 226
88147 226
88148 226
88149 267
88150 267
88151 429
88152 1
88153 60
88154 60
88155 60
88156 13
88157 2
88158 13
88159 60
88160 222
88161 60
88162 60
88163 283
88164 421
88165 421
88166 421
88167 421
88168 421
88169 421
88170 421
88171 421
88172 91
88173 419
88174 418
88175 91
88176 419
88177 421
88178 421
88179 421
88180 421
88181 421
88182 421
88183 421
88184 421
88185 421
88186 421
88187 421
88188 421
88189 421
88190 421
88191 421
88192 421
88193 50
88194 50
88195 49
88196 237
88197 237
88198 269
88199 269
88200 237
88201 237
88202 222
88203 228
88204 237
88205 224
88206 228
88207 228
88208 398
88209 269
88210 269
88211 269
88212 427
88213 427
88214 425
88215 425
88216 45
88217 255
88218 255
88219 255
88220 254
88221 255
88222 255
88223 255
88224 255
88225 255
88226 255
88227 255
88228 255
88229 255
88230 254
88231 386
88232 386
88233 386
88234 386
88235 386
88236 386
88237 386
88238 140
88239 150
88240 140
88241 150
88242 123
88243 137
88244 137
88245 176
88246 123
88247 137
88248 123
88249 108
88250 176
88251 108
88252 137
88253 108
88254 140
88255 198
88256 123
88257 199
88258 137
88259 185
88260 176
88261 185
88262 123
88263 140
88264 141
88265 198
88266 137
88267 108
88268 140
88269 137
88270 137
88271 137
88272 176
88273 108
88274 176
88275 137
88276 108
88277 125
88278 165
88279 125
88280 165
88281 137
88282 176
88283 125
88284 152
88285 150
88286 152
88287 137
88288 108
88289 221
88290 30
88291 267
88292 221
88293 27
88294 28
88295 27
88296 28
88297 27
88298 235
88299 154
88300 154
88301 154
88302 154
88303 154
88304 154
88305 154
88306 38
88307 171
88308 398
88309 171
88310 171
88311 267
88312 398
88313 174
88314 267
88315 174
88316 174
88317 34
88318 398
88319 267
88320 34
88321 38
88322 368
88323 368
88324 61
88325 368
88326 320
88327 368
88328 318
88329 64
88330 368
88331 318
88332 368
88333 345
88334 368
88335 368
88336 368
88337 345
88338 63
88339 64
88340 63
88341 64
88342 63
88343 66
88344 337
88345 409
88346 214
88347 335
88348 335
88349 337
88350 416
88351 409
88352 416
88353 124
88354 124
88355 210
88356 210
88357 210
88358 335
88359 334
88360 335
88361 62
88362 223
88363 223
88364 223
88365 220
88366 220
88367 62
88368 67
88369 125
88370 130
88371 125
88372 130
88373 120
88374 125
88375 120
88376 125
88377 125
88378 125
88379 37
88380 125
88381 125
88382 309
88383 309
88384 309
88385 197
88386 202
88387 197
88388 189
88389 197
88390 197
88391 189
88392 197
88393 197
88394 197
88395 197
88396 416
88397 416
88398 416
88399 416
88400 416
88401 416
88402 416
88403 392
88404 131
88405 51
88406 131
88407 131
88408 51
88409 131
88410 131
88411 131
88412 131
88413 131
88414 131
88415 131
88416 251
88417 37
88418 250
88419 318
88420 318
88421 318
88422 318
88423 251
88424 361
88425 57
88426 57
88427 251
88428 318
88429 318
88430 35
88431 37
88432 245
88433 245
88434 245
88435 250
88436 72
88437 261
88438 98
88439 261
88440 72
88441 79
88442 72
88443 79
88444 57
88445 72
88446 57
88447 99
88448 98
88449 98
88450 99
88451 99
88452 261
88453 261
88454 261
88455 261
88456 51
88457 51
88458 72
88459 362
88460 314
88461 231
88462 412
88463 230
88464 306
88465 306
88466 217
88467 241
88468 315
88469 54
88470 54
88471 315
88472 56
88473 56
88474 240
88475 240
88476 314
88477 236
88478 231
88479 49
88480 236
88481 236
88482 49
88483 49
88484 231
88485 236
88486 188
88487 188
88488 188
88489 350
88490 72
88491 72
88492 72
88493 72
88494 209
88495 207
88496 209
88497 209
88498 55
88499 381
88500 209
88501 65
88502 266
88503 384
88504 381
88505 381
88506 393
88507 318
88508 319
88509 396
88510 318
88511 365
88512 266
88513 266
88514 244
88515 266
88516 209
88517 209
88518 209
88519 207
88520 203
88521 203
88522 207
88523 209
88524 209
88525 209
88526 209
88527 55
88528 381
88529 203
88530 203
88531 170
88532 170
88533 170
88534 170
88535 170
88536 237
88537 237
88538 105
88539 311
88540 311
88541 237
88542 237
88543 105
88544 325
88545 369
88546 337
88547 325
88548 369
88549 325
88550 334
88551 370
88552 337
88553 369
88554 325
88555 325
88556 325
88557 325
88558 334
88559 337
88560 337
88561 334
88562 334
88563 333
88564 332
88565 325
88566 325
88567 333
88568 333
88569 369
88570 369
88571 325
88572 325
88573 325
88574 325
88575 334
88576 334
88577 334
88578 334
88579 334
88580 370
88581 370
88582 370
88583 370
88584 263
88585 263
88586 366
88587 263
88588 366
88589 366
88590 365
88591 367
88592 367
88593 330
88594 330
88595 366
88596 330
88597 366
88598 366
88599 367
88600 14
88601 366
88602 14
88603 371
88604 370
88605 333
88606 354
88607 365
88608 354
88609 354
88610 370
88611 370
88612 336
88613 354
88614 336
88615 354
88616 336
88617 370
88618 354
88619 367
88620 354
88621 370
88622 354
88623 336
88624 336
88625 336
88626 399
88627 399
88628 399
88629 403
88630 403
88631 399
88632 403
88633 403
88634 403
88635 281
88636 281
88637 281
88638 278
88639 281
88640 278
88641 144
88642 143
88643 144
88644 144
88645 127
88646 144
88647 144
88648 143
88649 144
88650 144
88651 144
88652 144
88653 307
88654 307
88655 307
88656 418
88657 304
88658 375
88659 272
88660 304
88661 375
88662 375
88663 410
88664 375
88665 375
88666 288
88667 272
88668 288
88669 375
88670 319
88671 291
88672 375
88673 375
88674 288
88675 410
88676 307
88677 319
88678 410
88679 410
88680 418
88681 288
88682 307
88683 134
88684 134
88685 23
88686 175
88687 134
88688 134
88689 23
88690 175
88691 175
88692 250
88693 370
88694 386
88695 375
88696 370
88697 250
88698 370
88699 250
88700 370
88701 250
88702 386
88703 250
88704 386
88705 370
88706 283
88707 283
88708 326
88709 326
88710 176
88711 200
88712 193
88713 176
88714 200
88715 200
88716 200
88717 205
88718 190
88719 190
88720 193
88721 190
88722 193
88723 322
88724 259
88725 322
88726 322
88727 322
88728 248
88729 247
88730 247
88731 247
88732 247
88733 83
88734 83
88735 1
88736 8
88737 83
88738 8
88739 8
88740 8
88741 1
88742 8
88743 83
88744 83
88745 101
88746 101
88747 9
88748 13
88749 13
88750 13
88751 9
88752 390
88753 390
88754 269
88755 337
88756 393
88757 390
88758 400
88759 393
88760 331
88761 331
88762 337
88763 173
88764 171
88765 171
88766 171
88767 260
88768 318
88769 260
88770 249
88771 260
88772 318
88773 318
88774 318
88775 149
88776 149
88777 149
88778 149
88779 149
88780 330
88781 332
88782 330
88783 330
88784 314
88785 311
88786 251
88787 310
88788 253
88789 313
88790 311
88791 313
88792 251
88793 115
88794 251
88795 311
88796 311
88797 311
88798 310
88799 117
88800 117
88801 117
88802 117
88803 358
88804 358
88805 358
88806 389
88807 376
88808 359
88809 376
88810 376
88811 358
88812 358
88813 376
88814 376
88815 358
88816 376
88817 358
88818 352
88819 254
88820 376
88821 358
88822 358
88823 352
88824 254
88825 254
88826 254
88827 358
88828 361
88829 361
88830 263
88831 358
88832 307
88833 263
88834 307
88835 389
88836 389
88837 39
88838 39
88839 39
88840 34
88841 33
88842 39
88843 33
88844 33
88845 364
88846 364
88847 389
88848 389
88849 364
88850 34
88851 389
88852 34
88853 364
88854 55
88855 307
88856 307
88857 55
88858 54
88859 54
88860 59
88861 55
88862 54
88863 55
88864 56
88865 55
88866 55
88867 56
88868 55
88869 307
88870 233
88871 398
88872 231
88873 231
88874 362
88875 362
88876 307
88877 307
88878 307
88879 307
88880 55
88881 55
88882 55
88883 55
88884 231
88885 231
88886 231
88887 231
88888 231
88889 421
88890 408
88891 390
88892 261
88893 408
88894 421
88895 210
88896 260
88897 263
88898 260
88899 260
88900 263
88901 94
88902 94
88903 232
88904 244
88905 232
88906 244
88907 263
88908 234
88909 317
88910 234
88911 317
88912 315
88913 263
88914 330
88915 328
88916 259
88917 257
88918 260
88919 420
88920 330
88921 251
88922 420
88923 328
88924 260
88925 260
88926 246
88927 244
88928 244
88929 263
88930 263
88931 354
88932 253
88933 354
88934 263
88935 373
88936 60
88937 60
88938 60
88939 14
88940 14
88941 14
88942 14
88943 14
88944 14
88945 73
88946 14
88947 73
88948 14
88949 98
88950 98
88951 73
88952 73
88953 14
88954 73
88955 14
88956 347
88957 324
88958 346
88959 400
88960 390
88961 347
88962 390
88963 324
88964 324
88965 308
88966 324
88967 308
88968 346
88969 326
88970 346
88971 326
88972 326
88973 346
88974 25
88975 341
88976 25
88977 341
88978 277
88979 277
88980 298
88981 297
88982 298
88983 298
88984 287
88985 287
88986 287
88987 321
88988 321
88989 321
88990 121
88991 66
88992 66
88993 317
88994 66
88995 317
88996 269
88997 269
88998 6
88999 269
89000 6
89001 66
89002 269
89003 66
89004 66
89005 91
89006 159
89007 97
89008 91
89009 91
89010 91
89011 97
89012 246
89013 246
89014 246
89015 336
89016 246
89017 332
89018 246
89019 275
89020 332
89021 336
89022 336
89023 275
89024 332
89025 246
89026 246
89027 250
89028 250
89029 246
89030 193
89031 73
89032 319
89033 297
89034 319
89035 69
89036 69
89037 69
89038 327
89039 379
89040 378
89041 319
89042 378
89043 314
89044 319
89045 327
89046 379
89047 278
89048 314
89049 297
89050 280
89051 318
89052 318
89053 319
89054 139
89055 139
89056 139
89057 139
89058 157
89059 157
89060 157
89061 139
89062 146
89063 139
89064 139
89065 207
89066 207
89067 208
89068 6
89069 27
89070 27
89071 171
89072 27
89073 27
89074 71
89075 286
89076 286
89077 46
89078 286
89079 45
89080 71
89081 14
89082 14
89083 76
89084 14
89085 46
89086 71
89087 46
89088 71
89089 250
89090 347
89091 362
89092 254
89093 362
89094 362
89095 347
89096 231
89097 351
89098 231
89099 362
89100 362
89101 362
89102 231
89103 259
89104 259
89105 364
89106 225
89107 231
89108 351
89109 225
89110 231
89111 231
89112 256
89113 363
89114 362
89115 305
89116 358
89117 218
89118 362
89119 231
89120 305
89121 305
89122 218
89123 305
89124 231
89125 358
89126 231
89127 256
89128 362
89129 362
89130 362
89131 362
89132 362
89133 362
89134 362
89135 362
89136 362
89137 345
89138 345
89139 345
89140 347
89141 427
89142 427
89143 106
89144 106
89145 106
89146 317
89147 0
89148 22
89149 198
89150 317
89151 198
89152 6
89153 175
89154 15
89155 175
89156 175
89157 15
89158 22
89159 48
89160 48
89161 48
89162 198
89163 391
89164 391
89165 391
89166 391
89167 391
89168 391
89169 391
89170 391
89171 394
89172 394
89173 100
89174 335
89175 285
89176 285
89177 334
89178 300
89179 335
89180 300
89181 335
89182 335
89183 321
89184 318
89185 253
89186 321
89187 321
89188 219
89189 249
89190 219
89191 265
89192 285
89193 265
89194 265
89195 290
89196 321
89197 321
89198 253
89199 285
89200 321
89201 265
89202 321
89203 265
89204 265
89205 321
89206 265
89207 324
89208 334
89209 324
89210 324
89211 275
89212 275
89213 72
89214 275
89215 219
89216 219
89217 216
89218 219
89219 25
89220 219
89221 25
89222 275
89223 24
89224 275
89225 6
89226 6
89227 24
89228 24
89229 238
89230 51
89231 51
89232 238
89233 238
89234 6
89235 275
89236 24
89237 275
89238 72
89239 109
89240 109
89241 123
89242 117
89243 109
89244 123
89245 124
89246 124
89247 124
89248 118
89249 117
89250 118
89251 191
89252 171
89253 110
89254 119
89255 158
89256 156
89257 191
89258 191
89259 171
89260 171
89261 171
89262 156
89263 156
89264 171
89265 156
89266 111
89267 111
89268 110
89269 111
89270 257
89271 223
89272 223
89273 380
89274 223
89275 257
89276 119
89277 257
89278 380
89279 119
89280 380
89281 158
89282 158
89283 158
89284 156
89285 156
89286 156
89287 414
89288 414
89289 147
89290 147
89291 147
89292 147
89293 147
89294 147
89295 237
89296 237
89297 237
89298 100
89299 237
89300 234
89301 237
89302 234
89303 56
89304 56
89305 271
89306 301
89307 237
89308 271
89309 271
89310 56
89311 301
89312 56
89313 100
89314 100
89315 388
89316 349
89317 388
89318 388
89319 349
89320 349
89321 388
89322 349
89323 349
89324 430
89325 430
89326 430
89327 430
89328 247
89329 79
89330 247
89331 341
89332 338
89333 247
89334 259
89335 362
89336 247
89337 259
89338 341
89339 79
89340 79
89341 247
89342 247
89343 247
89344 296
89345 295
89346 254
89347 419
89348 419
89349 419
89350 295
89351 296
89352 296
89353 296
89354 254
89355 419
89356 419
89357 295
89358 183
89359 182
89360 195
89361 45
89362 6
89363 45
89364 193
89365 6
89366 24
89367 183
89368 184
89369 45
89370 24
89371 193
89372 45
89373 140
89374 386
89375 386
89376 386
89377 21
89378 386
89379 351
89380 386
89381 355
89382 337
89383 355
89384 412
89385 412
89386 355
89387 412
89388 412
89389 317
89390 332
89391 331
89392 331
89393 331
89394 344
89395 60
89396 331
89397 309
89398 331
89399 309
89400 331
89401 60
89402 331
89403 309
89404 344
89405 380
89406 331
89407 333
89408 380
89409 380
89410 370
89411 370
89412 363
89413 363
89414 363
89415 369
89416 229
89417 229
89418 370
89419 370
89420 380
89421 200
89422 200
89423 200
89424 185
89425 149
89426 185
89427 152
89428 185
89429 176
89430 149
89431 149
89432 149
89433 185
89434 152
89435 27
89436 329
89437 367
89438 346
89439 303
89440 237
89441 230
89442 329
89443 329
89444 329
89445 233
89446 233
89447 405
89448 405
89449 230
89450 230
89451 346
89452 412
89453 412
89454 405
89455 412
89456 230
89457 294
89458 294
89459 303
89460 303
89461 284
89462 284
89463 258
89464 245
89465 237
89466 284
89467 367
89468 245
89469 370
89470 367
89471 284
89472 253
89473 245
89474 258
89475 230
89476 412
89477 230
89478 230
89479 230
89480 412
89481 412
89482 230
89483 329
89484 234
89485 252
89486 252
89487 396
89488 396
89489 244
89490 252
89491 244
89492 376
89493 244
89494 252
89495 234
89496 225
89497 252
89498 376
89499 225
89500 225
89501 376
89502 362
89503 356
89504 362
89505 356
89506 252
89507 252
89508 303
89509 252
89510 235
89511 238
89512 303
89513 14
89514 303
89515 247
89516 303
89517 326
89518 362
89519 362
89520 238
89521 26
89522 248
89523 235
89524 238
89525 303
89526 326
89527 247
89528 14
89529 26
89530 252
89531 247
89532 303
89533 372
89534 326
89535 372
89536 14
89537 299
89538 221
89539 272
89540 252
89541 345
89542 221
89543 299
89544 272
89545 272
89546 345
89547 256
89548 345
89549 345
89550 252
89551 272
89552 252
89553 375
89554 375
89555 375
89556 374
89557 374
89558 375
89559 375
89560 375
89561 203
89562 375
89563 330
89564 330
89565 330
89566 375
89567 398
89568 398
89569 330
89570 292
89571 292
89572 292
89573 292
89574 78
89575 78
89576 80
89577 80
89578 80
89579 80
89580 295
89581 295
89582 167
89583 167
89584 167
89585 166
89586 168
89587 188
89588 188
89589 167
89590 166
89591 311
89592 165
89593 311
89594 165
89595 311
89596 311
89597 317
89598 110
89599 113
89600 165
89601 110
89602 174
89603 174
89604 110
89605 165
89606 89
89607 89
89608 89
89609 89
89610 117
89611 117
89612 89
89613 154
89614 154
89615 89
89616 89
89617 148
89618 148
89619 95
89620 95
89621 95
89622 158
89623 93
89624 93
89625 104
89626 304
89627 306
89628 277
89629 294
89630 365
89631 324
89632 304
89633 294
89634 169
89635 365
89636 321
89637 324
89638 274
89639 274
89640 277
89641 169
89642 274
89643 324
89644 365
89645 324
89646 365
89647 324
89648 361
89649 355
89650 306
89651 355
89652 361
89653 143
89654 142
89655 120
89656 150
89657 151
89658 120
89659 130
89660 143
89661 143
89662 143
89663 151
89664 151
89665 130
89666 151
89667 120
89668 142
89669 142
89670 419
89671 185
89672 185
89673 180
89674 180
89675 180
89676 186
89677 185
89678 407
89679 261
89680 261
89681 407
89682 258
89683 258
89684 258
89685 267
89686 267
89687 258
89688 147
89689 148
89690 147
89691 147
89692 147
89693 216
89694 216
89695 216
89696 342
89697 216
89698 259
89699 259
89700 342
89701 232
89702 96
89703 42
89704 101
89705 42
89706 96
89707 42
89708 42
89709 102
89710 185
89711 105
89712 185
89713 185
89714 98
89715 98
89716 185
89717 380
89718 380
89719 380
89720 418
89721 418
89722 418
89723 241
89724 414
89725 356
89726 241
89727 398
89728 398
89729 356
89730 414
89731 356
89732 241
89733 128
89734 263
89735 263
89736 347
89737 350
89738 417
89739 148
89740 410
89741 128
89742 298
89743 298
89744 417
89745 347
89746 334
89747 334
89748 267
89749 321
89750 359
89751 418
89752 321
89753 274
89754 274
89755 349
89756 349
89757 349
89758 320
89759 260
89760 274
89761 267
89762 359
89763 359
89764 412
89765 300
89766 412
89767 283
89768 300
89769 369
89770 369
89771 412
89772 369
89773 300
89774 289
89775 289
89776 300
89777 300
89778 327
89779 324
89780 342
89781 329
89782 329
89783 327
89784 328
89785 329
89786 328
89787 324
89788 327
89789 324
89790 324
89791 327
89792 329
89793 328
89794 324
89795 342
89796 338
89797 326
89798 338
89799 328
89800 324
89801 328
89802 277
89803 326
89804 277
89805 277
89806 338
89807 324
89808 328
89809 326
89810 98
89811 98
89812 169
89813 169
89814 169
89815 169
89816 169
89817 327
89818 327
89819 346
89820 327
89821 327
89822 326
89823 326
89824 327
89825 326
89826 326
89827 327
89828 327
89829 373
89830 373
89831 324
89832 373
89833 327
89834 324
89835 373
89836 324
89837 327
89838 373
89839 345
89840 260
89841 346
89842 345
89843 346
89844 345
89845 345
89846 227
89847 345
89848 260
89849 227
89850 260
89851 227
89852 327
89853 327
89854 136
89855 127
89856 129
89857 142
89858 142
89859 136
89860 159
89861 125
89862 127
89863 148
89864 127
89865 125
89866 125
89867 159
89868 159
89869 148
89870 127
89871 145
89872 126
89873 135
89874 108
89875 108
89876 148
89877 129
89878 135
89879 148
89880 135
89881 108
89882 144
89883 108
89884 135
89885 144
89886 144
89887 119
89888 126
89889 108
89890 101
89891 101
89892 428
89893 31
89894 241
89895 236
89896 51
89897 51
89898 236
89899 236
89900 241
89901 236
89902 241
89903 410
89904 410
89905 410
89906 410
89907 276
89908 331
89909 276
89910 276
89911 331
89912 331
89913 331
89914 42
89915 178
89916 281
89917 276
89918 281
89919 331
89920 331
89921 331
89922 331
89923 354
89924 331
89925 354
89926 331
89927 331
89928 331
89929 331
89930 42
89931 178
89932 366
89933 366
89934 365
89935 365
89936 247
89937 408
89938 373
89939 372
89940 408
89941 372
89942 406
89943 405
89944 405
89945 76
89946 213
89947 368
89948 366
89949 368
89950 366
89951 366
89952 310
89953 310
89954 376
89955 368
89956 327
89957 310
89958 274
89959 376
89960 327
89961 310
89962 368
89963 376
89964 227
89965 227
89966 227
89967 227
89968 253
89969 253
89970 303
89971 342
89972 66
89973 343
89974 327
89975 303
89976 327
89977 348
89978 348
89979 303
89980 348
89981 335
89982 335
89983 294
89984 382
89985 382
89986 383
89987 342
89988 383
89989 335
89990 288
89991 382
89992 294
89993 66
89994 184
89995 184
89996 343
89997 348
89998 348
89999 418
